rtcDate,rtcTime,aX,aY,aZ,gX,gY,gZ,dataRdy,output_Hz,
01/01/2000,01:19:31.62,17.45,-51.48,-854.98,140.0,-656.25,-148.75,1,0.0,
01/01/2000,01:19:31.63,18.06,-53.68,-886.57,148.75,-735.0,-245.0,1,100.0,
01/01/2000,01:19:31.64,18.30,-54.53,-905.48,280.0,-752.50,-271.25,1,100.0,
01/01/2000,01:19:31.65,18.67,-55.63,-915.98,61.25,-638.75,-166.25,1,100.0,
01/01/2000,01:19:31.66,18.91,-56.12,-925.49,323.75,-656.25,-218.75,1,100.0,
01/01/2000,01:19:31.67,19.15,-56.36,-933.91,105.0,-700.0,-350.0,1,100.0,
01/01/2000,01:19:31.68,19.40,-56.85,-941.35,297.50,-691.25,-236.25,1,100.0,
01/01/2000,01:19:31.70,19.52,-57.22,-950.87,61.25,-630.0,-166.25,1,100.0,
01/01/2000,01:19:31.71,19.52,-57.71,-955.87,175.0,-595.0,-105.0,1,100.0,
01/01/2000,01:19:31.72,19.64,-58.07,-960.14,183.75,-673.75,-227.50,1,100.0,
01/01/2000,01:19:31.73,19.89,-58.32,-966.00,131.25,-752.50,-341.25,1,100.0,
01/01/2000,01:19:31.74,20.13,-58.56,-969.41,148.75,-691.25,-341.25,1,100.0,
01/01/2000,01:19:31.75,20.01,-58.56,-972.71,8.75,-656.25,-236.25,1,100.0,
01/01/2000,01:19:31.76,20.25,-58.56,-975.27,26.25,-665.0,-332.50,1,100.0,
01/01/2000,01:19:31.77,20.37,-58.93,-978.32,245.0,-700.0,-280.0,1,100.0,
01/01/2000,01:19:31.78,20.25,-59.05,-980.03,236.25,-752.50,-297.50,1,100.0,
01/01/2000,01:19:31.79,20.25,-59.29,-981.73,218.75,-682.50,-236.25,1,100.0,
01/01/2000,01:19:31.80,20.25,-59.17,-983.20,96.25,-787.50,-236.25,1,100.0,
01/01/2000,01:19:31.81,20.25,-59.29,-985.27,218.75,-595.0,-280.0,1,100.0,
01/01/2000,01:19:31.82,20.25,-59.41,-986.49,227.50,-665.0,-166.25,1,100.0,
01/01/2000,01:19:31.83,20.25,-59.41,-987.22,245.0,-656.25,-227.50,1,100.0,
01/01/2000,01:19:31.84,20.50,-59.54,-987.71,140.0,-691.25,-315.0,1,100.0,
01/01/2000,01:19:31.85,20.50,-59.66,-988.69,192.50,-700.0,-271.25,1,100.0,
01/01/2000,01:19:31.86,20.62,-59.66,-989.42,122.50,-708.75,-271.25,1,100.0,
01/01/2000,01:19:31.87,20.74,-59.78,-990.15,157.50,-612.50,-192.50,1,100.0,
01/01/2000,01:19:31.88,20.74,-59.54,-990.52,87.50,-665.0,-332.50,1,100.0,
01/01/2000,01:19:31.89,20.62,-59.54,-991.01,192.50,-770.0,-288.75,1,100.0,
01/01/2000,01:19:31.90,20.74,-59.66,-991.49,96.25,-708.75,-148.75,1,96.552,
01/01/2000,01:19:31.91,20.74,-59.78,-991.86,140.0,-682.50,-280.0,1,96.667,
01/01/2000,01:19:31.92,20.74,-60.02,-991.98,157.50,-665.0,-350.0,1,96.774,
01/01/2000,01:19:31.93,20.74,-60.02,-992.23,87.50,-770.0,-262.50,1,96.875,
01/01/2000,01:19:31.94,20.74,-59.90,-992.35,131.25,-735.0,-192.50,1,96.970,
01/01/2000,01:19:31.95,20.74,-59.90,-992.35,166.25,-665.0,-166.25,1,97.059,
01/01/2000,01:19:31.96,20.62,-60.02,-992.59,227.50,-770.0,-210.0,1,97.143,
01/01/2000,01:19:31.98,20.50,-60.15,-992.84,157.50,-691.25,-183.75,1,97.222,
01/01/2000,01:19:31.99,20.50,-60.02,-993.08,183.75,-700.0,-262.50,1,97.297,
01/01/2000,01:19:32.00,20.50,-60.02,-993.08,175.0,-682.50,-297.50,1,97.368,
01/01/2000,01:19:32.01,20.62,-60.02,-993.08,201.25,-735.0,-236.25,1,97.436,
01/01/2000,01:19:32.02,20.62,-59.78,-993.08,61.25,-630.0,-245.0,1,97.500,
01/01/2000,01:19:32.03,20.50,-59.90,-993.08,122.50,-752.50,-131.25,1,97.561,
01/01/2000,01:19:32.04,20.50,-59.90,-993.20,52.50,-682.50,-297.50,1,97.619,
01/01/2000,01:19:32.05,20.50,-59.90,-993.20,210.0,-735.0,-253.75,1,97.674,
01/01/2000,01:19:32.06,20.62,-59.78,-993.08,148.75,-595.0,-271.25,1,97.727,
01/01/2000,01:19:32.07,20.62,-59.90,-992.84,148.75,-603.75,-332.50,1,97.778,
01/01/2000,01:19:32.08,20.62,-59.90,-992.96,148.75,-612.50,-236.25,1,97.826,
01/01/2000,01:19:32.09,20.62,-60.02,-993.08,122.50,-700.0,-288.75,1,97.872,
01/01/2000,01:19:32.10,20.50,-59.78,-992.96,157.50,-708.75,-288.75,1,97.917,
01/01/2000,01:19:32.11,20.62,-60.02,-992.84,201.25,-665.0,-210.0,1,96.0,
01/01/2000,01:19:32.12,20.50,-59.78,-992.84,236.25,-595.0,-280.0,1,96.078,
01/01/2000,01:19:32.13,20.62,-59.78,-993.08,61.25,-665.0,-367.50,1,96.154,
01/01/2000,01:19:32.15,20.50,-59.78,-993.45,105.0,-787.50,-201.25,1,96.226,
01/01/2000,01:19:32.16,20.50,-60.02,-993.45,0.0,-630.0,-253.75,1,96.296,
01/01/2000,01:19:32.17,20.50,-59.78,-993.20,113.75,-717.50,-297.50,1,96.364,
01/01/2000,01:19:32.18,20.74,-59.66,-993.20,122.50,-665.0,-236.25,1,96.429,
01/01/2000,01:19:32.19,20.74,-59.78,-993.08,140.0,-612.50,-245.0,1,96.491,
01/01/2000,01:19:32.20,20.50,-60.02,-993.32,35.0,-647.50,-175.0,1,96.552,
01/01/2000,01:19:32.21,20.50,-60.02,-993.20,148.75,-752.50,-315.0,1,96.610,
01/01/2000,01:19:32.22,20.74,-59.54,-993.08,218.75,-770.0,-393.75,1,96.667,
01/01/2000,01:19:32.23,20.74,-59.54,-992.84,227.50,-752.50,-271.25,1,96.721,
01/01/2000,01:19:32.24,20.74,-59.78,-992.84,105.0,-656.25,-122.50,1,96.774,
01/01/2000,01:19:32.25,20.62,-60.02,-992.84,78.75,-595.0,-253.75,1,95.313,
01/01/2000,01:19:32.26,20.62,-60.02,-992.96,140.0,-568.75,-288.75,1,95.385,
01/01/2000,01:19:32.27,20.74,-60.02,-992.96,192.50,-665.0,-341.25,1,95.455,
01/01/2000,01:19:32.28,20.74,-59.78,-992.84,201.25,-700.0,-271.25,1,95.522,
01/01/2000,01:19:32.29,20.86,-59.78,-992.59,166.25,-717.50,-192.50,1,95.588,
01/01/2000,01:19:32.30,20.86,-59.90,-992.84,105.0,-761.25,-87.50,1,95.652,
01/01/2000,01:19:32.31,20.86,-60.02,-992.96,245.0,-708.75,-192.50,1,95.714,
01/01/2000,01:19:32.32,20.98,-59.78,-993.08,113.75,-752.50,-288.75,1,95.775,
01/01/2000,01:19:32.33,21.11,-59.78,-992.84,227.50,-708.75,-315.0,1,95.833,
01/01/2000,01:19:32.34,20.98,-59.66,-992.71,253.75,-595.0,-253.75,1,95.890,
01/01/2000,01:19:32.35,20.74,-59.90,-992.59,227.50,-682.50,-122.50,1,95.946,
01/01/2000,01:19:32.36,20.74,-60.15,-992.59,131.25,-726.25,-201.25,1,96.0,
01/01/2000,01:19:32.37,20.86,-60.27,-992.84,166.25,-665.0,-350.0,1,96.053,
01/01/2000,01:19:32.38,20.98,-60.02,-992.71,122.50,-735.0,-280.0,1,96.104,
01/01/2000,01:19:32.40,20.98,-60.02,-992.35,87.50,-673.75,-148.75,1,96.154,
01/01/2000,01:19:32.41,20.74,-60.02,-992.35,183.75,-647.50,-262.50,1,96.203,
01/01/2000,01:19:32.42,20.74,-60.15,-992.59,323.75,-656.25,-428.75,1,96.250,
01/01/2000,01:19:32.43,20.74,-60.02,-992.84,87.50,-735.0,-297.50,1,96.296,
01/01/2000,01:19:32.44,20.74,-59.90,-992.71,175.0,-656.25,-271.25,1,96.341,
01/01/2000,01:19:32.45,20.74,-59.90,-992.35,105.0,-787.50,-157.50,1,96.386,
01/01/2000,01:19:32.46,20.62,-59.78,-992.23,148.75,-621.25,-297.50,1,95.294,
01/01/2000,01:19:32.47,20.62,-59.78,-992.35,61.25,-682.50,-271.25,1,95.349,
01/01/2000,01:19:32.48,20.74,-59.66,-992.59,175.0,-638.75,-253.75,1,95.402,
01/01/2000,01:19:32.49,20.74,-59.78,-992.47,210.0,-665.0,-236.25,1,95.455,
01/01/2000,01:19:32.50,20.74,-59.78,-992.35,140.0,-682.50,-201.25,1,95.506,
01/01/2000,01:19:32.51,20.74,-59.78,-992.23,192.50,-735.0,-367.50,1,95.556,
01/01/2000,01:19:32.52,20.74,-59.54,-992.47,210.0,-752.50,-315.0,1,95.604,
01/01/2000,01:19:32.54,20.62,-59.78,-992.59,148.75,-682.50,-210.0,1,95.652,
01/01/2000,01:19:32.55,20.50,-59.90,-992.35,52.50,-603.75,-227.50,1,95.699,
01/01/2000,01:19:32.56,20.37,-59.78,-992.23,87.50,-691.25,-350.0,1,95.745,
01/01/2000,01:19:32.57,20.50,-59.54,-992.35,236.25,-787.50,-411.25,1,95.789,
01/01/2000,01:19:32.58,20.86,-59.54,-992.59,192.50,-735.0,-218.75,1,95.833,
01/01/2000,01:19:32.59,20.74,-59.78,-992.84,315.0,-673.75,-148.75,1,95.876,
01/01/2000,01:19:32.60,20.25,-60.27,-992.35,218.75,-612.50,-183.75,1,95.918,
01/01/2000,01:19:32.61,20.25,-59.90,-992.10,157.50,-682.50,-490.0,1,95.960,
01/01/2000,01:19:32.62,20.62,-59.66,-992.59,96.25,-778.75,-341.25,1,96.0,
01/01/2000,01:19:32.63,20.74,-59.54,-992.96,0.0,-656.25,-113.75,1,96.040,
01/01/2000,01:19:32.64,20.50,-59.90,-992.84,70.0,-761.25,-105.0,1,96.078,
01/01/2000,01:19:32.65,20.25,-60.02,-992.47,210.0,-682.50,-271.25,1,95.192,
01/01/2000,01:19:32.67,20.62,-59.90,-992.47,192.50,-726.25,-446.25,1,95.238,
01/01/2000,01:19:32.68,20.98,-59.66,-992.59,87.50,-647.50,-131.25,1,95.283,
01/01/2000,01:19:32.69,20.98,-59.78,-992.47,140.0,-673.75,-26.25,1,95.327,
01/01/2000,01:19:32.70,20.37,-60.02,-992.35,227.50,-673.75,-131.25,1,95.370,
01/01/2000,01:19:32.71,20.37,-60.02,-992.47,192.50,-700.0,-297.50,1,95.413,
01/01/2000,01:19:32.72,20.62,-59.78,-992.59,262.50,-665.0,-516.25,1,95.455,
01/01/2000,01:19:32.73,20.74,-59.54,-992.59,35.0,-726.25,-236.25,1,95.495,
01/01/2000,01:19:32.74,20.50,-59.66,-992.35,105.0,-708.75,-113.75,1,95.536,
01/01/2000,01:19:32.75,20.50,-59.78,-992.35,166.25,-726.25,-131.25,1,95.575,
01/01/2000,01:19:32.76,20.50,-60.02,-992.47,253.75,-638.75,-376.25,1,95.614,
01/01/2000,01:19:32.77,20.74,-59.66,-992.84,166.25,-560.0,-288.75,1,95.652,
01/01/2000,01:19:32.78,20.74,-59.54,-992.84,96.25,-778.75,-306.25,1,95.690,
01/01/2000,01:19:32.79,20.62,-59.54,-992.71,192.50,-691.25,-271.25,1,95.726,
01/01/2000,01:19:32.80,20.50,-59.54,-992.47,253.75,-603.75,-148.75,1,95.763,
01/01/2000,01:19:32.81,20.74,-59.78,-992.59,140.0,-673.75,-280.0,1,95.0,
01/01/2000,01:19:32.82,20.74,-59.78,-992.96,122.50,-638.75,-393.75,1,95.041,
01/01/2000,01:19:32.83,20.62,-59.66,-992.84,210.0,-708.75,-218.75,1,95.082,
01/01/2000,01:19:32.84,20.37,-59.54,-992.59,245.0,-621.25,-131.25,1,95.122,
01/01/2000,01:19:32.85,20.25,-59.54,-992.35,131.25,-761.25,-175.0,1,95.161,
01/01/2000,01:19:32.86,20.25,-59.54,-992.35,166.25,-743.75,-271.25,1,95.200,
01/01/2000,01:19:32.87,20.37,-59.66,-992.59,183.75,-743.75,-332.50,1,95.238,
01/01/2000,01:19:32.89,20.62,-59.78,-992.71,166.25,-630.0,-122.50,1,95.276,
01/01/2000,01:19:32.90,20.50,-59.78,-992.47,210.0,-577.50,-201.25,1,95.313,
01/01/2000,01:19:32.91,20.37,-59.66,-992.23,131.25,-630.0,-262.50,1,95.349,
01/01/2000,01:19:32.92,20.50,-59.78,-992.35,105.0,-735.0,-288.75,1,95.385,
01/01/2000,01:19:32.93,20.74,-59.78,-992.59,236.25,-638.75,-358.75,1,95.420,
01/01/2000,01:19:32.94,20.74,-59.90,-992.59,131.25,-621.25,-262.50,1,95.455,
01/01/2000,01:19:32.95,20.50,-60.02,-992.35,210.0,-673.75,-192.50,1,95.489,
01/01/2000,01:19:32.96,20.37,-60.15,-992.10,175.0,-752.50,-201.25,1,95.522,
01/01/2000,01:19:32.97,20.25,-60.02,-991.86,140.0,-647.50,-323.75,1,95.556,
01/01/2000,01:19:32.98,20.50,-59.90,-991.98,183.75,-542.50,-280.0,1,95.588,
01/01/2000,01:19:32.99,20.50,-59.54,-992.10,183.75,-621.25,-148.75,1,95.620,
01/01/2000,01:19:33.00,20.62,-59.78,-991.98,210.0,-656.25,-201.25,1,95.652,
01/01/2000,01:19:33.01,20.62,-59.78,-991.98,201.25,-682.50,-262.50,1,95.683,
01/01/2000,01:19:33.02,20.62,-59.90,-992.10,297.50,-708.75,-437.50,1,95.035,
01/01/2000,01:19:33.03,20.74,-59.78,-992.35,253.75,-778.75,-358.75,1,95.070,
01/01/2000,01:19:33.04,20.74,-59.66,-992.35,245.0,-638.75,-210.0,1,95.105,
01/01/2000,01:19:33.05,20.50,-59.54,-992.35,131.25,-708.75,-96.25,1,95.139,
01/01/2000,01:19:33.06,20.25,-59.66,-992.35,227.50,-595.0,-148.75,1,95.172,
01/01/2000,01:19:33.07,20.50,-59.54,-992.47,140.0,-665.0,-306.25,1,95.205,
01/01/2000,01:19:33.08,20.74,-59.54,-992.47,175.0,-638.75,-236.25,1,95.238,
01/01/2000,01:19:33.10,20.50,-59.90,-992.47,105.0,-761.25,-113.75,1,95.270,
01/01/2000,01:19:33.11,20.25,-60.02,-992.35,105.0,-621.25,-297.50,1,95.302,
01/01/2000,01:19:33.12,20.25,-59.78,-992.23,148.75,-708.75,-341.25,1,95.333,
01/01/2000,01:19:33.13,20.50,-59.78,-992.35,262.50,-621.25,-306.25,1,95.364,
01/01/2000,01:19:33.14,20.62,-59.78,-992.47,148.75,-682.50,-210.0,1,95.395,
01/01/2000,01:19:33.15,20.62,-60.02,-992.47,105.0,-603.75,-271.25,1,95.425,
01/01/2000,01:19:33.17,20.50,-60.02,-992.35,26.25,-673.75,-210.0,1,94.839,
01/01/2000,01:19:33.18,20.74,-59.54,-992.59,157.50,-717.50,-323.75,1,94.872,
01/01/2000,01:19:33.19,20.62,-59.54,-992.71,201.25,-656.25,-280.0,1,94.904,
01/01/2000,01:19:33.20,20.74,-59.78,-992.59,175.0,-656.25,-192.50,1,94.937,
01/01/2000,01:19:33.21,20.50,-60.02,-992.59,218.75,-647.50,-183.75,1,94.969,
01/01/2000,01:19:33.22,20.50,-60.02,-992.71,192.50,-682.50,-210.0,1,95.0,
01/01/2000,01:19:33.23,20.74,-59.90,-992.84,105.0,-612.50,-428.75,1,95.031,
01/01/2000,01:19:33.24,20.86,-59.78,-992.84,140.0,-568.75,-140.0,1,95.062,
01/01/2000,01:19:33.25,20.74,-59.78,-992.71,218.75,-656.25,-131.25,1,95.092,
01/01/2000,01:19:33.26,20.37,-59.90,-992.71,253.75,-717.50,-157.50,1,95.122,
01/01/2000,01:19:33.27,20.62,-59.78,-992.84,131.25,-700.0,-350.0,1,95.152,
01/01/2000,01:19:33.28,20.86,-59.78,-992.84,87.50,-708.75,-367.50,1,95.181,
01/01/2000,01:19:33.29,20.86,-59.90,-992.84,218.75,-630.0,-148.75,1,95.210,
01/01/2000,01:19:33.30,20.50,-59.90,-992.71,131.25,-656.25,-140.0,1,95.238,
01/01/2000,01:19:33.31,20.62,-60.02,-992.59,175.0,-682.50,-192.50,1,95.266,
01/01/2000,01:19:33.32,20.62,-59.78,-992.84,26.25,-638.75,-210.0,1,95.294,
01/01/2000,01:19:33.33,20.50,-59.90,-992.71,175.0,-735.0,-245.0,1,95.322,
01/01/2000,01:19:33.34,20.50,-60.02,-992.59,201.25,-682.50,-227.50,1,95.349,
01/01/2000,01:19:33.35,20.50,-60.15,-992.47,175.0,-708.75,-140.0,1,95.376,
01/01/2000,01:19:33.36,20.50,-60.15,-992.47,113.75,-752.50,-201.25,1,95.402,
01/01/2000,01:19:33.37,20.37,-60.02,-992.71,78.75,-603.75,-358.75,1,95.429,
01/01/2000,01:19:33.39,20.50,-59.90,-992.71,236.25,-621.25,-315.0,1,94.915,
01/01/2000,01:19:33.40,20.50,-59.90,-992.59,26.25,-568.75,-192.50,1,94.944,
01/01/2000,01:19:33.41,20.25,-59.90,-992.59,218.75,-691.25,-122.50,1,94.972,
01/01/2000,01:19:33.42,20.25,-60.02,-992.47,113.75,-621.25,-227.50,1,95.0,
01/01/2000,01:19:33.43,20.50,-60.02,-992.35,280.0,-682.50,-271.25,1,95.028,
01/01/2000,01:19:33.44,20.50,-59.90,-992.47,148.75,-568.75,-140.0,1,95.055,
01/01/2000,01:19:33.45,20.50,-60.02,-992.35,157.50,-603.75,-227.50,1,95.082,
01/01/2000,01:19:33.46,20.37,-60.02,-992.23,218.75,-673.75,-245.0,1,95.109,
01/01/2000,01:19:33.47,20.37,-60.15,-992.23,201.25,-665.0,-218.75,1,95.135,
01/01/2000,01:19:33.48,20.50,-60.02,-992.35,105.0,-673.75,-253.75,1,95.161,
01/01/2000,01:19:33.49,20.50,-60.02,-992.59,131.25,-770.0,-210.0,1,95.187,
01/01/2000,01:19:33.50,20.50,-59.78,-992.59,87.50,-630.0,-210.0,1,95.213,
01/01/2000,01:19:33.51,20.50,-59.90,-992.47,280.0,-700.0,-96.25,1,95.238,
01/01/2000,01:19:33.52,20.37,-59.90,-992.47,175.0,-647.50,-140.0,1,94.764,
01/01/2000,01:19:33.53,20.74,-59.78,-992.59,306.25,-647.50,-306.25,1,94.792,
01/01/2000,01:19:33.54,20.62,-59.90,-992.59,280.0,-665.0,-306.25,1,94.819,
01/01/2000,01:19:33.55,20.74,-59.66,-992.71,113.75,-726.25,-192.50,1,94.845,
01/01/2000,01:19:33.56,20.50,-59.66,-992.71,271.25,-700.0,-245.0,1,94.872,
01/01/2000,01:19:33.57,20.50,-59.54,-992.59,-35.0,-673.75,-166.25,1,94.898,
01/01/2000,01:19:33.58,20.50,-59.54,-992.59,140.0,-700.0,-262.50,1,94.924,
01/01/2000,01:19:33.60,20.62,-59.54,-992.59,262.50,-700.0,-157.50,1,94.949,
01/01/2000,01:19:33.61,20.62,-59.54,-992.59,253.75,-708.75,-131.25,1,94.975,
01/01/2000,01:19:33.62,20.50,-59.66,-992.35,96.25,-638.75,-140.0,1,95.0,
01/01/2000,01:19:33.63,20.74,-59.66,-992.35,113.75,-691.25,-218.75,1,95.025,
01/01/2000,01:19:33.64,20.62,-59.66,-992.47,96.25,-673.75,-262.50,1,95.050,
01/01/2000,01:19:33.65,20.50,-59.66,-992.59,96.25,-673.75,-236.25,1,95.074,
01/01/2000,01:19:33.66,20.25,-59.78,-992.59,157.50,-761.25,-87.50,1,95.098,
01/01/2000,01:19:33.67,20.62,-59.66,-992.71,26.25,-752.50,-280.0,1,94.660,
01/01/2000,01:19:33.69,20.50,-59.66,-992.71,70.0,-691.25,-157.50,1,94.686,
01/01/2000,01:19:33.70,20.25,-59.90,-992.59,140.0,-630.0,-70.0,1,94.712,
01/01/2000,01:19:33.71,20.50,-59.66,-992.59,210.0,-673.75,-201.25,1,94.737,
01/01/2000,01:19:33.72,20.50,-59.54,-992.71,183.75,-717.50,-245.0,1,94.762,
01/01/2000,01:19:33.73,20.74,-59.54,-992.84,210.0,-735.0,-113.75,1,94.787,
01/01/2000,01:19:33.74,20.37,-59.90,-992.59,113.75,-647.50,52.50,1,94.811,
01/01/2000,01:19:33.75,20.25,-59.90,-992.35,61.25,-560.0,-210.0,1,94.836,
01/01/2000,01:19:33.76,20.50,-59.78,-992.35,131.25,-647.50,-350.0,1,94.860,
01/01/2000,01:19:33.77,20.74,-59.66,-992.59,96.25,-682.50,-148.75,1,94.884,
01/01/2000,01:19:33.78,20.62,-59.66,-992.59,140.0,-787.50,-105.0,1,94.907,
01/01/2000,01:19:33.79,20.37,-59.78,-992.35,210.0,-638.75,17.50,1,94.931,
01/01/2000,01:19:33.80,20.50,-59.90,-992.10,105.0,-560.0,-288.75,1,94.954,
01/01/2000,01:19:33.81,20.74,-59.78,-992.35,210.0,-717.50,-385.0,1,94.977,
01/01/2000,01:19:33.82,20.86,-59.66,-992.47,113.75,-673.75,-288.75,1,95.0,
01/01/2000,01:19:33.83,20.74,-59.54,-992.23,175.0,-463.75,52.50,1,95.023,
01/01/2000,01:19:33.84,20.37,-59.66,-991.86,236.25,-778.75,-61.25,1,95.045,
01/01/2000,01:19:33.85,20.62,-59.66,-992.10,166.25,-778.75,-253.75,1,95.067,
01/01/2000,01:19:33.86,20.86,-59.54,-992.59,218.75,-717.50,-315.0,1,95.089,
01/01/2000,01:19:33.87,20.98,-59.54,-992.59,61.25,-656.25,-157.50,1,94.690,
01/01/2000,01:19:33.88,20.74,-59.66,-992.35,262.50,-778.75,43.75,1,94.714,
01/01/2000,01:19:33.89,20.50,-59.66,-992.10,236.25,-638.75,-105.0,1,94.737,
01/01/2000,01:19:33.90,20.74,-59.54,-992.35,140.0,-700.0,-297.50,1,94.760,
01/01/2000,01:19:33.91,20.98,-59.54,-992.71,192.50,-691.25,-271.25,1,94.783,
01/01/2000,01:19:33.92,20.74,-59.54,-992.59,140.0,-673.75,-175.0,1,94.805,
01/01/2000,01:19:33.93,20.50,-59.78,-992.10,43.75,-717.50,61.25,1,94.828,
01/01/2000,01:19:33.95,20.50,-59.54,-991.98,192.50,-752.50,-113.75,1,94.850,
01/01/2000,01:19:33.96,20.74,-59.41,-992.59,227.50,-603.75,-350.0,1,94.872,
01/01/2000,01:19:33.97,20.86,-59.41,-992.59,227.50,-726.25,-43.75,1,94.894,
01/01/2000,01:19:33.98,20.74,-59.54,-992.47,157.50,-647.50,-43.75,1,94.915,
01/01/2000,01:19:33.99,20.50,-59.66,-992.10,175.0,-691.25,218.75,1,94.937,
01/01/2000,01:19:34.00,20.62,-59.54,-992.10,183.75,-656.25,-245.0,1,94.958,
01/01/2000,01:19:34.01,20.98,-59.41,-992.59,175.0,-673.75,-288.75,1,94.979,
01/01/2000,01:19:34.02,21.11,-59.66,-992.71,218.75,-647.50,-8.75,1,95.0,
01/01/2000,01:19:34.03,20.74,-59.78,-992.35,280.0,-665.0,183.75,1,95.021,
01/01/2000,01:19:34.04,20.50,-60.02,-992.23,105.0,-717.50,157.50,1,95.041,
01/01/2000,01:19:34.05,20.74,-59.90,-992.35,113.75,-752.50,-262.50,1,95.062,
01/01/2000,01:19:34.06,20.98,-59.78,-992.71,157.50,-778.75,-315.0,1,95.082,
01/01/2000,01:19:34.07,20.86,-59.78,-992.59,96.25,-647.50,0.0,1,95.102,
01/01/2000,01:19:34.08,20.62,-60.02,-992.35,131.25,-726.25,52.50,1,95.122,
01/01/2000,01:19:34.09,20.62,-59.90,-992.35,113.75,-717.50,-87.50,1,94.758,
01/01/2000,01:19:34.10,20.86,-59.54,-992.59,157.50,-787.50,-306.25,1,94.779,
01/01/2000,01:19:34.11,20.98,-59.41,-992.59,140.0,-647.50,-122.50,1,94.800,
01/01/2000,01:19:34.12,20.86,-59.66,-992.47,288.75,-691.25,8.75,1,94.821,
01/01/2000,01:19:34.13,20.62,-59.78,-992.47,87.50,-630.0,210.0,1,94.841,
01/01/2000,01:19:34.15,20.62,-59.66,-992.35,218.75,-630.0,-96.25,1,94.862,
01/01/2000,01:19:34.16,21.11,-59.54,-992.59,148.75,-638.75,-306.25,1,94.882,
01/01/2000,01:19:34.17,21.23,-59.54,-992.84,87.50,-673.75,-201.25,1,94.902,
01/01/2000,01:19:34.18,20.98,-60.02,-992.84,192.50,-612.50,78.75,1,94.553,
01/01/2000,01:19:34.19,20.74,-60.02,-992.71,245.0,-577.50,-17.50,1,94.574,
01/01/2000,01:19:34.20,20.98,-59.90,-992.84,175.0,-656.25,-367.50,1,94.595,
01/01/2000,01:19:34.21,20.98,-59.66,-992.84,288.75,-787.50,-262.50,1,94.615,
01/01/2000,01:19:34.22,20.98,-59.90,-992.71,245.0,-638.75,-43.75,1,94.636,
01/01/2000,01:19:34.23,20.74,-60.02,-992.35,122.50,-647.50,-17.50,1,94.656,
01/01/2000,01:19:34.25,20.74,-60.15,-992.35,183.75,-665.0,17.50,1,94.677,
01/01/2000,01:19:34.26,20.74,-59.90,-992.47,105.0,-717.50,-236.25,1,94.697,
01/01/2000,01:19:34.27,20.98,-59.78,-992.59,61.25,-673.75,-280.0,1,94.717,
01/01/2000,01:19:34.28,20.98,-59.78,-992.35,96.25,-691.25,-122.50,1,94.737,
01/01/2000,01:19:34.29,20.86,-60.02,-992.23,175.0,-630.0,35.0,1,94.757,
01/01/2000,01:19:34.30,20.86,-60.02,-992.10,131.25,-691.25,-8.75,1,94.776,
01/01/2000,01:19:34.31,21.11,-59.78,-992.35,43.75,-717.50,-236.25,1,94.796,
01/01/2000,01:19:34.32,21.23,-59.66,-992.35,148.75,-717.50,-315.0,1,94.815,
01/01/2000,01:19:34.33,20.98,-60.02,-992.10,201.25,-630.0,-35.0,1,94.834,
01/01/2000,01:19:34.34,20.62,-60.02,-991.86,105.0,-761.25,8.75,1,94.853,
01/01/2000,01:19:34.35,20.50,-60.02,-991.86,131.25,-735.0,-113.75,1,94.872,
01/01/2000,01:19:34.36,20.74,-59.78,-991.98,183.75,-673.75,-271.25,1,94.891,
01/01/2000,01:19:34.37,20.74,-59.90,-992.10,122.50,-708.75,-218.75,1,94.909,
01/01/2000,01:19:34.38,20.50,-60.02,-991.98,201.25,-735.0,-17.50,1,94.928,
01/01/2000,01:19:34.39,20.37,-60.02,-991.86,52.50,-647.50,-78.75,1,94.946,
01/01/2000,01:19:34.40,20.62,-59.90,-991.98,131.25,-735.0,-253.75,1,94.964,
01/01/2000,01:19:34.41,20.86,-59.78,-992.47,218.75,-647.50,-227.50,1,94.982,
01/01/2000,01:19:34.42,20.98,-59.78,-992.59,245.0,-525.0,-166.25,1,95.0,
01/01/2000,01:19:34.43,20.74,-59.78,-992.35,43.75,-743.75,-140.0,1,95.018,
01/01/2000,01:19:34.44,20.62,-59.78,-992.10,227.50,-647.50,-43.75,1,94.700,
01/01/2000,01:19:34.45,20.62,-59.90,-992.23,323.75,-805.0,-262.50,1,94.718,
01/01/2000,01:19:34.46,20.74,-59.78,-992.59,210.0,-708.75,-210.0,1,94.737,
01/01/2000,01:19:34.47,20.74,-59.66,-992.59,35.0,-752.50,-78.75,1,94.755,
01/01/2000,01:19:34.48,20.50,-59.78,-992.23,210.0,-717.50,26.25,1,94.774,
01/01/2000,01:19:34.50,20.50,-59.78,-992.10,96.25,-778.75,-113.75,1,94.792,
01/01/2000,01:19:34.50,20.62,-59.90,-992.10,166.25,-638.75,-315.0,1,94.810,
01/01/2000,01:19:34.52,20.74,-59.78,-992.23,148.75,-691.25,-175.0,1,94.828,
01/01/2000,01:19:34.53,20.50,-59.78,-992.23,148.75,-630.0,17.50,1,94.845,
01/01/2000,01:19:34.54,20.50,-59.78,-992.10,183.75,-595.0,43.75,1,94.863,
01/01/2000,01:19:34.55,20.50,-59.78,-992.23,262.50,-682.50,-157.50,1,94.881,
01/01/2000,01:19:34.56,20.62,-59.78,-992.59,192.50,-682.50,-297.50,1,94.898,
01/01/2000,01:19:34.57,20.62,-59.90,-992.71,157.50,-743.75,-140.0,1,94.915,
01/01/2000,01:19:34.58,20.50,-60.02,-992.59,227.50,-691.25,-43.75,1,94.932,
01/01/2000,01:19:34.59,20.01,-59.78,-992.59,-61.25,-472.50,-131.25,1,94.631,
01/01/2000,01:19:34.60,20.25,-60.02,-992.59,455.0,-761.25,-113.75,1,94.649,
01/01/2000,01:19:34.61,20.98,-59.17,-992.35,-350.0,-665.0,-463.75,1,94.667,
01/01/2000,01:19:34.62,21.23,-59.78,-992.10,-131.25,-743.75,-253.75,1,94.684,
01/01/2000,01:19:34.63,20.01,-60.51,-992.10,490.0,-717.50,288.75,1,94.702,
01/01/2000,01:19:34.64,19.89,-60.02,-992.35,-52.50,-647.50,17.50,1,94.719,
01/01/2000,01:19:34.66,20.62,-59.78,-992.84,358.75,-796.25,-577.50,1,94.737,
01/01/2000,01:19:34.67,20.86,-59.29,-992.71,-105.0,-735.0,-157.50,1,94.754,
01/01/2000,01:19:34.68,20.62,-59.66,-992.10,323.75,-770.0,140.0,1,94.771,
01/01/2000,01:19:34.69,20.25,-60.27,-992.10,358.75,-708.75,-218.75,1,94.788,
01/01/2000,01:19:34.70,20.74,-60.15,-992.71,192.50,-691.25,-350.0,1,94.805,
01/01/2000,01:19:34.71,20.74,-60.02,-992.96,175.0,-630.0,-315.0,1,94.822,
01/01/2000,01:19:34.72,20.74,-59.78,-992.71,105.0,-726.25,-280.0,1,94.839,
01/01/2000,01:19:34.73,20.62,-59.78,-991.98,70.0,-630.0,-113.75,1,94.551,
01/01/2000,01:19:34.74,20.25,-60.15,-992.10,166.25,-796.25,-61.25,1,94.569,
01/01/2000,01:19:34.75,20.37,-60.02,-992.59,140.0,-630.0,-271.25,1,94.586,
01/01/2000,01:19:34.76,20.74,-60.27,-992.96,131.25,-595.0,-402.50,1,94.603,
01/01/2000,01:19:34.77,20.74,-60.15,-992.84,166.25,-603.75,-43.75,1,94.620,
01/01/2000,01:19:34.78,20.50,-60.02,-992.47,227.50,-796.25,-113.75,1,94.637,
01/01/2000,01:19:34.79,20.37,-59.90,-992.10,253.75,-700.0,-192.50,1,94.654,
01/01/2000,01:19:34.80,20.62,-59.78,-992.35,140.0,-682.50,-297.50,1,94.671,
01/01/2000,01:19:34.81,20.50,-59.90,-992.84,280.0,-656.25,-183.75,1,94.688,
01/01/2000,01:19:34.82,20.50,-59.90,-992.96,166.25,-778.75,-175.0,1,94.704,
01/01/2000,01:19:34.83,20.50,-60.02,-992.35,113.75,-673.75,-253.75,1,94.720,
01/01/2000,01:19:34.85,20.25,-59.90,-992.10,210.0,-717.50,-245.0,1,94.737,
01/01/2000,01:19:34.85,20.25,-59.78,-992.10,210.0,-630.0,-332.50,1,94.753,
01/01/2000,01:19:34.87,20.62,-59.78,-992.59,131.25,-700.0,-341.25,1,94.769,
01/01/2000,01:19:34.88,20.74,-59.78,-992.59,175.0,-735.0,-166.25,1,94.785,
01/01/2000,01:19:34.89,20.50,-60.02,-992.59,218.75,-577.50,17.50,1,94.801,
01/01/2000,01:19:34.90,20.50,-59.78,-992.35,87.50,-778.75,-245.0,1,94.817,
01/01/2000,01:19:34.91,20.62,-59.78,-992.23,105.0,-778.75,-271.25,1,94.833,
01/01/2000,01:19:34.92,20.74,-59.54,-992.59,113.75,-682.50,-148.75,1,94.848,
01/01/2000,01:19:34.93,20.50,-59.78,-992.84,113.75,-682.50,-52.50,1,94.864,
01/01/2000,01:19:34.94,20.50,-59.78,-992.47,166.25,-691.25,-175.0,1,94.595,
01/01/2000,01:19:34.95,20.50,-59.66,-992.23,227.50,-761.25,-315.0,1,94.611,
01/01/2000,01:19:34.96,20.62,-59.66,-992.23,140.0,-761.25,-280.0,1,94.627,
01/01/2000,01:19:34.97,20.74,-59.66,-992.35,87.50,-595.0,-262.50,1,94.643,
01/01/2000,01:19:34.98,20.98,-59.78,-992.35,70.0,-691.25,-315.0,1,94.659,
01/01/2000,01:19:34.99,20.74,-60.02,-992.47,78.75,-665.0,-262.50,1,94.675,
01/01/2000,01:19:35.00,20.50,-60.02,-992.47,87.50,-665.0,-166.25,1,94.690,
01/01/2000,01:19:35.02,20.74,-59.78,-992.35,218.75,-638.75,-358.75,1,94.706,
01/01/2000,01:19:35.03,20.86,-59.54,-992.35,218.75,-682.50,-192.50,1,94.721,
01/01/2000,01:19:35.04,20.86,-59.78,-992.59,78.75,-630.0,-78.75,1,94.737,
01/01/2000,01:19:35.05,20.74,-59.90,-992.59,131.25,-735.0,-183.75,1,94.752,
01/01/2000,01:19:35.06,20.74,-59.78,-992.35,175.0,-691.25,-358.75,1,94.767,
01/01/2000,01:19:35.07,20.86,-59.66,-992.35,166.25,-708.75,-323.75,1,94.783,
01/01/2000,01:19:35.08,20.86,-59.54,-992.35,218.75,-621.25,-297.50,1,94.798,
01/01/2000,01:19:35.09,20.74,-59.66,-992.23,245.0,-638.75,-166.25,1,94.813,
01/01/2000,01:19:35.10,20.74,-59.78,-992.10,236.25,-665.0,-253.75,1,94.828,
01/01/2000,01:19:35.11,20.74,-59.78,-992.23,227.50,-761.25,-315.0,1,94.842,
01/01/2000,01:19:35.12,20.74,-59.78,-992.35,78.75,-735.0,-332.50,1,94.857,
01/01/2000,01:19:35.13,20.74,-59.66,-992.35,245.0,-700.0,-175.0,1,94.872,
01/01/2000,01:19:35.14,20.50,-59.54,-992.10,26.25,-577.50,-210.0,1,94.886,
01/01/2000,01:19:35.15,20.50,-59.78,-992.10,437.50,-743.75,-297.50,1,94.633,
01/01/2000,01:19:35.16,20.62,-59.78,-992.23,17.50,-813.75,-315.0,1,94.648,
01/01/2000,01:19:35.17,20.50,-59.90,-992.10,227.50,-700.0,-306.25,1,94.663,
01/01/2000,01:19:35.18,20.50,-59.78,-992.10,157.50,-700.0,-253.75,1,94.678,
01/01/2000,01:19:35.19,20.62,-59.90,-992.10,140.0,-665.0,-140.0,1,94.693,
01/01/2000,01:19:35.21,20.62,-60.02,-992.23,271.25,-595.0,-245.0,1,94.708,
01/01/2000,01:19:35.22,20.50,-60.02,-992.35,166.25,-708.75,-280.0,1,94.722,
01/01/2000,01:19:35.23,20.62,-60.02,-992.35,140.0,-717.50,-271.25,1,94.737,
01/01/2000,01:19:35.24,20.74,-59.90,-992.35,113.75,-708.75,-148.75,1,94.751,
01/01/2000,01:19:35.25,20.62,-60.15,-992.23,105.0,-796.25,-253.75,1,94.766,
01/01/2000,01:19:35.26,20.62,-60.27,-992.35,131.25,-717.50,-227.50,1,94.780,
01/01/2000,01:19:35.27,20.74,-60.02,-992.35,210.0,-612.50,-341.25,1,94.795,
01/01/2000,01:19:35.28,20.74,-60.02,-992.23,288.75,-673.75,-227.50,1,94.809,
01/01/2000,01:19:35.29,20.50,-60.27,-992.10,192.50,-665.0,-166.25,1,94.565,
01/01/2000,01:19:35.30,20.50,-60.02,-992.23,78.75,-813.75,-210.0,1,94.580,
01/01/2000,01:19:35.31,20.62,-60.02,-992.10,192.50,-568.75,-288.75,1,94.595,
01/01/2000,01:19:35.32,20.74,-60.02,-992.23,43.75,-848.75,-271.25,1,94.609,
01/01/2000,01:19:35.33,20.62,-60.15,-992.35,166.25,-691.25,-245.0,1,94.624,
01/01/2000,01:19:35.34,20.50,-60.02,-992.10,227.50,-682.50,-262.50,1,94.638,
01/01/2000,01:19:35.35,20.50,-60.02,-992.10,183.75,-595.0,-428.75,1,94.652,
01/01/2000,01:19:35.36,20.62,-60.02,-992.23,253.75,-691.25,-271.25,1,94.667,
01/01/2000,01:19:35.37,20.74,-60.02,-992.23,78.75,-752.50,-175.0,1,94.681,
01/01/2000,01:19:35.38,20.74,-60.02,-992.23,122.50,-673.75,-306.25,1,94.695,
01/01/2000,01:19:35.39,20.86,-60.02,-992.10,157.50,-673.75,-385.0,1,94.709,
01/01/2000,01:19:35.40,20.74,-60.02,-992.10,140.0,-735.0,-271.25,1,94.723,
01/01/2000,01:19:35.41,20.74,-60.02,-992.23,175.0,-735.0,-367.50,1,94.737,
01/01/2000,01:19:35.43,20.74,-59.90,-992.10,87.50,-638.75,-105.0,1,94.751,
01/01/2000,01:19:35.44,20.74,-60.02,-992.10,210.0,-761.25,-245.0,1,94.764,
01/01/2000,01:19:35.45,20.62,-60.15,-992.23,96.25,-673.75,-315.0,1,94.778,
01/01/2000,01:19:35.46,20.74,-60.02,-992.35,280.0,-638.75,-332.50,1,94.792,
01/01/2000,01:19:35.47,20.74,-59.78,-992.35,61.25,-735.0,-227.50,1,94.805,
01/01/2000,01:19:35.48,20.50,-59.78,-992.35,175.0,-726.25,-201.25,1,94.819,
01/01/2000,01:19:35.49,20.50,-59.78,-992.35,166.25,-708.75,-166.25,1,94.832,
01/01/2000,01:19:35.50,20.50,-60.02,-992.35,280.0,-778.75,-306.25,1,94.602,
01/01/2000,01:19:35.51,20.62,-59.78,-992.35,183.75,-761.25,-262.50,1,94.615,
01/01/2000,01:19:35.52,20.62,-59.78,-992.35,218.75,-682.50,-323.75,1,94.629,
01/01/2000,01:19:35.53,20.37,-59.78,-992.10,131.25,-726.25,-227.50,1,94.643,
01/01/2000,01:19:35.54,20.25,-59.78,-992.10,183.75,-682.50,-306.25,1,94.656,
01/01/2000,01:19:35.55,20.37,-59.66,-992.35,218.75,-665.0,-385.0,1,94.670,
01/01/2000,01:19:35.56,20.50,-59.66,-992.59,113.75,-761.25,-271.25,1,94.684,
01/01/2000,01:19:35.58,20.25,-59.66,-992.59,105.0,-708.75,-166.25,1,94.697,
01/01/2000,01:19:35.59,20.25,-59.78,-992.47,245.0,-700.0,-358.75,1,94.710,
01/01/2000,01:19:35.60,20.37,-59.78,-992.59,201.25,-726.25,-367.50,1,94.724,
01/01/2000,01:19:35.61,20.50,-59.66,-992.59,385.0,-822.50,-280.0,1,94.737,
01/01/2000,01:19:35.62,20.37,-59.78,-992.59,245.0,-656.25,-245.0,1,94.750,
01/01/2000,01:19:35.63,20.37,-59.78,-992.35,166.25,-682.50,-262.50,1,94.763,
01/01/2000,01:19:35.64,20.50,-59.78,-992.35,96.25,-708.75,-332.50,1,94.776,
01/01/2000,01:19:35.65,20.62,-59.78,-992.47,192.50,-717.50,-297.50,1,94.789,
01/01/2000,01:19:35.66,20.74,-59.78,-992.35,157.50,-743.75,-385.0,1,94.802,
01/01/2000,01:19:35.67,20.74,-59.78,-992.35,43.75,-726.25,-157.50,1,94.815,
01/01/2000,01:19:35.68,20.74,-59.78,-992.35,175.0,-761.25,-201.25,1,94.828,
01/01/2000,01:19:35.69,20.62,-59.78,-992.23,210.0,-682.50,-280.0,1,94.840,
01/01/2000,01:19:35.70,20.74,-59.78,-992.35,122.50,-656.25,-376.25,1,94.853,
01/01/2000,01:19:35.72,20.74,-59.78,-992.59,236.25,-700.0,-245.0,1,94.634,
01/01/2000,01:19:35.73,20.62,-59.78,-992.59,227.50,-778.75,-262.50,1,94.647,
01/01/2000,01:19:35.74,20.62,-59.78,-992.47,201.25,-735.0,-323.75,1,94.660,
01/01/2000,01:19:35.75,20.50,-59.78,-992.47,8.75,-761.25,-376.25,1,94.673,
01/01/2000,01:19:35.76,20.50,-59.78,-992.59,236.25,-752.50,-358.75,1,94.686,
01/01/2000,01:19:35.77,20.50,-59.78,-992.59,218.75,-770.0,-358.75,1,94.699,
01/01/2000,01:19:35.78,20.74,-59.78,-992.59,140.0,-743.75,-358.75,1,94.712,
01/01/2000,01:19:35.79,20.86,-59.78,-992.59,140.0,-621.25,-306.25,1,94.724,
01/01/2000,01:19:35.80,20.86,-59.90,-992.59,52.50,-822.50,-297.50,1,94.737,
01/01/2000,01:19:35.81,20.98,-60.02,-992.59,192.50,-682.50,-253.75,1,94.749,
01/01/2000,01:19:35.82,20.74,-60.02,-992.47,297.50,-647.50,-288.75,1,94.762,
01/01/2000,01:19:35.83,20.74,-59.90,-992.35,140.0,-682.50,-402.50,1,94.774,
01/01/2000,01:19:35.84,20.62,-59.90,-992.23,157.50,-735.0,-262.50,1,94.787,
01/01/2000,01:19:35.85,20.50,-60.02,-992.47,122.50,-638.75,-227.50,1,94.575,
01/01/2000,01:19:35.86,20.62,-60.02,-992.59,183.75,-656.25,-376.25,1,94.588,
01/01/2000,01:19:35.87,20.74,-60.02,-992.71,157.50,-630.0,-218.75,1,94.601,
01/01/2000,01:19:35.88,20.74,-60.02,-992.59,105.0,-612.50,-332.50,1,94.614,
01/01/2000,01:19:35.89,20.62,-60.02,-992.47,148.75,-665.0,-262.50,1,94.626,
01/01/2000,01:19:35.90,20.62,-59.90,-992.59,70.0,-630.0,-262.50,1,94.639,
01/01/2000,01:19:35.91,20.62,-59.90,-992.59,236.25,-752.50,-350.0,1,94.651,
01/01/2000,01:19:35.92,20.74,-60.02,-992.71,148.75,-735.0,-262.50,1,94.664,
01/01/2000,01:19:35.93,20.50,-60.02,-992.84,140.0,-577.50,-262.50,1,94.676,
01/01/2000,01:19:35.94,20.50,-60.15,-992.59,157.50,-743.75,-315.0,1,94.688,
01/01/2000,01:19:35.96,20.50,-60.02,-992.35,148.75,-735.0,-332.50,1,94.700,
01/01/2000,01:19:35.97,20.50,-59.90,-992.23,113.75,-700.0,-183.75,1,94.713,
01/01/2000,01:19:35.98,20.50,-59.90,-992.23,166.25,-787.50,-306.25,1,94.725,
01/01/2000,01:19:35.99,20.37,-60.02,-992.23,70.0,-726.25,-288.75,1,94.737,
01/01/2000,01:19:36.00,20.37,-59.90,-992.23,201.25,-752.50,-297.50,1,94.749,
01/01/2000,01:19:36.01,20.37,-60.02,-992.23,183.75,-752.50,-262.50,1,94.761,
01/01/2000,01:19:36.02,20.50,-59.90,-992.23,227.50,-673.75,-332.50,1,94.773,
01/01/2000,01:19:36.03,20.50,-60.02,-992.35,236.25,-743.75,-297.50,1,94.785,
01/01/2000,01:19:36.04,20.50,-60.02,-992.35,236.25,-752.50,-306.25,1,94.796,
01/01/2000,01:19:36.05,20.50,-60.02,-992.35,96.25,-717.50,-262.50,1,94.808,
01/01/2000,01:19:36.06,20.37,-60.02,-992.23,183.75,-778.75,-262.50,1,94.607,
01/01/2000,01:19:36.07,20.50,-59.90,-992.23,218.75,-813.75,-280.0,1,94.619,
01/01/2000,01:19:36.08,20.62,-59.90,-992.23,131.25,-551.25,-245.0,1,94.631,
01/01/2000,01:19:36.09,20.50,-60.02,-992.10,52.50,-787.50,-367.50,1,94.643,
01/01/2000,01:19:36.10,20.37,-59.90,-992.23,183.75,-682.50,-218.75,1,94.655,
01/01/2000,01:19:36.11,20.25,-59.90,-992.10,140.0,-787.50,-350.0,1,94.667,
01/01/2000,01:19:36.12,20.37,-59.78,-992.23,271.25,-708.75,-306.25,1,94.678,
01/01/2000,01:19:36.14,20.37,-59.90,-992.10,140.0,-673.75,-253.75,1,94.690,
01/01/2000,01:19:36.15,20.37,-59.66,-992.23,175.0,-700.0,-350.0,1,94.702,
01/01/2000,01:19:36.16,20.37,-59.78,-992.10,122.50,-691.25,-262.50,1,94.714,
01/01/2000,01:19:36.17,20.50,-59.78,-992.23,87.50,-612.50,-306.25,1,94.725,
01/01/2000,01:19:36.18,20.50,-59.78,-992.35,78.75,-813.75,-358.75,1,94.737,
01/01/2000,01:19:36.19,20.50,-59.66,-992.35,96.25,-647.50,-315.0,1,94.748,
01/01/2000,01:19:36.20,20.50,-59.78,-992.10,262.50,-665.0,-210.0,1,94.760,
01/01/2000,01:19:36.21,20.50,-59.78,-992.10,113.75,-682.50,-245.0,1,94.771,
01/01/2000,01:19:36.23,20.62,-59.78,-992.23,262.50,-682.50,-323.75,1,94.577,
01/01/2000,01:19:36.24,20.50,-60.02,-992.23,140.0,-691.25,-236.25,1,94.589,
01/01/2000,01:19:36.25,20.50,-60.15,-992.10,166.25,-691.25,-262.50,1,94.600,
01/01/2000,01:19:36.26,20.37,-59.90,-992.35,201.25,-708.75,-288.75,1,94.612,
01/01/2000,01:19:36.27,20.50,-60.02,-992.35,148.75,-665.0,-253.75,1,94.624,
01/01/2000,01:19:36.28,20.37,-59.90,-992.35,166.25,-621.25,-253.75,1,94.635,
01/01/2000,01:19:36.29,20.37,-60.02,-992.23,140.0,-673.75,-253.75,1,94.647,
01/01/2000,01:19:36.30,18.91,-59.54,-971.85,306.25,446.25,2756.25,1,94.658,
01/01/2000,01:19:36.31,8.30,-58.56,-945.50,1102.50,-1312.50,4103.75,1,94.670,
01/01/2000,01:19:36.32,13.05,-57.34,-967.22,-1671.25,-1811.25,-43.75,1,94.681,
01/01/2000,01:19:36.33,22.94,-66.37,-1005.40,1522.50,-927.50,-1960.0,1,94.692,
01/01/2000,01:19:36.34,29.65,-63.68,-1037.0,-183.75,183.75,-1881.25,1,94.703,
01/01/2000,01:19:36.35,27.82,-59.05,-1039.68,743.75,122.50,1277.50,1,94.515,
01/01/2000,01:19:36.36,25.38,-54.05,-1017.11,-131.25,-262.50,-253.75,1,94.526,
01/01/2000,01:19:36.37,21.23,-53.19,-990.88,542.50,-901.25,253.75,1,94.538,
01/01/2000,01:19:36.38,19.03,-55.88,-973.19,78.75,-1268.75,1942.50,1,94.549,
01/01/2000,01:19:36.39,19.76,-65.15,-976.37,218.75,-1198.75,227.50,1,94.561,
01/01/2000,01:19:36.40,21.84,-67.59,-991.86,218.75,-980.0,-1592.50,1,94.572,
01/01/2000,01:19:36.42,23.18,-61.73,-1007.72,157.50,-428.75,-2126.25,1,94.583,
01/01/2000,01:19:36.43,21.23,-55.75,-1005.40,280.0,-341.25,-87.50,1,94.595,
01/01/2000,01:19:36.44,19.03,-51.36,-996.98,87.50,-402.50,953.75,1,94.606,
01/01/2000,01:19:36.45,18.42,-52.95,-987.96,175.0,-700.0,1023.75,1,94.617,
01/01/2000,01:19:36.46,20.01,-61.49,-982.22,201.25,-848.75,-17.50,1,94.628,
01/01/2000,01:19:36.47,21.84,-66.49,-986.13,105.0,-1067.50,-1251.25,1,94.639,
01/01/2000,01:19:36.48,23.18,-67.34,-992.23,78.75,-848.75,-2100.0,1,94.650,
01/01/2000,01:19:36.49,21.84,-60.51,-996.01,105.0,-612.50,-1426.25,1,94.661,
01/01/2000,01:19:36.50,19.76,-54.90,-994.06,201.25,-568.75,665.0,1,94.672,
01/01/2000,01:19:36.51,18.18,-52.95,-989.79,236.25,-630.0,1636.25,1,94.683,
01/01/2000,01:19:36.52,18.54,-57.22,-989.05,105.0,-621.25,1338.75,1,94.694,
01/01/2000,01:19:36.53,20.37,-62.46,-990.40,-26.25,-787.50,-621.25,1,94.705,
01/01/2000,01:19:36.54,22.20,-65.88,-992.47,113.75,-752.50,-1995.0,1,94.715,
01/01/2000,01:19:36.55,22.20,-63.81,-992.84,148.75,-805.0,-1505.0,1,94.534,
01/01/2000,01:19:36.56,20.62,-59.41,-991.49,157.50,-743.75,-8.75,1,94.545,
01/01/2000,01:19:36.57,18.54,-54.90,-991.01,201.25,-647.50,621.25,1,94.556,
01/01/2000,01:19:36.58,18.54,-55.63,-991.98,35.0,-603.75,498.75,1,94.567,
01/01/2000,01:19:36.59,19.52,-58.93,-993.32,306.25,-656.25,35.0,1,94.578,
01/01/2000,01:19:36.60,20.74,-62.10,-993.57,113.75,-673.75,-1041.25,1,94.589,
01/01/2000,01:19:36.61,21.59,-63.68,-991.74,105.0,-691.25,-1015.0,1,94.600,
01/01/2000,01:19:36.63,21.35,-60.51,-990.40,201.25,-857.50,-455.0,1,94.611,
01/01/2000,01:19:36.64,20.01,-58.19,-991.13,140.0,-735.0,-78.75,1,94.622,
01/01/2000,01:19:36.65,19.28,-57.10,-992.84,332.50,-726.25,105.0,1,94.632,
01/01/2000,01:19:36.66,19.15,-57.58,-994.18,96.25,-551.25,-61.25,1,94.643,
01/01/2000,01:19:36.67,19.52,-59.41,-993.81,166.25,-568.75,-393.75,1,94.653,
01/01/2000,01:19:36.68,20.74,-61.49,-991.49,78.75,-612.50,-665.0,1,94.664,
01/01/2000,01:19:36.69,21.35,-61.98,-990.40,201.25,-813.75,-752.50,1,94.675,
01/01/2000,01:19:36.70,21.11,-60.51,-991.13,218.75,-743.75,-358.75,1,94.499,
01/01/2000,01:19:36.71,20.37,-59.29,-992.84,35.0,-717.50,-393.75,1,94.510,
01/01/2000,01:19:36.72,19.52,-58.44,-993.93,131.25,-533.75,-157.50,1,94.521,
01/01/2000,01:19:36.74,19.40,-58.80,-993.20,271.25,-586.25,-280.0,1,94.531,
01/01/2000,01:19:36.75,20.62,-60.39,-991.37,105.0,-682.50,-332.50,1,94.542,
01/01/2000,01:19:36.76,21.23,-61.24,-991.13,-17.50,-875.0,-332.50,1,94.553,
01/01/2000,01:19:36.77,21.11,-61.24,-992.35,26.25,-857.50,-472.50,1,94.563,
01/01/2000,01:19:36.78,20.37,-60.51,-992.96,183.75,-577.50,-525.0,1,94.574,
01/01/2000,01:19:36.79,19.76,-59.29,-993.08,166.25,-673.75,-455.0,1,94.584,
01/01/2000,01:19:36.80,19.52,-58.44,-992.84,96.25,-533.75,-140.0,1,94.595,
01/01/2000,01:19:36.81,19.89,-58.56,-992.23,105.0,-656.25,-201.25,1,94.605,
01/01/2000,01:19:36.82,20.98,-60.02,-991.98,175.0,-778.75,-280.0,1,94.615,
01/01/2000,01:19:36.83,21.23,-61.12,-992.10,140.0,-682.50,-472.50,1,94.626,
01/01/2000,01:19:36.84,20.98,-61.37,-992.59,192.50,-743.75,-595.0,1,94.636,
01/01/2000,01:19:36.85,20.25,-60.02,-992.71,210.0,-691.25,-490.0,1,94.646,
01/01/2000,01:19:36.86,20.13,-58.80,-992.47,175.0,-621.25,-183.75,1,94.656,
01/01/2000,01:19:36.87,20.13,-58.32,-992.35,70.0,-673.75,-166.25,1,94.667,
01/01/2000,01:19:36.88,20.25,-58.80,-992.35,245.0,-612.50,-315.0,1,94.677,
01/01/2000,01:19:36.89,20.50,-60.39,-992.35,210.0,-735.0,-385.0,1,94.687,
01/01/2000,01:19:36.90,20.74,-61.0,-992.23,140.0,-700.0,-428.75,1,94.697,
01/01/2000,01:19:36.91,20.50,-60.39,-992.10,140.0,-813.75,-525.0,1,94.528,
01/01/2000,01:19:36.92,20.25,-59.54,-992.23,350.0,-761.25,-437.50,1,94.539,
01/01/2000,01:19:36.93,20.01,-58.80,-992.59,105.0,-673.75,-140.0,1,94.549,
01/01/2000,01:19:36.94,19.89,-59.05,-992.84,105.0,-752.50,-78.75,1,94.559,
01/01/2000,01:19:36.96,20.01,-60.02,-992.84,166.25,-743.75,-385.0,1,94.569,
01/01/2000,01:19:36.96,20.37,-60.63,-992.59,218.75,-665.0,-507.50,1,94.579,
01/01/2000,01:19:36.98,20.74,-60.76,-992.35,157.50,-735.0,-472.50,1,94.590,
01/01/2000,01:19:36.99,20.62,-60.02,-992.35,131.25,-761.25,-560.0,1,94.600,
01/01/2000,01:19:37.00,20.37,-59.54,-992.59,175.0,-770.0,-341.25,1,94.610,
01/01/2000,01:19:37.01,20.01,-59.54,-992.84,131.25,-542.50,-236.25,1,94.620,
01/01/2000,01:19:37.02,20.01,-59.90,-992.84,201.25,-603.75,-297.50,1,94.630,
01/01/2000,01:19:37.03,20.25,-59.90,-992.47,26.25,-708.75,-271.25,1,94.640,
01/01/2000,01:19:37.04,20.74,-60.27,-992.23,210.0,-682.50,-376.25,1,94.649,
01/01/2000,01:19:37.05,20.50,-60.27,-992.23,253.75,-761.25,-393.75,1,94.485,
01/01/2000,01:19:37.06,20.37,-60.02,-992.35,157.50,-656.25,-411.25,1,94.495,
01/01/2000,01:19:37.07,20.13,-59.54,-992.59,17.50,-621.25,-306.25,1,94.505,
01/01/2000,01:19:37.08,20.01,-59.66,-992.59,122.50,-560.0,-210.0,1,94.516,
01/01/2000,01:19:37.09,20.25,-59.66,-992.35,157.50,-638.75,-350.0,1,94.526,
01/01/2000,01:19:37.10,20.37,-60.02,-992.10,227.50,-673.75,-455.0,1,94.536,
01/01/2000,01:19:37.11,20.50,-60.27,-992.10,157.50,-726.25,-323.75,1,94.545,
01/01/2000,01:19:37.13,20.37,-60.51,-992.23,113.75,-735.0,-446.25,1,94.555,
01/01/2000,01:19:37.14,20.13,-59.78,-992.35,105.0,-612.50,-367.50,1,94.565,
01/01/2000,01:19:37.15,20.13,-59.78,-992.35,280.0,-673.75,-376.25,1,94.575,
01/01/2000,01:19:37.16,20.25,-59.54,-992.35,236.25,-682.50,-315.0,1,94.585,
01/01/2000,01:19:37.17,20.25,-59.66,-992.23,148.75,-630.0,-236.25,1,94.595,
01/01/2000,01:19:37.18,20.25,-60.27,-991.98,183.75,-682.50,-297.50,1,94.604,
01/01/2000,01:19:37.19,20.50,-60.51,-992.10,113.75,-743.75,-472.50,1,94.614,
01/01/2000,01:19:37.20,20.50,-60.27,-992.10,70.0,-700.0,-402.50,1,94.624,
01/01/2000,01:19:37.21,20.50,-60.02,-992.23,166.25,-665.0,-358.75,1,94.633,
01/01/2000,01:19:37.22,20.25,-59.54,-992.23,-8.75,-735.0,-350.0,1,94.643,
01/01/2000,01:19:37.23,20.25,-59.90,-992.10,140.0,-778.75,-218.75,1,94.652,
01/01/2000,01:19:37.25,20.50,-60.27,-992.35,210.0,-595.0,-332.50,1,94.494,
01/01/2000,01:19:37.26,20.50,-60.51,-992.23,218.75,-638.75,-455.0,1,94.504,
01/01/2000,01:19:37.27,20.50,-60.39,-992.35,280.0,-761.25,-306.25,1,94.513,
01/01/2000,01:19:37.28,20.50,-59.78,-992.10,192.50,-717.50,-341.25,1,94.523,
01/01/2000,01:19:37.29,20.25,-59.66,-992.23,96.25,-735.0,-201.25,1,94.533,
01/01/2000,01:19:37.30,20.37,-59.78,-992.35,245.0,-778.75,-315.0,1,94.542,
01/01/2000,01:19:37.31,20.50,-60.02,-992.59,183.75,-665.0,-437.50,1,94.552,
01/01/2000,01:19:37.32,20.74,-60.39,-992.47,227.50,-638.75,-323.75,1,94.561,
01/01/2000,01:19:37.33,20.74,-60.39,-992.47,52.50,-621.25,-367.50,1,94.571,
01/01/2000,01:19:37.34,20.62,-60.27,-992.59,87.50,-743.75,-271.25,1,94.580,
01/01/2000,01:19:37.35,20.37,-60.02,-992.59,17.50,-682.50,-323.75,1,94.590,
01/01/2000,01:19:37.36,20.50,-59.90,-992.84,175.0,-656.25,-323.75,1,94.599,
01/01/2000,01:19:37.37,20.50,-59.90,-992.71,131.25,-682.50,-245.0,1,94.609,
01/01/2000,01:19:37.38,20.62,-60.02,-992.59,210.0,-682.50,-271.25,1,94.618,
01/01/2000,01:19:37.39,20.62,-60.15,-992.47,52.50,-595.0,-376.25,1,94.627,
01/01/2000,01:19:37.40,20.74,-60.27,-992.35,192.50,-743.75,-350.0,1,94.473,
01/01/2000,01:19:37.41,20.74,-60.02,-992.47,192.50,-682.50,-385.0,1,94.483,
01/01/2000,01:19:37.42,20.74,-59.90,-992.59,210.0,-603.75,-393.75,1,94.492,
01/01/2000,01:19:37.43,20.62,-59.90,-992.71,245.0,-708.75,-271.25,1,94.502,
01/01/2000,01:19:37.44,20.50,-59.78,-992.59,218.75,-726.25,-262.50,1,94.511,
01/01/2000,01:19:37.45,20.50,-60.02,-992.59,236.25,-778.75,-297.50,1,94.521,
01/01/2000,01:19:37.46,20.62,-60.15,-992.47,52.50,-717.50,-306.25,1,94.530,
01/01/2000,01:19:37.48,20.50,-60.15,-992.59,236.25,-691.25,-463.75,1,94.539,
01/01/2000,01:19:37.49,20.25,-60.02,-992.59,96.25,-682.50,-262.50,1,94.549,
01/01/2000,01:19:37.50,20.25,-59.90,-992.47,122.50,-743.75,-262.50,1,94.558,
01/01/2000,01:19:37.51,20.25,-59.66,-992.59,131.25,-770.0,-245.0,1,94.567,
01/01/2000,01:19:37.52,20.50,-59.78,-992.59,253.75,-656.25,-358.75,1,94.576,
01/01/2000,01:19:37.53,20.62,-60.02,-992.47,253.75,-770.0,-262.50,1,94.585,
01/01/2000,01:19:37.54,20.74,-59.90,-992.35,78.75,-673.75,-332.50,1,94.595,
01/01/2000,01:19:37.55,20.74,-60.15,-992.35,148.75,-700.0,-428.75,1,94.604,
01/01/2000,01:19:37.56,20.62,-59.78,-992.35,192.50,-612.50,-280.0,1,94.613,
01/01/2000,01:19:37.57,20.62,-59.66,-992.35,271.25,-647.50,-437.50,1,94.622,
01/01/2000,01:19:37.58,20.74,-59.90,-992.47,78.75,-691.25,-306.25,1,94.631,
01/01/2000,01:19:37.59,20.74,-60.02,-992.59,122.50,-682.50,-166.25,1,94.640,
01/01/2000,01:19:37.60,20.86,-60.27,-992.47,183.75,-586.25,-315.0,1,94.649,
01/01/2000,01:19:37.61,20.62,-60.27,-992.35,157.50,-665.0,-376.25,1,94.500,
01/01/2000,01:19:37.62,20.62,-60.02,-992.35,52.50,-621.25,-341.25,1,94.509,
01/01/2000,01:19:37.64,20.62,-59.90,-992.47,253.75,-700.0,-411.25,1,94.518,
01/01/2000,01:19:37.65,20.50,-59.90,-992.35,192.50,-665.0,-315.0,1,94.527,
01/01/2000,01:19:37.66,20.62,-60.02,-992.47,201.25,-717.50,-280.0,1,94.536,
01/01/2000,01:19:37.67,20.62,-60.02,-992.35,52.50,-770.0,-315.0,1,94.545,
01/01/2000,01:19:37.68,20.62,-60.02,-992.35,271.25,-630.0,-446.25,1,94.554,
01/01/2000,01:19:37.69,20.62,-60.15,-992.23,61.25,-682.50,-297.50,1,94.563,
01/01/2000,01:19:37.70,20.62,-60.02,-992.35,210.0,-717.50,-516.25,1,94.572,
01/01/2000,01:19:37.71,20.74,-60.02,-992.23,148.75,-778.75,-341.25,1,94.581,
01/01/2000,01:19:37.72,20.50,-59.90,-992.10,175.0,-630.0,-271.25,1,94.590,
01/01/2000,01:19:37.73,20.62,-59.90,-992.10,271.25,-735.0,-288.75,1,94.599,
01/01/2000,01:19:37.74,20.74,-60.02,-992.10,192.50,-673.75,-393.75,1,94.608,
01/01/2000,01:19:37.76,20.62,-60.02,-992.10,218.75,-717.50,-341.25,1,94.463,
01/01/2000,01:19:37.77,20.50,-60.02,-992.10,227.50,-638.75,-253.75,1,94.472,
01/01/2000,01:19:37.78,20.50,-59.78,-992.10,183.75,-787.50,-455.0,1,94.481,
01/01/2000,01:19:37.79,20.50,-59.90,-992.10,17.50,-717.50,-315.0,1,94.489,
01/01/2000,01:19:37.80,20.50,-60.02,-992.10,192.50,-735.0,-315.0,1,94.498,
01/01/2000,01:19:37.81,20.50,-60.02,-991.98,87.50,-665.0,-358.75,1,94.507,
01/01/2000,01:19:37.82,20.50,-59.90,-991.86,17.50,-700.0,-350.0,1,94.516,
01/01/2000,01:19:37.83,20.62,-59.90,-991.86,183.75,-630.0,-183.75,1,94.525,
01/01/2000,01:19:37.84,20.50,-59.90,-991.86,262.50,-700.0,-367.50,1,94.534,
01/01/2000,01:19:37.85,20.62,-59.78,-991.98,0.0,-726.25,-280.0,1,94.543,
01/01/2000,01:19:37.86,20.62,-59.78,-992.10,105.0,-752.50,-288.75,1,94.551,
01/01/2000,01:19:37.87,20.62,-59.78,-992.10,87.50,-831.25,-385.0,1,94.560,
01/01/2000,01:19:37.88,20.50,-59.78,-992.23,201.25,-665.0,-393.75,1,94.569,
01/01/2000,01:19:37.89,20.62,-59.78,-992.23,105.0,-691.25,-288.75,1,94.577,
01/01/2000,01:19:37.90,20.62,-59.90,-992.23,253.75,-700.0,-341.25,1,94.586,
01/01/2000,01:19:37.91,20.50,-59.78,-992.35,131.25,-638.75,-332.50,1,94.444,
01/01/2000,01:19:37.92,20.62,-59.90,-992.35,253.75,-630.0,-358.75,1,94.603,
01/01/2000,01:19:37.93,20.62,-59.78,-992.23,113.75,-708.75,-332.50,1,94.462,
01/01/2000,01:19:37.94,20.62,-60.02,-992.35,227.50,-647.50,-437.50,1,94.471,
01/01/2000,01:19:37.95,20.50,-60.02,-992.23,-70.0,-665.0,-350.0,1,94.479,
01/01/2000,01:19:37.96,20.50,-60.02,-992.35,271.25,-682.50,-402.50,1,94.488,
01/01/2000,01:19:37.98,20.37,-60.02,-992.35,201.25,-638.75,-350.0,1,94.497,
01/01/2000,01:19:37.99,20.37,-59.78,-992.35,192.50,-656.25,-350.0,1,94.505,
01/01/2000,01:19:38.00,20.50,-59.78,-992.35,262.50,-700.0,-341.25,1,94.514,
01/01/2000,01:19:38.01,20.50,-60.02,-992.35,201.25,-726.25,-350.0,1,94.523,
01/01/2000,01:19:38.02,20.50,-60.02,-992.35,113.75,-708.75,-323.75,1,94.531,
01/01/2000,01:19:38.03,20.62,-59.90,-992.47,227.50,-717.50,-411.25,1,94.540,
01/01/2000,01:19:38.04,20.62,-59.78,-992.47,192.50,-673.75,-315.0,1,94.548,
01/01/2000,01:19:38.05,20.62,-59.78,-992.35,140.0,-673.75,-297.50,1,94.557,
01/01/2000,01:19:38.06,20.50,-59.78,-992.35,131.25,-735.0,-306.25,1,94.565,
01/01/2000,01:19:38.07,20.62,-59.90,-992.35,157.50,-691.25,-411.25,1,94.574,
01/01/2000,01:19:38.08,20.62,-60.02,-992.47,175.0,-735.0,-350.0,1,94.582,
01/01/2000,01:19:38.09,20.74,-59.90,-992.35,253.75,-691.25,-463.75,1,94.590,
01/01/2000,01:19:38.10,20.50,-59.90,-992.35,218.75,-708.75,-332.50,1,94.599,
01/01/2000,01:19:38.11,20.50,-60.02,-992.23,122.50,-656.25,-323.75,1,94.462,
01/01/2000,01:19:38.12,20.37,-59.90,-992.35,288.75,-726.25,-315.0,1,94.470,
01/01/2000,01:19:38.13,20.50,-60.02,-992.35,148.75,-603.75,-271.25,1,94.479,
01/01/2000,01:19:38.14,20.50,-60.02,-992.47,218.75,-875.0,-376.25,1,94.487,
01/01/2000,01:19:38.15,20.50,-59.90,-992.35,148.75,-630.0,-297.50,1,94.495,
01/01/2000,01:19:38.16,20.50,-60.15,-992.35,-17.50,-752.50,-376.25,1,94.504,
01/01/2000,01:19:38.17,20.50,-60.15,-992.35,105.0,-673.75,-288.75,1,94.512,
01/01/2000,01:19:38.19,20.62,-60.27,-992.23,280.0,-735.0,-446.25,1,94.521,
01/01/2000,01:19:38.20,20.37,-60.02,-992.10,70.0,-700.0,-297.50,1,94.529,
01/01/2000,01:19:38.21,20.50,-59.90,-992.23,218.75,-673.75,-323.75,1,94.537,
01/01/2000,01:19:38.22,20.37,-60.02,-992.23,175.0,-752.50,-376.25,1,94.545,
01/01/2000,01:19:38.23,20.50,-59.90,-992.23,175.0,-735.0,-376.25,1,94.554,
01/01/2000,01:19:38.24,20.37,-59.90,-992.10,105.0,-743.75,-245.0,1,94.562,
01/01/2000,01:19:38.25,20.50,-59.78,-992.10,113.75,-726.25,-297.50,1,94.570,
01/01/2000,01:19:38.27,20.62,-59.78,-992.23,157.50,-752.50,-376.25,1,94.436,
01/01/2000,01:19:38.28,20.50,-59.90,-992.35,131.25,-682.50,-306.25,1,94.444,
01/01/2000,01:19:38.29,20.62,-60.02,-992.35,227.50,-603.75,-323.75,1,94.453,
01/01/2000,01:19:38.30,20.50,-60.02,-992.35,166.25,-708.75,-420.0,1,94.461,
01/01/2000,01:19:38.31,20.74,-60.15,-992.23,175.0,-612.50,-280.0,1,94.469,
01/01/2000,01:19:38.32,20.74,-59.90,-992.10,140.0,-805.0,-358.75,1,94.478,
01/01/2000,01:19:38.33,20.62,-60.02,-992.10,140.0,-717.50,-420.0,1,94.486,
01/01/2000,01:19:38.34,20.74,-59.90,-991.98,227.50,-682.50,-288.75,1,94.494,
01/01/2000,01:19:38.35,20.74,-59.90,-991.98,306.25,-656.25,-420.0,1,94.502,
01/01/2000,01:19:38.36,20.62,-59.78,-991.86,87.50,-717.50,-385.0,1,94.510,
01/01/2000,01:19:38.37,20.50,-59.90,-991.86,78.75,-665.0,-306.25,1,94.519,
01/01/2000,01:19:38.38,20.50,-60.02,-991.98,183.75,-630.0,-420.0,1,94.527,
01/01/2000,01:19:38.39,20.50,-59.78,-992.10,131.25,-673.75,-253.75,1,94.535,
01/01/2000,01:19:38.40,20.50,-59.90,-992.23,140.0,-700.0,-288.75,1,94.543,
01/01/2000,01:19:38.41,20.74,-60.02,-992.10,236.25,-691.25,-385.0,1,94.551,
01/01/2000,01:19:38.42,20.62,-60.02,-992.10,131.25,-603.75,-323.75,1,94.559,
01/01/2000,01:19:38.43,20.62,-60.02,-992.10,236.25,-708.75,-271.25,1,94.567,
01/01/2000,01:19:38.44,20.62,-59.90,-992.10,131.25,-673.75,-385.0,1,94.575,
01/01/2000,01:19:38.45,20.62,-59.78,-992.35,157.50,-717.50,-385.0,1,94.583,
01/01/2000,01:19:38.46,20.74,-60.02,-992.47,166.25,-665.0,-411.25,1,94.453,
01/01/2000,01:19:38.47,20.62,-59.90,-992.35,183.75,-647.50,-323.75,1,94.461,
01/01/2000,01:19:38.48,20.62,-60.02,-992.35,175.0,-726.25,-385.0,1,94.469,
01/01/2000,01:19:38.49,20.62,-59.90,-992.35,113.75,-778.75,-358.75,1,94.477,
01/01/2000,01:19:38.50,20.50,-59.90,-992.59,218.75,-708.75,-376.25,1,94.485,
01/01/2000,01:19:38.51,20.74,-59.78,-992.59,43.75,-691.25,-271.25,1,94.493,
01/01/2000,01:19:38.52,20.74,-60.02,-992.47,210.0,-603.75,-332.50,1,94.501,
01/01/2000,01:19:38.54,20.74,-60.15,-992.35,271.25,-805.0,-227.50,1,94.509,
01/01/2000,01:19:38.55,20.74,-59.90,-992.23,218.75,-656.25,-411.25,1,94.517,
01/01/2000,01:19:38.56,20.74,-59.78,-992.35,148.75,-700.0,-210.0,1,94.524,
01/01/2000,01:19:38.57,20.74,-59.78,-992.35,26.25,-603.75,-358.75,1,94.532,
01/01/2000,01:19:38.58,20.62,-59.90,-992.10,105.0,-743.75,-428.75,1,94.540,
01/01/2000,01:19:38.59,20.62,-60.02,-992.35,297.50,-735.0,-358.75,1,94.548,
01/01/2000,01:19:38.60,20.74,-60.27,-992.10,227.50,-735.0,-341.25,1,94.421,
01/01/2000,01:19:38.61,20.74,-59.90,-992.10,122.50,-708.75,-288.75,1,94.429,
01/01/2000,01:19:38.62,20.74,-60.27,-992.10,253.75,-630.0,-306.25,1,94.437,
01/01/2000,01:19:38.63,20.62,-60.15,-992.10,131.25,-708.75,-393.75,1,94.444,
01/01/2000,01:19:38.64,20.50,-59.90,-991.98,175.0,-682.50,-323.75,1,94.452,
01/01/2000,01:19:38.65,20.50,-59.90,-991.98,236.25,-656.25,-350.0,1,94.460,
01/01/2000,01:19:38.66,20.50,-59.78,-992.10,122.50,-673.75,-323.75,1,94.468,
01/01/2000,01:19:38.68,20.50,-59.78,-991.98,157.50,-630.0,-376.25,1,94.476,
01/01/2000,01:19:38.69,20.50,-59.78,-991.98,113.75,-638.75,-428.75,1,94.484,
01/01/2000,01:19:38.70,20.50,-60.02,-991.98,253.75,-822.50,-315.0,1,94.492,
01/01/2000,01:19:38.71,20.50,-60.02,-992.10,192.50,-647.50,-376.25,1,94.499,
01/01/2000,01:19:38.72,20.50,-59.90,-992.10,70.0,-691.25,-323.75,1,94.507,
01/01/2000,01:19:38.73,20.37,-59.90,-991.86,122.50,-831.25,-367.50,1,94.515,
01/01/2000,01:19:38.74,20.37,-59.90,-991.86,61.25,-682.50,-227.50,1,94.522,
01/01/2000,01:19:38.75,20.25,-59.90,-991.74,35.0,-708.75,-350.0,1,94.530,
01/01/2000,01:19:38.76,20.25,-60.02,-991.74,367.50,-796.25,-341.25,1,94.538,
01/01/2000,01:19:38.77,20.50,-60.02,-991.98,218.75,-682.50,-341.25,1,94.413,
01/01/2000,01:19:38.79,20.50,-60.02,-991.86,131.25,-761.25,-306.25,1,94.421,
01/01/2000,01:19:38.80,20.62,-60.15,-991.86,245.0,-638.75,-297.50,1,94.429,
01/01/2000,01:19:38.81,20.62,-60.02,-991.86,236.25,-743.75,-367.50,1,94.437,
01/01/2000,01:19:38.82,20.62,-59.90,-991.86,78.75,-682.50,-393.75,1,94.444,
01/01/2000,01:19:38.83,20.74,-60.02,-991.86,157.50,-787.50,-446.25,1,94.452,
01/01/2000,01:19:38.84,20.74,-59.78,-991.98,87.50,-673.75,-288.75,1,94.460,
01/01/2000,01:19:38.85,20.74,-59.90,-991.86,131.25,-735.0,-245.0,1,94.467,
01/01/2000,01:19:38.86,20.74,-59.90,-991.86,175.0,-673.75,-367.50,1,94.475,
01/01/2000,01:19:38.87,20.74,-59.78,-991.86,175.0,-700.0,-350.0,1,94.483,
01/01/2000,01:19:38.88,20.62,-59.78,-991.74,113.75,-778.75,-376.25,1,94.490,
01/01/2000,01:19:38.89,20.74,-59.66,-991.86,87.50,-612.50,-306.25,1,94.498,
01/01/2000,01:19:38.90,20.62,-59.54,-991.86,262.50,-787.50,-297.50,1,94.505,
01/01/2000,01:19:38.91,20.62,-59.54,-991.86,87.50,-560.0,-315.0,1,94.513,
01/01/2000,01:19:38.92,20.62,-59.78,-991.98,175.0,-612.50,-341.25,1,94.521,
01/01/2000,01:19:38.93,20.50,-59.54,-992.10,70.0,-770.0,-350.0,1,94.528,
01/01/2000,01:19:38.94,20.62,-59.78,-991.98,157.50,-638.75,-245.0,1,94.536,
01/01/2000,01:19:38.95,20.50,-59.54,-992.10,96.25,-743.75,-288.75,1,94.543,
01/01/2000,01:19:38.96,20.62,-59.90,-992.10,105.0,-726.25,-350.0,1,94.422,
01/01/2000,01:19:38.97,20.74,-60.15,-992.23,306.25,-761.25,-446.25,1,94.429,
01/01/2000,01:19:38.98,20.74,-60.02,-992.35,-8.75,-752.50,-376.25,1,94.437,
01/01/2000,01:19:38.99,20.74,-60.02,-992.35,122.50,-630.0,-402.50,1,94.444,
01/01/2000,01:19:39.00,20.74,-60.27,-992.10,306.25,-603.75,-367.50,1,94.452,
01/01/2000,01:19:39.01,20.74,-60.02,-991.98,113.75,-656.25,-341.25,1,94.459,
01/01/2000,01:19:39.03,20.74,-60.02,-992.10,210.0,-726.25,-262.50,1,94.467,
01/01/2000,01:19:39.04,20.74,-60.02,-992.23,96.25,-761.25,-245.0,1,94.474,
01/01/2000,01:19:39.05,20.74,-59.90,-992.10,148.75,-778.75,-218.75,1,94.482,
01/01/2000,01:19:39.06,20.74,-60.02,-992.10,61.25,-665.0,-402.50,1,94.489,
01/01/2000,01:19:39.07,20.74,-60.15,-992.10,140.0,-665.0,-385.0,1,94.497,
01/01/2000,01:19:39.08,20.86,-60.02,-992.10,131.25,-621.25,-428.75,1,94.504,
01/01/2000,01:19:39.09,20.74,-60.02,-992.23,113.75,-752.50,-306.25,1,94.511,
01/01/2000,01:19:39.10,20.62,-59.90,-992.10,175.0,-743.75,-131.25,1,94.519,
01/01/2000,01:19:39.11,20.50,-59.54,-992.10,201.25,-665.0,210.0,1,94.526,
01/01/2000,01:19:39.12,20.50,-59.54,-991.98,122.50,-831.25,490.0,1,94.533,
01/01/2000,01:19:39.13,20.50,-59.54,-992.10,175.0,-638.75,647.50,1,94.541,
01/01/2000,01:19:39.14,20.74,-59.66,-992.10,140.0,-743.75,761.25,1,94.422,
01/01/2000,01:19:39.15,20.50,-59.29,-992.23,96.25,-770.0,1321.25,1,94.555,
01/01/2000,01:19:39.16,20.62,-59.66,-992.10,140.0,-586.25,2642.50,1,94.437,
01/01/2000,01:19:39.18,20.62,-59.54,-991.98,96.25,-516.25,4987.50,1,94.444,
01/01/2000,01:19:39.19,20.62,-59.66,-991.86,148.75,-472.50,6160.0,1,94.452,
01/01/2000,01:19:39.20,20.50,-59.29,-991.86,61.25,-551.25,6746.25,1,94.459,
01/01/2000,01:19:39.21,20.50,-59.29,-991.98,201.25,-323.75,7201.25,1,94.466,
01/01/2000,01:19:39.22,20.37,-59.29,-991.98,166.25,-411.25,7971.25,1,94.474,
01/01/2000,01:19:39.23,20.25,-59.29,-992.10,17.50,-332.50,9581.25,1,94.481,
01/01/2000,01:19:39.24,20.50,-59.29,-991.98,61.25,-341.25,11147.50,1,94.488,
01/01/2000,01:19:39.25,20.37,-59.05,-992.10,17.50,-315.0,12818.75,1,94.495,
01/01/2000,01:19:39.26,20.62,-59.41,-991.98,105.0,-201.25,15032.50,1,94.503,
01/01/2000,01:19:39.27,20.50,-59.66,-992.10,-17.50,-166.25,17561.25,1,94.510,
01/01/2000,01:19:39.28,20.50,-59.66,-992.35,52.50,96.25,21708.75,1,94.394,
01/01/2000,01:19:39.29,20.50,-59.29,-992.35,-26.25,140.0,24220.0,1,94.401,
01/01/2000,01:19:39.31,20.37,-58.93,-992.23,-87.50,105.0,22330.0,1,94.408,
01/01/2000,01:19:39.32,20.25,-59.41,-992.23,113.75,-52.50,17832.50,1,94.416,
01/01/2000,01:19:39.33,20.25,-59.78,-992.35,131.25,-350.0,8715.0,1,94.423,
01/01/2000,01:19:39.34,20.37,-60.27,-992.23,78.75,-463.75,4068.75,1,94.430,
01/01/2000,01:19:39.35,20.50,-60.51,-992.23,201.25,-665.0,1968.75,1,94.437,
01/01/2000,01:19:39.36,20.50,-60.27,-992.23,78.75,-621.25,4095.0,1,94.444,
01/01/2000,01:19:39.37,20.50,-60.39,-992.10,166.25,-341.25,9301.25,1,94.452,
01/01/2000,01:19:39.38,20.50,-59.78,-992.35,-87.50,-253.75,12276.25,1,94.459,
01/01/2000,01:19:39.39,20.25,-59.66,-992.47,35.0,-210.0,14393.75,1,94.466,
01/01/2000,01:19:39.40,20.25,-59.78,-992.47,-8.75,-175.0,16143.75,1,94.473,
01/01/2000,01:19:39.41,20.25,-59.78,-992.47,140.0,-148.75,16555.0,1,94.480,
01/01/2000,01:19:39.42,20.37,-59.78,-992.35,-52.50,-192.50,16432.50,1,94.487,
01/01/2000,01:19:39.43,20.50,-60.02,-992.10,140.0,-78.75,16283.75,1,94.494,
01/01/2000,01:19:39.44,20.37,-59.78,-992.10,8.75,-52.50,16275.0,1,94.501,
01/01/2000,01:19:39.45,20.25,-59.90,-992.35,-105.0,-236.25,16082.50,1,94.388,
01/01/2000,01:19:39.46,20.25,-59.90,-992.47,113.75,-210.0,15933.75,1,94.515,
01/01/2000,01:19:39.47,20.25,-59.78,-992.47,17.50,-183.75,15837.50,1,94.402,
01/01/2000,01:19:39.48,20.50,-59.66,-992.35,-8.75,-157.50,15452.50,1,94.409,
01/01/2000,01:19:39.49,20.62,-59.78,-992.10,-17.50,-183.75,15093.75,1,94.416,
01/01/2000,01:19:39.50,20.50,-59.90,-992.10,-52.50,-306.25,14752.50,1,94.423,
01/01/2000,01:19:39.51,20.50,-59.78,-992.35,105.0,-105.0,14017.50,1,94.430,
01/01/2000,01:19:39.53,20.50,-59.90,-992.59,140.0,-306.25,13755.0,1,94.437,
01/01/2000,01:19:39.54,20.62,-59.90,-992.59,43.75,-245.0,13737.50,1,94.444,
01/01/2000,01:19:39.55,20.62,-59.90,-992.35,-70.0,-280.0,14113.75,1,94.451,
01/01/2000,01:19:39.56,20.50,-59.90,-992.23,-43.75,-297.50,14341.25,1,94.458,
01/01/2000,01:19:39.57,20.50,-60.02,-992.23,8.75,-96.25,14805.0,1,94.465,
01/01/2000,01:19:39.58,20.50,-60.02,-992.23,-52.50,-131.25,15137.50,1,94.472,
01/01/2000,01:19:39.59,20.50,-59.78,-992.59,-52.50,-192.50,15898.75,1,94.479,
01/01/2000,01:19:39.60,20.50,-59.78,-992.47,-8.75,-166.25,16345.0,1,94.486,
01/01/2000,01:19:39.61,20.62,-60.02,-992.35,70.0,-227.50,16581.25,1,94.493,
01/01/2000,01:19:39.62,20.50,-59.90,-992.23,-236.25,-70.0,16476.25,1,94.500,
01/01/2000,01:19:39.63,20.62,-60.27,-992.35,-26.25,-166.25,14971.25,1,94.507,
01/01/2000,01:19:39.64,20.50,-60.76,-992.10,166.25,-245.0,12810.0,1,94.514,
01/01/2000,01:19:39.65,20.50,-60.76,-991.98,0.0,-297.50,10298.75,1,94.521,
01/01/2000,01:19:39.66,20.37,-60.51,-991.86,175.0,-428.75,6973.75,1,94.410,
01/01/2000,01:19:39.67,20.25,-60.51,-991.98,61.25,-542.50,5600.0,1,94.417,
01/01/2000,01:19:39.68,20.25,-60.39,-992.10,280.0,-656.25,4515.0,1,94.424,
01/01/2000,01:19:39.69,20.37,-60.02,-992.10,52.50,-498.75,4480.0,1,94.431,
01/01/2000,01:19:39.70,20.50,-60.51,-992.10,148.75,-533.75,4891.25,1,94.438,
01/01/2000,01:19:39.71,20.50,-60.51,-991.98,52.50,-507.50,5232.50,1,94.444,
01/01/2000,01:19:39.72,20.50,-60.88,-991.86,113.75,-577.50,4987.50,1,94.451,
01/01/2000,01:19:39.74,20.37,-61.0,-991.86,52.50,-472.50,3578.75,1,94.458,
01/01/2000,01:19:39.75,20.37,-60.76,-992.10,96.25,-630.0,2441.25,1,94.465,
01/01/2000,01:19:39.76,20.37,-60.51,-992.10,140.0,-656.25,2021.25,1,94.472,
01/01/2000,01:19:39.77,20.37,-60.27,-992.10,201.25,-498.75,2100.0,1,94.479,
01/01/2000,01:19:39.78,20.37,-60.39,-992.10,96.25,-481.25,2520.0,1,94.485,
01/01/2000,01:19:39.79,20.50,-60.39,-992.10,192.50,-551.25,3097.50,1,94.377,
01/01/2000,01:19:39.81,20.50,-60.51,-992.35,236.25,-577.50,3342.50,1,94.383,
01/01/2000,01:19:39.82,20.25,-60.39,-992.23,87.50,-673.75,3508.75,1,94.390,
01/01/2000,01:19:39.83,20.25,-60.51,-991.98,105.0,-542.50,2695.0,1,94.397,
01/01/2000,01:19:39.84,20.13,-60.27,-991.98,148.75,-533.75,2187.50,1,94.404,
01/01/2000,01:19:39.85,20.13,-60.39,-991.98,148.75,-647.50,1443.75,1,94.411,
01/01/2000,01:19:39.86,20.25,-60.39,-992.23,113.75,-691.25,848.75,1,94.417,
01/01/2000,01:19:39.87,20.25,-60.27,-992.23,192.50,-568.75,157.50,1,94.424,
01/01/2000,01:19:39.88,20.13,-60.27,-992.10,210.0,-656.25,-140.0,1,94.431,
01/01/2000,01:19:39.89,20.25,-60.27,-992.10,78.75,-770.0,-315.0,1,94.438,
01/01/2000,01:19:39.90,20.25,-60.39,-992.10,236.25,-638.75,-306.25,1,94.444,
01/01/2000,01:19:39.91,20.25,-60.27,-992.10,26.25,-691.25,-271.25,1,94.451,
01/01/2000,01:19:39.92,20.37,-60.27,-992.10,323.75,-577.50,-402.50,1,94.458,
01/01/2000,01:19:39.93,20.25,-60.27,-992.10,192.50,-700.0,-306.25,1,94.465,
01/01/2000,01:19:39.94,20.25,-60.27,-992.10,131.25,-673.75,-402.50,1,94.471,
01/01/2000,01:19:39.95,20.25,-60.27,-992.23,227.50,-603.75,-376.25,1,94.478,
01/01/2000,01:19:39.96,20.37,-59.90,-992.35,210.0,-805.0,-358.75,1,94.484,
01/01/2000,01:19:39.97,20.25,-59.90,-992.23,236.25,-717.50,-385.0,1,94.491,
01/01/2000,01:19:39.98,20.25,-60.15,-992.10,140.0,-691.25,-350.0,1,94.498,
01/01/2000,01:19:39.99,20.01,-60.15,-991.86,218.75,-691.25,-341.25,1,94.504,
01/01/2000,01:19:40.00,20.01,-60.02,-991.86,157.50,-691.25,-350.0,1,94.511,
01/01/2000,01:19:40.02,20.01,-60.02,-992.10,122.50,-770.0,-253.75,1,94.405,
01/01/2000,01:19:40.02,20.13,-60.02,-992.10,87.50,-708.75,-428.75,1,94.411,
01/01/2000,01:19:40.04,20.25,-60.02,-992.10,35.0,-752.50,-402.50,1,94.418,
01/01/2000,01:19:40.05,20.25,-60.02,-992.10,218.75,-691.25,-551.25,1,94.425,
01/01/2000,01:19:40.06,20.25,-60.02,-992.23,192.50,-638.75,-367.50,1,94.431,
01/01/2000,01:19:40.07,20.37,-60.02,-992.10,26.25,-752.50,-323.75,1,94.438,
01/01/2000,01:19:40.08,20.25,-60.02,-991.98,210.0,-682.50,-455.0,1,94.444,
01/01/2000,01:19:40.09,20.01,-60.02,-991.98,175.0,-656.25,-411.25,1,94.451,
01/01/2000,01:19:40.10,20.13,-60.02,-991.98,148.75,-708.75,-420.0,1,94.458,
01/01/2000,01:19:40.11,20.13,-60.02,-991.98,227.50,-595.0,-323.75,1,94.464,
01/01/2000,01:19:40.12,20.01,-60.02,-991.98,131.25,-708.75,-332.50,1,94.471,
01/01/2000,01:19:40.13,20.13,-60.02,-991.86,105.0,-875.0,-341.25,1,94.477,
01/01/2000,01:19:40.14,20.25,-60.02,-991.98,271.25,-630.0,-376.25,1,94.484,
01/01/2000,01:19:40.15,20.25,-59.90,-992.10,175.0,-822.50,-472.50,1,94.490,
01/01/2000,01:19:40.16,20.25,-59.66,-992.10,52.50,-700.0,-376.25,1,94.386,
01/01/2000,01:19:40.17,20.25,-59.78,-992.10,192.50,-700.0,-332.50,1,94.393,
01/01/2000,01:19:40.18,20.25,-59.54,-992.10,306.25,-682.50,-481.25,1,94.399,
01/01/2000,01:19:40.19,20.25,-59.54,-991.86,113.75,-813.75,-262.50,1,94.406,
01/01/2000,01:19:40.20,20.25,-59.54,-991.86,61.25,-682.50,-288.75,1,94.412,
01/01/2000,01:19:40.21,20.25,-59.66,-991.86,166.25,-647.50,-306.25,1,94.419,
01/01/2000,01:19:40.23,20.25,-59.78,-991.86,61.25,-708.75,-472.50,1,94.425,
01/01/2000,01:19:40.24,20.37,-60.02,-991.86,218.75,-665.0,-437.50,1,94.432,
01/01/2000,01:19:40.25,20.25,-59.78,-991.98,148.75,-630.0,-367.50,1,94.438,
01/01/2000,01:19:40.26,20.25,-60.15,-991.98,157.50,-647.50,-385.0,1,94.444,
01/01/2000,01:19:40.27,20.13,-59.90,-991.86,175.0,-630.0,-446.25,1,94.451,
01/01/2000,01:19:40.28,20.13,-60.02,-991.98,175.0,-752.50,-455.0,1,94.457,
01/01/2000,01:19:40.29,20.25,-59.78,-992.10,175.0,-638.75,-376.25,1,94.464,
01/01/2000,01:19:40.31,20.25,-59.90,-992.10,113.75,-621.25,-341.25,1,94.361,
01/01/2000,01:19:40.32,20.01,-60.02,-991.86,323.75,-700.0,-437.50,1,94.368,
01/01/2000,01:19:40.33,20.13,-59.90,-991.86,78.75,-796.25,-402.50,1,94.374,
01/01/2000,01:19:40.34,20.13,-59.78,-991.86,148.75,-638.75,-288.75,1,94.381,
01/01/2000,01:19:40.35,20.25,-59.78,-991.98,148.75,-656.25,-227.50,1,94.387,
01/01/2000,01:19:40.36,20.25,-59.90,-992.10,201.25,-638.75,-341.25,1,94.394,
01/01/2000,01:19:40.37,20.25,-60.02,-992.10,105.0,-621.25,-402.50,1,94.400,
01/01/2000,01:19:40.38,20.25,-60.02,-992.10,218.75,-796.25,-385.0,1,94.406,
01/01/2000,01:19:40.39,20.25,-60.02,-991.98,166.25,-761.25,-446.25,1,94.413,
01/01/2000,01:19:40.40,20.37,-60.02,-991.98,192.50,-647.50,-350.0,1,94.419,
01/01/2000,01:19:40.41,20.37,-60.02,-992.10,157.50,-568.75,-376.25,1,94.425,
01/01/2000,01:19:40.42,20.25,-60.15,-992.10,210.0,-630.0,-315.0,1,94.432,
01/01/2000,01:19:40.43,20.13,-60.02,-991.98,96.25,-761.25,-280.0,1,94.438,
01/01/2000,01:19:40.44,20.01,-59.90,-991.98,218.75,-691.25,-280.0,1,94.444,
01/01/2000,01:19:40.45,20.01,-59.78,-991.98,183.75,-778.75,-428.75,1,94.451,
01/01/2000,01:19:40.46,19.89,-59.78,-991.86,148.75,-700.0,-411.25,1,94.457,
01/01/2000,01:19:40.47,20.01,-59.90,-991.86,96.25,-752.50,-341.25,1,94.463,
01/01/2000,01:19:40.48,20.01,-60.02,-991.86,210.0,-647.50,-288.75,1,94.470,
01/01/2000,01:19:40.49,20.01,-59.90,-991.98,52.50,-717.50,-455.0,1,94.476,
01/01/2000,01:19:40.50,20.01,-59.78,-991.98,157.50,-708.75,-341.25,1,94.482,
01/01/2000,01:19:40.51,20.25,-59.90,-991.86,87.50,-717.50,-297.50,1,94.382,
01/01/2000,01:19:40.52,20.13,-59.66,-991.86,-26.25,-770.0,-393.75,1,94.388,
01/01/2000,01:19:40.53,20.25,-59.66,-991.86,236.25,-787.50,-306.25,1,94.395,
01/01/2000,01:19:40.54,20.37,-59.78,-991.86,105.0,-638.75,-420.0,1,94.401,
01/01/2000,01:19:40.55,20.50,-59.66,-991.86,183.75,-647.50,-323.75,1,94.407,
01/01/2000,01:19:40.56,20.50,-59.66,-991.86,192.50,-726.25,-306.25,1,94.413,
01/01/2000,01:19:40.58,20.25,-59.90,-991.62,175.0,-735.0,-385.0,1,94.420,
01/01/2000,01:19:40.59,20.37,-59.90,-991.62,105.0,-691.25,-323.75,1,94.426,
01/01/2000,01:19:40.60,20.25,-59.78,-991.62,218.75,-743.75,-350.0,1,94.432,
01/01/2000,01:19:40.61,20.25,-59.54,-991.86,183.75,-691.25,-393.75,1,94.438,
01/01/2000,01:19:40.62,20.25,-59.66,-991.86,175.0,-647.50,-332.50,1,94.444,
01/01/2000,01:19:40.63,20.25,-59.78,-991.74,78.75,-743.75,-315.0,1,94.451,
01/01/2000,01:19:40.64,20.25,-60.02,-991.74,105.0,-726.25,-376.25,1,94.457,
01/01/2000,01:19:40.65,20.25,-60.02,-991.74,166.25,-735.0,-350.0,1,94.358,
01/01/2000,01:19:40.66,20.25,-59.90,-991.74,201.25,-717.50,-306.25,1,94.365,
01/01/2000,01:19:40.67,20.25,-59.90,-991.62,52.50,-577.50,-393.75,1,94.371,
01/01/2000,01:19:40.68,20.25,-60.02,-991.74,245.0,-778.75,-297.50,1,94.377,
01/01/2000,01:19:40.69,20.37,-60.02,-991.86,113.75,-638.75,-306.25,1,94.383,
01/01/2000,01:19:40.70,20.25,-60.02,-991.98,236.25,-726.25,-428.75,1,94.389,
01/01/2000,01:19:40.71,20.50,-59.90,-991.98,35.0,-717.50,-420.0,1,94.396,
01/01/2000,01:19:40.73,20.50,-59.78,-991.98,227.50,-647.50,-420.0,1,94.402,
01/01/2000,01:19:40.74,20.50,-59.54,-991.74,70.0,-682.50,-227.50,1,94.408,
01/01/2000,01:19:40.75,20.25,-59.78,-991.62,17.50,-735.0,-402.50,1,94.414,
01/01/2000,01:19:40.76,20.25,-60.15,-991.62,201.25,-708.75,-367.50,1,94.420,
01/01/2000,01:19:40.77,20.25,-60.02,-991.62,61.25,-805.0,-393.75,1,94.426,
01/01/2000,01:19:40.78,20.37,-60.15,-991.62,218.75,-770.0,-332.50,1,94.432,
01/01/2000,01:19:40.79,20.25,-60.15,-991.62,183.75,-682.50,-271.25,1,94.438,
01/01/2000,01:19:40.80,20.01,-60.15,-991.74,148.75,-665.0,-402.50,1,94.444,
01/01/2000,01:19:40.82,20.13,-60.15,-991.74,210.0,-691.25,-367.50,1,94.348,
01/01/2000,01:19:40.83,20.25,-60.15,-991.98,201.25,-717.50,-323.75,1,94.354,
01/01/2000,01:19:40.84,20.50,-60.02,-991.86,70.0,-691.25,-315.0,1,94.360,
01/01/2000,01:19:40.85,20.37,-60.02,-991.86,183.75,-621.25,-315.0,1,94.366,
01/01/2000,01:19:40.86,20.37,-59.78,-991.86,-8.75,-700.0,-350.0,1,94.372,
01/01/2000,01:19:40.87,20.13,-59.78,-992.10,218.75,-656.25,-280.0,1,94.378,
01/01/2000,01:19:40.88,20.13,-60.02,-992.35,288.75,-717.50,-481.25,1,94.384,
01/01/2000,01:19:40.89,20.62,-59.66,-991.98,131.25,-656.25,-542.50,1,94.391,
01/01/2000,01:19:40.90,20.98,-59.78,-991.62,148.75,-752.50,-148.75,1,94.397,
01/01/2000,01:19:40.91,20.01,-60.39,-991.86,288.75,-673.75,-157.50,1,94.403,
01/01/2000,01:19:40.92,19.52,-60.27,-992.10,157.50,-630.0,-490.0,1,94.409,
01/01/2000,01:19:40.93,19.89,-60.27,-992.23,166.25,-656.25,-595.0,1,94.415,
01/01/2000,01:19:40.94,20.37,-59.41,-992.35,157.50,-752.50,-201.25,1,94.421,
01/01/2000,01:19:40.95,20.37,-59.66,-992.35,140.0,-717.50,-105.0,1,94.427,
01/01/2000,01:19:40.96,20.37,-60.15,-992.10,166.25,-647.50,-280.0,1,94.433,
01/01/2000,01:19:40.97,20.25,-60.51,-992.23,131.25,-752.50,-612.50,1,94.438,
01/01/2000,01:19:40.98,20.37,-60.63,-992.35,271.25,-656.25,-393.75,1,94.444,
01/01/2000,01:19:40.99,20.50,-60.02,-992.59,131.25,-787.50,-332.50,1,94.450,
01/01/2000,01:19:41.01,20.37,-59.66,-992.35,148.75,-726.25,-315.0,1,94.356,
01/01/2000,01:19:41.02,20.25,-59.78,-992.10,253.75,-665.0,-210.0,1,94.362,
01/01/2000,01:19:41.03,20.13,-60.27,-992.23,183.75,-726.25,-367.50,1,94.368,
01/01/2000,01:19:41.04,20.37,-60.51,-992.59,175.0,-700.0,-472.50,1,94.374,
01/01/2000,01:19:41.05,20.74,-60.76,-992.59,297.50,-691.25,-533.75,1,94.380,
01/01/2000,01:19:41.06,20.74,-60.27,-992.47,105.0,-682.50,-323.75,1,94.386,
01/01/2000,01:19:41.07,20.62,-59.90,-992.23,122.50,-708.75,-297.50,1,94.392,
01/01/2000,01:19:41.08,20.37,-59.90,-992.10,122.50,-778.75,-175.0,1,94.397,
01/01/2000,01:19:41.09,20.25,-60.27,-992.35,140.0,-752.50,-306.25,1,94.403,
01/01/2000,01:19:41.10,20.37,-60.51,-992.59,192.50,-761.25,-411.25,1,94.409,
01/01/2000,01:19:41.11,20.62,-60.76,-992.23,350.0,-700.0,-402.50,1,94.415,
01/01/2000,01:19:41.12,20.50,-60.27,-991.86,70.0,-787.50,-350.0,1,94.421,
01/01/2000,01:19:41.13,20.25,-60.27,-991.86,332.50,-735.0,-428.75,1,94.427,
01/01/2000,01:19:41.14,20.25,-60.02,-992.23,192.50,-778.75,-315.0,1,94.433,
01/01/2000,01:19:41.15,20.50,-60.02,-992.59,122.50,-603.75,-315.0,1,94.340,
01/01/2000,01:19:41.16,20.50,-60.27,-992.71,70.0,-708.75,-306.25,1,94.346,
01/01/2000,01:19:41.17,20.50,-60.51,-992.47,218.75,-673.75,-428.75,1,94.351,
01/01/2000,01:19:41.18,20.37,-60.39,-992.35,70.0,-691.25,-341.25,1,94.357,
01/01/2000,01:19:41.19,20.50,-60.27,-992.35,52.50,-691.25,-253.75,1,94.363,
01/01/2000,01:19:41.20,20.50,-60.27,-992.59,227.50,-603.75,-227.50,1,94.369,
01/01/2000,01:19:41.22,20.50,-60.27,-992.71,157.50,-726.25,-385.0,1,94.375,
01/01/2000,01:19:41.23,20.50,-60.39,-992.35,175.0,-735.0,-367.50,1,94.381,
01/01/2000,01:19:41.24,20.25,-60.27,-991.98,166.25,-752.50,-358.75,1,94.387,
01/01/2000,01:19:41.25,20.25,-60.39,-992.10,245.0,-708.75,-358.75,1,94.393,
01/01/2000,01:19:41.26,20.37,-60.27,-992.35,175.0,-761.25,-323.75,1,94.398,
01/01/2000,01:19:41.27,20.37,-60.39,-992.59,140.0,-630.0,-280.0,1,94.404,
01/01/2000,01:19:41.28,20.25,-60.27,-992.47,70.0,-743.75,-341.25,1,94.410,
01/01/2000,01:19:41.29,20.13,-60.27,-992.35,166.25,-647.50,-288.75,1,94.416,
01/01/2000,01:19:41.30,20.37,-60.27,-992.35,70.0,-656.25,-455.0,1,94.421,
01/01/2000,01:19:41.31,20.50,-60.27,-992.35,201.25,-735.0,-306.25,1,94.427,
01/01/2000,01:19:41.33,20.25,-60.27,-992.47,210.0,-673.75,-262.50,1,94.336,
01/01/2000,01:19:41.34,20.25,-60.15,-992.35,332.50,-682.50,-393.75,1,94.342,
01/01/2000,01:19:41.35,20.25,-60.15,-992.35,96.25,-735.0,-350.0,1,94.347,
01/01/2000,01:19:41.36,20.25,-60.02,-992.10,245.0,-770.0,-323.75,1,94.353,
01/01/2000,01:19:41.37,20.37,-60.15,-992.10,210.0,-673.75,-253.75,1,94.359,
01/01/2000,01:19:41.38,20.25,-60.15,-992.23,43.75,-682.50,-323.75,1,94.365,
01/01/2000,01:19:41.39,20.25,-60.27,-992.35,78.75,-778.75,-367.50,1,94.371,
01/01/2000,01:19:41.40,20.25,-60.27,-992.35,245.0,-612.50,-341.25,1,94.376,
01/01/2000,01:19:41.41,20.13,-60.02,-992.47,113.75,-647.50,-262.50,1,94.382,
01/01/2000,01:19:41.42,20.25,-60.02,-992.35,253.75,-735.0,-323.75,1,94.388,
01/01/2000,01:19:41.43,20.25,-60.15,-992.23,201.25,-656.25,-253.75,1,94.393,
01/01/2000,01:19:41.44,20.25,-60.27,-992.10,-26.25,-691.25,-350.0,1,94.399,
01/01/2000,01:19:41.45,20.25,-60.39,-992.35,253.75,-735.0,-385.0,1,94.405,
01/01/2000,01:19:41.46,20.25,-60.15,-992.35,245.0,-831.25,-367.50,1,94.411,
01/01/2000,01:19:41.47,20.25,-60.15,-992.35,43.75,-761.25,-341.25,1,94.416,
01/01/2000,01:19:41.48,20.25,-60.02,-992.35,183.75,-665.0,-236.25,1,94.422,
01/01/2000,01:19:41.49,20.25,-60.15,-992.10,166.25,-752.50,-332.50,1,94.428,
01/01/2000,01:19:41.50,20.13,-60.27,-991.98,140.0,-647.50,-568.75,1,94.433,
01/01/2000,01:19:41.51,20.13,-60.15,-991.86,105.0,-691.25,-236.25,1,94.439,
01/01/2000,01:19:41.52,20.01,-60.15,-991.98,140.0,-743.75,-201.25,1,94.444,
01/01/2000,01:19:41.53,20.25,-60.15,-992.10,52.50,-691.25,-332.50,1,94.450,
01/01/2000,01:19:41.54,20.13,-60.15,-992.10,218.75,-665.0,-367.50,1,94.456,
01/01/2000,01:19:41.55,20.25,-60.15,-992.10,183.75,-700.0,-402.50,1,94.461,
01/01/2000,01:19:41.56,20.50,-60.15,-992.23,166.25,-665.0,-358.75,1,94.467,
01/01/2000,01:19:41.58,20.37,-60.27,-992.59,26.25,-735.0,-332.50,1,94.378,
01/01/2000,01:19:41.59,20.37,-60.27,-992.47,61.25,-656.25,-350.0,1,94.383,
01/01/2000,01:19:41.60,20.25,-60.39,-992.35,218.75,-630.0,-315.0,1,94.389,
01/01/2000,01:19:41.61,20.25,-60.27,-992.47,-26.25,-647.50,-341.25,1,94.394,
01/01/2000,01:19:41.62,20.25,-60.27,-992.47,140.0,-647.50,-323.75,1,94.400,
01/01/2000,01:19:41.63,20.25,-60.39,-992.59,131.25,-735.0,-323.75,1,94.406,
01/01/2000,01:19:41.64,20.37,-60.51,-992.84,183.75,-717.50,-376.25,1,94.411,
01/01/2000,01:19:41.65,20.25,-60.51,-992.59,96.25,-787.50,-411.25,1,94.417,
01/01/2000,01:19:41.66,20.25,-60.27,-992.71,280.0,-577.50,-446.25,1,94.422,
01/01/2000,01:19:41.67,20.25,-60.15,-992.71,148.75,-673.75,-323.75,1,94.428,
01/01/2000,01:19:41.68,20.25,-60.15,-992.71,192.50,-778.75,-288.75,1,94.433,
01/01/2000,01:19:41.69,20.13,-60.02,-992.71,210.0,-813.75,-288.75,1,94.439,
01/01/2000,01:19:41.70,20.01,-60.27,-992.71,148.75,-726.25,-411.25,1,94.444,
01/01/2000,01:19:41.71,20.25,-60.02,-992.71,113.75,-630.0,-332.50,1,94.356,
01/01/2000,01:19:41.72,20.50,-60.15,-992.71,113.75,-656.25,-245.0,1,94.362,
01/01/2000,01:19:41.73,20.50,-60.02,-992.59,192.50,-743.75,-376.25,1,94.368,
01/01/2000,01:19:41.74,20.25,-60.02,-992.59,201.25,-665.0,-245.0,1,94.373,
01/01/2000,01:19:41.75,20.25,-60.27,-992.59,271.25,-665.0,-341.25,1,94.379,
01/01/2000,01:19:41.76,20.25,-60.27,-992.47,166.25,-857.50,-367.50,1,94.384,
01/01/2000,01:19:41.78,20.50,-60.27,-992.59,236.25,-831.25,-350.0,1,94.390,
01/01/2000,01:19:41.79,20.50,-60.27,-992.59,210.0,-708.75,-376.25,1,94.395,
01/01/2000,01:19:41.80,20.37,-60.27,-992.59,227.50,-665.0,-288.75,1,94.401,
01/01/2000,01:19:41.81,20.37,-60.27,-992.47,140.0,-717.50,-376.25,1,94.406,
01/01/2000,01:19:41.82,20.50,-60.39,-992.59,271.25,-691.25,-306.25,1,94.412,
01/01/2000,01:19:41.83,20.62,-60.39,-992.71,210.0,-691.25,-402.50,1,94.325,
01/01/2000,01:19:41.84,20.62,-60.15,-992.59,271.25,-595.0,-420.0,1,94.330,
01/01/2000,01:19:41.85,20.50,-60.15,-992.47,192.50,-630.0,-280.0,1,94.336,
01/01/2000,01:19:41.86,20.62,-60.27,-992.35,236.25,-700.0,-420.0,1,94.341,
01/01/2000,01:19:41.87,20.62,-60.27,-992.35,166.25,-726.25,-385.0,1,94.347,
01/01/2000,01:19:41.88,20.50,-60.27,-992.35,280.0,-647.50,-280.0,1,94.352,
01/01/2000,01:19:41.89,20.50,-60.27,-992.35,183.75,-621.25,-481.25,1,94.358,
01/01/2000,01:19:41.90,20.37,-60.02,-992.35,131.25,-630.0,-227.50,1,94.363,
01/01/2000,01:19:41.92,20.50,-60.27,-992.23,157.50,-630.0,-385.0,1,94.369,
01/01/2000,01:19:41.93,20.50,-60.27,-992.35,157.50,-743.75,-297.50,1,94.374,
01/01/2000,01:19:41.94,20.50,-60.27,-992.47,253.75,-647.50,-315.0,1,94.380,
01/01/2000,01:19:41.95,20.50,-60.27,-992.71,183.75,-778.75,-332.50,1,94.385,
01/01/2000,01:19:41.96,20.50,-60.27,-992.71,157.50,-700.0,-367.50,1,94.391,
01/01/2000,01:19:41.97,20.37,-60.15,-992.59,175.0,-805.0,-280.0,1,94.396,
01/01/2000,01:19:41.98,20.37,-60.02,-992.59,122.50,-682.50,-341.25,1,94.402,
01/01/2000,01:19:41.99,20.37,-60.02,-992.59,105.0,-665.0,-306.25,1,94.407,
01/01/2000,01:19:42.00,20.25,-60.39,-992.71,166.25,-630.0,-350.0,1,94.412,
01/01/2000,01:19:42.01,20.13,-60.51,-992.71,210.0,-682.50,-341.25,1,94.418,
01/01/2000,01:19:42.02,20.01,-60.39,-992.71,201.25,-708.75,-402.50,1,94.423,
01/01/2000,01:19:42.03,20.01,-60.27,-992.71,35.0,-717.50,-341.25,1,94.428,
01/01/2000,01:19:42.04,20.01,-60.15,-992.71,157.50,-612.50,-341.25,1,94.434,
01/01/2000,01:19:42.05,20.01,-60.39,-992.71,157.50,-752.50,-350.0,1,94.439,
01/01/2000,01:19:42.06,20.01,-60.51,-992.71,78.75,-551.25,-498.75,1,94.354,
01/01/2000,01:19:42.07,20.13,-60.27,-992.71,148.75,-770.0,-341.25,1,94.359,
01/01/2000,01:19:42.08,20.13,-60.15,-992.47,78.75,-691.25,-323.75,1,94.365,
01/01/2000,01:19:42.09,20.13,-60.15,-992.35,96.25,-691.25,-367.50,1,94.370,
01/01/2000,01:19:42.10,20.01,-60.27,-992.35,175.0,-665.0,-393.75,1,94.376,
01/01/2000,01:19:42.11,20.01,-60.27,-992.47,61.25,-656.25,-411.25,1,94.381,
01/01/2000,01:19:42.12,20.25,-60.27,-992.59,227.50,-673.75,-341.25,1,94.386,
01/01/2000,01:19:42.14,20.25,-60.15,-992.35,122.50,-770.0,-341.25,1,94.392,
01/01/2000,01:19:42.15,20.13,-60.39,-992.35,105.0,-700.0,-376.25,1,94.397,
01/01/2000,01:19:42.16,20.13,-60.51,-992.47,201.25,-691.25,-297.50,1,94.402,
01/01/2000,01:19:42.17,20.01,-60.51,-992.47,131.25,-752.50,-323.75,1,94.408,
01/01/2000,01:19:42.18,20.13,-60.51,-992.47,236.25,-682.50,-315.0,1,94.413,
01/01/2000,01:19:42.19,20.01,-60.39,-992.47,218.75,-638.75,-341.25,1,94.418,
01/01/2000,01:19:42.20,20.01,-60.39,-992.35,52.50,-700.0,-253.75,1,94.334,
01/01/2000,01:19:42.21,19.89,-60.51,-992.47,227.50,-673.75,-306.25,1,94.340,
01/01/2000,01:19:42.22,20.13,-60.51,-992.59,183.75,-726.25,-490.0,1,94.345,
01/01/2000,01:19:42.23,20.25,-60.27,-992.59,148.75,-691.25,-350.0,1,94.350,
01/01/2000,01:19:42.24,20.13,-60.27,-992.71,122.50,-770.0,-192.50,1,94.356,
01/01/2000,01:19:42.25,20.01,-60.39,-992.71,245.0,-682.50,-341.25,1,94.361,
01/01/2000,01:19:42.26,20.01,-60.27,-992.71,52.50,-647.50,-446.25,1,94.366,
01/01/2000,01:19:42.28,20.25,-60.51,-992.59,288.75,-708.75,-393.75,1,94.371,
01/01/2000,01:19:42.29,20.25,-60.39,-992.59,26.25,-647.50,-341.25,1,94.377,
01/01/2000,01:19:42.30,20.37,-60.39,-992.59,253.75,-700.0,-376.25,1,94.382,
01/01/2000,01:19:42.31,20.25,-60.51,-992.59,210.0,-656.25,-297.50,1,94.387,
01/01/2000,01:19:42.32,20.13,-60.27,-992.59,157.50,-752.50,-236.25,1,94.393,
01/01/2000,01:19:42.33,20.01,-60.27,-992.59,218.75,-717.50,-315.0,1,94.398,
01/01/2000,01:19:42.34,20.25,-60.27,-992.59,192.50,-866.25,-315.0,1,94.315,
01/01/2000,01:19:42.36,20.25,-60.27,-992.35,140.0,-752.50,-253.75,1,94.320,
01/01/2000,01:19:42.37,20.13,-60.15,-992.35,157.50,-787.50,-323.75,1,94.326,
01/01/2000,01:19:42.38,20.25,-60.02,-992.35,70.0,-778.75,-332.50,1,94.331,
01/01/2000,01:19:42.39,20.25,-60.02,-992.59,245.0,-735.0,-306.25,1,94.336,
01/01/2000,01:19:42.40,20.13,-60.02,-992.59,61.25,-603.75,-271.25,1,94.341,
01/01/2000,01:19:42.41,20.25,-60.02,-992.35,0.0,-700.0,-455.0,1,94.347,
01/01/2000,01:19:42.42,20.37,-60.02,-992.23,245.0,-603.75,-271.25,1,94.352,
01/01/2000,01:19:42.43,20.37,-60.15,-992.10,35.0,-542.50,-402.50,1,94.357,
01/01/2000,01:19:42.44,20.37,-60.15,-992.10,122.50,-682.50,-420.0,1,94.362,
01/01/2000,01:19:42.45,20.25,-60.27,-992.35,157.50,-726.25,-288.75,1,94.368,
01/01/2000,01:19:42.46,20.25,-60.15,-992.35,43.75,-665.0,-315.0,1,94.373,
01/01/2000,01:19:42.47,20.25,-60.15,-992.35,253.75,-621.25,-428.75,1,94.378,
01/01/2000,01:19:42.48,20.25,-60.02,-992.35,192.50,-682.50,-315.0,1,94.383,
01/01/2000,01:19:42.49,20.25,-60.27,-992.35,157.50,-638.75,-262.50,1,94.388,
01/01/2000,01:19:42.50,20.25,-60.27,-992.47,227.50,-638.75,-376.25,1,94.393,
01/01/2000,01:19:42.51,20.13,-60.27,-992.59,157.50,-752.50,-498.75,1,94.399,
01/01/2000,01:19:42.52,20.01,-60.02,-992.47,192.50,-717.50,-297.50,1,94.404,
01/01/2000,01:19:42.53,20.25,-59.78,-992.59,166.25,-630.0,-280.0,1,94.409,
01/01/2000,01:19:42.54,20.25,-59.78,-992.47,175.0,-752.50,-271.25,1,94.414,
01/01/2000,01:19:42.55,20.25,-59.90,-992.35,166.25,-700.0,-210.0,1,94.419,
01/01/2000,01:19:42.56,20.37,-60.02,-992.35,113.75,-647.50,-323.75,1,94.338,
01/01/2000,01:19:42.57,20.25,-60.02,-992.47,157.50,-735.0,-437.50,1,94.343,
01/01/2000,01:19:42.58,20.25,-60.02,-992.47,166.25,-603.75,-306.25,1,94.348,
01/01/2000,01:19:42.59,20.25,-59.78,-992.47,262.50,-682.50,-358.75,1,94.353,
01/01/2000,01:19:42.60,20.25,-59.66,-992.47,122.50,-778.75,-315.0,1,94.359,
01/01/2000,01:19:42.61,20.25,-60.02,-992.35,175.0,-700.0,-236.25,1,94.364,
01/01/2000,01:19:42.63,20.50,-60.02,-992.47,87.50,-665.0,-323.75,1,94.369,
01/01/2000,01:19:42.64,20.50,-59.90,-992.35,175.0,-743.75,-393.75,1,94.374,
01/01/2000,01:19:42.65,20.50,-60.15,-992.35,175.0,-735.0,-385.0,1,94.379,
01/01/2000,01:19:42.66,20.25,-60.02,-992.47,70.0,-656.25,-341.25,1,94.384,
01/01/2000,01:19:42.67,20.25,-60.02,-992.59,140.0,-673.75,-385.0,1,94.389,
01/01/2000,01:19:42.68,20.25,-60.02,-992.59,148.75,-735.0,-350.0,1,94.394,
01/01/2000,01:19:42.69,20.25,-60.02,-992.47,157.50,-708.75,-297.50,1,94.399,
01/01/2000,01:19:42.70,20.13,-60.27,-992.35,157.50,-717.50,-428.75,1,94.404,
01/01/2000,01:19:42.71,20.25,-60.27,-992.35,201.25,-560.0,-297.50,1,94.409,
01/01/2000,01:19:42.72,20.13,-60.27,-992.35,113.75,-673.75,-253.75,1,94.414,
01/01/2000,01:19:42.73,20.25,-60.27,-992.47,262.50,-638.75,-385.0,1,94.419,
01/01/2000,01:19:42.74,20.13,-60.15,-992.59,96.25,-647.50,-306.25,1,94.424,
01/01/2000,01:19:42.75,20.13,-60.15,-992.35,26.25,-630.0,-315.0,1,94.429,
01/01/2000,01:19:42.76,20.13,-60.27,-992.47,227.50,-700.0,-516.25,1,94.434,
01/01/2000,01:19:42.77,20.13,-60.02,-992.47,148.75,-726.25,-332.50,1,94.355,
01/01/2000,01:19:42.78,20.13,-59.90,-992.35,131.25,-630.0,-323.75,1,94.360,
01/01/2000,01:19:42.79,20.01,-60.02,-992.47,236.25,-673.75,-367.50,1,94.365,
01/01/2000,01:19:42.80,20.13,-59.90,-992.47,332.50,-630.0,-341.25,1,94.370,
01/01/2000,01:19:42.81,20.25,-60.02,-992.35,210.0,-638.75,-315.0,1,94.375,
01/01/2000,01:19:42.83,20.25,-59.90,-992.47,113.75,-700.0,-323.75,1,94.380,
01/01/2000,01:19:42.84,20.25,-60.02,-992.35,140.0,-726.25,-350.0,1,94.385,
01/01/2000,01:19:42.85,20.25,-60.15,-992.35,105.0,-691.25,-437.50,1,94.390,
01/01/2000,01:19:42.86,20.25,-59.90,-992.47,166.25,-665.0,-271.25,1,94.395,
01/01/2000,01:19:42.87,20.25,-60.02,-992.47,297.50,-691.25,-306.25,1,94.400,
01/01/2000,01:19:42.88,20.37,-59.78,-992.35,113.75,-778.75,-420.0,1,94.405,
01/01/2000,01:19:42.89,20.25,-60.02,-992.23,183.75,-595.0,-253.75,1,94.410,
01/01/2000,01:19:42.90,20.25,-60.02,-992.23,183.75,-796.25,-420.0,1,94.415,
01/01/2000,01:19:42.91,20.25,-60.02,-992.23,245.0,-700.0,-332.50,1,94.336,
01/01/2000,01:19:42.92,20.25,-59.90,-992.35,148.75,-726.25,-402.50,1,94.341,
01/01/2000,01:19:42.93,20.37,-59.78,-992.47,148.75,-796.25,-148.75,1,94.346,
01/01/2000,01:19:42.94,20.25,-59.78,-992.59,96.25,-735.0,-315.0,1,94.351,
01/01/2000,01:19:42.95,20.25,-59.90,-992.71,315.0,-700.0,-323.75,1,94.356,
01/01/2000,01:19:42.96,20.13,-60.02,-992.71,78.75,-560.0,-306.25,1,94.361,
01/01/2000,01:19:42.97,20.25,-60.27,-992.59,227.50,-761.25,-315.0,1,94.366,
01/01/2000,01:19:42.98,20.37,-60.15,-992.47,192.50,-682.50,-428.75,1,94.371,
01/01/2000,01:19:43.00,20.37,-60.02,-992.47,175.0,-656.25,-323.75,1,94.376,
01/01/2000,01:19:43.00,20.37,-60.15,-992.35,218.75,-656.25,-350.0,1,94.381,
01/01/2000,01:19:43.02,20.13,-60.02,-992.35,43.75,-700.0,-350.0,1,94.386,
01/01/2000,01:19:43.03,20.01,-60.15,-992.23,323.75,-673.75,-288.75,1,94.391,
01/01/2000,01:19:43.04,20.01,-60.15,-992.23,35.0,-682.50,-376.25,1,94.396,
01/01/2000,01:19:43.05,20.13,-60.02,-992.47,148.75,-761.25,-350.0,1,94.401,
01/01/2000,01:19:43.06,20.01,-60.27,-992.47,157.50,-708.75,-297.50,1,94.406,
01/01/2000,01:19:43.07,20.01,-60.15,-992.35,122.50,-726.25,-288.75,1,94.410,
01/01/2000,01:19:43.08,20.01,-60.15,-992.47,122.50,-700.0,-367.50,1,94.415,
01/01/2000,01:19:43.09,20.01,-60.02,-992.59,61.25,-673.75,-393.75,1,94.420,
01/01/2000,01:19:43.10,20.13,-60.15,-992.35,288.75,-647.50,-280.0,1,94.425,
01/01/2000,01:19:43.11,20.13,-60.27,-992.23,113.75,-717.50,-262.50,1,94.430,
01/01/2000,01:19:43.12,20.13,-60.27,-992.35,113.75,-673.75,-358.75,1,94.353,
01/01/2000,01:19:43.13,20.13,-60.27,-992.23,175.0,-700.0,-402.50,1,94.358,
01/01/2000,01:19:43.14,20.01,-60.27,-992.23,105.0,-770.0,-253.75,1,94.363,
01/01/2000,01:19:43.15,20.01,-60.02,-992.23,113.75,-665.0,-358.75,1,94.367,
01/01/2000,01:19:43.16,20.13,-60.02,-992.35,148.75,-770.0,-323.75,1,94.372,
01/01/2000,01:19:43.17,20.25,-60.02,-992.23,253.75,-770.0,-332.50,1,94.377,
01/01/2000,01:19:43.18,20.25,-59.90,-992.35,166.25,-726.25,-280.0,1,94.382,
01/01/2000,01:19:43.20,20.25,-60.15,-992.23,157.50,-700.0,-446.25,1,94.387,
01/01/2000,01:19:43.21,20.25,-60.02,-992.23,236.25,-665.0,-420.0,1,94.392,
01/01/2000,01:19:43.22,20.25,-60.02,-992.10,210.0,-673.75,-297.50,1,94.397,
01/01/2000,01:19:43.23,20.37,-60.02,-992.23,131.25,-700.0,-420.0,1,94.401,
01/01/2000,01:19:43.24,20.25,-60.15,-992.35,218.75,-700.0,-245.0,1,94.406,
01/01/2000,01:19:43.25,20.25,-60.39,-992.47,288.75,-805.0,-428.75,1,94.411,
01/01/2000,01:19:43.26,20.37,-60.15,-992.35,105.0,-848.75,-358.75,1,94.416,
01/01/2000,01:19:43.27,20.50,-60.27,-992.23,78.75,-735.0,-385.0,1,94.421,
01/01/2000,01:19:43.28,20.50,-60.15,-992.23,70.0,-743.75,-218.75,1,94.425,
01/01/2000,01:19:43.29,20.37,-60.27,-992.10,140.0,-665.0,-402.50,1,94.430,
01/01/2000,01:19:43.30,20.25,-60.15,-992.35,210.0,-603.75,-385.0,1,94.435,
01/01/2000,01:19:43.31,20.13,-60.27,-992.35,323.75,-805.0,-420.0,1,94.440,
01/01/2000,01:19:43.32,20.13,-60.02,-992.35,43.75,-612.50,-288.75,1,94.444,
01/01/2000,01:19:43.33,20.37,-60.15,-992.47,192.50,-717.50,-332.50,1,94.369,
01/01/2000,01:19:43.35,20.37,-60.27,-992.35,96.25,-665.0,-280.0,1,94.373,
01/01/2000,01:19:43.35,20.25,-60.27,-992.47,280.0,-743.75,-420.0,1,94.378,
01/01/2000,01:19:43.37,20.37,-59.90,-992.59,78.75,-665.0,-350.0,1,94.383,
01/01/2000,01:19:43.38,20.37,-60.02,-992.47,315.0,-752.50,-297.50,1,94.388,
01/01/2000,01:19:43.39,20.50,-59.90,-992.35,192.50,-735.0,-367.50,1,94.393,
01/01/2000,01:19:43.40,20.50,-60.02,-992.23,52.50,-700.0,-332.50,1,94.397,
01/01/2000,01:19:43.41,20.50,-59.90,-992.35,227.50,-665.0,-376.25,1,94.402,
01/01/2000,01:19:43.42,20.50,-59.90,-992.35,201.25,-691.25,-358.75,1,94.407,
01/01/2000,01:19:43.43,20.37,-59.90,-992.23,113.75,-630.0,-420.0,1,94.412,
01/01/2000,01:19:43.44,20.25,-59.90,-992.23,78.75,-656.25,-376.25,1,94.416,
01/01/2000,01:19:43.45,20.25,-59.90,-992.10,245.0,-700.0,-393.75,1,94.421,
01/01/2000,01:19:43.46,20.25,-59.90,-992.23,183.75,-630.0,-350.0,1,94.426,
01/01/2000,01:19:43.47,20.25,-60.02,-992.35,236.25,-673.75,-446.25,1,94.351,
01/01/2000,01:19:43.48,20.25,-60.15,-992.35,175.0,-717.50,-271.25,1,94.356,
01/01/2000,01:19:43.49,20.25,-59.90,-992.35,175.0,-717.50,-332.50,1,94.360,
01/01/2000,01:19:43.50,20.25,-59.90,-992.23,70.0,-595.0,-315.0,1,94.365,
01/01/2000,01:19:43.51,20.13,-60.02,-992.35,271.25,-682.50,-323.75,1,94.370,
01/01/2000,01:19:43.52,20.13,-60.15,-992.35,166.25,-761.25,-376.25,1,94.374,
01/01/2000,01:19:43.53,20.25,-60.15,-992.59,78.75,-682.50,-332.50,1,94.379,
01/01/2000,01:19:43.54,20.25,-60.27,-992.47,96.25,-708.75,-385.0,1,94.384,
01/01/2000,01:19:43.55,20.01,-60.15,-992.35,131.25,-778.75,-367.50,1,94.389,
01/01/2000,01:19:43.56,20.01,-60.27,-992.23,122.50,-691.25,-402.50,1,94.393,
01/01/2000,01:19:43.58,20.13,-60.27,-992.23,140.0,-586.25,-297.50,1,94.398,
01/01/2000,01:19:43.58,20.13,-60.15,-992.35,210.0,-682.50,-411.25,1,94.403,
01/01/2000,01:19:43.60,20.25,-60.02,-992.47,218.75,-647.50,-245.0,1,94.407,
01/01/2000,01:19:43.61,20.25,-60.02,-992.47,0.0,-630.0,-271.25,1,94.412,
01/01/2000,01:19:43.62,20.50,-60.15,-992.47,96.25,-813.75,-315.0,1,94.417,
01/01/2000,01:19:43.63,20.50,-60.02,-992.47,210.0,-533.75,-472.50,1,94.421,
01/01/2000,01:19:43.64,20.62,-60.27,-992.59,227.50,-778.75,-306.25,1,94.426,
01/01/2000,01:19:43.65,20.50,-60.27,-992.59,105.0,-595.0,-402.50,1,94.431,
01/01/2000,01:19:43.66,20.50,-60.02,-992.47,26.25,-770.0,-306.25,1,94.435,
01/01/2000,01:19:43.67,20.37,-60.27,-992.35,315.0,-595.0,-341.25,1,94.440,
01/01/2000,01:19:43.68,20.25,-60.15,-992.35,87.50,-691.25,-253.75,1,94.366,
01/01/2000,01:19:43.69,20.25,-60.27,-992.35,192.50,-647.50,-297.50,1,94.371,
01/01/2000,01:19:43.70,20.37,-60.27,-992.23,70.0,-708.75,-271.25,1,94.376,
01/01/2000,01:19:43.71,20.25,-60.39,-992.35,166.25,-656.25,-428.75,1,94.380,
01/01/2000,01:19:43.72,20.25,-60.27,-992.47,0.0,-638.75,-341.25,1,94.385,
01/01/2000,01:19:43.73,20.25,-60.15,-992.59,253.75,-708.75,-420.0,1,94.389,
01/01/2000,01:19:43.74,20.37,-60.02,-992.59,52.50,-673.75,-271.25,1,94.394,
01/01/2000,01:19:43.76,20.25,-60.15,-992.47,0.0,-656.25,-271.25,1,94.399,
01/01/2000,01:19:43.77,20.25,-60.27,-992.23,175.0,-708.75,-262.50,1,94.403,
01/01/2000,01:19:43.78,20.37,-60.27,-992.10,96.25,-691.25,-323.75,1,94.408,
01/01/2000,01:19:43.79,20.25,-60.27,-992.35,96.25,-595.0,-280.0,1,94.412,
01/01/2000,01:19:43.80,20.25,-60.27,-992.35,183.75,-761.25,-341.25,1,94.417,
01/01/2000,01:19:43.81,20.25,-60.27,-992.47,166.25,-813.75,-341.25,1,94.422,
01/01/2000,01:19:43.82,20.25,-60.15,-992.35,192.50,-673.75,-490.0,1,94.426,
01/01/2000,01:19:43.83,20.37,-60.15,-992.35,192.50,-726.25,-315.0,1,94.431,
01/01/2000,01:19:43.84,20.37,-60.27,-992.35,192.50,-717.50,-385.0,1,94.435,
01/01/2000,01:19:43.85,20.37,-60.27,-992.47,218.75,-630.0,-288.75,1,94.440,
01/01/2000,01:19:43.86,20.25,-60.02,-992.35,183.75,-647.50,-236.25,1,94.444,
01/01/2000,01:19:43.87,20.25,-60.02,-992.23,43.75,-656.25,-253.75,1,94.372,
01/01/2000,01:19:43.89,20.25,-60.02,-992.10,166.25,-638.75,-253.75,1,94.377,
01/01/2000,01:19:43.90,20.37,-60.15,-992.35,280.0,-875.0,-323.75,1,94.381,
01/01/2000,01:19:43.91,20.50,-60.02,-992.35,271.25,-770.0,-367.50,1,94.386,
01/01/2000,01:19:43.92,20.50,-59.66,-992.47,35.0,-752.50,-367.50,1,94.390,
01/01/2000,01:19:43.93,20.50,-59.78,-992.35,113.75,-735.0,-271.25,1,94.395,
01/01/2000,01:19:43.94,20.62,-59.78,-992.35,35.0,-673.75,-402.50,1,94.399,
01/01/2000,01:19:43.95,20.62,-59.90,-992.23,148.75,-682.50,-437.50,1,94.404,
01/01/2000,01:19:43.96,20.50,-60.02,-992.10,210.0,-708.75,-315.0,1,94.408,
01/01/2000,01:19:43.97,20.37,-59.90,-992.10,96.25,-708.75,-315.0,1,94.413,
01/01/2000,01:19:43.98,20.37,-59.90,-992.23,131.25,-726.25,-271.25,1,94.417,
01/01/2000,01:19:43.99,20.25,-59.90,-992.23,253.75,-630.0,-358.75,1,94.422,
01/01/2000,01:19:44.00,20.13,-59.78,-992.35,157.50,-778.75,-341.25,1,94.426,
01/01/2000,01:19:44.01,20.13,-59.78,-992.35,148.75,-726.25,-280.0,1,94.431,
01/01/2000,01:19:44.02,20.01,-59.78,-992.10,131.25,-717.50,-385.0,1,94.435,
01/01/2000,01:19:44.03,20.13,-59.78,-992.23,201.25,-630.0,-367.50,1,94.440,
01/01/2000,01:19:44.04,20.25,-59.78,-992.23,78.75,-638.75,-271.25,1,94.368,
01/01/2000,01:19:44.05,20.13,-59.78,-992.35,105.0,-708.75,-271.25,1,94.373,
01/01/2000,01:19:44.06,20.13,-59.78,-992.23,148.75,-700.0,-376.25,1,94.378,
01/01/2000,01:19:44.07,20.25,-59.66,-992.10,183.75,-691.25,-306.25,1,94.382,
01/01/2000,01:19:44.08,20.25,-59.78,-992.10,113.75,-735.0,-306.25,1,94.387,
01/01/2000,01:19:44.09,20.25,-60.02,-992.23,148.75,-708.75,-323.75,1,94.391,
01/01/2000,01:19:44.11,20.25,-60.02,-992.23,166.25,-621.25,-236.25,1,94.396,
01/01/2000,01:19:44.12,20.37,-59.90,-992.10,245.0,-673.75,-393.75,1,94.400,
01/01/2000,01:19:44.13,20.25,-60.02,-992.10,166.25,-770.0,-332.50,1,94.404,
01/01/2000,01:19:44.14,20.25,-59.78,-992.10,96.25,-726.25,-280.0,1,94.409,
01/01/2000,01:19:44.15,20.37,-59.90,-992.10,148.75,-770.0,-306.25,1,94.413,
01/01/2000,01:19:44.16,20.13,-60.02,-992.35,140.0,-656.25,-288.75,1,94.418,
01/01/2000,01:19:44.17,20.13,-59.90,-992.35,35.0,-700.0,-446.25,1,94.422,
01/01/2000,01:19:44.18,20.25,-59.78,-992.23,113.75,-735.0,-280.0,1,94.427,
01/01/2000,01:19:44.19,20.01,-59.54,-992.10,43.75,-787.50,-323.75,1,94.431,
01/01/2000,01:19:44.20,20.01,-59.78,-992.10,131.25,-743.75,-315.0,1,94.436,
01/01/2000,01:19:44.21,20.01,-59.90,-991.98,236.25,-735.0,-385.0,1,94.440,
01/01/2000,01:19:44.22,20.13,-59.90,-991.98,148.75,-673.75,-490.0,1,94.444,
01/01/2000,01:19:44.23,20.25,-59.78,-991.98,105.0,-770.0,-323.75,1,94.449,
01/01/2000,01:19:44.24,20.25,-59.90,-991.86,122.50,-682.50,-358.75,1,94.453,
01/01/2000,01:19:44.26,20.25,-59.78,-991.86,96.25,-770.0,-280.0,1,94.383,
01/01/2000,01:19:44.27,20.25,-59.78,-991.86,87.50,-612.50,-376.25,1,94.387,
01/01/2000,01:19:44.28,20.25,-59.78,-991.98,253.75,-665.0,-350.0,1,94.392,
01/01/2000,01:19:44.29,20.25,-59.78,-991.98,122.50,-586.25,-463.75,1,94.396,
01/01/2000,01:19:44.30,20.25,-59.54,-991.98,201.25,-743.75,-280.0,1,94.401,
01/01/2000,01:19:44.31,20.37,-59.66,-992.10,148.75,-857.50,-332.50,1,94.405,
01/01/2000,01:19:44.32,20.50,-59.78,-991.98,61.25,-735.0,-350.0,1,94.409,
01/01/2000,01:19:44.33,20.37,-59.78,-992.10,201.25,-656.25,-297.50,1,94.414,
01/01/2000,01:19:44.34,20.50,-59.78,-992.10,87.50,-665.0,-385.0,1,94.418,
01/01/2000,01:19:44.35,20.62,-59.54,-992.10,8.75,-665.0,-376.25,1,94.423,
01/01/2000,01:19:44.36,20.50,-59.78,-992.10,218.75,-647.50,-341.25,1,94.427,
01/01/2000,01:19:44.37,20.37,-59.78,-992.10,131.25,-656.25,-341.25,1,94.431,
01/01/2000,01:19:44.39,20.37,-60.02,-991.86,148.75,-700.0,-367.50,1,94.362,
01/01/2000,01:19:44.40,20.37,-59.78,-991.86,131.25,-743.75,-428.75,1,94.366,
01/01/2000,01:19:44.41,20.37,-59.90,-991.86,218.75,-656.25,-341.25,1,94.371,
01/01/2000,01:19:44.42,20.25,-59.78,-991.86,192.50,-752.50,-350.0,1,94.375,
01/01/2000,01:19:44.43,20.25,-60.02,-991.74,166.25,-656.25,-271.25,1,94.379,
01/01/2000,01:19:44.44,20.13,-60.15,-991.74,43.75,-691.25,-306.25,1,94.384,
01/01/2000,01:19:44.45,20.13,-60.02,-991.74,148.75,-743.75,-481.25,1,94.388,
01/01/2000,01:19:44.46,20.25,-60.02,-991.62,166.25,-612.50,-358.75,1,94.393,
01/01/2000,01:19:44.47,20.25,-60.02,-991.74,87.50,-621.25,-315.0,1,94.397,
01/01/2000,01:19:44.48,20.13,-60.02,-991.74,157.50,-726.25,-315.0,1,94.401,
01/01/2000,01:19:44.49,20.01,-60.27,-991.62,148.75,-761.25,-376.25,1,94.406,
01/01/2000,01:19:44.50,20.13,-60.15,-991.62,236.25,-682.50,-367.50,1,94.410,
01/01/2000,01:19:44.51,20.37,-60.15,-991.74,113.75,-621.25,-323.75,1,94.414,
01/01/2000,01:19:44.52,20.25,-59.90,-991.62,175.0,-621.25,-411.25,1,94.419,
01/01/2000,01:19:44.53,20.25,-59.90,-991.62,236.25,-656.25,-315.0,1,94.350,
01/01/2000,01:19:44.54,20.25,-59.78,-991.86,122.50,-612.50,-227.50,1,94.354,
01/01/2000,01:19:44.55,20.25,-60.02,-991.98,87.50,-682.50,-367.50,1,94.359,
01/01/2000,01:19:44.56,20.25,-60.02,-992.10,131.25,-682.50,-323.75,1,94.363,
01/01/2000,01:19:44.58,20.25,-60.02,-991.98,148.75,-568.75,-306.25,1,94.367,
01/01/2000,01:19:44.58,20.25,-60.02,-992.10,253.75,-770.0,-288.75,1,94.372,
01/01/2000,01:19:44.60,20.13,-60.02,-991.86,166.25,-840.0,-393.75,1,94.376,
01/01/2000,01:19:44.61,20.13,-59.78,-991.86,157.50,-778.75,-236.25,1,94.380,
01/01/2000,01:19:44.62,20.25,-60.02,-992.10,183.75,-813.75,-306.25,1,94.385,
01/01/2000,01:19:44.63,20.25,-60.02,-992.10,393.75,-700.0,-358.75,1,94.389,
01/01/2000,01:19:44.64,20.13,-59.90,-992.10,61.25,-577.50,-262.50,1,94.393,
01/01/2000,01:19:44.65,20.01,-60.02,-992.10,131.25,-708.75,-332.50,1,94.398,
01/01/2000,01:19:44.66,20.01,-60.02,-992.10,166.25,-778.75,-437.50,1,94.402,
01/01/2000,01:19:44.68,20.13,-59.78,-991.98,201.25,-735.0,-306.25,1,94.334,
01/01/2000,01:19:44.69,20.13,-59.78,-991.98,87.50,-700.0,-367.50,1,94.338,
01/01/2000,01:19:44.70,20.13,-60.02,-991.98,113.75,-647.50,-332.50,1,94.343,
01/01/2000,01:19:44.71,20.13,-60.02,-991.86,227.50,-735.0,-306.25,1,94.347,
01/01/2000,01:19:44.72,20.13,-59.90,-991.86,8.75,-770.0,-437.50,1,94.351,
01/01/2000,01:19:44.73,20.01,-59.90,-991.98,192.50,-717.50,-358.75,1,94.355,
01/01/2000,01:19:44.74,20.25,-59.90,-992.10,175.0,-656.25,-315.0,1,94.360,
01/01/2000,01:19:44.75,20.13,-59.66,-992.10,183.75,-673.75,-376.25,1,94.364,
01/01/2000,01:19:44.76,20.13,-59.78,-992.10,131.25,-673.75,-253.75,1,94.368,
01/01/2000,01:19:44.77,20.13,-59.90,-992.10,113.75,-595.0,-341.25,1,94.373,
01/01/2000,01:19:44.78,20.13,-60.02,-991.98,148.75,-752.50,-358.75,1,94.377,
01/01/2000,01:19:44.79,20.01,-60.02,-992.10,35.0,-770.0,-315.0,1,94.381,
01/01/2000,01:19:44.80,19.89,-59.78,-991.98,175.0,-752.50,-350.0,1,94.385,
01/01/2000,01:19:44.81,20.01,-60.02,-991.98,218.75,-665.0,-306.25,1,94.390,
01/01/2000,01:19:44.82,20.01,-59.78,-991.86,96.25,-691.25,-332.50,1,94.322,
01/01/2000,01:19:44.83,20.13,-59.90,-991.74,96.25,-717.50,-297.50,1,94.327,
01/01/2000,01:19:44.84,20.25,-59.78,-991.74,157.50,-743.75,-367.50,1,94.331,
01/01/2000,01:19:44.85,20.25,-60.02,-991.74,122.50,-840.0,-367.50,1,94.335,
01/01/2000,01:19:44.86,20.25,-59.90,-991.62,245.0,-805.0,-332.50,1,94.340,
01/01/2000,01:19:44.87,20.25,-59.66,-991.86,148.75,-805.0,-271.25,1,94.344,
01/01/2000,01:19:44.89,20.37,-59.90,-991.86,227.50,-708.75,-367.50,1,94.277,
01/01/2000,01:19:44.90,20.50,-59.78,-991.86,183.75,-770.0,-297.50,1,94.281,
01/01/2000,01:19:44.91,20.50,-60.02,-991.86,218.75,-673.75,-288.75,1,94.286,
01/01/2000,01:19:44.92,20.50,-59.90,-991.62,70.0,-831.25,-315.0,1,94.290,
01/01/2000,01:19:44.93,20.50,-60.02,-991.74,280.0,-708.75,-385.0,1,94.294,
01/01/2000,01:19:44.94,20.37,-59.78,-991.86,113.75,-735.0,-358.75,1,94.299,
01/01/2000,01:19:44.95,20.37,-59.90,-991.98,87.50,-717.50,-393.75,1,94.303,
01/01/2000,01:19:44.96,20.25,-60.02,-991.86,157.50,-848.75,-385.0,1,94.307,
01/01/2000,01:19:44.98,20.25,-59.90,-991.86,210.0,-691.25,-437.50,1,94.311,
01/01/2000,01:19:44.99,20.37,-60.15,-991.86,218.75,-560.0,-376.25,1,94.316,
01/01/2000,01:19:45.00,20.50,-59.90,-991.98,175.0,-726.25,-341.25,1,94.320,
01/01/2000,01:19:45.01,20.25,-60.02,-992.23,113.75,-665.0,-192.50,1,94.324,
01/01/2000,01:19:45.02,20.37,-60.02,-992.35,52.50,-612.50,-376.25,1,94.328,
01/01/2000,01:19:45.03,20.37,-60.02,-992.47,166.25,-665.0,-271.25,1,94.333,
01/01/2000,01:19:45.04,20.25,-60.15,-992.47,131.25,-700.0,-288.75,1,94.337,
01/01/2000,01:19:45.05,20.25,-60.15,-992.35,105.0,-673.75,-245.0,1,94.341,
01/01/2000,01:19:45.06,20.25,-60.02,-992.35,236.25,-761.25,-446.25,1,94.345,
01/01/2000,01:19:45.07,20.13,-59.90,-992.35,87.50,-682.50,-323.75,1,94.349,
01/01/2000,01:19:45.08,20.01,-59.78,-992.23,245.0,-752.50,-376.25,1,94.354,
01/01/2000,01:19:45.09,20.01,-59.78,-992.23,87.50,-726.25,-350.0,1,94.358,
01/01/2000,01:19:45.10,20.01,-59.66,-992.23,210.0,-682.50,-323.75,1,94.362,
01/01/2000,01:19:45.11,20.01,-59.90,-992.35,183.75,-595.0,-455.0,1,94.366,
01/01/2000,01:19:45.12,20.01,-59.78,-992.59,192.50,-673.75,-323.75,1,94.370,
01/01/2000,01:19:45.13,20.01,-59.90,-992.59,148.75,-665.0,-288.75,1,94.375,
01/01/2000,01:19:45.14,20.13,-59.90,-992.59,183.75,-691.25,-280.0,1,94.379,
01/01/2000,01:19:45.15,20.01,-59.78,-992.47,166.25,-708.75,-385.0,1,94.383,
01/01/2000,01:19:45.16,20.01,-59.78,-992.35,236.25,-621.25,-262.50,1,94.387,
01/01/2000,01:19:45.17,20.13,-60.02,-992.35,148.75,-673.75,-323.75,1,94.322,
01/01/2000,01:19:45.18,20.13,-60.02,-992.47,122.50,-743.75,-245.0,1,94.326,
01/01/2000,01:19:45.19,20.25,-60.02,-992.35,175.0,-796.25,-350.0,1,94.330,
01/01/2000,01:19:45.21,20.25,-59.78,-992.23,183.75,-638.75,-411.25,1,94.334,
01/01/2000,01:19:45.21,20.01,-59.78,-992.23,183.75,-621.25,-323.75,1,94.338,
01/01/2000,01:19:45.23,20.01,-59.78,-992.23,140.0,-665.0,-411.25,1,94.342,
01/01/2000,01:19:45.24,20.01,-59.90,-992.23,148.75,-647.50,-227.50,1,94.347,
01/01/2000,01:19:45.25,20.01,-60.02,-992.10,210.0,-691.25,-350.0,1,94.351,
01/01/2000,01:19:45.26,20.01,-59.90,-992.35,140.0,-840.0,-306.25,1,94.355,
01/01/2000,01:19:45.27,19.89,-60.02,-992.23,113.75,-673.75,-271.25,1,94.359,
01/01/2000,01:19:45.28,20.01,-59.90,-992.10,70.0,-612.50,-323.75,1,94.363,
01/01/2000,01:19:45.29,20.13,-59.90,-992.10,140.0,-752.50,-201.25,1,94.367,
01/01/2000,01:19:45.30,20.13,-59.90,-992.10,131.25,-735.0,-385.0,1,94.371,
01/01/2000,01:19:45.31,20.13,-60.02,-992.10,96.25,-708.75,-297.50,1,94.307,
01/01/2000,01:19:45.32,20.13,-60.02,-991.98,227.50,-708.75,-358.75,1,94.311,
01/01/2000,01:19:45.33,20.25,-60.02,-991.98,175.0,-700.0,-358.75,1,94.315,
01/01/2000,01:19:45.34,20.13,-60.02,-992.23,148.75,-726.25,-332.50,1,94.319,
01/01/2000,01:19:45.35,20.37,-59.90,-992.35,52.50,-735.0,-218.75,1,94.323,
01/01/2000,01:19:45.36,20.25,-59.90,-992.10,61.25,-700.0,-350.0,1,94.327,
01/01/2000,01:19:45.37,20.01,-59.90,-991.98,70.0,-717.50,-262.50,1,94.331,
01/01/2000,01:19:45.39,20.01,-59.90,-992.10,148.75,-735.0,-402.50,1,94.336,
01/01/2000,01:19:45.40,20.25,-59.78,-992.35,183.75,-717.50,-341.25,1,94.271,
01/01/2000,01:19:45.42,20.13,-59.78,-992.23,140.0,-673.75,-332.50,1,94.275,
01/01/2000,01:19:45.42,20.01,-59.90,-992.23,262.50,-726.25,-262.50,1,94.280,
01/01/2000,01:19:45.44,20.13,-60.02,-992.10,245.0,-691.25,-376.25,1,94.284,
01/01/2000,01:19:45.45,20.13,-59.90,-992.35,148.75,-673.75,-358.75,1,94.288,
01/01/2000,01:19:45.46,20.25,-59.78,-992.35,87.50,-665.0,-332.50,1,94.292,
01/01/2000,01:19:45.47,20.25,-60.02,-992.10,192.50,-665.0,-341.25,1,94.296,
01/01/2000,01:19:45.48,20.25,-60.02,-991.98,218.75,-708.75,-350.0,1,94.300,
01/01/2000,01:19:45.49,20.25,-60.02,-991.86,61.25,-726.25,-288.75,1,94.304,
01/01/2000,01:19:45.50,20.01,-60.02,-992.10,332.50,-577.50,-350.0,1,94.308,
01/01/2000,01:19:45.51,20.01,-59.90,-992.23,78.75,-735.0,-358.75,1,94.312,
01/01/2000,01:19:45.52,20.13,-60.02,-992.23,166.25,-752.50,-332.50,1,94.317,
01/01/2000,01:19:45.53,20.13,-60.02,-992.23,157.50,-822.50,-262.50,1,94.321,
01/01/2000,01:19:45.54,20.01,-60.27,-992.10,0.0,-761.25,-323.75,1,94.325,
01/01/2000,01:19:45.55,20.13,-60.02,-992.10,183.75,-673.75,-280.0,1,94.329,
01/01/2000,01:19:45.56,20.01,-60.15,-992.10,131.25,-595.0,-367.50,1,94.333,
01/01/2000,01:19:45.57,20.01,-60.02,-991.98,140.0,-866.25,-306.25,1,94.337,
01/01/2000,01:19:45.58,20.01,-60.02,-991.98,183.75,-700.0,-367.50,1,94.341,
01/01/2000,01:19:45.59,20.01,-60.02,-992.10,218.75,-778.75,-315.0,1,94.345,
01/01/2000,01:19:45.60,20.01,-60.02,-992.10,183.75,-778.75,-323.75,1,94.349,
01/01/2000,01:19:45.61,20.01,-60.15,-992.10,227.50,-717.50,-341.25,1,94.353,
01/01/2000,01:19:45.62,20.01,-60.15,-992.10,140.0,-691.25,-210.0,1,94.357,
01/01/2000,01:19:45.63,20.01,-60.02,-991.98,113.75,-647.50,-323.75,1,94.361,
01/01/2000,01:19:45.64,19.89,-59.90,-991.86,70.0,-682.50,-376.25,1,94.365,
01/01/2000,01:19:45.65,19.89,-60.02,-992.10,148.75,-700.0,-315.0,1,94.369,
01/01/2000,01:19:45.66,19.89,-59.90,-992.23,175.0,-630.0,-280.0,1,94.373,
01/01/2000,01:19:45.67,19.89,-60.27,-992.10,245.0,-630.0,-376.25,1,94.310,
01/01/2000,01:19:45.68,20.01,-60.15,-991.98,201.25,-735.0,-385.0,1,94.314,
01/01/2000,01:19:45.69,20.13,-60.02,-991.86,70.0,-761.25,-280.0,1,94.318,
01/01/2000,01:19:45.70,20.25,-59.90,-992.10,166.25,-647.50,-280.0,1,94.322,
01/01/2000,01:19:45.71,20.25,-59.90,-992.23,52.50,-743.75,-280.0,1,94.326,
01/01/2000,01:19:45.72,20.13,-59.90,-992.10,105.0,-708.75,-420.0,1,94.330,
01/01/2000,01:19:45.74,20.25,-59.78,-991.98,140.0,-805.0,-332.50,1,94.334,
01/01/2000,01:19:45.75,20.25,-59.78,-991.86,140.0,-691.25,-253.75,1,94.338,
01/01/2000,01:19:45.76,20.37,-59.90,-991.98,122.50,-665.0,-280.0,1,94.342,
01/01/2000,01:19:45.77,20.25,-59.66,-992.10,-61.25,-673.75,-463.75,1,94.346,
01/01/2000,01:19:45.78,20.25,-59.78,-992.10,271.25,-770.0,-262.50,1,94.350,
01/01/2000,01:19:45.79,20.50,-59.54,-992.10,35.0,-665.0,-385.0,1,94.354,
01/01/2000,01:19:45.80,20.37,-59.54,-991.86,122.50,-647.50,-376.25,1,94.358,
01/01/2000,01:19:45.81,20.25,-59.54,-991.74,148.75,-708.75,-376.25,1,94.362,
01/01/2000,01:19:45.82,20.25,-59.78,-991.74,122.50,-735.0,-367.50,1,94.300,
01/01/2000,01:19:45.83,20.25,-59.78,-991.86,78.75,-700.0,-332.50,1,94.370,
01/01/2000,01:19:45.84,20.25,-59.78,-991.86,201.25,-717.50,-367.50,1,94.308,
01/01/2000,01:19:45.85,20.37,-59.66,-991.86,122.50,-831.25,-341.25,1,94.312,
01/01/2000,01:19:45.86,20.25,-59.54,-991.86,131.25,-665.0,-288.75,1,94.316,
01/01/2000,01:19:45.87,20.50,-59.66,-991.74,113.75,-621.25,-236.25,1,94.320,
01/01/2000,01:19:45.89,20.37,-59.78,-991.86,70.0,-787.50,-481.25,1,94.324,
01/01/2000,01:19:45.90,20.37,-60.02,-991.86,175.0,-752.50,-297.50,1,94.328,
01/01/2000,01:19:45.91,20.25,-59.78,-991.86,17.50,-735.0,-385.0,1,94.332,
01/01/2000,01:19:45.92,20.25,-59.78,-991.62,87.50,-743.75,-332.50,1,94.336,
01/01/2000,01:19:45.93,20.37,-59.78,-991.86,148.75,-691.25,-227.50,1,94.340,
01/01/2000,01:19:45.94,20.50,-60.02,-991.98,166.25,-665.0,-323.75,1,94.344,
01/01/2000,01:19:45.95,20.50,-60.02,-992.10,140.0,-673.75,-323.75,1,94.282,
01/01/2000,01:19:45.96,20.37,-60.02,-991.86,140.0,-691.25,-385.0,1,94.286,
01/01/2000,01:19:45.97,20.50,-59.78,-991.74,87.50,-612.50,-402.50,1,94.290,
01/01/2000,01:19:45.98,20.50,-59.78,-991.74,218.75,-813.75,-288.75,1,94.294,
01/01/2000,01:19:45.99,20.50,-59.66,-991.62,113.75,-787.50,-306.25,1,94.298,
01/01/2000,01:19:46.00,20.25,-59.78,-991.86,227.50,-691.25,-367.50,1,94.302,
01/01/2000,01:19:46.01,20.25,-59.78,-991.74,26.25,-717.50,-201.25,1,94.306,
01/01/2000,01:19:46.02,20.25,-59.90,-991.74,201.25,-708.75,-227.50,1,94.310,
01/01/2000,01:19:46.03,20.25,-59.54,-991.74,210.0,-656.25,-350.0,1,94.313,
01/01/2000,01:19:46.04,20.25,-59.90,-991.62,201.25,-568.75,-367.50,1,94.317,
01/01/2000,01:19:46.05,20.25,-59.78,-991.49,201.25,-665.0,-218.75,1,94.321,
01/01/2000,01:19:46.06,20.25,-60.02,-991.62,183.75,-778.75,-411.25,1,94.325,
01/01/2000,01:19:46.07,20.25,-60.02,-991.49,192.50,-726.25,-402.50,1,94.329,
01/01/2000,01:19:46.08,20.25,-59.90,-991.62,236.25,-796.25,-420.0,1,94.333,
01/01/2000,01:19:46.10,20.37,-59.78,-991.62,227.50,-743.75,-376.25,1,94.337,
01/01/2000,01:19:46.11,20.25,-59.66,-991.49,131.25,-717.50,-402.50,1,94.341,
01/01/2000,01:19:46.12,20.37,-59.78,-991.62,122.50,-743.75,-253.75,1,94.345,
01/01/2000,01:19:46.13,20.37,-59.78,-991.62,183.75,-708.75,-332.50,1,94.349,
01/01/2000,01:19:46.14,20.50,-59.66,-991.62,-26.25,-778.75,-385.0,1,94.353,
01/01/2000,01:19:46.15,22.20,-59.54,-991.74,157.50,-700.0,-752.50,1,94.357,
01/01/2000,01:19:46.16,25.25,-59.54,-992.47,376.25,-647.50,-577.50,1,94.296,
01/01/2000,01:19:46.17,26.72,-59.29,-992.23,-183.75,-708.75,-227.50,1,94.299,
01/01/2000,01:19:46.18,27.33,-60.39,-991.13,376.25,-673.75,26.25,1,94.303,
01/01/2000,01:19:46.19,27.57,-60.02,-990.52,113.75,-735.0,-498.75,1,94.307,
01/01/2000,01:19:46.20,27.08,-60.39,-991.25,253.75,-778.75,-323.75,1,94.311,
01/01/2000,01:19:46.21,26.47,-60.27,-992.23,341.25,-717.50,-446.25,1,94.315,
01/01/2000,01:19:46.22,25.99,-59.54,-992.96,43.75,-638.75,-367.50,1,94.319,
01/01/2000,01:19:46.24,25.86,-59.17,-992.23,183.75,-621.25,-323.75,1,94.323,
01/01/2000,01:19:46.25,25.86,-59.17,-991.13,253.75,-691.25,-192.50,1,94.327,
01/01/2000,01:19:46.26,26.84,-59.54,-990.15,61.25,-752.50,-586.25,1,94.331,
01/01/2000,01:19:46.27,29.04,-60.39,-989.91,157.50,-656.25,-840.0,1,94.334,
01/01/2000,01:19:46.28,30.74,-60.02,-990.64,17.50,-700.0,-945.0,1,94.338,
01/01/2000,01:19:46.29,32.82,-60.02,-991.74,175.0,-700.0,-796.25,1,94.342,
01/01/2000,01:19:46.30,34.89,-59.29,-992.84,87.50,-726.25,-236.25,1,94.346,
01/01/2000,01:19:46.31,34.89,-59.41,-992.71,-8.75,-638.75,227.50,1,94.350,
01/01/2000,01:19:46.32,33.67,-60.02,-991.86,253.75,-822.50,35.0,1,94.354,
01/01/2000,01:19:46.33,30.38,-60.39,-991.25,236.25,-831.25,-140.0,1,94.358,
01/01/2000,01:19:46.34,28.30,-60.27,-990.76,140.0,-805.0,-455.0,1,94.361,
01/01/2000,01:19:46.35,26.60,-59.90,-990.64,43.75,-726.25,-437.50,1,94.365,
01/01/2000,01:19:46.36,25.50,-59.29,-991.01,87.50,-621.25,-437.50,1,94.369,
01/01/2000,01:19:46.37,25.62,-59.17,-991.49,297.50,-691.25,-420.0,1,94.309,
01/01/2000,01:19:46.38,27.21,-59.54,-991.62,210.0,-621.25,-358.75,1,94.313,
01/01/2000,01:19:46.39,28.06,-60.02,-991.49,157.50,-743.75,-183.75,1,94.317,
01/01/2000,01:19:46.40,28.06,-60.63,-991.13,96.25,-752.50,-210.0,1,94.320,
01/01/2000,01:19:46.41,27.57,-60.76,-991.01,96.25,-761.25,-411.25,1,94.324,
01/01/2000,01:19:46.43,25.62,-60.02,-991.25,17.50,-840.0,-297.50,1,94.328,
01/01/2000,01:19:46.44,23.79,-59.29,-991.62,157.50,-752.50,-140.0,1,94.332,
01/01/2000,01:19:46.45,22.94,-59.17,-991.62,131.25,-682.50,-253.75,1,94.336,
01/01/2000,01:19:46.46,22.94,-59.54,-991.74,78.75,-638.75,-245.0,1,94.340,
01/01/2000,01:19:46.47,23.42,-60.02,-991.62,288.75,-603.75,-376.25,1,94.343,
01/01/2000,01:19:46.48,23.91,-60.15,-991.37,8.75,-595.0,-341.25,1,94.347,
01/01/2000,01:19:46.49,23.42,-60.39,-990.76,201.25,-743.75,-385.0,1,94.351,
01/01/2000,01:19:46.50,22.69,-60.02,-990.64,175.0,-840.0,-236.25,1,94.355,
01/01/2000,01:19:46.51,20.98,-59.66,-991.37,61.25,-778.75,-122.50,1,94.295,
01/01/2000,01:19:46.52,19.76,-59.54,-991.98,26.25,-691.25,-245.0,1,94.299,
01/01/2000,01:19:46.53,18.67,-59.54,-992.35,175.0,-630.0,-297.50,1,94.303,
01/01/2000,01:19:46.54,18.54,-59.54,-992.23,26.25,-638.75,-402.50,1,94.307,
01/01/2000,01:19:46.55,19.52,-59.78,-991.62,280.0,-612.50,-525.0,1,94.311,
01/01/2000,01:19:46.56,20.74,-59.78,-991.13,236.25,-708.75,-507.50,1,94.314,
01/01/2000,01:19:46.57,21.84,-59.90,-991.13,201.25,-743.75,-280.0,1,94.318,
01/01/2000,01:19:46.58,22.94,-59.90,-991.62,17.50,-726.25,-288.75,1,94.322,
01/01/2000,01:19:46.59,22.81,-60.02,-992.10,236.25,-708.75,-253.75,1,94.326,
01/01/2000,01:19:46.60,22.08,-59.78,-992.47,105.0,-708.75,-192.50,1,94.330,
01/01/2000,01:19:46.61,21.23,-59.66,-992.59,70.0,-638.75,-253.75,1,94.333,
01/01/2000,01:19:46.62,20.50,-59.54,-991.98,113.75,-673.75,-455.0,1,94.337,
01/01/2000,01:19:46.63,20.25,-59.41,-991.62,271.25,-630.0,-271.25,1,94.341,
01/01/2000,01:19:46.64,20.74,-59.41,-991.13,-96.25,-586.25,-253.75,1,94.345,
01/01/2000,01:19:46.66,20.98,-59.90,-991.37,253.75,-717.50,-402.50,1,94.348,
01/01/2000,01:19:46.67,21.11,-59.90,-991.62,-70.0,-595.0,-332.50,1,94.352,
01/01/2000,01:19:46.68,20.98,-60.15,-992.10,52.50,-752.50,-446.25,1,94.356,
01/01/2000,01:19:46.69,19.64,-59.66,-991.86,61.25,-796.25,-218.75,1,94.360,
01/01/2000,01:19:46.70,18.79,-59.41,-991.25,236.25,-621.25,-201.25,1,94.363,
01/01/2000,01:19:46.71,18.30,-59.29,-991.13,262.50,-630.0,-367.50,1,94.367,
01/01/2000,01:19:46.72,18.42,-59.54,-991.13,218.75,-595.0,-420.0,1,94.308,
01/01/2000,01:19:46.73,19.03,-59.78,-991.13,201.25,-883.75,-411.25,1,94.312,
01/01/2000,01:19:46.74,20.62,-59.90,-991.37,78.75,-778.75,-428.75,1,94.316,
01/01/2000,01:19:46.75,21.47,-60.02,-991.62,122.50,-717.50,-367.50,1,94.320,
01/01/2000,01:19:46.76,21.72,-59.78,-991.62,183.75,-621.25,-385.0,1,94.323,
01/01/2000,01:19:46.77,21.84,-59.54,-991.62,236.25,-656.25,-175.0,1,94.327,
01/01/2000,01:19:46.78,21.47,-59.78,-991.62,175.0,-691.25,-218.75,1,94.331,
01/01/2000,01:19:46.80,20.13,-59.29,-991.49,201.25,-560.0,-297.50,1,94.335,
01/01/2000,01:19:46.81,19.52,-59.41,-991.25,122.50,-621.25,-428.75,1,94.338,
01/01/2000,01:19:46.82,19.76,-59.54,-991.37,166.25,-647.50,-350.0,1,94.342,
01/01/2000,01:19:46.83,20.37,-59.41,-991.49,271.25,-726.25,-385.0,1,94.346,
01/01/2000,01:19:46.84,21.11,-59.54,-991.62,131.25,-735.0,-297.50,1,94.350,
01/01/2000,01:19:46.85,21.72,-59.66,-991.37,140.0,-752.50,-323.75,1,94.353,
01/01/2000,01:19:46.86,21.59,-60.02,-991.37,96.25,-603.75,-393.75,1,94.357,
01/01/2000,01:19:46.87,20.50,-59.90,-991.62,78.75,-796.25,-175.0,1,94.361,
01/01/2000,01:19:46.88,19.52,-59.78,-991.37,8.75,-726.25,-280.0,1,94.364,
01/01/2000,01:19:46.89,18.54,-59.41,-991.13,131.25,-682.50,-455.0,1,94.368,
01/01/2000,01:19:46.90,18.18,-59.17,-991.13,35.0,-656.25,-542.50,1,94.372,
01/01/2000,01:19:46.91,19.15,-59.17,-991.62,227.50,-700.0,-332.50,1,94.375,
01/01/2000,01:19:46.92,20.01,-59.41,-991.74,148.75,-743.75,-236.25,1,94.379,
01/01/2000,01:19:46.94,21.47,-60.15,-991.86,148.75,-717.50,-367.50,1,94.321,
01/01/2000,01:19:46.95,22.08,-60.27,-991.86,236.25,-787.50,-385.0,1,94.325,
01/01/2000,01:19:46.96,21.96,-59.78,-991.62,280.0,-752.50,-350.0,1,94.329,
01/01/2000,01:19:46.97,21.35,-59.54,-991.62,43.75,-770.0,-253.75,1,94.332,
01/01/2000,01:19:46.98,20.74,-59.29,-991.62,35.0,-726.25,-201.25,1,94.336,
01/01/2000,01:19:46.99,20.01,-59.54,-991.74,201.25,-708.75,-350.0,1,94.340,
01/01/2000,01:19:47.00,19.52,-59.54,-991.86,131.25,-560.0,-376.25,1,94.343,
01/01/2000,01:19:47.01,19.89,-59.78,-991.86,210.0,-682.50,-455.0,1,94.347,
01/01/2000,01:19:47.02,20.50,-59.54,-991.86,148.75,-551.25,-411.25,1,94.351,
01/01/2000,01:19:47.03,20.74,-60.02,-991.74,288.75,-638.75,-192.50,1,94.354,
01/01/2000,01:19:47.04,20.50,-60.02,-991.37,43.75,-708.75,-280.0,1,94.358,
01/01/2000,01:19:47.05,20.01,-60.15,-991.49,245.0,-857.50,-385.0,1,94.301,
01/01/2000,01:19:47.06,19.28,-59.78,-991.49,140.0,-612.50,-455.0,1,94.365,
01/01/2000,01:19:47.07,18.91,-59.78,-991.62,253.75,-682.50,-350.0,1,94.308,
01/01/2000,01:19:47.08,18.67,-59.41,-991.86,236.25,-612.50,-288.75,1,94.312,
01/01/2000,01:19:47.09,18.79,-59.29,-991.74,157.50,-726.25,-306.25,1,94.315,
01/01/2000,01:19:47.10,19.28,-59.41,-991.74,367.50,-656.25,-402.50,1,94.319,
01/01/2000,01:19:47.11,20.13,-59.66,-991.86,78.75,-682.50,-358.75,1,94.323,
01/01/2000,01:19:47.12,20.98,-60.27,-991.62,70.0,-770.0,-332.50,1,94.326,
01/01/2000,01:19:47.13,21.23,-60.51,-991.62,148.75,-752.50,-402.50,1,94.330,
01/01/2000,01:19:47.15,21.72,-60.02,-991.74,52.50,-726.25,-323.75,1,94.334,
01/01/2000,01:19:47.16,21.35,-60.02,-991.86,105.0,-682.50,-323.75,1,94.337,
01/01/2000,01:19:47.17,20.98,-59.54,-991.98,61.25,-726.25,-236.25,1,94.341,
01/01/2000,01:19:47.18,20.74,-59.78,-991.74,315.0,-682.50,-350.0,1,94.344,
01/01/2000,01:19:47.19,20.62,-59.66,-992.10,52.50,-770.0,-577.50,1,94.348,
01/01/2000,01:19:47.20,20.74,-59.78,-992.10,210.0,-796.25,-376.25,1,94.352,
01/01/2000,01:19:47.21,21.11,-59.78,-991.98,113.75,-717.50,-218.75,1,94.355,
01/01/2000,01:19:47.22,21.72,-59.66,-991.86,61.25,-603.75,-210.0,1,94.359,
01/01/2000,01:19:47.23,21.59,-59.78,-991.49,0.0,-831.25,-393.75,1,94.363,
01/01/2000,01:19:47.24,20.37,-59.90,-991.86,218.75,-665.0,-280.0,1,94.366,
01/01/2000,01:19:47.25,19.52,-59.78,-991.86,175.0,-586.25,-262.50,1,94.370,
01/01/2000,01:19:47.26,18.30,-59.90,-991.86,157.50,-682.50,-297.50,1,94.373,
01/01/2000,01:19:47.27,17.57,-59.41,-991.86,122.50,-743.75,-315.0,1,94.377,
01/01/2000,01:19:47.28,17.93,-59.78,-991.98,218.75,-691.25,-376.25,1,94.320,
01/01/2000,01:19:47.30,19.28,-59.66,-991.86,201.25,-630.0,-420.0,1,94.324,
01/01/2000,01:19:47.31,20.25,-59.54,-991.86,131.25,-647.50,-350.0,1,94.328,
01/01/2000,01:19:47.32,21.23,-60.02,-991.62,105.0,-673.75,-236.25,1,94.331,
01/01/2000,01:19:47.33,21.72,-60.27,-991.37,140.0,-822.50,-236.25,1,94.335,
01/01/2000,01:19:47.34,21.72,-60.51,-991.37,52.50,-787.50,-350.0,1,94.338,
01/01/2000,01:19:47.35,20.74,-60.51,-991.62,227.50,-603.75,-315.0,1,94.342,
01/01/2000,01:19:47.36,20.01,-59.78,-992.10,131.25,-735.0,-323.75,1,94.346,
01/01/2000,01:19:47.37,19.89,-59.41,-992.35,175.0,-717.50,-288.75,1,94.349,
01/01/2000,01:19:47.38,20.13,-59.54,-992.35,262.50,-638.75,-323.75,1,94.353,
01/01/2000,01:19:47.39,20.25,-59.54,-992.23,-35.0,-778.75,-192.50,1,94.356,
01/01/2000,01:19:47.40,20.74,-60.51,-991.74,262.50,-717.50,-437.50,1,94.360,
01/01/2000,01:19:47.41,20.74,-60.51,-991.62,280.0,-630.0,-393.75,1,94.364,
01/01/2000,01:19:47.42,20.25,-60.39,-991.62,78.75,-752.50,-402.50,1,94.367,
01/01/2000,01:19:47.43,19.52,-60.02,-991.62,148.75,-673.75,-507.50,1,94.311,
01/01/2000,01:19:47.45,19.28,-59.29,-991.98,70.0,-647.50,-271.25,1,94.315,
01/01/2000,01:19:47.46,19.89,-59.29,-992.35,113.75,-700.0,-218.75,1,94.318,
01/01/2000,01:19:47.47,20.37,-59.54,-991.98,35.0,-717.50,-358.75,1,94.322,
01/01/2000,01:19:47.48,20.86,-60.27,-991.62,113.75,-778.75,-262.50,1,94.325,
01/01/2000,01:19:47.49,21.11,-60.27,-991.37,113.75,-656.25,-358.75,1,94.329,
01/01/2000,01:19:47.50,21.23,-60.27,-991.25,201.25,-708.75,-463.75,1,94.332,
01/01/2000,01:19:47.51,21.11,-59.54,-991.25,148.75,-761.25,-341.25,1,94.336,
01/01/2000,01:19:47.52,20.62,-59.41,-991.37,148.75,-778.75,-227.50,1,94.340,
01/01/2000,01:19:47.53,20.50,-59.41,-991.49,245.0,-656.25,-288.75,1,94.343,
01/01/2000,01:19:47.54,20.50,-59.54,-992.10,122.50,-638.75,-332.50,1,94.347,
01/01/2000,01:19:47.55,20.74,-59.66,-992.10,-35.0,-805.0,-315.0,1,94.350,
01/01/2000,01:19:47.56,20.86,-60.02,-991.98,280.0,-691.25,-341.25,1,94.354,
01/01/2000,01:19:47.57,20.86,-59.78,-991.37,-8.75,-770.0,-271.25,1,94.298,
01/01/2000,01:19:47.58,20.74,-59.78,-991.37,43.75,-708.75,-455.0,1,94.302,
01/01/2000,01:19:47.59,20.50,-59.66,-991.37,87.50,-848.75,-218.75,1,94.305,
01/01/2000,01:19:47.60,19.28,-59.78,-991.62,78.75,-656.25,-96.25,1,94.309,
01/01/2000,01:19:47.61,18.42,-59.66,-991.74,70.0,-691.25,-376.25,1,94.313,
01/01/2000,01:19:47.62,17.81,-59.90,-991.74,315.0,-586.25,-385.0,1,94.316,
01/01/2000,01:19:47.63,18.30,-59.17,-991.74,113.75,-717.50,-490.0,1,94.320,
01/01/2000,01:19:47.64,19.03,-59.29,-991.62,402.50,-700.0,-367.50,1,94.323,
01/01/2000,01:19:47.65,20.74,-59.29,-991.49,131.25,-603.75,-437.50,1,94.327,
01/01/2000,01:19:47.66,21.47,-59.66,-991.37,113.75,-647.50,-297.50,1,94.330,
01/01/2000,01:19:47.67,21.72,-60.02,-991.13,96.25,-717.50,-411.25,1,94.334,
01/01/2000,01:19:47.68,21.47,-60.02,-991.13,122.50,-673.75,-358.75,1,94.337,
01/01/2000,01:19:47.69,20.86,-59.54,-991.25,70.0,-708.75,-350.0,1,94.341,
01/01/2000,01:19:47.70,20.13,-59.17,-991.49,227.50,-673.75,-332.50,1,94.344,
01/01/2000,01:19:47.72,19.76,-58.68,-991.62,78.75,-717.50,-271.25,1,94.348,
01/01/2000,01:19:47.73,19.89,-58.80,-991.49,8.75,-752.50,-280.0,1,94.351,
01/01/2000,01:19:47.74,20.25,-59.05,-991.37,245.0,-586.25,-402.50,1,94.355,
01/01/2000,01:19:47.75,20.98,-59.41,-991.01,227.50,-743.75,-306.25,1,94.358,
01/01/2000,01:19:47.76,22.08,-59.78,-991.01,227.50,-743.75,-306.25,1,94.362,
01/01/2000,01:19:47.77,22.20,-59.66,-991.01,122.50,-735.0,-297.50,1,94.365,
01/01/2000,01:19:47.78,20.98,-59.54,-991.01,210.0,-813.75,-481.25,1,94.369,
01/01/2000,01:19:47.79,19.76,-59.41,-991.62,26.25,-857.50,-87.50,1,94.372,
01/01/2000,01:19:47.80,18.79,-59.29,-993.08,288.75,-595.0,-437.50,1,94.317,
01/01/2000,01:19:47.81,18.30,-59.41,-993.81,323.75,-691.25,-332.50,1,94.379,
01/01/2000,01:19:47.82,18.30,-58.68,-993.81,227.50,-595.0,-411.25,1,94.324,
01/01/2000,01:19:47.83,19.28,-58.93,-992.84,245.0,-533.75,-367.50,1,94.328,
01/01/2000,01:19:47.84,20.25,-59.05,-991.74,306.25,-630.0,-306.25,1,94.331,
01/01/2000,01:19:47.86,21.59,-59.78,-990.88,113.75,-787.50,-218.75,1,94.335,
01/01/2000,01:19:47.87,21.96,-60.27,-990.88,210.0,-735.0,-393.75,1,94.338,
01/01/2000,01:19:47.88,21.23,-60.27,-991.86,192.50,-752.50,-367.50,1,94.342,
01/01/2000,01:19:47.89,20.62,-59.05,-992.47,52.50,-700.0,-463.75,1,94.345,
01/01/2000,01:19:47.90,20.13,-59.05,-992.59,113.75,-612.50,-245.0,1,94.349,
01/01/2000,01:19:47.91,19.89,-58.44,-992.59,376.25,-621.25,-358.75,1,94.352,
01/01/2000,01:19:47.92,19.76,-59.05,-992.10,148.75,-743.75,-166.25,1,94.356,
01/01/2000,01:19:47.93,20.25,-59.54,-991.49,227.50,-691.25,-525.0,1,94.359,
01/01/2000,01:19:47.94,21.35,-60.02,-991.25,70.0,-717.50,-463.75,1,94.363,
01/01/2000,01:19:47.95,21.96,-60.02,-991.13,253.75,-796.25,-350.0,1,94.308,
01/01/2000,01:19:47.97,21.72,-59.54,-991.37,17.50,-831.25,-341.25,1,94.312,
01/01/2000,01:19:47.98,20.50,-59.29,-991.49,140.0,-726.25,-113.75,1,94.315,
01/01/2000,01:19:47.99,18.67,-58.93,-991.86,78.75,-621.25,-315.0,1,94.319,
01/01/2000,01:19:48.00,17.81,-59.17,-991.98,210.0,-726.25,-315.0,1,94.322,
01/01/2000,01:19:48.01,17.57,-59.29,-991.86,192.50,-673.75,-376.25,1,94.326,
01/01/2000,01:19:48.02,18.30,-59.29,-991.62,78.75,-708.75,-402.50,1,94.329,
01/01/2000,01:19:48.03,19.40,-59.41,-991.62,140.0,-612.50,-420.0,1,94.333,
01/01/2000,01:19:48.04,20.50,-59.66,-991.49,157.50,-612.50,-393.75,1,94.336,
01/01/2000,01:19:48.05,21.47,-59.66,-991.49,140.0,-708.75,-297.50,1,94.340,
01/01/2000,01:19:48.06,21.84,-59.54,-991.01,52.50,-796.25,-315.0,1,94.343,
01/01/2000,01:19:48.07,21.96,-59.54,-990.64,227.50,-682.50,-271.25,1,94.347,
01/01/2000,01:19:48.08,21.47,-59.78,-990.76,148.75,-743.75,-385.0,1,94.350,
01/01/2000,01:19:48.09,20.62,-59.41,-991.25,140.0,-770.0,-306.25,1,94.353,
01/01/2000,01:19:48.10,19.76,-59.54,-991.62,122.50,-726.25,-315.0,1,94.357,
01/01/2000,01:19:48.11,19.52,-59.41,-991.86,113.75,-805.0,-385.0,1,94.360,
01/01/2000,01:19:48.12,19.40,-59.05,-992.10,183.75,-621.25,-271.25,1,94.364,
01/01/2000,01:19:48.13,20.50,-59.29,-991.74,271.25,-612.50,-341.25,1,94.310,
01/01/2000,01:19:48.14,21.35,-59.54,-991.25,113.75,-717.50,-192.50,1,94.313,
01/01/2000,01:19:48.15,21.47,-60.02,-990.76,87.50,-796.25,-96.25,1,94.317,
01/01/2000,01:19:48.16,20.25,-60.15,-990.76,192.50,-778.75,-288.75,1,94.320,
01/01/2000,01:19:48.17,19.28,-60.27,-991.01,113.75,-743.75,-297.50,1,94.324,
01/01/2000,01:19:48.18,18.42,-60.02,-991.37,192.50,-831.25,-525.0,1,94.327,
01/01/2000,01:19:48.19,18.06,-59.41,-992.23,157.50,-577.50,-358.75,1,94.331,
01/01/2000,01:19:48.21,18.42,-58.56,-992.59,227.50,-700.0,-341.25,1,94.334,
01/01/2000,01:19:48.22,19.76,-58.80,-992.10,183.75,-682.50,-315.0,1,94.337,
01/01/2000,01:19:48.23,20.98,-59.17,-991.62,87.50,-726.25,-297.50,1,94.341,
01/01/2000,01:19:48.24,21.96,-60.02,-991.13,218.75,-717.50,-385.0,1,94.344,
01/01/2000,01:19:48.25,22.45,-60.27,-991.01,61.25,-743.75,-428.75,1,94.348,
01/01/2000,01:19:48.26,22.08,-60.27,-991.25,227.50,-796.25,-288.75,1,94.351,
01/01/2000,01:19:48.27,21.23,-59.66,-991.62,105.0,-586.25,-315.0,1,94.354,
01/01/2000,01:19:48.28,19.40,-59.05,-992.23,253.75,-673.75,-253.75,1,94.358,
01/01/2000,01:19:48.29,18.30,-58.56,-992.35,105.0,-647.50,-385.0,1,94.361,
01/01/2000,01:19:48.30,17.81,-58.93,-992.47,131.25,-665.0,-183.75,1,94.365,
01/01/2000,01:19:48.31,18.54,-59.29,-992.59,166.25,-726.25,-332.50,1,94.368,
01/01/2000,01:19:48.32,20.37,-59.54,-992.10,140.0,-630.0,-498.75,1,94.371,
01/01/2000,01:19:48.33,21.47,-59.78,-991.62,157.50,-875.0,-463.75,1,94.375,
01/01/2000,01:19:48.34,22.20,-59.78,-990.52,157.50,-708.75,-183.75,1,94.322,
01/01/2000,01:19:48.35,21.59,-59.78,-990.52,140.0,-901.25,-271.25,1,94.325,
01/01/2000,01:19:48.36,20.37,-59.78,-990.88,148.75,-691.25,-288.75,1,94.328,
01/01/2000,01:19:48.37,18.91,-59.29,-991.98,148.75,-603.75,-367.50,1,94.332,
01/01/2000,01:19:48.38,17.93,-59.05,-992.59,175.0,-682.50,-542.50,1,94.335,
01/01/2000,01:19:48.40,18.18,-58.93,-993.08,131.25,-673.75,-358.75,1,94.339,
01/01/2000,01:19:48.41,19.03,-58.80,-992.96,113.75,-665.0,-341.25,1,94.342,
01/01/2000,01:19:48.42,20.74,-59.29,-991.86,271.25,-691.25,-271.25,1,94.345,
01/01/2000,01:19:48.43,21.47,-60.02,-990.76,271.25,-857.50,-463.75,1,94.349,
01/01/2000,01:19:48.44,21.96,-60.27,-990.40,166.25,-822.50,-463.75,1,94.352,
01/01/2000,01:19:48.45,22.08,-60.02,-990.52,78.75,-717.50,-332.50,1,94.355,
01/01/2000,01:19:48.46,20.86,-59.78,-991.37,166.25,-691.25,-376.25,1,94.303,
01/01/2000,01:19:48.48,19.28,-59.29,-992.35,131.25,-612.50,-245.0,1,94.306,
01/01/2000,01:19:48.49,18.91,-58.93,-992.47,157.50,-621.25,-376.25,1,94.309,
01/01/2000,01:19:48.50,19.03,-58.93,-992.59,113.75,-761.25,-271.25,1,94.313,
01/01/2000,01:19:48.51,19.76,-59.17,-992.10,288.75,-595.0,-332.50,1,94.316,
01/01/2000,01:19:48.52,21.11,-59.66,-991.62,201.25,-726.25,-358.75,1,94.320,
01/01/2000,01:19:48.53,21.47,-59.78,-991.13,70.0,-691.25,-341.25,1,94.323,
01/01/2000,01:19:48.54,21.23,-59.78,-990.88,201.25,-770.0,-236.25,1,94.326,
01/01/2000,01:19:48.55,20.25,-59.78,-991.25,227.50,-770.0,-393.75,1,94.330,
01/01/2000,01:19:48.56,18.91,-59.41,-991.74,192.50,-717.50,-428.75,1,94.333,
01/01/2000,01:19:48.57,18.18,-58.93,-992.10,183.75,-638.75,-297.50,1,94.336,
01/01/2000,01:19:48.58,18.18,-58.56,-992.59,122.50,-665.0,-288.75,1,94.340,
01/01/2000,01:19:48.59,18.91,-58.80,-992.84,87.50,-778.75,-350.0,1,94.343,
01/01/2000,01:19:48.60,19.76,-59.05,-992.47,61.25,-682.50,-350.0,1,94.346,
01/01/2000,01:19:48.61,20.25,-59.78,-991.86,288.75,-840.0,-227.50,1,94.350,
01/01/2000,01:19:48.62,20.98,-59.78,-991.25,175.0,-735.0,-402.50,1,94.353,
01/01/2000,01:19:48.63,21.23,-60.15,-991.01,131.25,-796.25,-350.0,1,94.356,
01/01/2000,01:19:48.64,21.23,-59.66,-991.25,8.75,-761.25,-490.0,1,94.360,
01/01/2000,01:19:48.65,20.86,-59.29,-991.62,122.50,-787.50,-236.25,1,94.363,
01/01/2000,01:19:48.66,20.50,-58.93,-992.10,35.0,-638.75,-175.0,1,94.366,
01/01/2000,01:19:48.67,19.52,-59.05,-992.23,218.75,-682.50,-245.0,1,94.369,
01/01/2000,01:19:48.68,19.28,-59.05,-992.23,166.25,-638.75,-358.75,1,94.373,
01/01/2000,01:19:48.69,19.52,-59.41,-992.10,140.0,-673.75,-525.0,1,94.376,
01/01/2000,01:19:48.70,20.50,-59.54,-991.74,140.0,-700.0,-507.50,1,94.324,
01/01/2000,01:19:48.71,20.98,-59.66,-991.37,175.0,-682.50,-288.75,1,94.327,
01/01/2000,01:19:48.72,20.98,-59.66,-991.13,78.75,-691.25,-358.75,1,94.331,
01/01/2000,01:19:48.73,20.01,-59.78,-991.13,148.75,-735.0,-323.75,1,94.334,
01/01/2000,01:19:48.74,19.03,-59.78,-991.49,140.0,-743.75,-350.0,1,94.337,
01/01/2000,01:19:48.75,18.06,-59.54,-992.10,140.0,-717.50,-323.75,1,94.341,
01/01/2000,01:19:48.77,17.81,-59.29,-992.71,175.0,-577.50,-420.0,1,94.344,
01/01/2000,01:19:48.78,17.81,-59.29,-992.84,183.75,-638.75,-323.75,1,94.347,
01/01/2000,01:19:48.79,19.03,-59.29,-992.23,148.75,-717.50,-472.50,1,94.351,
01/01/2000,01:19:48.80,20.01,-59.54,-991.62,148.75,-735.0,-428.75,1,94.354,
01/01/2000,01:19:48.81,21.11,-59.78,-991.13,78.75,-630.0,-315.0,1,94.357,
01/01/2000,01:19:48.82,21.72,-60.02,-990.76,253.75,-805.0,-446.25,1,94.360,
01/01/2000,01:19:48.83,21.84,-60.27,-990.76,148.75,-682.50,-262.50,1,94.364,
01/01/2000,01:19:48.84,20.74,-59.90,-991.01,87.50,-700.0,-288.75,1,94.312,
01/01/2000,01:19:48.85,19.52,-59.54,-991.49,218.75,-752.50,-385.0,1,94.370,
01/01/2000,01:19:48.86,18.79,-59.29,-992.10,157.50,-542.50,-350.0,1,94.319,
01/01/2000,01:19:48.87,18.54,-59.29,-992.35,148.75,-656.25,-218.75,1,94.322,
01/01/2000,01:19:48.88,18.79,-59.29,-992.47,17.50,-673.75,-490.0,1,94.325,
01/01/2000,01:19:48.89,20.25,-59.29,-992.23,201.25,-717.50,-393.75,1,94.329,
01/01/2000,01:19:48.91,20.98,-59.66,-991.25,131.25,-708.75,-315.0,1,94.332,
01/01/2000,01:19:48.92,20.74,-59.90,-990.64,183.75,-805.0,-192.50,1,94.335,
01/01/2000,01:19:48.93,20.01,-60.15,-990.27,192.50,-700.0,-367.50,1,94.339,
01/01/2000,01:19:48.94,19.40,-59.90,-990.64,218.75,-813.75,-455.0,1,94.342,
01/01/2000,01:19:48.95,19.28,-59.29,-991.74,70.0,-770.0,-385.0,1,94.345,
01/01/2000,01:19:48.96,19.52,-59.05,-992.35,463.75,-726.25,-245.0,1,94.348,
01/01/2000,01:19:48.97,20.25,-58.80,-992.23,157.50,-708.75,-306.25,1,94.297,
01/01/2000,01:19:48.99,21.23,-59.41,-991.62,70.0,-630.0,-358.75,1,94.301,
01/01/2000,01:19:49.00,21.96,-59.54,-991.13,192.50,-647.50,-332.50,1,94.304,
01/01/2000,01:19:49.01,22.33,-60.02,-990.52,148.75,-700.0,-428.75,1,94.307,
01/01/2000,01:19:49.02,21.84,-59.78,-990.52,183.75,-778.75,-262.50,1,94.310,
01/01/2000,01:19:49.03,20.98,-59.29,-990.88,70.0,-743.75,-393.75,1,94.314,
01/01/2000,01:19:49.04,19.89,-59.17,-991.49,297.50,-796.25,-341.25,1,94.317,
01/01/2000,01:19:49.05,18.91,-58.80,-992.59,227.50,-682.50,-236.25,1,94.320,
01/01/2000,01:19:49.06,18.54,-59.05,-992.71,218.75,-665.0,-288.75,1,94.323,
01/01/2000,01:19:49.07,18.91,-59.17,-992.47,210.0,-656.25,-280.0,1,94.327,
01/01/2000,01:19:49.08,19.15,-59.54,-991.62,148.75,-717.50,-472.50,1,94.330,
01/01/2000,01:19:49.09,20.37,-59.66,-991.01,122.50,-770.0,-218.75,1,94.333,
01/01/2000,01:19:49.10,20.74,-59.78,-990.64,87.50,-787.50,-280.0,1,94.336,
01/01/2000,01:19:49.11,20.25,-59.90,-990.64,306.25,-778.75,-393.75,1,94.340,
01/01/2000,01:19:49.12,19.03,-59.54,-991.37,271.25,-691.25,-358.75,1,94.343,
01/01/2000,01:19:49.13,18.54,-59.17,-991.98,227.50,-691.25,-236.25,1,94.346,
01/01/2000,01:19:49.14,18.30,-58.56,-992.71,113.75,-778.75,-315.0,1,94.295,
01/01/2000,01:19:49.15,19.03,-58.56,-992.59,166.25,-621.25,-236.25,1,94.353,
01/01/2000,01:19:49.16,19.52,-58.68,-992.10,183.75,-525.0,-428.75,1,94.302,
01/01/2000,01:19:49.17,20.50,-59.05,-991.37,201.25,-770.0,-315.0,1,94.305,
01/01/2000,01:19:49.18,21.11,-59.41,-990.27,140.0,-770.0,-455.0,1,94.308,
01/01/2000,01:19:49.20,21.72,-59.66,-990.27,105.0,-770.0,-367.50,1,94.312,
01/01/2000,01:19:49.21,20.98,-59.54,-990.88,210.0,-665.0,-323.75,1,94.315,
01/01/2000,01:19:49.22,20.01,-59.54,-991.86,122.50,-621.25,-306.25,1,94.318,
01/01/2000,01:19:49.23,19.28,-59.17,-992.71,192.50,-726.25,-315.0,1,94.321,
01/01/2000,01:19:49.24,18.79,-58.68,-993.20,218.75,-656.25,-253.75,1,94.325,
01/01/2000,01:19:49.25,19.15,-58.32,-993.32,201.25,-656.25,-472.50,1,94.328,
01/01/2000,01:19:49.26,20.37,-58.56,-993.08,148.75,-647.50,-332.50,1,94.331,
01/01/2000,01:19:49.27,21.23,-59.05,-991.74,227.50,-735.0,-218.75,1,94.334,
01/01/2000,01:19:49.28,21.11,-59.66,-990.76,175.0,-831.25,-262.50,1,94.337,
01/01/2000,01:19:49.29,20.50,-60.27,-990.40,271.25,-840.0,-411.25,1,94.341,
01/01/2000,01:19:49.30,19.64,-59.90,-991.13,35.0,-735.0,-472.50,1,94.344,
01/01/2000,01:19:49.31,18.42,-59.41,-992.35,52.50,-708.75,-332.50,1,94.347,
01/01/2000,01:19:49.32,18.18,-59.05,-993.32,306.25,-603.75,-376.25,1,94.350,
01/01/2000,01:19:49.33,18.54,-58.32,-993.81,236.25,-656.25,-183.75,1,94.300,
01/01/2000,01:19:49.34,19.15,-58.80,-993.20,192.50,-665.0,-297.50,1,94.303,
01/01/2000,01:19:49.35,20.13,-59.17,-992.35,140.0,-805.0,-262.50,1,94.307,
01/01/2000,01:19:49.36,21.11,-60.27,-990.88,157.50,-586.25,-358.75,1,94.310,
01/01/2000,01:19:49.37,21.47,-60.63,-990.40,140.0,-813.75,-472.50,1,94.313,
01/01/2000,01:19:49.38,21.35,-60.51,-990.40,113.75,-770.0,-455.0,1,94.316,
01/01/2000,01:19:49.39,20.98,-60.27,-990.64,175.0,-787.50,-393.75,1,94.319,
01/01/2000,01:19:49.41,19.64,-59.05,-991.98,52.50,-673.75,-280.0,1,94.323,
01/01/2000,01:19:49.42,18.79,-58.56,-993.08,157.50,-717.50,-297.50,1,94.326,
01/01/2000,01:19:49.43,18.79,-58.80,-993.08,131.25,-656.25,-271.25,1,94.329,
01/01/2000,01:19:49.44,19.40,-58.68,-992.59,-17.50,-630.0,-376.25,1,94.332,
01/01/2000,01:19:49.45,20.37,-59.54,-991.86,236.25,-726.25,-271.25,1,94.335,
01/01/2000,01:19:49.46,21.35,-59.78,-991.25,113.75,-726.25,-385.0,1,94.339,
01/01/2000,01:19:49.47,21.11,-60.27,-990.40,166.25,-682.50,-376.25,1,94.342,
01/01/2000,01:19:49.49,19.03,-59.78,-990.88,218.75,-796.25,-297.50,1,94.292,
01/01/2000,01:19:49.50,18.30,-59.17,-992.10,78.75,-700.0,-402.50,1,94.295,
01/01/2000,01:19:49.51,18.18,-58.56,-993.20,105.0,-691.25,-227.50,1,94.298,
01/01/2000,01:19:49.52,18.54,-58.56,-993.57,245.0,-735.0,-192.50,1,94.302,
01/01/2000,01:19:49.53,19.03,-58.80,-992.96,236.25,-691.25,-280.0,1,94.305,
01/01/2000,01:19:49.54,20.01,-59.29,-992.10,78.75,-691.25,-385.0,1,94.308,
01/01/2000,01:19:49.55,20.98,-59.54,-990.76,-43.75,-770.0,-402.50,1,94.311,
01/01/2000,01:19:49.56,21.59,-60.39,-990.15,105.0,-761.25,-437.50,1,94.314,
01/01/2000,01:19:49.57,21.59,-60.15,-990.03,131.25,-682.50,-358.75,1,94.318,
01/01/2000,01:19:49.58,21.23,-59.90,-990.52,201.25,-735.0,-411.25,1,94.321,
01/01/2000,01:19:49.59,20.98,-59.29,-991.25,105.0,-840.0,-280.0,1,94.324,
01/01/2000,01:19:49.60,20.13,-58.68,-991.98,96.25,-682.50,-201.25,1,94.327,
01/01/2000,01:19:49.61,19.76,-58.80,-992.23,192.50,-682.50,-288.75,1,94.330,
01/01/2000,01:19:49.62,19.52,-59.05,-992.47,43.75,-647.50,-315.0,1,94.333,
01/01/2000,01:19:49.63,19.89,-59.29,-992.10,96.25,-708.75,-271.25,1,94.336,
01/01/2000,01:19:49.64,20.01,-59.78,-991.74,201.25,-691.25,-367.50,1,94.340,
01/01/2000,01:19:49.65,19.76,-59.66,-991.25,175.0,-787.50,-376.25,1,94.343,
01/01/2000,01:19:49.66,19.28,-59.78,-990.88,113.75,-717.50,-280.0,1,94.346,
01/01/2000,01:19:49.67,18.91,-59.66,-991.13,113.75,-735.0,-498.75,1,94.349,
01/01/2000,01:19:49.68,18.91,-59.05,-992.23,183.75,-612.50,-315.0,1,94.352,
01/01/2000,01:19:49.70,19.64,-58.68,-992.84,70.0,-551.25,-350.0,1,94.303,
01/01/2000,01:19:49.71,19.89,-58.80,-992.59,157.50,-700.0,-297.50,1,94.306,
01/01/2000,01:19:49.72,20.01,-58.68,-992.10,210.0,-691.25,-140.0,1,94.309,
01/01/2000,01:19:49.73,20.25,-59.41,-991.62,96.25,-700.0,-367.50,1,94.313,
01/01/2000,01:19:49.74,20.50,-59.78,-991.01,113.75,-813.75,-411.25,1,94.316,
01/01/2000,01:19:49.75,20.50,-59.78,-991.13,192.50,-743.75,-393.75,1,94.319,
01/01/2000,01:19:49.76,20.25,-59.54,-991.62,131.25,-673.75,-306.25,1,94.322,
01/01/2000,01:19:49.77,19.89,-59.17,-992.10,201.25,-691.25,-376.25,1,94.325,
01/01/2000,01:19:49.78,19.64,-59.05,-992.35,245.0,-586.25,-315.0,1,94.328,
01/01/2000,01:19:49.79,19.52,-59.17,-992.23,332.50,-735.0,-341.25,1,94.331,
01/01/2000,01:19:49.80,20.01,-59.29,-992.23,-35.0,-647.50,-271.25,1,94.334,
01/01/2000,01:19:49.81,20.25,-59.66,-991.98,192.50,-726.25,-297.50,1,94.338,
01/01/2000,01:19:49.82,20.74,-59.66,-991.49,122.50,-717.50,-446.25,1,94.341,
01/01/2000,01:19:49.83,20.62,-59.78,-991.25,61.25,-787.50,-227.50,1,94.292,
01/01/2000,01:19:49.84,19.89,-60.02,-991.13,192.50,-770.0,-472.50,1,94.295,
01/01/2000,01:19:49.85,18.79,-59.78,-991.62,183.75,-691.25,-402.50,1,94.298,
01/01/2000,01:19:49.86,18.67,-59.29,-992.23,148.75,-621.25,-323.75,1,94.301,
01/01/2000,01:19:49.87,19.15,-59.05,-992.71,253.75,-682.50,-516.25,1,94.304,
01/01/2000,01:19:49.88,20.01,-58.80,-993.08,35.0,-752.50,-175.0,1,94.308,
01/01/2000,01:19:49.89,20.62,-59.05,-992.35,140.0,-796.25,-140.0,1,94.311,
01/01/2000,01:19:49.91,21.11,-59.41,-991.13,157.50,-726.25,-332.50,1,94.314,
01/01/2000,01:19:49.92,21.23,-60.02,-990.88,210.0,-708.75,-350.0,1,94.317,
01/01/2000,01:19:49.93,21.23,-60.02,-991.01,87.50,-743.75,-498.75,1,94.320,
01/01/2000,01:19:49.94,21.23,-59.78,-991.62,166.25,-752.50,-420.0,1,94.323,
01/01/2000,01:19:49.95,20.62,-59.54,-992.23,262.50,-787.50,-323.75,1,94.326,
01/01/2000,01:19:49.96,19.52,-58.93,-992.71,166.25,-621.25,-192.50,1,94.329,
01/01/2000,01:19:49.97,19.28,-58.80,-993.08,271.25,-673.75,-358.75,1,94.332,
01/01/2000,01:19:49.98,19.52,-58.56,-992.84,87.50,-691.25,-227.50,1,94.336,
01/01/2000,01:19:50.00,20.37,-59.29,-991.49,192.50,-630.0,-367.50,1,94.287,
01/01/2000,01:19:50.01,20.13,-59.54,-990.76,131.25,-857.50,-341.25,1,94.290,
01/01/2000,01:19:50.02,19.76,-59.90,-990.40,-8.75,-726.25,-166.25,1,94.293,
01/01/2000,01:19:50.03,19.15,-60.02,-991.25,253.75,-735.0,-446.25,1,94.297,
01/01/2000,01:19:50.04,18.79,-59.54,-992.47,183.75,-691.25,-393.75,1,94.300,
01/01/2000,01:19:50.05,19.03,-59.29,-993.32,78.75,-726.25,-218.75,1,94.303,
01/01/2000,01:19:50.06,19.28,-59.05,-993.81,175.0,-700.0,-157.50,1,94.306,
01/01/2000,01:19:50.07,19.89,-59.05,-992.84,87.50,-665.0,-306.25,1,94.309,
01/01/2000,01:19:50.08,20.50,-59.29,-991.62,87.50,-673.75,-262.50,1,94.312,
01/01/2000,01:19:50.09,20.74,-59.54,-990.52,183.75,-691.25,-297.50,1,94.315,
01/01/2000,01:19:50.10,20.98,-59.90,-989.79,140.0,-778.75,-358.75,1,94.318,
01/01/2000,01:19:50.11,20.86,-60.15,-989.91,201.25,-752.50,-490.0,1,94.270,
01/01/2000,01:19:50.12,20.62,-59.78,-990.52,227.50,-752.50,-306.25,1,94.273,
01/01/2000,01:19:50.13,20.01,-59.41,-991.13,262.50,-638.75,-236.25,1,94.276,
01/01/2000,01:19:50.14,19.15,-58.80,-991.62,262.50,-848.75,-253.75,1,94.280,
01/01/2000,01:19:50.15,17.81,-58.68,-991.62,87.50,-630.0,-140.0,1,94.283,
01/01/2000,01:19:50.16,16.84,-58.80,-991.62,210.0,-621.25,-236.25,1,94.286,
01/01/2000,01:19:50.17,15.49,-59.05,-991.37,175.0,-726.25,-35.0,1,94.289,
01/01/2000,01:19:50.18,13.42,-59.78,-990.88,26.25,-656.25,-52.50,1,94.292,
01/01/2000,01:19:50.19,11.83,-59.90,-991.01,253.75,-770.0,-280.0,1,94.295,
01/01/2000,01:19:50.21,10.74,-59.66,-991.49,157.50,-761.25,-525.0,1,94.298,
01/01/2000,01:19:50.21,10.37,-59.54,-992.47,227.50,-612.50,-708.75,1,94.301,
01/01/2000,01:19:50.23,10.86,-58.80,-993.81,183.75,-560.0,-551.25,1,94.304,
01/01/2000,01:19:50.24,12.57,-58.32,-993.81,96.25,-630.0,-332.50,1,94.307,
01/01/2000,01:19:50.25,13.66,-58.44,-992.96,192.50,-665.0,0.0,1,94.310,
01/01/2000,01:19:50.26,13.66,-59.17,-990.40,192.50,-595.0,-52.50,1,94.313,
01/01/2000,01:19:50.27,12.81,-59.66,-988.81,183.75,-665.0,-288.75,1,94.316,
01/01/2000,01:19:50.28,11.22,-60.27,-988.20,271.25,-717.50,-183.75,1,94.319,
01/01/2000,01:19:50.29,9.52,-60.15,-989.05,157.50,-735.0,-306.25,1,94.322,
01/01/2000,01:19:50.30,7.44,-59.78,-991.13,210.0,-717.50,-472.50,1,94.325,
01/01/2000,01:19:50.31,6.71,-59.05,-992.96,35.0,-735.0,-455.0,1,94.329,
01/01/2000,01:19:50.32,6.34,-58.56,-994.42,157.50,-735.0,-175.0,1,94.332,
01/01/2000,01:19:50.33,7.81,-58.19,-995.03,78.75,-612.50,-236.25,1,94.284,
01/01/2000,01:19:50.34,9.27,-58.44,-994.06,35.0,-682.50,-236.25,1,94.287,
01/01/2000,01:19:50.35,11.59,-59.17,-991.49,131.25,-612.50,-183.75,1,94.290,
01/01/2000,01:19:50.36,13.18,-59.54,-989.54,113.75,-691.25,-472.50,1,94.293,
01/01/2000,01:19:50.37,14.15,-60.15,-988.44,157.50,-682.50,-420.0,1,94.296,
01/01/2000,01:19:50.38,14.40,-60.27,-989.18,323.75,-726.25,-332.50,1,94.299,
01/01/2000,01:19:50.40,13.91,-60.02,-991.37,105.0,-743.75,0.0,1,94.302,
01/01/2000,01:19:50.41,13.05,-59.54,-993.81,148.75,-595.0,-245.0,1,94.305,
01/01/2000,01:19:50.42,12.69,-58.68,-994.79,210.0,-595.0,-332.50,1,94.309,
01/01/2000,01:19:50.43,13.42,-58.07,-994.79,131.25,-507.50,-358.75,1,94.312,
01/01/2000,01:19:50.44,14.64,-58.32,-993.81,148.75,-568.75,-52.50,1,94.315,
01/01/2000,01:19:50.45,16.10,-58.80,-992.35,122.50,-682.50,-201.25,1,94.318,
01/01/2000,01:19:50.46,17.08,-60.02,-989.91,227.50,-840.0,-332.50,1,94.321,
01/01/2000,01:19:50.47,17.81,-60.76,-989.42,140.0,-691.25,-533.75,1,94.324,
01/01/2000,01:19:50.48,18.06,-60.76,-990.64,140.0,-673.75,-621.25,1,94.327,
01/01/2000,01:19:50.49,18.06,-59.90,-992.10,183.75,-612.50,-516.25,1,94.330,
01/01/2000,01:19:50.50,17.32,-58.56,-992.71,78.75,-647.50,-236.25,1,94.283,
01/01/2000,01:19:50.52,17.20,-57.83,-992.10,210.0,-656.25,-61.25,1,94.286,
01/01/2000,01:19:50.53,17.81,-58.07,-991.86,148.75,-708.75,-192.50,1,94.289,
01/01/2000,01:19:50.54,18.67,-58.80,-991.86,113.75,-656.25,-122.50,1,94.292,
01/01/2000,01:19:50.55,19.15,-60.15,-991.37,253.75,-691.25,-140.0,1,94.295,
01/01/2000,01:19:50.56,19.03,-60.63,-990.88,183.75,-700.0,-437.50,1,94.298,
01/01/2000,01:19:50.57,19.03,-60.63,-991.13,148.75,-682.50,-656.25,1,94.301,
01/01/2000,01:19:50.58,19.03,-60.02,-991.62,227.50,-752.50,-411.25,1,94.304,
01/01/2000,01:19:50.59,19.15,-59.17,-992.35,157.50,-595.0,-201.25,1,94.307,
01/01/2000,01:19:50.60,18.79,-58.32,-992.10,315.0,-682.50,-140.0,1,94.310,
01/01/2000,01:19:50.61,18.79,-58.19,-991.86,52.50,-673.75,-131.25,1,94.313,
01/01/2000,01:19:50.62,19.03,-58.93,-991.74,113.75,-708.75,-210.0,1,94.316,
01/01/2000,01:19:50.63,19.52,-60.02,-991.86,166.25,-673.75,-201.25,1,94.319,
01/01/2000,01:19:50.64,19.76,-60.27,-991.74,78.75,-665.0,-411.25,1,94.322,
01/01/2000,01:19:50.65,19.76,-60.76,-991.62,175.0,-673.75,-463.75,1,94.325,
01/01/2000,01:19:50.66,19.52,-60.15,-991.37,236.25,-691.25,-525.0,1,94.328,
01/01/2000,01:19:50.67,19.52,-59.41,-991.86,192.50,-673.75,-358.75,1,94.331,
01/01/2000,01:19:50.68,19.52,-58.80,-992.10,402.50,-498.75,-280.0,1,94.334,
01/01/2000,01:19:50.69,19.40,-58.32,-992.35,78.75,-691.25,-280.0,1,94.337,
01/01/2000,01:19:50.70,19.52,-58.93,-992.10,148.75,-656.25,-288.75,1,94.340,
01/01/2000,01:19:50.71,19.64,-59.41,-992.10,218.75,-595.0,-306.25,1,94.343,
01/01/2000,01:19:50.72,19.52,-59.90,-991.49,192.50,-682.50,-210.0,1,94.346,
01/01/2000,01:19:50.73,19.15,-60.27,-989.91,227.50,-595.0,-350.0,1,94.349,
01/01/2000,01:19:50.74,18.42,-59.90,-988.44,175.0,-743.75,-210.0,1,94.351,
01/01/2000,01:19:50.75,17.93,-59.29,-987.35,157.50,-787.50,-315.0,1,94.305,
01/01/2000,01:19:50.77,17.81,-58.80,-986.86,218.75,-647.50,-192.50,1,94.308,
01/01/2000,01:19:50.77,16.84,-58.32,-986.13,-43.75,-682.50,-148.75,1,94.311,
01/01/2000,01:19:50.79,16.59,-58.56,-985.03,131.25,-717.50,-35.0,1,94.314,
01/01/2000,01:19:50.80,16.96,-58.80,-984.30,236.25,-700.0,-253.75,1,94.317,
01/01/2000,01:19:50.81,16.71,-58.93,-984.05,113.75,-813.75,-332.50,1,94.320,
01/01/2000,01:19:50.82,17.32,-59.78,-985.03,175.0,-682.50,-192.50,1,94.323,
01/01/2000,01:19:50.83,16.71,-59.54,-985.52,17.50,-551.25,-70.0,1,94.326,
01/01/2000,01:19:50.84,15.74,-59.41,-985.27,87.50,-700.0,-70.0,1,94.329,
01/01/2000,01:19:50.85,14.40,-58.80,-984.30,78.75,-638.75,-148.75,1,94.332,
01/01/2000,01:19:50.86,13.42,-58.32,-982.83,17.50,-498.75,-201.25,1,94.335,
01/01/2000,01:19:50.87,12.93,-58.07,-980.39,183.75,-691.25,-131.25,1,94.338,
01/01/2000,01:19:50.88,13.18,-58.56,-979.05,148.75,-647.50,-78.75,1,94.341,
01/01/2000,01:19:50.89,14.40,-59.05,-978.93,8.75,-726.25,-358.75,1,94.295,
01/01/2000,01:19:50.90,15.25,-60.02,-980.27,332.50,-805.0,-280.0,1,94.298,
01/01/2000,01:19:50.91,15.86,-60.15,-982.10,280.0,-700.0,-210.0,1,94.301,
01/01/2000,01:19:50.92,15.74,-59.90,-984.30,192.50,-770.0,-192.50,1,94.303,
01/01/2000,01:19:50.93,15.37,-59.05,-986.74,210.0,-630.0,-17.50,1,94.306,
01/01/2000,01:19:50.94,14.88,-58.32,-987.35,70.0,-560.0,26.25,1,94.309,
01/01/2000,01:19:50.95,14.40,-57.95,-987.10,148.75,-612.50,236.25,1,94.312,
01/01/2000,01:19:50.97,14.88,-58.56,-986.49,113.75,-630.0,-192.50,1,94.315,
01/01/2000,01:19:50.98,15.86,-59.05,-986.49,43.75,-691.25,-218.75,1,94.318,
01/01/2000,01:19:50.99,17.32,-60.02,-986.25,367.50,-612.50,-367.50,1,94.321,
01/01/2000,01:19:51.00,18.06,-60.27,-985.88,201.25,-743.75,-341.25,1,94.324,
01/01/2000,01:19:51.01,18.79,-59.90,-986.00,105.0,-691.25,-367.50,1,94.327,
01/01/2000,01:19:51.02,19.03,-59.54,-986.74,210.0,-656.25,-227.50,1,94.281,
01/01/2000,01:19:51.03,19.15,-58.80,-988.93,131.25,-743.75,-140.0,1,94.284,
01/01/2000,01:19:51.04,19.03,-58.80,-990.64,175.0,-700.0,-43.75,1,94.287,
01/01/2000,01:19:51.05,18.79,-58.93,-991.62,113.75,-630.0,-87.50,1,94.290,
01/01/2000,01:19:51.06,18.54,-59.29,-992.10,201.25,-525.0,-105.0,1,94.293,
01/01/2000,01:19:51.07,18.42,-59.29,-991.62,35.0,-708.75,-402.50,1,94.296,
01/01/2000,01:19:51.08,18.30,-59.41,-990.88,183.75,-595.0,-428.75,1,94.299,
01/01/2000,01:19:51.09,19.03,-59.29,-990.03,26.25,-612.50,-315.0,1,94.302,
01/01/2000,01:19:51.11,19.64,-59.17,-989.18,210.0,-691.25,-385.0,1,94.305,
01/01/2000,01:19:51.12,20.13,-59.05,-989.30,148.75,-708.75,-323.75,1,94.308,
01/01/2000,01:19:51.13,20.50,-59.41,-989.91,113.75,-717.50,-350.0,1,94.311,
01/01/2000,01:19:51.14,20.62,-59.41,-991.01,87.50,-665.0,-341.25,1,94.314,
01/01/2000,01:19:51.15,20.13,-59.78,-992.35,236.25,-621.25,-210.0,1,94.316,
01/01/2000,01:19:51.16,19.64,-59.66,-992.59,122.50,-682.50,-385.0,1,94.319,
01/01/2000,01:19:51.17,19.28,-59.54,-992.47,210.0,-682.50,-341.25,1,94.322,
01/01/2000,01:19:51.18,19.28,-58.80,-991.86,96.25,-647.50,-455.0,1,94.325,
01/01/2000,01:19:51.19,19.52,-59.05,-991.74,175.0,-630.0,-367.50,1,94.328,
01/01/2000,01:19:51.20,20.25,-58.80,-992.59,35.0,-726.25,-446.25,1,94.331,
01/01/2000,01:19:51.21,20.86,-59.78,-994.79,201.25,-770.0,-288.75,1,94.334,
01/01/2000,01:19:51.22,20.50,-59.90,-994.79,192.50,-542.50,-271.25,1,94.337,
01/01/2000,01:19:51.23,19.64,-60.02,-994.06,122.50,-647.50,-245.0,1,94.340,
01/01/2000,01:19:51.24,18.79,-59.05,-992.10,70.0,-638.75,-507.50,1,94.294,
01/01/2000,01:19:51.25,18.79,-58.93,-990.76,105.0,-770.0,-428.75,1,94.297,
01/01/2000,01:19:51.26,19.52,-58.56,-989.66,183.75,-700.0,-350.0,1,94.300,
01/01/2000,01:19:51.27,20.13,-59.17,-989.54,166.25,-656.25,-253.75,1,94.303,
01/01/2000,01:19:51.28,20.50,-59.54,-989.66,-61.25,-726.25,-323.75,1,94.306,
01/01/2000,01:19:51.29,20.74,-60.02,-989.91,262.50,-787.50,-428.75,1,94.309,
01/01/2000,01:19:51.30,20.62,-60.02,-990.76,201.25,-630.0,-472.50,1,94.312,
01/01/2000,01:19:51.32,20.13,-59.78,-991.98,192.50,-787.50,-315.0,1,94.315,
01/01/2000,01:19:51.33,19.52,-58.80,-993.20,43.75,-796.25,-253.75,1,94.318,
01/01/2000,01:19:51.34,19.52,-58.68,-994.06,140.0,-516.25,-236.25,1,94.320,
01/01/2000,01:19:51.35,19.28,-58.80,-994.54,271.25,-656.25,-358.75,1,94.323,
01/01/2000,01:19:51.36,19.40,-58.93,-994.54,70.0,-612.50,-315.0,1,94.326,
01/01/2000,01:19:51.37,19.64,-59.78,-993.69,183.75,-665.0,-376.25,1,94.329,
01/01/2000,01:19:51.38,19.76,-59.78,-992.84,-35.0,-691.25,-463.75,1,94.332,
01/01/2000,01:19:51.39,20.25,-59.90,-992.47,140.0,-682.50,-463.75,1,94.287,
01/01/2000,01:19:51.40,20.25,-60.02,-992.35,70.0,-822.50,-420.0,1,94.290,
01/01/2000,01:19:51.41,20.25,-59.29,-992.35,245.0,-708.75,-350.0,1,94.293,
01/01/2000,01:19:51.42,20.01,-58.93,-992.10,52.50,-708.75,-96.25,1,94.296,
01/01/2000,01:19:51.43,19.28,-59.05,-991.37,166.25,-630.0,-315.0,1,94.299,
01/01/2000,01:19:51.44,19.03,-59.05,-991.37,236.25,-778.75,-297.50,1,94.302,
01/01/2000,01:19:51.46,19.40,-59.17,-991.49,78.75,-612.50,-288.75,1,94.304,
01/01/2000,01:19:51.47,19.64,-59.17,-991.62,26.25,-638.75,-332.50,1,94.307,
01/01/2000,01:19:51.48,19.89,-59.17,-991.86,96.25,-621.25,-367.50,1,94.310,
01/01/2000,01:19:51.49,20.01,-59.17,-991.98,245.0,-700.0,-271.25,1,94.313,
01/01/2000,01:19:51.50,19.76,-59.05,-992.10,105.0,-665.0,-437.50,1,94.316,
01/01/2000,01:19:51.51,19.89,-59.05,-992.35,131.25,-752.50,-420.0,1,94.319,
01/01/2000,01:19:51.52,20.01,-59.05,-992.96,-52.50,-603.75,-350.0,1,94.274,
01/01/2000,01:19:51.54,19.89,-59.17,-992.96,297.50,-603.75,-420.0,1,94.277,
01/01/2000,01:19:51.55,19.76,-59.41,-992.84,113.75,-568.75,-411.25,1,94.280,
01/01/2000,01:19:51.56,19.76,-59.29,-992.84,201.25,-673.75,-428.75,1,94.283,
01/01/2000,01:19:51.57,19.89,-59.29,-992.47,78.75,-673.75,-332.50,1,94.286,
01/01/2000,01:19:51.58,19.76,-59.05,-992.10,17.50,-708.75,-428.75,1,94.289,
01/01/2000,01:19:51.59,20.13,-59.05,-992.10,26.25,-796.25,-341.25,1,94.291,
01/01/2000,01:19:51.60,20.25,-59.29,-992.35,315.0,-647.50,-323.75,1,94.294,
01/01/2000,01:19:51.61,20.25,-58.93,-992.35,78.75,-673.75,-358.75,1,94.297,
01/01/2000,01:19:51.62,20.37,-59.41,-992.47,236.25,-770.0,-341.25,1,94.300,
01/01/2000,01:19:51.63,20.25,-59.05,-992.71,113.75,-700.0,-367.50,1,94.303,
01/01/2000,01:19:51.64,20.25,-59.05,-993.08,17.50,-708.75,-280.0,1,94.306,
01/01/2000,01:19:51.65,20.25,-59.29,-992.84,227.50,-691.25,-253.75,1,94.309,
01/01/2000,01:19:51.66,19.89,-59.05,-992.10,113.75,-586.25,-350.0,1,94.311,
01/01/2000,01:19:51.67,19.64,-58.80,-991.37,245.0,-752.50,-341.25,1,94.314,
01/01/2000,01:19:51.68,20.01,-58.93,-991.86,192.50,-647.50,-472.50,1,94.317,
01/01/2000,01:19:51.69,20.01,-59.17,-992.59,-52.50,-682.50,-411.25,1,94.320,
01/01/2000,01:19:51.70,20.50,-59.41,-993.08,175.0,-647.50,-332.50,1,94.276,
01/01/2000,01:19:51.71,20.25,-59.29,-993.32,8.75,-691.25,-236.25,1,94.326,
01/01/2000,01:19:51.72,20.13,-59.05,-993.08,105.0,-647.50,-315.0,1,94.281,
01/01/2000,01:19:51.73,20.01,-59.17,-992.35,280.0,-630.0,-411.25,1,94.284,
01/01/2000,01:19:51.75,20.01,-58.80,-991.74,157.50,-875.0,-402.50,1,94.287,
01/01/2000,01:19:51.76,20.25,-59.05,-991.86,78.75,-673.75,-376.25,1,94.290,
01/01/2000,01:19:51.77,20.25,-59.05,-991.98,262.50,-682.50,-420.0,1,94.293,
01/01/2000,01:19:51.78,20.50,-59.05,-992.10,157.50,-708.75,-402.50,1,94.296,
01/01/2000,01:19:51.79,20.01,-58.80,-992.10,17.50,-673.75,-367.50,1,94.298,
01/01/2000,01:19:51.80,19.76,-59.05,-992.10,210.0,-691.25,-323.75,1,94.301,
01/01/2000,01:19:51.81,19.40,-59.05,-992.35,140.0,-638.75,-367.50,1,94.304,
01/01/2000,01:19:51.82,19.28,-59.05,-992.47,210.0,-743.75,-236.25,1,94.307,
01/01/2000,01:19:51.83,19.40,-59.29,-992.23,183.75,-638.75,-393.75,1,94.310,
01/01/2000,01:19:51.84,19.28,-58.80,-992.35,183.75,-673.75,-472.50,1,94.313,
01/01/2000,01:19:51.85,20.01,-59.05,-992.71,78.75,-673.75,-402.50,1,94.315,
01/01/2000,01:19:51.86,20.13,-59.05,-992.71,175.0,-735.0,-402.50,1,94.318,
01/01/2000,01:19:51.87,20.13,-58.80,-992.71,52.50,-577.50,-297.50,1,94.321,
01/01/2000,01:19:51.88,20.13,-58.93,-992.71,280.0,-691.25,-542.50,1,94.277,
01/01/2000,01:19:51.89,20.01,-59.05,-992.84,192.50,-647.50,-306.25,1,94.280,
01/01/2000,01:19:51.90,20.13,-59.05,-993.08,26.25,-603.75,-315.0,1,94.283,
01/01/2000,01:19:51.91,20.13,-59.29,-993.45,96.25,-656.25,-332.50,1,94.286,
01/01/2000,01:19:51.92,20.25,-59.17,-993.93,183.75,-787.50,-306.25,1,94.289,
01/01/2000,01:19:51.93,20.50,-59.05,-994.18,175.0,-682.50,-323.75,1,94.291,
01/01/2000,01:19:51.94,20.50,-58.80,-993.81,175.0,-735.0,-358.75,1,94.294,
01/01/2000,01:19:51.96,19.76,-58.56,-992.47,131.25,-612.50,-332.50,1,94.297,
01/01/2000,01:19:51.97,19.52,-59.05,-991.62,236.25,-682.50,-420.0,1,94.300,
01/01/2000,01:19:51.98,19.40,-58.68,-991.25,70.0,-743.75,-472.50,1,94.303,
01/01/2000,01:19:51.99,19.76,-59.29,-991.25,122.50,-542.50,-376.25,1,94.305,
01/01/2000,01:19:52.00,19.64,-59.41,-991.62,87.50,-735.0,-288.75,1,94.308,
01/01/2000,01:19:52.01,19.76,-59.29,-992.10,201.25,-656.25,-516.25,1,94.311,
01/01/2000,01:19:52.02,19.52,-59.05,-992.35,288.75,-595.0,-385.0,1,94.314,
01/01/2000,01:19:52.04,19.28,-58.80,-992.35,288.75,-761.25,-271.25,1,94.270,
01/01/2000,01:19:52.05,19.40,-58.32,-992.23,148.75,-708.75,-385.0,1,94.273,
01/01/2000,01:19:52.06,19.40,-58.80,-991.98,78.75,-638.75,-280.0,1,94.276,
01/01/2000,01:19:52.07,19.76,-59.17,-992.10,17.50,-752.50,-525.0,1,94.279,
01/01/2000,01:19:52.08,20.13,-59.66,-992.71,227.50,-726.25,-472.50,1,94.282,
01/01/2000,01:19:52.09,20.50,-59.78,-993.32,192.50,-665.0,-481.25,1,94.284,
01/01/2000,01:19:52.10,20.50,-59.41,-993.69,140.0,-673.75,-376.25,1,94.287,
01/01/2000,01:19:52.11,20.50,-58.80,-993.69,78.75,-665.0,-376.25,1,94.290,
01/01/2000,01:19:52.12,20.25,-58.56,-993.32,61.25,-735.0,-218.75,1,94.293,
01/01/2000,01:19:52.13,19.89,-58.68,-992.71,218.75,-673.75,-376.25,1,94.295,
01/01/2000,01:19:52.14,19.52,-58.80,-991.86,192.50,-577.50,-280.0,1,94.298,
01/01/2000,01:19:52.15,19.28,-59.29,-990.64,105.0,-700.0,-358.75,1,94.301,
01/01/2000,01:19:52.16,19.40,-59.41,-990.40,96.25,-673.75,-332.50,1,94.304,
01/01/2000,01:19:52.17,19.76,-59.29,-990.64,96.25,-743.75,-507.50,1,94.307,
01/01/2000,01:19:52.18,20.37,-59.17,-991.62,183.75,-665.0,-297.50,1,94.309,
01/01/2000,01:19:52.19,20.50,-58.93,-992.35,236.25,-726.25,-236.25,1,94.312,
01/01/2000,01:19:52.20,20.25,-58.80,-992.96,113.75,-752.50,-323.75,1,94.315,
01/01/2000,01:19:52.21,20.01,-58.68,-993.20,218.75,-682.50,-341.25,1,94.318,
01/01/2000,01:19:52.22,19.64,-58.80,-992.59,288.75,-752.50,-350.0,1,94.320,
01/01/2000,01:19:52.23,19.40,-59.05,-991.86,43.75,-717.50,-376.25,1,94.277,
01/01/2000,01:19:52.24,19.76,-59.54,-991.62,218.75,-708.75,-420.0,1,94.280,
01/01/2000,01:19:52.25,20.01,-59.66,-991.74,157.50,-770.0,-376.25,1,94.283,
01/01/2000,01:19:52.26,20.50,-59.66,-992.10,122.50,-735.0,-437.50,1,94.286,
01/01/2000,01:19:52.27,20.74,-59.66,-992.71,271.25,-717.50,-350.0,1,94.288,
01/01/2000,01:19:52.28,20.74,-59.05,-994.06,87.50,-708.75,-420.0,1,94.291,
01/01/2000,01:19:52.29,20.74,-59.17,-994.30,113.75,-656.25,-288.75,1,94.294,
01/01/2000,01:19:52.31,19.76,-58.93,-992.96,140.0,-665.0,-306.25,1,94.297,
01/01/2000,01:19:52.32,19.15,-59.05,-991.74,-35.0,-595.0,-288.75,1,94.300,
01/01/2000,01:19:52.33,19.28,-59.17,-990.88,148.75,-691.25,-481.25,1,94.302,
01/01/2000,01:19:52.34,19.52,-59.17,-990.52,96.25,-726.25,-376.25,1,94.305,
01/01/2000,01:19:52.35,20.13,-59.41,-990.76,113.75,-682.50,-323.75,1,94.308,
01/01/2000,01:19:52.36,20.25,-59.54,-991.49,166.25,-647.50,-420.0,1,94.311,
01/01/2000,01:19:52.37,20.50,-59.41,-992.35,87.50,-866.25,-315.0,1,94.313,
01/01/2000,01:19:52.38,20.25,-59.29,-992.96,175.0,-673.75,-306.25,1,94.271,
01/01/2000,01:19:52.39,19.76,-59.17,-992.84,201.25,-761.25,-288.75,1,94.273,
01/01/2000,01:19:52.40,19.52,-59.05,-992.35,-26.25,-647.50,-323.75,1,94.276,
01/01/2000,01:19:52.41,19.64,-59.05,-992.35,113.75,-700.0,-341.25,1,94.279,
01/01/2000,01:19:52.42,20.01,-59.29,-992.59,52.50,-770.0,-358.75,1,94.282,
01/01/2000,01:19:52.43,20.13,-59.54,-992.59,43.75,-612.50,-437.50,1,94.284,
01/01/2000,01:19:52.45,20.25,-59.05,-992.47,113.75,-630.0,-428.75,1,94.287,
01/01/2000,01:19:52.46,20.25,-59.17,-992.59,122.50,-761.25,-402.50,1,94.290,
01/01/2000,01:19:52.47,20.62,-59.05,-993.32,78.75,-682.50,-385.0,1,94.293,
01/01/2000,01:19:52.48,20.62,-59.29,-993.81,315.0,-752.50,-332.50,1,94.295,
01/01/2000,01:19:52.49,20.62,-59.29,-994.06,105.0,-656.25,-288.75,1,94.298,
01/01/2000,01:19:52.50,20.25,-59.41,-993.81,288.75,-726.25,-315.0,1,94.301,
01/01/2000,01:19:52.51,19.52,-59.29,-992.35,78.75,-743.75,-280.0,1,94.303,
01/01/2000,01:19:52.52,19.52,-59.54,-991.25,253.75,-831.25,-367.50,1,94.306,
01/01/2000,01:19:52.53,19.52,-59.29,-991.13,148.75,-717.50,-446.25,1,94.309,
01/01/2000,01:19:52.54,19.52,-59.54,-991.01,280.0,-656.25,-262.50,1,94.267,
01/01/2000,01:19:52.56,19.64,-59.29,-991.01,210.0,-700.0,-516.25,1,94.269,
01/01/2000,01:19:52.57,19.52,-59.29,-991.37,192.50,-673.75,-437.50,1,94.272,
01/01/2000,01:19:52.58,19.76,-59.29,-992.10,192.50,-778.75,-288.75,1,94.275,
01/01/2000,01:19:52.59,20.01,-59.17,-992.84,157.50,-621.25,-358.75,1,94.278,
01/01/2000,01:19:52.60,20.37,-59.17,-993.32,113.75,-700.0,-218.75,1,94.280,
01/01/2000,01:19:52.61,19.76,-58.93,-992.96,262.50,-682.50,-358.75,1,94.283,
01/01/2000,01:19:52.62,19.64,-58.93,-992.47,166.25,-700.0,-385.0,1,94.286,
01/01/2000,01:19:52.63,19.76,-59.17,-992.10,148.75,-691.25,-358.75,1,94.288,
01/01/2000,01:19:52.64,19.64,-59.29,-991.98,166.25,-673.75,-306.25,1,94.291,
01/01/2000,01:19:52.65,20.25,-59.54,-992.84,122.50,-761.25,-490.0,1,94.294,
01/01/2000,01:19:52.66,20.98,-59.54,-994.06,17.50,-612.50,-350.0,1,94.297,
01/01/2000,01:19:52.67,20.86,-59.54,-994.67,87.50,-673.75,-280.0,1,94.299,
01/01/2000,01:19:52.68,20.25,-59.05,-993.81,87.50,-612.50,-175.0,1,94.302,
01/01/2000,01:19:52.69,19.76,-59.05,-992.47,210.0,-700.0,-306.25,1,94.305,
01/01/2000,01:19:52.70,19.03,-58.80,-991.25,140.0,-787.50,-253.75,1,94.307,
01/01/2000,01:19:52.71,18.79,-58.93,-990.76,96.25,-752.50,-446.25,1,94.310,
01/01/2000,01:19:52.72,19.28,-59.41,-990.88,78.75,-770.0,-385.0,1,94.313,
01/01/2000,01:19:52.73,19.89,-59.54,-991.98,113.75,-682.50,-428.75,1,94.315,
01/01/2000,01:19:52.74,19.89,-59.54,-992.59,122.50,-665.0,-350.0,1,94.318,
01/01/2000,01:19:52.75,20.13,-59.29,-992.84,-43.75,-691.25,-271.25,1,94.321,
01/01/2000,01:19:52.76,20.25,-58.80,-992.96,315.0,-796.25,-297.50,1,94.324,
01/01/2000,01:19:52.77,20.01,-58.56,-993.20,122.50,-603.75,-315.0,1,94.326,
01/01/2000,01:19:52.78,19.76,-58.68,-993.32,113.75,-691.25,-323.75,1,94.329,
01/01/2000,01:19:52.79,20.25,-59.17,-993.32,280.0,-586.25,-297.50,1,94.332,
01/01/2000,01:19:52.80,19.76,-59.41,-993.57,122.50,-586.25,-376.25,1,94.290,
01/01/2000,01:19:52.81,20.13,-59.29,-993.57,8.75,-612.50,-385.0,1,94.292,
01/01/2000,01:19:52.82,20.86,-59.05,-993.45,218.75,-647.50,-385.0,1,94.295,
01/01/2000,01:19:52.83,20.74,-59.05,-993.81,192.50,-673.75,-297.50,1,94.298,
01/01/2000,01:19:52.84,20.50,-58.80,-994.42,96.25,-735.0,-385.0,1,94.301,
01/01/2000,01:19:52.85,20.86,-58.80,-994.42,0.0,-691.25,-227.50,1,94.303,
01/01/2000,01:19:52.87,20.01,-59.05,-993.08,122.50,-612.50,-236.25,1,94.306,
01/01/2000,01:19:52.88,19.28,-59.05,-990.76,148.75,-708.75,-253.75,1,94.309,
01/01/2000,01:19:52.89,19.40,-59.17,-989.91,140.0,-682.50,-428.75,1,94.311,
01/01/2000,01:19:52.90,19.52,-59.29,-990.15,105.0,-708.75,-490.0,1,94.314,
01/01/2000,01:19:52.91,19.52,-59.17,-991.37,210.0,-726.25,-446.25,1,94.317,
01/01/2000,01:19:52.92,20.25,-59.29,-992.59,227.50,-752.50,-218.75,1,94.319,
01/01/2000,01:19:52.93,20.50,-59.05,-993.57,201.25,-700.0,-245.0,1,94.322,
01/01/2000,01:19:52.94,19.28,-58.93,-993.20,140.0,-621.25,-385.0,1,94.280,
01/01/2000,01:19:52.95,19.40,-58.56,-992.59,-70.0,-682.50,-393.75,1,94.283,
01/01/2000,01:19:52.96,19.52,-59.05,-992.35,78.75,-743.75,-253.75,1,94.286,
01/01/2000,01:19:52.97,19.52,-59.05,-992.59,87.50,-726.25,-542.50,1,94.288,
01/01/2000,01:19:52.98,20.01,-59.41,-993.57,315.0,-586.25,-533.75,1,94.291,
01/01/2000,01:19:52.99,20.74,-59.41,-993.57,175.0,-726.25,-428.75,1,94.294,
01/01/2000,01:19:53.00,20.25,-59.41,-993.69,385.0,-778.75,-455.0,1,94.296,
01/01/2000,01:19:53.02,20.62,-58.68,-994.18,87.50,-665.0,-490.0,1,94.299,
01/01/2000,01:19:53.03,20.98,-58.80,-994.42,227.50,-708.75,-253.75,1,94.302,
01/01/2000,01:19:53.04,20.37,-58.80,-994.06,157.50,-656.25,-315.0,1,94.304,
01/01/2000,01:19:53.05,19.52,-58.93,-991.62,218.75,-743.75,-280.0,1,94.307,
01/01/2000,01:19:53.06,19.64,-59.29,-990.76,288.75,-586.25,-297.50,1,94.310,
01/01/2000,01:19:53.07,19.03,-59.17,-990.76,131.25,-743.75,-533.75,1,94.312,
01/01/2000,01:19:53.08,19.76,-59.29,-991.62,341.25,-883.75,-472.50,1,94.271,
01/01/2000,01:19:53.09,20.50,-58.93,-992.59,35.0,-673.75,-367.50,1,94.274,
01/01/2000,01:19:53.10,20.01,-58.80,-993.45,297.50,-595.0,-288.75,1,94.276,
01/01/2000,01:19:53.11,19.76,-58.68,-993.57,166.25,-542.50,-105.0,1,94.279,
01/01/2000,01:19:53.12,20.13,-58.56,-992.71,166.25,-665.0,-183.75,1,94.282,
01/01/2000,01:19:53.13,19.76,-58.80,-992.47,288.75,-735.0,-280.0,1,94.284,
01/01/2000,01:19:53.14,19.52,-59.05,-992.59,131.25,-700.0,-393.75,1,94.287,
01/01/2000,01:19:53.16,20.13,-59.29,-992.59,280.0,-735.0,-323.75,1,94.290,
01/01/2000,01:19:53.17,20.25,-59.05,-992.59,157.50,-735.0,-367.50,1,94.292,
01/01/2000,01:19:53.18,19.64,-58.80,-992.84,236.25,-612.50,-148.75,1,94.295,
01/01/2000,01:19:53.19,20.01,-58.56,-992.84,157.50,-656.25,-262.50,1,94.298,
01/01/2000,01:19:53.20,20.74,-58.68,-993.20,227.50,-647.50,-420.0,1,94.300,
01/01/2000,01:19:53.21,20.37,-58.68,-994.18,122.50,-735.0,-210.0,1,94.303,
01/01/2000,01:19:53.22,20.86,-58.80,-994.06,61.25,-621.25,-288.75,1,94.306,
01/01/2000,01:19:53.23,20.62,-59.17,-992.47,236.25,-533.75,-201.25,1,94.308,
01/01/2000,01:19:53.24,19.28,-58.80,-991.37,43.75,-735.0,-262.50,1,94.311,
01/01/2000,01:19:53.25,18.79,-58.68,-990.40,0.0,-682.50,-341.25,1,94.313,
01/01/2000,01:19:53.26,19.76,-58.56,-990.40,61.25,-708.75,-533.75,1,94.316,
01/01/2000,01:19:53.27,19.40,-58.80,-991.13,341.25,-717.50,-367.50,1,94.319,
01/01/2000,01:19:53.28,19.52,-58.80,-991.98,183.75,-647.50,-280.0,1,94.321,
01/01/2000,01:19:53.29,20.50,-58.80,-992.59,70.0,-743.75,-358.75,1,94.280,
01/01/2000,01:19:53.30,20.50,-59.05,-992.96,210.0,-752.50,-350.0,1,94.283,
01/01/2000,01:19:53.31,20.25,-58.80,-993.32,113.75,-770.0,-350.0,1,94.286,
01/01/2000,01:19:53.32,20.74,-59.17,-992.84,262.50,-612.50,-253.75,1,94.288,
01/01/2000,01:19:53.33,20.25,-58.80,-992.23,192.50,-682.50,-376.25,1,94.291,
01/01/2000,01:19:53.34,19.64,-58.93,-991.98,43.75,-787.50,-393.75,1,94.294,
01/01/2000,01:19:53.35,20.37,-59.05,-991.98,0.0,-665.0,-455.0,1,94.296,
01/01/2000,01:19:53.37,20.74,-59.54,-992.84,262.50,-770.0,-297.50,1,94.299,
01/01/2000,01:19:53.38,20.50,-58.80,-993.81,96.25,-708.75,-358.75,1,94.301,
01/01/2000,01:19:53.39,21.23,-59.54,-995.15,350.0,-691.25,-402.50,1,94.304,
01/01/2000,01:19:53.40,21.59,-58.56,-995.52,131.25,-542.50,-525.0,1,94.307,
01/01/2000,01:19:53.41,21.11,-58.80,-994.79,157.50,-743.75,-166.25,1,94.309,
01/01/2000,01:19:53.42,20.74,-58.56,-992.96,43.75,-560.0,-218.75,1,94.312,
01/01/2000,01:19:53.43,19.28,-58.56,-990.15,306.25,-700.0,-122.50,1,94.315,
01/01/2000,01:19:53.44,18.79,-59.17,-989.18,140.0,-708.75,-455.0,1,94.317,
01/01/2000,01:19:53.45,18.79,-59.54,-990.15,253.75,-840.0,-463.75,1,94.320,
01/01/2000,01:19:53.46,19.64,-59.29,-991.86,122.50,-743.75,-638.75,1,94.322,
01/01/2000,01:19:53.47,20.25,-59.41,-993.57,288.75,-831.25,-367.50,1,94.325,
01/01/2000,01:19:53.48,20.74,-58.80,-994.79,166.25,-630.0,-131.25,1,94.328,
01/01/2000,01:19:53.49,20.74,-58.68,-994.06,175.0,-630.0,-175.0,1,94.330,
01/01/2000,01:19:53.50,20.01,-58.56,-992.10,105.0,-700.0,-113.75,1,94.290,
01/01/2000,01:19:53.52,19.76,-58.93,-990.76,140.0,-770.0,-306.25,1,94.292,
01/01/2000,01:19:53.52,19.76,-59.54,-990.40,297.50,-665.0,-437.50,1,94.295,
01/01/2000,01:19:53.54,20.13,-59.17,-991.37,236.25,-656.25,-560.0,1,94.297,
01/01/2000,01:19:53.55,20.62,-59.29,-993.45,385.0,-621.25,-420.0,1,94.300,
01/01/2000,01:19:53.56,21.35,-58.44,-994.91,35.0,-743.75,-393.75,1,94.303,
01/01/2000,01:19:53.57,22.08,-58.32,-995.52,218.75,-498.75,-245.0,1,94.305,
01/01/2000,01:19:53.58,21.11,-58.07,-994.30,113.75,-682.50,-122.50,1,94.265,
01/01/2000,01:19:53.59,20.50,-58.56,-992.59,280.0,-638.75,-218.75,1,94.268,
01/01/2000,01:19:53.60,19.15,-59.17,-989.91,122.50,-673.75,-323.75,1,94.270,
01/01/2000,01:19:53.61,18.42,-59.17,-988.69,70.0,-691.25,-428.75,1,94.273,
01/01/2000,01:19:53.62,18.54,-59.29,-988.44,210.0,-752.50,-472.50,1,94.275,
01/01/2000,01:19:53.63,19.15,-58.93,-989.91,166.25,-682.50,-455.0,1,94.278,
01/01/2000,01:19:53.65,19.76,-58.80,-992.84,218.75,-673.75,-385.0,1,94.281,
01/01/2000,01:19:53.66,20.98,-58.80,-994.18,183.75,-691.25,-341.25,1,94.283,
01/01/2000,01:19:53.67,20.98,-58.56,-994.42,113.75,-630.0,-218.75,1,94.286,
01/01/2000,01:19:53.68,20.62,-58.68,-993.57,218.75,-612.50,-245.0,1,94.288,
01/01/2000,01:19:53.69,19.76,-58.80,-991.49,271.25,-542.50,-70.0,1,94.291,
01/01/2000,01:19:53.70,19.40,-58.80,-990.88,96.25,-805.0,-332.50,1,94.293,
01/01/2000,01:19:53.71,19.52,-59.05,-991.13,52.50,-612.50,-420.0,1,94.296,
01/01/2000,01:19:53.72,20.25,-58.93,-992.47,140.0,-612.50,-420.0,1,94.299,
01/01/2000,01:19:53.73,20.50,-58.93,-993.20,236.25,-717.50,-288.75,1,94.301,
01/01/2000,01:19:53.74,20.50,-58.56,-993.57,201.25,-656.25,-280.0,1,94.304,
01/01/2000,01:19:53.75,20.62,-58.44,-994.06,-35.0,-700.0,-350.0,1,94.306,
01/01/2000,01:19:53.76,20.62,-58.68,-993.93,113.75,-700.0,-280.0,1,94.309,
01/01/2000,01:19:53.77,20.37,-58.80,-993.20,157.50,-708.75,-323.75,1,94.312,
01/01/2000,01:19:53.78,19.52,-58.68,-991.98,70.0,-551.25,-297.50,1,94.314,
01/01/2000,01:19:53.79,18.54,-58.68,-990.15,140.0,-787.50,-455.0,1,94.274,
01/01/2000,01:19:53.80,18.67,-58.56,-990.15,227.50,-726.25,-481.25,1,94.277,
01/01/2000,01:19:53.81,19.28,-58.56,-990.88,35.0,-638.75,-472.50,1,94.279,
01/01/2000,01:19:53.82,19.76,-58.68,-991.86,175.0,-770.0,-332.50,1,94.282,
01/01/2000,01:19:53.83,19.76,-58.44,-992.71,131.25,-621.25,-271.25,1,94.284,
01/01/2000,01:19:53.84,19.89,-58.68,-992.59,183.75,-621.25,-280.0,1,94.287,
01/01/2000,01:19:53.85,19.64,-58.32,-991.98,140.0,-735.0,-315.0,1,94.290,
01/01/2000,01:19:53.87,19.64,-58.68,-991.74,148.75,-787.50,-428.75,1,94.292,
01/01/2000,01:19:53.88,20.13,-58.68,-992.10,227.50,-708.75,-350.0,1,94.295,
01/01/2000,01:19:53.89,20.50,-58.80,-992.71,78.75,-568.75,-306.25,1,94.297,
01/01/2000,01:19:53.90,20.62,-58.93,-993.08,131.25,-665.0,-332.50,1,94.300,
01/01/2000,01:19:53.91,20.25,-58.68,-992.84,166.25,-621.25,-288.75,1,94.302,
01/01/2000,01:19:53.92,20.13,-58.56,-992.84,35.0,-700.0,-297.50,1,94.305,
01/01/2000,01:19:53.93,20.74,-58.68,-993.57,52.50,-735.0,-306.25,1,94.307,
01/01/2000,01:19:53.94,21.35,-58.68,-994.06,113.75,-656.25,-245.0,1,94.310,
01/01/2000,01:19:53.95,21.23,-58.80,-994.06,140.0,-726.25,-96.25,1,94.270,
01/01/2000,01:19:53.96,20.25,-58.93,-993.32,175.0,-665.0,-262.50,1,94.315,
01/01/2000,01:19:53.97,19.28,-58.80,-991.74,253.75,-717.50,-472.50,1,94.275,
01/01/2000,01:19:53.98,19.28,-58.80,-991.13,87.50,-735.0,-463.75,1,94.278,
01/01/2000,01:19:53.99,19.28,-58.80,-991.25,236.25,-656.25,-358.75,1,94.281,
01/01/2000,01:19:54.01,19.64,-58.93,-991.62,105.0,-665.0,-385.0,1,94.283,
01/01/2000,01:19:54.02,20.25,-59.17,-991.62,122.50,-647.50,-280.0,1,94.286,
01/01/2000,01:19:54.03,20.25,-58.80,-991.86,52.50,-691.25,-288.75,1,94.288,
01/01/2000,01:19:54.04,20.01,-58.93,-992.10,166.25,-796.25,-358.75,1,94.291,
01/01/2000,01:19:54.05,20.50,-58.68,-992.35,35.0,-726.25,-490.0,1,94.293,
01/01/2000,01:19:54.06,20.74,-58.80,-992.47,175.0,-603.75,-280.0,1,94.296,
01/01/2000,01:19:54.07,19.76,-58.56,-992.47,-26.25,-700.0,-437.50,1,94.256,
01/01/2000,01:19:54.09,20.62,-59.05,-992.10,192.50,-700.0,-420.0,1,94.259,
01/01/2000,01:19:54.10,20.50,-58.80,-992.35,140.0,-787.50,-446.25,1,94.262,
01/01/2000,01:19:54.11,20.25,-58.80,-992.96,218.75,-700.0,-420.0,1,94.264,
01/01/2000,01:19:54.12,21.35,-58.68,-994.06,297.50,-717.50,-402.50,1,94.267,
01/01/2000,01:19:54.13,21.96,-58.68,-994.91,43.75,-665.0,-288.75,1,94.269,
01/01/2000,01:19:54.14,20.98,-58.44,-994.30,218.75,-665.0,-192.50,1,94.272,
01/01/2000,01:19:54.15,20.62,-58.68,-993.32,280.0,-708.75,-236.25,1,94.274,
01/01/2000,01:19:54.16,20.13,-58.56,-991.01,140.0,-586.25,-306.25,1,94.277,
01/01/2000,01:19:54.17,18.67,-58.80,-990.27,131.25,-682.50,-367.50,1,94.279,
01/01/2000,01:19:54.18,18.42,-58.80,-990.52,166.25,-761.25,-446.25,1,94.282,
01/01/2000,01:19:54.19,19.52,-58.80,-991.49,175.0,-700.0,-586.25,1,94.284,
01/01/2000,01:19:54.20,20.25,-58.56,-992.71,52.50,-586.25,-315.0,1,94.287,
01/01/2000,01:19:54.21,20.25,-58.32,-993.81,131.25,-700.0,-455.0,1,94.290,
01/01/2000,01:19:54.22,20.74,-58.32,-993.57,148.75,-586.25,-175.0,1,94.292,
01/01/2000,01:19:54.23,20.98,-58.44,-992.84,192.50,-726.25,-297.50,1,94.295,
01/01/2000,01:19:54.24,20.01,-58.56,-992.10,105.0,-656.25,-463.75,1,94.297,
01/01/2000,01:19:54.25,19.76,-58.80,-992.23,-8.75,-647.50,-463.75,1,94.300,
01/01/2000,01:19:54.26,20.98,-59.05,-992.84,183.75,-700.0,-323.75,1,94.302,
01/01/2000,01:19:54.27,20.74,-59.17,-993.69,113.75,-647.50,-472.50,1,94.305,
01/01/2000,01:19:54.28,20.50,-58.93,-994.54,288.75,-568.75,-341.25,1,94.307,
01/01/2000,01:19:54.29,21.84,-58.56,-994.79,122.50,-700.0,-306.25,1,94.268,
01/01/2000,01:19:54.30,21.47,-58.68,-993.93,96.25,-673.75,-113.75,1,94.271,
01/01/2000,01:19:54.31,20.25,-58.80,-992.96,253.75,-691.25,-78.75,1,94.273,
01/01/2000,01:19:54.32,20.13,-58.80,-991.37,131.25,-630.0,-218.75,1,94.276,
01/01/2000,01:19:54.33,19.76,-59.05,-990.15,253.75,-866.25,-253.75,1,94.278,
01/01/2000,01:19:54.34,18.54,-58.80,-989.79,253.75,-735.0,-455.0,1,94.281,
01/01/2000,01:19:54.36,18.54,-58.56,-991.01,192.50,-848.75,-673.75,1,94.283,
01/01/2000,01:19:54.37,20.01,-58.32,-992.23,253.75,-691.25,-323.75,1,94.286,
01/01/2000,01:19:54.38,19.76,-58.44,-993.20,262.50,-621.25,-166.25,1,94.288,
01/01/2000,01:19:54.39,19.89,-58.32,-993.20,0.0,-568.75,0.0,1,94.291,
01/01/2000,01:19:54.40,20.50,-58.44,-992.47,61.25,-691.25,8.75,1,94.293,
01/01/2000,01:19:54.41,20.01,-58.56,-991.74,131.25,-752.50,-245.0,1,94.296,
01/01/2000,01:19:54.42,19.52,-58.68,-991.86,148.75,-700.0,-437.50,1,94.298,
01/01/2000,01:19:54.43,20.62,-58.68,-992.71,96.25,-621.25,-577.50,1,94.301,
01/01/2000,01:19:54.44,20.50,-58.80,-993.45,192.50,-630.0,-183.75,1,94.303,
01/01/2000,01:19:54.45,20.25,-58.80,-993.69,96.25,-700.0,-140.0,1,94.306,
01/01/2000,01:19:54.46,20.50,-58.80,-993.45,78.75,-673.75,-393.75,1,94.308,
01/01/2000,01:19:54.47,21.23,-58.93,-993.45,140.0,-682.50,-411.25,1,94.311,
01/01/2000,01:19:54.48,20.37,-59.05,-993.32,113.75,-700.0,-183.75,1,94.313,
01/01/2000,01:19:54.49,20.13,-58.93,-992.84,253.75,-735.0,-166.25,1,94.316,
01/01/2000,01:19:54.50,19.76,-58.56,-991.62,140.0,-708.75,-271.25,1,94.277,
01/01/2000,01:19:54.52,19.03,-58.07,-991.25,35.0,-612.50,-577.50,1,94.279,
01/01/2000,01:19:54.53,19.15,-58.32,-991.37,192.50,-717.50,-560.0,1,94.282,
01/01/2000,01:19:54.54,20.01,-58.32,-991.86,157.50,-717.50,-638.75,1,94.284,
01/01/2000,01:19:54.55,20.13,-58.56,-992.47,192.50,-743.75,-271.25,1,94.287,
01/01/2000,01:19:54.56,20.25,-58.56,-992.96,78.75,-542.50,-376.25,1,94.289,
01/01/2000,01:19:54.57,20.74,-58.68,-992.35,166.25,-577.50,-542.50,1,94.292,
01/01/2000,01:19:54.59,20.01,-58.56,-991.86,148.75,-700.0,-350.0,1,94.253,
01/01/2000,01:19:54.60,19.89,-58.44,-992.23,122.50,-630.0,-350.0,1,94.256,
01/01/2000,01:19:54.61,20.37,-58.44,-992.47,157.50,-665.0,-376.25,1,94.258,
01/01/2000,01:19:54.62,19.76,-58.56,-992.59,105.0,-656.25,-306.25,1,94.261,
01/01/2000,01:19:54.63,19.89,-58.68,-992.71,175.0,-673.75,-332.50,1,94.263,
01/01/2000,01:19:54.64,20.37,-58.44,-992.59,201.25,-630.0,-437.50,1,94.266,
01/01/2000,01:19:54.65,20.50,-58.56,-992.84,253.75,-708.75,-385.0,1,94.268,
01/01/2000,01:19:54.66,20.50,-58.56,-993.08,105.0,-726.25,-183.75,1,94.271,
01/01/2000,01:19:54.67,20.50,-58.56,-992.84,96.25,-638.75,-306.25,1,94.273,
01/01/2000,01:19:54.68,20.01,-58.68,-991.86,315.0,-682.50,-192.50,1,94.276,
01/01/2000,01:19:54.69,19.15,-58.56,-991.37,61.25,-682.50,-323.75,1,94.278,
01/01/2000,01:19:54.70,19.28,-58.56,-991.25,-35.0,-612.50,-218.75,1,94.281,
01/01/2000,01:19:54.71,19.28,-58.44,-991.13,271.25,-761.25,-402.50,1,94.283,
01/01/2000,01:19:54.72,19.03,-58.56,-991.37,253.75,-691.25,-253.75,1,94.286,
01/01/2000,01:19:54.73,19.28,-58.44,-991.62,35.0,-743.75,-385.0,1,94.288,
01/01/2000,01:19:54.74,19.76,-58.56,-992.10,113.75,-691.25,-306.25,1,94.291,
01/01/2000,01:19:54.75,20.50,-59.05,-992.59,201.25,-656.25,-402.50,1,94.293,
01/01/2000,01:19:54.76,20.62,-59.17,-992.96,227.50,-656.25,-358.75,1,94.296,
01/01/2000,01:19:54.77,20.86,-58.32,-992.84,87.50,-691.25,-358.75,1,94.298,
01/01/2000,01:19:54.78,20.98,-58.07,-992.71,157.50,-673.75,-288.75,1,94.260,
01/01/2000,01:19:54.79,20.37,-57.71,-992.59,122.50,-630.0,-236.25,1,94.262,
01/01/2000,01:19:54.80,20.01,-57.83,-992.59,271.25,-822.50,-192.50,1,94.265,
01/01/2000,01:19:54.81,20.25,-58.44,-993.45,148.75,-647.50,-428.75,1,94.267,
01/01/2000,01:19:54.83,20.98,-59.05,-994.54,323.75,-708.75,-525.0,1,94.270,
01/01/2000,01:19:54.83,21.72,-58.93,-995.28,183.75,-673.75,-402.50,1,94.272,
01/01/2000,01:19:54.85,21.96,-58.80,-994.91,262.50,-717.50,-332.50,1,94.275,
01/01/2000,01:19:54.86,20.74,-58.07,-992.59,52.50,-700.0,-218.75,1,94.277,
01/01/2000,01:19:54.87,19.76,-57.95,-991.01,61.25,-638.75,-262.50,1,94.280,
01/01/2000,01:19:54.88,18.79,-58.44,-990.03,166.25,-665.0,-297.50,1,94.282,
01/01/2000,01:19:54.89,18.79,-59.05,-990.40,87.50,-752.50,-472.50,1,94.284,
01/01/2000,01:19:54.90,18.91,-59.29,-991.49,140.0,-761.25,-638.75,1,94.287,
01/01/2000,01:19:54.91,19.40,-59.29,-992.59,262.50,-603.75,-481.25,1,94.289,
01/01/2000,01:19:54.92,20.37,-58.68,-993.57,157.50,-743.75,-192.50,1,94.251,
01/01/2000,01:19:54.93,20.74,-57.95,-992.84,157.50,-638.75,-140.0,1,94.254,
01/01/2000,01:19:54.94,20.62,-57.83,-991.98,105.0,-735.0,8.75,1,94.256,
01/01/2000,01:19:54.95,20.13,-58.32,-991.37,306.25,-673.75,-218.75,1,94.259,
01/01/2000,01:19:54.96,19.52,-58.80,-991.25,105.0,-621.25,-411.25,1,94.261,
01/01/2000,01:19:54.97,19.64,-59.05,-991.74,87.50,-778.75,-490.0,1,94.264,
01/01/2000,01:19:54.98,20.25,-59.05,-993.57,262.50,-717.50,-525.0,1,94.266,
01/01/2000,01:19:55.00,21.23,-58.44,-995.28,140.0,-560.0,-533.75,1,94.269,
01/01/2000,01:19:55.01,21.59,-58.07,-995.28,148.75,-665.0,-210.0,1,94.271,
01/01/2000,01:19:55.02,21.72,-57.95,-994.54,157.50,-726.25,-201.25,1,94.274,
01/01/2000,01:19:55.03,21.11,-58.19,-993.32,-8.75,-673.75,-87.50,1,94.276,
01/01/2000,01:19:55.04,20.25,-58.80,-991.13,236.25,-638.75,-122.50,1,94.278,
01/01/2000,01:19:55.05,18.54,-58.80,-990.03,96.25,-682.50,-463.75,1,94.281,
01/01/2000,01:19:55.06,18.06,-58.93,-990.15,131.25,-656.25,-507.50,1,94.283,
01/01/2000,01:19:55.07,18.91,-58.32,-992.10,245.0,-743.75,-603.75,1,94.286,
01/01/2000,01:19:55.08,19.89,-58.07,-993.81,70.0,-621.25,-437.50,1,94.288,
01/01/2000,01:19:55.10,21.35,-57.95,-994.91,192.50,-647.50,-323.75,1,94.250,
01/01/2000,01:19:55.11,21.35,-58.56,-993.32,210.0,-656.25,-113.75,1,94.253,
01/01/2000,01:19:55.12,20.50,-59.05,-991.49,148.75,-787.50,-122.50,1,94.255,
01/01/2000,01:19:55.13,19.76,-59.29,-990.40,122.50,-787.50,-516.25,1,94.258,
01/01/2000,01:19:55.14,19.52,-59.41,-990.76,262.50,-857.50,-595.0,1,94.260,
01/01/2000,01:19:55.15,19.52,-59.29,-991.98,210.0,-761.25,-455.0,1,94.263,
01/01/2000,01:19:55.16,19.89,-58.44,-993.45,35.0,-595.0,-393.75,1,94.265,
01/01/2000,01:19:55.17,20.50,-57.83,-994.54,323.75,-656.25,-341.25,1,94.268,
01/01/2000,01:19:55.18,21.72,-57.46,-994.79,26.25,-630.0,-183.75,1,94.270,
01/01/2000,01:19:55.19,21.84,-58.07,-994.18,166.25,-726.25,-96.25,1,94.272,
01/01/2000,01:19:55.20,21.59,-58.56,-993.32,-78.75,-752.50,-350.0,1,94.275,
01/01/2000,01:19:55.21,20.74,-59.41,-992.84,157.50,-726.25,-490.0,1,94.277,
01/01/2000,01:19:55.22,20.98,-59.29,-994.06,227.50,-787.50,-446.25,1,94.280,
01/01/2000,01:19:55.23,21.72,-59.05,-996.25,201.25,-682.50,-612.50,1,94.282,
01/01/2000,01:19:55.24,22.69,-58.56,-998.81,227.50,-665.0,-498.75,1,94.285,
01/01/2000,01:19:55.25,24.03,-58.32,-1001.13,8.75,-735.0,-157.50,1,94.287,
01/01/2000,01:19:55.26,24.89,-58.32,-1001.13,61.25,-717.50,-35.0,1,94.289,
01/01/2000,01:19:55.27,24.40,-58.56,-999.67,201.25,-673.75,-122.50,1,94.292,
01/01/2000,01:19:55.28,23.42,-59.17,-996.50,105.0,-787.50,-192.50,1,94.254,
01/01/2000,01:19:55.29,22.45,-59.41,-995.28,157.50,-866.25,-481.25,1,94.257,
01/01/2000,01:19:55.30,21.72,-59.41,-995.76,253.75,-787.50,-638.75,1,94.259,
01/01/2000,01:19:55.31,23.30,-59.05,-999.18,227.50,-778.75,-542.50,1,94.262,
01/01/2000,01:19:55.32,24.16,-58.56,-1001.86,148.75,-717.50,-533.75,1,94.264,
01/01/2000,01:19:55.33,25.38,-58.19,-1004.30,105.0,-630.0,-420.0,1,94.266,
01/01/2000,01:19:55.35,27.33,-58.44,-1005.28,122.50,-551.25,-8.75,1,94.269,
01/01/2000,01:19:55.36,27.08,-58.80,-1004.55,105.0,-726.25,-245.0,1,94.271,
01/01/2000,01:19:55.37,26.60,-59.05,-1002.11,218.75,-717.50,-306.25,1,94.274,
01/01/2000,01:19:55.38,25.86,-59.29,-1000.52,175.0,-682.50,-420.0,1,94.276,
01/01/2000,01:19:55.39,24.16,-58.93,-999.79,227.50,-700.0,-271.25,1,94.279,
01/01/2000,01:19:55.40,23.18,-58.56,-999.42,17.50,-647.50,-358.75,1,94.281,
01/01/2000,01:19:55.41,22.45,-58.68,-999.30,297.50,-673.75,-297.50,1,94.283,
01/01/2000,01:19:55.42,22.81,-57.58,-998.94,113.75,-603.75,-210.0,1,94.246,
01/01/2000,01:19:55.43,24.28,-58.32,-998.81,201.25,-665.0,-262.50,1,94.249,
01/01/2000,01:19:55.44,25.50,-58.80,-999.67,236.25,-586.25,-332.50,1,94.251,
01/01/2000,01:19:55.45,25.74,-59.17,-999.91,192.50,-717.50,-341.25,1,94.253,
01/01/2000,01:19:55.46,24.77,-58.93,-998.69,96.25,-647.50,-148.75,1,94.256,
01/01/2000,01:19:55.47,22.81,-58.44,-996.25,122.50,-726.25,-288.75,1,94.258,
01/01/2000,01:19:55.48,20.98,-57.58,-995.52,70.0,-700.0,-586.25,1,94.261,
01/01/2000,01:19:55.50,20.50,-57.71,-995.52,140.0,-603.75,-420.0,1,94.263,
01/01/2000,01:19:55.51,20.74,-58.19,-995.76,87.50,-682.50,-323.75,1,94.265,
01/01/2000,01:19:55.52,21.11,-58.44,-995.40,183.75,-700.0,-323.75,1,94.268,
01/01/2000,01:19:55.53,21.47,-58.68,-994.79,131.25,-673.75,-306.25,1,94.270,
01/01/2000,01:19:55.54,21.35,-58.68,-994.18,323.75,-778.75,-428.75,1,94.273,
01/01/2000,01:19:55.55,21.11,-58.80,-994.06,192.50,-708.75,-341.25,1,94.275,
01/01/2000,01:19:55.56,20.50,-58.32,-994.18,-35.0,-647.50,-411.25,1,94.277,
01/01/2000,01:19:55.57,20.37,-58.19,-994.06,183.75,-621.25,-253.75,1,94.280,
01/01/2000,01:19:55.58,20.25,-58.07,-993.57,262.50,-700.0,-376.25,1,94.282,
01/01/2000,01:19:55.59,20.25,-58.32,-993.32,192.50,-735.0,-297.50,1,94.285,
01/01/2000,01:19:55.60,20.62,-58.80,-993.32,87.50,-778.75,-358.75,1,94.248,
01/01/2000,01:19:55.62,20.62,-58.80,-993.32,236.25,-621.25,-490.0,1,94.250,
01/01/2000,01:19:55.63,20.50,-58.32,-993.08,96.25,-647.50,-218.75,1,94.252,
01/01/2000,01:19:55.64,20.37,-58.19,-993.08,113.75,-682.50,-455.0,1,94.255,
01/01/2000,01:19:55.65,20.25,-57.83,-993.08,157.50,-560.0,-350.0,1,94.257,
01/01/2000,01:19:55.66,20.25,-57.83,-992.96,70.0,-726.25,-253.75,1,94.260,
01/01/2000,01:19:55.67,20.50,-58.32,-992.59,131.25,-682.50,-437.50,1,94.262,
01/01/2000,01:19:55.68,20.37,-58.44,-992.71,87.50,-787.50,-332.50,1,94.264,
01/01/2000,01:19:55.69,20.50,-58.56,-992.59,262.50,-717.50,-358.75,1,94.267,
01/01/2000,01:19:55.70,20.25,-58.32,-992.59,210.0,-595.0,-411.25,1,94.269,
01/01/2000,01:19:55.71,20.25,-57.95,-992.59,288.75,-726.25,-323.75,1,94.271,
01/01/2000,01:19:55.72,20.25,-57.95,-992.59,131.25,-717.50,-393.75,1,94.274,
01/01/2000,01:19:55.73,20.25,-57.95,-992.84,43.75,-743.75,-271.25,1,94.276,
01/01/2000,01:19:55.74,20.25,-58.19,-992.96,157.50,-805.0,-350.0,1,94.279,
01/01/2000,01:19:55.75,20.25,-58.32,-992.59,113.75,-691.25,-350.0,1,94.281,
01/01/2000,01:19:55.76,20.01,-58.32,-992.10,201.25,-787.50,-420.0,1,94.283,
01/01/2000,01:19:55.77,20.13,-58.19,-991.86,227.50,-796.25,-297.50,1,94.247,
01/01/2000,01:19:55.78,20.25,-58.07,-992.23,175.0,-761.25,-288.75,1,94.249,
01/01/2000,01:19:55.79,20.01,-58.32,-992.23,140.0,-708.75,-402.50,1,94.251,
01/01/2000,01:19:55.80,19.76,-58.32,-992.10,61.25,-612.50,-402.50,1,94.254,
01/01/2000,01:19:55.81,18.42,-58.44,-992.35,96.25,-752.50,-262.50,1,94.256,
01/01/2000,01:19:55.82,17.45,-58.56,-993.20,87.50,-735.0,-262.50,1,94.259,
01/01/2000,01:19:55.83,17.93,-59.05,-994.79,262.50,-735.0,-516.25,1,94.261,
01/01/2000,01:19:55.85,18.54,-58.44,-996.98,-8.75,-673.75,-577.50,1,94.263,
01/01/2000,01:19:55.86,18.67,-58.68,-997.96,218.75,-665.0,-201.25,1,94.266,
01/01/2000,01:19:55.87,18.42,-58.07,-998.33,175.0,-743.75,-210.0,1,94.268,
01/01/2000,01:19:55.88,17.93,-59.05,-998.45,385.0,-918.75,-271.25,1,94.270,
01/01/2000,01:19:55.89,17.32,-59.05,-998.94,175.0,-656.25,-446.25,1,94.273,
01/01/2000,01:19:55.90,16.84,-59.29,-999.42,218.75,-752.50,-297.50,1,94.275,
01/01/2000,01:19:55.91,16.59,-58.80,-999.67,148.75,-700.0,-490.0,1,94.277,
01/01/2000,01:19:55.92,16.10,-58.44,-999.42,175.0,-673.75,-481.25,1,94.280,
01/01/2000,01:19:55.93,15.98,-58.56,-999.55,297.50,-708.75,-288.75,1,94.282,
01/01/2000,01:19:55.94,15.74,-58.56,-1000.64,227.50,-691.25,-297.50,1,94.285,
01/01/2000,01:19:55.95,15.25,-59.17,-1002.35,105.0,-700.0,-280.0,1,94.287,
01/01/2000,01:19:55.96,15.01,-59.41,-1003.94,245.0,-665.0,-315.0,1,94.289,
01/01/2000,01:19:55.97,14.76,-59.05,-1005.04,201.25,-691.25,-315.0,1,94.292,
01/01/2000,01:19:55.98,14.88,-58.32,-1003.69,87.50,-638.75,-358.75,1,94.255,
01/01/2000,01:19:56.00,15.86,-58.07,-1001.86,218.75,-595.0,-341.25,1,94.258,
01/01/2000,01:19:56.00,16.47,-57.95,-999.67,78.75,-665.0,-271.25,1,94.260,
01/01/2000,01:19:56.02,17.20,-58.68,-998.20,210.0,-735.0,-201.25,1,94.262,
01/01/2000,01:19:56.03,17.81,-59.17,-997.47,175.0,-743.75,-516.25,1,94.265,
01/01/2000,01:19:56.04,18.06,-59.54,-998.20,245.0,-726.25,-376.25,1,94.267,
01/01/2000,01:19:56.05,17.81,-59.05,-998.94,96.25,-577.50,-306.25,1,94.269,
01/01/2000,01:19:56.06,16.59,-58.07,-999.67,70.0,-542.50,-131.25,1,94.272,
01/01/2000,01:19:56.07,15.98,-57.58,-998.94,288.75,-656.25,-218.75,1,94.274,
01/01/2000,01:19:56.08,15.98,-57.58,-997.96,201.25,-603.75,-297.50,1,94.276,
01/01/2000,01:19:56.09,16.35,-57.95,-996.25,192.50,-647.50,-306.25,1,94.279,
01/01/2000,01:19:56.10,17.93,-59.05,-995.40,87.50,-761.25,-420.0,1,94.281,
01/01/2000,01:19:56.11,19.40,-59.54,-994.67,201.25,-647.50,-533.75,1,94.245,
01/01/2000,01:19:56.13,19.89,-58.56,-994.30,148.75,-726.25,-455.0,1,94.247,
01/01/2000,01:19:56.14,19.52,-58.07,-994.42,227.50,-682.50,-323.75,1,94.250,
01/01/2000,01:19:56.15,19.28,-57.71,-994.42,113.75,-612.50,-192.50,1,94.252,
01/01/2000,01:19:56.16,18.79,-57.71,-994.30,52.50,-708.75,-271.25,1,94.254,
01/01/2000,01:19:56.17,18.06,-58.44,-993.57,61.25,-717.50,-157.50,1,94.257,
01/01/2000,01:19:56.18,17.93,-59.05,-992.59,323.75,-621.25,-411.25,1,94.259,
01/01/2000,01:19:56.19,18.18,-58.80,-992.23,218.75,-656.25,-586.25,1,94.261,
01/01/2000,01:19:56.20,18.91,-58.68,-992.35,166.25,-691.25,-525.0,1,94.264,
01/01/2000,01:19:56.21,20.74,-58.56,-993.32,297.50,-726.25,-236.25,1,94.266,
01/01/2000,01:19:56.22,21.47,-58.32,-994.06,17.50,-708.75,-280.0,1,94.268,
01/01/2000,01:19:56.23,21.72,-58.32,-994.18,157.50,-717.50,-183.75,1,94.271,
01/01/2000,01:19:56.24,20.98,-58.44,-993.81,306.25,-691.25,-61.25,1,94.273,
01/01/2000,01:19:56.25,19.76,-58.68,-992.84,183.75,-595.0,-210.0,1,94.275,
01/01/2000,01:19:56.26,19.40,-58.80,-992.23,183.75,-726.25,-542.50,1,94.278,
01/01/2000,01:19:56.27,19.64,-58.07,-991.13,122.50,-726.25,-507.50,1,94.242,
01/01/2000,01:19:56.28,20.25,-58.07,-991.25,140.0,-691.25,-463.75,1,94.244,
01/01/2000,01:19:56.29,20.86,-58.07,-991.62,332.50,-691.25,-332.50,1,94.246,
01/01/2000,01:19:56.30,21.47,-58.19,-992.59,175.0,-647.50,-262.50,1,94.249,
01/01/2000,01:19:56.31,21.35,-58.80,-993.08,183.75,-595.0,-297.50,1,94.251,
01/01/2000,01:19:56.32,20.62,-58.80,-993.20,332.50,-691.25,-201.25,1,94.253,
01/01/2000,01:19:56.34,19.15,-58.56,-992.71,0.0,-621.25,-140.0,1,94.256,
01/01/2000,01:19:56.35,18.67,-58.32,-992.10,306.25,-612.50,-393.75,1,94.258,
01/01/2000,01:19:56.36,18.79,-57.83,-991.86,26.25,-656.25,-402.50,1,94.260,
01/01/2000,01:19:56.37,19.64,-58.32,-992.10,157.50,-708.75,-227.50,1,94.263,
01/01/2000,01:19:56.38,20.25,-58.68,-992.47,-8.75,-735.0,-472.50,1,94.265,
01/01/2000,01:19:56.39,20.50,-59.29,-992.84,393.75,-638.75,-315.0,1,94.267,
01/01/2000,01:19:56.40,20.37,-58.80,-992.47,70.0,-717.50,-332.50,1,94.270,
01/01/2000,01:19:56.41,19.52,-58.80,-991.01,253.75,-700.0,-271.25,1,94.272,
01/01/2000,01:19:56.42,19.03,-58.07,-991.13,52.50,-691.25,-236.25,1,94.274,
01/01/2000,01:19:56.43,18.79,-58.80,-992.35,306.25,-761.25,-463.75,1,94.277,
01/01/2000,01:19:56.44,19.28,-59.05,-993.57,280.0,-682.50,-385.0,1,94.279,
01/01/2000,01:19:56.45,20.25,-58.93,-994.18,131.25,-638.75,-455.0,1,94.281,
01/01/2000,01:19:56.46,21.35,-58.68,-994.06,218.75,-586.25,-402.50,1,94.283,
01/01/2000,01:19:56.47,22.45,-58.32,-992.71,78.75,-682.50,-210.0,1,94.286,
01/01/2000,01:19:56.48,22.20,-58.80,-991.13,61.25,-805.0,-113.75,1,94.250,
01/01/2000,01:19:56.49,20.86,-59.05,-991.01,192.50,-708.75,-210.0,1,94.252,
01/01/2000,01:19:56.50,19.76,-59.41,-991.37,262.50,-717.50,-192.50,1,94.255,
01/01/2000,01:19:56.51,18.42,-59.29,-991.98,358.75,-726.25,-568.75,1,94.257,
01/01/2000,01:19:56.52,17.93,-58.56,-992.35,210.0,-656.25,-358.75,1,94.259,
01/01/2000,01:19:56.53,18.18,-57.71,-992.35,166.25,-665.0,-411.25,1,94.262,
01/01/2000,01:19:56.55,19.76,-58.07,-991.98,210.0,-752.50,-350.0,1,94.264,
01/01/2000,01:19:56.56,21.23,-58.56,-991.86,-17.50,-691.25,-367.50,1,94.266,
01/01/2000,01:19:56.57,22.33,-59.29,-991.74,113.75,-743.75,-420.0,1,94.269,
01/01/2000,01:19:56.58,22.57,-59.41,-991.98,78.75,-761.25,-472.50,1,94.271,
01/01/2000,01:19:56.59,21.84,-59.41,-992.47,350.0,-647.50,-315.0,1,94.273,
01/01/2000,01:19:56.60,21.23,-58.44,-992.59,192.50,-700.0,-376.25,1,94.275,
01/01/2000,01:19:56.61,20.01,-58.07,-992.35,113.75,-778.75,-236.25,1,94.278,
01/01/2000,01:19:56.63,17.93,-58.07,-990.64,113.75,-735.0,-61.25,1,94.242,
01/01/2000,01:19:56.64,17.32,-58.44,-990.03,96.25,-743.75,-630.0,1,94.245,
01/01/2000,01:19:56.65,18.54,-59.41,-990.40,140.0,-691.25,-647.50,1,94.247,
01/01/2000,01:19:56.66,20.74,-59.05,-991.62,332.50,-656.25,-796.25,1,94.249,
01/01/2000,01:19:56.67,22.69,-58.68,-993.08,192.50,-656.25,-656.25,1,94.251,
01/01/2000,01:19:56.68,23.79,-58.32,-993.69,192.50,-708.75,35.0,1,94.254,
01/01/2000,01:19:56.69,23.18,-58.19,-993.69,96.25,-787.50,166.25,1,94.256,
01/01/2000,01:19:56.70,21.47,-58.19,-993.08,148.75,-752.50,-17.50,1,94.258,
01/01/2000,01:19:56.71,19.64,-58.80,-992.23,201.25,-638.75,-420.0,1,94.261,
01/01/2000,01:19:56.72,18.06,-58.56,-991.37,175.0,-673.75,-665.0,1,94.263,
01/01/2000,01:19:56.73,17.32,-58.56,-991.37,280.0,-752.50,-586.25,1,94.265,
01/01/2000,01:19:56.74,17.93,-58.19,-991.98,87.50,-743.75,-612.50,1,94.268,
01/01/2000,01:19:56.75,19.03,-58.32,-992.47,306.25,-735.0,-507.50,1,94.270,
01/01/2000,01:19:56.76,20.98,-58.19,-992.96,218.75,-735.0,-350.0,1,94.272,
01/01/2000,01:19:56.77,21.72,-58.56,-992.84,271.25,-752.50,-288.75,1,94.274,
01/01/2000,01:19:56.78,21.84,-58.68,-992.47,140.0,-770.0,-227.50,1,94.277,
01/01/2000,01:19:56.79,21.59,-59.17,-992.23,341.25,-560.0,-236.25,1,94.279,
01/01/2000,01:19:56.80,20.74,-59.05,-992.23,140.0,-647.50,-420.0,1,94.281,
01/01/2000,01:19:56.81,19.03,-58.68,-992.10,218.75,-743.75,-393.75,1,94.283,
01/01/2000,01:19:56.82,18.18,-58.19,-991.98,96.25,-813.75,-315.0,1,94.286,
01/01/2000,01:19:56.83,17.45,-58.19,-991.86,262.50,-630.0,-271.25,1,94.251,
01/01/2000,01:19:56.84,17.93,-58.07,-990.88,140.0,-577.50,-533.75,1,94.253,
01/01/2000,01:19:56.85,19.15,-58.44,-990.40,245.0,-735.0,-682.50,1,94.255,
01/01/2000,01:19:56.86,20.98,-58.56,-990.40,201.25,-761.25,-813.75,1,94.257,
01/01/2000,01:19:56.87,22.69,-59.17,-991.13,201.25,-831.25,-603.75,1,94.260,
01/01/2000,01:19:56.88,24.28,-59.29,-993.08,218.75,-761.25,-376.25,1,94.262,
01/01/2000,01:19:56.90,23.42,-58.80,-994.54,70.0,-577.50,-306.25,1,94.264,
01/01/2000,01:19:56.91,21.72,-58.56,-994.18,105.0,-621.25,-315.0,1,94.267,
01/01/2000,01:19:56.92,20.01,-58.07,-993.20,192.50,-656.25,-113.75,1,94.269,
01/01/2000,01:19:56.93,18.54,-58.19,-992.10,218.75,-673.75,-280.0,1,94.271,
01/01/2000,01:19:56.94,18.18,-58.68,-991.62,201.25,-647.50,-481.25,1,94.273,
01/01/2000,01:19:56.95,18.91,-59.54,-992.35,96.25,-682.50,-393.75,1,94.276,
01/01/2000,01:19:56.96,19.76,-59.66,-993.08,201.25,-822.50,-472.50,1,94.278,
01/01/2000,01:19:56.97,20.98,-59.17,-993.32,236.25,-743.75,-315.0,1,94.280,
01/01/2000,01:19:56.98,21.72,-58.44,-992.96,70.0,-770.0,-262.50,1,94.282,
01/01/2000,01:19:56.99,21.47,-58.44,-992.35,253.75,-691.25,-78.75,1,94.285,
01/01/2000,01:19:57.00,20.50,-58.68,-991.74,131.25,-761.25,-8.75,1,94.287,
01/01/2000,01:19:57.01,19.28,-59.54,-991.74,236.25,-691.25,-87.50,1,94.289,
01/01/2000,01:19:57.02,18.42,-59.66,-991.98,201.25,-717.50,-367.50,1,94.291,
01/01/2000,01:19:57.03,17.57,-59.41,-992.10,280.0,-743.75,-560.0,1,94.294,
01/01/2000,01:19:57.04,18.06,-58.44,-991.74,183.75,-551.25,-533.75,1,94.259,
01/01/2000,01:19:57.06,19.03,-58.07,-991.25,140.0,-621.25,-245.0,1,94.261,
01/01/2000,01:19:57.07,20.74,-58.19,-990.76,157.50,-822.50,-78.75,1,94.263,
01/01/2000,01:19:57.08,21.47,-59.05,-990.88,183.75,-700.0,-262.50,1,94.266,
01/01/2000,01:19:57.09,21.84,-59.54,-991.74,175.0,-717.50,-323.75,1,94.268,
01/01/2000,01:19:57.10,21.47,-59.66,-992.59,210.0,-708.75,-428.75,1,94.270,
01/01/2000,01:19:57.11,20.01,-58.93,-993.57,271.25,-673.75,-323.75,1,94.272,
01/01/2000,01:19:57.12,18.79,-57.83,-993.81,122.50,-586.25,-288.75,1,94.275,
01/01/2000,01:19:57.13,18.18,-57.83,-993.20,280.0,-621.25,-455.0,1,94.240,
01/01/2000,01:19:57.14,18.54,-58.32,-992.71,96.25,-630.0,-367.50,1,94.242,
01/01/2000,01:19:57.15,19.28,-58.80,-992.35,148.75,-691.25,-420.0,1,94.244,
01/01/2000,01:19:57.16,20.98,-59.29,-992.35,245.0,-603.75,-656.25,1,94.247,
01/01/2000,01:19:57.17,22.08,-59.05,-992.47,218.75,-717.50,-656.25,1,94.249,
01/01/2000,01:19:57.19,22.57,-58.93,-992.59,201.25,-848.75,-280.0,1,94.251,
01/01/2000,01:19:57.20,22.20,-58.56,-992.47,245.0,-700.0,-148.75,1,94.253,
01/01/2000,01:19:57.21,21.11,-58.32,-992.23,280.0,-673.75,-131.25,1,94.256,
01/01/2000,01:19:57.22,20.01,-58.44,-991.98,157.50,-717.50,157.50,1,94.258,
01/01/2000,01:19:57.23,19.15,-59.05,-991.98,376.25,-700.0,-332.50,1,94.260,
01/01/2000,01:19:57.24,18.30,-59.05,-992.10,175.0,-761.25,-901.25,1,94.262,
01/01/2000,01:19:57.25,18.79,-58.68,-991.86,192.50,-717.50,-796.25,1,94.265,
01/01/2000,01:19:57.26,19.76,-58.07,-991.62,227.50,-673.75,-752.50,1,94.267,
01/01/2000,01:19:57.27,20.50,-57.83,-991.25,140.0,-691.25,-210.0,1,94.269,
01/01/2000,01:19:57.28,20.98,-58.80,-991.13,306.25,-700.0,-245.0,1,94.271,
01/01/2000,01:19:57.29,21.23,-59.29,-991.74,87.50,-770.0,-350.0,1,94.273,
01/01/2000,01:19:57.30,20.86,-59.66,-992.59,183.75,-717.50,-288.75,1,94.276,
01/01/2000,01:19:57.31,20.50,-59.54,-993.32,218.75,-673.75,-358.75,1,94.278,
01/01/2000,01:19:57.32,19.64,-58.80,-993.69,122.50,-717.50,-148.75,1,94.280,
01/01/2000,01:19:57.33,19.03,-58.32,-993.20,61.25,-700.0,-131.25,1,94.282,
01/01/2000,01:19:57.34,18.67,-58.56,-992.59,245.0,-726.25,-253.75,1,94.248,
01/01/2000,01:19:57.35,18.79,-59.17,-992.35,245.0,-682.50,-376.25,1,94.287,
01/01/2000,01:19:57.36,19.40,-59.41,-992.47,148.75,-700.0,-647.50,1,94.252,
01/01/2000,01:19:57.37,20.25,-59.90,-992.59,262.50,-691.25,-525.0,1,94.255,
01/01/2000,01:19:57.38,21.47,-59.29,-992.84,105.0,-796.25,-463.75,1,94.257,
01/01/2000,01:19:57.40,21.84,-59.05,-992.71,157.50,-638.75,-17.50,1,94.259,
01/01/2000,01:19:57.41,21.47,-58.80,-992.59,210.0,-673.75,148.75,1,94.261,
01/01/2000,01:19:57.42,20.74,-58.93,-992.35,183.75,-673.75,157.50,1,94.264,
01/01/2000,01:19:57.43,19.89,-59.29,-992.23,236.25,-735.0,-516.25,1,94.266,
01/01/2000,01:19:57.44,19.52,-59.54,-992.47,262.50,-682.50,-560.0,1,94.268,
01/01/2000,01:19:57.45,19.28,-59.17,-993.08,113.75,-665.0,-525.0,1,94.270,
01/01/2000,01:19:57.46,19.64,-59.05,-992.96,96.25,-533.75,-621.25,1,94.272,
01/01/2000,01:19:57.47,20.25,-58.19,-991.37,61.25,-621.25,-166.25,1,94.275,
01/01/2000,01:19:57.48,20.62,-58.56,-990.76,140.0,-691.25,-376.25,1,94.277,
01/01/2000,01:19:57.49,20.98,-59.17,-990.88,210.0,-822.50,-647.50,1,94.279,
01/01/2000,01:19:57.50,21.47,-60.02,-992.84,157.50,-761.25,-507.50,1,94.281,
01/01/2000,01:19:57.51,21.59,-60.27,-994.30,175.0,-726.25,-621.25,1,94.284,
01/01/2000,01:19:57.52,21.11,-59.54,-994.79,271.25,-560.0,-428.75,1,94.286,
01/01/2000,01:19:57.53,20.01,-58.32,-993.81,148.75,-630.0,8.75,1,94.252,
01/01/2000,01:19:57.54,19.28,-58.19,-992.84,236.25,-708.75,-70.0,1,94.254,
01/01/2000,01:19:57.55,19.28,-58.80,-991.98,262.50,-735.0,-227.50,1,94.256,
01/01/2000,01:19:57.56,19.15,-59.78,-991.86,253.75,-717.50,-446.25,1,94.258,
01/01/2000,01:19:57.57,19.64,-60.02,-992.35,175.0,-752.50,-568.75,1,94.260,
01/01/2000,01:19:57.58,20.37,-59.90,-993.08,245.0,-717.50,-647.50,1,94.263,
01/01/2000,01:19:57.59,20.98,-59.29,-993.57,113.75,-726.25,-682.50,1,94.265,
01/01/2000,01:19:57.61,21.47,-58.80,-993.57,271.25,-638.75,-35.0,1,94.267,
01/01/2000,01:19:57.62,20.98,-58.80,-992.71,157.50,-787.50,43.75,1,94.269,
01/01/2000,01:19:57.63,20.50,-59.66,-992.35,297.50,-673.75,-96.25,1,94.271,
01/01/2000,01:19:57.65,19.28,-60.02,-991.86,96.25,-726.25,-376.25,1,94.237,
01/01/2000,01:19:57.66,18.42,-59.54,-991.37,297.50,-691.25,-525.0,1,94.240,
01/01/2000,01:19:57.67,18.30,-58.80,-990.64,192.50,-673.75,-280.0,1,94.242,
01/01/2000,01:19:57.68,18.79,-58.32,-990.27,-17.50,-726.25,-341.25,1,94.244,
01/01/2000,01:19:57.69,20.01,-58.93,-991.13,192.50,-735.0,-227.50,1,94.246,
01/01/2000,01:19:57.70,20.98,-59.41,-992.59,122.50,-665.0,-367.50,1,94.248,
01/01/2000,01:19:57.71,21.84,-60.02,-994.79,245.0,-665.0,-507.50,1,94.251,
01/01/2000,01:19:57.72,22.20,-60.02,-995.15,297.50,-586.25,-490.0,1,94.253,
01/01/2000,01:19:57.73,21.35,-59.05,-994.30,140.0,-621.25,-393.75,1,94.255,
01/01/2000,01:19:57.74,20.50,-58.56,-992.96,201.25,-647.50,-175.0,1,94.257,
01/01/2000,01:19:57.75,19.52,-58.44,-991.62,210.0,-630.0,-87.50,1,94.259,
01/01/2000,01:19:57.76,19.40,-59.05,-991.74,166.25,-752.50,-78.75,1,94.262,
01/01/2000,01:19:57.77,19.76,-59.66,-992.47,43.75,-726.25,-393.75,1,94.264,
01/01/2000,01:19:57.78,20.01,-60.02,-993.32,122.50,-656.25,-507.50,1,94.266,
01/01/2000,01:19:57.79,20.25,-59.29,-993.45,350.0,-638.75,-385.0,1,94.268,
01/01/2000,01:19:57.80,20.62,-58.56,-993.08,43.75,-586.25,-332.50,1,94.270,
01/01/2000,01:19:57.81,20.74,-58.19,-992.23,210.0,-691.25,-245.0,1,94.273,
01/01/2000,01:19:57.82,20.62,-58.56,-991.49,210.0,-665.0,-385.0,1,94.275,
01/01/2000,01:19:57.83,20.37,-59.41,-991.13,218.75,-708.75,-358.75,1,94.277,
01/01/2000,01:19:57.84,20.37,-59.78,-991.01,192.50,-726.25,-542.50,1,94.279,
01/01/2000,01:19:57.85,20.01,-59.66,-990.88,140.0,-787.50,-717.50,1,94.281,
01/01/2000,01:19:57.86,19.52,-59.29,-990.76,105.0,-726.25,-341.25,1,94.284,
01/01/2000,01:19:57.87,19.28,-58.56,-990.76,175.0,-603.75,-507.50,1,94.286,
01/01/2000,01:19:57.88,19.76,-58.56,-991.13,218.75,-700.0,-385.0,1,94.288,
01/01/2000,01:19:57.90,21.23,-58.80,-992.71,245.0,-717.50,-358.75,1,94.254,
01/01/2000,01:19:57.91,22.20,-59.41,-993.81,210.0,-717.50,-210.0,1,94.256,
01/01/2000,01:19:57.92,22.57,-59.66,-994.54,218.75,-630.0,-236.25,1,94.259,
01/01/2000,01:19:57.93,22.45,-59.78,-994.67,140.0,-778.75,-332.50,1,94.261,
01/01/2000,01:19:57.94,20.98,-58.93,-993.81,332.50,-656.25,-376.25,1,94.263,
01/01/2000,01:19:57.95,19.89,-58.44,-992.71,297.50,-691.25,-350.0,1,94.265,
01/01/2000,01:19:57.96,18.67,-58.32,-991.49,148.75,-682.50,-271.25,1,94.267,
01/01/2000,01:19:57.97,18.67,-58.80,-991.37,245.0,-735.0,-472.50,1,94.269,
01/01/2000,01:19:57.98,19.03,-59.41,-991.49,218.75,-621.25,-568.75,1,94.272,
01/01/2000,01:19:57.99,19.28,-59.66,-992.47,183.75,-717.50,-691.25,1,94.274,
01/01/2000,01:19:58.00,20.37,-59.29,-993.08,131.25,-682.50,-490.0,1,94.276,
01/01/2000,01:19:58.01,21.11,-58.93,-993.20,122.50,-717.50,-472.50,1,94.278,
01/01/2000,01:19:58.02,21.47,-58.68,-993.08,236.25,-665.0,-288.75,1,94.280,
01/01/2000,01:19:58.03,20.86,-58.80,-992.23,166.25,-691.25,-271.25,1,94.247,
01/01/2000,01:19:58.04,20.25,-59.41,-991.25,175.0,-638.75,-297.50,1,94.249,
01/01/2000,01:19:58.05,18.91,-59.54,-989.79,61.25,-735.0,-367.50,1,94.251,
01/01/2000,01:19:58.06,18.42,-59.29,-989.18,157.50,-752.50,-463.75,1,94.253,
01/01/2000,01:19:58.07,18.06,-59.17,-989.79,236.25,-743.75,-411.25,1,94.255,
01/01/2000,01:19:58.08,18.42,-59.05,-991.37,236.25,-673.75,-437.50,1,94.258,
01/01/2000,01:19:58.09,19.28,-58.80,-994.06,262.50,-577.50,-533.75,1,94.260,
01/01/2000,01:19:58.11,21.47,-59.05,-995.03,166.25,-708.75,-323.75,1,94.262,
01/01/2000,01:19:58.12,23.06,-59.05,-994.67,140.0,-621.25,-306.25,1,94.264,
01/01/2000,01:19:58.13,23.06,-59.54,-993.57,253.75,-717.50,-297.50,1,94.266,
01/01/2000,01:19:58.14,22.45,-59.54,-992.47,96.25,-708.75,-271.25,1,94.268,
01/01/2000,01:19:58.15,20.86,-59.66,-991.49,201.25,-647.50,-218.75,1,94.235,
01/01/2000,01:19:58.16,19.03,-59.17,-991.86,227.50,-717.50,-210.0,1,94.237,
01/01/2000,01:19:58.17,18.67,-58.80,-992.23,131.25,-743.75,-280.0,1,94.239,
01/01/2000,01:19:58.18,18.67,-58.80,-993.08,166.25,-665.0,-271.25,1,94.242,
01/01/2000,01:19:58.19,19.52,-59.29,-993.32,148.75,-568.75,-245.0,1,94.244,
01/01/2000,01:19:58.21,20.50,-59.29,-993.08,148.75,-761.25,-341.25,1,94.246,
01/01/2000,01:19:58.21,21.35,-59.66,-992.96,315.0,-700.0,-472.50,1,94.248,
01/01/2000,01:19:58.23,22.20,-59.29,-992.84,113.75,-770.0,-516.25,1,94.250,
01/01/2000,01:19:58.24,22.20,-59.29,-992.23,201.25,-708.75,-210.0,1,94.252,
01/01/2000,01:19:58.25,21.11,-59.05,-991.13,236.25,-673.75,-157.50,1,94.255,
01/01/2000,01:19:58.26,20.13,-58.68,-990.15,236.25,-726.25,-350.0,1,94.257,
01/01/2000,01:19:58.27,18.91,-58.93,-990.52,131.25,-796.25,-350.0,1,94.259,
01/01/2000,01:19:58.28,18.91,-59.29,-992.10,148.75,-630.0,-376.25,1,94.261,
01/01/2000,01:19:58.29,19.28,-59.66,-994.30,227.50,-717.50,-358.75,1,94.263,
01/01/2000,01:19:58.30,20.01,-59.54,-995.52,131.25,-568.75,-271.25,1,94.265,
01/01/2000,01:19:58.31,20.98,-59.17,-995.64,192.50,-665.0,-315.0,1,94.268,
01/01/2000,01:19:58.32,21.47,-58.80,-993.57,148.75,-770.0,-245.0,1,94.270,
01/01/2000,01:19:58.33,21.96,-59.05,-992.23,35.0,-665.0,-253.75,1,94.272,
01/01/2000,01:19:58.34,21.96,-59.78,-991.37,306.25,-630.0,-210.0,1,94.274,
01/01/2000,01:19:58.35,21.59,-59.78,-991.37,140.0,-787.50,-455.0,1,94.276,
01/01/2000,01:19:58.36,21.47,-60.02,-992.10,140.0,-682.50,-376.25,1,94.278,
01/01/2000,01:19:58.37,20.50,-59.54,-993.08,341.25,-735.0,-472.50,1,94.280,
01/01/2000,01:19:58.38,19.52,-58.93,-993.45,218.75,-743.75,-218.75,1,94.247,
01/01/2000,01:19:58.39,19.03,-58.80,-993.32,192.50,-691.25,-288.75,1,94.249,
01/01/2000,01:19:58.40,18.91,-59.05,-992.71,140.0,-682.50,-332.50,1,94.252,
01/01/2000,01:19:58.42,18.91,-59.54,-991.98,210.0,-787.50,-463.75,1,94.254,
01/01/2000,01:19:58.42,19.03,-59.54,-990.88,8.75,-708.75,-411.25,1,94.256,
01/01/2000,01:19:58.44,19.40,-59.78,-990.15,183.75,-717.50,-437.50,1,94.258,
01/01/2000,01:19:58.45,19.64,-59.17,-990.03,140.0,-665.0,-420.0,1,94.260,
01/01/2000,01:19:58.46,20.25,-58.93,-991.25,218.75,-717.50,-411.25,1,94.262,
01/01/2000,01:19:58.47,20.62,-59.17,-992.71,157.50,-682.50,-385.0,1,94.264,
01/01/2000,01:19:58.48,20.98,-59.17,-994.06,201.25,-551.25,-315.0,1,94.267,
01/01/2000,01:19:58.49,21.35,-59.54,-995.28,210.0,-560.0,-376.25,1,94.269,
01/01/2000,01:19:58.50,21.23,-59.29,-994.67,218.75,-630.0,-358.75,1,94.271,
01/01/2000,01:19:58.51,20.50,-59.17,-993.32,236.25,-638.75,-183.75,1,94.273,
01/01/2000,01:19:58.52,19.89,-59.17,-992.23,113.75,-726.25,-253.75,1,94.240,
01/01/2000,01:19:58.53,19.40,-59.41,-992.35,350.0,-787.50,-463.75,1,94.242,
01/01/2000,01:19:58.54,19.40,-59.54,-993.20,288.75,-673.75,-533.75,1,94.244,
01/01/2000,01:19:58.55,20.01,-59.17,-993.45,332.50,-577.50,-367.50,1,94.246,
01/01/2000,01:19:58.56,20.98,-59.17,-993.08,175.0,-743.75,-446.25,1,94.249,
01/01/2000,01:19:58.57,21.72,-58.93,-992.59,358.75,-682.50,-385.0,1,94.251,
01/01/2000,01:19:58.58,22.33,-58.80,-992.23,166.25,-761.25,-148.75,1,94.253,
01/01/2000,01:19:58.60,22.69,-59.66,-991.98,17.50,-726.25,-385.0,1,94.255,
01/01/2000,01:19:58.61,21.47,-59.90,-991.86,280.0,-752.50,-271.25,1,94.257,
01/01/2000,01:19:58.62,20.25,-59.54,-991.49,210.0,-586.25,-437.50,1,94.259,
01/01/2000,01:19:58.63,18.91,-58.93,-990.88,105.0,-621.25,-315.0,1,94.261,
01/01/2000,01:19:58.64,17.69,-58.44,-990.40,157.50,-726.25,-350.0,1,94.264,
01/01/2000,01:19:58.65,17.45,-58.56,-990.52,245.0,-656.25,-262.50,1,94.266,
01/01/2000,01:19:58.66,18.91,-59.05,-992.10,183.75,-603.75,-586.25,1,94.233,
01/01/2000,01:19:58.68,21.11,-59.66,-993.81,280.0,-700.0,-420.0,1,94.235,
01/01/2000,01:19:58.69,22.45,-59.54,-994.54,253.75,-568.75,-463.75,1,94.237,
01/01/2000,01:19:58.70,22.94,-59.29,-994.67,113.75,-700.0,-385.0,1,94.239,
01/01/2000,01:19:58.71,22.45,-59.05,-993.93,227.50,-717.50,-218.75,1,94.241,
01/01/2000,01:19:58.72,21.72,-59.05,-993.20,105.0,-735.0,-192.50,1,94.244,
01/01/2000,01:19:58.73,20.62,-59.54,-992.84,201.25,-638.75,-175.0,1,94.246,
01/01/2000,01:19:58.74,19.03,-59.78,-992.10,201.25,-717.50,-533.75,1,94.248,
01/01/2000,01:19:58.75,18.30,-59.41,-991.74,192.50,-560.0,-446.25,1,94.250,
01/01/2000,01:19:58.76,17.93,-59.29,-991.62,332.50,-603.75,-455.0,1,94.252,
01/01/2000,01:19:58.77,18.06,-59.17,-991.74,140.0,-761.25,-455.0,1,94.254,
01/01/2000,01:19:58.78,18.42,-59.17,-992.35,210.0,-682.50,-280.0,1,94.256,
01/01/2000,01:19:58.79,19.89,-59.41,-992.71,227.50,-691.25,-323.75,1,94.258,
01/01/2000,01:19:58.80,20.74,-59.78,-992.71,218.75,-778.75,-341.25,1,94.260,
01/01/2000,01:19:58.81,21.47,-59.90,-992.23,122.50,-673.75,-411.25,1,94.263,
01/01/2000,01:19:58.82,21.96,-59.29,-991.25,105.0,-647.50,-455.0,1,94.265,
01/01/2000,01:19:58.83,21.96,-59.17,-991.01,140.0,-726.25,-350.0,1,94.267,
01/01/2000,01:19:58.84,21.47,-59.54,-991.62,96.25,-822.50,-236.25,1,94.269,
01/01/2000,01:19:58.85,21.11,-59.78,-992.84,227.50,-665.0,-350.0,1,94.271,
01/01/2000,01:19:58.86,20.01,-59.78,-994.18,271.25,-665.0,-402.50,1,94.273,
01/01/2000,01:19:58.87,19.28,-59.66,-994.06,227.50,-656.25,-332.50,1,94.275,
01/01/2000,01:19:58.88,19.03,-59.17,-993.32,271.25,-691.25,-315.0,1,94.243,
01/01/2000,01:19:58.89,19.52,-59.17,-992.47,166.25,-621.25,-271.25,1,94.245,
01/01/2000,01:19:58.90,20.13,-59.54,-992.23,253.75,-682.50,-446.25,1,94.247,
01/01/2000,01:19:58.91,20.62,-59.78,-992.35,157.50,-796.25,-385.0,1,94.249,
01/01/2000,01:19:58.92,21.47,-60.02,-992.71,166.25,-665.0,-437.50,1,94.251,
01/01/2000,01:19:58.94,21.59,-59.78,-992.96,175.0,-682.50,-481.25,1,94.253,
01/01/2000,01:19:58.95,21.23,-59.17,-992.96,245.0,-560.0,-297.50,1,94.255,
01/01/2000,01:19:58.96,20.74,-58.80,-992.47,157.50,-586.25,-227.50,1,94.257,
01/01/2000,01:19:58.97,20.25,-59.05,-992.23,166.25,-752.50,-341.25,1,94.260,
01/01/2000,01:19:58.98,20.01,-59.66,-992.10,323.75,-638.75,-428.75,1,94.262,
01/01/2000,01:19:58.99,20.01,-59.78,-991.74,175.0,-665.0,-402.50,1,94.264,
01/01/2000,01:19:59.00,19.76,-59.90,-991.01,323.75,-665.0,-376.25,1,94.266,
01/01/2000,01:19:59.01,19.40,-59.41,-990.40,17.50,-813.75,-385.0,1,94.268,
01/01/2000,01:19:59.02,19.76,-59.17,-991.37,105.0,-673.75,-227.50,1,94.236,
01/01/2000,01:19:59.03,20.25,-59.29,-992.59,210.0,-673.75,-332.50,1,94.238,
01/01/2000,01:19:59.04,21.11,-59.54,-994.30,157.50,-586.25,-297.50,1,94.240,
01/01/2000,01:19:59.05,21.59,-59.54,-994.30,218.75,-691.25,-507.50,1,94.242,
01/01/2000,01:19:59.06,21.96,-59.41,-993.57,236.25,-735.0,-367.50,1,94.244,
01/01/2000,01:19:59.07,21.96,-59.29,-992.71,280.0,-831.25,-262.50,1,94.246,
01/01/2000,01:19:59.08,21.47,-59.54,-992.23,105.0,-805.0,-358.75,1,94.248,
01/01/2000,01:19:59.10,20.98,-60.02,-992.84,210.0,-673.75,-428.75,1,94.250,
01/01/2000,01:19:59.11,20.01,-59.78,-993.57,227.50,-595.0,-393.75,1,94.252,
01/01/2000,01:19:59.12,19.52,-59.54,-993.81,227.50,-673.75,-402.50,1,94.255,
01/01/2000,01:19:59.13,19.40,-59.29,-993.32,175.0,-647.50,-297.50,1,94.257,
01/01/2000,01:19:59.14,19.28,-59.05,-992.10,245.0,-621.25,-358.75,1,94.259,
01/01/2000,01:19:59.15,19.64,-59.41,-990.88,157.50,-717.50,-420.0,1,94.261,
01/01/2000,01:19:59.16,20.25,-60.02,-990.64,262.50,-778.75,-385.0,1,94.263,
01/01/2000,01:19:59.18,20.62,-60.15,-991.37,201.25,-717.50,-367.50,1,94.231,
01/01/2000,01:19:59.19,20.50,-59.54,-991.74,358.75,-682.50,-428.75,1,94.233,
01/01/2000,01:19:59.20,19.76,-58.93,-991.86,192.50,-717.50,-218.75,1,94.235,
01/01/2000,01:19:59.21,19.52,-58.93,-991.86,210.0,-691.25,-262.50,1,94.237,
01/01/2000,01:19:59.22,19.52,-59.78,-992.47,227.50,-726.25,-332.50,1,94.239,
01/01/2000,01:19:59.23,19.64,-59.90,-992.71,218.75,-595.0,-463.75,1,94.241,
01/01/2000,01:19:59.24,20.13,-60.02,-992.71,148.75,-700.0,-472.50,1,94.243,
01/01/2000,01:19:59.25,20.50,-59.54,-992.35,245.0,-665.0,-420.0,1,94.245,
01/01/2000,01:19:59.26,20.62,-59.41,-992.35,148.75,-630.0,-341.25,1,94.247,
01/01/2000,01:19:59.27,20.37,-59.66,-992.23,113.75,-708.75,-350.0,1,94.250,
01/01/2000,01:19:59.28,20.25,-60.02,-992.23,201.25,-630.0,-297.50,1,94.252,
01/01/2000,01:19:59.29,19.76,-59.90,-992.35,271.25,-682.50,-411.25,1,94.254,
01/01/2000,01:19:59.30,20.13,-59.66,-992.10,87.50,-726.25,-315.0,1,94.256,
01/01/2000,01:19:59.31,20.74,-59.41,-991.86,113.75,-708.75,-411.25,1,94.258,
01/01/2000,01:19:59.32,21.23,-59.17,-991.74,157.50,-726.25,-218.75,1,94.226,
01/01/2000,01:19:59.33,21.72,-59.66,-991.37,210.0,-726.25,-393.75,1,94.228,
01/01/2000,01:19:59.34,21.35,-60.15,-991.62,52.50,-805.0,-288.75,1,94.230,
01/01/2000,01:19:59.35,20.62,-60.15,-991.62,192.50,-717.50,-428.75,1,94.232,
01/01/2000,01:19:59.36,19.76,-60.02,-991.49,148.75,-717.50,-332.50,1,94.234,
01/01/2000,01:19:59.38,19.03,-59.29,-990.64,218.75,-743.75,-350.0,1,94.236,
01/01/2000,01:19:59.39,18.79,-58.68,-990.64,245.0,-673.75,-166.25,1,94.238,
01/01/2000,01:19:59.40,19.40,-59.29,-991.25,140.0,-778.75,-245.0,1,94.240,
01/01/2000,01:19:59.41,20.01,-59.90,-992.35,245.0,-586.25,-367.50,1,94.243,
01/01/2000,01:19:59.42,20.50,-60.51,-993.45,271.25,-691.25,-490.0,1,94.245,
01/01/2000,01:19:59.43,20.86,-60.27,-993.81,113.75,-630.0,-446.25,1,94.247,
01/01/2000,01:19:59.44,20.98,-59.78,-993.08,236.25,-691.25,-420.0,1,94.249,
01/01/2000,01:19:59.45,20.50,-59.17,-991.62,393.75,-656.25,-157.50,1,94.251,
01/01/2000,01:19:59.46,20.13,-59.29,-991.25,183.75,-735.0,-280.0,1,94.253,
01/01/2000,01:19:59.47,19.76,-59.90,-991.49,96.25,-822.50,-323.75,1,94.255,
01/01/2000,01:19:59.48,19.76,-60.51,-991.98,236.25,-743.75,-385.0,1,94.257,
01/01/2000,01:19:59.49,19.64,-60.15,-992.59,227.50,-603.75,-420.0,1,94.259,
01/01/2000,01:19:59.50,19.89,-59.54,-992.35,210.0,-638.75,-332.50,1,94.261,
01/01/2000,01:19:59.51,20.01,-59.05,-991.74,236.25,-700.0,-183.75,1,94.229,
01/01/2000,01:19:59.52,20.01,-59.29,-991.37,166.25,-647.50,-236.25,1,94.231,
01/01/2000,01:19:59.53,19.89,-59.90,-991.13,271.25,-743.75,-227.50,1,94.234,
01/01/2000,01:19:59.54,19.64,-60.02,-990.76,17.50,-726.25,-288.75,1,94.236,
01/01/2000,01:19:59.55,19.52,-59.78,-990.15,253.75,-752.50,-490.0,1,94.238,
01/01/2000,01:19:59.56,19.76,-59.29,-990.64,131.25,-761.25,-385.0,1,94.240,
01/01/2000,01:19:59.58,20.13,-59.17,-992.10,140.0,-778.75,-192.50,1,94.242,
01/01/2000,01:19:59.59,21.35,-59.54,-993.93,218.75,-542.50,-323.75,1,94.244,
01/01/2000,01:19:59.60,21.72,-59.66,-994.54,297.50,-682.50,-280.0,1,94.246,
01/01/2000,01:19:59.61,21.96,-59.90,-993.69,140.0,-612.50,-385.0,1,94.248,
01/01/2000,01:19:59.62,21.84,-60.15,-992.47,280.0,-822.50,-411.25,1,94.250,
01/01/2000,01:19:59.63,21.23,-59.90,-991.62,218.75,-796.25,-323.75,1,94.252,
01/01/2000,01:19:59.64,20.50,-59.90,-991.13,236.25,-691.25,-306.25,1,94.254,
01/01/2000,01:19:59.65,19.64,-59.78,-991.37,227.50,-700.0,-358.75,1,94.256,
01/01/2000,01:19:59.66,18.67,-59.66,-992.47,262.50,-603.75,-455.0,1,94.225,
01/01/2000,01:19:59.67,19.15,-59.54,-993.32,280.0,-542.50,-463.75,1,94.227,
01/01/2000,01:19:59.69,20.25,-59.54,-993.20,253.75,-647.50,-306.25,1,94.229,
01/01/2000,01:19:59.70,20.98,-59.78,-992.84,-52.50,-831.25,-253.75,1,94.231,
01/01/2000,01:19:59.71,21.59,-60.15,-992.71,245.0,-700.0,-507.50,1,94.233,
01/01/2000,01:19:59.72,21.59,-60.15,-992.35,175.0,-752.50,-367.50,1,94.235,
01/01/2000,01:19:59.73,20.86,-60.02,-991.86,87.50,-656.25,-341.25,1,94.237,
01/01/2000,01:19:59.74,19.89,-59.78,-991.01,227.50,-691.25,-402.50,1,94.239,
01/01/2000,01:19:59.75,19.28,-59.29,-990.76,166.25,-735.0,-271.25,1,94.241,
01/01/2000,01:19:59.76,19.15,-59.54,-991.49,210.0,-691.25,-341.25,1,94.243,
01/01/2000,01:19:59.77,19.64,-59.90,-992.59,122.50,-673.75,-306.25,1,94.245,
01/01/2000,01:19:59.78,20.01,-60.02,-993.57,192.50,-665.0,-358.75,1,94.247,
01/01/2000,01:19:59.79,20.62,-59.78,-994.06,245.0,-595.0,-367.50,1,94.249,
01/01/2000,01:19:59.80,21.23,-59.66,-993.93,306.25,-630.0,-315.0,1,94.251,
01/01/2000,01:19:59.81,21.23,-59.54,-993.45,96.25,-647.50,-323.75,1,94.253,
01/01/2000,01:19:59.82,20.86,-59.90,-992.84,210.0,-805.0,-280.0,1,94.255,
01/01/2000,01:19:59.83,20.37,-60.02,-992.10,148.75,-717.50,-385.0,1,94.257,
01/01/2000,01:19:59.84,20.01,-60.02,-991.98,201.25,-603.75,-463.75,1,94.259,
01/01/2000,01:19:59.85,20.01,-59.78,-991.86,227.50,-673.75,-376.25,1,94.261,
01/01/2000,01:19:59.86,19.89,-59.90,-991.98,341.25,-787.50,-385.0,1,94.263,
01/01/2000,01:19:59.88,20.50,-59.90,-992.47,166.25,-700.0,-358.75,1,94.232,
01/01/2000,01:19:59.89,20.98,-59.78,-992.84,131.25,-665.0,-262.50,1,94.234,
01/01/2000,01:19:59.90,21.72,-59.78,-992.59,8.75,-682.50,-280.0,1,94.236,
01/01/2000,01:19:59.91,21.96,-60.51,-992.35,315.0,-638.75,-367.50,1,94.238,
01/01/2000,01:19:59.92,21.47,-60.02,-992.10,61.25,-630.0,-472.50,1,94.240,
01/01/2000,01:19:59.93,20.74,-60.15,-991.37,210.0,-638.75,-183.75,1,94.242,
01/01/2000,01:19:59.94,19.52,-59.78,-990.88,26.25,-700.0,-218.75,1,94.244,
01/01/2000,01:19:59.95,18.54,-59.90,-991.86,253.75,-726.25,-350.0,1,94.246,
01/01/2000,01:19:59.96,18.54,-59.90,-992.71,113.75,-717.50,-358.75,1,94.248,
01/01/2000,01:19:59.97,19.03,-60.02,-993.32,323.75,-656.25,-428.75,1,94.250,
01/01/2000,01:19:59.98,19.76,-59.90,-993.69,183.75,-656.25,-498.75,1,94.252,
01/01/2000,01:19:59.99,21.23,-60.02,-993.81,157.50,-682.50,-393.75,1,94.254,
01/01/2000,01:20:00.00,21.84,-60.27,-993.57,166.25,-656.25,-315.0,1,94.257,
01/01/2000,01:20:00.01,21.84,-60.39,-993.08,236.25,-761.25,-271.25,1,94.225,
01/01/2000,01:20:00.02,21.23,-60.27,-992.71,201.25,-796.25,-437.50,1,94.227,
01/01/2000,01:20:00.03,20.13,-60.02,-992.10,175.0,-700.0,-376.25,1,94.229,
01/01/2000,01:20:00.04,19.40,-59.90,-991.49,157.50,-551.25,-341.25,1,94.231,
01/01/2000,01:20:00.05,18.79,-59.78,-991.37,192.50,-647.50,-463.75,1,94.233,
01/01/2000,01:20:00.06,19.03,-59.78,-991.49,157.50,-700.0,-367.50,1,94.236,
01/01/2000,01:20:00.07,19.52,-59.90,-991.86,157.50,-717.50,-463.75,1,94.238,
01/01/2000,01:20:00.09,20.74,-60.27,-991.98,192.50,-656.25,-358.75,1,94.240,
01/01/2000,01:20:00.10,20.98,-60.27,-991.86,227.50,-717.50,-315.0,1,94.242,
01/01/2000,01:20:00.11,20.37,-60.02,-991.25,192.50,-691.25,-350.0,1,94.244,
01/01/2000,01:20:00.12,19.76,-59.90,-990.88,26.25,-665.0,-350.0,1,94.246,
01/01/2000,01:20:00.13,19.03,-60.02,-990.64,218.75,-665.0,-253.75,1,94.248,
01/01/2000,01:20:00.14,18.67,-59.78,-991.37,271.25,-603.75,-393.75,1,94.250,
01/01/2000,01:20:00.15,18.91,-60.02,-992.96,245.0,-638.75,-420.0,1,94.252,
01/01/2000,01:20:00.16,19.52,-60.02,-993.69,271.25,-638.75,-402.50,1,94.221,
01/01/2000,01:20:00.17,20.74,-59.90,-993.69,306.25,-691.25,-498.75,1,94.223,
01/01/2000,01:20:00.18,21.59,-59.78,-993.32,96.25,-691.25,-437.50,1,94.225,
01/01/2000,01:20:00.20,22.20,-60.15,-992.96,113.75,-735.0,-218.75,1,94.227,
01/01/2000,01:20:00.21,21.84,-60.27,-992.84,140.0,-743.75,-393.75,1,94.229,
01/01/2000,01:20:00.22,20.62,-60.27,-992.47,210.0,-717.50,-323.75,1,94.231,
01/01/2000,01:20:00.23,19.64,-60.02,-991.86,262.50,-595.0,-280.0,1,94.233,
01/01/2000,01:20:00.24,18.79,-59.78,-991.49,271.25,-665.0,-332.50,1,94.235,
01/01/2000,01:20:00.25,18.30,-59.66,-991.37,210.0,-735.0,-323.75,1,94.237,
01/01/2000,01:20:00.26,18.54,-59.78,-991.62,253.75,-586.25,-271.25,1,94.239,
01/01/2000,01:20:00.27,19.28,-60.02,-991.62,183.75,-682.50,-385.0,1,94.241,
01/01/2000,01:20:00.28,20.37,-60.02,-991.37,280.0,-752.50,-367.50,1,94.243,
01/01/2000,01:20:00.29,21.84,-59.78,-990.03,262.50,-621.25,-393.75,1,94.245,
01/01/2000,01:20:00.30,22.45,-59.78,-988.69,122.50,-647.50,-358.75,1,94.247,
01/01/2000,01:20:00.31,23.06,-59.54,-987.71,122.50,-866.25,-420.0,1,94.249,
01/01/2000,01:20:00.32,23.55,-59.54,-986.61,192.50,-682.50,-253.75,1,94.251,
01/01/2000,01:20:00.33,23.67,-60.02,-985.88,52.50,-761.25,-420.0,1,94.253,
01/01/2000,01:20:00.34,23.67,-59.90,-985.64,201.25,-770.0,-297.50,1,94.255,
01/01/2000,01:20:00.35,23.42,-59.90,-985.76,218.75,-717.50,-306.25,1,94.257,
01/01/2000,01:20:00.36,23.18,-59.90,-986.49,201.25,-708.75,-376.25,1,94.226,
01/01/2000,01:20:00.37,22.69,-59.66,-987.71,96.25,-656.25,-350.0,1,94.228,
01/01/2000,01:20:00.38,22.69,-60.02,-988.69,166.25,-673.75,-315.0,1,94.230,
01/01/2000,01:20:00.39,22.94,-59.90,-988.44,236.25,-490.0,-481.25,1,94.232,
01/01/2000,01:20:00.40,23.06,-59.66,-986.49,166.25,-630.0,-210.0,1,94.234,
01/01/2000,01:20:00.41,23.91,-59.54,-984.05,218.75,-717.50,-463.75,1,94.236,
01/01/2000,01:20:00.42,24.89,-59.78,-981.37,175.0,-673.75,-367.50,1,94.238,
01/01/2000,01:20:00.44,25.86,-59.90,-979.17,87.50,-910.0,-481.25,1,94.240,
01/01/2000,01:20:00.45,26.35,-59.90,-979.17,175.0,-778.75,-332.50,1,94.242,
01/01/2000,01:20:00.46,26.23,-60.15,-980.39,280.0,-761.25,-323.75,1,94.244,
01/01/2000,01:20:00.47,24.64,-60.02,-983.32,96.25,-682.50,-306.25,1,94.246,
01/01/2000,01:20:00.48,23.79,-59.66,-985.15,218.75,-621.25,-315.0,1,94.248,
01/01/2000,01:20:00.49,22.94,-59.29,-986.25,183.75,-673.75,-315.0,1,94.250,
01/01/2000,01:20:00.50,22.20,-58.93,-986.49,175.0,-665.0,-280.0,1,94.252,
01/01/2000,01:20:00.51,22.69,-59.41,-985.88,175.0,-630.0,-420.0,1,94.254,
01/01/2000,01:20:00.52,23.55,-60.15,-984.78,140.0,-708.75,-446.25,1,94.256,
01/01/2000,01:20:00.53,24.16,-59.90,-984.30,43.75,-822.50,-341.25,1,94.258,
01/01/2000,01:20:00.54,23.67,-60.27,-984.30,35.0,-796.25,-236.25,1,94.260,
01/01/2000,01:20:00.55,22.69,-60.39,-985.52,218.75,-752.50,-428.75,1,94.262,
01/01/2000,01:20:00.56,21.72,-60.02,-987.71,192.50,-612.50,-455.0,1,94.264,
01/01/2000,01:20:00.57,20.98,-59.41,-989.66,297.50,-551.25,-183.75,1,94.233,
01/01/2000,01:20:00.58,20.98,-59.29,-989.42,183.75,-630.0,-323.75,1,94.235,
01/01/2000,01:20:00.59,21.47,-59.78,-989.05,43.75,-691.25,-43.75,1,94.237,
01/01/2000,01:20:00.60,21.72,-60.51,-988.93,175.0,-778.75,-393.75,1,94.239,
01/01/2000,01:20:00.61,21.72,-61.0,-989.30,105.0,-656.25,-455.0,1,94.241,
01/01/2000,01:20:00.62,21.47,-60.63,-990.40,183.75,-770.0,-498.75,1,94.243,
01/01/2000,01:20:00.64,20.98,-60.02,-990.88,280.0,-682.50,-393.75,1,94.245,
01/01/2000,01:20:00.65,20.62,-59.29,-991.25,245.0,-743.75,-280.0,1,94.247,
01/01/2000,01:20:00.66,20.50,-59.54,-991.13,26.25,-612.50,-262.50,1,94.249,
01/01/2000,01:20:00.67,20.86,-59.78,-991.01,113.75,-673.75,-420.0,1,94.251,
01/01/2000,01:20:00.68,20.98,-60.51,-991.13,122.50,-665.0,-341.25,1,94.253,
01/01/2000,01:20:00.69,20.98,-60.63,-991.37,140.0,-787.50,-472.50,1,94.255,
01/01/2000,01:20:00.70,20.74,-60.15,-991.49,315.0,-568.75,-490.0,1,94.225,
01/01/2000,01:20:00.72,20.50,-59.54,-991.86,148.75,-595.0,-358.75,1,94.227,
01/01/2000,01:20:00.73,20.50,-59.54,-991.98,201.25,-735.0,-236.25,1,94.229,
01/01/2000,01:20:00.74,20.62,-59.78,-991.98,105.0,-665.0,-183.75,1,94.231,
01/01/2000,01:20:00.75,20.74,-60.39,-991.86,96.25,-691.25,-323.75,1,94.233,
01/01/2000,01:20:00.76,20.74,-60.51,-991.86,78.75,-752.50,-411.25,1,94.235,
01/01/2000,01:20:00.77,20.62,-60.39,-991.86,201.25,-665.0,-367.50,1,94.237,
01/01/2000,01:20:00.78,20.50,-60.02,-991.98,87.50,-708.75,-332.50,1,94.239,
01/01/2000,01:20:00.79,20.50,-59.90,-992.10,210.0,-743.75,-253.75,1,94.241,
01/01/2000,01:20:00.80,20.50,-59.78,-992.10,131.25,-708.75,-323.75,1,94.243,
01/01/2000,01:20:00.81,20.50,-60.27,-992.23,306.25,-700.0,-385.0,1,94.245,
01/01/2000,01:20:00.82,20.50,-60.51,-992.35,175.0,-691.25,-358.75,1,94.247,
01/01/2000,01:20:00.83,20.62,-60.51,-992.47,218.75,-708.75,-516.25,1,94.249,
01/01/2000,01:20:00.84,20.74,-60.27,-992.47,122.50,-726.25,-376.25,1,94.251,
01/01/2000,01:20:00.85,20.37,-60.02,-992.59,96.25,-665.0,-271.25,1,94.252,
01/01/2000,01:20:00.86,20.37,-59.90,-992.59,87.50,-682.50,-166.25,1,94.254,
01/01/2000,01:20:00.87,20.50,-60.02,-992.59,288.75,-708.75,-306.25,1,94.256,
01/01/2000,01:20:00.88,20.86,-60.27,-992.35,35.0,-665.0,-315.0,1,94.258,
01/01/2000,01:20:00.89,21.96,-60.15,-992.35,201.25,-612.50,-603.75,1,94.228,
01/01/2000,01:20:00.90,23.67,-59.66,-992.71,87.50,-568.75,-463.75,1,94.262,
01/01/2000,01:20:00.91,24.64,-60.27,-992.10,288.75,-586.25,-166.25,1,94.232,
01/01/2000,01:20:00.93,25.50,-59.78,-991.13,-43.75,-735.0,-516.25,1,94.234,
01/01/2000,01:20:00.94,26.35,-60.02,-991.37,166.25,-673.75,-315.0,1,94.236,
01/01/2000,01:20:00.95,27.57,-60.39,-992.10,210.0,-708.75,-446.25,1,94.238,
01/01/2000,01:20:00.96,28.30,-60.15,-993.57,140.0,-761.25,-376.25,1,94.240,
01/01/2000,01:20:00.97,29.16,-60.27,-994.06,96.25,-656.25,-192.50,1,94.242,
01/01/2000,01:20:00.98,28.79,-60.27,-993.69,201.25,-743.75,-332.50,1,94.244,
01/01/2000,01:20:00.99,28.06,-60.02,-992.71,105.0,-656.25,-218.75,1,94.246,
01/01/2000,01:20:01.00,27.33,-59.78,-991.25,280.0,-595.0,-411.25,1,94.248,
01/01/2000,01:20:01.01,28.06,-59.66,-990.88,245.0,-743.75,-560.0,1,94.250,
01/01/2000,01:20:01.02,30.74,-59.54,-991.74,271.25,-560.0,-778.75,1,94.252,
01/01/2000,01:20:01.03,32.82,-59.78,-992.59,192.50,-708.75,-778.75,1,94.254,
01/01/2000,01:20:01.04,34.89,-60.27,-993.20,210.0,-700.0,-560.0,1,94.256,
01/01/2000,01:20:01.05,35.50,-60.63,-993.32,35.0,-866.25,-227.50,1,94.258,
01/01/2000,01:20:01.06,35.01,-60.76,-992.71,236.25,-901.25,-227.50,1,94.260,
01/01/2000,01:20:01.07,30.50,-60.27,-992.10,52.50,-682.50,-122.50,1,94.229,
01/01/2000,01:20:01.08,28.30,-59.90,-991.86,236.25,-726.25,-245.0,1,94.231,
01/01/2000,01:20:01.09,26.11,-59.54,-991.74,87.50,-673.75,-306.25,1,94.233,
01/01/2000,01:20:01.10,24.89,-59.29,-991.86,175.0,-595.0,-183.75,1,94.235,
01/01/2000,01:20:01.11,25.13,-59.54,-991.86,157.50,-630.0,-612.50,1,94.237,
01/01/2000,01:20:01.12,26.60,-60.15,-991.98,218.75,-612.50,-717.50,1,94.239,
01/01/2000,01:20:01.14,28.06,-60.51,-992.23,148.75,-752.50,-332.50,1,94.241,
01/01/2000,01:20:01.15,28.06,-60.51,-992.23,70.0,-831.25,-350.0,1,94.243,
01/01/2000,01:20:01.16,27.69,-60.27,-992.59,96.25,-673.75,-393.75,1,94.245,
01/01/2000,01:20:01.17,26.11,-60.02,-992.59,113.75,-735.0,-306.25,1,94.247,
01/01/2000,01:20:01.18,24.03,-59.78,-992.59,-43.75,-770.0,-262.50,1,94.249,
01/01/2000,01:20:01.19,22.81,-60.02,-992.47,70.0,-665.0,-323.75,1,94.251,
01/01/2000,01:20:01.20,22.45,-59.90,-992.35,35.0,-717.50,-516.25,1,94.253,
01/01/2000,01:20:01.22,23.30,-60.15,-992.10,236.25,-682.50,-446.25,1,94.223,
01/01/2000,01:20:01.23,23.30,-60.39,-991.98,113.75,-691.25,-358.75,1,94.225,
01/01/2000,01:20:01.24,22.57,-60.63,-992.23,78.75,-770.0,-385.0,1,94.227,
01/01/2000,01:20:01.25,21.72,-60.51,-992.47,183.75,-805.0,-227.50,1,94.229,
01/01/2000,01:20:01.26,20.50,-60.02,-992.71,61.25,-717.50,-297.50,1,94.231,
01/01/2000,01:20:01.27,19.28,-59.66,-992.84,210.0,-726.25,-385.0,1,94.233,
01/01/2000,01:20:01.28,18.42,-59.54,-992.59,183.75,-691.25,-323.75,1,94.235,
01/01/2000,01:20:01.29,18.79,-59.66,-992.59,148.75,-595.0,-428.75,1,94.237,
01/01/2000,01:20:01.30,19.64,-60.02,-992.71,288.75,-630.0,-735.0,1,94.239,
01/01/2000,01:20:01.31,21.72,-60.27,-992.84,122.50,-735.0,-752.50,1,94.240,
01/01/2000,01:20:01.32,22.57,-60.27,-992.96,122.50,-700.0,-376.25,1,94.242,
01/01/2000,01:20:01.33,22.69,-60.27,-992.84,253.75,-726.25,-245.0,1,94.244,
01/01/2000,01:20:01.34,22.33,-60.15,-992.96,131.25,-533.75,-367.50,1,94.246,
01/01/2000,01:20:01.35,21.47,-60.02,-992.96,183.75,-647.50,-376.25,1,94.248,
01/01/2000,01:20:01.36,20.74,-59.66,-992.84,201.25,-630.0,-306.25,1,94.250,
01/01/2000,01:20:01.37,20.37,-59.66,-992.71,166.25,-673.75,-140.0,1,94.252,
01/01/2000,01:20:01.38,20.37,-59.66,-992.59,157.50,-612.50,-323.75,1,94.254,
01/01/2000,01:20:01.39,20.74,-60.02,-992.35,113.75,-691.25,-358.75,1,94.256,
01/01/2000,01:20:01.40,20.98,-60.27,-992.35,262.50,-831.25,-402.50,1,94.258,
01/01/2000,01:20:01.41,21.23,-60.27,-992.35,201.25,-805.0,-201.25,1,94.228,
01/01/2000,01:20:01.42,20.74,-60.02,-992.35,26.25,-761.25,-201.25,1,94.230,
01/01/2000,01:20:01.43,19.03,-60.02,-992.35,105.0,-770.0,-315.0,1,94.232,
01/01/2000,01:20:01.44,18.30,-59.90,-992.10,175.0,-682.50,-323.75,1,94.234,
01/01/2000,01:20:01.45,18.06,-59.78,-992.35,323.75,-787.50,-323.75,1,94.236,
01/01/2000,01:20:01.46,18.06,-59.54,-992.23,192.50,-551.25,-358.75,1,94.238,
01/01/2000,01:20:01.47,19.15,-59.78,-992.10,78.75,-691.25,-350.0,1,94.240,
01/01/2000,01:20:01.48,20.25,-59.90,-992.23,131.25,-682.50,-350.0,1,94.242,
01/01/2000,01:20:01.50,21.23,-60.27,-992.35,157.50,-717.50,-210.0,1,94.244,
01/01/2000,01:20:01.51,21.47,-60.27,-992.47,183.75,-621.25,-455.0,1,94.246,
01/01/2000,01:20:01.52,21.35,-60.02,-992.71,175.0,-743.75,-192.50,1,94.247,
01/01/2000,01:20:01.53,20.86,-59.78,-992.84,166.25,-813.75,-236.25,1,94.249,
01/01/2000,01:20:01.54,19.76,-59.66,-992.84,35.0,-586.25,-183.75,1,94.251,
01/01/2000,01:20:01.55,19.52,-59.78,-992.47,236.25,-603.75,-323.75,1,94.253,
01/01/2000,01:20:01.56,20.01,-59.66,-992.47,157.50,-638.75,-376.25,1,94.255,
01/01/2000,01:20:01.57,20.50,-60.02,-992.47,192.50,-638.75,-385.0,1,94.257,
01/01/2000,01:20:01.58,21.47,-60.02,-992.35,245.0,-700.0,-341.25,1,94.259,
01/01/2000,01:20:01.59,21.84,-60.27,-992.35,166.25,-743.75,-280.0,1,94.261,
01/01/2000,01:20:01.60,21.35,-59.90,-992.59,0.0,-700.0,-350.0,1,94.263,
01/01/2000,01:20:01.61,20.62,-60.15,-992.59,218.75,-761.25,-253.75,1,94.265,
01/01/2000,01:20:01.62,19.89,-59.78,-992.59,105.0,-647.50,-157.50,1,94.267,
01/01/2000,01:20:01.64,18.54,-59.78,-992.35,-26.25,-673.75,-411.25,1,94.237,
01/01/2000,01:20:01.65,18.79,-59.54,-992.35,245.0,-577.50,-516.25,1,94.239,
01/01/2000,01:20:01.66,19.40,-59.54,-992.23,122.50,-691.25,-341.25,1,94.241,
01/01/2000,01:20:01.67,20.13,-59.90,-992.35,236.25,-778.75,-192.50,1,94.243,
01/01/2000,01:20:01.68,21.11,-60.15,-992.23,61.25,-743.75,-402.50,1,94.245,
01/01/2000,01:20:01.69,21.84,-60.27,-992.23,297.50,-603.75,-402.50,1,94.247,
01/01/2000,01:20:01.70,22.08,-60.02,-992.35,87.50,-647.50,-315.0,1,94.249,
01/01/2000,01:20:01.71,21.72,-59.54,-992.59,140.0,-761.25,-332.50,1,94.251,
01/01/2000,01:20:01.72,20.50,-59.54,-992.59,78.75,-612.50,-17.50,1,94.221,
01/01/2000,01:20:01.73,19.76,-59.29,-992.59,140.0,-630.0,-262.50,1,94.223,
01/01/2000,01:20:01.74,20.01,-59.54,-992.47,437.50,-638.75,-428.75,1,94.225,
01/01/2000,01:20:01.75,20.50,-59.41,-992.35,218.75,-717.50,-455.0,1,94.227,
01/01/2000,01:20:01.76,20.62,-59.66,-992.10,52.50,-726.25,-323.75,1,94.229,
01/01/2000,01:20:01.78,20.98,-60.02,-992.10,113.75,-726.25,-297.50,1,94.231,
01/01/2000,01:20:01.79,20.98,-60.02,-992.23,306.25,-691.25,-376.25,1,94.233,
01/01/2000,01:20:01.80,20.37,-59.78,-992.35,140.0,-630.0,-490.0,1,94.235,
01/01/2000,01:20:01.81,19.52,-59.78,-992.35,297.50,-726.25,-227.50,1,94.237,
01/01/2000,01:20:01.82,19.03,-59.41,-992.10,87.50,-778.75,-280.0,1,94.238,
01/01/2000,01:20:01.83,18.67,-59.54,-991.98,201.25,-691.25,-385.0,1,94.240,
01/01/2000,01:20:01.84,18.79,-59.78,-992.23,122.50,-656.25,-350.0,1,94.242,
01/01/2000,01:20:01.85,19.52,-60.15,-992.35,227.50,-586.25,-490.0,1,94.244,
01/01/2000,01:20:01.86,20.37,-60.27,-992.35,175.0,-630.0,-385.0,1,94.246,
01/01/2000,01:20:01.87,21.35,-60.27,-992.35,113.75,-717.50,-437.50,1,94.248,
01/01/2000,01:20:01.88,21.72,-60.02,-992.10,201.25,-743.75,-332.50,1,94.250,
01/01/2000,01:20:01.89,21.96,-59.90,-991.86,87.50,-743.75,-306.25,1,94.252,
01/01/2000,01:20:01.90,21.59,-59.90,-991.98,131.25,-682.50,-323.75,1,94.254,
01/01/2000,01:20:01.91,20.86,-60.15,-992.23,210.0,-673.75,-253.75,1,94.256,
01/01/2000,01:20:01.92,20.37,-60.15,-992.59,113.75,-568.75,-385.0,1,94.226,
01/01/2000,01:20:01.93,20.62,-60.15,-992.71,140.0,-665.0,-367.50,1,94.228,
01/01/2000,01:20:01.94,21.23,-59.78,-992.47,105.0,-691.25,-428.75,1,94.230,
01/01/2000,01:20:01.95,21.47,-59.54,-992.10,192.50,-673.75,-236.25,1,94.232,
01/01/2000,01:20:01.96,21.72,-59.78,-991.62,148.75,-717.50,-350.0,1,94.234,
01/01/2000,01:20:01.97,21.23,-60.27,-991.49,61.25,-770.0,-323.75,1,94.236,
01/01/2000,01:20:01.99,20.01,-60.51,-991.74,52.50,-761.25,-262.50,1,94.238,
01/01/2000,01:20:02.00,19.15,-60.27,-991.74,245.0,-700.0,-315.0,1,94.240,
01/01/2000,01:20:02.01,18.06,-59.78,-991.86,166.25,-752.50,-367.50,1,94.242,
01/01/2000,01:20:02.02,17.45,-59.29,-991.86,61.25,-726.25,-367.50,1,94.243,
01/01/2000,01:20:02.03,17.81,-59.66,-991.98,262.50,-595.0,-262.50,1,94.245,
01/01/2000,01:20:02.04,18.91,-59.41,-992.10,87.50,-630.0,-490.0,1,94.247,
01/01/2000,01:20:02.05,20.25,-60.02,-991.98,175.0,-708.75,-376.25,1,94.249,
01/01/2000,01:20:02.06,21.72,-60.27,-991.62,131.25,-708.75,-341.25,1,94.251,
01/01/2000,01:20:02.07,21.96,-60.39,-991.25,201.25,-682.50,-367.50,1,94.253,
01/01/2000,01:20:02.08,21.72,-60.27,-991.13,122.50,-717.50,-428.75,1,94.255,
01/01/2000,01:20:02.09,20.62,-59.90,-991.62,183.75,-787.50,-315.0,1,94.257,
01/01/2000,01:20:02.10,20.01,-59.29,-991.98,113.75,-673.75,-323.75,1,94.259,
01/01/2000,01:20:02.11,19.76,-59.29,-992.10,175.0,-533.75,-341.25,1,94.260,
01/01/2000,01:20:02.12,19.89,-59.29,-991.86,105.0,-726.25,-236.25,1,94.231,
01/01/2000,01:20:02.13,20.25,-59.78,-991.74,183.75,-831.25,-446.25,1,94.233,
01/01/2000,01:20:02.14,20.86,-60.51,-991.49,105.0,-691.25,-358.75,1,94.235,
01/01/2000,01:20:02.15,20.74,-60.51,-991.49,218.75,-717.50,-498.75,1,94.237,
01/01/2000,01:20:02.16,20.25,-60.27,-991.62,227.50,-770.0,-227.50,1,94.239,
01/01/2000,01:20:02.17,19.76,-60.27,-991.86,148.75,-647.50,-271.25,1,94.241,
01/01/2000,01:20:02.18,19.28,-59.54,-992.23,87.50,-647.50,-385.0,1,94.243,
01/01/2000,01:20:02.20,19.40,-59.41,-992.59,210.0,-682.50,-350.0,1,94.245,
01/01/2000,01:20:02.21,20.13,-59.54,-992.35,236.25,-586.25,-288.75,1,94.246,
01/01/2000,01:20:02.22,20.50,-60.02,-991.86,210.0,-708.75,-306.25,1,94.248,
01/01/2000,01:20:02.23,20.86,-60.27,-991.62,61.25,-656.25,-411.25,1,94.219,
01/01/2000,01:20:02.24,20.98,-60.15,-991.62,227.50,-770.0,-455.0,1,94.221,
01/01/2000,01:20:02.25,20.86,-59.54,-992.10,105.0,-787.50,-280.0,1,94.223,
01/01/2000,01:20:02.26,20.74,-59.05,-992.35,105.0,-761.25,-341.25,1,94.225,
01/01/2000,01:20:02.27,20.50,-59.29,-992.47,385.0,-630.0,-262.50,1,94.227,
01/01/2000,01:20:02.29,20.50,-59.17,-992.35,96.25,-717.50,-402.50,1,94.229,
01/01/2000,01:20:02.29,20.62,-59.90,-991.98,70.0,-612.50,-166.25,1,94.231,
01/01/2000,01:20:02.31,20.74,-60.27,-991.62,210.0,-647.50,-393.75,1,94.233,
01/01/2000,01:20:02.32,20.98,-60.27,-991.62,157.50,-682.50,-297.50,1,94.235,
01/01/2000,01:20:02.33,20.98,-60.39,-991.86,245.0,-612.50,-428.75,1,94.236,
01/01/2000,01:20:02.34,20.37,-59.90,-991.98,35.0,-752.50,-201.25,1,94.238,
01/01/2000,01:20:02.35,19.28,-59.78,-992.10,78.75,-682.50,-26.25,1,94.240,
01/01/2000,01:20:02.36,18.30,-59.78,-992.10,175.0,-630.0,-332.50,1,94.242,
01/01/2000,01:20:02.37,17.81,-59.54,-992.35,148.75,-682.50,-437.50,1,94.244,
01/01/2000,01:20:02.38,18.18,-59.54,-992.59,70.0,-577.50,-332.50,1,94.246,
01/01/2000,01:20:02.39,19.28,-59.78,-992.47,297.50,-682.50,-402.50,1,94.248,
01/01/2000,01:20:02.40,20.37,-59.54,-992.35,-61.25,-568.75,-297.50,1,94.250,
01/01/2000,01:20:02.41,21.23,-59.78,-991.86,17.50,-717.50,-262.50,1,94.251,
01/01/2000,01:20:02.42,21.47,-60.51,-991.74,306.25,-735.0,-323.75,1,94.253,
01/01/2000,01:20:02.43,21.23,-60.27,-991.86,61.25,-735.0,-393.75,1,94.255,
01/01/2000,01:20:02.44,20.74,-60.27,-992.10,201.25,-708.75,-192.50,1,94.257,
01/01/2000,01:20:02.45,20.01,-59.90,-992.47,262.50,-717.50,-446.25,1,94.259,
01/01/2000,01:20:02.46,19.76,-59.41,-992.47,157.50,-656.25,-315.0,1,94.261,
01/01/2000,01:20:02.47,19.76,-59.41,-992.35,70.0,-778.75,-192.50,1,94.263,
01/01/2000,01:20:02.48,20.50,-59.78,-992.10,175.0,-752.50,-288.75,1,94.234,
01/01/2000,01:20:02.49,20.98,-60.02,-992.35,262.50,-708.75,-315.0,1,94.236,
01/01/2000,01:20:02.50,21.84,-60.15,-992.47,140.0,-717.50,-341.25,1,94.238,
01/01/2000,01:20:02.51,21.72,-60.02,-992.35,52.50,-778.75,-271.25,1,94.239,
01/01/2000,01:20:02.52,20.74,-60.15,-991.98,113.75,-691.25,-332.50,1,94.241,
01/01/2000,01:20:02.53,19.52,-59.66,-991.74,175.0,-743.75,-87.50,1,94.243,
01/01/2000,01:20:02.55,18.18,-59.54,-991.98,175.0,-691.25,-358.75,1,94.245,
01/01/2000,01:20:02.56,17.81,-59.29,-992.47,78.75,-621.25,-385.0,1,94.247,
01/01/2000,01:20:02.57,18.54,-59.41,-992.96,210.0,-656.25,-288.75,1,94.249,
01/01/2000,01:20:02.58,19.52,-59.54,-992.59,157.50,-665.0,-428.75,1,94.251,
01/01/2000,01:20:02.59,20.37,-59.66,-992.10,70.0,-700.0,-385.0,1,94.253,
01/01/2000,01:20:02.60,20.98,-59.90,-991.62,35.0,-743.75,-288.75,1,94.254,
01/01/2000,01:20:02.61,21.47,-60.15,-991.37,-43.75,-700.0,-288.75,1,94.256,
01/01/2000,01:20:02.62,20.98,-60.15,-992.10,236.25,-708.75,-455.0,1,94.258,
01/01/2000,01:20:02.63,20.37,-59.41,-992.71,35.0,-630.0,-385.0,1,94.260,
01/01/2000,01:20:02.64,20.25,-59.41,-992.96,280.0,-761.25,-201.25,1,94.262,
01/01/2000,01:20:02.65,20.01,-59.05,-992.96,175.0,-691.25,-341.25,1,94.264,
01/01/2000,01:20:02.66,20.01,-59.29,-992.71,96.25,-691.25,-376.25,1,94.265,
01/01/2000,01:20:02.67,20.74,-59.78,-992.35,192.50,-630.0,-323.75,1,94.267,
01/01/2000,01:20:02.68,21.47,-60.02,-992.35,210.0,-761.25,-516.25,1,94.269,
01/01/2000,01:20:02.69,21.84,-60.02,-992.10,175.0,-796.25,-358.75,1,94.241,
01/01/2000,01:20:02.70,21.72,-60.27,-991.98,262.50,-691.25,-271.25,1,94.243,
01/01/2000,01:20:02.71,20.74,-59.78,-991.98,210.0,-866.25,-131.25,1,94.244,
01/01/2000,01:20:02.72,19.52,-60.02,-992.59,175.0,-682.50,-201.25,1,94.246,
01/01/2000,01:20:02.73,17.81,-59.78,-992.71,122.50,-630.0,-271.25,1,94.248,
01/01/2000,01:20:02.75,17.45,-59.54,-992.59,96.25,-638.75,-420.0,1,94.250,
01/01/2000,01:20:02.76,18.30,-59.54,-992.47,96.25,-638.75,-341.25,1,94.252,
01/01/2000,01:20:02.77,19.52,-60.02,-992.23,280.0,-665.0,-367.50,1,94.254,
01/01/2000,01:20:02.78,20.74,-60.02,-991.86,236.25,-630.0,-411.25,1,94.255,
01/01/2000,01:20:02.79,21.72,-60.27,-991.49,315.0,-673.75,-323.75,1,94.257,
01/01/2000,01:20:02.80,21.96,-60.27,-991.37,148.75,-752.50,-358.75,1,94.259,
01/01/2000,01:20:02.81,21.96,-60.27,-991.37,218.75,-761.25,-280.0,1,94.261,
01/01/2000,01:20:02.82,21.35,-60.02,-991.49,175.0,-805.0,-358.75,1,94.233,
01/01/2000,01:20:02.83,20.25,-60.02,-991.86,52.50,-735.0,-271.25,1,94.234,
01/01/2000,01:20:02.84,19.28,-59.66,-992.23,218.75,-507.50,-192.50,1,94.236,
01/01/2000,01:20:02.85,19.28,-59.78,-992.35,175.0,-647.50,-463.75,1,94.238,
01/01/2000,01:20:02.86,19.64,-59.66,-992.47,113.75,-717.50,-393.75,1,94.240,
01/01/2000,01:20:02.87,20.25,-59.78,-992.35,297.50,-665.0,-481.25,1,94.242,
01/01/2000,01:20:02.88,20.98,-60.02,-991.74,157.50,-726.25,-280.0,1,94.244,
01/01/2000,01:20:02.89,21.11,-60.02,-991.49,0.0,-761.25,-227.50,1,94.246,
01/01/2000,01:20:02.91,19.64,-60.27,-991.49,-17.50,-770.0,-227.50,1,94.247,
01/01/2000,01:20:02.92,18.79,-60.27,-991.86,210.0,-630.0,-288.75,1,94.249,
01/01/2000,01:20:02.93,17.93,-59.66,-992.35,35.0,-630.0,-490.0,1,94.251,
01/01/2000,01:20:02.94,17.45,-59.29,-992.84,157.50,-638.75,-437.50,1,94.253,
01/01/2000,01:20:02.95,18.67,-59.05,-992.59,280.0,-656.25,-446.25,1,94.255,
01/01/2000,01:20:02.96,19.64,-59.05,-992.23,17.50,-603.75,-393.75,1,94.257,
01/01/2000,01:20:02.97,21.23,-59.66,-991.49,17.50,-831.25,-288.75,1,94.258,
01/01/2000,01:20:02.98,22.33,-60.02,-991.13,166.25,-743.75,-367.50,1,94.260,
01/01/2000,01:20:02.99,22.57,-60.27,-990.88,210.0,-787.50,-341.25,1,94.262,
01/01/2000,01:20:03.00,22.33,-60.02,-991.13,70.0,-778.75,-393.75,1,94.264,
01/01/2000,01:20:03.01,20.74,-59.66,-991.74,245.0,-796.25,-271.25,1,94.266,
01/01/2000,01:20:03.02,19.76,-59.29,-992.35,70.0,-726.25,-253.75,1,94.268,
01/01/2000,01:20:03.03,18.67,-59.05,-992.84,280.0,-665.0,-297.50,1,94.269,
01/01/2000,01:20:03.04,18.30,-59.05,-992.96,210.0,-630.0,-350.0,1,94.241,
01/01/2000,01:20:03.06,19.15,-59.17,-992.59,262.50,-761.25,-367.50,1,94.243,
01/01/2000,01:20:03.07,20.98,-59.54,-991.98,297.50,-656.25,-332.50,1,94.245,
01/01/2000,01:20:03.08,21.96,-59.66,-991.62,140.0,-700.0,-341.25,1,94.247,
01/01/2000,01:20:03.09,22.20,-60.02,-991.25,192.50,-787.50,-210.0,1,94.248,
01/01/2000,01:20:03.10,21.59,-59.90,-991.01,26.25,-735.0,-350.0,1,94.250,
01/01/2000,01:20:03.11,20.13,-60.02,-991.62,245.0,-700.0,-87.50,1,94.252,
01/01/2000,01:20:03.13,17.93,-59.29,-992.84,192.50,-577.50,-577.50,1,94.224,
01/01/2000,01:20:03.14,18.06,-58.80,-993.08,210.0,-743.75,-262.50,1,94.226,
01/01/2000,01:20:03.15,19.03,-58.56,-993.08,122.50,-682.50,-411.25,1,94.228,
01/01/2000,01:20:03.16,20.86,-59.41,-992.35,52.50,-770.0,-280.0,1,94.230,
01/01/2000,01:20:03.17,21.72,-60.02,-991.62,148.75,-735.0,-367.50,1,94.231,
01/01/2000,01:20:03.18,22.08,-60.39,-991.25,113.75,-603.75,-446.25,1,94.233,
01/01/2000,01:20:03.19,22.08,-60.27,-991.13,96.25,-735.0,-455.0,1,94.235,
01/01/2000,01:20:03.20,21.35,-59.78,-991.37,148.75,-831.25,-262.50,1,94.237,
01/01/2000,01:20:03.21,19.76,-59.29,-992.10,201.25,-665.0,-192.50,1,94.239,
01/01/2000,01:20:03.22,19.15,-58.93,-992.59,166.25,-656.25,-245.0,1,94.241,
01/01/2000,01:20:03.23,18.91,-59.05,-992.96,122.50,-665.0,-315.0,1,94.242,
01/01/2000,01:20:03.24,19.28,-59.29,-993.20,271.25,-708.75,-446.25,1,94.244,
01/01/2000,01:20:03.26,20.98,-59.90,-992.10,218.75,-682.50,-393.75,1,94.216,
01/01/2000,01:20:03.27,21.47,-60.15,-991.25,175.0,-752.50,-271.25,1,94.218,
01/01/2000,01:20:03.28,20.74,-59.90,-991.01,61.25,-813.75,-306.25,1,94.220,
01/01/2000,01:20:03.29,20.01,-60.27,-991.25,175.0,-656.25,-315.0,1,94.222,
01/01/2000,01:20:03.30,18.91,-59.78,-992.10,61.25,-586.25,-358.75,1,94.223,
01/01/2000,01:20:03.31,18.30,-59.41,-992.84,245.0,-822.50,-288.75,1,94.225,
01/01/2000,01:20:03.32,18.30,-58.93,-993.20,166.25,-656.25,-332.50,1,94.227,
01/01/2000,01:20:03.33,19.03,-58.93,-992.96,61.25,-612.50,-288.75,1,94.229,
01/01/2000,01:20:03.34,19.76,-59.41,-992.47,61.25,-691.25,-376.25,1,94.231,
01/01/2000,01:20:03.35,20.74,-59.78,-991.62,52.50,-630.0,-420.0,1,94.233,
01/01/2000,01:20:03.36,21.23,-60.02,-991.37,236.25,-726.25,-376.25,1,94.234,
01/01/2000,01:20:03.37,21.23,-60.02,-991.01,43.75,-700.0,-472.50,1,94.236,
01/01/2000,01:20:03.38,20.98,-59.90,-991.25,201.25,-665.0,-385.0,1,94.238,
01/01/2000,01:20:03.39,20.86,-59.29,-992.10,227.50,-717.50,-227.50,1,94.240,
01/01/2000,01:20:03.40,20.25,-59.17,-992.47,78.75,-551.25,-315.0,1,94.212,
01/01/2000,01:20:03.42,19.76,-59.41,-992.71,183.75,-708.75,-262.50,1,94.214,
01/01/2000,01:20:03.43,20.01,-59.29,-992.59,96.25,-691.25,-446.25,1,94.216,
01/01/2000,01:20:03.44,20.25,-59.78,-992.10,367.50,-743.75,-428.75,1,94.217,
01/01/2000,01:20:03.45,20.98,-59.54,-991.62,122.50,-752.50,-437.50,1,94.219,
01/01/2000,01:20:03.46,21.23,-59.90,-991.13,227.50,-735.0,-227.50,1,94.221,
01/01/2000,01:20:03.47,20.98,-59.54,-991.01,26.25,-673.75,-332.50,1,94.223,
01/01/2000,01:20:03.48,19.52,-59.90,-991.49,297.50,-761.25,-288.75,1,94.225,
01/01/2000,01:20:03.49,18.42,-59.41,-991.86,131.25,-665.0,-446.25,1,94.227,
01/01/2000,01:20:03.50,17.81,-59.29,-992.59,131.25,-778.75,-420.0,1,94.228,
01/01/2000,01:20:03.51,17.69,-59.29,-993.08,70.0,-656.25,-341.25,1,94.230,
01/01/2000,01:20:03.52,18.30,-58.93,-992.96,122.50,-682.50,-341.25,1,94.232,
01/01/2000,01:20:03.53,19.40,-59.17,-992.59,113.75,-603.75,-420.0,1,94.234,
01/01/2000,01:20:03.54,20.74,-59.54,-991.86,227.50,-682.50,-341.25,1,94.236,
01/01/2000,01:20:03.55,21.72,-59.90,-991.13,61.25,-778.75,-385.0,1,94.208,
01/01/2000,01:20:03.56,21.96,-60.15,-990.76,61.25,-770.0,-411.25,1,94.210,
01/01/2000,01:20:03.57,21.35,-59.78,-991.01,245.0,-691.25,-288.75,1,94.212,
01/01/2000,01:20:03.58,20.25,-59.54,-991.25,280.0,-743.75,-236.25,1,94.213,
01/01/2000,01:20:03.59,19.28,-59.17,-991.86,70.0,-595.0,-323.75,1,94.215,
01/01/2000,01:20:03.60,18.54,-59.17,-992.35,175.0,-665.0,-376.25,1,94.217,
01/01/2000,01:20:03.62,18.42,-59.05,-992.84,87.50,-603.75,-236.25,1,94.219,
01/01/2000,01:20:03.63,19.28,-59.17,-992.71,26.25,-717.50,-481.25,1,94.221,
01/01/2000,01:20:03.64,20.74,-59.78,-991.98,306.25,-735.0,-332.50,1,94.222,
01/01/2000,01:20:03.65,21.23,-59.78,-991.37,0.0,-656.25,-463.75,1,94.224,
01/01/2000,01:20:03.66,20.98,-60.02,-990.76,245.0,-787.50,-236.25,1,94.226,
01/01/2000,01:20:03.67,20.25,-60.02,-990.64,105.0,-700.0,-385.0,1,94.228,
01/01/2000,01:20:03.68,19.64,-59.78,-991.62,227.50,-743.75,-481.25,1,94.230,
01/01/2000,01:20:03.69,19.28,-59.29,-992.71,70.0,-708.75,-288.75,1,94.231,
01/01/2000,01:20:03.70,19.76,-59.29,-993.08,131.25,-638.75,-332.50,1,94.233,
01/01/2000,01:20:03.71,20.01,-59.29,-992.96,131.25,-726.25,-385.0,1,94.235,
01/01/2000,01:20:03.72,20.74,-59.54,-992.35,96.25,-621.25,-297.50,1,94.237,
01/01/2000,01:20:03.73,21.35,-60.15,-991.74,148.75,-700.0,-297.50,1,94.239,
01/01/2000,01:20:03.74,22.20,-60.39,-991.13,210.0,-813.75,-271.25,1,94.240,
01/01/2000,01:20:03.75,21.96,-60.27,-991.13,70.0,-691.25,-218.75,1,94.242,
01/01/2000,01:20:03.77,19.89,-59.78,-991.37,-43.75,-647.50,-358.75,1,94.215,
01/01/2000,01:20:03.78,18.67,-59.54,-992.35,122.50,-682.50,-253.75,1,94.187,
01/01/2000,01:20:03.79,18.54,-59.41,-993.08,78.75,-761.25,-341.25,1,94.189,
01/01/2000,01:20:03.80,18.67,-59.54,-993.32,236.25,-568.75,-402.50,1,94.191,
01/01/2000,01:20:03.81,19.03,-59.78,-992.84,96.25,-568.75,-253.75,1,94.193,
01/01/2000,01:20:03.82,20.25,-59.90,-991.98,-8.75,-901.25,-271.25,1,94.194,
01/01/2000,01:20:03.83,20.50,-60.15,-991.13,192.50,-665.0,-280.0,1,94.196,
01/01/2000,01:20:03.84,20.50,-60.02,-990.64,61.25,-735.0,-332.50,1,94.198,
01/01/2000,01:20:03.85,19.28,-60.02,-991.01,17.50,-708.75,-271.25,1,94.200,
01/01/2000,01:20:03.86,18.54,-59.78,-991.62,253.75,-743.75,-332.50,1,94.202,
01/01/2000,01:20:03.87,18.18,-59.29,-992.47,122.50,-647.50,-428.75,1,94.203,
01/01/2000,01:20:03.88,18.18,-59.05,-993.08,280.0,-761.25,-481.25,1,94.205,
01/01/2000,01:20:03.90,19.15,-59.05,-992.71,131.25,-656.25,-358.75,1,94.207,
01/01/2000,01:20:03.91,19.89,-59.17,-991.98,201.25,-743.75,-166.25,1,94.209,
01/01/2000,01:20:03.92,20.74,-59.54,-990.88,262.50,-778.75,-280.0,1,94.211,
01/01/2000,01:20:03.93,21.35,-60.02,-989.91,175.0,-840.0,-288.75,1,94.212,
01/01/2000,01:20:03.94,21.47,-60.15,-990.03,43.75,-708.75,-341.25,1,94.214,
01/01/2000,01:20:03.95,20.98,-60.15,-990.64,253.75,-700.0,-341.25,1,94.216,
01/01/2000,01:20:03.96,20.01,-59.90,-991.37,78.75,-603.75,-341.25,1,94.218,
01/01/2000,01:20:03.97,19.28,-59.54,-992.47,140.0,-638.75,-271.25,1,94.219,
01/01/2000,01:20:03.98,18.91,-59.05,-993.20,218.75,-691.25,-288.75,1,94.221,
01/01/2000,01:20:03.99,19.64,-59.05,-992.84,140.0,-560.0,-210.0,1,94.223,
01/01/2000,01:20:04.00,20.50,-59.41,-992.10,210.0,-778.75,-262.50,1,94.225,
01/01/2000,01:20:04.01,21.23,-59.78,-991.37,78.75,-735.0,-420.0,1,94.227,
01/01/2000,01:20:04.02,21.11,-60.27,-990.64,236.25,-848.75,-428.75,1,94.228,
01/01/2000,01:20:04.03,20.50,-60.27,-990.40,113.75,-787.50,-350.0,1,94.230,
01/01/2000,01:20:04.04,19.15,-60.27,-991.13,341.25,-682.50,-498.75,1,94.203,
01/01/2000,01:20:04.05,18.30,-59.29,-992.84,-43.75,-700.0,-393.75,1,94.205,
01/01/2000,01:20:04.06,18.18,-58.80,-993.81,105.0,-673.75,-280.0,1,94.206,
01/01/2000,01:20:04.07,18.30,-58.56,-993.93,70.0,-656.25,-218.75,1,94.208,
01/01/2000,01:20:04.08,18.79,-58.93,-993.20,87.50,-656.25,-306.25,1,94.210,
01/01/2000,01:20:04.09,19.89,-59.54,-992.10,17.50,-673.75,-376.25,1,94.212,
01/01/2000,01:20:04.10,20.74,-60.02,-991.25,245.0,-805.0,-350.0,1,94.214,
01/01/2000,01:20:04.12,21.11,-60.51,-990.40,148.75,-682.50,-376.25,1,94.215,
01/01/2000,01:20:04.13,20.98,-60.27,-990.88,131.25,-735.0,-332.50,1,94.217,
01/01/2000,01:20:04.14,20.50,-60.02,-991.62,52.50,-892.50,-297.50,1,94.219,
01/01/2000,01:20:04.15,19.52,-59.29,-992.35,201.25,-700.0,-385.0,1,94.221,
01/01/2000,01:20:04.16,18.67,-59.05,-993.20,140.0,-612.50,-192.50,1,94.222,
01/01/2000,01:20:04.17,18.91,-58.80,-993.57,122.50,-726.25,-367.50,1,94.224,
01/01/2000,01:20:04.18,19.52,-59.17,-993.45,157.50,-665.0,-376.25,1,94.226,
01/01/2000,01:20:04.19,20.98,-59.66,-992.59,166.25,-726.25,-245.0,1,94.228,
01/01/2000,01:20:04.20,21.35,-60.02,-991.62,218.75,-726.25,-385.0,1,94.201,
01/01/2000,01:20:04.21,20.98,-60.27,-990.88,157.50,-778.75,-393.75,1,94.231,
01/01/2000,01:20:04.22,19.76,-60.27,-991.01,140.0,-717.50,-385.0,1,94.204,
01/01/2000,01:20:04.23,18.79,-60.02,-991.98,262.50,-708.75,-420.0,1,94.206,
01/01/2000,01:20:04.24,18.30,-59.41,-993.08,105.0,-717.50,-315.0,1,94.208,
01/01/2000,01:20:04.26,18.06,-59.05,-993.81,157.50,-638.75,-253.75,1,94.210,
01/01/2000,01:20:04.27,19.03,-59.05,-993.32,227.50,-673.75,-411.25,1,94.211,
01/01/2000,01:20:04.28,20.25,-59.78,-991.98,175.0,-717.50,-393.75,1,94.213,
01/01/2000,01:20:04.29,21.11,-59.90,-990.88,105.0,-691.25,-367.50,1,94.215,
01/01/2000,01:20:04.30,21.59,-60.39,-990.27,175.0,-813.75,-393.75,1,94.217,
01/01/2000,01:20:04.31,21.47,-60.15,-990.15,61.25,-761.25,-393.75,1,94.218,
01/01/2000,01:20:04.32,21.11,-59.90,-990.88,227.50,-708.75,-393.75,1,94.220,
01/01/2000,01:20:04.34,20.25,-59.29,-992.10,236.25,-735.0,-131.25,1,94.193,
01/01/2000,01:20:04.35,19.52,-59.05,-993.08,131.25,-630.0,-332.50,1,94.195,
01/01/2000,01:20:04.36,19.28,-59.05,-993.08,78.75,-717.50,-113.75,1,94.197,
01/01/2000,01:20:04.37,19.52,-59.54,-992.84,428.75,-595.0,-253.75,1,94.198,
01/01/2000,01:20:04.38,19.64,-59.54,-992.35,8.75,-770.0,-411.25,1,94.200,
01/01/2000,01:20:04.39,19.89,-59.90,-991.86,35.0,-805.0,-420.0,1,94.202,
01/01/2000,01:20:04.40,19.40,-60.02,-991.49,96.25,-656.25,-288.75,1,94.204,
01/01/2000,01:20:04.41,18.79,-60.02,-991.74,280.0,-665.0,-446.25,1,94.206,
01/01/2000,01:20:04.42,18.67,-59.66,-992.35,87.50,-647.50,-490.0,1,94.207,
01/01/2000,01:20:04.43,19.03,-59.05,-993.08,227.50,-630.0,-245.0,1,94.209,
01/01/2000,01:20:04.44,19.52,-58.80,-992.96,122.50,-673.75,-271.25,1,94.211,
01/01/2000,01:20:04.45,19.76,-58.80,-992.59,113.75,-700.0,-175.0,1,94.213,
01/01/2000,01:20:04.46,19.89,-59.41,-991.86,105.0,-682.50,-385.0,1,94.214,
01/01/2000,01:20:04.47,20.25,-59.78,-991.13,78.75,-612.50,-463.75,1,94.187,
01/01/2000,01:20:04.48,20.50,-59.78,-991.13,140.0,-700.0,-393.75,1,94.189,
01/01/2000,01:20:04.49,20.25,-59.54,-991.37,131.25,-787.50,-420.0,1,94.191,
01/01/2000,01:20:04.50,19.76,-59.41,-991.62,192.50,-726.25,-393.75,1,94.193,
01/01/2000,01:20:04.51,19.28,-59.05,-992.10,157.50,-743.75,-245.0,1,94.195,
01/01/2000,01:20:04.52,19.03,-58.80,-992.35,131.25,-796.25,-253.75,1,94.196,
01/01/2000,01:20:04.53,19.28,-58.80,-992.71,192.50,-621.25,-236.25,1,94.198,
01/01/2000,01:20:04.55,19.76,-59.41,-992.47,201.25,-726.25,-428.75,1,94.200,
01/01/2000,01:20:04.56,20.37,-59.66,-991.98,78.75,-708.75,-271.25,1,94.202,
01/01/2000,01:20:04.57,20.37,-59.90,-991.37,140.0,-638.75,-297.50,1,94.203,
01/01/2000,01:20:04.58,19.89,-60.02,-991.01,148.75,-778.75,-297.50,1,94.205,
01/01/2000,01:20:04.59,18.91,-60.02,-991.01,323.75,-848.75,-420.0,1,94.207,
01/01/2000,01:20:04.60,18.30,-59.54,-991.86,210.0,-761.25,-323.75,1,94.209,
01/01/2000,01:20:04.61,18.79,-59.29,-992.96,218.75,-743.75,-350.0,1,94.210,
01/01/2000,01:20:04.62,19.89,-58.93,-993.69,157.50,-673.75,-315.0,1,94.212,
01/01/2000,01:20:04.63,20.37,-59.05,-993.32,140.0,-735.0,-148.75,1,94.214,
01/01/2000,01:20:04.64,20.74,-59.54,-992.35,131.25,-665.0,-306.25,1,94.187,
01/01/2000,01:20:04.65,20.98,-59.90,-991.13,131.25,-752.50,-385.0,1,94.189,
01/01/2000,01:20:04.66,21.11,-60.02,-990.88,210.0,-717.50,-437.50,1,94.191,
01/01/2000,01:20:04.67,21.23,-60.02,-991.13,236.25,-691.25,-411.25,1,94.192,
01/01/2000,01:20:04.69,20.62,-59.66,-991.86,297.50,-752.50,-393.75,1,94.194,
01/01/2000,01:20:04.70,20.01,-59.29,-992.47,8.75,-726.25,-288.75,1,94.196,
01/01/2000,01:20:04.71,19.52,-59.29,-992.96,96.25,-568.75,-350.0,1,94.198,
01/01/2000,01:20:04.72,19.52,-59.05,-993.20,192.50,-595.0,-332.50,1,94.199,
01/01/2000,01:20:04.73,19.89,-59.05,-993.08,166.25,-700.0,-210.0,1,94.201,
01/01/2000,01:20:04.74,20.25,-59.29,-992.23,70.0,-656.25,-341.25,1,94.203,
01/01/2000,01:20:04.75,20.25,-59.54,-991.49,52.50,-700.0,-227.50,1,94.205,
01/01/2000,01:20:04.76,19.52,-60.15,-990.76,175.0,-761.25,-420.0,1,94.206,
01/01/2000,01:20:04.77,19.03,-60.39,-991.13,236.25,-673.75,-490.0,1,94.208,
01/01/2000,01:20:04.78,18.67,-59.54,-993.08,131.25,-656.25,-262.50,1,94.181,
01/01/2000,01:20:04.79,18.91,-59.29,-993.81,105.0,-691.25,-297.50,1,94.183,
01/01/2000,01:20:04.81,19.28,-59.17,-993.81,367.50,-726.25,-358.75,1,94.185,
01/01/2000,01:20:04.81,19.76,-59.05,-993.45,236.25,-682.50,-227.50,1,94.187,
01/01/2000,01:20:04.83,20.37,-59.41,-992.23,140.0,-612.50,-350.0,1,94.188,
01/01/2000,01:20:04.84,20.62,-59.78,-991.37,157.50,-630.0,-315.0,1,94.190,
01/01/2000,01:20:04.85,20.50,-60.02,-990.76,61.25,-813.75,-367.50,1,94.192,
01/01/2000,01:20:04.86,20.25,-59.78,-991.01,157.50,-813.75,-341.25,1,94.194,
01/01/2000,01:20:04.87,19.89,-59.41,-991.49,201.25,-630.0,-393.75,1,94.195,
01/01/2000,01:20:04.88,19.28,-59.05,-992.10,0.0,-735.0,-175.0,1,94.197,
01/01/2000,01:20:04.89,18.67,-58.93,-992.23,183.75,-778.75,-148.75,1,94.199,
01/01/2000,01:20:04.90,17.20,-59.17,-992.10,43.75,-682.50,-70.0,1,94.201,
01/01/2000,01:20:04.91,16.10,-59.41,-991.86,140.0,-665.0,-87.50,1,94.202,
01/01/2000,01:20:04.92,14.88,-59.78,-991.49,43.75,-735.0,-227.50,1,94.204,
01/01/2000,01:20:04.93,13.66,-59.78,-991.25,218.75,-761.25,-192.50,1,94.206,
01/01/2000,01:20:04.94,11.47,-59.78,-991.74,288.75,-761.25,-245.0,1,94.208,
01/01/2000,01:20:04.95,10.74,-59.78,-992.59,78.75,-630.0,-446.25,1,94.209,
01/01/2000,01:20:04.96,10.49,-59.54,-993.69,52.50,-612.50,-376.25,1,94.211,
01/01/2000,01:20:04.97,11.47,-58.80,-994.30,96.25,-621.25,-420.0,1,94.213,
01/01/2000,01:20:04.98,13.18,-58.93,-993.81,175.0,-717.50,-245.0,1,94.215,
01/01/2000,01:20:04.99,13.91,-59.05,-992.59,43.75,-831.25,-131.25,1,94.216,
01/01/2000,01:20:05.00,13.54,-59.66,-991.01,-35.0,-656.25,61.25,1,94.218,
01/01/2000,01:20:05.01,12.93,-60.02,-989.66,122.50,-778.75,-43.75,1,94.220,
01/01/2000,01:20:05.02,10.37,-60.39,-988.81,78.75,-787.50,-113.75,1,94.222,
01/01/2000,01:20:05.03,8.66,-60.27,-989.66,175.0,-796.25,-236.25,1,94.223,
01/01/2000,01:20:05.04,6.83,-59.54,-992.71,105.0,-638.75,-367.50,1,94.197,
01/01/2000,01:20:05.05,6.71,-58.93,-994.42,140.0,-708.75,-350.0,1,94.199,
01/01/2000,01:20:05.06,6.95,-58.56,-995.28,218.75,-638.75,-201.25,1,94.200,
01/01/2000,01:20:05.07,7.69,-58.19,-994.67,157.50,-612.50,-192.50,1,94.202,
01/01/2000,01:20:05.08,10.37,-59.05,-993.32,183.75,-630.0,-253.75,1,94.204,
01/01/2000,01:20:05.09,11.96,-59.54,-991.37,105.0,-717.50,-341.25,1,94.205,
01/01/2000,01:20:05.11,13.91,-60.27,-989.18,-26.25,-778.75,-323.75,1,94.207,
01/01/2000,01:20:05.12,14.64,-60.63,-989.05,140.0,-726.25,-411.25,1,94.209,
01/01/2000,01:20:05.13,14.40,-60.63,-990.27,122.50,-831.25,-323.75,1,94.211,
01/01/2000,01:20:05.14,13.18,-60.02,-992.35,323.75,-673.75,-35.0,1,94.212,
01/01/2000,01:20:05.15,12.44,-59.29,-993.57,140.0,-507.50,-43.75,1,94.214,
01/01/2000,01:20:05.16,12.44,-58.80,-994.42,140.0,-656.25,-315.0,1,94.216,
01/01/2000,01:20:05.17,13.42,-57.95,-994.67,-8.75,-638.75,-516.25,1,94.218,
01/01/2000,01:20:05.18,15.62,-58.68,-993.08,218.75,-717.50,0.0,1,94.219,
01/01/2000,01:20:05.19,16.71,-59.17,-991.37,61.25,-700.0,-122.50,1,94.221,
01/01/2000,01:20:05.20,17.81,-60.63,-989.66,297.50,-796.25,-183.75,1,94.223,
01/01/2000,01:20:05.21,18.06,-60.76,-989.91,192.50,-770.0,-490.0,1,94.224,
01/01/2000,01:20:05.22,18.06,-60.76,-991.01,140.0,-700.0,-420.0,1,94.226,
01/01/2000,01:20:05.23,17.93,-60.02,-992.35,105.0,-717.50,-358.75,1,94.228,
01/01/2000,01:20:05.24,17.57,-58.93,-992.96,218.75,-717.50,-183.75,1,94.230,
01/01/2000,01:20:05.26,17.32,-57.95,-992.35,70.0,-735.0,-87.50,1,94.203,
01/01/2000,01:20:05.27,18.06,-58.32,-992.10,376.25,-656.25,-183.75,1,94.205,
01/01/2000,01:20:05.28,18.79,-59.05,-991.98,0.0,-726.25,-70.0,1,94.207,
01/01/2000,01:20:05.29,19.03,-60.02,-991.74,192.50,-682.50,-61.25,1,94.208,
01/01/2000,01:20:05.30,19.15,-60.88,-991.25,122.50,-770.0,-516.25,1,94.210,
01/01/2000,01:20:05.31,19.03,-60.51,-991.74,288.75,-752.50,-551.25,1,94.212,
01/01/2000,01:20:05.32,19.03,-59.78,-992.35,148.75,-761.25,-446.25,1,94.186,
01/01/2000,01:20:05.33,18.91,-58.80,-992.47,131.25,-603.75,-288.75,1,94.215,
01/01/2000,01:20:05.34,18.79,-58.32,-992.23,245.0,-682.50,-175.0,1,94.189,
01/01/2000,01:20:05.35,18.91,-58.44,-991.86,253.75,-717.50,-131.25,1,94.191,
01/01/2000,01:20:05.36,19.15,-59.05,-991.86,192.50,-656.25,-288.75,1,94.193,
01/01/2000,01:20:05.37,19.52,-59.54,-991.86,166.25,-682.50,-280.0,1,94.194,
01/01/2000,01:20:05.38,19.52,-60.15,-991.74,157.50,-673.75,-376.25,1,94.196,
01/01/2000,01:20:05.39,19.52,-59.90,-991.62,148.75,-691.25,-481.25,1,94.198,
01/01/2000,01:20:05.40,19.40,-59.54,-991.74,96.25,-743.75,-463.75,1,94.199,
01/01/2000,01:20:05.41,19.40,-59.17,-992.35,105.0,-726.25,-332.50,1,94.201,
01/01/2000,01:20:05.42,19.40,-58.32,-992.35,210.0,-778.75,-201.25,1,94.203,
01/01/2000,01:20:05.43,19.28,-58.56,-992.35,140.0,-665.0,-288.75,1,94.205,
01/01/2000,01:20:05.44,19.28,-59.05,-992.10,157.50,-840.0,-201.25,1,94.206,
01/01/2000,01:20:05.45,19.40,-59.54,-992.10,236.25,-717.50,-385.0,1,94.208,
01/01/2000,01:20:05.47,19.40,-60.02,-991.25,210.0,-726.25,-210.0,1,94.210,
01/01/2000,01:20:05.48,18.67,-59.66,-988.69,157.50,-682.50,-376.25,1,94.211,
01/01/2000,01:20:05.49,18.06,-59.41,-987.96,131.25,-673.75,-315.0,1,94.213,
01/01/2000,01:20:05.50,18.18,-58.93,-987.83,26.25,-761.25,-350.0,1,94.215,
01/01/2000,01:20:05.51,17.57,-59.29,-987.71,350.0,-621.25,-175.0,1,94.217,
01/01/2000,01:20:05.52,16.96,-58.80,-987.22,96.25,-735.0,-157.50,1,94.218,
01/01/2000,01:20:05.53,16.84,-59.29,-985.52,122.50,-682.50,-271.25,1,94.220,
01/01/2000,01:20:05.54,16.71,-59.54,-984.17,227.50,-586.25,-262.50,1,94.222,
01/01/2000,01:20:05.55,16.84,-59.54,-983.93,183.75,-708.75,-323.75,1,94.223,
01/01/2000,01:20:05.56,17.32,-59.78,-984.54,122.50,-822.50,-341.25,1,94.225,
01/01/2000,01:20:05.57,17.08,-59.78,-985.27,201.25,-787.50,-52.50,1,94.227,
01/01/2000,01:20:05.58,16.35,-59.29,-985.52,157.50,-621.25,175.0,1,94.229,
01/01/2000,01:20:05.59,14.40,-59.05,-984.54,61.25,-498.75,-35.0,1,94.202,
01/01/2000,01:20:05.61,13.05,-58.44,-982.10,175.0,-840.0,-280.0,1,94.204,
01/01/2000,01:20:05.62,12.81,-58.56,-980.27,105.0,-673.75,-306.25,1,94.206,
01/01/2000,01:20:05.63,13.05,-58.56,-979.05,192.50,-726.25,-315.0,1,94.208,
01/01/2000,01:20:05.64,13.91,-58.80,-978.68,113.75,-673.75,-192.50,1,94.209,
01/01/2000,01:20:05.65,15.25,-59.78,-980.27,218.75,-717.50,-525.0,1,94.211,
01/01/2000,01:20:05.66,15.86,-60.02,-982.22,78.75,-778.75,-288.75,1,94.213,
01/01/2000,01:20:05.67,15.74,-60.02,-984.30,183.75,-735.0,-148.75,1,94.214,
01/01/2000,01:20:05.68,15.25,-59.41,-986.98,140.0,-560.0,-183.75,1,94.216,
01/01/2000,01:20:05.69,14.64,-58.80,-987.71,175.0,-612.50,-245.0,1,94.218,
01/01/2000,01:20:05.70,14.15,-58.19,-987.59,35.0,-735.0,-140.0,1,94.219,
01/01/2000,01:20:05.71,14.52,-58.44,-986.98,113.75,-630.0,-297.50,1,94.221,
01/01/2000,01:20:05.72,15.62,-58.93,-986.98,52.50,-595.0,-227.50,1,94.223,
01/01/2000,01:20:05.73,16.59,-59.78,-986.74,70.0,-630.0,-218.75,1,94.225,
01/01/2000,01:20:05.74,17.81,-60.02,-986.00,35.0,-787.50,-306.25,1,94.199,
01/01/2000,01:20:05.75,18.30,-60.15,-986.00,105.0,-822.50,-446.25,1,94.200,
01/01/2000,01:20:05.76,18.79,-60.02,-986.98,70.0,-778.75,-446.25,1,94.202,
01/01/2000,01:20:05.77,19.28,-59.29,-988.44,175.0,-770.0,-288.75,1,94.204,
01/01/2000,01:20:05.78,19.03,-59.05,-990.27,78.75,-621.25,-297.50,1,94.205,
01/01/2000,01:20:05.79,18.79,-59.17,-991.62,166.25,-638.75,-35.0,1,94.207,
01/01/2000,01:20:05.80,18.42,-59.05,-991.98,61.25,-551.25,8.75,1,94.209,
01/01/2000,01:20:05.82,18.06,-59.29,-991.49,105.0,-612.50,-402.50,1,94.211,
01/01/2000,01:20:05.83,18.91,-59.41,-990.64,96.25,-647.50,-315.0,1,94.212,
01/01/2000,01:20:05.84,19.64,-59.17,-989.91,87.50,-682.50,-341.25,1,94.186,
01/01/2000,01:20:05.85,20.13,-59.29,-989.42,140.0,-743.75,-218.75,1,94.216,
01/01/2000,01:20:05.86,20.37,-59.29,-989.79,175.0,-621.25,-350.0,1,94.190,
01/01/2000,01:20:05.87,20.62,-59.54,-990.88,183.75,-630.0,-323.75,1,94.191,
01/01/2000,01:20:05.88,20.37,-59.66,-991.74,148.75,-726.25,-175.0,1,94.193,
01/01/2000,01:20:05.89,20.01,-59.66,-992.47,105.0,-682.50,-271.25,1,94.195,
01/01/2000,01:20:05.90,19.40,-59.41,-992.96,105.0,-673.75,-393.75,1,94.197,
01/01/2000,01:20:05.91,19.03,-59.05,-992.84,140.0,-691.25,-245.0,1,94.198,
01/01/2000,01:20:05.92,19.03,-59.05,-992.47,122.50,-708.75,-271.25,1,94.200,
01/01/2000,01:20:05.93,19.28,-59.29,-992.10,175.0,-752.50,-253.75,1,94.202,
01/01/2000,01:20:05.94,19.64,-59.29,-992.23,43.75,-673.75,-367.50,1,94.203,
01/01/2000,01:20:05.95,20.50,-59.90,-993.20,166.25,-726.25,-350.0,1,94.205,
01/01/2000,01:20:05.97,20.25,-59.90,-993.57,105.0,-691.25,-385.0,1,94.207,
01/01/2000,01:20:05.98,19.64,-59.90,-993.32,157.50,-630.0,-280.0,1,94.208,
01/01/2000,01:20:05.99,19.03,-59.54,-992.23,0.0,-691.25,-437.50,1,94.210,
01/01/2000,01:20:06.00,18.79,-59.05,-991.49,262.50,-665.0,-385.0,1,94.212,
01/01/2000,01:20:06.01,19.15,-58.80,-991.13,-8.75,-787.50,-315.0,1,94.213,
01/01/2000,01:20:06.02,19.64,-59.17,-991.13,236.25,-682.50,-297.50,1,94.215,
01/01/2000,01:20:06.03,20.50,-59.66,-991.62,192.50,-647.50,-446.25,1,94.217,
01/01/2000,01:20:06.04,20.74,-60.02,-991.62,280.0,-743.75,-481.25,1,94.218,
01/01/2000,01:20:06.05,20.37,-60.02,-991.86,70.0,-752.50,-297.50,1,94.220,
01/01/2000,01:20:06.06,20.25,-59.78,-992.35,306.25,-647.50,-315.0,1,94.222,
01/01/2000,01:20:06.07,19.76,-59.54,-992.59,8.75,-691.25,-280.0,1,94.224,
01/01/2000,01:20:06.08,19.64,-59.29,-992.84,43.75,-752.50,-332.50,1,94.225,
01/01/2000,01:20:06.09,19.76,-59.29,-994.06,210.0,-761.25,-315.0,1,94.227,
01/01/2000,01:20:06.10,19.89,-59.41,-994.42,210.0,-647.50,-323.75,1,94.201,
01/01/2000,01:20:06.11,19.76,-59.78,-994.30,192.50,-682.50,-350.0,1,94.203,
01/01/2000,01:20:06.12,19.64,-59.66,-993.69,-35.0,-586.25,-297.50,1,94.205,
01/01/2000,01:20:06.13,19.76,-59.78,-993.08,227.50,-700.0,-428.75,1,94.206,
01/01/2000,01:20:06.14,19.76,-59.29,-992.47,26.25,-621.25,-297.50,1,94.208,
01/01/2000,01:20:06.15,19.89,-59.29,-991.62,218.75,-647.50,-367.50,1,94.210,
01/01/2000,01:20:06.16,19.89,-59.05,-991.13,131.25,-682.50,-376.25,1,94.211,
01/01/2000,01:20:06.18,19.64,-59.17,-990.88,148.75,-708.75,-341.25,1,94.213,
01/01/2000,01:20:06.19,19.64,-59.29,-991.13,140.0,-735.0,-350.0,1,94.215,
01/01/2000,01:20:06.20,19.89,-59.29,-991.62,96.25,-691.25,-262.50,1,94.216,
01/01/2000,01:20:06.21,19.89,-59.54,-992.10,157.50,-857.50,-411.25,1,94.218,
01/01/2000,01:20:06.22,19.89,-59.29,-992.35,148.75,-700.0,-332.50,1,94.220,
01/01/2000,01:20:06.23,19.52,-59.17,-992.23,157.50,-726.25,-385.0,1,94.221,
01/01/2000,01:20:06.24,19.52,-59.05,-992.10,43.75,-708.75,-350.0,1,94.223,
01/01/2000,01:20:06.25,19.76,-59.29,-992.47,122.50,-647.50,-385.0,1,94.225,
01/01/2000,01:20:06.26,20.13,-59.41,-992.96,131.25,-726.25,-385.0,1,94.226,
01/01/2000,01:20:06.27,20.25,-59.78,-993.20,166.25,-603.75,-323.75,1,94.228,
01/01/2000,01:20:06.28,20.01,-59.54,-992.84,105.0,-612.50,-358.75,1,94.230,
01/01/2000,01:20:06.29,20.01,-59.54,-992.47,166.25,-656.25,-428.75,1,94.231,
01/01/2000,01:20:06.30,19.76,-59.54,-992.35,87.50,-796.25,-306.25,1,94.233,
01/01/2000,01:20:06.31,19.64,-59.29,-992.23,78.75,-717.50,-358.75,1,94.207,
01/01/2000,01:20:06.33,19.52,-59.29,-992.10,61.25,-813.75,-315.0,1,94.209,
01/01/2000,01:20:06.34,20.01,-59.29,-992.59,140.0,-595.0,-271.25,1,94.211,
01/01/2000,01:20:06.35,19.89,-59.54,-992.96,192.50,-630.0,-367.50,1,94.212,
01/01/2000,01:20:06.36,19.89,-59.54,-993.32,245.0,-656.25,-341.25,1,94.214,
01/01/2000,01:20:06.37,19.76,-59.54,-993.08,140.0,-708.75,-402.50,1,94.216,
01/01/2000,01:20:06.38,19.76,-59.29,-992.84,78.75,-656.25,-428.75,1,94.217,
01/01/2000,01:20:06.39,19.76,-59.29,-992.35,17.50,-638.75,-218.75,1,94.219,
01/01/2000,01:20:06.40,19.52,-59.41,-991.86,148.75,-787.50,-367.50,1,94.221,
01/01/2000,01:20:06.41,19.64,-59.29,-991.49,78.75,-735.0,-533.75,1,94.222,
01/01/2000,01:20:06.42,20.01,-59.54,-991.62,236.25,-665.0,-323.75,1,94.224,
01/01/2000,01:20:06.43,20.13,-59.41,-991.98,35.0,-735.0,-376.25,1,94.226,
01/01/2000,01:20:06.44,20.25,-59.66,-992.59,288.75,-735.0,-367.50,1,94.227,
01/01/2000,01:20:06.45,20.37,-59.29,-993.08,122.50,-647.50,-280.0,1,94.202,
01/01/2000,01:20:06.46,20.13,-59.29,-993.08,175.0,-612.50,-402.50,1,94.204,
01/01/2000,01:20:06.47,19.89,-59.05,-992.47,245.0,-630.0,-341.25,1,94.205,
01/01/2000,01:20:06.48,19.64,-59.05,-991.86,148.75,-796.25,-323.75,1,94.207,
01/01/2000,01:20:06.49,19.76,-58.93,-991.74,-140.0,-682.50,-446.25,1,94.209,
01/01/2000,01:20:06.50,20.01,-59.54,-992.10,218.75,-735.0,-262.50,1,94.210,
01/01/2000,01:20:06.51,20.13,-59.41,-992.35,140.0,-612.50,-411.25,1,94.212,
01/01/2000,01:20:06.52,20.25,-59.29,-992.59,131.25,-586.25,-306.25,1,94.214,
01/01/2000,01:20:06.53,19.89,-59.05,-992.84,52.50,-743.75,-367.50,1,94.215,
01/01/2000,01:20:06.54,19.64,-58.93,-992.59,245.0,-796.25,-385.0,1,94.217,
01/01/2000,01:20:06.55,19.40,-58.93,-992.10,192.50,-682.50,-262.50,1,94.219,
01/01/2000,01:20:06.56,19.40,-58.80,-991.74,148.75,-630.0,-332.50,1,94.220,
01/01/2000,01:20:06.58,19.40,-58.93,-991.98,148.75,-665.0,-306.25,1,94.222,
01/01/2000,01:20:06.59,20.01,-59.41,-992.59,96.25,-717.50,-306.25,1,94.224,
01/01/2000,01:20:06.60,20.25,-59.54,-993.20,245.0,-778.75,-358.75,1,94.225,
01/01/2000,01:20:06.61,20.01,-59.41,-993.08,166.25,-638.75,-341.25,1,94.227,
01/01/2000,01:20:06.62,20.01,-59.17,-992.84,87.50,-638.75,-393.75,1,94.229,
01/01/2000,01:20:06.63,20.01,-58.80,-992.47,0.0,-691.25,-280.0,1,94.230,
01/01/2000,01:20:06.64,20.25,-58.93,-992.35,201.25,-638.75,-306.25,1,94.232,
01/01/2000,01:20:06.65,20.25,-59.17,-992.59,52.50,-682.50,-463.75,1,94.234,
01/01/2000,01:20:06.66,20.37,-59.41,-993.45,113.75,-621.25,-323.75,1,94.208,
01/01/2000,01:20:06.67,20.25,-59.54,-994.06,148.75,-656.25,-376.25,1,94.210,
01/01/2000,01:20:06.68,20.25,-59.29,-994.06,131.25,-673.75,-402.50,1,94.212,
01/01/2000,01:20:06.69,20.01,-59.17,-993.45,288.75,-665.0,-323.75,1,94.213,
01/01/2000,01:20:06.70,19.52,-58.80,-991.98,175.0,-630.0,-411.25,1,94.215,
01/01/2000,01:20:06.71,19.52,-58.80,-991.25,218.75,-708.75,-306.25,1,94.217,
01/01/2000,01:20:06.72,19.52,-58.93,-991.13,148.75,-726.25,-455.0,1,94.218,
01/01/2000,01:20:06.74,19.76,-59.41,-991.37,157.50,-673.75,-341.25,1,94.220,
01/01/2000,01:20:06.75,20.01,-59.54,-991.98,166.25,-708.75,-358.75,1,94.221,
01/01/2000,01:20:06.76,20.25,-59.29,-992.71,157.50,-621.25,-376.25,1,94.223,
01/01/2000,01:20:06.77,20.01,-58.93,-992.84,148.75,-787.50,-262.50,1,94.225,
01/01/2000,01:20:06.78,19.76,-58.56,-992.47,280.0,-612.50,-350.0,1,94.226,
01/01/2000,01:20:06.79,19.52,-58.56,-992.10,166.25,-691.25,-315.0,1,94.228,
01/01/2000,01:20:06.80,19.52,-58.56,-991.86,148.75,-717.50,-253.75,1,94.230,
01/01/2000,01:20:06.81,20.01,-59.05,-991.86,148.75,-708.75,-455.0,1,94.231,
01/01/2000,01:20:06.82,20.37,-59.54,-992.35,236.25,-726.25,-472.50,1,94.233,
01/01/2000,01:20:06.83,20.74,-59.29,-992.96,8.75,-673.75,-402.50,1,94.235,
01/01/2000,01:20:06.84,20.74,-59.41,-993.81,271.25,-586.25,-271.25,1,94.209,
01/01/2000,01:20:06.86,20.74,-58.68,-994.06,183.75,-665.0,-358.75,1,94.211,
01/01/2000,01:20:06.87,20.62,-58.80,-993.69,280.0,-778.75,-245.0,1,94.213,
01/01/2000,01:20:06.88,20.25,-58.32,-993.08,43.75,-691.25,-245.0,1,94.214,
01/01/2000,01:20:06.89,19.76,-58.56,-991.98,113.75,-595.0,-166.25,1,94.216,
01/01/2000,01:20:06.90,19.76,-58.80,-991.01,122.50,-621.25,-411.25,1,94.218,
01/01/2000,01:20:06.91,19.89,-59.29,-990.64,306.25,-813.75,-446.25,1,94.219,
01/01/2000,01:20:06.92,20.37,-59.17,-991.13,166.25,-743.75,-516.25,1,94.221,
01/01/2000,01:20:06.93,20.86,-59.29,-992.23,122.50,-700.0,-455.0,1,94.223,
01/01/2000,01:20:06.94,21.11,-58.93,-993.20,166.25,-586.25,-332.50,1,94.224,
01/01/2000,01:20:06.95,20.62,-58.56,-993.69,236.25,-498.75,-306.25,1,94.226,
01/01/2000,01:20:06.96,20.01,-58.44,-993.32,122.50,-770.0,-280.0,1,94.228,
01/01/2000,01:20:06.97,19.52,-58.44,-992.47,210.0,-665.0,-288.75,1,94.229,
01/01/2000,01:20:06.98,19.40,-58.80,-991.86,78.75,-813.75,-323.75,1,94.231,
01/01/2000,01:20:06.99,19.89,-59.41,-991.62,175.0,-700.0,-332.50,1,94.232,
01/01/2000,01:20:07.00,20.25,-59.54,-991.86,78.75,-787.50,-393.75,1,94.234,
01/01/2000,01:20:07.01,20.50,-59.41,-992.59,218.75,-752.50,-376.25,1,94.209,
01/01/2000,01:20:07.02,20.62,-59.17,-992.96,210.0,-665.0,-341.25,1,94.211,
01/01/2000,01:20:07.03,20.37,-58.93,-993.32,262.50,-743.75,-420.0,1,94.212,
01/01/2000,01:20:07.04,20.01,-58.68,-993.08,122.50,-700.0,-148.75,1,94.214,
01/01/2000,01:20:07.05,19.76,-58.80,-992.47,350.0,-691.25,-271.25,1,94.216,
01/01/2000,01:20:07.06,19.52,-58.56,-991.74,43.75,-656.25,-315.0,1,94.217,
01/01/2000,01:20:07.07,19.52,-59.29,-991.01,280.0,-735.0,-481.25,1,94.219,
01/01/2000,01:20:07.09,19.89,-59.41,-990.88,227.50,-883.75,-621.25,1,94.220,
01/01/2000,01:20:07.10,20.01,-59.66,-991.13,105.0,-840.0,-481.25,1,94.222,
01/01/2000,01:20:07.11,20.50,-59.29,-992.10,35.0,-665.0,-402.50,1,94.224,
01/01/2000,01:20:07.12,20.37,-59.17,-992.59,183.75,-726.25,-280.0,1,94.225,
01/01/2000,01:20:07.13,20.25,-58.80,-992.84,26.25,-700.0,-297.50,1,94.227,
01/01/2000,01:20:07.14,19.76,-59.05,-992.59,262.50,-673.75,-262.50,1,94.229,
01/01/2000,01:20:07.15,19.52,-58.80,-992.35,70.0,-735.0,-411.25,1,94.230,
01/01/2000,01:20:07.16,19.89,-59.29,-992.47,175.0,-682.50,-437.50,1,94.232,
01/01/2000,01:20:07.17,20.25,-59.41,-992.96,192.50,-595.0,-323.75,1,94.233,
01/01/2000,01:20:07.18,20.25,-59.41,-993.32,210.0,-778.75,-385.0,1,94.235,
01/01/2000,01:20:07.19,20.50,-59.29,-993.08,70.0,-621.25,-385.0,1,94.237,
01/01/2000,01:20:07.20,20.25,-58.93,-992.96,201.25,-673.75,-297.50,1,94.238,
01/01/2000,01:20:07.21,20.13,-58.68,-992.84,61.25,-735.0,-306.25,1,94.240,
01/01/2000,01:20:07.22,20.25,-58.93,-993.20,87.50,-621.25,-288.75,1,94.215,
01/01/2000,01:20:07.23,20.13,-59.41,-993.20,87.50,-638.75,-271.25,1,94.217,
01/01/2000,01:20:07.24,20.25,-59.29,-993.32,183.75,-866.25,-358.75,1,94.218,
01/01/2000,01:20:07.25,19.89,-59.29,-993.08,157.50,-691.25,-280.0,1,94.220,
01/01/2000,01:20:07.26,19.89,-59.05,-992.59,105.0,-603.75,-376.25,1,94.222,
01/01/2000,01:20:07.27,19.40,-58.93,-991.37,131.25,-638.75,-280.0,1,94.223,
01/01/2000,01:20:07.28,19.03,-58.68,-990.76,26.25,-761.25,-323.75,1,94.225,
01/01/2000,01:20:07.30,19.15,-58.93,-990.40,122.50,-603.75,-306.25,1,94.226,
01/01/2000,01:20:07.31,19.52,-59.17,-991.01,201.25,-691.25,-446.25,1,94.228,
01/01/2000,01:20:07.32,19.64,-59.54,-991.98,122.50,-673.75,-367.50,1,94.230,
01/01/2000,01:20:07.33,20.01,-59.41,-993.20,87.50,-630.0,-376.25,1,94.231,
01/01/2000,01:20:07.34,20.01,-59.17,-993.32,280.0,-682.50,-245.0,1,94.233,
01/01/2000,01:20:07.35,19.64,-58.56,-992.84,140.0,-691.25,-175.0,1,94.235,
01/01/2000,01:20:07.36,19.76,-58.56,-992.10,113.75,-700.0,-192.50,1,94.210,
01/01/2000,01:20:07.37,19.52,-58.93,-991.62,166.25,-630.0,-332.50,1,94.211,
01/01/2000,01:20:07.38,19.64,-59.29,-991.74,35.0,-726.25,-411.25,1,94.213,
01/01/2000,01:20:07.39,20.37,-59.54,-992.84,236.25,-665.0,-428.75,1,94.215,
01/01/2000,01:20:07.40,20.86,-59.66,-993.93,157.50,-595.0,-367.50,1,94.216,
01/01/2000,01:20:07.41,20.50,-59.54,-994.42,271.25,-595.0,-271.25,1,94.218,
01/01/2000,01:20:07.42,20.01,-58.80,-993.81,140.0,-761.25,-315.0,1,94.219,
01/01/2000,01:20:07.44,19.52,-58.44,-992.23,148.75,-708.75,-262.50,1,94.221,
01/01/2000,01:20:07.45,18.79,-58.32,-990.27,43.75,-630.0,-376.25,1,94.223,
01/01/2000,01:20:07.46,18.91,-58.68,-989.66,218.75,-577.50,-393.75,1,94.224,
01/01/2000,01:20:07.47,19.52,-59.41,-989.91,227.50,-717.50,-315.0,1,94.226,
01/01/2000,01:20:07.48,20.01,-59.54,-991.01,96.25,-691.25,-428.75,1,94.228,
01/01/2000,01:20:07.49,20.13,-59.66,-991.98,183.75,-735.0,-455.0,1,94.229,
01/01/2000,01:20:07.50,20.50,-59.17,-992.71,96.25,-647.50,-411.25,1,94.231,
01/01/2000,01:20:07.51,20.13,-58.56,-992.71,96.25,-673.75,-306.25,1,94.232,
01/01/2000,01:20:07.52,19.64,-58.44,-992.59,166.25,-796.25,-288.75,1,94.234,
01/01/2000,01:20:07.53,19.76,-58.93,-992.47,166.25,-717.50,-271.25,1,94.236,
01/01/2000,01:20:07.54,19.76,-59.29,-992.35,166.25,-770.0,-385.0,1,94.237,
01/01/2000,01:20:07.55,19.64,-59.54,-992.59,105.0,-691.25,-323.75,1,94.239,
01/01/2000,01:20:07.56,20.37,-59.54,-992.71,227.50,-726.25,-490.0,1,94.240,
01/01/2000,01:20:07.57,20.74,-59.41,-992.96,131.25,-673.75,-463.75,1,94.242,
01/01/2000,01:20:07.58,20.62,-59.05,-993.57,157.50,-726.25,-315.0,1,94.244,
01/01/2000,01:20:07.59,20.98,-58.80,-993.81,166.25,-603.75,-253.75,1,94.245,
01/01/2000,01:20:07.60,20.62,-58.80,-993.45,70.0,-542.50,-210.0,1,94.247,
01/01/2000,01:20:07.61,19.52,-58.80,-992.35,131.25,-726.25,-183.75,1,94.248,
01/01/2000,01:20:07.62,18.91,-59.05,-990.76,201.25,-621.25,-393.75,1,94.250,
01/01/2000,01:20:07.63,18.91,-59.05,-989.42,113.75,-761.25,-402.50,1,94.252,
01/01/2000,01:20:07.65,18.79,-59.29,-990.03,-8.75,-805.0,-490.0,1,94.227,
01/01/2000,01:20:07.66,19.52,-59.29,-991.37,341.25,-778.75,-463.75,1,94.229,
01/01/2000,01:20:07.67,20.25,-58.93,-992.35,78.75,-577.50,-411.25,1,94.230,
01/01/2000,01:20:07.68,19.89,-58.93,-992.84,61.25,-682.50,-262.50,1,94.232,
01/01/2000,01:20:07.69,19.76,-58.68,-992.84,0.0,-691.25,-315.0,1,94.233,
01/01/2000,01:20:07.70,19.76,-58.56,-991.74,148.75,-761.25,-122.50,1,94.235,
01/01/2000,01:20:07.71,19.64,-58.80,-991.37,262.50,-787.50,-315.0,1,94.237,
01/01/2000,01:20:07.72,19.52,-59.05,-992.10,70.0,-630.0,-411.25,1,94.238,
01/01/2000,01:20:07.73,20.25,-59.29,-992.71,87.50,-735.0,-498.75,1,94.240,
01/01/2000,01:20:07.74,20.37,-59.29,-993.32,218.75,-656.25,-297.50,1,94.241,
01/01/2000,01:20:07.75,20.01,-58.68,-993.81,183.75,-656.25,-446.25,1,94.243,
01/01/2000,01:20:07.76,21.23,-58.19,-994.18,157.50,-647.50,-402.50,1,94.245,
01/01/2000,01:20:07.77,20.98,-58.32,-994.06,122.50,-603.75,-122.50,1,94.246,
01/01/2000,01:20:07.78,20.13,-58.56,-993.45,105.0,-647.50,-140.0,1,94.248,
01/01/2000,01:20:07.79,19.40,-58.93,-991.25,8.75,-691.25,-271.25,1,94.223,
01/01/2000,01:20:07.80,19.28,-59.17,-990.27,236.25,-726.25,-533.75,1,94.225,
01/01/2000,01:20:07.81,18.91,-59.41,-990.40,323.75,-787.50,-603.75,1,94.227,
01/01/2000,01:20:07.82,19.76,-59.17,-991.25,113.75,-796.25,-428.75,1,94.228,
01/01/2000,01:20:07.83,20.50,-59.17,-992.10,175.0,-743.75,-393.75,1,94.230,
01/01/2000,01:20:07.84,20.25,-58.80,-992.96,35.0,-761.25,-306.25,1,94.231,
01/01/2000,01:20:07.86,20.25,-58.93,-992.59,175.0,-586.25,-70.0,1,94.207,
01/01/2000,01:20:07.87,19.52,-58.93,-991.86,166.25,-665.0,-323.75,1,94.208,
01/01/2000,01:20:07.89,19.15,-59.29,-991.62,236.25,-656.25,-507.50,1,94.210,
01/01/2000,01:20:07.90,20.25,-59.05,-992.10,-8.75,-630.0,-533.75,1,94.212,
01/01/2000,01:20:07.91,20.25,-59.05,-992.35,192.50,-743.75,-227.50,1,94.213,
01/01/2000,01:20:07.92,19.52,-58.93,-992.59,175.0,-568.75,-201.25,1,94.215,
01/01/2000,01:20:07.93,20.25,-58.56,-992.84,17.50,-665.0,-288.75,1,94.216,
01/01/2000,01:20:07.94,20.86,-58.68,-993.20,183.75,-682.50,-280.0,1,94.218,
01/01/2000,01:20:07.95,20.50,-58.80,-993.57,-61.25,-656.25,-332.50,1,94.220,
01/01/2000,01:20:07.96,20.74,-59.05,-993.81,166.25,-778.75,-236.25,1,94.221,
01/01/2000,01:20:07.97,20.86,-59.05,-993.20,175.0,-630.0,-148.75,1,94.223,
01/01/2000,01:20:07.98,19.52,-59.05,-991.74,236.25,-700.0,-332.50,1,94.224,
01/01/2000,01:20:07.99,19.03,-58.80,-990.88,78.75,-813.75,-463.75,1,94.226,
01/01/2000,01:20:08.00,19.64,-58.68,-990.27,122.50,-717.50,-437.50,1,94.228,
01/01/2000,01:20:08.01,19.76,-58.56,-990.64,113.75,-787.50,-358.75,1,94.229,
01/01/2000,01:20:08.02,19.52,-58.56,-991.25,218.75,-656.25,-201.25,1,94.231,
01/01/2000,01:20:08.03,20.62,-58.44,-991.62,-8.75,-665.0,-533.75,1,94.232,
01/01/2000,01:20:08.04,20.74,-58.93,-992.35,236.25,-743.75,-350.0,1,94.234,
01/01/2000,01:20:08.05,20.37,-58.80,-992.84,393.75,-638.75,-323.75,1,94.236,
01/01/2000,01:20:08.06,20.74,-58.68,-992.96,192.50,-717.50,-332.50,1,94.237,
01/01/2000,01:20:08.07,20.74,-58.80,-992.59,61.25,-665.0,-253.75,1,94.239,
01/01/2000,01:20:08.08,20.25,-58.80,-991.98,236.25,-673.75,-332.50,1,94.240,
01/01/2000,01:20:08.09,20.01,-58.80,-991.74,183.75,-761.25,-280.0,1,94.242,
01/01/2000,01:20:08.10,20.37,-59.05,-991.98,148.75,-682.50,-490.0,1,94.243,
01/01/2000,01:20:08.11,20.62,-59.54,-992.59,210.0,-516.25,-481.25,1,94.245,
01/01/2000,01:20:08.12,20.50,-59.29,-993.81,210.0,-787.50,-385.0,1,94.247,
01/01/2000,01:20:08.13,21.72,-59.17,-994.79,271.25,-770.0,-455.0,1,94.248,
01/01/2000,01:20:08.14,21.72,-59.17,-995.52,52.50,-743.75,-297.50,1,94.224,
01/01/2000,01:20:08.15,20.25,-59.17,-993.93,323.75,-761.25,26.25,1,94.226,
01/01/2000,01:20:08.16,19.52,-58.68,-991.86,26.25,-682.50,-262.50,1,94.227,
01/01/2000,01:20:08.17,18.54,-59.17,-990.03,280.0,-638.75,-315.0,1,94.229,
01/01/2000,01:20:08.18,18.42,-58.80,-988.93,17.50,-787.50,-498.75,1,94.230,
01/01/2000,01:20:08.19,18.67,-59.29,-989.66,218.75,-778.75,-385.0,1,94.232,
01/01/2000,01:20:08.21,19.52,-59.29,-992.35,78.75,-752.50,-560.0,1,94.233,
01/01/2000,01:20:08.22,19.89,-58.93,-993.69,52.50,-691.25,-201.25,1,94.235,
01/01/2000,01:20:08.23,20.25,-58.68,-994.30,210.0,-682.50,-402.50,1,94.237,
01/01/2000,01:20:08.24,20.13,-58.32,-993.69,43.75,-682.50,-183.75,1,94.238,
01/01/2000,01:20:08.25,19.76,-58.19,-992.35,166.25,-682.50,-306.25,1,94.240,
01/01/2000,01:20:08.26,19.28,-58.80,-990.76,192.50,-708.75,-192.50,1,94.241,
01/01/2000,01:20:08.27,19.52,-59.05,-990.52,96.25,-796.25,-376.25,1,94.243,
01/01/2000,01:20:08.28,20.25,-59.41,-991.86,262.50,-743.75,-603.75,1,94.244,
01/01/2000,01:20:08.29,20.86,-59.29,-993.45,131.25,-770.0,-367.50,1,94.246,
01/01/2000,01:20:08.30,21.35,-58.80,-994.79,70.0,-665.0,-332.50,1,94.248,
01/01/2000,01:20:08.31,21.84,-58.56,-995.52,52.50,-708.75,-166.25,1,94.249,
01/01/2000,01:20:08.32,21.47,-58.32,-994.91,236.25,-770.0,-210.0,1,94.225,
01/01/2000,01:20:08.33,20.74,-58.56,-993.45,61.25,-726.25,-315.0,1,94.252,
01/01/2000,01:20:08.34,20.01,-59.05,-991.86,218.75,-805.0,-183.75,1,94.228,
01/01/2000,01:20:08.36,19.03,-59.29,-989.54,175.0,-691.25,-315.0,1,94.230,
01/01/2000,01:20:08.37,18.91,-59.05,-989.05,192.50,-708.75,-472.50,1,94.231,
01/01/2000,01:20:08.38,20.01,-58.93,-991.37,245.0,-778.75,-568.75,1,94.233,
01/01/2000,01:20:08.39,20.74,-58.44,-993.32,87.50,-700.0,-315.0,1,94.234,
01/01/2000,01:20:08.40,21.47,-58.44,-994.54,105.0,-647.50,-253.75,1,94.236,
01/01/2000,01:20:08.41,21.47,-58.44,-994.67,113.75,-717.50,-157.50,1,94.238,
01/01/2000,01:20:08.42,20.37,-58.56,-992.71,148.75,-682.50,-17.50,1,94.214,
01/01/2000,01:20:08.43,19.89,-58.80,-991.25,262.50,-612.50,-367.50,1,94.215,
01/01/2000,01:20:08.44,20.01,-58.93,-990.64,140.0,-717.50,-455.0,1,94.217,
01/01/2000,01:20:08.45,20.13,-58.80,-991.25,227.50,-700.0,-481.25,1,94.218,
01/01/2000,01:20:08.46,20.62,-59.05,-992.59,157.50,-717.50,-376.25,1,94.220,
01/01/2000,01:20:08.47,20.74,-58.80,-993.69,17.50,-603.75,-420.0,1,94.221,
01/01/2000,01:20:08.48,20.98,-58.56,-994.30,0.0,-621.25,-323.75,1,94.223,
01/01/2000,01:20:08.49,21.11,-58.56,-994.54,61.25,-743.75,-61.25,1,94.225,
01/01/2000,01:20:08.50,21.11,-58.68,-994.06,87.50,-595.0,-253.75,1,94.226,
01/01/2000,01:20:08.51,20.74,-58.80,-993.20,70.0,-621.25,-236.25,1,94.228,
01/01/2000,01:20:08.52,20.01,-59.05,-991.62,280.0,-708.75,-148.75,1,94.229,
01/01/2000,01:20:08.53,19.03,-59.05,-990.15,122.50,-717.50,-218.75,1,94.231,
01/01/2000,01:20:08.54,18.54,-58.93,-989.54,113.75,-778.75,-437.50,1,94.232,
01/01/2000,01:20:08.55,19.03,-58.56,-990.40,210.0,-708.75,-402.50,1,94.234,
01/01/2000,01:20:08.57,20.01,-58.80,-992.23,183.75,-647.50,-367.50,1,94.235,
01/01/2000,01:20:08.58,20.37,-58.56,-993.20,122.50,-621.25,-306.25,1,94.237,
01/01/2000,01:20:08.59,20.25,-58.68,-993.32,78.75,-700.0,-315.0,1,94.239,
01/01/2000,01:20:08.60,20.01,-58.56,-992.35,70.0,-726.25,-157.50,1,94.240,
01/01/2000,01:20:08.61,19.40,-58.56,-991.74,87.50,-726.25,-210.0,1,94.242,
01/01/2000,01:20:08.62,19.52,-58.56,-991.74,113.75,-586.25,-288.75,1,94.243,
01/01/2000,01:20:08.63,20.01,-58.56,-992.59,157.50,-708.75,-350.0,1,94.245,
01/01/2000,01:20:08.64,20.25,-58.68,-993.08,236.25,-638.75,-428.75,1,94.221,
01/01/2000,01:20:08.65,20.50,-58.80,-993.32,306.25,-717.50,-402.50,1,94.248,
01/01/2000,01:20:08.66,20.74,-58.44,-993.08,105.0,-586.25,-411.25,1,94.224,
01/01/2000,01:20:08.67,20.98,-58.68,-993.45,131.25,-761.25,-341.25,1,94.251,
01/01/2000,01:20:08.68,21.47,-58.56,-994.06,61.25,-638.75,-411.25,1,94.227,
01/01/2000,01:20:08.69,21.35,-58.93,-994.30,227.50,-647.50,-166.25,1,94.229,
01/01/2000,01:20:08.71,20.01,-58.80,-993.45,61.25,-647.50,-315.0,1,94.230,
01/01/2000,01:20:08.72,19.52,-58.68,-991.86,87.50,-656.25,-385.0,1,94.232,
01/01/2000,01:20:08.73,19.76,-58.32,-991.37,183.75,-822.50,-306.25,1,94.233,
01/01/2000,01:20:08.74,19.64,-58.44,-991.37,218.75,-743.75,-446.25,1,94.235,
01/01/2000,01:20:08.75,20.01,-58.68,-991.62,122.50,-560.0,-297.50,1,94.236,
01/01/2000,01:20:08.76,20.25,-58.80,-991.86,140.0,-621.25,-315.0,1,94.238,
01/01/2000,01:20:08.77,20.13,-58.93,-992.35,288.75,-612.50,-358.75,1,94.240,
01/01/2000,01:20:08.78,20.01,-58.44,-992.96,148.75,-647.50,-437.50,1,94.241,
01/01/2000,01:20:08.79,20.50,-58.32,-992.96,140.0,-805.0,-358.75,1,94.243,
01/01/2000,01:20:08.80,20.62,-58.44,-992.59,131.25,-656.25,-245.0,1,94.244,
01/01/2000,01:20:08.81,20.01,-58.32,-992.47,122.50,-603.75,-280.0,1,94.246,
01/01/2000,01:20:08.82,20.13,-58.56,-992.10,122.50,-700.0,-367.50,1,94.247,
01/01/2000,01:20:08.83,20.74,-58.80,-992.23,183.75,-682.50,-463.75,1,94.249,
01/01/2000,01:20:08.84,20.13,-58.80,-992.96,157.50,-673.75,-393.75,1,94.225,
01/01/2000,01:20:08.85,20.86,-58.93,-993.81,113.75,-638.75,-455.0,1,94.227,
01/01/2000,01:20:08.86,21.59,-58.80,-994.67,245.0,-621.25,-472.50,1,94.228,
01/01/2000,01:20:08.87,21.35,-58.44,-994.79,245.0,-726.25,-227.50,1,94.230,
01/01/2000,01:20:08.89,20.62,-58.32,-992.59,210.0,-682.50,-218.75,1,94.231,
01/01/2000,01:20:08.90,20.13,-58.56,-991.13,210.0,-761.25,-236.25,1,94.233,
01/01/2000,01:20:08.91,19.03,-58.80,-990.15,140.0,-621.25,-411.25,1,94.234,
01/01/2000,01:20:08.92,18.79,-59.17,-990.40,166.25,-700.0,-603.75,1,94.236,
01/01/2000,01:20:08.93,19.76,-59.05,-991.49,96.25,-717.50,-525.0,1,94.237,
01/01/2000,01:20:08.94,20.01,-59.05,-992.71,105.0,-743.75,-507.50,1,94.239,
01/01/2000,01:20:08.95,19.89,-58.80,-993.45,70.0,-726.25,-315.0,1,94.241,
01/01/2000,01:20:08.96,20.50,-58.32,-992.96,78.75,-673.75,-297.50,1,94.242,
01/01/2000,01:20:08.97,20.37,-58.32,-992.23,192.50,-735.0,-166.25,1,94.244,
01/01/2000,01:20:08.98,19.76,-58.56,-991.86,175.0,-700.0,-201.25,1,94.245,
01/01/2000,01:20:08.99,20.13,-58.80,-991.98,201.25,-673.75,-490.0,1,94.222,
01/01/2000,01:20:09.00,20.98,-58.93,-992.84,35.0,-700.0,-481.25,1,94.248,
01/01/2000,01:20:09.01,20.74,-59.05,-993.45,280.0,-630.0,-411.25,1,94.225,
01/01/2000,01:20:09.02,20.86,-58.68,-994.30,113.75,-638.75,-393.75,1,94.226,
01/01/2000,01:20:09.03,21.84,-58.32,-994.67,113.75,-708.75,-253.75,1,94.228,
01/01/2000,01:20:09.04,21.96,-58.56,-994.30,113.75,-752.50,-297.50,1,94.229,
01/01/2000,01:20:09.06,20.74,-58.68,-992.84,306.25,-682.50,-87.50,1,94.231,
01/01/2000,01:20:09.07,20.50,-58.68,-991.49,140.0,-621.25,-420.0,1,94.232,
01/01/2000,01:20:09.08,19.64,-58.93,-990.40,140.0,-621.25,-297.50,1,94.234,
01/01/2000,01:20:09.09,18.54,-58.44,-989.91,26.25,-638.75,-280.0,1,94.235,
01/01/2000,01:20:09.10,18.67,-58.56,-990.15,236.25,-638.75,-542.50,1,94.237,
01/01/2000,01:20:09.11,20.01,-58.56,-991.37,157.50,-665.0,-472.50,1,94.238,
01/01/2000,01:20:09.12,19.76,-58.56,-992.59,253.75,-656.25,-113.75,1,94.240,
01/01/2000,01:20:09.13,20.50,-58.44,-993.08,131.25,-673.75,-306.25,1,94.242,
01/01/2000,01:20:09.14,20.74,-58.44,-992.59,297.50,-630.0,-166.25,1,94.243,
01/01/2000,01:20:09.15,19.89,-58.19,-991.74,87.50,-595.0,-385.0,1,94.245,
01/01/2000,01:20:09.16,19.28,-58.19,-991.37,113.75,-778.75,-358.75,1,94.246,
01/01/2000,01:20:09.17,20.50,-58.44,-992.10,96.25,-743.75,-376.25,1,94.248,
01/01/2000,01:20:09.18,20.37,-58.80,-992.96,61.25,-682.50,-393.75,1,94.249,
01/01/2000,01:20:09.19,20.25,-58.80,-993.57,96.25,-673.75,-472.50,1,94.251,
01/01/2000,01:20:09.20,20.74,-58.56,-993.57,148.75,-656.25,-472.50,1,94.227,
01/01/2000,01:20:09.21,20.86,-58.32,-993.20,-8.75,-761.25,-385.0,1,94.229,
01/01/2000,01:20:09.22,20.25,-58.19,-993.08,105.0,-805.0,-131.25,1,94.230,
01/01/2000,01:20:09.23,20.37,-58.07,-992.59,52.50,-647.50,-323.75,1,94.232,
01/01/2000,01:20:09.24,20.25,-58.56,-991.86,148.75,-638.75,-376.25,1,94.233,
01/01/2000,01:20:09.25,19.28,-58.68,-991.25,253.75,-717.50,-428.75,1,94.235,
01/01/2000,01:20:09.27,19.15,-58.80,-991.25,218.75,-752.50,-586.25,1,94.236,
01/01/2000,01:20:09.28,20.13,-58.80,-991.74,131.25,-682.50,-367.50,1,94.238,
01/01/2000,01:20:09.29,20.01,-58.32,-992.96,122.50,-656.25,-367.50,1,94.239,
01/01/2000,01:20:09.30,20.25,-58.32,-993.32,105.0,-656.25,-280.0,1,94.241,
01/01/2000,01:20:09.31,20.74,-58.32,-992.96,70.0,-612.50,-236.25,1,94.243,
01/01/2000,01:20:09.32,20.50,-58.32,-992.23,315.0,-673.75,-105.0,1,94.244,
01/01/2000,01:20:09.33,19.64,-58.19,-992.10,201.25,-787.50,-402.50,1,94.246,
01/01/2000,01:20:09.34,19.89,-58.68,-992.35,201.25,-752.50,-507.50,1,94.247,
01/01/2000,01:20:09.35,20.13,-58.56,-992.59,210.0,-743.75,-306.25,1,94.249,
01/01/2000,01:20:09.36,19.76,-58.56,-992.84,192.50,-682.50,-315.0,1,94.250,
01/01/2000,01:20:09.37,20.01,-58.56,-993.08,140.0,-726.25,-455.0,1,94.252,
01/01/2000,01:20:09.38,20.50,-58.32,-993.08,105.0,-638.75,-315.0,1,94.228,
01/01/2000,01:20:09.40,20.25,-58.32,-993.08,-78.75,-691.25,-507.50,1,94.230,
01/01/2000,01:20:09.41,20.50,-58.68,-993.08,105.0,-778.75,-166.25,1,94.231,
01/01/2000,01:20:09.42,20.62,-58.68,-992.71,131.25,-665.0,-262.50,1,94.233,
01/01/2000,01:20:09.43,19.28,-58.80,-991.86,280.0,-612.50,-271.25,1,94.234,
01/01/2000,01:20:09.44,19.15,-58.56,-991.62,113.75,-603.75,-315.0,1,94.236,
01/01/2000,01:20:09.45,19.40,-58.80,-991.62,201.25,-717.50,-227.50,1,94.237,
01/01/2000,01:20:09.46,19.28,-58.80,-991.86,183.75,-717.50,-350.0,1,94.239,
01/01/2000,01:20:09.47,19.03,-58.56,-991.86,201.25,-665.0,-245.0,1,94.240,
01/01/2000,01:20:09.48,19.52,-58.44,-991.86,105.0,-665.0,-341.25,1,94.242,
01/01/2000,01:20:09.49,20.01,-58.56,-992.23,253.75,-752.50,-253.75,1,94.243,
01/01/2000,01:20:09.50,20.37,-58.44,-992.84,245.0,-726.25,-218.75,1,94.245,
01/01/2000,01:20:09.51,20.98,-58.56,-993.32,201.25,-656.25,-262.50,1,94.247,
01/01/2000,01:20:09.52,20.74,-58.32,-993.08,140.0,-726.25,-210.0,1,94.248,
01/01/2000,01:20:09.53,20.62,-58.56,-992.84,192.50,-691.25,-210.0,1,94.250,
01/01/2000,01:20:09.54,20.13,-58.68,-992.84,122.50,-612.50,-288.75,1,94.251,
01/01/2000,01:20:09.55,20.13,-58.68,-992.71,35.0,-638.75,-262.50,1,94.253,
01/01/2000,01:20:09.56,20.62,-58.93,-993.20,227.50,-673.75,-323.75,1,94.254,
01/01/2000,01:20:09.57,21.11,-59.17,-994.30,148.75,-551.25,-315.0,1,94.256,
01/01/2000,01:20:09.58,21.84,-59.05,-994.91,411.25,-647.50,-376.25,1,94.257,
01/01/2000,01:20:09.59,21.72,-58.32,-994.30,140.0,-700.0,-113.75,1,94.234,
01/01/2000,01:20:09.60,20.74,-58.07,-992.84,105.0,-595.0,-157.50,1,94.260,
01/01/2000,01:20:09.62,19.28,-58.32,-990.76,105.0,-726.25,-288.75,1,94.237,
01/01/2000,01:20:09.63,18.54,-58.44,-990.40,113.75,-682.50,-385.0,1,94.238,
01/01/2000,01:20:09.64,18.54,-58.80,-990.88,253.75,-717.50,-533.75,1,94.240,
01/01/2000,01:20:09.65,19.40,-58.68,-992.59,96.25,-647.50,-621.25,1,94.241,
01/01/2000,01:20:09.66,20.01,-58.56,-993.45,140.0,-787.50,-498.75,1,94.243,
01/01/2000,01:20:09.67,20.50,-58.07,-993.81,96.25,-516.25,-411.25,1,94.244,
01/01/2000,01:20:09.68,20.86,-57.83,-993.32,122.50,-638.75,-201.25,1,94.246,
01/01/2000,01:20:09.69,20.01,-58.19,-991.74,105.0,-761.25,-140.0,1,94.247,
01/01/2000,01:20:09.70,19.89,-58.44,-991.13,113.75,-691.25,-297.50,1,94.249,
01/01/2000,01:20:09.71,19.76,-58.93,-991.25,210.0,-717.50,-612.50,1,94.250,
01/01/2000,01:20:09.72,20.01,-59.05,-992.10,157.50,-778.75,-542.50,1,94.252,
01/01/2000,01:20:09.73,20.50,-58.80,-993.57,113.75,-682.50,-463.75,1,94.253,
01/01/2000,01:20:09.74,21.47,-58.32,-994.67,210.0,-743.75,-516.25,1,94.255,
01/01/2000,01:20:09.75,22.20,-58.19,-994.91,192.50,-638.75,-61.25,1,94.256,
01/01/2000,01:20:09.76,22.20,-58.44,-993.57,288.75,-726.25,-87.50,1,94.233,
01/01/2000,01:20:09.77,20.86,-58.80,-991.86,183.75,-682.50,-26.25,1,94.235,
01/01/2000,01:20:09.78,19.64,-58.56,-990.40,166.25,-726.25,-341.25,1,94.236,
01/01/2000,01:20:09.79,18.67,-58.44,-989.66,148.75,-708.75,-297.50,1,94.238,
01/01/2000,01:20:09.80,18.18,-58.19,-989.91,17.50,-726.25,-463.75,1,94.239,
01/01/2000,01:20:09.81,18.79,-58.07,-992.10,157.50,-831.25,-481.25,1,94.241,
01/01/2000,01:20:09.83,20.62,-58.32,-994.42,148.75,-568.75,-332.50,1,94.242,
01/01/2000,01:20:09.84,21.47,-58.32,-994.67,52.50,-691.25,-218.75,1,94.244,
01/01/2000,01:20:09.85,21.59,-58.56,-993.81,122.50,-647.50,-227.50,1,94.245,
01/01/2000,01:20:09.86,21.35,-58.56,-992.47,157.50,-735.0,-280.0,1,94.247,
01/01/2000,01:20:09.87,20.50,-58.32,-991.01,157.50,-665.0,-332.50,1,94.248,
01/01/2000,01:20:09.88,20.01,-58.56,-991.13,87.50,-770.0,-367.50,1,94.250,
01/01/2000,01:20:09.89,20.01,-58.56,-992.23,87.50,-735.0,-376.25,1,94.251,
01/01/2000,01:20:09.91,20.01,-58.32,-994.06,-113.75,-603.75,-428.75,1,94.228,
01/01/2000,01:20:09.92,20.62,-58.32,-994.18,236.25,-691.25,-411.25,1,94.230,
01/01/2000,01:20:09.93,20.86,-58.19,-993.57,52.50,-700.0,-306.25,1,94.231,
01/01/2000,01:20:09.94,20.74,-58.56,-992.84,113.75,-673.75,-262.50,1,94.233,
01/01/2000,01:20:09.95,20.74,-58.44,-992.35,192.50,-691.25,-367.50,1,94.234,
01/01/2000,01:20:09.96,20.62,-58.44,-992.59,96.25,-866.25,-288.75,1,94.236,
01/01/2000,01:20:09.97,21.23,-58.56,-994.18,227.50,-682.50,-525.0,1,94.237,
01/01/2000,01:20:09.98,22.45,-58.32,-997.84,175.0,-726.25,-516.25,1,94.239,
01/01/2000,01:20:09.99,23.67,-58.19,-1000.03,61.25,-682.50,-533.75,1,94.240,
01/01/2000,01:20:10.00,24.64,-58.32,-1000.89,271.25,-647.50,-288.75,1,94.242,
01/01/2000,01:20:10.01,24.52,-58.56,-1000.03,78.75,-595.0,-131.25,1,94.243,
01/01/2000,01:20:10.02,24.03,-58.56,-998.08,96.25,-630.0,-210.0,1,94.245,
01/01/2000,01:20:10.03,23.42,-58.80,-996.25,96.25,-743.75,-201.25,1,94.246,
01/01/2000,01:20:10.04,22.08,-59.05,-995.28,113.75,-717.50,-463.75,1,94.248,
01/01/2000,01:20:10.05,22.08,-59.05,-996.62,192.50,-700.0,-656.25,1,94.249,
01/01/2000,01:20:10.06,23.18,-59.05,-999.18,113.75,-673.75,-647.50,1,94.251,
01/01/2000,01:20:10.07,23.91,-58.56,-1002.23,52.50,-805.0,-735.0,1,94.252,
01/01/2000,01:20:10.08,25.86,-58.32,-1004.55,87.50,-638.75,-341.25,1,94.254,
01/01/2000,01:20:10.09,27.57,-58.32,-1005.40,122.50,-665.0,-96.25,1,94.255,
01/01/2000,01:20:10.10,27.21,-58.32,-1004.43,201.25,-586.25,61.25,1,94.257,
01/01/2000,01:20:10.11,26.96,-58.68,-1002.72,245.0,-700.0,-306.25,1,94.258,
01/01/2000,01:20:10.12,26.35,-59.05,-1000.40,166.25,-796.25,-297.50,1,94.260,
01/01/2000,01:20:10.13,24.16,-58.93,-999.79,113.75,-726.25,-490.0,1,94.261,
01/01/2000,01:20:10.14,23.30,-58.93,-999.42,306.25,-778.75,-411.25,1,94.238,
01/01/2000,01:20:10.15,22.94,-58.32,-999.42,210.0,-673.75,-455.0,1,94.240,
01/01/2000,01:20:10.16,23.18,-57.83,-999.18,96.25,-638.75,-393.75,1,94.241,
01/01/2000,01:20:10.18,23.91,-57.95,-998.81,52.50,-761.25,-245.0,1,94.243,
01/01/2000,01:20:10.19,25.62,-58.80,-999.67,218.75,-726.25,-402.50,1,94.244,
01/01/2000,01:20:10.20,25.99,-59.29,-999.67,166.25,-691.25,-341.25,1,94.246,
01/01/2000,01:20:10.21,24.77,-59.05,-998.33,218.75,-673.75,-253.75,1,94.247,
01/01/2000,01:20:10.22,23.06,-58.56,-996.62,157.50,-787.50,-245.0,1,94.249,
01/01/2000,01:20:10.23,21.59,-57.95,-995.15,218.75,-691.25,-402.50,1,94.250,
01/01/2000,01:20:10.24,20.98,-57.83,-995.28,70.0,-778.75,-280.0,1,94.252,
01/01/2000,01:20:10.25,21.23,-58.32,-995.64,43.75,-560.0,-385.0,1,94.253,
01/01/2000,01:20:10.26,21.47,-58.56,-995.28,262.50,-831.25,-376.25,1,94.255,
01/01/2000,01:20:10.27,21.35,-58.80,-994.54,280.0,-603.75,-315.0,1,94.256,
01/01/2000,01:20:10.28,21.23,-58.56,-994.06,122.50,-665.0,-341.25,1,94.258,
01/01/2000,01:20:10.29,21.11,-58.32,-993.81,131.25,-665.0,-192.50,1,94.259,
01/01/2000,01:20:10.30,20.62,-58.19,-994.06,26.25,-778.75,-332.50,1,94.261,
01/01/2000,01:20:10.31,20.62,-58.32,-994.06,262.50,-560.0,-245.0,1,94.262,
01/01/2000,01:20:10.32,20.50,-58.44,-993.57,175.0,-665.0,-315.0,1,94.239,
01/01/2000,01:20:10.33,20.50,-58.68,-993.32,280.0,-778.75,-306.25,1,94.241,
01/01/2000,01:20:10.34,20.62,-58.68,-993.08,131.25,-743.75,-315.0,1,94.242,
01/01/2000,01:20:10.35,20.62,-58.80,-993.08,122.50,-656.25,-306.25,1,94.244,
01/01/2000,01:20:10.36,20.62,-58.56,-993.08,210.0,-717.50,-341.25,1,94.245,
01/01/2000,01:20:10.37,20.37,-58.56,-993.08,157.50,-682.50,-262.50,1,94.247,
01/01/2000,01:20:10.39,20.37,-58.19,-992.71,61.25,-708.75,-315.0,1,94.248,
01/01/2000,01:20:10.40,20.50,-58.44,-992.59,140.0,-586.25,-306.25,1,94.250,
01/01/2000,01:20:10.41,20.86,-58.80,-992.59,96.25,-726.25,-385.0,1,94.251,
01/01/2000,01:20:10.42,20.74,-58.56,-992.47,140.0,-656.25,-428.75,1,94.228,
01/01/2000,01:20:10.43,20.62,-58.44,-992.47,175.0,-647.50,-297.50,1,94.230,
01/01/2000,01:20:10.44,20.50,-58.32,-992.47,105.0,-691.25,-385.0,1,94.231,
01/01/2000,01:20:10.45,20.50,-58.19,-992.59,253.75,-743.75,-315.0,1,94.233,
01/01/2000,01:20:10.46,20.50,-58.32,-992.71,175.0,-638.75,-350.0,1,94.234,
01/01/2000,01:20:10.47,20.50,-58.32,-992.47,78.75,-586.25,-306.25,1,94.236,
01/01/2000,01:20:10.48,20.50,-58.56,-992.35,140.0,-743.75,-437.50,1,94.237,
01/01/2000,01:20:10.49,20.37,-58.56,-992.35,96.25,-726.25,-402.50,1,94.239,
01/01/2000,01:20:10.50,20.37,-58.44,-992.47,122.50,-726.25,-341.25,1,94.240,
01/01/2000,01:20:10.51,20.50,-58.07,-992.47,113.75,-647.50,-358.75,1,94.242,
01/01/2000,01:20:10.52,20.25,-58.19,-992.59,297.50,-700.0,-201.25,1,94.243,
01/01/2000,01:20:10.54,20.13,-58.19,-992.59,105.0,-673.75,-385.0,1,94.245,
01/01/2000,01:20:10.55,19.89,-58.56,-993.08,210.0,-787.50,-236.25,1,94.246,
01/01/2000,01:20:10.56,19.64,-58.68,-994.67,35.0,-691.25,-533.75,1,94.248,
01/01/2000,01:20:10.57,18.79,-59.05,-995.89,262.50,-621.25,-253.75,1,94.249,
01/01/2000,01:20:10.58,18.79,-58.19,-996.74,8.75,-665.0,-420.0,1,94.251,
01/01/2000,01:20:10.59,18.30,-58.32,-996.74,288.75,-778.75,-306.25,1,94.252,
01/01/2000,01:20:10.60,18.06,-58.32,-997.23,122.50,-752.50,-236.25,1,94.253,
01/01/2000,01:20:10.61,17.81,-58.68,-998.20,148.75,-743.75,-367.50,1,94.255,
01/01/2000,01:20:10.62,17.93,-59.17,-999.18,201.25,-586.25,-376.25,1,94.256,
01/01/2000,01:20:10.63,17.69,-59.05,-999.67,192.50,-647.50,-350.0,1,94.258,
01/01/2000,01:20:10.64,16.96,-58.56,-999.30,105.0,-708.75,-306.25,1,94.259,
01/01/2000,01:20:10.65,16.59,-58.32,-998.69,192.50,-708.75,-236.25,1,94.261,
01/01/2000,01:20:10.66,16.23,-58.19,-998.57,87.50,-770.0,-306.25,1,94.262,
01/01/2000,01:20:10.68,15.74,-59.17,-1001.38,148.75,-691.25,-376.25,1,94.240,
01/01/2000,01:20:10.69,15.37,-59.66,-1003.57,402.50,-717.50,-245.0,1,94.241,
01/01/2000,01:20:10.70,14.88,-59.29,-1005.04,96.25,-700.0,-428.75,1,94.243,
01/01/2000,01:20:10.71,14.64,-58.93,-1005.40,157.50,-621.25,-367.50,1,94.244,
01/01/2000,01:20:10.72,14.88,-57.95,-1004.06,210.0,-665.0,-210.0,1,94.246,
01/01/2000,01:20:10.73,15.74,-57.83,-1001.99,148.75,-638.75,-227.50,1,94.247,
01/01/2000,01:20:10.74,16.23,-58.19,-999.91,210.0,-840.0,-280.0,1,94.248,
01/01/2000,01:20:10.75,17.57,-59.17,-998.08,341.25,-743.75,-341.25,1,94.250,
01/01/2000,01:20:10.76,18.30,-59.66,-998.08,315.0,-665.0,-402.50,1,94.251,
01/01/2000,01:20:10.77,18.42,-59.29,-999.18,175.0,-813.75,-376.25,1,94.253,
01/01/2000,01:20:10.78,17.81,-58.56,-999.67,52.50,-673.75,-332.50,1,94.254,
01/01/2000,01:20:10.79,16.96,-57.83,-999.91,166.25,-673.75,-201.25,1,94.256,
01/01/2000,01:20:10.80,15.98,-57.46,-999.42,218.75,-577.50,-218.75,1,94.257,
01/01/2000,01:20:10.81,16.10,-57.58,-997.72,192.50,-638.75,-385.0,1,94.235,
01/01/2000,01:20:10.82,16.47,-58.32,-996.25,61.25,-560.0,-385.0,1,94.236,
01/01/2000,01:20:10.83,18.30,-59.29,-995.03,315.0,-752.50,-446.25,1,94.238,
01/01/2000,01:20:10.84,19.52,-59.17,-994.54,148.75,-647.50,-516.25,1,94.239,
01/01/2000,01:20:10.85,20.01,-58.93,-994.54,280.0,-857.50,-332.50,1,94.241,
01/01/2000,01:20:10.86,19.76,-58.19,-994.54,210.0,-691.25,-192.50,1,94.242,
01/01/2000,01:20:10.87,19.64,-57.95,-994.54,210.0,-726.25,-218.75,1,94.244,
01/01/2000,01:20:10.89,18.79,-57.83,-994.42,35.0,-656.25,-253.75,1,94.245,
01/01/2000,01:20:10.90,18.06,-58.32,-993.69,192.50,-665.0,-262.50,1,94.246,
01/01/2000,01:20:10.91,17.45,-58.56,-992.59,148.75,-717.50,-498.75,1,94.248,
01/01/2000,01:20:10.92,18.06,-58.56,-991.86,113.75,-743.75,-603.75,1,94.225,
01/01/2000,01:20:10.93,19.15,-58.32,-992.59,271.25,-726.25,-542.50,1,94.227,
01/01/2000,01:20:10.94,20.74,-58.07,-993.57,131.25,-752.50,-350.0,1,94.228,
01/01/2000,01:20:10.95,21.47,-58.07,-994.18,227.50,-682.50,-236.25,1,94.230,
01/01/2000,01:20:10.97,21.47,-58.07,-994.42,148.75,-805.0,-166.25,1,94.231,
01/01/2000,01:20:10.98,20.74,-58.56,-993.93,140.0,-735.0,-297.50,1,94.233,
01/01/2000,01:20:10.99,20.01,-58.56,-993.20,218.75,-673.75,-253.75,1,94.234,
01/01/2000,01:20:11.00,19.64,-58.44,-992.10,61.25,-717.50,-533.75,1,94.236,
01/01/2000,01:20:11.01,19.76,-58.32,-991.62,105.0,-700.0,-428.75,1,94.237,
01/01/2000,01:20:11.02,20.25,-58.07,-991.74,113.75,-656.25,-358.75,1,94.239,
01/01/2000,01:20:11.03,20.98,-58.32,-992.35,332.50,-717.50,-376.25,1,94.240,
01/01/2000,01:20:11.04,21.23,-58.32,-993.08,35.0,-682.50,-323.75,1,94.242,
01/01/2000,01:20:11.05,21.23,-58.68,-993.69,297.50,-761.25,-253.75,1,94.243,
01/01/2000,01:20:11.06,19.89,-58.56,-993.69,280.0,-656.25,-280.0,1,94.244,
01/01/2000,01:20:11.07,19.15,-58.19,-993.20,17.50,-568.75,-271.25,1,94.246,
01/01/2000,01:20:11.08,18.30,-58.19,-992.35,332.50,-630.0,-455.0,1,94.247,
01/01/2000,01:20:11.09,18.42,-57.83,-991.86,122.50,-752.50,-402.50,1,94.249,
01/01/2000,01:20:11.10,19.52,-58.32,-991.98,236.25,-665.0,-411.25,1,94.250,
01/01/2000,01:20:11.11,20.25,-58.56,-992.35,297.50,-656.25,-402.50,1,94.252,
01/01/2000,01:20:11.12,20.62,-58.80,-992.59,201.25,-700.0,-332.50,1,94.253,
01/01/2000,01:20:11.13,20.62,-58.56,-991.74,157.50,-595.0,-315.0,1,94.255,
01/01/2000,01:20:11.14,20.01,-58.19,-991.01,288.75,-525.0,-280.0,1,94.256,
01/01/2000,01:20:11.15,19.40,-58.07,-990.76,52.50,-691.25,-306.25,1,94.258,
01/01/2000,01:20:11.16,19.15,-58.19,-991.49,183.75,-735.0,-306.25,1,94.259,
01/01/2000,01:20:11.17,19.40,-58.80,-993.57,140.0,-647.50,-463.75,1,94.237,
01/01/2000,01:20:11.18,20.01,-58.80,-994.54,262.50,-638.75,-428.75,1,94.238,
01/01/2000,01:20:11.19,21.72,-58.32,-994.06,122.50,-595.0,-341.25,1,94.240,
01/01/2000,01:20:11.20,22.45,-58.07,-992.96,122.50,-691.25,-262.50,1,94.241,
01/01/2000,01:20:11.21,22.69,-58.32,-991.98,175.0,-673.75,-131.25,1,94.242,
01/01/2000,01:20:11.22,22.20,-58.56,-991.25,113.75,-770.0,-148.75,1,94.244,
01/01/2000,01:20:11.24,20.01,-59.05,-991.37,70.0,-726.25,-253.75,1,94.245,
01/01/2000,01:20:11.25,18.91,-59.05,-992.59,323.75,-735.0,-568.75,1,94.247,
01/01/2000,01:20:11.26,17.93,-58.32,-993.08,218.75,-560.0,-603.75,1,94.248,
01/01/2000,01:20:11.27,18.18,-57.83,-993.08,61.25,-656.25,-428.75,1,94.250,
01/01/2000,01:20:11.28,19.03,-57.58,-992.71,113.75,-595.0,-402.50,1,94.251,
01/01/2000,01:20:11.29,20.37,-57.95,-992.35,131.25,-665.0,-262.50,1,94.253,
01/01/2000,01:20:11.30,22.20,-58.68,-992.23,61.25,-638.75,-341.25,1,94.254,
01/01/2000,01:20:11.31,22.81,-59.05,-992.59,8.75,-831.25,-490.0,1,94.255,
01/01/2000,01:20:11.32,22.20,-58.93,-993.08,210.0,-743.75,-367.50,1,94.257,
01/01/2000,01:20:11.33,21.35,-58.32,-993.08,175.0,-612.50,-297.50,1,94.258,
01/01/2000,01:20:11.34,20.25,-57.83,-993.08,122.50,-682.50,-175.0,1,94.260,
01/01/2000,01:20:11.35,19.28,-57.58,-991.74,122.50,-700.0,-140.0,1,94.261,
01/01/2000,01:20:11.36,17.57,-57.95,-990.64,131.25,-647.50,-113.75,1,94.263,
01/01/2000,01:20:11.37,17.81,-58.80,-990.52,332.50,-682.50,-665.0,1,94.240,
01/01/2000,01:20:11.38,19.28,-59.17,-991.37,157.50,-700.0,-708.75,1,94.242,
01/01/2000,01:20:11.39,21.23,-58.80,-992.84,201.25,-700.0,-883.75,1,94.243,
01/01/2000,01:20:11.40,23.30,-58.56,-994.30,201.25,-743.75,-192.50,1,94.245,
01/01/2000,01:20:11.41,24.16,-57.95,-994.79,105.0,-691.25,78.75,1,94.246,
01/01/2000,01:20:11.42,22.57,-57.95,-994.30,192.50,-621.25,306.25,1,94.248,
01/01/2000,01:20:11.44,19.76,-58.44,-992.84,148.75,-638.75,-490.0,1,94.249,
01/01/2000,01:20:11.45,17.69,-58.56,-991.86,148.75,-638.75,-481.25,1,94.227,
01/01/2000,01:20:11.46,17.20,-58.68,-991.86,253.75,-726.25,-638.75,1,94.228,
01/01/2000,01:20:11.47,18.18,-58.56,-992.71,280.0,-586.25,-621.25,1,94.230,
01/01/2000,01:20:11.48,19.40,-58.32,-993.32,52.50,-700.0,-341.25,1,94.231,
01/01/2000,01:20:11.49,20.86,-58.32,-993.32,393.75,-647.50,-315.0,1,94.233,
01/01/2000,01:20:11.50,21.72,-58.32,-993.32,-17.50,-717.50,-131.25,1,94.234,
01/01/2000,01:20:11.51,21.96,-58.93,-992.47,96.25,-691.25,-245.0,1,94.236,
01/01/2000,01:20:11.53,21.23,-59.17,-992.10,183.75,-761.25,-262.50,1,94.237,
01/01/2000,01:20:11.54,20.25,-58.80,-991.98,105.0,-752.50,-490.0,1,94.238,
01/01/2000,01:20:11.55,19.15,-58.68,-991.86,131.25,-726.25,-288.75,1,94.240,
01/01/2000,01:20:11.56,17.81,-58.07,-992.10,288.75,-586.25,-341.25,1,94.241,
01/01/2000,01:20:11.57,17.32,-58.07,-991.86,96.25,-735.0,-288.75,1,94.243,
01/01/2000,01:20:11.58,17.81,-58.32,-991.01,262.50,-656.25,-525.0,1,94.244,
01/01/2000,01:20:11.59,19.76,-58.32,-990.40,332.50,-708.75,-568.75,1,94.246,
01/01/2000,01:20:11.60,21.59,-58.56,-990.64,148.75,-673.75,-778.75,1,94.247,
01/01/2000,01:20:11.61,23.18,-58.93,-992.35,236.25,-717.50,-472.50,1,94.249,
01/01/2000,01:20:11.62,24.16,-58.80,-993.69,192.50,-726.25,-131.25,1,94.250,
01/01/2000,01:20:11.63,23.67,-58.56,-994.67,140.0,-708.75,-175.0,1,94.251,
01/01/2000,01:20:11.64,22.08,-58.19,-994.54,210.0,-507.50,70.0,1,94.253,
01/01/2000,01:20:11.65,20.37,-58.19,-993.57,122.50,-630.0,-393.75,1,94.254,
01/01/2000,01:20:11.66,18.54,-57.95,-992.10,35.0,-726.25,-612.50,1,94.232,
01/01/2000,01:20:11.67,18.42,-58.44,-992.10,157.50,-673.75,-752.50,1,94.234,
01/01/2000,01:20:11.68,19.15,-59.17,-992.59,192.50,-673.75,-1032.50,1,94.235,
01/01/2000,01:20:11.69,20.25,-58.93,-993.08,175.0,-682.50,-1023.75,1,94.237,
01/01/2000,01:20:11.70,21.11,-58.80,-993.20,288.75,-577.50,-542.50,1,94.238,
01/01/2000,01:20:11.71,21.72,-58.44,-992.84,70.0,-726.25,-35.0,1,94.239,
01/01/2000,01:20:11.72,21.47,-58.56,-991.86,201.25,-673.75,446.25,1,94.241,
01/01/2000,01:20:11.74,20.37,-59.05,-991.86,-52.50,-612.50,-70.0,1,94.242,
01/01/2000,01:20:11.75,19.52,-59.41,-992.10,210.0,-743.75,-542.50,1,94.244,
01/01/2000,01:20:11.76,18.54,-59.17,-992.47,192.50,-673.75,-446.25,1,94.245,
01/01/2000,01:20:11.77,18.06,-58.80,-992.47,236.25,-525.0,-358.75,1,94.247,
01/01/2000,01:20:11.78,18.54,-58.19,-991.62,210.0,-682.50,-393.75,1,94.248,
01/01/2000,01:20:11.79,19.52,-58.07,-990.88,175.0,-665.0,-183.75,1,94.249,
01/01/2000,01:20:11.80,21.23,-58.80,-990.52,96.25,-743.75,-323.75,1,94.251,
01/01/2000,01:20:11.81,21.96,-59.29,-991.13,183.75,-752.50,-323.75,1,94.252,
01/01/2000,01:20:11.82,22.20,-59.78,-992.23,183.75,-752.50,-385.0,1,94.254,
01/01/2000,01:20:11.83,21.72,-59.54,-993.20,358.75,-682.50,-341.25,1,94.255,
01/01/2000,01:20:11.84,20.25,-58.32,-993.93,166.25,-595.0,-385.0,1,94.257,
01/01/2000,01:20:11.85,19.15,-57.95,-993.81,245.0,-761.25,-227.50,1,94.258,
01/01/2000,01:20:11.86,18.54,-57.83,-993.45,122.50,-717.50,-577.50,1,94.259,
01/01/2000,01:20:11.87,18.79,-58.80,-992.47,271.25,-612.50,-647.50,1,94.237,
01/01/2000,01:20:11.88,19.40,-59.29,-991.86,140.0,-665.0,-778.75,1,94.239,
01/01/2000,01:20:11.90,20.37,-59.54,-991.86,175.0,-770.0,-428.75,1,94.240,
01/01/2000,01:20:11.91,22.08,-59.29,-992.10,70.0,-656.25,-166.25,1,94.242,
01/01/2000,01:20:11.92,22.57,-58.80,-992.23,201.25,-752.50,0.0,1,94.243,
01/01/2000,01:20:11.93,22.69,-58.44,-992.10,17.50,-726.25,-131.25,1,94.245,
01/01/2000,01:20:11.94,20.98,-58.56,-991.62,-8.75,-568.75,-35.0,1,94.246,
01/01/2000,01:20:11.95,19.76,-59.29,-991.62,218.75,-568.75,-306.25,1,94.224,
01/01/2000,01:20:11.96,18.30,-59.41,-991.74,175.0,-647.50,-481.25,1,94.226,
01/01/2000,01:20:11.97,18.18,-59.29,-991.74,341.25,-743.75,-577.50,1,94.227,
01/01/2000,01:20:11.98,18.79,-58.56,-991.49,253.75,-656.25,-735.0,1,94.228,
01/01/2000,01:20:11.99,19.76,-58.19,-991.13,201.25,-726.25,-253.75,1,94.230,
01/01/2000,01:20:12.00,20.86,-58.80,-991.01,122.50,-778.75,-332.50,1,94.231,
01/01/2000,01:20:12.02,20.98,-59.41,-991.49,210.0,-761.25,-341.25,1,94.233,
01/01/2000,01:20:12.03,20.98,-59.54,-992.35,183.75,-770.0,-621.25,1,94.234,
01/01/2000,01:20:12.04,20.50,-59.54,-993.45,0.0,-603.75,-778.75,1,94.236,
01/01/2000,01:20:12.05,20.01,-58.93,-993.81,122.50,-603.75,-428.75,1,94.237,
01/01/2000,01:20:12.06,19.40,-58.56,-993.81,157.50,-621.25,-245.0,1,94.238,
01/01/2000,01:20:12.07,19.03,-58.32,-993.20,113.75,-638.75,-166.25,1,94.240,
01/01/2000,01:20:12.08,18.79,-58.68,-992.71,262.50,-717.50,-288.75,1,94.241,
01/01/2000,01:20:12.09,19.28,-59.17,-992.23,70.0,-682.50,-498.75,1,94.243,
01/01/2000,01:20:12.10,20.01,-59.41,-992.35,288.75,-743.75,-437.50,1,94.244,
01/01/2000,01:20:12.11,20.98,-59.29,-992.59,113.75,-787.50,-656.25,1,94.245,
01/01/2000,01:20:12.12,21.72,-58.68,-992.59,87.50,-603.75,-358.75,1,94.247,
01/01/2000,01:20:12.13,21.72,-58.56,-992.35,166.25,-717.50,-227.50,1,94.248,
01/01/2000,01:20:12.14,21.35,-58.80,-992.23,148.75,-577.50,-26.25,1,94.250,
01/01/2000,01:20:12.15,20.86,-58.93,-991.98,192.50,-743.75,122.50,1,94.251,
01/01/2000,01:20:12.16,19.89,-59.29,-992.10,192.50,-778.75,-507.50,1,94.253,
01/01/2000,01:20:12.17,19.64,-59.29,-992.47,61.25,-682.50,-446.25,1,94.254,
01/01/2000,01:20:12.18,19.64,-58.68,-992.96,140.0,-656.25,-638.75,1,94.255,
01/01/2000,01:20:12.19,19.76,-58.56,-992.47,201.25,-682.50,-586.25,1,94.257,
01/01/2000,01:20:12.20,20.25,-58.07,-991.25,280.0,-586.25,-323.75,1,94.235,
01/01/2000,01:20:12.21,20.62,-58.44,-990.52,210.0,-787.50,-323.75,1,94.260,
01/01/2000,01:20:12.23,21.47,-59.29,-991.13,192.50,-743.75,-603.75,1,94.238,
01/01/2000,01:20:12.24,21.84,-60.02,-993.45,245.0,-752.50,-726.25,1,94.239,
01/01/2000,01:20:12.25,21.72,-59.54,-994.54,140.0,-665.0,-796.25,1,94.241,
01/01/2000,01:20:12.26,21.23,-58.68,-994.54,26.25,-595.0,-288.75,1,94.242,
01/01/2000,01:20:12.27,20.25,-58.07,-993.81,227.50,-665.0,-122.50,1,94.244,
01/01/2000,01:20:12.28,19.52,-58.19,-992.84,183.75,-717.50,61.25,1,94.245,
01/01/2000,01:20:12.29,19.03,-59.05,-991.74,210.0,-805.0,-61.25,1,94.246,
01/01/2000,01:20:12.30,19.52,-59.78,-992.10,210.0,-621.25,-568.75,1,94.248,
01/01/2000,01:20:12.31,19.89,-59.78,-992.71,148.75,-735.0,-603.75,1,94.249,
01/01/2000,01:20:12.32,20.50,-59.17,-993.20,262.50,-612.50,-463.75,1,94.251,
01/01/2000,01:20:12.33,21.23,-58.56,-993.57,52.50,-743.75,-288.75,1,94.252,
01/01/2000,01:20:12.34,21.35,-58.19,-993.08,166.25,-621.25,-218.75,1,94.253,
01/01/2000,01:20:12.35,20.74,-58.68,-992.23,43.75,-726.25,-140.0,1,94.255,
01/01/2000,01:20:12.36,20.25,-59.29,-991.74,341.25,-691.25,-306.25,1,94.256,
01/01/2000,01:20:12.37,19.15,-59.78,-991.49,175.0,-761.25,-586.25,1,94.235,
01/01/2000,01:20:12.38,18.42,-59.54,-991.37,323.75,-691.25,-560.0,1,94.236,
01/01/2000,01:20:12.39,18.06,-58.68,-991.13,96.25,-778.75,-568.75,1,94.237,
01/01/2000,01:20:12.40,18.54,-58.07,-990.40,122.50,-647.50,-463.75,1,94.239,
01/01/2000,01:20:12.41,19.28,-58.19,-990.40,192.50,-761.25,-306.25,1,94.240,
01/01/2000,01:20:12.42,20.37,-58.80,-991.25,280.0,-726.25,-140.0,1,94.242,
01/01/2000,01:20:12.44,21.72,-60.02,-993.45,245.0,-708.75,-96.25,1,94.243,
01/01/2000,01:20:12.45,21.96,-59.17,-994.54,262.50,-708.75,-393.75,1,94.221,
01/01/2000,01:20:12.47,21.11,-58.44,-993.57,288.75,-603.75,-227.50,1,94.223,
01/01/2000,01:20:12.48,20.25,-58.19,-992.35,201.25,-595.0,-175.0,1,94.224,
01/01/2000,01:20:12.49,19.28,-58.19,-991.49,183.75,-656.25,-297.50,1,94.226,
01/01/2000,01:20:12.50,19.40,-59.17,-991.62,131.25,-735.0,-393.75,1,94.227,
01/01/2000,01:20:12.51,19.64,-59.66,-992.10,236.25,-778.75,-848.75,1,94.228,
01/01/2000,01:20:12.52,19.76,-59.54,-992.96,253.75,-726.25,-490.0,1,94.230,
01/01/2000,01:20:12.53,20.01,-59.17,-993.08,70.0,-673.75,-253.75,1,94.231,
01/01/2000,01:20:12.54,20.50,-58.56,-992.84,227.50,-700.0,-271.25,1,94.233,
01/01/2000,01:20:12.55,20.50,-58.07,-992.35,183.75,-656.25,-78.75,1,94.234,
01/01/2000,01:20:12.56,20.62,-58.56,-991.37,288.75,-673.75,52.50,1,94.235,
01/01/2000,01:20:12.57,20.50,-59.17,-990.88,43.75,-638.75,-87.50,1,94.237,
01/01/2000,01:20:12.58,19.89,-59.66,-990.76,253.75,-621.25,-367.50,1,94.238,
01/01/2000,01:20:12.59,19.28,-59.66,-990.40,131.25,-787.50,-848.75,1,94.240,
01/01/2000,01:20:12.60,18.42,-59.17,-990.40,192.50,-717.50,-813.75,1,94.241,
01/01/2000,01:20:12.61,18.79,-58.32,-991.01,148.75,-586.25,-665.0,1,94.243,
01/01/2000,01:20:12.62,19.76,-58.44,-991.74,78.75,-665.0,-323.75,1,94.244,
01/01/2000,01:20:12.63,20.86,-58.56,-992.71,332.50,-656.25,-341.25,1,94.245,
01/01/2000,01:20:12.64,21.96,-59.05,-994.18,262.50,-752.50,-140.0,1,94.247,
01/01/2000,01:20:12.65,22.69,-59.90,-994.54,113.75,-656.25,-245.0,1,94.248,
01/01/2000,01:20:12.66,22.33,-59.90,-994.30,315.0,-700.0,-148.75,1,94.250,
01/01/2000,01:20:12.67,21.35,-59.29,-993.57,236.25,-673.75,-402.50,1,94.251,
01/01/2000,01:20:12.68,19.52,-58.56,-992.23,148.75,-682.50,-332.50,1,94.252,
01/01/2000,01:20:12.69,18.67,-58.44,-991.37,148.75,-630.0,-280.0,1,94.254,
01/01/2000,01:20:12.70,18.54,-58.56,-991.37,358.75,-586.25,-341.25,1,94.255,
01/01/2000,01:20:12.71,18.91,-59.05,-991.62,183.75,-770.0,-428.75,1,94.257,
01/01/2000,01:20:12.72,19.64,-59.54,-992.23,271.25,-770.0,-560.0,1,94.235,
01/01/2000,01:20:12.73,20.50,-59.41,-992.84,131.25,-665.0,-700.0,1,94.236,
01/01/2000,01:20:12.74,21.35,-59.05,-992.84,350.0,-752.50,-428.75,1,94.238,
01/01/2000,01:20:12.75,21.47,-58.56,-992.71,140.0,-726.25,-87.50,1,94.239,
01/01/2000,01:20:12.76,21.23,-58.56,-992.35,183.75,-656.25,-210.0,1,94.241,
01/01/2000,01:20:12.77,20.74,-59.05,-991.37,192.50,-708.75,-245.0,1,94.242,
01/01/2000,01:20:12.79,19.28,-59.29,-989.91,70.0,-796.25,-367.50,1,94.243,
01/01/2000,01:20:12.80,18.06,-59.17,-989.42,70.0,-708.75,-393.75,1,94.245,
01/01/2000,01:20:12.81,18.18,-59.05,-990.15,183.75,-717.50,-498.75,1,94.246,
01/01/2000,01:20:12.82,18.54,-59.05,-992.10,210.0,-630.0,-603.75,1,94.248,
01/01/2000,01:20:12.83,19.64,-58.68,-994.06,175.0,-638.75,-446.25,1,94.249,
01/01/2000,01:20:12.84,21.11,-58.68,-995.03,245.0,-612.50,-166.25,1,94.250,
01/01/2000,01:20:12.85,22.94,-58.56,-994.54,227.50,-708.75,-323.75,1,94.252,
01/01/2000,01:20:12.86,23.18,-59.17,-992.84,61.25,-761.25,96.25,1,94.253,
01/01/2000,01:20:12.87,22.57,-59.41,-991.62,122.50,-822.50,-87.50,1,94.255,
01/01/2000,01:20:12.88,21.35,-59.66,-991.01,61.25,-717.50,-175.0,1,94.233,
01/01/2000,01:20:12.89,20.01,-59.05,-991.01,87.50,-813.75,-402.50,1,94.234,
01/01/2000,01:20:12.90,18.79,-58.44,-991.86,218.75,-665.0,-297.50,1,94.236,
01/01/2000,01:20:12.91,18.79,-58.44,-992.71,157.50,-700.0,-315.0,1,94.237,
01/01/2000,01:20:12.92,19.15,-58.68,-993.08,183.75,-621.25,-297.50,1,94.239,
01/01/2000,01:20:12.94,20.37,-59.29,-992.96,183.75,-726.25,-376.25,1,94.240,
01/01/2000,01:20:12.95,21.23,-59.54,-992.84,157.50,-761.25,-542.50,1,94.241,
01/01/2000,01:20:12.96,22.20,-59.66,-992.84,131.25,-673.75,-428.75,1,94.243,
01/01/2000,01:20:12.97,21.72,-59.29,-991.86,87.50,-682.50,-201.25,1,94.244,
01/01/2000,01:20:12.98,20.50,-58.80,-990.64,218.75,-726.25,-131.25,1,94.246,
01/01/2000,01:20:12.99,19.28,-58.68,-989.79,166.25,-577.50,-262.50,1,94.247,
01/01/2000,01:20:13.00,18.54,-59.17,-990.88,175.0,-717.50,-262.50,1,94.226,
01/01/2000,01:20:13.01,19.03,-59.54,-992.71,183.75,-761.25,-455.0,1,94.227,
01/01/2000,01:20:13.02,19.52,-59.66,-994.54,236.25,-665.0,-367.50,1,94.228,
01/01/2000,01:20:13.03,20.50,-59.29,-995.28,218.75,-656.25,-367.50,1,94.230,
01/01/2000,01:20:13.04,21.11,-58.80,-994.79,122.50,-682.50,-280.0,1,94.231,
01/01/2000,01:20:13.05,21.23,-58.68,-993.45,70.0,-691.25,-236.25,1,94.233,
01/01/2000,01:20:13.06,21.59,-59.29,-991.98,376.25,-673.75,-350.0,1,94.234,
01/01/2000,01:20:13.07,21.59,-59.54,-991.01,227.50,-875.0,-420.0,1,94.235,
01/01/2000,01:20:13.08,21.59,-59.90,-991.13,245.0,-778.75,-481.25,1,94.237,
01/01/2000,01:20:13.09,21.35,-59.90,-991.86,253.75,-691.25,-402.50,1,94.238,
01/01/2000,01:20:13.10,20.74,-59.29,-992.84,218.75,-726.25,-376.25,1,94.240,
01/01/2000,01:20:13.11,20.13,-58.80,-993.45,236.25,-735.0,-192.50,1,94.241,
01/01/2000,01:20:13.12,19.40,-58.56,-993.08,341.25,-717.50,-192.50,1,94.242,
01/01/2000,01:20:13.14,19.03,-58.93,-992.59,183.75,-603.75,-201.25,1,94.244,
01/01/2000,01:20:13.15,18.79,-59.78,-991.13,306.25,-621.25,-446.25,1,94.245,
01/01/2000,01:20:13.16,18.79,-59.78,-990.03,131.25,-595.0,-516.25,1,94.247,
01/01/2000,01:20:13.17,18.79,-59.41,-989.18,166.25,-708.75,-420.0,1,94.248,
01/01/2000,01:20:13.18,19.28,-59.05,-989.18,105.0,-638.75,-315.0,1,94.249,
01/01/2000,01:20:13.19,20.01,-59.05,-990.52,236.25,-778.75,-455.0,1,94.251,
01/01/2000,01:20:13.20,20.74,-59.29,-992.35,113.75,-726.25,-315.0,1,94.252,
01/01/2000,01:20:13.21,21.59,-59.78,-995.03,236.25,-630.0,-297.50,1,94.231,
01/01/2000,01:20:13.22,21.72,-59.66,-995.52,245.0,-638.75,-428.75,1,94.232,
01/01/2000,01:20:13.23,21.23,-59.29,-994.79,148.75,-822.50,-280.0,1,94.234,
01/01/2000,01:20:13.24,20.25,-59.17,-992.84,52.50,-656.25,-376.25,1,94.235,
01/01/2000,01:20:13.25,19.76,-59.05,-991.98,201.25,-822.50,-306.25,1,94.236,
01/01/2000,01:20:13.26,19.28,-59.41,-992.10,192.50,-743.75,-350.0,1,94.238,
01/01/2000,01:20:13.27,19.15,-59.54,-992.71,227.50,-638.75,-507.50,1,94.239,
01/01/2000,01:20:13.29,19.64,-59.41,-993.57,236.25,-647.50,-551.25,1,94.240,
01/01/2000,01:20:13.30,21.23,-58.93,-993.45,227.50,-682.50,-402.50,1,94.242,
01/01/2000,01:20:13.31,22.20,-58.56,-992.84,113.75,-717.50,-350.0,1,94.243,
01/01/2000,01:20:13.32,22.81,-58.68,-992.10,192.50,-621.25,-253.75,1,94.245,
01/01/2000,01:20:13.33,23.06,-59.29,-991.74,175.0,-735.0,-376.25,1,94.246,
01/01/2000,01:20:13.34,22.33,-59.66,-991.49,122.50,-726.25,-218.75,1,94.247,
01/01/2000,01:20:13.35,20.37,-59.90,-991.37,192.50,-805.0,-437.50,1,94.249,
01/01/2000,01:20:13.36,18.30,-58.93,-990.76,157.50,-752.50,-420.0,1,94.250,
01/01/2000,01:20:13.37,17.32,-58.32,-990.27,227.50,-787.50,-271.25,1,94.251,
01/01/2000,01:20:13.38,17.32,-58.44,-990.52,376.25,-656.25,-341.25,1,94.253,
01/01/2000,01:20:13.39,18.06,-58.80,-991.37,367.50,-682.50,-323.75,1,94.254,
01/01/2000,01:20:13.40,20.25,-59.78,-993.20,131.25,-638.75,-498.75,1,94.256,
01/01/2000,01:20:13.41,21.96,-59.78,-994.18,210.0,-805.0,-560.0,1,94.257,
01/01/2000,01:20:13.42,23.06,-59.54,-994.54,227.50,-691.25,-358.75,1,94.236,
01/01/2000,01:20:13.43,22.94,-58.80,-994.06,87.50,-726.25,-350.0,1,94.237,
01/01/2000,01:20:13.44,22.08,-58.80,-993.20,105.0,-735.0,-210.0,1,94.239,
01/01/2000,01:20:13.45,20.98,-58.68,-992.47,122.50,-621.25,-183.75,1,94.240,
01/01/2000,01:20:13.46,19.40,-59.17,-991.98,280.0,-603.75,-236.25,1,94.241,
01/01/2000,01:20:13.48,18.30,-59.17,-991.62,61.25,-656.25,-341.25,1,94.243,
01/01/2000,01:20:13.49,18.18,-59.17,-991.37,402.50,-708.75,-350.0,1,94.244,
01/01/2000,01:20:13.50,18.67,-58.80,-991.62,175.0,-647.50,-350.0,1,94.245,
01/01/2000,01:20:13.51,19.28,-58.80,-991.86,297.50,-577.50,-428.75,1,94.247,
01/01/2000,01:20:13.52,19.89,-58.80,-992.35,43.75,-673.75,-350.0,1,94.248,
01/01/2000,01:20:13.53,20.62,-59.05,-992.35,227.50,-743.75,-376.25,1,94.250,
01/01/2000,01:20:13.54,21.47,-59.29,-991.49,157.50,-682.50,-420.0,1,94.251,
01/01/2000,01:20:13.55,21.59,-59.29,-990.76,201.25,-717.50,-350.0,1,94.252,
01/01/2000,01:20:13.56,21.72,-58.80,-990.64,78.75,-743.75,-280.0,1,94.231,
01/01/2000,01:20:13.57,21.23,-59.29,-991.13,96.25,-787.50,-332.50,1,94.233,
01/01/2000,01:20:13.58,20.50,-59.41,-993.20,113.75,-708.75,-446.25,1,94.234,
01/01/2000,01:20:13.59,20.01,-59.41,-994.06,201.25,-700.0,-236.25,1,94.235,
01/01/2000,01:20:13.60,19.28,-59.05,-994.06,87.50,-586.25,-393.75,1,94.237,
01/01/2000,01:20:13.61,19.03,-59.05,-993.57,201.25,-752.50,-358.75,1,94.238,
01/01/2000,01:20:13.62,19.28,-59.05,-992.10,105.0,-647.50,-288.75,1,94.239,
01/01/2000,01:20:13.63,19.76,-59.29,-991.62,262.50,-743.75,-288.75,1,94.241,
01/01/2000,01:20:13.64,20.25,-59.78,-991.62,17.50,-761.25,-402.50,1,94.242,
01/01/2000,01:20:13.65,20.86,-60.15,-992.23,210.0,-665.0,-542.50,1,94.244,
01/01/2000,01:20:13.66,21.23,-59.78,-992.71,192.50,-595.0,-498.75,1,94.245,
01/01/2000,01:20:13.67,21.23,-59.29,-992.84,105.0,-691.25,-350.0,1,94.246,
01/01/2000,01:20:13.69,20.86,-59.05,-992.59,236.25,-630.0,-148.75,1,94.248,
01/01/2000,01:20:13.69,20.25,-59.29,-991.86,148.75,-568.75,-323.75,1,94.249,
01/01/2000,01:20:13.71,19.76,-59.54,-991.49,236.25,-665.0,-227.50,1,94.250,
01/01/2000,01:20:13.72,20.13,-59.78,-991.49,192.50,-647.50,-437.50,1,94.252,
01/01/2000,01:20:13.73,19.89,-59.66,-990.88,393.75,-726.25,-350.0,1,94.253,
01/01/2000,01:20:13.74,19.40,-59.29,-990.40,-61.25,-700.0,-446.25,1,94.255,
01/01/2000,01:20:13.75,19.28,-59.41,-990.64,271.25,-700.0,-428.75,1,94.256,
01/01/2000,01:20:13.76,19.52,-59.41,-992.35,245.0,-656.25,-393.75,1,94.257,
01/01/2000,01:20:13.77,20.13,-59.41,-993.57,113.75,-577.50,-507.50,1,94.236,
01/01/2000,01:20:13.78,20.98,-59.54,-993.81,96.25,-595.0,-437.50,1,94.238,
01/01/2000,01:20:13.79,21.47,-59.41,-993.32,131.25,-717.50,-315.0,1,94.239,
01/01/2000,01:20:13.80,21.84,-59.17,-992.47,157.50,-656.25,-315.0,1,94.240,
01/01/2000,01:20:13.81,21.84,-59.54,-991.98,210.0,-717.50,-393.75,1,94.242,
01/01/2000,01:20:13.82,21.23,-60.02,-992.47,148.75,-682.50,-437.50,1,94.243,
01/01/2000,01:20:13.83,20.50,-60.15,-993.32,288.75,-717.50,-350.0,1,94.244,
01/01/2000,01:20:13.85,19.52,-59.54,-993.57,183.75,-603.75,-393.75,1,94.246,
01/01/2000,01:20:13.86,19.15,-59.05,-993.20,262.50,-647.50,-428.75,1,94.247,
01/01/2000,01:20:13.87,19.15,-58.80,-992.10,131.25,-630.0,-236.25,1,94.249,
01/01/2000,01:20:13.88,19.28,-59.05,-991.13,227.50,-752.50,-350.0,1,94.250,
01/01/2000,01:20:13.89,19.89,-59.90,-990.76,105.0,-717.50,-411.25,1,94.251,
01/01/2000,01:20:13.90,20.25,-60.27,-990.88,201.25,-717.50,-385.0,1,94.253,
01/01/2000,01:20:13.91,20.37,-60.02,-991.13,210.0,-726.25,-481.25,1,94.254,
01/01/2000,01:20:13.92,20.25,-59.17,-991.49,140.0,-665.0,-306.25,1,94.255,
01/01/2000,01:20:13.93,19.89,-58.68,-991.49,61.25,-770.0,-157.50,1,94.257,
01/01/2000,01:20:13.94,19.52,-59.05,-991.86,113.75,-743.75,-306.25,1,94.258,
01/01/2000,01:20:13.95,19.40,-59.66,-992.35,280.0,-647.50,-341.25,1,94.259,
01/01/2000,01:20:13.96,19.52,-59.66,-992.71,183.75,-577.50,-402.50,1,94.261,
01/01/2000,01:20:13.97,20.25,-59.66,-992.59,140.0,-682.50,-350.0,1,94.262,
01/01/2000,01:20:13.99,20.98,-59.17,-992.35,61.25,-700.0,-262.50,1,94.241,
01/01/2000,01:20:14.00,20.74,-59.41,-992.23,78.75,-665.0,-402.50,1,94.243,
01/01/2000,01:20:14.01,20.25,-59.78,-992.35,192.50,-665.0,-323.75,1,94.244,
01/01/2000,01:20:14.02,19.89,-60.02,-992.35,113.75,-787.50,-428.75,1,94.245,
01/01/2000,01:20:14.03,19.76,-59.41,-992.35,105.0,-665.0,-393.75,1,94.247,
01/01/2000,01:20:14.04,20.37,-59.29,-992.10,245.0,-621.25,-420.0,1,94.248,
01/01/2000,01:20:14.05,21.47,-59.05,-991.62,271.25,-708.75,-280.0,1,94.249,
01/01/2000,01:20:14.06,21.72,-59.17,-991.37,210.0,-743.75,-332.50,1,94.251,
01/01/2000,01:20:14.07,21.72,-59.78,-991.37,113.75,-787.50,-306.25,1,94.252,
01/01/2000,01:20:14.08,21.11,-60.39,-991.62,140.0,-770.0,-420.0,1,94.253,
01/01/2000,01:20:14.09,20.01,-60.02,-991.86,201.25,-673.75,-297.50,1,94.255,
01/01/2000,01:20:14.10,19.15,-59.54,-991.37,183.75,-630.0,-455.0,1,94.256,
01/01/2000,01:20:14.11,18.91,-58.80,-990.88,166.25,-586.25,-262.50,1,94.257,
01/01/2000,01:20:14.12,19.03,-58.68,-990.76,183.75,-673.75,-201.25,1,94.259,
01/01/2000,01:20:14.13,19.52,-59.54,-991.86,131.25,-717.50,-262.50,1,94.238,
01/01/2000,01:20:14.14,20.01,-60.27,-992.84,315.0,-778.75,-455.0,1,94.239,
01/01/2000,01:20:14.15,20.62,-60.39,-993.57,140.0,-726.25,-533.75,1,94.241,
01/01/2000,01:20:14.16,20.98,-59.90,-993.45,148.75,-691.25,-385.0,1,94.242,
01/01/2000,01:20:14.17,21.11,-59.29,-992.84,245.0,-717.50,-253.75,1,94.243,
01/01/2000,01:20:14.18,20.74,-59.17,-992.10,306.25,-770.0,-341.25,1,94.245,
01/01/2000,01:20:14.20,20.01,-59.78,-991.74,140.0,-805.0,-262.50,1,94.246,
01/01/2000,01:20:14.21,19.89,-60.15,-992.10,140.0,-673.75,-498.75,1,94.247,
01/01/2000,01:20:14.22,19.64,-60.27,-992.59,288.75,-603.75,-498.75,1,94.249,
01/01/2000,01:20:14.23,19.76,-59.66,-992.59,201.25,-726.25,-385.0,1,94.250,
01/01/2000,01:20:14.24,19.89,-59.29,-992.35,148.75,-612.50,-323.75,1,94.252,
01/01/2000,01:20:14.25,20.01,-59.05,-991.86,192.50,-726.25,-227.50,1,94.253,
01/01/2000,01:20:14.26,19.89,-59.17,-991.49,262.50,-770.0,-262.50,1,94.254,
01/01/2000,01:20:14.27,20.01,-60.02,-990.88,70.0,-682.50,-455.0,1,94.256,
01/01/2000,01:20:14.28,19.52,-60.27,-990.40,227.50,-743.75,-376.25,1,94.257,
01/01/2000,01:20:14.29,19.64,-59.78,-990.40,175.0,-743.75,-428.75,1,94.258,
01/01/2000,01:20:14.30,19.76,-59.54,-991.37,175.0,-761.25,-385.0,1,94.260,
01/01/2000,01:20:14.31,20.37,-59.17,-992.59,35.0,-621.25,-402.50,1,94.261,
01/01/2000,01:20:14.32,20.98,-59.54,-994.18,297.50,-638.75,-411.25,1,94.262,
01/01/2000,01:20:14.33,21.84,-59.54,-994.54,131.25,-656.25,-315.0,1,94.264,
01/01/2000,01:20:14.34,22.20,-60.02,-993.20,201.25,-682.50,-560.0,1,94.243,
01/01/2000,01:20:14.35,21.59,-59.78,-992.35,70.0,-708.75,-210.0,1,94.244,
01/01/2000,01:20:14.37,20.86,-59.66,-991.62,183.75,-682.50,-350.0,1,94.246,
01/01/2000,01:20:14.37,20.13,-59.66,-991.49,201.25,-770.0,-201.25,1,94.247,
01/01/2000,01:20:14.39,19.03,-59.41,-992.10,183.75,-752.50,-420.0,1,94.248,
01/01/2000,01:20:14.40,18.79,-59.54,-992.84,113.75,-586.25,-525.0,1,94.250,
01/01/2000,01:20:14.41,19.28,-59.54,-993.57,140.0,-621.25,-455.0,1,94.251,
01/01/2000,01:20:14.42,20.25,-59.54,-993.32,218.75,-691.25,-411.25,1,94.252,
01/01/2000,01:20:14.43,21.11,-59.54,-993.08,367.50,-726.25,-376.25,1,94.254,
01/01/2000,01:20:14.44,21.59,-59.78,-992.84,157.50,-866.25,-288.75,1,94.255,
01/01/2000,01:20:14.45,21.47,-60.02,-992.35,148.75,-586.25,-411.25,1,94.256,
01/01/2000,01:20:14.46,20.98,-60.27,-991.62,201.25,-647.50,-288.75,1,94.258,
01/01/2000,01:20:14.47,20.13,-59.54,-990.64,148.75,-621.25,-437.50,1,94.259,
01/01/2000,01:20:14.48,19.28,-59.29,-990.27,210.0,-761.25,-183.75,1,94.238,
01/01/2000,01:20:14.50,19.40,-59.54,-991.49,96.25,-656.25,-288.75,1,94.240,
01/01/2000,01:20:14.51,20.01,-59.78,-993.08,157.50,-621.25,-516.25,1,94.241,
01/01/2000,01:20:14.52,20.74,-60.15,-993.81,236.25,-577.50,-411.25,1,94.242,
01/01/2000,01:20:14.53,21.35,-60.15,-993.93,271.25,-752.50,-385.0,1,94.244,
01/01/2000,01:20:14.54,21.35,-59.90,-993.57,236.25,-735.0,-271.25,1,94.245,
01/01/2000,01:20:14.55,21.11,-59.66,-992.35,183.75,-735.0,-306.25,1,94.246,
01/01/2000,01:20:14.56,20.86,-59.78,-991.98,262.50,-726.25,-402.50,1,94.248,
01/01/2000,01:20:14.57,20.37,-59.90,-991.49,131.25,-717.50,-315.0,1,94.249,
01/01/2000,01:20:14.58,20.01,-60.02,-991.62,315.0,-700.0,-525.0,1,94.250,
01/01/2000,01:20:14.59,20.13,-59.78,-991.74,218.75,-796.25,-306.25,1,94.252,
01/01/2000,01:20:14.60,20.50,-59.78,-992.10,271.25,-735.0,-350.0,1,94.253,
01/01/2000,01:20:14.61,20.86,-59.66,-992.23,201.25,-638.75,-315.0,1,94.254,
01/01/2000,01:20:14.62,21.47,-59.54,-992.35,210.0,-726.25,-367.50,1,94.256,
01/01/2000,01:20:14.63,21.84,-59.90,-992.10,306.25,-691.25,-367.50,1,94.257,
01/01/2000,01:20:14.64,21.84,-60.27,-992.10,140.0,-638.75,-385.0,1,94.258,
01/01/2000,01:20:14.65,21.23,-60.27,-991.74,323.75,-805.0,-201.25,1,94.260,
01/01/2000,01:20:14.66,20.50,-60.15,-991.13,245.0,-665.0,-341.25,1,94.261,
01/01/2000,01:20:14.67,19.28,-59.54,-991.13,96.25,-848.75,-323.75,1,94.262,
01/01/2000,01:20:14.68,18.67,-59.66,-991.86,157.50,-647.50,-367.50,1,94.242,
01/01/2000,01:20:14.70,18.79,-59.78,-992.96,183.75,-665.0,-437.50,1,94.243,
01/01/2000,01:20:14.71,19.28,-59.90,-993.45,210.0,-533.75,-262.50,1,94.245,
01/01/2000,01:20:14.72,20.13,-59.90,-993.81,70.0,-857.50,-420.0,1,94.246,
01/01/2000,01:20:14.73,21.47,-60.15,-994.06,332.50,-840.0,-297.50,1,94.247,
01/01/2000,01:20:14.74,21.96,-60.02,-994.06,52.50,-682.50,-463.75,1,94.249,
01/01/2000,01:20:14.75,21.84,-60.27,-993.57,113.75,-735.0,-306.25,1,94.250,
01/01/2000,01:20:14.76,20.62,-60.02,-992.59,192.50,-630.0,-297.50,1,94.251,
01/01/2000,01:20:14.77,19.76,-60.02,-991.86,253.75,-691.25,-490.0,1,94.253,
01/01/2000,01:20:14.78,19.15,-59.54,-991.37,17.50,-708.75,-227.50,1,94.254,
01/01/2000,01:20:14.79,18.79,-59.78,-991.49,262.50,-691.25,-446.25,1,94.255,
01/01/2000,01:20:14.80,19.03,-59.78,-991.86,245.0,-577.50,-446.25,1,94.257,
01/01/2000,01:20:14.81,19.64,-60.02,-992.10,105.0,-717.50,-323.75,1,94.258,
01/01/2000,01:20:14.82,20.62,-59.78,-992.23,166.25,-770.0,-323.75,1,94.259,
01/01/2000,01:20:14.83,21.11,-60.02,-992.10,87.50,-726.25,-341.25,1,94.239,
01/01/2000,01:20:14.84,20.25,-59.78,-991.25,201.25,-726.25,-262.50,1,94.240,
01/01/2000,01:20:14.85,19.64,-59.66,-990.88,280.0,-700.0,-411.25,1,94.241,
01/01/2000,01:20:14.86,19.03,-59.66,-990.88,175.0,-665.0,-297.50,1,94.243,
01/01/2000,01:20:14.87,18.54,-59.66,-991.49,157.50,-630.0,-341.25,1,94.244,
01/01/2000,01:20:14.88,18.54,-59.66,-993.08,148.75,-647.50,-393.75,1,94.245,
01/01/2000,01:20:14.89,19.64,-59.90,-993.57,245.0,-551.25,-525.0,1,94.247,
01/01/2000,01:20:14.91,21.11,-59.78,-993.57,236.25,-717.50,-393.75,1,94.248,
01/01/2000,01:20:14.92,21.96,-59.66,-993.32,70.0,-717.50,-280.0,1,94.249,
01/01/2000,01:20:14.93,22.33,-60.02,-993.08,271.25,-796.25,-341.25,1,94.251,
01/01/2000,01:20:14.94,22.08,-60.27,-992.84,166.25,-603.75,-411.25,1,94.252,
01/01/2000,01:20:14.95,20.86,-60.15,-992.35,210.0,-708.75,-367.50,1,94.253,
01/01/2000,01:20:14.96,19.76,-60.02,-991.86,262.50,-665.0,-262.50,1,94.255,
01/01/2000,01:20:14.97,18.42,-59.90,-991.13,315.0,-525.0,-367.50,1,94.256,
01/01/2000,01:20:14.98,18.18,-59.78,-991.01,148.75,-761.25,-350.0,1,94.257,
01/01/2000,01:20:14.99,18.54,-60.02,-991.13,122.50,-647.50,-306.25,1,94.259,
01/01/2000,01:20:15.01,19.76,-60.15,-991.49,253.75,-700.0,-367.50,1,94.238,
01/01/2000,01:20:15.02,21.35,-60.27,-990.64,280.0,-726.25,-437.50,1,94.240,
01/01/2000,01:20:15.03,22.20,-59.90,-989.54,87.50,-840.0,-402.50,1,94.241,
01/01/2000,01:20:15.04,22.94,-59.78,-988.32,271.25,-682.50,-227.50,1,94.242,
01/01/2000,01:20:15.05,23.67,-60.02,-987.10,245.0,-673.75,-376.25,1,94.244,
01/01/2000,01:20:15.06,23.79,-60.02,-986.49,105.0,-735.0,-306.25,1,94.245,
01/01/2000,01:20:15.07,23.67,-60.27,-985.88,166.25,-708.75,-332.50,1,94.246,
01/01/2000,01:20:15.08,23.42,-60.02,-985.64,52.50,-673.75,-332.50,1,94.248,
01/01/2000,01:20:15.09,23.18,-60.02,-986.25,166.25,-805.0,-297.50,1,94.249,
01/01/2000,01:20:15.10,23.06,-59.90,-987.22,183.75,-717.50,-341.25,1,94.250,
01/01/2000,01:20:15.11,22.81,-60.15,-988.20,131.25,-726.25,-411.25,1,94.252,
01/01/2000,01:20:15.12,22.94,-60.02,-988.69,131.25,-516.25,-411.25,1,94.253,
01/01/2000,01:20:15.13,23.18,-60.15,-987.59,271.25,-682.50,-332.50,1,94.254,
01/01/2000,01:20:15.14,23.67,-59.78,-985.64,17.50,-735.0,-402.50,1,94.256,
01/01/2000,01:20:15.15,24.40,-59.78,-983.08,245.0,-603.75,-218.75,1,94.257,
01/01/2000,01:20:15.16,25.25,-60.02,-980.76,245.0,-673.75,-358.75,1,94.258,
01/01/2000,01:20:15.17,26.23,-60.15,-979.05,105.0,-848.75,-385.0,1,94.259,
01/01/2000,01:20:15.18,26.35,-60.15,-979.66,218.75,-770.0,-385.0,1,94.261,
01/01/2000,01:20:15.19,25.86,-60.15,-981.37,253.75,-761.25,-236.25,1,94.262,
01/01/2000,01:20:15.20,24.16,-59.78,-984.54,166.25,-743.75,-315.0,1,94.263,
01/01/2000,01:20:15.21,23.30,-59.41,-986.00,236.25,-708.75,-350.0,1,94.265,
01/01/2000,01:20:15.22,23.06,-59.05,-986.86,201.25,-595.0,-271.25,1,94.266,
01/01/2000,01:20:15.23,22.57,-59.41,-986.86,332.50,-638.75,-227.50,1,94.267,
01/01/2000,01:20:15.24,22.69,-59.78,-986.49,113.75,-577.50,-358.75,1,94.247,
01/01/2000,01:20:15.26,24.28,-60.39,-985.27,280.0,-717.50,-350.0,1,94.248,
01/01/2000,01:20:15.27,24.64,-60.02,-984.54,26.25,-813.75,-271.25,1,94.250,
01/01/2000,01:20:15.28,23.67,-60.63,-984.66,262.50,-796.25,-157.50,1,94.251,
01/01/2000,01:20:15.29,22.69,-60.15,-986.37,140.0,-770.0,-568.75,1,94.252,
01/01/2000,01:20:15.30,21.72,-60.15,-988.69,201.25,-673.75,-332.50,1,94.254,
01/01/2000,01:20:15.31,21.35,-59.41,-990.64,140.0,-603.75,-332.50,1,94.255,
01/01/2000,01:20:15.32,21.35,-59.29,-990.64,271.25,-761.25,-236.25,1,94.256,
01/01/2000,01:20:15.33,22.08,-59.90,-989.66,87.50,-700.0,-236.25,1,94.258,
01/01/2000,01:20:15.34,22.20,-60.51,-989.18,411.25,-743.75,-507.50,1,94.259,
01/01/2000,01:20:15.35,21.96,-61.0,-989.42,78.75,-691.25,-411.25,1,94.260,
01/01/2000,01:20:15.36,21.72,-60.88,-990.27,87.50,-796.25,-297.50,1,94.262,
01/01/2000,01:20:15.37,21.11,-60.15,-991.37,201.25,-621.25,-463.75,1,94.263,
01/01/2000,01:20:15.38,21.11,-59.66,-991.49,245.0,-638.75,-323.75,1,94.264,
01/01/2000,01:20:15.39,20.98,-59.78,-991.37,78.75,-735.0,-262.50,1,94.244,
01/01/2000,01:20:15.40,20.98,-60.51,-991.13,166.25,-647.50,-245.0,1,94.245,
01/01/2000,01:20:15.41,21.11,-61.0,-991.13,140.0,-752.50,-455.0,1,94.247,
01/01/2000,01:20:15.42,20.98,-61.0,-991.37,210.0,-743.75,-560.0,1,94.248,
01/01/2000,01:20:15.43,20.74,-60.27,-991.74,87.50,-735.0,-350.0,1,94.249,
01/01/2000,01:20:15.44,20.50,-59.78,-991.86,315.0,-761.25,-306.25,1,94.251,
01/01/2000,01:20:15.45,20.37,-59.54,-991.98,157.50,-673.75,-253.75,1,94.252,
01/01/2000,01:20:15.47,20.50,-60.02,-992.23,210.0,-647.50,-323.75,1,94.253,
01/01/2000,01:20:15.48,20.62,-60.76,-992.10,183.75,-717.50,-376.25,1,94.254,
01/01/2000,01:20:15.49,20.50,-61.0,-991.98,17.50,-630.0,-472.50,1,94.256,
01/01/2000,01:20:15.50,20.50,-60.63,-992.10,271.25,-691.25,-367.50,1,94.257,
01/01/2000,01:20:15.51,20.25,-60.02,-992.35,271.25,-665.0,-245.0,1,94.237,
01/01/2000,01:20:15.52,20.13,-59.78,-992.71,236.25,-735.0,-280.0,1,94.238,
01/01/2000,01:20:15.53,20.25,-60.02,-992.71,236.25,-638.75,-306.25,1,94.240,
01/01/2000,01:20:15.54,20.37,-60.39,-992.47,201.25,-656.25,-280.0,1,94.241,
01/01/2000,01:20:15.55,20.37,-60.63,-992.10,192.50,-691.25,-411.25,1,94.242,
01/01/2000,01:20:15.56,20.37,-60.51,-992.23,26.25,-848.75,-332.50,1,94.243,
01/01/2000,01:20:15.57,20.37,-60.39,-992.47,227.50,-700.0,-411.25,1,94.245,
01/01/2000,01:20:15.58,20.25,-60.15,-992.71,8.75,-621.25,-332.50,1,94.246,
01/01/2000,01:20:15.60,20.25,-59.90,-992.59,218.75,-778.75,-358.75,1,94.247,
01/01/2000,01:20:15.61,20.13,-60.27,-992.47,280.0,-665.0,-315.0,1,94.249,
01/01/2000,01:20:15.62,20.37,-60.27,-992.23,245.0,-691.25,-393.75,1,94.250,
01/01/2000,01:20:15.63,20.74,-60.39,-992.10,218.75,-691.25,-297.50,1,94.251,
01/01/2000,01:20:15.64,20.98,-60.39,-992.35,227.50,-656.25,-350.0,1,94.253,
01/01/2000,01:20:15.65,22.08,-60.27,-992.59,175.0,-647.50,-481.25,1,94.254,
01/01/2000,01:20:15.66,23.06,-59.54,-992.59,201.25,-673.75,-551.25,1,94.255,
01/01/2000,01:20:15.67,24.16,-59.66,-992.47,52.50,-700.0,-358.75,1,94.257,
01/01/2000,01:20:15.68,25.38,-60.02,-991.25,236.25,-787.50,-350.0,1,94.258,
01/01/2000,01:20:15.69,25.86,-60.27,-991.01,157.50,-761.25,-358.75,1,94.259,
01/01/2000,01:20:15.70,26.96,-60.51,-991.62,87.50,-770.0,-481.25,1,94.260,
01/01/2000,01:20:15.71,28.06,-60.51,-992.71,227.50,-700.0,-498.75,1,94.262,
01/01/2000,01:20:15.72,28.79,-60.02,-994.06,105.0,-700.0,-245.0,1,94.263,
01/01/2000,01:20:15.73,28.67,-60.02,-993.81,52.50,-796.25,-105.0,1,94.264,
01/01/2000,01:20:15.74,28.06,-60.15,-992.84,288.75,-630.0,-148.75,1,94.266,
01/01/2000,01:20:15.75,27.33,-60.27,-991.01,96.25,-621.25,-428.75,1,94.267,
01/01/2000,01:20:15.76,27.57,-60.27,-990.52,253.75,-743.75,-560.0,1,94.247,
01/01/2000,01:20:15.77,28.79,-60.02,-990.76,183.75,-647.50,-840.0,1,94.270,
01/01/2000,01:20:15.78,32.21,-59.78,-992.23,183.75,-665.0,-560.0,1,94.249,
01/01/2000,01:20:15.79,33.92,-60.27,-993.08,218.75,-656.25,-175.0,1,94.251,
01/01/2000,01:20:15.80,35.01,-60.51,-993.69,192.50,-787.50,-201.25,1,94.252,
01/01/2000,01:20:15.82,34.40,-61.0,-993.45,253.75,-700.0,-385.0,1,94.253,
01/01/2000,01:20:15.83,32.45,-60.88,-992.71,175.0,-770.0,-192.50,1,94.255,
01/01/2000,01:20:15.84,29.89,-60.27,-992.10,-8.75,-735.0,-280.0,1,94.256,
01/01/2000,01:20:15.85,26.23,-59.78,-991.62,201.25,-603.75,-271.25,1,94.257,
01/01/2000,01:20:15.86,25.01,-59.41,-991.62,105.0,-551.25,-358.75,1,94.259,
01/01/2000,01:20:15.87,24.77,-59.66,-991.74,166.25,-656.25,-385.0,1,94.260,
01/01/2000,01:20:15.88,25.38,-59.90,-991.98,166.25,-787.50,-673.75,1,94.261,
01/01/2000,01:20:15.89,27.21,-60.51,-992.23,218.75,-752.50,-367.50,1,94.262,
01/01/2000,01:20:15.90,28.06,-60.88,-992.35,78.75,-778.75,-420.0,1,94.264,
01/01/2000,01:20:15.91,27.82,-60.76,-992.47,122.50,-691.25,-463.75,1,94.265,
01/01/2000,01:20:15.92,26.60,-60.39,-992.71,192.50,-752.50,-280.0,1,94.266,
01/01/2000,01:20:15.93,25.25,-60.02,-992.71,201.25,-708.75,-227.50,1,94.268,
01/01/2000,01:20:15.94,23.67,-59.90,-992.35,236.25,-647.50,-332.50,1,94.269,
01/01/2000,01:20:15.95,22.69,-59.78,-991.98,201.25,-630.0,-490.0,1,94.249,
01/01/2000,01:20:15.96,22.94,-59.90,-991.86,78.75,-717.50,-577.50,1,94.250,
01/01/2000,01:20:15.97,23.42,-60.02,-991.74,87.50,-761.25,-420.0,1,94.252,
01/01/2000,01:20:15.98,23.42,-60.51,-991.74,105.0,-595.0,-262.50,1,94.253,
01/01/2000,01:20:15.99,23.18,-60.27,-991.86,-26.25,-822.50,-350.0,1,94.254,
01/01/2000,01:20:16.00,21.72,-60.15,-992.23,192.50,-621.25,-201.25,1,94.255,
01/01/2000,01:20:16.01,20.37,-59.90,-992.59,122.50,-673.75,-341.25,1,94.257,
01/01/2000,01:20:16.03,18.79,-59.66,-992.47,61.25,-752.50,-332.50,1,94.237,
01/01/2000,01:20:16.04,18.79,-59.54,-992.59,148.75,-638.75,-516.25,1,94.238,
01/01/2000,01:20:16.05,19.64,-60.02,-992.47,105.0,-691.25,-638.75,1,94.239,
01/01/2000,01:20:16.06,21.59,-60.39,-992.71,175.0,-726.25,-717.50,1,94.241,
01/01/2000,01:20:16.07,22.20,-60.51,-992.84,70.0,-770.0,-385.0,1,94.242,
01/01/2000,01:20:16.08,22.69,-60.51,-992.96,43.75,-700.0,-297.50,1,94.243,
01/01/2000,01:20:16.09,22.57,-60.39,-993.08,253.75,-752.50,-315.0,1,94.245,
01/01/2000,01:20:16.10,21.47,-60.27,-992.96,288.75,-656.25,-288.75,1,94.246,
01/01/2000,01:20:16.12,20.74,-59.78,-992.96,26.25,-778.75,-446.25,1,94.247,
01/01/2000,01:20:16.13,20.50,-60.02,-992.96,306.25,-647.50,-253.75,1,94.248,
01/01/2000,01:20:16.14,20.37,-59.66,-992.84,122.50,-603.75,-323.75,1,94.250,
01/01/2000,01:20:16.15,20.62,-60.27,-992.59,122.50,-586.25,-402.50,1,94.251,
01/01/2000,01:20:16.16,21.23,-60.51,-992.35,87.50,-761.25,-341.25,1,94.252,
01/01/2000,01:20:16.17,21.35,-60.27,-992.35,-26.25,-752.50,-350.0,1,94.254,
01/01/2000,01:20:16.18,20.50,-60.27,-992.35,271.25,-796.25,-253.75,1,94.255,
01/01/2000,01:20:16.19,19.89,-60.02,-992.23,131.25,-752.50,-253.75,1,94.256,
01/01/2000,01:20:16.20,19.03,-60.02,-992.10,87.50,-691.25,-262.50,1,94.258,
01/01/2000,01:20:16.21,18.30,-60.02,-992.35,183.75,-700.0,-516.25,1,94.259,
01/01/2000,01:20:16.22,18.30,-59.78,-992.35,113.75,-770.0,-385.0,1,94.260,
01/01/2000,01:20:16.23,19.52,-59.78,-992.23,323.75,-656.25,-367.50,1,94.261,
01/01/2000,01:20:16.24,20.25,-59.90,-992.35,87.50,-743.75,-516.25,1,94.263,
01/01/2000,01:20:16.25,21.23,-60.15,-992.47,43.75,-726.25,-332.50,1,94.264,
01/01/2000,01:20:16.26,21.96,-60.27,-992.59,131.25,-735.0,-341.25,1,94.265,
01/01/2000,01:20:16.27,21.47,-60.27,-992.84,105.0,-735.0,-341.25,1,94.267,
01/01/2000,01:20:16.28,20.86,-60.02,-992.96,131.25,-647.50,-262.50,1,94.268,
01/01/2000,01:20:16.29,20.25,-60.15,-992.96,157.50,-700.0,-271.25,1,94.269,
01/01/2000,01:20:16.30,19.76,-59.66,-992.84,-70.0,-682.50,-271.25,1,94.270,
01/01/2000,01:20:16.31,19.52,-59.54,-992.71,192.50,-691.25,-402.50,1,94.251,
01/01/2000,01:20:16.32,20.62,-59.78,-992.47,43.75,-717.50,-253.75,1,94.252,
01/01/2000,01:20:16.33,21.23,-60.02,-992.35,105.0,-813.75,-420.0,1,94.253,
01/01/2000,01:20:16.34,21.47,-60.27,-992.47,175.0,-682.50,-437.50,1,94.254,
01/01/2000,01:20:16.35,21.84,-60.51,-992.59,280.0,-700.0,-358.75,1,94.256,
01/01/2000,01:20:16.36,21.23,-60.27,-992.59,78.75,-647.50,-306.25,1,94.257,
01/01/2000,01:20:16.38,19.52,-59.90,-992.47,157.50,-761.25,-262.50,1,94.258,
01/01/2000,01:20:16.39,18.79,-59.78,-992.35,175.0,-700.0,-376.25,1,94.260,
01/01/2000,01:20:16.40,18.54,-59.54,-992.35,52.50,-560.0,-315.0,1,94.261,
01/01/2000,01:20:16.41,18.67,-59.41,-992.47,210.0,-612.50,-490.0,1,94.262,
01/01/2000,01:20:16.42,19.28,-59.78,-992.35,236.25,-787.50,-385.0,1,94.263,
01/01/2000,01:20:16.43,20.86,-60.15,-992.10,218.75,-805.0,-306.25,1,94.265,
01/01/2000,01:20:16.44,21.23,-60.63,-992.23,262.50,-647.50,-446.25,1,94.266,
01/01/2000,01:20:16.45,21.96,-60.27,-992.71,61.25,-743.75,-385.0,1,94.267,
01/01/2000,01:20:16.46,21.96,-60.02,-992.71,210.0,-691.25,-227.50,1,94.269,
01/01/2000,01:20:16.47,21.35,-59.90,-992.84,70.0,-778.75,-183.75,1,94.270,
01/01/2000,01:20:16.48,20.01,-59.66,-992.71,35.0,-752.50,-201.25,1,94.271,
01/01/2000,01:20:16.49,20.13,-59.90,-992.59,227.50,-656.25,-428.75,1,94.272,
01/01/2000,01:20:16.50,20.01,-60.15,-992.35,218.75,-700.0,-463.75,1,94.274,
01/01/2000,01:20:16.51,20.25,-60.02,-992.59,227.50,-656.25,-455.0,1,94.275,
01/01/2000,01:20:16.52,21.11,-59.78,-992.10,192.50,-691.25,-350.0,1,94.255,
01/01/2000,01:20:16.53,21.23,-60.02,-991.98,157.50,-665.0,-420.0,1,94.256,
01/01/2000,01:20:16.55,20.74,-60.15,-992.35,183.75,-752.50,-323.75,1,94.258,
01/01/2000,01:20:16.56,20.01,-60.02,-992.35,192.50,-682.50,-245.0,1,94.259,
01/01/2000,01:20:16.57,19.15,-59.90,-992.35,96.25,-551.25,-280.0,1,94.260,
01/01/2000,01:20:16.58,18.67,-59.66,-992.10,253.75,-691.25,-411.25,1,94.262,
01/01/2000,01:20:16.59,19.03,-59.29,-991.86,201.25,-638.75,-332.50,1,94.263,
01/01/2000,01:20:16.60,19.52,-59.41,-991.86,105.0,-726.25,-323.75,1,94.264,
01/01/2000,01:20:16.61,20.01,-59.78,-992.23,52.50,-761.25,-437.50,1,94.265,
01/01/2000,01:20:16.62,21.35,-60.39,-992.47,113.75,-787.50,-341.25,1,94.267,
01/01/2000,01:20:16.63,21.72,-60.27,-992.23,87.50,-717.50,-446.25,1,94.268,
01/01/2000,01:20:16.64,21.84,-60.02,-992.10,166.25,-665.0,-385.0,1,94.248,
01/01/2000,01:20:16.65,21.59,-60.02,-991.74,122.50,-805.0,-367.50,1,94.270,
01/01/2000,01:20:16.66,20.98,-59.54,-991.74,105.0,-638.75,-166.25,1,94.251,
01/01/2000,01:20:16.67,20.37,-59.90,-991.86,253.75,-700.0,-245.0,1,94.252,
01/01/2000,01:20:16.68,20.13,-59.90,-992.23,113.75,-770.0,-420.0,1,94.253,
01/01/2000,01:20:16.69,20.50,-59.78,-992.59,-52.50,-770.0,-315.0,1,94.255,
01/01/2000,01:20:16.70,21.23,-59.66,-992.35,253.75,-603.75,-218.75,1,94.256,
01/01/2000,01:20:16.71,21.47,-59.29,-991.86,78.75,-761.25,-253.75,1,94.257,
01/01/2000,01:20:16.72,21.59,-59.66,-991.49,157.50,-735.0,-315.0,1,94.258,
01/01/2000,01:20:16.74,20.98,-59.90,-991.62,52.50,-691.25,-297.50,1,94.260,
01/01/2000,01:20:16.75,20.01,-60.02,-991.86,96.25,-726.25,-393.75,1,94.261,
01/01/2000,01:20:16.76,18.54,-59.90,-992.10,70.0,-612.50,-428.75,1,94.262,
01/01/2000,01:20:16.77,17.81,-59.66,-991.98,218.75,-708.75,-393.75,1,94.264,
01/01/2000,01:20:16.78,17.45,-59.41,-991.62,131.25,-708.75,-323.75,1,94.265,
01/01/2000,01:20:16.79,17.81,-59.17,-991.62,227.50,-708.75,-455.0,1,94.266,
01/01/2000,01:20:16.80,19.52,-59.41,-991.62,166.25,-498.75,-297.50,1,94.267,
01/01/2000,01:20:16.81,20.86,-59.78,-991.62,43.75,-717.50,-350.0,1,94.269,
01/01/2000,01:20:16.82,21.84,-60.15,-991.62,87.50,-700.0,-306.25,1,94.270,
01/01/2000,01:20:16.83,21.84,-60.27,-991.49,122.50,-778.75,-385.0,1,94.271,
01/01/2000,01:20:16.84,21.23,-59.90,-991.86,-113.75,-647.50,-315.0,1,94.272,
01/01/2000,01:20:16.85,20.62,-59.66,-991.98,-17.50,-551.25,-297.50,1,94.274,
01/01/2000,01:20:16.86,20.01,-58.93,-992.35,43.75,-700.0,-297.50,1,94.275,
01/01/2000,01:20:16.87,19.89,-59.05,-992.47,61.25,-612.50,-148.75,1,94.255,
01/01/2000,01:20:16.88,20.13,-59.90,-992.35,131.25,-735.0,-297.50,1,94.257,
01/01/2000,01:20:16.90,20.74,-60.15,-991.98,218.75,-805.0,-507.50,1,94.258,
01/01/2000,01:20:16.91,21.11,-60.51,-991.62,166.25,-735.0,-350.0,1,94.259,
01/01/2000,01:20:16.92,20.98,-60.02,-991.49,131.25,-682.50,-297.50,1,94.260,
01/01/2000,01:20:16.93,20.25,-59.54,-991.49,341.25,-708.75,-288.75,1,94.262,
01/01/2000,01:20:16.94,19.64,-59.17,-991.86,113.75,-743.75,-315.0,1,94.263,
01/01/2000,01:20:16.95,19.52,-59.05,-992.59,105.0,-673.75,-306.25,1,94.264,
01/01/2000,01:20:16.96,20.01,-59.41,-992.84,140.0,-595.0,-315.0,1,94.266,
01/01/2000,01:20:16.97,20.50,-59.54,-992.59,218.75,-647.50,-288.75,1,94.267,
01/01/2000,01:20:16.98,20.98,-59.78,-991.98,157.50,-708.75,-393.75,1,94.268,
01/01/2000,01:20:16.99,21.23,-60.02,-991.49,218.75,-542.50,-332.50,1,94.269,
01/01/2000,01:20:17.00,21.35,-59.78,-991.13,183.75,-726.25,-376.25,1,94.271,
01/01/2000,01:20:17.01,20.86,-59.29,-991.62,78.75,-778.75,-271.25,1,94.251,
01/01/2000,01:20:17.02,20.62,-59.29,-991.98,157.50,-700.0,-297.50,1,94.252,
01/01/2000,01:20:17.03,20.37,-59.54,-992.23,157.50,-630.0,-393.75,1,94.254,
01/01/2000,01:20:17.04,20.37,-59.41,-992.35,175.0,-778.75,-350.0,1,94.255,
01/01/2000,01:20:17.06,20.74,-59.54,-991.86,175.0,-761.25,-288.75,1,94.256,
01/01/2000,01:20:17.07,20.98,-59.78,-991.62,0.0,-647.50,-393.75,1,94.257,
01/01/2000,01:20:17.08,20.86,-59.78,-991.62,-17.50,-717.50,-358.75,1,94.259,
01/01/2000,01:20:17.09,20.25,-59.78,-991.74,175.0,-787.50,-280.0,1,94.239,
01/01/2000,01:20:17.10,18.91,-59.90,-991.74,183.75,-717.50,-131.25,1,94.240,
01/01/2000,01:20:17.11,18.30,-59.78,-991.98,122.50,-595.0,-455.0,1,94.242,
01/01/2000,01:20:17.12,18.06,-59.54,-992.10,271.25,-560.0,-446.25,1,94.243,
01/01/2000,01:20:17.13,18.18,-59.29,-992.10,183.75,-665.0,-288.75,1,94.244,
01/01/2000,01:20:17.14,19.76,-59.41,-991.74,78.75,-691.25,-420.0,1,94.246,
01/01/2000,01:20:17.15,20.74,-59.66,-991.62,175.0,-813.75,-323.75,1,94.247,
01/01/2000,01:20:17.16,21.47,-60.15,-991.62,131.25,-621.25,-227.50,1,94.248,
01/01/2000,01:20:17.17,21.84,-60.51,-991.49,148.75,-665.0,-358.75,1,94.249,
01/01/2000,01:20:17.18,21.59,-60.27,-991.62,-8.75,-813.75,-385.0,1,94.251,
01/01/2000,01:20:17.19,20.98,-60.27,-991.86,288.75,-612.50,-297.50,1,94.252,
01/01/2000,01:20:17.20,20.50,-59.54,-991.86,52.50,-743.75,-411.25,1,94.253,
01/01/2000,01:20:17.21,20.25,-59.41,-992.10,253.75,-621.25,-323.75,1,94.254,
01/01/2000,01:20:17.23,20.37,-59.54,-992.23,262.50,-638.75,-323.75,1,94.256,
01/01/2000,01:20:17.24,21.35,-59.90,-992.35,131.25,-638.75,-411.25,1,94.257,
01/01/2000,01:20:17.25,21.84,-60.27,-992.23,192.50,-673.75,-358.75,1,94.258,
01/01/2000,01:20:17.26,22.33,-60.15,-992.35,210.0,-708.75,-446.25,1,94.259,
01/01/2000,01:20:17.27,22.20,-60.02,-992.23,78.75,-638.75,-306.25,1,94.261,
01/01/2000,01:20:17.28,21.72,-59.78,-991.86,148.75,-805.0,-183.75,1,94.262,
01/01/2000,01:20:17.29,19.76,-59.54,-991.74,105.0,-778.75,-96.25,1,94.263,
01/01/2000,01:20:17.30,18.30,-59.54,-992.23,70.0,-630.0,-385.0,1,94.244,
01/01/2000,01:20:17.31,18.18,-59.29,-992.84,105.0,-700.0,-367.50,1,94.245,
01/01/2000,01:20:17.32,18.67,-59.29,-993.08,131.25,-752.50,-437.50,1,94.246,
01/01/2000,01:20:17.33,19.52,-59.41,-992.84,131.25,-665.0,-297.50,1,94.248,
01/01/2000,01:20:17.34,20.86,-59.54,-992.10,105.0,-726.25,-455.0,1,94.249,
01/01/2000,01:20:17.35,21.47,-59.90,-991.74,236.25,-717.50,-227.50,1,94.250,
01/01/2000,01:20:17.36,21.59,-59.90,-991.86,131.25,-726.25,-341.25,1,94.251,
01/01/2000,01:20:17.38,20.98,-60.39,-992.35,166.25,-673.75,-498.75,1,94.253,
01/01/2000,01:20:17.39,20.98,-59.54,-992.84,-17.50,-752.50,-393.75,1,94.254,
01/01/2000,01:20:17.40,20.37,-59.54,-992.96,332.50,-595.0,-341.25,1,94.255,
01/01/2000,01:20:17.41,19.76,-59.17,-992.71,140.0,-630.0,-323.75,1,94.256,
01/01/2000,01:20:17.42,20.13,-59.17,-992.35,70.0,-743.75,-253.75,1,94.258,
01/01/2000,01:20:17.43,20.74,-59.54,-992.10,105.0,-708.75,-428.75,1,94.259,
01/01/2000,01:20:17.44,21.59,-59.78,-992.10,131.25,-726.25,-367.50,1,94.260,
01/01/2000,01:20:17.45,22.20,-60.15,-991.98,96.25,-822.50,-245.0,1,94.261,
01/01/2000,01:20:17.46,21.96,-60.15,-991.62,140.0,-630.0,-245.0,1,94.263,
01/01/2000,01:20:17.47,20.50,-60.02,-991.62,175.0,-726.25,-280.0,1,94.264,
01/01/2000,01:20:17.48,19.28,-59.66,-991.86,35.0,-717.50,-166.25,1,94.265,
01/01/2000,01:20:17.49,18.42,-59.54,-992.10,105.0,-682.50,-358.75,1,94.266,
01/01/2000,01:20:17.50,17.81,-59.29,-992.59,201.25,-717.50,-393.75,1,94.268,
01/01/2000,01:20:17.51,17.81,-59.41,-992.59,87.50,-656.25,-297.50,1,94.248,
01/01/2000,01:20:17.52,19.28,-59.78,-992.35,35.0,-717.50,-297.50,1,94.250,
01/01/2000,01:20:17.53,20.37,-59.90,-991.86,192.50,-691.25,-472.50,1,94.251,
01/01/2000,01:20:17.54,21.47,-59.90,-991.62,0.0,-822.50,-516.25,1,94.252,
01/01/2000,01:20:17.55,22.20,-60.02,-991.37,52.50,-848.75,-393.75,1,94.253,
01/01/2000,01:20:17.57,22.20,-59.54,-991.86,61.25,-848.75,-218.75,1,94.255,
01/01/2000,01:20:17.58,21.23,-59.41,-992.10,-8.75,-726.25,-297.50,1,94.256,
01/01/2000,01:20:17.59,20.37,-59.54,-992.23,183.75,-603.75,-315.0,1,94.257,
01/01/2000,01:20:17.60,19.28,-59.54,-992.47,140.0,-621.25,-245.0,1,94.258,
01/01/2000,01:20:17.61,19.28,-59.29,-992.71,52.50,-700.0,-446.25,1,94.260,
01/01/2000,01:20:17.62,19.76,-59.54,-992.59,262.50,-577.50,-358.75,1,94.261,
01/01/2000,01:20:17.63,20.62,-59.41,-992.35,157.50,-577.50,-428.75,1,94.262,
01/01/2000,01:20:17.64,21.23,-59.54,-992.23,253.75,-630.0,-297.50,1,94.263,
01/01/2000,01:20:17.65,21.23,-59.78,-991.86,131.25,-735.0,-148.75,1,94.244,
01/01/2000,01:20:17.66,20.50,-59.66,-991.62,17.50,-787.50,-131.25,1,94.245,
01/01/2000,01:20:17.67,19.03,-60.15,-991.74,227.50,-700.0,-323.75,1,94.247,
01/01/2000,01:20:17.68,17.57,-59.54,-992.59,253.75,-743.75,-455.0,1,94.248,
01/01/2000,01:20:17.69,17.69,-59.17,-993.08,201.25,-586.25,-568.75,1,94.249,
01/01/2000,01:20:17.70,18.06,-58.93,-993.08,175.0,-665.0,-516.25,1,94.250,
01/01/2000,01:20:17.71,18.91,-59.05,-992.96,201.25,-612.50,-315.0,1,94.252,
01/01/2000,01:20:17.72,21.11,-59.54,-991.98,183.75,-700.0,-288.75,1,94.253,
01/01/2000,01:20:17.73,21.96,-59.90,-991.49,0.0,-743.75,-245.0,1,94.254,
01/01/2000,01:20:17.74,22.33,-60.51,-991.37,227.50,-770.0,-332.50,1,94.255,
01/01/2000,01:20:17.75,21.96,-60.51,-991.49,271.25,-778.75,-288.75,1,94.257,
01/01/2000,01:20:17.76,20.86,-59.78,-991.74,166.25,-805.0,-297.50,1,94.258,
01/01/2000,01:20:17.77,19.40,-59.66,-992.23,245.0,-603.75,-288.75,1,94.259,
01/01/2000,01:20:17.79,18.30,-59.05,-992.84,131.25,-656.25,-367.50,1,94.260,
01/01/2000,01:20:17.80,18.30,-59.05,-993.20,297.50,-647.50,-323.75,1,94.262,
01/01/2000,01:20:17.81,18.79,-59.29,-992.96,105.0,-603.75,-498.75,1,94.263,
01/01/2000,01:20:17.82,20.25,-60.02,-991.98,87.50,-866.25,-446.25,1,94.264,
01/01/2000,01:20:17.83,21.47,-60.02,-991.37,105.0,-735.0,-385.0,1,94.265,
01/01/2000,01:20:17.84,21.96,-60.27,-991.01,271.25,-778.75,-358.75,1,94.267,
01/01/2000,01:20:17.85,21.47,-60.02,-991.13,-26.25,-682.50,-166.25,1,94.268,
01/01/2000,01:20:17.86,20.01,-59.90,-991.62,201.25,-691.25,-288.75,1,94.249,
01/01/2000,01:20:17.87,18.67,-59.66,-992.47,271.25,-743.75,-393.75,1,94.250,
01/01/2000,01:20:17.88,17.57,-59.29,-993.08,113.75,-682.50,-481.25,1,94.251,
01/01/2000,01:20:17.89,18.06,-59.05,-993.20,43.75,-586.25,-472.50,1,94.252,
01/01/2000,01:20:17.90,19.15,-59.29,-992.84,297.50,-586.25,-341.25,1,94.254,
01/01/2000,01:20:17.91,20.01,-59.54,-992.10,262.50,-787.50,-350.0,1,94.255,
01/01/2000,01:20:17.92,21.72,-60.27,-991.25,17.50,-726.25,-385.0,1,94.256,
01/01/2000,01:20:17.94,22.45,-60.63,-990.88,157.50,-752.50,-367.50,1,94.257,
01/01/2000,01:20:17.95,21.96,-60.27,-991.37,201.25,-656.25,-437.50,1,94.259,
01/01/2000,01:20:17.96,20.86,-59.78,-991.86,105.0,-726.25,-271.25,1,94.260,
01/01/2000,01:20:17.97,20.01,-59.41,-992.35,210.0,-717.50,-166.25,1,94.261,
01/01/2000,01:20:17.98,19.15,-59.17,-992.84,288.75,-673.75,-280.0,1,94.262,
01/01/2000,01:20:17.99,18.79,-59.05,-992.84,131.25,-691.25,-262.50,1,94.264,
01/01/2000,01:20:18.00,19.76,-59.54,-992.35,113.75,-656.25,-455.0,1,94.265,
01/01/2000,01:20:18.01,20.86,-59.90,-991.86,227.50,-630.0,-306.25,1,94.266,
01/01/2000,01:20:18.02,21.59,-60.15,-991.86,183.75,-735.0,-428.75,1,94.267,
01/01/2000,01:20:18.03,21.35,-60.27,-991.62,131.25,-892.50,-218.75,1,94.268,
01/01/2000,01:20:18.04,20.01,-60.02,-991.74,175.0,-796.25,-271.25,1,94.270,
01/01/2000,01:20:18.05,18.79,-59.66,-992.35,227.50,-551.25,-367.50,1,94.271,
01/01/2000,01:20:18.06,18.30,-59.29,-992.96,218.75,-630.0,-385.0,1,94.272,
01/01/2000,01:20:18.08,18.42,-59.05,-993.08,271.25,-595.0,-341.25,1,94.253,
01/01/2000,01:20:18.09,19.03,-59.29,-992.84,105.0,-673.75,-341.25,1,94.254,
01/01/2000,01:20:18.10,20.37,-59.90,-991.98,157.50,-682.50,-385.0,1,94.256,
01/01/2000,01:20:18.11,21.11,-60.02,-991.37,96.25,-682.50,-350.0,1,94.257,
01/01/2000,01:20:18.12,21.23,-60.15,-991.25,122.50,-778.75,-306.25,1,94.258,
01/01/2000,01:20:18.13,21.47,-60.02,-991.37,192.50,-708.75,-341.25,1,94.259,
01/01/2000,01:20:18.14,21.23,-59.90,-992.10,210.0,-735.0,-490.0,1,94.261,
01/01/2000,01:20:18.15,20.50,-59.41,-992.47,8.75,-691.25,-280.0,1,94.262,
01/01/2000,01:20:18.16,19.76,-59.41,-992.71,122.50,-656.25,-236.25,1,94.263,
01/01/2000,01:20:18.17,19.64,-59.41,-992.84,35.0,-621.25,-332.50,1,94.264,
01/01/2000,01:20:18.18,19.76,-59.78,-992.84,218.75,-673.75,-437.50,1,94.265,
01/01/2000,01:20:18.19,20.37,-59.66,-992.59,52.50,-577.50,-533.75,1,94.267,
01/01/2000,01:20:18.20,21.23,-59.90,-992.35,210.0,-778.75,-402.50,1,94.268,
01/01/2000,01:20:18.21,21.72,-59.78,-991.74,210.0,-778.75,-192.50,1,94.249,
01/01/2000,01:20:18.22,20.98,-59.78,-991.62,210.0,-778.75,-218.75,1,94.250,
01/01/2000,01:20:18.23,20.01,-59.90,-991.86,157.50,-752.50,-306.25,1,94.251,
01/01/2000,01:20:18.24,18.67,-60.02,-992.23,192.50,-691.25,-192.50,1,94.253,
01/01/2000,01:20:18.25,17.81,-59.78,-992.84,26.25,-691.25,-358.75,1,94.254,
01/01/2000,01:20:18.26,17.57,-59.66,-993.20,192.50,-673.75,-358.75,1,94.255,
01/01/2000,01:20:18.27,17.93,-59.54,-993.20,87.50,-708.75,-446.25,1,94.256,
01/01/2000,01:20:18.28,18.79,-59.66,-992.84,201.25,-630.0,-402.50,1,94.258,
01/01/2000,01:20:18.29,20.01,-59.78,-992.10,148.75,-682.50,-245.0,1,94.259,
01/01/2000,01:20:18.30,21.35,-60.02,-991.62,105.0,-708.75,-315.0,1,94.260,
01/01/2000,01:20:18.31,21.96,-60.27,-991.25,105.0,-735.0,-332.50,1,94.261,
01/01/2000,01:20:18.32,21.96,-60.51,-991.25,236.25,-743.75,-358.75,1,94.262,
01/01/2000,01:20:18.33,21.11,-60.39,-991.62,280.0,-743.75,-306.25,1,94.264,
01/01/2000,01:20:18.35,19.52,-60.02,-992.35,113.75,-787.50,-358.75,1,94.265,
01/01/2000,01:20:18.36,18.54,-59.29,-993.20,210.0,-778.75,-262.50,1,94.266,
01/01/2000,01:20:18.37,18.30,-59.29,-993.32,148.75,-612.50,-157.50,1,94.267,
01/01/2000,01:20:18.38,18.79,-59.17,-993.20,131.25,-603.75,-437.50,1,94.269,
01/01/2000,01:20:18.39,19.76,-59.54,-992.84,157.50,-805.0,-297.50,1,94.270,
01/01/2000,01:20:18.40,20.50,-59.90,-992.10,52.50,-726.25,-183.75,1,94.271,
01/01/2000,01:20:18.41,20.74,-60.39,-991.37,288.75,-735.0,-227.50,1,94.272,
01/01/2000,01:20:18.42,19.76,-60.63,-991.25,105.0,-717.50,-393.75,1,94.253,
01/01/2000,01:20:18.43,19.28,-60.27,-991.74,210.0,-796.25,-525.0,1,94.255,
01/01/2000,01:20:18.44,19.15,-59.78,-992.47,166.25,-621.25,-516.25,1,94.256,
01/01/2000,01:20:18.45,19.15,-59.29,-993.08,262.50,-647.50,-166.25,1,94.257,
01/01/2000,01:20:18.46,19.64,-59.05,-993.20,52.50,-708.75,-227.50,1,94.258,
01/01/2000,01:20:18.47,20.13,-59.29,-992.71,87.50,-638.75,-376.25,1,94.259,
01/01/2000,01:20:18.48,20.98,-59.78,-992.35,323.75,-665.0,-288.75,1,94.261,
01/01/2000,01:20:18.50,21.96,-60.15,-991.74,192.50,-770.0,-498.75,1,94.262,
01/01/2000,01:20:18.51,21.96,-60.27,-991.25,192.50,-822.50,-428.75,1,94.263,
01/01/2000,01:20:18.52,21.35,-59.90,-991.13,70.0,-656.25,-297.50,1,94.264,
01/01/2000,01:20:18.53,19.89,-59.54,-991.62,201.25,-735.0,-236.25,1,94.266,
01/01/2000,01:20:18.54,19.15,-59.41,-992.35,245.0,-682.50,-315.0,1,94.267,
01/01/2000,01:20:18.55,18.54,-59.29,-993.08,166.25,-708.75,-245.0,1,94.268,
01/01/2000,01:20:18.56,18.79,-59.29,-993.57,192.50,-708.75,-297.50,1,94.269,
01/01/2000,01:20:18.57,19.28,-59.54,-993.20,245.0,-665.0,-481.25,1,94.271,
01/01/2000,01:20:18.58,20.25,-59.66,-991.74,271.25,-717.50,-350.0,1,94.252,
01/01/2000,01:20:18.60,20.50,-59.78,-991.13,26.25,-770.0,-245.0,1,94.253,
01/01/2000,01:20:18.61,20.01,-59.66,-991.25,87.50,-717.50,-428.75,1,94.254,
01/01/2000,01:20:18.62,19.40,-59.66,-991.62,140.0,-665.0,-385.0,1,94.255,
01/01/2000,01:20:18.63,18.42,-59.54,-992.59,245.0,-665.0,-358.75,1,94.257,
01/01/2000,01:20:18.64,18.30,-59.29,-993.08,201.25,-560.0,-428.75,1,94.258,
01/01/2000,01:20:18.65,18.79,-59.05,-993.32,157.50,-612.50,-297.50,1,94.259,
01/01/2000,01:20:18.66,19.52,-59.29,-993.08,201.25,-612.50,-411.25,1,94.260,
01/01/2000,01:20:18.67,20.62,-59.54,-992.10,201.25,-813.75,-271.25,1,94.261,
01/01/2000,01:20:18.68,21.23,-60.02,-991.13,43.75,-630.0,-393.75,1,94.263,
01/01/2000,01:20:18.69,21.59,-60.02,-990.52,262.50,-787.50,-385.0,1,94.264,
01/01/2000,01:20:18.70,21.23,-60.02,-990.64,140.0,-717.50,-288.75,1,94.265,
01/01/2000,01:20:18.71,20.25,-59.90,-991.49,122.50,-761.25,-385.0,1,94.266,
01/01/2000,01:20:18.72,19.28,-59.54,-992.59,315.0,-735.0,-367.50,1,94.268,
01/01/2000,01:20:18.73,18.79,-59.17,-993.45,218.75,-603.75,-271.25,1,94.269,
01/01/2000,01:20:18.74,19.03,-58.93,-993.93,122.50,-577.50,-358.75,1,94.270,
01/01/2000,01:20:18.75,20.01,-58.93,-993.57,148.75,-656.25,-393.75,1,94.271,
01/01/2000,01:20:18.76,20.98,-59.17,-992.96,140.0,-647.50,-332.50,1,94.272,
01/01/2000,01:20:18.77,21.47,-59.90,-991.49,210.0,-770.0,-323.75,1,94.254,
01/01/2000,01:20:18.78,21.11,-60.39,-990.52,113.75,-787.50,-306.25,1,94.255,
01/01/2000,01:20:18.79,20.01,-60.51,-990.64,61.25,-735.0,-463.75,1,94.256,
01/01/2000,01:20:18.80,18.91,-59.78,-992.10,140.0,-822.50,-341.25,1,94.257,
01/01/2000,01:20:18.81,18.42,-59.29,-993.20,341.25,-743.75,-367.50,1,94.258,
01/01/2000,01:20:18.82,18.30,-58.56,-993.81,-17.50,-490.0,-271.25,1,94.260,
01/01/2000,01:20:18.83,18.54,-58.56,-993.81,210.0,-507.50,-280.0,1,94.261,
01/01/2000,01:20:18.85,19.64,-58.80,-992.96,113.75,-638.75,-323.75,1,94.262,
01/01/2000,01:20:18.86,20.37,-59.54,-992.10,297.50,-831.25,-367.50,1,94.263,
01/01/2000,01:20:18.87,21.23,-60.02,-990.88,201.25,-813.75,-428.75,1,94.265,
01/01/2000,01:20:18.88,21.23,-60.02,-990.64,166.25,-752.50,-577.50,1,94.266,
01/01/2000,01:20:18.89,20.86,-59.90,-991.01,78.75,-840.0,-332.50,1,94.267,
01/01/2000,01:20:18.90,20.25,-59.54,-991.62,122.50,-691.25,-332.50,1,94.268,
01/01/2000,01:20:18.91,19.03,-58.80,-992.59,175.0,-700.0,-393.75,1,94.269,
01/01/2000,01:20:18.92,18.91,-58.80,-993.57,140.0,-638.75,-411.25,1,94.271,
01/01/2000,01:20:18.93,19.76,-59.05,-993.57,96.25,-621.25,-262.50,1,94.272,
01/01/2000,01:20:18.94,20.37,-59.29,-993.08,140.0,-752.50,-376.25,1,94.273,
01/01/2000,01:20:18.95,20.98,-59.54,-992.10,227.50,-708.75,-350.0,1,94.274,
01/01/2000,01:20:18.96,21.11,-60.02,-991.13,271.25,-770.0,-350.0,1,94.275,
01/01/2000,01:20:18.97,20.25,-60.27,-990.64,0.0,-743.75,-402.50,1,94.277,
01/01/2000,01:20:18.98,18.79,-60.02,-991.49,157.50,-743.75,-367.50,1,94.258,
01/01/2000,01:20:18.99,18.30,-59.29,-992.47,175.0,-717.50,-358.75,1,94.259,
01/01/2000,01:20:19.00,18.06,-59.05,-993.57,105.0,-682.50,-201.25,1,94.260,
01/01/2000,01:20:19.01,18.30,-59.05,-993.93,297.50,-656.25,-420.0,1,94.262,
01/01/2000,01:20:19.02,18.79,-59.05,-993.69,297.50,-621.25,-297.50,1,94.263,
01/01/2000,01:20:19.03,20.25,-59.41,-992.59,113.75,-682.50,-385.0,1,94.264,
01/01/2000,01:20:19.04,21.11,-59.90,-991.49,236.25,-638.75,-332.50,1,94.265,
01/01/2000,01:20:19.06,21.47,-60.02,-990.40,131.25,-691.25,-376.25,1,94.266,
01/01/2000,01:20:19.07,21.47,-59.90,-990.27,175.0,-770.0,-341.25,1,94.268,
01/01/2000,01:20:19.08,21.23,-59.78,-990.76,113.75,-796.25,-306.25,1,94.269,
01/01/2000,01:20:19.09,20.50,-59.29,-992.59,183.75,-708.75,-157.50,1,94.250,
01/01/2000,01:20:19.10,19.52,-59.17,-993.20,113.75,-638.75,-315.0,1,94.251,
01/01/2000,01:20:19.11,19.28,-59.29,-993.32,148.75,-682.50,-201.25,1,94.253,
01/01/2000,01:20:19.12,19.28,-59.29,-993.08,271.25,-726.25,-376.25,1,94.254,
01/01/2000,01:20:19.14,19.89,-59.54,-992.35,87.50,-752.50,-297.50,1,94.255,
01/01/2000,01:20:19.15,20.01,-59.78,-991.86,105.0,-673.75,-332.50,1,94.256,
01/01/2000,01:20:19.16,19.76,-59.90,-991.49,131.25,-743.75,-411.25,1,94.257,
01/01/2000,01:20:19.17,19.28,-59.90,-991.74,140.0,-752.50,-560.0,1,94.259,
01/01/2000,01:20:19.18,19.03,-59.54,-992.47,210.0,-595.0,-367.50,1,94.260,
01/01/2000,01:20:19.19,19.15,-59.05,-993.08,26.25,-717.50,-402.50,1,94.261,
01/01/2000,01:20:19.20,19.64,-59.17,-993.20,245.0,-700.0,-350.0,1,94.262,
01/01/2000,01:20:19.21,19.89,-58.93,-992.84,35.0,-612.50,-271.25,1,94.264,
01/01/2000,01:20:19.22,20.01,-59.41,-992.23,218.75,-665.0,-271.25,1,94.265,
01/01/2000,01:20:19.23,20.25,-59.78,-991.86,245.0,-595.0,-428.75,1,94.266,
01/01/2000,01:20:19.24,20.50,-60.15,-991.62,157.50,-743.75,-463.75,1,94.267,
01/01/2000,01:20:19.25,20.50,-60.02,-991.86,26.25,-743.75,-350.0,1,94.268,
01/01/2000,01:20:19.26,20.13,-59.90,-991.98,201.25,-796.25,-341.25,1,94.270,
01/01/2000,01:20:19.27,19.64,-59.29,-992.10,105.0,-603.75,-367.50,1,94.271,
01/01/2000,01:20:19.28,19.28,-59.17,-992.35,341.25,-638.75,-393.75,1,94.272,
01/01/2000,01:20:19.29,19.40,-59.17,-992.71,-96.25,-612.50,-175.0,1,94.273,
01/01/2000,01:20:19.30,19.89,-59.66,-992.84,297.50,-726.25,-315.0,1,94.274,
01/01/2000,01:20:19.31,20.25,-59.54,-992.47,131.25,-638.75,-297.50,1,94.276,
01/01/2000,01:20:19.32,20.50,-59.90,-991.98,148.75,-822.50,-262.50,1,94.277,
01/01/2000,01:20:19.33,20.25,-60.02,-991.49,43.75,-638.75,-315.0,1,94.278,
01/01/2000,01:20:19.34,19.28,-60.15,-991.37,157.50,-787.50,-367.50,1,94.259,
01/01/2000,01:20:19.35,18.67,-59.54,-992.10,87.50,-691.25,-472.50,1,94.261,
01/01/2000,01:20:19.36,18.79,-59.41,-993.08,192.50,-568.75,-376.25,1,94.262,
01/01/2000,01:20:19.37,19.28,-59.29,-993.69,236.25,-551.25,-385.0,1,94.263,
01/01/2000,01:20:19.38,19.89,-59.17,-993.69,183.75,-603.75,-201.25,1,94.264,
01/01/2000,01:20:19.39,20.62,-59.41,-993.08,157.50,-665.0,-323.75,1,94.265,
01/01/2000,01:20:19.41,20.98,-59.90,-991.86,52.50,-700.0,-358.75,1,94.267,
01/01/2000,01:20:19.42,20.98,-60.02,-991.37,236.25,-700.0,-446.25,1,94.268,
01/01/2000,01:20:19.43,20.98,-59.78,-991.62,131.25,-805.0,-595.0,1,94.269,
01/01/2000,01:20:19.44,20.74,-59.78,-991.86,245.0,-761.25,-332.50,1,94.270,
01/01/2000,01:20:19.45,20.01,-59.17,-992.84,166.25,-787.50,-288.75,1,94.271,
01/01/2000,01:20:19.46,19.52,-59.05,-993.45,201.25,-717.50,-262.50,1,94.273,
01/01/2000,01:20:19.47,19.28,-59.17,-993.81,148.75,-656.25,-297.50,1,94.274,
01/01/2000,01:20:19.48,19.76,-59.05,-993.45,157.50,-630.0,-393.75,1,94.275,
01/01/2000,01:20:19.49,20.01,-59.41,-992.71,227.50,-612.50,-472.50,1,94.276,
01/01/2000,01:20:19.50,20.50,-59.78,-991.49,105.0,-840.0,-262.50,1,94.277,
01/01/2000,01:20:19.51,19.89,-59.90,-991.13,0.0,-691.25,-463.75,1,94.279,
01/01/2000,01:20:19.52,19.52,-60.02,-991.25,192.50,-743.75,-358.75,1,94.280,
01/01/2000,01:20:19.53,18.79,-60.02,-992.10,210.0,-743.75,-516.25,1,94.281,
01/01/2000,01:20:19.54,18.67,-59.41,-993.08,87.50,-612.50,-271.25,1,94.282,
01/01/2000,01:20:19.55,18.79,-59.05,-994.30,236.25,-665.0,-385.0,1,94.264,
01/01/2000,01:20:19.56,19.40,-59.05,-993.93,218.75,-717.50,-131.25,1,94.265,
01/01/2000,01:20:19.57,19.76,-59.17,-993.20,227.50,-577.50,-358.75,1,94.266,
01/01/2000,01:20:19.58,20.37,-59.41,-992.23,-8.75,-656.25,-350.0,1,94.267,
01/01/2000,01:20:19.59,20.50,-59.66,-991.37,131.25,-700.0,-183.75,1,94.268,
01/01/2000,01:20:19.61,20.50,-60.02,-990.64,8.75,-743.75,-560.0,1,94.270,
01/01/2000,01:20:19.62,20.25,-59.90,-991.13,210.0,-752.50,-428.75,1,94.271,
01/01/2000,01:20:19.63,19.52,-59.54,-991.49,70.0,-700.0,-253.75,1,94.272,
01/01/2000,01:20:19.64,18.79,-59.05,-991.98,175.0,-708.75,-236.25,1,94.273,
01/01/2000,01:20:19.65,17.32,-59.05,-992.23,122.50,-621.25,-122.50,1,94.274,
01/01/2000,01:20:19.66,16.23,-59.17,-992.10,218.75,-726.25,-122.50,1,94.276,
01/01/2000,01:20:19.67,14.88,-59.54,-991.98,105.0,-796.25,-140.0,1,94.277,
01/01/2000,01:20:19.68,13.66,-59.90,-991.74,367.50,-761.25,-323.75,1,94.258,
01/01/2000,01:20:19.69,11.47,-60.02,-991.86,96.25,-673.75,-463.75,1,94.260,
01/01/2000,01:20:19.70,10.49,-60.02,-992.71,253.75,-700.0,-490.0,1,94.261,
01/01/2000,01:20:19.71,10.37,-59.78,-993.57,78.75,-673.75,-332.50,1,94.262,
01/01/2000,01:20:19.72,11.59,-59.05,-994.42,227.50,-603.75,-411.25,1,94.263,
01/01/2000,01:20:19.73,12.93,-58.80,-994.06,227.50,-621.25,-306.25,1,94.264,
01/01/2000,01:20:19.74,13.66,-58.80,-992.96,61.25,-735.0,-78.75,1,94.266,
01/01/2000,01:20:19.76,13.42,-59.66,-990.40,280.0,-752.50,26.25,1,94.267,
01/01/2000,01:20:19.77,12.44,-60.27,-989.42,78.75,-752.50,-245.0,1,94.268,
01/01/2000,01:20:19.78,10.61,-60.51,-989.05,78.75,-831.25,-201.25,1,94.269,
01/01/2000,01:20:19.79,8.30,-60.51,-990.64,183.75,-708.75,-437.50,1,94.270,
01/01/2000,01:20:19.80,7.08,-59.78,-992.59,227.50,-560.0,-280.0,1,94.271,
01/01/2000,01:20:19.81,6.34,-59.17,-994.42,218.75,-621.25,-315.0,1,94.273,
01/01/2000,01:20:19.82,6.47,-58.56,-995.40,122.50,-595.0,-218.75,1,94.274,
01/01/2000,01:20:19.83,8.17,-58.19,-995.03,-17.50,-656.25,-350.0,1,94.275,
01/01/2000,01:20:19.84,9.76,-58.68,-993.45,87.50,-682.50,-113.75,1,94.276,
01/01/2000,01:20:19.85,12.32,-59.54,-991.13,140.0,-595.0,-280.0,1,94.277,
01/01/2000,01:20:19.86,13.66,-60.27,-989.54,227.50,-682.50,-402.50,1,94.279,
01/01/2000,01:20:19.87,14.40,-60.76,-989.05,192.50,-778.75,-402.50,1,94.280,
01/01/2000,01:20:19.88,14.88,-60.76,-990.15,96.25,-761.25,-87.50,1,94.281,
01/01/2000,01:20:19.89,13.54,-60.27,-992.59,96.25,-595.0,105.0,1,94.282,
01/01/2000,01:20:19.90,12.81,-59.17,-994.54,245.0,-647.50,-236.25,1,94.264,
01/01/2000,01:20:19.91,12.69,-58.44,-995.28,306.25,-752.50,-358.75,1,94.265,
01/01/2000,01:20:19.92,13.42,-57.83,-994.91,-113.75,-682.50,-166.25,1,94.266,
01/01/2000,01:20:19.94,15.13,-58.68,-993.81,297.50,-612.50,-8.75,1,94.267,
01/01/2000,01:20:19.94,16.35,-59.29,-992.23,140.0,-647.50,-201.25,1,94.269,
01/01/2000,01:20:19.96,17.45,-60.51,-990.27,96.25,-778.75,-262.50,1,94.270,
01/01/2000,01:20:19.97,18.06,-61.12,-990.03,227.50,-787.50,-411.25,1,94.271,
01/01/2000,01:20:19.98,18.18,-60.63,-991.37,157.50,-717.50,-551.25,1,94.272,
01/01/2000,01:20:19.99,18.06,-59.66,-992.59,297.50,-682.50,-280.0,1,94.273,
01/01/2000,01:20:20.00,17.57,-58.80,-992.96,157.50,-595.0,-78.75,1,94.274,
01/01/2000,01:20:20.01,17.32,-57.95,-992.71,236.25,-665.0,-43.75,1,94.276,
01/01/2000,01:20:20.02,17.81,-58.07,-992.59,157.50,-770.0,-52.50,1,94.277,
01/01/2000,01:20:20.03,18.42,-59.17,-992.47,105.0,-682.50,-113.75,1,94.278,
01/01/2000,01:20:20.04,19.15,-60.27,-991.98,140.0,-761.25,-218.75,1,94.260,
01/01/2000,01:20:20.05,19.03,-60.76,-991.62,122.50,-822.50,-446.25,1,94.261,
01/01/2000,01:20:20.06,19.03,-60.51,-991.37,148.75,-700.0,-577.50,1,94.262,
01/01/2000,01:20:20.07,19.15,-60.02,-992.10,210.0,-726.25,-402.50,1,94.263,
01/01/2000,01:20:20.08,19.28,-59.17,-992.59,43.75,-647.50,-367.50,1,94.264,
01/01/2000,01:20:20.09,19.03,-58.80,-992.96,288.75,-787.50,8.75,1,94.266,
01/01/2000,01:20:20.10,18.91,-58.68,-992.59,166.25,-673.75,-157.50,1,94.267,
01/01/2000,01:20:20.12,19.03,-59.54,-992.47,140.0,-735.0,-385.0,1,94.268,
01/01/2000,01:20:20.13,19.64,-60.27,-992.35,245.0,-700.0,-350.0,1,94.269,
01/01/2000,01:20:20.14,19.89,-60.27,-992.10,87.50,-796.25,-437.50,1,94.251,
01/01/2000,01:20:20.15,19.52,-60.15,-991.98,227.50,-761.25,-411.25,1,94.272,
01/01/2000,01:20:20.16,19.52,-59.54,-992.10,201.25,-761.25,-315.0,1,94.253,
01/01/2000,01:20:20.17,19.64,-59.05,-992.71,245.0,-621.25,-262.50,1,94.255,
01/01/2000,01:20:20.18,19.64,-59.17,-993.08,140.0,-805.0,-262.50,1,94.256,
01/01/2000,01:20:20.19,19.40,-59.29,-993.08,87.50,-691.25,-315.0,1,94.257,
01/01/2000,01:20:20.20,19.28,-59.66,-992.84,105.0,-638.75,-297.50,1,94.258,
01/01/2000,01:20:20.21,19.40,-60.15,-992.23,262.50,-682.50,-323.75,1,94.259,
01/01/2000,01:20:20.22,19.03,-60.15,-990.76,-52.50,-717.50,-271.25,1,94.260,
01/01/2000,01:20:20.23,18.42,-59.90,-989.18,87.50,-743.75,-297.50,1,94.262,
01/01/2000,01:20:20.24,17.93,-59.54,-988.44,192.50,-752.50,-341.25,1,94.263,
01/01/2000,01:20:20.26,17.32,-59.41,-988.20,78.75,-638.75,-210.0,1,94.264,
01/01/2000,01:20:20.27,17.32,-59.41,-987.96,253.75,-743.75,-201.25,1,94.265,
01/01/2000,01:20:20.28,16.84,-58.80,-987.35,52.50,-735.0,-262.50,1,94.266,
01/01/2000,01:20:20.29,16.47,-59.17,-985.76,175.0,-577.50,-288.75,1,94.268,
01/01/2000,01:20:20.30,16.23,-59.17,-984.91,166.25,-673.75,-341.25,1,94.269,
01/01/2000,01:20:20.31,17.08,-59.17,-984.78,35.0,-787.50,-323.75,1,94.270,
01/01/2000,01:20:20.32,17.32,-59.66,-985.15,280.0,-770.0,-315.0,1,94.271,
01/01/2000,01:20:20.33,16.59,-59.78,-985.76,166.25,-647.50,-70.0,1,94.272,
01/01/2000,01:20:20.34,15.62,-59.54,-985.52,192.50,-761.25,-78.75,1,94.273,
01/01/2000,01:20:20.35,14.40,-59.54,-984.42,148.75,-577.50,70.0,1,94.275,
01/01/2000,01:20:20.36,13.30,-59.05,-982.83,78.75,-603.75,-262.50,1,94.276,
01/01/2000,01:20:20.37,12.69,-58.56,-980.39,253.75,-708.75,-236.25,1,94.277,
01/01/2000,01:20:20.38,13.05,-58.68,-979.17,227.50,-638.75,-253.75,1,94.278,
01/01/2000,01:20:20.39,13.79,-58.80,-979.05,113.75,-761.25,-218.75,1,94.279,
01/01/2000,01:20:20.40,15.13,-59.54,-980.76,271.25,-656.25,-245.0,1,94.280,
01/01/2000,01:20:20.41,15.49,-59.78,-982.83,148.75,-708.75,-341.25,1,94.282,
01/01/2000,01:20:20.42,15.62,-59.78,-984.91,105.0,-743.75,-105.0,1,94.283,
01/01/2000,01:20:20.43,14.88,-59.29,-987.10,245.0,-647.50,-157.50,1,94.284,
01/01/2000,01:20:20.44,14.40,-58.56,-987.47,26.25,-647.50,-131.25,1,94.285,
01/01/2000,01:20:20.45,14.03,-58.19,-987.35,122.50,-612.50,-183.75,1,94.286,
01/01/2000,01:20:20.46,14.64,-58.32,-987.10,166.25,-603.75,-297.50,1,94.268,
01/01/2000,01:20:20.48,15.62,-58.80,-987.10,148.75,-507.50,-367.50,1,94.269,
01/01/2000,01:20:20.48,16.35,-59.41,-986.49,87.50,-647.50,-455.0,1,94.271,
01/01/2000,01:20:20.50,17.32,-59.78,-986.13,17.50,-726.25,-315.0,1,94.272,
01/01/2000,01:20:20.51,18.30,-59.90,-986.25,87.50,-717.50,-393.75,1,94.273,
01/01/2000,01:20:20.52,18.54,-59.54,-986.74,43.75,-761.25,-350.0,1,94.274,
01/01/2000,01:20:20.53,18.79,-59.29,-987.83,105.0,-700.0,-218.75,1,94.275,
01/01/2000,01:20:20.54,18.91,-58.80,-990.15,-26.25,-682.50,-175.0,1,94.276,
01/01/2000,01:20:20.55,18.42,-59.05,-991.62,227.50,-586.25,-78.75,1,94.278,
01/01/2000,01:20:20.56,17.93,-59.17,-991.86,157.50,-533.75,-131.25,1,94.279,
01/01/2000,01:20:20.57,17.69,-59.29,-991.62,61.25,-665.0,-262.50,1,94.280,
01/01/2000,01:20:20.58,18.18,-59.54,-991.25,166.25,-595.0,-542.50,1,94.281,
01/01/2000,01:20:20.59,18.67,-59.54,-990.64,43.75,-726.25,-385.0,1,94.282,
01/01/2000,01:20:20.60,19.28,-59.29,-989.42,78.75,-735.0,-358.75,1,94.283,
01/01/2000,01:20:20.61,20.01,-59.54,-989.42,183.75,-770.0,-288.75,1,94.265,
01/01/2000,01:20:20.62,20.13,-59.66,-990.27,-17.50,-665.0,-341.25,1,94.266,
01/01/2000,01:20:20.64,20.01,-59.66,-991.86,96.25,-673.75,-271.25,1,94.268,
01/01/2000,01:20:20.65,19.52,-59.66,-992.59,87.50,-673.75,-280.0,1,94.269,
01/01/2000,01:20:20.66,18.91,-59.41,-992.96,113.75,-586.25,-411.25,1,94.270,
01/01/2000,01:20:20.67,18.91,-59.17,-992.71,210.0,-586.25,-332.50,1,94.271,
01/01/2000,01:20:20.68,19.15,-58.93,-992.23,-8.75,-595.0,-253.75,1,94.272,
01/01/2000,01:20:20.69,19.52,-59.05,-991.98,131.25,-595.0,-297.50,1,94.273,
01/01/2000,01:20:20.70,20.13,-59.29,-992.71,35.0,-717.50,-341.25,1,94.275,
01/01/2000,01:20:20.71,20.37,-59.78,-993.57,192.50,-778.75,-323.75,1,94.276,
01/01/2000,01:20:20.72,20.25,-59.78,-993.93,140.0,-717.50,-271.25,1,94.277,
01/01/2000,01:20:20.73,19.52,-59.54,-993.08,183.75,-717.50,-385.0,1,94.278,
01/01/2000,01:20:20.74,18.79,-59.05,-991.86,148.75,-647.50,-323.75,1,94.279,
01/01/2000,01:20:20.75,18.54,-58.80,-991.13,122.50,-630.0,-350.0,1,94.280,
01/01/2000,01:20:20.76,19.15,-58.68,-990.88,157.50,-752.50,-341.25,1,94.282,
01/01/2000,01:20:20.77,20.25,-59.29,-991.13,166.25,-673.75,-288.75,1,94.283,
01/01/2000,01:20:20.78,20.50,-59.41,-991.37,96.25,-717.50,-297.50,1,94.284,
01/01/2000,01:20:20.79,20.50,-59.54,-991.37,105.0,-787.50,-315.0,1,94.285,
01/01/2000,01:20:20.80,20.50,-59.54,-991.49,-8.75,-665.0,-437.50,1,94.286,
01/01/2000,01:20:20.81,20.37,-59.41,-992.10,148.75,-630.0,-350.0,1,94.287,
01/01/2000,01:20:20.83,19.76,-59.05,-992.59,87.50,-787.50,-105.0,1,94.269,
01/01/2000,01:20:20.83,19.28,-59.05,-992.84,210.0,-708.75,-376.25,1,94.271,
01/01/2000,01:20:20.85,19.40,-58.93,-993.57,87.50,-647.50,-376.25,1,94.272,
01/01/2000,01:20:20.86,19.52,-59.29,-994.06,17.50,-577.50,-227.50,1,94.273,
01/01/2000,01:20:20.87,19.76,-59.54,-994.06,175.0,-577.50,-472.50,1,94.274,
01/01/2000,01:20:20.88,19.89,-59.66,-993.32,175.0,-630.0,-332.50,1,94.275,
01/01/2000,01:20:20.89,20.01,-59.54,-992.84,96.25,-726.25,-385.0,1,94.276,
01/01/2000,01:20:20.90,20.01,-59.29,-992.10,148.75,-778.75,-262.50,1,94.278,
01/01/2000,01:20:20.91,19.76,-59.29,-991.49,140.0,-770.0,-428.75,1,94.279,
01/01/2000,01:20:20.92,19.40,-59.05,-990.76,175.0,-612.50,-262.50,1,94.280,
01/01/2000,01:20:20.93,19.40,-59.05,-990.40,96.25,-743.75,-428.75,1,94.281,
01/01/2000,01:20:20.94,19.52,-59.41,-990.76,183.75,-743.75,-341.25,1,94.282,
01/01/2000,01:20:20.95,19.64,-59.54,-991.37,201.25,-691.25,-323.75,1,94.283,
01/01/2000,01:20:20.96,19.76,-59.41,-992.10,183.75,-735.0,-350.0,1,94.265,
01/01/2000,01:20:20.97,19.76,-59.29,-992.23,210.0,-647.50,-332.50,1,94.267,
01/01/2000,01:20:20.98,19.52,-59.05,-992.23,175.0,-621.25,-323.75,1,94.268,
01/01/2000,01:20:20.99,19.52,-59.29,-992.23,131.25,-717.50,-306.25,1,94.269,
01/01/2000,01:20:21.00,19.76,-59.29,-992.59,236.25,-735.0,-393.75,1,94.270,
01/01/2000,01:20:21.01,20.25,-59.41,-992.96,70.0,-717.50,-323.75,1,94.271,
01/01/2000,01:20:21.03,20.13,-59.54,-992.84,157.50,-726.25,-332.50,1,94.272,
01/01/2000,01:20:21.04,20.01,-59.29,-992.59,87.50,-717.50,-367.50,1,94.274,
01/01/2000,01:20:21.05,19.89,-59.29,-992.35,166.25,-551.25,-385.0,1,94.275,
01/01/2000,01:20:21.06,20.01,-58.80,-991.98,70.0,-638.75,-271.25,1,94.276,
01/01/2000,01:20:21.07,19.89,-58.93,-991.86,148.75,-805.0,-376.25,1,94.277,
01/01/2000,01:20:21.08,19.89,-59.05,-991.86,183.75,-595.0,-271.25,1,94.278,
01/01/2000,01:20:21.09,20.01,-59.17,-991.98,236.25,-717.50,-341.25,1,94.279,
01/01/2000,01:20:21.10,20.25,-59.54,-992.47,210.0,-630.0,-306.25,1,94.281,
01/01/2000,01:20:21.11,20.37,-59.29,-992.71,26.25,-691.25,-323.75,1,94.282,
01/01/2000,01:20:21.12,19.89,-59.29,-992.47,192.50,-761.25,-376.25,1,94.283,
01/01/2000,01:20:21.13,19.76,-59.05,-992.35,140.0,-577.50,-271.25,1,94.284,
01/01/2000,01:20:21.15,19.52,-59.05,-991.86,192.50,-700.0,-358.75,1,94.266,
01/01/2000,01:20:21.16,19.40,-59.17,-991.25,105.0,-673.75,-393.75,1,94.267,
01/01/2000,01:20:21.17,19.64,-59.29,-991.25,183.75,-735.0,-411.25,1,94.268,
01/01/2000,01:20:21.18,19.89,-59.41,-991.49,227.50,-700.0,-332.50,1,94.270,
01/01/2000,01:20:21.19,20.13,-59.41,-991.98,105.0,-735.0,-516.25,1,94.271,
01/01/2000,01:20:21.20,20.25,-59.41,-992.84,236.25,-700.0,-271.25,1,94.272,
01/01/2000,01:20:21.21,20.13,-59.29,-992.84,70.0,-621.25,-280.0,1,94.273,
01/01/2000,01:20:21.22,19.89,-59.05,-992.59,253.75,-665.0,-253.75,1,94.274,
01/01/2000,01:20:21.23,19.64,-58.80,-991.74,113.75,-761.25,-341.25,1,94.275,
01/01/2000,01:20:21.24,19.52,-58.93,-990.76,210.0,-708.75,-411.25,1,94.277,
01/01/2000,01:20:21.25,19.76,-59.05,-991.01,113.75,-761.25,-385.0,1,94.278,
01/01/2000,01:20:21.26,20.25,-59.41,-991.62,218.75,-717.50,-385.0,1,94.279,
01/01/2000,01:20:21.27,20.25,-59.41,-992.10,157.50,-638.75,-385.0,1,94.280,
01/01/2000,01:20:21.28,20.01,-59.41,-992.10,236.25,-831.25,-315.0,1,94.281,
01/01/2000,01:20:21.29,19.64,-59.05,-992.10,306.25,-831.25,-297.50,1,94.282,
01/01/2000,01:20:21.30,19.52,-58.93,-991.86,166.25,-735.0,-393.75,1,94.283,
01/01/2000,01:20:21.31,19.15,-58.68,-991.37,236.25,-665.0,-306.25,1,94.285,
01/01/2000,01:20:21.32,19.28,-58.56,-991.37,140.0,-831.25,-236.25,1,94.286,
01/01/2000,01:20:21.33,19.52,-59.05,-991.74,210.0,-630.0,-446.25,1,94.287,
01/01/2000,01:20:21.34,19.89,-59.29,-992.35,227.50,-638.75,-367.50,1,94.288,
01/01/2000,01:20:21.35,20.13,-59.41,-992.59,175.0,-708.75,-402.50,1,94.289,
01/01/2000,01:20:21.36,20.25,-59.05,-992.35,140.0,-673.75,-428.75,1,94.290,
01/01/2000,01:20:21.37,20.37,-58.80,-992.10,148.75,-647.50,-297.50,1,94.291,
01/01/2000,01:20:21.39,20.50,-58.68,-991.74,175.0,-813.75,-218.75,1,94.274,
01/01/2000,01:20:21.40,20.37,-58.68,-991.74,122.50,-665.0,-271.25,1,94.275,
01/01/2000,01:20:21.41,20.50,-59.17,-992.23,183.75,-647.50,-332.50,1,94.276,
01/01/2000,01:20:21.42,20.62,-59.29,-993.45,131.25,-752.50,-367.50,1,94.277,
01/01/2000,01:20:21.43,20.50,-59.54,-993.93,227.50,-638.75,-297.50,1,94.278,
01/01/2000,01:20:21.44,20.37,-59.05,-993.69,122.50,-682.50,-498.75,1,94.279,
01/01/2000,01:20:21.45,19.76,-58.68,-992.59,183.75,-673.75,-280.0,1,94.281,
01/01/2000,01:20:21.46,19.64,-58.32,-991.62,87.50,-682.50,-210.0,1,94.282,
01/01/2000,01:20:21.47,19.52,-58.56,-990.88,122.50,-778.75,-315.0,1,94.283,
01/01/2000,01:20:21.48,19.76,-59.05,-990.88,61.25,-691.25,-280.0,1,94.284,
01/01/2000,01:20:21.49,20.01,-59.29,-991.25,166.25,-603.75,-455.0,1,94.285,
01/01/2000,01:20:21.50,20.25,-59.41,-991.74,78.75,-717.50,-323.75,1,94.286,
01/01/2000,01:20:21.51,20.13,-59.29,-992.35,210.0,-752.50,-341.25,1,94.287,
01/01/2000,01:20:21.52,19.76,-58.68,-992.59,70.0,-743.75,-350.0,1,94.270,
01/01/2000,01:20:21.53,19.28,-58.32,-992.35,131.25,-647.50,-315.0,1,94.271,
01/01/2000,01:20:21.54,19.52,-58.56,-992.10,0.0,-621.25,-376.25,1,94.272,
01/01/2000,01:20:21.55,19.52,-58.80,-991.98,-78.75,-621.25,-288.75,1,94.273,
01/01/2000,01:20:21.56,19.76,-59.29,-991.86,271.25,-630.0,-420.0,1,94.274,
01/01/2000,01:20:21.57,20.01,-59.41,-992.47,96.25,-778.75,-455.0,1,94.275,
01/01/2000,01:20:21.58,20.50,-59.54,-992.84,262.50,-647.50,-490.0,1,94.277,
01/01/2000,01:20:21.60,20.50,-59.17,-993.45,253.75,-682.50,-315.0,1,94.278,
01/01/2000,01:20:21.61,20.37,-58.80,-993.81,17.50,-822.50,-288.75,1,94.279,
01/01/2000,01:20:21.62,20.25,-58.68,-994.06,227.50,-638.75,-262.50,1,94.280,
01/01/2000,01:20:21.63,20.01,-58.56,-993.57,201.25,-586.25,-306.25,1,94.281,
01/01/2000,01:20:21.64,19.52,-58.80,-991.74,87.50,-822.50,-376.25,1,94.282,
01/01/2000,01:20:21.65,19.40,-59.17,-990.40,236.25,-717.50,-621.25,1,94.265,
01/01/2000,01:20:21.67,20.01,-59.05,-990.64,148.75,-700.0,-586.25,1,94.266,
01/01/2000,01:20:21.68,20.25,-59.41,-991.37,113.75,-813.75,-376.25,1,94.267,
01/01/2000,01:20:21.69,20.62,-59.05,-992.96,315.0,-682.50,-341.25,1,94.268,
01/01/2000,01:20:21.70,20.37,-58.80,-993.45,-43.75,-691.25,-262.50,1,94.269,
01/01/2000,01:20:21.71,19.76,-58.80,-993.20,271.25,-612.50,-306.25,1,94.270,
01/01/2000,01:20:21.72,19.03,-58.56,-992.47,52.50,-638.75,-358.75,1,94.271,
01/01/2000,01:20:21.73,19.15,-58.68,-991.74,70.0,-673.75,-218.75,1,94.273,
01/01/2000,01:20:21.74,19.76,-59.05,-991.49,218.75,-770.0,-350.0,1,94.274,
01/01/2000,01:20:21.75,20.01,-59.05,-991.74,87.50,-796.25,-463.75,1,94.275,
01/01/2000,01:20:21.76,20.50,-59.17,-991.86,17.50,-656.25,-332.50,1,94.276,
01/01/2000,01:20:21.77,20.62,-59.05,-992.35,166.25,-612.50,-332.50,1,94.277,
01/01/2000,01:20:21.78,20.37,-58.80,-992.84,175.0,-700.0,-376.25,1,94.278,
01/01/2000,01:20:21.79,20.25,-58.68,-992.84,96.25,-700.0,-306.25,1,94.279,
01/01/2000,01:20:21.80,19.76,-58.56,-992.47,140.0,-700.0,-306.25,1,94.281,
01/01/2000,01:20:21.81,19.28,-58.56,-991.62,358.75,-708.75,-332.50,1,94.263,
01/01/2000,01:20:21.82,19.15,-58.80,-991.01,218.75,-717.50,-367.50,1,94.264,
01/01/2000,01:20:21.83,19.64,-59.29,-990.88,218.75,-717.50,-358.75,1,94.265,
01/01/2000,01:20:21.84,19.89,-59.17,-991.13,201.25,-726.25,-315.0,1,94.266,
01/01/2000,01:20:21.85,20.13,-59.17,-991.62,140.0,-647.50,-306.25,1,94.268,
01/01/2000,01:20:21.86,20.25,-58.93,-992.10,157.50,-673.75,-341.25,1,94.269,
01/01/2000,01:20:21.88,20.25,-58.80,-992.10,78.75,-700.0,-393.75,1,94.270,
01/01/2000,01:20:21.89,19.52,-58.56,-991.74,113.75,-708.75,-210.0,1,94.271,
01/01/2000,01:20:21.90,19.64,-58.56,-991.62,-17.50,-603.75,-297.50,1,94.272,
01/01/2000,01:20:21.91,20.01,-58.93,-991.86,166.25,-743.75,-280.0,1,94.273,
01/01/2000,01:20:21.92,20.13,-59.05,-992.35,61.25,-700.0,-446.25,1,94.274,
01/01/2000,01:20:21.93,20.37,-59.17,-993.08,157.50,-595.0,-411.25,1,94.275,
01/01/2000,01:20:21.94,20.62,-59.29,-993.08,113.75,-621.25,-428.75,1,94.277,
01/01/2000,01:20:21.95,20.37,-58.80,-992.59,61.25,-743.75,-306.25,1,94.278,
01/01/2000,01:20:21.96,20.37,-58.44,-992.59,26.25,-778.75,-297.50,1,94.279,
01/01/2000,01:20:21.97,20.50,-58.56,-992.71,157.50,-752.50,-175.0,1,94.280,
01/01/2000,01:20:21.98,20.62,-58.80,-992.84,166.25,-656.25,-210.0,1,94.281,
01/01/2000,01:20:21.99,20.50,-59.17,-992.71,218.75,-691.25,-472.50,1,94.282,
01/01/2000,01:20:22.00,20.37,-59.05,-992.35,210.0,-638.75,-385.0,1,94.283,
01/01/2000,01:20:22.01,20.25,-59.05,-991.98,183.75,-647.50,-358.75,1,94.285,
01/01/2000,01:20:22.02,19.64,-58.80,-991.25,201.25,-621.25,-192.50,1,94.267,
01/01/2000,01:20:22.04,19.52,-58.68,-990.64,96.25,-595.0,-376.25,1,94.268,
01/01/2000,01:20:22.04,19.52,-58.68,-990.15,105.0,-796.25,-332.50,1,94.269,
01/01/2000,01:20:22.06,19.64,-58.93,-990.52,148.75,-700.0,-332.50,1,94.270,
01/01/2000,01:20:22.07,20.13,-59.05,-991.37,96.25,-647.50,-385.0,1,94.272,
01/01/2000,01:20:22.08,20.62,-59.17,-992.59,96.25,-603.75,-525.0,1,94.273,
01/01/2000,01:20:22.09,20.37,-59.05,-993.32,166.25,-542.50,-315.0,1,94.274,
01/01/2000,01:20:22.10,20.50,-58.68,-993.20,306.25,-603.75,-315.0,1,94.275,
01/01/2000,01:20:22.11,20.01,-58.44,-991.98,35.0,-568.75,-358.75,1,94.276,
01/01/2000,01:20:22.12,19.52,-58.56,-991.49,87.50,-717.50,-157.50,1,94.277,
01/01/2000,01:20:22.13,19.76,-58.68,-991.25,52.50,-656.25,-315.0,1,94.278,
01/01/2000,01:20:22.14,20.25,-59.05,-991.62,227.50,-621.25,-315.0,1,94.279,
01/01/2000,01:20:22.15,20.62,-59.29,-992.84,61.25,-682.50,-463.75,1,94.281,
01/01/2000,01:20:22.17,21.23,-59.05,-994.30,166.25,-726.25,-446.25,1,94.263,
01/01/2000,01:20:22.18,20.50,-58.56,-993.20,262.50,-813.75,-87.50,1,94.264,
01/01/2000,01:20:22.19,19.40,-58.32,-991.62,218.75,-673.75,-332.50,1,94.265,
01/01/2000,01:20:22.20,19.15,-58.19,-990.15,43.75,-673.75,-358.75,1,94.267,
01/01/2000,01:20:22.21,19.28,-58.56,-989.42,131.25,-647.50,-358.75,1,94.268,
01/01/2000,01:20:22.22,19.28,-59.29,-990.15,183.75,-708.75,-385.0,1,94.269,
01/01/2000,01:20:22.23,19.89,-59.41,-991.37,78.75,-743.75,-446.25,1,94.270,
01/01/2000,01:20:22.24,20.50,-59.41,-992.35,201.25,-717.50,-402.50,1,94.271,
01/01/2000,01:20:22.25,20.37,-58.80,-992.96,183.75,-770.0,-245.0,1,94.272,
01/01/2000,01:20:22.26,20.13,-58.19,-992.96,113.75,-621.25,-271.25,1,94.273,
01/01/2000,01:20:22.27,20.25,-57.95,-992.71,-61.25,-743.75,-96.25,1,94.274,
01/01/2000,01:20:22.28,19.89,-58.32,-992.59,-26.25,-708.75,-306.25,1,94.276,
01/01/2000,01:20:22.29,19.76,-59.29,-992.84,122.50,-700.0,-385.0,1,94.277,
01/01/2000,01:20:22.30,20.25,-59.54,-993.08,43.75,-673.75,-455.0,1,94.278,
01/01/2000,01:20:22.31,20.25,-59.54,-993.20,288.75,-630.0,-560.0,1,94.279,
01/01/2000,01:20:22.32,20.13,-59.17,-993.32,105.0,-612.50,-525.0,1,94.280,
01/01/2000,01:20:22.33,20.86,-58.56,-994.18,87.50,-586.25,-385.0,1,94.281,
01/01/2000,01:20:22.34,21.11,-58.56,-994.54,157.50,-630.0,-236.25,1,94.282,
01/01/2000,01:20:22.35,20.74,-58.56,-994.30,271.25,-726.25,-113.75,1,94.283,
01/01/2000,01:20:22.36,20.01,-58.56,-993.08,210.0,-568.75,-122.50,1,94.285,
01/01/2000,01:20:22.38,19.64,-58.80,-990.76,122.50,-682.50,-393.75,1,94.267,
01/01/2000,01:20:22.39,18.67,-59.05,-989.42,192.50,-708.75,-455.0,1,94.268,
01/01/2000,01:20:22.40,19.28,-58.93,-989.91,148.75,-813.75,-533.75,1,94.269,
01/01/2000,01:20:22.41,19.89,-58.80,-990.88,105.0,-840.0,-481.25,1,94.271,
01/01/2000,01:20:22.42,20.01,-58.80,-992.10,61.25,-840.0,-218.75,1,94.272,
01/01/2000,01:20:22.43,19.89,-58.56,-992.96,175.0,-752.50,-306.25,1,94.273,
01/01/2000,01:20:22.44,20.25,-58.32,-992.84,87.50,-665.0,-227.50,1,94.274,
01/01/2000,01:20:22.45,19.15,-58.56,-991.86,43.75,-612.50,-245.0,1,94.275,
01/01/2000,01:20:22.46,19.15,-58.68,-991.74,218.75,-752.50,-455.0,1,94.276,
01/01/2000,01:20:22.47,20.01,-58.80,-992.10,201.25,-735.0,-402.50,1,94.277,
01/01/2000,01:20:22.48,20.25,-59.17,-992.59,113.75,-700.0,-341.25,1,94.278,
01/01/2000,01:20:22.49,20.25,-59.17,-993.32,236.25,-560.0,-315.0,1,94.280,
01/01/2000,01:20:22.50,20.74,-58.80,-993.45,140.0,-708.75,-341.25,1,94.281,
01/01/2000,01:20:22.51,21.11,-58.56,-994.06,183.75,-700.0,-148.75,1,94.263,
01/01/2000,01:20:22.52,20.37,-58.68,-994.30,166.25,-603.75,-358.75,1,94.264,
01/01/2000,01:20:22.53,20.37,-58.56,-993.45,236.25,-691.25,-262.50,1,94.266,
01/01/2000,01:20:22.54,20.01,-58.80,-991.98,236.25,-673.75,-245.0,1,94.267,
01/01/2000,01:20:22.55,18.79,-59.05,-990.27,8.75,-691.25,-402.50,1,94.268,
01/01/2000,01:20:22.56,19.15,-59.17,-989.91,105.0,-735.0,-463.75,1,94.269,
01/01/2000,01:20:22.57,19.76,-59.05,-990.40,131.25,-735.0,-612.50,1,94.270,
01/01/2000,01:20:22.59,19.76,-59.05,-991.98,148.75,-796.25,-393.75,1,94.271,
01/01/2000,01:20:22.60,20.25,-58.80,-992.71,131.25,-665.0,-358.75,1,94.272,
01/01/2000,01:20:22.61,20.50,-58.44,-992.96,236.25,-603.75,-210.0,1,94.273,
01/01/2000,01:20:22.62,19.40,-58.56,-992.47,105.0,-691.25,-245.0,1,94.275,
01/01/2000,01:20:22.63,19.28,-58.56,-991.98,175.0,-673.75,-376.25,1,94.276,
01/01/2000,01:20:22.64,20.01,-58.80,-991.86,105.0,-735.0,-428.75,1,94.277,
01/01/2000,01:20:22.65,20.01,-59.17,-992.35,122.50,-726.25,-446.25,1,94.278,
01/01/2000,01:20:22.66,19.89,-59.05,-992.59,17.50,-726.25,-341.25,1,94.279,
01/01/2000,01:20:22.68,20.50,-58.68,-992.59,122.50,-708.75,-306.25,1,94.262,
01/01/2000,01:20:22.69,19.89,-58.56,-993.08,175.0,-673.75,-315.0,1,94.263,
01/01/2000,01:20:22.70,20.25,-58.44,-993.45,105.0,-682.50,-350.0,1,94.264,
01/01/2000,01:20:22.71,20.98,-58.68,-993.57,148.75,-770.0,-236.25,1,94.265,
01/01/2000,01:20:22.72,20.50,-58.80,-992.96,78.75,-647.50,-288.75,1,94.266,
01/01/2000,01:20:22.73,19.89,-58.80,-991.86,236.25,-735.0,-122.50,1,94.267,
01/01/2000,01:20:22.74,20.01,-58.68,-990.76,43.75,-752.50,-350.0,1,94.268,
01/01/2000,01:20:22.75,19.52,-58.56,-989.91,253.75,-665.0,-358.75,1,94.270,
01/01/2000,01:20:22.76,19.03,-58.56,-990.03,43.75,-673.75,-315.0,1,94.271,
01/01/2000,01:20:22.77,19.52,-58.44,-990.40,122.50,-770.0,-245.0,1,94.272,
01/01/2000,01:20:22.78,20.01,-58.68,-990.88,131.25,-682.50,-323.75,1,94.273,
01/01/2000,01:20:22.79,19.64,-59.05,-991.62,87.50,-638.75,-367.50,1,94.274,
01/01/2000,01:20:22.80,20.37,-58.80,-992.84,192.50,-770.0,-367.50,1,94.275,
01/01/2000,01:20:22.81,20.74,-58.56,-992.96,148.75,-735.0,-306.25,1,94.276,
01/01/2000,01:20:22.82,20.01,-58.80,-992.59,428.75,-595.0,-350.0,1,94.277,
01/01/2000,01:20:22.83,20.01,-58.32,-991.62,96.25,-603.75,-315.0,1,94.278,
01/01/2000,01:20:22.84,20.37,-58.68,-991.37,96.25,-813.75,-122.50,1,94.280,
01/01/2000,01:20:22.85,20.25,-58.80,-991.62,236.25,-787.50,-420.0,1,94.281,
01/01/2000,01:20:22.86,20.01,-59.41,-992.84,175.0,-717.50,-385.0,1,94.263,
01/01/2000,01:20:22.87,20.50,-58.93,-994.06,192.50,-682.50,-533.75,1,94.265,
01/01/2000,01:20:22.88,21.11,-58.68,-995.03,253.75,-542.50,-481.25,1,94.266,
01/01/2000,01:20:22.89,21.72,-58.07,-995.15,52.50,-638.75,-192.50,1,94.267,
01/01/2000,01:20:22.90,20.98,-57.95,-993.93,131.25,-682.50,61.25,1,94.268,
01/01/2000,01:20:22.91,19.76,-58.80,-992.10,271.25,-586.25,17.50,1,94.269,
01/01/2000,01:20:22.92,18.79,-58.68,-990.27,210.0,-787.50,-560.0,1,94.270,
01/01/2000,01:20:22.94,18.79,-58.32,-988.69,17.50,-682.50,-525.0,1,94.271,
01/01/2000,01:20:22.95,19.15,-59.05,-989.79,245.0,-708.75,-280.0,1,94.272,
01/01/2000,01:20:22.96,19.76,-58.68,-991.49,131.25,-717.50,-568.75,1,94.273,
01/01/2000,01:20:22.97,20.13,-58.56,-992.96,26.25,-813.75,-437.50,1,94.275,
01/01/2000,01:20:22.98,20.50,-58.44,-993.69,192.50,-630.0,-315.0,1,94.276,
01/01/2000,01:20:22.99,20.25,-58.07,-993.57,192.50,-761.25,-157.50,1,94.277,
01/01/2000,01:20:23.00,19.76,-58.19,-992.10,236.25,-735.0,-315.0,1,94.278,
01/01/2000,01:20:23.01,19.28,-58.56,-990.52,131.25,-717.50,-350.0,1,94.279,
01/01/2000,01:20:23.02,19.52,-58.80,-990.40,140.0,-743.75,-446.25,1,94.280,
01/01/2000,01:20:23.03,20.13,-59.05,-991.37,201.25,-822.50,-367.50,1,94.281,
01/01/2000,01:20:23.04,20.74,-58.93,-992.59,148.75,-770.0,-315.0,1,94.282,
01/01/2000,01:20:23.05,21.23,-58.93,-993.93,140.0,-726.25,-271.25,1,94.283,
01/01/2000,01:20:23.06,21.47,-58.56,-995.03,105.0,-586.25,-262.50,1,94.285,
01/01/2000,01:20:23.08,21.23,-58.56,-994.54,175.0,-568.75,-192.50,1,94.267,
01/01/2000,01:20:23.09,20.74,-58.68,-993.32,61.25,-673.75,-201.25,1,94.269,
01/01/2000,01:20:23.10,19.76,-58.80,-991.49,148.75,-595.0,-262.50,1,94.270,
01/01/2000,01:20:23.11,18.91,-59.05,-989.66,245.0,-630.0,-428.75,1,94.271,
01/01/2000,01:20:23.12,18.54,-59.05,-988.44,192.50,-595.0,-481.25,1,94.272,
01/01/2000,01:20:23.13,18.79,-59.05,-989.18,140.0,-831.25,-472.50,1,94.273,
01/01/2000,01:20:23.14,19.76,-58.80,-991.01,157.50,-656.25,-551.25,1,94.274,
01/01/2000,01:20:23.15,20.74,-58.56,-993.81,35.0,-533.75,-201.25,1,94.275,
01/01/2000,01:20:23.16,20.98,-58.44,-994.54,192.50,-586.25,-210.0,1,94.276,
01/01/2000,01:20:23.17,20.62,-58.56,-994.06,192.50,-700.0,-218.75,1,94.277,
01/01/2000,01:20:23.18,19.40,-58.93,-991.25,210.0,-700.0,-192.50,1,94.260,
01/01/2000,01:20:23.19,19.28,-58.93,-990.88,140.0,-770.0,-385.0,1,94.261,
01/01/2000,01:20:23.21,19.76,-59.29,-991.37,227.50,-778.75,-385.0,1,94.262,
01/01/2000,01:20:23.21,20.25,-59.17,-992.10,192.50,-577.50,-472.50,1,94.264,
01/01/2000,01:20:23.23,20.37,-58.68,-993.20,271.25,-682.50,-402.50,1,94.265,
01/01/2000,01:20:23.24,20.50,-58.44,-993.81,87.50,-638.75,-192.50,1,94.266,
01/01/2000,01:20:23.25,20.74,-58.32,-994.42,113.75,-665.0,-385.0,1,94.267,
01/01/2000,01:20:23.26,20.98,-58.68,-994.30,192.50,-691.25,-253.75,1,94.268,
01/01/2000,01:20:23.27,20.62,-58.93,-993.32,227.50,-533.75,-227.50,1,94.269,
01/01/2000,01:20:23.28,19.64,-59.05,-991.49,105.0,-735.0,-297.50,1,94.270,
01/01/2000,01:20:23.29,18.79,-59.05,-989.30,35.0,-691.25,-341.25,1,94.271,
01/01/2000,01:20:23.30,18.30,-58.80,-989.18,218.75,-726.25,-332.50,1,94.272,
01/01/2000,01:20:23.31,18.67,-58.56,-990.15,87.50,-665.0,-297.50,1,94.274,
01/01/2000,01:20:23.32,19.52,-58.56,-991.86,113.75,-796.25,-262.50,1,94.275,
01/01/2000,01:20:23.33,20.01,-58.44,-993.20,61.25,-630.0,-376.25,1,94.276,
01/01/2000,01:20:23.34,20.25,-58.56,-993.32,-35.0,-577.50,-315.0,1,94.277,
01/01/2000,01:20:23.35,20.01,-58.68,-992.47,192.50,-621.25,-192.50,1,94.278,
01/01/2000,01:20:23.36,19.64,-58.93,-991.37,210.0,-796.25,-402.50,1,94.279,
01/01/2000,01:20:23.37,20.01,-59.05,-991.37,78.75,-761.25,-446.25,1,94.280,
01/01/2000,01:20:23.38,20.25,-59.05,-992.23,148.75,-621.25,-358.75,1,94.281,
01/01/2000,01:20:23.39,20.25,-58.93,-992.84,8.75,-717.50,-367.50,1,94.282,
01/01/2000,01:20:23.40,20.37,-58.80,-993.57,236.25,-682.50,-411.25,1,94.284,
01/01/2000,01:20:23.41,20.62,-58.56,-993.32,175.0,-673.75,-245.0,1,94.285,
01/01/2000,01:20:23.42,20.98,-58.32,-993.08,210.0,-682.50,-367.50,1,94.286,
01/01/2000,01:20:23.43,21.35,-58.93,-993.32,105.0,-752.50,-306.25,1,94.269,
01/01/2000,01:20:23.44,20.98,-59.05,-993.32,-43.75,-682.50,-288.75,1,94.270,
01/01/2000,01:20:23.45,20.62,-59.54,-992.84,157.50,-638.75,-271.25,1,94.271,
01/01/2000,01:20:23.46,20.01,-58.80,-992.10,17.50,-507.50,-376.25,1,94.272,
01/01/2000,01:20:23.47,19.28,-58.56,-991.13,105.0,-673.75,-358.75,1,94.273,
01/01/2000,01:20:23.48,19.28,-58.19,-991.13,166.25,-638.75,-376.25,1,94.274,
01/01/2000,01:20:23.50,20.13,-58.44,-991.37,245.0,-787.50,-253.75,1,94.275,
01/01/2000,01:20:23.51,20.13,-58.32,-991.37,131.25,-656.25,-297.50,1,94.276,
01/01/2000,01:20:23.52,19.89,-58.80,-991.25,122.50,-717.50,-262.50,1,94.277,
01/01/2000,01:20:23.53,20.25,-58.56,-991.62,122.50,-726.25,-280.0,1,94.279,
01/01/2000,01:20:23.54,20.50,-58.68,-992.23,192.50,-708.75,-411.25,1,94.280,
01/01/2000,01:20:23.55,20.01,-58.68,-992.47,236.25,-717.50,-350.0,1,94.281,
01/01/2000,01:20:23.56,20.13,-58.07,-992.35,113.75,-708.75,-262.50,1,94.282,
01/01/2000,01:20:23.57,20.50,-58.07,-991.62,210.0,-717.50,-201.25,1,94.283,
01/01/2000,01:20:23.58,20.01,-58.19,-991.62,218.75,-647.50,-288.75,1,94.284,
01/01/2000,01:20:23.59,19.76,-58.56,-992.10,105.0,-656.25,-437.50,1,94.285,
01/01/2000,01:20:23.60,20.98,-58.80,-992.71,210.0,-735.0,-481.25,1,94.286,
01/01/2000,01:20:23.61,21.23,-58.68,-993.81,140.0,-726.25,-542.50,1,94.269,
01/01/2000,01:20:23.62,21.11,-58.56,-994.54,52.50,-647.50,-350.0,1,94.288,
01/01/2000,01:20:23.63,21.59,-58.44,-994.06,218.75,-656.25,-166.25,1,94.271,
01/01/2000,01:20:23.65,19.64,-58.32,-991.49,52.50,-735.0,-175.0,1,94.273,
01/01/2000,01:20:23.66,18.67,-58.56,-990.15,113.75,-691.25,-341.25,1,94.274,
01/01/2000,01:20:23.67,18.54,-58.56,-989.66,70.0,-700.0,-551.25,1,94.275,
01/01/2000,01:20:23.68,18.91,-59.05,-990.52,148.75,-752.50,-700.0,1,94.276,
01/01/2000,01:20:23.69,19.52,-58.56,-992.59,52.50,-682.50,-542.50,1,94.259,
01/01/2000,01:20:23.70,20.98,-58.32,-993.08,218.75,-560.0,-306.25,1,94.260,
01/01/2000,01:20:23.72,20.37,-57.83,-993.08,183.75,-656.25,-218.75,1,94.261,
01/01/2000,01:20:23.73,19.76,-58.07,-992.47,157.50,-770.0,-35.0,1,94.262,
01/01/2000,01:20:23.74,20.25,-58.44,-991.86,61.25,-691.25,-507.50,1,94.263,
01/01/2000,01:20:23.75,20.50,-58.80,-991.86,166.25,-673.75,-402.50,1,94.264,
01/01/2000,01:20:23.76,19.52,-58.93,-992.59,52.50,-682.50,-323.75,1,94.265,
01/01/2000,01:20:23.77,20.50,-58.80,-993.20,280.0,-691.25,-525.0,1,94.267,
01/01/2000,01:20:23.78,21.96,-58.44,-993.57,96.25,-717.50,-490.0,1,94.268,
01/01/2000,01:20:23.79,21.47,-58.32,-994.54,227.50,-665.0,-17.50,1,94.269,
01/01/2000,01:20:23.80,21.35,-57.95,-994.30,140.0,-665.0,-122.50,1,94.270,
01/01/2000,01:20:23.81,21.59,-58.19,-993.08,105.0,-822.50,-78.75,1,94.271,
01/01/2000,01:20:23.82,20.86,-58.56,-991.37,8.75,-638.75,-262.50,1,94.272,
01/01/2000,01:20:23.83,19.03,-59.05,-989.91,227.50,-717.50,-245.0,1,94.273,
01/01/2000,01:20:23.84,18.79,-58.56,-989.42,52.50,-708.75,-437.50,1,94.274,
01/01/2000,01:20:23.85,19.15,-58.80,-989.79,262.50,-796.25,-586.25,1,94.275,
01/01/2000,01:20:23.86,19.03,-58.32,-991.86,166.25,-603.75,-306.25,1,94.276,
01/01/2000,01:20:23.87,20.01,-57.83,-992.84,122.50,-542.50,-140.0,1,94.278,
01/01/2000,01:20:23.88,20.74,-57.46,-992.71,210.0,-708.75,-96.25,1,94.279,
01/01/2000,01:20:23.89,19.76,-58.07,-991.62,0.0,-665.0,-105.0,1,94.280,
01/01/2000,01:20:23.90,19.40,-58.32,-991.37,87.50,-621.25,-236.25,1,94.281,
01/01/2000,01:20:23.91,20.01,-58.56,-991.37,210.0,-752.50,-498.75,1,94.282,
01/01/2000,01:20:23.93,20.25,-58.80,-992.10,218.75,-735.0,-700.0,1,94.265,
01/01/2000,01:20:23.94,20.13,-58.56,-993.08,61.25,-682.50,-262.50,1,94.266,
01/01/2000,01:20:23.95,20.74,-58.07,-993.08,166.25,-665.0,-175.0,1,94.267,
01/01/2000,01:20:23.96,20.86,-57.95,-992.84,175.0,-647.50,-297.50,1,94.268,
01/01/2000,01:20:23.97,20.25,-58.56,-992.59,105.0,-691.25,-218.75,1,94.269,
01/01/2000,01:20:23.98,20.62,-58.68,-992.59,105.0,-691.25,-358.75,1,94.270,
01/01/2000,01:20:23.99,20.74,-59.05,-992.10,175.0,-542.50,-481.25,1,94.272,
01/01/2000,01:20:24.00,19.76,-59.05,-991.13,262.50,-708.75,-376.25,1,94.273,
01/01/2000,01:20:24.01,19.52,-58.44,-990.76,140.0,-717.50,-183.75,1,94.274,
01/01/2000,01:20:24.02,19.76,-58.32,-991.25,166.25,-691.25,-420.0,1,94.275,
01/01/2000,01:20:24.03,19.52,-58.56,-991.86,157.50,-726.25,-428.75,1,94.276,
01/01/2000,01:20:24.04,19.89,-58.44,-992.47,61.25,-673.75,-201.25,1,94.277,
01/01/2000,01:20:24.05,20.74,-58.68,-992.84,210.0,-778.75,-341.25,1,94.278,
01/01/2000,01:20:24.06,20.13,-58.80,-992.35,17.50,-673.75,-236.25,1,94.279,
01/01/2000,01:20:24.07,19.89,-58.80,-991.62,61.25,-743.75,-446.25,1,94.262,
01/01/2000,01:20:24.08,20.25,-58.56,-991.74,166.25,-665.0,-402.50,1,94.263,
01/01/2000,01:20:24.09,20.01,-58.44,-992.10,201.25,-726.25,-280.0,1,94.264,
01/01/2000,01:20:24.10,19.76,-58.56,-992.35,175.0,-691.25,-376.25,1,94.266,
01/01/2000,01:20:24.11,20.13,-58.56,-992.84,78.75,-743.75,-315.0,1,94.267,
01/01/2000,01:20:24.12,20.50,-58.80,-992.96,210.0,-586.25,-350.0,1,94.268,
01/01/2000,01:20:24.14,20.13,-58.56,-992.59,96.25,-700.0,-358.75,1,94.269,
01/01/2000,01:20:24.15,20.62,-58.56,-992.47,131.25,-603.75,-332.50,1,94.270,
01/01/2000,01:20:24.16,21.11,-58.68,-992.47,175.0,-708.75,-367.50,1,94.271,
01/01/2000,01:20:24.17,20.25,-58.44,-992.35,227.50,-717.50,-122.50,1,94.272,
01/01/2000,01:20:24.18,19.52,-58.80,-991.49,140.0,-700.0,-306.25,1,94.273,
01/01/2000,01:20:24.19,19.40,-58.80,-991.25,96.25,-612.50,-253.75,1,94.274,
01/01/2000,01:20:24.20,18.91,-58.56,-991.49,218.75,-682.50,-315.0,1,94.257,
01/01/2000,01:20:24.22,19.15,-58.32,-991.49,140.0,-770.0,-367.50,1,94.259,
01/01/2000,01:20:24.23,19.52,-58.56,-991.74,140.0,-743.75,-315.0,1,94.260,
01/01/2000,01:20:24.24,19.52,-58.56,-992.35,218.75,-761.25,-288.75,1,94.261,
01/01/2000,01:20:24.25,20.13,-58.32,-992.84,8.75,-638.75,-376.25,1,94.262,
01/01/2000,01:20:24.26,20.86,-58.32,-993.20,157.50,-682.50,-210.0,1,94.263,
01/01/2000,01:20:24.27,20.98,-58.32,-993.45,122.50,-708.75,-236.25,1,94.264,
01/01/2000,01:20:24.28,20.50,-58.32,-993.20,262.50,-700.0,-262.50,1,94.265,
01/01/2000,01:20:24.29,20.50,-58.19,-992.84,140.0,-665.0,-271.25,1,94.266,
01/01/2000,01:20:24.30,20.37,-58.56,-992.59,140.0,-717.50,-210.0,1,94.267,
01/01/2000,01:20:24.31,20.01,-59.05,-993.08,227.50,-726.25,-490.0,1,94.268,
01/01/2000,01:20:24.32,20.98,-58.80,-993.81,183.75,-743.75,-420.0,1,94.269,
01/01/2000,01:20:24.33,21.96,-58.80,-994.42,201.25,-708.75,-568.75,1,94.271,
01/01/2000,01:20:24.34,22.20,-58.56,-994.67,341.25,-638.75,-446.25,1,94.272,
01/01/2000,01:20:24.35,20.98,-57.83,-993.32,8.75,-673.75,-35.0,1,94.273,
01/01/2000,01:20:24.36,20.25,-57.83,-991.62,210.0,-743.75,-113.75,1,94.256,
01/01/2000,01:20:24.37,18.79,-58.07,-990.15,122.50,-647.50,-411.25,1,94.257,
01/01/2000,01:20:24.38,18.30,-58.32,-990.40,96.25,-691.25,-315.0,1,94.258,
01/01/2000,01:20:24.39,18.54,-58.68,-991.25,245.0,-630.0,-507.50,1,94.259,
01/01/2000,01:20:24.40,19.40,-58.56,-992.35,148.75,-717.50,-498.75,1,94.260,
01/01/2000,01:20:24.41,20.37,-58.19,-993.32,271.25,-691.25,-358.75,1,94.261,
01/01/2000,01:20:24.43,21.11,-57.71,-992.84,43.75,-673.75,-166.25,1,94.262,
01/01/2000,01:20:24.44,20.74,-57.83,-991.49,122.50,-752.50,-218.75,1,94.264,
01/01/2000,01:20:24.45,20.25,-58.44,-990.64,131.25,-761.25,-148.75,1,94.265,
01/01/2000,01:20:24.46,19.89,-58.93,-990.52,227.50,-787.50,-341.25,1,94.266,
01/01/2000,01:20:24.47,19.64,-59.05,-991.13,166.25,-787.50,-507.50,1,94.267,
01/01/2000,01:20:24.48,20.13,-58.68,-992.71,236.25,-595.0,-691.25,1,94.268,
01/01/2000,01:20:24.49,20.98,-57.95,-993.81,183.75,-691.25,-498.75,1,94.269,
01/01/2000,01:20:24.50,21.84,-57.58,-994.54,175.0,-673.75,-218.75,1,94.270,
01/01/2000,01:20:24.51,22.20,-57.83,-994.06,201.25,-647.50,-236.25,1,94.271,
01/01/2000,01:20:24.52,21.96,-58.07,-992.96,-52.50,-708.75,-227.50,1,94.272,
01/01/2000,01:20:24.53,20.74,-58.56,-990.76,201.25,-822.50,-175.0,1,94.273,
01/01/2000,01:20:24.54,18.79,-58.80,-989.42,131.25,-691.25,-393.75,1,94.274,
01/01/2000,01:20:24.55,17.81,-58.68,-989.05,78.75,-708.75,-490.0,1,94.275,
01/01/2000,01:20:24.56,18.30,-58.07,-991.13,236.25,-761.25,-595.0,1,94.259,
01/01/2000,01:20:24.57,19.28,-57.83,-992.96,43.75,-673.75,-498.75,1,94.260,
01/01/2000,01:20:24.58,20.25,-57.83,-994.42,122.50,-691.25,-262.50,1,94.261,
01/01/2000,01:20:24.59,21.35,-58.19,-994.30,78.75,-630.0,-306.25,1,94.262,
01/01/2000,01:20:24.60,21.11,-58.44,-992.84,157.50,-708.75,-96.25,1,94.263,
01/01/2000,01:20:24.61,20.74,-58.56,-991.13,271.25,-752.50,-297.50,1,94.264,
01/01/2000,01:20:24.62,20.01,-58.80,-990.40,96.25,-761.25,-507.50,1,94.265,
01/01/2000,01:20:24.64,19.52,-58.44,-991.49,227.50,-673.75,-367.50,1,94.266,
01/01/2000,01:20:24.65,19.52,-58.32,-992.84,175.0,-691.25,-350.0,1,94.267,
01/01/2000,01:20:24.66,19.76,-58.07,-993.93,96.25,-673.75,-245.0,1,94.268,
01/01/2000,01:20:24.67,20.01,-57.83,-994.42,113.75,-673.75,-288.75,1,94.270,
01/01/2000,01:20:24.68,20.50,-58.07,-994.06,183.75,-743.75,-288.75,1,94.271,
01/01/2000,01:20:24.69,20.50,-58.44,-993.08,157.50,-647.50,-245.0,1,94.272,
01/01/2000,01:20:24.70,20.25,-58.80,-992.10,43.75,-813.75,-367.50,1,94.255,
01/01/2000,01:20:24.72,20.74,-58.80,-993.45,288.75,-761.25,-332.50,1,94.256,
01/01/2000,01:20:24.73,21.96,-58.44,-996.74,183.75,-691.25,-551.25,1,94.257,
01/01/2000,01:20:24.74,23.18,-58.56,-999.18,323.75,-630.0,-306.25,1,94.258,
01/01/2000,01:20:24.75,24.03,-58.32,-1000.77,157.50,-603.75,-183.75,1,94.259,
01/01/2000,01:20:24.76,24.89,-58.56,-1000.52,210.0,-595.0,-288.75,1,94.260,
01/01/2000,01:20:24.77,25.01,-58.56,-998.57,113.75,-665.0,-227.50,1,94.262,
01/01/2000,01:20:24.78,23.91,-58.68,-996.50,96.25,-647.50,-157.50,1,94.263,
01/01/2000,01:20:24.79,22.69,-58.93,-995.03,113.75,-770.0,-393.75,1,94.264,
01/01/2000,01:20:24.80,22.69,-59.05,-995.89,43.75,-805.0,-700.0,1,94.265,
01/01/2000,01:20:24.81,22.81,-59.05,-997.96,131.25,-752.50,-638.75,1,94.266,
01/01/2000,01:20:24.82,23.91,-58.68,-1000.89,227.50,-752.50,-533.75,1,94.267,
01/01/2000,01:20:24.83,25.99,-58.32,-1003.45,218.75,-647.50,-367.50,1,94.268,
01/01/2000,01:20:24.84,27.08,-58.44,-1005.16,271.25,-700.0,-218.75,1,94.269,
01/01/2000,01:20:24.85,27.57,-58.56,-1004.43,218.75,-603.75,26.25,1,94.270,
01/01/2000,01:20:24.86,27.45,-58.80,-1002.84,175.0,-638.75,-157.50,1,94.271,
01/01/2000,01:20:24.87,25.74,-59.29,-1000.40,175.0,-743.75,-288.75,1,94.272,
01/01/2000,01:20:24.88,24.64,-59.05,-999.55,201.25,-700.0,-490.0,1,94.273,
01/01/2000,01:20:24.89,23.79,-58.56,-999.18,96.25,-682.50,-350.0,1,94.274,
01/01/2000,01:20:24.90,23.18,-58.56,-998.94,166.25,-612.50,-490.0,1,94.276,
01/01/2000,01:20:24.91,23.18,-57.83,-998.57,-61.25,-682.50,-455.0,1,94.259,
01/01/2000,01:20:24.92,23.91,-58.07,-998.20,253.75,-717.50,-306.25,1,94.260,
01/01/2000,01:20:24.94,25.62,-58.56,-999.06,140.0,-752.50,-490.0,1,94.261,
01/01/2000,01:20:24.94,26.11,-59.05,-999.67,236.25,-700.0,-385.0,1,94.262,
01/01/2000,01:20:24.96,25.62,-58.93,-998.81,227.50,-542.50,-227.50,1,94.263,
01/01/2000,01:20:24.97,23.91,-58.56,-996.86,183.75,-673.75,-175.0,1,94.264,
01/01/2000,01:20:24.98,21.47,-57.71,-994.54,122.50,-682.50,-420.0,1,94.265,
01/01/2000,01:20:24.99,21.11,-57.83,-994.67,105.0,-673.75,-420.0,1,94.266,
01/01/2000,01:20:25.00,21.23,-58.07,-995.28,148.75,-568.75,-358.75,1,94.268,
01/01/2000,01:20:25.01,21.47,-58.44,-995.28,122.50,-630.0,-306.25,1,94.269,
01/01/2000,01:20:25.02,21.72,-58.44,-994.79,105.0,-630.0,-463.75,1,94.270,
01/01/2000,01:20:25.03,21.72,-58.44,-994.30,227.50,-726.25,-315.0,1,94.271,
01/01/2000,01:20:25.04,21.35,-58.07,-993.81,70.0,-656.25,-367.50,1,94.272,
01/01/2000,01:20:25.05,21.11,-58.19,-993.93,175.0,-647.50,-218.75,1,94.273,
01/01/2000,01:20:25.06,20.74,-58.32,-993.81,43.75,-603.75,-341.25,1,94.256,
01/01/2000,01:20:25.07,20.74,-58.19,-993.57,245.0,-682.50,-420.0,1,94.257,
01/01/2000,01:20:25.08,20.74,-58.07,-993.20,148.75,-717.50,-385.0,1,94.258,
01/01/2000,01:20:25.09,20.86,-58.07,-992.84,166.25,-700.0,-350.0,1,94.260,
01/01/2000,01:20:25.10,20.86,-58.32,-993.08,253.75,-682.50,-280.0,1,94.261,
01/01/2000,01:20:25.11,20.74,-58.32,-993.20,43.75,-612.50,-393.75,1,94.262,
01/01/2000,01:20:25.13,20.50,-58.32,-993.20,175.0,-568.75,-323.75,1,94.263,
01/01/2000,01:20:25.14,20.62,-58.07,-992.96,280.0,-752.50,-393.75,1,94.264,
01/01/2000,01:20:25.15,20.74,-57.83,-992.84,87.50,-761.25,-315.0,1,94.265,
01/01/2000,01:20:25.16,20.62,-57.83,-992.71,105.0,-708.75,-367.50,1,94.266,
01/01/2000,01:20:25.17,20.62,-58.32,-992.59,140.0,-813.75,-306.25,1,94.267,
01/01/2000,01:20:25.18,20.50,-58.32,-992.71,113.75,-638.75,-376.25,1,94.268,
01/01/2000,01:20:25.19,20.25,-58.44,-992.71,52.50,-673.75,-288.75,1,94.269,
01/01/2000,01:20:25.20,20.25,-58.32,-992.47,245.0,-726.25,-385.0,1,94.270,
01/01/2000,01:20:25.21,20.25,-58.07,-992.47,323.75,-603.75,-428.75,1,94.271,
01/01/2000,01:20:25.23,20.62,-58.07,-992.71,113.75,-656.25,-297.50,1,94.255,
01/01/2000,01:20:25.24,20.50,-58.07,-992.59,70.0,-630.0,-420.0,1,94.256,
01/01/2000,01:20:25.25,20.50,-58.19,-992.35,183.75,-761.25,-376.25,1,94.257,
01/01/2000,01:20:25.26,20.50,-58.32,-992.35,218.75,-691.25,-332.50,1,94.258,
01/01/2000,01:20:25.27,20.37,-58.44,-992.35,183.75,-708.75,-323.75,1,94.259,
01/01/2000,01:20:25.28,20.37,-58.32,-992.59,140.0,-743.75,-358.75,1,94.260,
01/01/2000,01:20:25.29,20.13,-58.32,-993.20,122.50,-831.25,-262.50,1,94.261,
01/01/2000,01:20:25.30,19.28,-58.56,-994.79,218.75,-647.50,-358.75,1,94.262,
01/01/2000,01:20:25.31,19.03,-59.05,-995.76,253.75,-638.75,-341.25,1,94.263,
01/01/2000,01:20:25.32,18.79,-58.80,-996.37,297.50,-752.50,-472.50,1,94.264,
01/01/2000,01:20:25.33,18.06,-58.32,-996.37,323.75,-682.50,-236.25,1,94.266,
01/01/2000,01:20:25.34,17.57,-58.56,-996.62,236.25,-743.75,-323.75,1,94.267,
01/01/2000,01:20:25.35,17.57,-58.80,-997.59,96.25,-717.50,-280.0,1,94.268,
01/01/2000,01:20:25.36,17.69,-59.17,-998.94,245.0,-752.50,-490.0,1,94.269,
01/01/2000,01:20:25.37,17.69,-59.41,-999.91,315.0,-691.25,-420.0,1,94.270,
01/01/2000,01:20:25.38,17.45,-58.80,-999.67,157.50,-726.25,-350.0,1,94.271,
01/01/2000,01:20:25.39,16.84,-58.56,-998.94,157.50,-691.25,-210.0,1,94.272,
01/01/2000,01:20:25.40,16.35,-58.32,-998.33,166.25,-691.25,-148.75,1,94.273,
01/01/2000,01:20:25.41,15.98,-58.80,-999.42,201.25,-822.50,-315.0,1,94.274,
01/01/2000,01:20:25.42,15.74,-59.17,-1001.50,52.50,-848.75,-358.75,1,94.275,
01/01/2000,01:20:25.43,15.37,-59.66,-1003.57,271.25,-586.25,-350.0,1,94.276,
01/01/2000,01:20:25.44,15.01,-59.29,-1005.04,341.25,-638.75,-428.75,1,94.277,
01/01/2000,01:20:25.45,14.88,-58.32,-1005.40,113.75,-577.50,-332.50,1,94.261,
01/01/2000,01:20:25.46,15.13,-57.83,-1003.94,157.50,-717.50,-218.75,1,94.279,
01/01/2000,01:20:25.48,16.10,-58.07,-1000.64,166.25,-647.50,-306.25,1,94.263,
01/01/2000,01:20:25.49,16.84,-58.56,-998.81,78.75,-691.25,-245.0,1,94.264,
01/01/2000,01:20:25.50,17.57,-59.41,-997.72,87.50,-752.50,-323.75,1,94.265,
01/01/2000,01:20:25.51,18.18,-59.78,-997.96,227.50,-743.75,-533.75,1,94.266,
01/01/2000,01:20:25.52,18.06,-59.41,-998.94,280.0,-735.0,-332.50,1,94.267,
01/01/2000,01:20:25.53,17.57,-58.68,-999.91,122.50,-682.50,-306.25,1,94.268,
01/01/2000,01:20:25.54,16.47,-58.07,-1000.03,315.0,-638.75,-148.75,1,94.269,
01/01/2000,01:20:25.55,15.74,-57.58,-998.94,253.75,-463.75,-148.75,1,94.270,
01/01/2000,01:20:25.56,15.98,-57.95,-997.59,183.75,-700.0,-236.25,1,94.271,
01/01/2000,01:20:25.57,17.20,-59.05,-995.89,183.75,-726.25,-455.0,1,94.272,
01/01/2000,01:20:25.58,18.42,-59.78,-995.28,350.0,-761.25,-568.75,1,94.274,
01/01/2000,01:20:25.59,19.52,-59.66,-995.03,140.0,-673.75,-577.50,1,94.275,
01/01/2000,01:20:25.60,20.01,-59.17,-994.79,245.0,-761.25,-323.75,1,94.276,
01/01/2000,01:20:25.61,19.76,-57.95,-994.79,26.25,-700.0,-280.0,1,94.277,
01/01/2000,01:20:25.62,19.28,-57.83,-994.67,175.0,-752.50,-35.0,1,94.260,
01/01/2000,01:20:25.63,18.54,-58.07,-994.42,105.0,-682.50,-166.25,1,94.261,
01/01/2000,01:20:25.64,17.93,-58.68,-993.69,253.75,-691.25,-113.75,1,94.262,
01/01/2000,01:20:25.65,17.69,-58.80,-992.71,157.50,-673.75,-577.50,1,94.264,
01/01/2000,01:20:25.66,17.81,-58.80,-992.10,122.50,-770.0,-472.50,1,94.265,
01/01/2000,01:20:25.67,19.40,-58.56,-992.47,183.75,-770.0,-700.0,1,94.266,
01/01/2000,01:20:25.69,21.23,-58.07,-993.45,148.75,-603.75,-323.75,1,94.267,
01/01/2000,01:20:25.70,21.84,-58.07,-993.81,192.50,-735.0,-253.75,1,94.268,
01/01/2000,01:20:25.71,21.84,-58.32,-993.93,113.75,-612.50,-210.0,1,94.269,
01/01/2000,01:20:25.72,21.23,-58.56,-993.69,227.50,-656.25,-175.0,1,94.270,
01/01/2000,01:20:25.73,20.37,-58.68,-992.96,87.50,-647.50,-586.25,1,94.271,
01/01/2000,01:20:25.74,19.76,-58.56,-991.49,113.75,-717.50,-428.75,1,94.255,
01/01/2000,01:20:25.75,20.13,-58.32,-991.13,61.25,-752.50,-411.25,1,94.256,
01/01/2000,01:20:25.76,20.86,-58.56,-991.37,113.75,-630.0,-367.50,1,94.257,
01/01/2000,01:20:25.77,21.23,-58.68,-991.86,253.75,-708.75,-306.25,1,94.258,
01/01/2000,01:20:25.78,21.47,-58.80,-992.59,332.50,-691.25,-411.25,1,94.259,
01/01/2000,01:20:25.79,21.11,-58.93,-992.96,201.25,-656.25,-323.75,1,94.260,
01/01/2000,01:20:25.80,20.37,-58.68,-992.84,122.50,-735.0,-236.25,1,94.261,
01/01/2000,01:20:25.81,19.03,-58.32,-992.10,131.25,-717.50,-385.0,1,94.262,
01/01/2000,01:20:25.82,18.67,-58.07,-991.13,218.75,-630.0,-358.75,1,94.263,
01/01/2000,01:20:25.84,19.15,-57.95,-991.13,341.25,-796.25,-393.75,1,94.264,
01/01/2000,01:20:25.85,20.13,-58.68,-991.62,166.25,-700.0,-323.75,1,94.265,
01/01/2000,01:20:25.86,20.62,-58.80,-991.98,192.50,-743.75,-490.0,1,94.266,
01/01/2000,01:20:25.87,20.74,-59.05,-991.98,245.0,-708.75,-367.50,1,94.267,
01/01/2000,01:20:25.88,20.01,-58.56,-991.49,140.0,-612.50,-227.50,1,94.268,
01/01/2000,01:20:25.89,19.76,-58.32,-990.40,157.50,-691.25,-306.25,1,94.269,
01/01/2000,01:20:25.90,19.03,-57.95,-991.01,175.0,-691.25,-236.25,1,94.270,
01/01/2000,01:20:25.91,19.15,-58.80,-992.23,183.75,-612.50,-411.25,1,94.272,
01/01/2000,01:20:25.92,19.76,-58.80,-993.32,271.25,-551.25,-507.50,1,94.273,
01/01/2000,01:20:25.93,20.86,-58.56,-993.81,87.50,-682.50,-577.50,1,94.274,
01/01/2000,01:20:25.94,21.72,-58.07,-993.32,113.75,-638.75,-253.75,1,94.275,
01/01/2000,01:20:25.95,22.33,-58.07,-991.98,78.75,-726.25,-131.25,1,94.276,
01/01/2000,01:20:25.96,22.08,-58.44,-991.37,280.0,-665.0,-96.25,1,94.277,
01/01/2000,01:20:25.97,20.86,-59.05,-991.25,113.75,-595.0,-52.50,1,94.260,
01/01/2000,01:20:25.98,19.52,-59.17,-991.74,166.25,-708.75,-428.75,1,94.262,
01/01/2000,01:20:25.99,18.30,-58.93,-992.35,280.0,-717.50,-551.25,1,94.263,
01/01/2000,01:20:26.00,17.93,-58.19,-992.59,210.0,-735.0,-411.25,1,94.264,
01/01/2000,01:20:26.01,18.54,-57.71,-992.84,148.75,-621.25,-446.25,1,94.265,
01/01/2000,01:20:26.02,19.64,-58.07,-992.59,175.0,-673.75,-341.25,1,94.266,
01/01/2000,01:20:26.04,21.59,-58.80,-992.47,183.75,-778.75,-315.0,1,94.267,
01/01/2000,01:20:26.05,22.45,-59.05,-992.23,262.50,-752.50,-428.75,1,94.268,
01/01/2000,01:20:26.06,22.69,-59.17,-992.47,105.0,-743.75,-166.25,1,94.269,
01/01/2000,01:20:26.07,22.08,-58.56,-992.96,227.50,-656.25,-455.0,1,94.270,
01/01/2000,01:20:26.08,20.86,-57.95,-993.08,166.25,-673.75,-376.25,1,94.271,
01/01/2000,01:20:26.09,19.89,-57.46,-992.71,245.0,-691.25,-192.50,1,94.272,
01/01/2000,01:20:26.10,18.79,-57.46,-991.86,192.50,-682.50,-131.25,1,94.273,
01/01/2000,01:20:26.11,17.20,-58.07,-990.52,131.25,-708.75,-341.25,1,94.257,
01/01/2000,01:20:26.12,17.45,-58.68,-990.52,227.50,-761.25,-805.0,1,94.275,
01/01/2000,01:20:26.13,20.25,-58.93,-991.98,262.50,-708.75,-831.25,1,94.259,
01/01/2000,01:20:26.14,22.33,-58.68,-993.45,105.0,-717.50,-603.75,1,94.260,
01/01/2000,01:20:26.15,23.79,-58.32,-994.30,148.75,-708.75,-175.0,1,94.261,
01/01/2000,01:20:26.16,23.91,-58.07,-994.30,323.75,-673.75,210.0,1,94.262,
01/01/2000,01:20:26.17,21.47,-58.32,-993.32,0.0,-708.75,148.75,1,94.263,
01/01/2000,01:20:26.19,19.52,-58.80,-992.10,157.50,-656.25,-393.75,1,94.264,
01/01/2000,01:20:26.20,17.32,-58.80,-991.62,17.50,-743.75,-568.75,1,94.265,
01/01/2000,01:20:26.21,17.32,-58.80,-991.49,140.0,-568.75,-586.25,1,94.266,
01/01/2000,01:20:26.22,17.57,-58.44,-991.86,271.25,-630.0,-516.25,1,94.267,
01/01/2000,01:20:26.23,18.79,-58.32,-992.59,157.50,-586.25,-393.75,1,94.268,
01/01/2000,01:20:26.24,21.23,-58.68,-992.96,78.75,-656.25,-280.0,1,94.252,
01/01/2000,01:20:26.26,21.84,-58.93,-992.47,113.75,-673.75,-148.75,1,94.253,
01/01/2000,01:20:26.27,21.47,-59.29,-991.98,201.25,-682.50,-183.75,1,94.254,
01/01/2000,01:20:26.28,20.74,-59.29,-991.86,70.0,-708.75,-437.50,1,94.255,
01/01/2000,01:20:26.29,19.03,-58.80,-991.74,218.75,-691.25,-481.25,1,94.256,
01/01/2000,01:20:26.30,18.06,-58.32,-991.86,166.25,-743.75,-358.75,1,94.257,
01/01/2000,01:20:26.31,17.45,-58.32,-991.62,245.0,-638.75,-393.75,1,94.259,
01/01/2000,01:20:26.32,17.32,-58.32,-990.88,201.25,-525.0,-472.50,1,94.260,
01/01/2000,01:20:26.33,19.03,-58.68,-990.15,288.75,-717.50,-638.75,1,94.261,
01/01/2000,01:20:26.34,20.74,-58.68,-990.15,175.0,-700.0,-481.25,1,94.262,
01/01/2000,01:20:26.35,22.45,-59.05,-990.88,96.25,-778.75,-463.75,1,94.263,
01/01/2000,01:20:26.36,23.91,-59.17,-992.35,105.0,-700.0,-455.0,1,94.264,
01/01/2000,01:20:26.37,24.16,-58.80,-994.30,148.75,-726.25,-262.50,1,94.265,
01/01/2000,01:20:26.38,22.94,-58.56,-994.54,175.0,-700.0,-315.0,1,94.266,
01/01/2000,01:20:26.39,21.11,-58.07,-993.81,105.0,-726.25,-630.0,1,94.267,
01/01/2000,01:20:26.40,18.42,-58.07,-991.62,183.75,-691.25,-892.50,1,94.268,
01/01/2000,01:20:26.41,17.93,-58.56,-991.13,175.0,-577.50,-507.50,1,94.269,
01/01/2000,01:20:26.42,18.06,-59.05,-991.74,122.50,-691.25,-376.25,1,94.270,
01/01/2000,01:20:26.43,19.52,-59.41,-992.35,87.50,-682.50,-341.25,1,94.254,
01/01/2000,01:20:26.44,20.50,-59.05,-992.96,175.0,-656.25,-245.0,1,94.272,
01/01/2000,01:20:26.45,21.59,-58.56,-993.20,131.25,-761.25,-35.0,1,94.256,
01/01/2000,01:20:26.47,21.59,-58.32,-992.35,218.75,-656.25,-61.25,1,94.257,
01/01/2000,01:20:26.48,20.86,-58.56,-991.86,166.25,-796.25,-131.25,1,94.258,
01/01/2000,01:20:26.49,19.28,-59.05,-991.49,122.50,-673.75,-236.25,1,94.259,
01/01/2000,01:20:26.50,18.30,-59.41,-991.86,148.75,-752.50,-341.25,1,94.260,
01/01/2000,01:20:26.51,17.57,-59.29,-991.98,271.25,-647.50,-420.0,1,94.261,
01/01/2000,01:20:26.52,17.45,-58.68,-991.98,210.0,-638.75,-420.0,1,94.262,
01/01/2000,01:20:26.53,18.30,-58.19,-991.13,166.25,-656.25,-481.25,1,94.263,
01/01/2000,01:20:26.54,20.01,-57.95,-990.40,78.75,-691.25,-227.50,1,94.264,
01/01/2000,01:20:26.55,21.47,-58.93,-990.64,105.0,-752.50,-192.50,1,94.265,
01/01/2000,01:20:26.56,21.96,-59.66,-991.37,78.75,-717.50,-516.25,1,94.266,
01/01/2000,01:20:26.57,21.59,-59.78,-992.10,236.25,-717.50,-586.25,1,94.268,
01/01/2000,01:20:26.58,20.74,-59.41,-992.71,96.25,-682.50,-411.25,1,94.269,
01/01/2000,01:20:26.59,19.28,-58.44,-993.08,210.0,-735.0,-630.0,1,94.270,
01/01/2000,01:20:26.60,18.30,-57.95,-992.96,297.50,-673.75,-315.0,1,94.271,
01/01/2000,01:20:26.61,18.42,-58.44,-992.59,175.0,-630.0,113.75,1,94.255,
01/01/2000,01:20:26.62,19.28,-58.93,-992.23,35.0,-673.75,-140.0,1,94.256,
01/01/2000,01:20:26.63,20.37,-59.54,-991.98,175.0,-673.75,-481.25,1,94.257,
01/01/2000,01:20:26.64,21.35,-59.78,-992.10,122.50,-726.25,-516.25,1,94.258,
01/01/2000,01:20:26.65,22.69,-59.29,-992.23,227.50,-770.0,-385.0,1,94.259,
01/01/2000,01:20:26.66,22.69,-58.80,-992.23,201.25,-691.25,-70.0,1,94.260,
01/01/2000,01:20:26.68,21.47,-58.44,-991.86,113.75,-822.50,52.50,1,94.261,
01/01/2000,01:20:26.69,20.25,-58.56,-991.62,288.75,-638.75,-166.25,1,94.262,
01/01/2000,01:20:26.70,19.03,-59.05,-991.37,306.25,-770.0,-393.75,1,94.263,
01/01/2000,01:20:26.71,17.81,-59.05,-991.62,87.50,-665.0,-542.50,1,94.264,
01/01/2000,01:20:26.72,18.06,-59.05,-991.62,288.75,-630.0,-656.25,1,94.265,
01/01/2000,01:20:26.73,19.03,-58.44,-991.49,70.0,-595.0,-822.50,1,94.266,
01/01/2000,01:20:26.74,20.01,-58.07,-991.25,122.50,-682.50,-411.25,1,94.267,
01/01/2000,01:20:26.76,21.11,-58.80,-990.76,323.75,-708.75,-218.75,1,94.251,
01/01/2000,01:20:26.77,21.11,-59.54,-991.86,227.50,-770.0,-656.25,1,94.252,
01/01/2000,01:20:26.78,20.62,-59.78,-992.59,166.25,-761.25,-761.25,1,94.253,
01/01/2000,01:20:26.79,20.01,-59.41,-993.32,218.75,-717.50,-516.25,1,94.254,
01/01/2000,01:20:26.80,19.40,-58.80,-993.45,148.75,-630.0,-192.50,1,94.255,
01/01/2000,01:20:26.81,19.03,-57.95,-992.84,148.75,-708.75,-218.75,1,94.256,
01/01/2000,01:20:26.82,18.79,-58.19,-992.35,113.75,-805.0,-218.75,1,94.257,
01/01/2000,01:20:26.83,19.03,-58.80,-992.10,210.0,-638.75,-332.50,1,94.258,
01/01/2000,01:20:26.84,19.76,-59.41,-992.35,245.0,-638.75,-463.75,1,94.259,
01/01/2000,01:20:26.85,20.98,-59.66,-992.47,183.75,-831.25,-551.25,1,94.260,
01/01/2000,01:20:26.86,21.59,-59.29,-992.59,96.25,-638.75,-332.50,1,94.261,
01/01/2000,01:20:26.87,21.84,-58.80,-992.47,227.50,-787.50,-262.50,1,94.262,
01/01/2000,01:20:26.88,21.72,-58.44,-992.35,245.0,-735.0,-113.75,1,94.263,
01/01/2000,01:20:26.89,21.11,-58.44,-992.10,105.0,-656.25,-157.50,1,94.265,
01/01/2000,01:20:26.90,20.25,-59.05,-992.10,157.50,-700.0,43.75,1,94.266,
01/01/2000,01:20:26.91,19.52,-59.41,-992.47,210.0,-717.50,-446.25,1,94.267,
01/01/2000,01:20:26.92,19.28,-59.54,-992.84,253.75,-787.50,-455.0,1,94.268,
01/01/2000,01:20:26.93,19.52,-58.93,-992.71,253.75,-603.75,-621.25,1,94.269,
01/01/2000,01:20:26.94,19.89,-58.44,-991.86,218.75,-708.75,-367.50,1,94.270,
01/01/2000,01:20:26.95,20.25,-58.07,-990.64,148.75,-726.25,-455.0,1,94.271,
01/01/2000,01:20:26.96,20.74,-59.05,-990.64,245.0,-813.75,-603.75,1,94.255,
01/01/2000,01:20:26.97,21.11,-59.78,-991.86,157.50,-735.0,-577.50,1,94.256,
01/01/2000,01:20:26.98,21.59,-60.27,-993.45,218.75,-708.75,-560.0,1,94.257,
01/01/2000,01:20:26.99,21.23,-59.90,-994.42,280.0,-656.25,-367.50,1,94.258,
01/01/2000,01:20:27.00,20.74,-58.80,-994.18,341.25,-638.75,-105.0,1,94.259,
01/01/2000,01:20:27.01,19.89,-58.32,-993.08,140.0,-743.75,227.50,1,94.260,
01/01/2000,01:20:27.02,19.40,-58.44,-992.10,148.75,-612.50,-17.50,1,94.261,
01/01/2000,01:20:27.04,19.03,-59.41,-991.74,113.75,-770.0,-455.0,1,94.262,
01/01/2000,01:20:27.05,19.40,-59.90,-992.10,166.25,-735.0,-472.50,1,94.263,
01/01/2000,01:20:27.06,20.01,-60.02,-992.96,218.75,-726.25,-673.75,1,94.264,
01/01/2000,01:20:27.07,20.86,-59.29,-993.57,148.75,-700.0,-700.0,1,94.265,
01/01/2000,01:20:27.08,21.47,-58.56,-993.45,8.75,-621.25,-595.0,1,94.266,
01/01/2000,01:20:27.09,21.59,-58.68,-992.84,306.25,-516.25,-245.0,1,94.267,
01/01/2000,01:20:27.10,20.86,-59.29,-991.74,166.25,-708.75,-26.25,1,94.268,
01/01/2000,01:20:27.11,20.13,-59.90,-991.49,113.75,-700.0,-621.25,1,94.269,
01/01/2000,01:20:27.12,19.28,-60.15,-991.37,227.50,-752.50,-516.25,1,94.270,
01/01/2000,01:20:27.13,18.42,-59.29,-991.25,122.50,-673.75,-446.25,1,94.271,
01/01/2000,01:20:27.14,18.30,-58.56,-990.88,157.50,-621.25,-280.0,1,94.272,
01/01/2000,01:20:27.15,18.67,-57.95,-990.52,236.25,-647.50,-236.25,1,94.273,
01/01/2000,01:20:27.16,19.52,-58.07,-990.64,210.0,-857.50,-148.75,1,94.274,
01/01/2000,01:20:27.17,20.86,-59.29,-991.86,52.50,-682.50,-358.75,1,94.258,
01/01/2000,01:20:27.18,21.72,-60.02,-994.06,140.0,-673.75,-481.25,1,94.259,
01/01/2000,01:20:27.19,21.72,-59.78,-994.54,227.50,-682.50,-498.75,1,94.261,
01/01/2000,01:20:27.20,20.98,-58.80,-993.93,157.50,-542.50,-280.0,1,94.262,
01/01/2000,01:20:27.21,20.13,-58.19,-992.84,122.50,-726.25,-341.25,1,94.263,
01/01/2000,01:20:27.22,19.40,-58.07,-991.62,201.25,-673.75,-315.0,1,94.264,
01/01/2000,01:20:27.24,19.15,-59.05,-991.62,35.0,-673.75,-420.0,1,94.265,
01/01/2000,01:20:27.25,19.76,-60.02,-992.23,280.0,-665.0,-481.25,1,94.266,
01/01/2000,01:20:27.26,20.13,-59.78,-992.84,-8.75,-796.25,-516.25,1,94.250,
01/01/2000,01:20:27.27,20.25,-58.93,-992.59,227.50,-778.75,-262.50,1,94.251,
01/01/2000,01:20:27.28,20.37,-58.32,-992.35,323.75,-708.75,-280.0,1,94.252,
01/01/2000,01:20:27.29,20.50,-58.32,-992.10,87.50,-647.50,17.50,1,94.253,
01/01/2000,01:20:27.30,20.25,-58.56,-991.62,245.0,-665.0,-385.0,1,94.254,
01/01/2000,01:20:27.31,20.01,-59.29,-991.13,253.75,-700.0,-603.75,1,94.255,
01/01/2000,01:20:27.32,19.40,-59.54,-990.52,105.0,-682.50,-516.25,1,94.256,
01/01/2000,01:20:27.33,18.91,-59.29,-990.15,236.25,-726.25,-560.0,1,94.257,
01/01/2000,01:20:27.34,18.54,-58.80,-990.15,201.25,-743.75,-717.50,1,94.258,
01/01/2000,01:20:27.35,18.79,-58.56,-990.64,227.50,-621.25,-280.0,1,94.259,
01/01/2000,01:20:27.37,19.64,-58.56,-992.10,140.0,-638.75,-350.0,1,94.260,
01/01/2000,01:20:27.37,21.59,-59.29,-993.20,140.0,-761.25,-551.25,1,94.261,
01/01/2000,01:20:27.39,22.33,-59.78,-994.06,262.50,-708.75,-367.50,1,94.262,
01/01/2000,01:20:27.40,22.57,-59.78,-994.42,183.75,-708.75,-113.75,1,94.263,
01/01/2000,01:20:27.41,21.47,-59.17,-993.93,148.75,-700.0,-131.25,1,94.264,
01/01/2000,01:20:27.42,20.25,-58.93,-993.20,280.0,-630.0,-288.75,1,94.265,
01/01/2000,01:20:27.43,19.15,-58.68,-992.23,253.75,-621.25,-358.75,1,94.266,
01/01/2000,01:20:27.44,18.42,-58.56,-991.49,105.0,-743.75,-393.75,1,94.267,
01/01/2000,01:20:27.45,18.18,-59.05,-991.37,183.75,-761.25,-402.50,1,94.268,
01/01/2000,01:20:27.46,18.67,-59.54,-992.23,-8.75,-726.25,-560.0,1,94.269,
01/01/2000,01:20:27.47,19.76,-59.54,-992.84,140.0,-682.50,-525.0,1,94.270,
01/01/2000,01:20:27.48,20.62,-59.05,-993.08,227.50,-708.75,-411.25,1,94.271,
01/01/2000,01:20:27.49,21.11,-58.80,-993.08,52.50,-717.50,-262.50,1,94.272,
01/01/2000,01:20:27.50,21.11,-58.93,-992.59,96.25,-752.50,-131.25,1,94.273,
01/01/2000,01:20:27.51,20.74,-59.29,-991.86,262.50,-638.75,-306.25,1,94.274,
01/01/2000,01:20:27.52,19.52,-59.29,-990.52,183.75,-752.50,-560.0,1,94.259,
01/01/2000,01:20:27.53,18.67,-59.29,-989.79,210.0,-761.25,-288.75,1,94.260,
01/01/2000,01:20:27.54,17.93,-59.05,-989.91,78.75,-822.50,-385.0,1,94.261,
01/01/2000,01:20:27.55,18.06,-59.05,-990.76,183.75,-568.75,-350.0,1,94.262,
01/01/2000,01:20:27.56,18.79,-58.93,-993.32,131.25,-673.75,-463.75,1,94.263,
01/01/2000,01:20:27.57,20.74,-58.68,-994.54,166.25,-507.50,-385.0,1,94.264,
01/01/2000,01:20:27.58,22.08,-58.80,-995.03,402.50,-638.75,-367.50,1,94.265,
01/01/2000,01:20:27.60,23.30,-58.93,-994.18,218.75,-717.50,-166.25,1,94.266,
01/01/2000,01:20:27.61,22.94,-59.41,-992.84,157.50,-840.0,-96.25,1,94.267,
01/01/2000,01:20:27.62,21.96,-59.78,-991.86,96.25,-778.75,-113.75,1,94.268,
01/01/2000,01:20:27.63,20.01,-59.78,-991.37,218.75,-708.75,-332.50,1,94.269,
01/01/2000,01:20:27.64,18.91,-59.29,-991.62,166.25,-682.50,-446.25,1,94.270,
01/01/2000,01:20:27.65,18.30,-59.05,-992.10,157.50,-735.0,-306.25,1,94.271,
01/01/2000,01:20:27.66,18.54,-58.68,-992.96,175.0,-700.0,-323.75,1,94.255,
01/01/2000,01:20:27.67,19.28,-58.80,-993.08,175.0,-656.25,-350.0,1,94.256,
01/01/2000,01:20:27.68,19.89,-59.41,-992.59,105.0,-673.75,-341.25,1,94.257,
01/01/2000,01:20:27.69,21.11,-59.54,-992.35,210.0,-691.25,-455.0,1,94.258,
01/01/2000,01:20:27.70,21.72,-59.66,-992.23,201.25,-717.50,-481.25,1,94.259,
01/01/2000,01:20:27.71,21.72,-59.41,-991.86,201.25,-577.50,-306.25,1,94.260,
01/01/2000,01:20:27.72,20.74,-59.17,-990.76,280.0,-691.25,-157.50,1,94.261,
01/01/2000,01:20:27.74,19.28,-58.56,-989.66,52.50,-787.50,-332.50,1,94.262,
01/01/2000,01:20:27.75,18.54,-59.17,-990.88,166.25,-673.75,-306.25,1,94.263,
01/01/2000,01:20:27.76,18.79,-59.54,-992.84,0.0,-533.75,-358.75,1,94.264,
01/01/2000,01:20:27.77,19.52,-59.54,-995.28,131.25,-612.50,-358.75,1,94.265,
01/01/2000,01:20:27.78,20.25,-59.29,-995.28,122.50,-630.0,-306.25,1,94.250,
01/01/2000,01:20:27.79,20.98,-58.56,-993.81,166.25,-682.50,-280.0,1,94.267,
01/01/2000,01:20:27.80,21.23,-58.80,-992.35,218.75,-778.75,-148.75,1,94.252,
01/01/2000,01:20:27.81,21.72,-59.29,-991.37,262.50,-656.25,-332.50,1,94.253,
01/01/2000,01:20:27.82,21.47,-60.02,-991.25,227.50,-770.0,-306.25,1,94.254,
01/01/2000,01:20:27.83,21.35,-59.90,-991.74,17.50,-717.50,-428.75,1,94.255,
01/01/2000,01:20:27.84,21.11,-59.78,-992.59,271.25,-612.50,-481.25,1,94.256,
01/01/2000,01:20:27.85,20.50,-58.93,-993.08,210.0,-700.0,-245.0,1,94.257,
01/01/2000,01:20:27.86,19.89,-58.56,-993.08,245.0,-726.25,-148.75,1,94.258,
01/01/2000,01:20:27.87,19.28,-58.68,-992.59,105.0,-621.25,-280.0,1,94.259,
01/01/2000,01:20:27.89,18.67,-58.93,-992.10,245.0,-717.50,-245.0,1,94.260,
01/01/2000,01:20:27.90,18.42,-59.41,-991.25,288.75,-603.75,-367.50,1,94.261,
01/01/2000,01:20:27.91,18.30,-59.54,-989.66,175.0,-691.25,-385.0,1,94.262,
01/01/2000,01:20:27.92,18.54,-59.17,-989.05,131.25,-700.0,-367.50,1,94.263,
01/01/2000,01:20:27.93,19.03,-59.05,-989.18,236.25,-717.50,-446.25,1,94.264,
01/01/2000,01:20:27.94,19.76,-58.80,-990.40,236.25,-682.50,-385.0,1,94.265,
01/01/2000,01:20:27.95,20.74,-59.41,-993.08,280.0,-682.50,-385.0,1,94.266,
01/01/2000,01:20:27.96,21.23,-59.29,-994.67,175.0,-612.50,-280.0,1,94.267,
01/01/2000,01:20:27.97,21.23,-59.54,-995.03,105.0,-673.75,-306.25,1,94.268,
01/01/2000,01:20:27.98,20.98,-59.41,-994.30,166.25,-700.0,-358.75,1,94.269,
01/01/2000,01:20:27.99,19.89,-59.29,-992.59,148.75,-577.50,-323.75,1,94.270,
01/01/2000,01:20:28.00,19.52,-59.29,-991.98,166.25,-621.25,-367.50,1,94.271,
01/01/2000,01:20:28.01,19.03,-59.41,-991.98,218.75,-577.50,-315.0,1,94.272,
01/01/2000,01:20:28.02,19.28,-59.29,-992.59,175.0,-708.75,-420.0,1,94.273,
01/01/2000,01:20:28.03,19.76,-59.29,-992.96,245.0,-621.25,-428.75,1,94.274,
01/01/2000,01:20:28.04,20.74,-59.17,-992.71,210.0,-525.0,-481.25,1,94.275,
01/01/2000,01:20:28.05,22.08,-58.80,-992.35,218.75,-708.75,-323.75,1,94.276,
01/01/2000,01:20:28.06,22.81,-59.05,-991.86,96.25,-787.50,-166.25,1,94.277,
01/01/2000,01:20:28.07,22.69,-59.66,-991.49,411.25,-831.25,-323.75,1,94.278,
01/01/2000,01:20:28.08,21.47,-60.15,-991.49,253.75,-778.75,-236.25,1,94.262,
01/01/2000,01:20:28.10,20.25,-59.54,-991.13,148.75,-665.0,-376.25,1,94.263,
01/01/2000,01:20:28.10,18.30,-58.80,-990.40,280.0,-717.50,-262.50,1,94.264,
01/01/2000,01:20:28.12,17.32,-58.32,-989.91,87.50,-700.0,-323.75,1,94.265,
01/01/2000,01:20:28.12,17.45,-58.44,-990.15,78.75,-787.50,-376.25,1,94.267,
01/01/2000,01:20:28.14,18.30,-58.80,-991.01,113.75,-752.50,-507.50,1,94.268,
01/01/2000,01:20:28.15,19.40,-59.66,-992.96,201.25,-673.75,-533.75,1,94.269,
01/01/2000,01:20:28.16,22.20,-59.78,-994.42,140.0,-743.75,-630.0,1,94.270,
01/01/2000,01:20:28.17,22.69,-59.29,-994.54,166.25,-700.0,-385.0,1,94.271,
01/01/2000,01:20:28.18,22.45,-59.05,-993.81,183.75,-691.25,-245.0,1,94.272,
01/01/2000,01:20:28.19,21.84,-59.05,-993.08,113.75,-656.25,-236.25,1,94.273,
01/01/2000,01:20:28.20,20.74,-59.17,-992.35,61.25,-708.75,-236.25,1,94.274,
01/01/2000,01:20:28.21,19.28,-59.66,-991.74,140.0,-586.25,-411.25,1,94.275,
01/01/2000,01:20:28.22,18.54,-59.54,-991.49,175.0,-743.75,-428.75,1,94.276,
01/01/2000,01:20:28.23,18.06,-59.41,-991.37,271.25,-700.0,-297.50,1,94.260,
01/01/2000,01:20:28.24,18.54,-59.17,-991.37,113.75,-682.50,-350.0,1,94.261,
01/01/2000,01:20:28.25,18.67,-59.29,-991.62,210.0,-682.50,-332.50,1,94.262,
01/01/2000,01:20:28.26,19.89,-59.29,-991.98,140.0,-612.50,-350.0,1,94.263,
01/01/2000,01:20:28.27,20.74,-59.66,-991.98,166.25,-621.25,-323.75,1,94.264,
01/01/2000,01:20:28.29,21.59,-59.66,-991.25,175.0,-542.50,-332.50,1,94.265,
01/01/2000,01:20:28.30,21.72,-59.41,-990.40,236.25,-700.0,-367.50,1,94.266,
01/01/2000,01:20:28.31,21.47,-59.54,-990.52,227.50,-848.75,-350.0,1,94.267,
01/01/2000,01:20:28.32,21.11,-59.78,-991.62,157.50,-673.75,-463.75,1,94.268,
01/01/2000,01:20:28.33,20.62,-59.78,-993.08,341.25,-682.50,-428.75,1,94.269,
01/01/2000,01:20:28.34,19.76,-59.66,-993.81,52.50,-621.25,-271.25,1,94.270,
01/01/2000,01:20:28.35,19.28,-59.54,-993.57,227.50,-735.0,-350.0,1,94.271,
01/01/2000,01:20:28.36,19.28,-59.05,-992.84,0.0,-665.0,-280.0,1,94.272,
01/01/2000,01:20:28.37,19.52,-59.29,-991.86,262.50,-743.75,-393.75,1,94.273,
01/01/2000,01:20:28.38,20.37,-59.66,-991.37,0.0,-656.25,-341.25,1,94.274,
01/01/2000,01:20:28.39,20.98,-60.15,-991.49,210.0,-813.75,-323.75,1,94.259,
01/01/2000,01:20:28.40,21.23,-60.15,-991.86,218.75,-752.50,-577.50,1,94.276,
01/01/2000,01:20:28.41,21.47,-59.90,-992.47,227.50,-665.0,-262.50,1,94.261,
01/01/2000,01:20:28.42,21.11,-59.05,-992.71,262.50,-717.50,-341.25,1,94.262,
01/01/2000,01:20:28.43,20.62,-58.93,-992.23,253.75,-673.75,-367.50,1,94.263,
01/01/2000,01:20:28.45,20.25,-59.29,-991.74,192.50,-638.75,-323.75,1,94.264,
01/01/2000,01:20:28.46,20.13,-59.54,-991.74,70.0,-603.75,-262.50,1,94.265,
01/01/2000,01:20:28.47,20.25,-59.90,-991.37,166.25,-630.0,-350.0,1,94.266,
01/01/2000,01:20:28.48,20.13,-59.78,-990.76,140.0,-700.0,-393.75,1,94.267,
01/01/2000,01:20:28.49,19.52,-59.29,-990.40,218.75,-778.75,-402.50,1,94.268,
01/01/2000,01:20:28.50,19.28,-59.29,-991.01,122.50,-743.75,-332.50,1,94.269,
01/01/2000,01:20:28.51,20.01,-59.05,-992.84,70.0,-665.0,-332.50,1,94.270,
01/01/2000,01:20:28.52,20.74,-59.41,-993.81,218.75,-691.25,-306.25,1,94.271,
01/01/2000,01:20:28.53,21.23,-59.54,-994.06,341.25,-761.25,-481.25,1,94.272,
01/01/2000,01:20:28.54,21.96,-59.29,-993.08,236.25,-665.0,-428.75,1,94.273,
01/01/2000,01:20:28.55,22.08,-59.29,-992.47,140.0,-778.75,-210.0,1,94.274,
01/01/2000,01:20:28.56,21.96,-59.54,-992.23,140.0,-770.0,-271.25,1,94.275,
01/01/2000,01:20:28.57,21.35,-59.90,-992.59,87.50,-708.75,-332.50,1,94.276,
01/01/2000,01:20:28.58,20.37,-59.54,-993.69,122.50,-673.75,-367.50,1,94.260,
01/01/2000,01:20:28.59,19.64,-59.29,-993.57,350.0,-770.0,-280.0,1,94.261,
01/01/2000,01:20:28.60,19.15,-58.68,-992.71,70.0,-647.50,-358.75,1,94.262,
01/01/2000,01:20:28.61,19.03,-58.80,-991.62,253.75,-673.75,-166.25,1,94.263,
01/01/2000,01:20:28.62,19.40,-59.05,-990.88,105.0,-761.25,-358.75,1,94.264,
01/01/2000,01:20:28.63,19.76,-59.54,-990.40,35.0,-682.50,-385.0,1,94.265,
01/01/2000,01:20:28.64,20.25,-59.78,-991.01,253.75,-647.50,-472.50,1,94.266,
01/01/2000,01:20:28.66,20.50,-59.54,-991.49,157.50,-752.50,-420.0,1,94.267,
01/01/2000,01:20:28.67,20.13,-58.80,-991.37,96.25,-708.75,-201.25,1,94.268,
01/01/2000,01:20:28.68,19.64,-58.68,-991.62,166.25,-735.0,-157.50,1,94.269,
01/01/2000,01:20:28.69,19.52,-59.05,-991.98,70.0,-770.0,-262.50,1,94.270,
01/01/2000,01:20:28.70,19.52,-59.54,-992.59,166.25,-673.75,-437.50,1,94.271,
01/01/2000,01:20:28.71,19.89,-60.02,-992.59,306.25,-682.50,-437.50,1,94.272,
01/01/2000,01:20:28.72,20.50,-59.54,-992.35,271.25,-708.75,-297.50,1,94.257,
01/01/2000,01:20:28.73,20.62,-59.17,-992.23,105.0,-761.25,-358.75,1,94.258,
01/01/2000,01:20:28.74,20.50,-59.41,-992.10,323.75,-857.50,-341.25,1,94.259,
01/01/2000,01:20:28.75,20.25,-59.41,-991.98,227.50,-603.75,-297.50,1,94.260,
01/01/2000,01:20:28.76,19.76,-59.66,-991.98,175.0,-726.25,-437.50,1,94.261,
01/01/2000,01:20:28.77,19.76,-59.78,-991.86,201.25,-647.50,-437.50,1,94.262,
01/01/2000,01:20:28.78,20.37,-59.54,-992.10,192.50,-612.50,-568.75,1,94.263,
01/01/2000,01:20:28.80,21.59,-59.05,-991.86,148.75,-682.50,-218.75,1,94.264,
01/01/2000,01:20:28.81,21.72,-59.78,-991.86,17.50,-805.0,-183.75,1,94.265,
01/01/2000,01:20:28.82,21.23,-60.27,-991.98,323.75,-778.75,-367.50,1,94.249,
01/01/2000,01:20:28.83,20.50,-60.15,-991.86,236.25,-805.0,-463.75,1,94.267,
01/01/2000,01:20:28.84,19.76,-59.78,-991.62,218.75,-717.50,-516.25,1,94.251,
01/01/2000,01:20:28.85,19.28,-59.05,-991.13,218.75,-691.25,-472.50,1,94.252,
01/01/2000,01:20:28.86,19.03,-58.80,-990.88,157.50,-691.25,-157.50,1,94.253,
01/01/2000,01:20:28.87,19.40,-59.17,-991.62,262.50,-691.25,-323.75,1,94.254,
01/01/2000,01:20:28.88,19.76,-59.66,-992.84,192.50,-638.75,-402.50,1,94.255,
01/01/2000,01:20:28.89,20.50,-60.02,-993.93,122.50,-717.50,-507.50,1,94.256,
01/01/2000,01:20:28.90,20.74,-60.02,-993.81,262.50,-770.0,-498.75,1,94.257,
01/01/2000,01:20:28.91,20.86,-59.29,-993.08,113.75,-691.25,-341.25,1,94.258,
01/01/2000,01:20:28.92,20.62,-59.41,-991.98,306.25,-665.0,-332.50,1,94.259,
01/01/2000,01:20:28.94,20.13,-59.54,-991.37,175.0,-848.75,-280.0,1,94.260,
01/01/2000,01:20:28.95,19.76,-59.90,-991.74,227.50,-665.0,-332.50,1,94.261,
01/01/2000,01:20:28.96,19.64,-60.02,-992.10,157.50,-472.50,-420.0,1,94.262,
01/01/2000,01:20:28.97,19.64,-59.90,-992.47,236.25,-682.50,-367.50,1,94.263,
01/01/2000,01:20:28.98,19.64,-59.29,-992.35,227.50,-665.0,-271.25,1,94.264,
01/01/2000,01:20:28.99,19.89,-59.29,-992.10,253.75,-691.25,-376.25,1,94.265,
01/01/2000,01:20:29.00,19.76,-59.29,-991.62,113.75,-603.75,-323.75,1,94.266,
01/01/2000,01:20:29.01,19.76,-59.78,-991.13,245.0,-612.50,-428.75,1,94.267,
01/01/2000,01:20:29.02,19.76,-60.02,-990.64,157.50,-682.50,-350.0,1,94.268,
01/01/2000,01:20:29.03,19.52,-59.78,-990.15,201.25,-735.0,-420.0,1,94.269,
01/01/2000,01:20:29.04,19.89,-59.41,-990.64,210.0,-752.50,-411.25,1,94.270,
01/01/2000,01:20:29.05,20.25,-59.29,-992.10,227.50,-787.50,-218.75,1,94.271,
01/01/2000,01:20:29.06,20.86,-59.17,-993.45,61.25,-621.25,-428.75,1,94.272,
01/01/2000,01:20:29.07,21.59,-59.41,-994.42,157.50,-735.0,-332.50,1,94.257,
01/01/2000,01:20:29.08,21.96,-59.54,-994.06,70.0,-700.0,-175.0,1,94.258,
01/01/2000,01:20:29.09,21.72,-59.78,-992.35,227.50,-787.50,-315.0,1,94.259,
01/01/2000,01:20:29.10,20.98,-59.54,-991.62,183.75,-700.0,-262.50,1,94.260,
01/01/2000,01:20:29.11,20.50,-59.78,-991.37,218.75,-700.0,-350.0,1,94.261,
01/01/2000,01:20:29.12,19.76,-59.54,-991.49,175.0,-700.0,-411.25,1,94.262,
01/01/2000,01:20:29.13,19.28,-59.54,-992.47,210.0,-647.50,-420.0,1,94.263,
01/01/2000,01:20:29.15,19.15,-59.41,-993.45,201.25,-682.50,-455.0,1,94.264,
01/01/2000,01:20:29.16,19.89,-59.29,-993.57,192.50,-621.25,-315.0,1,94.265,
01/01/2000,01:20:29.17,20.74,-59.41,-993.32,253.75,-726.25,-393.75,1,94.266,
01/01/2000,01:20:29.18,21.23,-59.90,-992.96,183.75,-630.0,-236.25,1,94.267,
01/01/2000,01:20:29.19,21.72,-60.27,-992.59,131.25,-691.25,-332.50,1,94.268,
01/01/2000,01:20:29.20,21.35,-60.39,-991.98,253.75,-708.75,-560.0,1,94.269,
01/01/2000,01:20:29.21,20.62,-59.90,-991.01,105.0,-586.25,-323.75,1,94.270,
01/01/2000,01:20:29.22,19.52,-59.17,-990.40,175.0,-805.0,-376.25,1,94.271,
01/01/2000,01:20:29.23,19.15,-59.54,-990.88,140.0,-630.0,-297.50,1,94.272,
01/01/2000,01:20:29.24,19.28,-59.66,-991.98,271.25,-726.25,-350.0,1,94.273,
01/01/2000,01:20:29.25,19.52,-60.02,-993.57,245.0,-603.75,-472.50,1,94.274,
01/01/2000,01:20:29.26,20.50,-59.90,-994.06,175.0,-612.50,-411.25,1,94.275,
01/01/2000,01:20:29.27,20.98,-59.78,-993.93,280.0,-682.50,-350.0,1,94.276,
01/01/2000,01:20:29.29,21.47,-59.41,-993.08,52.50,-682.50,-332.50,1,94.260,
01/01/2000,01:20:29.30,21.23,-59.29,-992.47,166.25,-682.50,-341.25,1,94.261,
01/01/2000,01:20:29.31,20.62,-59.78,-992.10,131.25,-761.25,-323.75,1,94.262,
01/01/2000,01:20:29.32,20.01,-60.02,-991.98,306.25,-682.50,-385.0,1,94.263,
01/01/2000,01:20:29.33,19.89,-59.78,-991.98,96.25,-630.0,-420.0,1,94.264,
01/01/2000,01:20:29.34,20.01,-59.54,-992.35,280.0,-787.50,-393.75,1,94.265,
01/01/2000,01:20:29.35,20.62,-59.41,-992.59,201.25,-665.0,-358.75,1,94.266,
01/01/2000,01:20:29.36,21.35,-59.66,-992.47,376.25,-673.75,-271.25,1,94.251,
01/01/2000,01:20:29.37,21.96,-59.66,-992.10,218.75,-726.25,-350.0,1,94.252,
01/01/2000,01:20:29.38,21.96,-60.02,-991.74,87.50,-700.0,-332.50,1,94.253,
01/01/2000,01:20:29.39,21.72,-59.90,-991.49,148.75,-752.50,-315.0,1,94.254,
01/01/2000,01:20:29.40,20.50,-59.90,-991.25,148.75,-743.75,-420.0,1,94.255,
01/01/2000,01:20:29.41,19.52,-59.54,-991.13,140.0,-656.25,-393.75,1,94.256,
01/01/2000,01:20:29.42,18.79,-59.29,-991.62,166.25,-673.75,-253.75,1,94.257,
01/01/2000,01:20:29.43,18.79,-59.66,-993.08,280.0,-621.25,-367.50,1,94.258,
01/01/2000,01:20:29.44,19.28,-60.02,-993.81,192.50,-726.25,-428.75,1,94.259,
01/01/2000,01:20:29.45,20.13,-59.90,-993.93,140.0,-708.75,-428.75,1,94.260,
01/01/2000,01:20:29.46,21.11,-60.02,-993.81,131.25,-708.75,-393.75,1,94.261,
01/01/2000,01:20:29.47,22.08,-59.78,-993.57,140.0,-752.50,-280.0,1,94.262,
01/01/2000,01:20:29.48,21.96,-60.27,-993.20,227.50,-673.75,-271.25,1,94.263,
01/01/2000,01:20:29.50,20.98,-60.02,-992.35,61.25,-735.0,-271.25,1,94.264,
01/01/2000,01:20:29.51,20.01,-60.02,-991.86,148.75,-700.0,-253.75,1,94.265,
01/01/2000,01:20:29.52,19.28,-59.90,-991.49,350.0,-691.25,-358.75,1,94.266,
01/01/2000,01:20:29.53,18.91,-59.54,-991.37,218.75,-735.0,-341.25,1,94.267,
01/01/2000,01:20:29.54,19.28,-59.54,-991.62,175.0,-560.0,-253.75,1,94.268,
01/01/2000,01:20:29.55,19.89,-60.02,-991.86,218.75,-735.0,-393.75,1,94.269,
01/01/2000,01:20:29.56,20.62,-60.27,-991.86,192.50,-761.25,-463.75,1,94.270,
01/01/2000,01:20:29.57,21.23,-60.27,-991.62,157.50,-647.50,-428.75,1,94.255,
01/01/2000,01:20:29.58,20.86,-60.27,-991.13,166.25,-813.75,-227.50,1,94.256,
01/01/2000,01:20:29.59,19.76,-60.15,-990.64,140.0,-700.0,-245.0,1,94.257,
01/01/2000,01:20:29.60,19.03,-60.15,-990.64,210.0,-656.25,-315.0,1,94.258,
01/01/2000,01:20:29.61,18.67,-60.15,-991.13,236.25,-630.0,-446.25,1,94.259,
01/01/2000,01:20:29.62,18.91,-59.90,-992.10,70.0,-743.75,-341.25,1,94.260,
01/01/2000,01:20:29.64,20.01,-60.02,-993.45,210.0,-735.0,-455.0,1,94.261,
01/01/2000,01:20:29.65,20.98,-60.02,-993.45,113.75,-638.75,-323.75,1,94.262,
01/01/2000,01:20:29.66,21.96,-59.90,-992.96,35.0,-691.25,-437.50,1,94.263,
01/01/2000,01:20:29.67,22.45,-60.27,-992.84,113.75,-743.75,-358.75,1,94.264,
01/01/2000,01:20:29.68,22.20,-60.51,-992.84,201.25,-726.25,-376.25,1,94.265,
01/01/2000,01:20:29.69,21.59,-60.39,-992.71,87.50,-770.0,-420.0,1,94.266,
01/01/2000,01:20:29.70,20.37,-60.15,-992.10,218.75,-682.50,-306.25,1,94.267,
01/01/2000,01:20:29.71,19.15,-59.54,-991.25,175.0,-691.25,-262.50,1,94.268,
01/01/2000,01:20:29.72,18.67,-59.78,-990.76,262.50,-612.50,-262.50,1,94.269,
01/01/2000,01:20:29.73,18.79,-59.66,-990.52,43.75,-717.50,-367.50,1,94.269,
01/01/2000,01:20:29.74,19.03,-60.15,-990.76,253.75,-708.75,-490.0,1,94.270,
01/01/2000,01:20:29.75,19.76,-60.02,-990.64,148.75,-682.50,-315.0,1,94.271,
01/01/2000,01:20:29.76,20.98,-60.15,-989.91,271.25,-743.75,-525.0,1,94.272,
01/01/2000,01:20:29.77,21.84,-59.66,-988.93,61.25,-735.0,-498.75,1,94.273,
01/01/2000,01:20:29.78,23.06,-59.54,-987.71,218.75,-708.75,-376.25,1,94.258,
01/01/2000,01:20:29.79,23.67,-59.90,-986.98,218.75,-656.25,-376.25,1,94.259,
01/01/2000,01:20:29.80,23.91,-60.02,-986.13,52.50,-603.75,-385.0,1,94.260,
01/01/2000,01:20:29.81,23.91,-59.78,-985.03,148.75,-665.0,-332.50,1,94.261,
01/01/2000,01:20:29.83,23.42,-59.54,-985.15,96.25,-752.50,-376.25,1,94.262,
01/01/2000,01:20:29.84,22.81,-59.78,-986.00,201.25,-752.50,-262.50,1,94.263,
01/01/2000,01:20:29.85,22.45,-59.90,-987.71,183.75,-603.75,-376.25,1,94.264,
01/01/2000,01:20:29.86,22.45,-60.15,-988.44,280.0,-560.0,-376.25,1,94.265,
01/01/2000,01:20:29.87,22.69,-59.78,-987.83,157.50,-761.25,-463.75,1,94.266,
01/01/2000,01:20:29.88,23.42,-59.41,-986.49,122.50,-691.25,-428.75,1,94.267,
01/01/2000,01:20:29.89,24.40,-59.05,-982.59,218.75,-577.50,-262.50,1,94.268,
01/01/2000,01:20:29.90,25.62,-59.54,-980.03,306.25,-708.75,-323.75,1,94.269,
01/01/2000,01:20:29.91,26.23,-59.54,-978.44,157.50,-735.0,-367.50,1,94.270,
01/01/2000,01:20:29.92,26.35,-60.15,-978.44,87.50,-901.25,-428.75,1,94.255,
01/01/2000,01:20:29.93,25.50,-60.39,-980.88,236.25,-778.75,-183.75,1,94.256,
01/01/2000,01:20:29.94,24.40,-60.02,-982.95,96.25,-630.0,-323.75,1,94.257,
01/01/2000,01:20:29.95,23.42,-59.54,-984.78,332.50,-621.25,-481.25,1,94.258,
01/01/2000,01:20:29.96,22.81,-58.80,-985.88,87.50,-603.75,-131.25,1,94.259,
01/01/2000,01:20:29.97,22.57,-59.54,-985.88,280.0,-735.0,0.0,1,94.260,
01/01/2000,01:20:29.98,22.57,-59.54,-985.39,140.0,-682.50,-385.0,1,94.261,
01/01/2000,01:20:30.00,23.79,-60.27,-984.54,78.75,-647.50,-455.0,1,94.262,
01/01/2000,01:20:30.01,24.03,-60.15,-984.05,358.75,-656.25,-481.25,1,94.263,
01/01/2000,01:20:30.02,23.42,-59.90,-984.05,166.25,-831.25,-201.25,1,94.264,
01/01/2000,01:20:30.03,22.57,-60.02,-985.03,210.0,-761.25,-341.25,1,94.265,
01/01/2000,01:20:30.04,21.23,-59.90,-987.83,236.25,-595.0,-376.25,1,94.266,
01/01/2000,01:20:30.05,20.62,-59.66,-989.18,122.50,-603.75,-393.75,1,94.267,
01/01/2000,01:20:30.06,20.62,-59.41,-989.30,70.0,-691.25,-358.75,1,94.268,
01/01/2000,01:20:30.07,20.98,-59.29,-988.81,61.25,-595.0,-323.75,1,94.269,
01/01/2000,01:20:30.08,21.35,-60.02,-988.57,201.25,-700.0,-306.25,1,94.270,
01/01/2000,01:20:30.09,21.47,-60.51,-989.18,192.50,-848.75,-393.75,1,94.271,
01/01/2000,01:20:30.10,21.23,-60.63,-990.03,113.75,-726.25,-385.0,1,94.272,
01/01/2000,01:20:30.11,20.86,-60.15,-990.88,236.25,-743.75,-472.50,1,94.273,
01/01/2000,01:20:30.12,20.62,-59.54,-991.25,122.50,-682.50,-253.75,1,94.274,
01/01/2000,01:20:30.13,20.62,-59.05,-991.13,113.75,-638.75,-218.75,1,94.258,
01/01/2000,01:20:30.15,20.86,-59.54,-991.01,140.0,-691.25,-350.0,1,94.259,
01/01/2000,01:20:30.15,21.11,-60.39,-990.64,78.75,-656.25,-306.25,1,94.260,
01/01/2000,01:20:30.17,20.86,-60.63,-990.64,96.25,-708.75,-350.0,1,94.261,
01/01/2000,01:20:30.18,20.74,-60.27,-990.88,157.50,-708.75,-472.50,1,94.262,
01/01/2000,01:20:30.19,20.50,-59.78,-991.13,166.25,-603.75,-385.0,1,94.263,
01/01/2000,01:20:30.20,20.37,-59.05,-991.37,148.75,-691.25,-210.0,1,94.264,
01/01/2000,01:20:30.21,20.50,-59.66,-991.62,35.0,-630.0,-218.75,1,94.265,
01/01/2000,01:20:30.22,20.62,-60.51,-991.49,113.75,-673.75,-385.0,1,94.266,
01/01/2000,01:20:30.23,20.62,-60.76,-991.37,35.0,-770.0,-411.25,1,94.267,
01/01/2000,01:20:30.24,20.74,-60.76,-991.37,96.25,-665.0,-367.50,1,94.268,
01/01/2000,01:20:30.25,20.62,-60.39,-991.37,122.50,-682.50,-420.0,1,94.269,
01/01/2000,01:20:30.26,20.13,-59.78,-991.86,166.25,-560.0,-192.50,1,94.270,
01/01/2000,01:20:30.27,20.01,-59.78,-992.35,105.0,-700.0,-253.75,1,94.255,
01/01/2000,01:20:30.28,20.01,-60.27,-992.59,78.75,-665.0,-297.50,1,94.256,
01/01/2000,01:20:30.29,20.25,-60.63,-992.35,148.75,-533.75,-437.50,1,94.257,
01/01/2000,01:20:30.30,20.50,-60.63,-992.10,-17.50,-743.75,-516.25,1,94.258,
01/01/2000,01:20:30.31,20.62,-60.39,-991.74,96.25,-638.75,-323.75,1,94.259,
01/01/2000,01:20:30.32,20.50,-59.90,-991.62,385.0,-673.75,-323.75,1,94.260,
01/01/2000,01:20:30.34,21.72,-59.54,-992.10,201.25,-612.50,-463.75,1,94.261,
01/01/2000,01:20:30.35,23.42,-59.78,-992.47,148.75,-770.0,-350.0,1,94.246,
01/01/2000,01:20:30.36,24.64,-60.27,-991.98,192.50,-673.75,-437.50,1,94.247,
01/01/2000,01:20:30.37,25.86,-60.51,-991.25,288.75,-630.0,-525.0,1,94.248,
01/01/2000,01:20:30.38,27.08,-60.27,-991.49,0.0,-717.50,-551.25,1,94.249,
01/01/2000,01:20:30.39,28.06,-60.15,-992.35,367.50,-647.50,-516.25,1,94.250,
01/01/2000,01:20:30.40,28.79,-59.66,-993.57,166.25,-708.75,-227.50,1,94.251,
01/01/2000,01:20:30.41,29.16,-59.78,-993.81,218.75,-822.50,-87.50,1,94.252,
01/01/2000,01:20:30.42,28.55,-60.02,-993.08,236.25,-638.75,-227.50,1,94.253,
01/01/2000,01:20:30.43,27.45,-60.27,-991.98,157.50,-630.0,-525.0,1,94.254,
01/01/2000,01:20:30.44,27.21,-60.02,-990.88,43.75,-752.50,-463.75,1,94.255,
01/01/2000,01:20:30.45,28.79,-59.90,-990.88,245.0,-665.0,-612.50,1,94.256,
01/01/2000,01:20:30.46,30.50,-59.54,-991.74,-105.0,-612.50,-866.25,1,94.257,
01/01/2000,01:20:30.47,32.45,-59.90,-992.47,157.50,-735.0,-612.50,1,94.258,
01/01/2000,01:20:30.49,34.89,-60.27,-993.08,70.0,-647.50,-271.25,1,94.259,
01/01/2000,01:20:30.50,35.14,-61.0,-992.96,43.75,-813.75,-227.50,1,94.260,
01/01/2000,01:20:30.51,32.94,-60.88,-992.23,105.0,-717.50,-288.75,1,94.260,
01/01/2000,01:20:30.52,30.50,-60.39,-991.74,105.0,-726.25,-210.0,1,94.261,
01/01/2000,01:20:30.53,28.18,-60.02,-991.37,157.50,-778.75,-236.25,1,94.262,
01/01/2000,01:20:30.54,25.99,-59.78,-991.13,131.25,-656.25,-288.75,1,94.263,
01/01/2000,01:20:30.55,24.64,-59.54,-991.25,157.50,-603.75,-376.25,1,94.264,
01/01/2000,01:20:30.56,25.13,-60.02,-991.62,271.25,-595.0,-735.0,1,94.249,
01/01/2000,01:20:30.57,27.08,-60.27,-991.86,113.75,-787.50,-778.75,1,94.250,
01/01/2000,01:20:30.58,27.94,-60.63,-992.10,26.25,-700.0,-350.0,1,94.251,
01/01/2000,01:20:30.59,28.18,-60.76,-992.35,105.0,-656.25,-358.75,1,94.252,
01/01/2000,01:20:30.60,27.82,-60.51,-992.47,227.50,-726.25,-455.0,1,94.253,
01/01/2000,01:20:30.61,25.74,-59.90,-992.59,87.50,-761.25,-280.0,1,94.254,
01/01/2000,01:20:30.62,24.40,-59.66,-992.59,148.75,-673.75,-253.75,1,94.255,
01/01/2000,01:20:30.64,22.94,-59.66,-992.23,113.75,-691.25,-428.75,1,94.256,
01/01/2000,01:20:30.65,22.94,-59.78,-992.10,262.50,-682.50,-376.25,1,94.257,
01/01/2000,01:20:30.66,23.18,-59.90,-991.86,253.75,-691.25,-437.50,1,94.258,
01/01/2000,01:20:30.67,23.55,-60.02,-991.74,288.75,-665.0,-306.25,1,94.259,
01/01/2000,01:20:30.68,23.42,-60.51,-991.74,236.25,-717.50,-455.0,1,94.260,
01/01/2000,01:20:30.69,22.45,-60.27,-991.86,0.0,-752.50,-367.50,1,94.261,
01/01/2000,01:20:30.70,20.86,-60.02,-992.23,26.25,-726.25,-323.75,1,94.262,
01/01/2000,01:20:30.71,19.40,-59.90,-992.35,227.50,-621.25,-157.50,1,94.263,
01/01/2000,01:20:30.72,18.67,-59.78,-992.35,96.25,-568.75,-376.25,1,94.264,
01/01/2000,01:20:30.73,18.54,-59.90,-992.23,166.25,-770.0,-332.50,1,94.265,
01/01/2000,01:20:30.74,19.76,-59.90,-992.10,52.50,-656.25,-560.0,1,94.266,
01/01/2000,01:20:30.75,20.86,-60.02,-991.98,166.25,-665.0,-612.50,1,94.267,
01/01/2000,01:20:30.76,22.08,-59.90,-992.10,78.75,-743.75,-490.0,1,94.268,
01/01/2000,01:20:30.77,22.69,-60.39,-992.23,262.50,-717.50,-245.0,1,94.253,
01/01/2000,01:20:30.78,22.45,-60.39,-992.59,52.50,-682.50,-323.75,1,94.254,
01/01/2000,01:20:30.79,21.47,-60.27,-992.59,201.25,-805.0,-358.75,1,94.255,
01/01/2000,01:20:30.80,20.74,-59.90,-992.35,131.25,-638.75,-218.75,1,94.256,
01/01/2000,01:20:30.81,20.25,-59.78,-992.35,140.0,-700.0,-323.75,1,94.257,
01/01/2000,01:20:30.82,20.50,-59.54,-992.10,61.25,-673.75,-332.50,1,94.258,
01/01/2000,01:20:30.83,20.74,-59.90,-991.86,131.25,-752.50,-280.0,1,94.259,
01/01/2000,01:20:30.86,21.23,-60.27,-992.35,70.0,-805.0,-358.75,1,94.244,
01/01/2000,01:20:30.87,21.23,-60.15,-992.35,113.75,-761.25,-280.0,1,94.245,
01/01/2000,01:20:30.88,19.64,-60.02,-992.10,236.25,-866.25,-227.50,1,94.246,
01/01/2000,01:20:30.89,18.67,-59.54,-992.23,-8.75,-577.50,-245.0,1,94.247,
01/01/2000,01:20:30.90,18.30,-59.66,-992.10,315.0,-708.75,-332.50,1,94.248,
01/01/2000,01:20:30.91,18.54,-59.54,-992.23,183.75,-603.75,-271.25,1,94.249,
01/01/2000,01:20:30.92,19.40,-60.15,-992.47,183.75,-761.25,-385.0,1,94.250,
01/01/2000,01:20:30.93,20.50,-60.27,-992.35,148.75,-840.0,-551.25,1,94.251,
01/01/2000,01:20:30.94,21.47,-60.51,-992.47,175.0,-778.75,-280.0,1,94.252,
01/01/2000,01:20:30.95,21.84,-60.27,-992.35,61.25,-726.25,-253.75,1,94.252,
01/01/2000,01:20:30.96,21.72,-60.27,-992.35,61.25,-691.25,-210.0,1,94.253,
01/01/2000,01:20:30.97,21.35,-60.02,-992.35,52.50,-665.0,-297.50,1,94.254,
01/01/2000,01:20:30.98,20.25,-60.27,-992.47,358.75,-656.25,-288.75,1,94.255,
01/01/2000,01:20:30.99,19.52,-60.02,-992.35,192.50,-577.50,-332.50,1,94.256,
01/01/2000,01:20:31.00,19.52,-59.90,-992.35,122.50,-612.50,-455.0,1,94.257,
01/01/2000,01:20:31.01,20.01,-59.90,-992.35,17.50,-665.0,-393.75,1,94.258,
01/01/2000,01:20:31.02,20.50,-60.27,-992.47,131.25,-735.0,-315.0,1,94.259,
01/01/2000,01:20:31.03,21.47,-60.15,-992.10,43.75,-717.50,-271.25,1,94.260,
01/01/2000,01:20:31.04,21.47,-60.76,-992.10,306.25,-700.0,-271.25,1,94.261,
01/01/2000,01:20:31.05,20.74,-60.51,-992.35,70.0,-735.0,-280.0,1,94.262,
01/01/2000,01:20:31.06,19.52,-60.27,-992.10,131.25,-778.75,-210.0,1,94.247,
01/01/2000,01:20:31.07,18.30,-60.15,-992.10,113.75,-656.25,-332.50,1,94.248,
01/01/2000,01:20:31.08,17.69,-60.02,-992.35,140.0,-708.75,-402.50,1,94.249,
01/01/2000,01:20:31.09,18.30,-59.78,-992.35,262.50,-533.75,-297.50,1,94.250,
01/01/2000,01:20:31.10,19.03,-59.78,-992.23,166.25,-621.25,-411.25,1,94.251,
01/01/2000,01:20:31.11,19.76,-60.27,-992.23,218.75,-647.50,-402.50,1,94.252,
01/01/2000,01:20:31.13,21.23,-60.88,-992.10,131.25,-691.25,-306.25,1,94.253,
01/01/2000,01:20:31.14,21.72,-60.76,-992.10,96.25,-752.50,-472.50,1,94.254,
01/01/2000,01:20:31.15,21.35,-60.27,-992.35,35.0,-726.25,-183.75,1,94.255,
01/01/2000,01:20:31.16,20.98,-60.02,-992.47,113.75,-717.50,-245.0,1,94.256,
01/01/2000,01:20:31.17,20.37,-59.90,-992.47,96.25,-761.25,-183.75,1,94.257,
01/01/2000,01:20:31.18,19.52,-60.15,-992.47,105.0,-726.25,-262.50,1,94.258,
01/01/2000,01:20:31.19,19.40,-60.02,-992.59,166.25,-726.25,-428.75,1,94.259,
01/01/2000,01:20:31.20,20.37,-60.02,-992.35,218.75,-735.0,-411.25,1,94.244,
01/01/2000,01:20:31.21,20.74,-60.02,-992.10,61.25,-735.0,-420.0,1,94.245,
01/01/2000,01:20:31.22,20.86,-60.27,-991.86,192.50,-700.0,-376.25,1,94.246,
01/01/2000,01:20:31.23,20.86,-60.27,-991.86,157.50,-700.0,-332.50,1,94.247,
01/01/2000,01:20:31.24,20.25,-60.27,-992.10,245.0,-726.25,-367.50,1,94.248,
01/01/2000,01:20:31.25,19.03,-59.90,-992.23,201.25,-691.25,-288.75,1,94.249,
01/01/2000,01:20:31.26,18.91,-59.78,-992.23,297.50,-612.50,-323.75,1,94.250,
01/01/2000,01:20:31.28,18.67,-59.54,-992.23,210.0,-647.50,-288.75,1,94.251,
01/01/2000,01:20:31.29,19.03,-59.54,-992.35,78.75,-700.0,-306.25,1,94.252,
01/01/2000,01:20:31.30,20.01,-60.02,-992.35,218.75,-700.0,-385.0,1,94.253,
01/01/2000,01:20:31.31,20.62,-60.39,-992.10,210.0,-682.50,-385.0,1,94.254,
01/01/2000,01:20:31.32,21.23,-60.51,-991.86,236.25,-682.50,-358.75,1,94.255,
01/01/2000,01:20:31.33,21.72,-60.02,-991.62,140.0,-831.25,-411.25,1,94.256,
01/01/2000,01:20:31.34,21.72,-60.02,-991.86,8.75,-691.25,-323.75,1,94.257,
01/01/2000,01:20:31.35,21.23,-60.02,-992.23,201.25,-682.50,-323.75,1,94.257,
01/01/2000,01:20:31.36,20.62,-60.02,-992.23,236.25,-708.75,-428.75,1,94.243,
01/01/2000,01:20:31.38,20.74,-60.02,-991.98,140.0,-630.0,-393.75,1,94.244,
01/01/2000,01:20:31.39,20.86,-60.02,-991.86,70.0,-647.50,-280.0,1,94.245,
01/01/2000,01:20:31.40,21.23,-59.90,-991.86,78.75,-726.25,-218.75,1,94.246,
01/01/2000,01:20:31.41,21.59,-60.15,-992.10,332.50,-726.25,-358.75,1,94.247,
01/01/2000,01:20:31.42,21.23,-60.39,-992.35,96.25,-691.25,-358.75,1,94.247,
01/01/2000,01:20:31.43,20.74,-60.51,-992.35,-26.25,-813.75,-192.50,1,94.248,
01/01/2000,01:20:31.44,19.76,-60.27,-991.86,52.50,-778.75,-350.0,1,94.249,
01/01/2000,01:20:31.45,18.18,-59.90,-991.62,306.25,-735.0,-227.50,1,94.250,
01/01/2000,01:20:31.46,17.57,-59.66,-991.49,105.0,-612.50,-297.50,1,94.251,
01/01/2000,01:20:31.47,17.57,-59.66,-991.62,236.25,-673.75,-446.25,1,94.252,
01/01/2000,01:20:31.48,19.03,-59.54,-992.47,78.75,-665.0,-516.25,1,94.253,
01/01/2000,01:20:31.49,20.01,-59.78,-992.35,78.75,-770.0,-227.50,1,94.254,
01/01/2000,01:20:31.50,21.23,-60.27,-992.10,323.75,-787.50,-358.75,1,94.255,
01/01/2000,01:20:31.51,21.59,-60.39,-991.86,78.75,-656.25,-262.50,1,94.256,
01/01/2000,01:20:31.52,21.59,-60.39,-991.49,52.50,-708.75,-402.50,1,94.257,
01/01/2000,01:20:31.53,20.98,-60.15,-991.74,262.50,-726.25,-323.75,1,94.258,
01/01/2000,01:20:31.54,20.25,-59.90,-991.86,175.0,-665.0,-455.0,1,94.259,
01/01/2000,01:20:31.55,19.76,-59.54,-992.10,227.50,-787.50,-288.75,1,94.260,
01/01/2000,01:20:31.56,19.64,-59.29,-992.47,183.75,-612.50,-253.75,1,94.261,
01/01/2000,01:20:31.57,19.76,-59.41,-992.47,210.0,-717.50,-402.50,1,94.262,
01/01/2000,01:20:31.58,20.37,-59.66,-992.59,122.50,-638.75,-315.0,1,94.263,
01/01/2000,01:20:31.59,20.86,-60.02,-992.35,122.50,-735.0,-306.25,1,94.264,
01/01/2000,01:20:31.60,20.74,-60.27,-992.10,166.25,-743.75,-288.75,1,94.265,
01/01/2000,01:20:31.61,20.01,-59.90,-991.86,131.25,-805.0,-428.75,1,94.266,
01/01/2000,01:20:31.62,19.28,-59.66,-992.10,175.0,-761.25,-472.50,1,94.251,
01/01/2000,01:20:31.63,19.15,-59.29,-992.47,210.0,-743.75,-175.0,1,94.252,
01/01/2000,01:20:31.65,19.52,-59.17,-992.84,70.0,-612.50,-245.0,1,94.253,
01/01/2000,01:20:31.66,19.89,-59.29,-992.84,140.0,-621.25,-175.0,1,94.254,
01/01/2000,01:20:31.67,20.50,-60.15,-992.35,175.0,-700.0,-358.75,1,94.255,
01/01/2000,01:20:31.68,20.74,-60.27,-992.10,78.75,-647.50,-420.0,1,94.256,
01/01/2000,01:20:31.69,20.98,-60.27,-991.98,262.50,-647.50,-420.0,1,94.257,
01/01/2000,01:20:31.70,21.11,-59.66,-992.23,-17.50,-743.75,-306.25,1,94.258,
01/01/2000,01:20:31.71,20.98,-59.29,-992.35,166.25,-726.25,-271.25,1,94.259,
01/01/2000,01:20:31.72,20.74,-59.29,-992.35,96.25,-717.50,-306.25,1,94.260,
01/01/2000,01:20:31.73,20.50,-59.29,-992.23,70.0,-726.25,-402.50,1,94.261,
01/01/2000,01:20:31.74,20.37,-59.78,-992.10,192.50,-787.50,-262.50,1,94.261,
01/01/2000,01:20:31.75,20.74,-59.90,-991.86,183.75,-656.25,-385.0,1,94.262,
01/01/2000,01:20:31.76,20.74,-60.02,-991.74,245.0,-708.75,-280.0,1,94.248,
01/01/2000,01:20:31.77,20.74,-59.78,-991.86,52.50,-647.50,-332.50,1,94.249,
01/01/2000,01:20:31.78,19.76,-59.66,-992.10,253.75,-761.25,-192.50,1,94.250,
01/01/2000,01:20:31.79,18.79,-59.54,-991.98,140.0,-717.50,-210.0,1,94.251,
01/01/2000,01:20:31.80,17.93,-59.78,-991.98,218.75,-813.75,-306.25,1,94.252,
01/01/2000,01:20:31.81,17.57,-59.54,-992.10,35.0,-682.50,-358.75,1,94.252,
01/01/2000,01:20:31.82,18.06,-59.78,-992.35,175.0,-603.75,-420.0,1,94.253,
01/01/2000,01:20:31.84,19.52,-59.66,-992.47,61.25,-700.0,-385.0,1,94.254,
01/01/2000,01:20:31.85,20.62,-59.78,-992.10,341.25,-726.25,-192.50,1,94.255,
01/01/2000,01:20:31.86,20.98,-60.15,-991.62,96.25,-691.25,-376.25,1,94.256,
01/01/2000,01:20:31.87,20.86,-60.15,-991.49,70.0,-630.0,-367.50,1,94.257,
01/01/2000,01:20:31.88,20.50,-60.02,-991.86,105.0,-691.25,-175.0,1,94.258,
01/01/2000,01:20:31.89,20.01,-59.54,-992.35,70.0,-621.25,-306.25,1,94.244,
01/01/2000,01:20:31.90,20.01,-59.54,-992.47,78.75,-630.0,-297.50,1,94.244,
01/01/2000,01:20:31.91,20.13,-59.05,-992.59,122.50,-586.25,-218.75,1,94.245,
01/01/2000,01:20:31.92,20.74,-59.66,-992.23,236.25,-542.50,-350.0,1,94.246,
01/01/2000,01:20:31.93,21.23,-60.02,-992.10,183.75,-612.50,-385.0,1,94.247,
01/01/2000,01:20:31.94,21.72,-60.27,-992.10,96.25,-743.75,-315.0,1,94.248,
01/01/2000,01:20:31.95,22.08,-60.27,-992.10,201.25,-770.0,-376.25,1,94.249,
01/01/2000,01:20:31.96,21.72,-60.27,-991.98,157.50,-735.0,-201.25,1,94.250,
01/01/2000,01:20:31.98,19.89,-59.66,-991.74,131.25,-682.50,-210.0,1,94.251,
01/01/2000,01:20:31.98,18.54,-59.54,-991.74,-35.0,-682.50,-157.50,1,94.252,
01/01/2000,01:20:32.00,17.93,-59.78,-991.98,78.75,-665.0,-420.0,1,94.253,
01/01/2000,01:20:32.01,17.93,-59.54,-992.71,148.75,-743.75,-402.50,1,94.254,
01/01/2000,01:20:32.02,18.91,-59.78,-992.84,201.25,-630.0,-393.75,1,94.255,
01/01/2000,01:20:32.03,20.01,-60.02,-992.35,122.50,-647.50,-420.0,1,94.256,
01/01/2000,01:20:32.04,20.74,-60.02,-991.86,131.25,-700.0,-420.0,1,94.257,
01/01/2000,01:20:32.05,21.23,-60.27,-991.37,105.0,-752.50,-376.25,1,94.258,
01/01/2000,01:20:32.06,21.23,-60.02,-991.37,96.25,-700.0,-402.50,1,94.259,
01/01/2000,01:20:32.07,20.62,-60.15,-991.62,218.75,-700.0,-323.75,1,94.260,
01/01/2000,01:20:32.08,20.13,-59.78,-992.10,113.75,-586.25,-341.25,1,94.261,
01/01/2000,01:20:32.09,20.01,-59.66,-992.59,315.0,-595.0,-262.50,1,94.262,
01/01/2000,01:20:32.10,19.76,-59.41,-992.71,96.25,-542.50,-271.25,1,94.263,
01/01/2000,01:20:32.11,19.76,-59.78,-992.59,218.75,-726.25,-271.25,1,94.264,
01/01/2000,01:20:32.12,20.86,-59.90,-992.35,175.0,-612.50,-376.25,1,94.264,
01/01/2000,01:20:32.13,21.47,-59.90,-991.86,52.50,-787.50,-376.25,1,94.265,
01/01/2000,01:20:32.14,21.59,-60.02,-991.62,236.25,-761.25,-323.75,1,94.266,
01/01/2000,01:20:32.15,21.11,-60.02,-991.74,131.25,-656.25,-201.25,1,94.267,
01/01/2000,01:20:32.16,20.25,-59.90,-991.86,122.50,-857.50,-201.25,1,94.268,
01/01/2000,01:20:32.17,18.91,-59.78,-992.10,61.25,-752.50,-315.0,1,94.269,
01/01/2000,01:20:32.18,17.57,-59.54,-992.71,201.25,-761.25,-288.75,1,94.255,
01/01/2000,01:20:32.19,17.69,-59.17,-992.84,218.75,-665.0,-341.25,1,94.256,
01/01/2000,01:20:32.20,18.42,-59.41,-992.23,227.50,-647.50,-323.75,1,94.256,
01/01/2000,01:20:32.21,19.28,-59.54,-991.74,148.75,-691.25,-402.50,1,94.257,
01/01/2000,01:20:32.23,20.50,-59.90,-991.62,210.0,-726.25,-498.75,1,94.258,
01/01/2000,01:20:32.23,21.47,-60.02,-991.49,26.25,-857.50,-376.25,1,94.259,
01/01/2000,01:20:32.25,21.96,-60.02,-991.37,78.75,-743.75,-297.50,1,94.260,
01/01/2000,01:20:32.26,21.84,-59.90,-991.62,8.75,-708.75,-358.75,1,94.261,
01/01/2000,01:20:32.27,20.74,-59.66,-991.86,157.50,-656.25,-245.0,1,94.262,
01/01/2000,01:20:32.28,19.76,-59.29,-992.23,131.25,-682.50,-306.25,1,94.263,
01/01/2000,01:20:32.29,19.15,-59.29,-992.35,227.50,-682.50,-262.50,1,94.264,
01/01/2000,01:20:32.30,19.28,-59.29,-992.47,192.50,-673.75,-411.25,1,94.265,
01/01/2000,01:20:32.31,19.64,-59.54,-992.10,192.50,-682.50,-376.25,1,94.266,
01/01/2000,01:20:32.32,20.86,-59.54,-991.86,35.0,-726.25,-367.50,1,94.251,
01/01/2000,01:20:32.33,21.47,-59.90,-991.86,227.50,-883.75,-227.50,1,94.252,
01/01/2000,01:20:32.34,21.11,-60.02,-991.62,96.25,-778.75,-253.75,1,94.253,
01/01/2000,01:20:32.35,19.64,-60.27,-991.49,201.25,-805.0,61.25,1,94.254,
01/01/2000,01:20:32.36,18.67,-60.15,-991.74,122.50,-630.0,-463.75,1,94.255,
01/01/2000,01:20:32.37,17.32,-59.54,-992.23,306.25,-665.0,-385.0,1,94.256,
01/01/2000,01:20:32.39,17.45,-59.05,-992.71,122.50,-673.75,-297.50,1,94.257,
01/01/2000,01:20:32.40,19.28,-59.41,-992.59,218.75,-612.50,-393.75,1,94.242,
01/01/2000,01:20:32.41,20.37,-59.78,-992.10,245.0,-630.0,-280.0,1,94.243,
01/01/2000,01:20:32.42,21.72,-60.39,-991.37,122.50,-708.75,-315.0,1,94.244,
01/01/2000,01:20:32.43,22.45,-60.63,-990.88,218.75,-743.75,-367.50,1,94.245,
01/01/2000,01:20:32.44,21.96,-60.39,-990.76,140.0,-778.75,-306.25,1,94.246,
01/01/2000,01:20:32.45,21.11,-60.15,-991.13,306.25,-726.25,-297.50,1,94.247,
01/01/2000,01:20:32.46,20.01,-59.66,-992.10,192.50,-735.0,-271.25,1,94.248,
01/01/2000,01:20:32.47,18.67,-59.29,-992.84,157.50,-603.75,-297.50,1,94.249,
01/01/2000,01:20:32.48,18.06,-59.66,-993.08,210.0,-682.50,-236.25,1,94.250,
01/01/2000,01:20:32.49,18.30,-59.78,-992.84,218.75,-700.0,-595.0,1,94.251,
01/01/2000,01:20:32.50,20.25,-59.78,-992.23,87.50,-735.0,-551.25,1,94.252,
01/01/2000,01:20:32.51,21.23,-60.02,-991.62,262.50,-778.75,-411.25,1,94.253,
01/01/2000,01:20:32.52,21.96,-60.02,-991.13,157.50,-796.25,-315.0,1,94.254,
01/01/2000,01:20:32.54,21.72,-60.27,-990.88,113.75,-726.25,-245.0,1,94.255,
01/01/2000,01:20:32.55,20.50,-60.27,-991.25,-8.75,-770.0,-245.0,1,94.256,
01/01/2000,01:20:32.56,18.79,-60.02,-992.10,227.50,-638.75,-376.25,1,94.257,
01/01/2000,01:20:32.57,17.93,-59.29,-992.59,122.50,-770.0,-411.25,1,94.258,
01/01/2000,01:20:32.58,18.30,-59.05,-992.96,262.50,-682.50,-358.75,1,94.259,
01/01/2000,01:20:32.59,18.79,-58.80,-992.84,87.50,-647.50,-385.0,1,94.259,
01/01/2000,01:20:32.60,19.76,-59.17,-992.35,105.0,-647.50,-253.75,1,94.260,
01/01/2000,01:20:32.61,21.47,-60.02,-991.01,166.25,-656.25,-376.25,1,94.261,
01/01/2000,01:20:32.62,21.96,-60.76,-990.64,113.75,-796.25,-481.25,1,94.262,
01/01/2000,01:20:32.63,21.96,-60.51,-990.76,78.75,-717.50,-402.50,1,94.248,
01/01/2000,01:20:32.64,21.23,-60.27,-991.13,271.25,-857.50,-253.75,1,94.249,
01/01/2000,01:20:32.65,20.25,-59.54,-991.37,192.50,-612.50,-288.75,1,94.250,
01/01/2000,01:20:32.66,19.03,-59.29,-992.10,148.75,-621.25,-253.75,1,94.251,
01/01/2000,01:20:32.67,18.79,-58.93,-992.47,148.75,-533.75,-341.25,1,94.252,
01/01/2000,01:20:32.69,19.52,-59.29,-992.59,262.50,-665.0,-385.0,1,94.252,
01/01/2000,01:20:32.70,20.50,-60.02,-992.10,0.0,-603.75,-420.0,1,94.253,
01/01/2000,01:20:32.71,21.47,-60.39,-991.62,70.0,-735.0,-393.75,1,94.254,
01/01/2000,01:20:32.72,21.59,-60.39,-991.13,87.50,-743.75,-131.25,1,94.255,
01/01/2000,01:20:32.73,20.25,-60.39,-990.64,105.0,-796.25,-175.0,1,94.256,
01/01/2000,01:20:32.74,19.40,-59.78,-991.13,140.0,-726.25,-446.25,1,94.257,
01/01/2000,01:20:32.75,18.54,-59.17,-992.47,78.75,-673.75,-420.0,1,94.258,
01/01/2000,01:20:32.76,18.67,-59.05,-993.08,227.50,-673.75,-358.75,1,94.259,
01/01/2000,01:20:32.77,18.79,-59.05,-993.08,192.50,-533.75,-262.50,1,94.260,
01/01/2000,01:20:32.78,19.64,-59.41,-992.47,210.0,-630.0,-385.0,1,94.261,
01/01/2000,01:20:32.79,20.62,-60.27,-991.86,148.75,-708.75,-341.25,1,94.262,
01/01/2000,01:20:32.80,21.23,-60.27,-991.37,210.0,-708.75,-428.75,1,94.263,
01/01/2000,01:20:32.81,21.59,-60.27,-991.25,78.75,-796.25,-551.25,1,94.264,
01/01/2000,01:20:32.82,21.47,-59.54,-991.37,201.25,-656.25,-420.0,1,94.249,
01/01/2000,01:20:32.83,20.86,-59.29,-991.74,183.75,-691.25,-437.50,1,94.250,
01/01/2000,01:20:32.84,20.13,-58.93,-992.10,192.50,-708.75,-218.75,1,94.251,
01/01/2000,01:20:32.85,19.64,-59.05,-992.35,26.25,-726.25,-148.75,1,94.252,
01/01/2000,01:20:32.86,19.52,-59.54,-992.59,157.50,-682.50,-428.75,1,94.253,
01/01/2000,01:20:32.87,19.76,-59.54,-992.47,157.50,-682.50,-315.0,1,94.254,
01/01/2000,01:20:32.88,20.50,-59.66,-992.10,131.25,-647.50,-490.0,1,94.255,
01/01/2000,01:20:32.90,21.59,-59.54,-991.37,105.0,-770.0,-218.75,1,94.240,
01/01/2000,01:20:32.91,20.98,-59.54,-991.13,70.0,-656.25,-218.75,1,94.241,
01/01/2000,01:20:32.92,20.25,-59.66,-991.13,201.25,-708.75,-166.25,1,94.242,
01/01/2000,01:20:32.93,18.79,-59.66,-991.62,157.50,-700.0,-472.50,1,94.243,
01/01/2000,01:20:32.94,18.06,-59.54,-992.84,201.25,-691.25,-437.50,1,94.244,
01/01/2000,01:20:32.95,17.81,-59.29,-992.96,148.75,-673.75,-323.75,1,94.245,
01/01/2000,01:20:32.97,18.18,-59.17,-992.84,87.50,-682.50,-446.25,1,94.246,
01/01/2000,01:20:32.98,19.03,-59.29,-992.23,148.75,-586.25,-385.0,1,94.247,
01/01/2000,01:20:32.99,20.74,-59.29,-991.49,96.25,-735.0,-323.75,1,94.248,
01/01/2000,01:20:33.00,21.72,-59.78,-990.88,166.25,-735.0,-210.0,1,94.249,
01/01/2000,01:20:33.01,22.20,-59.90,-990.64,306.25,-822.50,-428.75,1,94.250,
01/01/2000,01:20:33.02,21.84,-60.02,-990.76,201.25,-761.25,-245.0,1,94.251,
01/01/2000,01:20:33.03,20.50,-59.78,-991.13,96.25,-805.0,-245.0,1,94.252,
01/01/2000,01:20:33.04,19.52,-59.66,-991.74,218.75,-796.25,-358.75,1,94.253,
01/01/2000,01:20:33.05,18.79,-59.29,-992.23,271.25,-673.75,-437.50,1,94.254,
01/01/2000,01:20:33.06,18.30,-59.05,-992.47,148.75,-682.50,-341.25,1,94.255,
01/01/2000,01:20:33.07,18.91,-59.41,-992.35,140.0,-630.0,-463.75,1,94.255,
01/01/2000,01:20:33.08,20.01,-59.41,-992.10,35.0,-700.0,-385.0,1,94.256,
01/01/2000,01:20:33.09,20.62,-59.90,-991.62,183.75,-743.75,-306.25,1,94.257,
01/01/2000,01:20:33.10,20.86,-60.27,-991.01,148.75,-717.50,-262.50,1,94.258,
01/01/2000,01:20:33.11,20.01,-60.39,-990.52,245.0,-813.75,-490.0,1,94.259,
01/01/2000,01:20:33.12,19.28,-59.90,-991.13,148.75,-761.25,-376.25,1,94.260,
01/01/2000,01:20:33.13,19.03,-59.41,-991.86,236.25,-743.75,-306.25,1,94.261,
01/01/2000,01:20:33.14,19.15,-58.93,-992.35,157.50,-630.0,-323.75,1,94.262,
01/01/2000,01:20:33.15,19.64,-59.05,-992.84,157.50,-726.25,-341.25,1,94.263,
01/01/2000,01:20:33.16,20.25,-59.41,-992.23,122.50,-805.0,-218.75,1,94.264,
01/01/2000,01:20:33.17,21.23,-60.02,-991.37,70.0,-612.50,-350.0,1,94.250,
01/01/2000,01:20:33.19,22.08,-60.39,-991.01,113.75,-717.50,-385.0,1,94.250,
01/01/2000,01:20:33.19,21.84,-60.27,-990.64,183.75,-700.0,-350.0,1,94.251,
01/01/2000,01:20:33.21,21.23,-60.02,-990.64,52.50,-822.50,-402.50,1,94.252,
01/01/2000,01:20:33.22,20.13,-59.78,-991.01,210.0,-770.0,-350.0,1,94.253,
01/01/2000,01:20:33.23,19.03,-59.29,-991.98,166.25,-735.0,-280.0,1,94.254,
01/01/2000,01:20:33.24,18.54,-59.05,-992.59,52.50,-682.50,-367.50,1,94.255,
01/01/2000,01:20:33.25,18.91,-59.54,-992.84,175.0,-665.0,-280.0,1,94.256,
01/01/2000,01:20:33.26,19.52,-59.54,-992.35,201.25,-700.0,-323.75,1,94.257,
01/01/2000,01:20:33.27,20.25,-59.78,-991.62,70.0,-708.75,-288.75,1,94.258,
01/01/2000,01:20:33.28,20.74,-59.90,-990.64,183.75,-770.0,-332.50,1,94.259,
01/01/2000,01:20:33.29,20.37,-59.78,-990.40,183.75,-787.50,-280.0,1,94.260,
01/01/2000,01:20:33.30,19.64,-59.66,-990.64,210.0,-761.25,-253.75,1,94.261,
01/01/2000,01:20:33.31,18.91,-59.54,-991.13,192.50,-691.25,-358.75,1,94.262,
01/01/2000,01:20:33.32,18.30,-59.29,-992.23,245.0,-805.0,-437.50,1,94.247,
01/01/2000,01:20:33.33,18.54,-59.05,-992.59,245.0,-568.75,-297.50,1,94.248,
01/01/2000,01:20:33.34,19.40,-59.29,-992.47,78.75,-630.0,-341.25,1,94.249,
01/01/2000,01:20:33.35,20.25,-59.54,-991.74,262.50,-665.0,-236.25,1,94.250,
01/01/2000,01:20:33.36,20.98,-59.78,-990.88,131.25,-752.50,-367.50,1,94.251,
01/01/2000,01:20:33.37,21.59,-60.15,-990.15,253.75,-752.50,-358.75,1,94.252,
01/01/2000,01:20:33.39,21.47,-60.15,-990.40,210.0,-787.50,-350.0,1,94.253,
01/01/2000,01:20:33.40,20.50,-59.90,-991.37,192.50,-726.25,-420.0,1,94.254,
01/01/2000,01:20:33.41,19.28,-59.17,-992.59,245.0,-682.50,-402.50,1,94.255,
01/01/2000,01:20:33.42,19.03,-58.93,-992.96,70.0,-778.75,-358.75,1,94.240,
01/01/2000,01:20:33.43,19.52,-58.80,-993.08,113.75,-656.25,-271.25,1,94.241,
01/01/2000,01:20:33.44,20.98,-59.29,-992.59,280.0,-498.75,-358.75,1,94.242,
01/01/2000,01:20:33.45,21.59,-59.54,-991.62,61.25,-708.75,-166.25,1,94.243,
01/01/2000,01:20:33.46,21.59,-60.15,-990.64,262.50,-805.0,-437.50,1,94.244,
01/01/2000,01:20:33.47,20.98,-60.27,-990.15,210.0,-743.75,-420.0,1,94.245,
01/01/2000,01:20:33.48,19.76,-60.27,-990.76,245.0,-743.75,-367.50,1,94.246,
01/01/2000,01:20:33.49,19.03,-59.90,-991.86,70.0,-647.50,-516.25,1,94.247,
01/01/2000,01:20:33.50,18.42,-59.29,-992.84,253.75,-603.75,-341.25,1,94.248,
01/01/2000,01:20:33.51,18.42,-58.68,-993.32,78.75,-708.75,-297.50,1,94.249,
01/01/2000,01:20:33.53,19.28,-58.68,-992.84,78.75,-577.50,-253.75,1,94.250,
01/01/2000,01:20:33.54,20.25,-58.93,-991.98,183.75,-568.75,-385.0,1,94.251,
01/01/2000,01:20:33.55,20.86,-59.54,-991.01,140.0,-647.50,-455.0,1,94.252,
01/01/2000,01:20:33.56,21.23,-60.27,-990.03,122.50,-656.25,-411.25,1,94.253,
01/01/2000,01:20:33.57,21.23,-60.15,-990.15,148.75,-813.75,-463.75,1,94.253,
01/01/2000,01:20:33.58,20.98,-60.02,-990.64,87.50,-770.0,-446.25,1,94.254,
01/01/2000,01:20:33.59,20.25,-59.54,-991.49,271.25,-787.50,-472.50,1,94.255,
01/01/2000,01:20:33.60,19.15,-58.93,-992.47,131.25,-700.0,-201.25,1,94.256,
01/01/2000,01:20:33.61,19.03,-58.80,-992.96,192.50,-647.50,-271.25,1,94.257,
01/01/2000,01:20:33.62,19.52,-58.93,-992.96,183.75,-691.25,-315.0,1,94.258,
01/01/2000,01:20:33.63,20.13,-59.29,-992.59,113.75,-752.50,-332.50,1,94.259,
01/01/2000,01:20:33.64,21.23,-59.90,-991.37,157.50,-796.25,-402.50,1,94.260,
01/01/2000,01:20:33.65,21.47,-60.27,-990.64,70.0,-778.75,-402.50,1,94.261,
01/01/2000,01:20:33.66,20.74,-60.15,-990.40,43.75,-883.75,-350.0,1,94.262,
01/01/2000,01:20:33.67,19.28,-60.02,-990.64,218.75,-796.25,-350.0,1,94.263,
01/01/2000,01:20:33.68,18.54,-59.29,-991.86,157.50,-700.0,-463.75,1,94.264,
01/01/2000,01:20:33.69,18.06,-58.80,-992.96,61.25,-752.50,-192.50,1,94.265,
01/01/2000,01:20:33.70,18.42,-58.56,-993.69,175.0,-691.25,-297.50,1,94.265,
01/01/2000,01:20:33.71,19.15,-58.80,-993.45,122.50,-673.75,-323.75,1,94.266,
01/01/2000,01:20:33.72,20.01,-59.29,-992.59,131.25,-743.75,-332.50,1,94.252,
01/01/2000,01:20:33.74,21.23,-59.78,-990.88,96.25,-700.0,-402.50,1,94.253,
01/01/2000,01:20:33.75,21.72,-60.02,-989.91,113.75,-691.25,-358.75,1,94.254,
01/01/2000,01:20:33.76,21.59,-59.78,-989.79,113.75,-761.25,-323.75,1,94.255,
01/01/2000,01:20:33.77,21.11,-59.66,-990.40,280.0,-761.25,-437.50,1,94.256,
01/01/2000,01:20:33.78,20.74,-59.29,-991.49,245.0,-761.25,-472.50,1,94.257,
01/01/2000,01:20:33.79,20.01,-58.80,-992.35,166.25,-673.75,-78.75,1,94.258,
01/01/2000,01:20:33.80,19.52,-58.80,-992.71,218.75,-682.50,-367.50,1,94.259,
01/01/2000,01:20:33.81,19.52,-58.80,-992.35,131.25,-656.25,-350.0,1,94.260,
01/01/2000,01:20:33.82,20.01,-59.29,-992.10,175.0,-848.75,-350.0,1,94.260,
01/01/2000,01:20:33.83,20.01,-59.54,-991.49,192.50,-682.50,-323.75,1,94.261,
01/01/2000,01:20:33.84,19.76,-59.66,-991.13,35.0,-621.25,-218.75,1,94.262,
01/01/2000,01:20:33.85,19.28,-59.66,-991.13,61.25,-673.75,-525.0,1,94.263,
01/01/2000,01:20:33.86,19.03,-59.54,-991.98,315.0,-656.25,-367.50,1,94.264,
01/01/2000,01:20:33.87,19.03,-59.05,-992.71,113.75,-735.0,-376.25,1,94.265,
01/01/2000,01:20:33.88,19.52,-59.29,-992.84,175.0,-708.75,-323.75,1,94.251,
01/01/2000,01:20:33.89,19.76,-59.05,-992.59,52.50,-682.50,-175.0,1,94.252,
01/01/2000,01:20:33.90,20.01,-59.41,-991.98,245.0,-700.0,-367.50,1,94.253,
01/01/2000,01:20:33.91,20.25,-59.54,-991.37,96.25,-778.75,-315.0,1,94.254,
01/01/2000,01:20:33.93,20.86,-59.78,-991.13,166.25,-770.0,-271.25,1,94.255,
01/01/2000,01:20:33.94,20.74,-59.66,-991.25,78.75,-743.75,-297.50,1,94.255,
01/01/2000,01:20:33.95,20.25,-59.54,-991.74,201.25,-673.75,-393.75,1,94.256,
01/01/2000,01:20:33.96,19.52,-59.29,-991.98,96.25,-656.25,-262.50,1,94.257,
01/01/2000,01:20:33.97,19.52,-59.05,-992.35,131.25,-682.50,-411.25,1,94.258,
01/01/2000,01:20:33.98,19.76,-59.05,-992.35,140.0,-665.0,-350.0,1,94.259,
01/01/2000,01:20:33.99,20.01,-59.05,-992.35,113.75,-761.25,-446.25,1,94.260,
01/01/2000,01:20:34.00,20.62,-59.29,-991.86,183.75,-717.50,-271.25,1,94.261,
01/01/2000,01:20:34.01,20.62,-59.66,-991.25,271.25,-761.25,-341.25,1,94.262,
01/01/2000,01:20:34.02,20.01,-59.78,-990.76,113.75,-770.0,-341.25,1,94.248,
01/01/2000,01:20:34.03,19.03,-60.02,-990.88,78.75,-726.25,-350.0,1,94.249,
01/01/2000,01:20:34.04,18.54,-59.66,-991.62,157.50,-778.75,-481.25,1,94.250,
01/01/2000,01:20:34.05,18.79,-59.29,-992.47,70.0,-735.0,-393.75,1,94.250,
01/01/2000,01:20:34.06,19.52,-58.80,-993.08,157.50,-691.25,-516.25,1,94.251,
01/01/2000,01:20:34.07,20.01,-58.68,-993.20,288.75,-761.25,-148.75,1,94.252,
01/01/2000,01:20:34.08,20.50,-59.05,-992.47,227.50,-778.75,-297.50,1,94.253,
01/01/2000,01:20:34.10,20.74,-59.90,-991.37,271.25,-822.50,-420.0,1,94.254,
01/01/2000,01:20:34.11,20.74,-60.27,-991.13,175.0,-717.50,-455.0,1,94.255,
01/01/2000,01:20:34.12,20.86,-60.15,-991.25,96.25,-743.75,-288.75,1,94.256,
01/01/2000,01:20:34.13,20.50,-60.15,-991.62,227.50,-682.50,-376.25,1,94.257,
01/01/2000,01:20:34.14,19.76,-59.54,-992.23,113.75,-700.0,-218.75,1,94.258,
01/01/2000,01:20:34.15,19.28,-59.05,-992.59,262.50,-647.50,-367.50,1,94.259,
01/01/2000,01:20:34.16,19.40,-58.80,-992.84,148.75,-673.75,-218.75,1,94.260,
01/01/2000,01:20:34.17,19.76,-59.05,-992.71,157.50,-665.0,-183.75,1,94.261,
01/01/2000,01:20:34.18,20.25,-59.29,-992.10,183.75,-630.0,-315.0,1,94.262,
01/01/2000,01:20:34.19,20.37,-59.78,-991.13,245.0,-796.25,-280.0,1,94.262,
01/01/2000,01:20:34.20,19.76,-59.54,-990.76,-8.75,-813.75,-385.0,1,94.263,
01/01/2000,01:20:34.21,19.03,-59.78,-990.88,271.25,-673.75,-376.25,1,94.264,
01/01/2000,01:20:34.22,18.79,-59.41,-991.62,183.75,-717.50,-437.50,1,94.265,
01/01/2000,01:20:34.23,18.91,-59.05,-993.20,262.50,-743.75,-332.50,1,94.251,
01/01/2000,01:20:34.24,19.15,-58.80,-993.69,87.50,-638.75,-192.50,1,94.252,
01/01/2000,01:20:34.25,20.01,-59.05,-993.32,0.0,-682.50,-280.0,1,94.253,
01/01/2000,01:20:34.27,20.25,-59.29,-992.59,280.0,-761.25,-306.25,1,94.254,
01/01/2000,01:20:34.27,20.62,-59.54,-991.62,17.50,-691.25,-271.25,1,94.255,
01/01/2000,01:20:34.29,20.62,-59.78,-990.76,253.75,-805.0,-393.75,1,94.256,
01/01/2000,01:20:34.30,20.50,-59.78,-990.27,148.75,-735.0,-341.25,1,94.257,
01/01/2000,01:20:34.31,20.01,-59.41,-990.88,87.50,-822.50,-306.25,1,94.257,
01/01/2000,01:20:34.32,19.28,-58.93,-991.37,26.25,-717.50,-280.0,1,94.258,
01/01/2000,01:20:34.33,18.54,-59.05,-991.86,210.0,-682.50,-192.50,1,94.259,
01/01/2000,01:20:34.34,17.57,-58.68,-992.10,70.0,-673.75,-192.50,1,94.260,
01/01/2000,01:20:34.35,16.47,-59.05,-991.98,192.50,-691.25,-26.25,1,94.261,
01/01/2000,01:20:34.36,14.76,-59.41,-991.37,306.25,-726.25,-192.50,1,94.262,
01/01/2000,01:20:34.37,12.57,-59.41,-990.88,148.75,-761.25,-192.50,1,94.248,
01/01/2000,01:20:34.38,11.22,-59.41,-991.25,157.50,-700.0,-323.75,1,94.249,
01/01/2000,01:20:34.39,10.37,-59.54,-992.10,157.50,-735.0,-297.50,1,94.250,
01/01/2000,01:20:34.40,10.37,-59.29,-993.08,166.25,-673.75,-367.50,1,94.251,
01/01/2000,01:20:34.41,10.98,-59.05,-993.81,218.75,-621.25,-428.75,1,94.252,
01/01/2000,01:20:34.42,12.69,-58.80,-993.57,236.25,-673.75,-463.75,1,94.253,
01/01/2000,01:20:34.44,13.30,-59.05,-991.25,105.0,-735.0,8.75,1,94.253,
01/01/2000,01:20:34.45,12.20,-59.54,-989.05,131.25,-726.25,-227.50,1,94.239,
01/01/2000,01:20:34.46,10.61,-59.78,-988.20,105.0,-918.75,-43.75,1,94.240,
01/01/2000,01:20:34.47,8.42,-60.02,-989.42,43.75,-813.75,-192.50,1,94.241,
01/01/2000,01:20:34.48,6.83,-59.78,-991.37,183.75,-682.50,-358.75,1,94.242,
01/01/2000,01:20:34.49,6.34,-59.29,-993.32,43.75,-586.25,-437.50,1,94.243,
01/01/2000,01:20:34.50,6.34,-58.80,-994.67,192.50,-638.75,-113.75,1,94.244,
01/01/2000,01:20:34.51,6.95,-58.19,-995.28,131.25,-691.25,-131.25,1,94.245,
01/01/2000,01:20:34.52,9.27,-58.32,-994.30,175.0,-621.25,-201.25,1,94.246,
01/01/2000,01:20:34.53,11.22,-58.80,-992.59,131.25,-551.25,-140.0,1,94.247,
01/01/2000,01:20:34.54,12.69,-59.41,-990.03,157.50,-918.75,-35.0,1,94.248,
01/01/2000,01:20:34.55,14.03,-60.27,-987.96,245.0,-831.25,-140.0,1,94.248,
01/01/2000,01:20:34.56,14.64,-60.51,-988.81,35.0,-770.0,-402.50,1,94.249,
01/01/2000,01:20:34.57,14.40,-60.76,-990.76,288.75,-822.50,-175.0,1,94.250,
01/01/2000,01:20:34.59,12.93,-59.54,-993.20,122.50,-621.25,140.0,1,94.251,
01/01/2000,01:20:34.60,12.32,-59.05,-994.18,245.0,-595.0,-446.25,1,94.252,
01/01/2000,01:20:34.61,12.69,-58.07,-994.67,78.75,-691.25,-472.50,1,94.253,
01/01/2000,01:20:34.62,14.64,-58.07,-993.69,78.75,-621.25,-148.75,1,94.254,
01/01/2000,01:20:34.63,15.98,-58.56,-992.23,35.0,-647.50,-43.75,1,94.255,
01/01/2000,01:20:34.64,17.20,-59.66,-990.76,96.25,-796.25,-105.0,1,94.256,
01/01/2000,01:20:34.65,17.69,-60.51,-989.79,17.50,-735.0,-498.75,1,94.257,
01/01/2000,01:20:34.66,18.06,-61.24,-990.27,113.75,-638.75,-560.0,1,94.258,
01/01/2000,01:20:34.67,18.06,-60.39,-992.10,131.25,-735.0,-385.0,1,94.259,
01/01/2000,01:20:34.68,17.69,-59.54,-992.71,253.75,-682.50,-420.0,1,94.244,
01/01/2000,01:20:34.69,17.32,-58.32,-992.71,35.0,-638.75,-166.25,1,94.260,
01/01/2000,01:20:34.70,17.20,-58.07,-992.35,262.50,-630.0,-105.0,1,94.246,
01/01/2000,01:20:34.71,17.81,-58.19,-992.23,148.75,-700.0,-201.25,1,94.247,
01/01/2000,01:20:34.72,18.91,-59.54,-991.98,157.50,-717.50,-43.75,1,94.248,
01/01/2000,01:20:34.74,19.15,-60.51,-991.62,113.75,-840.0,-455.0,1,94.249,
01/01/2000,01:20:34.75,19.03,-60.76,-991.49,227.50,-647.50,-472.50,1,94.250,
01/01/2000,01:20:34.76,18.79,-60.27,-991.62,96.25,-638.75,-656.25,1,94.251,
01/01/2000,01:20:34.77,18.79,-59.54,-991.86,175.0,-656.25,-393.75,1,94.252,
01/01/2000,01:20:34.78,18.91,-58.44,-992.47,245.0,-708.75,-210.0,1,94.253,
01/01/2000,01:20:34.79,19.03,-58.07,-992.47,148.75,-726.25,-96.25,1,94.254,
01/01/2000,01:20:34.80,19.15,-58.93,-992.23,131.25,-770.0,-262.50,1,94.255,
01/01/2000,01:20:34.81,19.40,-59.66,-992.10,358.75,-752.50,-428.75,1,94.255,
01/01/2000,01:20:34.82,19.52,-60.27,-991.98,166.25,-831.25,-376.25,1,94.256,
01/01/2000,01:20:34.83,19.76,-60.63,-991.98,157.50,-726.25,-498.75,1,94.257,
01/01/2000,01:20:34.84,19.52,-60.15,-991.86,166.25,-726.25,-411.25,1,94.258,
01/01/2000,01:20:34.85,19.52,-59.41,-991.98,70.0,-665.0,-437.50,1,94.259,
01/01/2000,01:20:34.86,19.52,-58.80,-992.10,0.0,-691.25,-253.75,1,94.260,
01/01/2000,01:20:34.87,19.52,-58.44,-992.35,218.75,-586.25,-157.50,1,94.246,
01/01/2000,01:20:34.88,19.40,-58.80,-992.23,35.0,-665.0,-323.75,1,94.247,
01/01/2000,01:20:34.89,19.28,-59.29,-991.62,148.75,-621.25,-306.25,1,94.248,
01/01/2000,01:20:34.90,18.67,-59.66,-990.15,175.0,-665.0,-245.0,1,94.249,
01/01/2000,01:20:34.91,18.30,-59.66,-988.44,332.50,-691.25,-306.25,1,94.250,
01/01/2000,01:20:34.92,17.69,-59.29,-987.71,183.75,-857.50,-525.0,1,94.251,
01/01/2000,01:20:34.93,17.69,-59.05,-987.59,218.75,-665.0,-175.0,1,94.251,
01/01/2000,01:20:34.96,16.71,-58.56,-986.25,-35.0,-665.0,-148.75,1,94.237,
01/01/2000,01:20:34.97,16.10,-58.93,-985.27,96.25,-603.75,-253.75,1,94.238,
01/01/2000,01:20:34.98,16.35,-59.05,-984.30,35.0,-717.50,-253.75,1,94.239,
01/01/2000,01:20:34.99,17.08,-59.54,-984.54,245.0,-682.50,-385.0,1,94.240,
01/01/2000,01:20:35.00,17.08,-59.78,-985.15,157.50,-665.0,-192.50,1,94.241,
01/01/2000,01:20:35.01,16.47,-59.90,-985.39,-52.50,-638.75,-227.50,1,94.242,
01/01/2000,01:20:35.02,15.01,-59.41,-984.91,87.50,-638.75,-166.25,1,94.243,
01/01/2000,01:20:35.03,13.79,-59.05,-983.81,113.75,-630.0,-96.25,1,94.244,
01/01/2000,01:20:35.04,12.69,-58.56,-982.34,157.50,-647.50,-122.50,1,94.245,
01/01/2000,01:20:35.05,12.20,-58.19,-980.15,201.25,-717.50,-175.0,1,94.246,
01/01/2000,01:20:35.06,12.69,-58.56,-978.93,227.50,-682.50,-280.0,1,94.247,
01/01/2000,01:20:35.07,13.91,-58.93,-979.17,43.75,-691.25,-420.0,1,94.247,
01/01/2000,01:20:35.08,14.64,-59.66,-980.15,-8.75,-796.25,-210.0,1,94.248,
01/01/2000,01:20:35.09,15.62,-60.27,-982.95,192.50,-770.0,-323.75,1,94.249,
01/01/2000,01:20:35.10,15.62,-60.27,-984.91,157.50,-717.50,-367.50,1,94.250,
01/01/2000,01:20:35.11,15.13,-59.41,-986.37,-8.75,-665.0,-236.25,1,94.251,
01/01/2000,01:20:35.12,14.64,-58.80,-987.10,140.0,-638.75,17.50,1,94.252,
01/01/2000,01:20:35.13,14.27,-58.32,-986.74,157.50,-700.0,-140.0,1,94.253,
01/01/2000,01:20:35.14,14.64,-58.44,-986.74,157.50,-621.25,-140.0,1,94.254,
01/01/2000,01:20:35.15,15.37,-58.68,-986.86,8.75,-691.25,-280.0,1,94.255,
01/01/2000,01:20:35.16,16.84,-59.90,-986.49,245.0,-586.25,-262.50,1,94.241,
01/01/2000,01:20:35.17,17.45,-60.02,-986.25,113.75,-682.50,-411.25,1,94.242,
01/01/2000,01:20:35.18,17.81,-60.15,-985.88,192.50,-700.0,-481.25,1,94.243,
01/01/2000,01:20:35.19,18.54,-59.41,-986.74,192.50,-796.25,-446.25,1,94.243,
01/01/2000,01:20:35.20,19.15,-59.17,-987.96,70.0,-673.75,-306.25,1,94.244,
01/01/2000,01:20:35.21,19.15,-58.80,-989.66,78.75,-761.25,-166.25,1,94.245,
01/01/2000,01:20:35.23,18.54,-59.17,-991.37,26.25,-735.0,-61.25,1,94.246,
01/01/2000,01:20:35.24,17.93,-59.29,-991.62,201.25,-630.0,26.25,1,94.247,
01/01/2000,01:20:35.25,17.69,-59.54,-991.37,175.0,-752.50,-280.0,1,94.248,
01/01/2000,01:20:35.26,18.18,-59.66,-990.64,157.50,-525.0,-411.25,1,94.249,
01/01/2000,01:20:35.27,18.67,-59.78,-990.03,288.75,-700.0,-446.25,1,94.250,
01/01/2000,01:20:35.28,19.28,-59.41,-989.30,0.0,-708.75,-332.50,1,94.251,
01/01/2000,01:20:35.29,19.76,-59.54,-989.18,166.25,-726.25,-288.75,1,94.252,
01/01/2000,01:20:35.30,20.37,-59.41,-990.15,157.50,-770.0,-271.25,1,94.253,
01/01/2000,01:20:35.31,20.25,-59.41,-991.62,17.50,-691.25,-315.0,1,94.253,
01/01/2000,01:20:35.32,19.89,-59.78,-992.35,323.75,-630.0,-402.50,1,94.254,
01/01/2000,01:20:35.33,19.52,-59.54,-992.71,26.25,-551.25,-280.0,1,94.255,
01/01/2000,01:20:35.34,19.15,-59.41,-992.84,61.25,-665.0,-306.25,1,94.256,
01/01/2000,01:20:35.35,19.03,-59.54,-992.35,218.75,-682.50,-288.75,1,94.257,
01/01/2000,01:20:35.36,19.28,-59.29,-991.86,96.25,-778.75,-332.50,1,94.258,
01/01/2000,01:20:35.38,20.01,-59.54,-992.10,262.50,-796.25,-323.75,1,94.244,
01/01/2000,01:20:35.39,20.37,-60.02,-993.08,96.25,-717.50,-245.0,1,94.245,
01/01/2000,01:20:35.40,20.25,-60.15,-993.69,236.25,-761.25,-315.0,1,94.246,
01/01/2000,01:20:35.41,19.64,-59.90,-993.57,271.25,-638.75,-166.25,1,94.247,
01/01/2000,01:20:35.42,18.79,-59.41,-992.10,157.50,-621.25,-306.25,1,94.248,
01/01/2000,01:20:35.43,18.67,-59.05,-991.37,8.75,-647.50,-402.50,1,94.249,
01/01/2000,01:20:35.44,19.28,-59.29,-990.88,210.0,-752.50,-367.50,1,94.249,
01/01/2000,01:20:35.45,19.76,-59.29,-991.13,87.50,-603.75,-420.0,1,94.250,
01/01/2000,01:20:35.46,20.74,-59.78,-991.37,0.0,-630.0,-437.50,1,94.236,
01/01/2000,01:20:35.47,20.74,-59.78,-991.49,96.25,-778.75,-411.25,1,94.237,
01/01/2000,01:20:35.48,20.62,-59.78,-991.86,105.0,-647.50,-358.75,1,94.238,
01/01/2000,01:20:35.49,20.50,-59.54,-992.23,227.50,-752.50,-341.25,1,94.239,
01/01/2000,01:20:35.50,20.01,-59.05,-992.47,70.0,-656.25,-358.75,1,94.240,
01/01/2000,01:20:35.52,19.76,-58.93,-993.20,105.0,-770.0,-358.75,1,94.241,
01/01/2000,01:20:35.53,19.52,-59.05,-993.69,87.50,-682.50,-297.50,1,94.242,
01/01/2000,01:20:35.54,19.64,-59.05,-994.06,175.0,-656.25,-385.0,1,94.243,
01/01/2000,01:20:35.55,20.01,-59.41,-994.06,148.75,-752.50,-332.50,1,94.244,
01/01/2000,01:20:35.56,20.01,-59.54,-993.81,87.50,-691.25,-560.0,1,94.245,
01/01/2000,01:20:35.57,20.25,-59.54,-993.45,183.75,-735.0,-306.25,1,94.246,
01/01/2000,01:20:35.58,20.13,-59.54,-993.08,262.50,-700.0,-210.0,1,94.246,
01/01/2000,01:20:35.59,19.89,-59.05,-992.47,157.50,-735.0,-236.25,1,94.247,
01/01/2000,01:20:35.60,19.52,-59.05,-991.01,113.75,-673.75,-280.0,1,94.248,
01/01/2000,01:20:35.61,19.40,-59.05,-990.52,157.50,-822.50,-367.50,1,94.249,
01/01/2000,01:20:35.62,19.40,-59.05,-990.52,157.50,-673.75,-350.0,1,94.250,
01/01/2000,01:20:35.63,19.76,-59.29,-991.13,26.25,-708.75,-376.25,1,94.251,
01/01/2000,01:20:35.64,19.76,-59.29,-992.23,87.50,-700.0,-385.0,1,94.252,
01/01/2000,01:20:35.65,19.76,-59.66,-992.71,183.75,-542.50,-350.0,1,94.253,
01/01/2000,01:20:35.66,19.40,-59.29,-992.59,175.0,-743.75,-367.50,1,94.254,
01/01/2000,01:20:35.67,19.28,-59.17,-992.35,140.0,-647.50,-288.75,1,94.254,
01/01/2000,01:20:35.68,19.52,-59.29,-992.35,192.50,-656.25,-350.0,1,94.255,
01/01/2000,01:20:35.69,19.76,-59.29,-992.84,262.50,-717.50,-367.50,1,94.256,
01/01/2000,01:20:35.70,20.13,-59.54,-993.32,148.75,-691.25,-402.50,1,94.257,
01/01/2000,01:20:35.71,19.89,-59.54,-993.08,192.50,-691.25,-367.50,1,94.258,
01/01/2000,01:20:35.73,19.76,-59.66,-992.71,78.75,-630.0,-437.50,1,94.244,
01/01/2000,01:20:35.74,19.89,-59.54,-992.59,87.50,-822.50,-420.0,1,94.245,
01/01/2000,01:20:35.75,20.01,-59.54,-992.47,245.0,-621.25,-288.75,1,94.246,
01/01/2000,01:20:35.76,20.01,-59.54,-992.47,271.25,-691.25,-393.75,1,94.247,
01/01/2000,01:20:35.77,19.89,-59.41,-992.47,78.75,-726.25,-376.25,1,94.248,
01/01/2000,01:20:35.78,19.76,-59.54,-992.59,245.0,-726.25,-271.25,1,94.249,
01/01/2000,01:20:35.79,19.76,-59.54,-992.84,183.75,-638.75,-350.0,1,94.250,
01/01/2000,01:20:35.80,19.64,-59.66,-992.59,96.25,-656.25,-306.25,1,94.251,
01/01/2000,01:20:35.81,19.76,-59.66,-992.47,227.50,-612.50,-498.75,1,94.251,
01/01/2000,01:20:35.82,19.76,-59.54,-992.35,87.50,-630.0,-262.50,1,94.252,
01/01/2000,01:20:35.83,19.52,-59.29,-991.98,227.50,-778.75,-376.25,1,94.253,
01/01/2000,01:20:35.84,19.52,-59.05,-991.74,35.0,-656.25,-262.50,1,94.254,
01/01/2000,01:20:35.85,19.52,-59.29,-991.74,175.0,-743.75,-323.75,1,94.255,
01/01/2000,01:20:35.86,19.89,-59.29,-992.10,166.25,-691.25,-323.75,1,94.241,
01/01/2000,01:20:35.87,20.01,-59.29,-992.59,157.50,-717.50,-376.25,1,94.242,
01/01/2000,01:20:35.88,20.13,-59.41,-992.96,122.50,-586.25,-227.50,1,94.243,
01/01/2000,01:20:35.89,20.01,-59.29,-992.84,96.25,-700.0,-411.25,1,94.244,
01/01/2000,01:20:35.90,19.76,-59.29,-992.47,78.75,-682.50,-332.50,1,94.245,
01/01/2000,01:20:35.91,19.52,-59.17,-991.98,61.25,-726.25,-428.75,1,94.246,
01/01/2000,01:20:35.92,19.76,-59.17,-991.74,35.0,-691.25,-297.50,1,94.247,
01/01/2000,01:20:35.94,20.25,-59.29,-992.35,43.75,-595.0,-428.75,1,94.248,
01/01/2000,01:20:35.95,20.01,-59.54,-992.59,218.75,-691.25,-288.75,1,94.248,
01/01/2000,01:20:35.96,20.01,-59.54,-992.71,122.50,-647.50,-358.75,1,94.249,
01/01/2000,01:20:35.97,19.40,-59.41,-992.10,201.25,-700.0,-288.75,1,94.250,
01/01/2000,01:20:35.98,19.15,-59.29,-991.62,236.25,-700.0,-446.25,1,94.236,
01/01/2000,01:20:35.99,19.15,-59.05,-991.25,43.75,-735.0,-288.75,1,94.237,
01/01/2000,01:20:36.00,19.28,-59.29,-991.62,280.0,-735.0,-288.75,1,94.238,
01/01/2000,01:20:36.01,19.64,-59.54,-992.47,105.0,-770.0,-376.25,1,94.239,
01/01/2000,01:20:36.02,20.25,-59.54,-993.08,122.50,-708.75,-455.0,1,94.240,
01/01/2000,01:20:36.03,20.13,-59.54,-993.20,78.75,-735.0,-253.75,1,94.241,
01/01/2000,01:20:36.04,20.13,-59.17,-992.96,-8.75,-568.75,-411.25,1,94.242,
01/01/2000,01:20:36.05,20.01,-59.29,-992.71,280.0,-656.25,-358.75,1,94.243,
01/01/2000,01:20:36.06,20.01,-59.05,-992.35,192.50,-621.25,-306.25,1,94.244,
01/01/2000,01:20:36.08,19.89,-59.41,-992.35,166.25,-770.0,-446.25,1,94.244,
01/01/2000,01:20:36.09,20.01,-59.78,-992.59,183.75,-735.0,-358.75,1,94.245,
01/01/2000,01:20:36.10,20.25,-59.90,-993.57,227.50,-735.0,-350.0,1,94.246,
01/01/2000,01:20:36.11,20.13,-59.78,-993.93,210.0,-717.50,-376.25,1,94.247,
01/01/2000,01:20:36.12,19.89,-59.54,-993.69,-26.25,-708.75,-323.75,1,94.248,
01/01/2000,01:20:36.13,19.76,-59.05,-992.96,8.75,-542.50,-341.25,1,94.249,
01/01/2000,01:20:36.14,19.40,-59.05,-992.10,157.50,-656.25,-140.0,1,94.250,
01/01/2000,01:20:36.15,19.28,-59.05,-991.13,35.0,-708.75,-306.25,1,94.251,
01/01/2000,01:20:36.16,19.40,-59.29,-991.01,236.25,-813.75,-262.50,1,94.252,
01/01/2000,01:20:36.17,19.64,-59.54,-991.37,218.75,-691.25,-297.50,1,94.253,
01/01/2000,01:20:36.18,19.89,-59.66,-992.35,236.25,-743.75,-315.0,1,94.253,
01/01/2000,01:20:36.19,19.76,-59.41,-992.84,253.75,-735.0,-376.25,1,94.254,
01/01/2000,01:20:36.20,19.52,-59.29,-992.84,35.0,-726.25,-350.0,1,94.255,
01/01/2000,01:20:36.21,19.28,-58.93,-992.59,87.50,-638.75,-271.25,1,94.256,
01/01/2000,01:20:36.22,19.15,-59.05,-992.23,218.75,-673.75,-227.50,1,94.257,
01/01/2000,01:20:36.23,19.15,-59.17,-991.98,122.50,-708.75,-262.50,1,94.258,
01/01/2000,01:20:36.24,19.28,-59.54,-991.98,78.75,-691.25,-367.50,1,94.259,
01/01/2000,01:20:36.25,19.76,-59.54,-992.47,148.75,-682.50,-446.25,1,94.260,
01/01/2000,01:20:36.26,20.37,-59.78,-993.08,148.75,-778.75,-481.25,1,94.246,
01/01/2000,01:20:36.27,20.50,-59.54,-993.81,183.75,-682.50,-262.50,1,94.261,
01/01/2000,01:20:36.29,20.25,-59.05,-994.30,192.50,-691.25,-280.0,1,94.248,
01/01/2000,01:20:36.30,20.01,-58.93,-994.06,166.25,-665.0,-402.50,1,94.249,
01/01/2000,01:20:36.31,19.64,-58.80,-993.45,87.50,-603.75,-210.0,1,94.249,
01/01/2000,01:20:36.32,19.52,-59.05,-992.35,52.50,-665.0,-245.0,1,94.250,
01/01/2000,01:20:36.33,19.28,-59.29,-991.37,166.25,-673.75,-490.0,1,94.251,
01/01/2000,01:20:36.34,19.40,-59.41,-990.52,52.50,-735.0,-350.0,1,94.252,
01/01/2000,01:20:36.35,20.01,-59.54,-991.13,148.75,-726.25,-428.75,1,94.253,
01/01/2000,01:20:36.36,20.37,-59.54,-992.59,236.25,-682.50,-367.50,1,94.254,
01/01/2000,01:20:36.37,20.50,-59.29,-993.45,105.0,-717.50,-358.75,1,94.255,
01/01/2000,01:20:36.38,20.01,-59.05,-993.57,140.0,-726.25,-192.50,1,94.256,
01/01/2000,01:20:36.39,19.52,-58.80,-993.20,245.0,-787.50,-280.0,1,94.257,
01/01/2000,01:20:36.40,18.91,-58.80,-991.98,210.0,-682.50,-280.0,1,94.257,
01/01/2000,01:20:36.41,19.28,-59.05,-991.62,140.0,-682.50,-315.0,1,94.258,
01/01/2000,01:20:36.42,19.76,-59.29,-991.49,148.75,-708.75,-411.25,1,94.259,
01/01/2000,01:20:36.43,20.37,-59.54,-991.86,78.75,-726.25,-358.75,1,94.246,
01/01/2000,01:20:36.44,20.62,-59.54,-992.35,218.75,-700.0,-358.75,1,94.246,
01/01/2000,01:20:36.45,20.37,-59.05,-992.84,245.0,-656.25,-402.50,1,94.247,
01/01/2000,01:20:36.46,20.25,-58.68,-993.08,78.75,-621.25,-297.50,1,94.248,
01/01/2000,01:20:36.47,19.89,-58.56,-992.84,175.0,-726.25,-245.0,1,94.249,
01/01/2000,01:20:36.49,19.28,-58.56,-991.74,192.50,-665.0,-236.25,1,94.250,
01/01/2000,01:20:36.50,19.40,-58.80,-991.01,131.25,-603.75,-323.75,1,94.251,
01/01/2000,01:20:36.51,19.64,-59.41,-991.13,105.0,-682.50,-490.0,1,94.252,
01/01/2000,01:20:36.52,19.89,-59.29,-991.37,-8.75,-665.0,-463.75,1,94.253,
01/01/2000,01:20:36.53,20.25,-59.54,-992.10,122.50,-761.25,-350.0,1,94.254,
01/01/2000,01:20:36.54,20.50,-59.05,-992.59,43.75,-656.25,-358.75,1,94.254,
01/01/2000,01:20:36.55,20.25,-58.93,-992.59,245.0,-770.0,-297.50,1,94.255,
01/01/2000,01:20:36.56,20.01,-58.56,-992.35,245.0,-568.75,-245.0,1,94.256,
01/01/2000,01:20:36.57,19.64,-58.68,-991.98,192.50,-682.50,-367.50,1,94.243,
01/01/2000,01:20:36.58,19.76,-58.93,-992.23,192.50,-796.25,-350.0,1,94.243,
01/01/2000,01:20:36.59,20.13,-59.41,-992.59,96.25,-726.25,-411.25,1,94.244,
01/01/2000,01:20:36.60,20.50,-59.54,-993.20,-35.0,-586.25,-271.25,1,94.245,
01/01/2000,01:20:36.61,20.62,-59.41,-993.45,157.50,-665.0,-393.75,1,94.246,
01/01/2000,01:20:36.62,20.50,-59.05,-993.08,201.25,-743.75,-385.0,1,94.247,
01/01/2000,01:20:36.63,20.25,-58.68,-992.84,157.50,-656.25,-236.25,1,94.248,
01/01/2000,01:20:36.65,20.50,-58.80,-992.84,87.50,-743.75,-315.0,1,94.249,
01/01/2000,01:20:36.66,20.25,-58.93,-993.08,262.50,-656.25,-367.50,1,94.250,
01/01/2000,01:20:36.67,20.37,-59.29,-993.32,105.0,-621.25,-323.75,1,94.251,
01/01/2000,01:20:36.68,20.37,-59.29,-993.20,157.50,-630.0,-358.75,1,94.251,
01/01/2000,01:20:36.69,20.01,-59.05,-992.84,105.0,-778.75,-253.75,1,94.252,
01/01/2000,01:20:36.70,19.76,-59.05,-992.23,-8.75,-612.50,-323.75,1,94.253,
01/01/2000,01:20:36.71,19.76,-58.80,-991.13,52.50,-726.25,-262.50,1,94.240,
01/01/2000,01:20:36.72,19.28,-58.80,-990.64,105.0,-682.50,-306.25,1,94.241,
01/01/2000,01:20:36.73,19.40,-59.05,-990.52,245.0,-673.75,-385.0,1,94.241,
01/01/2000,01:20:36.74,19.76,-59.29,-991.25,183.75,-647.50,-481.25,1,94.242,
01/01/2000,01:20:36.75,20.01,-59.78,-992.71,192.50,-612.50,-455.0,1,94.243,
01/01/2000,01:20:36.76,20.25,-59.41,-993.32,113.75,-752.50,-481.25,1,94.244,
01/01/2000,01:20:36.77,20.25,-59.17,-993.57,70.0,-700.0,-358.75,1,94.245,
01/01/2000,01:20:36.79,19.76,-58.68,-992.71,105.0,-700.0,-192.50,1,94.246,
01/01/2000,01:20:36.80,19.52,-58.80,-992.10,52.50,-630.0,-367.50,1,94.247,
01/01/2000,01:20:36.81,19.89,-58.80,-991.62,-8.75,-647.50,-358.75,1,94.248,
01/01/2000,01:20:36.82,20.25,-59.54,-991.86,341.25,-778.75,-393.75,1,94.248,
01/01/2000,01:20:36.83,20.62,-59.54,-992.71,148.75,-752.50,-586.25,1,94.249,
01/01/2000,01:20:36.84,21.11,-59.41,-993.81,105.0,-717.50,-420.0,1,94.250,
01/01/2000,01:20:36.85,21.11,-59.41,-994.30,201.25,-726.25,-323.75,1,94.251,
01/01/2000,01:20:36.86,20.13,-58.93,-993.45,105.0,-673.75,-131.25,1,94.252,
01/01/2000,01:20:36.87,19.28,-58.56,-991.13,183.75,-656.25,-350.0,1,94.253,
01/01/2000,01:20:36.88,19.03,-58.80,-989.91,87.50,-682.50,-288.75,1,94.239,
01/01/2000,01:20:36.89,19.03,-59.05,-989.66,122.50,-673.75,-358.75,1,94.240,
01/01/2000,01:20:36.90,19.52,-59.41,-990.15,201.25,-726.25,-367.50,1,94.241,
01/01/2000,01:20:36.91,20.13,-59.54,-991.62,227.50,-630.0,-472.50,1,94.242,
01/01/2000,01:20:36.93,20.01,-59.17,-992.84,131.25,-691.25,-402.50,1,94.243,
01/01/2000,01:20:36.94,20.25,-58.56,-993.08,105.0,-726.25,-271.25,1,94.244,
01/01/2000,01:20:36.95,20.50,-58.56,-992.96,192.50,-630.0,-201.25,1,94.245,
01/01/2000,01:20:36.96,20.25,-58.44,-992.84,253.75,-621.25,-358.75,1,94.245,
01/01/2000,01:20:36.97,20.01,-58.80,-992.71,166.25,-568.75,-210.0,1,94.246,
01/01/2000,01:20:36.98,20.37,-59.29,-992.47,131.25,-647.50,-455.0,1,94.247,
01/01/2000,01:20:36.99,20.01,-59.54,-992.35,201.25,-735.0,-428.75,1,94.234,
01/01/2000,01:20:37.01,20.74,-59.05,-992.96,122.50,-761.25,-463.75,1,94.235,
01/01/2000,01:20:37.02,21.23,-58.80,-993.69,17.50,-735.0,-376.25,1,94.235,
01/01/2000,01:20:37.03,20.86,-58.68,-994.30,131.25,-638.75,-262.50,1,94.236,
01/01/2000,01:20:37.04,20.50,-58.80,-993.57,201.25,-560.0,-61.25,1,94.237,
01/01/2000,01:20:37.05,20.01,-58.93,-992.10,367.50,-647.50,-166.25,1,94.238,
01/01/2000,01:20:37.06,19.28,-58.93,-990.40,-35.0,-726.25,-323.75,1,94.239,
01/01/2000,01:20:37.07,19.03,-58.93,-988.93,113.75,-691.25,-481.25,1,94.240,
01/01/2000,01:20:37.08,19.52,-59.05,-989.42,192.50,-691.25,-507.50,1,94.241,
01/01/2000,01:20:37.09,19.89,-59.05,-990.64,227.50,-796.25,-367.50,1,94.242,
01/01/2000,01:20:37.10,20.01,-58.93,-991.98,131.25,-726.25,-376.25,1,94.243,
01/01/2000,01:20:37.11,20.50,-58.56,-992.96,175.0,-752.50,-245.0,1,94.243,
01/01/2000,01:20:37.12,20.01,-58.80,-992.84,210.0,-770.0,-122.50,1,94.244,
01/01/2000,01:20:37.13,19.28,-58.68,-992.47,148.75,-630.0,-323.75,1,94.245,
01/01/2000,01:20:37.14,19.40,-58.80,-991.86,148.75,-735.0,-271.25,1,94.246,
01/01/2000,01:20:37.15,20.25,-59.05,-991.98,236.25,-717.50,-507.50,1,94.247,
01/01/2000,01:20:37.16,20.01,-59.41,-992.35,61.25,-638.75,-323.75,1,94.248,
01/01/2000,01:20:37.17,20.37,-59.05,-992.84,201.25,-726.25,-131.25,1,94.249,
01/01/2000,01:20:37.18,20.86,-59.05,-993.20,175.0,-691.25,-341.25,1,94.250,
01/01/2000,01:20:37.19,20.50,-58.56,-994.06,166.25,-638.75,-437.50,1,94.250,
01/01/2000,01:20:37.20,20.37,-58.32,-994.30,175.0,-630.0,-87.50,1,94.251,
01/01/2000,01:20:37.21,20.25,-58.56,-993.45,157.50,-647.50,-166.25,1,94.238,
01/01/2000,01:20:37.22,19.15,-58.80,-991.98,192.50,-656.25,-280.0,1,94.239,
01/01/2000,01:20:37.23,18.54,-58.68,-990.64,35.0,-761.25,-560.0,1,94.240,
01/01/2000,01:20:37.24,18.91,-58.80,-989.91,280.0,-673.75,-542.50,1,94.240,
01/01/2000,01:20:37.25,19.52,-58.56,-990.40,8.75,-717.50,-402.50,1,94.241,
01/01/2000,01:20:37.26,19.76,-58.68,-991.62,175.0,-822.50,-297.50,1,94.242,
01/01/2000,01:20:37.28,20.74,-58.44,-993.08,-8.75,-665.0,-201.25,1,94.243,
01/01/2000,01:20:37.29,20.25,-58.80,-993.32,96.25,-647.50,-140.0,1,94.244,
01/01/2000,01:20:37.30,19.52,-58.80,-993.20,-8.75,-647.50,-350.0,1,94.245,
01/01/2000,01:20:37.31,19.89,-58.56,-992.35,87.50,-787.50,-358.75,1,94.246,
01/01/2000,01:20:37.32,20.01,-58.80,-992.35,227.50,-691.25,-402.50,1,94.247,
01/01/2000,01:20:37.33,19.40,-58.93,-992.59,271.25,-665.0,-323.75,1,94.247,
01/01/2000,01:20:37.34,19.76,-58.80,-992.59,-17.50,-717.50,-367.50,1,94.248,
01/01/2000,01:20:37.35,20.25,-58.68,-992.71,210.0,-700.0,-358.75,1,94.249,
01/01/2000,01:20:37.36,20.01,-58.56,-993.20,122.50,-717.50,-332.50,1,94.250,
01/01/2000,01:20:37.37,20.74,-58.80,-993.69,245.0,-682.50,-341.25,1,94.251,
01/01/2000,01:20:37.38,21.23,-58.80,-994.06,43.75,-630.0,-253.75,1,94.252,
01/01/2000,01:20:37.39,20.62,-58.93,-994.18,140.0,-717.50,-210.0,1,94.253,
01/01/2000,01:20:37.40,19.89,-58.80,-993.45,122.50,-682.50,-271.25,1,94.254,
01/01/2000,01:20:37.41,20.01,-58.56,-991.49,17.50,-752.50,-367.50,1,94.254,
01/01/2000,01:20:37.42,18.79,-58.68,-990.40,43.75,-883.75,-323.75,1,94.241,
01/01/2000,01:20:37.44,19.03,-58.68,-990.40,227.50,-735.0,-341.25,1,94.242,
01/01/2000,01:20:37.44,19.89,-58.80,-990.64,166.25,-726.25,-455.0,1,94.243,
01/01/2000,01:20:37.46,19.52,-58.80,-991.25,157.50,-551.25,-385.0,1,94.244,
01/01/2000,01:20:37.47,19.40,-58.93,-991.98,175.0,-621.25,-393.75,1,94.244,
01/01/2000,01:20:37.48,20.74,-58.56,-992.23,122.50,-700.0,-341.25,1,94.245,
01/01/2000,01:20:37.49,20.50,-58.80,-992.59,227.50,-726.25,-218.75,1,94.246,
01/01/2000,01:20:37.50,20.01,-59.05,-992.10,288.75,-700.0,-210.0,1,94.233,
01/01/2000,01:20:37.51,20.01,-58.56,-991.37,61.25,-735.0,-455.0,1,94.234,
01/01/2000,01:20:37.52,19.76,-59.05,-991.49,201.25,-778.75,-332.50,1,94.235,
01/01/2000,01:20:37.53,20.50,-58.68,-991.86,87.50,-665.0,-586.25,1,94.235,
01/01/2000,01:20:37.54,21.11,-58.93,-992.59,192.50,-752.50,-420.0,1,94.236,
01/01/2000,01:20:37.55,21.11,-58.68,-993.69,-105.0,-691.25,-393.75,1,94.237,
01/01/2000,01:20:37.57,21.23,-59.54,-995.03,367.50,-717.50,-341.25,1,94.238,
01/01/2000,01:20:37.58,21.23,-58.44,-995.03,-8.75,-682.50,-402.50,1,94.239,
01/01/2000,01:20:37.59,20.86,-59.05,-993.81,218.75,-647.50,-96.25,1,94.240,
01/01/2000,01:20:37.60,20.01,-58.32,-991.62,-78.75,-665.0,-323.75,1,94.241,
01/01/2000,01:20:37.61,18.91,-58.68,-989.18,236.25,-787.50,-280.0,1,94.242,
01/01/2000,01:20:37.62,18.91,-58.56,-988.69,17.50,-647.50,-402.50,1,94.242,
01/01/2000,01:20:37.63,18.91,-59.41,-989.54,227.50,-848.75,-437.50,1,94.243,
01/01/2000,01:20:37.64,19.28,-59.17,-992.23,113.75,-708.75,-603.75,1,94.244,
01/01/2000,01:20:37.65,20.01,-58.93,-993.57,210.0,-673.75,-376.25,1,94.245,
01/01/2000,01:20:37.66,20.37,-58.32,-994.30,227.50,-656.25,-341.25,1,94.246,
01/01/2000,01:20:37.67,20.25,-57.95,-993.69,61.25,-595.0,-218.75,1,94.247,
01/01/2000,01:20:37.68,19.89,-58.07,-992.35,61.25,-700.0,-166.25,1,94.248,
01/01/2000,01:20:37.69,19.40,-58.80,-990.64,192.50,-770.0,-245.0,1,94.249,
01/01/2000,01:20:37.70,19.52,-59.78,-990.40,201.25,-656.25,-498.75,1,94.249,
01/01/2000,01:20:37.71,20.01,-59.78,-991.74,210.0,-743.75,-568.75,1,94.250,
01/01/2000,01:20:37.72,20.74,-59.41,-993.20,201.25,-656.25,-516.25,1,94.251,
01/01/2000,01:20:37.73,21.35,-58.93,-994.67,341.25,-743.75,-288.75,1,94.252,
01/01/2000,01:20:37.74,21.72,-58.32,-995.89,183.75,-595.0,-218.75,1,94.239,
01/01/2000,01:20:37.75,21.59,-58.56,-995.40,201.25,-630.0,-96.25,1,94.254,
01/01/2000,01:20:37.76,20.74,-58.80,-994.06,61.25,-595.0,-122.50,1,94.240,
01/01/2000,01:20:37.78,19.52,-59.54,-991.37,157.50,-726.25,-358.75,1,94.241,
01/01/2000,01:20:37.79,19.03,-59.54,-989.66,43.75,-638.75,-402.50,1,94.242,
01/01/2000,01:20:37.80,18.54,-59.41,-988.69,297.50,-726.25,-393.75,1,94.243,
01/01/2000,01:20:37.81,19.03,-59.05,-989.79,61.25,-691.25,-376.25,1,94.244,
01/01/2000,01:20:37.82,20.01,-58.80,-991.74,192.50,-752.50,-481.25,1,94.245,
01/01/2000,01:20:37.83,20.74,-58.68,-993.57,-17.50,-612.50,-315.0,1,94.246,
01/01/2000,01:20:37.84,21.23,-59.05,-994.67,280.0,-770.0,-306.25,1,94.246,
01/01/2000,01:20:37.85,20.74,-59.29,-994.06,35.0,-673.75,-253.75,1,94.247,
01/01/2000,01:20:37.86,20.25,-59.41,-992.47,218.75,-638.75,-280.0,1,94.248,
01/01/2000,01:20:37.87,19.52,-59.29,-990.64,96.25,-848.75,-341.25,1,94.249,
01/01/2000,01:20:37.88,19.76,-59.29,-990.64,166.25,-743.75,-393.75,1,94.250,
01/01/2000,01:20:37.89,20.01,-59.29,-991.49,201.25,-682.50,-402.50,1,94.251,
01/01/2000,01:20:37.90,20.25,-59.05,-992.35,236.25,-691.25,-350.0,1,94.252,
01/01/2000,01:20:37.91,20.98,-58.80,-993.57,131.25,-630.0,-35.0,1,94.238,
01/01/2000,01:20:37.92,21.35,-58.80,-994.30,183.75,-656.25,122.50,1,94.239,
01/01/2000,01:20:37.93,21.35,-58.80,-994.30,175.0,-630.0,262.50,1,94.240,
01/01/2000,01:20:37.94,20.98,-58.56,-993.57,70.0,-542.50,-192.50,1,94.241,
01/01/2000,01:20:37.95,20.25,-58.44,-992.10,183.75,-621.25,-595.0,1,94.242,
01/01/2000,01:20:37.96,19.03,-58.32,-990.27,113.75,-770.0,-463.75,1,94.243,
01/01/2000,01:20:37.97,18.54,-58.19,-988.93,218.75,-682.50,-280.0,1,94.244,
01/01/2000,01:20:37.99,19.15,-58.68,-989.91,175.0,-726.25,-428.75,1,94.244,
01/01/2000,01:20:38.00,19.76,-58.93,-991.25,183.75,-726.25,-516.25,1,94.245,
01/01/2000,01:20:38.01,20.37,-58.93,-992.59,96.25,-682.50,-455.0,1,94.232,
01/01/2000,01:20:38.02,20.25,-58.68,-992.35,157.50,-752.50,-262.50,1,94.233,
01/01/2000,01:20:38.03,19.64,-58.19,-991.49,157.50,-665.0,-288.75,1,94.234,
01/01/2000,01:20:38.04,19.40,-58.44,-991.13,122.50,-673.75,-288.75,1,94.235,
01/01/2000,01:20:38.05,19.76,-58.56,-991.25,227.50,-638.75,-262.50,1,94.235,
01/01/2000,01:20:38.06,20.50,-58.93,-992.10,183.75,-743.75,-376.25,1,94.236,
01/01/2000,01:20:38.07,20.50,-59.05,-992.59,131.25,-787.50,-385.0,1,94.237,
01/01/2000,01:20:38.08,20.50,-59.05,-992.71,78.75,-665.0,-288.75,1,94.238,
01/01/2000,01:20:38.10,20.50,-58.56,-992.71,78.75,-621.25,-315.0,1,94.239,
01/01/2000,01:20:38.10,20.98,-58.32,-992.96,122.50,-638.75,-376.25,1,94.240,
01/01/2000,01:20:38.12,21.23,-58.44,-993.32,0.0,-761.25,-411.25,1,94.241,
01/01/2000,01:20:38.13,21.23,-58.56,-993.57,201.25,-691.25,-210.0,1,94.241,
01/01/2000,01:20:38.14,20.86,-58.80,-992.96,262.50,-691.25,-297.50,1,94.242,
01/01/2000,01:20:38.15,19.40,-58.56,-991.62,157.50,-735.0,-481.25,1,94.243,
01/01/2000,01:20:38.16,19.15,-58.56,-991.25,210.0,-770.0,-446.25,1,94.244,
01/01/2000,01:20:38.17,19.52,-58.32,-991.13,236.25,-726.25,-341.25,1,94.245,
01/01/2000,01:20:38.18,20.01,-58.32,-991.25,43.75,-682.50,-262.50,1,94.246,
01/01/2000,01:20:38.19,19.76,-58.19,-991.49,17.50,-735.0,-271.25,1,94.247,
01/01/2000,01:20:38.20,20.01,-58.44,-991.49,166.25,-708.75,-341.25,1,94.248,
01/01/2000,01:20:38.21,20.37,-58.56,-991.62,78.75,-796.25,-472.50,1,94.248,
01/01/2000,01:20:38.22,20.13,-58.56,-992.23,192.50,-743.75,-253.75,1,94.249,
01/01/2000,01:20:38.23,20.25,-58.56,-992.59,113.75,-708.75,-323.75,1,94.250,
01/01/2000,01:20:38.24,20.62,-58.32,-992.59,78.75,-682.50,-358.75,1,94.251,
01/01/2000,01:20:38.25,20.25,-58.19,-992.47,201.25,-586.25,-166.25,1,94.252,
01/01/2000,01:20:38.26,19.89,-58.56,-992.23,192.50,-708.75,-350.0,1,94.239,
01/01/2000,01:20:38.27,20.50,-58.56,-992.35,210.0,-621.25,-385.0,1,94.254,
01/01/2000,01:20:38.28,20.62,-58.80,-993.20,297.50,-735.0,-280.0,1,94.240,
01/01/2000,01:20:38.29,20.74,-58.68,-994.06,113.75,-577.50,-630.0,1,94.255,
01/01/2000,01:20:38.30,21.35,-58.68,-994.42,70.0,-822.50,-332.50,1,94.242,
01/01/2000,01:20:38.31,21.23,-58.44,-993.81,78.75,-516.25,-271.25,1,94.243,
01/01/2000,01:20:38.32,20.13,-58.44,-992.84,157.50,-691.25,-175.0,1,94.244,
01/01/2000,01:20:38.34,19.03,-58.07,-991.01,183.75,-752.50,-288.75,1,94.245,
01/01/2000,01:20:38.35,19.28,-58.44,-990.15,253.75,-752.50,-463.75,1,94.245,
01/01/2000,01:20:38.36,18.91,-58.68,-990.76,70.0,-822.50,-577.50,1,94.246,
01/01/2000,01:20:38.37,19.15,-59.05,-991.74,157.50,-630.0,-490.0,1,94.247,
01/01/2000,01:20:38.38,20.25,-58.80,-992.59,17.50,-630.0,-455.0,1,94.248,
01/01/2000,01:20:38.39,20.01,-58.56,-992.96,131.25,-700.0,-201.25,1,94.249,
01/01/2000,01:20:38.40,19.52,-58.19,-992.59,122.50,-691.25,-271.25,1,94.250,
01/01/2000,01:20:38.41,19.89,-58.32,-991.98,131.25,-708.75,-297.50,1,94.251,
01/01/2000,01:20:38.42,20.01,-59.05,-992.10,245.0,-621.25,-288.75,1,94.251,
01/01/2000,01:20:38.43,19.89,-59.54,-992.59,236.25,-682.50,-551.25,1,94.252,
01/01/2000,01:20:38.44,20.50,-59.29,-993.08,218.75,-673.75,-568.75,1,94.253,
01/01/2000,01:20:38.45,21.47,-58.93,-993.45,105.0,-630.0,-472.50,1,94.254,
01/01/2000,01:20:38.46,21.23,-58.56,-993.81,157.50,-638.75,-542.50,1,94.255,
01/01/2000,01:20:38.47,21.47,-58.19,-994.06,210.0,-656.25,-105.0,1,94.242,
01/01/2000,01:20:38.48,21.72,-58.68,-993.57,253.75,-691.25,0.0,1,94.243,
01/01/2000,01:20:38.49,20.62,-58.80,-992.59,105.0,-647.50,-227.50,1,94.243,
01/01/2000,01:20:38.50,19.03,-59.05,-990.88,210.0,-752.50,-113.75,1,94.244,
01/01/2000,01:20:38.51,19.03,-58.80,-989.91,122.50,-726.25,-428.75,1,94.245,
01/01/2000,01:20:38.53,18.18,-59.05,-989.91,280.0,-770.0,-472.50,1,94.246,
01/01/2000,01:20:38.54,18.54,-58.56,-990.76,210.0,-735.0,-166.25,1,94.247,
01/01/2000,01:20:38.55,20.50,-58.56,-992.35,192.50,-612.50,-437.50,1,94.248,
01/01/2000,01:20:38.56,20.37,-58.80,-992.71,245.0,-673.75,-175.0,1,94.249,
01/01/2000,01:20:38.57,19.89,-58.56,-992.59,96.25,-708.75,-78.75,1,94.249,
01/01/2000,01:20:38.58,20.50,-58.44,-991.74,96.25,-595.0,-166.25,1,94.250,
01/01/2000,01:20:38.59,20.25,-58.68,-991.62,201.25,-822.50,-411.25,1,94.251,
01/01/2000,01:20:38.60,20.01,-58.56,-992.10,-26.25,-691.25,-498.75,1,94.252,
01/01/2000,01:20:38.61,20.37,-58.93,-992.84,297.50,-708.75,-446.25,1,94.253,
01/01/2000,01:20:38.62,21.23,-58.80,-993.32,201.25,-630.0,-428.75,1,94.240,
01/01/2000,01:20:38.63,20.50,-58.56,-993.32,96.25,-708.75,-253.75,1,94.241,
01/01/2000,01:20:38.64,20.50,-58.44,-993.32,43.75,-630.0,-280.0,1,94.241,
01/01/2000,01:20:38.65,20.98,-58.32,-993.08,70.0,-621.25,-376.25,1,94.242,
01/01/2000,01:20:38.66,20.50,-58.56,-992.59,131.25,-691.25,-262.50,1,94.243,
01/01/2000,01:20:38.67,19.64,-58.93,-991.86,70.0,-691.25,-376.25,1,94.244,
01/01/2000,01:20:38.69,19.89,-58.56,-990.88,43.75,-726.25,-297.50,1,94.245,
01/01/2000,01:20:38.70,19.64,-58.56,-990.88,140.0,-700.0,-498.75,1,94.246,
01/01/2000,01:20:38.71,19.28,-58.56,-991.37,52.50,-673.75,-455.0,1,94.247,
01/01/2000,01:20:38.72,20.01,-58.56,-992.10,70.0,-577.50,-253.75,1,94.247,
01/01/2000,01:20:38.73,20.74,-58.32,-992.71,157.50,-630.0,-306.25,1,94.248,
01/01/2000,01:20:38.74,20.50,-58.44,-992.71,-26.25,-726.25,-332.50,1,94.249,
01/01/2000,01:20:38.75,20.25,-58.32,-992.23,183.75,-726.25,-376.25,1,94.250,
01/01/2000,01:20:38.76,20.50,-58.32,-991.62,288.75,-665.0,-358.75,1,94.251,
01/01/2000,01:20:38.77,20.25,-58.56,-991.74,131.25,-717.50,-446.25,1,94.252,
01/01/2000,01:20:38.78,20.25,-58.68,-992.35,122.50,-673.75,-533.75,1,94.253,
01/01/2000,01:20:38.79,20.86,-58.32,-992.59,52.50,-621.25,-411.25,1,94.253,
01/01/2000,01:20:38.80,20.37,-58.44,-992.71,96.25,-761.25,-306.25,1,94.254,
01/01/2000,01:20:38.81,20.13,-58.32,-992.84,148.75,-717.50,-341.25,1,94.255,
01/01/2000,01:20:38.82,20.13,-58.32,-992.84,140.0,-761.25,-218.75,1,94.256,
01/01/2000,01:20:38.83,20.50,-58.68,-992.59,166.25,-778.75,-323.75,1,94.243,
01/01/2000,01:20:38.85,19.76,-58.44,-992.23,148.75,-568.75,-210.0,1,94.244,
01/01/2000,01:20:38.86,19.89,-58.44,-991.49,192.50,-665.0,-227.50,1,94.244,
01/01/2000,01:20:38.87,19.76,-57.95,-991.01,175.0,-778.75,-385.0,1,94.245,
01/01/2000,01:20:38.88,19.15,-57.71,-991.13,78.75,-717.50,-332.50,1,94.246,
01/01/2000,01:20:38.89,19.28,-57.58,-991.49,61.25,-638.75,-350.0,1,94.247,
01/01/2000,01:20:38.90,19.52,-58.07,-991.74,341.25,-691.25,-323.75,1,94.248,
01/01/2000,01:20:38.91,19.40,-58.32,-991.62,43.75,-787.50,-350.0,1,94.249,
01/01/2000,01:20:38.92,19.64,-58.68,-991.86,271.25,-700.0,-262.50,1,94.250,
01/01/2000,01:20:38.93,20.62,-58.56,-992.23,210.0,-665.0,-428.75,1,94.250,
01/01/2000,01:20:38.94,20.98,-58.68,-992.47,306.25,-708.75,-253.75,1,94.251,
01/01/2000,01:20:38.95,20.86,-58.19,-992.35,52.50,-700.0,-218.75,1,94.252,
01/01/2000,01:20:38.96,20.74,-57.83,-992.10,113.75,-656.25,-166.25,1,94.253,
01/01/2000,01:20:38.97,20.50,-57.58,-992.10,122.50,-717.50,-218.75,1,94.240,
01/01/2000,01:20:38.98,20.25,-57.83,-992.35,192.50,-726.25,-323.75,1,94.241,
01/01/2000,01:20:38.99,20.25,-57.95,-992.96,78.75,-761.25,-463.75,1,94.242,
01/01/2000,01:20:39.00,21.59,-58.56,-994.30,175.0,-673.75,-700.0,1,94.242,
01/01/2000,01:20:39.01,21.96,-58.68,-994.67,148.75,-691.25,-542.50,1,94.243,
01/01/2000,01:20:39.02,21.96,-58.32,-993.93,0.0,-665.0,-183.75,1,94.244,
01/01/2000,01:20:39.04,20.50,-58.07,-990.76,210.0,-726.25,-236.25,1,94.245,
01/01/2000,01:20:39.05,19.40,-57.95,-989.54,166.25,-770.0,-236.25,1,94.232,
01/01/2000,01:20:39.06,18.79,-58.56,-989.91,175.0,-770.0,-428.75,1,94.233,
01/01/2000,01:20:39.07,19.15,-58.80,-991.13,140.0,-726.25,-481.25,1,94.234,
01/01/2000,01:20:39.08,19.76,-58.68,-992.47,96.25,-726.25,-568.75,1,94.234,
01/01/2000,01:20:39.09,20.50,-58.68,-993.45,218.75,-735.0,-332.50,1,94.235,
01/01/2000,01:20:39.10,20.98,-58.19,-993.32,17.50,-708.75,-306.25,1,94.236,
01/01/2000,01:20:39.11,20.86,-58.07,-992.35,0.0,-673.75,-201.25,1,94.237,
01/01/2000,01:20:39.12,20.37,-58.07,-991.25,52.50,-787.50,-227.50,1,94.238,
01/01/2000,01:20:39.13,19.76,-58.56,-990.40,157.50,-743.75,-420.0,1,94.239,
01/01/2000,01:20:39.14,19.76,-59.05,-991.13,236.25,-682.50,-455.0,1,94.240,
01/01/2000,01:20:39.15,20.13,-59.05,-992.35,131.25,-673.75,-472.50,1,94.240,
01/01/2000,01:20:39.16,20.86,-58.80,-993.69,183.75,-770.0,-603.75,1,94.241,
01/01/2000,01:20:39.17,21.59,-58.56,-994.54,183.75,-621.25,-332.50,1,94.242,
01/01/2000,01:20:39.19,22.20,-58.32,-994.42,183.75,-673.75,-131.25,1,94.243,
01/01/2000,01:20:39.20,22.08,-58.32,-993.57,96.25,-700.0,-17.50,1,94.244,
01/01/2000,01:20:39.21,21.23,-58.56,-992.35,210.0,-665.0,-26.25,1,94.245,
01/01/2000,01:20:39.22,19.52,-58.44,-990.27,78.75,-735.0,-192.50,1,94.246,
01/01/2000,01:20:39.23,18.42,-58.44,-989.66,131.25,-743.75,-490.0,1,94.246,
01/01/2000,01:20:39.24,18.06,-58.32,-990.27,131.25,-656.25,-595.0,1,94.247,
01/01/2000,01:20:39.25,18.54,-58.32,-991.62,218.75,-735.0,-691.25,1,94.248,
01/01/2000,01:20:39.26,20.25,-58.32,-993.81,192.50,-717.50,-271.25,1,94.249,
01/01/2000,01:20:39.27,20.98,-58.44,-994.42,218.75,-665.0,-43.75,1,94.250,
01/01/2000,01:20:39.28,21.35,-58.44,-993.20,192.50,-778.75,-166.25,1,94.251,
01/01/2000,01:20:39.29,20.98,-58.44,-991.74,131.25,-840.0,-166.25,1,94.252,
01/01/2000,01:20:39.30,20.50,-58.44,-990.88,96.25,-682.50,-210.0,1,94.252,
01/01/2000,01:20:39.31,20.01,-58.32,-991.13,8.75,-805.0,-586.25,1,94.253,
01/01/2000,01:20:39.32,20.01,-58.44,-992.59,148.75,-796.25,-507.50,1,94.240,
01/01/2000,01:20:39.33,19.89,-58.07,-993.81,87.50,-787.50,-420.0,1,94.241,
01/01/2000,01:20:39.34,20.37,-57.95,-994.06,52.50,-656.25,-218.75,1,94.242,
01/01/2000,01:20:39.35,20.86,-58.07,-993.81,288.75,-603.75,-271.25,1,94.243,
01/01/2000,01:20:39.36,20.86,-58.19,-993.20,192.50,-787.50,-245.0,1,94.244,
01/01/2000,01:20:39.37,20.86,-58.56,-992.71,218.75,-682.50,-341.25,1,94.244,
01/01/2000,01:20:39.38,20.62,-58.56,-992.59,70.0,-691.25,-385.0,1,94.245,
01/01/2000,01:20:39.40,21.11,-58.56,-994.91,140.0,-770.0,-463.75,1,94.246,
01/01/2000,01:20:39.41,22.45,-58.32,-997.11,96.25,-717.50,-490.0,1,94.247,
01/01/2000,01:20:39.42,23.42,-58.19,-999.30,201.25,-673.75,-428.75,1,94.248,
01/01/2000,01:20:39.43,24.16,-58.07,-1000.64,105.0,-770.0,-148.75,1,94.249,
01/01/2000,01:20:39.44,25.13,-58.19,-1000.16,175.0,-682.50,-332.50,1,94.249,
01/01/2000,01:20:39.45,24.52,-58.56,-998.45,105.0,-735.0,-35.0,1,94.250,
01/01/2000,01:20:39.46,23.30,-58.80,-996.50,271.25,-647.50,-43.75,1,94.251,
01/01/2000,01:20:39.47,22.69,-58.93,-995.15,175.0,-700.0,-358.75,1,94.238,
01/01/2000,01:20:39.48,22.33,-58.80,-996.25,323.75,-910.0,-577.50,1,94.239,
01/01/2000,01:20:39.49,22.69,-58.80,-998.69,332.50,-726.25,-560.0,1,94.240,
01/01/2000,01:20:39.50,25.38,-58.56,-1002.84,288.75,-603.75,-568.75,1,94.241,
01/01/2000,01:20:39.51,26.35,-58.56,-1004.91,175.0,-682.50,-376.25,1,94.242,
01/01/2000,01:20:39.52,27.33,-58.56,-1005.52,113.75,-630.0,-245.0,1,94.242,
01/01/2000,01:20:39.54,26.35,-58.93,-1002.47,8.75,-665.0,-201.25,1,94.229,
01/01/2000,01:20:39.55,25.38,-58.93,-1001.01,166.25,-743.75,-280.0,1,94.230,
01/01/2000,01:20:39.56,24.40,-58.80,-1000.03,87.50,-708.75,-341.25,1,94.231,
01/01/2000,01:20:39.57,23.06,-58.56,-999.30,140.0,-525.0,-420.0,1,94.232,
01/01/2000,01:20:39.58,22.94,-58.19,-999.06,385.0,-682.50,-603.75,1,94.233,
01/01/2000,01:20:39.59,23.30,-57.71,-998.69,43.75,-630.0,-472.50,1,94.234,
01/01/2000,01:20:39.60,24.16,-57.83,-998.45,210.0,-673.75,-245.0,1,94.234,
01/01/2000,01:20:39.62,25.38,-58.56,-999.42,78.75,-673.75,-516.25,1,94.235,
01/01/2000,01:20:39.63,25.86,-59.17,-999.55,183.75,-682.50,-227.50,1,94.236,
01/01/2000,01:20:39.64,24.89,-59.05,-998.45,157.50,-726.25,-113.75,1,94.237,
01/01/2000,01:20:39.65,23.06,-58.56,-996.50,227.50,-770.0,-201.25,1,94.238,
01/01/2000,01:20:39.66,20.98,-57.95,-994.79,166.25,-726.25,-630.0,1,94.239,
01/01/2000,01:20:39.67,20.50,-58.07,-994.67,61.25,-665.0,-437.50,1,94.240,
01/01/2000,01:20:39.68,20.74,-58.07,-995.15,183.75,-682.50,-376.25,1,94.240,
01/01/2000,01:20:39.69,21.47,-58.44,-995.15,271.25,-656.25,-288.75,1,94.241,
01/01/2000,01:20:39.70,21.72,-58.44,-994.54,131.25,-647.50,-341.25,1,94.242,
01/01/2000,01:20:39.71,21.47,-58.56,-993.81,78.75,-840.0,-306.25,1,94.243,
01/01/2000,01:20:39.72,21.23,-58.56,-993.32,192.50,-726.25,-280.0,1,94.244,
01/01/2000,01:20:39.73,20.86,-58.56,-993.32,245.0,-708.75,-411.25,1,94.245,
01/01/2000,01:20:39.74,20.50,-58.32,-993.81,175.0,-647.50,-385.0,1,94.245,
01/01/2000,01:20:39.75,20.62,-58.19,-993.69,122.50,-708.75,-393.75,1,94.246,
01/01/2000,01:20:39.76,20.62,-58.19,-993.45,113.75,-761.25,-306.25,1,94.233,
01/01/2000,01:20:39.77,20.62,-58.44,-992.96,297.50,-813.75,-297.50,1,94.248,
01/01/2000,01:20:39.78,20.50,-58.56,-992.71,131.25,-682.50,-393.75,1,94.235,
01/01/2000,01:20:39.79,20.50,-58.68,-992.59,122.50,-717.50,-420.0,1,94.236,
01/01/2000,01:20:39.80,20.50,-58.44,-992.84,78.75,-612.50,-393.75,1,94.237,
01/01/2000,01:20:39.81,20.37,-58.32,-992.71,140.0,-665.0,-280.0,1,94.238,
01/01/2000,01:20:39.83,20.25,-58.07,-992.35,166.25,-656.25,-262.50,1,94.238,
01/01/2000,01:20:39.84,20.25,-58.19,-992.23,175.0,-778.75,-358.75,1,94.239,
01/01/2000,01:20:39.85,20.50,-58.32,-992.23,262.50,-691.25,-210.0,1,94.240,
01/01/2000,01:20:39.86,20.37,-58.44,-992.47,175.0,-665.0,-428.75,1,94.241,
01/01/2000,01:20:39.87,20.13,-58.56,-992.47,166.25,-630.0,-393.75,1,94.242,
01/01/2000,01:20:39.88,20.25,-58.32,-992.35,140.0,-612.50,-437.50,1,94.243,
01/01/2000,01:20:39.89,20.25,-58.07,-992.35,131.25,-761.25,-288.75,1,94.243,
01/01/2000,01:20:39.90,20.25,-58.07,-992.10,183.75,-656.25,-332.50,1,94.244,
01/01/2000,01:20:39.91,20.01,-58.44,-992.10,245.0,-770.0,-306.25,1,94.245,
01/01/2000,01:20:39.92,20.01,-58.56,-992.35,96.25,-673.75,-350.0,1,94.246,
01/01/2000,01:20:39.93,20.01,-58.68,-992.35,297.50,-708.75,-367.50,1,94.247,
01/01/2000,01:20:39.94,20.13,-58.56,-992.35,227.50,-656.25,-376.25,1,94.248,
01/01/2000,01:20:39.95,20.01,-58.07,-992.35,218.75,-717.50,-350.0,1,94.248,
01/01/2000,01:20:39.96,19.89,-58.32,-992.47,201.25,-638.75,-262.50,1,94.236,
01/01/2000,01:20:39.97,20.01,-58.32,-992.35,43.75,-691.25,-385.0,1,94.236,
01/01/2000,01:20:39.98,20.01,-58.44,-992.10,175.0,-700.0,-411.25,1,94.237,
01/01/2000,01:20:39.99,19.89,-58.44,-991.98,201.25,-638.75,-332.50,1,94.238,
01/01/2000,01:20:40.00,20.13,-58.56,-992.10,262.50,-656.25,-376.25,1,94.239,
01/01/2000,01:20:40.01,19.89,-58.44,-992.59,175.0,-647.50,-245.0,1,94.240,
01/01/2000,01:20:40.02,19.89,-58.44,-993.20,201.25,-831.25,-306.25,1,94.241,
01/01/2000,01:20:40.04,19.03,-58.68,-995.52,8.75,-638.75,-367.50,1,94.241,
01/01/2000,01:20:40.05,18.30,-58.80,-996.62,201.25,-612.50,-315.0,1,94.229,
01/01/2000,01:20:40.06,17.81,-58.32,-996.50,122.50,-700.0,-201.25,1,94.229,
01/01/2000,01:20:40.07,17.57,-58.56,-996.74,227.50,-673.75,-402.50,1,94.230,
01/01/2000,01:20:40.08,17.45,-58.68,-997.72,201.25,-708.75,-280.0,1,94.231,
01/01/2000,01:20:40.09,17.57,-58.80,-998.94,17.50,-647.50,-341.25,1,94.232,
01/01/2000,01:20:40.10,17.32,-59.05,-999.67,227.50,-612.50,-498.75,1,94.233,
01/01/2000,01:20:40.11,17.08,-58.44,-999.67,122.50,-743.75,-350.0,1,94.234,
01/01/2000,01:20:40.12,16.71,-58.44,-998.94,271.25,-708.75,-297.50,1,94.234,
01/01/2000,01:20:40.13,16.35,-58.32,-998.45,192.50,-700.0,-271.25,1,94.235,
01/01/2000,01:20:40.15,16.10,-58.44,-999.06,218.75,-813.75,-297.50,1,94.236,
01/01/2000,01:20:40.16,15.74,-59.05,-1001.50,192.50,-761.25,-253.75,1,94.237,
01/01/2000,01:20:40.17,15.37,-59.17,-1003.69,183.75,-647.50,-367.50,1,94.238,
01/01/2000,01:20:40.18,14.88,-58.80,-1005.04,166.25,-665.0,-428.75,1,94.239,
01/01/2000,01:20:40.19,14.52,-58.32,-1005.28,113.75,-525.0,-472.50,1,94.239,
01/01/2000,01:20:40.20,14.76,-57.95,-1004.30,140.0,-551.25,-210.0,1,94.240,
01/01/2000,01:20:40.21,15.62,-58.07,-1002.23,148.75,-621.25,-210.0,1,94.241,
01/01/2000,01:20:40.22,16.35,-58.32,-999.91,148.75,-682.50,-297.50,1,94.242,
01/01/2000,01:20:40.23,17.20,-58.93,-998.33,210.0,-638.75,-463.75,1,94.243,
01/01/2000,01:20:40.24,18.18,-59.54,-997.72,157.50,-787.50,-498.75,1,94.244,
01/01/2000,01:20:40.25,18.18,-59.17,-998.69,218.75,-910.0,-393.75,1,94.244,
01/01/2000,01:20:40.26,17.57,-58.56,-999.42,262.50,-577.50,-297.50,1,94.245,
01/01/2000,01:20:40.27,16.71,-58.19,-999.67,218.75,-621.25,-87.50,1,94.246,
01/01/2000,01:20:40.28,15.98,-57.83,-999.42,87.50,-595.0,-253.75,1,94.247,
01/01/2000,01:20:40.29,15.62,-58.19,-997.47,148.75,-673.75,-253.75,1,94.248,
01/01/2000,01:20:40.30,16.59,-58.44,-996.01,96.25,-778.75,-315.0,1,94.249,
01/01/2000,01:20:40.31,18.42,-59.05,-994.54,245.0,-761.25,-472.50,1,94.236,
01/01/2000,01:20:40.32,19.64,-59.17,-994.18,43.75,-621.25,-455.0,1,94.237,
01/01/2000,01:20:40.33,20.50,-58.68,-994.18,70.0,-700.0,-358.75,1,94.237,
01/01/2000,01:20:40.34,20.37,-58.07,-994.54,122.50,-831.25,-113.75,1,94.238,
01/01/2000,01:20:40.35,19.76,-57.83,-994.67,236.25,-708.75,-192.50,1,94.239,
01/01/2000,01:20:40.37,19.03,-57.71,-994.54,140.0,-586.25,-105.0,1,94.240,
01/01/2000,01:20:40.37,18.42,-58.19,-994.06,183.75,-586.25,-245.0,1,94.241,
01/01/2000,01:20:40.39,17.69,-58.80,-992.47,148.75,-708.75,-463.75,1,94.242,
01/01/2000,01:20:40.40,17.93,-58.44,-991.86,148.75,-778.75,-568.75,1,94.243,
01/01/2000,01:20:40.41,18.79,-58.44,-992.35,201.25,-726.25,-542.50,1,94.243,
01/01/2000,01:20:40.42,20.62,-58.44,-993.08,306.25,-717.50,-481.25,1,94.244,
01/01/2000,01:20:40.43,21.72,-58.07,-994.06,148.75,-682.50,-367.50,1,94.245,
01/01/2000,01:20:40.44,22.20,-58.32,-994.54,306.25,-603.75,-271.25,1,94.246,
01/01/2000,01:20:40.45,21.84,-58.07,-994.54,148.75,-621.25,-157.50,1,94.247,
01/01/2000,01:20:40.46,20.98,-58.32,-993.57,113.75,-665.0,-350.0,1,94.234,
01/01/2000,01:20:40.47,20.01,-58.19,-992.23,175.0,-717.50,-498.75,1,94.235,
01/01/2000,01:20:40.48,20.01,-58.32,-991.62,166.25,-752.50,-341.25,1,94.236,
01/01/2000,01:20:40.49,20.74,-58.19,-991.37,43.75,-638.75,-463.75,1,94.236,
01/01/2000,01:20:40.50,21.23,-58.44,-991.74,175.0,-743.75,-367.50,1,94.237,
01/01/2000,01:20:40.51,21.84,-58.44,-992.71,157.50,-743.75,-271.25,1,94.238,
01/01/2000,01:20:40.53,21.59,-58.56,-993.45,-35.0,-717.50,-341.25,1,94.239,
01/01/2000,01:20:40.54,20.62,-58.32,-993.32,122.50,-665.0,-210.0,1,94.240,
01/01/2000,01:20:40.55,19.64,-58.44,-992.71,210.0,-717.50,-271.25,1,94.241,
01/01/2000,01:20:40.56,18.30,-58.07,-991.49,227.50,-778.75,-376.25,1,94.241,
01/01/2000,01:20:40.57,19.28,-57.83,-991.37,87.50,-735.0,-533.75,1,94.229,
01/01/2000,01:20:40.58,20.01,-58.32,-991.86,140.0,-638.75,-358.75,1,94.229,
01/01/2000,01:20:40.59,20.62,-58.44,-992.35,192.50,-612.50,-358.75,1,94.230,
01/01/2000,01:20:40.60,20.74,-58.68,-992.10,218.75,-656.25,-183.75,1,94.231,
01/01/2000,01:20:40.61,20.01,-58.44,-991.37,288.75,-595.0,-210.0,1,94.232,
01/01/2000,01:20:40.62,19.28,-57.83,-990.52,140.0,-761.25,-148.75,1,94.233,
01/01/2000,01:20:40.63,18.79,-57.95,-990.64,227.50,-726.25,-393.75,1,94.234,
01/01/2000,01:20:40.64,18.67,-58.32,-991.62,280.0,-682.50,-481.25,1,94.234,
01/01/2000,01:20:40.65,19.15,-58.68,-993.57,192.50,-665.0,-490.0,1,94.235,
01/01/2000,01:20:40.67,20.50,-58.56,-994.06,245.0,-630.0,-586.25,1,94.236,
01/01/2000,01:20:40.68,21.47,-58.07,-993.81,245.0,-656.25,-253.75,1,94.237,
01/01/2000,01:20:40.69,22.57,-58.07,-992.47,262.50,-813.75,-201.25,1,94.238,
01/01/2000,01:20:40.70,22.20,-58.32,-991.62,113.75,-752.50,-271.25,1,94.239,
01/01/2000,01:20:40.71,21.23,-58.56,-991.25,157.50,-752.50,-61.25,1,94.239,
01/01/2000,01:20:40.72,19.89,-59.05,-991.49,253.75,-875.0,-140.0,1,94.240,
01/01/2000,01:20:40.73,18.79,-58.93,-992.10,271.25,-691.25,-603.75,1,94.241,
01/01/2000,01:20:40.74,17.81,-58.19,-992.71,157.50,-682.50,-490.0,1,94.242,
01/01/2000,01:20:40.75,17.81,-57.58,-992.59,210.0,-735.0,-437.50,1,94.243,
01/01/2000,01:20:40.76,18.79,-57.58,-992.35,201.25,-665.0,-341.25,1,94.244,
01/01/2000,01:20:40.77,20.86,-58.07,-991.98,157.50,-630.0,-271.25,1,94.244,
01/01/2000,01:20:40.78,21.96,-58.80,-991.86,148.75,-647.50,-402.50,1,94.245,
01/01/2000,01:20:40.79,22.45,-59.05,-991.98,78.75,-761.25,-393.75,1,94.246,
01/01/2000,01:20:40.80,22.45,-59.17,-992.23,245.0,-708.75,-288.75,1,94.247,
01/01/2000,01:20:40.81,21.35,-58.32,-992.59,210.0,-700.0,-306.25,1,94.248,
01/01/2000,01:20:40.82,20.25,-57.58,-992.35,43.75,-621.25,-201.25,1,94.249,
01/01/2000,01:20:40.83,18.54,-57.46,-991.49,148.75,-612.50,-61.25,1,94.249,
01/01/2000,01:20:40.84,17.32,-57.83,-990.52,315.0,-656.25,-148.75,1,94.250,
01/01/2000,01:20:40.85,16.96,-58.19,-990.15,183.75,-700.0,-560.0,1,94.251,
01/01/2000,01:20:40.86,18.30,-58.93,-990.40,306.25,-630.0,-883.75,1,94.252,
01/01/2000,01:20:40.88,21.47,-58.56,-992.59,175.0,-743.75,-770.0,1,94.239,
01/01/2000,01:20:40.89,23.91,-58.07,-994.06,227.50,-778.75,-175.0,1,94.240,
01/01/2000,01:20:40.90,23.91,-57.95,-994.30,122.50,-778.75,166.25,1,94.241,
01/01/2000,01:20:40.91,22.57,-57.83,-993.81,175.0,-621.25,201.25,1,94.242,
01/01/2000,01:20:40.92,20.74,-58.44,-993.08,166.25,-752.50,-105.0,1,94.242,
01/01/2000,01:20:40.93,18.79,-58.80,-991.86,262.50,-656.25,-516.25,1,94.243,
01/01/2000,01:20:40.94,17.20,-58.56,-991.49,192.50,-708.75,-708.75,1,94.244,
01/01/2000,01:20:40.95,17.69,-58.32,-991.98,253.75,-682.50,-603.75,1,94.245,
01/01/2000,01:20:40.96,18.91,-57.95,-992.84,183.75,-673.75,-586.25,1,94.246,
01/01/2000,01:20:40.97,20.25,-57.95,-993.32,140.0,-708.75,-253.75,1,94.247,
01/01/2000,01:20:40.98,21.23,-58.32,-993.32,157.50,-726.25,-323.75,1,94.247,
01/01/2000,01:20:40.99,21.96,-58.68,-992.84,175.0,-770.0,-175.0,1,94.248,
01/01/2000,01:20:41.00,21.59,-59.05,-992.35,210.0,-673.75,-157.50,1,94.249,
01/01/2000,01:20:41.01,20.74,-59.05,-992.10,148.75,-787.50,-393.75,1,94.250,
01/01/2000,01:20:41.02,19.28,-58.56,-992.35,227.50,-743.75,-358.75,1,94.237,
01/01/2000,01:20:41.03,18.18,-58.32,-992.35,105.0,-630.0,-306.25,1,94.238,
01/01/2000,01:20:41.04,17.69,-58.32,-991.86,183.75,-621.25,-245.0,1,94.239,
01/01/2000,01:20:41.05,17.81,-58.44,-990.88,140.0,-700.0,-385.0,1,94.240,
01/01/2000,01:20:41.06,19.03,-58.56,-990.03,148.75,-691.25,-778.75,1,94.240,
01/01/2000,01:20:41.08,21.59,-58.80,-990.03,105.0,-822.50,-770.0,1,94.241,
01/01/2000,01:20:41.09,23.67,-59.41,-991.98,157.50,-761.25,-332.50,1,94.242,
01/01/2000,01:20:41.10,24.52,-59.29,-993.57,113.75,-700.0,-315.0,1,94.243,
01/01/2000,01:20:41.11,23.91,-59.05,-994.79,288.75,-603.75,-306.25,1,94.244,
01/01/2000,01:20:41.12,21.47,-58.44,-994.30,227.50,-630.0,-376.25,1,94.245,
01/01/2000,01:20:41.13,20.01,-58.07,-992.96,175.0,-665.0,-507.50,1,94.245,
01/01/2000,01:20:41.14,18.67,-58.44,-991.86,306.25,-822.50,-752.50,1,94.246,
01/01/2000,01:20:41.15,18.30,-58.80,-991.49,70.0,-691.25,-551.25,1,94.247,
01/01/2000,01:20:41.16,19.28,-59.41,-992.35,43.75,-831.25,-542.50,1,94.234,
01/01/2000,01:20:41.17,20.13,-59.29,-992.96,253.75,-630.0,-840.0,1,94.235,
01/01/2000,01:20:41.18,21.11,-58.80,-993.32,35.0,-630.0,-175.0,1,94.236,
01/01/2000,01:20:41.19,21.72,-58.44,-993.08,236.25,-638.75,393.75,1,94.237,
01/01/2000,01:20:41.20,21.72,-58.32,-992.23,105.0,-743.75,43.75,1,94.238,
01/01/2000,01:20:41.21,20.98,-58.44,-991.74,87.50,-778.75,-411.25,1,94.239,
01/01/2000,01:20:41.22,19.89,-58.93,-991.74,113.75,-735.0,-236.25,1,94.239,
01/01/2000,01:20:41.24,18.54,-59.05,-992.10,148.75,-656.25,-437.50,1,94.240,
01/01/2000,01:20:41.25,17.81,-58.80,-992.35,192.50,-595.0,-472.50,1,94.241,
01/01/2000,01:20:41.26,18.06,-57.83,-991.62,297.50,-691.25,-577.50,1,94.242,
01/01/2000,01:20:41.27,19.52,-57.58,-990.76,210.0,-708.75,-341.25,1,94.243,
01/01/2000,01:20:41.28,20.50,-57.95,-990.40,175.0,-743.75,-70.0,1,94.243,
01/01/2000,01:20:41.29,21.35,-58.93,-990.52,122.50,-761.25,-280.0,1,94.244,
01/01/2000,01:20:41.30,21.96,-59.66,-991.86,148.75,-665.0,-420.0,1,94.245,
01/01/2000,01:20:41.31,21.35,-59.54,-992.71,166.25,-735.0,-595.0,1,94.246,
01/01/2000,01:20:41.32,19.64,-58.32,-993.20,192.50,-778.75,-822.50,1,94.247,
01/01/2000,01:20:41.33,18.67,-57.95,-993.20,183.75,-770.0,-586.25,1,94.248,
01/01/2000,01:20:41.34,18.06,-57.95,-992.96,183.75,-612.50,113.75,1,94.248,
01/01/2000,01:20:41.35,18.18,-58.56,-992.71,271.25,-656.25,96.25,1,94.249,
01/01/2000,01:20:41.36,18.54,-59.17,-992.23,218.75,-735.0,-446.25,1,94.250,
01/01/2000,01:20:41.37,20.62,-59.05,-991.98,245.0,-726.25,-621.25,1,94.237,
01/01/2000,01:20:41.38,22.20,-58.80,-992.10,175.0,-630.0,-393.75,1,94.238,
01/01/2000,01:20:41.40,22.69,-58.56,-992.35,70.0,-796.25,-262.50,1,94.239,
01/01/2000,01:20:41.41,22.45,-58.07,-992.23,157.50,-630.0,26.25,1,94.240,
01/01/2000,01:20:41.42,21.59,-58.07,-992.10,201.25,-726.25,-26.25,1,94.241,
01/01/2000,01:20:41.43,20.13,-58.56,-991.62,87.50,-708.75,-218.75,1,94.242,
01/01/2000,01:20:41.44,18.79,-58.93,-991.49,201.25,-647.50,-446.25,1,94.242,
01/01/2000,01:20:41.45,18.18,-58.68,-991.62,210.0,-700.0,-595.0,1,94.243,
01/01/2000,01:20:41.46,18.67,-58.19,-991.49,306.25,-630.0,-1023.75,1,94.244,
01/01/2000,01:20:41.47,19.76,-57.95,-991.37,201.25,-770.0,-813.75,1,94.245,
01/01/2000,01:20:41.48,20.74,-57.95,-990.88,-43.75,-638.75,157.50,1,94.246,
01/01/2000,01:20:41.49,21.47,-58.80,-990.76,262.50,-638.75,-367.50,1,94.246,
01/01/2000,01:20:41.50,21.72,-59.29,-991.13,17.50,-708.75,-647.50,1,94.247,
01/01/2000,01:20:41.51,21.11,-59.54,-992.35,183.75,-700.0,-542.50,1,94.235,
01/01/2000,01:20:41.52,20.25,-59.05,-993.08,245.0,-708.75,-402.50,1,94.235,
01/01/2000,01:20:41.53,19.76,-58.56,-993.45,157.50,-691.25,-210.0,1,94.236,
01/01/2000,01:20:41.54,19.15,-58.07,-992.84,192.50,-673.75,-210.0,1,94.237,
01/01/2000,01:20:41.55,19.03,-58.56,-992.35,183.75,-787.50,-315.0,1,94.238,
01/01/2000,01:20:41.56,19.28,-58.93,-991.86,210.0,-612.50,-376.25,1,94.239,
01/01/2000,01:20:41.57,19.76,-59.54,-991.86,210.0,-752.50,-516.25,1,94.240,
01/01/2000,01:20:41.59,21.23,-59.17,-992.10,306.25,-708.75,-288.75,1,94.240,
01/01/2000,01:20:41.60,21.84,-58.56,-992.47,131.25,-691.25,-210.0,1,94.228,
01/01/2000,01:20:41.61,21.72,-58.44,-992.47,183.75,-761.25,-332.50,1,94.229,
01/01/2000,01:20:41.62,20.98,-58.56,-992.23,218.75,-673.75,-96.25,1,94.229,
01/01/2000,01:20:41.63,20.50,-58.80,-991.98,218.75,-761.25,-245.0,1,94.230,
01/01/2000,01:20:41.64,19.52,-59.17,-991.98,192.50,-778.75,-490.0,1,94.231,
01/01/2000,01:20:41.65,19.03,-59.05,-992.23,140.0,-708.75,-262.50,1,94.232,
01/01/2000,01:20:41.66,19.52,-58.68,-992.59,131.25,-551.25,-218.75,1,94.233,
01/01/2000,01:20:41.67,20.01,-58.19,-991.74,140.0,-533.75,-140.0,1,94.234,
01/01/2000,01:20:41.68,20.50,-58.19,-990.88,175.0,-700.0,35.0,1,94.234,
01/01/2000,01:20:41.69,20.98,-58.56,-990.52,157.50,-726.25,-175.0,1,94.235,
01/01/2000,01:20:41.71,21.23,-59.29,-991.13,236.25,-682.50,-385.0,1,94.236,
01/01/2000,01:20:41.71,21.47,-59.78,-993.45,192.50,-603.75,-358.75,1,94.237,
01/01/2000,01:20:41.73,21.47,-59.41,-994.67,253.75,-595.0,-358.75,1,94.238,
01/01/2000,01:20:41.74,21.11,-58.68,-994.79,245.0,-577.50,-131.25,1,94.238,
01/01/2000,01:20:41.75,20.25,-58.07,-993.81,140.0,-665.0,0.0,1,94.239,
01/01/2000,01:20:41.76,19.15,-58.32,-992.35,280.0,-700.0,-358.75,1,94.240,
01/01/2000,01:20:41.77,18.67,-58.80,-991.86,70.0,-682.50,-428.75,1,94.241,
01/01/2000,01:20:41.78,18.79,-59.54,-991.86,288.75,-822.50,-638.75,1,94.242,
01/01/2000,01:20:41.79,19.52,-59.66,-992.59,175.0,-805.0,-1137.50,1,94.243,
01/01/2000,01:20:41.80,20.50,-59.29,-993.57,192.50,-726.25,-700.0,1,94.243,
01/01/2000,01:20:41.81,21.23,-58.56,-993.81,183.75,-673.75,-157.50,1,94.244,
01/01/2000,01:20:41.82,21.72,-58.32,-993.57,122.50,-630.0,-140.0,1,94.245,
01/01/2000,01:20:41.83,21.47,-58.32,-992.35,122.50,-743.75,-131.25,1,94.246,
01/01/2000,01:20:41.84,20.62,-59.05,-991.74,323.75,-822.50,113.75,1,94.247,
01/01/2000,01:20:41.85,19.89,-59.78,-991.49,140.0,-787.50,-17.50,1,94.247,
01/01/2000,01:20:41.86,19.28,-59.54,-991.49,183.75,-778.75,-481.25,1,94.248,
01/01/2000,01:20:41.87,18.42,-58.80,-991.25,201.25,-630.0,-446.25,1,94.236,
01/01/2000,01:20:41.88,18.42,-58.19,-990.76,201.25,-647.50,-393.75,1,94.237,
01/01/2000,01:20:41.89,19.40,-57.95,-990.64,218.75,-691.25,-332.50,1,94.237,
01/01/2000,01:20:41.90,20.50,-58.56,-991.37,175.0,-656.25,-350.0,1,94.238,
01/01/2000,01:20:41.91,21.23,-59.41,-992.71,227.50,-717.50,-455.0,1,94.239,
01/01/2000,01:20:41.92,21.96,-59.66,-993.93,157.50,-726.25,-560.0,1,94.240,
01/01/2000,01:20:41.94,21.84,-59.05,-994.18,210.0,-673.75,-551.25,1,94.241,
01/01/2000,01:20:41.95,21.11,-57.83,-992.84,131.25,-673.75,-183.75,1,94.241,
01/01/2000,01:20:41.96,20.01,-57.71,-991.86,210.0,-638.75,-87.50,1,94.242,
01/01/2000,01:20:41.97,19.52,-57.95,-991.49,148.75,-586.25,-227.50,1,94.243,
01/01/2000,01:20:41.98,19.76,-58.80,-991.62,288.75,-691.25,-201.25,1,94.244,
01/01/2000,01:20:41.99,20.01,-59.41,-992.10,245.0,-726.25,-498.75,1,94.245,
01/01/2000,01:20:42.00,20.25,-59.54,-992.84,78.75,-647.50,-533.75,1,94.246,
01/01/2000,01:20:42.01,20.50,-58.68,-992.47,192.50,-691.25,-376.25,1,94.246,
01/01/2000,01:20:42.02,20.62,-58.32,-992.10,113.75,-630.0,-201.25,1,94.247,
01/01/2000,01:20:42.03,20.50,-58.19,-991.37,288.75,-647.50,-253.75,1,94.248,
01/01/2000,01:20:42.04,20.25,-58.80,-990.88,280.0,-805.0,-411.25,1,94.249,
01/01/2000,01:20:42.05,20.13,-59.54,-990.40,52.50,-647.50,-463.75,1,94.250,
01/01/2000,01:20:42.06,19.52,-59.54,-990.15,201.25,-726.25,-516.25,1,94.250,
01/01/2000,01:20:42.07,18.91,-59.17,-989.91,218.75,-726.25,-481.25,1,94.251,
01/01/2000,01:20:42.08,18.54,-58.44,-989.91,52.50,-700.0,-402.50,1,94.239,
01/01/2000,01:20:42.09,19.03,-58.19,-990.52,236.25,-638.75,-463.75,1,94.240,
01/01/2000,01:20:42.11,20.86,-58.80,-992.23,43.75,-665.0,-455.0,1,94.240,
01/01/2000,01:20:42.12,22.08,-59.54,-993.57,113.75,-708.75,-306.25,1,94.241,
01/01/2000,01:20:42.13,22.57,-59.78,-994.06,245.0,-665.0,-376.25,1,94.242,
01/01/2000,01:20:42.14,22.08,-59.66,-993.93,175.0,-735.0,-350.0,1,94.243,
01/01/2000,01:20:42.15,20.37,-59.05,-992.96,175.0,-630.0,-323.75,1,94.244,
01/01/2000,01:20:42.16,19.40,-58.80,-992.10,227.50,-568.75,-236.25,1,94.244,
01/01/2000,01:20:42.17,18.67,-58.32,-991.25,43.75,-770.0,-245.0,1,94.245,
01/01/2000,01:20:42.18,18.42,-58.80,-990.88,271.25,-700.0,-376.25,1,94.246,
01/01/2000,01:20:42.19,18.91,-59.41,-991.37,227.50,-700.0,-551.25,1,94.247,
01/01/2000,01:20:42.20,19.52,-59.66,-991.98,140.0,-857.50,-630.0,1,94.248,
01/01/2000,01:20:42.21,20.13,-59.41,-992.35,315.0,-717.50,-603.75,1,94.248,
01/01/2000,01:20:42.22,20.98,-59.17,-992.71,280.0,-700.0,-315.0,1,94.236,
01/01/2000,01:20:42.23,21.23,-58.56,-992.47,87.50,-743.75,-306.25,1,94.237,
01/01/2000,01:20:42.24,21.23,-58.80,-991.98,175.0,-700.0,-315.0,1,94.238,
01/01/2000,01:20:42.25,20.50,-59.29,-991.13,166.25,-673.75,-227.50,1,94.238,
01/01/2000,01:20:42.26,19.52,-59.54,-990.15,131.25,-691.25,-376.25,1,94.239,
01/01/2000,01:20:42.27,18.42,-59.41,-988.81,402.50,-717.50,-542.50,1,94.240,
01/01/2000,01:20:42.28,17.93,-59.05,-989.30,166.25,-691.25,-393.75,1,94.241,
01/01/2000,01:20:42.30,18.42,-58.80,-991.86,105.0,-708.75,-393.75,1,94.242,
01/01/2000,01:20:42.31,19.52,-58.68,-993.81,131.25,-560.0,-463.75,1,94.242,
01/01/2000,01:20:42.32,21.11,-58.80,-994.79,148.75,-568.75,-481.25,1,94.243,
01/01/2000,01:20:42.33,22.45,-58.56,-994.67,61.25,-673.75,-210.0,1,94.244,
01/01/2000,01:20:42.34,23.18,-58.93,-993.57,210.0,-735.0,-280.0,1,94.245,
01/01/2000,01:20:42.35,22.57,-59.29,-992.35,315.0,-778.75,-201.25,1,94.246,
01/01/2000,01:20:42.36,20.86,-59.29,-991.13,183.75,-708.75,-210.0,1,94.247,
01/01/2000,01:20:42.37,19.52,-59.05,-991.37,218.75,-770.0,-315.0,1,94.247,
01/01/2000,01:20:42.38,18.79,-58.68,-991.86,210.0,-665.0,-376.25,1,94.248,
01/01/2000,01:20:42.39,18.79,-58.19,-992.96,166.25,-752.50,-262.50,1,94.249,
01/01/2000,01:20:42.40,19.40,-58.44,-993.32,350.0,-586.25,-183.75,1,94.250,
01/01/2000,01:20:42.41,20.13,-58.80,-993.20,262.50,-656.25,-297.50,1,94.251,
01/01/2000,01:20:42.42,20.74,-59.29,-993.08,157.50,-717.50,-428.75,1,94.251,
01/01/2000,01:20:42.44,22.08,-59.54,-992.84,227.50,-656.25,-393.75,1,94.239,
01/01/2000,01:20:42.45,22.33,-59.29,-992.35,105.0,-682.50,-367.50,1,94.240,
01/01/2000,01:20:42.46,21.23,-59.05,-991.25,96.25,-848.75,-315.0,1,94.241,
01/01/2000,01:20:42.47,20.01,-58.80,-989.91,166.25,-708.75,-262.50,1,94.241,
01/01/2000,01:20:42.48,19.28,-58.68,-989.66,87.50,-752.50,-271.25,1,94.242,
01/01/2000,01:20:42.49,18.79,-59.05,-990.64,341.25,-752.50,-367.50,1,94.243,
01/01/2000,01:20:42.50,19.28,-59.54,-993.69,175.0,-726.25,-428.75,1,94.244,
01/01/2000,01:20:42.51,20.37,-59.29,-995.52,148.75,-665.0,-437.50,1,94.245,
01/01/2000,01:20:42.52,20.86,-58.93,-995.28,61.25,-656.25,-227.50,1,94.245,
01/01/2000,01:20:42.53,21.23,-58.80,-994.06,262.50,-630.0,-367.50,1,94.246,
01/01/2000,01:20:42.54,21.47,-58.68,-992.59,122.50,-656.25,-358.75,1,94.247,
01/01/2000,01:20:42.55,21.96,-59.17,-991.01,218.75,-743.75,-341.25,1,94.248,
01/01/2000,01:20:42.56,21.96,-59.66,-991.01,148.75,-743.75,-420.0,1,94.249,
01/01/2000,01:20:42.57,21.47,-59.78,-991.86,350.0,-778.75,-472.50,1,94.236,
01/01/2000,01:20:42.58,20.98,-59.29,-992.84,131.25,-665.0,-437.50,1,94.237,
01/01/2000,01:20:42.59,20.25,-58.68,-993.32,122.50,-647.50,-166.25,1,94.238,
01/01/2000,01:20:42.60,19.76,-58.44,-993.45,113.75,-700.0,-43.75,1,94.239,
01/01/2000,01:20:42.62,18.91,-58.80,-992.35,201.25,-673.75,-253.75,1,94.239,
01/01/2000,01:20:42.63,18.67,-59.54,-991.37,192.50,-621.25,-306.25,1,94.240,
01/01/2000,01:20:42.64,18.42,-59.41,-990.40,175.0,-638.75,-420.0,1,94.241,
01/01/2000,01:20:42.65,18.54,-59.29,-988.93,332.50,-787.50,-367.50,1,94.242,
01/01/2000,01:20:42.66,18.79,-58.93,-989.05,192.50,-840.0,-350.0,1,94.243,
01/01/2000,01:20:42.67,19.52,-58.80,-990.40,175.0,-700.0,-428.75,1,94.243,
01/01/2000,01:20:42.68,20.13,-59.17,-992.10,105.0,-665.0,-297.50,1,94.244,
01/01/2000,01:20:42.69,20.98,-59.54,-994.54,315.0,-621.25,-446.25,1,94.245,
01/01/2000,01:20:42.70,21.23,-59.66,-995.15,140.0,-638.75,-315.0,1,94.246,
01/01/2000,01:20:42.71,21.23,-59.66,-994.54,157.50,-595.0,-280.0,1,94.247,
01/01/2000,01:20:42.72,20.74,-59.29,-992.71,122.50,-673.75,-236.25,1,94.234,
01/01/2000,01:20:42.73,19.76,-59.17,-991.98,157.50,-708.75,-393.75,1,94.248,
01/01/2000,01:20:42.74,19.52,-59.29,-991.86,210.0,-761.25,-297.50,1,94.236,
01/01/2000,01:20:42.75,19.40,-59.29,-992.35,183.75,-787.50,-385.0,1,94.237,
01/01/2000,01:20:42.76,19.52,-59.41,-993.08,201.25,-665.0,-367.50,1,94.238,
01/01/2000,01:20:42.77,20.74,-59.17,-993.20,183.75,-603.75,-472.50,1,94.238,
01/01/2000,01:20:42.79,21.96,-58.56,-992.71,148.75,-595.0,-393.75,1,94.239,
01/01/2000,01:20:42.80,22.69,-58.93,-992.10,105.0,-665.0,-288.75,1,94.240,
01/01/2000,01:20:42.81,22.69,-59.41,-991.86,148.75,-857.50,-236.25,1,94.241,
01/01/2000,01:20:42.82,21.96,-59.66,-991.62,175.0,-813.75,-288.75,1,94.242,
01/01/2000,01:20:42.83,20.98,-59.54,-991.13,175.0,-621.25,-446.25,1,94.242,
01/01/2000,01:20:42.84,19.03,-59.29,-990.76,192.50,-752.50,-280.0,1,94.243,
01/01/2000,01:20:42.85,17.69,-58.44,-990.40,183.75,-665.0,-271.25,1,94.244,
01/01/2000,01:20:42.86,17.32,-58.56,-990.64,323.75,-673.75,-201.25,1,94.245,
01/01/2000,01:20:42.87,18.18,-58.93,-991.62,148.75,-673.75,-446.25,1,94.246,
01/01/2000,01:20:42.88,19.40,-59.54,-992.84,148.75,-691.25,-367.50,1,94.246,
01/01/2000,01:20:42.89,21.59,-59.90,-994.06,43.75,-708.75,-481.25,1,94.247,
01/01/2000,01:20:42.90,22.57,-59.66,-994.42,192.50,-778.75,-630.0,1,94.248,
01/01/2000,01:20:42.91,22.94,-59.29,-994.18,376.25,-647.50,-341.25,1,94.249,
01/01/2000,01:20:42.92,22.20,-58.93,-993.08,227.50,-673.75,-157.50,1,94.236,
01/01/2000,01:20:42.93,21.23,-58.93,-992.47,210.0,-700.0,-140.0,1,94.237,
01/01/2000,01:20:42.94,19.52,-59.29,-992.10,140.0,-673.75,-271.25,1,94.238,
01/01/2000,01:20:42.95,18.67,-59.54,-991.86,70.0,-638.75,-393.75,1,94.239,
01/01/2000,01:20:42.96,18.06,-59.54,-991.62,253.75,-630.0,-533.75,1,94.240,
01/01/2000,01:20:42.97,18.06,-59.05,-991.62,-17.50,-735.0,-472.50,1,94.240,
01/01/2000,01:20:42.98,18.42,-59.05,-991.74,157.50,-673.75,-323.75,1,94.241,
01/01/2000,01:20:43.00,19.52,-59.05,-992.35,148.75,-612.50,-385.0,1,94.242,
01/01/2000,01:20:43.01,20.62,-59.54,-992.47,113.75,-761.25,-332.50,1,94.243,
01/01/2000,01:20:43.02,21.47,-59.54,-992.10,201.25,-656.25,-367.50,1,94.244,
01/01/2000,01:20:43.03,21.59,-59.54,-991.25,175.0,-840.0,-367.50,1,94.245,
01/01/2000,01:20:43.04,21.72,-59.29,-990.76,253.75,-665.0,-227.50,1,94.245,
01/01/2000,01:20:43.05,21.23,-59.78,-991.25,183.75,-831.25,-358.75,1,94.246,
01/01/2000,01:20:43.06,20.74,-59.78,-992.59,113.75,-761.25,-323.75,1,94.247,
01/01/2000,01:20:43.07,20.01,-59.54,-994.06,192.50,-673.75,-402.50,1,94.235,
01/01/2000,01:20:43.08,19.52,-59.29,-994.06,201.25,-665.0,-385.0,1,94.235,
01/01/2000,01:20:43.09,19.15,-58.93,-993.57,297.50,-603.75,-358.75,1,94.236,
01/01/2000,01:20:43.10,19.28,-58.68,-992.23,175.0,-638.75,-183.75,1,94.237,
01/01/2000,01:20:43.11,20.01,-59.29,-991.62,140.0,-682.50,-297.50,1,94.238,
01/01/2000,01:20:43.13,20.98,-59.66,-991.86,0.0,-822.50,-402.50,1,94.239,
01/01/2000,01:20:43.14,21.59,-59.41,-992.59,140.0,-656.25,-428.75,1,94.239,
01/01/2000,01:20:43.15,21.47,-59.05,-993.08,157.50,-656.25,-385.0,1,94.240,
01/01/2000,01:20:43.16,21.23,-58.80,-992.96,271.25,-630.0,-393.75,1,94.241,
01/01/2000,01:20:43.17,20.74,-58.56,-992.59,113.75,-708.75,-262.50,1,94.242,
01/01/2000,01:20:43.18,20.25,-58.93,-991.98,157.50,-787.50,-332.50,1,94.243,
01/01/2000,01:20:43.19,20.13,-59.54,-991.98,280.0,-568.75,-280.0,1,94.243,
01/01/2000,01:20:43.20,20.13,-59.54,-991.74,253.75,-700.0,-437.50,1,94.244,
01/01/2000,01:20:43.21,19.89,-59.54,-991.13,288.75,-735.0,-420.0,1,94.245,
01/01/2000,01:20:43.22,19.40,-59.05,-990.64,350.0,-735.0,-280.0,1,94.246,
01/01/2000,01:20:43.23,19.40,-58.93,-991.37,87.50,-673.75,-140.0,1,94.247,
01/01/2000,01:20:43.24,19.76,-59.41,-992.59,175.0,-665.0,-393.75,1,94.247,
01/01/2000,01:20:43.25,20.13,-59.54,-993.81,323.75,-691.25,-411.25,1,94.248,
01/01/2000,01:20:43.26,20.98,-59.66,-994.30,166.25,-735.0,-341.25,1,94.249,
01/01/2000,01:20:43.27,21.59,-59.54,-993.81,166.25,-691.25,-402.50,1,94.250,
01/01/2000,01:20:43.29,22.08,-59.41,-992.71,166.25,-656.25,-332.50,1,94.237,
01/01/2000,01:20:43.30,21.72,-59.78,-992.47,210.0,-761.25,-236.25,1,94.238,
01/01/2000,01:20:43.31,21.11,-59.90,-992.71,192.50,-656.25,-358.75,1,94.239,
01/01/2000,01:20:43.32,20.37,-59.90,-993.69,140.0,-630.0,-385.0,1,94.240,
01/01/2000,01:20:43.33,19.52,-59.29,-993.81,236.25,-717.50,-253.75,1,94.241,
01/01/2000,01:20:43.34,19.03,-58.80,-993.32,148.75,-638.75,-323.75,1,94.241,
01/01/2000,01:20:43.35,19.15,-58.56,-991.74,78.75,-621.25,-297.50,1,94.242,
01/01/2000,01:20:43.36,19.64,-59.05,-991.01,148.75,-621.25,-350.0,1,94.243,
01/01/2000,01:20:43.37,19.89,-59.54,-990.64,35.0,-770.0,-393.75,1,94.244,
01/01/2000,01:20:43.38,20.50,-60.02,-991.13,315.0,-831.25,-525.0,1,94.245,
01/01/2000,01:20:43.39,20.74,-59.66,-991.74,70.0,-778.75,-376.25,1,94.246,
01/01/2000,01:20:43.40,20.50,-59.05,-991.98,210.0,-691.25,-341.25,1,94.246,
01/01/2000,01:20:43.41,20.13,-58.68,-992.10,280.0,-656.25,-113.75,1,94.247,
01/01/2000,01:20:43.42,19.76,-58.93,-992.59,166.25,-673.75,-280.0,1,94.235,
01/01/2000,01:20:43.43,19.64,-59.41,-993.08,280.0,-665.0,-437.50,1,94.236,
01/01/2000,01:20:43.44,20.01,-59.54,-993.32,96.25,-778.75,-490.0,1,94.236,
01/01/2000,01:20:43.45,20.50,-59.41,-993.32,236.25,-603.75,-428.75,1,94.237,
01/01/2000,01:20:43.46,20.50,-59.17,-993.08,201.25,-743.75,-341.25,1,94.238,
01/01/2000,01:20:43.47,20.50,-58.93,-992.71,140.0,-752.50,-245.0,1,94.239,
01/01/2000,01:20:43.48,20.25,-59.54,-992.71,87.50,-682.50,-280.0,1,94.240,
01/01/2000,01:20:43.50,19.89,-59.78,-992.84,236.25,-630.0,-446.25,1,94.240,
01/01/2000,01:20:43.51,19.76,-59.78,-992.71,236.25,-752.50,-437.50,1,94.241,
01/01/2000,01:20:43.52,20.50,-59.54,-992.59,122.50,-726.25,-498.75,1,94.242,
01/01/2000,01:20:43.53,20.98,-59.41,-992.47,297.50,-630.0,-455.0,1,94.243,
01/01/2000,01:20:43.54,21.59,-59.29,-991.86,192.50,-673.75,-201.25,1,94.244,
01/01/2000,01:20:43.55,21.72,-59.90,-991.86,87.50,-735.0,-105.0,1,94.244,
01/01/2000,01:20:43.56,20.98,-60.27,-992.10,122.50,-691.25,-455.0,1,94.245,
01/01/2000,01:20:43.57,20.13,-60.27,-992.10,210.0,-638.75,-463.75,1,94.246,
01/01/2000,01:20:43.58,19.52,-59.54,-991.86,148.75,-656.25,-288.75,1,94.247,
01/01/2000,01:20:43.59,19.03,-59.29,-991.37,148.75,-770.0,-350.0,1,94.248,
01/01/2000,01:20:43.60,19.28,-59.17,-991.62,262.50,-708.75,-341.25,1,94.248,
01/01/2000,01:20:43.61,19.64,-59.78,-992.59,201.25,-857.50,-227.50,1,94.236,
01/01/2000,01:20:43.62,20.25,-60.27,-993.45,166.25,-516.25,-455.0,1,94.250,
01/01/2000,01:20:43.64,20.98,-60.02,-993.93,280.0,-673.75,-385.0,1,94.238,
01/01/2000,01:20:43.65,21.23,-59.78,-993.20,245.0,-656.25,-262.50,1,94.239,
01/01/2000,01:20:43.66,20.62,-59.29,-992.23,210.0,-630.0,-245.0,1,94.239,
01/01/2000,01:20:43.67,20.01,-59.29,-991.74,87.50,-612.50,-175.0,1,94.240,
01/01/2000,01:20:43.68,19.76,-59.78,-991.74,192.50,-726.25,-332.50,1,94.241,
01/01/2000,01:20:43.69,19.64,-60.02,-992.35,201.25,-647.50,-428.75,1,94.242,
01/01/2000,01:20:43.70,19.64,-59.66,-992.84,297.50,-612.50,-420.0,1,94.243,
01/01/2000,01:20:43.71,19.64,-59.29,-992.84,288.75,-673.75,-323.75,1,94.230,
01/01/2000,01:20:43.72,19.76,-58.80,-992.47,227.50,-682.50,-463.75,1,94.231,
01/01/2000,01:20:43.73,19.64,-59.05,-991.86,140.0,-656.25,-210.0,1,94.232,
01/01/2000,01:20:43.74,19.52,-59.78,-991.62,218.75,-673.75,-367.50,1,94.233,
01/01/2000,01:20:43.75,19.64,-60.02,-991.13,236.25,-770.0,-332.50,1,94.233,
01/01/2000,01:20:43.76,19.40,-59.90,-990.64,201.25,-735.0,-455.0,1,94.234,
01/01/2000,01:20:43.77,19.52,-59.54,-990.88,218.75,-787.50,-323.75,1,94.235,
01/01/2000,01:20:43.78,19.76,-59.41,-992.35,262.50,-761.25,-341.25,1,94.236,
01/01/2000,01:20:43.79,20.37,-59.54,-993.57,131.25,-743.75,-323.75,1,94.237,
01/01/2000,01:20:43.80,21.23,-59.54,-994.54,236.25,-603.75,-437.50,1,94.237,
01/01/2000,01:20:43.81,21.72,-59.78,-994.42,385.0,-656.25,-411.25,1,94.238,
01/01/2000,01:20:43.82,21.84,-60.02,-993.57,122.50,-665.0,-385.0,1,94.239,
01/01/2000,01:20:43.83,21.47,-60.15,-992.47,271.25,-603.75,-210.0,1,94.240,
01/01/2000,01:20:43.85,20.74,-60.02,-991.86,105.0,-761.25,-288.75,1,94.241,
01/01/2000,01:20:43.86,19.52,-60.02,-991.74,262.50,-813.75,-288.75,1,94.241,
01/01/2000,01:20:43.87,19.03,-59.78,-992.35,157.50,-691.25,-367.50,1,94.242,
01/01/2000,01:20:43.88,18.54,-59.66,-993.08,148.75,-665.0,-437.50,1,94.243,
01/01/2000,01:20:43.89,19.03,-59.66,-993.57,166.25,-533.75,-481.25,1,94.244,
01/01/2000,01:20:43.90,19.52,-59.54,-993.69,385.0,-665.0,-350.0,1,94.245,
01/01/2000,01:20:43.91,20.98,-59.66,-993.08,26.25,-735.0,-376.25,1,94.245,
01/01/2000,01:20:43.92,21.72,-60.27,-992.71,210.0,-700.0,-306.25,1,94.246,
01/01/2000,01:20:43.93,21.59,-60.39,-992.35,-8.75,-752.50,-288.75,1,94.247,
01/01/2000,01:20:43.94,21.11,-60.15,-991.86,192.50,-770.0,-385.0,1,94.248,
01/01/2000,01:20:43.95,20.37,-59.66,-991.13,17.50,-638.75,-297.50,1,94.249,
01/01/2000,01:20:43.96,19.52,-59.29,-991.01,157.50,-735.0,-192.50,1,94.249,
01/01/2000,01:20:43.97,19.28,-59.17,-991.74,253.75,-726.25,-358.75,1,94.250,
01/01/2000,01:20:43.98,19.52,-60.02,-993.08,280.0,-603.75,-376.25,1,94.238,
01/01/2000,01:20:43.99,20.13,-59.78,-993.81,96.25,-778.75,-463.75,1,94.239,
01/01/2000,01:20:44.00,20.74,-59.90,-994.06,376.25,-577.50,-350.0,1,94.240,
01/01/2000,01:20:44.01,20.98,-59.54,-993.57,0.0,-700.0,-376.25,1,94.240,
01/01/2000,01:20:44.02,20.98,-59.41,-993.08,35.0,-735.0,-332.50,1,94.241,
01/01/2000,01:20:44.03,20.74,-59.54,-992.71,227.50,-743.75,-288.75,1,94.242,
01/01/2000,01:20:44.04,20.25,-59.90,-992.35,245.0,-673.75,-393.75,1,94.243,
01/01/2000,01:20:44.06,19.76,-60.02,-992.10,43.75,-691.25,-341.25,1,94.244,
01/01/2000,01:20:44.07,19.76,-59.90,-992.10,210.0,-630.0,-315.0,1,94.244,
01/01/2000,01:20:44.08,19.89,-59.54,-992.23,210.0,-656.25,-411.25,1,94.245,
01/01/2000,01:20:44.09,20.37,-59.54,-992.35,148.75,-743.75,-341.25,1,94.246,
01/01/2000,01:20:44.10,20.98,-59.66,-992.59,350.0,-708.75,-463.75,1,94.247,
01/01/2000,01:20:44.11,21.59,-59.66,-992.59,253.75,-726.25,-297.50,1,94.247,
01/01/2000,01:20:44.12,21.72,-59.90,-992.23,253.75,-796.25,-341.25,1,94.248,
01/01/2000,01:20:44.13,20.98,-60.02,-991.62,218.75,-673.75,-306.25,1,94.236,
01/01/2000,01:20:44.14,20.13,-59.90,-991.13,210.0,-726.25,-428.75,1,94.237,
01/01/2000,01:20:44.16,18.67,-59.78,-991.86,218.75,-673.75,-350.0,1,94.238,
01/01/2000,01:20:44.17,18.91,-59.78,-992.71,96.25,-717.50,-481.25,1,94.238,
01/01/2000,01:20:44.18,19.03,-59.90,-993.45,245.0,-595.0,-288.75,1,94.239,
01/01/2000,01:20:44.19,19.76,-59.78,-993.69,61.25,-586.25,-402.50,1,94.240,
01/01/2000,01:20:44.20,21.23,-60.02,-993.93,122.50,-638.75,-323.75,1,94.228,
01/01/2000,01:20:44.21,21.96,-59.90,-993.69,61.25,-717.50,-367.50,1,94.229,
01/01/2000,01:20:44.22,21.84,-60.27,-993.32,227.50,-700.0,-297.50,1,94.229,
01/01/2000,01:20:44.23,20.98,-60.02,-992.59,0.0,-735.0,-280.0,1,94.230,
01/01/2000,01:20:44.24,20.25,-60.02,-992.10,385.0,-813.75,-253.75,1,94.231,
01/01/2000,01:20:44.25,19.40,-59.90,-991.74,140.0,-708.75,-472.50,1,94.232,
01/01/2000,01:20:44.26,18.79,-59.66,-991.62,140.0,-787.50,-332.50,1,94.233,
01/01/2000,01:20:44.27,19.03,-59.54,-991.86,148.75,-630.0,-411.25,1,94.233,
01/01/2000,01:20:44.28,19.64,-59.90,-991.86,323.75,-717.50,-323.75,1,94.234,
01/01/2000,01:20:44.29,20.25,-59.78,-992.23,43.75,-700.0,-271.25,1,94.235,
01/01/2000,01:20:44.30,20.98,-60.15,-992.23,227.50,-778.75,-323.75,1,94.236,
01/01/2000,01:20:44.31,21.23,-60.51,-991.37,341.25,-656.25,-385.0,1,94.237,
01/01/2000,01:20:44.32,20.50,-60.27,-991.01,96.25,-708.75,-393.75,1,94.237,
01/01/2000,01:20:44.34,19.52,-60.02,-990.76,288.75,-735.0,-323.75,1,94.238,
01/01/2000,01:20:44.35,19.03,-59.90,-991.13,192.50,-638.75,-393.75,1,94.239,
01/01/2000,01:20:44.36,18.91,-59.66,-991.98,96.25,-586.25,-350.0,1,94.240,
01/01/2000,01:20:44.37,19.64,-60.02,-993.08,131.25,-568.75,-542.50,1,94.241,
01/01/2000,01:20:44.38,20.50,-60.02,-993.20,148.75,-612.50,-455.0,1,94.241,
01/01/2000,01:20:44.39,21.35,-60.02,-993.08,113.75,-735.0,-297.50,1,94.242,
01/01/2000,01:20:44.40,22.08,-60.15,-992.71,157.50,-638.75,-350.0,1,94.243,
01/01/2000,01:20:44.41,22.45,-60.27,-992.71,253.75,-752.50,-376.25,1,94.231,
01/01/2000,01:20:44.42,21.96,-60.02,-992.84,148.75,-656.25,-315.0,1,94.232,
01/01/2000,01:20:44.43,20.74,-60.02,-992.23,306.25,-708.75,-402.50,1,94.232,
01/01/2000,01:20:44.44,19.64,-59.78,-991.62,70.0,-621.25,-297.50,1,94.233,
01/01/2000,01:20:44.45,18.91,-59.78,-990.88,341.25,-630.0,-297.50,1,94.234,
01/01/2000,01:20:44.46,18.67,-59.54,-990.40,87.50,-682.50,-288.75,1,94.235,
01/01/2000,01:20:44.47,19.15,-59.78,-990.76,271.25,-735.0,-262.50,1,94.236,
01/01/2000,01:20:44.49,20.25,-60.02,-990.88,87.50,-717.50,-315.0,1,94.236,
01/01/2000,01:20:44.50,21.23,-60.02,-990.27,227.50,-752.50,-446.25,1,94.237,
01/01/2000,01:20:44.51,22.08,-59.54,-989.30,26.25,-621.25,-542.50,1,94.238,
01/01/2000,01:20:44.52,22.94,-59.78,-988.20,271.25,-682.50,-393.75,1,94.239,
01/01/2000,01:20:44.53,23.42,-59.54,-987.22,140.0,-708.75,-280.0,1,94.239,
01/01/2000,01:20:44.54,23.67,-59.78,-986.00,183.75,-770.0,-367.50,1,94.240,
01/01/2000,01:20:44.55,23.67,-59.90,-985.03,280.0,-883.75,-411.25,1,94.241,
01/01/2000,01:20:44.56,23.30,-59.78,-985.15,131.25,-700.0,-350.0,1,94.242,
01/01/2000,01:20:44.57,22.94,-59.78,-985.64,70.0,-708.75,-183.75,1,94.243,
01/01/2000,01:20:44.58,22.69,-60.02,-986.74,17.50,-603.75,-533.75,1,94.243,
01/01/2000,01:20:44.59,22.45,-59.90,-988.20,271.25,-735.0,-350.0,1,94.244,
01/01/2000,01:20:44.60,22.69,-59.54,-988.32,157.50,-560.0,-533.75,1,94.245,
01/01/2000,01:20:44.61,23.06,-59.41,-987.22,218.75,-586.25,-253.75,1,94.246,
01/01/2000,01:20:44.62,24.16,-59.17,-983.81,192.50,-595.0,-341.25,1,94.234,
01/01/2000,01:20:44.63,25.01,-59.66,-981.25,210.0,-595.0,-446.25,1,94.234,
01/01/2000,01:20:44.65,25.86,-59.78,-978.93,166.25,-682.50,-420.0,1,94.235,
01/01/2000,01:20:44.65,26.35,-60.02,-978.93,148.75,-717.50,-376.25,1,94.236,
01/01/2000,01:20:44.67,25.99,-60.02,-981.12,175.0,-691.25,-201.25,1,94.237,
01/01/2000,01:20:44.68,24.89,-60.02,-982.95,140.0,-525.0,-358.75,1,94.238,
01/01/2000,01:20:44.69,23.18,-59.41,-985.27,262.50,-568.75,-306.25,1,94.238,
01/01/2000,01:20:44.70,22.81,-59.05,-986.00,78.75,-761.25,-376.25,1,94.226,
01/01/2000,01:20:44.71,22.45,-59.54,-986.00,227.50,-577.50,-227.50,1,94.240,
01/01/2000,01:20:44.72,22.45,-59.78,-985.03,43.75,-682.50,-376.25,1,94.228,
01/01/2000,01:20:44.73,23.91,-60.02,-984.30,175.0,-726.25,-498.75,1,94.229,
01/01/2000,01:20:44.74,24.16,-60.15,-983.69,210.0,-735.0,-332.50,1,94.229,
01/01/2000,01:20:44.75,23.79,-59.90,-983.56,0.0,-761.25,-157.50,1,94.230,
01/01/2000,01:20:44.76,22.57,-60.27,-985.76,245.0,-752.50,-525.0,1,94.231,
01/01/2000,01:20:44.77,21.47,-60.02,-987.96,236.25,-673.75,-472.50,1,94.232,
01/01/2000,01:20:44.78,20.98,-59.66,-989.54,52.50,-551.25,-288.75,1,94.233,
01/01/2000,01:20:44.79,20.98,-59.41,-989.79,297.50,-743.75,-315.0,1,94.233,
01/01/2000,01:20:44.80,21.11,-59.41,-989.05,280.0,-673.75,-262.50,1,94.234,
01/01/2000,01:20:44.81,21.59,-59.90,-988.57,157.50,-735.0,-253.75,1,94.235,
01/01/2000,01:20:44.82,21.84,-60.51,-988.69,70.0,-822.50,-490.0,1,94.236,
01/01/2000,01:20:44.83,21.72,-60.76,-989.42,192.50,-691.25,-455.0,1,94.237,
01/01/2000,01:20:44.84,21.47,-60.15,-990.40,131.25,-603.75,-385.0,1,94.237,
01/01/2000,01:20:44.85,21.23,-59.66,-990.88,192.50,-612.50,-411.25,1,94.238,
01/01/2000,01:20:44.87,20.98,-59.29,-990.88,157.50,-586.25,-271.25,1,94.239,
01/01/2000,01:20:44.87,21.11,-59.54,-990.76,183.75,-586.25,-306.25,1,94.240,
01/01/2000,01:20:44.89,21.23,-60.63,-990.64,131.25,-717.50,-288.75,1,94.240,
01/01/2000,01:20:44.90,21.23,-61.0,-990.76,218.75,-673.75,-411.25,1,94.241,
01/01/2000,01:20:44.91,20.98,-60.39,-991.37,192.50,-708.75,-420.0,1,94.242,
01/01/2000,01:20:44.92,20.74,-59.90,-991.62,148.75,-682.50,-306.25,1,94.243,
01/01/2000,01:20:44.93,20.37,-59.54,-991.86,201.25,-621.25,-227.50,1,94.244,
01/01/2000,01:20:44.94,20.37,-59.41,-991.86,166.25,-673.75,-236.25,1,94.244,
01/01/2000,01:20:44.95,20.50,-60.02,-991.98,52.50,-638.75,-280.0,1,94.245,
01/01/2000,01:20:44.96,20.50,-60.63,-991.86,183.75,-770.0,-297.50,1,94.246,
01/01/2000,01:20:44.97,20.50,-60.76,-991.86,218.75,-665.0,-463.75,1,94.234,
01/01/2000,01:20:44.98,20.50,-60.27,-991.98,227.50,-735.0,-393.75,1,94.235,
01/01/2000,01:20:44.99,20.25,-59.90,-992.10,210.0,-682.50,-262.50,1,94.235,
01/01/2000,01:20:45.00,20.13,-59.78,-992.35,288.75,-752.50,-376.25,1,94.236,
01/01/2000,01:20:45.01,20.25,-59.90,-992.47,87.50,-638.75,-271.25,1,94.237,
01/01/2000,01:20:45.02,20.50,-60.51,-992.35,236.25,-717.50,-332.50,1,94.238,
01/01/2000,01:20:45.03,20.50,-60.76,-992.35,96.25,-665.0,-428.75,1,94.239,
01/01/2000,01:20:45.05,20.50,-60.51,-992.23,183.75,-735.0,-420.0,1,94.239,
01/01/2000,01:20:45.06,20.25,-60.15,-992.10,218.75,-822.50,-428.75,1,94.240,
01/01/2000,01:20:45.07,20.01,-59.54,-992.47,70.0,-682.50,-428.75,1,94.241,
01/01/2000,01:20:45.08,20.01,-59.66,-992.59,175.0,-735.0,-315.0,1,94.242,
01/01/2000,01:20:45.09,20.13,-59.78,-992.47,87.50,-638.75,-315.0,1,94.243,
01/01/2000,01:20:45.10,20.25,-60.02,-992.35,96.25,-787.50,-315.0,1,94.243,
01/01/2000,01:20:45.11,20.50,-60.39,-992.10,96.25,-638.75,-393.75,1,94.244,
01/01/2000,01:20:45.12,20.37,-60.02,-992.35,140.0,-665.0,-376.25,1,94.245,
01/01/2000,01:20:45.13,20.50,-59.78,-992.35,210.0,-717.50,-367.50,1,94.246,
01/01/2000,01:20:45.14,20.37,-59.66,-992.59,280.0,-840.0,-297.50,1,94.246,
01/01/2000,01:20:45.15,20.25,-59.66,-992.47,113.75,-665.0,-341.25,1,94.247,
01/01/2000,01:20:45.16,20.25,-60.02,-992.47,78.75,-735.0,-245.0,1,94.248,
01/01/2000,01:20:45.18,20.25,-60.15,-992.10,227.50,-743.75,-315.0,1,94.236,
01/01/2000,01:20:45.19,20.37,-60.15,-992.10,157.50,-770.0,-350.0,1,94.237,
01/01/2000,01:20:45.20,20.13,-59.78,-992.23,140.0,-778.75,-393.75,1,94.238,
01/01/2000,01:20:45.21,20.13,-59.78,-992.10,183.75,-726.25,-218.75,1,94.238,
01/01/2000,01:20:45.22,20.13,-59.78,-992.23,341.25,-673.75,-306.25,1,94.239,
01/01/2000,01:20:45.23,20.01,-59.78,-992.10,105.0,-735.0,-236.25,1,94.240,
01/01/2000,01:20:45.24,20.37,-60.02,-991.86,96.25,-665.0,-472.50,1,94.241,
01/01/2000,01:20:45.25,20.50,-59.90,-991.86,192.50,-656.25,-350.0,1,94.241,
01/01/2000,01:20:45.26,20.37,-59.90,-992.10,140.0,-665.0,-393.75,1,94.242,
01/01/2000,01:20:45.27,20.37,-60.02,-992.10,166.25,-761.25,-411.25,1,94.243,
01/01/2000,01:20:45.28,20.25,-59.78,-992.23,175.0,-726.25,-350.0,1,94.244,
01/01/2000,01:20:45.29,20.37,-59.78,-992.10,288.75,-805.0,-306.25,1,94.245,
01/01/2000,01:20:45.30,20.37,-60.02,-992.10,385.0,-665.0,-376.25,1,94.245,
01/01/2000,01:20:45.31,20.37,-60.02,-992.10,70.0,-735.0,-341.25,1,94.246,
01/01/2000,01:20:45.32,20.25,-60.39,-992.10,131.25,-691.25,-428.75,1,94.247,
01/01/2000,01:20:45.33,20.37,-60.27,-992.35,140.0,-682.50,-262.50,1,94.235,
01/01/2000,01:20:45.34,20.37,-60.15,-992.59,43.75,-787.50,-393.75,1,94.236,
01/01/2000,01:20:45.35,20.37,-60.02,-992.59,148.75,-560.0,-271.25,1,94.237,
01/01/2000,01:20:45.36,20.37,-60.15,-992.35,210.0,-717.50,-385.0,1,94.237,
01/01/2000,01:20:45.37,20.37,-60.15,-992.23,96.25,-647.50,-332.50,1,94.238,
01/01/2000,01:20:45.38,20.50,-60.02,-992.35,96.25,-682.50,-288.75,1,94.239,
01/01/2000,01:20:45.40,20.37,-60.27,-992.59,87.50,-577.50,-332.50,1,94.240,
01/01/2000,01:20:45.41,20.37,-60.27,-992.59,122.50,-700.0,-341.25,1,94.240,
01/01/2000,01:20:45.42,20.25,-60.15,-992.59,157.50,-700.0,-402.50,1,94.241,
01/01/2000,01:20:45.43,20.37,-60.27,-992.59,157.50,-682.50,-297.50,1,94.242,
01/01/2000,01:20:45.44,20.25,-60.15,-992.47,183.75,-735.0,-341.25,1,94.243,
01/01/2000,01:20:45.45,20.13,-60.39,-992.35,201.25,-568.75,-385.0,1,94.244,
01/01/2000,01:20:45.46,20.25,-60.51,-992.47,122.50,-691.25,-402.50,1,94.244,
01/01/2000,01:20:45.47,20.37,-60.27,-992.84,245.0,-691.25,-402.50,1,94.232,
01/01/2000,01:20:45.48,20.37,-60.15,-992.71,96.25,-708.75,-297.50,1,94.246,
01/01/2000,01:20:45.49,20.37,-60.15,-992.47,0.0,-735.0,-411.25,1,94.234,
01/01/2000,01:20:45.50,20.50,-60.27,-992.35,420.0,-656.25,-411.25,1,94.235,
01/01/2000,01:20:45.51,20.37,-59.90,-992.35,78.75,-673.75,-420.0,1,94.235,
01/01/2000,01:20:45.52,20.25,-59.90,-992.35,105.0,-726.25,-376.25,1,94.236,
01/01/2000,01:20:45.53,20.25,-59.90,-992.59,210.0,-595.0,-323.75,1,94.237,
01/01/2000,01:20:45.55,20.25,-59.78,-992.59,210.0,-595.0,-332.50,1,94.238,
01/01/2000,01:20:45.56,20.25,-60.02,-992.59,280.0,-673.75,-350.0,1,94.239,
01/01/2000,01:20:45.57,20.25,-59.90,-992.47,148.75,-700.0,-341.25,1,94.239,
01/01/2000,01:20:45.58,20.25,-60.15,-992.35,262.50,-743.75,-376.25,1,94.240,
01/01/2000,01:20:45.59,20.37,-60.15,-992.35,105.0,-787.50,-323.75,1,94.241,
01/01/2000,01:20:45.60,20.37,-60.15,-992.35,113.75,-743.75,-385.0,1,94.242,
01/01/2000,01:20:45.61,20.37,-60.02,-992.23,218.75,-726.25,-411.25,1,94.242,
01/01/2000,01:20:45.62,20.37,-59.90,-992.10,140.0,-708.75,-350.0,1,94.243,
01/01/2000,01:20:45.63,20.37,-60.02,-992.10,96.25,-612.50,-332.50,1,94.244,
01/01/2000,01:20:45.64,20.25,-60.27,-992.10,122.50,-673.75,-341.25,1,94.245,
01/01/2000,01:20:45.65,20.25,-60.27,-992.10,210.0,-691.25,-367.50,1,94.246,
01/01/2000,01:20:45.66,20.25,-60.27,-992.35,157.50,-752.50,-350.0,1,94.246,
01/01/2000,01:20:45.67,20.25,-60.27,-992.35,210.0,-700.0,-358.75,1,94.247,
01/01/2000,01:20:45.69,20.25,-60.02,-992.23,113.75,-708.75,-358.75,1,94.235,
01/01/2000,01:20:45.70,20.01,-59.90,-992.23,122.50,-700.0,-210.0,1,94.236,
01/01/2000,01:20:45.71,20.25,-60.15,-992.35,122.50,-726.25,-245.0,1,94.237,
01/01/2000,01:20:45.72,20.25,-60.39,-992.35,131.25,-691.25,-411.25,1,94.238,
01/01/2000,01:20:45.73,20.25,-60.27,-992.35,175.0,-700.0,-306.25,1,94.238,
01/01/2000,01:20:45.74,20.37,-60.39,-992.35,297.50,-691.25,-323.75,1,94.239,
01/01/2000,01:20:45.75,20.13,-60.39,-992.35,166.25,-708.75,-455.0,1,94.240,
01/01/2000,01:20:45.76,20.25,-60.39,-992.23,61.25,-691.25,-446.25,1,94.241,
01/01/2000,01:20:45.77,20.25,-60.51,-992.10,201.25,-700.0,-280.0,1,94.241,
01/01/2000,01:20:45.78,20.25,-60.39,-992.23,192.50,-665.0,-332.50,1,94.242,
01/01/2000,01:20:45.79,20.13,-60.39,-992.23,0.0,-726.25,-323.75,1,94.243,
01/01/2000,01:20:45.80,20.01,-60.27,-992.23,70.0,-638.75,-323.75,1,94.244,
01/01/2000,01:20:45.81,20.01,-60.39,-992.35,245.0,-770.0,-323.75,1,94.245,
01/01/2000,01:20:45.82,20.13,-60.27,-992.59,35.0,-708.75,-157.50,1,94.233,
01/01/2000,01:20:45.83,20.13,-60.39,-992.59,253.75,-568.75,-472.50,1,94.233,
01/01/2000,01:20:45.84,20.13,-60.27,-992.47,96.25,-761.25,-288.75,1,94.234,
01/01/2000,01:20:45.85,20.01,-60.15,-992.10,105.0,-682.50,-253.75,1,94.235,
01/01/2000,01:20:45.86,20.01,-60.02,-991.86,201.25,-700.0,-341.25,1,94.236,
01/01/2000,01:20:45.87,20.01,-59.90,-991.86,262.50,-621.25,-385.0,1,94.236,
01/01/2000,01:20:45.88,20.13,-60.02,-992.23,35.0,-568.75,-227.50,1,94.237,
01/01/2000,01:20:45.89,20.25,-60.02,-992.47,175.0,-630.0,-358.75,1,94.238,
01/01/2000,01:20:45.90,20.25,-60.27,-992.59,175.0,-717.50,-332.50,1,94.239,
01/01/2000,01:20:45.91,20.25,-60.15,-992.59,157.50,-726.25,-420.0,1,94.240,
01/01/2000,01:20:45.92,20.25,-60.02,-992.47,87.50,-770.0,-245.0,1,94.240,
01/01/2000,01:20:45.93,20.25,-60.02,-992.35,140.0,-630.0,-201.25,1,94.241,
01/01/2000,01:20:45.94,20.01,-60.02,-992.35,96.25,-638.75,-341.25,1,94.242,
01/01/2000,01:20:45.96,20.01,-60.15,-992.35,166.25,-595.0,-367.50,1,94.243,
01/01/2000,01:20:45.97,20.13,-60.15,-992.23,210.0,-612.50,-288.75,1,94.243,
01/01/2000,01:20:45.98,20.37,-59.90,-992.35,166.25,-568.75,-358.75,1,94.244,
01/01/2000,01:20:45.99,20.25,-60.02,-992.23,253.75,-656.25,-288.75,1,94.245,
01/01/2000,01:20:46.00,20.13,-59.78,-992.35,-26.25,-638.75,-262.50,1,94.246,
01/01/2000,01:20:46.01,20.13,-59.90,-992.47,245.0,-770.0,-323.75,1,94.247,
01/01/2000,01:20:46.02,20.25,-59.78,-992.59,140.0,-665.0,-288.75,1,94.247,
01/01/2000,01:20:46.03,20.25,-60.02,-992.47,43.75,-638.75,-358.75,1,94.235,
01/01/2000,01:20:46.04,20.25,-60.02,-992.10,105.0,-726.25,-323.75,1,94.236,
01/01/2000,01:20:46.05,20.01,-60.02,-991.98,148.75,-761.25,-358.75,1,94.237,
01/01/2000,01:20:46.06,20.01,-59.78,-991.86,8.75,-726.25,-411.25,1,94.238,
01/01/2000,01:20:46.07,20.01,-59.90,-992.10,332.50,-595.0,-306.25,1,94.239,
01/01/2000,01:20:46.08,20.01,-59.90,-992.35,218.75,-743.75,-306.25,1,94.239,
01/01/2000,01:20:46.09,20.13,-60.27,-992.35,96.25,-551.25,-393.75,1,94.240,
01/01/2000,01:20:46.11,20.13,-60.27,-992.23,140.0,-735.0,-367.50,1,94.241,
01/01/2000,01:20:46.12,20.25,-60.51,-992.10,140.0,-708.75,-350.0,1,94.242,
01/01/2000,01:20:46.13,20.13,-60.27,-992.23,192.50,-612.50,-358.75,1,94.242,
01/01/2000,01:20:46.14,20.13,-60.15,-992.35,105.0,-717.50,-393.75,1,94.243,
01/01/2000,01:20:46.15,20.13,-60.15,-992.23,218.75,-761.25,-297.50,1,94.244,
01/01/2000,01:20:46.16,20.01,-60.27,-992.10,105.0,-700.0,-446.25,1,94.245,
01/01/2000,01:20:46.17,20.01,-60.15,-992.10,175.0,-656.25,-350.0,1,94.245,
01/01/2000,01:20:46.18,20.01,-60.27,-992.35,201.25,-735.0,-245.0,1,94.246,
01/01/2000,01:20:46.19,20.13,-60.15,-992.35,87.50,-656.25,-332.50,1,94.234,
01/01/2000,01:20:46.21,20.01,-60.02,-992.23,253.75,-656.25,-306.25,1,94.235,
01/01/2000,01:20:46.22,20.13,-60.02,-992.35,166.25,-787.50,-306.25,1,94.236,
01/01/2000,01:20:46.23,20.13,-60.02,-992.35,140.0,-673.75,-271.25,1,94.237,
01/01/2000,01:20:46.24,20.01,-60.15,-992.23,35.0,-682.50,-341.25,1,94.237,
01/01/2000,01:20:46.25,20.01,-60.27,-991.98,140.0,-682.50,-315.0,1,94.238,
01/01/2000,01:20:46.26,19.76,-60.15,-991.86,218.75,-682.50,-393.75,1,94.239,
01/01/2000,01:20:46.27,19.76,-60.02,-991.98,70.0,-603.75,-271.25,1,94.240,
01/01/2000,01:20:46.28,19.89,-59.90,-992.23,140.0,-717.50,-306.25,1,94.241,
01/01/2000,01:20:46.29,20.01,-59.90,-992.35,157.50,-691.25,-253.75,1,94.241,
01/01/2000,01:20:46.30,20.01,-60.02,-992.35,385.0,-647.50,-428.75,1,94.242,
01/01/2000,01:20:46.31,20.01,-60.02,-992.35,166.25,-647.50,-376.25,1,94.243,
01/01/2000,01:20:46.32,20.01,-59.90,-992.35,52.50,-787.50,-446.25,1,94.244,
01/01/2000,01:20:46.33,20.01,-59.78,-992.35,70.0,-700.0,-288.75,1,94.244,
01/01/2000,01:20:46.34,19.89,-59.78,-992.23,297.50,-691.25,-297.50,1,94.245,
01/01/2000,01:20:46.35,19.76,-59.78,-992.35,218.75,-726.25,-323.75,1,94.246,
01/01/2000,01:20:46.36,19.76,-59.78,-992.35,227.50,-743.75,-271.25,1,94.247,
01/01/2000,01:20:46.37,20.01,-60.02,-992.35,183.75,-796.25,-358.75,1,94.247,
01/01/2000,01:20:46.38,20.01,-60.02,-992.35,105.0,-647.50,-280.0,1,94.248,
01/01/2000,01:20:46.39,20.01,-60.15,-992.10,166.25,-682.50,-280.0,1,94.236,
01/01/2000,01:20:46.40,20.13,-60.15,-992.10,227.50,-735.0,-332.50,1,94.237,
01/01/2000,01:20:46.41,20.13,-60.02,-992.35,166.25,-682.50,-385.0,1,94.238,
01/01/2000,01:20:46.42,20.01,-60.15,-992.35,227.50,-647.50,-332.50,1,94.239,
01/01/2000,01:20:46.43,20.01,-60.39,-992.23,148.75,-691.25,-332.50,1,94.240,
01/01/2000,01:20:46.44,20.01,-60.27,-992.10,297.50,-673.75,-210.0,1,94.240,
01/01/2000,01:20:46.46,20.01,-60.39,-991.98,201.25,-700.0,-218.75,1,94.241,
01/01/2000,01:20:46.47,20.01,-60.27,-991.98,87.50,-726.25,-218.75,1,94.242,
01/01/2000,01:20:46.48,20.25,-60.27,-992.10,-26.25,-726.25,-297.50,1,94.243,
01/01/2000,01:20:46.49,20.25,-60.15,-992.23,70.0,-700.0,-367.50,1,94.243,
01/01/2000,01:20:46.50,20.13,-60.15,-992.10,175.0,-682.50,-376.25,1,94.244,
01/01/2000,01:20:46.51,20.01,-60.39,-991.98,148.75,-726.25,-306.25,1,94.245,
01/01/2000,01:20:46.52,20.01,-60.39,-992.10,17.50,-735.0,-323.75,1,94.246,
01/01/2000,01:20:46.53,20.01,-60.27,-992.35,323.75,-621.25,-288.75,1,94.246,
01/01/2000,01:20:46.54,20.01,-60.15,-992.35,175.0,-717.50,-297.50,1,94.247,
01/01/2000,01:20:46.55,20.01,-60.27,-992.23,227.50,-577.50,-332.50,1,94.248,
01/01/2000,01:20:46.56,19.89,-60.39,-992.10,306.25,-612.50,-367.50,1,94.249,
01/01/2000,01:20:46.57,19.89,-60.15,-992.10,122.50,-700.0,-341.25,1,94.249,
01/01/2000,01:20:46.58,20.01,-60.27,-992.23,297.50,-612.50,-350.0,1,94.250,
01/01/2000,01:20:46.60,20.01,-60.27,-992.35,105.0,-708.75,-306.25,1,94.238,
01/01/2000,01:20:46.60,20.01,-60.27,-992.23,175.0,-568.75,-262.50,1,94.239,
01/01/2000,01:20:46.62,20.01,-60.39,-992.10,157.50,-656.25,-280.0,1,94.240,
01/01/2000,01:20:46.63,19.89,-60.27,-992.10,183.75,-673.75,-350.0,1,94.241,
01/01/2000,01:20:46.64,19.89,-60.27,-991.98,236.25,-743.75,-210.0,1,94.242,
01/01/2000,01:20:46.65,20.01,-60.27,-991.98,245.0,-647.50,-367.50,1,94.242,
01/01/2000,01:20:46.66,20.13,-60.39,-992.10,192.50,-717.50,-358.75,1,94.243,
01/01/2000,01:20:46.67,20.13,-60.39,-992.10,140.0,-761.25,-262.50,1,94.244,
01/01/2000,01:20:46.68,20.01,-60.39,-992.10,201.25,-638.75,-288.75,1,94.245,
01/01/2000,01:20:46.69,20.01,-60.39,-991.98,87.50,-700.0,-463.75,1,94.245,
01/01/2000,01:20:46.70,20.13,-60.27,-991.86,122.50,-770.0,-332.50,1,94.234,
01/01/2000,01:20:46.71,20.25,-60.15,-991.86,140.0,-708.75,-367.50,1,94.234,
01/01/2000,01:20:46.72,20.25,-60.27,-991.98,280.0,-717.50,-420.0,1,94.235,
01/01/2000,01:20:46.73,20.01,-60.27,-991.86,192.50,-682.50,-358.75,1,94.236,
01/01/2000,01:20:46.75,20.01,-60.39,-992.10,227.50,-612.50,-402.50,1,94.237,
01/01/2000,01:20:46.76,20.13,-60.15,-991.98,78.75,-717.50,-358.75,1,94.237,
01/01/2000,01:20:46.77,20.13,-60.02,-991.86,148.75,-621.25,-280.0,1,94.238,
01/01/2000,01:20:46.78,20.13,-60.02,-991.86,43.75,-708.75,-288.75,1,94.239,
01/01/2000,01:20:46.79,20.01,-60.27,-991.98,227.50,-735.0,-358.75,1,94.240,
01/01/2000,01:20:46.80,20.01,-60.02,-992.10,166.25,-630.0,-332.50,1,94.240,
01/01/2000,01:20:46.81,20.25,-60.02,-992.10,253.75,-708.75,-280.0,1,94.241,
01/01/2000,01:20:46.82,20.37,-60.02,-992.10,105.0,-743.75,-350.0,1,94.242,
01/01/2000,01:20:46.83,20.25,-60.02,-992.10,122.50,-752.50,-315.0,1,94.243,
01/01/2000,01:20:46.84,20.50,-60.02,-991.86,245.0,-682.50,-463.75,1,94.244,
01/01/2000,01:20:46.85,20.37,-60.15,-991.98,332.50,-770.0,-481.25,1,94.244,
01/01/2000,01:20:46.86,20.25,-60.02,-991.86,96.25,-717.50,-245.0,1,94.245,
01/01/2000,01:20:46.87,20.37,-60.15,-991.98,148.75,-700.0,-236.25,1,94.246,
01/01/2000,01:20:46.88,20.37,-60.02,-992.10,131.25,-700.0,-306.25,1,94.247,
01/01/2000,01:20:46.89,20.37,-60.15,-991.98,166.25,-735.0,-420.0,1,94.247,
01/01/2000,01:20:46.90,20.25,-60.27,-991.98,61.25,-577.50,-166.25,1,94.248,
01/01/2000,01:20:46.91,20.37,-60.27,-991.98,218.75,-638.75,-490.0,1,94.249,
01/01/2000,01:20:46.92,20.37,-60.27,-992.10,113.75,-813.75,-297.50,1,94.250,
01/01/2000,01:20:46.93,20.25,-60.02,-991.98,52.50,-665.0,-280.0,1,94.250,
01/01/2000,01:20:46.94,20.25,-60.27,-991.86,210.0,-647.50,-323.75,1,94.251,
01/01/2000,01:20:46.95,20.13,-60.27,-991.74,245.0,-735.0,-315.0,1,94.239,
01/01/2000,01:20:46.96,20.01,-60.27,-991.74,175.0,-568.75,-323.75,1,94.240,
01/01/2000,01:20:46.97,20.13,-60.27,-991.86,175.0,-813.75,-367.50,1,94.241,
01/01/2000,01:20:46.98,20.25,-60.15,-991.74,253.75,-752.50,-315.0,1,94.242,
01/01/2000,01:20:46.99,20.13,-60.02,-991.86,105.0,-743.75,-297.50,1,94.243,
01/01/2000,01:20:47.00,20.25,-60.27,-991.74,280.0,-673.75,-420.0,1,94.243,
01/01/2000,01:20:47.02,20.25,-60.27,-991.86,113.75,-770.0,-402.50,1,94.244,
01/01/2000,01:20:47.03,20.25,-60.02,-991.98,105.0,-796.25,-297.50,1,94.245,
01/01/2000,01:20:47.04,20.25,-60.02,-991.98,87.50,-717.50,-297.50,1,94.246,
01/01/2000,01:20:47.05,20.37,-60.02,-992.10,245.0,-673.75,-262.50,1,94.246,
01/01/2000,01:20:47.06,20.25,-60.15,-991.86,78.75,-726.25,-393.75,1,94.247,
01/01/2000,01:20:47.07,20.01,-60.27,-991.86,288.75,-621.25,-455.0,1,94.248,
01/01/2000,01:20:47.08,20.01,-60.02,-991.86,122.50,-735.0,-385.0,1,94.249,
01/01/2000,01:20:47.09,20.25,-60.02,-992.10,122.50,-770.0,-315.0,1,94.249,
01/01/2000,01:20:47.10,20.01,-60.02,-992.10,236.25,-691.25,-253.75,1,94.250,
01/01/2000,01:20:47.11,20.01,-60.27,-992.10,210.0,-568.75,-385.0,1,94.238,
01/01/2000,01:20:47.12,20.01,-60.27,-992.10,87.50,-621.25,-315.0,1,94.252,
01/01/2000,01:20:47.13,20.01,-60.02,-992.10,52.50,-752.50,-358.75,1,94.240,
01/01/2000,01:20:47.14,20.13,-60.27,-992.10,201.25,-761.25,-376.25,1,94.241,
01/01/2000,01:20:47.15,20.01,-59.90,-992.23,253.75,-735.0,-358.75,1,94.241,
01/01/2000,01:20:47.17,20.13,-60.02,-992.10,96.25,-717.50,-315.0,1,94.242,
01/01/2000,01:20:47.18,20.13,-60.02,-991.98,280.0,-752.50,-402.50,1,94.243,
01/01/2000,01:20:47.19,20.25,-60.15,-991.98,183.75,-717.50,-253.75,1,94.244,
01/01/2000,01:20:47.20,20.25,-60.27,-991.86,262.50,-691.25,-332.50,1,94.245,
01/01/2000,01:20:47.21,20.25,-60.39,-991.86,245.0,-665.0,-271.25,1,94.245,
01/01/2000,01:20:47.22,20.01,-60.39,-991.86,105.0,-673.75,-288.75,1,94.246,
01/01/2000,01:20:47.23,20.01,-60.27,-991.86,52.50,-682.50,-358.75,1,94.234,
01/01/2000,01:20:47.24,20.13,-60.39,-991.98,96.25,-603.75,-271.25,1,94.235,
01/01/2000,01:20:47.25,20.13,-60.39,-991.86,175.0,-647.50,-376.25,1,94.236,
01/01/2000,01:20:47.26,20.01,-60.39,-991.86,131.25,-708.75,-271.25,1,94.237,
01/01/2000,01:20:47.27,20.01,-60.39,-991.86,271.25,-691.25,-350.0,1,94.237,
01/01/2000,01:20:47.28,20.01,-60.02,-991.86,192.50,-568.75,-262.50,1,94.238,
01/01/2000,01:20:47.29,20.25,-60.02,-992.10,227.50,-691.25,-306.25,1,94.239,
01/01/2000,01:20:47.30,20.13,-59.90,-992.10,122.50,-691.25,-297.50,1,94.240,
01/01/2000,01:20:47.31,20.13,-59.90,-992.10,201.25,-612.50,-323.75,1,94.240,
01/01/2000,01:20:47.33,20.13,-60.15,-992.10,210.0,-700.0,-227.50,1,94.241,
01/01/2000,01:20:47.33,20.25,-60.02,-992.10,262.50,-586.25,-367.50,1,94.242,
01/01/2000,01:20:47.35,20.50,-60.02,-992.10,218.75,-665.0,-332.50,1,94.243,
01/01/2000,01:20:47.36,20.25,-60.02,-992.10,96.25,-910.0,-288.75,1,94.243,
01/01/2000,01:20:47.37,20.25,-59.90,-992.10,105.0,-735.0,-245.0,1,94.244,
01/01/2000,01:20:47.38,20.25,-59.78,-991.98,105.0,-726.25,-341.25,1,94.245,
01/01/2000,01:20:47.39,20.37,-59.90,-991.86,201.25,-638.75,-367.50,1,94.246,
01/01/2000,01:20:47.40,20.50,-60.02,-991.86,148.75,-700.0,-385.0,1,94.247,
01/01/2000,01:20:47.41,20.50,-59.90,-991.86,52.50,-743.75,-297.50,1,94.247,
01/01/2000,01:20:47.42,20.50,-60.02,-991.86,183.75,-647.50,-411.25,1,94.248,
01/01/2000,01:20:47.43,20.50,-59.90,-991.98,78.75,-656.25,-210.0,1,94.249,
01/01/2000,01:20:47.44,20.50,-59.78,-991.98,245.0,-717.50,-271.25,1,94.237,
01/01/2000,01:20:47.45,20.37,-59.78,-991.86,227.50,-656.25,-306.25,1,94.238,
01/01/2000,01:20:47.46,20.37,-60.02,-991.86,341.25,-813.75,-297.50,1,94.239,
01/01/2000,01:20:47.47,20.25,-59.78,-991.98,166.25,-717.50,-358.75,1,94.239,
01/01/2000,01:20:47.48,20.25,-60.02,-991.98,157.50,-700.0,-420.0,1,94.240,
01/01/2000,01:20:47.49,20.37,-60.02,-991.86,297.50,-726.25,-455.0,1,94.241,
01/01/2000,01:20:47.50,20.25,-59.78,-991.86,113.75,-796.25,-323.75,1,94.242,
01/01/2000,01:20:47.51,20.25,-59.78,-991.98,201.25,-708.75,-306.25,1,94.242,
01/01/2000,01:20:47.52,20.37,-60.02,-991.98,192.50,-682.50,-323.75,1,94.243,
01/01/2000,01:20:47.53,20.37,-60.02,-991.98,113.75,-638.75,-367.50,1,94.244,
01/01/2000,01:20:47.54,20.50,-60.15,-991.86,236.25,-717.50,-472.50,1,94.245,
01/01/2000,01:20:47.56,20.37,-60.02,-991.86,122.50,-638.75,-323.75,1,94.245,
01/01/2000,01:20:47.56,20.25,-60.02,-991.98,236.25,-665.0,-306.25,1,94.246,
01/01/2000,01:20:47.58,20.13,-59.90,-992.10,183.75,-673.75,-350.0,1,94.247,
01/01/2000,01:20:47.59,20.13,-60.02,-992.35,131.25,-656.25,-428.75,1,94.248,
01/01/2000,01:20:47.60,20.13,-60.27,-992.23,262.50,-708.75,-455.0,1,94.248,
01/01/2000,01:20:47.61,19.89,-60.27,-992.10,192.50,-542.50,-315.0,1,94.249,
01/01/2000,01:20:47.62,20.01,-60.15,-992.10,157.50,-787.50,-271.25,1,94.250,
01/01/2000,01:20:47.63,20.13,-60.39,-992.10,166.25,-770.0,-332.50,1,94.251,
01/01/2000,01:20:47.64,20.01,-60.15,-992.10,157.50,-638.75,-367.50,1,94.252,
01/01/2000,01:20:47.65,20.01,-60.15,-991.98,157.50,-682.50,-350.0,1,94.240,
01/01/2000,01:20:47.66,20.01,-60.02,-991.86,192.50,-770.0,-411.25,1,94.241,
01/01/2000,01:20:47.67,20.13,-60.02,-991.86,166.25,-708.75,-341.25,1,94.241,
01/01/2000,01:20:47.68,20.25,-60.15,-991.86,210.0,-630.0,-393.75,1,94.242,
01/01/2000,01:20:47.69,20.37,-60.02,-991.86,157.50,-778.75,-262.50,1,94.243,
01/01/2000,01:20:47.70,20.37,-60.15,-991.86,140.0,-647.50,-297.50,1,94.244,
01/01/2000,01:20:47.71,20.25,-60.15,-991.86,131.25,-621.25,-350.0,1,94.244,
01/01/2000,01:20:47.73,20.37,-60.15,-991.86,131.25,-866.25,-341.25,1,94.245,
01/01/2000,01:20:47.74,20.25,-60.02,-991.86,0.0,-691.25,-306.25,1,94.234,
01/01/2000,01:20:47.75,20.25,-60.15,-991.86,157.50,-743.75,-411.25,1,94.234,
01/01/2000,01:20:47.76,20.25,-60.39,-991.74,271.25,-656.25,-315.0,1,94.235,
01/01/2000,01:20:47.77,20.25,-60.15,-991.86,175.0,-630.0,-393.75,1,94.236,
01/01/2000,01:20:47.78,20.25,-60.27,-991.86,253.75,-656.25,-341.25,1,94.237,
01/01/2000,01:20:47.79,20.25,-60.27,-991.98,218.75,-647.50,-376.25,1,94.237,
01/01/2000,01:20:47.80,20.13,-60.15,-992.10,17.50,-726.25,-280.0,1,94.238,
01/01/2000,01:20:47.81,20.13,-60.02,-992.10,148.75,-708.75,-245.0,1,94.239,
01/01/2000,01:20:47.82,20.13,-60.02,-991.98,280.0,-691.25,-385.0,1,94.240,
01/01/2000,01:20:47.83,20.13,-59.90,-991.86,192.50,-787.50,-358.75,1,94.240,
01/01/2000,01:20:47.85,20.25,-59.90,-991.98,78.75,-708.75,-288.75,1,94.241,
01/01/2000,01:20:47.85,20.13,-60.02,-991.98,210.0,-630.0,-332.50,1,94.242,
01/01/2000,01:20:47.87,20.13,-60.15,-991.98,262.50,-735.0,-262.50,1,94.243,
01/01/2000,01:20:47.88,20.13,-59.90,-991.98,35.0,-630.0,-280.0,1,94.243,
01/01/2000,01:20:47.89,20.13,-59.90,-991.86,210.0,-665.0,-262.50,1,94.244,
01/01/2000,01:20:47.90,20.25,-59.66,-992.10,218.75,-682.50,-218.75,1,94.245,
01/01/2000,01:20:47.91,20.13,-60.02,-992.10,157.50,-700.0,-341.25,1,94.246,
01/01/2000,01:20:47.92,20.13,-60.15,-992.10,8.75,-708.75,-367.50,1,94.246,
01/01/2000,01:20:47.93,20.25,-60.27,-992.23,87.50,-691.25,-393.75,1,94.247,
01/01/2000,01:20:47.94,20.25,-59.90,-991.98,52.50,-577.50,-332.50,1,94.248,
01/01/2000,01:20:47.95,20.25,-59.78,-991.98,-17.50,-673.75,-297.50,1,94.249,
01/01/2000,01:20:47.96,20.25,-60.02,-992.10,306.25,-656.25,-210.0,1,94.249,
01/01/2000,01:20:47.97,20.13,-60.02,-992.23,140.0,-656.25,-350.0,1,94.250,
01/01/2000,01:20:47.98,20.13,-60.27,-992.23,218.75,-595.0,-393.75,1,94.251,
01/01/2000,01:20:47.99,20.25,-60.39,-992.23,280.0,-831.25,-367.50,1,94.252,
01/01/2000,01:20:48.00,20.25,-60.15,-992.10,210.0,-700.0,-358.75,1,94.240,
01/01/2000,01:20:48.01,20.13,-60.02,-991.98,43.75,-612.50,-245.0,1,94.241,
01/01/2000,01:20:48.02,20.01,-60.27,-991.98,148.75,-708.75,-350.0,1,94.242,
01/01/2000,01:20:48.03,20.25,-60.02,-992.10,70.0,-665.0,-393.75,1,94.242,
01/01/2000,01:20:48.04,20.25,-60.27,-992.10,183.75,-630.0,-350.0,1,94.243,
01/01/2000,01:20:48.05,20.25,-60.15,-991.98,253.75,-656.25,-481.25,1,94.244,
01/01/2000,01:20:48.06,20.13,-60.02,-992.10,26.25,-665.0,-297.50,1,94.245,
01/01/2000,01:20:48.08,20.13,-60.15,-991.98,70.0,-656.25,-245.0,1,94.245,
01/01/2000,01:20:48.09,20.25,-60.02,-991.98,183.75,-647.50,-332.50,1,94.246,
01/01/2000,01:20:48.10,20.13,-59.90,-992.10,70.0,-656.25,-306.25,1,94.247,
01/01/2000,01:20:48.11,20.13,-59.78,-991.98,157.50,-770.0,-323.75,1,94.248,
01/01/2000,01:20:48.12,20.13,-59.78,-991.98,26.25,-735.0,-315.0,1,94.248,
01/01/2000,01:20:48.13,20.25,-59.90,-992.10,175.0,-700.0,-350.0,1,94.249,
01/01/2000,01:20:48.14,20.25,-60.02,-992.23,271.25,-586.25,-358.75,1,94.250,
01/01/2000,01:20:48.15,20.37,-60.02,-992.10,271.25,-708.75,-420.0,1,94.238,
01/01/2000,01:20:48.16,20.25,-60.02,-991.98,148.75,-665.0,-280.0,1,94.239,
01/01/2000,01:20:48.17,20.25,-59.90,-991.98,183.75,-717.50,-253.75,1,94.240,
01/01/2000,01:20:48.18,20.25,-60.02,-992.10,227.50,-673.75,-210.0,1,94.241,
01/01/2000,01:20:48.19,20.25,-60.15,-992.23,122.50,-778.75,-358.75,1,94.241,
01/01/2000,01:20:48.20,20.25,-60.02,-992.10,183.75,-761.25,-332.50,1,94.242,
01/01/2000,01:20:48.22,20.01,-60.02,-991.86,148.75,-595.0,-341.25,1,94.243,
01/01/2000,01:20:48.23,20.01,-60.15,-991.86,192.50,-761.25,-341.25,1,94.244,
01/01/2000,01:20:48.24,20.01,-59.90,-991.98,262.50,-647.50,-393.75,1,94.244,
01/01/2000,01:20:48.25,20.01,-60.02,-991.86,61.25,-778.75,-306.25,1,94.233,
01/01/2000,01:20:48.26,20.01,-60.02,-991.86,192.50,-665.0,-315.0,1,94.234,
01/01/2000,01:20:48.27,20.13,-60.02,-991.74,78.75,-691.25,-253.75,1,94.234,
01/01/2000,01:20:48.28,20.25,-59.90,-991.98,253.75,-770.0,-280.0,1,94.235,
01/01/2000,01:20:48.29,20.50,-60.02,-992.10,210.0,-726.25,-393.75,1,94.236,
01/01/2000,01:20:48.30,20.50,-59.90,-992.10,52.50,-752.50,-393.75,1,94.237,
01/01/2000,01:20:48.31,20.37,-60.02,-991.98,140.0,-752.50,-262.50,1,94.237,
01/01/2000,01:20:48.32,20.25,-60.02,-991.74,271.25,-691.25,-420.0,1,94.238,
01/01/2000,01:20:48.33,20.25,-59.78,-991.62,183.75,-778.75,-315.0,1,94.239,
01/01/2000,01:20:48.34,20.25,-60.02,-991.49,-17.50,-612.50,-271.25,1,94.240,
01/01/2000,01:20:48.35,20.25,-59.90,-991.62,148.75,-778.75,-323.75,1,94.240,
01/01/2000,01:20:48.37,20.25,-60.02,-991.98,192.50,-796.25,-227.50,1,94.241,
01/01/2000,01:20:48.38,20.25,-60.02,-992.10,96.25,-621.25,-402.50,1,94.242,
01/01/2000,01:20:48.39,20.25,-60.02,-991.98,148.75,-708.75,-393.75,1,94.243,
01/01/2000,01:20:48.40,20.25,-59.90,-991.86,227.50,-638.75,-420.0,1,94.243,
01/01/2000,01:20:48.41,20.37,-60.02,-991.86,87.50,-682.50,-288.75,1,94.244,
01/01/2000,01:20:48.42,20.37,-60.27,-991.98,175.0,-603.75,-402.50,1,94.245,
01/01/2000,01:20:48.43,20.25,-60.15,-992.35,52.50,-761.25,-297.50,1,94.246,
01/01/2000,01:20:48.44,20.37,-60.02,-992.23,192.50,-691.25,-315.0,1,94.246,
01/01/2000,01:20:48.45,20.50,-60.02,-992.10,262.50,-656.25,-288.75,1,94.247,
01/01/2000,01:20:48.46,20.37,-59.90,-991.98,131.25,-542.50,-253.75,1,94.248,
01/01/2000,01:20:48.47,20.37,-60.15,-991.98,122.50,-761.25,-402.50,1,94.249,
01/01/2000,01:20:48.48,20.37,-60.15,-992.10,140.0,-778.75,-367.50,1,94.249,
01/01/2000,01:20:48.49,20.37,-60.51,-992.10,175.0,-691.25,-323.75,1,94.250,
01/01/2000,01:20:48.50,20.37,-60.27,-992.10,122.50,-708.75,-332.50,1,94.239,
01/01/2000,01:20:48.51,20.37,-60.27,-991.98,157.50,-726.25,-437.50,1,94.239,
01/01/2000,01:20:48.52,20.25,-60.02,-991.98,-78.75,-813.75,-140.0,1,94.240,
01/01/2000,01:20:48.53,20.37,-60.15,-992.10,96.25,-647.50,-315.0,1,94.241,
01/01/2000,01:20:48.54,20.25,-60.39,-992.10,210.0,-638.75,-245.0,1,94.242,
01/01/2000,01:20:48.55,20.37,-60.39,-991.98,271.25,-630.0,-385.0,1,94.242,
01/01/2000,01:20:48.56,20.37,-60.39,-991.86,192.50,-735.0,-411.25,1,94.243,
01/01/2000,01:20:48.58,20.25,-60.02,-991.62,43.75,-717.50,-306.25,1,94.244,
01/01/2000,01:20:48.59,20.25,-60.15,-991.74,201.25,-735.0,-227.50,1,94.245,
01/01/2000,01:20:48.60,20.25,-60.15,-991.86,227.50,-691.25,-245.0,1,94.245,
01/01/2000,01:20:48.61,20.37,-60.27,-991.86,253.75,-638.75,-411.25,1,94.246,
01/01/2000,01:20:48.62,20.37,-60.27,-991.98,175.0,-708.75,-393.75,1,94.247,
01/01/2000,01:20:48.63,20.25,-60.15,-991.86,183.75,-691.25,-367.50,1,94.247,
01/01/2000,01:20:48.64,20.25,-60.02,-991.62,166.25,-665.0,-271.25,1,94.236,
01/01/2000,01:20:48.65,20.25,-60.02,-991.86,218.75,-735.0,-306.25,1,94.237,
01/01/2000,01:20:48.66,20.37,-60.02,-991.98,236.25,-603.75,-210.0,1,94.238,
01/01/2000,01:20:48.67,20.25,-60.02,-991.98,96.25,-603.75,-253.75,1,94.238,
01/01/2000,01:20:48.68,20.37,-60.15,-991.74,113.75,-743.75,-288.75,1,94.239,
01/01/2000,01:20:48.69,20.37,-60.15,-991.62,236.25,-673.75,-411.25,1,94.240,
01/01/2000,01:20:48.70,20.25,-60.15,-991.49,0.0,-665.0,-315.0,1,94.241,
01/01/2000,01:20:48.72,20.25,-60.02,-991.62,61.25,-638.75,-376.25,1,94.241,
01/01/2000,01:20:48.73,20.25,-60.02,-991.74,201.25,-770.0,-341.25,1,94.242,
01/01/2000,01:20:48.74,20.25,-60.02,-991.74,183.75,-805.0,-437.50,1,94.243,
01/01/2000,01:20:48.75,20.01,-60.27,-991.74,87.50,-577.50,-385.0,1,94.231,
01/01/2000,01:20:48.76,20.13,-60.15,-991.86,61.25,-761.25,-315.0,1,94.232,
01/01/2000,01:20:48.77,20.13,-60.02,-991.86,280.0,-743.75,-402.50,1,94.233,
01/01/2000,01:20:48.78,20.13,-59.90,-991.98,183.75,-700.0,-288.75,1,94.234,
01/01/2000,01:20:48.80,20.13,-60.02,-992.10,288.75,-630.0,-341.25,1,94.234,
01/01/2000,01:20:48.81,20.25,-60.02,-991.86,236.25,-665.0,-280.0,1,94.235,
01/01/2000,01:20:48.82,20.25,-60.15,-991.86,192.50,-708.75,-463.75,1,94.236,
01/01/2000,01:20:48.83,20.25,-59.78,-991.74,105.0,-761.25,-472.50,1,94.236,
01/01/2000,01:20:48.84,20.50,-59.90,-991.74,175.0,-691.25,-245.0,1,94.237,
01/01/2000,01:20:48.85,20.50,-60.02,-991.86,253.75,-568.75,-402.50,1,94.238,
01/01/2000,01:20:48.86,20.25,-60.02,-991.86,113.75,-778.75,-227.50,1,94.239,
01/01/2000,01:20:48.87,20.25,-60.15,-991.86,140.0,-603.75,-446.25,1,94.239,
01/01/2000,01:20:48.88,20.50,-60.27,-991.86,61.25,-726.25,-297.50,1,94.240,
01/01/2000,01:20:48.89,20.62,-60.02,-991.86,192.50,-638.75,-358.75,1,94.241,
01/01/2000,01:20:48.90,20.50,-60.27,-991.86,218.75,-787.50,-280.0,1,94.242,
01/01/2000,01:20:48.91,20.37,-60.02,-991.86,52.50,-726.25,-262.50,1,94.242,
01/01/2000,01:20:48.92,20.25,-60.02,-991.98,192.50,-656.25,-437.50,1,94.243,
01/01/2000,01:20:48.93,20.37,-60.02,-992.10,253.75,-708.75,-358.75,1,94.244,
01/01/2000,01:20:48.94,20.37,-60.02,-992.10,218.75,-630.0,-332.50,1,94.245,
01/01/2000,01:20:48.95,20.37,-60.02,-991.98,113.75,-700.0,-157.50,1,94.245,
01/01/2000,01:20:48.96,20.25,-60.15,-992.10,175.0,-708.75,-428.75,1,94.246,
01/01/2000,01:20:48.97,20.13,-60.27,-992.23,35.0,-735.0,-376.25,1,94.247,
01/01/2000,01:20:48.98,20.13,-60.15,-992.35,96.25,-656.25,-455.0,1,94.248,
01/01/2000,01:20:48.99,20.25,-59.90,-992.35,157.50,-542.50,-227.50,1,94.248,
01/01/2000,01:20:49.00,20.37,-60.02,-992.23,157.50,-603.75,-323.75,1,94.237,
01/01/2000,01:20:49.01,20.25,-60.27,-991.98,43.75,-717.50,-288.75,1,94.238,
01/01/2000,01:20:49.02,20.25,-60.27,-991.74,271.25,-752.50,-385.0,1,94.238,
01/01/2000,01:20:49.03,20.25,-60.27,-991.74,61.25,-665.0,-341.25,1,94.239,
01/01/2000,01:20:49.04,20.25,-60.02,-991.86,192.50,-673.75,-350.0,1,94.240,
01/01/2000,01:20:49.05,20.25,-60.02,-992.10,175.0,-656.25,-245.0,1,94.241,
01/01/2000,01:20:49.07,20.37,-60.02,-992.23,192.50,-647.50,-315.0,1,94.241,
01/01/2000,01:20:49.08,20.37,-60.02,-992.10,201.25,-682.50,-315.0,1,94.242,
01/01/2000,01:20:49.09,20.50,-60.15,-992.10,227.50,-691.25,-358.75,1,94.243,
01/01/2000,01:20:49.10,20.62,-60.27,-992.10,105.0,-717.50,-332.50,1,94.244,
01/01/2000,01:20:49.11,20.74,-60.15,-991.98,271.25,-735.0,-341.25,1,94.244,
01/01/2000,01:20:49.12,20.50,-60.02,-991.86,26.25,-586.25,-315.0,1,94.245,
01/01/2000,01:20:49.13,20.25,-59.90,-991.98,61.25,-708.75,-306.25,1,94.246,
01/01/2000,01:20:49.14,20.37,-60.02,-991.86,35.0,-533.75,-350.0,1,94.247,
01/01/2000,01:20:49.15,20.50,-60.15,-991.86,8.75,-761.25,-280.0,1,94.247,
01/01/2000,01:20:49.16,20.50,-60.51,-991.86,210.0,-761.25,-306.25,1,94.236,
01/01/2000,01:20:49.17,20.50,-60.27,-991.98,140.0,-717.50,-367.50,1,94.249,
01/01/2000,01:20:49.18,20.37,-60.27,-991.86,113.75,-743.75,-376.25,1,94.237,
01/01/2000,01:20:49.19,20.25,-60.02,-991.86,113.75,-761.25,-393.75,1,94.238,
01/01/2000,01:20:49.20,20.25,-59.78,-991.86,227.50,-656.25,-350.0,1,94.239,
01/01/2000,01:20:49.22,20.25,-59.78,-992.10,-26.25,-682.50,-306.25,1,94.240,
01/01/2000,01:20:49.23,20.50,-60.02,-991.74,87.50,-708.75,-376.25,1,94.240,
01/01/2000,01:20:49.24,20.50,-60.02,-991.86,35.0,-700.0,-323.75,1,94.241,
01/01/2000,01:20:49.25,20.50,-60.02,-991.98,358.75,-717.50,-280.0,1,94.242,
01/01/2000,01:20:49.26,20.50,-60.02,-992.47,210.0,-708.75,-323.75,1,94.243,
01/01/2000,01:20:49.27,20.25,-60.02,-992.35,341.25,-700.0,-201.25,1,94.243,
01/01/2000,01:20:49.28,20.01,-60.02,-991.98,140.0,-726.25,-236.25,1,94.232,
01/01/2000,01:20:49.29,20.13,-59.90,-991.74,210.0,-595.0,-358.75,1,94.233,
01/01/2000,01:20:49.30,20.25,-59.90,-991.86,253.75,-673.75,-350.0,1,94.233,
01/01/2000,01:20:49.31,20.25,-60.02,-992.10,227.50,-656.25,-332.50,1,94.234,
01/01/2000,01:20:49.32,20.25,-60.02,-992.10,105.0,-656.25,-376.25,1,94.235,
01/01/2000,01:20:49.33,20.25,-60.15,-991.86,341.25,-708.75,-297.50,1,94.236,
01/01/2000,01:20:49.34,20.25,-59.90,-991.98,157.50,-630.0,-367.50,1,94.236,
01/01/2000,01:20:49.35,20.13,-59.90,-991.86,87.50,-682.50,-253.75,1,94.237,
01/01/2000,01:20:49.36,20.25,-60.02,-991.86,201.25,-735.0,-306.25,1,94.238,
01/01/2000,01:20:49.37,20.25,-60.27,-991.98,288.75,-770.0,-288.75,1,94.239,
01/01/2000,01:20:49.38,20.25,-60.27,-992.10,0.0,-673.75,-236.25,1,94.239,
01/01/2000,01:20:49.40,20.37,-60.27,-991.86,218.75,-717.50,-455.0,1,94.240,
01/01/2000,01:20:49.40,20.25,-60.02,-991.86,175.0,-682.50,-385.0,1,94.241,
01/01/2000,01:20:49.42,20.37,-60.02,-991.62,78.75,-656.25,-367.50,1,94.242,
01/01/2000,01:20:49.43,19.52,-60.27,-990.40,192.50,-656.25,2668.75,1,94.242,
01/01/2000,01:20:49.44,18.54,-69.17,-988.20,1338.75,-376.25,2721.25,1,94.243,
01/01/2000,01:20:49.45,20.13,-64.78,-992.10,-1006.25,-936.25,-2598.75,1,94.244,
01/01/2000,01:20:49.46,23.42,-66.49,-994.79,708.75,-805.0,-5713.75,1,94.245,
01/01/2000,01:20:49.47,22.33,-62.83,-995.28,542.50,-708.75,-2038.75,1,94.245,
01/01/2000,01:20:49.48,19.15,-58.07,-993.08,-183.75,-402.50,3176.25,1,94.246,
01/01/2000,01:20:49.49,18.67,-55.63,-990.15,43.75,-857.50,-1837.50,1,94.235,
01/01/2000,01:20:49.50,20.37,-54.17,-992.47,-26.25,-708.75,-2765.0,1,94.235,
01/01/2000,01:20:49.51,22.08,-56.12,-994.30,271.25,-691.25,271.25,1,94.236,
01/01/2000,01:20:49.52,21.47,-58.44,-993.93,87.50,-551.25,3193.75,1,94.237,
01/01/2000,01:20:49.53,19.64,-61.24,-991.86,-70.0,-647.50,-70.0,1,94.238,
01/01/2000,01:20:49.54,19.52,-62.95,-989.66,393.75,-787.50,-3736.25,1,94.238,
01/01/2000,01:20:49.55,20.74,-61.49,-990.88,280.0,-901.25,-3893.75,1,94.239,
01/01/2000,01:20:49.57,21.72,-58.80,-993.45,52.50,-542.50,1172.50,1,94.240,
01/01/2000,01:20:49.58,20.98,-57.71,-993.57,236.25,-621.25,2712.50,1,94.241,
01/01/2000,01:20:49.59,19.28,-57.34,-992.23,140.0,-533.75,-236.25,1,94.241,
01/01/2000,01:20:49.60,18.54,-58.56,-990.88,253.75,-708.75,-2301.25,1,94.242,
01/01/2000,01:20:49.61,20.37,-59.78,-991.62,385.0,-840.0,-1820.0,1,94.243,
01/01/2000,01:20:49.62,21.72,-60.76,-992.59,140.0,-743.75,-26.25,1,94.244,
01/01/2000,01:20:49.63,20.50,-61.12,-991.86,210.0,-717.50,560.0,1,94.232,
01/01/2000,01:20:49.64,19.03,-60.15,-991.13,166.25,-612.50,-1417.50,1,94.233,
01/01/2000,01:20:49.65,19.03,-58.93,-991.25,122.50,-743.75,-2415.0,1,94.234,
01/01/2000,01:20:49.66,20.13,-58.19,-992.35,201.25,-708.75,-17.50,1,94.234,
01/01/2000,01:20:49.67,20.98,-58.19,-993.20,183.75,-586.25,1653.75,1,94.235,
01/01/2000,01:20:49.68,20.74,-59.78,-992.10,157.50,-595.0,1330.0,1,94.236,
01/01/2000,01:20:49.69,19.76,-60.88,-991.13,236.25,-735.0,-656.25,1,94.237,
01/01/2000,01:20:49.71,19.64,-60.88,-991.37,245.0,-796.25,-2301.25,1,94.237,
01/01/2000,01:20:49.72,20.50,-60.27,-992.71,175.0,-743.75,-805.0,1,94.238,
01/01/2000,01:20:49.73,21.11,-59.41,-993.57,175.0,-665.0,1163.75,1,94.239,
01/01/2000,01:20:49.74,20.37,-58.93,-992.71,131.25,-665.0,428.75,1,94.240,
01/01/2000,01:20:49.75,19.52,-59.17,-991.74,332.50,-700.0,-857.50,1,94.240,
01/01/2000,01:20:49.76,19.52,-59.54,-991.49,166.25,-717.50,-1295.0,1,94.241,
01/01/2000,01:20:49.78,20.98,-60.39,-992.96,35.0,-665.0,78.75,1,94.230,
01/01/2000,01:20:49.79,20.86,-60.27,-992.59,131.25,-630.0,-78.75,1,94.231,
01/01/2000,01:20:49.80,19.89,-59.78,-991.86,113.75,-743.75,-525.0,1,94.231,
01/01/2000,01:20:49.81,19.52,-59.41,-991.37,113.75,-761.25,-507.50,1,94.232,
01/01/2000,01:20:49.82,19.89,-59.29,-991.86,166.25,-700.0,-367.50,1,94.233,
01/01/2000,01:20:49.83,20.62,-59.54,-992.59,122.50,-708.75,-166.25,1,94.233,
01/01/2000,01:20:49.84,20.74,-60.27,-992.71,61.25,-700.0,-280.0,1,94.234,
01/01/2000,01:20:49.85,20.13,-60.63,-991.86,183.75,-638.75,-350.0,1,94.235,
01/01/2000,01:20:49.86,19.76,-60.51,-991.37,148.75,-630.0,-533.75,1,94.236,
01/01/2000,01:20:49.87,19.89,-60.15,-991.98,96.25,-726.25,-533.75,1,94.236,
01/01/2000,01:20:49.88,20.50,-59.54,-992.84,-8.75,-647.50,-236.25,1,94.237,
01/01/2000,01:20:49.89,20.50,-59.54,-992.96,271.25,-647.50,-140.0,1,94.238,
01/01/2000,01:20:49.90,20.01,-59.78,-992.35,122.50,-717.50,-166.25,1,94.239,
01/01/2000,01:20:49.91,19.64,-60.15,-991.62,175.0,-603.75,-516.25,1,94.239,
01/01/2000,01:20:49.92,20.13,-60.15,-991.74,122.50,-761.25,-507.50,1,94.240,
01/01/2000,01:20:49.93,20.50,-60.02,-992.35,210.0,-700.0,-385.0,1,94.241,
01/01/2000,01:20:49.94,20.74,-60.02,-992.71,96.25,-647.50,-271.25,1,94.242,
01/01/2000,01:20:49.95,20.25,-60.02,-992.47,218.75,-682.50,-218.75,1,94.242,
01/01/2000,01:20:49.96,19.76,-60.02,-991.86,140.0,-673.75,-463.75,1,94.243,
01/01/2000,01:20:49.97,20.01,-60.02,-991.86,131.25,-638.75,-446.25,1,94.244,
01/01/2000,01:20:49.98,20.62,-59.90,-992.10,140.0,-700.0,-472.50,1,94.245,
01/01/2000,01:20:50.00,20.74,-60.27,-992.35,315.0,-743.75,-271.25,1,94.233,
01/01/2000,01:20:50.01,20.25,-60.27,-992.10,210.0,-752.50,-367.50,1,94.234,
01/01/2000,01:20:50.02,19.89,-60.15,-991.86,236.25,-577.50,-490.0,1,94.235,
01/01/2000,01:20:50.03,20.25,-59.90,-992.10,96.25,-708.75,-393.75,1,94.235,
01/01/2000,01:20:50.04,20.74,-59.90,-992.59,183.75,-752.50,-253.75,1,94.236,
01/01/2000,01:20:50.05,20.86,-60.15,-992.59,245.0,-577.50,-210.0,1,94.237,
01/01/2000,01:20:50.06,20.50,-60.51,-992.47,218.75,-726.25,-350.0,1,94.238,
01/01/2000,01:20:50.07,20.25,-60.39,-992.35,148.75,-673.75,-472.50,1,94.238,
01/01/2000,01:20:50.08,20.50,-60.15,-992.35,201.25,-665.0,-402.50,1,94.239,
01/01/2000,01:20:50.09,20.62,-59.90,-992.59,131.25,-551.25,-122.50,1,94.240,
01/01/2000,01:20:50.10,20.50,-59.90,-992.59,166.25,-682.50,-262.50,1,94.241,
01/01/2000,01:20:50.11,20.25,-60.02,-992.23,166.25,-787.50,-297.50,1,94.241,
01/01/2000,01:20:50.12,20.13,-60.51,-992.10,157.50,-708.75,-341.25,1,94.242,
01/01/2000,01:20:50.13,20.50,-60.51,-992.59,87.50,-761.25,-411.25,1,94.231,
01/01/2000,01:20:50.14,20.74,-60.27,-992.71,78.75,-761.25,-218.75,1,94.232,
01/01/2000,01:20:50.15,20.50,-60.27,-992.59,105.0,-682.50,-332.50,1,94.232,
01/01/2000,01:20:50.16,20.25,-60.15,-992.35,183.75,-708.75,-411.25,1,94.233,
01/01/2000,01:20:50.17,20.01,-60.39,-992.23,61.25,-647.50,-358.75,1,94.234,
01/01/2000,01:20:50.18,20.37,-60.27,-992.59,157.50,-691.25,-358.75,1,94.234,
01/01/2000,01:20:50.20,20.37,-60.39,-992.59,87.50,-726.25,-306.25,1,94.235,
01/01/2000,01:20:50.21,20.25,-60.27,-992.47,140.0,-708.75,-385.0,1,94.236,
01/01/2000,01:20:50.22,20.13,-60.27,-992.35,210.0,-726.25,-245.0,1,94.237,
01/01/2000,01:20:50.23,20.25,-60.02,-992.35,43.75,-735.0,-341.25,1,94.237,
01/01/2000,01:20:50.24,20.50,-60.27,-992.59,122.50,-752.50,-446.25,1,94.238,
01/01/2000,01:20:50.25,20.50,-60.27,-992.71,175.0,-700.0,-262.50,1,94.239,
01/01/2000,01:20:50.26,20.50,-60.51,-992.59,166.25,-700.0,-402.50,1,94.240,
01/01/2000,01:20:50.27,20.25,-60.39,-992.35,8.75,-708.75,-393.75,1,94.240,
01/01/2000,01:20:50.29,20.25,-60.51,-992.35,175.0,-647.50,-245.0,1,94.229,
01/01/2000,01:20:50.30,20.25,-60.51,-992.35,183.75,-638.75,-428.75,1,94.230,
01/01/2000,01:20:50.31,20.25,-60.27,-992.35,218.75,-621.25,-288.75,1,94.231,
01/01/2000,01:20:50.32,20.25,-60.51,-992.10,105.0,-726.25,-376.25,1,94.231,
01/01/2000,01:20:50.33,20.25,-60.39,-992.10,35.0,-743.75,-341.25,1,94.232,
01/01/2000,01:20:50.34,20.25,-60.27,-992.10,157.50,-621.25,-393.75,1,94.233,
01/01/2000,01:20:50.35,20.25,-60.27,-992.35,253.75,-708.75,-332.50,1,94.233,
01/01/2000,01:20:50.36,20.25,-60.51,-992.47,26.25,-848.75,-411.25,1,94.234,
01/01/2000,01:20:50.37,20.13,-60.27,-992.35,227.50,-691.25,-411.25,1,94.235,
01/01/2000,01:20:50.38,20.01,-60.27,-992.35,192.50,-796.25,-350.0,1,94.236,
01/01/2000,01:20:50.39,20.13,-60.27,-992.35,43.75,-682.50,-385.0,1,94.236,
01/01/2000,01:20:50.40,20.25,-60.39,-992.59,70.0,-691.25,-411.25,1,94.237,
01/01/2000,01:20:50.41,20.25,-60.27,-992.47,140.0,-647.50,-306.25,1,94.238,
01/01/2000,01:20:50.42,20.25,-60.39,-992.35,70.0,-708.75,-332.50,1,94.239,
01/01/2000,01:20:50.43,20.13,-60.27,-992.23,35.0,-682.50,-350.0,1,94.239,
01/01/2000,01:20:50.44,20.01,-60.27,-992.23,157.50,-717.50,-385.0,1,94.240,
01/01/2000,01:20:50.45,20.25,-60.15,-992.35,210.0,-700.0,-411.25,1,94.241,
01/01/2000,01:20:50.46,20.37,-60.27,-992.47,166.25,-647.50,-376.25,1,94.242,
01/01/2000,01:20:50.47,20.37,-60.27,-992.35,131.25,-778.75,-280.0,1,94.242,
01/01/2000,01:20:50.48,20.25,-60.51,-992.23,183.75,-708.75,-350.0,1,94.243,
01/01/2000,01:20:50.49,20.37,-60.51,-992.35,175.0,-735.0,-332.50,1,94.232,
01/01/2000,01:20:50.50,20.50,-60.39,-992.59,148.75,-735.0,-437.50,1,94.244,
01/01/2000,01:20:50.51,20.50,-60.27,-992.59,113.75,-612.50,-367.50,1,94.233,
01/01/2000,01:20:50.52,20.50,-60.27,-992.59,280.0,-822.50,-262.50,1,94.246,
01/01/2000,01:20:50.53,20.25,-60.15,-992.35,157.50,-796.25,-367.50,1,94.235,
01/01/2000,01:20:50.54,20.37,-60.27,-992.35,297.50,-595.0,-262.50,1,94.235,
01/01/2000,01:20:50.56,20.37,-60.27,-992.59,227.50,-770.0,-288.75,1,94.236,
01/01/2000,01:20:50.57,20.37,-60.27,-992.84,35.0,-673.75,-332.50,1,94.237,
01/01/2000,01:20:50.58,20.37,-60.27,-992.71,157.50,-778.75,-332.50,1,94.238,
01/01/2000,01:20:50.59,20.25,-60.02,-992.59,122.50,-656.25,-455.0,1,94.238,
01/01/2000,01:20:50.60,20.37,-60.02,-992.59,105.0,-726.25,-306.25,1,94.239,
01/01/2000,01:20:50.61,20.37,-60.15,-992.71,297.50,-647.50,-288.75,1,94.240,
01/01/2000,01:20:50.62,20.37,-60.27,-992.84,105.0,-787.50,-323.75,1,94.241,
01/01/2000,01:20:50.63,20.50,-60.27,-992.84,113.75,-752.50,-306.25,1,94.241,
01/01/2000,01:20:50.64,20.25,-60.15,-992.71,210.0,-568.75,-411.25,1,94.242,
01/01/2000,01:20:50.65,20.37,-60.02,-992.59,96.25,-656.25,-341.25,1,94.243,
01/01/2000,01:20:50.66,20.25,-60.15,-992.59,201.25,-726.25,-306.25,1,94.243,
01/01/2000,01:20:50.67,20.25,-60.27,-992.47,148.75,-735.0,-297.50,1,94.244,
01/01/2000,01:20:50.68,20.13,-60.39,-992.35,210.0,-612.50,-367.50,1,94.245,
01/01/2000,01:20:50.69,20.13,-60.39,-992.35,166.25,-647.50,-332.50,1,94.234,
01/01/2000,01:20:50.70,20.25,-60.27,-992.47,192.50,-726.25,-376.25,1,94.234,
01/01/2000,01:20:50.71,20.13,-60.27,-992.47,157.50,-647.50,-253.75,1,94.235,
01/01/2000,01:20:50.72,20.01,-60.15,-992.59,262.50,-717.50,-402.50,1,94.236,
01/01/2000,01:20:50.73,20.13,-60.15,-992.47,148.75,-621.25,-315.0,1,94.237,
01/01/2000,01:20:50.74,20.13,-60.27,-992.47,166.25,-647.50,-306.25,1,94.237,
01/01/2000,01:20:50.75,20.01,-60.15,-992.35,236.25,-656.25,-376.25,1,94.238,
01/01/2000,01:20:50.77,20.13,-60.02,-992.35,148.75,-708.75,-358.75,1,94.239,
01/01/2000,01:20:50.78,20.13,-60.02,-992.47,148.75,-673.75,-323.75,1,94.240,
01/01/2000,01:20:50.79,20.13,-60.02,-992.59,105.0,-805.0,-385.0,1,94.228,
01/01/2000,01:20:50.80,20.25,-60.02,-992.59,210.0,-665.0,-288.75,1,94.229,
01/01/2000,01:20:50.81,20.25,-60.15,-992.71,122.50,-647.50,-358.75,1,94.230,
01/01/2000,01:20:50.82,20.25,-60.15,-992.59,175.0,-551.25,-420.0,1,94.231,
01/01/2000,01:20:50.83,20.25,-60.27,-992.59,96.25,-682.50,-402.50,1,94.231,
01/01/2000,01:20:50.84,20.25,-60.27,-992.71,262.50,-630.0,-297.50,1,94.232,
01/01/2000,01:20:50.85,20.37,-60.15,-992.71,236.25,-673.75,-393.75,1,94.233,
01/01/2000,01:20:50.87,20.50,-60.15,-992.71,175.0,-595.0,-385.0,1,94.233,
01/01/2000,01:20:50.87,20.50,-60.02,-992.71,175.0,-778.75,-288.75,1,94.234,
01/01/2000,01:20:50.89,20.37,-60.15,-992.59,280.0,-673.75,-262.50,1,94.235,
01/01/2000,01:20:50.90,20.25,-60.02,-992.59,43.75,-656.25,-341.25,1,94.236,
01/01/2000,01:20:50.91,20.37,-60.02,-992.71,157.50,-700.0,-376.25,1,94.236,
01/01/2000,01:20:50.92,20.37,-59.90,-992.84,105.0,-656.25,-227.50,1,94.237,
01/01/2000,01:20:50.93,20.13,-60.02,-992.59,297.50,-621.25,-341.25,1,94.238,
01/01/2000,01:20:50.94,20.13,-60.02,-992.59,175.0,-761.25,-376.25,1,94.239,
01/01/2000,01:20:50.95,20.01,-60.15,-992.71,131.25,-778.75,-341.25,1,94.239,
01/01/2000,01:20:50.96,20.13,-60.15,-992.71,8.75,-770.0,-297.50,1,94.240,
01/01/2000,01:20:50.97,20.01,-60.27,-992.84,183.75,-717.50,-341.25,1,94.241,
01/01/2000,01:20:50.98,20.01,-59.90,-992.59,210.0,-595.0,-306.25,1,94.241,
01/01/2000,01:20:50.99,20.01,-59.78,-992.59,113.75,-682.50,-323.75,1,94.242,
01/01/2000,01:20:51.00,20.01,-59.90,-992.47,122.50,-796.25,-376.25,1,94.243,
01/01/2000,01:20:51.01,20.01,-60.02,-992.47,157.50,-752.50,-358.75,1,94.244,
01/01/2000,01:20:51.02,20.01,-59.90,-992.59,113.75,-717.50,-288.75,1,94.244,
01/01/2000,01:20:51.03,19.89,-59.90,-992.59,262.50,-682.50,-402.50,1,94.245,
01/01/2000,01:20:51.04,20.01,-59.78,-992.59,105.0,-665.0,-393.75,1,94.234,
01/01/2000,01:20:51.05,20.13,-59.66,-992.59,175.0,-682.50,-306.25,1,94.235,
01/01/2000,01:20:51.06,20.13,-59.90,-992.59,113.75,-708.75,-332.50,1,94.235,
01/01/2000,01:20:51.08,20.25,-60.02,-992.47,306.25,-656.25,-402.50,1,94.236,
01/01/2000,01:20:51.08,20.13,-60.27,-992.35,350.0,-735.0,-385.0,1,94.237,
01/01/2000,01:20:51.10,20.01,-59.90,-992.59,166.25,-770.0,-358.75,1,94.238,
01/01/2000,01:20:51.11,20.01,-59.90,-992.59,183.75,-735.0,-297.50,1,94.238,
01/01/2000,01:20:51.12,20.25,-59.78,-992.71,288.75,-726.25,-227.50,1,94.239,
01/01/2000,01:20:51.13,20.25,-59.90,-992.84,271.25,-542.50,-385.0,1,94.240,
01/01/2000,01:20:51.14,20.25,-59.90,-992.59,113.75,-673.75,-385.0,1,94.240,
01/01/2000,01:20:51.15,20.25,-59.90,-992.47,87.50,-621.25,-393.75,1,94.241,
01/01/2000,01:20:51.16,20.50,-59.90,-992.47,175.0,-726.25,-297.50,1,94.242,
01/01/2000,01:20:51.17,20.50,-59.90,-992.59,201.25,-691.25,-288.75,1,94.243,
01/01/2000,01:20:51.18,20.50,-60.02,-992.59,122.50,-682.50,-376.25,1,94.231,
01/01/2000,01:20:51.19,20.50,-60.02,-992.71,175.0,-647.50,-341.25,1,94.232,
01/01/2000,01:20:51.20,20.50,-60.15,-992.59,201.25,-682.50,-271.25,1,94.233,
01/01/2000,01:20:51.21,20.37,-60.15,-992.59,210.0,-691.25,-271.25,1,94.234,
01/01/2000,01:20:51.22,20.50,-60.02,-992.59,78.75,-630.0,-350.0,1,94.234,
01/01/2000,01:20:51.23,20.25,-60.15,-992.59,315.0,-673.75,-367.50,1,94.235,
01/01/2000,01:20:51.24,20.25,-60.02,-992.59,166.25,-691.25,-280.0,1,94.236,
01/01/2000,01:20:51.26,20.13,-60.39,-992.35,140.0,-717.50,-280.0,1,94.237,
01/01/2000,01:20:51.27,20.01,-60.27,-992.35,210.0,-638.75,-393.75,1,94.237,
01/01/2000,01:20:51.28,20.25,-60.02,-992.35,218.75,-787.50,-271.25,1,94.238,
01/01/2000,01:20:51.29,20.13,-60.02,-992.23,140.0,-778.75,-323.75,1,94.239,
01/01/2000,01:20:51.30,20.13,-60.15,-992.47,175.0,-735.0,-350.0,1,94.239,
01/01/2000,01:20:51.31,20.25,-60.02,-992.47,271.25,-726.25,-376.25,1,94.228,
01/01/2000,01:20:51.32,20.25,-59.90,-992.47,140.0,-717.50,-341.25,1,94.229,
01/01/2000,01:20:51.33,20.25,-60.02,-992.35,113.75,-796.25,-358.75,1,94.230,
01/01/2000,01:20:51.34,20.25,-59.90,-992.35,140.0,-717.50,-315.0,1,94.231,
01/01/2000,01:20:51.35,20.25,-60.02,-992.23,253.75,-735.0,-393.75,1,94.231,
01/01/2000,01:20:51.36,20.25,-60.02,-992.35,113.75,-621.25,-341.25,1,94.232,
01/01/2000,01:20:51.37,20.25,-60.02,-992.35,236.25,-682.50,-341.25,1,94.233,
01/01/2000,01:20:51.38,20.25,-60.02,-992.23,131.25,-673.75,-402.50,1,94.233,
01/01/2000,01:20:51.40,20.25,-60.02,-992.10,262.50,-708.75,-341.25,1,94.234,
01/01/2000,01:20:51.41,20.37,-59.90,-992.10,122.50,-708.75,-271.25,1,94.235,
01/01/2000,01:20:51.42,20.25,-59.90,-992.10,105.0,-630.0,-367.50,1,94.236,
01/01/2000,01:20:51.43,20.25,-60.02,-992.10,227.50,-813.75,-280.0,1,94.236,
01/01/2000,01:20:51.44,20.25,-60.02,-992.10,201.25,-691.25,-358.75,1,94.237,
01/01/2000,01:20:51.45,20.25,-60.02,-992.10,113.75,-726.25,-218.75,1,94.238,
01/01/2000,01:20:51.46,20.37,-60.02,-992.23,148.75,-761.25,-428.75,1,94.238,
01/01/2000,01:20:51.47,20.37,-60.02,-992.23,52.50,-665.0,-306.25,1,94.239,
01/01/2000,01:20:51.48,20.37,-60.02,-992.10,201.25,-778.75,-323.75,1,94.240,
01/01/2000,01:20:51.49,20.37,-59.90,-991.98,148.75,-735.0,-367.50,1,94.241,
01/01/2000,01:20:51.50,20.50,-59.90,-991.86,201.25,-700.0,-350.0,1,94.241,
01/01/2000,01:20:51.51,20.50,-60.02,-991.86,192.50,-717.50,-350.0,1,94.242,
01/01/2000,01:20:51.52,20.37,-60.15,-991.98,175.0,-612.50,-385.0,1,94.243,
01/01/2000,01:20:51.53,20.25,-60.15,-992.10,236.25,-726.25,-280.0,1,94.244,
01/01/2000,01:20:51.54,20.50,-59.78,-992.23,78.75,-673.75,-297.50,1,94.244,
01/01/2000,01:20:51.55,20.37,-59.78,-992.10,210.0,-603.75,-323.75,1,94.245,
01/01/2000,01:20:51.56,20.50,-59.90,-991.98,227.50,-743.75,-315.0,1,94.246,
01/01/2000,01:20:51.57,20.50,-60.15,-991.86,52.50,-560.0,-411.25,1,94.246,
01/01/2000,01:20:51.58,20.62,-60.27,-991.86,201.25,-665.0,-411.25,1,94.247,
01/01/2000,01:20:51.59,20.50,-60.02,-991.98,175.0,-708.75,-271.25,1,94.248,
01/01/2000,01:20:51.61,20.62,-59.90,-991.98,157.50,-647.50,-271.25,1,94.237,
01/01/2000,01:20:51.62,20.62,-60.02,-992.10,140.0,-700.0,-262.50,1,94.238,
01/01/2000,01:20:51.63,20.37,-60.27,-992.10,175.0,-673.75,-376.25,1,94.238,
01/01/2000,01:20:51.64,20.37,-60.27,-992.35,148.75,-656.25,-376.25,1,94.239,
01/01/2000,01:20:51.65,20.37,-60.27,-992.23,87.50,-682.50,-463.75,1,94.240,
01/01/2000,01:20:51.66,20.25,-60.15,-992.10,131.25,-735.0,-323.75,1,94.240,
01/01/2000,01:20:51.67,20.25,-60.02,-991.86,210.0,-708.75,-306.25,1,94.241,
01/01/2000,01:20:51.68,20.25,-60.02,-991.98,70.0,-621.25,-227.50,1,94.242,
01/01/2000,01:20:51.69,20.25,-60.15,-992.23,70.0,-717.50,-385.0,1,94.243,
01/01/2000,01:20:51.70,20.25,-60.15,-992.23,271.25,-612.50,-393.75,1,94.243,
01/01/2000,01:20:51.71,20.25,-60.02,-992.23,192.50,-726.25,-420.0,1,94.244,
01/01/2000,01:20:51.72,20.50,-60.02,-991.98,253.75,-708.75,-227.50,1,94.245,
01/01/2000,01:20:51.73,20.25,-59.78,-991.86,8.75,-813.75,-367.50,1,94.245,
01/01/2000,01:20:51.74,20.01,-60.02,-992.10,148.75,-568.75,-306.25,1,94.246,
01/01/2000,01:20:51.75,20.25,-59.90,-992.23,192.50,-603.75,-341.25,1,94.235,
01/01/2000,01:20:51.76,20.37,-60.02,-992.10,192.50,-708.75,-297.50,1,94.236,
01/01/2000,01:20:51.77,20.50,-60.02,-991.86,122.50,-726.25,-262.50,1,94.237,
01/01/2000,01:20:51.78,20.25,-60.02,-991.74,157.50,-752.50,-218.75,1,94.237,
01/01/2000,01:20:51.79,20.25,-60.15,-991.74,26.25,-621.25,-323.75,1,94.238,
01/01/2000,01:20:51.80,20.25,-59.90,-991.86,70.0,-726.25,-385.0,1,94.239,
01/01/2000,01:20:51.82,20.37,-59.90,-991.74,175.0,-717.50,-227.50,1,94.228,
01/01/2000,01:20:51.83,20.25,-59.90,-991.49,52.50,-840.0,-253.75,1,94.228,
01/01/2000,01:20:51.84,20.13,-60.02,-991.62,166.25,-726.25,-315.0,1,94.229,
01/01/2000,01:20:51.85,20.13,-59.78,-991.74,140.0,-735.0,-358.75,1,94.230,
01/01/2000,01:20:51.86,20.13,-59.78,-991.98,113.75,-586.25,-262.50,1,94.231,
01/01/2000,01:20:51.87,20.37,-59.78,-992.10,140.0,-700.0,-306.25,1,94.231,
01/01/2000,01:20:51.88,20.37,-59.78,-991.98,166.25,-656.25,-341.25,1,94.232,
01/01/2000,01:20:51.90,20.37,-59.90,-991.98,192.50,-647.50,-297.50,1,94.233,
01/01/2000,01:20:51.90,20.37,-59.90,-991.98,192.50,-700.0,-385.0,1,94.233,
01/01/2000,01:20:51.92,20.25,-60.02,-991.86,157.50,-691.25,-437.50,1,94.234,
01/01/2000,01:20:51.93,20.25,-59.90,-991.74,218.75,-691.25,-306.25,1,94.235,
01/01/2000,01:20:51.94,20.13,-59.90,-991.62,105.0,-673.75,-306.25,1,94.236,
01/01/2000,01:20:51.95,20.01,-59.90,-991.86,87.50,-630.0,-367.50,1,94.236,
01/01/2000,01:20:51.96,20.13,-60.02,-992.10,122.50,-595.0,-253.75,1,94.237,
01/01/2000,01:20:51.97,20.25,-60.02,-992.35,166.25,-717.50,-402.50,1,94.238,
01/01/2000,01:20:51.98,20.25,-59.78,-992.23,166.25,-665.0,-236.25,1,94.238,
01/01/2000,01:20:51.99,20.13,-59.90,-992.10,236.25,-700.0,-332.50,1,94.239,
01/01/2000,01:20:52.00,20.13,-60.02,-991.98,227.50,-691.25,-262.50,1,94.240,
01/01/2000,01:20:52.01,20.13,-59.90,-992.10,175.0,-708.75,-446.25,1,94.241,
01/01/2000,01:20:52.02,20.25,-60.02,-992.35,166.25,-708.75,-376.25,1,94.241,
01/01/2000,01:20:52.03,20.25,-59.78,-992.35,78.75,-700.0,-332.50,1,94.242,
01/01/2000,01:20:52.04,20.25,-59.78,-991.98,96.25,-630.0,-376.25,1,94.243,
01/01/2000,01:20:52.05,20.25,-59.78,-991.74,227.50,-735.0,-297.50,1,94.243,
01/01/2000,01:20:52.06,20.25,-59.66,-991.86,140.0,-673.75,-402.50,1,94.244,
01/01/2000,01:20:52.07,20.25,-59.78,-991.98,245.0,-708.75,-455.0,1,94.245,
01/01/2000,01:20:52.08,20.37,-59.78,-992.10,70.0,-717.50,-393.75,1,94.246,
01/01/2000,01:20:52.09,20.25,-59.90,-991.98,280.0,-717.50,-402.50,1,94.246,
01/01/2000,01:20:52.10,20.13,-59.78,-991.86,113.75,-691.25,-411.25,1,94.235,
01/01/2000,01:20:52.11,20.13,-59.78,-991.86,96.25,-743.75,-218.75,1,94.236,
01/01/2000,01:20:52.12,20.25,-59.78,-991.86,280.0,-770.0,-393.75,1,94.237,
01/01/2000,01:20:52.13,20.25,-59.78,-992.23,175.0,-726.25,-218.75,1,94.237,
01/01/2000,01:20:52.14,20.25,-59.66,-992.10,113.75,-595.0,-262.50,1,94.238,
01/01/2000,01:20:52.15,20.13,-60.02,-991.86,245.0,-726.25,-376.25,1,94.239,
01/01/2000,01:20:52.17,20.13,-60.02,-991.86,87.50,-595.0,-288.75,1,94.240,
01/01/2000,01:20:52.18,20.01,-60.02,-991.86,122.50,-700.0,-350.0,1,94.240,
01/01/2000,01:20:52.19,20.01,-60.02,-991.86,236.25,-787.50,-280.0,1,94.241,
01/01/2000,01:20:52.20,19.89,-59.90,-991.86,192.50,-778.75,-341.25,1,94.242,
01/01/2000,01:20:52.21,19.76,-59.90,-991.86,113.75,-665.0,-428.75,1,94.242,
01/01/2000,01:20:52.22,19.76,-59.78,-991.62,87.50,-700.0,-367.50,1,94.243,
01/01/2000,01:20:52.23,19.89,-59.78,-991.62,52.50,-708.75,-323.75,1,94.244,
01/01/2000,01:20:52.24,19.89,-60.02,-991.74,280.0,-735.0,-315.0,1,94.245,
01/01/2000,01:20:52.25,19.76,-60.02,-991.98,157.50,-726.25,-358.75,1,94.245,
01/01/2000,01:20:52.26,19.89,-59.90,-991.98,70.0,-708.75,-402.50,1,94.246,
01/01/2000,01:20:52.27,20.01,-59.66,-991.98,183.75,-551.25,-245.0,1,94.247,
01/01/2000,01:20:52.28,20.01,-59.78,-991.86,192.50,-621.25,-253.75,1,94.247,
01/01/2000,01:20:52.29,20.01,-60.15,-991.74,227.50,-656.25,-428.75,1,94.248,
01/01/2000,01:20:52.30,19.89,-60.27,-991.86,192.50,-603.75,-131.25,1,94.249,
01/01/2000,01:20:52.31,19.89,-60.02,-992.10,61.25,-770.0,-332.50,1,94.238,
01/01/2000,01:20:52.32,19.76,-59.78,-992.10,148.75,-761.25,-393.75,1,94.239,
01/01/2000,01:20:52.34,20.01,-59.90,-991.86,113.75,-691.25,-332.50,1,94.239,
01/01/2000,01:20:52.35,20.01,-60.02,-992.10,183.75,-673.75,-323.75,1,94.240,
01/01/2000,01:20:52.36,20.13,-60.39,-992.23,201.25,-700.0,-428.75,1,94.241,
01/01/2000,01:20:52.37,20.25,-60.27,-992.35,166.25,-708.75,-367.50,1,94.241,
01/01/2000,01:20:52.38,20.25,-60.02,-992.10,113.75,-612.50,-288.75,1,94.231,
01/01/2000,01:20:52.39,20.25,-59.78,-991.86,245.0,-752.50,-341.25,1,94.231,
01/01/2000,01:20:52.40,20.13,-59.78,-991.86,113.75,-656.25,-236.25,1,94.232,
01/01/2000,01:20:52.41,20.25,-59.90,-992.10,166.25,-752.50,-358.75,1,94.233,
01/01/2000,01:20:52.42,20.25,-60.02,-992.23,70.0,-621.25,-210.0,1,94.233,
01/01/2000,01:20:52.43,20.25,-60.02,-991.98,236.25,-647.50,-315.0,1,94.234,
01/01/2000,01:20:52.44,20.13,-60.02,-992.10,201.25,-647.50,-350.0,1,94.235,
01/01/2000,01:20:52.45,20.13,-59.90,-991.98,61.25,-752.50,-332.50,1,94.236,
01/01/2000,01:20:52.46,20.25,-59.78,-992.10,122.50,-630.0,-437.50,1,94.236,
01/01/2000,01:20:52.47,20.25,-59.78,-991.98,61.25,-691.25,-262.50,1,94.237,
01/01/2000,01:20:52.48,20.25,-59.78,-991.74,157.50,-787.50,-350.0,1,94.238,
01/01/2000,01:20:52.49,20.25,-59.90,-991.62,122.50,-717.50,-288.75,1,94.238,
01/01/2000,01:20:52.50,20.25,-60.02,-991.62,131.25,-638.75,-393.75,1,94.239,
01/01/2000,01:20:52.51,20.50,-59.78,-991.86,122.50,-778.75,-358.75,1,94.240,
01/01/2000,01:20:52.53,20.37,-60.02,-991.98,43.75,-595.0,-367.50,1,94.241,
01/01/2000,01:20:52.54,20.25,-60.02,-991.86,78.75,-691.25,-367.50,1,94.241,
01/01/2000,01:20:52.55,20.25,-60.02,-991.74,26.25,-717.50,-332.50,1,94.242,
01/01/2000,01:20:52.56,20.25,-60.02,-991.62,157.50,-717.50,-271.25,1,94.243,
01/01/2000,01:20:52.57,20.25,-60.15,-991.86,183.75,-717.50,-297.50,1,94.243,
01/01/2000,01:20:52.58,20.25,-60.02,-991.98,148.75,-682.50,-402.50,1,94.244,
01/01/2000,01:20:52.59,20.37,-59.90,-991.98,148.75,-691.25,-288.75,1,94.233,
01/01/2000,01:20:52.60,20.37,-59.90,-991.86,87.50,-735.0,-350.0,1,94.234,
01/01/2000,01:20:52.61,20.25,-60.02,-991.62,131.25,-630.0,-315.0,1,94.235,
01/01/2000,01:20:52.62,20.13,-60.02,-991.74,201.25,-735.0,-358.75,1,94.235,
01/01/2000,01:20:52.63,20.25,-60.02,-991.86,140.0,-752.50,-306.25,1,94.236,
01/01/2000,01:20:52.64,20.25,-59.78,-991.98,253.75,-770.0,-358.75,1,94.237,
01/01/2000,01:20:52.65,20.01,-59.78,-991.86,192.50,-595.0,-306.25,1,94.237,
01/01/2000,01:20:52.67,20.13,-59.78,-991.86,192.50,-752.50,-358.75,1,94.238,
01/01/2000,01:20:52.68,20.13,-59.90,-991.86,105.0,-647.50,-341.25,1,94.239,
01/01/2000,01:20:52.69,20.25,-60.02,-992.10,201.25,-673.75,-341.25,1,94.240,
01/01/2000,01:20:52.70,20.37,-60.02,-992.10,253.75,-813.75,-385.0,1,94.240,
01/01/2000,01:20:52.71,20.25,-59.90,-992.10,140.0,-735.0,-288.75,1,94.241,
01/01/2000,01:20:52.72,20.25,-59.90,-992.10,192.50,-813.75,-376.25,1,94.242,
01/01/2000,01:20:52.73,20.37,-59.78,-992.23,245.0,-682.50,-332.50,1,94.242,
01/01/2000,01:20:52.74,20.25,-60.02,-991.98,78.75,-761.25,-358.75,1,94.243,
01/01/2000,01:20:52.75,20.25,-60.27,-992.10,210.0,-560.0,-367.50,1,94.244,
01/01/2000,01:20:52.76,20.25,-60.15,-991.98,96.25,-595.0,-446.25,1,94.245,
01/01/2000,01:20:52.77,20.25,-60.02,-991.98,70.0,-691.25,-367.50,1,94.245,
01/01/2000,01:20:52.78,20.25,-59.90,-992.10,183.75,-673.75,-201.25,1,94.246,
01/01/2000,01:20:52.79,20.50,-59.90,-992.10,183.75,-656.25,-332.50,1,94.247,
01/01/2000,01:20:52.80,20.37,-59.78,-991.86,166.25,-717.50,-367.50,1,94.236,
01/01/2000,01:20:52.81,20.37,-59.90,-991.62,262.50,-673.75,-376.25,1,94.236,
01/01/2000,01:20:52.82,20.50,-59.90,-991.62,306.25,-743.75,-332.50,1,94.237,
01/01/2000,01:20:52.83,20.25,-59.78,-991.86,262.50,-778.75,-297.50,1,94.238,
01/01/2000,01:20:52.85,20.25,-59.78,-991.98,166.25,-560.0,-271.25,1,94.239,
01/01/2000,01:20:52.86,20.25,-59.66,-991.98,201.25,-752.50,-280.0,1,94.239,
01/01/2000,01:20:52.87,20.37,-59.78,-991.86,192.50,-647.50,-402.50,1,94.240,
01/01/2000,01:20:52.88,20.37,-59.90,-991.86,122.50,-726.25,-358.75,1,94.229,
01/01/2000,01:20:52.89,20.37,-60.02,-991.74,70.0,-761.25,-332.50,1,94.230,
01/01/2000,01:20:52.90,20.25,-60.02,-991.74,201.25,-630.0,-358.75,1,94.231,
01/01/2000,01:20:52.91,20.13,-60.02,-991.86,227.50,-630.0,-350.0,1,94.231,
01/01/2000,01:20:52.92,20.25,-60.02,-991.98,96.25,-752.50,-376.25,1,94.232,
01/01/2000,01:20:52.93,20.50,-60.02,-992.10,26.25,-656.25,-288.75,1,94.233,
01/01/2000,01:20:52.94,20.50,-59.90,-992.23,78.75,-708.75,-297.50,1,94.233,
01/01/2000,01:20:52.95,20.50,-59.90,-991.86,175.0,-673.75,-297.50,1,94.234,
01/01/2000,01:20:52.96,20.50,-59.78,-991.86,113.75,-682.50,-297.50,1,94.235,
01/01/2000,01:20:52.97,20.37,-59.90,-991.98,166.25,-656.25,-358.75,1,94.235,
01/01/2000,01:20:52.98,20.37,-59.90,-992.10,105.0,-656.25,-385.0,1,94.236,
01/01/2000,01:20:52.99,20.37,-59.90,-992.23,105.0,-682.50,-297.50,1,94.237,
01/01/2000,01:20:53.00,20.25,-60.02,-992.23,78.75,-603.75,-341.25,1,94.238,
01/01/2000,01:20:53.02,20.25,-60.27,-992.23,148.75,-700.0,-288.75,1,94.238,
01/01/2000,01:20:53.03,20.25,-60.15,-992.10,96.25,-490.0,-341.25,1,94.239,
01/01/2000,01:20:53.04,20.25,-60.02,-992.10,218.75,-726.25,-341.25,1,94.240,
01/01/2000,01:20:53.05,20.25,-59.90,-992.10,140.0,-568.75,-350.0,1,94.240,
01/01/2000,01:20:53.06,20.25,-59.90,-992.10,253.75,-560.0,-236.25,1,94.241,
01/01/2000,01:20:53.07,20.13,-59.90,-992.23,157.50,-595.0,-376.25,1,94.242,
01/01/2000,01:20:53.08,20.25,-60.02,-992.35,201.25,-638.75,-455.0,1,94.243,
01/01/2000,01:20:53.09,20.37,-60.02,-992.35,183.75,-665.0,-350.0,1,94.243,
01/01/2000,01:20:53.10,20.37,-60.02,-992.35,175.0,-708.75,-341.25,1,94.244,
01/01/2000,01:20:53.11,20.25,-60.02,-992.23,113.75,-770.0,-280.0,1,94.245,
01/01/2000,01:20:53.12,20.25,-60.02,-992.10,245.0,-682.50,-341.25,1,94.245,
01/01/2000,01:20:53.13,20.25,-59.90,-992.35,175.0,-726.25,-297.50,1,94.246,
01/01/2000,01:20:53.14,20.37,-60.02,-992.23,96.25,-822.50,-402.50,1,94.247,
01/01/2000,01:20:53.15,20.25,-60.02,-992.10,78.75,-752.50,-288.75,1,94.236,
01/01/2000,01:20:53.16,20.25,-60.15,-992.10,288.75,-735.0,-385.0,1,94.237,
01/01/2000,01:20:53.17,20.37,-60.02,-992.10,201.25,-805.0,-437.50,1,94.237,
01/01/2000,01:20:53.18,20.50,-60.02,-992.23,210.0,-717.50,-385.0,1,94.238,
01/01/2000,01:20:53.19,20.50,-60.02,-992.23,140.0,-717.50,-367.50,1,94.239,
01/01/2000,01:20:53.20,20.37,-59.78,-992.10,131.25,-673.75,-367.50,1,94.239,
01/01/2000,01:20:53.21,20.25,-59.90,-992.10,113.75,-822.50,-245.0,1,94.240,
01/01/2000,01:20:53.23,20.13,-59.78,-992.23,157.50,-638.75,-323.75,1,94.241,
01/01/2000,01:20:53.24,20.37,-59.90,-992.35,175.0,-708.75,-297.50,1,94.242,
01/01/2000,01:20:53.25,20.37,-60.02,-992.35,175.0,-752.50,-236.25,1,94.242,
01/01/2000,01:20:53.26,20.25,-59.78,-992.23,210.0,-682.50,-332.50,1,94.243,
01/01/2000,01:20:53.27,20.25,-59.90,-992.23,236.25,-612.50,-332.50,1,94.244,
01/01/2000,01:20:53.28,20.37,-59.78,-992.23,262.50,-796.25,-385.0,1,94.244,
01/01/2000,01:20:53.29,20.25,-59.78,-992.10,148.75,-673.75,-297.50,1,94.245,
01/01/2000,01:20:53.30,20.25,-60.02,-992.10,245.0,-822.50,-332.50,1,94.234,
01/01/2000,01:20:53.31,20.25,-60.02,-992.10,157.50,-630.0,-332.50,1,94.247,
01/01/2000,01:20:53.32,20.25,-60.02,-992.10,183.75,-656.25,-358.75,1,94.236,
01/01/2000,01:20:53.33,20.25,-59.90,-992.10,43.75,-735.0,-253.75,1,94.236,
01/01/2000,01:20:53.34,20.25,-59.90,-992.10,113.75,-621.25,-245.0,1,94.237,
01/01/2000,01:20:53.36,20.25,-59.78,-991.62,192.50,-717.50,-341.25,1,94.238,
01/01/2000,01:20:53.37,20.25,-59.78,-991.62,87.50,-700.0,-271.25,1,94.227,
01/01/2000,01:20:53.38,20.25,-59.78,-991.62,227.50,-673.75,-210.0,1,94.228,
01/01/2000,01:20:53.39,20.13,-59.78,-991.86,140.0,-708.75,-341.25,1,94.228,
01/01/2000,01:20:53.40,20.25,-59.90,-991.86,245.0,-673.75,-297.50,1,94.229,
01/01/2000,01:20:53.41,20.25,-60.02,-991.86,236.25,-700.0,-455.0,1,94.230,
01/01/2000,01:20:53.42,20.25,-60.02,-991.74,271.25,-752.50,-385.0,1,94.231,
01/01/2000,01:20:53.43,20.25,-60.02,-991.74,140.0,-726.25,-358.75,1,94.231,
01/01/2000,01:20:53.44,20.37,-60.02,-991.62,131.25,-691.25,-393.75,1,94.232,
01/01/2000,01:20:53.45,20.37,-60.02,-991.62,26.25,-752.50,-393.75,1,94.233,
01/01/2000,01:20:53.46,20.25,-59.90,-991.86,70.0,-743.75,-367.50,1,94.233,
01/01/2000,01:20:53.47,20.37,-59.90,-991.98,140.0,-770.0,-262.50,1,94.234,
01/01/2000,01:20:53.48,20.37,-60.02,-991.86,227.50,-647.50,-341.25,1,94.235,
01/01/2000,01:20:53.49,20.25,-60.02,-991.98,140.0,-673.75,-358.75,1,94.235,
01/01/2000,01:20:53.50,20.13,-60.02,-991.98,218.75,-682.50,-367.50,1,94.236,
01/01/2000,01:20:53.52,20.13,-60.02,-991.86,157.50,-805.0,-367.50,1,94.237,
01/01/2000,01:20:53.53,20.01,-60.02,-991.86,183.75,-700.0,-341.25,1,94.238,
01/01/2000,01:20:53.54,19.89,-60.02,-991.86,253.75,-743.75,-350.0,1,94.238,
01/01/2000,01:20:53.55,20.13,-60.02,-991.98,70.0,-708.75,-367.50,1,94.239,
01/01/2000,01:20:53.56,20.13,-60.02,-991.86,87.50,-708.75,-280.0,1,94.240,
01/01/2000,01:20:53.57,20.13,-60.02,-991.86,210.0,-735.0,-446.25,1,94.240,
01/01/2000,01:20:53.58,20.13,-60.02,-991.86,148.75,-770.0,-350.0,1,94.230,
01/01/2000,01:20:53.59,20.25,-59.90,-991.86,78.75,-665.0,-323.75,1,94.230,
01/01/2000,01:20:53.60,20.25,-59.90,-991.86,131.25,-700.0,-446.25,1,94.231,
01/01/2000,01:20:53.61,20.25,-59.90,-991.86,148.75,-700.0,-323.75,1,94.232,
01/01/2000,01:20:53.62,20.25,-59.90,-991.86,157.50,-726.25,-385.0,1,94.232,
01/01/2000,01:20:53.63,20.37,-59.78,-991.86,358.75,-691.25,-297.50,1,94.233,
01/01/2000,01:20:53.64,20.37,-59.78,-991.86,131.25,-595.0,-253.75,1,94.234,
01/01/2000,01:20:53.66,20.50,-59.78,-992.10,105.0,-682.50,-218.75,1,94.235,
01/01/2000,01:20:53.67,20.50,-59.90,-992.10,96.25,-752.50,-350.0,1,94.235,
01/01/2000,01:20:53.68,20.50,-59.78,-991.98,253.75,-761.25,-420.0,1,94.236,
01/01/2000,01:20:53.69,20.50,-59.90,-991.86,192.50,-612.50,-350.0,1,94.237,
01/01/2000,01:20:53.70,20.50,-59.90,-991.86,122.50,-638.75,-358.75,1,94.237,
01/01/2000,01:20:53.71,20.50,-60.02,-991.86,218.75,-638.75,-358.75,1,94.238,
01/01/2000,01:20:53.72,20.50,-60.02,-991.86,78.75,-673.75,-367.50,1,94.239,
01/01/2000,01:20:53.73,20.62,-60.15,-991.98,183.75,-682.50,-358.75,1,94.239,
01/01/2000,01:20:53.74,20.62,-60.02,-991.98,131.25,-691.25,-306.25,1,94.240,
01/01/2000,01:20:53.75,20.62,-60.15,-991.98,297.50,-726.25,-350.0,1,94.241,
01/01/2000,01:20:53.76,20.50,-60.02,-992.10,148.75,-735.0,-297.50,1,94.242,
01/01/2000,01:20:53.77,20.50,-60.02,-992.23,201.25,-682.50,-332.50,1,94.242,
01/01/2000,01:20:53.78,20.50,-60.02,-992.35,201.25,-638.75,-271.25,1,94.243,
01/01/2000,01:20:53.79,20.50,-60.15,-992.10,122.50,-796.25,-376.25,1,94.232,
01/01/2000,01:20:53.80,20.50,-60.02,-991.86,131.25,-691.25,-323.75,1,94.233,
01/01/2000,01:20:53.81,20.37,-60.02,-991.86,245.0,-656.25,-245.0,1,94.234,
01/01/2000,01:20:53.83,20.50,-59.90,-991.86,201.25,-673.75,-393.75,1,94.234,
01/01/2000,01:20:53.83,20.37,-59.78,-992.10,210.0,-735.0,-297.50,1,94.235,
01/01/2000,01:20:53.85,20.37,-59.90,-992.10,175.0,-743.75,-236.25,1,94.236,
01/01/2000,01:20:53.86,20.25,-60.02,-991.98,166.25,-726.25,-332.50,1,94.236,
01/01/2000,01:20:53.87,20.37,-60.02,-991.86,218.75,-673.75,-455.0,1,94.226,
01/01/2000,01:20:53.88,20.62,-59.78,-992.10,157.50,-726.25,-297.50,1,94.226,
01/01/2000,01:20:53.89,20.50,-59.78,-992.23,192.50,-761.25,-323.75,1,94.227,
01/01/2000,01:20:53.90,20.25,-59.90,-992.23,148.75,-682.50,-385.0,1,94.228,
01/01/2000,01:20:53.92,20.13,-60.02,-991.98,210.0,-586.25,-350.0,1,94.228,
01/01/2000,01:20:53.92,20.25,-60.15,-991.86,297.50,-682.50,-280.0,1,94.229,
01/01/2000,01:20:53.94,20.37,-60.02,-992.10,183.75,-700.0,-297.50,1,94.230,
01/01/2000,01:20:53.95,20.37,-60.02,-992.10,113.75,-700.0,-297.50,1,94.231,
01/01/2000,01:20:53.96,20.25,-60.27,-991.86,245.0,-848.75,-350.0,1,94.231,
01/01/2000,01:20:53.97,20.01,-60.02,-991.74,61.25,-647.50,-341.25,1,94.232,
01/01/2000,01:20:53.98,20.25,-60.02,-991.74,175.0,-682.50,-420.0,1,94.233,
01/01/2000,01:20:53.99,20.50,-59.78,-991.86,175.0,-708.75,-306.25,1,94.233,
01/01/2000,01:20:54.00,20.50,-60.15,-991.98,166.25,-638.75,-323.75,1,94.234,
01/01/2000,01:20:54.01,20.25,-60.27,-991.98,131.25,-665.0,-236.25,1,94.235,
01/01/2000,01:20:54.02,20.13,-60.27,-991.86,87.50,-665.0,-463.75,1,94.235,
01/01/2000,01:20:54.03,20.25,-60.15,-991.86,192.50,-630.0,-332.50,1,94.236,
01/01/2000,01:20:54.04,20.50,-59.78,-991.98,26.25,-586.25,-315.0,1,94.237,
01/01/2000,01:20:54.05,20.62,-59.66,-991.86,105.0,-726.25,-253.75,1,94.238,
01/01/2000,01:20:54.06,20.37,-59.78,-991.86,140.0,-717.50,-367.50,1,94.238,
01/01/2000,01:20:54.07,20.13,-60.02,-991.86,148.75,-770.0,-376.25,1,94.239,
01/01/2000,01:20:54.08,20.25,-60.15,-991.86,-8.75,-595.0,-271.25,1,94.228,
01/01/2000,01:20:54.09,20.50,-59.78,-991.98,183.75,-770.0,-236.25,1,94.229,
01/01/2000,01:20:54.10,20.37,-59.90,-991.98,148.75,-770.0,-280.0,1,94.230,
01/01/2000,01:20:54.11,20.13,-60.02,-991.86,87.50,-778.75,-315.0,1,94.230,
01/01/2000,01:20:54.12,20.01,-60.02,-991.74,131.25,-691.25,-306.25,1,94.231,
01/01/2000,01:20:54.13,20.13,-60.02,-991.98,227.50,-717.50,-315.0,1,94.232,
01/01/2000,01:20:54.14,20.50,-60.02,-992.10,183.75,-638.75,-323.75,1,94.232,
01/01/2000,01:20:54.16,20.50,-60.02,-992.10,227.50,-656.25,-428.75,1,94.233,
01/01/2000,01:20:54.17,20.25,-60.02,-991.98,166.25,-735.0,-297.50,1,94.234,
01/01/2000,01:20:54.18,20.25,-60.27,-991.86,236.25,-656.25,-323.75,1,94.234,
01/01/2000,01:20:54.19,20.25,-60.15,-991.86,148.75,-621.25,-341.25,1,94.235,
01/01/2000,01:20:54.20,20.50,-59.78,-991.86,297.50,-665.0,-245.0,1,94.236,
01/01/2000,01:20:54.21,20.50,-59.78,-991.74,253.75,-700.0,-210.0,1,94.237,
01/01/2000,01:20:54.22,20.13,-60.02,-991.74,122.50,-743.75,-358.75,1,94.237,
01/01/2000,01:20:54.23,20.13,-60.15,-991.86,183.75,-761.25,-358.75,1,94.238,
01/01/2000,01:20:54.24,20.25,-60.02,-991.86,157.50,-665.0,-341.25,1,94.239,
01/01/2000,01:20:54.25,20.50,-59.90,-991.86,122.50,-691.25,-332.50,1,94.239,
01/01/2000,01:20:54.26,20.13,-59.90,-991.49,245.0,-638.75,-315.0,1,94.240,
01/01/2000,01:20:54.27,20.01,-59.90,-991.62,61.25,-735.0,-341.25,1,94.241,
01/01/2000,01:20:54.28,20.01,-60.02,-991.74,218.75,-752.50,-245.0,1,94.241,
01/01/2000,01:20:54.29,20.25,-60.02,-991.86,122.50,-717.50,-341.25,1,94.231,
01/01/2000,01:20:54.30,20.37,-59.90,-991.86,96.25,-656.25,-245.0,1,94.231,
01/01/2000,01:20:54.31,20.37,-59.90,-991.62,175.0,-638.75,-350.0,1,94.232,
01/01/2000,01:20:54.32,20.37,-60.02,-991.62,122.50,-630.0,-367.50,1,94.233,
01/01/2000,01:20:54.33,20.37,-60.02,-991.74,201.25,-647.50,-367.50,1,94.234,
01/01/2000,01:20:54.35,20.37,-60.02,-991.86,131.25,-743.75,-367.50,1,94.234,
01/01/2000,01:20:54.36,20.50,-60.02,-992.10,-17.50,-700.0,-376.25,1,94.235,
01/01/2000,01:20:54.37,20.37,-60.27,-991.86,87.50,-761.25,-262.50,1,94.236,
01/01/2000,01:20:54.38,20.25,-60.39,-991.62,148.75,-682.50,-376.25,1,94.225,
01/01/2000,01:20:54.39,20.25,-60.39,-991.74,218.75,-700.0,-288.75,1,94.226,
01/01/2000,01:20:54.40,20.37,-60.51,-991.86,253.75,-630.0,-332.50,1,94.226,
01/01/2000,01:20:54.41,20.37,-60.39,-991.98,271.25,-673.75,-315.0,1,94.227,
01/01/2000,01:20:54.42,20.25,-60.27,-991.98,140.0,-700.0,-306.25,1,94.228,
01/01/2000,01:20:54.44,20.25,-60.27,-991.86,183.75,-700.0,-253.75,1,94.228,
01/01/2000,01:20:54.45,20.37,-60.15,-991.98,131.25,-700.0,-341.25,1,94.229,
01/01/2000,01:20:54.46,20.50,-60.15,-991.86,236.25,-700.0,-297.50,1,94.230,
01/01/2000,01:20:54.47,20.50,-60.27,-991.86,70.0,-630.0,-393.75,1,94.231,
01/01/2000,01:20:54.48,20.25,-60.15,-991.74,122.50,-682.50,-367.50,1,94.231,
01/01/2000,01:20:54.49,20.25,-60.02,-991.74,192.50,-770.0,-297.50,1,94.232,
