timestamp,data
1784215510.110811,"01/01/2000,03:52:51.14,-997.56,-43.46,101.07,0.07,-0.72,-0.61,61.05,28.80,54.60,31.86,14.27,986.25,-38.80,122.50,-630.0,-271.25,1,53.477,"
1784215510.1277263,"01/01/2000,03:52:51.16,-1012.21,-43.95,-8.79,1.21,-0.79,-1.02,60.60,29.25,54.60,31.67,13.05,986.37,-38.80,-43.75,-1006.25,-131.25,1,53.477,"
1784215510.1509569,"01/01/2000,03:52:51.18,-1011.23,-47.36,-38.09,2.04,-1.82,-0.63,59.70,28.65,54.45,31.86,12.81,986.25,-39.28,236.25,-1251.25,-315.0,1,53.478,"
1784215510.1695752,"01/01/2000,03:52:51.20,-1011.72,-56.15,20.02,0.71,-1.50,-0.70,61.35,27.15,54.15,31.72,13.42,986.37,-39.41,166.25,-1662.50,17.50,1,53.477,"
1784215510.1897998,"01/01/2000,03:52:51.23,-1001.95,-46.39,86.91,-0.30,1.67,2.11,60.30,29.25,54.60,31.72,14.52,986.37,-38.67,61.25,-910.0,-262.50,1,53.477,"
1784215510.207568,"01/01/2000,03:52:51.24,-1020.02,-0.98,29.30,0.06,1.96,-1.76,62.40,29.85,53.70,31.67,13.91,986.49,-38.92,26.25,-1058.75,-105.0,1,53.477,"
1784215510.2206044,"01/01/2000,03:52:51.26,-1023.93,-43.46,43.46,0.55,-0.66,-3.69,61.20,29.40,54.0,31.48,13.42,986.13,-39.53,227.50,-910.0,-61.25,1,53.477,"
1784215510.2441165,"01/01/2000,03:52:51.28,-1024.41,-33.69,-21.48,1.31,2.20,0.19,61.20,29.40,54.0,31.72,13.05,985.76,-39.53,253.75,-1181.25,-428.75,1,53.478,"
1784215510.278595,"01/01/2000,03:52:51.32,-1009.28,-16.11,15.63,0.13,-0.39,1.81,61.05,30.0,53.10,31.86,14.15,986.49,-38.67,131.25,-892.50,-262.50,1,53.477,"
1784215510.2991076,"01/01/2000,03:52:51.33,-1020.51,-41.99,95.70,-1.37,-1.0,-1.87,61.20,28.95,54.45,31.58,14.27,986.49,-38.67,-61.25,-892.50,-236.25,1,53.477,"
1784215510.31876,"01/01/2000,03:52:51.35,-1031.74,-46.88,20.02,0.18,-1.20,2.54,61.05,29.25,53.10,31.72,13.91,986.13,-39.04,-17.50,-857.50,-192.50,1,53.477,"
1784215510.3386827,"01/01/2000,03:52:51.37,-1017.09,-8.30,37.60,0.11,-0.02,3.44,62.25,28.80,54.60,31.67,13.30,986.00,-39.28,271.25,-787.50,-323.75,1,53.477,"
1784215510.355283,"01/01/2000,03:52:51.39,-1013.18,-53.71,5.37,-1.04,-0.32,1.24,60.0,28.95,54.0,31.67,13.54,986.25,-39.04,157.50,-875.0,-166.25,1,53.477,"
1784215510.3726978,"01/01/2000,03:52:51.41,-1013.18,-31.74,30.76,-0.69,0.36,0.99,61.80,28.35,54.60,31.91,13.91,986.61,-38.67,35.0,-936.25,-43.75,1,53.478,"
1784215510.4109738,"01/01/2000,03:52:51.45,-999.02,-40.53,43.95,-1.40,1.40,0.70,61.65,27.75,53.70,31.67,14.03,986.25,-39.41,105.0,-787.50,-140.0,1,53.477,"
1784215510.4278166,"01/01/2000,03:52:51.46,-1010.74,-19.04,37.11,0.12,0.93,-0.70,61.35,29.25,53.40,31.48,13.54,986.00,-39.41,210.0,-630.0,-201.25,1,53.477,"
1784215510.4445472,"01/01/2000,03:52:51.48,-1003.42,-45.41,49.80,-1.84,-1.04,1.28,60.0,29.85,53.70,31.77,13.30,986.25,-38.80,227.50,-813.75,-323.75,1,53.478,"
1784215510.4692767,"01/01/2000,03:52:51.50,-1015.14,-41.50,8.79,0.31,1.60,-1.74,60.90,28.95,54.75,31.72,13.66,986.49,-38.55,43.75,-691.25,-262.50,1,53.477,"
1784215510.4860582,"01/01/2000,03:52:51.52,-1002.93,-31.25,11.23,1.37,1.02,-0.44,60.90,30.60,54.75,31.77,14.03,986.25,-38.92,192.50,-840.0,-201.25,1,53.478,"
1784215510.5029933,"01/01/2000,03:52:51.53,-1012.21,-50.78,15.14,0.17,-0.82,-2.12,61.35,30.75,53.40,31.48,14.15,986.13,-39.28,166.25,-656.25,-201.25,1,53.478,"
1784215510.518868,"01/01/2000,03:52:51.55,-994.63,-38.09,53.22,0.15,-1.17,-0.96,61.65,30.15,53.70,31.58,13.91,986.00,-39.41,306.25,-700.0,-122.50,1,53.478,"
1784215510.5387766,"01/01/2000,03:52:51.57,-1018.55,-57.13,98.63,0.95,-0.56,-0.22,62.25,29.25,54.15,31.67,13.18,986.25,-38.80,131.25,-726.25,-210.0,1,53.477,"
1784215510.5563295,"01/01/2000,03:52:51.59,-1017.09,-23.93,30.76,2.53,-0.73,-2.79,60.30,28.80,55.05,32.01,13.30,986.49,-38.92,-87.50,-778.75,-148.75,1,53.477,"
1784215510.573501,"01/01/2000,03:52:51.61,-1011.72,-39.06,11.72,0.96,-0.73,0.60,60.30,31.20,54.15,31.67,13.54,986.13,-39.04,227.50,-682.50,-288.75,1,53.478,"
1784215510.5951781,"01/01/2000,03:52:51.63,-1035.16,-11.72,-58.11,1.21,-0.32,1.66,60.0,29.85,52.50,31.67,13.79,986.00,-39.41,148.75,-778.75,-227.50,1,53.478,"
1784215510.6118689,"01/01/2000,03:52:51.65,-1016.60,-24.90,42.97,1.12,-1.92,0.41,61.05,29.55,53.85,31.67,13.66,985.88,-39.28,271.25,-595.0,-61.25,1,53.478,"
1784215510.62981,"01/01/2000,03:52:51.66,-1022.46,-25.88,21.48,0.28,0.68,-0.05,61.20,28.95,54.0,31.67,13.42,986.49,-38.92,157.50,-551.25,-297.50,1,53.478,"
1784215510.6451042,"01/01/2000,03:52:51.68,-1012.21,-44.92,54.20,0.67,0.54,1.29,60.60,29.25,53.85,31.67,12.93,986.61,-38.55,35.0,-708.75,-253.75,1,53.478,"
1784215510.6679318,"01/01/2000,03:52:51.70,-1004.88,-15.14,24.41,1.12,0.25,0.05,61.05,30.0,53.40,31.72,13.18,986.49,-38.80,113.75,-726.25,-236.25,1,53.478,"
1784215510.6960907,"01/01/2000,03:52:51.73,-1008.30,-44.92,62.99,-0.67,0.08,-0.86,59.55,28.35,53.85,31.72,13.42,986.13,-39.28,271.25,-577.50,-280.0,1,53.477,"
1784215510.73095,"01/01/2000,03:52:51.76,-1029.30,-29.79,-13.67,1.47,-0.69,-0.11,60.0,30.60,55.50,31.48,13.18,986.74,-38.92,78.75,-735.0,-227.50,1,53.477,"
1784215510.752281,"01/01/2000,03:52:51.79,-1023.93,-38.09,76.66,-0.59,-0.52,-0.97,61.65,29.85,53.25,31.58,13.05,984.05,-38.31,96.25,-822.50,-210.0,1,53.477,"
1784215510.7676682,"01/01/2000,03:52:51.80,-1007.32,-11.72,22.95,0.72,1.83,0.84,61.05,30.45,53.85,31.58,13.42,982.83,-37.58,253.75,-385.0,-175.0,1,53.477,"
1784215510.786268,"01/01/2000,03:52:51.82,-949.71,-21.00,103.52,-1.09,-1.08,-0.73,61.05,30.45,53.85,31.58,13.66,982.10,-35.99,577.50,-288.75,-350.0,1,53.477,"
1784215510.8036776,"01/01/2000,03:52:51.84,-1012.70,-29.30,-69.34,-0.62,-0.29,-0.13,61.35,29.55,53.10,31.72,13.42,981.98,-33.92,-393.75,-420.0,-262.50,1,53.478,"
1784215510.827871,"01/01/2000,03:52:51.86,-1018.07,-28.81,-17.09,2.31,-0.59,-0.98,60.60,30.0,53.40,31.67,12.93,977.95,-34.53,-805.0,-1592.50,-131.25,1,53.478,"
1784215510.842593,"01/01/2000,03:52:51.88,-1019.53,-35.64,53.71,-3.35,-0.62,-0.11,60.45,29.85,54.0,31.72,14.03,974.29,-37.94,201.25,-525.0,-148.75,1,53.477,"
1784215510.859201,"01/01/2000,03:52:51.89,-994.14,-45.41,-23.44,-2.79,-1.46,0.98,61.20,27.0,53.70,31.67,14.52,974.05,-38.80,1225.0,708.75,-271.25,1,53.477,"
1784215510.8850386,"01/01/2000,03:52:51.92,-993.16,-19.04,-35.16,1.11,0.72,1.20,60.0,29.85,52.50,31.77,12.81,976.73,-35.01,323.75,-831.25,-157.50,1,53.477,"
1784215510.8982277,"01/01/2000,03:52:51.93,-1018.55,-10.25,-10.74,1.95,-0.06,0.93,60.0,29.85,53.70,31.77,12.69,976.37,-30.62,-700.0,-1540.0,-315.0,1,53.477,"
1784215510.9112577,"01/01/2000,03:52:51.95,-988.28,-57.13,-21.97,2.09,2.07,-2.24,60.60,29.55,52.65,31.67,14.40,974.54,-30.38,-516.25,-236.25,-61.25,1,53.478,"
1784215510.9324195,"01/01/2000,03:52:51.97,-974.61,-44.92,63.96,-1.57,0.37,-0.11,61.20,29.40,52.95,31.77,13.66,972.83,-33.79,-113.75,-805.0,-26.25,1,53.478,"
1784215510.953385,"01/01/2000,03:52:51.99,-1009.28,8.79,-24.41,-1.87,-0.31,-0.33,61.95,28.65,52.95,31.77,13.42,972.46,-36.84,603.75,-577.50,-350.0,1,53.478,"
1784215510.9705706,"01/01/2000,03:52:52.01,-1025.39,-34.67,-51.76,-0.98,-1.27,-0.37,61.35,30.75,53.10,31.72,13.42,975.15,-37.33,595.0,-70.0,-280.0,1,53.477,"
1784215510.988161,"01/01/2000,03:52:52.02,-1038.57,-33.20,-29.79,1.56,-0.24,2.46,60.60,28.80,52.65,31.67,12.81,978.93,-35.62,218.75,-551.25,-323.75,1,53.477,"
1784215511.0056448,"01/01/2000,03:52:52.04,-1024.90,-60.06,55.66,-0.65,0.73,-0.24,61.05,29.25,54.15,31.91,12.93,981.98,-33.67,-323.75,-787.50,-323.75,1,53.477,"
1784215511.0269015,"01/01/2000,03:52:52.06,-998.05,-22.95,-30.76,2.17,-0.90,0.44,60.60,30.45,53.40,31.72,14.03,982.47,-33.92,-481.25,-1233.75,61.25,1,53.477,"
1784215511.0612361,"01/01/2000,03:52:52.10,-1002.93,-28.81,80.57,-1.45,-0.42,-0.76,60.0,30.15,54.45,31.72,14.64,981.12,-38.31,288.75,420.0,-210.0,1,53.478,"
1784215511.0782602,"01/01/2000,03:52:52.12,-1008.30,-31.25,22.46,0.33,-2.60,2.76,61.20,28.65,54.45,31.58,13.18,982.34,-39.16,420.0,428.75,-358.75,1,53.478,"
1784215511.0991693,"01/01/2000,03:52:52.13,-1018.07,-22.95,-16.60,-0.21,-0.22,1.06,61.95,29.40,54.45,31.86,12.32,982.83,-37.94,245.0,-428.75,-455.0,1,53.478,"
1784215511.1122122,"01/01/2000,03:52:52.15,-993.65,-24.41,-0.49,-0.51,0.48,-1.77,60.60,29.25,54.15,31.77,13.54,983.69,-36.36,-201.25,-866.25,52.50,1,53.477,"
1784215511.1339912,"01/01/2000,03:52:52.17,-984.86,-70.80,41.50,1.27,1.16,-0.49,61.35,29.25,54.15,31.72,13.66,984.78,-37.33,-227.50,-1242.50,43.75,1,53.478,"
1784215511.1553206,"01/01/2000,03:52:52.19,-1041.50,-27.34,65.92,-1.47,-1.13,0.95,61.95,29.40,54.0,31.67,13.79,985.39,-39.77,735.0,-621.25,-245.0,1,53.478,"
1784215511.1892002,"01/01/2000,03:52:52.22,-1005.37,-24.90,-6.84,0.13,0.69,-1.98,63.60,30.15,52.95,31.72,11.47,985.76,-37.94,96.25,-2940.0,70.0,1,53.478,"
1784215511.2289336,"01/01/2000,03:52:52.25,-1020.02,-50.29,2.44,0.47,1.29,0.66,59.85,28.05,55.05,31.77,13.42,986.37,-38.43,-105.0,253.75,-481.25,1,53.477,"
1784215511.240912,"01/01/2000,03:52:52.27,-1020.51,-39.55,100.10,-0.22,-2.69,-0.21,60.60,28.35,54.60,31.86,15.13,986.86,-40.38,586.25,-210.0,-148.75,1,53.477,"
1784215511.2632499,"01/01/2000,03:52:52.29,-1014.16,-41.99,6.35,0.99,1.14,0.47,60.45,29.85,54.15,31.77,14.40,986.74,-39.77,376.25,-280.0,-525.0,1,53.476,"
1784215511.2921538,"01/01/2000,03:52:52.33,-1018.07,-9.77,34.67,-0.38,1.32,-1.67,61.20,30.60,52.95,31.72,12.32,984.17,-37.33,-428.75,-1155.0,-105.0,1,53.477,"
1784215511.311472,"01/01/2000,03:52:52.35,-1020.51,-17.58,-32.71,1.03,-0.34,0.28,61.05,30.0,54.15,31.72,11.96,985.76,-40.26,437.50,-1128.75,-393.75,1,53.477,"
1784215511.3299696,"01/01/2000,03:52:52.36,-1027.83,-42.48,10.74,0.15,0.22,-1.37,62.25,30.0,55.35,31.58,13.42,986.74,-41.24,787.50,-481.25,-70.0,1,53.477,"
1784215511.34549,"01/01/2000,03:52:52.38,-1001.46,-20.02,41.50,-1.85,-0.11,-2.43,63.0,30.0,53.40,31.86,14.40,987.47,-39.53,393.75,96.25,-376.25,1,53.477,"
1784215511.3681695,"01/01/2000,03:52:52.40,-989.75,-31.74,-27.34,-0.31,1.88,-2.36,60.0,27.45,56.25,31.67,14.40,987.71,-37.33,-525.0,-988.75,52.50,1,53.477,"
1784215511.38502,"01/01/2000,03:52:52.42,-1009.77,-35.64,13.18,1.58,1.53,0.61,61.65,31.80,53.70,31.67,13.79,986.00,-38.19,26.25,-533.75,-227.50,1,53.476,"
1784215511.4025967,"01/01/2000,03:52:52.44,-1027.83,-51.27,47.36,1.24,-1.05,0.63,62.55,30.75,53.85,31.77,11.83,984.54,-39.53,350.0,-1592.50,-201.25,1,53.477,"
1784215511.4194043,"01/01/2000,03:52:52.45,-1024.41,-21.97,40.04,0.40,0.07,0.69,61.65,28.65,54.0,31.67,13.05,984.30,-40.14,393.75,-280.0,-315.0,1,53.477,"
1784215511.4408765,"01/01/2000,03:52:52.48,-1025.39,-31.25,-83.50,0.17,-1.27,1.15,62.70,30.15,53.70,31.77,13.30,985.39,-39.53,315.0,-1050.0,-271.25,1,53.477,"
1784215511.4758446,"01/01/2000,03:52:52.51,-998.05,-40.53,75.68,1.34,-1.93,0.77,61.05,29.55,53.10,31.77,14.52,988.69,-38.31,-140.0,-568.75,-113.75,1,53.478,"
1784215511.4922223,"01/01/2000,03:52:52.53,-996.58,-31.25,25.88,0.45,0.63,-0.66,61.05,30.0,53.85,31.58,14.03,988.44,-38.80,35.0,-621.25,-236.25,1,53.478,"
1784215511.5177925,"01/01/2000,03:52:52.55,-1026.37,-41.02,7.81,0.05,3.58,-0.98,61.20,29.85,54.75,31.72,13.42,986.98,-39.53,-8.75,-498.75,-157.50,1,53.478,"
1784215511.5337977,"01/01/2000,03:52:52.57,-1014.65,-48.83,85.94,-0.52,-1.63,0.77,61.20,30.15,53.25,31.67,13.05,984.66,-40.26,236.25,-787.50,-385.0,1,53.478,"
1784215511.5521843,"01/01/2000,03:52:52.58,-1011.23,-27.83,20.02,1.38,-0.01,1.81,61.65,29.85,54.0,31.67,13.42,983.81,-40.26,332.50,-901.25,-113.75,1,53.477,"
1784215511.5691278,"01/01/2000,03:52:52.60,-1009.77,-30.27,72.75,1.50,-0.41,0.06,60.90,28.95,53.25,31.67,13.91,984.66,-39.65,148.75,-682.50,-175.0,1,53.477,"
1784215511.5867374,"01/01/2000,03:52:52.62,-1021.00,-57.13,79.10,-0.28,-0.36,0.59,60.60,30.0,53.85,31.67,13.91,986.49,-39.04,148.75,-988.75,-17.50,1,53.477,"
1784215511.6033037,"01/01/2000,03:52:52.64,-1027.34,-42.48,-18.07,-0.17,0.15,0.18,61.35,30.0,53.85,31.67,14.15,988.20,-38.43,0.0,-306.25,-210.0,1,53.478,"
1784215511.6209908,"01/01/2000,03:52:52.66,-1024.41,-30.76,60.06,-1.20,0.08,-1.53,61.95,30.15,52.95,31.72,14.40,988.44,-38.31,-113.75,-96.25,-192.50,1,53.478,"
1784215511.644334,"01/01/2000,03:52:52.68,-1018.55,-53.71,130.86,0.42,-1.63,1.08,61.65,30.60,54.0,31.48,13.79,986.74,-38.80,35.0,-743.75,-166.25,1,53.478,"
1784215511.6584666,"01/01/2000,03:52:52.69,-999.02,-23.93,26.86,-0.43,1.30,3.22,61.35,30.0,54.15,31.72,13.91,985.64,-39.41,218.75,-376.25,-210.0,1,53.478,"
1784215511.6760774,"01/01/2000,03:52:52.71,-1019.04,-7.81,-7.32,-0.08,1.30,-1.18,61.65,29.40,53.70,31.72,13.42,985.39,-39.65,201.25,-822.50,-157.50,1,53.478,"
1784215511.6990952,"01/01/2000,03:52:52.73,-1006.84,-43.46,63.96,0.63,0.07,0.17,62.25,30.0,52.65,31.77,13.18,986.00,-39.65,78.75,-892.50,-288.75,1,53.479,"
1784215511.7199657,"01/01/2000,03:52:52.75,-1011.23,-17.09,2.44,-0.47,-1.21,-1.37,61.65,29.85,55.20,31.53,13.54,987.35,-38.92,131.25,-691.25,-323.75,1,53.477,"
1784215511.7401416,"01/01/2000,03:52:52.77,-1011.72,-55.66,66.89,-2.56,-0.54,-0.23,62.55,29.25,54.15,31.58,14.15,986.49,-38.19,17.50,-586.25,-105.0,1,53.477,"
1784215511.7622066,"01/01/2000,03:52:52.79,-1021.48,-43.46,0.98,-0.13,-2.60,-0.27,62.55,29.25,54.15,31.91,13.91,986.25,-38.67,105.0,-770.0,-227.50,1,53.477,"
1784215511.7962632,"01/01/2000,03:52:52.83,-1031.74,-11.23,-9.77,0.64,2.29,3.85,62.55,29.55,52.65,31.67,13.18,986.00,-40.02,490.0,-717.50,-288.75,1,53.477,"
1784215511.8118193,"01/01/2000,03:52:52.85,-1016.11,-61.04,126.46,-0.98,1.40,0.13,61.35,30.45,53.10,31.77,13.54,986.25,-39.28,-17.50,-805.0,-236.25,1,53.478,"
1784215511.831108,"01/01/2000,03:52:52.87,-993.65,-41.50,86.43,0.82,-0.69,0.30,61.35,30.75,52.65,31.72,14.76,986.00,-38.80,-122.50,131.25,-175.0,1,53.477,"
1784215511.8521495,"01/01/2000,03:52:52.89,-1016.60,1.46,46.88,0.85,-0.27,-0.05,63.60,30.15,51.30,31.67,14.27,985.88,-38.92,-52.50,-542.50,-148.75,1,53.477,"
1784215511.869182,"01/01/2000,03:52:52.90,-1021.48,-49.80,1.46,2.24,-0.45,-0.86,61.20,29.40,54.0,31.58,13.79,985.03,-39.53,113.75,-805.0,-227.50,1,53.477,"
1784215511.8857958,"01/01/2000,03:52:52.92,-1028.32,-32.23,44.43,-1.69,1.21,-1.24,62.55,30.75,53.40,31.72,14.40,985.39,-39.65,280.0,516.25,-376.25,1,53.477,"
1784215511.9037995,"01/01/2000,03:52:52.94,-993.16,-20.51,1.46,0.63,-0.85,-1.74,62.40,31.35,52.95,31.72,13.18,985.64,-39.28,-17.50,-323.75,-236.25,1,53.478,"
1784215511.929016,"01/01/2000,03:52:52.96,-1021.97,-41.50,16.60,0.93,0.82,-3.01,62.25,31.20,53.40,31.67,12.20,985.88,-39.41,253.75,-1680.0,-236.25,1,53.478,"
1784215511.9418497,"01/01/2000,03:52:52.98,-1012.21,-30.76,20.02,-1.92,-1.37,-0.76,60.45,31.35,54.45,31.77,14.27,986.98,-39.53,350.0,-218.75,-210.0,1,53.478,"
1784215511.959405,"01/01/2000,03:52:52.99,-1034.67,-18.07,44.92,1.41,-0.89,-1.31,62.40,30.60,53.70,31.58,14.15,988.20,-39.53,-43.75,-113.75,-105.0,1,53.478,"
1784215511.9753735,"01/01/2000,03:52:53.01,-994.14,-5.37,7.81,3.20,-1.10,0.31,62.40,30.60,53.70,31.77,11.96,986.25,-39.04,148.75,-2528.75,-131.25,1,53.477,"
1784215512.0025454,"01/01/2000,03:52:53.03,-1007.32,-53.71,104.49,1.73,1.06,-0.49,63.0,30.75,51.60,31.53,14.15,984.05,-38.19,-17.50,-280.0,-367.50,1,53.477,"
1784215512.0323982,"01/01/2000,03:52:53.07,-1021.97,-50.29,37.60,-0.15,-0.40,1.80,61.95,30.15,52.95,31.53,13.66,985.88,-39.28,236.25,-96.25,-306.25,1,53.478,"
1784215512.0532165,"01/01/2000,03:52:53.09,-1018.07,-33.20,28.81,-1.76,-0.27,0.82,62.25,30.0,54.15,31.77,12.93,986.74,-39.77,437.50,-2345.0,35.0,1,53.478,"
1784215512.0882254,"01/01/2000,03:52:53.12,-1007.32,-41.02,66.89,-0.84,-0.01,-0.44,61.65,30.15,53.70,31.53,14.27,987.47,-38.55,-61.25,-463.75,-122.50,1,53.478,"
1784215512.112551,"01/01/2000,03:52:53.14,-1010.25,-65.43,87.89,0.46,-0.73,-1.26,62.25,29.55,54.15,31.72,12.57,988.44,-39.53,96.25,-1846.25,-140.0,1,53.479,"
1784215512.1289613,"01/01/2000,03:52:53.16,-989.26,-37.60,49.80,-1.31,0.18,-0.66,61.80,30.45,53.40,31.72,13.91,986.98,-39.65,490.0,-271.25,-350.0,1,53.477,"
1784215512.1604145,"01/01/2000,03:52:53.20,-1015.63,-53.22,54.20,1.01,-2.08,0.60,63.0,30.0,53.10,31.72,13.91,984.42,-37.70,-288.75,-420.0,-463.75,1,53.478,"
1784215512.1771688,"01/01/2000,03:52:53.21,-1007.81,-8.79,50.29,1.98,0.0,2.21,63.30,31.95,53.40,31.67,14.27,986.00,-38.92,-8.75,-122.50,-262.50,1,53.478,"
1784215512.2229419,"01/01/2000,03:52:53.25,-1034.67,-56.64,17.09,-1.77,-0.40,2.05,60.90,31.80,52.50,31.58,13.91,987.22,-39.16,122.50,-87.50,-455.0,1,53.478,"
1784215512.2408426,"01/01/2000,03:52:53.28,-1038.57,-67.38,73.24,-0.11,-0.50,-1.52,61.20,31.35,52.50,31.48,13.91,986.49,-37.94,-236.25,-980.0,52.50,1,53.478,"
1784215512.2653215,"01/01/2000,03:52:53.30,-991.70,-8.79,74.71,-0.37,-1.70,-0.37,62.55,30.45,52.35,31.48,14.03,986.74,-39.04,122.50,-498.75,-490.0,1,53.477,"
1784215512.2865727,"01/01/2000,03:52:53.32,-1026.37,-41.99,7.81,-1.60,-0.60,-0.01,63.90,31.35,52.95,31.77,14.27,986.13,-39.04,271.25,-516.25,-17.50,1,53.477,"
1784215512.300102,"01/01/2000,03:52:53.33,-1015.14,-83.50,80.08,0.74,-1.93,-0.27,63.15,30.15,52.20,31.77,13.05,984.54,-38.31,87.50,-875.0,-358.75,1,53.477,"
1784215512.316131,"01/01/2000,03:52:53.35,-1002.93,-1.46,44.92,1.60,1.30,0.29,63.15,30.15,52.20,31.77,13.79,984.42,-37.94,-192.50,-805.0,-218.75,1,53.477,"
1784215512.3561013,"01/01/2000,03:52:53.39,-1055.66,-62.50,-24.90,-0.66,0.52,0.33,61.35,30.75,51.90,31.72,13.91,987.22,-39.04,78.75,-586.25,-262.50,1,53.477,"
1784215512.3901024,"01/01/2000,03:52:53.42,-1028.32,-6.84,15.63,-1.66,-1.18,0.97,62.40,29.85,52.20,31.38,13.18,986.74,-38.80,78.75,-1233.75,-280.0,1,53.478,"
1784215512.4280124,"01/01/2000,03:52:53.46,-999.51,-26.86,78.61,2.24,0.03,2.83,63.30,30.45,54.15,31.91,13.66,986.98,-39.53,350.0,-910.0,-262.50,1,53.477,"
1784215512.444863,"01/01/2000,03:52:53.48,-979.00,-14.65,177.25,-1.26,-1.64,-1.66,63.30,30.45,52.65,32.01,13.66,986.13,-39.04,306.25,-1050.0,-315.0,1,53.477,"
1784215512.4671946,"01/01/2000,03:52:53.50,-1067.38,-45.90,-34.18,0.34,-1.73,-1.34,63.15,30.15,53.25,31.38,14.88,984.05,-38.43,35.0,-122.50,-122.50,1,53.478,"
1784215512.501168,"01/01/2000,03:52:53.54,-1001.46,0.49,93.75,1.50,0.64,0.92,62.70,31.05,54.0,31.72,13.66,986.49,-38.80,87.50,-568.75,-332.50,1,53.478,"
1784215512.519871,"01/01/2000,03:52:53.55,-1018.55,-37.60,-64.45,0.56,-1.99,-0.91,62.70,31.05,54.0,31.72,14.15,987.47,-39.04,166.25,-595.0,-52.50,1,53.478,"
1784215512.5386467,"01/01/2000,03:52:53.57,-1028.81,-73.73,35.64,2.83,1.48,0.11,61.95,31.80,53.25,31.67,13.91,986.74,-38.55,280.0,-621.25,-280.0,1,53.478,"
1784215512.556049,"01/01/2000,03:52:53.59,-978.03,-2.44,102.05,-0.84,0.91,0.37,61.80,31.20,54.60,31.58,14.27,986.98,-38.43,-253.75,-892.50,-131.25,1,53.477,"
1784215512.5730567,"01/01/2000,03:52:53.61,-1036.13,5.37,-17.09,0.05,0.49,-0.19,61.80,31.65,52.35,31.67,14.15,986.98,-38.80,26.25,-612.50,-262.50,1,53.478,"
1784215512.5981314,"01/01/2000,03:52:53.63,-1041.02,-100.10,-97.66,1.75,-1.05,-1.76,64.05,30.75,54.60,31.48,14.03,985.15,-39.28,437.50,-350.0,-210.0,1,53.478,"
1784215512.611822,"01/01/2000,03:52:53.65,-1009.28,-52.25,103.52,-0.35,-0.15,-1.14,64.05,30.0,54.60,31.72,13.91,984.66,-37.58,122.50,-665.0,-113.75,1,53.478,"
1784215512.628943,"01/01/2000,03:52:53.66,-989.26,3.42,-34.18,0.56,2.73,-0.36,61.05,32.40,53.85,31.72,13.30,984.42,-37.58,-52.50,-1076.25,-87.50,1,53.478,"
1784215512.6446419,"01/01/2000,03:52:53.68,-1082.52,-70.80,-96.19,0.05,-0.47,-0.66,62.55,31.95,53.40,31.58,14.40,986.13,-38.06,-43.75,-332.50,-367.50,1,53.478,"
1784215512.6632705,"01/01/2000,03:52:53.70,-1009.28,-18.07,87.89,2.18,-1.23,2.54,61.05,30.45,52.65,31.48,14.88,987.22,-39.53,148.75,245.0,-140.0,1,53.479,"
1784215512.6855454,"01/01/2000,03:52:53.72,-994.63,12.21,23.44,0.86,-1.13,2.10,64.05,31.65,53.10,31.53,13.30,988.20,-40.02,236.25,-1417.50,-315.0,1,53.479,"
1784215512.7025533,"01/01/2000,03:52:53.74,-1042.48,-52.73,-48.83,0.26,-1.05,-0.94,62.25,31.65,53.85,31.77,14.40,987.83,-39.89,157.50,-752.50,-350.0,1,53.479,"
1784215512.7197125,"01/01/2000,03:52:53.75,-961.91,-35.16,-49.80,1.93,-0.04,-1.05,62.55,31.20,53.10,31.67,14.52,987.22,-38.92,122.50,26.25,-105.0,1,53.478,"
1784215512.7370524,"01/01/2000,03:52:53.77,-1002.93,-9.28,-27.34,4.45,1.32,-0.14,62.25,30.45,53.40,31.67,13.30,985.39,-37.94,175.0,-1417.50,-140.0,1,53.478,"
1784215512.7702932,"01/01/2000,03:52:53.80,-1018.55,-36.62,21.00,-1.46,2.22,0.27,64.05,29.55,52.65,31.72,15.25,984.05,-37.58,227.50,446.25,-227.50,1,53.478,"
1784215512.7844179,"01/01/2000,03:52:53.82,-996.58,-20.02,-20.02,-0.79,-0.25,-0.14,61.95,30.60,54.0,31.48,13.54,986.13,-38.43,113.75,-1470.0,-105.0,1,53.478,"
1784215512.8015058,"01/01/2000,03:52:53.84,-1012.21,-29.79,40.04,-1.18,3.87,1.18,61.65,30.15,53.25,31.67,14.64,986.74,-38.43,105.0,-297.50,-393.75,1,53.478,"
1784215512.8220842,"01/01/2000,03:52:53.86,-1035.64,-16.11,10.74,1.73,0.89,1.85,63.90,31.05,52.50,31.91,14.40,987.59,-38.43,35.0,-647.50,61.25,1,53.478,"
1784215512.8399978,"01/01/2000,03:52:53.87,-1040.53,-39.06,21.97,-0.84,-0.52,-1.30,60.30,30.75,52.65,31.72,13.30,987.47,-39.28,-8.75,-1601.25,-350.0,1,53.477,"
1784215512.857265,"01/01/2000,03:52:53.89,-1011.72,-44.43,4.39,0.39,-0.74,-1.66,62.70,31.05,53.25,31.72,15.25,987.96,-40.14,253.75,-166.25,-140.0,1,53.477,"
1784215512.8757708,"01/01/2000,03:52:53.91,-1013.18,-29.79,30.27,-0.51,0.38,-0.58,61.65,29.40,52.20,31.58,14.27,986.49,-39.77,358.75,-927.50,-105.0,1,53.478,"
1784215512.911542,"01/01/2000,03:52:53.95,-998.54,-15.63,21.00,1.64,0.21,1.08,63.60,31.80,53.25,31.72,14.40,984.66,-37.09,-210.0,-682.50,-70.0,1,53.478,"
1784215512.93443,"01/01/2000,03:52:53.96,-1010.25,-42.48,41.50,-0.32,-0.37,1.71,63.60,30.60,53.70,31.72,13.66,985.88,-38.06,-35.0,-901.25,-420.0,1,53.478,"
1784215512.9514272,"01/01/2000,03:52:53.98,-1024.41,-35.16,14.65,-0.37,-0.66,-2.49,61.80,31.65,51.90,31.58,15.49,986.86,-39.16,201.25,140.0,-87.50,1,53.478,"
1784215512.9856226,"01/01/2000,03:52:54.02,-993.65,-27.34,5.86,4.39,-1.28,-0.69,62.25,30.75,53.10,31.58,12.93,986.25,-38.80,43.75,-1295.0,-288.75,1,53.477,"
1784215513.0119662,"01/01/2000,03:52:54.04,-1021.97,-54.20,56.64,-0.76,-1.02,-1.82,62.55,32.40,52.65,31.67,15.49,987.47,-38.43,-192.50,735.0,-148.75,1,53.478,"
1784215513.024093,"01/01/2000,03:52:54.06,-1021.48,-48.83,52.73,0.19,-0.54,0.60,63.60,30.15,51.75,31.53,13.30,987.35,-38.80,8.75,-1198.75,-306.25,1,53.478,"
1784215513.040993,"01/01/2000,03:52:54.08,-998.05,-33.69,1.95,1.73,0.70,-0.70,61.20,31.35,52.20,31.72,15.13,984.78,-38.06,210.0,43.75,-376.25,1,53.478,"
1784215513.0582237,"01/01/2000,03:52:54.09,-1024.41,-41.99,55.66,0.60,-2.70,-0.95,61.20,31.35,52.20,31.48,14.27,983.44,-37.33,70.0,-1251.25,131.25,1,53.478,"
1784215513.0755703,"01/01/2000,03:52:54.11,-1017.09,-14.65,-9.77,-0.63,-2.12,1.58,63.0,30.45,52.35,31.58,14.15,984.78,-37.09,-52.50,-236.25,-446.25,1,53.479,"
1784215513.0972378,"01/01/2000,03:52:54.13,-1033.20,-54.20,52.73,-0.92,-1.94,-2.85,62.70,31.05,52.95,31.67,15.01,990.88,-39.28,-323.75,568.75,-87.50,1,53.478,"
1784215513.1114032,"01/01/2000,03:52:54.15,-986.33,-26.37,108.40,1.48,0.60,-2.22,63.30,30.45,52.35,31.77,13.42,993.57,-42.21,-175.0,-1032.50,-367.50,1,53.479,"
1784215513.131158,"01/01/2000,03:52:54.17,-1013.67,-30.76,-8.30,0.98,-2.03,1.04,63.15,31.05,52.95,31.91,13.66,993.57,-44.04,612.50,-1391.25,-61.25,1,53.479,"
1784215513.14479,"01/01/2000,03:52:54.18,-1025.39,-69.82,33.69,-1.07,-0.31,-1.72,63.15,31.05,52.95,31.53,15.62,993.08,-44.16,735.0,1076.25,-376.25,1,53.478,"
1784215513.169476,"01/01/2000,03:52:54.20,-1025.39,-4.39,-2.44,0.66,-1.21,0.69,62.25,29.55,51.15,31.58,13.54,995.28,-41.85,-96.25,-603.75,-122.50,1,53.478,"
1784215513.2048457,"01/01/2000,03:52:54.24,-1046.39,-36.13,13.18,1.03,0.26,1.77,62.40,31.35,51.30,31.48,14.03,995.40,-42.46,17.50,-1295.0,-166.25,1,53.479,"
1784215513.2239368,"01/01/2000,03:52:54.26,-1046.88,-18.55,57.62,1.88,-0.01,2.15,62.55,31.65,53.40,31.67,14.64,994.54,-43.43,481.25,-393.75,-140.0,1,53.479,"
1784215513.2423503,"01/01/2000,03:52:54.28,-1024.41,-38.57,70.80,1.66,0.19,0.37,63.90,30.15,52.95,31.58,13.42,996.98,-44.41,201.25,-1286.25,-70.0,1,53.479,"
1784215513.2612426,"01/01/2000,03:52:54.29,-1024.41,-22.95,72.27,1.52,-1.19,-0.26,61.65,31.05,52.95,31.67,13.66,998.57,-44.65,87.50,-1190.0,-262.50,1,53.479,"
1784215513.2845652,"01/01/2000,03:52:54.32,-1000.49,-5.86,31.25,3.65,-2.98,1.89,60.30,28.35,56.10,31.38,14.03,996.98,-43.55,315.0,-1347.50,-175.0,1,53.478,"
1784215513.307311,"01/01/2000,03:52:54.34,-978.03,-42.48,10.74,1.77,0.82,-0.82,61.35,31.20,52.65,31.53,14.64,993.57,-42.21,96.25,-1120.0,-140.0,1,53.477,"
1784215513.3300397,"01/01/2000,03:52:54.36,-1039.55,-60.06,63.48,-1.49,0.54,-1.46,62.25,31.20,54.15,31.58,14.64,992.71,-41.48,105.0,-778.75,-245.0,1,53.478,"
1784215513.345382,"01/01/2000,03:52:54.38,-1032.71,-40.53,-26.37,3.18,2.85,1.50,63.15,31.35,52.95,31.58,14.03,994.42,-41.72,-35.0,-1120.0,-140.0,1,53.478,"
1784215513.3612995,"01/01/2000,03:52:54.39,-1018.07,-38.57,66.41,-0.66,-2.26,0.66,62.25,30.75,51.60,31.77,13.30,994.06,-42.58,245.0,-1417.50,-148.75,1,53.478,"
1784215513.3790812,"01/01/2000,03:52:54.41,-989.26,-38.57,3.42,1.78,-0.37,0.45,63.60,30.15,51.30,32.01,13.42,990.15,-41.60,656.25,-1653.75,-78.75,1,53.478,"
1784215513.3976123,"01/01/2000,03:52:54.43,-1012.21,-40.53,-0.49,2.37,1.64,1.23,60.90,31.05,55.20,31.72,14.64,988.32,-39.41,87.50,-883.75,-131.25,1,53.478,"
1784215513.4131866,"01/01/2000,03:52:54.45,-1041.02,-33.20,16.11,-0.69,-1.46,0.58,63.15,31.05,52.50,31.53,14.27,988.93,-38.31,-332.50,-770.0,-323.75,1,53.479,"
1784215513.432005,"01/01/2000,03:52:54.47,-1035.64,-19.53,61.04,2.90,1.21,1.92,62.70,31.80,52.95,31.53,13.91,989.66,-39.41,140.0,-1146.25,-157.50,1,53.478,"
1784215513.4705458,"01/01/2000,03:52:54.50,-1039.06,-41.99,-1.95,0.63,-1.79,-1.27,61.80,31.95,53.40,31.58,14.64,986.86,-39.89,516.25,-997.50,-131.25,1,53.478,"
1784215513.4963708,"01/01/2000,03:52:54.52,-1001.95,-43.95,82.52,-1.76,-1.11,-1.77,62.40,31.80,52.20,31.53,14.15,986.98,-38.80,358.75,-621.25,-393.75,1,53.478,"
1784215513.508572,"01/01/2000,03:52:54.54,-1005.86,-33.69,14.65,1.35,-0.95,0.44,63.30,30.45,53.10,31.53,14.27,988.08,-37.94,-271.25,-1076.25,-236.25,1,53.478,"
1784215513.5269856,"01/01/2000,03:52:54.56,-1017.09,-32.23,10.74,2.01,0.18,1.89,62.40,30.60,51.30,31.91,14.52,987.10,-38.55,-8.75,-1015.0,-236.25,1,53.478,"
1784215513.5430355,"01/01/2000,03:52:54.58,-1021.48,-28.32,-15.63,-0.60,-0.50,0.57,63.0,31.65,51.90,31.72,14.76,986.13,-39.04,376.25,-831.25,-148.75,1,53.479,"
1784215513.5642834,"01/01/2000,03:52:54.60,-1019.04,-13.67,-8.30,2.24,-2.33,0.34,61.05,32.40,53.10,31.72,14.76,986.25,-39.16,341.25,-428.75,-192.50,1,53.479,"
1784215513.5826626,"01/01/2000,03:52:54.62,-1018.55,-16.11,-13.18,1.63,-0.24,0.39,61.80,29.25,53.10,31.77,14.15,986.74,-38.43,140.0,-603.75,-148.75,1,53.478,"
1784215513.599124,"01/01/2000,03:52:54.63,-999.02,-47.85,13.67,1.81,-0.02,0.53,61.80,29.25,53.10,31.67,14.15,986.49,-37.82,52.50,-918.75,-113.75,1,53.478,"
1784215513.616492,"01/01/2000,03:52:54.65,-988.77,-44.92,38.57,0.04,-0.12,-2.75,61.95,31.80,52.95,31.91,14.40,986.13,-38.06,-43.75,-726.25,-175.0,1,53.478,"
1784215513.6340554,"01/01/2000,03:52:54.67,-1012.70,-21.00,19.04,-2.63,1.12,-0.53,62.40,31.35,52.50,31.67,14.40,986.00,-38.80,367.50,-700.0,-140.0,1,53.479,"
1784215513.6552336,"01/01/2000,03:52:54.69,-1023.44,-16.11,-30.27,1.56,-0.98,-0.12,63.30,30.75,51.90,31.67,14.27,985.88,-38.67,358.75,-673.75,-350.0,1,53.478,"
1784215513.6896677,"01/01/2000,03:52:54.72,-1005.86,-38.57,11.23,0.80,-1.27,0.93,62.70,31.35,52.50,31.72,14.03,986.25,-37.82,-61.25,-787.50,-350.0,1,53.479,"
1784215513.7142625,"01/01/2000,03:52:54.75,-1022.46,-44.43,21.00,1.20,-0.52,-2.29,62.70,31.05,51.75,31.91,14.40,986.49,-38.31,122.50,-603.75,-253.75,1,53.478,"
1784215513.7280095,"01/01/2000,03:52:54.76,-998.54,-54.69,60.06,1.24,-0.71,0.18,62.70,32.55,52.50,31.48,14.15,985.88,-38.80,245.0,-656.25,-210.0,1,53.478,"
1784215513.7451696,"01/01/2000,03:52:54.78,-1028.81,-33.20,30.27,-1.05,-1.23,-1.19,62.70,31.35,52.20,32.01,14.52,985.52,-38.80,385.0,-516.25,-122.50,1,53.479,"
1784215513.7628849,"01/01/2000,03:52:54.80,-997.56,-23.93,6.35,-0.28,-0.06,1.19,62.55,31.20,52.35,31.58,14.15,986.13,-38.31,218.75,-437.50,-157.50,1,53.479,"
1784215513.7896543,"01/01/2000,03:52:54.82,-1018.55,-19.04,-19.04,-1.67,0.92,-1.37,63.0,30.45,51.60,31.67,14.27,986.49,-37.94,140.0,-918.75,-175.0,1,53.478,"
1784215513.8142824,"01/01/2000,03:52:54.84,-1010.25,-48.34,-1.95,0.79,0.94,-1.41,63.0,31.95,51.60,31.58,14.52,986.13,-38.31,26.25,-638.75,-201.25,1,53.478,"
1784215513.8267899,"01/01/2000,03:52:54.86,-1022.95,-36.62,54.20,1.56,0.38,-1.37,62.70,31.35,52.50,31.38,14.40,985.64,-38.55,245.0,-595.0,-157.50,1,53.478,"
1784215513.8477623,"01/01/2000,03:52:54.88,-1038.09,-30.76,-44.43,1.76,-0.21,-2.40,62.55,32.40,51.90,31.86,14.15,985.76,-38.55,157.50,-630.0,-341.25,1,53.479,"
1784215513.8662493,"01/01/2000,03:52:54.90,-1021.00,-59.57,1.46,-0.41,-2.21,-1.83,62.25,31.20,50.85,31.48,14.15,986.25,-38.06,113.75,-656.25,-253.75,1,53.477,"
1784215513.879711,"01/01/2000,03:52:54.92,-1001.46,-31.74,25.88,1.81,0.90,0.95,62.25,30.0,52.65,31.48,13.91,986.13,-38.06,8.75,-761.25,-332.50,1,53.478,"
1784215513.900149,"01/01/2000,03:52:54.93,-979.98,-40.04,14.16,-2.40,-1.17,2.47,62.70,33.75,52.20,31.67,14.52,986.13,-38.19,175.0,-638.75,-201.25,1,53.478,"
1784215513.9165878,"01/01/2000,03:52:54.95,-1039.06,-60.06,79.10,-0.95,1.66,1.46,63.30,31.20,51.60,31.48,14.40,986.00,-38.67,70.0,-420.0,-358.75,1,53.478,"
1784215513.9386637,"01/01/2000,03:52:54.97,-1037.60,-7.81,-22.95,2.44,-1.53,-4.19,62.55,30.45,52.65,31.67,14.15,985.76,-38.80,262.50,-621.25,-17.50,1,53.478,"
1784215513.9733524,"01/01/2000,03:52:55.01,-967.29,-26.86,41.50,-0.87,-0.03,-1.92,62.25,31.65,53.10,31.72,13.91,986.37,-38.43,-43.75,-647.50,-253.75,1,53.479,"
1784215513.9941232,"01/01/2000,03:52:55.03,-1006.35,-11.72,18.07,0.21,-0.26,-0.16,62.70,30.15,51.75,31.67,14.52,985.88,-38.55,175.0,-525.0,-245.0,1,53.479,"
1784215514.0117145,"01/01/2000,03:52:55.05,-1022.95,-77.64,116.70,0.90,-0.85,1.18,62.40,30.60,53.25,31.53,14.40,985.76,-38.80,96.25,-437.50,-201.25,1,53.478,"
1784215514.0295222,"01/01/2000,03:52:55.06,-1027.83,-30.76,22.46,-0.55,0.51,-0.59,64.05,32.40,52.35,31.72,14.27,986.00,-38.80,157.50,-761.25,-227.50,1,53.478,"
1784215514.051654,"01/01/2000,03:52:55.08,-1008.30,-34.67,20.51,-1.08,-0.63,-0.85,61.95,31.80,52.95,31.77,13.91,986.25,-38.67,78.75,-481.25,-306.25,1,53.478,"
1784215514.06805,"01/01/2000,03:52:55.10,-987.79,-40.53,-44.43,-1.72,0.28,-0.81,63.90,30.15,52.20,31.53,13.91,985.88,-38.31,236.25,-796.25,-236.25,1,53.478,"
1784215514.0845883,"01/01/2000,03:52:55.12,-1017.09,-41.99,20.51,1.96,-1.10,-1.0,63.15,31.35,54.0,31.72,14.52,985.88,-38.43,61.25,-568.75,-183.75,1,53.479,"
1784215514.1026578,"01/01/2000,03:52:55.14,-1014.16,-1.46,-17.58,-1.62,-0.40,0.33,62.55,31.95,52.65,31.77,14.52,986.00,-38.80,218.75,-612.50,-236.25,1,53.479,"
1784215514.1188557,"01/01/2000,03:52:55.15,-1018.07,-33.69,-8.30,-1.63,1.38,0.94,62.40,31.35,53.70,31.77,14.52,986.13,-38.80,280.0,-612.50,-96.25,1,53.479,"
1784215514.1447284,"01/01/2000,03:52:55.18,-1023.44,-15.14,-36.13,0.09,0.57,2.43,62.40,31.05,52.95,31.77,14.15,986.13,-38.67,78.75,-446.25,-323.75,1,53.478,"
1784215514.1615324,"01/01/2000,03:52:55.19,-1040.04,-48.83,-15.63,0.05,-0.87,-0.71,63.90,31.35,52.95,31.72,13.91,986.25,-38.43,61.25,-743.75,-201.25,1,53.478,"
1784215514.18092,"01/01/2000,03:52:55.21,-1013.18,-30.76,27.83,0.36,0.45,2.0,63.30,31.65,52.65,31.72,14.27,986.25,-38.55,35.0,-542.50,-262.50,1,53.478,"
1784215514.1962466,"01/01/2000,03:52:55.23,-1021.97,-20.02,21.97,2.64,-0.82,-1.61,63.75,31.95,51.90,31.67,14.52,986.13,-38.55,280.0,-752.50,-122.50,1,53.478,"
1784215514.2127633,"01/01/2000,03:52:55.25,-1004.88,-32.71,61.04,-0.71,0.60,-0.45,63.0,31.20,52.65,31.58,14.64,986.00,-38.80,245.0,-507.50,-140.0,1,53.479,"
1784215514.2310827,"01/01/2000,03:52:55.27,-1005.37,-31.74,19.53,0.11,-1.79,1.50,63.0,31.20,52.65,31.72,14.27,986.00,-38.55,52.50,-586.25,-218.75,1,53.479,"
1784215514.246872,"01/01/2000,03:52:55.28,-998.54,-41.99,79.59,0.60,-0.42,0.58,64.35,31.05,52.50,31.67,13.91,986.13,-38.43,0.0,-665.0,-183.75,1,53.479,"
1784215514.2683747,"01/01/2000,03:52:55.30,-1015.63,-38.57,20.02,0.13,-0.61,-0.76,63.30,30.75,52.65,31.67,14.03,986.25,-38.55,0.0,-735.0,-315.0,1,53.479,"
1784215514.2856705,"01/01/2000,03:52:55.32,-1031.74,-24.41,5.37,-0.34,0.55,0.02,63.30,30.75,53.10,31.67,14.27,986.25,-39.04,262.50,-595.0,-113.75,1,53.480,"
1784215514.31257,"01/01/2000,03:52:55.34,-1034.67,-18.07,53.71,1.29,-2.44,2.27,61.35,30.45,54.15,31.53,14.27,985.88,-38.92,245.0,-595.0,-87.50,1,53.478,"
1784215514.3310153,"01/01/2000,03:52:55.36,-1029.79,-27.34,34.18,1.60,1.08,-1.21,62.55,31.20,53.40,31.86,13.91,986.00,-38.43,113.75,-560.0,-166.25,1,53.478,"
1784215514.3513598,"01/01/2000,03:52:55.39,-1008.79,-42.97,-9.77,0.21,0.91,1.60,61.20,31.35,51.30,31.72,13.79,986.61,-38.55,-26.25,-717.50,-175.0,1,53.478,"
1784215514.3682327,"01/01/2000,03:52:55.40,-1006.84,-30.27,-23.44,0.72,0.11,-0.73,61.95,32.25,52.50,31.77,13.66,986.49,-38.55,183.75,-813.75,-280.0,1,53.478,"
1784215514.385563,"01/01/2000,03:52:55.42,-1008.30,-36.62,10.25,0.92,-1.95,0.99,63.0,30.75,53.10,31.58,14.40,985.88,-38.80,61.25,-691.25,-227.50,1,53.478,"
1784215514.4036384,"01/01/2000,03:52:55.44,-1007.81,-42.48,14.65,0.87,-1.30,-1.15,61.95,32.25,51.75,31.72,14.52,985.27,-38.67,288.75,-542.50,-262.50,1,53.479,"
1784215514.4410882,"01/01/2000,03:52:55.48,-1019.04,-24.41,-13.18,-0.24,0.87,2.61,62.40,32.25,51.75,31.72,13.66,986.61,-38.55,0.0,-813.75,-367.50,1,53.478,"
1784215514.4624279,"01/01/2000,03:52:55.49,-1010.74,-44.43,24.41,-1.36,-1.15,0.18,63.60,31.35,52.50,31.67,14.15,986.25,-38.55,175.0,-857.50,-87.50,1,53.478,"
1784215514.4790363,"01/01/2000,03:52:55.51,-1031.25,-68.36,93.26,-0.95,-0.72,1.03,62.25,30.75,51.15,31.53,14.64,985.76,-38.67,192.50,-481.25,-140.0,1,53.478,"
1784215514.4972413,"01/01/2000,03:52:55.53,-1031.25,-35.16,14.16,0.47,-0.76,-2.02,61.95,30.60,53.70,31.48,14.64,986.00,-38.55,175.0,-726.25,-87.50,1,53.478,"
1784215514.5321043,"01/01/2000,03:52:55.57,-1017.58,-36.13,51.76,-0.39,-0.83,1.27,63.30,31.95,53.85,31.72,14.15,986.25,-38.43,35.0,-682.50,-323.75,1,53.479,"
1784215514.552991,"01/01/2000,03:52:55.59,-1000.98,-31.74,104.49,1.25,-0.32,-0.18,63.0,32.40,51.90,31.67,14.40,985.76,-38.55,70.0,-770.0,-210.0,1,53.479,"
1784215514.57039,"01/01/2000,03:52:55.60,-1017.09,-32.71,65.92,-0.60,-0.98,0.43,61.35,30.75,51.60,31.67,14.27,985.76,-38.67,218.75,-568.75,-516.25,1,53.479,"
1784215514.5877051,"01/01/2000,03:52:55.62,-1013.67,-33.20,-19.53,1.02,-0.28,-1.29,61.80,33.60,52.65,31.53,14.64,985.88,-38.67,87.50,-813.75,-175.0,1,53.478,"
1784215514.6043289,"01/01/2000,03:52:55.64,-1017.09,-42.48,5.86,0.56,-0.07,0.93,63.75,30.75,51.90,31.48,14.64,986.00,-38.67,253.75,-481.25,-315.0,1,53.479,"
1784215514.6310601,"01/01/2000,03:52:55.66,-1039.55,-26.86,36.62,1.17,-0.75,-2.32,63.0,32.40,51.90,31.72,14.40,986.00,-38.67,26.25,-700.0,-96.25,1,53.478,"
1784215514.6596496,"01/01/2000,03:52:55.69,-1001.46,-22.46,40.04,1.67,1.24,-1.22,63.15,30.60,52.50,31.67,14.15,986.25,-38.67,192.50,-752.50,52.50,1,53.479,"
1784215514.6806097,"01/01/2000,03:52:55.72,-1013.18,-41.50,36.13,-1.44,-1.66,1.91,61.80,31.20,51.60,31.77,14.52,986.49,-38.67,61.25,-376.25,-288.75,1,53.479,"
1784215514.6982102,"01/01/2000,03:52:55.73,-1044.92,-2.44,-29.79,0.02,0.77,-1.85,61.20,31.05,54.45,31.77,14.15,986.13,-38.67,236.25,-778.75,-332.50,1,53.479,"
1784215514.7329588,"01/01/2000,03:52:55.77,-1013.67,-19.04,11.23,0.76,0.32,-0.48,62.70,31.35,51.30,31.67,13.91,986.13,-38.67,-52.50,-568.75,-341.25,1,53.479,"
1784215514.7603035,"01/01/2000,03:52:55.79,-994.14,-41.99,11.23,1.09,-1.29,0.88,61.65,28.65,55.20,31.72,13.91,986.13,-38.55,192.50,-743.75,-297.50,1,53.479,"
1784215514.7755415,"01/01/2000,03:52:55.81,-1011.23,-46.88,80.57,-1.01,-0.42,2.61,61.65,28.65,55.20,31.67,14.15,986.00,-38.55,43.75,-463.75,-271.25,1,53.479,"
1784215514.7906926,"01/01/2000,03:52:55.82,-1010.25,-7.32,-0.98,0.47,0.96,0.09,62.55,30.45,52.35,31.53,14.40,986.13,-38.43,87.50,-708.75,-148.75,1,53.479,"
1784215514.8060596,"01/01/2000,03:52:55.84,-1001.46,-40.53,19.04,0.92,0.15,-0.42,61.95,31.35,52.95,31.86,14.64,986.25,-38.55,61.25,-490.0,-105.0,1,53.479,"
1784215514.8324692,"01/01/2000,03:52:55.87,-1009.28,-13.18,61.52,1.10,-0.42,-2.11,63.75,31.65,53.10,31.72,14.40,986.25,-38.80,166.25,-717.50,-192.50,1,53.479,"
1784215514.853158,"01/01/2000,03:52:55.89,-1028.32,-30.27,29.30,1.34,2.49,-0.49,63.60,31.05,53.70,31.48,14.52,985.88,-38.80,105.0,-577.50,-262.50,1,53.479,"
1784215514.8703673,"01/01/2000,03:52:55.90,-1052.73,-29.79,19.04,-1.06,-1.83,0.51,61.20,33.0,51.30,31.38,14.40,986.13,-38.80,61.25,-621.25,-157.50,1,53.478,"
1784215514.8875968,"01/01/2000,03:52:55.92,-1034.67,-67.87,83.98,-0.15,1.76,1.90,63.15,31.35,52.20,31.72,14.40,986.37,-38.80,315.0,-691.25,-70.0,1,53.478,"
1784215514.9131796,"01/01/2000,03:52:55.94,-1020.02,-25.88,29.30,1.60,-1.79,1.05,62.55,31.95,52.35,31.67,14.40,986.25,-38.67,52.50,-761.25,-113.75,1,53.478,"
1784215514.9258025,"01/01/2000,03:52:55.96,-999.51,-43.46,-38.09,-0.05,-1.45,-0.65,62.55,31.20,52.65,31.72,14.27,985.76,-38.55,105.0,-726.25,-253.75,1,53.478,"
1784215514.9426048,"01/01/2000,03:52:55.98,-1028.81,-39.06,60.55,0.78,-1.02,1.80,63.15,33.0,52.95,31.67,14.03,985.76,-38.43,175.0,-516.25,-350.0,1,53.479,"
1784215514.9642968,"01/01/2000,03:52:56.00,-1002.93,-36.13,93.75,0.0,-2.30,0.02,61.80,30.0,52.35,31.72,13.91,986.37,-38.55,26.25,-682.50,-175.0,1,53.479,"
1784215514.9803798,"01/01/2000,03:52:56.02,-998.05,-27.83,-0.49,-1.38,1.03,-1.47,63.0,30.75,51.90,31.67,14.15,986.49,-38.43,192.50,-682.50,-218.75,1,53.479,"
1784215514.998346,"01/01/2000,03:52:56.03,-1025.39,-15.63,-18.55,-0.88,2.49,-1.46,63.15,29.85,51.30,31.67,13.91,986.37,-38.31,105.0,-717.50,-245.0,1,53.479,"
1784215515.0188947,"01/01/2000,03:52:56.05,-1014.16,-51.27,45.90,1.08,-0.82,2.29,62.70,31.05,52.95,31.48,13.91,986.13,-38.31,131.25,-551.25,-52.50,1,53.478,"
1784215515.0365589,"01/01/2000,03:52:56.07,-996.58,-24.90,0.98,0.27,1.73,0.75,61.80,31.95,51.90,31.72,13.79,985.88,-38.43,17.50,-717.50,-131.25,1,53.478,"
1784215515.0543046,"01/01/2000,03:52:56.09,-1001.95,-23.44,29.79,0.69,-1.20,-0.97,62.70,31.80,52.50,31.67,13.91,985.76,-38.43,218.75,-717.50,-175.0,1,53.479,"
1784215515.0715032,"01/01/2000,03:52:56.11,-998.05,-34.67,34.18,2.02,0.37,0.82,62.70,32.25,51.30,31.58,14.03,986.25,-38.55,166.25,-542.50,-288.75,1,53.479,"
1784215515.0886488,"01/01/2000,03:52:56.12,-1007.32,-48.83,85.45,-0.03,0.22,-1.85,62.70,30.60,52.50,31.58,14.15,986.49,-38.67,61.25,-700.0,-148.75,1,53.479,"
1784215515.1089625,"01/01/2000,03:52:56.14,-1012.70,-43.46,12.70,-0.05,1.52,1.66,63.30,30.75,53.10,31.67,13.91,986.00,-38.55,201.25,-673.75,-236.25,1,53.479,"
1784215515.1288989,"01/01/2000,03:52:56.16,-1006.35,-52.25,57.62,-0.95,-0.53,-1.08,62.70,30.60,52.20,31.53,14.15,985.64,-38.55,175.0,-682.50,-148.75,1,53.479,"
1784215515.1461287,"01/01/2000,03:52:56.18,-1019.53,-41.02,-20.51,-2.53,-3.09,0.22,61.95,31.35,51.30,31.58,14.27,986.13,-38.67,96.25,-463.75,-367.50,1,53.480,"
1784215515.1652846,"01/01/2000,03:52:56.20,-1034.18,-29.30,27.34,0.74,0.74,-0.08,62.25,29.25,55.35,31.48,14.03,986.49,-38.80,201.25,-831.25,-245.0,1,53.478,"
1784215515.180135,"01/01/2000,03:52:56.22,-1013.18,-6.35,33.69,-0.46,0.10,-0.23,61.65,30.15,52.50,31.67,14.40,986.25,-38.67,43.75,-533.75,-87.50,1,53.479,"
1784215515.200192,"01/01/2000,03:52:56.23,-1021.00,-27.83,25.39,0.79,-1.79,0.48,63.15,31.05,52.50,31.72,14.15,985.88,-38.55,131.25,-735.0,-288.75,1,53.479,"
1784215515.2208326,"01/01/2000,03:52:56.25,-1005.86,-59.57,99.61,-1.47,-1.66,-2.12,61.35,31.20,52.65,31.48,14.40,985.76,-38.80,157.50,-665.0,-236.25,1,53.479,"
1784215515.2384236,"01/01/2000,03:52:56.27,-1020.02,-6.84,-21.00,0.65,-0.15,-0.50,62.25,30.45,53.40,31.53,14.40,986.13,-39.28,210.0,-428.75,-236.25,1,53.479,"
1784215515.2556992,"01/01/2000,03:52:56.29,-1026.86,-21.48,-62.99,0.47,-1.80,-2.29,61.95,31.80,51.30,31.48,14.15,986.13,-39.04,70.0,-682.50,-87.50,1,53.479,"
1784215515.2905822,"01/01/2000,03:52:56.32,-1012.70,-17.09,-11.23,-0.78,0.87,-1.40,62.40,31.05,52.95,31.48,14.03,985.52,-38.80,87.50,-726.25,-245.0,1,53.480,"
1784215515.3111224,"01/01/2000,03:52:56.35,-1018.55,-54.20,105.47,-2.31,-1.97,-2.34,63.60,33.0,52.95,31.67,14.40,985.88,-38.80,61.25,-848.75,-70.0,1,53.479,"
1784215515.3290844,"01/01/2000,03:52:56.36,-1020.02,-20.02,7.81,-0.04,-0.83,-1.31,62.25,30.45,52.65,31.72,14.27,986.25,-39.16,-8.75,-586.25,-323.75,1,53.479,"
1784215515.353295,"01/01/2000,03:52:56.39,-1002.93,-75.20,-167.97,2.15,1.05,-0.47,62.40,32.25,52.50,31.72,14.40,986.00,-41.97,-455.0,-927.50,-17.50,1,53.479,"
1784215515.3789876,"01/01/2000,03:52:56.41,-1060.55,-72.75,-40.53,-1.31,-3.05,-0.91,60.30,30.75,54.15,31.53,14.15,985.03,-47.58,918.75,-665.0,-315.0,1,53.478,"
1784215515.3936315,"01/01/2000,03:52:56.43,-983.89,-21.48,50.29,-0.79,-1.88,-0.54,63.60,33.45,52.95,31.72,14.40,985.15,-47.82,770.0,-682.50,-183.75,1,53.479,"
1784215515.413368,"01/01/2000,03:52:56.45,-996.09,-27.83,-1.46,2.65,0.88,-1.17,61.65,31.80,52.50,31.72,14.64,986.25,-45.63,-218.75,-656.25,-148.75,1,53.479,"
1784215515.4290075,"01/01/2000,03:52:56.46,-1010.25,-62.01,-29.30,0.76,1.44,-0.48,63.0,30.75,52.35,31.48,14.15,986.49,-45.26,-560.0,-1006.25,-437.50,1,53.479,"
1784215515.4673164,"01/01/2000,03:52:56.50,-1001.95,-38.09,35.16,-1.30,-3.05,-0.73,63.0,31.95,51.90,31.72,14.88,986.49,-51.12,-148.75,-140.0,-402.50,1,53.478,"
1784215515.4885504,"01/01/2000,03:52:56.52,-1000.0,-23.93,27.83,-0.38,-0.28,-0.36,63.15,31.80,52.20,32.06,14.64,985.76,-53.19,43.75,-525.0,-315.0,1,53.479,"
1784215515.5025406,"01/01/2000,03:52:56.54,-1023.44,-47.85,-21.97,0.76,-1.01,0.29,61.80,30.75,53.40,31.91,14.40,984.42,-55.14,691.25,-332.50,-131.25,1,53.479,"
1784215515.5229647,"01/01/2000,03:52:56.56,-1003.91,-27.34,-9.77,-0.39,-1.54,0.07,61.05,30.45,52.35,31.86,14.52,986.00,-53.92,1041.25,-393.75,-183.75,1,53.479,"
1784215515.557301,"01/01/2000,03:52:56.59,-1042.97,-11.72,23.44,1.08,1.08,-1.63,63.0,30.45,52.65,31.86,14.64,987.47,-45.87,-332.50,-420.0,-96.25,1,53.479,"
1784215515.575845,"01/01/2000,03:52:56.61,-1004.39,-39.06,16.60,2.28,1.74,0.43,62.25,31.65,52.65,31.67,14.64,985.88,-44.65,-52.50,-533.75,-87.50,1,53.480,"
1784215515.5960565,"01/01/2000,03:52:56.63,-996.58,-25.88,50.29,0.44,-0.50,-1.50,63.15,32.25,51.75,31.72,14.15,986.00,-44.90,-323.75,-603.75,-271.25,1,53.478,"
1784215515.6135223,"01/01/2000,03:52:56.65,-1020.02,-18.07,-3.42,0.62,1.56,-0.47,63.15,31.35,51.30,31.38,14.27,986.00,-46.36,-131.25,-603.75,-175.0,1,53.479,"
1784215515.6309206,"01/01/2000,03:52:56.67,-1016.60,-52.73,-27.34,-1.24,-2.21,-1.71,63.0,30.45,51.90,31.67,14.27,984.91,-47.21,726.25,-463.75,-367.50,1,53.479,"
1784215515.652298,"01/01/2000,03:52:56.69,-987.30,-33.20,-60.55,-0.75,-1.03,-3.82,62.25,30.75,52.65,31.53,14.27,984.66,-45.26,997.50,-621.25,-166.25,1,53.479,"
1784215515.669126,"01/01/2000,03:52:56.70,-987.79,-30.27,14.65,1.99,-1.02,1.50,62.40,31.35,52.20,31.53,14.15,985.76,-40.75,-43.75,-603.75,-358.75,1,53.479,"
1784215515.7035162,"01/01/2000,03:52:56.74,-999.02,-49.80,53.71,1.99,-0.66,-1.01,61.65,29.85,52.95,31.77,14.52,985.27,-38.67,-621.25,-866.25,-87.50,1,53.480,"
1784215515.7249603,"01/01/2000,03:52:56.76,-1020.02,-39.55,41.50,-2.05,1.35,2.31,61.65,32.55,51.75,31.72,14.40,985.03,-41.97,131.25,-673.75,-227.50,1,53.480,"
1784215515.741837,"01/01/2000,03:52:56.78,-1037.11,-18.55,69.82,0.99,0.80,0.31,63.15,31.80,52.20,31.72,14.27,985.03,-44.41,1015.0,-796.25,17.50,1,53.479,"
1784215515.763351,"01/01/2000,03:52:56.79,-1020.02,-23.93,16.60,-0.95,-0.03,0.63,62.25,30.45,51.90,31.72,14.15,985.76,-42.70,1680.0,-638.75,-192.50,1,53.479,"
1784215515.779257,"01/01/2000,03:52:56.81,-996.09,-43.95,57.13,0.79,-1.24,-1.66,63.0,30.75,52.35,31.77,14.27,988.44,-36.36,-52.50,-700.0,-376.25,1,53.479,"
1784215515.7985625,"01/01/2000,03:52:56.83,-1006.35,-31.74,-66.41,1.35,2.82,-1.10,62.55,31.20,53.40,31.38,14.88,988.32,-33.31,-1505.0,-708.75,-113.75,1,53.479,"
1784215515.8135626,"01/01/2000,03:52:56.85,-1016.11,-16.60,9.28,-1.53,2.13,1.02,63.75,31.95,53.40,31.48,14.64,986.49,-36.97,-446.25,-787.50,-218.75,1,53.479,"
1784215515.8329425,"01/01/2000,03:52:56.87,-1004.39,-0.98,7.81,1.69,-1.90,1.53,62.40,31.35,51.30,31.77,13.91,985.52,-40.38,376.25,-980.0,-157.50,1,53.480,"
1784215515.8641481,"01/01/2000,03:52:56.90,-1017.58,-46.39,35.64,-0.28,0.20,-0.07,60.60,31.95,53.85,31.38,14.15,984.54,-42.46,1006.25,-490.0,-271.25,1,53.479,"
1784215515.8846235,"01/01/2000,03:52:56.92,-1025.39,-29.30,-36.62,0.97,-0.63,-2.22,63.60,31.35,52.95,31.67,14.52,985.52,-38.31,-26.25,-621.25,-253.75,1,53.478,"
1784215515.9016843,"01/01/2000,03:52:56.94,-1010.25,-48.83,79.59,1.20,-1.31,-0.77,61.35,30.45,51.60,31.67,14.76,986.00,-35.99,-131.25,-682.50,-148.75,1,53.478,"
1784215515.9193318,"01/01/2000,03:52:56.95,-1016.60,-31.25,26.86,-0.02,0.20,0.43,62.55,31.95,52.35,31.72,14.64,987.35,-35.62,-218.75,-700.0,-227.50,1,53.478,"
1784215515.9402924,"01/01/2000,03:52:56.98,-1000.49,-23.93,-37.11,0.61,0.09,1.34,62.25,31.95,53.40,31.58,14.40,988.08,-36.97,-787.50,-840.0,-87.50,1,53.478,"
1784215515.9754684,"01/01/2000,03:52:57.01,-997.07,-20.51,65.92,0.32,-2.65,1.33,62.55,30.75,53.40,31.72,14.03,983.44,-41.97,498.75,-805.0,-446.25,1,53.478,"
1784215515.9927678,"01/01/2000,03:52:57.03,-1044.43,-38.57,21.48,0.43,0.55,2.08,62.55,30.75,50.85,31.58,14.40,983.08,-42.94,1172.50,-647.50,-140.0,1,53.479,"
1784215516.015514,"01/01/2000,03:52:57.05,-1014.65,-36.62,1.46,-1.18,-2.34,-1.39,62.25,30.75,53.10,31.72,14.40,985.52,-40.26,1006.25,-586.25,-245.0,1,53.478,"
1784215516.0319452,"01/01/2000,03:52:57.07,-1016.60,-46.88,12.70,-0.60,-0.21,0.24,61.05,31.65,54.15,31.67,14.76,988.08,-35.62,-175.0,-498.75,-253.75,1,53.478,"
1784215516.046423,"01/01/2000,03:52:57.08,-1019.53,-49.32,-22.46,0.32,1.15,-0.63,62.40,33.45,53.25,31.67,14.64,988.20,-34.16,-901.25,-551.25,-192.50,1,53.478,"
1784215516.0703237,"01/01/2000,03:52:57.10,-996.58,-47.85,50.29,0.39,-0.31,0.37,61.95,32.55,53.25,31.86,14.15,985.27,-36.48,-157.50,-1050.0,-96.25,1,53.478,"
1784215516.0876405,"01/01/2000,03:52:57.12,-1031.74,-41.02,22.46,0.53,-2.10,-0.45,64.65,31.35,52.20,31.58,14.03,984.30,-38.31,980.0,-761.25,-236.25,1,53.478,"
1784215516.1046786,"01/01/2000,03:52:57.14,-1022.46,-33.69,-22.46,0.89,-1.01,0.69,63.15,32.55,52.50,31.67,14.15,985.64,-39.28,726.25,-551.25,-332.50,1,53.479,"
1784215516.1219764,"01/01/2000,03:52:57.16,-1024.90,-63.96,38.57,0.20,-0.49,1.46,63.60,31.80,54.45,31.72,14.88,987.71,-38.92,-87.50,-595.0,-8.75,1,53.479,"
1784215516.1455755,"01/01/2000,03:52:57.18,-1021.48,-34.67,-9.77,0.83,-2.95,2.51,62.70,31.05,52.50,31.72,14.40,986.98,-38.80,-70.0,-463.75,-376.25,1,53.479,"
1784215516.160278,"01/01/2000,03:52:57.20,-995.12,-8.79,-9.28,0.11,0.02,1.39,63.0,31.20,53.85,31.67,14.40,986.49,-39.04,218.75,-883.75,-131.25,1,53.478,"
1784215516.1795905,"01/01/2000,03:52:57.21,-1002.93,-17.58,10.25,-1.07,-0.07,-0.61,62.55,32.40,51.60,31.38,14.40,986.49,-39.41,218.75,-673.75,-227.50,1,53.478,"
1784215516.194571,"01/01/2000,03:52:57.23,-1021.00,-35.64,31.74,0.53,-1.44,0.64,61.20,31.80,51.30,31.67,14.27,986.49,-39.28,201.25,-708.75,-262.50,1,53.479,"
1784215516.2329504,"01/01/2000,03:52:57.27,-998.05,-41.02,22.46,0.80,-0.62,-0.66,60.90,30.60,55.50,31.77,14.40,985.52,-39.04,87.50,-638.75,-245.0,1,53.479,"
1784215516.2592964,"01/01/2000,03:52:57.29,-1014.65,-39.06,111.33,0.06,-0.90,1.27,63.15,31.80,52.50,31.24,14.52,986.25,-39.16,376.25,-778.75,-122.50,1,53.479,"
1784215516.2724278,"01/01/2000,03:52:57.31,-1041.99,-64.45,107.91,-0.34,-0.02,-0.12,63.15,31.05,52.95,31.53,14.64,987.83,-37.94,183.75,-402.50,-218.75,1,53.479,"
1784215516.289693,"01/01/2000,03:52:57.32,-1018.07,-67.38,22.46,-1.05,0.68,-1.12,63.90,31.80,53.70,31.72,14.64,987.47,-36.84,-568.75,-717.50,-157.50,1,53.479,"
1784215516.3109267,"01/01/2000,03:52:57.34,-996.58,-21.97,-20.02,-0.08,-1.03,-1.76,63.90,31.80,53.70,31.72,14.52,985.88,-37.21,-428.75,-665.0,-166.25,1,53.478,"
1784215516.3281333,"01/01/2000,03:52:57.36,-1012.70,-26.37,34.18,2.08,1.19,1.89,62.40,31.35,51.0,31.58,14.15,984.66,-38.92,105.0,-918.75,-175.0,1,53.479,"
1784215516.3457308,"01/01/2000,03:52:57.38,-1006.35,-37.11,-28.32,0.73,1.66,0.09,63.0,32.40,52.35,31.72,14.40,985.03,-40.63,700.0,-560.0,-218.75,1,53.479,"
1784215516.3906617,"01/01/2000,03:52:57.43,-1013.18,-43.46,7.81,1.15,0.66,-1.11,63.60,30.60,53.25,31.53,14.88,985.64,-37.94,-96.25,-612.50,-157.50,1,53.478,"
1784215516.4147718,"01/01/2000,03:52:57.44,-1020.02,-26.37,-15.14,1.36,-0.29,0.21,63.0,31.65,52.35,31.91,14.76,985.39,-36.72,-227.50,-568.75,-201.25,1,53.478,"
1784215516.4290085,"01/01/2000,03:52:57.46,-1019.04,-12.70,34.18,0.69,0.66,0.15,63.0,30.45,54.15,31.67,14.15,986.00,-36.60,43.75,-918.75,-166.25,1,53.477,"
1784215516.4662936,"01/01/2000,03:52:57.50,-1020.51,-32.71,13.18,3.42,-0.28,0.87,63.75,30.75,53.40,31.72,14.64,986.49,-38.31,-280.0,-682.50,-245.0,1,53.478,"
1784215516.488649,"01/01/2000,03:52:57.52,-1027.34,-32.71,41.50,0.05,2.82,0.30,62.25,31.20,53.85,31.67,14.88,985.52,-39.65,131.25,-647.50,-183.75,1,53.478,"
1784215516.5030925,"01/01/2000,03:52:57.54,-1025.39,-32.23,-27.83,1.26,-1.53,-1.24,63.90,31.05,52.50,31.67,14.76,985.15,-40.50,446.25,-551.25,-183.75,1,53.478,"
1784215516.5189736,"01/01/2000,03:52:57.55,-1017.58,-27.83,29.30,0.94,-1.21,-0.05,63.0,31.65,52.35,31.58,14.64,986.00,-39.65,472.50,-612.50,-78.75,1,53.478,"
1784215516.5361664,"01/01/2000,03:52:57.57,-1030.27,-35.16,17.58,0.46,-1.47,-1.24,63.90,31.05,52.50,31.38,14.15,986.98,-38.55,-140.0,-577.50,-201.25,1,53.478,"
1784215516.5743167,"01/01/2000,03:52:57.61,-1025.88,-21.48,-5.37,2.08,-0.82,-2.0,62.25,28.80,55.35,31.58,14.52,985.76,-37.58,490.0,-525.0,-131.25,1,53.479,"
1784215516.5929856,"01/01/2000,03:52:57.63,-999.51,-10.25,-13.67,-0.02,-2.0,-0.74,63.15,31.80,52.95,31.72,14.64,986.49,-37.33,315.0,-840.0,-218.75,1,53.478,"
1784215516.6136239,"01/01/2000,03:52:57.64,-1031.25,-36.62,8.30,2.88,-0.93,1.15,63.75,31.20,51.60,31.72,14.88,987.47,-37.45,-463.75,-612.50,-105.0,1,53.478,"
1784215516.6309524,"01/01/2000,03:52:57.66,-978.03,-26.86,-16.60,3.22,1.07,-0.75,63.90,30.60,52.95,31.72,14.40,986.49,-38.43,-437.50,-411.25,-245.0,1,53.478,"
1784215516.645779,"01/01/2000,03:52:57.68,-1000.98,-25.39,18.07,0.29,0.94,0.98,64.65,33.45,52.95,31.72,14.03,984.30,-39.53,463.75,-735.0,-253.75,1,53.478,"
1784215516.6652095,"01/01/2000,03:52:57.70,-1022.46,-65.43,70.80,-1.82,-1.85,-1.84,64.65,33.45,52.95,31.58,14.15,983.81,-39.89,901.25,-787.50,-175.0,1,53.479,"
1784215516.7035859,"01/01/2000,03:52:57.74,-1002.44,-55.66,59.08,-0.28,-0.52,-0.64,63.15,32.25,52.50,31.72,14.64,987.96,-37.09,-113.75,-770.0,-201.25,1,53.479,"
1784215516.7230203,"01/01/2000,03:52:57.76,-997.07,-43.46,-3.42,1.51,0.11,-1.75,64.35,31.35,52.50,31.72,15.01,988.20,-35.75,-437.50,-743.75,-70.0,1,53.479,"
1784215516.7379487,"01/01/2000,03:52:57.77,-1036.13,-43.46,16.60,3.20,-0.06,-0.65,61.65,31.05,53.70,31.53,15.01,986.49,-35.75,-227.50,-498.75,-210.0,1,53.478,"
1784215516.7643116,"01/01/2000,03:52:57.79,-1020.51,-29.79,-29.79,1.14,-0.57,0.61,63.60,29.85,53.70,31.72,14.64,985.88,-37.21,-262.50,-945.0,-113.75,1,53.478,"
1784215516.7780142,"01/01/2000,03:52:57.81,-1022.46,-20.51,24.41,1.23,-1.13,-2.54,63.60,29.85,53.70,31.48,14.64,985.64,-38.92,-236.25,-551.25,-201.25,1,53.478,"
1784215516.7950063,"01/01/2000,03:52:57.83,-1035.16,-37.60,-19.53,1.16,-2.29,-0.85,62.70,31.35,52.20,31.77,14.40,985.52,-41.48,420.0,-542.50,-385.0,1,53.479,"
1784215516.813203,"01/01/2000,03:52:57.85,-1018.55,-43.46,58.11,-0.74,-0.58,1.04,63.75,31.65,52.65,31.67,14.52,985.03,-41.97,866.25,-752.50,-175.0,1,53.479,"
1784215516.8335216,"01/01/2000,03:52:57.87,-1041.99,-18.07,-25.39,0.04,-3.13,0.30,62.55,31.65,53.85,31.72,14.76,985.76,-39.04,875.0,-481.25,-393.75,1,53.479,"
1784215516.8491576,"01/01/2000,03:52:57.88,-1010.25,-45.90,43.95,-0.77,-1.66,0.45,64.95,31.95,53.40,31.86,14.52,987.59,-35.99,-437.50,-805.0,-201.25,1,53.479,"
1784215516.868291,"01/01/2000,03:52:57.90,-1013.18,-15.63,-26.37,-0.09,0.07,0.12,64.95,31.95,53.40,31.67,14.40,987.96,-34.89,-1006.25,-726.25,-201.25,1,53.479,"
1784215516.8951163,"01/01/2000,03:52:57.93,-1020.51,0.98,16.60,1.35,-2.19,0.40,64.50,28.35,55.05,31.53,14.27,986.86,-37.09,245.0,-673.75,-271.25,1,53.478,"
1784215516.9141946,"01/01/2000,03:52:57.95,-1006.84,-56.15,79.10,-1.51,-0.66,0.63,63.90,31.80,54.75,31.53,14.15,987.22,-38.19,595.0,-752.50,-323.75,1,53.478,"
1784215516.9328587,"01/01/2000,03:52:57.97,-994.14,-38.09,39.06,2.31,-1.42,-0.29,61.65,31.05,53.25,31.67,14.52,987.35,-37.58,-367.50,-621.25,-148.75,1,53.478,"
1784215516.9713466,"01/01/2000,03:52:58.01,-1032.71,-30.27,-34.67,1.98,0.17,-0.11,64.05,30.45,53.40,31.72,14.15,984.42,-38.43,157.50,-595.0,-288.75,1,53.478,"
1784215516.9882176,"01/01/2000,03:52:58.02,-996.09,-33.69,81.54,-0.10,-0.41,-2.05,63.75,30.75,52.35,31.86,14.15,985.88,-39.28,367.50,-717.50,0.0,1,53.478,"
1784215517.0056756,"01/01/2000,03:52:58.04,-1018.07,-12.21,-11.23,1.76,-1.03,2.30,62.40,33.0,54.0,31.72,14.27,986.00,-38.31,560.0,-603.75,-236.25,1,53.477,"
1784215517.0228503,"01/01/2000,03:52:58.06,-1000.0,-44.43,7.81,2.09,0.35,0.69,63.15,31.05,52.95,31.53,14.64,985.27,-36.97,-236.25,-735.0,-105.0,1,53.478,"
1784215517.0457277,"01/01/2000,03:52:58.08,-1028.32,-18.07,-9.28,1.28,-0.25,-0.43,63.0,30.45,51.60,31.58,14.76,984.91,-36.84,-507.50,-603.75,-201.25,1,53.478,"
1784215517.0623863,"01/01/2000,03:52:58.10,-1022.46,-23.44,42.48,1.63,-1.67,1.51,65.40,31.35,51.75,31.58,14.27,986.13,-38.06,463.75,-700.0,-288.75,1,53.478,"
1784215517.0784206,"01/01/2000,03:52:58.11,-1017.58,-41.02,6.84,0.13,-2.16,0.50,63.75,31.65,53.70,31.24,14.15,988.44,-38.67,682.50,-831.25,-323.75,1,53.478,"
1784215517.0955179,"01/01/2000,03:52:58.13,-1014.16,-65.43,62.50,-0.79,-1.21,1.79,63.75,31.65,50.85,31.72,14.64,989.18,-37.82,-43.75,-743.75,-297.50,1,53.478,"
1784215517.1137803,"01/01/2000,03:52:58.15,-993.16,-32.71,37.60,0.40,-0.92,0.10,63.60,31.35,53.25,31.67,14.88,986.86,-36.72,-490.0,-560.0,-148.75,1,53.478,"
1784215517.1348832,"01/01/2000,03:52:58.17,-1022.46,-25.39,-41.99,-1.69,-1.82,-0.41,63.0,30.45,53.10,31.58,14.64,984.54,-37.45,-210.0,-717.50,-131.25,1,53.479,"
1784215517.1513462,"01/01/2000,03:52:58.19,-1007.32,-13.67,6.84,-0.12,0.18,-1.02,63.75,31.95,51.90,31.58,14.15,985.03,-38.67,306.25,-656.25,-131.25,1,53.479,"
1784215517.1731763,"01/01/2000,03:52:58.21,-1027.83,-45.41,42.97,0.88,-1.24,-0.29,63.15,31.05,51.75,31.67,14.15,987.22,-39.28,297.50,-708.75,-26.25,1,53.478,"
1784215517.195696,"01/01/2000,03:52:58.22,-998.54,-41.99,30.76,2.37,-0.55,0.43,64.95,31.95,52.65,31.72,14.15,987.10,-38.19,113.75,-700.0,-227.50,1,53.478,"
1784215517.2075198,"01/01/2000,03:52:58.24,-1032.71,-53.71,20.51,-2.08,-1.34,-0.58,64.95,31.95,52.65,31.58,14.76,985.64,-36.97,603.75,-525.0,-17.50,1,53.478,"
1784215517.230979,"01/01/2000,03:52:58.26,-999.51,-63.96,53.22,1.65,2.26,-0.93,62.70,33.0,52.20,31.67,15.01,986.98,-35.50,-245.0,-525.0,-201.25,1,53.479,"
1784215517.2655082,"01/01/2000,03:52:58.30,-1023.44,-29.79,-19.53,1.76,0.76,2.30,63.60,29.40,51.75,31.53,14.64,983.93,-38.31,-385.0,-595.0,-201.25,1,53.479,"
1784215517.2798996,"01/01/2000,03:52:58.32,-997.07,-60.06,80.08,2.60,-1.33,-1.01,63.30,31.20,53.10,31.72,14.15,981.61,-40.50,848.75,-796.25,-271.25,1,53.479,"
1784215517.2995975,"01/01/2000,03:52:58.33,-1026.37,-27.83,22.95,-1.37,-2.12,0.36,63.30,31.20,53.10,31.67,14.03,982.22,-41.72,1400.0,-743.75,-262.50,1,53.479,"
1784215517.3189545,"01/01/2000,03:52:58.35,-1043.46,-30.27,11.72,1.60,0.82,0.79,62.25,30.75,52.35,31.72,14.40,987.22,-39.28,673.75,-568.75,-113.75,1,53.478,"
1784215517.335979,"01/01/2000,03:52:58.37,-1017.09,-2.93,-18.55,1.82,-0.17,0.99,63.0,30.0,53.85,31.53,14.88,989.79,-35.75,-253.75,-446.25,-245.0,1,53.478,"
1784215517.3533797,"01/01/2000,03:52:58.39,-1025.39,-35.64,37.60,-2.85,-0.34,1.17,64.50,31.65,53.10,31.58,15.01,989.42,-33.43,-542.50,-752.50,-148.75,1,53.479,"
1784215517.3790262,"01/01/2000,03:52:58.41,-993.16,-37.11,15.63,1.74,0.23,1.82,64.50,31.65,52.35,31.86,14.88,988.20,-33.79,-560.0,-770.0,-87.50,1,53.479,"
1784215517.3986707,"01/01/2000,03:52:58.43,-1001.95,-29.30,-7.32,2.55,0.78,-0.82,61.05,29.25,55.05,31.53,14.27,986.49,-38.06,-306.25,-875.0,-78.75,1,53.478,"
1784215517.4188602,"01/01/2000,03:52:58.45,-996.58,-45.41,13.18,0.0,-0.96,-1.01,64.35,30.15,55.50,31.67,14.15,984.54,-40.75,761.25,-638.75,-245.0,1,53.478,"
1784215517.4372313,"01/01/2000,03:52:58.47,-997.56,-30.27,17.58,-1.40,-1.64,-1.18,63.0,30.75,53.85,31.67,14.52,983.44,-41.11,1207.50,-682.50,-297.50,1,53.477,"
1784215517.4632995,"01/01/2000,03:52:58.49,-1022.95,-48.83,2.44,0.85,-0.87,1.67,62.70,31.05,52.50,31.86,15.37,984.66,-37.45,420.0,-315.0,-201.25,1,53.477,"
1784215517.4753518,"01/01/2000,03:52:58.51,-1011.23,-43.46,41.50,-1.68,-1.18,0.10,61.05,29.55,55.05,31.72,15.13,986.98,-35.01,-805.0,-428.75,-210.0,1,53.478,"
1784215517.496708,"01/01/2000,03:52:58.53,-1010.74,-14.65,29.79,-0.10,0.62,-0.52,63.15,31.80,52.95,31.67,14.76,987.96,-34.04,-1015.0,-866.25,-148.75,1,53.478,"
1784215517.5178504,"01/01/2000,03:52:58.54,-1023.44,-26.37,25.88,3.36,-1.0,-0.46,63.90,31.05,53.25,31.72,14.76,986.00,-35.62,-122.50,-708.75,-245.0,1,53.478,"
1784215517.534544,"01/01/2000,03:52:58.57,-1021.00,-35.16,82.03,-0.58,-1.82,-0.37,65.40,31.80,54.45,31.53,14.64,986.86,-38.06,271.25,-848.75,-262.50,1,53.478,"
1784215517.5467937,"01/01/2000,03:52:58.58,-1044.43,-37.11,-35.64,-0.44,-0.21,-1.15,65.40,31.80,54.45,31.53,14.64,987.10,-39.28,341.25,-682.50,-218.75,1,53.478,"
1784215517.5663307,"01/01/2000,03:52:58.60,-1006.84,-25.88,23.44,-0.67,0.01,2.35,63.75,31.20,53.10,31.72,14.88,986.49,-39.28,595.0,-595.0,-175.0,1,53.478,"
1784215517.5822728,"01/01/2000,03:52:58.62,-987.30,-22.95,-18.55,0.96,-0.08,-2.44,62.70,31.35,54.75,31.38,15.37,985.76,-38.06,358.75,-551.25,-140.0,1,53.479,"
1784215517.6215177,"01/01/2000,03:52:58.66,-1019.04,-31.25,51.76,-0.99,0.34,-2.20,63.90,31.80,53.70,31.91,14.40,987.83,-36.11,-455.0,-848.75,-113.75,1,53.478,"
1784215517.646244,"01/01/2000,03:52:58.67,-982.42,-5.37,-1.95,-0.72,2.89,3.12,63.90,31.80,53.70,31.67,14.52,987.47,-37.21,-288.75,-752.50,-131.25,1,53.478,"
1784215517.6613588,"01/01/2000,03:52:58.70,-994.14,-35.64,-3.91,1.74,-1.82,1.68,63.15,28.95,55.50,31.58,14.76,986.61,-37.94,551.25,-481.25,-271.25,1,53.478,"
1784215517.679178,"01/01/2000,03:52:58.71,-1010.25,-50.78,16.60,0.32,-2.25,-0.72,64.05,31.20,53.40,31.53,14.64,986.37,-37.58,280.0,-787.50,-113.75,1,53.478,"
1784215517.6946552,"01/01/2000,03:52:58.73,-1004.39,-46.88,61.04,0.03,-0.84,2.65,64.50,33.15,53.10,31.53,14.88,985.27,-36.84,-61.25,-577.50,-288.75,1,53.479,"
1784215517.7113729,"01/01/2000,03:52:58.75,-1013.67,-34.67,10.74,1.46,0.27,-0.53,62.70,31.05,53.70,31.67,14.52,983.08,-36.60,-280.0,-735.0,-192.50,1,53.479,"
1784215517.733053,"01/01/2000,03:52:58.77,-1032.23,-39.06,-22.95,-0.56,1.26,0.93,62.55,33.15,53.10,31.58,14.15,982.83,-36.84,183.75,-848.75,-210.0,1,53.479,"
1784215517.7543116,"01/01/2000,03:52:58.79,-1015.14,-25.39,28.81,-0.40,-2.80,-1.26,65.10,31.35,52.20,31.72,14.27,984.30,-36.36,735.0,-437.50,-306.25,1,53.478,"
1784215517.769843,"01/01/2000,03:52:58.80,-1040.53,-44.43,-1.95,2.08,-0.48,-0.49,65.25,32.40,52.65,31.86,14.40,986.74,-33.67,1478.75,-647.50,-262.50,1,53.478,"
1784215517.7846515,"01/01/2000,03:52:58.82,-1005.37,-40.53,4.39,2.94,-1.97,-1.23,63.60,32.55,54.0,31.72,14.76,988.93,-28.30,560.0,-568.75,-175.0,1,53.478,"
1784215517.8229837,"01/01/2000,03:52:58.86,-1008.79,-38.09,20.02,1.89,2.31,-1.66,63.90,31.05,52.95,31.48,15.01,990.76,-23.55,-1995.0,-735.0,-35.0,1,53.479,"
1784215517.8454678,"01/01/2000,03:52:58.88,-991.70,-41.50,8.79,1.55,-0.65,-0.03,64.35,31.35,53.70,31.67,14.52,986.74,-28.06,-752.50,-717.50,-210.0,1,53.479,"
1784215517.8623195,"01/01/2000,03:52:58.90,-979.98,-41.02,42.97,0.94,-1.39,-1.53,65.25,31.95,53.85,32.01,13.79,981.61,-32.94,2126.25,-630.0,-262.50,1,53.479,"
1784215517.8789399,"01/01/2000,03:52:58.91,-1023.44,-29.30,44.92,-0.23,-0.89,0.28,63.90,31.35,53.70,31.53,13.91,981.61,-31.72,2660.0,-577.50,-341.25,1,53.478,"
1784215517.8967235,"01/01/2000,03:52:58.93,-1029.30,-31.25,-38.09,2.22,1.05,0.75,65.25,32.40,53.85,31.67,14.52,985.76,-24.89,945.0,-551.25,-236.25,1,53.478,"
1784215517.9210012,"01/01/2000,03:52:58.96,-1013.67,-46.88,23.93,-0.62,1.84,-3.17,64.95,32.40,53.85,31.58,15.01,991.37,-17.57,-2222.50,-787.50,-210.0,1,53.478,"
1784215517.9435759,"01/01/2000,03:52:58.98,-1017.58,-17.09,45.90,-0.50,0.63,0.40,64.65,30.60,52.50,31.72,14.76,990.88,-23.42,-1496.25,-1093.75,-70.0,1,53.478,"
1784215517.963295,"01/01/2000,03:52:59.00,-1030.76,-66.41,75.68,0.0,-1.01,0.58,63.30,32.40,53.40,31.53,13.79,986.49,-31.23,516.25,-1295.0,-210.0,1,53.478,"
1784215517.9788346,"01/01/2000,03:52:59.01,-953.13,12.21,12.70,1.43,-2.60,2.22,65.10,31.80,51.75,31.67,13.91,981.61,-34.65,2441.25,-551.25,-306.25,1,53.478,"
1784215518.0025647,"01/01/2000,03:52:59.03,-1065.43,0.0,15.14,-3.54,2.19,-1.05,64.50,31.20,53.40,31.53,14.76,980.64,-33.79,1916.25,297.50,-183.75,1,53.478,"
1784215518.0127487,"01/01/2000,03:52:59.05,-1001.46,-55.66,14.16,2.80,0.80,0.88,64.35,31.35,53.25,31.48,14.40,987.47,-29.04,-455.0,-52.50,-210.0,1,53.477,"
1784215518.0342045,"01/01/2000,03:52:59.07,-1028.32,-44.92,32.23,0.89,2.36,0.86,63.75,31.65,53.10,31.67,14.40,991.37,-27.82,-1198.75,-1085.0,-192.50,1,53.478,"
1784215518.0513036,"01/01/2000,03:52:59.09,-996.58,-19.53,-43.46,1.90,1.44,-0.89,63.15,30.60,53.70,31.67,14.52,991.49,-29.65,-1251.25,-1680.0,-122.50,1,53.478,"
1784215518.089883,"01/01/2000,03:52:59.12,-1009.28,-29.79,-16.11,-0.62,-0.78,-2.03,65.40,31.35,54.0,31.72,14.88,982.10,-38.55,1400.0,-148.75,-271.25,1,53.478,"
1784215518.108632,"01/01/2000,03:52:59.14,-1014.16,-4.88,52.73,3.76,-1.21,2.02,63.75,31.20,52.35,31.72,14.15,983.32,-38.31,1312.50,175.0,-472.50,1,53.478,"
1784215518.1280212,"01/01/2000,03:52:59.16,-1017.09,-54.20,24.41,2.06,-2.23,-0.97,63.90,30.15,54.0,31.72,13.79,986.86,-35.50,446.25,-297.50,-411.25,1,53.479,"
1784215518.1458652,"01/01/2000,03:52:59.18,-992.68,-40.04,-25.88,0.77,0.26,0.49,63.15,31.80,54.45,31.53,14.03,988.69,-32.94,-595.0,-1216.25,-140.0,1,53.478,"
1784215518.163418,"01/01/2000,03:52:59.20,-1021.48,-34.67,31.25,-0.09,3.40,-0.69,63.15,30.15,52.50,31.67,14.88,987.96,-32.94,-1111.25,-1531.25,-148.75,1,53.479,"
1784215518.1797228,"01/01/2000,03:52:59.22,-1004.39,-5.37,13.67,1.68,-1.76,1.29,63.90,30.60,52.95,31.19,15.01,985.76,-36.11,-402.50,-787.50,-140.0,1,53.478,"
1784215518.197875,"01/01/2000,03:52:59.23,-1028.32,-42.48,31.25,-2.59,-0.59,1.22,63.90,30.60,52.95,31.48,14.64,984.30,-39.65,1006.25,-96.25,-148.75,1,53.478,"
1784215518.237159,"01/01/2000,03:52:59.27,-1028.32,-36.13,-6.84,1.79,-3.34,2.45,63.15,32.25,53.70,31.72,14.03,986.37,-36.84,638.75,-726.25,-245.0,1,53.478,"
1784215518.2744527,"01/01/2000,03:52:59.31,-1005.37,-35.64,-68.36,3.37,-0.53,-0.87,64.35,31.05,51.75,31.77,15.01,987.71,-34.40,-1076.25,-918.75,-105.0,1,53.479,"
1784215518.29392,"01/01/2000,03:52:59.33,-998.05,-35.16,3.42,1.35,0.01,-0.06,64.35,31.80,52.50,31.72,14.88,986.25,-38.06,218.75,-682.50,-227.50,1,53.479,"
1784215518.31145,"01/01/2000,03:52:59.34,-1009.28,-34.18,1.95,-0.85,-1.02,-0.34,63.30,32.40,53.85,31.38,14.64,985.03,-40.26,1260.0,-455.0,-262.50,1,53.478,"
1784215518.3270493,"01/01/2000,03:52:59.36,-1021.00,-31.25,23.93,0.57,-0.46,4.52,64.65,31.80,52.20,31.91,14.64,984.17,-39.89,1207.50,-385.0,-192.50,1,53.478,"
1784215518.346708,"01/01/2000,03:52:59.38,-1007.81,-30.27,-14.65,0.90,1.79,1.30,64.05,30.75,53.40,31.67,14.64,986.61,-35.99,43.75,-551.25,-201.25,1,53.478,"
1784215518.3653936,"01/01/2000,03:52:59.40,-1035.64,-62.50,21.48,-1.66,0.55,1.31,63.30,30.75,51.60,31.58,14.88,988.08,-34.16,-813.75,-875.0,-140.0,1,53.478,"
1784215518.3811305,"01/01/2000,03:52:59.42,-1020.51,-20.51,27.34,3.04,-0.34,1.05,63.60,32.25,54.75,31.38,15.13,988.20,-35.14,-717.50,-1032.50,-122.50,1,53.479,"
1784215518.3998382,"01/01/2000,03:52:59.43,-1006.35,-35.64,33.69,1.30,-0.73,-2.44,64.35,32.25,52.95,31.72,15.13,986.49,-37.21,192.50,-883.75,-183.75,1,53.479,"
1784215518.4309678,"01/01/2000,03:52:59.46,-1025.39,-33.69,0.49,-1.10,-2.60,-0.59,63.30,29.25,54.15,31.77,15.13,984.42,-39.77,1067.50,-402.50,-140.0,1,53.478,"
1784215518.4683268,"01/01/2000,03:52:59.50,-1038.09,-41.02,8.79,1.0,2.92,2.16,64.35,31.35,53.25,31.72,14.88,987.59,-35.62,-385.0,-831.25,-96.25,1,53.477,"
1784215518.5038202,"01/01/2000,03:52:59.54,-1014.65,-42.97,32.71,0.65,-0.89,0.23,64.95,31.65,53.40,31.58,15.25,986.74,-36.72,-490.0,-936.25,-157.50,1,53.478,"
1784215518.520506,"01/01/2000,03:52:59.56,-1004.39,-23.93,67.38,0.34,0.38,-2.28,64.95,31.65,53.40,31.53,15.37,985.39,-39.04,560.0,-472.50,-70.0,1,53.478,"
1784215518.538173,"01/01/2000,03:52:59.57,-1018.55,-26.86,38.09,2.15,-1.19,1.71,62.25,32.40,54.15,31.86,14.88,985.03,-39.65,1085.0,-157.50,-288.75,1,53.478,"
1784215518.5603817,"01/01/2000,03:52:59.59,-1022.95,-37.60,-9.77,-0.60,0.44,-0.90,64.50,31.20,53.85,31.58,14.64,985.88,-37.94,411.25,-726.25,-271.25,1,53.478,"
1784215518.5813525,"01/01/2000,03:52:59.61,-1012.21,-22.46,32.23,0.73,-0.33,-1.21,64.35,31.35,52.50,31.67,14.64,987.22,-35.50,-218.75,-743.75,-358.75,1,53.478,"
1784215518.5977762,"01/01/2000,03:52:59.63,-1023.44,-41.50,5.86,1.85,-0.35,1.18,63.75,31.65,51.90,31.67,14.88,987.71,-34.77,-761.25,-1032.50,-192.50,1,53.479,"
1784215518.6132472,"01/01/2000,03:52:59.65,-1011.72,-41.02,20.51,-0.11,-2.68,-1.11,65.70,30.75,53.10,31.58,15.13,986.61,-36.48,-271.25,-787.50,-17.50,1,53.478,"
1784215518.6330056,"01/01/2000,03:52:59.67,-1014.65,-26.86,-16.11,0.37,-0.53,0.62,64.35,28.65,54.0,31.58,14.88,985.27,-39.04,708.75,-533.75,-253.75,1,53.478,"
1784215518.6490252,"01/01/2000,03:52:59.69,-1023.44,-16.11,4.88,-2.03,-0.02,3.88,63.90,31.05,53.25,31.48,14.76,985.03,-39.04,962.50,-393.75,-253.75,1,53.478,"
1784215518.6678312,"01/01/2000,03:52:59.70,-1006.84,-45.90,14.65,1.82,0.30,0.05,64.65,31.35,52.50,31.53,14.52,986.00,-37.58,551.25,-533.75,-227.50,1,53.478,"
1784215518.684655,"01/01/2000,03:52:59.72,-1001.46,-57.13,40.04,1.07,-0.95,-0.13,63.15,32.25,54.0,31.72,14.64,987.35,-35.62,-78.75,-787.50,-245.0,1,53.479,"
1784215518.705541,"01/01/2000,03:52:59.74,-1022.95,-30.76,22.95,1.70,1.09,0.10,64.35,31.80,53.25,31.67,14.76,987.47,-35.14,-691.25,-927.50,-113.75,1,53.478,"
1784215518.7403536,"01/01/2000,03:52:59.78,-988.28,-28.81,44.43,-1.47,-2.38,-0.15,62.70,31.35,53.70,31.58,15.01,985.52,-38.06,507.50,-516.25,-245.0,1,53.478,"
1784215518.7612593,"01/01/2000,03:52:59.80,-995.61,-28.81,24.41,-1.02,-0.78,-0.06,63.75,31.95,52.35,31.24,15.13,985.52,-38.31,866.25,-472.50,-236.25,1,53.478,"
1784215518.7775548,"01/01/2000,03:52:59.81,-1044.43,-50.78,-0.98,-1.03,1.50,0.64,63.15,33.45,52.95,31.48,14.88,986.25,-36.48,271.25,-577.50,-245.0,1,53.478,"
1784215518.7996626,"01/01/2000,03:52:59.83,-1029.79,-48.83,94.73,-2.79,0.22,-0.15,63.90,30.60,52.95,31.72,14.76,987.47,-35.14,-481.25,-682.50,-218.75,1,53.478,"
1784215518.811843,"01/01/2000,03:52:59.85,-1021.97,-57.13,84.47,1.40,-1.02,0.79,64.35,32.25,53.25,31.58,14.88,987.47,-35.01,-402.50,-831.25,-131.25,1,53.479,"
1784215518.8350418,"01/01/2000,03:52:59.87,-1005.37,-44.43,36.62,3.62,-1.31,-2.04,64.65,32.25,52.95,31.67,14.76,986.37,-36.97,-113.75,-770.0,-245.0,1,53.479,"
1784215518.8521087,"01/01/2000,03:52:59.89,-1031.74,-34.67,0.49,0.11,-1.51,0.13,63.60,29.40,52.50,31.58,14.88,985.64,-38.55,630.0,-533.75,-166.25,1,53.479,"
1784215518.8693092,"01/01/2000,03:52:59.90,-1000.49,-50.29,21.48,-0.33,0.79,-0.18,64.05,30.75,53.40,31.72,14.88,985.52,-38.43,752.50,-367.50,-297.50,1,53.479,"
1784215518.8861947,"01/01/2000,03:52:59.92,-1018.55,-25.39,-22.46,0.21,0.21,0.58,64.05,31.95,52.35,31.72,14.76,986.37,-36.84,157.50,-455.0,-210.0,1,53.478,"
1784215518.9123125,"01/01/2000,03:52:59.94,-1009.77,-52.25,58.59,2.77,-0.96,0.69,64.95,31.95,53.40,31.67,14.64,987.22,-35.62,-350.0,-831.25,-201.25,1,53.478,"
1784215518.928023,"01/01/2000,03:52:59.96,-1017.58,-38.57,15.14,-0.28,3.27,-1.77,63.60,31.35,52.95,31.72,14.64,987.47,-35.87,-350.0,-822.50,-113.75,1,53.478,"
1784215518.972345,"01/01/2000,03:53:00.01,-1010.25,-38.09,79.10,-1.82,-0.56,2.10,61.95,28.95,56.25,31.67,14.76,985.27,-38.19,586.25,-402.50,-227.50,1,53.478,"
1784215519.0065494,"01/01/2000,03:53:00.04,-1031.25,-47.85,33.20,1.89,-0.46,-0.08,64.95,31.65,53.10,31.67,14.64,986.74,-36.11,-87.50,-647.50,-140.0,1,53.478,"
1784215519.0280054,"01/01/2000,03:53:00.06,-1007.32,-41.50,59.57,-1.80,1.77,1.47,65.10,31.35,52.20,31.38,14.52,986.74,-35.62,-245.0,-822.50,-262.50,1,53.479,"
1784215519.046076,"01/01/2000,03:53:00.08,-1015.14,-37.11,74.22,2.41,-1.95,-0.94,62.40,31.80,53.25,31.67,14.88,985.88,-36.84,8.75,-770.0,-183.75,1,53.477,"
1784215519.063594,"01/01/2000,03:53:00.10,-1002.44,-26.37,38.57,1.65,-1.70,-1.25,64.50,31.95,53.40,31.58,14.88,985.27,-37.94,428.75,-542.50,-227.50,1,53.478,"
1784215519.079317,"01/01/2000,03:53:00.11,-1029.79,-42.97,17.09,-0.34,-0.37,-1.02,64.50,31.95,53.40,31.38,14.88,985.27,-38.55,665.0,-533.75,-271.25,1,53.478,"
1784215519.0977442,"01/01/2000,03:53:00.13,-1044.92,-45.90,38.57,-1.84,-1.14,0.82,63.30,31.20,53.85,31.77,14.88,986.13,-37.82,393.75,-455.0,-315.0,1,53.478,"
1784215519.1190565,"01/01/2000,03:53:00.15,-1027.83,-15.63,-18.07,-0.18,1.86,2.96,65.10,30.60,52.50,31.67,14.88,986.86,-36.11,-78.75,-822.50,-218.75,1,53.478,"
1784215519.136222,"01/01/2000,03:53:00.17,-1021.48,-21.00,-33.69,0.75,0.69,1.40,63.0,30.75,53.85,31.38,14.76,986.86,-35.99,-332.50,-761.25,-323.75,1,53.478,"
1784215519.1533985,"01/01/2000,03:53:00.19,-1022.46,-41.99,22.46,-1.38,0.39,1.50,64.95,31.65,53.10,31.58,14.88,986.37,-36.60,-122.50,-586.25,-218.75,1,53.479,"
1784215519.1746447,"01/01/2000,03:53:00.21,-1021.00,-28.81,27.34,0.15,0.20,2.0,64.35,29.85,53.70,31.72,14.64,985.64,-38.31,402.50,-691.25,-157.50,1,53.479,"
1784215519.1917229,"01/01/2000,03:53:00.23,-990.23,-41.02,41.50,-1.33,-1.18,1.90,62.55,31.20,54.15,31.38,14.88,985.52,-38.31,743.75,-621.25,-78.75,1,53.478,"
1784215519.2090955,"01/01/2000,03:53:00.24,-1002.93,-27.83,-21.00,-0.36,-0.01,-0.73,64.05,31.95,53.10,31.72,14.88,986.00,-37.09,148.75,-638.75,-236.25,1,53.478,"
1784215519.2296107,"01/01/2000,03:53:00.26,-1012.70,-34.18,61.52,-0.50,0.08,-1.04,64.50,31.95,53.85,31.77,14.64,986.74,-35.87,-166.25,-708.75,-166.25,1,53.478,"
1784215519.2460287,"01/01/2000,03:53:00.28,-999.51,-42.48,21.00,3.04,0.63,-0.91,63.15,31.05,53.70,31.67,14.64,986.74,-36.11,-323.75,-866.25,-236.25,1,53.478,"
1784215519.2653456,"01/01/2000,03:53:00.30,-1032.23,-38.57,18.07,-3.05,-1.01,-0.44,64.05,31.20,53.85,31.91,14.40,986.13,-37.33,-78.75,-691.25,-393.75,1,53.478,"
1784215519.280112,"01/01/2000,03:53:00.32,-1014.65,-59.08,42.48,0.28,-1.42,-1.78,64.05,32.40,53.10,31.67,14.64,985.64,-38.31,490.0,-787.50,-271.25,1,53.479,"
1784215519.2996867,"01/01/2000,03:53:00.34,-1014.65,-41.50,41.99,-0.01,-2.17,1.47,63.75,32.40,52.65,31.58,14.88,985.39,-37.82,542.50,-420.0,-236.25,1,53.479,"
1784215519.3389494,"01/01/2000,03:53:00.37,-993.65,-34.67,5.86,1.92,-0.34,1.01,63.60,31.80,52.50,31.86,14.64,986.86,-36.11,-227.50,-717.50,-236.25,1,53.478,"
1784215519.3562446,"01/01/2000,03:53:00.39,-1018.07,-28.32,34.18,1.56,-0.19,1.20,64.95,32.40,53.10,31.58,14.52,986.86,-36.23,-183.75,-752.50,-280.0,1,53.478,"
1784215519.378899,"01/01/2000,03:53:00.41,-1003.91,-29.79,22.95,-2.61,-0.73,-1.34,64.05,30.45,53.10,31.67,14.64,985.88,-37.33,140.0,-700.0,-105.0,1,53.478,"
1784215519.397328,"01/01/2000,03:53:00.43,-1014.65,-19.04,2.44,0.73,-0.85,1.92,64.35,32.25,52.20,31.48,14.88,985.27,-37.82,560.0,-551.25,-166.25,1,53.479,"
1784215519.4109442,"01/01/2000,03:53:00.45,-1025.39,-36.13,21.00,-0.10,-1.02,-1.12,65.10,31.35,54.45,31.67,14.64,985.64,-37.70,332.50,-516.25,-253.75,1,53.479,"
1784215519.4290402,"01/01/2000,03:53:00.46,-1016.60,-8.79,-27.34,-0.82,1.97,-1.05,64.95,32.40,53.40,31.67,14.52,986.25,-36.97,70.0,-717.50,-288.75,1,53.479,"
1784215519.4633517,"01/01/2000,03:53:00.49,-1005.86,-24.41,30.76,-1.76,-0.44,-1.11,63.15,31.05,54.75,31.72,14.64,986.49,-36.11,-288.75,-726.25,-271.25,1,53.477,"
1784215519.4771044,"01/01/2000,03:53:00.51,-1030.27,-34.18,38.09,0.02,-0.68,1.32,63.90,31.35,53.70,31.67,14.76,985.88,-36.84,-131.25,-612.50,-166.25,1,53.477,"
1784215519.4948473,"01/01/2000,03:53:00.53,-1015.14,-24.41,-2.93,1.25,-0.33,0.64,65.25,31.95,53.85,31.67,14.52,985.64,-37.94,306.25,-630.0,-262.50,1,53.478,"
1784215519.5113938,"01/01/2000,03:53:00.55,-1025.39,-40.04,-7.81,2.21,-1.37,-0.34,65.25,31.95,53.85,31.72,14.64,985.64,-38.31,420.0,-525.0,-262.50,1,53.478,"
1784215519.534465,"01/01/2000,03:53:00.57,-1021.97,-57.13,-8.79,0.70,0.61,-3.13,63.90,28.95,55.95,31.67,14.76,986.25,-37.58,323.75,-656.25,-227.50,1,53.478,"
1784215519.5501997,"01/01/2000,03:53:00.59,-1000.98,-15.63,27.83,-1.95,-0.44,-0.93,62.55,30.45,53.10,31.67,14.64,986.61,-36.60,0.0,-603.75,-183.75,1,53.478,"
1784215519.568189,"01/01/2000,03:53:00.60,-1025.39,-16.60,-39.06,0.25,-0.73,1.91,64.95,32.40,52.65,31.72,14.76,986.86,-36.48,-350.0,-612.50,-245.0,1,53.478,"
1784215519.58867,"01/01/2000,03:53:00.62,-983.40,-35.64,26.86,0.95,-0.26,-1.33,64.50,31.95,52.65,31.72,14.64,986.37,-37.33,52.50,-612.50,-210.0,1,53.478,"
1784215519.6073387,"01/01/2000,03:53:00.64,-993.16,-41.99,44.92,2.53,1.01,0.20,63.90,30.15,53.25,31.48,14.52,985.76,-38.19,385.0,-630.0,-253.75,1,53.477,"
1784215519.6399076,"01/01/2000,03:53:00.68,-1010.74,-38.57,5.37,4.08,-0.77,0.86,64.05,32.40,53.10,31.67,14.88,986.00,-37.33,236.25,-507.50,-280.0,1,53.478,"
1784215519.6612127,"01/01/2000,03:53:00.70,-1019.53,-36.62,40.53,1.51,-0.09,-3.39,63.30,31.65,53.85,31.38,14.64,986.74,-36.48,-148.75,-770.0,-218.75,1,53.478,"
1784215519.6778245,"01/01/2000,03:53:00.71,-1009.28,-19.04,27.34,1.29,-0.31,0.98,63.75,30.75,53.10,31.67,14.52,986.49,-36.60,26.25,-656.25,-262.50,1,53.478,"
1784215519.6976783,"01/01/2000,03:53:00.73,-1016.11,-41.50,7.81,0.82,-1.76,2.23,64.95,31.20,54.15,31.72,14.64,986.25,-37.58,35.0,-743.75,-210.0,1,53.478,"
1784215519.7346716,"01/01/2000,03:53:00.77,-994.14,-29.79,63.48,-0.31,-2.77,-0.73,64.65,30.15,54.45,31.77,14.88,985.76,-37.94,332.50,-560.0,-297.50,1,53.479,"
1784215519.7693546,"01/01/2000,03:53:00.80,-1026.37,-56.15,-14.16,-0.02,1.25,-2.24,64.05,31.95,53.10,31.67,14.52,986.37,-36.72,-122.50,-761.25,-315.0,1,53.478,"
1784215519.7865884,"01/01/2000,03:53:00.82,-1015.14,-42.48,-10.25,0.18,-1.48,-0.53,63.30,30.75,51.90,31.67,14.64,986.74,-36.72,-245.0,-770.0,-148.75,1,53.478,"
1784215519.824957,"01/01/2000,03:53:00.86,-1016.11,-29.30,59.08,0.53,-1.24,-0.45,63.60,30.60,52.95,31.72,14.64,985.76,-37.94,332.50,-726.25,-253.75,1,53.479,"
1784215519.8452814,"01/01/2000,03:53:00.88,-1011.23,-35.16,43.95,-0.63,-0.34,0.47,64.65,30.15,53.25,31.67,14.88,985.76,-37.82,306.25,-560.0,-166.25,1,53.479,"
1784215519.868303,"01/01/2000,03:53:00.90,-1021.48,-25.88,48.83,1.56,1.51,-0.90,63.0,31.95,53.10,31.72,14.64,986.49,-37.21,131.25,-568.75,-148.75,1,53.479,"
1784215519.8804076,"01/01/2000,03:53:00.92,-998.54,-36.62,34.67,1.97,-0.33,-1.17,64.05,30.45,52.65,31.58,14.64,986.98,-36.84,-43.75,-691.25,-210.0,1,53.479,"
1784215519.8976822,"01/01/2000,03:53:00.93,-999.51,-18.55,-3.91,1.92,0.15,1.46,64.35,31.80,52.20,31.67,14.76,986.37,-36.97,-26.25,-717.50,-175.0,1,53.478,"
1784215519.912232,"01/01/2000,03:53:00.95,-1010.25,-36.62,-37.60,-1.21,-0.69,-1.42,63.60,30.60,52.95,31.91,14.64,986.00,-37.33,35.0,-743.75,-218.75,1,53.479,"
1784215519.9534423,"01/01/2000,03:53:00.99,-1035.64,-54.20,51.76,-3.28,-0.22,0.31,62.70,31.05,54.0,31.67,14.76,986.49,-37.94,315.0,-481.25,-288.75,1,53.479,"
1784215520.0035367,"01/01/2000,03:53:01.04,-1029.30,-41.50,22.46,-0.71,-3.50,0.46,64.05,31.95,53.40,31.72,14.88,986.25,-36.23,201.25,-717.50,-166.25,1,53.478,"
1784215520.0240128,"01/01/2000,03:53:01.06,-1002.44,-28.32,-48.83,-0.03,1.69,0.66,63.15,28.65,54.75,31.72,14.76,987.96,-35.87,385.0,-673.75,-236.25,1,53.478,"
1784215520.041056,"01/01/2000,03:53:01.08,-1022.46,-45.90,31.25,3.06,0.35,0.65,63.15,32.25,53.25,31.72,14.76,990.40,-35.26,551.25,-568.75,-183.75,1,53.477,"
1784215520.0624115,"01/01/2000,03:53:01.09,-1031.74,-60.55,-13.18,3.01,-2.24,0.18,62.55,31.95,53.10,31.58,14.76,992.47,-34.28,306.25,-735.0,-113.75,1,53.477,"
1784215520.079914,"01/01/2000,03:53:01.11,-1025.39,-7.81,-3.42,0.89,0.59,1.53,63.30,31.20,51.90,31.67,14.64,995.28,-32.82,236.25,-1085.0,-271.25,1,53.477,"
1784215520.0977702,"01/01/2000,03:53:01.13,-1016.11,-35.64,31.25,-1.63,-0.17,-2.07,64.50,30.75,53.40,31.58,14.64,995.76,-31.84,393.75,-945.0,-306.25,1,53.477,"
1784215520.114514,"01/01/2000,03:53:01.15,-1031.74,-12.70,13.18,-1.06,1.57,0.07,64.05,31.65,52.65,31.53,14.88,995.64,-31.11,-52.50,-743.75,-183.75,1,53.478,"
1784215520.1319554,"01/01/2000,03:53:01.17,-1010.25,-32.71,57.62,0.78,0.74,-1.24,64.35,31.35,53.25,31.72,15.37,996.50,-30.26,-61.25,-323.75,-227.50,1,53.478,"
1784215520.1704588,"01/01/2000,03:53:01.21,-1034.18,-30.76,17.09,2.23,0.15,0.89,63.75,32.40,53.40,31.91,14.40,998.45,-29.40,805.0,-1260.0,-236.25,1,53.477,"
1784215520.2048476,"01/01/2000,03:53:01.24,-1006.84,-36.13,26.37,-1.73,1.56,-0.45,64.95,30.75,51.15,31.72,15.25,998.81,-28.67,-848.75,-813.75,-253.75,1,53.477,"
1784215520.2300622,"01/01/2000,03:53:01.26,-1013.67,-27.34,21.00,1.56,-0.18,1.24,64.05,32.40,52.35,31.72,14.88,992.10,-32.45,-70.0,-1330.0,-201.25,1,53.477,"
1784215520.2440069,"01/01/2000,03:53:01.28,-1015.14,-38.57,26.37,-1.65,0.53,0.18,63.75,32.40,53.85,31.53,15.13,989.18,-36.23,621.25,-743.75,-253.75,1,53.478,"
1784215520.263328,"01/01/2000,03:53:01.30,-1016.60,-25.88,5.86,2.05,-2.63,2.98,64.65,31.35,54.0,31.67,13.91,988.44,-37.82,1575.0,-1146.25,-341.25,1,53.478,"
1784215520.2796392,"01/01/2000,03:53:01.32,-1047.36,-14.65,-25.88,-0.39,0.24,0.77,62.55,31.95,53.85,31.72,14.27,990.76,-36.23,708.75,-551.25,-367.50,1,53.478,"
1784215520.299777,"01/01/2000,03:53:01.33,-1013.18,-22.95,-80.57,2.36,1.15,-0.31,63.30,30.75,52.65,31.67,15.13,993.45,-32.82,-542.50,-577.50,-227.50,1,53.478,"
1784215520.3179748,"01/01/2000,03:53:01.35,-1012.70,-38.57,56.15,-0.63,0.72,-1.61,63.30,31.95,53.10,31.24,15.01,992.84,-32.45,-1198.75,-1102.50,-437.50,1,53.477,"
1784215520.3346627,"01/01/2000,03:53:01.37,-998.05,-40.04,39.55,1.90,1.43,-1.07,63.30,31.20,53.40,31.58,15.37,989.66,-35.62,-656.25,-1155.0,0.0,1,53.478,"
1784215520.360302,"01/01/2000,03:53:01.39,-1011.23,-22.95,15.63,-0.21,-2.07,2.04,65.85,29.40,54.0,31.67,14.64,984.91,-40.50,927.50,-831.25,-245.0,1,53.477,"
1784215520.3784122,"01/01/2000,03:53:01.41,-1014.65,-51.76,35.64,0.25,1.68,0.35,62.55,31.20,53.85,31.53,13.91,984.17,-41.48,1653.75,-577.50,-393.75,1,53.478,"
1784215520.4077213,"01/01/2000,03:53:01.44,-1028.81,-35.16,31.25,-1.77,1.15,-4.18,63.30,31.65,53.40,31.58,14.64,989.79,-34.28,-542.50,-498.75,-420.0,1,53.478,"
1784215520.4291177,"01/01/2000,03:53:01.46,-1021.97,-43.46,113.28,1.23,1.35,0.58,63.75,31.65,53.85,31.38,15.37,989.42,-34.28,-726.25,-1050.0,-122.50,1,53.478,"
1784215520.4481637,"01/01/2000,03:53:01.48,-1007.81,-35.64,45.41,0.03,-0.89,-0.59,63.0,30.75,52.35,31.72,15.62,987.71,-37.45,78.75,-1023.75,-166.25,1,53.478,"
1784215520.4633033,"01/01/2000,03:53:01.50,-1007.32,-21.48,31.74,2.08,0.59,1.63,63.90,30.60,52.95,31.67,15.13,986.49,-39.53,525.0,-682.50,-315.0,1,53.479,"
1784215520.490117,"01/01/2000,03:53:01.52,-987.30,-57.62,56.15,-0.84,-1.66,-0.41,61.65,28.20,54.75,31.72,14.27,983.81,-40.02,875.0,-297.50,-315.0,1,53.477,"
1784215520.5108466,"01/01/2000,03:53:01.55,-1016.60,-46.39,3.91,-0.65,0.54,-0.97,62.70,30.60,53.70,31.91,13.91,984.78,-38.06,-166.25,-717.50,-288.75,1,53.477,"
1784215520.528932,"01/01/2000,03:53:01.56,-1033.69,-32.71,14.16,2.18,-1.73,-2.53,63.75,30.75,53.85,31.77,14.64,985.88,-37.70,-35.0,-910.0,-236.25,1,53.477,"
1784215520.545485,"01/01/2000,03:53:01.58,-1019.04,-65.92,75.20,-0.75,-1.18,5.34,63.15,32.55,54.45,31.67,15.37,986.49,-38.19,577.50,-350.0,-332.50,1,53.477,"
1784215520.5664158,"01/01/2000,03:53:01.60,-1023.44,-23.93,0.49,-0.44,1.22,-0.76,63.75,31.20,53.10,31.58,14.88,988.69,-37.58,420.0,-752.50,-192.50,1,53.477,"
1784215520.5828478,"01/01/2000,03:53:01.62,-991.70,-21.97,-18.07,1.60,1.0,-0.95,63.0,30.0,54.15,31.72,14.64,989.05,-36.36,-157.50,-647.50,-271.25,1,53.478,"
1784215520.6011977,"01/01/2000,03:53:01.64,-1011.23,9.28,-18.55,-0.87,3.68,1.21,62.40,31.80,53.25,31.58,14.40,987.10,-36.84,-315.0,-516.25,-306.25,1,53.477,"
1784215520.6177938,"01/01/2000,03:53:01.65,-1034.18,-15.63,-2.44,-1.14,0.66,-2.31,63.30,31.20,53.85,31.53,14.27,985.52,-38.43,70.0,-752.50,-367.50,1,53.477,"
1784215520.6402698,"01/01/2000,03:53:01.67,-1020.51,-37.11,20.51,-0.16,-0.66,-0.41,62.25,31.65,53.85,31.58,14.64,983.56,-40.99,691.25,-603.75,-201.25,1,53.477,"
1784215520.6731265,"01/01/2000,03:53:01.71,-1014.65,-4.88,-29.79,1.13,0.24,2.10,63.0,31.65,55.35,31.72,15.13,986.49,-37.94,105.0,-586.25,-201.25,1,53.478,"
1784215520.6967695,"01/01/2000,03:53:01.73,-1000.49,-40.04,4.88,-0.82,-0.16,0.42,61.35,29.55,56.55,31.67,14.76,988.08,-36.36,-446.25,-577.50,-236.25,1,53.477,"
1784215520.7124379,"01/01/2000,03:53:01.75,-1020.02,-20.02,-9.28,1.06,2.20,1.92,63.60,30.60,53.70,31.58,14.64,987.96,-37.45,-525.0,-525.0,-297.50,1,53.478,"
1784215520.729978,"01/01/2000,03:53:01.76,-1019.53,-45.90,35.64,2.01,0.32,0.49,64.35,30.60,52.20,31.53,14.64,985.52,-39.65,341.25,-638.75,-218.75,1,53.478,"
1784215520.7679598,"01/01/2000,03:53:01.80,-1030.27,-18.07,14.65,0.92,1.0,0.52,62.55,30.75,53.85,31.72,14.27,985.64,-37.09,8.75,-621.25,-288.75,1,53.477,"
1784215520.785707,"01/01/2000,03:53:01.82,-1008.79,-38.57,-34.18,0.11,2.81,-1.76,63.30,31.65,52.65,31.67,14.52,986.86,-35.87,-288.75,-586.25,-236.25,1,53.478,"
1784215520.8026965,"01/01/2000,03:53:01.84,-1016.60,-45.41,24.90,-2.55,-1.05,-0.40,63.90,30.15,53.25,31.58,14.52,987.83,-36.72,-201.25,-560.0,-280.0,1,53.478,"
1784215520.8195245,"01/01/2000,03:53:01.86,-996.09,-7.32,35.64,3.27,1.31,-1.31,63.0,30.45,54.60,31.53,14.64,987.71,-38.67,113.75,-595.0,-227.50,1,53.478,"
1784215520.8455942,"01/01/2000,03:53:01.88,-992.19,-30.76,57.62,2.24,-0.47,-0.62,62.70,32.55,52.95,31.67,14.40,985.52,-40.14,673.75,-673.75,-210.0,1,53.478,"
1784215520.8633153,"01/01/2000,03:53:01.89,-1020.51,-9.77,-14.16,-0.07,-2.50,-0.30,62.70,30.60,53.25,31.58,14.27,985.03,-39.65,481.25,-612.50,-218.75,1,53.478,"
1784215520.875695,"01/01/2000,03:53:01.91,-1029.30,-29.79,-14.16,1.36,1.91,0.45,61.95,30.60,53.70,31.67,14.15,986.13,-38.31,61.25,-700.0,-253.75,1,53.478,"
1784215520.896277,"01/01/2000,03:53:01.93,-1007.32,-25.88,-17.58,0.07,2.62,0.60,63.75,31.65,52.65,31.67,14.15,986.98,-38.55,-288.75,-586.25,-192.50,1,53.479,"
1784215520.913103,"01/01/2000,03:53:01.95,-1013.18,-33.69,44.92,-0.70,-1.29,0.79,63.30,30.75,52.65,31.58,14.52,986.00,-40.38,630.0,-656.25,-192.50,1,53.478,"
1784215520.9310884,"01/01/2000,03:53:01.97,-1015.63,-46.39,41.02,0.56,-0.99,-1.34,61.35,29.55,55.35,31.48,14.64,985.64,-40.38,393.75,-603.75,-96.25,1,53.478,"
1784215520.9693394,"01/01/2000,03:53:02.00,-1024.90,-24.90,3.42,0.11,-0.83,-0.40,64.95,30.0,53.40,31.67,13.91,986.61,-38.31,140.0,-656.25,-315.0,1,53.478,"
1784215520.9947577,"01/01/2000,03:53:02.02,-1030.27,-26.37,-38.09,-0.19,1.19,-0.66,63.0,30.75,52.65,31.58,13.91,987.71,-37.82,26.25,-691.25,-306.25,1,53.478,"
1784215521.0114021,"01/01/2000,03:53:02.05,-1002.44,-25.88,52.73,2.66,-1.75,-0.01,63.75,31.20,52.65,31.67,14.64,987.22,-38.67,26.25,-542.50,-385.0,1,53.478,"
1784215521.0345001,"01/01/2000,03:53:02.07,-1000.0,-39.55,74.22,0.53,-2.58,-1.96,62.40,31.05,52.20,31.77,14.88,985.03,-40.02,210.0,-498.75,-218.75,1,53.478,"
1784215521.0533574,"01/01/2000,03:53:02.09,-1021.48,-38.57,59.57,0.73,0.96,-1.09,61.20,31.35,53.25,31.58,14.27,984.05,-40.38,577.50,-525.0,-262.50,1,53.477,"
1784215521.0705535,"01/01/2000,03:53:02.11,-1019.04,-22.46,-21.97,2.81,-1.91,2.92,63.15,31.05,54.45,31.67,13.66,984.78,-39.65,315.0,-577.50,-332.50,1,53.477,"
1784215521.088207,"01/01/2000,03:53:02.12,-1046.39,-34.18,-2.93,1.13,-0.18,-0.10,61.80,30.45,52.65,31.58,13.42,986.49,-38.67,26.25,-717.50,-463.75,1,53.477,"
1784215521.1048534,"01/01/2000,03:53:02.14,-1020.51,-18.07,40.04,-0.40,0.38,-1.03,63.60,31.80,51.75,31.77,13.91,986.13,-38.55,17.50,-910.0,-148.75,1,53.477,"
1784215521.1280882,"01/01/2000,03:53:02.16,-999.51,-52.25,41.02,-2.19,-0.32,0.83,62.40,29.85,52.95,31.72,15.13,985.76,-39.04,288.75,78.75,-358.75,1,53.477,"
1784215521.1474788,"01/01/2000,03:53:02.18,-1047.36,-13.18,-27.83,1.22,-1.85,-0.78,61.65,28.65,53.70,31.58,14.64,985.88,-38.80,192.50,-796.25,52.50,1,53.478,"
1784215521.163422,"01/01/2000,03:53:02.20,-1016.60,-26.86,-35.64,1.74,-2.61,2.41,61.80,30.75,53.10,31.72,13.18,985.64,-38.43,367.50,-1732.50,-52.50,1,53.478,"
1784215521.1785142,"01/01/2000,03:53:02.22,-1014.16,-10.25,45.90,0.08,-2.83,-1.53,62.55,28.80,52.65,31.53,14.40,986.86,-37.45,122.50,428.75,-560.0,1,53.477,"
1784215521.199816,"01/01/2000,03:53:02.23,-994.14,-37.11,35.64,2.89,-2.58,-0.21,62.55,29.25,53.85,31.72,13.66,987.22,-37.09,-131.25,-953.75,0.0,1,53.477,"
1784215521.234994,"01/01/2000,03:53:02.27,-1017.09,-7.81,-43.46,1.73,-0.64,-2.50,61.95,30.15,52.95,31.53,14.76,984.17,-40.99,43.75,-271.25,-262.50,1,53.478,"
1784215521.2728844,"01/01/2000,03:53:02.31,-1003.42,-13.67,23.44,-0.11,0.24,0.13,62.40,31.80,54.45,31.58,13.91,984.78,-40.75,612.50,402.50,-612.50,1,53.478,"
1784215521.2899487,"01/01/2000,03:53:02.32,-1036.62,-51.27,37.60,0.15,0.70,0.80,61.35,31.20,53.85,31.67,13.42,987.47,-37.94,-358.75,-1452.50,175.0,1,53.478,"
1784215521.3072927,"01/01/2000,03:53:02.34,-1017.58,-39.06,-16.60,-2.15,0.86,0.69,61.80,31.65,54.15,31.19,13.54,988.32,-37.70,-297.50,-411.25,-516.25,1,53.478,"
1784215521.3281543,"01/01/2000,03:53:02.36,-1011.72,-46.88,-17.58,-0.75,0.53,1.45,63.0,30.45,53.40,31.67,14.64,987.10,-39.16,472.50,-778.75,-87.50,1,53.477,"
1784215521.346269,"01/01/2000,03:53:02.38,-1013.67,-36.62,11.23,2.34,0.76,1.40,61.65,30.60,53.70,31.67,15.37,986.00,-39.04,428.75,-481.25,-26.25,1,53.477,"
1784215521.362374,"01/01/2000,03:53:02.40,-1005.86,4.88,18.55,3.20,1.29,2.04,63.15,32.25,52.95,31.58,13.91,985.27,-38.06,43.75,-1093.75,-210.0,1,53.478,"
1784215521.3789308,"01/01/2000,03:53:02.41,-1015.63,-55.66,57.13,-0.34,-1.49,0.95,61.80,31.65,53.85,31.72,14.27,985.64,-38.06,61.25,122.50,-428.75,1,53.478,"
1784215521.403445,"01/01/2000,03:53:02.44,-1039.55,-18.07,-19.53,-0.87,-1.09,0.50,62.40,31.05,52.95,31.72,13.42,987.22,-38.80,288.75,-533.75,-175.0,1,53.478,"
1784215521.436211,"01/01/2000,03:53:02.47,-1016.60,-36.62,33.69,-1.06,-0.69,1.14,63.0,30.45,53.40,31.67,15.86,986.00,-38.92,-105.0,236.25,-148.75,1,53.478,"
1784215521.4572585,"01/01/2000,03:53:02.49,-1003.42,-34.18,58.59,-0.41,-0.11,-0.15,61.65,28.95,54.45,31.58,15.25,984.54,-39.65,175.0,-306.25,-61.25,1,53.478,"
1784215521.474294,"01/01/2000,03:53:02.51,-997.07,-36.62,23.93,-0.64,0.82,0.08,61.65,28.95,54.45,31.91,13.18,983.81,-40.50,498.75,-1225.0,-271.25,1,53.479,"
1784215521.4957721,"01/01/2000,03:53:02.53,-1014.16,-29.30,0.49,0.98,-1.36,-0.56,61.80,28.80,53.40,31.72,12.81,985.03,-40.14,358.75,-1697.50,-157.50,1,53.478,"
1784215521.512388,"01/01/2000,03:53:02.54,-1042.97,-44.43,-16.11,0.58,0.57,1.44,63.0,31.20,52.65,31.48,14.52,986.74,-39.04,-61.25,761.25,-647.50,1,53.478,"
1784215521.5350292,"01/01/2000,03:53:02.57,-1011.72,-41.50,-2.44,0.57,-0.62,0.44,61.95,29.85,54.0,31.67,13.54,986.49,-38.31,175.0,-1942.50,-8.75,1,53.478,"
1784215521.5557008,"01/01/2000,03:53:02.59,-1011.72,-50.78,99.12,-0.57,0.34,0.27,62.70,31.05,53.25,31.72,15.13,985.52,-38.43,157.50,-280.0,-446.25,1,53.477,"
1784215521.5907354,"01/01/2000,03:53:02.63,-988.77,-27.34,36.62,-1.85,1.31,-2.06,61.80,31.20,51.90,31.72,14.27,985.39,-39.28,157.50,253.75,-621.25,1,53.478,"
1784215521.6116009,"01/01/2000,03:53:02.65,-1021.00,-26.86,79.59,4.70,-1.90,-0.63,62.70,29.85,53.70,31.38,12.81,986.00,-39.65,481.25,-2038.75,96.25,1,53.477,"
1784215521.629001,"01/01/2000,03:53:02.66,-997.07,-53.71,12.21,-1.04,-0.70,-1.09,61.95,30.60,53.70,31.58,12.69,987.22,-39.41,463.75,-2222.50,-87.50,1,53.477,"
1784215521.6471086,"01/01/2000,03:53:02.68,-1017.09,-35.16,-7.32,-2.22,1.37,1.69,61.65,31.35,52.50,31.58,15.49,987.83,-38.06,-192.50,708.75,-577.50,1,53.477,"
1784215521.6673744,"01/01/2000,03:53:02.70,-1004.39,-12.21,33.20,0.91,-0.19,-1.07,63.75,30.0,53.40,31.72,14.03,986.25,-38.55,-157.50,-2406.25,420.0,1,53.477,"
1784215521.6847117,"01/01/2000,03:53:02.72,-1034.67,-26.86,-41.99,0.02,-0.11,0.60,61.95,31.05,55.20,31.38,13.66,984.78,-40.26,393.75,-1242.50,-542.50,1,53.478,"
1784215521.7027006,"01/01/2000,03:53:02.74,-1003.91,-25.39,50.78,1.37,0.89,-0.36,62.55,29.25,52.65,31.38,14.03,984.78,-40.87,656.25,-1426.25,280.0,1,53.478,"
1784215521.740927,"01/01/2000,03:53:02.78,-1008.79,3.42,-55.66,-3.32,-1.05,0.06,60.90,31.35,53.70,31.67,15.74,988.20,-38.55,131.25,1916.25,-1093.75,1,53.478,"
1784215521.7745178,"01/01/2000,03:53:02.81,-990.72,-46.39,52.25,1.34,2.95,1.18,61.95,31.05,52.50,31.72,13.91,988.93,-36.11,-411.25,-1671.25,-157.50,1,53.478,"
1784215521.7956014,"01/01/2000,03:53:02.83,-1010.25,-33.20,77.64,4.57,1.53,-1.21,62.55,30.0,52.65,31.72,11.96,985.52,-37.33,-148.75,-3832.50,26.25,1,53.478,"
1784215521.8123367,"01/01/2000,03:53:02.85,-982.91,-38.57,1.95,2.42,-1.25,-0.71,60.30,30.75,53.40,31.53,12.69,982.34,-41.36,385.0,-3106.25,420.0,1,53.478,"
1784215521.8302698,"01/01/2000,03:53:02.87,-1006.35,-8.79,32.71,-1.20,-1.95,-0.94,59.55,30.0,53.40,31.48,12.93,982.34,-42.94,1076.25,-105.0,-656.25,1,53.478,"
1784215521.8460488,"01/01/2000,03:53:02.88,-1045.41,-31.25,0.49,1.11,-1.01,-1.66,61.80,31.95,54.60,31.67,12.93,985.76,-40.63,1023.75,-1102.50,-271.25,1,53.478,"
1784215521.869582,"01/01/2000,03:53:02.90,-1010.25,-20.02,28.32,4.89,1.48,0.27,63.30,30.45,53.10,31.91,13.66,989.18,-36.36,-472.50,-1837.50,-210.0,1,53.478,"
1784215521.8866796,"01/01/2000,03:53:02.92,-996.58,-82.52,34.67,1.69,-0.85,-2.57,62.40,28.95,55.20,31.58,15.13,988.20,-35.62,-481.25,-2073.75,-297.50,1,53.478,"
1784215521.9202268,"01/01/2000,03:53:02.96,-1027.83,-47.85,6.35,-6.28,3.96,0.17,62.55,30.0,52.65,31.72,18.79,986.74,-41.24,166.25,5923.75,-516.25,1,53.478,"
1784215521.9418492,"01/01/2000,03:53:02.98,-993.16,-2.44,-7.81,2.11,-2.02,-0.98,60.90,29.85,53.25,31.48,11.71,983.93,-43.07,840.0,-1732.50,105.0,1,53.478,"
1784215521.9595082,"01/01/2000,03:53:02.99,-1006.84,-47.85,-13.18,3.14,-1.43,-1.48,62.55,30.0,53.40,31.72,8.66,981.86,-42.21,507.50,-5031.25,-70.0,1,53.478,"
1784215521.979331,"01/01/2000,03:53:03.01,-1022.95,-12.21,18.07,6.42,0.17,-0.48,61.80,30.0,52.35,31.72,10.98,983.44,-39.41,315.0,-4418.75,131.25,1,53.478,"
1784215521.9938939,"01/01/2000,03:53:03.03,-1028.81,-24.41,-44.92,-0.17,2.52,-0.27,61.95,29.85,54.45,31.58,14.03,987.71,-37.70,0.0,-1513.75,-78.75,1,53.479,"
1784215522.0139377,"01/01/2000,03:53:03.05,-1032.71,-21.48,20.51,2.24,0.47,-0.66,60.90,29.85,54.45,31.91,13.66,990.40,-37.33,61.25,-1268.75,-271.25,1,53.479,"
1784215522.0387998,"01/01/2000,03:53:03.07,-997.07,-22.46,48.34,3.66,0.43,2.78,59.85,30.45,56.55,31.67,13.91,988.32,-38.06,52.50,-2240.0,-26.25,1,53.477,"
1784215522.0633688,"01/01/2000,03:53:03.09,-1025.39,20.02,-137.21,-1.63,-1.28,-0.81,61.20,29.40,54.75,31.58,16.59,985.88,-39.04,-201.25,3071.25,-1120.0,1,53.477,"
1784215522.0787976,"01/01/2000,03:53:03.11,-1028.32,-87.40,-5.37,-10.07,-2.18,2.23,61.35,30.45,54.15,31.48,21.23,986.98,-39.65,-323.75,8452.50,-1408.75,1,53.477,"
1784215522.0988615,"01/01/2000,03:53:03.13,-1010.74,-12.21,33.20,1.18,0.69,-2.05,62.25,30.75,53.85,31.34,13.91,985.52,-40.75,577.50,1470.0,262.50,1,53.477,"
1784215522.114929,"01/01/2000,03:53:03.15,-1022.46,-23.93,19.04,3.05,-0.78,1.07,62.55,29.25,53.40,31.72,9.64,983.81,-40.26,262.50,-4357.50,-490.0,1,53.477,"
1784215522.1330485,"01/01/2000,03:53:03.17,-1012.21,-71.78,92.29,1.51,0.40,0.11,61.05,30.45,53.85,31.53,12.69,983.56,-39.41,201.25,-3001.25,393.75,1,53.478,"
1784215522.1544561,"01/01/2000,03:53:03.19,-1000.0,-41.02,56.64,0.13,0.37,1.76,61.80,29.25,55.35,31.67,12.44,985.39,-39.53,-245.0,-1732.50,166.25,1,53.478,"
1784215522.176437,"01/01/2000,03:53:03.21,-1042.97,-22.95,31.25,-0.64,1.11,-0.76,62.40,29.85,54.0,31.67,11.22,986.25,-40.50,402.50,-603.75,-927.50,1,53.478,"
1784215522.2058163,"01/01/2000,03:53:03.24,-993.65,9.28,-0.49,-3.26,-0.48,0.23,60.90,29.85,52.95,31.58,13.79,986.13,-38.19,-140.0,-1767.50,-148.75,1,53.477,"
1784215522.2281265,"01/01/2000,03:53:03.26,-1046.39,-38.09,-18.07,2.87,-2.37,0.08,60.30,27.60,53.40,31.67,15.25,985.52,-37.82,-411.25,-1715.0,-61.25,1,53.477,"
1784215522.2449596,"01/01/2000,03:53:03.28,-1008.30,-7.81,25.39,3.09,-1.48,-0.98,60.60,30.75,53.40,31.53,14.64,986.00,-40.26,323.75,-2651.25,621.25,1,53.478,"
1784215522.2654083,"01/01/2000,03:53:03.30,-1006.84,-38.09,23.93,-2.99,0.53,0.06,61.35,30.0,53.40,31.48,13.18,987.10,-41.60,507.50,-1067.50,-638.75,1,53.478,"
1784215522.2786887,"01/01/2000,03:53:03.31,-1015.14,-30.27,25.39,1.72,-0.99,0.21,61.80,29.55,52.65,31.67,12.20,987.10,-40.02,315.0,-1680.0,-78.75,1,53.478,"
1784215522.3012302,"01/01/2000,03:53:03.34,-1053.71,-50.78,-27.34,1.67,1.07,-0.53,61.80,28.80,53.85,31.53,13.79,986.13,-38.67,-463.75,568.75,-1050.0,1,53.478,"
1784215522.3178406,"01/01/2000,03:53:03.35,-1014.65,-71.29,91.80,-4.89,-1.13,-1.79,61.20,29.40,52.95,31.67,19.15,988.08,-38.92,-113.75,5836.25,-1365.0,1,53.478,"
1784215522.336092,"01/01/2000,03:53:03.37,-1007.81,-23.93,41.99,-2.29,-0.04,-2.80,59.85,30.45,52.65,31.53,19.52,988.57,-39.53,420.0,4086.25,577.50,1,53.477,"
1784215522.3625631,"01/01/2000,03:53:03.39,-1021.00,-51.76,21.00,0.94,0.40,1.11,62.25,30.45,53.40,31.53,11.96,985.15,-39.65,166.25,-2598.75,-542.50,1,53.477,"
1784215522.3907747,"01/01/2000,03:53:03.43,-1002.44,-37.60,43.95,2.17,0.42,-1.17,61.95,29.40,53.70,31.72,12.57,985.03,-39.77,-61.25,-761.25,8.75,1,53.478,"
1784215522.412956,"01/01/2000,03:53:03.44,-1025.88,-17.58,5.86,0.56,-1.64,1.92,61.65,28.65,53.70,31.72,10.13,984.30,-42.09,840.0,-708.75,-866.25,1,53.478,"
1784215522.4301143,"01/01/2000,03:53:03.46,-1015.14,-64.94,2.44,3.17,1.54,0.50,61.20,28.20,56.70,31.72,12.44,985.76,-40.02,883.75,-2721.25,166.25,1,53.478,"
1784215522.4654708,"01/01/2000,03:53:03.50,-1028.32,-14.65,4.39,0.60,0.46,0.33,61.95,28.65,54.45,31.77,16.10,987.35,-36.36,297.50,-1295.0,472.50,1,53.479,"
1784215522.501899,"01/01/2000,03:53:03.54,-1006.35,-42.48,49.32,0.92,2.67,1.82,60.30,29.25,52.35,31.67,11.83,985.88,-38.06,-210.0,-1225.0,-638.75,1,53.478,"
1784215522.5365996,"01/01/2000,03:53:03.57,-1009.28,-45.90,39.06,-0.02,-0.83,1.85,62.40,29.40,53.25,31.58,13.54,985.27,-42.58,813.75,1522.50,-1557.50,1,53.478,"
1784215522.5643482,"01/01/2000,03:53:03.60,-1027.34,-41.50,0.49,1.39,-0.03,-2.35,60.30,26.40,56.55,31.58,15.01,987.22,-39.89,-26.25,-1820.0,315.0,1,53.478,"
1784215522.5787067,"01/01/2000,03:53:03.62,-1024.90,-0.49,5.86,-1.04,0.48,0.86,61.20,28.20,53.25,31.72,13.91,987.96,-36.84,-516.25,-227.50,-1137.50,1,53.478,"
1784215522.6012754,"01/01/2000,03:53:03.64,-981.93,-79.10,60.55,-1.74,-0.68,0.44,60.0,29.40,52.95,31.53,15.37,987.35,-37.58,148.75,-148.75,647.50,1,53.478,"
1784215522.6180546,"01/01/2000,03:53:03.65,-1012.70,-17.09,18.55,1.88,1.08,1.07,62.25,28.80,54.15,31.53,12.69,986.86,-39.65,131.25,-743.75,-848.75,1,53.477,"
1784215522.640323,"01/01/2000,03:53:03.67,-996.58,-38.09,34.18,1.82,-0.29,-0.40,59.55,28.35,51.15,31.58,11.47,985.03,-41.72,43.75,-2861.25,26.25,1,53.477,"
1784215522.6736465,"01/01/2000,03:53:03.71,-1024.41,-21.48,-41.99,2.08,-3.09,0.0,60.90,29.85,52.95,31.67,13.91,980.03,-42.70,542.50,-1050.0,0.0,1,53.478,"
1784215522.697917,"01/01/2000,03:53:03.73,-1053.22,-46.88,1.95,-0.48,2.11,0.28,60.90,28.95,54.0,31.67,13.91,980.39,-41.36,-122.50,-376.25,-612.50,1,53.478,"
1784215522.7120566,"01/01/2000,03:53:03.75,-1010.25,-33.69,-10.25,-0.46,-1.20,0.70,60.90,29.40,53.70,31.48,14.64,981.37,-41.72,-218.75,367.50,17.50,1,53.478,"
1784215522.7290127,"01/01/2000,03:53:03.76,-1016.11,-1.46,19.04,1.06,-1.80,0.96,61.35,28.80,53.85,31.72,12.20,979.29,-43.43,498.75,-901.25,-428.75,1,53.478,"
1784215522.766447,"01/01/2000,03:53:03.80,-980.47,-43.46,91.31,-2.69,-0.02,2.53,60.60,30.0,52.65,31.67,14.52,976.98,-44.04,-8.75,367.50,-183.75,1,53.479,"
1784215522.7786736,"01/01/2000,03:53:03.82,-983.89,-27.83,61.52,3.83,0.16,-0.22,59.10,29.25,53.40,31.72,12.93,975.76,-45.38,0.0,-1575.0,43.75,1,53.478,"
1784215522.801758,"01/01/2000,03:53:03.84,-1001.95,-33.20,31.74,-3.56,1.68,1.16,61.05,28.35,53.10,31.58,13.05,975.15,-46.48,236.25,-1242.50,-315.0,1,53.478,"
1784215522.819073,"01/01/2000,03:53:03.85,-1021.48,-46.88,2.93,-0.26,-0.98,-1.81,59.70,28.20,54.0,31.67,14.40,974.66,-47.34,175.0,-297.50,-148.75,1,53.478,"
1784215522.8584492,"01/01/2000,03:53:03.89,-1024.90,-16.60,-22.46,0.56,0.31,-3.47,59.25,28.65,55.20,31.58,13.05,976.49,-46.12,568.75,-857.50,-122.50,1,53.478,"
1784215522.8795154,"01/01/2000,03:53:03.91,-1046.39,-92.29,-47.85,-2.69,-2.63,-1.13,61.35,29.55,53.10,31.38,14.15,979.66,-44.29,0.0,-210.0,113.75,1,53.478,"
1784215522.8960068,"01/01/2000,03:53:03.93,-946.29,-50.78,175.29,0.72,-0.29,-1.01,61.65,28.95,53.25,31.72,13.18,981.61,-42.58,-218.75,-568.75,-498.75,1,53.479,"
1784215522.9123502,"01/01/2000,03:53:03.95,-1019.53,-26.37,18.07,0.40,0.04,1.79,62.70,30.15,52.20,31.72,14.03,979.17,-43.92,-52.50,-656.25,87.50,1,53.478,"
1784215522.9300663,"01/01/2000,03:53:03.97,-1009.28,-25.39,8.30,-0.78,0.24,0.90,61.20,30.15,52.50,31.58,13.91,978.07,-45.38,306.25,-8.75,-306.25,1,53.478,"
1784215522.966444,"01/01/2000,03:53:04.00,-1021.48,-50.29,-46.88,1.30,1.78,-0.02,59.70,29.85,54.45,31.72,13.30,983.32,-41.72,183.75,-157.50,-315.0,1,53.478,"
1784215522.985672,"01/01/2000,03:53:04.02,-1019.04,-21.97,-5.86,0.55,0.76,-1.92,60.60,29.25,52.65,31.72,13.05,985.52,-39.04,-507.50,-980.0,-341.25,1,53.478,"
1784215523.0037608,"01/01/2000,03:53:04.04,-1017.09,-22.46,-9.77,1.27,1.01,2.72,59.70,29.40,54.0,31.67,13.42,984.54,-40.26,105.0,-1207.50,-105.0,1,53.479,"
1784215523.0201166,"01/01/2000,03:53:04.06,-1019.04,-8.79,-55.66,-0.35,1.85,-0.33,62.55,29.55,52.35,31.38,14.15,983.32,-41.97,350.0,-96.25,-297.50,1,53.479,"
1784215523.0455282,"01/01/2000,03:53:04.08,-1019.04,-33.69,40.53,-1.98,0.80,-1.55,62.70,29.40,53.25,31.38,14.40,984.30,-41.24,96.25,1540.0,-490.0,1,53.479,"
1784215523.0604136,"01/01/2000,03:53:04.09,-1020.02,-23.44,-26.37,0.59,0.40,1.60,60.0,28.95,53.25,31.77,13.18,984.42,-40.38,-26.25,210.0,-157.50,1,53.478,"
1784215523.0798066,"01/01/2000,03:53:04.12,-1000.49,-48.83,-7.81,-0.94,-0.32,0.63,61.35,29.25,54.15,31.67,12.57,985.27,-40.26,-131.25,-1540.0,-332.50,1,53.478,"
1784215523.1121123,"01/01/2000,03:53:04.14,-1033.69,-26.86,-6.84,-1.16,0.12,-0.39,61.20,28.95,52.95,31.34,14.40,985.27,-40.26,341.25,-437.50,-61.25,1,53.478,"
1784215523.1281347,"01/01/2000,03:53:04.16,-1018.55,-37.11,35.16,-0.80,-1.10,0.69,58.95,28.95,54.45,31.77,13.42,985.88,-40.26,26.25,-402.50,-341.25,1,53.477,"
1784215523.146713,"01/01/2000,03:53:04.18,-1021.97,-24.90,26.37,2.70,-1.50,2.12,61.35,28.35,53.85,31.58,12.20,985.64,-40.02,131.25,-822.50,-385.0,1,53.478,"
1784215523.1604278,"01/01/2000,03:53:04.20,-1016.60,-35.64,-1.46,1.29,-1.87,0.98,60.90,29.85,52.95,31.38,12.69,985.52,-40.14,43.75,-1050.0,-148.75,1,53.478,"
1784215523.1789494,"01/01/2000,03:53:04.21,-1017.09,-37.11,43.46,-2.55,-0.23,0.61,61.80,28.80,53.10,31.72,13.30,985.76,-40.02,78.75,-910.0,-297.50,1,53.478,"
1784215523.1988254,"01/01/2000,03:53:04.23,-1009.28,-41.99,-17.09,-3.30,1.04,-0.69,60.30,29.55,53.40,31.53,14.40,986.00,-40.26,306.25,-315.0,-43.75,1,53.477,"
1784215523.2350004,"01/01/2000,03:53:04.27,-1021.00,-50.78,51.76,0.54,0.38,-0.27,60.30,28.05,54.15,31.72,12.69,986.00,-39.77,113.75,-883.75,-315.0,1,53.478,"
1784215523.2715611,"01/01/2000,03:53:04.31,-1018.07,-21.48,30.27,0.86,-0.61,1.40,60.90,29.85,54.75,31.67,13.05,985.88,-40.14,192.50,-778.75,-411.25,1,53.478,"
1784215523.2887378,"01/01/2000,03:53:04.32,-1021.97,-41.50,15.63,-0.93,-1.20,0.84,61.05,30.0,53.10,31.53,13.66,986.00,-40.02,122.50,-857.50,-131.25,1,53.478,"
1784215523.3135653,"01/01/2000,03:53:04.34,-1021.00,-19.04,43.46,0.03,-0.67,-0.26,63.60,29.85,54.45,31.67,14.15,986.13,-39.77,-17.50,-437.50,-262.50,1,53.478,"
1784215523.3300984,"01/01/2000,03:53:04.36,-1017.58,-51.27,19.04,-0.11,-0.07,1.81,60.90,29.85,53.25,31.67,13.66,986.37,-39.77,166.25,-761.25,-78.75,1,53.478,"
1784215523.3448822,"01/01/2000,03:53:04.38,-1007.81,-36.62,48.34,-1.04,0.27,1.31,59.85,28.80,54.15,31.58,13.05,986.13,-39.77,52.50,-551.25,-306.25,1,53.478,"
1784215523.3624518,"01/01/2000,03:53:04.40,-1008.79,-3.42,-16.60,3.53,1.14,-1.08,61.05,29.55,53.40,31.58,12.93,985.76,-39.89,-26.25,-726.25,-297.50,1,53.478,"
1784215523.3792686,"01/01/2000,03:53:04.41,-1014.65,-57.62,53.71,-0.11,0.57,1.19,61.35,28.80,54.15,31.34,13.54,985.52,-40.02,288.75,-752.50,-131.25,1,53.478,"
1784215523.4013352,"01/01/2000,03:53:04.44,-999.02,-49.32,30.76,-3.45,0.53,-2.21,60.45,27.75,54.75,31.38,14.15,986.25,-39.77,-17.50,-498.75,-157.50,1,53.478,"
1784215523.4180365,"01/01/2000,03:53:04.45,-1008.79,-26.86,-33.20,0.53,2.40,-2.05,60.60,28.80,52.65,31.67,14.03,986.00,-39.53,78.75,-691.25,-105.0,1,53.478,"
1784215523.4352856,"01/01/2000,03:53:04.47,-1004.39,-48.83,77.64,-3.38,1.65,1.83,61.95,29.85,53.25,31.58,13.54,985.88,-39.77,61.25,-691.25,-87.50,1,53.478,"
1784215523.4624338,"01/01/2000,03:53:04.49,-1012.70,-32.71,51.27,0.49,-0.54,-1.19,60.60,30.45,51.90,31.67,12.93,985.76,-40.02,131.25,-568.75,-516.25,1,53.479,"
1784215523.4735885,"01/01/2000,03:53:04.51,-1008.30,-43.95,39.06,1.53,0.90,0.33,62.40,29.40,54.0,31.86,13.42,986.00,-39.77,280.0,-901.25,52.50,1,53.479,"
1784215523.4967117,"01/01/2000,03:53:04.53,-1029.30,-46.39,26.37,-1.16,-2.60,0.21,60.30,30.0,53.85,31.72,13.30,985.88,-39.53,140.0,-656.25,-428.75,1,53.478,"
1784215523.512598,"01/01/2000,03:53:04.54,-1041.02,-18.55,1.95,2.19,-1.82,-0.98,61.65,29.85,53.70,31.38,13.79,986.13,-39.65,-157.50,-805.0,-78.75,1,53.478,"
1784215523.530096,"01/01/2000,03:53:04.56,-1011.23,-34.67,35.64,-1.56,1.44,-0.53,62.25,28.35,53.40,31.86,13.79,985.88,-40.02,297.50,-472.50,-358.75,1,53.478,"
1784215523.5452754,"01/01/2000,03:53:04.58,-1017.09,-30.27,-20.51,0.84,-1.18,-1.12,59.55,27.15,56.10,31.58,13.30,986.25,-40.02,0.0,-656.25,-280.0,1,53.478,"
1784215523.5635304,"01/01/2000,03:53:04.60,-999.51,-43.95,-41.02,0.21,0.66,-1.0,61.35,29.25,53.40,31.72,13.42,986.00,-39.89,70.0,-682.50,-210.0,1,53.479,"
1784215523.5878475,"01/01/2000,03:53:04.62,-1026.86,-37.11,43.46,2.15,1.27,2.60,61.05,30.0,53.85,31.34,13.66,986.13,-40.02,-78.75,-551.25,-201.25,1,53.478,"
1784215523.6143181,"01/01/2000,03:53:04.65,-1009.28,-27.83,28.81,3.32,1.09,-3.80,61.35,28.35,53.85,31.67,14.03,986.00,-39.89,192.50,-525.0,-131.25,1,53.478,"
1784215523.6280227,"01/01/2000,03:53:04.66,-1006.35,-67.38,74.22,0.21,-0.60,-1.25,60.45,28.95,52.50,31.48,13.79,986.13,-39.53,-96.25,-516.25,-245.0,1,53.477,"
1784215523.6624777,"01/01/2000,03:53:04.70,-999.02,-18.55,-32.71,0.31,-1.11,0.42,61.05,29.55,53.85,31.67,13.42,986.37,-39.77,280.0,-586.25,-43.75,1,53.478,"
1784215523.6835728,"01/01/2000,03:53:04.72,-994.63,-54.69,88.87,1.13,0.36,-0.40,62.40,27.75,52.50,31.53,12.81,986.25,-39.41,210.0,-743.75,-402.50,1,53.478,"
1784215523.6998472,"01/01/2000,03:53:04.74,-1009.77,-43.46,44.92,2.27,-1.11,-1.84,59.70,30.15,54.0,31.58,13.66,985.76,-39.53,210.0,-1015.0,0.0,1,53.478,"
1784215523.7341504,"01/01/2000,03:53:04.77,-1026.86,-42.48,58.11,0.99,0.02,1.27,60.90,28.20,54.0,31.48,13.79,986.00,-40.26,236.25,-595.0,-157.50,1,53.479,"
1784215523.7605002,"01/01/2000,03:53:04.79,-1015.14,-34.67,19.04,-2.29,-1.53,2.96,60.30,29.25,52.65,31.77,13.54,986.25,-39.41,-61.25,-796.25,-201.25,1,53.478,"
1784215523.7725203,"01/01/2000,03:53:04.81,-993.65,-58.11,31.25,-1.80,-1.37,0.52,63.30,29.55,53.40,31.72,13.05,986.00,-39.28,-70.0,-901.25,-245.0,1,53.479,"
1784215523.7898204,"01/01/2000,03:53:04.82,-1018.07,-33.69,18.07,2.69,1.10,0.26,60.45,30.60,53.70,31.72,13.66,985.76,-40.14,61.25,-717.50,-61.25,1,53.478,"
1784215523.8279803,"01/01/2000,03:53:04.86,-1026.86,-26.37,-2.93,3.44,-1.79,-1.85,61.05,30.0,53.85,31.67,14.03,985.88,-39.77,245.0,-673.75,-122.50,1,53.478,"
1784215523.8465903,"01/01/2000,03:53:04.88,-1047.85,-47.36,47.36,1.59,-2.31,0.16,60.0,29.85,52.95,31.77,13.66,985.88,-39.53,26.25,-805.0,-70.0,1,53.478,"
1784215523.8624537,"01/01/2000,03:53:04.90,-1015.14,-33.69,-26.37,2.32,0.99,0.80,62.55,28.35,53.40,31.38,13.18,985.76,-40.14,96.25,-691.25,-428.75,1,53.479,"
1784215523.8791137,"01/01/2000,03:53:04.92,-1020.02,-56.15,31.25,-0.92,0.56,0.56,60.0,27.75,53.70,31.38,13.30,985.76,-40.38,297.50,-560.0,-87.50,1,53.479,"
1784215523.8997464,"01/01/2000,03:53:04.94,-1003.42,-7.81,1.95,0.63,0.10,-0.41,61.35,28.35,53.40,31.53,13.42,985.76,-39.77,245.0,-682.50,-262.50,1,53.479,"
1784215523.9130688,"01/01/2000,03:53:04.95,-995.61,-39.06,59.57,2.50,-0.44,-2.34,60.90,29.85,53.25,31.48,13.42,986.00,-39.77,61.25,-752.50,-245.0,1,53.478,"
1784215523.9346287,"01/01/2000,03:53:04.97,-1012.21,-50.29,49.32,-0.33,-1.72,0.21,60.30,28.05,52.65,31.58,13.54,986.00,-39.89,140.0,-682.50,-61.25,1,53.479,"
1784215523.9724448,"01/01/2000,03:53:05.01,-1015.63,-41.50,54.20,-2.27,0.50,-0.63,60.60,29.55,54.60,31.72,13.30,985.88,-39.65,175.0,-630.0,-78.75,1,53.479,"
1784215523.9899645,"01/01/2000,03:53:05.03,-993.16,-39.55,-11.72,1.11,0.55,-2.54,60.90,29.40,53.25,31.72,13.18,985.88,-39.77,96.25,-735.0,-402.50,1,53.479,"
1784215524.0281532,"01/01/2000,03:53:05.06,-1032.23,-53.22,11.72,-0.49,0.82,-0.84,60.45,29.85,55.95,31.72,13.42,986.00,-39.53,0.0,-665.0,-315.0,1,53.479,"
1784215524.046745,"01/01/2000,03:53:05.08,-1015.63,-53.22,35.16,1.65,-2.21,0.29,60.90,30.60,53.25,31.72,13.30,986.00,-39.77,17.50,-717.50,-253.75,1,53.479,"
1784215524.0634186,"01/01/2000,03:53:05.10,-1012.21,-52.73,77.15,-1.52,1.20,0.24,60.60,29.25,53.85,31.67,13.42,986.00,-40.02,96.25,-630.0,-262.50,1,53.480,"
1784215524.0794282,"01/01/2000,03:53:05.12,-1012.21,-62.99,17.58,0.08,0.18,-0.12,61.35,28.35,52.65,31.72,13.42,985.76,-39.77,218.75,-621.25,-350.0,1,53.479,"
1784215524.1286082,"01/01/2000,03:53:05.16,-996.58,-29.79,12.70,0.93,-2.34,-1.74,61.05,29.55,52.35,31.67,13.66,986.13,-39.65,-8.75,-673.75,-236.25,1,53.478,"
1784215524.1459742,"01/01/2000,03:53:05.18,-983.89,-40.53,16.11,-0.47,-1.50,1.05,61.35,30.0,53.10,31.67,13.79,986.13,-40.02,245.0,-630.0,-192.50,1,53.478,"
1784215524.1674306,"01/01/2000,03:53:05.20,-1011.72,-46.39,-6.84,0.31,-0.82,-1.27,61.05,28.80,55.05,31.77,13.66,985.88,-39.77,113.75,-533.75,-288.75,1,53.478,"
1784215524.1847243,"01/01/2000,03:53:05.22,-1025.39,-48.34,46.88,-1.08,1.47,1.05,60.45,29.85,53.70,31.53,13.54,986.00,-39.65,105.0,-708.75,-87.50,1,53.479,"
1784215524.2028334,"01/01/2000,03:53:05.24,-1010.25,-43.95,0.49,0.73,1.50,-1.02,61.05,30.0,53.40,31.53,13.79,985.88,-39.77,105.0,-787.50,-131.25,1,53.479,"
1784215524.2399805,"01/01/2000,03:53:05.27,-1006.84,-30.27,13.18,-1.71,0.40,-1.33,59.70,28.65,53.70,31.53,13.66,986.00,-39.77,17.50,-638.75,-157.50,1,53.478,"
1784215524.2624793,"01/01/2000,03:53:05.29,-1028.81,-55.18,37.60,-1.29,-1.11,-0.27,61.05,29.55,53.40,31.67,13.54,986.13,-39.77,122.50,-656.25,-280.0,1,53.478,"
1784215524.2801478,"01/01/2000,03:53:05.31,-1037.11,-13.18,-22.46,1.68,1.47,0.56,61.80,29.25,54.15,31.58,13.42,986.13,-39.77,148.75,-665.0,-87.50,1,53.479,"
1784215524.2963274,"01/01/2000,03:53:05.33,-1023.93,-21.48,-4.88,1.24,-3.32,0.44,61.20,29.40,54.0,31.67,13.42,985.88,-39.89,262.50,-673.75,-210.0,1,53.478,"
1784215524.3295279,"01/01/2000,03:53:05.36,-1036.13,-18.07,-34.18,1.12,-1.68,-0.63,60.0,29.40,53.25,31.67,13.42,986.00,-40.14,175.0,-647.50,-297.50,1,53.479,"
1784215524.3462794,"01/01/2000,03:53:05.38,-1015.14,-20.51,4.88,-1.42,1.66,0.62,61.05,30.0,53.40,31.38,13.66,986.13,-40.02,70.0,-656.25,-183.75,1,53.478,"
1784215524.367913,"01/01/2000,03:53:05.40,-1030.27,-41.02,15.14,0.93,-0.30,-2.44,62.25,29.25,54.60,31.67,13.54,986.37,-39.89,70.0,-656.25,-358.75,1,53.478,"
1784215524.384699,"01/01/2000,03:53:05.42,-1000.98,-21.48,-3.42,-0.15,0.80,-1.27,61.20,28.95,53.25,31.77,13.54,986.25,-40.02,17.50,-726.25,-166.25,1,53.478,"
1784215524.4023323,"01/01/2000,03:53:05.44,-1023.44,-29.30,22.46,2.27,-2.05,1.50,60.45,28.95,52.50,31.53,13.30,986.13,-40.14,105.0,-595.0,-183.75,1,53.479,"
1784215524.4193268,"01/01/2000,03:53:05.45,-1008.79,-19.53,32.71,-1.08,-1.98,1.37,60.45,29.40,53.25,31.38,13.18,986.00,-40.02,140.0,-708.75,-227.50,1,53.479,"
1784215524.4419153,"01/01/2000,03:53:05.48,-1020.51,-56.15,51.27,2.10,0.27,1.86,61.95,29.40,52.50,31.67,13.30,986.25,-39.77,26.25,-656.25,-166.25,1,53.479,"
1784215524.457742,"01/01/2000,03:53:05.49,-1019.04,-14.16,21.48,-0.34,-1.89,-1.35,62.25,30.45,55.05,31.48,13.30,986.13,-40.02,192.50,-647.50,-297.50,1,53.479,"
1784215524.4755726,"01/01/2000,03:53:05.51,-1042.48,-37.11,59.08,-1.44,-1.60,1.07,61.95,28.95,53.70,31.38,13.42,985.88,-40.14,183.75,-603.75,-297.50,1,53.479,"
1784215524.4991946,"01/01/2000,03:53:05.53,-1000.49,-37.60,67.87,0.31,0.63,0.50,62.55,28.80,52.65,31.38,13.42,986.25,-40.02,218.75,-708.75,-262.50,1,53.478,"
1784215524.5149972,"01/01/2000,03:53:05.55,-1021.00,-36.62,45.90,0.07,-0.16,0.33,61.05,27.15,53.85,31.72,13.30,986.13,-39.77,166.25,-700.0,-271.25,1,53.479,"
1784215524.5318232,"01/01/2000,03:53:05.57,-1035.64,-26.86,1.95,-0.21,0.91,1.52,62.55,29.25,53.85,31.53,13.42,986.13,-39.77,17.50,-708.75,-218.75,1,53.479,"
1784215524.5480475,"01/01/2000,03:53:05.58,-1009.77,-11.23,2.93,1.52,0.69,2.64,61.05,29.55,53.40,31.48,13.54,986.00,-39.89,8.75,-603.75,-166.25,1,53.479,"
1784215524.5687256,"01/01/2000,03:53:05.60,-1010.25,-39.55,8.30,0.37,-1.05,-1.24,61.35,29.25,54.60,31.72,13.66,985.76,-39.89,148.75,-656.25,-157.50,1,53.479,"
1784215524.5868428,"01/01/2000,03:53:05.62,-1018.55,-20.51,10.74,0.01,2.01,-0.18,60.60,29.55,53.40,31.38,13.66,986.00,-39.77,105.0,-647.50,-192.50,1,53.479,"
1784215524.6035833,"01/01/2000,03:53:05.64,-1008.79,-33.69,48.83,-1.24,1.61,1.81,60.45,27.75,53.25,31.67,13.42,986.25,-39.77,175.0,-682.50,-262.50,1,53.480,"
1784215524.6319659,"01/01/2000,03:53:05.67,-1014.16,-63.48,7.32,3.40,1.31,-1.57,61.95,28.65,54.75,31.67,13.91,986.25,-39.53,78.75,-743.75,-306.25,1,53.479,"
1784215524.6544588,"01/01/2000,03:53:05.69,-1007.32,-42.97,9.77,1.21,2.52,-1.49,60.45,27.75,55.20,31.58,13.66,986.00,-39.53,271.25,-682.50,-288.75,1,53.478,"
1784215524.689643,"01/01/2000,03:53:05.72,-1007.32,-44.92,72.75,1.25,-0.63,1.50,61.05,29.55,53.10,31.53,13.66,986.25,-39.41,122.50,-665.0,-131.25,1,53.478,"
1784215524.705795,"01/01/2000,03:53:05.74,-996.58,-12.21,79.59,-1.46,-0.96,-0.58,62.70,29.85,53.25,31.48,13.66,986.13,-39.28,140.0,-805.0,-166.25,1,53.478,"
1784215524.7274992,"01/01/2000,03:53:05.76,-1009.77,-44.43,-9.28,-1.17,-1.08,1.49,60.90,28.20,53.70,31.58,13.66,986.00,-39.65,70.0,-560.0,-157.50,1,53.478,"
1784215524.7445226,"01/01/2000,03:53:05.78,-1003.91,-28.81,-23.93,2.47,0.02,0.24,60.90,28.95,53.25,31.53,13.54,986.00,-39.77,227.50,-682.50,-157.50,1,53.479,"
1784215524.7624094,"01/01/2000,03:53:05.80,-1015.63,-64.45,48.83,-0.65,-0.10,0.90,60.30,30.0,54.15,31.72,13.54,986.37,-39.53,-113.75,-691.25,-332.50,1,53.479,"
1784215524.783627,"01/01/2000,03:53:05.82,-1012.21,-73.24,35.64,-0.70,0.03,-0.11,61.65,29.40,52.95,31.58,13.79,986.25,-39.65,70.0,-691.25,-288.75,1,53.478,"
1784215524.7997327,"01/01/2000,03:53:05.84,-1025.88,-55.66,27.34,1.44,0.78,0.50,60.45,28.95,52.50,31.48,13.79,986.25,-39.65,201.25,-813.75,-218.75,1,53.478,"
1784215524.817926,"01/01/2000,03:53:05.85,-1021.48,-37.60,20.51,-1.97,-0.33,-1.62,61.95,29.40,53.25,31.38,13.66,986.13,-39.77,245.0,-708.75,-192.50,1,53.478,"
1784215524.8348424,"01/01/2000,03:53:05.87,-1026.86,-34.67,-5.86,1.09,-0.29,1.25,60.45,29.40,55.20,31.53,13.66,986.00,-40.02,140.0,-472.50,-236.25,1,53.479,"
1784215524.8583796,"01/01/2000,03:53:05.89,-1044.92,-41.50,78.13,-0.66,0.90,-0.25,63.0,30.45,53.40,31.72,13.54,986.25,-39.65,87.50,-813.75,-236.25,1,53.478,"
1784215524.8743746,"01/01/2000,03:53:05.91,-1004.88,-36.62,93.26,-2.44,0.58,-0.65,58.95,29.85,54.75,31.67,13.66,986.00,-39.77,166.25,-577.50,-210.0,1,53.479,"
1784215524.8907366,"01/01/2000,03:53:05.93,-1033.20,-34.67,26.86,1.82,-0.72,-1.43,61.80,29.25,53.40,31.58,13.42,986.25,-39.65,70.0,-708.75,-245.0,1,53.479,"
1784215524.9068828,"01/01/2000,03:53:05.94,-1037.11,-40.53,4.88,1.53,0.08,-2.66,60.60,28.80,53.40,31.72,13.79,986.13,-39.77,8.75,-656.25,-113.75,1,53.479,"
1784215524.9285789,"01/01/2000,03:53:05.96,-1013.67,-38.57,-35.64,-1.12,0.62,-1.18,60.30,28.05,53.10,31.38,13.91,986.25,-39.77,140.0,-656.25,-148.75,1,53.478,"
1784215524.9450352,"01/01/2000,03:53:05.98,-1030.27,-33.69,54.20,-0.64,-1.02,0.68,61.05,29.55,55.35,31.48,13.79,986.25,-39.65,157.50,-726.25,-183.75,1,53.478,"
1784215524.9634855,"01/01/2000,03:53:06.00,-1000.0,-33.20,14.16,0.05,0.65,-0.31,61.20,30.15,54.0,31.67,13.54,986.13,-39.53,166.25,-743.75,-236.25,1,53.479,"
1784215524.9845731,"01/01/2000,03:53:06.02,-1011.23,0.0,-32.23,1.44,-0.23,-2.19,61.80,28.80,53.85,31.38,13.66,986.13,-39.65,201.25,-700.0,-288.75,1,53.479,"
1784215525.0183642,"01/01/2000,03:53:06.05,-1018.55,-74.22,52.25,-2.18,-0.16,-1.64,60.60,30.0,53.40,31.72,13.54,986.13,-39.77,113.75,-612.50,-218.75,1,53.479,"
1784215525.0355804,"01/01/2000,03:53:06.07,-1013.67,-10.25,3.42,0.21,-0.91,1.29,60.60,30.45,54.15,31.67,13.66,986.37,-39.53,35.0,-691.25,-157.50,1,53.479,"
1784215525.062766,"01/01/2000,03:53:06.09,-1002.44,-26.86,56.15,-1.78,-0.27,0.38,61.65,31.05,55.20,31.58,13.66,986.25,-39.53,43.75,-586.25,-245.0,1,53.479,"
1784215525.0789096,"01/01/2000,03:53:06.11,-1038.57,-46.39,30.76,0.11,0.26,1.42,60.90,29.85,53.70,31.67,13.66,986.13,-39.89,201.25,-778.75,-262.50,1,53.480,"
1784215525.108151,"01/01/2000,03:53:06.14,-995.12,-48.34,2.44,-2.47,0.42,-1.35,61.05,29.25,52.35,31.58,13.79,986.25,-39.65,140.0,-612.50,-227.50,1,53.479,"
1784215525.1341708,"01/01/2000,03:53:06.16,-996.09,-21.00,30.76,1.98,-1.18,-0.32,61.95,28.65,54.0,31.72,13.66,986.25,-39.53,70.0,-665.0,-210.0,1,53.479,"
1784215525.1529455,"01/01/2000,03:53:06.19,-998.54,-18.55,8.30,0.85,0.82,-1.21,58.65,26.85,55.35,31.48,13.54,986.00,-39.53,218.75,-805.0,-218.75,1,53.479,"
1784215525.180063,"01/01/2000,03:53:06.21,-1024.90,-45.90,6.35,-1.35,-1.40,0.33,61.80,28.05,54.15,31.53,13.66,986.00,-39.65,52.50,-595.0,-131.25,1,53.479,"
1784215525.1953268,"01/01/2000,03:53:06.23,-1021.48,-29.79,4.88,-0.40,1.09,0.39,61.05,30.75,53.10,31.58,13.66,986.13,-39.41,218.75,-647.50,-166.25,1,53.479,"
1784215525.212647,"01/01/2000,03:53:06.25,-1019.04,-35.64,-16.60,0.53,0.44,0.43,60.60,28.05,53.85,31.67,13.66,986.13,-39.41,96.25,-726.25,-236.25,1,53.478,"
1784215525.2292824,"01/01/2000,03:53:06.26,-989.26,-26.86,43.95,-0.66,0.22,2.68,61.05,29.25,52.35,31.53,13.54,986.13,-39.53,122.50,-638.75,-210.0,1,53.478,"
