timestamp,data
1784215132.1359925,"01/01/2000,03:46:33.15,-1008.30,-51.76,58.59,-3.15,-0.30,-0.03,62.70,28.65,54.75,30.62,13.54,985.88,-40.50,516.25,183.75,-323.75,1,53.587,"
1784215132.1580575,"01/01/2000,03:46:33.17,-1031.25,-29.79,59.57,-0.56,-0.91,2.98,61.20,29.85,52.95,30.52,11.47,986.74,-38.06,-245.0,-533.75,-358.75,1,53.586,"
1784215132.1798666,"01/01/2000,03:46:33.19,-1017.09,-36.13,79.59,1.42,1.58,0.92,60.0,29.40,54.45,30.62,10.86,987.10,-37.21,-367.50,-1163.75,-323.75,1,53.585,"
1784215132.1938303,"01/01/2000,03:46:33.21,-1043.95,-47.36,32.71,2.56,-0.47,1.82,60.0,29.40,54.45,30.43,12.44,986.25,-38.43,105.0,-1793.75,-297.50,1,53.591,"
1784215132.2127447,"01/01/2000,03:46:33.23,-1012.21,-32.23,21.48,-0.58,1.03,-0.84,61.65,29.85,54.75,30.33,15.01,985.64,-39.28,428.75,-743.75,-35.0,1,53.590,"
1784215132.2298827,"01/01/2000,03:46:33.25,-984.86,-9.28,-13.18,0.45,-1.43,0.49,59.55,29.55,54.15,30.47,15.13,985.76,-38.55,227.50,113.75,-201.25,1,53.589,"
1784215132.247282,"01/01/2000,03:46:33.26,-990.72,-45.41,14.65,-0.44,-2.13,0.63,59.70,27.75,55.20,30.33,13.66,986.25,-37.82,17.50,323.75,-358.75,1,53.588,"
1784215132.266307,"01/01/2000,03:46:33.28,-997.07,-17.58,4.39,1.71,-1.85,-1.88,62.70,27.75,55.20,30.33,12.08,986.61,-37.70,-61.25,-446.25,-271.25,1,53.587,"
1784215132.2853832,"01/01/2000,03:46:33.30,-1010.25,-48.34,-56.15,1.11,1.60,-1.12,61.20,27.0,55.20,30.43,11.47,985.76,-38.43,78.75,-1575.0,-297.50,1,53.586,"
1784215132.3205218,"01/01/2000,03:46:33.34,-1021.00,-21.00,-33.20,-0.78,3.16,-1.01,59.85,28.80,54.15,30.62,14.15,985.76,-38.43,297.50,-577.50,-35.0,1,53.591,"
1784215132.3461933,"01/01/2000,03:46:33.35,-1036.62,-40.04,10.25,0.02,-1.83,0.18,60.60,29.55,53.40,30.33,14.40,986.37,-38.06,-26.25,-17.50,-218.75,1,53.590,"
1784215132.3783836,"01/01/2000,03:46:33.39,-1002.93,-20.02,-42.97,0.37,0.42,-2.53,61.35,28.80,53.40,30.62,11.96,986.00,-38.43,-26.25,-962.50,-358.75,1,53.588,"
1784215132.3996007,"01/01/2000,03:46:33.41,-1023.44,9.77,-30.27,1.56,1.04,-1.16,61.65,28.95,53.70,30.81,12.20,985.76,-38.80,245.0,-1391.25,-227.50,1,53.594,"
1784215132.4147446,"01/01/2000,03:46:33.43,-1034.18,-42.48,-16.11,-0.11,1.24,2.03,61.35,28.35,53.40,30.33,13.18,985.88,-38.43,358.75,-1050.0,-183.75,1,53.587,"
1784215132.4317844,"01/01/2000,03:46:33.45,-1010.74,-28.32,17.09,-0.21,0.17,0.06,60.90,28.95,52.95,30.62,13.91,986.13,-37.82,-8.75,-420.0,-227.50,1,53.592,"
1784215132.4485538,"01/01/2000,03:46:33.47,-992.19,-44.92,46.88,-1.40,-2.22,-2.25,61.65,29.40,54.75,30.47,13.91,986.25,-37.82,35.0,-35.0,-288.75,1,53.591,"
1784215132.465592,"01/01/2000,03:46:33.48,-1000.0,-18.55,13.18,-2.60,1.29,-0.82,61.80,27.60,53.85,30.62,13.54,986.13,-38.06,78.75,-560.0,-166.25,1,53.591,"
1784215132.493493,"01/01/2000,03:46:33.51,-995.12,-20.02,62.01,1.35,1.60,-1.70,61.20,28.20,55.95,30.33,12.57,985.76,-38.55,271.25,-1111.25,-288.75,1,53.590,"
1784215132.5155947,"01/01/2000,03:46:33.53,-1025.39,-22.95,-38.57,1.98,0.33,-0.05,58.95,29.40,55.95,30.33,12.93,986.49,-37.70,105.0,-875.0,-288.75,1,53.589,"
1784215132.529912,"01/01/2000,03:46:33.55,-1019.04,-43.95,54.69,0.90,-2.98,2.67,59.10,27.60,55.80,30.33,13.42,986.37,-37.45,-52.50,-446.25,-148.75,1,53.588,"
1784215132.5479195,"01/01/2000,03:46:33.56,-1034.67,-36.13,43.95,-1.16,1.61,0.64,61.20,29.40,52.50,30.52,13.66,986.00,-37.70,166.25,-463.75,-175.0,1,53.587,"
1784215132.5685816,"01/01/2000,03:46:33.59,-1038.09,-39.55,-1.95,3.45,0.61,1.92,60.60,28.35,53.85,30.47,13.54,985.76,-38.43,218.75,-586.25,-105.0,1,53.586,"
1784215132.6040804,"01/01/2000,03:46:33.62,-1003.91,-34.67,-17.58,-0.08,2.27,0.75,60.90,28.65,54.75,30.43,12.93,986.49,-37.82,157.50,-805.0,-253.75,1,53.591,"
1784215132.628911,"01/01/2000,03:46:33.64,-1006.35,-25.88,4.39,-0.45,0.11,-0.84,62.55,29.25,55.05,30.33,13.18,986.49,-37.58,-87.50,-656.25,-175.0,1,53.584,"
1784215132.644881,"01/01/2000,03:46:33.66,-1008.30,-10.25,16.11,-0.02,0.76,1.11,61.20,28.95,53.70,30.67,13.42,985.88,-38.31,43.75,-630.0,-385.0,1,53.589,"
1784215132.6599503,"01/01/2000,03:46:33.68,-1008.79,-11.72,10.74,2.95,-1.88,-1.45,60.30,28.35,54.15,30.67,13.91,985.52,-38.92,122.50,-743.75,-122.50,1,53.588,"
1784215132.6778011,"01/01/2000,03:46:33.69,-1008.30,-42.48,58.11,-1.16,-1.42,-1.02,61.20,29.85,53.70,30.62,13.54,985.88,-38.67,262.50,-682.50,-192.50,1,53.587,"
1784215132.697842,"01/01/2000,03:46:33.71,-1019.04,-33.69,-7.32,-0.71,-0.96,-1.08,61.65,28.95,54.45,30.86,13.05,986.25,-37.58,52.50,-691.25,-297.50,1,53.587,"
1784215132.7151716,"01/01/2000,03:46:33.73,-1018.07,-54.20,33.69,0.71,-0.32,1.81,60.0,30.15,54.75,30.33,12.93,986.25,-37.33,-43.75,-612.50,-323.75,1,53.586,"
1784215132.731777,"01/01/2000,03:46:33.75,-1008.79,-51.27,53.22,2.55,0.81,2.31,60.60,29.55,54.60,30.43,13.05,985.76,-38.06,-35.0,-717.50,-166.25,1,53.591,"
1784215132.7488828,"01/01/2000,03:46:33.77,-990.23,-35.64,82.03,0.46,-0.22,-0.05,62.40,28.95,54.0,30.47,13.42,984.30,-38.43,446.25,-638.75,-227.50,1,53.590,"
1784215132.787258,"01/01/2000,03:46:33.80,-977.54,-20.51,71.29,0.74,-0.88,1.52,59.70,29.40,53.70,30.62,13.54,978.44,-34.77,105.0,-253.75,-192.50,1,53.589,"
1784215132.821964,"01/01/2000,03:46:33.84,-1012.21,-48.83,79.10,0.01,-1.01,0.89,61.95,28.65,53.70,30.62,12.81,980.03,-34.28,-647.50,-726.25,-358.75,1,53.594,"
1784215132.8651211,"01/01/2000,03:46:33.88,-992.19,-27.83,73.24,-2.05,-0.88,0.28,61.80,28.35,55.35,30.67,13.91,976.98,-37.58,708.75,-183.75,-350.0,1,53.592,"
1784215132.8984604,"01/01/2000,03:46:33.92,-1002.44,-43.46,57.62,0.59,-1.42,1.70,61.05,30.75,53.85,30.67,13.18,973.44,-32.57,-96.25,-210.0,-297.50,1,53.590,"
1784215132.9152446,"01/01/2000,03:46:33.93,-1027.34,-13.67,-7.32,1.07,0.0,0.37,59.85,28.05,55.80,30.33,12.69,973.80,-32.94,26.25,-638.75,-201.25,1,53.589,"
1784215132.933008,"01/01/2000,03:46:33.95,-1013.67,-26.86,-33.69,-0.95,1.18,-0.40,61.95,28.20,53.70,30.33,12.93,974.41,-33.55,87.50,-682.50,-210.0,1,53.595,"
1784215132.9510465,"01/01/2000,03:46:33.97,-1006.84,-34.18,-37.11,1.29,-0.06,0.21,61.65,29.40,53.70,30.47,13.05,974.41,-34.28,113.75,-857.50,-210.0,1,53.594,"
1784215132.9779596,"01/01/2000,03:46:33.99,-1018.07,-31.25,-2.93,0.27,0.18,-0.39,61.20,28.65,53.70,30.86,12.44,975.76,-34.65,157.50,-1330.0,-113.75,1,53.593,"
1784215132.994876,"01/01/2000,03:46:34.01,-1013.67,-64.45,13.67,-2.36,1.17,2.48,58.65,28.35,55.05,30.81,12.93,978.93,-35.99,271.25,262.50,-402.50,1,53.586,"
1784215133.0171542,"01/01/2000,03:46:34.03,-1030.27,-40.53,-6.35,0.73,-0.48,0.17,60.60,28.35,53.85,30.52,13.66,980.39,-35.75,332.50,87.50,-280.0,1,53.585,"
1784215133.0338514,"01/01/2000,03:46:34.05,-1019.53,-61.52,21.00,-1.28,1.34,-1.18,60.60,29.55,54.60,30.67,14.52,981.86,-34.65,-376.25,157.50,-280.0,1,53.584,"
1784215133.0735884,"01/01/2000,03:46:34.09,-1033.69,-34.67,-0.98,-1.23,0.12,0.13,61.35,28.35,53.85,30.47,12.93,983.32,-38.06,166.25,-595.0,-402.50,1,53.589,"
1784215133.0895262,"01/01/2000,03:46:34.11,-1009.28,-47.36,-0.98,3.0,0.66,0.21,61.95,29.40,52.95,30.52,12.20,982.71,-38.80,542.50,-647.50,-175.0,1,53.588,"
1784215133.1108727,"01/01/2000,03:46:34.13,-1014.65,-30.27,0.49,1.06,-0.56,1.18,61.20,27.75,54.0,30.47,12.57,982.10,-36.48,-43.75,-472.50,-428.75,1,53.587,"
1784215133.128925,"01/01/2000,03:46:34.14,-987.30,-21.97,62.99,-0.94,-0.08,0.98,60.30,30.0,54.15,30.62,13.18,982.71,-36.11,-376.25,-1120.0,-52.50,1,53.586,"
1784215133.1460524,"01/01/2000,03:46:34.16,-1021.48,-83.50,44.43,-0.37,-1.14,-1.14,62.25,30.45,54.60,30.09,13.18,983.44,-37.82,105.0,-2362.50,245.0,1,53.585,"
1784215133.162433,"01/01/2000,03:46:34.18,-1006.35,-18.55,42.48,-1.80,-0.03,0.09,62.40,27.45,54.45,30.47,13.66,984.78,-39.41,507.50,-1505.0,-236.25,1,53.591,"
1784215133.183412,"01/01/2000,03:46:34.20,-1003.91,-20.02,41.02,-2.12,0.53,-3.22,60.90,30.15,54.45,30.47,14.40,987.22,-38.55,323.75,971.25,-245.0,1,53.583,"
1784215133.2015655,"01/01/2000,03:46:34.22,-1012.70,-44.43,-47.36,0.42,-0.79,-0.20,61.35,29.55,52.65,30.67,12.93,987.71,-36.84,-358.75,-271.25,-253.75,1,53.589,"
1784215133.2186923,"01/01/2000,03:46:34.24,-1006.84,-32.23,56.64,0.78,-0.32,1.54,60.60,28.80,54.15,30.43,11.96,987.71,-36.60,-315.0,-1426.25,-341.25,1,53.588,"
1784215133.2359257,"01/01/2000,03:46:34.25,-1005.86,-74.71,75.68,-0.60,0.52,-0.55,61.95,28.65,53.25,30.67,13.54,986.86,-37.70,-78.75,-1846.25,131.25,1,53.587,"
1784215133.2597752,"01/01/2000,03:46:34.27,-1007.81,-2.44,-68.36,2.19,0.84,0.63,61.80,29.25,53.10,30.47,14.03,985.27,-38.92,420.0,-105.0,-542.50,1,53.586,"
1784215133.2764287,"01/01/2000,03:46:34.29,-999.51,-34.67,-12.21,0.34,2.08,-2.15,61.95,28.65,53.70,30.67,13.66,983.93,-38.31,297.50,-218.75,-218.75,1,53.586,"
1784215133.2997558,"01/01/2000,03:46:34.31,-995.12,-18.55,9.28,0.74,3.15,-1.98,62.55,28.80,53.85,30.47,13.54,983.81,-37.33,26.25,-315.0,-253.75,1,53.591,"
1784215133.3172665,"01/01/2000,03:46:34.33,-1034.18,-18.55,14.16,0.05,-0.65,-1.34,60.60,28.80,53.85,30.47,12.44,984.78,-37.94,52.50,-1321.25,-341.25,1,53.590,"
1784215133.3489861,"01/01/2000,03:46:34.36,-991.70,-33.20,63.96,-0.14,-1.10,-0.08,60.90,29.85,53.25,30.52,14.15,986.74,-38.31,376.25,-157.50,-358.75,1,53.589,"
1784215133.385382,"01/01/2000,03:46:34.40,-1015.14,-48.83,91.80,-1.37,0.24,-0.01,61.05,30.45,53.85,30.47,13.05,986.00,-37.82,105.0,-323.75,-455.0,1,53.587,"
1784215133.4026766,"01/01/2000,03:46:34.42,-990.23,-33.20,11.23,-2.19,-0.08,0.76,61.05,29.55,54.60,30.62,13.30,984.66,-38.31,280.0,-455.0,-210.0,1,53.592,"
1784215133.4196277,"01/01/2000,03:46:34.44,-1018.07,-44.92,11.23,-1.98,3.92,-1.18,61.35,29.25,55.35,30.52,14.27,984.30,-38.06,140.0,-17.50,-52.50,1,53.592,"
1784215133.4370258,"01/01/2000,03:46:34.45,-1032.23,-11.23,12.21,2.86,-1.73,3.82,61.35,28.35,55.05,30.67,13.42,984.42,-38.06,-26.25,-1067.50,-122.50,1,53.591,"
1784215133.4597495,"01/01/2000,03:46:34.47,-1028.32,-22.46,29.79,1.10,-0.52,-0.50,62.40,28.20,54.45,30.62,13.18,986.00,-38.43,210.0,-980.0,-43.75,1,53.590,"
1784215133.4794226,"01/01/2000,03:46:34.49,-1026.37,-21.00,32.71,-0.19,-0.40,-1.91,60.45,29.40,55.95,30.33,11.96,987.59,-38.31,175.0,-1671.25,-201.25,1,53.589,"
1784215133.4923172,"01/01/2000,03:46:34.51,-1031.74,-27.83,34.18,-1.27,1.42,1.53,60.45,29.85,54.0,30.62,13.05,987.83,-38.06,105.0,-542.50,-428.75,1,53.595,"
1784215133.5165706,"01/01/2000,03:46:34.53,-989.75,-17.09,-18.07,0.34,0.27,-0.73,61.65,29.40,55.95,30.62,14.88,987.22,-37.82,-78.75,-8.75,-113.75,1,53.587,"
1784215133.55589,"01/01/2000,03:46:34.57,-1020.51,0.0,8.79,1.21,3.95,2.50,60.0,30.15,54.45,30.67,13.54,984.05,-37.33,35.0,-691.25,-113.75,1,53.586,"
1784215133.573808,"01/01/2000,03:46:34.59,-1011.23,-68.36,57.13,-1.24,-1.89,0.35,62.25,30.45,54.60,30.62,12.44,984.54,-37.70,26.25,-481.25,-288.75,1,53.591,"
1784215133.594753,"01/01/2000,03:46:34.61,-1028.32,-39.06,0.49,2.49,2.73,0.68,61.80,28.80,53.85,30.62,12.57,985.39,-38.31,358.75,-875.0,-201.25,1,53.584,"
1784215133.6118522,"01/01/2000,03:46:34.63,-1020.02,3.42,-6.84,-1.53,2.06,0.56,61.95,30.60,52.95,30.67,13.79,987.35,-38.31,245.0,-551.25,-131.25,1,53.589,"
1784215133.6291673,"01/01/2000,03:46:34.65,-1022.46,-19.53,-10.25,-0.62,0.85,0.03,61.35,30.75,52.35,30.47,14.76,987.83,-37.70,26.25,-61.25,-218.75,1,53.589,"
1784215133.6469805,"01/01/2000,03:46:34.66,-1009.77,-13.18,-21.97,-3.24,0.57,2.98,62.25,28.80,54.60,30.47,14.76,986.98,-37.09,-201.25,-306.25,8.75,1,53.588,"
1784215133.666393,"01/01/2000,03:46:34.68,-1013.67,-37.60,15.63,1.83,0.05,-1.76,61.95,30.15,54.0,30.47,13.54,985.52,-37.21,-35.0,-411.25,-245.0,1,53.587,"
1784215133.6832652,"01/01/2000,03:46:34.70,-1011.23,-39.55,59.57,1.76,0.46,2.0,61.65,29.40,53.70,30.52,12.57,984.66,-38.06,70.0,-971.25,-61.25,1,53.586,"
1784215133.7009013,"01/01/2000,03:46:34.72,-1051.76,-1.95,-46.39,0.43,-0.68,-0.95,61.20,29.40,53.25,30.43,12.69,985.76,-38.80,201.25,-1050.0,-271.25,1,53.592,"
1784215133.7185652,"01/01/2000,03:46:34.74,-998.05,-24.41,-28.81,1.07,-1.51,0.60,61.95,30.15,55.50,30.28,13.79,986.37,-38.92,341.25,-481.25,-297.50,1,53.591,"
1784215133.7401006,"01/01/2000,03:46:34.76,-1000.49,-21.97,10.74,3.39,-2.57,-0.74,60.60,30.45,54.15,30.47,14.15,986.49,-37.09,288.75,-796.25,-96.25,1,53.590,"
1784215133.7620685,"01/01/2000,03:46:34.77,-994.63,-29.30,-11.23,-1.89,0.15,-1.95,62.55,29.25,54.60,30.52,13.66,986.98,-36.11,-446.25,-682.50,-236.25,1,53.589,"
1784215133.7784085,"01/01/2000,03:46:34.79,-1016.11,-15.14,-59.08,0.77,0.24,0.63,61.20,28.65,52.20,30.81,14.15,987.22,-37.09,-96.25,148.75,-148.75,1,53.588,"
1784215133.7913997,"01/01/2000,03:46:34.81,-972.17,15.63,60.55,-0.40,1.85,0.04,59.70,29.85,52.50,30.67,13.66,985.76,-39.16,411.25,-131.25,-236.25,1,53.594,"
1784215133.8329537,"01/01/2000,03:46:34.85,-1047.85,-67.87,-17.58,1.45,1.73,-0.06,60.30,29.25,54.60,30.52,13.42,985.03,-38.06,61.25,-796.25,17.50,1,53.592,"
1784215133.868506,"01/01/2000,03:46:34.88,-1036.13,-13.18,-108.40,1.80,2.12,-0.50,61.95,28.95,54.45,30.71,12.81,985.64,-37.09,52.50,-1522.50,70.0,1,53.590,"
1784215133.88533,"01/01/2000,03:46:34.90,-1035.64,-90.33,-25.88,0.61,-1.78,0.43,61.65,30.15,54.75,30.62,13.18,985.64,-38.06,122.50,-490.0,-411.25,1,53.589,"
1784215133.9027357,"01/01/2000,03:46:34.92,-953.13,4.88,118.65,0.85,-0.60,0.15,60.60,29.55,53.10,30.67,13.42,985.76,-38.43,227.50,-1172.50,52.50,1,53.595,"
1784215133.9202757,"01/01/2000,03:46:34.94,-1005.37,14.65,-33.69,-2.28,0.21,0.53,61.80,29.25,54.60,30.62,13.79,985.76,-38.06,183.75,-341.25,-280.0,1,53.594,"
1784215133.9420412,"01/01/2000,03:46:34.96,-1111.33,-106.93,-96.19,0.95,-1.42,0.76,61.35,30.45,54.15,30.19,13.91,986.74,-37.58,-87.50,-586.25,-157.50,1,53.593,"
1784215133.9578898,"01/01/2000,03:46:34.97,-958.98,-22.46,139.65,2.10,-0.03,-0.27,61.95,28.20,54.75,30.47,13.91,987.47,-38.55,8.75,-428.75,-148.75,1,53.592,"
1784215133.977405,"01/01/2000,03:46:34.99,-1000.98,30.27,-83.01,-0.27,1.53,-1.08,61.80,29.25,53.85,30.43,14.03,987.47,-37.94,131.25,-61.25,-218.75,1,53.591,"
1784215133.9932373,"01/01/2000,03:46:35.01,-1066.41,-107.42,-49.80,-0.34,-2.11,2.01,61.80,30.0,53.40,30.62,13.42,984.66,-37.33,122.50,-682.50,-78.75,1,53.597,"
1784215134.014636,"01/01/2000,03:46:35.03,-916.02,-36.62,99.61,-0.37,0.44,-1.28,62.25,29.55,54.15,30.33,12.93,983.81,-36.72,-183.75,-840.0,-306.25,1,53.590,"
1784215134.0391004,"01/01/2000,03:46:35.05,-980.47,24.90,201.66,-0.18,-0.75,-1.79,61.05,28.35,56.55,30.19,13.42,985.15,-38.31,385.0,-743.75,-140.0,1,53.589,"
1784215134.0597765,"01/01/2000,03:46:35.08,-1016.60,7.32,15.63,-2.59,3.0,-1.65,63.0,27.60,54.15,30.47,13.05,986.37,-38.67,306.25,-813.75,-245.0,1,53.588,"
1784215134.0803688,"01/01/2000,03:46:35.10,-1085.45,-88.87,-149.90,-3.05,-0.47,-2.31,62.25,28.80,53.40,30.33,14.27,988.08,-36.72,-350.0,-17.50,-201.25,1,53.587,"
1784215134.0949545,"01/01/2000,03:46:35.11,-959.96,-47.36,227.54,1.92,-1.37,-0.43,61.65,29.40,52.95,30.43,14.52,987.59,-37.21,-297.50,78.75,-210.0,1,53.586,"
1784215134.115094,"01/01/2000,03:46:35.13,-977.05,47.36,-109.86,0.07,0.64,0.10,63.15,30.60,53.25,30.62,13.30,987.71,-38.31,236.25,-1181.25,70.0,1,53.585,"
1784215134.1319115,"01/01/2000,03:46:35.15,-1065.92,-75.68,-229.00,1.17,-0.27,-0.18,63.30,30.0,53.40,30.67,13.18,986.00,-39.04,463.75,-1120.0,-341.25,1,53.591,"
1784215134.1530075,"01/01/2000,03:46:35.17,-997.07,-41.02,159.67,1.38,-0.15,1.01,60.90,31.35,52.95,30.43,14.03,983.93,-37.58,-105.0,-280.0,87.50,1,53.584,"
1784215134.1712928,"01/01/2000,03:46:35.19,-980.47,44.92,-2.93,0.08,1.06,0.40,61.80,29.55,53.10,30.33,12.81,985.03,-36.72,-61.25,-1128.75,-323.75,1,53.589,"
1784215134.2056525,"01/01/2000,03:46:35.22,-1028.81,-85.45,116.21,2.11,-0.32,-0.82,61.35,30.0,53.40,30.43,13.91,987.35,-38.31,472.50,-857.50,52.50,1,53.588,"
1784215134.2267253,"01/01/2000,03:46:35.24,-953.61,26.86,140.14,0.98,1.02,-0.67,61.80,29.55,53.10,30.62,13.66,986.37,-37.82,-52.50,-253.75,-682.50,1,53.587,"
1784215134.2445893,"01/01/2000,03:46:35.26,-1052.73,-20.51,-55.18,0.79,0.57,-1.99,61.65,29.85,54.45,30.47,13.91,986.25,-37.09,-87.50,-647.50,105.0,1,53.592,"
1784215134.2601554,"01/01/2000,03:46:35.28,-1019.53,-77.15,-43.46,1.10,1.04,0.29,63.15,31.80,52.50,30.67,12.20,986.00,-38.31,-26.25,-1741.25,210.0,1,53.591,"
1784215134.281984,"01/01/2000,03:46:35.30,-1006.35,-29.79,61.04,-0.69,0.07,-0.63,63.15,28.95,52.95,30.62,14.40,985.76,-39.04,472.50,52.50,-358.75,1,53.591,"
1784215134.2983167,"01/01/2000,03:46:35.32,-1037.11,-36.13,97.66,-2.84,-1.20,-1.08,62.40,31.05,52.20,30.62,15.37,985.03,-37.21,402.50,962.50,140.0,1,53.590,"
1784215134.316562,"01/01/2000,03:46:35.33,-1006.35,-59.08,-57.62,0.66,-0.79,-0.24,61.80,31.65,53.40,30.33,13.66,985.15,-35.62,-516.25,-796.25,-306.25,1,53.589,"
1784215134.3360314,"01/01/2000,03:46:35.35,-1009.77,-8.79,80.57,4.28,0.93,1.22,61.80,29.25,53.10,30.52,11.47,984.30,-35.99,8.75,-4217.50,516.25,1,53.588,"
1784215134.3723445,"01/01/2000,03:46:35.39,-1031.74,-56.64,9.77,-1.58,-0.19,-0.73,62.70,31.35,51.30,30.67,15.13,987.59,-38.31,201.25,1032.50,-498.75,1,53.593,"
1784215134.3893754,"01/01/2000,03:46:35.41,-1032.71,-10.74,-24.41,1.50,0.37,-0.45,63.15,29.85,52.50,30.71,14.27,987.59,-37.09,-157.50,-8.75,-192.50,1,53.592,"
1784215134.3990982,"01/01/2000,03:46:35.42,-1034.67,-21.00,-16.60,1.58,0.35,1.82,61.80,30.75,52.35,30.67,13.54,987.22,-36.60,-201.25,-1216.25,-367.50,1,53.591,"
1784215134.4274664,"01/01/2000,03:46:35.44,-1006.84,-29.30,34.18,-1.05,0.73,1.30,61.35,29.25,55.05,30.43,14.52,986.00,-37.58,43.75,-1610.0,288.75,1,53.590,"
1784215134.4454627,"01/01/2000,03:46:35.46,-1011.72,-23.93,23.93,-0.56,0.26,2.67,61.35,29.25,55.05,30.47,14.64,984.78,-37.82,350.0,892.50,-498.75,1,53.589,"
1784215134.4620118,"01/01/2000,03:46:35.48,-959.96,-18.55,11.72,0.63,-0.11,-1.34,61.65,29.40,53.25,30.43,12.93,983.81,-36.97,332.50,-805.0,105.0,1,53.595,"
1784215134.479524,"01/01/2000,03:46:35.50,-1008.30,-49.80,4.88,3.07,1.02,-0.22,61.80,30.45,52.35,30.19,12.44,983.81,-36.36,-43.75,-936.25,-288.75,1,53.594,"
1784215134.5047674,"01/01/2000,03:46:35.52,-1052.73,-48.34,23.44,0.60,0.26,0.92,62.55,30.45,53.10,30.62,13.54,985.27,-36.60,-122.50,-918.75,-245.0,1,53.593,"
1784215134.5349448,"01/01/2000,03:46:35.55,-1023.93,-3.42,-50.78,-1.20,0.58,-0.08,61.95,30.15,52.20,30.62,14.64,986.25,-37.70,183.75,385.0,-446.25,1,53.591,"
1784215134.565296,"01/01/2000,03:46:35.58,-1000.49,-43.95,25.88,0.25,-0.10,1.56,60.30,29.55,55.05,30.43,13.42,987.83,-37.45,17.50,-332.50,-428.75,1,53.584,"
1784215134.5857801,"01/01/2000,03:46:35.60,-1002.44,-39.06,59.08,0.73,-1.76,0.18,62.55,30.0,52.65,30.67,13.18,986.00,-37.33,315.0,-1225.0,-87.50,1,53.583,"
1784215134.6027584,"01/01/2000,03:46:35.62,-1020.51,-30.76,62.01,0.08,1.55,0.69,59.70,30.15,55.20,30.67,14.64,984.42,-36.60,35.0,-43.75,-271.25,1,53.589,"
1784215134.6194596,"01/01/2000,03:46:35.64,-980.47,-9.28,29.79,2.21,0.57,-2.92,62.40,30.15,52.95,30.43,14.27,983.56,-36.60,-166.25,-918.75,-157.50,1,53.588,"
1784215134.6460798,"01/01/2000,03:46:35.66,-1011.72,-31.25,-122.07,1.40,0.03,-0.15,61.95,30.60,52.95,30.62,14.40,984.05,-37.58,428.75,-551.25,-26.25,1,53.587,"
1784215134.662119,"01/01/2000,03:46:35.68,-1040.53,-81.05,35.16,0.43,1.20,0.56,63.30,29.55,51.90,30.62,13.54,987.83,-37.94,210.0,-428.75,-402.50,1,53.586,"
1784215134.6794593,"01/01/2000,03:46:35.69,-981.45,24.41,197.75,0.53,0.87,0.71,63.30,29.55,51.90,30.33,13.66,988.20,-38.06,-70.0,-437.50,-306.25,1,53.585,"
1784215134.6929214,"01/01/2000,03:46:35.71,-987.79,14.65,-30.27,1.49,-0.30,1.29,62.70,30.15,53.25,30.33,13.42,987.96,-37.82,105.0,-1067.50,-183.75,1,53.591,"
1784215134.7152197,"01/01/2000,03:46:35.73,-1075.20,-72.27,-150.39,2.47,0.02,2.17,62.70,30.60,52.95,30.33,13.91,986.86,-38.55,-105.0,-918.75,-157.50,1,53.584,"
1784215134.7295172,"01/01/2000,03:46:35.75,-1020.51,-35.16,119.63,0.89,-0.59,1.49,62.40,29.40,53.25,30.67,14.64,986.25,-37.82,376.25,-236.25,-140.0,1,53.589,"
1784215134.7486837,"01/01/2000,03:46:35.76,-966.80,19.04,119.14,1.47,-1.58,-0.86,63.30,31.20,52.65,30.47,13.91,983.44,-37.09,323.75,-455.0,-227.50,1,53.588,"
1784215134.7702653,"01/01/2000,03:46:35.79,-1059.08,-32.23,-196.29,1.72,-0.49,-0.82,62.70,29.40,53.70,30.52,12.81,984.42,-35.50,-306.25,-1216.25,-245.0,1,53.587,"
1784215134.8047378,"01/01/2000,03:46:35.82,-944.82,30.76,58.59,-0.43,1.99,-0.95,61.20,30.15,52.50,30.67,14.40,986.49,-37.33,140.0,-376.25,-306.25,1,53.586,"
1784215134.8218632,"01/01/2000,03:46:35.84,-1045.41,-21.97,-143.07,-0.01,-1.37,0.68,63.30,30.75,51.90,30.43,14.64,986.86,-38.31,297.50,-148.75,-96.25,1,53.591,"
1784215134.8484662,"01/01/2000,03:46:35.86,-1022.95,-120.12,79.10,0.11,-1.40,0.63,62.40,33.75,53.70,30.33,14.40,987.22,-37.58,166.25,-638.75,-175.0,1,53.590,"
1784215134.8644345,"01/01/2000,03:46:35.88,-954.59,24.90,154.30,-1.49,-0.67,-1.01,62.70,31.05,53.25,30.47,15.13,987.59,-38.06,0.0,813.75,-297.50,1,53.590,"
1784215134.8803525,"01/01/2000,03:46:35.89,-992.68,30.76,-64.94,0.91,0.32,-2.04,63.90,30.15,52.50,30.47,13.54,986.98,-37.33,183.75,-551.25,-157.50,1,53.589,"
1784215134.8951926,"01/01/2000,03:46:35.91,-1057.62,-112.30,-109.86,1.49,-1.09,2.57,63.90,30.15,52.50,30.86,12.08,984.42,-37.33,341.25,-2047.50,-306.25,1,53.588,"
1784215134.9155214,"01/01/2000,03:46:35.93,-966.31,-41.02,212.40,0.83,0.0,-0.68,63.0,31.20,51.60,30.33,14.64,984.42,-36.11,-201.25,-105.0,-175.0,1,53.587,"
1784215134.9329512,"01/01/2000,03:46:35.95,-973.63,50.78,43.95,-1.24,0.72,0.34,63.15,29.85,53.70,30.81,13.91,985.27,-36.72,105.0,-1120.0,-96.25,1,53.593,"
1784215134.9507675,"01/01/2000,03:46:35.97,-1051.27,-5.37,-164.55,-1.50,-0.11,-0.02,63.30,30.0,52.65,30.67,14.64,986.49,-37.21,262.50,122.50,-376.25,1,53.592,"
1784215134.9743564,"01/01/2000,03:46:35.99,-1020.02,-93.26,2.93,1.69,-1.02,1.73,63.0,30.45,52.65,30.67,13.79,987.71,-37.45,17.50,-1435.0,210.0,1,53.591,"
1784215134.9903412,"01/01/2000,03:46:36.00,-969.73,-57.13,226.07,0.82,0.11,-2.36,63.30,30.75,54.15,30.67,15.01,986.25,-38.06,52.50,805.0,-402.50,1,53.590,"
1784215135.022571,"01/01/2000,03:46:36.04,-1068.36,-54.20,-135.74,-4.02,-1.42,0.63,63.90,30.15,52.20,30.19,13.42,986.61,-38.06,-17.50,-673.75,-385.0,1,53.595,"
1784215135.0443342,"01/01/2000,03:46:36.06,-1000.0,-73.73,115.23,2.69,-0.91,-0.92,62.70,30.60,51.75,30.43,12.44,985.27,-36.60,210.0,-2467.50,113.75,1,53.587,"
1784215135.0683765,"01/01/2000,03:46:36.08,-974.12,-90.33,117.19,-0.02,-0.13,3.44,63.75,31.65,52.65,30.52,15.37,983.32,-35.87,26.25,901.25,-463.75,1,53.587,"
1784215135.0928364,"01/01/2000,03:46:36.11,-963.38,-1.95,162.60,2.11,0.83,-0.30,61.95,28.95,54.75,30.81,11.59,984.17,-36.23,280.0,-3211.25,131.25,1,53.586,"
1784215135.1097019,"01/01/2000,03:46:36.12,-1011.72,10.74,5.86,1.53,0.82,-0.95,61.95,28.95,54.75,30.43,10.61,986.37,-37.70,175.0,-3683.75,-201.25,1,53.585,"
1784215135.1274629,"01/01/2000,03:46:36.14,-1067.87,-84.96,-85.94,3.66,-0.71,-3.57,62.55,30.45,51.90,30.52,12.32,986.61,-38.43,175.0,-2668.75,-61.25,1,53.584,"
1784215135.1485224,"01/01/2000,03:46:36.16,-1000.49,-32.71,69.82,0.80,1.21,0.37,62.25,30.45,53.40,30.43,17.81,987.22,-37.45,43.75,1356.25,-621.25,1,53.583,"
1784215135.162559,"01/01/2000,03:46:36.18,-978.03,-16.60,4.39,-2.02,0.02,-2.09,61.35,30.0,51.90,30.43,18.79,988.32,-37.58,-218.75,1951.25,-26.25,1,53.589,"
1784215135.1803446,"01/01/2000,03:46:36.20,-1057.62,-46.39,-106.93,-0.06,-0.94,-2.29,62.25,30.0,53.40,30.67,16.71,988.44,-38.06,131.25,1268.75,-446.25,1,53.588,"
1784215135.2006981,"01/01/2000,03:46:36.22,-998.54,-36.13,11.72,2.25,0.32,1.46,64.35,29.40,53.25,30.43,13.66,984.54,-37.58,638.75,-1058.75,-175.0,1,53.587,"
1784215135.2175903,"01/01/2000,03:46:36.23,-997.56,10.74,111.82,1.45,0.60,3.53,63.60,30.60,53.25,30.52,13.18,983.32,-35.01,52.50,-621.25,-236.25,1,53.586,"
1784215135.234988,"01/01/2000,03:46:36.25,-1026.86,11.23,-85.94,-1.08,0.85,-0.80,62.55,30.75,53.40,30.67,13.66,985.03,-34.89,-595.0,122.50,-306.25,1,53.585,"
1784215135.2724543,"01/01/2000,03:46:36.29,-990.23,-7.81,34.18,0.98,-1.23,1.04,62.40,30.60,53.25,30.52,15.49,986.86,-38.31,621.25,262.50,-35.0,1,53.590,"
1784215135.2952147,"01/01/2000,03:46:36.31,-965.82,-2.44,64.45,1.26,-0.66,-3.53,62.55,31.65,51.90,30.43,15.13,986.37,-37.82,323.75,148.75,-70.0,1,53.589,"
1784215135.3076317,"01/01/2000,03:46:36.32,-1029.30,-25.88,4.88,-1.88,-1.17,1.41,62.70,32.25,52.95,30.47,13.66,987.22,-37.33,-271.25,61.25,-70.0,1,53.588,"
1784215135.3275135,"01/01/2000,03:46:36.34,-1004.39,-55.66,7.32,0.25,-1.18,-1.53,64.95,32.40,52.65,30.33,11.96,987.83,-37.94,96.25,-761.25,-315.0,1,53.587,"
1784215135.3450694,"01/01/2000,03:46:36.36,-1000.49,-50.78,4.88,0.54,-1.21,0.78,63.15,31.80,51.75,30.62,12.57,985.76,-37.58,586.25,-1146.25,-201.25,1,53.587,"
1784215135.3652034,"01/01/2000,03:46:36.38,-1010.74,-25.88,18.55,0.14,0.62,-1.06,63.60,31.05,52.95,30.33,13.54,983.32,-35.75,122.50,-1277.50,-157.50,1,53.592,"
1784215135.3822258,"01/01/2000,03:46:36.40,-1013.67,-45.90,36.13,0.70,-0.90,2.92,63.60,30.15,51.75,30.81,14.27,984.66,-34.89,-516.25,-1120.0,-192.50,1,53.591,"
1784215135.400969,"01/01/2000,03:46:36.42,-1018.07,-20.02,-66.89,0.37,-1.85,0.98,63.15,30.15,52.95,30.67,14.64,987.59,-36.84,0.0,393.75,-358.75,1,53.590,"
1784215135.4186234,"01/01/2000,03:46:36.43,-1004.88,-45.90,29.30,0.98,-2.73,-0.63,62.55,30.45,54.60,30.47,13.79,987.83,-38.43,420.0,-533.75,-175.0,1,53.589,"
1784215135.4360385,"01/01/2000,03:46:36.45,-1014.16,-31.74,55.18,2.52,1.51,0.80,63.75,31.20,52.35,30.67,12.93,986.98,-38.67,332.50,-1233.75,-245.0,1,53.589,"
1784215135.4743998,"01/01/2000,03:46:36.49,-993.65,-20.02,-12.21,1.10,-0.99,-2.69,62.55,32.40,53.85,30.47,14.40,987.59,-36.84,-105.0,-656.25,-113.75,1,53.587,"
1784215135.5086093,"01/01/2000,03:46:36.53,-986.33,-33.20,-11.72,-0.71,0.05,0.01,64.05,32.85,51.15,30.62,13.42,984.54,-35.62,175.0,-1225.0,-122.50,1,53.592,"
1784215135.5291564,"01/01/2000,03:46:36.55,-1014.65,-37.11,73.73,0.88,-0.50,0.66,62.25,31.65,52.65,30.43,13.54,984.30,-35.14,-105.0,-971.25,-376.25,1,53.591,"
1784215135.547112,"01/01/2000,03:46:36.56,-1012.21,-30.27,40.53,-0.08,-1.03,-0.05,62.55,31.65,53.10,30.71,14.52,985.03,-35.87,0.0,-472.50,-201.25,1,53.590,"
1784215135.5664032,"01/01/2000,03:46:36.58,-1040.53,-43.95,53.22,0.31,0.18,1.72,62.55,31.20,51.90,30.81,14.64,986.61,-37.21,253.75,-332.50,-87.50,1,53.589,"
1784215135.5884316,"01/01/2000,03:46:36.60,-1040.04,-47.85,75.20,3.77,-0.68,2.95,63.15,32.55,51.75,30.52,14.52,987.59,-37.94,245.0,-297.50,-113.75,1,53.588,"
1784215135.6308568,"01/01/2000,03:46:36.64,-1033.69,-32.23,3.91,3.17,1.19,-0.31,61.05,28.80,54.60,30.52,13.66,987.22,-36.60,-175.0,-892.50,-148.75,1,53.586,"
1784215135.6459098,"01/01/2000,03:46:36.66,-989.26,-33.20,-20.51,-0.12,-2.41,1.66,63.60,31.80,52.20,30.62,14.15,986.37,-37.09,297.50,-717.50,-245.0,1,53.586,"
1784215135.6663506,"01/01/2000,03:46:36.68,-999.51,-38.09,-6.35,1.64,0.47,0.70,62.70,30.60,52.20,30.62,14.52,985.64,-37.21,332.50,-691.25,-52.50,1,53.591,"
1784215135.6827154,"01/01/2000,03:46:36.70,-1021.97,-8.79,30.27,-1.54,-1.67,1.56,62.40,31.05,52.20,30.52,14.76,984.91,-36.23,70.0,-446.25,87.50,1,53.584,"
1784215135.7008004,"01/01/2000,03:46:36.72,-1016.11,-21.97,-5.37,3.63,2.89,-0.60,62.70,31.35,51.75,30.67,13.66,986.25,-35.99,-157.50,-586.25,-297.50,1,53.589,"
1784215135.717987,"01/01/2000,03:46:36.73,-1000.0,-25.88,65.92,0.20,-1.76,0.80,61.80,30.45,52.65,30.62,13.54,989.42,-37.09,-122.50,-918.75,-96.25,1,53.589,"
1784215135.7439196,"01/01/2000,03:46:36.76,-1024.90,-39.55,82.52,1.01,0.46,-0.60,61.95,31.80,52.50,30.43,13.42,992.23,-38.80,201.25,-953.75,-218.75,1,53.588,"
1784215135.7579403,"01/01/2000,03:46:36.77,-1011.23,-3.42,-3.42,1.73,0.03,2.10,62.70,31.35,51.30,30.81,13.91,994.06,-40.63,516.25,-1496.25,-113.75,1,53.587,"
1784215135.7913504,"01/01/2000,03:46:36.81,-1009.77,-31.25,-44.92,-2.11,-1.66,0.20,64.50,30.75,52.35,30.43,13.66,995.52,-41.85,735.0,-1452.50,-262.50,1,53.591,"
1784215135.8125734,"01/01/2000,03:46:36.83,-1041.02,-28.81,81.54,1.78,-3.13,1.18,63.30,30.75,52.35,30.43,13.66,992.84,-40.26,586.25,-1373.75,-218.75,1,53.591,"
1784215135.8289618,"01/01/2000,03:46:36.85,-1019.53,0.0,-66.89,0.02,-0.11,0.25,62.40,31.65,53.85,30.43,13.66,992.59,-38.06,297.50,-1653.75,-218.75,1,53.590,"
1784215135.8479998,"01/01/2000,03:46:36.86,-1093.75,-34.67,-61.52,2.40,-1.33,0.05,64.35,32.55,52.20,30.62,14.03,994.79,-39.28,288.75,-1627.50,-306.25,1,53.589,"
1784215135.8642728,"01/01/2000,03:46:36.88,-953.13,-9.28,149.41,3.83,0.05,-0.85,64.05,32.85,52.35,30.67,14.15,998.20,-41.48,341.25,-1601.25,-288.75,1,53.588,"
1784215135.8858275,"01/01/2000,03:46:36.90,-1071.29,-3.91,-109.86,0.24,-0.50,-0.87,63.15,33.0,52.50,30.47,14.03,998.94,-41.72,385.0,-1636.25,-148.75,1,53.587,"
1784215135.9206429,"01/01/2000,03:46:36.94,-1025.88,29.79,20.02,0.40,-0.25,1.12,64.50,31.65,52.65,30.67,14.52,995.03,-39.28,61.25,-1207.50,-122.50,1,53.592,"
1784215135.9480193,"01/01/2000,03:46:36.96,-1025.88,-45.90,58.59,-0.18,-2.06,2.24,63.90,32.25,53.25,30.52,14.88,993.93,-39.89,350.0,-621.25,-297.50,1,53.591,"
1784215135.9625127,"01/01/2000,03:46:36.98,-1020.02,-78.13,29.79,-0.62,-1.05,-2.95,62.70,31.35,52.50,30.62,14.76,994.79,-39.65,-113.75,-621.25,-245.0,1,53.590,"
1784215135.980463,"01/01/2000,03:46:36.99,-980.96,-16.60,111.33,-0.18,-1.31,-2.56,62.70,33.0,51.30,30.52,14.52,992.96,-40.38,140.0,-980.0,-201.25,1,53.589,"
1784215135.9929767,"01/01/2000,03:46:37.01,-1027.83,-15.63,57.62,0.77,-1.88,0.04,62.25,31.20,52.35,30.52,14.27,991.86,-40.75,280.0,-822.50,-236.25,1,53.589,"
1784215136.0153239,"01/01/2000,03:46:37.03,-1019.53,-57.13,21.00,-1.92,-0.85,-2.89,64.95,31.20,51.90,30.43,14.15,990.27,-38.80,-8.75,-761.25,-288.75,1,53.588,"
1784215136.0319006,"01/01/2000,03:46:37.05,-1005.86,-29.79,59.08,-1.80,-0.89,-0.95,64.50,31.95,51.60,30.52,14.40,989.18,-37.70,61.25,-752.50,-262.50,1,53.593,"
1784215136.0499163,"01/01/2000,03:46:37.07,-1014.65,-28.81,24.90,0.77,1.12,-0.92,64.65,31.80,51.30,30.43,14.27,988.81,-37.94,227.50,-726.25,-350.0,1,53.592,"
1784215136.0665364,"01/01/2000,03:46:37.08,-1025.39,-24.90,31.74,-0.46,-1.28,1.98,62.70,30.60,52.20,30.62,14.64,988.69,-38.31,183.75,-525.0,-218.75,1,53.591,"
1784215136.0877674,"01/01/2000,03:46:37.10,-1015.63,-36.13,17.09,2.36,-1.22,1.49,63.90,31.80,52.95,30.52,14.03,988.20,-37.94,166.25,-630.0,-183.75,1,53.591,"
1784215136.1151865,"01/01/2000,03:46:37.13,-1007.81,-32.71,-4.88,3.85,-0.38,1.26,60.90,30.15,55.95,30.62,14.03,987.10,-37.33,218.75,-656.25,-367.50,1,53.590,"
1784215136.1329715,"01/01/2000,03:46:37.15,-1026.37,-13.18,-15.63,0.21,-2.08,0.73,62.55,31.95,52.65,30.62,14.15,986.98,-37.82,122.50,-533.75,-271.25,1,53.583,"
1784215136.154962,"01/01/2000,03:46:37.17,-1024.41,-19.04,19.04,1.67,-3.92,0.87,63.0,30.75,53.10,30.67,14.15,986.98,-37.82,192.50,-516.25,-306.25,1,53.582,"
1784215136.1888397,"01/01/2000,03:46:37.21,-1009.28,-41.99,42.97,0.78,-1.32,-0.11,63.90,30.60,50.55,30.52,13.91,986.49,-37.45,192.50,-595.0,-192.50,1,53.586,"
1784215136.2152052,"01/01/2000,03:46:37.22,-1016.60,-13.67,0.98,0.46,0.15,2.19,65.10,31.80,53.70,30.62,13.79,986.37,-37.58,183.75,-682.50,-131.25,1,53.586,"
1784215136.2269962,"01/01/2000,03:46:37.24,-1035.64,-22.95,5.37,3.63,0.17,1.89,63.90,32.55,50.55,30.33,14.15,986.25,-37.45,35.0,-577.50,-210.0,1,53.585,"
1784215136.2460673,"01/01/2000,03:46:37.26,-1011.72,-32.23,104.49,1.0,1.0,-1.31,62.55,31.20,50.10,30.52,14.27,986.13,-37.33,78.75,-507.50,-87.50,1,53.584,"
1784215136.2601883,"01/01/2000,03:46:37.28,-1024.41,-30.27,-0.49,0.85,-2.31,-0.55,64.95,32.40,51.15,30.62,14.03,986.00,-37.33,183.75,-621.25,-183.75,1,53.589,"
1784215136.2784941,"01/01/2000,03:46:37.30,-1004.88,-42.97,48.83,-2.38,0.73,2.57,64.35,31.35,51.75,30.33,13.91,986.00,-37.45,262.50,-533.75,-262.50,1,53.588,"
1784215136.31877,"01/01/2000,03:46:37.33,-1032.23,-9.28,-11.23,1.97,-2.81,0.21,63.15,32.55,52.50,30.28,13.91,986.25,-37.33,148.75,-551.25,-297.50,1,53.587,"
1784215136.3341503,"01/01/2000,03:46:37.35,-1018.07,-13.18,26.37,2.41,-2.11,1.19,63.0,31.65,52.35,30.67,13.91,986.37,-37.33,175.0,-420.0,-297.50,1,53.586,"
1784215136.3510487,"01/01/2000,03:46:37.37,-1032.71,-26.37,21.97,-2.82,-2.16,1.22,62.70,31.05,51.30,30.47,13.91,986.13,-37.33,87.50,-568.75,-227.50,1,53.591,"
1784215136.3725781,"01/01/2000,03:46:37.39,-1013.18,-51.27,19.53,1.82,0.24,-0.95,63.60,32.25,51.75,30.62,13.79,986.00,-37.33,26.25,-673.75,-148.75,1,53.591,"
1784215136.3935921,"01/01/2000,03:46:37.41,-1013.18,-50.78,-2.93,0.92,-0.31,-0.40,62.55,32.40,54.60,30.81,13.91,986.13,-37.33,210.0,-770.0,-192.50,1,53.590,"
1784215136.4104364,"01/01/2000,03:46:37.42,-1019.53,-32.23,69.82,-1.09,-2.66,0.62,63.30,30.75,52.65,30.62,14.03,986.25,-37.45,70.0,-717.50,-201.25,1,53.589,"
1784215136.4275467,"01/01/2000,03:46:37.44,-1013.67,-23.93,-10.74,-2.66,-1.56,-0.92,63.60,32.55,51.75,30.33,14.03,986.00,-37.58,236.25,-647.50,-192.50,1,53.588,"
1784215136.4459507,"01/01/2000,03:46:37.46,-1021.00,-18.07,28.81,1.29,1.41,1.43,63.30,31.65,54.15,30.62,14.03,986.00,-37.45,183.75,-542.50,-210.0,1,53.587,"
1784215136.4682953,"01/01/2000,03:46:37.48,-1024.41,-23.93,-16.60,1.47,-0.69,-2.16,63.75,31.95,51.90,30.67,13.91,986.13,-37.58,175.0,-533.75,-297.50,1,53.593,"
1784215136.4803195,"01/01/2000,03:46:37.50,-1008.79,-21.97,-23.93,2.69,-0.39,2.37,64.05,31.65,51.90,30.67,14.03,986.25,-37.58,96.25,-568.75,-236.25,1,53.592,"
1784215136.5016067,"01/01/2000,03:46:37.52,-1021.48,-32.23,45.41,-0.98,-1.35,0.40,62.55,30.0,53.10,30.33,14.15,986.25,-37.58,140.0,-507.50,-210.0,1,53.591,"
1784215136.5188103,"01/01/2000,03:46:37.53,-1011.72,-25.39,43.95,-0.72,2.64,-0.15,62.55,30.0,53.10,30.62,14.03,986.00,-37.70,227.50,-507.50,-245.0,1,53.590,"
1784215136.5528088,"01/01/2000,03:46:37.57,-1021.48,-23.93,-2.93,-0.98,1.11,0.76,63.90,31.35,50.55,30.62,13.54,985.88,-37.82,157.50,-542.50,-280.0,1,53.595,"
1784215136.579252,"01/01/2000,03:46:37.59,-1019.53,-30.27,-19.53,1.91,-1.23,1.49,62.55,31.95,52.35,30.52,13.91,985.88,-37.82,148.75,-752.50,-253.75,1,53.588,"
1784215136.590997,"01/01/2000,03:46:37.61,-1015.14,-43.46,19.53,0.22,-0.49,1.69,64.35,30.60,50.55,30.47,14.03,986.00,-37.82,17.50,-656.25,-157.50,1,53.593,"
1784215136.6156378,"01/01/2000,03:46:37.63,-1023.93,-29.79,-9.77,0.64,-2.11,-1.32,63.60,32.25,53.25,30.47,14.03,985.76,-37.58,52.50,-638.75,-192.50,1,53.586,"
1784215136.643003,"01/01/2000,03:46:37.66,-1041.50,-2.93,-11.23,1.44,-0.44,2.40,61.95,31.05,52.50,30.33,13.66,985.88,-37.58,105.0,-638.75,-245.0,1,53.585,"
1784215136.6784754,"01/01/2000,03:46:37.69,-1027.34,-26.37,18.07,-0.26,-0.94,0.09,62.55,33.15,52.65,30.19,13.79,986.13,-37.58,227.50,-735.0,-157.50,1,53.583,"
1784215136.699691,"01/01/2000,03:46:37.71,-1014.16,5.37,-26.37,0.60,-0.63,-1.56,63.90,33.45,51.30,30.33,13.91,986.00,-37.58,26.25,-621.25,-105.0,1,53.589,"
1784215136.7118213,"01/01/2000,03:46:37.73,-1001.46,-35.16,14.16,0.89,-1.20,0.79,63.60,31.05,52.20,30.28,13.79,985.88,-37.58,175.0,-621.25,-166.25,1,53.588,"
1784215136.730064,"01/01/2000,03:46:37.75,-1026.37,-48.34,50.78,2.25,-0.93,-0.71,63.75,30.45,52.35,30.62,13.79,986.25,-37.45,35.0,-560.0,-70.0,1,53.587,"
1784215136.7465484,"01/01/2000,03:46:37.76,-1041.99,-25.39,41.99,-0.63,0.95,-0.40,63.60,32.25,51.75,30.62,13.91,986.25,-37.45,166.25,-665.0,-428.75,1,53.586,"
1784215136.7625587,"01/01/2000,03:46:37.78,-1011.72,-52.73,62.50,0.56,1.91,-0.31,64.05,31.20,52.65,30.67,13.91,986.13,-37.33,17.50,-656.25,-192.50,1,53.592,"
1784215136.8037853,"01/01/2000,03:46:37.82,-1007.81,-24.90,30.76,-0.05,2.07,1.31,64.50,31.65,52.35,30.67,13.91,986.13,-37.45,157.50,-516.25,-271.25,1,53.590,"
1784215136.8393025,"01/01/2000,03:46:37.86,-1003.91,-8.30,32.23,1.25,-2.02,1.48,62.55,30.75,52.65,30.43,13.91,985.88,-37.70,122.50,-621.25,-376.25,1,53.588,"
1784215136.8560686,"01/01/2000,03:46:37.87,-1003.91,-17.58,7.81,2.10,-0.56,0.05,60.60,31.65,55.05,30.67,14.27,986.13,-37.70,148.75,-700.0,-245.0,1,53.588,"
1784215136.8796413,"01/01/2000,03:46:37.89,-1024.90,-37.11,54.69,0.40,-2.15,-2.51,62.25,30.75,51.60,30.47,14.03,986.00,-37.58,105.0,-577.50,-192.50,1,53.587,"
1784215136.9115055,"01/01/2000,03:46:37.93,-1016.60,-13.67,-21.48,1.25,-2.54,-2.89,61.35,29.55,55.05,30.52,13.91,986.00,-37.70,61.25,-595.0,-192.50,1,53.591,"
1784215136.9334824,"01/01/2000,03:46:37.95,-1021.97,-61.52,48.34,-1.26,0.87,1.08,62.25,31.95,51.60,30.52,13.91,986.37,-37.58,113.75,-647.50,-262.50,1,53.590,"
1784215136.948917,"01/01/2000,03:46:37.96,-1015.63,-13.67,28.32,1.41,0.74,2.31,63.15,30.60,51.30,30.71,14.15,986.13,-37.58,26.25,-752.50,-201.25,1,53.590,"
1784215136.9652884,"01/01/2000,03:46:37.98,-1023.44,-45.90,94.73,1.98,-0.89,-0.88,63.0,30.75,52.65,30.47,14.52,985.88,-37.58,113.75,-507.50,-148.75,1,53.589,"
1784215136.985303,"01/01/2000,03:46:38.00,-1025.88,-31.74,2.44,1.27,0.64,-0.04,64.05,33.60,51.90,30.19,13.91,985.88,-37.70,297.50,-551.25,-411.25,1,53.588,"
1784215137.0017576,"01/01/2000,03:46:38.02,-1023.44,-14.16,-26.86,3.08,-1.22,0.37,63.0,31.65,52.65,30.67,14.15,986.25,-37.58,52.50,-603.75,-280.0,1,53.593,"
1784215137.0186932,"01/01/2000,03:46:38.04,-995.61,-54.20,41.99,-0.37,1.60,2.20,63.0,31.65,52.65,30.67,14.15,986.00,-37.58,87.50,-665.0,-192.50,1,53.592,"
1784215137.057073,"01/01/2000,03:46:38.07,-1013.67,-29.30,19.04,1.18,-0.40,-0.92,62.55,31.65,51.90,30.47,14.15,985.88,-37.58,201.25,-656.25,-87.50,1,53.591,"
1784215137.0773768,"01/01/2000,03:46:38.09,-1054.69,-7.32,14.16,1.05,-0.09,0.61,63.60,32.25,51.75,30.52,13.91,986.00,-37.58,105.0,-743.75,-183.75,1,53.590,"
1784215137.0910597,"01/01/2000,03:46:38.11,-1006.84,-31.74,41.02,3.38,-1.16,1.60,63.15,31.80,50.55,30.52,13.79,986.00,-37.58,131.25,-525.0,-262.50,1,53.595,"
1784215137.1128,"01/01/2000,03:46:38.13,-1023.44,-55.66,68.85,-1.22,-3.84,2.38,63.75,30.0,54.15,30.67,14.15,985.88,-37.58,140.0,-761.25,-253.75,1,53.594,"
1784215137.137001,"01/01/2000,03:46:38.15,-1024.41,-23.93,-3.42,1.05,-0.29,1.19,63.90,32.55,53.25,30.52,14.40,986.13,-37.82,131.25,-603.75,-96.25,1,53.587,"
1784215137.1619895,"01/01/2000,03:46:38.17,-1018.07,-32.23,68.36,-0.37,-1.44,1.0,63.60,31.80,52.20,30.52,14.27,986.25,-37.82,17.50,-665.0,-183.75,1,53.587,"
1784215137.179399,"01/01/2000,03:46:38.19,-1040.53,-30.76,-40.53,-1.60,0.27,-2.15,63.90,31.80,52.50,30.47,14.03,986.13,-37.70,253.75,-743.75,-245.0,1,53.586,"
1784215137.194744,"01/01/2000,03:46:38.21,-1004.88,-41.50,89.36,-0.53,-0.15,1.89,62.70,31.05,52.20,30.52,14.15,986.25,-37.82,43.75,-691.25,-175.0,1,53.585,"
1784215137.2136412,"01/01/2000,03:46:38.23,-1011.72,-41.50,71.29,-1.11,0.15,1.30,63.15,30.15,52.95,30.62,14.27,986.37,-37.70,175.0,-507.50,-113.75,1,53.584,"
1784215137.232935,"01/01/2000,03:46:38.25,-1005.37,-30.27,53.71,1.63,-0.70,-1.02,63.60,31.80,51.0,30.52,14.15,986.13,-37.70,236.25,-577.50,-315.0,1,53.590,"
1784215137.248369,"01/01/2000,03:46:38.26,-1010.74,-21.00,11.72,1.50,1.34,-0.12,63.60,32.25,50.55,30.62,13.91,986.13,-37.45,201.25,-612.50,-332.50,1,53.589,"
1784215137.2693715,"01/01/2000,03:46:38.29,-1011.72,-31.74,37.60,1.68,-1.63,-0.13,63.60,33.0,52.20,30.71,13.91,986.13,-37.45,166.25,-638.75,-385.0,1,53.588,"
1784215137.303725,"01/01/2000,03:46:38.32,-1009.28,-25.88,79.59,-0.15,-0.92,-0.34,63.30,31.20,52.35,30.52,14.15,985.88,-37.33,61.25,-638.75,-61.25,1,53.586,"
1784215137.3297243,"01/01/2000,03:46:38.34,-1007.81,-49.80,71.29,-1.45,0.08,-0.63,63.90,32.55,51.0,30.43,14.15,985.88,-37.58,122.50,-586.25,-157.50,1,53.585,"
1784215137.342919,"01/01/2000,03:46:38.36,-1041.50,-35.64,-37.60,2.35,-1.09,-0.97,63.30,32.85,52.35,30.62,14.03,986.00,-37.58,96.25,-603.75,-105.0,1,53.591,"
1784215137.3625815,"01/01/2000,03:46:38.38,-1031.74,-49.80,19.04,1.18,0.15,-0.11,63.30,32.85,52.35,30.43,14.15,986.00,-37.58,183.75,-603.75,-262.50,1,53.590,"
1784215137.3953764,"01/01/2000,03:46:38.41,-1012.21,-30.76,-26.86,0.76,1.23,0.30,63.90,32.25,52.50,30.43,13.91,985.88,-37.33,236.25,-682.50,-218.75,1,53.588,"
1784215137.415477,"01/01/2000,03:46:38.43,-1023.93,-24.41,41.99,0.56,-0.22,0.32,62.70,31.80,51.75,30.62,13.79,985.88,-37.45,8.75,-612.50,-341.25,1,53.587,"
1784215137.431875,"01/01/2000,03:46:38.45,-1008.79,-19.04,86.91,1.73,0.31,0.56,63.15,31.05,52.20,30.62,13.91,985.76,-37.58,87.50,-560.0,-297.50,1,53.593,"
1784215137.450014,"01/01/2000,03:46:38.47,-1023.93,-38.09,16.60,-1.77,-0.91,-0.95,63.15,31.05,52.20,30.43,14.15,986.00,-37.58,148.75,-656.25,-262.50,1,53.592,"
1784215137.48801,"01/01/2000,03:46:38.50,-1028.32,-49.32,-52.73,1.30,1.84,0.64,63.30,33.15,52.35,30.67,13.91,986.00,-37.58,175.0,-743.75,-96.25,1,53.590,"
1784215137.5224452,"01/01/2000,03:46:38.54,-1014.65,-61.04,56.64,1.08,1.15,1.27,64.65,32.55,52.50,30.52,13.66,986.00,-37.82,52.50,-717.50,-218.75,1,53.595,"
1784215137.5486195,"01/01/2000,03:46:38.56,-1031.74,-33.69,52.73,-0.31,-0.15,-2.61,63.60,31.80,52.50,30.52,14.03,986.13,-37.58,113.75,-761.25,-227.50,1,53.588,"
1784215137.5603435,"01/01/2000,03:46:38.58,-1016.11,-1.95,2.44,0.86,0.95,0.56,63.60,32.55,52.50,30.62,13.91,985.88,-37.58,8.75,-577.50,-131.25,1,53.593,"
1784215137.577537,"01/01/2000,03:46:38.59,-1006.35,-30.76,-2.44,1.40,1.76,0.66,63.0,31.20,51.90,30.67,13.91,986.00,-37.70,262.50,-647.50,-297.50,1,53.592,"
1784215137.6017926,"01/01/2000,03:46:38.62,-993.16,-40.04,50.78,1.34,0.46,-0.20,63.30,32.85,51.15,30.47,13.91,986.00,-37.82,210.0,-682.50,-280.0,1,53.591,"
1784215137.6164823,"01/01/2000,03:46:38.63,-1018.07,-42.97,16.60,1.26,1.18,-1.21,63.75,32.85,51.15,30.33,14.15,986.00,-37.70,148.75,-691.25,-332.50,1,53.591,"
1784215137.6329875,"01/01/2000,03:46:38.65,-1019.53,-32.71,-61.04,1.66,1.30,-0.33,62.70,32.25,51.75,30.52,14.27,986.13,-37.58,-43.75,-551.25,-87.50,1,53.590,"
1784215137.661775,"01/01/2000,03:46:38.67,-1020.51,-6.35,33.20,-0.90,-0.50,3.53,63.15,31.05,51.0,30.52,13.79,985.88,-37.58,175.0,-770.0,-218.75,1,53.589,"
1784215137.68049,"01/01/2000,03:46:38.70,-992.19,-28.32,87.89,-0.95,-0.85,0.36,63.0,31.65,52.65,30.52,13.66,986.00,-37.82,17.50,-542.50,-376.25,1,53.588,"
1784215137.6955225,"01/01/2000,03:46:38.71,-1005.37,-11.23,-37.60,1.19,-0.20,0.71,63.60,31.05,52.95,30.43,13.91,986.13,-37.70,105.0,-787.50,-210.0,1,53.587,"
1784215137.7147806,"01/01/2000,03:46:38.73,-1027.83,-49.80,5.37,-2.01,2.31,-0.37,62.40,31.35,51.30,30.62,14.15,986.00,-37.58,61.25,-717.50,-227.50,1,53.587,"
1784215137.7292411,"01/01/2000,03:46:38.75,-1008.79,-41.02,3.91,0.77,-0.50,0.29,61.80,31.65,52.65,30.47,14.15,985.76,-37.58,8.75,-665.0,-210.0,1,53.592,"
1784215137.7528481,"01/01/2000,03:46:38.77,-1009.77,-16.11,-14.65,-0.76,0.32,-0.06,62.25,29.25,55.35,30.81,13.91,986.00,-37.70,61.25,-796.25,-288.75,1,53.591,"
1784215137.7873356,"01/01/2000,03:46:38.80,-1031.74,-29.79,-30.76,-0.63,0.21,0.41,64.65,30.60,51.75,30.33,14.40,986.00,-37.70,35.0,-665.0,-210.0,1,53.589,"
1784215137.8096604,"01/01/2000,03:46:38.82,-1021.97,-42.48,10.74,2.07,-1.31,0.94,62.55,31.95,51.15,30.43,14.40,986.25,-37.70,105.0,-673.75,-332.50,1,53.589,"
1784215137.824618,"01/01/2000,03:46:38.84,-1009.28,-32.23,-2.44,1.68,0.21,-1.42,62.55,31.65,51.90,30.67,14.15,986.00,-37.70,96.25,-568.75,-210.0,1,53.588,"
1784215137.84208,"01/01/2000,03:46:38.86,-1027.34,-31.25,-9.77,-1.17,2.06,2.08,62.55,31.65,51.60,30.47,13.91,986.00,-37.70,236.25,-638.75,-236.25,1,53.593,"
1784215137.862118,"01/01/2000,03:46:38.88,-1018.07,-39.06,-24.90,0.76,3.95,1.60,62.25,31.95,51.15,30.52,13.66,986.13,-37.70,70.0,-752.50,-271.25,1,53.592,"
1784215137.8804214,"01/01/2000,03:46:38.90,-1008.79,-29.79,29.79,-0.05,-1.58,-1.76,62.55,33.15,49.65,30.43,14.15,986.25,-37.58,43.75,-778.75,-175.0,1,53.591,"
1784215137.896514,"01/01/2000,03:46:38.91,-1016.60,-47.85,47.36,1.60,-0.63,-0.78,63.0,31.95,52.35,30.67,14.15,986.13,-37.82,140.0,-577.50,-140.0,1,53.591,"
1784215137.9151835,"01/01/2000,03:46:38.93,-1016.60,-32.23,62.01,1.79,-2.88,1.0,63.60,32.25,52.50,30.62,14.03,986.25,-37.58,105.0,-586.25,-192.50,1,53.590,"
1784215137.9319186,"01/01/2000,03:46:38.95,-1008.30,-60.06,-8.30,1.04,1.89,0.82,63.15,32.55,52.95,30.47,13.79,986.25,-37.33,157.50,-691.25,-210.0,1,53.595,"
1784215137.9531474,"01/01/2000,03:46:38.97,-1016.11,-4.39,2.93,1.56,0.40,1.67,61.35,30.0,53.85,30.43,14.03,986.37,-37.82,166.25,-595.0,-271.25,1,53.594,"
1784215137.970499,"01/01/2000,03:46:38.99,-1023.44,-46.88,12.70,-2.20,-1.62,1.98,61.35,30.0,53.85,30.71,14.27,986.25,-37.94,105.0,-638.75,-218.75,1,53.593,"
1784215137.9909887,"01/01/2000,03:46:39.00,-1050.78,-18.07,114.26,-0.14,0.40,-0.91,64.05,31.95,53.40,30.43,14.27,986.49,-38.92,-411.25,-612.50,-210.0,1,53.593,"
1784215138.0126193,"01/01/2000,03:46:39.02,-1065.43,14.16,166.99,1.08,-0.40,-1.36,62.70,31.35,52.50,30.62,13.91,986.25,-42.58,-586.25,-770.0,-122.50,1,53.592,"
1784215138.0278792,"01/01/2000,03:46:39.04,-1014.65,-59.08,128.91,1.27,1.25,1.99,65.10,31.05,53.25,30.62,13.66,985.52,-44.53,-140.0,-665.0,-358.75,1,53.591,"
1784215138.0432653,"01/01/2000,03:46:39.06,-989.26,-33.20,-5.86,0.93,1.17,-0.38,64.05,31.20,52.35,30.47,13.79,986.25,-42.82,-945.0,-612.50,-315.0,1,53.590,"
1784215138.060045,"01/01/2000,03:46:39.08,-1021.97,-35.64,9.28,1.84,0.60,0.18,64.05,31.20,52.35,30.33,14.27,986.86,-41.24,-1461.25,-630.0,-350.0,1,53.595,"
1784215138.082064,"01/01/2000,03:46:39.10,-995.12,-28.81,64.45,-0.14,1.63,-2.08,62.40,30.60,51.0,30.67,14.40,987.35,-42.46,-1548.75,-533.75,-236.25,1,53.595,"
1784215138.1166422,"01/01/2000,03:46:39.13,-990.72,-63.96,74.71,-1.35,3.09,-0.30,64.95,30.75,51.60,30.47,13.79,987.22,-45.02,-2537.50,-595.0,-183.75,1,53.593,"
1784215138.1429877,"01/01/2000,03:46:39.15,-1047.36,-11.72,23.93,-2.18,-1.21,-0.80,64.35,32.55,52.20,30.47,14.03,986.98,-46.12,-2905.0,-393.75,-323.75,1,53.592,"
1784215138.1663601,"01/01/2000,03:46:39.17,-1015.14,-47.36,21.00,-1.25,2.56,1.95,64.50,31.65,52.35,30.52,14.64,987.47,-46.60,-2782.50,-148.75,-393.75,1,53.591,"
1784215138.1805742,"01/01/2000,03:46:39.20,-1029.30,-30.27,-21.48,-0.96,2.57,2.26,63.0,32.40,50.40,30.67,15.13,988.57,-42.94,-3167.50,673.75,-288.75,1,53.591,"
1784215138.2007604,"01/01/2000,03:46:39.22,-1012.21,-41.99,-34.67,-1.27,4.46,0.35,62.25,31.95,51.60,30.62,14.64,987.47,-39.28,-3867.50,288.75,-315.0,1,53.590,"
1784215138.2151794,"01/01/2000,03:46:39.24,-1021.00,-10.25,-24.90,0.70,3.97,-1.27,61.20,31.80,55.20,30.62,14.15,987.35,-36.23,-4042.50,-201.25,-253.75,1,53.589,"
1784215138.2423193,"01/01/2000,03:46:39.26,-1003.42,-41.02,63.96,-1.88,4.12,-0.11,63.0,32.85,51.90,30.52,13.42,988.08,-34.77,-4427.50,-796.25,-288.75,1,53.588,"
1784215138.274837,"01/01/2000,03:46:39.29,-1009.77,-35.64,-33.69,-0.21,4.89,-2.03,63.0,31.20,50.40,30.28,14.52,986.25,-34.40,-4200.0,61.25,-227.50,1,53.586,"
1784215138.2949445,"01/01/2000,03:46:39.31,-1010.74,-13.67,42.97,-2.37,4.77,3.23,63.30,31.65,50.85,30.47,15.25,985.52,-31.96,-3841.25,901.25,-437.50,1,53.586,"
1784215138.313766,"01/01/2000,03:46:39.33,-1028.32,-36.62,59.57,-0.17,4.33,-2.24,63.30,31.65,50.85,30.43,15.98,986.61,-29.40,-4042.50,1741.25,-253.75,1,53.585,"
1784215138.329312,"01/01/2000,03:46:39.35,-1024.41,-44.92,-3.42,-2.53,4.43,0.44,63.90,32.25,51.0,30.52,15.25,987.47,-26.84,-4182.50,1505.0,-297.50,1,53.590,"
1784215138.3487198,"01/01/2000,03:46:39.36,-1000.98,-28.81,-17.09,-1.31,3.20,-0.16,65.10,31.80,51.0,30.52,14.88,987.22,-24.77,-4051.25,1137.50,-166.25,1,53.589,"
1784215138.3703423,"01/01/2000,03:46:39.39,-998.54,-21.48,-15.14,-0.74,2.71,-0.27,64.95,31.20,52.35,30.33,14.88,985.76,-23.06,-4077.50,1268.75,-227.50,1,53.588,"
1784215138.3873248,"01/01/2000,03:46:39.40,-1033.20,-16.60,9.77,-0.56,4.65,0.34,63.75,31.65,51.90,30.47,13.54,985.27,-22.20,-3648.75,262.50,-245.0,1,53.588,"
1784215138.404899,"01/01/2000,03:46:39.42,-1030.27,-51.27,6.84,-1.73,5.45,-0.79,63.30,31.20,51.15,30.67,12.93,986.49,-21.23,-3316.25,-385.0,-183.75,1,53.587,"
1784215138.4431987,"01/01/2000,03:46:39.46,-1012.70,-38.09,-17.58,0.36,4.31,-0.18,64.35,31.80,49.80,30.67,14.40,988.20,-16.10,-4130.0,621.25,-218.75,1,53.585,"
1784215138.4619837,"01/01/2000,03:46:39.48,-1018.07,-48.34,23.93,0.53,3.58,1.41,62.70,31.05,49.80,30.43,14.76,986.98,-15.98,-4243.75,665.0,-385.0,1,53.590,"
1784215138.4822054,"01/01/2000,03:46:39.49,-995.12,-51.76,-11.72,0.0,4.44,2.15,64.05,31.65,51.15,30.47,14.40,985.76,-16.84,-3648.75,647.50,-192.50,1,53.590,"
1784215138.498861,"01/01/2000,03:46:39.52,-1003.91,-47.36,-22.46,0.21,3.55,-0.51,63.90,30.15,51.0,30.47,12.93,985.88,-16.35,-2765.0,-192.50,-280.0,1,53.589,"
1784215138.516709,"01/01/2000,03:46:39.53,-997.56,-21.00,-28.32,-1.29,3.98,0.21,64.95,30.45,49.65,30.67,12.57,986.49,-14.52,-2598.75,-717.50,-140.0,1,53.588,"
1784215138.534098,"01/01/2000,03:46:39.55,-1011.23,-71.29,30.76,-0.83,3.21,-0.89,63.30,29.55,51.15,30.47,12.93,986.74,-12.81,-2791.25,-743.75,-157.50,1,53.587,"
1784215138.561066,"01/01/2000,03:46:39.57,-1027.34,-21.97,8.79,2.91,1.75,0.69,63.90,31.80,50.25,30.52,12.81,986.25,-12.08,-2660.0,-1592.50,-157.50,1,53.592,"
1784215138.5733016,"01/01/2000,03:46:39.59,-1021.48,-33.20,-23.44,-0.15,0.47,-0.56,63.30,31.95,50.10,30.52,11.83,984.05,-14.64,-787.50,-2266.25,-183.75,1,53.592,"
1784215138.5902708,"01/01/2000,03:46:39.61,-1028.32,-18.55,-4.88,1.47,-1.03,-0.96,63.90,31.05,50.25,30.62,12.57,983.56,-16.59,1452.50,-1478.75,-271.25,1,53.591,"
1784215138.6116326,"01/01/2000,03:46:39.62,-995.12,-31.74,-44.92,0.68,0.27,0.74,64.35,32.25,50.25,30.52,14.15,985.64,-13.05,638.75,-420.0,-201.25,1,53.590,"
1784215138.6331658,"01/01/2000,03:46:39.64,-1016.60,-38.09,48.34,3.02,-1.34,-1.38,64.35,30.60,50.25,30.62,11.47,983.44,-12.81,901.25,-3333.75,43.75,1,53.589,"
1784215138.649754,"01/01/2000,03:46:39.66,-1019.53,-48.34,-29.79,4.74,-2.45,-0.63,63.60,31.80,49.50,30.52,10.37,983.08,-12.69,2222.50,-4926.25,-210.0,1,53.588,"
1784215138.6651525,"01/01/2000,03:46:39.68,-1045.90,-13.67,-21.48,1.36,-0.68,1.10,63.30,30.0,51.15,30.47,10.37,986.00,-10.25,1260.0,-4655.0,-52.50,1,53.588,"
1784215138.710669,"01/01/2000,03:46:39.73,-989.26,-35.64,-48.34,2.86,1.84,0.73,64.50,31.65,50.40,30.47,15.62,986.61,-3.54,-700.0,-1653.75,-192.50,1,53.586,"
1784215138.72929,"01/01/2000,03:46:39.74,-1020.51,-24.90,32.23,-2.87,2.56,-1.36,64.35,32.25,50.25,30.47,17.20,985.52,-6.34,-17.50,-78.75,-245.0,1,53.585,"
1784215138.7451806,"01/01/2000,03:46:39.76,-1043.46,-26.37,-7.81,-0.77,0.08,0.99,63.15,31.05,50.55,30.67,16.59,986.25,-8.30,271.25,-61.25,-61.25,1,53.584,"
1784215138.7621667,"01/01/2000,03:46:39.78,-1030.27,-38.57,-26.37,0.30,-1.70,2.52,64.50,32.40,51.60,30.67,14.52,986.86,-9.27,1093.75,-402.50,-428.75,1,53.590,"
1784215138.7830915,"01/01/2000,03:46:39.80,-1018.07,-62.01,-0.98,-0.13,1.23,-1.14,64.05,30.75,50.10,30.81,14.27,989.42,-5.25,-341.25,-892.50,-96.25,1,53.589,"
1784215138.8183908,"01/01/2000,03:46:39.83,-1042.97,-50.29,18.55,1.83,1.68,-2.91,64.95,31.95,51.15,30.62,14.76,986.98,-5.00,-901.25,-1408.75,-61.25,1,53.587,"
1784215138.8562744,"01/01/2000,03:46:39.87,-1011.72,-21.48,-21.48,0.82,1.42,-2.45,64.35,31.35,51.75,30.43,14.64,988.57,-6.34,-848.75,35.0,-218.75,1,53.586,"
1784215138.8733406,"01/01/2000,03:46:39.89,-989.75,-41.02,-1.95,-0.42,2.05,1.18,64.05,32.40,51.15,30.52,14.40,989.42,-4.39,-1828.75,-332.50,-315.0,1,53.585,"
1784215138.891051,"01/01/2000,03:46:39.91,-1009.77,-23.44,-32.23,-0.19,2.54,0.95,64.95,31.95,50.40,30.43,14.27,988.93,-2.56,-1925.0,-595.0,-306.25,1,53.590,"
1784215138.915169,"01/01/2000,03:46:39.93,-979.98,-28.81,21.48,-1.45,1.95,-0.24,64.95,32.85,50.10,30.33,14.76,987.47,-3.05,-1960.0,-533.75,-87.50,1,53.589,"
1784215138.928855,"01/01/2000,03:46:39.95,-1034.18,-21.97,-44.92,-0.18,1.34,-0.20,64.65,31.80,50.25,30.67,14.76,986.98,-4.39,-1085.0,-61.25,-218.75,1,53.588,"
1784215138.9470994,"01/01/2000,03:46:39.96,-1013.18,-31.74,14.16,-1.50,-0.31,-1.95,64.50,32.40,51.15,30.62,14.27,987.71,-3.78,-1330.0,-157.50,-236.25,1,53.588,"
1784215138.96236,"01/01/2000,03:46:39.98,-1009.28,-36.62,-16.60,-0.99,3.25,1.56,64.50,31.65,49.35,30.33,14.15,988.32,-2.93,-1881.25,-673.75,-105.0,1,53.587,"
1784215138.9853034,"01/01/2000,03:46:40.00,-998.05,-15.14,-28.32,1.43,-0.08,0.08,63.0,29.55,51.15,30.62,13.66,985.27,-5.49,-787.50,-1128.75,-192.50,1,53.586,"
1784215139.002829,"01/01/2000,03:46:40.02,-998.54,-35.64,-34.67,0.59,-0.49,0.20,63.15,32.55,50.25,30.62,12.57,982.22,-10.49,1496.25,-2170.0,-183.75,1,53.591,"
1784215139.0379095,"01/01/2000,03:46:40.05,-1008.30,-10.74,-97.66,-0.57,-0.27,1.48,64.05,32.40,50.85,30.52,13.42,985.03,-6.10,1330.0,-1163.75,-288.75,1,53.590,"
1784215139.059826,"01/01/2000,03:46:40.08,-1015.14,-37.60,-13.67,-1.48,-2.69,-3.68,64.95,31.65,51.60,30.67,14.40,986.74,-2.07,507.50,-1032.50,-166.25,1,53.589,"
1784215139.0759213,"01/01/2000,03:46:40.09,-1028.32,-11.23,10.74,1.59,-3.68,-1.82,64.50,31.95,50.40,30.52,14.64,985.52,-7.08,2528.75,-1575.0,-96.25,1,53.588,"
1784215139.1151834,"01/01/2000,03:46:40.13,-1013.18,-0.98,-36.13,1.45,-2.29,1.80,63.60,30.15,52.95,30.52,14.64,986.98,-7.08,2222.50,-122.50,-367.50,1,53.586,"
1784215139.131815,"01/01/2000,03:46:40.15,-1041.99,-48.83,5.86,1.61,-0.29,1.25,63.60,30.15,52.95,30.62,14.15,987.47,-3.17,700.0,-796.25,-157.50,1,53.592,"
1784215139.1485593,"01/01/2000,03:46:40.17,-1014.65,-29.79,-37.60,2.66,-0.64,-0.01,65.25,31.65,51.15,30.52,13.79,987.47,-2.44,603.75,-1268.75,-236.25,1,53.591,"
1784215139.1663675,"01/01/2000,03:46:40.18,-1028.32,-32.23,37.60,1.87,-1.26,0.20,64.95,31.20,50.40,30.47,14.03,986.86,-6.34,1540.0,-1277.50,-148.75,1,53.590,"
1784215139.188294,"01/01/2000,03:46:40.20,-1008.30,-32.71,-6.35,-1.83,-2.15,0.73,63.75,32.40,51.90,30.52,15.13,986.49,-9.64,1872.50,-367.50,-201.25,1,53.589,"
1784215139.2176158,"01/01/2000,03:46:40.23,-1026.86,-30.27,42.97,0.98,-1.69,1.73,64.50,31.95,50.85,30.52,13.05,984.66,-10.49,3167.50,-1146.25,-131.25,1,53.582,"
1784215139.238158,"01/01/2000,03:46:40.25,-1024.90,-31.25,28.81,3.87,-3.64,4.49,65.40,32.55,51.30,30.47,10.98,984.17,-12.69,4576.25,-3508.75,-183.75,1,53.581,"
1784215139.26228,"01/01/2000,03:46:40.27,-1022.46,-30.76,21.48,0.79,-6.27,0.18,64.35,33.75,51.75,30.28,11.96,985.15,-13.18,4418.75,-3727.50,-70.0,1,53.581,"
1784215139.2763755,"01/01/2000,03:46:40.29,-1011.72,-42.48,6.35,2.55,-3.78,0.97,64.65,32.25,51.75,30.52,15.01,985.52,-12.20,4672.50,-665.0,-350.0,1,53.580,"
1784215139.293938,"01/01/2000,03:46:40.31,-1016.11,-42.48,2.93,-2.58,-0.98,0.40,64.65,32.25,51.75,30.28,18.06,987.35,-8.54,3508.75,1330.0,-175.0,1,53.579,"
1784215139.3106906,"01/01/2000,03:46:40.33,-1012.21,-54.69,-9.28,-2.22,-0.40,1.03,66.45,33.15,50.10,30.52,17.32,988.93,-5.49,1618.75,1496.25,-183.75,1,53.584,"
1784215139.3293629,"01/01/2000,03:46:40.35,-1002.44,-48.34,13.18,0.88,1.02,-0.47,65.25,32.40,51.15,30.47,14.64,988.69,-5.61,-61.25,-262.50,-78.75,1,53.583,"
1784215139.3486838,"01/01/2000,03:46:40.37,-1013.18,-19.53,70.31,0.34,-2.44,2.38,63.90,32.25,51.30,30.33,12.81,987.47,-9.27,1146.25,-1461.25,-210.0,1,53.583,"
1784215139.3703601,"01/01/2000,03:46:40.38,-1017.58,-26.86,-46.88,3.03,-3.95,-1.59,63.90,32.25,52.50,30.52,12.32,987.10,-15.25,2213.75,-1540.0,-297.50,1,53.582,"
1784215139.39367,"01/01/2000,03:46:40.40,-1019.04,-73.24,45.90,1.49,-5.14,-0.29,63.90,32.25,52.50,30.67,13.54,986.98,-18.30,3115.0,-1181.25,-183.75,1,53.581,"
1784215139.4114583,"01/01/2000,03:46:40.42,-1012.21,-61.52,4.88,-1.38,0.05,-1.24,65.10,29.40,54.45,30.67,16.84,987.10,-15.62,2012.50,1076.25,-297.50,1,53.580,"
1784215139.4265466,"01/01/2000,03:46:40.44,-994.14,-39.06,-11.72,-0.15,-0.89,-1.82,63.75,31.20,51.15,30.47,16.35,986.00,-14.40,1566.25,770.0,-35.0,1,53.585,"
1784215139.4420853,"01/01/2000,03:46:40.46,-1018.55,-16.60,-45.41,2.37,-4.63,0.48,65.25,31.65,52.35,30.62,14.03,984.78,-16.59,3228.75,-1260.0,-148.75,1,53.585,"
1784215139.4623306,"01/01/2000,03:46:40.47,-1010.25,-19.04,6.35,3.53,-4.82,-0.82,63.90,31.35,51.30,30.62,11.59,984.91,-21.23,4803.75,-2397.50,-175.0,1,53.584,"
1784215139.4784896,"01/01/2000,03:46:40.50,-1032.71,-34.18,-18.55,1.27,-2.37,0.01,64.95,32.85,50.10,30.62,14.64,988.32,-19.76,3298.75,0.0,-245.0,1,53.583,"
1784215139.4950259,"01/01/2000,03:46:40.51,-1017.58,-29.79,-18.55,-2.54,-1.44,-0.98,65.25,32.40,52.35,30.47,15.86,988.20,-15.74,1233.75,796.25,-105.0,1,53.582,"
1784215139.5137305,"01/01/2000,03:46:40.53,-1021.97,-16.11,10.25,1.29,-0.88,-2.40,64.05,31.95,50.85,30.52,14.40,986.74,-15.62,1058.75,-1067.50,-131.25,1,53.581,"
1784215139.5350115,"01/01/2000,03:46:40.55,-1014.65,-29.30,-22.46,4.79,-2.38,-2.51,64.05,31.95,51.60,30.33,13.66,987.96,-17.08,1181.25,-1190.0,-105.0,1,53.581,"
1784215139.5694897,"01/01/2000,03:46:40.59,-1019.53,-33.20,0.49,2.32,-3.71,0.92,64.35,33.0,50.55,30.47,11.96,986.49,-24.52,3150.0,-2826.25,-393.75,1,53.585,"
1784215139.6089509,"01/01/2000,03:46:40.63,-1035.16,-53.22,51.27,-4.80,0.20,0.82,64.50,31.95,52.35,30.43,18.06,986.98,-16.71,8.75,1942.50,-402.50,1,53.583,"
1784215139.6292338,"01/01/2000,03:46:40.64,-1050.29,-56.15,-16.60,-2.75,-0.31,0.79,64.05,31.95,52.35,30.67,16.47,990.88,-14.76,-1286.25,586.25,-210.0,1,53.583,"
1784215139.6460466,"01/01/2000,03:46:40.66,-1026.37,-56.64,46.88,2.84,2.67,0.34,65.70,30.45,51.15,30.67,14.27,993.81,-17.45,-1636.25,-577.50,-78.75,1,53.588,"
1784215139.661591,"01/01/2000,03:46:40.68,-1017.09,-13.67,55.18,-0.24,1.28,-1.37,65.25,32.40,51.15,30.67,13.18,991.01,-22.20,-1058.75,-700.0,-446.25,1,53.587,"
1784215139.6834073,"01/01/2000,03:46:40.70,-1005.37,-41.02,-31.74,-1.04,-1.40,-2.09,65.70,31.20,52.65,30.71,14.52,984.05,-26.11,288.75,-490.0,-17.50,1,53.586,"
1784215139.6997035,"01/01/2000,03:46:40.72,-1017.09,-23.93,38.09,1.76,-3.17,-0.21,66.45,31.20,53.10,30.47,13.42,981.00,-29.77,1916.25,-2047.50,-253.75,1,53.585,"
1784215139.7299778,"01/01/2000,03:46:40.74,-1032.71,-51.27,4.88,-1.08,-3.44,1.31,64.65,30.15,53.25,30.52,13.79,984.05,-30.99,3307.50,-1890.0,-43.75,1,53.579,"
1784215139.7470682,"01/01/2000,03:46:40.76,-1006.84,-48.83,-0.98,0.53,-0.23,0.12,64.35,29.40,55.20,30.67,16.84,988.93,-24.03,831.25,1443.75,-472.50,1,53.578,"
1784215139.7624104,"01/01/2000,03:46:40.78,-1001.46,-23.93,-8.30,-2.51,1.15,-1.54,63.15,31.80,51.75,30.67,16.71,989.54,-18.06,-1067.50,1365.0,-280.0,1,53.577,"
1784215139.782048,"01/01/2000,03:46:40.80,-1030.27,-7.81,-19.53,-0.57,2.48,-2.02,65.25,31.20,51.60,30.43,15.13,989.30,-17.57,-1382.50,122.50,-35.0,1,53.582,"
1784215139.7986162,"01/01/2000,03:46:40.82,-1004.88,-14.16,23.44,1.69,0.47,0.02,65.25,30.75,51.90,30.81,13.79,989.42,-20.74,-1303.75,-358.75,-323.75,1,53.581,"
1784215139.8206189,"01/01/2000,03:46:40.84,-1013.18,-32.23,30.27,1.22,0.71,0.70,66.0,31.95,51.90,30.67,13.91,987.59,-23.79,-805.0,-297.50,-17.50,1,53.581,"
1784215139.837392,"01/01/2000,03:46:40.85,-983.40,-35.64,-10.25,-0.21,-0.08,2.92,63.75,32.85,51.60,30.47,14.40,984.05,-25.01,-253.75,-61.25,-131.25,1,53.580,"
1784215139.859636,"01/01/2000,03:46:40.87,-1027.83,-61.52,59.57,-0.72,1.34,0.19,64.95,31.65,52.35,30.43,14.40,983.08,-25.99,175.0,-350.0,-175.0,1,53.579,"
1784215139.8724315,"01/01/2000,03:46:40.89,-1021.00,-29.30,29.79,2.85,-4.53,-0.60,65.70,31.20,51.60,30.67,12.57,983.93,-29.52,1452.50,-2283.75,70.0,1,53.584,"
1784215139.8931904,"01/01/2000,03:46:40.91,-1036.13,-43.95,41.50,0.22,-2.81,-0.56,64.65,32.25,51.75,30.33,12.93,986.00,-31.84,2598.75,-1741.25,-385.0,1,53.583,"
1784215139.9156451,"01/01/2000,03:46:40.93,-1011.72,-45.90,26.86,-4.50,-0.83,0.19,66.0,32.40,51.90,30.67,15.25,987.22,-28.18,1645.0,367.50,-350.0,1,53.583,"
1784215139.9330573,"01/01/2000,03:46:40.94,-1008.79,-50.78,49.32,0.61,-0.95,-0.19,65.70,31.95,52.35,30.67,15.25,986.98,-23.06,131.25,402.50,-271.25,1,53.582,"
1784215139.9487345,"01/01/2000,03:46:40.97,-1025.39,-37.60,-17.09,3.56,-0.86,-2.18,66.30,31.35,52.20,30.67,13.79,988.08,-21.72,-376.25,-1303.75,-280.0,1,53.581,"
1784215139.9665506,"01/01/2000,03:46:40.98,-998.05,-11.23,1.46,-1.02,-1.14,-0.02,64.65,32.25,51.75,30.62,14.64,989.54,-22.33,-638.75,-96.25,-148.75,1,53.580,"
1784215139.9832532,"01/01/2000,03:46:41.00,-997.56,-44.92,-5.37,-0.77,2.55,0.01,64.65,32.25,52.50,30.19,14.64,989.54,-23.42,-647.50,87.50,-323.75,1,53.579,"
1784215140.0007188,"01/01/2000,03:46:41.02,-995.61,-45.90,28.81,0.44,0.37,-0.63,64.35,31.35,52.20,30.62,13.91,987.47,-24.40,-595.0,-717.50,-183.75,1,53.585,"
1784215140.0218313,"01/01/2000,03:46:41.04,-991.70,-33.69,31.74,-1.14,-0.44,-0.05,65.25,31.20,51.60,30.09,14.76,984.91,-25.86,-341.25,-253.75,-96.25,1,53.584,"
1784215140.0570934,"01/01/2000,03:46:41.07,-1021.97,-32.23,58.11,-0.63,-2.50,-1.34,65.85,31.80,52.20,30.47,14.15,985.76,-25.74,297.50,-621.25,-227.50,1,53.582,"
1784215140.0742896,"01/01/2000,03:46:41.09,-1030.27,-33.69,12.21,-0.45,-1.95,0.34,65.40,31.80,52.95,30.47,13.30,985.64,-26.60,612.50,-1137.50,-402.50,1,53.581,"
1784215140.0954862,"01/01/2000,03:46:41.11,-1025.88,-28.81,-52.73,-2.34,0.06,-2.53,65.40,31.80,52.50,30.67,14.52,985.64,-25.01,411.25,-498.75,-253.75,1,53.581,"
1784215140.1138587,"01/01/2000,03:46:41.13,-1034.18,-41.50,43.95,1.22,-0.62,-0.25,65.25,32.40,52.35,30.47,14.52,987.22,-24.28,-262.50,-691.25,-271.25,1,53.586,"
1784215140.1319,"01/01/2000,03:46:41.15,-1014.65,-24.90,-21.48,0.18,1.84,0.24,65.10,31.80,51.30,30.33,14.15,988.20,-24.89,-393.75,-866.25,-358.75,1,53.585,"
1784215140.1518004,"01/01/2000,03:46:41.17,-1004.88,-30.76,8.30,0.83,0.36,1.0,65.10,31.35,52.95,30.62,14.03,987.47,-26.35,323.75,-1303.75,-122.50,1,53.584,"
1784215140.1693065,"01/01/2000,03:46:41.19,-1038.57,-30.27,9.28,-2.65,-0.29,1.37,64.35,32.25,52.20,30.67,13.66,985.39,-29.04,1058.75,-1653.75,-148.75,1,53.583,"
1784215140.1872902,"01/01/2000,03:46:41.20,-1029.30,-38.57,-19.53,0.77,-0.14,-0.95,65.40,31.35,51.75,30.62,14.40,984.78,-29.16,988.75,-761.25,-192.50,1,53.583,"
1784215140.2037401,"01/01/2000,03:46:41.22,-1013.18,-49.80,2.93,0.67,-1.15,-0.05,65.40,31.35,51.75,30.67,14.52,985.39,-27.08,875.0,-516.25,-61.25,1,53.582,"
1784215140.2293108,"01/01/2000,03:46:41.25,-1002.44,-38.09,16.60,0.88,-0.69,-0.20,63.0,31.20,55.80,30.43,14.76,987.59,-22.94,-673.75,-595.0,-245.0,1,53.581,"
1784215140.268397,"01/01/2000,03:46:41.29,-1023.44,-36.13,59.08,1.37,-0.77,0.45,65.25,31.20,53.10,30.81,14.03,988.69,-23.55,-708.75,-875.0,-218.75,1,53.579,"
1784215140.2946973,"01/01/2000,03:46:41.30,-993.16,-47.36,29.30,1.13,-0.50,0.01,66.60,31.80,52.20,30.67,13.91,986.74,-25.38,-271.25,-1076.25,-87.50,1,53.579,"
1784215140.30677,"01/01/2000,03:46:41.32,-1000.0,-38.57,37.11,0.85,-0.66,1.79,64.35,31.80,51.0,30.52,14.27,984.30,-25.74,-288.75,-717.50,-227.50,1,53.578,"
1784215140.327204,"01/01/2000,03:46:41.34,-1026.37,-60.55,28.81,0.85,4.30,0.85,65.70,29.55,51.90,30.67,15.13,985.64,-24.77,-1015.0,-166.25,-78.75,1,53.577,"
1784215140.3419423,"01/01/2000,03:46:41.36,-1028.32,-30.76,-31.25,-1.33,0.67,2.38,66.45,32.40,50.40,30.33,15.25,987.96,-23.91,-1277.50,148.75,-218.75,1,53.582,"
1784215140.3664036,"01/01/2000,03:46:41.38,-1005.37,-32.71,37.11,-1.22,2.43,-1.27,65.10,31.35,52.20,30.67,14.76,988.69,-23.79,-726.25,-218.75,-288.75,1,53.581,"
1784215140.3819206,"01/01/2000,03:46:41.40,-1006.84,-66.41,26.37,1.58,0.93,-3.27,65.25,33.15,53.10,30.81,14.52,987.71,-23.18,-498.75,-385.0,-43.75,1,53.581,"
1784215140.3977902,"01/01/2000,03:46:41.41,-1015.14,-26.86,-65.43,0.85,-2.44,1.39,66.45,32.85,50.85,30.47,12.93,984.17,-24.64,1758.75,-2178.75,-315.0,1,53.580,"
1784215140.4148445,"01/01/2000,03:46:41.43,-984.86,-22.46,-7.81,1.11,-3.60,0.28,64.50,30.75,51.60,30.43,10.86,982.22,-26.11,3640.0,-3526.25,-288.75,1,53.579,"
1784215140.4539099,"01/01/2000,03:46:41.47,-1016.11,-49.32,-18.07,0.58,-1.17,0.27,63.30,27.15,54.15,30.52,16.59,986.13,-16.71,883.75,621.25,-358.75,1,53.577,"
1784215140.4712844,"01/01/2000,03:46:41.49,-1010.74,-43.95,-12.21,-1.53,0.61,-0.60,66.60,31.35,53.25,30.62,17.08,988.57,-12.32,-656.25,1006.25,-122.50,1,53.583,"
1784215140.4939885,"01/01/2000,03:46:41.51,-998.54,-28.81,-50.29,0.67,1.26,1.22,65.70,32.40,51.15,30.43,15.01,989.18,-12.20,-971.25,-210.0,-210.0,1,53.582,"
1784215140.515222,"01/01/2000,03:46:41.53,-990.72,-46.88,-34.67,-0.46,0.59,-0.48,66.60,31.05,53.25,30.52,14.03,987.83,-14.15,35.0,-787.50,-201.25,1,53.581,"
1784215140.5306258,"01/01/2000,03:46:41.54,-1001.46,-16.11,2.44,1.41,-0.54,0.76,66.0,31.65,51.60,30.47,14.15,985.15,-14.03,1102.50,-367.50,-148.75,1,53.580,"
1784215140.5439801,"01/01/2000,03:46:41.56,-1013.18,-45.90,12.70,-0.40,-0.66,1.11,66.0,31.65,51.60,30.52,13.91,985.39,-12.81,770.0,-271.25,-323.75,1,53.579,"
1784215140.560458,"01/01/2000,03:46:41.58,-1018.55,-39.06,16.11,-1.13,-1.86,-0.98,64.65,31.05,51.0,30.67,14.15,986.98,-12.32,-43.75,-525.0,-315.0,1,53.584,"
1784215140.5822783,"01/01/2000,03:46:41.60,-993.65,-18.07,-29.79,0.37,-0.13,-0.57,64.95,31.65,53.10,30.43,15.13,987.47,-14.27,96.25,-201.25,-218.75,1,53.584,"
1784215140.6167157,"01/01/2000,03:46:41.63,-977.05,-15.14,-3.91,2.82,0.23,-0.29,65.70,31.65,52.50,30.67,14.03,986.25,-18.67,822.50,-560.0,-236.25,1,53.582,"
1784215140.638024,"01/01/2000,03:46:41.65,-1050.29,-20.02,13.67,-1.76,-2.47,1.41,64.05,29.55,53.85,30.43,13.54,985.15,-18.54,953.75,-463.75,-437.50,1,53.581,"
1784215140.6548955,"01/01/2000,03:46:41.67,-991.70,-42.48,-18.55,0.23,-1.58,-0.13,65.25,32.85,53.10,30.33,13.79,986.37,-18.79,472.50,-542.50,-218.75,1,53.581,"
1784215140.672391,"01/01/2000,03:46:41.69,-1055.66,-57.13,33.69,-2.07,0.15,-0.81,65.70,31.20,51.60,30.33,14.52,988.08,-20.62,175.0,-525.0,-87.50,1,53.586,"
1784215140.690064,"01/01/2000,03:46:41.71,-1008.79,-12.21,-14.16,0.51,-1.30,0.32,65.85,31.80,52.95,30.43,14.64,987.22,-23.18,586.25,-542.50,-253.75,1,53.585,"
1784215140.7163665,"01/01/2000,03:46:41.73,-1018.55,-32.71,4.39,-0.63,-0.71,0.38,66.60,32.55,52.50,30.43,14.40,986.00,-24.77,971.25,-822.50,-35.0,1,53.584,"
1784215140.7306826,"01/01/2000,03:46:41.74,-1018.07,-41.02,-11.72,0.67,-0.31,-0.52,66.30,29.85,52.50,30.62,14.15,985.88,-24.40,446.25,-560.0,-166.25,1,53.583,"
1784215140.752962,"01/01/2000,03:46:41.77,-1003.42,-48.83,28.32,0.09,0.11,1.44,66.30,30.60,54.0,30.33,14.15,986.98,-25.01,332.50,-568.75,-192.50,1,53.582,"
1784215140.777601,"01/01/2000,03:46:41.79,-1011.23,-22.95,41.02,-0.50,0.33,-0.53,65.85,31.35,51.75,30.62,14.76,986.74,-26.11,533.75,-621.25,-253.75,1,53.576,"
1784215140.7944322,"01/01/2000,03:46:41.81,-1024.90,-31.25,32.23,1.31,0.0,-0.62,63.15,33.45,53.25,30.81,14.76,986.61,-26.72,446.25,-568.75,-140.0,1,53.575,"
1784215140.8116877,"01/01/2000,03:46:41.83,-1012.21,-27.83,-25.88,2.43,-0.85,1.37,63.0,31.20,55.05,30.62,14.52,986.49,-26.60,603.75,-638.75,-131.25,1,53.580,"
1784215140.829031,"01/01/2000,03:46:41.85,-1024.90,-49.80,52.73,-1.11,0.24,0.60,65.85,31.35,52.50,30.19,14.15,986.74,-26.72,385.0,-367.50,-227.50,1,53.579,"
1784215140.8507676,"01/01/2000,03:46:41.87,-1022.46,-14.65,-41.50,-0.99,1.40,-0.28,66.60,30.60,51.30,30.43,14.03,986.74,-27.33,332.50,-638.75,8.75,1,53.579,"
1784215140.8673334,"01/01/2000,03:46:41.88,-1016.11,-17.58,3.42,0.20,1.01,1.80,65.70,31.95,53.40,30.86,14.15,986.74,-27.57,498.75,-542.50,-315.0,1,53.578,"
1784215140.8844328,"01/01/2000,03:46:41.90,-1031.74,-23.93,-6.35,0.85,1.30,2.24,65.70,31.95,53.40,30.43,14.27,986.74,-27.45,280.0,-691.25,-288.75,1,53.577,"
1784215140.9017038,"01/01/2000,03:46:41.92,-1011.23,-20.02,-29.79,1.52,-0.09,0.12,65.10,33.0,51.30,30.47,14.27,986.61,-27.69,358.75,-525.0,-288.75,1,53.582,"
1784215140.9284196,"01/01/2000,03:46:41.94,-1035.16,-32.23,-37.11,-0.14,0.66,-0.24,65.25,30.75,53.10,30.47,14.27,986.61,-27.82,367.50,-542.50,-280.0,1,53.581,"
1784215140.9449537,"01/01/2000,03:46:41.96,-1019.53,-51.76,52.73,-1.99,-1.05,-0.09,64.50,32.40,52.35,30.33,14.03,986.49,-27.82,201.25,-647.50,-288.75,1,53.580,"
1784215140.9597704,"01/01/2000,03:46:41.97,-988.77,-57.13,37.11,1.44,0.24,-1.75,65.40,31.05,53.25,30.81,14.15,986.49,-28.18,227.50,-656.25,-131.25,1,53.580,"
1784215140.974397,"01/01/2000,03:46:41.99,-1023.93,-30.27,3.42,0.89,2.09,-0.56,65.40,31.05,53.25,30.67,14.27,986.61,-28.18,332.50,-428.75,-218.75,1,53.579,"
1784215140.998523,"01/01/2000,03:46:42.01,-1037.60,-43.46,-43.95,2.35,-1.18,1.73,66.30,32.55,51.30,30.67,14.40,986.49,-28.18,341.25,-673.75,-105.0,1,53.578,"
1784215141.0126224,"01/01/2000,03:46:42.03,-1003.42,-14.16,9.28,-1.47,-0.97,-0.37,66.45,34.05,52.65,30.43,14.40,986.37,-28.43,140.0,-490.0,-166.25,1,53.583,"
1784215141.029291,"01/01/2000,03:46:42.05,-1015.14,-33.20,21.48,-1.99,-0.46,1.11,65.85,32.25,52.50,30.62,14.15,986.25,-28.67,306.25,-490.0,-306.25,1,53.582,"
1784215141.0705502,"01/01/2000,03:46:42.09,-1003.42,-17.58,1.95,2.79,-1.32,-1.17,66.0,33.15,51.90,30.67,14.40,986.49,-28.79,253.75,-603.75,-332.50,1,53.581,"
1784215141.0857794,"01/01/2000,03:46:42.10,-1004.88,-53.71,79.10,-2.08,-1.69,-0.10,66.60,33.0,54.45,30.62,14.52,986.37,-28.67,218.75,-621.25,-227.50,1,53.580,"
1784215141.1027286,"01/01/2000,03:46:42.12,-1025.39,-38.09,51.27,-0.98,-0.24,0.04,64.35,31.05,50.55,30.28,14.15,986.37,-28.79,122.50,-700.0,-280.0,1,53.585,"
1784215141.1421235,"01/01/2000,03:46:42.16,-1008.79,-2.93,-4.88,2.36,-1.92,-0.30,65.25,31.95,52.35,30.62,14.40,986.25,-29.04,350.0,-735.0,-227.50,1,53.584,"
1784215141.1626887,"01/01/2000,03:46:42.18,-1016.60,-41.50,88.87,-0.25,1.03,-2.37,64.65,33.45,52.50,30.62,14.64,986.25,-28.91,315.0,-516.25,-183.75,1,53.583,"
1784215141.178355,"01/01/2000,03:46:42.19,-993.16,-28.32,40.53,-0.37,-1.89,-0.21,64.50,33.15,52.35,30.67,14.27,986.25,-29.04,262.50,-656.25,-245.0,1,53.582,"
1784215141.1973097,"01/01/2000,03:46:42.21,-987.79,-38.57,-18.07,-2.89,0.48,-0.16,66.0,31.20,51.60,30.62,14.52,986.13,-29.28,288.75,-586.25,-201.25,1,53.581,"
1784215141.2148497,"01/01/2000,03:46:42.23,-1014.16,-10.25,14.16,1.30,-0.53,0.56,64.95,32.85,51.60,30.62,14.27,986.25,-29.28,227.50,-647.50,-245.0,1,53.580,"
1784215141.2318556,"01/01/2000,03:46:42.25,-1011.72,-33.69,-14.16,0.26,-1.26,0.12,65.10,31.80,52.50,30.81,14.40,986.49,-29.16,175.0,-647.50,-96.25,1,53.586,"
1784215141.2610364,"01/01/2000,03:46:42.27,-1017.09,-23.93,20.02,2.66,0.27,0.64,65.70,31.65,52.35,30.47,14.40,986.49,-29.16,350.0,-630.0,-183.75,1,53.579,"
1784215141.2783635,"01/01/2000,03:46:42.30,-1021.48,-37.11,12.70,-0.81,-1.56,-0.45,63.30,29.55,54.60,30.62,14.27,986.25,-29.28,218.75,-560.0,-306.25,1,53.578,"
1784215141.2950068,"01/01/2000,03:46:42.31,-1002.93,-23.44,2.44,-1.41,-3.08,-1.14,63.30,29.55,54.60,30.52,14.27,986.49,-29.52,245.0,-735.0,-245.0,1,53.577,"
1784215141.3138273,"01/01/2000,03:46:42.33,-1015.63,-30.76,-35.64,-1.50,-1.05,0.31,65.70,32.40,53.10,30.47,14.40,986.49,-29.52,131.25,-691.25,-122.50,1,53.577,"
1784215141.3342464,"01/01/2000,03:46:42.35,-1006.35,-36.62,44.43,1.47,-0.22,-0.47,65.25,31.95,51.90,30.52,14.64,986.37,-29.40,350.0,-638.75,-367.50,1,53.576,"
1784215141.3517892,"01/01/2000,03:46:42.37,-1013.18,-35.16,15.63,-1.03,-1.45,1.38,67.65,30.75,52.35,30.47,14.52,986.49,-29.40,183.75,-813.75,-140.0,1,53.581,"
1784215141.3694792,"01/01/2000,03:46:42.39,-1000.98,-47.85,50.78,-0.59,-0.30,-0.85,65.25,32.40,52.35,30.52,14.52,986.25,-29.40,140.0,-490.0,-218.75,1,53.580,"
1784215141.3866825,"01/01/2000,03:46:42.40,-1008.30,-32.23,-39.55,0.05,-0.82,3.02,65.25,32.40,52.35,30.33,14.52,986.49,-29.52,218.75,-735.0,-236.25,1,53.579,"
1784215141.4123232,"01/01/2000,03:46:42.42,-1000.49,-26.86,49.32,-0.02,0.82,0.21,66.45,31.20,51.60,30.67,14.52,986.49,-29.77,140.0,-577.50,-253.75,1,53.578,"
1784215141.4265902,"01/01/2000,03:46:42.44,-1009.28,-48.34,22.95,-1.20,-2.24,-0.63,65.25,31.95,52.35,30.43,14.52,986.49,-29.77,157.50,-586.25,-218.75,1,53.578,"
1784215141.4421492,"01/01/2000,03:46:42.46,-991.70,-55.66,92.29,-0.93,0.70,0.01,66.0,31.20,52.35,30.47,14.64,986.25,-29.77,236.25,-665.0,-175.0,1,53.583,"
1784215141.4663155,"01/01/2000,03:46:42.48,-1012.21,-29.79,-16.60,-2.34,-0.66,-2.59,65.70,31.65,51.90,30.33,14.64,986.25,-29.77,192.50,-560.0,-140.0,1,53.582,"
1784215141.4818099,"01/01/2000,03:46:42.50,-1020.51,-47.36,23.44,-1.75,-2.68,-0.05,65.70,32.85,53.10,30.47,14.40,986.37,-29.89,183.75,-647.50,-192.50,1,53.581,"
1784215141.4974103,"01/01/2000,03:46:42.51,-989.26,-49.32,-4.39,2.12,1.08,-1.56,65.25,31.65,52.35,30.47,14.40,986.49,-29.89,175.0,-761.25,-148.75,1,53.580,"
1784215141.5146987,"01/01/2000,03:46:42.53,-984.38,-52.25,44.92,0.93,0.29,4.10,66.45,30.75,51.60,30.47,14.52,986.49,-29.89,140.0,-770.0,-210.0,1,53.580,"
1784215141.535031,"01/01/2000,03:46:42.55,-996.09,-38.09,-6.35,-1.82,-1.50,-2.18,66.0,32.40,52.65,30.52,14.64,986.37,-29.89,61.25,-717.50,-52.50,1,53.579,"
1784215141.570387,"01/01/2000,03:46:42.59,-1003.91,-21.48,-6.35,-0.53,-0.27,-1.82,65.85,31.80,52.20,30.81,14.40,986.49,-30.13,192.50,-673.75,-297.50,1,53.583,"
1784215141.5873282,"01/01/2000,03:46:42.60,-1009.77,-40.53,-14.16,1.07,0.93,0.44,65.70,30.45,52.35,30.52,14.15,986.25,-29.77,105.0,-743.75,-236.25,1,53.582,"
1784215141.6144087,"01/01/2000,03:46:42.63,-1038.09,-15.14,8.79,-0.78,-0.34,1.79,64.65,30.60,54.45,30.52,14.27,986.25,-29.89,140.0,-673.75,-271.25,1,53.582,"
1784215141.6302032,"01/01/2000,03:46:42.64,-1021.00,-53.22,73.24,-0.11,0.63,0.42,65.25,31.65,51.15,30.62,14.64,986.37,-30.01,218.75,-577.50,-201.25,1,53.581,"
1784215141.6480684,"01/01/2000,03:46:42.66,-1043.46,-18.07,2.44,0.82,1.01,3.25,66.30,30.60,52.95,30.47,14.64,986.49,-30.26,262.50,-691.25,-253.75,1,53.580,"
1784215141.662225,"01/01/2000,03:46:42.68,-1004.88,-57.62,43.95,-1.14,-0.98,-2.21,65.85,30.60,52.20,30.67,14.40,986.49,-30.26,175.0,-787.50,-17.50,1,53.585,"
1784215141.6858053,"01/01/2000,03:46:42.70,-1009.77,-46.39,56.15,-1.05,0.82,0.98,65.25,32.85,51.60,30.47,14.15,986.49,-30.01,271.25,-691.25,-315.0,1,53.584,"
1784215141.6997478,"01/01/2000,03:46:42.72,-989.26,-69.82,29.79,-0.89,0.53,0.83,63.90,30.60,52.50,30.62,14.15,986.49,-30.01,157.50,-822.50,-157.50,1,53.584,"
1784215141.7152882,"01/01/2000,03:46:42.73,-1010.74,-38.09,-38.57,-0.78,-0.49,2.55,65.40,32.55,52.50,30.62,14.27,986.49,-30.26,315.0,-708.75,-227.50,1,53.583,"
1784215141.736986,"01/01/2000,03:46:42.75,-1011.23,-37.60,-21.00,1.31,1.11,1.70,66.0,33.60,52.65,30.62,14.52,986.49,-30.26,17.50,-612.50,-35.0,1,53.582,"
1784215141.7636852,"01/01/2000,03:46:42.77,-1011.23,-46.39,73.73,-1.46,-0.95,1.73,65.40,31.80,51.75,30.47,14.27,986.49,-30.13,192.50,-586.25,-175.0,1,53.581,"
1784215141.780268,"01/01/2000,03:46:42.80,-999.51,-1.46,-51.76,-1.56,-0.11,1.98,64.35,31.05,52.95,30.43,14.27,986.37,-30.26,96.25,-682.50,-253.75,1,53.580,"
1784215141.798589,"01/01/2000,03:46:42.82,-1023.44,-26.37,6.84,0.04,-1.76,-3.66,65.85,30.15,52.95,30.67,14.40,986.25,-30.26,113.75,-708.75,-192.50,1,53.580,"
1784215141.8372083,"01/01/2000,03:46:42.85,-1011.23,-27.83,18.55,1.25,1.50,0.85,64.50,31.65,52.35,30.67,14.88,986.49,-30.26,183.75,-595.0,-122.50,1,53.578,"
1784215141.8549697,"01/01/2000,03:46:42.87,-1011.72,-32.23,8.79,-0.67,-0.25,-0.04,66.30,31.05,51.30,30.81,14.40,986.49,-30.50,210.0,-612.50,-245.0,1,53.577,"
1784215141.8724554,"01/01/2000,03:46:42.89,-994.63,-32.71,-17.09,-0.42,0.18,0.17,65.40,31.80,52.95,30.67,14.40,986.37,-30.50,96.25,-840.0,-323.75,1,53.582,"
1784215141.8958075,"01/01/2000,03:46:42.91,-1009.77,-27.34,3.91,-1.11,0.56,0.18,66.0,30.45,53.85,30.62,14.52,986.37,-30.50,-35.0,-577.50,-280.0,1,53.582,"
1784215141.91283,"01/01/2000,03:46:42.93,-1027.83,-27.83,23.44,1.39,-0.47,-2.18,65.10,31.80,54.0,30.47,14.64,986.37,-30.74,96.25,-673.75,-253.75,1,53.581,"
1784215141.9267333,"01/01/2000,03:46:42.94,-1009.28,-18.55,-65.43,0.67,1.92,0.35,65.40,32.55,52.95,30.67,14.40,986.13,-30.62,166.25,-656.25,-315.0,1,53.580,"
1784215141.945142,"01/01/2000,03:46:42.96,-1009.28,-32.23,-7.81,-0.91,-0.68,1.08,65.85,31.35,52.95,30.62,14.52,986.13,-30.38,332.50,-560.0,-227.50,1,53.579,"
1784215141.9652102,"01/01/2000,03:46:42.98,-1008.30,-44.43,16.60,0.92,-0.60,-0.36,65.25,31.20,52.35,30.62,14.40,986.49,-30.62,236.25,-560.0,-280.0,1,53.578,"
1784215141.9820247,"01/01/2000,03:46:43.00,-1012.21,-48.34,21.48,0.50,-0.18,2.63,66.30,31.80,52.95,30.71,14.40,986.61,-30.50,183.75,-595.0,-131.25,1,53.584,"
1784215141.9996471,"01/01/2000,03:46:43.02,-1005.86,-21.97,35.64,1.25,0.79,2.49,65.85,31.80,51.0,30.71,14.40,986.61,-30.50,166.25,-682.50,-183.75,1,53.583,"
1784215142.0226681,"01/01/2000,03:46:43.04,-1021.00,-44.92,-19.04,-2.69,1.07,0.16,66.30,31.35,52.95,30.47,14.40,986.37,-30.62,245.0,-805.0,-297.50,1,53.582,"
1784215142.0549197,"01/01/2000,03:46:43.07,-1036.62,-35.16,27.83,0.01,-0.73,2.79,65.10,32.55,52.50,30.43,14.40,986.37,-30.74,131.25,-551.25,-358.75,1,53.580,"
1784215142.077365,"01/01/2000,03:46:43.09,-992.19,-62.99,16.11,0.24,-1.76,0.68,65.85,31.05,52.20,30.52,14.40,986.61,-30.74,113.75,-700.0,-113.75,1,53.585,"
1784215142.0935175,"01/01/2000,03:46:43.11,-1000.49,-19.04,47.36,2.63,-2.16,0.29,65.85,31.05,52.20,30.62,14.40,986.49,-30.62,148.75,-498.75,-280.0,1,53.585,"
1784215142.110791,"01/01/2000,03:46:43.13,-1040.04,-22.46,60.06,0.08,1.80,-0.40,65.25,31.95,52.65,30.52,14.40,986.25,-30.62,183.75,-647.50,-192.50,1,53.584,"
1784215142.1277394,"01/01/2000,03:46:43.14,-1013.67,-40.53,16.60,-0.01,3.04,-1.45,64.65,31.80,52.95,30.47,14.40,986.25,-30.87,183.75,-700.0,-166.25,1,53.583,"
1784215142.1484866,"01/01/2000,03:46:43.16,-1021.00,-21.97,21.48,0.02,-0.70,-0.95,65.25,32.40,51.90,30.52,14.40,986.37,-30.99,227.50,-735.0,-140.0,1,53.582,"
1784215142.1665907,"01/01/2000,03:46:43.18,-1012.70,-36.13,26.37,0.73,0.48,-0.79,66.0,32.40,51.90,30.47,14.27,986.49,-30.87,192.50,-595.0,-166.25,1,53.582,"
1784215142.183337,"01/01/2000,03:46:43.20,-998.54,-28.32,48.83,3.08,-4.10,-2.80,64.65,32.55,52.20,30.67,14.40,986.49,-30.74,96.25,-673.75,-140.0,1,53.581,"
1784215142.199857,"01/01/2000,03:46:43.22,-1023.44,-55.66,0.0,2.08,0.37,1.31,65.10,32.25,52.95,30.67,14.40,986.49,-30.74,210.0,-656.25,-288.75,1,53.586,"
1784215142.2218325,"01/01/2000,03:46:43.24,-1008.30,-34.18,28.32,-1.73,-1.61,2.01,66.0,31.20,51.60,30.67,14.27,986.49,-30.74,175.0,-586.25,-236.25,1,53.585,"
1784215142.2449667,"01/01/2000,03:46:43.26,-1035.64,-11.72,4.39,0.48,-2.44,0.35,66.30,32.55,53.70,30.67,14.27,986.49,-30.99,227.50,-638.75,-245.0,1,53.584,"
1784215142.2560363,"01/01/2000,03:46:43.27,-1025.39,-44.92,29.30,-0.87,-0.61,-1.07,65.25,31.65,52.35,30.52,14.40,986.61,-30.87,105.0,-717.50,-245.0,1,53.583,"
1784215142.2753553,"01/01/2000,03:46:43.29,-1006.84,-32.71,-18.07,2.53,0.01,-1.34,67.20,31.65,52.65,30.43,14.52,986.49,-30.87,227.50,-735.0,-262.50,1,53.589,"
1784215142.298575,"01/01/2000,03:46:43.32,-1025.39,-45.90,25.39,1.17,-1.37,0.02,64.95,30.45,53.85,30.47,14.64,986.37,-30.74,105.0,-735.0,-236.25,1,53.582,"
1784215142.3204129,"01/01/2000,03:46:43.34,-1022.46,-38.57,1.95,3.14,-0.23,-1.49,66.45,31.95,55.35,30.33,14.40,986.25,-30.74,218.75,-542.50,-218.75,1,53.581,"
1784215142.337066,"01/01/2000,03:46:43.35,-995.61,-36.62,48.83,-1.50,0.71,1.56,63.90,31.05,51.30,30.62,14.40,986.25,-30.62,113.75,-603.75,-280.0,1,53.580,"
1784215142.3539271,"01/01/2000,03:46:43.37,-1014.65,-37.11,0.49,0.07,0.99,-0.86,65.40,31.35,52.20,30.47,14.76,986.13,-30.62,105.0,-691.25,-166.25,1,53.580,"
1784215142.3756695,"01/01/2000,03:46:43.39,-1032.71,-41.50,34.67,-0.71,-0.15,1.68,64.65,32.55,51.0,30.67,14.64,986.13,-30.74,122.50,-822.50,-271.25,1,53.579,"
1784215142.396213,"01/01/2000,03:46:43.41,-1023.93,-21.97,16.11,1.21,1.26,1.31,66.0,33.15,51.15,30.33,14.64,986.00,-30.62,157.50,-682.50,-113.75,1,53.584,"
1784215142.4118865,"01/01/2000,03:46:43.43,-1030.76,-47.36,15.14,-1.0,0.24,2.45,64.50,31.95,51.90,30.81,14.64,986.00,-30.62,148.75,-752.50,-245.0,1,53.583,"
1784215142.427867,"01/01/2000,03:46:43.44,-1019.04,-39.06,10.74,-3.28,0.95,0.85,65.70,32.40,53.10,30.71,14.64,986.13,-30.62,70.0,-726.25,-148.75,1,53.582,"
1784215142.4479587,"01/01/2000,03:46:43.46,-991.70,-24.90,6.84,2.34,-0.80,-0.31,65.25,31.95,51.15,30.33,14.64,986.13,-30.74,140.0,-638.75,-52.50,1,53.582,"
1784215142.4664557,"01/01/2000,03:46:43.48,-1002.44,-29.30,-26.86,0.77,1.33,-1.27,65.25,30.75,53.10,30.47,14.64,986.13,-30.74,236.25,-708.75,-157.50,1,53.581,"
1784215142.482065,"01/01/2000,03:46:43.50,-1036.13,-29.30,27.83,0.39,-0.82,-2.28,64.95,31.95,52.35,29.99,14.64,986.00,-30.74,122.50,-761.25,-210.0,1,53.586,"
1784215142.5037727,"01/01/2000,03:46:43.52,-1013.67,-48.34,17.58,-1.32,1.47,2.34,65.25,31.20,52.35,30.62,14.40,986.13,-30.87,192.50,-490.0,-332.50,1,53.579,"
1784215142.5380836,"01/01/2000,03:46:43.55,-1041.02,-37.60,-2.93,-0.59,1.42,-1.82,64.65,30.60,52.50,30.33,14.40,986.13,-30.74,105.0,-560.0,-341.25,1,53.583,"
1784215142.5765097,"01/01/2000,03:46:43.59,-1013.67,-21.48,30.76,0.31,-0.30,0.62,66.30,32.25,53.25,30.43,14.52,986.13,-30.99,96.25,-735.0,-218.75,1,53.582,"
1784215142.5965254,"01/01/2000,03:46:43.61,-1019.53,-28.81,-17.09,0.54,-1.05,1.37,64.95,31.95,52.65,30.81,14.52,986.49,-30.99,140.0,-533.75,-201.25,1,53.581,"
1784215142.61375,"01/01/2000,03:46:43.63,-1003.91,-27.34,9.28,3.02,-1.33,0.15,66.30,32.25,52.95,30.47,14.27,986.49,-30.99,236.25,-708.75,-192.50,1,53.586,"
1784215142.6490521,"01/01/2000,03:46:43.67,-1015.63,-56.64,-23.44,1.50,1.31,-2.25,66.30,31.35,51.75,30.52,14.52,986.37,-30.99,78.75,-743.75,-280.0,1,53.585,"
1784215142.666432,"01/01/2000,03:46:43.68,-985.35,-11.23,39.06,0.95,-1.04,0.98,66.0,32.40,52.35,30.47,14.52,986.49,-30.74,332.50,-603.75,-236.25,1,53.584,"
1784215142.68318,"01/01/2000,03:46:43.70,-982.91,-32.71,22.46,2.18,-0.52,-0.53,65.85,32.25,52.50,30.62,14.15,988.57,-30.01,560.0,-586.25,-280.0,1,53.583,"
1784215142.704818,"01/01/2000,03:46:43.72,-1038.57,-51.27,69.34,-0.18,-2.57,-0.73,66.30,31.05,52.50,30.62,14.15,991.37,-29.77,297.50,-673.75,-323.75,1,53.582,"
1784215142.72694,"01/01/2000,03:46:43.74,-1019.53,-31.74,0.0,1.79,-1.10,0.63,65.85,31.05,54.0,30.43,14.15,991.98,-30.38,997.50,-665.0,-192.50,1,53.587,"
1784215142.7439864,"01/01/2000,03:46:43.76,-1008.79,3.91,6.35,2.25,-0.76,0.05,64.95,32.85,51.90,30.67,14.03,991.74,-29.77,1426.25,-892.50,-280.0,1,53.586,"
1784215142.7601273,"01/01/2000,03:46:43.77,-1005.86,-25.88,35.64,-2.56,-2.92,-1.76,65.10,32.25,54.0,30.43,14.15,991.98,-28.30,1102.50,-735.0,-96.25,1,53.586,"
1784215142.777529,"01/01/2000,03:46:43.79,-1035.16,-29.30,43.95,1.44,-1.79,2.05,65.25,30.45,52.35,30.52,14.40,991.98,-28.67,1076.25,-507.50,-271.25,1,53.585,"
1784215142.7965486,"01/01/2000,03:46:43.81,-1020.51,-48.83,21.97,-1.37,-4.23,0.95,65.10,31.80,54.0,30.52,14.40,992.59,-29.89,2012.50,-735.0,-122.50,1,53.584,"
1784215142.8197079,"01/01/2000,03:46:43.84,-1057.13,-24.41,-42.48,2.53,-1.65,1.06,65.70,31.65,53.40,30.62,14.03,996.13,-28.55,2327.50,-988.75,-262.50,1,53.583,"
1784215142.8404112,"01/01/2000,03:46:43.86,-993.65,-62.01,-20.51,-1.0,-1.84,-1.80,65.25,30.0,53.10,30.67,14.52,998.33,-27.33,1846.25,-691.25,-297.50,1,53.583,"
1784215142.8622415,"01/01/2000,03:46:43.88,-1009.28,-20.51,-26.86,0.15,-3.28,-2.56,65.85,32.25,52.95,30.67,14.15,996.74,-28.67,2196.25,-1032.50,-280.0,1,53.582,"
1784215142.8795886,"01/01/2000,03:46:43.90,-1012.70,-31.74,5.37,2.21,-2.49,0.44,63.75,31.65,53.40,30.67,13.66,993.20,-31.23,2808.75,-1610.0,-271.25,1,53.581,"
1784215142.8952487,"01/01/2000,03:46:43.91,-1040.04,-28.32,65.43,0.57,-2.07,-1.17,64.95,30.45,53.40,30.33,13.54,993.20,-31.96,2126.25,-2091.25,-70.0,1,53.580,"
1784215142.9167626,"01/01/2000,03:46:43.93,-1030.76,-26.86,25.39,-1.51,-2.11,-1.79,66.0,30.75,52.65,30.52,14.40,996.13,-29.65,183.75,-402.50,-262.50,1,53.580,"
1784215142.9351926,"01/01/2000,03:46:43.95,-1037.11,-38.57,19.53,1.59,-0.02,1.99,64.50,32.40,52.65,30.47,14.64,1000.64,-26.72,-446.25,-560.0,-323.75,1,53.579,"
1784215142.9531448,"01/01/2000,03:46:43.97,-1050.29,-47.85,21.48,1.51,1.69,-0.80,64.65,30.60,52.95,30.86,14.88,1007.72,-25.86,-1513.75,-1653.75,-35.0,1,53.584,"
1784215142.970571,"01/01/2000,03:46:43.99,-1002.93,-35.16,36.62,0.11,0.11,-1.21,64.95,31.65,53.85,30.81,15.49,1005.04,-27.21,-1715.0,-2213.75,-113.75,1,53.583,"
1784215142.9943314,"01/01/2000,03:46:44.01,-941.89,-35.16,57.62,-1.44,2.73,-0.91,67.20,30.45,53.10,30.62,16.47,985.39,-33.18,-306.25,-603.75,-105.0,1,53.582,"
1784215143.0090678,"01/01/2000,03:46:44.03,-991.70,-23.44,0.0,1.08,-1.36,2.34,65.10,30.60,52.95,30.62,15.37,976.49,-36.97,-78.75,-271.25,-122.50,1,53.581,"
1784215143.0298893,"01/01/2000,03:46:44.04,-1016.60,-48.34,83.50,1.28,-3.16,-2.56,65.25,30.75,51.60,30.47,13.18,972.58,-41.97,1120.0,-490.0,-367.50,1,53.581,"
1784215143.0479505,"01/01/2000,03:46:44.06,-1047.85,-51.27,59.57,-0.02,-1.47,-1.38,65.25,31.20,52.65,30.81,12.57,979.17,-43.92,2651.25,-402.50,-490.0,1,53.580,"
1784215143.0820477,"01/01/2000,03:46:44.10,-1015.63,-77.15,38.09,2.32,-0.50,1.03,65.85,31.05,52.20,30.62,15.74,998.69,-28.55,-1566.25,-1006.25,-227.50,1,53.584,"
1784215143.1169112,"01/01/2000,03:46:44.13,-992.68,-25.39,-44.43,-0.16,2.31,-0.36,65.10,31.80,53.70,30.33,15.86,988.20,-32.33,-1382.50,-708.75,17.50,1,53.583,"
1784215143.1379695,"01/01/2000,03:46:44.15,-991.21,-15.63,40.53,-1.41,-2.51,-0.24,64.50,30.75,52.35,30.62,12.93,978.68,-41.97,936.25,-385.0,-201.25,1,53.582,"
1784215143.1549952,"01/01/2000,03:46:44.17,-1014.65,-49.80,87.89,-0.79,-3.27,1.40,65.25,30.45,52.65,30.47,11.83,976.85,-45.14,2590.0,-315.0,-472.50,1,53.581,"
1784215143.1723974,"01/01/2000,03:46:44.19,-1066.89,-21.48,-46.88,1.39,-3.41,0.78,65.25,31.65,51.90,30.67,12.44,980.39,-42.33,1732.50,-411.25,-498.75,1,53.586,"
1784215143.1946871,"01/01/2000,03:46:44.21,-1043.46,-49.32,-49.80,0.85,0.11,0.31,65.10,30.15,53.70,30.81,15.37,990.27,-31.72,-918.75,-621.25,-236.25,1,53.580,"
1784215143.211732,"01/01/2000,03:46:44.23,-1021.97,-41.50,57.13,-1.09,0.14,-0.14,64.95,31.65,52.35,30.43,16.47,992.84,-29.52,-1723.75,-752.50,-122.50,1,53.584,"
1784215143.2318015,"01/01/2000,03:46:44.25,-1010.25,-20.02,14.16,0.69,-0.25,-0.11,64.95,31.65,52.35,30.43,16.10,990.88,-34.28,-866.25,-673.75,-17.50,1,53.584,"
1784215143.246048,"01/01/2000,03:46:44.26,-1000.49,-13.18,51.76,1.09,-0.17,-0.60,64.05,32.85,51.60,30.67,13.91,985.52,-39.77,35.0,-778.75,-271.25,1,53.583,"
1784215143.2673535,"01/01/2000,03:46:44.28,-1007.81,-35.16,39.06,-1.56,-4.12,-0.07,65.40,29.85,52.20,30.62,12.44,979.66,-42.94,1575.0,-700.0,-262.50,1,53.582,"
1784215143.2853374,"01/01/2000,03:46:44.30,-1014.65,-28.32,41.99,-1.63,-1.86,-0.73,64.35,30.60,52.20,30.43,12.20,979.17,-41.24,1872.50,-498.75,-463.75,1,53.581,"
1784215143.309686,"01/01/2000,03:46:44.32,-1040.04,-69.34,28.81,-2.69,-0.02,-0.97,65.25,31.95,52.65,30.52,13.66,985.27,-35.14,70.0,-446.25,-332.50,1,53.586,"
1784215143.3331487,"01/01/2000,03:46:44.35,-1033.20,-38.57,-18.07,-0.31,0.41,-1.25,64.35,30.60,54.75,30.33,16.10,992.35,-31.60,-962.50,-813.75,-157.50,1,53.580,"
1784215143.3485827,"01/01/2000,03:46:44.36,-1009.28,-54.20,113.28,1.60,0.48,-1.95,64.65,30.15,53.70,30.33,16.10,991.62,-34.65,-420.0,-708.75,-26.25,1,53.579,"
1784215143.365192,"01/01/2000,03:46:44.38,-1011.23,-32.71,50.78,2.43,0.65,0.04,64.50,31.95,53.85,30.62,14.52,986.74,-38.06,306.25,-603.75,-210.0,1,53.578,"
1784215143.3819437,"01/01/2000,03:46:44.40,-1001.46,-41.50,58.11,-0.50,-0.82,1.42,63.75,30.75,52.65,30.47,13.05,981.49,-39.89,927.50,-700.0,-236.25,1,53.583,"
1784215143.4039822,"01/01/2000,03:46:44.42,-997.56,-36.62,40.53,2.84,-1.05,-0.44,63.60,31.80,52.20,30.67,12.44,980.64,-40.14,560.0,-428.75,-455.0,1,53.577,"
1784215143.4265723,"01/01/2000,03:46:44.44,-1026.86,-28.32,58.11,0.40,0.39,3.05,64.05,31.65,52.65,30.62,13.30,982.95,-38.55,490.0,-455.0,-332.50,1,53.582,"
1784215143.4549017,"01/01/2000,03:46:44.47,-995.12,-40.04,1.95,2.28,1.99,-1.58,63.30,30.75,53.85,30.62,15.62,989.91,-35.26,-446.25,-726.25,-157.50,1,53.580,"
1784215143.4814818,"01/01/2000,03:46:44.49,-1013.67,-25.39,29.30,-0.10,-0.33,-2.34,64.50,30.0,53.10,30.33,15.37,987.47,-35.38,0.0,-455.0,-131.25,1,53.579,"
1784215143.4933386,"01/01/2000,03:46:44.51,-993.16,-28.32,47.85,-0.25,-0.04,1.51,63.30,31.20,52.35,30.67,14.03,985.15,-36.23,122.50,-271.25,-210.0,1,53.579,"
1784215143.511606,"01/01/2000,03:46:44.53,-1036.13,-37.60,32.71,-1.33,-0.99,3.47,63.30,32.25,52.50,30.62,12.44,984.05,-37.09,428.75,-761.25,-323.75,1,53.584,"
1784215143.5280056,"01/01/2000,03:46:44.54,-1015.63,-33.69,-20.02,0.68,-1.55,0.23,63.75,30.75,51.90,30.19,12.69,984.54,-37.70,218.75,-630.0,-376.25,1,53.583,"
1784215143.5489802,"01/01/2000,03:46:44.57,-1027.34,-25.88,58.59,1.69,0.40,-1.69,63.60,31.05,52.95,30.43,14.15,985.39,-36.84,507.50,-647.50,-306.25,1,53.582,"
1784215143.5663376,"01/01/2000,03:46:44.58,-1015.14,-42.97,35.16,1.04,0.05,0.77,64.05,30.45,53.40,30.71,15.37,986.37,-36.11,122.50,-621.25,-43.75,1,53.581,"
1784215143.5838933,"01/01/2000,03:46:44.60,-1017.09,-28.32,24.90,-1.92,-0.78,1.96,63.60,31.05,52.50,30.67,15.62,986.86,-36.11,-210.0,-472.50,-140.0,1,53.581,"
1784215143.6217856,"01/01/2000,03:46:44.64,-1020.51,-56.64,74.22,-0.75,0.23,-2.28,63.30,29.25,52.35,30.33,13.18,986.25,-38.31,498.75,-586.25,-341.25,1,53.585,"
1784215143.6393526,"01/01/2000,03:46:44.66,-1009.28,-37.60,37.11,0.69,0.23,1.90,63.30,29.25,52.35,30.67,12.81,986.00,-37.58,560.0,-787.50,-262.50,1,53.584,"
1784215143.6560717,"01/01/2000,03:46:44.67,-1009.28,-47.85,52.73,-1.76,-1.35,1.05,63.60,30.60,51.30,30.47,13.66,986.25,-36.23,-218.75,-980.0,-262.50,1,53.583,"
1784215143.6803265,"01/01/2000,03:46:44.69,-1006.35,-38.09,-13.67,1.55,0.23,-1.85,64.35,30.15,52.95,30.62,15.25,985.15,-36.60,-131.25,-700.0,-78.75,1,53.583,"
1784215143.6942613,"01/01/2000,03:46:44.71,-1032.71,-17.09,-16.11,-0.15,-1.27,-0.11,63.60,29.85,52.95,30.47,15.13,984.54,-38.06,665.0,-367.50,-210.0,1,53.582,"
1784215143.7116761,"01/01/2000,03:46:44.73,-1030.76,-26.86,-29.79,1.66,-0.44,-0.73,64.05,30.0,53.85,30.33,14.27,985.88,-37.70,595.0,-533.75,-157.50,1,53.587,"
1784215143.7295032,"01/01/2000,03:46:44.75,-1007.32,-52.25,32.71,0.90,-0.16,-0.11,64.05,30.0,53.85,30.52,13.05,987.96,-35.87,43.75,-813.75,-280.0,1,53.586,"
1784215143.7508879,"01/01/2000,03:46:44.77,-1005.37,-25.39,17.09,-0.01,-0.77,0.92,65.25,30.0,52.35,30.47,13.18,988.32,-34.40,-288.75,-875.0,-402.50,1,53.585,"
1784215143.7674654,"01/01/2000,03:46:44.78,-1037.60,-38.57,-11.23,-0.33,1.50,2.63,63.75,30.0,53.85,30.67,14.03,986.98,-35.75,-61.25,-805.0,-253.75,1,53.584,"
1784215143.7843657,"01/01/2000,03:46:44.80,-1000.0,-9.77,62.01,-1.81,0.92,-1.11,63.30,31.95,53.10,30.62,14.88,985.64,-37.70,87.50,-568.75,-218.75,1,53.584,"
1784215143.8226001,"01/01/2000,03:46:44.84,-1017.09,-31.74,6.35,-1.0,-0.88,2.99,63.30,31.95,52.65,30.67,13.66,984.17,-38.80,778.75,-411.25,-166.25,1,53.588,"
1784215143.8479855,"01/01/2000,03:46:44.86,-1029.79,-41.50,61.04,2.45,-2.05,1.47,63.75,31.65,52.65,30.33,12.69,986.74,-35.62,61.25,-612.50,-472.50,1,53.581,"
1784215143.8893507,"01/01/2000,03:46:44.91,-1022.46,-21.97,16.11,0.59,-1.02,-1.31,63.0,30.45,54.60,30.52,14.64,984.42,-38.06,271.25,-778.75,-253.75,1,53.580,"
1784215143.9061413,"01/01/2000,03:46:44.92,-996.09,-36.13,79.59,0.04,-1.15,-0.63,64.65,30.60,53.25,30.62,14.88,983.08,-39.65,700.0,-385.0,-166.25,1,53.579,"
1784215143.9236631,"01/01/2000,03:46:44.94,-1011.23,-11.23,-31.25,0.81,1.44,-1.15,63.60,30.60,53.70,30.67,13.42,983.69,-39.65,507.50,-1128.75,17.50,1,53.578,"
1784215143.946026,"01/01/2000,03:46:44.96,-1040.04,-6.35,-35.64,-0.89,1.21,2.13,63.90,30.60,54.0,30.62,12.81,986.00,-38.06,271.25,-437.50,-350.0,1,53.583,"
1784215143.9619079,"01/01/2000,03:46:44.98,-1013.67,-52.73,60.06,2.18,0.60,-1.18,63.60,28.95,54.45,30.71,13.42,989.42,-35.26,-78.75,35.0,-271.25,1,53.582,"
1784215143.9794266,"01/01/2000,03:46:45.00,-1033.20,-41.99,43.95,3.11,-0.75,-1.18,63.60,28.95,54.45,30.33,13.18,989.79,-35.01,-350.0,-1645.0,-131.25,1,53.582,"
1784215143.998557,"01/01/2000,03:46:45.01,-991.21,-18.07,57.13,2.45,-0.36,-2.32,63.15,30.60,53.25,30.47,14.76,987.59,-36.36,-122.50,-1102.50,-393.75,1,53.581,"
1784215144.0138516,"01/01/2000,03:46:45.03,-1004.88,-36.62,55.66,-1.56,-0.69,-1.87,63.60,30.60,53.70,30.62,15.25,984.42,-38.67,332.50,-988.75,26.25,1,53.580,"
1784215144.0524683,"01/01/2000,03:46:45.07,-1031.74,-20.51,-46.39,1.0,-1.44,-1.17,61.80,29.55,52.65,30.67,12.44,984.54,-38.55,612.50,-735.0,-323.75,1,53.584,"
1784215144.071699,"01/01/2000,03:46:45.09,-1025.39,-4.39,-15.63,1.14,0.34,-0.78,63.0,29.55,52.35,30.67,11.83,987.22,-36.97,78.75,-1618.75,-306.25,1,53.584,"
1784215144.0911503,"01/01/2000,03:46:45.11,-1008.30,-61.04,-4.39,0.89,2.07,-1.38,63.0,31.20,52.35,30.43,14.88,989.05,-35.75,-341.25,-52.50,-516.25,1,53.583,"
1784215144.1077607,"01/01/2000,03:46:45.12,-1004.39,-41.99,51.27,3.22,0.05,0.81,62.55,30.0,53.10,30.52,15.49,987.22,-36.72,61.25,-1251.25,210.0,1,53.582,"
1784215144.1256337,"01/01/2000,03:46:45.14,-1001.95,-60.06,103.03,0.71,-2.35,-0.31,64.35,30.60,52.20,30.47,14.88,985.39,-37.70,507.50,-1277.50,-262.50,1,53.581,"
1784215144.1475663,"01/01/2000,03:46:45.16,-1004.39,-13.18,18.07,0.18,0.90,-2.11,63.15,31.35,53.70,30.67,14.88,984.54,-37.82,131.25,717.50,-525.0,1,53.586,"
1784215144.1624038,"01/01/2000,03:46:45.18,-1021.48,-22.46,-29.79,-2.44,0.72,-1.39,64.50,31.95,54.60,30.62,14.03,985.52,-37.09,437.50,857.50,26.25,1,53.580,"
1784215144.1803913,"01/01/2000,03:46:45.20,-1021.00,-5.37,-59.57,3.31,0.08,-1.12,62.25,30.0,53.10,30.52,10.74,986.61,-35.87,218.75,-2388.75,-280.0,1,53.585,"
1784215144.1952565,"01/01/2000,03:46:45.22,-997.56,-47.85,94.73,0.56,-1.06,1.57,63.15,29.40,52.50,30.62,13.66,987.22,-34.65,-96.25,-1592.50,-280.0,1,53.584,"
1784215144.2154477,"01/01/2000,03:46:45.23,-1013.18,-46.39,57.62,-0.88,1.23,-0.07,62.70,30.15,53.25,30.62,15.62,986.86,-35.38,-420.0,-1233.75,297.50,1,53.583,"
1784215144.2534883,"01/01/2000,03:46:45.27,-1021.97,-9.77,35.16,-2.89,0.60,-0.04,62.70,30.15,54.0,30.67,16.35,985.15,-40.99,892.50,2213.75,-288.75,1,53.582,"
1784215144.2793148,"01/01/2000,03:46:45.29,-1022.95,-18.07,-29.30,0.40,-0.89,-2.57,63.75,29.25,54.15,30.62,11.96,985.03,-39.28,542.50,-980.0,-52.50,1,53.587,"
1784215144.291339,"01/01/2000,03:46:45.31,-999.02,-14.16,-35.16,4.63,-2.05,0.27,63.15,30.60,52.20,30.67,10.00,985.39,-36.48,-17.50,-3176.25,-516.25,1,53.586,"
1784215144.3088756,"01/01/2000,03:46:45.33,-986.82,-89.36,110.35,-0.88,0.42,-0.42,63.75,30.45,53.10,30.33,15.13,986.98,-36.11,-630.0,-717.50,-52.50,1,53.585,"
1784215144.3265998,"01/01/2000,03:46:45.34,-1025.88,-21.48,11.23,-3.27,1.99,0.17,63.90,30.15,52.50,30.71,16.23,987.35,-38.06,183.75,1242.50,-183.75,1,53.584,"
1784215144.3485658,"01/01/2000,03:46:45.36,-1017.58,-50.78,51.27,3.52,0.34,-2.72,62.70,31.05,52.95,30.47,13.42,986.00,-38.80,988.75,-1846.25,70.0,1,53.584,"
1784215144.3704834,"01/01/2000,03:46:45.39,-1022.95,-9.28,-16.11,1.45,0.42,-0.02,62.25,30.75,53.40,30.67,13.66,986.49,-36.11,-148.75,-901.25,-78.75,1,53.583,"
1784215144.3953683,"01/01/2000,03:46:45.41,-999.51,-16.60,-41.99,0.69,0.22,-1.31,61.05,30.45,55.35,30.62,13.18,985.52,-36.11,-131.25,-892.50,-262.50,1,53.582,"
1784215144.413009,"01/01/2000,03:46:45.43,-1043.46,-36.62,-8.79,-3.08,1.55,1.14,63.0,31.20,51.60,30.62,14.88,986.37,-36.97,245.0,1155.0,-568.75,1,53.581,"
1784215144.4276853,"01/01/2000,03:46:45.44,-1022.95,-77.15,62.99,0.56,0.43,-0.73,63.0,30.45,53.40,30.47,14.15,987.71,-37.21,148.75,-1128.75,201.25,1,53.581,"
1784215144.447162,"01/01/2000,03:46:45.46,-1015.63,-50.29,57.13,1.21,0.60,-0.21,62.25,30.75,53.40,30.33,13.66,986.49,-37.33,-122.50,-1942.50,-201.25,1,53.580,"
1784215144.4665167,"01/01/2000,03:46:45.48,-994.14,-45.90,60.06,1.79,0.32,0.50,61.80,30.0,53.85,30.33,13.42,983.93,-38.31,227.50,-2248.75,0.0,1,53.579,"
1784215144.4819868,"01/01/2000,03:46:45.50,-1006.35,-23.93,37.60,-2.68,-1.30,0.21,61.80,30.0,53.85,30.71,15.62,983.32,-38.80,350.0,1137.50,-542.50,1,53.584,"
1784215144.501051,"01/01/2000,03:46:45.52,-1007.32,3.42,12.21,-1.22,1.39,1.03,62.70,30.15,54.45,30.47,13.05,984.54,-38.06,472.50,70.0,-253.75,1,53.583,"
1784215144.5185978,"01/01/2000,03:46:45.54,-1017.58,-55.66,61.04,2.18,0.97,-0.35,63.0,31.20,53.40,30.52,11.83,985.88,-37.21,271.25,-1925.0,-315.0,1,53.582,"
1784215144.552842,"01/01/2000,03:46:45.57,-1018.07,-30.76,8.79,0.31,1.08,-0.82,62.25,30.75,53.40,30.43,13.91,986.98,-37.45,-61.25,-2642.50,358.75,1,53.587,"
1784215144.5745423,"01/01/2000,03:46:45.59,-1021.48,-32.23,0.49,-1.41,-1.33,2.05,63.90,29.40,53.25,30.47,15.74,986.00,-38.80,463.75,1583.75,-883.75,1,53.580,"
1784215144.5944457,"01/01/2000,03:46:45.61,-1030.27,-40.04,35.16,-4.46,-1.11,-2.40,61.65,31.05,55.20,30.67,17.08,986.49,-38.06,8.75,3640.0,-525.0,1,53.585,"
1784215144.6093268,"01/01/2000,03:46:45.63,-1012.21,-35.16,41.02,-1.65,1.0,-1.0,61.95,29.40,53.25,30.62,13.66,987.10,-37.09,-87.50,840.0,0.0,1,53.584,"
1784215144.625507,"01/01/2000,03:46:45.64,-1039.06,-16.60,21.48,3.13,0.17,-0.61,63.0,30.0,53.10,30.47,10.74,986.74,-37.21,17.50,-2651.25,-420.0,1,53.584,"
1784215144.646117,"01/01/2000,03:46:45.66,-1005.86,-44.43,19.04,3.56,-2.05,-1.45,61.95,30.60,52.95,30.43,13.05,985.52,-37.82,306.25,-2292.50,218.75,1,53.583,"
1784215144.6637611,"01/01/2000,03:46:45.68,-1016.11,-10.74,41.50,0.94,-2.31,-2.21,61.80,31.20,54.60,30.47,16.10,985.52,-38.06,280.0,533.75,-551.25,1,53.582,"
1784215144.6813543,"01/01/2000,03:46:45.70,-1011.23,-29.30,32.23,1.56,-0.98,0.25,62.55,31.65,53.10,30.52,14.27,986.00,-37.70,-52.50,726.25,-393.75,1,53.587,"
1784215144.698173,"01/01/2000,03:46:45.72,-1018.55,-35.16,-13.67,1.04,-0.54,-1.75,61.80,30.45,55.35,30.67,12.20,986.00,-37.45,8.75,-1723.75,-52.50,1,53.586,"
1784215144.7371335,"01/01/2000,03:46:45.75,-994.14,-23.93,-3.42,-0.35,-1.62,1.09,61.80,28.05,53.40,30.67,15.13,985.52,-38.55,122.50,586.25,-297.50,1,53.585,"
1784215144.76236,"01/01/2000,03:46:45.77,-1036.62,-69.82,47.85,-0.26,-1.28,1.49,61.80,30.0,53.85,30.62,15.13,985.03,-38.80,280.0,376.25,-148.75,1,53.584,"
1784215144.7773323,"01/01/2000,03:46:45.79,-1007.32,-35.64,84.47,0.40,0.04,-0.56,63.0,31.95,53.40,30.33,13.66,984.91,-37.94,-26.25,-813.75,-227.50,1,53.583,"
1784215144.7926235,"01/01/2000,03:46:45.81,-1030.76,-32.71,110.35,1.98,-0.40,-0.01,61.95,30.15,54.45,30.67,12.20,984.30,-38.06,131.25,-2257.50,122.50,1,53.588,"
1784215144.81339,"01/01/2000,03:46:45.83,-1011.72,-46.39,22.46,0.69,1.01,-0.11,61.20,29.85,52.95,30.62,12.20,984.42,-38.67,341.25,-848.75,-551.25,1,53.587,"
1784215144.8285575,"01/01/2000,03:46:45.84,-1039.55,-28.81,-10.74,-0.20,-0.86,-1.11,61.65,30.60,52.95,30.67,14.64,986.49,-38.80,507.50,1242.50,-420.0,1,53.587,"
1784215144.848597,"01/01/2000,03:46:45.86,-1021.00,-25.88,37.60,2.83,-1.34,0.17,63.60,30.15,53.25,30.43,13.18,988.81,-36.84,-43.75,-1242.50,-70.0,1,53.586,"
1784215144.8763237,"01/01/2000,03:46:45.88,-1002.93,-30.76,66.41,-0.47,1.74,-2.54,61.20,29.85,53.70,30.62,13.42,987.96,-36.23,-288.75,-1373.75,-411.25,1,53.585,"
1784215144.8903253,"01/01/2000,03:46:45.91,-1017.09,-17.58,-19.04,-0.60,-1.29,1.89,62.55,30.45,52.35,30.47,13.91,985.15,-38.19,-26.25,-1435.0,0.0,1,53.584,"
1784215144.9118524,"01/01/2000,03:46:45.93,-1004.88,-22.95,29.30,-0.45,-1.56,-0.83,61.95,30.60,53.70,30.62,14.27,984.54,-40.26,577.50,1435.0,-498.75,1,53.584,"
1784215144.9304376,"01/01/2000,03:46:45.95,-997.07,-35.16,-3.91,2.59,-0.47,-1.29,61.20,29.85,54.45,30.62,11.59,984.91,-39.65,560.0,-2170.0,-131.25,1,53.583,"
1784215144.9486933,"01/01/2000,03:46:45.97,-1035.16,-33.20,-10.74,2.24,-0.82,0.04,61.05,31.65,52.65,30.43,12.44,986.37,-37.33,-122.50,-918.75,-770.0,1,53.582,"
1784215144.9665437,"01/01/2000,03:46:45.98,-1005.37,-32.71,84.47,3.05,-0.93,0.0,62.25,30.45,53.85,30.71,12.93,986.25,-36.36,-393.75,-2843.75,385.0,1,53.581,"
1784215144.9877453,"01/01/2000,03:46:46.00,-1007.32,-34.18,2.93,2.26,-1.45,-1.27,61.95,28.95,53.25,30.43,13.91,985.15,-38.92,35.0,-927.50,-481.25,1,53.580,"
1784215145.010266,"01/01/2000,03:46:46.02,-1027.83,-14.16,-11.23,-0.57,-0.97,1.07,61.80,29.55,54.15,30.67,14.88,985.39,-40.02,560.0,1093.75,-411.25,1,53.580,"
1784215145.022813,"01/01/2000,03:46:46.04,-1019.53,-32.23,51.76,-3.38,-1.86,0.15,61.80,30.45,53.40,30.47,15.74,985.76,-39.41,262.50,1820.0,-140.0,1,53.585,"
1784215145.0486546,"01/01/2000,03:46:46.06,-994.14,-34.67,69.34,5.11,0.34,0.10,63.30,29.25,52.65,30.52,9.64,983.93,-38.55,78.75,-3473.75,35.0,1,53.584,"
1784215145.0623045,"01/01/2000,03:46:46.08,-1014.65,-32.71,-30.76,4.63,-0.05,0.79,62.55,30.0,52.65,30.47,13.05,983.32,-38.55,148.75,-2345.0,-52.50,1,53.583,"
1784215145.07742,"01/01/2000,03:46:46.09,-1016.11,-51.76,5.37,-0.15,-0.49,-1.61,62.40,29.85,53.70,30.67,14.27,985.27,-39.04,437.50,-1408.75,236.25,1,53.582,"
1784215145.0940337,"01/01/2000,03:46:46.11,-1023.44,-29.79,-2.44,1.30,-1.50,-0.11,62.40,30.60,53.70,30.43,14.76,988.20,-38.80,507.50,280.0,-463.75,1,53.582,"
1784215145.111774,"01/01/2000,03:46:46.13,-998.54,-40.53,-27.34,2.56,-2.50,0.37,60.90,30.60,54.0,30.52,12.93,988.93,-37.09,227.50,-1732.50,-52.50,1,53.586,"
1784215145.1330829,"01/01/2000,03:46:46.15,-999.02,-38.09,64.94,0.12,1.16,-0.52,61.65,30.15,53.70,30.47,13.54,986.98,-36.23,-437.50,-1146.25,-332.50,1,53.580,"
1784215145.1508532,"01/01/2000,03:46:46.17,-1034.67,-119.63,42.97,-4.51,1.26,3.40,61.80,30.0,53.10,30.52,14.52,985.27,-38.55,26.25,-708.75,-358.75,1,53.585,"
1784215145.1673436,"01/01/2000,03:46:46.18,-1023.44,58.11,-3.42,-9.47,0.90,-0.36,63.0,30.75,54.60,30.62,17.81,986.61,-39.89,402.50,5311.25,-1163.75,1,53.584,"
1784215145.206692,"01/01/2000,03:46:46.22,-1002.44,-37.60,65.43,1.17,1.14,-1.72,61.80,29.55,53.40,30.28,12.93,986.00,-36.97,-96.25,17.50,-428.75,1,53.583,"
1784215145.2265706,"01/01/2000,03:46:46.24,-1023.93,-38.09,86.43,4.59,1.05,0.62,61.65,30.60,52.50,30.33,11.35,983.81,-37.33,-306.25,-2948.75,105.0,1,53.582,"
1784215145.2426188,"01/01/2000,03:46:46.26,-1014.16,-64.94,43.95,2.10,0.92,-3.84,61.65,29.85,52.50,30.62,10.98,982.95,-39.65,385.0,-3412.50,455.0,1,53.587,"
1784215145.265318,"01/01/2000,03:46:46.28,-1009.77,-47.85,55.18,-0.36,1.23,-1.34,62.25,29.25,53.85,30.81,11.22,984.54,-40.99,866.25,-1487.50,-612.50,1,53.586,"
1784215145.2793276,"01/01/2000,03:46:46.30,-1016.11,-28.81,-26.37,1.43,-0.14,-1.35,58.50,28.20,55.20,30.67,11.71,985.76,-38.92,350.0,-2555.0,148.75,1,53.585,"
1784215145.2948084,"01/01/2000,03:46:46.31,-994.63,-31.25,-40.04,0.11,0.69,-0.82,60.60,30.0,53.40,30.47,13.18,984.91,-36.72,-297.50,-1575.0,-306.25,1,53.585,"
1784215145.3136046,"01/01/2000,03:46:46.33,-1025.88,-39.06,12.21,1.68,0.44,-1.71,60.60,28.80,55.05,30.67,13.91,985.03,-37.45,96.25,-2135.0,-210.0,1,53.584,"
1784215145.3350482,"01/01/2000,03:46:46.35,-998.05,-24.41,27.83,0.72,-1.34,-1.02,63.30,29.25,55.80,30.62,15.13,986.86,-39.04,446.25,-822.50,-61.25,1,53.583,"
1784215145.3693273,"01/01/2000,03:46:46.39,-1014.16,-70.31,123.54,-2.58,-1.57,0.40,61.80,29.25,52.35,30.62,13.30,987.10,-36.72,-26.25,-813.75,-148.75,1,53.587,"
1784215145.3864028,"01/01/2000,03:46:46.40,-1024.90,-41.99,45.41,0.90,2.20,-0.85,61.05,29.55,51.60,30.62,13.18,986.13,-36.97,-210.0,-1041.25,-148.75,1,53.586,"
1784215145.4148188,"01/01/2000,03:46:46.43,-1010.74,-50.29,-18.55,1.52,0.66,-0.64,62.40,28.95,54.45,30.62,13.66,985.76,-39.53,551.25,-1435.0,-113.75,1,53.580,"
1784215145.4342415,"01/01/2000,03:46:46.45,-1010.25,-37.11,41.50,-0.03,-0.20,0.10,62.40,29.85,52.50,30.33,13.91,985.76,-40.02,428.75,-1172.50,-183.75,1,53.579,"
1784215145.4520807,"01/01/2000,03:46:46.47,-988.77,-60.06,-65.43,0.55,0.78,-1.81,60.30,29.55,54.15,30.81,13.66,985.64,-38.80,122.50,-971.25,-227.50,1,53.584,"
1784215145.4772863,"01/01/2000,03:46:46.49,-1029.30,-38.09,44.92,-0.18,-2.60,2.11,61.20,29.40,54.45,30.43,13.30,985.76,-37.82,105.0,-778.75,-315.0,1,53.583,"
1784215145.5073884,"01/01/2000,03:46:46.52,-1029.30,-40.04,68.85,-0.47,0.69,-1.56,60.90,28.65,52.20,30.47,13.66,986.00,-38.43,148.75,-1233.75,-61.25,1,53.582,"
1784215145.529191,"01/01/2000,03:46:46.54,-1005.86,-27.83,-13.67,3.89,0.90,0.60,61.65,29.85,52.95,30.52,13.79,985.27,-38.55,393.75,-1286.25,-175.0,1,53.581,"
1784215145.5461411,"01/01/2000,03:46:46.56,-997.07,-28.81,-31.25,1.68,-0.48,0.26,61.80,30.75,53.10,30.67,14.15,985.15,-38.80,26.25,-647.50,-61.25,1,53.580,"
1784215145.5622587,"01/01/2000,03:46:46.58,-1021.00,-14.16,-37.11,1.65,0.50,0.27,60.30,29.25,55.80,30.09,15.37,984.91,-40.38,227.50,1190.0,-227.50,1,53.580,"
1784215145.5803545,"01/01/2000,03:46:46.60,-1013.67,-29.79,24.41,1.78,0.67,1.11,61.05,30.45,53.40,30.62,12.44,985.64,-40.63,787.50,-1636.25,-201.25,1,53.585,"
1784215145.5985477,"01/01/2000,03:46:46.61,-1028.32,-22.95,80.08,0.71,-1.30,-1.08,62.40,29.85,52.95,30.52,11.71,987.22,-38.55,393.75,-2082.50,-253.75,1,53.584,"
1784215145.6194031,"01/01/2000,03:46:46.64,-1009.77,-36.13,43.46,4.33,0.07,0.76,61.95,29.40,53.70,30.33,13.05,987.47,-35.99,-253.75,-1461.25,-157.50,1,53.583,"
1784215145.6360466,"01/01/2000,03:46:46.65,-1008.79,-20.02,41.02,1.56,-0.82,-0.79,61.80,29.25,53.85,30.62,13.66,986.98,-36.97,0.0,-997.50,-262.50,1,53.582,"
1784215145.6538103,"01/01/2000,03:46:46.67,-1010.74,-27.34,40.04,0.33,-0.04,-2.18,61.35,29.25,53.40,30.62,14.03,986.74,-38.31,385.0,-1015.0,-148.75,1,53.582,"
1784215145.677338,"01/01/2000,03:46:46.69,-1004.39,-46.88,-0.98,0.65,1.04,-1.15,61.05,28.05,55.35,30.67,14.27,986.86,-38.31,315.0,-673.75,-78.75,1,53.581,"
1784215145.6956022,"01/01/2000,03:46:46.71,-1028.81,-35.16,22.95,0.66,1.23,0.82,61.05,28.05,55.35,30.62,13.79,986.00,-38.43,61.25,-708.75,-166.25,1,53.586,"
1784215145.7123027,"01/01/2000,03:46:46.73,-1034.67,-29.79,7.32,-0.11,0.47,-1.44,60.60,28.35,52.65,30.86,13.30,985.03,-39.04,210.0,-700.0,-253.75,1,53.585,"
1784215145.727763,"01/01/2000,03:46:46.74,-1022.46,-34.67,-40.04,-1.44,0.31,-2.08,61.05,29.55,53.10,30.67,13.42,984.66,-39.41,271.25,-700.0,-183.75,1,53.584,"
1784215145.747228,"01/01/2000,03:46:46.76,-1007.81,-42.97,-2.44,1.03,2.15,-0.18,60.30,28.35,52.35,30.62,13.42,984.78,-39.16,297.50,-752.50,-218.75,1,53.583,"
1784215145.7652018,"01/01/2000,03:46:46.78,-1019.53,-45.41,45.90,-1.15,-0.88,0.11,60.45,29.85,53.70,30.62,13.66,984.54,-38.19,183.75,-822.50,-253.75,1,53.583,"
1784215145.7817867,"01/01/2000,03:46:46.80,-1021.48,-32.71,-13.18,0.59,0.15,1.86,60.45,29.85,53.70,30.62,13.66,985.27,-37.70,96.25,-691.25,-78.75,1,53.588,"
1784215145.7986019,"01/01/2000,03:46:46.82,-1013.18,-49.80,-1.46,-0.62,0.15,-1.30,61.95,28.65,53.70,30.47,13.54,986.98,-38.43,157.50,-726.25,-210.0,1,53.587,"
1784215145.8227904,"01/01/2000,03:46:46.84,-1030.76,3.42,37.11,0.46,0.18,-0.49,62.70,30.15,55.20,30.62,13.66,988.44,-39.53,227.50,-778.75,-210.0,1,53.586,"
1784215145.837484,"01/01/2000,03:46:46.85,-1009.28,-21.97,34.18,1.43,-2.18,0.31,61.20,28.95,52.20,30.52,13.79,987.47,-39.89,131.25,-700.0,-122.50,1,53.585,"
1784215145.8550773,"01/01/2000,03:46:46.87,-1017.58,-49.32,81.54,-0.37,1.03,-0.24,60.90,29.40,52.50,30.62,14.03,985.03,-39.77,210.0,-656.25,-192.50,1,53.585,"
1784215145.8803556,"01/01/2000,03:46:46.89,-1001.95,-21.00,19.53,0.25,1.21,-1.80,61.35,29.25,54.15,30.62,14.15,983.08,-39.53,245.0,-446.25,-61.25,1,53.584,"
1784215145.8936534,"01/01/2000,03:46:46.91,-1012.21,-47.36,43.46,0.25,-1.45,-0.67,61.35,29.25,54.15,30.43,13.42,983.69,-39.77,201.25,-516.25,-227.50,1,53.589,"
1784215145.9175396,"01/01/2000,03:46:46.93,-1007.32,-50.78,19.53,-0.59,-0.66,0.99,58.50,26.25,55.50,30.81,13.91,982.83,-39.65,26.25,-498.75,-201.25,1,53.582,"
1784215145.9421837,"01/01/2000,03:46:46.95,-1035.64,-121.09,-54.20,-32.47,-0.11,5.74,60.30,30.0,53.85,30.62,31.72,987.71,-38.06,-1382.50,28551.25,-4847.50,1,53.582,"
1784215145.9606447,"01/01/2000,03:46:46.98,-963.87,-1.46,-45.41,-40.88,0.06,-3.25,61.35,30.0,53.40,30.43,48.07,985.03,-40.50,-831.25,42472.50,-1426.25,1,53.581,"
1784215145.982355,"01/01/2000,03:46:46.99,-972.66,-39.55,-6.35,-29.97,-3.28,0.56,60.90,29.85,53.25,30.67,35.14,973.56,-45.26,288.75,34921.25,-1347.50,1,53.580,"
1784215145.9949684,"01/01/2000,03:46:47.01,-988.77,-34.18,124.51,-0.34,-0.66,-4.08,62.40,29.40,52.95,30.67,11.35,966.00,-48.31,420.0,10281.25,-507.50,1,53.579,"
1784215146.012406,"01/01/2000,03:46:47.03,-1041.50,4.39,54.20,13.09,-1.89,-0.92,60.90,28.95,54.0,30.67,-7.81,966.61,-48.68,805.0,-11593.75,2520.0,1,53.584,"
1784215146.0342395,"01/01/2000,03:46:47.05,-1054.69,23.93,-32.71,21.52,0.48,2.79,61.35,29.55,55.35,30.47,-24.40,973.68,-45.14,437.50,-21490.0,-1015.0,1,53.578,"
1784215146.0695472,"01/01/2000,03:46:47.09,-1041.99,-52.73,-92.29,32.81,-0.39,1.40,61.95,27.75,53.70,30.47,-20.98,979.66,-37.58,-1356.25,-33381.25,1128.75,1,53.582,"
1784215146.0905745,"01/01/2000,03:46:47.11,-890.63,-19.53,52.73,27.01,-0.50,-0.50,61.20,29.40,53.70,30.62,3.78,976.49,-41.60,-385.0,-27396.25,428.75,1,53.581,"
1784215146.1083515,"01/01/2000,03:46:47.12,-1067.38,-85.94,20.02,9.15,-0.08,-0.99,62.55,29.55,54.15,30.67,26.84,976.0,-47.09,376.25,-12871.25,2012.50,1,53.580,"
1784215146.128309,"01/01/2000,03:46:47.14,-1009.77,-39.06,82.03,-7.29,-3.21,1.93,60.45,28.65,55.20,30.62,35.62,974.41,-49.65,1496.25,5372.50,-630.0,1,53.580,"
1784215146.1514826,"01/01/2000,03:46:47.16,-1019.53,-46.39,63.48,-10.96,2.15,-1.11,60.45,28.65,55.20,30.52,32.70,975.63,-46.12,936.25,10648.75,-621.25,1,53.584,"
1784215146.1623375,"01/01/2000,03:46:47.18,-1020.51,-36.62,80.57,-9.85,0.30,3.12,60.90,29.40,54.75,30.71,22.69,982.10,-38.55,-1085.0,9703.75,-822.50,1,53.578,"
1784215146.1833415,"01/01/2000,03:46:47.20,-1021.97,-19.04,-28.32,2.76,0.03,0.60,61.35,30.75,53.10,30.81,12.93,983.08,-39.77,-236.25,1251.25,-1128.75,1,53.583,"
1784215146.1985607,"01/01/2000,03:46:47.22,-1015.63,-29.79,-19.04,6.66,-1.50,-0.98,61.65,28.20,53.25,30.62,12.57,983.56,-41.11,857.50,-5302.50,568.75,1,53.582,"
1784215146.2155886,"01/01/2000,03:46:47.23,-1011.72,-42.97,55.18,0.0,0.41,-0.48,61.05,30.0,54.15,30.62,17.08,984.30,-39.41,-201.25,-1802.50,-70.0,1,53.581,"
1784215146.2434254,"01/01/2000,03:46:47.25,-981.45,-46.88,52.25,-2.11,1.06,-0.60,61.95,27.75,53.25,30.67,16.96,983.56,-38.31,-227.50,1242.50,-70.0,1,53.581,"
1784215146.2724755,"01/01/2000,03:46:47.29,-1021.48,-48.34,32.23,0.01,0.18,-1.89,62.25,28.05,55.05,30.62,10.00,984.66,-40.63,577.50,-1058.75,-840.0,1,53.585,"
1784215146.295876,"01/01/2000,03:46:47.31,-1042.48,-55.66,12.70,2.45,0.52,-0.17,61.20,28.95,55.50,30.67,13.30,985.27,-37.94,-122.50,-1715.0,8.75,1,53.578,"
1784215146.3119519,"01/01/2000,03:46:47.33,-1032.23,-22.46,-14.65,-1.35,-0.69,-1.75,60.90,28.65,54.75,30.62,16.23,985.64,-37.09,-341.25,437.50,-306.25,1,53.583,"
1784215146.3268735,"01/01/2000,03:46:47.34,-1007.81,-36.62,31.25,0.31,-0.72,-0.18,61.20,30.15,54.0,30.52,16.35,985.64,-38.67,78.75,-8.75,0.0,1,53.583,"
1784215146.3451219,"01/01/2000,03:46:47.36,-1055.66,-5.37,-13.18,0.25,-0.73,-0.03,59.10,30.0,53.10,30.86,14.88,985.39,-39.77,621.25,-96.25,-52.50,1,53.582,"
1784215146.3665404,"01/01/2000,03:46:47.38,-1011.72,-30.76,-6.35,2.22,-1.27,-0.03,60.30,28.05,54.15,30.43,10.98,985.52,-37.82,157.50,-997.50,-533.75,1,53.581,"
1784215146.383372,"01/01/2000,03:46:47.40,-1024.41,-8.30,-42.48,2.59,-1.39,0.34,59.85,30.0,53.85,30.52,11.22,985.88,-37.09,-358.75,-813.75,-350.0,1,53.580,"
1784215146.3985062,"01/01/2000,03:46:47.42,-1027.34,-30.76,42.48,0.11,-0.15,0.91,61.05,27.60,52.65,30.52,12.81,986.25,-38.06,-35.0,-796.25,-341.25,1,53.585,"
1784215146.4176714,"01/01/2000,03:46:47.43,-1020.51,-41.50,-11.72,-2.27,-0.24,0.93,60.45,28.20,54.0,30.81,14.52,985.88,-39.04,402.50,-787.50,-201.25,1,53.584,"
1784215146.4464283,"01/01/2000,03:46:47.46,-1019.04,-14.16,51.76,-1.80,-1.66,0.75,61.05,29.25,53.40,30.62,15.13,985.64,-38.06,96.25,43.75,-17.50,1,53.578,"
1784215146.4623196,"01/01/2000,03:46:47.48,-1009.28,-31.25,-31.25,-2.53,0.21,-2.73,60.30,27.60,55.80,30.62,12.93,986.37,-37.82,-8.75,-78.75,-306.25,1,53.577,"
1784215146.4820404,"01/01/2000,03:46:47.50,-1008.30,-57.62,43.46,2.05,0.07,-2.80,62.25,29.25,55.80,30.52,11.10,986.61,-37.94,227.50,-1233.75,-253.75,1,53.582,"
1784215146.520716,"01/01/2000,03:46:47.54,-1004.88,-51.76,95.70,-1.26,-1.52,-3.21,61.20,28.20,54.45,30.62,14.40,985.64,-37.94,17.50,-507.50,-140.0,1,53.581,"
1784215146.555955,"01/01/2000,03:46:47.57,-1001.46,-49.80,43.95,-1.78,-0.09,-0.02,61.65,28.95,52.50,30.52,14.40,986.13,-38.43,323.75,-218.75,-166.25,1,53.579,"
1784215146.5767772,"01/01/2000,03:46:47.59,-1017.58,-36.62,45.90,-0.96,-0.75,-0.24,61.35,27.60,55.05,30.62,12.20,986.25,-37.45,78.75,-673.75,-236.25,1,53.578,"
1784215146.5934095,"01/01/2000,03:46:47.61,-1038.09,-16.11,-27.34,-0.56,0.35,0.44,60.30,29.25,54.15,30.47,11.47,985.88,-37.45,-288.75,-813.75,-446.25,1,53.578,"
1784215146.6123812,"01/01/2000,03:46:47.63,-1023.44,-35.64,56.64,-1.23,-2.37,-0.84,61.05,28.80,53.10,30.47,12.32,985.76,-38.67,87.50,-743.75,-280.0,1,53.583,"
1784215146.6319358,"01/01/2000,03:46:47.65,-1000.49,-66.89,46.88,1.40,0.98,1.40,61.20,28.95,55.20,30.52,14.03,985.64,-38.92,385.0,-638.75,-192.50,1,53.582,"
1784215146.6499264,"01/01/2000,03:46:47.67,-1032.71,2.93,-27.83,-1.11,3.47,0.37,61.80,28.35,53.85,30.62,14.64,985.76,-38.06,131.25,-341.25,-175.0,1,53.581,"
1784215146.6671472,"01/01/2000,03:46:47.68,-1031.74,-34.67,26.86,-2.60,0.37,-1.36,61.65,28.65,53.70,30.62,13.66,986.00,-37.70,-105.0,-568.75,-166.25,1,53.580,"
1784215146.6852643,"01/01/2000,03:46:47.70,-1032.23,-22.46,-20.51,-1.90,-0.75,1.03,61.20,28.95,52.95,30.62,12.32,986.13,-38.31,140.0,-568.75,-87.50,1,53.580,"
1784215146.7113953,"01/01/2000,03:46:47.72,-1003.91,-35.16,-19.04,-0.09,-0.28,2.31,61.20,30.15,53.25,30.67,11.71,985.88,-38.43,262.50,-700.0,-393.75,1,53.579,"
1784215146.7269452,"01/01/2000,03:46:47.74,-998.54,-36.13,41.99,2.10,-0.34,1.45,59.85,29.25,53.10,30.81,12.69,986.00,-37.82,-8.75,-708.75,-166.25,1,53.578,"
1784215146.7425902,"01/01/2000,03:46:47.76,-995.12,-17.09,35.16,-0.55,-0.34,1.39,61.80,29.55,53.85,30.67,13.91,986.00,-37.33,-61.25,-630.0,-183.75,1,53.583,"
1784215146.759094,"01/01/2000,03:46:47.77,-1026.86,-29.30,6.84,-0.78,0.32,-0.56,60.45,30.60,53.70,30.67,14.03,986.25,-37.94,166.25,-586.25,-157.50,1,53.582,"
1784215146.7784936,"01/01/2000,03:46:47.80,-1028.81,-23.93,-6.35,1.41,-0.69,1.44,59.70,30.15,55.20,30.62,13.18,985.88,-38.19,201.25,-428.75,-227.50,1,53.581,"
1784215146.7960868,"01/01/2000,03:46:47.81,-1015.63,-28.81,5.37,0.40,0.85,-0.23,60.30,28.80,54.15,30.52,12.44,985.52,-37.94,122.50,-560.0,-236.25,1,53.581,"
1784215146.8125486,"01/01/2000,03:46:47.83,-1010.25,-48.83,71.29,-1.25,1.22,0.88,59.70,28.95,53.25,30.52,12.44,985.88,-37.82,0.0,-796.25,-175.0,1,53.580,"
1784215146.8294566,"01/01/2000,03:46:47.85,-1023.93,-21.97,10.74,1.76,0.05,2.41,61.05,28.35,53.10,30.33,12.93,986.00,-38.06,201.25,-735.0,-262.50,1,53.585,"
1784215146.8510237,"01/01/2000,03:46:47.87,-1013.18,-34.18,29.30,1.22,-0.28,-2.17,61.20,29.40,53.25,30.47,13.66,986.00,-38.06,280.0,-656.25,-113.75,1,53.584,"
1784215146.8684824,"01/01/2000,03:46:47.89,-1017.09,-21.97,-7.32,2.46,0.99,-1.0,60.45,29.40,54.0,30.43,13.66,986.00,-37.82,-43.75,-586.25,-192.50,1,53.583,"
1784215146.8855083,"01/01/2000,03:46:47.90,-1018.07,-54.69,15.63,-2.49,-2.69,-0.27,61.20,28.65,54.75,30.67,13.05,985.88,-38.06,122.50,-455.0,-280.0,1,53.583,"
1784215146.9028857,"01/01/2000,03:46:47.92,-1010.74,-11.23,36.13,2.49,-1.01,1.85,61.65,29.85,53.25,30.67,12.32,985.76,-38.43,183.75,-621.25,-262.50,1,53.582,"
1784215146.9236999,"01/01/2000,03:46:47.94,-1006.84,-33.69,24.41,2.24,2.76,-0.31,61.65,29.85,53.70,30.67,12.69,985.88,-38.31,70.0,-778.75,-218.75,1,53.581,"
1784215146.9463089,"01/01/2000,03:46:47.96,-1001.95,-41.02,16.60,-0.03,-0.27,-2.0,59.55,29.25,55.05,30.52,13.18,985.88,-38.31,96.25,-612.50,-87.50,1,53.586,"
1784215146.965251,"01/01/2000,03:46:47.98,-1029.30,-16.11,10.25,-0.44,0.01,-0.21,60.30,29.55,55.35,30.47,13.79,986.13,-38.31,140.0,-507.50,-183.75,1,53.580,"
1784215146.9934099,"01/01/2000,03:46:48.01,-1027.34,-22.46,-9.77,1.02,1.21,1.63,60.90,27.75,54.75,30.52,13.18,985.76,-38.31,192.50,-647.50,-166.25,1,53.579,"
1784215147.0054574,"01/01/2000,03:46:48.02,-1016.60,-7.81,18.07,1.79,-1.43,1.98,61.65,29.85,54.45,30.67,12.44,985.76,-38.19,17.50,-638.75,-358.75,1,53.578,"
1784215147.0392082,"01/01/2000,03:46:48.06,-1013.18,-31.74,56.15,0.46,-3.52,-0.76,60.90,28.65,52.95,30.67,13.18,985.76,-38.19,175.0,-656.25,-210.0,1,53.582,"
1784215147.0630367,"01/01/2000,03:46:48.08,-1014.16,-40.04,19.04,0.91,-2.42,0.57,60.60,28.80,52.65,30.62,13.66,986.00,-38.06,87.50,-603.75,-166.25,1,53.581,"
1784215147.0783558,"01/01/2000,03:46:48.09,-1035.16,-11.23,15.14,0.74,-0.71,-1.15,60.60,28.35,52.35,30.62,13.54,985.88,-38.06,52.50,-472.50,-122.50,1,53.581,"
1784215147.0954614,"01/01/2000,03:46:48.11,-1022.46,-31.25,29.30,-0.68,0.39,-0.05,60.60,29.55,54.15,30.81,12.93,985.76,-38.19,175.0,-551.25,-341.25,1,53.580,"
1784215147.1124516,"01/01/2000,03:46:48.13,-1003.91,-70.80,25.39,-0.50,-0.76,2.06,61.20,28.65,54.45,30.33,12.69,985.76,-38.31,70.0,-761.25,-253.75,1,53.585,"
1784215147.1331232,"01/01/2000,03:46:48.15,-1010.74,-21.00,-35.16,3.34,0.66,0.02,61.05,28.80,53.85,30.67,13.05,986.00,-38.19,131.25,-691.25,-402.50,1,53.578,"
1784215147.1509194,"01/01/2000,03:46:48.17,-1030.27,-62.50,60.06,-3.03,-0.15,-0.31,60.60,28.80,53.40,30.81,13.42,986.13,-37.70,183.75,-927.50,-253.75,1,53.583,"
1784215147.1683922,"01/01/2000,03:46:48.19,-1005.86,-43.46,58.11,0.94,-0.05,1.57,61.35,28.05,52.35,30.62,13.79,986.00,-37.82,26.25,-568.75,-157.50,1,53.582,"
1784215147.19354,"01/01/2000,03:46:48.21,-1017.58,-45.41,44.92,-0.10,-0.08,-1.24,61.20,28.20,54.45,30.09,13.18,985.76,-38.19,113.75,-735.0,-253.75,1,53.582,"
1784215147.2102327,"01/01/2000,03:46:48.22,-1018.55,-24.41,16.11,-0.58,2.53,-0.34,59.25,28.95,54.45,30.67,12.93,986.00,-38.31,78.75,-656.25,-122.50,1,53.581,"
1784215147.2257462,"01/01/2000,03:46:48.24,-1016.11,-34.67,1.95,3.21,-3.40,-0.06,60.45,28.95,52.95,30.62,12.57,985.88,-38.06,271.25,-682.50,-280.0,1,53.580,"
1784215147.242037,"01/01/2000,03:46:48.26,-1046.39,-26.86,-2.93,1.22,-0.85,0.56,61.65,28.95,54.0,30.33,12.93,985.88,-37.94,175.0,-743.75,-192.50,1,53.585,"
1784215147.2663395,"01/01/2000,03:46:48.28,-1016.11,-32.23,-38.09,0.05,0.48,-1.48,62.25,28.80,53.85,30.67,13.18,985.76,-38.19,78.75,-638.75,-157.50,1,53.584,"
1784215147.2818966,"01/01/2000,03:46:48.30,-1007.32,-46.88,18.07,-1.20,-0.30,0.75,59.55,30.0,54.60,30.43,13.18,985.64,-38.43,236.25,-603.75,-218.75,1,53.584,"
1784215147.2952914,"01/01/2000,03:46:48.31,-1013.67,-28.32,2.44,1.05,-0.82,2.62,61.05,30.45,53.40,30.67,12.93,986.00,-38.31,210.0,-498.75,-315.0,1,53.583,"
1784215147.3134065,"01/01/2000,03:46:48.33,-1003.42,-32.23,7.32,0.01,-2.14,2.0,61.95,29.40,53.70,30.52,12.44,986.13,-37.94,96.25,-586.25,-393.75,1,53.582,"
1784215147.3351138,"01/01/2000,03:46:48.35,-1015.14,-46.88,40.53,0.72,1.42,3.40,61.20,31.05,54.0,30.67,12.81,986.00,-38.06,113.75,-726.25,-245.0,1,53.581,"
1784215147.3702629,"01/01/2000,03:46:48.39,-1029.79,-49.80,74.22,-3.18,-2.17,0.38,61.05,29.25,52.65,30.62,13.54,985.76,-38.31,131.25,-542.50,-122.50,1,53.585,"
1784215147.387323,"01/01/2000,03:46:48.40,-1019.04,-12.21,-45.41,-0.10,1.14,-0.29,61.05,28.80,53.85,30.67,13.30,985.76,-38.31,192.50,-577.50,-122.50,1,53.585,"
1784215147.4122565,"01/01/2000,03:46:48.43,-1017.09,-43.95,42.48,1.66,-4.21,-0.36,60.60,28.35,54.15,30.81,12.81,986.25,-37.82,-17.50,-621.25,-201.25,1,53.584,"
1784215147.427837,"01/01/2000,03:46:48.44,-1001.46,-14.65,51.76,1.64,0.77,-1.40,60.30,29.55,53.10,30.43,12.69,985.76,-37.94,105.0,-735.0,-131.25,1,53.583,"
1784215147.4429684,"01/01/2000,03:46:48.46,-1004.88,-5.37,-44.43,2.96,1.09,0.72,61.05,29.55,52.65,30.62,12.81,985.76,-38.06,236.25,-848.75,-297.50,1,53.582,"
1784215147.4622445,"01/01/2000,03:46:48.48,-1008.30,-29.30,-5.37,1.60,0.22,-0.22,61.20,28.20,52.50,30.62,13.54,985.52,-38.06,253.75,-437.50,-227.50,1,53.582,"
1784215147.4881895,"01/01/2000,03:46:48.51,-1020.02,-22.95,54.20,0.05,3.85,1.11,58.50,28.95,56.70,30.47,13.18,986.00,-37.82,245.0,-621.25,-140.0,1,53.581,"
1784215147.5123012,"01/01/2000,03:46:48.53,-990.72,-17.09,2.93,-0.42,0.50,-2.92,62.55,28.35,54.15,30.52,12.93,986.13,-37.58,87.50,-726.25,-148.75,1,53.580,"
1784215147.5290759,"01/01/2000,03:46:48.54,-1022.95,-41.50,10.74,-1.60,-0.31,0.98,61.05,28.80,54.60,30.67,12.57,985.76,-37.82,26.25,-638.75,-280.0,1,53.580,"
1784215147.547217,"01/01/2000,03:46:48.56,-1021.00,-62.01,33.20,-0.84,-3.27,4.27,58.35,27.15,56.55,30.52,12.93,985.64,-38.43,332.50,-743.75,-280.0,1,53.579,"
1784215147.5619497,"01/01/2000,03:46:48.58,-999.02,-7.32,42.48,3.41,-1.18,1.21,62.25,28.35,53.10,30.62,13.18,985.88,-37.94,280.0,-560.0,-157.50,1,53.578,"
1784215147.581568,"01/01/2000,03:46:48.60,-1006.35,-26.86,-7.81,2.70,-2.43,-0.66,62.25,29.25,53.10,30.52,13.05,986.00,-37.58,87.50,-621.25,-332.50,1,53.583,"
1784215147.5984168,"01/01/2000,03:46:48.62,-996.09,-33.69,-10.74,-1.36,-0.47,-1.48,61.35,29.25,53.10,30.52,12.93,986.13,-37.45,0.0,-682.50,-245.0,1,53.582,"
1784215147.6196544,"01/01/2000,03:46:48.64,-1029.30,-31.74,50.78,-0.96,0.19,1.01,61.65,28.95,54.75,30.81,12.81,985.76,-38.06,157.50,-516.25,-271.25,1,53.581,"
1784215147.637075,"01/01/2000,03:46:48.65,-1023.93,-24.41,5.86,-1.42,-0.19,3.40,61.95,29.40,52.95,30.52,12.69,985.76,-38.19,148.75,-656.25,-288.75,1,53.581,"
1784215147.6540463,"01/01/2000,03:46:48.67,-1038.57,-51.76,89.84,2.46,0.98,-0.10,61.05,28.35,52.65,30.67,12.93,985.76,-37.82,-70.0,-647.50,-113.75,1,53.580,"
1784215147.6773093,"01/01/2000,03:46:48.69,-1016.60,-32.23,20.02,-0.51,-0.28,-3.53,61.95,30.60,54.45,30.62,13.05,986.13,-37.70,148.75,-647.50,-166.25,1,53.579,"
1784215147.7105105,"01/01/2000,03:46:48.73,-1025.88,-28.32,-8.79,0.98,2.64,0.08,60.0,29.85,54.75,30.67,12.93,985.64,-38.19,201.25,-673.75,-253.75,1,53.583,"
1784215147.7307534,"01/01/2000,03:46:48.74,-1008.79,-1.95,-38.09,1.92,-0.94,-1.35,60.90,28.95,54.45,30.71,13.05,985.52,-38.06,271.25,-656.25,-280.0,1,53.582,"
1784215147.748497,"01/01/2000,03:46:48.77,-986.82,-39.55,35.16,-0.58,-0.45,1.31,61.95,28.20,54.45,30.52,12.69,985.88,-37.82,35.0,-735.0,-236.25,1,53.582,"
1784215147.765177,"01/01/2000,03:46:48.78,-988.28,-19.53,62.50,0.12,-1.74,1.36,61.95,28.20,54.45,30.62,13.05,985.76,-37.82,122.50,-700.0,-332.50,1,53.581,"
1784215147.7820506,"01/01/2000,03:46:48.80,-1021.48,-66.41,42.48,1.53,-1.17,0.03,60.45,30.15,54.0,30.67,13.42,985.88,-37.94,131.25,-603.75,-315.0,1,53.586,"
1784215147.8009574,"01/01/2000,03:46:48.82,-993.16,-44.92,72.27,1.75,-0.61,-0.96,61.95,28.95,52.95,30.47,13.30,985.88,-38.19,26.25,-682.50,-140.0,1,53.585,"
1784215147.8380332,"01/01/2000,03:46:48.86,-1012.21,-43.95,10.25,-1.14,1.10,-0.76,61.95,28.20,54.75,30.47,12.93,986.00,-38.06,166.25,-770.0,-157.50,1,53.584,"
1784215147.855207,"01/01/2000,03:46:48.87,-1035.16,-25.88,9.77,-0.02,-0.34,-1.03,61.95,28.20,54.75,30.33,13.18,986.00,-37.82,-52.50,-586.25,-140.0,1,53.583,"
1784215147.880342,"01/01/2000,03:46:48.89,-1010.25,-48.34,20.51,-0.17,-0.66,2.05,61.95,28.65,55.20,30.52,13.05,986.00,-37.82,201.25,-761.25,-157.50,1,53.582,"
1784215147.8952787,"01/01/2000,03:46:48.91,-1013.18,-38.09,27.34,-0.73,-0.22,1.18,60.90,29.40,52.95,30.62,12.93,986.00,-37.82,227.50,-603.75,-113.75,1,53.581,"
1784215147.91136,"01/01/2000,03:46:48.93,-997.07,-27.83,28.32,-0.53,2.40,0.02,61.05,29.55,52.35,30.67,12.81,985.76,-37.70,122.50,-630.0,-271.25,1,53.586,"
1784215147.9278262,"01/01/2000,03:46:48.95,-999.02,-5.37,10.74,2.96,0.36,2.11,60.90,28.95,53.70,30.81,12.93,986.00,-37.70,-35.0,-883.75,-262.50,1,53.585,"
1784215147.9490268,"01/01/2000,03:46:48.97,-1031.74,-9.77,14.65,1.35,-0.79,0.75,63.75,28.80,53.85,30.62,12.93,986.00,-38.06,280.0,-551.25,-411.25,1,53.585,"
1784215147.9665334,"01/01/2000,03:46:48.98,-1025.39,-14.65,-31.25,2.05,1.71,0.31,63.75,28.80,53.85,30.33,12.93,986.13,-38.06,183.75,-848.75,-201.25,1,53.584,"
1784215147.9831862,"01/01/2000,03:46:49.00,-1008.79,0.98,36.62,-1.21,-0.53,0.76,62.55,29.25,52.65,30.62,13.42,986.25,-37.94,35.0,-560.0,-271.25,1,53.583,"
1784215148.012289,"01/01/2000,03:46:49.03,-1012.70,-10.74,46.88,1.42,-1.46,1.70,60.60,29.55,52.35,30.33,13.54,986.13,-37.70,-43.75,-787.50,-201.25,1,53.582,"
1784215148.052134,"01/01/2000,03:46:49.07,-1035.16,-45.90,34.18,-0.47,0.15,-1.06,62.40,29.40,52.95,30.62,12.81,986.00,-37.70,70.0,-813.75,-70.0,1,53.581,"
1784215148.0862126,"01/01/2000,03:46:49.10,-1015.14,-38.09,32.71,0.70,-2.36,-1.43,61.05,30.0,55.05,30.33,12.93,986.13,-37.82,105.0,-735.0,-271.25,1,53.579,"
1784215148.112222,"01/01/2000,03:46:49.12,-994.63,-27.34,41.50,-3.69,-0.31,-0.05,59.85,26.85,56.10,30.71,13.42,986.13,-37.82,131.25,-455.0,-157.50,1,53.579,"
1784215148.1420949,"01/01/2000,03:46:49.16,-1000.98,-0.49,-20.02,2.45,0.27,-0.46,60.60,29.55,53.40,30.62,12.93,985.76,-37.94,-70.0,-656.25,-148.75,1,53.583,"
1784215148.1794457,"01/01/2000,03:46:49.20,-1006.84,-29.30,6.35,0.57,0.69,1.30,62.25,30.0,53.85,30.52,13.30,986.25,-38.06,70.0,-595.0,-175.0,1,53.581,"
1784215148.1976097,"01/01/2000,03:46:49.21,-1002.93,-16.11,-5.37,2.66,0.53,-2.46,62.25,30.0,53.85,30.62,13.18,985.88,-37.94,-8.75,-691.25,-358.75,1,53.581,"
1784215148.2133577,"01/01/2000,03:46:49.23,-1037.11,-8.30,-34.67,-0.50,0.81,0.22,61.20,28.65,54.0,30.47,13.30,985.64,-37.94,-26.25,-656.25,-288.75,1,53.580,"
1784215148.2350326,"01/01/2000,03:46:49.25,-1009.77,-8.30,37.60,0.69,-2.12,1.77,61.65,30.15,52.50,30.67,13.18,985.76,-38.31,175.0,-735.0,-236.25,1,53.579,"
1784215148.2519884,"01/01/2000,03:46:49.27,-1007.32,-42.48,-20.02,-0.02,-0.53,-0.23,60.90,27.75,54.0,30.67,12.93,985.88,-38.06,166.25,-691.25,-358.75,1,53.584,"
1784215148.269431,"01/01/2000,03:46:49.29,-1022.95,-41.99,9.28,-0.14,-1.69,0.98,61.05,28.35,53.40,30.47,13.18,986.13,-37.70,35.0,-726.25,-113.75,1,53.583,"
1784215148.29187,"01/01/2000,03:46:49.30,-1016.11,-37.60,-11.72,-1.21,-0.87,-0.18,61.05,28.35,53.40,30.67,13.18,986.00,-37.58,70.0,-665.0,-262.50,1,53.582,"
1784215148.3246481,"01/01/2000,03:46:49.34,-995.12,-5.37,9.77,1.59,0.33,0.63,61.80,30.0,54.15,30.62,13.42,986.00,-38.06,113.75,-621.25,-113.75,1,53.581,"
1784215148.34207,"01/01/2000,03:46:49.36,-1008.30,-46.39,-21.00,1.0,0.91,0.89,61.35,29.25,53.10,30.71,13.05,985.88,-38.06,122.50,-533.75,-402.50,1,53.586,"
1784215148.3621867,"01/01/2000,03:46:49.38,-1040.04,-44.43,26.37,-0.51,-0.74,2.48,61.80,29.25,52.35,30.52,13.05,986.13,-37.94,26.25,-927.50,-166.25,1,53.585,"
1784215148.3976488,"01/01/2000,03:46:49.41,-1013.67,-27.34,-5.37,-1.66,2.13,-1.76,61.05,28.05,53.85,30.33,13.54,985.76,-38.19,323.75,-595.0,-183.75,1,53.583,"
1784215148.4165683,"01/01/2000,03:46:49.43,-1026.37,-14.65,23.93,0.67,-0.68,1.08,61.65,29.85,54.0,30.81,13.79,985.88,-37.82,43.75,-385.0,-175.0,1,53.583,"
1784215148.4362168,"01/01/2000,03:46:49.45,-995.12,-71.29,-21.97,-0.28,-2.37,0.85,61.65,28.95,52.95,30.67,12.93,985.88,-37.70,61.25,-883.75,-227.50,1,53.582,"
1784215148.4528804,"01/01/2000,03:46:49.47,-1002.93,-34.18,63.96,1.87,0.31,1.63,61.05,30.0,54.15,30.62,13.18,986.25,-38.06,96.25,-813.75,-236.25,1,53.581,"
1784215148.4704745,"01/01/2000,03:46:49.49,-1007.81,-39.06,-32.71,-2.40,-1.79,-0.02,61.20,29.85,53.70,30.67,13.18,986.00,-38.31,52.50,-393.75,-393.75,1,53.586,"
