timestamp,data
1784218579.384757,"01/01/2000,04:44:00.54,-1011.72,1.46,20.02,0.94,-2.60,-1.76,64.50,32.40,53.40,33.35,14.40,986.37,-45.63,87.50,-656.25,-271.25,1,53.319,"
1784218579.4058778,"01/01/2000,04:44:00.56,-1033.20,-48.34,53.71,1.12,-2.25,0.35,62.25,29.25,52.35,33.49,14.76,986.13,-45.99,166.25,-455.0,-218.75,1,53.319,"
1784218579.4265199,"01/01/2000,04:44:00.58,-1008.30,-22.95,31.25,-0.23,0.36,-1.89,61.65,32.55,52.50,33.83,14.40,986.25,-45.75,201.25,-525.0,-262.50,1,53.319,"
1784218579.4558978,"01/01/2000,04:44:00.61,-1020.02,-26.37,12.21,1.01,-0.73,-1.37,61.05,32.85,52.65,33.64,14.40,985.76,-45.87,131.25,-630.0,-271.25,1,53.319,"
1784218579.4781995,"01/01/2000,04:44:00.64,-1024.90,-11.23,22.46,1.24,-0.38,-0.49,63.30,32.40,53.10,33.64,14.76,985.88,-45.87,131.25,-743.75,-105.0,1,53.319,"
1784218579.493942,"01/01/2000,04:44:00.65,-1016.60,-25.88,53.71,0.26,-1.57,1.61,63.30,32.40,53.10,33.44,14.76,985.64,-45.75,236.25,-507.50,-280.0,1,53.319,"
1784218579.5088518,"01/01/2000,04:44:00.67,-1014.16,-21.00,68.36,0.40,0.27,0.15,62.70,32.55,53.25,33.35,14.64,985.76,-45.63,166.25,-682.50,-166.25,1,53.319,"
1784218579.5371592,"01/01/2000,04:44:00.69,-1025.88,-21.48,27.34,-1.32,-1.16,-0.58,63.90,33.0,52.50,33.64,14.40,985.76,-46.12,140.0,-743.75,-323.75,1,53.319,"
1784218579.5545785,"01/01/2000,04:44:00.71,-1028.32,-11.72,-1.46,0.98,-1.21,0.69,63.15,31.35,53.25,33.64,14.64,985.76,-46.12,201.25,-603.75,-183.75,1,53.319,"
1784218579.5706837,"01/01/2000,04:44:00.73,-1034.67,-18.55,12.70,0.49,1.09,0.62,62.40,32.55,52.20,33.68,15.01,985.64,-45.87,78.75,-586.25,-297.50,1,53.319,"
1784218579.5853965,"01/01/2000,04:44:00.74,-1009.77,-50.29,58.11,-0.44,-3.49,-1.38,62.40,32.55,52.20,33.64,14.88,985.52,-45.63,122.50,-595.0,-218.75,1,53.319,"
1784218579.6038604,"01/01/2000,04:44:00.76,-996.09,-13.67,37.60,1.37,-0.79,-0.18,61.95,30.60,53.70,33.59,14.52,985.52,-45.87,262.50,-577.50,-297.50,1,53.319,"
1784218579.6272197,"01/01/2000,04:44:00.78,-993.16,-23.44,31.25,-0.37,-2.26,-2.05,61.95,30.60,53.70,33.78,14.52,985.64,-45.87,210.0,-743.75,-157.50,1,53.319,"
1784218579.660436,"01/01/2000,04:44:00.82,-1010.74,-17.09,79.10,-1.11,0.80,-0.85,63.60,32.25,51.75,33.64,14.76,985.76,-45.63,245.0,-708.75,-323.75,1,53.319,"
1784218579.697277,"01/01/2000,04:44:00.85,-1012.70,-21.00,51.27,1.01,-1.04,-0.19,63.0,31.95,52.35,33.30,14.40,985.52,-46.12,271.25,-805.0,-183.75,1,53.319,"
1784218579.712961,"01/01/2000,04:44:00.87,-1049.80,-25.88,13.67,1.35,-1.0,0.84,63.0,31.95,52.35,33.83,14.88,985.76,-45.63,236.25,-656.25,-192.50,1,53.319,"
1784218579.727168,"01/01/2000,04:44:00.89,-1017.58,-8.30,12.21,1.92,0.41,0.66,62.70,33.75,51.75,33.78,14.88,985.88,-45.38,122.50,-700.0,-157.50,1,53.319,"
1784218579.7531407,"01/01/2000,04:44:00.91,-1000.98,-71.78,48.83,-2.26,0.56,0.95,61.80,33.60,51.90,33.49,15.01,985.39,-45.63,201.25,-673.75,-288.75,1,53.319,"
1784218579.776921,"01/01/2000,04:44:00.93,-994.14,-20.02,7.81,-2.04,1.38,1.51,63.75,33.60,53.40,33.83,14.64,985.76,-45.63,201.25,-761.25,-175.0,1,53.319,"
1784218579.7943232,"01/01/2000,04:44:00.95,-1003.91,-42.48,36.13,0.08,1.02,1.69,63.15,31.80,52.50,33.59,14.76,985.88,-45.38,148.75,-560.0,-358.75,1,53.319,"
1784218579.8198388,"01/01/2000,04:44:00.98,-1014.16,-35.16,58.59,0.48,-1.63,0.73,61.80,33.60,51.90,33.68,14.64,985.64,-45.51,323.75,-630.0,-253.75,1,53.319,"
1784218579.8351848,"01/01/2000,04:44:00.99,-1002.44,-5.86,16.60,1.90,1.23,0.37,61.65,32.25,51.75,33.59,14.76,985.64,-45.38,43.75,-735.0,-175.0,1,53.319,"
1784218579.860378,"01/01/2000,04:44:01.03,-988.28,-16.60,80.57,1.45,-0.84,0.58,62.70,32.25,54.0,33.78,14.64,985.76,-45.51,175.0,-770.0,-262.50,1,53.319,"
1784218579.8947363,"01/01/2000,04:44:01.05,-1031.74,-24.90,36.62,0.33,0.73,-0.92,62.55,32.40,52.65,33.64,14.88,985.52,-45.63,218.75,-656.25,-288.75,1,53.319,"
1784218579.9101005,"01/01/2000,04:44:01.07,-1012.70,-5.37,44.92,0.90,0.31,0.98,61.65,33.0,52.20,33.64,15.01,985.64,-45.87,253.75,-770.0,-227.50,1,53.319,"
1784218579.927191,"01/01/2000,04:44:01.08,-1030.76,-14.65,52.25,0.87,0.60,1.40,63.30,33.15,52.65,33.35,14.76,985.76,-45.87,236.25,-612.50,-245.0,1,53.319,"
1784218579.9623513,"01/01/2000,04:44:01.12,-1009.77,-10.74,52.25,-0.50,-0.38,-0.59,62.55,32.40,51.15,33.35,14.88,985.88,-45.63,43.75,-735.0,-148.75,1,53.319,"
1784218579.9804106,"01/01/2000,04:44:01.14,-1035.64,-24.90,4.88,1.23,-1.24,-2.89,62.40,34.20,51.75,33.64,14.88,986.00,-45.87,157.50,-656.25,-192.50,1,53.319,"
1784218579.9950025,"01/01/2000,04:44:01.16,-1042.48,-12.21,-13.67,2.98,-3.44,-1.01,61.95,32.55,52.20,33.35,15.01,986.00,-45.87,175.0,-822.50,-78.75,1,53.319,"
1784218580.035722,"01/01/2000,04:44:01.19,-1032.23,-31.74,94.24,1.71,0.84,-1.21,63.15,31.05,52.20,33.64,14.76,986.13,-50.02,-656.25,-735.0,-210.0,1,53.319,"
1784218580.0526965,"01/01/2000,04:44:01.21,-965.82,6.84,80.57,-0.36,-1.11,0.25,62.40,31.35,52.95,33.59,14.88,985.64,-53.07,-638.75,-752.50,-271.25,1,53.319,"
1784218580.0706398,"01/01/2000,04:44:01.23,-1000.0,-13.67,46.39,-0.58,1.19,-0.22,63.30,32.40,52.65,33.64,15.01,985.15,-53.44,-726.25,-455.0,-306.25,1,53.319,"
1784218580.0907805,"01/01/2000,04:44:01.25,-1054.69,-23.44,-31.74,0.11,0.60,1.24,63.0,32.85,51.60,33.68,15.13,986.49,-50.75,-1540.0,-481.25,-210.0,1,53.319,"
1784218580.109975,"01/01/2000,04:44:01.27,-1008.79,-42.48,107.91,0.11,0.37,2.85,62.55,31.20,51.90,33.78,15.25,988.08,-48.92,-1942.50,-612.50,-236.25,1,53.319,"
1784218580.126625,"01/01/2000,04:44:01.28,-1002.44,-25.39,38.57,-2.31,2.56,-1.30,64.35,33.75,51.30,33.64,15.25,987.71,-50.26,-2353.75,-726.25,-271.25,1,53.319,"
1784218580.1435063,"01/01/2000,04:44:01.30,-1009.28,-20.51,79.10,2.50,3.04,2.16,64.35,33.0,51.75,33.44,15.13,986.86,-53.19,-2380.0,-595.0,-236.25,1,53.319,"
1784218580.1702738,"01/01/2000,04:44:01.32,-1025.39,-10.74,27.83,0.13,2.95,1.33,62.70,34.20,51.75,33.59,15.13,986.25,-55.63,-2922.50,-332.50,-253.75,1,53.319,"
1784218580.183548,"01/01/2000,04:44:01.34,-1024.90,-29.30,39.06,0.53,3.22,-1.37,62.55,31.95,51.60,33.88,15.13,986.37,-55.39,-2878.75,-52.50,-402.50,1,53.319,"
1784218580.2038932,"01/01/2000,04:44:01.36,-1025.39,-23.93,-20.02,-1.27,2.40,0.95,63.90,33.0,52.20,33.64,15.62,986.37,-52.70,-3053.75,542.50,-332.50,1,53.319,"
1784218580.221099,"01/01/2000,04:44:01.38,-1012.21,-28.32,34.67,-1.86,5.72,-0.05,63.0,33.15,52.65,33.49,16.35,987.47,-47.70,-3596.25,962.50,-446.25,1,53.319,"
1784218580.2439885,"01/01/2000,04:44:01.40,-999.51,-11.72,54.69,-1.63,7.11,0.15,61.05,31.95,53.10,33.83,16.59,987.83,-45.38,-4777.50,1408.75,-341.25,1,53.319,"
1784218580.2600985,"01/01/2000,04:44:01.41,-1026.86,-33.20,101.07,-4.50,4.66,0.66,61.95,31.35,51.75,33.88,15.86,986.74,-45.87,-4637.50,1408.75,-446.25,1,53.319,"
1784218580.2697923,"01/01/2000,04:44:01.43,-1001.95,-10.25,51.27,-3.14,5.44,0.40,63.30,33.15,50.85,33.59,15.13,985.76,-46.60,-3596.25,1015.0,-385.0,1,53.319,"
1784218580.3081012,"01/01/2000,04:44:01.46,-1013.18,-7.81,-37.60,-3.85,4.87,2.63,61.80,30.0,53.85,33.59,14.64,987.35,-42.82,-3307.50,1163.75,-455.0,1,53.319,"
1784218580.337002,"01/01/2000,04:44:01.50,-998.05,-4.88,-41.02,-1.73,5.21,-1.11,64.50,32.40,51.90,33.68,15.37,986.74,-34.77,-4646.25,1706.25,-350.0,1,53.319,"
1784218580.3548386,"01/01/2000,04:44:01.51,-1008.30,-40.04,3.42,-0.78,3.60,0.66,62.70,31.80,50.55,33.35,14.52,985.64,-35.75,-3841.25,1216.25,-288.75,1,53.319,"
1784218580.3772452,"01/01/2000,04:44:01.53,-1023.44,-55.66,62.01,-1.34,0.88,-1.40,62.25,32.40,50.85,33.59,13.30,985.76,-35.38,-3185.0,455.0,-157.50,1,53.319,"
1784218580.3932898,"01/01/2000,04:44:01.55,-977.54,-34.67,-55.66,-1.02,3.60,-0.59,63.60,31.05,50.55,33.83,13.30,986.74,-32.45,-3552.50,-43.75,-358.75,1,53.319,"
1784218580.4127982,"01/01/2000,04:44:01.57,-1001.46,-16.11,1.46,1.73,3.89,-3.11,63.30,33.15,50.85,33.78,13.66,986.98,-29.28,-4112.50,-148.75,-332.50,1,53.319,"
1784218580.4325013,"01/01/2000,04:44:01.59,-995.61,-22.95,-24.41,-0.54,1.66,-1.27,63.30,31.95,50.10,33.68,13.91,986.13,-28.30,-3928.75,-227.50,-306.25,1,53.319,"
1784218580.4495344,"01/01/2000,04:44:01.61,-1011.23,-2.93,36.13,-0.82,1.75,0.98,61.80,33.15,51.60,33.88,14.03,985.27,-28.18,-2905.0,-61.25,-148.75,1,53.319,"
1784218580.4599798,"01/01/2000,04:44:01.62,-1037.11,-13.18,-5.86,-1.02,3.76,3.83,61.80,33.15,51.60,33.83,13.18,985.64,-26.96,-2686.25,-428.75,-463.75,1,53.319,"
1784218580.48519,"01/01/2000,04:44:01.64,-1015.14,-40.53,63.48,-2.76,2.80,-0.09,63.60,32.25,52.20,33.49,13.42,986.98,-24.40,-3587.50,-761.25,-192.50,1,53.319,"
1784218580.5107763,"01/01/2000,04:44:01.66,-992.19,-5.86,5.37,0.25,3.02,-0.26,62.40,32.55,51.0,33.78,13.66,985.76,-23.30,-3788.75,-586.25,-288.75,1,53.319,"
1784218580.5230644,"01/01/2000,04:44:01.68,-1016.11,-8.79,-60.06,0.08,3.02,-0.21,63.75,32.40,51.15,33.78,13.66,984.42,-25.25,-2572.50,-1181.25,-131.25,1,53.319,"
1784218580.5440574,"01/01/2000,04:44:01.70,-1014.65,-18.07,-9.77,-1.49,3.66,-1.50,63.90,32.55,51.30,33.44,13.91,984.78,-25.38,-2038.75,-805.0,-175.0,1,53.319,"
1784218580.5600846,"01/01/2000,04:44:01.72,-1007.81,-39.06,39.55,-0.90,-0.95,1.10,63.90,32.55,51.30,33.64,14.27,986.13,-23.42,-2266.25,-455.0,-148.75,1,53.319,"
1784218580.5803714,"01/01/2000,04:44:01.74,-1002.44,-24.90,-21.48,-1.38,4.10,-1.93,62.40,31.05,52.20,33.59,13.79,986.25,-19.76,-2082.50,-1032.50,-166.25,1,53.319,"
1784218580.5957792,"01/01/2000,04:44:01.76,-1002.93,-16.60,-18.07,0.34,-4.03,1.0,63.15,33.45,50.55,33.59,13.18,982.10,-22.57,481.25,-2047.50,-210.0,1,53.319,"
1784218580.6364353,"01/01/2000,04:44:01.79,-1006.84,-18.07,15.14,0.78,-2.32,1.83,62.40,32.55,50.55,33.35,12.93,984.42,-23.55,1960.0,-2257.50,-201.25,1,53.319,"
1784218580.6538403,"01/01/2000,04:44:01.81,-1032.71,-28.81,-41.50,2.97,-2.11,1.22,63.30,33.60,49.65,33.68,12.08,986.49,-20.37,1435.0,-3543.75,-245.0,1,53.319,"
1784218580.6741138,"01/01/2000,04:44:01.83,-1008.79,-7.81,-50.78,2.31,-0.51,-0.77,63.15,32.25,51.0,33.59,11.71,986.37,-17.93,1330.0,-4392.50,-131.25,1,53.319,"
1784218580.689131,"01/01/2000,04:44:01.85,-1017.58,-32.23,-31.74,4.50,-1.52,2.79,62.70,33.75,51.30,33.78,12.44,984.30,-18.54,1723.75,-4637.50,-52.50,1,53.319,"
1784218580.7107067,"01/01/2000,04:44:01.87,-1006.84,19.04,35.16,4.81,-3.58,-1.47,61.95,29.85,51.75,33.68,11.47,982.47,-25.13,3683.75,-5766.25,96.25,1,53.319,"
1784218580.7271383,"01/01/2000,04:44:01.88,-1025.39,-24.90,-14.16,3.03,0.37,-0.88,62.40,31.35,52.20,33.64,13.05,983.81,-25.50,4243.75,-4401.25,-140.0,1,53.319,"
1784218580.7446373,"01/01/2000,04:44:01.90,-1017.09,-24.41,-30.76,0.72,-1.65,-0.31,63.30,33.60,50.10,33.59,15.86,985.39,-21.84,2826.25,-1505.0,26.25,1,53.319,"
1784218580.7620788,"01/01/2000,04:44:01.92,-990.72,-15.14,-4.88,0.63,-1.87,-2.35,63.15,31.80,50.55,33.88,18.54,987.71,-15.25,1321.25,455.0,-43.75,1,53.319,"
1784218580.80362,"01/01/2000,04:44:01.96,-1021.00,-10.74,-61.52,-0.69,0.21,-1.12,62.25,31.95,50.85,33.83,15.13,989.42,-13.42,-621.25,-971.25,-96.25,1,53.319,"
1784218580.828216,"01/01/2000,04:44:01.99,-1006.35,-28.81,-0.49,0.25,0.70,-1.91,63.90,32.25,52.20,33.78,14.40,989.30,-15.98,-647.50,-936.25,-280.0,1,53.319,"
1784218580.8604987,"01/01/2000,04:44:02.02,-1001.95,-19.04,-19.04,1.63,-1.49,-0.18,60.90,30.15,52.95,33.44,15.49,984.78,-21.59,656.25,-918.75,-122.50,1,53.319,"
1784218580.8843453,"01/01/2000,04:44:02.04,-999.51,-3.42,-24.90,4.05,1.04,0.69,61.65,32.55,51.0,33.35,15.62,984.78,-22.08,1155.0,-577.50,-236.25,1,53.319,"
1784218580.9010406,"01/01/2000,04:44:02.06,-1010.25,-12.21,-6.84,4.98,-3.31,-0.70,63.30,34.05,50.40,33.49,12.08,983.56,-26.35,3517.50,-3587.50,-131.25,1,53.319,"
1784218580.926639,"01/01/2000,04:44:02.08,-996.09,-20.02,-4.39,2.32,-1.79,1.53,63.60,32.55,52.20,33.78,13.91,986.00,-22.45,2292.50,-2178.75,-210.0,1,53.319,"
1784218580.9577203,"01/01/2000,04:44:02.11,-1021.00,-21.97,-46.88,-1.98,1.40,-1.02,63.15,33.75,51.75,33.59,18.91,987.22,-14.76,-1260.0,1767.50,-218.75,1,53.319,"
1784218580.979372,"01/01/2000,04:44:02.13,-1008.79,0.0,1.95,-2.60,2.26,-1.15,64.35,33.0,51.0,33.78,17.81,990.03,-11.71,-2441.25,1461.25,-245.0,1,53.319,"
1784218580.9935007,"01/01/2000,04:44:02.15,-1008.79,-9.77,-16.60,1.35,4.27,2.69,63.75,33.15,50.40,33.59,14.76,991.49,-13.42,-2065.0,8.75,-192.50,1,53.319,"
1784218581.0125282,"01/01/2000,04:44:02.17,-993.16,-22.95,13.18,1.72,1.72,1.79,63.60,32.55,50.55,33.59,13.30,991.01,-16.71,-2161.25,-490.0,-393.75,1,53.319,"
1784218581.0298254,"01/01/2000,04:44:02.19,-1006.84,-55.66,65.92,3.54,2.33,2.06,61.95,32.55,50.55,33.83,12.44,987.71,-20.74,-945.0,-2038.75,-218.75,1,53.319,"
1784218581.050092,"01/01/2000,04:44:02.21,-1005.86,-32.71,9.77,1.0,-0.57,0.69,63.30,31.65,50.85,33.59,14.27,983.20,-24.03,43.75,-1408.75,-35.0,1,53.319,"
1784218581.0702367,"01/01/2000,04:44:02.23,-1028.81,-8.30,41.50,0.87,-0.52,2.34,63.30,31.65,50.85,33.49,13.54,982.34,-25.74,1548.75,-1750.0,-385.0,1,53.319,"
1784218581.0870974,"01/01/2000,04:44:02.24,-1025.39,-29.30,52.73,-0.28,-3.44,1.24,63.30,33.15,50.85,33.68,14.88,984.30,-25.62,2537.50,-1181.25,-61.25,1,53.319,"
1784218581.1034367,"01/01/2000,04:44:02.26,-1013.18,-24.41,-21.97,0.65,-3.04,0.50,64.50,32.85,50.85,33.59,15.25,984.78,-27.08,3517.50,-367.50,-315.0,1,53.319,"
1784218581.1225624,"01/01/2000,04:44:02.28,-1015.63,-13.18,41.50,-0.85,-1.70,-2.54,63.75,33.15,51.60,33.64,16.10,986.49,-22.57,1951.25,393.75,-341.25,1,53.319,"
1784218581.1371605,"01/01/2000,04:44:02.30,-966.80,-15.14,16.60,-1.19,-0.20,-3.18,64.35,31.80,50.25,33.68,15.37,986.74,-17.32,-131.25,-192.50,-131.25,1,53.319,"
1784218581.159204,"01/01/2000,04:44:02.32,-1031.74,-12.70,-45.90,0.74,2.16,0.95,64.35,31.80,50.25,33.68,13.79,987.35,-14.40,-691.25,-472.50,-612.50,1,53.319,"
1784218581.179642,"01/01/2000,04:44:02.33,-1009.28,-4.88,-40.04,2.56,2.97,-0.14,61.95,34.95,49.80,33.49,14.15,990.40,-13.79,-1172.50,-516.25,-78.75,1,53.319,"
1784218581.1968915,"01/01/2000,04:44:02.36,-1012.70,-9.77,-31.25,0.38,2.23,0.53,64.35,33.0,51.0,33.78,14.15,990.15,-17.93,-1041.25,-857.50,-376.25,1,53.319,"
1784218581.2151144,"01/01/2000,04:44:02.37,-1008.30,-44.43,-11.23,1.63,2.27,-2.50,63.60,33.0,50.55,33.78,15.62,987.22,-21.11,-761.25,-656.25,-87.50,1,53.319,"
1784218581.2320926,"01/01/2000,04:44:02.39,-1016.60,-17.09,38.09,0.95,0.23,-0.29,64.05,32.40,51.15,33.68,15.25,983.56,-23.55,131.25,-446.25,-52.50,1,53.319,"
1784218581.2716503,"01/01/2000,04:44:02.43,-1015.14,-51.76,14.65,3.68,-3.15,0.66,64.95,33.60,52.35,33.88,11.96,983.93,-26.60,3587.50,-2765.0,-306.25,1,53.319,"
1784218581.293447,"01/01/2000,04:44:02.45,-1002.93,-41.99,15.14,0.33,-1.34,1.73,64.95,33.60,52.35,33.64,14.88,986.49,-23.91,2458.75,-551.25,-157.50,1,53.319,"
1784218581.3082454,"01/01/2000,04:44:02.46,-1010.25,-28.32,-26.37,-0.35,0.0,-1.44,64.50,34.05,52.35,33.78,17.45,988.44,-20.13,1076.25,796.25,-385.0,1,53.319,"
1784218581.337733,"01/01/2000,04:44:02.49,-1029.30,-34.67,64.94,-0.34,0.36,1.24,61.95,31.35,52.95,33.49,15.98,989.05,-16.59,-428.75,-201.25,8.75,1,53.319,"
1784218581.356431,"01/01/2000,04:44:02.51,-1021.00,8.30,-25.39,1.60,2.13,0.43,63.30,33.15,50.40,33.59,15.37,990.40,-16.47,-1688.75,848.75,-428.75,1,53.319,"
1784218581.3741498,"01/01/2000,04:44:02.53,-991.21,-17.09,-29.79,-1.21,2.51,1.73,62.40,34.20,51.75,33.64,15.01,990.15,-17.32,-2100.0,840.0,-376.25,1,53.319,"
1784218581.3898165,"01/01/2000,04:44:02.55,-1014.16,5.37,-14.16,-0.89,1.68,-1.37,63.60,31.35,51.0,33.64,14.64,987.83,-19.40,-1793.75,-236.25,-140.0,1,53.319,"
1784218581.4125924,"01/01/2000,04:44:02.57,-1033.20,-5.37,-53.22,-0.04,1.50,-0.25,63.90,32.25,51.75,33.68,15.49,986.00,-21.11,-1575.0,52.50,-227.50,1,53.319,"
1784218581.4462438,"01/01/2000,04:44:02.60,-1042.48,-46.88,-21.48,-1.39,-2.57,0.35,63.60,32.55,50.55,33.59,14.15,985.52,-23.91,656.25,26.25,-341.25,1,53.319,"
1784218581.460635,"01/01/2000,04:44:02.63,-1033.69,-5.86,-39.55,-1.01,-2.05,0.08,64.05,32.85,50.85,33.64,13.42,985.27,-24.16,1277.50,-910.0,-262.50,1,53.319,"
1784218581.5033174,"01/01/2000,04:44:02.66,-1038.09,-21.97,26.86,4.62,-4.69,-1.13,63.60,34.65,50.25,33.49,12.44,982.71,-27.69,3701.25,-2808.75,-192.50,1,53.319,"
1784218581.5272522,"01/01/2000,04:44:02.68,-1011.23,-32.23,-32.71,0.65,-3.69,1.72,64.65,33.0,49.80,33.49,14.40,985.27,-23.18,2625.0,-1067.50,-8.75,1,53.319,"
1784218581.5368326,"01/01/2000,04:44:02.70,-1030.27,-37.11,21.48,-0.63,0.52,0.24,63.75,30.0,52.65,33.59,15.86,987.59,-18.30,962.50,140.0,-411.25,1,53.319,"
1784218581.5578668,"01/01/2000,04:44:02.72,-1011.23,-29.79,30.76,-0.15,-1.33,-1.73,64.05,32.85,51.60,33.83,16.84,988.20,-15.74,-630.0,78.75,70.0,1,53.319,"
1784218581.5751944,"01/01/2000,04:44:02.73,-1066.89,-18.55,5.37,-1.79,-1.47,-1.21,63.90,33.0,50.55,33.44,16.59,988.20,-18.30,-595.0,323.75,-175.0,1,53.319,"
1784218581.5924041,"01/01/2000,04:44:02.75,-1017.09,-19.04,45.41,-2.67,0.47,-1.50,64.50,33.15,52.35,33.44,15.86,989.18,-19.03,-883.75,787.50,-201.25,1,53.319,"
1784218581.6146889,"01/01/2000,04:44:02.77,-1025.88,-23.44,27.83,-1.24,-1.41,-1.92,63.30,31.65,50.85,33.64,14.76,989.42,-20.13,-988.75,350.0,-183.75,1,53.319,"
1784218581.6472516,"01/01/2000,04:44:02.81,-996.09,-14.16,7.81,1.95,-1.01,2.08,64.65,34.95,50.55,33.68,13.42,986.61,-22.45,-183.75,-1793.75,-61.25,1,53.319,"
1784218581.6706357,"01/01/2000,04:44:02.83,-1017.58,-7.81,-2.93,2.56,-2.50,0.96,63.90,33.75,51.75,33.49,12.44,983.08,-28.06,2913.75,-2843.75,-315.0,1,53.319,"
1784218581.687386,"01/01/2000,04:44:02.84,-1007.32,-24.41,2.93,1.04,-3.07,0.67,61.80,31.65,51.90,33.59,14.15,983.08,-30.13,3692.50,-1645.0,17.50,1,53.319,"
1784218581.7043467,"01/01/2000,04:44:02.86,-1043.46,-27.83,-28.32,1.73,-3.09,0.35,63.60,33.45,51.75,33.35,15.62,984.42,-29.52,4077.50,-761.25,-140.0,1,53.319,"
1784218581.7271678,"01/01/2000,04:44:02.88,-1008.79,-38.57,97.17,-2.20,-4.14,1.62,64.65,33.0,50.25,33.59,15.98,986.25,-25.50,2835.0,-140.0,-306.25,1,53.319,"
1784218581.7376678,"01/01/2000,04:44:02.90,-1023.44,12.21,-54.20,-0.08,-2.72,-1.53,65.85,31.05,52.50,33.64,16.59,987.83,-19.40,525.0,0.0,-70.0,1,53.319,"
1784218581.760013,"01/01/2000,04:44:02.92,-1045.41,3.42,-25.39,-0.31,-2.56,-1.11,65.10,31.35,52.20,33.83,15.37,988.93,-17.93,-350.0,-245.0,-332.50,1,53.319,"
1784218581.777383,"01/01/2000,04:44:02.93,-979.49,-9.77,-21.97,-0.50,0.74,-0.95,64.95,34.05,50.85,33.68,14.64,990.03,-18.79,-568.75,-551.25,-131.25,1,53.319,"
1784218581.7933464,"01/01/2000,04:44:02.95,-1008.79,-14.16,0.0,1.53,0.95,0.39,63.30,32.85,50.40,33.64,14.64,989.66,-22.08,140.0,-848.75,-262.50,1,53.319,"
1784218581.8226018,"01/01/2000,04:44:02.97,-989.26,-26.86,45.41,0.76,-0.32,-0.72,63.75,32.85,51.60,33.64,15.37,986.74,-24.40,708.75,-542.50,-253.75,1,53.319,"
1784218581.843857,"01/01/2000,04:44:03.00,-1014.65,-9.28,67.87,-1.01,0.53,1.11,64.05,32.40,51.90,33.44,15.49,983.08,-25.99,1566.25,-673.75,-131.25,1,53.319,"
1784218581.8600466,"01/01/2000,04:44:03.02,-1013.18,-28.81,-18.07,-0.12,0.03,1.22,64.05,32.85,53.10,33.35,14.15,986.86,-26.47,1312.50,-1260.0,-131.25,1,53.319,"
1784218581.8781164,"01/01/2000,04:44:03.04,-1018.07,-16.60,-39.55,-1.34,-1.11,1.61,64.95,33.60,51.90,33.30,14.15,989.79,-27.08,892.50,-700.0,-262.50,1,53.319,"
1784218581.9039943,"01/01/2000,04:44:03.06,-1025.88,-42.97,55.66,-1.13,-1.74,-0.06,64.65,32.55,51.75,33.59,15.86,987.96,-24.28,-245.0,358.75,-253.75,1,53.319,"
1784218581.916642,"01/01/2000,04:44:03.07,-1018.55,-1.46,-22.95,-0.80,1.95,0.09,64.95,32.40,51.15,33.83,15.62,985.27,-23.79,-183.75,-271.25,-183.75,1,53.319,"
1784218581.9271343,"01/01/2000,04:44:03.09,-1025.88,-8.30,-9.77,-0.76,-0.76,-0.98,65.10,33.45,50.55,33.83,15.01,985.64,-24.52,-201.25,-297.50,-315.0,1,53.319,"
1784218581.9550703,"01/01/2000,04:44:03.11,-1018.07,-18.07,-8.79,0.79,-1.19,-0.82,65.10,31.80,51.0,33.78,13.79,986.49,-27.33,1181.25,-1137.50,-140.0,1,53.319,"
1784218581.9768236,"01/01/2000,04:44:03.13,-986.33,-32.23,12.21,1.47,-2.32,-0.31,65.70,32.85,51.90,33.49,13.91,987.22,-27.94,1330.0,-700.0,-498.75,1,53.319,"
1784218581.9934537,"01/01/2000,04:44:03.15,-997.07,-13.67,16.60,-1.92,-2.11,-1.17,65.40,33.0,50.55,33.88,14.76,986.25,-27.57,1190.0,-1050.0,26.25,1,53.319,"
1784218582.0032833,"01/01/2000,04:44:03.16,-1003.42,-10.25,-3.42,1.15,-0.59,1.24,64.95,32.85,51.15,33.83,14.64,984.30,-28.55,2222.50,-1400.0,-192.50,1,53.319,"
1784218582.0285342,"01/01/2000,04:44:03.19,-1041.50,-10.74,9.77,0.69,-0.94,0.72,65.85,30.60,51.75,33.49,15.01,985.88,-27.45,1513.75,-1102.50,-87.50,1,53.319,"
1784218582.044082,"01/01/2000,04:44:03.20,-1012.21,2.93,-62.99,-0.98,-3.50,-0.89,64.05,33.60,51.90,33.64,15.37,986.61,-26.72,1146.25,-840.0,-131.25,1,53.319,"
1784218582.0656419,"01/01/2000,04:44:03.22,-1027.34,-50.29,-4.88,-0.44,-2.75,-0.47,63.75,33.60,52.65,33.64,15.49,986.13,-24.28,498.75,87.50,-533.75,1,53.319,"
1784218582.1019325,"01/01/2000,04:44:03.26,-1021.00,-24.90,-20.51,-0.71,-0.08,1.15,63.75,32.85,50.40,33.49,15.86,988.57,-24.03,-1058.75,245.0,-385.0,1,53.319,"
1784218582.1230018,"01/01/2000,04:44:03.28,-1030.76,-44.92,-1.95,-2.27,2.34,-0.15,64.05,32.40,50.40,33.68,15.86,990.03,-24.52,-1207.50,280.0,-201.25,1,53.319,"
1784218582.1368165,"01/01/2000,04:44:03.29,-1008.79,-21.48,33.20,-1.85,2.76,-1.54,65.70,32.85,51.60,33.68,15.37,990.03,-25.74,-1093.75,-52.50,-341.25,1,53.319,"
1784218582.1572928,"01/01/2000,04:44:03.32,-981.45,1.95,-12.21,2.10,0.37,-1.01,64.65,33.0,51.0,33.44,13.91,986.37,-28.67,87.50,-1067.50,-245.0,1,53.319,"
1784218582.1773336,"01/01/2000,04:44:03.33,-1036.13,-14.65,68.85,0.82,-2.48,1.45,64.65,32.25,51.30,33.64,13.05,983.93,-31.96,1706.25,-2450.0,-43.75,1,53.319,"
1784218582.193792,"01/01/2000,04:44:03.35,-1008.79,-34.67,-29.30,0.65,-2.96,-3.02,65.40,33.75,50.55,33.44,13.91,984.30,-34.04,2476.25,-1592.50,-280.0,1,53.319,"
1784218582.230872,"01/01/2000,04:44:03.39,-1025.88,-28.81,70.31,0.91,-0.56,0.35,64.50,33.15,51.60,33.68,15.62,986.00,-29.52,1776.25,-726.25,-280.0,1,53.319,"
1784218582.248173,"01/01/2000,04:44:03.41,-992.19,-32.23,26.37,0.04,-0.39,-1.83,65.25,31.95,51.90,33.68,15.86,986.49,-26.72,743.75,-691.25,-17.50,1,53.319,"
1784218582.2651281,"01/01/2000,04:44:03.42,-1027.34,-14.16,29.30,0.66,0.95,0.66,64.50,33.15,51.15,33.64,15.74,986.86,-25.50,516.25,-183.75,-166.25,1,53.319,"
1784218582.2824135,"01/01/2000,04:44:03.44,-997.56,-2.93,-63.48,-1.23,0.57,0.94,64.35,32.55,51.75,33.64,15.37,988.08,-24.40,-358.75,-70.0,-253.75,1,53.319,"
1784218582.305267,"01/01/2000,04:44:03.46,-1032.23,-22.46,-15.63,1.24,0.31,1.13,64.50,32.85,51.90,33.64,15.13,988.32,-24.28,-848.75,-428.75,-218.75,1,53.319,"
1784218582.3267326,"01/01/2000,04:44:03.48,-1035.64,-43.95,-9.28,0.16,0.52,-0.76,63.75,33.60,52.35,33.68,14.88,986.37,-26.35,-297.50,-787.50,-280.0,1,53.319,"
1784218582.3448792,"01/01/2000,04:44:03.50,-1021.48,-11.23,13.18,0.76,1.40,0.58,62.40,33.0,55.95,33.78,15.01,986.00,-29.65,665.0,-1006.25,-61.25,1,53.319,"
1784218582.3700974,"01/01/2000,04:44:03.53,-1011.72,-20.51,-9.28,-1.17,-0.21,0.27,64.95,31.95,51.15,33.64,14.40,986.86,-31.60,892.50,-691.25,-253.75,1,53.319,"
1784218582.3851585,"01/01/2000,04:44:03.54,-1011.23,-27.83,0.0,1.69,-2.82,0.50,66.0,32.85,51.90,33.44,14.64,986.25,-31.48,997.50,-726.25,-245.0,1,53.319,"
1784218582.3992057,"01/01/2000,04:44:03.56,-1018.55,-18.07,25.39,0.12,-1.34,0.66,64.50,31.20,51.90,33.59,14.88,985.27,-30.99,962.50,-813.75,-262.50,1,53.319,"
1784218582.4195368,"01/01/2000,04:44:03.58,-1012.21,-38.57,40.04,1.84,-0.96,-1.09,65.70,32.40,53.10,33.78,15.86,986.25,-29.28,201.25,-183.75,-157.50,1,53.319,"
1784218582.4423845,"01/01/2000,04:44:03.60,-1013.18,-53.22,69.82,0.58,0.14,-0.02,64.95,31.95,52.65,33.64,15.62,987.22,-27.33,-446.25,26.25,-350.0,1,53.319,"
1784218582.4572132,"01/01/2000,04:44:03.62,-1041.99,-23.44,49.80,0.41,0.15,-0.68,66.0,32.85,52.65,33.83,14.88,987.35,-27.08,-472.50,-542.50,-183.75,1,53.319,"
1784218582.4922862,"01/01/2000,04:44:03.65,-1034.18,-12.21,-7.81,-1.25,1.16,-1.08,65.70,32.40,52.65,33.30,14.88,986.74,-29.77,455.0,-761.25,-245.0,1,53.319,"
1784218582.5132358,"01/01/2000,04:44:03.67,-1022.95,-30.27,53.22,0.53,-1.38,-0.41,64.50,32.40,51.15,33.64,15.13,985.64,-30.01,420.0,-883.75,-122.50,1,53.319,"
1784218582.5271928,"01/01/2000,04:44:03.69,-1006.84,-39.55,-21.00,0.19,1.37,2.14,63.0,30.75,55.35,33.68,15.86,984.05,-29.65,420.0,-463.75,-122.50,1,53.319,"
1784218582.5543816,"01/01/2000,04:44:03.71,-1023.93,-10.25,-31.74,0.53,-2.13,-0.76,65.10,33.45,53.70,33.59,15.37,984.91,-29.52,271.25,-560.0,-297.50,1,53.319,"
1784218582.5687442,"01/01/2000,04:44:03.73,-1002.93,-36.62,8.30,2.44,0.38,1.81,65.25,32.40,51.90,33.78,14.88,987.22,-30.50,358.75,-848.75,-227.50,1,53.319,"
1784218582.591714,"01/01/2000,04:44:03.74,-1008.30,-6.35,-29.79,0.08,-0.64,-0.34,65.70,32.40,52.65,33.64,14.76,987.71,-31.11,953.75,-866.25,-341.25,1,53.319,"
1784218582.6035197,"01/01/2000,04:44:03.76,-978.52,-17.58,-26.86,0.0,0.69,0.94,64.95,32.85,52.65,33.78,15.13,987.47,-30.74,831.25,-857.50,-218.75,1,53.319,"
1784218582.628517,"01/01/2000,04:44:03.78,-1004.39,-9.77,-15.14,-0.17,1.32,-1.24,64.95,33.60,52.35,33.83,15.74,987.10,-29.40,376.25,-621.25,-201.25,1,53.319,"
1784218582.6592352,"01/01/2000,04:44:03.82,-986.82,-13.18,46.88,0.16,-0.73,-1.77,64.65,33.0,51.30,33.35,15.25,986.98,-29.04,-35.0,-472.50,-201.25,1,53.319,"
1784218582.6939192,"01/01/2000,04:44:03.85,-1014.65,-14.65,1.95,0.08,-0.77,-0.96,64.95,33.60,52.35,33.49,14.88,984.30,-28.30,1111.25,-901.25,-183.75,1,53.319,"
1784218582.7153947,"01/01/2000,04:44:03.87,-1014.16,-46.39,23.93,0.50,-2.51,1.68,63.60,31.05,54.45,33.68,15.37,984.42,-25.13,1697.50,-761.25,-236.25,1,53.319,"
1784218582.7267694,"01/01/2000,04:44:03.89,-1013.18,-28.32,-35.64,0.04,0.76,-1.66,63.60,31.05,54.45,33.49,15.98,985.76,-21.72,1190.0,-428.75,-70.0,1,53.319,"
1784218582.769323,"01/01/2000,04:44:03.92,-1011.72,-11.72,-18.55,0.71,-0.33,-1.59,64.05,33.60,53.40,33.68,15.62,989.18,-20.01,-551.25,-656.25,-262.50,1,53.319,"
1784218582.7933588,"01/01/2000,04:44:03.95,-1016.11,-4.88,-18.07,0.81,-2.36,-0.92,63.90,31.80,51.30,33.88,14.52,985.88,-22.81,936.25,-875.0,-306.25,1,53.319,"
1784218582.8036673,"01/01/2000,04:44:03.96,-1003.42,-7.81,-18.07,-1.56,-3.45,2.59,63.90,33.0,51.75,33.25,14.27,984.91,-23.67,2117.50,-1190.0,-166.25,1,53.319,"
1784218582.8238328,"01/01/2000,04:44:03.98,-1013.67,-34.18,8.30,-2.36,-2.51,-0.04,65.70,32.40,53.40,33.83,15.01,985.64,-21.59,1942.50,-603.75,-262.50,1,53.319,"
1784218582.8435295,"01/01/2000,04:44:04.00,-1018.07,1.46,-25.88,0.99,2.10,1.93,63.75,30.45,54.60,33.78,15.74,986.98,-18.06,892.50,-358.75,-87.50,1,53.319,"
1784218582.8600848,"01/01/2000,04:44:04.03,-1007.32,-28.32,44.43,-1.01,0.20,1.36,64.95,32.40,54.15,33.49,15.25,987.22,-18.79,551.25,-980.0,-87.50,1,53.319,"
1784218582.8894129,"01/01/2000,04:44:04.05,-1000.0,-9.77,-40.04,2.47,0.69,-0.35,65.40,32.55,52.20,33.64,15.13,986.98,-21.72,726.25,-603.75,-280.0,1,53.319,"
1784218582.9061112,"01/01/2000,04:44:04.06,-1039.55,-35.16,5.86,1.11,0.55,3.09,64.05,33.15,52.65,33.44,14.76,986.25,-24.16,1032.50,-665.0,-288.75,1,53.319,"
1784218582.9268415,"01/01/2000,04:44:04.09,-947.75,4.39,-40.04,0.78,-0.05,2.01,64.05,33.15,53.10,33.68,15.37,984.91,-24.64,1120.0,-507.50,-358.75,1,53.319,"
1784218582.9620416,"01/01/2000,04:44:04.12,-1011.23,-29.30,38.57,-0.89,1.63,-1.47,63.75,33.60,52.35,33.44,15.62,988.44,-25.38,87.50,-437.50,-148.75,1,53.319,"
1784218582.9774182,"01/01/2000,04:44:04.14,-1010.25,-27.34,-4.88,-0.11,-0.18,2.65,66.60,32.25,52.20,33.64,14.88,988.20,-28.06,341.25,-647.50,-271.25,1,53.319,"
1784218583.0005174,"01/01/2000,04:44:04.16,-1018.55,-59.57,74.22,-0.66,-0.70,1.94,64.65,33.0,51.30,33.49,14.88,985.64,-30.87,822.50,-840.0,-175.0,1,53.319,"
1784218583.018118,"01/01/2000,04:44:04.18,-1031.25,-29.79,41.02,-1.54,1.15,1.18,65.70,34.05,53.10,33.78,14.88,985.15,-31.23,638.75,-726.25,-253.75,1,53.319,"
1784218583.0434992,"01/01/2000,04:44:04.19,-1016.11,-25.88,-11.23,3.41,-1.83,0.67,64.95,32.40,52.65,33.64,15.13,986.00,-30.99,96.25,-621.25,-140.0,1,53.319,"
1784218583.0556824,"01/01/2000,04:44:04.21,-1029.79,-34.67,14.16,-0.80,-0.33,-1.88,64.65,33.45,51.75,33.68,15.37,987.10,-31.72,245.0,-630.0,-262.50,1,53.319,"
1784218583.0782778,"01/01/2000,04:44:04.23,-1000.98,-14.65,-24.90,1.04,-0.62,-1.36,64.65,33.0,52.50,33.64,14.88,986.74,-32.94,490.0,-840.0,-271.25,1,53.319,"
1784218583.0939958,"01/01/2000,04:44:04.25,-999.51,-22.95,4.88,0.01,1.15,-0.13,65.70,33.60,52.35,33.49,14.88,986.00,-33.43,420.0,-656.25,-420.0,1,53.319,"
1784218583.1107068,"01/01/2000,04:44:04.27,-995.61,-14.16,3.91,-0.80,0.63,-1.19,65.70,32.85,53.10,33.64,14.76,986.00,-33.43,420.0,-533.75,-262.50,1,53.319,"
1784218583.126698,"01/01/2000,04:44:04.29,-1013.18,-41.02,26.86,-1.36,-0.71,-1.08,65.10,33.0,52.20,33.49,15.13,986.49,-33.67,332.50,-673.75,-210.0,1,53.319,"
1784218583.1461568,"01/01/2000,04:44:04.30,-1019.53,-13.67,-15.63,0.56,-1.47,-1.12,65.10,32.55,54.0,33.64,15.25,986.49,-34.16,428.75,-630.0,-166.25,1,53.319,"
1784218583.163666,"01/01/2000,04:44:04.32,-1021.00,-11.23,107.42,0.54,-1.28,-0.61,65.10,33.75,51.75,33.49,15.25,986.00,-34.40,463.75,-726.25,-122.50,1,53.319,"
1784218583.180124,"01/01/2000,04:44:04.34,-1024.90,-9.28,48.83,0.83,-0.45,1.84,65.10,33.75,52.50,33.68,15.01,985.88,-34.53,218.75,-603.75,-157.50,1,53.319,"
1784218583.2011766,"01/01/2000,04:44:04.36,-1042.97,3.42,-2.44,0.47,-1.61,-0.56,65.85,32.25,52.20,33.64,14.88,986.25,-34.77,350.0,-708.75,-113.75,1,53.319,"
1784218583.2186644,"01/01/2000,04:44:04.38,-999.02,-10.74,-22.46,-0.95,1.74,0.15,65.40,33.45,54.0,33.78,14.64,986.25,-34.77,297.50,-700.0,-218.75,1,53.319,"
1784218583.2364478,"01/01/2000,04:44:04.39,-1012.21,-31.74,3.91,-0.65,-0.44,1.0,64.65,32.25,52.20,33.68,15.01,986.25,-34.89,358.75,-735.0,-288.75,1,53.319,"
1784218583.2590525,"01/01/2000,04:44:04.41,-1007.81,-8.79,-28.81,-0.39,0.85,-1.01,65.10,32.55,52.50,33.35,15.01,986.00,-35.01,332.50,-560.0,-218.75,1,53.319,"
1784218583.2704601,"01/01/2000,04:44:04.43,-1000.98,12.70,-27.83,-0.21,1.14,-0.10,63.90,31.80,54.0,33.97,15.01,986.13,-35.26,306.25,-665.0,-420.0,1,53.319,"
1784218583.2914917,"01/01/2000,04:44:04.45,-992.68,3.42,-7.32,0.10,-0.50,2.19,66.30,32.55,53.70,33.30,14.76,986.13,-35.50,437.50,-647.50,-227.50,1,53.319,"
1784218583.308064,"01/01/2000,04:44:04.47,-1008.79,-6.84,-1.46,1.67,0.19,-0.02,65.85,32.55,53.25,33.68,14.76,986.25,-35.38,323.75,-717.50,-140.0,1,53.319,"
1784218583.3266826,"01/01/2000,04:44:04.49,-1016.11,-12.70,5.86,0.31,0.01,1.17,65.85,33.75,52.20,33.49,14.76,986.25,-35.38,192.50,-700.0,-341.25,1,53.319,"
1784218583.347128,"01/01/2000,04:44:04.50,-1022.46,-39.06,86.43,0.69,-1.70,0.98,64.65,32.55,52.95,33.59,15.25,986.13,-35.26,227.50,-682.50,-131.25,1,53.319,"
1784218583.3883424,"01/01/2000,04:44:04.55,-1006.35,-52.73,4.39,2.19,0.95,1.41,62.25,31.20,56.55,33.49,14.88,986.13,-35.38,166.25,-656.25,-183.75,1,53.319,"
1784218583.4121394,"01/01/2000,04:44:04.57,-1006.35,0.0,22.95,3.79,-0.27,-0.05,66.90,32.40,53.40,33.44,15.13,986.13,-35.38,315.0,-717.50,-315.0,1,53.319,"
1784218583.4285626,"01/01/2000,04:44:04.59,-1035.64,-45.90,26.86,0.67,0.21,-2.66,64.65,33.75,54.45,33.49,15.25,986.37,-35.62,201.25,-787.50,-245.0,1,53.319,"
1784218583.4434383,"01/01/2000,04:44:04.60,-1015.63,-33.69,-33.20,-1.01,-0.74,1.56,64.05,32.40,52.35,33.88,15.25,986.00,-35.62,420.0,-533.75,-227.50,1,53.319,"
1784218583.4604833,"01/01/2000,04:44:04.62,-1025.39,-43.46,58.59,1.18,-2.75,-0.82,65.85,33.0,51.75,33.49,15.13,986.37,-35.75,236.25,-691.25,-70.0,1,53.319,"
1784218583.4886267,"01/01/2000,04:44:04.64,-1030.27,-1.95,12.21,0.38,-1.13,1.85,64.65,31.80,51.75,33.59,15.13,986.13,-35.87,323.75,-673.75,-183.75,1,53.319,"
1784218583.5161893,"01/01/2000,04:44:04.68,-1002.44,-8.79,1.46,0.50,-1.19,1.53,65.25,33.60,53.10,33.64,15.13,986.25,-35.99,341.25,-700.0,-306.25,1,53.319,"
1784218583.5371935,"01/01/2000,04:44:04.70,-1020.51,-7.81,58.11,0.27,-0.63,-0.22,64.05,33.60,53.10,33.64,15.25,986.00,-35.99,166.25,-638.75,-288.75,1,53.319,"
1784218583.5555785,"01/01/2000,04:44:04.71,-1006.84,-29.30,57.13,-1.48,0.55,-1.30,63.60,32.55,52.95,33.59,15.01,986.00,-36.11,218.75,-770.0,-262.50,1,53.319,"
1784218583.5730703,"01/01/2000,04:44:04.73,-998.54,-11.72,-27.83,2.40,-0.69,-1.78,64.50,32.40,53.10,33.68,15.01,986.00,-36.23,218.75,-682.50,-306.25,1,53.319,"
1784218583.5900319,"01/01/2000,04:44:04.75,-1000.0,2.93,48.34,0.74,1.11,1.83,65.85,31.80,51.75,33.68,15.13,986.00,-36.11,428.75,-656.25,-236.25,1,53.319,"
1784218583.610727,"01/01/2000,04:44:04.77,-993.16,-5.86,-38.09,1.23,-0.04,0.05,64.95,32.85,51.90,33.83,15.37,986.13,-36.11,236.25,-752.50,-175.0,1,53.319,"
1784218583.644255,"01/01/2000,04:44:04.80,-1033.69,-34.67,20.51,-0.15,1.23,1.74,65.70,33.15,53.10,33.25,15.37,986.00,-36.36,280.0,-743.75,-148.75,1,53.319,"
1784218583.6843648,"01/01/2000,04:44:04.84,-1028.81,-18.07,-46.88,-0.24,0.94,2.47,65.25,33.60,53.10,33.59,15.13,986.25,-36.23,148.75,-682.50,-210.0,1,53.319,"
1784218583.7011259,"01/01/2000,04:44:04.86,-1012.70,-35.16,24.41,-0.21,-0.79,-0.24,63.60,34.65,54.0,33.64,15.25,986.00,-36.36,315.0,-612.50,-315.0,1,53.319,"
1784218583.717436,"01/01/2000,04:44:04.88,-1033.69,-3.91,-58.11,2.02,-0.65,0.85,64.65,33.0,51.75,33.35,15.01,986.00,-36.48,262.50,-700.0,-210.0,1,53.319,"
1784218583.7267199,"01/01/2000,04:44:04.89,-1009.77,-40.53,10.25,0.51,0.17,-2.11,63.90,34.95,51.75,33.83,15.13,986.13,-36.60,288.75,-682.50,-297.50,1,53.319,"
1784218583.757018,"01/01/2000,04:44:04.91,-1021.97,-36.13,54.20,-0.10,-2.30,0.61,63.75,29.55,51.75,33.35,15.01,986.25,-36.60,236.25,-682.50,-253.75,1,53.319,"
1784218583.773745,"01/01/2000,04:44:04.93,-990.23,-26.37,26.37,-0.32,-1.40,1.31,63.75,29.55,55.80,33.68,15.13,986.00,-36.72,218.75,-735.0,-148.75,1,53.319,"
1784218583.7937865,"01/01/2000,04:44:04.95,-1001.95,-49.80,15.14,3.48,-1.28,-0.63,64.05,32.85,52.65,33.64,15.25,985.76,-36.84,192.50,-551.25,-297.50,1,53.319,"
1784218583.8125734,"01/01/2000,04:44:04.97,-1014.16,-10.25,20.02,-2.18,-0.76,-0.13,64.65,33.45,52.95,33.49,15.01,986.00,-36.60,332.50,-647.50,-201.25,1,53.319,"
1784218583.8464317,"01/01/2000,04:44:05.01,-1013.18,8.30,6.84,-0.19,0.36,-2.18,64.95,33.15,53.10,33.49,14.88,986.00,-36.36,288.75,-621.25,-201.25,1,53.319,"
1784218583.870185,"01/01/2000,04:44:05.02,-1022.46,-42.48,-17.09,0.50,-2.47,-1.66,65.70,32.85,53.10,33.64,14.88,985.88,-36.36,52.50,-735.0,-297.50,1,53.319,"
1784218583.8863583,"01/01/2000,04:44:05.04,-1007.81,-7.32,-24.90,-1.10,-2.08,0.25,66.45,33.60,53.85,33.44,15.13,986.13,-36.60,280.0,-586.25,-280.0,1,53.319,"
1784218583.9109313,"01/01/2000,04:44:05.07,-1010.74,-39.06,32.71,0.49,0.46,-0.93,63.15,31.05,55.50,33.68,15.13,986.25,-36.60,43.75,-700.0,-367.50,1,53.319,"
1784218583.9267514,"01/01/2000,04:44:05.09,-1016.11,-27.34,35.16,-0.88,-0.28,0.53,65.85,32.25,52.20,33.44,15.25,986.25,-36.72,227.50,-621.25,-140.0,1,53.319,"
1784218583.9558675,"01/01/2000,04:44:05.11,-1003.91,4.39,19.53,-0.82,-0.12,-2.52,65.70,31.95,53.85,33.64,15.13,986.25,-36.72,245.0,-682.50,-245.0,1,53.319,"
1784218583.9859486,"01/01/2000,04:44:05.14,-1009.77,-21.00,-19.04,1.34,0.56,0.07,63.15,33.45,53.25,33.64,15.25,986.00,-36.84,87.50,-673.75,-175.0,1,53.319,"
1784218584.00272,"01/01/2000,04:44:05.16,-1006.84,-67.38,32.71,-1.11,-1.02,-0.79,64.95,31.95,53.10,33.64,15.25,986.00,-36.97,166.25,-603.75,-201.25,1,53.319,"
1784218584.0290315,"01/01/2000,04:44:05.18,-1035.16,-55.66,82.03,-2.18,0.94,0.49,64.65,34.95,52.20,33.64,15.25,986.25,-36.84,323.75,-726.25,-271.25,1,53.319,"
1784218584.043532,"01/01/2000,04:44:05.20,-1017.58,-11.72,7.81,3.47,0.81,2.45,64.95,31.65,51.90,33.59,15.13,986.00,-36.84,140.0,-665.0,-227.50,1,53.319,"
1784218584.0590487,"01/01/2000,04:44:05.22,-1011.72,-10.25,0.98,0.89,-0.66,-3.40,65.10,33.0,52.20,33.59,15.13,986.00,-36.72,192.50,-735.0,-210.0,1,53.319,"
1784218584.0702477,"01/01/2000,04:44:05.23,-1016.60,-17.09,59.08,-0.16,-0.85,-2.0,64.95,31.20,53.10,33.68,15.25,986.13,-36.60,210.0,-700.0,-131.25,1,53.319,"
1784218584.113666,"01/01/2000,04:44:05.27,-1017.09,-26.37,6.35,0.92,0.02,-1.66,64.65,33.0,52.20,33.68,15.13,986.13,-36.48,166.25,-726.25,-201.25,1,53.319,"
1784218584.1369617,"01/01/2000,04:44:05.29,-1005.37,-42.97,-2.93,-0.76,-0.12,-2.32,65.10,33.0,51.30,33.64,15.25,985.88,-36.48,271.25,-568.75,-262.50,1,53.319,"
1784218584.155856,"01/01/2000,04:44:05.31,-1026.37,-33.69,47.85,0.08,0.58,2.59,65.70,33.15,52.35,33.64,15.25,986.00,-36.48,253.75,-708.75,-175.0,1,53.319,"
1784218584.170247,"01/01/2000,04:44:05.33,-1019.04,-11.23,66.41,-0.29,0.37,2.08,65.25,31.20,52.65,33.49,15.25,986.00,-36.72,306.25,-638.75,-201.25,1,53.319,"
1784218584.187457,"01/01/2000,04:44:05.34,-1035.16,-40.53,-21.00,-0.09,-0.19,-3.09,62.25,32.85,53.40,33.44,15.25,986.00,-36.72,271.25,-752.50,-236.25,1,53.319,"
1784218584.2136614,"01/01/2000,04:44:05.36,-1003.42,5.37,-2.44,1.08,-1.34,0.10,64.95,31.65,52.35,33.35,15.37,986.00,-36.72,96.25,-586.25,-236.25,1,53.319,"
1784218584.228088,"01/01/2000,04:44:05.38,-1014.65,-5.86,-13.67,-0.82,-1.77,1.02,64.65,33.45,51.75,33.59,15.13,986.00,-37.09,131.25,-586.25,-245.0,1,53.319,"
1784218584.243379,"01/01/2000,04:44:05.40,-1024.90,-23.44,-3.42,0.02,-1.44,-1.05,64.50,32.85,52.35,33.35,15.01,985.88,-37.09,271.25,-796.25,-280.0,1,53.319,"
1784218584.2601051,"01/01/2000,04:44:05.42,-1000.98,-7.32,25.88,1.79,0.37,-0.07,65.25,32.40,51.60,33.64,15.13,986.13,-36.97,157.50,-673.75,-227.50,1,53.319,"
1784218584.2770612,"01/01/2000,04:44:05.44,-1028.32,-51.27,85.94,-0.27,-0.40,1.11,67.35,31.80,52.95,33.49,15.13,986.00,-36.97,148.75,-726.25,-210.0,1,53.319,"
1784218584.3163857,"01/01/2000,04:44:05.47,-1012.21,-6.35,-5.86,-0.87,0.95,-1.05,64.35,33.0,52.95,33.68,15.13,985.88,-37.09,148.75,-726.25,-105.0,1,53.319,"
1784218584.332831,"01/01/2000,04:44:05.49,-1030.76,-32.23,57.13,-0.21,-0.56,0.01,65.10,32.25,52.95,33.44,15.01,986.00,-37.09,262.50,-831.25,-245.0,1,53.319,"
1784218584.3510282,"01/01/2000,04:44:05.51,-1036.62,-21.48,62.99,0.33,-1.19,-1.46,65.10,33.0,52.95,33.83,15.13,986.13,-37.09,227.50,-603.75,-253.75,1,53.319,"
1784218584.376842,"01/01/2000,04:44:05.53,-1007.32,-10.74,31.25,1.71,0.82,2.96,65.70,33.60,51.90,33.78,15.01,986.00,-37.09,148.75,-682.50,-350.0,1,53.319,"
1784218584.3938243,"01/01/2000,04:44:05.55,-989.26,-34.67,-43.46,1.54,0.10,-1.03,64.50,33.60,52.35,33.64,15.25,986.13,-37.33,78.75,-717.50,-271.25,1,53.319,"
1784218584.4313745,"01/01/2000,04:44:05.59,-1027.83,-24.41,-11.72,-0.07,-0.34,-0.38,65.40,33.75,52.95,33.64,15.25,986.00,-37.33,227.50,-656.25,-218.75,1,53.319,"
1784218584.4703393,"01/01/2000,04:44:05.63,-1019.04,6.35,-34.67,0.11,-0.07,1.76,66.0,33.60,52.65,33.68,15.01,986.13,-37.33,166.25,-673.75,-210.0,1,53.319,"
1784218584.4881842,"01/01/2000,04:44:05.65,-1029.30,-30.27,74.71,0.25,-0.43,-1.18,64.50,31.95,51.90,33.78,15.01,985.76,-37.58,315.0,-630.0,-280.0,1,53.319,"
1784218584.5102797,"01/01/2000,04:44:05.67,-1010.25,-0.98,-47.85,1.34,0.22,0.94,62.70,30.15,54.45,33.59,15.13,986.13,-37.45,183.75,-761.25,-245.0,1,53.319,"
1784218584.526791,"01/01/2000,04:44:05.68,-1014.16,-25.88,48.34,0.14,1.28,-1.03,62.70,30.15,54.45,33.44,15.13,986.00,-37.33,227.50,-595.0,-245.0,1,53.319,"
1784218584.5369637,"01/01/2000,04:44:05.70,-990.23,0.98,14.16,-1.79,0.30,-1.23,65.10,33.0,53.70,33.83,15.25,986.13,-37.09,-8.75,-673.75,-218.75,1,53.319,"
1784218584.5603647,"01/01/2000,04:44:05.72,-1040.04,-36.62,43.95,1.02,0.46,-0.45,65.25,31.95,52.35,33.78,15.13,986.00,-37.21,297.50,-533.75,-227.50,1,53.319,"
1784218584.5767467,"01/01/2000,04:44:05.74,-999.02,0.98,36.62,0.79,1.25,1.66,67.05,33.0,53.25,33.35,14.88,986.00,-37.58,210.0,-726.25,-271.25,1,53.319,"
1784218584.5941062,"01/01/2000,04:44:05.76,-1015.14,-17.58,16.11,-0.07,0.04,0.77,63.30,32.85,53.40,33.49,14.88,986.13,-37.45,201.25,-770.0,-245.0,1,53.319,"
1784218584.6168709,"01/01/2000,04:44:05.77,-992.19,-47.36,-27.83,0.63,0.87,0.24,64.65,33.0,52.20,33.44,15.01,986.25,-37.33,201.25,-735.0,-332.50,1,53.319,"
1784218584.6321867,"01/01/2000,04:44:05.79,-1015.63,-28.81,70.31,-0.49,0.73,0.41,64.50,32.85,53.40,33.30,15.49,985.88,-37.33,166.25,-691.25,-148.75,1,53.319,"
1784218584.6537654,"01/01/2000,04:44:05.81,-1045.90,-55.18,54.69,0.69,0.18,1.24,64.35,33.45,51.75,33.68,15.37,985.76,-37.33,376.25,-507.50,-323.75,1,53.319,"
1784218584.691663,"01/01/2000,04:44:05.85,-1002.44,-21.00,-46.39,-0.44,-1.0,-0.81,66.30,32.55,52.50,33.44,15.01,986.00,-37.21,218.75,-568.75,-218.75,1,53.319,"
1784218584.710154,"01/01/2000,04:44:05.87,-1010.74,-23.44,-21.00,0.04,0.90,-0.49,62.55,29.25,55.05,33.68,15.13,986.25,-37.09,192.50,-647.50,-288.75,1,53.319,"
1784218584.726745,"01/01/2000,04:44:05.88,-1010.74,-12.70,3.42,1.01,-0.13,0.51,62.55,29.25,55.05,33.68,15.25,986.25,-37.21,218.75,-717.50,-140.0,1,53.319,"
1784218584.7436967,"01/01/2000,04:44:05.90,-1025.39,-21.00,71.29,-2.41,0.16,0.18,65.10,31.80,52.20,33.68,15.37,986.00,-37.33,166.25,-560.0,-192.50,1,53.319,"
1784218584.7611551,"01/01/2000,04:44:05.92,-990.23,-13.67,82.03,0.40,2.23,1.95,65.10,31.35,52.95,33.59,15.25,986.13,-37.45,192.50,-770.0,-175.0,1,53.319,"
1784218584.7818651,"01/01/2000,04:44:05.94,-1010.74,-62.50,50.29,0.50,-0.70,-2.26,65.40,32.25,53.70,33.59,15.13,986.00,-37.21,183.75,-568.75,-297.50,1,53.319,"
1784218584.793426,"01/01/2000,04:44:05.96,-1015.14,-19.53,12.21,-0.48,0.45,0.68,64.05,32.85,52.35,33.88,15.01,986.00,-37.58,148.75,-647.50,-192.50,1,53.319,"
1784218584.8333309,"01/01/2000,04:44:05.99,-998.05,-22.95,29.30,-1.21,0.70,-3.95,64.35,33.75,52.95,33.44,15.37,985.88,-37.82,210.0,-630.0,-87.50,1,53.319,"
1784218584.8589566,"01/01/2000,04:44:06.01,-1005.37,-39.55,-28.32,0.13,-1.91,-2.12,65.40,33.75,52.95,33.64,15.01,986.13,-37.70,210.0,-682.50,-245.0,1,53.319,"
1784218584.8704205,"01/01/2000,04:44:06.03,-1023.44,7.81,-48.34,1.92,-3.01,-1.85,66.45,32.40,51.60,33.68,15.01,986.13,-37.58,271.25,-761.25,-96.25,1,53.319,"
1784218584.8896105,"01/01/2000,04:44:06.05,-1017.09,-19.53,9.28,-0.40,0.09,-1.91,64.50,32.40,53.10,33.44,14.88,985.88,-37.58,175.0,-498.75,-315.0,1,53.319,"
1784218584.9074526,"01/01/2000,04:44:06.06,-1006.84,-12.21,18.55,2.41,-1.46,-0.73,66.45,33.15,51.60,33.68,14.88,985.76,-37.70,306.25,-726.25,-183.75,1,53.319,"
1784218584.926749,"01/01/2000,04:44:06.09,-1013.18,-37.11,15.63,-0.30,2.0,2.32,63.90,33.45,55.20,33.59,15.13,985.88,-37.58,350.0,-568.75,-367.50,1,53.319,"
1784218584.9541595,"01/01/2000,04:44:06.11,-1034.18,-36.13,-5.86,-0.98,-0.63,0.23,64.05,32.85,52.65,33.59,15.01,985.03,-35.87,1023.75,-586.25,-201.25,1,53.319,"
1784218584.978487,"01/01/2000,04:44:06.13,-984.38,-42.48,-5.37,-0.60,-3.84,-1.21,63.60,33.75,51.75,33.49,15.13,985.76,-34.16,455.0,-376.25,-262.50,1,53.319,"
1784218584.9934397,"01/01/2000,04:44:06.15,-1009.77,-19.04,-24.90,2.36,0.09,0.98,65.25,32.85,52.65,33.68,14.88,983.56,-33.43,1478.75,-472.50,-306.25,1,53.319,"
1784218585.0104191,"01/01/2000,04:44:06.17,-1037.11,-23.44,13.67,0.19,-2.30,0.07,64.35,32.55,52.50,33.64,14.76,983.32,-32.57,2108.75,-726.25,-148.75,1,53.319,"
1784218585.028163,"01/01/2000,04:44:06.19,-986.82,-11.72,1.95,0.21,-0.69,-1.30,64.50,33.60,52.65,33.44,15.01,985.27,-31.60,1863.75,-490.0,-175.0,1,53.319,"
1784218585.043954,"01/01/2000,04:44:06.20,-1024.90,8.79,-49.32,0.30,-2.60,-2.50,65.85,33.75,52.20,33.59,15.37,985.15,-31.11,2310.0,-367.50,-52.50,1,53.319,"
1784218585.060111,"01/01/2000,04:44:06.22,-989.26,13.18,-44.43,0.80,-3.76,-3.64,63.90,33.75,52.50,33.44,15.01,984.78,-30.38,3246.25,-708.75,-157.50,1,53.319,"
1784218585.0872993,"01/01/2000,04:44:06.24,-1016.60,-33.69,22.95,-0.15,-1.90,0.66,64.50,32.40,53.40,33.44,15.01,984.42,-28.55,3325.0,-656.25,-175.0,1,53.319,"
1784218585.118293,"01/01/2000,04:44:06.28,-1018.07,-43.46,104.00,1.44,-3.34,-0.53,65.85,32.55,52.95,33.35,14.52,985.27,-28.55,2887.50,-1233.75,-218.75,1,53.319,"
1784218585.1370583,"01/01/2000,04:44:06.30,-1006.84,-16.11,43.46,0.74,-4.63,1.96,65.10,32.25,52.20,33.59,14.15,985.76,-32.33,2791.25,-1688.75,-201.25,1,53.319,"
1784218585.1573808,"01/01/2000,04:44:06.32,-1010.25,-6.35,-8.30,4.41,0.15,-1.78,65.70,34.05,52.65,33.83,14.40,985.64,-33.18,2345.0,-1671.25,-183.75,1,53.319,"
1784218585.1745193,"01/01/2000,04:44:06.33,-995.61,-13.18,38.09,-0.92,-1.69,-1.29,65.25,34.05,54.15,33.68,14.27,985.27,-32.94,2012.50,-1960.0,-192.50,1,53.319,"
1784218585.2138405,"01/01/2000,04:44:06.37,-1028.32,-19.04,-12.70,1.64,-2.44,-3.22,64.35,33.75,53.25,33.64,14.40,988.93,-35.75,1487.50,-2502.50,-26.25,1,53.319,"
1784218585.2311273,"01/01/2000,04:44:06.39,-1008.79,-32.23,5.37,3.25,-0.19,-1.52,63.75,34.05,52.65,33.59,15.37,986.98,-36.84,1671.25,-2135.0,-61.25,1,53.319,"
1784218585.2481778,"01/01/2000,04:44:06.41,-1039.06,-23.44,46.39,1.0,-0.69,-1.56,64.50,32.40,53.10,33.88,15.98,985.76,-37.33,875.0,-1802.50,-78.75,1,53.319,"
1784218585.2601075,"01/01/2000,04:44:06.43,-995.61,-24.41,120.12,3.13,-3.54,-1.42,66.0,33.60,53.85,33.35,14.76,984.30,-41.24,866.25,-2310.0,-105.0,1,53.319,"
1784218585.288682,"01/01/2000,04:44:06.44,-1010.25,-8.79,-47.36,1.43,-1.29,-0.21,64.65,33.45,52.20,33.83,14.40,985.27,-43.80,1330.0,-2870.0,52.50,1,53.319,"
1784218585.321021,"01/01/2000,04:44:06.48,-1014.65,-15.63,39.55,0.31,0.80,0.69,64.05,33.60,53.40,33.64,15.13,987.47,-43.68,560.0,-2038.75,-297.50,1,53.319,"
1784218585.3422537,"01/01/2000,04:44:06.50,-1024.90,-54.20,96.19,-0.08,-1.21,0.83,65.40,33.75,52.95,33.59,16.59,986.25,-45.87,717.50,-1286.25,-61.25,1,53.319,"
1784218585.360001,"01/01/2000,04:44:06.52,-1014.65,-41.99,29.30,-0.05,-3.21,0.55,64.05,33.15,53.85,33.68,16.84,986.00,-46.73,840.0,-603.75,-157.50,1,53.319,"
1784218585.376721,"01/01/2000,04:44:06.53,-1014.65,1.95,40.04,0.61,-1.81,0.65,64.50,33.60,53.10,33.59,16.84,987.10,-45.99,542.50,-358.75,-236.25,1,53.319,"
1784218585.3936899,"01/01/2000,04:44:06.56,-1016.11,2.93,-7.81,0.66,0.60,0.09,64.65,32.55,52.95,33.44,16.84,988.20,-46.12,43.75,770.0,-376.25,1,53.319,"
1784218585.431933,"01/01/2000,04:44:06.59,-1020.51,-45.90,60.55,-2.55,0.47,-1.18,63.90,32.25,52.50,33.68,16.35,985.39,-46.97,218.75,533.75,-245.0,1,53.319,"
1784218585.4596937,"01/01/2000,04:44:06.61,-1001.95,-37.11,47.36,-4.37,1.34,-0.45,65.40,32.55,52.50,33.64,17.32,984.66,-46.12,-831.25,1811.25,-420.0,1,53.319,"
1784218585.4792058,"01/01/2000,04:44:06.64,-996.09,-18.55,42.48,-0.53,-1.94,-0.76,64.50,31.95,53.85,33.64,17.32,983.32,-49.90,-262.50,2292.50,-271.25,1,53.319,"
1784218585.4959478,"01/01/2000,04:44:06.65,-1037.60,-12.70,21.97,1.42,-1.91,1.67,63.30,34.05,53.40,33.64,14.64,983.08,-53.31,1312.50,140.0,-140.0,1,53.319,"
1784218585.512997,"01/01/2000,04:44:06.67,-1054.20,-22.95,-30.27,0.07,0.33,0.93,64.50,33.15,52.35,33.64,13.42,985.52,-50.51,813.75,-1330.0,-253.75,1,53.319,"
1784218585.5375023,"01/01/2000,04:44:06.69,-1000.0,-30.27,0.98,2.73,-0.05,1.03,64.95,31.20,53.10,33.68,13.18,986.37,-47.70,498.75,-1750.0,-271.25,1,53.319,"
1784218585.555199,"01/01/2000,04:44:06.71,-1019.53,-18.55,75.20,0.91,-1.06,-0.66,64.50,30.75,55.80,33.44,13.54,986.49,-48.19,542.50,-1881.25,-192.50,1,53.319,"
1784218585.5695324,"01/01/2000,04:44:06.73,-1018.07,-32.23,1.46,0.45,-0.15,1.53,64.50,30.75,55.80,33.35,14.40,985.88,-50.63,831.25,-1697.50,-96.25,1,53.319,"
1784218585.593492,"01/01/2000,04:44:06.74,-1006.35,-24.90,44.92,-1.15,-0.44,2.87,65.85,31.80,53.70,33.64,15.98,985.76,-49.65,420.0,-402.50,-236.25,1,53.319,"
1784218585.6065633,"01/01/2000,04:44:06.77,-1020.51,-2.44,37.60,-2.82,-1.79,1.24,65.10,31.05,53.70,33.64,18.54,986.74,-46.48,-1032.50,2616.25,-420.0,1,53.319,"
1784218585.6280074,"01/01/2000,04:44:06.78,-1006.84,-16.11,12.21,-1.67,-1.70,-0.25,64.65,33.0,53.25,33.35,16.35,985.39,-49.41,166.25,1268.75,-245.0,1,53.319,"
1784218585.6605358,"01/01/2000,04:44:06.82,-1020.51,-35.64,27.34,0.48,0.50,1.76,63.75,31.95,52.35,33.49,13.54,983.81,-51.85,743.75,-2275.0,-35.0,1,53.319,"
1784218585.6873052,"01/01/2000,04:44:06.84,-996.09,-19.53,47.36,1.30,-1.09,0.43,64.50,34.35,53.10,33.64,13.66,984.05,-48.80,743.75,-1566.25,-288.75,1,53.319,"
1784218585.6987786,"01/01/2000,04:44:06.86,-1015.63,-47.36,24.41,1.31,-0.69,-0.61,63.75,32.85,53.40,33.49,14.03,985.76,-47.82,490.0,-1408.75,-218.75,1,53.319,"
1784218585.7158597,"01/01/2000,04:44:06.87,-1024.90,-26.37,23.44,3.04,0.40,0.30,64.50,31.95,52.35,33.44,14.88,987.22,-48.80,210.0,-1120.0,-166.25,1,53.319,"
1784218585.7326148,"01/01/2000,04:44:06.89,-1004.88,-20.51,33.69,-0.37,-0.84,1.21,64.95,31.95,53.40,33.64,16.84,986.37,-49.78,271.25,17.50,-183.75,1,53.319,"
1784218585.7572548,"01/01/2000,04:44:06.91,-1010.74,-29.30,33.69,-2.90,1.79,-0.11,64.05,32.40,54.60,33.59,18.54,986.13,-46.24,-1181.25,2695.0,-463.75,1,53.319,"
1784218585.776697,"01/01/2000,04:44:06.93,-1015.63,-10.25,13.67,-1.62,-0.24,2.05,64.05,32.40,54.60,33.64,16.59,984.54,-48.07,-341.25,1636.25,-306.25,1,53.319,"
1784218585.7888436,"01/01/2000,04:44:06.95,-1057.13,-4.39,23.44,2.23,0.78,0.09,65.10,33.45,53.70,33.49,13.79,985.03,-52.34,831.25,-533.75,-463.75,1,53.319,"
1784218585.8103306,"01/01/2000,04:44:06.97,-1007.32,-17.09,57.13,-0.95,-0.57,1.57,64.50,33.15,54.60,33.78,13.42,986.13,-52.70,96.25,-1802.50,-52.50,1,53.319,"
1784218585.8274078,"01/01/2000,04:44:06.99,-1036.13,3.91,22.46,0.14,-2.31,0.56,63.75,33.15,53.10,33.64,13.42,983.69,-52.09,1102.50,-1653.75,-227.50,1,53.319,"
1784218585.8436437,"01/01/2000,04:44:07.00,-1042.48,-20.51,38.57,1.89,0.01,1.76,64.65,32.55,54.0,33.49,13.79,985.88,-48.80,507.50,-1662.50,-52.50,1,53.319,"
1784218585.882606,"01/01/2000,04:44:07.04,-1013.18,0.49,41.50,0.47,-0.76,1.84,63.15,31.80,54.75,33.16,15.13,986.61,-49.78,437.50,-936.25,-297.50,1,53.319,"
1784218585.8998997,"01/01/2000,04:44:07.06,-981.45,-15.14,64.94,-1.61,0.25,0.38,63.15,31.80,54.75,33.78,16.47,984.78,-49.29,35.0,-280.0,-78.75,1,53.319,"
1784218585.9168787,"01/01/2000,04:44:07.07,-1010.25,-8.79,7.81,-0.95,0.11,2.63,63.90,33.75,52.95,33.64,16.84,983.56,-48.43,-271.25,822.50,-367.50,1,53.319,"
1784218585.9272153,"01/01/2000,04:44:07.09,-1022.95,5.37,-17.09,-3.49,1.20,-0.52,64.05,32.85,51.90,33.68,17.81,985.39,-45.63,-1496.25,3806.25,-700.0,1,53.319,"
1784218585.9560874,"01/01/2000,04:44:07.11,-1004.39,11.72,-45.90,2.10,-0.47,1.96,64.05,30.75,53.10,33.59,15.62,984.78,-51.00,656.25,875.0,-350.0,1,53.319,"
1784218585.9826188,"01/01/2000,04:44:07.14,-1007.81,32.23,-41.50,2.20,-0.37,1.73,64.05,32.85,54.15,33.64,13.79,984.30,-53.80,341.25,-2108.75,87.50,1,53.319,"
1784218586.0078435,"01/01/2000,04:44:07.16,-1019.04,-14.65,105.96,2.11,-1.31,-0.98,63.75,33.15,53.85,33.44,13.66,982.71,-51.85,857.50,-1128.75,-148.75,1,53.319,"
1784218586.0216737,"01/01/2000,04:44:07.18,-1004.88,-12.70,5.86,1.72,2.47,-1.64,64.35,32.25,53.70,33.68,13.42,984.30,-49.29,533.75,-1251.25,-131.25,1,53.319,"
1784218586.0435658,"01/01/2000,04:44:07.20,-1026.86,-45.90,183.11,-3.91,-0.27,2.16,63.15,30.15,54.75,33.59,14.64,986.74,-49.04,0.0,-1120.0,-166.25,1,53.319,"
1784218586.0604808,"01/01/2000,04:44:07.22,-993.65,-56.15,150.39,0.13,-2.13,-0.24,63.90,33.45,52.95,33.64,15.62,985.76,-51.12,463.75,-1163.75,-175.0,1,53.319,"
1784218586.0784519,"01/01/2000,04:44:07.24,-1012.70,-32.23,28.81,1.50,0.53,-0.07,65.25,33.60,53.40,33.59,15.86,984.66,-51.73,332.50,-980.0,96.25,1,53.319,"
1784218586.1162498,"01/01/2000,04:44:07.27,-1040.53,1.46,25.39,1.05,-1.30,-1.42,64.05,33.15,53.10,33.68,14.52,985.15,-51.48,411.25,-525.0,-192.50,1,53.319,"
1784218586.1325614,"01/01/2000,04:44:07.29,-1002.44,-11.72,-2.93,0.39,0.82,1.79,62.40,30.60,54.45,33.59,13.66,985.52,-51.61,647.50,-1540.0,-516.25,1,53.319,"
1784218586.1512737,"01/01/2000,04:44:07.31,-994.14,-23.93,-4.39,3.31,2.39,-2.15,63.30,32.40,51.90,33.64,14.88,985.03,-50.63,297.50,-1872.50,175.0,1,53.319,"
1784218586.1754475,"01/01/2000,04:44:07.33,-1022.95,-42.48,18.55,1.27,-1.39,-0.66,64.05,31.95,53.40,33.35,15.13,983.69,-49.17,516.25,-568.75,-376.25,1,53.319,"
1784218586.193432,"01/01/2000,04:44:07.35,-1010.74,-38.57,19.53,1.37,-1.92,-2.95,61.65,32.55,56.25,33.25,15.13,985.39,-48.43,542.50,-1041.25,17.50,1,53.319,"
1784218586.2115893,"01/01/2000,04:44:07.36,-1008.79,-28.32,60.55,-1.66,0.99,0.27,63.60,33.75,52.20,33.35,14.76,987.22,-49.78,385.0,-866.25,-297.50,1,53.319,"
1784218586.226587,"01/01/2000,04:44:07.38,-983.40,-26.37,57.62,1.16,1.52,0.85,63.30,33.15,53.40,33.64,15.13,986.00,-51.48,-35.0,-936.25,-192.50,1,53.319,"
1784218586.2451892,"01/01/2000,04:44:07.40,-1029.79,-41.50,75.68,1.53,2.05,0.21,65.25,33.15,53.85,33.78,15.13,982.59,-53.92,656.25,-1233.75,-61.25,1,53.319,"
1784218586.2618377,"01/01/2000,04:44:07.42,-1032.23,-18.07,-10.74,0.83,2.74,-2.06,62.25,34.05,53.40,33.44,15.62,983.32,-51.12,8.75,-463.75,-236.25,1,53.319,"
1784218586.2794518,"01/01/2000,04:44:07.44,-1013.67,-37.11,34.67,-2.60,-1.08,1.65,64.35,33.75,52.20,33.68,15.86,984.42,-50.14,-87.50,157.50,-315.0,1,53.319,"
1784218586.300802,"01/01/2000,04:44:07.46,-1029.30,-39.06,86.43,-1.40,-0.19,1.63,63.90,33.0,52.50,33.49,15.25,985.39,-50.75,463.75,-297.50,-315.0,1,53.319,"
1784218586.3271503,"01/01/2000,04:44:07.49,-1025.39,-7.32,-4.88,2.11,-0.81,1.32,62.70,33.45,51.30,33.78,14.40,986.37,-51.73,612.50,-1592.50,-192.50,1,53.319,"
1784218586.354884,"01/01/2000,04:44:07.51,-1024.41,-32.71,45.90,0.59,-0.74,0.23,63.90,33.45,52.20,33.59,14.88,986.00,-51.12,735.0,-1347.50,-113.75,1,53.319,"
1784218586.3740187,"01/01/2000,04:44:07.53,-1022.46,-21.97,24.90,-1.93,0.60,0.35,61.80,30.0,53.40,33.64,15.13,986.86,-50.02,297.50,-1233.75,-175.0,1,53.319,"
1784218586.3938982,"01/01/2000,04:44:07.55,-1037.60,-17.58,-26.37,1.37,-0.10,-0.95,61.80,30.0,53.40,33.64,15.13,986.00,-50.75,463.75,-1260.0,-218.75,1,53.319,"
1784218586.4117138,"01/01/2000,04:44:07.57,-1045.41,8.30,-26.86,1.72,2.08,-0.06,63.30,31.65,53.10,33.44,15.74,985.15,-51.36,113.75,-962.50,-96.25,1,53.319,"
1784218586.4265842,"01/01/2000,04:44:07.58,-1013.67,-14.65,-10.25,0.11,1.09,-1.17,65.10,32.25,52.95,33.64,15.98,983.81,-51.00,157.50,-315.0,-236.25,1,53.319,"
1784218586.4436297,"01/01/2000,04:44:07.60,-1039.06,-21.00,9.77,0.58,-0.70,0.96,64.05,32.85,53.10,33.35,15.37,983.81,-50.75,350.0,-691.25,-61.25,1,53.319,"
1784218586.460069,"01/01/2000,04:44:07.62,-1011.23,-31.25,76.17,-0.35,-0.92,1.14,63.15,31.35,52.65,33.44,14.52,985.03,-51.85,358.75,-988.75,-341.25,1,53.319,"
1784218586.488468,"01/01/2000,04:44:07.65,-1010.25,-30.27,14.65,-2.21,0.01,0.08,63.30,30.75,54.15,33.59,16.23,987.22,-50.75,-376.25,420.0,-183.75,1,53.319,"
1784218586.5101986,"01/01/2000,04:44:07.67,-998.54,-10.74,39.06,0.98,0.82,-1.13,63.0,31.95,53.10,33.30,16.47,986.25,-49.17,-437.50,822.50,-315.0,1,53.319,"
1784218586.5276637,"01/01/2000,04:44:07.69,-1016.60,-41.99,6.84,1.37,0.76,-1.99,64.35,32.25,53.25,33.78,15.01,984.42,-50.51,122.50,-577.50,-113.75,1,53.319,"
1784218586.5470352,"01/01/2000,04:44:07.71,-995.61,-26.37,73.73,-0.44,-1.86,-0.51,63.90,32.25,54.0,33.44,14.40,984.78,-52.22,323.75,-1295.0,-210.0,1,53.319,"
1784218586.5857189,"01/01/2000,04:44:07.74,-1037.11,-38.09,20.02,-0.29,-0.89,-0.51,64.35,31.05,52.50,33.35,14.64,985.27,-52.95,411.25,-901.25,-358.75,1,53.319,"
1784218586.6043136,"01/01/2000,04:44:07.76,-1035.64,-33.69,5.86,0.83,0.08,-2.02,63.15,32.25,52.50,33.44,15.13,984.30,-52.34,568.75,-1032.50,-236.25,1,53.319,"
1784218586.6205354,"01/01/2000,04:44:07.78,-1021.97,0.49,-23.44,1.66,1.44,1.11,63.90,33.75,53.25,33.68,15.49,984.42,-52.22,420.0,-857.50,-227.50,1,53.319,"
1784218586.6434371,"01/01/2000,04:44:07.80,-1009.77,11.23,-18.55,-0.89,0.69,0.0,63.30,33.15,52.35,33.83,16.23,985.52,-51.48,-78.75,-253.75,-175.0,1,53.319,"
1784218586.65905,"01/01/2000,04:44:07.82,-1005.37,-32.71,102.54,-1.58,0.0,0.55,64.35,34.20,53.25,33.83,15.49,985.76,-52.34,752.50,-717.50,-376.25,1,53.319,"
1784218586.693368,"01/01/2000,04:44:07.85,-1013.67,-24.41,23.93,-0.62,-1.98,-0.15,63.75,34.05,53.40,33.59,15.86,986.74,-49.65,-262.50,-568.75,-122.50,1,53.319,"
1784218586.7101955,"01/01/2000,04:44:07.87,-1015.14,21.48,-26.86,0.04,-1.16,-2.61,63.30,31.95,53.40,33.35,15.49,983.56,-51.00,481.25,-603.75,-323.75,1,53.319,"
1784218586.7267082,"01/01/2000,04:44:07.89,-1008.79,-19.53,132.81,-0.78,-0.31,-0.36,64.50,32.85,52.65,33.49,15.13,984.30,-51.36,166.25,-743.75,-183.75,1,53.319,"
1784218586.7673979,"01/01/2000,04:44:07.92,-1008.30,-47.36,83.98,0.14,1.14,-1.37,63.75,32.40,52.65,33.49,15.37,985.76,-52.09,140.0,-542.50,-262.50,1,53.319,"
1784218586.787658,"01/01/2000,04:44:07.95,-1018.55,-21.97,70.31,1.52,3.05,-0.11,63.60,33.0,52.50,33.78,15.74,984.17,-52.83,227.50,-533.75,-245.0,1,53.319,"
1784218586.8042722,"01/01/2000,04:44:07.96,-1029.79,-31.25,90.82,-0.72,0.18,-1.69,63.30,30.45,53.10,33.59,15.37,983.32,-54.17,516.25,-875.0,-166.25,1,53.319,"
1784218586.8223116,"01/01/2000,04:44:07.98,-1018.55,-9.77,0.0,0.15,-0.04,0.78,63.30,34.35,52.65,33.68,15.13,983.93,-53.56,341.25,-735.0,-315.0,1,53.319,"
1784218586.839659,"01/01/2000,04:44:08.00,-1012.21,-45.90,104.49,-0.71,-1.73,-1.56,64.05,32.85,52.65,33.64,15.25,984.91,-52.09,446.25,-603.75,-210.0,1,53.319,"
1784218586.8775933,"01/01/2000,04:44:08.04,-1002.93,-35.16,80.57,1.25,1.50,-1.11,62.40,31.80,53.25,33.68,15.86,986.25,-50.02,61.25,-1102.50,-113.75,1,53.319,"
1784218586.8952646,"01/01/2000,04:44:08.05,-1013.18,-12.21,67.87,-0.57,-0.44,-3.44,63.75,33.15,52.65,33.64,15.74,985.15,-52.34,472.50,-665.0,-271.25,1,53.319,"
1784218586.911029,"01/01/2000,04:44:08.07,-1027.34,-18.07,-62.50,1.60,3.76,2.12,63.60,32.55,51.75,33.64,15.13,984.91,-52.46,218.75,-647.50,-332.50,1,53.319,"
1784218586.9272807,"01/01/2000,04:44:08.09,-1016.11,-10.25,-56.15,1.62,-0.75,0.30,62.70,32.55,53.25,33.59,15.13,984.78,-51.73,-61.25,-638.75,-253.75,1,53.319,"
1784218586.9509876,"01/01/2000,04:44:08.11,-1015.63,5.86,-19.53,2.42,1.62,-2.19,63.15,33.75,52.95,33.35,15.25,984.30,-52.95,700.0,-962.50,-157.50,1,53.319,"
1784218586.9703712,"01/01/2000,04:44:08.13,-1032.23,-21.00,-29.30,1.49,2.0,-0.03,63.30,32.40,53.10,33.49,15.86,986.00,-52.34,0.0,-682.50,-218.75,1,53.319,"
1784218586.9934692,"01/01/2000,04:44:08.15,-1004.88,-18.07,70.31,2.21,-0.85,-0.60,63.0,31.95,51.60,33.78,15.37,984.91,-54.17,638.75,-595.0,-280.0,1,53.319,"
1784218587.0326211,"01/01/2000,04:44:08.19,-1016.11,-15.14,9.77,0.18,-0.27,-0.21,62.25,31.20,53.85,33.68,15.25,984.78,-50.51,140.0,-735.0,-183.75,1,53.319,"
1784218587.0489492,"01/01/2000,04:44:08.21,-1024.90,-18.07,-3.42,1.91,-1.36,0.33,63.30,31.65,53.40,33.64,15.25,984.54,-51.24,638.75,-892.50,-253.75,1,53.319,"
1784218587.0701666,"01/01/2000,04:44:08.23,-1021.00,-9.28,40.53,3.23,-2.09,-1.70,63.15,32.25,52.95,33.64,15.37,985.64,-52.09,87.50,-910.0,-192.50,1,53.319,"
1784218587.0873616,"01/01/2000,04:44:08.25,-1014.16,-15.14,15.63,-0.40,-0.78,0.81,62.55,33.15,51.60,33.59,15.62,984.91,-53.31,35.0,-201.25,-341.25,1,53.319,"
1784218587.1228297,"01/01/2000,04:44:08.28,-1013.67,-40.04,74.22,-0.05,-1.02,-3.06,63.30,33.15,53.10,33.78,15.62,984.30,-51.61,148.75,-271.25,-227.50,1,53.319,"
1784218587.1436648,"01/01/2000,04:44:08.30,-1025.88,-33.20,-5.37,-1.03,-0.09,-0.49,63.30,33.15,53.40,33.59,15.98,985.39,-50.75,-43.75,-131.25,-183.75,1,53.319,"
1784218587.1768541,"01/01/2000,04:44:08.34,-1018.55,-4.39,-58.11,2.67,-2.01,-2.64,62.55,32.85,51.60,33.64,14.15,984.30,-55.02,595.0,-1592.50,-201.25,1,53.319,"
1784218587.1934085,"01/01/2000,04:44:08.36,-1034.67,-41.50,24.90,-0.56,-2.16,-0.08,63.90,33.75,51.30,33.68,14.76,984.78,-53.19,393.75,-1400.0,-105.0,1,53.319,"
1784218587.2227476,"01/01/2000,04:44:08.38,-1005.86,-37.60,78.61,-0.18,0.34,-1.17,61.80,31.65,51.60,33.78,14.88,985.15,-51.48,980.0,-1680.0,-218.75,1,53.319,"
1784218587.252359,"01/01/2000,04:44:08.41,-1017.58,-42.97,-25.39,1.25,0.76,-2.12,63.90,32.55,53.25,33.49,15.62,986.25,-50.26,350.0,-1347.50,-201.25,1,53.319,"
1784218587.2904654,"01/01/2000,04:44:08.45,-1011.72,-47.36,74.71,-1.08,-1.63,1.05,63.0,33.60,52.35,33.59,15.37,984.54,-54.05,542.50,-971.25,-227.50,1,53.319,"
1784218587.307809,"01/01/2000,04:44:08.47,-1014.16,8.79,-33.69,-0.09,1.89,1.06,63.90,33.45,52.95,33.88,15.86,986.00,-51.48,-35.0,-323.75,-227.50,1,53.319,"
1784218587.3250422,"01/01/2000,04:44:08.48,-1008.30,-40.53,74.71,-1.05,1.0,1.45,63.90,32.25,50.55,33.88,16.10,986.86,-50.51,26.25,-323.75,-131.25,1,53.319,"
1784218587.3465405,"01/01/2000,04:44:08.50,-1008.30,-27.34,-2.93,1.18,-0.68,1.81,61.35,31.20,54.60,33.44,15.86,986.13,-53.68,245.0,-997.50,-166.25,1,53.319,"
1784218587.379474,"01/01/2000,04:44:08.54,-1009.28,-6.84,14.65,-1.05,-1.27,3.50,62.40,34.65,52.50,33.59,15.62,983.56,-54.66,568.75,376.25,-358.75,1,53.319,"
1784218587.3939748,"01/01/2000,04:44:08.56,-1028.32,-22.46,-46.39,0.44,2.07,1.34,63.30,31.65,52.65,33.49,15.62,984.66,-51.73,-122.50,551.25,-420.0,1,53.319,"
1784218587.4195073,"01/01/2000,04:44:08.58,-1003.42,-8.79,33.20,0.77,-1.71,1.21,62.70,31.35,52.50,33.64,15.98,986.25,-49.29,-297.50,411.25,-428.75,1,53.319,"
1784218587.437452,"01/01/2000,04:44:08.59,-1013.18,-26.86,83.01,-0.50,0.20,2.53,63.90,33.0,51.0,33.49,15.49,985.03,-52.58,551.25,-822.50,-245.0,1,53.319,"
1784218587.4526756,"01/01/2000,04:44:08.61,-1008.79,-8.79,87.40,0.12,-0.79,-1.14,63.90,33.0,51.0,33.78,15.13,984.78,-54.41,113.75,-910.0,-131.25,1,53.319,"
1784218587.4924593,"01/01/2000,04:44:08.65,-1009.77,-15.14,-28.32,1.47,1.18,1.60,63.15,33.45,52.95,33.44,14.15,984.42,-54.29,848.75,-892.50,-315.0,1,53.319,"
1784218587.5161402,"01/01/2000,04:44:08.67,-1055.66,8.30,37.60,0.37,0.32,-0.08,64.65,33.0,52.95,33.49,15.37,986.49,-51.85,-8.75,-927.50,-218.75,1,53.319,"
1784218587.5370352,"01/01/2000,04:44:08.69,-1003.42,-15.63,104.00,-1.01,-2.22,0.52,63.0,32.40,53.10,33.78,16.10,984.91,-52.83,341.25,-490.0,-245.0,1,53.319,"
1784218587.55802,"01/01/2000,04:44:08.72,-992.68,-3.42,-37.11,-0.51,-1.48,0.55,63.75,32.40,51.90,33.30,15.13,984.66,-53.07,43.75,-210.0,-385.0,1,53.319,"
1784218587.5753338,"01/01/2000,04:44:08.73,-1023.93,-15.63,38.57,1.55,1.0,-0.61,62.70,33.45,52.50,33.49,14.64,984.91,-52.95,446.25,-131.25,-376.25,1,53.319,"
1784218587.5922072,"01/01/2000,04:44:08.75,-1012.21,-20.51,55.18,-1.44,0.99,0.78,63.90,33.0,51.75,33.68,14.88,986.49,-51.48,-78.75,-341.25,-271.25,1,53.319,"
1784218587.604006,"01/01/2000,04:44:08.77,-987.30,-27.34,38.57,-0.69,-0.63,-2.11,62.25,33.60,52.65,33.68,15.25,985.64,-53.31,-175.0,-1015.0,-262.50,1,53.319,"
1784218587.6312845,"01/01/2000,04:44:08.79,-1015.14,34.67,-15.63,0.03,-0.18,-0.61,63.0,33.15,54.15,33.35,15.98,984.78,-58.07,-271.25,-358.75,-192.50,1,53.319,"
1784218587.6601222,"01/01/2000,04:44:08.82,-1013.18,-21.00,55.66,1.02,-0.88,-0.77,63.75,32.40,51.90,33.64,14.40,983.20,-64.66,691.25,-577.50,-280.0,1,53.319,"
1784218587.6895442,"01/01/2000,04:44:08.84,-1010.25,-31.25,42.97,-0.34,-0.17,0.45,61.95,31.05,54.75,33.64,14.40,985.52,-61.73,-271.25,-1312.50,-280.0,1,53.319,"
1784218587.7048516,"01/01/2000,04:44:08.86,-1002.93,-15.14,87.89,-0.37,2.21,2.75,63.0,33.15,51.90,33.59,15.37,985.27,-60.15,-192.50,-1015.0,-192.50,1,53.319,"
1784218587.7332537,"01/01/2000,04:44:08.90,-1017.58,-24.41,-24.41,0.09,-2.02,2.13,63.15,32.25,51.75,33.59,15.25,984.54,-63.56,-306.25,-656.25,-192.50,1,53.319,"
1784218587.7603025,"01/01/2000,04:44:08.92,-1021.00,-0.98,21.00,0.24,-1.66,-0.40,63.15,33.45,51.75,33.59,14.88,984.91,-66.49,-568.75,-201.25,-341.25,1,53.319,"
1784218587.7775114,"01/01/2000,04:44:08.94,-1029.79,-23.93,24.90,0.74,1.32,0.38,61.35,32.85,52.65,33.49,15.62,984.66,-66.49,-525.0,201.25,-341.25,1,53.319,"
1784218587.793547,"01/01/2000,04:44:08.95,-988.77,-63.96,35.16,-1.25,-0.08,0.56,62.25,32.40,53.10,33.64,15.49,983.56,-64.90,-26.25,-8.75,-350.0,1,53.319,"
1784218587.811629,"01/01/2000,04:44:08.97,-1049.80,-21.48,-21.48,0.08,-0.34,-0.51,62.25,32.85,53.10,33.35,15.49,984.54,-62.10,-271.25,-560.0,-236.25,1,53.319,"
1784218587.8371513,"01/01/2000,04:44:08.99,-1021.00,6.35,-20.02,0.59,0.38,-1.56,62.55,34.05,52.35,33.78,15.01,985.03,-60.76,70.0,-236.25,-236.25,1,53.319,"
1784218587.8502424,"01/01/2000,04:44:09.01,-1001.46,-50.78,-50.78,0.40,0.50,-2.07,61.20,31.80,52.95,33.49,14.88,985.64,-60.39,-192.50,-297.50,-288.75,1,53.319,"
1784218587.8772836,"01/01/2000,04:44:09.03,-1026.37,-20.51,5.37,1.42,-0.68,-2.41,62.70,33.0,51.75,33.49,14.88,984.05,-61.12,-560.0,-603.75,-306.25,1,53.319,"
1784218587.8893242,"01/01/2000,04:44:09.05,-1037.60,-29.30,-13.18,0.0,-1.66,1.78,61.95,31.35,52.95,33.68,15.13,983.44,-59.17,542.50,-507.50,-175.0,1,53.319,"
1784218587.9084017,"01/01/2000,04:44:09.06,-1015.63,-26.37,0.98,0.09,0.53,2.12,61.65,32.25,52.50,33.64,15.13,986.25,-54.17,-673.75,-533.75,-376.25,1,53.319,"
1784218587.9369934,"01/01/2000,04:44:09.10,-1018.55,-37.60,41.02,0.49,-0.78,0.41,63.60,31.35,53.70,33.83,15.13,984.30,-55.63,262.50,-455.0,-271.25,1,53.319,"
1784218587.9624972,"01/01/2000,04:44:09.12,-1011.72,-22.46,-14.16,-0.08,-0.74,0.20,64.35,33.45,52.20,33.59,15.13,985.27,-53.68,-236.25,-577.50,-166.25,1,53.319,"
1784218587.9774075,"01/01/2000,04:44:09.14,-1009.77,-37.11,43.95,-0.88,1.11,-1.53,61.05,30.0,53.10,33.83,15.01,985.27,-53.44,17.50,-551.25,-236.25,1,53.319,"
1784218587.9934878,"01/01/2000,04:44:09.15,-998.05,-41.02,86.91,-1.95,-0.33,-1.37,61.65,32.25,52.95,33.64,15.01,985.27,-52.83,-148.75,-490.0,-157.50,1,53.319,"
1784218588.0138943,"01/01/2000,04:44:09.17,-1031.25,-19.53,77.15,-1.17,-1.12,-0.15,62.70,32.55,52.50,33.59,15.25,985.03,-52.83,52.50,-682.50,-315.0,1,53.319,"
1784218588.0438375,"01/01/2000,04:44:09.20,-1006.84,-49.80,29.30,-1.39,1.10,-0.44,61.05,33.60,53.85,33.59,15.37,985.39,-52.09,-52.50,-577.50,-358.75,1,53.319,"
1784218588.0604792,"01/01/2000,04:44:09.22,-1008.30,-31.25,78.13,-0.43,-0.64,0.31,63.15,33.75,51.30,33.83,15.37,984.91,-51.85,0.0,-560.0,-192.50,1,53.319,"
1784218588.0782595,"01/01/2000,04:44:09.24,-1006.35,-24.90,43.95,-1.15,0.85,-1.66,63.75,32.85,53.10,33.59,15.01,985.03,-51.73,-61.25,-621.25,-288.75,1,53.319,"
1784218588.0962653,"01/01/2000,04:44:09.25,-1017.09,-4.88,25.39,0.30,0.69,-0.02,63.75,32.85,53.10,33.64,15.01,985.27,-51.24,61.25,-638.75,-166.25,1,53.319,"
1784218588.1267862,"01/01/2000,04:44:09.29,-1005.37,-23.44,-8.79,0.18,-1.33,-1.37,63.0,31.95,51.90,33.64,15.13,985.15,-51.36,52.50,-682.50,-96.25,1,53.319,"
1784218588.155206,"01/01/2000,04:44:09.31,-1016.11,-25.88,-2.44,1.67,-0.24,1.85,62.55,33.60,52.65,33.83,15.25,985.27,-50.87,35.0,-647.50,-218.75,1,53.319,"
1784218588.1724932,"01/01/2000,04:44:09.33,-1031.74,-21.48,10.74,-0.44,1.33,-0.47,63.60,32.25,52.20,33.68,14.88,985.15,-50.75,-70.0,-726.25,-297.50,1,53.319,"
1784218588.1894155,"01/01/2000,04:44:09.35,-1044.92,-1.46,0.98,-1.05,-0.21,0.37,62.70,32.55,52.20,33.68,15.25,985.03,-51.12,323.75,-621.25,-210.0,1,53.319,"
1784218588.2039418,"01/01/2000,04:44:09.36,-1041.99,-73.73,76.17,-2.24,-2.35,-0.06,63.30,32.85,51.15,33.59,15.13,985.39,-50.63,17.50,-770.0,-253.75,1,53.319,"
1784218588.2239094,"01/01/2000,04:44:09.38,-1048.34,-30.76,55.18,1.77,1.30,2.22,61.95,31.80,52.50,33.44,15.25,985.27,-50.75,105.0,-805.0,-175.0,1,53.319,"
1784218588.2439575,"01/01/2000,04:44:09.40,-992.19,-19.04,23.93,-0.74,-1.26,0.15,62.55,32.40,52.35,33.49,15.01,985.15,-50.75,-43.75,-560.0,-297.50,1,53.319,"
1784218588.26232,"01/01/2000,04:44:09.42,-1009.28,-30.27,21.00,2.37,1.76,0.29,62.70,32.55,52.20,33.59,15.25,985.27,-50.51,183.75,-726.25,-113.75,1,53.319,"
1784218588.2790995,"01/01/2000,04:44:09.44,-1028.81,-32.23,12.70,1.37,-1.39,3.60,61.80,31.65,52.35,33.64,15.01,985.15,-50.39,96.25,-638.75,-245.0,1,53.319,"
1784218588.2966502,"01/01/2000,04:44:09.45,-1003.42,7.81,47.36,-0.42,1.12,-0.73,61.80,31.65,52.35,33.49,15.25,985.52,-50.26,0.0,-743.75,-43.75,1,53.319,"
1784218588.3164895,"01/01/2000,04:44:09.48,-1026.86,-8.79,5.37,0.95,-4.82,1.33,63.60,31.80,53.25,33.83,15.13,985.27,-50.26,35.0,-822.50,-280.0,1,53.319,"
1784218588.3377538,"01/01/2000,04:44:09.49,-1024.41,-24.41,35.16,-0.85,1.74,0.84,62.55,31.65,51.90,33.30,15.25,985.27,-50.39,157.50,-542.50,-70.0,1,53.319,"
1784218588.3523567,"01/01/2000,04:44:09.51,-1043.46,-10.74,-27.34,-0.55,-0.06,0.23,62.40,33.45,52.20,33.44,15.13,985.52,-50.02,70.0,-735.0,-201.25,1,53.319,"
1784218588.3768747,"01/01/2000,04:44:09.53,-1025.88,-28.32,19.04,1.72,0.31,-1.21,64.05,32.40,51.60,33.64,15.25,985.52,-50.02,96.25,-778.75,-288.75,1,53.319,"
1784218588.392669,"01/01/2000,04:44:09.55,-1004.88,-49.80,33.69,-1.21,0.47,0.21,63.75,31.95,52.35,33.68,15.01,985.52,-50.26,183.75,-673.75,-280.0,1,53.319,"
1784218588.4050148,"01/01/2000,04:44:09.57,-1019.04,-38.57,20.51,-0.76,-0.97,0.19,63.75,31.95,52.35,33.64,15.01,985.15,-50.02,87.50,-805.0,-332.50,1,53.319,"
1784218588.4244199,"01/01/2000,04:44:09.58,-1001.95,-24.41,7.32,3.52,0.24,-2.24,61.95,33.75,52.20,33.49,15.13,985.52,-50.02,26.25,-726.25,-192.50,1,53.319,"
1784218588.4442225,"01/01/2000,04:44:09.60,-1029.79,-44.92,34.67,0.47,-1.19,-1.59,63.30,33.15,52.35,33.83,14.76,985.52,-50.14,-8.75,-708.75,-271.25,1,53.319,"
1784218588.4601157,"01/01/2000,04:44:09.62,-998.05,-22.46,9.28,-0.11,1.37,-0.85,62.70,33.45,53.70,33.78,14.76,985.27,-50.26,78.75,-743.75,-227.50,1,53.319,"
1784218588.4968364,"01/01/2000,04:44:09.66,-1027.83,-3.91,-37.11,0.38,-1.27,0.16,62.70,33.75,51.30,33.68,14.88,985.27,-49.78,26.25,-700.0,-201.25,1,53.319,"
1784218588.5178618,"01/01/2000,04:44:09.68,-1023.93,-5.86,4.39,-0.72,0.51,2.66,61.95,31.80,52.50,33.30,14.64,985.15,-50.26,113.75,-673.75,-385.0,1,53.319,"
1784218588.5375566,"01/01/2000,04:44:09.69,-1021.00,-23.44,-15.63,-0.63,0.37,0.27,63.30,33.60,52.35,33.35,14.88,985.39,-50.14,288.75,-708.75,-227.50,1,53.319,"
1784218588.5604463,"01/01/2000,04:44:09.72,-1007.81,-39.55,18.07,-1.52,0.38,-1.53,61.95,31.80,54.45,33.49,15.01,985.39,-49.78,236.25,-673.75,-297.50,1,53.319,"
1784218588.579946,"01/01/2000,04:44:09.74,-1008.79,-46.88,77.64,-1.06,-2.05,0.37,63.0,32.40,53.40,33.64,15.37,985.03,-49.90,140.0,-665.0,-218.75,1,53.319,"
1784218588.6040082,"01/01/2000,04:44:09.76,-1016.11,-34.18,29.30,-1.68,-1.37,-1.31,62.70,33.0,52.95,33.78,15.13,985.27,-49.90,192.50,-752.50,-166.25,1,53.319,"
1784218588.6215258,"01/01/2000,04:44:09.78,-1014.16,32.71,-74.71,0.95,0.28,2.36,62.70,33.45,52.95,33.64,15.13,985.27,-49.90,8.75,-778.75,-323.75,1,53.319,"
1784218588.6369114,"01/01/2000,04:44:09.79,-1000.0,-40.04,49.80,0.36,1.60,-2.31,62.40,33.0,52.95,33.49,15.13,984.66,-50.02,122.50,-673.75,-323.75,1,53.319,"
1784218588.6601632,"01/01/2000,04:44:09.82,-1006.84,-28.32,96.68,-0.09,-1.69,-0.74,63.0,32.40,51.15,33.49,15.13,984.91,-50.02,175.0,-752.50,-262.50,1,53.319,"
1784218588.6927695,"01/01/2000,04:44:09.85,-1004.39,-6.84,-50.78,2.71,-1.46,0.08,62.55,33.60,52.65,33.78,14.76,985.15,-49.41,8.75,-700.0,-411.25,1,53.319,"
1784218588.7102466,"01/01/2000,04:44:09.87,-1009.28,-20.02,85.94,1.11,-1.50,1.24,62.40,33.75,51.30,33.68,14.76,984.66,-49.90,192.50,-752.50,-140.0,1,53.319,"
1784218588.7257988,"01/01/2000,04:44:09.89,-1044.92,-29.30,54.69,-1.57,-0.46,-1.11,61.20,33.0,52.20,33.44,15.01,985.39,-49.78,245.0,-682.50,-280.0,1,53.319,"
1784218588.7478702,"01/01/2000,04:44:09.91,-1035.16,-46.39,61.04,-0.88,-0.24,-0.05,61.05,33.60,52.35,33.68,15.01,985.76,-49.17,105.0,-700.0,-157.50,1,53.319,"
1784218588.7652345,"01/01/2000,04:44:09.92,-988.28,-23.44,36.13,-0.10,1.85,0.05,63.75,32.40,52.35,33.35,14.88,984.91,-49.53,122.50,-691.25,-253.75,1,53.319,"
1784218588.782012,"01/01/2000,04:44:09.94,-1033.20,-28.81,-1.95,0.45,-0.92,0.08,63.60,33.0,54.0,33.78,14.88,984.78,-49.53,140.0,-866.25,-131.25,1,53.319,"
1784218588.8042839,"01/01/2000,04:44:09.96,-1016.11,-50.78,8.30,-1.31,-1.56,-0.05,62.25,34.80,55.05,33.44,15.13,985.76,-49.41,8.75,-665.0,-201.25,1,53.319,"
1784218588.8204777,"01/01/2000,04:44:09.98,-1000.49,-12.21,55.66,-2.79,1.44,-0.15,63.0,32.85,53.85,33.68,15.13,985.88,-49.41,-8.75,-612.50,-183.75,1,53.319,"
1784218588.837972,"01/01/2000,04:44:10.00,-990.23,-13.18,58.59,-0.47,1.50,0.91,63.15,33.0,51.30,33.59,14.88,985.27,-49.53,87.50,-726.25,-210.0,1,53.319,"
1784218588.8546975,"01/01/2000,04:44:10.01,-1016.60,-3.42,8.79,3.56,0.66,2.73,63.75,32.40,52.35,33.68,14.76,985.03,-49.65,131.25,-717.50,-350.0,1,53.319,"
1784218588.870401,"01/01/2000,04:44:10.03,-1036.62,-18.07,-35.64,-0.01,-0.47,2.21,61.95,33.0,51.30,33.68,14.88,985.52,-49.53,175.0,-708.75,-131.25,1,53.319,"
1784218588.8921502,"01/01/2000,04:44:10.05,-1007.81,-3.42,12.70,-2.97,-1.39,0.60,61.95,33.75,53.70,33.49,15.01,985.52,-49.41,87.50,-647.50,-131.25,1,53.319,"
1784218588.9104373,"01/01/2000,04:44:10.07,-984.38,-3.91,39.55,2.50,-0.19,-0.08,61.95,35.40,53.25,33.59,14.88,985.03,-49.65,52.50,-752.50,-253.75,1,53.319,"
1784218588.9267795,"01/01/2000,04:44:10.09,-1005.37,-11.23,48.83,-0.11,-0.05,0.75,62.25,33.60,52.35,33.59,14.88,985.27,-49.53,183.75,-673.75,-175.0,1,53.319,"
1784218588.953041,"01/01/2000,04:44:10.11,-1023.44,-26.86,61.04,-0.24,0.63,1.16,61.80,31.95,52.65,33.64,14.88,985.52,-49.53,0.0,-665.0,-323.75,1,53.319,"
1784218588.9652975,"01/01/2000,04:44:10.12,-998.54,-28.81,65.43,-2.16,0.37,-0.74,62.40,34.20,52.20,33.64,14.88,985.39,-49.53,166.25,-638.75,-210.0,1,53.319,"
1784218588.9822948,"01/01/2000,04:44:10.14,-1017.09,-17.09,67.87,0.43,-1.27,-0.37,63.90,34.65,53.25,33.68,14.64,985.15,-49.53,306.25,-901.25,-192.50,1,53.319,"
1784218588.994862,"01/01/2000,04:44:10.16,-1007.32,-30.76,34.18,1.18,1.31,0.55,61.95,32.25,52.95,33.68,14.64,985.27,-49.17,78.75,-752.50,-192.50,1,53.319,"
1784218589.0212522,"01/01/2000,04:44:10.18,-1013.18,-3.42,1.46,1.89,-0.50,0.11,60.60,31.95,52.65,33.68,14.76,985.39,-49.17,175.0,-743.75,-140.0,1,53.319,"
1784218589.037829,"01/01/2000,04:44:10.20,-1015.14,-24.41,11.72,0.82,0.24,0.18,63.75,34.80,53.10,33.49,14.76,985.39,-49.53,175.0,-691.25,-227.50,1,53.319,"
1784218589.0589466,"01/01/2000,04:44:10.21,-1015.63,-19.53,-15.14,1.58,-0.38,-0.77,61.80,33.60,51.60,33.59,14.64,985.52,-49.29,175.0,-743.75,-210.0,1,53.319,"
1784218589.087222,"01/01/2000,04:44:10.24,-999.02,-7.32,13.18,1.15,-1.73,-2.21,61.65,32.25,53.25,33.49,14.88,985.52,-49.41,96.25,-735.0,-210.0,1,53.319,"
1784218589.1195498,"01/01/2000,04:44:10.28,-1015.63,12.21,39.55,0.35,1.47,-0.73,61.65,33.0,53.70,33.30,15.01,985.27,-49.53,87.50,-822.50,-288.75,1,53.319,"
1784218589.1370378,"01/01/2000,04:44:10.30,-990.23,-43.95,53.71,-0.49,0.34,0.11,63.30,33.15,53.85,33.35,15.01,985.76,-49.53,122.50,-691.25,-271.25,1,53.319,"
1784218589.1579907,"01/01/2000,04:44:10.32,-1019.53,-30.27,81.54,0.28,-0.60,0.37,61.20,33.45,53.70,33.44,15.01,985.64,-49.53,87.50,-752.50,-323.75,1,53.319,"
1784218589.1746721,"01/01/2000,04:44:10.33,-1021.00,-1.46,-4.39,1.95,1.0,4.40,62.40,34.20,52.50,33.25,15.25,985.15,-49.78,43.75,-726.25,-245.0,1,53.319,"
1784218589.1939158,"01/01/2000,04:44:10.35,-1017.09,-21.97,60.55,-0.78,0.05,-1.79,63.0,33.60,53.85,33.59,15.37,985.27,-49.53,280.0,-682.50,-140.0,1,53.319,"
1784218589.22976,"01/01/2000,04:44:10.39,-1026.86,-32.71,61.04,0.95,-1.15,2.71,63.0,32.40,52.35,33.59,15.13,985.27,-49.53,140.0,-516.25,-157.50,1,53.319,"
1784218589.2461436,"01/01/2000,04:44:10.41,-1003.42,-29.79,93.26,-0.58,-2.65,2.06,63.15,33.45,52.20,33.59,15.37,985.27,-49.41,8.75,-761.25,-122.50,1,53.319,"
1784218589.2642982,"01/01/2000,04:44:10.42,-1037.11,-44.92,59.57,0.82,0.41,0.25,62.40,34.95,52.50,33.64,15.13,985.27,-49.17,35.0,-700.0,-253.75,1,53.319,"
1784218589.3023489,"01/01/2000,04:44:10.46,-1018.07,-12.70,30.76,0.11,-0.32,1.08,61.95,33.45,52.95,33.59,15.13,985.27,-49.29,218.75,-778.75,-271.25,1,53.319,"
1784218589.326861,"01/01/2000,04:44:10.49,-998.54,-2.93,27.83,0.80,0.41,0.44,62.25,34.05,53.10,33.68,15.25,985.76,-49.04,0.0,-778.75,-140.0,1,53.319,"
1784218589.3579912,"01/01/2000,04:44:10.52,-1045.41,-15.63,43.46,0.92,1.53,-0.20,63.30,33.15,52.65,33.30,15.01,985.39,-49.29,122.50,-761.25,-288.75,1,53.319,"
1784218589.374981,"01/01/2000,04:44:10.53,-973.14,-31.74,-51.27,0.59,0.08,1.15,63.60,32.25,52.50,33.49,15.13,985.15,-49.17,87.50,-498.75,-245.0,1,53.319,"
1784218589.3918629,"01/01/2000,04:44:10.55,-1027.34,-35.64,47.36,0.50,-1.41,1.03,63.75,32.85,51.15,33.64,15.01,985.27,-49.04,166.25,-787.50,-175.0,1,53.319,"
1784218589.4118295,"01/01/2000,04:44:10.57,-997.07,-22.95,0.0,1.79,2.05,1.80,63.15,32.55,53.25,33.68,15.37,985.39,-49.41,113.75,-673.75,-43.75,1,53.319,"
1784218589.4297616,"01/01/2000,04:44:10.59,-1038.09,-49.80,111.33,1.85,-0.36,0.86,63.15,32.55,53.25,33.64,15.13,985.27,-49.29,210.0,-595.0,-271.25,1,53.319,"
1784218589.4465067,"01/01/2000,04:44:10.61,-1007.32,-35.16,10.25,0.44,0.75,3.34,61.65,33.0,52.50,33.68,15.13,985.27,-49.17,87.50,-848.75,-245.0,1,53.319,"
1784218589.4601154,"01/01/2000,04:44:10.62,-1026.86,-12.70,136.72,-0.16,0.56,-1.49,62.40,32.55,52.50,33.64,15.01,985.52,-49.04,43.75,-586.25,-315.0,1,53.319,"
1784218589.4882452,"01/01/2000,04:44:10.64,-1009.28,-0.49,4.88,1.83,-1.56,0.47,61.80,34.05,51.90,33.49,15.01,985.27,-49.29,245.0,-735.0,-236.25,1,53.319,"
1784218589.5219457,"01/01/2000,04:44:10.68,-963.38,-16.60,33.69,1.19,-0.57,-0.85,62.25,32.85,51.90,33.35,14.88,985.52,-48.80,78.75,-743.75,-315.0,1,53.319,"
1784218589.5374346,"01/01/2000,04:44:10.69,-1030.76,-17.09,67.38,0.11,2.89,-1.28,62.40,33.75,52.95,33.59,15.01,985.39,-48.80,245.0,-822.50,-131.25,1,53.319,"
1784218589.5578916,"01/01/2000,04:44:10.72,-1020.02,-18.55,89.84,-0.60,0.15,0.88,62.70,33.75,52.20,33.49,15.01,985.39,-48.92,148.75,-717.50,-288.75,1,53.319,"
1784218589.5751004,"01/01/2000,04:44:10.73,-1045.90,-7.32,11.23,1.95,0.89,-3.03,61.35,36.0,51.90,33.49,15.13,985.52,-48.92,280.0,-708.75,-245.0,1,53.319,"
1784218589.6038413,"01/01/2000,04:44:10.76,-1014.65,-4.39,-29.79,0.0,-1.55,-0.50,61.20,33.75,51.75,33.88,15.13,985.52,-48.80,17.50,-665.0,-157.50,1,53.319,"
1784218589.6226304,"01/01/2000,04:44:10.78,-1021.97,-21.97,-10.25,-1.38,3.02,1.15,62.40,32.55,52.20,33.59,15.01,985.27,-48.80,70.0,-700.0,-385.0,1,53.319,"
1784218589.640834,"01/01/2000,04:44:10.80,-1018.55,-29.30,-6.35,-0.39,1.04,1.52,62.55,33.60,51.90,33.49,15.01,985.52,-48.68,122.50,-577.50,-297.50,1,53.319,"
1784218589.6561933,"01/01/2000,04:44:10.82,-992.68,-28.32,-6.84,1.38,0.93,3.63,63.0,32.85,52.35,33.68,14.88,985.39,-48.80,131.25,-638.75,-280.0,1,53.319,"
1784218589.6958976,"01/01/2000,04:44:10.85,-994.63,-18.55,0.49,0.28,1.24,0.95,63.0,33.60,53.10,33.59,15.25,985.27,-49.04,78.75,-603.75,-122.50,1,53.319,"
1784218589.7107875,"01/01/2000,04:44:10.87,-1050.78,-1.95,-1.46,-0.05,-1.85,-0.25,62.40,32.55,52.20,33.88,15.01,985.27,-49.04,78.75,-726.25,-253.75,1,53.319,"
1784218589.7268934,"01/01/2000,04:44:10.89,-1017.58,-11.23,15.63,0.65,1.06,0.29,62.55,32.85,53.85,33.64,14.88,985.27,-49.04,113.75,-673.75,-306.25,1,53.319,"
1784218589.7480192,"01/01/2000,04:44:10.91,-1005.86,-8.79,34.18,-1.10,-1.21,0.60,61.95,33.75,51.30,33.49,14.88,985.27,-49.17,280.0,-665.0,-236.25,1,53.319,"
1784218589.7694495,"01/01/2000,04:44:10.93,-1017.09,-10.25,-38.09,0.21,-0.91,-3.07,61.95,34.20,53.25,33.68,15.25,985.27,-49.29,253.75,-673.75,-175.0,1,53.319,"
1784218589.7934835,"01/01/2000,04:44:10.96,-1032.71,0.98,-48.34,1.80,2.08,-1.82,62.55,32.85,52.35,33.44,14.88,985.27,-49.04,183.75,-708.75,-306.25,1,53.319,"
1784218589.8209674,"01/01/2000,04:44:10.98,-1009.77,-24.90,39.06,-1.95,-0.99,-1.55,63.75,33.15,51.90,33.59,14.64,985.39,-49.17,43.75,-726.25,-367.50,1,53.319,"
1784218589.8435724,"01/01/2000,04:44:11.00,-1011.23,-1.95,-9.77,-1.58,-1.41,0.76,61.05,35.25,53.85,33.64,14.88,985.52,-49.04,96.25,-717.50,-157.50,1,53.319,"
1784218589.8601508,"01/01/2000,04:44:11.02,-991.70,-41.99,84.96,-3.34,-0.26,-1.69,62.55,34.05,53.10,33.59,15.13,985.39,-49.04,192.50,-595.0,-157.50,1,53.319,"
1784218589.8769438,"01/01/2000,04:44:11.03,-992.68,-16.60,72.27,-1.97,2.13,-1.0,61.95,34.20,52.20,33.64,14.88,985.27,-48.92,-78.75,-787.50,-192.50,1,53.319,"
1784218589.8940468,"01/01/2000,04:44:11.05,-967.77,-34.67,123.54,-1.02,-1.09,0.92,62.40,34.65,51.75,33.64,14.76,985.39,-49.53,-157.50,-673.75,-271.25,1,53.319,"
1784218589.9152324,"01/01/2000,04:44:11.07,-1035.16,3.91,71.29,2.83,-0.35,-0.61,63.15,31.80,54.0,33.68,14.88,985.39,-51.85,-122.50,-761.25,-201.25,1,53.319,"
1784218589.9268267,"01/01/2000,04:44:11.09,-1006.35,-10.25,94.73,0.11,0.45,-1.54,61.20,33.75,53.25,33.64,14.88,986.13,-53.56,-157.50,-700.0,-218.75,1,53.319,"
1784218589.9554567,"01/01/2000,04:44:11.11,-1005.86,9.77,87.40,0.46,1.05,-0.71,61.65,32.55,53.25,33.59,15.01,986.13,-53.56,-735.0,-647.50,-420.0,1,53.319,"
1784218589.9711387,"01/01/2000,04:44:11.13,-1032.23,14.65,55.66,1.72,3.40,-0.42,62.40,33.75,52.50,33.44,15.01,985.15,-55.02,-682.50,-691.25,-297.50,1,53.319,"
1784218590.004018,"01/01/2000,04:44:11.16,-1027.83,5.86,7.81,-2.03,2.76,3.27,62.55,35.25,53.10,33.44,15.25,986.37,-56.61,-1373.75,-752.50,-218.75,1,53.319,"
1784218590.0294917,"01/01/2000,04:44:11.18,-1007.32,-41.99,68.85,0.60,3.34,-0.97,62.55,33.60,53.40,33.78,15.37,985.76,-57.83,-1452.50,-577.50,-271.25,1,53.319,"
1784218590.0434775,"01/01/2000,04:44:11.20,-1037.60,-18.07,28.81,0.78,0.97,2.74,63.15,34.20,54.0,33.64,15.49,985.64,-58.80,-2135.0,-498.75,-105.0,1,53.319,"
1784218590.0601184,"01/01/2000,04:44:11.22,-1023.93,-7.32,-11.72,-3.27,2.63,-0.02,62.40,33.0,52.20,33.88,15.37,986.25,-58.56,-2668.75,-245.0,-271.25,1,53.319,"
1784218590.079516,"01/01/2000,04:44:11.24,-1027.34,-37.11,87.40,-1.04,0.28,-1.50,62.25,34.35,51.15,33.64,15.37,986.74,-56.73,-2712.50,96.25,-358.75,1,53.319,"
1784218590.1109543,"01/01/2000,04:44:11.25,-1030.76,-6.84,36.62,0.05,2.42,-1.34,63.15,33.45,52.95,33.83,15.86,987.71,-54.17,-3228.75,148.75,-201.25,1,53.319,"
1784218590.1254241,"01/01/2000,04:44:11.28,-1030.27,-20.02,59.08,-1.75,4.22,3.37,63.0,34.35,53.10,33.44,15.49,986.98,-50.39,-3526.25,280.0,-455.0,1,53.319,"
1784218590.14384,"01/01/2000,04:44:11.30,-1045.90,-39.55,48.34,-1.16,3.37,3.12,61.80,31.65,54.15,33.64,15.37,985.88,-51.00,-3692.50,411.25,-201.25,1,53.319,"
1784218590.162045,"01/01/2000,04:44:11.32,-1015.63,-31.25,96.19,-2.84,3.27,-1.95,62.55,33.60,52.35,33.59,15.62,985.76,-51.73,-3263.75,997.50,-262.50,1,53.319,"
1784218590.1819007,"01/01/2000,04:44:11.34,-1015.63,-43.46,42.48,-4.73,4.47,-0.73,63.75,33.60,50.85,33.64,16.10,986.98,-48.80,-3158.75,1610.0,-323.75,1,53.319,"
1784218590.1939313,"01/01/2000,04:44:11.36,-1009.77,-24.41,-36.13,-0.73,3.42,-0.59,61.65,32.55,54.75,33.68,16.10,987.83,-43.43,-3640.0,1785.0,-446.25,1,53.319,"
1784218590.2172654,"01/01/2000,04:44:11.38,-1036.62,-2.44,10.25,-0.07,4.76,0.21,63.30,33.60,51.90,33.64,15.62,987.47,-39.41,-4287.50,1233.75,-376.25,1,53.319,"
1784218590.2350254,"01/01/2000,04:44:11.39,-1031.25,-17.58,54.20,0.95,4.63,2.96,62.55,32.85,51.60,33.35,14.27,986.49,-39.16,-4270.0,726.25,-367.50,1,53.319,"
1784218590.2563608,"01/01/2000,04:44:11.41,-995.12,5.37,10.25,-0.35,2.47,1.60,64.05,34.05,53.40,33.64,13.18,986.13,-40.14,-3421.25,52.50,-332.50,1,53.319,"
1784218590.2744994,"01/01/2000,04:44:11.43,-993.65,-27.34,64.45,-1.60,3.31,1.02,62.55,33.15,52.65,33.35,13.05,986.37,-39.53,-3316.25,-183.75,-420.0,1,53.319,"
1784218590.2904723,"01/01/2000,04:44:11.45,-1038.09,-8.30,12.70,0.09,2.68,-0.92,61.35,35.25,51.60,33.59,13.91,986.49,-36.84,-3526.25,78.75,-236.25,1,53.319,"
1784218590.3076653,"01/01/2000,04:44:11.47,-1010.25,-20.02,-20.02,-1.82,2.92,-0.37,63.0,34.35,51.60,33.35,14.88,986.37,-34.89,-3762.50,350.0,-280.0,1,53.319,"
1784218590.326874,"01/01/2000,04:44:11.49,-979.00,-17.58,54.69,-1.92,3.69,-1.0,63.60,33.45,52.20,33.64,14.88,985.76,-33.92,-3412.50,612.50,-306.25,1,53.319,"
1784218590.3462038,"01/01/2000,04:44:11.50,-1015.63,-22.46,22.46,-2.69,3.24,1.09,64.65,34.20,51.0,33.59,14.40,985.64,-33.31,-2782.50,393.75,-350.0,1,53.319,"
1784218590.3696542,"01/01/2000,04:44:11.52,-1032.23,-19.04,12.70,-0.75,3.25,0.56,63.30,34.05,52.35,33.44,14.03,986.25,-31.35,-2826.25,218.75,-385.0,1,53.319,"
1784218590.3844793,"01/01/2000,04:44:11.54,-1000.0,-18.55,39.55,-0.64,4.85,-0.16,62.70,30.60,53.25,33.49,13.91,986.00,-29.77,-3246.25,-262.50,-376.25,1,53.319,"
1784218590.3934653,"01/01/2000,04:44:11.56,-1027.34,-38.09,46.88,-0.94,1.98,3.07,62.70,30.60,53.25,33.35,13.91,985.03,-30.26,-3027.50,-455.0,-350.0,1,53.319,"
1784218590.419321,"01/01/2000,04:44:11.58,-1012.21,-10.74,-51.27,-1.99,3.98,0.02,63.15,34.65,51.0,33.78,13.91,984.91,-30.38,-2467.50,-411.25,-411.25,1,53.319,"
1784218590.4369156,"01/01/2000,04:44:11.59,-1028.81,-33.20,56.64,0.39,3.35,0.73,63.30,33.15,51.15,33.59,14.27,985.52,-29.52,-2301.25,-105.0,-227.50,1,53.319,"
1784218590.4606466,"01/01/2000,04:44:11.62,-1018.07,-51.76,35.16,-1.69,2.44,-1.22,62.55,33.60,51.15,33.64,14.64,986.49,-27.08,-2257.50,-140.0,-367.50,1,53.319,"
1784218590.4936273,"01/01/2000,04:44:11.65,-1019.53,-35.16,-20.51,1.33,-0.52,-0.05,63.60,34.65,49.80,33.68,14.03,983.08,-25.62,-892.50,-1050.0,-227.50,1,53.319,"
1784218590.5101655,"01/01/2000,04:44:11.67,-991.70,-29.79,19.04,-1.39,3.31,-0.42,62.25,34.05,50.10,33.44,14.27,984.91,-24.16,-1540.0,-918.75,-70.0,1,53.319,"
1784218590.5267603,"01/01/2000,04:44:11.69,-1014.16,-3.42,-7.32,1.44,1.88,-1.34,61.65,34.95,51.30,33.68,13.66,987.22,-22.94,-1146.25,-1163.75,-446.25,1,53.319,"
1784218590.5541527,"01/01/2000,04:44:11.71,-1024.41,-33.69,39.06,0.05,-1.67,0.18,64.05,32.85,50.85,33.49,13.18,987.83,-22.57,-717.50,-2091.25,-140.0,1,53.319,"
1784218590.569328,"01/01/2000,04:44:11.72,-1001.95,-35.16,-6.35,2.78,-1.39,0.28,63.75,33.15,51.15,33.78,12.69,985.39,-24.52,113.75,-2913.75,-315.0,1,53.319,"
1784218590.5935316,"01/01/2000,04:44:11.75,-1024.90,-19.04,26.37,2.98,1.69,2.67,64.65,33.45,51.75,33.49,12.69,983.08,-27.21,962.50,-3342.50,-183.75,1,53.319,"
1784218590.6037467,"01/01/2000,04:44:11.76,-1022.46,-33.69,-1.95,1.30,-0.89,1.60,63.60,32.55,51.0,33.64,13.66,984.54,-25.74,866.25,-1820.0,-236.25,1,53.319,"
1784218590.6224644,"01/01/2000,04:44:11.78,-991.70,-15.63,48.34,-0.53,-0.07,-2.13,63.60,32.55,51.0,33.44,15.25,985.88,-22.94,481.25,-700.0,-332.50,1,53.319,"
1784218590.6511977,"01/01/2000,04:44:11.81,-1015.14,-3.42,26.37,3.71,-0.69,-1.71,61.80,33.15,53.85,33.59,15.49,987.22,-18.67,148.75,-1373.75,-183.75,1,53.319,"
1784218590.6904852,"01/01/2000,04:44:11.85,-1031.25,-15.63,-16.60,2.02,-0.21,1.27,64.05,33.60,51.60,33.59,13.42,985.76,-21.47,280.0,-1846.25,-253.75,1,53.319,"
1784218590.7103112,"01/01/2000,04:44:11.87,-1021.48,-32.23,-13.67,-0.82,0.14,0.73,63.0,32.40,52.65,33.64,14.15,986.74,-19.89,385.0,-1225.0,-218.75,1,53.319,"
1784218590.7273152,"01/01/2000,04:44:11.88,-1018.07,-17.58,2.44,-1.84,2.41,0.26,64.50,34.05,50.40,33.59,15.98,988.57,-16.84,-533.75,-656.25,-183.75,1,53.319,"
1784218590.747073,"01/01/2000,04:44:11.90,-999.51,-20.51,80.08,2.15,-2.21,-0.22,63.30,31.95,50.85,33.83,15.13,986.37,-18.79,-271.25,-1688.75,8.75,1,53.319,"
1784218590.7799234,"01/01/2000,04:44:11.94,-1009.28,-21.97,-16.11,1.38,0.06,0.10,63.75,33.60,50.40,33.68,13.18,985.03,-23.67,918.75,-1855.0,-271.25,1,53.319,"
1784218590.7934895,"01/01/2000,04:44:11.96,-1013.18,-41.50,-29.30,-0.75,-1.27,1.08,64.05,34.05,50.10,33.49,13.91,986.13,-21.47,743.75,-1697.50,-288.75,1,53.319,"
1784218590.823952,"01/01/2000,04:44:11.98,-1011.23,-15.63,10.74,2.88,-2.81,0.21,63.30,34.35,53.40,33.49,14.76,986.13,-18.91,743.75,-1741.25,-323.75,1,53.319,"
1784218590.854219,"01/01/2000,04:44:12.01,-1043.95,-9.28,9.28,1.44,0.24,-0.96,64.95,32.85,52.65,33.68,15.62,986.74,-18.67,-157.50,-892.50,-131.25,1,53.319,"
1784218590.870482,"01/01/2000,04:44:12.03,-1021.00,5.37,-71.29,3.34,-0.92,-1.44,62.70,32.25,52.50,33.49,13.54,986.13,-21.84,1023.75,-1575.0,-201.25,1,53.319,"
1784218590.9109545,"01/01/2000,04:44:12.07,-994.14,-12.70,-21.97,0.19,-0.47,1.73,64.35,33.75,51.75,33.68,13.79,987.71,-21.72,1330.0,-2861.25,-148.75,1,53.319,"
1784218590.9268272,"01/01/2000,04:44:12.09,-1022.95,-25.39,-28.81,-2.29,1.64,0.32,62.55,34.05,51.60,33.68,16.23,987.10,-19.28,52.50,-1137.50,-280.0,1,53.319,"
1784218590.9531422,"01/01/2000,04:44:12.11,-1033.20,-20.02,43.46,1.54,-2.24,-0.36,64.05,33.15,52.35,33.64,16.96,985.27,-20.01,1085.0,-411.25,-8.75,1,53.319,"
1784218590.9666188,"01/01/2000,04:44:12.12,-1036.13,-5.86,-47.36,-0.82,-4.05,1.97,64.95,33.15,50.85,33.68,15.98,985.64,-21.96,1461.25,-210.0,-271.25,1,53.319,"
1784218590.9837754,"01/01/2000,04:44:12.14,-1027.83,-16.11,38.57,1.31,-2.08,0.51,63.30,33.60,50.85,33.83,14.64,987.47,-22.57,1365.0,-1067.50,-306.25,1,53.319,"
1784218591.0227358,"01/01/2000,04:44:12.18,-1005.37,-18.07,-0.98,0.42,0.31,-0.34,61.80,31.20,53.40,33.68,15.13,986.13,-21.23,700.0,-840.0,-201.25,1,53.319,"
1784218591.0398226,"01/01/2000,04:44:12.20,-1005.86,-31.74,91.80,0.56,-0.74,1.65,62.70,33.75,52.20,33.64,15.62,985.76,-21.11,875.0,-306.25,-131.25,1,53.319,"
1784218591.0563345,"01/01/2000,04:44:12.22,-1002.44,-33.69,-8.30,0.34,-1.34,0.28,63.0,33.60,50.40,33.35,14.88,986.74,-20.62,980.0,-341.25,-253.75,1,53.319,"
1784218591.077697,"01/01/2000,04:44:12.24,-1027.83,-17.58,-60.06,1.63,-2.26,-2.81,64.50,34.05,50.85,33.59,14.64,988.44,-21.11,568.75,-752.50,-105.0,1,53.319,"
1784218591.0960534,"01/01/2000,04:44:12.25,-1011.23,-24.90,25.39,-0.43,2.97,-1.66,64.05,33.15,51.60,33.44,14.27,986.98,-22.20,332.50,-857.50,-323.75,1,53.319,"
1784218591.1108744,"01/01/2000,04:44:12.27,-1041.99,-12.21,12.70,2.27,-1.25,-3.20,63.90,33.45,51.75,33.35,14.64,985.03,-23.30,560.0,-875.0,-26.25,1,53.319,"
1784218591.1273274,"01/01/2000,04:44:12.29,-1021.48,-13.18,-6.84,2.02,-1.98,0.21,64.95,32.40,51.60,33.59,14.64,984.05,-24.28,927.50,-682.50,-411.25,1,53.319,"
1784218591.1570792,"01/01/2000,04:44:12.31,-1012.70,-12.21,-66.41,1.88,-2.37,0.98,63.15,32.55,53.70,33.59,14.88,984.54,-25.62,2047.50,-796.25,-8.75,1,53.319,"
1784218591.1781406,"01/01/2000,04:44:12.34,-1031.25,-6.84,-14.65,-1.39,0.44,-1.89,64.50,32.40,51.90,33.49,14.76,986.98,-23.91,1636.25,-630.0,-201.25,1,53.319,"
1784218591.1934874,"01/01/2000,04:44:12.35,-994.14,-25.39,-71.78,0.33,-0.08,-1.36,63.90,33.0,50.25,33.44,15.25,988.69,-21.35,175.0,-525.0,-87.50,1,53.319,"
1784218591.2157438,"01/01/2000,04:44:12.37,-999.02,-19.53,8.30,1.24,1.16,-3.85,64.50,33.15,51.90,33.49,14.88,988.69,-20.86,-323.75,-603.75,-218.75,1,53.319,"
1784218591.2333343,"01/01/2000,04:44:12.39,-1011.23,-22.95,-34.67,0.17,1.37,-0.20,63.75,33.60,51.15,33.44,14.40,987.96,-22.08,87.50,-927.50,-280.0,1,53.319,"
1784218591.2498176,"01/01/2000,04:44:12.41,-1012.70,-22.95,-4.39,1.09,1.36,-0.80,65.40,32.55,52.20,33.64,14.76,987.47,-23.79,253.75,-735.0,-192.50,1,53.319,"
1784218591.260294,"01/01/2000,04:44:12.43,-1009.28,-11.72,-26.37,0.57,-0.77,0.53,63.75,33.60,51.90,33.64,14.76,986.61,-25.62,227.50,-621.25,-446.25,1,53.319,"
1784218591.289522,"01/01/2000,04:44:12.45,-998.54,-18.55,30.27,0.79,0.21,-1.44,63.75,33.15,50.85,33.35,15.01,985.39,-26.60,455.0,-586.25,-288.75,1,53.319,"
1784218591.310306,"01/01/2000,04:44:12.46,-1017.58,-11.72,5.86,1.67,2.56,1.72,64.05,34.05,53.10,33.64,14.76,985.03,-26.72,358.75,-498.75,-315.0,1,53.319,"
1784218591.3267817,"01/01/2000,04:44:12.48,-1024.41,-11.72,-21.97,-1.47,0.56,0.53,64.65,34.20,51.75,33.88,14.76,986.13,-25.50,288.75,-183.75,-297.50,1,53.319,"
1784218591.3369496,"01/01/2000,04:44:12.50,-1028.81,-22.46,13.67,-1.86,-1.63,0.33,63.60,32.25,52.50,33.59,14.76,987.10,-24.64,428.75,-586.25,-157.50,1,53.319,"
1784218591.379587,"01/01/2000,04:44:12.54,-1017.09,-16.11,-39.55,0.46,1.08,0.76,64.65,33.75,51.75,33.64,15.74,987.59,-22.94,-805.0,288.75,-148.75,1,53.319,"
1784218591.4138033,"01/01/2000,04:44:12.57,-1021.48,-0.98,-34.18,2.12,1.22,2.68,64.65,34.65,52.20,33.59,14.15,985.52,-25.13,603.75,-770.0,-210.0,1,53.319,"
1784218591.4338818,"01/01/2000,04:44:12.59,-1004.39,-24.90,4.88,-1.87,0.79,-0.11,64.95,33.15,50.40,33.59,15.01,986.25,-24.89,-35.0,17.50,-297.50,1,53.319,"
1784218591.4500148,"01/01/2000,04:44:12.61,-1000.0,-44.43,25.88,0.32,1.09,1.31,63.90,33.75,51.0,33.64,15.13,985.64,-23.91,-490.0,0.0,-280.0,1,53.319,"
1784218591.4903514,"01/01/2000,04:44:12.65,-1017.58,-23.44,27.83,3.84,-1.50,-0.60,63.30,33.60,52.35,33.35,14.15,986.25,-27.57,927.50,-787.50,-262.50,1,53.319,"
1784218591.5066118,"01/01/2000,04:44:12.66,-1026.37,-24.90,-58.59,0.93,-0.70,2.20,63.75,33.60,51.90,33.78,14.52,987.10,-27.94,1190.0,-533.75,-140.0,1,53.319,"
1784218591.5258882,"01/01/2000,04:44:12.68,-998.54,-4.88,14.65,-0.02,-0.92,-0.30,64.95,34.80,50.10,33.64,15.01,987.47,-25.86,428.75,-245.0,-192.50,1,53.319,"
1784218591.5425222,"01/01/2000,04:44:12.70,-1012.70,-24.41,-24.90,-0.47,2.40,0.69,65.25,35.25,51.60,33.35,14.88,986.74,-23.79,-367.50,-306.25,-280.0,1,53.319,"
1784218591.5625446,"01/01/2000,04:44:12.72,-1030.27,5.37,-36.13,0.46,1.86,2.96,64.50,32.85,50.85,33.35,14.64,986.25,-24.16,26.25,-568.75,-192.50,1,53.319,"
1784218591.593536,"01/01/2000,04:44:12.76,-1007.32,-13.18,41.50,-0.26,-1.15,-1.14,64.35,34.95,51.30,33.49,14.64,987.59,-26.11,962.50,-568.75,-166.25,1,53.319,"
1784218591.6363459,"01/01/2000,04:44:12.79,-1027.34,-25.88,26.86,-0.08,0.22,-0.12,64.65,34.20,52.20,33.44,14.52,984.78,-25.99,612.50,-1198.75,-315.0,1,53.319,"
1784218591.6533592,"01/01/2000,04:44:12.81,-1007.32,-7.32,31.25,0.15,-1.18,-1.16,64.05,35.25,51.15,33.44,14.88,985.64,-26.23,892.50,-568.75,-175.0,1,53.319,"
1784218591.6783743,"01/01/2000,04:44:12.84,-1025.88,-31.74,-4.39,-0.14,-0.36,2.11,64.65,34.20,49.80,33.64,14.88,987.96,-25.38,866.25,-630.0,-245.0,1,53.319,"
1784218591.7009926,"01/01/2000,04:44:12.86,-1000.49,0.0,-36.62,-0.13,0.55,-2.23,65.85,32.25,52.20,33.49,15.25,986.49,-24.03,411.25,-542.50,-148.75,1,53.319,"
1784218591.722962,"01/01/2000,04:44:12.88,-1022.95,-31.25,-2.93,-0.92,-1.48,-0.62,64.35,33.0,52.20,33.83,14.64,983.08,-25.86,1181.25,-1286.25,-262.50,1,53.319,"
1784218591.7371612,"01/01/2000,04:44:12.89,-1006.84,-49.80,53.22,0.21,-0.56,0.70,62.70,33.0,51.75,33.64,15.37,985.03,-26.11,1067.50,-525.0,-105.0,1,53.319,"
1784218591.7555127,"01/01/2000,04:44:12.91,-1036.62,-12.21,7.81,0.73,-0.70,-0.82,64.65,33.75,50.25,33.64,15.25,989.66,-25.38,-253.75,-61.25,-148.75,1,53.319,"
1784218591.7919338,"01/01/2000,04:44:12.95,-982.91,-33.69,25.39,2.63,-1.53,-0.38,62.70,32.25,52.20,33.35,14.76,985.52,-28.30,647.50,-1461.25,-52.50,1,53.319,"
1784218591.8040223,"01/01/2000,04:44:12.97,-1027.34,-32.71,31.74,-0.37,-1.03,-0.17,64.50,34.80,50.10,33.68,15.86,984.05,-29.28,971.25,-411.25,-166.25,1,53.319,"
1784218591.826524,"01/01/2000,04:44:12.98,-1022.46,-35.16,9.28,1.37,0.43,1.22,64.05,34.05,50.10,33.59,15.98,985.76,-26.96,332.50,350.0,-113.75,1,53.319,"
1784218591.846899,"01/01/2000,04:44:13.01,-1011.72,-19.04,-25.88,2.06,-0.04,-0.28,64.05,34.35,51.60,33.59,15.01,988.08,-24.40,-367.50,-280.0,-210.0,1,53.319,"
1784218591.8814528,"01/01/2000,04:44:13.04,-1027.83,-0.49,-28.32,-0.15,-0.27,0.34,64.65,33.0,51.0,33.44,14.88,988.08,-24.77,-586.25,-665.0,-148.75,1,53.319,"
1784218591.9027088,"01/01/2000,04:44:13.06,-1021.97,-1.46,-55.66,0.09,-2.32,1.99,63.30,34.05,51.15,33.83,15.13,985.88,-27.33,621.25,-516.25,-183.75,1,53.319,"
1784218591.9229586,"01/01/2000,04:44:13.08,-992.19,-38.57,28.81,-1.05,0.20,-2.87,63.90,34.20,52.50,33.49,15.13,986.37,-26.84,236.25,-315.0,-367.50,1,53.319,"
1784218591.9376228,"01/01/2000,04:44:13.10,-1000.98,-27.34,0.98,0.16,1.50,-2.21,65.40,33.0,51.0,33.49,14.88,986.25,-26.23,-271.25,-428.75,-271.25,1,53.319,"
1784218591.955019,"01/01/2000,04:44:13.11,-997.56,-28.32,31.74,0.93,2.23,0.66,64.65,34.95,51.30,33.49,13.91,983.81,-26.84,463.75,-1146.25,-271.25,1,53.319,"
1784218591.9936097,"01/01/2000,04:44:13.15,-1008.30,-1.46,-10.74,0.85,-0.79,0.30,62.70,34.20,53.25,33.68,15.13,986.00,-29.52,962.50,-673.75,-175.0,1,53.319,"
1784218592.0104883,"01/01/2000,04:44:13.17,-1025.39,-24.41,30.76,-0.29,0.36,-3.42,64.35,33.75,51.30,33.64,15.25,987.59,-28.55,708.75,-210.0,-271.25,1,53.319,"
1784218592.0278091,"01/01/2000,04:44:13.19,-1023.44,-10.74,-31.25,2.14,-2.53,1.77,64.35,33.0,51.30,33.59,15.01,988.08,-26.72,455.0,-682.50,-131.25,1,53.319,"
1784218592.0473459,"01/01/2000,04:44:13.21,-1011.23,0.98,-68.36,0.16,2.32,-0.60,64.05,31.20,53.40,33.59,15.01,986.98,-25.25,210.0,-577.50,-253.75,1,53.319,"
1784218592.0601847,"01/01/2000,04:44:13.22,-1029.79,-33.69,-38.09,1.66,2.15,-0.77,64.65,33.45,52.95,33.83,15.01,988.20,-24.40,-586.25,-577.50,-131.25,1,53.319,"
1784218592.088514,"01/01/2000,04:44:13.24,-1026.37,-16.11,17.58,0.37,1.0,0.24,64.50,32.40,51.90,33.68,14.15,988.20,-25.86,-105.0,-866.25,-367.50,1,53.319,"
1784218592.1102233,"01/01/2000,04:44:13.26,-1038.09,-39.55,66.89,1.97,-3.91,-1.61,63.90,33.75,51.75,33.30,12.93,986.61,-28.67,1356.25,-2318.75,-306.25,1,53.320,"
1784218592.1250725,"01/01/2000,04:44:13.28,-1000.0,-26.86,-0.98,0.03,-1.31,-1.67,64.95,34.05,51.60,33.64,15.25,985.27,-29.77,1172.50,-1050.0,-35.0,1,53.319,"
1784218592.137017,"01/01/2000,04:44:13.30,-1004.39,-11.23,-46.88,-0.16,0.59,1.06,64.95,32.85,51.90,33.64,16.35,985.03,-27.45,306.25,271.25,-227.50,1,53.319,"
1784218592.1572206,"01/01/2000,04:44:13.32,-1026.86,10.25,-55.18,-1.99,-3.40,0.21,63.90,34.65,52.20,33.64,14.76,984.66,-27.08,962.50,-1181.25,-175.0,1,53.319,"
1784218592.1828666,"01/01/2000,04:44:13.34,-993.16,-6.35,-15.63,1.60,1.31,1.96,64.50,32.40,54.60,33.83,15.37,987.83,-25.62,402.50,-367.50,-323.75,1,53.319,"
1784218592.2255223,"01/01/2000,04:44:13.38,-996.58,-3.91,18.55,2.67,-0.29,0.83,65.25,33.60,51.60,33.59,14.64,986.25,-25.62,52.50,-971.25,-297.50,1,53.319,"
1784218592.245022,"01/01/2000,04:44:13.40,-1026.37,-37.60,0.0,-0.47,0.45,2.44,63.60,33.45,52.50,33.49,15.74,987.96,-25.62,-656.25,-315.0,-87.50,1,53.319,"
1784218592.260213,"01/01/2000,04:44:13.42,-1002.93,-30.76,25.39,-1.47,0.78,-0.55,65.85,31.80,52.20,33.68,15.74,989.42,-25.25,-1260.0,306.25,-385.0,1,53.319,"
1784218592.2786133,"01/01/2000,04:44:13.44,-1030.76,-44.43,28.81,-1.07,1.24,-2.34,64.50,32.40,51.15,33.49,15.37,988.69,-25.62,-1041.25,-201.25,-113.75,1,53.319,"
1784218592.2957644,"01/01/2000,04:44:13.45,-1018.07,-23.93,-7.32,-0.98,0.75,0.37,64.35,33.45,52.50,33.59,15.01,986.98,-26.60,-778.75,-245.0,-192.50,1,53.319,"
1784218592.3099139,"01/01/2000,04:44:13.47,-1020.02,-0.49,-17.09,2.51,0.57,-1.17,64.50,35.25,51.60,33.35,14.52,986.49,-27.57,-446.25,-437.50,-297.50,1,53.319,"
1784218592.3317838,"01/01/2000,04:44:13.49,-1025.39,-52.25,30.76,0.11,-0.85,0.08,65.85,33.75,51.75,33.59,14.88,986.00,-27.33,-297.50,-288.75,-192.50,1,53.319,"
1784218592.3693404,"01/01/2000,04:44:13.53,-1012.21,-25.39,-11.72,0.56,-2.38,-1.08,65.25,34.05,51.90,33.64,14.15,985.03,-28.18,918.75,-1373.75,-140.0,1,53.319,"
1784218592.389083,"01/01/2000,04:44:13.55,-1003.42,-29.30,7.32,3.23,0.11,1.43,66.30,31.05,53.70,33.78,13.18,984.78,-31.60,2205.0,-2397.50,-280.0,1,53.319,"
1784218592.4036255,"01/01/2000,04:44:13.57,-1008.30,-18.55,-71.78,0.68,-1.31,0.91,64.65,33.45,53.25,33.49,13.54,983.08,-32.21,2791.25,-2196.25,-315.0,1,53.319,"
1784218592.4283805,"01/01/2000,04:44:13.58,-1032.71,-14.16,-20.51,0.53,-3.27,-1.32,65.40,35.40,52.20,33.59,14.76,982.83,-30.26,2555.0,-1251.25,0.0,1,53.319,"
1784218592.4433749,"01/01/2000,04:44:13.60,-1001.95,-30.76,3.91,1.52,1.69,1.95,64.50,31.95,53.10,33.35,15.98,985.88,-27.08,1032.50,105.0,-236.25,1,53.319,"
1784218592.460262,"01/01/2000,04:44:13.62,-1016.60,-20.02,-28.32,0.63,0.63,1.68,66.30,33.0,52.20,33.59,17.08,989.54,-24.16,-393.75,341.25,-166.25,1,53.319,"
1784218592.497873,"01/01/2000,04:44:13.66,-1020.51,-8.30,-53.71,1.26,-0.28,-1.56,63.90,34.20,51.75,33.59,14.76,989.91,-25.13,-525.0,-568.75,-271.25,1,53.319,"
1784218592.5134387,"01/01/2000,04:44:13.67,-1016.11,-17.09,-33.20,-0.60,0.38,1.81,64.50,33.60,53.10,33.59,15.01,987.96,-26.23,-341.25,-175.0,-157.50,1,53.319,"
1784218592.537338,"01/01/2000,04:44:13.69,-992.19,-12.21,-28.81,0.91,0.44,0.45,64.95,34.35,51.60,33.64,14.64,986.25,-27.08,-262.50,-603.75,-271.25,1,53.319,"
1784218592.554154,"01/01/2000,04:44:13.71,-1000.0,-18.55,53.71,1.31,-1.79,-1.03,65.40,32.55,50.25,33.64,13.05,983.08,-30.50,1330.0,-2301.25,-113.75,1,53.319,"
1784218592.5705495,"01/01/2000,04:44:13.73,-1017.09,-18.07,-41.99,0.82,-3.63,0.50,64.05,32.85,51.60,33.49,13.79,981.61,-32.82,3290.0,-2135.0,-218.75,1,53.319,"
1784218592.593567,"01/01/2000,04:44:13.75,-1033.69,-18.07,-34.67,-0.78,-4.54,1.11,65.85,33.0,52.50,33.78,16.23,983.56,-27.94,3333.75,17.50,-175.0,1,53.319,"
1784218592.603984,"01/01/2000,04:44:13.77,-987.79,-19.53,-58.11,-2.08,-1.11,-0.31,63.60,33.0,52.95,33.59,16.47,984.42,-21.96,2178.75,551.25,-393.75,1,53.319,"
1784218592.6279802,"01/01/2000,04:44:13.78,-1029.79,-10.25,-9.77,1.85,1.25,0.07,65.40,33.45,51.75,33.49,16.35,987.71,-15.13,428.75,-61.25,-78.75,1,53.319,"
1784218592.6505506,"01/01/2000,04:44:13.80,-1025.39,3.91,7.32,2.21,1.50,-0.69,65.40,33.75,52.50,33.64,15.37,991.13,-14.15,-1618.75,-306.25,-297.50,1,53.319,"
1784218592.6826668,"01/01/2000,04:44:13.84,-1014.16,-17.58,-10.25,1.60,-1.50,1.10,63.90,32.55,52.50,33.68,14.03,984.91,-23.18,2100.0,-1093.75,-315.0,1,53.319,"
1784218592.712963,"01/01/2000,04:44:13.86,-998.54,-28.32,-28.32,-0.95,1.46,1.61,65.25,33.15,53.85,33.59,15.62,985.52,-19.28,1513.75,-61.25,-183.75,1,53.319,"
1784218592.7269778,"01/01/2000,04:44:13.89,-1017.09,-28.81,-19.53,-0.60,-2.15,-2.91,63.60,33.75,53.70,33.78,15.62,987.22,-15.25,463.75,-70.0,-210.0,1,53.319,"
1784218592.7534664,"01/01/2000,04:44:13.91,-1020.51,-34.67,23.44,0.99,-0.59,-1.83,62.25,33.15,54.15,33.59,14.52,987.96,-16.96,332.50,-1006.25,-131.25,1,53.319,"
1784218592.7836618,"01/01/2000,04:44:13.94,-964.36,-3.42,-64.94,-0.08,-2.70,0.12,64.95,34.05,53.10,33.49,13.66,985.39,-24.16,1548.75,-1207.50,-341.25,1,53.319,"
1784218592.8039403,"01/01/2000,04:44:13.96,-1077.15,-60.55,82.03,-2.30,0.95,0.81,65.25,34.35,51.90,33.64,15.01,984.54,-24.64,1505.0,-665.0,-280.0,1,53.319,"
1784218592.828922,"01/01/2000,04:44:13.98,-979.49,-18.07,-21.00,-1.04,0.12,-1.08,64.35,32.25,52.50,33.68,15.86,984.66,-23.42,1058.75,-227.50,-210.0,1,53.319,"
1784218592.8418937,"01/01/2000,04:44:14.00,-1047.85,-8.79,27.83,0.66,-1.22,1.89,64.35,32.25,52.50,33.78,15.62,987.83,-23.06,533.75,-315.0,-245.0,1,53.319,"
1784218592.8561618,"01/01/2000,04:44:14.01,-1013.67,-37.11,-25.88,2.06,-0.20,-1.16,63.90,34.95,52.20,33.64,15.13,989.42,-25.74,183.75,-656.25,-245.0,1,53.319,"
1784218592.8783672,"01/01/2000,04:44:14.04,-1010.74,-27.34,33.69,-0.07,-1.46,3.02,64.50,34.80,53.10,33.59,14.15,986.37,-29.28,883.75,-708.75,-262.50,1,53.319,"
1784218592.8965364,"01/01/2000,04:44:14.05,-1004.39,-6.35,-7.81,0.99,0.95,0.43,65.10,33.0,53.25,33.64,14.52,985.27,-30.01,857.50,-682.50,-183.75,1,53.319,"
1784218592.9125605,"01/01/2000,04:44:14.07,-1002.44,-33.69,-31.25,-0.73,0.24,-1.34,65.85,33.75,52.50,33.35,15.13,985.76,-29.77,507.50,-525.0,-201.25,1,53.319,"
1784218592.9268093,"01/01/2000,04:44:14.09,-1036.13,-14.65,16.11,2.18,0.38,-2.65,65.85,33.75,52.50,33.78,15.62,986.98,-30.26,376.25,-533.75,-253.75,1,53.319,"
1784218592.9539998,"01/01/2000,04:44:14.11,-1008.30,-19.53,0.0,-0.21,-0.48,0.54,63.60,32.55,54.75,33.30,15.49,986.98,-31.60,463.75,-770.0,-218.75,1,53.319,"
1784218592.96793,"01/01/2000,04:44:14.13,-1043.95,-34.67,67.87,-0.59,-1.55,1.82,63.90,33.0,52.50,33.68,15.01,986.00,-32.33,551.25,-621.25,-253.75,1,53.319,"
1784218592.9855914,"01/01/2000,04:44:14.14,-1038.57,-23.44,3.42,-0.66,-1.97,-1.02,65.25,33.15,52.65,33.49,15.01,986.00,-32.70,455.0,-472.50,-140.0,1,53.319,"
1784218593.0038157,"01/01/2000,04:44:14.16,-1017.09,-33.69,42.48,-0.83,0.66,1.62,64.65,33.45,52.20,33.64,14.76,986.49,-32.82,393.75,-586.25,-411.25,1,53.319,"
1784218593.023457,"01/01/2000,04:44:14.18,-980.47,-19.04,-24.41,1.14,2.13,3.08,64.05,32.85,53.40,33.35,15.37,986.74,-33.18,472.50,-910.0,-35.0,1,53.319,"
1784218593.0412955,"01/01/2000,04:44:14.20,-1010.25,-23.93,-0.98,0.18,-1.37,-0.76,65.70,33.15,51.90,33.49,15.01,986.25,-33.67,603.75,-525.0,-315.0,1,53.319,"
1784218593.056618,"01/01/2000,04:44:14.22,-1036.13,-62.01,42.97,0.79,-1.41,-1.56,65.70,33.15,51.90,33.35,15.13,986.00,-33.67,516.25,-778.75,-61.25,1,53.319,"
1784218593.079694,"01/01/2000,04:44:14.24,-1000.0,-29.79,-11.72,-0.82,-2.44,0.19,64.95,33.60,52.65,33.59,14.88,986.25,-33.67,385.0,-428.75,-315.0,1,53.319,"
1784218593.1130564,"01/01/2000,04:44:14.27,-1020.51,-29.30,23.93,-0.84,0.15,-1.21,63.90,34.65,53.25,33.35,15.25,986.13,-34.16,393.75,-848.75,-148.75,1,53.319,"
1784218593.1370163,"01/01/2000,04:44:14.29,-1024.41,-21.97,-21.00,0.37,-0.27,0.92,63.60,34.20,51.30,33.35,15.37,986.00,-34.28,315.0,-551.25,-297.50,1,53.320,"
1784218593.1540928,"01/01/2000,04:44:14.31,-1022.46,-31.25,-23.44,-0.44,0.60,0.14,65.25,32.85,53.10,33.59,15.49,986.25,-34.40,271.25,-735.0,-96.25,1,53.319,"
1784218593.1693285,"01/01/2000,04:44:14.33,-1020.02,-13.67,9.77,2.73,0.54,-2.17,65.25,32.85,53.10,33.78,15.25,986.49,-34.89,271.25,-463.75,-227.50,1,53.320,"
1784218593.1866684,"01/01/2000,04:44:14.34,-1014.16,-48.34,5.37,1.10,-0.73,1.24,64.95,34.35,53.10,33.59,15.01,986.37,-34.89,350.0,-883.75,-175.0,1,53.319,"
1784218593.2035627,"01/01/2000,04:44:14.36,-1017.58,-24.41,30.27,-1.60,1.77,0.85,65.85,33.45,52.95,33.64,15.25,986.25,-34.89,490.0,-595.0,-245.0,1,53.319,"
1784218593.230118,"01/01/2000,04:44:14.39,-1008.30,-13.67,25.88,-1.69,-1.72,1.50,64.95,31.95,51.90,33.59,15.37,986.37,-35.01,210.0,-700.0,-218.75,1,53.319,"
1784218593.2506871,"01/01/2000,04:44:14.41,-1026.86,-21.48,-48.83,2.37,1.24,-0.33,64.05,35.55,52.35,33.49,15.37,986.49,-35.38,288.75,-603.75,-227.50,1,53.319,"
1784218593.2714443,"01/01/2000,04:44:14.43,-1040.53,-20.51,-3.42,1.90,0.63,0.47,65.10,33.75,52.95,33.64,15.25,986.25,-35.38,288.75,-752.50,-227.50,1,53.319,"
1784218593.2895281,"01/01/2000,04:44:14.45,-1010.74,-47.36,18.07,-0.38,-0.07,0.96,64.35,34.20,52.20,33.68,15.25,986.49,-35.38,253.75,-612.50,-183.75,1,53.319,"
1784218593.307211,"01/01/2000,04:44:14.47,-1037.11,-52.25,15.14,0.11,0.56,0.53,64.05,32.85,51.90,33.64,15.37,986.25,-34.89,297.50,-595.0,-183.75,1,53.319,"
1784218593.3270183,"01/01/2000,04:44:14.48,-1021.00,-45.41,20.51,1.86,0.25,0.50,65.10,33.75,53.25,33.78,15.49,986.25,-35.14,183.75,-577.50,-166.25,1,53.319,"
1784218593.3373907,"01/01/2000,04:44:14.50,-995.12,3.91,-6.35,0.11,-1.08,-2.78,65.10,34.20,51.75,33.68,15.13,986.00,-35.38,297.50,-577.50,-271.25,1,53.319,"
1784218593.3622003,"01/01/2000,04:44:14.52,-1039.55,5.37,32.71,0.63,-0.57,-0.94,64.65,33.45,52.95,33.35,15.13,986.25,-35.62,507.50,-778.75,-218.75,1,53.319,"
1784218593.3944268,"01/01/2000,04:44:14.55,-1014.16,-29.30,31.25,0.95,-0.43,0.70,65.40,33.45,52.20,33.59,15.13,986.25,-35.38,140.0,-717.50,-210.0,1,53.319,"
1784218593.4147494,"01/01/2000,04:44:14.57,-1031.25,-23.93,-36.62,0.55,0.30,-1.35,66.30,33.75,52.20,33.64,15.25,986.25,-35.50,201.25,-638.75,-262.50,1,53.319,"
1784218593.4359186,"01/01/2000,04:44:14.59,-1024.90,-34.67,58.59,-0.69,-1.76,-0.91,65.10,32.55,52.50,33.59,15.25,986.25,-35.75,262.50,-603.75,-148.75,1,53.319,"
1784218593.4568462,"01/01/2000,04:44:14.61,-1003.42,-16.60,14.65,0.23,-0.73,-1.44,64.65,33.0,53.70,33.59,15.25,986.00,-35.75,218.75,-621.25,-227.50,1,53.319,"
1784218593.4905968,"01/01/2000,04:44:14.65,-1004.88,-2.93,20.51,0.56,-3.56,1.37,63.60,33.75,52.95,33.59,15.13,985.88,-35.87,288.75,-752.50,-306.25,1,53.319,"
1784218593.511232,"01/01/2000,04:44:14.67,-1014.65,-23.93,-41.50,2.12,0.79,0.39,64.65,33.0,51.0,33.44,15.37,986.25,-35.87,157.50,-446.25,-192.50,1,53.319,"
1784218593.5249567,"01/01/2000,04:44:14.68,-1014.65,-7.81,12.21,-0.89,-0.60,1.47,64.50,33.60,52.35,33.68,15.13,986.13,-35.87,315.0,-682.50,-271.25,1,53.319,"
1784218593.5372233,"01/01/2000,04:44:14.70,-1011.23,-3.42,25.39,1.80,1.22,0.79,65.85,32.55,53.25,33.49,15.37,986.13,-35.75,341.25,-857.50,-297.50,1,53.319,"
1784218593.5635865,"01/01/2000,04:44:14.72,-974.12,-21.48,-22.46,-0.12,0.09,-0.47,64.50,34.35,52.65,33.44,15.37,985.76,-35.87,192.50,-463.75,-262.50,1,53.319,"
1784218593.5937,"01/01/2000,04:44:14.76,-1056.64,-31.74,2.93,0.12,0.65,2.53,64.65,33.45,51.30,33.68,15.25,986.13,-36.11,271.25,-612.50,-166.25,1,53.320,"
1784218593.6168919,"01/01/2000,04:44:14.77,-1041.02,-20.51,-8.30,-1.71,0.34,-1.91,64.95,33.60,52.65,33.83,15.01,986.25,-35.87,358.75,-612.50,-253.75,1,53.320,"
1784218593.6534584,"01/01/2000,04:44:14.81,-1013.67,-31.25,21.97,-1.69,-0.24,1.81,63.90,33.45,52.50,33.64,15.25,986.25,-35.99,122.50,-560.0,-227.50,1,53.319,"
1784218593.6916716,"01/01/2000,04:44:14.85,-1009.77,-30.76,-5.86,1.50,-0.05,3.34,65.10,33.45,52.20,33.68,15.13,986.00,-36.36,437.50,-498.75,-306.25,1,53.320,"
1784218593.7103872,"01/01/2000,04:44:14.87,-1016.60,-18.07,18.07,-0.80,0.21,-2.37,64.50,34.05,52.65,33.78,15.37,986.25,-35.99,253.75,-708.75,-61.25,1,53.320,"
1784218593.725296,"01/01/2000,04:44:14.88,-1021.48,-14.16,20.02,-1.23,-0.73,-1.47,65.25,32.40,52.65,33.64,15.25,986.13,-35.87,306.25,-656.25,-122.50,1,53.320,"
1784218593.7551596,"01/01/2000,04:44:14.91,-1031.74,-12.21,-14.16,0.71,0.01,2.32,63.75,33.60,52.35,33.64,15.13,986.25,-36.23,131.25,-822.50,-227.50,1,53.320,"
1784218593.7740178,"01/01/2000,04:44:14.93,-1017.09,0.49,15.14,2.47,-1.31,0.63,63.0,32.40,54.60,33.64,15.13,986.13,-36.72,446.25,-551.25,-306.25,1,53.319,"
1784218593.7988048,"01/01/2000,04:44:14.97,-996.09,2.93,6.35,0.56,2.15,-1.09,66.45,34.80,53.10,33.59,15.13,986.25,-36.36,262.50,-595.0,-297.50,1,53.319,"
1784218593.825586,"01/01/2000,04:44:14.98,-1001.95,-30.76,20.02,0.52,1.44,-0.42,63.90,33.45,52.50,33.78,15.13,986.25,-36.23,192.50,-866.25,-253.75,1,53.319,"
1784218593.8492868,"01/01/2000,04:44:15.00,-1039.55,-31.74,30.76,-0.69,0.05,-2.64,65.70,32.85,52.35,33.49,15.25,986.00,-36.60,315.0,-638.75,-218.75,1,53.319,"
1784218593.8815145,"01/01/2000,04:44:15.04,-1012.21,-13.18,-5.37,2.18,-0.21,-1.73,65.10,34.20,53.25,33.59,15.01,986.61,-35.99,236.25,-673.75,-122.50,1,53.320,"
1784218593.8975704,"01/01/2000,04:44:15.06,-982.91,-8.30,27.83,0.0,2.15,1.11,64.35,33.75,52.50,33.59,14.88,986.13,-35.99,227.50,-752.50,-332.50,1,53.320,"
1784218593.919459,"01/01/2000,04:44:15.08,-1001.46,-17.58,1.95,-0.37,1.33,0.07,65.10,32.55,51.75,33.49,15.13,986.13,-36.36,122.50,-840.0,-131.25,1,53.320,"
1784218593.9350336,"01/01/2000,04:44:15.09,-1012.21,-8.79,-57.62,2.06,0.02,-1.32,65.10,32.55,51.30,33.64,15.37,986.13,-36.60,498.75,-463.75,-271.25,1,53.319,"
1784218593.954027,"01/01/2000,04:44:15.11,-1015.63,-9.77,-10.74,-0.23,0.44,-0.42,64.95,33.60,53.10,33.78,15.37,986.61,-36.11,157.50,-857.50,-70.0,1,53.319,"
1784218593.9768913,"01/01/2000,04:44:15.13,-993.65,-34.18,49.80,-1.92,-3.44,-1.25,65.85,32.25,53.70,33.68,15.25,986.49,-35.87,192.50,-507.50,-297.50,1,53.319,"
1784218593.9923055,"01/01/2000,04:44:15.15,-1001.46,0.98,-50.29,0.15,0.58,-2.85,65.85,32.25,53.70,33.59,15.01,986.25,-35.99,61.25,-918.75,-166.25,1,53.319,"
1784218594.010865,"01/01/2000,04:44:15.17,-1000.49,-48.34,2.93,-0.05,-0.50,-0.50,65.25,32.85,51.90,33.59,15.37,986.00,-36.60,306.25,-708.75,-201.25,1,53.320,"
1784218594.0283253,"01/01/2000,04:44:15.18,-1010.74,-12.70,9.28,-0.48,0.23,1.01,64.95,34.35,51.60,33.44,15.13,986.25,-36.84,297.50,-411.25,-262.50,1,53.320,"
1784218594.046879,"01/01/2000,04:44:15.21,-1017.58,-31.74,24.90,0.66,-2.15,-0.17,65.85,32.25,52.50,33.44,15.13,986.25,-36.11,175.0,-726.25,-236.25,1,53.320,"
1784218594.060236,"01/01/2000,04:44:15.22,-1000.98,-29.30,3.91,0.10,3.20,-1.85,63.75,35.25,53.85,33.68,15.49,986.25,-35.99,70.0,-446.25,-306.25,1,53.320,"
1784218594.087553,"01/01/2000,04:44:15.24,-988.28,-9.77,19.04,-1.11,0.36,2.66,63.75,35.25,53.85,33.49,15.01,986.00,-36.23,218.75,-656.25,-192.50,1,53.319,"
1784218594.1204193,"01/01/2000,04:44:15.28,-1001.46,-41.50,11.23,0.90,0.44,-0.60,63.90,33.75,52.20,33.64,15.01,986.25,-36.72,201.25,-612.50,-218.75,1,53.320,"
1784218594.1371272,"01/01/2000,04:44:15.30,-1014.65,-9.28,1.95,0.59,0.37,1.37,64.35,32.25,52.50,33.59,15.25,986.25,-36.36,218.75,-805.0,-245.0,1,53.320,"
1784218594.156099,"01/01/2000,04:44:15.31,-1006.35,-21.00,25.39,0.69,0.32,2.40,66.0,34.35,51.90,33.49,15.13,986.13,-36.60,105.0,-595.0,-201.25,1,53.320,"
1784218594.1719134,"01/01/2000,04:44:15.33,-1026.86,-26.37,45.90,1.06,-0.01,0.36,64.65,33.45,52.50,33.64,15.01,985.88,-37.21,358.75,-717.50,-227.50,1,53.320,"
1784218594.193597,"01/01/2000,04:44:15.35,-1003.42,-7.32,1.95,1.43,-1.48,0.47,64.65,34.20,54.0,33.64,14.88,986.25,-36.97,210.0,-691.25,-262.50,1,53.320,"
1784218594.2271624,"01/01/2000,04:44:15.38,-987.79,-22.95,23.93,1.66,-1.96,2.41,64.95,33.60,52.35,33.49,15.25,986.37,-36.48,166.25,-665.0,-262.50,1,53.320,"
1784218594.255719,"01/01/2000,04:44:15.41,-991.70,-9.77,18.07,-0.60,-1.69,-0.73,65.70,33.15,52.65,33.64,15.25,985.76,-37.09,446.25,-717.50,-253.75,1,53.319,"
1784218594.2744286,"01/01/2000,04:44:15.43,-1031.25,-15.14,22.95,2.51,1.99,1.81,64.50,32.85,52.65,33.59,15.13,986.00,-37.09,341.25,-568.75,-245.0,1,53.319,"
1784218594.293809,"01/01/2000,04:44:15.45,-1014.16,-28.32,39.55,2.08,-2.05,-0.71,63.75,35.55,51.90,33.35,14.76,986.00,-36.72,192.50,-735.0,-350.0,1,53.320,"
1784218594.3088572,"01/01/2000,04:44:15.47,-1020.02,-6.84,33.69,-0.59,2.95,0.16,63.75,34.05,53.40,33.88,14.88,986.37,-36.72,87.50,-848.75,-175.0,1,53.320,"
1784218594.3284585,"01/01/2000,04:44:15.49,-1020.51,-11.72,25.88,-0.67,2.08,-0.78,65.10,33.75,52.95,33.59,15.13,985.76,-37.21,315.0,-586.25,-385.0,1,53.320,"
1784218594.3463297,"01/01/2000,04:44:15.50,-1020.51,-13.18,-27.83,1.30,-2.51,2.63,64.05,33.15,53.10,33.59,15.25,986.00,-37.45,280.0,-813.75,-35.0,1,53.320,"
1784218594.3801785,"01/01/2000,04:44:15.54,-1036.13,-11.72,-41.99,-0.04,-0.56,-0.15,65.25,34.05,51.90,33.59,14.88,986.25,-36.84,-78.75,-778.75,-358.75,1,53.320,"
1784218594.40178,"01/01/2000,04:44:15.56,-1017.58,-16.11,-10.25,-1.65,0.14,0.32,64.95,34.05,52.65,33.78,15.13,986.00,-36.84,315.0,-560.0,-218.75,1,53.319,"
1784218594.4199052,"01/01/2000,04:44:15.58,-1018.55,-5.37,40.53,0.69,0.15,3.18,65.10,32.55,53.70,33.59,14.88,986.13,-37.09,271.25,-805.0,-288.75,1,53.320,"
1784218594.4365315,"01/01/2000,04:44:15.59,-1025.39,-47.85,75.20,-0.86,0.98,-2.06,65.25,33.15,51.90,33.59,15.13,986.00,-37.09,166.25,-875.0,-61.25,1,53.320,"
1784218594.4616542,"01/01/2000,04:44:15.62,-984.38,-13.18,-37.60,-1.59,-0.32,-0.79,63.60,33.45,51.75,33.59,15.37,985.88,-37.09,201.25,-428.75,-245.0,1,53.320,"
1784218594.4747643,"01/01/2000,04:44:15.63,-995.12,-3.42,-17.09,0.14,-2.52,-0.47,64.35,34.65,52.50,33.59,14.88,986.25,-36.97,78.75,-831.25,-271.25,1,53.320,"
1784218594.4949663,"01/01/2000,04:44:15.65,-1034.67,-23.93,28.81,1.24,1.04,-2.05,65.10,34.20,51.30,33.64,15.13,986.25,-36.97,218.75,-700.0,-166.25,1,53.320,"
1784218594.5103052,"01/01/2000,04:44:15.67,-1026.37,-1.46,38.57,0.56,-0.03,0.97,65.25,34.35,52.65,33.44,15.13,986.13,-37.09,236.25,-612.50,-280.0,1,53.320,"
1784218594.5309572,"01/01/2000,04:44:15.69,-1034.18,-47.85,37.60,-0.98,-0.47,-0.85,65.85,33.45,53.25,33.59,15.13,986.00,-37.09,271.25,-717.50,-245.0,1,53.320,"
1784218594.5535054,"01/01/2000,04:44:15.71,-1021.97,-12.21,18.55,-0.11,-0.70,0.27,65.10,32.55,52.95,33.64,15.37,986.37,-37.09,166.25,-630.0,-210.0,1,53.320,"
1784218594.5824883,"01/01/2000,04:44:15.74,-1005.86,-30.76,21.48,0.99,1.07,0.15,64.65,34.20,52.50,33.59,14.76,986.49,-36.72,140.0,-726.25,-96.25,1,53.320,"
1784218594.6058025,"01/01/2000,04:44:15.76,-1013.18,-3.91,27.34,2.67,-2.54,-3.31,65.10,33.75,52.50,33.49,14.76,986.25,-36.72,122.50,-717.50,-227.50,1,53.320,"
1784218594.6384773,"01/01/2000,04:44:15.80,-1001.95,-13.18,-24.41,-0.37,-1.26,-0.47,64.35,34.20,52.95,33.68,15.13,986.25,-37.09,367.50,-778.75,-201.25,1,53.320,"
1784218594.6554093,"01/01/2000,04:44:15.81,-1052.73,-42.48,41.02,-1.31,-0.44,0.65,63.75,33.60,54.15,33.64,15.25,986.00,-36.84,183.75,-481.25,-315.0,1,53.320,"
1784218594.680472,"01/01/2000,04:44:15.84,-1009.77,-25.88,9.28,0.50,-0.19,1.90,65.25,33.15,54.15,33.68,15.13,986.00,-36.84,-17.50,-822.50,-157.50,1,53.320,"
1784218594.6939292,"01/01/2000,04:44:15.85,-1030.27,-13.18,6.35,-1.50,-1.25,-0.98,64.35,33.45,53.25,33.59,15.13,986.13,-37.21,192.50,-665.0,-236.25,1,53.320,"
1784218594.710268,"01/01/2000,04:44:15.87,-1014.16,-16.11,31.25,0.98,-0.51,1.63,65.25,34.05,53.85,33.35,15.13,986.49,-37.33,315.0,-630.0,-437.50,1,53.320,"
1784218594.7269151,"01/01/2000,04:44:15.89,-1014.16,-41.99,25.88,-3.30,-1.06,-0.73,64.65,34.20,52.50,33.59,15.62,986.13,-36.84,183.75,-630.0,-253.75,1,53.320,"
1784218594.7555923,"01/01/2000,04:44:15.91,-1025.39,4.88,-1.46,-0.82,0.76,-1.37,63.75,33.60,51.15,33.64,15.62,985.88,-36.97,218.75,-463.75,-236.25,1,53.320,"
1784218594.7772098,"01/01/2000,04:44:15.94,-1017.09,-6.35,16.11,0.06,0.65,-1.54,63.75,32.40,54.15,33.68,15.13,986.37,-37.45,393.75,-568.75,-358.75,1,53.320,"
1784218594.7935748,"01/01/2000,04:44:15.96,-1056.15,-78.13,62.99,-1.02,-1.08,0.94,64.65,33.45,51.75,33.49,15.01,986.00,-36.72,883.75,-673.75,-236.25,1,53.320,"
1784218594.8208938,"01/01/2000,04:44:15.98,-1015.14,-0.98,0.98,1.19,1.52,1.76,65.85,33.0,52.95,33.78,15.37,986.25,-34.16,656.25,-481.25,-201.25,1,53.320,"
1784218594.8384945,"01/01/2000,04:44:16.00,-1036.13,-1.46,-27.83,1.62,-2.37,-0.18,64.65,33.75,51.0,33.64,15.62,985.27,-33.31,516.25,-183.75,-367.50,1,53.319,"
1784218594.8587003,"01/01/2000,04:44:16.01,-1019.04,4.88,12.70,-0.58,-1.95,-1.0,64.65,33.75,51.0,33.44,15.37,983.81,-32.94,2100.0,-455.0,-148.75,1,53.319,"
1784218594.8714464,"01/01/2000,04:44:16.03,-1006.84,-10.25,13.67,2.40,-1.61,-2.12,65.70,34.35,53.10,33.83,14.88,984.91,-31.96,1863.75,-385.0,-367.50,1,53.320,"
1784218594.894948,"01/01/2000,04:44:16.05,-1011.72,-31.25,-50.29,1.05,-1.18,0.97,64.95,32.40,53.85,33.68,14.88,986.49,-30.74,1662.50,-612.50,-201.25,1,53.319,"
1784218594.9099486,"01/01/2000,04:44:16.07,-1008.30,-29.79,30.27,-0.31,-2.69,1.88,66.30,32.55,53.70,33.78,15.25,985.03,-30.74,2931.25,-428.75,-210.0,1,53.320,"
1784218594.9268947,"01/01/2000,04:44:16.09,-1016.60,-20.02,-29.30,0.72,-4.18,-0.56,64.35,33.45,52.20,33.68,15.25,984.54,-29.52,3596.25,-831.25,-166.25,1,53.320,"
1784218594.9547813,"01/01/2000,04:44:16.11,-1012.21,-16.11,-13.18,1.40,-1.87,2.18,65.10,34.95,52.50,33.59,15.62,985.03,-27.45,3167.50,-568.75,-52.50,1,53.320,"
1784218594.9678125,"01/01/2000,04:44:16.13,-1035.64,-20.02,-6.84,0.65,-2.16,-2.56,66.30,34.20,53.25,33.83,14.76,985.88,-27.33,2861.25,-962.50,-280.0,1,53.320,"
1784218594.9827807,"01/01/2000,04:44:16.14,-979.49,-12.21,14.16,3.07,-2.13,-0.63,64.65,33.0,52.20,33.49,14.15,986.13,-29.77,2756.25,-1426.25,-306.25,1,53.319,"
1784218594.993622,"01/01/2000,04:44:16.16,-1020.02,-11.72,-41.50,2.93,-0.08,-0.07,63.90,33.0,53.70,33.64,13.91,986.13,-32.45,2712.50,-2100.0,-43.75,1,53.319,"
1784218595.0272098,"01/01/2000,04:44:16.18,-1020.02,-4.39,46.39,1.91,-3.46,0.08,64.05,34.35,53.85,33.49,14.03,985.03,-32.70,2327.50,-2301.25,-61.25,1,53.319,"
1784218595.0407643,"01/01/2000,04:44:16.20,-1034.18,-27.34,-2.93,3.15,0.92,1.29,64.35,33.0,52.20,33.68,14.52,986.74,-32.94,1190.0,-2012.50,-96.25,1,53.320,"
1784218595.0602567,"01/01/2000,04:44:16.22,-1033.69,-7.81,-42.48,1.14,-0.91,-3.11,65.10,33.75,52.95,33.64,14.88,989.18,-34.89,1417.50,-1767.50,-201.25,1,53.320,"
1784218595.0750344,"01/01/2000,04:44:16.23,-998.05,-34.18,28.32,2.24,-2.42,-1.49,65.10,33.75,52.95,33.44,14.64,988.57,-36.60,1925.0,-2380.0,0.0,1,53.320,"
1784218595.0962799,"01/01/2000,04:44:16.25,-1009.77,-27.83,-18.55,1.39,2.55,-1.21,64.05,33.60,54.15,33.44,15.49,986.49,-36.84,892.50,-2275.0,122.50,1,53.320,"
1784218595.127574,"01/01/2000,04:44:16.29,-1037.11,-23.93,-7.81,1.86,-1.69,2.12,65.25,33.60,53.85,33.88,13.66,984.78,-42.70,1303.75,-3360.0,8.75,1,53.320,"
1784218595.1544175,"01/01/2000,04:44:16.31,-1031.25,-20.02,0.98,3.40,-1.97,-0.33,66.30,33.45,52.20,33.78,14.52,987.10,-43.92,1032.50,-2677.50,-70.0,1,53.320,"
1784218595.1691487,"01/01/2000,04:44:16.33,-1011.23,-19.53,-44.43,2.73,0.73,2.37,63.90,32.25,53.25,33.68,15.49,987.83,-44.04,840.0,-2082.50,-227.50,1,53.320,"
1784218595.1860335,"01/01/2000,04:44:16.34,-1003.91,-36.13,151.86,0.47,-0.70,-0.78,63.90,32.25,53.25,33.49,16.59,987.47,-45.87,805.0,-1513.75,-96.25,1,53.320,"
1784218595.211989,"01/01/2000,04:44:16.36,-1021.00,-1.95,-26.86,-0.86,-1.64,1.30,64.95,34.35,54.15,33.44,17.32,986.49,-46.48,656.25,-446.25,-210.0,1,53.320,"
1784218595.2250433,"01/01/2000,04:44:16.38,-1000.0,-18.07,34.18,0.17,-0.33,-2.91,64.95,34.35,52.65,33.59,16.59,986.61,-46.24,586.25,-140.0,-288.75,1,53.320,"
1784218595.243601,"01/01/2000,04:44:16.40,-1033.69,-21.48,9.28,-0.73,-0.03,-1.21,63.0,33.60,52.35,33.64,16.35,988.20,-45.87,78.75,-218.75,-280.0,1,53.320,"
1784218595.2586708,"01/01/2000,04:44:16.42,-990.23,-46.39,-41.99,-4.34,1.90,-3.17,63.15,33.45,53.25,33.68,18.06,989.66,-44.53,-988.75,1828.75,-490.0,1,53.320,"
1784218595.2704031,"01/01/2000,04:44:16.43,-1000.49,-22.46,6.35,-2.07,-1.46,1.67,63.15,33.45,53.25,33.78,18.79,988.20,-45.63,-323.75,2633.75,-323.75,1,53.320,"
1784218595.3101997,"01/01/2000,04:44:16.46,-1021.48,7.32,-25.88,-1.38,1.79,-0.47,62.55,31.20,56.10,33.49,15.01,984.17,-49.65,245.0,-778.75,-253.75,1,53.319,"
1784218595.325001,"01/01/2000,04:44:16.48,-997.56,-31.74,57.13,0.25,1.56,0.25,65.10,32.25,54.0,33.78,15.13,983.44,-49.53,-420.0,-455.0,-288.75,1,53.319,"
1784218595.3371074,"01/01/2000,04:44:16.50,-1032.71,-28.81,9.28,-0.65,-1.75,-3.76,64.95,33.15,53.10,33.64,13.79,981.49,-52.95,1382.50,-892.50,-236.25,1,53.320,"
1784218595.3795044,"01/01/2000,04:44:16.54,-1037.60,12.21,-20.02,-0.60,-0.67,-0.92,63.30,33.15,53.85,33.64,15.13,986.86,-47.70,516.25,-1041.25,17.50,1,53.320,"
1784218595.413796,"01/01/2000,04:44:16.57,-986.33,-2.44,17.09,-0.47,-1.40,-0.85,64.50,33.60,51.90,33.35,16.10,987.47,-48.07,306.25,-901.25,-87.50,1,53.320,"
1784218595.4346402,"01/01/2000,04:44:16.59,-1014.16,7.81,24.41,0.58,0.58,-1.71,64.65,33.0,52.50,33.78,15.49,985.15,-49.90,743.75,-227.50,-385.0,1,53.319,"
1784218595.4602659,"01/01/2000,04:44:16.63,-1030.27,1.95,71.29,0.70,0.73,-0.20,63.90,32.25,53.25,33.35,15.37,985.64,-49.29,113.75,157.50,-332.50,1,53.320,"
1784218595.489368,"01/01/2000,04:44:16.64,-1012.21,-19.53,44.92,-0.27,0.06,0.42,64.65,34.65,53.25,33.64,15.74,986.61,-49.41,78.75,245.0,-437.50,1,53.320,"
1784218595.5102906,"01/01/2000,04:44:16.67,-1021.97,-41.50,18.07,-0.79,-1.98,-0.30,63.15,30.60,55.95,33.68,16.84,985.88,-49.04,236.25,218.75,-245.0,1,53.320,"
1784218595.5233061,"01/01/2000,04:44:16.68,-1022.46,-54.20,60.55,0.34,0.18,-0.65,64.05,31.95,52.65,33.59,16.10,984.54,-49.04,577.50,-175.0,-393.75,1,53.320,"
1784218595.5414393,"01/01/2000,04:44:16.70,-1031.25,3.42,-32.23,0.74,-1.63,-1.24,64.50,34.05,53.85,33.59,15.74,986.25,-47.70,-52.50,87.50,-122.50,1,53.320,"
1784218595.5589943,"01/01/2000,04:44:16.72,-978.52,-25.88,-23.44,1.11,-2.05,-0.07,63.60,32.25,53.70,33.83,15.01,986.86,-47.95,-96.25,210.0,-315.0,1,53.320,"
1784218595.5801647,"01/01/2000,04:44:16.74,-986.33,-20.51,-2.44,0.07,0.56,-0.82,64.05,33.15,52.65,33.64,14.64,985.76,-50.26,498.75,-805.0,-192.50,1,53.320,"
1784218595.5944915,"01/01/2000,04:44:16.76,-1016.11,-33.20,-13.18,1.09,0.18,-0.51,63.90,32.55,53.70,33.25,15.37,985.15,-50.02,323.75,-883.75,-140.0,1,53.320,"
1784218595.6199315,"01/01/2000,04:44:16.77,-997.07,1.95,17.58,-0.89,0.26,-2.11,64.50,34.05,53.10,33.64,15.86,984.78,-49.17,-26.25,-192.50,-341.25,1,53.320,"
1784218595.6531417,"01/01/2000,04:44:16.81,-1013.67,-2.44,83.01,0.83,0.26,2.32,64.35,32.55,51.75,33.59,14.15,986.13,-50.75,175.0,-1058.75,-315.0,1,53.320,"
1784218595.6724992,"01/01/2000,04:44:16.83,-1022.95,-40.04,-21.00,2.53,-2.75,0.38,64.05,34.80,52.65,33.59,14.64,985.03,-51.00,603.75,-1172.50,-262.50,1,53.320,"
1784218595.68749,"01/01/2000,04:44:16.85,-1028.32,-51.76,20.51,0.40,-2.07,0.77,64.95,33.60,54.60,33.49,14.88,984.91,-50.14,796.25,-1041.25,-201.25,1,53.320,"
1784218595.7109485,"01/01/2000,04:44:16.87,-1014.65,5.37,108.89,-0.34,-1.02,0.91,64.05,32.85,54.15,33.83,15.13,987.59,-48.07,201.25,-892.50,-245.0,1,53.320,"
1784218595.7269032,"01/01/2000,04:44:16.88,-1017.58,-12.21,72.75,0.15,0.95,1.09,63.60,31.80,54.45,33.35,15.37,987.71,-48.31,481.25,-411.25,-210.0,1,53.320,"
1784218595.7415352,"01/01/2000,04:44:16.90,-1001.95,-31.74,-33.69,0.92,-3.92,1.82,65.25,33.15,53.10,33.78,15.86,986.74,-48.31,-140.0,-8.75,-245.0,1,53.320,"
1784218595.7603903,"01/01/2000,04:44:16.92,-993.65,-6.35,-19.04,-1.68,0.19,1.92,63.75,34.05,53.10,33.35,16.23,984.17,-48.80,-131.25,183.75,-175.0,1,53.320,"
1784218595.7807636,"01/01/2000,04:44:16.94,-1011.72,-41.99,33.69,-3.34,0.68,0.05,64.65,31.05,52.95,33.78,16.47,984.30,-48.56,-332.50,1128.75,-358.75,1,53.320,"
1784218595.7944577,"01/01/2000,04:44:16.96,-1012.21,-28.32,-0.49,-0.65,0.13,-1.26,63.75,32.85,53.10,33.64,16.84,985.88,-49.04,-341.25,1583.75,-358.75,1,53.320,"
1784218595.8269536,"01/01/2000,04:44:16.98,-1016.60,-35.16,15.14,-0.47,-0.69,0.16,63.90,34.20,51.75,33.35,15.13,985.15,-52.70,647.50,-17.50,-210.0,1,53.320,"
1784218595.8602693,"01/01/2000,04:44:17.02,-1024.41,-26.86,50.29,-1.22,2.04,-0.24,64.95,32.85,52.65,33.78,14.64,985.03,-49.53,350.0,-315.0,-306.25,1,53.320,"
1784218595.8846014,"01/01/2000,04:44:17.04,-1007.81,-34.18,55.66,1.07,-0.55,-0.68,64.65,33.75,52.20,33.59,15.13,986.00,-47.95,-131.25,-87.50,-218.75,1,53.319,"
1784218595.9011412,"01/01/2000,04:44:17.06,-1018.55,-27.83,9.77,1.92,2.25,1.13,64.50,32.40,52.35,33.64,15.01,986.49,-50.02,262.50,-647.50,-350.0,1,53.320,"
1784218595.925322,"01/01/2000,04:44:17.08,-998.05,-19.53,60.06,1.26,-1.38,0.28,64.35,33.75,53.25,33.30,15.49,985.64,-52.34,358.75,-1015.0,-43.75,1,53.319,"
1784218595.9571304,"01/01/2000,04:44:17.11,-1046.88,-27.83,38.09,0.37,3.47,-1.55,63.90,33.0,52.95,33.44,14.76,985.64,-51.48,87.50,-743.75,-297.50,1,53.320,"
1784218595.9770384,"01/01/2000,04:44:17.13,-1022.46,-45.90,-16.60,0.76,0.68,2.09,64.35,33.0,52.50,33.64,14.76,986.25,-51.48,175.0,-857.50,-315.0,1,53.320,"
1784218595.9937432,"01/01/2000,04:44:17.15,-1023.93,-25.39,-22.95,1.79,0.46,-0.98,63.60,33.45,52.95,33.64,15.62,985.27,-50.51,402.50,-411.25,-306.25,1,53.320,"
1784218596.0129015,"01/01/2000,04:44:17.17,-1010.25,-40.04,8.30,0.21,1.79,0.30,64.65,34.20,52.20,33.49,15.49,984.66,-48.80,157.50,-761.25,-175.0,1,53.320,"
1784218596.0297096,"01/01/2000,04:44:17.19,-1000.49,-55.66,82.03,0.79,-0.02,1.61,64.50,31.20,53.40,33.49,15.37,984.42,-48.80,516.25,-717.50,-70.0,1,53.320,"
1784218596.066096,"01/01/2000,04:44:17.23,-999.51,-34.18,113.28,1.59,-0.60,0.11,64.35,33.0,52.95,33.49,15.49,987.71,-48.07,-665.0,78.75,-253.75,1,53.320,"
1784218596.0873408,"01/01/2000,04:44:17.24,-1013.18,-9.28,33.20,0.99,0.32,-0.20,63.90,33.45,53.25,33.49,14.88,984.17,-52.95,612.50,-936.25,-175.0,1,53.320,"
1784218596.1023493,"01/01/2000,04:44:17.26,-1018.07,-39.06,23.44,0.66,-0.53,0.85,62.55,32.85,52.65,33.78,15.25,983.20,-54.29,507.50,-1268.75,-218.75,1,53.320,"
1784218596.125149,"01/01/2000,04:44:17.28,-1002.93,7.32,-63.48,0.58,0.76,0.99,62.55,33.60,52.35,33.59,15.37,983.44,-52.46,315.0,-560.0,-315.0,1,53.320,"
1784218596.1390336,"01/01/2000,04:44:17.30,-1042.48,-39.55,50.29,-0.13,-2.15,0.18,65.10,33.0,54.75,33.59,15.01,984.78,-50.75,201.25,-568.75,-297.50,1,53.320,"
1784218596.157266,"01/01/2000,04:44:17.32,-1008.30,-18.07,25.88,-0.44,-1.91,0.46,63.15,34.20,52.50,33.49,15.01,986.25,-50.02,131.25,-805.0,-236.25,1,53.320,"
1784218596.1740189,"01/01/2000,04:44:17.33,-1016.60,-50.29,15.63,0.27,-0.31,0.04,64.65,33.0,52.95,33.59,15.49,987.22,-49.78,367.50,-910.0,-122.50,1,53.320,"
1784218596.1935816,"01/01/2000,04:44:17.35,-1011.72,-21.97,-1.46,-0.18,-1.95,0.67,63.60,33.75,52.95,33.59,15.86,986.74,-50.02,393.75,-813.75,-157.50,1,53.320,"
1784218596.2307723,"01/01/2000,04:44:17.39,-1035.16,-11.23,83.50,-0.74,-1.63,-0.50,64.95,33.60,52.65,33.64,15.13,987.22,-49.65,-105.0,-673.75,-236.25,1,53.320,"
1784218596.2469385,"01/01/2000,04:44:17.41,-1003.42,-28.81,42.48,-0.97,-1.33,-2.72,64.95,33.60,52.65,33.59,14.76,985.27,-51.24,341.25,-936.25,-218.75,1,53.320,"
1784218596.2723362,"01/01/2000,04:44:17.43,-1019.04,-29.79,75.68,0.59,-3.23,0.50,64.50,33.60,53.85,33.59,15.49,984.17,-51.85,358.75,-743.75,-201.25,1,53.320,"
1784218596.287526,"01/01/2000,04:44:17.44,-1009.77,-59.57,49.80,-0.62,-0.59,-0.90,63.75,33.60,52.65,33.59,15.74,983.20,-51.24,437.50,-831.25,-78.75,1,53.320,"
1784218596.3101397,"01/01/2000,04:44:17.46,-1023.44,-21.97,41.02,-1.0,-0.43,0.38,64.35,34.20,54.45,33.49,15.62,984.17,-50.02,227.50,-402.50,-315.0,1,53.320,"
1784218596.32764,"01/01/2000,04:44:17.49,-1009.77,-23.93,16.11,-1.73,0.26,-2.80,63.75,33.15,52.35,33.78,14.88,985.88,-51.00,420.0,-796.25,-253.75,1,53.320,"
1784218596.3530874,"01/01/2000,04:44:17.51,-1021.48,-27.34,76.17,1.25,1.50,0.46,64.65,32.25,53.70,33.97,15.13,986.49,-51.48,376.25,-988.75,-253.75,1,53.320,"
1784218596.3853683,"01/01/2000,04:44:17.54,-1007.32,-12.70,19.04,0.36,-0.24,-2.63,64.65,33.45,52.95,33.64,15.37,984.78,-50.39,262.50,-560.0,-315.0,1,53.320,"
1784218596.4106188,"01/01/2000,04:44:17.56,-1021.97,-13.18,91.31,-0.25,1.24,-2.12,63.0,33.60,52.65,33.35,15.37,985.52,-49.29,-70.0,-551.25,-192.50,1,53.320,"
1784218596.427026,"01/01/2000,04:44:17.58,-997.56,-10.25,39.06,1.44,-1.73,-1.15,63.15,33.75,54.0,33.68,15.13,986.00,-50.39,236.25,-813.75,-393.75,1,53.320,"
1784218596.4436839,"01/01/2000,04:44:17.60,-1012.21,-5.37,-60.06,2.71,-0.24,-0.04,64.35,32.55,51.75,33.83,15.37,986.25,-51.00,87.50,-630.0,-157.50,1,53.320,"
1784218596.4586403,"01/01/2000,04:44:17.62,-1032.23,-9.77,23.44,1.40,0.70,-1.63,63.30,32.85,53.40,33.49,15.49,985.15,-51.97,332.50,-595.0,-192.50,1,53.320,"
1784218596.4966245,"01/01/2000,04:44:17.66,-992.19,-17.58,54.20,-0.49,-1.97,-0.40,63.15,32.55,51.0,33.64,15.13,984.66,-51.24,245.0,-542.50,-262.50,1,53.320,"
1784218596.5140254,"01/01/2000,04:44:17.67,-1005.86,4.88,-3.42,-1.27,-0.42,0.81,63.75,33.60,53.40,33.64,15.01,985.52,-51.61,656.25,-726.25,-218.75,1,53.320,"
1784218596.5307405,"01/01/2000,04:44:17.69,-1018.07,-33.20,-4.39,-1.02,0.88,0.68,64.65,32.25,52.20,33.83,15.13,987.22,-50.87,402.50,-822.50,-253.75,1,53.320,"
1784218596.553058,"01/01/2000,04:44:17.71,-1011.72,-18.07,12.21,-0.46,2.11,-3.28,63.30,31.95,52.35,33.68,15.37,985.64,-49.90,315.0,-857.50,-218.75,1,53.320,"
1784218596.5759299,"01/01/2000,04:44:17.73,-990.72,-24.41,49.32,0.72,-1.06,-0.74,64.65,32.25,54.0,33.49,15.37,983.44,-50.26,315.0,-708.75,-183.75,1,53.320,"
1784218596.589659,"01/01/2000,04:44:17.74,-1024.90,6.84,47.85,-0.79,0.46,-1.27,64.05,33.15,53.85,33.64,15.13,983.32,-50.39,245.0,-498.75,-341.25,1,53.320,"
1784218596.6037924,"01/01/2000,04:44:17.77,-1004.88,-38.57,94.24,-0.27,-2.35,-1.24,63.60,32.25,51.75,33.64,14.88,985.52,-50.75,87.50,-577.50,-341.25,1,53.320,"
1784218596.6259038,"01/01/2000,04:44:17.78,-997.56,-32.23,63.48,-0.72,-2.89,-2.41,62.25,31.95,53.85,33.68,14.88,986.00,-52.22,245.0,-997.50,-297.50,1,53.320,"
1784218596.6435087,"01/01/2000,04:44:17.80,-1009.77,-11.23,-28.32,-0.05,1.10,-0.37,64.05,31.95,53.40,33.64,15.62,985.15,-52.46,113.75,-682.50,-271.25,1,53.320,"
1784218596.6602638,"01/01/2000,04:44:17.82,-1014.65,-18.07,75.20,-1.32,0.72,-1.70,63.15,33.45,52.20,33.64,15.62,983.56,-52.70,-131.25,-455.0,-306.25,1,53.320,"
1784218596.6982336,"01/01/2000,04:44:17.86,-1030.76,-3.42,11.72,-0.37,0.44,-0.92,63.0,32.40,53.10,33.35,14.88,985.27,-51.00,463.75,-603.75,-157.50,1,53.320,"
1784218596.7156663,"01/01/2000,04:44:17.87,-1025.88,-4.88,30.76,-2.41,-1.31,0.18,64.95,33.60,51.90,33.59,14.88,986.98,-49.65,35.0,-805.0,-253.75,1,53.320,"
1784218596.7274535,"01/01/2000,04:44:17.89,-1021.48,-27.83,24.90,-0.34,0.33,-1.26,62.25,33.60,53.40,33.78,15.37,986.74,-50.26,122.50,-770.0,-245.0,1,53.320,"
1784218596.771573,"01/01/2000,04:44:17.93,-1020.51,-25.39,49.32,-0.02,-1.54,1.73,64.50,34.05,53.40,33.49,14.88,984.54,-52.09,61.25,-647.50,-323.75,1,53.320,"
1784218596.7936368,"01/01/2000,04:44:17.95,-1004.88,-17.09,-11.72,2.71,1.59,2.03,62.55,32.40,51.15,33.83,14.76,984.78,-51.97,131.25,-700.0,-262.50,1,53.320,"
1784218596.8104742,"01/01/2000,04:44:17.97,-1012.21,-21.00,62.50,0.49,-1.05,-0.90,63.30,31.95,52.35,33.44,15.01,985.15,-52.46,323.75,-778.75,-385.0,1,53.320,"
1784218596.8436277,"01/01/2000,04:44:17.99,-1031.25,-5.37,7.32,0.21,-1.15,0.87,61.95,30.60,54.0,33.68,15.13,986.61,-52.22,-148.75,-875.0,-323.75,1,53.320,"
1784218596.8585453,"01/01/2000,04:44:18.01,-1004.39,-28.81,62.50,0.28,-0.90,4.50,63.75,32.85,51.90,33.68,15.13,985.15,-53.19,376.25,-603.75,-262.50,1,53.320,"
1784218596.872637,"01/01/2000,04:44:18.03,-999.51,9.28,-42.48,0.64,-0.28,-1.53,63.60,32.55,52.50,33.64,15.13,984.78,-52.46,376.25,-463.75,-341.25,1,53.320,"
1784218596.8940616,"01/01/2000,04:44:18.05,-1027.83,-12.21,19.53,1.18,1.50,2.50,62.70,32.55,53.25,33.64,15.13,985.15,-50.51,140.0,-638.75,-236.25,1,53.320,"
1784218596.9101038,"01/01/2000,04:44:18.07,-1033.69,-33.20,100.10,0.71,0.10,-0.18,62.25,32.85,53.40,33.49,14.88,985.15,-51.12,297.50,-997.50,-271.25,1,53.320,"
1784218596.9280012,"01/01/2000,04:44:18.09,-1001.95,-11.23,41.50,0.67,-1.70,-0.94,64.65,33.0,52.95,33.64,15.37,985.52,-51.85,-43.75,-638.75,-271.25,1,53.320,"
1784218596.954049,"01/01/2000,04:44:18.10,-988.77,-15.14,18.07,-0.24,-3.23,-0.71,63.60,32.25,51.75,33.64,15.49,984.78,-53.19,332.50,-367.50,-43.75,1,53.320,"
1784218596.9668522,"01/01/2000,04:44:18.12,-1001.95,-15.14,-0.49,-1.15,-1.14,-0.37,62.25,31.65,52.35,33.64,14.64,984.17,-53.68,630.0,-1076.25,-253.75,1,53.320,"
1784218596.982128,"01/01/2000,04:44:18.14,-994.14,-30.27,12.21,-0.27,-0.56,-1.02,63.0,33.60,52.65,33.64,15.37,985.03,-51.61,350.0,-761.25,-70.0,1,53.320,"
1784218596.9936402,"01/01/2000,04:44:18.16,-1014.65,-31.74,53.22,-0.45,0.54,1.02,63.75,32.85,53.10,33.25,15.37,985.15,-51.00,122.50,-420.0,-358.75,1,53.320,"
1784218597.0272276,"01/01/2000,04:44:18.18,-1003.42,-28.32,66.41,-1.47,-0.84,-0.30,63.90,31.05,54.45,33.64,15.62,985.27,-51.73,61.25,-831.25,-87.50,1,53.320,"
1784218597.04049,"01/01/2000,04:44:18.20,-1001.95,3.42,10.25,2.77,1.30,-0.85,63.15,33.0,52.50,33.64,15.13,984.42,-53.56,560.0,-866.25,-201.25,1,53.320,"
1784218597.0605257,"01/01/2000,04:44:18.21,-1015.63,-18.07,54.20,0.77,0.84,1.11,65.10,31.35,53.70,33.68,15.01,985.27,-52.95,560.0,-936.25,-175.0,1,53.320,"
1784218597.0705645,"01/01/2000,04:44:18.23,-1009.28,-46.39,67.38,-0.35,-0.15,-0.07,62.55,31.65,53.85,33.64,14.88,985.88,-50.87,472.50,-743.75,-288.75,1,53.320,"
1784218597.095239,"01/01/2000,04:44:18.25,-1027.34,-31.25,-8.79,1.35,-1.71,-2.36,64.95,32.85,52.35,33.64,15.13,985.76,-49.65,455.0,-1058.75,-358.75,1,53.320,"
1784218597.1101809,"01/01/2000,04:44:18.27,-1024.90,-14.65,-30.27,-0.10,-0.10,0.53,64.50,31.95,52.35,33.59,15.49,985.76,-50.14,78.75,-1093.75,-236.25,1,53.320,"
1784218597.1472075,"01/01/2000,04:44:18.30,-1004.88,-30.27,64.94,-0.14,-2.67,0.81,62.25,32.40,50.85,33.78,15.74,984.42,-54.05,490.0,-481.25,-210.0,1,53.320,"
1784218597.168048,"01/01/2000,04:44:18.33,-1006.35,-8.79,-23.44,-1.44,1.12,0.31,63.90,32.55,52.95,33.83,15.25,985.39,-51.85,105.0,-376.25,-358.75,1,53.320,"
1784218597.1846485,"01/01/2000,04:44:18.34,-1020.02,-14.65,85.94,0.74,1.62,-0.32,65.70,31.65,52.35,33.59,15.37,986.49,-50.75,-262.50,-717.50,-175.0,1,53.320,"
1784218597.2200015,"01/01/2000,04:44:18.38,-996.58,-7.32,13.67,0.11,-2.07,0.37,62.55,32.40,52.35,33.64,15.86,983.93,-55.39,411.25,-621.25,-253.75,1,53.320,"
1784218597.2425842,"01/01/2000,04:44:18.40,-1047.85,-19.04,69.34,0.40,-1.69,-2.47,65.25,31.20,53.10,33.44,14.88,983.81,-53.68,533.75,-376.25,-367.50,1,53.320,"
1784218597.257856,"01/01/2000,04:44:18.42,-1021.48,-50.78,20.51,0.51,-1.48,-1.36,64.35,31.80,51.75,33.64,14.52,984.78,-51.12,245.0,-665.0,-262.50,1,53.320,"
1784218597.275419,"01/01/2000,04:44:18.43,-977.54,-6.84,39.06,0.14,1.46,0.30,64.05,31.65,53.10,33.68,15.13,986.13,-49.41,-87.50,-446.25,-332.50,1,53.320,"
1784218597.2968357,"01/01/2000,04:44:18.45,-1017.09,-31.74,6.84,-0.08,-0.39,-0.53,63.30,30.75,52.65,33.64,15.49,984.78,-52.09,236.25,-831.25,-105.0,1,53.320,"
1784218597.3130653,"01/01/2000,04:44:18.47,-1020.51,-32.71,8.30,2.44,-1.11,-1.64,64.35,32.25,54.0,33.44,15.25,984.54,-54.41,271.25,-936.25,-140.0,1,53.320,"
1784218597.3295517,"01/01/2000,04:44:18.49,-996.09,-28.32,-28.32,-0.66,-0.73,-1.43,64.95,31.20,52.65,33.49,14.52,984.17,-54.90,481.25,-988.75,-253.75,1,53.320,"
1784218597.3550434,"01/01/2000,04:44:18.51,-1027.34,-38.57,55.66,-0.04,1.39,0.87,63.60,32.55,52.50,33.88,14.88,985.52,-52.95,393.75,-621.25,-367.50,1,53.320,"
1784218597.3962355,"01/01/2000,04:44:18.55,-1031.74,-12.70,5.86,-1.84,-0.47,2.63,63.90,31.05,52.95,33.49,15.98,985.03,-52.34,288.75,-420.0,-166.25,1,53.320,"
1784218597.4129286,"01/01/2000,04:44:18.57,-1013.67,-4.88,14.65,2.04,0.08,1.24,63.30,31.20,53.85,33.59,15.01,984.91,-53.68,507.50,-472.50,-236.25,1,53.320,"
1784218597.4298904,"01/01/2000,04:44:18.59,-995.61,-9.77,18.07,0.10,-0.92,0.30,63.15,32.25,54.45,33.64,14.64,985.39,-53.31,586.25,-665.0,-262.50,1,53.320,"
1784218597.4508348,"01/01/2000,04:44:18.61,-1028.81,-19.53,45.41,-0.35,0.12,1.16,64.50,31.65,53.85,33.68,15.01,986.49,-50.75,-262.50,-227.50,-341.25,1,53.320,"
1784218597.4727268,"01/01/2000,04:44:18.63,-962.40,2.44,43.46,-0.15,0.36,0.76,61.80,30.75,55.80,33.68,15.37,985.03,-53.19,-131.25,-735.0,-140.0,1,53.320,"
1784218597.490726,"01/01/2000,04:44:18.64,-1033.69,-47.85,108.40,-2.09,-2.39,-1.76,64.05,31.20,53.40,33.78,15.49,984.42,-57.83,105.0,-560.0,-262.50,1,53.320,"
1784218597.5103283,"01/01/2000,04:44:18.66,-1023.44,-19.04,24.41,-0.52,0.71,1.45,63.60,29.40,53.25,33.59,15.37,985.03,-61.0,-656.25,-175.0,-236.25,1,53.320,"
1784218597.525384,"01/01/2000,04:44:18.68,-1002.44,2.44,9.28,-1.23,1.95,-0.24,63.30,31.20,54.60,33.30,15.62,984.66,-62.22,-393.75,778.75,-341.25,1,53.320,"
1784218597.5384943,"01/01/2000,04:44:18.70,-1021.48,-17.58,-12.21,-2.54,1.01,-0.37,63.60,31.35,53.70,33.49,14.88,984.17,-61.24,218.75,61.25,-297.50,1,53.320,"
1784218597.5583262,"01/01/2000,04:44:18.72,-1039.06,-26.86,5.86,1.10,-2.05,-0.98,64.50,30.75,54.15,33.44,14.64,985.27,-60.02,61.25,-1347.50,-43.75,1,53.320,"
1784218597.5798318,"01/01/2000,04:44:18.74,-1021.00,-26.86,78.61,-1.37,-1.28,-0.17,63.60,31.05,53.70,33.64,14.88,985.52,-61.24,-245.0,-953.75,-280.0,1,53.320,"
1784218597.5935895,"01/01/2000,04:44:18.76,-1029.79,-21.97,54.69,-0.49,-1.04,-0.34,62.40,30.60,55.20,33.64,14.64,984.30,-64.17,87.50,-490.0,-175.0,1,53.320,"
1784218597.6148427,"01/01/2000,04:44:18.77,-1026.86,-29.79,113.77,0.18,-1.19,0.55,62.55,32.40,54.15,33.35,14.27,984.78,-65.88,-297.50,-673.75,-280.0,1,53.320,"
1784218597.6529841,"01/01/2000,04:44:18.81,-1047.36,-0.98,18.07,0.85,-0.04,-0.40,63.60,31.35,54.45,33.64,15.86,984.66,-64.29,-288.75,-201.25,-122.50,1,53.320,"
1784218597.6603012,"01/01/2000,04:44:18.83,-1012.70,-7.81,1.95,-0.20,-1.26,0.96,61.35,29.55,57.30,33.59,15.37,984.66,-61.49,-455.0,-472.50,-280.0,1,53.320,"
1784218597.688385,"01/01/2000,04:44:18.85,-1008.79,-12.70,40.04,0.68,-0.61,1.43,63.90,31.35,54.45,33.64,15.13,984.78,-60.02,26.25,-481.25,-87.50,1,53.320,"
1784218597.708359,"01/01/2000,04:44:18.87,-1026.37,5.86,6.84,1.92,0.21,-1.71,63.90,31.35,53.25,33.49,14.52,986.13,-60.02,-647.50,-673.75,-350.0,1,53.320,"
1784218597.7371058,"01/01/2000,04:44:18.90,-1023.44,-14.16,-14.65,-1.87,-1.01,0.10,62.70,31.05,55.50,33.64,15.37,982.83,-60.27,577.50,-446.25,-157.50,1,53.320,"
1784218597.7616053,"01/01/2000,04:44:18.92,-1017.09,-20.51,4.39,-0.53,1.51,-1.34,63.30,31.95,55.05,33.64,14.88,986.00,-54.90,-463.75,-350.0,-428.75,1,53.320,"
1784218597.7798796,"01/01/2000,04:44:18.94,-1023.93,-10.74,11.72,0.41,1.39,-1.92,62.70,31.05,54.45,33.83,15.13,985.03,-55.14,-105.0,-525.0,-245.0,1,53.320,"
1784218597.7936795,"01/01/2000,04:44:18.96,-1018.07,-33.69,47.36,0.19,0.24,2.76,62.40,31.80,57.45,33.59,15.25,984.54,-55.63,26.25,-472.50,-236.25,1,53.320,"
1784218597.8331451,"01/01/2000,04:44:18.99,-1017.09,-54.20,33.20,-1.18,-0.54,0.90,63.0,31.95,53.85,33.78,14.88,985.15,-53.44,-210.0,-271.25,-288.75,1,53.320,"
1784218597.8578153,"01/01/2000,04:44:19.01,-997.56,-25.39,9.28,0.98,1.16,-2.18,63.75,29.25,56.85,33.83,15.37,985.03,-53.19,-148.75,-560.0,-157.50,1,53.320,"
1784218597.8784914,"01/01/2000,04:44:19.04,-998.54,-27.83,-25.88,2.89,0.11,-1.12,64.35,30.15,54.75,33.64,15.37,984.91,-52.70,-131.25,-560.0,-201.25,1,53.320,"
1784218597.9022043,"01/01/2000,04:44:19.06,-1011.72,-8.30,-11.72,-0.61,0.88,-1.95,62.70,31.35,55.50,33.64,15.13,985.15,-52.09,-17.50,-551.25,-218.75,1,53.320,"
1784218597.9153068,"01/01/2000,04:44:19.07,-1016.60,-3.42,7.32,1.89,-2.37,-1.28,64.50,32.40,53.85,33.35,15.13,984.91,-52.22,17.50,-455.0,-210.0,1,53.320,"
1784218597.9365535,"01/01/2000,04:44:19.10,-1015.63,-21.00,8.30,0.15,0.23,-1.55,63.60,31.05,53.25,33.49,14.88,985.03,-51.73,-8.75,-682.50,-192.50,1,53.320,"
1784218597.954801,"01/01/2000,04:44:19.11,-1022.95,-33.69,46.88,-0.90,-2.78,-1.0,63.60,31.05,54.0,33.64,15.01,985.03,-51.48,-8.75,-761.25,-183.75,1,53.320,"
1784218597.9719403,"01/01/2000,04:44:19.13,-1024.41,-27.34,28.32,1.13,0.25,-1.95,64.35,31.80,52.50,33.35,14.88,985.03,-51.12,-17.50,-717.50,-201.25,1,53.320,"
1784218598.012108,"01/01/2000,04:44:19.17,-1011.23,-38.57,45.90,1.02,-0.99,-0.93,61.35,29.55,54.60,33.59,14.88,985.03,-50.87,78.75,-665.0,-245.0,1,53.320,"
1784218598.027385,"01/01/2000,04:44:19.19,-1023.44,-15.63,15.63,0.71,1.60,0.25,65.25,31.20,53.85,33.59,14.88,985.15,-51.00,-26.25,-665.0,-376.25,1,53.320,"
1784218598.0436954,"01/01/2000,04:44:19.20,-1007.32,-32.23,124.51,-0.99,-2.50,-0.18,62.40,30.60,52.20,33.78,15.13,985.03,-50.75,-8.75,-673.75,-157.50,1,53.320,"
1784218598.0662606,"01/01/2000,04:44:19.22,-1009.28,-36.62,72.27,0.83,-1.24,0.24,63.30,31.20,54.15,33.49,15.01,985.03,-50.51,70.0,-665.0,-297.50,1,53.320,"
1784218598.0874512,"01/01/2000,04:44:19.24,-1039.55,0.0,3.42,-0.22,-0.37,-0.18,63.0,31.65,54.15,33.78,15.13,985.03,-50.51,175.0,-778.75,0.0,1,53.320,"
1784218598.1148612,"01/01/2000,04:44:19.28,-1010.25,-33.20,43.95,-0.49,0.92,1.86,64.65,30.15,53.70,33.59,15.01,985.27,-50.26,8.75,-813.75,-166.25,1,53.320,"
1784218598.1378083,"01/01/2000,04:44:19.30,-1019.04,-17.09,9.77,-0.73,1.32,1.17,65.10,32.25,53.25,33.78,15.37,985.39,-50.26,43.75,-437.50,-358.75,1,53.320,"
1784218598.1551394,"01/01/2000,04:44:19.31,-1015.14,-22.95,28.32,-0.31,0.96,1.27,63.30,31.20,52.35,33.49,15.13,985.27,-50.26,113.75,-770.0,-393.75,1,53.320,"
1784218598.171995,"01/01/2000,04:44:19.33,-1014.65,-30.76,89.36,1.02,-0.58,-3.67,64.65,31.35,52.95,33.64,15.13,985.03,-50.26,-87.50,-665.0,-262.50,1,53.320,"
1784218598.1924999,"01/01/2000,04:44:19.35,-994.63,-13.18,5.37,0.67,1.05,-0.53,64.65,31.35,53.70,33.78,15.13,985.15,-50.26,140.0,-787.50,-280.0,1,53.320,"
1784218598.2124717,"01/01/2000,04:44:19.37,-1032.71,-8.30,9.28,-0.41,0.34,0.79,63.60,31.05,54.0,33.49,15.37,985.27,-50.26,-17.50,-831.25,-166.25,1,53.320,"
1784218598.2270522,"01/01/2000,04:44:19.39,-1013.67,-33.20,-5.37,-0.27,1.57,3.05,64.05,33.15,53.85,33.83,14.88,985.39,-50.14,-52.50,-612.50,-455.0,1,53.320,"
1784218598.2437747,"01/01/2000,04:44:19.40,-987.30,3.42,7.32,1.59,0.92,-0.50,63.30,31.95,53.85,33.64,15.25,985.03,-50.39,122.50,-857.50,-70.0,1,53.320,"
1784218598.2604065,"01/01/2000,04:44:19.42,-1009.77,0.98,-84.47,0.05,-0.49,1.54,63.75,29.25,55.35,33.78,15.01,985.27,-50.26,227.50,-665.0,-332.50,1,53.320,"
1784218598.287524,"01/01/2000,04:44:19.44,-1016.60,-7.32,-13.67,1.05,-1.92,-1.37,63.0,30.75,54.15,33.64,15.01,985.39,-50.02,-17.50,-857.50,-262.50,1,53.320,"
1784218598.3159978,"01/01/2000,04:44:19.48,-1007.81,-13.67,-11.72,1.95,1.81,-0.87,63.90,32.25,53.25,33.59,15.13,985.39,-50.14,96.25,-647.50,-227.50,1,53.320,"
1784218598.3372328,"01/01/2000,04:44:19.50,-991.21,-22.95,27.34,-2.34,-0.37,-0.44,63.0,31.65,53.85,33.83,15.13,985.27,-50.02,96.25,-647.50,-411.25,1,53.320,"
1784218598.3555846,"01/01/2000,04:44:19.51,-1030.27,-22.95,101.56,0.53,1.15,4.36,63.0,31.65,53.10,33.68,15.25,985.27,-49.90,140.0,-665.0,-157.50,1,53.320,"
1784218598.378175,"01/01/2000,04:44:19.53,-1032.71,-53.71,39.55,0.04,-1.10,-1.71,64.05,33.15,53.10,33.64,15.01,985.27,-49.78,-17.50,-630.0,-218.75,1,53.320,"
1784218598.4000175,"01/01/2000,04:44:19.56,-1013.67,-39.55,30.27,0.09,0.66,0.31,65.10,32.25,52.95,33.64,15.37,985.39,-49.78,26.25,-866.25,-87.50,1,53.320,"
1784218598.419839,"01/01/2000,04:44:19.58,-1009.77,-5.86,-7.32,-0.69,0.07,-0.21,61.95,31.80,55.95,33.83,15.13,985.52,-49.65,166.25,-603.75,-227.50,1,53.320,"
1784218598.4546163,"01/01/2000,04:44:19.61,-1004.39,-13.67,39.55,0.28,0.01,1.30,62.55,31.20,54.15,33.59,15.01,985.39,-49.90,148.75,-525.0,-323.75,1,53.320,"
1784218598.4924772,"01/01/2000,04:44:19.65,-1026.86,-14.16,-15.63,-1.11,-1.67,0.08,62.55,28.35,56.85,33.64,14.88,985.39,-49.78,35.0,-682.50,-455.0,1,53.320,"
1784218598.5111613,"01/01/2000,04:44:19.67,-1021.48,-46.88,41.99,-0.05,-0.71,-0.54,63.0,31.65,53.40,33.59,15.25,985.27,-50.02,183.75,-717.50,-183.75,1,53.320,"
1784218598.5270238,"01/01/2000,04:44:19.69,-1036.62,-27.34,24.41,-0.55,-0.38,-1.77,63.30,31.20,53.85,33.35,15.13,985.76,-49.90,148.75,-621.25,-271.25,1,53.320,"
1784218598.554133,"01/01/2000,04:44:19.71,-1006.84,-15.63,32.71,1.49,1.72,-1.20,64.65,31.35,52.20,33.49,15.13,985.39,-49.90,175.0,-778.75,-271.25,1,53.320,"
1784218598.565808,"01/01/2000,04:44:19.72,-1033.20,-22.95,41.99,1.81,-1.27,0.89,62.25,30.75,53.85,33.44,15.13,985.76,-49.53,-70.0,-586.25,-227.50,1,53.320,"
1784218598.5989592,"01/01/2000,04:44:19.76,-1028.81,-33.69,72.27,-0.99,-0.86,-1.82,63.15,30.60,54.0,33.59,15.25,985.52,-49.90,183.75,-770.0,-105.0,1,53.320,"
1784218598.638478,"01/01/2000,04:44:19.80,-1018.55,-45.90,48.34,-1.26,-0.39,0.04,62.70,30.60,52.95,33.68,15.01,985.52,-49.78,113.75,-875.0,-61.25,1,53.320,"
1784218598.6558173,"01/01/2000,04:44:19.81,-1024.41,-41.50,123.54,-0.68,0.99,0.89,63.30,31.65,53.85,33.64,14.88,985.76,-49.78,43.75,-568.75,-437.50,1,53.320,"
1784218598.694175,"01/01/2000,04:44:19.85,-1036.62,-42.97,53.22,-0.04,-0.39,0.24,64.05,31.20,51.90,33.59,15.13,985.39,-49.53,61.25,-560.0,-323.75,1,53.320,"
1784218598.7116692,"01/01/2000,04:44:19.87,-998.54,-7.81,-31.74,0.23,-0.85,0.84,61.35,31.65,56.10,33.78,15.13,985.39,-49.53,192.50,-752.50,-192.50,1,53.320,"
1784218598.7269824,"01/01/2000,04:44:19.89,-996.58,-1.95,-32.23,-1.40,1.21,-1.39,63.75,31.65,53.40,33.83,15.01,985.64,-49.53,315.0,-717.50,-175.0,1,53.320,"
1784218598.7552176,"01/01/2000,04:44:19.91,-1032.71,-25.39,33.20,2.10,1.57,1.42,63.30,32.40,53.10,33.64,14.88,985.52,-49.53,105.0,-822.50,-201.25,1,53.320,"
1784218598.7831044,"01/01/2000,04:44:19.94,-985.84,-21.00,73.24,0.38,-0.45,0.62,63.60,30.60,53.25,33.49,14.88,985.39,-49.53,201.25,-533.75,-271.25,1,53.320,"
1784218598.8003566,"01/01/2000,04:44:19.96,-1013.67,-45.90,74.71,-0.40,0.49,1.68,62.55,31.20,53.85,33.78,14.88,985.52,-49.29,8.75,-761.25,-201.25,1,53.320,"
1784218598.8270311,"01/01/2000,04:44:19.98,-1023.93,-9.77,38.09,0.47,1.48,3.03,64.05,31.65,52.65,33.97,14.88,985.52,-49.53,201.25,-778.75,-96.25,1,53.320,"
1784218598.8444412,"01/01/2000,04:44:20.00,-1008.30,-18.07,-21.97,1.69,3.10,-0.22,63.30,31.20,53.85,33.64,14.76,985.39,-49.41,157.50,-673.75,-227.50,1,53.320,"
1784218598.8602765,"01/01/2000,04:44:20.01,-1021.00,-37.60,51.76,-0.72,1.95,0.83,62.70,31.05,52.95,33.64,14.64,985.27,-49.41,8.75,-682.50,-323.75,1,53.320,"
1784218598.870654,"01/01/2000,04:44:20.03,-996.58,-53.22,54.69,-1.43,-0.18,-0.34,64.50,31.20,50.85,33.59,14.88,985.27,-49.53,-96.25,-700.0,-210.0,1,53.320,"
1784218598.8951204,"01/01/2000,04:44:20.05,-1039.55,-5.86,-3.42,-0.21,-0.80,1.58,63.60,31.35,53.70,33.78,14.64,985.52,-49.53,61.25,-656.25,-288.75,1,53.320,"
1784218598.918916,"01/01/2000,04:44:20.08,-1035.16,-1.95,13.18,3.55,-0.29,1.67,61.95,28.20,56.70,33.64,14.88,985.39,-49.53,43.75,-665.0,-376.25,1,53.320,"
1784218598.961049,"01/01/2000,04:44:20.12,-1015.14,-19.04,8.79,1.95,1.75,2.27,61.95,32.55,53.25,33.59,15.13,985.39,-49.53,105.0,-708.75,-192.50,1,53.320,"
1784218598.9778259,"01/01/2000,04:44:20.14,-1012.70,-27.83,59.08,2.27,0.34,-1.23,64.05,31.65,52.35,33.64,14.88,985.52,-49.53,148.75,-490.0,-315.0,1,53.320,"
1784218598.9936655,"01/01/2000,04:44:20.15,-1012.21,-19.04,82.03,1.37,1.10,-0.08,63.30,33.15,53.10,33.88,15.01,985.27,-49.53,201.25,-717.50,-183.75,1,53.320,"
1784218599.01308,"01/01/2000,04:44:20.17,-1029.30,-5.37,-43.46,1.18,-1.56,-1.33,63.15,32.55,53.25,33.64,15.01,985.39,-49.41,17.50,-682.50,-227.50,1,53.320,"
1784218599.0484705,"01/01/2000,04:44:20.21,-994.63,-38.09,18.07,-0.21,-0.40,2.68,64.65,32.55,52.20,33.68,14.88,985.27,-49.41,122.50,-665.0,-26.25,1,53.320,"
1784218599.0601077,"01/01/2000,04:44:20.23,-996.09,-50.78,87.89,-0.56,1.54,-0.68,62.40,32.55,52.95,33.83,14.76,985.27,-49.41,52.50,-656.25,-315.0,1,53.320,"
1784218599.084661,"01/01/2000,04:44:20.24,-1044.92,-33.20,51.76,0.15,0.75,0.79,62.70,33.0,53.25,33.59,15.01,985.03,-49.29,113.75,-805.0,-122.50,1,53.320,"
1784218599.1105907,"01/01/2000,04:44:20.26,-1019.04,-41.99,120.12,-0.08,-0.35,-0.18,62.40,33.45,52.20,33.88,14.76,985.52,-49.17,-131.25,-533.75,-411.25,1,53.320,"
1784218599.1252632,"01/01/2000,04:44:20.28,-1009.28,-8.79,26.86,-0.25,0.0,-1.76,63.0,32.85,51.90,33.49,15.01,985.27,-49.53,96.25,-883.75,-166.25,1,53.320,"
1784218599.1370926,"01/01/2000,04:44:20.30,-1030.76,-18.07,39.55,1.90,1.84,-0.70,62.55,32.40,50.85,33.64,15.13,985.27,-49.53,78.75,-542.50,-271.25,1,53.320,"
1784218599.1624207,"01/01/2000,04:44:20.32,-1023.44,-21.00,30.27,-0.48,-0.43,-0.60,63.75,31.20,51.60,33.59,14.88,985.52,-49.53,87.50,-717.50,-332.50,1,53.320,"
1784218599.179743,"01/01/2000,04:44:20.34,-1000.49,-10.25,-14.16,0.51,1.47,-1.0,63.15,33.0,52.50,33.44,15.13,985.15,-49.90,122.50,-761.25,-157.50,1,53.320,"
1784218599.1937108,"01/01/2000,04:44:20.36,-1015.14,-13.67,-14.65,-0.20,-2.27,-0.04,62.70,33.45,54.45,33.83,15.01,985.03,-49.53,183.75,-691.25,-271.25,1,53.320,"
1784218599.213765,"01/01/2000,04:44:20.37,-1026.37,-8.30,23.44,-1.0,0.21,-0.22,62.55,31.95,52.35,33.78,15.13,984.91,-49.65,227.50,-752.50,-175.0,1,53.320,"
1784218599.2351854,"01/01/2000,04:44:20.39,-1019.53,-19.04,4.39,0.87,-1.06,-0.47,63.0,32.85,51.60,33.83,14.88,985.27,-49.65,61.25,-691.25,-288.75,1,53.320,"
1784218599.2536142,"01/01/2000,04:44:20.41,-1017.09,-21.97,0.49,2.76,0.63,-2.27,63.30,33.60,51.90,33.64,15.01,985.52,-49.41,0.0,-752.50,-148.75,1,53.320,"
1784218599.2865698,"01/01/2000,04:44:20.45,-1021.00,-13.67,35.64,0.28,-0.45,-1.61,63.90,31.80,53.25,33.68,15.25,985.15,-49.29,140.0,-735.0,-113.75,1,53.320,"
1784218599.310209,"01/01/2000,04:44:20.47,-1018.07,-1.95,31.74,3.16,-1.02,-2.12,62.55,29.25,55.05,33.64,15.13,985.15,-49.53,218.75,-708.75,-288.75,1,53.320,"
1784218599.3230016,"01/01/2000,04:44:20.48,-1041.50,-20.51,0.49,1.24,-2.25,0.53,62.55,33.15,52.35,33.49,15.01,985.27,-49.53,78.75,-735.0,-183.75,1,53.320,"
1784218599.3409095,"01/01/2000,04:44:20.50,-1008.30,-18.55,41.02,0.40,-0.44,-0.59,62.25,31.95,52.35,33.68,14.76,985.27,-49.41,52.50,-630.0,-420.0,1,53.320,"
1784218599.359034,"01/01/2000,04:44:20.52,-997.56,-27.83,32.71,0.40,1.49,-0.69,63.0,32.40,52.35,33.64,15.37,985.27,-49.53,271.25,-700.0,-140.0,1,53.320,"
1784218599.3800704,"01/01/2000,04:44:20.54,-1006.35,-58.59,84.47,-1.73,-0.84,-0.91,64.05,31.20,53.10,33.49,15.01,985.27,-49.53,-43.75,-595.0,-367.50,1,53.320,"
1784218599.4147718,"01/01/2000,04:44:20.57,-1035.16,1.95,7.32,-1.26,-1.80,1.02,63.60,31.80,52.20,33.78,14.88,985.39,-49.53,271.25,-568.75,-288.75,1,53.320,"
1784218599.4437888,"01/01/2000,04:44:20.60,-1017.09,-7.32,83.98,0.08,0.24,1.72,63.60,33.75,52.95,33.59,15.01,985.03,-49.78,280.0,-796.25,-227.50,1,53.320,"
1784218599.4657583,"01/01/2000,04:44:20.62,-1005.37,-5.37,-9.28,1.13,1.19,-1.11,61.95,32.25,53.70,33.49,15.25,984.91,-49.78,175.0,-525.0,-262.50,1,53.320,"
1784218599.4832408,"01/01/2000,04:44:20.64,-1001.95,1.46,-36.13,2.48,-1.04,-0.31,61.80,33.15,51.15,33.83,15.13,984.91,-49.53,52.50,-726.25,-253.75,1,53.320,"
1784218599.5009873,"01/01/2000,04:44:20.66,-1000.98,-14.65,35.64,1.14,0.34,-0.82,64.65,32.55,52.20,33.59,15.13,985.15,-49.29,26.25,-638.75,-157.50,1,53.320,"
1784218599.523817,"01/01/2000,04:44:20.68,-1007.81,-11.72,11.23,-0.41,-0.13,-0.37,63.15,31.05,52.20,33.64,14.64,985.03,-49.41,52.50,-735.0,-332.50,1,53.320,"
1784218599.5368602,"01/01/2000,04:44:20.70,-990.23,-25.88,-33.69,0.97,-1.78,-0.79,63.0,33.60,51.15,33.68,14.88,984.91,-49.41,236.25,-892.50,-166.25,1,53.320,"
1784218599.5565019,"01/01/2000,04:44:20.72,-995.12,-25.39,6.35,-0.03,-1.47,-1.95,63.0,33.60,51.15,33.49,15.13,985.03,-49.29,26.25,-595.0,-350.0,1,53.320,"
1784218599.573879,"01/01/2000,04:44:20.73,-1041.02,-16.11,52.25,-0.99,2.45,-0.98,63.0,32.40,53.10,33.35,15.37,985.15,-49.41,78.75,-752.50,-323.75,1,53.320,"
1784218599.5936885,"01/01/2000,04:44:20.75,-982.91,1.46,2.44,0.71,-0.24,1.16,62.70,32.55,52.20,33.68,15.13,985.39,-49.78,245.0,-630.0,-218.75,1,53.320,"
1784218599.6106455,"01/01/2000,04:44:20.77,-1004.88,-23.44,44.43,1.0,2.73,-0.27,62.25,33.15,52.35,33.49,14.76,985.27,-49.53,-26.25,-735.0,-341.25,1,53.320,"
1784218599.6286638,"01/01/2000,04:44:20.79,-1058.59,-20.51,43.95,-2.0,-0.60,-2.31,62.40,31.80,53.70,33.64,15.13,985.03,-49.65,236.25,-708.75,-148.75,1,53.320,"
1784218599.6437001,"01/01/2000,04:44:20.80,-1021.00,-21.00,-1.46,0.78,-1.47,-1.08,62.40,31.80,53.70,33.35,15.13,985.27,-49.53,218.75,-420.0,-402.50,1,53.320,"
1784218599.6707587,"01/01/2000,04:44:20.82,-1031.25,-14.65,16.11,0.34,-0.11,-0.18,63.30,31.95,53.40,33.59,15.37,985.15,-49.53,148.75,-805.0,-148.75,1,53.320,"
1784218599.6883163,"01/01/2000,04:44:20.84,-1006.35,-14.16,-71.78,0.73,0.87,-0.31,62.25,31.95,51.60,33.83,15.01,985.27,-49.53,113.75,-402.50,-262.50,1,53.320,"
1784218599.7019594,"01/01/2000,04:44:20.86,-974.12,-26.86,115.72,-0.13,-0.58,1.37,63.75,32.85,52.65,33.49,14.52,985.52,-49.78,-393.75,-857.50,-218.75,1,53.320,"
1784218599.7269928,"01/01/2000,04:44:20.88,-1002.93,11.72,57.62,-0.63,0.02,0.34,62.25,33.60,52.65,33.64,14.88,985.27,-53.31,0.0,-770.0,-201.25,1,53.320,"
1784218599.7375083,"01/01/2000,04:44:20.90,-1008.79,-24.90,47.85,0.21,-3.55,-0.98,62.25,32.85,50.85,33.64,15.01,986.00,-53.92,-420.0,-796.25,-175.0,1,53.320,"
1784218599.7572093,"01/01/2000,04:44:20.92,-1034.18,-13.18,77.64,-1.66,2.47,-0.66,62.25,32.85,50.85,33.35,14.88,985.76,-54.41,-796.25,-682.50,-271.25,1,53.320,"
1784218599.775066,"01/01/2000,04:44:20.93,-1031.74,-23.44,15.63,0.16,1.01,-1.13,62.70,31.80,52.95,33.59,14.64,985.03,-55.39,-612.50,-892.50,-446.25,1,53.320,"
1784218599.7941906,"01/01/2000,04:44:20.95,-998.05,-6.84,56.64,-0.20,1.57,0.46,63.30,33.15,51.15,33.59,14.88,986.00,-56.24,-1163.75,-691.25,-306.25,1,53.320,"
1784218599.812984,"01/01/2000,04:44:20.97,-992.68,-20.02,6.84,0.65,2.70,-0.95,63.15,33.0,52.50,33.64,14.76,986.00,-57.34,-1505.0,-761.25,-516.25,1,53.320,"
1784218599.830592,"01/01/2000,04:44:20.99,-1012.70,-19.04,61.52,1.68,1.95,1.17,63.30,33.60,51.60,33.59,15.62,985.64,-58.32,-1916.25,-603.75,-227.50,1,53.320,"
1784218599.8483355,"01/01/2000,04:44:21.01,-1021.00,-18.07,55.66,0.31,1.63,0.99,63.30,33.60,51.60,33.49,15.49,985.64,-58.80,-2660.0,-332.50,-367.50,1,53.320,"
1784218599.8727005,"01/01/2000,04:44:21.03,-1018.55,-35.64,17.09,-0.24,2.69,0.08,61.35,31.20,54.15,33.78,15.37,986.49,-58.07,-3018.75,-367.50,-105.0,1,53.320,"
1784218599.8887515,"01/01/2000,04:44:21.04,-1027.34,-29.30,8.79,0.74,1.59,0.38,63.15,32.55,51.75,33.64,15.37,986.98,-55.14,-3298.75,-78.75,-271.25,1,53.320,"
1784218599.904342,"01/01/2000,04:44:21.06,-1001.46,-37.60,35.16,-1.45,3.31,-0.80,63.15,33.45,50.55,33.88,15.37,986.74,-52.46,-3246.25,-105.0,-498.75,1,53.320,"
1784218599.9270244,"01/01/2000,04:44:21.08,-1009.28,-14.65,-13.18,1.18,0.73,0.14,62.40,33.45,50.55,33.59,15.49,986.49,-50.51,-3605.0,-43.75,-341.25,1,53.320,"
1784218599.9532993,"01/01/2000,04:44:21.11,-991.21,39.06,12.70,1.26,5.13,0.69,62.25,32.85,50.40,33.68,15.62,985.76,-51.24,-3745.0,140.0,-192.50,1,53.320,"
1784218599.9700658,"01/01/2000,04:44:21.13,-1032.71,-19.53,16.60,-2.73,1.47,-1.33,62.25,31.95,51.15,33.78,15.37,985.52,-50.75,-3158.75,586.25,-367.50,1,53.320,"
1784218599.9916964,"01/01/2000,04:44:21.15,-1038.57,-38.09,71.29,-1.93,5.53,-0.08,63.30,31.65,53.10,33.64,15.62,986.86,-46.60,-3351.25,831.25,-253.75,1,53.320,"
1784218600.0037944,"01/01/2000,04:44:21.17,-1020.02,-20.02,62.01,-3.65,5.18,1.03,61.05,30.45,53.85,33.59,15.86,987.47,-40.50,-4077.50,1452.50,-446.25,1,53.320,"
1784218600.0283604,"01/01/2000,04:44:21.18,-1020.02,-13.18,-6.35,-1.60,5.51,-1.17,62.70,33.45,51.0,33.35,15.98,986.37,-39.04,-4243.75,1172.50,-245.0,1,53.320,"
1784218600.04361,"01/01/2000,04:44:21.20,-1015.14,-30.76,33.20,-1.62,4.40,1.60,63.60,33.0,50.25,33.44,14.88,985.52,-40.02,-3666.25,813.75,-376.25,1,53.320,"
1784218600.0605004,"01/01/2000,04:44:21.22,-990.72,-36.13,1.46,-1.30,2.03,1.19,64.05,32.85,51.90,33.78,14.15,985.52,-40.02,-3176.25,385.0,-358.75,1,53.320,"
1784218600.0884144,"01/01/2000,04:44:21.24,-1059.08,-38.09,-2.44,-2.29,6.44,2.57,64.65,32.25,50.55,33.64,13.79,985.76,-37.82,-3106.25,446.25,-533.75,1,53.320,"
1784218600.100213,"01/01/2000,04:44:21.26,-1033.20,-21.00,-7.81,-0.74,1.21,-1.66,61.65,33.45,52.50,33.49,14.40,985.88,-35.62,-3438.75,280.0,-393.75,1,53.320,"
1784218600.1271002,"01/01/2000,04:44:21.28,-1036.13,-7.32,-20.02,-2.08,2.76,0.05,63.0,33.15,51.15,33.68,14.88,985.76,-34.65,-3508.75,691.25,-192.50,1,53.320,"
1784218600.139562,"01/01/2000,04:44:21.30,-1013.18,-12.21,-18.07,-0.19,2.97,1.14,62.55,31.95,50.40,33.59,14.88,985.15,-33.79,-2808.75,673.75,-446.25,1,53.320,"
1784218600.155968,"01/01/2000,04:44:21.31,-1019.53,-14.16,35.64,-0.50,5.91,0.29,62.25,30.75,53.40,33.78,14.27,985.15,-32.57,-2528.75,621.25,-297.50,1,53.320,"
1784218600.1729846,"01/01/2000,04:44:21.33,-1041.02,-17.09,9.28,0.15,2.89,0.75,63.75,34.05,50.85,33.78,14.27,986.00,-30.74,-2782.50,358.75,-297.50,1,53.320,"
1784218600.193589,"01/01/2000,04:44:21.35,-998.54,-3.91,-21.48,-3.04,3.75,0.69,62.40,32.55,50.55,33.64,14.27,985.64,-30.01,-2940.0,-140.0,-350.0,1,53.320,"
1784218600.2128756,"01/01/2000,04:44:21.37,-1024.90,-21.48,-9.28,-1.41,0.50,-0.48,63.75,31.65,50.10,33.59,13.91,984.42,-30.62,-2310.0,-446.25,-122.50,1,53.320,"
1784218600.229329,"01/01/2000,04:44:21.39,-1027.83,-5.37,-3.42,1.53,-0.16,-0.76,62.25,32.85,51.15,33.78,13.54,983.81,-31.11,-1408.75,-822.50,-175.0,1,53.320,"
1784218600.2461205,"01/01/2000,04:44:21.40,-1019.04,-33.69,11.23,0.63,2.93,-0.21,64.65,33.0,49.80,33.49,13.79,984.30,-30.74,-1041.25,-805.0,-227.50,1,53.320,"
1784218600.2693546,"01/01/2000,04:44:21.42,-1029.30,-6.84,1.46,1.78,2.21,0.64,62.70,31.80,50.25,33.78,14.15,985.76,-27.69,-1181.25,-525.0,-341.25,1,53.320,"
1784218600.302211,"01/01/2000,04:44:21.46,-1010.74,9.77,-31.74,1.46,1.04,-1.05,64.95,33.15,51.15,33.68,13.91,984.91,-22.45,-1855.0,-1155.0,-271.25,1,53.320,"
1784218600.324348,"01/01/2000,04:44:21.48,-1029.30,-43.95,32.23,2.88,0.90,-0.58,63.90,32.25,52.20,33.64,13.42,985.03,-23.67,-595.0,-1723.75,-148.75,1,53.320,"
1784218600.3370495,"01/01/2000,04:44:21.50,-1028.81,-26.86,30.27,1.40,0.15,-0.53,61.95,31.35,52.95,33.49,12.69,986.00,-25.86,245.0,-1863.75,-385.0,1,53.320,"
1784218600.3580997,"01/01/2000,04:44:21.52,-981.93,-17.09,17.58,1.10,0.67,-2.31,61.95,31.35,52.95,33.78,12.69,985.39,-26.72,507.50,-2896.25,-157.50,1,53.320,"
1784218600.3770244,"01/01/2000,04:44:21.53,-1026.37,-3.42,-37.11,-0.50,3.12,1.70,63.15,33.0,51.30,33.49,14.88,985.52,-24.03,-481.25,-1190.0,-105.0,1,53.320,"
1784218600.3990326,"01/01/2000,04:44:21.55,-1018.07,-38.09,4.39,-0.56,-0.27,-2.69,63.75,32.85,49.35,33.64,15.62,985.39,-21.72,-813.75,-245.0,-201.25,1,53.320,"
1784218600.414047,"01/01/2000,04:44:21.57,-1016.11,-12.70,-21.00,-0.32,2.31,-0.21,63.90,33.0,50.55,33.68,14.88,985.76,-21.23,-262.50,-927.50,-96.25,1,53.320,"
1784218600.4315462,"01/01/2000,04:44:21.59,-1029.30,-10.25,-28.81,0.95,-1.60,0.94,64.35,33.75,51.30,33.49,14.40,986.49,-21.23,-17.50,-1190.0,-341.25,1,53.320,"
1784218600.4604032,"01/01/2000,04:44:21.61,-1005.37,-7.81,-36.62,1.47,-0.22,-1.49,64.35,32.55,51.0,33.35,13.05,985.76,-22.69,332.50,-2178.75,-218.75,1,53.320,"
1784218600.4981208,"01/01/2000,04:44:21.66,-1021.97,-29.79,23.93,0.50,0.86,0.69,63.30,32.85,50.40,33.78,14.52,984.91,-22.81,1610.0,-1575.0,-175.0,1,53.320,"
1784218600.513626,"01/01/2000,04:44:21.67,-1027.83,-29.79,4.39,1.76,-0.90,-1.41,64.35,33.0,50.55,33.35,15.62,987.71,-18.91,647.50,-542.50,-271.25,1,53.320,"
1784218600.5270119,"01/01/2000,04:44:21.69,-1010.74,-28.32,-58.11,-1.27,0.87,-0.59,64.35,33.75,51.0,33.59,15.62,988.08,-17.69,-52.50,-936.25,-113.75,1,53.320,"
1784218600.5552874,"01/01/2000,04:44:21.71,-1029.79,-17.09,40.04,2.15,-1.73,0.46,63.90,33.0,51.0,33.78,14.15,985.27,-20.62,332.50,-1863.75,-262.50,1,53.320,"
1784218600.5877635,"01/01/2000,04:44:21.75,-999.02,-17.09,-8.79,4.07,-0.19,-0.63,63.75,31.95,50.40,33.49,13.05,985.15,-23.55,1540.0,-2380.0,-271.25,1,53.320,"
1784218600.6037993,"01/01/2000,04:44:21.76,-1011.23,-16.11,-65.92,2.58,-0.97,-2.55,64.65,32.55,51.30,33.64,13.91,986.37,-20.98,1163.75,-1907.50,-192.50,1,53.320,"
1784218600.6274393,"01/01/2000,04:44:21.79,-1003.42,-12.70,-19.04,0.60,-1.02,-0.37,63.90,31.80,50.55,33.83,15.37,986.00,-19.52,936.25,-1295.0,-280.0,1,53.320,"
1784218600.660465,"01/01/2000,04:44:21.82,-991.21,12.70,-102.54,0.24,-1.09,2.92,64.35,32.25,49.80,33.35,14.52,985.76,-22.20,875.0,-1382.50,-323.75,1,53.320,"
1784218600.6835845,"01/01/2000,04:44:21.84,-1022.46,-23.93,-1.46,1.72,-2.21,-1.48,63.60,33.45,49.05,33.59,13.66,986.37,-24.03,2170.0,-1986.25,-131.25,1,53.320,"
1784218600.701202,"01/01/2000,04:44:21.86,-1001.95,-26.86,-29.30,0.73,-2.42,3.24,64.65,33.45,52.20,33.68,13.66,987.71,-24.16,1846.25,-2345.0,-183.75,1,53.320,"
1784218600.7181902,"01/01/2000,04:44:21.88,-1008.30,-24.41,-43.46,1.99,-1.18,0.36,63.90,33.75,51.30,33.64,14.64,987.59,-23.18,1400.0,-2082.50,-140.0,1,53.320,"
1784218600.7357123,"01/01/2000,04:44:21.89,-1017.09,-30.76,-11.23,-0.77,-2.58,0.79,63.90,32.55,51.30,33.64,15.74,986.00,-22.69,1163.75,-1373.75,-218.75,1,53.320,"
1784218600.7569711,"01/01/2000,04:44:21.92,-999.51,-29.30,42.97,-0.69,-0.89,1.64,63.15,33.75,49.80,33.59,16.10,986.00,-22.45,1006.25,-288.75,-201.25,1,53.320,"
1784218600.7770364,"01/01/2000,04:44:21.93,-1018.55,-8.30,-28.32,-0.26,-1.08,-0.42,61.35,31.95,50.40,33.64,15.25,987.96,-21.84,673.75,-236.25,-297.50,1,53.320,"
1784218600.791291,"01/01/2000,04:44:21.95,-1001.95,-17.58,45.41,0.49,-2.46,0.13,64.05,31.95,50.40,33.49,14.88,989.18,-21.72,0.0,-787.50,-227.50,1,53.320,"
1784218600.804195,"01/01/2000,04:44:21.97,-1041.50,-21.00,44.43,0.63,-0.44,1.06,63.15,33.75,51.75,33.68,15.01,988.32,-22.33,140.0,-848.75,-271.25,1,53.320,"
1784218600.8466587,"01/01/2000,04:44:22.01,-1019.04,-0.49,-24.41,0.83,-1.21,0.72,64.05,32.85,51.15,33.64,14.88,985.27,-24.77,1242.50,-393.75,-131.25,1,53.320,"
1784218600.8824914,"01/01/2000,04:44:22.04,-1007.32,-13.67,-34.18,0.63,1.53,-1.28,63.60,33.75,51.75,33.83,14.88,988.57,-22.81,192.50,-525.0,-131.25,1,53.320,"
1784218600.9030545,"01/01/2000,04:44:22.06,-1011.23,-28.81,45.41,-0.10,0.25,-0.52,65.25,33.15,52.35,33.64,14.64,986.49,-23.42,-17.50,-997.50,-105.0,1,53.320,"
1784218600.9250517,"01/01/2000,04:44:22.08,-1017.58,-31.74,-6.84,1.76,0.45,-0.68,62.70,32.55,51.75,33.49,14.64,984.78,-25.01,560.0,-796.25,-105.0,1,53.320,"
1784218600.9642787,"01/01/2000,04:44:22.12,-1016.60,-16.60,14.16,-0.11,0.54,3.36,62.70,31.80,52.95,33.64,14.76,986.98,-22.45,-35.0,-393.75,-183.75,1,53.320,"
1784218600.99447,"01/01/2000,04:44:22.16,-1021.00,-7.81,16.60,1.37,0.79,0.82,63.75,33.15,51.15,33.68,15.01,988.32,-23.06,-673.75,-752.50,-157.50,1,53.320,"
1784218601.0271144,"01/01/2000,04:44:22.18,-1025.39,-17.09,1.95,1.69,1.79,-0.73,63.75,33.15,51.15,33.44,14.88,986.61,-25.38,-96.25,-516.25,-227.50,1,53.320,"
1784218601.0404618,"01/01/2000,04:44:22.20,-1010.25,-41.02,-14.16,-0.10,0.06,-2.79,64.05,33.15,50.85,33.35,14.40,985.64,-26.84,577.50,-568.75,-148.75,1,53.320,"
1784218601.0583522,"01/01/2000,04:44:22.22,-1021.48,-37.11,18.55,-0.73,1.82,-0.25,64.50,32.40,51.60,33.44,14.88,986.00,-26.60,402.50,-481.25,-201.25,1,53.320,"
1784218601.0754972,"01/01/2000,04:44:22.23,-1010.25,-26.86,-38.09,-0.33,2.23,-2.21,66.0,32.85,50.40,33.97,15.13,986.00,-26.23,-35.0,-525.0,-262.50,1,53.320,"
1784218601.0925248,"01/01/2000,04:44:22.25,-1013.67,-41.99,9.77,-1.40,-0.94,-1.39,64.05,32.85,51.60,33.78,15.25,984.91,-27.21,367.50,-577.50,8.75,1,53.320,"
1784218601.1282337,"01/01/2000,04:44:22.29,-994.14,7.32,-11.72,2.08,-1.94,-0.44,64.05,32.85,51.90,33.78,14.76,985.64,-26.35,770.0,-245.0,-105.0,1,53.320,"
1784218601.164858,"01/01/2000,04:44:22.32,-1011.72,-3.91,-49.32,-0.04,1.38,0.45,65.10,32.55,49.50,33.59,14.52,986.74,-24.52,402.50,-892.50,-253.75,1,53.320,"
1784218601.1862922,"01/01/2000,04:44:22.34,-1022.95,-18.55,-70.31,1.21,-0.33,-0.24,63.30,32.40,50.85,33.59,14.64,985.76,-25.99,752.50,-586.25,-140.0,1,53.320,"
1784218601.2247896,"01/01/2000,04:44:22.38,-1030.27,-40.04,85.45,-0.82,-0.39,-1.77,65.40,32.55,50.25,33.64,14.40,986.61,-24.77,612.50,-621.25,-280.0,1,53.320,"
1784218601.2425451,"01/01/2000,04:44:22.40,-991.21,-20.51,-32.71,-0.28,0.02,0.08,65.70,33.15,50.85,33.68,14.76,986.00,-23.91,-8.75,-551.25,-227.50,1,53.320,"
1784218601.2589204,"01/01/2000,04:44:22.42,-1003.91,-37.11,1.46,0.09,-0.21,-1.85,63.60,31.80,52.20,33.68,14.64,985.27,-24.89,157.50,-586.25,-393.75,1,53.320,"
1784218601.2768242,"01/01/2000,04:44:22.43,-1008.30,-20.51,62.01,-0.06,-0.33,-0.31,65.10,33.75,51.0,33.59,14.88,986.25,-25.86,78.75,-402.50,-183.75,1,53.320,"
1784218601.2942545,"01/01/2000,04:44:22.45,-1033.69,-24.90,-11.23,-2.07,-0.73,-0.97,63.75,32.40,50.10,33.64,14.64,987.71,-25.99,140.0,-297.50,-367.50,1,53.320,"
1784218601.318726,"01/01/2000,04:44:22.47,-1003.91,-39.06,-35.16,-1.84,-1.37,-1.29,65.40,33.45,51.30,33.35,14.27,987.47,-26.35,393.75,-770.0,-166.25,1,53.320,"
1784218601.3354607,"01/01/2000,04:44:22.49,-996.09,-15.63,0.0,-1.76,-2.06,0.47,63.75,34.35,51.15,33.59,14.64,986.74,-26.35,218.75,-463.75,-288.75,1,53.320,"
1784218601.3523288,"01/01/2000,04:44:22.51,-1016.60,-38.57,57.62,0.18,0.94,1.96,63.75,33.15,51.15,33.64,15.01,985.39,-26.35,148.75,-437.50,-218.75,1,53.320,"
1784218601.3883152,"01/01/2000,04:44:22.55,-1016.60,-18.07,0.98,-1.37,-0.40,-0.05,64.65,31.80,51.30,33.64,14.64,987.22,-26.47,813.75,-131.25,-175.0,1,53.320,"
1784218601.4053907,"01/01/2000,04:44:22.56,-989.26,-26.86,-3.91,-2.68,-0.61,-0.76,64.05,33.15,51.90,33.44,14.76,987.71,-25.25,96.25,-393.75,-175.0,1,53.320,"
1784218601.4271095,"01/01/2000,04:44:22.58,-995.12,-12.70,-49.80,1.63,-1.13,0.01,64.65,32.55,51.30,33.78,14.27,986.25,-25.86,-26.25,-735.0,-288.75,1,53.320,"
1784218601.4439023,"01/01/2000,04:44:22.60,-1015.63,-39.55,23.44,2.03,-0.37,-0.69,65.85,31.35,51.75,33.49,14.40,984.78,-27.33,770.0,-936.25,-70.0,1,53.320,"
1784218601.460351,"01/01/2000,04:44:22.62,-1034.18,4.88,-9.77,1.59,-0.98,0.27,63.75,31.95,51.15,33.68,14.40,985.15,-28.30,1155.0,-393.75,-245.0,1,53.320,"
1784218601.4894574,"01/01/2000,04:44:22.64,-983.89,-33.20,71.78,0.15,-2.31,1.40,61.65,32.25,53.25,33.49,14.40,987.10,-27.33,997.50,-796.25,-192.50,1,53.320,"
1784218601.5063357,"01/01/2000,04:44:22.66,-1008.30,-36.13,109.38,2.36,-1.42,-1.54,63.75,32.40,51.15,33.64,14.76,984.54,-26.23,980.0,-717.50,-96.25,1,53.320,"
1784218601.5270066,"01/01/2000,04:44:22.69,-1018.07,-7.81,10.74,1.42,1.15,1.15,64.95,34.05,51.60,33.68,14.76,983.81,-25.86,910.0,-813.75,-113.75,1,53.320,"
1784218601.545231,"01/01/2000,04:44:22.70,-1037.11,-27.83,2.93,-2.18,2.60,1.90,63.15,33.75,51.75,33.68,14.52,986.49,-26.35,210.0,-647.50,-218.75,1,53.320,"
1784218601.5617087,"01/01/2000,04:44:22.72,-1002.44,-22.95,26.86,2.68,1.79,-0.82,63.75,32.85,51.90,33.68,14.40,990.03,-26.84,-367.50,-472.50,-280.0,1,53.320,"
1784218601.5769954,"01/01/2000,04:44:22.74,-1027.34,-17.58,47.85,1.89,1.83,0.09,65.70,33.15,51.60,33.59,14.64,988.69,-27.33,-183.75,-735.0,-227.50,1,53.320,"
1784218601.5986094,"01/01/2000,04:44:22.76,-1010.74,-5.86,13.18,0.44,0.56,1.44,63.90,33.45,52.50,33.64,15.37,984.05,-28.91,455.0,-682.50,-192.50,1,53.320,"
1784218601.6229188,"01/01/2000,04:44:22.78,-1035.16,-45.90,41.02,1.11,-2.69,-0.44,62.55,32.40,52.65,33.64,15.13,983.20,-29.52,752.50,-490.0,-140.0,1,53.320,"
1784218601.6355183,"01/01/2000,04:44:22.79,-1026.86,-30.76,22.46,0.15,-1.40,0.51,64.05,33.60,50.85,33.49,14.52,984.54,-29.65,1032.50,-700.0,-262.50,1,53.320,"
1784218601.66039,"01/01/2000,04:44:22.81,-1030.76,-45.41,49.32,0.97,0.35,2.51,64.65,32.55,51.0,33.78,14.27,987.10,-28.55,848.75,-542.50,-297.50,1,53.320,"
1784218601.6914885,"01/01/2000,04:44:22.85,-1020.02,-9.77,-2.93,3.09,-2.74,0.96,65.25,33.15,51.15,33.68,15.49,987.35,-24.03,-752.50,-385.0,-332.50,1,53.320,"
1784218601.7104645,"01/01/2000,04:44:22.87,-1000.0,-11.23,-18.55,1.21,-0.95,-1.53,64.65,33.45,50.55,33.78,15.01,986.49,-25.25,-131.25,-936.25,-175.0,1,53.320,"
1784218601.7270162,"01/01/2000,04:44:22.89,-1015.14,-17.09,60.55,-0.03,-0.75,-2.47,64.05,32.40,50.40,33.44,14.76,986.00,-28.30,227.50,-761.25,-227.50,1,53.320,"
1784218601.7461367,"01/01/2000,04:44:22.90,-993.16,-13.18,56.64,-0.67,-3.66,-1.43,63.90,32.55,51.30,33.59,14.76,984.42,-28.43,490.0,-498.75,-280.0,1,53.320,"
1784218601.7632322,"01/01/2000,04:44:22.92,-1045.90,-24.90,-54.69,0.19,-0.18,2.41,65.40,32.55,50.55,33.44,15.01,983.44,-27.33,157.50,-612.50,-96.25,1,53.320,"
1784218601.7793612,"01/01/2000,04:44:22.94,-1026.86,-32.71,40.04,1.26,0.71,-2.49,64.95,32.85,51.60,33.68,15.01,984.78,-27.21,-122.50,-735.0,-271.25,1,53.320,"
1784218601.7936668,"01/01/2000,04:44:22.96,-1027.83,-7.81,26.86,0.54,-0.04,-0.47,64.65,34.20,52.95,33.35,15.13,987.22,-27.94,61.25,-446.25,-140.0,1,53.320,"
1784218601.8363953,"01/01/2000,04:44:22.99,-995.12,-5.86,-59.57,0.35,-0.73,-0.89,64.35,33.45,51.75,33.68,15.13,986.74,-28.91,595.0,-638.75,-236.25,1,53.320,"
1784218601.8594074,"01/01/2000,04:44:23.01,-1017.58,-1.95,-11.72,-0.65,2.72,0.10,64.35,33.0,51.75,33.49,15.37,985.76,-26.84,113.75,-507.50,-201.25,1,53.320,"
1784218601.87465,"01/01/2000,04:44:23.03,-1034.18,-22.46,30.76,-1.40,0.64,-1.34,63.15,31.05,53.25,33.78,14.88,986.98,-26.23,-490.0,-717.50,-262.50,1,53.320,"
1784218601.891603,"01/01/2000,04:44:23.05,-995.12,-16.11,13.18,0.06,0.53,-2.47,63.60,34.65,51.0,33.49,14.52,987.71,-27.45,-8.75,-1102.50,-306.25,1,53.320,"
1784218601.9102526,"01/01/2000,04:44:23.07,-1016.11,-30.27,66.89,-0.53,0.67,1.44,63.75,34.35,50.85,33.64,15.13,987.47,-28.43,262.50,-857.50,-113.75,1,53.320,"
1784218601.9270308,"01/01/2000,04:44:23.09,-1012.21,-36.13,-14.65,0.98,-1.34,-0.64,65.40,33.75,51.75,33.68,15.01,985.52,-29.04,245.0,-831.25,-271.25,1,53.320,"
1784218601.9649787,"01/01/2000,04:44:23.12,-1019.04,0.0,-37.11,2.27,-0.08,-0.06,64.95,34.05,51.60,33.59,14.64,984.17,-29.28,1260.0,-1023.75,-175.0,1,53.320,"
1784218601.9826844,"01/01/2000,04:44:23.14,-1021.97,-7.81,-19.53,-0.60,-2.17,0.37,64.95,33.15,50.85,33.59,14.76,986.00,-28.30,997.50,-822.50,-183.75,1,53.320,"
1784218602.003852,"01/01/2000,04:44:23.17,-998.54,-4.39,-31.25,2.11,0.13,-0.86,62.55,32.40,53.85,33.68,14.64,986.25,-26.84,533.75,-1233.75,-148.75,1,53.320,"
1784218602.0295098,"01/01/2000,04:44:23.19,-1027.34,-19.04,-25.39,0.48,0.04,1.23,64.50,32.40,51.90,33.83,15.01,987.22,-26.47,-43.75,-621.25,-201.25,1,53.320,"
1784218602.0464709,"01/01/2000,04:44:23.21,-1023.93,-19.04,25.88,2.65,0.89,-2.89,64.95,33.60,51.15,33.59,15.62,988.44,-26.11,-612.50,-26.25,-227.50,1,53.320,"
1784218602.072748,"01/01/2000,04:44:23.22,-1015.63,-24.90,36.13,0.82,0.43,-1.99,64.95,33.60,51.15,33.64,15.62,988.69,-25.86,-1076.25,122.50,-262.50,1,53.320,"
1784218602.0886679,"01/01/2000,04:44:23.24,-1023.44,0.98,-45.90,-0.75,0.63,0.03,65.85,32.25,51.75,33.64,14.88,986.98,-27.08,-1102.50,-315.0,-262.50,1,53.320,"
1784218602.1025705,"01/01/2000,04:44:23.26,-992.68,-26.86,19.53,0.07,2.01,-0.11,64.05,32.40,52.35,33.64,14.64,986.13,-27.94,-568.75,-665.0,-245.0,1,53.320,"
1784218602.125066,"01/01/2000,04:44:23.28,-1023.93,-12.70,14.16,0.62,1.41,-0.56,65.40,33.45,51.30,33.78,15.13,986.25,-27.94,-402.50,-166.25,-245.0,1,53.320,"
1784218602.1416738,"01/01/2000,04:44:23.30,-1000.49,-26.86,-41.50,-0.61,1.36,1.24,65.10,33.75,51.30,33.59,14.76,986.13,-27.33,-306.25,-481.25,-210.0,1,53.320,"
1784218602.159249,"01/01/2000,04:44:23.32,-1025.88,-41.50,38.09,0.56,-1.89,-0.56,64.95,33.60,50.85,33.83,14.64,985.76,-27.33,-87.50,-708.75,-17.50,1,53.320,"
1784218602.1778612,"01/01/2000,04:44:23.33,-1013.67,-38.09,4.39,0.89,0.30,-0.90,65.40,32.25,51.75,33.68,14.27,986.25,-27.82,105.0,-840.0,-210.0,1,53.320,"
1784218602.1917493,"01/01/2000,04:44:23.35,-978.03,-16.11,-11.72,-1.63,-0.15,-0.13,64.05,33.15,51.90,33.59,14.03,985.76,-28.55,288.75,-1067.50,-280.0,1,53.320,"
1784218602.214838,"01/01/2000,04:44:23.37,-1039.06,-7.32,-7.81,0.79,-3.28,-0.34,65.40,33.75,51.30,33.68,13.91,983.32,-29.77,1216.25,-1706.25,-288.75,1,53.320,"
1784218602.2317128,"01/01/2000,04:44:23.39,-1019.04,-15.14,25.39,0.90,-3.24,-1.19,63.90,33.0,51.75,33.44,15.13,984.17,-28.79,822.50,-910.0,-140.0,1,53.320,"
1784218602.2493222,"01/01/2000,04:44:23.41,-1037.11,-5.86,-95.21,-3.20,0.95,1.82,66.0,33.60,51.15,33.35,15.37,986.49,-27.82,236.25,-560.0,-236.25,1,53.320,"
1784218602.2605798,"01/01/2000,04:44:23.42,-1025.39,-20.02,-52.73,2.59,-0.04,0.68,64.95,34.05,51.90,33.78,14.03,987.10,-28.43,1032.50,-1575.0,-271.25,1,53.320,"
1784218602.2876496,"01/01/2000,04:44:23.45,-1013.67,-30.76,-22.46,-0.16,-0.76,1.11,65.40,33.0,52.50,33.59,14.52,987.71,-28.43,1155.0,-1181.25,-201.25,1,53.320,"
1784218602.3103843,"01/01/2000,04:44:23.46,-1011.23,-3.42,69.82,-0.91,-0.32,-1.89,66.45,33.60,52.35,33.35,15.13,986.98,-28.06,752.50,-822.50,-262.50,1,53.320,"
1784218602.3253593,"01/01/2000,04:44:23.48,-1011.23,-22.46,30.27,2.23,-0.43,1.61,64.50,34.05,51.15,33.49,15.49,986.49,-27.33,787.50,-533.75,-140.0,1,53.320,"
1784218602.343967,"01/01/2000,04:44:23.50,-1002.93,-26.37,31.74,2.02,-1.60,-2.10,63.75,31.95,51.60,33.64,15.49,986.74,-26.47,236.25,-481.25,-288.75,1,53.320,"
1784218602.3608522,"01/01/2000,04:44:23.52,-1015.14,-19.53,-2.44,1.45,-1.18,-0.21,65.10,32.25,51.30,33.68,15.98,986.00,-25.38,78.75,-227.50,-43.75,1,53.320,"
1784218602.3770921,"01/01/2000,04:44:23.54,-989.26,-0.49,12.21,0.56,0.46,0.12,65.70,34.80,52.65,33.44,15.62,985.52,-24.52,420.0,-280.0,-437.50,1,53.320,"
1784218602.3953402,"01/01/2000,04:44:23.55,-1010.74,-25.39,-31.25,-0.66,-0.69,1.43,64.50,33.45,52.20,33.64,14.64,984.78,-23.55,1041.25,-1006.25,-61.25,1,53.320,"
1784218602.4217663,"01/01/2000,04:44:23.57,-1015.14,-7.32,-36.13,-0.31,-0.66,-0.83,65.40,32.25,52.50,33.59,14.52,983.81,-22.08,2353.75,-971.25,-297.50,1,53.320,"
1784218602.4346893,"01/01/2000,04:44:23.59,-1019.04,-6.84,51.76,-1.19,-1.52,0.15,65.10,32.55,52.20,33.59,15.25,986.86,-19.89,787.50,-770.0,-166.25,1,53.320,"
1784218602.4500654,"01/01/2000,04:44:23.61,-998.05,-11.72,41.99,-1.16,-2.22,-0.24,64.05,33.15,52.65,33.64,15.37,987.96,-20.25,411.25,-796.25,-175.0,1,53.320,"
1784218602.4603746,"01/01/2000,04:44:23.63,-1000.0,-21.00,2.93,1.24,-1.77,0.24,64.65,33.0,51.75,33.64,15.01,986.49,-21.23,1207.50,-1023.75,-175.0,1,53.320,"
1784218602.4897342,"01/01/2000,04:44:23.65,-1029.30,-9.28,31.25,0.22,-0.55,0.27,64.65,33.45,52.20,33.78,15.13,985.52,-20.13,2257.50,-638.75,-157.50,1,53.320,"
1784218602.5134108,"01/01/2000,04:44:23.67,-1016.11,-6.35,-46.39,0.45,-2.56,0.15,64.95,33.15,52.65,33.68,14.76,986.00,-17.81,1793.75,-857.50,-210.0,1,53.320,"
1784218602.5292697,"01/01/2000,04:44:23.69,-1020.02,-40.04,6.84,-1.02,-1.92,-1.69,64.95,34.35,51.90,33.35,15.37,987.10,-16.35,1137.50,-463.75,-157.50,1,53.320,"
1784218602.557156,"01/01/2000,04:44:23.71,-1000.49,-28.32,37.60,-0.20,-2.06,-1.89,65.25,31.65,54.15,33.49,14.88,986.98,-17.81,866.25,-787.50,-323.75,1,53.320,"
1784218602.5740037,"01/01/2000,04:44:23.73,-1014.16,-26.37,28.81,-0.47,0.34,-1.55,65.25,31.65,54.15,33.78,15.01,986.13,-20.50,883.75,-822.50,-166.25,1,53.320,"
1784218602.591544,"01/01/2000,04:44:23.75,-988.77,15.14,-65.92,0.85,-1.43,2.27,64.65,34.65,52.50,33.83,14.76,985.64,-22.69,1347.50,-752.50,-271.25,1,53.320,"
1784218602.6037734,"01/01/2000,04:44:23.77,-1079.10,-61.04,83.50,-0.42,-2.61,0.21,65.40,33.75,51.75,33.68,15.13,985.52,-23.91,1303.75,-673.75,-183.75,1,53.320,"
1784218602.6302645,"01/01/2000,04:44:23.79,-952.15,-9.28,-52.73,1.06,-2.46,-1.01,66.30,34.20,52.95,33.49,15.25,986.13,-23.06,1163.75,-376.25,-253.75,1,53.320,"
1784218602.6603522,"01/01/2000,04:44:23.82,-996.58,-42.48,47.36,0.69,-0.77,-1.59,63.75,33.15,52.65,33.64,14.88,987.59,-27.33,525.0,-595.0,-253.75,1,53.320,"
1784218602.6890671,"01/01/2000,04:44:23.84,-988.28,-37.11,0.98,-0.21,-3.19,1.14,63.60,33.45,52.20,33.68,14.88,985.88,-29.52,1137.50,-743.75,-96.25,1,53.320,"
1784218602.7030392,"01/01/2000,04:44:23.86,-998.54,-33.69,-0.49,0.90,1.14,0.37,65.10,33.45,52.95,33.59,14.64,985.27,-30.62,883.75,-525.0,-358.75,1,53.320,"
1784218602.7206917,"01/01/2000,04:44:23.88,-1006.84,-36.62,-13.18,-0.73,-1.85,-1.15,65.40,32.55,52.95,33.44,15.01,986.00,-30.26,525.0,-533.75,-122.50,1,53.320,"
1784218602.7373486,"01/01/2000,04:44:23.90,-1017.09,1.46,41.50,0.34,0.22,-2.66,64.65,33.45,52.50,33.25,15.13,986.61,-30.87,428.75,-533.75,-262.50,1,53.320,"
1784218602.759169,"01/01/2000,04:44:23.92,-1027.83,-21.97,42.97,1.15,0.63,-0.42,65.10,32.25,52.20,33.68,14.88,986.25,-32.09,700.0,-822.50,-245.0,1,53.320,"
1784218602.7769632,"01/01/2000,04:44:23.93,-1022.46,3.42,37.60,-3.45,-2.34,1.07,65.10,32.25,52.20,33.49,15.25,985.88,-32.94,603.75,-507.50,-140.0,1,53.320,"
1784218602.793309,"01/01/2000,04:44:23.95,-1008.79,-25.39,33.20,-0.40,-0.64,1.76,65.40,33.0,51.75,33.35,15.13,985.88,-32.94,595.0,-560.0,-271.25,1,53.320,"
1784218602.8105843,"01/01/2000,04:44:23.97,-1025.88,-40.53,12.21,-0.40,1.90,1.53,65.85,32.25,52.50,33.44,15.01,986.25,-33.06,306.25,-708.75,-148.75,1,53.320,"
1784218602.831383,"01/01/2000,04:44:23.99,-1013.18,-28.81,-17.09,2.40,-0.98,1.89,65.25,33.15,52.35,33.68,15.01,986.49,-33.67,393.75,-621.25,-253.75,1,53.320,"
1784218602.855679,"01/01/2000,04:44:24.01,-1028.81,-0.98,-14.65,-0.53,4.99,-1.68,64.50,33.60,51.90,33.59,15.13,986.00,-34.16,542.50,-621.25,-227.50,1,53.320,"
1784218602.866041,"01/01/2000,04:44:24.02,-1031.74,-33.69,-11.72,1.67,-0.66,-1.36,63.30,32.85,51.60,33.68,15.13,986.00,-34.40,446.25,-490.0,-262.50,1,53.320,"
1784218602.8934722,"01/01/2000,04:44:24.04,-1023.93,-40.53,66.41,0.28,-2.75,-0.96,63.30,32.85,51.60,33.64,15.13,986.00,-34.40,385.0,-533.75,-210.0,1,53.320,"
1784218602.9220307,"01/01/2000,04:44:24.08,-1002.93,-27.34,2.44,2.17,-1.43,-0.58,64.50,33.15,53.10,33.64,15.13,986.00,-34.65,350.0,-726.25,-218.75,1,53.320,"
1784218602.9583468,"01/01/2000,04:44:24.11,-1004.88,-18.55,34.67,1.81,-2.22,-0.72,65.70,32.85,52.65,33.49,15.13,985.76,-35.14,463.75,-455.0,-341.25,1,53.320,"
1784218602.9779093,"01/01/2000,04:44:24.14,-1040.53,-18.55,5.86,1.45,0.35,0.80,63.75,31.20,53.40,33.64,15.37,986.13,-35.14,507.50,-507.50,-148.75,1,53.320,"
1784218602.9939861,"01/01/2000,04:44:24.15,-1040.53,-32.71,24.90,0.46,0.37,-1.02,63.75,31.20,53.40,33.78,15.13,986.00,-35.14,332.50,-612.50,-315.0,1,53.320,"
1784218603.0118737,"01/01/2000,04:44:24.17,-986.82,-28.32,-27.83,1.95,-1.98,-0.11,64.95,32.85,52.35,33.59,15.25,985.76,-35.26,280.0,-840.0,-113.75,1,53.320,"
1784218603.0446217,"01/01/2000,04:44:24.20,-1011.23,-16.11,41.02,0.24,0.24,-0.92,63.75,31.65,53.40,33.59,15.13,985.88,-35.87,481.25,-533.75,-280.0,1,53.320,"
1784218603.0605152,"01/01/2000,04:44:24.22,-1013.67,-8.30,37.60,0.83,0.37,-3.31,64.65,33.45,53.25,33.49,15.13,986.00,-35.99,498.75,-630.0,-236.25,1,53.320,"
1784218603.0754788,"01/01/2000,04:44:24.23,-999.51,3.91,-43.95,0.22,-0.83,0.78,64.95,33.15,53.10,33.68,15.01,986.13,-35.75,245.0,-437.50,-245.0,1,53.320,"
1784218603.0936518,"01/01/2000,04:44:24.25,-1030.76,-11.72,29.30,1.69,0.79,-1.07,63.30,33.15,52.65,33.59,14.76,985.76,-35.62,227.50,-717.50,-280.0,1,53.320,"
1784218603.11525,"01/01/2000,04:44:24.27,-1032.71,-16.11,36.13,-0.97,-0.18,-0.44,64.95,33.15,51.90,33.68,15.13,986.25,-35.99,236.25,-525.0,-271.25,1,53.320,"
1784218603.1347656,"01/01/2000,04:44:24.29,-1023.44,-12.21,56.15,0.17,-1.11,1.28,63.75,34.05,52.35,33.88,14.88,986.00,-36.23,358.75,-665.0,-236.25,1,53.320,"
1784218603.1660368,"01/01/2000,04:44:24.32,-1024.41,-26.37,22.46,2.26,-1.91,0.35,63.30,32.40,51.60,33.44,14.88,985.88,-35.87,175.0,-455.0,-402.50,1,53.320,"
1784218603.2082534,"01/01/2000,04:44:24.36,-994.14,-23.93,3.91,0.82,-1.91,0.31,63.60,34.20,53.70,33.59,14.88,985.76,-36.72,463.75,-647.50,-323.75,1,53.320,"
1784218603.2275615,"01/01/2000,04:44:24.38,-1002.93,-26.37,4.39,3.27,-1.73,0.61,65.10,34.20,52.20,33.49,15.01,985.76,-36.48,455.0,-708.75,-192.50,1,53.320,"
1784218603.2436936,"01/01/2000,04:44:24.40,-1038.09,-36.13,41.50,-0.67,-0.20,0.92,65.10,32.55,52.95,33.68,14.88,985.76,-36.23,166.25,-638.75,-306.25,1,53.320,"
1784218603.2603483,"01/01/2000,04:44:24.42,-1042.97,-21.48,1.46,-0.05,0.32,-3.41,64.35,33.0,51.30,33.49,14.64,985.76,-36.48,140.0,-498.75,-306.25,1,53.320,"
1784218603.2773569,"01/01/2000,04:44:24.44,-1018.55,-33.20,58.59,0.88,-2.93,0.60,64.95,34.05,53.10,33.64,14.64,985.76,-36.72,323.75,-735.0,-280.0,1,53.320,"
1784218603.295163,"01/01/2000,04:44:24.45,-1004.88,-13.67,-4.88,0.54,1.59,-0.48,64.05,31.95,53.10,33.64,14.88,985.64,-36.60,411.25,-560.0,-323.75,1,53.320,"
1784218603.3156686,"01/01/2000,04:44:24.47,-997.07,-24.41,59.57,-2.50,0.33,-2.56,64.95,32.85,52.65,33.64,15.13,985.76,-36.36,288.75,-717.50,-52.50,1,53.320,"
1784218603.339296,"01/01/2000,04:44:24.49,-1045.41,-24.90,7.32,0.76,0.33,0.29,65.25,33.60,53.10,33.68,14.88,985.76,-36.48,297.50,-638.75,-227.50,1,53.320,"
1784218603.35383,"01/01/2000,04:44:24.51,-1016.60,-37.11,-35.16,-0.34,0.31,-1.24,64.05,33.60,51.90,33.68,14.64,985.88,-36.84,367.50,-770.0,-245.0,1,53.320,"
1784218603.3689108,"01/01/2000,04:44:24.53,-1036.13,9.77,-26.37,-1.26,0.64,2.78,64.95,34.05,51.90,33.35,14.76,985.76,-36.84,402.50,-603.75,-236.25,1,53.320,"
1784218603.3920634,"01/01/2000,04:44:24.55,-1002.93,-44.43,33.20,-0.15,-0.71,1.93,64.05,32.85,52.65,33.59,14.88,986.00,-36.60,245.0,-700.0,-105.0,1,53.320,"
1784218603.4042323,"01/01/2000,04:44:24.56,-1037.11,-0.49,63.96,-0.50,-0.34,-1.02,65.85,33.45,52.50,33.68,14.88,985.76,-36.48,253.75,-551.25,-332.50,1,53.320,"
1784218603.4240346,"01/01/2000,04:44:24.58,-1016.60,-12.70,56.15,0.05,2.90,0.47,65.40,34.20,50.25,33.78,15.13,985.64,-36.72,341.25,-761.25,-183.75,1,53.320,"
1784218603.4448216,"01/01/2000,04:44:24.60,-1023.93,-27.34,-12.70,0.53,-1.43,-0.51,64.35,31.80,54.45,33.35,15.01,985.39,-37.09,350.0,-533.75,-315.0,1,53.320,"
1784218603.4604204,"01/01/2000,04:44:24.62,-1008.79,-13.18,34.18,-2.67,-0.53,1.92,64.95,33.60,51.90,33.49,15.01,985.64,-37.33,236.25,-700.0,-253.75,1,53.320,"
1784218603.4973576,"01/01/2000,04:44:24.66,-986.82,-36.62,15.63,-0.15,0.85,2.02,65.85,33.45,52.95,33.68,15.13,986.00,-37.33,166.25,-656.25,-192.50,1,53.320,"
1784218603.5270596,"01/01/2000,04:44:24.69,-1009.77,-22.95,49.32,-0.66,0.12,1.79,63.15,33.75,52.20,33.59,15.37,985.64,-37.58,358.75,-595.0,-236.25,1,53.320,"
1784218603.564068,"01/01/2000,04:44:24.72,-1010.74,-37.60,52.25,-1.32,0.44,-2.70,61.95,32.55,54.0,33.78,15.13,986.00,-37.21,297.50,-603.75,-236.25,1,53.320,"
1784218603.5840616,"01/01/2000,04:44:24.74,-1021.97,-10.74,-27.34,1.10,-1.05,2.0,64.50,32.85,51.15,33.64,15.13,986.00,-37.33,131.25,-498.75,-227.50,1,53.320,"
1784218603.6039634,"01/01/2000,04:44:24.76,-990.72,-10.74,-39.06,3.23,0.07,-0.61,64.65,33.75,52.20,33.59,15.01,985.64,-37.45,280.0,-612.50,-350.0,1,53.320,"
1784218603.6395726,"01/01/2000,04:44:24.80,-1012.70,-15.63,-17.58,2.52,0.43,0.08,65.25,34.35,52.35,33.35,15.13,986.13,-37.21,183.75,-516.25,-245.0,1,53.320,"
1784218603.656047,"01/01/2000,04:44:24.82,-1017.58,9.28,-56.64,0.41,0.31,-2.31,65.40,33.0,52.50,33.68,15.13,986.25,-36.97,210.0,-682.50,-253.75,1,53.320,"
1784218603.6786294,"01/01/2000,04:44:24.84,-1012.21,-17.58,-14.16,-2.60,-2.14,3.08,64.05,32.40,52.65,33.64,15.13,986.00,-37.33,323.75,-630.0,-218.75,1,53.320,"
1784218603.6952193,"01/01/2000,04:44:24.85,-1016.60,-41.99,45.41,0.47,-0.20,-0.40,65.70,34.35,52.35,33.68,15.25,986.13,-37.70,367.50,-717.50,-253.75,1,53.320,"
1784218603.7106364,"01/01/2000,04:44:24.87,-1019.53,-39.06,43.46,-0.26,-0.31,2.50,66.30,32.55,53.70,33.49,15.37,986.13,-37.45,350.0,-665.0,-157.50,1,53.320,"
1784218603.7271504,"01/01/2000,04:44:24.89,-1006.84,-21.97,25.39,1.24,-0.40,-0.15,65.70,34.80,52.65,33.30,15.25,986.25,-37.09,315.0,-595.0,-175.0,1,53.320,"
1784218603.7544951,"01/01/2000,04:44:24.91,-991.21,7.81,-1.95,0.11,-0.48,0.97,64.95,33.15,52.65,33.59,14.88,986.13,-36.97,175.0,-682.50,-288.75,1,53.320,"
1784218603.7709463,"01/01/2000,04:44:24.93,-984.38,-10.25,3.91,-0.30,-2.61,1.05,66.0,32.85,52.65,33.49,15.13,985.88,-37.45,245.0,-603.75,-245.0,1,53.320,"
1784218603.7938833,"01/01/2000,04:44:24.94,-1020.51,-38.09,4.88,0.0,1.01,-0.18,65.10,34.20,53.25,33.64,15.13,985.88,-37.82,306.25,-525.0,-262.50,1,53.320,"
1784218603.8041933,"01/01/2000,04:44:24.96,-1017.09,-32.71,4.88,-0.69,-0.96,0.80,64.35,33.75,51.75,33.68,15.37,986.25,-37.58,297.50,-673.75,-175.0,1,53.320,"
1784218603.8230486,"01/01/2000,04:44:24.98,-1009.28,-53.22,67.87,2.44,2.98,-1.43,64.65,33.0,51.75,33.68,15.49,986.00,-37.58,175.0,-630.0,-253.75,1,53.320,"
1784218603.8435857,"01/01/2000,04:44:25.00,-1010.74,-20.51,-16.11,0.27,1.05,-2.84,65.40,33.45,52.50,33.59,15.37,986.00,-37.70,140.0,-743.75,-262.50,1,53.320,"
1784218603.8585708,"01/01/2000,04:44:25.02,-1013.67,-24.90,-11.23,1.44,2.20,-0.54,64.95,33.15,51.90,33.44,15.25,985.88,-38.06,332.50,-770.0,-157.50,1,53.320,"
1784218603.8787172,"01/01/2000,04:44:25.04,-994.14,-17.09,19.53,1.55,-1.73,2.10,64.35,32.25,52.95,33.68,15.13,986.00,-37.82,148.75,-691.25,-332.50,1,53.320,"
1784218603.896127,"01/01/2000,04:44:25.05,-1024.90,-62.50,-10.74,0.29,0.73,-0.70,64.35,32.55,52.95,33.59,15.13,986.13,-37.58,183.75,-708.75,-201.25,1,53.320,"
1784218603.913102,"01/01/2000,04:44:25.07,-1020.02,-20.51,16.60,-0.25,-0.49,-1.53,64.50,32.85,53.10,33.44,15.01,986.00,-37.58,280.0,-595.0,-271.25,1,53.320,"
1784218603.9270365,"01/01/2000,04:44:25.09,-1011.72,-10.74,51.27,0.10,0.99,2.13,64.95,32.85,52.35,33.78,15.01,985.88,-37.94,315.0,-708.75,-227.50,1,53.320,"
1784218603.9547033,"01/01/2000,04:44:25.11,-1004.88,-33.69,20.51,-1.52,0.02,-0.34,65.10,31.80,53.70,33.78,15.13,986.00,-37.82,288.75,-533.75,-218.75,1,53.320,"
1784218603.9686651,"01/01/2000,04:44:25.13,-1003.91,-36.62,22.95,0.42,-0.84,-3.46,64.65,33.0,52.50,33.35,14.88,986.00,-37.58,192.50,-673.75,-315.0,1,53.320,"
1784218603.9856615,"01/01/2000,04:44:25.14,-1015.14,-0.49,-37.11,1.23,-0.32,-0.47,64.35,32.55,52.50,33.68,15.13,986.13,-37.33,96.25,-778.75,-148.75,1,53.320,"
1784218604.0063367,"01/01/2000,04:44:25.17,-1003.42,-41.02,-20.02,-1.53,-2.18,-1.88,64.35,33.45,52.20,33.35,14.88,986.37,-37.82,236.25,-621.25,-306.25,1,53.320,"
1784218604.0284772,"01/01/2000,04:44:25.18,-1030.27,-18.07,38.57,1.59,0.92,2.67,65.40,34.95,52.50,33.59,15.01,986.00,-37.70,385.0,-621.25,-122.50,1,53.320,"
1784218604.0424967,"01/01/2000,04:44:25.20,-996.09,-45.41,91.80,1.19,-1.25,0.20,65.85,33.45,52.95,33.59,15.01,985.76,-37.58,350.0,-507.50,-236.25,1,53.320,"
1784218604.0727022,"01/01/2000,04:44:25.22,-1011.23,-11.23,21.97,0.04,0.27,1.37,65.25,32.85,52.65,33.49,15.01,986.00,-37.58,105.0,-743.75,-175.0,1,53.320,"
1784218604.0886524,"01/01/2000,04:44:25.25,-1017.58,-40.04,-18.55,-2.60,1.35,-2.13,65.85,32.25,52.50,33.59,15.13,986.13,-37.58,105.0,-708.75,-262.50,1,53.320,"
1784218604.1061819,"01/01/2000,04:44:25.26,-1006.84,-13.67,21.97,-0.35,-2.09,-0.05,62.55,32.85,54.60,33.49,15.25,985.76,-37.45,96.25,-630.0,-140.0,1,53.320,"
1784218604.122848,"01/01/2000,04:44:25.28,-1009.28,1.95,55.66,-0.35,-1.34,-0.71,64.65,33.45,52.50,33.64,15.13,985.52,-37.45,166.25,-708.75,-210.0,1,53.320,"
1784218604.1374462,"01/01/2000,04:44:25.30,-1006.35,-41.50,57.62,0.18,1.79,0.30,64.95,32.85,51.90,33.68,14.88,986.00,-37.45,210.0,-752.50,-157.50,1,53.320,"
1784218604.1610947,"01/01/2000,04:44:25.32,-1025.88,-34.18,126.95,1.60,-0.99,-0.80,65.85,32.55,53.25,33.64,15.01,986.25,-37.70,280.0,-691.25,-245.0,1,53.320,"
1784218604.178818,"01/01/2000,04:44:25.34,-1008.30,-6.35,-59.57,-0.15,-0.72,2.02,65.85,33.45,52.95,33.35,15.01,986.00,-37.58,113.75,-840.0,-218.75,1,53.320,"
1784218604.193723,"01/01/2000,04:44:25.35,-1024.41,-63.96,33.69,0.02,0.69,1.60,65.70,33.60,52.35,33.68,15.25,985.52,-37.58,262.50,-595.0,-227.50,1,53.320,"
1784218604.2169828,"01/01/2000,04:44:25.38,-1004.88,-18.07,30.27,-0.45,-3.24,-3.82,64.35,33.0,52.50,33.49,15.13,985.88,-37.82,385.0,-621.25,-341.25,1,53.320,"
1784218604.2347004,"01/01/2000,04:44:25.39,-1021.97,-30.27,17.58,1.53,-0.77,0.71,63.30,31.95,53.10,33.64,15.13,986.13,-37.82,280.0,-717.50,-201.25,1,53.320,"
1784218604.251713,"01/01/2000,04:44:25.41,-1018.55,-21.00,-49.80,0.75,1.30,-1.22,65.70,32.85,52.65,33.44,15.25,986.13,-37.82,262.50,-498.75,-210.0,1,53.320,"
1784218604.2712038,"01/01/2000,04:44:25.43,-1009.28,-4.88,36.62,-0.85,-0.53,0.29,65.25,33.60,53.10,33.59,15.25,986.00,-37.58,227.50,-752.50,-183.75,1,53.320,"
1784218604.2945044,"01/01/2000,04:44:25.45,-1013.67,-40.04,8.30,-0.15,-1.38,1.54,65.25,30.45,55.05,33.64,15.62,985.88,-37.58,227.50,-612.50,-297.50,1,53.320,"
1784218604.3106024,"01/01/2000,04:44:25.47,-1022.95,-33.69,-24.41,0.30,2.88,-0.73,66.0,33.60,53.85,33.44,15.37,986.25,-37.82,367.50,-551.25,-43.75,1,53.320,"
1784218604.3271058,"01/01/2000,04:44:25.48,-1006.84,-9.28,13.67,1.83,3.22,0.02,63.75,32.40,52.35,33.64,15.01,986.13,-37.70,227.50,-910.0,-253.75,1,53.320,"
1784218604.3372731,"01/01/2000,04:44:25.50,-1020.51,-1.46,-23.44,-0.60,-0.40,0.12,66.30,32.25,52.20,33.78,15.25,986.00,-37.58,35.0,-647.50,-148.75,1,53.320,"
1784218604.3630476,"01/01/2000,04:44:25.52,-999.51,-22.95,13.18,1.35,-1.53,1.08,64.50,31.95,52.65,33.64,15.37,986.00,-37.58,122.50,-700.0,-262.50,1,53.320,"
1784218604.392812,"01/01/2000,04:44:25.56,-985.84,-17.58,41.02,0.42,-0.18,-1.29,65.10,33.0,51.30,33.59,15.25,986.25,-37.94,262.50,-446.25,-315.0,1,53.320,"
1784218604.4144943,"01/01/2000,04:44:25.57,-1021.00,-1.95,-30.27,1.42,0.02,-1.11,64.35,33.45,52.95,33.59,15.13,986.13,-37.82,210.0,-840.0,-367.50,1,53.320,"
1784218604.441859,"01/01/2000,04:44:25.59,-1026.86,-22.95,9.77,-0.13,-0.80,0.69,64.50,33.15,53.40,33.68,15.13,986.25,-37.82,183.75,-743.75,-175.0,1,53.320,"
1784218604.4609334,"01/01/2000,04:44:25.63,-1025.39,0.0,13.18,-1.63,-1.77,-1.25,64.35,32.25,52.50,33.59,15.37,986.00,-38.19,166.25,-813.75,-26.25,1,53.320,"
1784218604.4911244,"01/01/2000,04:44:25.65,-1020.02,-41.99,37.11,0.63,0.31,-0.52,63.15,31.35,55.20,33.49,15.13,986.00,-38.19,306.25,-638.75,-183.75,1,53.320,"
1784218604.5083067,"01/01/2000,04:44:25.67,-1022.95,-20.02,27.83,0.70,0.92,-0.72,65.70,33.60,52.65,33.64,15.01,986.25,-38.06,148.75,-796.25,-175.0,1,53.320,"
1784218604.5255754,"01/01/2000,04:44:25.68,-1020.51,-32.23,7.81,0.24,1.37,-1.89,64.05,34.05,53.10,33.59,15.13,986.00,-38.06,78.75,-551.25,-253.75,1,53.320,"
1784218604.5374503,"01/01/2000,04:44:25.70,-1028.81,-30.27,30.27,0.12,-0.37,-1.81,64.05,34.35,53.40,33.30,14.88,985.76,-38.19,157.50,-647.50,-350.0,1,53.320,"
1784218604.5770373,"01/01/2000,04:44:25.72,-1012.70,-16.11,95.70,0.03,0.64,-0.34,63.60,33.75,51.75,33.59,15.13,985.88,-38.31,306.25,-603.75,-288.75,1,53.320,"
1784218604.5887225,"01/01/2000,04:44:25.75,-998.05,-24.90,40.53,-1.04,-0.53,-1.03,64.95,32.85,51.60,33.88,15.25,985.03,-37.09,796.25,-883.75,-315.0,1,53.320,"
1784218604.6043167,"01/01/2000,04:44:25.77,-1043.46,42.48,-67.38,0.18,0.09,-2.46,65.25,33.15,52.35,33.78,15.62,985.76,-35.14,831.25,-437.50,-122.50,1,53.320,"
1784218604.6269333,"01/01/2000,04:44:25.79,-1013.67,-41.50,-24.90,1.31,-1.85,2.46,64.35,34.65,52.95,33.68,15.62,985.03,-34.40,621.25,-280.0,-306.25,1,53.320,"
1784218604.6636157,"01/01/2000,04:44:25.82,-1030.27,-40.04,-0.49,0.67,-1.66,0.77,65.10,34.20,53.25,33.49,14.88,985.52,-32.45,1723.75,-551.25,-402.50,1,53.320,"
1784218604.6889226,"01/01/2000,04:44:25.84,-1013.67,-39.06,-4.39,0.25,-2.81,-0.08,64.95,33.15,53.40,33.49,15.01,985.76,-31.84,1925.0,-498.75,-262.50,1,53.320,"
1784218604.703923,"01/01/2000,04:44:25.86,-1015.63,-23.93,3.42,0.02,-4.66,1.49,65.85,31.35,51.75,33.64,14.88,984.66,-31.48,3071.25,-595.0,-140.0,1,53.320,"
1784218604.725398,"01/01/2000,04:44:25.88,-1033.69,-42.97,21.48,-1.31,-4.09,-0.86,64.65,31.35,53.70,33.44,14.88,984.30,-29.89,3368.75,-656.25,-175.0,1,53.320,"
1784218604.739727,"01/01/2000,04:44:25.90,-1026.86,-17.58,21.00,-0.53,-2.88,0.09,64.95,33.60,52.35,33.44,14.76,984.78,-27.57,3167.50,-612.50,-70.0,1,53.320,"
1784218604.759133,"01/01/2000,04:44:25.91,-1020.51,-30.27,15.63,0.11,-3.32,0.72,64.35,32.25,52.95,33.64,14.27,985.64,-28.06,2782.50,-1093.75,-253.75,1,53.320,"
1784218604.7771213,"01/01/2000,04:44:25.94,-1002.44,-21.97,-13.18,0.82,-1.18,-0.56,64.95,33.15,53.10,33.68,13.91,986.00,-30.87,2887.50,-1732.50,-70.0,1,53.320,"
1784218604.8118906,"01/01/2000,04:44:25.97,-1007.32,-22.95,5.86,3.60,0.47,0.45,63.90,33.0,52.20,33.49,13.66,984.78,-32.94,2108.75,-2336.25,-183.75,1,53.320,"
1784218604.8289397,"01/01/2000,04:44:25.99,-1031.74,3.42,-1.46,3.77,2.28,-1.98,63.60,33.45,51.30,33.78,14.15,987.22,-33.43,1128.75,-2371.25,-8.75,1,53.320,"
1784218604.860872,"01/01/2000,04:44:26.03,-1012.21,-38.09,53.71,0.53,-0.59,0.08,64.65,33.75,53.25,33.49,15.01,987.96,-37.21,1776.25,-1942.50,-26.25,1,53.320,"
1784218604.8849578,"01/01/2000,04:44:26.04,-1001.46,-4.39,49.80,0.80,-0.45,0.35,65.25,32.85,53.85,33.59,15.01,986.25,-37.33,848.75,-2231.25,-35.0,1,53.320,"
1784218604.9109037,"01/01/2000,04:44:26.06,-1019.53,0.0,13.67,5.58,-1.97,1.98,64.35,32.55,50.25,33.64,13.79,983.69,-41.85,1312.50,-2957.50,-52.50,1,53.320,"
1784218604.9249353,"01/01/2000,04:44:26.08,-1030.76,-1.95,75.20,2.14,-1.46,-2.71,64.05,33.15,53.10,33.64,13.54,985.03,-44.16,1478.75,-3185.0,43.75,1,53.320,"
1784218604.9584777,"01/01/2000,04:44:26.12,-1020.51,-19.53,103.52,1.44,-1.34,-0.30,65.70,33.60,52.65,33.68,14.52,987.22,-44.04,1093.75,-2695.0,-105.0,1,53.320,"
1784218604.9798093,"01/01/2000,04:44:26.14,-1021.00,-24.41,-21.48,1.79,-0.59,3.08,64.35,33.0,52.95,33.64,16.35,986.86,-45.99,743.75,-1820.0,-96.25,1,53.320,"
1784218604.994302,"01/01/2000,04:44:26.16,-1018.55,9.28,7.81,1.37,0.02,-0.40,64.35,33.0,54.0,33.88,16.71,986.00,-47.09,1041.25,-1085.0,-157.50,1,53.320,"
1784218605.013389,"01/01/2000,04:44:26.17,-1021.00,-14.16,60.55,-2.40,1.31,0.71,65.40,33.75,52.20,33.64,16.71,986.74,-46.36,542.50,-367.50,-148.75,1,53.320,"
1784218605.052125,"01/01/2000,04:44:26.21,-1018.07,-8.79,71.29,-0.40,0.37,-0.27,65.40,32.25,52.50,33.64,16.47,988.20,-47.21,-8.75,288.75,-358.75,1,53.320,"
1784218605.0710046,"01/01/2000,04:44:26.23,-1010.25,-29.79,31.74,0.71,-2.15,0.51,64.35,31.80,51.75,33.64,17.08,986.98,-47.34,52.50,1102.50,-411.25,1,53.320,"
1784218605.0944283,"01/01/2000,04:44:26.24,-1003.91,-13.67,-62.50,-2.08,0.16,-1.82,63.60,33.75,54.0,33.64,17.08,985.76,-47.21,-376.25,857.50,-236.25,1,53.320,"
1784218605.1129544,"01/01/2000,04:44:26.27,-1010.25,-26.86,103.03,-4.01,-0.02,0.22,64.95,31.65,54.60,33.59,16.59,984.30,-49.04,-656.25,1618.75,-533.75,1,53.320,"
1784218605.137602,"01/01/2000,04:44:26.29,-1018.07,-19.04,-27.83,1.11,-1.39,-1.79,64.35,31.35,53.70,33.59,14.40,982.59,-54.29,1128.75,-192.50,-105.0,1,53.320,"
1784218605.155619,"01/01/2000,04:44:26.31,-1027.34,-26.37,-19.04,0.40,-0.83,-1.02,64.35,31.35,53.70,33.68,13.18,984.66,-52.34,1041.25,-1671.25,-271.25,1,53.320,"
1784218605.1692376,"01/01/2000,04:44:26.33,-1018.55,-33.20,-32.23,-0.08,0.65,0.79,63.30,32.40,51.90,33.44,14.76,986.61,-48.07,122.50,-1041.25,-113.75,1,53.320,"
1784218605.1944988,"01/01/2000,04:44:26.35,-1022.95,-42.48,114.26,-0.67,-1.01,-2.45,63.60,34.65,52.95,33.49,15.25,986.98,-48.43,131.25,-560.0,-341.25,1,53.320,"
1784218605.2253764,"01/01/2000,04:44:26.38,-1021.00,-42.97,32.71,0.64,-1.71,1.24,64.65,34.20,52.50,33.78,15.74,985.27,-51.00,525.0,-533.75,-175.0,1,53.320,"
1784218605.246546,"01/01/2000,04:44:26.40,-1019.04,2.44,58.11,-0.57,-1.11,-0.02,65.70,33.60,52.35,33.25,15.62,984.66,-51.00,96.25,-166.25,-315.0,1,53.320,"
1784218605.2644126,"01/01/2000,04:44:26.42,-1004.88,-24.90,29.79,0.05,-1.15,-0.70,64.65,31.05,54.45,33.64,15.25,985.27,-51.24,428.75,-472.50,-236.25,1,53.320,"
1784218605.2810502,"01/01/2000,04:44:26.44,-998.05,-47.85,41.99,0.79,-2.31,-0.02,64.65,31.05,54.45,33.78,15.49,985.52,-50.87,288.75,-297.50,-253.75,1,53.320,"
1784218605.2984166,"01/01/2000,04:44:26.46,-980.47,-43.46,30.76,1.13,0.47,-1.18,65.10,33.0,53.25,33.83,15.74,984.54,-50.14,262.50,-306.25,-166.25,1,53.320,"
1784218605.3270838,"01/01/2000,04:44:26.50,-1046.39,-46.39,64.45,0.08,-0.66,-0.40,63.75,32.85,52.65,33.64,15.98,986.61,-48.43,113.75,271.25,-271.25,1,53.320,"
1784218605.3539367,"01/01/2000,04:44:26.51,-1004.39,-44.92,-20.02,-0.84,0.05,2.33,63.15,33.45,54.0,33.49,16.10,987.22,-48.80,-122.50,148.75,-236.25,1,53.320,"
1784218605.371045,"01/01/2000,04:44:26.53,-1001.46,-45.90,85.45,-0.89,-3.03,-0.26,63.15,33.45,54.0,33.59,15.86,985.27,-50.51,148.75,262.50,-358.75,1,53.320,"
1784218605.3915653,"01/01/2000,04:44:26.55,-1024.41,-21.97,62.99,-0.35,0.48,1.18,64.95,33.60,51.90,33.59,15.25,983.32,-51.00,175.0,-603.75,26.25,1,53.320,"
1784218605.4038575,"01/01/2000,04:44:26.57,-1008.79,-12.70,-83.01,-3.04,-0.28,-1.93,64.50,34.05,52.65,33.44,15.62,984.17,-51.12,0.0,717.50,-516.25,1,53.320,"
1784218605.427589,"01/01/2000,04:44:26.59,-1028.32,-11.23,36.13,-1.87,1.23,0.99,64.05,32.40,52.65,33.30,16.23,985.52,-51.36,437.50,1102.50,-306.25,1,53.320,"
1784218605.4438672,"01/01/2000,04:44:26.60,-1040.53,-31.25,-5.86,-0.11,-1.32,1.11,63.60,33.0,53.25,33.49,16.23,985.88,-51.24,-52.50,26.25,-166.25,1,53.320,"
1784218605.4637914,"01/01/2000,04:44:26.62,-998.05,-11.23,43.46,0.17,-1.12,0.08,64.95,32.85,54.15,33.64,15.37,984.66,-51.12,595.0,-787.50,-420.0,1,53.320,"
1784218605.4826458,"01/01/2000,04:44:26.64,-1018.55,-12.21,-78.61,0.35,-1.32,1.22,64.95,32.85,54.15,33.64,15.98,985.76,-49.53,385.0,70.0,-96.25,1,53.320,"
1784218605.5130181,"01/01/2000,04:44:26.67,-1011.72,-26.37,67.38,0.77,-2.05,0.66,64.05,32.85,53.10,33.59,14.27,987.47,-49.04,157.50,-1382.50,-236.25,1,53.320,"
1784218605.5412486,"01/01/2000,04:44:26.70,-1026.86,-36.62,62.99,-1.78,0.92,0.05,63.30,33.15,51.90,33.68,17.93,985.15,-49.90,227.50,1295.0,-288.75,1,53.320,"
1784218605.5561504,"01/01/2000,04:44:26.71,-1007.81,-21.00,36.62,2.49,-3.10,-0.78,64.35,34.20,54.0,33.78,16.47,983.20,-50.75,577.50,-735.0,-131.25,1,53.320,"
1784218605.5717952,"01/01/2000,04:44:26.73,-1011.23,-24.41,0.0,-0.24,-4.19,-0.08,64.35,34.20,54.0,33.49,14.40,983.81,-50.63,341.25,-2467.50,113.75,1,53.320,"
1784218605.6107967,"01/01/2000,04:44:26.77,-1011.72,-27.83,10.25,-1.57,-0.94,0.44,64.35,32.55,52.50,33.44,15.49,985.27,-51.00,0.0,1251.25,-157.50,1,53.320,"
1784218605.6345608,"01/01/2000,04:44:26.79,-1000.0,-2.93,57.13,1.50,-0.05,-0.81,63.15,31.80,54.75,33.49,13.79,984.42,-51.73,323.75,-1863.75,-253.75,1,53.320,"
1784218605.6546383,"01/01/2000,04:44:26.81,-1021.97,-32.23,15.14,0.18,0.28,-0.61,63.75,33.15,53.40,33.68,17.08,984.66,-51.12,428.75,-542.50,61.25,1,53.320,"
1784218605.6938648,"01/01/2000,04:44:26.85,-1041.50,6.84,-7.32,1.14,-1.40,0.63,64.50,32.40,52.65,33.49,14.15,986.00,-50.39,131.25,-936.25,-113.75,1,53.320,"
1784218605.710586,"01/01/2000,04:44:26.87,-1041.99,-31.25,36.62,-2.05,-0.29,-0.27,64.05,32.85,52.65,33.49,14.03,985.15,-51.73,175.0,-1015.0,-236.25,1,53.320,"
1784218605.727071,"01/01/2000,04:44:26.89,-1014.16,-23.93,109.38,1.15,-1.48,-0.85,64.50,32.40,52.35,33.78,15.25,984.54,-52.22,420.0,-962.50,-306.25,1,53.320,"
1784218605.7549677,"01/01/2000,04:44:26.91,-1000.49,-48.83,-42.97,-1.11,-0.74,-1.50,64.50,33.15,53.10,33.68,16.35,986.49,-51.73,87.50,-595.0,-131.25,1,53.320,"
1784218605.7833443,"01/01/2000,04:44:26.94,-997.07,-9.28,-21.48,-0.69,-4.38,-0.02,65.25,31.20,53.10,33.59,15.37,984.54,-50.87,481.25,-621.25,-271.25,1,53.320,"
1784218605.8040118,"01/01/2000,04:44:26.96,-1015.14,-12.70,20.51,-1.31,3.94,1.96,64.35,32.25,54.0,33.68,14.88,983.81,-49.04,-43.75,-752.50,-332.50,1,53.320,"
1784218605.8231826,"01/01/2000,04:44:26.98,-1023.44,-19.04,56.64,-1.47,-0.96,2.02,62.25,31.20,52.35,33.49,14.88,984.42,-49.29,402.50,-883.75,-210.0,1,53.320,"
1784218605.8438976,"01/01/2000,04:44:27.00,-1001.46,-38.57,80.57,-0.06,-0.97,1.39,63.60,33.0,52.20,33.64,15.74,987.10,-48.56,52.50,-673.75,-183.75,1,53.320,"
1784218605.856052,"01/01/2000,04:44:27.02,-1029.30,-13.18,-20.02,1.76,-0.32,-0.72,62.70,32.55,54.45,33.68,15.98,987.22,-49.53,-131.25,-577.50,-192.50,1,53.320,"
1784218605.8783977,"01/01/2000,04:44:27.04,-999.51,-14.65,-2.93,0.60,0.34,2.82,63.75,32.85,51.60,33.64,15.74,983.81,-53.19,201.25,-568.75,-306.25,1,53.320,"
1784218605.8963525,"01/01/2000,04:44:27.05,-1021.97,-25.39,0.0,-1.63,-0.08,0.44,63.60,32.25,52.95,33.35,15.37,982.83,-53.19,-122.50,-201.25,-367.50,1,53.320,"
1784218605.9129322,"01/01/2000,04:44:27.07,-1025.39,-24.41,46.88,1.48,-1.44,0.50,63.60,31.35,52.50,33.59,14.64,982.83,-52.83,481.25,-708.75,-288.75,1,53.320,"
1784218605.9272065,"01/01/2000,04:44:27.09,-1016.11,-18.07,38.09,1.50,-2.13,-0.66,64.65,32.55,51.30,33.59,14.88,985.03,-51.97,183.75,-848.75,-218.75,1,53.320,"
1784218605.953244,"01/01/2000,04:44:27.11,-1023.44,-34.67,19.04,-0.94,1.98,-1.44,63.30,31.65,52.65,33.64,15.49,985.76,-51.73,472.50,-875.0,-157.50,1,53.320,"
1784218605.9690676,"01/01/2000,04:44:27.13,-1025.88,1.46,-46.39,0.83,-0.28,0.31,61.80,32.85,54.15,33.78,15.62,986.25,-50.87,288.75,-595.0,-122.50,1,53.320,"
1784218605.986624,"01/01/2000,04:44:27.14,-1021.00,-48.83,-11.72,-1.99,-0.69,-1.60,65.10,33.75,52.50,33.49,15.25,986.00,-50.02,140.0,-743.75,-262.50,1,53.320,"
1784218606.0119338,"01/01/2000,04:44:27.16,-1030.76,-18.07,26.86,1.70,0.76,-0.79,63.75,32.40,53.85,33.68,14.88,986.74,-50.02,428.75,-665.0,-323.75,1,53.320,"
1784218606.0249364,"01/01/2000,04:44:27.18,-1010.25,-29.30,82.03,2.11,-2.23,1.06,63.90,31.05,54.0,33.49,15.01,987.22,-50.14,78.75,-857.50,-332.50,1,53.320,"
1784218606.0434248,"01/01/2000,04:44:27.20,-1013.18,-40.53,61.52,2.34,0.89,-0.34,62.70,33.0,52.20,33.78,15.62,985.76,-51.73,227.50,-997.50,-122.50,1,53.320,"
1784218606.0594912,"01/01/2000,04:44:27.22,-1008.79,0.0,-6.84,2.63,2.18,1.02,63.0,32.85,53.10,33.64,15.62,983.69,-52.34,446.25,-586.25,-175.0,1,53.320,"
1784218606.0971596,"01/01/2000,04:44:27.26,-1004.39,-20.51,80.57,-0.31,1.29,-0.50,62.55,31.65,51.90,33.49,14.76,984.05,-51.00,428.75,-621.25,-218.75,1,53.320,"
1784218606.1154165,"01/01/2000,04:44:27.27,-1012.21,-23.93,67.38,-0.82,-2.15,0.81,63.15,31.80,51.30,33.35,15.01,986.37,-51.61,253.75,-901.25,-288.75,1,53.320,"
1784218606.1415167,"01/01/2000,04:44:27.29,-1005.86,-40.53,23.93,-1.40,-2.10,1.31,64.50,33.15,52.65,33.49,15.37,987.22,-51.85,542.50,-717.50,-157.50,1,53.320,"
1784218606.1589155,"01/01/2000,04:44:27.32,-1006.35,-4.88,91.80,0.98,0.61,-2.41,62.40,31.80,55.20,33.64,15.62,985.39,-50.51,140.0,-857.50,-166.25,1,53.320,"
1784218606.1796975,"01/01/2000,04:44:27.34,-1011.23,-39.55,-30.27,-0.54,-0.97,-1.36,63.30,31.65,52.35,33.59,15.13,984.17,-51.12,437.50,-603.75,-323.75,1,53.320,"
1784218606.1938093,"01/01/2000,04:44:27.36,-1037.11,-21.97,35.64,-0.54,-0.73,-0.55,64.50,32.40,51.90,33.78,14.76,984.91,-51.48,455.0,-875.0,-201.25,1,53.320,"
1784218606.214886,"01/01/2000,04:44:27.37,-1020.02,-10.25,84.96,2.38,-2.07,-0.12,64.50,32.40,51.90,33.64,15.01,986.37,-51.73,43.75,-848.75,-192.50,1,53.320,"
1784218606.2356424,"01/01/2000,04:44:27.39,-1022.95,-31.74,59.57,1.65,-2.89,0.76,63.75,29.55,54.15,33.68,15.37,985.52,-52.58,288.75,-971.25,-218.75,1,53.320,"
1784218606.2582383,"01/01/2000,04:44:27.41,-1012.70,-30.27,-35.64,0.52,1.95,1.38,63.0,31.95,53.10,33.35,15.13,984.17,-52.34,122.50,-945.0,-166.25,1,53.320,"
1784218606.2724094,"01/01/2000,04:44:27.43,-1019.04,-35.16,-32.23,1.13,0.59,-0.40,63.75,33.15,51.15,33.49,15.25,983.93,-52.22,245.0,-525.0,-315.0,1,53.320,"
1784218606.2914026,"01/01/2000,04:44:27.45,-992.19,-15.14,47.85,0.02,-0.11,-2.17,62.55,32.85,52.35,33.49,15.37,985.03,-52.58,271.25,-271.25,-192.50,1,53.320,"
1784218606.308282,"01/01/2000,04:44:27.47,-1028.32,-8.79,-19.04,4.47,-0.14,-0.63,61.80,32.85,52.65,33.49,15.01,986.98,-51.73,402.50,-603.75,-262.50,1,53.320,"
1784218606.3252287,"01/01/2000,04:44:27.48,-1007.32,-19.04,17.58,2.20,-0.18,1.47,63.0,31.95,52.35,33.64,15.25,987.10,-50.51,140.0,-787.50,-236.25,1,53.320,"
1784218606.3416195,"01/01/2000,04:44:27.50,-1002.44,-5.86,56.15,-1.52,-0.62,-1.81,64.50,32.85,53.10,33.49,15.62,985.76,-50.02,-17.50,-577.50,-236.25,1,53.320,"
1784218606.380169,"01/01/2000,04:44:27.54,-1002.44,5.37,21.00,1.76,1.80,1.54,63.0,31.65,52.65,33.88,14.76,983.93,-52.34,490.0,-735.0,-218.75,1,53.320,"
1784218606.3937974,"01/01/2000,04:44:27.56,-1007.32,-22.46,69.34,1.02,-1.91,1.46,64.05,32.40,51.90,33.35,14.88,985.76,-52.22,122.50,-778.75,-166.25,1,53.320,"
1784218606.4229882,"01/01/2000,04:44:27.57,-1034.67,-16.11,45.90,0.18,-1.40,0.06,62.40,33.45,52.95,33.88,15.25,985.39,-52.83,218.75,-752.50,-271.25,1,53.320,"
1784218606.4365902,"01/01/2000,04:44:27.60,-1018.07,-32.23,46.88,0.13,0.29,-1.14,63.90,31.80,52.95,33.64,15.62,984.42,-53.19,227.50,-630.0,-175.0,1,53.320,"
1784218606.4581218,"01/01/2000,04:44:27.61,-1001.46,-29.30,12.70,-1.61,0.14,0.43,63.75,32.40,53.40,33.68,15.49,983.81,-53.68,-87.50,-612.50,-271.25,1,53.320,"
1784218606.4926298,"01/01/2000,04:44:27.65,-1027.34,-45.41,83.50,-1.24,0.50,-1.21,63.0,33.15,53.40,33.78,14.64,985.76,-51.00,253.75,-700.0,-306.25,1,53.320,"
1784218606.51037,"01/01/2000,04:44:27.67,-1023.93,-19.53,21.97,-2.37,-0.30,-0.31,63.15,33.0,52.95,33.68,15.13,986.86,-50.14,-122.50,-735.0,-236.25,1,53.320,"
1784218606.527063,"01/01/2000,04:44:27.69,-1034.67,-22.46,54.69,0.40,-0.79,0.02,63.60,33.45,53.70,33.59,15.37,985.88,-52.34,70.0,-735.0,-332.50,1,53.320,"
1784218606.5440643,"01/01/2000,04:44:27.70,-1008.30,-24.90,63.48,-0.40,-0.35,2.15,63.30,32.85,52.35,33.49,15.49,984.78,-52.83,350.0,-507.50,-227.50,1,53.320,"
1784218606.5816305,"01/01/2000,04:44:27.74,-1002.93,-24.90,49.32,-1.60,-2.31,-1.38,62.70,32.25,53.25,33.64,14.52,984.30,-52.46,166.25,-805.0,-175.0,1,53.320,"
1784218606.6044152,"01/01/2000,04:44:27.76,-1003.91,-32.71,-3.91,-0.58,-2.04,-0.57,63.90,32.55,52.95,33.59,15.13,984.91,-52.83,358.75,-743.75,-236.25,1,53.320,"
1784218606.6178217,"01/01/2000,04:44:27.78,-1035.16,5.37,-33.20,0.34,0.08,0.92,63.30,33.60,51.90,33.64,15.37,986.00,-53.07,105.0,-813.75,-157.50,1,53.320,"
1784218606.64403,"01/01/2000,04:44:27.80,-1010.25,-21.48,59.08,0.82,0.55,2.78,62.55,32.40,51.90,33.59,15.62,984.91,-54.17,210.0,-577.50,-157.50,1,53.320,"
1784218606.6808374,"01/01/2000,04:44:27.84,-1038.57,-32.71,43.46,0.97,1.0,-0.49,64.05,31.20,53.40,33.64,15.25,985.27,-49.78,-280.0,-778.75,-157.50,1,53.320,"
1784218606.7013092,"01/01/2000,04:44:27.86,-1018.55,-52.73,46.88,1.06,1.33,1.41,62.40,32.25,54.75,33.78,15.37,985.03,-51.48,577.50,-717.50,-131.25,1,53.320,"
1784218606.7244396,"01/01/2000,04:44:27.88,-1019.04,-14.16,-34.18,0.67,1.58,-1.85,63.90,31.80,53.70,33.59,15.62,985.76,-52.46,78.75,-638.75,-122.50,1,53.320,"
1784218606.7397265,"01/01/2000,04:44:27.90,-1025.88,-17.58,-8.30,1.39,-0.85,-0.65,63.75,31.65,51.15,33.59,15.37,984.30,-54.17,376.25,-673.75,-157.50,1,53.320,"
1784218606.7570465,"01/01/2000,04:44:27.92,-990.72,-20.51,-35.64,2.08,-2.73,-1.31,63.75,33.15,53.40,33.49,15.13,983.93,-53.68,516.25,-603.75,-323.75,1,53.320,"
1784218606.777334,"01/01/2000,04:44:27.94,-1025.88,-2.93,31.25,0.10,1.02,0.67,63.15,32.55,53.70,33.35,15.37,984.91,-51.48,87.50,-682.50,-253.75,1,53.320,"
1784218606.793874,"01/01/2000,04:44:27.95,-1025.88,-26.86,13.67,1.02,0.66,-0.31,61.95,34.20,51.30,33.68,15.37,985.39,-51.73,-78.75,-831.25,-166.25,1,53.320,"
1784218606.8141608,"01/01/2000,04:44:27.97,-1016.60,-45.41,138.67,-2.21,-0.55,-0.21,61.95,34.20,51.30,33.30,15.74,985.03,-53.19,140.0,-682.50,-131.25,1,53.320,"
1784218606.8347232,"01/01/2000,04:44:27.99,-1014.16,6.84,-9.28,2.80,1.77,0.09,63.30,31.95,51.15,33.35,15.37,984.91,-53.56,297.50,-586.25,-332.50,1,53.320,"
1784218606.8604183,"01/01/2000,04:44:28.03,-994.14,-23.44,108.40,0.11,-1.09,1.60,62.40,33.45,53.25,33.68,14.88,985.76,-49.78,262.50,-831.25,-350.0,1,53.320,"
1784218606.8891008,"01/01/2000,04:44:28.05,-1024.41,-30.76,24.41,-2.23,-1.44,-0.69,61.95,32.25,51.30,33.44,15.25,986.00,-49.78,183.75,-901.25,-113.75,1,53.320,"
1784218606.9032426,"01/01/2000,04:44:28.06,-1008.30,-41.99,13.18,0.21,1.14,-2.53,63.90,32.55,51.0,33.68,15.86,986.13,-51.00,70.0,-577.50,-175.0,1,53.320,"
1784218606.9275398,"01/01/2000,04:44:28.08,-1022.95,-13.67,18.55,-0.34,1.68,-0.23,62.40,33.45,52.50,33.83,15.01,984.42,-54.17,533.75,-866.25,-183.75,1,53.320,"
1784218606.9454207,"01/01/2000,04:44:28.10,-988.28,-38.57,-7.81,-0.11,-0.96,1.27,59.55,32.85,55.05,33.59,15.13,984.66,-53.31,227.50,-603.75,-192.50,1,53.320,"
1784218606.9605298,"01/01/2000,04:44:28.12,-1017.58,-6.35,1.46,-0.23,-2.79,1.25,61.80,31.65,52.35,33.64,15.13,985.76,-51.61,201.25,-516.25,-350.0,1,53.320,"
1784218606.9798608,"01/01/2000,04:44:28.14,-1017.58,5.37,10.25,0.71,-0.34,2.02,63.0,32.85,52.65,33.49,15.62,986.49,-51.73,43.75,-883.75,-245.0,1,53.320,"
1784218606.9962053,"01/01/2000,04:44:28.16,-1001.46,12.21,-43.95,1.10,-1.37,1.56,63.0,34.05,52.35,33.35,15.62,985.27,-54.66,113.75,-831.25,-323.75,1,53.320,"
1784218607.0326493,"01/01/2000,04:44:28.19,-1011.72,-25.39,1.46,0.17,-0.41,0.32,64.35,31.80,51.0,33.64,14.76,983.56,-52.95,551.25,-638.75,-367.50,1,53.320,"
1784218607.0708508,"01/01/2000,04:44:28.23,-1022.46,-33.69,74.71,0.69,0.19,-0.54,63.90,32.55,52.20,33.59,15.01,985.64,-50.75,455.0,-1120.0,-183.75,1,53.320,"
1784218607.0885499,"01/01/2000,04:44:28.25,-994.63,-13.18,71.29,0.44,-0.05,1.27,63.0,33.60,52.65,33.78,15.86,985.03,-52.22,201.25,-866.25,-157.50,1,53.320,"
1784218607.1053538,"01/01/2000,04:44:28.26,-1000.98,-21.48,83.98,0.83,-2.88,-0.46,63.60,32.55,52.95,33.25,15.37,983.81,-53.80,323.75,-595.0,-175.0,1,53.320,"
1784218607.1259096,"01/01/2000,04:44:28.28,-1023.44,-0.49,-8.79,-0.50,-0.63,1.17,63.0,31.95,52.35,33.59,14.64,984.30,-53.68,411.25,-673.75,-201.25,1,53.320,"
1784218607.1436508,"01/01/2000,04:44:28.30,-1002.44,-25.88,41.50,-0.73,-0.18,0.72,59.85,31.95,55.05,33.64,14.64,985.52,-52.34,367.50,-726.25,-271.25,1,53.320,"
1784218607.1627998,"01/01/2000,04:44:28.32,-1010.25,-25.88,127.93,0.83,-0.11,1.11,62.40,33.45,53.25,33.49,15.25,985.88,-51.73,78.75,-831.25,-201.25,1,53.320,"
1784218607.1911628,"01/01/2000,04:44:28.35,-1016.11,1.46,-0.98,0.52,-1.36,-1.03,62.40,33.75,55.95,33.78,15.62,984.30,-53.31,498.75,-778.75,-166.25,1,53.320,"
1784218607.2108078,"01/01/2000,04:44:28.37,-1030.76,-8.79,36.62,0.50,3.09,-0.18,63.15,30.60,52.95,33.68,15.01,984.42,-53.80,525.0,-288.75,-166.25,1,53.320,"
1784218607.227358,"01/01/2000,04:44:28.38,-997.56,-49.80,10.74,-0.63,1.24,-0.03,61.95,32.55,53.25,33.59,14.40,985.39,-52.46,472.50,-665.0,-183.75,1,53.320,"
1784218607.2420635,"01/01/2000,04:44:28.40,-1013.67,-29.79,50.78,1.11,-0.66,-1.27,62.25,32.40,53.10,33.35,14.88,986.13,-51.97,61.25,-953.75,-271.25,1,53.320,"
1784218607.2604969,"01/01/2000,04:44:28.42,-1042.97,-4.88,14.16,-0.33,3.92,-0.30,62.70,32.25,53.70,33.64,15.74,985.03,-55.14,-175.0,-323.75,-192.50,1,53.320,"
1784218607.298731,"01/01/2000,04:44:28.46,-1000.98,-29.79,65.43,1.88,-0.44,-1.04,60.60,31.95,51.15,33.64,14.64,984.05,-63.44,140.0,-892.50,-218.75,1,53.320,"
1784218607.3202837,"01/01/2000,04:44:28.47,-1016.60,-22.46,-4.39,-0.25,-1.83,0.91,62.25,34.05,53.85,33.64,14.64,984.54,-63.68,-131.25,-682.50,-245.0,1,53.320,"
1784218607.3375914,"01/01/2000,04:44:28.50,-1003.42,11.72,-1.46,1.07,0.42,0.21,63.75,32.40,52.65,33.64,15.25,984.78,-60.76,166.25,-630.0,-175.0,1,53.320,"
1784218607.35419,"01/01/2000,04:44:28.51,-993.65,-39.06,5.86,-2.73,-2.31,1.68,63.0,32.85,50.85,33.68,15.62,985.15,-59.05,-131.25,-638.75,-227.50,1,53.320,"
1784218607.3719127,"01/01/2000,04:44:28.53,-1029.30,-16.11,30.76,2.16,-1.34,-2.67,63.0,32.85,52.35,33.44,15.74,984.66,-60.88,-280.0,-560.0,-78.75,1,53.320,"
1784218607.3885932,"01/01/2000,04:44:28.55,-1012.70,0.0,14.65,0.37,0.89,-1.04,61.80,32.40,50.85,33.49,15.25,984.30,-64.66,-113.75,-525.0,-236.25,1,53.320,"
1784218607.4040325,"01/01/2000,04:44:28.57,-1041.02,-2.93,64.45,1.12,1.02,2.87,64.05,30.45,52.65,33.64,14.76,984.78,-67.59,-271.25,-752.50,-140.0,1,53.320,"
1784218607.4264524,"01/01/2000,04:44:28.59,-993.65,-13.67,37.11,0.31,1.21,0.01,63.30,31.95,53.85,33.59,14.88,984.17,-66.61,-35.0,-463.75,-385.0,1,53.320,"
1784218607.4437144,"01/01/2000,04:44:28.60,-1024.90,-13.67,-3.42,-2.47,0.21,1.20,63.15,32.25,52.50,33.88,15.49,984.17,-63.68,-393.75,-262.50,-315.0,1,53.320,"
1784218607.460442,"01/01/2000,04:44:28.62,-1011.23,-28.32,-15.14,-0.69,-0.41,0.87,62.55,32.40,52.65,33.64,15.37,984.17,-60.76,-306.25,-280.0,-411.25,1,53.320,"
1784218607.4994717,"01/01/2000,04:44:28.66,-997.07,24.41,83.50,-0.07,-0.44,-1.85,64.35,33.75,52.95,33.35,15.13,985.15,-61.12,-770.0,-595.0,-350.0,1,53.320,"
1784218607.5151052,"01/01/2000,04:44:28.68,-1021.97,-4.88,6.84,-1.45,-1.11,-1.79,62.55,33.60,53.10,33.59,14.88,982.47,-62.22,87.50,-682.50,-35.0,1,53.320,"
1784218607.538192,"01/01/2000,04:44:28.70,-1009.28,-39.55,90.82,-0.87,-0.08,-0.92,62.70,33.45,52.95,33.64,14.88,983.81,-58.07,183.75,-428.75,-131.25,1,53.320,"
1784218607.555179,"01/01/2000,04:44:28.71,-1023.93,-5.37,18.07,0.48,-0.24,0.98,62.40,32.55,51.75,33.64,15.37,986.25,-54.53,-936.25,-560.0,-175.0,1,53.320,"
1784218607.577724,"01/01/2000,04:44:28.73,-1005.86,-32.23,24.41,1.37,0.28,3.48,61.80,31.65,51.90,33.64,15.62,984.42,-55.88,35.0,-315.0,-210.0,1,53.320,"
1784218607.5919268,"01/01/2000,04:44:28.75,-1028.81,13.18,10.25,1.72,1.40,-0.20,63.75,31.20,52.35,33.64,15.37,984.30,-55.75,192.50,-472.50,-306.25,1,53.320,"
1784218607.6047225,"01/01/2000,04:44:28.77,-1029.30,-40.04,3.91,0.53,1.76,0.27,63.15,31.35,54.0,33.59,14.64,985.27,-53.92,-218.75,-455.0,-323.75,1,53.320,"
1784218607.6275215,"01/01/2000,04:44:28.79,-1040.53,-12.21,29.30,-0.80,2.19,-0.21,61.65,31.80,53.25,33.59,14.76,985.27,-53.44,96.25,-630.0,-376.25,1,53.320,"
1784218607.6465244,"01/01/2000,04:44:28.80,-984.38,-46.39,29.30,-2.13,-0.94,-1.14,63.0,32.40,51.90,33.64,15.25,985.03,-53.19,-140.0,-586.25,-253.75,1,53.320,"
1784218607.6604707,"01/01/2000,04:44:28.82,-1003.42,-52.25,79.59,-0.58,0.80,-1.14,62.40,32.25,53.25,33.64,15.62,984.78,-52.95,-78.75,-507.50,-201.25,1,53.320,"
1784218607.6830354,"01/01/2000,04:44:28.84,-1002.93,2.44,36.13,-0.69,-1.18,0.98,62.25,31.95,51.60,33.68,15.13,985.15,-51.97,-78.75,-446.25,-166.25,1,53.320,"
1784218607.710468,"01/01/2000,04:44:28.87,-1015.63,-10.74,63.96,-0.98,-1.29,1.31,62.55,31.95,53.10,33.49,14.76,984.78,-52.22,17.50,-420.0,-367.50,1,53.320,"
1784218607.7275634,"01/01/2000,04:44:28.89,-1020.51,-17.58,-5.86,-0.64,-0.64,-1.44,60.45,32.55,53.25,33.59,14.88,984.78,-51.48,26.25,-708.75,-306.25,1,53.320,"
1784218607.755041,"01/01/2000,04:44:28.91,-1009.28,-15.14,1.46,1.56,1.76,1.53,61.95,31.80,53.25,33.35,15.25,985.03,-51.12,-87.50,-621.25,-262.50,1,53.320,"
1784218607.7713494,"01/01/2000,04:44:28.93,-1006.35,-36.62,23.44,-0.61,0.36,0.58,61.95,31.80,53.25,33.68,15.25,985.03,-51.48,70.0,-411.25,-201.25,1,53.320,"
1784218607.7942233,"01/01/2000,04:44:28.96,-1037.11,-48.34,11.23,0.34,-2.30,1.47,62.70,33.0,52.50,33.59,14.88,985.03,-50.87,-26.25,-568.75,-166.25,1,53.320,"
1784218607.8234472,"01/01/2000,04:44:28.98,-1015.14,-41.99,55.18,-0.02,-0.59,-0.54,63.75,33.60,51.90,33.49,15.01,985.39,-50.51,-61.25,-638.75,-175.0,1,53.320,"
1784218607.8460696,"01/01/2000,04:44:29.00,-1001.95,-24.41,73.73,0.88,1.12,0.47,63.0,33.60,52.35,33.44,15.13,985.03,-50.87,96.25,-612.50,-96.25,1,53.320,"
1784218607.870935,"01/01/2000,04:44:29.03,-1009.28,-24.41,-42.97,-0.37,-1.09,2.14,63.90,32.55,52.20,33.78,14.88,985.27,-50.51,-122.50,-577.50,-253.75,1,53.320,"
1784218607.8954248,"01/01/2000,04:44:29.05,-1008.79,-25.39,-8.79,3.28,-1.20,1.37,63.60,33.0,51.30,33.64,14.88,985.27,-50.51,61.25,-595.0,-323.75,1,53.320,"
1784218607.9128556,"01/01/2000,04:44:29.07,-1000.49,-15.63,59.57,-0.58,-0.42,-0.02,62.40,32.25,52.50,33.44,15.01,985.03,-50.75,175.0,-752.50,-315.0,1,53.320,"
1784218607.9270942,"01/01/2000,04:44:29.09,-1007.81,-15.63,-33.20,0.29,-0.81,0.31,62.25,33.15,53.40,33.64,15.37,985.15,-50.51,175.0,-665.0,-297.50,1,53.320,"
1784218607.9544861,"01/01/2000,04:44:29.11,-1031.74,-16.11,50.29,-1.62,-0.53,-1.69,61.80,31.65,53.10,33.64,15.13,985.39,-50.39,17.50,-595.0,-253.75,1,53.320,"
1784218607.98458,"01/01/2000,04:44:29.14,-993.65,-40.53,89.36,-0.71,1.24,0.45,63.30,31.65,52.65,33.59,14.76,985.27,-50.39,-8.75,-752.50,-210.0,1,53.320,"
1784218607.9984334,"01/01/2000,04:44:29.16,-1016.60,-21.48,13.18,0.06,1.29,-2.37,64.50,33.60,52.35,33.59,14.76,985.27,-50.14,-17.50,-813.75,-236.25,1,53.320,"
1784218608.023484,"01/01/2000,04:44:29.18,-977.54,16.11,49.32,0.35,1.08,0.99,62.70,33.75,51.75,33.49,15.13,984.91,-50.02,148.75,-630.0,-236.25,1,53.320,"
1784218608.0401983,"01/01/2000,04:44:29.20,-1041.02,-36.62,-11.72,0.24,0.56,2.44,63.15,31.80,52.95,33.68,15.01,984.91,-50.02,105.0,-682.50,-175.0,1,53.320,"
1784218608.05811,"01/01/2000,04:44:29.22,-1035.16,-13.67,25.88,1.85,-0.32,0.27,63.15,31.80,52.95,33.78,14.76,985.03,-49.78,52.50,-743.75,-227.50,1,53.320,"
1784218608.071992,"01/01/2000,04:44:29.23,-1034.67,-36.62,70.31,-0.15,1.40,-1.25,63.60,32.55,52.50,33.68,14.76,985.15,-50.02,0.0,-700.0,-245.0,1,53.320,"
1784218608.0962348,"01/01/2000,04:44:29.25,-1021.48,-30.76,48.83,0.40,-1.44,1.14,62.55,33.15,53.40,33.59,15.01,985.15,-50.02,157.50,-533.75,-341.25,1,53.320,"
1784218608.127175,"01/01/2000,04:44:29.29,-1010.74,-33.69,21.00,1.82,1.12,-0.14,62.40,32.25,52.95,33.64,14.88,985.03,-49.90,87.50,-682.50,-236.25,1,53.320,"
1784218608.155864,"01/01/2000,04:44:29.31,-1016.11,-33.69,55.18,0.24,-0.33,1.88,63.90,32.25,52.95,33.64,15.01,984.78,-49.78,52.50,-630.0,-288.75,1,53.320,"
1784218608.1688654,"01/01/2000,04:44:29.33,-1002.93,-19.53,34.18,2.09,1.21,1.23,63.90,32.25,52.95,33.64,15.01,985.15,-49.78,113.75,-875.0,-131.25,1,53.320,"
1784218608.1857886,"01/01/2000,04:44:29.34,-1021.97,0.49,-37.60,-0.33,1.79,1.08,62.55,34.05,51.60,33.35,15.13,985.27,-49.90,87.50,-700.0,-183.75,1,53.320,"
1784218608.2020767,"01/01/2000,04:44:29.36,-1012.70,-13.18,-24.41,-1.47,3.05,-0.91,62.40,33.0,52.20,33.25,15.01,985.15,-49.65,52.50,-700.0,-210.0,1,53.320,"
1784218608.2542303,"01/01/2000,04:44:29.41,-1006.35,-8.79,1.95,-0.21,0.24,-1.58,62.70,31.35,53.25,33.59,14.88,985.39,-49.53,122.50,-743.75,-288.75,1,53.320,"
1784218608.2724807,"01/01/2000,04:44:29.43,-1001.46,-3.42,69.34,4.18,-0.31,1.94,62.55,33.15,53.10,33.44,14.88,985.03,-49.53,140.0,-735.0,-280.0,1,53.320,"
1784218608.2888825,"01/01/2000,04:44:29.45,-983.89,-16.11,-9.28,-1.36,1.20,-0.95,62.70,33.0,51.75,33.78,14.88,984.91,-49.53,210.0,-743.75,-183.75,1,53.320,"
1784218608.3105218,"01/01/2000,04:44:29.47,-1019.04,-13.67,77.64,0.92,0.02,-1.70,63.0,33.15,52.35,33.64,14.88,985.15,-49.78,70.0,-717.50,-166.25,1,53.320,"
1784218608.327136,"01/01/2000,04:44:29.49,-1003.42,-32.71,-19.53,-0.16,-0.40,-1.79,62.25,33.15,53.10,33.35,14.76,985.27,-50.02,253.75,-726.25,-122.50,1,53.320,"
1784218608.3441632,"01/01/2000,04:44:29.50,-989.26,-49.32,-14.65,-1.15,0.73,-0.60,61.95,33.0,52.95,33.49,14.88,985.27,-49.53,122.50,-805.0,-288.75,1,53.320,"
1784218608.3609483,"01/01/2000,04:44:29.52,-992.68,-29.79,77.64,2.09,-0.53,2.48,63.30,32.85,52.35,33.64,14.64,985.15,-49.53,43.75,-717.50,-358.75,1,53.320,"
1784218608.395436,"01/01/2000,04:44:29.56,-1015.14,-34.18,81.05,2.26,-0.24,1.03,61.95,32.55,52.95,33.59,14.52,985.52,-49.41,166.25,-568.75,-385.0,1,53.320,"
1784218608.4168391,"01/01/2000,04:44:29.58,-1023.93,-26.37,22.95,1.24,1.28,2.24,61.65,33.45,52.20,33.68,14.76,985.64,-49.17,105.0,-848.75,-35.0,1,53.320,"
1784218608.4416873,"01/01/2000,04:44:29.60,-1015.63,-21.00,-56.64,0.32,0.39,-1.02,63.30,31.65,53.10,33.59,14.64,985.39,-49.17,43.75,-481.25,-376.25,1,53.320,"
1784218608.4568868,"01/01/2000,04:44:29.61,-1012.70,-37.11,14.16,0.38,-0.60,-0.30,62.40,31.05,52.20,33.68,14.88,985.27,-49.29,175.0,-822.50,-43.75,1,53.320,"
1784218608.4897037,"01/01/2000,04:44:29.65,-1010.74,-6.84,-20.51,1.31,0.18,1.64,62.25,31.65,52.35,33.64,14.88,985.39,-49.04,148.75,-665.0,-323.75,1,53.320,"
1784218608.5099185,"01/01/2000,04:44:29.67,-1001.95,-33.20,53.71,-2.26,0.81,-1.07,62.55,33.60,52.35,33.44,14.88,985.27,-49.29,140.0,-726.25,-122.50,1,53.320,"
1784218608.5271924,"01/01/2000,04:44:29.69,-1025.39,-27.34,39.06,-1.27,-0.04,-0.86,63.0,34.35,53.40,33.64,14.76,985.27,-49.04,201.25,-577.50,-402.50,1,53.320,"
1784218608.545407,"01/01/2000,04:44:29.70,-1011.72,-8.30,24.90,-0.42,-0.14,-0.22,62.25,33.60,51.60,33.59,15.01,985.39,-49.04,122.50,-726.25,-227.50,1,53.320,"
1784218608.5619578,"01/01/2000,04:44:29.72,-1016.60,-3.42,64.45,1.22,0.52,1.0,63.0,32.85,53.10,33.49,14.88,985.15,-49.29,70.0,-603.75,-350.0,1,53.320,"
1784218608.5826585,"01/01/2000,04:44:29.74,-1019.53,-11.72,78.13,-0.44,-0.97,1.47,63.15,33.0,52.20,33.49,15.01,985.03,-49.29,157.50,-717.50,-192.50,1,53.320,"
1784218608.6050646,"01/01/2000,04:44:29.76,-999.02,-2.93,16.60,2.0,0.06,2.63,62.40,31.05,52.20,33.68,14.88,985.27,-49.17,105.0,-735.0,-122.50,1,53.320,"
1784218608.6181424,"01/01/2000,04:44:29.78,-997.07,-32.23,-33.20,-0.67,-1.32,-1.56,63.90,33.0,51.75,33.44,14.76,985.52,-49.41,0.0,-796.25,-166.25,1,53.320,"
1784218608.6441917,"01/01/2000,04:44:29.79,-983.89,-20.02,52.25,0.53,-1.06,0.25,61.65,32.55,52.95,33.59,14.88,985.39,-49.53,315.0,-717.50,-218.75,1,53.320,"
1784218608.6765954,"01/01/2000,04:44:29.83,-1023.44,-43.46,108.89,-0.63,0.01,0.01,62.25,31.65,52.35,33.49,14.88,985.52,-49.17,122.50,-621.25,-271.25,1,53.320,"
1784218608.6943436,"01/01/2000,04:44:29.85,-1013.67,-23.44,47.36,-0.33,-1.56,-0.05,63.75,31.65,53.10,33.44,14.88,985.39,-49.41,183.75,-691.25,-288.75,1,53.320,"
1784218608.7105408,"01/01/2000,04:44:29.87,-1013.18,-30.27,57.62,1.05,1.48,0.25,63.0,29.55,55.05,33.49,14.76,985.39,-49.29,122.50,-787.50,-236.25,1,53.320,"
1784218608.7375567,"01/01/2000,04:44:29.89,-1004.39,-5.86,-21.00,0.84,0.75,-0.92,63.0,30.0,53.85,33.64,14.88,985.39,-49.29,192.50,-691.25,-210.0,1,53.320,"
1784218608.7553692,"01/01/2000,04:44:29.91,-1021.97,-8.79,-10.74,1.92,-0.50,-0.65,63.0,32.40,51.90,33.68,15.01,985.52,-49.53,35.0,-735.0,-52.50,1,53.320,"
1784218608.7729442,"01/01/2000,04:44:29.93,-1004.39,-18.07,-3.91,0.33,-0.44,-0.07,63.15,32.25,52.95,33.64,15.01,985.39,-49.78,148.75,-761.25,-175.0,1,53.320,"
1784218608.7946844,"01/01/2000,04:44:29.95,-1022.46,-16.60,46.88,1.78,0.10,-0.41,62.70,33.45,52.95,33.64,15.13,985.39,-49.29,96.25,-726.25,-183.75,1,53.320,"
1784218608.8112354,"01/01/2000,04:44:29.97,-999.51,5.86,0.0,2.56,-1.21,1.04,63.75,32.40,53.40,33.64,15.01,985.39,-49.17,43.75,-761.25,-332.50,1,53.320,"
1784218608.8289175,"01/01/2000,04:44:29.99,-1031.74,-15.14,60.06,-0.79,-0.02,-0.53,62.40,33.45,52.95,33.64,15.01,985.52,-49.29,70.0,-638.75,-253.75,1,53.320,"
1784218608.8463192,"01/01/2000,04:44:30.00,-1009.28,-29.79,12.21,-0.88,0.37,-1.46,63.15,32.25,51.30,33.59,15.01,985.39,-49.53,262.50,-778.75,-271.25,1,53.320,"
1784218608.8726695,"01/01/2000,04:44:30.03,-1014.16,-30.27,61.52,-0.02,-1.53,2.54,63.0,32.40,51.90,33.49,15.01,985.52,-49.04,148.75,-568.75,-253.75,1,53.320,"
1784218608.8895376,"01/01/2000,04:44:30.04,-1004.88,-26.37,81.05,-0.60,-0.85,0.83,61.80,33.15,51.90,33.30,15.01,985.27,-49.17,140.0,-717.50,-271.25,1,53.320,"
1784218608.9017532,"01/01/2000,04:44:30.06,-1000.98,-23.93,23.93,0.77,-2.36,1.43,62.70,32.25,52.20,33.68,15.13,985.27,-49.04,218.75,-700.0,-166.25,1,53.320,"
1784218608.927225,"01/01/2000,04:44:30.08,-1037.60,-6.35,-32.71,1.16,0.70,-0.82,62.40,31.35,53.25,33.35,14.88,985.27,-49.04,96.25,-691.25,-245.0,1,53.320,"
1784218608.9587765,"01/01/2000,04:44:30.12,-1026.86,-19.53,10.74,2.93,0.83,-0.18,62.40,32.25,52.20,33.49,14.88,985.52,-48.80,-8.75,-708.75,-183.75,1,53.320,"
1784218608.9770153,"01/01/2000,04:44:30.13,-1026.37,-7.32,-7.32,0.43,-1.22,-0.65,62.40,32.55,52.20,33.30,15.01,985.39,-49.04,175.0,-700.0,-245.0,1,53.320,"
1784218608.9938366,"01/01/2000,04:44:30.15,-1033.69,-47.36,87.89,-0.08,0.66,2.62,62.40,33.0,53.70,33.59,14.64,985.64,-48.80,157.50,-726.25,-175.0,1,53.320,"
1784218609.0129743,"01/01/2000,04:44:30.17,-1000.98,6.35,51.27,-0.82,-1.25,1.49,63.30,33.15,51.15,33.59,14.76,985.76,-48.56,262.50,-752.50,-271.25,1,53.320,"
1784218609.0298452,"01/01/2000,04:44:30.19,-1021.97,-35.16,12.70,0.25,-1.55,-1.11,62.70,33.0,52.95,33.49,15.01,985.64,-49.04,166.25,-586.25,-323.75,1,53.320,"
1784218609.0464454,"01/01/2000,04:44:30.21,-1012.21,-7.32,-8.79,-0.34,0.28,1.40,63.0,31.65,52.35,33.64,15.13,985.27,-49.04,201.25,-708.75,-271.25,1,53.320,"
1784218609.0674021,"01/01/2000,04:44:30.23,-997.07,-5.86,43.95,1.04,0.40,1.47,63.60,31.80,52.20,33.35,15.13,985.39,-48.56,96.25,-682.50,-376.25,1,53.320,"
1784218609.0885398,"01/01/2000,04:44:30.24,-1004.88,-14.65,7.81,0.15,-0.60,1.63,61.65,32.55,53.25,33.49,14.88,985.52,-48.68,140.0,-586.25,-96.25,1,53.320,"
1784218609.1187582,"01/01/2000,04:44:30.28,-1032.23,-14.65,18.55,0.15,-0.95,-0.13,63.75,33.15,52.35,33.59,14.88,985.76,-48.68,105.0,-717.50,-262.50,1,53.321,"
1784218609.1398242,"01/01/2000,04:44:30.30,-987.79,2.93,-32.71,-0.71,1.27,-0.34,62.70,31.35,52.20,33.49,15.01,985.64,-48.56,-52.50,-682.50,-157.50,1,53.320,"
1784218609.157885,"01/01/2000,04:44:30.32,-1015.14,-25.88,56.15,-0.42,-1.08,0.28,62.25,32.40,51.90,33.35,14.64,985.39,-48.92,201.25,-761.25,-210.0,1,53.320,"
1784218609.1769192,"01/01/2000,04:44:30.33,-1016.60,-39.55,89.84,0.73,-0.21,-1.06,61.35,31.65,53.10,33.44,14.52,985.39,-49.04,87.50,-682.50,-376.25,1,53.320,"
1784218609.1938376,"01/01/2000,04:44:30.35,-1016.60,-16.60,29.30,0.46,-0.92,0.47,63.15,32.55,52.50,33.64,14.52,985.64,-48.92,61.25,-735.0,-201.25,1,53.320,"
1784218609.2308137,"01/01/2000,04:44:30.39,-1014.16,-19.04,26.86,-0.25,-1.81,-1.10,63.0,32.40,51.60,33.64,14.76,985.27,-48.80,253.75,-638.75,-262.50,1,53.321,"
1784218609.2530332,"01/01/2000,04:44:30.41,-1016.60,-15.63,10.74,0.94,-3.66,-1.86,61.20,30.15,55.20,33.78,14.64,985.27,-49.04,131.25,-787.50,-280.0,1,53.320,"
1784218609.277642,"01/01/2000,04:44:30.44,-1018.07,-12.21,35.16,-0.84,0.40,-0.50,62.40,33.75,51.75,33.44,14.88,985.39,-49.04,96.25,-673.75,-236.25,1,53.320,"
1784218609.3131497,"01/01/2000,04:44:30.47,-1005.37,-13.67,-27.34,-0.14,-0.92,-0.03,61.20,32.25,51.30,33.44,14.88,985.27,-49.17,201.25,-516.25,-227.50,1,53.320,"
1784218609.327568,"01/01/2000,04:44:30.49,-1027.83,-49.80,84.47,-0.24,3.23,1.13,62.25,31.95,52.65,33.59,14.88,985.39,-49.04,201.25,-647.50,-148.75,1,53.320,"
1784218609.3503418,"01/01/2000,04:44:30.51,-1026.86,-39.06,91.31,1.24,-0.67,1.17,61.95,32.55,52.20,33.49,14.76,985.27,-48.92,-70.0,-665.0,-288.75,1,53.320,"
1784218609.3853576,"01/01/2000,04:44:30.54,-987.30,-19.04,32.23,-0.14,-0.75,-1.56,63.30,32.40,53.40,33.64,14.88,985.64,-49.04,166.25,-796.25,-140.0,1,53.320,"
1784218609.4065926,"01/01/2000,04:44:30.57,-1020.51,-40.04,15.14,0.32,-1.53,0.80,62.55,31.95,52.35,33.49,15.13,985.27,-48.80,148.75,-700.0,-70.0,1,53.320,"
1784218609.4407344,"01/01/2000,04:44:30.60,-981.45,-28.81,65.43,0.94,-1.44,2.66,61.65,33.75,51.75,33.44,14.52,985.52,-49.04,113.75,-813.75,-218.75,1,53.320,"
1784218609.4614491,"01/01/2000,04:44:30.62,-1014.16,-43.46,-4.88,0.47,-3.61,-2.96,61.95,31.35,50.55,33.64,14.76,985.52,-49.04,-35.0,-761.25,-210.0,1,53.320,"
1784218609.4795694,"01/01/2000,04:44:30.64,-1004.88,-34.18,0.98,-1.08,-0.42,-0.39,62.25,32.85,53.10,33.35,14.76,985.39,-48.68,113.75,-568.75,-288.75,1,53.320,"
1784218609.4964635,"01/01/2000,04:44:30.66,-1004.39,-37.11,44.43,-2.14,-1.66,0.96,62.55,31.95,51.90,33.30,14.64,985.27,-48.56,210.0,-673.75,-227.50,1,53.320,"
1784218609.5132174,"01/01/2000,04:44:30.67,-993.16,-10.74,11.72,0.25,0.37,1.92,62.25,32.40,52.35,33.59,14.64,985.64,-48.80,78.75,-542.50,-323.75,1,53.320,"
1784218609.5312252,"01/01/2000,04:44:30.69,-1004.88,-19.53,22.95,-0.70,1.24,-0.85,62.70,32.55,51.0,33.64,14.76,985.64,-50.75,-245.0,-778.75,-315.0,1,53.320,"
1784218609.5689027,"01/01/2000,04:44:30.73,-1031.25,16.60,24.41,-0.51,1.49,-1.44,64.35,33.0,52.20,33.49,14.88,986.37,-52.95,-630.0,-665.0,-175.0,1,53.321,"
1784218609.6035593,"01/01/2000,04:44:30.76,-1009.77,-31.25,-23.93,0.46,1.37,-0.68,62.40,31.80,51.30,33.49,14.88,984.91,-55.14,-691.25,-813.75,-262.50,1,53.320,"
1784218609.646499,"01/01/2000,04:44:30.80,-997.07,-21.48,59.08,-1.68,2.51,-1.01,61.20,31.80,52.95,33.49,15.13,986.37,-56.61,-1741.25,-778.75,-393.75,1,53.320,"
1784218609.6816845,"01/01/2000,04:44:30.84,-1006.35,-32.71,107.91,-0.98,2.90,-0.21,63.60,32.55,52.95,33.64,15.01,986.13,-58.07,-2975.0,-595.0,-428.75,1,53.321,"
1784218609.7012515,"01/01/2000,04:44:30.86,-1018.55,-35.64,55.18,-1.76,4.17,-0.56,61.20,32.25,53.70,33.64,15.01,986.98,-56.73,-3386.25,-385.0,-367.50,1,53.321,"
1784218609.71574,"01/01/2000,04:44:30.87,-1016.11,-0.49,5.86,-2.40,3.41,0.09,61.35,33.15,51.90,33.64,15.13,987.22,-54.29,-3255.0,-183.75,-472.50,1,53.321,"
1784218609.727179,"01/01/2000,04:44:30.89,-1022.46,-36.13,-19.04,-2.18,4.53,1.50,61.80,33.15,51.15,33.59,15.25,986.61,-51.73,-3106.25,-192.50,-323.75,1,53.320,"
1784218609.7554963,"01/01/2000,04:44:30.91,-1011.23,0.49,-37.60,1.26,3.18,-1.32,63.60,31.80,52.95,33.25,15.37,986.74,-49.53,-4077.50,-140.0,-323.75,1,53.320,"
1784218609.7796483,"01/01/2000,04:44:30.94,-1010.74,-21.48,55.18,-0.24,3.33,-0.92,63.75,34.05,51.90,33.35,15.01,986.13,-50.26,-4077.50,-148.75,-288.75,1,53.320,"
1784218609.7938373,"01/01/2000,04:44:30.96,-1015.63,-43.95,-42.97,-1.84,5.25,-0.04,63.60,33.45,51.0,33.44,14.88,986.61,-47.82,-3675.0,218.75,-367.50,1,53.320,"
1784218609.8388157,"01/01/2000,04:44:31.00,-1010.25,4.88,-59.08,-0.38,5.33,0.56,63.0,32.85,51.60,33.49,15.37,987.47,-39.04,-4357.50,376.25,-245.0,1,53.320,"
1784218609.8564172,"01/01/2000,04:44:31.01,-1022.95,-19.53,-6.84,-0.22,3.66,-1.30,63.60,32.55,51.30,33.49,15.49,986.49,-38.31,-4226.25,612.50,-332.50,1,53.320,"
1784218609.8740375,"01/01/2000,04:44:31.03,-1021.97,-36.62,44.92,-1.58,2.43,-2.11,62.40,33.75,51.75,33.35,15.13,985.76,-39.16,-3666.25,831.25,-280.0,1,53.320,"
1784218609.8952682,"01/01/2000,04:44:31.05,-987.79,-18.55,80.57,-3.77,4.66,1.74,63.30,33.15,51.15,33.35,14.76,985.88,-38.55,-3150.0,778.75,-358.75,1,53.320,"
1784218609.9136758,"01/01/2000,04:44:31.07,-1009.28,-57.13,52.73,-2.94,1.96,-0.76,62.70,33.45,51.75,33.64,14.76,985.88,-35.99,-3377.50,647.50,-271.25,1,53.320,"
1784218609.927178,"01/01/2000,04:44:31.09,-1012.70,-24.41,14.65,1.20,2.85,-2.53,63.0,32.85,50.10,33.64,14.88,986.00,-34.04,-3508.75,638.75,-437.50,1,53.320,"
1784218609.9553108,"01/01/2000,04:44:31.11,-1020.51,-35.64,26.86,-2.18,5.44,0.89,63.30,31.95,51.60,33.16,14.88,985.52,-33.06,-3517.50,743.75,-402.50,1,53.320,"
1784218609.9690645,"01/01/2000,04:44:31.13,-1026.86,-19.53,26.86,0.89,-0.27,-2.64,63.75,32.85,51.90,33.49,14.40,985.15,-32.82,-2607.50,647.50,-306.25,1,53.320,"
1784218609.9861534,"01/01/2000,04:44:31.14,-991.70,2.93,-122.07,-0.39,1.15,0.69,63.75,33.60,51.15,33.44,14.27,985.88,-30.99,-2520.0,280.0,-402.50,1,53.320,"
1784218610.000285,"01/01/2000,04:44:31.16,-1015.63,1.46,-4.88,-0.41,2.27,0.66,61.80,33.15,51.15,33.78,14.40,985.88,-29.04,-2983.75,17.50,-227.50,1,53.320,"
1784218610.0269434,"01/01/2000,04:44:31.18,-1002.93,-22.46,10.25,0.56,1.92,-2.04,63.0,32.40,52.35,33.49,14.15,985.27,-28.43,-2773.75,-227.50,-315.0,1,53.321,"
1784218610.0414824,"01/01/2000,04:44:31.20,-1009.28,-2.44,-16.60,-0.53,1.65,0.14,63.15,33.0,51.30,33.44,13.66,984.42,-29.52,-1916.25,-560.0,-218.75,1,53.320,"
1784218610.0616286,"01/01/2000,04:44:31.22,-1024.90,-13.67,-22.95,0.49,4.12,0.45,62.40,32.25,50.55,33.35,13.42,984.78,-29.40,-1443.75,-717.50,-315.0,1,53.320,"
1784218610.0767727,"01/01/2000,04:44:31.24,-1006.35,-3.91,-15.14,1.85,-0.21,1.92,64.05,34.05,49.65,33.64,13.91,985.52,-27.33,-1242.50,-603.75,-280.0,1,53.320,"
1784218610.1143017,"01/01/2000,04:44:31.27,-1008.79,-17.58,-5.86,2.34,1.82,0.56,62.25,31.65,50.85,33.83,14.15,984.30,-23.18,-1365.0,-910.0,-323.75,1,53.320,"
1784218610.134102,"01/01/2000,04:44:31.29,-1022.46,-32.71,37.11,0.62,2.60,-0.16,62.40,32.55,48.30,33.49,14.15,984.17,-23.18,-962.50,-927.50,-157.50,1,53.320,"
1784218610.149292,"01/01/2000,04:44:31.31,-1036.62,-6.84,-18.07,-2.47,0.94,-0.44,63.90,33.45,50.25,33.59,13.66,986.00,-23.67,-393.75,-953.75,-210.0,1,53.321,"
1784218610.174963,"01/01/2000,04:44:31.33,-1019.53,-41.02,29.79,2.61,0.04,-0.82,63.0,34.05,51.90,33.35,11.96,985.76,-25.86,1137.50,-3272.50,-96.25,1,53.321,"
1784218610.2039723,"01/01/2000,04:44:31.36,-1021.97,-29.79,-6.84,0.80,0.02,0.89,62.70,33.45,49.80,33.44,15.25,985.64,-22.57,-183.75,-848.75,-218.75,1,53.320,"
1784218610.2274287,"01/01/2000,04:44:31.38,-1028.32,-26.86,-50.78,-1.29,1.84,0.11,63.75,31.95,49.35,33.49,15.86,986.13,-20.25,-831.25,0.0,-446.25,1,53.320,"
1784218610.24395,"01/01/2000,04:44:31.40,-1017.09,-30.76,12.70,0.56,-0.98,-1.19,63.60,31.80,49.50,33.44,14.64,986.25,-20.50,105.0,-1111.25,-113.75,1,53.320,"
1784218610.261481,"01/01/2000,04:44:31.42,-1005.86,-21.48,-20.02,1.02,-1.85,1.78,64.35,34.20,51.30,33.44,13.91,986.25,-21.47,805.0,-1522.50,-227.50,1,53.320,"
1784218610.2876446,"01/01/2000,04:44:31.44,-981.45,-10.74,-23.93,3.22,0.76,-1.68,63.15,32.25,53.25,33.35,13.42,985.76,-22.20,227.50,-1715.0,-166.25,1,53.320,"
1784218610.3102562,"01/01/2000,04:44:31.47,-1014.16,9.77,-64.94,2.69,-0.59,0.82,63.15,31.80,52.95,33.78,13.66,984.66,-22.69,778.75,-1855.0,-175.0,1,53.320,"
1784218610.3247585,"01/01/2000,04:44:31.48,-1027.83,-18.07,-43.95,-1.05,-3.50,0.21,64.50,33.15,50.85,33.49,14.03,984.91,-22.69,2161.25,-1968.75,-210.0,1,53.320,"
1784218610.344114,"01/01/2000,04:44:31.50,-1028.32,-39.55,29.30,-0.41,-3.33,-0.89,64.50,33.15,50.85,33.35,14.52,987.47,-20.01,1356.25,-1548.75,-157.50,1,53.320,"
1784218610.3609211,"01/01/2000,04:44:31.52,-985.84,-30.76,-12.70,2.02,-0.69,1.65,64.05,32.85,51.60,33.64,14.27,987.22,-20.01,735.0,-2038.75,-87.50,1,53.320,"
1784218610.3992524,"01/01/2000,04:44:31.56,-1024.90,-32.23,16.60,0.31,-1.27,0.22,63.30,31.20,50.40,33.59,14.88,985.39,-22.20,1277.50,-1181.25,-87.50,1,53.320,"
1784218610.4218173,"01/01/2000,04:44:31.58,-1022.46,-13.67,-91.80,0.50,0.46,-0.05,63.75,33.60,50.85,33.49,15.49,986.74,-21.59,1137.50,-691.25,-271.25,1,53.320,"
1784218610.4347055,"01/01/2000,04:44:31.59,-1007.81,-17.09,-29.30,1.67,0.89,-3.17,63.75,33.60,50.85,33.59,15.49,987.10,-20.01,831.25,-621.25,-245.0,1,53.320,"
1784218610.4593408,"01/01/2000,04:44:31.61,-999.02,-8.79,26.37,-1.27,0.16,-0.90,62.55,30.75,53.40,33.64,14.88,985.76,-20.13,717.50,-1041.25,-87.50,1,53.320,"
1784218610.4905775,"01/01/2000,04:44:31.65,-985.84,-13.67,56.64,1.09,-0.75,-0.62,63.30,32.85,51.60,33.78,12.69,985.52,-23.18,1085.0,-1750.0,-323.75,1,53.320,"
1784218610.5128732,"01/01/2000,04:44:31.67,-1033.20,-33.20,-41.99,1.74,-1.93,-1.25,64.65,33.0,50.25,33.64,13.54,987.59,-23.55,1828.75,-2003.75,-122.50,1,53.320,"
1784218610.5280962,"01/01/2000,04:44:31.69,-1011.72,-38.57,52.25,0.06,-1.10,-0.54,64.65,32.55,49.80,33.68,14.76,989.18,-20.98,525.0,-1181.25,-175.0,1,53.320,"
1784218610.546496,"01/01/2000,04:44:31.71,-996.58,-38.09,-5.37,1.25,-0.25,0.85,63.30,31.95,51.15,33.59,15.74,988.20,-20.25,-113.75,-568.75,-253.75,1,53.320,"
1784218610.5860333,"01/01/2000,04:44:31.74,-1029.79,-12.21,17.09,-0.37,-2.03,-0.52,63.60,33.75,50.55,33.44,14.40,985.27,-24.16,1076.25,-822.50,-201.25,1,53.320,"
1784218610.6010227,"01/01/2000,04:44:31.76,-1038.09,-24.90,-43.46,-0.85,-0.54,1.46,63.75,31.95,52.65,33.59,14.52,987.35,-23.91,595.0,-813.75,-113.75,1,53.320,"
1784218610.6198332,"01/01/2000,04:44:31.78,-1001.46,-34.18,-8.79,-1.31,1.61,0.48,63.60,32.55,50.25,33.16,14.88,987.96,-22.94,446.25,-778.75,-245.0,1,53.321,"
1784218610.6439273,"01/01/2000,04:44:31.80,-1000.0,-39.55,40.53,0.05,-1.54,-0.35,63.60,33.75,51.0,33.64,15.13,986.98,-22.81,455.0,-735.0,-288.75,1,53.320,"
1784218610.6605008,"01/01/2000,04:44:31.82,-1018.07,-38.57,-9.77,-1.31,-1.30,-1.53,63.75,31.95,50.85,33.64,15.25,985.52,-23.42,516.25,-472.50,-218.75,1,53.320,"
1784218610.6816046,"01/01/2000,04:44:31.83,-1017.09,-13.18,-23.93,-0.60,-3.02,2.02,62.70,32.25,50.25,33.64,14.40,986.00,-23.67,822.50,-358.75,-280.0,1,53.320,"
1784218610.6942842,"01/01/2000,04:44:31.85,-1022.95,-29.30,-10.25,0.99,-0.34,-0.50,63.30,33.15,50.40,33.35,14.40,987.47,-22.94,700.0,-708.75,-297.50,1,53.320,"
1784218610.7150936,"01/01/2000,04:44:31.87,-1007.32,-18.07,-14.16,-0.15,-0.74,-0.26,63.90,33.0,52.20,33.64,14.88,987.47,-22.81,-87.50,-568.75,-297.50,1,53.320,"
1784218610.727328,"01/01/2000,04:44:31.89,-1012.21,-32.71,19.53,1.02,0.51,-1.24,63.15,33.0,51.0,33.59,15.13,985.88,-23.67,-192.50,-708.75,-87.50,1,53.320,"
1784218610.7667916,"01/01/2000,04:44:31.93,-1024.41,-32.71,43.46,-1.24,-0.27,-2.22,65.10,32.55,51.30,33.44,14.76,984.66,-25.01,542.50,-411.25,-183.75,1,53.321,"
1784218610.7938619,"01/01/2000,04:44:31.95,-1029.79,-16.11,-29.79,-0.22,0.38,1.73,64.65,31.80,53.70,33.35,14.88,987.22,-22.69,78.75,-437.50,-166.25,1,53.320,"
1784218610.8319535,"01/01/2000,04:44:31.99,-995.12,-37.11,55.18,0.33,2.09,1.66,59.70,31.80,54.45,33.59,15.13,987.59,-23.67,-236.25,-621.25,-245.0,1,53.320,"
1784218610.8605528,"01/01/2000,04:44:32.03,-1009.28,-1.46,7.81,2.30,0.21,2.18,63.15,31.80,52.20,33.30,14.40,986.00,-25.86,761.25,-892.50,-245.0,1,53.320,"
1784218610.8860316,"01/01/2000,04:44:32.04,-1011.72,-20.51,37.11,-0.31,-1.19,-0.15,62.55,32.85,51.60,33.30,14.64,985.76,-26.11,691.25,-805.0,-201.25,1,53.320,"
1784218610.9031947,"01/01/2000,04:44:32.06,-1007.81,-9.77,-34.18,-0.81,0.84,0.44,64.05,33.15,50.10,33.25,15.13,986.00,-25.74,262.50,-638.75,-140.0,1,53.320,"
1784218610.92475,"01/01/2000,04:44:32.08,-995.61,-28.81,-4.88,1.53,-0.48,1.82,63.75,30.75,50.40,33.49,15.01,986.00,-25.25,17.50,-551.25,-131.25,1,53.320,"
1784218610.9593225,"01/01/2000,04:44:32.12,-1016.11,-27.83,38.09,1.73,0.21,-1.63,62.55,33.15,50.40,33.64,14.40,986.49,-25.13,568.75,-542.50,-262.50,1,53.320,"
1784218610.9773483,"01/01/2000,04:44:32.13,-1025.88,-46.88,15.14,-0.49,0.64,1.18,64.05,33.15,51.15,33.35,14.64,986.86,-24.28,332.50,-551.25,-210.0,1,53.320,"
1784218610.9938548,"01/01/2000,04:44:32.16,-1034.18,-21.00,44.43,2.03,0.69,0.96,64.05,30.45,53.40,33.59,15.13,986.86,-24.40,0.0,-350.0,-175.0,1,53.320,"
1784218611.0140731,"01/01/2000,04:44:32.17,-1014.65,-0.49,-73.73,0.93,1.35,2.06,64.50,34.05,52.35,33.49,15.13,986.25,-25.13,437.50,-253.75,-218.75,1,53.320,"
1784218611.0317345,"01/01/2000,04:44:32.19,-995.61,-11.72,25.39,1.12,0.52,-0.73,63.60,32.25,51.30,33.35,14.27,986.25,-25.25,883.75,-752.50,-210.0,1,53.320,"
1784218611.0482452,"01/01/2000,04:44:32.21,-1023.44,-41.99,-34.67,-0.79,-0.94,-0.11,64.35,33.0,50.55,33.49,14.40,986.13,-24.89,612.50,-647.50,-288.75,1,53.321,"
1784218611.07272,"01/01/2000,04:44:32.23,-1010.25,-21.48,41.99,0.58,-0.58,-0.67,65.10,32.25,51.75,33.35,14.76,984.91,-24.89,148.75,-507.50,-262.50,1,53.321,"
1784218611.087651,"01/01/2000,04:44:32.25,-1043.46,-36.62,0.98,-0.23,-0.44,-0.07,63.75,31.20,50.85,33.49,14.64,985.15,-25.62,236.25,-586.25,-61.25,1,53.320,"
1784218611.1227362,"01/01/2000,04:44:32.28,-1023.93,-24.90,-10.74,2.85,-2.57,-1.51,64.65,33.75,51.0,33.49,14.40,987.71,-26.60,665.0,-691.25,-122.50,1,53.320,"
1784218611.1441839,"01/01/2000,04:44:32.30,-1007.81,-15.63,17.58,0.41,-0.08,0.27,64.50,33.15,50.85,33.59,14.64,987.71,-25.74,463.75,-542.50,-192.50,1,53.320,"
1784218611.1624403,"01/01/2000,04:44:32.32,-1012.70,-41.50,-10.74,-0.21,-1.53,1.11,65.10,30.60,52.50,33.35,14.88,986.25,-25.50,17.50,-778.75,-227.50,1,53.321,"
1784218611.1773014,"01/01/2000,04:44:32.34,-1039.06,-18.07,-6.35,1.02,-0.32,-1.22,64.50,32.40,50.85,33.68,15.01,984.78,-26.35,402.50,-595.0,-96.25,1,53.321,"
1784218611.1939106,"01/01/2000,04:44:32.36,-1041.99,-26.86,55.18,1.73,-0.83,0.25,66.45,32.85,51.90,33.64,14.76,985.52,-27.21,1408.75,-560.0,-288.75,1,53.321,"
1784218611.2171712,"01/01/2000,04:44:32.38,-1003.42,-5.86,-14.16,-0.19,-0.79,-1.26,63.75,32.40,51.15,33.59,15.01,987.47,-26.11,1041.25,-376.25,-315.0,1,53.321,"
1784218611.2337873,"01/01/2000,04:44:32.39,-1024.90,-38.09,18.07,1.12,-0.89,0.73,64.05,31.20,52.35,33.44,15.13,987.96,-24.89,52.50,-560.0,-201.25,1,53.320,"
1784218611.2505395,"01/01/2000,04:44:32.41,-1016.11,-18.07,34.18,-0.03,-0.88,1.04,64.50,33.15,50.85,33.49,15.13,986.37,-25.50,8.75,-691.25,-210.0,1,53.320,"
1784218611.271113,"01/01/2000,04:44:32.43,-1018.55,-27.34,41.02,0.69,1.20,-1.26,63.60,33.45,51.75,33.59,14.88,985.03,-27.21,866.25,-717.50,-236.25,1,53.320,"
1784218611.289637,"01/01/2000,04:44:32.45,-1016.11,-20.02,48.34,-0.98,-1.18,-1.46,63.75,32.40,50.85,33.44,14.64,986.00,-28.18,1128.75,-726.25,-183.75,1,53.321,"
1784218611.3143244,"01/01/2000,04:44:32.47,-1021.00,-20.02,-63.96,1.24,-2.30,1.40,65.40,34.20,51.0,33.35,14.76,986.98,-27.08,1137.50,-735.0,-245.0,1,53.320,"
1784218611.327193,"01/01/2000,04:44:32.49,-993.16,0.49,13.67,1.75,0.93,-1.06,63.75,34.05,51.15,33.44,15.37,984.78,-25.13,525.0,-525.0,-122.50,1,53.320,"
1784218611.356398,"01/01/2000,04:44:32.51,-1046.39,-39.55,-21.48,-2.27,-1.04,-2.91,61.80,33.60,52.35,33.44,15.01,984.54,-25.86,1067.50,-875.0,-210.0,1,53.320,"
1784218611.3783894,"01/01/2000,04:44:32.53,-1013.18,-34.18,6.84,-0.18,3.37,-0.40,63.60,32.55,51.30,33.25,15.13,988.81,-26.60,288.75,-402.50,-148.75,1,53.320,"
1784218611.3994021,"01/01/2000,04:44:32.55,-1030.76,-19.04,28.81,1.28,2.13,0.80,63.30,33.15,51.60,33.44,14.64,989.91,-26.96,-236.25,-612.50,-192.50,1,53.320,"
1784218611.4114876,"01/01/2000,04:44:32.57,-1028.32,-4.39,-3.91,0.91,1.21,-0.58,64.65,33.45,51.0,33.49,14.64,986.74,-27.45,-26.25,-918.75,-288.75,1,53.320,"
1784218611.4288492,"01/01/2000,04:44:32.59,-979.49,-21.97,-1.46,0.59,0.16,-3.11,64.65,34.20,51.75,33.64,15.37,984.42,-27.45,96.25,-656.25,-113.75,1,53.320,"
1784218611.4462814,"01/01/2000,04:44:32.61,-1039.06,0.0,-40.53,1.85,0.89,-1.50,63.30,33.15,51.15,33.35,15.37,985.03,-26.72,-113.75,-52.50,-113.75,1,53.320,"
1784218611.4626675,"01/01/2000,04:44:32.62,-1000.0,-17.09,34.67,-2.43,1.57,-1.77,64.35,33.0,50.55,33.44,14.64,986.98,-26.35,-148.75,-393.75,-262.50,1,53.320,"
1784218611.4880311,"01/01/2000,04:44:32.64,-1023.44,-13.67,-5.37,1.60,-0.60,1.74,65.10,33.75,51.0,33.30,14.64,988.08,-26.60,-166.25,-796.25,-262.50,1,53.320,"
1784218611.5186577,"01/01/2000,04:44:32.68,-994.63,-31.25,0.98,-0.66,-0.82,-1.65,64.35,33.0,51.30,33.49,14.88,985.27,-27.69,437.50,-813.75,-140.0,1,53.321,"
1784218611.5397053,"01/01/2000,04:44:32.70,-1019.53,-31.25,24.90,0.89,-0.48,1.05,63.30,32.40,51.60,33.49,14.88,985.52,-27.82,665.0,-551.25,-210.0,1,53.320,"
1784218611.5577261,"01/01/2000,04:44:32.72,-1013.18,-27.34,46.88,1.11,-1.12,-0.50,63.90,32.25,51.0,33.64,14.52,986.13,-27.33,35.0,-735.0,-157.50,1,53.320,"
1784218611.5745234,"01/01/2000,04:44:32.73,-992.19,-22.95,-8.30,0.31,0.04,2.15,64.35,33.0,51.30,33.25,14.88,984.91,-26.72,148.75,-621.25,-280.0,1,53.320,"
1784218611.5899358,"01/01/2000,04:44:32.75,-1009.77,-33.69,-48.34,2.69,-0.72,0.14,63.60,32.55,51.75,33.35,14.64,984.05,-26.84,61.25,-883.75,-122.50,1,53.320,"
1784218611.6106439,"01/01/2000,04:44:32.77,-1015.14,-9.77,17.58,-2.77,-0.85,-1.22,64.50,34.05,51.60,33.59,14.88,985.03,-28.18,61.25,-700.0,-280.0,1,53.321,"
1784218611.629792,"01/01/2000,04:44:32.79,-1045.41,-40.53,-28.32,0.48,-0.57,3.42,66.0,32.40,51.90,33.64,14.76,986.98,-29.40,551.25,-787.50,-148.75,1,53.321,"
1784218611.6633618,"01/01/2000,04:44:32.82,-1005.37,-27.83,4.39,-0.75,-0.06,-0.39,63.75,33.15,50.85,33.64,15.01,986.49,-27.33,271.25,-726.25,-297.50,1,53.321,"
1784218611.6886575,"01/01/2000,04:44:32.84,-1027.34,-4.88,-8.79,2.08,0.25,1.12,64.65,32.55,51.75,33.44,14.88,985.88,-26.84,175.0,-717.50,-140.0,1,53.320,"
1784218611.70244,"01/01/2000,04:44:32.86,-1026.37,1.46,-14.16,0.63,0.63,1.36,64.65,32.55,52.50,33.49,14.64,986.74,-27.57,245.0,-638.75,-280.0,1,53.320,"
1784218611.7194188,"01/01/2000,04:44:32.88,-1037.60,7.32,55.66,0.79,-0.58,0.85,63.75,32.85,51.90,33.64,14.64,987.22,-28.18,297.50,-586.25,-131.25,1,53.321,"
1784218611.7396643,"01/01/2000,04:44:32.90,-1027.34,-20.02,-14.16,0.15,-1.73,0.21,64.05,32.40,51.60,33.30,14.52,986.74,-28.06,306.25,-621.25,-253.75,1,53.321,"
1784218611.7582302,"01/01/2000,04:44:32.92,-1007.32,-37.11,11.72,3.18,-2.44,-0.44,63.60,33.0,50.55,33.68,14.76,985.27,-28.30,253.75,-936.25,-122.50,1,53.321,"
1784218611.7748036,"01/01/2000,04:44:32.93,-1029.30,-13.18,8.30,-0.76,0.76,0.87,63.60,32.55,52.95,33.35,14.76,984.66,-28.43,805.0,-621.25,-288.75,1,53.321,"
1784218611.793828,"01/01/2000,04:44:32.95,-1020.02,-33.20,27.83,0.12,-1.43,1.28,63.90,33.0,51.0,33.59,14.76,985.76,-27.57,708.75,-595.0,-166.25,1,53.321,"
1784218611.8038957,"01/01/2000,04:44:32.97,-1039.55,-21.97,-4.39,-0.67,1.34,0.92,64.65,33.0,50.55,33.44,14.88,987.10,-26.11,52.50,-323.75,-236.25,1,53.321,"
1784218611.8441656,"01/01/2000,04:44:32.99,-1014.65,-7.32,-13.18,-0.05,-1.96,-0.48,64.65,32.55,53.25,33.59,14.64,985.64,-26.84,280.0,-918.75,-148.75,1,53.320,"
1784218611.860529,"01/01/2000,04:44:33.02,-1005.86,-27.83,-14.65,-0.12,1.10,-0.85,65.40,33.0,52.20,33.35,15.01,986.74,-27.82,-52.50,-752.50,-175.0,1,53.320,"
1784218611.8706613,"01/01/2000,04:44:33.03,-1012.70,-17.58,-0.49,1.92,0.80,-0.76,61.05,33.60,53.85,33.59,15.37,988.08,-28.06,-455.0,-358.75,-227.50,1,53.320,"
1784218611.8952901,"01/01/2000,04:44:33.05,-1003.42,-15.14,16.60,-1.89,0.12,-0.73,62.70,32.55,50.55,33.49,15.74,988.08,-27.69,-560.0,367.50,-656.25,1,53.320,"
1784218611.9133298,"01/01/2000,04:44:33.07,-1032.23,3.91,-2.93,-13.27,2.13,1.52,64.65,33.45,51.0,33.35,26.96,987.71,-26.96,-1163.75,10867.50,-1102.50,1,53.320,"
1784218611.9366758,"01/01/2000,04:44:33.09,-1008.79,-27.83,-0.49,-9.71,0.92,-1.89,64.05,33.60,52.35,33.49,25.62,987.35,-27.69,-1058.75,10080.0,-113.75,1,53.321,"
1784218611.9483688,"01/01/2000,04:44:33.11,-1008.79,-16.60,114.26,0.89,0.18,-1.88,65.25,33.15,51.60,33.49,16.84,984.78,-29.16,525.0,1260.0,52.50,1,53.321,"
1784218611.9689665,"01/01/2000,04:44:33.13,-1026.86,-16.11,41.02,13.59,0.57,-1.92,64.35,33.0,51.30,33.59,0.0,981.37,-31.23,1303.75,-10937.50,253.75,1,53.321,"
1784218611.9914336,"01/01/2000,04:44:33.15,-1015.63,-26.37,-7.81,12.71,-0.14,0.17,62.40,31.35,56.70,33.44,-0.98,983.56,-29.52,1041.25,-12565.0,-140.0,1,53.320,"
1784218612.0085819,"01/01/2000,04:44:33.16,-1038.57,-24.90,-14.65,7.93,-1.62,2.32,64.05,32.85,52.35,33.44,5.25,987.71,-27.21,612.50,-10850.0,96.25,1,53.320,"
1784218612.0231762,"01/01/2000,04:44:33.18,-1017.58,-35.16,-8.79,5.88,0.40,1.64,64.35,33.0,51.30,33.49,12.69,989.54,-25.62,70.0,-5145.0,-376.25,1,53.321,"
1784218612.0440156,"01/01/2000,04:44:33.20,-986.33,-56.15,18.07,3.78,0.25,1.30,66.0,32.85,53.40,33.59,21.72,986.74,-26.11,210.0,-2388.75,113.75,1,53.320,"
1784218612.058573,"01/01/2000,04:44:33.22,-1024.90,-5.37,59.08,-2.85,-1.90,-0.53,64.65,32.55,53.70,33.64,24.16,984.17,-28.18,638.75,1513.75,-70.0,1,53.321,"
1784218612.0764632,"01/01/2000,04:44:33.24,-991.21,-18.55,30.27,-1.83,-2.27,0.66,65.25,32.85,51.90,33.68,19.03,984.30,-30.01,621.25,1251.25,-105.0,1,53.321,"
1784218612.0937014,"01/01/2000,04:44:33.25,-1036.62,-26.86,44.43,0.20,-2.16,-0.38,64.95,32.85,51.90,33.49,14.76,985.64,-29.89,665.0,-113.75,-481.25,1,53.321,"
1784218612.1140053,"01/01/2000,04:44:33.27,-1014.16,-53.71,30.76,-0.95,0.15,-0.27,64.65,32.25,51.0,33.44,13.42,988.44,-27.08,96.25,-700.0,-393.75,1,53.321,"
1784218612.1493993,"01/01/2000,04:44:33.31,-1011.72,-26.37,-20.51,-1.73,0.67,1.16,65.40,32.55,51.30,33.49,18.54,988.08,-26.35,-306.25,-175.0,-245.0,1,53.321,"
1784218612.1708217,"01/01/2000,04:44:33.33,-1021.97,-2.44,-6.35,-2.71,2.47,2.56,64.35,29.85,54.0,33.35,19.03,986.49,-27.57,-140.0,1356.25,-271.25,1,53.321,"
1784218612.1920624,"01/01/2000,04:44:33.35,-994.63,-24.90,25.39,-0.89,-2.52,-0.42,64.35,29.85,54.0,33.59,16.84,984.05,-28.30,437.50,1793.75,-262.50,1,53.321,"
1784218612.2107322,"01/01/2000,04:44:33.36,-1010.25,-27.34,46.88,0.52,0.15,-1.0,65.70,32.40,50.85,33.49,13.30,983.32,-27.33,1032.50,507.50,-323.75,1,53.321,"
1784218612.227374,"01/01/2000,04:44:33.38,-1007.32,-38.09,28.81,-0.05,-0.36,1.66,64.50,36.0,51.90,33.59,12.69,983.56,-24.89,1680.0,-857.50,-183.75,1,53.321,"
1784218612.2439277,"01/01/2000,04:44:33.40,-1031.25,-27.34,53.71,-0.05,-1.03,1.85,64.35,33.0,51.0,33.44,14.27,985.52,-19.89,1513.75,-665.0,-227.50,1,53.321,"
1784218612.2606905,"01/01/2000,04:44:33.42,-1024.41,-17.58,15.14,1.60,-1.11,0.66,64.50,33.15,52.35,33.49,15.49,987.71,-18.54,262.50,-813.75,-70.0,1,53.321,"
1784218612.2827044,"01/01/2000,04:44:33.44,-1007.81,-7.81,-25.88,0.40,-1.24,1.75,65.25,31.95,52.35,33.59,15.62,988.20,-19.64,113.75,-227.50,-166.25,1,53.321,"
1784218612.2956216,"01/01/2000,04:44:33.45,-1002.93,-18.07,-1.46,-1.20,-2.47,-0.91,64.50,31.65,51.90,33.11,14.64,985.76,-20.98,980.0,-122.50,-367.50,1,53.321,"
1784218612.3272579,"01/01/2000,04:44:33.49,-1030.27,-14.65,6.35,-0.05,-1.09,0.38,65.25,32.85,52.65,33.59,14.15,985.76,-17.93,1443.75,-577.50,-376.25,1,53.321,"
1784218612.3621247,"01/01/2000,04:44:33.52,-1007.32,-15.63,23.44,-1.53,-0.25,0.13,64.95,31.95,52.35,33.59,15.49,986.98,-16.59,1295.0,-691.25,-218.75,1,53.320,"
1784218612.3945577,"01/01/2000,04:44:33.56,-1042.48,-33.69,13.67,-1.02,-2.27,-2.47,63.90,33.75,52.20,33.64,14.40,985.27,-22.08,1487.50,-813.75,-192.50,1,53.320,"
1784218612.4200475,"01/01/2000,04:44:33.58,-981.93,1.95,-29.79,-1.31,-0.11,-0.87,64.65,33.0,52.20,33.49,14.15,985.27,-23.06,1443.75,-533.75,-428.75,1,53.321,"
1784218612.4441156,"01/01/2000,04:44:33.60,-1024.41,-69.82,39.55,-0.48,-1.19,-0.68,64.95,33.15,51.90,33.59,14.64,985.15,-22.94,1338.75,-735.0,-271.25,1,53.320,"
1784218612.4605448,"01/01/2000,04:44:33.62,-1060.06,-9.28,47.85,-1.43,-0.50,-3.69,63.90,33.75,53.70,33.44,15.49,986.49,-22.81,1137.50,-568.75,-341.25,1,53.320,"
1784218612.4767995,"01/01/2000,04:44:33.63,-1016.11,-32.23,-0.49,-0.82,-0.98,1.61,64.95,33.15,52.65,33.44,15.62,988.20,-24.64,726.25,-507.50,-271.25,1,53.320,"
1784218612.493655,"01/01/2000,04:44:33.65,-1016.11,1.46,-7.81,1.44,-0.29,-1.33,66.90,31.95,53.40,33.35,15.13,986.74,-27.33,927.50,-647.50,-175.0,1,53.320,"
1784218612.510565,"01/01/2000,04:44:33.67,-1040.04,-27.34,23.44,0.40,0.59,1.56,64.05,32.85,51.90,33.35,14.64,985.27,-28.91,1216.25,-752.50,-218.75,1,53.321,"
1784218612.5274289,"01/01/2000,04:44:33.69,-1014.65,-34.67,28.32,1.02,-0.96,-0.43,65.10,30.60,53.70,33.59,14.64,985.64,-29.65,901.25,-752.50,-26.25,1,53.320,"
1784218612.5670469,"01/01/2000,04:44:33.73,-1012.70,-22.46,-12.70,0.37,-1.73,0.63,65.25,32.40,52.35,33.49,15.13,986.49,-30.87,691.25,-551.25,-315.0,1,53.321,"
1784218612.593916,"01/01/2000,04:44:33.75,-1021.00,-25.39,10.74,-0.69,-0.61,-0.39,66.0,32.40,52.35,33.44,15.49,986.13,-32.21,551.25,-525.0,-96.25,1,53.320,"
1784218612.606411,"01/01/2000,04:44:33.76,-1034.18,-28.81,-4.39,0.40,-0.18,-0.65,63.30,33.60,53.10,33.35,15.13,985.64,-32.45,778.75,-332.50,-192.50,1,53.320,"
1784218612.6279116,"01/01/2000,04:44:33.78,-1026.37,-29.79,21.97,0.19,-0.40,-1.50,65.40,33.75,52.50,33.59,14.76,986.13,-32.94,612.50,-568.75,-148.75,1,53.320,"
1784218612.6605887,"01/01/2000,04:44:33.82,-1002.44,-18.07,-31.25,-0.89,1.77,-0.73,61.20,31.80,52.95,33.35,15.13,986.13,-33.55,428.75,-717.50,-245.0,1,53.321,"
1784218612.6836557,"01/01/2000,04:44:33.84,-1030.76,-20.51,19.04,1.56,-2.50,1.05,63.60,34.20,52.50,33.16,15.37,985.88,-33.92,455.0,-428.75,-236.25,1,53.321,"
1784218612.696497,"01/01/2000,04:44:33.85,-1030.76,-30.27,36.13,-0.03,-0.18,0.64,65.10,33.75,52.20,33.64,15.13,986.00,-34.16,516.25,-463.75,-201.25,1,53.321,"
1784218612.7132022,"01/01/2000,04:44:33.87,-997.07,-23.93,14.16,-0.11,1.73,1.43,64.50,32.85,52.65,33.64,14.88,986.25,-34.40,568.75,-446.25,-227.50,1,53.321,"
1784218612.7336707,"01/01/2000,04:44:33.89,-1034.67,-46.88,66.89,-0.50,0.02,-0.86,65.40,32.25,52.95,33.49,14.76,986.25,-34.40,463.75,-665.0,-175.0,1,53.320,"
1784218612.7564993,"01/01/2000,04:44:33.91,-1013.18,-12.21,38.57,1.44,-0.91,-1.33,65.25,35.25,53.85,33.64,15.13,986.13,-34.65,271.25,-708.75,-183.75,1,53.320,"
1784218612.7774365,"01/01/2000,04:44:33.93,-1017.58,-10.74,7.81,-1.42,-0.98,0.37,63.60,33.0,52.95,33.49,15.25,986.13,-34.89,481.25,-542.50,-218.75,1,53.321,"
1784218612.792209,"01/01/2000,04:44:33.95,-1030.27,-13.67,-3.42,-0.24,-0.95,-1.02,64.50,32.85,52.65,33.49,15.25,986.25,-35.01,507.50,-533.75,-183.75,1,53.321,"
1784218612.8043716,"01/01/2000,04:44:33.97,-1031.25,-34.67,65.43,-0.24,-0.66,2.19,63.15,33.45,55.20,33.30,15.01,986.25,-35.01,446.25,-498.75,-323.75,1,53.321,"
1784218612.8249757,"01/01/2000,04:44:33.98,-1032.23,-23.44,-25.88,1.08,0.46,-2.85,64.05,32.85,52.65,33.49,14.76,986.25,-35.26,428.75,-638.75,-358.75,1,53.321,"
1784218612.8439653,"01/01/2000,04:44:34.00,-1013.18,0.0,-38.57,1.61,-0.29,-0.39,64.65,33.45,53.25,33.35,14.88,986.00,-35.26,385.0,-630.0,-271.25,1,53.321,"
1784218612.8669384,"01/01/2000,04:44:34.03,-1034.18,-2.44,-26.86,0.31,-0.47,-2.12,65.25,31.95,52.65,33.49,15.13,986.25,-35.62,516.25,-603.75,-271.25,1,53.321,"
1784218612.8896198,"01/01/2000,04:44:34.05,-1041.02,1.95,45.90,0.92,-0.14,0.89,64.05,32.40,52.35,33.59,15.01,986.25,-35.87,280.0,-542.50,-201.25,1,53.320,"
1784218612.911425,"01/01/2000,04:44:34.07,-1013.18,-35.64,57.62,-0.36,-2.21,-0.60,64.65,32.55,52.20,33.49,14.76,986.13,-35.87,358.75,-560.0,-288.75,1,53.320,"
1784218612.9255235,"01/01/2000,04:44:34.08,-1017.09,-0.98,6.84,1.03,-1.53,-0.93,63.90,33.0,52.20,33.49,14.76,986.13,-35.87,253.75,-735.0,-262.50,1,53.320,"
1784218612.9623203,"01/01/2000,04:44:34.12,-1034.18,-5.86,39.06,1.06,0.78,3.04,64.35,32.55,54.45,33.44,15.01,986.37,-36.36,367.50,-630.0,-297.50,1,53.320,"
1784218612.9772882,"01/01/2000,04:44:34.14,-1003.42,-38.09,-0.49,1.87,3.09,2.76,66.30,33.45,53.25,33.25,15.13,986.00,-36.23,525.0,-551.25,-306.25,1,53.321,"
1784218612.9939146,"01/01/2000,04:44:34.16,-1029.79,-22.46,33.20,-0.49,0.63,0.31,63.90,32.25,51.30,33.35,15.13,986.00,-36.23,280.0,-516.25,-148.75,1,53.321,"
1784218613.0345762,"01/01/2000,04:44:34.19,-1019.04,-28.81,2.44,2.37,-0.02,1.34,65.40,33.0,52.50,33.59,15.01,985.64,-36.60,341.25,-708.75,-210.0,1,53.320,"
1784218613.0583074,"01/01/2000,04:44:34.21,-1020.51,-4.39,-27.83,3.15,0.50,-1.72,65.40,33.0,52.50,33.25,15.25,985.88,-36.84,358.75,-507.50,-166.25,1,53.320,"
1784218613.0710704,"01/01/2000,04:44:34.23,-1000.98,-36.62,23.44,0.42,-0.80,-1.91,63.90,30.60,54.0,33.16,15.01,986.00,-36.60,245.0,-708.75,-192.50,1,53.320,"
1784218613.0899377,"01/01/2000,04:44:34.25,-1035.64,-16.11,-0.98,-1.92,1.15,2.91,64.65,32.25,51.30,33.59,15.25,986.13,-36.60,253.75,-638.75,-218.75,1,53.321,"
1784218613.10769,"01/01/2000,04:44:34.27,-1035.64,-10.25,41.02,-0.60,0.53,-2.29,64.65,33.0,51.75,33.35,15.01,985.76,-36.60,280.0,-560.0,-280.0,1,53.321,"
1784218613.1228342,"01/01/2000,04:44:34.28,-1020.02,-28.32,41.50,0.53,0.84,1.05,64.05,31.95,52.65,33.30,15.01,985.76,-36.72,280.0,-726.25,-253.75,1,53.321,"
1784218613.1453102,"01/01/2000,04:44:34.30,-1000.0,-18.55,-8.30,-0.84,0.45,-0.19,65.40,32.55,52.50,33.49,15.01,986.00,-36.60,420.0,-595.0,-271.25,1,53.321,"
1784218613.1637876,"01/01/2000,04:44:34.32,-1014.65,-42.48,28.32,1.02,-1.50,-1.59,64.65,33.0,52.95,33.49,15.13,986.00,-36.60,297.50,-708.75,-148.75,1,53.321,"
1784218613.1798208,"01/01/2000,04:44:34.34,-1016.11,-32.23,-11.23,0.98,-1.27,0.95,65.40,32.55,51.75,33.59,15.13,985.76,-36.48,262.50,-665.0,-201.25,1,53.321,"
1784218613.1947627,"01/01/2000,04:44:34.36,-1038.57,-35.16,67.38,-0.69,-1.73,-0.41,65.70,32.40,53.10,33.49,14.88,985.64,-36.48,201.25,-656.25,-280.0,1,53.321,"
1784218613.2181573,"01/01/2000,04:44:34.38,-990.23,-7.81,-6.35,1.82,0.40,0.21,64.95,33.15,52.35,33.44,14.76,985.88,-36.72,341.25,-717.50,-192.50,1,53.321,"
1784218613.2358932,"01/01/2000,04:44:34.39,-1013.67,7.32,-70.31,1.0,-0.53,0.43,65.10,32.55,52.20,33.64,14.88,985.76,-36.72,253.75,-656.25,-210.0,1,53.321,"
1784218613.2482235,"01/01/2000,04:44:34.41,-996.58,-31.25,4.88,0.14,1.15,1.38,63.15,32.55,52.20,33.35,15.01,986.13,-36.36,262.50,-691.25,-236.25,1,53.321,"
1784218613.2734172,"01/01/2000,04:44:34.43,-1017.58,-48.34,23.44,-0.39,1.27,-0.85,64.95,31.20,51.90,33.44,15.25,986.00,-36.60,288.75,-568.75,-192.50,1,53.321,"
1784218613.2942305,"01/01/2000,04:44:34.45,-1026.86,-32.71,25.88,0.33,-0.12,-0.23,64.65,33.45,52.20,33.44,15.13,985.88,-36.97,253.75,-656.25,-350.0,1,53.321,"
1784218613.3105977,"01/01/2000,04:44:34.47,-998.05,-42.48,35.64,-0.97,-3.43,-2.33,64.05,33.15,52.65,33.49,15.13,985.76,-37.33,245.0,-638.75,-271.25,1,53.321,"
1784218613.3251066,"01/01/2000,04:44:34.48,-985.35,-12.70,-12.70,1.10,-0.50,-1.27,65.85,33.75,53.25,33.59,15.13,985.76,-37.09,315.0,-621.25,-210.0,1,53.321,"
1784218613.3463717,"01/01/2000,04:44:34.51,-995.12,-12.70,29.79,1.86,-0.36,-0.11,65.85,33.45,53.25,33.49,15.25,985.76,-36.72,350.0,-656.25,-183.75,1,53.321,"
1784218613.3877997,"01/01/2000,04:44:34.55,-1038.57,-25.88,43.95,-1.59,0.02,-1.21,64.50,31.95,52.35,33.49,15.01,985.76,-37.09,385.0,-621.25,-280.0,1,53.321,"
1784218613.4121947,"01/01/2000,04:44:34.57,-998.05,-14.65,9.28,1.31,-2.95,0.11,64.95,33.60,53.10,33.44,14.88,985.76,-37.33,350.0,-682.50,-262.50,1,53.321,"
1784218613.429518,"01/01/2000,04:44:34.59,-990.72,-13.67,27.83,-1.76,-1.24,1.85,62.70,33.45,52.20,33.59,15.13,985.64,-37.33,280.0,-665.0,-140.0,1,53.321,"
1784218613.4465468,"01/01/2000,04:44:34.61,-1001.46,-44.92,38.09,-1.04,0.44,1.76,62.55,32.85,53.85,33.35,15.13,985.88,-37.45,315.0,-778.75,-122.50,1,53.321,"
1784218613.4644828,"01/01/2000,04:44:34.62,-1029.30,-32.23,-3.91,1.52,-1.95,-0.13,64.95,33.60,52.35,33.59,15.13,985.88,-37.70,210.0,-673.75,-210.0,1,53.321,"
1784218613.4856431,"01/01/2000,04:44:34.64,-983.40,11.72,-22.95,1.37,1.11,-0.12,65.10,32.55,52.95,33.49,15.13,985.76,-37.82,262.50,-691.25,-131.25,1,53.320,"
1784218613.5192952,"01/01/2000,04:44:34.68,-1015.63,0.0,-9.28,0.27,0.14,-1.92,64.95,33.60,50.40,33.64,15.13,985.76,-37.45,210.0,-735.0,-271.25,1,53.321,"
1784218613.5375965,"01/01/2000,04:44:34.70,-1034.67,-34.67,43.95,-1.28,0.99,1.33,66.0,33.60,51.90,33.49,15.25,985.64,-37.58,280.0,-551.25,-245.0,1,53.321,"
1784218613.5583096,"01/01/2000,04:44:34.72,-1014.16,-23.93,55.18,-0.95,-1.27,-0.85,65.40,34.20,53.25,33.35,15.13,985.52,-37.82,393.75,-586.25,-245.0,1,53.321,"
1784218613.577348,"01/01/2000,04:44:34.73,-1027.34,-29.79,26.37,-2.78,0.56,-2.70,64.35,32.25,54.0,33.35,15.01,985.76,-37.82,350.0,-551.25,-210.0,1,53.321,"
1784218613.5921202,"01/01/2000,04:44:34.75,-1016.11,-38.09,9.77,-0.14,-1.42,1.31,65.70,32.85,53.85,33.64,14.88,986.13,-37.82,201.25,-603.75,-236.25,1,53.321,"
1784218613.6094072,"01/01/2000,04:44:34.77,-1015.14,-20.02,55.18,-0.02,-2.95,-2.57,64.95,31.95,52.35,33.35,15.01,986.00,-37.82,175.0,-656.25,-131.25,1,53.321,"
1784218613.6308029,"01/01/2000,04:44:34.79,-1007.81,-9.28,-25.88,-1.05,0.24,-0.71,64.50,32.40,53.40,33.11,15.13,985.88,-38.06,157.50,-761.25,-271.25,1,53.321,"
1784218613.660736,"01/01/2000,04:44:34.82,-1015.14,0.0,27.34,1.25,1.13,-1.62,64.65,31.80,51.75,33.35,14.76,985.88,-37.94,315.0,-586.25,-262.50,1,53.321,"
1784218613.68685,"01/01/2000,04:44:34.84,-1007.81,-11.23,-27.83,0.59,-1.63,0.21,63.75,32.40,50.85,33.44,14.88,985.76,-37.94,122.50,-787.50,-245.0,1,53.321,"
1784218613.703507,"01/01/2000,04:44:34.86,-1041.50,-19.53,-9.77,0.15,-1.27,0.27,62.40,31.05,54.0,33.59,14.88,985.64,-38.06,280.0,-551.25,-218.75,1,53.321,"
1784218613.7250912,"01/01/2000,04:44:34.88,-1003.91,-4.39,5.86,0.48,0.21,0.65,64.95,32.40,51.90,33.64,14.52,985.88,-38.19,411.25,-743.75,-140.0,1,53.321,"
1784218613.7376041,"01/01/2000,04:44:34.90,-1048.83,-37.11,65.92,0.50,-1.55,0.01,65.70,33.60,54.15,33.59,15.01,986.00,-38.06,201.25,-568.75,-157.50,1,53.321,"
1784218613.7586803,"01/01/2000,04:44:34.92,-1013.18,-30.76,36.62,-0.96,0.86,-1.96,64.05,33.60,53.10,33.49,14.88,985.76,-37.82,192.50,-665.0,-297.50,1,53.321,"
1784218613.7765882,"01/01/2000,04:44:34.94,-1048.34,-28.32,53.22,-0.63,-1.43,-0.51,64.35,34.20,52.50,33.64,15.13,985.76,-38.06,157.50,-726.25,-148.75,1,53.321,"
1784218613.7939553,"01/01/2000,04:44:34.95,-1044.92,-10.74,36.13,1.56,-1.48,-0.06,65.70,32.40,51.60,33.49,15.01,985.64,-38.19,402.50,-621.25,-280.0,1,53.321,"
1784218613.8106573,"01/01/2000,04:44:34.97,-1009.77,-23.44,-14.65,0.40,-0.73,0.95,65.70,34.05,51.60,33.49,14.88,985.76,-38.43,315.0,-770.0,-236.25,1,53.321,"
1784218613.8484905,"01/01/2000,04:44:35.01,-1021.48,-35.64,30.27,-0.37,0.16,-0.63,63.15,34.65,55.20,33.49,15.13,986.00,-38.31,201.25,-735.0,-236.25,1,53.321,"
1784218613.8706818,"01/01/2000,04:44:35.03,-996.09,-19.04,9.28,-0.61,-0.12,1.78,65.40,33.0,51.0,33.35,15.13,985.76,-38.31,297.50,-630.0,-175.0,1,53.321,"
1784218613.887749,"01/01/2000,04:44:35.04,-1023.44,-47.36,44.43,1.11,-0.93,1.90,64.65,34.20,52.50,33.35,14.88,985.64,-38.43,166.25,-638.75,-315.0,1,53.321,"
1784218613.910799,"01/01/2000,04:44:35.07,-1021.00,-27.83,7.81,0.16,-0.16,-0.27,63.90,31.80,54.0,33.49,15.13,985.88,-38.55,245.0,-743.75,-183.75,1,53.321,"
1784218613.9272938,"01/01/2000,04:44:35.09,-1035.64,-24.41,42.48,1.22,-0.98,0.60,64.50,32.40,52.65,33.44,15.13,986.00,-38.55,122.50,-630.0,-306.25,1,53.321,"
1784218613.9543762,"01/01/2000,04:44:35.11,-995.61,-42.97,41.02,-0.10,-1.0,0.75,64.95,31.20,51.90,33.44,15.13,985.88,-38.55,271.25,-717.50,-192.50,1,53.321,"
1784218613.968914,"01/01/2000,04:44:35.13,-1029.79,-22.46,1.46,-1.50,-0.37,-0.67,63.75,32.85,52.35,33.59,15.13,985.64,-38.67,332.50,-621.25,-210.0,1,53.321,"
1784218613.986042,"01/01/2000,04:44:35.15,-1009.77,5.86,-10.25,0.96,0.16,-0.42,64.65,33.45,52.95,33.44,14.88,985.76,-38.55,271.25,-796.25,-183.75,1,53.321,"
1784218614.0049484,"01/01/2000,04:44:35.16,-1011.23,-3.42,-11.72,0.28,-0.04,1.45,66.45,35.25,53.10,33.49,15.25,986.00,-38.43,140.0,-463.75,-227.50,1,53.321,"
1784218614.0220091,"01/01/2000,04:44:35.18,-996.09,-34.18,61.04,0.40,0.09,0.48,63.90,33.45,52.95,33.35,15.25,985.76,-38.43,192.50,-848.75,-367.50,1,53.321,"
1784218614.0443254,"01/01/2000,04:44:35.20,-1007.81,-32.23,33.20,0.78,-0.96,-0.34,66.30,32.55,52.20,33.35,15.37,985.39,-38.80,140.0,-708.75,-210.0,1,53.321,"
1784218614.059118,"01/01/2000,04:44:35.22,-999.02,-0.49,11.72,1.32,-0.12,1.05,65.25,33.15,51.90,33.30,15.25,985.39,-38.67,350.0,-568.75,-393.75,1,53.321,"
1784218614.0709634,"01/01/2000,04:44:35.24,-1043.46,-32.23,47.36,0.73,-1.0,-0.98,66.45,32.40,51.90,33.35,15.13,986.00,-38.55,183.75,-787.50,-192.50,1,53.321,"
1784218614.093742,"01/01/2000,04:44:35.25,-1010.25,-29.79,39.06,-2.29,2.09,0.06,66.45,32.40,51.90,33.64,15.01,986.00,-38.43,157.50,-560.0,-262.50,1,53.321,"
1784218614.1136608,"01/01/2000,04:44:35.27,-1014.16,-38.09,16.60,0.08,-0.94,-0.55,63.75,32.85,52.35,33.44,15.13,986.00,-38.55,113.75,-805.0,-210.0,1,53.321,"
1784218614.1329482,"01/01/2000,04:44:35.29,-1023.44,-41.50,83.50,-2.10,-0.95,-0.47,64.35,32.25,52.20,33.64,15.13,985.52,-38.67,175.0,-638.75,-192.50,1,53.321,"
1784218614.1503954,"01/01/2000,04:44:35.31,-1009.77,-32.71,65.92,-1.74,-1.73,-2.24,64.65,32.25,52.50,33.59,14.88,985.76,-38.67,166.25,-586.25,-253.75,1,53.321,"
1784218614.1673806,"01/01/2000,04:44:35.33,-1019.04,-4.88,-9.28,0.24,-2.92,1.84,64.05,31.65,51.15,33.35,14.88,985.76,-38.80,192.50,-665.0,-227.50,1,53.321,"
1784218614.2042465,"01/01/2000,04:44:35.36,-1009.28,-21.48,-20.02,-0.36,-0.61,0.15,63.90,32.25,53.70,33.59,15.25,985.76,-38.80,201.25,-647.50,-157.50,1,53.321,"
1784218614.2279205,"01/01/2000,04:44:35.38,-1047.85,-40.04,49.32,0.36,1.18,-1.50,65.70,32.85,51.90,33.44,15.01,985.88,-38.80,183.75,-612.50,-245.0,1,53.321,"
1784218614.2437537,"01/01/2000,04:44:35.40,-985.84,-36.13,-17.09,0.28,1.18,-1.06,64.65,33.75,51.75,33.64,14.88,985.88,-38.55,17.50,-665.0,-105.0,1,53.321,"
1784218614.2606544,"01/01/2000,04:44:35.42,-972.66,-16.11,-25.39,1.31,0.70,-1.66,65.10,32.25,52.50,33.44,14.88,986.00,-38.55,61.25,-621.25,-385.0,1,53.321,"
1784218614.2775602,"01/01/2000,04:44:35.44,-1009.28,-71.78,34.18,-1.56,0.85,0.15,65.25,33.15,53.40,33.44,14.64,985.88,-38.55,-61.25,-656.25,-402.50,1,53.321,"
1784218614.2953508,"01/01/2000,04:44:35.45,-1017.58,-15.63,36.62,0.44,1.47,-0.78,65.25,33.15,53.40,33.68,14.88,985.64,-38.67,253.75,-472.50,-280.0,1,53.321,"
1784218614.333353,"01/01/2000,04:44:35.49,-1026.37,-27.34,48.83,-0.53,0.02,-0.85,65.10,33.45,52.20,33.44,14.76,985.64,-38.43,113.75,-717.50,-253.75,1,53.321,"
1784218614.3686912,"01/01/2000,04:44:35.53,-1022.95,-17.58,25.88,0.41,-2.64,-1.08,65.40,33.45,52.95,33.59,15.01,986.13,-38.06,-17.50,-813.75,-236.25,1,53.321,"
1784218614.414028,"01/01/2000,04:44:35.57,-1008.30,-37.60,92.77,-0.89,0.32,1.47,65.70,32.85,51.90,33.25,15.01,985.52,-39.04,227.50,-708.75,-87.50,1,53.321,"
1784218614.4349413,"01/01/2000,04:44:35.59,-1053.22,-34.67,45.90,-1.82,-1.63,0.87,64.95,32.40,53.40,33.44,14.64,985.64,-38.43,236.25,-542.50,-253.75,1,53.321,"
1784218614.4610744,"01/01/2000,04:44:35.61,-1044.43,-17.09,7.81,-0.99,0.15,0.76,65.10,32.25,54.75,33.35,15.25,986.13,-38.06,183.75,-595.0,-218.75,1,53.321,"
1784218614.4908342,"01/01/2000,04:44:35.65,-988.77,-59.57,-54.69,3.30,-0.30,-1.04,64.95,31.20,53.10,33.44,15.13,984.66,-36.48,1041.25,-726.25,-201.25,1,53.321,"
1784218614.5106502,"01/01/2000,04:44:35.67,-995.61,25.39,-41.02,0.98,-1.27,-1.47,64.50,32.40,51.90,33.59,15.37,985.27,-34.77,525.0,-52.50,-288.75,1,53.321,"
1784218614.5273693,"01/01/2000,04:44:35.69,-1010.74,2.44,-12.70,-0.34,-2.40,0.24,63.90,34.20,53.25,33.49,15.13,983.56,-33.92,1706.25,-315.0,-210.0,1,53.321,"
1784218614.5464377,"01/01/2000,04:44:35.71,-1005.86,-7.32,7.32,3.05,-2.37,1.63,63.75,32.40,51.90,33.25,14.88,984.05,-33.18,1995.0,-743.75,-245.0,1,53.321,"
1784218614.563288,"01/01/2000,04:44:35.72,-1010.74,-42.97,-6.84,1.50,-1.56,-2.40,64.50,32.85,52.35,33.30,15.49,985.27,-32.45,1636.25,-525.0,-43.75,1,53.321,"
1784218614.5801308,"01/01/2000,04:44:35.74,-1013.67,-25.39,5.37,1.71,-3.44,2.58,63.90,32.55,53.25,33.64,15.37,984.54,-32.45,2616.25,-87.50,-253.75,1,53.321,"
1784218614.6042573,"01/01/2000,04:44:35.76,-1012.21,9.28,-60.55,2.56,-3.52,1.84,64.65,34.95,51.30,33.49,15.13,984.42,-30.87,3368.75,-752.50,-113.75,1,53.321,"
1784218614.6192598,"01/01/2000,04:44:35.78,-1038.09,0.98,4.39,-0.63,-4.22,2.77,65.10,32.25,51.75,32.97,15.13,984.54,-29.04,3552.50,-420.0,-358.75,1,53.321,"
1784218614.644002,"01/01/2000,04:44:35.80,-1022.95,-25.39,28.81,1.66,-1.07,-1.01,64.50,33.15,53.10,33.35,15.01,985.03,-28.06,2983.75,-840.0,-131.25,1,53.321,"
1784218614.6589556,"01/01/2000,04:44:35.82,-1001.46,-30.27,45.41,2.47,-2.66,-0.08,66.0,31.20,53.85,33.35,14.52,985.52,-30.74,2957.50,-1382.50,-201.25,1,53.321,"
1784218614.6929414,"01/01/2000,04:44:35.85,-997.07,-36.62,106.93,1.41,-1.19,-1.08,65.25,33.15,52.35,33.35,13.66,984.54,-33.67,2196.25,-2380.0,140.0,1,53.321,"
1784218614.7107067,"01/01/2000,04:44:35.87,-1058.59,-15.14,71.78,3.18,-3.73,-1.62,65.70,32.85,52.65,33.49,13.66,985.27,-33.55,1513.75,-2397.50,-87.50,1,53.321,"
1784218614.7282443,"01/01/2000,04:44:35.89,-987.30,-34.18,69.34,1.29,-2.18,0.20,64.05,31.65,51.90,33.44,14.88,988.44,-35.50,1242.50,-2178.75,-8.75,1,53.321,"
1784218614.766119,"01/01/2000,04:44:35.92,-983.89,-26.86,3.42,2.05,-1.48,0.08,63.75,33.60,53.85,33.49,15.86,986.61,-37.33,1163.75,-1802.50,-113.75,1,53.321,"
1784218614.7817903,"01/01/2000,04:44:35.94,-1019.04,-13.18,56.64,1.01,-1.04,-0.16,64.95,33.15,53.10,33.49,15.62,984.30,-40.02,962.50,-1863.75,-122.50,1,53.321,"
1784218614.804083,"01/01/2000,04:44:35.96,-1026.86,-43.95,-43.46,4.45,-0.60,0.53,64.50,32.40,52.35,33.59,14.52,984.05,-43.55,1373.75,-2371.25,-122.50,1,53.321,"
1784218614.8221078,"01/01/2000,04:44:35.98,-1030.76,-30.76,0.98,-0.21,-2.38,0.56,64.05,33.60,53.10,33.49,14.52,985.88,-44.41,1277.50,-2100.0,-113.75,1,53.321,"
1784218614.839663,"01/01/2000,04:44:36.00,-994.63,-64.45,115.23,-0.44,-2.62,3.25,64.65,31.80,52.20,33.59,15.25,987.22,-43.92,498.75,-1601.25,-140.0,1,53.321,"
1784218614.8606017,"01/01/2000,04:44:36.02,-1024.90,-41.02,94.24,0.60,-3.01,0.22,64.95,34.05,53.40,33.35,16.59,987.35,-45.26,280.0,-901.25,-87.50,1,53.321,"
1784218614.8774178,"01/01/2000,04:44:36.04,-1013.67,-20.02,68.85,2.26,-0.91,0.31,64.95,33.15,53.40,33.44,17.20,986.49,-46.97,813.75,-358.75,-70.0,1,53.321,"
1784218614.8953502,"01/01/2000,04:44:36.05,-1009.77,-37.60,31.74,-0.96,-1.27,0.64,64.95,33.15,53.40,33.35,16.59,986.37,-47.34,691.25,-227.50,-192.50,1,53.321,"
1784218614.924977,"01/01/2000,04:44:36.07,-1041.99,-9.77,100.59,-2.23,2.15,-1.13,63.90,32.25,54.0,33.59,15.37,986.49,-46.85,393.75,-735.0,-262.50,1,53.321,"
1784218614.947396,"01/01/2000,04:44:36.10,-1024.41,-55.66,44.43,0.11,-0.19,1.03,62.40,32.25,54.0,33.44,16.23,987.71,-47.95,-175.0,148.75,-393.75,1,53.321,"
1784218614.9620407,"01/01/2000,04:44:36.12,-979.49,-16.11,-26.37,-1.85,0.33,-0.44,65.70,34.35,52.35,33.49,18.79,986.74,-45.26,-577.50,2695.0,-245.0,1,53.321,"
1784218614.9775,"01/01/2000,04:44:36.14,-997.07,-44.43,22.95,1.98,-0.11,-0.18,64.35,33.0,54.0,33.35,15.01,983.08,-50.26,1260.0,-96.25,-271.25,1,53.321,"
1784218614.9939203,"01/01/2000,04:44:36.15,-1000.98,-30.27,30.76,2.43,0.10,0.21,64.50,33.60,53.10,33.49,13.66,984.30,-51.24,87.50,-2100.0,-87.50,1,53.321,"
1784218615.0150795,"01/01/2000,04:44:36.17,-1004.88,-30.76,56.64,-0.01,1.17,-1.20,63.60,31.80,53.25,33.35,13.91,981.61,-53.68,953.75,-1330.0,-105.0,1,53.321,"
1784218615.0327234,"01/01/2000,04:44:36.19,-1026.86,-20.02,31.74,1.67,-1.05,1.01,64.95,33.15,53.10,33.35,13.91,982.59,-52.09,813.75,-726.25,-262.50,1,53.321,"
1784218615.0484166,"01/01/2000,04:44:36.21,-1009.77,-40.04,14.65,-1.21,1.06,-2.55,63.30,31.95,52.35,33.49,15.01,986.00,-47.95,-70.0,-411.25,-166.25,1,53.321,"
1784218615.0605855,"01/01/2000,04:44:36.23,-1017.58,5.86,-32.71,0.68,-0.31,2.26,65.10,33.0,53.70,33.59,16.35,987.59,-48.19,481.25,-201.25,-218.75,1,53.321,"
1784218615.0876596,"01/01/2000,04:44:36.25,-999.51,-16.11,4.39,1.48,-0.28,-0.59,65.10,33.0,53.25,33.35,15.98,987.83,-49.53,61.25,-568.75,-315.0,1,53.321,"
1784218615.1214797,"01/01/2000,04:44:36.28,-1043.95,-12.70,18.55,-2.90,1.39,1.47,65.25,32.85,53.40,33.49,14.88,983.32,-50.75,472.50,-70.0,-420.0,1,53.321,"
1784218615.137656,"01/01/2000,04:44:36.30,-1001.46,-18.55,-9.28,1.88,0.21,0.67,65.10,32.55,52.20,33.35,15.01,984.66,-51.12,-8.75,-332.50,-192.50,1,53.321,"
1784218615.160755,"01/01/2000,04:44:36.32,-1025.39,-15.63,-43.95,0.27,0.75,1.83,63.15,34.20,53.70,33.44,15.13,985.52,-52.22,577.50,-411.25,-411.25,1,53.321,"
1784218615.1774611,"01/01/2000,04:44:36.34,-1009.77,-9.28,49.80,3.04,0.05,0.21,63.90,32.55,53.25,33.49,15.74,985.52,-51.00,113.75,-586.25,-166.25,1,53.321,"
1784218615.194022,"01/01/2000,04:44:36.35,-1017.58,-7.32,-35.64,0.73,2.77,-1.35,64.35,33.45,54.0,33.64,16.10,984.30,-49.17,376.25,-420.0,-218.75,1,53.321,"
1784218615.2152123,"01/01/2000,04:44:36.37,-1031.74,-22.95,-0.98,0.69,0.18,0.01,64.95,34.05,52.65,33.49,15.37,985.52,-48.31,26.25,-70.0,-420.0,1,53.321,"
1784218615.2317853,"01/01/2000,04:44:36.39,-1013.18,-5.86,40.53,0.18,1.28,0.96,64.05,31.95,52.65,33.59,15.13,986.74,-48.92,-105.0,-35.0,-315.0,1,53.321,"
1784218615.2491636,"01/01/2000,04:44:36.41,-1035.64,7.81,2.44,0.17,-1.02,-1.64,65.25,32.85,51.15,33.25,14.88,986.25,-50.75,323.75,-306.25,-437.50,1,53.321,"
1784218615.2608063,"01/01/2000,04:44:36.43,-1004.39,-29.79,11.23,0.20,-0.36,1.04,64.50,32.85,53.40,33.44,15.62,985.03,-50.87,61.25,-315.0,-288.75,1,53.321,"
1784218615.2876828,"01/01/2000,04:44:36.45,-1010.25,-27.34,59.57,-1.18,-0.22,0.13,64.35,33.0,53.70,33.35,15.98,983.81,-50.75,8.75,-52.50,-175.0,1,53.321,"
1784218615.3205743,"01/01/2000,04:44:36.48,-1008.79,-4.88,42.48,2.63,0.55,1.95,64.50,32.85,53.10,33.64,14.76,986.00,-51.24,43.75,-192.50,-358.75,1,53.321,"
1784218615.3378189,"01/01/2000,04:44:36.50,-1003.91,-27.34,32.71,1.64,0.06,-0.27,64.95,32.85,53.10,33.59,14.88,985.52,-51.24,8.75,-192.50,-358.75,1,53.321,"
1784218615.359319,"01/01/2000,04:44:36.52,-1023.44,2.44,27.83,-0.38,1.03,1.61,64.65,31.35,52.95,33.44,15.25,984.54,-50.51,568.75,-315.0,-280.0,1,53.321,"
1784218615.3773167,"01/01/2000,04:44:36.54,-1022.95,-28.81,50.78,2.03,-1.96,1.34,63.90,32.25,54.0,33.59,14.88,986.25,-49.65,245.0,-682.50,-157.50,1,53.321,"
1784218615.3940387,"01/01/2000,04:44:36.55,-998.05,-32.71,66.41,-0.27,0.50,2.94,62.70,33.45,52.50,33.35,14.64,987.47,-49.78,490.0,-971.25,-262.50,1,53.321,"
1784218615.4317296,"01/01/2000,04:44:36.59,-1009.77,-21.48,75.20,0.73,-0.50,0.11,63.15,31.80,52.95,33.64,15.37,983.20,-50.14,166.25,-297.50,-367.50,1,53.321,"
1784218615.4605842,"01/01/2000,04:44:36.61,-1032.23,-33.69,17.58,-2.17,2.25,-1.01,65.10,33.0,51.75,33.44,14.88,983.20,-51.12,420.0,-805.0,-183.75,1,53.321,"
1784218615.473525,"01/01/2000,04:44:36.64,-1025.88,-7.32,48.83,-1.21,0.71,1.48,63.60,32.55,52.95,33.25,15.25,985.39,-50.75,52.50,-726.25,-376.25,1,53.321,"
1784218615.5158072,"01/01/2000,04:44:36.67,-1007.32,-41.50,101.56,-2.42,-1.73,-0.75,61.20,29.40,55.50,33.35,15.86,984.30,-51.85,183.75,-323.75,-280.0,1,53.321,"
1784218615.5273423,"01/01/2000,04:44:36.69,-1014.65,-23.93,-5.37,0.67,1.09,-1.80,65.40,34.65,52.20,33.49,15.62,983.81,-51.73,420.0,-673.75,-183.75,1,53.321,"
1784218615.5512931,"01/01/2000,04:44:36.71,-1012.21,-19.53,15.63,-2.96,-0.31,-1.32,64.65,31.80,54.0,33.25,15.49,985.27,-50.14,236.25,-393.75,-332.50,1,53.321,"
1784218615.588021,"01/01/2000,04:44:36.75,-990.72,-31.74,68.85,0.34,-2.23,-1.10,63.90,33.45,52.95,33.35,15.49,985.52,-51.36,78.75,-735.0,-367.50,1,53.321,"
1784218615.6039515,"01/01/2000,04:44:36.76,-1035.16,-0.49,36.13,2.07,-0.62,-0.95,62.70,31.80,52.20,33.35,15.49,984.54,-52.22,297.50,-673.75,-262.50,1,53.321,"
1784218615.6274643,"01/01/2000,04:44:36.79,-1011.23,-30.76,42.48,-0.23,0.76,-1.18,63.15,33.0,52.50,33.16,15.13,985.03,-51.85,105.0,-726.25,-245.0,1,53.321,"
1784218615.644059,"01/01/2000,04:44:36.80,-1035.16,-6.35,23.93,-2.14,0.38,0.95,61.20,33.45,54.0,33.35,15.25,986.00,-52.46,192.50,-437.50,-367.50,1,53.321,"
1784218615.6607022,"01/01/2000,04:44:36.82,-1010.25,-49.80,91.80,-1.74,0.30,0.84,64.50,33.15,50.85,33.49,15.74,985.15,-52.22,315.0,-472.50,-288.75,1,53.321,"
1784218615.6877356,"01/01/2000,04:44:36.84,-1013.18,-19.53,-10.74,-0.82,-0.25,-2.74,63.75,33.15,51.90,33.16,16.10,984.05,-50.51,175.0,-315.0,-253.75,1,53.321,"
1784218615.6997683,"01/01/2000,04:44:36.86,-1032.23,-15.14,39.06,-1.57,0.40,1.73,63.90,31.80,54.75,33.64,15.74,983.44,-49.78,332.50,-455.0,-122.50,1,53.321,"
1784218615.7148788,"01/01/2000,04:44:36.88,-1019.53,-31.74,101.07,-2.0,-1.59,-0.92,63.15,33.45,53.25,33.44,15.13,985.03,-49.17,455.0,-376.25,-297.50,1,53.321,"
1784218615.7273383,"01/01/2000,04:44:36.89,-1007.81,-17.09,0.98,-1.81,0.54,1.38,63.0,34.05,51.60,33.44,15.13,987.59,-49.04,-122.50,-525.0,-288.75,1,53.321,"
1784218615.7552874,"01/01/2000,04:44:36.91,-1016.11,-27.83,39.55,0.37,1.60,0.01,62.70,34.65,52.95,33.44,15.25,986.37,-51.36,-52.50,-770.0,-367.50,1,53.321,"
1784218615.7722962,"01/01/2000,04:44:36.93,-1007.32,-20.51,-20.51,1.37,-1.19,-1.01,64.50,32.85,51.60,33.16,15.49,983.08,-53.92,350.0,-717.50,-122.50,1,53.321,"
1784218615.7939255,"01/01/2000,04:44:36.95,-1015.63,-25.39,-29.79,1.08,0.39,0.15,64.05,33.60,51.90,33.49,15.37,982.59,-53.56,192.50,-358.75,-376.25,1,53.321,"
1784218615.804502,"01/01/2000,04:44:36.97,-1024.41,-17.09,-6.35,-0.40,0.40,-0.37,64.35,33.0,52.50,33.44,15.01,984.17,-51.48,0.0,-411.25,-280.0,1,53.321,"
1784218615.8241997,"01/01/2000,04:44:36.98,-1000.98,-9.28,53.22,3.93,0.21,4.02,64.05,33.15,52.65,33.44,14.64,985.52,-51.24,96.25,-927.50,-262.50,1,53.321,"
1784218615.8440356,"01/01/2000,04:44:37.00,-1044.43,-23.93,-7.81,-1.87,0.60,-1.14,63.30,31.95,52.65,33.44,15.25,986.37,-51.12,227.50,-1015.0,-183.75,1,53.321,"
1784218615.8606775,"01/01/2000,04:44:37.02,-1023.44,-2.93,-27.34,-0.95,-1.02,-1.82,62.25,33.15,52.65,33.68,15.62,986.49,-50.51,87.50,-568.75,-236.25,1,53.321,"
1784218615.8798342,"01/01/2000,04:44:37.04,-1026.37,-16.11,-56.15,0.33,-0.56,-1.26,63.0,31.95,52.65,33.35,15.13,985.52,-50.87,560.0,-796.25,-157.50,1,53.321,"
1784218615.90075,"01/01/2000,04:44:37.06,-1025.39,5.86,36.62,-0.98,0.29,0.63,64.05,31.65,53.10,33.25,14.64,986.98,-50.51,323.75,-866.25,-157.50,1,53.321,"
1784218615.9178743,"01/01/2000,04:44:37.08,-1013.18,-28.32,67.38,-0.32,-1.64,-0.58,62.55,32.40,53.10,33.35,15.13,986.49,-51.00,-17.50,-997.50,-315.0,1,53.321,"
1784218615.928218,"01/01/2000,04:44:37.09,-999.02,-28.32,81.05,-1.28,-1.90,-1.42,64.50,31.20,52.65,33.25,15.37,984.17,-52.46,376.25,-831.25,-201.25,1,53.321,"
1784218615.9526114,"01/01/2000,04:44:37.11,-1005.37,-18.07,13.18,0.15,-0.21,2.30,63.0,33.60,52.65,33.35,15.25,982.83,-52.58,236.25,-875.0,-262.50,1,53.321,"
1784218615.9773529,"01/01/2000,04:44:37.14,-1020.51,-4.88,-110.35,3.69,-0.33,2.74,64.35,33.45,52.20,33.30,14.76,983.20,-51.73,315.0,-735.0,-148.75,1,53.321,"
1784218615.994037,"01/01/2000,04:44:37.16,-1026.37,0.0,9.77,-0.09,0.26,-1.84,61.95,32.85,51.60,33.68,14.76,985.88,-51.85,210.0,-945.0,-253.75,1,53.321,"
1784218616.0339262,"01/01/2000,04:44:37.19,-984.86,23.44,-21.00,1.31,0.29,2.11,61.80,33.15,51.90,33.35,15.62,985.88,-50.87,183.75,-665.0,-297.50,1,53.321,"
1784218616.0588996,"01/01/2000,04:44:37.21,-992.68,-10.74,17.09,1.64,-0.10,2.20,63.75,31.65,52.65,33.49,15.37,984.66,-50.39,0.0,-542.50,-288.75,1,53.321,"
1784218616.0708728,"01/01/2000,04:44:37.23,-1003.91,-21.00,94.24,1.22,0.21,-0.51,64.35,31.80,52.50,33.44,15.01,984.30,-51.24,533.75,-866.25,-166.25,1,53.321,"
1784218616.0896955,"01/01/2000,04:44:37.25,-1013.18,-14.16,54.69,-1.52,-0.61,0.05,63.75,32.85,52.35,33.44,15.13,985.27,-51.24,157.50,-682.50,-341.25,1,53.321,"
1784218616.1106975,"01/01/2000,04:44:37.27,-1005.86,-21.48,-0.49,2.91,0.99,1.73,62.55,30.75,54.15,33.44,15.25,986.13,-51.48,26.25,-1023.75,-183.75,1,53.321,"
1784218616.1273017,"01/01/2000,04:44:37.29,-1032.23,-17.09,-19.53,2.64,-1.01,-0.24,62.55,32.85,52.35,33.35,15.86,985.39,-51.97,113.75,-507.50,-367.50,1,53.321,"
1784218616.1621027,"01/01/2000,04:44:37.32,-1008.30,1.95,101.56,-0.12,-1.11,-1.48,63.90,33.0,52.20,33.49,15.49,984.42,-51.97,96.25,-341.25,-332.50,1,53.321,"
1784218616.1814916,"01/01/2000,04:44:37.34,-1015.14,-13.18,74.71,2.03,1.24,2.25,64.65,31.80,52.95,33.59,15.01,985.27,-52.70,420.0,-866.25,-157.50,1,53.321,"
1784218616.193952,"01/01/2000,04:44:37.36,-1024.41,-44.92,-29.30,0.21,0.89,-2.09,63.60,31.80,52.95,33.49,15.13,986.86,-51.97,332.50,-603.75,-253.75,1,53.321,"
1784218616.2171843,"01/01/2000,04:44:37.38,-1000.98,-18.55,14.16,2.33,0.17,-2.14,62.40,33.0,51.0,33.35,15.49,986.37,-50.51,210.0,-638.75,-288.75,1,53.321,"
1784218616.234823,"01/01/2000,04:44:37.39,-1007.32,-32.71,31.74,-0.73,-0.73,2.93,63.0,32.85,50.85,33.35,15.62,984.30,-50.14,271.25,-498.75,-280.0,1,53.321,"
1784218616.2707334,"01/01/2000,04:44:37.43,-1011.72,-14.16,-12.70,-0.17,0.13,-1.58,64.05,32.40,51.90,33.35,15.25,984.54,-51.61,376.25,-507.50,-280.0,1,53.321,"
1784218616.290724,"01/01/2000,04:44:37.45,-1040.53,-6.35,-37.11,0.56,-0.13,0.08,63.75,34.05,51.90,33.49,15.13,985.76,-51.73,122.50,-691.25,-236.25,1,53.321,"
1784218616.310998,"01/01/2000,04:44:37.47,-1019.04,-6.35,37.11,1.63,-0.76,-0.95,62.55,33.60,53.85,33.49,15.86,985.03,-52.34,288.75,-516.25,-87.50,1,53.321,"
1784218616.3281672,"01/01/2000,04:44:37.49,-1031.25,-32.71,15.14,-1.22,0.27,1.21,63.90,32.55,52.20,33.35,15.86,984.05,-52.58,113.75,-358.75,-236.25,1,53.321,"
1784218616.346542,"01/01/2000,04:44:37.51,-1018.55,-47.36,89.84,0.30,-2.76,-0.44,62.55,30.45,52.35,33.44,15.37,983.81,-52.95,105.0,-708.75,-245.0,1,53.321,"
1784218616.3714194,"01/01/2000,04:44:37.52,-1023.93,-36.13,27.34,0.53,0.29,-1.54,63.0,31.95,52.35,33.68,15.25,984.30,-52.46,551.25,-315.0,-315.0,1,53.321,"
1784218616.3833606,"01/01/2000,04:44:37.54,-1001.95,-25.88,54.20,-1.18,1.03,0.95,63.0,32.40,51.15,33.59,14.64,986.25,-49.65,131.25,-980.0,-245.0,1,53.321,"
1784218616.4042861,"01/01/2000,04:44:37.56,-1000.98,-28.81,22.46,-1.61,1.28,1.46,62.40,31.80,51.30,33.44,15.13,986.98,-49.78,-201.25,-831.25,-288.75,1,53.321,"
1784218616.4192367,"01/01/2000,04:44:37.58,-1022.95,-33.20,-15.14,1.20,-0.73,0.93,62.25,31.95,52.65,33.64,15.37,985.88,-51.73,288.75,-700.0,-332.50,1,53.321,"
1784218616.4369507,"01/01/2000,04:44:37.59,-1012.70,-43.95,79.59,-1.46,-1.86,1.02,64.05,32.40,51.90,33.49,15.37,985.03,-52.22,236.25,-647.50,-157.50,1,53.321,"
1784218616.4586945,"01/01/2000,04:44:37.62,-1020.51,-40.53,34.18,0.05,3.50,1.40,63.90,34.20,52.20,33.35,15.13,984.66,-51.73,166.25,-516.25,-262.50,1,53.321,"
1784218616.4712267,"01/01/2000,04:44:37.63,-999.51,-36.62,45.41,0.61,-1.63,-0.15,63.15,34.65,52.50,33.35,15.13,984.54,-52.22,481.25,-761.25,-157.50,1,53.321,"
1784218616.5200717,"01/01/2000,04:44:37.68,-1022.95,20.51,12.70,2.40,-1.66,0.65,62.25,33.60,52.35,33.11,15.62,986.00,-52.95,105.0,-481.25,-280.0,1,53.321,"
1784218616.5377252,"01/01/2000,04:44:37.70,-1023.44,-18.55,15.63,-1.73,-1.39,-0.11,61.65,33.0,51.75,33.25,15.13,984.54,-52.46,411.25,-437.50,-210.0,1,53.321,"
1784218616.5584671,"01/01/2000,04:44:37.72,-1008.79,-41.50,81.05,-0.84,-1.06,0.65,61.80,30.75,54.60,33.59,15.01,985.03,-50.14,-87.50,-700.0,-175.0,1,53.321,"
1784218616.57515,"01/01/2000,04:44:37.73,-1016.11,-25.88,51.27,0.59,-0.87,1.88,63.15,33.0,52.95,33.49,15.37,984.78,-50.02,78.75,-778.75,-245.0,1,53.321,"
1784218616.6141038,"01/01/2000,04:44:37.77,-1022.95,-29.30,52.73,0.11,1.02,0.99,63.30,32.85,52.35,33.64,15.62,985.15,-52.22,-26.25,-507.50,-227.50,1,53.321,"
1784218616.64705,"01/01/2000,04:44:37.81,-1009.77,-9.28,37.60,-0.90,-0.35,-0.55,62.25,32.40,52.35,33.59,15.25,984.17,-52.46,253.75,-490.0,-288.75,1,53.321,"
1784218616.6606498,"01/01/2000,04:44:37.83,-1019.53,-52.25,77.64,0.33,-1.66,-0.92,64.50,32.40,50.85,33.35,15.13,984.78,-51.48,26.25,-577.50,-280.0,1,53.321,"
1784218616.6896932,"01/01/2000,04:44:37.85,-1025.39,-15.14,-11.72,-0.35,-2.18,-0.13,61.80,33.60,53.10,33.59,15.37,985.39,-51.48,236.25,-603.75,-192.50,1,53.321,"
1784218616.70448,"01/01/2000,04:44:37.86,-1014.65,-11.72,-21.00,-0.70,-0.48,-1.27,62.55,32.40,51.60,33.59,15.37,984.91,-53.19,341.25,-516.25,-288.75,1,53.321,"
1784218616.7253075,"01/01/2000,04:44:37.88,-1004.39,-38.09,59.57,-1.24,1.06,-0.34,62.70,31.80,52.20,33.25,15.01,984.78,-53.19,481.25,-481.25,-350.0,1,53.321,"
1784218616.7434084,"01/01/2000,04:44:37.90,-1033.69,-33.20,17.09,1.63,-1.68,-2.44,63.15,32.25,52.95,33.49,14.40,985.64,-51.12,262.50,-813.75,-218.75,1,53.321,"
1784218616.7606952,"01/01/2000,04:44:37.92,-1013.67,-50.29,52.73,-1.30,1.92,-2.30,63.15,32.25,52.95,33.49,14.40,985.76,-49.65,315.0,-997.50,-323.75,1,53.321,"
1784218616.7772377,"01/01/2000,04:44:37.94,-1013.18,7.81,26.37,-0.86,-2.50,-0.15,63.60,33.75,52.95,33.35,15.01,985.76,-49.29,183.75,-936.25,-262.50,1,53.321,"
1784218616.7939754,"01/01/2000,04:44:37.96,-1024.41,-0.98,12.70,0.90,2.53,0.11,62.25,32.85,52.35,33.59,15.25,984.91,-51.61,131.25,-735.0,-122.50,1,53.321,"
1784218616.832959,"01/01/2000,04:44:37.99,-990.72,-20.51,66.89,0.44,0.92,-0.46,63.30,33.60,51.15,33.11,14.88,984.78,-52.83,288.75,-770.0,-131.25,1,53.321,"
1784218616.859632,"01/01/2000,04:44:38.01,-1034.67,0.98,48.83,-0.50,1.25,1.77,62.55,32.40,51.60,33.59,14.40,985.76,-51.73,358.75,-936.25,-341.25,1,53.321,"
1784218616.8728855,"01/01/2000,04:44:38.03,-1005.37,-4.39,-30.27,0.69,1.42,-1.89,63.30,33.60,53.10,33.59,15.25,986.25,-52.46,131.25,-1146.25,-8.75,1,53.321,"
1784218616.887743,"01/01/2000,04:44:38.05,-1009.28,-19.04,59.08,-0.92,0.44,-0.24,60.0,32.25,54.75,33.49,15.37,984.54,-54.66,140.0,-577.50,-245.0,1,53.321,"
1784218616.9222739,"01/01/2000,04:44:38.08,-1020.02,-16.60,49.32,0.21,-0.34,-2.14,63.15,30.60,52.20,33.35,14.64,983.93,-52.46,516.25,-577.50,-341.25,1,53.321,"
1784218616.961321,"01/01/2000,04:44:38.12,-1010.74,-17.58,21.97,0.91,1.75,0.54,62.25,33.15,51.15,33.49,15.13,985.39,-50.87,350.0,-1067.50,-262.50,1,53.321,"
1784218616.984149,"01/01/2000,04:44:38.14,-1027.83,-34.18,105.47,-0.03,-1.76,0.29,63.75,33.60,53.10,33.16,15.62,984.42,-53.07,490.0,-910.0,-183.75,1,53.321,"
1784218617.0045085,"01/01/2000,04:44:38.15,-1024.41,-25.39,43.46,1.20,0.02,-0.05,62.25,32.85,52.65,33.25,15.13,984.05,-54.29,437.50,-752.50,-17.50,1,53.321,"
1784218617.02523,"01/01/2000,04:44:38.18,-1015.14,12.21,7.81,1.66,0.08,-1.51,61.05,32.40,56.10,33.35,14.64,985.64,-52.46,472.50,-848.75,-341.25,1,53.321,"
1784218617.0442135,"01/01/2000,04:44:38.21,-1010.74,-0.98,-0.49,1.21,0.53,0.92,61.95,30.60,51.30,33.30,15.13,985.88,-51.12,70.0,-1032.50,-280.0,1,53.321,"
1784218617.0606885,"01/01/2000,04:44:38.22,-1025.88,-31.25,29.79,0.58,-0.25,1.67,63.0,33.15,53.10,33.59,15.62,984.78,-51.97,367.50,-1041.25,-218.75,1,53.321,"
1784218617.0887132,"01/01/2000,04:44:38.24,-1039.55,-24.41,45.90,-0.22,-0.73,-2.95,63.60,33.75,52.50,33.64,15.13,984.66,-53.92,490.0,-603.75,-201.25,1,53.321,"
1784218617.1187944,"01/01/2000,04:44:38.28,-1023.93,-17.58,12.70,-0.15,0.65,-0.40,61.95,33.0,52.20,33.49,14.64,986.49,-51.61,358.75,-962.50,-96.25,1,53.321,"
1784218617.1272922,"01/01/2000,04:44:38.30,-1009.77,-7.32,2.44,-0.56,0.67,-1.82,64.05,33.15,51.60,33.30,15.37,986.49,-51.61,-245.0,-971.25,-87.50,1,53.321,"
1784218617.1622384,"01/01/2000,04:44:38.32,-1022.46,-33.69,61.52,-1.05,-0.04,0.02,63.0,31.95,51.60,33.59,16.23,984.91,-56.49,-17.50,-315.0,-192.50,1,53.321,"
1784218617.1774595,"01/01/2000,04:44:38.33,-1028.81,-31.74,106.93,-0.56,-0.53,-0.66,63.15,32.25,51.30,33.30,15.62,984.78,-60.88,-166.25,-271.25,-227.50,1,53.321,"
1784218617.191652,"01/01/2000,04:44:38.35,-1007.32,-20.51,3.42,0.84,-0.30,0.37,61.95,34.20,51.75,33.35,14.64,984.78,-63.32,-105.0,-498.75,-288.75,1,53.321,"
1784218617.230821,"01/01/2000,04:44:38.39,-1028.32,-22.46,9.28,2.02,1.69,-1.13,61.35,33.60,51.60,33.78,15.25,985.03,-59.66,-105.0,-831.25,-306.25,1,53.321,"
1784218617.2483723,"01/01/2000,04:44:38.41,-1000.49,-27.34,2.93,0.24,1.37,0.04,61.35,33.60,50.85,33.35,15.74,985.27,-59.54,-288.75,-568.75,-218.75,1,53.321,"
1784218617.2708352,"01/01/2000,04:44:38.42,-1012.70,-19.53,-2.44,0.21,1.49,1.21,62.40,33.0,51.30,33.25,15.37,984.78,-62.71,-157.50,-376.25,-332.50,1,53.321,"
1784218617.287754,"01/01/2000,04:44:38.45,-1000.49,-38.57,5.86,0.50,2.04,-1.06,62.55,32.85,51.90,33.35,14.88,985.27,-65.88,-358.75,-420.0,-350.0,1,53.321,"
1784218617.3212302,"01/01/2000,04:44:38.48,-1019.53,-10.74,-72.27,0.77,-0.05,1.67,63.0,31.20,51.15,33.35,15.37,984.17,-65.51,-70.0,-743.75,-201.25,1,53.321,"
1784218617.3374484,"01/01/2000,04:44:38.50,-1017.09,-7.81,-40.04,1.92,1.03,-0.61,63.15,31.35,52.50,33.59,15.86,984.30,-62.22,-411.25,-393.75,-341.25,1,53.321,"
1784218617.359444,"01/01/2000,04:44:38.52,-987.79,-42.48,179.20,-0.13,-0.02,0.96,62.25,33.15,52.65,33.35,15.62,984.78,-60.15,-183.75,-192.50,-218.75,1,53.321,"
1784218617.3780117,"01/01/2000,04:44:38.54,-1003.42,-1.46,9.77,-0.01,1.44,-1.40,60.90,33.0,52.95,33.49,14.88,986.49,-59.29,-437.50,-577.50,-175.0,1,53.321,"
1784218617.4109411,"01/01/2000,04:44:38.57,-1019.04,-21.97,28.32,0.82,0.21,-1.19,61.35,32.40,52.35,33.11,15.13,982.10,-61.61,323.75,-463.75,-210.0,1,53.321,"
1784218617.4318562,"01/01/2000,04:44:38.59,-1032.23,1.46,65.43,-0.08,1.82,-1.66,62.40,31.35,51.75,33.49,15.13,986.13,-55.14,-691.25,-428.75,-350.0,1,53.321,"
1784218617.448489,"01/01/2000,04:44:38.61,-990.72,-39.55,62.50,1.54,-0.05,-0.37,62.70,33.75,52.20,33.44,15.37,986.25,-54.17,-463.75,-428.75,-245.0,1,53.321,"
1784218617.4668007,"01/01/2000,04:44:38.63,-1006.84,-9.77,29.79,-1.11,-1.88,-1.06,63.15,31.80,52.50,33.35,15.37,984.17,-55.88,271.25,-420.0,-227.50,1,53.321,"
1784218617.487829,"01/01/2000,04:44:38.65,-1032.23,-8.30,-39.55,-0.57,-1.12,-2.14,63.15,31.35,52.20,33.64,15.01,985.15,-54.29,-323.75,-761.25,-183.75,1,53.321,"
1784218617.510725,"01/01/2000,04:44:38.66,-997.07,-19.53,73.24,0.70,-1.06,-1.18,62.70,31.35,52.50,33.59,14.76,985.27,-53.68,-17.50,-437.50,-358.75,1,53.321,"
1784218617.527391,"01/01/2000,04:44:38.68,-1020.51,-41.02,71.29,-1.17,0.48,0.02,62.70,34.20,52.50,33.44,15.01,985.64,-53.19,-70.0,-586.25,-262.50,1,53.321,"
1784218617.5475967,"01/01/2000,04:44:38.71,-1005.37,-54.69,68.85,-1.40,0.38,0.13,61.80,31.20,53.40,33.44,15.37,985.27,-52.70,-140.0,-638.75,-227.50,1,53.321,"
1784218617.5872636,"01/01/2000,04:44:38.75,-998.54,-35.64,117.68,-0.02,-1.28,-0.46,63.0,32.85,53.10,33.35,14.88,985.15,-52.09,-26.25,-577.50,-420.0,1,53.321,"
1784218617.6040978,"01/01/2000,04:44:38.76,-1022.95,-12.70,-46.88,-1.18,1.28,-2.02,62.25,32.40,52.35,33.49,14.88,985.39,-51.73,-148.75,-717.50,-218.75,1,53.321,"
1784218617.6230834,"01/01/2000,04:44:38.78,-992.19,-40.53,86.91,1.31,0.24,-0.53,62.25,32.40,52.35,33.44,15.01,985.15,-51.48,-43.75,-857.50,-166.25,1,53.321,"
1784218617.6429353,"01/01/2000,04:44:38.80,-1000.0,-6.35,5.37,1.50,0.34,1.47,63.75,33.60,51.60,33.25,15.37,985.03,-51.36,122.50,-656.25,-175.0,1,53.321,"
1784218617.660693,"01/01/2000,04:44:38.82,-1020.02,-12.70,4.39,-0.06,2.80,1.47,62.55,32.85,53.10,33.59,15.25,985.03,-51.24,-87.50,-411.25,-376.25,1,53.321,"
1784218617.694698,"01/01/2000,04:44:38.85,-1002.44,-23.93,84.47,-0.05,1.95,1.92,61.65,33.45,52.20,33.11,14.76,985.27,-50.75,-201.25,-752.50,-262.50,1,53.321,"
1784218617.7152274,"01/01/2000,04:44:38.88,-1005.37,-37.60,21.48,-1.50,-0.40,-1.40,63.15,32.25,51.75,33.16,15.13,985.27,-50.87,70.0,-630.0,-148.75,1,53.321,"
1784218617.7273066,"01/01/2000,04:44:38.89,-999.51,-19.53,41.99,0.66,-0.01,1.94,63.15,32.25,51.75,33.49,14.88,985.27,-50.75,78.75,-612.50,-297.50,1,53.321,"
1784218617.7553508,"01/01/2000,04:44:38.91,-989.75,-34.18,36.13,-0.66,2.24,1.15,62.25,33.60,51.60,33.35,14.88,985.27,-50.63,78.75,-568.75,-288.75,1,53.321,"
1784218617.778136,"01/01/2000,04:44:38.93,-1026.86,-17.09,28.32,-0.85,0.39,-0.41,62.70,31.80,53.70,33.44,14.64,985.15,-50.51,-26.25,-665.0,-358.75,1,53.321,"
1784218617.7918973,"01/01/2000,04:44:38.95,-992.68,-24.41,91.31,1.70,2.47,2.91,63.0,32.40,51.90,33.49,15.01,985.27,-50.39,-70.0,-638.75,-253.75,1,53.321,"
1784218617.8108978,"01/01/2000,04:44:38.97,-1015.14,-51.76,64.45,1.18,0.04,-1.56,63.60,34.20,51.0,33.11,15.13,985.03,-50.26,52.50,-568.75,-315.0,1,53.321,"
1784218617.8278837,"01/01/2000,04:44:38.98,-1011.72,-27.34,18.55,-0.19,-0.83,2.24,63.60,34.20,51.0,33.11,15.13,985.03,-50.26,78.75,-665.0,-113.75,1,53.321,"
1784218617.8439255,"01/01/2000,04:44:39.00,-1006.35,-23.44,-8.30,2.64,0.29,0.56,62.40,32.55,51.30,33.44,14.88,985.27,-50.14,-8.75,-778.75,-245.0,1,53.321,"
1784218617.8606482,"01/01/2000,04:44:39.02,-992.68,-4.88,50.29,1.21,0.84,-0.60,61.95,33.75,52.95,33.44,15.01,985.27,-50.26,157.50,-682.50,-227.50,1,53.321,"
1784218617.878117,"01/01/2000,04:44:39.04,-1012.70,-16.11,13.18,-0.54,-0.72,-0.19,63.30,32.40,51.15,33.59,15.01,985.27,-50.02,183.75,-673.75,-280.0,1,53.321,"
1784218617.8943698,"01/01/2000,04:44:39.05,-1014.16,-39.55,-52.73,1.51,0.86,0.30,62.40,33.0,51.75,33.44,15.25,985.27,-49.65,0.0,-595.0,-297.50,1,53.321,"
1784218617.9149516,"01/01/2000,04:44:39.07,-1028.32,-7.81,-15.14,0.33,0.39,0.85,63.75,31.20,52.65,33.35,15.13,985.15,-49.65,70.0,-743.75,-253.75,1,53.321,"
1784218617.9273374,"01/01/2000,04:44:39.09,-1001.95,-43.46,56.64,-1.57,1.95,0.02,63.75,31.20,52.65,33.44,15.25,985.27,-49.78,26.25,-638.75,-218.75,1,53.321,"
1784218617.9555128,"01/01/2000,04:44:39.11,-994.63,-24.41,47.85,-2.08,1.05,0.85,61.65,32.55,51.30,33.25,15.13,985.52,-49.65,0.0,-708.75,-245.0,1,53.321,"
1784218617.9876525,"01/01/2000,04:44:39.15,-1017.58,-7.81,-21.97,-0.53,-0.16,-0.06,63.0,32.85,51.15,33.35,14.88,985.15,-49.53,78.75,-735.0,-210.0,1,53.321,"
1784218618.0044947,"01/01/2000,04:44:39.16,-1023.44,-15.63,13.18,0.05,-0.46,1.88,63.15,32.55,52.95,33.35,15.01,985.15,-49.78,70.0,-682.50,-350.0,1,53.321,"
1784218618.0274384,"01/01/2000,04:44:39.18,-1015.14,1.95,2.93,0.22,1.31,2.23,63.15,32.55,52.95,33.59,14.88,985.39,-49.53,8.75,-700.0,-227.50,1,53.321,"
1784218618.0426805,"01/01/2000,04:44:39.20,-1009.28,-1.46,33.69,0.13,-1.28,0.48,63.0,33.15,51.60,33.25,15.01,985.27,-49.53,105.0,-647.50,-236.25,1,53.321,"
1784218618.0608387,"01/01/2000,04:44:39.23,-1017.58,-11.72,-29.79,0.69,1.99,-0.86,61.65,31.05,54.45,33.16,15.01,985.15,-49.41,96.25,-708.75,-192.50,1,53.321,"
1784218618.1045253,"01/01/2000,04:44:39.26,-1018.07,-33.20,15.63,0.52,-0.64,-1.23,61.95,33.45,52.50,33.59,14.88,985.27,-49.53,78.75,-586.25,-306.25,1,53.321,"
1784218618.1260138,"01/01/2000,04:44:39.28,-1011.72,-15.14,-9.28,-0.24,-0.92,0.07,62.40,32.25,51.75,33.49,15.01,985.39,-49.65,-105.0,-735.0,-157.50,1,53.321,"
1784218618.1598358,"01/01/2000,04:44:39.32,-993.65,-15.63,114.75,-1.05,-0.60,0.21,62.25,33.60,51.90,33.35,14.88,985.27,-49.29,87.50,-691.25,-280.0,1,53.321,"
1784218618.1774085,"01/01/2000,04:44:39.34,-1017.58,1.95,0.98,1.33,2.21,0.69,61.95,31.80,51.0,33.25,15.01,985.52,-49.17,113.75,-717.50,-113.75,1,53.321,"
1784218618.19396,"01/01/2000,04:44:39.36,-1036.13,4.88,-8.30,2.11,-0.66,-0.02,62.55,31.95,51.15,33.30,14.88,985.64,-49.29,148.75,-761.25,-183.75,1,53.321,"
1784218618.2328827,"01/01/2000,04:44:39.39,-1011.23,1.46,-18.55,2.53,1.39,0.31,62.25,32.85,51.60,33.49,14.88,985.27,-49.04,122.50,-586.25,-402.50,1,53.321,"
1784218618.255731,"01/01/2000,04:44:39.41,-1012.70,-26.86,-3.91,-0.55,0.66,0.98,63.60,34.20,53.25,33.11,15.01,985.27,-49.17,-8.75,-682.50,-61.25,1,53.321,"
1784218618.2707963,"01/01/2000,04:44:39.43,-1015.63,-16.60,17.58,1.56,1.69,0.36,62.40,31.80,51.30,33.35,14.76,985.15,-49.53,105.0,-665.0,-323.75,1,53.321,"
1784218618.3053627,"01/01/2000,04:44:39.46,-996.58,-5.37,-89.36,1.44,1.50,-1.49,61.95,34.20,53.25,33.25,15.13,985.52,-48.80,-78.75,-743.75,-367.50,1,53.321,"
1784218618.3273032,"01/01/2000,04:44:39.49,-1004.88,7.32,-64.94,2.52,-0.68,0.34,62.55,32.85,52.35,33.49,15.37,985.03,-48.92,78.75,-717.50,-96.25,1,53.321,"
1784218618.3378103,"01/01/2000,04:44:39.50,-1018.07,-14.16,28.81,-0.14,-0.26,1.46,63.60,33.0,52.95,33.30,15.37,985.15,-48.92,70.0,-455.0,-411.25,1,53.321,"
1784218618.3605063,"01/01/2000,04:44:39.52,-1007.32,-14.65,56.64,2.08,-0.27,-0.44,61.20,31.35,52.95,33.59,15.13,985.39,-48.80,35.0,-778.75,-113.75,1,53.321,"
1784218618.3773878,"01/01/2000,04:44:39.54,-1014.65,5.37,104.98,0.16,-0.24,1.21,63.75,33.15,51.90,33.49,15.37,985.52,-48.80,253.75,-778.75,-70.0,1,53.321,"
1784218618.4153047,"01/01/2000,04:44:39.57,-1018.55,-30.27,53.71,-1.59,1.56,1.51,62.70,33.0,52.50,33.44,15.49,985.27,-48.68,-17.50,-595.0,-140.0,1,53.321,"
1784218618.4330308,"01/01/2000,04:44:39.59,-1019.53,-0.49,-28.81,1.47,-1.88,-1.77,62.40,32.55,51.75,33.35,15.01,985.39,-48.80,78.75,-455.0,-358.75,1,53.321,"
1784218618.4501498,"01/01/2000,04:44:39.61,-1009.77,-13.67,5.37,-1.31,-1.69,-0.46,62.40,34.65,52.20,33.44,15.25,985.15,-48.80,122.50,-796.25,-210.0,1,53.321,"
1784218618.4731324,"01/01/2000,04:44:39.63,-985.35,-16.60,9.28,-0.77,-1.23,0.45,63.60,34.65,51.75,33.44,15.13,985.03,-48.92,166.25,-665.0,-420.0,1,53.321,"
1784218618.5044794,"01/01/2000,04:44:39.66,-1003.42,-2.93,15.63,0.43,-1.60,0.07,62.55,33.15,50.10,33.35,15.13,985.39,-48.92,210.0,-595.0,-280.0,1,53.321,"
1784218618.5273385,"01/01/2000,04:44:39.68,-1023.44,-35.64,67.38,-0.76,-1.37,-0.34,61.95,32.25,52.20,33.11,15.13,985.15,-48.92,245.0,-743.75,-157.50,1,53.321,"
1784218618.5377,"01/01/2000,04:44:39.70,-1005.86,-2.44,-55.66,-2.83,0.38,0.43,61.20,31.80,53.70,33.35,15.01,985.39,-48.68,52.50,-612.50,-306.25,1,53.321,"
1784218618.5608742,"01/01/2000,04:44:39.72,-1034.18,-26.37,62.99,0.31,-0.02,-1.63,62.70,31.35,51.75,33.35,15.25,985.52,-49.04,192.50,-726.25,-192.50,1,53.321,"
1784218618.5853634,"01/01/2000,04:44:39.74,-1026.37,-17.09,35.64,-0.05,-3.50,-0.39,62.70,32.25,52.20,33.35,15.13,985.15,-49.04,-43.75,-717.50,-280.0,1,53.321,"
1784218618.6046784,"01/01/2000,04:44:39.77,-1022.46,-24.41,31.74,-1.18,2.34,2.47,61.80,30.75,54.60,33.64,15.13,985.27,-48.80,0.0,-691.25,-210.0,1,53.321,"
1784218618.6252558,"01/01/2000,04:44:39.78,-1004.88,-22.95,54.20,1.76,0.79,-1.74,62.25,33.60,51.90,33.64,14.88,985.52,-48.92,148.75,-665.0,-280.0,1,53.321,"
1784218618.6419575,"01/01/2000,04:44:39.80,-1028.81,-40.04,25.39,-1.49,-1.16,-1.06,63.0,33.15,50.85,33.44,15.01,985.52,-48.92,288.75,-630.0,-192.50,1,53.321,"
1784218618.6607056,"01/01/2000,04:44:39.82,-1045.90,-8.30,-23.93,1.04,-0.66,-1.42,63.30,31.95,52.35,33.35,14.88,985.15,-48.92,210.0,-638.75,-332.50,1,53.321,"
1784218618.6977532,"01/01/2000,04:44:39.86,-1027.34,-35.16,38.09,-3.54,3.47,-0.21,62.55,33.60,51.60,33.35,14.76,985.39,-49.04,183.75,-752.50,-262.50,1,53.321,"
1784218618.7155483,"01/01/2000,04:44:39.87,-1014.16,-10.74,-13.18,2.79,1.04,-1.28,63.15,33.45,51.0,33.68,14.88,985.52,-49.04,297.50,-743.75,-140.0,1,53.321,"
1784218618.727382,"01/01/2000,04:44:39.89,-998.54,1.95,-23.93,1.35,1.57,1.44,61.95,32.55,51.75,33.44,14.64,985.27,-48.92,236.25,-577.50,-306.25,1,53.321,"
1784218618.7565358,"01/01/2000,04:44:39.91,-1046.88,-24.41,70.80,0.54,-0.92,-0.05,62.25,33.60,51.90,33.44,15.01,985.15,-48.92,227.50,-778.75,-70.0,1,53.321,"
1784218618.7877584,"01/01/2000,04:44:39.95,-999.51,-14.16,19.04,-0.27,-0.89,0.60,63.0,32.40,51.15,33.25,14.76,985.52,-48.80,87.50,-700.0,-280.0,1,53.321,"
1784218618.8042674,"01/01/2000,04:44:39.97,-1018.55,-16.60,16.11,3.21,1.67,0.90,63.60,30.60,52.95,33.44,14.88,985.27,-48.56,113.75,-787.50,-236.25,1,53.321,"
1784218618.8252764,"01/01/2000,04:44:39.98,-1004.39,2.44,-58.59,0.15,2.29,-0.29,62.25,33.15,51.90,33.44,15.01,985.52,-48.43,105.0,-577.50,-201.25,1,53.321,"
1784218618.8440223,"01/01/2000,04:44:40.00,-1027.34,-21.48,22.95,-0.01,-0.33,2.65,63.60,33.0,50.55,33.49,14.88,985.76,-48.56,8.75,-603.75,-201.25,1,53.321,"
1784218618.8583355,"01/01/2000,04:44:40.02,-1005.37,-22.46,20.02,0.56,0.31,1.34,62.70,31.80,51.75,33.44,14.64,985.64,-48.80,166.25,-682.50,-245.0,1,53.321,"
1784218618.8805678,"01/01/2000,04:44:40.04,-993.65,-36.13,23.44,0.91,0.05,-2.62,61.65,31.35,52.20,33.49,14.88,985.52,-48.68,183.75,-761.25,-297.50,1,53.321,"
1784218618.904378,"01/01/2000,04:44:40.06,-1034.67,-5.86,20.51,0.15,-1.11,0.0,62.55,31.95,52.35,33.25,14.88,985.39,-48.80,245.0,-612.50,-288.75,1,53.321,"
1784218618.9154186,"01/01/2000,04:44:40.07,-1029.30,-41.99,118.65,-1.11,2.49,1.58,61.95,33.0,51.30,33.25,15.01,985.39,-48.92,122.50,-621.25,-297.50,1,53.321,"
1784218618.9272976,"01/01/2000,04:44:40.09,-1039.55,-29.79,39.06,-0.21,-4.05,2.50,63.15,32.55,51.30,33.25,14.88,985.39,-48.68,183.75,-638.75,-306.25,1,53.321,"
1784218618.9550092,"01/01/2000,04:44:40.11,-1022.46,-25.39,26.86,0.74,1.46,-0.61,62.70,33.0,52.50,33.44,14.64,985.52,-48.56,166.25,-647.50,-253.75,1,53.321,"
1784218618.9708693,"01/01/2000,04:44:40.13,-1002.44,3.42,24.90,-0.24,-0.13,-1.50,61.80,32.85,53.10,33.25,14.88,985.52,-48.80,306.25,-708.75,-227.50,1,53.321,"
1784218619.000368,"01/01/2000,04:44:40.17,-1026.37,-51.76,91.80,-0.40,-0.96,1.93,62.55,31.95,52.35,33.49,15.13,985.39,-48.56,122.50,-673.75,-315.0,1,53.321,"
1784218619.0287693,"01/01/2000,04:44:40.19,-1024.90,-19.53,37.11,1.64,-0.53,-0.24,62.70,33.45,52.95,33.59,15.13,985.27,-48.56,96.25,-778.75,-113.75,1,53.321,"
1784218619.0437722,"01/01/2000,04:44:40.20,-1008.79,-28.32,-22.46,0.44,0.64,0.92,63.0,31.95,52.35,33.44,14.88,985.52,-48.80,183.75,-682.50,-210.0,1,53.321,"
1784218619.0606291,"01/01/2000,04:44:40.22,-1007.32,-7.81,5.86,-1.16,-0.12,0.08,62.70,33.75,51.75,33.44,15.01,985.52,-48.80,35.0,-656.25,-323.75,1,53.321,"
1784218619.0956116,"01/01/2000,04:44:40.24,-997.56,9.28,26.37,0.43,-0.81,0.71,61.35,34.35,52.35,33.35,15.13,985.39,-48.56,131.25,-682.50,-201.25,1,53.321,"
1784218619.107723,"01/01/2000,04:44:40.27,-1028.81,-37.11,76.66,-0.08,0.21,-1.24,64.05,34.05,51.60,33.44,14.88,985.15,-48.56,122.50,-717.50,-105.0,1,53.321,"
1784218619.127441,"01/01/2000,04:44:40.29,-1000.98,-7.32,44.92,1.89,-0.61,2.21,61.80,31.65,51.60,33.44,15.01,985.27,-48.80,192.50,-691.25,-61.25,1,53.321,"
1784218619.1655302,"01/01/2000,04:44:40.32,-1001.95,-10.25,22.95,-2.40,0.46,0.69,62.70,32.25,51.75,33.35,15.01,985.52,-48.56,122.50,-778.75,-166.25,1,53.321,"
1784218619.1822708,"01/01/2000,04:44:40.34,-1005.37,-11.72,2.44,1.27,-2.02,-0.82,62.40,32.55,53.25,33.59,14.76,985.39,-48.56,183.75,-691.25,-323.75,1,53.321,"
1784218619.2043445,"01/01/2000,04:44:40.36,-1016.60,4.88,38.09,1.73,1.25,-0.50,63.15,33.45,51.75,33.49,14.76,985.52,-48.56,70.0,-673.75,-262.50,1,53.321,"
1784218619.2216434,"01/01/2000,04:44:40.38,-1003.42,-23.44,48.34,3.14,-0.27,2.82,60.90,32.25,52.95,33.44,14.64,985.64,-48.56,96.25,-525.0,-183.75,1,53.321,"
1784218619.2557783,"01/01/2000,04:44:40.41,-1009.77,-16.11,-62.50,1.28,2.39,0.37,61.35,33.60,52.65,33.49,14.76,985.52,-48.56,35.0,-691.25,-236.25,1,53.321,"
1784218619.2729173,"01/01/2000,04:44:40.43,-1033.69,-8.79,-42.48,-0.90,-0.54,-0.77,63.90,31.35,49.80,33.35,14.88,985.39,-48.68,-26.25,-603.75,-183.75,1,53.321,"
1784218619.2941055,"01/01/2000,04:44:40.45,-1032.71,-44.92,63.96,-0.66,0.89,0.72,62.40,33.0,50.55,33.11,14.76,985.27,-48.68,175.0,-717.50,-131.25,1,53.321,"
1784218619.310547,"01/01/2000,04:44:40.47,-1017.58,-14.16,1.46,0.05,1.52,0.16,63.15,32.55,51.0,33.49,14.88,985.27,-48.68,113.75,-656.25,-201.25,1,53.321,"
1784218619.327456,"01/01/2000,04:44:40.49,-1003.42,-25.39,84.47,-0.60,-1.18,-0.61,63.0,32.85,52.35,33.64,14.88,985.27,-48.56,192.50,-630.0,-262.50,1,53.321,"
1784218619.345591,"01/01/2000,04:44:40.50,-1019.04,-17.58,6.35,0.05,0.24,0.19,63.75,32.40,51.15,33.35,14.88,985.39,-48.43,210.0,-682.50,-183.75,1,53.321,"
1784218619.3836255,"01/01/2000,04:44:40.54,-1013.67,-44.43,79.59,2.34,0.20,0.39,63.30,33.15,52.35,33.16,15.01,985.64,-49.04,70.0,-665.0,-358.75,1,53.321,"
1784218619.3940203,"01/01/2000,04:44:40.56,-1034.18,24.90,2.93,1.43,1.37,-1.52,62.25,33.15,53.10,33.16,15.13,985.15,-51.24,-192.50,-761.25,-271.25,1,53.321,"
1784218619.4185357,"01/01/2000,04:44:40.58,-1031.25,12.70,-96.19,-0.79,1.18,0.50,63.30,33.15,53.40,33.44,15.13,985.39,-53.68,-61.25,-717.50,-245.0,1,53.321,"
1784218619.44417,"01/01/2000,04:44:40.60,-1024.90,-62.99,79.59,-1.66,-0.10,0.10,63.30,30.45,53.40,33.35,14.88,986.13,-53.68,-656.25,-700.0,-315.0,1,53.321,"
1784218619.458616,"01/01/2000,04:44:40.62,-995.61,18.55,90.82,0.79,-0.17,-1.37,62.25,33.60,50.85,33.44,14.88,985.15,-54.17,-901.25,-813.75,-393.75,1,53.321,"
1784218619.4778342,"01/01/2000,04:44:40.63,-1019.04,-34.18,28.81,0.34,1.13,2.0,63.0,32.85,52.65,33.59,14.88,985.03,-55.14,-822.50,-778.75,-245.0,1,53.321,"
1784218619.4948514,"01/01/2000,04:44:40.65,-1007.81,-27.83,114.75,0.59,4.69,-0.36,61.80,32.40,51.60,33.44,14.88,986.25,-55.75,-1487.50,-700.0,-393.75,1,53.321,"
1784218619.511193,"01/01/2000,04:44:40.67,-1014.65,1.46,40.53,-1.38,3.81,0.65,62.70,32.25,52.20,33.35,15.13,986.49,-56.49,-1890.0,-691.25,-350.0,1,53.321,"
1784218619.5278783,"01/01/2000,04:44:40.69,-1034.67,-20.02,39.06,-0.53,1.12,-2.47,61.20,33.75,50.55,33.59,15.01,986.00,-57.58,-2520.0,-647.50,-280.0,1,53.321,"
1784218619.5475252,"01/01/2000,04:44:40.71,-1005.86,-29.79,39.06,1.21,4.15,0.63,63.60,33.0,52.20,33.49,14.88,986.37,-57.95,-2835.0,-691.25,-323.75,1,53.321,"
1784218619.5699856,"01/01/2000,04:44:40.73,-1003.91,-18.55,1.46,-0.37,4.53,-0.27,63.15,33.0,52.20,33.11,14.88,987.10,-55.63,-3508.75,-507.50,-367.50,1,53.321,"
1784218619.587248,"01/01/2000,04:44:40.74,-1009.28,-23.44,54.20,-2.02,0.65,1.82,63.75,32.85,51.60,33.35,15.01,986.98,-53.68,-3333.75,-271.25,-332.50,1,53.321,"
1784218619.6046329,"01/01/2000,04:44:40.76,-1015.14,-34.67,1.46,-0.68,4.82,0.48,64.35,33.75,51.0,33.44,15.13,986.74,-51.00,-3412.50,-463.75,-358.75,1,53.321,"
1784218619.6359167,"01/01/2000,04:44:40.79,-1018.55,-8.79,36.62,0.89,3.46,2.22,62.40,33.45,49.50,33.64,15.49,986.25,-49.17,-4366.25,-332.50,-288.75,1,53.321,"
1784218619.6528971,"01/01/2000,04:44:40.81,-1008.79,-28.81,25.39,-0.02,3.89,-0.06,61.20,30.15,54.0,33.59,15.25,985.76,-49.53,-4095.0,-201.25,-288.75,1,53.321,"
1784218619.6607244,"01/01/2000,04:44:40.83,-985.35,-21.48,31.25,-0.52,5.71,1.60,61.20,30.15,54.0,33.35,15.13,986.61,-48.07,-3893.75,-122.50,-420.0,1,53.321,"
1784218619.6846647,"01/01/2000,04:44:40.84,-1037.60,-17.58,-15.14,1.73,3.73,2.25,61.65,31.35,50.25,33.16,15.01,987.47,-43.55,-4007.50,-227.50,-376.25,1,53.321,"
1784218619.7113273,"01/01/2000,04:44:40.86,-1013.18,-29.79,20.02,-2.38,3.37,-1.40,62.40,32.25,50.55,33.30,15.49,986.74,-38.67,-4427.50,-157.50,-411.25,1,53.321,"
1784218619.7272973,"01/01/2000,04:44:40.88,-1019.04,-34.18,18.07,-0.21,4.82,1.69,61.20,33.45,50.55,33.44,15.62,985.76,-37.94,-4383.75,122.50,-490.0,1,53.321,"
1784218619.7375443,"01/01/2000,04:44:40.90,-1017.09,-56.15,77.64,-0.90,4.05,0.76,63.0,32.40,51.60,33.35,15.25,985.52,-38.55,-3858.75,446.25,-245.0,1,53.321,"
1784218619.7589903,"01/01/2000,04:44:40.92,-1025.88,-27.83,51.27,-1.30,2.24,2.29,63.75,33.60,50.85,33.35,14.88,985.88,-38.31,-3438.75,385.0,-350.0,1,53.321,"
1784218619.7774992,"01/01/2000,04:44:40.94,-1041.02,-35.64,-5.37,-0.15,3.05,0.39,61.05,30.45,52.65,33.30,15.13,986.00,-35.38,-3447.50,507.50,-428.75,1,53.321,"
1784218619.7939758,"01/01/2000,04:44:40.96,-1021.00,-22.95,57.13,1.54,3.84,0.66,61.05,30.45,52.65,33.59,15.37,986.00,-32.94,-3736.25,402.50,-323.75,1,53.321,"
1784218619.8145375,"01/01/2000,04:44:40.97,-1018.07,14.65,-104.98,0.23,2.62,0.06,63.30,33.60,50.40,33.35,15.13,985.88,-31.96,-3683.75,350.0,-236.25,1,53.321,"
1784218619.8526464,"01/01/2000,04:44:41.01,-1012.70,-0.98,-48.34,1.85,1.76,1.86,63.60,32.55,51.0,33.64,14.15,986.00,-30.01,-2721.25,227.50,-332.50,1,53.321,"
1784218619.872352,"01/01/2000,04:44:41.03,-992.19,-51.76,46.88,-2.36,2.31,-1.18,61.80,33.15,49.35,33.35,14.40,986.49,-27.94,-3228.75,166.25,-332.50,1,53.321,"
1784218619.887216,"01/01/2000,04:44:41.05,-1003.42,-23.44,26.86,-1.17,2.47,0.01,61.80,33.15,49.35,33.35,14.40,985.76,-27.33,-3281.25,17.50,-288.75,1,53.321,"
1784218619.9106946,"01/01/2000,04:44:41.07,-1021.48,-19.53,-8.79,-2.88,1.83,-2.22,62.25,31.65,50.85,33.35,14.15,985.03,-28.06,-2686.25,-8.75,-323.75,1,53.321,"
1784218619.925548,"01/01/2000,04:44:41.09,-1014.16,-20.51,-2.93,0.70,2.45,1.76,63.15,33.45,51.75,33.49,13.66,985.27,-28.30,-2021.25,-201.25,-350.0,1,53.321,"
1784218619.961611,"01/01/2000,04:44:41.12,-1011.72,-32.71,-17.09,1.83,0.08,-1.76,62.40,32.25,49.80,33.35,13.18,985.39,-25.62,-997.50,-927.50,-157.50,1,53.321,"
1784218619.9826107,"01/01/2000,04:44:41.14,-1028.81,-33.69,-34.67,0.27,0.20,1.34,63.0,31.95,50.85,33.35,13.79,984.05,-23.42,-831.25,-1155.0,-183.75,1,53.321,"
1784218619.9939735,"01/01/2000,04:44:41.16,-1027.83,-31.25,13.67,2.31,0.09,-1.93,63.0,31.95,50.85,33.35,13.54,983.69,-24.16,-201.25,-1242.50,-157.50,1,53.321,"
1784218620.0221696,"01/01/2000,04:44:41.18,-1034.67,-6.84,1.95,4.80,-0.54,0.56,62.55,33.15,48.90,33.49,11.59,983.20,-27.45,2152.50,-3692.50,-96.25,1,53.321,"
1784218620.0550518,"01/01/2000,04:44:41.21,-1004.88,-23.93,1.46,-0.71,0.19,-0.81,63.0,33.15,48.15,33.35,15.98,988.32,-20.25,-533.75,-533.75,-175.0,1,53.321,"
1784218620.0711074,"01/01/2000,04:44:41.23,-1015.14,-32.23,7.81,0.24,-0.61,0.63,63.15,32.25,50.25,33.35,17.69,986.86,-16.59,-1548.75,910.0,-253.75,1,53.321,"
1784218620.0960512,"01/01/2000,04:44:41.25,-1052.73,-26.86,56.64,0.89,0.88,3.18,63.60,32.25,51.0,33.49,16.10,985.03,-19.52,-26.25,-630.0,-148.75,1,53.321,"
1784218620.1273654,"01/01/2000,04:44:41.29,-989.75,-26.37,19.53,-0.49,1.38,2.03,63.90,31.35,51.0,33.49,14.03,986.98,-20.25,-455.0,-455.0,-245.0,1,53.321,"
1784218620.1727672,"01/01/2000,04:44:41.33,-1016.11,-21.48,55.66,0.10,0.40,1.04,61.65,33.75,51.0,33.44,15.13,984.91,-20.01,271.25,-971.25,-113.75,1,53.321,"
1784218620.1944947,"01/01/2000,04:44:41.35,-1030.27,-31.25,2.93,1.01,-1.92,-1.22,61.80,31.95,50.10,33.35,15.25,986.49,-19.64,778.75,-638.75,-140.0,1,53.321,"
1784218620.2288954,"01/01/2000,04:44:41.39,-985.84,-22.46,-38.09,0.81,0.08,1.77,62.55,32.85,50.85,33.35,14.03,986.49,-19.28,201.25,-1050.0,-192.50,1,53.321,"
1784218620.2461624,"01/01/2000,04:44:41.41,-1001.46,-19.04,-23.44,3.29,-0.66,-1.02,63.30,32.85,49.35,33.35,13.66,984.78,-20.50,376.25,-1548.75,-148.75,1,53.321,"
1784218620.2846339,"01/01/2000,04:44:41.44,-1009.77,-19.53,-17.09,0.27,-1.14,1.33,62.55,33.15,52.65,33.49,15.13,986.49,-20.62,1242.50,-700.0,-262.50,1,53.321,"
1784218620.3055499,"01/01/2000,04:44:41.46,-1005.37,-7.81,0.49,-0.15,0.76,-0.53,63.15,34.65,51.0,33.30,15.37,986.86,-19.28,901.25,-708.75,-148.75,1,53.321,"
1784218620.3225286,"01/01/2000,04:44:41.48,-993.16,-42.97,-5.37,-1.62,-1.29,0.52,63.60,33.75,49.80,33.35,14.88,985.64,-18.42,866.25,-787.50,-157.50,1,53.321,"
1784218620.3322806,"01/01/2000,04:44:41.50,-1002.44,-13.67,-46.88,1.97,-1.75,-1.31,62.55,28.80,52.65,33.35,13.91,984.91,-20.01,910.0,-1321.25,-131.25,1,53.321,"
1784218620.3593884,"01/01/2000,04:44:41.52,-1015.63,-38.09,8.30,0.36,-1.92,-1.69,62.40,33.45,51.30,33.25,13.54,985.52,-22.20,1592.50,-1575.0,-166.25,1,53.321,"
1784218620.3763545,"01/01/2000,04:44:41.53,-1031.74,-14.16,8.79,1.47,-1.69,-0.09,62.70,31.80,49.50,33.25,14.27,987.35,-22.08,2117.50,-1470.0,-253.75,1,53.321,"
1784218620.3998768,"01/01/2000,04:44:41.56,-1018.55,-34.18,-11.72,0.47,0.34,-0.37,63.30,33.15,51.60,33.44,15.62,988.69,-20.13,1093.75,-656.25,-148.75,1,53.321,"
1784218620.4143229,"01/01/2000,04:44:41.57,-1006.35,-21.97,20.02,-1.54,-1.47,-0.60,62.25,31.95,50.85,33.35,15.98,987.35,-19.89,577.50,-341.25,-262.50,1,53.321,"
1784218620.4317029,"01/01/2000,04:44:41.59,-1001.95,-12.70,-0.98,-0.32,-1.10,0.69,64.50,33.15,50.40,33.44,15.13,985.03,-21.72,1093.75,-638.75,-78.75,1,53.321,"
1784218620.4486997,"01/01/2000,04:44:41.61,-1024.90,-10.25,-32.23,3.66,-2.55,-0.07,64.05,33.15,50.85,33.49,14.52,985.03,-23.06,1496.25,-568.75,-271.25,1,53.321,"
1784218620.4711382,"01/01/2000,04:44:41.63,-1016.60,-35.64,-26.86,-1.22,-0.62,0.37,61.95,35.40,49.80,33.16,14.40,987.47,-21.96,988.75,-735.0,-140.0,1,53.321,"
1784218620.4941204,"01/01/2000,04:44:41.65,-998.54,-13.18,-54.20,-0.63,-0.21,1.07,60.60,30.45,52.65,33.35,14.64,987.83,-21.72,822.50,-796.25,-323.75,1,53.321,"
1784218620.506918,"01/01/2000,04:44:41.66,-1007.32,-40.04,62.99,-1.35,-1.21,-0.70,63.15,32.25,50.55,33.30,14.88,987.10,-21.72,857.50,-673.75,-122.50,1,53.321,"
1784218620.5256038,"01/01/2000,04:44:41.69,-994.63,-30.76,-21.97,-1.92,-0.95,0.01,64.50,32.40,50.85,33.35,14.76,985.88,-21.96,796.25,-385.0,-245.0,1,53.321,"
1784218620.5442474,"01/01/2000,04:44:41.70,-1025.39,9.77,-56.15,0.24,-1.13,-0.50,63.75,32.85,50.85,33.30,14.27,985.88,-22.33,1198.75,-638.75,-192.50,1,53.321,"
1784218620.5609806,"01/01/2000,04:44:41.72,-1006.35,-42.48,9.77,0.37,-2.21,1.98,63.90,32.25,52.20,33.30,14.40,987.47,-22.20,1085.0,-647.50,-218.75,1,53.321,"
1784218620.5775967,"01/01/2000,04:44:41.74,-1000.0,-24.41,3.91,1.99,-2.81,-0.03,63.30,34.80,53.10,33.35,14.64,987.71,-22.45,490.0,-892.50,-140.0,1,53.321,"
1784218620.5941365,"01/01/2000,04:44:41.76,-1038.09,-30.27,32.23,0.72,-2.60,-0.44,63.60,33.75,50.55,33.64,15.01,985.88,-23.67,630.0,-761.25,-78.75,1,53.321,"
1784218620.6223698,"01/01/2000,04:44:41.78,-1046.88,-27.83,13.18,-1.56,-1.49,1.14,62.25,32.85,51.60,33.30,15.01,984.78,-24.40,822.50,-560.0,-201.25,1,53.321,"
1784218620.6338305,"01/01/2000,04:44:41.79,-1013.18,-27.34,-24.90,-1.23,0.0,-0.36,61.95,32.55,49.05,33.35,14.88,985.27,-23.55,612.50,-288.75,-280.0,1,53.321,"
1784218620.658651,"01/01/2000,04:44:41.82,-1050.29,-22.95,25.39,0.27,0.21,0.44,62.70,33.0,52.20,33.35,14.52,987.35,-21.47,175.0,-463.75,-245.0,1,53.321,"
1784218620.680636,"01/01/2000,04:44:41.84,-1010.74,-39.06,75.68,-1.69,1.85,0.31,66.0,33.15,50.85,33.59,14.88,989.18,-21.72,-525.0,-656.25,-218.75,1,53.321,"
1784218620.6985662,"01/01/2000,04:44:41.86,-1024.41,-17.58,-35.64,0.02,-1.11,-1.12,64.65,33.75,50.25,33.35,14.88,987.83,-23.91,43.75,-831.25,-210.0,1,53.321,"
1784218620.7132654,"01/01/2000,04:44:41.87,-1012.70,-0.98,-20.51,2.87,0.18,1.13,64.50,34.05,51.60,33.64,14.52,986.61,-25.38,673.75,-875.0,-227.50,1,53.321,"
1784218620.7273953,"01/01/2000,04:44:41.89,-1013.67,-14.65,-31.25,2.86,-3.21,-0.08,63.90,34.20,50.25,33.44,14.40,986.25,-25.62,752.50,-813.75,-210.0,1,53.321,"
1784218620.7553875,"01/01/2000,04:44:41.91,-1036.13,-38.09,26.37,-1.19,1.35,0.90,65.10,32.25,51.75,33.16,14.88,986.98,-24.64,-61.25,-315.0,-253.75,1,53.321,"
1784218620.7884073,"01/01/2000,04:44:41.95,-1030.76,-29.79,-55.18,2.44,-0.67,-1.06,63.30,33.15,51.15,33.44,15.01,986.00,-25.25,-218.75,-761.25,-227.50,1,53.321,"
1784218620.8160982,"01/01/2000,04:44:41.97,-1021.48,-46.88,-4.39,-1.47,0.43,-0.34,65.10,31.80,51.0,33.49,14.76,985.76,-25.99,385.0,-726.25,-245.0,1,53.321,"
1784218620.8270943,"01/01/2000,04:44:41.99,-1005.86,4.39,-6.35,0.94,-1.79,0.80,64.50,34.80,51.15,33.49,14.64,986.13,-25.86,551.25,-700.0,-192.50,1,53.321,"
1784218620.8442266,"01/01/2000,04:44:42.00,-1018.07,-11.23,-34.18,3.15,1.26,1.40,64.05,33.60,49.35,33.25,14.40,986.49,-25.13,638.75,-892.50,-166.25,1,53.321,"
1784218620.8617315,"01/01/2000,04:44:42.02,-1007.32,-37.11,29.30,-0.01,-0.95,-1.27,64.50,33.15,51.15,33.25,14.76,986.86,-24.52,-61.25,-665.0,-271.25,1,53.321,"
1784218620.8828027,"01/01/2000,04:44:42.04,-1007.32,-17.58,-23.93,1.92,-2.34,-1.84,64.05,31.95,52.65,33.25,14.52,986.61,-24.64,595.0,-848.75,-131.25,1,53.321,"
1784218620.900448,"01/01/2000,04:44:42.06,-1000.49,-7.32,12.70,-0.43,-1.59,-1.15,64.50,33.15,50.10,33.49,14.40,986.37,-24.89,726.25,-665.0,-350.0,1,53.321,"
1784218620.9170904,"01/01/2000,04:44:42.08,-999.02,-28.32,36.62,-1.31,-2.16,-0.76,63.15,33.0,51.0,33.35,14.52,986.37,-24.64,455.0,-708.75,-420.0,1,53.321,"
1784218620.933791,"01/01/2000,04:44:42.09,-1026.86,-38.09,6.35,-0.05,1.66,-0.97,64.65,33.0,50.55,33.59,14.88,985.27,-24.64,306.25,-481.25,-253.75,1,53.321,"
1784218620.955481,"01/01/2000,04:44:42.11,-1035.16,-26.37,16.11,0.47,-2.40,-1.11,62.70,32.25,51.75,33.35,14.88,985.39,-25.25,61.25,-673.75,-218.75,1,53.321,"
1784218620.9773197,"01/01/2000,04:44:42.13,-1029.79,-41.99,50.78,-0.45,-0.18,-1.61,64.35,33.45,51.0,33.49,14.64,986.49,-25.74,192.50,-691.25,-245.0,1,53.321,"
1784218620.9896173,"01/01/2000,04:44:42.15,-1027.83,-30.27,31.74,-1.88,-1.27,0.51,63.60,34.20,50.55,33.35,14.40,987.47,-25.99,560.0,-778.75,-218.75,1,53.321,"
1784218621.0109494,"01/01/2000,04:44:42.17,-983.40,-47.85,-0.98,1.11,-0.57,-0.15,64.50,31.95,50.10,33.35,14.88,987.59,-25.62,498.75,-778.75,-175.0,1,53.321,"
1784218621.0290334,"01/01/2000,04:44:42.19,-1018.55,-23.44,-26.86,-0.14,0.27,-2.79,64.35,33.0,51.0,33.35,14.88,986.00,-25.86,297.50,-761.25,-122.50,1,53.321,"
1784218621.0459058,"01/01/2000,04:44:42.20,-1016.60,-3.91,9.28,1.37,-1.74,-2.68,63.90,34.20,51.75,33.35,14.76,984.54,-26.60,918.75,-778.75,-87.50,1,53.321,"
1784218621.0607953,"01/01/2000,04:44:42.22,-1012.70,0.0,-78.13,1.96,-1.24,0.25,64.50,32.85,49.35,33.49,14.52,984.78,-27.08,1408.75,-673.75,-245.0,1,53.321,"
1784218621.0840182,"01/01/2000,04:44:42.24,-1031.25,-32.23,11.23,-0.46,-0.97,2.76,62.70,31.80,53.25,33.68,14.40,987.83,-24.89,577.50,-682.50,-262.50,1,53.321,"
1784218621.1193483,"01/01/2000,04:44:42.28,-1003.91,-4.39,-42.97,0.58,1.22,1.79,64.05,33.15,51.15,33.30,14.76,986.98,-24.03,-402.50,-848.75,-113.75,1,53.321,"
1784218621.1379232,"01/01/2000,04:44:42.30,-1015.14,-11.23,-1.95,0.80,-0.35,0.40,63.90,32.25,51.30,33.35,14.52,985.15,-25.86,210.0,-1102.50,-70.0,1,53.321,"
1784218621.1667297,"01/01/2000,04:44:42.32,-1045.90,-24.41,8.79,1.17,-1.76,-2.91,61.65,31.35,54.0,33.30,14.27,986.86,-26.84,883.75,-813.75,-271.25,1,53.321,"
1784218621.2042086,"01/01/2000,04:44:42.36,-993.16,-24.41,-28.81,1.06,-0.06,1.59,63.90,32.55,50.55,33.59,14.76,984.42,-24.52,560.0,-1111.25,-245.0,1,53.321,"
1784218621.2291927,"01/01/2000,04:44:42.38,-1016.11,-32.71,58.59,-0.45,-1.98,-3.31,65.10,32.25,51.0,33.30,14.27,984.66,-25.25,848.75,-997.50,-166.25,1,53.321,"
1784218621.2463439,"01/01/2000,04:44:42.40,-1035.16,-11.23,20.02,0.79,-0.70,1.28,63.30,33.60,50.40,33.35,14.03,988.93,-25.62,-183.75,-936.25,-201.25,1,53.321,"
1784218621.2609472,"01/01/2000,04:44:42.42,-1020.51,-22.46,63.48,0.11,1.96,-1.08,64.35,33.75,51.75,33.35,14.40,989.54,-26.11,-481.25,-682.50,-227.50,1,53.321,"
1784218621.2776697,"01/01/2000,04:44:42.44,-1003.91,-22.46,20.51,0.35,-0.61,-1.55,64.05,34.80,51.15,33.35,15.13,986.00,-26.96,105.0,-743.75,-236.25,1,53.321,"
1784218621.2995744,"01/01/2000,04:44:42.46,-1000.49,-33.69,25.88,0.44,1.69,0.60,64.05,33.15,51.60,33.59,15.86,984.05,-27.08,-61.25,-288.75,-140.0,1,53.321,"
1784218621.3275564,"01/01/2000,04:44:42.49,-1002.44,-20.02,-32.71,0.28,1.43,-1.82,63.15,34.20,53.25,33.35,14.52,986.98,-25.38,-183.75,-402.50,-288.75,1,53.321,"
1784218621.3555255,"01/01/2000,04:44:42.51,-1028.81,-33.69,-43.46,1.87,1.06,-1.88,63.60,33.0,50.25,33.35,14.27,987.96,-25.38,-8.75,-910.0,-210.0,1,53.321,"
1784218621.3725626,"01/01/2000,04:44:42.53,-1002.93,-16.11,13.18,1.62,-1.91,0.44,64.05,34.35,50.10,33.64,14.88,987.10,-25.74,-96.25,-647.50,-183.75,1,53.321,"
1784218621.3919458,"01/01/2000,04:44:42.55,-1015.14,-35.16,70.80,0.11,0.82,0.47,63.30,33.60,50.85,33.35,15.13,985.76,-25.74,210.0,-568.75,-122.50,1,53.321,"
1784218621.4044037,"01/01/2000,04:44:42.57,-1020.02,-5.37,-7.81,0.08,0.18,-1.57,64.95,31.95,51.90,33.44,14.40,985.76,-25.50,227.50,-735.0,-236.25,1,53.321,"
1784218621.423436,"01/01/2000,04:44:42.58,-1022.95,-7.32,-52.73,0.44,0.99,2.61,64.50,33.60,51.15,33.25,14.27,985.88,-25.50,183.75,-831.25,-183.75,1,53.321,"
1784218621.4446733,"01/01/2000,04:44:42.60,-1005.86,-21.97,-15.14,-0.69,1.41,1.05,64.95,33.15,51.15,33.59,14.27,984.78,-25.62,210.0,-656.25,-297.50,1,53.321,"
1784218621.4669397,"01/01/2000,04:44:42.62,-1028.81,-14.16,10.74,2.05,2.92,1.44,64.35,33.45,52.50,33.25,14.40,984.42,-25.62,201.25,-962.50,-192.50,1,53.321,"
1784218621.479999,"01/01/2000,04:44:42.64,-1027.83,-8.30,-7.81,0.14,-0.64,-0.43,64.95,31.65,49.35,33.64,14.64,985.52,-26.23,-26.25,-910.0,-192.50,1,53.321,"
1784218621.5004244,"01/01/2000,04:44:42.66,-1019.04,0.49,-0.49,-0.19,-1.62,-0.50,64.65,33.75,51.30,33.25,14.76,987.59,-26.96,262.50,-621.25,-227.50,1,53.321,"
1784218621.5173626,"01/01/2000,04:44:42.68,-1002.44,-19.04,-9.77,-0.26,0.37,-1.49,64.50,34.05,51.15,33.44,14.88,987.71,-27.08,367.50,-612.50,-35.0,1,53.321,"
1784218621.537941,"01/01/2000,04:44:42.69,-993.65,-24.41,8.30,-0.31,1.10,-0.13,63.60,34.20,52.20,33.44,14.40,986.25,-26.60,385.0,-892.50,-210.0,1,53.321,"
1784218621.5552125,"01/01/2000,04:44:42.71,-1008.79,-4.88,-0.49,-0.27,-0.99,0.90,64.65,32.55,51.30,33.35,14.76,985.76,-25.99,490.0,-621.25,-201.25,1,53.321,"
1784218621.5730386,"01/01/2000,04:44:42.73,-1020.51,-20.51,18.55,0.69,-0.50,-1.61,63.90,31.35,51.30,33.44,14.52,987.35,-25.99,-8.75,-498.75,-297.50,1,53.321,"
1784218621.5941496,"01/01/2000,04:44:42.75,-1015.14,-18.55,36.62,-1.79,-0.46,1.34,63.75,33.60,51.90,33.30,14.52,987.47,-26.23,306.25,-875.0,-315.0,1,53.321,"
1784218621.60427,"01/01/2000,04:44:42.77,-1047.36,-21.48,70.31,0.08,0.79,2.07,64.35,32.25,52.20,33.16,14.64,986.74,-26.72,393.75,-866.25,-297.50,1,53.321,"
1784218621.6246262,"01/01/2000,04:44:42.78,-1011.72,-15.14,-2.93,2.59,-0.18,-2.19,63.90,32.55,49.50,33.44,14.88,985.64,-26.96,455.0,-682.50,-210.0,1,53.321,"
1784218621.6441078,"01/01/2000,04:44:42.80,-1015.63,-28.81,-6.84,2.42,-0.47,1.25,65.25,33.60,51.60,33.35,14.88,984.78,-26.60,682.50,-437.50,-262.50,1,53.321,"
1784218621.6607924,"01/01/2000,04:44:42.82,-1023.93,2.93,-18.55,0.70,1.51,1.70,64.50,34.35,50.85,33.35,14.88,986.49,-25.01,393.75,-358.75,-253.75,1,53.321,"
1784218621.6870384,"01/01/2000,04:44:42.85,-993.16,-31.74,6.84,1.06,1.53,1.71,63.90,32.55,54.75,33.59,15.01,987.35,-23.67,-542.50,-350.0,-297.50,1,53.321,"
1784218621.710631,"01/01/2000,04:44:42.87,-1011.23,-16.11,-15.14,-0.52,2.95,-1.15,63.75,33.15,51.60,33.44,14.88,986.25,-25.50,113.75,-796.25,-262.50,1,53.321,"
1784218621.7251596,"01/01/2000,04:44:42.89,-997.07,-18.07,-0.49,1.49,0.0,0.37,64.35,33.0,52.20,33.35,14.76,986.98,-27.33,332.50,-533.75,-411.25,1,53.321,"
1784218621.73826,"01/01/2000,04:44:42.90,-1002.93,-9.77,5.86,-2.10,-1.06,-0.12,64.05,34.35,51.60,33.35,15.01,987.47,-27.82,236.25,-227.50,-192.50,1,53.321,"
1784218621.7621746,"01/01/2000,04:44:42.92,-1004.39,-27.34,-17.09,-0.77,0.89,-0.83,64.05,31.65,51.90,33.35,15.25,987.47,-27.21,-87.50,-192.50,-157.50,1,53.321,"
1784218621.7829928,"01/01/2000,04:44:42.94,-1023.93,-31.25,6.35,0.83,1.15,-0.06,65.10,33.75,50.55,33.35,15.13,986.25,-26.84,-26.25,-560.0,-175.0,1,53.321,"
1784218621.7989888,"01/01/2000,04:44:42.96,-1026.37,-12.70,38.57,0.53,-0.58,-2.24,62.55,32.85,56.10,33.49,15.13,986.25,-26.72,-26.25,-577.50,-262.50,1,53.321,"
1784218621.8175373,"01/01/2000,04:44:42.98,-1014.65,-23.44,4.39,1.08,-0.44,-0.46,64.35,33.0,50.55,33.44,14.88,986.49,-26.60,175.0,-498.75,-306.25,1,53.321,"
1784218621.8376892,"01/01/2000,04:44:42.99,-1018.55,-11.72,-72.75,-0.02,1.98,1.76,65.40,33.75,52.20,33.49,14.64,986.25,-26.72,201.25,-551.25,-192.50,1,53.321,"
1784218621.8558927,"01/01/2000,04:44:43.01,-1023.44,-19.53,20.51,-0.82,-1.02,-0.60,64.65,32.25,51.75,33.35,14.64,985.88,-26.84,638.75,-927.50,-253.75,1,53.321,"
1784218621.867459,"01/01/2000,04:44:43.03,-1041.02,-31.74,48.83,0.05,-0.92,-1.03,62.40,31.80,51.30,33.30,15.37,986.74,-26.60,393.75,-612.50,-148.75,1,53.321,"
1784218621.8939698,"01/01/2000,04:44:43.05,-1014.16,-20.02,-1.95,1.21,-0.79,0.52,64.95,33.60,51.90,33.30,15.37,986.49,-26.11,70.0,-630.0,-210.0,1,53.321,"
1784218621.9116464,"01/01/2000,04:44:43.07,-1005.37,-21.00,35.16,-0.14,-2.13,0.49,63.90,34.20,51.0,33.49,15.13,984.78,-26.84,603.75,-997.50,-175.0,1,53.321,"
1784218621.927415,"01/01/2000,04:44:43.09,-1032.71,-21.97,39.55,-0.49,-1.79,0.37,62.55,33.15,52.65,33.35,14.76,985.15,-27.82,717.50,-980.0,-210.0,1,53.321,"
1784218621.9638448,"01/01/2000,04:44:43.12,-1010.25,-6.35,-8.79,0.62,-0.23,-0.20,65.70,34.35,51.15,33.49,15.37,987.10,-28.18,1067.50,-420.0,-210.0,1,53.321,"
1784218622.0045505,"01/01/2000,04:44:43.16,-1038.57,-15.14,-12.21,-0.44,2.06,0.74,63.90,33.0,51.75,33.25,15.37,987.83,-25.38,8.75,-840.0,-157.50,1,53.321,"
1784218622.0216625,"01/01/2000,04:44:43.18,-1009.28,-42.97,26.86,-1.12,1.35,-0.15,64.95,32.85,50.85,33.44,14.76,987.22,-25.86,288.75,-682.50,-385.0,1,53.321,"
1784218622.0362058,"01/01/2000,04:44:43.20,-1001.95,-10.74,7.81,-0.44,0.76,2.34,63.75,31.65,51.90,33.16,14.64,986.49,-26.84,236.25,-1023.75,-175.0,1,53.321,"
1784218622.0559916,"01/01/2000,04:44:43.22,-1003.91,-2.93,-46.88,1.15,0.37,1.23,64.50,32.40,52.65,33.68,14.64,984.66,-26.60,770.0,-840.0,-218.75,1,53.321,"
1784218622.0708163,"01/01/2000,04:44:43.23,-1025.39,-16.60,3.91,1.08,-0.22,0.21,64.35,33.0,52.20,33.30,14.52,983.81,-25.38,1137.50,-1137.50,-8.75,1,53.321,"
1784218622.0916271,"01/01/2000,04:44:43.25,-1002.44,-17.58,-69.82,1.83,-1.58,0.12,65.70,32.40,51.90,33.35,15.01,983.56,-22.69,1715.0,-988.75,-192.50,1,53.321,"
1784218622.1114008,"01/01/2000,04:44:43.27,-1020.02,-24.90,-21.48,-0.87,2.03,1.21,65.10,32.55,52.50,33.35,15.49,985.03,-18.67,1303.75,-446.25,-183.75,1,53.321,"
1784218622.127993,"01/01/2000,04:44:43.29,-1027.34,-16.11,-5.86,1.78,1.41,-1.78,65.10,33.0,52.20,33.35,15.25,988.44,-17.32,-393.75,-831.25,-201.25,1,53.321,"
1784218622.1653178,"01/01/2000,04:44:43.32,-1006.84,-26.86,6.84,-0.21,-1.22,-2.80,64.35,34.20,51.75,33.35,14.76,985.52,-20.86,1076.25,-997.50,-262.50,1,53.321,"
1784218622.1918213,"01/01/2000,04:44:43.35,-1005.86,-20.02,-32.71,0.34,-1.61,0.62,64.50,32.40,53.40,33.49,15.01,984.66,-18.67,1828.75,-857.50,-140.0,1,53.321,"
1784218622.2132015,"01/01/2000,04:44:43.37,-1023.93,-34.18,-21.97,-1.57,1.50,-0.66,63.75,32.40,51.90,33.30,15.37,986.61,-15.62,1155.0,-586.25,-227.50,1,53.321,"
1784218622.2303178,"01/01/2000,04:44:43.39,-1021.48,-33.69,-43.95,0.08,-1.28,1.14,64.35,34.95,51.75,33.25,15.37,987.35,-15.62,892.50,-717.50,-148.75,1,53.321,"
1784218622.2472582,"01/01/2000,04:44:43.41,-1018.07,-15.14,37.60,-0.37,-1.05,0.73,64.05,31.65,51.60,33.35,14.76,986.86,-17.45,945.0,-910.0,-280.0,1,53.321,"
1784218622.2726533,"01/01/2000,04:44:43.43,-971.19,-16.11,-45.41,2.51,-2.91,0.47,64.65,33.45,52.20,33.35,14.88,985.64,-20.74,1312.50,-1006.25,-105.0,1,53.321,"
1784218622.291141,"01/01/2000,04:44:43.45,-982.91,0.98,5.37,1.25,-1.40,0.37,64.95,33.15,51.60,33.35,14.64,985.03,-22.45,1268.75,-875.0,-288.75,1,53.321,"
1784218622.3048165,"01/01/2000,04:44:43.46,-974.12,16.60,-57.62,-0.27,0.11,-1.34,63.30,34.05,51.60,33.30,14.76,984.78,-22.94,1461.25,-901.25,-131.25,1,53.321,"
1784218622.319945,"01/01/2000,04:44:43.48,-1023.44,-69.34,4.88,-0.85,0.21,0.07,64.35,34.20,52.50,33.44,15.13,985.27,-22.69,1356.25,-665.0,-376.25,1,53.321,"
1784218622.3473992,"01/01/2000,04:44:43.50,-1002.44,-4.88,18.07,-0.89,-1.07,0.22,65.25,32.40,51.90,33.35,15.25,988.57,-23.79,656.25,-647.50,-297.50,1,53.321,"
1784218622.3755453,"01/01/2000,04:44:43.53,-1025.39,-47.36,43.95,-1.29,0.68,-0.85,65.40,34.20,52.20,33.30,14.88,985.52,-28.67,1338.75,-726.25,-358.75,1,53.321,"
1784218622.4151921,"01/01/2000,04:44:43.57,-1008.30,-29.79,-1.95,0.19,-2.47,1.08,64.05,33.60,51.60,33.49,14.88,986.37,-28.91,621.25,-638.75,-201.25,1,53.321,"
1784218622.431792,"01/01/2000,04:44:43.59,-1004.39,-14.16,-35.16,0.85,1.44,0.46,66.60,33.75,52.20,33.11,15.01,986.98,-29.52,577.50,-822.50,-78.75,1,53.321,"
1784218622.448513,"01/01/2000,04:44:43.61,-993.16,-3.42,-10.25,-0.26,0.34,0.31,63.60,33.0,51.75,33.25,15.13,986.61,-30.74,805.0,-743.75,-183.75,1,53.321,"
1784218622.4710674,"01/01/2000,04:44:43.63,-1023.44,-9.77,-0.98,0.44,1.89,0.72,63.75,34.05,51.90,33.35,15.25,986.00,-31.48,761.25,-533.75,-297.50,1,53.321,"
1784218622.5044734,"01/01/2000,04:44:43.66,-1009.28,-25.39,59.08,-0.19,0.93,-0.65,64.65,34.20,51.30,33.44,14.88,986.49,-31.96,638.75,-691.25,-288.75,1,53.321,"
1784218622.5246365,"01/01/2000,04:44:43.68,-996.58,-9.77,-29.79,1.11,0.33,-1.69,65.85,34.20,51.75,33.44,14.88,986.49,-32.45,595.0,-735.0,-227.50,1,53.321,"
1784218622.537793,"01/01/2000,04:44:43.70,-1008.79,-17.58,-20.02,2.60,-0.27,0.54,64.65,33.75,53.70,33.30,15.25,986.13,-32.70,455.0,-682.50,-227.50,1,53.321,"
1784218622.5607839,"01/01/2000,04:44:43.72,-1000.98,-0.98,31.74,-0.39,-0.73,2.45,65.10,32.25,52.50,33.35,15.13,986.00,-33.18,446.25,-551.25,-192.50,1,53.321,"
1784218622.5773203,"01/01/2000,04:44:43.74,-1034.67,-25.88,32.71,0.36,-0.27,0.08,64.35,34.65,51.30,33.25,14.76,986.00,-33.43,525.0,-437.50,-210.0,1,53.321,"
1784218622.5978417,"01/01/2000,04:44:43.76,-1005.37,-20.02,32.71,-0.87,0.47,1.21,65.85,33.0,51.75,33.44,14.64,986.00,-33.43,455.0,-708.75,-183.75,1,53.321,"
1784218622.6171572,"01/01/2000,04:44:43.77,-1011.72,-3.42,40.04,-0.46,-0.29,-3.09,64.65,33.45,52.20,33.35,14.64,985.76,-33.79,498.75,-612.50,-271.25,1,53.321,"
1784218622.6324787,"01/01/2000,04:44:43.79,-1018.55,-21.97,26.37,-0.51,0.44,-2.31,65.25,33.15,51.60,33.11,15.01,985.64,-34.16,402.50,-595.0,-210.0,1,53.321,"
1784218622.6499546,"01/01/2000,04:44:43.81,-1034.18,-28.81,72.27,-0.40,-1.18,1.35,64.35,33.0,52.95,33.35,15.01,985.88,-34.40,455.0,-595.0,-227.50,1,53.322,"
1784218622.6923313,"01/01/2000,04:44:43.85,-1030.76,-25.88,-14.16,1.70,0.64,0.56,64.05,33.60,50.85,33.11,14.76,985.88,-34.65,218.75,-700.0,-350.0,1,53.321,"
1784218622.7114263,"01/01/2000,04:44:43.87,-1000.0,-34.18,11.23,0.80,2.76,1.08,65.85,33.45,51.75,33.35,14.88,985.88,-34.89,437.50,-568.75,-210.0,1,53.321,"
1784218622.7275128,"01/01/2000,04:44:43.89,-1040.04,-23.93,48.34,0.24,-0.05,-0.36,65.10,32.25,52.95,33.35,14.76,986.00,-35.14,577.50,-673.75,-227.50,1,53.321,"
1784218622.755562,"01/01/2000,04:44:43.91,-1000.0,-37.60,-51.76,0.80,2.0,-1.65,63.60,33.0,52.50,33.35,15.13,986.00,-35.26,446.25,-577.50,-148.75,1,53.321,"
1784218622.7713947,"01/01/2000,04:44:43.93,-1025.88,-20.02,18.07,-0.03,-1.09,0.08,65.85,33.0,52.20,33.44,15.13,986.13,-35.14,332.50,-630.0,-297.50,1,53.321,"
1784218622.794833,"01/01/2000,04:44:43.95,-1028.32,-4.88,72.75,0.26,-0.59,0.61,63.90,33.45,52.20,33.30,14.88,986.13,-35.38,306.25,-568.75,-271.25,1,53.321,"
1784218622.806471,"01/01/2000,04:44:43.97,-1010.25,-23.44,-20.51,1.15,-0.50,-0.84,65.10,32.55,52.95,33.59,14.88,985.76,-35.38,367.50,-595.0,-288.75,1,53.321,"
1784218622.8276644,"01/01/2000,04:44:43.99,-1032.71,-39.55,26.86,0.83,-0.39,0.94,63.90,31.05,53.70,33.35,14.88,986.00,-35.50,428.75,-638.75,-218.75,1,53.321,"
1784218622.8440166,"01/01/2000,04:44:44.00,-1020.02,-6.35,55.66,-1.47,0.38,1.74,63.90,31.05,53.70,33.35,15.13,985.76,-35.38,420.0,-612.50,-280.0,1,53.321,"
1784218622.860886,"01/01/2000,04:44:44.02,-998.05,-17.09,11.72,-1.31,0.87,-1.05,63.75,33.15,51.15,33.44,15.25,986.00,-35.50,201.25,-726.25,-105.0,1,53.321,"
1784218622.882346,"01/01/2000,04:44:44.04,-997.07,-11.72,7.32,-0.79,-0.73,0.21,64.65,34.20,52.50,33.35,15.01,985.88,-35.75,350.0,-612.50,-192.50,1,53.321,"
1784218622.899362,"01/01/2000,04:44:44.06,-1021.97,0.0,5.37,1.98,1.92,2.94,64.95,32.85,51.15,33.35,14.76,985.88,-35.75,376.25,-700.0,-201.25,1,53.321,"
1784218622.9335067,"01/01/2000,04:44:44.09,-1026.86,-14.16,100.59,0.88,-1.02,0.79,64.35,34.20,51.75,33.64,14.88,986.13,-35.87,218.75,-516.25,-315.0,1,53.321,"
1784218622.9546807,"01/01/2000,04:44:44.11,-999.51,-32.23,-10.25,-0.45,-1.56,0.14,64.35,33.75,51.0,33.44,14.88,986.25,-35.87,376.25,-595.0,-122.50,1,53.321,"
1784218622.9724002,"01/01/2000,04:44:44.13,-991.70,-5.37,-57.62,0.40,0.02,0.07,65.10,32.55,52.95,33.25,14.88,986.25,-35.87,297.50,-463.75,-297.50,1,53.321,"
1784218623.0004325,"01/01/2000,04:44:44.17,-1025.88,-47.36,54.69,0.36,-0.94,-0.31,65.85,31.80,51.75,33.49,14.76,986.13,-36.11,288.75,-673.75,-262.50,1,53.321,"
1784218623.0275884,"01/01/2000,04:44:44.19,-1022.46,-23.93,-13.18,-0.56,2.66,-0.18,63.30,30.75,54.15,33.44,14.88,986.25,-35.99,227.50,-603.75,-297.50,1,53.321,"
1784218623.0448372,"01/01/2000,04:44:44.20,-1041.99,-21.00,17.58,1.33,2.28,-0.85,63.30,30.75,54.15,33.35,15.13,986.00,-36.11,341.25,-595.0,-183.75,1,53.321,"
1784218623.0627284,"01/01/2000,04:44:44.22,-1035.16,4.39,-28.32,0.12,-0.76,-0.71,65.25,33.60,51.60,33.35,15.01,986.00,-36.48,245.0,-542.50,-183.75,1,53.321,"
1784218623.1013799,"01/01/2000,04:44:44.26,-1011.23,3.42,47.36,-2.26,-0.24,0.48,64.50,32.85,50.85,33.35,14.76,986.37,-36.11,157.50,-665.0,-218.75,1,53.321,"
1784218623.1273997,"01/01/2000,04:44:44.29,-1002.93,1.95,39.06,0.05,-1.04,2.63,64.50,33.60,51.90,33.16,15.01,986.00,-36.23,288.75,-577.50,-411.25,1,53.321,"
1784218623.16132,"01/01/2000,04:44:44.32,-1002.93,-26.37,61.04,-1.12,-0.55,0.42,64.50,31.95,51.90,33.64,14.88,986.13,-36.60,367.50,-612.50,-201.25,1,53.321,"
1784218623.1774325,"01/01/2000,04:44:44.33,-1040.53,6.84,-32.23,-1.89,-0.46,1.02,64.65,31.80,51.75,33.30,14.88,986.25,-36.60,183.75,-560.0,-183.75,1,53.321,"
1784218623.1935449,"01/01/2000,04:44:44.35,-1027.34,-36.13,20.02,-0.98,1.59,-1.13,64.05,33.60,53.10,33.35,14.88,986.25,-36.48,122.50,-665.0,-236.25,1,53.321,"
1784218623.2222154,"01/01/2000,04:44:44.37,-1008.30,-31.25,42.97,1.53,0.90,2.30,65.25,33.15,52.65,33.59,14.88,986.13,-36.60,201.25,-638.75,-183.75,1,53.321,"
1784218623.2546077,"01/01/2000,04:44:44.41,-1028.32,-27.83,-26.86,-2.69,1.53,-1.46,65.85,33.75,53.25,33.59,14.88,986.00,-36.84,376.25,-595.0,-262.50,1,53.321,"
1784218623.2727082,"01/01/2000,04:44:44.43,-990.72,1.95,15.63,0.30,1.28,-1.62,63.75,33.60,51.60,33.44,15.13,986.00,-36.84,245.0,-630.0,-280.0,1,53.321,"
1784218623.2945004,"01/01/2000,04:44:44.45,-1018.55,-42.48,-1.46,2.31,-0.59,-0.88,65.40,32.55,53.25,33.11,15.25,986.00,-36.97,192.50,-796.25,-227.50,1,53.321,"
1784218623.3108804,"01/01/2000,04:44:44.47,-995.61,-38.57,13.67,0.18,0.56,0.05,64.35,33.0,53.25,33.35,15.01,985.88,-37.09,306.25,-577.50,-218.75,1,53.321,"
1784218623.327401,"01/01/2000,04:44:44.49,-1025.88,-15.63,51.27,-0.49,-0.67,-0.07,65.40,32.25,54.0,33.25,15.01,985.76,-37.09,262.50,-708.75,-236.25,1,53.321,"
1784218623.3663516,"01/01/2000,04:44:44.53,-1017.58,-16.60,41.02,0.56,1.24,2.38,64.35,33.45,52.95,33.49,14.88,986.13,-36.60,306.25,-647.50,-175.0,1,53.321,"
1784218623.3835254,"01/01/2000,04:44:44.54,-1019.04,-35.16,43.95,0.40,0.14,0.92,65.40,33.0,53.25,33.49,15.01,986.25,-36.84,332.50,-551.25,-245.0,1,53.321,"
1784218623.399126,"01/01/2000,04:44:44.56,-1021.00,-28.32,4.88,-0.12,-1.47,0.44,64.35,32.25,52.20,33.49,14.88,986.00,-37.21,218.75,-621.25,-166.25,1,53.322,"
1784218623.425751,"01/01/2000,04:44:44.58,-1002.44,-35.64,39.06,-1.02,1.91,-2.54,64.50,33.60,51.90,33.35,15.01,986.00,-37.21,245.0,-700.0,-227.50,1,53.321,"
1784218623.4558218,"01/01/2000,04:44:44.62,-1014.65,-34.67,14.16,0.15,1.62,1.17,65.70,33.60,53.10,33.49,14.88,986.00,-36.97,157.50,-735.0,-201.25,1,53.321,"
1784218623.4729939,"01/01/2000,04:44:44.63,-1019.04,-44.92,27.83,0.02,-0.31,1.02,63.75,31.65,53.85,33.25,15.25,985.64,-37.21,315.0,-560.0,-227.50,1,53.321,"
1784218623.4940848,"01/01/2000,04:44:44.65,-991.21,-12.21,19.53,0.45,0.49,0.92,65.85,33.0,52.20,33.35,15.13,985.76,-37.33,253.75,-603.75,-201.25,1,53.322,"
1784218623.510858,"01/01/2000,04:44:44.67,-1040.04,-16.11,35.64,-3.18,-0.37,-2.65,64.65,32.55,51.30,33.49,15.25,986.00,-37.21,236.25,-638.75,-131.25,1,53.321,"
1784218623.528894,"01/01/2000,04:44:44.69,-1019.04,-16.11,38.09,-1.95,1.62,0.85,65.10,33.0,53.70,33.59,15.25,986.00,-36.97,201.25,-735.0,-306.25,1,53.322,"
1784218623.5465071,"01/01/2000,04:44:44.71,-1004.39,-34.18,9.28,-0.44,1.42,0.47,64.65,33.75,52.20,33.49,15.13,985.88,-37.09,280.0,-717.50,-218.75,1,53.322,"
1784218623.5833917,"01/01/2000,04:44:44.74,-1023.44,-45.90,90.82,0.25,0.53,0.61,64.35,33.45,52.95,33.35,15.25,986.00,-37.09,350.0,-595.0,-332.50,1,53.321,"
1784218623.606177,"01/01/2000,04:44:44.76,-1022.95,-47.36,33.69,0.13,-1.15,-1.08,64.35,33.0,52.20,33.44,15.13,985.88,-37.21,358.75,-586.25,-297.50,1,53.321,"
1784218623.621252,"01/01/2000,04:44:44.78,-1014.16,-32.23,37.60,0.32,-1.17,0.45,64.65,33.0,51.75,33.44,15.13,985.76,-37.09,157.50,-612.50,-288.75,1,53.322,"
1784218623.6561303,"01/01/2000,04:44:44.82,-996.58,-25.39,37.11,-0.70,-1.05,0.69,65.40,33.45,51.75,33.35,15.13,985.64,-37.33,297.50,-603.75,-245.0,1,53.322,"
1784218623.6923294,"01/01/2000,04:44:44.85,-983.89,-27.83,38.09,-1.58,-0.93,0.11,62.55,32.40,50.40,33.44,14.88,985.76,-37.33,306.25,-673.75,-175.0,1,53.322,"
1784218623.7127306,"01/01/2000,04:44:44.87,-994.63,-21.97,-29.79,1.27,-0.25,-1.93,65.10,34.65,51.0,33.30,14.88,985.88,-37.21,271.25,-682.50,-122.50,1,53.321,"
1784218623.7397046,"01/01/2000,04:44:44.90,-1005.37,-28.81,15.63,0.30,-2.31,0.91,65.25,34.05,53.10,33.44,15.13,985.76,-37.33,210.0,-568.75,-113.75,1,53.321,"
1784218623.7574115,"01/01/2000,04:44:44.92,-1036.62,-35.64,32.71,0.0,2.39,-0.21,63.60,33.0,54.0,33.35,15.13,985.64,-37.58,297.50,-735.0,-122.50,1,53.321,"
1784218623.7774527,"01/01/2000,04:44:44.93,-1009.28,-8.30,24.90,2.83,1.72,-0.95,64.50,33.15,53.10,33.35,15.01,985.76,-37.58,393.75,-638.75,-192.50,1,53.321,"
1784218623.7941282,"01/01/2000,04:44:44.95,-1005.86,-20.02,-35.16,1.21,0.29,-0.94,65.25,32.40,51.60,33.35,15.13,986.00,-37.21,148.75,-560.0,-166.25,1,53.321,"
1784218623.8181496,"01/01/2000,04:44:44.97,-1000.0,-40.04,23.44,-1.05,1.77,-1.59,65.40,33.0,52.95,33.35,15.01,985.88,-37.33,140.0,-691.25,-288.75,1,53.321,"
1784218623.8520555,"01/01/2000,04:44:45.01,-1023.93,-20.51,0.98,-0.22,-2.04,0.39,65.25,31.65,52.35,33.35,15.13,986.00,-37.58,332.50,-691.25,-236.25,1,53.321,"
1784218623.8710637,"01/01/2000,04:44:45.03,-1048.34,-3.42,59.57,0.84,-1.53,-1.67,64.50,31.95,53.40,33.35,15.01,986.00,-37.33,323.75,-612.50,-201.25,1,53.321,"
1784218623.8858585,"01/01/2000,04:44:45.05,-997.07,-50.78,58.11,0.44,-0.09,2.37,66.30,34.20,53.70,33.64,15.01,986.13,-37.33,288.75,-700.0,-140.0,1,53.321,"
1784218623.9034286,"01/01/2000,04:44:45.06,-987.79,-28.81,-13.67,-0.69,1.27,-1.17,63.75,33.60,53.10,33.44,15.01,986.00,-37.58,210.0,-796.25,-157.50,1,53.321,"
1784218623.925102,"01/01/2000,04:44:45.08,-1011.23,-30.76,-28.81,-0.21,-0.53,0.25,65.70,34.80,52.35,33.35,15.13,985.76,-37.58,350.0,-665.0,-210.0,1,53.321,"
1784218623.9598494,"01/01/2000,04:44:45.12,-1025.39,-39.55,4.88,1.41,1.82,-2.02,63.90,32.25,53.25,33.44,15.37,986.00,-37.33,210.0,-542.50,-96.25,1,53.322,"
1784218623.9942477,"01/01/2000,04:44:45.16,-1026.86,-11.23,65.92,-0.75,-1.06,0.41,65.85,32.55,53.25,33.44,15.37,985.88,-37.33,227.50,-568.75,-192.50,1,53.322,"
1784218624.0141525,"01/01/2000,04:44:45.17,-1042.48,-22.95,32.23,-0.29,-0.97,0.14,64.65,33.75,54.45,33.35,15.25,985.88,-37.58,192.50,-735.0,-236.25,1,53.321,"
1784218624.0524662,"01/01/2000,04:44:45.21,-1004.39,-48.34,57.62,-2.05,0.93,-0.35,65.85,32.55,52.50,33.59,15.13,986.13,-37.58,227.50,-638.75,-148.75,1,53.321,"
1784218624.0712278,"01/01/2000,04:44:45.23,-1023.93,-42.48,41.99,1.70,-1.65,-1.76,64.35,33.75,53.25,33.35,15.13,985.76,-37.82,192.50,-682.50,-262.50,1,53.322,"
1784218624.0869002,"01/01/2000,04:44:45.25,-1013.18,-21.48,18.07,-1.69,0.57,-0.55,65.85,33.75,52.20,33.25,15.13,986.00,-37.94,227.50,-516.25,-131.25,1,53.322,"
1784218624.1114845,"01/01/2000,04:44:45.26,-980.47,-13.67,28.81,2.05,-1.35,1.0,65.40,33.0,52.20,33.35,15.01,986.00,-37.94,227.50,-787.50,-201.25,1,53.322,"
1784218624.12665,"01/01/2000,04:44:45.28,-1021.48,-26.37,-33.69,0.44,0.69,0.44,65.85,32.55,52.95,33.35,15.01,986.00,-37.82,192.50,-717.50,-210.0,1,53.322,"
1784218624.1417427,"01/01/2000,04:44:45.30,-1016.11,-23.93,-2.44,-0.37,-1.80,-0.85,64.95,33.15,51.60,33.30,15.13,986.00,-37.70,61.25,-700.0,-218.75,1,53.322,"
1784218624.1605384,"01/01/2000,04:44:45.32,-1005.86,-31.25,-7.81,-1.60,-2.37,-2.47,64.95,33.15,51.60,33.35,15.13,986.13,-37.82,315.0,-700.0,-245.0,1,53.322,"
1784218624.1773334,"01/01/2000,04:44:45.34,-1038.09,0.49,42.97,1.48,-0.79,0.85,64.50,33.60,51.90,33.35,15.01,986.00,-38.19,350.0,-717.50,-218.75,1,53.322,"
1784218624.1935859,"01/01/2000,04:44:45.36,-997.07,-18.07,16.60,0.18,-0.58,0.20,63.90,33.75,53.25,33.06,15.13,985.88,-38.06,87.50,-647.50,-315.0,1,53.322,"
1784218624.2151856,"01/01/2000,04:44:45.37,-1019.04,-29.30,-15.14,1.06,1.04,0.18,64.05,34.05,51.90,33.35,15.13,986.00,-38.06,43.75,-630.0,-367.50,1,53.322,"
1784218624.2319603,"01/01/2000,04:44:45.39,-999.51,-27.83,-1.46,-0.20,2.10,-1.59,64.35,33.0,51.75,33.44,15.13,986.25,-37.94,306.25,-630.0,-245.0,1,53.322,"
1784218624.2563326,"01/01/2000,04:44:45.42,-1007.32,-8.79,-53.71,0.73,-2.51,0.25,64.65,33.0,53.25,33.44,15.25,985.76,-38.06,262.50,-656.25,-288.75,1,53.322,"
1784218624.27909,"01/01/2000,04:44:45.44,-1041.02,-28.32,55.18,-1.79,1.37,-0.79,63.15,32.25,52.20,33.35,15.13,985.52,-38.19,271.25,-656.25,-262.50,1,53.322,"
1784218624.2968256,"01/01/2000,04:44:45.46,-1026.37,-15.14,7.32,1.51,-0.40,-0.99,65.40,33.45,53.25,33.30,15.01,985.88,-38.19,332.50,-603.75,-297.50,1,53.322,"
1784218624.3132298,"01/01/2000,04:44:45.47,-1002.44,-6.35,-30.76,1.55,-1.34,0.62,64.05,33.60,54.60,33.59,15.13,985.88,-38.06,490.0,-542.50,-323.75,1,53.321,"
1784218624.3274825,"01/01/2000,04:44:45.49,-985.35,-58.11,-0.49,-2.62,-0.37,2.20,66.0,31.65,52.65,33.30,15.25,984.91,-35.87,997.50,-455.0,-201.25,1,53.321,"
1784218624.3545613,"01/01/2000,04:44:45.51,-1006.35,-0.49,6.84,0.53,-0.87,-0.25,64.95,31.65,52.65,33.25,15.62,986.00,-34.65,218.75,-332.50,-253.75,1,53.321,"
1784218624.386305,"01/01/2000,04:44:45.55,-1041.02,-5.37,28.81,-0.28,-1.96,0.43,64.95,35.25,51.15,33.30,14.76,983.81,-33.18,2248.75,-638.75,-192.50,1,53.322,"
1784218624.4255455,"01/01/2000,04:44:45.58,-1036.13,4.88,-26.37,-0.63,-2.40,0.65,63.0,32.85,54.15,33.35,15.13,985.27,-31.60,2546.25,-227.50,-175.0,1,53.322,"
1784218624.4440017,"01/01/2000,04:44:45.60,-1005.86,-27.83,39.06,-0.24,-2.46,-1.15,66.30,33.45,53.70,33.25,15.01,984.17,-31.48,3377.50,-691.25,-96.25,1,53.322,"
1784218624.460583,"01/01/2000,04:44:45.62,-963.38,-23.44,-35.64,-0.11,-4.76,1.34,62.70,33.0,52.95,33.16,15.01,984.05,-29.65,3377.50,-621.25,-332.50,1,53.322,"
1784218624.4984295,"01/01/2000,04:44:45.66,-1027.83,-32.71,-2.44,0.30,-2.86,1.69,63.0,33.15,51.90,33.35,14.15,985.76,-28.91,3036.25,-962.50,-157.50,1,53.322,"
1784218624.5161047,"01/01/2000,04:44:45.68,-1033.69,-7.32,-50.78,0.53,-0.84,1.60,65.10,33.45,52.20,33.16,14.03,986.13,-30.99,2686.25,-1400.0,-105.0,1,53.322,"
1784218624.5323193,"01/01/2000,04:44:45.70,-1008.79,-32.71,11.72,2.18,-2.71,-0.51,64.50,32.85,51.15,33.49,14.40,984.91,-32.82,2178.75,-1557.50,-96.25,1,53.322,"
1784218624.5585322,"01/01/2000,04:44:45.71,-1013.18,-34.18,-17.58,3.61,-1.80,0.27,64.65,32.55,54.0,33.35,13.91,984.78,-32.94,1898.75,-2476.25,17.50,1,53.322,"
1784218624.5718029,"01/01/2000,04:44:45.73,-1045.90,-29.30,7.81,-1.11,1.44,2.32,64.50,32.40,53.40,33.49,14.40,987.59,-34.40,1242.50,-1925.0,-105.0,1,53.322,"
1784218624.6109326,"01/01/2000,04:44:45.77,-1008.79,-33.69,36.13,1.22,-3.25,-0.31,64.65,33.0,52.95,33.30,15.13,987.71,-36.72,1373.75,-1907.50,-43.75,1,53.322,"
1784218624.627945,"01/01/2000,04:44:45.79,-994.63,-12.70,47.36,2.63,-0.30,-0.24,62.55,30.75,55.05,33.30,14.40,985.27,-38.06,883.75,-2353.75,-61.25,1,53.322,"
1784218624.645684,"01/01/2000,04:44:45.80,-1002.44,-19.04,70.31,1.40,-2.05,-3.45,63.90,31.80,52.50,33.25,13.79,983.81,-41.97,1268.75,-2940.0,105.0,1,53.322,"
1784218624.660633,"01/01/2000,04:44:45.82,-1025.39,4.39,48.83,4.13,0.24,-0.91,64.65,33.45,53.25,33.30,13.66,985.27,-44.29,1330.0,-2773.75,8.75,1,53.322,"
1784218624.6869955,"01/01/2000,04:44:45.84,-993.16,-3.91,26.86,2.19,0.15,1.19,66.60,32.25,52.95,33.35,14.52,987.35,-44.04,673.75,-2292.50,-78.75,1,53.322,"
1784218624.7004843,"01/01/2000,04:44:45.86,-1029.30,-24.41,10.74,-0.30,-0.24,0.19,63.75,33.15,53.85,33.35,15.74,988.08,-43.80,402.50,-1540.0,-183.75,1,53.322,"
1784218624.7183397,"01/01/2000,04:44:45.88,-1004.88,-12.21,-15.14,0.18,-0.31,-2.01,65.70,33.15,53.85,33.11,16.71,986.74,-46.36,621.25,-1146.25,-140.0,1,53.322,"
1784218624.7398305,"01/01/2000,04:44:45.90,-1019.53,-42.97,24.90,-1.34,-1.27,-0.42,64.65,33.75,53.25,33.11,16.59,986.25,-47.46,761.25,-936.25,-61.25,1,53.322,"
1784218624.7633321,"01/01/2000,04:44:45.92,-988.77,-38.09,-31.25,-0.05,1.94,2.11,62.25,32.40,55.35,33.30,15.49,986.74,-46.60,542.50,-980.0,-166.25,1,53.321,"
1784218624.7846675,"01/01/2000,04:44:45.94,-1014.16,-29.79,50.78,-1.40,-0.86,0.82,65.70,31.95,51.15,33.49,15.01,986.98,-48.56,612.50,-1207.50,-175.0,1,53.321,"
1784218624.8064454,"01/01/2000,04:44:45.96,-1016.11,-38.09,80.57,1.08,-0.03,-1.21,63.75,32.40,54.45,33.59,15.49,986.37,-48.56,638.75,-1006.25,-105.0,1,53.321,"
1784218624.8231432,"01/01/2000,04:44:45.98,-1002.93,-46.88,51.76,0.37,3.12,-0.47,63.15,33.45,51.30,33.35,16.71,984.78,-46.85,-175.0,-105.0,-183.75,1,53.321,"
1784218624.8405497,"01/01/2000,04:44:46.00,-1030.76,-23.93,74.22,-0.76,0.68,-0.92,64.50,33.15,52.65,33.16,16.84,983.56,-47.82,-253.75,420.0,-210.0,1,53.322,"
1784218624.8608701,"01/01/2000,04:44:46.02,-1008.79,-21.97,16.60,-0.42,-2.26,-0.57,64.50,33.15,52.65,33.35,16.35,983.69,-51.12,-87.50,787.50,-323.75,1,53.322,"
1784218624.8710823,"01/01/2000,04:44:46.03,-1017.09,-8.79,31.25,0.06,2.94,-1.34,64.65,32.55,53.25,33.49,15.25,983.93,-52.46,735.0,26.25,-236.25,1,53.322,"
1784218624.8953674,"01/01/2000,04:44:46.05,-1007.81,-13.67,-5.86,2.97,-0.74,-0.89,64.05,33.15,53.40,33.30,15.13,985.88,-49.41,236.25,17.50,-306.25,1,53.322,"
1784218624.9274063,"01/01/2000,04:44:46.09,-1010.74,-17.09,-38.57,-1.30,2.30,-0.34,64.65,34.20,52.20,33.35,15.37,987.22,-49.04,52.50,-61.25,-332.50,1,53.322,"
1784218624.9692984,"01/01/2000,04:44:46.13,-1014.65,-21.00,-22.46,1.15,0.32,-0.28,64.35,32.55,53.70,33.59,15.74,984.78,-50.87,245.0,568.75,-297.50,1,53.322,"
1784218624.986989,"01/01/2000,04:44:46.15,-1018.07,-29.30,-10.74,1.18,-0.53,-0.12,65.10,32.55,52.50,33.35,15.37,984.91,-51.36,113.75,61.25,-166.25,1,53.322,"
1784218625.0067298,"01/01/2000,04:44:46.16,-1014.65,-20.02,-45.90,0.08,-0.30,0.16,64.50,33.60,53.10,33.16,14.76,985.52,-51.85,428.75,-367.50,-201.25,1,53.322,"
1784218625.0252917,"01/01/2000,04:44:46.18,-1015.63,-24.41,-10.25,-0.92,0.27,-1.41,63.75,31.95,52.65,33.35,15.13,984.91,-51.00,253.75,-393.75,-245.0,1,53.322,"
1784218625.0439928,"01/01/2000,04:44:46.20,-1015.14,-4.88,60.06,1.31,-1.76,-2.21,63.90,33.0,53.25,33.44,15.01,984.30,-49.78,551.25,-420.0,-157.50,1,53.322,"
1784218625.0582001,"01/01/2000,04:44:46.22,-1031.74,-28.81,37.11,-0.09,-0.05,0.18,64.05,33.15,52.65,33.25,15.13,985.39,-48.92,43.75,-332.50,-411.25,1,53.322,"
1784218625.0731301,"01/01/2000,04:44:46.24,-1015.14,5.37,-13.67,-2.26,-1.27,1.18,64.95,31.95,53.10,33.35,15.13,986.49,-49.41,350.0,-376.25,-306.25,1,53.322,"
1784218625.098367,"01/01/2000,04:44:46.26,-1007.81,-32.23,-61.52,0.89,0.85,-0.22,64.05,32.40,52.35,33.30,15.13,986.49,-50.26,8.75,-490.0,-315.0,1,53.322,"
1784218625.1272864,"01/01/2000,04:44:46.29,-1011.23,-35.64,68.36,0.93,-4.53,-0.64,64.65,33.0,52.95,33.35,15.37,984.05,-50.63,315.0,-157.50,-306.25,1,53.322,"
1784218625.1566894,"01/01/2000,04:44:46.31,-1033.69,-0.98,44.92,-1.21,2.83,4.31,64.05,34.05,53.10,33.59,15.13,985.27,-50.75,61.25,-262.50,-166.25,1,53.322,"
1784218625.1705139,"01/01/2000,04:44:46.33,-1012.21,-8.79,-6.35,1.20,0.23,-1.24,62.55,33.60,52.65,33.30,15.01,986.13,-51.36,-8.75,-245.0,-288.75,1,53.322,"
1784218625.1925006,"01/01/2000,04:44:46.35,-1020.51,-17.58,-10.74,-0.77,1.78,0.55,64.35,33.45,52.20,33.30,15.37,985.27,-51.24,131.25,-367.50,-236.25,1,53.322,"
1784218625.2280147,"01/01/2000,04:44:46.39,-1012.70,-16.11,4.88,3.42,0.37,0.50,64.50,33.15,52.65,33.44,15.13,986.74,-49.78,-17.50,-262.50,-175.0,1,53.322,"
1784218625.2447522,"01/01/2000,04:44:46.40,-1027.83,-15.14,1.46,0.95,-0.65,-1.73,63.15,33.75,52.20,33.35,15.01,987.47,-50.26,288.75,-52.50,-201.25,1,53.322,"
1784218625.262805,"01/01/2000,04:44:46.42,-1006.84,-47.85,56.15,-1.12,-0.27,-2.07,63.90,34.20,52.50,33.35,15.49,986.61,-50.02,131.25,96.25,-341.25,1,53.322,"
1784218625.2940953,"01/01/2000,04:44:46.45,-1026.37,-40.04,35.16,-3.0,-1.55,0.56,64.35,31.35,54.0,33.16,15.37,983.32,-50.75,192.50,-105.0,-210.0,1,53.322,"
1784218625.3093472,"01/01/2000,04:44:46.47,-1053.22,-3.42,-21.00,0.93,0.82,0.36,63.60,32.55,52.95,33.16,14.64,983.56,-51.00,201.25,-455.0,-245.0,1,53.322,"
1784218625.324869,"01/01/2000,04:44:46.49,-1023.93,-20.02,34.67,2.48,-0.26,-0.94,64.35,33.45,52.20,33.35,14.64,985.52,-50.75,-43.75,-595.0,-306.25,1,53.322,"
1784218625.3608656,"01/01/2000,04:44:46.52,-1011.72,-50.78,67.38,-2.22,0.44,-0.41,61.95,33.45,54.0,33.35,15.37,984.30,-52.34,341.25,-700.0,-157.50,1,53.321,"
1784218625.3842971,"01/01/2000,04:44:46.54,-1011.72,-21.48,64.94,-0.02,-2.29,1.30,63.75,32.40,53.10,33.11,15.49,984.05,-51.48,393.75,-533.75,-323.75,1,53.321,"
1784218625.4011307,"01/01/2000,04:44:46.56,-1024.41,-32.23,10.25,0.45,0.11,1.31,65.70,33.15,50.85,33.16,15.13,984.78,-50.14,385.0,-586.25,-358.75,1,53.322,"
1784218625.4171786,"01/01/2000,04:44:46.58,-1031.74,-40.04,-4.88,-0.03,0.11,-1.30,63.30,33.15,51.60,33.59,15.25,986.49,-49.17,-262.50,-437.50,-175.0,1,53.322,"
1784218625.4551442,"01/01/2000,04:44:46.61,-1026.86,-11.72,62.50,3.50,-1.21,0.02,63.60,33.45,51.75,33.44,15.37,984.66,-52.70,332.50,-673.75,-175.0,1,53.322,"
1784218625.473194,"01/01/2000,04:44:46.63,-1027.34,-27.34,20.51,-0.23,2.05,-0.80,64.65,33.0,52.20,33.16,15.13,985.03,-51.73,-17.50,-525.0,-218.75,1,53.322,"
1784218625.4899554,"01/01/2000,04:44:46.65,-1019.04,-24.41,43.95,0.18,-0.91,0.93,64.35,33.0,52.20,33.35,14.88,986.00,-51.85,-17.50,-516.25,-245.0,1,53.322,"
1784218625.5110838,"01/01/2000,04:44:46.67,-999.02,-14.16,107.42,-2.21,1.96,-0.66,64.65,31.80,53.25,33.49,15.13,985.27,-51.85,463.75,-997.50,-166.25,1,53.321,"
1784218625.5274184,"01/01/2000,04:44:46.69,-1013.67,-18.07,63.96,0.63,-1.19,0.01,64.35,32.55,52.95,33.49,15.62,984.54,-50.14,113.75,-603.75,-218.75,1,53.322,"
1784218625.5456553,"01/01/2000,04:44:46.70,-1022.95,-21.48,72.27,-1.03,2.52,-1.27,63.90,33.75,52.50,33.35,15.62,984.05,-49.65,376.25,-691.25,-253.75,1,53.322,"
1784218625.563363,"01/01/2000,04:44:46.72,-1017.58,-23.44,55.66,-0.27,-1.02,0.52,63.90,33.75,52.50,33.44,15.13,984.54,-49.41,472.50,-665.0,-297.50,1,53.322,"
1784218625.5942125,"01/01/2000,04:44:46.76,-998.54,-43.46,20.51,-0.36,1.63,-0.39,64.95,32.40,51.90,33.44,15.37,986.13,-51.24,-323.75,-700.0,-227.50,1,53.322,"
1784218625.6183834,"01/01/2000,04:44:46.78,-983.40,-3.42,-2.44,0.39,1.36,0.07,63.90,33.45,54.0,33.35,15.37,983.20,-53.44,323.75,-708.75,-148.75,1,53.322,"
1784218625.6441405,"01/01/2000,04:44:46.80,-1006.35,0.0,-2.44,-0.24,2.37,-0.53,65.10,32.55,52.20,33.30,15.37,982.71,-52.95,61.25,-498.75,-96.25,1,53.322,"
1784218625.6599936,"01/01/2000,04:44:46.82,-1024.90,-7.32,19.04,0.97,2.10,-1.32,64.35,33.75,52.50,33.30,15.01,984.30,-51.85,61.25,-420.0,-210.0,1,53.322,"
1784218625.6919725,"01/01/2000,04:44:46.85,-1005.37,-2.44,39.55,1.51,-1.56,0.37,66.30,31.80,51.75,33.49,14.88,986.37,-51.73,350.0,-831.25,-271.25,1,53.322,"
1784218625.7110705,"01/01/2000,04:44:46.87,-1003.42,-21.00,26.37,-0.12,-0.98,0.79,62.40,32.25,52.50,33.25,15.37,986.74,-50.51,140.0,-743.75,-166.25,1,53.322,"
1784218625.7274547,"01/01/2000,04:44:46.89,-1013.67,-30.76,56.15,0.80,1.27,1.01,63.75,32.85,52.35,33.30,15.01,986.00,-50.39,437.50,-638.75,-288.75,1,53.322,"
1784218625.7465925,"01/01/2000,04:44:46.91,-996.09,-9.28,78.13,-0.24,-0.69,0.05,63.60,32.55,52.50,33.11,14.64,986.98,-50.39,297.50,-778.75,-227.50,1,53.322,"
1784218625.7633567,"01/01/2000,04:44:46.92,-1043.46,-6.35,5.86,0.90,0.63,-2.73,63.60,32.55,52.50,33.30,14.88,986.74,-50.75,201.25,-997.50,-288.75,1,53.322,"
1784218625.794179,"01/01/2000,04:44:46.94,-1013.18,-63.96,44.92,0.99,-1.67,0.92,63.0,30.75,53.85,33.25,15.37,984.54,-52.22,402.50,-936.25,-280.0,1,53.322,"
1784218625.8125477,"01/01/2000,04:44:46.97,-994.14,-50.78,109.86,-0.38,-0.37,-0.49,63.90,31.80,52.50,33.35,15.25,982.71,-51.61,411.25,-813.75,-245.0,1,53.321,"
1784218625.8493526,"01/01/2000,04:44:47.01,-1014.16,-17.09,96.19,-0.99,1.31,0.59,62.40,31.80,54.45,33.30,15.25,986.25,-51.97,280.0,-936.25,-183.75,1,53.322,"
1784218625.872687,"01/01/2000,04:44:47.03,-1010.25,-61.04,31.74,-0.81,1.15,0.54,64.05,32.85,52.65,33.35,15.62,986.74,-51.61,446.25,-796.25,-245.0,1,53.321,"
1784218625.8888755,"01/01/2000,04:44:47.05,-1026.86,-9.28,-20.51,-0.13,0.91,3.52,63.90,32.25,51.75,33.35,15.74,985.88,-50.14,280.0,-612.50,-280.0,1,53.322,"
1784218625.906012,"01/01/2000,04:44:47.07,-1005.86,-15.14,-64.94,0.44,2.31,0.78,63.90,33.75,52.95,33.30,15.86,985.03,-49.53,-78.75,-446.25,-236.25,1,53.322,"
1784218625.928309,"01/01/2000,04:44:47.09,-1000.49,-31.25,3.42,0.56,1.69,0.21,63.30,32.40,52.35,33.35,15.13,985.15,-50.75,323.75,-717.50,-148.75,1,53.322,"
1784218625.9623773,"01/01/2000,04:44:47.12,-1008.30,-36.62,63.96,0.89,-1.08,-0.53,63.60,34.20,51.75,33.49,15.25,986.37,-51.61,253.75,-708.75,-183.75,1,53.321,"
1784218625.9777703,"01/01/2000,04:44:47.14,-1019.53,-9.77,37.11,0.34,0.84,-1.14,64.65,32.25,51.0,33.35,15.13,985.15,-51.97,306.25,-770.0,-96.25,1,53.322,"
1784218626.0062594,"01/01/2000,04:44:47.16,-1034.18,-28.81,33.69,1.46,-0.93,0.15,62.70,33.75,52.95,33.35,15.49,984.66,-51.48,201.25,-577.50,-157.50,1,53.322,"
1784218626.021344,"01/01/2000,04:44:47.18,-1024.41,7.32,27.34,0.13,0.17,1.54,64.35,33.75,52.20,33.44,15.25,984.91,-51.61,-17.50,-420.0,-271.25,1,53.322,"
1784218626.0518305,"01/01/2000,04:44:47.21,-1031.74,-26.86,45.41,0.14,1.71,-0.09,63.75,32.40,53.10,33.30,15.13,986.98,-51.36,271.25,-866.25,-288.75,1,53.322,"
1784218626.0711884,"01/01/2000,04:44:47.23,-999.02,-17.09,-15.14,2.60,0.57,0.24,63.15,31.80,51.30,33.49,15.25,986.00,-49.90,61.25,-997.50,-210.0,1,53.322,"
1784218626.0956278,"01/01/2000,04:44:47.25,-1012.70,-35.16,35.16,-1.63,-2.66,-0.08,63.30,34.80,53.40,33.35,15.13,983.56,-50.75,271.25,-857.50,-271.25,1,53.322,"
1784218626.1095865,"01/01/2000,04:44:47.27,-1025.88,-22.95,-26.86,-0.08,0.36,1.02,63.15,32.55,52.20,33.16,15.01,982.95,-51.48,455.0,-630.0,-280.0,1,53.322,"
1784218626.1455433,"01/01/2000,04:44:47.30,-1017.09,-21.97,-21.00,0.89,1.88,-1.94,63.60,32.25,51.75,33.30,15.13,985.76,-51.73,-17.50,-603.75,-376.25,1,53.322,"
1784218626.1634996,"01/01/2000,04:44:47.32,-989.26,-21.97,86.43,-1.17,-1.35,-2.52,63.60,32.25,51.75,33.30,15.62,984.91,-52.34,201.25,-621.25,-78.75,1,53.322,"
1784218626.1797497,"01/01/2000,04:44:47.34,-1011.72,2.44,65.43,-0.22,-2.09,0.82,62.70,32.25,52.95,33.30,15.49,984.17,-52.70,236.25,-516.25,-420.0,1,53.322,"
1784218626.1941447,"01/01/2000,04:44:47.36,-1017.09,-10.74,36.62,-0.95,-2.16,2.39,63.90,33.0,51.30,33.25,15.49,984.05,-52.83,157.50,-516.25,-87.50,1,53.322,"
1784218626.222471,"01/01/2000,04:44:47.38,-1007.32,-34.67,108.40,-2.68,-1.56,1.37,64.35,34.65,51.30,33.35,15.13,985.03,-51.12,271.25,-35.0,-507.50,1,53.322,"
1784218626.2517502,"01/01/2000,04:44:47.41,-1026.86,-26.37,69.34,0.31,-1.79,0.08,62.55,31.95,53.40,33.25,15.37,986.74,-50.75,0.0,-700.0,-288.75,1,53.322,"
1784218626.2788517,"01/01/2000,04:44:47.43,-1032.71,-56.15,65.92,2.62,-0.76,0.91,63.15,33.0,52.50,33.44,15.37,985.52,-52.46,332.50,-665.0,-280.0,1,53.322,"
1784218626.2918558,"01/01/2000,04:44:47.45,-1009.77,-17.09,35.64,1.15,-2.33,-0.79,63.15,33.75,53.25,33.44,15.37,984.78,-51.97,105.0,-420.0,-227.50,1,53.322,"
1784218626.3157754,"01/01/2000,04:44:47.47,-1022.95,-32.71,9.77,0.19,-1.80,1.11,61.20,32.25,53.70,33.49,14.64,984.42,-51.97,341.25,-857.50,-288.75,1,53.322,"
1784218626.335039,"01/01/2000,04:44:47.50,-1046.39,-13.67,9.77,-1.15,1.84,1.34,62.25,31.95,53.10,33.35,15.49,985.76,-51.85,341.25,-262.50,-323.75,1,53.322,"
1784218626.3600664,"01/01/2000,04:44:47.52,-1016.60,-44.43,62.50,-0.15,-0.92,-0.82,63.30,33.60,52.65,33.25,15.86,986.98,-51.36,-656.25,96.25,-210.0,1,53.322,"
1784218626.3770823,"01/01/2000,04:44:47.53,-1016.11,-54.20,70.80,1.66,0.52,0.74,63.15,31.35,52.95,33.35,15.74,985.15,-53.19,280.0,-280.0,-262.50,1,53.322,"
1784218626.3949473,"01/01/2000,04:44:47.55,-1045.90,5.37,35.16,2.56,-1.68,0.21,62.70,33.75,51.75,33.25,14.64,984.78,-52.83,761.25,-971.25,-393.75,1,53.322,"
1784218626.4305582,"01/01/2000,04:44:47.59,-1011.23,-28.32,61.52,-0.06,-1.09,-1.79,61.20,32.25,54.45,33.25,14.64,984.54,-51.12,393.75,-927.50,-288.75,1,53.322,"
1784218626.4467692,"01/01/2000,04:44:47.61,-1005.37,-5.86,-4.88,-0.32,-0.70,-0.95,63.75,32.85,52.65,33.44,15.62,985.27,-51.24,17.50,-787.50,-61.25,1,53.322,"
1784218626.4608514,"01/01/2000,04:44:47.62,-1012.70,-29.30,56.15,-1.31,-0.96,0.66,63.15,33.45,51.30,33.44,15.37,985.52,-52.58,35.0,-420.0,-437.50,1,53.322,"
1784218626.5030441,"01/01/2000,04:44:47.66,-1019.04,-6.84,-39.55,1.92,-2.60,-0.95,62.70,33.45,52.20,33.30,14.88,984.78,-51.73,113.75,-586.25,-472.50,1,53.322,"
1784218626.53103,"01/01/2000,04:44:47.70,-981.45,-15.63,70.80,0.50,0.49,0.88,63.75,32.40,50.10,33.11,15.62,985.64,-51.61,70.0,-603.75,-157.50,1,53.322,"
1784218626.558557,"01/01/2000,04:44:47.72,-1009.77,-28.81,-1.95,1.79,-0.49,-0.36,62.70,33.45,51.75,33.35,15.25,984.91,-53.92,481.25,-822.50,-192.50,1,53.322,"
1784218626.5754387,"01/01/2000,04:44:47.74,-1035.16,-5.37,-22.46,2.24,-0.92,0.33,63.15,31.80,52.95,33.35,15.13,985.27,-52.70,385.0,-700.0,-227.50,1,53.322,"
1784218626.5941198,"01/01/2000,04:44:47.75,-1013.67,-33.69,41.02,2.97,-0.14,2.82,62.55,33.15,52.65,33.16,14.27,985.64,-51.00,385.0,-883.75,-306.25,1,53.322,"
1784218626.6142745,"01/01/2000,04:44:47.77,-1021.97,-30.76,20.51,2.47,-2.47,-2.01,63.75,33.60,51.90,33.49,15.01,986.00,-49.29,271.25,-831.25,-245.0,1,53.322,"
1784218626.6310806,"01/01/2000,04:44:47.79,-996.58,-43.46,49.80,-1.11,-0.12,0.07,60.0,33.0,54.75,33.16,15.13,986.25,-49.65,26.25,-577.50,-437.50,1,53.322,"
1784218626.6468017,"01/01/2000,04:44:47.81,-1008.79,-39.55,26.86,1.16,-1.29,-1.06,64.35,34.20,51.30,33.49,15.62,985.15,-52.22,122.50,-612.50,-166.25,1,53.322,"
1784218626.6608732,"01/01/2000,04:44:47.82,-1020.02,-2.44,-26.37,-1.18,-0.87,1.19,61.80,31.95,53.85,33.16,15.01,984.30,-53.80,577.50,-358.75,-402.50,1,53.322,"
1784218626.6868663,"01/01/2000,04:44:47.85,-1017.58,-48.83,42.97,-0.51,0.40,0.47,64.50,31.65,54.60,33.16,14.88,984.91,-52.83,411.25,-568.75,-140.0,1,53.322,"
1784218626.703789,"01/01/2000,04:44:47.86,-1019.53,-3.42,8.79,2.24,1.10,0.24,63.0,32.85,53.40,33.25,14.40,986.00,-51.73,245.0,-735.0,-411.25,1,53.322,"
1784218626.7374368,"01/01/2000,04:44:47.90,-983.40,-17.09,88.87,-0.29,-1.34,-1.32,62.70,32.25,52.50,33.35,15.62,984.66,-54.29,393.75,-542.50,-183.75,1,53.322,"
1784218626.7596052,"01/01/2000,04:44:47.92,-1001.95,-14.16,33.69,1.22,-0.55,1.70,63.90,33.45,53.25,33.30,14.88,983.08,-54.29,603.75,-770.0,-262.50,1,53.322,"
1784218626.776427,"01/01/2000,04:44:47.94,-1031.74,-2.44,-9.28,0.02,-0.50,0.18,63.30,31.95,51.90,33.35,14.15,984.66,-51.24,463.75,-507.50,-498.75,1,53.322,"
1784218626.7917747,"01/01/2000,04:44:47.95,-1015.63,2.93,-35.16,0.60,0.82,-1.03,61.65,32.55,51.75,32.82,14.52,985.64,-50.02,455.0,-1277.50,-175.0,1,53.322,"
1784218626.8110318,"01/01/2000,04:44:47.97,-1021.00,-33.20,18.07,2.34,0.64,-1.09,62.40,34.20,50.55,33.35,15.25,985.39,-51.24,393.75,-857.50,-218.75,1,53.322,"
1784218626.8442242,"01/01/2000,04:44:48.00,-1009.77,-10.25,16.11,1.33,-3.07,-0.24,61.80,32.85,54.60,33.16,15.37,984.05,-53.44,437.50,-988.75,-61.25,1,53.322,"
1784218626.8565595,"01/01/2000,04:44:48.02,-1002.44,-42.48,41.02,-2.34,-0.42,0.53,63.30,32.40,51.90,33.35,15.01,984.66,-54.05,630.0,-315.0,-341.25,1,53.322,"
1784218626.87534,"01/01/2000,04:44:48.03,-1043.46,-36.13,60.55,-0.34,3.44,1.44,63.30,32.40,51.90,33.25,14.64,986.25,-51.97,201.25,-577.50,-297.50,1,53.322,"
1784218626.8962276,"01/01/2000,04:44:48.06,-995.61,-32.23,99.12,-1.02,-0.66,-1.72,62.55,31.95,52.35,33.25,15.01,986.00,-51.73,455.0,-1041.25,-271.25,1,53.322,"
1784218626.927485,"01/01/2000,04:44:48.09,-1021.00,-28.32,35.16,0.07,-0.79,0.15,62.25,32.40,52.65,33.25,15.25,984.78,-54.05,428.75,-936.25,-175.0,1,53.322,"
1784218626.948575,"01/01/2000,04:44:48.11,-1013.67,-20.02,48.34,2.34,-1.99,0.73,63.60,33.45,52.20,33.35,14.64,985.03,-53.92,568.75,-1041.25,-218.75,1,53.322,"
1784218626.9695973,"01/01/2000,04:44:48.13,-1018.07,-52.25,85.94,-0.02,0.92,1.46,62.70,31.35,51.75,33.25,14.52,986.00,-51.97,420.0,-1312.50,-210.0,1,53.322,"
1784218626.987376,"01/01/2000,04:44:48.15,-995.12,-44.43,78.13,0.44,-0.21,-0.47,62.70,33.75,52.95,33.25,15.49,986.37,-52.58,-26.25,-1225.0,-218.75,1,53.322,"
1784218627.020433,"01/01/2000,04:44:48.18,-994.14,2.93,66.89,1.31,1.57,-0.89,61.80,33.15,52.65,33.30,15.13,984.30,-60.88,-35.0,-1295.0,-140.0,1,53.322,"
1784218627.0442445,"01/01/2000,04:44:48.20,-1024.41,-55.66,82.03,0.18,-0.85,1.60,63.30,31.95,51.90,33.49,14.76,984.42,-63.44,253.75,-892.50,-157.50,1,53.322,"
1784218627.0586648,"01/01/2000,04:44:48.22,-1010.74,-29.30,20.51,-0.97,-0.75,-0.72,62.25,31.95,53.10,33.59,14.76,984.91,-62.71,271.25,-883.75,-297.50,1,53.322,"
1784218627.0771148,"01/01/2000,04:44:48.24,-1007.81,-26.86,-76.17,1.06,0.85,0.23,62.25,31.95,53.10,33.30,14.88,985.64,-59.54,-227.50,-927.50,-350.0,1,53.322,"
1784218627.0981703,"01/01/2000,04:44:48.26,-1015.14,-25.39,50.78,-2.81,-1.18,0.07,60.90,31.80,54.0,33.16,16.71,985.15,-59.78,-218.75,-113.75,-253.75,1,53.322,"
1784218627.119024,"01/01/2000,04:44:48.27,-1041.02,-40.53,43.46,-0.34,0.40,0.50,61.95,33.75,53.25,33.49,15.62,984.42,-63.93,0.0,-455.0,-332.50,1,53.322,"
1784218627.149798,"01/01/2000,04:44:48.31,-1002.44,-1.95,61.04,-0.65,1.04,1.07,63.0,32.85,50.85,33.25,14.64,985.15,-68.44,-437.50,-761.25,-332.50,1,53.322,"
1784218627.1714756,"01/01/2000,04:44:48.33,-1033.69,-40.53,36.13,-0.92,-0.14,-0.66,62.55,33.15,50.85,33.11,15.37,984.42,-65.51,-288.75,-647.50,-262.50,1,53.322,"
1784218627.204671,"01/01/2000,04:44:48.36,-1054.20,-5.37,-73.24,-0.26,0.15,0.84,61.35,33.15,51.15,33.30,15.86,984.91,-60.76,-131.25,-603.75,-148.75,1,53.322,"
1784218627.2233043,"01/01/2000,04:44:48.38,-967.29,-26.86,83.01,2.60,-1.50,0.64,61.35,32.85,51.90,33.16,15.37,986.49,-60.15,-577.50,-385.0,-341.25,1,53.322,"
1784218627.2456052,"01/01/2000,04:44:48.40,-978.03,-11.23,75.20,-0.63,1.64,-0.03,62.70,33.0,51.75,33.25,15.25,984.05,-61.61,-472.50,-560.0,-323.75,1,53.322,"
1784218627.2608547,"01/01/2000,04:44:48.42,-1017.58,-39.55,68.36,0.17,-0.50,0.27,61.80,32.40,52.35,33.11,15.13,982.34,-61.0,385.0,-691.25,-297.50,1,53.322,"
1784218627.277854,"01/01/2000,04:44:48.44,-1062.50,-21.97,93.26,0.37,2.88,1.06,62.40,33.0,52.20,33.35,15.01,984.66,-55.75,-498.75,-665.0,-446.25,1,53.322,"
1784218627.2956254,"01/01/2000,04:44:48.45,-1020.02,-16.11,36.13,-1.89,1.21,-0.54,62.70,31.35,52.20,33.35,14.76,986.49,-54.53,-726.25,-1277.50,-218.75,1,53.322,"
1784218627.3159266,"01/01/2000,04:44:48.48,-1031.25,-2.44,-48.34,-0.19,0.15,0.56,61.80,33.15,52.35,33.11,15.86,984.54,-56.00,227.50,-332.50,-288.75,1,53.322,"
1784218627.340108,"01/01/2000,04:44:48.49,-992.68,-29.30,0.0,0.36,0.71,2.89,62.55,32.85,51.15,33.49,15.86,985.15,-54.90,-323.75,-105.0,-201.25,1,53.322,"
1784218627.357618,"01/01/2000,04:44:48.52,-1013.18,-45.41,89.36,-0.14,0.98,0.79,61.65,33.75,51.30,33.25,14.88,985.27,-53.92,-70.0,-717.50,-367.50,1,53.322,"
1784218627.3801982,"01/01/2000,04:44:48.54,-1011.72,-33.69,46.88,-0.35,-1.52,-2.89,63.0,34.05,52.35,33.35,15.13,985.39,-53.07,-140.0,-682.50,-227.50,1,53.322,"
1784218627.3974285,"01/01/2000,04:44:48.56,-1004.88,-17.09,-22.46,2.50,0.83,-1.56,63.0,31.95,52.35,33.35,14.88,985.03,-53.07,-122.50,-752.50,-253.75,1,53.322,"
1784218627.4320898,"01/01/2000,04:44:48.59,-1028.81,-25.88,18.55,1.13,1.06,2.52,63.0,31.20,50.40,33.49,15.01,985.52,-51.73,-96.25,-962.50,-183.75,1,53.322,"
1784218627.459517,"01/01/2000,04:44:48.61,-1003.42,-16.11,96.19,-0.25,-2.77,0.05,62.25,33.15,50.85,33.59,14.64,985.27,-51.73,96.25,-1356.25,-236.25,1,53.322,"
1784218627.4733682,"01/01/2000,04:44:48.63,-1008.79,-50.29,97.17,-1.47,-2.82,-0.69,61.35,31.20,53.10,33.59,16.35,985.52,-51.48,8.75,175.0,-315.0,1,53.322,"
1784218627.4899602,"01/01/2000,04:44:48.65,-1013.18,-4.39,59.08,0.90,-0.46,1.64,62.40,33.45,51.75,33.35,14.52,985.39,-51.36,-43.75,-1575.0,-113.75,1,53.322,"
1784218627.5110197,"01/01/2000,04:44:48.66,-1007.32,-19.04,37.11,0.44,0.60,0.13,63.60,32.55,51.30,33.49,15.62,985.52,-50.87,-113.75,-813.75,-350.0,1,53.322,"
1784218627.5266979,"01/01/2000,04:44:48.69,-1026.86,-41.99,-11.72,1.91,0.51,-0.59,62.25,32.85,51.90,33.35,15.49,985.27,-51.24,131.25,-481.25,-245.0,1,53.322,"
1784218627.5400283,"01/01/2000,04:44:48.70,-1008.79,8.79,29.79,-0.63,-0.21,-1.23,61.20,33.0,54.0,33.35,15.74,985.39,-51.00,0.0,-166.25,-350.0,1,53.322,"
1784218627.561127,"01/01/2000,04:44:48.72,-1014.16,-26.37,79.10,-0.25,-0.63,-0.07,61.95,33.45,52.50,33.35,15.37,985.76,-50.75,-122.50,-682.50,-183.75,1,53.322,"
1784218627.5799968,"01/01/2000,04:44:48.74,-1012.70,-43.95,87.40,-0.49,-1.37,0.31,62.70,32.25,52.20,33.35,15.62,985.52,-50.63,17.50,-175.0,-367.50,1,53.322,"
1784218627.597953,"01/01/2000,04:44:48.76,-1021.97,15.63,16.60,-0.40,1.11,-1.13,62.55,31.95,52.65,33.35,15.98,985.27,-50.39,-52.50,96.25,-358.75,1,53.322,"
1784218627.6222422,"01/01/2000,04:44:48.78,-1030.76,-21.97,42.48,1.25,-0.65,2.62,61.65,31.35,52.50,33.35,14.40,985.15,-50.51,78.75,-918.75,-166.25,1,53.322,"
1784218627.6335328,"01/01/2000,04:44:48.79,-1008.30,-68.36,28.32,-1.33,0.47,0.05,62.55,32.85,51.15,33.44,14.64,985.39,-50.51,26.25,-1023.75,-192.50,1,53.322,"
1784218627.6712418,"01/01/2000,04:44:48.83,-1042.48,-12.70,53.22,-3.92,1.75,1.10,63.90,33.0,52.50,33.35,16.35,985.03,-50.63,262.50,857.50,-385.0,1,53.322,"
1784218627.7053308,"01/01/2000,04:44:48.86,-1041.99,-11.72,60.06,1.79,1.76,-0.60,63.30,34.35,52.35,33.35,14.40,985.27,-50.26,78.75,-253.75,-402.50,1,53.322,"
1784218627.7249496,"01/01/2000,04:44:48.89,-1032.23,0.98,-50.78,0.83,-0.50,1.99,62.55,32.40,50.85,33.64,14.40,985.52,-50.14,8.75,-245.0,-350.0,1,53.322,"
1784218627.7381456,"01/01/2000,04:44:48.90,-1037.11,-14.16,-38.09,-1.20,-1.95,1.53,61.20,31.35,54.45,33.35,14.52,985.27,-50.39,0.0,-280.0,-297.50,1,53.322,"
1784218627.7610204,"01/01/2000,04:44:48.92,-1022.95,-10.74,40.04,-2.87,0.37,0.90,63.0,34.05,51.90,33.25,15.49,985.27,-50.26,280.0,-70.0,-166.25,1,53.322,"
1784218627.7776484,"01/01/2000,04:44:48.94,-1006.84,-40.04,3.91,-0.60,-0.57,-1.61,61.80,32.40,50.85,33.49,15.01,985.76,-49.53,-166.25,-376.25,-201.25,1,53.322,"
1784218627.7982564,"01/01/2000,04:44:48.96,-986.33,-16.11,-84.96,1.13,-0.47,-0.51,62.25,30.75,53.85,33.49,15.62,985.27,-50.39,315.0,638.75,-288.75,1,53.322,"
1784218627.8212938,"01/01/2000,04:44:48.98,-980.47,-4.88,98.14,0.17,-1.09,0.52,62.40,33.45,52.20,33.35,15.01,985.52,-49.90,157.50,472.50,-306.25,1,53.322,"
1784218627.8347752,"01/01/2000,04:44:48.99,-1032.71,5.86,-15.63,-0.08,-0.27,-1.24,63.15,34.20,52.50,33.44,14.64,985.64,-49.41,-17.50,-157.50,-262.50,1,53.322,"
1784218627.8609078,"01/01/2000,04:44:49.01,-1022.95,-32.71,98.63,0.90,-0.12,-2.94,63.30,33.15,52.65,33.44,14.15,985.52,-49.65,253.75,-936.25,-183.75,1,53.322,"
1784218627.8792493,"01/01/2000,04:44:49.04,-1032.71,-24.41,4.39,-0.22,-1.08,-1.05,60.30,31.65,53.40,33.25,13.79,985.52,-49.78,-26.25,-1155.0,-183.75,1,53.322,"
1784218627.8991206,"01/01/2000,04:44:49.06,-1019.53,-52.73,30.76,-1.44,1.03,1.39,63.60,31.05,52.20,33.49,14.15,985.64,-49.53,26.25,-717.50,-131.25,1,53.322,"
1784218627.917267,"01/01/2000,04:44:49.08,-1001.95,-4.88,37.11,-0.82,2.03,1.80,61.35,34.35,51.15,33.35,14.88,985.64,-49.53,61.25,-113.75,-183.75,1,53.322,"
1784218627.9590383,"01/01/2000,04:44:49.11,-1021.00,-15.63,80.08,1.06,-1.26,2.20,59.70,32.25,52.20,33.35,14.40,985.27,-49.41,113.75,-315.0,-323.75,1,53.322,"
1784218627.9891036,"01/01/2000,04:44:49.15,-1028.32,-15.14,0.0,-1.10,-0.93,0.18,61.35,33.15,52.35,33.25,14.40,985.52,-49.29,-8.75,-148.75,-315.0,1,53.322,"
1784218628.0109804,"01/01/2000,04:44:49.17,-1042.48,-50.29,10.25,0.44,-1.89,1.31,64.35,31.80,51.75,33.25,15.01,985.52,-49.17,-113.75,-350.0,-306.25,1,53.322,"
1784218628.0280986,"01/01/2000,04:44:49.19,-996.58,-29.79,-37.60,0.37,1.04,1.61,62.55,32.40,52.35,33.35,15.86,985.27,-49.29,61.25,245.0,-210.0,1,53.322,"
1784218628.044171,"01/01/2000,04:44:49.20,-1033.69,-15.14,4.39,-1.32,3.07,-1.29,62.40,33.0,51.0,33.25,14.88,985.03,-49.41,218.75,-297.50,-148.75,1,53.322,"
1784218628.0608203,"01/01/2000,04:44:49.23,-988.28,-21.48,108.89,-2.05,-1.56,-0.11,62.25,32.85,50.85,33.49,13.79,985.27,-49.29,35.0,-612.50,-236.25,1,53.322,"
1784218628.1011276,"01/01/2000,04:44:49.26,-1021.48,-12.70,94.73,1.11,-2.22,-0.06,63.75,32.85,51.60,33.35,15.62,985.27,-49.04,122.50,-218.75,-245.0,1,53.322,"
1784218628.126622,"01/01/2000,04:44:49.28,-1032.71,-23.93,-12.70,4.77,-1.82,-0.44,61.95,33.45,52.50,33.35,15.13,985.52,-49.29,227.50,-1032.50,-140.0,1,53.322,"
1784218628.1402583,"01/01/2000,04:44:49.30,-1032.23,1.46,-3.91,0.21,-0.92,-0.05,61.95,32.55,52.50,33.35,15.98,985.76,-49.29,140.0,341.25,-323.75,1,53.322,"
1784218628.1566496,"01/01/2000,04:44:49.32,-1016.60,-28.32,68.85,-0.70,-1.49,-2.01,61.80,33.60,50.85,33.35,14.88,985.52,-49.29,183.75,-35.0,-323.75,1,53.322,"
1784218628.174419,"01/01/2000,04:44:49.33,-1004.39,-13.67,8.30,2.18,-0.78,0.69,61.80,34.05,51.15,33.11,13.79,985.39,-49.04,148.75,-1548.75,-262.50,1,53.322,"
1784218628.2123606,"01/01/2000,04:44:49.37,-1011.72,-13.18,-6.35,-0.64,0.56,-0.15,62.70,31.80,52.50,33.35,15.25,985.27,-48.92,210.0,-428.75,-175.0,1,53.322,"
1784218628.2292545,"01/01/2000,04:44:49.39,-987.79,-34.67,43.95,0.77,-0.13,-2.49,62.40,33.0,53.70,33.35,14.52,985.76,-48.80,-105.0,-1470.0,-227.50,1,53.322,"
1784218628.246283,"01/01/2000,04:44:49.41,-1009.28,-55.18,97.66,-0.76,-2.41,-1.43,61.65,32.25,52.20,33.35,15.01,985.76,-48.68,113.75,-988.75,-218.75,1,53.322,"
1784218628.2650576,"01/01/2000,04:44:49.42,-1009.28,11.23,-23.93,0.56,-0.98,-2.63,61.95,32.25,51.30,33.35,14.52,985.52,-48.56,131.25,-1093.75,-236.25,1,53.322,"
1784218628.3031592,"01/01/2000,04:44:49.46,-1011.23,-41.02,18.55,-1.62,1.53,0.27,62.25,34.05,51.90,33.44,15.13,985.76,-48.80,140.0,-752.50,-332.50,1,53.322,"
1784218628.3255222,"01/01/2000,04:44:49.48,-1001.95,-41.50,131.84,-1.79,0.24,0.56,63.15,33.45,51.75,33.11,15.37,985.88,-49.04,245.0,-770.0,-175.0,1,53.322,"
1784218628.3379455,"01/01/2000,04:44:49.50,-997.56,-10.74,60.06,-2.05,-0.88,-0.80,61.05,32.85,51.60,33.16,15.37,985.64,-48.68,87.50,-813.75,-201.25,1,53.322,"
1784218628.358594,"01/01/2000,04:44:49.52,-1005.37,-38.57,137.70,-0.57,-0.70,0.60,62.40,31.80,52.50,33.35,14.40,985.39,-48.56,96.25,-1050.0,-245.0,1,53.322,"
1784218628.3765583,"01/01/2000,04:44:49.53,-1008.79,-30.27,49.32,0.93,-0.37,-1.20,60.60,33.60,51.90,33.35,13.91,985.39,-48.56,201.25,-1321.25,-253.75,1,53.322,"
1784218628.399647,"01/01/2000,04:44:49.56,-1001.95,9.28,-12.70,0.95,-1.36,-1.63,62.55,31.65,53.40,33.35,14.64,985.64,-48.80,17.50,-1356.25,-131.25,1,53.322,"
1784218628.4232268,"01/01/2000,04:44:49.58,-1002.93,-47.85,5.86,0.31,-0.50,-1.06,61.95,31.35,52.50,33.68,15.37,985.76,-48.56,-43.75,-892.50,-175.0,1,53.322,"
1784218628.4442313,"01/01/2000,04:44:49.60,-1039.55,-9.77,50.29,3.79,-0.10,0.60,62.70,31.35,52.50,33.11,15.01,985.76,-48.80,105.0,-857.50,-131.25,1,53.322,"
1784218628.4587348,"01/01/2000,04:44:49.62,-995.12,-1.95,22.46,2.30,-1.23,-0.98,62.70,34.65,50.55,33.35,14.88,985.52,-48.80,166.25,-813.75,-428.75,1,53.322,"
1784218628.471425,"01/01/2000,04:44:49.63,-990.23,-24.90,96.68,0.46,-0.12,1.47,61.65,33.45,49.80,33.06,14.88,985.76,-48.56,52.50,-1023.75,-253.75,1,53.322,"
1784218628.4956627,"01/01/2000,04:44:49.65,-1007.81,-14.65,9.77,0.56,0.96,-0.19,63.0,32.85,51.60,33.30,14.76,985.76,-48.80,148.75,-1260.0,-446.25,1,53.322,"
1784218628.5127861,"01/01/2000,04:44:49.67,-1008.79,-33.20,9.77,-2.67,0.08,-0.89,61.35,32.40,51.15,33.35,15.37,985.76,-48.80,192.50,-717.50,-201.25,1,53.322,"
1784218628.5276628,"01/01/2000,04:44:49.69,-1009.28,-16.11,37.60,0.87,0.26,0.94,63.60,33.0,51.30,33.35,15.13,985.64,-48.80,113.75,-708.75,-227.50,1,53.322,"
1784218628.5566695,"01/01/2000,04:44:49.71,-1018.07,-53.22,88.38,0.97,-0.12,2.49,61.20,31.35,53.25,33.35,13.91,985.52,-48.43,210.0,-1522.50,-113.75,1,53.322,"
1784218628.5848947,"01/01/2000,04:44:49.74,-1026.86,3.42,11.23,0.50,2.47,-1.63,63.15,33.0,51.0,33.25,15.49,985.64,-48.68,87.50,-455.0,-87.50,1,53.322,"
1784218628.6019816,"01/01/2000,04:44:49.76,-1026.37,-25.39,13.18,0.20,2.12,-1.44,62.40,33.0,51.0,33.49,15.01,985.76,-48.80,26.25,-883.75,-350.0,1,53.322,"
1784218628.623444,"01/01/2000,04:44:49.78,-1020.02,-15.63,68.85,2.68,-0.76,1.89,62.55,31.65,51.90,33.30,15.01,985.64,-48.31,131.25,-927.50,-332.50,1,53.322,"
1784218628.6448655,"01/01/2000,04:44:49.80,-1009.77,-12.70,15.14,0.15,-0.52,-1.64,62.55,31.65,51.90,33.30,14.40,985.52,-48.56,105.0,-1216.25,-253.75,1,53.322,"
1784218628.6585362,"01/01/2000,04:44:49.82,-1011.23,-23.44,72.75,-1.15,-1.39,-0.30,61.20,31.80,51.30,33.44,15.01,985.52,-48.56,113.75,-910.0,-306.25,1,53.322,"
1784218628.6957178,"01/01/2000,04:44:49.86,-1012.70,0.98,0.49,0.98,0.68,0.11,62.55,33.15,51.90,33.11,15.49,985.52,-48.80,35.0,-761.25,-96.25,1,53.322,"
1784218628.712663,"01/01/2000,04:44:49.87,-1016.11,-6.84,52.73,1.24,0.98,-2.53,62.55,32.85,50.10,33.35,15.37,985.27,-48.31,-35.0,-700.0,-157.50,1,53.322,"
1784218628.7276528,"01/01/2000,04:44:49.89,-1028.32,-11.72,24.90,0.73,-0.50,-0.06,62.55,32.85,50.10,33.30,14.64,985.52,-48.31,131.25,-848.75,-280.0,1,53.322,"
1784218628.747723,"01/01/2000,04:44:49.91,-1034.67,-18.55,43.95,1.57,1.95,-0.34,62.25,33.15,51.15,33.44,14.52,985.76,-48.31,43.75,-1137.50,-210.0,1,53.322,"
1784218628.7863233,"01/01/2000,04:44:49.95,-1044.92,-12.21,-17.09,0.39,0.37,-0.39,62.40,34.20,51.75,33.35,14.27,985.76,-48.31,78.75,-1767.50,-192.50,1,53.322,"
1784218628.8062937,"01/01/2000,04:44:49.96,-1015.63,-31.25,-16.60,1.58,-1.82,-1.73,63.60,32.25,52.20,33.30,15.74,986.00,-48.56,122.50,-437.50,-402.50,1,53.322,"
1784218628.8252301,"01/01/2000,04:44:49.98,-1028.81,-38.09,88.38,-1.61,-0.10,-0.73,63.0,33.15,51.90,33.16,16.35,985.39,-48.80,192.50,-157.50,-183.75,1,53.322,"
1784218628.843941,"01/01/2000,04:44:50.00,-1003.91,-29.79,1.95,-0.13,-1.44,-1.02,61.80,32.40,51.60,33.25,15.37,985.03,-48.56,105.0,-682.50,-245.0,1,53.322,"
1784218628.8583868,"01/01/2000,04:44:50.02,-1017.09,-7.32,14.65,1.47,-1.69,1.29,61.80,32.40,51.60,33.25,14.88,985.52,-48.31,218.75,-726.25,-218.75,1,53.322,"
1784218628.8733766,"01/01/2000,04:44:50.04,-1013.18,-32.71,42.48,1.48,0.19,1.12,63.60,31.35,51.30,33.35,14.88,986.49,-47.95,-245.0,-463.75,-183.75,1,53.322,"
1784218628.9031286,"01/01/2000,04:44:50.06,-1000.98,-28.32,67.38,1.02,-0.56,0.53,61.20,32.55,52.95,33.30,14.88,984.78,-48.92,490.0,-953.75,-253.75,1,53.322,"
1784218628.926677,"01/01/2000,04:44:50.08,-998.05,-8.79,6.84,1.56,1.44,-1.40,63.60,33.45,50.55,33.44,16.47,985.76,-47.82,-43.75,43.75,-210.0,1,53.322,"
1784218628.939959,"01/01/2000,04:44:50.10,-1041.99,-1.95,-33.69,-0.04,-1.59,-0.77,60.90,33.45,51.30,33.35,14.52,986.00,-48.19,70.0,-1146.25,-175.0,1,53.322,"
1784218628.9575775,"01/01/2000,04:44:50.12,-1034.18,7.81,-102.54,2.04,-0.52,-0.01,61.95,33.0,50.25,33.11,14.76,985.27,-48.80,227.50,-1120.0,-245.0,1,53.322,"
1784218628.9774454,"01/01/2000,04:44:50.14,-1013.67,35.64,-44.43,0.70,-0.81,2.08,62.40,31.80,51.30,33.35,15.74,985.03,-48.31,122.50,87.50,-315.0,1,53.322,"
1784218628.9958694,"01/01/2000,04:44:50.16,-988.77,-29.30,52.73,-0.57,0.05,0.47,63.0,32.40,52.65,33.30,15.25,985.76,-47.95,218.75,-918.75,-271.25,1,53.322,"
1784218629.0133312,"01/01/2000,04:44:50.17,-1052.25,-2.93,-5.86,-0.07,-1.25,0.88,61.95,33.75,51.75,33.35,15.13,986.00,-48.07,70.0,-997.50,-183.75,1,53.322,"
1784218629.0515096,"01/01/2000,04:44:50.21,-1016.11,-39.06,42.97,-2.43,-0.71,1.89,61.80,34.05,51.15,33.35,14.88,985.52,-48.07,8.75,-472.50,-201.25,1,53.322,"
1784218629.071381,"01/01/2000,04:44:50.23,-1010.74,-34.67,67.87,-0.37,0.82,-1.49,63.15,32.55,51.30,33.16,14.52,986.00,-47.95,43.75,-883.75,-271.25,1,53.322,"
1784218629.0956106,"01/01/2000,04:44:50.25,-1009.77,-21.48,-21.00,3.98,1.72,-0.95,63.90,33.0,52.20,33.35,15.37,985.27,-48.68,35.0,-910.0,-140.0,1,53.322,"
1784218629.1091435,"01/01/2000,04:44:50.27,-1024.41,-12.70,31.25,1.47,-0.63,2.19,60.90,32.55,50.25,33.11,15.37,985.27,-48.68,332.50,-446.25,-245.0,1,53.322,"
1784218629.1230748,"01/01/2000,04:44:50.28,-1015.63,-29.79,-7.81,0.92,0.60,1.76,60.60,32.85,51.60,33.35,14.88,985.52,-47.95,43.75,-525.0,-166.25,1,53.322,"
1784218629.137906,"01/01/2000,04:44:50.30,-1001.95,-11.72,8.30,0.47,-0.34,0.05,61.95,33.75,51.75,33.44,14.52,985.39,-47.95,96.25,-551.25,-323.75,1,53.322,"
1784218629.1612184,"01/01/2000,04:44:50.32,-1018.55,-15.63,-76.66,-0.21,0.18,0.21,61.20,33.0,51.75,33.44,14.64,985.15,-48.43,131.25,-840.0,-218.75,1,53.322,"
1784218629.1797233,"01/01/2000,04:44:50.34,-1002.93,-18.07,68.85,0.46,0.89,-1.35,61.35,33.15,51.15,33.44,15.13,985.39,-48.19,192.50,-656.25,-210.0,1,53.322,"
1784218629.1943493,"01/01/2000,04:44:50.36,-1020.51,-25.88,64.94,-0.24,2.98,-0.92,62.40,32.55,51.30,33.25,15.13,985.52,-47.95,17.50,-463.75,-297.50,1,53.322,"
1784218629.2143116,"01/01/2000,04:44:50.37,-1031.25,-33.20,127.44,0.16,-0.50,-0.11,62.55,34.05,51.15,33.30,15.01,985.27,-48.31,113.75,-595.0,-280.0,1,53.322,"
1784218629.2403965,"01/01/2000,04:44:50.39,-1008.79,-17.58,17.09,0.44,0.30,0.24,61.95,33.75,50.25,33.35,14.52,985.27,-48.56,113.75,-735.0,-201.25,1,53.322,"
1784218629.2529387,"01/01/2000,04:44:50.41,-1045.90,-33.20,60.55,2.40,0.43,-1.45,60.0,31.80,53.70,33.49,14.88,985.76,-48.43,-131.25,-700.0,-183.75,1,53.322,"
1784218629.2714355,"01/01/2000,04:44:50.43,-1030.27,-9.77,22.95,3.53,3.62,0.21,63.30,33.15,51.15,33.44,15.25,985.39,-50.02,-262.50,-638.75,-157.50,1,53.322,"
1784218629.287991,"01/01/2000,04:44:50.45,-1009.77,-13.18,163.09,-0.87,2.08,-1.77,62.40,33.0,51.0,33.49,15.13,985.27,-51.97,0.0,-586.25,-271.25,1,53.322,"
1784218629.311549,"01/01/2000,04:44:50.47,-987.79,-10.74,48.34,2.02,-0.46,-0.95,61.65,32.55,51.75,33.35,14.52,986.37,-52.95,-463.75,-857.50,-280.0,1,53.322,"
1784218629.3276107,"01/01/2000,04:44:50.48,-989.75,-38.09,46.39,1.02,1.95,-1.21,62.55,33.15,51.90,33.30,14.27,985.52,-53.19,-988.75,-831.25,-385.0,1,53.322,"
1784218629.337706,"01/01/2000,04:44:50.50,-1024.41,-20.51,7.81,-2.19,1.49,-0.54,62.25,32.40,51.15,33.16,14.64,984.66,-54.41,-743.75,-901.25,-245.0,1,53.322,"
1784218629.3599155,"01/01/2000,04:44:50.52,-999.51,-44.43,36.13,1.31,1.76,0.55,62.25,31.95,50.40,33.11,14.76,985.27,-54.90,-1102.50,-603.75,-332.50,1,53.322,"
1784218629.384189,"01/01/2000,04:44:50.54,-1003.91,-13.67,39.55,0.56,4.16,0.68,61.80,33.60,50.10,33.30,14.88,986.49,-55.27,-1863.75,-717.50,-323.75,1,53.322,"
1784218629.4017074,"01/01/2000,04:44:50.56,-1024.41,-30.27,66.89,1.21,2.33,0.58,63.90,33.45,52.20,33.49,14.88,986.13,-56.49,-2283.75,-708.75,-236.25,1,53.322,"
1784218629.4223459,"01/01/2000,04:44:50.58,-992.19,-45.41,58.11,0.15,0.53,1.70,60.0,33.45,54.45,33.49,14.88,986.25,-57.58,-3106.25,-682.50,-306.25,1,53.322,"
1784218629.4437726,"01/01/2000,04:44:50.60,-1017.58,-18.55,31.25,0.13,4.61,2.14,62.40,31.80,52.20,33.25,14.88,987.35,-55.39,-3675.0,-376.25,-472.50,1,53.322,"
1784218629.482341,"01/01/2000,04:44:50.64,-1006.35,-28.32,8.30,0.69,5.50,-0.81,60.90,33.75,52.20,33.30,15.01,986.86,-50.63,-3587.50,-253.75,-411.25,1,53.322,"
1784218629.4992323,"01/01/2000,04:44:50.66,-1000.98,-10.74,-24.41,0.70,6.61,-0.47,62.55,31.65,50.85,33.35,15.13,986.86,-48.92,-4340.0,-306.25,-306.25,1,53.322,"
1784218629.5376167,"01/01/2000,04:44:50.70,-1010.25,-15.63,17.09,-0.68,2.62,-0.48,64.35,33.45,51.0,33.44,14.64,986.49,-48.19,-3981.25,-210.0,-236.25,1,53.322,"
1784218629.555039,"01/01/2000,04:44:50.71,-1032.71,-54.20,-1.46,0.64,2.62,2.15,63.15,32.25,51.0,33.25,14.76,987.35,-43.92,-4156.25,-455.0,-157.50,1,53.322,"
1784218629.5725043,"01/01/2000,04:44:50.73,-1013.18,-12.70,-28.32,1.17,6.30,-1.15,63.90,32.55,52.95,33.30,14.88,987.47,-40.75,-4506.25,-201.25,-358.75,1,53.322,"
1784218629.5941818,"01/01/2000,04:44:50.75,-1025.39,-36.62,-13.18,-1.28,3.97,-0.02,61.95,30.60,51.30,33.44,15.01,986.49,-37.82,-4611.25,-96.25,-393.75,1,53.322,"
1784218629.611058,"01/01/2000,04:44:50.77,-1013.67,-33.69,64.94,0.97,5.27,0.89,62.55,33.15,51.15,33.44,14.76,985.88,-38.31,-4095.0,-96.25,-280.0,1,53.322,"
1784218629.6290655,"01/01/2000,04:44:50.79,-1014.16,-30.76,37.60,0.18,4.43,-0.81,63.75,33.60,50.40,33.11,14.52,985.76,-38.06,-3718.75,43.75,-437.50,1,53.322,"
1784218629.6464565,"01/01/2000,04:44:50.81,-1042.48,-22.46,29.79,-1.28,3.06,-2.03,63.15,33.45,49.80,33.30,14.52,985.88,-36.23,-3605.0,-201.25,-463.75,1,53.322,"
1784218629.6661398,"01/01/2000,04:44:50.83,-1023.44,-6.35,-38.57,1.14,4.77,-3.28,63.60,34.20,50.25,33.35,14.76,986.25,-33.31,-3911.25,-148.75,-341.25,1,53.322,"
1784218629.6854339,"01/01/2000,04:44:50.84,-1018.55,-34.18,-3.42,-0.70,6.21,-1.16,64.05,33.15,50.85,33.16,14.76,986.00,-31.72,-3885.0,-210.0,-148.75,1,53.322,"
1784218629.7083235,"01/01/2000,04:44:50.86,-1018.07,-12.21,-20.02,-0.89,3.67,-4.12,63.0,33.60,50.85,33.35,14.76,985.27,-31.60,-3342.50,0.0,-201.25,1,53.322,"
1784218629.7245684,"01/01/2000,04:44:50.88,-1030.76,-27.34,5.37,0.79,2.36,0.68,63.90,33.75,50.55,33.16,14.40,985.39,-29.77,-2686.25,105.0,-376.25,1,53.322,"
1784218629.7378423,"01/01/2000,04:44:50.90,-1001.46,-3.91,-11.72,-1.26,4.14,-1.60,63.30,32.85,49.65,33.49,14.64,986.00,-28.06,-3263.75,96.25,-210.0,1,53.322,"
1784218629.7580595,"01/01/2000,04:44:50.92,-1015.14,-20.51,-2.93,-0.69,4.54,1.79,63.75,31.95,48.60,33.16,14.64,985.76,-26.84,-3123.75,166.25,-411.25,1,53.322,"
1784218629.7755406,"01/01/2000,04:44:50.93,-1016.11,-33.20,-11.23,-1.61,2.11,0.57,62.55,32.85,49.65,33.35,14.40,985.03,-26.84,-3018.75,-122.50,-411.25,1,53.322,"
1784218629.7947812,"01/01/2000,04:44:50.96,-983.40,-25.88,56.64,-1.37,2.29,-1.18,65.40,33.0,51.0,33.64,13.66,984.78,-27.33,-2240.0,-472.50,-341.25,1,53.322,"
1784218629.814418,"01/01/2000,04:44:50.97,-1046.88,-22.46,-20.02,-0.67,-0.81,2.21,61.80,31.95,51.90,33.35,13.66,985.27,-26.35,-1557.50,-577.50,-280.0,1,53.322,"
1784218629.8492622,"01/01/2000,04:44:51.01,-984.38,2.93,-65.92,-0.70,3.06,0.73,63.0,33.15,49.65,33.16,13.66,984.78,-22.81,-1181.25,-1093.75,-218.75,1,53.322,"
1784218629.8714187,"01/01/2000,04:44:51.03,-991.21,8.79,23.93,1.34,2.20,-0.80,65.25,33.15,49.65,33.25,13.66,983.93,-21.72,-1023.75,-1058.75,-262.50,1,53.322,"
1784218629.887146,"01/01/2000,04:44:51.05,-1015.63,-25.39,2.44,0.34,-1.06,1.36,63.15,33.0,49.05,33.59,12.57,984.30,-22.94,131.25,-1618.75,-245.0,1,53.322,"
1784218629.9117062,"01/01/2000,04:44:51.06,-1025.39,-17.58,-10.25,0.52,-1.30,0.15,63.15,33.0,50.55,33.44,12.93,986.37,-22.45,428.75,-1443.75,-402.50,1,53.322,"
1784218629.9310617,"01/01/2000,04:44:51.09,-994.63,-4.88,-36.13,-0.22,0.08,0.07,63.0,32.40,49.35,33.35,14.40,987.35,-19.52,-708.75,-1058.75,-245.0,1,53.322,"
1784218629.9557629,"01/01/2000,04:44:51.11,-1012.70,-12.21,-26.37,1.64,1.14,0.65,62.40,33.45,52.20,33.49,15.01,985.27,-19.40,-700.0,-708.75,-288.75,1,53.322,"
1784218629.9868264,"01/01/2000,04:44:51.15,-1000.98,-29.79,20.02,-1.03,0.44,-1.95,63.75,32.40,50.10,33.11,13.91,985.76,-20.74,612.50,-612.50,-218.75,1,53.322,"
1784218630.004448,"01/01/2000,04:44:51.17,-1029.30,-34.18,45.90,-0.84,1.41,0.04,63.0,32.40,49.35,33.35,14.40,987.22,-17.69,-306.25,-402.50,-210.0,1,53.322,"
1784218630.025376,"01/01/2000,04:44:51.18,-1012.70,-34.67,-13.18,1.18,-0.92,-0.96,63.60,32.25,48.75,33.35,14.40,986.74,-16.35,-393.75,-936.25,-201.25,1,53.322,"
1784218630.0454943,"01/01/2000,04:44:51.20,-1018.07,-34.18,10.74,0.54,-2.36,-2.92,63.60,32.25,48.75,33.25,14.64,985.64,-17.81,96.25,-901.25,-35.0,1,53.322,"
1784218630.0608869,"01/01/2000,04:44:51.22,-1026.37,-12.70,-7.81,1.37,0.12,-0.17,63.60,33.45,49.50,33.25,14.15,985.03,-19.76,1085.0,-910.0,-166.25,1,53.322,"
1784218630.081301,"01/01/2000,04:44:51.24,-1006.84,-42.48,56.15,-1.35,-2.91,-0.88,63.60,33.75,50.55,33.49,13.91,985.76,-19.76,1557.50,-901.25,-201.25,1,53.322,"
1784218630.1155176,"01/01/2000,04:44:51.28,-998.54,-30.27,-20.02,-1.30,-2.23,1.21,63.15,32.55,49.80,33.25,14.27,985.76,-18.06,656.25,-1417.50,-192.50,1,53.322,"
1784218630.1332147,"01/01/2000,04:44:51.30,-1015.63,-32.23,10.25,0.42,-0.59,0.72,63.15,32.55,50.25,33.35,15.01,985.03,-18.91,1286.25,-656.25,-157.50,1,53.322,"
1784218630.1721737,"01/01/2000,04:44:51.33,-998.54,-10.74,-52.73,0.75,-2.07,-1.07,63.0,32.85,50.85,33.44,13.79,986.37,-18.79,1373.75,-1190.0,-306.25,1,53.322,"
1784218630.1920419,"01/01/2000,04:44:51.35,-1026.86,-12.70,-2.93,1.03,-0.31,-0.78,62.70,31.35,49.80,33.49,14.27,986.00,-18.06,1242.50,-787.50,-253.75,1,53.322,"
1784218630.2110326,"01/01/2000,04:44:51.37,-1022.46,-54.20,6.35,1.67,-3.45,1.50,64.35,32.55,50.25,33.25,14.52,985.15,-18.30,1085.0,-1111.25,-166.25,1,53.322,"
1784218630.2279227,"01/01/2000,04:44:51.39,-1015.14,-24.41,20.51,-2.02,-2.24,0.37,62.40,31.80,51.0,33.49,14.64,985.64,-19.64,1382.50,-813.75,-87.50,1,53.322,"
1784218630.2444232,"01/01/2000,04:44:51.40,-999.02,-20.51,1.95,0.66,-4.73,-1.77,63.0,33.15,49.35,33.30,14.27,986.49,-20.98,2327.50,-822.50,-201.25,1,53.322,"
1784218630.261092,"01/01/2000,04:44:51.42,-1017.09,-22.95,-13.67,-0.13,-1.29,-0.03,63.0,33.15,49.35,33.64,14.15,987.96,-20.13,1968.75,-726.25,-105.0,1,53.322,"
1784218630.2879982,"01/01/2000,04:44:51.44,-1036.62,-19.04,34.67,0.60,-0.93,-0.19,62.70,33.75,50.55,33.25,14.40,987.96,-19.52,1172.50,-988.75,-166.25,1,53.322,"
1784218630.3190942,"01/01/2000,04:44:51.48,-1037.60,-19.04,-2.44,-0.08,-0.47,-0.89,63.75,32.85,51.15,33.30,14.64,984.66,-21.84,1933.75,-560.0,-323.75,1,53.322,"
1784218630.3380682,"01/01/2000,04:44:51.50,-1049.80,-25.88,-16.11,1.39,-0.50,0.66,64.35,33.0,50.25,33.44,14.52,987.22,-21.23,1373.75,-516.25,-253.75,1,53.322,"
1784218630.3577275,"01/01/2000,04:44:51.52,-1008.79,-33.20,20.51,0.38,-1.40,1.41,62.55,32.85,50.10,33.44,14.64,988.57,-20.01,542.50,-490.0,-437.50,1,53.322,"
1784218630.3745966,"01/01/2000,04:44:51.53,-1001.95,4.88,-42.48,-1.08,-0.47,-2.54,62.40,33.0,50.25,33.35,14.64,988.08,-20.37,708.75,-910.0,-262.50,1,53.322,"
1784218630.392316,"01/01/2000,04:44:51.55,-1001.46,-21.48,-1.46,-0.63,-1.47,0.20,63.90,31.35,49.80,33.44,14.40,986.37,-21.47,770.0,-953.75,-210.0,1,53.322,"
1784218630.4136233,"01/01/2000,04:44:51.57,-1026.37,-23.93,49.32,-0.73,-0.44,-1.36,63.60,34.20,49.80,33.35,13.91,985.52,-22.45,1461.25,-805.0,-183.75,1,53.322,"
1784218630.4311419,"01/01/2000,04:44:51.59,-1040.53,-30.27,45.41,-0.21,-3.33,-0.98,63.0,33.15,50.10,33.35,13.91,987.22,-21.72,1382.50,-752.50,-157.50,1,53.322,"
1784218630.4589834,"01/01/2000,04:44:51.62,-992.19,-22.46,-10.74,0.91,0.33,-0.44,62.25,31.65,53.10,33.49,14.88,988.44,-20.74,-131.25,-796.25,-280.0,1,53.322,"
1784218630.4789367,"01/01/2000,04:44:51.64,-1002.44,0.0,15.14,1.45,-0.60,0.73,65.10,33.0,50.55,33.35,15.01,986.37,-22.33,341.25,-656.25,-288.75,1,53.322,"
1784218630.5170438,"01/01/2000,04:44:51.68,-1014.65,-34.18,22.95,-0.09,1.07,-2.19,63.0,31.95,48.15,33.44,14.40,985.52,-22.94,533.75,-498.75,-402.50,1,53.322,"
1784218630.543538,"01/01/2000,04:44:51.69,-1028.81,0.98,46.39,0.24,-0.70,1.58,65.10,34.20,49.50,33.25,14.76,987.35,-21.84,385.0,-595.0,-288.75,1,53.322,"
1784218630.5555832,"01/01/2000,04:44:51.72,-1022.95,-49.80,24.41,0.97,1.05,2.31,63.15,29.85,51.75,33.49,15.37,988.69,-21.72,-26.25,-568.75,-166.25,1,53.322,"
1784218630.5748165,"01/01/2000,04:44:51.73,-1011.23,-14.65,-3.42,2.37,0.31,0.45,63.30,31.65,48.90,33.44,15.37,988.20,-23.42,87.50,-595.0,52.50,1,53.322,"
1784218630.5892186,"01/01/2000,04:44:51.75,-1028.32,-17.09,19.04,1.69,1.63,1.69,64.65,33.75,50.25,33.59,14.88,986.61,-25.25,875.0,-525.0,-131.25,1,53.322,"
1784218630.604177,"01/01/2000,04:44:51.77,-1022.95,-10.74,-21.00,-1.25,-1.50,1.09,64.35,31.80,51.30,33.49,14.40,986.25,-25.13,971.25,-630.0,-332.50,1,53.322,"
1784218630.6290884,"01/01/2000,04:44:51.79,-1008.79,-7.81,-27.83,-2.66,-1.80,1.72,63.15,32.55,51.30,33.16,14.27,986.61,-24.03,332.50,-735.0,-122.50,1,53.322,"
1784218630.644974,"01/01/2000,04:44:51.80,-998.05,-40.53,3.91,1.72,1.35,-1.57,65.10,32.55,49.80,33.35,14.88,986.61,-23.42,-52.50,-708.75,-288.75,1,53.322,"
1784218630.6650953,"01/01/2000,04:44:51.82,-1014.65,-11.23,4.39,2.37,2.41,-0.04,63.75,32.40,48.90,33.25,15.13,986.00,-24.28,-8.75,-682.50,-201.25,1,53.322,"
1784218630.6797547,"01/01/2000,04:44:51.84,-1004.39,-4.39,-14.16,0.17,-1.02,-0.73,64.05,33.15,50.85,33.44,14.88,986.13,-25.25,253.75,-525.0,-271.25,1,53.322,"
1784218630.7006674,"01/01/2000,04:44:51.86,-1031.25,-20.51,30.27,1.51,1.33,1.27,64.65,33.0,51.30,33.35,14.88,987.22,-24.52,271.25,-210.0,-376.25,1,53.322,"
1784218630.7178016,"01/01/2000,04:44:51.88,-1000.98,-26.37,34.67,0.56,-0.69,-0.16,64.35,31.80,50.25,33.35,14.64,986.74,-23.30,297.50,-533.75,-218.75,1,53.322,"
1784218630.7527618,"01/01/2000,04:44:51.91,-999.51,-21.00,-41.99,-0.33,1.50,-1.31,63.75,31.95,49.65,33.59,14.76,986.74,-23.67,8.75,-551.25,-96.25,1,53.322,"
1784218630.777941,"01/01/2000,04:44:51.93,-1023.93,-22.95,42.97,0.20,-1.63,-0.68,62.70,32.25,50.55,33.30,14.40,986.49,-24.03,787.50,-621.25,-245.0,1,53.322,"
1784218630.7893307,"01/01/2000,04:44:51.95,-1015.14,-10.74,-0.98,0.43,-3.59,-1.41,63.60,32.55,51.0,33.16,14.27,986.74,-23.79,411.25,-892.50,-358.75,1,53.322,"
1784218630.8048835,"01/01/2000,04:44:51.97,-1010.25,-23.44,25.39,2.12,0.03,-1.72,64.65,31.80,51.0,33.35,14.64,985.76,-23.18,17.50,-717.50,-297.50,1,53.322,"
1784218630.830022,"01/01/2000,04:44:51.99,-1032.71,-42.48,29.30,-0.02,1.45,-1.36,63.75,32.85,51.15,33.35,14.76,985.88,-23.55,-428.75,-533.75,-253.75,1,53.322,"
1784218630.8609364,"01/01/2000,04:44:52.02,-1029.30,-21.97,21.97,-0.40,1.16,-0.83,64.65,31.80,50.55,33.68,14.15,988.44,-24.64,61.25,-726.25,-367.50,1,53.322,"
1784218630.8824358,"01/01/2000,04:44:52.04,-1042.97,-19.04,33.69,-0.65,-0.89,-1.37,63.0,32.40,51.60,33.30,14.52,988.20,-24.89,332.50,-831.25,-262.50,1,53.322,"
1784218630.9201717,"01/01/2000,04:44:52.08,-1010.25,11.72,6.84,2.97,0.53,-0.79,64.05,32.40,51.60,33.35,14.76,985.39,-24.64,87.50,-577.50,0.0,1,53.322,"
1784218630.9547625,"01/01/2000,04:44:52.11,-1033.69,-20.02,-42.97,1.67,-0.98,2.09,63.75,33.15,50.10,33.25,14.15,988.32,-22.81,-52.50,-770.0,-245.0,1,53.322,"
1784218630.9807804,"01/01/2000,04:44:52.14,-1015.63,-31.74,-1.95,-0.37,1.51,-1.31,63.30,30.45,51.15,33.11,14.88,988.44,-22.57,-603.75,-630.0,-183.75,1,53.322,"
1784218631.0182004,"01/01/2000,04:44:52.18,-1013.67,-2.93,-49.80,1.05,-0.53,-1.01,63.0,33.15,52.35,33.25,14.64,984.54,-25.62,673.75,-735.0,-245.0,1,53.322,"
1784218631.0450132,"01/01/2000,04:44:52.20,-1014.65,-30.76,7.81,-0.79,-1.53,-1.42,64.50,32.40,51.15,33.44,14.27,986.13,-24.89,831.25,-726.25,-166.25,1,53.322,"
1784218631.056494,"01/01/2000,04:44:52.22,-1001.95,-16.11,-5.37,2.09,-1.11,-0.56,63.75,31.95,51.90,33.16,14.52,987.47,-23.42,376.25,-883.75,-175.0,1,53.322,"
1784218631.0666244,"01/01/2000,04:44:52.23,-978.52,-28.32,1.95,2.52,-0.39,2.0,64.35,33.45,49.80,33.30,15.01,985.52,-22.57,288.75,-953.75,-96.25,1,53.322,"
1784218631.0944154,"01/01/2000,04:44:52.25,-1009.28,-4.88,-52.73,0.15,-2.15,1.78,64.05,32.85,50.85,33.25,15.01,983.93,-22.94,717.50,-735.0,-122.50,1,53.322,"
1784218631.1118093,"01/01/2000,04:44:52.27,-1035.16,-13.67,24.41,0.33,-2.16,1.17,65.25,32.85,51.60,33.35,14.40,986.86,-24.03,735.0,-848.75,-210.0,1,53.322,"
1784218631.1345134,"01/01/2000,04:44:52.29,-1022.46,-9.28,-41.99,1.57,-0.29,-0.37,63.90,32.25,51.0,33.49,14.03,989.05,-25.01,35.0,-875.0,-367.50,1,53.322,"
1784218631.1467083,"01/01/2000,04:44:52.31,-985.84,-9.77,-37.60,1.12,-0.28,0.57,64.50,32.40,51.15,33.35,14.27,987.96,-25.62,306.25,-1181.25,-245.0,1,53.322,"
1784218631.171706,"01/01/2000,04:44:52.32,-1013.18,-16.11,-13.67,0.38,-3.08,-1.02,63.15,33.45,52.20,33.59,14.88,985.39,-25.62,551.25,-1120.0,-227.50,1,53.322,"
1784218631.184496,"01/01/2000,04:44:52.34,-1022.46,-26.37,-46.88,1.35,-0.97,0.55,64.65,33.45,50.25,33.35,15.49,984.42,-24.89,603.75,-341.25,-218.75,1,53.322,"
1784218631.2013693,"01/01/2000,04:44:52.36,-1001.95,-16.11,-31.25,2.56,0.53,3.91,63.60,34.20,50.55,33.44,15.25,986.49,-23.18,61.25,-192.50,-236.25,1,53.322,"
1784218631.221318,"01/01/2000,04:44:52.38,-1007.81,-16.60,-15.14,0.66,-0.12,2.90,65.70,33.60,50.10,33.30,14.88,988.81,-22.33,-481.25,-350.0,-253.75,1,53.322,"
1784218631.2407,"01/01/2000,04:44:52.40,-1006.84,-34.67,-21.97,0.02,0.47,-2.66,64.65,32.55,52.50,33.44,14.52,988.44,-22.81,-315.0,-1058.75,-227.50,1,53.322,"
1784218631.2581773,"01/01/2000,04:44:52.42,-1003.91,-18.07,-22.95,1.47,-0.82,0.40,63.60,33.45,51.0,33.35,15.01,986.61,-24.16,236.25,-665.0,-227.50,1,53.322,"
1784218631.27207,"01/01/2000,04:44:52.43,-1037.60,-11.72,26.86,0.31,0.43,1.30,63.75,32.40,50.85,33.16,15.13,986.37,-24.40,481.25,-420.0,-280.0,1,53.322,"
1784218631.2921786,"01/01/2000,04:44:52.45,-999.02,-16.60,-36.13,1.19,1.12,-0.88,64.65,34.20,51.30,33.35,14.88,986.61,-24.03,96.25,-735.0,-288.75,1,53.322,"
1784218631.327719,"01/01/2000,04:44:52.49,-1027.83,0.49,-0.49,2.80,-0.19,1.20,63.15,34.65,52.95,33.11,15.13,984.54,-24.03,26.25,-630.0,-280.0,1,53.322,"
1784218631.3476012,"01/01/2000,04:44:52.51,-1022.95,-29.79,24.90,2.48,-1.77,-1.02,66.0,33.60,50.10,33.25,15.37,985.76,-25.13,52.50,-516.25,-183.75,1,53.322,"
1784218631.3857508,"01/01/2000,04:44:52.55,-1012.21,-13.18,-12.21,2.79,0.98,0.58,64.50,33.60,49.65,33.16,15.13,988.20,-25.62,472.50,-507.50,-78.75,1,53.322,"
1784218631.3943658,"01/01/2000,04:44:52.56,-1040.04,-33.69,-3.42,1.68,-1.44,-1.44,64.35,32.25,51.0,33.44,14.88,986.98,-25.13,367.50,-717.50,-201.25,1,53.322,"
1784218631.4203403,"01/01/2000,04:44:52.58,-1034.67,-33.69,22.46,-0.06,-0.63,-0.78,64.35,32.55,51.0,33.25,14.76,985.64,-25.13,533.75,-717.50,-113.75,1,53.322,"
1784218631.4381633,"01/01/2000,04:44:52.60,-1011.72,-23.93,15.63,-0.80,-0.02,0.03,64.95,33.15,50.85,33.16,14.52,986.25,-25.74,752.50,-1006.25,-192.50,1,53.322,"
1784218631.4603848,"01/01/2000,04:44:52.62,-1026.37,-16.60,-23.44,0.19,-1.02,-0.45,66.45,33.15,51.15,33.49,14.52,987.47,-26.11,805.0,-700.0,-297.50,1,53.322,"
1784218631.5043035,"01/01/2000,04:44:52.66,-1009.77,-27.34,-31.74,0.08,-0.05,-0.52,63.75,32.85,52.35,33.25,15.01,985.76,-24.77,323.75,-560.0,-201.25,1,53.322,"
1784218631.5254529,"01/01/2000,04:44:52.69,-1026.86,-17.58,39.06,0.96,1.04,-0.95,64.35,33.0,51.75,33.35,15.01,985.76,-24.16,280.0,-236.25,-166.25,1,53.322,"
1784218631.5420296,"01/01/2000,04:44:52.70,-1024.90,-12.21,-28.81,2.07,-0.42,-0.27,65.40,32.25,49.80,33.35,14.76,986.98,-23.79,201.25,-393.75,-385.0,1,53.322,"
1784218631.5609536,"01/01/2000,04:44:52.72,-1022.46,-13.67,2.93,0.58,-1.42,-1.05,64.95,33.60,50.85,33.59,14.76,987.22,-23.91,-43.75,-638.75,-323.75,1,53.322,"
1784218631.5783772,"01/01/2000,04:44:52.74,-1017.09,-31.74,21.97,-0.75,0.24,2.04,64.05,32.40,51.15,33.06,15.13,986.49,-24.64,148.75,-507.50,-175.0,1,53.322,"
1784218631.5941956,"01/01/2000,04:44:52.76,-1007.81,8.30,-0.49,1.05,0.30,1.37,64.50,32.40,53.40,33.35,15.13,987.35,-24.89,-43.75,-367.50,-315.0,1,53.322,"
1784218631.633097,"01/01/2000,04:44:52.79,-1028.32,-23.93,23.44,1.82,1.18,-0.95,64.35,33.0,49.80,33.35,14.40,987.59,-25.38,-236.25,-682.50,-271.25,1,53.322,"
1784218631.650081,"01/01/2000,04:44:52.81,-1000.49,-4.39,4.39,-1.08,-0.36,-0.27,65.85,33.0,49.80,33.35,15.01,986.98,-25.86,-411.25,-411.25,-87.50,1,53.322,"
1784218631.68792,"01/01/2000,04:44:52.85,-1015.63,-14.65,-2.93,-0.95,0.40,1.33,64.95,32.85,51.90,33.16,15.13,986.25,-25.99,43.75,-393.75,-245.0,1,53.322,"
1784218631.7104037,"01/01/2000,04:44:52.87,-1015.63,-5.37,-3.91,0.53,0.54,-0.42,64.95,31.65,51.15,33.30,14.64,986.25,-25.38,192.50,-533.75,-236.25,1,53.322,"
1784218631.7255275,"01/01/2000,04:44:52.89,-1034.67,-26.86,24.90,-1.04,0.23,0.73,65.70,31.95,51.90,33.30,14.64,986.49,-25.25,288.75,-533.75,-315.0,1,53.322,"
1784218631.7381907,"01/01/2000,04:44:52.90,-1035.16,-41.99,38.09,-1.19,0.75,0.99,64.95,34.35,50.40,33.25,14.76,987.22,-24.64,297.50,-507.50,-367.50,1,53.322,"
1784218631.7614417,"01/01/2000,04:44:52.92,-997.56,-8.79,-47.36,0.98,0.53,-0.96,64.95,31.65,51.15,33.11,15.13,987.71,-24.40,-201.25,-542.50,-253.75,1,53.322,"
1784218631.7786083,"01/01/2000,04:44:52.94,-1022.46,-28.81,-40.04,-0.26,-1.06,2.88,65.70,31.95,50.85,33.44,14.88,985.88,-24.89,157.50,-708.75,-192.50,1,53.322,"
1784218631.8003426,"01/01/2000,04:44:52.96,-1009.77,-19.53,8.30,-0.76,0.04,0.33,63.30,31.20,50.40,33.35,14.64,985.03,-26.23,472.50,-883.75,-201.25,1,53.322,"
1784218631.8347235,"01/01/2000,04:44:52.99,-995.12,-8.30,-12.70,0.57,0.59,1.86,63.90,31.80,50.55,33.35,14.64,987.22,-27.33,805.0,-892.50,-253.75,1,53.322,"
1784218631.8571322,"01/01/2000,04:44:53.01,-1045.41,-14.65,17.58,1.92,0.41,-1.44,65.25,34.05,51.60,33.11,15.13,987.83,-26.60,848.75,-857.50,-78.75,1,53.322,"
1784218631.8675833,"01/01/2000,04:44:53.03,-1019.53,-1.95,-22.46,0.60,-0.12,0.29,62.40,33.75,51.0,33.59,15.62,988.20,-24.64,201.25,-498.75,-271.25,1,53.322,"
1784218631.8901687,"01/01/2000,04:44:53.05,-999.51,-42.48,24.90,-0.77,0.11,-3.02,65.40,32.55,51.30,33.35,15.49,987.96,-24.03,131.25,-700.0,-183.75,1,53.322,"
1784218631.9110715,"01/01/2000,04:44:53.07,-990.23,-20.51,-11.72,0.98,1.47,-0.23,65.10,32.55,50.55,33.59,15.01,987.22,-24.64,288.75,-612.50,-288.75,1,53.322,"
1784218631.9275637,"01/01/2000,04:44:53.08,-999.02,-21.00,6.35,0.15,-0.56,0.12,65.25,33.15,50.85,33.11,14.40,985.64,-25.74,735.0,-1085.0,-227.50,1,53.322,"
1784218631.9625568,"01/01/2000,04:44:53.12,-1012.21,-39.55,-7.32,1.98,-1.12,1.89,64.05,33.15,51.90,33.11,15.25,984.54,-22.20,1487.50,-647.50,-315.0,1,53.322,"
1784218631.9799793,"01/01/2000,04:44:53.14,-1009.28,0.98,-28.81,0.81,-3.92,-0.22,66.45,33.15,51.90,33.35,15.37,984.91,-17.57,1426.25,-612.50,-122.50,1,53.322,"
1784218632.0067532,"01/01/2000,04:44:53.17,-1021.00,-28.32,7.32,0.68,0.95,2.88,65.40,33.75,51.0,33.35,15.13,989.30,-15.25,-385.0,-1032.50,-323.75,1,53.322,"
1784218632.0274138,"01/01/2000,04:44:53.19,-1030.76,-41.99,22.46,0.02,-2.56,-3.35,63.0,31.65,52.65,33.44,14.64,987.71,-18.79,507.50,-971.25,-350.0,1,53.322,"
1784218632.0443816,"01/01/2000,04:44:53.20,-1020.02,-14.65,-11.72,-0.74,-2.40,-2.64,63.30,31.95,54.15,33.35,15.13,985.88,-19.28,1522.50,-516.25,-192.50,1,53.322,"
1784218632.062187,"01/01/2000,04:44:53.22,-1015.63,-25.88,-11.72,0.60,-1.85,1.17,64.95,34.05,50.85,33.35,15.62,985.76,-16.84,1417.50,-262.50,-183.75,1,53.322,"
1784218632.1011477,"01/01/2000,04:44:53.26,-1006.35,-12.21,20.51,-0.76,0.34,-1.56,63.75,32.85,51.60,33.11,15.13,987.96,-13.18,813.75,-813.75,-236.25,1,53.322,"
1784218632.1277158,"01/01/2000,04:44:53.29,-1036.13,-13.18,-14.65,1.92,-1.81,1.02,65.85,32.55,51.0,33.25,14.64,986.00,-18.54,1233.75,-875.0,-218.75,1,53.322,"
1784218632.156664,"01/01/2000,04:44:53.32,-1021.00,-41.50,28.81,-0.82,-2.07,1.60,65.10,31.80,50.55,33.35,15.13,985.39,-20.25,1190.0,-918.75,-140.0,1,53.322,"
1784218632.174456,"01/01/2000,04:44:53.33,-959.96,15.63,-63.96,0.18,0.51,-1.44,64.50,33.15,51.90,33.49,15.01,985.03,-20.74,1330.0,-743.75,-358.75,1,53.322,"
1784218632.1942732,"01/01/2000,04:44:53.35,-1064.45,-25.88,39.55,0.85,-0.93,-2.71,63.90,32.25,51.30,33.59,15.13,985.64,-20.98,1461.25,-770.0,-210.0,1,53.322,"
1784218632.2290545,"01/01/2000,04:44:53.39,-1001.95,2.93,8.79,0.23,-0.05,1.95,64.95,34.05,51.15,33.35,15.01,988.44,-23.91,665.0,-708.75,-367.50,1,53.322,"
1784218632.2463613,"01/01/2000,04:44:53.41,-1028.81,-6.84,3.42,-1.04,-0.91,-0.55,64.95,34.05,51.15,33.35,15.01,986.00,-26.23,1181.25,-971.25,-148.75,1,53.322,"
1784218632.2728987,"01/01/2000,04:44:53.42,-1014.65,-16.60,-29.30,1.12,1.02,1.18,64.35,33.45,51.75,33.25,14.88,985.52,-27.33,1050.0,-813.75,-288.75,1,53.322,"
1784218632.2860096,"01/01/2000,04:44:53.44,-1022.95,-17.58,-25.88,0.28,-2.15,1.74,65.10,33.0,52.20,33.35,15.13,986.25,-27.57,717.50,-848.75,-183.75,1,53.322,"
1784218632.3198366,"01/01/2000,04:44:53.48,-1016.11,-13.18,35.16,-0.88,1.24,-1.64,64.05,31.95,51.15,33.44,15.13,986.86,-28.79,621.25,-980.0,-192.50,1,53.322,"
1784218632.3399732,"01/01/2000,04:44:53.50,-1012.21,9.77,-20.51,-0.29,-0.43,-1.85,64.05,31.95,51.15,33.30,15.25,986.37,-29.65,805.0,-761.25,-236.25,1,53.322,"
1784218632.3575814,"01/01/2000,04:44:53.52,-1023.93,-23.44,20.51,-1.76,-0.24,1.77,66.0,32.40,51.90,33.30,15.13,986.37,-30.38,665.0,-822.50,-175.0,1,53.322,"
1784218632.3784313,"01/01/2000,04:44:53.53,-1026.37,-18.55,11.23,1.14,-1.23,-1.27,63.90,31.80,51.30,33.11,14.76,986.37,-30.62,848.75,-831.25,-192.50,1,53.322,"
1784218632.4143424,"01/01/2000,04:44:53.57,-1011.72,-13.67,-2.93,-0.24,0.53,1.19,64.65,33.45,51.75,33.35,14.88,986.25,-31.23,568.75,-743.75,-201.25,1,53.322,"
1784218632.4310665,"01/01/2000,04:44:53.59,-1008.79,0.98,-0.49,-0.25,-1.69,0.41,64.05,32.85,50.40,33.35,15.01,986.25,-31.72,630.0,-735.0,-201.25,1,53.322,"
1784218632.44871,"01/01/2000,04:44:53.61,-1025.88,-17.58,18.07,0.18,-0.03,-0.73,65.70,33.60,51.60,33.35,15.13,986.49,-31.84,665.0,-630.0,-218.75,1,53.322,"
1784218632.460933,"01/01/2000,04:44:53.63,-985.84,-26.86,43.46,0.21,0.01,-0.89,64.95,33.60,51.90,33.16,14.88,986.49,-32.09,516.25,-840.0,-157.50,1,53.322,"
1784218632.5047283,"01/01/2000,04:44:53.66,-1043.95,-23.93,24.41,1.18,-1.24,-0.65,64.65,32.25,51.30,33.16,14.76,986.13,-32.70,498.75,-778.75,-140.0,1,53.322,"
1784218632.5275662,"01/01/2000,04:44:53.69,-1011.72,-5.37,5.37,2.44,-2.26,1.26,64.50,34.05,53.10,33.11,14.64,986.37,-32.94,542.50,-568.75,-271.25,1,53.322,"
1784218632.556942,"01/01/2000,04:44:53.71,-1017.58,-26.37,0.49,1.47,-0.98,0.18,65.10,33.45,51.0,32.97,14.52,986.25,-32.82,490.0,-586.25,-236.25,1,53.322,"
1784218632.5716,"01/01/2000,04:44:53.73,-1024.90,-25.39,-34.18,0.15,0.95,0.47,63.15,30.15,54.45,33.44,14.76,986.13,-32.82,551.25,-568.75,-131.25,1,53.322,"
1784218632.5881085,"01/01/2000,04:44:53.75,-1014.16,-7.32,30.27,1.92,-1.75,-0.66,64.65,32.55,51.75,33.30,14.76,986.13,-33.18,446.25,-665.0,-271.25,1,53.322,"
1784218632.604888,"01/01/2000,04:44:53.76,-1027.83,-5.86,-10.74,0.43,-1.37,-2.56,65.10,33.0,52.20,33.35,14.88,986.00,-33.43,533.75,-665.0,-245.0,1,53.322,"
1784218632.6222987,"01/01/2000,04:44:53.78,-1023.93,-25.39,24.90,3.05,-1.39,0.43,65.40,32.55,53.25,33.16,15.01,986.25,-33.43,437.50,-761.25,-236.25,1,53.322,"
1784218632.6450238,"01/01/2000,04:44:53.80,-1024.41,-9.28,10.25,-0.13,-1.06,1.82,66.45,32.85,52.65,33.16,14.88,986.25,-33.31,385.0,-638.75,-253.75,1,53.322,"
1784218632.660704,"01/01/2000,04:44:53.82,-1020.51,-21.48,38.57,-2.67,0.07,-1.63,65.25,33.60,51.60,33.30,15.01,986.13,-33.43,341.25,-726.25,-140.0,1,53.322,"
1784218632.6778474,"01/01/2000,04:44:53.84,-1003.42,1.95,3.91,1.90,-2.19,-1.72,64.35,32.55,51.75,33.11,15.01,986.25,-33.67,428.75,-568.75,-113.75,1,53.322,"
1784218632.6986332,"01/01/2000,04:44:53.86,-1008.79,-36.13,49.32,0.40,1.56,0.48,64.50,33.15,51.60,33.25,14.88,986.13,-33.92,472.50,-682.50,-428.75,1,53.322,"
1784218632.7155893,"01/01/2000,04:44:53.88,-1026.86,-22.95,39.55,-0.41,-2.05,0.50,62.55,31.95,53.40,33.35,15.13,986.49,-34.04,393.75,-612.50,-96.25,1,53.322,"
1784218632.7287774,"01/01/2000,04:44:53.89,-1008.30,-34.18,34.18,-0.24,-0.06,0.59,64.50,32.85,53.40,33.44,15.13,986.25,-34.04,376.25,-568.75,-323.75,1,53.322,"
1784218632.7556453,"01/01/2000,04:44:53.91,-1010.74,-20.02,4.39,2.16,0.83,-1.71,63.15,32.55,52.50,33.49,14.88,986.25,-34.16,271.25,-638.75,-218.75,1,53.322,"
1784218632.7716682,"01/01/2000,04:44:53.93,-992.68,0.49,-29.79,0.61,1.07,1.22,66.0,31.20,53.10,33.59,14.88,986.00,-34.16,446.25,-673.75,-175.0,1,53.322,"
1784218632.8047497,"01/01/2000,04:44:53.97,-1009.77,-27.34,2.44,0.74,0.83,0.92,65.25,33.15,51.60,33.35,15.13,986.25,-34.53,411.25,-682.50,-78.75,1,53.322,"
1784218632.823259,"01/01/2000,04:44:53.98,-1023.93,-21.97,21.97,1.10,-0.27,-0.15,64.95,33.15,52.35,33.11,15.01,986.13,-34.53,315.0,-551.25,-280.0,1,53.322,"
1784218632.844453,"01/01/2000,04:44:54.00,-1013.18,-21.97,11.23,-1.26,-0.73,0.75,62.70,32.55,51.75,33.35,15.13,986.13,-34.65,323.75,-568.75,-157.50,1,53.322,"
1784218632.8611174,"01/01/2000,04:44:54.02,-1012.70,-29.79,15.63,0.01,-0.48,-1.28,64.50,32.85,51.90,33.16,15.01,986.00,-34.65,402.50,-542.50,-280.0,1,53.322,"
1784218632.8787932,"01/01/2000,04:44:54.04,-1003.42,-17.58,26.37,-1.01,0.71,-0.85,64.95,33.15,51.15,33.49,15.13,986.13,-34.77,393.75,-656.25,-148.75,1,53.322,"
1784218632.9170945,"01/01/2000,04:44:54.08,-1017.58,-36.13,-28.32,0.81,-1.87,-2.91,61.95,30.60,53.70,33.11,15.13,986.25,-34.89,490.0,-673.75,-236.25,1,53.322,"
1784218632.9382656,"01/01/2000,04:44:54.09,-999.51,-19.53,21.97,0.08,-0.26,0.14,64.95,30.75,51.90,33.16,15.13,986.13,-35.26,367.50,-665.0,-192.50,1,53.322,"
1784218632.9517653,"01/01/2000,04:44:54.11,-1028.81,-24.90,7.32,2.63,-1.28,-1.95,64.95,31.65,52.65,33.16,15.13,986.25,-35.14,271.25,-638.75,-236.25,1,53.322,"
1784218632.9775844,"01/01/2000,04:44:54.13,-1018.07,-2.93,-6.35,-0.24,-1.45,-2.50,65.40,32.25,52.20,33.35,15.13,986.49,-35.14,385.0,-805.0,-218.75,1,53.322,"
1784218632.9944174,"01/01/2000,04:44:54.15,-1024.41,-18.07,13.18,-0.58,-1.04,0.66,65.10,33.45,53.25,33.35,15.01,986.37,-35.26,315.0,-621.25,-157.50,1,53.322,"
1784218633.0065618,"01/01/2000,04:44:54.17,-1008.30,-36.62,-1.95,0.60,-0.53,0.01,64.35,33.0,52.50,33.30,14.88,986.00,-35.62,271.25,-673.75,-323.75,1,53.322,"
1784218633.0244062,"01/01/2000,04:44:54.18,-1026.37,-19.04,3.91,0.02,2.03,2.01,65.10,32.55,52.50,33.16,15.13,986.00,-35.87,341.25,-533.75,-297.50,1,53.322,"
1784218633.050641,"01/01/2000,04:44:54.21,-1028.32,-19.53,-41.02,2.52,-0.64,-1.19,65.10,33.75,52.95,33.30,15.13,986.13,-35.62,288.75,-831.25,-315.0,1,53.322,"
1784218633.0732348,"01/01/2000,04:44:54.23,-1032.71,-24.41,31.74,2.27,0.10,0.24,65.70,31.65,53.85,33.25,15.25,986.00,-35.50,376.25,-612.50,-253.75,1,53.322,"
1784218633.0944393,"01/01/2000,04:44:54.25,-1026.86,-22.95,35.64,0.85,-0.86,1.29,63.60,33.0,52.20,33.06,15.01,986.00,-35.75,262.50,-656.25,-253.75,1,53.322,"
1784218633.1110175,"01/01/2000,04:44:54.27,-1028.81,-21.97,28.32,0.69,2.50,2.08,65.40,32.55,52.50,33.59,15.13,986.00,-35.87,332.50,-682.50,-183.75,1,53.322,"
1784218633.1250257,"01/01/2000,04:44:54.29,-981.93,-6.35,13.18,0.93,-1.11,0.76,66.0,32.85,51.90,33.35,15.13,986.00,-35.75,315.0,-586.25,-218.75,1,53.322,"
1784218633.1612816,"01/01/2000,04:44:54.32,-997.56,-15.14,-4.88,2.64,1.34,1.15,65.40,32.85,51.15,33.35,15.25,986.25,-35.50,183.75,-595.0,-192.50,1,53.322,"
1784218633.1798253,"01/01/2000,04:44:54.34,-1019.04,-12.70,16.11,1.83,-0.73,0.86,64.95,32.85,51.60,32.92,15.13,986.25,-35.75,227.50,-656.25,-78.75,1,53.322,"
1784218633.1994326,"01/01/2000,04:44:54.36,-1027.83,-10.74,17.58,0.52,0.12,-1.82,62.25,34.05,53.40,33.44,15.13,986.13,-35.87,376.25,-612.50,-271.25,1,53.322,"
1784218633.2172813,"01/01/2000,04:44:54.38,-1031.25,-29.79,-40.53,0.19,0.32,1.15,64.35,34.65,51.75,33.44,15.01,986.13,-35.75,245.0,-656.25,-402.50,1,53.322,"
1784218633.23432,"01/01/2000,04:44:54.39,-1035.64,-35.64,58.11,0.52,-1.63,0.26,64.35,32.25,51.30,33.16,15.13,986.37,-35.62,122.50,-682.50,-148.75,1,53.322,"
1784218633.258319,"01/01/2000,04:44:54.41,-1017.58,2.44,15.14,-2.62,1.42,1.75,64.65,33.0,51.75,33.44,14.88,986.25,-35.62,297.50,-560.0,-271.25,1,53.322,"
1784218633.2724385,"01/01/2000,04:44:54.43,-1040.53,-29.30,22.95,1.60,0.59,1.34,65.40,33.45,51.75,33.35,15.13,986.13,-35.87,288.75,-665.0,-175.0,1,53.322,"
1784218633.289909,"01/01/2000,04:44:54.45,-1018.07,-20.51,20.02,0.69,-1.0,-2.23,64.35,31.80,51.30,33.59,14.88,985.88,-35.87,332.50,-656.25,-288.75,1,53.322,"
1784218633.3069468,"01/01/2000,04:44:54.47,-1006.35,-14.65,-28.81,0.08,-0.32,-1.95,65.25,32.85,52.35,33.11,14.88,986.13,-35.62,288.75,-726.25,-218.75,1,53.322,"
1784218633.3277178,"01/01/2000,04:44:54.49,-1020.02,-23.93,26.86,-1.52,1.83,-0.73,64.95,33.60,51.60,33.11,15.13,986.25,-35.50,245.0,-673.75,-236.25,1,53.322,"
1784218633.3445494,"01/01/2000,04:44:54.50,-1041.02,-25.39,41.99,-0.35,0.17,2.29,64.35,33.0,51.75,33.49,15.13,986.25,-35.50,175.0,-708.75,-175.0,1,53.322,"
1784218633.3624384,"01/01/2000,04:44:54.52,-1024.90,-22.46,52.25,-2.76,-0.20,0.80,63.15,34.20,49.80,33.35,15.13,985.76,-35.87,341.25,-612.50,-210.0,1,53.322,"
1784218633.3944163,"01/01/2000,04:44:54.56,-997.56,-9.28,-12.70,1.80,-0.12,2.07,64.50,31.95,52.65,33.25,15.13,986.00,-35.99,280.0,-673.75,-210.0,1,53.322,"
1784218633.4224613,"01/01/2000,04:44:54.58,-1000.49,-35.64,29.30,0.14,-1.31,-0.71,64.50,34.80,51.60,33.30,15.37,986.00,-35.62,245.0,-770.0,-245.0,1,53.322,"
1784218633.4350848,"01/01/2000,04:44:54.59,-1008.30,-28.32,3.91,-1.69,-0.42,-0.87,66.0,33.15,52.35,33.35,15.13,985.88,-35.87,166.25,-603.75,-192.50,1,53.322,"
1784218633.4592223,"01/01/2000,04:44:54.62,-1007.32,-35.64,49.80,1.37,0.25,-1.24,65.25,33.15,51.15,33.25,15.13,986.25,-36.11,218.75,-726.25,-315.0,1,53.322,"
1784218633.4714112,"01/01/2000,04:44:54.63,-999.51,-28.32,23.44,1.95,0.25,2.39,64.95,33.15,51.15,33.35,15.01,986.13,-36.11,332.50,-647.50,-210.0,1,53.322,"
1784218633.4943752,"01/01/2000,04:44:54.65,-1019.53,-15.14,23.44,-0.16,-1.04,-2.05,64.95,33.60,52.35,33.35,15.01,986.13,-36.23,271.25,-735.0,-166.25,1,53.322,"
1784218633.5110729,"01/01/2000,04:44:54.67,-1027.83,-15.63,27.83,0.06,-0.75,-1.80,64.05,34.05,52.35,33.35,15.01,986.00,-35.99,175.0,-621.25,-201.25,1,53.322,"
1784218633.5284758,"01/01/2000,04:44:54.69,-1003.91,-49.32,54.20,0.31,1.91,1.55,64.50,32.40,51.90,33.59,15.25,986.00,-36.23,271.25,-586.25,-166.25,1,53.322,"
1784218633.5568647,"01/01/2000,04:44:54.71,-1007.81,-39.55,22.46,-1.95,-2.42,-0.36,62.70,31.35,54.75,33.06,15.01,986.13,-36.23,411.25,-595.0,-288.75,1,53.322,"
1784218633.5744176,"01/01/2000,04:44:54.73,-1029.30,-4.39,32.71,0.55,-1.01,0.59,64.35,32.25,53.70,33.35,15.13,986.25,-36.11,245.0,-700.0,-148.75,1,53.322,"
1784218633.5964642,"01/01/2000,04:44:54.75,-1002.44,-7.32,12.21,2.31,-1.86,-0.92,64.50,33.15,51.15,33.49,15.13,986.13,-36.23,157.50,-621.25,-315.0,1,53.322,"
1784218633.6310785,"01/01/2000,04:44:54.79,-1019.04,-48.83,34.67,1.34,0.51,-1.49,65.10,31.35,52.95,33.16,15.13,986.00,-36.36,306.25,-595.0,-192.50,1,53.322,"
1784218633.6476219,"01/01/2000,04:44:54.81,-1012.70,-26.86,18.07,2.84,0.82,-0.69,65.25,32.85,51.90,33.49,14.88,986.13,-36.23,245.0,-691.25,-262.50,1,53.322,"
1784218633.6670973,"01/01/2000,04:44:54.83,-1010.25,-25.88,-14.65,0.69,-1.87,0.60,63.90,34.20,52.20,33.25,14.88,986.13,-36.11,271.25,-673.75,-245.0,1,53.322,"
1784218633.685207,"01/01/2000,04:44:54.84,-999.02,-15.63,11.72,0.13,1.87,0.73,64.65,32.25,52.95,33.35,15.13,986.00,-36.48,253.75,-708.75,-262.50,1,53.322,"
1784218633.7028773,"01/01/2000,04:44:54.86,-1015.63,-20.51,35.16,0.53,-1.35,1.51,63.60,33.45,52.20,33.30,15.13,986.00,-36.60,341.25,-726.25,-227.50,1,53.322,"
1784218633.725301,"01/01/2000,04:44:54.88,-1012.70,-27.34,45.90,1.46,-1.28,-1.64,63.60,33.45,52.20,33.35,15.01,986.00,-36.48,306.25,-603.75,-385.0,1,53.322,"
1784218633.7399411,"01/01/2000,04:44:54.90,-1000.49,-21.97,-23.44,-0.08,0.88,-1.44,65.10,33.0,51.75,33.16,15.01,986.00,-36.36,140.0,-700.0,-175.0,1,53.322,"
1784218633.7588508,"01/01/2000,04:44:54.92,-993.16,-12.70,21.97,-1.57,-0.51,1.41,63.60,32.55,52.50,33.30,14.88,986.00,-36.48,297.50,-586.25,-341.25,1,53.322,"
1784218633.7754831,"01/01/2000,04:44:54.94,-1011.72,-35.16,-2.93,-1.77,0.67,-1.06,64.65,33.0,52.50,33.16,14.88,986.13,-36.60,227.50,-586.25,-280.0,1,53.322,"
1784218633.794383,"01/01/2000,04:44:54.95,-981.45,18.07,-20.51,0.08,-1.30,2.13,65.70,33.15,51.90,33.35,15.13,986.00,-36.60,271.25,-586.25,-210.0,1,53.322,"
1784218633.8133461,"01/01/2000,04:44:54.97,-1016.11,-22.95,27.34,1.94,1.65,3.08,65.70,31.95,53.40,33.44,15.01,986.00,-36.60,280.0,-656.25,-175.0,1,53.322,"
1784218633.8312192,"01/01/2000,04:44:54.99,-1024.90,-13.67,-18.07,3.24,-0.49,1.43,64.35,32.25,52.50,33.35,15.13,986.00,-36.72,262.50,-743.75,-271.25,1,53.322,"
1784218633.8610048,"01/01/2000,04:44:55.03,-1021.00,-30.76,6.84,-0.11,-0.60,2.49,64.05,33.15,52.35,33.11,15.13,986.00,-36.48,131.25,-735.0,-218.75,1,53.322,"
1784218633.8891404,"01/01/2000,04:44:55.05,-1017.58,-26.86,21.48,-0.98,0.47,0.56,64.95,34.35,52.65,33.35,15.25,986.13,-36.60,122.50,-542.50,-192.50,1,53.322,"
1784218633.9027786,"01/01/2000,04:44:55.06,-986.82,-32.71,2.44,-2.13,2.42,-0.25,64.65,33.0,51.75,33.06,15.25,986.25,-36.60,192.50,-621.25,-245.0,1,53.322,"
1784218633.9253373,"01/01/2000,04:44:55.08,-1006.84,-6.84,21.97,-0.16,0.08,1.88,64.65,33.0,51.75,33.44,15.13,986.00,-36.84,306.25,-673.75,-245.0,1,53.322,"
1784218633.9587615,"01/01/2000,04:44:55.12,-1011.23,-33.69,24.41,0.22,-1.49,0.71,64.35,32.25,51.75,33.30,15.01,985.88,-36.84,306.25,-770.0,-306.25,1,53.322,"
1784218633.9790251,"01/01/2000,04:44:55.14,-1037.11,-49.80,43.46,-2.21,-0.62,-1.98,64.35,33.45,51.75,33.30,15.13,986.00,-36.84,358.75,-630.0,-245.0,1,53.322,"
1784218633.9953098,"01/01/2000,04:44:55.15,-1009.28,-6.84,3.42,-1.51,-0.77,1.26,64.50,32.85,52.35,33.11,14.88,986.00,-36.60,183.75,-586.25,-218.75,1,53.322,"
1784218634.0144498,"01/01/2000,04:44:55.17,-1038.57,-22.95,41.50,1.17,0.90,-1.89,65.10,31.35,52.95,33.49,15.01,985.88,-36.60,175.0,-682.50,-227.50,1,53.322,"
1784218634.0488966,"01/01/2000,04:44:55.21,-1016.11,-20.02,28.32,1.60,-0.59,-1.55,65.10,31.35,51.75,33.35,14.88,986.00,-37.09,218.75,-796.25,-306.25,1,53.322,"
1784218634.0663826,"01/01/2000,04:44:55.23,-995.12,-22.46,-7.32,1.06,0.32,1.56,64.95,32.85,53.10,33.25,14.76,986.25,-37.09,157.50,-647.50,-350.0,1,53.322,"
1784218634.1130168,"01/01/2000,04:44:55.27,-1012.21,-21.48,-6.84,-1.13,1.31,-0.49,64.50,31.65,52.35,33.35,14.64,986.13,-36.97,236.25,-630.0,-271.25,1,53.322,"
1784218634.13808,"01/01/2000,04:44:55.29,-1015.63,-41.50,28.32,-0.16,-4.15,-1.82,64.65,32.25,51.30,33.35,14.52,986.25,-37.09,113.75,-735.0,-166.25,1,53.322,"
1784218634.151901,"01/01/2000,04:44:55.31,-1012.70,-20.02,-0.49,3.04,-1.05,2.35,63.90,33.45,52.20,33.35,14.88,986.49,-37.09,210.0,-700.0,-332.50,1,53.322,"
1784218634.1689525,"01/01/2000,04:44:55.33,-1011.23,-22.46,0.0,1.53,-0.44,0.11,66.45,31.65,50.85,33.11,14.64,986.49,-37.09,271.25,-665.0,-341.25,1,53.322,"
1784218634.1863575,"01/01/2000,04:44:55.35,-1034.67,-42.48,16.60,-0.18,-0.15,-1.0,64.50,31.65,51.90,33.49,14.88,986.25,-36.84,481.25,-743.75,-183.75,1,53.322,"
1784218634.2262318,"01/01/2000,04:44:55.38,-1009.77,-27.34,-1.95,-1.91,0.02,1.02,64.35,31.35,53.25,33.16,15.37,986.00,-33.79,525.0,-516.25,-175.0,1,53.322,"
1784218634.2449327,"01/01/2000,04:44:55.40,-1011.23,-24.41,-6.35,2.14,-1.77,0.10,64.65,34.20,52.95,33.16,15.37,984.30,-33.18,1347.50,-516.25,-183.75,1,53.322,"
1784218634.2582593,"01/01/2000,04:44:55.42,-1042.97,-21.97,-1.95,-0.56,-0.77,0.80,65.70,31.20,52.35,33.11,14.88,983.81,-31.96,2073.75,-621.25,-61.25,1,53.322,"
1784218634.286091,"01/01/2000,04:44:55.44,-1037.11,-30.76,4.88,-0.60,-3.13,-1.69,64.95,32.85,52.35,33.25,14.76,985.76,-30.87,1785.0,-717.50,-148.75,1,53.322,"
1784218634.3156724,"01/01/2000,04:44:55.47,-1016.60,-17.09,-22.46,0.27,-2.96,-0.53,65.40,31.80,52.50,33.11,14.76,984.78,-30.50,3456.25,-743.75,-280.0,1,53.322,"
1784218634.340058,"01/01/2000,04:44:55.49,-999.02,-18.55,-37.60,-0.11,-1.07,0.11,64.50,33.60,51.90,33.49,15.13,984.54,-28.43,3683.75,-656.25,-271.25,1,53.322,"
1784218634.353644,"01/01/2000,04:44:55.51,-1012.70,-24.41,-15.63,0.44,-3.60,-2.60,62.55,29.55,54.60,33.35,14.88,985.27,-26.84,3185.0,-805.0,-131.25,1,53.322,"
1784218634.3717234,"01/01/2000,04:44:55.53,-1043.46,-28.81,16.60,-0.36,-1.08,0.02,65.40,33.0,52.20,33.30,14.64,986.00,-29.16,3115.0,-953.75,-183.75,1,53.322,"
1784218634.394352,"01/01/2000,04:44:55.55,-1026.37,-17.09,37.11,1.53,-5.26,0.44,64.50,33.15,51.15,33.30,14.40,985.76,-31.72,3080.0,-1251.25,-192.50,1,53.322,"
1784218634.42802,"01/01/2000,04:44:55.59,-1010.25,-26.86,11.23,0.89,-2.92,-1.69,64.65,31.35,51.75,33.59,14.40,985.39,-32.57,1942.50,-1907.50,96.25,1,53.322,"
1784218634.445626,"01/01/2000,04:44:55.60,-1018.55,-6.84,-14.65,0.24,-0.73,-0.69,64.05,31.95,54.15,33.25,14.88,987.71,-33.79,1592.50,-1662.50,8.75,1,53.322,"
1784218634.4609044,"01/01/2000,04:44:55.62,-1029.79,-32.23,40.53,0.69,-1.79,1.05,64.65,34.95,53.25,33.11,14.88,989.42,-36.23,1688.75,-1828.75,0.0,1,53.322,"
1784218634.5008483,"01/01/2000,04:44:55.66,-1004.88,-26.37,33.20,2.98,-0.51,0.62,63.75,30.75,55.80,33.25,14.03,985.52,-38.06,1233.75,-2756.25,-70.0,1,53.322,"
1784218634.5173712,"01/01/2000,04:44:55.68,-1019.53,-26.86,-24.90,3.94,-3.31,-2.03,63.60,32.55,52.50,33.44,14.27,984.30,-41.24,1198.75,-2712.50,-43.75,1,53.322,"
1784218634.5379424,"01/01/2000,04:44:55.70,-1020.02,-35.16,37.11,2.44,0.68,-2.72,65.25,33.15,51.60,33.11,14.40,985.15,-43.68,1470.0,-2607.50,-96.25,1,53.322,"
1784218634.5567153,"01/01/2000,04:44:55.72,-1014.65,-22.95,-41.99,2.67,0.67,-0.34,65.40,33.45,53.70,33.59,14.88,987.22,-44.16,1251.25,-2135.0,-166.25,1,53.322,"
1784218634.5776198,"01/01/2000,04:44:55.73,-1033.20,-27.34,28.32,1.82,1.63,3.85,65.25,32.40,53.10,33.44,15.62,987.96,-44.41,752.50,-1881.25,-157.50,1,53.322,"
1784218634.604865,"01/01/2000,04:44:55.76,-1018.55,-30.76,24.90,1.49,1.11,-1.98,63.75,30.0,54.60,33.25,16.10,986.61,-46.36,743.75,-1146.25,-157.50,1,53.322,"
1784218634.623468,"01/01/2000,04:44:55.78,-997.56,-31.74,-8.30,-0.66,-0.07,0.13,64.50,33.60,52.65,33.25,16.23,986.74,-45.99,463.75,-866.25,-175.0,1,53.322,"
1784218634.6449788,"01/01/2000,04:44:55.80,-1026.37,-29.30,31.74,-0.42,-0.54,-2.05,66.45,32.40,52.35,33.35,15.98,987.47,-47.34,201.25,-656.25,-183.75,1,53.322,"
1784218634.6609788,"01/01/2000,04:44:55.82,-1018.55,-3.91,32.23,3.07,0.72,-0.29,63.90,32.55,52.20,33.64,15.86,986.98,-49.53,813.75,-761.25,-210.0,1,53.322,"
1784218634.6959016,"01/01/2000,04:44:55.86,-1005.37,-12.21,23.93,1.20,0.62,2.82,65.85,32.25,52.50,33.35,16.23,984.30,-47.58,-87.50,-516.25,-183.75,1,53.322,"
1784218634.7155483,"01/01/2000,04:44:55.88,-1018.07,-17.09,0.98,-1.13,0.15,-2.77,63.0,33.60,53.10,33.35,16.35,983.69,-49.29,-166.25,183.75,-297.50,1,53.322,"
1784218634.7276435,"01/01/2000,04:44:55.89,-1023.44,18.55,-14.16,-0.95,1.23,1.34,64.95,33.60,52.65,33.59,16.23,983.44,-51.73,428.75,253.75,-192.50,1,53.322,"
1784218634.7566988,"01/01/2000,04:44:55.91,-1007.32,-34.18,53.22,2.01,-0.41,2.38,64.50,32.85,51.15,33.35,15.86,984.30,-51.48,481.25,227.50,-297.50,1,53.322,"
1784218634.772743,"01/01/2000,04:44:55.93,-1029.79,-32.71,66.41,-0.53,2.44,1.64,64.50,32.40,53.10,33.49,15.98,987.10,-47.09,-166.25,350.0,-245.0,1,53.322,"
1784218634.7919455,"01/01/2000,04:44:55.95,-1027.83,-23.44,28.32,0.22,1.16,-2.05,63.75,33.15,54.15,33.16,15.37,987.47,-47.46,52.50,140.0,-297.50,1,53.322,"
1784218634.806641,"01/01/2000,04:44:55.97,-1004.39,-22.46,21.97,1.80,-1.11,2.02,64.05,31.65,52.35,33.44,14.76,987.22,-50.51,218.75,-708.75,-166.25,1,53.322,"
1784218634.824215,"01/01/2000,04:44:55.98,-1007.81,-42.48,109.38,-2.96,-0.60,-0.73,64.35,33.0,52.50,33.35,14.76,986.00,-51.48,280.0,-402.50,-175.0,1,53.322,"
1784218634.8441315,"01/01/2000,04:44:56.00,-998.54,-32.23,25.39,-0.82,-1.35,-1.21,62.55,30.0,53.85,33.25,15.25,984.54,-50.39,17.50,236.25,-402.50,1,53.322,"
1784218634.860973,"01/01/2000,04:44:56.02,-998.05,0.98,-21.48,1.45,2.10,1.29,64.50,32.85,54.15,33.30,15.25,985.27,-50.63,113.75,122.50,-280.0,1,53.322,"
1784218634.8788881,"01/01/2000,04:44:56.04,-1016.11,-4.39,69.34,-0.82,0.76,2.33,64.35,32.25,52.20,33.49,15.37,986.00,-51.12,315.0,-8.75,-350.0,1,53.322,"
1784218634.895522,"01/01/2000,04:44:56.06,-988.28,-17.58,57.62,0.32,1.08,-1.73,64.05,31.65,52.65,33.44,15.74,985.64,-50.63,210.0,87.50,-236.25,1,53.322,"
1784218634.9171712,"01/01/2000,04:44:56.08,-1013.18,-47.36,57.62,-1.26,-1.14,-2.28,66.60,31.05,52.20,33.35,15.25,984.42,-48.92,367.50,236.25,-218.75,1,53.322,"
1784218634.927581,"01/01/2000,04:44:56.09,-1020.02,-41.02,60.55,-0.55,-2.05,-1.28,64.95,31.65,52.35,33.35,14.40,985.76,-47.95,26.25,-175.0,-253.75,1,53.322,"
1784218634.955652,"01/01/2000,04:44:56.11,-1031.74,-17.58,18.07,-1.08,-0.69,-0.81,64.05,33.15,51.90,33.06,14.40,986.61,-48.80,105.0,-700.0,-236.25,1,53.322,"
1784218634.9746432,"01/01/2000,04:44:56.13,-1002.93,-9.77,-21.97,2.48,-0.08,-1.31,64.65,31.05,52.50,33.25,15.13,986.49,-49.41,35.0,-542.50,-183.75,1,53.322,"
1784218634.9942973,"01/01/2000,04:44:56.15,-1005.37,-17.09,-18.07,-0.89,1.82,-1.44,63.60,32.25,53.70,33.25,15.37,984.42,-50.51,420.0,-656.25,-210.0,1,53.322,"
1784218635.006493,"01/01/2000,04:44:56.17,-1021.97,-4.88,16.11,1.02,0.34,-2.56,65.10,32.55,51.30,33.35,15.13,984.05,-50.75,280.0,-612.50,-140.0,1,53.322,"
1784218635.0244257,"01/01/2000,04:44:56.18,-1027.83,10.25,-97.17,-1.60,-0.24,0.33,63.30,33.15,52.65,33.35,14.88,984.91,-51.00,446.25,-717.50,-332.50,1,53.322,"
1784218635.0452824,"01/01/2000,04:44:56.21,-1015.14,-35.16,-31.25,0.93,-0.65,2.20,63.60,29.40,54.45,33.35,14.88,985.76,-51.00,420.0,-638.75,-367.50,1,53.322,"
1784218635.06113,"01/01/2000,04:44:56.22,-1027.34,-21.48,-28.81,-1.45,1.69,0.10,63.75,32.85,53.10,33.49,15.37,985.15,-51.00,315.0,-516.25,-253.75,1,53.322,"
1784218635.080712,"01/01/2000,04:44:56.24,-1006.84,-10.74,24.90,0.96,-0.87,-0.31,63.90,30.60,52.20,33.16,15.74,984.91,-50.02,665.0,-358.75,-306.25,1,53.322,"
1784218635.1109943,"01/01/2000,04:44:56.26,-1021.48,-4.88,59.57,-1.66,1.10,1.77,64.65,33.45,53.25,33.35,15.86,987.22,-49.04,183.75,-131.25,-245.0,1,53.322,"
1784218635.1276886,"01/01/2000,04:44:56.29,-1003.91,-42.97,-4.88,2.05,-1.24,-1.20,62.40,31.05,55.50,33.11,15.49,987.22,-49.41,402.50,-61.25,-306.25,1,53.322,"
1784218635.1467154,"01/01/2000,04:44:56.30,-1002.44,-20.02,-10.74,-1.98,-1.40,-0.44,64.65,32.25,51.0,33.35,15.62,985.15,-49.53,-35.0,-96.25,-367.50,1,53.322,"
1784218635.1622922,"01/01/2000,04:44:56.32,-992.19,-20.02,21.97,-1.82,-0.18,-0.89,64.65,32.55,52.95,33.25,15.62,983.08,-50.51,341.25,-105.0,-271.25,1,53.322,"
1784218635.177635,"01/01/2000,04:44:56.34,-1017.58,-42.97,28.81,-0.22,0.29,0.32,64.65,32.55,53.25,33.35,15.13,984.05,-50.51,288.75,-192.50,-253.75,1,53.322,"
1784218635.1942914,"01/01/2000,04:44:56.36,-1016.60,-30.76,107.42,-1.56,0.37,-0.02,64.50,34.05,52.35,33.30,15.01,986.00,-50.26,-140.0,-577.50,-218.75,1,53.322,"
1784218635.2178771,"01/01/2000,04:44:56.38,-1010.74,8.30,21.00,1.62,1.10,-3.39,64.05,31.20,51.90,33.35,15.13,985.52,-50.75,192.50,-630.0,-323.75,1,53.322,"
1784218635.2351327,"01/01/2000,04:44:56.39,-1000.98,-48.34,14.65,-1.93,-2.40,0.98,63.90,32.55,52.20,33.11,15.74,984.66,-51.00,122.50,-350.0,-183.75,1,53.322,"
1784218635.2596815,"01/01/2000,04:44:56.42,-1005.86,-22.46,85.45,-2.03,-0.19,-0.12,63.15,30.15,51.60,33.49,15.25,984.54,-51.00,385.0,-288.75,-323.75,1,53.322,"
1784218635.2715147,"01/01/2000,04:44:56.43,-1013.67,-12.70,-1.95,2.22,0.12,-2.95,64.05,31.95,52.65,33.35,15.25,985.52,-49.78,175.0,-551.25,-271.25,1,53.322,"
1784218635.2910933,"01/01/2000,04:44:56.45,-981.45,16.60,35.16,0.17,1.04,-1.47,63.30,31.95,52.35,33.25,15.13,986.74,-49.78,-183.75,-428.75,-385.0,1,53.322,"
1784218635.3079734,"01/01/2000,04:44:56.47,-1027.83,-12.70,16.11,-1.38,1.66,1.40,63.90,32.55,51.30,33.16,15.01,986.00,-51.00,35.0,-446.25,-385.0,1,53.322,"
1784218635.346892,"01/01/2000,04:44:56.51,-1006.84,-28.32,49.80,0.24,-2.50,1.40,64.35,31.80,51.75,33.44,14.88,985.39,-51.97,218.75,-227.50,-218.75,1,53.322,"
1784218635.367411,"01/01/2000,04:44:56.52,-1039.55,-12.21,26.37,-1.28,-1.73,-0.35,63.30,33.60,50.85,33.49,15.01,986.74,-51.61,26.25,-262.50,-323.75,1,53.322,"
1784218635.3798945,"01/01/2000,04:44:56.54,-1015.14,-17.58,-14.65,1.63,0.27,-0.08,63.75,32.40,51.60,33.30,15.01,985.76,-51.12,262.50,-411.25,-332.50,1,53.322,"
1784218635.401409,"01/01/2000,04:44:56.56,-1021.48,-15.63,-36.62,2.56,-1.68,-0.92,63.75,33.60,52.35,33.49,15.25,984.54,-49.17,131.25,-455.0,-262.50,1,53.322,"
1784218635.4230533,"01/01/2000,04:44:56.58,-1013.67,-12.70,-40.04,1.25,-1.02,-1.59,62.25,31.20,52.65,33.30,14.88,983.93,-49.04,218.75,-568.75,-236.25,1,53.322,"
1784218635.4373057,"01/01/2000,04:44:56.60,-1034.67,-25.39,11.23,-0.34,1.05,0.34,65.10,34.20,52.50,33.49,14.76,985.76,-48.80,367.50,-752.50,-166.25,1,53.322,"
1784218635.4583306,"01/01/2000,04:44:56.62,-1024.41,-12.70,49.32,-0.69,0.53,0.98,64.65,31.80,53.70,33.25,14.76,987.83,-48.80,-315.0,-682.50,-341.25,1,53.322,"
1784218635.4935994,"01/01/2000,04:44:56.65,-1017.09,-26.37,-55.66,-0.21,-1.02,0.25,63.75,32.85,50.85,32.92,15.62,983.32,-52.58,17.50,-472.50,-227.50,1,53.322,"
1784218635.509793,"01/01/2000,04:44:56.67,-1009.28,-8.30,-46.39,0.73,1.63,1.05,64.35,32.25,52.20,33.25,15.01,982.95,-52.34,210.0,-586.25,-210.0,1,53.322,"
1784218635.527546,"01/01/2000,04:44:56.69,-1027.83,-8.30,-14.65,2.34,-0.02,0.07,64.50,34.05,52.65,33.44,14.27,984.54,-51.48,131.25,-1041.25,-315.0,1,53.322,"
1784218635.5552804,"01/01/2000,04:44:56.71,-1037.60,11.72,-23.44,2.69,-1.02,-1.0,64.65,32.25,50.55,33.44,14.64,985.64,-51.24,157.50,-1347.50,-157.50,1,53.322,"
1784218635.5821123,"01/01/2000,04:44:56.74,-1012.21,-31.25,-19.04,2.65,0.33,-1.66,63.75,33.15,51.90,33.30,15.74,986.86,-49.78,-17.50,-735.0,-122.50,1,53.322,"
1784218635.6064882,"01/01/2000,04:44:56.76,-1035.64,-11.72,29.30,1.01,-1.99,0.73,64.50,34.80,52.65,33.49,15.62,986.49,-49.78,463.75,-770.0,-201.25,1,53.322,"
1784218635.6292138,"01/01/2000,04:44:56.79,-1015.14,0.98,8.79,2.62,-2.53,-2.20,62.40,30.60,54.75,33.30,15.01,987.47,-49.78,271.25,-962.50,-315.0,1,53.322,"
1784218635.6488335,"01/01/2000,04:44:56.81,-1003.42,-21.48,18.07,1.89,1.54,1.08,65.25,32.40,51.90,33.35,15.13,985.52,-51.12,166.25,-1120.0,-166.25,1,53.322,"
1784218635.688213,"01/01/2000,04:44:56.85,-1030.27,-31.25,19.04,-2.06,-1.23,0.98,63.90,31.35,52.50,33.49,15.49,982.95,-50.51,428.75,-612.50,-192.50,1,53.322,"
1784218635.70545,"01/01/2000,04:44:56.86,-1028.32,-16.11,-26.37,0.76,2.23,0.91,63.90,31.35,52.50,33.25,15.13,984.66,-50.26,358.75,-892.50,-148.75,1,53.322,"
1784218635.7275987,"01/01/2000,04:44:56.88,-1033.20,-18.55,6.35,0.69,-1.95,1.37,63.15,31.80,52.50,33.44,15.25,986.00,-50.63,210.0,-673.75,-192.50,1,53.322,"
1784218635.7436779,"01/01/2000,04:44:56.90,-1013.67,-37.11,-26.86,0.53,-0.32,1.15,63.15,32.25,52.50,33.44,15.49,986.49,-50.75,306.25,-533.75,-227.50,1,53.322,"
1784218635.7611322,"01/01/2000,04:44:56.92,-1046.88,-20.51,16.60,1.98,0.44,1.76,63.60,33.45,52.20,33.35,15.37,985.52,-50.02,61.25,-577.50,-218.75,1,53.322,"
1784218635.7775097,"01/01/2000,04:44:56.94,-1004.39,-24.90,60.06,2.15,-0.63,0.27,63.0,32.85,51.60,33.35,15.37,984.54,-49.90,253.75,-446.25,-376.25,1,53.322,"
1784218635.794455,"01/01/2000,04:44:56.95,-1062.01,-22.95,25.39,0.67,-0.65,-0.82,63.0,32.85,51.60,33.44,15.13,984.91,-50.02,350.0,-621.25,-358.75,1,53.322,"
1784218635.823089,"01/01/2000,04:44:56.98,-1026.86,-35.64,160.16,-1.68,-0.83,1.16,64.35,31.35,51.30,33.11,15.13,986.61,-50.02,210.0,-603.75,-367.50,1,53.322,"
1784218635.8351405,"01/01/2000,04:44:56.99,-1012.70,4.88,41.02,2.03,-0.86,1.37,63.75,32.85,52.65,33.44,15.62,986.25,-50.26,70.0,-866.25,-183.75,1,53.322,"
1784218635.8586898,"01/01/2000,04:44:57.01,-1009.77,-15.14,90.33,-0.23,-1.32,-1.25,63.15,31.35,52.20,33.44,15.37,985.15,-51.00,8.75,-560.0,-218.75,1,53.322,"
1784218635.8729699,"01/01/2000,04:44:57.03,-1027.83,-11.72,36.13,1.18,-2.81,3.70,63.90,33.0,52.20,33.44,15.01,984.78,-51.24,131.25,-595.0,-280.0,1,53.322,"
1784218635.9057672,"01/01/2000,04:44:57.07,-997.56,-29.79,26.37,1.07,-1.91,0.81,63.60,33.45,52.20,33.16,14.88,986.13,-51.61,411.25,-805.0,-236.25,1,53.322,"
1784218635.9276607,"01/01/2000,04:44:57.08,-1032.23,-45.41,112.30,-0.95,-2.48,-1.92,63.30,34.05,53.10,33.30,15.01,987.22,-50.51,245.0,-708.75,-367.50,1,53.322,"
1784218635.961563,"01/01/2000,04:44:57.12,-1001.46,-31.25,63.96,-0.90,-0.37,1.31,63.75,32.85,51.60,33.11,15.13,984.42,-49.78,166.25,-901.25,-428.75,1,53.322,"
1784218635.9782832,"01/01/2000,04:44:57.14,-1007.81,-31.74,80.08,1.07,-1.13,1.86,63.0,32.40,52.35,33.25,15.86,983.69,-50.87,560.0,52.50,-323.75,1,53.322,"
1784218635.9963152,"01/01/2000,04:44:57.16,-1019.53,-1.95,-23.44,-0.69,0.27,0.90,63.0,32.40,52.35,33.25,15.13,985.52,-50.75,140.0,-507.50,-192.50,1,53.322,"
1784218636.034159,"01/01/2000,04:44:57.19,-1012.21,-33.20,-2.93,-0.63,1.05,0.98,61.80,30.75,51.60,33.35,15.62,984.78,-51.61,35.0,-52.50,-280.0,1,53.322,"
1784218636.0778754,"01/01/2000,04:44:57.23,-993.65,-38.57,41.50,-0.68,-1.90,2.31,61.95,33.0,52.20,33.16,14.52,984.05,-52.58,157.50,-1076.25,-131.25,1,53.322,"
1784218636.0921383,"01/01/2000,04:44:57.25,-1021.00,9.77,-71.29,-0.52,-0.15,3.53,64.65,31.05,53.70,33.30,14.64,985.03,-51.12,367.50,-472.50,-315.0,1,53.322,"
1784218636.1069043,"01/01/2000,04:44:57.27,-1052.25,-43.46,4.39,2.10,-2.50,-0.11,64.65,31.05,53.70,33.59,14.88,986.49,-49.04,61.25,-437.50,-201.25,1,53.322,"
1784218636.1266313,"01/01/2000,04:44:57.28,-990.72,-11.72,90.82,-0.21,-0.55,-2.34,63.90,33.45,51.75,33.35,15.13,986.86,-49.53,35.0,-656.25,-262.50,1,53.322,"
1784218636.156704,"01/01/2000,04:44:57.31,-1041.50,-27.83,51.76,0.38,-0.07,-2.55,60.60,32.40,55.35,33.11,15.01,985.27,-51.48,437.50,-638.75,-122.50,1,53.322,"
1784218636.1716058,"01/01/2000,04:44:57.33,-1021.00,2.44,69.34,0.49,-0.67,0.91,62.25,32.40,52.35,33.35,14.64,984.91,-50.75,8.75,-700.0,-227.50,1,53.322,"
1784218636.2048542,"01/01/2000,04:44:57.37,-1020.02,-12.21,0.49,0.22,-0.75,-1.67,64.65,32.55,51.30,33.35,15.37,985.03,-51.48,393.75,-630.0,-271.25,1,53.322,"
1784218636.227558,"01/01/2000,04:44:57.39,-996.09,-9.28,67.87,-2.54,-1.39,-0.94,61.80,31.95,52.65,33.30,15.37,986.61,-51.85,-35.0,-542.50,-306.25,1,53.322,"
1784218636.2444289,"01/01/2000,04:44:57.40,-1017.09,-40.04,69.34,-1.32,-0.99,0.66,62.70,33.0,51.75,33.64,15.25,985.52,-52.95,393.75,-568.75,-350.0,1,53.322,"
1784218636.2610438,"01/01/2000,04:44:57.42,-1023.93,-1.95,-60.55,-0.63,0.40,1.78,63.60,32.25,52.20,33.25,15.13,984.54,-51.97,621.25,-341.25,-271.25,1,53.322,"
1784218636.2792597,"01/01/2000,04:44:57.44,-1008.79,-9.28,-21.00,0.84,-0.81,0.28,64.50,32.40,51.15,33.35,14.88,985.27,-49.29,-35.0,-455.0,-166.25,1,53.322,"
1784218636.317237,"01/01/2000,04:44:57.48,-1021.00,-0.49,17.09,-0.44,0.93,0.08,63.0,32.85,52.65,33.16,15.49,985.76,-50.26,131.25,-288.75,-271.25,1,53.322,"
1784218636.3517468,"01/01/2000,04:44:57.51,-1033.69,-13.18,29.79,-1.19,-0.79,-0.72,64.05,32.40,50.85,33.11,14.76,984.17,-52.83,227.50,-638.75,-288.75,1,53.322,"
1784218636.3782663,"01/01/2000,04:44:57.53,-1011.23,-21.48,-9.28,0.80,0.79,-2.37,63.75,32.40,53.10,33.25,14.88,984.17,-51.24,288.75,-857.50,-113.75,1,53.322,"
1784218636.4088576,"01/01/2000,04:44:57.57,-1006.35,-1.46,-11.23,1.11,-2.29,0.87,63.30,33.60,51.90,33.49,15.25,985.52,-50.39,52.50,-875.0,-236.25,1,53.322,"
1784218636.4282432,"01/01/2000,04:44:57.59,-1006.84,-19.53,-27.83,0.82,0.46,-0.82,61.35,31.65,50.40,33.35,15.74,985.03,-52.46,280.0,-472.50,-210.0,1,53.322,"
1784218636.444681,"01/01/2000,04:44:57.61,-1023.93,-7.32,40.53,-1.29,1.71,-2.21,63.15,33.0,51.75,33.30,15.13,985.03,-51.97,568.75,-586.25,-280.0,1,53.322,"
1784218636.461003,"01/01/2000,04:44:57.62,-1006.84,-40.04,16.11,-0.26,-0.03,0.04,63.30,31.65,52.35,33.30,14.64,985.76,-49.78,271.25,-708.75,-323.75,1,53.322,"
1784218636.4801798,"01/01/2000,04:44:57.64,-989.75,19.53,-47.36,1.85,0.02,-0.43,62.25,33.15,51.90,33.35,15.13,986.13,-48.56,463.75,-516.25,-245.0,1,53.322,"
1784218636.51855,"01/01/2000,04:44:57.68,-994.14,-39.06,42.97,-0.11,-0.46,0.53,63.75,32.85,52.65,33.25,15.37,985.76,-50.75,-105.0,-638.75,-113.75,1,53.322,"
1784218636.5379293,"01/01/2000,04:44:57.70,-1032.71,-24.90,58.11,-0.10,-3.22,2.28,63.90,32.55,51.75,33.35,15.13,984.42,-52.95,586.25,-402.50,-175.0,1,53.322,"
1784218636.5566945,"01/01/2000,04:44:57.71,-1011.72,14.65,-30.27,0.44,-2.85,-0.15,61.95,31.80,52.20,33.11,14.76,985.27,-51.97,367.50,-577.50,-148.75,1,53.322,"
1784218636.5754838,"01/01/2000,04:44:57.73,-1029.30,-27.34,-19.53,-0.15,-2.02,-0.61,62.40,32.55,52.95,33.16,14.76,986.49,-50.63,341.25,-1058.75,-271.25,1,53.322,"
1784218636.591378,"01/01/2000,04:44:57.75,-1025.39,-43.95,17.58,-0.21,-1.55,-1.38,63.90,31.80,52.20,33.25,15.49,986.74,-51.36,70.0,-980.0,-166.25,1,53.322,"
1784218636.6000242,"01/01/2000,04:44:57.77,-1012.21,-13.67,44.43,1.20,-0.95,-1.74,62.70,33.0,51.30,33.59,15.86,984.78,-53.68,315.0,-350.0,-157.50,1,53.323,"
1784218636.6300683,"01/01/2000,04:44:57.79,-1018.55,-5.37,-52.73,1.16,2.35,-1.23,63.60,31.35,52.20,33.35,14.64,983.69,-53.44,700.0,-875.0,-245.0,1,53.322,"
1784218636.6571684,"01/01/2000,04:44:57.81,-1025.88,-6.84,10.74,2.15,0.90,1.24,63.90,31.35,52.20,33.35,14.40,985.88,-50.26,385.0,-1023.75,-253.75,1,53.322,"
1784218636.6715183,"01/01/2000,04:44:57.83,-1010.74,-28.81,51.76,-0.22,-0.16,0.15,64.35,32.25,51.30,33.49,15.25,986.13,-49.90,288.75,-866.25,-210.0,1,53.322,"
1784218636.6940815,"01/01/2000,04:44:57.85,-998.54,-29.30,34.67,-0.47,2.58,-0.08,63.15,31.35,51.0,33.35,15.49,985.15,-51.24,280.0,-1093.75,-175.0,1,53.322,"
1784218636.7130961,"01/01/2000,04:44:57.87,-1016.60,-45.90,-26.86,1.32,-2.44,-1.59,61.65,31.80,51.30,33.30,14.76,984.05,-53.80,472.50,-918.75,-218.75,1,53.322,"
1784218636.7277865,"01/01/2000,04:44:57.89,-1031.25,-25.39,-31.25,2.46,0.03,-2.05,63.60,32.55,51.75,33.30,14.15,984.91,-53.68,822.50,-1023.75,-113.75,1,53.322,"
1784218636.748949,"01/01/2000,04:44:57.91,-1023.93,-18.55,-18.07,1.27,1.76,0.16,63.15,32.55,51.30,33.44,14.40,986.00,-52.09,455.0,-1181.25,-227.50,1,53.322,"
1784218636.7694023,"01/01/2000,04:44:57.93,-994.63,-4.39,32.71,0.58,-2.10,0.23,62.55,31.95,51.90,33.25,15.01,986.00,-51.36,210.0,-1067.50,-175.0,1,53.322,"
1784218636.7943485,"01/01/2000,04:44:57.96,-1020.51,-2.44,5.37,-0.65,0.05,0.55,64.50,32.40,52.65,33.49,15.37,984.78,-53.19,577.50,-367.50,-306.25,1,53.322,"
1784218636.8230348,"01/01/2000,04:44:57.98,-1018.07,-55.66,67.38,-0.56,0.92,-0.85,63.90,33.75,51.0,33.35,14.64,985.39,-53.07,673.75,-778.75,-271.25,1,53.322,"
1784218636.8423283,"01/01/2000,04:44:58.00,-997.56,-21.00,0.0,-0.14,-0.97,-2.67,62.70,32.55,52.95,33.25,14.27,986.37,-51.48,280.0,-1295.0,-227.50,1,53.322,"
1784218636.8594458,"01/01/2000,04:44:58.02,-995.61,10.25,67.38,0.03,-1.27,0.10,61.65,31.80,52.50,33.35,15.13,986.25,-52.09,-166.25,-1093.75,-175.0,1,53.322,"
1784218636.875438,"01/01/2000,04:44:58.04,-992.19,-1.95,32.23,1.30,-0.55,-0.24,62.55,32.40,51.90,33.49,15.74,985.03,-55.88,-26.25,-770.0,-148.75,1,53.322,"
1784218636.8945436,"01/01/2000,04:44:58.05,-1008.79,-25.39,64.94,0.75,1.15,-1.80,62.40,33.45,52.20,33.30,15.13,984.66,-60.63,-70.0,-647.50,-218.75,1,53.322,"
1784218636.912979,"01/01/2000,04:44:58.07,-993.65,-33.20,67.38,0.55,1.77,3.37,63.0,32.85,53.85,33.11,14.64,984.78,-63.20,183.75,-1058.75,-131.25,1,53.322,"
1784218636.949904,"01/01/2000,04:44:58.11,-1004.88,-28.32,33.20,2.18,0.28,1.71,62.40,33.0,51.0,33.35,15.13,985.52,-59.29,-183.75,-1146.25,-201.25,1,53.322,"
1784218636.971382,"01/01/2000,04:44:58.13,-1033.20,-17.09,53.22,-0.80,0.19,-2.32,62.55,32.40,51.90,33.25,15.86,985.27,-59.29,-262.50,-542.50,-262.50,1,53.322,"
1784218636.9930906,"01/01/2000,04:44:58.15,-990.23,-4.39,79.59,-0.37,0.04,1.53,63.15,30.60,51.0,33.35,15.74,984.78,-62.46,-8.75,-577.50,-78.75,1,53.322,"
1784218637.0045905,"01/01/2000,04:44:58.16,-1018.55,-19.04,54.20,2.40,0.73,1.71,62.55,31.65,52.35,33.11,15.01,985.15,-65.88,-420.0,-490.0,-288.75,1,53.322,"
1784218637.0223053,"01/01/2000,04:44:58.18,-1004.39,-35.16,70.80,-0.01,-0.26,-0.76,61.95,33.0,52.50,33.44,14.88,984.78,-67.83,-227.50,-507.50,-271.25,1,53.322,"
1784218637.045542,"01/01/2000,04:44:58.20,-998.54,-24.41,-72.75,1.50,0.18,2.53,62.70,33.0,51.0,33.35,15.13,984.54,-65.39,-148.75,-402.50,-157.50,1,53.323,"
1784218637.0601022,"01/01/2000,04:44:58.22,-1009.28,-41.02,72.75,1.67,2.21,0.31,63.75,33.60,51.90,33.35,15.37,984.78,-61.98,-367.50,-691.25,-140.0,1,53.322,"
1784218637.0944316,"01/01/2000,04:44:58.25,-995.61,6.35,69.82,-0.25,2.49,0.12,63.75,33.15,51.90,33.35,15.62,986.37,-59.54,-437.50,-350.0,-315.0,1,53.322,"
1784218637.1150768,"01/01/2000,04:44:58.28,-1031.25,-27.34,26.37,-0.01,2.42,-1.63,61.80,33.15,52.35,33.11,15.01,983.93,-61.12,-428.75,-743.75,-175.0,1,53.322,"
1784218637.1382494,"01/01/2000,04:44:58.29,-1004.88,-38.57,90.82,0.82,-0.73,1.22,62.25,32.85,52.35,33.35,15.25,982.34,-60.39,140.0,-533.75,-253.75,1,53.322,"
1784218637.155803,"01/01/2000,04:44:58.31,-1024.41,-59.57,45.41,1.76,0.31,1.26,62.70,31.80,52.50,33.44,15.13,985.03,-57.10,52.50,-367.50,-288.75,1,53.322,"
1784218637.1783726,"01/01/2000,04:44:58.33,-1000.0,-26.86,40.53,0.36,0.68,0.73,63.15,31.80,52.20,33.30,15.37,985.64,-55.14,-376.25,-472.50,-183.75,1,53.322,"
1784218637.1943054,"01/01/2000,04:44:58.36,-1023.44,1.95,5.37,2.40,0.18,2.47,63.15,31.80,52.50,33.25,15.49,984.42,-55.63,183.75,-490.0,-210.0,1,53.322,"
1784218637.2144554,"01/01/2000,04:44:58.37,-1010.74,-17.58,48.83,-2.47,0.18,-0.09,64.35,32.25,52.50,33.25,15.01,985.27,-54.41,-358.75,-595.0,-315.0,1,53.322,"
1784218637.2323132,"01/01/2000,04:44:58.39,-1011.23,-9.28,-7.32,-0.99,0.95,-1.11,63.15,32.55,52.20,33.16,14.88,985.76,-53.56,-122.50,-481.25,-218.75,1,53.322,"
1784218637.248437,"01/01/2000,04:44:58.41,-1008.79,-13.18,63.96,-0.85,0.10,-0.25,62.25,34.35,51.60,33.16,15.13,985.27,-53.19,-148.75,-638.75,-253.75,1,53.322,"
1784218637.273101,"01/01/2000,04:44:58.43,-1007.81,1.46,23.44,1.57,1.34,-1.09,62.40,33.0,52.50,33.30,15.37,984.78,-52.70,-96.25,-525.0,-105.0,1,53.322,"
1784218637.287012,"01/01/2000,04:44:58.45,-1007.81,-24.41,51.76,0.90,0.48,0.92,60.45,30.15,54.45,33.25,15.13,985.15,-52.22,-122.50,-323.75,-385.0,1,53.322,"
1784218637.3124578,"01/01/2000,04:44:58.46,-1000.49,-10.74,18.07,-0.08,-0.63,0.23,63.0,31.95,52.35,33.11,14.88,985.27,-51.97,-113.75,-525.0,-358.75,1,53.322,"
1784218637.3254943,"01/01/2000,04:44:58.49,-1029.79,-28.32,40.53,-2.05,0.67,-0.29,64.05,31.20,50.85,33.11,14.76,985.03,-51.73,-105.0,-638.75,-341.25,1,53.322,"
1784218637.3382177,"01/01/2000,04:44:58.50,-1014.16,-21.48,10.74,1.52,-0.20,0.08,63.60,31.80,51.30,33.64,15.13,985.52,-51.36,-78.75,-691.25,-253.75,1,53.322,"
1784218637.3602865,"01/01/2000,04:44:58.52,-1014.65,-18.55,-12.70,0.87,1.25,0.75,62.55,32.40,51.90,33.35,15.01,985.52,-51.36,-17.50,-490.0,-105.0,1,53.323,"
1784218637.3775992,"01/01/2000,04:44:58.54,-1035.16,-23.93,-15.14,-1.59,-1.27,-0.02,63.0,31.65,51.15,33.35,14.88,985.27,-51.36,17.50,-472.50,-288.75,1,53.322,"
1784218637.415477,"01/01/2000,04:44:58.58,-1006.35,-13.67,5.86,2.02,-1.76,-1.44,62.25,31.95,51.60,33.35,14.64,985.64,-50.87,-78.75,-735.0,-236.25,1,53.322,"
1784218637.4334264,"01/01/2000,04:44:58.59,-1026.86,-14.16,58.59,0.24,-4.08,-3.14,63.90,31.35,52.20,33.49,15.13,985.52,-50.63,-218.75,-700.0,-192.50,1,53.322,"
1784218637.449423,"01/01/2000,04:44:58.61,-991.21,-26.86,18.07,-0.29,-0.37,-1.50,63.15,32.55,51.75,33.44,15.13,985.27,-50.51,52.50,-481.25,-323.75,1,53.323,"
1784218637.4735682,"01/01/2000,04:44:58.63,-1002.44,4.39,117.19,1.90,-1.85,-0.82,60.90,29.40,54.75,33.25,15.01,985.52,-50.51,-105.0,-682.50,-306.25,1,53.322,"
1784218637.4902506,"01/01/2000,04:44:58.65,-1021.00,-14.65,25.39,1.49,-0.72,0.24,60.90,29.40,54.75,33.35,14.88,985.52,-50.26,78.75,-700.0,-315.0,1,53.323,"
1784218637.5118048,"01/01/2000,04:44:58.67,-998.54,-34.67,38.09,1.66,0.92,0.16,61.05,31.65,51.60,33.35,15.25,985.52,-50.02,-78.75,-612.50,-262.50,1,53.323,"
1784218637.5252407,"01/01/2000,04:44:58.69,-1030.27,-8.30,10.25,1.69,1.25,0.29,62.55,33.60,52.65,33.44,15.25,985.03,-50.02,175.0,-673.75,-341.25,1,53.322,"
1784218637.544508,"01/01/2000,04:44:58.70,-1000.49,-25.88,21.00,1.95,-1.64,0.55,62.55,30.75,52.35,33.35,15.25,984.91,-50.02,-26.25,-525.0,-271.25,1,53.322,"
1784218637.5610614,"01/01/2000,04:44:58.72,-1012.21,3.91,64.94,1.08,0.91,-2.89,63.30,31.65,52.35,33.25,15.25,985.27,-49.90,52.50,-743.75,-183.75,1,53.322,"
1784218637.5785584,"01/01/2000,04:44:58.74,-1024.90,-36.13,51.27,1.53,-1.42,-1.25,62.40,32.55,51.75,33.16,15.13,985.27,-50.02,-61.25,-761.25,-306.25,1,53.323,"
1784218637.5941315,"01/01/2000,04:44:58.76,-1030.27,-10.74,-16.11,0.85,1.56,0.14,63.90,33.75,51.75,33.16,15.25,985.15,-50.26,105.0,-717.50,-175.0,1,53.323,"
1784218637.6210403,"01/01/2000,04:44:58.78,-1027.34,-25.39,41.99,-0.24,0.48,-1.55,63.15,32.25,52.50,33.25,15.13,985.03,-50.02,96.25,-533.75,-367.50,1,53.323,"
1784218637.6337183,"01/01/2000,04:44:58.79,-1014.16,-21.48,45.41,0.0,2.16,1.19,63.15,33.0,50.55,33.11,15.01,985.15,-50.02,78.75,-638.75,-201.25,1,53.323,"
1784218637.6511834,"01/01/2000,04:44:58.81,-1003.42,-10.25,-68.36,-0.34,-2.08,-1.30,63.60,32.25,51.30,33.11,15.01,985.39,-49.90,131.25,-700.0,-262.50,1,53.323,"
1784218637.6778545,"01/01/2000,04:44:58.83,-986.33,-22.46,23.93,-0.06,1.44,-0.36,62.25,30.45,52.65,33.16,15.13,985.39,-49.78,140.0,-603.75,-218.75,1,53.322,"
1784218637.6967769,"01/01/2000,04:44:58.86,-1013.67,-26.37,59.57,1.49,0.92,-0.27,63.90,31.05,52.20,33.30,14.88,985.27,-49.53,70.0,-743.75,-297.50,1,53.322,"
1784218637.7172682,"01/01/2000,04:44:58.88,-1022.46,-27.83,5.86,-1.94,-1.63,0.63,63.90,31.80,52.20,33.35,14.88,985.15,-49.41,61.25,-656.25,-288.75,1,53.322,"
1784218637.7278352,"01/01/2000,04:44:58.89,-1008.79,-26.37,82.03,0.21,1.52,-0.56,62.25,31.65,51.15,33.35,14.88,985.15,-49.53,122.50,-665.0,-210.0,1,53.322,"
1784218637.7557611,"01/01/2000,04:44:58.92,-1010.25,-23.44,24.41,-0.73,0.37,-0.17,62.25,31.95,51.60,33.35,14.88,985.39,-49.04,-35.0,-778.75,-245.0,1,53.322,"
1784218637.7776494,"01/01/2000,04:44:58.93,-1013.18,-41.50,-28.81,0.32,0.80,-0.30,61.20,31.05,52.50,33.44,14.88,985.27,-49.04,-8.75,-630.0,-192.50,1,53.322,"
1784218637.794352,"01/01/2000,04:44:58.95,-1026.86,-26.37,52.25,1.77,-1.87,-0.83,63.0,32.40,51.90,33.06,14.76,985.03,-49.29,218.75,-647.50,-70.0,1,53.323,"
1784218637.8060079,"01/01/2000,04:44:58.97,-1005.86,-19.53,-63.96,1.31,0.34,0.01,63.0,31.20,52.35,33.35,14.40,985.39,-49.41,52.50,-813.75,-288.75,1,53.322,"
1784218637.8278313,"01/01/2000,04:44:58.99,-1041.99,-15.63,66.89,0.85,1.47,-0.85,62.25,31.95,53.40,33.35,14.64,985.39,-49.41,140.0,-840.0,-157.50,1,53.322,"
1784218637.845478,"01/01/2000,04:44:59.00,-1024.90,-47.36,50.78,-0.99,-2.22,-0.23,63.0,31.65,51.15,33.35,14.64,985.52,-49.29,26.25,-542.50,-236.25,1,53.322,"
1784218637.8609698,"01/01/2000,04:44:59.02,-1030.76,-30.27,76.17,1.46,-1.68,-0.27,63.0,32.40,50.40,33.49,14.64,985.52,-49.17,61.25,-840.0,-262.50,1,53.322,"
1784218637.883046,"01/01/2000,04:44:59.04,-1011.72,9.77,-59.08,-0.07,0.70,-0.26,62.55,33.15,51.90,33.25,14.64,985.39,-48.80,201.25,-586.25,-253.75,1,53.322,"
1784218637.9007976,"01/01/2000,04:44:59.06,-1039.06,-20.02,-45.90,0.79,0.92,0.54,63.60,33.75,51.30,33.30,14.64,985.27,-48.92,70.0,-770.0,-245.0,1,53.322,"
1784218637.917848,"01/01/2000,04:44:59.08,-1031.74,-28.32,17.09,-0.61,0.58,-0.25,62.55,31.65,52.35,33.30,15.01,985.27,-49.04,-17.50,-586.25,-236.25,1,53.323,"
1784218637.927746,"01/01/2000,04:44:59.09,-1039.55,-47.36,68.36,0.0,1.56,-0.69,63.15,31.35,51.75,33.44,15.13,985.52,-49.04,122.50,-682.50,-183.75,1,53.323,"
1784218637.9568236,"01/01/2000,04:44:59.12,-1021.00,-8.30,6.35,-1.24,-1.36,2.20,63.15,32.25,53.25,33.35,15.13,985.52,-49.04,-8.75,-630.0,-323.75,1,53.323,"
1784218637.9794376,"01/01/2000,04:44:59.13,-990.23,-23.93,-42.97,-0.69,2.72,-0.25,62.25,32.40,52.65,33.16,14.88,985.27,-49.17,157.50,-726.25,-236.25,1,53.323,"
1784218637.9895058,"01/01/2000,04:44:59.15,-1029.79,-20.51,-3.91,-1.01,0.50,-0.57,63.0,33.60,51.60,33.35,14.76,985.52,-49.29,105.0,-665.0,-201.25,1,53.322,"
1784218638.0046833,"01/01/2000,04:44:59.17,-1010.25,-12.70,13.67,0.24,1.09,0.52,63.75,33.15,50.40,33.35,14.88,985.76,-49.04,122.50,-673.75,-271.25,1,53.323,"
1784218638.0290897,"01/01/2000,04:44:59.19,-1004.88,-32.71,18.07,-0.63,-0.53,-1.31,62.70,32.25,51.30,33.49,15.13,985.52,-48.92,61.25,-700.0,-201.25,1,53.323,"
1784218638.0451486,"01/01/2000,04:44:59.21,-1024.90,-32.23,6.35,1.10,-2.54,-0.04,61.95,30.60,52.20,33.35,14.88,985.27,-49.17,236.25,-647.50,-253.75,1,53.323,"
1784218638.062469,"01/01/2000,04:44:59.22,-1023.44,-16.11,99.61,1.72,1.41,-1.38,63.15,32.55,51.75,33.35,14.52,985.52,-48.92,157.50,-691.25,-262.50,1,53.323,"
1784218638.1018066,"01/01/2000,04:44:59.26,-1034.18,-18.55,17.09,1.24,-2.48,0.26,61.95,33.0,53.25,33.35,14.64,985.52,-48.68,131.25,-647.50,-262.50,1,53.323,"
1784218638.1189506,"01/01/2000,04:44:59.28,-1026.37,-35.16,7.32,-0.15,1.28,0.63,63.15,32.55,52.20,33.44,14.88,985.64,-48.56,157.50,-647.50,-236.25,1,53.323,"
1784218638.1382358,"01/01/2000,04:44:59.30,-1016.11,-15.63,55.66,-0.42,-1.07,0.44,62.70,32.25,52.20,33.25,14.88,985.39,-48.56,201.25,-560.0,-332.50,1,53.323,"
1784218638.1580412,"01/01/2000,04:44:59.32,-1011.72,-47.36,74.22,-0.53,0.41,-1.27,62.55,34.35,50.85,33.35,14.64,985.64,-48.43,70.0,-717.50,-271.25,1,53.323,"
1784218638.1750424,"01/01/2000,04:44:59.33,-1019.04,-32.71,45.90,-0.96,-0.03,0.82,62.70,31.35,51.75,33.59,14.64,985.27,-48.80,227.50,-612.50,-315.0,1,53.323,"
1784218638.1943226,"01/01/2000,04:44:59.35,-1024.90,-5.86,9.77,0.81,0.85,1.56,62.40,32.25,51.75,33.59,15.13,985.64,-48.92,96.25,-682.50,-201.25,1,53.323,"
1784218638.2243602,"01/01/2000,04:44:59.38,-1026.86,-22.46,59.08,-1.67,0.56,-0.22,60.60,29.55,53.85,33.35,15.13,985.39,-48.56,70.0,-603.75,-227.50,1,53.323,"
1784218638.240184,"01/01/2000,04:44:59.40,-1041.99,-18.07,1.95,-1.61,-2.21,0.23,61.80,31.95,51.60,33.11,14.76,985.39,-48.68,140.0,-673.75,-411.25,1,53.323,"
1784218638.2556822,"01/01/2000,04:44:59.42,-1031.74,-14.65,5.86,0.59,-0.69,-1.08,62.70,31.80,52.50,33.44,14.76,985.52,-48.80,-17.50,-866.25,-227.50,1,53.323,"
1784218638.2742589,"01/01/2000,04:44:59.43,-1023.44,-8.30,0.98,1.08,0.30,-0.08,62.40,31.80,51.75,33.35,15.01,985.52,-48.68,192.50,-577.50,-192.50,1,53.323,"
1784218638.2949178,"01/01/2000,04:44:59.45,-1008.79,-46.39,98.63,-1.11,-2.83,3.76,63.75,31.20,52.35,33.35,15.37,985.27,-48.31,122.50,-682.50,-113.75,1,53.322,"
1784218638.3111024,"01/01/2000,04:44:59.47,-1021.48,-19.04,-3.91,0.72,-1.47,0.08,63.30,32.85,51.60,33.16,15.25,985.27,-48.68,306.25,-612.50,-148.75,1,53.322,"
1784218638.3277054,"01/01/2000,04:44:59.49,-1022.46,-25.88,54.20,-0.99,2.21,1.70,63.0,31.20,51.15,33.16,14.88,985.39,-48.68,113.75,-612.50,-297.50,1,53.323,"
1784218638.346883,"01/01/2000,04:44:59.51,-1008.79,-21.00,112.79,-2.19,-0.02,-1.18,62.70,31.35,52.95,33.35,15.01,985.52,-48.56,166.25,-857.50,-428.75,1,53.323,"
1784218638.3714166,"01/01/2000,04:44:59.53,-1028.81,-25.88,3.91,1.76,-2.03,-0.53,61.65,31.05,51.0,33.35,15.13,985.64,-48.43,35.0,-542.50,-350.0,1,53.323,"
1784218638.3851,"01/01/2000,04:44:59.54,-998.54,-52.25,33.69,1.63,0.22,-2.12,62.55,32.85,51.15,33.44,15.13,985.52,-48.43,131.25,-673.75,-271.25,1,53.323,"
1784218638.4025302,"01/01/2000,04:44:59.56,-1000.0,-5.37,13.67,-2.16,-1.26,0.01,62.55,32.85,51.15,33.06,15.01,985.52,-48.56,393.75,-656.25,-253.75,1,53.323,"
1784218638.4195573,"01/01/2000,04:44:59.58,-1006.35,-23.44,99.12,0.73,1.22,-0.58,61.35,31.65,51.60,33.35,14.76,985.52,-48.56,131.25,-796.25,-245.0,1,53.323,"
1784218638.4441934,"01/01/2000,04:44:59.60,-1020.02,-1.46,-28.32,-0.94,0.52,-0.84,61.80,31.95,51.15,33.11,15.13,985.88,-48.56,148.75,-752.50,-236.25,1,53.322,"
1784218638.4597979,"01/01/2000,04:44:59.62,-999.02,4.88,82.03,-0.11,-1.79,-1.36,62.70,31.35,52.50,33.35,15.01,985.52,-48.43,210.0,-551.25,-183.75,1,53.323,"
1784218638.474174,"01/01/2000,04:44:59.63,-1028.32,-22.95,122.56,-2.05,0.48,-0.82,63.0,31.95,51.15,33.35,14.88,985.27,-48.56,140.0,-647.50,-122.50,1,53.323,"
1784218638.4968355,"01/01/2000,04:44:59.66,-1015.14,-41.02,27.34,-0.82,0.55,-0.91,62.70,31.35,52.50,33.25,14.64,985.27,-48.31,157.50,-638.75,-253.75,1,53.323,"
1784218638.5140831,"01/01/2000,04:44:59.67,-1014.16,-16.60,-37.60,3.44,-0.24,1.10,61.95,32.55,52.95,33.35,14.76,985.76,-48.31,70.0,-770.0,-253.75,1,53.323,"
1784218638.5298915,"01/01/2000,04:44:59.69,-1022.46,-12.21,3.91,-0.21,-1.08,-1.26,61.65,33.0,52.50,33.11,14.88,985.64,-48.43,-43.75,-621.25,-367.50,1,53.323,"
1784218638.547803,"01/01/2000,04:44:59.71,-1017.09,-0.98,21.97,0.05,0.66,2.74,63.60,33.0,51.75,33.35,14.88,985.64,-48.56,-8.75,-691.25,-201.25,1,53.323,"
1784218638.5856538,"01/01/2000,04:44:59.75,-1036.62,-20.51,111.33,-0.03,1.10,3.36,61.35,32.85,52.65,33.11,14.76,985.52,-48.43,271.25,-770.0,-227.50,1,53.323,"
1784218638.6057367,"01/01/2000,04:44:59.76,-1000.98,-17.09,32.23,0.95,-0.50,-0.23,61.35,32.85,52.65,33.30,15.01,985.39,-48.56,26.25,-682.50,-227.50,1,53.323,"
1784218638.6231318,"01/01/2000,04:44:59.78,-1012.21,-28.32,-33.20,0.26,0.45,-1.43,61.95,31.80,52.20,33.25,15.01,985.52,-48.56,-8.75,-638.75,-262.50,1,53.323,"
1784218638.6422808,"01/01/2000,04:44:59.80,-1030.76,-17.58,39.06,-1.21,-4.20,-0.04,62.70,32.25,52.20,33.30,15.01,985.52,-48.43,201.25,-700.0,-218.75,1,53.323,"
1784218638.6610458,"01/01/2000,04:44:59.82,-1008.79,-24.90,20.51,1.70,-0.38,0.08,62.25,32.85,51.15,33.35,15.01,985.39,-48.31,131.25,-691.25,-183.75,1,53.323,"
1784218638.67925,"01/01/2000,04:44:59.84,-1029.79,-53.22,99.61,-1.34,-2.08,-1.78,63.30,34.05,50.85,33.16,15.01,985.52,-48.31,61.25,-691.25,-253.75,1,53.323,"
1784218638.6959045,"01/01/2000,04:44:59.85,-1006.35,-17.09,42.48,0.27,1.24,-1.29,63.30,34.05,50.85,33.30,15.01,985.52,-48.31,17.50,-673.75,-227.50,1,53.323,"
1784218638.7154264,"01/01/2000,04:44:59.87,-1021.48,-16.11,44.92,0.23,-0.23,1.05,62.40,29.40,54.45,33.35,14.88,985.52,-48.31,122.50,-700.0,-192.50,1,53.323,"
1784218638.7400908,"01/01/2000,04:44:59.90,-1002.44,-38.57,27.34,0.53,-0.96,1.03,62.25,31.20,52.65,33.11,14.88,985.39,-48.19,201.25,-708.75,-280.0,1,53.323,"
1784218638.7606747,"01/01/2000,04:44:59.92,-1001.95,-9.28,18.55,-0.31,-1.23,0.66,62.25,30.75,50.85,33.25,14.88,985.52,-48.07,140.0,-743.75,-236.25,1,53.322,"
1784218638.7821321,"01/01/2000,04:44:59.94,-1011.72,-32.23,1.46,0.67,0.57,-2.66,62.25,32.40,52.65,32.82,14.88,985.27,-48.43,393.75,-673.75,-236.25,1,53.322,"
1784218638.7944412,"01/01/2000,04:44:59.96,-1022.46,-29.79,34.67,0.45,-2.29,-0.48,61.95,31.80,52.95,33.44,14.88,985.52,-48.31,87.50,-525.0,-175.0,1,53.323,"
1784218638.821345,"01/01/2000,04:44:59.98,-1021.48,-20.02,-90.33,0.88,0.95,-1.86,63.15,32.55,51.30,33.44,14.64,985.76,-48.43,61.25,-708.75,-192.50,1,53.323,"
1784218638.853607,"01/01/2000,04:45:00.01,-977.05,-5.37,50.78,0.62,-0.90,-1.21,64.50,31.65,50.85,33.44,14.88,985.76,-48.31,148.75,-805.0,-148.75,1,53.323,"
1784218638.8711395,"01/01/2000,04:45:00.03,-1036.62,8.79,-11.23,1.0,-0.12,0.85,59.85,29.55,54.60,33.11,14.88,985.76,-48.56,183.75,-621.25,-175.0,1,53.323,"
1784218638.8874905,"01/01/2000,04:45:00.05,-998.05,-52.73,138.67,-0.03,-2.38,1.15,63.90,31.80,50.55,33.49,14.88,985.52,-48.43,96.25,-735.0,-122.50,1,53.323,"
1784218638.9102356,"01/01/2000,04:45:00.07,-1024.41,-30.76,104.98,-0.21,2.16,-1.37,61.95,32.25,50.25,33.30,14.64,985.27,-48.56,166.25,-761.25,-280.0,1,53.323,"
1784218638.9265943,"01/01/2000,04:45:00.09,-1024.90,-2.93,-11.72,1.31,1.39,-1.21,64.05,29.25,53.10,33.16,14.76,985.64,-48.43,315.0,-743.75,-192.50,1,53.323,"
1784218638.9599082,"01/01/2000,04:45:00.12,-1010.25,-9.77,-9.28,0.31,0.07,0.50,62.40,29.40,52.20,33.30,14.88,985.76,-48.31,157.50,-700.0,-183.75,1,53.323,"
1784218638.9802508,"01/01/2000,04:45:00.14,-1022.46,-17.09,-41.99,-0.69,-3.55,0.66,64.05,32.85,50.40,33.35,14.76,985.52,-48.19,218.75,-560.0,-280.0,1,53.323,"
1784218638.9943695,"01/01/2000,04:45:00.16,-1011.23,-23.44,-17.58,-1.11,-0.49,-2.02,63.15,32.25,52.50,33.25,14.64,985.64,-48.07,52.50,-603.75,-245.0,1,53.323,"
1784218639.0332744,"01/01/2000,04:45:00.19,-1021.00,-26.37,-5.86,-0.38,-0.60,0.52,62.55,31.95,51.15,33.35,14.52,985.52,-48.31,8.75,-796.25,-175.0,1,53.323,"
1784218639.0592062,"01/01/2000,04:45:00.21,-1028.32,-46.88,109.86,1.15,-1.21,-0.43,63.15,33.75,50.55,33.59,14.64,985.64,-48.19,280.0,-708.75,-148.75,1,53.323,"
1784218639.0711055,"01/01/2000,04:45:00.23,-1020.51,-37.11,-22.46,1.08,-1.40,0.11,59.85,30.0,54.15,33.49,14.64,985.64,-48.07,26.25,-726.25,-148.75,1,53.323,"
1784218639.0892122,"01/01/2000,04:45:00.25,-1009.28,-17.09,16.60,0.56,-0.41,0.95,63.15,32.25,52.20,33.49,14.64,985.76,-48.31,0.0,-612.50,-271.25,1,53.323,"
1784218639.111672,"01/01/2000,04:45:00.27,-1009.28,-18.07,13.18,1.55,1.61,0.57,62.40,31.35,53.25,33.44,14.52,985.76,-48.68,166.25,-752.50,-245.0,1,53.323,"
1784218639.1276968,"01/01/2000,04:45:00.29,-1021.00,-31.25,-19.53,1.88,-1.82,0.79,62.25,31.95,53.40,33.49,14.76,985.76,-49.90,-227.50,-612.50,-367.50,1,53.323,"
1784218639.1616004,"01/01/2000,04:45:00.32,-1051.27,-29.79,19.53,0.15,-0.32,0.43,61.80,31.65,51.60,33.44,14.88,986.74,-53.19,-472.50,-638.75,-131.25,1,53.323,"
1784218639.1796403,"01/01/2000,04:45:00.34,-1049.80,-33.69,64.94,1.66,2.12,-2.59,62.70,31.05,50.55,33.25,14.64,986.25,-53.31,-1050.0,-778.75,-192.50,1,53.323,"
1784218639.1993158,"01/01/2000,04:45:00.36,-1000.49,-27.83,101.56,0.31,0.63,0.71,62.25,31.65,51.15,33.35,14.88,985.27,-54.66,-638.75,-936.25,-288.75,1,53.323,"
1784218639.21743,"01/01/2000,04:45:00.38,-1019.04,-18.55,37.60,0.73,-0.68,0.62,62.55,32.85,50.10,33.06,14.88,986.13,-55.39,-997.50,-656.25,-393.75,1,53.323,"
1784218639.2405071,"01/01/2000,04:45:00.39,-1000.98,-41.99,117.68,0.94,3.48,-0.82,62.70,33.0,51.75,33.35,14.64,986.61,-56.00,-1645.0,-805.0,-367.50,1,53.323,"
1784218639.2621753,"01/01/2000,04:45:00.42,-998.54,-43.46,84.47,-0.02,3.13,-1.84,61.35,31.20,52.65,33.35,15.01,985.76,-57.83,-2633.75,-621.25,-297.50,1,53.323,"
1784218639.286404,"01/01/2000,04:45:00.45,-1030.27,-35.64,29.79,0.42,3.53,1.24,61.35,33.15,51.90,33.35,15.25,986.61,-57.22,-3263.75,-595.0,-157.50,1,53.323,"
1784218639.321017,"01/01/2000,04:45:00.48,-1034.18,-8.79,-26.86,-0.66,1.53,-4.34,62.25,31.20,51.15,33.30,15.25,987.35,-52.34,-3500.0,-586.25,-227.50,1,53.323,"
1784218639.3420763,"01/01/2000,04:45:00.50,-993.65,5.86,62.01,0.62,4.55,2.11,62.25,31.20,50.10,33.35,15.25,986.98,-49.29,-3885.0,-358.75,-367.50,1,53.322,"
1784218639.3596344,"01/01/2000,04:45:00.52,-1012.21,-23.93,63.96,-0.75,4.95,-2.19,61.65,32.25,52.50,33.25,15.13,986.86,-48.68,-4375.0,-411.25,-315.0,1,53.323,"
1784218639.3769104,"01/01/2000,04:45:00.54,-998.05,-20.51,-9.28,0.16,4.62,-1.37,63.75,33.15,50.40,33.35,15.01,986.25,-49.53,-4357.50,-341.25,-393.75,1,53.323,"
1784218639.3943298,"01/01/2000,04:45:00.55,-1005.86,-27.83,35.64,0.37,5.09,1.32,63.75,31.95,51.90,33.06,14.88,986.61,-48.31,-4025.0,-245.0,-315.0,1,53.323,"
1784218639.4332523,"01/01/2000,04:45:00.59,-986.33,3.91,14.65,-0.52,5.58,-2.02,62.40,31.80,51.30,33.30,14.88,987.71,-39.53,-4760.0,-280.0,-393.75,1,53.323,"
1784218639.449405,"01/01/2000,04:45:00.61,-1018.55,-27.83,30.76,0.90,5.41,-0.15,63.75,31.65,50.40,33.35,15.01,986.74,-37.82,-4742.50,-218.75,-245.0,1,53.323,"
1784218639.4710865,"01/01/2000,04:45:00.63,-1030.76,-17.09,4.39,-1.47,4.11,0.76,62.55,30.75,50.10,33.06,14.52,985.76,-38.43,-4226.25,-17.50,-516.25,1,53.323,"
1784218639.505785,"01/01/2000,04:45:00.67,-1012.70,-24.90,-10.74,-0.72,4.66,1.60,63.15,32.55,50.25,33.59,14.52,986.00,-35.26,-3745.0,-70.0,-367.50,1,53.323,"
1784218639.5240746,"01/01/2000,04:45:00.68,-1042.97,-42.97,-72.27,-0.94,3.15,-1.27,64.35,31.05,49.80,33.25,14.64,986.25,-33.06,-3876.25,96.25,-280.0,1,53.323,"
1784218639.5445323,"01/01/2000,04:45:00.70,-1028.81,-20.51,-5.86,0.27,5.19,-0.74,63.15,33.45,51.75,33.35,15.01,986.00,-31.23,-3920.0,227.50,-280.0,1,53.323,"
1784218639.561216,"01/01/2000,04:45:00.72,-996.09,3.91,1.46,1.15,1.86,0.82,62.40,32.55,54.0,33.35,14.88,985.15,-31.11,-3386.25,341.25,-288.75,1,53.323,"
1784218639.5778055,"01/01/2000,04:45:00.74,-1026.86,-34.18,7.32,0.22,1.13,3.22,62.70,33.0,49.50,33.11,14.40,985.64,-29.77,-2642.50,140.0,-280.0,1,53.323,"
1784218639.616552,"01/01/2000,04:45:00.78,-1015.14,-12.70,44.92,-2.37,4.57,-0.15,63.30,30.75,51.15,33.16,14.52,985.39,-26.35,-3281.25,253.75,-271.25,1,53.323,"
1784218639.634234,"01/01/2000,04:45:00.79,-1010.25,-21.48,14.16,-1.13,2.56,-0.63,62.40,31.80,50.25,33.25,14.40,984.78,-26.84,-2773.75,113.75,-306.25,1,53.323,"
1784218639.6508374,"01/01/2000,04:45:00.81,-1023.93,0.49,-54.69,-0.66,2.08,-0.41,62.25,31.65,50.10,33.25,14.15,985.03,-26.72,-2432.50,-35.0,-297.50,1,53.323,"
1784218639.6931334,"01/01/2000,04:45:00.85,-1026.86,-10.74,-69.82,-1.69,2.46,0.24,64.05,32.85,50.10,33.25,13.66,985.03,-24.28,-1260.0,-805.0,-236.25,1,53.323,"
1784218639.7116582,"01/01/2000,04:45:00.87,-1034.67,-24.90,-14.65,-0.14,1.59,1.63,63.15,33.75,49.50,33.25,13.66,984.42,-22.20,-1330.0,-892.50,-201.25,1,53.323,"
1784218639.7258775,"01/01/2000,04:45:00.88,-998.05,-15.63,-39.06,1.02,-0.69,1.24,64.35,31.80,49.50,33.11,14.03,984.05,-20.62,-1443.75,-901.25,-210.0,1,53.323,"
1784218639.746914,"01/01/2000,04:45:00.91,-1009.28,-22.46,31.25,0.37,-1.21,2.60,62.55,31.20,50.85,33.49,13.91,985.64,-20.37,-717.50,-708.75,-166.25,1,53.323,"
1784218639.7646532,"01/01/2000,04:45:00.92,-996.09,-31.74,-110.35,-0.06,-1.10,-0.27,61.20,31.35,51.75,33.35,13.66,986.74,-20.62,-35.0,-1023.75,-192.50,1,53.323,"
1784218639.7943692,"01/01/2000,04:45:00.95,-1000.98,-21.48,19.04,1.89,-0.37,-0.18,61.05,30.45,51.60,33.35,13.42,985.76,-20.98,43.75,-1618.75,-105.0,1,53.323,"
1784218639.8045206,"01/01/2000,04:45:00.97,-1019.04,-4.88,-0.98,1.34,-0.81,0.37,64.05,31.65,50.10,33.11,12.93,983.69,-22.45,796.25,-2073.75,-227.50,1,53.323,"
1784218639.8482356,"01/01/2000,04:45:01.01,-1012.70,-27.83,27.83,0.58,-0.56,1.68,64.50,33.15,51.90,33.25,14.64,985.76,-19.52,1032.50,-1163.75,-122.50,1,53.323,"
1784218639.8714683,"01/01/2000,04:45:01.03,-1026.37,-21.48,-44.92,2.14,1.17,-2.05,63.75,31.95,50.10,33.44,15.25,986.37,-17.81,1015.0,-936.25,-210.0,1,53.323,"
1784218639.88607,"01/01/2000,04:45:01.05,-1026.86,9.77,-47.85,0.70,0.07,0.52,63.60,32.55,48.75,33.35,15.25,986.25,-17.57,533.75,-542.50,-140.0,1,53.323,"
1784218639.9037957,"01/01/2000,04:45:01.06,-985.84,-45.41,4.39,3.07,-1.08,-0.27,62.40,32.55,49.80,33.11,14.27,984.91,-19.15,971.25,-813.75,-218.75,1,53.323,"
1784218639.937957,"01/01/2000,04:45:01.10,-1012.70,-20.51,-38.57,-0.36,-1.84,-0.53,63.60,32.55,49.50,33.49,14.64,986.98,-18.30,1557.50,-455.0,-358.75,1,53.323,"
1784218639.9596791,"01/01/2000,04:45:01.12,-1014.65,-1.46,-19.53,1.10,2.10,0.56,63.60,33.45,51.30,33.30,15.01,987.96,-15.62,26.25,-507.50,-315.0,1,53.323,"
1784218639.97984,"01/01/2000,04:45:01.14,-1019.04,-43.46,83.50,-1.76,0.40,-2.19,62.40,32.25,50.55,33.35,14.76,986.61,-16.35,358.75,-840.0,-218.75,1,53.323,"
1784218639.9953225,"01/01/2000,04:45:01.15,-1021.00,-4.39,-22.46,3.17,-3.31,2.41,63.75,31.95,50.40,33.25,13.91,984.91,-19.40,1181.25,-1041.25,-140.0,1,53.323,"
1784218640.0112984,"01/01/2000,04:45:01.17,-1019.04,-13.67,-11.72,1.82,-1.95,1.33,63.30,33.60,50.85,33.35,13.30,985.64,-20.50,1531.25,-1365.0,-183.75,1,53.323,"
1784218640.048644,"01/01/2000,04:45:01.21,-1022.46,-2.93,-9.28,2.74,-2.53,-0.28,61.95,32.55,52.20,33.25,14.40,985.64,-17.81,997.50,-1172.50,-245.0,1,53.323,"
1784218640.0610185,"01/01/2000,04:45:01.23,-1032.23,-0.98,-22.95,2.34,-1.78,-0.56,63.30,31.65,50.85,33.06,14.40,985.52,-17.45,630.0,-1365.0,-105.0,1,53.323,"
1784218640.1058311,"01/01/2000,04:45:01.27,-1013.67,-20.51,34.67,0.32,-1.53,-1.21,62.55,31.20,50.85,33.16,14.15,987.22,-20.25,1767.50,-1050.0,-297.50,1,53.323,"
1784218640.1227815,"01/01/2000,04:45:01.28,-1027.83,-29.79,19.53,0.66,-1.42,1.47,63.90,33.0,50.55,32.92,14.64,988.44,-19.40,1137.50,-516.25,-428.75,1,53.323,"
1784218640.1377816,"01/01/2000,04:45:01.30,-1000.98,-28.81,31.74,-1.19,0.17,-0.68,65.25,32.40,51.60,33.44,15.13,987.47,-19.76,866.25,-621.25,-166.25,1,53.323,"
1784218640.1615348,"01/01/2000,04:45:01.32,-1007.81,-21.97,63.48,1.21,0.41,-0.48,64.50,31.20,50.10,33.44,15.25,985.03,-21.47,1338.75,-332.50,-201.25,1,53.323,"
1784218640.1786594,"01/01/2000,04:45:01.34,-1013.67,-25.39,26.86,-0.52,-1.44,-0.73,61.65,33.45,52.95,33.35,14.88,984.66,-22.45,1697.50,-271.25,-166.25,1,53.323,"
1784218640.1944058,"01/01/2000,04:45:01.36,-1009.77,-16.60,9.77,0.95,-2.67,0.35,63.90,33.75,49.05,33.35,14.27,986.61,-22.08,1627.50,-306.25,-218.75,1,53.323,"
1784218640.2236724,"01/01/2000,04:45:01.37,-1025.39,-5.37,-69.34,3.46,-0.76,2.04,63.75,32.85,50.40,33.06,14.15,988.08,-21.23,988.75,-761.25,-140.0,1,53.323,"
1784218640.248615,"01/01/2000,04:45:01.41,-988.77,-8.30,26.86,1.22,1.23,0.93,61.95,32.25,52.95,33.35,15.13,986.13,-22.08,980.0,-385.0,-175.0,1,53.323,"
1784218640.27354,"01/01/2000,04:45:01.43,-1001.95,-10.25,-40.04,0.57,-0.23,-0.15,64.65,31.05,50.25,33.59,14.64,985.88,-21.59,1128.75,-533.75,-227.50,1,53.323,"
1784218640.2960124,"01/01/2000,04:45:01.46,-1033.20,-18.07,6.35,-0.03,0.92,-0.56,65.25,32.40,50.40,33.25,14.03,988.20,-20.62,612.50,-577.50,-227.50,1,53.323,"
1784218640.3278072,"01/01/2000,04:45:01.49,-1029.30,-10.25,-10.74,2.45,1.04,-0.49,63.60,33.0,50.55,33.11,14.64,986.13,-22.94,446.25,-726.25,-245.0,1,53.323,"
1784218640.3589196,"01/01/2000,04:45:01.51,-1025.88,-24.41,-6.35,1.90,0.28,0.52,63.90,30.60,50.25,33.30,14.52,984.78,-24.16,787.50,-866.25,-157.50,1,53.323,"
1784218640.37204,"01/01/2000,04:45:01.53,-1011.72,-22.46,17.09,1.80,-0.94,-3.71,63.15,32.25,49.80,33.44,14.03,985.27,-23.18,787.50,-673.75,-245.0,1,53.323,"
1784218640.3891566,"01/01/2000,04:45:01.55,-1009.28,-5.86,-62.01,-1.09,0.05,-0.11,63.75,32.40,52.35,33.30,14.40,986.61,-22.20,490.0,-122.50,-245.0,1,53.323,"
1784218640.404748,"01/01/2000,04:45:01.57,-1016.60,-18.07,-2.93,-2.37,0.79,1.11,65.10,32.25,51.0,33.35,14.64,988.69,-21.23,0.0,-262.50,-262.50,1,53.323,"
1784218640.4243932,"01/01/2000,04:45:01.58,-1032.71,-13.18,69.34,-2.11,-1.21,-0.66,64.05,34.05,51.15,33.35,14.88,988.57,-22.20,-210.0,-455.0,-175.0,1,53.323,"
1784218640.4442792,"01/01/2000,04:45:01.60,-1042.48,-24.90,-28.32,0.50,-1.21,-0.73,64.65,32.25,50.25,33.16,14.40,986.61,-24.40,420.0,-603.75,-175.0,1,53.323,"
1784218640.4610188,"01/01/2000,04:45:01.62,-1027.34,-53.71,20.51,-0.30,-0.18,-0.66,63.0,32.85,50.85,33.16,14.15,986.37,-24.40,691.25,-630.0,-262.50,1,53.323,"
1784218640.4793222,"01/01/2000,04:45:01.64,-982.42,-19.04,20.51,-1.31,0.79,0.49,62.40,32.25,51.0,33.30,13.91,987.10,-23.67,-245.0,-910.0,-210.0,1,53.323,"
1784218640.4967957,"01/01/2000,04:45:01.66,-1010.25,-42.48,23.93,-0.57,2.89,-2.31,64.35,33.0,51.0,33.64,14.40,987.22,-23.18,-323.75,-813.75,-218.75,1,53.323,"
1784218640.5181797,"01/01/2000,04:45:01.68,-1025.88,-27.34,-6.35,-0.09,1.41,-1.66,63.15,33.0,50.25,33.25,14.88,985.64,-24.40,-218.75,-577.50,-166.25,1,53.323,"
1784218640.5378413,"01/01/2000,04:45:01.70,-1032.71,10.25,-108.40,0.45,2.96,1.05,63.75,31.95,50.85,33.16,14.52,985.27,-25.86,393.75,-787.50,-87.50,1,53.323,"
1784218640.5548515,"01/01/2000,04:45:01.71,-1036.62,-12.70,36.62,-0.35,-0.76,1.34,64.50,31.95,50.85,33.30,14.27,986.00,-26.11,752.50,-708.75,-288.75,1,53.323,"
1784218640.5736842,"01/01/2000,04:45:01.73,-1004.88,-21.00,-60.06,0.86,-1.83,-1.18,64.95,32.85,50.40,33.44,13.91,986.25,-24.64,542.50,-927.50,-341.25,1,53.323,"
1784218640.5943396,"01/01/2000,04:45:01.75,-1014.65,-23.93,-5.86,0.77,-0.81,1.73,63.90,32.55,51.0,33.25,14.64,986.86,-23.67,-78.75,-813.75,-297.50,1,53.323,"
1784218640.6067505,"01/01/2000,04:45:01.77,-1026.37,-13.67,-26.37,0.35,0.50,-0.85,64.50,33.60,51.90,33.16,15.01,987.10,-23.67,0.0,-595.0,-271.25,1,53.323,"
1784218640.6256447,"01/01/2000,04:45:01.79,-1017.09,-17.58,-41.02,0.87,0.06,0.55,64.95,33.15,50.10,33.25,14.64,986.74,-23.79,577.50,-752.50,-175.0,1,53.323,"
1784218640.6443422,"01/01/2000,04:45:01.81,-1004.39,-10.74,11.72,3.47,0.15,2.60,62.70,33.45,49.80,33.30,14.40,986.74,-23.67,253.75,-700.0,-245.0,1,53.323,"
1784218640.6611276,"01/01/2000,04:45:01.82,-999.51,-3.91,52.25,-0.46,0.14,3.18,63.90,32.55,49.50,33.35,14.64,985.88,-23.42,-271.25,-533.75,-166.25,1,53.323,"
1784218640.6980586,"01/01/2000,04:45:01.86,-1021.00,-34.18,37.60,-0.47,1.27,-0.68,65.70,32.40,49.65,33.30,14.52,986.00,-25.25,-52.50,-770.0,-70.0,1,53.323,"
1784218640.7198858,"01/01/2000,04:45:01.88,-1033.20,-30.27,20.02,0.55,-0.59,-1.35,64.95,31.95,50.40,33.49,14.64,987.83,-25.74,183.75,-621.25,-341.25,1,53.323,"
1784218640.7279565,"01/01/2000,04:45:01.90,-1000.49,-23.44,3.42,-2.56,-0.58,-0.29,64.50,32.85,50.40,33.30,14.88,987.96,-25.13,210.0,-831.25,-105.0,1,53.323,"
1784218640.756018,"01/01/2000,04:45:01.91,-1012.21,-22.95,-19.53,3.0,0.51,-0.60,64.35,31.35,51.0,32.97,14.64,986.98,-24.40,-253.75,-901.25,-175.0,1,53.323,"
1784218640.7749379,"01/01/2000,04:45:01.93,-996.09,-31.74,38.57,0.72,-1.24,0.12,64.50,33.15,51.15,33.44,14.52,985.03,-24.28,-17.50,-778.75,-201.25,1,53.323,"
1784218640.7921886,"01/01/2000,04:45:01.95,-1028.81,-36.62,36.62,-1.23,-0.03,-2.40,65.85,33.0,50.55,33.25,14.40,985.03,-24.64,490.0,-831.25,-122.50,1,53.323,"
1784218640.837985,"01/01/2000,04:45:02.00,-995.12,-31.74,-26.37,0.62,0.14,-1.04,64.50,33.15,50.85,33.35,15.01,987.83,-23.67,-26.25,-621.25,-192.50,1,53.323,"
1784218640.8592129,"01/01/2000,04:45:02.02,-995.61,-11.23,-21.48,0.17,0.79,1.34,62.25,31.95,52.35,33.25,14.88,985.88,-24.16,-52.50,-516.25,-157.50,1,53.323,"
1784218640.8757184,"01/01/2000,04:45:02.04,-1018.07,-0.98,14.16,-0.06,-1.53,1.79,63.90,30.60,53.25,33.35,14.40,985.03,-25.13,665.0,-673.75,-218.75,1,53.323,"
1784218640.8960016,"01/01/2000,04:45:02.05,-1037.11,-5.37,65.92,-0.36,-1.02,1.17,63.30,32.40,49.35,33.35,14.15,985.88,-25.38,936.25,-918.75,-262.50,1,53.323,"
1784218640.91205,"01/01/2000,04:45:02.07,-1006.35,-34.18,-7.81,0.86,-2.47,0.50,63.60,32.55,49.80,33.25,14.40,987.47,-24.89,630.0,-752.50,-288.75,1,53.323,"
1784218640.92876,"01/01/2000,04:45:02.09,-1011.23,-13.67,-16.60,2.13,-0.98,2.15,64.95,33.15,50.40,33.35,14.88,985.03,-23.18,472.50,-656.25,-332.50,1,53.323,"
1784218640.9667141,"01/01/2000,04:45:02.13,-1037.11,-27.83,39.55,-0.02,-1.85,-1.07,63.75,32.40,50.85,33.11,14.27,987.22,-24.16,332.50,-910.0,-245.0,1,53.323,"
1784218641.004721,"01/01/2000,04:45:02.16,-991.70,-22.46,-0.49,0.73,-0.78,1.37,63.60,32.25,50.55,33.25,14.64,987.59,-25.86,192.50,-1207.50,-166.25,1,53.323,"
1784218641.0225658,"01/01/2000,04:45:02.18,-1015.14,-35.64,58.11,0.40,-0.30,1.01,64.50,34.05,50.85,33.35,15.01,984.78,-26.11,402.50,-1085.0,-236.25,1,53.323,"
1784218641.0394146,"01/01/2000,04:45:02.20,-1016.60,-14.65,61.04,-1.42,0.58,-0.87,64.50,34.05,50.85,33.44,15.13,983.93,-25.62,358.75,-656.25,-96.25,1,53.323,"
1784218641.0576966,"01/01/2000,04:45:02.22,-1013.18,-30.76,-16.11,0.53,0.23,1.27,65.70,30.0,51.90,33.35,15.25,986.37,-23.55,-385.0,-87.50,-306.25,1,53.323,"
1784218641.0780048,"01/01/2000,04:45:02.24,-1040.53,-17.58,20.51,0.79,1.53,-0.07,62.55,32.85,50.40,33.35,14.88,988.93,-21.72,-848.75,-428.75,-157.50,1,53.323,"
1784218641.0949912,"01/01/2000,04:45:02.25,-992.19,-5.37,-64.45,-0.24,-0.92,2.12,63.90,33.0,52.20,33.44,14.64,988.69,-22.20,-997.50,-577.50,-280.0,1,53.323,"
1784218641.1122324,"01/01/2000,04:45:02.27,-1001.95,-25.88,-5.37,-0.70,-0.39,-0.47,64.35,33.45,51.0,33.49,15.13,986.86,-23.79,-306.25,-603.75,-245.0,1,53.323,"
1784218641.1352906,"01/01/2000,04:45:02.29,-1016.60,-30.76,50.78,-0.66,0.44,-2.67,63.90,33.0,50.55,33.35,15.01,986.00,-24.52,192.50,-358.75,-166.25,1,53.323,"
1784218641.1507645,"01/01/2000,04:45:02.31,-1016.11,-1.46,10.74,0.69,-2.21,-0.50,64.95,31.20,51.90,33.35,14.27,986.00,-24.52,-140.0,-726.25,-402.50,1,53.323,"
1784218641.1684194,"01/01/2000,04:45:02.33,-1007.81,-34.18,-16.60,-0.36,-0.05,0.01,64.95,31.20,51.90,33.11,14.40,984.54,-24.40,183.75,-840.0,-96.25,1,53.323,"
1784218641.1908996,"01/01/2000,04:45:02.35,-1002.44,-1.95,-10.74,-0.01,-2.31,2.09,65.10,33.0,51.0,33.25,14.64,984.42,-24.52,52.50,-525.0,-280.0,1,53.323,"
1784218641.2234685,"01/01/2000,04:45:02.38,-1017.09,-3.91,-9.77,-0.43,-0.21,3.76,65.40,33.0,51.0,33.44,14.76,987.10,-25.62,332.50,-621.25,-271.25,1,53.323,"
1784218641.244805,"01/01/2000,04:45:02.40,-1021.00,-22.95,-8.79,-0.05,-0.61,0.34,64.95,32.40,50.40,33.30,14.76,987.71,-25.86,516.25,-787.50,-113.75,1,53.323,"
1784218641.2623193,"01/01/2000,04:45:02.42,-999.02,-25.88,5.86,-0.23,-0.95,1.26,66.0,30.0,51.15,33.35,14.88,986.49,-24.77,420.0,-568.75,-280.0,1,53.323,"
1784218641.2795095,"01/01/2000,04:45:02.44,-1035.16,-27.34,-29.30,-0.67,-0.48,-2.0,61.35,31.65,51.15,33.30,14.88,985.76,-24.28,306.25,-656.25,-201.25,1,53.323,"
1784218641.2969398,"01/01/2000,04:45:02.46,-1028.32,1.46,-14.65,1.16,0.29,-0.05,63.75,33.60,53.10,33.35,14.76,986.25,-24.77,595.0,-831.25,-218.75,1,53.323,"
1784218641.313044,"01/01/2000,04:45:02.47,-1023.93,-42.48,23.44,2.38,1.02,-0.68,64.35,32.55,51.0,33.06,14.64,986.86,-26.11,936.25,-1032.50,-131.25,1,53.323,"
1784218641.340298,"01/01/2000,04:45:02.50,-1017.58,-18.55,-5.86,0.83,-0.15,1.60,64.65,31.80,49.05,33.11,15.13,986.49,-25.99,892.50,-446.25,-297.50,1,53.323,"
1784218641.3613038,"01/01/2000,04:45:02.52,-1012.21,-10.25,-50.29,-0.77,2.69,0.76,65.70,31.95,51.15,33.35,15.37,985.39,-24.16,288.75,-341.25,-192.50,1,53.323,"
1784218641.3781626,"01/01/2000,04:45:02.54,-1020.51,-32.71,2.44,-0.11,-2.93,-0.28,63.90,31.80,51.0,33.16,15.13,985.52,-23.30,367.50,-341.25,-262.50,1,53.323,"
1784218641.3944967,"01/01/2000,04:45:02.56,-1021.97,-21.97,3.42,0.88,-0.12,-1.11,64.95,32.85,51.60,33.11,14.64,986.74,-23.18,385.0,-656.25,-227.50,1,53.323,"
1784218641.4214902,"01/01/2000,04:45:02.58,-995.61,-36.13,33.20,-0.89,0.03,-2.01,63.90,32.25,51.30,33.35,14.88,986.86,-23.91,428.75,-595.0,-227.50,1,53.323,"
1784218641.433375,"01/01/2000,04:45:02.59,-990.23,4.88,-60.06,-0.79,0.25,-1.56,62.70,32.25,51.30,33.35,15.49,986.13,-23.79,140.0,-192.50,-122.50,1,53.323,"
1784218641.4507215,"01/01/2000,04:45:02.61,-1027.83,-30.76,25.88,-3.39,0.95,-0.38,64.50,33.60,50.85,33.06,15.37,986.49,-23.42,-420.0,-122.50,-271.25,1,53.323,"
1784218641.4713492,"01/01/2000,04:45:02.63,-1025.88,-30.27,19.04,-1.78,-0.02,0.18,63.75,31.65,52.65,33.30,14.76,987.96,-23.55,-682.50,-525.0,-148.75,1,53.323,"
1784218641.4944973,"01/01/2000,04:45:02.65,-1027.34,-19.53,21.48,1.08,2.24,0.56,64.95,32.40,51.15,33.35,14.40,987.35,-25.01,-507.50,-743.75,-332.50,1,53.323,"
1784218641.5040407,"01/01/2000,04:45:02.67,-1022.95,-9.28,23.93,-0.68,0.08,0.73,65.85,33.0,52.95,33.30,14.76,986.74,-26.35,-253.75,-595.0,-140.0,1,53.323,"
1784218641.5283515,"01/01/2000,04:45:02.68,-1018.07,-34.67,8.79,0.57,-0.59,0.31,64.35,33.45,51.30,33.44,14.88,985.64,-26.60,122.50,-385.0,-122.50,1,53.323,"
1784218641.5446506,"01/01/2000,04:45:02.70,-1009.28,-15.14,-45.90,1.38,-1.01,-0.23,65.40,32.25,51.30,33.30,14.88,985.27,-25.74,210.0,-525.0,-210.0,1,53.323,"
1784218641.5618048,"01/01/2000,04:45:02.72,-1011.23,4.88,-9.77,-1.34,0.87,-0.24,63.60,32.55,52.95,33.44,15.01,985.76,-24.89,236.25,-472.50,-131.25,1,53.323,"
1784218641.5779026,"01/01/2000,04:45:02.74,-1010.74,-18.55,16.11,0.98,-3.11,-0.40,64.95,32.40,50.85,33.11,14.64,986.13,-24.64,227.50,-595.0,-192.50,1,53.323,"
1784218641.6006966,"01/01/2000,04:45:02.76,-1024.90,-14.16,11.72,-0.98,-3.33,0.39,64.95,31.95,50.40,33.25,14.64,986.00,-25.74,840.0,-647.50,-236.25,1,53.323,"
1784218641.6186252,"01/01/2000,04:45:02.78,-1019.04,-24.90,14.65,0.57,-0.02,0.08,64.35,33.75,51.75,33.59,14.52,985.88,-26.60,1050.0,-665.0,-288.75,1,53.323,"
1784218641.6353426,"01/01/2000,04:45:02.80,-1005.86,-17.09,8.79,-0.40,0.58,1.36,63.75,30.75,53.10,33.35,14.52,984.42,-25.50,927.50,-647.50,-236.25,1,53.323,"
1784218641.6532853,"01/01/2000,04:45:02.81,-1028.32,-31.25,19.53,0.17,-0.97,-0.84,64.65,32.55,51.0,33.11,14.03,984.54,-24.40,402.50,-1032.50,-227.50,1,53.323,"
1784218641.6768203,"01/01/2000,04:45:02.83,-1019.53,-26.86,4.39,-2.57,0.83,1.22,66.45,31.95,50.85,33.11,13.91,986.98,-24.89,113.75,-1050.0,-297.50,1,53.323,"
1784218641.6949975,"01/01/2000,04:45:02.85,-1022.95,-11.72,9.28,1.07,0.18,-0.66,65.40,30.60,51.30,33.35,14.27,987.83,-25.50,612.50,-953.75,-271.25,1,53.323,"
1784218641.7112513,"01/01/2000,04:45:02.87,-1024.41,-22.95,3.42,0.31,2.47,-0.16,64.95,31.65,50.10,33.30,14.88,988.32,-25.50,682.50,-761.25,-157.50,1,53.323,"
1784218641.7277884,"01/01/2000,04:45:02.89,-999.51,-32.23,0.49,0.88,-0.44,0.26,63.75,31.65,51.90,33.30,15.37,987.71,-24.64,166.25,-621.25,-210.0,1,53.323,"
1784218641.7459311,"01/01/2000,04:45:02.91,-1050.29,-38.09,16.60,0.03,0.24,1.43,65.40,33.45,52.20,33.16,14.88,986.61,-24.40,70.0,-525.0,-245.0,1,53.323,"
1784218641.7636075,"01/01/2000,04:45:02.92,-997.56,-23.44,-13.67,0.27,-2.55,0.68,63.60,31.80,52.50,33.35,14.27,986.74,-24.52,35.0,-743.75,-297.50,1,53.323,"
1784218641.7959852,"01/01/2000,04:45:02.96,-1015.63,-18.55,-35.64,0.89,-0.58,-2.10,65.10,33.0,50.25,33.25,14.27,984.66,-24.03,857.50,-857.50,-236.25,1,53.323,"
1784218641.8186045,"01/01/2000,04:45:02.98,-1019.04,-38.57,19.53,3.21,-1.63,0.81,64.50,33.15,52.65,33.30,14.40,984.05,-21.72,1540.0,-1032.50,-245.0,1,53.323,"
1784218641.8452258,"01/01/2000,04:45:03.00,-1033.69,-31.74,-18.07,-2.98,-2.03,-0.79,64.05,31.20,52.65,33.35,15.25,985.03,-16.84,1181.25,-253.75,-201.25,1,53.323,"
1784218641.8611681,"01/01/2000,04:45:03.02,-1020.51,-34.67,-1.46,0.34,1.70,0.21,63.90,32.25,50.55,33.25,14.52,988.93,-14.88,-778.75,-481.25,-271.25,1,53.323,"
1784218641.8813915,"01/01/2000,04:45:03.04,-995.12,-30.27,-24.41,1.70,0.29,0.12,64.50,31.20,52.35,33.30,14.15,988.44,-16.59,-140.0,-1032.50,-140.0,1,53.323,"
1784218641.9026794,"01/01/2000,04:45:03.06,-991.21,-0.49,-41.50,1.11,-3.15,2.93,63.15,31.80,53.25,33.30,14.27,985.39,-18.79,1461.25,-936.25,-315.0,1,53.323,"
1784218641.9206965,"01/01/2000,04:45:03.08,-999.02,-16.60,-8.79,-0.67,-2.05,-0.47,64.50,31.65,51.90,33.25,14.88,985.27,-16.96,1706.25,-813.75,-96.25,1,53.323,"
1784218641.9588048,"01/01/2000,04:45:03.12,-1009.77,-21.48,-10.74,-1.59,0.32,-0.94,65.25,32.40,52.35,33.25,14.88,987.22,-13.05,673.75,-953.75,-113.75,1,53.323,"
1784218641.9778366,"01/01/2000,04:45:03.14,-1022.46,-27.83,50.78,-1.96,-3.63,-1.65,63.15,31.80,50.25,33.11,14.88,986.61,-14.76,953.75,-717.50,-358.75,1,53.323,"
1784218641.9917693,"01/01/2000,04:45:03.15,-1026.37,3.42,2.93,0.34,-2.58,-0.19,64.95,33.15,51.15,33.25,14.76,985.52,-17.69,1286.25,-831.25,-280.0,1,53.323,"
1784218642.0112123,"01/01/2000,04:45:03.17,-966.31,11.72,-54.69,0.95,-0.82,0.86,64.35,33.0,51.0,33.25,14.76,985.03,-19.89,1522.50,-708.75,-280.0,1,53.323,"
1784218642.0487103,"01/01/2000,04:45:03.21,-1021.00,11.72,-34.67,2.78,-2.09,1.63,64.95,32.40,51.60,33.30,14.64,985.03,-20.13,1513.75,-875.0,-218.75,1,53.323,"
1784218642.061076,"01/01/2000,04:45:03.23,-1026.37,-9.77,-15.63,1.79,-1.05,1.11,63.15,32.25,52.20,33.35,14.64,987.71,-20.74,936.25,-735.0,-367.50,1,53.323,"
1784218642.094174,"01/01/2000,04:45:03.24,-1003.91,-17.09,-3.91,0.79,-1.15,-1.89,65.10,32.55,52.20,33.25,14.76,988.32,-23.18,848.75,-875.0,-148.75,1,53.323,"
1784218642.1109345,"01/01/2000,04:45:03.26,-989.26,-15.63,-27.34,2.18,-3.22,0.53,64.35,31.80,51.30,33.35,14.76,985.52,-26.11,1330.0,-875.0,-175.0,1,53.323,"
1784218642.1229594,"01/01/2000,04:45:03.28,-1011.72,-23.93,51.76,-2.20,-2.28,-2.04,63.75,33.60,53.40,33.06,14.88,985.27,-26.96,1032.50,-752.50,-148.75,1,53.323,"
1784218642.137995,"01/01/2000,04:45:03.30,-1029.79,12.21,-7.32,1.13,-1.32,1.34,63.60,33.0,51.30,33.11,14.88,986.00,-26.84,910.0,-796.25,-201.25,1,53.323,"
1784218642.1600084,"01/01/2000,04:45:03.32,-1021.48,-11.23,11.72,2.06,0.50,3.0,64.65,32.55,52.95,33.35,14.40,986.98,-27.33,717.50,-1050.0,-210.0,1,53.323,"
1784218642.180035,"01/01/2000,04:45:03.34,-1007.32,-20.02,40.04,-1.36,-0.38,-0.73,64.50,32.85,52.65,33.44,14.76,986.74,-28.55,770.0,-936.25,-131.25,1,53.323,"
1784218642.1945825,"01/01/2000,04:45:03.36,-995.12,-28.81,44.92,-1.05,0.82,0.48,64.65,31.80,51.75,33.16,14.88,985.76,-29.52,796.25,-577.50,-271.25,1,53.323,"
1784218642.2208118,"01/01/2000,04:45:03.37,-1026.37,-27.34,36.13,-1.78,0.42,-0.49,64.95,32.85,51.90,33.16,14.88,985.64,-29.77,848.75,-682.50,-140.0,1,53.323,"
1784218642.2339368,"01/01/2000,04:45:03.39,-1015.63,-9.77,26.86,-0.15,0.98,0.36,64.95,31.65,51.60,33.16,14.64,986.37,-29.89,700.0,-638.75,-131.25,1,53.323,"
1784218642.2487614,"01/01/2000,04:45:03.41,-983.89,-12.70,0.98,0.59,0.58,1.57,65.85,33.0,52.20,33.35,14.76,986.74,-30.13,787.50,-656.25,-253.75,1,53.323,"
1784218642.2732766,"01/01/2000,04:45:03.43,-1014.16,-38.09,34.67,-1.48,-0.82,-2.95,65.10,32.25,50.55,33.35,15.13,986.37,-30.50,498.75,-770.0,-96.25,1,53.323,"
1784218642.2855313,"01/01/2000,04:45:03.45,-1021.00,-28.32,28.81,-0.12,-0.82,-0.41,65.85,32.25,50.55,33.44,15.25,985.88,-30.99,743.75,-595.0,-271.25,1,53.323,"
1784218642.3113637,"01/01/2000,04:45:03.47,-1011.23,-15.63,-24.90,1.47,0.31,0.27,64.05,33.15,52.35,33.30,15.37,986.37,-31.60,717.50,-708.75,-105.0,1,53.323,"
1784218642.3255413,"01/01/2000,04:45:03.48,-1006.35,-32.23,-6.84,-0.11,-0.59,-0.68,63.90,32.25,52.95,33.25,15.01,986.25,-31.72,656.25,-691.25,-262.50,1,53.323,"
1784218642.3400304,"01/01/2000,04:45:03.50,-1000.0,-22.46,42.97,-1.18,-1.24,-1.01,65.10,33.45,50.55,33.16,15.13,986.25,-31.72,446.25,-726.25,-245.0,1,53.323,"
1784218642.3718133,"01/01/2000,04:45:03.53,-1021.97,-13.67,-1.46,-0.05,-0.14,0.33,62.70,30.60,55.20,33.35,15.13,986.00,-32.45,551.25,-656.25,-262.50,1,53.323,"
1784218642.388951,"01/01/2000,04:45:03.55,-1025.88,-11.72,-12.21,-0.07,0.06,0.62,64.95,33.60,51.60,33.30,15.25,986.37,-32.82,542.50,-621.25,-183.75,1,53.323,"
1784218642.4060633,"01/01/2000,04:45:03.57,-1012.70,-20.02,-17.58,0.74,-2.77,-0.09,63.30,31.65,51.60,33.06,15.01,986.25,-32.57,481.25,-638.75,-315.0,1,53.323,"
1784218642.4234736,"01/01/2000,04:45:03.58,-1032.23,-20.51,-24.41,-0.14,-1.03,-0.21,65.40,32.55,51.30,33.35,14.88,986.25,-32.70,437.50,-647.50,-245.0,1,53.323,"
1784218642.4446263,"01/01/2000,04:45:03.60,-1034.18,-47.85,14.65,-0.31,-1.37,-1.60,66.45,31.65,52.65,33.30,14.76,986.00,-33.18,533.75,-673.75,-253.75,1,53.323,"
1784218642.4610634,"01/01/2000,04:45:03.62,-1022.46,-21.48,28.81,-0.24,-1.01,0.56,66.45,31.65,52.65,33.25,14.88,986.13,-33.43,595.0,-542.50,-210.0,1,53.323,"
1784218642.479355,"01/01/2000,04:45:03.64,-1020.02,-36.13,28.81,-1.56,0.17,2.06,63.60,33.45,51.75,33.30,14.88,986.13,-33.18,385.0,-560.0,-201.25,1,53.323,"
1784218642.4963274,"01/01/2000,04:45:03.66,-1014.65,-20.51,12.21,0.31,2.34,-0.66,64.95,33.60,52.35,33.35,14.88,986.00,-33.18,271.25,-630.0,-332.50,1,53.323,"
1784218642.5182254,"01/01/2000,04:45:03.68,-1003.91,-16.11,-38.09,-1.05,-1.67,-1.71,64.50,34.05,51.60,33.35,14.76,985.88,-33.43,455.0,-682.50,-148.75,1,53.323,"
1784218642.5383332,"01/01/2000,04:45:03.70,-1007.81,-42.48,10.25,-0.37,-0.99,1.50,65.10,33.0,51.30,33.25,14.76,985.88,-34.16,533.75,-717.50,-166.25,1,53.323,"
1784218642.5560093,"01/01/2000,04:45:03.71,-1002.93,-31.25,4.88,0.0,-3.34,-2.75,65.10,33.0,51.30,33.35,14.76,986.00,-34.16,367.50,-726.25,-157.50,1,53.323,"
1784218642.5738845,"01/01/2000,04:45:03.73,-1002.93,-35.16,21.00,-0.57,0.50,1.21,63.90,29.85,52.50,33.35,15.01,986.25,-33.79,437.50,-498.75,-297.50,1,53.323,"
1784218642.5893435,"01/01/2000,04:45:03.75,-1022.46,-17.09,6.35,0.47,-1.09,0.56,63.60,33.0,51.75,33.16,14.88,986.25,-33.92,341.25,-700.0,-332.50,1,53.323,"
1784218642.606873,"01/01/2000,04:45:03.77,-1002.93,-21.00,28.32,-0.10,0.74,-1.37,64.65,31.05,51.75,33.25,14.76,986.13,-34.28,367.50,-560.0,-236.25,1,53.323,"
1784218642.6248648,"01/01/2000,04:45:03.79,-1008.30,-18.55,11.72,1.72,0.24,-0.41,64.05,33.15,51.90,33.44,14.64,986.25,-34.53,437.50,-700.0,-245.0,1,53.323,"
1784218642.6445596,"01/01/2000,04:45:03.81,-1013.67,-30.76,20.51,0.37,-1.85,2.02,65.25,32.40,52.65,33.44,15.01,986.37,-34.40,420.0,-682.50,-315.0,1,53.323,"
1784218642.6596682,"01/01/2000,04:45:03.82,-1035.64,-33.69,0.49,-1.36,-1.34,-2.0,65.25,32.40,52.65,33.16,15.13,986.13,-34.04,227.50,-647.50,-122.50,1,53.323,"
1784218642.6813712,"01/01/2000,04:45:03.84,-1008.79,-14.65,18.07,-2.48,0.61,-0.23,65.10,32.25,51.75,33.35,14.88,986.00,-34.40,332.50,-647.50,-210.0,1,53.323,"
1784218642.6980727,"01/01/2000,04:45:03.86,-1028.32,-24.41,31.74,1.41,0.71,0.0,64.35,33.45,51.0,33.44,14.76,986.00,-34.65,402.50,-551.25,-227.50,1,53.323,"
1784218642.7187583,"01/01/2000,04:45:03.88,-1024.41,-19.04,2.93,1.36,-0.84,1.31,64.05,32.85,52.65,33.49,14.64,986.00,-34.53,437.50,-630.0,-175.0,1,53.323,"
1784218642.7310824,"01/01/2000,04:45:03.90,-1015.63,-9.77,34.18,0.43,1.82,0.77,63.60,33.45,51.30,33.30,14.88,985.88,-34.28,288.75,-638.75,-253.75,1,53.323,"
1784218642.7547932,"01/01/2000,04:45:03.91,-1024.41,-22.46,27.34,0.38,-1.95,-0.36,63.60,33.45,51.30,33.25,14.76,985.64,-34.28,341.25,-586.25,-315.0,1,53.323,"
1784218642.7794106,"01/01/2000,04:45:03.93,-1014.16,-14.16,-7.32,-0.85,-1.39,-1.11,65.25,31.65,50.85,33.35,15.01,985.64,-34.65,472.50,-595.0,-218.75,1,53.323,"
1784218642.7944698,"01/01/2000,04:45:03.95,-1016.11,-31.74,23.44,1.79,-0.18,2.77,65.85,33.75,52.50,33.11,14.88,986.00,-34.89,376.25,-630.0,-183.75,1,53.323,"
1784218642.8045776,"01/01/2000,04:45:03.97,-1013.67,-16.11,-19.04,0.44,1.12,0.04,66.60,32.25,51.30,33.11,14.88,986.00,-34.89,385.0,-761.25,-148.75,1,53.323,"
1784218642.826557,"01/01/2000,04:45:03.99,-1017.58,2.44,-57.13,-0.24,-1.35,-0.47,64.65,31.35,51.75,33.49,14.88,986.00,-34.65,245.0,-717.50,-148.75,1,53.323,"
1784218642.846229,"01/01/2000,04:45:04.01,-1029.79,-15.63,43.95,-0.70,-2.04,-0.53,64.65,33.75,51.0,33.11,15.13,985.64,-34.77,332.50,-700.0,-175.0,1,53.323,"
1784218642.873624,"01/01/2000,04:45:04.02,-999.02,-27.83,6.84,-1.07,0.90,-3.30,65.10,32.25,51.0,33.49,15.13,985.52,-35.26,350.0,-717.50,-140.0,1,53.323,"
1784218642.8892741,"01/01/2000,04:45:04.05,-1017.09,-18.07,34.18,2.77,-2.56,-1.53,65.10,31.35,52.50,33.30,14.88,985.52,-35.14,297.50,-708.75,-262.50,1,53.323,"
1784218642.9111636,"01/01/2000,04:45:04.07,-1010.74,-4.39,2.44,0.51,-1.18,-2.19,65.25,33.15,53.40,33.35,15.01,985.76,-35.14,297.50,-691.25,-175.0,1,53.323,"
1784218642.9277177,"01/01/2000,04:45:04.09,-995.61,-11.72,-17.58,-0.31,-0.03,1.89,63.75,31.20,53.40,33.30,14.88,985.88,-35.14,262.50,-638.75,-210.0,1,53.323,"
1784218642.9647992,"01/01/2000,04:45:04.13,-1016.11,-53.22,-2.93,1.01,-2.36,-0.95,65.40,33.0,52.20,33.35,14.64,985.52,-35.38,376.25,-691.25,-236.25,1,53.323,"
1784218642.9816797,"01/01/2000,04:45:04.14,-1007.32,-12.21,18.55,-0.31,-1.82,0.47,65.10,31.35,52.50,33.06,14.64,986.00,-35.14,218.75,-612.50,-140.0,1,53.323,"
1784218642.9945319,"01/01/2000,04:45:04.16,-986.33,-11.23,4.39,-1.53,-4.17,-0.10,66.30,34.95,52.50,33.44,14.64,986.00,-35.38,358.75,-568.75,-332.50,1,53.323,"
1784218643.0238414,"01/01/2000,04:45:04.18,-1041.99,-31.74,61.04,-1.01,2.44,-0.65,63.15,32.25,51.75,33.35,14.88,985.76,-35.50,236.25,-787.50,-175.0,1,53.323,"
1784218643.0446336,"01/01/2000,04:45:04.20,-1003.42,-27.83,25.39,1.49,-0.93,0.97,65.85,33.75,52.50,33.35,14.88,985.52,-35.62,236.25,-586.25,-280.0,1,53.323,"
1784218643.0610852,"01/01/2000,04:45:04.22,-1004.88,-12.70,-9.28,-0.60,1.29,-0.74,64.35,32.55,51.75,33.35,14.64,985.88,-35.62,262.50,-735.0,-358.75,1,53.323,"
1784218643.0713198,"01/01/2000,04:45:04.24,-1030.76,-12.21,46.39,0.63,1.40,1.71,64.50,31.95,51.15,33.11,14.76,986.13,-35.62,297.50,-560.0,-192.50,1,53.323,"
1784218643.0942533,"01/01/2000,04:45:04.25,-1009.77,-32.23,37.60,-2.59,0.82,-0.76,65.25,34.35,51.90,33.25,14.52,986.00,-35.75,367.50,-577.50,-262.50,1,53.323,"
1784218643.1113641,"01/01/2000,04:45:04.27,-1008.30,-17.58,-16.11,0.0,0.32,-1.54,64.35,33.45,52.50,33.49,14.88,985.76,-35.87,245.0,-735.0,-218.75,1,53.323,"
1784218643.132144,"01/01/2000,04:45:04.29,-1005.37,-19.53,7.32,-0.13,0.07,-2.09,64.35,32.55,52.50,33.44,14.88,985.76,-35.87,350.0,-463.75,-210.0,1,53.323,"
1784218643.155755,"01/01/2000,04:45:04.31,-1032.71,-10.25,44.43,1.61,-1.81,-1.37,63.75,32.40,54.15,33.25,14.64,986.00,-35.99,166.25,-717.50,-227.50,1,53.323,"
1784218643.1707401,"01/01/2000,04:45:04.33,-1024.41,-17.58,-11.72,-0.63,-0.82,-0.22,64.95,32.40,51.15,33.16,14.76,986.00,-35.99,210.0,-752.50,-253.75,1,53.323,"
1784218643.1828747,"01/01/2000,04:45:04.34,-1014.16,-22.46,-3.42,0.18,-0.93,0.74,63.90,33.45,52.20,33.25,14.64,985.76,-35.99,227.50,-525.0,-350.0,1,53.323,"
1784218643.2111833,"01/01/2000,04:45:04.36,-1021.48,-7.32,22.46,0.09,-0.93,-2.29,64.65,29.85,54.75,33.35,14.76,985.76,-36.11,253.75,-875.0,-210.0,1,53.323,"
1784218643.2256732,"01/01/2000,04:45:04.38,-1013.18,-15.63,-8.30,-0.76,-0.32,-3.52,64.05,31.95,52.35,33.44,14.88,986.00,-36.11,332.50,-665.0,-271.25,1,53.323,"
1784218643.2416892,"01/01/2000,04:45:04.40,-1024.90,-0.98,7.81,-0.27,0.74,1.22,64.05,32.85,52.35,33.59,15.01,986.25,-36.11,210.0,-778.75,-262.50,1,53.323,"
1784218643.2610555,"01/01/2000,04:45:04.42,-989.75,-17.58,-20.51,-0.38,-0.02,0.40,64.50,33.15,52.35,33.44,15.37,985.76,-35.99,271.25,-577.50,-236.25,1,53.323,"
1784218643.278069,"01/01/2000,04:45:04.44,-1022.46,-20.02,22.46,0.65,-2.71,1.11,64.05,31.65,51.60,33.16,15.13,985.76,-36.11,192.50,-682.50,-201.25,1,53.323,"
1784218643.2947993,"01/01/2000,04:45:04.46,-1017.58,-11.23,0.0,1.42,0.55,0.85,65.85,33.75,51.0,33.11,15.13,985.88,-35.99,253.75,-656.25,-148.75,1,53.323,"
1784218643.3112347,"01/01/2000,04:45:04.47,-1017.58,-35.16,5.86,-1.41,1.85,0.73,65.25,31.65,52.65,33.11,15.13,986.25,-36.11,306.25,-621.25,-358.75,1,53.323,"
1784218643.3500848,"01/01/2000,04:45:04.51,-992.68,-2.93,-16.60,1.60,1.51,0.44,62.70,32.25,54.0,33.35,15.37,986.00,-36.11,183.75,-595.0,-148.75,1,53.323,"
1784218643.3707457,"01/01/2000,04:45:04.53,-1011.72,-21.00,12.21,-0.30,-1.77,0.91,64.50,32.40,52.35,33.11,15.13,986.00,-36.11,280.0,-612.50,-192.50,1,53.323,"
1784218643.3854778,"01/01/2000,04:45:04.54,-1027.34,-38.09,38.57,0.94,-0.08,1.25,65.70,32.85,51.75,33.35,14.88,986.00,-36.36,288.75,-647.50,-157.50,1,53.323,"
1784218643.4225843,"01/01/2000,04:45:04.58,-1024.90,-25.39,52.73,-0.49,1.06,0.44,63.60,31.35,53.70,33.16,15.25,986.13,-36.48,140.0,-743.75,-218.75,1,53.323,"
1784218643.4381964,"01/01/2000,04:45:04.60,-1000.98,-22.46,26.37,0.27,0.90,1.27,64.35,32.25,53.25,33.16,15.37,986.00,-36.60,148.75,-481.25,-218.75,1,53.323,"
1784218643.453642,"01/01/2000,04:45:04.61,-994.14,-23.93,38.57,-1.13,1.85,0.34,63.60,31.05,51.0,33.11,15.01,985.88,-36.60,183.75,-656.25,-306.25,1,53.323,"
1784218643.4734464,"01/01/2000,04:45:04.63,-994.63,-32.23,-4.39,0.84,-1.45,0.25,63.90,34.20,54.0,33.35,14.88,985.76,-36.60,253.75,-682.50,-297.50,1,53.323,"
1784218643.492808,"01/01/2000,04:45:04.65,-1013.67,-16.60,11.23,2.17,0.87,0.76,64.95,32.85,51.90,33.25,15.01,986.25,-36.36,192.50,-726.25,-227.50,1,53.323,"
1784218643.511204,"01/01/2000,04:45:04.67,-1004.88,-41.99,2.93,-1.92,-0.37,-0.60,65.40,34.20,53.70,33.35,15.13,986.25,-36.36,157.50,-656.25,-280.0,1,53.323,"
1784218643.5296915,"01/01/2000,04:45:04.69,-1021.00,-50.78,44.43,2.66,-0.99,1.36,67.20,31.65,52.35,33.30,15.13,986.25,-36.23,271.25,-542.50,-253.75,1,53.323,"
1784218643.5480628,"01/01/2000,04:45:04.71,-1020.02,-35.64,28.32,-1.04,-2.86,0.10,64.50,32.85,51.90,33.44,15.13,986.00,-36.60,245.0,-717.50,-245.0,1,53.323,"
1784218643.581767,"01/01/2000,04:45:04.74,-988.28,-9.77,39.55,2.94,-1.40,-0.13,65.25,32.85,53.10,33.25,15.13,986.25,-36.72,183.75,-848.75,-218.75,1,53.323,"
1784218643.6068506,"01/01/2000,04:45:04.76,-1016.60,-12.70,10.25,2.15,1.02,1.79,65.70,34.05,52.35,33.16,15.13,986.00,-36.72,341.25,-595.0,-192.50,1,53.323,"
1784218643.6206608,"01/01/2000,04:45:04.78,-1016.60,-26.37,21.00,0.21,2.87,0.27,64.65,32.25,52.50,33.30,15.13,985.76,-36.60,227.50,-647.50,-236.25,1,53.323,"
1784218643.638106,"01/01/2000,04:45:04.80,-1006.35,-42.97,15.14,0.37,-0.41,2.46,63.90,31.80,52.95,33.49,15.13,985.88,-36.97,332.50,-665.0,-183.75,1,53.323,"
1784218643.6714032,"01/01/2000,04:45:04.83,-992.19,-18.55,4.88,-1.11,-1.91,-0.06,65.40,33.75,52.95,33.49,15.01,986.25,-36.48,166.25,-778.75,-245.0,1,53.323,"
1784218643.6942196,"01/01/2000,04:45:04.85,-1006.84,-10.74,21.97,0.38,-0.09,0.47,64.35,33.0,52.20,33.11,15.13,986.13,-36.48,166.25,-402.50,-253.75,1,53.323,"
1784218643.7112055,"01/01/2000,04:45:04.87,-1005.86,-37.11,18.07,0.41,0.59,1.83,63.75,32.40,51.90,33.35,15.13,986.13,-36.84,245.0,-638.75,-210.0,1,53.323,"
1784218643.7278125,"01/01/2000,04:45:04.89,-1013.18,-10.25,20.02,-0.61,1.45,0.49,67.05,32.55,52.20,33.35,15.13,985.88,-36.97,210.0,-665.0,-253.75,1,53.323,"
1784218643.766815,"01/01/2000,04:45:04.93,-1002.44,-23.44,21.00,-0.89,-0.21,-0.08,63.75,31.20,51.60,33.35,14.88,986.25,-36.72,236.25,-700.0,-175.0,1,53.323,"
1784218643.7954636,"01/01/2000,04:45:04.96,-1004.39,-24.90,73.24,1.87,-0.79,-0.89,65.70,32.85,52.35,33.11,15.01,985.88,-36.84,192.50,-735.0,-140.0,1,53.323,"
1784218643.8217626,"01/01/2000,04:45:04.98,-1015.14,-34.18,18.55,0.46,0.31,1.82,65.70,32.85,51.90,33.30,14.76,985.76,-36.97,288.75,-402.50,-218.75,1,53.323,"
1784218643.845119,"01/01/2000,04:45:05.00,-1010.25,-44.92,35.64,0.34,-1.56,-0.87,64.35,33.0,52.20,33.11,14.76,986.25,-36.72,175.0,-770.0,-297.50,1,53.323,"
1784218643.8583744,"01/01/2000,04:45:05.02,-1001.46,-29.30,3.91,-0.34,-1.0,-2.56,65.10,31.80,52.50,33.35,14.64,986.13,-36.60,148.75,-507.50,-271.25,1,53.323,"
1784218643.871789,"01/01/2000,04:45:05.03,-1005.86,-24.41,-9.28,2.89,2.40,0.79,63.60,33.75,52.20,33.44,14.64,986.00,-36.72,105.0,-787.50,-341.25,1,53.323,"
1784218643.8947132,"01/01/2000,04:45:05.05,-1012.70,9.28,-29.79,0.36,0.02,0.52,63.90,32.25,51.75,33.35,14.88,985.76,-36.97,253.75,-603.75,-253.75,1,53.323,"
1784218643.911198,"01/01/2000,04:45:05.07,-1023.93,-59.57,76.17,1.01,-2.20,-0.87,65.10,32.25,51.75,33.35,14.88,986.00,-36.72,297.50,-568.75,-288.75,1,53.323,"
1784218643.957101,"01/01/2000,04:45:05.12,-1012.21,-15.14,-10.74,1.33,0.40,0.19,64.50,30.75,53.40,33.44,14.64,986.00,-36.60,157.50,-673.75,-315.0,1,53.323,"
1784218643.9801252,"01/01/2000,04:45:05.14,-994.14,-16.11,-9.77,-0.41,1.19,-1.44,65.25,32.40,52.65,33.11,14.64,986.00,-37.09,280.0,-656.25,-175.0,1,53.323,"
1784218643.994523,"01/01/2000,04:45:05.16,-1004.88,-18.55,-2.93,-0.58,-1.65,0.90,64.95,32.85,51.90,33.35,14.76,986.25,-37.21,280.0,-621.25,-367.50,1,53.323,"
1784218644.0125198,"01/01/2000,04:45:05.17,-1031.25,-32.71,37.60,1.98,0.06,-1.74,64.95,31.65,52.35,33.16,15.01,986.00,-37.09,183.75,-595.0,-245.0,1,53.323,"
1784218644.0512707,"01/01/2000,04:45:05.21,-992.68,17.09,-14.16,1.76,-1.16,-0.07,64.05,32.85,53.10,33.11,14.76,984.91,-36.11,1085.0,-638.75,-227.50,1,53.323,"
1784218644.0715163,"01/01/2000,04:45:05.23,-1024.90,9.77,-0.98,-1.22,0.73,0.36,65.25,33.15,51.90,33.30,14.88,985.88,-34.40,813.75,-542.50,-210.0,1,53.323,"
1784218644.0854359,"01/01/2000,04:45:05.25,-1007.81,-25.39,-40.53,0.02,-0.47,1.82,65.40,31.80,52.50,32.97,15.01,985.39,-33.43,971.25,-507.50,-245.0,1,53.323,"
1784218644.1069422,"01/01/2000,04:45:05.27,-1005.86,-14.16,-10.25,0.92,-1.60,0.42,65.10,32.25,52.20,33.44,15.13,983.20,-32.82,2301.25,-516.25,-183.75,1,53.323,"
1784218644.1257262,"01/01/2000,04:45:05.28,-1005.86,-30.27,18.07,0.63,0.47,-0.54,65.85,33.0,53.25,33.11,14.88,985.15,-31.48,1706.25,-595.0,-306.25,1,53.323,"
1784218644.1381238,"01/01/2000,04:45:05.30,-1017.58,-15.63,-11.72,0.74,-1.38,0.06,64.50,33.15,52.65,33.16,14.76,985.76,-30.99,1977.50,-595.0,-262.50,1,53.323,"
1784218644.1588397,"01/01/2000,04:45:05.32,-1036.13,-68.36,9.28,0.01,-3.34,1.11,65.85,32.55,51.75,33.25,14.52,984.54,-30.87,3263.75,-638.75,-323.75,1,53.323,"
1784218644.180005,"01/01/2000,04:45:05.34,-1009.77,-11.72,-11.23,0.26,-5.08,-0.03,64.65,33.75,52.50,33.30,14.76,984.05,-29.65,3587.50,-770.0,-175.0,1,53.323,"
1784218644.1944675,"01/01/2000,04:45:05.36,-1019.53,-8.30,76.17,2.21,-3.68,0.66,64.35,32.25,53.25,33.49,15.25,984.54,-27.45,3412.50,-577.50,-140.0,1,53.323,"
1784218644.2235816,"01/01/2000,04:45:05.37,-1005.37,-17.58,-13.18,0.66,-1.01,3.21,64.95,34.05,53.85,33.35,14.88,985.39,-27.82,3272.50,-813.75,-236.25,1,53.323,"
1784218644.2384436,"01/01/2000,04:45:05.40,-1021.00,-11.72,16.11,0.48,-1.44,-1.38,63.90,31.35,52.20,33.25,14.52,985.52,-31.96,3298.75,-1067.50,-201.25,1,53.323,"
1784218644.256225,"01/01/2000,04:45:05.41,-1014.16,8.79,5.37,1.79,-1.84,-0.99,63.0,33.15,52.35,33.35,14.40,985.39,-33.43,2773.75,-1146.25,-227.50,1,53.323,"
1784218644.2715788,"01/01/2000,04:45:05.43,-1029.79,-8.30,-37.11,3.18,-4.15,-1.62,65.70,31.95,51.90,33.25,14.40,985.15,-32.94,2388.75,-1618.75,61.25,1,53.323,"
1784218644.295948,"01/01/2000,04:45:05.45,-1022.95,-39.06,60.06,1.58,-2.22,-0.52,64.50,31.95,52.35,33.16,14.40,986.00,-32.70,1863.75,-1828.75,-26.25,1,53.323,"
1784218644.3101225,"01/01/2000,04:45:05.47,-1025.88,-15.63,4.88,2.42,-2.75,-0.04,64.65,33.0,51.75,33.11,15.13,988.81,-35.87,1881.25,-1251.25,-61.25,1,53.323,"
1784218644.3278475,"01/01/2000,04:45:05.49,-982.91,-20.02,-21.00,-1.15,-1.28,-0.67,65.70,32.40,53.40,33.16,14.88,988.69,-37.58,1846.25,-1391.25,-105.0,1,53.323,"
1784218644.3446903,"01/01/2000,04:45:05.50,-1030.27,-27.83,25.88,2.27,-2.78,1.46,64.65,31.35,52.50,33.16,14.76,986.25,-38.06,1347.50,-1855.0,-183.75,1,53.323,"
1784218644.3626254,"01/01/2000,04:45:05.52,-975.59,-37.60,-58.11,0.11,0.11,-0.23,64.50,32.40,53.10,33.11,14.76,984.54,-39.77,1181.25,-2240.0,0.0,1,53.323,"
1784218644.3956575,"01/01/2000,04:45:05.56,-1001.95,-11.72,21.97,4.21,-2.0,0.48,64.50,32.40,51.90,33.44,14.40,986.98,-44.53,1163.75,-2528.75,-61.25,1,53.323,"
1784218644.422671,"01/01/2000,04:45:05.58,-1012.21,-21.97,42.48,3.30,1.11,0.01,63.15,33.45,53.25,33.11,15.13,988.32,-44.53,813.75,-2135.0,-113.75,1,53.323,"
1784218644.44447,"01/01/2000,04:45:05.60,-1012.70,-9.77,-36.13,0.37,-0.15,-1.57,63.90,33.0,52.50,33.35,15.98,987.22,-46.12,665.0,-1513.75,-113.75,1,53.323,"
1784218644.4610898,"01/01/2000,04:45:05.62,-1041.02,-14.16,-50.29,2.02,0.50,-0.87,64.65,32.55,53.25,33.44,16.23,986.37,-46.97,586.25,-901.25,-271.25,1,53.323,"
1784218644.4999707,"01/01/2000,04:45:05.66,-1012.21,-29.30,3.42,1.34,-0.08,1.48,64.65,32.55,52.20,33.25,15.37,987.59,-48.68,236.25,-1233.75,-227.50,1,53.323,"
1784218644.525179,"01/01/2000,04:45:05.68,-1012.21,-1.46,-15.14,-0.90,0.22,1.43,64.65,32.25,53.70,33.16,16.47,987.83,-47.70,-288.75,140.0,-227.50,1,53.323,"
1784218644.538612,"01/01/2000,04:45:05.70,-989.75,-37.11,59.08,-0.29,0.23,-1.43,64.95,31.20,50.85,33.35,16.35,985.03,-47.95,323.75,148.75,-183.75,1,53.323,"
1784218644.555987,"01/01/2000,04:45:05.72,-1025.39,-22.95,32.71,1.56,1.35,-0.61,64.95,31.20,50.85,33.35,15.98,983.81,-49.53,227.50,-621.25,-236.25,1,53.323,"
1784218644.5727515,"01/01/2000,04:45:05.73,-1017.58,-54.69,72.27,-0.42,-0.19,-1.43,64.65,33.0,52.50,33.16,15.98,983.32,-52.22,210.0,-542.50,-218.75,1,53.323,"
1784218644.5944963,"01/01/2000,04:45:05.75,-1036.62,-20.51,30.27,-0.94,0.57,-0.87,64.50,32.40,51.90,33.11,15.62,982.71,-53.07,857.50,-166.25,-183.75,1,53.323,"
1784218644.6112902,"01/01/2000,04:45:05.77,-1028.32,-11.23,55.18,-1.44,1.81,0.23,65.70,32.40,52.35,33.44,15.01,984.54,-50.51,551.25,-428.75,-253.75,1,53.323,"
1784218644.6283557,"01/01/2000,04:45:05.79,-1002.44,-13.67,-1.46,1.92,0.81,1.83,65.10,33.45,53.25,33.06,14.88,986.74,-47.82,157.50,-796.25,-253.75,1,53.323,"
1784218644.6495688,"01/01/2000,04:45:05.81,-1022.95,1.95,10.25,0.99,-1.61,-0.17,65.40,31.35,53.25,33.35,15.49,987.96,-48.80,227.50,-603.75,-245.0,1,53.323,"
1784218644.667283,"01/01/2000,04:45:05.83,-1017.09,-43.95,33.20,-1.25,0.24,0.77,65.40,31.35,53.25,33.35,15.74,986.86,-50.51,148.75,-201.25,-122.50,1,53.323,"
1784218644.6843593,"01/01/2000,04:45:05.84,-1001.46,-25.39,31.74,-1.82,-1.53,-0.79,63.60,32.25,51.75,33.11,15.62,985.03,-50.87,166.25,52.50,-358.75,1,53.323,"
1784218644.7010756,"01/01/2000,04:45:05.86,-997.56,-11.23,44.92,-1.66,2.38,0.95,64.95,32.40,54.15,33.16,15.13,984.30,-50.75,-201.25,-26.25,-175.0,1,53.323,"
1784218644.7264874,"01/01/2000,04:45:05.88,-1006.84,-13.18,8.30,-1.08,1.76,0.28,63.90,32.25,51.75,33.35,14.52,985.39,-51.97,236.25,-332.50,-280.0,1,53.323,"
1784218644.7569025,"01/01/2000,04:45:05.92,-1022.95,-9.77,4.88,-0.60,0.15,1.91,64.65,32.55,51.30,33.06,15.62,985.03,-50.26,113.75,-78.75,-306.25,1,53.323,"
1784218644.7798998,"01/01/2000,04:45:05.93,-1005.86,-11.72,-19.53,-1.44,1.10,-0.05,64.50,32.85,51.90,33.25,15.62,984.54,-48.80,8.75,52.50,-218.75,1,53.323,"
1784218644.7943323,"01/01/2000,04:45:05.95,-1023.93,-18.07,-3.91,-0.37,1.86,-1.11,65.10,32.55,51.75,33.30,14.88,986.00,-49.41,61.25,-236.25,-350.0,1,53.323,"
1784218644.8291495,"01/01/2000,04:45:05.99,-999.02,-28.81,32.23,-0.58,0.34,0.56,65.40,33.0,52.20,33.35,15.13,985.27,-51.48,175.0,-271.25,-428.75,1,53.323,"
1784218644.8466733,"01/01/2000,04:45:06.01,-1009.77,-21.97,24.90,-1.10,-0.25,-0.17,65.40,33.0,52.20,33.25,15.37,983.69,-51.24,472.50,-210.0,-157.50,1,53.323,"
1784218644.8733678,"01/01/2000,04:45:06.03,-1029.79,-13.18,30.27,0.92,-0.58,0.15,64.50,32.40,52.35,33.16,15.01,984.30,-50.87,210.0,-245.0,-201.25,1,53.323,"
1784218644.887172,"01/01/2000,04:45:06.05,-1010.25,-16.60,-5.37,0.45,0.63,0.92,65.25,30.45,54.60,33.35,14.76,985.76,-51.36,490.0,-673.75,-140.0,1,53.323,"
1784218644.9020169,"01/01/2000,04:45:06.06,-994.14,-15.63,-11.23,0.95,1.05,1.06,65.70,31.95,51.60,33.16,14.64,986.25,-51.36,-61.25,-516.25,-253.75,1,53.323,"
1784218644.9259644,"01/01/2000,04:45:06.08,-1001.46,-40.53,2.93,-0.46,-1.95,0.94,63.15,31.05,51.30,33.30,15.13,984.54,-51.12,358.75,-446.25,-105.0,1,53.323,"
1784218644.964899,"01/01/2000,04:45:06.12,-1020.51,-19.04,29.79,0.09,-2.79,1.51,64.50,34.80,52.65,33.25,15.01,987.47,-49.65,157.50,-770.0,-227.50,1,53.323,"
1784218644.9858537,"01/01/2000,04:45:06.15,-1004.39,-17.58,46.88,-1.43,-1.66,-0.35,62.70,33.0,52.95,33.30,15.37,986.37,-50.14,227.50,-262.50,-280.0,1,53.323,"
1784218645.0086443,"01/01/2000,04:45:06.17,-993.65,-13.67,89.84,-0.01,-0.88,1.08,64.65,31.80,53.25,33.30,15.62,983.56,-50.75,-17.50,-148.75,-131.25,1,53.323,"
1784218645.0246432,"01/01/2000,04:45:06.18,-1026.37,-32.23,85.94,-1.76,-1.20,-0.36,62.40,33.45,52.50,32.97,15.13,981.98,-51.61,665.0,-175.0,-218.75,1,53.323,"
1784218645.0445662,"01/01/2000,04:45:06.20,-1003.91,-28.32,36.13,-1.50,-1.19,-0.95,64.50,32.40,53.10,33.35,14.76,984.54,-50.75,175.0,-472.50,-262.50,1,53.323,"
1784218645.0611532,"01/01/2000,04:45:06.22,-1025.39,-30.76,13.18,0.26,-0.52,-1.43,65.10,31.80,52.50,33.35,14.76,985.52,-51.12,35.0,-656.25,-297.50,1,53.323,"
1784218645.0803316,"01/01/2000,04:45:06.24,-1009.28,-16.11,1.46,1.81,0.56,-1.33,63.60,30.15,54.75,33.16,15.37,984.78,-51.97,131.25,-472.50,-385.0,1,53.323,"
1784218645.1135595,"01/01/2000,04:45:06.27,-999.02,-18.07,22.46,-1.75,0.27,0.79,66.30,32.55,51.0,33.35,15.01,984.30,-51.24,358.75,-402.50,-201.25,1,53.323,"
1784218645.1369507,"01/01/2000,04:45:06.30,-1038.09,-32.71,8.30,1.08,-1.86,1.72,62.70,33.0,52.50,33.30,14.88,985.76,-50.26,-43.75,-402.50,-218.75,1,53.323,"
1784218645.15201,"01/01/2000,04:45:06.31,-988.77,-41.99,16.60,1.02,0.85,0.66,65.25,31.95,53.40,33.25,15.01,985.88,-51.24,-8.75,-647.50,-166.25,1,53.323,"
1784218645.169492,"01/01/2000,04:45:06.33,-988.77,-17.58,82.03,-0.21,-1.55,0.63,65.40,33.0,52.20,33.25,15.13,985.15,-52.34,306.25,-638.75,-192.50,1,53.323,"
1784218645.1944418,"01/01/2000,04:45:06.35,-1006.84,-14.65,83.98,-1.76,1.05,-2.31,64.65,32.55,51.75,33.35,15.25,984.54,-52.22,192.50,-525.0,-218.75,1,53.323,"
1784218645.2255595,"01/01/2000,04:45:06.38,-1009.28,-26.37,83.98,0.21,-3.99,0.92,61.20,32.25,55.20,33.11,15.13,985.76,-51.97,17.50,-393.75,-253.75,1,53.323,"
1784218645.2428653,"01/01/2000,04:45:06.40,-999.51,-20.02,55.66,0.55,2.20,-4.67,63.75,32.40,51.60,33.35,15.37,984.66,-51.24,297.50,-507.50,-218.75,1,53.323,"
1784218645.258531,"01/01/2000,04:45:06.42,-1024.41,-4.88,-0.98,1.19,1.24,-0.29,64.35,33.45,52.20,33.30,15.13,984.05,-49.65,-8.75,-630.0,-253.75,1,53.323,"
1784218645.281386,"01/01/2000,04:45:06.44,-1016.60,-15.63,13.67,-0.18,-1.52,0.82,64.50,30.0,53.85,33.11,15.13,983.81,-49.78,638.75,-437.50,-218.75,1,53.323,"
1784218645.2979097,"01/01/2000,04:45:06.46,-1044.43,-2.44,6.84,-0.98,0.80,-1.53,63.75,30.75,51.60,33.25,14.88,986.74,-49.17,183.75,-157.50,-411.25,1,53.323,"
1784218645.313227,"01/01/2000,04:45:06.48,-996.58,-28.81,83.98,0.75,0.25,0.02,64.65,33.0,52.20,33.35,15.01,987.71,-50.26,-472.50,-586.25,-201.25,1,53.323,"
1784218645.3344948,"01/01/2000,04:45:06.49,-988.77,-14.16,49.32,0.63,2.44,-1.40,63.60,31.80,51.30,33.35,15.49,984.78,-52.22,113.75,-525.0,-253.75,1,53.323,"
1784218645.3578763,"01/01/2000,04:45:06.51,-1004.88,-41.50,10.25,-0.63,-0.32,-0.64,64.05,33.15,51.60,33.49,15.62,982.83,-52.83,-35.0,-105.0,-358.75,1,53.323,"
1784218645.3705664,"01/01/2000,04:45:06.53,-1019.04,-38.09,2.93,-3.68,-1.09,-0.69,63.90,30.60,53.25,33.30,14.88,982.83,-52.22,227.50,-131.25,-175.0,1,53.323,"
1784218645.3885307,"01/01/2000,04:45:06.55,-1033.69,-7.32,53.22,0.18,0.33,-0.31,63.75,33.15,51.90,33.16,14.03,984.78,-51.97,411.25,-1023.75,-332.50,1,53.323,"
1784218645.4267745,"01/01/2000,04:45:06.59,-1000.49,-45.41,66.41,-0.74,-1.24,2.34,63.30,31.20,55.80,33.35,14.88,986.00,-51.61,446.25,-1242.50,-201.25,1,53.323,"
1784218645.4446673,"01/01/2000,04:45:06.60,-1014.16,-9.28,4.88,-0.79,-0.52,0.97,63.90,32.25,53.25,33.25,14.88,986.13,-50.39,262.50,-910.0,-288.75,1,53.323,"
1784218645.4611783,"01/01/2000,04:45:06.62,-1031.74,-48.34,31.25,1.20,-0.11,1.60,63.0,32.85,52.65,33.35,14.64,986.13,-50.02,306.25,-997.50,-306.25,1,53.323,"
1784218645.4959168,"01/01/2000,04:45:06.65,-1001.46,1.46,32.71,1.79,1.0,1.51,65.10,31.80,52.20,33.11,14.88,986.49,-50.51,148.75,-1190.0,-280.0,1,53.323,"
1784218645.5112832,"01/01/2000,04:45:06.67,-1026.86,-25.88,81.54,0.92,1.47,-0.91,63.90,32.25,52.50,33.35,15.37,984.66,-51.97,437.50,-1155.0,-236.25,1,53.323,"
1784218645.5278752,"01/01/2000,04:45:06.69,-1014.16,-7.81,23.93,1.25,0.40,1.59,63.60,34.20,52.95,33.25,15.62,982.95,-51.97,420.0,-717.50,-315.0,1,53.323,"
1784218645.5414715,"01/01/2000,04:45:06.70,-1017.58,-3.42,-18.55,1.23,0.49,-1.61,63.75,32.85,52.35,33.16,15.13,983.08,-51.12,227.50,-682.50,-227.50,1,53.323,"
1784218645.5802112,"01/01/2000,04:45:06.74,-1020.51,-22.95,64.45,-0.47,-2.68,0.70,64.65,32.25,51.0,33.35,14.88,986.25,-52.09,306.25,-1181.25,-175.0,1,53.323,"
1784218645.6021738,"01/01/2000,04:45:06.76,-999.51,-19.53,14.65,0.39,-1.08,0.42,64.65,32.25,53.25,33.30,15.62,986.37,-51.85,481.25,-367.50,-376.25,1,53.323,"
1784218645.619467,"01/01/2000,04:45:06.78,-997.56,-15.14,53.22,0.74,-0.08,-0.05,63.75,33.15,50.85,33.11,15.37,984.91,-50.63,245.0,-455.0,-157.50,1,53.323,"
1784218645.6358788,"01/01/2000,04:45:06.80,-991.21,-20.02,101.56,1.26,-1.59,-2.18,64.05,33.15,52.35,33.30,14.76,984.17,-50.51,70.0,-647.50,-280.0,1,53.323,"
1784218645.652636,"01/01/2000,04:45:06.81,-1029.79,-4.39,36.13,1.37,0.34,0.56,64.05,31.95,51.60,33.35,14.64,984.78,-50.63,175.0,-708.75,-245.0,1,53.323,"
1784218645.6924276,"01/01/2000,04:45:06.85,-1007.32,-8.30,-11.72,1.99,1.76,-2.21,63.30,30.0,52.35,33.35,15.37,985.88,-51.61,35.0,-691.25,-236.25,1,53.323,"
1784218645.7111762,"01/01/2000,04:45:06.87,-1007.81,-12.70,95.21,0.50,2.02,1.47,63.15,31.80,51.75,33.25,15.49,984.78,-51.97,148.75,-673.75,-245.0,1,53.323,"
1784218645.7374518,"01/01/2000,04:45:06.90,-1021.00,-40.04,13.67,0.44,1.16,-0.69,63.60,31.80,51.30,33.49,15.01,984.54,-52.46,61.25,-665.0,-140.0,1,53.323,"
1784218645.7798672,"01/01/2000,04:45:06.94,-1011.23,-38.57,-12.21,-0.34,0.08,-0.03,61.95,33.45,53.70,33.11,15.37,987.10,-51.00,148.75,-560.0,-201.25,1,53.323,"
1784218645.7993562,"01/01/2000,04:45:06.96,-1031.74,-7.32,-83.01,1.96,-0.17,1.88,61.65,33.45,52.20,33.25,15.37,985.52,-49.90,192.50,-595.0,-341.25,1,53.323,"
1784218645.8378425,"01/01/2000,04:45:07.00,-1021.00,-22.95,26.86,-0.68,0.41,0.37,65.10,33.75,52.50,33.35,15.01,983.81,-51.24,218.75,-437.50,-271.25,1,53.323,"
1784218645.858214,"01/01/2000,04:45:07.01,-1023.44,-38.09,112.79,-0.88,0.56,2.25,64.50,31.65,52.35,33.44,15.13,985.27,-51.48,157.50,-577.50,-280.0,1,53.323,"
1784218645.8717906,"01/01/2000,04:45:07.03,-1029.30,-30.76,69.82,-0.34,-0.37,0.60,61.80,31.20,51.15,33.11,15.37,985.64,-51.73,-70.0,-621.25,-245.0,1,53.323,"
1784218645.8944983,"01/01/2000,04:45:07.05,-1012.21,-38.57,33.20,0.92,-1.52,1.45,63.60,31.80,52.50,33.25,15.86,983.81,-52.83,341.25,-551.25,-201.25,1,53.323,"
1784218645.9120233,"01/01/2000,04:45:07.07,-1032.23,-8.79,7.81,0.06,0.27,-0.67,62.40,31.80,52.20,33.35,15.37,983.44,-52.95,157.50,-778.75,-227.50,1,53.323,"
1784218645.9279156,"01/01/2000,04:45:07.09,-1011.72,-43.95,33.69,-0.42,-1.11,1.58,63.0,31.95,53.10,33.25,14.76,983.81,-52.58,157.50,-787.50,-262.50,1,53.323,"
1784218645.9478385,"01/01/2000,04:45:07.11,-1017.58,-24.90,7.32,-2.60,-1.74,-1.14,63.0,33.15,51.15,33.35,15.49,984.78,-51.24,323.75,-122.50,-323.75,1,53.323,"
1784218645.966723,"01/01/2000,04:45:07.13,-1051.76,-21.97,38.09,-2.94,1.41,-1.11,62.55,33.60,51.90,33.44,15.62,986.49,-49.53,78.75,-542.50,-166.25,1,53.323,"
1784218645.9825203,"01/01/2000,04:45:07.14,-1017.09,-30.27,35.64,1.84,0.27,-0.61,62.70,32.55,51.75,33.25,15.13,986.00,-51.00,35.0,-1190.0,-192.50,1,53.323,"
1784218646.0075343,"01/01/2000,04:45:07.17,-1006.84,-19.53,47.85,-0.76,0.45,-0.40,63.75,30.75,51.15,33.35,15.25,984.66,-52.09,323.75,-218.75,-227.50,1,53.323,"
1784218646.0283008,"01/01/2000,04:45:07.19,-1006.84,-26.37,3.91,-1.44,0.76,1.0,61.80,31.95,52.65,33.44,14.15,984.42,-51.61,17.50,-866.25,-271.25,1,53.323,"
1784218646.0492241,"01/01/2000,04:45:07.21,-1021.97,-10.74,-17.58,2.82,-2.90,-1.79,61.20,30.60,55.20,33.44,15.01,984.78,-52.09,288.75,-498.75,-236.25,1,53.323,"
1784218646.0852385,"01/01/2000,04:45:07.24,-1001.95,-7.32,14.65,-1.94,-1.03,1.52,63.30,32.85,52.65,33.44,15.25,986.49,-52.09,-315.0,-183.75,-323.75,1,53.323,"
1784218646.1109624,"01/01/2000,04:45:07.27,-1016.11,-31.74,81.05,-1.31,0.94,-0.35,63.90,33.0,51.75,33.25,14.88,984.54,-52.95,376.25,-122.50,-201.25,1,53.323,"
1784218646.125387,"01/01/2000,04:45:07.28,-992.68,-19.04,47.36,1.37,-1.10,-0.56,62.40,32.25,51.75,33.35,14.03,984.91,-50.63,131.25,-507.50,-315.0,1,53.323,"
1784218646.1388998,"01/01/2000,04:45:07.30,-1034.67,-26.86,1.46,-1.46,-1.71,-2.07,62.40,32.25,51.75,33.16,14.15,985.15,-49.41,-8.75,-892.50,-148.75,1,53.323,"
1784218646.1581419,"01/01/2000,04:45:07.32,-1012.21,-19.04,88.38,0.65,-0.27,-1.43,63.30,32.85,52.65,33.25,14.88,985.03,-50.26,227.50,-857.50,-157.50,1,53.323,"
1784218646.1779225,"01/01/2000,04:45:07.34,-1027.34,-0.98,-10.25,0.31,-1.95,-0.50,63.75,32.85,52.35,33.30,15.25,985.52,-51.97,122.50,-665.0,-236.25,1,53.323,"
1784218646.1944978,"01/01/2000,04:45:07.36,-1012.21,-21.00,10.25,0.66,0.27,1.87,65.25,32.40,50.10,33.35,15.01,984.30,-53.44,280.0,-350.0,-157.50,1,53.323,"
1784218646.218627,"01/01/2000,04:45:07.37,-1006.35,-39.06,17.09,0.06,-1.54,-1.02,64.50,31.95,52.65,33.16,14.15,983.81,-52.95,533.75,-752.50,-323.75,1,53.323,"
1784218646.2315323,"01/01/2000,04:45:07.39,-1013.18,-21.97,21.48,3.92,1.10,2.12,64.50,31.95,52.65,33.11,14.03,984.54,-51.48,175.0,-1006.25,-201.25,1,53.323,"
1784218646.2514648,"01/01/2000,04:45:07.41,-1013.18,-13.67,11.72,0.66,-0.28,0.89,60.60,30.75,52.65,32.92,15.01,985.27,-50.51,175.0,-638.75,-385.0,1,53.323,"
1784218646.2692854,"01/01/2000,04:45:07.43,-992.68,-22.46,94.24,2.38,-0.52,0.18,62.40,31.80,52.50,33.35,15.25,985.03,-51.85,192.50,-787.50,-157.50,1,53.323,"
1784218646.295666,"01/01/2000,04:45:07.45,-998.54,-32.71,25.39,-0.97,0.92,-1.64,62.25,31.95,51.90,33.30,14.76,984.54,-52.95,498.75,-507.50,-315.0,1,53.323,"
1784218646.3112948,"01/01/2000,04:45:07.47,-1002.93,-18.55,63.96,-0.47,0.23,-2.54,62.55,33.60,50.85,33.44,14.40,985.27,-51.48,402.50,-507.50,-210.0,1,53.323,"
1784218646.3231955,"01/01/2000,04:45:07.49,-1007.81,-20.51,16.11,0.45,0.66,0.31,62.40,33.0,51.75,33.35,14.40,985.76,-49.90,253.75,-700.0,-288.75,1,53.323,"
1784218646.3393557,"01/01/2000,04:45:07.50,-1023.44,-29.79,24.90,-1.50,-0.24,2.92,62.40,33.0,51.75,33.35,15.13,986.25,-48.56,341.25,-787.50,-341.25,1,53.323,"
1784218646.3599405,"01/01/2000,04:45:07.52,-1018.07,-7.32,-53.71,1.75,0.05,-1.50,61.65,33.0,52.20,33.25,15.62,986.37,-49.53,-113.75,-586.25,-166.25,1,53.323,"
1784218646.3799229,"01/01/2000,04:45:07.54,-1021.48,-14.65,30.76,0.09,1.27,-0.11,61.80,31.65,51.90,33.16,15.13,984.54,-52.83,560.0,-603.75,-218.75,1,53.323,"
1784218646.3945663,"01/01/2000,04:45:07.56,-1011.23,-9.77,16.60,0.38,-1.72,1.11,62.55,32.40,50.40,33.35,14.64,984.30,-53.80,691.25,-428.75,-210.0,1,53.323,"
1784218646.4322474,"01/01/2000,04:45:07.59,-1045.90,-11.23,-10.25,1.24,0.83,0.96,63.30,32.40,52.65,33.25,14.88,986.25,-51.48,210.0,-962.50,-218.75,1,53.323,"
1784218646.4537697,"01/01/2000,04:45:07.61,-1020.51,-32.23,44.43,-1.71,0.82,1.16,61.80,29.55,52.65,33.30,15.13,985.76,-53.56,297.50,-1067.50,-253.75,1,53.323,"
1784218646.472502,"01/01/2000,04:45:07.63,-1027.83,-1.95,29.79,0.56,-0.79,-0.83,61.35,31.95,52.35,33.59,15.37,983.81,-54.66,533.75,-603.75,-262.50,1,53.323,"
1784218646.4885392,"01/01/2000,04:45:07.65,-1022.46,-25.88,-30.76,-1.75,2.11,4.12,62.40,31.80,51.75,33.16,14.52,983.56,-53.68,787.50,-603.75,-323.75,1,53.323,"
1784218646.511778,"01/01/2000,04:45:07.67,-1012.21,-9.28,15.63,2.16,-0.43,1.66,62.70,32.25,51.30,33.06,14.27,985.76,-50.14,481.25,-1093.75,-271.25,1,53.323,"
1784218646.5299017,"01/01/2000,04:45:07.69,-1034.67,-9.77,0.0,1.02,-1.55,-0.24,62.70,33.0,51.30,33.35,15.01,985.52,-50.51,542.50,-1006.25,-236.25,1,53.323,"
1784218646.5470061,"01/01/2000,04:45:07.71,-1011.72,-13.67,-3.91,-0.42,0.79,0.07,62.55,32.40,51.60,33.35,15.86,984.78,-52.34,428.75,-831.25,-52.50,1,53.323,"
1784218646.5648274,"01/01/2000,04:45:07.72,-1013.18,-23.93,69.34,-0.57,-0.20,-1.40,61.95,31.05,52.20,33.59,15.37,984.05,-53.80,420.0,-428.75,-43.75,1,53.323,"
1784218646.5953622,"01/01/2000,04:45:07.76,-1019.04,-13.18,-3.91,-0.53,-0.76,1.27,61.80,32.85,53.40,33.35,13.91,985.76,-52.46,490.0,-1417.50,-43.75,1,53.323,"
1784218646.6206152,"01/01/2000,04:45:07.78,-1004.39,-44.43,122.56,-0.17,0.84,1.08,61.20,31.80,52.50,33.25,14.64,986.13,-51.36,218.75,-1470.0,-245.0,1,53.323,"
1784218646.6368995,"01/01/2000,04:45:07.80,-1022.46,-10.74,37.11,-3.0,-1.60,1.05,62.40,31.35,51.75,33.11,16.10,985.15,-52.34,201.25,-297.50,-245.0,1,53.323,"
1784218646.6611464,"01/01/2000,04:45:07.82,-1012.70,-8.30,47.36,2.27,-0.60,0.11,63.0,31.95,51.90,33.16,15.37,984.66,-54.05,665.0,-227.50,-358.75,1,53.323,"
1784218646.6808436,"01/01/2000,04:45:07.84,-1018.55,1.95,-32.71,-0.34,-0.86,0.65,63.30,31.65,52.65,33.44,14.64,985.27,-53.19,481.25,-813.75,-218.75,1,53.323,"
1784218646.6945822,"01/01/2000,04:45:07.85,-1002.44,-43.95,66.41,3.06,-2.24,-0.47,62.70,32.55,51.75,33.25,14.64,986.13,-51.97,367.50,-796.25,-463.75,1,53.323,"
1784218646.7112625,"01/01/2000,04:45:07.87,-1015.14,-24.41,-15.14,1.44,-0.45,-2.50,63.30,33.60,52.65,33.06,14.64,985.76,-53.07,201.25,-1522.50,-105.0,1,53.323,"
1784218646.7279136,"01/01/2000,04:45:07.89,-1030.76,-31.25,19.04,0.43,2.04,-0.03,61.35,31.95,51.90,33.59,15.37,984.78,-57.83,253.75,-848.75,-253.75,1,53.323,"
1784218646.7548368,"01/01/2000,04:45:07.91,-1039.55,-23.44,-32.71,0.97,-0.78,-3.02,61.95,32.55,52.50,33.25,15.62,984.42,-61.98,35.0,-463.75,0.0,1,53.323,"
1784218646.76872,"01/01/2000,04:45:07.93,-1008.30,12.21,-16.11,0.86,2.25,0.17,63.0,32.40,51.60,33.25,14.88,984.42,-63.32,105.0,-656.25,-271.25,1,53.323,"
1784218646.8048065,"01/01/2000,04:45:07.96,-1006.84,-46.88,42.48,0.36,-0.06,0.08,61.05,32.85,52.35,33.06,15.37,985.52,-58.80,-218.75,-376.25,-271.25,1,53.323,"
1784218646.821553,"01/01/2000,04:45:07.98,-1020.02,-22.46,86.43,0.48,1.66,-0.06,63.30,32.40,52.65,33.44,15.37,985.52,-59.78,-385.0,-498.75,-280.0,1,53.323,"
1784218646.8386123,"01/01/2000,04:45:08.00,-1019.04,-30.76,38.09,1.37,1.64,1.78,63.60,33.45,52.20,33.25,15.37,984.91,-62.83,-315.0,-481.25,-262.50,1,53.323,"
1784218646.8611343,"01/01/2000,04:45:08.02,-1026.86,-9.77,113.28,-0.28,1.04,0.67,61.35,33.60,53.10,33.11,14.64,985.27,-66.86,-700.0,-297.50,-288.75,1,53.323,"
1784218646.8780189,"01/01/2000,04:45:08.04,-990.72,-27.34,97.17,-0.28,0.06,-0.98,63.75,31.65,52.35,33.30,14.64,984.54,-67.95,-262.50,-437.50,-297.50,1,53.323,"
1784218646.8944936,"01/01/2000,04:45:08.05,-1007.32,-21.48,23.44,1.26,-0.98,-1.89,62.70,30.60,51.75,33.11,15.25,984.42,-65.27,-78.75,-411.25,-288.75,1,53.323,"
1784218646.9113016,"01/01/2000,04:45:08.07,-1031.25,-26.37,51.27,0.48,1.66,0.77,63.15,33.0,51.0,33.35,15.74,984.54,-61.98,-490.0,-183.75,-96.25,1,53.323,"
1784218646.9278228,"01/01/2000,04:45:08.09,-1060.55,-35.16,51.76,-0.95,-1.65,1.29,62.70,32.55,52.95,33.49,15.13,985.03,-60.76,-236.25,-297.50,-227.50,1,53.323,"
1784218646.9498143,"01/01/2000,04:45:08.11,-992.68,-6.35,128.91,0.44,1.21,1.40,63.60,33.0,52.50,33.44,15.01,986.49,-60.02,-533.75,-560.0,-201.25,1,53.323,"
1784218646.9707758,"01/01/2000,04:45:08.13,-1006.35,-16.11,85.94,-0.47,-0.40,0.98,61.65,32.25,51.0,33.35,14.76,983.93,-61.73,-621.25,-770.0,-218.75,1,53.323,"
1784218647.004649,"01/01/2000,04:45:08.17,-1024.41,-28.32,0.98,0.35,-0.11,-2.11,63.0,32.40,51.60,33.11,14.64,985.64,-55.75,-603.75,-516.25,-280.0,1,53.323,"
1784218647.0304766,"01/01/2000,04:45:08.19,-1023.93,14.16,33.69,1.79,1.17,0.09,63.0,32.40,51.15,33.25,15.49,984.91,-55.39,-131.25,-560.0,-183.75,1,53.323,"
1784218647.0512464,"01/01/2000,04:45:08.21,-1023.93,-4.39,47.85,0.14,-0.13,0.42,61.20,31.80,51.30,33.06,15.37,984.30,-55.75,175.0,-577.50,-131.25,1,53.323,"
1784218647.0737846,"01/01/2000,04:45:08.23,-1019.04,-15.14,-21.00,1.24,0.09,-1.26,63.0,31.95,52.35,33.16,14.76,985.39,-53.92,-358.75,-551.25,-245.0,1,53.323,"
1784218647.0902715,"01/01/2000,04:45:08.25,-1001.95,-25.88,0.0,-0.42,1.05,-0.53,62.40,31.80,52.50,33.16,14.76,985.39,-53.44,-70.0,-700.0,-323.75,1,53.323,"
1784218647.1112788,"01/01/2000,04:45:08.27,-1002.93,-40.04,65.92,-0.49,1.13,0.01,63.15,30.60,52.20,33.25,15.37,985.03,-53.19,-87.50,-665.0,-245.0,1,53.323,"
1784218647.123383,"01/01/2000,04:45:08.28,-996.09,-34.18,78.13,0.85,-0.56,0.61,62.55,32.40,51.60,33.11,15.62,985.03,-52.95,-96.25,-612.50,-271.25,1,53.323,"
1784218647.1445327,"01/01/2000,04:45:08.31,-1024.41,0.0,11.72,0.13,0.75,-1.98,63.30,31.95,52.65,33.11,15.13,985.03,-52.34,-70.0,-568.75,-350.0,1,53.323,"
1784218647.1633952,"01/01/2000,04:45:08.32,-993.65,25.88,58.59,3.14,1.54,0.18,62.40,32.25,51.75,33.30,14.76,985.03,-52.34,-105.0,-350.0,-437.50,1,53.323,"
1784218647.178449,"01/01/2000,04:45:08.34,-1007.81,-25.88,93.26,0.73,-1.52,2.82,62.55,32.85,52.35,33.30,14.76,985.03,-51.97,-52.50,-743.75,-288.75,1,53.323,"
1784218647.1945195,"01/01/2000,04:45:08.36,-1023.44,-33.20,18.55,0.18,0.15,-0.52,61.95,31.80,52.50,33.30,14.76,985.27,-51.73,96.25,-770.0,-175.0,1,53.323,"
1784218647.2226577,"01/01/2000,04:45:08.38,-1019.04,-12.21,-1.95,0.44,2.23,1.35,63.0,31.20,50.40,33.25,14.88,985.03,-51.36,-26.25,-638.75,-113.75,1,53.323,"
1784218647.2508798,"01/01/2000,04:45:08.41,-1013.18,-21.48,0.98,0.28,0.49,0.75,61.95,33.75,50.55,33.25,14.76,985.15,-51.12,-70.0,-752.50,-166.25,1,53.323,"
1784218647.27618,"01/01/2000,04:45:08.43,-1009.28,-3.91,58.59,0.55,-0.34,-1.26,61.80,33.60,51.15,33.06,15.13,985.52,-51.00,-43.75,-700.0,-288.75,1,53.323,"
1784218647.2901902,"01/01/2000,04:45:08.45,-1002.44,8.79,29.30,-0.05,0.27,0.60,62.70,34.20,51.30,33.35,15.25,985.15,-51.00,-70.0,-630.0,-262.50,1,53.323,"
1784218647.3072052,"01/01/2000,04:45:08.47,-1018.07,-29.79,39.55,1.56,0.37,-0.27,62.55,31.65,52.65,33.25,15.13,985.27,-50.75,8.75,-586.25,-253.75,1,53.323,"
1784218647.3231263,"01/01/2000,04:45:08.48,-996.09,-17.58,65.92,-1.74,0.63,-0.99,62.55,31.65,52.65,33.25,15.13,985.27,-50.63,-35.0,-551.25,-271.25,1,53.323,"
1784218647.3634133,"01/01/2000,04:45:08.52,-1010.25,-13.67,26.86,1.81,-0.53,2.19,61.95,31.80,52.95,33.30,15.13,985.27,-50.63,-8.75,-735.0,-113.75,1,53.323,"
1784218647.3944979,"01/01/2000,04:45:08.56,-1002.93,-35.16,41.99,1.0,-0.97,-1.45,63.30,31.95,51.15,33.35,15.25,985.15,-50.51,17.50,-656.25,-113.75,1,53.323,"
1784218647.4176424,"01/01/2000,04:45:08.58,-1000.49,-22.95,27.34,1.70,2.02,-2.02,63.0,33.15,51.60,33.35,15.01,985.27,-50.26,-122.50,-665.0,-227.50,1,53.323,"
1784218647.4352243,"01/01/2000,04:45:08.59,-1025.88,-25.88,86.43,-0.37,1.43,-0.49,61.35,32.85,50.40,33.25,14.88,985.03,-50.02,-26.25,-770.0,-280.0,1,53.323,"
1784218647.4523382,"01/01/2000,04:45:08.61,-1013.67,-38.57,118.65,-1.09,1.42,1.30,62.55,33.60,53.10,33.25,15.01,985.27,-49.90,-8.75,-630.0,-332.50,1,53.323,"
1784218647.4611685,"01/01/2000,04:45:08.63,-1020.51,-5.86,-21.48,1.02,1.76,-1.90,63.0,31.65,52.35,33.35,15.01,985.15,-50.02,35.0,-577.50,-411.25,1,53.323,"
1784218647.4949734,"01/01/2000,04:45:08.65,-997.07,-42.97,57.62,-0.60,-1.04,-0.09,62.70,33.0,51.30,33.11,15.01,984.78,-50.02,122.50,-638.75,-253.75,1,53.323,"
1784218647.5093625,"01/01/2000,04:45:08.67,-1029.79,-30.27,35.16,0.34,0.16,-2.40,62.55,33.60,51.90,33.35,14.88,985.03,-49.78,-43.75,-638.75,-288.75,1,53.323,"
1784218647.5278707,"01/01/2000,04:45:08.69,-1022.46,-31.25,105.96,0.62,-0.07,1.78,62.40,31.80,52.95,33.06,15.13,985.39,-49.78,17.50,-630.0,-262.50,1,53.323,"
1784218647.5559049,"01/01/2000,04:45:08.72,-1009.77,-29.79,52.25,0.72,-1.36,-2.13,60.30,31.20,53.85,33.35,14.88,985.39,-49.53,157.50,-691.25,-175.0,1,53.323,"
1784218647.572714,"01/01/2000,04:45:08.73,-1045.41,-16.11,-27.83,0.63,0.19,-1.47,62.55,31.95,52.35,33.16,14.88,985.27,-49.65,113.75,-708.75,-350.0,1,53.323,"
1784218647.5945203,"01/01/2000,04:45:08.75,-1001.46,-48.83,-4.39,0.12,1.36,-0.47,63.0,31.65,50.85,33.35,14.88,985.52,-49.53,-17.50,-612.50,-253.75,1,53.323,"
1784218647.6053288,"01/01/2000,04:45:08.77,-1025.88,-44.92,94.24,-0.53,-0.87,0.89,63.15,33.0,51.30,33.30,15.01,985.52,-49.65,8.75,-682.50,-245.0,1,53.323,"
1784218647.628423,"01/01/2000,04:45:08.79,-1004.39,-18.55,56.15,-1.13,0.62,0.54,61.35,33.15,52.35,33.16,15.13,985.39,-49.65,105.0,-700.0,-297.50,1,53.323,"
1784218647.645362,"01/01/2000,04:45:08.81,-1024.41,-20.02,-11.72,1.66,-0.03,-0.66,62.25,31.20,51.15,33.30,15.13,985.39,-49.65,35.0,-638.75,-218.75,1,53.323,"
1784218647.6611648,"01/01/2000,04:45:08.82,-1035.64,-23.93,50.29,-0.73,1.37,-0.35,63.75,32.85,50.85,33.25,14.88,985.27,-49.53,131.25,-630.0,-140.0,1,53.323,"
1784218647.6892846,"01/01/2000,04:45:08.84,-1010.74,14.65,-12.21,0.79,-0.67,-0.06,61.35,31.20,52.65,33.11,14.88,985.15,-49.41,201.25,-673.75,-192.50,1,53.323,"
1784218647.7010086,"01/01/2000,04:45:08.86,-996.58,-17.58,-7.32,0.88,0.47,0.21,63.75,31.65,51.15,33.25,15.01,985.52,-49.41,148.75,-708.75,-8.75,1,53.323,"
1784218647.7153063,"01/01/2000,04:45:08.88,-1006.84,6.84,-2.93,1.03,0.02,-0.50,60.45,32.55,51.0,33.30,14.88,985.39,-49.29,78.75,-673.75,-166.25,1,53.323,"
1784218647.7327197,"01/01/2000,04:45:08.90,-997.07,-5.37,-27.34,2.21,-1.03,0.66,61.65,32.40,50.85,33.35,14.64,985.15,-49.04,175.0,-647.50,-306.25,1,53.323,"
1784218647.7559836,"01/01/2000,04:45:08.92,-1006.84,-17.58,43.95,1.15,-2.40,0.81,61.20,30.60,53.70,33.25,14.64,985.27,-48.92,87.50,-568.75,-332.50,1,53.323,"
1784218647.774869,"01/01/2000,04:45:08.93,-1011.23,-36.13,67.38,0.17,0.02,0.89,62.25,33.15,51.90,33.35,14.64,985.27,-49.17,210.0,-735.0,-367.50,1,53.323,"
1784218647.7958627,"01/01/2000,04:45:08.95,-1007.81,-12.70,-10.25,-0.16,0.29,-1.40,61.80,32.85,51.60,33.44,14.88,985.27,-49.29,175.0,-708.75,-218.75,1,53.323,"
1784218647.8067575,"01/01/2000,04:45:08.97,-1010.25,-27.34,38.09,2.10,-0.38,1.10,62.25,31.95,51.90,33.30,14.88,985.52,-48.80,17.50,-498.75,-210.0,1,53.323,"
1784218647.8450074,"01/01/2000,04:45:09.01,-999.02,-6.35,-44.92,-0.76,-0.94,-1.45,63.30,33.15,51.90,33.49,14.64,985.15,-49.17,17.50,-595.0,-175.0,1,53.323,"
1784218647.861248,"01/01/2000,04:45:09.02,-1034.67,-5.37,-57.13,1.35,3.27,0.43,61.80,31.20,51.90,33.25,14.76,985.52,-49.04,113.75,-770.0,-157.50,1,53.323,"
1784218647.8804493,"01/01/2000,04:45:09.04,-1006.35,-5.86,6.84,-0.02,-0.47,-0.68,61.20,31.80,51.30,33.35,14.88,985.39,-48.80,96.25,-621.25,-315.0,1,53.323,"
1784218647.9058444,"01/01/2000,04:45:09.06,-1000.49,-13.67,-35.64,2.02,1.40,-2.66,63.30,32.85,52.65,33.35,14.76,985.27,-49.17,192.50,-630.0,-288.75,1,53.323,"
1784218647.919817,"01/01/2000,04:45:09.08,-1017.09,-16.60,7.81,2.66,2.06,-1.02,61.05,31.95,51.60,33.35,14.76,985.03,-49.29,131.25,-612.50,-297.50,1,53.323,"
1784218647.9280028,"01/01/2000,04:45:09.10,-1012.70,-19.53,12.21,-2.54,-1.22,2.85,61.80,33.15,51.15,33.16,14.76,985.27,-49.17,-140.0,-700.0,-341.25,1,53.323,"
1784218647.9528902,"01/01/2000,04:45:09.11,-1035.16,-6.84,4.39,1.74,0.18,0.56,62.25,33.60,50.85,33.44,14.88,985.27,-49.29,140.0,-778.75,-140.0,1,53.323,"
1784218647.9735832,"01/01/2000,04:45:09.13,-1015.14,-35.16,38.57,1.18,0.26,-2.27,62.55,31.20,51.90,33.11,14.88,985.27,-49.41,210.0,-717.50,-236.25,1,53.323,"
1784218648.0081522,"01/01/2000,04:45:09.17,-1026.37,-39.55,9.77,1.86,1.92,-4.87,61.35,33.60,51.90,33.35,14.88,985.27,-49.17,262.50,-673.75,-61.25,1,53.323,"
1784218648.029655,"01/01/2000,04:45:09.19,-1037.11,-12.70,-6.35,1.41,-1.08,1.87,63.0,31.95,50.85,33.44,14.76,985.39,-49.29,140.0,-770.0,-253.75,1,53.323,"
1784218648.0575895,"01/01/2000,04:45:09.22,-1030.76,-9.28,36.62,-0.11,-0.46,-0.02,60.90,31.35,53.70,33.35,14.88,985.52,-49.04,96.25,-691.25,-122.50,1,53.323,"
1784218648.0781622,"01/01/2000,04:45:09.24,-1017.09,-9.28,-38.57,0.68,-1.08,1.26,63.60,31.80,52.95,33.49,14.64,985.39,-49.17,87.50,-717.50,-210.0,1,53.323,"
1784218648.0959053,"01/01/2000,04:45:09.26,-1043.46,-21.48,-21.00,1.0,-0.65,0.83,62.70,32.25,52.95,33.30,14.40,985.39,-49.17,157.50,-612.50,-271.25,1,53.323,"
1784218648.118858,"01/01/2000,04:45:09.28,-1007.81,-21.97,64.45,1.25,0.05,-1.08,63.30,32.40,51.15,33.49,14.64,985.52,-49.17,17.50,-638.75,-192.50,1,53.323,"
1784218648.1279826,"01/01/2000,04:45:09.29,-1012.70,-36.62,76.66,1.51,-0.37,2.18,63.0,33.15,53.10,33.30,14.64,985.39,-49.04,157.50,-665.0,-157.50,1,53.323,"
1784218648.155822,"01/01/2000,04:45:09.31,-1018.55,-30.27,-13.18,1.05,0.56,-0.89,62.55,31.95,51.90,33.06,14.88,985.52,-48.92,105.0,-682.50,-113.75,1,53.323,"
1784218648.1708074,"01/01/2000,04:45:09.33,-1011.72,-15.14,43.95,-0.85,-2.21,-2.34,61.20,32.25,51.30,33.25,14.64,985.27,-48.92,297.50,-603.75,-315.0,1,53.323,"
1784218648.1945157,"01/01/2000,04:45:09.35,-1022.95,-20.02,-11.23,1.48,0.66,-0.82,63.0,32.85,51.60,33.11,14.52,985.15,-48.92,140.0,-726.25,-192.50,1,53.323,"
1784218648.2267103,"01/01/2000,04:45:09.38,-1014.65,-29.30,-9.77,1.19,-1.79,-1.21,62.25,32.40,52.35,33.49,14.64,985.39,-48.80,201.25,-726.25,-288.75,1,53.323,"
1784218648.2460728,"01/01/2000,04:45:09.41,-1009.77,32.71,-114.75,-1.74,1.0,0.23,60.90,31.35,51.30,33.30,14.64,985.15,-49.04,131.25,-665.0,-306.25,1,53.323,"
1784218648.2610993,"01/01/2000,04:45:09.42,-1014.65,-23.93,33.20,-0.87,0.39,1.94,62.40,32.25,51.30,33.25,14.88,985.15,-49.04,148.75,-700.0,-210.0,1,53.323,"
1784218648.280451,"01/01/2000,04:45:09.44,-1038.09,-52.25,99.61,-0.39,-0.29,0.44,61.20,32.25,52.50,33.35,14.64,985.39,-49.17,78.75,-560.0,-201.25,1,53.323,"
1784218648.2971666,"01/01/2000,04:45:09.46,-1021.00,-32.71,51.76,0.73,0.61,0.96,61.35,31.65,52.65,33.35,14.88,985.39,-48.92,78.75,-770.0,-96.25,1,53.323,"
1784218648.318503,"01/01/2000,04:45:09.48,-1009.28,-12.21,5.37,0.37,-0.11,1.66,63.15,32.55,52.50,33.35,14.88,985.27,-48.92,148.75,-551.25,-323.75,1,53.323,"
1784218648.3379757,"01/01/2000,04:45:09.50,-997.56,-38.57,131.84,-0.75,0.38,0.33,62.25,31.65,51.90,33.16,14.88,985.27,-48.68,297.50,-761.25,-148.75,1,53.323,"
1784218648.3529038,"01/01/2000,04:45:09.51,-995.12,-12.21,104.49,-2.76,-0.56,0.42,61.95,33.45,51.30,33.16,14.88,985.27,-48.68,87.50,-656.25,-113.75,1,53.323,"
1784218648.370878,"01/01/2000,04:45:09.53,-1036.13,-9.28,-69.34,2.07,0.85,0.79,63.30,32.40,51.60,33.16,14.64,985.27,-48.80,113.75,-656.25,-306.25,1,53.323,"
1784218648.3944955,"01/01/2000,04:45:09.55,-1041.02,-17.58,79.10,1.67,-1.08,-0.44,63.15,31.80,52.20,33.30,14.88,985.39,-48.43,-52.50,-831.25,-175.0,1,53.323,"
1784218648.4256814,"01/01/2000,04:45:09.59,-1003.91,-13.67,-45.41,2.40,0.38,-1.76,62.55,34.05,52.65,33.16,14.76,985.27,-48.56,140.0,-691.25,-341.25,1,53.323,"
1784218648.4445536,"01/01/2000,04:45:09.60,-1021.97,-0.49,-58.11,0.40,-0.37,-0.37,63.0,32.40,50.85,33.35,14.76,985.15,-48.68,78.75,-857.50,-201.25,1,53.323,"
1784218648.4611456,"01/01/2000,04:45:09.62,-993.65,-10.74,57.62,0.49,-0.35,1.69,61.80,32.40,51.90,33.16,14.76,985.15,-48.68,122.50,-595.0,-297.50,1,53.323,"
1784218648.4816375,"01/01/2000,04:45:09.64,-1043.95,-20.51,-15.63,0.79,-2.56,1.06,61.05,31.65,51.60,33.16,14.64,985.27,-48.43,43.75,-638.75,-166.25,1,53.323,"
1784218648.5191221,"01/01/2000,04:45:09.68,-1012.70,13.18,-47.85,3.23,-0.56,0.76,63.75,32.85,51.60,33.35,14.88,985.03,-48.43,96.25,-805.0,-192.50,1,53.323,"
1784218648.5402584,"01/01/2000,04:45:09.70,-994.63,-33.69,84.47,-0.14,0.58,-0.09,61.65,31.80,52.50,33.25,14.88,985.03,-48.56,87.50,-717.50,-157.50,1,53.323,"
1784218648.558002,"01/01/2000,04:45:09.71,-995.12,-20.51,-8.30,1.44,0.02,-0.95,63.0,31.65,51.90,33.30,15.01,985.39,-48.68,131.25,-778.75,-253.75,1,53.323,"
1784218648.5779858,"01/01/2000,04:45:09.74,-1019.53,-10.25,17.09,0.73,-0.18,-0.18,61.05,33.15,53.40,33.11,14.88,985.03,-48.92,183.75,-673.75,-61.25,1,53.323,"
1784218648.6047568,"01/01/2000,04:45:09.76,-1005.37,-8.30,-52.25,1.14,-0.34,0.95,61.95,33.0,51.75,33.44,14.88,985.03,-48.68,35.0,-673.75,-218.75,1,53.323,"
1784218648.6225696,"01/01/2000,04:45:09.78,-1008.79,-17.09,28.32,1.77,-2.52,-3.74,63.0,32.85,50.85,33.35,14.88,985.39,-48.56,26.25,-708.75,-245.0,1,53.323,"
1784218648.635531,"01/01/2000,04:45:09.80,-1032.23,-34.18,43.46,1.93,0.29,0.14,61.65,33.0,49.50,33.11,14.88,985.27,-48.68,253.75,-638.75,-236.25,1,53.323,"
1784218648.6528232,"01/01/2000,04:45:09.81,-1019.53,-12.70,15.14,0.31,0.35,1.01,63.15,31.80,52.95,33.35,15.13,985.03,-48.68,148.75,-621.25,-280.0,1,53.323,"
1784218648.6781113,"01/01/2000,04:45:09.83,-1026.86,-6.35,23.93,-0.54,-1.03,2.50,62.25,32.85,51.90,33.11,14.76,985.03,-48.43,96.25,-577.50,-402.50,1,53.323,"
1784218648.694614,"01/01/2000,04:45:09.85,-1017.09,-6.35,29.79,-2.63,-0.18,0.98,62.40,31.35,51.30,33.35,14.64,984.78,-48.80,315.0,-568.75,-245.0,1,53.323,"
1784218648.7098851,"01/01/2000,04:45:09.87,-1018.55,-19.53,24.90,-0.70,1.11,-0.86,62.25,32.40,51.90,33.30,14.64,984.91,-48.80,245.0,-665.0,-280.0,1,53.323,"
1784218648.7278705,"01/01/2000,04:45:09.89,-1023.93,-16.60,-16.60,2.47,2.17,0.23,63.0,31.20,51.15,33.25,15.01,985.27,-48.43,78.75,-735.0,-227.50,1,53.323,"
1784218648.7470102,"01/01/2000,04:45:09.91,-1018.07,-4.39,6.84,-0.71,-0.59,1.47,61.80,33.15,51.60,33.35,14.76,985.27,-48.56,166.25,-691.25,-262.50,1,53.323,"
1784218648.7640572,"01/01/2000,04:45:09.92,-1029.30,-47.85,43.46,-0.14,-0.04,0.64,61.80,32.40,53.10,33.06,14.76,985.03,-48.68,113.75,-647.50,-131.25,1,53.323,"
1784218648.786793,"01/01/2000,04:45:09.94,-1045.41,-11.72,-7.32,0.91,0.47,-0.50,61.95,31.35,51.75,33.11,14.52,985.27,-48.43,78.75,-735.0,-315.0,1,53.323,"
1784218648.8070898,"01/01/2000,04:45:09.96,-1009.77,-35.64,38.09,-1.18,-0.53,-0.11,61.95,34.65,51.75,33.49,14.52,985.52,-48.31,52.50,-743.75,-262.50,1,53.323,"
1784218648.8196723,"01/01/2000,04:45:09.98,-1007.81,-46.88,56.15,-1.95,-1.24,2.16,61.95,32.55,52.20,33.35,14.64,985.39,-48.43,183.75,-665.0,-280.0,1,53.323,"
1784218648.853653,"01/01/2000,04:45:10.01,-1023.93,-29.30,56.64,1.18,-1.75,-0.12,63.15,33.0,51.30,33.35,15.01,985.27,-48.31,201.25,-673.75,-367.50,1,53.323,"
1784218648.8714345,"01/01/2000,04:45:10.03,-1008.30,-15.14,5.86,1.59,1.18,1.34,62.55,32.40,51.15,33.16,15.01,985.39,-48.43,35.0,-647.50,-332.50,1,53.323,"
1784218648.8944662,"01/01/2000,04:45:10.05,-1022.46,-21.00,43.95,1.47,1.14,0.13,62.70,33.45,51.30,33.16,15.13,985.39,-48.56,96.25,-542.50,-218.75,1,53.323,"
1784218648.91129,"01/01/2000,04:45:10.07,-1013.18,-19.53,-69.34,-1.56,0.83,0.0,61.80,32.40,52.35,33.44,15.13,985.52,-48.80,8.75,-796.25,-218.75,1,53.323,"
1784218648.926332,"01/01/2000,04:45:10.09,-1003.42,-20.02,5.86,1.85,-0.76,-0.18,63.0,32.85,51.60,33.35,14.88,985.52,-48.68,166.25,-700.0,-87.50,1,53.323,"
1784218648.9470613,"01/01/2000,04:45:10.11,-1018.55,10.74,-19.53,4.79,-1.25,0.13,62.25,31.95,50.40,33.35,14.64,985.27,-48.68,148.75,-875.0,-183.75,1,53.323,"
1784218648.9637625,"01/01/2000,04:45:10.12,-1004.39,-7.32,-32.71,1.60,4.46,0.56,63.15,33.0,52.20,33.44,14.64,985.39,-48.68,201.25,-778.75,-341.25,1,53.323,"
1784218648.9815707,"01/01/2000,04:45:10.14,-1026.37,-14.65,24.41,1.94,-1.0,-1.22,62.55,31.65,51.60,33.25,14.88,985.52,-48.56,-17.50,-743.75,-280.0,1,53.323,"
1784218649.0071943,"01/01/2000,04:45:10.16,-1003.42,-40.53,-58.11,0.47,-0.08,-0.78,62.55,31.95,53.10,33.30,15.01,985.27,-50.26,-288.75,-656.25,-280.0,1,53.323,"
1784218649.0216918,"01/01/2000,04:45:10.18,-1039.06,-28.32,-5.86,1.01,-4.31,0.22,61.95,32.55,52.50,33.11,14.88,985.03,-52.46,-70.0,-656.25,-245.0,1,53.323,"
1784218649.054757,"01/01/2000,04:45:10.21,-1036.62,-18.55,32.23,-0.44,0.65,-0.50,62.25,33.15,53.10,33.44,14.40,986.13,-53.31,-883.75,-735.0,-350.0,1,53.323,"
1784218649.0803707,"01/01/2000,04:45:10.24,-1013.18,-5.86,47.36,1.63,0.06,-2.08,63.60,33.0,52.20,33.30,14.88,985.03,-55.02,-796.25,-910.0,-315.0,1,53.323,"
1784218649.119089,"01/01/2000,04:45:10.28,-1007.81,-59.08,81.05,-1.28,0.27,2.02,61.05,32.85,52.65,33.11,14.88,986.25,-56.24,-1872.50,-700.0,-236.25,1,53.323,"
1784218649.127845,"01/01/2000,04:45:10.30,-1019.53,-60.55,74.22,-0.11,0.89,1.72,61.80,32.85,51.15,33.35,14.64,985.88,-57.10,-2572.50,-717.50,-227.50,1,53.323,"
1784218649.1585073,"01/01/2000,04:45:10.32,-1026.86,-10.25,-16.60,1.53,2.44,-2.31,64.35,32.25,51.75,33.11,14.88,986.61,-57.34,-3115.0,-910.0,-253.75,1,53.323,"
1784218649.1777678,"01/01/2000,04:45:10.34,-1020.51,-12.21,-17.09,-1.0,5.02,2.26,61.35,29.55,54.15,33.25,14.88,987.59,-55.14,-3613.75,-463.75,-332.50,1,53.323,"
1784218649.1945262,"01/01/2000,04:45:10.35,-1021.00,-17.09,-9.77,-0.21,2.31,-0.77,62.70,31.35,52.95,33.35,14.76,987.47,-53.07,-3578.75,-551.25,-192.50,1,53.323,"
1784218649.2136576,"01/01/2000,04:45:10.37,-1031.25,-33.69,49.32,0.12,3.95,0.15,61.95,33.0,51.75,33.25,14.76,987.10,-49.78,-3692.50,-682.50,-245.0,1,53.323,"
1784218649.231597,"01/01/2000,04:45:10.39,-995.61,3.42,24.41,0.47,4.23,-1.26,62.55,33.15,51.90,33.16,14.64,986.98,-48.80,-4375.0,-568.75,-411.25,1,53.323,"
1784218649.2485507,"01/01/2000,04:45:10.41,-1048.34,-35.64,63.96,-2.14,5.18,0.04,62.70,32.55,51.75,33.11,14.88,986.37,-49.41,-4471.25,-525.0,-262.50,1,53.323,"
1784218649.2659535,"01/01/2000,04:45:10.43,-1001.95,15.14,2.44,1.15,3.28,-0.84,63.15,31.80,51.30,33.11,14.52,986.49,-48.68,-4191.25,-376.25,-472.50,1,53.323,"
1784218649.2873974,"01/01/2000,04:45:10.45,-1023.44,-36.62,-6.84,-0.15,6.37,0.39,63.30,32.85,50.85,33.30,14.40,987.71,-44.53,-4331.25,-428.75,-367.50,1,53.323,"
1784218649.3223853,"01/01/2000,04:45:10.48,-1009.77,-21.00,2.93,0.37,7.52,-0.21,63.75,32.85,50.10,33.11,15.01,986.86,-37.94,-4856.25,-437.50,-393.75,1,53.323,"
1784218649.3379633,"01/01/2000,04:45:10.50,-1011.72,-13.67,2.93,-0.57,5.81,1.45,62.40,31.80,49.80,33.30,15.01,986.00,-38.06,-4471.25,-201.25,-236.25,1,53.323,"
1784218649.3780527,"01/01/2000,04:45:10.54,-1031.74,-9.77,-6.84,-2.20,3.89,-1.27,62.70,31.05,52.20,33.25,14.15,985.76,-36.11,-3858.75,-481.25,-367.50,1,53.323,"
1784218649.3946536,"01/01/2000,04:45:10.56,-1010.25,-26.86,-14.16,3.30,4.87,0.60,63.75,30.75,49.65,33.35,14.40,986.13,-33.18,-3998.75,-262.50,-262.50,1,53.323,"
1784218649.4216652,"01/01/2000,04:45:10.58,-1042.97,-45.90,95.70,-1.08,2.80,-1.51,61.80,32.40,50.40,33.25,15.01,986.13,-31.23,-4121.25,-70.0,-175.0,1,53.323,"
1784218649.4343798,"01/01/2000,04:45:10.59,-1004.88,-2.93,-19.04,0.05,3.47,2.18,62.40,31.80,49.80,33.35,15.01,985.39,-30.74,-3543.75,52.50,-201.25,1,53.323,"
1784218649.4512572,"01/01/2000,04:45:10.61,-996.58,-28.32,39.55,-0.45,3.63,0.62,63.30,33.60,50.85,33.11,14.64,985.39,-30.01,-2948.75,113.75,-323.75,1,53.323,"
1784218649.4612088,"01/01/2000,04:45:10.63,-1017.58,-3.91,-41.02,-0.89,1.18,3.91,63.15,31.80,50.25,33.30,14.40,986.25,-27.94,-3386.25,8.75,-437.50,1,53.323,"
1784218649.494758,"01/01/2000,04:45:10.65,-998.05,-31.74,72.75,0.11,-0.24,-0.56,62.40,30.60,52.50,33.11,14.64,986.00,-26.35,-3788.75,-96.25,-367.50,1,53.323,"
1784218649.50779,"01/01/2000,04:45:10.67,-1020.51,-30.27,46.88,-3.35,5.24,-1.01,62.40,30.60,52.50,33.30,14.52,985.27,-26.60,-3290.0,-8.75,-393.75,1,53.323,"
1784218649.5253267,"01/01/2000,04:45:10.68,-1036.13,-19.53,-26.37,3.95,3.84,-1.36,62.70,33.0,49.80,33.06,14.27,985.27,-26.35,-2686.25,61.25,-271.25,1,53.323,"
1784218649.5381277,"01/01/2000,04:45:10.70,-1026.37,-21.48,5.86,-0.05,1.80,-2.69,62.55,33.60,50.40,33.30,14.15,985.76,-25.01,-2581.25,-8.75,-297.50,1,53.323,"
1784218649.5628612,"01/01/2000,04:45:10.72,-1031.74,-35.16,39.06,-2.24,4.11,-0.40,63.30,31.65,50.40,33.35,14.76,985.76,-22.69,-2196.25,245.0,-122.50,1,53.323,"
1784218649.5797791,"01/01/2000,04:45:10.74,-972.66,-41.02,60.06,-0.31,1.40,0.57,63.60,33.75,49.50,33.11,14.64,984.17,-22.20,-1321.25,271.25,-192.50,1,53.323,"
1784218649.6073074,"01/01/2000,04:45:10.76,-1009.28,-3.42,-0.98,-0.34,0.44,0.68,64.50,31.20,50.40,33.30,13.54,983.32,-22.45,-446.25,-866.25,-341.25,1,53.323,"
1784218649.6281316,"01/01/2000,04:45:10.79,-1053.22,-31.25,-14.16,-0.98,0.08,-2.54,62.40,33.45,50.25,33.49,13.54,986.00,-20.50,-455.0,-612.50,-297.50,1,53.323,"
1784218649.6445289,"01/01/2000,04:45:10.81,-994.14,2.93,-106.45,1.02,2.63,1.52,63.15,33.0,51.0,33.25,14.03,988.20,-16.84,-1225.0,-516.25,-201.25,1,53.323,"
1784218649.6622615,"01/01/2000,04:45:10.82,-994.14,-26.86,-2.44,1.20,2.02,-2.37,62.55,33.60,50.40,33.11,14.03,987.71,-15.86,-1426.25,-962.50,-192.50,1,53.323,"
1784218649.689371,"01/01/2000,04:45:10.84,-955.08,-4.39,-35.16,-0.18,0.37,-1.51,62.40,33.75,49.50,33.30,13.42,984.30,-19.28,-43.75,-1662.50,-43.75,1,53.323,"
1784218649.7011223,"01/01/2000,04:45:10.86,-1008.30,-14.16,1.95,1.63,-3.08,2.55,62.70,30.15,51.0,33.25,12.57,983.32,-22.69,1365.0,-1653.75,-166.25,1,53.323,"
1784218649.7182722,"01/01/2000,04:45:10.88,-1025.39,-20.02,-64.45,0.76,-0.50,-0.54,63.60,33.0,50.55,33.11,13.91,985.15,-20.25,358.75,-481.25,-113.75,1,53.323,"
1784218649.7280476,"01/01/2000,04:45:10.90,-1013.18,-24.90,-40.04,0.06,1.92,0.85,63.0,33.60,49.35,33.16,14.88,987.10,-15.98,-17.50,-166.25,-262.50,1,53.323,"
1784218649.7558987,"01/01/2000,04:45:10.91,-1020.51,-6.35,2.44,0.59,-0.76,0.20,62.70,32.55,51.0,33.35,15.13,987.22,-13.42,-385.0,-542.50,-201.25,1,53.323,"
1784218649.7738695,"01/01/2000,04:45:10.93,-988.77,11.23,6.35,-0.46,-2.09,-1.67,63.15,32.25,49.50,33.11,14.88,985.64,-16.10,288.75,-542.50,-262.50,1,53.323,"
1784218649.7953522,"01/01/2000,04:45:10.95,-1023.93,-22.95,3.91,1.74,-2.69,1.35,62.25,33.15,51.15,33.35,14.15,984.91,-18.06,1137.50,-586.25,-306.25,1,53.323,"
1784218649.8069522,"01/01/2000,04:45:10.97,-1031.25,-8.79,-64.45,1.36,-1.28,0.98,63.90,33.0,50.25,33.44,13.30,985.03,-18.79,1601.25,-665.0,-253.75,1,53.323,"
1784218649.8449438,"01/01/2000,04:45:11.01,-1013.67,-7.32,10.25,1.17,-0.13,1.02,62.55,32.40,50.40,33.35,14.76,986.74,-14.15,70.0,-875.0,-166.25,1,53.323,"
1784218649.8613365,"01/01/2000,04:45:11.02,-1011.72,-26.37,20.02,2.69,-0.20,0.54,64.50,33.15,50.40,33.35,14.52,986.25,-14.40,446.25,-1058.75,-87.50,1,53.323,"
1784218649.8812554,"01/01/2000,04:45:11.04,-1002.44,-14.65,-18.07,-0.21,-1.89,0.40,64.05,32.85,50.40,33.11,14.03,985.76,-16.35,1041.25,-1190.0,-113.75,1,53.323,"
1784218649.9025805,"01/01/2000,04:45:11.06,-1009.28,-30.76,26.37,0.74,-2.34,-0.11,63.30,31.95,49.65,33.11,12.69,985.15,-18.67,1723.75,-2178.75,-253.75,1,53.323,"
1784218649.9251432,"01/01/2000,04:45:11.08,-1026.86,3.42,-58.11,0.85,-1.24,1.58,62.25,32.40,50.40,33.25,13.91,985.15,-17.81,1513.75,-1986.25,-70.0,1,53.323,"
1784218649.95458,"01/01/2000,04:45:11.11,-1005.86,-21.97,-36.62,0.32,-0.68,0.31,63.0,33.15,50.40,33.30,15.74,986.13,-14.52,236.25,-568.75,-148.75,1,53.323,"
1784218649.9766464,"01/01/2000,04:45:11.14,-1015.63,-17.09,22.95,1.46,-2.89,-0.07,61.35,33.15,50.40,33.25,14.88,986.98,-15.37,1032.50,-542.50,-227.50,1,53.323,"
1784218649.9928372,"01/01/2000,04:45:11.15,-1027.83,-41.02,36.62,-0.11,-2.95,-0.20,64.05,33.60,50.85,33.16,14.27,987.71,-17.57,1513.75,-796.25,-245.0,1,53.323,"
1784218650.0169055,"01/01/2000,04:45:11.17,-1006.35,-35.64,32.23,1.05,-1.94,-1.91,61.80,31.95,50.10,33.11,14.64,987.35,-18.79,1225.0,-673.75,-227.50,1,53.323,"
1784218650.0325146,"01/01/2000,04:45:11.19,-1021.00,-29.30,64.45,1.26,-0.41,0.18,64.35,32.25,51.30,33.49,14.88,983.81,-20.74,2065.0,-525.0,-122.50,1,53.323,"
1784218650.0483444,"01/01/2000,04:45:11.21,-1007.32,-30.27,30.27,1.51,-2.95,1.18,63.15,32.25,50.55,33.35,15.13,983.20,-21.11,2703.75,-297.50,-175.0,1,53.323,"
1784218650.0612364,"01/01/2000,04:45:11.23,-1033.69,-17.58,17.58,-1.17,-4.01,0.11,62.70,33.75,51.75,33.25,15.01,984.78,-20.74,2616.25,201.25,-227.50,1,53.323,"
1784218650.089385,"01/01/2000,04:45:11.24,-1027.34,-15.63,-59.08,-2.73,-2.52,-2.69,61.65,33.0,49.80,33.25,14.40,986.74,-20.74,2730.0,-245.0,-297.50,1,53.323,"
1784218650.1120527,"01/01/2000,04:45:11.27,-1036.62,-29.79,39.55,2.19,-3.67,-1.65,63.15,33.0,50.55,33.30,14.15,985.88,-21.47,3027.50,-988.75,-140.0,1,53.323,"
1784218650.1308339,"01/01/2000,04:45:11.29,-1020.02,-15.63,-39.55,-3.36,0.03,0.97,63.0,30.45,51.60,33.11,14.64,985.03,-21.59,2441.25,-315.0,-70.0,1,53.323,"
1784218650.1546435,"01/01/2000,04:45:11.31,-1005.86,-26.86,-7.32,-1.93,0.74,1.49,63.60,33.75,51.30,33.16,14.15,985.76,-19.76,2266.25,-323.75,-245.0,1,53.323,"
1784218650.165881,"01/01/2000,04:45:11.33,-1019.53,-20.51,20.02,-0.36,-2.56,1.56,65.10,32.55,51.0,33.35,13.54,987.83,-18.79,1785.0,-1006.25,-210.0,1,53.323,"
1784218650.204784,"01/01/2000,04:45:11.36,-1010.74,-32.71,38.09,-0.34,-1.03,-1.57,63.60,32.55,52.20,33.25,15.13,986.61,-21.23,813.75,-245.0,-201.25,1,53.323,"
1784218650.2259095,"01/01/2000,04:45:11.38,-1015.63,-33.69,14.65,0.85,-0.05,-1.42,65.10,33.45,50.25,33.30,15.01,985.27,-22.45,901.25,-507.50,-323.75,1,53.323,"
1784218650.2408679,"01/01/2000,04:45:11.40,-1022.95,-11.23,-37.60,0.03,0.88,0.03,63.90,33.45,51.0,33.35,14.40,985.27,-22.57,805.0,-831.25,-280.0,1,53.323,"
1784218650.260634,"01/01/2000,04:45:11.42,-1023.93,-36.13,48.34,2.11,-0.37,1.44,63.30,34.35,51.15,33.35,14.15,987.10,-21.47,787.50,-1076.25,-253.75,1,53.323,"
1784218650.272767,"01/01/2000,04:45:11.44,-1037.60,-25.88,0.49,2.32,1.34,-0.47,63.15,33.75,50.55,33.25,14.76,989.18,-20.50,43.75,-735.0,-245.0,1,53.323,"
1784218650.2952685,"01/01/2000,04:45:11.46,-1005.86,-36.62,24.41,0.57,2.61,-1.18,63.30,33.15,51.15,33.16,14.88,989.66,-20.98,-717.50,-840.0,-201.25,1,53.323,"
1784218650.3280516,"01/01/2000,04:45:11.49,-1006.35,-7.81,3.91,0.79,-0.05,2.45,63.0,31.95,51.60,33.16,14.40,986.74,-23.79,-175.0,-770.0,-201.25,1,53.323,"
1784218650.350095,"01/01/2000,04:45:11.51,-990.23,-12.70,36.13,1.91,-2.0,0.25,64.35,33.75,51.0,33.16,14.15,987.83,-24.16,-332.50,-892.50,-210.0,1,53.323,"
1784218650.3889651,"01/01/2000,04:45:11.55,-1013.67,-4.39,-2.93,1.82,0.15,0.02,61.80,35.25,50.10,33.11,14.88,986.00,-25.13,-437.50,-840.0,-210.0,1,53.323,"
1784218650.4070055,"01/01/2000,04:45:11.57,-1017.09,0.98,16.11,-1.62,-0.23,2.37,63.75,32.40,50.85,33.30,14.88,984.91,-25.99,-157.50,-743.75,-280.0,1,53.323,"
1784218650.42303,"01/01/2000,04:45:11.58,-1037.11,-33.20,-13.18,2.19,-0.67,-0.33,64.35,33.45,51.0,33.30,14.64,985.88,-26.11,105.0,-551.25,-175.0,1,53.323,"
1784218650.440205,"01/01/2000,04:45:11.60,-1001.46,-23.44,17.09,0.73,1.56,-0.27,64.05,32.40,49.35,33.35,14.40,986.74,-25.38,428.75,-796.25,-105.0,1,53.323,"
1784218650.4624588,"01/01/2000,04:45:11.62,-1024.41,-4.88,-1.46,0.13,-1.13,1.11,63.30,33.60,50.85,33.11,14.03,986.49,-25.13,385.0,-1190.0,-122.50,1,53.323,"
1784218650.4780793,"01/01/2000,04:45:11.64,-1005.86,-29.30,-4.39,0.20,0.75,-0.27,64.35,33.75,50.55,33.30,14.40,986.13,-25.74,393.75,-1225.0,-8.75,1,53.323,"
1784218650.4959843,"01/01/2000,04:45:11.66,-1015.63,-12.70,31.74,-1.26,-1.63,-0.37,63.75,33.60,50.85,33.11,14.64,985.64,-25.38,962.50,-822.50,-166.25,1,53.323,"
1784218650.5161424,"01/01/2000,04:45:11.68,-1002.44,-7.32,-31.25,0.60,0.50,-0.17,63.60,31.05,50.55,33.35,14.52,986.25,-24.28,402.50,-673.75,-113.75,1,53.323,"
1784218650.5281153,"01/01/2000,04:45:11.69,-991.70,-29.30,-12.70,-2.10,-0.01,-0.15,64.65,34.95,51.30,33.16,14.52,986.25,-23.18,-131.25,-761.25,-367.50,1,53.323,"
1784218650.5550275,"01/01/2000,04:45:11.71,-1027.83,-11.23,-64.94,0.53,2.92,-1.48,63.0,32.40,50.85,33.16,14.64,985.76,-23.06,-411.25,-752.50,-262.50,1,53.323,"
1784218650.5718853,"01/01/2000,04:45:11.73,-1019.53,-23.44,-9.77,0.89,0.73,-1.23,63.15,31.80,52.20,33.35,14.76,986.13,-24.16,-525.0,-621.25,-245.0,1,53.324,"
1784218650.5904148,"01/01/2000,04:45:11.75,-1017.09,-18.07,-32.23,1.70,0.40,1.54,62.40,33.0,50.55,33.06,14.40,987.71,-25.25,-17.50,-752.50,-210.0,1,53.323,"
1784218650.6071188,"01/01/2000,04:45:11.77,-1029.30,-15.63,50.78,-0.44,-1.31,-1.21,63.15,33.75,51.30,33.11,14.40,987.96,-25.38,210.0,-875.0,-271.25,1,53.323,"
1784218650.631644,"01/01/2000,04:45:11.79,-995.12,-14.65,-3.42,1.82,1.47,1.14,63.75,35.25,50.85,32.97,14.40,986.37,-25.13,-78.75,-1207.50,-402.50,1,53.323,"
1784218650.6520188,"01/01/2000,04:45:11.81,-1014.65,-35.64,26.37,-0.59,1.79,2.60,63.30,31.20,52.65,33.25,14.40,985.03,-25.38,253.75,-1242.50,-140.0,1,53.323,"
1784218650.6933105,"01/01/2000,04:45:11.85,-1033.69,-13.18,-16.60,-0.70,-0.67,0.03,64.05,32.85,52.35,33.35,14.88,988.08,-23.91,96.25,-831.25,-315.0,1,53.323,"
1784218650.71123,"01/01/2000,04:45:11.87,-1006.35,-23.93,-20.51,2.13,1.10,-0.21,63.30,33.60,51.15,33.11,15.37,988.44,-22.94,-560.0,-875.0,-122.50,1,53.323,"
1784218650.7278872,"01/01/2000,04:45:11.89,-1024.90,1.46,-3.42,-0.80,0.85,-1.68,63.60,32.25,50.25,33.35,15.49,986.25,-24.52,-192.50,-682.50,-288.75,1,53.323,"
1784218650.7481132,"01/01/2000,04:45:11.91,-1005.37,-5.86,-49.80,-1.0,-2.26,-0.43,65.25,33.15,50.40,33.25,14.88,984.30,-25.86,472.50,-787.50,-166.25,1,53.323,"
1784218650.782346,"01/01/2000,04:45:11.94,-991.70,-31.25,31.74,1.21,-1.08,0.76,64.35,33.45,51.0,33.44,14.64,987.47,-24.40,245.0,-883.75,-236.25,1,53.323,"
1784218650.794596,"01/01/2000,04:45:11.96,-985.84,-23.44,5.37,2.31,-0.01,-0.67,62.70,31.05,54.75,33.30,14.76,985.27,-22.69,166.25,-953.75,-148.75,1,53.323,"
1784218650.8207078,"01/01/2000,04:45:11.98,-1029.79,-4.88,-35.64,2.44,-0.76,-1.09,63.75,33.60,52.35,33.25,15.01,983.93,-22.45,323.75,-1006.25,-87.50,1,53.323,"
1784218650.837542,"01/01/2000,04:45:12.00,-1025.39,-7.81,-11.72,0.18,0.22,-2.86,64.50,33.15,51.60,33.35,14.88,985.76,-23.18,192.50,-726.25,-227.50,1,53.323,"
1784218650.858748,"01/01/2000,04:45:12.02,-1007.32,-5.37,-38.09,-1.38,2.79,-0.02,63.0,34.35,51.60,33.49,14.40,988.69,-24.77,-280.0,-831.25,-437.50,1,53.323,"
1784218650.8717325,"01/01/2000,04:45:12.04,-982.91,-3.42,-46.39,1.64,1.60,0.53,64.50,33.60,50.85,33.11,14.88,987.47,-26.23,78.75,-831.25,-245.0,1,53.323,"
1784218650.89492,"01/01/2000,04:45:12.05,-1017.09,-7.81,-22.95,1.53,1.36,-1.18,63.75,32.85,51.90,33.16,15.37,985.39,-26.35,341.25,-577.50,-280.0,1,53.323,"
1784218650.9099593,"01/01/2000,04:45:12.07,-1027.34,6.35,-4.88,-0.20,2.22,-1.22,64.05,33.60,51.60,33.16,15.62,983.81,-25.62,236.25,-595.0,-157.50,1,53.323,"
1784218650.9279742,"01/01/2000,04:45:12.09,-983.40,-25.88,-5.37,0.37,-0.08,-2.0,63.60,32.25,49.50,33.25,15.37,985.15,-23.91,-175.0,-140.0,-131.25,1,53.323,"
1784218650.9666657,"01/01/2000,04:45:12.13,-1019.04,-1.95,-6.84,-2.37,1.21,-0.82,64.05,31.65,51.90,33.25,14.64,988.44,-22.45,-735.0,-533.75,-201.25,1,53.323,"
1784218650.9821763,"01/01/2000,04:45:12.14,-1014.65,-23.44,-10.25,-1.33,1.02,1.0,64.95,34.05,51.15,33.11,14.88,987.10,-23.42,-428.75,-743.75,-218.75,1,53.323,"
1784218651.0049803,"01/01/2000,04:45:12.16,-1004.88,-12.70,39.55,1.21,-1.45,-0.58,64.65,33.0,51.30,33.06,15.13,985.39,-24.64,315.0,-411.25,-253.75,1,53.323,"
1784218651.022838,"01/01/2000,04:45:12.18,-999.51,-7.81,-10.25,-0.08,-0.14,-0.89,63.30,33.60,51.90,33.44,14.64,985.76,-24.28,122.50,-577.50,-175.0,1,53.323,"
1784218651.0387156,"01/01/2000,04:45:12.20,-972.17,7.32,-45.41,2.77,0.73,-1.73,64.95,32.85,51.15,33.25,14.52,985.15,-23.67,-87.50,-586.25,-280.0,1,53.324,"
1784218651.061269,"01/01/2000,04:45:12.22,-1036.13,-41.99,60.06,-2.12,-0.52,0.51,64.65,34.20,50.25,33.16,14.52,984.42,-23.42,-105.0,-647.50,-332.50,1,53.323,"
1784218651.0716648,"01/01/2000,04:45:12.24,-1030.27,-30.27,15.14,-0.63,-1.06,-2.52,63.90,32.55,51.0,33.16,15.01,985.03,-24.40,-26.25,-533.75,-210.0,1,53.323,"
1784218651.0949981,"01/01/2000,04:45:12.25,-1015.14,2.44,-65.43,1.63,-0.16,-0.01,63.60,31.35,50.25,33.25,15.25,986.61,-25.01,113.75,-315.0,-201.25,1,53.323,"
1784218651.1114726,"01/01/2000,04:45:12.27,-1026.37,-13.18,1.46,-1.35,1.89,0.13,63.75,33.60,51.90,33.16,15.13,987.83,-24.89,341.25,-385.0,-175.0,1,53.323,"
1784218651.1342902,"01/01/2000,04:45:12.30,-1011.72,-41.02,22.95,-1.64,-0.26,1.48,64.05,34.05,53.10,33.25,15.13,986.74,-23.91,271.25,-385.0,-253.75,1,53.323,"
1784218651.160737,"01/01/2000,04:45:12.32,-1017.58,-29.79,33.69,-0.89,-3.22,1.89,64.05,31.95,52.35,33.16,15.37,985.03,-25.25,1041.25,105.0,-201.25,1,53.323,"
1784218651.1922495,"01/01/2000,04:45:12.35,-1018.55,-15.63,-20.51,2.89,0.77,-0.68,65.40,33.0,51.75,33.25,14.15,987.71,-23.55,350.0,-1076.25,-288.75,1,53.323,"
1784218651.2157423,"01/01/2000,04:45:12.37,-992.19,-20.51,-17.09,1.57,-0.15,-1.47,65.10,33.0,52.20,33.35,14.88,987.71,-22.69,-166.25,-577.50,-166.25,1,53.323,"
1784218651.2323406,"01/01/2000,04:45:12.39,-979.98,-7.32,-20.51,0.26,-0.95,-2.02,64.65,32.25,50.25,33.35,14.76,986.25,-23.06,-218.75,-525.0,-157.50,1,53.323,"
1784218651.2487805,"01/01/2000,04:45:12.41,-1006.84,-31.25,0.98,-0.39,-1.47,1.43,65.10,33.45,51.30,33.35,14.88,985.27,-24.16,393.75,-630.0,-280.0,1,53.323,"
1784218651.2715166,"01/01/2000,04:45:12.43,-1025.39,-16.11,12.21,0.05,0.79,0.34,64.65,33.0,52.20,33.44,14.76,985.76,-23.79,507.50,-673.75,-175.0,1,53.323,"
1784218651.3048975,"01/01/2000,04:45:12.47,-1037.11,-28.32,19.53,-2.80,0.79,0.05,64.05,33.60,51.90,33.16,14.76,985.76,-22.81,-236.25,-691.25,-245.0,1,53.323,"
1784218651.3221765,"01/01/2000,04:45:12.48,-1025.39,-30.76,-11.23,-0.38,-2.05,2.46,65.25,32.40,51.15,33.11,14.88,986.13,-23.42,26.25,-446.25,-280.0,1,53.323,"
1784218651.3404129,"01/01/2000,04:45:12.50,-1019.53,-23.93,6.35,-1.19,-1.24,0.73,65.70,33.60,51.15,33.59,14.88,987.47,-23.67,-323.75,-507.50,-350.0,1,53.324,"
1784218651.3617315,"01/01/2000,04:45:12.52,-1017.09,-32.23,21.00,-0.76,-1.69,-2.21,63.30,32.85,51.60,33.44,14.88,987.22,-24.16,-332.50,-420.0,-236.25,1,53.323,"
1784218651.3790143,"01/01/2000,04:45:12.54,-1028.32,-7.81,7.32,-2.55,0.67,1.90,65.85,33.0,51.0,33.25,15.01,986.49,-24.28,-420.0,-393.75,-183.75,1,53.323,"
1784218651.3946593,"01/01/2000,04:45:12.56,-1017.58,-8.30,6.35,-2.92,0.56,-0.85,64.65,33.75,51.0,33.25,14.88,985.27,-24.89,-105.0,-350.0,-113.75,1,53.323,"
1784218651.4335215,"01/01/2000,04:45:12.59,-1008.79,-12.70,-4.88,-0.56,0.28,1.89,66.0,33.15,50.85,33.59,14.88,985.52,-25.01,691.25,-157.50,-201.25,1,53.323,"
1784218651.4509404,"01/01/2000,04:45:12.61,-1045.90,-36.62,31.74,-1.95,1.09,-0.99,63.30,31.20,53.10,33.25,14.40,985.52,-24.40,665.0,-708.75,-262.50,1,53.323,"
1784218651.4612758,"01/01/2000,04:45:12.63,-1034.18,-18.07,4.39,0.51,-0.76,-0.53,64.35,33.45,52.20,33.30,14.03,986.13,-23.55,595.0,-1015.0,-201.25,1,53.324,"
1784218651.4947186,"01/01/2000,04:45:12.65,-1026.37,-21.97,-9.28,-1.13,-1.52,-0.43,64.95,34.80,49.65,33.30,13.91,986.74,-23.42,402.50,-1067.50,-323.75,1,53.324,"
1784218651.511367,"01/01/2000,04:45:12.67,-1019.53,-6.84,5.86,-0.69,-1.08,-2.44,64.50,33.15,51.90,33.35,14.15,985.03,-24.16,752.50,-1207.50,-323.75,1,53.323,"
1784218651.5234935,"01/01/2000,04:45:12.68,-1017.58,-22.46,8.79,1.67,-2.70,-0.98,64.65,34.20,50.55,33.11,14.64,984.42,-24.03,831.25,-831.25,-271.25,1,53.323,"
1784218651.540204,"01/01/2000,04:45:12.70,-1044.43,-30.27,6.35,0.92,1.82,-0.70,64.65,34.20,50.55,33.30,14.88,985.88,-23.42,-17.50,-901.25,-148.75,1,53.323,"
1784218651.5629778,"01/01/2000,04:45:12.72,-1013.67,-36.13,-11.23,-0.62,-1.41,0.65,64.05,34.05,51.60,33.16,14.76,987.59,-23.91,236.25,-892.50,-61.25,1,53.323,"
1784218651.5799844,"01/01/2000,04:45:12.74,-1041.50,-40.53,25.39,2.95,-1.04,0.21,64.65,32.55,50.55,33.16,14.52,987.71,-24.16,647.50,-840.0,-140.0,1,53.323,"
1784218651.5946796,"01/01/2000,04:45:12.76,-1017.09,-28.81,19.53,0.29,1.14,0.23,65.25,31.95,51.15,33.49,15.01,987.83,-23.42,175.0,-673.75,-253.75,1,53.324,"
1784218651.6147687,"01/01/2000,04:45:12.77,-1009.28,-25.39,17.09,-0.20,-1.98,0.19,64.35,33.0,50.55,33.11,14.76,987.35,-23.06,157.50,-656.25,-271.25,1,53.324,"
1784218651.6444695,"01/01/2000,04:45:12.80,-1009.28,-16.60,-13.18,1.12,-0.45,-1.73,65.25,31.65,51.60,33.16,14.40,986.74,-23.55,70.0,-1041.25,-113.75,1,53.323,"
1784218651.6634934,"01/01/2000,04:45:12.82,-1019.53,-26.37,-2.93,0.56,1.88,-1.16,64.65,33.45,52.20,33.11,14.76,984.54,-24.16,988.75,-1041.25,-245.0,1,53.323,"
1784218651.7002325,"01/01/2000,04:45:12.86,-1024.41,-8.79,0.0,1.02,-2.96,0.16,64.65,33.75,50.55,33.25,14.88,984.05,-19.28,1557.50,-787.50,-70.0,1,53.323,"
1784218651.7174306,"01/01/2000,04:45:12.88,-1000.98,-21.97,-11.23,0.13,-2.70,1.66,65.70,32.40,52.35,33.16,15.13,984.78,-15.86,1295.0,-656.25,-297.50,1,53.323,"
1784218651.7280638,"01/01/2000,04:45:12.89,-1017.09,-13.67,3.42,-0.15,-2.66,1.12,64.95,34.05,51.60,33.35,15.13,987.83,-15.13,236.25,-726.25,-245.0,1,53.323,"
1784218651.756431,"01/01/2000,04:45:12.91,-993.65,-27.34,-19.53,0.12,-0.92,-2.10,64.05,32.40,51.90,32.92,15.25,987.59,-17.32,778.75,-682.50,-262.50,1,53.323,"
1784218651.7786467,"01/01/2000,04:45:12.93,-1008.30,-5.37,-27.34,0.41,-2.47,1.25,64.65,32.55,51.75,33.35,15.25,985.27,-18.42,1898.75,-411.25,-236.25,1,53.323,"
1784218651.790915,"01/01/2000,04:45:12.95,-1026.86,-20.51,24.90,0.37,-1.53,1.71,64.95,34.35,51.90,33.25,14.88,984.78,-16.10,2003.75,-341.25,-332.50,1,53.323,"
1784218651.8050857,"01/01/2000,04:45:12.97,-1021.97,-13.18,-41.99,1.38,-0.45,1.04,65.10,32.55,51.75,33.16,14.52,986.25,-12.93,1365.0,-533.75,-131.25,1,53.323,"
1784218651.8258672,"01/01/2000,04:45:12.99,-1006.84,0.0,-63.96,1.25,-0.12,1.21,65.25,33.15,51.90,33.25,14.64,987.59,-11.96,1163.75,-647.50,-131.25,1,53.323,"
1784218651.8612127,"01/01/2000,04:45:13.02,-1003.91,-21.00,1.95,-0.96,-1.82,2.44,64.50,33.60,52.65,33.35,14.88,985.88,-16.35,1496.25,-673.75,-218.75,1,53.323,"
1784218651.881453,"01/01/2000,04:45:13.04,-1026.37,-31.25,39.06,-0.15,-3.26,-1.84,64.65,33.75,52.95,33.25,14.88,985.03,-18.42,1592.50,-595.0,-201.25,1,53.323,"
1784218651.9200146,"01/01/2000,04:45:13.08,-1004.88,-62.50,-9.77,0.67,0.38,-2.15,64.65,33.45,52.20,33.16,14.64,985.39,-19.40,1662.50,-621.25,-280.0,1,53.323,"
1784218651.9594944,"01/01/2000,04:45:13.11,-1027.83,-17.09,-44.43,0.33,-1.05,-0.46,64.95,33.15,52.65,33.35,14.88,988.81,-21.47,761.25,-647.50,-288.75,1,53.323,"
1784218651.978086,"01/01/2000,04:45:13.14,-1032.23,-30.27,19.04,-1.11,-2.09,-1.27,62.55,30.45,54.15,33.25,14.76,986.25,-25.13,1356.25,-866.25,-192.50,1,53.323,"
1784218651.9922326,"01/01/2000,04:45:13.15,-1003.91,-27.34,-26.86,-0.45,0.79,0.25,64.50,33.15,52.65,33.49,14.76,985.39,-26.60,1356.25,-551.25,-315.0,1,53.323,"
1784218652.0167444,"01/01/2000,04:45:13.17,-1031.25,-34.67,-21.00,-2.37,-1.29,-0.30,64.50,33.15,51.60,33.64,14.64,986.00,-26.72,971.25,-700.0,-210.0,1,53.323,"
1784218652.0295062,"01/01/2000,04:45:13.19,-1015.63,-15.63,21.48,0.85,-1.05,-1.04,65.10,33.75,52.95,33.44,14.88,986.61,-26.84,761.25,-875.0,-210.0,1,53.324,"
1784218652.0497973,"01/01/2000,04:45:13.21,-1004.88,-13.18,-2.44,-1.73,-0.65,0.45,64.05,34.35,51.90,33.16,15.25,986.98,-27.82,761.25,-796.25,-192.50,1,53.324,"
1784218652.084452,"01/01/2000,04:45:13.24,-1008.30,-41.02,0.49,0.81,-0.28,3.0,64.50,32.85,52.35,33.30,15.01,986.00,-29.52,813.75,-735.0,-262.50,1,53.324,"
1784218652.1225932,"01/01/2000,04:45:13.28,-984.38,-15.63,-30.27,-0.08,0.90,-1.60,65.25,33.15,51.60,33.30,15.13,986.49,-29.89,630.0,-761.25,-175.0,1,53.323,"
1784218652.1567376,"01/01/2000,04:45:13.30,-1012.70,-22.46,3.42,1.31,0.02,1.27,64.65,32.25,51.30,33.35,15.37,986.37,-30.26,691.25,-796.25,-271.25,1,53.323,"
1784218652.1723325,"01/01/2000,04:45:13.33,-1004.88,-29.79,10.25,1.52,-2.29,-2.34,63.0,31.65,53.40,33.25,15.37,986.00,-30.87,761.25,-551.25,-105.0,1,53.323,"
1784218652.1901236,"01/01/2000,04:45:13.35,-1021.48,-21.97,-9.77,0.15,-1.18,0.52,65.25,32.85,51.60,33.35,14.88,986.25,-31.11,743.75,-560.0,-262.50,1,53.323,"
1784218652.2125583,"01/01/2000,04:45:13.37,-1010.25,6.84,9.77,0.56,1.15,-0.48,64.05,31.95,52.35,33.30,14.76,986.25,-31.35,516.25,-813.75,-236.25,1,53.323,"
1784218652.2297173,"01/01/2000,04:45:13.39,-1020.51,-23.93,23.93,1.03,-0.12,-0.53,65.40,33.45,51.30,33.11,14.88,986.00,-31.60,542.50,-673.75,-175.0,1,53.323,"
1784218652.2432678,"01/01/2000,04:45:13.40,-1021.97,-14.65,-34.67,0.61,-2.46,0.32,64.65,33.0,52.20,33.44,15.01,986.00,-31.96,647.50,-813.75,-192.50,1,53.323,"
1784218652.2620873,"01/01/2000,04:45:13.42,-1017.09,-36.13,47.85,-1.63,-0.43,2.40,64.35,33.75,51.0,33.35,15.13,986.13,-31.96,542.50,-630.0,-218.75,1,53.323,"
1784218652.2810788,"01/01/2000,04:45:13.44,-994.63,-21.00,25.88,0.11,-1.43,-3.82,65.70,32.85,52.35,32.92,15.01,986.00,-32.09,455.0,-551.25,-288.75,1,53.323,"
1784218652.2981095,"01/01/2000,04:45:13.46,-981.93,-28.81,0.0,-0.82,-2.70,-1.10,65.10,31.80,52.20,33.35,14.88,986.00,-32.33,525.0,-778.75,-210.0,1,53.323,"
1784218652.3187776,"01/01/2000,04:45:13.48,-1013.18,-21.97,8.30,-0.28,0.27,-0.92,64.05,33.60,51.90,33.11,14.88,985.76,-32.94,533.75,-682.50,-341.25,1,53.323,"
1784218652.338976,"01/01/2000,04:45:13.50,-1020.51,-5.86,32.23,1.21,0.63,3.96,65.10,32.25,53.25,33.35,15.13,986.00,-33.18,595.0,-700.0,-210.0,1,53.323,"
1784218652.3561385,"01/01/2000,04:45:13.51,-1011.72,-27.34,2.44,0.99,-1.43,0.26,63.75,31.95,51.60,33.35,15.25,986.13,-33.06,411.25,-490.0,-157.50,1,53.323,"
1784218652.3708043,"01/01/2000,04:45:13.53,-1019.53,-27.34,50.78,-0.64,-1.69,0.92,65.25,34.05,52.35,33.35,15.13,986.25,-32.94,385.0,-665.0,-306.25,1,53.323,"
1784218652.3999965,"01/01/2000,04:45:13.57,-1008.79,0.0,-40.04,-0.16,-0.82,-1.16,65.70,33.15,52.35,33.25,15.25,986.25,-33.55,455.0,-743.75,-192.50,1,53.323,"
1784218652.4265692,"01/01/2000,04:45:13.59,-1015.63,-9.28,-5.37,0.92,-1.69,-2.08,66.0,33.15,52.35,33.35,15.37,986.00,-33.67,420.0,-586.25,-218.75,1,53.323,"
1784218652.4433239,"01/01/2000,04:45:13.60,-1021.00,-3.91,-17.09,-0.55,0.52,-0.38,64.05,34.05,52.65,32.97,15.25,986.25,-33.67,420.0,-516.25,-411.25,1,53.323,"
1784218652.461426,"01/01/2000,04:45:13.62,-1041.50,-8.30,31.25,0.33,-1.79,1.48,65.40,33.45,52.20,33.30,15.37,986.25,-34.04,262.50,-621.25,-227.50,1,53.323,"
1784218652.482376,"01/01/2000,04:45:13.64,-1014.16,-12.70,39.55,-1.42,-0.73,-0.01,62.70,34.20,52.20,33.16,15.13,986.25,-34.28,525.0,-656.25,-306.25,1,53.323,"
1784218652.5162535,"01/01/2000,04:45:13.68,-1019.04,-22.46,46.39,0.90,0.40,-1.09,65.70,34.05,53.10,33.30,15.49,986.00,-33.92,376.25,-595.0,-271.25,1,53.324,"
1784218652.5382683,"01/01/2000,04:45:13.70,-1033.20,-21.97,14.16,-1.74,-0.60,-1.63,66.30,33.0,51.75,33.16,15.37,986.13,-33.92,201.25,-700.0,-148.75,1,53.324,"
1784218652.5569122,"01/01/2000,04:45:13.72,-985.84,12.70,-2.93,0.28,-1.74,1.82,65.10,33.45,52.50,33.25,15.25,985.76,-34.16,402.50,-708.75,-131.25,1,53.323,"
1784218652.5783765,"01/01/2000,04:45:13.73,-1011.23,-34.18,-2.44,0.14,0.08,0.08,64.50,31.95,51.15,33.11,15.13,986.13,-34.40,245.0,-638.75,-253.75,1,53.323,"
1784218652.5923822,"01/01/2000,04:45:13.75,-1029.79,-26.86,-14.16,0.22,-1.81,-0.21,65.40,33.0,51.0,33.35,15.13,986.13,-34.40,472.50,-805.0,-148.75,1,53.323,"
1784218652.601489,"01/01/2000,04:45:13.77,-1026.37,-12.70,-34.67,1.24,-0.99,1.88,65.70,33.15,51.90,33.16,15.37,986.25,-34.16,183.75,-630.0,-253.75,1,53.323,"
1784218652.629969,"01/01/2000,04:45:13.79,-1013.18,-13.18,13.67,2.53,2.24,-1.24,64.35,33.75,52.50,32.92,15.13,986.00,-34.16,385.0,-595.0,-306.25,1,53.324,"
1784218652.6461031,"01/01/2000,04:45:13.81,-1012.70,-48.34,20.51,0.53,-1.18,-0.45,66.60,33.45,54.0,33.25,14.88,986.00,-34.65,332.50,-603.75,-192.50,1,53.324,"
1784218652.6719315,"01/01/2000,04:45:13.83,-1026.37,-11.72,25.39,-0.22,-2.33,-0.79,63.0,31.95,54.60,33.35,14.88,986.00,-34.53,385.0,-752.50,-201.25,1,53.323,"
1784218652.6962795,"01/01/2000,04:45:13.85,-992.68,-17.09,1.46,-0.57,1.10,-1.79,64.35,32.25,52.50,33.16,15.25,986.13,-34.40,175.0,-726.25,-385.0,1,53.323,"
1784218652.7119195,"01/01/2000,04:45:13.87,-1011.23,-17.09,-4.88,2.02,-1.20,1.05,65.70,34.80,52.35,33.49,15.37,986.00,-34.53,280.0,-621.25,-245.0,1,53.323,"
1784218652.7269363,"01/01/2000,04:45:13.89,-1018.07,-7.81,26.86,0.60,-0.08,3.79,65.85,33.0,52.20,33.35,15.13,986.25,-34.89,323.75,-577.50,-192.50,1,53.323,"
1784218652.747204,"01/01/2000,04:45:13.91,-1037.11,-28.81,6.35,-0.14,1.66,0.79,64.05,31.20,55.05,33.25,14.64,986.13,-34.89,341.25,-726.25,-236.25,1,53.323,"
1784218652.7820005,"01/01/2000,04:45:13.94,-1017.09,-17.09,15.63,1.71,-1.76,0.23,65.70,33.60,52.35,33.44,15.13,986.25,-34.65,253.75,-665.0,-192.50,1,53.323,"
1784218652.8053873,"01/01/2000,04:45:13.96,-1029.79,-19.53,33.69,0.24,-0.21,-2.18,64.65,33.0,52.50,33.35,15.13,986.00,-34.89,367.50,-673.75,-218.75,1,53.323,"
1784218652.823923,"01/01/2000,04:45:13.98,-1007.81,-42.97,34.67,2.40,-0.33,0.73,64.05,34.05,52.65,33.16,14.88,985.88,-35.14,306.25,-665.0,-166.25,1,53.323,"
1784218652.8553927,"01/01/2000,04:45:14.02,-1019.53,-30.27,29.79,-0.80,1.53,0.98,65.70,34.05,53.10,33.49,14.76,986.00,-35.14,210.0,-691.25,-236.25,1,53.323,"
1784218652.8935277,"01/01/2000,04:45:14.05,-1022.46,-19.04,-1.95,-0.43,-0.50,2.06,65.25,33.60,53.10,33.44,14.88,985.76,-35.26,262.50,-647.50,-245.0,1,53.323,"
1784218652.9256396,"01/01/2000,04:45:14.09,-1022.95,-27.83,56.15,-2.47,1.71,-0.93,65.70,33.15,51.15,33.11,14.64,986.49,-35.38,358.75,-682.50,-271.25,1,53.324,"
1784218652.949386,"01/01/2000,04:45:14.11,-985.35,9.28,-31.25,1.68,2.08,-0.27,65.85,32.25,52.20,32.97,14.88,986.25,-35.14,227.50,-682.50,-245.0,1,53.324,"
1784218652.9668026,"01/01/2000,04:45:14.13,-1021.00,-4.39,7.32,0.27,-1.69,-1.31,65.85,32.25,52.20,33.44,15.01,986.00,-35.14,166.25,-717.50,-78.75,1,53.324,"
1784218652.9828718,"01/01/2000,04:45:14.14,-1015.63,-16.11,34.18,-1.37,0.57,0.92,65.10,33.45,51.30,33.35,15.13,986.00,-35.14,218.75,-665.0,-218.75,1,53.324,"
1784218652.994714,"01/01/2000,04:45:14.16,-1029.30,-21.97,20.02,-1.21,-0.66,-0.32,65.10,33.75,52.95,33.16,14.88,986.13,-35.38,367.50,-647.50,-271.25,1,53.323,"
1784218653.0225966,"01/01/2000,04:45:14.18,-1014.16,-23.44,13.67,0.03,1.56,-0.11,64.35,32.55,52.20,33.35,14.76,986.25,-35.38,341.25,-665.0,-148.75,1,53.323,"
1784218653.0387204,"01/01/2000,04:45:14.20,-985.84,-17.58,0.0,1.74,1.73,-0.02,64.35,33.0,51.75,33.35,14.88,986.25,-35.26,245.0,-612.50,-210.0,1,53.324,"
1784218653.0561576,"01/01/2000,04:45:14.22,-1018.55,-36.62,35.16,-0.02,0.15,-0.63,64.35,33.0,51.75,33.35,14.64,986.00,-35.38,297.50,-717.50,-192.50,1,53.324,"
1784218653.0718155,"01/01/2000,04:45:14.24,-1011.23,-29.30,-20.51,-0.50,1.07,0.82,65.25,34.05,53.10,33.44,14.88,986.25,-35.62,315.0,-577.50,-245.0,1,53.324,"
1784218653.0951226,"01/01/2000,04:45:14.26,-1006.35,-34.67,1.46,2.05,1.89,0.76,63.30,36.0,51.90,33.16,14.88,986.00,-35.50,332.50,-595.0,-218.75,1,53.324,"
1784218653.1279776,"01/01/2000,04:45:14.29,-1011.72,-21.97,26.86,0.37,-0.90,0.14,65.40,33.0,53.25,33.11,14.64,986.25,-35.14,236.25,-778.75,-175.0,1,53.324,"
1784218653.1550708,"01/01/2000,04:45:14.31,-982.42,-15.14,3.91,0.32,-0.79,-0.78,64.95,31.95,52.35,33.11,14.88,986.25,-35.62,253.75,-595.0,-227.50,1,53.323,"
1784218653.1668983,"01/01/2000,04:45:14.33,-1002.44,1.46,-10.74,1.34,0.86,-0.78,64.95,31.95,52.35,33.11,14.64,986.25,-35.75,271.25,-735.0,-236.25,1,53.324,"
1784218653.192197,"01/01/2000,04:45:14.35,-1051.76,-16.11,-7.32,-2.45,2.41,-2.14,64.05,30.45,55.80,33.11,15.01,986.37,-35.62,306.25,-612.50,-218.75,1,53.323,"
1784218653.2338662,"01/01/2000,04:45:14.39,-1013.67,-26.86,18.55,0.21,-1.19,2.81,63.90,32.25,54.0,33.16,14.88,986.13,-35.50,341.25,-542.50,-201.25,1,53.323,"
1784218653.2687907,"01/01/2000,04:45:14.43,-1033.69,-10.25,-15.14,0.26,-1.37,-0.83,65.10,32.55,53.25,33.25,14.88,986.25,-35.87,236.25,-665.0,-376.25,1,53.324,"
1784218653.30638,"01/01/2000,04:45:14.47,-1029.30,-28.81,45.41,1.49,0.44,0.63,63.60,33.0,52.95,33.25,14.88,986.25,-35.62,96.25,-708.75,-315.0,1,53.323,"
1784218653.3235111,"01/01/2000,04:45:14.48,-997.56,-36.62,38.57,2.30,-1.08,0.44,64.35,32.25,52.95,33.25,14.88,986.25,-35.75,236.25,-603.75,-236.25,1,53.323,"
1784218653.3385293,"01/01/2000,04:45:14.50,-1018.55,-14.65,-0.98,-1.23,0.77,0.50,66.30,32.25,51.30,33.35,14.64,986.25,-35.99,332.50,-656.25,-210.0,1,53.323,"
1784218653.362078,"01/01/2000,04:45:14.52,-993.65,-23.44,21.97,0.22,2.51,-1.99,64.65,33.45,52.20,33.16,14.64,986.49,-35.87,227.50,-752.50,-201.25,1,53.323,"
1784218653.3786676,"01/01/2000,04:45:14.54,-1041.02,-20.02,17.58,0.08,-1.53,0.98,63.90,32.25,54.0,33.49,15.01,986.37,-35.75,262.50,-665.0,-245.0,1,53.324,"
1784218653.3951237,"01/01/2000,04:45:14.56,-1030.76,-1.46,4.88,0.24,-1.15,-2.78,63.60,33.0,54.45,33.25,14.88,986.13,-35.99,253.75,-586.25,-236.25,1,53.324,"
1784218653.4238183,"01/01/2000,04:45:14.57,-1028.32,-19.04,41.02,-0.13,-2.0,1.72,64.50,34.35,51.60,33.25,14.88,986.00,-36.48,192.50,-691.25,-236.25,1,53.324,"
1784218653.4344594,"01/01/2000,04:45:14.59,-1020.02,-4.88,0.98,1.16,-0.31,-1.87,65.70,32.85,52.35,33.35,14.64,986.13,-36.36,166.25,-498.75,-236.25,1,53.324,"
1784218653.452629,"01/01/2000,04:45:14.61,-1012.70,-12.70,51.76,-0.40,-0.05,1.02,65.25,33.15,53.85,33.35,14.88,986.13,-36.11,183.75,-717.50,-271.25,1,53.323,"
1784218653.4612494,"01/01/2000,04:45:14.63,-1019.53,-26.86,17.09,-0.82,-2.69,0.33,63.60,33.75,52.20,33.44,15.13,986.00,-35.99,183.75,-665.0,-210.0,1,53.324,"
1784218653.49664,"01/01/2000,04:45:14.65,-987.79,0.49,-3.42,0.47,-0.54,-2.87,64.65,34.20,53.25,33.25,15.01,985.88,-36.11,280.0,-647.50,-253.75,1,53.324,"
1784218653.5121164,"01/01/2000,04:45:14.67,-1043.46,-11.23,-7.32,0.73,-1.40,-1.21,64.50,30.75,52.35,33.49,14.88,985.76,-36.36,411.25,-656.25,-183.75,1,53.324,"
1784218653.5382154,"01/01/2000,04:45:14.70,-1017.58,-28.81,9.28,-0.37,0.69,1.91,64.50,33.60,51.60,33.11,15.01,986.25,-36.36,210.0,-717.50,-271.25,1,53.324,"
1784218653.5801342,"01/01/2000,04:45:14.74,-1018.07,-50.78,44.92,-2.72,0.59,-2.47,64.65,32.55,52.20,33.30,14.88,986.13,-36.60,175.0,-682.50,-271.25,1,53.324,"
1784218653.5947714,"01/01/2000,04:45:14.76,-1019.53,-31.74,27.83,-2.56,-1.35,0.35,65.25,32.40,51.60,33.11,14.88,986.13,-36.36,358.75,-621.25,-218.75,1,53.324,"
1784218653.6147466,"01/01/2000,04:45:14.78,-1022.95,-8.30,10.74,-0.75,0.26,0.66,64.95,33.15,53.10,33.35,14.76,986.37,-36.11,227.50,-630.0,-227.50,1,53.324,"
1784218653.6362524,"01/01/2000,04:45:14.80,-1008.30,-28.32,65.92,1.15,1.92,1.48,66.0,33.60,51.60,33.35,14.76,986.49,-35.99,253.75,-700.0,-332.50,1,53.324,"
1784218653.6530635,"01/01/2000,04:45:14.81,-971.68,3.91,-57.62,1.73,2.02,0.47,63.15,33.75,54.0,33.35,14.88,986.00,-36.11,315.0,-752.50,-323.75,1,53.324,"
1784218653.661269,"01/01/2000,04:45:14.83,-1056.64,-51.76,28.32,0.06,1.44,-0.35,64.95,32.40,52.35,33.16,15.13,986.13,-36.36,175.0,-621.25,-175.0,1,53.324,"
1784218653.6966112,"01/01/2000,04:45:14.85,-1025.88,-29.30,62.50,-0.10,1.24,-0.63,65.10,32.55,52.50,33.30,14.88,986.13,-36.36,157.50,-568.75,-323.75,1,53.324,"
1784218653.716949,"01/01/2000,04:45:14.88,-1017.58,-1.46,-24.90,1.56,-0.02,-0.16,64.65,34.20,51.75,33.44,14.88,986.25,-36.11,87.50,-630.0,-192.50,1,53.324,"
1784218653.7292542,"01/01/2000,04:45:14.90,-1013.18,-41.50,-3.42,-0.55,0.60,1.79,64.95,33.60,53.10,33.11,14.88,986.00,-36.11,262.50,-691.25,-271.25,1,53.324,"
1784218653.7542477,"01/01/2000,04:45:14.91,-1019.53,-20.51,28.81,0.88,-1.04,-0.11,63.90,32.55,53.70,33.35,15.13,985.88,-36.60,262.50,-717.50,-245.0,1,53.323,"
1784218653.7795026,"01/01/2000,04:45:14.93,-1006.84,-33.20,6.35,-0.66,-3.66,0.24,65.25,34.80,52.65,33.16,14.88,986.00,-36.60,183.75,-682.50,-227.50,1,53.323,"
1784218653.7946162,"01/01/2000,04:45:14.95,-1023.44,-16.11,2.44,-0.01,0.43,-1.15,63.90,33.75,53.70,33.16,14.88,986.25,-36.36,288.75,-665.0,-183.75,1,53.323,"
1784218653.8048873,"01/01/2000,04:45:14.97,-1005.86,-39.55,39.55,-1.73,1.09,-2.07,66.30,33.75,51.0,33.25,14.88,986.00,-36.23,271.25,-665.0,-288.75,1,53.324,"
1784218653.8254366,"01/01/2000,04:45:14.99,-1005.86,-11.72,5.86,0.34,-0.18,1.08,64.65,33.0,53.25,33.16,14.76,985.88,-36.48,175.0,-630.0,-262.50,1,53.324,"
1784218653.8447824,"01/01/2000,04:45:15.01,-1017.58,-15.14,18.07,0.98,-1.29,1.04,64.35,33.0,51.75,33.35,15.01,986.00,-36.72,358.75,-656.25,-227.50,1,53.324,"
1784218653.861773,"01/01/2000,04:45:15.02,-1049.80,-42.48,18.07,1.06,-0.18,-1.95,63.60,33.75,51.75,33.16,15.01,986.25,-36.48,245.0,-621.25,-175.0,1,53.324,"
1784218653.897275,"01/01/2000,04:45:15.06,-1008.79,-31.25,8.79,1.38,0.02,-0.04,64.95,33.60,51.60,33.11,15.13,986.25,-36.36,183.75,-612.50,-236.25,1,53.324,"
1784218653.9188488,"01/01/2000,04:45:15.08,-1017.58,-7.81,59.08,0.87,0.20,0.96,65.70,34.80,50.40,33.35,14.88,986.13,-36.60,201.25,-752.50,-306.25,1,53.324,"
1784218653.9285,"01/01/2000,04:45:15.10,-1010.74,-15.14,-23.44,-0.92,1.46,1.46,64.35,33.0,53.70,33.35,15.01,986.25,-36.48,236.25,-638.75,-210.0,1,53.324,"
1784218653.9530613,"01/01/2000,04:45:15.11,-1011.72,-44.92,-8.30,0.50,-2.04,-1.69,62.70,33.0,52.95,33.44,15.25,985.15,-35.14,1058.75,-481.25,-87.50,1,53.324,"
1784218653.9703076,"01/01/2000,04:45:15.13,-978.52,-12.21,-25.39,1.68,-1.13,1.04,65.85,33.0,53.25,33.35,15.37,986.25,-33.18,560.0,-428.75,-262.50,1,53.324,"
1784218653.9947088,"01/01/2000,04:45:15.15,-1005.86,-9.28,-7.32,0.55,-2.19,0.85,65.25,31.20,53.10,33.35,15.37,983.81,-32.45,1461.25,-455.0,-192.50,1,53.324,"
1784218654.0115955,"01/01/2000,04:45:15.17,-1023.44,-13.67,27.34,0.35,-0.11,0.40,65.70,32.40,53.10,33.16,15.01,983.32,-31.96,2213.75,-481.25,-183.75,1,53.324,"
1784218654.0285342,"01/01/2000,04:45:15.19,-1054.69,-30.27,22.46,0.18,-3.01,-0.36,66.0,34.05,51.90,32.97,14.88,985.52,-30.50,1977.50,-665.0,-78.75,1,53.324,"
1784218654.0495858,"01/01/2000,04:45:15.21,-1014.65,-6.84,44.92,-1.76,-3.57,1.24,64.05,33.15,53.10,33.49,14.88,985.64,-29.77,2660.0,-586.25,-236.25,1,53.323,"
1784218654.0714006,"01/01/2000,04:45:15.23,-1026.37,-27.34,22.46,-0.74,-5.76,-0.05,64.65,33.0,52.20,33.35,15.13,984.66,-29.40,3325.0,-673.75,-157.50,1,53.324,"
1784218654.1022363,"01/01/2000,04:45:15.26,-1026.86,-21.48,-0.98,-1.08,-4.74,1.51,64.65,32.25,52.50,33.06,15.25,984.78,-26.60,3500.0,-525.0,-227.50,1,53.324,"
1784218654.122844,"01/01/2000,04:45:15.28,-1021.00,-29.30,88.87,1.69,-2.88,0.31,65.40,33.75,53.70,33.11,14.64,985.52,-28.67,3508.75,-901.25,-210.0,1,53.324,"
1784218654.133169,"01/01/2000,04:45:15.30,-997.07,-38.09,41.99,1.47,-4.21,0.85,65.25,31.95,54.60,33.11,14.52,985.52,-31.48,3517.50,-1023.75,-210.0,1,53.324,"
1784218654.1608388,"01/01/2000,04:45:15.32,-1011.23,0.49,26.37,1.61,-2.47,-0.10,64.95,33.15,52.65,33.49,14.64,985.52,-32.94,3062.50,-1015.0,-201.25,1,53.324,"
1784218654.177776,"01/01/2000,04:45:15.34,-984.38,-25.88,31.74,4.69,-0.74,1.46,64.65,33.75,52.20,32.97,14.52,985.15,-32.21,2283.75,-1452.50,35.0,1,53.324,"
1784218654.2004058,"01/01/2000,04:45:15.36,-1029.79,-21.00,42.97,0.99,-1.88,0.32,63.30,31.20,53.85,33.30,15.13,988.08,-33.92,1837.50,-1251.25,-148.75,1,53.323,"
1784218654.2275107,"01/01/2000,04:45:15.38,-1023.93,-5.37,35.64,0.21,-1.51,0.29,65.85,33.0,52.20,33.35,15.25,989.30,-36.84,2152.50,-1452.50,-17.50,1,53.323,"
1784218654.2433596,"01/01/2000,04:45:15.40,-1003.42,-14.16,15.63,1.37,-1.60,1.20,65.85,33.0,52.20,33.11,14.88,987.59,-37.21,1662.50,-1592.50,-271.25,1,53.323,"
1784218654.2610402,"01/01/2000,04:45:15.42,-1001.46,-24.90,-15.14,1.63,1.45,-4.24,62.55,31.95,54.15,33.35,14.88,984.78,-39.04,1338.75,-1916.25,-78.75,1,53.323,"
1784218654.2790499,"01/01/2000,04:45:15.44,-1030.27,-7.81,75.68,2.56,-1.78,2.24,64.05,33.15,52.35,33.25,14.40,984.66,-42.46,1557.50,-1995.0,-157.50,1,53.324,"
1784218654.2962625,"01/01/2000,04:45:15.46,-1029.30,-29.79,78.13,2.73,-3.40,-0.12,65.40,33.0,53.70,33.16,14.15,986.61,-43.92,1400.0,-2432.50,-26.25,1,53.324,"
1784218654.3128555,"01/01/2000,04:45:15.47,-1027.83,-14.16,0.0,0.43,-0.98,0.87,65.10,34.20,52.50,33.25,14.27,988.69,-43.55,796.25,-2388.75,-192.50,1,53.324,"
1784218654.3326535,"01/01/2000,04:45:15.49,-1019.04,-5.37,14.16,2.79,-1.31,0.54,65.40,32.55,53.25,33.35,14.40,988.44,-44.16,420.0,-2887.50,-105.0,1,53.324,"
1784218654.3686025,"01/01/2000,04:45:15.53,-1029.79,0.0,-47.85,1.66,-0.40,-2.43,64.35,31.35,51.0,33.35,16.84,987.22,-45.99,253.75,-770.0,-175.0,1,53.324,"
1784218654.3900054,"01/01/2000,04:45:15.55,-1029.79,-22.46,-13.18,0.15,-1.43,-0.37,64.50,32.40,52.65,33.35,16.96,987.22,-46.85,288.75,-78.75,-262.50,1,53.324,"
1784218654.4002655,"01/01/2000,04:45:15.57,-1015.63,-12.70,2.44,1.09,-1.11,0.40,64.05,32.85,51.90,33.30,16.35,988.08,-48.56,428.75,-210.0,-271.25,1,53.324,"
1784218654.4265645,"01/01/2000,04:45:15.58,-1002.44,-1.95,16.60,0.63,-0.90,-1.30,64.35,33.45,53.25,33.11,16.96,987.59,-47.58,-26.25,210.0,-201.25,1,53.324,"
1784218654.4429922,"01/01/2000,04:45:15.60,-990.72,-14.16,10.25,0.23,-0.27,1.09,64.05,32.40,51.60,33.30,16.35,984.78,-47.21,87.50,306.25,-306.25,1,53.324,"
1784218654.4615667,"01/01/2000,04:45:15.62,-1026.37,-19.53,64.94,0.33,1.82,1.68,65.25,33.15,53.85,32.97,15.13,983.56,-49.29,-113.75,-953.75,-306.25,1,53.324,"
1784218654.478884,"01/01/2000,04:45:15.64,-1024.90,-22.46,21.97,1.24,-0.82,1.08,64.65,33.0,52.95,33.35,15.37,983.81,-51.97,35.0,-691.25,-253.75,1,53.324,"
1784218654.4972942,"01/01/2000,04:45:15.66,-1016.11,-27.34,-13.18,-0.80,-0.27,-0.42,64.50,32.85,52.65,33.30,15.37,983.08,-53.19,1023.75,-297.50,-315.0,1,53.324,"
1784218654.512949,"01/01/2000,04:45:15.67,-1003.42,-43.46,20.02,0.08,-0.26,-1.53,65.25,33.15,53.85,33.16,15.74,986.00,-48.68,157.50,-35.0,-306.25,1,53.324,"
1784218654.5389383,"01/01/2000,04:45:15.70,-1024.41,-20.51,50.78,-2.05,-1.25,-0.67,64.95,33.60,51.90,33.25,15.62,987.35,-47.46,35.0,-332.50,-297.50,1,53.324,"
1784218654.5579667,"01/01/2000,04:45:15.71,-1014.16,-19.53,19.53,0.53,-0.34,-0.03,63.90,35.40,51.75,33.35,15.37,987.83,-49.04,70.0,-743.75,-218.75,1,53.324,"
1784218654.5714421,"01/01/2000,04:45:15.73,-989.26,-21.48,-45.90,0.34,-0.23,-0.66,65.40,33.45,52.20,33.30,15.37,987.22,-50.26,26.25,-778.75,-105.0,1,53.324,"
1784218654.5947263,"01/01/2000,04:45:15.75,-1012.21,-30.76,20.02,0.52,1.95,1.19,65.85,33.45,51.75,33.44,14.88,984.78,-50.75,201.25,-700.0,-253.75,1,53.324,"
1784218654.6053045,"01/01/2000,04:45:15.77,-1017.09,-20.02,9.28,1.31,-0.56,0.92,64.35,31.80,53.70,33.11,15.25,985.15,-50.75,-61.25,-420.0,-253.75,1,53.324,"
1784218654.6251838,"01/01/2000,04:45:15.79,-1039.55,-12.21,19.53,-0.95,-1.46,0.92,65.40,33.45,52.95,33.11,15.62,985.76,-51.48,87.50,-227.50,-280.0,1,53.324,"
1784218654.6452878,"01/01/2000,04:45:15.80,-1023.93,-3.42,6.84,1.60,-0.08,2.09,64.05,32.85,51.90,33.25,16.10,985.76,-51.48,218.75,-113.75,-253.75,1,53.324,"
1784218654.6612718,"01/01/2000,04:45:15.82,-1018.55,-15.63,-13.18,1.42,2.63,-2.02,64.05,32.85,51.90,33.30,15.98,984.78,-49.78,52.50,-253.75,-113.75,1,53.324,"
1784218654.6813068,"01/01/2000,04:45:15.84,-1006.35,-9.77,24.41,0.92,0.32,-0.28,63.30,32.85,52.35,33.30,14.88,985.27,-49.17,210.0,-682.50,-201.25,1,53.324,"
1784218654.6985536,"01/01/2000,04:45:15.86,-1023.44,-22.46,46.39,0.12,-2.37,-2.27,65.25,32.85,53.10,33.16,14.40,986.25,-49.53,201.25,-857.50,-262.50,1,53.324,"
1784218654.725303,"01/01/2000,04:45:15.88,-1029.30,-15.63,0.98,-0.99,2.01,-0.16,65.10,32.25,53.25,33.16,15.25,986.13,-50.51,105.0,-848.75,-192.50,1,53.324,"
1784218654.746055,"01/01/2000,04:45:15.91,-1013.18,-12.70,-10.74,2.11,0.05,0.06,63.90,31.35,54.0,33.30,15.74,984.54,-50.39,332.50,-393.75,-297.50,1,53.324,"
1784218654.7628443,"01/01/2000,04:45:15.92,-1026.86,-16.11,-67.38,0.36,-0.20,-2.79,65.25,33.15,53.10,33.35,15.74,984.54,-50.51,131.25,-350.0,-140.0,1,53.324,"
1784218654.7800758,"01/01/2000,04:45:15.94,-1017.58,-14.65,46.39,0.24,1.05,-1.63,63.60,34.20,53.25,33.11,15.37,985.52,-51.00,131.25,-175.0,-332.50,1,53.324,"
1784218654.8049703,"01/01/2000,04:45:15.96,-1009.28,-21.48,26.86,-0.44,0.71,0.25,65.10,33.0,53.25,33.30,15.37,986.25,-50.87,8.75,-43.75,-306.25,1,53.324,"
1784218654.817934,"01/01/2000,04:45:15.98,-1020.51,-22.46,-25.88,3.21,-1.40,-2.09,64.65,33.0,52.20,33.35,15.74,984.78,-51.00,280.0,-43.75,-280.0,1,53.324,"
1784218654.85276,"01/01/2000,04:45:16.01,-1012.21,-25.39,30.27,0.34,1.59,-0.91,63.30,32.85,52.65,33.49,15.13,987.47,-48.68,-113.75,-411.25,-236.25,1,53.324,"
1784218654.8617482,"01/01/2000,04:45:16.03,-1021.97,-41.99,125.0,-0.33,-1.67,0.60,64.65,33.0,52.95,33.11,14.88,987.96,-49.17,262.50,-183.75,-210.0,1,53.324,"
1784218654.8975239,"01/01/2000,04:45:16.05,-998.05,-9.77,-34.67,-0.58,3.73,1.21,65.25,31.65,51.90,33.16,15.01,985.76,-49.53,-105.0,-455.0,-227.50,1,53.324,"
1784218654.9119189,"01/01/2000,04:45:16.07,-1000.49,-45.41,46.39,-0.37,1.16,-3.66,64.95,32.40,52.65,33.25,15.25,983.08,-50.51,245.0,-665.0,-175.0,1,53.324,"
1784218654.9337618,"01/01/2000,04:45:16.09,-1015.14,-26.37,22.46,0.24,0.75,-1.08,65.40,33.0,52.95,33.11,15.25,983.32,-50.75,577.50,-385.0,-271.25,1,53.324,"
1784218654.9463787,"01/01/2000,04:45:16.11,-1037.11,-21.48,15.63,-3.39,-0.39,-0.96,65.85,31.80,54.0,33.25,15.13,985.52,-50.39,140.0,-577.50,-183.75,1,53.324,"
1784218654.9641874,"01/01/2000,04:45:16.12,-982.91,-23.44,93.26,-0.16,-2.13,-0.56,64.95,32.40,52.65,33.16,15.01,985.39,-51.24,376.25,-507.50,-236.25,1,53.324,"
1784218654.9796994,"01/01/2000,04:45:16.14,-1006.35,-42.97,10.74,-0.11,0.24,-0.11,64.35,32.55,52.95,33.16,15.25,984.78,-51.73,288.75,-560.0,-210.0,1,53.324,"
1784218654.9950793,"01/01/2000,04:45:16.16,-1005.86,-31.25,57.13,-0.83,0.80,-0.15,63.30,32.85,52.65,33.25,15.62,984.54,-51.24,323.75,-341.25,-210.0,1,53.324,"
1784218655.0221024,"01/01/2000,04:45:16.18,-1000.0,-31.74,65.43,1.19,0.89,0.66,63.75,33.60,52.35,33.35,15.13,985.15,-50.26,472.50,-630.0,-288.75,1,53.324,"
1784218655.0542295,"01/01/2000,04:45:16.21,-1001.46,-46.39,142.09,1.02,0.11,-1.91,64.65,31.80,51.75,33.11,15.01,986.13,-51.24,148.75,-673.75,-350.0,1,53.324,"
1784218655.071744,"01/01/2000,04:45:16.23,-1030.76,-10.25,-1.46,0.11,-0.69,1.76,64.50,33.60,53.10,33.49,15.62,985.03,-52.34,315.0,-630.0,-183.75,1,53.324,"
1784218655.092768,"01/01/2000,04:45:16.25,-992.19,-26.86,4.39,0.54,-3.21,0.21,62.40,28.95,54.0,33.16,15.49,985.03,-51.73,271.25,-472.50,-323.75,1,53.324,"
1784218655.1112783,"01/01/2000,04:45:16.27,-1005.37,-14.16,-45.41,-0.66,0.63,1.15,63.30,32.85,52.65,32.92,15.25,986.49,-51.48,52.50,-612.50,-175.0,1,53.324,"
1784218655.1251423,"01/01/2000,04:45:16.29,-1006.35,-7.32,-15.63,0.92,-1.47,-3.89,63.75,32.40,53.10,33.25,15.37,986.00,-51.48,210.0,-498.75,-236.25,1,53.324,"
1784218655.165409,"01/01/2000,04:45:16.33,-1006.84,-2.93,-19.53,-0.92,1.63,-3.05,64.65,31.80,52.95,33.44,15.86,983.93,-49.41,271.25,-70.0,-218.75,1,53.324,"
1784218655.1827598,"01/01/2000,04:45:16.34,-1025.88,-21.48,53.22,2.19,-1.68,-1.79,62.70,33.0,52.95,33.11,15.37,984.54,-49.29,376.25,-140.0,-393.75,1,53.324,"
1784218655.1947086,"01/01/2000,04:45:16.36,-995.61,-20.02,59.08,-0.03,-0.02,1.34,64.65,33.75,52.20,33.25,14.76,987.22,-48.56,-43.75,-603.75,-262.50,1,53.324,"
1784218655.223247,"01/01/2000,04:45:16.38,-1007.32,-9.77,60.06,1.77,2.07,0.17,63.30,32.85,51.60,33.16,14.88,986.49,-51.00,-87.50,-656.25,-376.25,1,53.324,"
1784218655.266547,"01/01/2000,04:45:16.43,-1017.09,-12.70,52.73,-1.27,-1.44,0.03,65.85,34.20,52.50,33.25,14.88,983.08,-52.70,140.0,-638.75,-507.50,1,53.324,"
1784218655.2859695,"01/01/2000,04:45:16.44,-1015.63,-10.74,-9.77,0.67,1.69,-0.29,63.30,32.85,52.35,33.30,14.64,984.30,-51.48,192.50,-1058.75,-227.50,1,53.324,"
1784218655.3221545,"01/01/2000,04:45:16.48,-1021.00,-26.37,51.76,-1.0,0.12,-0.56,64.05,32.85,52.65,33.06,15.25,986.86,-50.51,271.25,-1067.50,-148.75,1,53.324,"
1784218655.3332543,"01/01/2000,04:45:16.50,-1017.09,-2.44,-34.18,0.53,1.35,0.94,63.60,33.0,51.30,33.49,15.37,986.49,-50.14,201.25,-918.75,-192.50,1,53.324,"
1784218655.356996,"01/01/2000,04:45:16.52,-1003.91,0.98,3.42,2.02,-0.24,-0.96,63.75,31.20,52.65,33.16,14.88,986.61,-50.02,358.75,-971.25,-131.25,1,53.324,"
1784218655.3786328,"01/01/2000,04:45:16.54,-1030.27,-20.02,-0.49,0.93,-0.34,0.43,64.95,31.95,51.90,33.44,14.64,987.35,-49.65,-43.75,-1041.25,-245.0,1,53.324,"
1784218655.4120162,"01/01/2000,04:45:16.57,-994.14,-23.93,11.72,0.80,-1.84,-0.11,64.65,32.55,52.20,33.25,15.37,983.81,-52.46,367.50,-805.0,-175.0,1,53.324,"
1784218655.433524,"01/01/2000,04:45:16.59,-1023.44,-31.25,59.08,0.69,-2.30,-1.71,65.40,32.25,53.70,33.16,15.25,983.08,-51.48,420.0,-866.25,-227.50,1,53.324,"
1784218655.448652,"01/01/2000,04:45:16.61,-1039.55,0.98,-0.98,0.44,-0.98,0.73,65.10,32.25,52.95,33.35,14.88,983.81,-50.87,140.0,-910.0,-166.25,1,53.324,"
1784218655.4619715,"01/01/2000,04:45:16.63,-1022.46,-23.44,-10.25,0.58,0.24,-0.02,63.90,33.75,53.25,33.35,14.76,985.64,-50.75,157.50,-945.0,-236.25,1,53.324,"
1784218655.5059695,"01/01/2000,04:45:16.67,-1004.39,-9.28,11.72,0.69,0.85,1.66,63.60,32.55,53.70,33.35,15.62,986.13,-50.75,148.75,-498.75,-227.50,1,53.324,"
1784218655.525156,"01/01/2000,04:45:16.68,-1028.81,-3.91,6.84,-0.27,-0.32,1.31,64.35,32.25,52.20,33.16,15.49,985.27,-50.39,61.25,-717.50,-192.50,1,53.324,"
1784218655.5412421,"01/01/2000,04:45:16.70,-1013.67,-35.64,97.17,-0.21,0.67,2.63,62.70,33.0,51.75,33.35,15.25,984.78,-50.75,306.25,-822.50,-253.75,1,53.324,"
1784218655.5575984,"01/01/2000,04:45:16.72,-1041.50,-23.93,20.02,1.10,1.79,0.08,63.0,31.65,53.85,33.06,15.37,985.52,-50.75,253.75,-446.25,-428.75,1,53.324,"
1784218655.5797625,"01/01/2000,04:45:16.74,-1042.48,-31.25,-6.35,1.41,-1.84,-1.22,64.65,31.80,52.50,33.30,15.62,986.49,-51.12,8.75,-411.25,-105.0,1,53.324,"
1784218655.595175,"01/01/2000,04:45:16.76,-1036.62,-30.76,12.21,2.11,-1.71,-0.85,62.70,34.65,52.95,33.44,15.62,985.76,-51.73,201.25,-708.75,-358.75,1,53.324,"
1784218655.6139135,"01/01/2000,04:45:16.77,-1021.00,-32.23,-8.79,-3.17,2.39,-0.24,64.35,34.20,52.20,33.35,15.62,985.03,-51.85,166.25,-708.75,-148.75,1,53.324,"
1784218655.6352735,"01/01/2000,04:45:16.80,-1012.70,-14.65,-50.78,1.38,-0.68,-1.34,62.70,33.0,52.20,33.44,15.13,984.91,-51.97,157.50,-717.50,-306.25,1,53.324,"
1784218655.652285,"01/01/2000,04:45:16.81,-1010.25,-22.46,79.59,-1.69,-0.98,-0.82,61.95,32.25,52.20,33.35,15.01,985.64,-52.34,376.25,-770.0,-157.50,1,53.324,"
1784218655.6620238,"01/01/2000,04:45:16.83,-1041.02,-13.18,-10.74,0.06,1.34,1.14,63.90,33.0,53.70,33.35,15.25,987.10,-51.00,227.50,-542.50,-245.0,1,53.324,"
1784218655.6869674,"01/01/2000,04:45:16.85,-996.09,-16.60,-33.20,2.27,-0.53,-0.99,63.0,32.85,53.40,33.35,15.01,987.22,-49.65,8.75,-1207.50,-192.50,1,53.324,"
1784218655.7120574,"01/01/2000,04:45:16.87,-978.52,-36.13,22.46,0.59,0.36,0.73,63.15,31.05,52.95,33.35,15.13,985.15,-49.41,-201.25,-743.75,-201.25,1,53.324,"
1784218655.725375,"01/01/2000,04:45:16.89,-1019.04,-7.32,-20.02,0.18,-0.13,-1.22,62.70,32.55,52.50,33.11,15.62,983.69,-50.51,350.0,-70.0,-350.0,1,53.324,"
1784218655.7382438,"01/01/2000,04:45:16.90,-1034.18,-42.48,21.00,1.01,1.34,0.40,64.05,31.20,52.35,33.11,14.88,985.27,-50.51,35.0,-498.75,-227.50,1,53.324,"
1784218655.789094,"01/01/2000,04:45:16.95,-1013.18,-33.20,17.09,-0.72,0.96,1.01,63.0,31.95,51.90,33.16,14.88,984.30,-52.46,210.0,-647.50,-201.25,1,53.324,"
1784218655.800507,"01/01/2000,04:45:16.97,-1033.69,-17.58,75.20,-0.90,-2.11,-0.69,62.70,33.0,51.75,33.25,15.13,984.42,-53.44,8.75,-708.75,-271.25,1,53.324,"
1784218655.8237374,"01/01/2000,04:45:16.98,-1016.11,-27.34,-39.06,0.45,-0.14,-0.51,62.70,33.0,51.75,33.11,15.13,983.81,-53.44,490.0,-201.25,-288.75,1,53.324,"
1784218655.8429573,"01/01/2000,04:45:17.00,-1014.16,-13.67,18.07,2.15,-0.36,2.38,63.30,31.65,52.65,33.35,15.01,984.42,-51.97,402.50,-568.75,-227.50,1,53.324,"
1784218655.8618996,"01/01/2000,04:45:17.02,-1012.21,-53.22,59.08,-1.35,0.48,0.60,64.35,31.35,53.25,33.25,14.52,986.86,-49.04,-52.50,-971.25,-183.75,1,53.324,"
1784218655.8796813,"01/01/2000,04:45:17.04,-1002.44,-33.20,65.92,-1.26,0.55,0.44,64.65,31.80,51.0,33.11,14.88,986.61,-50.51,183.75,-936.25,-245.0,1,53.324,"
1784218655.8955677,"01/01/2000,04:45:17.06,-1003.42,0.49,60.55,-1.12,-0.19,2.17,63.75,31.95,51.60,33.35,15.37,985.52,-52.09,262.50,-717.50,-218.75,1,53.324,"
1784218655.9172046,"01/01/2000,04:45:17.08,-992.68,-34.67,5.37,0.63,-2.15,-0.88,64.65,33.0,51.75,33.25,15.13,984.78,-51.85,8.75,-420.0,-253.75,1,53.324,"
1784218655.9281514,"01/01/2000,04:45:17.10,-1005.37,-31.25,102.05,0.01,-0.73,1.75,63.0,31.95,52.65,33.06,14.88,984.54,-51.61,105.0,-726.25,-236.25,1,53.324,"
1784218655.9569013,"01/01/2000,04:45:17.11,-987.79,-40.04,47.85,-0.67,-0.29,0.20,63.0,31.95,52.65,33.16,15.13,985.27,-51.73,122.50,-621.25,-210.0,1,53.324,"
1784218655.9907336,"01/01/2000,04:45:17.15,-1007.81,-15.63,19.53,1.40,-2.66,-2.0,64.65,32.25,52.20,33.11,15.49,986.13,-52.70,-113.75,-533.75,-253.75,1,53.324,"
1784218656.0048664,"01/01/2000,04:45:17.17,-1001.95,-17.58,-7.32,-0.96,0.82,0.48,63.0,33.15,50.85,32.97,15.13,984.66,-52.95,262.50,-516.25,-262.50,1,53.324,"
1784218656.0249283,"01/01/2000,04:45:17.19,-995.61,2.44,-15.14,1.89,3.40,-0.02,63.15,31.80,51.30,33.44,15.01,984.91,-50.51,148.75,-612.50,-253.75,1,53.324,"
1784218656.0421107,"01/01/2000,04:45:17.20,-1016.60,0.0,4.39,1.74,1.44,-0.78,63.15,31.80,51.30,33.16,14.88,985.15,-49.53,-52.50,-813.75,-201.25,1,53.324,"
1784218656.0799983,"01/01/2000,04:45:17.24,-1016.11,-16.11,25.39,0.81,0.53,0.55,62.70,33.0,53.25,33.25,15.62,985.64,-51.85,131.25,-367.50,-288.75,1,53.324,"
1784218656.0970333,"01/01/2000,04:45:17.26,-1024.90,-14.16,-42.97,1.06,-0.01,-0.76,64.35,33.0,52.50,33.35,15.37,984.05,-52.95,350.0,-297.50,-227.50,1,53.324,"
1784218656.1187143,"01/01/2000,04:45:17.28,-1006.84,-7.32,22.95,-0.18,-1.90,-1.91,63.15,32.25,53.70,33.44,15.01,983.93,-52.46,490.0,-446.25,-402.50,1,53.324,"
1784218656.138376,"01/01/2000,04:45:17.30,-1028.81,-19.04,-13.67,2.62,-0.79,-1.79,63.60,32.25,51.30,33.25,14.52,984.54,-51.48,376.25,-813.75,-288.75,1,53.324,"
1784218656.1558688,"01/01/2000,04:45:17.31,-1042.48,-38.09,17.58,-0.79,-0.62,0.03,63.60,32.25,51.30,33.44,15.37,985.52,-50.75,210.0,-752.50,-192.50,1,53.324,"
1784218656.17096,"01/01/2000,04:45:17.33,-1033.69,-28.32,64.94,0.59,-1.75,-0.41,63.75,31.65,53.10,33.25,15.74,984.91,-52.22,315.0,-577.50,-271.25,1,53.324,"
1784218656.200683,"01/01/2000,04:45:17.37,-995.12,-18.07,62.99,-1.13,0.81,-2.07,63.90,32.55,52.20,33.35,15.13,985.76,-50.87,411.25,-533.75,-157.50,1,53.324,"
1784218656.2270854,"01/01/2000,04:45:17.39,-1031.74,-8.30,32.71,-1.11,0.92,-1.68,63.60,32.55,51.75,33.25,15.13,986.00,-49.53,525.0,-385.0,-183.75,1,53.324,"
1784218656.243318,"01/01/2000,04:45:17.40,-1025.88,0.98,61.04,-0.63,-0.25,-1.25,63.60,32.55,51.75,33.25,15.62,986.25,-48.68,385.0,-428.75,-402.50,1,53.324,"
1784218656.2713118,"01/01/2000,04:45:17.43,-1036.13,-35.16,115.72,-1.50,0.44,-1.46,59.25,30.15,54.75,33.25,15.74,985.39,-51.36,140.0,-306.25,-192.50,1,53.324,"
1784218656.2944636,"01/01/2000,04:45:17.45,-1007.81,-43.95,84.96,-0.88,0.15,-1.99,63.0,31.95,51.90,33.16,14.88,984.54,-53.92,735.0,-218.75,-262.50,1,53.324,"
1784218656.3104656,"01/01/2000,04:45:17.47,-999.02,-8.79,84.96,1.20,-2.36,1.16,62.25,32.85,53.10,33.35,14.40,985.27,-52.83,437.50,-735.0,-245.0,1,53.324,"
1784218656.325236,"01/01/2000,04:45:17.49,-1040.04,-32.71,14.65,2.80,0.37,3.53,63.60,32.55,52.20,33.25,14.40,986.25,-50.87,376.25,-962.50,-175.0,1,53.324,"
1784218656.3467758,"01/01/2000,04:45:17.51,-1011.23,-49.80,93.26,1.19,-3.03,-0.07,62.40,32.55,52.50,33.16,15.13,986.13,-52.46,87.50,-901.25,-245.0,1,53.324,"
1784218656.379694,"01/01/2000,04:45:17.54,-1008.79,-1.95,6.84,2.21,0.73,0.58,63.75,31.95,52.35,33.25,15.01,983.56,-54.90,813.75,-560.0,-323.75,1,53.324,"
1784218656.401053,"01/01/2000,04:45:17.56,-1004.39,-23.93,13.67,1.69,0.01,1.15,63.15,32.25,51.75,33.25,14.27,984.91,-51.36,568.75,-752.50,-288.75,1,53.324,"
1784218656.4189284,"01/01/2000,04:45:17.58,-1022.95,-2.44,8.30,1.53,0.02,-0.53,62.40,32.25,52.95,33.44,14.52,986.00,-49.90,332.50,-1120.0,-332.50,1,53.324,"
1784218656.4362485,"01/01/2000,04:45:17.60,-1005.37,-20.51,27.83,1.50,-1.60,0.56,63.30,32.40,51.90,32.77,15.37,985.39,-51.24,568.75,-883.75,-157.50,1,53.324,"
1784218656.4589481,"01/01/2000,04:45:17.61,-1027.83,-10.74,52.25,-3.46,-2.49,-3.16,63.30,32.40,52.35,33.35,15.37,984.54,-52.95,463.75,-612.50,-306.25,1,53.324,"
1784218656.4800096,"01/01/2000,04:45:17.63,-1018.55,-0.98,-41.50,-0.36,3.94,3.47,62.70,31.80,52.20,33.11,14.64,983.93,-54.66,603.75,-831.25,-210.0,1,53.324,"
1784218656.4920208,"01/01/2000,04:45:17.65,-1006.84,-26.86,38.09,2.69,-1.07,-0.44,63.60,33.0,52.95,33.25,14.52,985.03,-53.56,717.50,-901.25,-210.0,1,53.324,"
1784218656.512439,"01/01/2000,04:45:17.67,-1000.0,-3.91,-39.55,0.26,-1.58,-0.06,62.40,33.45,52.50,32.92,14.88,986.00,-52.22,455.0,-988.75,-288.75,1,53.324,"
1784218656.5246928,"01/01/2000,04:45:17.69,-1019.04,-22.46,49.80,-0.59,-1.08,-1.25,63.90,31.80,51.30,33.16,15.37,985.64,-52.46,568.75,-770.0,-227.50,1,53.324,"
1784218656.5648208,"01/01/2000,04:45:17.73,-1014.65,-53.71,1.46,1.11,-0.93,0.10,63.0,32.40,52.65,32.92,15.01,984.54,-54.17,630.0,-568.75,-297.50,1,53.324,"
1784218656.6004386,"01/01/2000,04:45:17.76,-1011.72,-21.97,65.92,1.61,-0.56,-1.42,61.95,32.25,52.95,33.49,14.88,986.25,-52.95,227.50,-1225.0,-175.0,1,53.324,"
1784218656.6211636,"01/01/2000,04:45:17.78,-1000.49,-34.18,15.63,1.22,0.24,1.17,60.60,33.15,53.40,33.49,15.49,985.27,-55.75,201.25,-901.25,-218.75,1,53.324,"
1784218656.6429467,"01/01/2000,04:45:17.80,-1009.28,-7.32,-30.76,3.11,-1.27,1.22,62.70,33.45,53.25,33.35,15.49,984.42,-60.02,113.75,-577.50,-192.50,1,53.324,"
1784218656.658321,"01/01/2000,04:45:17.82,-1032.71,-1.95,-56.64,0.66,1.94,0.36,63.30,32.85,51.60,33.16,15.01,984.05,-63.44,8.75,-568.75,-166.25,1,53.324,"
1784218656.6943007,"01/01/2000,04:45:17.85,-1026.37,-21.00,24.41,0.98,-0.89,0.93,64.05,32.85,52.35,33.11,15.13,985.27,-61.12,-201.25,-892.50,-113.75,1,53.324,"
1784218656.7126884,"01/01/2000,04:45:17.87,-1040.53,-38.57,71.78,-0.43,0.0,-0.24,62.70,33.45,51.75,33.16,15.37,985.39,-59.66,-271.25,-665.0,-332.50,1,53.324,"
1784218656.7281768,"01/01/2000,04:45:17.89,-1023.93,-11.72,12.70,-0.11,1.80,-1.53,62.70,32.25,53.25,33.11,15.13,984.54,-61.73,-350.0,-726.25,-218.75,1,53.324,"
1784218656.7555132,"01/01/2000,04:45:17.91,-1021.48,-23.93,84.47,-2.0,-0.66,1.61,61.80,32.85,53.40,33.25,14.76,984.54,-66.37,-315.0,-595.0,-385.0,1,53.324,"
1784218656.7797523,"01/01/2000,04:45:17.93,-1018.55,-36.62,38.57,-0.30,-1.36,1.27,63.0,34.35,51.60,33.35,14.64,984.91,-68.56,-376.25,-682.50,-341.25,1,53.324,"
1784218656.7949238,"01/01/2000,04:45:17.96,-1032.71,-44.43,77.15,1.28,0.98,-0.08,63.0,30.45,53.10,33.30,15.13,984.30,-65.51,-210.0,-525.0,-332.50,1,53.324,"
1784218656.8218238,"01/01/2000,04:45:17.98,-1009.77,-32.23,18.07,1.74,0.95,-0.11,61.65,30.15,55.20,32.97,15.37,984.30,-61.85,-402.50,-603.75,-245.0,1,53.324,"
1784218656.853094,"01/01/2000,04:45:18.01,-995.61,-71.29,24.90,-1.05,2.17,1.89,61.80,32.40,53.40,33.11,14.88,986.13,-61.12,-892.50,-463.75,-288.75,1,53.324,"
1784218656.873563,"01/01/2000,04:45:18.03,-985.35,-28.81,63.48,0.26,0.31,-0.85,63.0,31.95,50.85,33.16,14.76,983.44,-62.95,-481.25,-726.25,-236.25,1,53.324,"
1784218656.8960404,"01/01/2000,04:45:18.05,-1031.25,-14.65,29.30,-1.05,-1.58,0.84,62.55,32.85,51.90,32.97,14.64,983.20,-60.15,332.50,-306.25,-306.25,1,53.324,"
1784218656.911354,"01/01/2000,04:45:18.07,-1012.70,-31.74,48.34,-1.56,1.95,-2.11,63.60,31.80,52.20,33.44,14.76,986.37,-55.27,-892.50,-446.25,-201.25,1,53.324,"
1784218656.9251363,"01/01/2000,04:45:18.09,-1003.91,-16.11,-14.16,0.25,1.54,0.47,64.65,32.25,52.95,33.30,14.76,984.91,-56.36,-227.50,-463.75,-262.50,1,53.324,"
1784218656.96398,"01/01/2000,04:45:18.12,-1032.23,1.46,65.92,0.05,0.21,1.30,63.15,32.25,52.95,33.06,14.52,985.27,-55.14,-490.0,-463.75,-245.0,1,53.324,"
1784218656.9805422,"01/01/2000,04:45:18.14,-1020.51,-9.28,-56.15,-0.90,3.15,-1.51,63.60,31.80,51.75,33.16,14.15,984.91,-54.66,-183.75,-586.25,-332.50,1,53.324,"
1784218656.994723,"01/01/2000,04:45:18.16,-1034.67,-21.97,45.41,-0.31,-1.56,-1.21,63.60,32.25,50.55,33.06,14.52,984.91,-54.17,-148.75,-813.75,-227.50,1,53.324,"
1784218657.0228102,"01/01/2000,04:45:18.18,-1019.04,-44.43,82.52,-0.37,-1.42,2.39,63.0,31.20,50.85,33.30,15.13,984.42,-53.92,-236.25,-507.50,-236.25,1,53.324,"
1784218657.0551856,"01/01/2000,04:45:18.22,-1000.0,-18.07,59.57,-1.53,0.73,0.66,61.95,33.0,52.95,33.16,14.40,984.91,-53.07,-113.75,-603.75,-262.50,1,53.324,"
1784218657.0715332,"01/01/2000,04:45:18.23,-1001.95,-14.16,39.55,0.24,1.14,0.09,62.40,31.80,53.70,33.11,14.64,984.66,-52.95,-105.0,-612.50,-323.75,1,53.324,"
1784218657.0935435,"01/01/2000,04:45:18.25,-1047.36,-18.07,5.86,0.07,1.01,-0.63,62.40,31.35,51.0,33.25,14.76,984.91,-52.09,-105.0,-630.0,-245.0,1,53.324,"
1784218657.110193,"01/01/2000,04:45:18.27,-996.58,-12.70,-75.20,3.25,-1.37,-0.83,63.90,32.25,52.50,33.25,15.01,985.03,-52.22,26.25,-665.0,-105.0,1,53.324,"
1784218657.1279366,"01/01/2000,04:45:18.29,-1008.79,-48.83,101.07,-0.87,-0.16,0.17,62.40,32.25,52.50,33.30,14.88,985.03,-52.09,-105.0,-542.50,-297.50,1,53.324,"
1784218657.1665883,"01/01/2000,04:45:18.33,-1021.97,-16.60,13.67,1.72,-0.12,0.37,62.55,33.60,50.10,33.30,14.76,984.91,-51.73,-78.75,-778.75,-175.0,1,53.324,"
1784218657.1821718,"01/01/2000,04:45:18.34,-1013.18,-14.65,94.73,-0.35,-0.52,1.24,61.80,34.05,51.15,33.25,15.13,984.91,-51.48,26.25,-647.50,-166.25,1,53.324,"
1784218657.1946983,"01/01/2000,04:45:18.36,-1009.77,19.04,-24.41,0.02,-1.11,-1.02,62.70,31.05,50.55,33.16,14.88,984.78,-51.48,43.75,-542.50,-227.50,1,53.324,"
1784218657.2228475,"01/01/2000,04:45:18.38,-1012.21,-26.86,70.31,0.89,-0.47,1.71,63.30,33.15,52.35,33.16,15.01,985.03,-51.24,-96.25,-743.75,-253.75,1,53.324,"
1784218657.2452602,"01/01/2000,04:45:18.40,-1018.55,-31.25,45.90,-1.14,1.58,-1.42,64.05,31.95,50.40,33.25,14.64,985.03,-51.00,140.0,-708.75,-262.50,1,53.324,"
1784218657.2558203,"01/01/2000,04:45:18.42,-1012.70,-14.16,46.39,2.23,-0.22,1.61,62.25,31.20,51.90,33.06,14.88,985.03,-50.87,-52.50,-752.50,-315.0,1,53.324,"
1784218657.2742054,"01/01/2000,04:45:18.43,-1009.77,-6.35,-37.60,3.59,2.29,-0.75,62.70,32.25,52.20,33.25,14.88,984.91,-51.00,-17.50,-420.0,-402.50,1,53.324,"
1784218657.300086,"01/01/2000,04:45:18.46,-1011.72,-38.57,64.45,0.52,-1.24,1.11,60.90,32.25,53.70,33.11,14.76,985.03,-50.75,8.75,-638.75,-315.0,1,53.324,"
1784218657.3382003,"01/01/2000,04:45:18.50,-1011.72,0.49,-54.20,0.43,0.36,-0.73,63.90,33.45,52.50,33.25,14.64,984.78,-50.63,78.75,-752.50,-210.0,1,53.324,"
1784218657.3551357,"01/01/2000,04:45:18.52,-1024.90,-8.79,-9.77,2.62,-0.06,-0.46,63.90,33.45,52.50,33.25,14.76,984.91,-50.51,-70.0,-770.0,-262.50,1,53.324,"
1784218657.3798597,"01/01/2000,04:45:18.54,-1003.91,-5.86,-9.28,1.30,1.68,-0.47,62.25,31.95,52.35,33.30,14.64,985.03,-50.63,35.0,-595.0,-350.0,1,53.324,"
1784218657.39545,"01/01/2000,04:45:18.55,-1015.14,-8.30,30.27,-0.02,-0.33,-0.14,63.15,32.25,52.20,33.35,14.76,985.03,-50.75,271.25,-682.50,-183.75,1,53.324,"
1784218657.4269645,"01/01/2000,04:45:18.59,-1000.0,-22.95,5.37,0.24,1.01,2.09,63.75,32.40,51.90,33.35,14.88,985.27,-50.39,52.50,-717.50,-210.0,1,53.324,"
1784218657.4470718,"01/01/2000,04:45:18.61,-1017.58,-25.39,77.64,-0.40,-1.72,0.84,60.90,29.85,53.25,33.30,14.76,985.15,-50.51,61.25,-638.75,-122.50,1,53.324,"
1784218657.4613829,"01/01/2000,04:45:18.63,-1017.09,-14.65,90.33,0.08,-2.16,1.56,60.90,29.85,53.25,33.06,14.64,985.15,-50.51,183.75,-647.50,-210.0,1,53.324,"
1784218657.5003567,"01/01/2000,04:45:18.66,-1017.58,-37.60,37.11,-0.18,-0.55,-1.08,63.60,33.0,51.75,33.35,14.88,985.03,-50.26,175.0,-752.50,-227.50,1,53.324,"
1784218657.5384536,"01/01/2000,04:45:18.70,-998.54,-33.20,54.20,-0.91,-3.44,0.14,62.70,31.80,51.0,33.11,14.88,985.03,-50.26,-35.0,-612.50,-210.0,1,53.324,"
1784218657.555201,"01/01/2000,04:45:18.72,-1026.37,-50.78,56.15,-0.03,0.14,0.55,62.70,31.80,51.0,33.30,14.76,985.15,-50.26,96.25,-630.0,-192.50,1,53.324,"
1784218657.5767632,"01/01/2000,04:45:18.74,-1030.27,-17.09,83.98,-0.61,-0.49,0.34,62.70,31.05,52.20,33.35,14.64,985.15,-50.26,-35.0,-726.25,-192.50,1,53.324,"
1784218657.594691,"01/01/2000,04:45:18.75,-1010.74,-17.58,-22.95,0.66,1.55,-1.59,62.25,33.60,53.40,33.16,14.88,984.91,-50.39,-70.0,-708.75,-166.25,1,53.324,"
1784218657.6284308,"01/01/2000,04:45:18.79,-1006.35,-27.34,42.97,0.57,-3.11,-0.63,62.25,32.85,53.10,33.11,14.88,985.39,-50.14,70.0,-822.50,-157.50,1,53.324,"
1784218657.650311,"01/01/2000,04:45:18.81,-1021.48,-14.16,-19.53,-0.40,1.47,-0.47,63.15,30.60,54.0,33.16,14.88,985.52,-50.26,131.25,-682.50,-271.25,1,53.324,"
1784218657.667156,"01/01/2000,04:45:18.83,-1014.65,-34.67,39.06,-0.64,1.10,0.50,63.15,30.60,54.0,33.44,14.88,985.27,-50.14,105.0,-708.75,-288.75,1,53.324,"
1784218657.6844177,"01/01/2000,04:45:18.84,-1012.21,-38.09,27.34,-0.20,0.12,2.79,63.0,32.40,51.60,33.35,14.88,985.03,-50.02,70.0,-752.50,-227.50,1,53.324,"
1784218657.7011635,"01/01/2000,04:45:18.86,-1016.11,19.04,-22.95,1.06,0.80,-0.78,63.30,32.40,51.15,32.92,14.88,985.15,-50.14,70.0,-717.50,-323.75,1,53.324,"
1784218657.7231615,"01/01/2000,04:45:18.88,-1019.04,-11.72,1.46,2.27,0.45,-0.51,62.70,31.80,51.75,33.16,14.88,985.27,-50.14,96.25,-673.75,-253.75,1,53.324,"
1784218657.7430372,"01/01/2000,04:45:18.90,-998.05,-7.81,22.46,3.15,0.45,0.44,61.65,32.55,50.25,33.16,14.64,985.27,-50.14,35.0,-621.25,-297.50,1,53.324,"
1784218657.7561953,"01/01/2000,04:45:18.92,-1015.14,-26.86,53.71,0.47,-0.85,1.44,61.65,32.55,50.25,33.16,14.76,985.03,-50.02,8.75,-621.25,-113.75,1,53.324,"
1784218657.7754831,"01/01/2000,04:45:18.93,-1018.55,-15.14,18.07,0.08,-1.19,-0.40,64.35,31.35,52.50,33.30,14.88,984.91,-50.26,148.75,-831.25,-96.25,1,53.324,"
1784218657.7953603,"01/01/2000,04:45:18.96,-1019.04,-47.85,57.13,-1.04,2.40,1.22,62.40,33.45,52.20,33.06,14.88,985.27,-50.26,96.25,-700.0,-341.25,1,53.324,"
1784218657.819318,"01/01/2000,04:45:18.98,-990.23,-16.60,-34.18,2.21,3.19,-1.09,61.35,32.55,52.20,33.35,14.88,985.27,-50.26,87.50,-708.75,-157.50,1,53.324,"
1784218657.8467467,"01/01/2000,04:45:19.00,-1017.09,-6.84,61.52,0.87,3.56,-0.38,60.60,31.20,53.10,33.30,14.88,985.27,-50.26,96.25,-700.0,-192.50,1,53.324,"
1784218657.8618534,"01/01/2000,04:45:19.02,-1032.23,-13.18,47.36,1.97,-0.38,-2.11,61.95,33.0,52.95,33.11,15.01,985.27,-50.14,192.50,-726.25,-236.25,1,53.324,"
1784218657.8797073,"01/01/2000,04:45:19.04,-995.12,0.98,42.48,-0.59,0.84,-2.07,62.70,31.80,52.20,33.35,15.01,985.27,-50.26,17.50,-568.75,-218.75,1,53.324,"
1784218657.8970807,"01/01/2000,04:45:19.06,-1025.39,4.88,-25.88,1.23,-1.28,0.04,64.05,32.85,50.40,33.35,15.13,985.27,-50.26,-17.50,-682.50,-218.75,1,53.324,"
1784218657.913009,"01/01/2000,04:45:19.07,-1023.93,-6.35,-38.57,0.73,-1.15,-0.12,62.25,32.85,50.40,33.25,15.01,985.27,-50.14,-35.0,-743.75,-210.0,1,53.324,"
1784218657.9281814,"01/01/2000,04:45:19.09,-1011.23,-25.39,26.86,-0.69,-0.63,2.31,62.70,32.25,52.50,33.11,15.13,985.03,-50.14,183.75,-726.25,-227.50,1,53.324,"
1784218657.9557822,"01/01/2000,04:45:19.11,-974.12,-47.85,51.27,0.40,-1.11,2.50,62.40,31.05,52.50,33.35,15.01,985.15,-50.02,131.25,-638.75,-113.75,1,53.324,"
1784218657.9851484,"01/01/2000,04:45:19.15,-1011.23,-19.53,39.55,0.18,0.42,0.56,62.40,33.0,51.75,33.11,14.76,985.27,-50.02,166.25,-717.50,-245.0,1,53.324,"
1784218658.0048022,"01/01/2000,04:45:19.17,-1031.74,-32.23,52.73,-0.53,2.56,-0.76,63.0,32.40,50.85,33.11,14.64,985.52,-49.78,87.50,-595.0,-271.25,1,53.324,"
1784218658.0239873,"01/01/2000,04:45:19.18,-1009.28,-40.04,84.47,1.24,-0.11,1.11,61.65,33.45,51.75,33.11,14.76,985.27,-49.78,315.0,-735.0,-201.25,1,53.324,"
1784218658.04524,"01/01/2000,04:45:19.20,-996.09,-21.00,64.45,-0.60,-0.96,0.12,62.55,34.80,51.60,33.11,14.64,985.39,-49.90,43.75,-560.0,-280.0,1,53.324,"
1784218658.0613105,"01/01/2000,04:45:19.22,-1019.04,-10.74,-4.88,-0.17,1.12,-0.64,61.80,30.45,51.90,33.35,14.40,985.39,-49.90,105.0,-568.75,-262.50,1,53.324,"
1784218658.07989,"01/01/2000,04:45:19.24,-1033.20,0.49,-40.53,1.84,-0.31,-0.51,62.40,31.80,51.0,32.97,14.76,985.27,-49.78,113.75,-577.50,-105.0,1,53.324,"
1784218658.097154,"01/01/2000,04:45:19.26,-998.54,-19.04,17.09,0.26,-1.04,-0.30,63.60,33.0,53.25,33.35,14.64,985.03,-49.78,227.50,-665.0,-227.50,1,53.324,"
1784218658.1278248,"01/01/2000,04:45:19.30,-1028.81,-5.37,-7.81,-0.79,-1.69,0.48,63.90,33.0,52.50,33.11,14.76,985.15,-49.90,113.75,-577.50,-262.50,1,53.324,"
1784218658.1562076,"01/01/2000,04:45:19.31,-1023.93,-24.41,-66.89,2.07,-2.16,0.36,63.75,31.65,52.35,33.25,15.01,985.03,-49.90,87.50,-735.0,-157.50,1,53.324,"
1784218658.1705923,"01/01/2000,04:45:19.33,-1006.84,-3.91,-50.78,-0.29,1.58,-2.08,62.55,32.85,51.60,33.30,14.64,985.03,-49.90,131.25,-717.50,-428.75,1,53.324,"
1784218658.1866019,"01/01/2000,04:45:19.35,-1019.04,-25.39,5.86,1.53,-0.92,2.01,62.25,32.85,52.65,33.06,14.64,985.03,-49.90,61.25,-638.75,-210.0,1,53.324,"
1784218658.2117662,"01/01/2000,04:45:19.37,-1007.32,0.98,-14.16,0.92,1.47,0.02,61.35,31.95,51.90,33.35,14.64,985.03,-49.90,113.75,-656.25,-280.0,1,53.324,"
1784218658.2283878,"01/01/2000,04:45:19.39,-1008.79,-51.76,2.93,0.34,0.51,0.73,63.30,31.95,52.35,33.30,15.01,985.15,-50.02,236.25,-630.0,-236.25,1,53.324,"
1784218658.2450628,"01/01/2000,04:45:19.40,-999.51,-11.72,30.27,-1.21,0.69,-0.95,63.0,33.60,50.85,33.16,14.88,985.15,-49.90,157.50,-612.50,-262.50,1,53.324,"
1784218658.2588708,"01/01/2000,04:45:19.42,-995.61,-23.44,62.99,2.60,-0.18,0.50,63.0,31.95,51.15,33.06,14.64,985.03,-49.65,122.50,-866.25,-192.50,1,53.324,"
1784218658.280651,"01/01/2000,04:45:19.44,-1001.46,-28.32,79.59,-0.40,1.56,-0.52,61.80,28.80,53.85,33.16,14.64,984.91,-49.53,43.75,-647.50,-201.25,1,53.324,"
1784218658.2970672,"01/01/2000,04:45:19.46,-1027.34,-14.16,-3.42,2.40,-1.31,-1.47,63.0,32.40,51.90,33.25,14.64,985.03,-49.53,52.50,-708.75,-262.50,1,53.324,"
1784218658.31313,"01/01/2000,04:45:19.48,-1017.58,-15.14,82.03,1.27,2.08,-0.95,64.35,31.80,51.75,33.11,14.88,985.27,-49.78,175.0,-630.0,-350.0,1,53.324,"
1784218658.340266,"01/01/2000,04:45:19.50,-992.68,-46.88,101.07,0.26,0.85,0.71,60.90,31.35,53.70,33.35,14.76,985.15,-49.78,122.50,-586.25,-201.25,1,53.324,"
1784218658.3619933,"01/01/2000,04:45:19.52,-993.16,-75.20,7.32,-0.41,-0.44,-0.32,63.60,32.55,53.25,33.16,14.52,985.15,-49.53,218.75,-761.25,-218.75,1,53.324,"
1784218658.3947241,"01/01/2000,04:45:19.56,-1004.39,-50.29,53.22,-0.20,1.59,-1.78,61.35,33.60,51.60,33.35,14.64,985.03,-49.53,166.25,-708.75,-245.0,1,53.324,"
1784218658.4218416,"01/01/2000,04:45:19.58,-1016.60,-16.11,28.81,0.88,0.63,-2.41,63.15,31.80,52.20,33.35,14.40,985.03,-49.29,35.0,-691.25,-245.0,1,53.324,"
1784218658.4347353,"01/01/2000,04:45:19.59,-1038.09,-26.37,-22.46,-0.34,0.18,0.72,63.60,32.55,51.75,33.30,14.40,985.15,-49.29,96.25,-778.75,-271.25,1,53.324,"
1784218658.4507835,"01/01/2000,04:45:19.61,-999.02,-17.09,11.72,0.72,0.42,-0.25,63.15,32.25,51.0,33.25,14.64,985.15,-49.17,183.75,-665.0,-350.0,1,53.324,"
1784218658.4684355,"01/01/2000,04:45:19.63,-1032.71,-38.09,41.99,1.18,0.21,-0.91,63.15,32.25,51.0,33.30,14.76,985.15,-49.04,-35.0,-761.25,-245.0,1,53.324,"
1784218658.507284,"01/01/2000,04:45:19.67,-1022.95,-10.25,-22.95,0.49,1.53,-2.81,61.80,33.15,51.15,33.16,14.64,985.27,-49.17,210.0,-612.50,-262.50,1,53.324,"
1784218658.5281746,"01/01/2000,04:45:19.68,-1007.32,-9.77,27.34,-2.37,1.57,-0.59,63.30,31.95,51.60,33.35,14.64,985.15,-49.29,131.25,-568.75,-306.25,1,53.324,"
1784218658.5460467,"01/01/2000,04:45:19.71,-1008.30,-28.81,17.58,0.26,-0.35,-0.19,63.15,32.25,51.0,33.25,14.64,985.03,-49.53,192.50,-568.75,-166.25,1,53.324,"
1784218658.562863,"01/01/2000,04:45:19.72,-1005.37,-13.67,59.08,1.46,-0.51,-0.21,62.70,32.55,52.20,33.16,14.52,985.27,-49.53,175.0,-621.25,-288.75,1,53.324,"
1784218658.5947213,"01/01/2000,04:45:19.76,-1014.65,-45.90,12.21,-1.79,-0.24,-0.65,63.15,31.80,52.50,33.11,14.88,985.15,-49.53,87.50,-700.0,-218.75,1,53.324,"
1784218658.6227524,"01/01/2000,04:45:19.78,-1028.81,-17.58,-12.70,0.75,1.75,0.92,63.15,32.25,52.95,33.35,14.64,984.91,-49.29,201.25,-717.50,-175.0,1,53.324,"
1784218658.6356885,"01/01/2000,04:45:19.80,-1040.04,-26.86,14.65,0.23,-1.96,0.57,61.80,32.85,52.35,33.16,14.88,984.91,-49.17,105.0,-647.50,-192.50,1,53.324,"
1784218658.6534398,"01/01/2000,04:45:19.81,-1006.84,-15.14,-11.72,-0.32,0.05,-1.75,63.60,32.55,51.75,33.35,14.88,985.03,-49.04,131.25,-525.0,-315.0,1,53.324,"
1784218658.6686046,"01/01/2000,04:45:19.83,-1004.39,-19.04,9.28,0.32,-0.60,-0.85,63.60,32.55,51.75,33.11,14.88,985.15,-49.04,26.25,-831.25,-218.75,1,53.324,"
1784218658.6923738,"01/01/2000,04:45:19.85,-1004.39,-23.93,15.63,1.27,-0.08,-1.45,61.05,31.95,53.85,33.44,14.88,985.03,-48.92,218.75,-621.25,-148.75,1,53.324,"
1784218658.7255628,"01/01/2000,04:45:19.89,-999.51,-17.58,1.46,0.57,-0.18,0.50,61.05,33.60,52.35,33.11,14.88,985.27,-49.04,218.75,-726.25,-210.0,1,53.324,"
1784218658.7423453,"01/01/2000,04:45:19.90,-1015.63,-18.07,4.39,0.43,-0.69,0.80,63.90,33.0,52.50,33.25,14.88,985.39,-48.92,166.25,-717.50,-227.50,1,53.324,"
1784218658.780185,"01/01/2000,04:45:19.94,-1015.63,-29.30,26.86,-0.15,0.26,-1.93,64.35,32.25,52.95,33.25,14.64,985.27,-49.17,245.0,-630.0,-297.50,1,53.324,"
1784218658.7948205,"01/01/2000,04:45:19.96,-1002.93,-33.20,70.31,-0.51,-0.82,0.02,63.15,32.25,52.20,33.35,14.88,985.27,-49.29,70.0,-691.25,-157.50,1,53.324,"
1784218658.8218734,"01/01/2000,04:45:19.98,-1011.72,-31.74,57.13,0.31,-1.02,0.82,63.15,33.45,52.50,33.06,14.64,985.27,-49.17,122.50,-630.0,-393.75,1,53.324,"
1784218658.8447592,"01/01/2000,04:45:20.00,-1056.64,-2.44,-0.98,1.92,-0.95,-0.21,63.0,32.85,52.65,33.16,14.88,985.27,-49.29,157.50,-787.50,-280.0,1,53.324,"
1784218658.8588207,"01/01/2000,04:45:20.02,-1026.86,-32.23,45.90,0.73,-0.45,1.21,62.25,31.65,52.35,33.11,14.88,985.15,-49.41,-52.50,-630.0,-271.25,1,53.324,"
1784218658.8815815,"01/01/2000,04:45:20.04,-1005.37,-41.50,-49.80,0.11,0.54,0.59,61.65,28.20,54.0,33.25,14.88,985.03,-50.63,-315.0,-682.50,-262.50,1,53.324,"
1784218658.9026213,"01/01/2000,04:45:20.06,-997.56,-27.34,80.57,-2.65,-2.10,-0.39,63.0,30.45,52.35,33.35,14.76,985.39,-53.80,-8.75,-735.0,-358.75,1,53.324,"
1784218658.9281132,"01/01/2000,04:45:20.10,-1005.86,-7.32,9.28,0.62,1.29,0.44,63.0,31.95,51.60,33.35,14.64,985.52,-54.17,-936.25,-726.25,-350.0,1,53.324,"
1784218658.9562507,"01/01/2000,04:45:20.11,-1006.35,-40.53,96.19,-0.44,0.82,-1.25,63.75,31.95,51.60,33.11,14.76,985.03,-55.39,-761.25,-840.0,-315.0,1,53.324,"
1784218658.979739,"01/01/2000,04:45:20.14,-1036.13,6.35,-48.83,1.18,3.12,-0.45,63.15,31.80,52.20,33.16,14.64,985.76,-56.12,-1391.25,-621.25,-323.75,1,53.324,"
1784218658.9947433,"01/01/2000,04:45:20.15,-1004.39,-24.41,39.06,-0.17,-0.30,0.66,63.0,31.20,52.35,33.11,14.52,986.00,-56.97,-1653.75,-796.25,-411.25,1,53.324,"
1784218659.0073185,"01/01/2000,04:45:20.17,-987.30,-10.25,25.88,-0.14,1.64,-1.43,62.70,32.55,51.30,33.11,14.64,985.27,-58.32,-2100.0,-778.75,-323.75,1,53.324,"
1784218659.0484328,"01/01/2000,04:45:20.21,-1013.67,-31.25,21.97,0.43,4.13,1.45,60.90,31.05,53.70,33.11,14.88,986.98,-57.10,-3578.75,-507.50,-297.50,1,53.324,"
1784218659.0661814,"01/01/2000,04:45:20.23,-1000.98,-5.86,-56.15,1.03,6.42,-0.66,61.95,31.80,51.0,33.11,14.64,987.10,-53.68,-3780.0,-656.25,-341.25,1,53.324,"
1784218659.1050706,"01/01/2000,04:45:20.27,-1018.55,-32.71,8.30,1.07,5.65,-0.07,63.30,31.95,51.15,33.06,15.01,986.61,-49.65,-3990.0,-577.50,-315.0,1,53.324,"
1784218659.122757,"01/01/2000,04:45:20.28,-1024.90,-17.58,51.27,0.89,1.85,-1.66,64.65,31.80,51.30,33.35,14.88,986.37,-50.02,-4532.50,-542.50,-253.75,1,53.324,"
1784218659.140095,"01/01/2000,04:45:20.30,-1024.90,-17.09,22.46,-0.89,3.07,0.59,61.80,31.95,51.60,33.25,14.64,985.64,-50.02,-4270.0,-428.75,-271.25,1,53.324,"
1784218659.1590943,"01/01/2000,04:45:20.32,-1037.11,-23.93,29.30,-0.95,3.30,1.97,63.30,33.15,51.90,33.25,14.40,986.86,-46.60,-4436.25,-393.75,-332.50,1,53.324,"
1784218659.1802204,"01/01/2000,04:45:20.34,-997.07,-16.11,25.88,1.03,5.43,-1.22,63.30,32.40,50.10,33.16,14.40,987.71,-41.60,-4681.25,-630.0,-323.75,1,53.324,"
1784218659.1948347,"01/01/2000,04:45:20.36,-1009.28,-37.60,14.65,1.13,5.53,-0.54,63.15,33.45,51.30,33.35,14.88,987.22,-38.55,-4891.25,-595.0,-236.25,1,53.324,"
1784218659.2137227,"01/01/2000,04:45:20.37,-1018.07,-16.60,4.39,0.31,5.23,1.64,62.55,31.65,51.60,33.25,15.01,986.25,-38.31,-4830.0,-376.25,-341.25,1,53.324,"
1784218659.2350304,"01/01/2000,04:45:20.40,-1015.14,-5.37,-7.81,-0.70,3.97,-1.15,63.0,31.95,50.40,33.30,14.40,985.52,-38.80,-4095.0,-350.0,-236.25,1,53.324,"
1784218659.2486248,"01/01/2000,04:45:20.41,-1025.88,-15.14,-41.99,0.61,4.13,0.61,63.0,31.95,50.40,33.11,14.15,985.76,-37.45,-3981.25,-350.0,-411.25,1,53.324,"
1784218659.273056,"01/01/2000,04:45:20.43,-1013.18,-28.32,27.34,-0.50,3.68,-0.35,61.95,32.25,52.20,32.97,14.15,986.13,-34.65,-4173.75,-350.0,-341.25,1,53.324,"
1784218659.2913485,"01/01/2000,04:45:20.45,-1025.39,-26.86,-1.46,-0.44,3.50,-0.69,63.15,32.55,50.25,33.06,14.52,986.25,-32.09,-4348.75,-358.75,-350.0,1,53.324,"
1784218659.3081493,"01/01/2000,04:45:20.47,-1004.88,-22.95,-8.30,-0.20,5.92,1.52,62.55,33.15,50.10,33.06,15.01,985.64,-31.48,-4086.25,17.50,-402.50,1,53.324,"
1784218659.32583,"01/01/2000,04:45:20.49,-1017.09,-3.91,-27.34,1.18,2.60,-1.53,63.15,33.0,51.0,33.25,14.64,985.15,-30.74,-3421.25,297.50,-341.25,1,53.324,"
1784218659.3423164,"01/01/2000,04:45:20.50,-1029.79,-26.37,-8.79,-1.19,4.51,0.84,63.75,31.65,51.15,33.06,14.64,985.76,-29.16,-3552.50,271.25,-341.25,1,53.324,"
1784218659.3725114,"01/01/2000,04:45:20.53,-1028.81,-25.88,70.31,-0.70,5.76,0.28,64.35,31.35,52.20,32.97,14.52,986.37,-26.35,-4103.75,245.0,-236.25,1,53.324,"
1784218659.404843,"01/01/2000,04:45:20.57,-1012.21,-16.11,26.37,1.66,2.69,0.67,64.35,33.45,48.75,33.11,14.52,985.39,-25.99,-3071.25,113.75,-306.25,1,53.324,"
1784218659.428505,"01/01/2000,04:45:20.59,-1044.92,-15.63,-21.97,1.50,3.92,-0.31,63.0,32.40,50.40,33.16,14.40,985.88,-24.52,-3115.0,306.25,-358.75,1,53.324,"
1784218659.445599,"01/01/2000,04:45:20.61,-1026.86,-27.83,-21.48,-1.69,5.08,0.18,63.15,32.25,50.25,33.11,14.64,986.25,-21.59,-2826.25,288.75,-245.0,1,53.324,"
1784218659.46135,"01/01/2000,04:45:20.62,-1001.95,-36.13,-40.04,-1.56,1.49,-0.39,62.70,33.0,51.30,33.35,15.37,984.54,-21.23,-1942.50,1067.50,-271.25,1,53.324,"
1784218659.480673,"01/01/2000,04:45:20.64,-1003.42,-47.85,7.32,-0.70,2.01,2.85,64.50,33.60,49.65,33.16,15.37,984.17,-20.25,-2030.0,1172.50,-271.25,1,53.324,"
1784218659.498209,"01/01/2000,04:45:20.66,-1030.27,-12.21,14.65,1.20,0.30,0.14,64.05,34.05,51.15,33.11,13.91,985.27,-19.76,-1531.25,78.75,-131.25,1,53.324,"
1784218659.5198345,"01/01/2000,04:45:20.68,-1007.32,-17.09,6.35,-2.11,-2.18,2.42,63.90,33.45,49.80,33.11,12.32,986.25,-19.52,-525.0,-1417.50,-245.0,1,53.324,"
1784218659.5382683,"01/01/2000,04:45:20.70,-1013.18,-24.41,-20.02,0.95,2.59,1.39,64.35,33.75,50.25,33.35,13.18,986.49,-18.91,-472.50,-997.50,-227.50,1,53.324,"
1784218659.5562944,"01/01/2000,04:45:20.71,-1006.35,-12.21,-25.39,-2.14,1.27,-1.82,63.30,31.65,51.15,33.25,14.40,985.27,-18.06,-875.0,-245.0,-210.0,1,53.324,"
1784218659.572591,"01/01/2000,04:45:20.73,-1029.30,-19.04,-1.95,0.42,1.98,1.17,63.30,32.85,51.15,33.16,14.64,985.03,-16.96,-1120.0,-210.0,-113.75,1,53.324,"
1784218659.5949595,"01/01/2000,04:45:20.75,-1017.09,-12.70,-119.14,-0.18,0.86,-0.11,63.60,33.75,49.80,33.11,13.79,986.13,-15.37,-927.50,-673.75,-183.75,1,53.324,"
1784218659.6051996,"01/01/2000,04:45:20.77,-1007.32,-21.97,-22.46,1.44,0.39,-1.64,63.0,33.60,50.40,33.35,12.93,986.49,-14.88,-472.50,-1233.75,-262.50,1,53.324,"
1784218659.6280615,"01/01/2000,04:45:20.79,-1010.74,-13.67,2.93,1.99,0.28,-1.63,63.0,32.40,50.10,33.30,12.57,985.88,-15.37,78.75,-2003.75,-332.50,1,53.324,"
1784218659.6464236,"01/01/2000,04:45:20.81,-995.61,-21.48,5.37,2.59,-3.41,-0.85,62.40,33.45,49.50,33.11,12.69,983.32,-18.67,1330.0,-2555.0,-236.25,1,53.324,"
1784218659.6665456,"01/01/2000,04:45:20.83,-1013.18,-29.30,-24.41,1.36,-3.53,1.95,63.15,31.35,50.55,33.11,13.66,983.56,-18.79,1653.75,-1785.0,-297.50,1,53.324,"
1784218659.6836178,"01/01/2000,04:45:20.84,-1046.39,-22.95,-22.95,-1.82,-1.82,1.56,63.75,32.40,50.40,33.25,15.13,986.49,-13.91,1041.25,-192.50,-315.0,1,53.324,"
1784218659.7014954,"01/01/2000,04:45:20.86,-1018.07,-4.39,-44.92,-0.53,-0.72,-1.16,63.75,32.40,50.10,33.11,15.13,987.83,-10.86,428.75,-507.50,-201.25,1,53.324,"
1784218659.725584,"01/01/2000,04:45:20.88,-1000.0,-53.22,61.52,-3.05,-2.37,-1.62,64.05,32.40,50.10,33.35,14.40,986.61,-11.35,490.0,-1470.0,-183.75,1,53.324,"
1784218659.7397738,"01/01/2000,04:45:20.90,-1010.25,-20.02,78.13,0.61,-2.59,2.40,63.75,33.60,49.35,33.30,13.79,984.54,-15.13,1330.0,-1680.0,-122.50,1,53.324,"
1784218659.7573652,"01/01/2000,04:45:20.92,-990.23,-22.46,6.35,0.50,-1.96,0.70,64.95,32.40,51.15,33.25,13.42,984.54,-16.96,1706.25,-1513.75,-262.50,1,53.324,"
1784218659.7749043,"01/01/2000,04:45:20.93,-1039.55,-13.18,-18.55,-0.79,-2.18,-0.93,63.60,33.0,50.55,33.11,13.91,985.52,-15.62,1671.25,-1111.25,-201.25,1,53.324,"
1784218659.7949936,"01/01/2000,04:45:20.96,-992.19,-41.50,15.63,1.49,-1.34,-0.15,63.0,32.85,50.85,33.35,14.76,986.13,-13.18,1470.0,-918.75,-323.75,1,53.324,"
1784218659.8131278,"01/01/2000,04:45:20.97,-1000.49,1.46,-43.95,0.68,-0.02,-0.95,66.30,32.55,51.0,33.25,15.25,986.00,-11.83,1295.0,-796.25,-131.25,1,53.324,"
1784218659.830745,"01/01/2000,04:45:20.99,-992.68,-28.32,59.08,1.15,-1.11,2.56,63.60,33.0,49.50,33.35,14.64,985.88,-13.18,988.75,-831.25,-122.50,1,53.324,"
1784218659.8614817,"01/01/2000,04:45:21.01,-1001.46,7.32,-13.18,-0.09,-1.05,0.59,64.35,32.55,51.0,33.30,13.79,985.76,-16.35,1933.75,-918.75,-367.50,1,53.324,"
1784218659.8806007,"01/01/2000,04:45:21.04,-1010.25,-31.74,-31.25,-0.36,-3.19,0.11,62.40,31.80,53.25,33.11,13.91,987.10,-17.32,2572.50,-1137.50,-218.75,1,53.324,"
1784218659.8971002,"01/01/2000,04:45:21.06,-1000.98,-26.37,31.74,-0.21,0.05,1.17,63.15,32.25,49.80,33.35,15.25,987.22,-16.59,1907.50,-708.75,-122.50,1,53.324,"
1784218659.9135628,"01/01/2000,04:45:21.07,-1021.00,-23.44,-9.28,2.27,-0.61,-0.10,64.35,31.35,51.0,33.35,15.13,985.03,-16.96,2135.0,-647.50,-210.0,1,53.324,"
1784218659.928399,"01/01/2000,04:45:21.10,-1017.09,-0.49,-30.27,-0.60,-1.89,1.94,62.70,31.05,51.75,33.16,14.03,984.05,-18.42,2826.25,-1015.0,-148.75,1,53.324,"
1784218659.9551435,"01/01/2000,04:45:21.11,-979.98,-13.18,-31.74,0.45,-1.34,-1.40,63.30,31.20,51.60,33.11,13.66,985.88,-19.40,3018.75,-1015.0,-210.0,1,53.324,"
1784218659.96998,"01/01/2000,04:45:21.13,-1017.09,-17.58,49.80,0.41,-5.13,0.37,63.90,33.0,50.55,33.11,14.03,986.98,-20.01,2940.0,-1128.75,-210.0,1,53.324,"
1784218659.9879014,"01/01/2000,04:45:21.15,-1017.09,-30.27,41.99,0.57,-2.42,-0.06,63.75,31.95,49.65,33.49,14.88,986.61,-20.13,2940.0,-840.0,-148.75,1,53.324,"
1784218660.0071023,"01/01/2000,04:45:21.17,-1023.44,-38.09,32.71,-0.02,-2.73,-2.34,63.60,33.45,49.50,33.35,15.49,985.27,-20.62,3062.50,-656.25,-87.50,1,53.324,"
1784218660.0268292,"01/01/2000,04:45:21.19,-1025.88,-14.65,-30.76,0.31,-1.58,-0.96,62.40,32.55,50.55,33.25,14.76,985.03,-20.74,3255.0,-516.25,-183.75,1,53.324,"
1784218660.0449936,"01/01/2000,04:45:21.20,-1028.32,-29.79,49.32,-0.04,-2.71,-0.11,63.30,32.85,49.65,33.06,14.27,987.47,-19.03,2528.75,-638.75,-227.50,1,53.324,"
1784218660.0665894,"01/01/2000,04:45:21.23,-1017.58,9.28,-80.08,2.36,-1.29,-1.73,63.15,32.55,50.55,33.30,13.91,988.57,-18.54,1478.75,-1382.50,-183.75,1,53.324,"
1784218660.1003294,"01/01/2000,04:45:21.26,-1024.41,-7.81,-13.67,2.20,0.03,1.20,63.30,33.60,50.10,33.30,14.76,985.76,-21.47,1233.75,-1093.75,-175.0,1,53.324,"
1784218660.118041,"01/01/2000,04:45:21.28,-1037.11,-21.97,24.90,-0.92,-0.58,0.08,64.65,33.0,50.25,33.44,14.88,985.88,-21.72,953.75,-490.0,-227.50,1,53.324,"
1784218660.1402962,"01/01/2000,04:45:21.30,-1004.39,-17.58,-17.09,0.18,-1.86,1.31,64.05,31.95,51.90,33.11,15.01,987.59,-20.74,708.75,-350.0,-201.25,1,53.324,"
1784218660.1562788,"01/01/2000,04:45:21.32,-1037.60,-15.14,-24.90,-0.21,-2.16,1.13,63.75,32.85,50.85,33.16,15.13,989.05,-20.50,227.50,-463.75,-280.0,1,53.324,"
1784218660.1744857,"01/01/2000,04:45:21.33,-1010.74,-30.76,-3.91,0.63,0.05,-1.37,64.05,32.40,50.10,33.25,15.37,989.66,-20.86,-420.0,-551.25,-183.75,1,53.324,"
1784218660.1942632,"01/01/2000,04:45:21.35,-1022.95,-24.90,25.39,1.53,2.20,-2.68,65.10,32.25,50.55,33.16,14.88,989.05,-22.45,-525.0,-516.25,-227.50,1,53.324,"
1784218660.230427,"01/01/2000,04:45:21.39,-1005.86,-12.21,-42.48,0.47,0.48,-0.93,65.70,33.60,49.65,33.25,14.03,986.74,-24.89,148.75,-997.50,-262.50,1,53.324,"
1784218660.2473109,"01/01/2000,04:45:21.41,-1006.84,-21.00,22.46,0.07,0.31,-1.27,63.15,32.25,52.20,33.30,14.64,987.47,-24.40,-735.0,-743.75,-148.75,1,53.324,"
1784218660.2706575,"01/01/2000,04:45:21.43,-998.05,-29.30,-7.81,-0.65,0.87,-0.42,65.10,31.35,49.80,33.35,14.88,986.00,-25.01,-393.75,-577.50,-236.25,1,53.324,"
1784218660.3030152,"01/01/2000,04:45:21.46,-1012.21,-25.88,-12.21,1.27,3.36,0.61,64.65,33.45,51.0,33.16,14.64,986.25,-25.50,87.50,-411.25,-262.50,1,53.324,"
1784218660.3212323,"01/01/2000,04:45:21.48,-1032.71,-25.39,34.18,-0.73,0.08,-1.12,63.90,32.25,51.30,33.35,14.15,986.98,-24.89,201.25,-787.50,-236.25,1,53.324,"
1784218660.3384862,"01/01/2000,04:45:21.50,-1037.60,-20.51,15.14,-0.61,-0.12,1.37,65.40,33.0,51.0,33.25,14.40,986.98,-24.16,-122.50,-831.25,-323.75,1,53.324,"
1784218660.3594167,"01/01/2000,04:45:21.52,-1024.41,-19.04,24.41,-2.76,-1.04,-0.24,63.15,32.25,51.75,33.25,14.76,986.86,-24.52,-218.75,-875.0,-131.25,1,53.324,"
1784218660.3843017,"01/01/2000,04:45:21.54,-1019.53,-18.55,-16.11,1.44,-1.03,0.93,64.50,34.80,51.15,33.11,14.15,985.88,-25.01,735.0,-1093.75,-236.25,1,53.324,"
1784218660.405087,"01/01/2000,04:45:21.57,-1000.98,-29.79,4.88,1.57,0.92,1.21,62.40,32.55,51.30,33.30,14.03,986.25,-24.64,533.75,-1373.75,-236.25,1,53.324,"
1784218660.4268823,"01/01/2000,04:45:21.59,-1001.95,-12.70,-46.88,-0.33,2.56,-0.94,63.15,31.35,52.50,33.16,14.52,986.13,-23.18,-463.75,-848.75,-358.75,1,53.324,"
1784218660.446883,"01/01/2000,04:45:21.60,-1007.81,-18.07,-11.72,-0.85,-0.51,1.60,63.75,32.85,51.60,33.30,15.13,986.61,-22.45,-1181.25,-411.25,-201.25,1,53.324,"
1784218660.4616818,"01/01/2000,04:45:21.62,-1028.81,-11.72,41.02,-1.02,0.03,-2.31,63.75,32.40,49.35,33.30,15.13,987.71,-23.42,-945.0,-288.75,-218.75,1,53.324,"
1784218660.482601,"01/01/2000,04:45:21.64,-1030.27,-19.04,92.77,-0.21,-0.06,0.44,64.65,32.55,51.75,33.35,14.40,988.69,-24.89,-437.50,-665.0,-350.0,1,53.324,"
1784218660.5171013,"01/01/2000,04:45:21.68,-992.19,-17.09,30.76,0.04,2.23,-1.83,63.75,33.15,50.85,32.97,14.64,986.13,-24.89,-708.75,-577.50,-297.50,1,53.324,"
1784218660.5338886,"01/01/2000,04:45:21.70,-1015.14,-29.79,5.37,-0.32,-0.88,-1.54,65.25,32.40,50.10,33.30,14.52,984.54,-25.13,-446.25,-778.75,-105.0,1,53.324,"
1784218660.556219,"01/01/2000,04:45:21.72,-1005.86,-23.44,27.83,0.69,-1.72,-0.69,64.65,33.75,51.75,33.25,14.15,986.00,-25.38,358.75,-857.50,-262.50,1,53.324,"
1784218660.5733936,"01/01/2000,04:45:21.73,-1017.58,-35.64,-11.72,2.56,1.65,2.17,63.60,33.0,51.0,33.16,14.52,988.08,-24.28,131.25,-910.0,-166.25,1,53.324,"
1784218660.5908,"01/01/2000,04:45:21.75,-988.28,-36.13,41.99,-3.34,-1.33,-1.27,65.70,33.60,51.15,33.30,14.76,987.96,-23.18,-525.0,-603.75,-210.0,1,53.324,"
1784218660.607157,"01/01/2000,04:45:21.77,-996.09,-21.97,30.27,2.05,-0.34,-1.09,63.0,31.95,51.15,33.25,14.76,986.37,-23.30,-612.50,-822.50,-210.0,1,53.324,"
1784218660.6298158,"01/01/2000,04:45:21.79,-1006.84,-12.21,-28.32,1.24,-0.44,1.39,64.05,31.95,51.60,33.35,14.15,984.30,-24.64,236.25,-743.75,-271.25,1,53.324,"
1784218660.6457894,"01/01/2000,04:45:21.81,-1012.70,0.98,-46.88,0.86,1.96,0.64,64.95,31.65,50.40,33.30,14.03,986.37,-24.28,148.75,-787.50,-253.75,1,53.324,"
1784218660.6615474,"01/01/2000,04:45:21.82,-1011.72,-36.13,7.32,-0.16,1.01,0.56,63.75,33.15,51.15,33.30,14.27,988.20,-23.06,-70.0,-796.25,-192.50,1,53.324,"
1784218660.689519,"01/01/2000,04:45:21.84,-1009.28,-17.09,39.06,0.25,0.79,0.21,66.30,32.55,49.50,33.25,14.52,985.88,-22.20,-61.25,-1181.25,-262.50,1,53.324,"
1784218660.7063334,"01/01/2000,04:45:21.86,-991.70,-23.44,16.60,1.77,-0.24,-0.13,64.50,33.15,50.40,33.35,14.88,983.81,-21.35,-8.75,-1041.25,-210.0,1,53.324,"
1784218660.7254624,"01/01/2000,04:45:21.88,-1027.34,-22.46,-25.39,0.71,0.46,0.68,64.05,34.05,50.85,33.06,14.88,986.49,-21.23,-393.75,-516.25,-210.0,1,53.324,"
1784218660.7385738,"01/01/2000,04:45:21.90,-1052.25,-10.25,4.88,-0.99,2.56,0.22,64.05,32.85,50.85,33.44,14.27,989.42,-22.69,-796.25,-708.75,-262.50,1,53.324,"
1784218660.758195,"01/01/2000,04:45:21.92,-977.05,-24.41,-40.53,1.09,-1.51,-2.19,64.95,31.20,51.90,33.25,14.40,988.20,-24.64,-78.75,-892.50,-192.50,1,53.324,"
1784218660.7758403,"01/01/2000,04:45:21.94,-1007.81,-16.11,52.25,-0.18,-2.40,-1.32,63.75,33.60,51.90,33.11,14.88,985.03,-25.38,367.50,-883.75,-157.50,1,53.324,"
1784218660.7919958,"01/01/2000,04:45:21.95,-1027.34,-25.88,18.55,-0.12,-0.20,-0.15,64.35,33.0,51.0,33.25,14.76,983.20,-24.77,498.75,-778.75,-122.50,1,53.324,"
1784218660.8090568,"01/01/2000,04:45:21.97,-1058.59,-38.09,-28.32,-1.18,0.27,-0.23,64.50,33.60,51.90,33.11,14.40,984.66,-23.30,306.25,-568.75,-210.0,1,53.324,"
1784218660.8308187,"01/01/2000,04:45:21.99,-1000.0,-7.81,9.77,-1.07,-0.40,1.09,64.35,34.20,51.0,33.25,14.64,988.20,-21.47,-157.50,-148.75,-288.75,1,53.324,"
1784218660.8614705,"01/01/2000,04:45:22.03,-1018.55,-26.37,14.16,-0.37,1.92,0.28,65.10,33.75,51.0,33.25,14.88,987.35,-21.23,-227.50,-656.25,-262.50,1,53.324,"
1784218660.8834014,"01/01/2000,04:45:22.04,-1005.37,-37.11,46.88,2.25,2.21,-0.09,63.30,32.85,50.85,33.30,14.88,986.00,-22.08,306.25,-691.25,-122.50,1,53.324,"
1784218660.9105694,"01/01/2000,04:45:22.07,-1014.65,-28.81,34.18,1.27,-1.57,2.05,64.65,33.75,49.05,32.97,14.27,985.76,-22.45,175.0,-796.25,-341.25,1,53.324,"
1784218660.9295733,"01/01/2000,04:45:22.09,-1021.00,-34.18,13.18,1.11,1.80,-0.49,65.25,33.60,51.15,33.06,14.52,984.78,-21.84,43.75,-498.75,-341.25,1,53.324,"
1784218660.9491827,"01/01/2000,04:45:22.11,-1043.95,-36.13,0.49,-0.51,0.92,-1.85,64.65,32.25,49.80,33.11,14.88,984.66,-21.84,-43.75,-595.0,-280.0,1,53.324,"
1784218660.9713452,"01/01/2000,04:45:22.13,-1027.83,-43.95,27.83,2.27,0.48,1.32,65.40,33.0,52.20,33.30,15.01,986.37,-22.69,87.50,-402.50,-393.75,1,53.324,"
1784218661.000319,"01/01/2000,04:45:22.16,-1004.88,-26.86,-13.18,-2.05,0.61,-0.32,64.65,33.45,51.75,32.97,14.64,987.71,-23.42,612.50,-498.75,-236.25,1,53.324,"
1784218661.0208545,"01/01/2000,04:45:22.18,-1033.69,-6.35,-23.93,1.50,-0.52,0.77,64.95,31.95,53.10,33.11,14.40,986.49,-22.81,516.25,-560.0,-87.50,1,53.324,"
1784218661.0448282,"01/01/2000,04:45:22.20,-1001.46,-9.28,-44.43,0.06,1.15,-1.73,64.05,32.85,50.10,33.25,14.64,985.76,-22.33,472.50,-577.50,-210.0,1,53.324,"
1784218661.061412,"01/01/2000,04:45:22.22,-1031.74,-6.84,-17.09,-0.11,-1.09,-1.91,65.25,32.40,50.85,33.30,14.52,986.98,-22.69,586.25,-735.0,-245.0,1,53.324,"
1784218661.076326,"01/01/2000,04:45:22.24,-1010.25,-8.79,0.98,1.60,-1.45,3.21,64.65,33.0,50.25,33.16,14.64,987.59,-22.94,612.50,-533.75,-166.25,1,53.324,"
1784218661.093392,"01/01/2000,04:45:22.25,-1016.60,-39.55,76.17,-0.15,-0.68,-0.38,66.0,32.85,51.60,33.49,14.76,987.47,-22.94,332.50,-280.0,-253.75,1,53.324,"
1784218661.113755,"01/01/2000,04:45:22.27,-1010.25,-3.91,17.09,0.47,-0.09,-0.91,64.05,33.60,51.60,33.59,14.64,985.76,-22.81,341.25,-665.0,-175.0,1,53.324,"
1784218661.1492999,"01/01/2000,04:45:22.31,-1001.95,-5.37,-39.55,-0.50,-1.34,1.45,64.35,33.0,51.0,33.35,14.40,986.00,-22.45,717.50,-673.75,-271.25,1,53.324,"
1784218661.1698487,"01/01/2000,04:45:22.33,-1002.93,-10.25,3.91,1.21,0.05,-0.53,64.65,32.55,52.50,32.97,14.76,986.98,-21.23,-8.75,-428.75,-253.75,1,53.324,"
1784218661.1871564,"01/01/2000,04:45:22.35,-1005.86,-27.34,-2.44,0.96,-0.47,-0.85,64.35,32.55,52.50,33.25,15.13,986.98,-20.37,-122.50,-455.0,-175.0,1,53.324,"
1784218661.1948276,"01/01/2000,04:45:22.36,-1035.16,-6.84,-10.25,1.44,-0.05,0.05,64.35,32.55,50.25,33.11,15.13,987.47,-20.86,-245.0,-367.50,-43.75,1,53.324,"
1784218661.2223434,"01/01/2000,04:45:22.38,-1007.32,-31.74,33.69,0.93,1.83,1.45,64.50,34.05,51.15,33.35,14.64,988.20,-21.72,-227.50,-595.0,-210.0,1,53.324,"
1784218661.2452219,"01/01/2000,04:45:22.40,-1006.84,-25.88,44.43,0.16,2.53,-1.73,64.65,33.0,51.75,33.16,14.52,987.71,-22.81,-315.0,-551.25,-280.0,1,53.324,"
1784218661.2598898,"01/01/2000,04:45:22.42,-1022.46,6.35,-21.97,-0.43,1.15,-0.31,65.40,33.75,51.0,33.30,14.88,986.98,-23.42,-201.25,-542.50,-271.25,1,53.324,"
1784218661.2773428,"01/01/2000,04:45:22.44,-998.54,-7.32,-1.95,1.44,-2.24,-0.31,66.0,33.15,51.15,33.06,15.13,985.76,-23.91,-61.25,-603.75,-236.25,1,53.324,"
1784218661.294843,"01/01/2000,04:45:22.45,-1011.72,-27.34,-1.46,1.90,-0.24,-2.66,64.65,31.80,52.20,33.35,15.01,985.64,-23.55,192.50,-630.0,-175.0,1,53.324,"
1784218661.3138921,"01/01/2000,04:45:22.48,-1025.88,-9.28,53.22,0.02,0.37,-1.05,65.25,33.15,52.35,32.92,15.13,986.61,-22.57,-17.50,-446.25,-288.75,1,53.324,"
1784218661.331772,"01/01/2000,04:45:22.49,-1020.51,-26.37,-15.63,0.47,-1.74,-0.16,63.15,33.0,51.30,33.11,14.88,986.74,-21.96,-105.0,-525.0,-166.25,1,53.324,"
1784218661.353085,"01/01/2000,04:45:22.51,-1011.23,-8.79,15.63,0.78,-2.14,0.73,66.60,34.20,50.25,33.11,14.52,986.98,-22.33,490.0,-805.0,-148.75,1,53.324,"
1784218661.3701162,"01/01/2000,04:45:22.53,-979.00,-40.04,8.79,-0.36,-0.99,-0.94,64.35,32.25,51.75,33.11,14.40,986.98,-22.94,350.0,-883.75,-297.50,1,53.324,"
1784218661.3889854,"01/01/2000,04:45:22.55,-1005.37,-43.95,-40.04,1.26,-0.02,-0.77,64.35,30.60,54.0,33.16,14.27,985.15,-23.67,831.25,-1050.0,-113.75,1,53.324,"
1784218661.4180772,"01/01/2000,04:45:22.58,-1017.58,-4.88,-13.18,1.48,-0.15,0.06,64.65,32.25,52.95,33.11,14.40,985.15,-23.42,551.25,-901.25,-332.50,1,53.324,"
1784218661.444437,"01/01/2000,04:45:22.60,-1033.69,-9.28,-14.16,0.18,0.25,-0.25,64.65,31.80,52.20,33.30,14.64,987.59,-23.42,367.50,-743.75,-236.25,1,53.324,"
1784218661.4589636,"01/01/2000,04:45:22.62,-1018.07,-0.98,3.91,-0.62,-0.65,0.73,65.40,32.25,52.20,33.30,15.13,988.44,-22.94,656.25,-717.50,-140.0,1,53.324,"
1784218661.4752405,"01/01/2000,04:45:22.64,-999.51,-33.20,17.58,0.13,0.13,0.76,65.40,33.45,51.30,33.25,15.37,988.44,-22.20,166.25,-621.25,-157.50,1,53.324,"
1784218661.4952087,"01/01/2000,04:45:22.65,-992.19,-22.46,-7.32,-0.34,0.21,-2.06,65.25,33.60,51.15,33.25,14.88,987.22,-22.45,411.25,-743.75,-210.0,1,53.324,"
1784218661.51132,"01/01/2000,04:45:22.67,-981.45,-3.91,-48.34,-0.90,0.99,-0.34,65.40,32.55,52.20,33.11,14.15,986.49,-23.67,621.25,-1286.25,-271.25,1,53.324,"
1784218661.5281653,"01/01/2000,04:45:22.69,-1006.84,-30.76,18.07,-1.82,-1.08,0.56,66.45,32.40,51.60,33.25,14.03,985.27,-24.52,953.75,-1268.75,-271.25,1,53.324,"
1784218661.5675943,"01/01/2000,04:45:22.73,-1036.13,-34.18,-3.42,-2.21,-1.14,-0.42,64.50,32.85,50.85,33.35,15.86,985.03,-19.15,883.75,-122.50,-175.0,1,53.324,"
1784218661.5844216,"01/01/2000,04:45:22.75,-1013.67,-42.97,-6.84,0.59,-0.82,0.69,65.70,32.40,51.60,33.25,15.98,985.88,-14.64,665.0,175.0,-227.50,1,53.324,"
1784218661.6053662,"01/01/2000,04:45:22.77,-1016.11,-10.74,19.04,-0.53,3.14,-2.76,65.10,31.80,51.0,33.30,15.62,987.71,-11.96,-323.75,-166.25,-192.50,1,53.324,"
1784218661.6229005,"01/01/2000,04:45:22.78,-1008.30,-22.95,19.04,0.44,-0.28,-0.43,65.25,33.15,51.60,33.25,14.64,989.18,-13.91,-472.50,-673.75,-350.0,1,53.324,"
1784218661.644756,"01/01/2000,04:45:22.80,-1014.65,-32.23,11.72,1.31,-2.20,1.23,64.65,32.25,51.30,33.16,14.40,986.49,-17.93,743.75,-805.0,-297.50,1,53.324,"
1784218661.6615832,"01/01/2000,04:45:22.82,-1024.41,-15.63,14.16,0.61,-2.40,-1.09,64.95,32.85,52.35,33.25,14.52,983.69,-18.06,2257.50,-813.75,-218.75,1,53.324,"
1784218661.679546,"01/01/2000,04:45:22.84,-1022.95,-41.99,21.00,0.39,-2.86,-2.0,66.30,32.25,52.20,33.30,14.64,985.03,-14.52,2056.25,-910.0,-306.25,1,53.324,"
1784218661.69737,"01/01/2000,04:45:22.86,-1004.88,0.49,-22.46,-0.27,-0.59,-2.39,66.30,32.25,52.20,33.25,15.25,987.22,-11.47,1111.25,-560.0,-288.75,1,53.324,"
1784218661.7132788,"01/01/2000,04:45:22.87,-1040.53,-20.51,25.88,0.38,-0.07,0.52,63.60,32.25,52.50,33.25,15.37,988.69,-10.25,840.0,-577.50,-245.0,1,53.324,"
1784218661.7529898,"01/01/2000,04:45:22.91,-1008.30,-5.86,-30.27,-0.61,-3.08,-2.77,65.10,32.25,51.30,33.06,14.76,985.64,-16.84,1575.0,-673.75,-166.25,1,53.324,"
1784218661.7877214,"01/01/2000,04:45:22.95,-1104.49,-61.52,78.61,-0.30,0.49,1.06,64.35,34.20,51.75,33.35,14.52,985.27,-18.79,1522.50,-892.50,-271.25,1,53.324,"
1784218661.8057077,"01/01/2000,04:45:22.97,-974.12,-19.04,-47.36,-0.65,-1.07,-1.50,65.25,32.85,51.60,33.30,15.01,986.49,-18.54,1391.25,-682.50,-166.25,1,53.324,"
1784218661.826421,"01/01/2000,04:45:22.99,-1014.16,-22.95,5.86,0.86,-0.90,-1.39,63.15,29.85,55.20,33.16,15.01,988.44,-19.52,866.25,-735.0,-253.75,1,53.324,"
1784218661.843167,"01/01/2000,04:45:23.00,-1028.32,-30.27,8.30,-0.23,-1.65,-1.91,67.05,33.45,51.0,33.35,14.76,987.35,-22.69,953.75,-857.50,-227.50,1,53.324,"
1784218661.8630543,"01/01/2000,04:45:23.03,-1019.53,-28.32,-8.30,0.05,-0.92,-1.01,65.25,31.95,51.90,33.25,14.64,985.27,-25.38,1540.0,-761.25,-227.50,1,53.324,"
1784218661.8992631,"01/01/2000,04:45:23.06,-1010.25,-10.25,-40.04,1.53,-1.35,0.53,65.25,34.05,52.35,33.30,14.64,986.49,-25.50,813.75,-717.50,-227.50,1,53.324,"
1784218661.9286854,"01/01/2000,04:45:23.08,-1022.46,-28.81,6.84,1.63,-0.71,2.86,64.50,31.65,53.85,33.35,15.13,986.98,-26.72,953.75,-621.25,-306.25,1,53.324,"
1784218661.9650748,"01/01/2000,04:45:23.13,-1023.44,-14.16,-5.86,-2.79,-2.05,-0.61,63.90,32.25,52.20,33.30,15.01,986.00,-28.30,857.50,-612.50,-262.50,1,53.324,"
1784218661.9800835,"01/01/2000,04:45:23.14,-1008.30,-20.02,-20.51,-1.16,-0.09,2.14,64.35,33.0,51.30,33.16,14.88,986.49,-28.30,726.25,-647.50,-218.75,1,53.324,"
1784218661.9953804,"01/01/2000,04:45:23.16,-1024.90,-28.81,26.37,-1.11,-0.03,0.30,64.95,32.85,51.60,33.25,14.88,986.74,-28.79,656.25,-708.75,-306.25,1,53.324,"
1784218662.0239727,"01/01/2000,04:45:23.18,-991.21,-22.46,27.83,-0.15,0.24,-0.37,65.40,33.45,51.75,33.11,15.01,986.49,-29.65,691.25,-787.50,-175.0,1,53.324,"
1784218662.038649,"01/01/2000,04:45:23.20,-1030.27,-28.32,32.23,-1.85,0.86,-1.89,65.10,32.55,51.30,33.35,15.37,986.37,-29.77,787.50,-726.25,-61.25,1,53.324,"
1784218662.0594122,"01/01/2000,04:45:23.22,-1014.16,-12.70,-42.97,0.17,0.40,-1.70,63.75,31.65,51.60,33.11,15.13,986.49,-30.01,743.75,-498.75,-218.75,1,53.324,"
1784218662.0767262,"01/01/2000,04:45:23.24,-1006.84,-28.81,5.86,1.39,-0.63,-0.47,65.70,32.85,51.90,33.11,14.76,986.61,-30.26,498.75,-752.50,-210.0,1,53.324,"
1784218662.0935616,"01/01/2000,04:45:23.25,-1001.46,-3.91,-57.13,1.14,-0.82,0.63,62.55,33.15,53.10,33.35,14.76,986.49,-30.74,420.0,-682.50,-288.75,1,53.324,"
1784218662.1107707,"01/01/2000,04:45:23.27,-1042.97,-29.30,12.21,1.70,-1.45,1.11,65.25,33.60,51.90,32.97,15.01,986.49,-31.23,717.50,-708.75,-157.50,1,53.324,"
1784218662.1282077,"01/01/2000,04:45:23.29,-1027.83,-16.11,-40.53,0.48,0.13,0.39,65.70,33.15,51.90,33.35,15.13,986.74,-31.23,656.25,-770.0,-271.25,1,53.324,"
1784218662.1668415,"01/01/2000,04:45:23.33,-1010.25,-10.25,-46.39,0.56,-0.13,1.52,63.90,32.55,52.20,33.35,14.76,986.37,-31.48,542.50,-551.25,-253.75,1,53.324,"
1784218662.1839373,"01/01/2000,04:45:23.34,-1016.11,-22.95,-35.64,1.76,-2.47,-0.47,65.25,32.85,53.85,33.25,14.76,986.25,-31.72,560.0,-726.25,-175.0,1,53.324,"
1784218662.1995876,"01/01/2000,04:45:23.36,-1018.55,-31.74,32.71,0.61,-2.05,0.06,65.25,33.15,52.35,33.11,14.76,986.37,-31.72,708.75,-735.0,-253.75,1,53.324,"
1784218662.226349,"01/01/2000,04:45:23.38,-1035.64,-23.44,22.46,1.79,-1.12,-2.49,66.0,31.95,52.35,33.35,15.01,986.61,-32.21,350.0,-700.0,-87.50,1,53.324,"
1784218662.241942,"01/01/2000,04:45:23.40,-1010.25,-56.15,47.85,0.58,1.08,-0.15,65.10,33.75,54.15,33.35,15.01,986.49,-32.09,472.50,-603.75,-245.0,1,53.324,"
1784218662.259375,"01/01/2000,04:45:23.42,-1008.79,-23.44,6.84,1.65,-0.11,-1.03,64.65,32.55,52.50,33.25,14.76,986.25,-32.33,437.50,-673.75,-236.25,1,53.324,"
1784218662.27839,"01/01/2000,04:45:23.44,-1019.04,-7.81,31.25,-0.14,-1.60,-2.82,65.10,33.75,52.20,33.25,14.52,986.37,-32.45,376.25,-691.25,-262.50,1,53.324,"
1784218662.2952414,"01/01/2000,04:45:23.46,-995.12,-20.02,17.09,1.29,1.41,-0.47,61.80,32.40,53.85,33.16,14.52,986.37,-32.21,516.25,-831.25,-148.75,1,53.324,"
1784218662.3128932,"01/01/2000,04:45:23.47,-1003.91,-28.81,17.09,0.31,0.10,-0.35,65.25,32.40,51.90,33.16,14.64,986.37,-32.45,297.50,-612.50,-271.25,1,53.324,"
1784218662.3281622,"01/01/2000,04:45:23.49,-1029.30,10.25,-11.72,0.40,-0.63,-2.85,65.25,33.15,51.90,33.11,14.76,986.37,-32.57,358.75,-603.75,-271.25,1,53.324,"
1784218662.35123,"01/01/2000,04:45:23.51,-1003.42,-17.58,-35.64,1.37,0.24,-1.85,66.0,32.85,53.40,32.82,15.01,986.37,-32.82,358.75,-612.50,-306.25,1,53.324,"
1784218662.3688247,"01/01/2000,04:45:23.53,-1017.09,-38.57,41.99,0.35,-2.90,0.43,65.40,32.25,52.95,33.11,14.88,986.25,-32.94,437.50,-612.50,-192.50,1,53.324,"
1784218662.394918,"01/01/2000,04:45:23.56,-1020.02,-19.04,14.65,-1.03,-1.06,0.77,63.75,32.40,52.65,33.44,14.64,986.00,-32.94,411.25,-612.50,-192.50,1,53.324,"
1784218662.4301124,"01/01/2000,04:45:23.59,-1005.86,-30.27,9.28,0.44,-3.24,0.79,65.25,32.85,52.35,33.06,14.76,986.25,-33.18,315.0,-778.75,-192.50,1,53.324,"
1784218662.4510615,"01/01/2000,04:45:23.61,-1046.88,-15.63,-0.98,-0.22,0.40,-0.64,64.05,31.95,53.85,33.35,14.88,986.49,-33.18,472.50,-630.0,-236.25,1,53.324,"
1784218662.4685278,"01/01/2000,04:45:23.63,-1007.32,-28.32,4.39,-0.40,-1.79,-0.70,63.60,33.0,52.95,33.16,14.88,986.37,-33.18,358.75,-682.50,-218.75,1,53.324,"
1784218662.4930453,"01/01/2000,04:45:23.65,-1010.25,-17.09,-32.23,1.53,1.0,1.13,63.75,33.15,52.65,33.44,14.88,986.00,-33.18,332.50,-673.75,-385.0,1,53.324,"
1784218662.5092444,"01/01/2000,04:45:23.67,-1020.51,1.46,33.20,-0.32,-0.25,0.40,64.95,34.05,50.85,33.25,14.88,986.25,-33.43,332.50,-735.0,-192.50,1,53.324,"
1784218662.5256681,"01/01/2000,04:45:23.68,-1006.84,-26.37,12.21,0.15,-0.11,-0.15,65.40,33.45,52.20,33.25,15.01,986.49,-33.55,367.50,-665.0,-113.75,1,53.324,"
1784218662.5409186,"01/01/2000,04:45:23.70,-1023.93,-18.55,8.79,1.55,-0.76,1.40,63.75,34.05,52.35,33.11,14.76,986.25,-33.67,420.0,-848.75,-271.25,1,53.324,"
1784218662.561927,"01/01/2000,04:45:23.72,-1028.32,-25.88,28.81,0.15,-0.47,1.61,65.10,30.15,54.45,32.77,14.88,986.37,-33.67,210.0,-630.0,-157.50,1,53.324,"
1784218662.5782695,"01/01/2000,04:45:23.74,-1021.48,-35.16,41.02,-1.82,-1.85,1.68,64.50,32.85,53.10,33.35,14.64,986.13,-33.92,227.50,-735.0,-210.0,1,53.324,"
1784218662.595012,"01/01/2000,04:45:23.76,-1008.79,-22.95,-4.88,2.25,2.13,0.26,65.25,33.15,52.35,33.11,14.76,986.00,-34.04,227.50,-700.0,-245.0,1,53.324,"
1784218662.6131544,"01/01/2000,04:45:23.77,-1023.44,-36.13,35.16,3.24,1.20,0.55,64.05,31.95,52.35,33.11,14.64,985.88,-33.92,341.25,-560.0,-262.50,1,53.324,"
1784218662.6346178,"01/01/2000,04:45:23.79,-1035.64,-25.39,28.81,2.34,-2.01,0.69,65.85,32.25,52.95,33.11,14.88,986.13,-33.92,245.0,-822.50,-131.25,1,53.324,"
1784218662.6508715,"01/01/2000,04:45:23.81,-1019.04,-19.04,28.32,1.98,-0.27,0.22,63.75,33.15,51.90,33.30,14.88,986.13,-34.16,367.50,-630.0,-280.0,1,53.324,"
1784218662.6614213,"01/01/2000,04:45:23.83,-1019.04,-11.72,-14.16,0.0,-0.46,0.29,63.90,31.80,52.50,33.11,14.88,986.25,-34.16,288.75,-595.0,-87.50,1,53.324,"
1784218662.689557,"01/01/2000,04:45:23.85,-1013.18,-17.09,-2.93,1.07,1.01,1.17,66.30,33.0,51.30,33.25,14.88,986.13,-34.16,332.50,-551.25,-201.25,1,53.324,"
1784218662.7242222,"01/01/2000,04:45:23.88,-1025.39,-21.48,22.95,0.18,0.50,-1.48,64.95,32.40,52.35,33.11,15.13,986.25,-34.28,315.0,-656.25,-166.25,1,53.324,"
1784218662.740486,"01/01/2000,04:45:23.90,-1041.99,-8.30,36.62,0.13,2.90,-0.66,64.95,34.35,50.85,33.11,15.13,986.13,-34.16,280.0,-691.25,-245.0,1,53.324,"
1784218662.762052,"01/01/2000,04:45:23.92,-1031.25,-37.11,5.37,0.81,-2.08,-1.29,65.40,31.35,52.95,33.25,15.01,986.13,-34.28,297.50,-446.25,-157.50,1,53.324,"
1784218662.7795753,"01/01/2000,04:45:23.94,-1033.69,-23.93,0.49,-0.68,-0.92,0.25,62.70,33.45,52.50,33.35,14.88,986.00,-34.53,332.50,-700.0,-131.25,1,53.324,"
1784218662.800786,"01/01/2000,04:45:23.96,-1015.14,-28.81,52.73,0.40,-2.09,-0.30,64.35,32.25,52.20,33.35,15.01,986.25,-34.65,218.75,-752.50,-358.75,1,53.324,"
1784218662.8238406,"01/01/2000,04:45:23.97,-1037.60,-31.25,19.04,-1.50,0.04,0.14,64.65,33.0,53.25,33.16,15.13,986.13,-34.65,297.50,-472.50,-210.0,1,53.324,"
1784218662.841057,"01/01/2000,04:45:24.00,-1012.70,-34.18,5.37,0.03,-0.09,-2.32,66.0,33.15,53.85,33.30,14.88,986.00,-34.77,376.25,-691.25,-262.50,1,53.324,"
1784218662.8522565,"01/01/2000,04:45:24.01,-1020.02,-20.02,11.23,0.21,1.15,0.80,64.95,32.40,52.65,33.11,14.64,986.00,-34.89,411.25,-700.0,-192.50,1,53.324,"
1784218662.86852,"01/01/2000,04:45:24.03,-1029.30,-43.95,-0.98,-0.05,0.71,-1.19,64.95,33.15,52.35,33.35,14.76,986.25,-35.01,385.0,-717.50,-218.75,1,53.324,"
1784218662.8868117,"01/01/2000,04:45:24.05,-1015.14,-26.86,-12.70,2.27,-0.12,0.83,64.05,33.15,52.35,33.49,14.88,986.00,-34.77,350.0,-761.25,-201.25,1,53.324,"
1784218662.9109046,"01/01/2000,04:45:24.07,-1023.44,-20.51,-6.35,-0.33,-1.83,-0.97,65.70,32.40,52.65,33.35,15.25,985.88,-34.89,262.50,-638.75,-105.0,1,53.324,"
1784218662.9255798,"01/01/2000,04:45:24.09,-1030.27,6.35,-3.42,0.56,-2.48,0.23,65.85,33.75,52.50,33.35,15.01,985.76,-35.01,332.50,-700.0,-262.50,1,53.324,"
1784218662.95022,"01/01/2000,04:45:24.11,-1023.93,-30.27,54.20,0.88,-1.03,-0.98,64.65,32.25,52.95,33.30,15.01,985.88,-35.14,411.25,-516.25,-78.75,1,53.324,"
1784218662.97799,"01/01/2000,04:45:24.13,-1035.16,-31.74,64.45,0.35,0.72,-0.14,61.20,31.05,54.0,33.35,15.13,985.76,-35.14,271.25,-726.25,-218.75,1,53.324,"
1784218662.9925408,"01/01/2000,04:45:24.15,-1008.79,-30.76,27.83,-1.74,-0.34,0.50,65.70,34.05,52.65,33.16,15.13,986.00,-35.14,271.25,-787.50,-157.50,1,53.324,"
1784218663.0240757,"01/01/2000,04:45:24.18,-992.68,-31.74,42.97,0.50,-0.12,0.21,65.25,34.05,52.65,33.35,15.01,985.88,-35.14,341.25,-796.25,-288.75,1,53.324,"
1784218663.044751,"01/01/2000,04:45:24.21,-1013.67,-33.20,24.41,-0.46,0.51,-0.91,65.25,31.65,52.35,33.06,15.01,986.13,-35.14,183.75,-726.25,-236.25,1,53.324,"
1784218663.0621421,"01/01/2000,04:45:24.22,-1010.25,-38.57,60.06,-0.26,-2.98,-1.81,65.40,33.75,53.25,33.44,15.01,986.13,-35.01,148.75,-647.50,-271.25,1,53.324,"
1784218663.0806646,"01/01/2000,04:45:24.24,-1016.60,-20.02,32.71,-1.18,0.89,0.98,63.60,33.0,51.75,33.30,14.88,985.88,-35.14,288.75,-647.50,-218.75,1,53.324,"
1784218663.118302,"01/01/2000,04:45:24.28,-1049.80,-37.11,10.74,-1.26,0.05,-1.0,64.50,31.95,52.35,33.16,14.64,986.00,-35.26,210.0,-700.0,-262.50,1,53.324,"
1784218663.1408873,"01/01/2000,04:45:24.30,-1026.86,-21.00,-9.28,2.23,0.85,0.40,64.65,32.55,53.70,33.25,15.01,986.13,-35.26,218.75,-490.0,-297.50,1,53.324,"
1784218663.1552978,"01/01/2000,04:45:24.31,-1008.30,2.44,-33.20,2.65,1.49,0.67,64.65,33.45,53.70,33.16,14.76,986.00,-35.26,253.75,-778.75,-315.0,1,53.324,"
1784218663.1730797,"01/01/2000,04:45:24.33,-1005.37,-24.90,-16.11,-0.28,0.15,-2.22,65.10,31.05,52.50,33.25,14.76,986.00,-35.38,201.25,-805.0,-35.0,1,53.324,"
1784218663.191058,"01/01/2000,04:45:24.35,-1018.07,-28.32,24.90,-1.53,-0.22,0.66,64.95,32.40,51.60,33.16,14.88,985.88,-35.50,288.75,-656.25,-288.75,1,53.324,"
1784218663.2054477,"01/01/2000,04:45:24.37,-988.77,-21.97,-9.77,-0.01,0.60,-0.50,63.0,32.40,55.80,33.11,14.88,986.13,-35.50,227.50,-586.25,-210.0,1,53.324,"
1784218663.2249844,"01/01/2000,04:45:24.39,-1016.60,-29.30,-6.84,1.08,0.08,1.62,65.10,33.75,51.0,33.11,14.76,986.25,-35.38,315.0,-612.50,-297.50,1,53.324,"
1784218663.2456667,"01/01/2000,04:45:24.41,-982.91,-7.81,0.0,1.02,1.35,1.46,65.70,32.40,54.15,33.25,14.88,986.13,-35.50,192.50,-743.75,-201.25,1,53.324,"
1784218663.2636874,"01/01/2000,04:45:24.42,-1004.39,-35.64,-4.39,0.48,-3.39,0.89,65.25,32.85,51.90,33.35,14.76,986.00,-35.62,236.25,-761.25,-192.50,1,53.324,"
1784218663.280764,"01/01/2000,04:45:24.44,-1021.00,-10.25,-29.79,-1.12,-0.16,-0.19,63.30,34.35,52.65,33.06,14.88,986.13,-35.87,315.0,-656.25,-183.75,1,53.324,"
1784218663.2984142,"01/01/2000,04:45:24.46,-974.61,-10.25,-17.58,0.26,-2.25,1.85,64.65,33.45,51.75,33.11,14.64,986.13,-35.50,105.0,-778.75,-262.50,1,53.324,"
1784218663.3206468,"01/01/2000,04:45:24.48,-1023.44,-38.09,45.90,-0.41,0.82,-1.24,65.85,33.75,53.25,33.30,14.64,986.13,-35.50,218.75,-743.75,-157.50,1,53.324,"
1784218663.3385053,"01/01/2000,04:45:24.50,-1036.13,-17.58,0.98,0.33,-0.17,-0.20,64.95,31.95,53.40,33.35,14.76,986.00,-35.62,280.0,-708.75,-280.0,1,53.324,"
1784218663.3552098,"01/01/2000,04:45:24.51,-1000.98,-11.23,-7.32,-0.71,-2.14,-0.66,64.65,33.0,52.20,33.16,14.64,986.13,-35.62,166.25,-638.75,-332.50,1,53.324,"
1784218663.3711185,"01/01/2000,04:45:24.53,-1018.55,-36.13,3.91,1.47,-2.05,0.39,64.35,32.55,53.70,33.11,14.40,986.00,-35.62,210.0,-577.50,-262.50,1,53.324,"
1784218663.3944292,"01/01/2000,04:45:24.55,-1008.79,3.91,46.88,-1.19,0.24,-1.75,64.65,32.25,52.95,33.16,14.64,986.00,-35.62,218.75,-691.25,-262.50,1,53.324,"
1784218663.4259927,"01/01/2000,04:45:24.59,-1006.84,-1.95,-7.32,-1.50,1.01,0.60,65.10,34.20,50.55,33.35,14.76,986.00,-35.62,262.50,-840.0,-280.0,1,53.324,"
1784218663.4522207,"01/01/2000,04:45:24.61,-1025.88,-14.16,-5.37,1.75,-0.28,2.01,65.25,33.15,52.35,33.35,14.88,985.88,-35.75,306.25,-647.50,-245.0,1,53.324,"
1784218663.4737551,"01/01/2000,04:45:24.63,-1012.70,-18.55,55.66,2.30,-1.39,-1.54,64.05,30.45,53.10,33.35,14.88,986.13,-35.87,358.75,-682.50,-157.50,1,53.324,"
1784218663.4906507,"01/01/2000,04:45:24.65,-1004.88,-7.32,21.97,0.26,-2.76,-0.97,64.65,34.65,51.30,33.49,14.88,986.25,-35.87,227.50,-577.50,-253.75,1,53.324,"
1784218663.5128212,"01/01/2000,04:45:24.67,-1009.28,-21.97,-39.55,-0.04,0.54,-1.93,64.05,31.65,52.65,33.25,14.88,986.13,-35.87,245.0,-700.0,-218.75,1,53.324,"
1784218663.5282736,"01/01/2000,04:45:24.69,-990.72,-9.28,-21.00,1.21,-0.21,-0.91,64.65,33.0,52.95,32.82,15.13,985.88,-36.11,376.25,-638.75,-236.25,1,53.324,"
1784218663.5470994,"01/01/2000,04:45:24.71,-1017.58,-11.72,-1.46,1.32,-0.28,1.60,64.95,31.65,53.40,33.16,14.88,985.88,-36.11,218.75,-682.50,-192.50,1,53.324,"
1784218663.5640852,"01/01/2000,04:45:24.72,-1019.53,-23.93,7.81,-1.32,1.15,0.85,66.45,33.60,51.60,33.16,14.88,986.00,-36.23,306.25,-656.25,-227.50,1,53.324,"
1784218663.602216,"01/01/2000,04:45:24.76,-1004.88,-21.00,5.86,1.48,-2.81,1.60,64.95,32.85,52.65,33.35,15.13,985.64,-36.11,192.50,-656.25,-201.25,1,53.324,"
1784218663.6200368,"01/01/2000,04:45:24.78,-1022.95,-31.74,-29.79,0.91,1.50,1.81,64.50,33.60,53.40,33.06,15.13,985.64,-36.23,245.0,-717.50,-306.25,1,53.324,"
1784218663.636872,"01/01/2000,04:45:24.80,-1051.76,-24.41,-8.79,1.44,1.72,1.90,66.30,31.35,52.20,33.44,14.88,986.00,-36.23,350.0,-656.25,-218.75,1,53.324,"
1784218663.6590235,"01/01/2000,04:45:24.82,-1026.86,-8.30,-15.63,-1.04,-0.56,0.74,64.35,33.0,52.50,33.35,14.88,986.00,-36.11,131.25,-717.50,-210.0,1,53.324,"
1784218663.6794603,"01/01/2000,04:45:24.84,-1017.09,-7.81,3.42,0.07,-0.20,-1.16,64.50,33.15,53.40,33.44,14.88,986.37,-36.23,175.0,-630.0,-210.0,1,53.324,"
1784218663.6949918,"01/01/2000,04:45:24.85,-1016.60,0.49,18.55,-1.55,-0.47,-0.06,65.25,33.15,52.35,33.16,14.88,986.25,-36.36,280.0,-595.0,-175.0,1,53.324,"
1784218663.7112896,"01/01/2000,04:45:24.87,-1021.97,-28.32,39.06,-1.35,-2.75,0.94,65.70,32.40,52.35,33.35,14.88,986.00,-36.60,306.25,-560.0,-227.50,1,53.324,"
1784218663.7282386,"01/01/2000,04:45:24.89,-1022.46,-32.23,-1.46,2.44,-2.91,-0.95,65.10,32.55,51.75,33.16,14.88,986.00,-36.72,350.0,-717.50,-245.0,1,53.324,"
1784218663.7474353,"01/01/2000,04:45:24.91,-1054.69,-26.86,14.65,0.53,0.72,-0.70,65.25,33.60,53.85,33.16,15.01,986.25,-36.60,183.75,-577.50,-201.25,1,53.324,"
1784218663.7712097,"01/01/2000,04:45:24.93,-1029.79,-50.29,25.39,0.85,1.29,-1.21,66.0,32.40,51.90,33.30,14.88,986.25,-36.60,280.0,-682.50,-367.50,1,53.324,"
1784218663.794896,"01/01/2000,04:45:24.96,-1034.18,10.74,-49.80,0.12,-0.21,2.73,64.95,33.60,52.65,33.06,14.88,985.27,-34.16,945.0,-437.50,-288.75,1,53.324,"
1784218663.82384,"01/01/2000,04:45:24.98,-1011.23,-6.84,16.60,-1.61,-0.52,-0.84,65.10,33.45,51.75,33.30,15.13,985.76,-33.18,673.75,-393.75,-201.25,1,53.324,"
1784218663.8378541,"01/01/2000,04:45:25.00,-1008.79,-34.67,31.74,-0.99,-1.13,0.08,64.50,31.95,53.10,33.11,15.13,983.56,-32.70,1977.50,-402.50,-175.0,1,53.324,"
1784218663.8553915,"01/01/2000,04:45:25.02,-1041.50,-13.67,30.27,0.05,-1.11,-1.60,65.10,34.20,52.20,33.30,14.76,983.93,-32.09,2152.50,-726.25,-262.50,1,53.324,"
1784218663.8760242,"01/01/2000,04:45:25.04,-1001.95,-8.30,-22.46,0.53,-1.42,0.76,66.45,32.40,53.40,33.11,14.88,985.76,-30.62,1916.25,-700.0,-236.25,1,53.324,"
1784218663.893679,"01/01/2000,04:45:25.05,-1023.44,-20.51,-46.88,1.29,-2.25,1.49,64.95,34.05,53.10,33.35,14.64,984.91,-30.38,2861.25,-455.0,-166.25,1,53.324,"
1784218663.9120135,"01/01/2000,04:45:25.07,-1013.67,-8.79,-32.71,1.33,-3.41,-1.51,64.50,32.40,51.90,33.11,14.88,984.30,-29.77,3438.75,-805.0,-210.0,1,53.324,"
1784218663.9296613,"01/01/2000,04:45:25.09,-992.68,-36.13,36.13,-0.57,-2.64,0.62,65.40,34.65,51.75,33.30,15.13,984.30,-28.06,3596.25,-358.75,-201.25,1,53.324,"
1784218663.9562154,"01/01/2000,04:45:25.11,-1025.88,-30.27,62.50,-2.38,-4.66,0.02,65.25,31.95,51.90,33.35,14.88,984.91,-27.45,3395.0,-717.50,-192.50,1,53.324,"
1784218663.9949822,"01/01/2000,04:45:25.16,-1028.32,-20.02,4.88,-0.34,-2.24,-0.02,63.15,32.25,54.0,33.35,14.64,984.54,-33.92,3316.25,-1181.25,-157.50,1,53.324,"
1784218664.0189147,"01/01/2000,04:45:25.18,-1027.34,-28.81,5.37,0.42,-0.88,0.81,64.95,32.85,52.35,33.25,14.64,984.66,-32.70,2502.50,-1601.25,61.25,1,53.324,"
1784218664.0511966,"01/01/2000,04:45:25.21,-1024.90,0.0,-23.44,0.66,-3.53,0.27,64.05,33.15,53.10,33.35,15.13,988.81,-36.11,2222.50,-980.0,-140.0,1,53.324,"
1784218664.066123,"01/01/2000,04:45:25.23,-1028.81,-7.81,72.27,-0.14,-2.69,0.06,65.70,32.85,51.60,33.30,14.88,988.57,-37.45,2108.75,-1443.75,-210.0,1,53.324,"
1784218664.0895169,"01/01/2000,04:45:25.25,-1015.14,-19.04,46.88,0.08,-2.47,1.12,64.35,33.0,52.50,33.35,14.88,985.52,-38.31,1347.50,-1487.50,-78.75,1,53.324,"
1784218664.1095183,"01/01/2000,04:45:25.27,-1000.49,-3.42,0.98,4.23,-2.18,0.08,65.85,32.25,52.20,33.25,14.52,983.69,-41.24,1417.50,-1723.75,-52.50,1,53.324,"
1784218664.1250532,"01/01/2000,04:45:25.28,-1016.60,-15.14,15.63,4.47,-0.26,-1.48,65.85,32.25,52.20,33.44,13.91,984.54,-44.16,1627.50,-2327.50,-105.0,1,53.324,"
1784218664.1463087,"01/01/2000,04:45:25.31,-1010.25,-33.20,-35.64,-0.09,0.88,0.20,64.35,32.55,55.20,33.25,13.91,987.22,-44.29,866.25,-2668.75,-236.25,1,53.324,"
1784218664.180118,"01/01/2000,04:45:25.34,-1009.28,-35.64,62.99,0.08,-0.86,1.12,65.40,33.75,53.25,33.16,14.40,987.22,-45.63,612.50,-3045.0,0.0,1,53.324,"
1784218664.1953325,"01/01/2000,04:45:25.36,-990.23,-6.84,15.14,1.87,-1.39,-0.27,64.50,32.40,54.15,33.16,15.62,986.00,-47.21,892.50,-2213.75,-183.75,1,53.324,"
1784218664.2356098,"01/01/2000,04:45:25.40,-1005.86,-38.09,66.89,0.21,-0.73,0.43,63.30,31.65,51.90,33.30,16.71,986.98,-48.19,472.50,-140.0,-192.50,1,53.324,"
1784218664.2491932,"01/01/2000,04:45:25.41,-1014.16,-24.41,30.27,-0.25,1.07,2.75,64.65,33.45,52.95,33.49,16.71,987.59,-49.53,525.0,-262.50,-175.0,1,53.324,"
1784218664.2701356,"01/01/2000,04:45:25.43,-1009.28,-1.95,-16.11,-0.29,0.65,-1.60,63.75,31.95,53.10,33.11,17.57,986.98,-47.21,-183.75,1041.25,-385.0,1,53.324,"
1784218664.2910464,"01/01/2000,04:45:25.45,-994.63,-41.50,50.78,-0.05,0.54,-1.39,64.65,33.0,52.20,33.06,16.35,983.32,-49.17,402.50,210.0,-218.75,1,53.324,"
1784218664.3131223,"01/01/2000,04:45:25.47,-1003.42,-30.76,28.81,1.30,0.15,3.16,64.95,31.95,53.10,33.30,14.40,983.20,-51.48,428.75,-1137.50,-157.50,1,53.324,"
1784218664.333181,"01/01/2000,04:45:25.49,-1015.63,-23.44,60.06,-0.12,0.37,-1.92,64.95,33.60,52.65,33.06,14.64,983.32,-53.80,437.50,-1111.25,-157.50,1,53.324,"
1784218664.3644524,"01/01/2000,04:45:25.52,-1032.23,-6.84,-51.27,3.28,0.60,0.06,63.75,33.15,54.15,33.30,15.01,987.35,-47.21,-166.25,-1041.25,-148.75,1,53.324,"
1784218664.3952653,"01/01/2000,04:45:25.56,-1029.30,7.81,8.79,3.21,-0.24,3.41,64.05,31.95,52.65,33.16,15.49,988.32,-49.65,26.25,-542.50,-218.75,1,53.324,"
1784218664.4235208,"01/01/2000,04:45:25.58,-1014.65,-3.91,18.07,0.98,-0.43,1.53,64.05,32.85,53.40,33.11,15.62,985.15,-51.36,227.50,-297.50,-262.50,1,53.324,"
1784218664.436316,"01/01/2000,04:45:25.60,-1028.81,6.35,45.41,1.62,1.56,-0.49,64.95,33.15,51.90,33.11,15.49,984.05,-51.36,26.25,87.50,-227.50,1,53.324,"
1784218664.4536505,"01/01/2000,04:45:25.61,-1032.23,-31.74,3.42,-2.30,-1.15,0.43,64.35,32.25,52.50,32.97,15.37,984.78,-51.61,-35.0,-61.25,-271.25,1,53.324,"
1784218664.4717863,"01/01/2000,04:45:25.63,-1005.86,-12.70,15.63,-2.45,-2.40,1.91,63.90,33.75,52.95,33.30,15.62,985.76,-52.22,306.25,-96.25,-288.75,1,53.324,"
1784218664.4976416,"01/01/2000,04:45:25.66,-1030.27,-71.78,99.12,-1.74,0.33,0.73,66.45,33.15,52.65,33.25,15.74,984.66,-51.00,393.75,-236.25,-288.75,1,53.324,"
1784218664.518157,"01/01/2000,04:45:25.68,-1045.41,-16.60,-61.52,0.21,-0.45,-0.69,63.15,32.55,53.70,33.30,15.25,984.78,-49.04,157.50,-472.50,-393.75,1,53.324,"
1784218664.5381913,"01/01/2000,04:45:25.70,-1023.93,-25.39,-6.84,1.45,-1.05,-0.20,65.40,33.0,52.95,33.25,14.64,985.52,-49.41,280.0,-770.0,-393.75,1,53.324,"
1784218664.5546768,"01/01/2000,04:45:25.71,-1027.83,-11.23,-28.32,-1.11,0.42,0.38,63.60,31.35,53.70,32.97,14.88,986.49,-50.39,70.0,-735.0,-192.50,1,53.324,"
1784218664.590559,"01/01/2000,04:45:25.75,-1013.67,-27.83,19.53,0.63,-0.51,0.56,62.55,32.85,54.15,33.25,15.49,984.17,-51.00,262.50,-376.25,-245.0,1,53.324,"
1784218664.6051204,"01/01/2000,04:45:25.77,-1013.67,-27.34,49.32,-1.16,-0.47,-0.89,65.10,32.55,53.70,33.25,15.13,984.54,-51.12,122.50,-393.75,-166.25,1,53.324,"
1784218664.6290197,"01/01/2000,04:45:25.79,-1024.41,-6.35,-15.63,-0.12,1.59,-3.13,64.05,31.65,53.10,33.35,15.37,986.00,-51.00,0.0,-227.50,-280.0,1,53.324,"
1784218664.646591,"01/01/2000,04:45:25.81,-1007.32,-12.70,32.71,0.61,0.31,-0.87,64.35,32.25,52.95,33.25,15.62,985.76,-51.00,-87.50,-166.25,-420.0,1,53.324,"
1784218664.6616378,"01/01/2000,04:45:25.82,-1002.44,-4.88,-55.66,-0.96,-0.31,1.29,64.35,33.75,52.95,33.16,15.49,984.42,-51.24,472.50,-315.0,-245.0,1,53.324,"
1784218664.6811314,"01/01/2000,04:45:25.84,-1031.74,-36.62,45.41,-0.45,-0.66,1.85,65.70,32.40,52.65,33.35,15.37,985.64,-50.02,-43.75,-201.25,-288.75,1,53.324,"
1784218664.7022438,"01/01/2000,04:45:25.86,-1011.23,-17.09,36.62,-0.91,-0.37,-1.69,63.15,32.55,53.25,33.16,15.13,987.47,-49.29,87.50,-393.75,-297.50,1,53.324,"
1784218664.7188597,"01/01/2000,04:45:25.88,-1013.67,-11.72,0.0,2.31,1.12,0.79,63.0,33.15,53.40,33.06,15.01,986.98,-49.29,43.75,-227.50,-358.75,1,53.324,"
1784218664.738543,"01/01/2000,04:45:25.90,-1017.09,-21.48,8.30,0.37,-0.70,1.94,64.50,31.95,51.90,33.11,15.13,984.54,-49.90,-236.25,-350.0,-262.50,1,53.324,"
1784218664.7558465,"01/01/2000,04:45:25.91,-982.42,-5.37,38.57,-0.88,1.29,0.40,64.05,33.60,53.10,33.25,15.62,982.95,-51.12,288.75,-148.75,-140.0,1,53.324,"
1784218664.7797976,"01/01/2000,04:45:25.94,-1035.64,-18.55,9.28,0.08,-0.08,0.61,64.65,34.20,53.70,33.25,15.62,984.05,-51.00,140.0,210.0,-341.25,1,53.324,"
1784218664.7948983,"01/01/2000,04:45:25.95,-1012.21,-13.67,-32.23,1.82,0.24,0.25,62.55,31.95,53.85,33.30,15.37,985.52,-51.36,122.50,122.50,-297.50,1,53.324,"
1784218664.8052504,"01/01/2000,04:45:25.97,-991.21,-16.11,77.15,-0.21,-0.26,0.98,64.65,32.55,53.25,33.16,14.88,984.54,-52.34,455.0,-533.75,-227.50,1,53.324,"
1784218664.8292427,"01/01/2000,04:45:25.99,-1032.71,-13.18,36.13,0.66,0.71,1.50,64.50,33.60,52.65,33.30,14.64,984.17,-52.22,463.75,-945.0,-105.0,1,53.324,"
1784218664.8471174,"01/01/2000,04:45:26.01,-1033.69,-8.30,-24.90,-1.18,-0.69,-1.91,64.50,31.95,51.60,33.11,14.64,984.54,-51.12,358.75,-822.50,-245.0,1,53.324,"
1784218664.8810377,"01/01/2000,04:45:26.04,-1024.41,-4.39,35.16,-0.24,1.06,-1.57,63.90,32.55,51.75,33.11,15.01,986.49,-49.78,140.0,-910.0,-288.75,1,53.324,"
1784218664.9024162,"01/01/2000,04:45:26.06,-1000.49,-32.23,35.64,1.15,-1.24,1.15,64.65,33.0,53.25,33.35,15.49,985.64,-51.48,192.50,-778.75,-218.75,1,53.324,"
1784218664.923581,"01/01/2000,04:45:26.08,-1001.46,-16.60,-30.76,1.43,1.05,-0.58,64.05,31.95,52.65,33.25,16.10,984.17,-52.58,568.75,-647.50,-105.0,1,53.324,"
1784218664.9281821,"01/01/2000,04:45:26.10,-1043.95,-13.18,27.34,-0.64,-1.50,-0.46,64.95,34.05,53.40,33.11,15.49,985.39,-51.48,157.50,-402.50,-358.75,1,53.324,"
1784218664.956265,"01/01/2000,04:45:26.11,-1010.74,-9.77,21.97,-1.30,0.59,-0.91,63.75,31.95,51.60,33.35,15.01,986.25,-51.48,17.50,-787.50,-166.25,1,53.324,"
1784218664.9784296,"01/01/2000,04:45:26.14,-1014.16,-1.46,26.37,-0.93,-0.32,2.28,63.30,32.40,53.40,33.16,15.13,985.27,-51.36,341.25,-656.25,-245.0,1,53.324,"
1784218664.9954698,"01/01/2000,04:45:26.15,-1002.44,-25.88,38.57,-0.11,-0.44,0.12,62.25,32.40,55.05,33.25,15.62,984.54,-49.53,-140.0,-560.0,-87.50,1,53.324,"
1784218665.0214832,"01/01/2000,04:45:26.18,-1020.51,-37.60,87.40,1.72,0.35,-0.24,62.55,33.15,53.85,33.16,15.37,983.81,-49.78,542.50,-831.25,-87.50,1,53.324,"
1784218665.0453503,"01/01/2000,04:45:26.20,-1042.97,-10.25,-3.91,1.18,0.02,-1.21,63.60,31.35,52.20,33.35,15.01,986.61,-49.41,236.25,-700.0,-271.25,1,53.324,"
1784218665.0586774,"01/01/2000,04:45:26.22,-1010.74,-19.04,14.65,-1.28,-0.87,0.96,65.10,33.0,52.95,33.25,15.37,986.49,-51.36,0.0,-726.25,-210.0,1,53.324,"
1784218665.0725763,"01/01/2000,04:45:26.24,-985.35,-28.32,85.45,-0.01,-1.31,-0.77,65.10,33.0,52.50,33.06,15.62,983.81,-53.07,140.0,-630.0,-350.0,1,53.324,"
1784218665.096978,"01/01/2000,04:45:26.25,-1007.81,-17.09,68.85,-0.63,-1.52,-0.72,63.15,32.55,52.20,33.25,15.86,982.83,-52.95,-8.75,-516.25,-227.50,1,53.324,"
1784218665.1286693,"01/01/2000,04:45:26.29,-1021.97,8.79,15.14,2.73,0.39,0.12,65.10,31.35,53.70,33.35,14.76,985.64,-51.12,-26.25,-778.75,-315.0,1,53.324,"
1784218665.1670146,"01/01/2000,04:45:26.33,-1007.32,-41.50,22.46,2.11,-1.18,-0.35,62.70,33.0,52.50,33.11,15.62,986.49,-50.63,201.25,-542.50,-227.50,1,53.324,"
1784218665.1949139,"01/01/2000,04:45:26.37,-1013.67,2.44,54.69,-1.02,-1.23,-1.73,64.65,33.0,53.25,33.25,14.40,986.74,-50.51,367.50,-936.25,-236.25,1,53.324,"
1784218665.2221878,"01/01/2000,04:45:26.38,-1016.11,-37.11,13.18,-0.16,-0.53,1.63,64.35,34.20,52.20,33.35,14.40,987.22,-50.63,140.0,-1365.0,-210.0,1,53.324,"
1784218665.23914,"01/01/2000,04:45:26.40,-1003.91,-30.76,58.11,1.78,1.01,0.83,65.25,34.05,52.65,33.30,14.88,985.52,-51.73,280.0,-1347.50,-271.25,1,53.324,"
1784218665.2584789,"01/01/2000,04:45:26.42,-986.33,-45.41,109.38,2.32,0.18,0.68,62.40,33.0,52.95,33.11,15.13,983.56,-51.97,288.75,-1093.75,-271.25,1,53.324,"
1784218665.2777588,"01/01/2000,04:45:26.44,-1037.11,-31.25,57.62,0.15,-0.11,0.37,62.55,31.65,53.40,32.77,15.01,982.83,-51.48,393.75,-892.50,-210.0,1,53.324,"
1784218665.295301,"01/01/2000,04:45:26.46,-1040.53,-46.88,89.84,1.49,-0.47,-0.24,62.70,32.55,52.95,32.97,14.40,984.30,-51.48,455.0,-1277.50,-236.25,1,53.324,"
1784218665.3282428,"01/01/2000,04:45:26.49,-1008.79,-26.86,47.36,0.09,0.35,0.29,63.30,32.40,53.10,33.35,15.25,986.37,-51.97,516.25,-1067.50,-297.50,1,53.324,"
1784218665.3508375,"01/01/2000,04:45:26.51,-1000.98,-14.65,-14.65,1.54,-1.41,-2.22,64.50,33.15,51.15,33.11,15.62,985.52,-51.00,218.75,-945.0,-175.0,1,53.324,"
1784218665.3704576,"01/01/2000,04:45:26.53,-1040.53,-5.86,-43.95,0.92,0.45,2.88,65.10,34.20,52.20,33.25,15.37,984.66,-50.75,245.0,-1093.75,-245.0,1,53.324,"
1784218665.3880718,"01/01/2000,04:45:26.55,-1018.07,-35.16,61.52,1.85,-1.46,2.50,63.15,32.55,52.20,33.06,15.13,984.91,-51.00,166.25,-1102.50,-122.50,1,53.324,"
1784218665.4234653,"01/01/2000,04:45:26.58,-996.58,-32.71,68.36,0.56,-0.59,2.76,63.30,31.95,51.90,33.11,15.49,986.25,-51.36,70.0,-857.50,-253.75,1,53.324,"
1784218665.4404855,"01/01/2000,04:45:26.60,-1005.86,-22.46,84.47,-0.76,1.39,3.05,62.70,32.25,53.25,33.06,16.35,985.27,-51.97,201.25,-297.50,-166.25,1,53.324,"
1784218665.4725595,"01/01/2000,04:45:26.64,-1031.74,-47.85,23.93,1.49,1.79,0.53,62.70,33.0,53.25,33.11,15.37,984.54,-51.97,87.50,-595.0,-341.25,1,53.324,"
1784218665.4957757,"01/01/2000,04:45:26.66,-1024.41,-12.70,5.86,-0.55,-0.38,-2.43,65.10,34.20,51.75,33.25,15.13,985.52,-52.22,227.50,-393.75,-306.25,1,53.324,"
1784218665.5131946,"01/01/2000,04:45:26.67,-1031.74,-32.71,4.39,0.27,-0.02,-1.25,63.15,32.25,52.95,33.11,15.01,986.86,-51.12,262.50,-446.25,-288.75,1,53.324,"
1784218665.5392113,"01/01/2000,04:45:26.70,-1026.37,-7.32,0.0,-1.45,-1.11,-0.81,62.70,32.25,54.0,33.25,15.37,984.78,-50.14,0.0,-481.25,-280.0,1,53.324,"
1784218665.5638034,"01/01/2000,04:45:26.72,-999.02,-12.21,13.18,3.69,0.45,-5.35,63.0,34.05,50.85,33.16,14.76,983.08,-51.00,192.50,-971.25,-166.25,1,53.324,"
1784218665.5949035,"01/01/2000,04:45:26.76,-1011.72,-13.18,-57.13,2.15,2.18,-1.27,62.55,31.95,53.40,33.11,15.49,985.76,-51.61,-26.25,-70.0,-183.75,1,53.324,"
1784218665.6229396,"01/01/2000,04:45:26.78,-1005.37,-51.76,36.62,-1.40,0.19,4.24,63.30,32.40,52.35,33.35,15.25,985.27,-52.34,-8.75,-647.50,-306.25,1,53.324,"
1784218665.6360338,"01/01/2000,04:45:26.80,-1005.37,-17.09,-89.84,0.93,2.72,1.72,63.60,32.25,52.50,33.06,15.13,984.30,-52.70,-35.0,-726.25,-175.0,1,53.324,"
1784218665.6534026,"01/01/2000,04:45:26.81,-1000.0,-6.35,45.90,-2.28,-2.54,2.08,62.40,32.55,51.0,33.16,14.64,983.32,-53.56,122.50,-691.25,-157.50,1,53.324,"
1784218665.6933572,"01/01/2000,04:45:26.85,-1015.63,-56.15,68.85,-0.80,1.58,2.73,62.40,31.05,52.50,33.35,15.13,985.64,-50.02,-43.75,-166.25,-201.25,1,53.324,"
1784218665.7120779,"01/01/2000,04:45:26.87,-1012.21,-11.23,91.80,-2.91,0.34,1.02,63.30,35.25,52.35,33.25,15.25,986.74,-49.65,17.50,-682.50,-253.75,1,53.324,"
1784218665.7251968,"01/01/2000,04:45:26.89,-1016.11,-39.06,3.42,-1.43,-1.53,0.67,63.75,32.85,51.60,33.25,15.25,985.88,-51.36,61.25,-805.0,-280.0,1,53.324,"
1784218665.747448,"01/01/2000,04:45:26.91,-1025.39,-46.39,101.07,0.79,0.85,-0.92,62.55,30.75,51.90,33.30,15.13,984.54,-52.09,157.50,-525.0,-271.25,1,53.324,"
1784218665.7697892,"01/01/2000,04:45:26.93,-1010.74,-21.48,76.66,-1.22,-0.23,0.11,63.90,31.80,51.75,33.35,14.76,984.30,-51.24,8.75,-271.25,-358.75,1,53.324,"
1784218665.794869,"01/01/2000,04:45:26.96,-1010.74,-16.11,42.48,1.24,0.12,0.22,63.60,30.60,52.20,33.11,15.37,986.00,-51.61,218.75,-525.0,-315.0,1,53.324,"
1784218665.8218431,"01/01/2000,04:45:26.98,-1005.37,-14.16,5.37,0.65,2.29,0.08,63.0,32.85,52.65,33.16,15.62,986.61,-51.97,-350.0,-490.0,-358.75,1,53.324,"
1784218665.854544,"01/01/2000,04:45:27.01,-1013.18,-18.07,78.13,1.48,0.24,-1.35,63.75,32.85,53.10,32.92,15.01,984.30,-51.97,341.25,-175.0,-236.25,1,53.324,"
1784218665.87893,"01/01/2000,04:45:27.04,-1021.97,-31.74,-0.98,3.03,0.95,-0.89,64.05,31.95,51.60,33.25,14.88,985.27,-49.29,-157.50,-586.25,-192.50,1,53.324,"
1784218665.8954747,"01/01/2000,04:45:27.05,-1006.84,-18.55,71.78,0.92,1.01,-0.37,62.25,33.60,52.35,33.16,14.88,985.15,-50.02,341.25,-840.0,-175.0,1,53.324,"
1784218665.9100714,"01/01/2000,04:45:27.07,-1021.00,-16.60,98.63,-0.16,-0.79,0.51,63.15,33.45,51.30,33.25,15.13,985.52,-51.24,332.50,-892.50,-175.0,1,53.324,"
1784218665.9287448,"01/01/2000,04:45:27.09,-986.82,-50.29,64.94,0.05,1.15,-0.44,63.0,33.15,52.65,33.30,15.13,985.27,-52.70,105.0,-796.25,-236.25,1,53.324,"
1784218665.9651031,"01/01/2000,04:45:27.13,-1004.88,1.46,37.60,-0.32,-1.61,0.02,63.90,32.25,51.30,33.11,14.76,984.54,-51.73,245.0,-735.0,-253.75,1,53.324,"
1784218665.9824271,"01/01/2000,04:45:27.14,-1005.86,-17.09,66.41,0.75,-0.37,-0.09,64.05,33.15,51.60,33.06,15.01,985.27,-50.63,113.75,-577.50,-192.50,1,53.324,"
1784218665.996298,"01/01/2000,04:45:27.16,-1011.23,-26.86,95.70,1.79,0.85,0.47,63.30,33.15,53.10,33.44,15.37,985.88,-51.12,341.25,-603.75,-183.75,1,53.324,"
1784218666.0230603,"01/01/2000,04:45:27.18,-1016.11,19.04,-32.71,2.24,-1.39,-0.50,64.50,32.85,52.35,33.35,15.37,985.03,-52.95,542.50,-542.50,-113.75,1,53.324,"
1784218666.0450113,"01/01/2000,04:45:27.21,-1010.25,6.35,20.02,2.51,1.15,0.69,63.30,31.65,50.85,33.11,14.64,985.15,-52.09,673.75,-770.0,-367.50,1,53.324,"
1784218666.0620165,"01/01/2000,04:45:27.23,-1004.39,36.62,5.86,0.66,-1.60,1.99,62.55,31.95,52.65,33.35,14.88,986.13,-49.78,507.50,-621.25,-385.0,1,53.324,"
1784218666.1043255,"01/01/2000,04:45:27.26,-1027.34,-23.44,6.35,-1.26,-0.45,-0.43,62.25,33.15,54.60,33.16,15.37,986.13,-50.39,210.0,-752.50,-288.75,1,53.324,"
1784218666.1287045,"01/01/2000,04:45:27.30,-1001.46,-22.46,10.25,0.30,0.47,-0.42,63.75,33.60,51.60,33.25,14.64,984.54,-53.44,805.0,-665.0,-210.0,1,53.324,"
1784218666.1637216,"01/01/2000,04:45:27.32,-1020.02,-9.77,21.97,0.44,-0.33,-0.44,62.55,30.75,55.05,33.16,14.27,985.88,-51.24,385.0,-988.75,-253.75,1,53.324,"
1784218666.178941,"01/01/2000,04:45:27.34,-979.00,-20.51,85.45,1.24,-4.78,0.28,62.55,30.75,55.05,33.11,15.13,986.74,-51.12,140.0,-988.75,-96.25,1,53.324,"
1784218666.1949885,"01/01/2000,04:45:27.35,-1006.84,-25.39,28.32,-0.05,-0.80,0.11,62.25,32.40,52.35,33.30,15.62,985.64,-53.31,113.75,-691.25,-218.75,1,53.324,"
1784218666.2116768,"01/01/2000,04:45:27.37,-1019.53,-23.44,28.32,-0.63,-1.65,-3.34,62.70,32.55,52.20,33.35,15.37,983.81,-55.02,840.0,-533.75,-148.75,1,53.324,"
1784218666.2492862,"01/01/2000,04:45:27.41,-1027.83,-19.04,6.84,-0.05,0.65,0.51,64.95,31.95,50.85,33.11,14.40,985.27,-50.26,385.0,-980.0,-332.50,1,53.324,"
1784218666.2717443,"01/01/2000,04:45:27.43,-1016.60,-0.98,-48.83,1.81,-0.79,-2.20,62.55,32.85,52.65,33.35,15.01,985.64,-50.02,481.25,-892.50,-175.0,1,53.324,"
1784218666.3051863,"01/01/2000,04:45:27.47,-985.35,-41.99,111.82,0.72,-2.78,0.72,60.60,30.0,55.05,33.49,14.88,984.05,-54.41,735.0,-595.0,-262.50,1,53.324,"
1784218666.3221235,"01/01/2000,04:45:27.48,-1028.81,-16.60,33.69,0.34,-1.60,-0.64,62.70,33.0,51.30,33.35,14.27,984.66,-54.41,787.50,-866.25,-148.75,1,53.324,"
1784218666.3388925,"01/01/2000,04:45:27.50,-1028.81,-17.09,-61.52,0.47,1.08,2.52,63.0,32.85,51.60,33.25,14.40,985.76,-53.19,603.75,-927.50,-332.50,1,53.324,"
1784218666.361459,"01/01/2000,04:45:27.52,-1002.44,-42.97,48.83,2.08,0.36,0.16,63.30,30.45,53.10,33.25,15.37,985.76,-51.97,586.25,-1032.50,-236.25,1,53.324,"
1784218666.3811328,"01/01/2000,04:45:27.54,-1019.04,5.37,62.99,0.81,-2.69,0.07,63.30,30.45,53.10,33.25,15.62,985.15,-52.70,673.75,-726.25,-271.25,1,53.324,"
1784218666.3949852,"01/01/2000,04:45:27.56,-1017.58,-44.92,24.90,1.73,0.53,2.07,62.55,33.60,53.40,33.25,15.13,985.03,-53.68,673.75,-665.0,-288.75,1,53.324,"
1784218666.433732,"01/01/2000,04:45:27.59,-1002.44,-25.88,22.46,2.29,-0.15,-0.53,61.95,31.80,51.75,33.11,15.01,986.37,-52.09,385.0,-691.25,-262.50,1,53.324,"
1784218666.4503384,"01/01/2000,04:45:27.61,-1034.18,2.44,27.34,1.83,2.82,0.63,62.70,32.55,53.25,32.97,15.49,985.88,-53.19,183.75,-1023.75,-61.25,1,53.324,"
1784218666.4617484,"01/01/2000,04:45:27.63,-1019.53,-3.91,-36.62,2.15,-0.31,-0.99,62.55,32.40,52.35,33.16,15.74,985.15,-56.24,131.25,-568.75,-201.25,1,53.324,"
1784218666.506343,"01/01/2000,04:45:27.67,-1009.28,-22.95,53.22,0.81,-0.54,1.19,63.15,32.25,51.30,33.35,14.52,984.91,-64.66,131.25,-516.25,-332.50,1,53.324,"
1784218666.5255346,"01/01/2000,04:45:27.68,-1014.16,-53.22,87.40,-1.37,2.03,-0.67,62.55,32.40,51.90,33.16,14.64,985.27,-62.71,78.75,-673.75,-236.25,1,53.324,"
1784218666.539455,"01/01/2000,04:45:27.70,-990.23,-30.27,54.69,1.35,-3.70,1.50,62.25,33.60,51.90,33.25,15.01,985.76,-60.02,-306.25,-691.25,-280.0,1,53.324,"
1784218666.566062,"01/01/2000,04:45:27.73,-1038.57,-24.41,31.25,0.34,0.46,3.53,63.90,32.55,53.70,33.30,15.37,985.39,-61.24,-245.0,-420.0,-175.0,1,53.324,"
1784218666.5876877,"01/01/2000,04:45:27.75,-1001.95,-13.18,87.40,1.52,-2.21,1.65,63.60,33.45,53.25,33.16,14.88,985.03,-66.00,-350.0,-490.0,-210.0,1,53.324,"
1784218666.6071014,"01/01/2000,04:45:27.77,-982.91,1.46,71.29,-1.57,2.79,0.34,61.80,32.40,53.85,33.35,14.64,985.27,-68.32,-516.25,-341.25,-306.25,1,53.324,"
1784218666.6228726,"01/01/2000,04:45:27.78,-1024.41,-15.14,29.79,0.77,-1.02,-1.08,62.55,32.85,53.10,33.30,14.76,984.66,-68.08,-148.75,-428.75,-280.0,1,53.324,"
1784218666.6449857,"01/01/2000,04:45:27.80,-997.07,-41.50,108.89,-1.49,0.95,-1.85,63.30,32.85,52.35,33.35,15.25,984.78,-63.81,-455.0,-306.25,-315.0,1,53.324,"
1784218666.6631436,"01/01/2000,04:45:27.82,-994.63,-11.23,11.23,-0.68,-0.34,0.27,62.40,33.45,52.95,33.06,15.49,985.03,-61.61,-472.50,-288.75,-201.25,1,53.324,"
1784218666.6795511,"01/01/2000,04:45:27.84,-991.21,-16.11,122.07,0.15,0.12,2.72,63.15,31.80,51.75,33.06,15.13,985.76,-61.0,-323.75,-192.50,-262.50,1,53.324,"
1784218666.6962435,"01/01/2000,04:45:27.86,-1023.93,13.67,-11.72,0.03,-1.31,-0.34,62.70,32.25,52.95,33.25,14.88,985.52,-61.61,-910.0,-341.25,-280.0,1,53.324,"
1784218666.7151785,"01/01/2000,04:45:27.88,-986.33,-8.30,-17.09,2.15,0.64,-1.48,63.60,32.25,51.75,33.06,14.64,982.34,-62.83,96.25,-463.75,-271.25,1,53.324,"
1784218666.7329879,"01/01/2000,04:45:27.89,-1043.95,-10.25,17.09,0.04,0.08,0.06,63.0,31.65,52.35,33.30,14.88,984.17,-58.93,-105.0,-358.75,-218.75,1,53.324,"
1784218666.756223,"01/01/2000,04:45:27.91,-1014.65,3.91,-13.67,-0.80,1.29,0.0,62.40,33.0,52.50,33.11,15.13,986.74,-55.27,-1076.25,-288.75,-306.25,1,53.324,"
1784218666.7720907,"01/01/2000,04:45:27.93,-999.02,-1.46,79.10,-2.90,0.72,0.39,62.70,33.45,52.95,33.35,15.37,984.78,-56.49,52.50,-315.0,-192.50,1,53.324,"
1784218666.8052027,"01/01/2000,04:45:27.97,-1032.71,-4.88,-14.16,-1.52,2.71,0.24,63.0,31.65,52.65,32.97,14.40,985.15,-55.02,-323.75,-420.0,-210.0,1,53.324,"
1784218666.8229914,"01/01/2000,04:45:27.98,-1018.55,-39.06,30.76,0.52,-0.87,1.28,62.70,31.35,50.55,33.25,14.40,985.52,-54.41,-201.25,-551.25,-297.50,1,53.324,"
1784218666.8449206,"01/01/2000,04:45:28.00,-1005.37,-5.86,55.66,0.15,-0.85,-1.50,62.40,32.55,52.50,33.25,14.88,985.15,-53.92,-201.25,-700.0,-280.0,1,53.324,"
1784218666.8615296,"01/01/2000,04:45:28.02,-1004.39,11.72,-58.11,1.63,0.89,-2.11,63.0,31.95,52.35,33.25,15.25,984.66,-53.56,52.50,-463.75,-271.25,1,53.324,"
1784218666.8798783,"01/01/2000,04:45:28.04,-1004.39,-14.65,34.18,0.73,-0.14,-0.52,63.75,33.60,50.85,33.25,14.88,985.27,-52.70,-262.50,-428.75,-183.75,1,53.324,"
1784218666.8962455,"01/01/2000,04:45:28.06,-1020.02,-10.74,26.37,-0.32,-1.31,0.13,62.40,32.55,52.50,33.30,14.64,985.15,-52.70,-122.50,-516.25,-227.50,1,53.324,"
1784218666.9170315,"01/01/2000,04:45:28.08,-1003.42,-48.83,12.70,0.01,-2.24,-0.86,62.55,33.15,53.10,33.25,14.64,985.15,-51.97,-87.50,-621.25,-341.25,1,53.324,"
1784218666.9282546,"01/01/2000,04:45:28.10,-1009.28,-18.07,68.85,1.08,-0.43,0.67,61.05,33.60,51.90,33.30,15.01,985.15,-51.73,-87.50,-560.0,-183.75,1,53.324,"
1784218666.95642,"01/01/2000,04:45:28.11,-1006.84,-31.25,127.44,-0.66,-1.40,-0.24,63.30,31.95,51.60,32.97,15.13,985.27,-51.73,-17.50,-560.0,-192.50,1,53.324,"
1784218666.9909012,"01/01/2000,04:45:28.15,-1012.21,-10.74,19.53,1.12,-0.14,1.31,61.35,32.40,53.40,33.30,14.64,985.27,-51.36,-122.50,-691.25,-236.25,1,53.324,"
1784218667.0094275,"01/01/2000,04:45:28.17,-1018.55,-32.23,-15.63,0.40,0.67,-1.61,62.25,31.65,51.90,33.25,14.64,985.39,-51.12,8.75,-883.75,-227.50,1,53.324,"
1784218667.025249,"01/01/2000,04:45:28.19,-1007.32,-8.79,7.32,-0.23,-1.82,-0.43,62.55,34.35,51.15,33.11,15.13,985.39,-51.00,-96.25,-656.25,-245.0,1,53.324,"
1784218667.045016,"01/01/2000,04:45:28.21,-1007.81,-45.41,18.55,1.23,-0.83,1.94,63.15,32.55,51.75,33.11,15.01,985.03,-51.00,8.75,-630.0,-350.0,1,53.324,"
1784218667.068691,"01/01/2000,04:45:28.22,-1030.27,-57.62,129.39,-0.63,-0.57,1.49,61.65,33.0,53.25,33.30,14.88,985.27,-50.75,-26.25,-656.25,-297.50,1,53.324,"
1784218667.095041,"01/01/2000,04:45:28.25,-1019.04,-34.18,16.11,-1.24,-0.38,-0.62,63.75,32.40,51.60,33.35,15.13,985.52,-50.87,-43.75,-796.25,-315.0,1,53.324,"
1784218667.1104214,"01/01/2000,04:45:28.27,-1027.83,-34.67,20.02,0.45,0.15,-1.26,62.55,31.65,51.15,33.49,15.37,985.39,-50.51,-43.75,-647.50,-166.25,1,53.324,"
1784218667.1283276,"01/01/2000,04:45:28.29,-1015.14,-4.88,26.86,-0.59,-1.56,1.10,63.0,31.95,51.90,33.11,15.13,985.39,-50.51,61.25,-700.0,-253.75,1,53.324,"
1784218667.1640902,"01/01/2000,04:45:28.32,-1025.39,-27.83,48.83,-0.22,-2.13,-0.06,62.25,31.20,53.10,33.25,15.01,985.52,-50.51,-17.50,-673.75,-227.50,1,53.324,"
1784218667.179608,"01/01/2000,04:45:28.34,-1030.27,-25.88,25.39,-1.54,0.04,-0.49,62.25,31.20,53.10,33.16,15.13,985.52,-50.51,0.0,-708.75,-210.0,1,53.324,"
1784218667.1949103,"01/01/2000,04:45:28.36,-1029.79,-19.04,7.32,1.56,2.22,-2.58,61.80,31.65,54.15,33.25,15.13,985.39,-50.51,52.50,-516.25,-245.0,1,53.324,"
1784218667.2229974,"01/01/2000,04:45:28.38,-1001.95,-21.00,-20.02,0.28,0.44,1.67,61.35,31.95,52.65,33.25,15.13,985.27,-50.39,-61.25,-621.25,-157.50,1,53.324,"
1784218667.2388968,"01/01/2000,04:45:28.40,-1033.69,-8.79,28.81,-0.29,0.33,0.50,62.25,33.15,53.85,32.92,14.88,985.27,-50.51,-96.25,-700.0,-148.75,1,53.324,"
1784218667.258734,"01/01/2000,04:45:28.42,-1009.28,3.91,75.68,-0.49,0.56,0.22,61.95,33.45,53.25,33.16,14.88,985.27,-50.63,210.0,-927.50,-175.0,1,53.324,"
1784218667.2746599,"01/01/2000,04:45:28.44,-992.19,-27.83,74.71,-0.20,-1.57,1.79,64.35,33.45,51.75,33.16,15.13,985.27,-50.39,26.25,-743.75,-227.50,1,53.324,"
1784218667.291646,"01/01/2000,04:45:28.45,-990.72,-52.25,31.25,-2.46,0.95,0.16,64.35,33.45,51.75,33.35,15.01,985.27,-50.14,0.0,-577.50,-350.0,1,53.324,"
1784218667.3082926,"01/01/2000,04:45:28.47,-1052.25,-32.71,43.46,-2.37,1.68,1.83,63.90,33.45,51.30,33.16,15.01,985.27,-50.51,26.25,-778.75,-323.75,1,53.324,"
1784218667.3282197,"01/01/2000,04:45:28.49,-1014.65,-6.84,36.62,-3.08,1.75,-0.73,63.30,31.20,51.60,32.97,14.88,985.39,-50.39,61.25,-735.0,-280.0,1,53.324,"
1784218667.3462698,"01/01/2000,04:45:28.51,-1004.88,-30.27,41.02,-2.56,0.12,0.79,63.0,32.40,52.65,33.11,14.88,985.39,-50.02,43.75,-638.75,-183.75,1,53.324,"
1784218667.380528,"01/01/2000,04:45:28.54,-1036.62,-34.67,18.07,1.18,-0.89,-1.53,62.55,31.95,50.85,33.44,14.88,985.27,-50.02,78.75,-691.25,-218.75,1,53.324,"
1784218667.3949714,"01/01/2000,04:45:28.56,-1018.07,-14.16,-7.32,1.20,-0.60,-1.62,61.65,31.05,51.60,33.11,14.64,985.52,-49.90,87.50,-735.0,-183.75,1,53.324,"
1784218667.4239526,"01/01/2000,04:45:28.58,-1008.79,-51.76,78.61,-0.08,-2.44,-0.56,61.95,32.55,51.0,33.11,14.64,985.52,-49.90,113.75,-761.25,-201.25,1,53.324,"
1784218667.4446738,"01/01/2000,04:45:28.60,-1001.95,-20.02,54.20,-0.24,-0.17,0.20,63.75,32.40,52.35,33.16,14.88,985.27,-49.78,-61.25,-647.50,-236.25,1,53.324,"
1784218667.458856,"01/01/2000,04:45:28.62,-1018.55,-17.58,72.27,-1.15,1.12,-0.72,62.40,32.55,53.70,33.25,15.01,985.27,-49.90,201.25,-700.0,-350.0,1,53.324,"
1784218667.47441,"01/01/2000,04:45:28.64,-1009.77,-25.88,88.38,-2.49,-0.85,-1.54,63.0,34.05,51.90,33.35,14.76,985.52,-49.90,183.75,-717.50,-227.50,1,53.324,"
1784218667.4962897,"01/01/2000,04:45:28.65,-1031.25,-37.11,111.82,-0.37,-1.03,0.76,63.0,34.05,51.60,33.06,14.88,985.52,-50.14,105.0,-735.0,-297.50,1,53.324,"
1784218667.511658,"01/01/2000,04:45:28.67,-1037.60,-23.93,17.09,0.68,1.85,-0.03,63.15,34.20,51.75,33.16,14.88,985.39,-50.26,210.0,-656.25,-262.50,1,53.324,"
1784218667.5283427,"01/01/2000,04:45:28.69,-1006.35,-28.32,51.27,1.08,-2.59,0.35,63.60,34.20,53.70,33.11,15.13,985.88,-49.78,35.0,-621.25,-175.0,1,53.324,"
1784218667.5482547,"01/01/2000,04:45:28.71,-1010.25,-1.95,-69.82,2.28,0.95,-1.69,62.55,31.95,51.90,33.11,15.01,985.52,-49.90,0.0,-726.25,-192.50,1,53.325,"
1784218667.571135,"01/01/2000,04:45:28.73,-993.16,-0.49,9.77,-0.76,-0.16,-1.82,62.70,33.0,52.20,33.30,14.88,985.27,-50.14,105.0,-787.50,-175.0,1,53.324,"
1784218667.5950315,"01/01/2000,04:45:28.74,-1018.55,-28.32,43.95,-2.03,-0.31,0.12,62.70,33.0,52.20,32.97,14.64,985.64,-49.90,131.25,-673.75,-350.0,1,53.324,"
1784218667.607335,"01/01/2000,04:45:28.77,-1028.81,-19.53,38.09,-0.15,1.06,-1.75,62.40,31.35,53.70,33.16,15.13,985.52,-49.78,175.0,-726.25,-201.25,1,53.324,"
1784218667.6286302,"01/01/2000,04:45:28.79,-989.75,-22.46,7.81,-0.24,-1.19,0.63,61.95,32.25,52.50,33.11,15.13,985.39,-49.78,201.25,-638.75,-210.0,1,53.324,"
1784218667.6457329,"01/01/2000,04:45:28.81,-1024.90,2.44,-62.01,4.93,1.29,-0.45,63.15,32.25,52.20,33.06,15.13,985.52,-49.65,87.50,-490.0,-122.50,1,53.324,"
1784218667.6615946,"01/01/2000,04:45:28.82,-1026.86,1.95,-4.88,-0.17,1.86,0.26,63.60,33.75,50.55,32.97,15.01,985.76,-49.53,61.25,-761.25,-332.50,1,53.324,"
1784218667.68446,"01/01/2000,04:45:28.84,-1027.34,-29.79,72.27,0.11,-0.94,0.18,62.55,31.95,52.65,33.11,15.13,985.52,-49.65,26.25,-778.75,-218.75,1,53.324,"
1784218667.7015553,"01/01/2000,04:45:28.86,-1019.04,0.98,32.71,-0.02,0.25,-0.36,62.40,31.80,51.75,33.25,14.88,985.39,-49.65,105.0,-735.0,-192.50,1,53.324,"
1784218667.7178419,"01/01/2000,04:45:28.88,-1041.50,23.44,-60.06,3.13,0.37,-2.16,62.25,32.40,51.60,33.30,15.01,985.76,-49.29,-8.75,-682.50,-210.0,1,53.324,"
1784218667.7401161,"01/01/2000,04:45:28.90,-989.26,-30.76,95.70,-1.70,1.40,1.23,63.75,31.65,52.35,33.30,14.88,985.39,-49.78,35.0,-700.0,-218.75,1,53.324,"
1784218667.7564352,"01/01/2000,04:45:28.92,-998.54,8.30,-36.13,-0.18,1.84,-1.33,62.25,31.95,54.15,33.11,14.88,985.64,-49.65,87.50,-743.75,-192.50,1,53.324,"
1784218667.7732136,"01/01/2000,04:45:28.93,-1002.44,-7.32,26.37,-1.11,-2.42,2.50,63.15,34.20,52.50,33.25,15.01,985.64,-49.53,-43.75,-743.75,-245.0,1,53.324,"
1784218667.7998614,"01/01/2000,04:45:28.95,-1019.04,-16.11,11.23,0.06,-0.44,0.73,61.80,31.95,52.65,33.16,15.13,985.52,-49.29,175.0,-726.25,-218.75,1,53.324,"
1784218667.829656,"01/01/2000,04:45:28.99,-1010.25,-12.21,14.65,-2.92,-0.27,1.74,63.15,33.0,51.0,33.30,14.88,985.39,-49.17,236.25,-866.25,-262.50,1,53.325,"
1784218667.8449838,"01/01/2000,04:45:29.01,-1000.0,-7.81,25.88,-0.91,2.08,-2.07,62.40,33.75,51.0,33.11,14.88,985.52,-49.04,175.0,-805.0,-253.75,1,53.325,"
1784218667.861547,"01/01/2000,04:45:29.02,-1009.77,-40.04,104.49,-0.10,-0.88,0.0,61.95,32.55,52.95,33.35,15.01,985.27,-49.04,122.50,-673.75,-297.50,1,53.324,"
1784218667.8848884,"01/01/2000,04:45:29.05,-1036.62,-25.88,31.25,-1.50,-0.66,0.34,61.80,32.85,51.90,33.25,15.13,985.27,-49.29,192.50,-647.50,-201.25,1,53.324,"
1784218667.9020963,"01/01/2000,04:45:29.06,-981.45,-14.65,-21.97,0.17,-0.17,1.40,60.90,33.0,53.25,33.16,14.88,985.15,-49.29,131.25,-560.0,-253.75,1,53.324,"
1784218667.91831,"01/01/2000,04:45:29.08,-1032.71,0.49,-14.16,-0.64,1.0,0.09,63.30,34.05,51.15,33.44,14.88,985.15,-49.17,70.0,-717.50,-210.0,1,53.325,"
1784218667.928367,"01/01/2000,04:45:29.10,-1020.02,-38.09,79.59,0.65,0.18,0.48,63.90,30.60,51.0,33.06,14.64,985.27,-49.04,87.50,-761.25,-148.75,1,53.325,"
1784218667.956224,"01/01/2000,04:45:29.12,-1001.95,-9.77,60.06,0.78,0.40,1.15,63.0,32.85,51.15,33.25,14.88,985.27,-48.92,175.0,-708.75,-52.50,1,53.325,"
1784218667.9782517,"01/01/2000,04:45:29.13,-1028.32,-34.18,22.95,-0.16,0.76,0.56,63.30,32.40,53.85,33.11,15.01,985.03,-49.29,210.0,-656.25,-271.25,1,53.325,"
1784218667.9900298,"01/01/2000,04:45:29.15,-999.02,-21.48,-34.67,0.18,-0.15,-1.78,63.0,32.40,53.10,33.06,14.88,985.03,-49.41,262.50,-761.25,-271.25,1,53.325,"
1784218668.0119169,"01/01/2000,04:45:29.17,-1048.34,-20.51,-33.20,1.47,-0.71,-0.85,63.15,31.80,52.20,33.25,14.88,985.27,-49.41,105.0,-726.25,-183.75,1,53.324,"
1784218668.029868,"01/01/2000,04:45:29.19,-1023.44,-36.13,72.27,-1.55,-0.11,-0.89,63.0,33.15,51.60,33.25,14.88,985.15,-49.29,17.50,-743.75,-227.50,1,53.324,"
1784218668.0470188,"01/01/2000,04:45:29.21,-1017.09,-31.25,38.09,-3.22,0.80,0.37,63.30,33.15,51.90,33.25,15.01,985.03,-49.29,113.75,-752.50,-218.75,1,53.325,"
1784218668.0610955,"01/01/2000,04:45:29.22,-1036.62,-33.20,81.05,-1.01,0.19,-0.54,65.25,32.40,51.90,33.11,15.13,984.91,-49.29,148.75,-577.50,-236.25,1,53.325,"
1784218668.0851948,"01/01/2000,04:45:29.25,-1001.46,-12.70,51.27,-0.66,-2.14,-0.15,62.40,32.25,52.20,33.06,15.13,985.03,-49.53,61.25,-595.0,-306.25,1,53.325,"
1784218668.1084414,"01/01/2000,04:45:29.26,-1007.81,-50.29,131.84,-1.85,0.80,0.62,62.70,33.0,52.50,33.25,15.13,985.27,-49.41,70.0,-630.0,-236.25,1,53.325,"
1784218668.1267903,"01/01/2000,04:45:29.29,-1018.55,-25.88,7.81,0.84,-1.08,-0.27,60.60,31.20,54.15,33.11,14.88,985.15,-49.29,35.0,-743.75,-210.0,1,53.325,"
1784218668.14735,"01/01/2000,04:45:29.31,-1011.72,-15.14,-11.23,-0.27,2.52,1.81,63.30,33.15,50.85,33.16,14.88,984.91,-49.41,157.50,-603.75,-332.50,1,53.325,"
1784218668.170643,"01/01/2000,04:45:29.33,-1013.67,-13.67,-2.93,0.08,-3.34,0.14,63.15,31.80,50.55,33.25,14.76,985.03,-49.29,-35.0,-691.25,-236.25,1,53.324,"
1784218668.1854925,"01/01/2000,04:45:29.35,-998.05,-11.23,24.90,0.51,-0.47,0.97,62.70,32.55,51.75,33.59,14.76,984.91,-49.17,105.0,-638.75,-385.0,1,53.324,"
1784218668.2022166,"01/01/2000,04:45:29.36,-1020.51,-24.41,58.59,-3.09,0.56,-1.59,63.30,32.85,53.10,33.35,15.01,985.03,-49.17,157.50,-752.50,-262.50,1,53.324,"
1784218668.2269375,"01/01/2000,04:45:29.38,-1024.41,-20.02,6.84,-1.02,-1.95,1.53,64.05,31.95,52.65,32.97,14.64,985.03,-49.29,175.0,-603.75,-253.75,1,53.324,"
1784218668.2409146,"01/01/2000,04:45:29.40,-1023.93,-20.02,-38.09,1.21,1.27,0.55,62.70,33.0,52.20,33.25,14.64,985.03,-49.17,78.75,-708.75,-175.0,1,53.324,"
1784218668.2575238,"01/01/2000,04:45:29.42,-1006.84,-19.53,14.16,1.50,-1.02,0.74,61.95,33.0,51.75,33.06,14.64,985.03,-49.17,262.50,-717.50,-218.75,1,53.325,"
1784218668.271518,"01/01/2000,04:45:29.44,-1034.18,-2.44,-4.39,0.77,-0.31,-0.38,63.0,33.60,51.15,33.06,14.76,985.15,-49.29,236.25,-656.25,-236.25,1,53.325,"
1784218668.3143399,"01/01/2000,04:45:29.47,-1037.60,-29.79,43.95,0.39,-3.21,1.79,60.45,30.60,52.95,33.25,14.64,985.15,-49.29,131.25,-673.75,-280.0,1,53.324,"
1784218668.3283217,"01/01/2000,04:45:29.49,-992.68,-20.02,11.23,-1.09,-1.52,1.14,63.15,31.35,52.50,33.16,14.64,985.03,-49.17,140.0,-603.75,-183.75,1,53.324,"
1784218668.3484917,"01/01/2000,04:45:29.51,-1008.79,5.37,-2.44,0.54,0.53,-0.92,63.90,32.25,51.30,33.16,14.76,985.27,-49.29,201.25,-621.25,-236.25,1,53.325,"
1784218668.372231,"01/01/2000,04:45:29.53,-1017.09,-26.86,-2.44,0.82,-1.73,-0.60,63.15,33.0,51.0,33.30,14.88,985.52,-49.29,140.0,-603.75,-227.50,1,53.324,"
1784218668.386702,"01/01/2000,04:45:29.55,-1006.84,-16.11,4.39,1.11,0.11,0.12,62.70,33.45,51.30,33.35,14.76,985.27,-49.29,26.25,-761.25,-297.50,1,53.325,"
1784218668.394954,"01/01/2000,04:45:29.56,-1046.88,-18.07,20.51,1.47,-0.21,0.61,64.35,31.80,51.0,33.06,14.88,985.15,-49.17,201.25,-743.75,-183.75,1,53.325,"
1784218668.421029,"01/01/2000,04:45:29.58,-1018.07,-15.14,-26.37,0.46,-0.26,0.67,63.30,32.40,51.60,33.25,14.76,985.27,-49.17,61.25,-638.75,-245.0,1,53.325,"
1784218668.4456172,"01/01/2000,04:45:29.60,-986.33,-23.93,41.50,-0.75,0.82,-0.85,62.55,31.95,52.35,33.35,14.88,985.27,-49.04,61.25,-682.50,-315.0,1,53.325,"
1784218668.4615788,"01/01/2000,04:45:29.62,-1009.28,-14.65,22.46,-2.02,3.22,-1.18,62.55,33.15,52.65,33.16,15.01,985.27,-49.04,122.50,-577.50,-253.75,1,53.325,"
1784218668.4756956,"01/01/2000,04:45:29.64,-1005.86,-14.16,-10.74,0.32,-1.05,-1.76,62.25,34.05,51.90,33.16,14.88,985.15,-49.04,192.50,-560.0,-192.50,1,53.325,"
1784218668.4982655,"01/01/2000,04:45:29.66,-1014.65,-45.90,73.73,-0.20,-0.47,1.94,63.60,32.25,52.50,33.35,14.64,985.27,-49.04,26.25,-752.50,-245.0,1,53.325,"
1784218668.515457,"01/01/2000,04:45:29.68,-1037.11,-20.02,24.90,-1.66,-1.44,0.18,63.0,31.95,51.60,33.11,14.64,985.27,-49.04,192.50,-612.50,-253.75,1,53.325,"
1784218668.5283754,"01/01/2000,04:45:29.69,-1006.35,-15.63,-1.95,-0.60,1.51,-1.72,63.15,33.0,53.25,33.30,14.88,985.27,-49.04,52.50,-665.0,-218.75,1,53.325,"
1784218668.5493581,"01/01/2000,04:45:29.71,-1016.60,-3.91,30.76,-0.04,0.15,2.01,62.25,33.15,51.15,33.11,14.64,985.64,-49.04,131.25,-735.0,-306.25,1,53.325,"
1784218668.5713942,"01/01/2000,04:45:29.73,-1003.91,-44.92,115.72,-2.17,-4.08,0.49,62.40,32.55,52.20,33.35,14.88,985.27,-49.04,201.25,-673.75,-175.0,1,53.325,"
1784218668.5876079,"01/01/2000,04:45:29.75,-1011.23,-48.34,88.38,-1.33,-1.18,0.56,63.0,34.35,51.60,33.30,14.52,985.15,-49.04,105.0,-700.0,-227.50,1,53.325,"
1784218668.6074266,"01/01/2000,04:45:29.77,-1007.81,-22.95,48.34,-1.30,2.09,1.76,63.60,33.75,51.75,33.35,14.76,985.39,-49.04,227.50,-673.75,-157.50,1,53.325,"
1784218668.6219745,"01/01/2000,04:45:29.78,-1025.88,-38.57,2.93,2.38,-1.27,0.41,63.15,32.25,51.0,33.06,14.64,985.27,-49.29,113.75,-638.75,-315.0,1,53.325,"
1784218668.6491275,"01/01/2000,04:45:29.81,-1017.58,-26.86,22.95,-1.11,1.03,-0.92,61.80,33.60,51.60,33.16,14.64,985.27,-49.17,148.75,-796.25,-245.0,1,53.325,"
1784218668.687147,"01/01/2000,04:45:29.85,-983.40,-43.46,186.04,-1.44,2.27,2.40,62.25,32.40,51.15,33.35,14.88,985.76,-49.90,-201.25,-612.50,-262.50,1,53.325,"
1784218668.711812,"01/01/2000,04:45:29.87,-1025.39,-32.71,38.09,-0.86,0.0,-0.04,63.30,31.95,51.60,32.97,14.52,985.03,-52.83,-122.50,-892.50,-218.75,1,53.325,"
1784218668.728233,"01/01/2000,04:45:29.89,-1006.35,-38.57,46.88,1.36,-0.89,-0.79,63.0,33.60,52.65,33.25,14.52,986.00,-54.17,-148.75,-761.25,-280.0,1,53.325,"
1784218668.7383046,"01/01/2000,04:45:29.90,-999.51,-8.30,102.05,0.77,1.53,0.99,63.0,31.95,51.90,33.11,14.15,986.49,-53.44,-910.0,-743.75,-472.50,1,53.325,"
1784218668.7593987,"01/01/2000,04:45:29.92,-1007.81,9.77,33.69,1.07,2.85,0.74,62.70,31.80,51.0,33.06,14.64,984.91,-54.90,-840.0,-752.50,-166.25,1,53.324,"
1784218668.7807884,"01/01/2000,04:45:29.94,-1013.18,-35.16,107.91,-0.31,2.44,0.48,62.40,30.60,51.75,33.16,14.64,985.52,-56.00,-1006.25,-840.0,-411.25,1,53.324,"
1784218668.794657,"01/01/2000,04:45:29.96,-985.84,-11.72,46.88,1.89,2.09,2.85,64.05,31.95,51.60,33.30,14.76,986.61,-56.36,-1487.50,-717.50,-376.25,1,53.325,"
1784218668.8159947,"01/01/2000,04:45:29.98,-991.21,-35.64,87.40,1.53,1.55,1.82,64.05,32.40,53.10,33.11,14.76,985.88,-57.83,-1513.75,-743.75,-323.75,1,53.325,"
1784218668.8420937,"01/01/2000,04:45:29.99,-1035.16,-13.18,41.02,1.57,3.23,-0.27,63.60,32.25,51.30,33.16,14.76,985.76,-58.56,-2213.75,-866.25,-367.50,1,53.325,"
1784218668.8564792,"01/01/2000,04:45:30.01,-1000.0,-18.07,-0.49,1.83,4.22,-2.15,63.15,33.0,51.75,33.16,14.88,986.74,-57.71,-3150.0,-691.25,-218.75,1,53.325,"
1784218668.870414,"01/01/2000,04:45:30.03,-1021.48,-12.21,21.00,1.05,3.42,0.15,60.60,31.20,54.15,33.35,14.88,987.47,-55.63,-3727.50,-630.0,-323.75,1,53.325,"
1784218668.8890474,"01/01/2000,04:45:30.05,-1002.44,-29.30,61.52,0.93,2.76,2.94,61.80,33.15,51.15,33.25,15.13,988.08,-52.22,-3902.50,-700.0,-288.75,1,53.325,"
1784218668.9103074,"01/01/2000,04:45:30.07,-999.51,5.37,-10.25,1.95,4.68,1.82,63.15,31.80,51.75,33.25,15.01,987.22,-49.78,-3885.0,-638.75,-393.75,1,53.324,"
1784218668.9275184,"01/01/2000,04:45:30.09,-1011.72,-31.74,28.81,-0.15,5.57,-1.09,64.95,31.65,51.60,32.97,14.88,986.86,-49.29,-4550.0,-568.75,-420.0,1,53.325,"
1784218668.9620452,"01/01/2000,04:45:30.12,-1062.50,-44.43,-5.37,0.15,5.15,-0.42,63.15,32.25,50.25,33.30,14.88,986.49,-48.92,-4445.0,-350.0,-227.50,1,53.325,"
1784218669.000697,"01/01/2000,04:45:30.16,-1009.28,-31.74,13.18,-0.44,5.85,-1.07,63.60,32.25,50.55,33.06,14.88,987.71,-39.04,-5162.50,-551.25,-175.0,1,53.325,"
1784218669.0220168,"01/01/2000,04:45:30.18,-995.12,1.95,37.60,-0.93,5.29,-0.07,62.70,31.35,52.20,32.97,14.64,986.49,-37.82,-5057.50,-376.25,-262.50,1,53.325,"
1784218669.056509,"01/01/2000,04:45:30.22,-1033.69,-23.44,23.44,-0.05,3.93,1.09,61.35,30.45,52.65,33.35,14.40,985.76,-37.94,-4121.25,-411.25,-420.0,1,53.325,"
1784218669.073961,"01/01/2000,04:45:30.23,-1037.60,-31.25,-1.95,-0.57,5.33,-0.98,61.35,30.45,52.65,33.35,14.64,986.25,-35.38,-4182.50,-306.25,-367.50,1,53.325,"
1784218669.0913823,"01/01/2000,04:45:30.25,-1005.37,1.46,-6.84,-1.05,4.26,0.27,63.60,32.55,50.25,33.11,14.88,986.25,-32.45,-4252.50,-227.50,-411.25,1,53.325,"
1784218669.1130354,"01/01/2000,04:45:30.27,-1010.25,-19.04,-3.42,1.44,3.72,1.52,61.95,31.35,50.25,33.16,14.88,985.76,-30.87,-4462.50,-253.75,-297.50,1,53.325,"
1784218669.1378014,"01/01/2000,04:45:30.29,-994.63,-14.16,3.42,1.47,4.91,0.50,61.65,32.25,49.50,33.25,14.76,985.15,-30.62,-3622.50,96.25,-288.75,1,53.325,"
1784218669.1548572,"01/01/2000,04:45:30.31,-1021.97,-43.95,-38.09,1.57,5.19,1.15,63.30,32.85,50.40,33.11,14.76,985.88,-28.55,-3421.25,113.75,-358.75,1,53.325,"
1784218669.1790986,"01/01/2000,04:45:30.34,-1012.70,0.49,-29.30,-0.24,4.56,0.46,64.95,32.85,49.65,33.35,15.01,986.37,-26.35,-3972.50,367.50,-367.50,1,53.325,"
1784218669.1949635,"01/01/2000,04:45:30.36,-1024.41,-6.35,-20.51,-1.89,1.72,0.46,61.80,29.55,52.35,33.16,15.13,985.27,-25.74,-3561.25,673.75,-236.25,1,53.325,"
1784218669.2140696,"01/01/2000,04:45:30.37,-1005.37,3.91,-66.41,-0.71,1.37,0.30,65.10,32.25,50.55,33.11,14.76,984.91,-26.11,-2975.0,831.25,-385.0,1,53.324,"
1784218669.230926,"01/01/2000,04:45:30.39,-1005.37,-14.16,-18.55,0.11,3.24,0.83,62.55,32.40,50.40,33.30,14.88,985.52,-24.89,-2730.0,945.0,-420.0,1,53.324,"
1784218669.2472076,"01/01/2000,04:45:30.41,-992.68,-28.32,28.32,-5.65,5.21,-1.73,63.90,31.35,50.55,33.16,15.62,985.88,-23.18,-2222.50,1785.0,-297.50,1,53.325,"
1784218669.2688322,"01/01/2000,04:45:30.43,-998.54,-46.39,38.09,-4.56,4.26,0.68,62.70,33.45,50.55,33.25,15.13,985.52,-20.01,-2537.50,1496.25,-280.0,1,53.324,"
1784218669.3042386,"01/01/2000,04:45:30.47,-1030.76,-50.29,51.27,-2.67,-0.17,0.16,62.25,31.65,50.40,33.06,13.18,984.30,-19.03,-1653.75,105.0,-105.0,1,53.325,"
1784218669.324997,"01/01/2000,04:45:30.48,-1001.46,-44.43,39.55,-0.77,2.25,-0.83,63.30,33.15,50.10,33.16,12.69,986.13,-19.76,-717.50,-516.25,-236.25,1,53.325,"
1784218669.3428123,"01/01/2000,04:45:30.50,-1011.72,-41.02,-3.42,-0.31,-2.68,0.15,62.40,33.0,51.0,33.30,12.44,986.61,-19.52,-437.50,-1793.75,-183.75,1,53.325,"
1784218669.3595445,"01/01/2000,04:45:30.52,-1009.77,-33.20,26.86,0.56,2.92,0.50,63.0,31.95,50.40,33.49,13.42,985.52,-18.67,-420.0,-1111.25,-245.0,1,53.324,"
1784218669.377503,"01/01/2000,04:45:30.54,-1016.11,-21.48,-25.88,-0.48,0.02,0.73,64.35,32.55,49.05,33.11,14.52,985.15,-16.71,-1102.50,-315.0,-253.75,1,53.325,"
1784218669.3980985,"01/01/2000,04:45:30.56,-1031.74,-3.42,-62.99,4.51,2.26,-1.48,64.65,31.05,50.55,33.06,13.91,985.52,-15.86,-743.75,-726.25,-297.50,1,53.325,"
1784218669.4219882,"01/01/2000,04:45:30.58,-1006.84,-8.30,-43.95,-1.19,-1.56,-1.47,63.15,32.25,51.0,33.25,13.42,985.88,-15.86,61.25,-1347.50,-280.0,1,53.325,"
1784218669.4338865,"01/01/2000,04:45:30.59,-1010.25,-29.30,16.60,2.14,-2.46,1.90,64.95,32.40,51.15,33.11,12.93,985.64,-16.23,700.0,-1907.50,-341.25,1,53.325,"
1784218669.4507658,"01/01/2000,04:45:30.61,-1019.53,-50.78,24.90,3.09,0.09,-1.15,63.90,32.55,49.50,33.11,12.69,984.42,-17.32,971.25,-2397.50,-131.25,1,53.325,"
1784218669.474066,"01/01/2000,04:45:30.63,-1015.14,-32.71,-38.09,-0.13,-0.97,-0.15,63.75,32.40,51.90,33.11,14.15,985.03,-16.23,358.75,-1190.0,-262.50,1,53.325,"
1784218669.4913807,"01/01/2000,04:45:30.65,-1026.86,-35.64,-65.92,-0.95,0.21,2.39,63.30,33.60,48.90,33.11,14.88,985.52,-15.13,1435.0,-621.25,-140.0,1,53.325,"
1784218669.5116208,"01/01/2000,04:45:30.67,-990.72,-14.65,-19.53,-0.88,-0.65,1.14,63.60,33.0,49.50,33.11,14.64,986.49,-14.03,1837.50,-1163.75,-175.0,1,53.325,"
1784218669.528358,"01/01/2000,04:45:30.69,-1026.86,4.39,-56.15,2.85,-1.99,-0.31,62.40,32.55,50.25,33.16,13.91,986.25,-14.27,1601.25,-2100.0,8.75,1,53.325,"
1784218669.5451689,"01/01/2000,04:45:30.71,-977.05,-5.37,-129.88,3.61,-0.82,0.92,63.90,32.25,50.25,33.16,12.93,983.81,-16.84,1855.0,-2450.0,-122.50,1,53.325,"
1784218669.5630403,"01/01/2000,04:45:30.72,-1029.79,-34.67,21.97,1.15,-1.92,-1.73,62.40,33.0,52.95,33.06,13.54,984.05,-17.08,2091.25,-1820.0,-332.50,1,53.325,"
1784218669.580432,"01/01/2000,04:45:30.74,-1006.35,-12.70,46.88,1.87,-1.99,2.62,64.65,33.45,49.05,33.25,14.64,986.00,-14.88,1741.25,-1032.50,-358.75,1,53.325,"
1784218669.605509,"01/01/2000,04:45:30.76,-1016.60,-20.02,-1.46,0.08,-0.60,0.92,64.65,32.55,51.30,33.06,15.62,987.35,-12.20,1032.50,-630.0,-201.25,1,53.325,"
1784218669.6190937,"01/01/2000,04:45:30.78,-1003.91,-18.55,13.67,-1.41,-1.64,-1.67,64.50,32.85,50.10,33.06,15.01,986.25,-12.32,1058.75,-980.0,-245.0,1,53.325,"
1784218669.6367228,"01/01/2000,04:45:30.80,-983.40,-0.98,-9.77,-0.37,-0.93,-2.32,64.05,32.85,50.85,33.16,14.03,984.30,-15.49,1732.50,-1303.75,-105.0,1,53.325,"
1784218669.6540887,"01/01/2000,04:45:30.81,-1018.55,-36.13,-2.44,2.99,-0.21,1.05,63.30,32.85,50.85,33.30,13.18,984.54,-17.93,2021.25,-1715.0,-122.50,1,53.325,"
1784218669.7014332,"01/01/2000,04:45:30.86,-982.91,-46.88,51.27,0.16,-0.98,-0.01,63.30,32.85,48.90,33.35,15.62,989.18,-14.52,875.0,-498.75,-192.50,1,53.324,"
1784218669.719872,"01/01/2000,04:45:30.88,-996.09,-30.76,41.02,-1.91,-2.29,0.90,64.35,33.0,50.55,33.25,15.37,987.22,-15.37,1146.25,-691.25,-218.75,1,53.325,"
1784218669.7283883,"01/01/2000,04:45:30.90,-1011.23,-17.58,-19.53,1.83,-0.74,-0.81,62.25,32.85,51.90,33.11,14.15,984.54,-18.54,1986.25,-1015.0,-105.0,1,53.325,"
1784218669.7573535,"01/01/2000,04:45:30.92,-1008.30,-13.67,23.44,-0.76,-0.94,2.96,63.90,32.55,51.0,33.11,13.30,985.15,-20.98,2555.0,-1190.0,-210.0,1,53.325,"
1784218669.7752612,"01/01/2000,04:45:30.94,-1005.37,-30.27,3.91,0.53,-3.89,-2.74,63.15,33.75,51.30,33.16,13.66,986.74,-20.50,2205.0,-1233.75,-227.50,1,53.325,"
1784218669.7915783,"01/01/2000,04:45:30.95,-1023.93,-35.16,-16.60,0.60,-0.98,-0.06,63.90,32.55,50.25,33.25,14.64,987.22,-19.76,2240.0,-927.50,-52.50,1,53.325,"
1784218669.8131454,"01/01/2000,04:45:30.97,-1007.32,-17.09,11.23,0.69,-3.27,1.29,63.75,32.85,50.40,32.97,15.13,986.25,-20.01,2178.75,-743.75,-26.25,1,53.324,"
1784218669.8307385,"01/01/2000,04:45:30.99,-1015.14,-8.30,-5.37,-1.26,-2.28,0.54,64.05,32.40,51.90,33.11,14.64,985.52,-20.74,2336.25,-673.75,-70.0,1,53.324,"
1784218669.8670633,"01/01/2000,04:45:31.03,-1020.51,-18.55,-34.18,0.71,-2.34,-0.49,64.35,33.0,50.55,33.16,13.30,988.20,-19.52,1671.25,-1496.25,-376.25,1,53.325,"
1784218669.8867292,"01/01/2000,04:45:31.05,-1004.88,-12.70,-13.67,0.93,-1.24,-0.42,65.40,33.75,51.0,33.35,14.15,988.08,-19.15,638.75,-1286.25,-306.25,1,53.325,"
1784218669.9216828,"01/01/2000,04:45:31.08,-996.58,-23.93,-27.83,0.75,-1.54,2.16,64.50,32.40,50.85,32.82,14.88,985.76,-21.84,945.0,-612.50,-157.50,1,53.325,"
1784218669.9595315,"01/01/2000,04:45:31.12,-988.28,-15.14,32.71,-1.47,-0.29,0.12,63.60,31.80,49.80,33.35,14.88,987.71,-20.50,323.75,-87.50,-253.75,1,53.324,"
1784218669.9781258,"01/01/2000,04:45:31.14,-1024.41,-18.07,35.16,-0.12,0.22,0.30,61.95,33.75,51.75,33.25,14.88,988.93,-20.25,-236.25,-367.50,-236.25,1,53.325,"
1784218669.9948196,"01/01/2000,04:45:31.16,-996.09,-13.18,-8.79,-0.14,-1.81,-1.33,64.50,34.35,50.85,33.16,14.76,988.57,-21.47,-218.75,-717.50,-61.25,1,53.325,"
1784218670.0161543,"01/01/2000,04:45:31.18,-1010.74,-16.11,-29.79,0.27,-0.57,-1.85,64.65,32.55,50.55,33.25,14.40,987.47,-23.18,-78.75,-393.75,-210.0,1,53.325,"
1784218670.0490115,"01/01/2000,04:45:31.21,-1007.32,-25.39,-18.07,1.24,0.63,1.68,64.05,33.60,50.40,33.06,13.91,987.35,-22.33,-1006.25,-927.50,-332.50,1,53.325,"
1784218670.0762172,"01/01/2000,04:45:31.23,-1006.35,-27.34,-26.37,1.59,0.92,1.32,64.50,32.85,51.15,33.35,14.64,987.10,-22.81,-831.25,-787.50,-271.25,1,53.325,"
1784218670.0901923,"01/01/2000,04:45:31.25,-1001.95,-13.18,7.81,0.24,0.95,-2.37,63.15,31.05,54.45,33.25,14.52,985.27,-24.89,-393.75,-743.75,-262.50,1,53.325,"
1784218670.1228077,"01/01/2000,04:45:31.28,-1017.09,-21.00,8.79,-0.03,1.18,0.98,63.90,34.20,51.0,33.30,14.03,986.37,-24.52,113.75,-647.50,-236.25,1,53.325,"
1784218670.1619844,"01/01/2000,04:45:31.32,-984.38,-35.16,-3.91,0.47,0.13,-0.08,63.60,34.95,51.0,33.30,14.03,986.98,-22.94,-350.0,-1058.75,-148.75,1,53.325,"
1784218670.1801348,"01/01/2000,04:45:31.34,-1003.42,-35.64,-9.28,-0.91,-0.16,0.21,64.05,33.15,51.15,33.25,14.40,986.49,-23.91,140.0,-1172.50,-78.75,1,53.325,"
1784218670.2002058,"01/01/2000,04:45:31.37,-1000.0,-23.44,-7.32,-1.27,1.98,-0.21,64.50,31.20,51.90,33.16,14.03,986.74,-22.57,131.25,-735.0,-341.25,1,53.325,"
1784218670.2296057,"01/01/2000,04:45:31.39,-982.91,-21.48,-14.16,-1.15,0.29,-2.55,61.65,30.60,54.0,33.30,14.27,985.88,-21.35,-700.0,-840.0,-236.25,1,53.324,"
1784218670.247193,"01/01/2000,04:45:31.41,-1001.95,-5.86,0.0,-0.69,-1.95,-0.73,64.35,34.65,51.75,33.16,14.15,984.91,-22.69,-437.50,-1032.50,-350.0,1,53.325,"
1784218670.261577,"01/01/2000,04:45:31.43,-999.51,-12.21,-13.67,1.89,0.27,1.07,64.35,33.0,51.0,33.35,14.64,985.52,-24.28,-271.25,-840.0,-61.25,1,53.324,"
1784218670.2818596,"01/01/2000,04:45:31.44,-1026.37,-15.14,-36.13,1.01,3.03,-0.37,64.65,32.55,51.30,33.30,14.40,987.47,-24.40,-183.75,-735.0,-218.75,1,53.324,"
1784218670.3022687,"01/01/2000,04:45:31.46,-1034.67,-18.07,23.44,0.74,0.73,0.64,65.25,33.15,50.85,33.30,14.64,988.32,-22.57,-411.25,-507.50,-245.0,1,53.324,"
1784218670.3283107,"01/01/2000,04:45:31.50,-1009.77,-21.00,5.37,1.22,0.41,-1.05,63.30,31.65,50.10,33.25,14.52,985.76,-22.94,-577.50,-638.75,-192.50,1,53.325,"
1784218670.3552785,"01/01/2000,04:45:31.51,-1044.43,-13.67,-16.11,1.45,-0.08,1.78,65.85,32.55,51.75,33.16,14.15,984.78,-24.28,630.0,-857.50,-210.0,1,53.325,"
1784218670.3790123,"01/01/2000,04:45:31.54,-1020.51,-11.72,-2.93,-1.20,-1.22,0.07,63.90,31.35,51.75,33.35,14.03,986.13,-24.52,910.0,-805.0,-315.0,1,53.325,"
1784218670.394946,"01/01/2000,04:45:31.55,-1024.90,-1.95,-42.48,-0.47,-0.83,0.06,65.25,32.85,52.35,33.16,14.15,987.47,-23.06,218.75,-962.50,-227.50,1,53.325,"
1784218670.4307046,"01/01/2000,04:45:31.59,-1011.72,-23.44,22.46,1.20,-0.69,2.21,62.40,33.45,51.30,33.11,14.40,985.03,-23.67,297.50,-1050.0,-218.75,1,53.324,"
1784218670.4470515,"01/01/2000,04:45:31.61,-1050.78,-11.23,-35.16,0.16,-0.04,-2.31,63.15,32.25,51.0,33.11,14.40,985.15,-24.16,875.0,-761.25,-166.25,1,53.325,"
1784218670.4615648,"01/01/2000,04:45:31.63,-1026.37,-17.58,60.06,1.18,-1.98,1.16,64.50,32.40,51.15,33.35,14.15,987.10,-23.30,840.0,-813.75,-210.0,1,53.325,"
1784218670.482719,"01/01/2000,04:45:31.64,-1037.60,-44.92,-40.53,-0.20,-1.74,-0.59,63.75,31.20,51.15,33.30,14.52,987.22,-21.96,411.25,-1023.75,-70.0,1,53.325,"
1784218670.5208735,"01/01/2000,04:45:31.68,-1035.64,-28.32,4.39,-0.91,-0.12,-0.47,65.40,33.0,51.0,33.35,14.76,984.54,-20.98,393.75,-673.75,-61.25,1,53.325,"
1784218670.5387294,"01/01/2000,04:45:31.70,-1054.20,-19.53,18.55,2.08,0.80,0.63,65.10,33.45,51.30,33.11,14.15,987.96,-22.45,78.75,-726.25,-306.25,1,53.325,"
1784218670.556404,"01/01/2000,04:45:31.72,-993.65,-17.09,-34.67,-0.39,1.28,-2.62,63.60,33.0,51.0,33.11,13.91,988.93,-24.40,61.25,-945.0,-350.0,1,53.325,"
1784218670.5764818,"01/01/2000,04:45:31.74,-1010.74,-19.53,20.02,0.60,-0.99,-0.11,64.35,33.75,51.30,33.11,14.88,986.61,-24.77,262.50,-560.0,-332.50,1,53.325,"
1784218670.594923,"01/01/2000,04:45:31.75,-1000.0,-10.74,13.18,-0.43,1.57,0.44,64.35,33.45,51.30,33.11,15.37,984.30,-23.67,201.25,-350.0,-236.25,1,53.325,"
1784218670.6051466,"01/01/2000,04:45:31.77,-1041.99,-24.41,3.91,1.14,-0.07,-1.24,63.90,33.75,51.75,33.11,15.01,984.54,-22.69,52.50,-271.25,-140.0,1,53.325,"
1784218670.6283524,"01/01/2000,04:45:31.79,-1034.67,-34.67,-19.04,0.36,0.82,-1.17,64.65,33.45,50.25,33.11,14.64,986.74,-22.45,8.75,-210.0,-201.25,1,53.325,"
1784218670.6492124,"01/01/2000,04:45:31.81,-1014.16,-26.86,-2.93,-1.52,-2.58,-0.54,65.70,34.05,51.60,33.44,14.64,988.08,-22.33,122.50,-332.50,-70.0,1,53.325,"
1784218670.665819,"01/01/2000,04:45:31.83,-1014.16,19.04,18.07,0.04,0.90,0.66,65.10,33.0,49.50,33.25,15.01,987.47,-22.20,-35.0,-350.0,-306.25,1,53.325,"
1784218670.6906207,"01/01/2000,04:45:31.84,-1013.18,-26.37,14.65,1.27,-0.62,-1.62,64.65,33.0,50.55,33.25,15.01,985.76,-22.08,-8.75,-446.25,-140.0,1,53.325,"
1784218670.7122598,"01/01/2000,04:45:31.86,-1015.14,1.46,4.88,0.59,-1.59,0.89,64.05,33.15,51.15,33.25,14.40,985.88,-21.96,227.50,-393.75,-262.50,1,53.325,"
1784218670.728237,"01/01/2000,04:45:31.89,-981.93,-26.37,32.23,-1.36,1.31,0.39,63.90,33.45,51.30,33.30,14.27,986.00,-21.96,70.0,-621.25,-201.25,1,53.325,"
1784218670.749338,"01/01/2000,04:45:31.91,-997.07,-16.60,14.65,-0.80,0.73,0.23,63.60,31.80,52.50,33.11,14.76,984.54,-22.45,227.50,-498.75,-131.25,1,53.325,"
1784218670.7719865,"01/01/2000,04:45:31.93,-1034.67,-22.46,-1.46,0.66,-0.36,-0.52,63.30,30.75,53.85,33.25,14.88,984.17,-23.42,245.0,-428.75,-17.50,1,53.325,"
1784218670.7988725,"01/01/2000,04:45:31.97,-1024.41,-28.81,33.69,1.05,-0.31,-0.63,64.65,32.25,50.25,33.25,14.40,988.20,-23.55,262.50,-341.25,-183.75,1,53.325,"
1784218670.821988,"01/01/2000,04:45:31.98,-976.56,-11.72,-4.39,0.98,2.68,-0.23,64.95,31.65,50.85,33.11,14.15,987.71,-22.57,218.75,-525.0,-280.0,1,53.325,"
1784218670.839797,"01/01/2000,04:45:32.00,-1011.23,-32.23,-8.79,1.04,1.63,-1.17,64.95,31.65,50.85,33.11,14.27,986.49,-22.33,192.50,-612.50,-288.75,1,53.325,"
1784218670.8616164,"01/01/2000,04:45:32.02,-1012.21,-26.37,16.60,-0.90,-0.88,-2.47,63.15,31.05,52.95,33.25,14.27,986.61,-22.94,280.0,-621.25,-218.75,1,53.324,"
1784218670.8950808,"01/01/2000,04:45:32.06,-1021.97,-25.88,-24.90,-0.10,2.26,-0.08,64.35,33.0,51.0,33.06,14.64,987.71,-22.94,166.25,8.75,-148.75,1,53.325,"
1784218670.9152899,"01/01/2000,04:45:32.08,-1015.14,-4.88,4.88,-0.79,-2.04,-0.95,63.75,32.40,51.90,33.11,14.64,986.61,-22.69,-78.75,-306.25,-245.0,1,53.325,"
1784218670.9282606,"01/01/2000,04:45:32.09,-1023.44,-29.30,8.30,2.47,-1.90,0.16,64.50,32.40,51.60,33.30,14.40,985.27,-22.94,183.75,-525.0,-78.75,1,53.325,"
1784218670.9564202,"01/01/2000,04:45:32.11,-1009.28,2.93,3.42,0.27,1.46,-0.06,65.70,32.40,51.60,33.16,14.15,985.03,-23.30,647.50,-560.0,-218.75,1,53.325,"
1784218670.9743407,"01/01/2000,04:45:32.13,-1024.41,-2.93,-23.44,-0.20,-0.98,-1.26,65.70,32.40,51.90,33.35,14.40,986.13,-22.45,402.50,-201.25,-297.50,1,53.325,"
1784218671.0057817,"01/01/2000,04:45:32.17,-1023.93,7.32,-27.34,-0.47,2.01,-0.15,64.05,31.65,51.90,33.35,14.40,986.25,-20.74,-210.0,-638.75,-113.75,1,53.325,"
1784218671.0270917,"01/01/2000,04:45:32.18,-986.82,-20.02,-3.91,-0.28,-1.80,-1.38,65.70,34.05,50.85,33.16,14.15,987.47,-21.59,-455.0,-665.0,-280.0,1,53.325,"
1784218671.0438972,"01/01/2000,04:45:32.20,-995.61,-0.49,-25.39,1.06,1.34,-0.08,66.0,34.05,50.85,33.30,14.03,987.96,-22.57,-411.25,-892.50,-140.0,1,53.325,"
1784218671.061632,"01/01/2000,04:45:32.22,-1032.23,-26.37,10.25,-0.49,0.47,-0.38,65.70,31.65,52.65,33.30,14.40,987.22,-23.42,-157.50,-665.0,-210.0,1,53.325,"
1784218671.0784965,"01/01/2000,04:45:32.24,-1026.86,-31.74,48.83,0.71,1.50,-1.55,64.65,32.55,52.20,33.11,14.64,985.64,-24.03,35.0,-787.50,-131.25,1,53.325,"
1784218671.0964508,"01/01/2000,04:45:32.26,-1017.09,-23.93,26.37,-0.28,-0.04,-1.42,63.90,34.65,52.20,33.25,14.88,984.54,-24.89,630.0,-621.25,-157.50,1,53.325,"
1784218671.1283586,"01/01/2000,04:45:32.30,-1024.41,-13.18,-14.65,1.55,-1.75,-0.10,65.40,33.45,50.55,33.30,14.40,986.49,-22.81,227.50,-516.25,-175.0,1,53.325,"
1784218671.1523044,"01/01/2000,04:45:32.31,-1031.25,-22.46,-13.67,0.44,-0.02,-0.98,64.05,31.95,52.35,33.11,14.15,987.22,-21.23,52.50,-866.25,-210.0,1,53.325,"
1784218671.171197,"01/01/2000,04:45:32.33,-999.02,-25.39,1.95,0.43,0.24,0.76,64.05,31.95,52.35,33.06,14.40,987.47,-21.23,157.50,-910.0,-306.25,1,53.325,"
1784218671.2053983,"01/01/2000,04:45:32.37,-1020.51,-26.37,5.86,0.92,-1.63,0.03,65.25,33.15,51.90,33.30,14.27,985.03,-23.06,402.50,-927.50,-210.0,1,53.325,"
1784218671.224137,"01/01/2000,04:45:32.38,-1019.53,-45.90,23.44,1.50,1.41,-0.63,65.85,32.55,51.75,33.11,14.40,985.03,-23.30,271.25,-962.50,-52.50,1,53.325,"
1784218671.2468126,"01/01/2000,04:45:32.41,-1021.97,-8.79,-42.48,1.24,-1.48,2.45,64.35,33.0,51.0,33.30,14.64,987.35,-23.42,113.75,-778.75,-210.0,1,53.325,"
1784218671.2736804,"01/01/2000,04:45:32.43,-1036.13,-7.32,-41.50,0.27,-0.41,-1.31,63.0,32.85,55.05,33.35,14.40,987.83,-23.18,376.25,-910.0,-332.50,1,53.325,"
1784218671.2888224,"01/01/2000,04:45:32.45,-1017.09,-18.07,-23.93,1.52,2.22,1.98,64.50,32.85,50.85,33.06,14.64,987.96,-22.94,236.25,-927.50,-271.25,1,53.325,"
1784218671.305379,"01/01/2000,04:45:32.47,-1023.93,-28.81,17.09,-0.34,0.81,-1.79,64.95,33.15,51.15,33.30,14.76,986.98,-22.69,131.25,-770.0,-210.0,1,53.325,"
1784218671.3284063,"01/01/2000,04:45:32.48,-1015.63,-21.97,6.35,-0.74,0.11,0.01,65.40,32.55,51.30,33.35,14.64,986.37,-22.94,253.75,-778.75,-43.75,1,53.325,"
1784218671.3409696,"01/01/2000,04:45:32.50,-993.16,-14.65,18.07,1.70,-2.20,2.09,64.95,32.85,50.40,33.11,14.27,984.91,-23.55,560.0,-927.50,-262.50,1,53.325,"
1784218671.361655,"01/01/2000,04:45:32.52,-1021.97,-43.95,14.16,-0.67,-2.78,-2.02,65.40,32.55,51.30,33.11,14.52,983.93,-23.18,1207.50,-778.75,-166.25,1,53.325,"
1784218671.3950934,"01/01/2000,04:45:32.56,-1019.04,-35.16,-19.53,0.56,-3.56,1.34,65.70,33.15,51.15,33.11,14.52,984.54,-16.10,1531.25,-857.50,-96.25,1,53.325,"
1784218671.4221,"01/01/2000,04:45:32.58,-1012.21,-18.55,-2.44,-0.29,-0.44,0.05,64.95,34.35,52.35,33.44,14.64,986.74,-13.66,708.75,-735.0,-236.25,1,53.325,"
1784218671.4347897,"01/01/2000,04:45:32.60,-1016.60,-28.32,13.67,-1.54,1.82,-0.60,65.40,33.0,52.20,33.16,14.40,988.44,-14.27,-131.25,-533.75,-210.0,1,53.325,"
1784218671.4515243,"01/01/2000,04:45:32.61,-1012.21,-34.67,13.18,-1.36,-0.47,0.50,63.75,32.40,51.60,33.59,14.52,987.71,-15.62,498.75,-350.0,-297.50,1,53.325,"
1784218671.4721935,"01/01/2000,04:45:32.63,-1004.39,-33.20,-33.69,3.05,-1.74,2.64,66.0,32.40,51.90,33.16,14.52,984.91,-15.98,1732.50,-402.50,-201.25,1,53.325,"
1784218671.4907553,"01/01/2000,04:45:32.65,-1010.25,-16.11,-9.28,1.05,1.81,-0.08,65.85,31.80,52.95,33.49,14.27,985.27,-13.79,1741.25,-490.0,-218.75,1,53.325,"
1784218671.5121787,"01/01/2000,04:45:32.67,-1039.06,-35.64,4.88,0.44,-1.37,-1.01,63.60,32.55,52.50,33.11,14.52,986.74,-11.22,1242.50,-498.75,-218.75,1,53.325,"
1784218671.5256708,"01/01/2000,04:45:32.69,-1032.23,-18.07,2.93,0.99,-1.01,1.82,65.40,33.45,51.0,33.35,14.40,987.47,-10.98,953.75,-507.50,-192.50,1,53.325,"
1784218671.5463154,"01/01/2000,04:45:32.71,-1013.67,-0.49,-52.73,2.65,-0.40,-2.35,65.10,34.95,52.20,33.30,14.15,986.49,-13.30,1093.75,-813.75,-218.75,1,53.325,"
1784218671.5630927,"01/01/2000,04:45:32.72,-984.86,-31.74,-3.42,0.58,-3.99,-0.87,64.35,32.55,51.75,33.35,14.52,985.64,-16.23,1452.50,-752.50,-113.75,1,53.325,"
1784218671.5950317,"01/01/2000,04:45:32.76,-1020.02,-3.42,-43.95,-0.32,-2.83,1.53,62.70,31.35,51.75,33.35,14.52,985.52,-18.30,1312.50,-831.25,-166.25,1,53.325,"
1784218671.623103,"01/01/2000,04:45:32.78,-985.84,-21.97,-59.08,0.11,-1.43,-1.05,65.25,34.05,53.10,33.06,14.64,985.64,-18.18,1478.75,-647.50,-218.75,1,53.325,"
1784218671.6368725,"01/01/2000,04:45:32.80,-1051.76,-0.49,44.43,-1.44,-0.51,-0.85,65.25,31.95,51.60,33.11,14.64,988.08,-19.15,971.25,-752.50,-288.75,1,53.325,"
1784218671.6615837,"01/01/2000,04:45:32.82,-1028.81,-5.86,3.91,0.29,-0.35,-3.32,64.65,31.80,52.20,33.35,14.40,988.20,-21.47,787.50,-726.25,-192.50,1,53.325,"
1784218671.6785336,"01/01/2000,04:45:32.84,-993.65,-37.11,36.13,1.81,-1.56,0.44,63.90,33.75,53.70,33.11,14.64,985.88,-24.28,1277.50,-813.75,-323.75,1,53.325,"
1784218671.6964512,"01/01/2000,04:45:32.85,-1014.16,-6.35,-4.39,0.26,0.08,0.48,64.65,32.25,52.95,33.16,14.64,985.64,-24.89,988.75,-770.0,-297.50,1,53.325,"
1784218671.7117808,"01/01/2000,04:45:32.87,-1012.70,-10.25,-11.72,-0.68,-0.36,-1.51,64.50,32.85,52.65,33.25,14.64,986.49,-25.01,682.50,-577.50,-271.25,1,53.325,"
1784218671.7259362,"01/01/2000,04:45:32.89,-1031.74,-20.02,19.53,0.34,-1.60,-0.30,65.25,33.15,52.35,33.06,14.76,987.10,-25.62,840.0,-726.25,-210.0,1,53.325,"
1784218671.753461,"01/01/2000,04:45:32.91,-1045.90,-23.93,-3.91,1.71,2.14,-1.87,63.90,31.05,52.50,33.11,14.88,986.86,-26.96,813.75,-673.75,-350.0,1,53.325,"
1784218671.7742112,"01/01/2000,04:45:32.94,-1007.32,-5.37,-11.23,1.27,0.15,-0.66,64.50,30.75,50.85,33.11,14.76,986.13,-27.57,866.25,-822.50,-262.50,1,53.325,"
1784218671.7954922,"01/01/2000,04:45:32.95,-1027.34,-17.58,2.44,0.53,-0.90,-1.91,65.10,33.45,54.0,33.44,14.64,986.25,-27.82,682.50,-665.0,-236.25,1,53.325,"
1784218671.8130603,"01/01/2000,04:45:32.97,-992.68,-18.07,1.95,1.02,-0.78,-0.73,64.35,31.35,54.45,33.06,14.76,986.61,-28.43,717.50,-752.50,-210.0,1,53.325,"
1784218671.829894,"01/01/2000,04:45:32.99,-1025.39,-40.04,38.09,-0.54,0.34,0.94,64.65,33.0,51.75,32.97,15.13,986.37,-29.04,743.75,-778.75,-113.75,1,53.325,"
1784218671.8472424,"01/01/2000,04:45:33.01,-1019.04,-24.90,6.84,-1.95,2.97,-1.03,64.65,33.0,51.30,33.25,15.13,986.00,-29.40,665.0,-682.50,-245.0,1,53.325,"
1784218671.8739054,"01/01/2000,04:45:33.03,-1010.25,-20.51,1.95,-0.78,-0.15,-0.73,66.0,32.85,51.90,33.35,15.13,986.00,-29.65,665.0,-761.25,-157.50,1,53.325,"
1784218671.8847625,"01/01/2000,04:45:33.05,-1030.76,-6.35,-20.51,-0.56,1.03,-0.09,64.95,33.60,52.35,33.25,15.01,986.37,-30.01,560.0,-621.25,-131.25,1,53.325,"
1784218671.901986,"01/01/2000,04:45:33.06,-997.07,-21.48,9.77,0.95,-1.14,0.84,64.65,33.75,52.95,33.30,15.01,986.49,-30.13,665.0,-726.25,-332.50,1,53.325,"
1784218671.9187088,"01/01/2000,04:45:33.08,-995.61,-11.72,10.25,-0.28,0.53,0.28,65.25,31.95,52.35,33.25,15.13,986.13,-30.13,603.75,-770.0,-350.0,1,53.325,"
1784218671.9583044,"01/01/2000,04:45:33.12,-1015.63,-4.88,-3.91,-0.09,0.36,1.56,64.95,33.15,51.90,32.97,15.13,986.37,-30.74,647.50,-682.50,-367.50,1,53.325,"
1784218671.9771893,"01/01/2000,04:45:33.14,-1014.16,-27.83,38.57,-2.60,-0.69,-1.63,65.10,32.55,54.45,33.44,14.88,986.37,-30.87,525.0,-682.50,-297.50,1,53.325,"
1784218671.9944725,"01/01/2000,04:45:33.15,-1038.09,-30.76,43.95,1.16,-1.79,-0.40,67.05,34.20,52.50,33.16,15.01,986.13,-30.99,621.25,-840.0,-192.50,1,53.325,"
1784218672.0055037,"01/01/2000,04:45:33.17,-1014.16,-41.02,31.74,2.24,-0.37,-2.14,66.0,33.15,51.90,33.16,15.01,986.00,-30.99,393.75,-691.25,-210.0,1,53.325,"
1784218672.0303993,"01/01/2000,04:45:33.19,-1010.25,-24.41,37.11,0.11,2.37,0.96,64.35,33.0,51.0,33.35,14.76,986.13,-31.48,507.50,-665.0,-148.75,1,53.325,"
1784218672.046909,"01/01/2000,04:45:33.21,-1020.02,-3.42,-0.49,0.63,-1.87,-0.16,63.60,33.0,52.20,33.35,14.88,986.37,-31.84,630.0,-647.50,-227.50,1,53.325,"
1784218672.061915,"01/01/2000,04:45:33.23,-1025.39,-30.27,18.55,1.45,0.09,0.18,64.65,32.25,52.95,33.35,14.88,986.37,-31.72,612.50,-726.25,-367.50,1,53.325,"
1784218672.0853796,"01/01/2000,04:45:33.25,-987.30,20.51,-42.97,2.59,-0.26,-0.44,65.85,33.75,52.95,33.06,14.88,986.37,-31.60,332.50,-665.0,-315.0,1,53.325,"
1784218672.121107,"01/01/2000,04:45:33.28,-1015.63,-7.81,-9.77,-1.08,-1.55,-0.38,64.50,31.95,52.65,33.25,15.01,986.25,-31.96,533.75,-726.25,-262.50,1,53.325,"
1784218672.1286657,"01/01/2000,04:45:33.30,-1029.30,-31.74,19.53,-1.49,-1.18,-2.42,64.50,32.85,51.90,33.35,14.88,986.37,-32.45,350.0,-656.25,-210.0,1,53.325,"
1784218672.164783,"01/01/2000,04:45:33.32,-1035.16,-25.88,-6.35,-0.37,-1.15,4.46,64.95,31.95,52.35,32.97,14.88,985.76,-32.45,428.75,-770.0,-350.0,1,53.325,"
1784218672.1783972,"01/01/2000,04:45:33.34,-1015.14,-7.32,30.27,0.70,0.64,-1.21,65.40,32.55,52.20,33.11,15.13,986.25,-32.57,376.25,-551.25,-52.50,1,53.325,"
1784218672.1923242,"01/01/2000,04:45:33.35,-1021.48,-8.79,-12.21,-0.72,0.24,-2.45,65.70,33.15,50.85,33.16,14.52,986.00,-32.94,481.25,-673.75,-420.0,1,53.325,"
1784218672.2056053,"01/01/2000,04:45:33.37,-1026.86,-35.16,31.74,-2.08,-0.99,-1.50,63.60,34.20,51.75,33.30,14.88,986.00,-32.94,315.0,-875.0,-52.50,1,53.325,"
1784218672.249118,"01/01/2000,04:45:33.41,-1012.70,-35.64,5.37,0.35,-0.35,0.76,65.70,33.15,51.15,33.16,14.88,986.25,-32.94,262.50,-857.50,-140.0,1,53.325,"
1784218672.2748923,"01/01/2000,04:45:33.43,-1002.44,-4.88,0.49,1.64,1.07,2.97,65.40,32.55,49.80,33.11,14.88,985.76,-33.18,367.50,-490.0,-350.0,1,53.325,"
1784218672.2968178,"01/01/2000,04:45:33.46,-1000.49,-30.27,9.28,-0.37,1.60,0.85,65.10,32.55,52.95,33.35,14.64,986.13,-33.06,113.75,-603.75,-227.50,1,53.325,"
1784218672.3285706,"01/01/2000,04:45:33.49,-1017.58,-17.09,14.65,0.13,0.08,0.67,63.75,33.60,51.90,33.30,14.88,986.13,-33.55,280.0,-682.50,-253.75,1,53.325,"
1784218672.347662,"01/01/2000,04:45:33.51,-1002.93,-0.98,-14.65,0.43,1.36,0.93,65.85,33.45,53.25,33.16,15.01,985.88,-33.67,376.25,-673.75,-245.0,1,53.325,"
1784218672.3734713,"01/01/2000,04:45:33.53,-1041.99,-38.57,35.16,-0.21,-0.19,0.38,65.85,31.80,51.0,33.16,14.88,986.25,-33.43,332.50,-603.75,-218.75,1,53.325,"
1784218672.3881493,"01/01/2000,04:45:33.55,-1003.42,-23.44,-12.21,0.91,3.40,0.78,65.70,31.95,52.65,33.25,14.64,986.25,-33.55,376.25,-665.0,-271.25,1,53.325,"
1784218672.39521,"01/01/2000,04:45:33.56,-1014.65,-16.60,24.41,0.45,-1.05,2.28,65.85,34.20,51.0,33.11,14.40,986.25,-33.92,175.0,-560.0,-210.0,1,53.325,"
1784218672.4211004,"01/01/2000,04:45:33.58,-1014.65,-28.32,-5.86,-2.15,-0.53,-0.31,65.25,32.85,51.90,33.06,14.76,985.76,-33.92,402.50,-673.75,-201.25,1,53.325,"
1784218672.4451077,"01/01/2000,04:45:33.60,-1007.32,-14.65,-16.11,0.97,0.39,-0.91,66.45,32.40,52.65,33.25,15.13,986.00,-33.67,218.75,-665.0,-183.75,1,53.325,"
1784218672.4694586,"01/01/2000,04:45:33.64,-1016.60,-29.30,43.95,-0.23,-0.74,-1.67,64.65,32.55,53.70,33.25,14.88,986.49,-33.92,245.0,-560.0,-236.25,1,53.325,"
1784218672.4928873,"01/01/2000,04:45:33.65,-1038.09,-30.27,55.18,3.38,-0.20,1.28,64.05,31.95,52.35,33.11,14.64,986.00,-34.16,385.0,-700.0,-350.0,1,53.325,"
1784218672.5133626,"01/01/2000,04:45:33.68,-1004.39,6.35,13.18,-0.17,0.07,-0.31,62.70,30.15,53.70,33.16,15.13,985.76,-34.40,306.25,-813.75,-201.25,1,53.325,"
1784218672.525425,"01/01/2000,04:45:33.69,-982.91,-29.30,17.58,-1.82,0.75,1.82,64.50,32.40,52.65,33.30,15.25,985.52,-34.40,411.25,-525.0,-280.0,1,53.325,"
1784218672.5693808,"01/01/2000,04:45:33.73,-1012.70,-14.65,22.95,0.47,0.69,0.97,64.35,34.65,51.0,33.16,14.76,986.13,-33.67,297.50,-743.75,-192.50,1,53.325,"
1784218672.5919607,"01/01/2000,04:45:33.75,-1008.79,-50.78,-1.95,-0.80,-0.64,2.85,65.85,32.55,51.0,33.11,14.64,986.13,-33.67,-35.0,-787.50,-271.25,1,53.325,"
1784218672.595833,"01/01/2000,04:45:33.76,-1014.65,-25.39,-6.35,-2.14,-0.72,-0.82,65.40,31.80,52.20,33.44,14.64,985.64,-34.04,376.25,-813.75,-280.0,1,53.325,"
1784218672.6241257,"01/01/2000,04:45:33.78,-1012.70,-0.98,-2.44,0.21,1.61,0.03,65.40,32.55,52.50,33.25,15.13,985.39,-34.89,525.0,-665.0,-157.50,1,53.325,"
1784218672.645194,"01/01/2000,04:45:33.80,-1007.81,-25.88,-29.79,0.16,0.48,1.60,64.35,33.0,51.75,32.97,15.13,986.00,-34.28,227.50,-498.75,-131.25,1,53.325,"
1784218672.6618645,"01/01/2000,04:45:33.82,-1013.67,-39.55,9.77,-1.11,1.14,-1.61,63.90,32.25,55.20,33.30,14.64,986.00,-33.92,385.0,-533.75,-201.25,1,53.325,"
1784218672.6942804,"01/01/2000,04:45:33.85,-1015.14,-1.46,28.81,-0.01,0.96,-1.01,65.85,34.65,52.95,33.35,14.52,985.52,-34.65,420.0,-752.50,-376.25,1,53.325,"
1784218672.7155042,"01/01/2000,04:45:33.88,-1010.25,-7.81,11.72,0.83,-0.15,0.34,65.25,31.20,55.80,33.16,15.13,985.88,-34.89,595.0,-743.75,-227.50,1,53.325,"
1784218672.728637,"01/01/2000,04:45:33.89,-998.05,-5.86,41.99,1.36,0.99,1.70,65.10,32.25,52.50,33.30,15.25,986.13,-34.40,323.75,-498.75,-280.0,1,53.325,"
1784218672.7486603,"01/01/2000,04:45:33.91,-1024.90,-28.81,22.95,0.11,0.03,-0.47,64.65,34.20,54.0,33.11,15.01,986.25,-34.16,140.0,-665.0,-271.25,1,53.325,"
1784218672.77226,"01/01/2000,04:45:33.93,-1043.46,-23.93,18.07,-0.08,-1.39,-0.85,65.70,32.40,51.60,33.35,14.88,986.37,-34.65,43.75,-761.25,-113.75,1,53.325,"
1784218672.7958899,"01/01/2000,04:45:33.95,-1031.74,-32.23,39.06,0.09,0.99,0.58,66.30,33.0,52.50,33.25,14.64,985.76,-34.89,367.50,-901.25,-262.50,1,53.325,"
1784218672.8132472,"01/01/2000,04:45:33.97,-1012.70,-39.06,11.23,0.76,2.68,1.29,65.25,32.40,51.90,33.11,15.13,986.25,-34.65,323.75,-647.50,-218.75,1,53.325,"
1784218672.8313189,"01/01/2000,04:45:33.99,-1016.60,-21.48,-43.46,-0.78,-2.02,-1.04,64.50,32.40,52.65,33.35,14.88,986.37,-34.65,192.50,-743.75,-262.50,1,53.325,"
1784218672.8619585,"01/01/2000,04:45:34.03,-1017.09,-22.95,3.42,1.62,-1.87,1.0,63.0,32.40,51.60,33.25,14.64,985.27,-35.01,455.0,-665.0,-253.75,1,53.325,"
1784218672.8890495,"01/01/2000,04:45:34.05,-1027.83,-18.55,4.88,0.64,-0.47,0.15,66.0,34.35,52.35,33.35,14.40,985.76,-35.14,350.0,-656.25,-201.25,1,53.325,"
1784218672.9034312,"01/01/2000,04:45:34.06,-996.58,-37.11,-3.91,0.50,-0.87,-0.82,65.70,33.15,52.35,32.97,14.64,986.13,-34.77,140.0,-665.0,-280.0,1,53.325,"
1784218672.9247365,"01/01/2000,04:45:34.09,-1011.72,-19.53,-11.72,-0.97,1.18,2.46,63.90,31.80,51.30,33.06,15.01,986.25,-34.65,201.25,-682.50,-218.75,1,53.325,"
1784218672.9475355,"01/01/2000,04:45:34.10,-1016.11,-17.58,-2.44,2.78,-1.56,-0.27,64.65,33.45,51.75,33.11,15.13,985.76,-34.65,236.25,-813.75,-113.75,1,53.325,"
1784218672.9595723,"01/01/2000,04:45:34.12,-1032.23,-28.81,27.34,-0.22,-1.96,-0.03,65.85,33.0,52.95,33.16,14.76,986.00,-35.14,131.25,-525.0,-192.50,1,53.325,"
1784218672.976366,"01/01/2000,04:45:34.14,-1033.20,-21.00,-3.91,0.06,-1.49,2.99,66.45,32.40,54.15,33.35,14.40,986.00,-35.01,262.50,-778.75,-315.0,1,53.325,"
1784218672.9963746,"01/01/2000,04:45:34.16,-1033.20,-18.07,-1.46,-0.27,-1.78,2.11,64.65,32.55,52.95,33.16,14.76,985.88,-35.01,140.0,-726.25,-245.0,1,53.325,"
1784218673.0142293,"01/01/2000,04:45:34.18,-992.68,-40.04,61.04,0.46,1.07,-0.46,64.50,31.65,52.35,33.06,15.13,985.27,-35.14,323.75,-673.75,-420.0,1,53.325,"
1784218673.0323439,"01/01/2000,04:45:34.19,-1014.16,-36.62,41.02,0.07,-0.36,1.04,64.50,33.60,51.15,33.11,15.25,985.76,-35.50,253.75,-612.50,-183.75,1,53.325,"
1784218673.053596,"01/01/2000,04:45:34.21,-1040.53,4.39,-10.74,-0.37,-1.69,1.02,64.65,33.0,51.75,33.35,14.88,985.52,-35.62,490.0,-498.75,-332.50,1,53.325,"
1784218673.0723758,"01/01/2000,04:45:34.23,-1028.81,-40.53,60.55,-0.17,1.80,-0.02,65.10,34.20,52.20,33.35,14.64,985.76,-35.38,140.0,-735.0,-245.0,1,53.325,"
1784218673.0871563,"01/01/2000,04:45:34.25,-1007.32,-2.44,-21.00,-0.72,2.63,0.17,64.95,31.65,51.15,33.11,14.40,985.64,-35.14,166.25,-717.50,-297.50,1,53.325,"
1784218673.1118217,"01/01/2000,04:45:34.27,-1017.09,-34.18,3.42,1.36,1.98,0.86,65.85,33.75,51.75,33.11,14.64,986.13,-35.50,218.75,-717.50,-96.25,1,53.325,"
1784218673.1285708,"01/01/2000,04:45:34.29,-997.07,-9.77,-19.04,-0.37,-0.08,-1.53,65.70,34.05,52.65,33.30,14.88,985.76,-35.87,385.0,-472.50,-288.75,1,53.325,"
1784218673.1595662,"01/01/2000,04:45:34.32,-1007.32,-30.27,8.30,1.16,-0.62,-0.23,65.25,33.15,52.35,33.25,14.76,986.00,-35.14,166.25,-577.50,-78.75,1,53.325,"
1784218673.1972578,"01/01/2000,04:45:34.36,-1015.14,-6.84,8.30,0.46,0.84,-0.65,65.40,33.45,51.30,32.97,14.88,986.00,-35.38,323.75,-691.25,-227.50,1,53.325,"
1784218673.2153513,"01/01/2000,04:45:34.38,-1025.39,-15.63,23.93,-1.02,1.26,0.30,63.30,33.15,53.10,33.30,14.88,985.52,-35.14,210.0,-533.75,-393.75,1,53.325,"
1784218673.248746,"01/01/2000,04:45:34.41,-1037.11,-7.32,-25.88,0.83,-0.60,0.61,65.70,32.85,50.85,33.11,14.64,985.88,-35.99,595.0,-752.50,-262.50,1,53.325,"
1784218673.271071,"01/01/2000,04:45:34.43,-1023.93,-26.37,-57.62,-0.91,0.89,2.15,65.85,32.25,52.95,33.25,14.88,986.74,-35.62,96.25,-586.25,-218.75,1,53.325,"
1784218673.2957547,"01/01/2000,04:45:34.45,-993.16,-28.32,-15.63,-1.42,-1.30,-0.79,65.85,31.35,51.75,33.11,14.76,986.13,-35.50,236.25,-647.50,-262.50,1,53.325,"
1784218673.3118196,"01/01/2000,04:45:34.47,-999.51,-14.16,14.16,-1.52,0.16,2.92,64.65,33.0,52.20,33.25,14.64,985.64,-35.87,43.75,-638.75,-131.25,1,53.325,"
1784218673.3390863,"01/01/2000,04:45:34.50,-1021.00,10.25,-21.00,1.0,-1.22,-0.21,64.35,33.45,51.30,33.25,14.40,986.25,-36.36,367.50,-665.0,-350.0,1,53.325,"
1784218673.3566117,"01/01/2000,04:45:34.51,-1017.09,-22.46,9.28,-0.92,-2.16,-0.08,63.75,32.85,53.85,33.30,14.52,986.25,-35.87,332.50,-665.0,-323.75,1,53.325,"
1784218673.3729188,"01/01/2000,04:45:34.53,-1016.60,-7.81,-8.79,1.73,2.52,2.43,64.95,32.40,52.35,33.44,14.88,986.00,-35.38,140.0,-665.0,-122.50,1,53.325,"
1784218673.3864143,"01/01/2000,04:45:34.55,-1002.93,-14.65,46.39,0.94,-1.78,-2.28,64.65,34.20,52.20,33.44,14.88,985.52,-35.75,26.25,-638.75,-183.75,1,53.325,"
1784218673.4254,"01/01/2000,04:45:34.59,-1026.37,-18.55,-6.84,0.32,0.47,0.34,65.25,32.40,53.10,33.11,15.01,986.13,-36.11,437.50,-568.75,-192.50,1,53.325,"
1784218673.4449077,"01/01/2000,04:45:34.60,-1010.74,-9.28,-0.49,1.40,0.16,-0.28,66.0,32.85,52.35,33.16,14.64,986.00,-35.50,113.75,-778.75,-271.25,1,53.325,"
1784218673.45947,"01/01/2000,04:45:34.62,-1011.72,-17.09,31.25,-0.13,-0.07,-0.65,65.10,32.55,51.0,33.30,14.88,986.00,-35.38,0.0,-708.75,-192.50,1,53.325,"
1784218673.48089,"01/01/2000,04:45:34.64,-997.56,-13.18,-4.39,0.81,-0.98,2.76,65.25,34.80,51.60,33.16,14.64,985.15,-36.36,315.0,-402.50,-481.25,1,53.325,"
1784218673.4970033,"01/01/2000,04:45:34.66,-1012.70,-19.04,-10.74,-0.21,-1.16,-1.57,64.65,33.0,52.50,33.44,14.76,985.76,-36.36,393.75,-883.75,-157.50,1,53.325,"
1784218673.5286136,"01/01/2000,04:45:34.70,-1011.23,-20.02,27.34,0.54,-0.80,-0.71,65.25,33.15,51.90,33.30,14.88,986.00,-35.38,-35.0,-857.50,-280.0,1,53.325,"
1784218673.556611,"01/01/2000,04:45:34.71,-1001.46,-10.74,-24.41,1.61,0.44,2.08,64.05,29.55,53.40,33.25,15.25,985.27,-35.99,218.75,-603.75,-288.75,1,53.325,"
1784218673.5726042,"01/01/2000,04:45:34.73,-991.21,0.49,-30.27,-0.19,0.14,-2.47,64.50,31.95,52.35,33.35,14.88,985.27,-36.48,568.75,-595.0,-376.25,1,53.325,"
1784218673.5878112,"01/01/2000,04:45:34.75,-1000.0,3.42,-74.22,-0.64,0.51,-2.60,64.95,33.15,50.40,33.44,14.76,984.54,-35.14,1093.75,-717.50,-61.25,1,53.325,"
1784218673.6057618,"01/01/2000,04:45:34.77,-1008.79,-21.00,41.02,0.92,-0.89,0.11,65.70,31.95,52.35,33.25,15.13,986.13,-32.21,376.25,-332.50,-192.50,1,53.325,"
1784218673.6262727,"01/01/2000,04:45:34.79,-1003.42,-13.18,-13.67,-0.69,0.16,-0.82,64.65,32.25,52.95,33.25,15.13,984.91,-31.96,717.50,-568.75,-218.75,1,53.325,"
1784218673.6442327,"01/01/2000,04:45:34.80,-1013.18,-40.53,4.88,3.17,-0.89,-0.31,65.40,33.0,52.95,33.16,14.64,982.71,-32.45,2520.0,-586.25,-280.0,1,53.325,"
1784218673.658771,"01/01/2000,04:45:34.82,-1029.30,-38.09,47.85,0.89,-0.59,0.85,65.85,31.35,52.50,33.16,14.40,984.30,-31.35,2423.75,-533.75,-358.75,1,53.325,"
1784218673.6993113,"01/01/2000,04:45:34.86,-1006.35,-19.53,-35.16,0.58,-3.68,1.77,63.90,32.55,51.75,33.35,14.64,984.78,-28.91,3071.25,-586.25,-332.50,1,53.325,"
1784218673.7193396,"01/01/2000,04:45:34.88,-1036.62,-21.97,-4.88,0.53,-3.84,-0.30,64.95,32.85,51.15,33.30,14.76,984.30,-28.06,3683.75,-761.25,-140.0,1,53.325,"
1784218673.7385743,"01/01/2000,04:45:34.90,-1012.70,-10.74,0.98,-1.80,-3.78,-0.13,65.85,31.05,52.95,33.16,14.76,984.30,-26.84,3727.50,-577.50,-350.0,1,53.325,"
1784218673.7576485,"01/01/2000,04:45:34.92,-1024.41,-47.85,61.04,-0.18,-3.38,-2.10,65.85,31.05,52.95,33.16,14.64,984.91,-27.33,3403.75,-971.25,-192.50,1,53.325,"
1784218673.7731247,"01/01/2000,04:45:34.93,-991.21,-41.99,32.71,0.70,-3.15,0.05,66.30,31.80,52.95,33.35,14.40,985.15,-30.01,3605.0,-962.50,-271.25,1,53.325,"
1784218673.799434,"01/01/2000,04:45:34.95,-1021.48,-47.36,61.04,0.58,-6.38,-0.20,64.65,32.25,52.20,33.11,14.27,984.78,-33.18,3587.50,-778.75,-271.25,1,53.325,"
1784218673.8355052,"01/01/2000,04:45:35.00,-1025.88,-12.70,21.00,0.78,-2.07,2.96,66.45,31.95,51.60,33.25,14.64,987.59,-32.70,1575.0,-980.0,-52.50,1,53.325,"
1784218673.8589697,"01/01/2000,04:45:35.02,-1007.32,-6.35,-9.28,0.20,-0.59,0.14,64.35,31.80,52.20,33.16,14.64,988.93,-36.60,2196.25,-1303.75,8.75,1,53.325,"
1784218673.8720787,"01/01/2000,04:45:35.03,-999.51,-23.44,38.57,1.53,-1.69,0.16,63.90,32.25,52.50,33.11,14.76,988.08,-37.33,1898.75,-1452.50,-175.0,1,53.325,"
1784218673.911961,"01/01/2000,04:45:35.07,-1023.93,-20.51,-12.21,0.83,-1.27,0.04,64.35,33.45,52.50,33.35,14.52,983.93,-42.33,1793.75,-1566.25,-8.75,1,53.325,"
1784218673.934586,"01/01/2000,04:45:35.09,-1034.67,-20.51,27.34,2.64,-0.53,0.24,64.65,33.45,53.70,33.11,13.66,985.64,-44.04,1723.75,-2196.25,-122.50,1,53.325,"
1784218673.9515042,"01/01/2000,04:45:35.11,-1003.91,-34.67,35.64,0.77,-1.26,1.47,65.40,33.45,52.95,33.35,13.91,987.96,-44.04,1128.75,-2668.75,-105.0,1,53.325,"
1784218673.9683747,"01/01/2000,04:45:35.13,-1023.44,-7.81,54.20,3.29,-1.63,1.37,63.0,31.65,52.65,33.16,14.40,987.96,-44.65,831.25,-2957.50,-78.75,1,53.325,"
1784218673.985067,"01/01/2000,04:45:35.15,-985.84,-36.62,50.29,2.49,-2.53,1.79,65.10,32.55,52.20,33.06,15.13,987.10,-46.12,822.50,-2423.75,-87.50,1,53.325,"
1784218674.0243266,"01/01/2000,04:45:35.18,-1032.23,-24.41,26.37,-1.28,0.45,-0.83,63.75,31.95,52.65,33.35,15.98,986.98,-46.60,236.25,-813.75,-227.50,1,53.325,"
1784218674.0410933,"01/01/2000,04:45:35.20,-1001.95,-9.28,20.51,1.78,2.14,-0.64,64.05,32.40,54.15,33.06,15.86,987.59,-47.95,420.0,-901.25,-306.25,1,53.325,"
1784218674.0590959,"01/01/2000,04:45:35.22,-1001.46,-20.02,27.83,2.60,0.30,1.37,65.25,33.60,53.40,33.11,16.10,986.98,-49.65,691.25,-962.50,-140.0,1,53.325,"
1784218674.0724564,"01/01/2000,04:45:35.24,-990.72,-0.49,6.84,0.66,-1.57,1.64,65.40,33.45,52.95,33.11,16.47,986.13,-47.58,-61.25,-288.75,-297.50,1,53.325,"
1784218674.0967102,"01/01/2000,04:45:35.26,-1013.67,-12.70,41.02,0.76,0.33,0.20,65.70,31.95,52.35,33.11,15.74,983.20,-49.41,131.25,-927.50,-175.0,1,53.325,"
1784218674.1153286,"01/01/2000,04:45:35.27,-1031.25,-35.16,56.15,-0.61,-1.21,-1.88,64.35,33.75,51.30,33.30,15.49,983.20,-51.85,201.25,-595.0,-315.0,1,53.325,"
1784218674.1486657,"01/01/2000,04:45:35.31,-1038.57,-15.14,42.97,-0.98,-1.0,-0.18,65.10,33.75,52.95,33.06,16.10,984.42,-51.00,603.75,192.50,-192.50,1,53.325,"
1784218674.170849,"01/01/2000,04:45:35.33,-1011.23,-34.18,60.06,-1.10,1.40,-1.76,64.95,33.60,52.65,33.35,15.49,987.22,-47.82,-218.75,-761.25,-218.75,1,53.325,"
1784218674.186715,"01/01/2000,04:45:35.35,-986.82,-30.27,76.66,2.05,2.03,3.18,63.90,34.20,52.95,33.25,15.62,987.96,-49.29,70.0,-542.50,-315.0,1,53.325,"
1784218674.2007518,"01/01/2000,04:45:35.36,-1028.32,-7.32,-53.71,-0.82,0.49,0.96,65.85,31.80,51.75,33.16,15.98,987.47,-50.75,-105.0,-96.25,-210.0,1,53.325,"
1784218674.224353,"01/01/2000,04:45:35.39,-976.56,-6.35,18.07,1.22,0.92,2.34,65.25,31.95,51.90,33.16,16.10,984.54,-51.24,227.50,253.75,-280.0,1,53.325,"
1784218674.2456834,"01/01/2000,04:45:35.40,-1003.42,0.49,24.90,-0.90,1.02,-0.29,64.35,32.25,54.45,33.44,15.37,984.17,-51.36,-35.0,8.75,-446.25,1,53.325,"
1784218674.258192,"01/01/2000,04:45:35.42,-1012.70,-30.27,87.89,-1.02,-1.02,0.38,64.50,31.95,51.60,33.25,15.25,984.91,-51.97,96.25,-297.50,-192.50,1,53.325,"
1784218674.2761948,"01/01/2000,04:45:35.44,-1013.18,-23.44,27.83,-1.12,-0.50,-0.21,64.05,32.40,53.10,33.25,15.49,985.88,-51.97,140.0,-236.25,-280.0,1,53.325,"
1784218674.2970262,"01/01/2000,04:45:35.46,-977.54,-34.18,25.39,-0.69,0.38,0.91,64.95,31.95,51.90,33.30,15.86,984.66,-50.63,236.25,43.75,-157.50,1,53.325,"
1784218674.3135316,"01/01/2000,04:45:35.48,-1024.41,-15.14,-55.18,1.02,-0.02,0.18,63.75,30.75,53.10,33.25,15.37,985.03,-49.17,332.50,-113.75,-323.75,1,53.325,"
1784218674.3287346,"01/01/2000,04:45:35.49,-1037.11,-27.83,63.96,0.23,-1.27,0.15,64.65,32.25,52.95,33.35,14.76,986.00,-49.29,96.25,-551.25,-236.25,1,53.325,"
1784218674.3598065,"01/01/2000,04:45:35.52,-1012.70,-17.09,34.67,0.23,0.27,0.37,64.05,31.65,53.10,33.16,15.13,985.76,-51.36,166.25,-472.50,-183.75,1,53.325,"
1784218674.3822918,"01/01/2000,04:45:35.54,-1001.95,4.88,147.46,-1.59,-1.54,1.27,65.85,32.55,51.75,33.59,15.37,983.93,-51.73,297.50,-577.50,-192.50,1,53.325,"
1784218674.3952403,"01/01/2000,04:45:35.56,-1005.86,-34.67,145.51,-0.35,-0.07,-0.17,65.10,31.80,52.20,33.35,15.25,984.05,-51.36,183.75,-577.50,-140.0,1,53.325,"
1784218674.4173894,"01/01/2000,04:45:35.58,-1034.18,-17.58,-7.32,-1.82,1.86,1.17,64.65,33.45,50.55,33.11,15.25,985.03,-51.73,437.50,-393.75,-280.0,1,53.325,"
1784218674.4617815,"01/01/2000,04:45:35.63,-1022.95,-5.37,46.88,2.59,0.60,0.33,60.60,31.65,56.85,33.25,15.37,984.17,-51.12,393.75,-490.0,-245.0,1,53.325,"
1784218674.488638,"01/01/2000,04:45:35.64,-1027.34,-6.84,-90.82,-0.18,1.18,0.11,65.25,31.65,51.60,33.11,15.01,986.13,-50.02,271.25,-586.25,-341.25,1,53.324,"
1784218674.5056446,"01/01/2000,04:45:35.66,-1012.21,-31.74,24.41,0.86,-1.11,-1.21,65.40,32.25,52.95,33.11,14.88,987.47,-49.78,70.0,-778.75,-210.0,1,53.324,"
1784218674.520244,"01/01/2000,04:45:35.68,-995.61,-53.22,78.61,0.53,0.79,1.27,63.60,33.45,52.20,33.11,14.76,986.86,-49.65,253.75,-770.0,-297.50,1,53.325,"
1784218674.5413456,"01/01/2000,04:45:35.70,-997.07,-30.76,87.40,-0.50,-1.38,-1.84,62.55,30.75,55.05,33.44,15.37,984.05,-50.26,-17.50,-717.50,-210.0,1,53.325,"
1784218674.556535,"01/01/2000,04:45:35.72,-1001.95,-25.88,-13.18,-0.26,-0.59,-0.37,62.55,30.75,55.05,33.11,15.01,982.34,-51.61,446.25,-490.0,-236.25,1,53.325,"
1784218674.5743585,"01/01/2000,04:45:35.73,-1032.23,-16.60,18.55,0.58,-1.15,-1.24,64.05,32.40,52.65,33.16,14.64,983.93,-51.24,481.25,-595.0,-341.25,1,53.325,"
1784218674.5909595,"01/01/2000,04:45:35.75,-1019.04,-20.51,-1.46,2.53,-0.64,0.26,63.60,33.0,52.50,33.30,14.76,985.15,-51.36,105.0,-472.50,-288.75,1,53.325,"
1784218674.612502,"01/01/2000,04:45:35.77,-1004.39,-7.81,26.37,-0.31,0.81,-2.33,63.90,33.45,51.75,33.25,15.25,984.54,-52.09,288.75,-437.50,-297.50,1,53.325,"
1784218674.6464875,"01/01/2000,04:45:35.81,-1011.72,12.21,-8.30,0.05,-1.83,0.38,63.0,31.95,52.35,33.30,15.62,984.66,-51.24,323.75,-175.0,-271.25,1,53.325,"
1784218674.6619494,"01/01/2000,04:45:35.82,-1034.67,-27.34,58.11,-0.44,0.67,1.07,64.50,32.40,51.90,33.11,15.13,985.52,-49.90,358.75,-192.50,-297.50,1,53.325,"
1784218674.691186,"01/01/2000,04:45:35.85,-1016.60,-20.02,8.30,1.85,1.82,1.18,64.05,32.40,52.35,33.16,14.88,986.25,-50.26,52.50,-603.75,-271.25,1,53.325,"
1784218674.7191648,"01/01/2000,04:45:35.88,-1025.88,-34.18,37.60,-0.01,-1.04,0.13,62.55,32.85,52.35,33.25,15.25,984.42,-52.70,472.50,-656.25,-201.25,1,53.325,"
1784218674.7334218,"01/01/2000,04:45:35.90,-1040.04,-13.18,31.25,-0.18,0.39,1.96,64.35,28.95,53.70,33.11,15.13,985.52,-51.85,-35.0,-201.25,-262.50,1,53.325,"
1784218674.7606177,"01/01/2000,04:45:35.92,-1003.91,-14.65,13.67,-0.04,0.36,1.19,64.35,28.95,53.70,33.06,15.13,986.37,-51.97,35.0,-472.50,-323.75,1,53.325,"
1784218674.7752361,"01/01/2000,04:45:35.94,-1003.42,-33.20,41.50,-0.22,-1.20,-0.67,63.90,32.25,52.95,33.35,15.49,985.27,-51.36,472.50,-315.0,-297.50,1,53.325,"
1784218674.7920523,"01/01/2000,04:45:35.95,-1018.07,-4.39,-5.37,-0.10,-0.18,1.47,62.55,31.95,53.40,32.92,15.62,984.17,-49.78,-17.50,-96.25,-262.50,1,53.325,"
1784218674.813294,"01/01/2000,04:45:35.97,-1008.30,-6.84,20.51,-0.12,-1.38,-2.56,64.35,31.80,51.30,33.30,15.13,983.81,-49.65,367.50,-350.0,-262.50,1,53.325,"
1784218674.848589,"01/01/2000,04:45:36.01,-1026.86,-19.53,106.45,0.02,-0.94,-0.36,63.0,32.40,50.85,33.25,14.64,987.83,-49.04,-315.0,-787.50,-122.50,1,53.325,"
1784218674.872138,"01/01/2000,04:45:36.03,-1002.44,-32.23,39.06,-0.53,-0.43,1.39,62.40,29.85,55.50,32.97,15.13,985.15,-52.46,-26.25,-647.50,-192.50,1,53.325,"
1784218674.8951738,"01/01/2000,04:45:36.06,-1023.44,-9.28,19.53,-0.84,2.34,-0.66,64.05,31.65,52.65,33.25,15.62,982.47,-53.92,271.25,-175.0,-271.25,1,53.325,"
1784218674.9120104,"01/01/2000,04:45:36.07,-1037.11,-26.37,0.0,0.73,-0.92,2.41,63.75,32.40,52.65,33.06,15.13,983.20,-52.95,218.75,-236.25,-262.50,1,53.325,"
1784218674.924927,"01/01/2000,04:45:36.09,-1028.32,-18.55,39.06,-0.99,0.66,0.81,64.95,34.05,53.10,33.35,14.76,984.91,-51.85,70.0,-288.75,-332.50,1,53.325,"
1784218674.9527214,"01/01/2000,04:45:36.11,-1008.30,-28.32,89.84,2.99,-0.63,-0.07,64.05,34.05,50.40,33.35,15.37,986.25,-51.12,210.0,-796.25,-122.50,1,53.324,"
1784218674.9675932,"01/01/2000,04:45:36.13,-1037.60,-9.28,-33.69,0.76,-0.02,-0.23,64.05,31.20,53.10,33.35,16.10,986.98,-49.41,-367.50,-463.75,-96.25,1,53.325,"
1784218674.9827468,"01/01/2000,04:45:36.15,-994.63,8.79,-67.38,-0.55,-2.14,-1.01,63.60,32.25,53.25,33.25,15.62,986.25,-49.29,-43.75,-280.0,-385.0,1,53.325,"
1784218674.9952528,"01/01/2000,04:45:36.16,-1005.37,-2.93,37.60,1.93,-0.47,0.56,64.50,31.95,52.65,33.11,14.88,985.76,-51.24,848.75,-665.0,-70.0,1,53.325,"
1784218675.0230887,"01/01/2000,04:45:36.18,-1026.37,-1.46,-86.43,2.92,0.82,-1.03,64.50,31.20,52.65,33.11,13.66,987.22,-50.87,-367.50,-1146.25,-350.0,1,53.325,"
1784218675.0451884,"01/01/2000,04:45:36.20,-1013.67,-28.32,-50.78,0.78,2.99,0.72,62.70,33.75,53.70,33.16,14.40,984.30,-52.83,428.75,-1303.75,-78.75,1,53.325,"
1784218675.0571742,"01/01/2000,04:45:36.22,-1012.21,3.91,-46.88,1.63,0.26,-2.40,64.50,32.40,52.65,33.11,14.64,982.59,-53.80,656.25,-1023.75,-323.75,1,53.325,"
1784218675.0724003,"01/01/2000,04:45:36.24,-1017.58,-23.44,47.85,1.44,-0.53,-1.89,63.75,32.40,53.85,33.30,15.01,983.69,-51.12,-70.0,-988.75,-227.50,1,53.325,"
1784218675.0967383,"01/01/2000,04:45:36.26,-997.56,-36.62,100.10,-0.24,0.27,-0.69,62.70,32.55,52.50,33.11,14.52,983.44,-51.48,560.0,-1207.50,-140.0,1,53.325,"
1784218675.1308374,"01/01/2000,04:45:36.29,-1049.80,-39.06,78.13,1.15,-1.49,-1.02,65.10,33.0,53.25,33.11,14.88,986.74,-51.61,61.25,-1321.25,0.0,1,53.325,"
1784218675.1694486,"01/01/2000,04:45:36.33,-999.02,-22.95,58.11,1.44,-3.31,-0.56,64.35,32.55,53.25,32.97,14.88,985.27,-50.26,-52.50,-1128.75,-236.25,1,53.325,"
1784218675.1867402,"01/01/2000,04:45:36.35,-1041.99,-23.44,60.06,2.24,-1.20,1.24,63.90,31.80,51.75,33.30,14.88,984.66,-50.75,367.50,-1041.25,-131.25,1,53.325,"
1784218675.2032053,"01/01/2000,04:45:36.36,-996.09,-7.32,14.16,-0.83,-0.02,0.86,64.50,33.15,51.90,33.30,15.01,985.64,-51.00,393.75,-787.50,-341.25,1,53.325,"
1784218675.2245905,"01/01/2000,04:45:36.39,-1026.37,-15.14,-2.44,1.08,-0.01,-1.18,64.65,33.45,51.75,33.35,15.86,986.98,-50.39,-376.25,-140.0,-210.0,1,53.325,"
1784218675.2424004,"01/01/2000,04:45:36.40,-1005.86,-7.81,45.90,0.34,-0.20,0.01,63.15,31.80,53.25,33.06,15.86,984.91,-51.73,306.25,-122.50,-245.0,1,53.325,"
1784218675.2587984,"01/01/2000,04:45:36.42,-1028.32,-37.11,-0.49,0.69,2.11,0.21,63.15,32.55,52.50,33.06,14.88,983.93,-52.70,411.25,-971.25,-192.50,1,53.325,"
1784218675.2769597,"01/01/2000,04:45:36.44,-1022.46,-15.63,67.38,0.37,2.67,0.05,64.95,31.95,52.65,33.59,15.01,985.15,-52.22,-288.75,-1146.25,-26.25,1,53.325,"
1784218675.2979915,"01/01/2000,04:45:36.46,-1033.69,-31.25,64.94,0.60,1.97,1.80,63.75,34.05,53.10,33.25,15.49,985.27,-52.83,542.50,-210.0,-472.50,1,53.325,"
1784218675.3152885,"01/01/2000,04:45:36.48,-1007.81,-52.25,93.26,-1.50,-0.96,0.82,62.55,32.85,51.60,33.35,15.37,987.10,-50.75,148.75,-437.50,-210.0,1,53.325,"
1784218675.3496604,"01/01/2000,04:45:36.51,-1000.98,-15.14,74.22,-0.90,-0.69,0.44,65.85,32.55,52.50,33.16,14.64,984.05,-50.26,288.75,-1242.50,-192.50,1,53.325,"
1784218675.3724308,"01/01/2000,04:45:36.53,-998.54,-35.64,50.78,-2.09,-1.90,-0.62,60.90,30.15,54.0,33.30,15.37,983.56,-51.00,218.75,-52.50,-376.25,1,53.325,"
1784218675.4041553,"01/01/2000,04:45:36.56,-1031.25,-39.55,21.00,-0.89,0.46,2.08,64.35,31.05,52.95,33.25,14.88,985.27,-51.73,210.0,-778.75,-105.0,1,53.325,"
1784218675.4173543,"01/01/2000,04:45:36.58,-1006.84,-45.41,69.34,0.05,0.92,0.11,62.70,31.35,51.30,33.16,14.64,985.27,-51.97,26.25,-1032.50,-227.50,1,53.325,"
1784218675.4371397,"01/01/2000,04:45:36.60,-1002.44,-16.60,-15.14,1.42,1.85,-1.02,64.05,33.60,52.35,33.11,14.88,983.93,-52.70,192.50,-918.75,-122.50,1,53.325,"
1784218675.4538,"01/01/2000,04:45:36.62,-988.77,-19.04,22.95,-1.62,0.92,-3.09,64.35,31.35,52.50,33.44,14.76,983.93,-52.58,-52.50,-726.25,-376.25,1,53.325,"
1784218675.4618986,"01/01/2000,04:45:36.63,-1025.88,-13.18,41.50,2.08,-0.54,0.57,64.05,32.85,51.15,33.25,15.13,984.05,-52.46,498.75,-621.25,-122.50,1,53.325,"
1784218675.491221,"01/01/2000,04:45:36.65,-997.56,-9.28,-24.41,2.18,0.63,-0.50,62.40,31.80,51.75,33.16,14.76,985.76,-50.26,341.25,-927.50,-288.75,1,53.325,"
1784218675.5116968,"01/01/2000,04:45:36.67,-1009.77,-47.85,55.18,-0.14,-0.15,-0.21,65.10,32.55,52.50,33.25,14.64,986.98,-49.29,26.25,-918.75,-253.75,1,53.325,"
1784218675.5260403,"01/01/2000,04:45:36.69,-1019.04,-70.80,139.65,-1.59,-0.53,-1.05,63.90,32.25,51.75,33.59,15.13,986.00,-51.00,236.25,-577.50,-201.25,1,53.325,"
1784218675.5452724,"01/01/2000,04:45:36.71,-1017.09,-16.60,12.70,0.42,-0.21,-1.73,62.55,34.35,52.35,33.30,15.13,985.03,-51.97,210.0,-647.50,-306.25,1,53.325,"
1784218675.5623283,"01/01/2000,04:45:36.72,-1030.27,-61.52,57.62,2.47,-0.71,-0.48,64.50,31.95,52.65,33.35,14.76,984.78,-51.61,61.25,-647.50,-236.25,1,53.325,"
1784218675.5953112,"01/01/2000,04:45:36.76,-1028.81,-5.37,36.62,0.18,0.55,-1.47,63.30,33.60,52.35,33.11,15.25,985.39,-51.73,271.25,-603.75,-210.0,1,53.325,"
1784218675.6221435,"01/01/2000,04:45:36.78,-1019.04,-44.43,73.24,-0.60,3.21,0.62,64.50,31.20,51.90,33.25,15.49,986.37,-51.61,-245.0,-516.25,-218.75,1,53.325,"
1784218675.656272,"01/01/2000,04:45:36.82,-1002.93,-0.98,-19.53,2.46,-1.47,-2.11,61.80,32.85,52.35,33.11,15.01,984.54,-52.70,253.75,-542.50,-253.75,1,53.325,"
1784218675.6790068,"01/01/2000,04:45:36.83,-1000.49,-22.46,32.23,-0.05,-0.99,-1.01,62.55,32.40,52.65,33.35,15.13,985.03,-50.39,-140.0,-673.75,-245.0,1,53.325,"
1784218675.6959016,"01/01/2000,04:45:36.85,-1011.23,-14.65,49.80,-0.74,0.93,-1.11,62.70,34.20,52.20,33.35,15.37,984.66,-50.39,140.0,-577.50,-236.25,1,53.325,"
1784218675.7118874,"01/01/2000,04:45:36.87,-1007.81,-26.37,48.34,3.63,1.99,0.81,63.0,31.20,53.85,33.11,15.86,985.27,-51.24,43.75,-525.0,-201.25,1,53.325,"
1784218675.7286506,"01/01/2000,04:45:36.89,-994.14,-16.60,44.92,0.10,0.32,0.50,62.55,31.95,52.35,33.35,15.62,984.54,-53.31,201.25,-271.25,-236.25,1,53.325,"
1784218675.7467852,"01/01/2000,04:45:36.91,-1022.46,-25.88,37.60,1.44,0.63,2.05,64.05,33.15,52.35,33.35,15.25,984.17,-53.68,463.75,-262.50,-280.0,1,53.325,"
1784218675.7636247,"01/01/2000,04:45:36.92,-999.02,-25.39,37.60,1.81,-1.95,-0.73,63.75,33.60,50.85,33.30,15.13,984.42,-52.09,288.75,-673.75,-271.25,1,53.325,"
1784218675.782925,"01/01/2000,04:45:36.95,-997.07,-41.99,49.32,0.98,-1.47,0.73,63.75,31.95,52.65,33.25,15.37,984.91,-50.75,218.75,-612.50,-201.25,1,53.325,"
1784218675.807416,"01/01/2000,04:45:36.96,-1027.83,-12.21,33.20,0.46,1.29,1.08,64.05,32.55,53.70,33.30,15.49,985.39,-51.24,87.50,-385.0,-297.50,1,53.325,"
1784218675.819257,"01/01/2000,04:45:36.98,-1014.65,-41.02,4.39,1.10,-1.08,1.07,63.30,31.95,53.10,33.25,15.13,984.78,-53.07,787.50,-621.25,-280.0,1,53.325,"
1784218675.845356,"01/01/2000,04:45:37.00,-988.77,-24.41,41.99,-0.21,-0.75,-1.41,64.95,33.15,50.85,33.16,14.64,985.27,-52.95,551.25,-656.25,-271.25,1,53.325,"
1784218675.8571508,"01/01/2000,04:45:37.02,-996.09,-11.72,-0.98,1.87,0.99,0.39,62.55,31.95,52.35,33.25,14.52,985.64,-51.00,542.50,-717.50,-323.75,1,53.325,"
1784218675.8786013,"01/01/2000,04:45:37.04,-1003.42,-47.36,113.77,-0.76,-1.90,2.0,63.15,32.55,50.55,33.16,14.88,985.64,-49.65,612.50,-603.75,-192.50,1,53.325,"
1784218675.8948216,"01/01/2000,04:45:37.05,-1007.32,-16.60,4.88,2.15,-1.29,0.50,63.75,34.05,51.15,33.25,14.88,985.76,-49.78,385.0,-551.25,-358.75,1,53.325,"
1784218675.9186294,"01/01/2000,04:45:37.08,-1024.41,-20.02,7.32,-1.50,1.76,1.36,63.75,31.20,52.65,33.35,15.25,984.66,-53.31,472.50,-446.25,-297.50,1,53.325,"
1784218675.9595873,"01/01/2000,04:45:37.12,-1030.27,-19.04,22.95,1.92,-0.48,-2.16,61.35,33.15,54.60,33.11,14.88,985.39,-52.22,595.0,-726.25,-288.75,1,53.325,"
1784218675.9782736,"01/01/2000,04:45:37.13,-1008.79,-4.39,-11.72,1.42,0.67,-2.13,63.15,34.20,51.75,33.35,14.76,986.25,-51.61,393.75,-778.75,-315.0,1,53.325,"
1784218675.995273,"01/01/2000,04:45:37.16,-998.05,-21.48,55.66,-0.60,-0.42,-2.43,63.75,33.15,51.15,33.30,15.98,985.52,-54.29,385.0,-708.75,-70.0,1,53.325,"
1784218676.011982,"01/01/2000,04:45:37.17,-1019.53,-9.28,5.37,-0.21,1.18,0.29,63.60,32.25,53.25,33.35,15.37,983.81,-55.75,743.75,-315.0,-288.75,1,53.325,"
1784218676.0289204,"01/01/2000,04:45:37.19,-1021.48,-15.14,34.67,1.46,-0.07,-1.62,62.55,32.85,51.15,33.06,15.01,984.05,-53.44,630.0,-420.0,-131.25,1,53.325,"
1784218676.0459604,"01/01/2000,04:45:37.21,-1025.88,-43.95,50.78,-1.70,0.39,1.57,63.30,31.65,52.35,33.16,14.64,984.54,-51.12,498.75,-568.75,-271.25,1,53.325,"
1784218676.0742633,"01/01/2000,04:45:37.23,-1027.83,-45.41,78.61,-0.42,0.44,-0.88,61.80,31.65,51.60,33.25,15.37,985.64,-50.63,271.25,-682.50,-157.50,1,53.325,"
1784218676.0898108,"01/01/2000,04:45:37.25,-1014.16,-16.11,40.53,1.53,1.10,-0.71,62.40,33.0,51.0,33.25,15.74,985.03,-53.07,446.25,-507.50,-218.75,1,53.325,"
1784218676.102027,"01/01/2000,04:45:37.26,-1039.06,-32.23,90.82,-0.30,-1.49,-0.98,63.75,32.40,50.40,33.35,15.01,983.81,-55.39,665.0,-761.25,-245.0,1,53.325,"
1784218676.1390877,"01/01/2000,04:45:37.30,-1021.00,-7.81,27.83,-0.15,-0.37,-0.24,62.70,31.35,52.95,33.16,14.27,985.27,-53.44,542.50,-953.75,-253.75,1,53.325,"
1784218676.158367,"01/01/2000,04:45:37.32,-1019.04,-0.49,-46.88,-0.92,0.56,0.18,64.05,31.65,53.10,33.25,15.01,985.52,-52.70,568.75,-1093.75,-87.50,1,53.325,"
1784218676.1951506,"01/01/2000,04:45:37.36,-1028.81,-3.91,38.57,-0.32,-0.51,-0.42,63.30,32.40,52.65,33.06,15.13,984.54,-54.90,656.25,-463.75,-297.50,1,53.325,"
1784218676.2145348,"01/01/2000,04:45:37.38,-1023.93,-41.99,35.64,1.06,-1.22,-1.60,63.60,33.0,51.0,33.35,14.40,985.15,-54.41,831.25,-507.50,-271.25,1,53.325,"
1784218676.2315037,"01/01/2000,04:45:37.39,-1003.42,-19.53,41.02,0.63,-0.11,-0.84,63.60,33.0,51.0,33.25,14.52,985.88,-53.19,647.50,-962.50,-140.0,1,53.325,"
1784218676.247521,"01/01/2000,04:45:37.41,-1023.93,-11.23,48.34,0.89,-0.24,-0.14,61.95,32.55,51.0,33.30,15.25,986.13,-53.68,201.25,-901.25,-175.0,1,53.325,"
1784218676.287049,"01/01/2000,04:45:37.45,-1023.93,-16.11,117.68,-0.82,-0.11,2.21,62.70,32.25,51.75,33.06,14.88,984.54,-61.85,166.25,-507.50,-306.25,1,53.325,"
1784218676.3047907,"01/01/2000,04:45:37.47,-1022.46,-45.90,31.25,0.76,-1.26,-0.31,61.95,32.55,52.50,33.16,14.52,984.17,-64.78,96.25,-892.50,-157.50,1,53.325,"
1784218676.3249536,"01/01/2000,04:45:37.49,-1005.37,-18.55,13.67,0.65,0.67,-0.85,63.60,32.25,52.50,33.06,15.01,984.91,-62.95,-17.50,-463.75,-315.0,1,53.325,"
1784218676.3390636,"01/01/2000,04:45:37.50,-1014.65,-10.25,13.67,-1.01,-1.22,0.58,63.60,32.25,52.50,33.30,15.86,985.64,-60.39,-113.75,-752.50,-253.75,1,53.325,"
1784218676.3598921,"01/01/2000,04:45:37.52,-1007.32,0.98,23.44,-1.13,1.68,-3.53,63.30,32.40,52.65,33.30,15.86,985.15,-61.24,-358.75,-463.75,-280.0,1,53.325,"
1784218676.379683,"01/01/2000,04:45:37.54,-1002.93,0.98,36.13,-2.02,-1.78,-0.35,62.70,32.55,52.50,33.11,15.49,984.42,-64.17,-323.75,-647.50,-70.0,1,53.325,"
1784218676.4013634,"01/01/2000,04:45:37.56,-1027.34,-30.27,55.66,1.05,1.73,-0.02,61.80,32.85,51.90,33.35,14.52,984.66,-67.95,-586.25,-665.0,-323.75,1,53.325,"
1784218676.4290206,"01/01/2000,04:45:37.58,-1022.46,-41.02,54.20,-1.47,-0.27,-0.37,63.0,31.95,51.60,33.11,14.88,984.17,-69.05,-218.75,-595.0,-227.50,1,53.325,"
1784218676.445245,"01/01/2000,04:45:37.60,-986.82,4.39,-39.06,1.74,1.60,2.96,61.95,32.25,53.70,33.35,15.13,984.30,-65.03,-551.25,-437.50,-306.25,1,53.325,"
1784218676.4593554,"01/01/2000,04:45:37.62,-1056.64,-23.93,9.77,-0.63,-2.24,0.71,61.05,32.85,53.85,33.16,15.49,984.42,-62.59,-376.25,-385.0,-227.50,1,53.325,"
1784218676.4821975,"01/01/2000,04:45:37.64,-1014.16,11.72,89.84,0.19,-2.34,2.32,62.70,33.45,52.95,33.06,15.37,985.52,-61.24,-665.0,-183.75,-210.0,1,53.325,"
1784218676.5156682,"01/01/2000,04:45:37.68,-993.65,-9.77,-1.46,-1.04,0.41,-1.68,64.35,32.55,51.0,33.16,15.25,982.47,-64.42,-43.75,-498.75,-148.75,1,53.325,"
1784218676.52855,"01/01/2000,04:45:37.70,-1003.91,-29.79,54.20,-1.85,-0.58,-0.62,62.55,33.60,52.65,33.11,14.76,985.27,-58.32,-341.25,-262.50,-350.0,1,53.325,"
1784218676.5563273,"01/01/2000,04:45:37.72,-998.05,-5.86,76.66,0.73,2.98,-2.12,61.80,32.85,53.10,33.16,14.88,986.25,-56.12,-918.75,-525.0,-70.0,1,53.325,"
1784218676.5885813,"01/01/2000,04:45:37.75,-1001.46,-14.65,13.18,0.63,2.63,-0.20,63.60,31.80,52.95,33.35,15.13,984.42,-57.34,-87.50,-595.0,-131.25,1,53.325,"
1784218676.6075015,"01/01/2000,04:45:37.77,-1021.00,-17.09,-19.53,2.94,-0.60,-0.84,62.70,32.25,51.75,33.30,14.64,984.91,-55.39,-315.0,-516.25,-332.50,1,53.325,"
1784218676.6272311,"01/01/2000,04:45:37.79,-1029.30,-37.60,49.80,-0.24,0.53,-2.0,63.0,34.05,53.10,33.25,14.52,985.15,-54.53,-131.25,-568.75,-315.0,1,53.325,"
1784218676.6468055,"01/01/2000,04:45:37.81,-1006.84,-32.23,28.32,-0.15,0.11,0.18,62.55,32.85,51.90,33.49,14.76,985.15,-54.41,-358.75,-717.50,-131.25,1,53.325,"
1784218676.6620204,"01/01/2000,04:45:37.82,-1004.88,-21.00,-14.65,0.57,-0.09,1.27,63.30,30.75,51.60,33.35,15.01,984.66,-54.41,-87.50,-472.50,-332.50,1,53.325,"
1784218676.6841393,"01/01/2000,04:45:37.84,-1023.44,-21.00,102.05,0.79,-1.18,-0.43,62.40,33.45,52.20,33.06,14.64,985.03,-53.56,-323.75,-446.25,-218.75,1,53.325,"
1784218676.6953487,"01/01/2000,04:45:37.86,-1022.46,-47.85,127.44,1.03,-1.04,-0.50,63.60,33.0,53.70,33.30,14.64,984.78,-53.80,-105.0,-560.0,-166.25,1,53.325,"
1784218676.7399049,"01/01/2000,04:45:37.90,-1006.84,-16.60,-22.46,3.19,-0.02,-1.83,64.05,31.95,52.35,33.11,14.88,984.91,-52.83,43.75,-647.50,-271.25,1,53.325,"
1784218676.7619498,"01/01/2000,04:45:37.92,-1018.07,-44.92,10.74,1.44,-0.53,-1.55,63.0,33.15,52.65,33.25,15.01,985.15,-52.46,-105.0,-525.0,-245.0,1,53.325,"
1784218676.7721407,"01/01/2000,04:45:37.93,-1027.83,-28.32,54.69,-0.60,1.45,0.30,63.75,30.75,52.20,33.25,15.01,985.03,-52.58,-140.0,-691.25,-236.25,1,53.325,"
1784218676.798939,"01/01/2000,04:45:37.95,-1037.60,-8.30,7.81,3.24,1.16,0.18,62.55,32.85,51.60,33.25,14.64,985.03,-52.34,-140.0,-647.50,-262.50,1,53.325,"
1784218676.8331265,"01/01/2000,04:45:37.99,-1009.28,-22.95,67.87,0.79,-1.02,3.13,61.35,33.15,53.10,33.16,15.13,985.27,-52.09,-52.50,-673.75,-262.50,1,53.325,"
1784218676.863362,"01/01/2000,04:45:38.02,-1009.28,-42.97,41.99,0.19,-1.86,-1.74,63.30,32.85,52.65,33.49,14.88,985.27,-51.85,-52.50,-595.0,-288.75,1,53.325,"
1784218676.8837495,"01/01/2000,04:45:38.05,-1028.32,-15.14,104.49,0.15,-1.84,-0.60,61.80,30.0,54.15,33.06,14.64,985.15,-51.73,-43.75,-787.50,-183.75,1,53.325,"
1784218676.9027922,"01/01/2000,04:45:38.06,-1013.67,-25.39,43.46,-1.04,-2.71,0.46,62.40,31.80,54.0,33.11,14.64,985.27,-51.48,-140.0,-665.0,-253.75,1,53.325,"
1784218676.9177651,"01/01/2000,04:45:38.08,-1018.07,-38.57,50.78,-1.06,0.04,0.30,64.35,33.0,52.50,33.25,14.76,985.03,-51.61,0.0,-630.0,-192.50,1,53.325,"
1784218676.9452562,"01/01/2000,04:45:38.10,-1015.63,-0.49,-30.27,1.76,0.02,1.44,63.60,31.35,50.25,33.06,14.88,985.52,-51.48,43.75,-717.50,-218.75,1,53.325,"
1784218676.9661508,"01/01/2000,04:45:38.13,-983.89,-15.14,13.18,-2.15,-0.19,2.33,61.20,30.60,54.0,33.35,14.64,985.39,-51.61,26.25,-542.50,-192.50,1,53.325,"
1784218676.983686,"01/01/2000,04:45:38.14,-1001.95,-12.21,19.53,0.24,-1.25,-2.07,63.60,31.35,52.50,33.35,14.64,985.27,-51.48,52.50,-682.50,-236.25,1,53.325,"
1784218677.0006726,"01/01/2000,04:45:38.16,-1032.71,-18.07,1.95,-0.50,1.80,0.77,63.30,33.60,52.35,33.25,14.88,985.39,-51.36,-105.0,-665.0,-280.0,1,53.325,"
1784218677.0377,"01/01/2000,04:45:38.20,-1021.00,-2.44,-38.57,-1.46,1.50,3.11,63.15,33.0,51.75,33.35,15.01,985.52,-51.24,87.50,-673.75,-210.0,1,53.325,"
1784218677.050655,"01/01/2000,04:45:38.22,-1013.67,-18.07,12.21,0.44,0.72,0.85,62.40,33.45,51.75,33.06,14.88,985.39,-51.00,-113.75,-673.75,-323.75,1,53.325,"
1784218677.0772314,"01/01/2000,04:45:38.23,-1017.09,-33.69,69.34,0.47,-1.34,3.23,63.60,32.55,53.25,32.92,15.01,985.27,-50.75,70.0,-805.0,-70.0,1,53.325,"
1784218677.084509,"01/01/2000,04:45:38.25,-1003.91,-23.44,60.55,-0.28,-0.19,-0.56,62.40,31.80,53.70,33.25,15.01,985.52,-50.39,-96.25,-761.25,-218.75,1,53.325,"
1784218677.1104338,"01/01/2000,04:45:38.27,-991.21,-14.16,54.69,-1.01,1.15,1.49,63.0,31.95,53.85,33.25,15.01,985.27,-50.63,218.75,-612.50,-192.50,1,53.325,"
1784218677.128625,"01/01/2000,04:45:38.29,-1009.28,-25.88,42.48,2.73,-1.85,2.18,63.75,32.85,53.85,33.06,14.76,985.27,-50.75,157.50,-603.75,-315.0,1,53.325,"
1784218677.1456404,"01/01/2000,04:45:38.31,-1044.43,-24.41,44.92,0.56,-2.80,-0.75,63.30,32.40,51.15,33.49,14.52,985.27,-50.51,52.50,-805.0,-350.0,1,53.325,"
1784218677.1663828,"01/01/2000,04:45:38.33,-1000.0,-41.99,42.48,0.93,1.96,1.66,62.55,31.20,52.65,32.97,14.64,984.91,-50.75,43.75,-691.25,-332.50,1,53.325,"
1784218677.1829696,"01/01/2000,04:45:38.34,-1007.81,5.37,11.23,3.18,-0.02,-0.56,63.30,32.40,52.35,33.11,14.76,985.03,-50.75,70.0,-682.50,-350.0,1,53.325,"
1784218677.2026632,"01/01/2000,04:45:38.36,-1025.39,-39.55,29.30,0.45,0.25,1.33,62.55,33.60,51.90,33.25,15.01,984.91,-51.00,271.25,-586.25,-192.50,1,53.325,"
1784218677.2175615,"01/01/2000,04:45:38.38,-1006.35,-49.80,8.30,-1.58,1.17,-1.76,62.25,31.65,52.65,33.16,14.88,985.03,-50.63,148.75,-630.0,-201.25,1,53.325,"
1784218677.2388623,"01/01/2000,04:45:38.40,-1037.11,-54.20,62.01,-2.43,0.91,-0.31,62.40,30.60,52.20,33.11,14.88,984.78,-50.51,122.50,-831.25,-218.75,1,53.325,"
1784218677.2603302,"01/01/2000,04:45:38.42,-1014.16,-27.83,16.60,-0.44,0.54,-3.02,63.30,32.85,51.90,33.25,15.13,985.03,-50.63,105.0,-770.0,-175.0,1,53.325,"
1784218677.2734795,"01/01/2000,04:45:38.43,-1019.04,-33.20,-5.86,0.66,-0.79,0.12,62.70,32.55,51.30,33.35,15.25,985.03,-50.63,70.0,-743.75,-358.75,1,53.325,"
1784218677.2841809,"01/01/2000,04:45:38.46,-1027.83,5.37,5.86,0.99,1.56,-0.55,62.70,33.75,51.30,33.16,14.88,985.15,-50.51,166.25,-638.75,-105.0,1,53.325,"
1784218677.3119462,"01/01/2000,04:45:38.47,-1015.63,-6.84,44.43,0.27,-0.69,0.53,63.60,32.25,53.70,33.25,14.27,985.03,-50.51,105.0,-875.0,-393.75,1,53.325,"
1784218677.3274827,"01/01/2000,04:45:38.49,-1003.91,4.88,-29.30,2.02,0.33,1.79,60.90,33.0,52.50,33.35,14.52,985.03,-50.39,35.0,-726.25,-280.0,1,53.325,"
1784218677.344775,"01/01/2000,04:45:38.51,-1003.91,-14.16,17.58,-1.48,0.39,-0.84,62.70,32.55,52.95,33.35,14.76,985.15,-50.26,43.75,-656.25,-306.25,1,53.325,"
1784218677.3661506,"01/01/2000,04:45:38.53,-996.58,-5.37,34.67,0.11,1.37,0.34,63.0,30.0,55.35,33.16,15.01,985.03,-50.51,122.50,-507.50,-323.75,1,53.325,"
1784218677.3829088,"01/01/2000,04:45:38.54,-1020.02,-16.11,-38.57,0.35,0.69,-1.41,62.40,33.75,52.50,33.11,14.64,984.91,-50.26,105.0,-586.25,-87.50,1,53.325,"
1784218677.400565,"01/01/2000,04:45:38.56,-1021.48,-51.76,64.94,0.85,-0.24,0.38,63.15,33.75,51.30,33.35,14.64,985.27,-50.02,96.25,-682.50,-140.0,1,53.325,"
1784218677.4176266,"01/01/2000,04:45:38.58,-1001.95,-42.48,56.64,0.38,-0.98,0.97,63.0,31.95,53.10,33.06,14.64,985.03,-50.14,175.0,-630.0,-271.25,1,53.325,"
1784218677.4380305,"01/01/2000,04:45:38.60,-1008.79,-32.23,6.84,0.62,-2.37,0.86,64.50,31.95,51.15,33.16,15.13,984.91,-50.26,43.75,-726.25,-26.25,1,53.325,"
1784218677.4636288,"01/01/2000,04:45:38.62,-1031.25,-12.70,9.77,-0.79,1.06,-1.08,62.55,30.75,51.60,33.11,14.76,985.27,-50.14,105.0,-682.50,-140.0,1,53.325,"
1784218677.4830523,"01/01/2000,04:45:38.64,-1002.93,-43.95,83.98,0.76,0.92,-2.08,62.70,33.75,52.50,33.25,14.52,985.27,-50.26,26.25,-682.50,-192.50,1,53.325,"
1784218677.5006557,"01/01/2000,04:45:38.66,-999.51,-14.16,-31.74,1.93,0.69,-1.23,60.90,32.55,52.95,33.16,14.64,985.03,-50.26,26.25,-796.25,-245.0,1,53.325,"
1784218677.5187712,"01/01/2000,04:45:38.68,-1008.79,-16.60,1.95,1.08,0.19,-1.64,62.70,32.25,51.75,33.11,15.01,985.27,-50.26,131.25,-533.75,-131.25,1,53.325,"
1784218677.550641,"01/01/2000,04:45:38.72,-1024.90,-14.65,-17.58,0.50,-0.95,0.11,61.65,31.80,51.30,33.06,14.64,985.27,-50.26,157.50,-770.0,-253.75,1,53.325,"
1784218677.5763452,"01/01/2000,04:45:38.74,-1018.55,-48.34,42.97,0.11,-2.05,1.65,63.75,31.65,52.65,33.16,14.76,985.27,-50.02,70.0,-770.0,-236.25,1,53.325,"
1784218677.5858371,"01/01/2000,04:45:38.76,-1026.37,-59.57,77.15,0.08,-0.66,0.22,61.65,31.80,52.20,33.35,15.25,985.39,-49.78,-52.50,-743.75,-297.50,1,53.325,"
1784218677.6110375,"01/01/2000,04:45:38.77,-990.72,-22.95,81.05,-1.68,-1.56,0.31,63.30,33.15,52.35,33.11,15.49,985.27,-50.02,157.50,-595.0,-245.0,1,53.325,"
1784218677.6287122,"01/01/2000,04:45:38.79,-1006.35,-40.04,59.08,0.35,0.59,0.63,64.65,31.80,52.50,33.11,15.01,985.39,-50.02,218.75,-595.0,-288.75,1,53.325,"
1784218677.649553,"01/01/2000,04:45:38.81,-1020.51,-15.63,45.41,0.88,0.29,1.26,61.95,33.75,51.75,32.97,14.52,985.52,-49.65,-8.75,-883.75,-192.50,1,53.325,"
1784218677.666502,"01/01/2000,04:45:38.83,-1014.65,-13.67,52.73,0.27,-2.51,-0.53,61.05,31.20,52.35,33.35,14.88,985.39,-49.78,183.75,-700.0,-210.0,1,53.325,"
1784218677.68384,"01/01/2000,04:45:38.84,-1009.28,7.32,34.67,-0.34,1.16,-0.51,62.70,31.35,51.75,33.25,15.13,985.15,-49.90,227.50,-717.50,-201.25,1,53.325,"
1784218677.7014832,"01/01/2000,04:45:38.86,-1017.58,-30.27,80.57,-0.08,-0.91,1.42,63.15,33.45,51.75,33.25,15.01,985.27,-49.78,113.75,-603.75,-262.50,1,53.325,"
1784218677.739894,"01/01/2000,04:45:38.90,-996.09,-33.20,-2.93,0.21,1.82,-0.37,62.55,32.40,51.90,32.77,14.76,985.27,-49.53,280.0,-726.25,-210.0,1,53.325,"
1784218677.7641742,"01/01/2000,04:45:38.92,-1039.55,-40.53,5.37,-1.87,2.05,1.05,63.75,30.75,51.15,33.06,14.76,985.27,-49.78,96.25,-708.75,-271.25,1,53.325,"
1784218677.7789705,"01/01/2000,04:45:38.94,-999.02,-21.00,-39.55,0.24,-0.46,0.34,63.15,30.60,54.75,33.06,14.88,985.27,-49.65,253.75,-463.75,-358.75,1,53.325,"
1784218677.7964625,"01/01/2000,04:45:38.96,-980.47,-38.57,46.88,-1.64,-0.91,-0.13,63.15,30.60,54.75,33.25,14.76,985.27,-49.41,52.50,-787.50,-227.50,1,53.325,"
1784218677.8122416,"01/01/2000,04:45:38.97,-1033.20,-22.46,15.14,0.07,-0.50,0.18,63.30,31.65,50.85,33.11,14.64,985.03,-49.53,262.50,-621.25,-315.0,1,53.325,"
1784218677.8508656,"01/01/2000,04:45:39.01,-1013.67,-37.11,37.11,-0.44,-0.36,-3.15,63.30,31.95,52.65,33.25,14.64,985.52,-49.41,26.25,-542.50,-183.75,1,53.325,"
1784218677.884688,"01/01/2000,04:45:39.05,-1018.07,-17.09,22.46,-1.56,0.62,-0.06,63.30,32.40,52.35,33.11,14.88,985.27,-49.53,8.75,-866.25,-122.50,1,53.325,"
1784218677.90255,"01/01/2000,04:45:39.06,-1019.04,10.25,-82.52,1.47,0.71,-0.24,63.75,31.20,52.65,32.82,14.88,985.27,-49.78,70.0,-673.75,-175.0,1,53.325,"
1784218677.928553,"01/01/2000,04:45:39.08,-1005.37,-10.74,62.99,1.53,0.59,-0.23,63.30,34.80,50.85,33.11,14.88,985.39,-49.53,0.0,-691.25,-183.75,1,53.325,"
1784218677.945735,"01/01/2000,04:45:39.10,-1040.04,4.88,44.43,1.27,-0.27,3.36,62.70,33.75,52.20,33.30,14.76,985.15,-49.29,175.0,-647.50,-393.75,1,53.325,"
1784218677.963034,"01/01/2000,04:45:39.12,-1010.25,-27.83,21.00,0.02,1.59,-0.27,62.25,33.60,53.40,33.11,15.13,985.15,-49.41,148.75,-656.25,-315.0,1,53.325,"
1784218677.9815416,"01/01/2000,04:45:39.14,-999.02,5.37,-44.43,2.15,1.34,1.96,63.15,31.80,52.50,33.30,15.13,985.27,-49.53,227.50,-507.50,-271.25,1,53.325,"
1784218678.0048826,"01/01/2000,04:45:39.17,-1002.44,-23.44,30.27,0.70,-0.17,-0.14,63.15,31.80,52.50,33.06,15.01,985.03,-49.53,131.25,-586.25,-280.0,1,53.325,"
1784218678.0389502,"01/01/2000,04:45:39.20,-1005.37,-19.53,2.44,0.89,0.18,-1.46,63.30,31.20,51.90,33.35,14.88,985.27,-49.41,61.25,-726.25,-315.0,1,53.325,"
1784218678.0619426,"01/01/2000,04:45:39.22,-1005.86,-55.66,21.97,3.28,-0.05,1.23,63.15,32.25,51.30,33.35,15.25,985.27,-49.41,70.0,-726.25,-166.25,1,53.325,"
1784218678.0771265,"01/01/2000,04:45:39.24,-1041.02,-50.29,60.06,0.63,-0.57,-2.58,63.30,32.85,52.35,33.25,15.13,985.27,-49.29,87.50,-717.50,-166.25,1,53.325,"
1784218678.0845742,"01/01/2000,04:45:39.26,-972.66,-7.81,26.86,1.55,-1.52,-1.68,62.55,33.60,52.35,33.25,14.76,985.39,-49.29,-26.25,-682.50,-218.75,1,53.325,"
1784218678.1112947,"01/01/2000,04:45:39.27,-1004.88,-28.81,36.13,-1.44,0.24,-0.44,63.75,32.40,52.35,33.11,14.52,985.39,-49.53,323.75,-787.50,-183.75,1,53.325,"
1784218678.1329417,"01/01/2000,04:45:39.29,-997.07,-28.32,30.76,-1.63,1.18,-1.68,64.35,31.80,52.50,33.25,14.88,985.39,-49.53,192.50,-761.25,-131.25,1,53.325,"
1784218678.1504745,"01/01/2000,04:45:39.31,-997.07,-24.41,5.37,1.18,2.11,1.40,63.30,32.40,51.60,33.30,15.01,985.27,-49.29,323.75,-752.50,-157.50,1,53.325,"
1784218678.1670158,"01/01/2000,04:45:39.33,-1023.44,-26.37,43.95,-0.34,-0.20,0.30,63.15,31.35,52.50,33.11,14.88,985.27,-49.29,131.25,-595.0,-297.50,1,53.325,"
1784218678.1843948,"01/01/2000,04:45:39.35,-989.75,-14.16,-27.34,-0.56,2.20,-0.86,63.75,31.20,52.35,33.11,14.52,985.27,-49.53,245.0,-717.50,-358.75,1,53.325,"
1784218678.2182856,"01/01/2000,04:45:39.38,-1018.07,-27.83,75.20,0.27,0.84,2.51,65.10,33.45,52.95,33.30,14.88,985.27,-49.17,218.75,-665.0,-253.75,1,53.325,"
1784218678.2465138,"01/01/2000,04:45:39.40,-997.56,-14.65,-6.84,2.22,-1.21,-1.69,63.75,31.95,51.90,33.11,15.37,985.39,-49.04,35.0,-708.75,-245.0,1,53.325,"
1784218678.255675,"01/01/2000,04:45:39.42,-1012.21,-12.70,3.91,2.27,-0.27,0.92,62.25,30.45,52.65,33.25,15.01,985.39,-49.04,140.0,-516.25,-183.75,1,53.325,"
1784218678.2783244,"01/01/2000,04:45:39.44,-1027.34,-21.00,16.60,-2.61,2.17,0.73,62.25,32.85,53.10,33.25,14.64,985.27,-49.17,122.50,-691.25,-183.75,1,53.325,"
1784218678.2953784,"01/01/2000,04:45:39.46,-1029.79,-5.86,59.57,-1.11,-2.34,1.15,62.40,32.55,52.20,33.35,14.40,985.27,-49.29,-35.0,-962.50,-201.25,1,53.325,"
1784218678.3123558,"01/01/2000,04:45:39.47,-1009.28,-50.29,-16.11,-2.25,3.18,-1.72,61.95,31.80,51.75,33.11,14.76,985.52,-49.29,26.25,-726.25,-236.25,1,53.325,"
1784218678.3509364,"01/01/2000,04:45:39.51,-1018.07,5.37,7.81,0.95,0.60,-1.31,63.30,32.85,52.35,33.16,14.76,985.39,-49.53,175.0,-568.75,-253.75,1,53.325,"
1784218678.3841524,"01/01/2000,04:45:39.55,-1002.44,-21.00,110.35,0.56,0.34,0.81,62.55,33.60,51.15,33.16,14.64,985.39,-49.65,306.25,-691.25,-262.50,1,53.325,"
1784218678.41216,"01/01/2000,04:45:39.57,-1014.16,-42.97,73.24,-0.88,0.75,2.69,63.0,33.60,52.65,33.25,15.01,985.52,-49.53,148.75,-595.0,-253.75,1,53.325,"
1784218678.4286313,"01/01/2000,04:45:39.58,-999.02,-24.90,23.93,-0.20,-1.60,-1.64,62.55,31.95,51.90,33.16,15.13,985.15,-49.29,61.25,-647.50,-323.75,1,53.325,"
1784218678.445241,"01/01/2000,04:45:39.60,-996.09,-36.62,-20.51,-0.14,1.75,3.32,62.40,32.55,51.75,33.25,15.13,985.03,-49.04,61.25,-673.75,-113.75,1,53.325,"
1784218678.4630723,"01/01/2000,04:45:39.62,-1009.28,-20.02,38.57,1.67,-1.27,-0.31,63.15,33.0,52.95,33.25,14.88,985.52,-49.29,262.50,-621.25,-253.75,1,53.325,"
1784218678.479025,"01/01/2000,04:45:39.64,-1018.07,-1.46,-5.86,3.26,-1.49,-0.40,62.55,30.45,52.65,33.25,15.01,985.52,-49.17,113.75,-866.25,-175.0,1,53.325,"
1784218678.503483,"01/01/2000,04:45:39.66,-1027.34,-12.70,41.50,2.55,0.65,-0.47,61.80,33.15,52.65,33.06,15.01,985.03,-49.04,78.75,-735.0,-157.50,1,53.325,"
1784218678.5191126,"01/01/2000,04:45:39.69,-1043.46,-9.77,56.64,1.15,1.07,0.56,61.80,31.65,51.60,32.97,14.88,985.64,-49.04,-35.0,-682.50,-113.75,1,53.325,"
1784218678.5455883,"01/01/2000,04:45:39.71,-996.09,-5.86,33.20,0.16,1.98,-2.24,63.0,33.15,51.90,33.16,14.76,985.52,-49.04,78.75,-892.50,-227.50,1,53.325,"
1784218678.563092,"01/01/2000,04:45:39.72,-1039.06,-2.93,-27.83,0.35,1.28,-0.97,63.15,32.25,51.30,33.11,14.88,985.15,-48.92,-26.25,-875.0,-148.75,1,53.325,"
1784218678.5790398,"01/01/2000,04:45:39.74,-1021.00,-36.13,81.05,-0.17,-1.18,1.79,63.15,31.80,52.20,33.11,14.88,985.27,-49.65,157.50,-586.25,-341.25,1,53.325,"
1784218678.6174452,"01/01/2000,04:45:39.78,-1026.86,-38.57,-2.44,0.55,0.21,0.91,61.80,32.85,51.60,33.16,14.64,985.27,-49.17,140.0,-761.25,-280.0,1,53.325,"
1784218678.635041,"01/01/2000,04:45:39.80,-1042.48,-12.21,-27.34,1.21,-1.54,-4.45,62.70,33.0,51.30,33.06,14.76,985.52,-49.04,-26.25,-822.50,-245.0,1,53.325,"
1784218678.6506662,"01/01/2000,04:45:39.81,-1028.32,1.95,48.34,0.24,-0.47,0.89,64.35,32.55,52.95,33.16,14.88,985.52,-49.65,236.25,-560.0,-288.75,1,53.325,"
1784218678.6691148,"01/01/2000,04:45:39.83,-1039.06,-11.23,-25.39,2.36,-0.15,1.94,63.75,31.95,52.65,33.06,14.88,985.76,-49.29,70.0,-455.0,-148.75,1,53.325,"
1784218678.7079117,"01/01/2000,04:45:39.87,-1021.00,-39.55,46.39,0.27,-2.83,-0.53,64.65,31.35,53.25,33.16,15.25,985.27,-49.04,148.75,-700.0,-131.25,1,53.325,"
1784218678.729671,"01/01/2000,04:45:39.89,-997.07,-14.65,38.09,0.63,-0.10,0.57,61.35,33.15,51.60,33.25,15.01,985.76,-49.29,105.0,-735.0,-306.25,1,53.325,"
1784218678.7453945,"01/01/2000,04:45:39.91,-998.05,-4.88,15.14,0.24,1.24,1.41,64.65,33.0,52.50,33.35,14.88,985.39,-49.41,183.75,-778.75,-297.50,1,53.325,"
1784218678.7632205,"01/01/2000,04:45:39.92,-1028.32,-19.04,59.57,0.73,-2.08,-0.12,62.70,31.80,52.20,33.35,14.88,985.15,-49.29,253.75,-717.50,-297.50,1,53.325,"
1784218678.7804956,"01/01/2000,04:45:39.94,-1031.25,-49.32,50.78,-3.61,-0.02,0.40,63.75,32.85,52.35,33.11,15.01,985.39,-49.29,166.25,-673.75,-148.75,1,53.325,"
1784218678.8174982,"01/01/2000,04:45:39.98,-1004.88,-16.60,-11.72,2.05,-1.34,-3.45,63.15,32.25,52.50,33.35,14.88,985.03,-49.17,245.0,-638.75,-236.25,1,53.325,"
1784218678.8507364,"01/01/2000,04:45:40.01,-997.07,-31.74,39.55,-1.06,0.76,-1.14,62.25,32.40,52.35,33.11,14.64,985.27,-49.04,227.50,-630.0,-201.25,1,53.325,"
1784218678.870102,"01/01/2000,04:45:40.03,-1036.13,-32.23,30.76,-0.23,0.37,-1.22,61.20,31.35,51.30,33.11,14.76,985.27,-49.17,210.0,-665.0,-280.0,1,53.325,"
