timestamp,rtc_date,rtc_time,imu1_ax_mg,imu1_ay_mg,imu1_az_mg,imu1_gx_deg_s,imu1_gy_deg_s,imu1_gz_deg_s,mag_x_uT,mag_y_uT,mag_z_uT,imu_temperature_c,imu2_ax_mg,imu2_ay_mg,imu2_az_mg,imu2_gx_mdps,imu2_gy_mdps,imu2_gz_mdps,data_ready,output_hz
1784291468.031277180,01/01/2000,00:18:20.63,-1023.44,0.98,104.00,0.76,-1.74,-0.69,60.30,31.65,51.15,30.19,13.42,985.64,-50.39,87.50,-656.25,-122.50,1,53.261
1784291468.056983471,01/01/2000,00:18:20.65,-1016.11,9.77,53.22,-0.16,0.92,-1.12,58.95,30.60,53.25,29.95,12.93,985.52,-50.75,26.25,-691.25,-175.0,1,53.260
1784291468.095515728,01/01/2000,00:18:20.69,-1013.18,-22.46,17.58,2.58,0.84,0.24,61.80,32.40,50.85,30.33,12.57,985.27,-50.75,157.50,-770.0,-201.25,1,53.260
1784291468.112516165,01/01/2000,00:18:20.71,-1021.00,-36.13,61.52,2.40,-0.28,-0.77,61.95,31.05,50.55,30.47,13.42,985.52,-50.75,-148.75,-743.75,-113.75,1,53.260
1784291468.133517265,01/01/2000,00:18:20.73,-1004.88,-38.57,65.92,1.02,-1.88,-2.11,61.80,31.20,51.15,30.28,13.42,985.64,-50.75,-17.50,-743.75,-113.75,1,53.260
1784291468.168517590,01/01/2000,00:18:20.76,-1010.74,-25.88,4.39,2.55,-1.60,-1.59,61.35,32.85,50.40,30.52,12.20,985.39,-51.12,0.0,-752.50,-323.75,1,53.260
1784291468.195059776,01/01/2000,00:18:20.78,-1011.72,-19.04,3.42,1.54,-0.51,-0.44,62.40,32.25,49.50,30.67,12.57,985.52,-51.00,157.50,-700.0,-280.0,1,53.260
1784291468.210157871,01/01/2000,00:18:20.80,-1017.58,-4.39,48.34,0.82,-2.81,1.49,61.35,31.65,51.15,30.43,13.30,985.76,-50.63,17.50,-673.75,-297.50,1,53.260
1784291468.245309114,01/01/2000,00:18:20.84,-1011.23,-36.13,139.65,0.60,-1.51,0.37,61.20,31.80,50.25,30.19,13.05,985.52,-50.87,96.25,-866.25,-192.50,1,53.260
1784291468.278308153,01/01/2000,00:18:20.87,-1024.90,-37.11,72.75,-1.48,0.76,1.01,60.45,33.0,49.05,30.43,12.57,985.64,-50.63,-35.0,-708.75,-245.0,1,53.260
1784291468.295570850,01/01/2000,00:18:20.89,-1010.74,-23.44,0.49,2.68,-1.54,-1.39,60.45,33.45,51.0,30.47,13.18,986.00,-50.75,26.25,-813.75,-61.25,1,53.260
1784291468.318011045,01/01/2000,00:18:20.91,-998.05,-6.84,-27.83,1.74,1.48,0.60,61.95,32.25,49.80,30.28,13.42,985.76,-51.00,-26.25,-673.75,-61.25,1,53.261
1784291468.334583998,01/01/2000,00:18:20.93,-1002.44,-39.55,119.63,1.10,1.24,-2.42,59.55,29.25,51.60,30.43,12.93,985.39,-51.12,218.75,-787.50,-341.25,1,53.261
1784291468.369785070,01/01/2000,00:18:20.96,-1013.67,-48.83,91.80,-1.85,-0.50,0.53,60.90,31.35,50.25,30.19,12.44,985.64,-51.12,0.0,-787.50,-507.50,1,53.261
1784291468.395300150,01/01/2000,00:18:20.98,-993.65,-39.06,27.34,-2.02,-1.08,0.79,61.20,31.80,49.80,30.47,12.81,985.52,-51.24,96.25,-805.0,-297.50,1,53.260
1784291468.407975674,01/01/2000,00:18:21.00,-1053.22,-29.79,0.0,-0.48,0.43,-0.79,62.40,33.0,50.25,30.19,13.18,985.39,-51.24,78.75,-708.75,-253.75,1,53.260
1784291468.425971270,01/01/2000,00:18:21.02,-1030.27,-12.70,35.16,1.83,-0.67,-0.82,61.20,31.35,51.0,30.52,13.18,985.39,-51.24,122.50,-612.50,-210.0,1,53.261
1784291468.441397190,01/01/2000,00:18:21.04,-1007.32,-12.70,28.81,-0.63,-1.77,1.08,61.80,32.40,50.10,30.09,12.81,985.64,-51.00,140.0,-630.0,-140.0,1,53.261
1784291468.461291313,01/01/2000,00:18:21.06,-1008.30,-14.16,-39.06,2.26,2.35,1.11,60.30,31.20,51.15,30.47,12.57,985.76,-51.00,52.50,-840.0,-218.75,1,53.261
1784291468.496518612,01/01/2000,00:18:21.09,-1007.81,-32.23,43.46,-0.78,0.75,-0.01,60.60,31.65,49.65,30.47,13.42,985.64,-51.12,131.25,-682.50,-148.75,1,53.261
1784291468.518948078,01/01/2000,00:18:21.11,-1028.32,-8.30,24.90,0.52,-1.29,-0.51,61.20,32.55,50.25,30.43,13.05,985.52,-51.12,131.25,-647.50,-227.50,1,53.261
1784291468.535135508,01/01/2000,00:18:21.13,-1020.02,-13.18,21.00,0.32,-0.06,0.75,59.55,31.20,51.60,30.28,12.81,985.64,-51.12,87.50,-752.50,-236.25,1,53.260
1784291468.552272558,01/01/2000,00:18:21.15,-1018.55,-35.16,103.52,-2.37,-2.52,-0.03,59.55,31.20,51.60,30.43,12.69,986.00,-51.00,-140.0,-682.50,-376.25,1,53.261
1784291468.581009388,01/01/2000,00:18:21.17,-1015.63,-32.71,23.44,0.92,-3.26,-0.92,59.55,30.75,52.65,30.33,12.93,985.64,-50.87,113.75,-726.25,-183.75,1,53.260
1784291468.597679138,01/01/2000,00:18:21.19,-1015.14,-3.91,29.30,2.65,-0.60,0.75,61.65,31.35,50.55,30.33,13.18,985.64,-51.00,131.25,-761.25,61.25,1,53.260
1784291468.618672848,01/01/2000,00:18:21.21,-989.26,-0.98,25.88,-1.11,-0.01,-0.80,61.65,32.55,51.75,30.19,12.93,986.00,-51.00,105.0,-700.0,-236.25,1,53.260
1784291468.640672445,01/01/2000,00:18:21.23,-997.07,-31.25,52.73,-1.27,-0.06,0.70,61.20,31.80,50.25,30.33,12.81,985.88,-50.75,122.50,-691.25,-236.25,1,53.260
1784291468.652723789,01/01/2000,00:18:21.25,-994.14,-47.36,126.46,0.33,0.44,0.27,60.60,31.65,49.35,30.19,12.69,985.64,-50.87,87.50,-822.50,-385.0,1,53.261
1784291468.674815655,01/01/2000,00:18:21.27,-979.00,2.93,-30.27,2.91,1.40,-0.93,60.45,32.25,50.25,29.95,12.81,985.64,-51.24,61.25,-656.25,-350.0,1,53.261
1784291468.691495419,01/01/2000,00:18:21.29,-1005.37,-51.27,-40.04,-3.03,2.03,0.35,61.05,31.95,49.35,30.43,12.81,985.52,-53.56,-393.75,-901.25,-192.50,1,53.260
1784291468.708189011,01/01/2000,00:18:21.30,-1047.36,-59.08,49.80,-1.47,1.84,-0.68,61.05,34.05,50.85,29.99,11.96,986.98,-57.34,148.75,-1540.0,-148.75,1,53.260
1784291468.725594044,01/01/2000,00:18:21.32,-1016.11,-32.23,8.79,-0.80,-1.46,-1.76,61.35,31.95,49.65,30.09,11.59,986.86,-59.90,262.50,-2135.0,-105.0,1,53.260
1784291468.751901627,01/01/2000,00:18:21.34,-989.26,-25.39,87.40,-2.36,0.18,-0.50,61.20,31.80,51.0,30.52,14.27,984.54,-60.76,-122.50,105.0,-245.0,1,53.260
1784291468.764917135,01/01/2000,00:18:21.36,-1020.02,-35.64,-14.16,-1.56,-0.21,-0.09,60.30,31.65,51.60,30.33,14.88,982.71,-61.0,253.75,910.0,-245.0,1,53.261
1784291468.780947208,01/01/2000,00:18:21.38,-1031.74,-20.51,-49.32,1.41,-1.0,1.84,62.40,31.05,49.05,30.43,13.91,983.93,-60.76,350.0,192.50,-183.75,1,53.261
1784291468.798528194,01/01/2000,00:18:21.39,-998.54,-33.69,54.20,-3.10,0.31,-0.79,61.80,32.40,49.65,30.43,13.54,986.37,-60.76,-411.25,78.75,-253.75,1,53.261
1784291468.819528818,01/01/2000,00:18:21.41,-970.21,-43.95,23.93,2.79,1.08,-0.22,61.35,31.20,49.35,30.33,12.93,986.13,-62.95,-665.0,-140.0,-358.75,1,53.261
1784291468.852801085,01/01/2000,00:18:21.45,-1025.39,7.32,7.81,2.26,-2.12,1.84,61.35,32.40,49.35,30.33,12.69,983.08,-67.34,1128.75,-420.0,-271.25,1,53.261
1784291468.875084400,01/01/2000,00:18:21.47,-1027.34,-32.23,42.48,-0.39,-4.68,-0.67,62.40,33.45,50.55,30.28,13.05,983.93,-64.29,796.25,-26.25,-227.50,1,53.261
1784291468.891276836,01/01/2000,00:18:21.49,-981.45,-3.42,18.07,-0.88,-0.31,0.61,60.45,32.25,51.0,30.09,13.18,985.27,-59.17,-148.75,183.75,-253.75,1,53.261
1784291468.908839703,01/01/2000,00:18:21.50,-993.16,-35.64,97.17,-0.41,0.89,0.53,62.55,32.40,49.65,29.99,12.93,986.25,-55.75,-481.25,-367.50,-148.75,1,53.261
1784291468.927138805,01/01/2000,00:18:21.52,-1025.88,-41.50,-25.39,-0.24,1.18,-0.32,62.40,32.25,51.30,30.62,12.57,986.98,-55.63,-516.25,-735.0,-183.75,1,53.261
1784291468.949353933,01/01/2000,00:18:21.54,-1013.67,-23.44,112.79,-2.36,1.14,-0.78,63.0,33.60,50.85,30.43,12.69,986.25,-58.56,-43.75,-542.50,-192.50,1,53.261
1784291468.965036631,01/01/2000,00:18:21.56,-980.96,-7.32,-3.91,0.17,-1.26,0.39,62.70,32.25,51.30,30.19,12.93,984.54,-60.15,612.50,-516.25,-192.50,1,53.261
1784291468.985373974,01/01/2000,00:18:21.58,-1041.50,-21.97,47.85,-1.44,-1.54,1.70,62.70,32.25,51.30,30.09,12.93,984.05,-59.78,945.0,-315.0,-210.0,1,53.261
1784291468.999516487,01/01/2000,00:18:21.59,-1024.90,-34.67,43.46,-0.97,-2.24,3.13,62.25,33.60,50.85,30.43,13.18,985.27,-55.63,446.25,-323.75,-271.25,1,53.261
1784291469.038468122,01/01/2000,00:18:21.63,-1018.55,-0.98,41.02,3.06,1.02,0.74,61.65,31.35,49.80,30.33,13.05,986.49,-49.04,-507.50,-691.25,-253.75,1,53.261
1784291469.060081244,01/01/2000,00:18:21.65,-1013.67,-24.41,55.18,-1.15,-0.15,0.66,60.90,33.45,50.25,30.52,12.93,986.74,-50.02,-411.25,-875.0,-78.75,1,53.261
1784291469.076447248,01/01/2000,00:18:21.67,-1016.60,-31.25,25.88,0.11,2.13,-1.01,62.40,32.55,51.0,30.33,12.93,985.88,-52.70,-253.75,-673.75,-192.50,1,53.262
1784291469.099084139,01/01/2000,00:18:21.69,-1022.95,-27.83,45.90,-0.45,-0.40,0.19,58.50,32.25,51.75,30.19,12.81,984.30,-54.66,1050.0,-498.75,-227.50,1,53.261
1784291469.119882345,01/01/2000,00:18:21.72,-1019.53,-18.55,44.43,-1.06,0.57,0.32,60.60,31.65,50.40,30.33,12.57,986.00,-49.04,227.50,-752.50,-262.50,1,53.261
1784291469.138683796,01/01/2000,00:18:21.73,-1016.11,-13.67,-37.60,1.81,2.85,0.15,60.90,33.0,51.0,30.52,13.05,988.32,-45.63,-1146.25,-691.25,-183.75,1,53.260
1784291469.158595562,01/01/2000,00:18:21.75,-1014.16,-15.14,107.42,0.98,0.88,-0.66,63.0,31.65,50.85,30.47,12.69,986.13,-46.97,-883.75,-857.50,-271.25,1,53.260
1784291469.175901890,01/01/2000,00:18:21.77,-1008.79,-22.46,20.02,2.79,-1.11,0.30,61.65,31.80,51.30,30.47,12.44,984.78,-51.73,8.75,-1137.50,-35.0,1,53.260
1784291469.192678213,01/01/2000,00:18:21.79,-1020.02,-43.95,67.38,-0.64,-1.0,-0.30,61.95,32.55,49.80,30.33,12.81,984.17,-55.14,892.50,-630.0,-245.0,1,53.261
1784291469.217988729,01/01/2000,00:18:21.81,-1018.55,-9.28,-4.88,-0.27,-0.85,-1.07,62.55,31.65,49.35,30.19,12.81,984.17,-55.27,1155.0,-586.25,-367.50,1,53.261
1784291469.231166363,01/01/2000,00:18:21.83,-1006.84,-33.20,1.95,-0.52,1.02,-2.66,60.60,34.35,49.65,30.47,13.42,986.00,-50.26,280.0,-673.75,-148.75,1,53.261
1784291469.249164104,01/01/2000,00:18:21.84,-1027.34,-14.16,-6.35,-0.60,2.04,-0.61,61.65,32.55,50.25,30.33,13.05,986.86,-47.09,-988.75,-988.75,-236.25,1,53.261
1784291469.266238928,01/01/2000,00:18:21.86,-1012.21,-33.20,61.52,0.21,-1.58,-0.12,61.65,33.0,51.0,30.43,12.81,985.39,-47.82,-463.75,-1225.0,-175.0,1,53.261
1784291469.283304214,01/01/2000,00:18:21.88,-1015.14,-11.23,-14.65,-1.34,-1.83,0.38,61.35,33.15,49.35,29.90,12.57,984.54,-50.02,490.0,-997.50,-131.25,1,53.261
1784291469.321503401,01/01/2000,00:18:21.92,-990.72,-27.34,58.11,-1.13,-0.26,-1.17,60.90,33.75,50.55,30.33,13.30,986.98,-50.51,-341.25,-612.50,-245.0,1,53.261
1784291469.343440771,01/01/2000,00:18:21.93,-1021.48,-7.32,69.34,0.81,-1.28,0.25,60.60,31.65,50.40,29.95,13.42,985.52,-50.75,253.75,-647.50,-245.0,1,53.261
1784291469.360483646,01/01/2000,00:18:21.96,-1014.65,-45.41,12.70,-0.11,-1.32,0.14,61.20,33.0,50.25,30.33,13.54,984.91,-50.63,253.75,-481.25,-157.50,1,53.261
1784291469.378315687,01/01/2000,00:18:21.97,-1007.32,-25.88,59.57,-0.64,-1.10,1.14,62.55,32.85,49.65,30.33,13.30,986.00,-50.26,-105.0,-463.75,-227.50,1,53.261
1784291469.395514965,01/01/2000,00:18:21.99,-1014.16,-24.41,31.74,1.09,1.35,-0.28,62.55,32.85,49.65,30.19,12.93,986.61,-50.63,-113.75,-603.75,-262.50,1,53.261
1784291469.412217140,01/01/2000,00:18:22.01,-1031.25,-13.67,-5.37,1.08,0.08,-2.92,63.60,32.25,49.80,30.19,13.18,986.13,-51.00,306.25,-787.50,-288.75,1,53.261
1784291469.437568903,01/01/2000,00:18:22.03,-971.19,-32.71,-15.14,1.45,-0.24,0.74,63.30,33.15,50.40,30.09,13.42,985.52,-50.75,-35.0,-743.75,-253.75,1,53.261
1784291469.452625990,01/01/2000,00:18:22.05,-991.21,-25.39,25.39,1.29,-0.09,-3.92,60.60,31.65,50.85,30.43,13.42,985.03,-50.87,-43.75,-708.75,-113.75,1,53.261
1784291469.468025923,01/01/2000,00:18:22.06,-1034.67,-28.81,27.34,0.28,-0.92,-0.50,61.95,32.25,50.25,29.99,12.93,984.78,-50.75,490.0,-752.50,-166.25,1,53.261
1784291469.485552788,01/01/2000,00:18:22.08,-1001.95,-22.95,-5.86,0.59,-3.13,-1.69,61.95,32.25,50.25,30.52,12.93,986.25,-49.53,516.25,-822.50,-210.0,1,53.261
1784291469.506452084,01/01/2000,00:18:22.10,-1028.32,-38.57,16.11,-0.16,0.60,1.71,60.30,29.25,52.65,30.33,13.18,987.22,-47.82,-770.0,-1032.50,-236.25,1,53.261
1784291469.541389227,01/01/2000,00:18:22.14,-997.07,-22.95,73.24,0.48,-2.05,1.73,61.20,32.25,51.30,30.33,13.54,984.54,-51.12,288.75,-778.75,-192.50,1,53.262
1784291469.562651634,01/01/2000,00:18:22.16,-1001.46,-36.62,-5.37,1.52,0.25,0.70,60.60,32.40,48.90,30.47,12.93,984.30,-53.19,752.50,-455.0,-323.75,1,53.261
1784291469.579714060,01/01/2000,00:18:22.18,-1036.62,-10.25,-41.02,-0.11,-1.85,0.35,63.60,34.20,51.30,30.28,12.93,985.15,-52.34,358.75,-411.25,-175.0,1,53.261
1784291469.596931934,01/01/2000,00:18:22.19,-991.21,-14.16,0.98,-0.69,1.85,-2.50,61.80,32.85,50.40,30.43,13.05,985.76,-50.14,-87.50,-428.75,-288.75,1,53.261
1784291469.624845743,01/01/2000,00:18:22.22,-1044.43,-37.11,-31.25,0.56,0.50,0.71,61.35,34.05,50.40,30.47,13.42,985.64,-48.68,-551.25,-708.75,-96.25,1,53.261
1784291469.643942356,01/01/2000,00:18:22.24,-1044.43,-15.14,15.63,-0.87,-0.34,-0.56,60.45,32.55,51.30,30.33,13.18,986.00,-49.65,218.75,-647.50,-201.25,1,53.261
1784291469.661529064,01/01/2000,00:18:22.26,-1025.39,-19.04,-15.63,-0.98,2.28,-0.14,61.65,32.55,50.25,30.43,12.93,987.59,-50.51,315.0,-796.25,-306.25,1,53.261
1784291469.697040796,01/01/2000,00:18:22.29,-993.65,-30.27,10.74,1.53,-1.55,-1.90,62.55,33.15,49.65,30.33,13.05,986.00,-49.90,-227.50,-743.75,-218.75,1,53.261
1784291469.720779181,01/01/2000,00:18:22.31,-1009.77,-58.11,123.05,-0.91,-0.82,-1.84,61.95,31.35,51.30,30.47,13.18,984.54,-50.75,-17.50,-857.50,-131.25,1,53.261
1784291469.735477686,01/01/2000,00:18:22.33,-1010.25,-16.60,-12.70,2.35,1.47,-0.97,61.95,31.35,51.30,30.33,13.05,985.03,-51.73,288.75,-708.75,-227.50,1,53.261
1784291469.769507885,01/01/2000,00:18:22.37,-1038.09,-29.79,9.28,-2.12,-1.38,-1.0,62.40,31.80,49.05,30.33,13.05,987.10,-50.26,560.0,-612.50,-280.0,1,53.261
1784291469.795140982,01/01/2000,00:18:22.39,-1005.37,-34.18,19.04,-1.98,0.57,-0.19,61.35,33.15,49.35,30.33,13.30,986.61,-47.82,-490.0,-822.50,-148.75,1,53.261
1784291469.808913708,01/01/2000,00:18:22.40,-997.56,-16.11,-15.63,1.08,-0.12,-0.76,62.25,31.20,50.85,30.19,13.66,985.39,-47.58,-463.75,-586.25,-105.0,1,53.261
1784291469.825840473,01/01/2000,00:18:22.42,-983.89,-1.46,-55.66,3.0,-0.06,0.57,62.40,33.0,51.0,30.47,13.30,984.91,-48.68,70.0,-595.0,-166.25,1,53.261
1784291469.846719265,01/01/2000,00:18:22.44,-1000.49,-31.25,-11.72,1.95,-2.14,2.97,61.20,30.15,49.35,30.43,12.69,986.37,-50.26,227.50,-717.50,-253.75,1,53.261
1784291469.864235163,01/01/2000,00:18:22.46,-989.26,-13.67,39.55,1.31,-0.82,-0.26,63.0,33.15,50.85,30.47,12.93,986.86,-51.00,-96.25,-787.50,-288.75,1,53.261
1784291469.880275726,01/01/2000,00:18:22.48,-979.98,-8.79,-35.16,5.18,-1.18,-0.92,61.80,32.40,48.90,30.28,13.42,985.52,-51.24,0.0,-717.50,-175.0,1,53.261
1784291469.903816938,01/01/2000,00:18:22.49,-999.02,-24.90,30.27,2.0,-0.17,-0.47,63.15,33.45,49.05,30.43,13.42,983.20,-51.12,323.75,-603.75,-210.0,1,53.261
1784291469.921228170,01/01/2000,00:18:22.51,-1013.67,-12.70,-35.64,-0.60,-0.41,-2.86,63.75,31.20,51.60,30.28,13.30,983.44,-50.14,437.50,-682.50,-166.25,1,53.261
1784291469.936625957,01/01/2000,00:18:22.53,-1019.53,-39.06,-1.46,-1.35,-1.21,-1.97,61.95,31.35,52.20,30.33,12.81,986.61,-49.41,-17.50,-542.50,-271.25,1,53.261
1784291469.954238653,01/01/2000,00:18:22.55,-1030.76,-39.06,-10.25,2.45,0.18,0.92,62.40,33.0,49.80,30.52,12.57,988.20,-49.29,-306.25,-840.0,-280.0,1,53.262
1784291469.971238852,01/01/2000,00:18:22.57,-1022.95,-24.90,11.23,2.02,-0.30,1.33,61.35,32.40,50.40,30.43,13.05,987.71,-49.53,-245.0,-866.25,-236.25,1,53.262
1784291469.995705128,01/01/2000,00:18:22.59,-990.72,-15.63,54.69,-1.90,0.23,-1.18,61.35,32.85,50.40,30.47,13.66,985.27,-49.90,385.0,-656.25,-113.75,1,53.262
1784291470.009312153,01/01/2000,00:18:22.61,-1020.02,2.93,-12.70,0.54,-1.19,0.69,61.95,32.25,49.80,30.09,13.54,985.03,-49.65,682.50,-551.25,-157.50,1,53.261
1784291470.027326345,01/01/2000,00:18:22.62,-1014.16,-34.67,34.18,0.85,-0.97,-0.88,62.70,32.25,51.30,30.33,13.18,986.74,-48.92,-148.75,-577.50,-271.25,1,53.261
1784291470.048316717,01/01/2000,00:18:22.64,-1021.48,-17.09,16.11,0.41,-0.63,0.17,61.35,34.05,51.15,30.28,12.93,987.35,-48.43,-647.50,-560.0,-315.0,1,53.261
1784291470.065699100,01/01/2000,00:18:22.66,-1028.32,-32.71,0.49,2.06,-0.26,-2.51,63.30,34.05,50.85,30.47,13.30,986.00,-49.78,-236.25,-761.25,-183.75,1,53.261
1784291470.099370480,01/01/2000,00:18:22.70,-1027.83,0.49,40.53,1.79,-0.15,-0.94,61.80,32.85,50.40,30.33,13.91,984.66,-51.73,533.75,-525.0,-183.75,1,53.262
1784291470.136262894,01/01/2000,00:18:22.73,-1024.90,-36.13,44.92,1.84,1.21,1.83,60.90,33.0,51.30,30.33,13.05,986.00,-49.53,192.50,-638.75,-236.25,1,53.261
1784291470.152242184,01/01/2000,00:18:22.75,-1021.00,-34.67,-36.62,0.40,-0.96,0.74,62.55,33.15,49.65,30.19,12.93,986.25,-48.31,-551.25,-726.25,-315.0,1,53.261
1784291470.168126345,01/01/2000,00:18:22.76,-1016.11,-32.23,18.07,-1.29,1.35,0.35,62.70,33.75,49.50,30.33,13.18,984.54,-48.80,61.25,-866.25,-148.75,1,53.261
1784291470.186055183,01/01/2000,00:18:22.78,-1027.83,-31.25,54.20,1.15,-1.58,1.09,62.40,33.75,51.0,30.19,13.42,984.17,-49.17,726.25,-621.25,-166.25,1,53.261
1784291470.206310511,01/01/2000,00:18:22.80,-1019.04,-16.60,-14.65,-1.82,2.02,-0.76,62.70,32.55,50.55,30.33,13.30,986.86,-48.92,148.75,-673.75,-262.50,1,53.261
1784291470.228438616,01/01/2000,00:18:22.82,-1028.32,-22.46,-65.92,1.52,3.59,1.0,63.75,32.40,50.10,30.19,13.30,988.69,-49.04,-787.50,-560.0,-245.0,1,53.261
1784291470.244806290,01/01/2000,00:18:22.84,-1050.29,-31.25,-23.44,-2.53,2.18,-0.75,62.25,34.35,50.40,30.43,13.05,986.98,-50.14,-507.50,-708.75,-192.50,1,53.261
1784291470.263010502,01/01/2000,00:18:22.86,-1008.30,-49.80,15.14,1.79,-1.49,0.78,61.65,33.75,49.80,30.43,13.18,983.93,-51.48,927.50,-717.50,-183.75,1,53.261
1784291470.280128002,01/01/2000,00:18:22.88,-1027.83,-41.50,116.21,-2.34,-0.61,-0.44,62.40,33.0,49.80,30.43,13.05,984.42,-51.12,595.0,-717.50,-218.75,1,53.261
1784291470.297272682,01/01/2000,00:18:22.89,-1005.37,11.72,-17.58,-0.09,0.58,-0.59,63.75,32.40,51.15,30.33,13.18,986.74,-49.53,70.0,-533.75,-262.50,1,53.261
1784291470.314693928,01/01/2000,00:18:22.91,-1013.67,-19.53,27.34,1.50,2.86,1.15,63.0,32.40,50.40,30.09,12.93,987.96,-48.07,-638.75,-743.75,-280.0,1,53.261
1784291470.338125229,01/01/2000,00:18:22.93,-1020.51,-57.13,63.48,2.49,-0.55,0.36,64.05,33.60,50.40,30.52,13.18,986.25,-48.68,-332.50,-866.25,-157.50,1,53.261
1784291470.353237391,01/01/2000,00:18:22.95,-1022.46,-31.74,33.20,0.99,-0.89,1.73,63.0,32.40,51.15,30.43,13.42,985.15,-49.41,411.25,-647.50,-52.50,1,53.261
1784291470.372668266,01/01/2000,00:18:22.97,-1028.81,-39.06,54.20,4.32,-2.79,-0.30,61.05,31.65,50.10,30.52,13.30,985.64,-49.78,385.0,-568.75,-201.25,1,53.261
1784291470.386551380,01/01/2000,00:18:22.98,-1044.43,-4.88,6.84,0.56,3.21,0.85,63.30,33.15,50.10,30.33,13.30,986.25,-49.53,-420.0,-743.75,-96.25,1,53.261
1784291470.408059120,01/01/2000,00:18:23.00,-970.21,-27.34,108.89,1.92,1.07,-4.08,63.30,31.65,51.90,30.43,13.18,984.17,-50.02,-262.50,-490.0,-402.50,1,53.261
1784291470.425764799,01/01/2000,00:18:23.02,-1037.11,-18.55,-10.74,-0.25,-1.35,0.76,62.25,31.95,50.85,30.33,13.30,982.83,-50.75,455.0,-831.25,-183.75,1,53.261
1784291470.448515415,01/01/2000,00:18:23.04,-1041.50,-29.30,31.74,-0.73,2.02,-0.43,62.40,32.55,51.30,30.19,13.30,982.34,-51.00,735.0,-577.50,-288.75,1,53.262
1784291470.463939428,01/01/2000,00:18:23.06,-1002.93,-36.13,27.83,1.32,-2.77,1.24,62.70,33.45,49.80,30.28,13.18,985.88,-49.17,218.75,-735.0,-262.50,1,53.262
1784291470.482223511,01/01/2000,00:18:23.08,-1004.88,-25.88,23.93,-0.30,0.44,-2.44,61.35,32.85,51.60,30.47,13.18,988.93,-47.95,-586.25,-560.0,-236.25,1,53.261
1784291470.499357462,01/01/2000,00:18:23.09,-1015.14,-52.73,10.74,-0.42,-0.37,-0.02,62.55,34.05,51.60,30.47,13.05,988.81,-48.31,-691.25,-778.75,-262.50,1,53.261
1784291470.515920162,01/01/2000,00:18:23.11,-1013.67,-26.86,89.84,0.71,-0.80,-0.59,64.05,32.85,50.40,30.33,13.54,986.74,-49.29,385.0,-656.25,-175.0,1,53.261
1784291470.541658163,01/01/2000,00:18:23.13,-1018.07,-19.04,5.37,-1.85,-0.16,-0.07,61.95,31.05,52.95,29.95,13.42,985.15,-49.90,953.75,-682.50,-140.0,1,53.261
1784291470.558551550,01/01/2000,00:18:23.15,-1014.65,-32.71,65.43,1.09,0.30,-0.56,61.95,31.05,52.95,30.52,13.18,986.00,-49.04,70.0,-761.25,-297.50,1,53.261
1784291470.573893785,01/01/2000,00:18:23.17,-987.30,-26.37,0.98,0.46,1.06,0.09,63.30,33.60,51.15,30.43,13.18,986.25,-48.31,-542.50,-393.75,-271.25,1,53.262
1784291470.588569403,01/01/2000,00:18:23.18,-1029.30,-54.20,62.99,-0.92,0.84,-0.63,63.0,32.85,51.15,30.28,12.93,986.00,-48.68,-175.0,-822.50,-227.50,1,53.262
1784291470.609668732,01/01/2000,00:18:23.21,-1025.88,-45.90,59.08,1.15,0.77,-0.40,63.75,32.40,52.35,30.33,13.54,984.91,-50.02,481.25,-708.75,-140.0,1,53.262
1784291470.626961708,01/01/2000,00:18:23.22,-1000.0,-24.41,70.31,1.19,2.07,0.60,63.75,33.75,51.75,30.47,13.42,985.27,-50.02,481.25,-420.0,-236.25,1,53.261
1784291470.651910543,01/01/2000,00:18:23.25,-1057.13,-24.41,51.76,0.92,0.57,1.09,63.15,30.15,52.50,30.33,13.42,986.00,-48.92,122.50,-743.75,-148.75,1,53.261
1784291470.672929525,01/01/2000,00:18:23.27,-1000.49,-27.83,-11.23,1.34,-1.27,-1.96,63.0,32.85,51.15,30.33,13.30,985.03,-47.82,-236.25,-638.75,-245.0,1,53.261
1784291470.699082136,01/01/2000,00:18:23.29,-1016.60,-22.46,46.39,0.75,-0.68,-0.66,63.60,32.55,51.0,30.43,13.18,984.05,-47.58,17.50,-708.75,-280.0,1,53.261
1784291470.713926315,01/01/2000,00:18:23.31,-1010.74,-29.79,-2.93,0.61,-1.27,0.19,62.70,32.25,51.0,30.28,13.30,985.52,-48.07,61.25,-612.50,-175.0,1,53.261
1784291470.727705717,01/01/2000,00:18:23.32,-1054.20,-16.11,7.81,-1.68,-0.04,0.11,63.15,32.25,51.0,29.95,13.18,988.20,-49.17,-201.25,-647.50,-262.50,1,53.261
1784291470.750174284,01/01/2000,00:18:23.34,-1002.93,-19.53,28.32,-1.13,-2.26,-0.44,63.30,31.95,52.65,30.62,13.42,988.08,-50.02,-26.25,-1093.75,-271.25,1,53.261
1784291470.766170740,01/01/2000,00:18:23.36,-1007.81,-29.30,72.75,0.98,0.80,-1.18,61.80,32.40,51.15,30.52,13.30,985.88,-49.78,306.25,-875.0,-306.25,1,53.261
1784291470.783535957,01/01/2000,00:18:23.38,-1015.14,-9.28,27.83,0.88,-2.15,-0.07,63.75,33.60,50.85,30.47,13.30,984.66,-49.41,122.50,-962.50,-96.25,1,53.261
1784291470.801042318,01/01/2000,00:18:23.40,-1032.71,-10.25,-5.37,0.42,0.06,0.34,63.15,31.35,51.0,30.33,12.93,984.42,-48.56,227.50,-831.25,-183.75,1,53.261
1784291470.822663069,01/01/2000,00:18:23.42,-1021.48,-13.18,50.29,0.10,2.52,1.05,62.25,32.40,50.40,30.19,12.81,987.10,-48.07,-262.50,-927.50,-332.50,1,53.261
1784291470.839080572,01/01/2000,00:18:23.43,-1032.23,-25.39,-41.02,1.58,-0.14,-0.73,64.05,33.15,50.85,30.47,13.05,987.47,-48.43,-306.25,-997.50,-157.50,1,53.261
1784291470.856620073,01/01/2000,00:18:23.45,-1031.25,-3.91,24.41,0.29,1.66,2.28,63.15,33.45,49.80,30.43,13.30,986.49,-48.92,376.25,-1058.75,-245.0,1,53.261
1784291470.873775959,01/01/2000,00:18:23.47,-1029.30,-14.65,-43.46,2.66,-3.69,-1.91,62.25,32.40,50.85,30.33,13.66,986.25,-49.17,245.0,-831.25,-271.25,1,53.262
1784291470.912834644,01/01/2000,00:18:23.51,-1022.95,-26.86,72.75,-0.15,-0.23,-0.44,63.75,34.35,50.85,30.33,13.42,982.83,-48.07,157.50,-621.25,-288.75,1,53.262
1784291470.932148457,01/01/2000,00:18:23.53,-1020.51,-35.64,-10.74,0.82,0.61,-2.81,63.15,33.75,49.80,30.28,13.42,982.83,-47.95,-253.75,-866.25,-236.25,1,53.261
1784291470.951624870,01/01/2000,00:18:23.55,-1020.02,-13.67,14.16,1.89,1.96,-0.44,63.60,33.45,51.0,30.43,13.42,985.39,-49.53,-393.75,-892.50,-297.50,1,53.261
1784291470.968093872,01/01/2000,00:18:23.56,-1029.79,-49.80,56.64,1.11,-1.48,0.15,63.60,32.25,51.0,30.28,13.42,987.47,-51.36,411.25,-787.50,-341.25,1,53.261
1784291470.986178637,01/01/2000,00:18:23.58,-1013.18,-35.16,-30.76,2.69,-1.08,-1.54,63.60,32.25,51.0,30.33,13.66,988.08,-51.24,945.0,-831.25,-210.0,1,53.261
1784291471.007994652,01/01/2000,00:18:23.60,-996.58,-27.34,68.85,-1.31,-1.39,1.88,63.0,33.60,51.60,30.43,13.66,987.35,-48.43,280.0,-595.0,-157.50,1,53.262
1784291471.024043083,01/01/2000,00:18:23.62,-1027.34,-34.18,32.71,2.08,-1.12,-0.88,62.55,32.40,51.15,30.47,13.54,986.37,-45.63,-673.75,-673.75,-131.25,1,53.262
1784291471.041615486,01/01/2000,00:18:23.64,-1020.02,-11.23,23.93,-0.73,1.96,-1.94,62.70,31.80,52.20,30.43,13.18,986.00,-45.63,-1163.75,-761.25,-315.0,1,53.262
1784291471.058457613,01/01/2000,00:18:23.65,-1030.27,-38.57,-8.30,0.18,-1.92,2.75,62.70,32.55,51.30,30.33,13.05,985.76,-48.31,-288.75,-805.0,-175.0,1,53.262
1784291471.076401472,01/01/2000,00:18:23.67,-1023.44,-14.16,-25.88,-0.40,-1.87,-0.65,62.70,32.55,51.30,30.33,13.18,985.76,-51.48,551.25,-647.50,-245.0,1,53.262
1784291471.101453066,01/01/2000,00:18:23.69,-1041.99,-36.62,13.67,1.60,-1.24,1.26,63.30,32.85,50.10,30.52,13.66,985.52,-51.61,1102.50,-708.75,-157.50,1,53.261
1784291471.118192911,01/01/2000,00:18:23.71,-992.19,-28.81,-5.86,2.13,-1.91,0.36,63.75,32.40,50.10,30.52,13.91,984.91,-49.41,542.50,-665.0,-245.0,1,53.261
1784291471.134179831,01/01/2000,00:18:23.73,-1010.74,-18.55,-11.72,-0.91,0.51,-0.96,63.90,31.35,51.30,30.47,13.91,983.81,-45.51,-122.50,-717.50,-166.25,1,53.262
1784291471.165032625,01/01/2000,00:18:23.75,-1014.65,-33.20,23.93,-1.42,-2.07,-1.96,63.15,31.80,49.80,30.43,13.30,985.64,-45.38,-1417.50,-612.50,-201.25,1,53.261
1784291471.179272652,01/01/2000,00:18:23.78,-1046.88,-17.09,4.88,-0.82,-0.15,1.63,64.05,32.40,50.40,30.14,13.18,988.08,-50.63,393.75,-770.0,-280.0,1,53.261
1784291471.197658777,01/01/2000,00:18:23.79,-1005.86,-30.76,95.21,-2.32,0.02,1.47,63.30,32.85,52.35,30.28,13.54,988.20,-52.34,1146.25,-717.50,-315.0,1,53.261
1784291471.235537529,01/01/2000,00:18:23.83,-988.77,-25.88,-30.27,-0.60,2.82,-1.33,63.90,31.80,50.55,30.47,14.15,985.03,-47.34,-472.50,-560.0,-157.50,1,53.261
1784291471.257537365,01/01/2000,00:18:23.85,-1017.09,-18.07,-1.95,1.85,1.45,0.11,64.35,32.25,50.25,30.09,13.18,984.17,-46.60,-813.75,-700.0,-350.0,1,53.261
1784291471.274537563,01/01/2000,00:18:23.87,-1040.04,-31.74,78.13,2.15,1.16,-0.11,62.70,33.45,51.0,30.52,12.69,985.27,-48.19,-236.25,-726.25,-113.75,1,53.261
1784291471.289206028,01/01/2000,00:18:23.88,-998.05,-28.32,-29.30,-1.36,-1.05,2.49,63.75,32.40,52.35,29.95,12.32,986.37,-49.53,385.0,-1146.25,-253.75,1,53.261
1784291471.307977915,01/01/2000,00:18:23.90,-1003.91,-43.95,62.99,1.77,0.10,-0.63,62.70,32.55,52.50,30.62,12.93,985.88,-49.78,770.0,-1233.75,-210.0,1,53.261
1784291471.325898409,01/01/2000,00:18:23.92,-1019.53,-1.95,75.20,1.11,0.16,-1.15,62.40,30.60,54.45,30.33,13.66,984.78,-47.58,708.75,-1391.25,-166.25,1,53.261
1784291471.342339993,01/01/2000,00:18:23.94,-1011.72,-26.86,7.81,3.11,0.95,0.53,63.0,32.40,51.60,30.19,13.91,985.03,-44.65,-385.0,-857.50,-227.50,1,53.262
1784291471.380667925,01/01/2000,00:18:23.98,-1011.72,-27.34,38.09,2.92,-0.47,1.75,63.15,34.20,51.75,30.19,12.93,986.13,-48.31,-560.0,-1041.25,-236.25,1,53.262
1784291471.398654699,01/01/2000,00:18:23.99,-1010.25,-13.18,51.76,-0.87,-0.92,2.41,63.15,34.20,51.75,30.33,12.93,985.27,-52.34,962.50,-936.25,-367.50,1,53.261
1784291471.418177843,01/01/2000,00:18:24.01,-1020.02,-37.60,12.70,0.69,-2.66,0.44,62.25,31.95,49.65,30.33,13.66,985.39,-52.83,1557.50,-770.0,-113.75,1,53.261
1784291471.437166214,01/01/2000,00:18:24.03,-1007.32,-21.97,21.00,0.20,-0.40,-0.47,64.50,31.65,51.90,30.47,14.15,986.00,-48.56,-70.0,-726.25,-262.50,1,53.261
1784291471.454311848,01/01/2000,00:18:24.05,-1001.95,-15.14,47.36,1.20,0.35,-0.82,63.75,31.95,51.90,30.52,14.15,985.52,-46.24,-1050.0,-647.50,-96.25,1,53.262
1784291471.487581968,01/01/2000,00:18:24.08,-1025.39,-39.55,51.76,2.37,-1.91,1.54,63.15,32.25,51.0,30.43,12.93,985.03,-47.82,61.25,-910.0,-350.0,1,53.262
1784291471.509118319,01/01/2000,00:18:24.11,-1021.48,-17.09,-54.69,-0.68,0.41,-0.82,62.70,30.60,52.95,30.33,13.18,987.22,-49.90,472.50,-901.25,-271.25,1,53.262
1784291471.544019699,01/01/2000,00:18:24.14,-1009.28,-7.81,20.51,1.75,0.20,-0.80,63.60,32.55,51.0,30.43,13.66,983.93,-47.09,437.50,-927.50,-210.0,1,53.262
1784291471.560975790,01/01/2000,00:18:24.16,-1027.83,-17.58,18.55,0.23,2.04,2.01,65.10,33.0,51.30,30.33,13.66,985.15,-45.75,-901.25,-997.50,-157.50,1,53.262
1784291471.581972361,01/01/2000,00:18:24.18,-1014.65,-3.91,-51.27,-0.93,1.29,1.14,63.90,32.55,52.20,30.28,13.42,986.49,-47.58,-726.25,-420.0,-227.50,1,53.262
1784291471.604096889,01/01/2000,00:18:24.20,-1026.37,-14.16,28.81,1.75,-0.57,-1.77,65.40,32.25,52.20,30.33,13.05,986.98,-49.90,-140.0,-533.75,-306.25,1,53.262
1784291471.638358355,01/01/2000,00:18:24.23,-1017.58,-18.55,-7.81,-2.38,-1.28,1.93,63.0,32.85,51.15,30.09,13.05,987.22,-48.19,516.25,-1120.0,-131.25,1,53.262
1784291471.654903889,01/01/2000,00:18:24.25,-1012.21,-56.64,-4.88,0.66,3.78,1.21,63.75,32.85,51.15,30.33,14.03,987.47,-45.26,-1050.0,-665.0,-140.0,1,53.262
1784291471.700873375,01/01/2000,00:18:24.30,-1026.37,-17.09,53.22,0.79,-3.49,-0.38,64.35,32.25,52.95,30.47,12.69,981.12,-51.00,1102.50,-1006.25,-157.50,1,53.261
1784291471.721614122,01/01/2000,00:18:24.32,-1034.67,-19.53,71.78,2.89,-1.67,1.65,64.50,31.95,51.90,30.43,13.18,982.22,-51.73,1382.50,-350.0,-288.75,1,53.261
1784291471.739768505,01/01/2000,00:18:24.34,-1014.65,-40.04,50.29,-0.09,-1.50,-2.86,65.10,32.25,53.25,29.95,13.42,986.49,-49.53,183.75,-367.50,-297.50,1,53.261
1784291471.756461859,01/01/2000,00:18:24.35,-1017.09,-28.81,15.14,2.37,2.66,-0.31,64.05,33.15,51.60,29.99,13.05,988.57,-45.87,-52.50,-1382.50,-175.0,1,53.261
1784291471.796109676,01/01/2000,00:18:24.39,-1035.64,-22.46,13.67,2.56,1.74,1.46,64.95,33.60,51.60,30.43,13.54,991.62,-45.87,-1295.0,-787.50,-245.0,1,53.261
1784291471.812609434,01/01/2000,00:18:24.41,-961.43,-6.84,47.36,-1.22,0.15,0.56,64.65,32.25,51.0,30.62,13.79,988.20,-48.56,-253.75,-332.50,-385.0,1,53.262
1784291471.830340624,01/01/2000,00:18:24.43,-950.68,-20.02,18.07,-0.05,-1.41,-0.97,63.60,32.25,50.55,30.43,12.81,982.34,-51.36,682.50,-1321.25,-157.50,1,53.262
1784291471.851841211,01/01/2000,00:18:24.45,-1017.58,-43.95,37.11,1.81,-0.50,-1.75,65.85,31.80,51.75,30.47,12.57,979.42,-51.48,1233.75,-1233.75,-253.75,1,53.261
1784291471.885619879,01/01/2000,00:18:24.48,-1019.53,-21.00,-7.81,0.74,-0.20,-0.30,63.75,31.95,51.15,30.33,13.30,984.66,-45.87,-481.25,-280.0,-306.25,1,53.261
1784291471.903603792,01/01/2000,00:18:24.50,-1047.85,-20.51,47.85,-0.76,-0.31,0.21,63.90,32.55,51.75,30.43,12.93,987.96,-45.02,-525.0,-988.75,-157.50,1,53.262
1784291471.946112871,01/01/2000,00:18:24.54,-1010.74,-23.44,10.25,-1.26,1.23,-1.31,64.05,32.40,53.10,30.43,13.66,989.66,-48.80,52.50,-1076.25,-131.25,1,53.262
1784291471.977770567,01/01/2000,00:18:24.57,-980.96,-21.00,9.28,0.15,-0.37,-0.72,64.35,32.55,51.30,30.33,13.18,982.83,-49.41,376.25,-962.50,-227.50,1,53.262
1784291472.014736652,01/01/2000,00:18:24.61,-1040.53,-21.00,-10.25,2.24,-1.09,-0.63,63.30,32.85,52.35,30.52,12.93,981.98,-45.99,533.75,-350.0,-385.0,1,53.261
1784291472.032897949,01/01/2000,00:18:24.63,-1023.93,-27.83,14.65,-1.08,-1.56,1.56,63.90,33.75,51.75,30.52,13.30,984.30,-42.21,1085.0,-647.50,-253.75,1,53.262
1784291472.053461075,01/01/2000,00:18:24.65,-1032.23,-35.64,-6.35,-0.72,0.34,-0.86,63.0,32.40,51.60,30.28,13.05,989.18,-38.06,-437.50,-1400.0,-323.75,1,53.262
1784291472.089261055,01/01/2000,00:18:24.68,-1006.35,-27.83,-9.28,-0.20,0.78,-0.13,63.0,33.15,51.15,30.19,14.52,990.27,-37.58,-1216.25,148.75,-227.50,1,53.262
1784291472.105208874,01/01/2000,00:18:24.70,-1004.39,-11.72,0.0,-1.95,0.31,0.66,64.35,32.55,51.30,30.33,14.40,985.27,-40.99,105.0,586.25,-288.75,1,53.262
1784291472.129248142,01/01/2000,00:18:24.72,-1016.11,-35.64,26.86,0.23,-2.60,-1.34,63.75,33.15,51.60,30.43,12.44,980.64,-42.70,1575.0,-971.25,-236.25,1,53.262
1784291472.144245625,01/01/2000,00:18:24.74,-1020.02,-13.18,83.50,-0.82,-2.62,-0.84,63.15,32.55,52.50,29.99,11.47,979.78,-40.75,1977.50,-743.75,-358.75,1,53.262
1784291472.161263466,01/01/2000,00:18:24.76,-1032.23,-25.88,19.04,2.52,-1.44,-0.56,63.75,33.15,51.90,30.33,13.05,984.05,-35.38,962.50,157.50,-271.25,1,53.262
1784291472.190539360,01/01/2000,00:18:24.77,-1041.02,2.44,-14.16,-1.32,1.69,-0.53,64.95,32.40,51.60,30.43,13.66,991.01,-30.26,-1155.0,358.75,-358.75,1,53.262
1784291472.206995964,01/01/2000,00:18:24.80,-983.40,-52.73,53.22,-0.82,2.44,-3.58,60.60,31.20,53.40,30.43,14.27,993.20,-31.84,-1872.50,-210.0,-157.50,1,53.261
1784291472.226480246,01/01/2000,00:18:24.82,-1027.83,-9.77,14.65,-0.67,-1.40,-0.43,63.90,33.45,51.30,30.28,14.15,987.83,-38.06,17.50,-113.75,-218.75,1,53.261
1784291472.264480591,01/01/2000,00:18:24.86,-1013.18,-84.47,-20.51,-1.69,0.02,0.25,65.70,32.40,51.90,30.09,13.30,979.42,-43.68,1776.25,1531.25,-402.50,1,53.262
1784291472.287001610,01/01/2000,00:18:24.88,-1043.95,-21.48,26.37,-3.81,0.21,0.98,65.10,32.55,50.25,30.28,12.81,985.03,-40.50,87.50,1338.75,-446.25,1,53.262
1784291472.298707724,01/01/2000,00:18:24.89,-1019.04,-2.44,-11.23,0.05,-0.49,1.27,64.65,33.0,51.30,30.33,12.69,991.25,-38.55,-953.75,35.0,-358.75,1,53.262
1784291472.319819689,01/01/2000,00:18:24.91,-1007.81,-23.44,52.25,1.31,0.95,-0.74,64.65,32.25,52.95,30.47,13.18,992.35,-39.04,-1382.50,-551.25,-166.25,1,53.261
1784291472.353533030,01/01/2000,00:18:24.95,-998.54,-4.88,2.93,-0.36,0.31,1.45,64.05,31.20,52.35,30.33,12.81,982.59,-48.19,1111.25,-210.0,-122.50,1,53.262
1784291472.371471167,01/01/2000,00:18:24.97,-1005.37,-12.21,27.83,-2.61,-1.91,-0.03,63.0,33.60,51.60,30.28,12.20,981.86,-49.04,1496.25,61.25,-411.25,1,53.262
1784291472.392575979,01/01/2000,00:18:24.98,-1043.95,-21.97,11.23,-1.28,-0.62,-1.25,63.90,31.80,51.30,30.33,11.96,983.69,-47.58,892.50,183.75,-376.25,1,53.262
1784291472.409898758,01/01/2000,00:18:25.01,-1040.04,-28.81,-36.13,1.40,1.47,1.47,63.90,32.55,51.0,30.33,12.81,988.57,-43.92,-542.50,183.75,-420.0,1,53.262
1784291472.427647352,01/01/2000,00:18:25.02,-1024.41,-23.93,0.49,1.49,3.02,2.35,63.30,32.85,53.10,30.28,13.79,988.81,-43.19,-1085.0,-577.50,-131.25,1,53.262
1784291472.444979906,01/01/2000,00:18:25.04,-1000.0,-38.09,73.73,0.39,-2.83,-0.64,64.65,32.55,51.0,30.43,13.66,986.00,-45.63,-726.25,-936.25,-183.75,1,53.262
1784291472.469435215,01/01/2000,00:18:25.06,-1025.88,-35.64,82.52,-1.05,-0.43,-0.23,64.35,33.0,51.0,30.33,13.18,983.32,-49.29,612.50,-700.0,-236.25,1,53.261
1784291472.485578775,01/01/2000,00:18:25.08,-1008.79,-21.48,23.44,-1.62,-0.05,2.15,63.0,30.75,54.15,30.62,12.57,983.32,-50.63,1548.75,-148.75,-166.25,1,53.262
1784291472.501537323,01/01/2000,00:18:25.10,-1015.14,-29.30,56.64,3.76,-1.32,-0.79,65.10,33.45,50.55,29.99,12.20,985.27,-48.43,980.0,-87.50,-385.0,1,53.262
1784291472.517408133,01/01/2000,00:18:25.11,-986.82,-41.99,31.74,0.02,1.47,0.24,63.90,32.25,51.30,30.33,12.93,987.22,-44.90,-315.0,-175.0,-236.25,1,53.262
1784291472.538332224,01/01/2000,00:18:25.13,-1024.90,-40.53,-0.49,1.30,1.27,0.92,62.70,32.25,51.0,30.52,12.57,987.35,-43.80,-1277.50,-1802.50,-201.25,1,53.262
1784291472.572398186,01/01/2000,00:18:25.17,-1015.14,-36.13,29.30,-0.15,-2.35,-1.31,63.75,31.20,50.85,30.33,14.88,985.03,-49.17,542.50,638.75,-341.25,1,53.262
1784291472.594579697,01/01/2000,00:18:25.19,-991.21,-2.93,-14.65,-0.21,1.11,-0.31,64.05,32.40,52.65,30.33,14.15,984.17,-50.02,1207.50,1120.0,-315.0,1,53.262
1784291472.611092091,01/01/2000,00:18:25.21,-1016.60,-26.37,28.32,1.57,-0.50,1.29,63.0,29.55,54.60,30.28,13.18,984.54,-48.31,437.50,-131.25,-262.50,1,53.262
1784291472.628103495,01/01/2000,00:18:25.22,-1007.81,-41.50,44.43,-0.25,0.84,1.69,62.70,33.45,52.50,30.33,12.81,986.49,-45.87,-385.0,-385.0,-253.75,1,53.262
1784291472.644901514,01/01/2000,00:18:25.24,-1027.34,-40.04,13.18,1.21,1.86,-2.72,64.95,32.40,52.35,30.09,13.18,987.83,-45.38,-796.25,-262.50,-245.0,1,53.262
1784291472.662718058,01/01/2000,00:18:25.26,-988.28,-24.41,66.89,0.31,-0.73,0.60,63.15,31.05,52.20,30.52,13.18,986.98,-46.97,-315.0,-271.25,-306.25,1,53.263
1784291472.688639164,01/01/2000,00:18:25.28,-1011.23,-9.77,-10.25,2.72,-2.63,-0.82,64.35,31.05,52.20,30.33,12.44,984.78,-49.17,638.75,-1006.25,-376.25,1,53.263
1784291472.702944517,01/01/2000,00:18:25.30,-1017.58,-46.39,33.69,-1.40,-2.79,-0.46,64.50,32.40,51.60,30.19,12.08,983.93,-49.78,980.0,-1295.0,-201.25,1,53.263
1784291472.725883722,01/01/2000,00:18:25.32,-1004.39,-27.83,-10.74,0.72,-1.66,0.27,65.40,31.35,53.70,29.99,12.08,986.25,-47.34,271.25,-1181.25,-332.50,1,53.262
1784291472.752885580,01/01/2000,00:18:25.34,-1010.25,-31.25,30.76,-0.24,0.55,-1.72,63.90,31.80,51.30,30.52,13.66,987.59,-45.87,-577.50,-691.25,-148.75,1,53.262
1784291472.767888546,01/01/2000,00:18:25.36,-986.82,-24.41,51.27,-1.23,-0.80,-0.17,63.15,32.55,54.0,30.33,14.27,986.61,-46.48,-612.50,-332.50,-157.50,1,53.261
1784291472.787216902,01/01/2000,00:18:25.38,-1031.74,-40.04,25.88,-1.37,1.53,-0.73,64.35,33.45,52.50,30.33,14.40,985.39,-47.95,262.50,-113.75,-210.0,1,53.262
1784291472.800825119,01/01/2000,00:18:25.40,-1024.90,-10.25,-33.20,3.60,0.73,-3.03,64.05,32.85,51.60,30.19,12.57,984.66,-49.65,647.50,-1111.25,-96.25,1,53.262
1784291472.822016716,01/01/2000,00:18:25.42,-999.51,-8.30,-10.74,2.18,0.06,3.15,63.30,33.15,53.10,30.33,11.10,985.52,-49.04,796.25,-2047.50,-166.25,1,53.262
1784291472.855740070,01/01/2000,00:18:25.45,-1015.14,-21.48,53.22,-1.27,0.10,-1.14,63.15,31.80,52.20,30.43,14.03,987.10,-45.38,-691.25,-140.0,-113.75,1,53.262
1784291472.877559185,01/01/2000,00:18:25.47,-1004.39,-30.76,17.09,1.34,0.73,-0.56,63.0,33.15,51.90,30.67,13.42,986.61,-45.99,-481.25,-1373.75,-210.0,1,53.263
1784291472.895188570,01/01/2000,00:18:25.49,-1004.39,-26.37,5.37,-0.37,-3.11,0.07,63.15,32.55,53.25,29.90,13.18,985.76,-48.80,358.75,-1548.75,-52.50,1,53.262
1784291472.912701368,01/01/2000,00:18:25.51,-1016.11,-34.67,79.59,-3.47,-2.34,2.11,63.60,32.25,52.50,30.33,12.93,985.15,-49.65,1067.50,-673.75,-262.50,1,53.262
1784291472.951498747,01/01/2000,00:18:25.55,-1050.29,-43.46,65.43,-2.75,-0.44,-0.80,63.90,31.05,53.25,30.33,13.42,986.13,-46.60,-332.50,-96.25,-393.75,1,53.262
1784291472.968780279,01/01/2000,00:18:25.56,-1006.35,-16.60,-18.55,2.46,0.85,-1.09,63.90,32.55,52.20,30.43,13.42,987.10,-45.87,-743.75,-490.0,-227.50,1,53.262
1784291472.986191273,01/01/2000,00:18:25.58,-1039.06,-18.07,16.60,0.68,1.87,1.53,64.65,31.80,52.95,30.33,13.91,986.86,-47.21,-385.0,-1251.25,-61.25,1,53.262
1784291473.003746510,01/01/2000,00:18:25.60,-1000.0,-15.63,61.52,-0.78,-0.73,0.77,63.15,32.55,52.50,30.33,14.03,985.76,-48.92,358.75,-647.50,-113.75,1,53.263
1784291473.024662256,01/01/2000,00:18:25.62,-1015.14,-40.04,41.02,-1.68,-0.21,-2.13,64.95,31.95,53.10,30.52,13.30,984.66,-49.04,682.50,-385.0,-297.50,1,53.262
1784291473.059104204,01/01/2000,00:18:25.66,-996.09,-32.23,4.39,-0.59,-1.86,1.33,64.35,32.55,52.20,29.95,12.32,986.61,-46.97,-157.50,-402.50,-393.75,1,53.262
1784291473.082121372,01/01/2000,00:18:25.67,-999.51,-2.93,2.44,0.01,-0.39,-1.65,64.35,32.55,52.95,30.33,13.05,987.22,-46.60,-402.50,-875.0,-148.75,1,53.262
1784291473.097167492,01/01/2000,00:18:25.69,-977.54,-11.72,13.18,0.80,1.02,1.50,63.75,33.60,51.15,30.19,13.79,986.00,-47.58,17.50,-735.0,-271.25,1,53.262
1784291473.114148378,01/01/2000,00:18:25.71,-1046.39,-25.39,55.66,-0.93,0.21,1.06,64.35,32.55,51.75,30.33,13.91,985.27,-48.31,306.25,-472.50,-96.25,1,53.262
1784291473.131187916,01/01/2000,00:18:25.73,-1004.39,0.98,59.08,0.41,0.34,1.16,63.15,33.45,52.20,30.33,13.30,985.03,-48.68,507.50,-131.25,-78.75,1,53.263
1784291473.155280113,01/01/2000,00:18:25.75,-1036.62,-40.04,-55.18,-1.62,0.82,-1.35,64.95,31.65,54.15,30.62,11.71,985.88,-47.95,341.25,-682.50,-315.0,1,53.263
1784291473.173046112,01/01/2000,00:18:25.77,-1028.32,-35.16,7.81,-0.23,1.25,1.50,64.95,31.65,54.15,30.47,11.96,986.61,-47.34,-201.25,-857.50,-288.75,1,53.263
1784291473.187459469,01/01/2000,00:18:25.78,-1002.93,-15.14,28.81,0.18,0.15,-1.15,63.75,31.20,51.60,30.19,12.69,986.74,-46.97,-350.0,-761.25,-157.50,1,53.262
1784291473.205011368,01/01/2000,00:18:25.80,-1064.45,-18.07,33.69,-0.96,0.74,-1.19,64.35,33.45,51.75,30.33,13.30,986.13,-47.34,-175.0,-971.25,-218.75,1,53.262
1784291473.233476162,01/01/2000,00:18:25.83,-993.65,-27.83,57.13,-1.83,-0.83,-1.37,65.10,32.25,52.50,30.43,13.42,985.39,-48.56,367.50,-385.0,-140.0,1,53.262
1784291473.251476526,01/01/2000,00:18:25.85,-1007.32,-19.04,29.79,-1.41,1.20,0.53,63.75,31.65,51.60,30.19,12.44,985.64,-47.95,385.0,-455.0,-350.0,1,53.262
1784291473.268414736,01/01/2000,00:18:25.86,-1005.86,0.49,-48.83,1.75,-0.83,-0.74,63.15,33.45,53.25,30.28,11.96,986.13,-47.21,105.0,-665.0,-245.0,1,53.262
1784291473.285451174,01/01/2000,00:18:25.88,-1026.86,-54.20,25.39,-1.40,-0.01,0.48,62.25,33.15,50.85,30.33,12.57,984.30,-45.63,367.50,-472.50,-297.50,1,53.262
1784291473.312476158,01/01/2000,00:18:25.90,-1009.77,-80.57,26.86,-2.29,-0.04,2.96,63.90,32.25,52.20,30.28,13.66,985.39,-44.16,-17.50,-131.25,-236.25,1,53.262
1784291473.326471090,01/01/2000,00:18:25.92,-1020.51,-22.95,-16.60,-2.02,0.41,-1.72,63.0,31.20,52.65,30.33,14.40,985.03,-43.31,472.50,157.50,-148.75,1,53.262
1784291473.341123581,01/01/2000,00:18:25.94,-1018.07,-37.11,39.55,0.84,0.10,1.37,65.10,31.05,53.25,30.43,14.64,984.78,-41.24,1260.0,936.25,-192.50,1,53.262
1784291473.362457275,01/01/2000,00:18:25.96,-1029.79,-24.41,-33.20,-3.25,-1.27,-0.65,64.65,31.35,52.95,30.28,14.88,988.20,-38.80,-87.50,1636.25,-280.0,1,53.262
1784291473.379890203,01/01/2000,00:18:25.98,-1015.63,-29.30,-13.67,-1.33,2.94,-0.05,63.90,32.55,51.0,30.52,14.40,988.57,-37.09,-586.25,1995.0,-437.50,1,53.262
1784291473.397704601,01/01/2000,00:18:25.99,-1021.48,-36.13,44.92,-1.31,-1.10,-0.93,63.0,32.85,52.65,29.99,14.40,987.22,-37.21,-61.25,1846.25,-385.0,1,53.262
1784291473.419218063,01/01/2000,00:18:26.01,-1019.04,-24.41,-41.99,0.88,0.63,1.82,62.55,33.60,51.90,30.47,14.40,985.27,-37.58,647.50,1863.75,-236.25,1,53.262
1784291473.436671734,01/01/2000,00:18:26.03,-1007.32,-13.18,26.37,-0.18,-3.76,-1.41,64.65,33.0,52.20,30.33,14.88,983.69,-36.36,866.25,2432.50,-428.75,1,53.262
1784291473.454675913,01/01/2000,00:18:26.05,-1021.97,-8.79,27.83,-0.85,1.29,-0.76,63.60,32.25,52.20,30.47,14.76,984.54,-34.53,183.75,2616.25,-175.0,1,53.263
1784291473.471734524,01/01/2000,00:18:26.07,-1064.45,-40.04,-12.21,-2.92,-1.69,0.53,64.35,33.0,51.75,30.19,13.66,986.86,-33.43,-376.25,2257.50,-280.0,1,53.263
1784291473.487619877,01/01/2000,00:18:26.08,-1012.21,-9.77,-8.30,-0.85,-0.63,-2.11,64.50,32.85,51.15,30.33,11.96,989.54,-34.40,-402.50,1067.50,-420.0,1,53.262
1784291473.510258675,01/01/2000,00:18:26.11,-1015.63,-26.37,55.66,-1.26,-0.34,0.31,63.30,31.65,51.60,30.19,10.74,990.88,-37.58,-183.75,-498.75,-122.50,1,53.262
1784291473.530245543,01/01/2000,00:18:26.12,-981.93,-19.53,-41.50,2.05,1.95,2.01,64.65,32.55,50.25,30.43,10.13,989.05,-39.28,656.25,-1811.25,-236.25,1,53.262
1784291473.545913935,01/01/2000,00:18:26.14,-999.51,-28.81,56.15,4.37,-0.44,1.21,64.05,30.45,51.90,30.52,10.86,985.27,-40.50,560.0,-1758.75,-166.25,1,53.262
1784291473.565725327,01/01/2000,00:18:26.16,-973.63,-19.53,16.11,2.46,-0.60,-0.42,64.05,30.45,53.10,30.19,10.25,982.34,-41.97,341.25,-2686.25,61.25,1,53.262
1784291473.582713127,01/01/2000,00:18:26.18,-1041.50,-23.44,5.86,1.84,-0.44,2.61,64.65,31.80,51.75,30.52,10.37,982.59,-42.94,245.0,-2633.75,-192.50,1,53.263
1784291473.600130320,01/01/2000,00:18:26.20,-1025.39,-36.13,9.77,0.22,0.48,-1.24,63.0,33.15,51.90,30.33,11.47,984.05,-44.29,-201.25,-2117.50,-201.25,1,53.263
1784291473.622648478,01/01/2000,00:18:26.21,-1017.58,-34.67,29.79,-0.70,1.01,-1.13,63.0,32.40,52.35,30.47,12.57,985.03,-45.38,490.0,-2003.75,-8.75,1,53.263
1784291473.637672901,01/01/2000,00:18:26.23,-1025.88,-33.20,54.20,3.97,-1.47,0.78,62.70,33.0,52.50,29.95,13.18,987.83,-45.99,857.50,-1916.25,-210.0,1,53.262
1784291473.655809641,01/01/2000,00:18:26.25,-1017.58,-2.44,40.53,2.84,1.16,-0.34,64.65,33.0,52.20,30.43,13.66,990.03,-45.63,-315.0,-1986.25,-43.75,1,53.262
1784291473.673157454,01/01/2000,00:18:26.27,-970.21,-34.67,117.68,1.15,1.03,-2.14,65.10,33.75,52.20,30.33,13.66,987.96,-45.63,-813.75,-1767.50,-43.75,1,53.263
1784291473.690281153,01/01/2000,00:18:26.29,-1010.74,-10.74,61.04,0.30,0.76,0.76,61.95,31.80,52.50,30.33,13.66,984.17,-46.60,105.0,-1356.25,-175.0,1,53.263
1784291473.717526436,01/01/2000,00:18:26.31,-1013.67,-35.16,63.48,1.08,2.89,0.10,65.10,31.80,52.95,30.19,12.81,982.59,-49.04,481.25,-1846.25,-157.50,1,53.263
1784291473.731979132,01/01/2000,00:18:26.32,-1050.29,-65.43,-32.71,2.82,-1.50,-1.10,62.70,33.0,51.30,30.33,12.20,984.66,-50.75,306.25,-2178.75,-236.25,1,53.263
1784291473.752970695,01/01/2000,00:18:26.35,-1025.39,-26.86,45.90,4.84,-2.15,2.34,63.0,32.40,54.15,30.19,12.93,985.15,-49.78,1408.75,-2038.75,-61.25,1,53.263
1784291473.775968552,01/01/2000,00:18:26.37,-1017.58,-20.02,-16.60,3.94,0.30,-3.43,65.85,29.40,53.25,30.43,13.91,988.44,-45.14,420.0,-1452.50,-157.50,1,53.262
1784291473.794162273,01/01/2000,00:18:26.39,-1000.0,-12.21,18.55,2.61,1.27,-0.46,63.60,31.80,51.75,30.52,14.40,990.40,-42.09,-1365.0,-1295.0,-96.25,1,53.263
1784291473.811589718,01/01/2000,00:18:26.41,-1009.28,-23.44,25.39,2.54,3.11,-0.53,63.60,31.80,51.75,30.33,14.27,988.69,-43.68,-1960.0,-1163.75,-140.0,1,53.262
1784291473.828574419,01/01/2000,00:18:26.42,-1004.39,-24.90,-54.69,1.73,1.34,-3.45,64.95,31.65,50.85,30.19,13.42,984.54,-49.04,-183.75,-1251.25,-192.50,1,53.262
1784291473.866009474,01/01/2000,00:18:26.46,-1028.32,-17.58,11.23,4.0,0.56,-0.80,64.65,32.25,52.20,30.33,12.93,982.83,-53.19,1426.25,-1111.25,-350.0,1,53.262
1784291473.888994932,01/01/2000,00:18:26.48,-1016.60,-25.39,-35.16,1.45,-0.31,2.57,63.0,33.60,51.60,30.47,13.30,984.91,-49.78,26.25,-1225.0,-262.50,1,53.263
1784291473.903909445,01/01/2000,00:18:26.50,-1022.95,-17.58,36.62,-0.36,0.88,-1.50,63.0,33.60,51.60,30.28,13.54,986.49,-47.09,-218.75,-1408.75,-122.50,1,53.263
1784291473.922423363,01/01/2000,00:18:26.52,-1038.57,-30.27,21.97,-0.24,-0.35,0.44,63.75,30.75,53.10,30.33,13.66,988.69,-45.99,-306.25,-1478.75,-166.25,1,53.263
1784291473.940204859,01/01/2000,00:18:26.54,-1020.51,-16.60,18.55,0.45,0.80,-2.42,63.30,31.65,53.10,30.33,13.91,988.81,-46.85,-665.0,-1207.50,-87.50,1,53.263
1784291473.956784248,01/01/2000,00:18:26.55,-1007.81,-33.20,-16.11,0.27,-0.47,0.12,65.25,32.40,52.65,30.19,14.03,986.00,-48.19,-70.0,-857.50,-105.0,1,53.262
1784291473.983334064,01/01/2000,00:18:26.57,-1015.14,-52.25,-7.32,-0.23,0.73,-0.44,64.05,31.65,51.15,30.28,13.79,981.86,-50.75,735.0,-857.50,-35.0,1,53.262
1784291473.995375872,01/01/2000,00:18:26.59,-993.16,-16.11,-16.60,-0.61,-3.10,-0.62,62.70,32.25,51.30,30.33,13.18,982.22,-51.48,831.25,-988.75,-87.50,1,53.262
1784291474.013370991,01/01/2000,00:18:26.61,-1024.41,-37.60,-26.37,1.60,-1.40,-0.58,62.70,31.80,51.30,30.47,13.05,984.91,-50.75,568.75,-787.50,-341.25,1,53.263
1784291474.030138969,01/01/2000,00:18:26.63,-1039.06,-8.79,-5.86,0.31,0.64,-0.04,63.0,32.85,51.90,30.62,13.42,986.98,-49.53,385.0,-927.50,-288.75,1,53.263
1784291474.051571846,01/01/2000,00:18:26.65,-1014.16,-31.25,-40.53,2.16,0.06,0.18,63.30,31.65,51.60,30.33,13.91,989.66,-47.70,-26.25,-813.75,-236.25,1,53.263
1784291474.085426331,01/01/2000,00:18:26.68,-981.45,-7.32,22.95,0.63,0.73,1.40,63.75,31.65,50.85,30.43,13.42,988.69,-47.95,-402.50,-708.75,-227.50,1,53.263
1784291474.107026577,01/01/2000,00:18:26.70,-1017.58,-38.57,59.57,-0.40,-0.94,-0.07,62.70,32.25,51.0,30.52,13.05,985.76,-49.29,-131.25,-743.75,-253.75,1,53.263
1784291474.124325752,01/01/2000,00:18:26.72,-1013.67,-51.76,-47.36,2.75,-1.96,-1.07,64.65,31.05,51.75,30.43,12.93,980.15,-51.36,218.75,-708.75,-122.50,1,53.263
1784291474.142113447,01/01/2000,00:18:26.74,-1049.80,-38.57,-28.81,-1.91,-2.86,2.35,63.75,33.15,52.35,30.47,12.81,979.66,-52.46,901.25,-682.50,-236.25,1,53.263
1784291474.159261942,01/01/2000,00:18:26.76,-1022.46,-31.74,-1.46,2.42,-3.95,0.15,64.05,33.15,51.15,30.28,12.93,983.20,-51.97,875.0,-883.75,-358.75,1,53.263
1784291474.185991764,01/01/2000,00:18:26.77,-1024.41,-30.76,85.94,1.18,0.38,-1.32,63.30,32.40,51.90,30.43,13.18,986.98,-49.29,411.25,-813.75,-148.75,1,53.263
1784291474.197395086,01/01/2000,00:18:26.79,-1014.65,-21.97,48.34,1.82,-0.90,-1.27,63.30,32.85,51.15,29.95,13.30,989.54,-46.60,-245.0,-1023.75,-341.25,1,53.263
1784291474.215943575,01/01/2000,00:18:26.81,-1004.39,-25.39,-39.55,-0.15,0.84,-0.92,64.65,32.55,51.30,30.33,13.66,989.66,-45.63,-595.0,-840.0,-245.0,1,53.263
1784291474.232017040,01/01/2000,00:18:26.83,-1010.74,-19.53,36.13,0.11,1.25,-1.49,63.60,31.80,51.30,30.33,13.42,988.69,-46.60,-428.75,-691.25,-183.75,1,53.263
1784291474.258991241,01/01/2000,00:18:26.85,-1016.11,-26.86,58.59,1.10,-0.26,1.30,65.10,30.15,53.70,30.09,13.18,986.37,-50.51,78.75,-848.75,-358.75,1,53.262
1784291474.278981686,01/01/2000,00:18:26.88,-1032.71,-4.88,1.46,1.06,-0.32,1.34,62.70,33.0,50.55,30.47,13.18,984.17,-52.09,1111.25,-700.0,-262.50,1,53.262
1784291474.296646595,01/01/2000,00:18:26.89,-1010.74,-22.95,37.11,0.73,-2.24,0.85,63.75,32.85,51.60,30.28,13.30,982.83,-50.87,1190.0,-682.50,-367.50,1,53.262
1784291474.315164804,01/01/2000,00:18:26.91,-1023.44,-46.88,-16.11,-0.18,-2.24,0.16,63.30,32.85,50.85,30.33,13.66,984.54,-48.43,-306.25,-603.75,-140.0,1,53.263
1784291474.339175463,01/01/2000,00:18:26.93,-1032.23,-5.86,-38.09,0.29,1.54,1.59,64.65,31.35,51.0,30.47,13.30,985.76,-47.46,-393.75,-822.50,-227.50,1,53.262
1784291474.352402687,01/01/2000,00:18:26.95,-1043.46,-19.53,51.27,-0.80,0.34,0.56,63.90,33.45,52.20,30.28,13.30,986.74,-48.31,105.0,-892.50,-288.75,1,53.263
1784291474.370604992,01/01/2000,00:18:26.97,-988.28,-31.74,74.22,1.30,0.10,-0.42,62.70,32.25,51.0,30.19,13.42,987.10,-49.29,201.25,-927.50,-192.50,1,53.263
1784291474.386606216,01/01/2000,00:18:26.98,-1016.60,-27.34,12.21,-1.44,0.56,1.21,63.90,31.35,51.75,30.28,13.66,986.74,-49.53,288.75,-787.50,-183.75,1,53.263
1784291474.407574415,01/01/2000,00:18:27.00,-972.17,-15.63,41.50,-0.84,3.21,-1.27,64.65,32.25,52.50,30.33,13.54,985.88,-49.04,52.50,-621.25,-166.25,1,53.262
1784291474.430141211,01/01/2000,00:18:27.02,-1007.81,-26.86,-38.57,-0.84,-0.77,0.92,63.60,31.80,52.20,30.28,13.42,985.39,-48.80,35.0,-656.25,-157.50,1,53.262
1784291474.447802782,01/01/2000,00:18:27.04,-1027.34,-19.04,-2.44,3.05,1.11,0.46,63.60,33.0,52.50,30.52,13.42,985.27,-49.04,140.0,-542.50,-218.75,1,53.263
1784291474.463446856,01/01/2000,00:18:27.06,-1014.65,-12.70,40.04,1.86,1.15,-0.52,63.75,32.40,50.10,30.33,13.18,986.86,-50.14,-96.25,-796.25,-253.75,1,53.263
1784291474.480309010,01/01/2000,00:18:27.08,-1019.53,-28.81,34.18,-0.28,-0.95,-1.27,62.55,32.40,53.10,30.47,13.42,986.37,-50.87,490.0,-743.75,-323.75,1,53.263
1784291474.497846842,01/01/2000,00:18:27.09,-1016.60,-53.22,-5.86,-1.95,-2.47,-0.21,63.60,33.45,52.20,30.09,13.54,984.78,-50.02,927.50,-735.0,-393.75,1,53.263
1784291474.515734911,01/01/2000,00:18:27.11,-1015.63,-28.32,35.16,-0.98,-1.34,-0.85,63.0,31.95,50.85,30.33,13.79,985.03,-48.19,148.75,-673.75,-288.75,1,53.263
1784291474.538886786,01/01/2000,00:18:27.13,-999.51,-29.30,-20.51,2.56,-1.80,-0.37,63.60,32.55,51.30,29.99,13.66,986.25,-46.24,-892.50,-568.75,-122.50,1,53.263
1784291474.556645155,01/01/2000,00:18:27.15,-1014.16,-22.46,99.12,-2.05,0.32,-0.49,62.70,33.45,52.20,30.47,13.30,985.52,-47.70,-525.0,-700.0,-350.0,1,53.262
1784291474.575660229,01/01/2000,00:18:27.17,-1010.25,-26.37,26.37,-1.98,-1.05,-0.47,63.75,31.95,51.60,30.19,13.54,985.03,-50.26,236.25,-656.25,-227.50,1,53.263
1784291474.588380575,01/01/2000,00:18:27.18,-1019.53,-25.88,50.29,-1.58,0.92,-1.28,61.65,30.15,51.30,30.28,13.54,984.78,-52.09,586.25,-665.0,-157.50,1,53.263
1784291474.610519409,01/01/2000,00:18:27.21,-1049.80,-73.73,50.29,-3.15,-0.16,-0.97,64.05,32.40,51.60,30.43,13.54,984.05,-52.09,498.75,-822.50,-288.75,1,53.263
1784291474.627522707,01/01/2000,00:18:27.22,-978.03,-21.48,16.11,0.46,-0.41,-0.66,62.55,32.85,52.65,30.33,13.79,983.32,-50.87,61.25,-542.50,-192.50,1,53.263
1784291474.650602102,01/01/2000,00:18:27.24,-998.54,-31.25,68.85,2.29,-0.61,-0.95,63.30,31.20,50.85,30.43,13.30,983.56,-49.90,43.75,-822.50,-157.50,1,53.263
1784291474.667282343,01/01/2000,00:18:27.26,-1031.25,-14.65,-23.44,-1.56,-0.35,0.64,65.10,32.25,52.20,30.28,13.42,986.74,-49.65,437.50,-761.25,-315.0,1,53.263
1784291474.682261944,01/01/2000,00:18:27.28,-1033.69,-31.74,68.36,-1.41,0.30,1.28,63.30,34.05,52.35,30.33,13.79,989.79,-49.53,-70.0,-507.50,-122.50,1,53.263
1784291474.700590134,01/01/2000,00:18:27.30,-996.09,-31.25,15.14,-0.82,0.31,0.73,63.0,34.05,51.60,30.43,13.66,990.40,-49.17,-253.75,-455.0,-393.75,1,53.263
1784291474.717102766,01/01/2000,00:18:27.31,-1023.44,-44.43,-30.76,-0.55,-0.03,2.52,63.15,31.35,50.55,30.47,14.03,986.25,-48.80,113.75,-743.75,-70.0,1,53.263
1784291474.739170551,01/01/2000,00:18:27.33,-1031.25,-6.84,13.18,0.69,-1.98,-0.56,63.90,32.25,52.20,30.33,13.91,981.86,-48.43,-61.25,-332.50,-341.25,1,53.263
1784291474.761163473,01/01/2000,00:18:27.35,-993.65,-18.55,7.81,2.06,-2.04,2.34,63.30,32.85,51.15,29.90,13.18,981.86,-49.41,-271.25,-770.0,-157.50,1,53.263
1784291474.792009354,01/01/2000,00:18:27.38,-1017.09,-20.51,42.48,2.12,0.13,-1.14,63.75,31.20,53.10,30.28,12.93,985.27,-52.46,726.25,-533.75,-463.75,1,53.262
1784291474.804834366,01/01/2000,00:18:27.40,-1016.60,-26.86,18.55,-1.81,0.57,-1.75,62.55,32.85,51.60,30.43,13.42,986.49,-52.09,787.50,-875.0,-105.0,1,53.262
1784291474.826684713,01/01/2000,00:18:27.42,-998.05,-34.18,34.18,-0.46,0.81,1.15,64.35,33.0,52.95,30.43,14.40,986.25,-47.82,183.75,-358.75,-192.50,1,53.262
1784291474.844383478,01/01/2000,00:18:27.44,-1018.07,-41.50,-17.09,2.39,2.87,-1.22,63.0,32.85,51.60,30.47,13.79,986.61,-45.63,-568.75,-630.0,-262.50,1,53.262
1784291474.861302614,01/01/2000,00:18:27.46,-1042.48,-5.86,-6.35,2.13,-0.23,-0.84,63.75,31.20,50.40,30.19,13.30,986.98,-47.34,-875.0,-743.75,-157.50,1,53.263
1784291474.884320498,01/01/2000,00:18:27.48,-1035.64,-42.48,6.35,2.20,0.23,2.24,63.30,31.65,51.60,30.33,12.69,986.61,-51.48,183.75,-796.25,-253.75,1,53.262
1784291474.901731253,01/01/2000,00:18:27.50,-990.23,6.35,68.85,-3.44,0.24,-0.37,60.60,31.20,54.15,30.33,12.93,985.27,-54.41,1181.25,-647.50,-367.50,1,53.262
1784291474.917003155,01/01/2000,00:18:27.51,-985.35,-40.04,160.64,-2.11,-0.48,-0.33,63.60,32.25,51.0,30.28,13.91,985.27,-53.80,1067.50,-560.0,-332.50,1,53.262
1784291474.934554577,01/01/2000,00:18:27.53,-1031.25,-11.23,-57.13,0.02,-0.32,-2.12,63.60,32.55,51.0,30.33,13.91,986.25,-49.78,52.50,-490.0,-218.75,1,53.263
1784291474.961637259,01/01/2000,00:18:27.55,-1019.04,-21.97,-26.37,0.25,1.08,0.18,64.50,31.20,51.60,30.33,13.66,986.13,-46.97,-691.25,-743.75,-245.0,1,53.262
1784291474.977699518,01/01/2000,00:18:27.57,-1021.48,-18.07,21.00,1.33,0.81,1.40,64.50,31.20,51.60,30.33,13.18,984.17,-47.58,-455.0,-621.25,-323.75,1,53.263
1784291474.991628408,01/01/2000,00:18:27.59,-1024.41,-17.58,10.25,2.13,-0.98,-2.34,63.60,31.35,51.30,30.33,12.57,983.81,-50.02,367.50,-612.50,-70.0,1,53.263
1784291475.008666992,01/01/2000,00:18:27.60,-1028.81,-36.13,120.61,-2.37,2.10,1.33,63.30,32.85,50.10,30.19,12.57,985.76,-51.36,805.0,-568.75,-341.25,1,53.263
1784291475.029163599,01/01/2000,00:18:27.62,-1024.41,-38.57,-25.88,2.85,0.05,-0.60,61.80,31.95,51.60,30.43,13.05,988.57,-49.53,376.25,-831.25,-87.50,1,53.262
1784291475.045790195,01/01/2000,00:18:27.64,-975.59,-33.20,4.39,-1.88,1.05,0.19,62.70,33.0,52.50,30.09,13.91,988.20,-47.82,-595.0,-472.50,-166.25,1,53.262
1784291475.062699080,01/01/2000,00:18:27.66,-975.59,-21.97,25.88,2.28,-0.21,-2.35,62.70,33.0,52.50,30.62,13.91,985.64,-47.46,-621.25,-665.0,-140.0,1,53.263
1784291475.105743170,01/01/2000,00:18:27.70,-1043.46,-37.11,61.04,0.18,-3.03,1.75,62.25,30.75,51.90,30.52,12.32,984.78,-52.09,656.25,-603.75,-437.50,1,53.263
1784291475.118566275,01/01/2000,00:18:27.71,-999.51,-44.43,100.59,-3.89,-2.34,0.51,65.10,32.25,49.80,30.43,12.57,985.52,-52.34,411.25,-630.0,-463.75,1,53.263
1784291475.145856619,01/01/2000,00:18:27.73,-1030.27,-31.25,-23.93,1.36,-1.24,-1.03,62.25,32.40,51.90,30.19,13.30,985.64,-51.00,61.25,-770.0,-280.0,1,53.263
1784291475.158370972,01/01/2000,00:18:27.75,-1023.44,-31.25,64.94,0.67,1.55,-0.67,64.95,30.75,51.60,30.43,14.64,984.78,-50.02,43.75,-560.0,-122.50,1,53.263
1784291475.177471161,01/01/2000,00:18:27.77,-1021.00,-37.60,18.07,2.81,-0.94,-1.67,64.95,30.75,51.60,30.43,13.79,985.88,-50.14,262.50,-595.0,-166.25,1,53.263
1784291475.190450191,01/01/2000,00:18:27.79,-992.19,-20.51,80.08,-1.95,-3.17,0.51,63.60,31.35,51.0,30.47,13.05,986.74,-49.90,358.75,-796.25,-105.0,1,53.263
1784291475.209060907,01/01/2000,00:18:27.80,-1007.32,-40.53,-15.14,-0.87,-0.89,0.74,63.60,33.75,50.25,30.19,12.69,986.49,-49.04,17.50,-682.50,-297.50,1,53.263
1784291475.229611635,01/01/2000,00:18:27.83,-1019.04,-7.32,88.38,-0.68,-1.76,-2.38,62.55,30.75,50.85,30.47,13.18,984.66,-48.80,-577.50,-717.50,-78.75,1,53.263
1784291475.246654749,01/01/2000,00:18:27.84,-1027.34,-21.97,30.27,0.23,-0.68,1.75,63.90,33.0,51.30,30.52,13.91,983.08,-50.75,61.25,-630.0,-218.75,1,53.263
1784291475.264541864,01/01/2000,00:18:27.86,-1011.72,-21.00,11.23,1.25,-0.20,1.14,62.55,31.65,52.35,30.47,13.91,983.93,-52.22,901.25,-498.75,-341.25,1,53.264
1784291475.288692474,01/01/2000,00:18:27.88,-1000.98,-29.30,132.32,0.85,-1.89,0.15,63.0,30.75,51.90,30.33,13.42,986.86,-50.75,253.75,-682.50,-280.0,1,53.263
1784291475.316342831,01/01/2000,00:18:27.91,-1012.21,-44.43,83.98,-1.09,0.87,0.58,62.40,32.25,52.20,30.33,13.18,985.64,-49.04,-350.0,-665.0,-131.25,1,53.263
1784291475.329020023,01/01/2000,00:18:27.92,-1016.11,-7.81,-37.11,0.47,1.37,0.09,61.35,32.40,51.90,30.28,13.05,984.91,-48.92,323.75,-656.25,-201.25,1,53.262
1784291475.347105026,01/01/2000,00:18:27.94,-1016.11,-5.37,-5.37,-0.42,-0.69,0.65,63.15,32.25,50.55,30.19,13.42,986.25,-49.78,376.25,-726.25,-210.0,1,53.262
1784291475.367414951,01/01/2000,00:18:27.96,-1029.79,-26.37,27.34,-0.61,-0.62,-2.22,62.40,31.05,52.20,30.33,13.42,987.71,-49.65,577.50,-560.0,-280.0,1,53.262
1784291475.401816368,01/01/2000,00:18:28.00,-989.26,-24.90,104.49,-0.66,1.11,-0.93,62.55,30.45,50.40,30.09,13.66,986.74,-48.80,-883.75,-665.0,-131.25,1,53.263
1784291475.425849438,01/01/2000,00:18:28.01,-1000.49,-36.62,69.34,1.31,-1.0,1.61,62.70,31.35,52.20,30.28,13.18,983.56,-52.09,-122.50,-630.0,-210.0,1,53.263
1784291475.442294121,01/01/2000,00:18:28.04,-1012.70,-42.97,94.73,-0.39,-0.82,1.97,63.15,32.55,50.55,30.33,12.93,983.44,-55.14,1207.50,-551.25,-201.25,1,53.263
1784291475.457070351,01/01/2000,00:18:28.05,-1033.69,-24.90,19.53,0.29,0.11,-0.48,63.30,31.20,51.60,30.43,12.81,985.76,-53.92,945.0,-673.75,-218.75,1,53.263
1784291475.474204063,01/01/2000,00:18:28.07,-1011.23,-63.96,31.25,1.34,-0.57,-0.06,63.60,32.25,52.95,30.43,13.42,986.74,-49.29,-96.25,-551.25,-35.0,1,53.262
1784291475.491352320,01/01/2000,00:18:28.09,-1011.23,-13.18,27.83,2.34,2.16,-0.64,63.60,32.25,52.95,30.33,13.66,985.76,-46.85,-455.0,-901.25,-175.0,1,53.263
1784291475.530610561,01/01/2000,00:18:28.13,-1029.30,13.67,32.23,-2.87,0.21,-0.44,62.25,31.95,51.15,30.28,13.30,986.37,-49.65,280.0,-612.50,-323.75,1,53.263
1784291475.547802925,01/01/2000,00:18:28.14,-1008.79,-28.81,-22.95,-2.25,-0.55,-2.61,63.60,32.55,51.0,30.43,12.69,986.86,-50.02,463.75,-682.50,-341.25,1,53.263
1784291475.587020397,01/01/2000,00:18:28.18,-1024.90,-25.39,-31.25,0.13,1.27,-0.82,61.35,33.15,50.85,30.33,13.79,985.03,-50.02,-367.50,-630.0,-218.75,1,53.263
1784291475.620524883,01/01/2000,00:18:28.22,-1040.04,-16.11,-49.32,-0.08,1.09,1.44,60.90,33.45,51.30,29.95,13.30,983.93,-52.83,1163.75,-420.0,-367.50,1,53.263
1784291475.642589808,01/01/2000,00:18:28.24,-1001.95,-20.51,72.27,0.94,0.58,-0.63,63.30,33.15,51.90,30.19,12.81,986.74,-50.39,140.0,-647.50,-183.75,1,53.263
1784291475.659604788,01/01/2000,00:18:28.26,-1033.20,-22.95,55.18,2.85,-0.49,0.85,62.70,31.80,50.55,30.47,12.81,987.10,-48.56,-595.0,-717.50,-280.0,1,53.263
1784291475.676990986,01/01/2000,00:18:28.27,-998.05,-22.95,53.71,-0.80,0.66,-0.63,63.90,32.25,51.0,29.95,13.42,985.52,-49.41,43.75,-892.50,-61.25,1,53.263
1784291475.694278717,01/01/2000,00:18:28.29,-1032.23,-36.62,86.91,1.92,-1.58,0.12,61.80,31.95,51.15,30.33,13.66,985.27,-50.39,341.25,-656.25,-201.25,1,53.264
1784291475.719182253,01/01/2000,00:18:28.31,-1010.74,-25.88,43.95,-2.15,1.21,-0.79,61.80,28.80,53.10,30.33,13.18,987.35,-51.00,-8.75,-665.0,-253.75,1,53.263
1784291475.736310005,01/01/2000,00:18:28.33,-1029.30,-4.39,-3.91,1.27,-2.70,0.19,61.65,30.60,51.30,30.33,12.69,987.10,-51.00,183.75,-577.50,-306.25,1,53.264
1784291475.752455950,01/01/2000,00:18:28.35,-1031.74,-47.85,-15.63,0.63,-0.11,-0.34,63.0,31.65,51.90,29.95,12.57,985.52,-50.14,385.0,-656.25,-393.75,1,53.263
1784291475.770486116,01/01/2000,00:18:28.37,-1018.07,-54.20,43.95,0.57,1.67,2.53,62.25,32.40,50.10,30.28,13.18,984.91,-48.68,-78.75,-481.25,-315.0,1,53.263
1784291475.798566580,01/01/2000,00:18:28.38,-1026.37,-8.30,58.59,1.73,0.15,-0.59,63.15,31.80,51.30,30.19,13.42,985.03,-48.80,-490.0,-525.0,-376.25,1,53.263
1784291475.816362143,01/01/2000,00:18:28.41,-1020.02,-50.78,109.86,0.38,-0.76,-0.12,63.60,32.25,52.20,30.43,13.42,985.27,-51.73,656.25,-752.50,-201.25,1,53.263
1784291475.832732916,01/01/2000,00:18:28.43,-1015.63,6.35,41.50,0.76,0.56,0.71,63.0,30.45,51.15,30.33,13.18,985.88,-52.70,280.0,-603.75,-455.0,1,53.263
1784291475.854006529,01/01/2000,00:18:28.45,-1024.41,-48.83,-13.67,0.43,0.91,0.71,62.70,32.25,51.75,30.47,13.42,984.91,-50.75,280.0,-586.25,-297.50,1,53.262
1784291475.888783455,01/01/2000,00:18:28.48,-1047.85,-20.51,47.85,2.77,0.74,1.76,63.0,31.65,51.15,29.95,13.66,986.61,-47.70,-227.50,-682.50,-323.75,1,53.263
1784291475.905768871,01/01/2000,00:18:28.50,-1008.79,-5.37,69.34,1.96,0.22,1.40,60.60,34.05,50.10,30.62,13.66,987.10,-48.80,-542.50,-717.50,-192.50,1,53.263
1784291475.927153587,01/01/2000,00:18:28.52,-1006.84,-22.46,-9.28,2.73,-0.28,-1.19,62.40,33.0,52.20,30.28,13.18,985.52,-51.97,560.0,-595.0,-271.25,1,53.263
1784291475.944240808,01/01/2000,00:18:28.54,-999.51,-11.23,45.41,-0.85,0.99,2.08,60.0,30.60,51.75,30.19,12.93,985.03,-52.09,568.75,-735.0,-262.50,1,53.262
1784291475.978376865,01/01/2000,00:18:28.57,-1002.93,-14.16,-34.18,0.21,-0.19,-0.10,62.55,32.85,51.15,30.52,13.18,985.03,-50.75,-288.75,-586.25,-358.75,1,53.263
1784291476.003398418,01/01/2000,00:18:28.60,-1046.39,-27.34,57.13,-1.32,-0.69,-2.25,61.80,31.95,50.85,30.09,13.42,984.91,-52.09,428.75,-822.50,-105.0,1,53.263
1784291476.016394615,01/01/2000,00:18:28.61,-995.12,13.67,-0.49,-0.13,1.95,2.08,62.55,32.40,50.10,30.43,13.18,986.13,-52.70,323.75,-726.25,-315.0,1,53.263
1784291476.033982277,01/01/2000,00:18:28.63,-1024.41,-10.74,-13.18,-1.35,-1.98,-0.78,62.40,32.25,50.55,30.43,13.18,986.25,-52.22,472.50,-673.75,-262.50,1,53.263
1784291476.055260181,01/01/2000,00:18:28.65,-1028.81,-12.21,-45.90,3.27,1.22,3.32,63.30,31.20,52.35,29.99,13.05,985.76,-49.65,481.25,-586.25,-376.25,1,53.263
1784291476.089729309,01/01/2000,00:18:28.69,-999.51,-29.30,71.29,-0.51,0.42,0.84,62.25,31.20,51.90,30.19,13.30,985.27,-47.95,-542.50,-638.75,-227.50,1,53.263
1784291476.106983185,01/01/2000,00:18:28.70,-1007.32,-4.39,1.95,0.02,-0.18,0.40,61.80,31.20,50.10,30.28,13.42,984.54,-50.75,332.50,-708.75,-131.25,1,53.263
1784291476.145308256,01/01/2000,00:18:28.74,-1007.32,-14.16,0.49,0.42,-2.66,1.58,61.80,33.15,51.15,30.47,13.18,986.00,-51.97,131.25,-726.25,-87.50,1,53.263
1784291476.162429810,01/01/2000,00:18:28.76,-1015.63,-34.18,99.61,-0.27,-0.98,-0.39,62.55,31.20,50.10,30.28,13.18,984.91,-51.12,323.75,-595.0,-157.50,1,53.264
1784291476.183349133,01/01/2000,00:18:28.78,-979.98,-3.42,41.02,0.56,2.29,0.0,62.55,32.40,50.85,30.33,13.18,984.91,-49.41,-8.75,-691.25,-201.25,1,53.264
1784291476.204951286,01/01/2000,00:18:28.80,-1010.74,-31.25,99.12,0.27,-0.78,2.98,61.20,33.0,50.55,30.19,13.42,985.76,-49.29,-542.50,-708.75,-297.50,1,53.263
1784291476.218309164,01/01/2000,00:18:28.81,-995.61,-33.20,-0.98,0.05,-1.03,-0.55,61.20,33.45,51.0,29.95,13.18,985.52,-51.48,323.75,-533.75,-210.0,1,53.263
1784291476.234462023,01/01/2000,00:18:28.83,-1036.62,-18.55,-0.49,1.0,0.36,1.08,62.70,31.35,50.55,30.47,13.05,986.00,-51.97,857.50,-638.75,-332.50,1,53.263
1784291476.252438307,01/01/2000,00:18:28.85,-1018.55,-29.30,69.34,-0.13,-2.82,-0.10,61.80,31.65,50.85,30.47,13.18,986.74,-50.75,-148.75,-665.0,-262.50,1,53.264
1784291476.290032148,01/01/2000,00:18:28.89,-1022.95,-29.79,14.16,-0.15,-0.79,1.25,63.0,32.40,51.15,30.43,12.93,984.91,-50.26,-8.75,-770.0,-183.75,1,53.264
1784291476.311477423,01/01/2000,00:18:28.90,-989.75,-24.41,-0.49,-0.40,0.29,1.82,61.35,32.85,51.60,30.47,13.05,985.03,-51.73,332.50,-638.75,-122.50,1,53.264
1784291476.334786654,01/01/2000,00:18:28.93,-1046.39,-7.32,-29.30,1.74,-1.72,1.78,61.80,31.95,51.60,30.09,13.05,986.13,-52.22,332.50,-568.75,-350.0,1,53.263
1784291476.356787920,01/01/2000,00:18:28.95,-1017.58,-46.88,-62.50,-0.95,-0.20,-0.70,61.80,30.45,50.40,30.19,13.18,986.13,-51.12,306.25,-638.75,-236.25,1,53.263
1784291476.375246286,01/01/2000,00:18:28.97,-1000.0,-22.46,-29.79,-0.29,0.53,-0.79,60.90,32.25,50.55,30.33,13.18,986.37,-49.53,-288.75,-665.0,-332.50,1,53.263
1784291476.390168190,01/01/2000,00:18:28.99,-974.12,-19.04,16.60,0.72,0.16,-0.30,61.80,31.95,50.85,30.33,13.30,985.15,-50.02,-411.25,-665.0,-113.75,1,53.263
1784291476.428582191,01/01/2000,00:18:29.02,-973.14,-19.04,35.16,1.79,0.89,-0.76,61.95,31.05,51.30,30.14,12.93,985.52,-51.85,673.75,-621.25,-192.50,1,53.263
1784291476.462793112,01/01/2000,00:18:29.06,-1014.65,-47.85,-9.28,0.84,1.29,0.23,61.05,32.40,51.15,30.43,13.18,987.35,-47.70,-490.0,-875.0,-253.75,1,53.264
1784291476.484819889,01/01/2000,00:18:29.08,-1027.83,-2.93,61.04,-0.58,-2.59,-2.43,61.05,31.20,51.15,30.47,13.42,985.52,-49.53,-350.0,-673.75,-192.50,1,53.264
1784291476.500793457,01/01/2000,00:18:29.10,-1013.18,-8.79,-46.88,0.16,1.12,-1.12,61.35,32.85,51.60,30.67,13.30,984.30,-51.85,411.25,-402.50,-201.25,1,53.263
1784291476.519130945,01/01/2000,00:18:29.11,-1010.74,-37.11,35.64,0.45,-0.50,-1.15,61.05,33.15,49.65,30.28,12.57,985.03,-53.31,743.75,-647.50,-201.25,1,53.263
1784291476.545130491,01/01/2000,00:18:29.14,-1009.77,-22.46,-15.14,1.94,0.24,-0.58,61.80,31.95,51.15,30.33,12.69,986.49,-50.87,367.50,-533.75,-192.50,1,53.263
1784291476.559014082,01/01/2000,00:18:29.15,-1000.98,-37.60,96.68,0.47,-0.37,2.60,62.25,32.85,50.10,30.19,13.05,986.74,-48.31,-551.25,-822.50,-288.75,1,53.263
1784291476.576410770,01/01/2000,00:18:29.17,-1021.48,-55.66,-30.27,0.69,0.15,-0.24,60.90,31.35,50.25,30.19,13.66,985.15,-49.78,-997.50,-831.25,-61.25,1,53.263
1784291476.592044830,01/01/2000,00:18:29.19,-1037.60,-22.46,31.25,1.37,-1.10,2.38,60.0,32.55,50.25,30.43,13.54,983.93,-53.19,691.25,-498.75,-70.0,1,53.264
1784291476.613046169,01/01/2000,00:18:29.21,-996.58,-22.95,34.67,-2.62,-2.37,0.12,61.80,33.15,51.60,30.43,13.18,985.52,-55.75,1268.75,78.75,-332.50,1,53.264
1784291476.630261183,01/01/2000,00:18:29.23,-1019.53,-29.30,20.51,-1.44,-0.14,-2.17,61.05,32.40,50.40,30.19,12.81,987.96,-53.19,-455.0,-402.50,-306.25,1,53.264
1784291476.651193619,01/01/2000,00:18:29.24,-1024.41,-22.46,-41.99,1.73,0.98,1.99,61.35,33.15,51.15,30.33,12.44,986.61,-52.70,-1085.0,-1163.75,-280.0,1,53.264
1784291476.672079086,01/01/2000,00:18:29.26,-1028.32,-54.69,63.96,-2.09,-1.32,1.37,60.45,33.0,48.75,30.33,13.30,984.30,-55.51,-43.75,-630.0,-87.50,1,53.263
1784291476.687062025,01/01/2000,00:18:29.28,-1042.48,-18.07,58.59,-2.35,-0.94,-1.71,58.50,31.05,53.25,30.52,13.42,983.81,-61.12,472.50,-113.75,-201.25,1,53.263
1784291476.705368996,01/01/2000,00:18:29.30,-991.70,-16.60,32.71,0.17,-1.44,1.24,61.20,32.25,52.20,30.28,12.93,985.03,-62.59,752.50,-306.25,-183.75,1,53.264
1784291476.720148802,01/01/2000,00:18:29.32,-1036.62,-18.07,19.04,-0.94,-1.06,1.30,60.90,32.25,50.55,30.43,12.69,985.52,-60.51,385.0,-656.25,-236.25,1,53.264
1784291476.759605885,01/01/2000,00:18:29.36,-1043.46,-29.79,105.96,1.34,-0.64,-0.06,62.40,32.55,49.80,30.33,13.54,985.64,-58.07,-840.0,-420.0,-262.50,1,53.264
1784291476.781734943,01/01/2000,00:18:29.37,-993.16,-2.93,0.98,1.85,1.15,1.61,61.65,30.60,52.20,29.95,13.05,985.88,-62.71,-498.75,-603.75,-253.75,1,53.264
1784291476.797993898,01/01/2000,00:18:29.39,-1010.25,-30.76,22.46,1.88,-0.66,0.28,60.90,33.45,51.30,30.43,12.57,984.05,-68.08,700.0,-673.75,-201.25,1,53.264
1784291476.816350222,01/01/2000,00:18:29.41,-992.19,-41.99,50.78,-0.16,-1.40,1.02,62.40,32.55,51.0,30.33,12.81,982.83,-67.95,1391.25,-638.75,-350.0,1,53.263
1784291476.832200289,01/01/2000,00:18:29.43,-987.30,18.07,-32.71,-0.25,0.53,2.36,59.25,30.60,52.95,30.33,13.18,983.69,-63.20,656.25,-498.75,-210.0,1,53.264
1784291476.859487534,01/01/2000,00:18:29.45,-1022.46,-16.60,-146.97,-0.59,0.82,0.0,62.40,31.35,49.80,30.43,13.42,986.74,-53.56,-1137.50,-638.75,-253.75,1,53.263
1784291476.877359390,01/01/2000,00:18:29.47,-967.29,-30.76,21.00,-0.02,-0.53,-1.28,62.70,31.05,52.50,30.47,13.30,986.98,-54.53,-875.0,-761.25,-201.25,1,53.263
1784291476.905119658,01/01/2000,00:18:29.49,-1020.51,-3.42,-14.65,-0.44,-1.79,3.21,60.90,31.35,51.30,30.52,12.81,983.93,-60.76,673.75,-831.25,-227.50,1,53.263
1784291476.919429064,01/01/2000,00:18:29.51,-1012.70,-26.37,-29.30,-0.76,-0.47,1.29,60.30,33.15,51.90,30.33,12.57,982.83,-61.24,1890.0,-656.25,-297.50,1,53.263
1784291476.935646534,01/01/2000,00:18:29.53,-1008.79,-25.39,9.28,-2.04,-1.97,0.05,61.35,32.85,50.85,30.33,12.69,985.76,-55.14,428.75,-542.50,-280.0,1,53.264
1784291476.954980135,01/01/2000,00:18:29.55,-1022.95,-7.81,51.76,1.66,0.60,0.14,60.60,30.75,51.15,30.14,13.18,987.59,-49.41,-1522.50,-848.75,-201.25,1,53.263
1784291476.972286224,01/01/2000,00:18:29.57,-1010.74,-40.53,2.93,0.03,1.65,1.27,61.95,32.25,51.0,30.33,13.79,984.78,-50.26,-560.0,-813.75,-122.50,1,53.263
1784291476.989180803,01/01/2000,00:18:29.59,-1041.50,-30.27,124.02,0.47,-0.35,1.65,61.80,31.95,49.65,30.43,13.66,983.56,-53.92,866.25,-367.50,-192.50,1,53.263
1784291477.014447451,01/01/2000,00:18:29.60,-1026.37,-20.51,76.66,0.62,-0.49,0.24,61.65,32.55,51.0,30.43,12.57,986.13,-55.39,446.25,-778.75,-192.50,1,53.263
1784291477.028105736,01/01/2000,00:18:29.62,-1038.57,-39.06,11.72,2.97,-1.53,0.85,61.20,31.05,52.95,30.33,12.32,985.03,-52.83,665.0,-892.50,-271.25,1,53.263
1784291477.047241211,01/01/2000,00:18:29.64,-1017.58,-37.11,-17.09,-0.33,0.68,0.61,60.45,33.75,50.25,30.47,13.42,984.54,-50.63,-227.50,-376.25,-166.25,1,53.263
1784291477.063224554,01/01/2000,00:18:29.66,-1029.30,-19.04,12.21,0.46,2.62,1.34,61.05,32.85,50.10,30.28,13.91,986.37,-49.65,-840.0,-542.50,-148.75,1,53.264
1784291477.080314636,01/01/2000,00:18:29.68,-1013.67,-5.86,-42.97,1.22,0.80,-1.63,61.05,32.85,51.60,30.09,13.42,986.25,-51.97,43.75,-1076.25,-78.75,1,53.264
1784291477.106007814,01/01/2000,00:18:29.70,-1027.83,-30.27,37.11,0.05,1.83,-1.39,61.05,31.95,51.15,30.62,13.18,984.05,-53.44,778.75,-350.0,-271.25,1,53.264
1784291477.119675636,01/01/2000,00:18:29.71,-1038.09,-11.23,72.27,0.09,3.25,0.29,61.95,31.80,50.55,30.33,12.69,984.91,-51.36,175.0,-490.0,-280.0,1,53.263
1784291477.140798330,01/01/2000,00:18:29.73,-1029.79,-35.16,-69.34,0.71,1.16,-0.92,61.95,32.25,50.25,30.19,12.69,986.74,-49.90,-236.25,-612.50,-253.75,1,53.263
1784291477.153157473,01/01/2000,00:18:29.75,-998.05,-14.16,47.36,1.29,0.21,-0.08,62.25,32.40,50.40,30.47,13.42,986.98,-49.53,-595.0,-953.75,-227.50,1,53.264
1784291477.174546719,01/01/2000,00:18:29.77,-1033.69,13.18,41.50,0.44,-0.43,0.79,62.25,32.40,51.90,30.43,13.66,984.17,-51.97,481.25,-761.25,-236.25,1,53.263
1784291477.208340883,01/01/2000,00:18:29.80,-1015.14,-27.34,12.21,1.07,1.20,-0.78,61.05,32.85,50.40,30.19,12.20,986.25,-51.73,-35.0,-630.0,-315.0,1,53.264
1784291477.229895592,01/01/2000,00:18:29.83,-1020.02,-20.51,-9.28,-1.31,1.61,1.54,62.25,31.20,51.90,30.52,12.69,985.76,-49.53,-306.25,-708.75,-201.25,1,53.264
1784291477.247878551,01/01/2000,00:18:29.84,-1021.48,-8.30,-19.04,-2.07,1.46,0.34,61.80,32.40,48.90,30.47,13.42,985.52,-50.02,-227.50,-638.75,-192.50,1,53.264
1784291477.264381170,01/01/2000,00:18:29.86,-1026.86,-26.86,45.90,-0.02,-1.69,-0.89,63.0,32.40,50.40,30.33,13.54,985.64,-51.61,245.0,-770.0,-148.75,1,53.263
1784291477.282053232,01/01/2000,00:18:29.88,-1019.04,-6.35,8.30,-0.40,-1.73,1.58,60.60,31.65,49.35,30.33,13.18,985.27,-52.09,542.50,-656.25,-218.75,1,53.264
1784291477.307845831,01/01/2000,00:18:29.90,-1039.06,-34.18,18.07,0.58,-0.07,0.08,61.35,31.65,52.65,30.33,12.57,985.27,-50.75,166.25,-638.75,-393.75,1,53.264
1784291477.322219133,01/01/2000,00:18:29.92,-1030.27,-33.69,19.53,-2.49,-0.29,1.23,61.20,31.35,49.50,30.19,12.57,986.25,-49.65,-332.50,-586.25,-288.75,1,53.264
1784291477.338573456,01/01/2000,00:18:29.93,-987.79,-49.80,40.04,-0.73,-1.19,-2.10,60.45,32.55,50.25,30.47,13.05,986.25,-50.39,-455.0,-735.0,-297.50,1,53.264
1784291477.354466677,01/01/2000,00:18:29.95,-970.21,-19.04,61.04,0.15,-0.24,-0.76,60.60,32.40,50.85,30.28,13.42,985.03,-51.85,332.50,-665.0,-105.0,1,53.264
1784291477.387251854,01/01/2000,00:18:29.98,-1030.27,-2.93,8.79,2.15,-0.69,-2.34,60.30,28.35,53.10,30.33,12.93,985.52,-51.24,280.0,-630.0,-297.50,1,53.264
1784291477.401721716,01/01/2000,00:18:30.00,-1006.35,-7.81,1.95,-0.45,-1.11,0.25,60.0,31.35,51.0,30.19,12.44,986.25,-50.02,-113.75,-708.75,-306.25,1,53.264
1784291477.420252800,01/01/2000,00:18:30.02,-968.26,-38.09,50.78,0.52,-0.16,-0.18,61.20,31.05,51.0,30.33,12.81,985.64,-50.02,-148.75,-647.50,-402.50,1,53.263
1784291477.457403421,01/01/2000,00:18:30.05,-994.14,-20.51,-20.02,0.46,0.37,-0.62,61.05,31.95,51.15,30.47,13.18,985.39,-51.85,350.0,-612.50,-288.75,1,53.263
1784291477.475970507,01/01/2000,00:18:30.07,-1033.69,-26.37,-88.38,2.36,-2.18,2.47,62.25,32.85,49.35,30.33,12.81,985.76,-51.12,192.50,-673.75,-122.50,1,53.263
1784291477.514144421,01/01/2000,00:18:30.11,-998.05,-18.55,58.11,-2.49,-1.41,-2.86,61.65,31.80,50.55,30.62,13.05,985.88,-50.63,-218.75,-595.0,-113.75,1,53.264
1784291477.531004667,01/01/2000,00:18:30.13,-963.38,-14.65,-6.84,1.87,-3.69,-0.47,61.05,31.95,50.85,30.43,13.30,985.76,-51.24,140.0,-603.75,-70.0,1,53.264
1784291477.565276146,01/01/2000,00:18:30.16,-1007.32,-6.84,-27.34,1.14,0.72,-1.78,62.55,32.40,50.10,30.47,13.18,985.76,-50.87,227.50,-630.0,-262.50,1,53.264
1784291477.586562157,01/01/2000,00:18:30.18,-1039.06,-38.57,5.37,1.04,0.11,-1.09,61.80,32.85,50.85,30.33,12.69,986.13,-50.02,-157.50,-691.25,-297.50,1,53.263
1784291477.603701830,01/01/2000,00:18:30.20,-1003.91,-30.27,-40.53,0.81,-1.12,-0.69,61.20,31.35,50.55,30.43,12.93,985.88,-50.63,-61.25,-735.0,-323.75,1,53.264
1784291477.621552944,01/01/2000,00:18:30.22,-1019.53,-32.23,23.93,3.12,-1.44,-0.56,61.80,31.65,49.65,30.43,13.18,985.27,-51.48,315.0,-638.75,-297.50,1,53.264
1784291477.642235041,01/01/2000,00:18:30.24,-1010.25,-25.39,4.39,0.91,-0.85,-0.05,61.35,30.75,49.65,30.43,13.42,985.27,-51.48,350.0,-612.50,-218.75,1,53.264
1784291477.664194107,01/01/2000,00:18:30.26,-996.09,-13.18,-15.63,1.44,-1.31,-0.76,62.55,31.65,51.15,30.33,12.93,985.88,-50.63,8.75,-472.50,-332.50,1,53.264
1784291477.680502892,01/01/2000,00:18:30.27,-1012.21,-48.83,68.85,-0.74,-0.50,0.74,62.55,31.65,51.15,30.19,12.69,986.00,-50.26,-122.50,-665.0,-148.75,1,53.264
1784291477.695055723,01/01/2000,00:18:30.29,-1020.02,-21.00,20.51,-1.05,-0.10,-0.59,60.30,32.85,51.15,30.43,12.93,985.39,-50.75,70.0,-612.50,-140.0,1,53.264
1784291477.715626001,01/01/2000,00:18:30.31,-1027.83,-41.02,24.41,-2.32,1.37,-1.64,62.25,32.40,50.85,30.52,13.18,985.15,-51.61,350.0,-761.25,-113.75,1,53.264
1784291477.749267101,01/01/2000,00:18:30.35,-1033.69,-27.34,78.13,-2.31,-0.43,1.02,63.60,32.55,50.25,30.47,12.81,985.64,-50.26,17.50,-621.25,-157.50,1,53.264
1784291477.767279625,01/01/2000,00:18:30.36,-1015.63,-9.28,9.77,3.51,2.53,-0.61,63.60,32.55,50.25,29.95,12.69,985.76,-50.26,-113.75,-700.0,-227.50,1,53.264
1784291477.808034182,01/01/2000,00:18:30.40,-1011.72,-27.34,9.28,0.95,-0.91,-1.62,61.80,32.85,50.85,30.47,13.18,985.39,-51.85,218.75,-726.25,-315.0,1,53.264
1784291477.839724302,01/01/2000,00:18:30.44,-1005.86,-31.74,33.69,-1.44,-0.95,-1.55,62.40,32.25,49.50,30.33,13.18,985.76,-50.63,96.25,-507.50,-253.75,1,53.264
1784291477.865671873,01/01/2000,00:18:30.46,-990.23,-22.95,52.25,1.06,-0.69,-0.99,60.90,30.60,49.05,30.62,12.93,985.39,-50.51,-175.0,-586.25,-218.75,1,53.264
1784291477.902351141,01/01/2000,00:18:30.50,-1002.93,-36.13,27.34,0.94,1.19,-1.20,62.40,29.40,52.20,30.43,12.44,985.64,-53.19,-420.0,-1225.0,-297.50,1,53.264
1784291477.943612576,01/01/2000,00:18:30.54,-985.84,3.42,2.44,1.96,-1.69,1.21,61.65,31.80,50.55,29.99,12.08,984.05,-58.80,647.50,-1601.25,-201.25,1,53.264
1784291477.976585627,01/01/2000,00:18:30.57,-980.96,-48.83,-58.11,-0.18,1.70,1.22,62.70,31.80,51.0,30.47,14.76,985.15,-60.02,-385.0,341.25,87.50,1,53.264
1784291478.015274525,01/01/2000,00:18:30.61,-1021.97,1.95,62.50,0.58,1.80,-2.95,60.90,29.40,52.95,30.28,13.54,985.27,-62.95,455.0,-218.75,-26.25,1,53.264
1784291478.032202482,01/01/2000,00:18:30.63,-1005.37,-31.74,49.80,3.18,-1.18,1.47,60.0,32.55,51.30,30.33,13.66,984.54,-61.98,-568.75,446.25,-358.75,1,53.264
1784291478.049341679,01/01/2000,00:18:30.65,-999.02,-30.27,-51.76,-0.33,-0.52,2.20,61.35,32.40,50.85,30.47,13.05,983.81,-63.68,-481.25,-122.50,-402.50,1,53.264
1784291478.070466518,01/01/2000,00:18:30.67,-1002.44,-35.16,99.12,-1.84,-0.66,-0.26,61.35,31.20,50.10,30.43,13.18,984.17,-66.12,665.0,-638.75,-367.50,1,53.264
1784291478.105469227,01/01/2000,00:18:30.70,-1018.07,-13.18,-72.27,2.72,0.06,1.82,61.35,32.40,50.85,30.47,13.30,985.39,-61.0,131.25,-568.75,-157.50,1,53.264
1784291478.126901150,01/01/2000,00:18:30.72,-1016.60,-32.23,-40.53,0.95,-0.07,0.18,61.80,32.85,50.85,30.33,12.81,984.54,-56.73,-183.75,-586.25,-385.0,1,53.264
1784291478.143883944,01/01/2000,00:18:30.74,-1047.36,-22.95,-21.48,1.73,-0.23,-1.31,60.90,32.25,49.80,30.33,13.18,985.76,-56.12,-376.25,-892.50,-105.0,1,53.264
1784291478.161351919,01/01/2000,00:18:30.76,-1020.02,-41.99,16.60,-0.12,0.51,-0.30,61.95,33.0,49.80,30.28,13.54,986.49,-57.34,-315.0,-612.50,-96.25,1,53.264
1784291478.179078102,01/01/2000,00:18:30.77,-1028.81,-22.46,50.29,-1.89,-1.02,0.76,61.35,32.85,50.10,30.33,13.66,985.76,-58.80,262.50,-595.0,-113.75,1,53.264
1784291478.202980757,01/01/2000,00:18:30.80,-1004.88,-38.57,7.81,-1.05,-2.06,0.53,61.80,32.40,51.60,30.33,13.42,984.42,-58.80,770.0,-507.50,-105.0,1,53.264
1784291478.221550465,01/01/2000,00:18:30.81,-1023.44,-0.49,-2.44,1.18,-0.82,1.16,61.20,31.80,50.55,30.33,12.93,984.66,-56.12,350.0,-455.0,-183.75,1,53.264
1784291478.238567352,01/01/2000,00:18:30.83,-1016.60,-16.60,-3.42,-0.61,0.59,-0.66,61.65,32.25,49.80,30.47,12.69,985.27,-52.09,8.75,-673.75,-288.75,1,53.264
1784291478.252337933,01/01/2000,00:18:30.85,-1015.14,-14.65,-18.07,-0.13,1.69,0.93,61.80,31.95,50.10,30.43,12.81,986.49,-49.90,-323.75,-813.75,-367.50,1,53.265
1784291478.272739410,01/01/2000,00:18:30.87,-1025.39,-24.90,10.74,0.52,1.56,-2.22,61.65,32.25,50.55,30.33,13.66,987.22,-50.02,-428.75,-822.50,-192.50,1,53.265
1784291478.307505608,01/01/2000,00:18:30.90,-1007.81,-16.60,36.62,-1.31,-0.96,-0.95,63.15,33.45,51.30,30.28,13.18,984.05,-54.90,875.0,-595.0,-183.75,1,53.264
1784291478.331542969,01/01/2000,00:18:30.92,-1021.97,-18.07,-12.21,-0.60,1.02,2.81,61.20,32.25,49.80,30.47,12.93,985.03,-52.83,831.25,-393.75,-245.0,1,53.264
1784291478.346697330,01/01/2000,00:18:30.94,-1017.58,-39.55,38.57,0.92,-0.55,-1.59,61.35,32.40,50.40,30.43,12.69,987.83,-48.07,-402.50,-770.0,-253.75,1,53.264
1784291478.362702847,01/01/2000,00:18:30.96,-1005.37,-46.39,87.40,0.79,1.0,-1.47,59.85,31.65,50.10,29.95,13.42,987.83,-46.12,-1067.50,-840.0,-78.75,1,53.265
1784291478.381231308,01/01/2000,00:18:30.98,-1032.71,-46.39,47.85,-1.84,-0.12,-0.28,61.65,31.35,50.55,30.47,13.66,985.27,-49.17,-507.50,-770.0,-227.50,1,53.265
1784291478.408543825,01/01/2000,00:18:31.00,-1040.04,-5.86,61.04,2.71,-1.95,-3.58,61.05,31.95,50.40,30.33,13.18,984.17,-55.14,612.50,-428.75,-166.25,1,53.264
1784291478.428441525,01/01/2000,00:18:31.02,-999.02,-22.46,-36.62,-0.01,-1.01,0.61,60.90,30.60,52.20,30.19,12.69,984.54,-55.02,787.50,-498.75,-402.50,1,53.264
1784291478.449234247,01/01/2000,00:18:31.04,-1041.50,-29.79,21.00,0.36,-1.38,-4.31,59.85,29.55,52.65,30.33,12.69,985.76,-51.24,253.75,-831.25,-52.50,1,53.264
1784291478.471221685,01/01/2000,00:18:31.06,-1030.76,-36.62,-14.65,1.18,-0.03,-0.37,61.95,33.45,51.0,29.99,13.18,986.49,-47.95,-656.25,-848.75,-271.25,1,53.264
1784291478.487238407,01/01/2000,00:18:31.08,-1005.37,-30.27,3.42,1.51,-0.19,-1.36,61.80,33.60,50.40,30.47,13.91,984.78,-48.92,-428.75,-883.75,-17.50,1,53.264
1784291478.504497290,01/01/2000,00:18:31.10,-995.61,14.16,-21.97,-0.11,-0.40,-1.56,61.20,32.55,50.25,30.43,13.66,984.66,-51.00,595.0,-472.50,-157.50,1,53.264
1784291478.519011021,01/01/2000,00:18:31.11,-999.02,-41.50,37.60,2.0,-0.83,-0.76,63.30,32.85,50.10,30.28,12.69,986.00,-51.48,227.50,-761.25,-262.50,1,53.264
1784291478.557296038,01/01/2000,00:18:31.15,-1027.83,-22.95,-28.81,1.16,-0.52,-0.43,61.20,31.35,51.30,30.33,13.05,985.03,-50.75,105.0,-822.50,-253.75,1,53.264
1784291478.579930782,01/01/2000,00:18:31.17,-1011.23,-44.43,73.73,1.09,-0.87,2.02,61.20,31.80,50.25,30.62,13.42,984.78,-51.00,332.50,-726.25,-227.50,1,53.264
1784291478.591930151,01/01/2000,00:18:31.19,-1014.16,-2.44,-34.18,0.99,0.07,0.84,61.65,33.45,49.50,30.33,13.66,986.00,-50.87,-43.75,-490.0,-332.50,1,53.265
1784291478.613452435,01/01/2000,00:18:31.21,-1017.58,-31.25,27.83,-1.77,0.04,3.24,63.0,31.65,51.15,30.43,12.93,986.25,-51.00,-105.0,-665.0,-113.75,1,53.264
1784291478.630980968,01/01/2000,00:18:31.23,-1013.67,-34.67,14.65,1.63,-0.74,-1.34,61.95,32.55,49.05,30.47,12.81,985.64,-50.87,131.25,-630.0,-227.50,1,53.264
1784291478.665363312,01/01/2000,00:18:31.26,-1014.65,-28.81,21.00,-0.23,-1.98,0.12,61.80,32.40,50.40,30.62,13.30,985.03,-51.00,-131.25,-796.25,-157.50,1,53.264
1784291478.688833952,01/01/2000,00:18:31.28,-1024.90,-38.57,-9.77,1.88,-1.18,1.74,61.95,31.80,49.80,30.47,13.42,985.03,-51.48,638.75,-630.0,-218.75,1,53.264
1784291478.703688383,01/01/2000,00:18:31.30,-1010.74,-33.20,-21.00,-0.47,-1.37,-1.34,63.30,32.40,50.10,30.19,12.93,986.00,-50.02,341.25,-533.75,-280.0,1,53.265
1784291478.721231937,01/01/2000,00:18:31.32,-1015.63,-25.88,14.65,2.62,-0.15,-0.12,62.55,30.0,50.85,30.43,12.69,986.74,-48.07,-630.0,-568.75,-350.0,1,53.265
1784291478.742231131,01/01/2000,00:18:31.34,-1021.00,-38.57,40.04,1.46,-0.37,1.44,62.40,31.35,50.25,30.47,12.81,985.27,-49.29,-428.75,-805.0,-253.75,1,53.265
1784291478.776554108,01/01/2000,00:18:31.37,-1010.74,-23.93,26.86,0.13,-0.70,-0.41,61.35,32.85,50.40,30.43,13.05,984.54,-52.95,551.25,-507.50,-166.25,1,53.264
1784291478.794115782,01/01/2000,00:18:31.39,-1003.91,-2.93,-39.55,1.20,2.04,1.90,63.0,31.65,51.60,30.43,13.18,984.91,-52.34,516.25,-577.50,-105.0,1,53.264
1784291478.817318678,01/01/2000,00:18:31.41,-1024.41,-44.92,25.39,1.95,-1.24,-2.47,62.25,32.85,50.85,30.09,12.57,984.91,-49.65,-70.0,-770.0,-271.25,1,53.264
1784291478.850085497,01/01/2000,00:18:31.45,-1002.93,-50.29,58.59,0.29,1.47,1.94,61.20,34.65,50.55,30.28,12.69,985.15,-49.53,-350.0,-708.75,-131.25,1,53.265
1784291478.888043404,01/01/2000,00:18:31.48,-1028.32,-14.65,15.63,0.37,-0.60,1.05,62.70,32.55,50.55,30.33,13.05,987.47,-50.14,-26.25,-595.0,-192.50,1,53.265
1784291478.909515381,01/01/2000,00:18:31.50,-1008.79,-18.07,82.52,3.56,2.11,0.0,62.70,31.80,50.55,30.43,12.93,986.37,-49.53,-603.75,-647.50,-297.50,1,53.264
1784291478.939244747,01/01/2000,00:18:31.53,-1024.90,-37.11,35.64,-0.93,-1.51,1.15,60.60,32.40,53.10,30.52,12.81,984.30,-51.24,-17.50,-770.0,-192.50,1,53.264
1784291478.953875065,01/01/2000,00:18:31.55,-994.14,-40.04,85.94,0.28,-2.19,0.29,63.30,33.60,50.40,30.19,12.69,984.91,-52.58,463.75,-665.0,-236.25,1,53.263
1784291478.993208170,01/01/2000,00:18:31.59,-1007.81,-26.86,57.13,-1.54,1.05,1.11,62.40,32.55,50.25,30.43,13.05,986.98,-49.41,61.25,-761.25,-175.0,1,53.264
1784291479.020066977,01/01/2000,00:18:31.61,-1003.42,-13.67,-42.48,-1.10,-0.49,-0.69,62.40,32.25,51.0,30.47,13.66,986.37,-47.82,-437.50,-533.75,-183.75,1,53.264
1784291479.032099247,01/01/2000,00:18:31.63,-1010.74,-22.46,-12.21,2.53,2.31,0.10,63.75,31.20,51.60,30.19,13.18,985.39,-48.92,-358.75,-726.25,-140.0,1,53.264
1784291479.049429893,01/01/2000,00:18:31.65,-1012.21,-32.23,94.73,-1.11,-1.30,-0.05,62.40,32.55,51.30,30.43,12.81,985.27,-50.51,192.50,-717.50,-297.50,1,53.264
1784291479.066656351,01/01/2000,00:18:31.66,-960.94,-14.16,63.96,-0.15,0.10,0.22,63.75,31.95,50.40,30.33,13.30,985.88,-51.48,315.0,-691.25,-192.50,1,53.264
1784291479.083656073,01/01/2000,00:18:31.68,-1024.90,4.39,26.37,0.50,0.66,-1.33,63.90,33.75,50.25,29.99,13.30,986.00,-51.48,-131.25,-656.25,-280.0,1,53.264
1784291479.110197544,01/01/2000,00:18:31.70,-1030.27,-30.27,75.68,-2.76,-2.50,-1.53,63.0,31.20,50.85,30.43,13.42,983.81,-50.75,148.75,-577.50,-306.25,1,53.263
1784291479.122232914,01/01/2000,00:18:31.72,-1017.58,-35.16,-10.25,2.90,-0.85,0.0,61.80,31.95,51.15,30.52,13.42,982.59,-50.26,131.25,-525.0,-148.75,1,53.264
1784291479.141010761,01/01/2000,00:18:31.74,-1012.70,-56.15,-0.98,1.92,3.33,0.64,61.35,31.65,52.35,30.43,13.05,983.44,-49.65,70.0,-551.25,-35.0,1,53.264
1784291479.156399965,01/01/2000,00:18:31.75,-1036.13,-33.20,62.50,2.13,1.81,1.99,63.15,33.0,49.50,30.33,12.93,986.49,-49.65,-166.25,-787.50,-166.25,1,53.264
1784291479.177412033,01/01/2000,00:18:31.77,-1009.77,-8.30,7.32,0.34,0.40,1.54,63.0,33.60,51.15,30.43,13.30,987.96,-50.39,-87.50,-621.25,-288.75,1,53.264
1784291479.194679737,01/01/2000,00:18:31.79,-1015.14,-32.71,-31.25,-1.15,-0.91,2.73,59.10,31.95,52.65,30.47,13.42,986.74,-50.63,113.75,-568.75,-113.75,1,53.264
1784291479.217682123,01/01/2000,00:18:31.81,-1028.32,-26.86,111.33,-0.48,-1.44,0.78,63.15,32.25,49.80,30.33,13.79,985.03,-50.51,437.50,-490.0,-87.50,1,53.264
1784291479.234076023,01/01/2000,00:18:31.83,-1012.70,-21.00,5.37,3.76,-2.04,0.49,63.30,32.85,50.10,30.43,13.05,985.76,-49.29,315.0,-630.0,-218.75,1,53.264
1784291479.250082970,01/01/2000,00:18:31.85,-1025.39,-22.46,41.02,0.71,0.18,1.93,62.55,32.85,51.15,30.43,12.93,987.71,-48.80,-428.75,-603.75,-376.25,1,53.264
1784291479.267237663,01/01/2000,00:18:31.86,-1033.20,-0.98,11.72,1.23,1.16,0.97,62.55,32.85,51.15,30.14,12.93,987.59,-49.53,-490.0,-726.25,-262.50,1,53.264
1784291479.284238100,01/01/2000,00:18:31.88,-990.72,-43.95,62.01,1.75,-0.01,0.11,63.0,31.95,50.85,30.19,13.30,985.88,-50.75,52.50,-700.0,-148.75,1,53.264
1784291479.322741508,01/01/2000,00:18:31.92,-998.54,-43.95,16.60,-1.91,-1.48,-0.60,62.70,32.25,51.75,30.09,13.18,984.05,-51.73,568.75,-621.25,-218.75,1,53.265
1784291479.341797113,01/01/2000,00:18:31.94,-1027.83,-17.58,11.23,-0.01,-1.57,1.65,61.95,33.0,51.0,30.33,13.05,985.03,-50.02,122.50,-726.25,-271.25,1,53.265
1784291479.357258558,01/01/2000,00:18:31.95,-1019.04,-42.97,50.78,-1.55,1.66,1.07,61.95,33.0,51.0,30.47,13.18,986.49,-49.04,-428.75,-726.25,-192.50,1,53.264
1784291479.378237963,01/01/2000,00:18:31.97,-1004.39,-14.16,21.48,0.69,-0.10,0.38,61.95,32.55,50.55,30.33,13.30,985.27,-49.17,-393.75,-717.50,-280.0,1,53.264
1784291479.396374941,01/01/2000,00:18:31.99,-1003.91,-20.02,2.93,0.19,-1.31,-0.37,62.70,31.05,50.25,30.33,13.54,983.44,-49.78,656.25,-568.75,-122.50,1,53.264
1784291479.413657904,01/01/2000,00:18:32.01,-1052.25,-16.60,34.18,-0.89,-1.32,-0.16,62.70,33.0,50.25,30.19,13.42,984.78,-49.53,586.25,-542.50,-297.50,1,53.265
1784291479.438180447,01/01/2000,00:18:32.03,-1003.91,-45.41,22.46,-0.01,0.15,0.85,62.70,32.55,51.75,30.47,13.05,988.20,-49.04,-805.0,-726.25,-253.75,1,53.264
1784291479.454649687,01/01/2000,00:18:32.05,-1013.67,-34.67,43.95,0.08,-0.52,-0.12,61.95,33.0,50.55,30.19,13.18,987.47,-50.02,-533.75,-831.25,-236.25,1,53.264
1784291479.472034693,01/01/2000,00:18:32.07,-980.47,-26.37,33.20,-1.04,0.72,0.80,63.0,34.05,51.60,30.52,13.18,984.30,-51.12,752.50,-568.75,-262.50,1,53.265
1784291479.489919662,01/01/2000,00:18:32.09,-1022.46,-29.30,19.04,0.0,-0.32,-1.11,64.35,31.80,49.80,30.33,13.18,983.56,-51.00,796.25,-691.25,-210.0,1,53.265
1784291479.513217211,01/01/2000,00:18:32.11,-1045.41,-38.09,35.64,-2.63,0.96,-0.41,62.40,33.0,50.25,30.19,13.30,986.00,-49.29,8.75,-621.25,-280.0,1,53.265
1784291479.528072834,01/01/2000,00:18:32.12,-1011.72,-41.02,63.48,-0.39,2.31,-2.92,63.0,33.15,51.90,30.43,13.18,987.83,-48.31,-420.0,-656.25,-175.0,1,53.264
1784291479.544947624,01/01/2000,00:18:32.14,-1014.65,-37.11,10.74,0.88,1.37,0.54,62.70,33.75,51.0,30.47,13.30,987.10,-48.92,-446.25,-735.0,-323.75,1,53.264
1784291479.562427044,01/01/2000,00:18:32.16,-989.75,-16.11,-30.76,1.59,-1.87,-1.07,63.0,32.85,49.65,30.28,13.54,985.52,-49.78,420.0,-551.25,-192.50,1,53.265
1784291479.589071512,01/01/2000,00:18:32.18,-1035.64,-24.90,7.32,2.26,0.20,2.21,63.30,31.95,50.40,30.19,13.54,985.39,-50.26,481.25,-612.50,-166.25,1,53.265
1784291479.603381395,01/01/2000,00:18:32.20,-1007.32,-33.69,27.83,1.37,0.85,0.73,62.55,31.95,53.10,30.43,13.30,986.13,-49.65,-341.25,-603.75,-210.0,1,53.265
1784291479.620990753,01/01/2000,00:18:32.21,-986.33,-49.32,79.59,1.73,1.68,1.16,62.25,33.60,50.85,30.19,13.30,985.03,-49.90,-490.0,-568.75,-218.75,1,53.265
1784291479.637760162,01/01/2000,00:18:32.23,-992.19,-43.46,28.81,-1.02,0.59,0.88,63.60,32.25,51.0,30.52,13.18,983.56,-50.51,96.25,-761.25,-280.0,1,53.265
1784291479.655939341,01/01/2000,00:18:32.25,-1023.93,-27.34,51.76,0.80,0.92,-0.16,63.15,32.25,51.30,30.52,13.42,982.34,-51.24,770.0,-603.75,-271.25,1,53.265
1784291479.673062325,01/01/2000,00:18:32.27,-1062.50,-6.35,23.44,1.55,-3.55,0.69,61.80,34.05,51.90,30.33,13.66,984.54,-50.14,656.25,-498.75,-192.50,1,53.265
1784291479.690605879,01/01/2000,00:18:32.29,-1028.32,-1.95,39.06,0.28,1.08,0.11,61.95,31.05,50.25,30.47,13.18,988.20,-48.68,-271.25,-708.75,-262.50,1,53.265
1784291479.714496374,01/01/2000,00:18:32.31,-995.12,-25.39,1.95,-0.72,1.87,-1.83,63.75,31.20,51.90,30.43,13.42,989.42,-48.07,-656.25,-735.0,-227.50,1,53.265
1784291479.730089903,01/01/2000,00:18:32.32,-1003.42,-32.23,-45.41,0.50,2.04,0.62,63.15,34.20,51.0,30.43,13.66,987.22,-49.04,-253.75,-525.0,-245.0,1,53.265
1784291479.747038841,01/01/2000,00:18:32.34,-1018.55,-35.64,-0.49,1.08,-1.18,-0.85,63.60,31.80,51.30,30.09,13.42,985.27,-49.90,568.75,-656.25,-210.0,1,53.265
1784291479.763037443,01/01/2000,00:18:32.36,-1055.18,-14.16,59.57,-1.89,-2.31,-2.50,64.35,33.0,51.0,30.33,13.18,985.52,-49.78,315.0,-700.0,-262.50,1,53.266
1784291479.802013636,01/01/2000,00:18:32.40,-1004.39,-26.37,4.39,-1.53,0.13,0.95,63.90,32.55,51.75,30.28,12.93,986.13,-49.17,-175.0,-778.75,-157.50,1,53.265
1784291479.825021267,01/01/2000,00:18:32.41,-987.30,-19.04,25.39,-0.86,-0.34,-0.89,61.80,31.95,52.35,30.33,13.42,985.03,-49.65,8.75,-726.25,-201.25,1,53.265
1784291479.839263678,01/01/2000,00:18:32.43,-1039.06,-13.18,18.55,-2.15,0.89,1.24,63.60,32.55,50.25,30.19,13.66,984.78,-50.14,367.50,-542.50,-166.25,1,53.265
1784291479.856434584,01/01/2000,00:18:32.45,-1035.64,-21.48,15.14,0.44,-0.37,1.06,63.0,33.60,50.10,30.43,13.42,985.76,-49.78,323.75,-700.0,-148.75,1,53.265
1784291479.874445200,01/01/2000,00:18:32.47,-1021.97,-31.74,12.21,0.92,2.47,-2.0,63.30,33.15,50.40,30.14,13.42,985.76,-49.29,35.0,-551.25,-271.25,1,53.265
1784291479.891236782,01/01/2000,00:18:32.49,-1005.86,-24.41,2.44,0.66,0.56,-0.44,63.75,31.95,52.35,30.28,13.30,984.54,-48.56,-262.50,-665.0,-280.0,1,53.266
1784291479.908697844,01/01/2000,00:18:32.50,-983.40,-14.16,-24.90,-1.02,1.60,1.34,63.75,31.95,52.35,30.62,13.54,983.56,-48.07,26.25,-682.50,-236.25,1,53.266
1784291479.932897329,01/01/2000,00:18:32.53,-1063.96,-47.85,80.57,1.49,0.29,-1.05,63.90,32.55,50.25,30.09,13.66,985.52,-48.43,-210.0,-691.25,-236.25,1,53.265
1784291479.953857899,01/01/2000,00:18:32.55,-1027.83,-11.72,3.91,0.05,0.70,0.38,62.25,30.45,53.10,30.52,13.66,988.69,-50.14,-105.0,-647.50,-245.0,1,53.265
1784291479.980426311,01/01/2000,00:18:32.57,-991.21,-53.71,-21.97,1.43,-1.23,-1.23,63.60,32.55,50.55,30.52,13.91,987.47,-50.51,280.0,-621.25,-61.25,1,53.264
1784291479.995545626,01/01/2000,00:18:32.59,-984.86,-18.55,49.80,-1.76,-1.08,-1.08,63.0,32.85,51.60,30.19,13.91,984.78,-49.78,262.50,-665.0,-280.0,1,53.264
1784291480.012447119,01/01/2000,00:18:32.61,-996.58,0.49,32.23,-0.10,-1.83,-1.59,63.90,32.55,50.55,30.43,13.66,984.30,-48.92,113.75,-735.0,-210.0,1,53.265
1784291480.030339718,01/01/2000,00:18:32.63,-1027.83,-49.32,122.07,-0.40,1.96,0.49,64.05,32.85,51.60,30.33,13.05,985.88,-48.56,-70.0,-542.50,-288.75,1,53.265
1784291480.047702074,01/01/2000,00:18:32.64,-1032.23,-27.34,2.93,-0.53,-0.75,1.06,63.30,32.85,49.65,30.47,12.69,987.35,-48.68,-367.50,-822.50,-183.75,1,53.265
1784291480.085817337,01/01/2000,00:18:32.68,-1017.58,-24.41,18.55,-0.89,0.16,-0.47,61.35,32.40,53.85,30.43,14.03,986.25,-49.41,350.0,-778.75,-192.50,1,53.265
1784291480.104080200,01/01/2000,00:18:32.70,-1025.88,-16.11,-43.95,-0.31,-0.31,1.27,64.05,32.85,51.60,30.19,14.15,986.25,-49.17,105.0,-726.25,-113.75,1,53.265
1784291480.121050119,01/01/2000,00:18:32.72,-992.19,-9.77,-29.30,1.86,-0.59,0.50,63.60,32.55,51.0,30.33,13.66,984.05,-48.80,-52.50,-656.25,-271.25,1,53.265
1784291480.141810179,01/01/2000,00:18:32.74,-1000.0,-32.71,28.32,-0.29,-1.08,2.74,63.0,31.20,53.40,30.33,13.18,982.10,-48.31,70.0,-848.75,-183.75,1,53.265
1784291480.165148497,01/01/2000,00:18:32.76,-1031.74,-44.43,28.32,0.58,1.91,-0.07,63.0,31.20,53.40,30.19,13.05,983.81,-49.29,-323.75,-945.0,-210.0,1,53.265
1784291480.180182219,01/01/2000,00:18:32.77,-1040.53,-46.39,22.46,-0.11,0.63,0.37,64.05,32.85,50.40,30.33,13.18,986.37,-50.87,-70.0,-910.0,-227.50,1,53.265
1784291480.198245764,01/01/2000,00:18:32.79,-1040.04,-55.18,-18.07,1.34,-1.85,0.07,63.90,33.45,50.55,30.28,13.91,987.71,-51.48,866.25,-726.25,-227.50,1,53.265
1784291480.214733124,01/01/2000,00:18:32.81,-1008.79,-17.58,19.04,-1.02,0.15,2.67,63.90,33.45,51.30,30.33,14.15,987.71,-50.14,358.75,-813.75,-157.50,1,53.265
1784291480.232277155,01/01/2000,00:18:32.83,-1011.72,-27.83,-1.46,-0.56,0.50,-1.51,65.10,31.35,51.0,30.28,13.79,986.25,-47.09,-166.25,-770.0,-175.0,1,53.265
1784291480.249208689,01/01/2000,00:18:32.84,-997.56,-24.41,62.50,-0.63,1.55,1.84,65.10,31.35,51.0,30.28,13.30,985.52,-45.87,-857.50,-840.0,-105.0,1,53.265
1784291480.275145769,01/01/2000,00:18:32.87,-1032.23,-13.67,40.53,-0.27,1.56,-1.24,63.90,32.55,51.30,30.52,12.69,985.52,-48.19,-665.0,-831.25,-201.25,1,53.265
1784291480.289757013,01/01/2000,00:18:32.88,-1015.14,-25.88,-38.09,0.05,-1.73,0.08,63.60,31.80,51.75,30.28,12.93,985.52,-50.63,630.0,-883.75,-315.0,1,53.265
1784291480.306338072,01/01/2000,00:18:32.90,-1019.53,-12.21,26.86,-2.14,-1.85,1.12,63.0,32.40,51.15,30.33,13.30,985.64,-52.22,1067.50,-892.50,-218.75,1,53.265
1784291480.321852922,01/01/2000,00:18:32.92,-983.40,-33.20,85.45,-0.39,-4.25,-0.65,62.55,33.60,51.60,30.43,14.03,985.15,-50.51,875.0,-735.0,-175.0,1,53.266
1784291480.343023777,01/01/2000,00:18:32.94,-997.07,-22.46,-10.25,0.36,1.73,0.73,64.65,30.15,52.20,30.43,13.91,983.32,-45.87,-131.25,-638.75,-166.25,1,53.266
1784291480.360146284,01/01/2000,00:18:32.96,-1021.97,-17.58,-66.41,2.79,1.92,-1.08,62.25,32.85,51.90,30.33,13.18,983.93,-44.41,-1303.75,-787.50,-210.0,1,53.266
1784291480.384777546,01/01/2000,00:18:32.97,-1035.16,-17.09,72.75,2.0,0.08,1.60,62.40,33.0,51.75,30.62,12.57,985.64,-46.36,-962.50,-875.0,-332.50,1,53.265
1784291480.400496960,01/01/2000,00:18:32.99,-1006.84,-12.21,42.48,0.79,-1.60,-1.58,63.30,31.65,49.65,30.52,12.93,987.96,-51.73,787.50,-813.75,-332.50,1,53.265
1784291480.417006016,01/01/2000,00:18:33.01,-1014.65,-48.83,-48.34,2.64,-2.52,-1.01,64.50,32.40,51.60,30.33,13.79,988.44,-52.83,1251.25,-472.50,-323.75,1,53.265
1784291480.434050083,01/01/2000,00:18:33.03,-1001.46,-22.46,36.13,-2.18,0.40,-0.67,63.30,31.20,51.15,30.47,14.52,986.74,-50.14,385.0,-603.75,-148.75,1,53.266
1784291480.461544275,01/01/2000,00:18:33.05,-1004.39,-39.55,4.88,1.53,-1.62,0.60,64.65,32.55,52.95,30.19,13.79,984.42,-46.85,-708.75,-533.75,-175.0,1,53.265
1784291480.481544971,01/01/2000,00:18:33.08,-1016.60,-40.04,49.32,-0.69,-0.02,-0.68,61.95,32.55,51.30,29.99,12.69,984.54,-47.95,-350.0,-717.50,-323.75,1,53.265
1784291480.498545408,01/01/2000,00:18:33.09,-1028.32,-29.79,82.52,0.79,-1.44,0.80,60.45,32.55,54.45,30.33,12.44,986.37,-50.14,297.50,-673.75,-323.75,1,53.265
1784291480.515624046,01/01/2000,00:18:33.11,-1015.14,-19.04,6.35,3.34,-2.87,0.92,64.65,32.55,51.30,30.28,12.93,986.74,-50.75,612.50,-883.75,-262.50,1,53.265
1784291480.532465219,01/01/2000,00:18:33.13,-967.29,-21.00,25.39,3.02,-1.14,1.12,63.30,32.85,51.15,30.28,13.91,985.76,-48.68,612.50,-796.25,-131.25,1,53.266
1784291480.555321455,01/01/2000,00:18:33.15,-1027.83,-37.60,-1.46,-2.92,0.97,-0.13,64.95,30.0,51.90,30.19,14.40,984.91,-45.38,52.50,-533.75,-78.75,1,53.265
1784291480.570335150,01/01/2000,00:18:33.17,-1026.37,-17.58,44.92,0.67,-0.65,0.20,63.0,31.95,52.65,30.33,13.66,986.25,-44.16,-1312.50,-708.75,-96.25,1,53.265
1784291480.588335752,01/01/2000,00:18:33.18,-1017.09,-0.49,52.25,0.70,0.59,1.30,64.50,31.95,51.60,30.33,12.44,986.61,-46.85,-1382.50,-638.75,-367.50,1,53.265
1784291480.627187490,01/01/2000,00:18:33.22,-1012.21,-17.09,69.34,0.77,-0.72,0.69,63.15,32.25,51.75,30.47,12.93,985.52,-53.80,1697.50,-945.0,-350.0,1,53.265
1784291480.644268274,01/01/2000,00:18:33.24,-1021.00,-19.53,-23.44,-0.53,-1.10,-0.53,63.75,32.85,50.40,30.52,13.79,986.00,-51.12,883.75,-761.25,-227.50,1,53.265
1784291480.664516926,01/01/2000,00:18:33.26,-1003.42,-26.37,3.91,0.28,2.73,3.01,63.75,32.85,50.40,30.19,14.15,986.00,-47.09,-700.0,-770.0,-96.25,1,53.266
1784291480.699761152,01/01/2000,00:18:33.30,-1043.46,-39.06,39.06,-0.77,-0.44,-3.73,63.60,32.55,51.75,30.33,12.69,983.81,-47.58,-140.0,-743.75,-323.75,1,53.265
1784291480.735023975,01/01/2000,00:18:33.33,-1022.46,-50.29,-54.69,-0.39,-1.90,0.05,64.65,32.55,50.25,30.33,13.18,987.10,-50.51,647.50,-831.25,-428.75,1,53.265
1784291480.776866436,01/01/2000,00:18:33.37,-1012.70,2.93,-40.04,-0.82,2.44,-0.42,64.05,32.85,51.60,30.47,14.15,984.91,-45.38,-743.75,-997.50,-61.25,1,53.266
1784291480.810732603,01/01/2000,00:18:33.40,-1033.20,-33.20,-12.70,-3.42,-0.48,1.54,63.15,31.35,49.80,30.33,12.69,987.10,-49.29,-411.25,-1102.50,-210.0,1,53.266
1784291480.830093861,01/01/2000,00:18:33.43,-1002.93,-25.39,40.04,2.72,0.11,1.28,64.05,31.65,50.85,30.43,12.69,985.88,-52.22,1295.0,-1067.50,-367.50,1,53.266
1784291480.846704483,01/01/2000,00:18:33.44,-1016.11,-19.53,41.99,-1.90,0.49,-2.02,63.90,31.35,50.55,30.33,13.54,986.37,-50.02,1198.75,-988.75,-367.50,1,53.265
1784291480.866228104,01/01/2000,00:18:33.46,-1009.77,-12.21,-60.06,0.66,0.43,1.77,63.75,31.65,51.60,30.43,14.52,987.22,-45.99,-455.0,-875.0,-140.0,1,53.265
1784291480.903009653,01/01/2000,00:18:33.50,-1010.25,-30.27,68.36,0.40,0.27,3.42,62.40,33.0,50.55,30.67,13.42,983.93,-47.34,-1067.50,-1050.0,-262.50,1,53.266
1784291480.920367956,01/01/2000,00:18:33.52,-981.45,-31.25,-1.95,1.27,-2.54,-0.66,65.10,32.25,52.20,30.52,13.05,980.51,-51.24,1085.0,-787.50,-288.75,1,53.266
1784291480.938340187,01/01/2000,00:18:33.53,-1062.50,-15.14,76.66,-0.15,0.03,-1.53,64.35,31.80,50.25,30.19,12.81,982.22,-51.97,1793.75,-831.25,-402.50,1,53.266
1784291480.959533453,01/01/2000,00:18:33.55,-1040.04,-19.04,-43.46,2.30,-1.11,-0.37,64.65,31.80,51.0,30.43,13.42,986.49,-49.17,122.50,-1032.50,-201.25,1,53.266
1784291480.988097191,01/01/2000,00:18:33.58,-1061.04,-23.44,32.71,0.15,1.20,-1.47,62.40,31.80,53.25,29.99,13.91,989.91,-44.16,-323.75,-988.75,-280.0,1,53.266
1784291481.004114628,01/01/2000,00:18:33.60,-993.16,-23.93,51.27,2.18,2.35,3.34,64.65,33.0,51.30,30.28,14.15,992.10,-43.92,-1373.75,-1102.50,-210.0,1,53.265
1784291481.021634579,01/01/2000,00:18:33.62,-1011.72,-27.83,73.24,-0.37,-1.28,-0.76,64.65,33.0,51.30,30.19,13.79,989.91,-46.73,-1137.50,-1023.75,-341.25,1,53.265
1784291481.060573101,01/01/2000,00:18:33.66,-1019.04,-35.16,13.18,-0.59,-3.84,-0.60,64.05,31.95,51.60,30.09,12.93,979.66,-52.22,1531.25,-936.25,-227.50,1,53.265
1784291481.077492237,01/01/2000,00:18:33.67,-1024.41,-43.46,37.60,0.51,-0.54,1.31,64.50,32.85,51.15,30.52,13.05,980.76,-49.53,840.0,-866.25,-323.75,1,53.265
1784291481.098449945,01/01/2000,00:18:33.69,-1003.42,-44.43,3.42,2.50,2.34,1.66,64.35,32.25,52.20,30.43,13.66,984.05,-46.12,-560.0,-936.25,-183.75,1,53.265
1784291481.115720987,01/01/2000,00:18:33.71,-1028.81,-20.51,50.29,2.87,0.56,1.41,63.75,31.95,51.90,30.09,13.91,988.08,-44.90,-875.0,-831.25,-96.25,1,53.265
1784291481.149681568,01/01/2000,00:18:33.75,-982.42,-27.34,-41.50,2.26,1.91,1.19,63.90,32.25,51.30,30.33,13.05,990.15,-48.68,70.0,-1505.0,-218.75,1,53.265
1784291481.175373316,01/01/2000,00:18:33.77,-1018.55,-37.11,-18.07,-0.07,-1.52,-0.79,64.35,32.55,50.25,30.33,12.93,986.37,-49.53,411.25,-1470.0,-227.50,1,53.265
1784291481.188852549,01/01/2000,00:18:33.78,-1000.0,-6.84,22.95,1.02,-1.47,1.60,63.90,33.75,50.55,30.43,13.30,982.47,-48.80,105.0,-1006.25,-358.75,1,53.265
1784291481.206172466,01/01/2000,00:18:33.80,-1023.93,-38.57,44.92,1.11,-1.48,0.98,63.75,32.40,51.90,30.43,13.54,980.64,-48.19,306.25,-577.50,-210.0,1,53.265
1784291481.222683907,01/01/2000,00:18:33.82,-1000.98,-18.55,-11.23,-0.41,-1.07,1.85,64.05,31.65,53.10,30.62,12.81,981.73,-47.21,350.0,-1120.0,-420.0,1,53.266
1784291481.243716478,01/01/2000,00:18:33.84,-1012.21,-16.11,-70.31,1.62,0.28,-1.22,63.90,33.0,51.0,30.33,13.30,983.69,-44.65,1102.50,-1006.25,-218.75,1,53.265
1784291481.279843092,01/01/2000,00:18:33.88,-1056.15,-28.81,22.46,-0.73,4.07,-0.39,63.60,33.45,51.75,30.19,14.15,991.74,-36.60,-1181.25,-595.0,-227.50,1,53.266
1784291481.300859451,01/01/2000,00:18:33.90,-999.51,-27.34,73.24,-0.25,-2.61,-0.70,64.05,32.40,52.35,30.43,13.66,990.88,-36.60,-1531.25,-848.75,-148.75,1,53.265
1784291481.318088055,01/01/2000,00:18:33.91,-983.89,-8.30,37.11,1.95,0.76,-1.50,62.40,33.75,52.50,30.28,12.81,985.52,-40.38,-280.0,-997.50,-323.75,1,53.265
1784291481.352808475,01/01/2000,00:18:33.95,-1021.00,-17.58,12.21,-0.34,-5.12,-1.43,64.95,34.05,52.65,30.33,13.05,978.81,-42.82,2030.0,-96.25,-393.75,1,53.266
1784291481.376105547,01/01/2000,00:18:33.97,-1040.53,-21.00,75.68,-3.55,-1.91,-1.96,64.05,30.45,53.40,30.47,13.91,983.08,-36.60,1478.75,752.50,-411.25,1,53.266
1784291481.392104626,01/01/2000,00:18:33.99,-1023.44,-27.83,-2.44,-0.55,0.70,-1.99,63.15,33.45,51.30,30.43,14.03,990.52,-30.50,-1006.25,463.75,-218.75,1,53.266
1784291481.408440113,01/01/2000,00:18:34.00,-1012.21,-13.67,60.06,2.62,2.41,1.59,65.40,33.0,51.75,30.33,13.66,994.06,-29.04,-2380.0,-621.25,-87.50,1,53.266
1784291481.426253319,01/01/2000,00:18:34.02,-997.56,13.67,19.04,-0.47,3.19,-2.72,65.10,31.80,51.75,30.43,13.42,992.59,-32.21,-1601.25,-805.0,-210.0,1,53.266
1784291481.447575808,01/01/2000,00:18:34.04,-969.24,-6.84,-21.00,-0.94,-3.02,-0.90,65.25,32.40,50.85,30.47,13.42,985.27,-41.11,376.25,-96.25,-140.0,1,53.265
1784291481.471559763,01/01/2000,00:18:34.06,-1054.20,-75.68,71.29,1.71,-1.82,-1.82,65.10,33.0,51.75,30.62,13.05,979.29,-45.38,2100.0,455.0,-455.0,1,53.265
1784291481.488059521,01/01/2000,00:18:34.08,-961.43,-69.34,3.42,-0.56,-0.40,1.40,62.70,31.80,52.95,30.19,13.18,980.64,-43.31,1225.0,805.0,-367.50,1,53.265
1784291481.511070251,01/01/2000,00:18:34.11,-1025.88,-11.23,-33.20,-0.32,2.02,-1.22,64.95,34.05,51.15,30.43,13.42,988.93,-39.04,-752.50,140.0,-253.75,1,53.265
1784291481.545500517,01/01/2000,00:18:34.14,-1009.28,-11.23,9.28,0.92,-0.32,0.27,63.0,31.20,51.60,30.33,13.66,990.15,-42.70,-1146.25,-708.75,-87.50,1,53.265
1784291481.562614441,01/01/2000,00:18:34.16,-969.73,-15.14,21.48,-3.08,1.39,0.92,63.60,33.0,53.25,30.47,13.42,983.93,-47.58,813.75,-227.50,-227.50,1,53.266
1784291481.583406448,01/01/2000,00:18:34.18,-1023.93,-24.90,32.71,-1.53,-0.95,-0.87,64.35,31.35,52.20,30.09,12.93,980.88,-49.78,1601.25,148.75,-411.25,1,53.266
1784291481.601403952,01/01/2000,00:18:34.20,-1036.62,-16.60,-13.67,-1.05,-1.77,1.12,63.15,33.45,52.50,30.28,12.44,983.08,-48.31,1347.50,43.75,-332.50,1,53.266
1784291481.635958910,01/01/2000,00:18:34.23,-974.61,-21.00,5.37,0.97,0.93,3.06,64.35,33.45,51.30,30.33,13.30,989.66,-42.94,-1286.25,-717.50,-253.75,1,53.265
1784291481.658419371,01/01/2000,00:18:34.25,-990.23,-12.21,-2.44,1.21,-0.95,0.01,64.35,33.0,52.50,30.33,14.03,987.47,-44.41,-997.50,-638.75,-227.50,1,53.265
1784291481.674264669,01/01/2000,00:18:34.27,-1018.07,-12.21,-20.51,3.14,-2.17,-3.15,63.60,32.25,52.20,30.33,13.91,984.17,-48.43,-52.50,-280.0,-52.50,1,53.265
1784291481.691898108,01/01/2000,00:18:34.29,-1000.98,-18.07,3.91,1.80,-0.08,-0.97,65.10,32.55,51.75,30.47,12.93,982.83,-51.24,1478.75,78.75,-306.25,1,53.266
1784291481.712913752,01/01/2000,00:18:34.31,-1002.44,-22.46,15.14,1.08,-2.04,-0.89,63.30,33.60,52.35,30.33,11.71,985.27,-49.65,1277.50,-175.0,-490.0,1,53.266
1784291481.733810902,01/01/2000,00:18:34.33,-1019.04,-37.11,23.44,0.11,2.93,-0.22,63.30,33.15,52.65,30.47,11.83,987.59,-45.51,-315.0,-542.50,-341.25,1,53.266
1784291481.750702143,01/01/2000,00:18:34.34,-1004.88,-23.44,76.66,0.81,1.04,1.37,64.35,33.45,51.30,30.47,13.18,988.08,-43.92,-1522.50,-507.50,-192.50,1,53.266
1784291481.767700434,01/01/2000,00:18:34.36,-1016.60,-15.14,20.51,2.34,0.21,0.50,63.75,32.40,52.65,29.99,14.15,986.86,-45.26,-1251.25,-463.75,-183.75,1,53.265
1784291481.785732269,01/01/2000,00:18:34.38,-995.61,-33.20,40.04,0.21,0.02,1.31,63.90,33.45,52.95,30.19,13.79,984.54,-50.39,577.50,-350.0,-35.0,1,53.265
1784291481.803096771,01/01/2000,00:18:34.40,-998.54,-21.48,2.93,1.13,-0.65,0.35,63.75,32.40,52.65,30.52,12.57,983.93,-51.73,1601.25,-490.0,-367.50,1,53.266
1784291481.838083744,01/01/2000,00:18:34.43,-1027.83,-23.93,-39.55,-0.72,0.58,-0.42,63.15,31.35,52.20,30.33,12.44,986.25,-46.24,-271.25,-332.50,-350.0,1,53.266
1784291481.858956814,01/01/2000,00:18:34.45,-1019.04,-29.30,-32.23,3.11,0.06,-0.15,64.50,32.40,51.90,30.19,13.18,987.83,-44.65,-1312.50,-665.0,-306.25,1,53.266
1784291481.876461506,01/01/2000,00:18:34.47,-1022.46,-18.55,-31.25,-0.16,0.66,-2.69,64.65,33.0,52.50,30.19,13.91,986.98,-47.34,-498.75,-761.25,-157.50,1,53.266
1784291481.893657207,01/01/2000,00:18:34.49,-1034.18,-27.34,8.79,0.37,0.12,-0.55,63.15,33.0,51.75,30.47,14.03,984.78,-50.14,708.75,-735.0,-96.25,1,53.266
1784291481.910040379,01/01/2000,00:18:34.51,-975.10,-17.09,7.81,0.79,-1.29,0.71,63.15,33.0,51.75,30.33,13.18,983.56,-50.87,1225.0,-533.75,-210.0,1,53.266
1784291481.949220419,01/01/2000,00:18:34.54,-1034.18,-8.79,-18.55,0.70,1.82,-1.31,62.70,31.80,51.75,30.33,12.20,987.22,-46.12,-358.75,-472.50,-463.75,1,53.266
1784291481.966087818,01/01/2000,00:18:34.56,-1010.25,-42.48,6.35,-0.24,0.69,-0.48,63.15,33.0,52.20,30.33,13.18,987.96,-45.63,-717.50,-787.50,-227.50,1,53.266
1784291481.987747431,01/01/2000,00:18:34.58,-1007.81,-20.51,20.02,1.48,1.27,0.37,65.25,33.15,52.35,30.33,14.15,986.37,-47.58,-350.0,-472.50,-183.75,1,53.266
1784291482.017143250,01/01/2000,00:18:34.61,-1042.97,-20.02,14.65,-0.91,-0.95,-1.11,65.25,31.95,51.90,30.43,13.66,983.93,-50.39,840.0,-280.0,-105.0,1,53.266
1784291482.032580137,01/01/2000,00:18:34.63,-1053.22,-31.25,15.63,1.67,0.54,-0.60,64.65,33.0,52.20,30.52,12.57,984.66,-49.65,901.25,-253.75,-315.0,1,53.266
1784291482.050110579,01/01/2000,00:18:34.65,-1008.30,0.98,5.37,-1.41,2.27,0.15,63.0,33.15,51.90,30.19,11.83,986.74,-47.34,52.50,-490.0,-297.50,1,53.266
1784291482.075161219,01/01/2000,00:18:34.67,-1003.91,-21.97,36.13,1.52,0.36,1.07,64.65,33.0,52.50,30.47,12.20,987.47,-45.63,-796.25,-848.75,-306.25,1,53.265
1784291482.087176323,01/01/2000,00:18:34.68,-1012.21,-18.07,13.67,-0.07,0.89,2.75,62.40,32.25,52.95,30.33,13.30,986.74,-46.36,-586.25,-743.75,-122.50,1,53.265
1784291482.106189489,01/01/2000,00:18:34.70,-1031.25,-30.27,74.22,0.61,0.18,0.37,64.50,30.75,52.65,30.52,14.15,985.27,-48.56,122.50,-568.75,-183.75,1,53.265
1784291482.121775150,01/01/2000,00:18:34.72,-1004.39,-27.83,27.34,-1.08,-0.30,-1.28,64.50,32.40,51.90,30.62,13.66,984.54,-49.90,857.50,-577.50,-183.75,1,53.266
1784291482.143571377,01/01/2000,00:18:34.74,-1034.67,4.88,24.41,1.50,-0.70,-0.89,64.05,32.40,51.90,30.47,12.57,985.52,-48.56,717.50,-726.25,-288.75,1,53.266
1784291482.166712046,01/01/2000,00:18:34.76,-1024.90,-39.06,-17.58,2.24,0.17,0.92,61.80,30.75,53.85,30.47,12.08,986.61,-46.36,-341.25,-647.50,-332.50,1,53.266
1784291482.183312893,01/01/2000,00:18:34.77,-1006.35,-47.36,76.66,0.86,-0.05,-0.59,64.05,32.40,51.15,30.33,12.44,986.98,-45.63,-770.0,-525.0,-341.25,1,53.266
1784291482.199737549,01/01/2000,00:18:34.80,-1023.93,-39.55,35.64,0.71,-2.66,-0.07,64.05,34.35,51.15,30.62,13.54,986.25,-46.97,-376.25,-936.25,-183.75,1,53.266
1784291482.217080355,01/01/2000,00:18:34.81,-1007.81,-42.97,-25.88,2.09,0.04,-0.59,63.75,32.85,51.15,30.33,14.03,985.03,-49.17,525.0,-726.25,-131.25,1,53.265
1784291482.234306812,01/01/2000,00:18:34.83,-982.91,-14.65,-2.44,-3.26,0.69,1.59,65.70,31.20,53.10,30.33,13.30,984.66,-49.78,796.25,-735.0,-70.0,1,53.265
1784291482.251636744,01/01/2000,00:18:34.85,-1021.97,-28.32,17.09,-1.93,-1.05,-1.71,65.70,31.20,53.10,30.09,12.93,985.15,-48.68,446.25,-393.75,-210.0,1,53.266
1784291482.275606155,01/01/2000,00:18:34.87,-1007.32,-36.62,14.65,-1.53,1.94,-1.92,64.35,32.25,52.95,30.62,12.32,986.37,-46.36,-201.25,-656.25,-315.0,1,53.266
1784291482.291507483,01/01/2000,00:18:34.89,-1030.27,-44.92,49.32,-0.15,-0.94,-1.50,63.60,31.35,51.75,30.19,12.69,986.86,-46.24,-621.25,-726.25,-306.25,1,53.266
1784291482.307688236,01/01/2000,00:18:34.90,-1037.11,-21.00,15.63,1.33,-0.85,1.75,64.50,31.65,50.85,30.19,13.42,986.13,-47.82,-218.75,-953.75,-148.75,1,53.266
1784291482.325138092,01/01/2000,00:18:34.92,-1020.51,-25.39,37.11,-1.46,1.18,0.35,64.05,32.40,52.35,30.47,13.91,984.91,-49.41,542.50,-516.25,-218.75,1,53.266
1784291482.346322060,01/01/2000,00:18:34.94,-1028.81,-21.97,19.04,0.79,-0.66,-0.54,64.05,31.65,52.35,30.09,13.54,984.78,-49.53,577.50,-516.25,-245.0,1,53.266
1784291482.368157387,01/01/2000,00:18:34.96,-1007.81,-28.32,23.93,1.27,0.26,1.31,64.95,31.95,51.90,30.33,12.69,985.64,-48.07,262.50,-498.75,-192.50,1,53.266
1784291482.384177685,01/01/2000,00:18:34.98,-1019.53,-18.07,61.04,-0.39,-0.56,-0.19,64.50,32.40,51.15,30.33,12.20,986.74,-46.85,-297.50,-586.25,-376.25,1,53.266
1784291482.402162552,01/01/2000,00:18:35.00,-1033.69,-15.63,-16.60,-0.63,-0.38,0.05,63.90,33.0,52.20,30.33,12.69,986.74,-47.09,-516.25,-980.0,-201.25,1,53.266
1784291482.420195818,01/01/2000,00:18:35.02,-1003.91,-33.69,82.03,-2.73,-1.27,1.76,64.95,32.85,51.90,30.28,13.66,985.39,-48.43,52.50,-735.0,-262.50,1,53.266
1784291482.436859369,01/01/2000,00:18:35.03,-1014.16,-29.79,34.67,0.96,-3.28,-0.56,64.05,32.40,50.85,30.33,13.91,984.66,-49.17,525.0,-603.75,-8.75,1,53.266
1784291482.453448772,01/01/2000,00:18:35.05,-1048.34,-43.95,21.48,1.34,-0.51,0.22,65.10,33.0,50.55,30.33,13.79,983.20,-48.31,1172.50,-113.75,-218.75,1,53.267
1784291482.475468636,01/01/2000,00:18:35.07,-993.65,-43.46,-31.25,1.09,0.29,0.77,63.15,31.05,53.70,30.62,12.93,985.76,-44.65,78.75,-227.50,-218.75,1,53.266
1784291482.492435694,01/01/2000,00:18:35.09,-1021.48,18.07,9.77,-3.40,-0.97,0.20,63.30,31.95,51.90,30.43,13.54,986.13,-41.72,-61.25,402.50,-271.25,1,53.266
1784291482.515998602,01/01/2000,00:18:35.11,-1023.93,-41.02,33.69,-3.62,0.70,-1.13,63.0,31.20,54.15,30.47,14.88,986.49,-39.41,420.0,1041.25,-315.0,1,53.266
1784291482.540909052,01/01/2000,00:18:35.13,-1018.55,-40.53,-5.37,-2.44,0.69,-0.11,64.05,32.40,51.15,30.52,15.62,988.20,-38.67,-297.50,1198.75,-52.50,1,53.265
1784291482.558455229,01/01/2000,00:18:35.15,-1032.23,-17.09,37.60,-0.34,-2.21,-0.30,64.35,33.0,52.50,30.43,14.88,986.61,-38.92,315.0,1330.0,-350.0,1,53.265
1784291482.575629950,01/01/2000,00:18:35.17,-1019.04,-43.46,16.11,-1.08,-0.35,0.18,63.75,31.65,50.85,30.47,14.27,985.39,-38.55,787.50,1662.50,-288.75,1,53.265
1784291482.593626499,01/01/2000,00:18:35.19,-1028.81,-13.18,-18.07,-0.88,-2.53,-1.27,63.75,31.65,50.85,30.33,14.40,984.05,-36.72,953.75,2231.25,-253.75,1,53.266
1784291482.619199514,01/01/2000,00:18:35.21,-1028.32,-27.34,18.55,0.95,2.03,2.32,63.15,31.80,51.75,30.52,14.64,984.78,-33.55,-96.25,2773.75,-463.75,1,53.265
1784291482.633511066,01/01/2000,00:18:35.23,-1052.25,0.0,3.42,0.10,2.45,0.82,63.60,32.55,51.75,30.33,14.40,986.13,-32.94,-385.0,2021.25,-148.75,1,53.266
1784291482.648345709,01/01/2000,00:18:35.24,-1014.65,-21.97,-25.88,0.08,-0.74,-0.15,64.05,31.20,53.10,30.33,13.30,988.69,-34.16,-253.75,1111.25,-227.50,1,53.266
1784291482.665718079,01/01/2000,00:18:35.26,-1026.37,-36.13,24.41,1.93,0.36,2.08,64.35,30.60,51.0,30.09,11.71,990.40,-36.60,8.75,-551.25,-262.50,1,53.266
1784291482.687600136,01/01/2000,00:18:35.28,-1009.77,-8.30,-29.30,2.62,1.61,-0.80,65.10,31.05,53.70,30.33,11.10,989.05,-39.41,122.50,-1426.25,-52.50,1,53.265
1784291482.703832626,01/01/2000,00:18:35.30,-994.63,-25.88,16.60,0.01,0.18,0.42,63.75,32.40,52.65,30.33,10.86,986.13,-40.02,227.50,-1575.0,-175.0,1,53.265
1784291482.721740961,01/01/2000,00:18:35.32,-995.61,-45.41,-21.00,1.42,1.21,-0.46,64.95,31.95,52.35,30.43,11.59,984.05,-40.63,-227.50,-1155.0,-210.0,1,53.266
1784291482.741296530,01/01/2000,00:18:35.33,-997.56,-15.63,-36.13,-1.50,-1.31,-0.71,63.75,30.75,52.35,30.47,11.59,982.59,-41.85,183.75,-1942.50,-70.0,1,53.266
1784291482.760399103,01/01/2000,00:18:35.36,-1012.70,-3.42,43.46,4.02,-1.60,1.69,63.75,31.65,52.65,30.43,12.44,984.42,-44.29,43.75,-2065.0,-122.50,1,53.266
1784291482.777548552,01/01/2000,00:18:35.37,-1009.77,-43.46,30.76,0.07,0.23,-3.41,64.50,32.40,51.90,30.33,13.18,984.91,-45.26,288.75,-1478.75,-70.0,1,53.266
1784291482.794488668,01/01/2000,00:18:35.39,-1049.80,-28.32,56.15,1.99,-0.18,-1.45,63.0,31.65,51.60,30.19,13.54,985.76,-45.87,813.75,-1058.75,-175.0,1,53.266
1784291482.811660051,01/01/2000,00:18:35.41,-1036.62,-20.51,71.29,1.18,1.14,0.24,65.25,31.95,51.90,30.33,13.05,987.96,-44.90,490.0,-1225.0,-262.50,1,53.266
1784291482.836889267,01/01/2000,00:18:35.43,-1021.00,-27.83,42.48,3.25,-0.21,-1.47,63.75,31.20,51.90,30.62,12.69,989.18,-44.65,-1076.25,-1986.25,-52.50,1,53.266
1784291482.852760077,01/01/2000,00:18:35.45,-993.16,-40.53,0.0,1.98,0.55,-0.10,64.05,33.15,51.60,30.43,13.05,985.27,-46.73,-323.75,-1863.75,-183.75,1,53.266
1784291482.868827581,01/01/2000,00:18:35.46,-1036.62,-32.23,76.66,1.15,0.98,1.15,63.60,31.35,50.25,30.52,12.69,982.47,-48.68,796.25,-2520.0,-26.25,1,53.266
1784291482.888628721,01/01/2000,00:18:35.48,-1010.74,-24.90,-14.16,4.86,-2.53,2.80,62.40,32.55,52.50,30.33,12.57,984.42,-51.24,551.25,-2572.50,-175.0,1,53.266
1784291482.905618191,01/01/2000,00:18:35.50,-973.14,-30.76,-5.37,4.28,-0.37,-0.71,62.70,33.0,52.95,30.19,13.42,985.15,-50.75,586.25,-1785.0,-166.25,1,53.266
1784291482.923661470,01/01/2000,00:18:35.52,-1005.86,-20.02,6.84,1.69,-2.33,2.54,64.95,31.95,53.40,30.43,13.91,985.39,-48.43,1216.25,-1303.75,-236.25,1,53.267
1784291482.948567390,01/01/2000,00:18:35.54,-1040.04,-40.53,58.59,-0.77,-1.41,-0.18,63.60,33.45,52.50,30.43,14.27,987.71,-44.90,-70.0,-1312.50,-122.50,1,53.266
1784291482.963567734,01/01/2000,00:18:35.56,-1026.37,-62.01,49.80,-1.04,1.21,-1.21,64.35,33.0,51.75,30.33,14.40,989.66,-42.82,-1207.50,-1356.25,-113.75,1,53.266
1784291482.980560780,01/01/2000,00:18:35.58,-1030.27,-20.02,19.04,3.57,3.05,0.63,64.95,33.15,51.90,30.47,13.91,988.32,-45.26,-1636.25,-1452.50,-122.50,1,53.266
1784291482.997414827,01/01/2000,00:18:35.59,-1014.65,-30.27,-15.14,1.63,0.48,-0.61,63.60,31.80,51.30,30.33,13.66,983.93,-50.14,463.75,-1365.0,-61.25,1,53.266
1784291483.014851570,01/01/2000,00:18:35.61,-1038.09,-33.69,24.41,-2.43,-1.25,-0.52,63.15,31.80,51.0,30.52,13.54,982.34,-53.07,1680.0,-988.75,-297.50,1,53.266
1784291483.041443825,01/01/2000,00:18:35.64,-1034.67,-29.30,-7.32,2.09,1.28,-0.66,64.35,31.80,52.95,30.33,13.79,984.17,-50.39,280.0,-1023.75,-175.0,1,53.266
1784291483.061884403,01/01/2000,00:18:35.66,-1058.11,-9.77,-31.74,0.67,1.37,0.24,63.60,31.80,51.75,29.95,13.66,985.52,-47.95,-315.0,-1067.50,-140.0,1,53.266
1784291483.079154253,01/01/2000,00:18:35.68,-1014.16,-5.37,70.31,-0.04,-1.16,0.08,64.35,31.80,51.75,30.52,13.54,986.74,-47.09,201.25,-1155.0,-192.50,1,53.266
1784291483.102247000,01/01/2000,00:18:35.70,-1004.39,-11.72,-3.91,0.18,1.66,-1.44,63.30,33.15,51.90,30.43,13.66,988.32,-46.73,-297.50,-1085.0,-52.50,1,53.266
1784291483.120438576,01/01/2000,00:18:35.71,-1014.65,-38.09,29.79,-0.08,1.13,-0.27,63.30,31.95,51.15,30.33,13.91,986.49,-47.21,-393.75,-822.50,-218.75,1,53.266
1784291483.155744076,01/01/2000,00:18:35.75,-1021.97,-26.86,-27.34,1.99,0.12,0.14,63.75,31.20,51.60,30.28,13.54,981.73,-50.14,323.75,-743.75,-245.0,1,53.266
1784291483.173116446,01/01/2000,00:18:35.77,-1017.58,-0.98,43.95,2.40,-0.73,-1.26,64.65,32.55,51.75,30.62,13.18,983.69,-51.24,647.50,-638.75,-385.0,1,53.266
1784291483.190119028,01/01/2000,00:18:35.79,-1013.67,-38.57,-22.95,2.69,-1.02,-0.46,64.05,30.75,52.35,29.99,13.30,986.25,-50.02,551.25,-1006.25,-376.25,1,53.266
1784291483.207901001,01/01/2000,00:18:35.80,-1003.91,-37.11,32.23,1.31,0.86,-0.68,62.55,32.85,51.60,30.33,13.66,988.08,-48.07,253.75,-813.75,-218.75,1,53.266
1784291483.225975990,01/01/2000,00:18:35.82,-1034.67,-21.00,-16.60,-0.42,-0.80,-0.59,63.60,32.55,51.75,30.47,13.79,989.42,-46.85,-227.50,-770.0,-166.25,1,53.266
1784291483.263781786,01/01/2000,00:18:35.86,-1002.44,-37.60,63.48,-0.59,0.89,-0.63,62.40,33.0,51.75,30.43,13.66,986.98,-48.07,-490.0,-708.75,-315.0,1,53.266
1784291483.281023979,01/01/2000,00:18:35.88,-983.89,-19.53,59.08,0.76,2.53,0.85,63.60,33.45,50.55,30.28,13.54,982.10,-50.14,87.50,-918.75,-201.25,1,53.266
1784291483.302175999,01/01/2000,00:18:35.90,-1036.13,-43.95,44.92,0.02,-0.30,-1.69,64.50,32.40,50.85,29.99,13.42,979.42,-51.85,778.75,-691.25,-227.50,1,53.266
1784291483.319160700,01/01/2000,00:18:35.92,-1013.67,0.49,-0.49,-0.27,-1.65,0.06,61.80,32.85,52.35,30.33,13.18,981.25,-51.97,1058.75,-866.25,-253.75,1,53.266
1784291483.353862524,01/01/2000,00:18:35.95,-1027.34,-15.14,-54.20,0.27,-0.79,2.60,64.95,31.65,52.35,30.28,13.66,988.32,-47.21,166.25,-918.75,-175.0,1,53.266
1784291483.375316620,01/01/2000,00:18:35.97,-1010.25,-18.07,11.23,2.22,-0.56,-1.93,63.75,31.95,51.60,30.33,14.03,989.91,-45.51,-638.75,-1076.25,-166.25,1,53.266
1784291483.393316507,01/01/2000,00:18:35.99,-998.05,-21.97,58.11,1.03,1.15,-0.34,64.65,31.80,52.20,30.43,14.15,989.30,-45.87,-507.50,-682.50,-201.25,1,53.266
1784291483.410745621,01/01/2000,00:18:36.01,-1028.32,-29.30,-11.72,1.40,0.35,0.04,64.95,31.95,52.35,30.33,13.66,988.08,-47.82,-446.25,-831.25,-236.25,1,53.266
1784291483.427626133,01/01/2000,00:18:36.02,-1014.16,-12.70,-10.74,0.50,0.21,-0.37,63.75,32.40,51.60,30.33,13.42,986.49,-50.51,297.50,-743.75,-157.50,1,53.266
1784291483.453056097,01/01/2000,00:18:36.04,-1005.37,7.32,-73.73,1.29,-1.29,-1.07,63.30,32.85,50.40,30.43,13.42,983.20,-51.48,1102.50,-568.75,-192.50,1,53.266
1784291483.472058296,01/01/2000,00:18:36.06,-1015.63,-47.85,-14.16,-1.15,0.03,1.05,65.25,33.15,51.60,30.28,13.42,982.59,-50.39,743.75,-717.50,-262.50,1,53.266
1784291483.486334801,01/01/2000,00:18:36.08,-1014.65,-26.86,-16.11,-0.47,-1.83,-0.99,64.95,32.40,51.60,30.19,13.54,984.30,-48.07,-288.75,-682.50,-245.0,1,53.267
1784291483.505587578,01/01/2000,00:18:36.10,-1022.95,-43.46,107.42,-1.08,0.47,-0.31,64.65,31.80,51.75,30.47,13.42,985.76,-47.82,-280.0,-892.50,-236.25,1,53.266
1784291483.522596121,01/01/2000,00:18:36.12,-1039.55,-7.81,28.81,2.26,-2.07,-0.53,61.20,30.15,54.0,30.43,13.18,986.61,-48.92,367.50,-866.25,-280.0,1,53.267
1784291483.551223278,01/01/2000,00:18:36.15,-1036.13,-12.70,-4.88,0.34,-3.44,0.66,61.95,33.0,52.95,30.47,13.54,986.49,-49.41,376.25,-691.25,-271.25,1,53.266
1784291483.571246862,01/01/2000,00:18:36.17,-1028.32,-8.79,5.86,1.57,2.04,-0.87,62.70,31.80,52.50,30.62,13.66,985.88,-48.92,17.50,-726.25,-280.0,1,53.266
1784291483.596370220,01/01/2000,00:18:36.19,-1022.95,-1.95,42.97,-2.85,0.50,0.55,61.95,33.0,51.30,30.43,13.42,985.27,-48.92,43.75,-857.50,-140.0,1,53.266
1784291483.609549046,01/01/2000,00:18:36.21,-1036.62,-53.22,13.18,-0.53,0.05,1.02,63.90,33.0,52.20,30.43,13.30,985.39,-49.53,131.25,-551.25,-376.25,1,53.265
1784291483.627707005,01/01/2000,00:18:36.22,-1039.06,-51.76,60.55,-1.35,1.16,0.18,63.15,33.45,49.80,30.43,13.18,986.61,-50.39,52.50,-656.25,-122.50,1,53.265
1784291483.644258738,01/01/2000,00:18:36.24,-1007.32,-34.18,14.16,1.08,-1.05,2.06,63.30,31.95,50.85,30.19,13.42,986.74,-51.12,175.0,-726.25,-262.50,1,53.265
1784291483.666356802,01/01/2000,00:18:36.26,-994.63,-29.30,74.71,0.69,-1.50,-0.27,64.95,32.40,51.15,30.33,13.79,985.27,-50.26,822.50,-673.75,-288.75,1,53.265
1784291483.688803673,01/01/2000,00:18:36.28,-1017.09,2.44,-27.34,1.08,0.93,-0.84,61.35,30.75,53.40,30.19,13.79,985.52,-47.70,280.0,-420.0,-122.50,1,53.266
1784291483.705792189,01/01/2000,00:18:36.30,-1029.30,-27.34,30.76,1.20,2.50,-0.54,64.35,33.45,51.0,30.52,13.30,986.61,-46.12,-647.50,-840.0,-113.75,1,53.266
1784291483.720797777,01/01/2000,00:18:36.32,-996.09,-24.41,88.87,-0.14,-2.82,0.53,63.90,32.25,52.20,30.43,13.42,985.76,-48.07,-297.50,-665.0,-175.0,1,53.266
1784291483.738422871,01/01/2000,00:18:36.33,-1021.48,-12.21,-57.62,2.50,0.40,-0.98,63.60,32.55,52.20,30.19,13.05,985.27,-50.14,297.50,-726.25,-271.25,1,53.266
1784291483.755325794,01/01/2000,00:18:36.35,-1038.09,-25.88,84.96,-0.69,-0.77,-1.12,63.60,32.55,52.20,30.28,13.30,985.03,-52.09,717.50,-831.25,-332.50,1,53.265
1784291483.772765636,01/01/2000,00:18:36.37,-1030.76,1.46,-43.95,1.49,-0.82,-0.93,62.55,31.95,52.35,30.43,13.54,984.54,-51.97,533.75,-437.50,-297.50,1,53.266
1784291483.800301075,01/01/2000,00:18:36.39,-1011.23,-28.81,-4.39,2.42,-0.24,2.40,62.70,32.25,49.80,30.33,13.42,984.05,-50.26,-201.25,-743.75,-218.75,1,53.265
1784291483.814898252,01/01/2000,00:18:36.41,-1024.90,-62.01,19.04,0.07,0.69,0.96,62.70,31.80,51.0,30.33,13.18,984.05,-49.90,8.75,-542.50,-332.50,1,53.266
1784291483.828416586,01/01/2000,00:18:36.42,-995.12,-28.32,-0.98,0.72,0.66,0.36,63.90,33.0,51.75,30.33,12.93,985.15,-50.02,446.25,-778.75,-315.0,1,53.266
1784291483.845415831,01/01/2000,00:18:36.44,-1057.13,-8.30,6.35,0.53,-1.83,0.04,63.90,33.0,51.75,30.47,13.05,988.93,-49.90,201.25,-700.0,-183.75,1,53.266
1784291483.866493702,01/01/2000,00:18:36.46,-1012.70,-20.02,31.74,0.63,-0.63,-0.53,63.30,32.40,52.65,30.19,13.42,990.03,-49.29,-175.0,-665.0,-271.25,1,53.266
1784291483.901417732,01/01/2000,00:18:36.50,-1008.79,-34.18,23.93,-1.58,-2.10,-0.20,62.55,31.65,51.60,30.33,14.27,982.83,-48.19,227.50,-455.0,-52.50,1,53.266
1784291483.918360233,01/01/2000,00:18:36.51,-997.07,-26.37,85.94,0.09,1.10,-0.75,63.0,32.40,51.60,30.33,13.54,981.73,-48.80,-358.75,-638.75,-306.25,1,53.266
1784291483.940214872,01/01/2000,00:18:36.54,-1031.74,-43.95,15.14,3.56,-1.50,1.14,64.05,33.15,52.35,30.33,12.69,983.56,-51.24,201.25,-673.75,-411.25,1,53.266
1784291483.956223726,01/01/2000,00:18:36.55,-1029.30,-45.41,14.65,-2.95,1.29,0.54,64.05,32.85,52.35,30.33,12.69,985.76,-52.70,577.50,-787.50,-297.50,1,53.266
1784291483.974214315,01/01/2000,00:18:36.57,-1011.72,-29.30,52.25,-0.04,-0.26,1.14,64.05,32.40,50.85,30.28,13.54,986.61,-51.85,595.0,-787.50,-376.25,1,53.266
1784291483.998189688,01/01/2000,00:18:36.59,-1023.44,-32.23,-0.98,-0.09,-0.43,0.26,63.0,32.40,52.65,30.33,14.40,986.74,-47.82,122.50,-577.50,-227.50,1,53.266
1784291484.017189503,01/01/2000,00:18:36.61,-1023.44,-17.09,31.25,-0.91,2.59,-0.91,63.75,32.85,51.60,30.52,14.03,987.10,-45.87,-691.25,-682.50,-140.0,1,53.266
1784291484.030928850,01/01/2000,00:18:36.63,-1022.95,-1.95,100.59,-0.25,1.99,2.14,63.75,32.40,50.40,30.43,13.18,987.22,-47.46,-743.75,-551.25,-192.50,1,53.266
1784291484.051746368,01/01/2000,00:18:36.64,-1017.09,-31.74,11.23,0.08,-0.82,0.85,62.55,33.15,49.35,30.47,12.44,986.74,-51.24,-122.50,-691.25,-218.75,1,53.266
1784291484.077457190,01/01/2000,00:18:36.67,-1012.21,-1.95,-33.20,-1.89,-0.67,-0.24,64.50,31.65,50.40,30.33,12.93,985.39,-54.05,1295.0,-630.0,-367.50,1,53.265
1784291484.095586538,01/01/2000,00:18:36.69,-980.96,-22.95,-4.39,-0.56,1.48,2.27,63.30,31.95,51.15,30.43,14.15,986.00,-51.61,446.25,-603.75,-192.50,1,53.265
1784291484.113521099,01/01/2000,00:18:36.71,-1018.07,-25.88,-13.18,1.81,0.39,0.05,64.35,33.45,52.50,30.09,14.15,986.37,-47.82,-411.25,-463.75,-201.25,1,53.266
1784291484.130407572,01/01/2000,00:18:36.73,-987.30,-31.25,14.16,0.12,1.05,-1.48,64.50,31.95,51.60,30.43,13.42,985.39,-46.73,-595.0,-735.0,-122.50,1,53.266
1784291484.150265694,01/01/2000,00:18:36.75,-1018.07,-21.48,76.66,1.21,0.30,-1.47,63.90,32.55,51.0,30.33,12.93,983.69,-48.56,175.0,-525.0,-236.25,1,53.266
1784291484.171734095,01/01/2000,00:18:36.76,-1026.37,-47.36,73.73,0.67,-1.10,-0.75,62.70,32.55,52.20,30.47,12.57,984.78,-51.00,682.50,-770.0,-262.50,1,53.266
1784291484.187232018,01/01/2000,00:18:36.78,-1031.74,-23.93,37.60,3.56,0.77,-0.18,62.70,32.55,52.20,30.33,13.05,987.22,-51.00,752.50,-761.25,-280.0,1,53.266
1784291484.205967665,01/01/2000,00:18:36.80,-1022.46,-28.81,5.86,-0.77,0.76,0.92,62.55,32.85,51.90,30.43,14.15,988.69,-48.07,-140.0,-673.75,-140.0,1,53.265
1784291484.223259449,01/01/2000,00:18:36.82,-1018.55,-14.16,85.45,-0.40,-1.29,0.92,62.70,31.80,51.75,30.47,14.15,987.22,-46.97,-542.50,-726.25,-183.75,1,53.266
1784291484.258749247,01/01/2000,00:18:36.85,-1017.58,-22.95,45.90,2.0,-2.65,2.01,61.80,32.40,50.85,30.28,12.57,984.42,-50.63,288.75,-542.50,-350.0,1,53.266
1784291484.297199965,01/01/2000,00:18:36.89,-992.68,-25.39,-53.71,3.21,0.54,1.41,63.60,31.80,51.75,29.95,13.18,986.25,-51.12,-35.0,-656.25,-332.50,1,53.266
1784291484.314448595,01/01/2000,00:18:36.91,-998.54,-30.27,58.11,1.02,-1.05,0.07,62.25,32.40,53.10,30.43,13.91,985.27,-50.14,52.50,-691.25,-315.0,1,53.266
1784291484.331037283,01/01/2000,00:18:36.93,-1033.20,-23.93,-15.63,1.15,0.34,0.43,64.50,32.40,51.15,30.43,14.15,985.03,-49.90,61.25,-568.75,-122.50,1,53.266
1784291484.358057737,01/01/2000,00:18:36.95,-1021.48,-32.23,42.97,1.47,2.23,-0.64,63.60,33.75,52.20,30.33,13.30,986.74,-49.53,341.25,-411.25,-201.25,1,53.266
1784291484.372328281,01/01/2000,00:18:36.97,-1004.39,-14.16,43.95,-0.56,-2.20,-0.69,62.55,31.95,51.90,30.43,12.69,986.61,-48.19,43.75,-647.50,-175.0,1,53.266
1784291484.389869452,01/01/2000,00:18:36.98,-1000.49,-53.71,16.11,1.55,0.05,1.33,62.40,32.25,52.20,30.33,12.81,985.27,-47.46,-367.50,-726.25,-236.25,1,53.266
1784291484.408522606,01/01/2000,00:18:37.00,-1004.88,-29.30,27.83,0.34,0.53,-0.12,62.70,33.0,51.30,30.19,13.42,983.56,-49.29,-297.50,-586.25,-227.50,1,53.266
1784291484.425371408,01/01/2000,00:18:37.02,-1019.04,-14.65,15.63,3.16,-2.15,-2.11,62.25,31.95,51.60,30.52,13.54,983.32,-51.97,805.0,-735.0,-210.0,1,53.266
1784291484.443215609,01/01/2000,00:18:37.04,-1000.98,-17.09,-41.50,1.21,-0.79,-0.46,62.70,33.45,51.30,30.09,13.05,985.52,-52.22,848.75,-665.0,-236.25,1,53.267
1784291484.460718155,01/01/2000,00:18:37.06,-1003.42,-29.30,44.92,-1.15,0.03,0.50,63.75,31.95,51.15,30.62,12.93,986.98,-50.14,-113.75,-586.25,-350.0,1,53.266
1784291484.482059240,01/01/2000,00:18:37.08,-1005.37,-27.34,84.47,-1.96,-0.41,-1.28,63.75,32.85,51.60,30.43,13.05,985.52,-48.43,-236.25,-717.50,-323.75,1,53.266
1784291484.498656034,01/01/2000,00:18:37.09,-1019.04,-20.02,64.94,1.65,-0.96,1.91,61.80,32.40,52.35,30.43,13.18,984.78,-48.92,122.50,-822.50,-288.75,1,53.266
1784291484.517574072,01/01/2000,00:18:37.11,-1045.90,-27.34,-2.44,-0.79,-0.20,-2.68,62.55,31.95,50.40,30.19,13.42,986.37,-50.02,245.0,-568.75,-201.25,1,53.266
1784291484.533475399,01/01/2000,00:18:37.13,-1049.32,-18.07,18.55,-0.37,0.53,-1.75,64.65,32.55,50.55,30.19,13.42,987.83,-49.90,551.25,-560.0,-210.0,1,53.266
1784291484.557769060,01/01/2000,00:18:37.15,-1009.77,-18.55,-65.92,1.27,0.75,1.44,62.55,31.95,51.60,30.47,13.42,987.96,-48.07,-463.75,-691.25,-297.50,1,53.266
1784291484.579362392,01/01/2000,00:18:37.18,-1002.93,-47.85,33.69,0.02,0.63,-2.06,60.30,31.20,54.15,30.09,13.79,984.42,-50.14,-551.25,-638.75,-122.50,1,53.266
1784291484.604364395,01/01/2000,00:18:37.20,-1029.79,-29.30,14.16,1.60,-0.23,-0.03,63.30,34.35,51.15,30.09,13.30,982.95,-54.66,761.25,-691.25,-323.75,1,53.266
1784291484.622309685,01/01/2000,00:18:37.22,-1014.16,-31.25,-16.60,0.27,0.36,-1.69,62.25,32.40,51.90,30.19,13.30,985.15,-54.90,1198.75,-437.50,-288.75,1,53.266
1784291484.639872789,01/01/2000,00:18:37.24,-1029.79,-29.30,46.39,-2.34,-1.59,1.19,62.40,31.35,51.0,30.47,13.18,986.86,-50.63,122.50,-656.25,-341.25,1,53.266
1784291484.655873060,01/01/2000,00:18:37.25,-967.77,-16.60,83.98,2.66,0.50,0.20,62.25,32.85,51.15,29.99,13.66,985.76,-47.09,-376.25,-770.0,-52.50,1,53.266
1784291484.673565865,01/01/2000,00:18:37.27,-1021.48,-10.25,46.88,-0.43,0.02,-0.25,64.35,31.35,51.0,30.43,13.79,985.03,-47.09,-227.50,-656.25,-43.75,1,53.265
1784291484.698535442,01/01/2000,00:18:37.29,-1014.16,-22.95,-49.32,0.21,-0.83,2.02,61.65,31.80,50.55,30.09,13.18,986.00,-48.92,201.25,-656.25,-157.50,1,53.265
1784291484.713629246,01/01/2000,00:18:37.31,-1007.81,-8.30,14.16,0.23,0.81,-0.91,63.75,32.40,51.60,30.43,13.05,986.61,-49.90,630.0,-577.50,-218.75,1,53.266
1784291484.729288578,01/01/2000,00:18:37.33,-1031.25,-9.28,15.14,0.83,1.24,0.20,63.30,32.85,51.15,30.47,12.69,986.49,-49.41,157.50,-822.50,-315.0,1,53.266
1784291484.746550083,01/01/2000,00:18:37.34,-980.96,-21.00,52.25,0.73,-0.43,0.62,63.30,31.65,50.85,30.47,13.42,985.52,-49.29,-393.75,-577.50,-297.50,1,53.266
1784291484.767550468,01/01/2000,00:18:37.36,-1012.70,-20.51,34.18,1.66,-0.79,0.60,61.80,32.85,51.15,30.62,13.42,984.05,-51.61,157.50,-560.0,-210.0,1,53.266
1784291484.785501957,01/01/2000,00:18:37.38,-1042.97,-24.90,-29.79,0.32,-1.09,-0.89,60.30,32.85,50.40,30.19,13.18,983.56,-52.70,691.25,-708.75,-323.75,1,53.266
1784291484.808124542,01/01/2000,00:18:37.40,-1038.09,-47.85,38.57,1.02,0.97,1.58,63.0,31.65,50.10,30.43,12.81,985.27,-51.61,647.50,-568.75,-201.25,1,53.266
1784291484.823149204,01/01/2000,00:18:37.42,-983.40,-9.77,1.95,0.89,1.02,0.28,63.15,32.55,49.50,30.19,12.69,986.86,-49.29,-498.75,-883.75,-166.25,1,53.266
1784291484.840358496,01/01/2000,00:18:37.44,-1003.91,-23.93,0.49,-0.50,-1.01,1.08,63.60,31.80,50.55,30.62,13.05,985.88,-49.17,-166.25,-761.25,-210.0,1,53.266
1784291484.857357740,01/01/2000,00:18:37.45,-1009.77,-7.81,-28.81,1.45,-1.44,-1.09,63.0,31.95,50.85,30.33,13.30,985.03,-49.90,481.25,-778.75,-148.75,1,53.266
1784291484.874887943,01/01/2000,00:18:37.47,-1009.28,-7.81,-8.30,-1.37,1.89,2.63,61.95,31.80,51.0,29.95,13.30,986.61,-50.51,148.75,-630.0,-113.75,1,53.266
1784291484.913592815,01/01/2000,00:18:37.51,-1037.60,-21.00,18.55,-0.31,0.02,-2.02,61.20,32.25,53.25,29.95,12.57,985.76,-50.75,490.0,-708.75,-288.75,1,53.267
1784291484.932946205,01/01/2000,00:18:37.53,-1017.58,-28.81,-30.27,0.83,-3.47,1.28,62.40,31.80,51.0,30.33,12.69,985.03,-49.53,78.75,-708.75,-280.0,1,53.266
1784291484.948165655,01/01/2000,00:18:37.54,-1019.04,-30.76,48.34,1.40,1.12,-0.67,62.40,32.25,52.50,30.09,13.05,984.91,-48.19,-463.75,-568.75,-280.0,1,53.266
1784291484.969147921,01/01/2000,00:18:37.57,-1010.74,-11.72,-5.86,0.92,-1.08,-0.66,61.80,30.0,51.90,30.33,13.18,984.54,-49.90,-87.50,-638.75,-227.50,1,53.266
1784291484.986121655,01/01/2000,00:18:37.58,-978.03,-36.13,25.88,1.65,-0.73,-1.62,62.40,32.25,52.20,30.33,13.05,985.03,-51.73,586.25,-525.0,-306.25,1,53.266
1784291485.003646135,01/01/2000,00:18:37.60,-1023.93,-29.79,68.85,0.67,1.06,-2.13,63.0,31.65,50.10,30.33,13.05,985.76,-51.97,315.0,-717.50,-306.25,1,53.267
1784291485.025743723,01/01/2000,00:18:37.62,-1006.84,-17.09,22.46,0.98,0.07,-0.16,62.25,31.95,49.65,30.47,13.18,985.39,-51.12,271.25,-647.50,-113.75,1,53.267
1784291485.042261600,01/01/2000,00:18:37.64,-1025.88,-37.11,20.51,-0.54,-1.96,1.91,61.35,33.15,50.10,30.09,13.18,985.52,-48.92,323.75,-673.75,-280.0,1,53.267
1784291485.059434652,01/01/2000,00:18:37.66,-1011.23,-9.28,52.73,2.13,-1.18,2.90,62.70,33.45,51.30,30.43,13.18,987.10,-47.58,-393.75,-726.25,-183.75,1,53.267
1784291485.076717138,01/01/2000,00:18:37.67,-1005.86,-25.88,15.14,-1.13,-0.76,2.90,63.75,32.40,52.35,30.33,13.30,986.98,-48.80,-455.0,-647.50,-262.50,1,53.266
1784291485.104709387,01/01/2000,00:18:37.70,-1000.0,-52.25,116.21,-1.95,0.34,0.19,59.25,30.60,53.70,30.19,13.18,985.27,-51.48,796.25,-673.75,-157.50,1,53.266
1784291485.124125242,01/01/2000,00:18:37.72,-1023.93,8.79,10.74,-0.21,-0.96,-0.15,63.90,31.05,51.0,30.09,12.93,985.76,-51.24,175.0,-778.75,-140.0,1,53.265
1784291485.141179800,01/01/2000,00:18:37.74,-1013.67,-36.13,-44.92,0.73,3.60,-1.05,61.65,34.20,50.25,30.33,13.05,985.52,-50.39,-393.75,-700.0,-253.75,1,53.266
1784291485.159033537,01/01/2000,00:18:37.75,-1052.25,-27.83,-42.97,2.33,-1.76,-1.45,62.55,32.40,50.40,30.67,12.93,984.66,-51.24,210.0,-673.75,-218.75,1,53.266
1784291485.184184313,01/01/2000,00:18:37.78,-1015.63,-33.69,21.00,2.08,0.18,-0.76,62.25,31.65,50.85,30.33,13.18,985.52,-52.22,148.75,-700.0,-245.0,1,53.266
1784291485.196969271,01/01/2000,00:18:37.79,-1038.09,-31.25,58.11,0.03,-1.24,-0.51,60.90,31.35,51.0,30.33,13.18,986.13,-51.97,271.25,-743.75,-148.75,1,53.266
1784291485.213985205,01/01/2000,00:18:37.81,-1034.18,-16.60,-17.09,0.23,1.21,3.02,62.40,31.80,51.75,30.47,13.30,985.64,-50.63,708.75,-402.50,-245.0,1,53.266
1784291485.231677294,01/01/2000,00:18:37.83,-1002.93,-36.62,-44.43,1.74,-0.94,-1.08,61.65,32.25,51.30,30.33,13.05,985.76,-48.07,175.0,-805.0,-253.75,1,53.266
1784291485.257718325,01/01/2000,00:18:37.85,-1009.77,-18.55,31.25,-1.73,1.04,-2.41,62.55,32.40,50.85,30.43,13.05,985.76,-47.34,-595.0,-717.50,-288.75,1,53.266
1784291485.276998281,01/01/2000,00:18:37.87,-1016.11,-24.41,20.51,-0.30,-0.71,0.05,62.25,30.75,52.65,30.43,13.05,984.54,-49.29,-122.50,-647.50,-245.0,1,53.266
1784291485.289287329,01/01/2000,00:18:37.88,-1005.86,-29.79,62.99,1.56,-0.02,0.21,63.90,33.0,51.0,30.33,13.18,984.78,-51.73,490.0,-630.0,-253.75,1,53.266
1784291485.308415413,01/01/2000,00:18:37.91,-997.07,-27.83,-38.09,0.09,0.43,0.63,60.45,29.85,52.95,30.28,13.18,986.00,-52.22,26.25,-595.0,-227.50,1,53.266
1784291485.325072289,01/01/2000,00:18:37.92,-1006.84,-25.39,7.32,1.56,-1.66,0.34,62.55,31.95,50.40,30.33,13.30,985.27,-51.48,236.25,-463.75,-157.50,1,53.266
1784291485.342870712,01/01/2000,00:18:37.94,-1048.83,-25.88,-32.71,0.39,1.04,-1.60,61.80,31.20,50.85,30.43,13.05,984.91,-50.51,218.75,-717.50,-201.25,1,53.267
1784291485.360417366,01/01/2000,00:18:37.96,-1010.74,-31.25,11.23,3.32,0.66,1.19,62.70,31.80,49.80,30.14,13.05,985.52,-49.41,-463.75,-770.0,-236.25,1,53.267
1784291485.381214619,01/01/2000,00:18:37.98,-1030.76,-15.14,50.78,-0.09,1.13,2.55,62.70,31.80,50.55,30.33,13.05,985.27,-50.87,61.25,-481.25,-297.50,1,53.266
1784291485.418742180,01/01/2000,00:18:38.01,-1041.50,-49.32,48.83,-1.37,-1.02,-0.93,60.60,32.40,50.40,30.19,13.05,986.49,-51.12,183.75,-691.25,-183.75,1,53.266
1784291485.434689045,01/01/2000,00:18:38.03,-986.82,-4.39,37.60,-0.49,0.50,-0.96,63.0,32.40,50.85,30.19,12.93,986.74,-49.53,-402.50,-656.25,-297.50,1,53.267
1784291485.459812880,01/01/2000,00:18:38.05,-1031.74,-16.60,98.63,-2.24,-0.55,3.37,61.05,33.60,50.85,30.33,13.18,984.91,-50.02,-148.75,-647.50,-411.25,1,53.266
1784291485.490890265,01/01/2000,00:18:38.09,-1025.39,-8.30,-18.55,2.76,0.17,-0.65,61.35,31.95,50.85,30.19,12.93,985.39,-52.22,315.0,-568.75,-315.0,1,53.267
1784291485.527206659,01/01/2000,00:18:38.12,-994.14,-25.88,79.10,-0.11,0.56,0.98,63.0,32.85,51.15,30.19,13.05,986.25,-50.02,61.25,-647.50,-210.0,1,53.267
1784291485.561053038,01/01/2000,00:18:38.16,-1022.46,-35.64,31.25,0.49,0.03,-1.02,62.70,30.60,50.25,30.47,13.30,984.66,-49.78,-105.0,-673.75,-26.25,1,53.267
1784291485.583055258,01/01/2000,00:18:38.18,-1016.60,-26.37,-12.21,1.99,-0.36,-2.89,61.35,33.60,51.60,30.28,12.69,984.05,-51.61,848.75,-577.50,-183.75,1,53.267
1784291485.606961727,01/01/2000,00:18:38.20,-1023.44,-46.39,9.28,0.47,0.74,0.75,61.80,32.40,51.15,30.62,12.81,987.22,-49.04,96.25,-507.50,-192.50,1,53.266
1784291485.650334358,01/01/2000,00:18:38.24,-1016.60,-54.20,110.35,-1.12,0.79,1.74,61.35,31.95,49.65,30.33,13.66,985.76,-47.95,-253.75,-630.0,-105.0,1,53.266
1784291485.684005022,01/01/2000,00:18:38.28,-1016.60,-9.28,37.11,0.11,-0.15,-0.62,60.30,31.65,51.90,30.33,12.69,984.54,-53.31,805.0,-577.50,-61.25,1,53.267
1784291485.705986500,01/01/2000,00:18:38.30,-1044.92,-7.81,12.70,0.10,0.89,-0.45,61.65,31.80,50.25,30.28,12.69,986.00,-52.34,761.25,-647.50,-236.25,1,53.266
1784291485.724062920,01/01/2000,00:18:38.31,-1031.74,-19.04,-8.79,0.35,-0.35,0.05,62.25,31.20,50.10,29.90,12.93,986.61,-49.04,26.25,-533.75,-350.0,1,53.266
1784291485.739089251,01/01/2000,00:18:38.34,-997.07,10.74,45.41,0.89,1.27,1.40,58.95,29.85,53.25,30.52,13.30,985.39,-48.68,-1163.75,-796.25,-297.50,1,53.266
1784291485.773694515,01/01/2000,00:18:38.37,-1033.69,-30.27,27.34,0.47,-3.71,0.15,61.65,30.60,51.0,30.19,13.54,984.30,-55.63,1330.0,17.50,-367.50,1,53.266
1784291485.812097788,01/01/2000,00:18:38.41,-1004.39,-40.04,-18.55,2.45,2.84,1.57,60.45,32.55,50.25,30.43,12.57,986.98,-52.22,-1023.75,-1041.25,-105.0,1,53.267
1784291485.829161644,01/01/2000,00:18:38.43,-1009.28,-35.16,39.55,-1.60,0.05,1.16,61.95,32.55,51.0,30.62,13.66,984.17,-55.39,-411.25,-367.50,-113.75,1,53.267
1784291485.849708557,01/01/2000,00:18:38.44,-1033.69,-24.90,-50.29,-2.05,-0.02,0.44,61.95,32.55,51.0,30.19,13.79,983.69,-59.29,288.75,-8.75,-70.0,1,53.266
1784291485.867373466,01/01/2000,00:18:38.46,-1017.58,-8.30,-41.99,1.54,1.79,-0.70,61.80,32.40,50.40,30.52,13.18,984.78,-62.83,831.25,-481.25,-122.50,1,53.266
1784291485.902339458,01/01/2000,00:18:38.50,-1041.50,-40.53,14.65,-1.24,0.73,-0.65,59.85,34.05,50.40,30.33,12.69,985.64,-58.19,-78.75,-752.50,-323.75,1,53.267
1784291485.927479506,01/01/2000,00:18:38.52,-1014.16,-35.64,-22.95,-0.58,0.86,-0.44,62.40,32.25,50.55,30.47,12.93,985.76,-57.34,-752.50,-778.75,-393.75,1,53.267
1784291485.940924406,01/01/2000,00:18:38.54,-1028.81,-12.21,-20.02,-1.04,0.54,0.02,61.35,30.75,50.85,30.33,13.42,985.76,-61.49,-673.75,-595.0,-253.75,1,53.267
1784291485.957924128,01/01/2000,00:18:38.55,-1019.53,-23.44,21.97,0.92,-0.89,2.04,61.35,30.75,50.85,30.52,13.30,984.54,-67.47,315.0,-595.0,-210.0,1,53.267
1784291485.975926638,01/01/2000,00:18:38.57,-1048.83,-38.57,90.82,3.41,-3.31,1.22,62.25,31.95,51.15,30.33,12.57,982.95,-69.42,1417.50,-761.25,-271.25,1,53.267
1784291486.014020205,01/01/2000,00:18:38.61,-979.98,-12.21,18.55,3.73,2.28,2.34,60.30,33.15,50.40,30.52,12.93,985.27,-57.34,-577.50,-682.50,-280.0,1,53.266
1784291486.035181046,01/01/2000,00:18:38.63,-1050.78,1.95,-41.50,1.21,1.01,-1.82,61.35,31.65,51.15,30.19,13.42,986.86,-53.07,-1321.25,-936.25,-148.75,1,53.267
1784291486.049040556,01/01/2000,00:18:38.65,-1021.00,-55.66,48.83,-2.52,-1.98,0.01,61.65,32.25,50.25,30.09,13.54,986.74,-55.63,-945.0,-918.75,-113.75,1,53.267
1784291486.070706129,01/01/2000,00:18:38.67,-1007.32,-30.76,45.41,-0.33,-2.69,-0.82,59.70,29.40,51.75,30.47,12.69,983.32,-61.49,1120.0,-953.75,-43.75,1,53.267
1784291486.105443716,01/01/2000,00:18:38.70,-1053.22,-41.02,-27.83,-1.02,0.40,0.21,61.95,32.55,50.25,30.47,12.20,986.13,-54.66,-183.75,-752.50,-350.0,1,53.267
1784291486.153153419,01/01/2000,00:18:38.75,-1009.28,-18.55,18.55,-1.0,-0.24,2.40,61.65,30.60,51.30,30.52,13.91,983.56,-53.44,542.50,-595.0,-122.50,1,53.266
1784291486.174304008,01/01/2000,00:18:38.77,-1025.88,-31.74,71.78,3.34,-1.27,-0.78,61.65,31.80,51.0,30.09,13.05,984.91,-54.90,612.50,-516.25,-166.25,1,53.266
1784291486.189306736,01/01/2000,00:18:38.78,-1003.91,-17.58,-29.30,0.88,-2.05,-0.39,61.65,31.80,51.0,30.33,11.96,986.98,-53.68,96.25,-962.50,-253.75,1,53.266
1784291486.208304405,01/01/2000,00:18:38.80,-974.12,-14.16,59.57,-1.27,0.15,0.60,60.45,30.15,50.55,30.67,12.69,985.76,-50.75,122.50,-717.50,-271.25,1,53.266
1784291486.225335836,01/01/2000,00:18:38.82,-1034.67,-20.02,5.37,1.82,0.85,-2.19,61.35,31.95,50.85,30.19,14.15,985.64,-49.90,-446.25,-630.0,-166.25,1,53.266
1784291486.260028601,01/01/2000,00:18:38.86,-996.09,-36.62,-21.97,1.34,-0.63,-0.59,61.35,33.15,50.40,30.52,12.93,985.39,-53.19,612.50,-770.0,-183.75,1,53.267
1784291486.287470579,01/01/2000,00:18:38.88,-1025.88,-15.63,32.71,-0.34,-0.53,2.24,61.65,30.60,51.75,30.43,12.44,984.66,-52.09,428.75,-507.50,-332.50,1,53.267
1784291486.317787409,01/01/2000,00:18:38.91,-1015.63,-44.92,13.67,-1.18,-2.37,0.11,61.65,32.55,50.55,30.47,13.54,986.98,-49.78,-481.25,-717.50,-175.0,1,53.266
1784291486.332813740,01/01/2000,00:18:38.93,-995.12,-20.51,47.36,2.74,-1.64,0.11,60.90,32.55,48.75,30.33,13.91,985.03,-51.24,157.50,-778.75,-26.25,1,53.267
1784291486.354469776,01/01/2000,00:18:38.95,-1002.44,-35.16,51.76,0.73,-2.26,0.07,62.25,31.20,49.35,30.43,13.18,983.93,-52.34,708.75,-630.0,-140.0,1,53.266
1784291486.377768278,01/01/2000,00:18:38.97,-1032.23,-37.11,35.64,-0.56,-0.37,0.57,61.65,31.05,49.50,29.95,12.20,985.64,-51.48,297.50,-507.50,-332.50,1,53.267
1784291486.392766476,01/01/2000,00:18:38.99,-1000.49,-24.41,110.35,-2.18,-0.50,0.28,62.40,32.55,51.0,30.43,11.83,986.37,-49.90,-323.75,-831.25,-315.0,1,53.267
1784291486.408942223,01/01/2000,00:18:39.00,-1011.72,17.09,39.55,1.12,1.27,-1.95,61.35,31.65,50.40,30.33,13.18,985.27,-49.78,-192.50,-498.75,-245.0,1,53.267
1784291486.427619696,01/01/2000,00:18:39.02,-1037.60,-32.23,-5.37,0.76,-0.67,0.86,61.35,31.95,50.85,30.33,13.42,985.27,-51.61,253.75,-647.50,-245.0,1,53.267
1784291486.445329905,01/01/2000,00:18:39.04,-991.70,-33.69,57.62,-0.05,-1.29,1.53,61.35,32.40,50.40,30.62,12.93,985.76,-52.22,437.50,-787.50,-192.50,1,53.266
1784291486.471517801,01/01/2000,00:18:39.06,-1029.79,-33.20,-30.76,0.78,-0.64,-0.43,62.40,33.0,51.0,30.62,12.69,985.39,-51.24,157.50,-411.25,-271.25,1,53.267
1784291486.485544443,01/01/2000,00:18:39.08,-1033.69,-33.20,84.47,-1.33,0.21,1.13,62.70,32.55,50.55,30.28,12.32,985.76,-49.90,-288.75,-673.75,-288.75,1,53.267
1784291486.502275705,01/01/2000,00:18:39.10,-1015.63,-21.48,12.21,0.40,2.91,-0.06,61.35,30.75,50.85,30.33,13.05,986.25,-50.39,-192.50,-656.25,-218.75,1,53.267
1784291486.519382715,01/01/2000,00:18:39.11,-1003.42,-25.88,30.27,-1.92,-0.23,0.34,62.25,31.20,50.10,30.33,13.42,985.39,-51.61,262.50,-717.50,-26.25,1,53.267
1784291486.535876513,01/01/2000,00:18:39.13,-1005.86,-22.46,-17.58,1.14,0.27,0.36,61.65,31.80,49.80,30.47,13.18,984.78,-51.73,472.50,-621.25,-26.25,1,53.267
1784291486.562919617,01/01/2000,00:18:39.15,-1030.27,-54.69,32.71,0.66,0.79,-1.57,61.20,32.55,50.25,30.33,12.44,985.88,-50.63,113.75,-472.50,-122.50,1,53.267
1784291486.578250647,01/01/2000,00:18:39.17,-1005.86,-27.34,-7.81,0.74,0.66,-2.50,62.70,32.55,51.0,30.62,12.20,986.25,-50.02,-166.25,-682.50,-280.0,1,53.267
1784291486.594401598,01/01/2000,00:18:39.19,-1019.04,-42.48,36.13,-0.73,-0.20,-1.34,60.45,30.60,50.25,30.52,12.69,985.27,-50.63,-96.25,-621.25,-201.25,1,53.267
1784291486.609120131,01/01/2000,00:18:39.20,-992.19,-4.39,49.32,1.31,1.34,-0.23,61.20,31.80,49.50,30.33,13.18,984.91,-51.24,245.0,-507.50,-210.0,1,53.267
1784291486.642187595,01/01/2000,00:18:39.23,-1022.46,-23.93,-25.88,-1.31,2.65,-0.80,59.10,28.35,53.10,30.33,12.93,985.64,-51.24,358.75,-577.50,-166.25,1,53.266
1784291486.656516790,01/01/2000,00:18:39.25,-1019.53,-5.86,0.49,2.25,1.14,-0.40,61.65,32.25,51.0,30.47,12.69,985.52,-50.02,-236.25,-656.25,-358.75,1,53.266
1784291486.672873974,01/01/2000,00:18:39.27,-995.12,-46.39,54.20,-1.38,0.44,-0.64,62.55,30.75,50.85,30.33,13.05,985.27,-50.14,140.0,-533.75,-350.0,1,53.267
1784291486.693994761,01/01/2000,00:18:39.29,-1025.39,-33.69,67.87,1.03,0.04,1.14,62.40,32.25,51.75,30.62,13.30,985.64,-51.00,131.25,-665.0,-236.25,1,53.266
1784291486.729130268,01/01/2000,00:18:39.32,-996.58,-22.95,42.97,-0.34,-1.13,-0.10,60.90,32.25,50.55,30.33,13.30,985.27,-50.75,245.0,-446.25,-253.75,1,53.267
1784291486.746134043,01/01/2000,00:18:39.34,-992.19,-37.60,66.41,1.25,-0.15,0.80,61.35,31.65,51.15,30.19,12.57,985.76,-50.02,-78.75,-612.50,-192.50,1,53.267
1784291486.766772985,01/01/2000,00:18:39.36,-1035.64,-18.07,5.86,0.87,0.57,-0.02,61.80,33.15,50.85,30.62,12.69,985.64,-50.26,-131.25,-700.0,-253.75,1,53.266
1784291486.784257174,01/01/2000,00:18:39.38,-1022.46,-40.53,58.59,-1.54,1.16,1.12,61.80,32.85,50.40,29.95,13.05,985.15,-51.00,70.0,-586.25,-157.50,1,53.266
1784291486.801391363,01/01/2000,00:18:39.40,-1033.20,-23.93,5.86,0.66,-1.67,0.37,61.80,32.85,49.65,30.43,13.18,985.03,-51.36,183.75,-708.75,-227.50,1,53.267
1784291486.819293022,01/01/2000,00:18:39.42,-1023.93,-32.23,12.70,-0.53,1.43,-0.55,61.20,32.25,50.55,30.47,13.18,985.27,-50.75,157.50,-595.0,-288.75,1,53.267
1784291486.840747595,01/01/2000,00:18:39.44,-1003.91,-28.81,-3.42,-2.42,0.12,2.02,60.45,32.55,49.05,30.47,12.69,985.39,-50.26,-61.25,-638.75,-245.0,1,53.267
1784291486.856748343,01/01/2000,00:18:39.45,-1012.70,-36.62,43.95,0.82,-1.17,0.93,60.90,33.0,51.0,30.19,12.69,985.76,-50.63,-105.0,-752.50,-218.75,1,53.267
1784291486.874868155,01/01/2000,00:18:39.47,-1000.98,-37.11,90.33,-0.34,-2.05,0.96,61.20,31.35,51.0,30.33,12.93,985.39,-51.48,253.75,-682.50,-341.25,1,53.267
1784291486.912588358,01/01/2000,00:18:39.51,-1012.21,-23.93,60.55,1.12,-0.38,0.11,62.25,31.65,51.15,30.43,13.18,985.76,-50.75,8.75,-586.25,-262.50,1,53.267
1784291486.935162783,01/01/2000,00:18:39.53,-1033.20,-33.69,91.80,-1.53,1.04,-0.69,60.90,32.55,50.25,30.43,13.05,985.64,-50.51,-105.0,-647.50,-367.50,1,53.267
1784291486.948160887,01/01/2000,00:18:39.54,-1022.46,-51.76,100.10,-1.61,-1.53,-1.37,60.45,33.45,50.55,30.09,12.93,985.15,-50.87,17.50,-822.50,-61.25,1,53.267
1784291486.968425035,01/01/2000,00:18:39.56,-1014.65,-60.55,24.41,0.86,1.05,0.69,61.95,31.35,52.20,30.33,12.93,985.03,-51.48,262.50,-621.25,-201.25,1,53.267
1784291486.985755444,01/01/2000,00:18:39.58,-1006.84,-17.58,47.36,1.23,0.48,-0.15,61.80,30.75,50.85,30.47,12.93,985.88,-51.24,131.25,-735.0,-78.75,1,53.267
1784291487.003464937,01/01/2000,00:18:39.60,-1038.57,-42.97,-47.36,1.47,-0.73,-0.73,61.05,33.60,50.40,30.43,12.93,986.00,-51.61,-551.25,-1023.75,-122.50,1,53.268
1784291487.020524502,01/01/2000,00:18:39.62,-993.65,8.79,39.55,0.56,0.51,-0.53,61.65,32.25,49.80,30.33,12.69,985.76,-54.41,43.75,-1190.0,-122.50,1,53.267
1784291487.043522835,01/01/2000,00:18:39.64,-1014.16,-36.13,35.64,1.83,0.13,1.46,60.45,29.40,51.75,30.52,11.71,984.54,-57.83,708.75,-1286.25,-385.0,1,53.267
1784291487.059545994,01/01/2000,00:18:39.66,-1032.71,-20.51,91.31,-0.63,2.46,1.37,61.65,31.80,49.80,30.19,12.69,984.54,-58.19,-218.75,-1181.25,-245.0,1,53.267
1784291487.075522661,01/01/2000,00:18:39.67,-1020.51,-24.90,34.18,-2.80,-0.58,0.60,62.25,32.85,50.10,30.19,14.40,984.78,-59.41,-420.0,428.75,-367.50,1,53.267
1784291487.114127398,01/01/2000,00:18:39.71,-981.93,-38.57,109.86,1.69,-1.31,1.88,61.05,30.75,51.60,30.33,13.42,985.03,-62.83,516.25,-428.75,-43.75,1,53.267
1784291487.138072014,01/01/2000,00:18:39.73,-1009.28,-16.60,10.25,2.59,-0.23,-0.38,60.0,31.80,50.25,30.33,13.18,985.15,-61.24,-490.0,-227.50,-245.0,1,53.268
1784291487.155721664,01/01/2000,00:18:39.75,-1013.67,-45.90,30.27,0.53,0.37,1.85,62.55,31.65,51.60,29.95,12.81,984.05,-62.95,-393.75,-87.50,-253.75,1,53.267
1784291487.182940722,01/01/2000,00:18:39.77,-1015.14,-17.58,50.29,-0.93,-3.0,-2.31,60.60,32.40,51.15,30.47,12.93,984.05,-66.49,883.75,-315.0,-245.0,1,53.267
1784291487.200956106,01/01/2000,00:18:39.79,-1005.37,-29.79,25.88,-0.01,-1.34,1.99,61.35,31.20,50.10,30.33,13.30,984.78,-65.03,743.75,-183.75,-157.50,1,53.267
1784291487.215929747,01/01/2000,00:18:39.81,-1023.44,-25.39,62.99,-0.58,2.21,2.41,61.65,33.0,50.25,30.19,13.05,984.91,-60.63,61.25,-630.0,-78.75,1,53.267
1784291487.229587793,01/01/2000,00:18:39.83,-1041.99,-4.39,8.30,0.09,1.50,0.28,62.25,32.40,51.15,30.47,12.57,985.03,-57.10,-201.25,-568.75,-131.25,1,53.267
1784291487.251599550,01/01/2000,00:18:39.85,-1009.77,-14.65,25.88,-0.09,0.31,1.56,61.20,31.80,51.75,30.43,12.08,985.88,-55.88,-332.50,-831.25,-227.50,1,53.267
1784291487.268885612,01/01/2000,00:18:39.86,-1053.71,-38.09,27.34,-3.44,-0.50,2.22,61.05,33.15,51.15,30.19,12.81,986.13,-56.85,-280.0,-691.25,-192.50,1,53.267
1784291487.286553621,01/01/2000,00:18:39.88,-1014.65,-25.88,23.93,-1.64,0.47,-0.21,60.90,32.55,50.55,30.33,13.18,985.15,-58.80,306.25,-533.75,-315.0,1,53.267
1784291487.306531668,01/01/2000,00:18:39.90,-1003.91,-23.44,57.13,0.89,1.87,-0.49,61.65,32.55,50.25,30.47,12.93,984.30,-59.17,726.25,-516.25,-280.0,1,53.268
1784291487.323537588,01/01/2000,00:18:39.92,-1035.64,-20.02,55.66,0.45,0.40,0.93,61.65,33.0,51.75,30.19,12.57,984.66,-56.36,455.0,-472.50,-315.0,1,53.267
1784291487.341084242,01/01/2000,00:18:39.94,-998.54,-23.93,41.02,-0.69,0.85,0.60,62.25,32.40,50.40,30.19,12.20,985.76,-52.09,26.25,-560.0,-236.25,1,53.267
1784291487.358610630,01/01/2000,00:18:39.95,-957.52,-19.04,4.39,1.31,1.44,0.01,61.65,32.25,50.25,30.33,12.32,986.37,-49.41,-253.75,-953.75,-253.75,1,53.267
1784291487.384587526,01/01/2000,00:18:39.98,-1026.86,-29.79,76.66,0.81,-0.63,3.04,61.80,31.95,50.10,30.19,12.81,986.74,-49.41,-542.50,-918.75,-227.50,1,53.267
1784291487.400133371,01/01/2000,00:18:39.99,-1042.48,-43.95,41.99,-0.02,0.21,-1.31,61.65,32.25,50.55,30.19,13.54,985.88,-52.22,-306.25,-490.0,-26.25,1,53.267
1784291487.415322542,01/01/2000,00:18:40.01,-1024.90,-34.67,70.31,-0.88,-0.85,-3.01,61.95,31.80,50.25,30.33,13.18,984.30,-55.02,708.75,-463.75,-192.50,1,53.267
1784291487.431530476,01/01/2000,00:18:40.03,-1014.65,-11.72,-35.16,-2.11,-0.59,-0.66,61.35,31.65,51.15,30.33,12.69,984.17,-54.05,1435.0,-420.0,-288.75,1,53.268
1784291487.453207970,01/01/2000,00:18:40.05,-1025.39,-20.02,-2.44,0.09,0.08,0.53,63.30,31.65,50.10,29.95,12.44,987.22,-47.82,-358.75,-840.0,-253.75,1,53.268
1784291487.470206499,01/01/2000,00:18:40.07,-1031.74,-31.74,106.93,0.37,1.98,0.35,59.85,32.40,50.85,30.52,12.81,987.47,-45.99,-1172.50,-840.0,-183.75,1,53.267
1784291487.493441343,01/01/2000,00:18:40.08,-1030.76,-11.23,-36.62,-0.01,0.93,-1.89,63.15,32.25,49.80,30.47,13.42,985.52,-48.31,-761.25,-822.50,-96.25,1,53.267
1784291487.509564400,01/01/2000,00:18:40.10,-1051.27,-71.29,48.34,0.22,-1.63,0.69,61.80,32.85,50.40,30.47,13.54,984.05,-52.95,297.50,-603.75,-140.0,1,53.267
1784291487.525619745,01/01/2000,00:18:40.12,-1007.32,-25.88,-5.37,0.24,0.46,-0.02,61.20,33.0,51.0,30.19,12.93,984.05,-55.51,910.0,-446.25,-192.50,1,53.267
1784291487.544048071,01/01/2000,00:18:40.14,-1025.88,-19.53,-15.63,-0.77,-1.37,-0.56,61.05,32.85,50.40,30.19,12.57,985.15,-52.83,603.75,-568.75,-253.75,1,53.268
1784291487.561268806,01/01/2000,00:18:40.16,-1031.74,-63.96,76.17,-1.27,0.07,0.87,61.80,32.40,52.65,30.33,12.69,986.00,-49.53,-350.0,-936.25,-271.25,1,53.268
1784291487.586268425,01/01/2000,00:18:40.18,-1005.86,-55.18,-44.92,2.47,-0.63,-1.09,60.45,29.40,52.20,30.33,13.54,986.00,-47.58,-708.75,-892.50,-131.25,1,53.268
1784291487.603561878,01/01/2000,00:18:40.20,-1001.46,-13.18,9.77,0.30,-0.05,1.11,60.45,29.40,52.20,30.33,13.54,984.78,-49.53,52.50,-656.25,-113.75,1,53.268
1784291487.618897915,01/01/2000,00:18:40.21,-997.07,-35.64,54.69,-2.19,-0.44,0.47,61.20,33.75,51.30,30.33,12.93,985.15,-50.87,682.50,-376.25,-183.75,1,53.267
1784291487.634846210,01/01/2000,00:18:40.23,-990.72,-33.20,94.73,0.17,0.57,0.79,62.25,31.65,49.65,30.47,12.44,986.74,-50.75,-105.0,-595.0,-280.0,1,53.267
1784291487.667414904,01/01/2000,00:18:40.26,-994.63,-30.27,49.32,-1.11,-1.69,-1.41,61.05,31.65,52.35,30.28,12.69,985.52,-50.75,140.0,-691.25,-271.25,1,53.267
1784291487.684713840,01/01/2000,00:18:40.28,-995.12,-7.81,99.61,-2.70,1.29,-3.11,60.45,33.45,52.20,30.33,13.42,985.27,-50.87,358.75,-822.50,-227.50,1,53.266
1784291487.701849461,01/01/2000,00:18:40.30,-993.16,-4.39,28.32,-3.14,0.93,0.21,60.0,31.35,52.20,30.28,13.42,986.13,-50.51,-26.25,-551.25,-297.50,1,53.267
1784291487.719478846,01/01/2000,00:18:40.32,-1015.14,-35.64,63.96,-1.90,0.34,0.40,63.0,31.95,49.65,30.33,13.05,986.37,-50.63,8.75,-551.25,-332.50,1,53.267
1784291487.744275570,01/01/2000,00:18:40.34,-1030.76,-35.16,29.30,-1.09,-0.96,-0.84,61.20,33.45,50.55,30.43,12.44,985.64,-50.75,192.50,-787.50,-236.25,1,53.267
1784291487.759356260,01/01/2000,00:18:40.35,-1023.44,-48.83,65.92,0.60,-1.82,0.39,63.15,33.45,51.0,30.47,12.69,985.64,-50.75,-201.25,-717.50,-210.0,1,53.267
1784291487.775718689,01/01/2000,00:18:40.37,-1021.48,-5.37,-0.49,0.04,0.28,-2.37,63.15,32.55,51.0,30.33,13.30,985.27,-51.24,52.50,-673.75,-183.75,1,53.267
1784291487.791300297,01/01/2000,00:18:40.39,-1021.00,-11.72,78.13,0.44,-1.89,0.18,62.40,33.0,50.25,30.19,13.42,984.78,-51.36,603.75,-708.75,-131.25,1,53.267
1784291487.812314749,01/01/2000,00:18:40.41,-1005.86,-6.35,-50.29,1.52,-1.15,0.12,61.35,30.0,51.90,29.99,13.05,986.13,-49.65,315.0,-586.25,-350.0,1,53.267
1784291487.829942942,01/01/2000,00:18:40.43,-1009.28,-8.30,25.88,-1.55,1.35,-1.53,61.80,31.95,50.40,30.33,12.81,986.74,-48.19,-525.0,-735.0,-288.75,1,53.267
1784291487.850734949,01/01/2000,00:18:40.44,-1037.11,-5.37,-32.71,-0.62,-0.31,-2.29,62.55,33.15,50.40,30.28,12.69,985.64,-49.29,-507.50,-796.25,-315.0,1,53.267
1784291487.886358023,01/01/2000,00:18:40.48,-1025.39,2.44,21.97,-0.85,0.29,-0.14,61.95,32.25,50.55,30.33,13.18,984.30,-53.19,560.0,-542.50,-122.50,1,53.267
1784291487.919587374,01/01/2000,00:18:40.52,-1038.57,-7.81,-44.43,0.40,0.23,3.01,62.25,32.40,50.10,30.33,12.93,985.27,-50.02,35.0,-498.75,-131.25,1,53.268
1784291487.961513996,01/01/2000,00:18:40.56,-1021.97,-22.95,53.71,0.18,-0.68,-1.47,59.70,30.15,52.95,30.33,13.05,985.27,-50.02,-201.25,-883.75,-96.25,1,53.267
1784291487.994083881,01/01/2000,00:18:40.59,-1035.64,-36.13,44.43,1.06,-1.37,-1.44,62.40,32.25,50.25,30.33,13.30,987.83,-50.63,192.50,-665.0,-236.25,1,53.268
1784291488.018314123,01/01/2000,00:18:40.61,-1029.79,-45.41,24.90,-1.95,1.18,1.66,62.40,31.80,50.55,30.62,13.42,986.61,-49.78,-245.0,-577.50,-227.50,1,53.267
1784291488.037110329,01/01/2000,00:18:40.63,-1024.90,-18.55,-55.66,1.62,0.12,-1.17,62.40,31.80,50.55,30.43,13.18,985.27,-50.26,-78.75,-542.50,-323.75,1,53.268
1784291488.050775766,01/01/2000,00:18:40.65,-1006.35,-43.95,30.76,2.14,2.16,0.90,61.65,32.25,51.0,30.43,12.81,984.54,-51.36,236.25,-691.25,-245.0,1,53.268
1784291488.070774794,01/01/2000,00:18:40.67,-1030.27,-14.16,68.36,2.40,-2.12,-1.89,63.60,31.35,51.0,30.28,12.57,985.64,-52.22,498.75,-595.0,-288.75,1,53.268
1784291488.104707718,01/01/2000,00:18:40.70,-993.16,-38.09,28.32,0.74,-1.04,1.26,63.15,31.35,51.0,30.43,12.93,986.86,-49.29,-192.50,-560.0,-236.25,1,53.267
1784291488.121814013,01/01/2000,00:18:40.72,-994.14,-31.74,67.38,0.08,0.50,1.03,63.15,31.35,51.0,30.33,13.18,986.00,-47.95,-490.0,-656.25,-236.25,1,53.268
1784291488.145186424,01/01/2000,00:18:40.74,-995.61,-25.39,12.70,-2.82,-1.14,-0.07,61.05,31.35,49.80,30.47,13.18,984.91,-49.17,-70.0,-630.0,-113.75,1,53.268
1784291488.186979771,01/01/2000,00:18:40.78,-983.40,-7.81,-21.97,2.07,-0.73,-0.60,61.20,32.25,51.30,30.43,12.81,986.49,-51.36,-52.50,-761.25,-297.50,1,53.267
1784291488.204832554,01/01/2000,00:18:40.80,-1024.90,-27.34,3.42,1.48,-2.13,0.39,61.80,30.45,50.85,30.19,13.05,985.52,-51.24,-78.75,-691.25,-236.25,1,53.267
1784291488.225390673,01/01/2000,00:18:40.82,-995.12,-2.93,29.30,0.79,-1.86,-1.71,61.65,32.25,50.25,30.33,13.42,982.47,-51.00,323.75,-463.75,-218.75,1,53.267
1784291488.260703325,01/01/2000,00:18:40.86,-1034.67,-9.28,-20.51,2.65,-0.99,-0.12,62.40,33.75,49.80,30.47,12.57,986.25,-50.14,-201.25,-673.75,-262.50,1,53.267
1784291488.281656742,01/01/2000,00:18:40.88,-980.96,-39.55,-7.81,2.79,0.64,-0.05,62.70,33.0,50.25,30.33,12.32,988.32,-50.39,-245.0,-735.0,-218.75,1,53.267
1784291488.300793171,01/01/2000,00:18:40.90,-1024.41,-17.09,67.87,4.07,-2.14,-0.77,63.75,32.85,50.40,30.43,12.93,986.98,-50.63,8.75,-752.50,-245.0,1,53.267
1784291488.315799236,01/01/2000,00:18:40.91,-1010.74,-20.51,46.88,-1.33,-0.50,-1.93,63.90,32.55,50.55,30.33,13.66,984.78,-50.26,253.75,-656.25,0.0,1,53.267
1784291488.332733870,01/01/2000,00:18:40.93,-1012.70,-17.58,68.85,-0.47,1.21,0.85,64.05,31.20,50.10,30.47,13.42,984.78,-49.53,323.75,-455.0,-166.25,1,53.268
1784291488.354685783,01/01/2000,00:18:40.95,-1008.79,-54.20,112.79,-1.68,-2.83,1.82,62.55,30.45,51.60,30.19,12.57,987.10,-48.80,-586.25,-752.50,-245.0,1,53.267
1784291488.388451099,01/01/2000,00:18:40.99,-988.28,-42.97,-6.35,1.18,0.37,2.17,63.15,31.80,50.55,30.52,12.81,986.00,-50.75,-262.50,-682.50,-236.25,1,53.267
1784291488.405894756,01/01/2000,00:18:41.00,-993.65,1.95,36.13,4.49,-1.82,1.45,62.70,32.25,51.75,30.47,13.30,984.54,-52.09,175.0,-708.75,-245.0,1,53.267
1784291488.426263809,01/01/2000,00:18:41.02,-1020.51,-23.44,91.80,1.60,0.39,0.27,61.95,32.25,50.25,30.19,13.91,984.42,-51.97,665.0,-498.75,-113.75,1,53.267
1784291488.444004297,01/01/2000,00:18:41.04,-1011.23,-27.83,-7.32,-1.61,-0.92,1.80,63.90,33.75,49.80,30.43,13.18,985.03,-50.51,621.25,-665.0,-210.0,1,53.267
1784291488.478742123,01/01/2000,00:18:41.07,-1031.25,-39.55,68.36,-0.56,0.77,1.50,62.25,32.40,52.35,30.19,12.69,985.76,-48.68,-621.25,-761.25,-253.75,1,53.268
1784291488.503404140,01/01/2000,00:18:41.10,-1048.34,-42.97,9.77,0.29,-1.86,0.50,63.15,32.25,51.0,30.33,13.30,983.44,-49.78,428.75,-717.50,-175.0,1,53.268
1784291488.518873453,01/01/2000,00:18:41.11,-1010.74,-13.18,46.88,-0.85,-1.11,0.60,64.35,32.55,50.25,30.52,13.54,983.81,-49.90,761.25,-595.0,-140.0,1,53.268
1784291488.534238100,01/01/2000,00:18:41.13,-1002.93,-29.79,48.83,-0.89,-0.69,-0.53,62.70,31.80,52.20,30.33,13.42,986.61,-49.29,-35.0,-673.75,-218.75,1,53.267
1784291488.572397232,01/01/2000,00:18:41.17,-1034.18,-11.23,-0.98,0.43,-1.37,0.21,62.40,31.80,51.30,30.47,13.18,985.76,-51.12,78.75,-638.75,-271.25,1,53.268
1784291488.589993477,01/01/2000,00:18:41.19,-1006.35,-43.46,77.64,1.32,1.46,-2.50,63.0,31.65,51.60,30.19,13.18,984.17,-51.73,962.50,-647.50,-201.25,1,53.268
1784291488.614425659,01/01/2000,00:18:41.20,-1018.07,-17.58,17.09,1.43,-1.47,0.54,63.0,31.65,51.15,30.43,13.18,984.54,-51.00,612.50,-498.75,-166.25,1,53.268
1784291488.646025419,01/01/2000,00:18:41.24,-1022.95,-31.74,44.43,-0.66,0.19,-0.57,63.75,31.95,51.15,30.47,12.93,987.47,-49.04,-551.25,-560.0,-218.75,1,53.268
1784291488.674013853,01/01/2000,00:18:41.26,-983.89,0.49,-9.77,1.95,0.56,0.06,62.40,34.20,51.30,30.47,12.93,985.52,-49.78,70.0,-647.50,-183.75,1,53.268
1784291488.689008713,01/01/2000,00:18:41.28,-1035.64,-34.67,44.43,-3.10,-1.35,0.78,62.70,31.80,49.80,30.52,13.18,985.15,-50.26,490.0,-647.50,-262.50,1,53.268
1784291488.709931135,01/01/2000,00:18:41.31,-1006.84,-44.43,-85.94,1.57,-1.12,-0.66,62.40,31.35,51.75,30.43,13.18,986.37,-49.90,-288.75,-700.0,-148.75,1,53.267
1784291488.744749308,01/01/2000,00:18:41.34,-989.75,-15.14,62.01,0.34,-0.76,-0.91,63.15,31.80,51.0,30.43,12.93,982.59,-51.00,105.0,-656.25,-157.50,1,53.267
1784291488.770951271,01/01/2000,00:18:41.36,-1020.51,-34.67,-21.97,0.49,-1.36,-1.15,64.05,32.85,51.15,30.28,12.93,981.98,-51.48,761.25,-525.0,-113.75,1,53.267
1784291488.799397469,01/01/2000,00:18:41.40,-1012.70,-41.02,30.27,-0.02,1.47,0.46,63.90,33.45,51.0,30.33,12.93,987.96,-48.68,-140.0,-630.0,-157.50,1,53.268
1784291488.817395210,01/01/2000,00:18:41.41,-1008.30,-31.74,128.42,-0.69,-0.39,0.14,62.25,31.95,49.65,30.47,13.05,989.18,-48.31,-770.0,-761.25,-306.25,1,53.268
1784291488.839064121,01/01/2000,00:18:41.43,-976.56,-28.32,69.34,-0.92,-0.18,-2.45,63.75,31.95,51.15,30.19,13.42,986.98,-49.04,-210.0,-533.75,-157.50,1,53.268
1784291488.860460997,01/01/2000,00:18:41.45,-1034.18,-17.58,39.55,-0.80,-0.39,0.59,64.35,32.55,50.55,30.52,13.42,985.15,-50.02,551.25,-411.25,-227.50,1,53.267
1784291488.877171278,01/01/2000,00:18:41.47,-1020.51,-35.16,74.22,-0.36,-1.18,2.95,64.35,32.55,50.55,30.47,12.69,985.76,-50.02,271.25,-647.50,-297.50,1,53.268
1784291488.892445564,01/01/2000,00:18:41.49,-1016.60,-5.37,-1.46,-1.10,0.05,0.50,62.40,31.80,51.30,30.33,12.93,986.49,-49.29,-332.50,-603.75,-166.25,1,53.268
1784291488.929491758,01/01/2000,00:18:41.53,-1017.09,-27.34,64.94,-1.79,-1.78,2.91,63.30,31.95,50.40,30.52,13.18,985.03,-50.02,262.50,-735.0,-52.50,1,53.268
1784291488.954173326,01/01/2000,00:18:41.54,-1013.18,-14.65,-64.94,1.76,0.18,3.03,63.0,32.40,50.85,30.43,13.66,985.27,-50.51,420.0,-577.50,-175.0,1,53.268
1784291488.967841148,01/01/2000,00:18:41.56,-999.02,-9.77,0.98,2.21,-1.57,-2.73,63.60,32.25,51.0,30.47,13.18,985.76,-50.14,43.75,-673.75,-131.25,1,53.268
1784291488.985163927,01/01/2000,00:18:41.58,-993.16,-23.44,-32.23,1.44,0.61,1.64,63.0,34.05,51.60,30.33,13.18,985.52,-49.17,-201.25,-595.0,-201.25,1,53.268
1784291489.001943827,01/01/2000,00:18:41.60,-1003.91,-26.37,4.88,0.91,0.38,0.07,62.70,33.75,50.55,30.19,13.05,984.05,-48.68,-122.50,-603.75,-385.0,1,53.268
1784291489.018950701,01/01/2000,00:18:41.62,-1038.57,-28.32,3.42,1.93,-0.12,-0.79,63.75,34.80,51.15,30.47,13.05,983.20,-48.68,122.50,-717.50,-288.75,1,53.268
1784291489.057172298,01/01/2000,00:18:41.65,-1036.62,-25.39,40.04,-0.05,-1.57,-1.94,63.90,33.0,51.30,30.52,13.42,988.69,-50.39,-78.75,-673.75,-192.50,1,53.268
1784291489.078986645,01/01/2000,00:18:41.67,-1012.21,-62.99,75.68,-0.63,-0.08,-1.21,63.15,32.25,51.30,30.33,13.66,988.32,-50.87,131.25,-498.75,-183.75,1,53.268
1784291489.091928482,01/01/2000,00:18:41.69,-999.51,-29.30,65.43,0.11,2.02,0.48,63.0,33.15,51.90,30.62,13.66,986.25,-50.75,253.75,-752.50,-140.0,1,53.269
1784291489.130311489,01/01/2000,00:18:41.73,-1017.09,-36.13,-41.02,-0.21,0.73,-0.70,63.15,32.55,51.30,30.28,13.05,985.27,-48.92,70.0,-586.25,-210.0,1,53.268
1784291489.147691011,01/01/2000,00:18:41.74,-1004.39,-29.79,29.79,0.49,-0.80,1.53,63.15,34.20,50.55,30.33,12.93,986.98,-48.80,-437.50,-857.50,-271.25,1,53.268
1784291489.171185970,01/01/2000,00:18:41.76,-1025.88,-31.74,24.41,-1.44,1.01,-0.34,63.75,33.60,51.60,30.33,13.42,987.71,-49.17,-236.25,-752.50,-350.0,1,53.268
1784291489.189111948,01/01/2000,00:18:41.78,-1017.58,-18.07,69.82,-2.53,-0.02,-0.56,63.60,32.25,50.55,30.52,13.54,986.25,-49.78,376.25,-840.0,-306.25,1,53.268
1784291489.209191322,01/01/2000,00:18:41.81,-1000.0,4.88,43.95,0.37,2.73,1.46,64.35,32.25,51.0,30.33,13.54,986.00,-49.53,87.50,-560.0,-210.0,1,53.268
1784291489.233629704,01/01/2000,00:18:41.83,-1027.83,-10.25,1.46,-0.18,0.30,-1.0,62.55,32.85,52.65,30.33,12.93,983.69,-49.04,87.50,-796.25,-210.0,1,53.268
1784291489.251161814,01/01/2000,00:18:41.85,-1044.43,-20.02,54.69,-0.02,2.95,-0.08,63.15,31.80,51.0,30.28,12.81,982.22,-48.56,-131.25,-691.25,-323.75,1,53.268
1784291489.269896746,01/01/2000,00:18:41.87,-1047.85,-24.41,-36.13,0.85,-2.28,-0.47,63.60,33.45,51.0,30.33,12.81,984.30,-49.53,-437.50,-936.25,-192.50,1,53.268
1784291489.285996437,01/01/2000,00:18:41.88,-1018.07,-28.32,21.97,0.73,-0.48,-1.35,62.70,32.55,51.75,30.33,13.30,986.98,-51.36,43.75,-770.0,-227.50,1,53.268
1784291489.304072380,01/01/2000,00:18:41.90,-1016.60,-19.04,15.63,0.32,-1.02,0.83,62.70,32.55,51.75,30.33,13.42,987.96,-51.73,892.50,-647.50,-323.75,1,53.267
1784291489.326345205,01/01/2000,00:18:41.92,-1007.32,-32.23,-0.98,0.85,-1.15,1.40,61.80,30.75,53.85,30.52,13.66,987.47,-49.29,157.50,-805.0,-122.50,1,53.267
1784291489.341768026,01/01/2000,00:18:41.94,-1002.44,3.91,-30.27,-0.21,-0.54,-0.10,63.30,31.95,50.10,30.33,13.66,986.00,-47.21,-227.50,-560.0,-297.50,1,53.268
1784291489.359647751,01/01/2000,00:18:41.96,-992.19,-29.79,45.41,0.88,1.27,0.87,62.25,32.40,50.10,30.28,13.30,985.52,-46.24,-953.75,-673.75,-271.25,1,53.268
1784291489.376663685,01/01/2000,00:18:41.97,-1021.00,-19.04,41.99,1.85,1.24,0.89,64.05,34.05,51.15,30.19,12.93,985.39,-48.07,-822.50,-831.25,-262.50,1,53.268
1784291489.416166306,01/01/2000,00:18:42.01,-1043.46,-48.83,-1.46,-3.15,-2.29,-1.02,63.75,31.95,50.85,30.33,13.42,985.64,-52.58,1146.25,-621.25,-183.75,1,53.268
1784291489.436153650,01/01/2000,00:18:42.03,-997.07,-40.04,73.24,-0.25,-0.05,0.98,62.70,33.45,51.75,30.67,13.79,985.03,-50.51,621.25,-586.25,-253.75,1,53.268
1784291489.453688383,01/01/2000,00:18:42.05,-993.16,-29.30,-38.57,-0.89,2.66,1.18,64.50,33.15,50.40,30.52,13.66,983.44,-45.87,-253.75,-717.50,-280.0,1,53.267
1784291489.470999956,01/01/2000,00:18:42.07,-1021.48,-17.58,44.92,1.13,3.0,-0.33,63.60,33.45,51.0,30.67,13.30,984.42,-44.90,-1295.0,-586.25,-78.75,1,53.268
1784291489.488996744,01/01/2000,00:18:42.08,-1028.81,-56.15,23.44,-2.27,0.74,1.26,63.90,31.80,51.30,30.33,12.81,986.13,-48.07,-831.25,-691.25,-245.0,1,53.268
1784291489.512278318,01/01/2000,00:18:42.10,-1023.93,-32.23,-74.22,3.44,-0.59,-2.96,63.15,31.80,52.50,30.19,12.81,987.59,-51.36,927.50,-691.25,-262.50,1,53.268
1784291489.527355194,01/01/2000,00:18:42.12,-992.68,-24.90,4.39,-0.95,-3.83,-2.23,63.0,31.20,51.15,30.47,13.66,988.08,-52.70,1347.50,-752.50,-262.50,1,53.268
1784291489.544038773,01/01/2000,00:18:42.14,-1021.48,-23.93,-5.37,0.37,-1.77,0.91,63.15,31.80,50.55,30.43,14.40,986.74,-49.90,253.75,-612.50,-140.0,1,53.268
1784291489.561930656,01/01/2000,00:18:42.16,-1011.72,-35.16,26.86,1.67,-0.82,0.14,63.30,33.15,50.85,30.33,14.15,984.91,-47.09,-603.75,-551.25,-87.50,1,53.268
1784291489.578743935,01/01/2000,00:18:42.18,-1009.77,-25.39,29.30,2.13,0.91,-2.49,64.05,31.20,51.15,30.28,13.42,984.30,-47.09,-735.0,-805.0,-236.25,1,53.268
1784291489.617929220,01/01/2000,00:18:42.21,-1028.32,-15.63,11.72,-1.03,0.46,0.37,63.0,31.65,51.90,30.52,12.69,986.86,-51.24,752.50,-708.75,-227.50,1,53.268
1784291489.636104345,01/01/2000,00:18:42.23,-1007.32,-33.69,6.35,0.98,1.40,0.05,64.50,31.95,51.60,29.90,13.66,986.00,-50.26,840.0,-700.0,-175.0,1,53.268
1784291489.655942440,01/01/2000,00:18:42.25,-1014.65,-41.02,14.65,0.79,-0.05,-0.69,62.55,30.75,52.65,30.19,14.15,984.66,-46.97,288.75,-761.25,-183.75,1,53.268
1784291489.672938824,01/01/2000,00:18:42.27,-998.54,-19.53,-46.88,-0.95,-0.30,-1.21,63.90,33.0,50.55,30.33,14.03,985.64,-44.16,-953.75,-568.75,-78.75,1,53.269
1784291489.690319300,01/01/2000,00:18:42.29,-1041.02,-29.30,64.45,-2.19,1.16,1.15,63.75,33.15,51.90,30.43,12.93,986.61,-45.14,-1723.75,-735.0,-288.75,1,53.269
1784291489.708400488,01/01/2000,00:18:42.30,-1021.97,-25.88,29.79,-1.47,0.37,1.40,64.50,32.40,50.10,30.33,12.32,985.88,-49.90,-218.75,-630.0,-271.25,1,53.268
1784291489.734543800,01/01/2000,00:18:42.33,-1012.21,-17.09,1.46,1.48,-1.19,-0.62,63.30,31.65,50.85,29.90,12.81,985.52,-53.92,1715.0,-708.75,-428.75,1,53.268
1784291489.758673429,01/01/2000,00:18:42.35,-989.26,-36.13,2.93,-0.94,-0.01,-1.85,63.0,33.0,51.30,30.19,14.15,986.13,-50.87,533.75,-621.25,-148.75,1,53.268
1784291489.777810335,01/01/2000,00:18:42.37,-962.40,-20.51,95.21,-0.63,3.0,2.46,63.75,32.85,50.40,30.47,14.52,986.13,-46.60,-910.0,-507.50,-166.25,1,53.268
1784291489.792912245,01/01/2000,00:18:42.39,-979.49,-17.58,59.08,-0.60,-2.30,-0.83,64.35,31.80,50.55,30.28,14.03,984.05,-45.38,-1198.75,-682.50,-43.75,1,53.268
1784291489.810400724,01/01/2000,00:18:42.41,-1054.20,-34.18,48.34,0.04,0.49,0.18,64.50,33.15,51.90,30.19,12.57,984.66,-48.56,-87.50,-717.50,-367.50,1,53.268
1784291489.828484774,01/01/2000,00:18:42.42,-1010.74,-11.23,37.11,1.58,-0.73,-1.02,64.65,34.20,51.0,30.19,12.44,986.49,-51.00,603.75,-735.0,-306.25,1,53.268
1784291489.844635248,01/01/2000,00:18:42.44,-961.91,-17.09,31.25,1.68,2.93,0.23,64.95,34.05,50.40,30.47,13.05,986.74,-51.24,796.25,-778.75,-183.75,1,53.268
1784291489.862138271,01/01/2000,00:18:42.46,-991.21,-1.46,67.87,-0.54,0.38,-1.41,63.90,33.0,51.75,30.33,14.03,984.42,-48.80,673.75,-787.50,-262.50,1,53.268
1784291489.886985302,01/01/2000,00:18:42.48,-1024.90,-47.85,13.18,-1.42,0.15,1.11,63.30,31.95,51.60,30.19,14.40,985.27,-45.87,-1041.25,-542.50,-113.75,1,53.268
1784291489.901775599,01/01/2000,00:18:42.50,-1044.92,-21.97,0.0,1.86,-0.58,0.92,65.25,32.40,51.90,30.09,13.66,986.74,-46.97,-953.75,-761.25,-236.25,1,53.268
1784291489.918651819,01/01/2000,00:18:42.51,-1019.53,-12.21,62.50,-1.23,-0.60,1.07,64.05,32.85,50.85,30.43,12.69,987.47,-49.53,-428.75,-682.50,-332.50,1,53.268
1784291489.939675093,01/01/2000,00:18:42.54,-1001.95,-27.83,43.46,2.06,-2.47,-2.19,64.65,34.20,52.20,30.33,12.44,986.13,-52.34,1295.0,-761.25,-253.75,1,53.268
1784291489.973960638,01/01/2000,00:18:42.57,-997.56,-18.55,5.86,2.95,0.30,2.11,65.25,32.85,51.15,30.62,13.66,987.35,-46.12,-621.25,-1015.0,-166.25,1,53.268
1784291489.993939638,01/01/2000,00:18:42.59,-985.35,-27.83,-9.77,2.84,0.75,0.44,64.50,33.60,51.90,30.43,14.03,986.37,-44.77,-1618.75,-1006.25,-8.75,1,53.269
1784291490.013247013,01/01/2000,00:18:42.61,-988.77,-38.09,21.48,-0.27,-0.40,-1.05,64.65,32.55,52.50,30.43,13.05,983.56,-47.82,-866.25,-831.25,-166.25,1,53.269
1784291490.030368090,01/01/2000,00:18:42.63,-1000.98,-19.04,115.72,0.41,-2.34,-2.22,62.25,32.85,52.65,30.52,12.44,980.64,-51.48,1163.75,-840.0,-236.25,1,53.268
1784291490.047895432,01/01/2000,00:18:42.64,-1013.67,-41.02,-64.45,2.65,-0.40,-0.73,63.0,34.35,51.15,30.43,12.32,983.08,-52.22,1408.75,-1076.25,-297.50,1,53.268
1784291490.065143824,01/01/2000,00:18:42.66,-1010.25,-17.09,4.39,-0.02,-0.45,1.21,64.05,31.65,51.60,30.09,13.05,986.98,-49.53,288.75,-988.75,-350.0,1,53.268
1784291490.088217258,01/01/2000,00:18:42.68,-981.45,-22.95,3.91,0.06,-0.28,0.57,64.35,31.35,52.50,30.19,13.79,988.93,-45.75,-166.25,-980.0,-166.25,1,53.268
1784291490.103453636,01/01/2000,00:18:42.70,-1046.88,-12.21,6.35,1.34,0.25,-0.24,62.70,32.55,51.30,30.47,13.91,991.49,-43.92,-1006.25,-1076.25,-201.25,1,53.269
1784291490.121913671,01/01/2000,00:18:42.72,-1000.98,-40.53,27.34,0.84,1.06,-1.24,64.50,32.85,51.15,30.43,13.66,991.49,-45.14,-1426.25,-1216.25,-148.75,1,53.269
1784291490.142986059,01/01/2000,00:18:42.74,-995.12,-41.50,108.40,0.89,-0.97,-0.82,64.95,32.40,50.85,30.33,12.81,985.15,-50.02,-17.50,-1286.25,-271.25,1,53.269
1784291490.176989317,01/01/2000,00:18:42.77,-1025.88,-20.02,13.67,0.79,-2.48,-3.07,64.05,32.85,51.15,30.47,12.93,979.29,-52.22,1470.0,-717.50,-218.75,1,53.268
1784291490.195053101,01/01/2000,00:18:42.79,-1020.51,-41.99,46.39,-1.51,3.89,-0.50,64.05,32.85,51.15,30.52,13.42,981.73,-48.80,568.75,-691.25,-183.75,1,53.268
1784291490.232990265,01/01/2000,00:18:42.83,-1051.27,-42.97,82.52,-1.89,-1.23,2.23,64.05,34.05,51.15,30.52,13.05,990.15,-45.63,-813.75,-1583.75,-157.50,1,53.269
1784291490.278672218,01/01/2000,00:18:42.87,-997.07,-35.16,50.78,-0.53,-0.37,-0.34,64.95,32.40,52.35,30.47,13.54,986.13,-49.90,385.0,-840.0,-166.25,1,53.268
1784291490.304793119,01/01/2000,00:18:42.90,-1035.64,-15.63,16.11,1.82,0.14,1.12,64.65,31.80,52.20,30.33,13.05,981.86,-49.17,306.25,-1408.75,-210.0,1,53.268
1784291490.334886789,01/01/2000,00:18:42.93,-1030.27,-32.23,48.83,1.22,-0.76,-0.40,64.65,32.55,51.75,30.33,13.05,982.34,-47.09,393.75,-787.50,-288.75,1,53.268
1784291490.373204231,01/01/2000,00:18:42.97,-1036.13,-31.74,-20.02,-0.29,-1.02,-2.10,61.20,30.15,53.25,30.33,13.66,989.79,-38.67,96.25,-892.50,-96.25,1,53.268
1784291490.391200304,01/01/2000,00:18:42.99,-1021.97,-29.30,-16.11,-0.15,0.79,1.60,64.65,33.45,52.20,30.62,13.54,992.35,-35.87,-1303.75,-1373.75,-175.0,1,53.268
1784291490.408732414,01/01/2000,00:18:43.00,-1007.81,-21.97,39.06,-1.22,1.34,-1.66,64.65,34.20,51.75,30.43,13.66,991.37,-36.36,-1443.75,-1058.75,-122.50,1,53.268
1784291490.429759979,01/01/2000,00:18:43.03,-975.10,-27.34,-21.00,-1.69,0.74,0.46,63.90,32.25,51.0,30.33,13.66,984.78,-40.87,-35.0,-638.75,-236.25,1,53.268
1784291490.464527607,01/01/2000,00:18:43.06,-1021.97,-22.95,9.28,0.66,-2.91,-1.92,63.15,32.55,51.30,30.43,13.42,978.93,-41.97,2117.50,157.50,-393.75,1,53.268
1784291490.488899708,01/01/2000,00:18:43.08,-1001.95,-24.90,-60.55,-1.31,-2.53,-1.89,63.90,31.80,51.75,30.28,12.93,983.69,-35.87,1225.0,-551.25,-245.0,1,53.268
1784291490.504844904,01/01/2000,00:18:43.10,-1038.09,-48.34,-11.23,-1.31,1.29,1.21,63.75,32.85,52.35,30.47,13.30,990.88,-30.26,-1820.0,-603.75,-332.50,1,53.268
1784291490.522044420,01/01/2000,00:18:43.12,-1017.58,-27.34,8.30,1.03,3.82,-0.14,65.40,33.0,52.50,30.33,13.91,993.81,-29.52,-2441.25,-516.25,-218.75,1,53.268
1784291490.559097290,01/01/2000,00:18:43.16,-974.12,-23.44,-43.95,0.21,-0.11,-0.98,63.90,32.55,51.75,30.19,13.91,982.83,-43.19,1120.0,-52.50,-315.0,1,53.268
1784291490.576332092,01/01/2000,00:18:43.17,-1019.04,-109.38,91.31,-0.69,-1.75,0.01,61.20,33.0,52.20,30.28,13.91,978.81,-45.38,2318.75,691.25,-192.50,1,53.268
1784291490.598977089,01/01/2000,00:18:43.19,-1064.45,39.06,14.16,1.05,-1.76,0.10,64.50,33.60,51.60,30.62,12.93,980.15,-43.68,1793.75,376.25,-306.25,1,53.268
1784291490.614837170,01/01/2000,00:18:43.21,-1040.53,-7.32,5.37,-0.30,-0.64,0.38,65.25,33.15,51.60,30.67,12.81,986.61,-40.02,-131.25,218.75,-490.0,1,53.269
1784291490.633052588,01/01/2000,00:18:43.23,-1020.02,-48.83,19.53,0.57,0.60,0.94,64.95,31.65,51.60,30.47,13.05,992.35,-38.55,-1636.25,-481.25,-175.0,1,53.268
1784291490.666604757,01/01/2000,00:18:43.26,-982.91,-11.72,-19.53,-1.09,-1.29,0.13,62.40,32.25,52.50,30.33,13.54,986.00,-46.12,472.50,-420.0,-87.50,1,53.268
1784291490.693072081,01/01/2000,00:18:43.28,-1009.28,-25.39,63.96,-3.05,-2.02,0.07,64.95,30.75,51.90,30.62,13.42,981.00,-49.78,1592.50,-70.0,-122.50,1,53.268
1784291490.725341797,01/01/2000,00:18:43.32,-1033.69,-42.97,-45.41,1.35,0.92,0.44,61.95,33.45,51.75,30.43,12.32,987.22,-45.38,43.75,-297.50,-306.25,1,53.269
1784291490.765835047,01/01/2000,00:18:43.36,-960.94,-35.16,13.67,-0.74,0.38,0.16,63.0,31.95,53.10,30.33,14.27,986.74,-45.02,-813.75,-332.50,-140.0,1,53.268
1784291490.807110071,01/01/2000,00:18:43.40,-1007.81,-32.23,66.89,0.16,-1.76,1.14,63.15,31.05,52.50,30.47,12.44,983.08,-51.85,1767.50,-201.25,-350.0,1,53.268
1784291490.843514204,01/01/2000,00:18:43.44,-1035.16,-28.81,2.44,0.82,1.03,0.74,64.05,32.85,51.60,30.28,12.20,987.59,-44.90,-1058.75,-507.50,-402.50,1,53.268
1784291490.860824585,01/01/2000,00:18:43.46,-1010.25,-25.88,-14.16,2.45,1.98,1.72,64.05,33.15,51.60,30.33,13.54,987.71,-43.80,-1671.25,-533.75,-218.75,1,53.268
1784291490.879862309,01/01/2000,00:18:43.47,-1003.42,-39.55,72.27,-3.86,1.95,1.96,63.75,32.85,50.85,30.19,14.40,986.13,-47.09,-770.0,-507.50,0.0,1,53.268
1784291490.895625353,01/01/2000,00:18:43.49,-1001.95,4.88,46.39,0.40,-3.66,-0.18,65.70,33.60,51.60,30.19,13.66,984.17,-51.00,918.75,-393.75,-52.50,1,53.268
1784291490.932975769,01/01/2000,00:18:43.53,-1013.67,-28.32,49.32,-0.65,-0.03,1.23,63.75,33.15,51.15,30.52,12.08,984.78,-48.68,735.0,-367.50,-472.50,1,53.269
1784291490.956856728,01/01/2000,00:18:43.55,-1001.95,-2.44,-22.95,0.21,3.56,0.02,63.90,33.75,52.20,30.47,12.69,986.98,-45.26,-673.75,-411.25,-350.0,1,53.268
1784291490.972865582,01/01/2000,00:18:43.57,-1020.51,-29.30,14.65,-1.77,0.01,-0.74,63.60,32.55,52.95,30.28,13.66,987.71,-45.63,-1111.25,-516.25,-306.25,1,53.268
1784291490.989098787,01/01/2000,00:18:43.59,-1010.74,-28.32,-8.79,0.28,0.79,0.06,65.10,32.55,51.75,30.28,13.91,986.00,-48.92,87.50,-813.75,-105.0,1,53.268
1784291491.006923199,01/01/2000,00:18:43.60,-997.07,-25.39,58.11,-0.85,-0.78,-0.95,64.50,32.40,51.60,30.47,13.66,984.30,-51.00,988.75,-551.25,-131.25,1,53.268
1784291491.044938087,01/01/2000,00:18:43.64,-1007.32,-40.04,39.55,-1.27,-1.38,1.67,64.50,31.65,51.90,30.19,12.08,985.76,-47.58,96.25,-297.50,-402.50,1,53.268
1784291491.067524910,01/01/2000,00:18:43.66,-1010.74,-26.86,7.81,1.05,1.17,0.65,64.65,33.0,52.50,30.67,12.32,987.59,-45.63,-735.0,-796.25,-192.50,1,53.269
1784291491.079395771,01/01/2000,00:18:43.68,-1006.35,-24.90,-58.59,-1.26,0.47,0.29,63.60,33.0,51.30,30.47,13.42,987.59,-45.75,-840.0,-621.25,-105.0,1,53.269
1784291491.098268032,01/01/2000,00:18:43.69,-984.38,-27.83,31.25,0.57,1.76,-0.37,62.55,33.60,53.10,30.47,14.15,985.76,-47.95,-262.50,-665.0,-105.0,1,53.268
1784291491.117583990,01/01/2000,00:18:43.71,-1020.02,-41.99,3.42,-2.31,-2.83,-0.57,64.35,31.35,51.0,30.43,13.66,983.81,-50.75,682.50,-507.50,-113.75,1,53.268
1784291491.152281046,01/01/2000,00:18:43.75,-1045.41,-29.79,20.51,-1.31,-0.93,0.21,63.15,32.55,51.30,30.43,11.96,985.52,-48.56,262.50,-498.75,-367.50,1,53.269
1784291491.177541494,01/01/2000,00:18:43.77,-1020.02,-37.11,-0.49,0.11,2.98,1.30,64.50,34.05,51.90,30.47,12.44,986.98,-45.99,-700.0,-533.75,-271.25,1,53.269
1784291491.190002203,01/01/2000,00:18:43.79,-1043.46,-21.97,12.70,-1.98,-1.61,-0.50,64.05,32.40,51.90,29.95,13.66,986.61,-46.60,-752.50,-770.0,-271.25,1,53.269
1784291491.207131624,01/01/2000,00:18:43.80,-992.68,5.86,-6.84,0.21,-0.84,0.32,64.05,33.60,52.35,30.19,14.27,985.27,-48.92,0.0,-700.0,-61.25,1,53.269
1784291491.224218369,01/01/2000,00:18:43.82,-1014.16,-9.28,-18.55,0.53,-0.13,-0.37,64.35,33.0,51.30,30.62,13.79,984.30,-50.26,971.25,-630.0,-157.50,1,53.269
1784291491.245540380,01/01/2000,00:18:43.84,-1000.0,-20.02,64.94,-1.01,-2.50,-0.43,64.95,34.05,51.15,30.28,12.69,984.42,-49.53,805.0,-630.0,-140.0,1,53.268
1784291491.262839079,01/01/2000,00:18:43.86,-1025.88,-7.32,0.49,-0.50,0.40,0.93,64.35,32.25,51.75,30.33,11.96,985.76,-47.34,0.0,-726.25,-253.75,1,53.269
1784291491.286876917,01/01/2000,00:18:43.88,-1017.09,-28.81,51.76,-0.54,-1.15,0.61,64.35,32.25,51.75,30.33,12.93,986.98,-45.87,-586.25,-603.75,-385.0,1,53.268
1784291491.307940006,01/01/2000,00:18:43.90,-1019.53,-13.18,37.60,1.20,-1.06,1.41,64.05,30.0,53.85,30.33,14.40,986.00,-47.70,-131.25,-603.75,-70.0,1,53.268
1784291491.330121756,01/01/2000,00:18:43.93,-1012.21,-18.55,22.95,1.44,0.82,2.08,64.05,31.65,51.90,30.43,14.40,984.78,-49.90,656.25,-656.25,-236.25,1,53.268
1784291491.346607685,01/01/2000,00:18:43.94,-1016.11,-27.34,8.30,0.44,-2.01,0.92,61.35,31.65,52.65,30.28,13.66,984.30,-49.78,700.0,-560.0,-78.75,1,53.268
1784291491.363513708,01/01/2000,00:18:43.96,-989.75,-35.64,69.82,-1.21,-2.33,-2.26,64.05,33.60,51.15,30.43,12.44,985.27,-48.31,280.0,-463.75,-367.50,1,53.269
1784291491.380530119,01/01/2000,00:18:43.98,-1020.51,-45.41,128.91,0.17,2.73,0.48,66.0,33.60,52.65,30.52,12.44,986.49,-46.85,-385.0,-586.25,-288.75,1,53.269
1784291491.401336432,01/01/2000,00:18:44.00,-1025.39,-32.23,-3.91,0.31,2.91,0.87,64.65,32.25,52.20,30.19,13.18,986.74,-47.09,-463.75,-525.0,-210.0,1,53.268
1784291491.418313980,01/01/2000,00:18:44.01,-957.52,-20.51,15.14,1.41,1.17,0.08,65.10,32.25,50.55,30.43,13.91,985.76,-48.07,-166.25,-752.50,-297.50,1,53.268
1784291491.435997486,01/01/2000,00:18:44.03,-1021.00,-19.04,41.99,2.37,-0.47,0.40,64.65,32.25,52.95,30.43,14.40,984.54,-49.29,490.0,-586.25,-122.50,1,53.268
1784291491.457458735,01/01/2000,00:18:44.05,-1041.50,-11.23,19.53,-0.10,-1.76,-0.29,64.65,31.35,51.0,30.62,13.30,985.03,-49.29,595.0,-630.0,-262.50,1,53.268
1784291491.474519491,01/01/2000,00:18:44.07,-1000.0,-33.20,25.39,-0.85,-1.49,-0.66,64.65,33.75,52.50,30.43,12.69,985.76,-47.95,131.25,-577.50,-323.75,1,53.268
1784291491.491355419,01/01/2000,00:18:44.09,-1007.32,-41.02,55.18,0.77,3.02,-0.27,63.30,32.85,51.15,30.19,12.69,986.61,-47.09,-402.50,-507.50,-315.0,1,53.269
1784291491.516376972,01/01/2000,00:18:44.11,-1006.35,-25.88,57.13,-1.52,0.13,-1.52,63.30,32.85,52.35,30.43,13.18,986.37,-46.97,-463.75,-560.0,-280.0,1,53.269
1784291491.531420469,01/01/2000,00:18:44.13,-995.12,-21.48,-8.30,-0.08,-1.57,0.12,64.05,32.40,52.35,30.43,14.03,984.91,-48.43,253.75,-778.75,-148.75,1,53.269
1784291491.546993017,01/01/2000,00:18:44.14,-1015.63,8.30,103.52,-0.27,-2.48,0.03,63.75,32.85,53.10,30.52,14.52,982.83,-47.95,1408.75,-271.25,-105.0,1,53.268
1784291491.563963652,01/01/2000,00:18:44.16,-1056.64,27.34,61.52,-2.16,-2.62,2.28,63.15,33.75,52.50,30.33,14.03,984.91,-46.48,385.0,157.50,-288.75,1,53.268
1784291491.581907988,01/01/2000,00:18:44.18,-1021.97,-28.81,-65.43,-2.50,-0.83,1.41,63.75,32.40,51.90,30.47,13.42,985.39,-43.19,297.50,376.25,-271.25,1,53.269
1784291491.603087664,01/01/2000,00:18:44.20,-982.91,-3.91,34.18,-1.21,0.82,-0.12,64.35,32.25,51.75,30.33,14.03,986.49,-39.04,280.0,1050.0,-402.50,1,53.269
1784291491.622772217,01/01/2000,00:18:44.22,-991.21,-29.79,-35.16,-3.59,0.88,0.58,63.30,32.40,53.10,30.33,15.01,988.57,-37.70,-717.50,1400.0,-245.0,1,53.269
1784291491.640961647,01/01/2000,00:18:44.23,-1026.37,-14.65,-1.46,-1.29,-0.15,-0.39,64.05,33.15,51.75,30.33,15.37,987.83,-38.43,-131.25,1575.0,-210.0,1,53.269
1784291491.658449173,01/01/2000,00:18:44.26,-997.07,-8.79,4.88,-1.53,-0.55,-1.03,64.35,30.60,54.75,30.62,14.64,985.76,-39.53,805.0,1610.0,-323.75,1,53.269
1784291491.676425457,01/01/2000,00:18:44.27,-982.91,-5.86,-47.85,-1.99,-1.96,-1.81,64.05,32.85,52.35,30.33,14.52,983.81,-38.55,1190.0,1916.25,-288.75,1,53.269
1784291491.693266869,01/01/2000,00:18:44.29,-965.82,-18.07,2.93,-2.53,0.28,-1.61,64.05,31.95,52.35,30.33,14.52,983.44,-35.38,822.50,2808.75,-455.0,1,53.269
1784291491.720366955,01/01/2000,00:18:44.31,-1028.81,-8.30,-13.67,-1.49,1.09,-1.29,64.65,33.45,52.20,30.33,14.64,984.78,-32.94,-393.75,3211.25,-393.75,1,53.269
1784291491.733623981,01/01/2000,00:18:44.33,-1010.25,-4.88,-0.98,-1.48,0.91,0.76,63.60,31.80,52.95,30.33,13.66,987.59,-33.43,-385.0,1933.75,-341.25,1,53.269
1784291491.749352217,01/01/2000,00:18:44.35,-1017.09,-14.16,-1.95,-0.53,0.46,0.57,63.75,31.95,52.35,30.19,12.32,990.15,-36.11,-306.25,603.75,-218.75,1,53.269
1784291491.766462326,01/01/2000,00:18:44.36,-1013.67,7.81,-12.21,0.12,0.08,2.32,63.90,33.0,51.30,30.28,10.98,990.52,-39.16,297.50,-1076.25,-43.75,1,53.269
1784291491.783972979,01/01/2000,00:18:44.38,-969.73,-17.09,-16.60,3.27,0.44,1.16,64.05,33.60,51.90,30.33,10.74,986.74,-40.75,971.25,-1671.25,-218.75,1,53.269
1784291491.810164213,01/01/2000,00:18:44.41,-995.61,11.72,35.16,2.07,3.0,0.85,61.95,31.35,53.25,30.67,10.74,983.20,-41.24,-227.50,-1785.0,-157.50,1,53.269
1784291491.831091404,01/01/2000,00:18:44.43,-1015.14,-17.09,49.32,4.27,-1.16,-1.05,64.05,31.20,50.85,29.99,10.25,981.98,-42.46,-17.50,-3018.75,-113.75,1,53.269
1784291491.848556995,01/01/2000,00:18:44.45,-1026.37,-6.84,12.21,6.59,0.89,1.62,63.60,32.55,51.75,30.62,10.86,983.81,-44.65,113.75,-3307.50,-105.0,1,53.268
1784291491.865483522,01/01/2000,00:18:44.46,-1015.14,-17.58,62.99,4.98,-1.45,-0.70,63.30,31.65,50.40,30.43,12.32,985.03,-46.36,595.0,-3132.50,-70.0,1,53.268
1784291491.890993595,01/01/2000,00:18:44.48,-1050.29,-10.74,-4.88,5.04,-1.19,0.09,64.65,32.25,52.20,30.47,13.66,986.98,-46.48,918.75,-1925.0,-122.50,1,53.268
1784291491.907146931,01/01/2000,00:18:44.50,-1038.09,-28.32,23.93,0.85,-1.0,-0.34,64.50,31.95,51.15,30.52,14.27,988.69,-45.63,96.25,-1190.0,-131.25,1,53.268
1784291491.923037767,01/01/2000,00:18:44.52,-1003.42,-12.21,-33.20,0.02,2.66,1.30,64.05,32.40,51.90,30.43,13.91,989.05,-45.26,-1207.50,-1225.0,-70.0,1,53.269
1784291491.943206310,01/01/2000,00:18:44.54,-999.51,-36.62,37.11,4.40,-0.81,-0.14,64.50,31.95,53.40,30.52,12.81,983.81,-47.95,-8.75,-2170.0,-201.25,1,53.269
1784291491.977733374,01/01/2000,00:18:44.57,-1010.74,-29.79,48.83,1.02,-1.85,-1.76,65.25,32.85,50.85,30.52,13.18,984.05,-51.97,612.50,-1907.50,-166.25,1,53.269
1784291492.001694441,01/01/2000,00:18:44.59,-1013.18,-27.83,-22.95,1.16,-2.04,2.69,65.10,31.80,51.0,30.62,13.79,985.27,-51.73,927.50,-1540.0,-113.75,1,53.269
1784291492.015734434,01/01/2000,00:18:44.61,-1013.67,-11.23,-8.30,1.40,0.39,-0.66,63.60,33.45,51.75,30.19,14.15,986.00,-48.31,1067.50,-1557.50,-131.25,1,53.268
1784291492.033290386,01/01/2000,00:18:44.63,-1036.62,-17.58,97.17,0.50,0.99,-0.85,62.55,34.05,54.15,30.19,14.15,988.44,-44.77,-43.75,-1382.50,-96.25,1,53.268
1784291492.050840616,01/01/2000,00:18:44.65,-1026.37,-5.37,102.05,2.18,-0.31,-0.21,64.50,32.85,53.40,30.28,14.03,989.42,-43.68,-1583.75,-1365.0,-201.25,1,53.269
1784291492.068725824,01/01/2000,00:18:44.66,-1017.58,-19.04,82.03,1.53,2.02,0.37,64.35,32.25,51.75,30.33,14.03,987.22,-46.85,-1286.25,-1347.50,-183.75,1,53.269
1784291492.094059944,01/01/2000,00:18:44.69,-1015.63,-1.46,42.97,-0.96,-1.44,-2.07,65.40,32.55,52.20,30.43,13.91,983.32,-51.36,778.75,-1216.25,-280.0,1,53.269
1784291492.108523130,01/01/2000,00:18:44.70,-1015.14,-25.88,-10.25,-0.93,-3.40,0.95,62.70,32.55,52.20,30.62,13.91,982.34,-53.56,1828.75,-980.0,-227.50,1,53.269
1784291492.124521732,01/01/2000,00:18:44.72,-1021.48,-40.04,-44.43,0.28,0.10,0.09,63.90,33.0,51.30,30.47,13.91,983.81,-51.48,656.25,-840.0,-323.75,1,53.269
1784291492.145550251,01/01/2000,00:18:44.74,-1031.25,-4.88,-37.11,1.27,1.19,-3.41,65.10,32.25,51.0,30.28,14.03,986.00,-48.19,-437.50,-1102.50,-245.0,1,53.269
1784291492.163439035,01/01/2000,00:18:44.76,-1054.20,-45.41,-3.91,-0.71,0.13,-2.31,64.50,32.85,51.15,30.33,13.66,986.74,-47.34,148.75,-1111.25,-332.50,1,53.269
1784291492.181431055,01/01/2000,00:18:44.78,-1024.41,-20.51,85.45,3.19,-2.37,-1.11,64.05,32.40,52.35,30.33,13.79,988.20,-46.85,166.25,-1067.50,-245.0,1,53.269
1784291492.201961994,01/01/2000,00:18:44.79,-1012.21,-8.30,83.50,0.40,0.63,0.61,64.05,32.40,52.35,30.47,14.03,988.08,-47.21,-411.25,-743.75,-140.0,1,53.269
1784291492.221860409,01/01/2000,00:18:44.82,-1006.35,-32.71,17.58,2.14,0.31,-0.64,64.35,30.15,53.25,29.99,14.15,984.05,-48.56,-78.75,-770.0,-192.50,1,53.269
1784291492.236291409,01/01/2000,00:18:44.83,-1039.06,-24.90,-36.13,1.64,-1.17,0.89,63.90,33.0,51.30,30.28,13.66,981.86,-50.39,341.25,-848.75,-192.50,1,53.269
1784291492.254711151,01/01/2000,00:18:44.85,-1023.44,-32.71,-57.62,-0.44,-0.13,-0.15,64.50,32.40,51.60,30.33,13.42,982.59,-51.48,647.50,-778.75,-227.50,1,53.270
1784291492.270697832,01/01/2000,00:18:44.87,-1006.84,-19.53,63.48,1.31,-2.43,0.33,64.05,31.20,51.60,30.52,13.30,984.91,-51.48,735.0,-787.50,-288.75,1,53.269
1784291492.293670177,01/01/2000,00:18:44.89,-1024.41,-43.95,39.06,0.51,-2.05,0.11,64.50,31.65,51.90,30.09,13.66,987.96,-49.53,323.75,-875.0,-253.75,1,53.269
1784291492.326159239,01/01/2000,00:18:44.92,-997.56,-13.67,-17.09,0.76,-1.22,0.05,63.0,31.65,53.10,30.71,14.03,989.66,-46.97,-288.75,-910.0,-113.75,1,53.268
1784291492.342070103,01/01/2000,00:18:44.94,-1015.63,-32.71,36.62,-0.88,-0.36,-0.48,63.15,31.80,50.55,30.33,13.91,988.44,-47.34,-560.0,-778.75,-131.25,1,53.268
1784291492.363278151,01/01/2000,00:18:44.96,-978.52,-39.06,19.04,-2.18,1.31,0.53,63.60,33.75,51.75,30.52,13.79,983.08,-49.90,-262.50,-761.25,-332.50,1,53.268
1784291492.380542278,01/01/2000,00:18:44.98,-1017.09,-6.84,-53.22,1.45,-0.59,0.31,63.90,31.80,51.0,30.52,13.54,979.90,-51.61,560.0,-560.0,-131.25,1,53.268
1784291492.398139715,01/01/2000,00:18:44.99,-1012.70,-34.18,77.64,-0.37,-1.24,-2.74,63.15,31.35,51.0,30.47,13.18,979.29,-52.95,1128.75,-656.25,-297.50,1,53.268
1784291492.420138836,01/01/2000,00:18:45.01,-1001.95,-20.02,-27.34,-0.47,-1.59,1.82,63.30,32.40,52.35,30.47,12.93,982.71,-52.46,971.25,-848.75,-280.0,1,53.268
1784291492.436939478,01/01/2000,00:18:45.03,-1018.55,-50.78,80.57,-1.48,-1.43,-1.49,64.05,31.95,51.15,30.62,13.66,987.35,-48.80,463.75,-752.50,-323.75,1,53.268
1784291492.454516172,01/01/2000,00:18:45.05,-1018.07,-42.48,0.49,0.67,-0.63,-0.86,64.50,32.85,51.15,30.43,14.03,989.54,-46.12,-665.0,-761.25,-183.75,1,53.268
1784291492.471514940,01/01/2000,00:18:45.07,-1013.18,-17.09,25.39,0.19,0.15,0.85,62.40,31.80,51.30,29.95,14.03,989.54,-45.63,-638.75,-848.75,-148.75,1,53.268
1784291492.488021851,01/01/2000,00:18:45.09,-983.40,-20.51,74.71,-1.21,2.03,-1.63,63.0,33.15,52.35,30.33,13.79,988.44,-47.34,-385.0,-945.0,-175.0,1,53.268
1784291492.514250517,01/01/2000,00:18:45.11,-998.54,-32.23,56.64,1.81,0.32,0.03,63.0,30.0,54.60,30.47,13.54,986.74,-50.51,113.75,-481.25,-280.0,1,53.268
1784291492.526266098,01/01/2000,00:18:45.12,-1015.63,-14.16,0.49,2.97,-2.06,-0.94,63.30,31.20,51.60,30.19,13.05,984.54,-52.34,796.25,-726.25,-183.75,1,53.268
1784291492.545854807,01/01/2000,00:18:45.14,-993.16,-18.07,-42.97,0.05,-3.66,1.37,64.65,32.55,52.20,30.33,13.05,982.83,-51.85,1050.0,-778.75,-280.0,1,53.268
1784291492.564843893,01/01/2000,00:18:45.16,-1032.23,-25.88,47.36,3.12,-0.44,-1.69,63.30,32.40,50.85,30.33,13.79,983.81,-49.17,61.25,-831.25,-175.0,1,53.268
1784291492.581841946,01/01/2000,00:18:45.18,-1021.48,-19.53,-61.04,1.65,2.64,0.75,64.05,33.15,51.60,30.43,13.79,985.27,-48.07,-621.25,-743.75,-157.50,1,53.269
1784291492.598993063,01/01/2000,00:18:45.20,-1039.55,-41.50,-23.44,0.67,1.85,1.25,63.75,31.95,51.15,30.47,13.42,986.37,-49.04,-105.0,-848.75,-236.25,1,53.269
1784291492.622839689,01/01/2000,00:18:45.21,-1018.07,-20.02,12.70,-0.29,-1.27,0.52,64.65,32.25,51.30,30.52,13.42,986.74,-49.78,271.25,-726.25,-236.25,1,53.268
1784291492.638485432,01/01/2000,00:18:45.23,-1030.76,-27.83,42.97,1.18,-2.26,0.65,64.35,32.25,50.25,30.33,13.42,986.37,-50.02,393.75,-717.50,-192.50,1,53.268
1784291492.654998779,01/01/2000,00:18:45.25,-1022.46,-32.23,-8.30,-0.98,-1.14,1.05,64.35,33.0,50.25,30.28,13.66,986.00,-49.53,175.0,-691.25,-280.0,1,53.268
1784291492.672024012,01/01/2000,00:18:45.27,-1000.0,-15.63,-34.18,-1.79,-1.80,0.21,62.70,31.80,51.0,30.33,13.66,985.76,-49.04,-78.75,-647.50,-192.50,1,53.269
1784291492.689141035,01/01/2000,00:18:45.29,-1013.18,-41.99,-38.57,-3.11,0.68,0.31,64.05,33.15,50.10,30.47,13.66,985.64,-49.29,-35.0,-717.50,-122.50,1,53.269
1784291492.715574741,01/01/2000,00:18:45.31,-1016.60,-43.95,13.18,-2.40,-1.22,-2.24,62.70,31.80,51.75,30.62,13.30,986.00,-50.14,61.25,-673.75,-280.0,1,53.269
1784291492.730121374,01/01/2000,00:18:45.32,-1033.69,-15.63,23.44,0.71,-2.27,-0.58,63.15,32.25,53.25,30.19,13.42,986.49,-50.87,0.0,-752.50,-192.50,1,53.269
1784291492.747198105,01/01/2000,00:18:45.34,-1026.37,-34.18,-24.41,-0.32,-1.47,-1.01,63.30,33.15,51.60,29.95,13.42,985.15,-50.87,612.50,-621.25,-271.25,1,53.269
1784291492.767182589,01/01/2000,00:18:45.36,-1012.21,-37.11,35.64,-0.38,-1.53,0.46,63.0,31.65,51.60,30.47,13.79,985.03,-48.56,498.75,-673.75,-148.75,1,53.268
1784291492.784181356,01/01/2000,00:18:45.38,-1006.35,-43.95,-30.76,-0.24,0.73,1.78,63.0,33.15,54.60,30.33,14.15,986.00,-46.85,-778.75,-35.0,-245.0,1,53.268
1784291492.801166773,01/01/2000,00:18:45.40,-1018.55,-23.93,-4.39,-1.26,-0.03,-0.77,63.60,33.45,51.75,30.43,14.52,985.76,-46.48,-857.50,131.25,-105.0,1,53.269
1784291492.826224566,01/01/2000,00:18:45.42,-1014.65,-39.06,90.33,1.50,1.93,0.83,64.65,32.25,52.20,30.67,14.15,985.15,-50.14,-131.25,17.50,-122.50,1,53.268
1784291492.853984118,01/01/2000,00:18:45.45,-1033.69,-27.34,57.62,-1.53,-1.38,2.38,62.70,31.05,50.55,30.14,13.18,984.91,-52.70,533.75,-358.75,-341.25,1,53.268
1784291492.870912313,01/01/2000,00:18:45.46,-994.63,-52.25,33.69,2.88,-0.24,2.31,64.35,33.75,50.25,30.33,12.69,984.17,-52.46,551.25,-717.50,-245.0,1,53.268
1784291492.885883093,01/01/2000,00:18:45.48,-1011.23,-13.67,-11.72,0.47,-0.70,-1.33,63.0,32.85,50.40,30.19,12.20,983.20,-51.24,306.25,-1487.50,-87.50,1,53.269
1784291492.902263165,01/01/2000,00:18:45.50,-1013.18,-7.32,55.18,-1.06,0.50,0.37,63.90,32.25,50.25,30.28,12.57,983.44,-50.51,157.50,-1461.25,-402.50,1,53.269
1784291492.921267271,01/01/2000,00:18:45.52,-1031.25,-29.30,4.88,1.32,0.47,-0.35,64.35,32.25,51.0,30.33,13.54,986.61,-49.41,358.75,-201.25,-166.25,1,53.268
1784291492.938800335,01/01/2000,00:18:45.54,-1034.18,-42.97,-15.63,2.48,-0.15,-2.98,63.75,34.35,52.65,30.33,12.93,990.40,-49.04,-61.25,-1408.75,-175.0,1,53.268
1784291492.955918074,01/01/2000,00:18:45.55,-1023.93,-34.67,20.02,1.11,2.49,2.91,63.0,32.85,50.40,30.09,13.42,990.64,-48.92,-192.50,-1146.25,-323.75,1,53.268
1784291492.983214140,01/01/2000,00:18:45.57,-976.56,-35.16,2.93,1.37,-0.20,0.03,64.65,33.0,52.20,30.47,14.64,986.49,-48.80,-78.75,-603.75,-113.75,1,53.268
1784291492.995916605,01/01/2000,00:18:45.59,-1011.23,-27.83,87.40,0.13,0.29,-3.07,62.55,31.65,50.40,30.19,13.30,981.73,-49.04,-96.25,-612.50,-227.50,1,53.268
1784291493.012734652,01/01/2000,00:18:45.61,-1029.79,-15.14,-16.11,1.25,-0.82,-0.67,64.95,30.75,51.15,30.28,12.69,981.98,-50.26,-245.0,-857.50,-280.0,1,53.269
1784291493.028747559,01/01/2000,00:18:45.63,-1022.46,-23.93,32.71,0.72,1.39,0.45,63.90,32.55,51.75,30.62,12.57,983.20,-51.97,367.50,-857.50,-157.50,1,53.269
1784291493.050327301,01/01/2000,00:18:45.65,-1027.83,-34.18,-62.50,2.64,1.44,1.15,62.25,30.75,53.10,30.43,12.93,985.88,-52.70,735.0,-1015.0,-271.25,1,53.269
1784291493.067890882,01/01/2000,00:18:45.66,-1022.46,-31.25,17.58,2.31,-1.55,-2.39,63.75,31.95,51.60,30.43,14.52,986.74,-50.87,665.0,-831.25,-78.75,1,53.269
1784291493.090043545,01/01/2000,00:18:45.68,-982.91,-0.49,64.94,-0.27,-0.53,-0.02,62.55,32.40,51.60,29.99,14.76,986.98,-47.34,87.50,35.0,-166.25,1,53.268
1784291493.105999947,01/01/2000,00:18:45.70,-1013.18,-22.95,3.42,2.91,0.60,0.66,63.90,32.25,51.30,30.33,13.66,987.10,-45.87,-848.75,-647.50,-323.75,1,53.269
1784291493.122849464,01/01/2000,00:18:45.72,-1041.02,-30.27,38.57,1.85,-0.28,-0.03,64.05,31.95,50.85,30.43,12.69,986.86,-48.07,-778.75,-665.0,-341.25,1,53.269
1784291493.140061140,01/01/2000,00:18:45.74,-1005.37,-28.32,-3.42,-1.45,-2.12,-0.03,64.65,32.25,49.80,30.67,12.32,985.76,-52.09,105.0,-726.25,-280.0,1,53.269
1784291493.157624722,01/01/2000,00:18:45.75,-996.09,-31.74,34.67,-0.18,-0.27,2.20,62.70,32.55,51.0,30.43,13.18,984.54,-54.78,1120.0,-1076.25,-140.0,1,53.269
1784291493.174890041,01/01/2000,00:18:45.77,-986.82,-29.79,10.25,0.05,0.22,2.84,63.15,33.45,51.30,30.43,14.03,984.78,-53.80,1155.0,-376.25,-315.0,1,53.269
1784291493.199930906,01/01/2000,00:18:45.79,-994.14,-13.67,-57.13,-0.37,0.41,0.12,63.90,31.35,50.25,30.47,14.15,985.88,-49.78,280.0,-551.25,-78.75,1,53.269
1784291493.230659008,01/01/2000,00:18:45.83,-1008.30,-36.13,75.20,2.60,2.47,4.82,62.40,32.25,51.30,30.33,12.81,983.81,-47.58,-708.75,-1058.75,-341.25,1,53.269
1784291493.251693010,01/01/2000,00:18:45.85,-1023.44,-42.97,37.60,-0.95,-0.37,0.54,63.75,30.75,52.65,30.47,13.18,984.54,-51.00,420.0,-455.0,-358.75,1,53.269
1784291493.269179344,01/01/2000,00:18:45.87,-1043.95,-30.76,13.18,1.36,0.13,0.57,63.75,30.75,52.65,29.99,13.18,986.37,-52.22,901.25,-726.25,-332.50,1,53.269
1784291493.286170483,01/01/2000,00:18:45.88,-1024.90,-58.11,23.44,-0.57,0.08,1.08,63.90,31.80,49.50,30.67,14.15,988.20,-51.12,752.50,-603.75,-17.50,1,53.269
1784291493.308124304,01/01/2000,00:18:45.90,-1006.35,-51.27,61.04,-1.03,0.40,0.40,63.0,31.95,50.40,30.33,14.15,987.59,-48.07,-393.75,-481.25,-350.0,1,53.269
1784291493.324579000,01/01/2000,00:18:45.92,-1000.98,-48.83,9.28,1.25,2.55,0.49,63.90,33.0,51.30,30.43,13.66,984.30,-47.70,-551.25,-813.75,-131.25,1,53.269
1784291493.348583460,01/01/2000,00:18:45.95,-997.56,-22.46,16.11,-1.95,0.98,1.56,63.60,31.80,51.30,30.33,12.81,984.54,-51.12,367.50,-472.50,-350.0,1,53.269
1784291493.371401787,01/01/2000,00:18:45.97,-990.72,-35.64,63.48,-0.06,-0.38,0.96,63.30,31.65,51.15,30.09,12.93,986.00,-52.95,621.25,-778.75,-236.25,1,53.269
1784291493.387064219,01/01/2000,00:18:45.98,-1016.60,-47.85,80.57,0.50,-1.85,-1.06,60.45,32.25,51.75,30.19,13.66,985.64,-52.34,341.25,-778.75,-131.25,1,53.268
1784291493.408066750,01/01/2000,00:18:46.00,-1019.04,-19.04,0.49,-1.27,1.90,-0.24,64.50,32.40,51.90,30.33,14.15,984.42,-50.26,183.75,-603.75,-175.0,1,53.268
1784291493.426066160,01/01/2000,00:18:46.02,-1018.07,-34.18,-34.67,1.38,1.38,-0.63,63.75,32.85,50.85,30.52,13.42,985.52,-49.65,105.0,-691.25,-157.50,1,53.268
1784291493.443239927,01/01/2000,00:18:46.04,-1033.20,-37.11,-31.74,1.82,-3.07,0.40,63.30,32.85,50.85,29.99,12.93,986.98,-49.41,201.25,-568.75,-288.75,1,53.269
1784291493.465622187,01/01/2000,00:18:46.06,-1002.93,-25.88,9.77,0.51,3.20,2.13,63.0,33.15,51.15,30.28,12.93,986.49,-48.56,-140.0,-770.0,-218.75,1,53.268
1784291493.481547832,01/01/2000,00:18:46.08,-999.51,-6.35,25.39,-0.19,-1.46,0.59,63.0,32.40,50.40,30.19,13.66,984.78,-48.43,-271.25,-717.50,-236.25,1,53.269
1784291493.498089790,01/01/2000,00:18:46.09,-998.05,-41.02,-13.18,2.93,-1.49,2.02,63.15,32.55,51.75,30.33,14.03,983.08,-50.14,-288.75,-577.50,-218.75,1,53.269
1784291493.515603781,01/01/2000,00:18:46.11,-1001.46,-47.85,-0.98,0.80,-0.34,2.11,64.05,31.20,51.15,30.33,14.03,983.20,-52.34,638.75,-560.0,-113.75,1,53.269
1784291493.554711819,01/01/2000,00:18:46.15,-1020.02,-57.62,-42.48,0.55,2.73,-1.93,64.05,32.40,51.90,30.62,13.18,986.74,-49.90,-367.50,-910.0,-157.50,1,53.268
1784291493.574030876,01/01/2000,00:18:46.17,-1019.04,-17.58,46.88,1.77,-0.11,-0.79,63.90,33.0,50.25,30.28,13.54,985.27,-48.68,-166.25,-603.75,-288.75,1,53.269
1784291493.589277267,01/01/2000,00:18:46.19,-1019.04,-25.39,14.16,0.56,1.33,-1.31,63.15,32.25,50.25,30.43,13.66,984.91,-49.29,-157.50,-936.25,-157.50,1,53.269
1784291493.610311270,01/01/2000,00:18:46.21,-1024.41,-21.48,3.42,0.98,1.59,1.03,64.05,31.95,52.35,30.33,13.66,986.61,-50.39,376.25,-358.75,-288.75,1,53.269
1784291493.627326965,01/01/2000,00:18:46.22,-994.63,-10.74,-24.90,0.11,-1.59,-2.02,61.05,29.55,52.65,30.67,13.18,987.83,-49.90,236.25,-726.25,-218.75,1,53.269
1784291493.645341873,01/01/2000,00:18:46.24,-989.26,-19.53,43.46,0.92,-0.24,-0.70,62.40,32.25,51.0,30.47,13.18,987.83,-48.68,-481.25,-507.50,-358.75,1,53.269
1784291493.668850422,01/01/2000,00:18:46.26,-975.10,-20.02,3.42,-0.46,0.94,1.12,63.0,32.40,49.65,30.33,13.42,985.27,-49.53,-770.0,-857.50,-315.0,1,53.269
1784291493.682925940,01/01/2000,00:18:46.28,-1001.95,-29.30,56.64,0.21,-0.85,0.65,64.05,31.20,51.15,30.52,13.66,982.95,-53.92,376.25,-586.25,-131.25,1,53.269
1784291493.700620890,01/01/2000,00:18:46.30,-1017.09,-32.23,35.16,-1.35,-0.54,1.96,64.05,31.20,51.15,30.43,13.30,983.56,-55.51,1443.75,-603.75,-358.75,1,53.269
1784291493.717626810,01/01/2000,00:18:46.31,-1015.63,-34.18,123.54,0.37,-2.41,0.96,63.30,31.95,50.10,30.43,13.18,985.76,-53.56,971.25,-638.75,-280.0,1,53.269
1784291493.743928671,01/01/2000,00:18:46.34,-1008.79,-26.37,37.60,2.92,-1.31,-0.31,63.0,33.15,50.40,30.33,13.42,986.13,-48.07,-367.50,-560.0,-288.75,1,53.269
1784291493.757559299,01/01/2000,00:18:46.35,-1006.35,-31.25,43.46,-0.91,1.51,-3.54,63.0,33.60,51.15,30.33,13.54,984.91,-46.85,-245.0,-857.50,-148.75,1,53.269
1784291493.773561239,01/01/2000,00:18:46.37,-995.61,-25.39,-34.67,2.38,-0.35,0.44,63.75,32.85,51.60,30.28,13.30,985.52,-48.56,52.50,-568.75,-280.0,1,53.269
1784291493.790842295,01/01/2000,00:18:46.39,-1041.02,-22.46,-3.91,-0.53,1.63,2.28,63.75,32.85,51.60,30.62,12.93,986.00,-49.90,420.0,-743.75,-236.25,1,53.269
1784291493.811694622,01/01/2000,00:18:46.41,-1025.88,-7.81,-11.23,1.85,-0.44,-0.70,62.40,32.55,52.20,30.43,13.30,986.37,-50.14,306.25,-481.25,-271.25,1,53.269
1784291493.829346657,01/01/2000,00:18:46.43,-1019.53,-22.46,53.22,2.40,0.11,-2.66,61.20,32.55,51.75,30.52,13.05,985.76,-49.65,-341.25,-796.25,-288.75,1,53.269
1784291493.851827145,01/01/2000,00:18:46.44,-1041.02,-19.04,-58.59,0.78,0.01,0.50,63.0,31.95,50.10,29.99,13.42,984.42,-50.87,-70.0,-595.0,-210.0,1,53.269
1784291493.870779514,01/01/2000,00:18:46.47,-1006.35,-33.69,25.88,-0.91,0.05,0.07,61.95,32.55,51.75,30.47,13.18,983.32,-52.70,700.0,-595.0,-271.25,1,53.269
1784291493.896632671,01/01/2000,00:18:46.49,-1026.37,-30.76,-8.79,0.15,-1.18,0.18,62.40,31.80,52.95,30.47,12.69,985.76,-51.36,341.25,-560.0,-306.25,1,53.268
1784291493.931186676,01/01/2000,00:18:46.52,-1008.79,-25.88,-26.37,2.02,1.91,-1.93,63.0,32.40,50.40,30.43,13.05,985.76,-49.53,-8.75,-656.25,-236.25,1,53.269
1784291493.966207504,01/01/2000,00:18:46.56,-1016.60,-19.04,-49.80,-1.59,-1.12,-1.45,63.90,31.35,51.30,30.33,13.42,986.86,-51.24,140.0,-428.75,-166.25,1,53.269
1784291493.983501434,01/01/2000,00:18:46.58,-1021.00,-22.95,-70.80,1.92,-0.05,3.06,63.15,34.20,49.80,30.47,12.81,987.35,-51.48,96.25,-673.75,-271.25,1,53.269
1784291494.001499414,01/01/2000,00:18:46.60,-1011.23,-45.90,54.20,1.26,-1.49,-0.05,61.35,30.75,51.15,30.43,13.18,985.88,-50.87,498.75,-726.25,-183.75,1,53.269
1784291494.022892952,01/01/2000,00:18:46.62,-1025.39,-2.44,16.11,-0.51,0.0,-1.11,62.55,31.65,52.35,30.43,13.05,984.66,-49.04,-52.50,-577.50,-192.50,1,53.269
1784291494.056608200,01/01/2000,00:18:46.65,-1016.11,-22.46,5.37,1.85,0.73,-0.66,61.95,32.25,51.0,30.43,13.05,984.54,-49.90,-166.25,-673.75,-306.25,1,53.269
1784291494.081289291,01/01/2000,00:18:46.67,-1015.63,-36.13,63.96,0.99,0.76,2.41,63.0,31.95,50.85,30.43,13.05,985.03,-51.85,507.50,-568.75,-236.25,1,53.269
1784291494.098775864,01/01/2000,00:18:46.69,-1025.88,-26.37,21.97,0.11,-0.36,0.74,61.95,32.25,51.75,30.33,13.05,985.39,-52.22,271.25,-787.50,-262.50,1,53.269
1784291494.114205122,01/01/2000,00:18:46.71,-993.65,-60.55,121.09,0.35,-1.92,-1.05,63.15,32.25,49.80,30.43,13.30,985.03,-51.24,428.75,-481.25,-96.25,1,53.269
1784291494.130186558,01/01/2000,00:18:46.73,-992.68,-22.46,85.45,-0.30,0.63,-0.31,61.80,31.95,50.10,30.43,13.05,985.27,-49.29,236.25,-525.0,-236.25,1,53.269
1784291494.168817043,01/01/2000,00:18:46.77,-1015.63,-40.04,1.46,0.58,-0.15,1.96,62.70,32.55,51.30,30.33,13.18,986.49,-50.02,-385.0,-551.25,-332.50,1,53.269
1784291494.186542273,01/01/2000,00:18:46.78,-980.47,-31.25,12.70,-0.18,-0.12,-0.18,61.80,33.15,49.65,30.19,13.18,985.39,-52.46,682.50,-682.50,-236.25,1,53.269
1784291494.207576275,01/01/2000,00:18:46.80,-980.96,-16.11,-26.37,2.67,-1.68,0.43,63.15,31.35,50.55,30.43,13.18,985.39,-52.46,516.25,-586.25,-236.25,1,53.270
1784291494.224504948,01/01/2000,00:18:46.82,-989.75,-30.27,35.64,0.77,0.39,0.69,62.25,31.95,51.15,30.43,13.18,985.39,-51.00,-245.0,-717.50,-192.50,1,53.269
1784291494.241716146,01/01/2000,00:18:46.84,-1028.32,-17.09,20.51,0.06,-0.01,-0.76,62.70,32.25,51.75,30.33,13.05,984.54,-51.24,-78.75,-525.0,-210.0,1,53.269
1784291494.276117563,01/01/2000,00:18:46.87,-1019.04,-31.25,7.81,0.56,-0.89,-0.41,63.0,32.85,50.85,30.19,13.30,986.00,-52.70,157.50,-507.50,-253.75,1,53.269
1784291494.300397158,01/01/2000,00:18:46.89,-981.45,-27.34,58.59,-1.16,-2.22,-0.22,63.75,33.15,50.10,30.62,13.18,986.13,-51.48,577.50,-533.75,-306.25,1,53.269
1784291494.315086365,01/01/2000,00:18:46.91,-1019.04,-60.06,-9.77,-1.91,-3.05,-1.21,61.95,31.80,49.50,30.52,13.42,985.76,-48.80,192.50,-568.75,-113.75,1,53.269
1784291494.332476854,01/01/2000,00:18:46.93,-1011.23,-39.06,19.53,-0.48,1.66,0.72,62.25,32.40,50.10,30.52,13.18,985.76,-46.85,-437.50,-813.75,-288.75,1,53.270
1784291494.353657722,01/01/2000,00:18:46.95,-1016.60,-26.86,42.48,0.72,0.81,1.68,61.80,32.40,50.40,30.43,13.42,985.03,-49.17,-166.25,-533.75,-192.50,1,53.270
1784291494.377553463,01/01/2000,00:18:46.97,-1030.76,-31.25,40.04,0.96,0.63,-1.34,62.55,32.40,50.40,30.33,12.93,985.15,-52.22,691.25,-752.50,-210.0,1,53.269
1784291494.398692608,01/01/2000,00:18:47.00,-1010.25,-36.13,6.35,0.57,0.42,0.11,61.20,33.0,50.25,30.33,13.18,985.88,-52.34,148.75,-560.0,-271.25,1,53.269
1784291494.423930645,01/01/2000,00:18:47.01,-1017.58,-26.86,16.60,0.44,-1.65,0.15,61.80,32.40,49.65,30.43,13.42,984.91,-51.61,192.50,-717.50,-192.50,1,53.269
1784291494.437951803,01/01/2000,00:18:47.03,-1042.48,-38.09,-15.63,1.35,0.02,-1.19,62.25,31.95,49.65,30.43,13.30,984.91,-49.78,105.0,-700.0,-131.25,1,53.269
1784291494.456292391,01/01/2000,00:18:47.05,-1041.50,-19.04,-35.16,0.30,-0.71,-2.76,62.25,31.95,51.15,30.33,13.05,985.64,-49.53,-376.25,-586.25,-201.25,1,53.268
1784291494.471643925,01/01/2000,00:18:47.07,-1001.46,-27.83,4.88,1.18,0.23,0.85,61.80,31.95,51.15,30.43,12.93,985.27,-51.24,297.50,-892.50,-245.0,1,53.269
1784291494.489439249,01/01/2000,00:18:47.09,-1035.64,-27.83,-55.66,-2.39,1.06,-1.88,62.40,32.55,50.55,30.19,13.18,985.39,-51.97,708.75,-332.50,-297.50,1,53.269
1784291494.510597944,01/01/2000,00:18:47.11,-1016.60,-21.00,79.59,-0.21,0.63,1.77,61.35,32.40,50.10,30.33,13.18,986.98,-50.39,-43.75,-770.0,-262.50,1,53.269
1784291494.529700518,01/01/2000,00:18:47.12,-1017.09,-20.02,-4.88,0.60,-2.49,1.18,61.35,31.65,50.85,30.43,13.18,986.25,-49.53,-367.50,-656.25,-245.0,1,53.269
1784291494.561237335,01/01/2000,00:18:47.16,-1037.60,-16.60,83.01,-0.31,-0.63,0.63,63.30,33.60,51.15,30.19,13.18,984.42,-51.85,175.0,-586.25,-227.50,1,53.269
1784291494.583550453,01/01/2000,00:18:47.18,-1003.91,-41.99,27.83,-3.13,1.0,3.50,61.35,31.65,51.90,30.28,12.57,985.76,-52.46,236.25,-665.0,-218.75,1,53.269
1784291494.600386858,01/01/2000,00:18:47.20,-1015.14,-18.07,81.05,0.27,1.69,0.79,61.20,31.05,51.30,30.19,12.93,986.25,-51.85,385.0,-621.25,-218.75,1,53.269
1784291494.624428272,01/01/2000,00:18:47.21,-997.07,-41.50,-48.34,-0.29,1.52,0.75,61.35,33.60,50.40,30.28,13.18,986.49,-50.26,-17.50,-805.0,-166.25,1,53.269
1784291494.641433716,01/01/2000,00:18:47.24,-1011.23,-52.73,17.09,-1.18,0.82,-1.20,60.30,32.40,50.40,30.47,13.30,985.88,-49.53,-507.50,-638.75,-131.25,1,53.269
1784291494.655577898,01/01/2000,00:18:47.25,-1010.25,-4.88,7.81,1.69,-0.04,-0.56,63.0,32.40,51.90,30.62,13.05,983.81,-51.12,210.0,-665.0,-157.50,1,53.269
1784291494.673608780,01/01/2000,00:18:47.27,-1008.30,-41.99,42.48,1.98,-2.73,-3.50,61.80,32.40,49.65,30.47,12.44,984.30,-51.97,831.25,-700.0,-271.25,1,53.270
1784291494.690204620,01/01/2000,00:18:47.29,-1020.51,-35.16,-25.88,1.34,-0.69,0.64,61.80,32.85,50.40,30.33,12.81,986.98,-50.39,507.50,-507.50,-271.25,1,53.270
1784291494.712225437,01/01/2000,00:18:47.31,-997.56,-22.46,35.16,1.37,-1.44,-1.46,58.65,29.25,53.10,30.33,13.18,987.71,-48.19,-446.25,-761.25,-315.0,1,53.269
1784291494.746538162,01/01/2000,00:18:47.34,-1015.14,-24.41,23.93,1.82,-0.94,-0.04,61.95,32.55,50.25,30.09,13.30,984.54,-50.51,43.75,-647.50,-201.25,1,53.269
1784291494.766059160,01/01/2000,00:18:47.36,-1012.21,-31.25,73.24,-1.34,-1.85,2.47,62.40,31.35,51.75,30.33,12.93,984.05,-52.95,463.75,-507.50,-192.50,1,53.270
1784291494.785031557,01/01/2000,00:18:47.38,-1040.53,-29.30,-4.88,-1.36,0.56,1.10,62.25,31.65,49.35,30.62,12.81,985.76,-52.58,691.25,-638.75,-367.50,1,53.269
1784291494.802495241,01/01/2000,00:18:47.40,-1014.65,-27.83,19.04,3.14,-0.66,-0.44,62.40,31.05,50.55,30.28,12.93,986.49,-50.14,61.25,-787.50,-253.75,1,53.270
1784291494.819526196,01/01/2000,00:18:47.42,-1034.18,-43.95,54.69,-1.21,1.18,-1.27,62.40,33.0,50.55,30.33,13.54,986.13,-48.07,-936.25,-708.75,-113.75,1,53.270
1784291494.841185093,01/01/2000,00:18:47.44,-1011.72,-23.93,31.74,-3.03,0.30,1.15,61.65,32.55,50.25,30.43,14.03,983.93,-51.97,-358.75,-358.75,-87.50,1,53.270
1784291494.857320309,01/01/2000,00:18:47.45,-1040.53,-33.20,114.75,0.17,1.57,-1.34,58.65,31.95,51.60,30.33,13.66,984.05,-55.88,1277.50,122.50,-358.75,1,53.269
1784291494.874892473,01/01/2000,00:18:47.47,-1006.35,-0.49,49.32,-2.44,-0.99,1.11,61.35,32.85,50.10,30.62,12.93,986.98,-54.90,595.0,-376.25,-148.75,1,53.269
1784291494.904948473,01/01/2000,00:18:47.50,-980.47,-17.09,36.62,-1.34,-1.03,-1.55,61.20,32.55,50.25,30.09,12.69,987.22,-52.34,-892.50,-796.25,-253.75,1,53.269
1784291494.922588110,01/01/2000,00:18:47.52,-1022.46,-19.04,72.27,-0.02,-1.37,1.01,60.60,32.85,50.40,30.52,13.66,983.93,-56.36,-210.0,-376.25,-52.50,1,53.269
1784291494.940085649,01/01/2000,00:18:47.54,-1007.32,2.93,8.30,1.49,-2.50,-0.73,59.70,31.80,49.80,30.28,13.30,983.56,-61.0,533.75,-350.0,-236.25,1,53.269
1784291494.956307411,01/01/2000,00:18:47.55,-1011.23,-24.90,-27.34,-0.82,-0.10,0.21,61.65,33.45,51.0,30.43,12.93,984.66,-62.95,840.0,-428.75,-280.0,1,53.269
1784291494.974508286,01/01/2000,00:18:47.57,-1020.51,-16.11,-10.25,0.09,0.38,-0.52,62.70,32.25,51.0,30.28,12.57,985.27,-61.61,638.75,-551.25,-210.0,1,53.269
1784291494.999207735,01/01/2000,00:18:47.59,-1015.14,-19.04,49.80,2.37,-1.29,0.40,61.20,31.80,50.25,30.09,12.32,985.64,-57.58,-280.0,-892.50,-315.0,1,53.269
1784291495.012203455,01/01/2000,00:18:47.61,-1014.16,-2.93,-22.46,2.87,0.63,0.56,61.65,31.80,51.30,30.47,12.93,985.88,-57.71,-945.0,-831.25,-227.50,1,53.269
1784291495.031208277,01/01/2000,00:18:47.63,-1004.88,-21.00,-28.32,0.11,0.38,-0.50,61.05,33.15,51.15,30.19,13.05,986.00,-62.22,-638.75,-805.0,-288.75,1,53.269
1784291495.051436663,01/01/2000,00:18:47.65,-1042.48,-7.81,82.52,-1.73,-0.76,2.69,60.90,33.45,50.25,30.33,12.93,984.17,-68.08,1006.25,-1006.25,-341.25,1,53.269
1784291495.069277763,01/01/2000,00:18:47.67,-1003.42,-0.98,-51.27,0.53,-1.0,0.50,60.90,30.60,50.25,30.43,13.05,982.95,-69.05,1426.25,-420.0,-455.0,1,53.269
1784291495.103479147,01/01/2000,00:18:47.70,-962.40,9.28,-15.63,0.61,-2.69,-0.07,61.05,32.85,50.85,30.19,13.42,985.76,-56.36,-358.75,-638.75,-17.50,1,53.270
1784291495.124732733,01/01/2000,00:18:47.72,-1037.11,-63.96,60.55,0.13,-1.17,-0.11,62.40,31.80,51.30,30.33,13.66,986.74,-53.80,-1163.75,-831.25,-70.0,1,53.269
1784291495.141785383,01/01/2000,00:18:47.74,-1003.42,-51.76,27.83,-1.90,0.52,-1.14,62.55,31.20,50.40,30.43,13.54,986.00,-56.97,-358.75,-901.25,61.25,1,53.270
1784291495.159670115,01/01/2000,00:18:47.76,-1033.20,-10.25,35.64,-1.82,-2.53,0.20,61.20,32.25,49.80,30.33,12.69,983.08,-61.37,1015.0,-945.0,-253.75,1,53.269
1784291495.177019835,01/01/2000,00:18:47.77,-1020.02,-16.11,22.95,1.0,-1.44,-1.24,61.05,31.65,50.85,30.33,12.44,983.56,-60.39,1968.75,-647.50,-420.0,1,53.269
1784291495.198125362,01/01/2000,00:18:47.79,-1025.39,-30.27,-46.39,0.56,2.49,-0.98,61.65,31.05,50.55,30.67,12.69,987.47,-51.85,-568.75,-962.50,-367.50,1,53.269
1784291495.217389345,01/01/2000,00:18:47.81,-989.26,-22.95,53.71,-0.28,2.52,-0.27,61.65,31.35,51.0,30.33,13.54,986.86,-49.53,-1198.75,-743.75,-288.75,1,53.269
1784291495.233833313,01/01/2000,00:18:47.83,-998.05,-5.37,41.02,-2.36,-1.88,1.10,62.40,32.55,49.50,30.43,14.15,984.54,-51.61,262.50,-455.0,-332.50,1,53.270
1784291495.253509760,01/01/2000,00:18:47.85,-1026.86,-26.86,78.13,0.75,-0.73,1.53,60.90,30.60,51.30,30.19,13.30,984.42,-55.14,813.75,-621.25,-175.0,1,53.269
1784291495.270509243,01/01/2000,00:18:47.87,-1021.00,-12.21,-28.32,1.50,0.85,-0.67,60.90,30.60,51.30,30.33,12.20,986.37,-54.66,455.0,-761.25,-236.25,1,53.270
1784291495.305510283,01/01/2000,00:18:47.90,-1022.95,-27.34,-33.69,-2.27,-1.49,-2.82,61.35,31.65,51.15,30.52,13.54,985.27,-50.02,-455.0,-577.50,-131.25,1,53.270
1784291495.342567444,01/01/2000,00:18:47.94,-1016.11,-19.04,66.41,3.02,1.37,-0.11,58.50,30.60,52.95,30.33,13.66,985.64,-53.31,490.0,-875.0,-113.75,1,53.269
1784291495.359970808,01/01/2000,00:18:47.96,-971.68,2.44,-16.11,0.06,0.75,0.52,58.50,30.60,52.95,30.33,13.18,984.66,-52.95,638.75,-603.75,-472.50,1,53.269
1784291495.376939535,01/01/2000,00:18:47.97,-1032.23,6.35,-4.88,-0.65,-1.46,-2.57,61.35,33.15,51.60,30.19,12.69,985.03,-51.24,166.25,-595.0,-411.25,1,53.268
1784291495.394939899,01/01/2000,00:18:47.99,-1012.21,-26.37,69.34,-0.30,2.02,-0.68,61.05,32.85,51.15,30.62,12.93,986.61,-49.78,-227.50,-805.0,-315.0,1,53.268
1784291495.426557541,01/01/2000,00:18:48.02,-1004.39,-12.70,25.88,-1.17,0.14,-3.83,60.90,31.35,51.0,30.47,13.91,985.15,-51.73,0.0,-813.75,-175.0,1,53.267
1784291495.464917898,01/01/2000,00:18:48.06,-983.89,-18.07,47.36,-1.19,0.31,-1.14,61.80,31.65,50.40,30.09,12.69,986.61,-51.00,17.50,-743.75,-350.0,1,53.267
1784291495.481766462,01/01/2000,00:18:48.08,-1035.64,-49.32,-67.38,-0.66,-0.44,-0.66,61.95,31.80,51.0,30.43,12.44,986.37,-50.02,-315.0,-787.50,-402.50,1,53.268
1784291495.504905224,01/01/2000,00:18:48.10,-1040.53,-56.15,-8.79,1.99,-0.38,1.83,58.20,28.20,55.50,30.43,13.91,985.27,-50.51,-17.50,-612.50,-148.75,1,53.267
1784291495.521902800,01/01/2000,00:18:48.12,-1012.70,-28.32,125.98,-0.05,0.55,-0.78,58.20,28.20,55.50,30.33,13.66,985.52,-51.97,393.75,-612.50,-262.50,1,53.268
1784291495.543613195,01/01/2000,00:18:48.14,-1029.30,-26.37,13.18,0.46,-2.96,1.20,61.20,33.0,51.0,30.33,13.18,985.39,-52.22,533.75,-638.75,-131.25,1,53.268
1784291495.562344790,01/01/2000,00:18:48.16,-992.68,-11.23,75.68,-0.58,0.17,-0.38,62.40,31.80,51.0,30.19,12.44,985.27,-50.39,-218.75,-586.25,-376.25,1,53.268
1784291495.579469919,01/01/2000,00:18:48.18,-1008.79,-32.23,-44.92,0.30,2.45,-1.36,61.65,33.0,50.55,30.33,12.81,985.76,-49.90,-245.0,-682.50,-411.25,1,53.267
1784291495.596455574,01/01/2000,00:18:48.19,-998.54,-29.30,-14.16,2.44,0.89,-0.84,60.90,33.0,49.50,30.33,13.42,985.88,-51.00,70.0,-743.75,-262.50,1,53.267
1784291495.613271952,01/01/2000,00:18:48.21,-999.02,-34.67,52.25,2.18,-1.12,1.05,60.90,31.35,51.0,30.33,13.79,985.27,-51.85,218.75,-770.0,-78.75,1,53.267
1784291495.636806965,01/01/2000,00:18:48.23,-1026.37,-46.88,-3.42,2.38,-1.92,0.21,61.35,30.45,52.65,30.33,13.42,985.03,-51.48,463.75,-621.25,-122.50,1,53.267
1784291495.651948690,01/01/2000,00:18:48.25,-1036.13,-34.67,53.71,-1.0,1.21,0.11,60.60,32.40,51.60,30.47,12.69,986.13,-50.39,0.0,-647.50,-358.75,1,53.268
1784291495.670528650,01/01/2000,00:18:48.27,-1010.25,-29.79,-15.14,-0.22,-0.03,-2.23,61.05,32.40,50.10,30.19,12.81,986.00,-50.14,-420.0,-778.75,-113.75,1,53.268
1784291495.686186552,01/01/2000,00:18:48.28,-1008.79,-13.18,26.37,-0.76,1.11,3.12,61.05,31.65,50.40,30.52,13.18,985.27,-50.87,192.50,-682.50,-262.50,1,53.268
1784291495.707085848,01/01/2000,00:18:48.30,-1033.69,-21.97,38.09,0.92,-1.20,-1.69,63.30,32.40,50.40,30.43,13.66,985.27,-51.97,376.25,-595.0,-148.75,1,53.268
1784291495.725379229,01/01/2000,00:18:48.32,-1004.88,-22.95,-55.66,-0.20,-0.95,0.99,61.80,31.65,51.15,30.19,13.18,985.76,-51.48,210.0,-647.50,-332.50,1,53.267
1784291495.747520208,01/01/2000,00:18:48.34,-1022.95,-28.32,-64.94,0.94,0.81,-1.10,60.30,31.65,50.85,30.43,12.81,985.64,-50.39,26.25,-612.50,-245.0,1,53.268
1784291495.762995958,01/01/2000,00:18:48.36,-1000.0,-20.51,3.91,2.52,-0.43,-0.45,61.35,33.15,50.40,30.62,12.44,985.39,-50.26,-148.75,-630.0,-358.75,1,53.268
1784291495.781023264,01/01/2000,00:18:48.38,-1008.30,-33.20,102.05,-1.18,-2.40,-0.98,63.15,31.05,50.25,30.09,12.93,985.52,-51.12,148.75,-805.0,-192.50,1,53.268
1784291495.798225403,01/01/2000,00:18:48.39,-1000.49,-47.85,18.07,1.41,0.40,1.0,61.35,32.85,51.60,30.33,13.30,985.27,-51.73,376.25,-665.0,-122.50,1,53.268
1784291495.815276861,01/01/2000,00:18:48.41,-1032.23,-24.41,54.20,-1.11,0.38,1.88,61.95,32.25,51.0,30.19,13.18,985.15,-51.24,236.25,-542.50,-157.50,1,53.268
1784291495.842263937,01/01/2000,00:18:48.43,-1027.34,-19.04,27.83,-1.06,1.82,3.07,62.25,30.45,50.40,30.33,12.81,986.00,-50.26,-253.75,-647.50,-183.75,1,53.268
1784291495.854941845,01/01/2000,00:18:48.45,-1010.25,-9.77,104.49,-2.08,-0.58,-2.05,61.65,31.05,51.0,30.43,12.81,986.13,-50.51,17.50,-761.25,-210.0,1,53.268
1784291495.870625734,01/01/2000,00:18:48.47,-1026.37,-44.92,-34.18,0.47,-0.39,-1.79,62.25,31.65,50.85,30.09,12.93,985.64,-51.36,227.50,-568.75,-411.25,1,53.268
1784291495.887709618,01/01/2000,00:18:48.49,-997.07,-23.93,-44.92,0.37,0.76,2.32,61.35,31.65,50.85,30.28,13.30,985.27,-51.61,140.0,-560.0,-236.25,1,53.268
1784291495.909447432,01/01/2000,00:18:48.51,-1024.41,-3.42,82.03,0.83,2.27,1.36,61.65,31.80,50.55,30.33,13.18,985.76,-51.00,210.0,-586.25,-227.50,1,53.268
1784291495.933797836,01/01/2000,00:18:48.53,-1032.71,-29.79,58.11,-0.10,-0.44,1.81,58.95,31.05,52.50,30.47,12.69,986.13,-50.51,-210.0,-691.25,-288.75,1,53.267
1784291495.954478741,01/01/2000,00:18:48.55,-1010.25,-34.18,33.69,-1.44,-3.85,0.0,63.0,30.0,51.60,30.19,12.93,985.27,-51.48,227.50,-630.0,-210.0,1,53.267
1784291495.992906094,01/01/2000,00:18:48.59,-1015.63,2.44,-2.44,0.63,-1.24,1.76,61.05,31.20,51.90,30.33,13.30,985.64,-51.48,201.25,-752.50,-192.50,1,53.268
1784291496.010260105,01/01/2000,00:18:48.61,-1005.86,-40.04,18.07,1.39,-2.20,-2.12,59.25,31.80,49.50,30.19,13.05,985.52,-50.87,-35.0,-481.25,-236.25,1,53.268
1784291496.027271748,01/01/2000,00:18:48.62,-1033.20,-7.32,20.02,-1.25,-0.31,0.31,61.95,32.25,49.80,30.33,12.69,985.64,-51.00,78.75,-656.25,-262.50,1,53.268
1784291496.048981905,01/01/2000,00:18:48.64,-1031.25,-29.30,-46.39,-0.35,1.84,-0.66,61.20,31.35,49.50,30.52,12.69,985.64,-51.48,52.50,-612.50,-332.50,1,53.267
1784291496.065529346,01/01/2000,00:18:48.66,-1017.58,-12.70,5.37,-1.41,0.46,0.50,61.65,32.25,49.80,30.33,13.05,985.39,-51.85,218.75,-700.0,-87.50,1,53.267
1784291496.100431919,01/01/2000,00:18:48.70,-990.23,-20.51,61.52,-0.64,-0.84,1.59,59.85,31.95,50.85,30.09,13.18,985.76,-50.75,-26.25,-682.50,-183.75,1,53.268
1784291496.120688915,01/01/2000,00:18:48.72,-1028.81,-29.30,63.48,-1.62,-0.65,0.95,61.20,32.25,51.30,30.52,12.93,985.76,-51.00,-96.25,-700.0,-148.75,1,53.268
1784291496.139088392,01/01/2000,00:18:48.74,-1076.17,-45.90,-83.01,0.34,0.14,-0.27,61.65,33.45,51.0,30.28,12.69,986.25,-52.58,-656.25,-778.75,-297.50,1,53.268
1784291496.155656815,01/01/2000,00:18:48.75,-1030.27,-28.81,-45.90,0.39,0.89,1.11,62.25,33.15,50.40,30.33,12.20,986.00,-55.88,-78.75,-1321.25,-175.0,1,53.268
1784291496.173531294,01/01/2000,00:18:48.77,-1022.46,-54.69,-13.18,0.19,0.61,3.27,63.0,30.45,51.60,30.47,12.20,984.05,-58.07,840.0,-1260.0,-332.50,1,53.268
1784291496.198055506,01/01/2000,00:18:48.79,-1004.39,-25.88,110.84,0.26,0.85,0.37,60.60,30.0,52.35,30.47,12.69,984.54,-57.22,-437.50,-1146.25,-52.50,1,53.267
1784291496.212982655,01/01/2000,00:18:48.81,-1011.72,-43.46,47.85,-0.36,2.28,0.12,60.90,31.05,51.30,29.95,13.91,985.15,-57.95,-586.25,280.0,-341.25,1,53.268
1784291496.229222536,01/01/2000,00:18:48.83,-1012.21,-29.79,-7.32,1.66,0.41,1.51,62.55,33.60,49.65,30.19,14.40,984.91,-61.61,306.25,533.75,-306.25,1,53.268
1784291496.250083208,01/01/2000,00:18:48.85,-1014.16,-15.14,101.07,2.59,-0.95,-0.43,61.35,32.40,50.40,30.19,13.30,985.03,-63.56,848.75,-560.0,-148.75,1,53.268
1784291496.267753363,01/01/2000,00:18:48.86,-996.58,-21.97,62.99,0.03,1.19,-0.98,59.85,32.40,50.10,30.33,13.30,985.15,-62.10,-341.25,-201.25,-192.50,1,53.268
1784291496.287564993,01/01/2000,00:18:48.88,-1018.07,-9.28,6.35,-1.85,1.22,-0.37,61.20,33.45,50.55,30.47,13.54,984.54,-62.34,-630.0,262.50,-140.0,1,53.268
1784291496.308225393,01/01/2000,00:18:48.90,-1030.27,-13.18,-5.86,2.17,0.39,1.81,61.05,31.95,50.40,30.33,13.18,983.69,-64.66,148.75,148.75,-218.75,1,53.268
1784291496.322931051,01/01/2000,00:18:48.92,-1003.91,-30.76,73.73,-2.56,-1.24,-2.41,62.55,31.65,49.65,30.09,12.81,984.54,-65.39,848.75,-691.25,-218.75,1,53.268
1784291496.339927673,01/01/2000,00:18:48.94,-1041.50,-30.27,63.48,0.84,0.14,1.56,58.65,32.85,53.40,30.09,13.05,985.39,-62.22,70.0,-551.25,-227.50,1,53.268
1784291496.356587410,01/01/2000,00:18:48.95,-1014.65,-6.84,7.32,0.0,1.16,0.58,59.85,30.75,50.10,30.43,12.81,985.03,-59.17,-140.0,-682.50,-218.75,1,53.268
1784291496.374771595,01/01/2000,00:18:48.97,-997.07,-45.90,127.44,0.09,-0.66,-0.48,61.35,31.95,50.85,30.33,12.57,984.78,-56.61,-96.25,-796.25,-210.0,1,53.268
1784291496.396888733,01/01/2000,00:18:48.99,-1022.46,-0.98,87.89,1.02,-0.53,-1.46,61.35,30.0,51.60,30.28,12.69,986.00,-56.36,-358.75,-560.0,-428.75,1,53.268
1784291496.417495489,01/01/2000,00:18:49.01,-979.00,9.77,-19.53,0.53,-0.08,-1.51,60.0,32.55,49.05,30.43,13.05,985.88,-57.83,-175.0,-708.75,-183.75,1,53.269
1784291496.446178913,01/01/2000,00:18:49.03,-993.16,-2.93,43.95,1.76,0.25,0.61,60.30,31.65,51.90,30.47,13.42,984.30,-59.29,691.25,-472.50,-306.25,1,53.268
1784291496.477397203,01/01/2000,00:18:49.07,-1012.21,-24.90,-35.64,1.47,-0.60,0.0,61.20,33.45,49.50,30.33,12.69,985.52,-52.58,-157.50,-516.25,-262.50,1,53.268
1784291496.493431807,01/01/2000,00:18:49.09,-1020.51,-20.51,2.93,3.20,1.39,0.73,61.35,32.85,50.85,30.19,12.69,986.25,-50.02,-271.25,-875.0,-315.0,1,53.267
1784291496.511430025,01/01/2000,00:18:49.11,-1013.18,-44.92,1.46,-1.60,3.59,-1.74,61.65,33.75,51.75,30.52,13.05,986.74,-49.53,-490.0,-787.50,-271.25,1,53.268
1784291496.532791376,01/01/2000,00:18:49.13,-1019.04,-23.93,-15.14,-0.29,1.05,0.17,61.95,32.25,51.0,30.67,13.54,986.13,-52.09,-428.75,-638.75,-183.75,1,53.268
1784291496.554285049,01/01/2000,00:18:49.15,-1012.21,-6.84,26.37,0.52,-0.24,-0.15,63.0,32.40,50.85,30.47,13.42,984.30,-54.41,542.50,-376.25,-175.0,1,53.268
1784291496.571720362,01/01/2000,00:18:49.16,-1002.44,-32.23,-0.49,-3.62,-2.53,-1.96,63.30,31.65,50.85,30.33,12.69,984.42,-53.56,1277.50,-402.50,-245.0,1,53.268
1784291496.605770826,01/01/2000,00:18:49.20,-1008.79,-12.21,-58.59,1.01,2.47,1.33,61.05,31.95,50.40,30.33,13.18,987.71,-46.12,-1137.50,-761.25,-140.0,1,53.268
1784291496.623110056,01/01/2000,00:18:49.22,-992.68,-26.86,5.86,-1.11,-1.30,-0.87,62.40,31.35,50.25,30.33,13.42,985.52,-48.56,-647.50,-892.50,-262.50,1,53.268
1784291496.647235870,01/01/2000,00:18:49.24,-1016.60,-30.76,45.41,-0.73,-0.20,2.87,63.0,31.95,49.35,30.52,13.54,984.05,-52.95,323.75,-568.75,-183.75,1,53.268
1784291496.683679581,01/01/2000,00:18:49.28,-1020.02,-19.53,72.27,-0.48,-0.57,0.59,61.20,33.75,52.20,30.43,12.57,985.03,-53.44,603.75,-577.50,-236.25,1,53.268
1784291496.700451612,01/01/2000,00:18:49.29,-1022.95,-29.79,-17.09,0.21,-1.34,-1.91,62.55,32.85,49.65,30.43,12.44,985.88,-49.65,-227.50,-848.75,-376.25,1,53.268
1784291496.717646599,01/01/2000,00:18:49.31,-1031.74,-35.64,26.37,1.50,0.92,-0.41,61.20,31.80,49.50,30.43,13.30,985.88,-47.46,-787.50,-787.50,-17.50,1,53.268
1784291496.739822149,01/01/2000,00:18:49.33,-1024.41,-25.88,75.68,-1.22,0.79,-0.65,59.85,30.75,51.90,30.43,13.54,984.54,-49.29,-17.50,-551.25,-210.0,1,53.268
1784291496.755741835,01/01/2000,00:18:49.35,-1009.28,-26.37,-33.69,1.58,3.32,1.30,59.85,30.75,51.90,30.19,13.05,985.03,-50.87,717.50,-673.75,-210.0,1,53.268
1784291496.773845434,01/01/2000,00:18:49.37,-1027.34,-64.94,83.50,-0.26,-3.12,3.81,62.25,31.95,50.85,30.33,12.69,986.37,-51.12,-78.75,-691.25,-166.25,1,53.268
1784291496.808214426,01/01/2000,00:18:49.40,-1021.00,-40.53,28.32,2.30,1.27,1.55,63.60,32.55,51.75,30.33,13.54,985.15,-50.75,201.25,-656.25,-105.0,1,53.268
1784291496.842321873,01/01/2000,00:18:49.44,-1017.58,-47.85,7.81,-0.10,0.50,-0.07,63.30,33.15,50.40,29.95,13.42,986.00,-50.63,-78.75,-586.25,-236.25,1,53.269
1784291496.859797239,01/01/2000,00:18:49.46,-997.56,-35.64,14.65,1.15,-0.13,-0.30,62.40,31.05,50.55,30.47,12.93,986.13,-50.87,70.0,-682.50,-315.0,1,53.269
1784291496.880568266,01/01/2000,00:18:49.48,-1007.81,-14.65,-5.37,-1.40,-1.02,1.26,61.95,30.15,50.25,30.19,12.69,985.52,-50.63,140.0,-700.0,-280.0,1,53.269
1784291496.898440838,01/01/2000,00:18:49.49,-1003.42,16.11,17.58,-2.57,0.38,-0.57,62.40,32.25,50.25,30.43,13.05,985.76,-50.51,-175.0,-656.25,-183.75,1,53.268
1784291496.936281204,01/01/2000,00:18:49.53,-1032.23,-23.93,59.08,0.40,0.78,-0.20,61.80,29.25,53.10,30.33,13.30,985.03,-50.63,875.0,-595.0,-131.25,1,53.268
1784291496.964773178,01/01/2000,00:18:49.56,-1042.48,-26.37,-27.83,0.77,2.02,-0.82,64.50,31.20,50.40,30.33,13.30,986.61,-47.82,-761.25,-638.75,-210.0,1,53.267
1784291496.989149332,01/01/2000,00:18:49.58,-1006.84,-17.58,27.34,-1.07,-1.28,-1.77,62.55,31.65,53.10,30.43,13.30,985.76,-49.17,-560.0,-813.75,-175.0,1,53.267
1784291497.004151583,01/01/2000,00:18:49.60,-1010.74,-26.37,12.70,0.73,-0.86,1.79,62.55,31.65,53.10,30.62,13.30,984.54,-51.73,236.25,-857.50,-148.75,1,53.268
1784291497.024803162,01/01/2000,00:18:49.62,-1025.88,-36.62,-30.76,1.84,-0.53,-0.27,63.60,32.55,51.75,30.47,13.54,984.54,-53.31,603.75,-612.50,-253.75,1,53.267
1784291497.045863152,01/01/2000,00:18:49.64,-1038.09,-20.02,26.86,-0.60,0.14,-0.04,62.55,33.15,51.15,30.33,13.18,984.78,-52.22,376.25,-516.25,-376.25,1,53.268
1784291497.076433420,01/01/2000,00:18:49.67,-1013.67,-60.06,-47.36,1.41,0.24,-0.60,62.25,31.95,51.90,30.47,12.93,984.91,-48.56,-507.50,-866.25,-227.50,1,53.268
1784291497.097883940,01/01/2000,00:18:49.69,-999.51,-16.11,-27.34,-1.54,2.32,0.98,61.65,30.60,51.75,30.43,13.30,985.39,-49.90,87.50,-700.0,-183.75,1,53.268
1784291497.114872932,01/01/2000,00:18:49.71,-1032.23,-12.70,-0.49,0.79,-2.29,-0.75,61.65,30.60,51.75,30.43,13.05,986.74,-51.00,472.50,-735.0,-262.50,1,53.267
1784291497.132357359,01/01/2000,00:18:49.73,-1030.76,-8.30,-45.90,0.23,-0.93,-1.36,63.60,32.25,51.0,30.33,12.93,987.35,-50.63,52.50,-822.50,-183.75,1,53.268
1784291497.170987129,01/01/2000,00:18:49.77,-1023.44,-3.42,12.70,0.99,-0.77,-1.74,62.70,33.75,51.75,30.52,13.05,984.42,-50.39,-140.0,-560.0,-157.50,1,53.268
1784291497.187985420,01/01/2000,00:18:49.78,-1002.44,-27.83,63.96,0.06,0.91,-2.60,62.40,32.55,51.30,30.47,13.05,984.54,-51.73,236.25,-997.50,-148.75,1,53.268
1784291497.204885960,01/01/2000,00:18:49.80,-1020.02,-46.88,30.76,-0.10,-0.83,1.66,63.0,31.95,50.85,30.33,13.18,985.27,-52.22,516.25,-708.75,-280.0,1,53.268
1784291497.226138115,01/01/2000,00:18:49.82,-1029.30,-37.60,61.52,-1.15,-2.96,-1.12,61.20,30.15,53.70,30.19,13.42,986.61,-51.00,367.50,-752.50,-201.25,1,53.268
1784291497.260533333,01/01/2000,00:18:49.86,-1014.65,-43.46,62.99,-0.95,0.15,-2.14,61.80,32.85,51.90,30.33,13.54,985.88,-47.95,-595.0,-796.25,-306.25,1,53.268
1784291497.277518272,01/01/2000,00:18:49.87,-1010.25,-33.69,34.18,-1.90,2.40,1.57,63.60,31.80,50.55,30.19,13.66,985.15,-49.04,-201.25,-393.75,-78.75,1,53.268
1784291497.305287600,01/01/2000,00:18:49.90,-1032.71,-8.30,-22.46,1.36,0.47,-0.24,62.55,32.85,51.15,30.19,13.18,985.39,-50.51,323.75,-717.50,-183.75,1,53.268
1784291497.339770555,01/01/2000,00:18:49.93,-1011.23,-10.74,-103.52,2.55,0.12,-2.55,63.0,32.85,50.10,30.09,13.91,986.00,-51.48,-131.25,-691.25,-148.75,1,53.268
1784291497.355917931,01/01/2000,00:18:49.95,-1004.88,-21.00,-8.30,0.28,0.02,-2.12,63.0,32.85,51.90,30.43,13.66,983.08,-51.00,192.50,-595.0,-192.50,1,53.268
1784291497.388866186,01/01/2000,00:18:49.99,-1022.95,-42.48,22.95,0.01,1.20,1.31,61.95,33.45,50.55,30.43,12.93,984.78,-49.78,-201.25,-498.75,-358.75,1,53.268
1784291497.407122850,01/01/2000,00:18:50.00,-1019.53,-34.67,-42.48,3.78,0.15,0.78,63.75,32.85,50.85,30.09,12.81,987.47,-50.02,0.0,-778.75,-315.0,1,53.268
1784291497.427766085,01/01/2000,00:18:50.02,-984.86,-35.16,34.18,0.54,0.15,-1.89,63.75,31.95,48.90,30.28,13.66,987.71,-50.51,-43.75,-752.50,-227.50,1,53.268
1784291497.457371712,01/01/2000,00:18:50.04,-1012.21,-20.51,-10.25,2.56,1.06,2.15,63.0,33.60,50.85,30.28,13.91,986.13,-50.51,323.75,-691.25,-341.25,1,53.268
1784291497.470608234,01/01/2000,00:18:50.07,-1051.27,-36.62,56.15,-0.40,-1.32,2.66,62.25,30.75,53.85,30.33,13.42,984.78,-49.65,577.50,-385.0,-297.50,1,53.268
1784291497.490908146,01/01/2000,00:18:50.09,-997.07,-16.11,46.88,-1.0,-0.27,0.29,62.55,32.40,50.85,30.33,12.57,986.98,-48.80,-323.75,-752.50,-306.25,1,53.268
1784291497.529828787,01/01/2000,00:18:50.13,-1021.48,1.95,-80.08,4.31,0.46,-0.06,62.70,32.55,50.25,30.47,13.42,985.88,-50.39,-166.25,-752.50,-420.0,1,53.268
1784291497.546211004,01/01/2000,00:18:50.14,-1021.48,-30.27,6.35,-0.02,0.66,1.73,62.55,32.85,50.10,30.33,13.91,984.42,-51.73,490.0,-577.50,-131.25,1,53.268
1784291497.567430496,01/01/2000,00:18:50.16,-1026.37,-32.23,59.08,0.99,-1.23,0.92,63.75,30.75,52.35,30.33,13.54,984.17,-51.73,700.0,-560.0,-323.75,1,53.267
1784291497.583944321,01/01/2000,00:18:50.18,-1020.51,-18.55,98.63,-0.26,-2.35,0.11,61.20,31.80,51.30,30.47,13.18,985.64,-50.39,306.25,-568.75,-131.25,1,53.267
1784291497.618735552,01/01/2000,00:18:50.22,-1012.21,-41.99,33.20,-1.74,0.03,1.16,63.15,32.55,51.0,30.33,13.42,985.52,-48.92,-498.75,-848.75,-218.75,1,53.268
1784291497.642705917,01/01/2000,00:18:50.24,-1032.23,-12.70,-20.02,1.47,-0.44,-0.23,62.25,32.40,50.40,30.28,13.79,983.81,-49.53,700.0,-498.75,-175.0,1,53.268
1784291497.657338619,01/01/2000,00:18:50.25,-1036.13,-32.71,12.21,1.58,0.13,1.72,63.0,32.40,51.15,29.99,13.54,984.78,-49.41,577.50,-568.75,-157.50,1,53.268
1784291497.674339771,01/01/2000,00:18:50.27,-1027.83,-17.09,39.55,-0.15,-1.02,3.44,63.0,33.15,50.85,30.52,13.18,987.71,-49.17,-393.75,-647.50,-341.25,1,53.268
1784291497.692019701,01/01/2000,00:18:50.29,-1021.97,-9.28,30.76,-0.28,0.27,2.61,62.25,33.60,48.90,30.19,12.93,988.32,-49.78,-848.75,-612.50,-306.25,1,53.268
1784291497.713931084,01/01/2000,00:18:50.31,-1026.37,-20.02,43.95,-0.08,-1.05,0.44,63.30,33.60,52.65,30.43,13.18,984.91,-51.48,498.75,-735.0,-271.25,1,53.267
1784291497.736075401,01/01/2000,00:18:50.33,-1021.00,-23.93,53.71,2.73,-1.77,0.59,62.70,33.45,50.55,30.28,13.42,983.81,-51.48,840.0,-647.50,-183.75,1,53.268
1784291497.752128839,01/01/2000,00:18:50.34,-1002.93,-13.18,49.80,2.37,-1.94,-1.81,63.30,33.15,51.15,30.33,13.66,985.03,-50.02,288.75,-463.75,-166.25,1,53.268
1784291497.769690275,01/01/2000,00:18:50.36,-1012.21,-43.95,-14.65,0.92,-0.87,2.79,63.60,33.0,50.55,30.33,13.30,987.22,-48.56,-568.75,-551.25,-157.50,1,53.268
1784291497.787209272,01/01/2000,00:18:50.38,-1005.37,4.39,61.04,-2.13,-0.17,0.12,61.35,30.75,52.65,30.19,13.18,986.86,-48.80,-551.25,-673.75,-192.50,1,53.268
1784291497.803451538,01/01/2000,00:18:50.40,-1052.25,-22.95,42.48,1.58,0.12,-0.52,65.25,32.40,51.15,30.43,13.18,984.91,-49.90,358.75,-778.75,-192.50,1,53.268
1784291497.842431307,01/01/2000,00:18:50.44,-1009.77,-25.39,21.00,-1.51,0.66,0.50,63.0,31.95,50.40,30.47,13.54,985.76,-49.78,-288.75,-700.0,-140.0,1,53.268
1784291497.860117197,01/01/2000,00:18:50.46,-1006.84,-8.79,38.57,0.54,-1.81,-0.96,61.95,30.15,51.30,30.33,13.42,985.03,-49.78,-402.50,-638.75,-218.75,1,53.268
1784291497.880538940,01/01/2000,00:18:50.47,-1029.79,-33.20,28.32,1.69,0.62,1.38,62.55,31.20,50.10,30.19,13.30,982.95,-50.75,113.75,-813.75,-280.0,1,53.268
1784291497.893403769,01/01/2000,00:18:50.49,-1005.37,-40.04,4.88,0.98,0.69,0.07,62.25,30.75,51.15,30.47,13.42,981.98,-51.12,630.0,-560.0,-323.75,1,53.268
1784291497.915376663,01/01/2000,00:18:50.51,-1018.07,-11.72,-40.53,2.27,-1.48,-0.27,63.0,30.75,51.15,30.43,13.05,983.69,-50.63,673.75,-568.75,-201.25,1,53.268
1784291497.950448751,01/01/2000,00:18:50.55,-1013.67,-26.86,17.58,-0.35,1.90,0.52,62.55,33.60,50.85,30.43,13.42,988.93,-48.19,-665.0,-682.50,-306.25,1,53.269
1784291497.967283487,01/01/2000,00:18:50.56,-1033.69,-5.86,-31.74,0.52,1.26,-2.05,62.70,32.55,49.80,30.33,13.91,987.35,-48.92,-437.50,-595.0,-183.75,1,53.268
1784291498.014463663,01/01/2000,00:18:50.61,-1004.39,-2.93,32.71,1.56,0.86,0.51,63.90,32.25,50.25,30.28,13.42,986.00,-49.65,131.25,-682.50,-315.0,1,53.268
1784291498.038564682,01/01/2000,00:18:50.63,-1000.98,-14.65,62.99,-0.27,-0.59,1.28,61.80,31.65,49.35,30.43,13.30,986.00,-49.04,-367.50,-586.25,-315.0,1,53.268
1784291498.057134390,01/01/2000,00:18:50.65,-1016.11,-38.09,14.16,-1.37,0.31,0.23,62.40,32.55,49.80,30.47,13.30,985.15,-49.41,-306.25,-726.25,-210.0,1,53.268
1784291498.089755297,01/01/2000,00:18:50.68,-1001.95,-39.55,77.15,2.88,-1.27,-1.44,64.95,32.40,50.10,30.47,13.66,985.27,-50.75,323.75,-455.0,-113.75,1,53.268
1784291498.126093388,01/01/2000,00:18:50.72,-995.61,-21.97,-22.46,-1.48,1.31,0.45,64.05,32.85,50.85,30.62,13.66,985.27,-49.17,-280.0,-630.0,-175.0,1,53.268
1784291498.142111778,01/01/2000,00:18:50.74,-1018.55,-41.50,6.35,-0.85,0.73,1.0,62.40,32.55,49.80,30.47,13.42,983.56,-48.31,-96.25,-656.25,-288.75,1,53.268
1784291498.159865141,01/01/2000,00:18:50.76,-1038.09,-17.58,43.95,0.50,1.40,-1.35,64.35,33.0,50.25,30.33,13.42,983.56,-48.43,43.75,-717.50,-192.50,1,53.268
1784291498.177506924,01/01/2000,00:18:50.77,-1020.51,-17.09,19.04,-0.76,2.11,-0.06,63.15,33.0,51.0,30.52,13.54,986.74,-49.29,-236.25,-612.50,-323.75,1,53.268
1784291498.198714495,01/01/2000,00:18:50.79,-1022.46,-20.51,21.00,0.48,-2.10,-0.57,63.15,31.80,51.75,30.33,13.54,988.44,-50.51,245.0,-595.0,-297.50,1,53.268
1784291498.233280659,01/01/2000,00:18:50.83,-1021.48,-14.65,56.64,0.26,-2.64,-1.79,63.60,33.45,49.80,30.33,13.54,985.52,-50.26,192.50,-656.25,-140.0,1,53.269
1784291498.249313354,01/01/2000,00:18:50.85,-999.02,-21.00,73.73,-1.95,-0.31,3.22,62.70,32.25,51.0,30.43,13.18,983.81,-49.29,210.0,-533.75,-262.50,1,53.269
1784291498.270628691,01/01/2000,00:18:50.87,-1034.18,-29.30,32.23,-1.73,1.55,1.12,63.60,32.55,49.50,30.19,12.57,985.15,-48.56,-61.25,-612.50,-297.50,1,53.269
1784291498.287605286,01/01/2000,00:18:50.89,-1039.06,-14.16,42.48,1.56,1.37,0.37,63.60,33.0,51.0,30.47,12.69,987.35,-48.68,-393.75,-708.75,-245.0,1,53.268
1784291498.326953888,01/01/2000,00:18:50.92,-1023.44,-24.90,9.77,-0.27,0.01,0.69,63.30,32.40,51.60,30.28,13.42,985.88,-49.90,437.50,-840.0,-166.25,1,53.268
1784291498.344236612,01/01/2000,00:18:50.94,-998.05,-15.63,32.23,1.35,3.50,-1.24,61.95,31.80,52.95,30.19,13.30,985.88,-49.53,-61.25,-656.25,-113.75,1,53.268
1784291498.360479116,01/01/2000,00:18:50.96,-1011.72,-31.25,-10.74,-0.34,2.38,0.22,64.05,31.95,51.15,30.43,12.93,985.03,-49.04,-96.25,-831.25,-96.25,1,53.269
1784291498.379210949,01/01/2000,00:18:50.97,-1020.51,-38.09,86.91,-0.19,-0.27,-0.73,62.70,32.55,49.80,30.33,12.69,982.59,-48.56,-148.75,-700.0,-341.25,1,53.269
1784291498.399698973,01/01/2000,00:18:51.00,-1051.27,-28.32,83.01,1.90,0.95,-1.47,64.05,32.85,52.65,30.47,12.93,983.56,-49.29,-437.50,-1111.25,-192.50,1,53.269
1784291498.419370174,01/01/2000,00:18:51.01,-1036.62,-8.79,77.64,0.78,1.44,-1.57,63.60,33.0,51.30,30.43,13.42,986.25,-50.87,-17.50,-918.75,-245.0,1,53.269
1784291498.451880693,01/01/2000,00:18:51.05,-1031.74,-17.09,-27.34,1.18,-0.60,-1.95,63.30,31.95,48.90,30.19,13.66,987.83,-51.00,595.0,-866.25,-166.25,1,53.269
1784291498.473479748,01/01/2000,00:18:51.07,-1015.63,-25.39,-42.48,1.17,-0.15,1.23,64.50,30.75,51.15,30.19,13.79,986.25,-47.58,-26.25,-647.50,-201.25,1,53.269
1784291498.489959002,01/01/2000,00:18:51.09,-1020.02,-27.34,33.20,0.96,2.15,-0.76,62.70,32.55,51.30,30.43,13.18,985.39,-45.87,-787.50,-717.50,-157.50,1,53.269
1784291498.519969225,01/01/2000,00:18:51.11,-1042.97,-13.67,59.08,2.23,1.63,0.66,63.0,33.60,51.60,29.99,12.93,985.39,-47.95,-367.50,-682.50,-297.50,1,53.268
1784291498.537967920,01/01/2000,00:18:51.13,-1017.09,-33.20,5.37,-0.97,-0.52,-1.70,61.20,32.55,54.45,30.33,13.18,985.64,-51.73,796.25,-778.75,-288.75,1,53.268
1784291498.571779490,01/01/2000,00:18:51.17,-1003.91,-28.81,56.15,0.74,1.92,1.82,63.0,33.15,51.60,30.28,14.15,984.17,-49.29,796.25,-595.0,-218.75,1,53.269
1784291498.589673042,01/01/2000,00:18:51.19,-1036.62,-27.34,44.92,-0.76,-1.50,-0.89,63.60,31.80,50.55,30.33,13.91,982.83,-45.51,-376.25,-700.0,-157.50,1,53.268
1784291498.614184618,01/01/2000,00:18:51.21,-1017.09,-35.64,13.18,-2.12,3.03,0.21,63.30,31.65,51.60,30.33,13.18,984.30,-45.26,-1400.0,-726.25,-236.25,1,53.268
1784291498.628475428,01/01/2000,00:18:51.23,-1020.51,-34.67,-6.35,0.94,-2.18,3.49,64.50,31.95,49.65,30.43,12.81,986.25,-48.07,-350.0,-787.50,-166.25,1,53.268
1784291498.645519733,01/01/2000,00:18:51.24,-1005.86,-25.39,-3.42,1.18,0.89,-2.62,64.05,33.60,50.40,30.43,12.93,987.71,-52.22,1102.50,-735.0,-262.50,1,53.268
1784291498.663727522,01/01/2000,00:18:51.26,-1010.74,-37.11,67.87,0.18,1.63,-0.32,62.70,32.25,51.30,30.33,13.79,987.71,-52.83,1242.50,-778.75,-201.25,1,53.269
1784291498.690181255,01/01/2000,00:18:51.28,-993.65,-18.07,-40.04,-1.78,0.25,-0.82,64.50,33.15,50.40,30.47,14.52,985.64,-49.29,-122.50,-551.25,-105.0,1,53.268
1784291498.702825785,01/01/2000,00:18:51.30,-1006.35,-21.97,47.85,-1.73,1.36,-1.56,63.90,32.25,52.50,30.33,13.79,984.42,-47.21,-936.25,-875.0,-96.25,1,53.269
1784291498.721895695,01/01/2000,00:18:51.32,-1021.00,-31.25,7.32,0.08,1.89,-0.93,63.90,32.55,50.55,30.47,12.93,984.05,-47.58,-761.25,-638.75,-332.50,1,53.269
1784291498.740242720,01/01/2000,00:18:51.34,-1033.20,-0.98,138.18,-1.17,-3.11,1.11,64.35,33.75,51.0,30.47,12.44,985.88,-50.14,192.50,-708.75,-350.0,1,53.268
1784291498.756764174,01/01/2000,00:18:51.35,-1000.98,-31.74,27.83,0.50,-0.79,0.70,64.35,33.75,51.0,30.47,12.81,986.49,-51.12,770.0,-1032.50,-323.75,1,53.268
1784291498.791753531,01/01/2000,00:18:51.39,-1016.60,-38.57,7.81,-1.90,-1.44,-1.70,62.55,34.35,51.60,30.33,14.76,984.42,-46.97,341.25,-420.0,-122.50,1,53.269
1784291498.819018841,01/01/2000,00:18:51.41,-1032.23,-33.20,26.86,-1.05,0.86,-0.47,63.0,32.85,51.15,30.47,13.91,986.13,-44.53,-1286.25,-437.50,-183.75,1,53.269
1784291498.851961613,01/01/2000,00:18:51.44,-1012.70,-30.76,-12.70,1.53,-0.06,0.19,63.30,32.85,51.0,30.33,12.57,985.76,-51.48,315.0,-612.50,-210.0,1,53.269
1784291498.886260986,01/01/2000,00:18:51.48,-984.86,-30.27,23.93,1.27,-1.85,-2.0,63.90,32.25,51.75,30.47,14.15,986.13,-51.85,1128.75,-595.0,-192.50,1,53.268
1784291498.904259682,01/01/2000,00:18:51.50,-1022.46,-49.32,92.29,0.18,0.09,1.33,63.60,31.35,50.55,29.99,14.40,986.25,-47.82,-393.75,-682.50,-131.25,1,53.268
1784291498.922077179,01/01/2000,00:18:51.52,-998.05,0.49,40.53,-0.25,0.35,-2.77,63.15,32.25,50.25,30.52,13.91,984.54,-45.63,-1330.0,-376.25,-183.75,1,53.269
1784291498.941874027,01/01/2000,00:18:51.54,-1015.63,-13.18,-3.91,1.18,-1.66,-1.85,63.75,33.15,51.15,30.52,12.93,983.56,-47.82,-8.75,-525.0,-367.50,1,53.269
1784291498.959506989,01/01/2000,00:18:51.56,-1027.83,-16.11,12.70,2.04,-1.27,-2.05,63.90,33.0,50.55,30.43,12.20,986.00,-49.90,332.50,-813.75,-393.75,1,53.269
1784291498.994666815,01/01/2000,00:18:51.59,-990.72,-29.79,45.90,-0.36,0.18,-0.05,64.35,31.35,51.30,30.43,13.91,984.42,-49.17,778.75,-717.50,-210.0,1,53.269
1784291499.020532608,01/01/2000,00:18:51.62,-1027.34,-12.21,-44.92,1.33,1.46,1.39,64.35,31.35,50.55,30.28,13.91,985.15,-45.87,-883.75,-560.0,-140.0,1,53.269
1784291499.041624069,01/01/2000,00:18:51.64,-1022.46,-9.28,32.71,-1.78,0.35,1.32,64.05,33.15,51.90,30.33,13.30,986.61,-47.09,-822.50,-630.0,-183.75,1,53.268
1784291499.062865973,01/01/2000,00:18:51.66,-999.02,-38.09,1.46,-0.59,0.65,-1.52,64.05,31.65,51.60,30.33,12.57,987.22,-50.39,-166.25,-673.75,-262.50,1,53.268
1784291499.076874018,01/01/2000,00:18:51.67,-1039.06,-41.99,45.41,3.63,0.43,0.21,64.05,31.95,51.60,30.43,12.81,986.00,-51.97,1417.50,-761.25,-280.0,1,53.268
1784291499.097603321,01/01/2000,00:18:51.69,-1024.41,-46.39,71.29,-2.11,-1.11,0.19,63.90,31.80,51.30,30.33,13.42,986.49,-49.04,831.25,-945.0,-245.0,1,53.268
1784291499.115185261,01/01/2000,00:18:51.71,-1001.95,-9.28,-5.37,2.43,3.49,-1.56,64.65,33.45,50.55,30.62,13.91,986.49,-45.63,-875.0,-1032.50,-17.50,1,53.268
1784291499.141193628,01/01/2000,00:18:51.73,-987.30,-23.44,7.32,2.06,1.66,-0.54,64.05,33.15,50.85,30.67,13.66,985.64,-45.02,-1435.0,-997.50,-87.50,1,53.269
1784291499.154194832,01/01/2000,00:18:51.75,-1002.93,-26.37,23.44,-1.76,-0.23,-1.67,64.50,34.05,51.90,30.47,12.69,982.59,-48.92,-376.25,-953.75,-332.50,1,53.268
1784291499.173114300,01/01/2000,00:18:51.77,-1025.88,-41.50,27.83,1.0,-1.08,-1.57,64.65,33.0,49.80,30.33,12.81,980.64,-51.61,1627.50,-726.25,-113.75,1,53.269
1784291499.187722683,01/01/2000,00:18:51.78,-1002.93,-23.44,18.55,0.66,0.27,2.12,64.65,33.0,49.80,30.43,12.81,984.30,-51.12,1006.25,-796.25,-358.75,1,53.269
1784291499.205839157,01/01/2000,00:18:51.80,-1033.20,-25.88,9.77,2.08,1.14,-2.80,63.30,31.95,50.85,30.33,13.30,987.35,-48.19,70.0,-1006.25,-358.75,1,53.268
1784291499.225363255,01/01/2000,00:18:51.82,-1010.25,0.98,54.69,0.66,1.99,0.25,63.60,33.0,50.55,30.33,13.66,989.05,-45.14,26.25,-1120.0,-297.50,1,53.268
1784291499.249685526,01/01/2000,00:18:51.84,-997.56,-22.46,45.90,2.51,-0.42,-3.04,64.35,32.25,50.25,30.28,13.66,991.74,-44.53,-1303.75,-1067.50,-140.0,1,53.269
1784291499.266055822,01/01/2000,00:18:51.86,-995.12,-33.69,50.29,2.73,1.57,-0.50,64.35,32.55,51.30,30.33,13.66,990.27,-46.48,-1225.0,-918.75,-122.50,1,53.269
1784291499.282058239,01/01/2000,00:18:51.87,-995.12,-29.79,31.25,-0.86,-0.92,1.95,64.35,32.55,51.30,30.47,13.05,984.78,-50.14,175.0,-1172.50,-271.25,1,53.269
1784291499.299280167,01/01/2000,00:18:51.90,-1034.18,-35.16,15.14,0.56,-1.31,-0.79,63.30,30.75,53.40,29.99,13.18,980.27,-52.34,1225.0,-1155.0,-253.75,1,53.269
1784291499.333320379,01/01/2000,00:18:51.93,-1024.90,-22.95,91.31,-0.72,0.99,0.55,63.60,33.0,51.0,30.33,13.91,982.71,-47.58,236.25,-560.0,-210.0,1,53.269
1784291499.351401806,01/01/2000,00:18:51.95,-1045.90,-21.48,-7.32,-0.14,2.71,1.58,63.15,32.55,51.30,30.33,13.42,986.25,-45.14,-726.25,-1006.25,-166.25,1,53.269
1784291499.374536514,01/01/2000,00:18:51.97,-1020.51,-33.69,0.0,-0.47,0.44,1.06,63.60,34.20,51.30,30.19,13.05,990.03,-45.63,-560.0,-1478.75,-227.50,1,53.269
1784291499.390025377,01/01/2000,00:18:51.99,-1031.25,-29.79,20.51,1.03,-0.45,2.02,63.75,32.85,51.60,30.67,13.42,990.76,-47.95,-280.0,-1303.75,-192.50,1,53.269
1784291499.407124043,01/01/2000,00:18:52.00,-1007.81,-34.18,5.86,0.40,0.68,0.94,64.65,33.0,51.75,30.67,13.79,988.08,-49.65,227.50,-866.25,-166.25,1,53.269
1784291499.445572615,01/01/2000,00:18:52.04,-1002.93,0.0,72.75,1.31,-0.11,0.70,63.15,32.25,51.30,30.43,12.81,981.25,-48.43,358.75,-1382.50,-218.75,1,53.269
1784291499.468646049,01/01/2000,00:18:52.06,-1006.84,20.02,23.93,-1.03,0.18,0.20,65.10,32.25,51.75,30.62,12.81,981.25,-47.46,411.25,-1032.50,-192.50,1,53.269
1784291499.479830027,01/01/2000,00:18:52.08,-1036.13,-33.20,34.67,0.50,-1.24,0.20,64.05,34.05,51.15,30.47,13.05,982.95,-45.63,630.0,-770.0,-367.50,1,53.269
1784291499.500883341,01/01/2000,00:18:52.10,-1011.72,-24.41,-35.64,3.40,-2.01,-1.90,66.0,31.95,52.65,30.19,13.18,987.10,-40.50,796.25,-1032.50,-236.25,1,53.269
1784291499.518838882,01/01/2000,00:18:52.11,-1047.85,-39.55,-110.35,3.65,1.38,0.44,64.05,33.60,52.20,30.33,13.18,991.49,-36.97,-813.75,-1802.50,-218.75,1,53.269
1784291499.546453714,01/01/2000,00:18:52.14,-1013.67,-12.21,-6.35,4.27,0.96,0.08,62.40,32.25,52.95,30.52,13.05,991.13,-36.84,-1303.75,-2388.75,-26.25,1,53.268
1784291499.564363956,01/01/2000,00:18:52.16,-1011.72,-55.18,11.72,2.42,2.30,0.44,64.05,33.15,51.60,30.33,12.81,984.78,-41.11,17.50,-2126.25,-131.25,1,53.268
1784291499.585383892,01/01/2000,00:18:52.18,-984.86,-13.18,2.93,0.80,-0.76,-1.98,63.90,32.25,51.75,30.28,14.27,979.78,-43.31,1583.75,647.50,-472.50,1,53.268
1784291499.606651783,01/01/2000,00:18:52.20,-1041.50,-23.93,37.60,-2.51,-1.65,-1.30,63.90,33.0,51.0,30.28,14.03,979.54,-40.99,1942.50,962.50,-306.25,1,53.269
1784291499.619536400,01/01/2000,00:18:52.22,-1011.23,-30.76,54.69,-1.14,1.99,2.01,64.05,31.65,50.10,30.43,13.66,984.30,-35.26,945.0,245.0,-358.75,1,53.269
1784291499.641030550,01/01/2000,00:18:52.24,-1058.59,-3.91,20.51,0.21,3.62,1.80,65.10,30.60,52.95,30.43,14.52,992.35,-29.65,-1522.50,-280.0,-288.75,1,53.269
1784291499.658368349,01/01/2000,00:18:52.26,-1012.21,-44.92,7.81,0.57,0.52,1.26,63.0,32.85,50.40,30.33,14.52,993.93,-29.77,-2292.50,-560.0,-148.75,1,53.268
1784291499.675820112,01/01/2000,00:18:52.27,-970.70,-14.65,61.52,0.77,-0.31,-0.48,64.50,33.15,52.35,30.62,14.27,990.40,-34.77,-1382.50,-288.75,-210.0,1,53.268
1784291499.693112612,01/01/2000,00:18:52.29,-1009.28,-46.39,107.42,-1.44,-1.09,-0.18,63.60,33.0,50.55,30.47,13.91,984.05,-41.60,507.50,61.25,-166.25,1,53.269
1784291499.718540192,01/01/2000,00:18:52.31,-1017.58,12.21,14.65,-1.17,-2.51,-2.19,64.50,33.15,51.60,30.43,13.05,977.95,-45.14,2266.25,577.50,-498.75,1,53.268
1784291499.732082367,01/01/2000,00:18:52.33,-993.65,-53.71,-22.95,0.73,-0.18,-0.04,64.65,33.0,52.20,30.28,13.18,981.12,-42.70,1163.75,437.50,-332.50,1,53.269
1784291499.748729229,01/01/2000,00:18:52.35,-1087.89,-48.83,88.87,-4.90,0.43,-0.55,63.30,33.15,51.90,30.43,13.18,986.49,-40.02,-533.75,-192.50,-140.0,1,53.269
1784291499.766228437,01/01/2000,00:18:52.36,-1021.00,-0.49,50.78,-0.94,1.82,1.07,63.75,32.85,52.65,30.47,13.42,991.62,-38.31,-1391.25,-472.50,-271.25,1,53.269
1784291499.787593842,01/01/2000,00:18:52.38,-989.75,-28.32,31.74,1.24,1.12,0.45,64.50,33.60,51.90,30.28,14.03,990.15,-42.09,-1391.25,-446.25,-61.25,1,53.269
1784291499.821850300,01/01/2000,00:18:52.42,-1014.16,-17.58,8.79,0.52,-2.02,0.30,63.15,32.25,52.50,30.28,12.93,980.88,-50.02,1566.25,-70.0,-280.0,1,53.269
1784291499.842406511,01/01/2000,00:18:52.44,-1021.00,-16.11,-5.37,-0.60,0.37,0.24,65.70,32.85,50.85,30.43,12.44,982.83,-48.92,1470.0,245.0,-376.25,1,53.269
1784291499.859923840,01/01/2000,00:18:52.46,-1033.20,-33.69,-3.42,2.92,-0.40,0.60,63.75,34.05,52.65,29.99,12.44,987.10,-45.26,70.0,-131.25,-323.75,1,53.269
1784291499.876949072,01/01/2000,00:18:52.47,-1016.11,-56.64,51.27,0.61,2.39,-1.38,63.0,32.85,51.90,30.33,13.18,989.18,-42.70,-1207.50,-796.25,-148.75,1,53.269
1784291499.894924402,01/01/2000,00:18:52.49,-994.63,-33.69,56.64,-0.34,2.76,-0.10,63.75,33.60,51.15,30.33,13.79,987.71,-43.92,-1233.75,-577.50,-52.50,1,53.269
1784291499.917825222,01/01/2000,00:18:52.51,-1022.95,-11.72,24.41,0.53,-1.29,0.12,63.75,32.40,51.90,30.14,13.91,984.42,-48.19,122.50,-192.50,-122.50,1,53.269
1784291499.936997652,01/01/2000,00:18:52.53,-1025.39,-12.70,-22.95,-2.15,-1.95,1.23,62.70,31.35,52.95,30.33,12.81,982.83,-51.48,1338.75,-218.75,-183.75,1,53.269
1784291499.950352430,01/01/2000,00:18:52.55,-983.89,-15.14,23.93,-1.46,-2.40,-0.35,64.35,31.35,50.55,30.62,12.08,984.30,-50.75,1548.75,-192.50,-358.75,1,53.269
1784291499.968492270,01/01/2000,00:18:52.56,-1000.0,-29.30,-3.91,-0.58,-0.61,-2.07,65.70,31.65,52.65,30.47,12.08,986.74,-46.85,236.25,-463.75,-393.75,1,53.269
1784291499.993436575,01/01/2000,00:18:52.59,-1015.14,-27.83,37.11,-0.21,2.95,1.67,63.15,29.40,55.20,30.33,13.42,988.20,-43.80,-1470.0,-472.50,-271.25,1,53.269
1784291500.009501696,01/01/2000,00:18:52.60,-1019.04,-32.71,7.81,0.51,2.18,0.56,63.15,29.40,55.20,30.47,14.27,987.10,-44.90,-945.0,-411.25,8.75,1,53.269
1784291500.026212692,01/01/2000,00:18:52.62,-1017.58,-9.77,59.08,-1.12,-1.66,1.66,64.05,32.40,51.60,30.33,13.91,985.15,-49.04,52.50,-472.50,-140.0,1,53.269
1784291500.050546646,01/01/2000,00:18:52.65,-1008.79,9.28,64.94,-0.24,-1.88,-0.73,63.60,30.60,54.45,30.33,12.57,983.56,-51.73,1636.25,-367.50,-297.50,1,53.269
1784291500.071770191,01/01/2000,00:18:52.67,-1008.79,-24.90,0.0,0.0,-0.14,0.79,64.35,31.80,52.50,30.33,12.08,984.91,-47.46,367.50,-358.75,-350.0,1,53.269
1784291500.087636948,01/01/2000,00:18:52.68,-1041.50,-42.97,5.37,-0.68,-2.12,1.75,63.30,31.95,50.85,29.95,12.81,987.10,-44.90,-752.50,-393.75,-306.25,1,53.269
1784291500.105643511,01/01/2000,00:18:52.70,-1047.85,-37.11,56.15,-1.73,1.08,0.47,64.50,33.15,51.90,30.47,13.91,987.96,-44.90,-1198.75,-647.50,-192.50,1,53.268
1784291500.126637697,01/01/2000,00:18:52.72,-1024.90,-31.74,51.27,3.22,1.24,0.79,64.65,34.20,51.75,30.33,14.15,985.76,-48.92,-8.75,-595.0,-61.25,1,53.268
1784291500.144309521,01/01/2000,00:18:52.74,-982.91,-5.86,2.93,0.95,-1.02,-0.68,64.35,30.60,51.30,30.47,13.66,983.81,-51.24,1155.0,-673.75,-175.0,1,53.268
1784291500.166459560,01/01/2000,00:18:52.76,-998.05,-29.30,33.20,-0.66,-2.13,-1.58,65.25,32.40,50.85,30.19,12.69,983.44,-50.75,1146.25,-437.50,-306.25,1,53.269
1784291500.182641506,01/01/2000,00:18:52.78,-993.65,-31.74,54.69,-1.34,-0.48,0.95,64.50,33.60,52.35,30.33,12.20,985.27,-48.19,385.0,-393.75,-367.50,1,53.269
1784291500.199945927,01/01/2000,00:18:52.80,-1021.97,-20.02,-19.53,-0.70,0.49,-2.44,62.40,29.85,51.15,30.43,12.69,987.71,-45.51,-700.0,-665.0,-332.50,1,53.269
1784291500.217148781,01/01/2000,00:18:52.81,-1004.39,-37.60,62.99,-1.38,2.17,-0.81,62.70,32.55,52.20,30.43,13.66,987.35,-46.24,-787.50,-700.0,-201.25,1,53.269
1784291500.234149218,01/01/2000,00:18:52.83,-1006.35,-23.44,-21.97,-0.71,0.50,-0.24,63.60,32.55,51.30,30.52,14.27,985.76,-48.56,-35.0,-612.50,-122.50,1,53.269
1784291500.252509832,01/01/2000,00:18:52.85,-1049.80,-17.58,4.88,0.73,-1.44,-1.94,63.15,31.80,52.50,29.95,13.91,983.81,-50.14,568.75,-533.75,-192.50,1,53.269
1784291500.275992155,01/01/2000,00:18:52.87,-1042.48,-2.93,19.04,0.71,0.43,0.51,65.25,31.95,52.65,30.19,12.44,984.30,-49.78,901.25,-385.0,-227.50,1,53.269
1784291500.291144609,01/01/2000,00:18:52.89,-1029.79,-46.39,69.82,1.17,-0.03,0.18,64.95,33.60,51.15,30.19,12.08,986.13,-47.58,210.0,-621.25,-245.0,1,53.269
1784291500.307892799,01/01/2000,00:18:52.90,-1027.34,-35.16,65.92,0.34,1.11,-0.05,63.15,32.25,52.50,30.52,12.44,987.35,-45.75,-621.25,-691.25,-227.50,1,53.269
1784291500.329246044,01/01/2000,00:18:52.93,-1025.88,-24.41,21.00,-1.12,-1.77,0.48,63.30,30.75,53.10,30.43,13.91,986.74,-46.12,-743.75,-673.75,-236.25,1,53.269
1784291500.346016884,01/01/2000,00:18:52.94,-1012.21,-33.20,64.45,0.63,-0.41,-1.69,62.70,34.20,53.70,30.43,14.40,985.27,-48.31,8.75,-560.0,-148.75,1,53.269
1784291500.367397070,01/01/2000,00:18:52.96,-1017.58,-27.83,-7.32,-1.34,-1.53,-1.31,64.65,33.45,52.20,30.33,13.66,984.54,-50.26,918.75,-472.50,-148.75,1,53.269
1784291500.384625673,01/01/2000,00:18:52.98,-1012.21,-21.97,0.0,0.56,-1.42,1.29,64.95,33.15,51.15,30.43,12.81,985.03,-49.78,918.75,-437.50,-350.0,1,53.269
1784291500.400774717,01/01/2000,00:18:53.00,-1018.07,-33.20,50.29,2.24,0.47,1.41,62.70,31.80,53.25,30.43,12.69,986.25,-47.58,43.75,-586.25,-411.25,1,53.269
1784291500.418569565,01/01/2000,00:18:53.02,-1006.35,-25.88,-26.86,0.60,2.91,0.13,62.70,31.80,53.25,30.43,13.18,986.74,-45.99,-691.25,-551.25,-253.75,1,53.269
1784291500.436101913,01/01/2000,00:18:53.03,-1007.32,-43.95,32.23,0.05,0.95,-2.28,63.60,32.55,51.75,30.47,14.15,986.74,-46.60,-691.25,-717.50,-78.75,1,53.269
1784291500.453184128,01/01/2000,00:18:53.05,-1016.60,-37.60,-4.39,0.63,2.38,-2.15,64.35,32.55,53.25,30.09,14.40,985.76,-48.92,262.50,-665.0,-78.75,1,53.270
1784291500.476131916,01/01/2000,00:18:53.07,-987.79,-11.23,52.25,0.92,0.05,-2.21,64.50,33.15,52.35,30.33,13.66,984.78,-50.26,796.25,-822.50,-87.50,1,53.269
1784291500.493556023,01/01/2000,00:18:53.09,-1036.13,4.88,19.53,-0.50,0.37,1.64,64.35,33.0,52.95,30.28,12.81,985.03,-49.29,778.75,-595.0,-306.25,1,53.270
1784291500.510550022,01/01/2000,00:18:53.11,-1057.13,-28.32,31.74,-1.02,-1.47,0.62,64.35,33.0,52.95,30.33,12.32,986.25,-47.34,-122.50,-481.25,-341.25,1,53.269
1784291500.530509472,01/01/2000,00:18:53.13,-1011.23,-24.90,15.14,-2.10,2.31,-1.71,63.90,32.25,52.95,30.19,12.93,987.22,-46.60,-612.50,-717.50,-271.25,1,53.269
1784291500.547402143,01/01/2000,00:18:53.14,-1004.88,-35.64,39.06,-1.52,1.84,1.37,63.30,32.40,52.35,30.28,13.79,986.98,-47.34,-78.75,-708.75,-236.25,1,53.269
1784291500.574203968,01/01/2000,00:18:53.17,-1037.11,-11.23,3.42,1.60,1.48,-1.35,64.05,33.15,50.40,30.28,14.15,985.03,-49.53,463.75,-612.50,-201.25,1,53.269
1784291500.592426062,01/01/2000,00:18:53.19,-1005.37,0.0,1.95,-0.85,-0.92,-0.22,62.55,31.20,51.90,30.67,13.42,984.78,-49.29,621.25,-577.50,-245.0,1,53.269
1784291500.619498014,01/01/2000,00:18:53.21,-1017.09,-14.65,2.44,2.23,-1.53,-1.19,63.30,33.15,52.35,30.47,12.81,986.25,-47.58,52.50,-568.75,-358.75,1,53.268
1784291500.635123491,01/01/2000,00:18:53.23,-1041.50,-36.13,57.62,-0.70,0.25,1.35,63.90,31.80,50.55,30.33,12.81,986.86,-46.85,-315.0,-656.25,-385.0,1,53.269
1784291500.652943373,01/01/2000,00:18:53.24,-1029.79,-26.86,35.16,-0.01,-0.72,0.96,63.60,32.55,50.55,30.33,13.66,986.49,-47.21,-332.50,-656.25,-376.25,1,53.269
1784291500.664525986,01/01/2000,00:18:53.26,-997.56,-31.25,47.85,1.62,-1.60,0.81,63.60,32.55,51.30,30.43,14.15,985.64,-48.56,183.75,-665.0,-148.75,1,53.269
1784291500.685566902,01/01/2000,00:18:53.28,-1037.11,0.49,9.28,-2.62,0.75,-0.92,64.50,31.65,52.65,30.43,13.91,984.78,-49.29,551.25,-708.75,-157.50,1,53.269
1784291500.703419685,01/01/2000,00:18:53.30,-1005.86,-35.64,-0.49,0.34,0.27,-3.88,65.40,32.55,52.20,30.33,12.93,985.27,-48.80,516.25,-665.0,-271.25,1,53.269
1784291500.720382214,01/01/2000,00:18:53.32,-1020.51,-4.39,18.55,1.68,0.87,0.33,64.35,31.35,52.20,30.62,12.69,986.00,-47.58,236.25,-507.50,-393.75,1,53.269
1784291500.741439342,01/01/2000,00:18:53.34,-1054.69,-74.22,4.39,3.24,-0.35,-1.53,63.30,31.95,52.35,30.62,13.18,984.66,-45.51,367.50,-315.0,-315.0,1,53.269
1784291500.758148193,01/01/2000,00:18:53.36,-1023.93,-46.39,-11.23,-1.0,0.98,1.37,63.30,31.95,52.35,30.52,14.03,986.00,-44.16,-332.50,43.75,-210.0,1,53.269
1784291500.775886059,01/01/2000,00:18:53.37,-1016.60,-0.98,33.69,0.43,1.11,-0.53,64.95,31.95,52.35,30.14,15.01,985.27,-43.55,175.0,253.75,-201.25,1,53.269
1784291500.793238163,01/01/2000,00:18:53.39,-1012.70,-15.14,1.46,0.41,-0.72,-0.56,63.75,32.40,50.40,30.19,15.37,984.78,-42.09,1093.75,813.75,-148.75,1,53.270
1784291500.814397335,01/01/2000,00:18:53.41,-1057.13,-36.62,22.46,-1.89,1.84,1.10,64.65,32.55,52.50,30.52,15.01,987.35,-39.53,-70.0,1540.0,-253.75,1,53.269
1784291500.836992502,01/01/2000,00:18:53.43,-971.19,-43.95,41.50,-3.17,0.35,1.09,62.55,33.15,52.35,30.28,14.27,988.32,-37.58,-437.50,1645.0,-315.0,1,53.269
1784291500.852178335,01/01/2000,00:18:53.45,-1028.32,-21.97,17.09,-1.27,0.27,1.19,62.55,33.15,52.35,30.47,14.03,987.47,-37.33,-122.50,1443.75,-253.75,1,53.269
1784291500.868935823,01/01/2000,00:18:53.46,-1020.02,-33.20,4.88,-2.47,-1.24,-0.27,64.50,32.40,52.65,30.47,14.64,985.76,-37.70,533.75,1767.50,-227.50,1,53.269
1784291500.894309521,01/01/2000,00:18:53.49,-1023.93,-36.62,13.67,-2.55,0.75,-1.32,63.15,31.05,52.20,30.47,15.25,984.05,-35.62,647.50,2817.50,-332.50,1,53.269
1784291500.913341761,01/01/2000,00:18:53.51,-1008.79,-44.92,68.85,0.10,-3.36,0.68,62.70,32.55,52.95,30.47,14.88,984.91,-34.16,-17.50,2940.0,-428.75,1,53.269
1784291500.949661016,01/01/2000,00:18:53.54,-1023.44,-12.70,29.30,-0.55,-0.83,-0.29,65.40,32.25,53.70,30.43,11.96,989.91,-35.01,-463.75,1513.75,-262.50,1,53.269
1784291500.966553688,01/01/2000,00:18:53.56,-1014.65,-41.02,12.70,0.30,-2.37,-0.89,64.65,31.80,52.20,30.19,10.74,990.88,-38.43,-262.50,-481.25,-78.75,1,53.269
1784291500.984401226,01/01/2000,00:18:53.58,-1032.23,-14.16,-3.91,-0.64,-2.94,-1.34,63.15,31.35,53.25,30.19,10.74,987.10,-40.38,647.50,-1312.50,-183.75,1,53.269
1784291501.007400751,01/01/2000,00:18:53.60,-987.79,-18.07,-36.13,3.31,-1.33,-2.40,64.95,32.85,52.65,30.19,10.86,984.54,-41.24,166.25,-1417.50,-140.0,1,53.269
1784291501.041532040,01/01/2000,00:18:53.64,-1053.22,-42.48,51.27,2.42,0.96,-0.36,63.90,32.55,52.50,30.43,8.54,982.83,-43.43,87.50,-4418.75,-26.25,1,53.269
1784291501.063120842,01/01/2000,00:18:53.65,-1025.39,7.32,64.94,4.07,-1.47,0.31,63.75,32.85,51.60,30.43,10.00,984.30,-45.26,-148.75,-4112.50,-105.0,1,53.269
1784291501.087664366,01/01/2000,00:18:53.68,-1044.92,-49.80,97.66,0.79,-1.54,1.08,62.25,33.15,53.40,30.43,12.93,986.74,-46.36,1137.50,-2572.50,-122.50,1,53.268
1784291501.126907587,01/01/2000,00:18:53.72,-1007.81,-44.92,-71.78,0.66,1.85,0.06,64.50,31.95,51.15,30.43,15.62,988.08,-45.75,-1163.75,-927.50,-61.25,1,53.268
1784291501.143662214,01/01/2000,00:18:53.74,-1005.86,-5.37,1.95,-0.38,-1.12,-2.58,65.10,31.35,52.20,30.33,13.66,982.83,-47.95,323.75,-2038.75,-210.0,1,53.268
1784291501.161183596,01/01/2000,00:18:53.76,-1023.93,-40.53,114.26,-0.09,-2.74,-0.45,64.35,33.75,52.50,30.28,13.30,982.83,-50.14,516.25,-1408.75,-306.25,1,53.269
1784291501.182648659,01/01/2000,00:18:53.78,-1026.86,-2.93,-29.30,1.54,-1.21,-0.57,64.65,30.60,51.75,30.62,12.20,985.03,-51.48,516.25,-2003.75,-175.0,1,53.268
1784291501.217836380,01/01/2000,00:18:53.81,-1016.60,-28.32,50.29,-0.42,-2.25,-0.69,64.05,31.65,51.90,30.28,13.66,986.86,-47.34,1172.50,-1715.0,-227.50,1,53.268
1784291501.238129139,01/01/2000,00:18:53.84,-999.02,-17.09,15.63,-1.36,3.17,1.02,64.50,31.65,50.40,30.43,15.01,989.91,-42.94,-875.0,-1330.0,-183.75,1,53.268
1784291501.256162167,01/01/2000,00:18:53.85,-1018.55,-18.55,55.18,1.26,0.44,0.20,62.70,33.75,53.25,30.67,14.88,989.54,-43.55,-1776.25,-1076.25,-175.0,1,53.268
1784291501.291490316,01/01/2000,00:18:53.89,-997.07,-45.90,83.98,1.14,-0.82,0.05,63.90,31.35,51.30,30.33,13.42,982.59,-52.83,1408.75,-875.0,-332.50,1,53.269
1784291501.312182903,01/01/2000,00:18:53.91,-1018.07,-32.23,65.92,3.22,-0.47,-0.61,63.60,31.05,52.50,29.99,13.18,982.59,-53.31,1505.0,-901.25,-262.50,1,53.269
1784291501.334911585,01/01/2000,00:18:53.93,-1027.83,-31.25,41.99,-0.78,0.91,-0.43,63.60,31.05,52.50,30.52,13.79,984.54,-50.51,385.0,-901.25,-245.0,1,53.269
1784291501.368436098,01/01/2000,00:18:53.96,-1038.09,-24.90,-17.58,-0.85,-0.41,-2.02,62.70,32.55,51.75,29.99,13.91,987.47,-46.85,8.75,-1102.50,-192.50,1,53.268
1784291501.388453960,01/01/2000,00:18:53.98,-1019.53,-22.46,32.71,0.18,-0.10,-0.61,64.50,31.95,51.90,30.33,13.79,988.57,-46.60,-516.25,-927.50,-131.25,1,53.268
1784291501.420857668,01/01/2000,00:18:54.02,-1026.86,-34.18,28.81,2.15,-0.24,-2.34,65.10,31.35,50.55,30.33,13.66,983.56,-49.29,43.75,-778.75,-166.25,1,53.269
1784291501.443001509,01/01/2000,00:18:54.04,-1023.93,-31.25,20.51,0.30,-1.45,0.16,64.05,33.60,51.90,30.19,13.66,981.86,-51.61,796.25,-612.50,-227.50,1,53.269
1784291501.458403111,01/01/2000,00:18:54.06,-1039.55,-39.06,41.99,2.87,2.69,0.02,63.15,31.80,51.75,30.52,13.54,983.56,-51.97,857.50,-778.75,-315.0,1,53.269
1784291501.475743771,01/01/2000,00:18:54.07,-996.58,-12.21,-9.77,1.10,0.37,-1.28,65.40,32.55,51.30,30.19,13.54,986.25,-50.51,638.75,-656.25,-253.75,1,53.269
1784291501.513962746,01/01/2000,00:18:54.11,-1017.09,-21.00,-5.37,1.15,-0.66,0.40,63.15,31.80,52.20,29.99,13.79,990.03,-46.85,-297.50,-743.75,-183.75,1,53.269
1784291501.530538559,01/01/2000,00:18:54.13,-1003.91,-28.32,50.78,1.33,0.89,-0.75,63.15,33.0,51.30,30.28,13.66,989.91,-47.34,-603.75,-813.75,-245.0,1,53.269
1784291501.547919512,01/01/2000,00:18:54.14,-990.23,-43.46,15.63,-1.73,-1.65,-0.72,63.15,33.0,50.55,30.28,13.54,986.74,-48.92,-350.0,-787.50,-105.0,1,53.269
1784291501.571257591,01/01/2000,00:18:54.16,-1004.88,-41.99,-3.91,-2.09,0.79,2.57,63.15,32.25,51.75,30.43,13.42,981.86,-50.75,131.25,-778.75,-218.75,1,53.269
1784291501.601299524,01/01/2000,00:18:54.19,-1005.37,-34.18,107.91,-1.47,-1.25,1.50,62.70,32.25,53.25,30.33,12.93,979.17,-52.70,1015.0,-691.25,-218.75,1,53.269
1784291501.635414362,01/01/2000,00:18:54.23,-1023.44,-43.46,38.57,0.87,0.69,-0.88,63.15,33.0,52.20,30.52,12.93,986.49,-49.78,630.0,-866.25,-183.75,1,53.269
1784291501.668581963,01/01/2000,00:18:54.27,-1013.67,-20.02,64.45,1.37,1.10,-0.49,61.80,30.0,54.15,30.52,13.91,989.79,-46.12,-638.75,-743.75,-175.0,1,53.268
1784291501.685943604,01/01/2000,00:18:54.28,-1011.72,-37.60,38.09,-2.71,-0.67,0.82,63.75,31.95,52.65,30.19,13.66,988.32,-47.70,-297.50,-700.0,-192.50,1,53.268
1784291501.703241587,01/01/2000,00:18:54.30,-1005.37,-22.95,-24.41,-0.98,1.38,1.37,63.15,32.25,51.75,30.28,13.30,987.22,-49.78,-8.75,-612.50,-271.25,1,53.269
1784291501.726274490,01/01/2000,00:18:54.32,-1000.49,-40.53,120.61,-2.65,-1.70,-1.11,64.95,33.15,52.35,30.33,12.93,984.78,-51.97,735.0,-840.0,-385.0,1,53.268
1784291501.758806229,01/01/2000,00:18:54.36,-1004.39,-30.27,34.67,-0.58,0.99,0.40,63.75,31.95,50.85,30.33,13.66,984.30,-49.17,157.50,-726.25,-175.0,1,53.269
1784291501.780759335,01/01/2000,00:18:54.37,-1021.48,-9.77,61.52,2.40,0.39,-0.60,62.40,33.0,51.75,30.47,13.91,985.27,-47.58,-577.50,-743.75,-105.0,1,53.269
1784291501.814779997,01/01/2000,00:18:54.41,-1024.41,-16.11,-25.88,1.40,-0.72,1.65,63.75,32.40,51.60,30.52,13.18,986.49,-49.53,350.0,-752.50,-323.75,1,53.268
1784291501.837380409,01/01/2000,00:18:54.43,-986.82,-40.04,-6.84,-0.37,-1.26,0.35,63.75,32.40,51.60,30.43,13.18,986.49,-49.65,402.50,-612.50,-402.50,1,53.269
1784291501.869961023,01/01/2000,00:18:54.47,-1009.77,-36.13,38.09,-0.43,-0.67,2.21,63.75,32.40,52.35,30.43,13.66,985.39,-49.04,96.25,-638.75,-192.50,1,53.269
1784291501.905613184,01/01/2000,00:18:54.50,-1037.11,-26.86,-29.30,-0.97,0.34,0.06,65.10,32.25,50.25,30.33,13.54,986.13,-50.02,-26.25,-813.75,-122.50,1,53.269
1784291501.925185919,01/01/2000,00:18:54.52,-996.09,-21.00,8.30,-1.0,0.99,-0.62,63.0,31.95,50.10,30.09,13.42,986.61,-51.12,297.50,-673.75,-227.50,1,53.269
1784291501.942884207,01/01/2000,00:18:54.54,-1000.98,-39.06,41.50,0.41,0.53,0.16,64.50,33.60,51.90,30.43,13.66,985.52,-51.00,805.0,-612.50,-166.25,1,53.269
1784291501.960040331,01/01/2000,00:18:54.56,-989.26,2.93,5.86,-0.42,0.15,-0.47,63.30,32.85,51.15,30.47,13.91,984.78,-49.17,796.25,-708.75,-262.50,1,53.269
1784291501.998157263,01/01/2000,00:18:54.59,-1020.51,-39.55,10.74,-0.13,0.23,0.93,63.60,32.25,52.20,30.19,13.66,986.00,-47.21,-490.0,-682.50,-253.75,1,53.269
1784291502.015405893,01/01/2000,00:18:54.61,-993.16,-20.51,54.69,-3.22,-1.19,-1.03,63.30,33.15,52.35,30.67,13.42,985.52,-49.04,35.0,-665.0,-280.0,1,53.269
1784291502.032658577,01/01/2000,00:18:54.63,-1031.25,-25.88,30.27,3.21,-0.73,-1.30,63.90,31.35,52.50,30.33,13.42,985.15,-51.61,411.25,-533.75,-297.50,1,53.270
1784291502.050884485,01/01/2000,00:18:54.65,-1019.53,-44.92,15.63,0.43,-1.16,2.46,62.55,33.15,51.15,30.43,13.54,984.30,-52.34,700.0,-752.50,-218.75,1,53.269
1784291502.071819067,01/01/2000,00:18:54.67,-998.54,-60.06,104.00,-0.62,-0.63,0.89,64.05,32.40,50.10,30.52,13.66,983.69,-51.12,61.25,-691.25,-166.25,1,53.269
1784291502.095032930,01/01/2000,00:18:54.68,-1031.74,-31.25,-35.64,1.73,-0.56,-1.47,63.90,31.80,50.25,30.33,13.54,983.56,-50.26,-17.50,-708.75,-140.0,1,53.269
1784291502.112917662,01/01/2000,00:18:54.71,-1029.30,-18.07,19.04,1.37,-0.33,-0.95,62.40,31.05,52.50,30.67,13.30,985.76,-50.14,323.75,-665.0,-166.25,1,53.269
1784291502.135735273,01/01/2000,00:18:54.73,-1015.14,-14.16,39.06,2.13,-0.32,0.77,63.15,31.35,51.75,30.47,13.05,990.15,-49.65,87.50,-770.0,-297.50,1,53.268
1784291502.155906916,01/01/2000,00:18:54.75,-995.61,-0.98,15.63,2.87,-0.71,-0.22,63.60,31.80,50.55,30.47,13.30,989.79,-49.29,-17.50,-682.50,-175.0,1,53.269
1784291502.187253237,01/01/2000,00:18:54.78,-994.14,-41.50,69.82,1.16,-0.74,-1.03,62.70,32.55,51.30,30.33,13.91,982.10,-48.68,218.75,-638.75,-148.75,1,53.269
1784291502.225997210,01/01/2000,00:18:54.82,-1003.42,-17.58,-12.21,-1.02,-0.73,-0.30,64.35,31.35,49.80,30.19,12.57,984.05,-52.22,463.75,-621.25,-376.25,1,53.269
1784291502.259783983,01/01/2000,00:18:54.86,-1026.37,-44.92,4.39,0.15,-0.30,-1.63,63.0,31.65,50.40,30.52,13.42,986.74,-51.48,708.75,-708.75,-183.75,1,53.269
1784291502.280826807,01/01/2000,00:18:54.88,-1016.60,-22.46,2.44,-2.35,0.34,-0.72,63.90,32.25,51.0,30.19,14.27,986.49,-47.09,-8.75,-551.25,-271.25,1,53.269
1784291502.299833298,01/01/2000,00:18:54.89,-1016.11,-22.95,-63.96,-3.66,1.07,-0.10,63.30,31.65,51.90,30.19,14.03,986.86,-45.87,-682.50,-630.0,-105.0,1,53.269
1784291502.316054106,01/01/2000,00:18:54.91,-1003.91,-34.18,78.13,-1.34,1.42,1.21,63.15,32.55,51.75,30.47,13.66,986.98,-47.46,-595.0,-603.75,-402.50,1,53.269
1784291502.336699009,01/01/2000,00:18:54.93,-1017.58,-30.27,46.88,0.10,-1.58,0.19,61.95,32.55,52.50,30.47,12.93,986.00,-52.22,96.25,-735.0,-323.75,1,53.269
1784291502.371248007,01/01/2000,00:18:54.97,-1043.95,-34.67,55.66,-1.74,-2.12,1.76,65.25,31.95,51.15,30.19,13.66,985.27,-52.70,831.25,-647.50,-210.0,1,53.269
1784291502.392471075,01/01/2000,00:18:54.99,-1027.83,-20.02,-9.28,0.26,-0.05,-0.15,63.90,32.55,51.75,30.33,14.15,986.25,-48.80,-131.25,-542.50,-131.25,1,53.269
1784291502.410085201,01/01/2000,00:18:55.01,-1004.39,-38.57,49.80,-1.31,0.45,1.60,63.90,31.35,49.80,30.62,13.66,985.52,-46.85,-647.50,-542.50,-227.50,1,53.269
1784291502.426955938,01/01/2000,00:18:55.02,-1006.84,-4.39,50.78,0.90,0.41,2.94,63.90,31.80,51.0,30.33,13.18,983.81,-48.31,-288.75,-761.25,-280.0,1,53.269
1784291502.444131613,01/01/2000,00:18:55.04,-1030.27,-43.46,24.41,1.47,2.47,0.79,63.60,33.0,52.20,30.52,12.93,983.93,-50.75,665.0,-481.25,-262.50,1,53.269
1784291502.461769342,01/01/2000,00:18:55.06,-1026.86,-11.72,72.75,-0.71,-3.18,-1.50,63.15,32.55,51.0,30.62,12.81,986.37,-51.61,726.25,-717.50,-367.50,1,53.270
1784291502.484812021,01/01/2000,00:18:55.08,-1008.79,-30.76,11.72,0.87,-0.44,-0.05,63.60,32.25,51.0,30.43,13.30,988.57,-49.90,113.75,-665.0,-288.75,1,53.270
1784291502.501454353,01/01/2000,00:18:55.10,-980.96,-22.95,27.34,-0.99,1.01,-0.45,63.30,31.20,51.15,30.52,13.91,987.96,-47.58,-437.50,-673.75,-262.50,1,53.269
1784291502.516852617,01/01/2000,00:18:55.11,-1013.67,-9.77,23.44,0.32,0.05,-0.31,63.30,31.95,51.15,29.99,14.03,985.52,-47.82,-630.0,-682.50,-87.50,1,53.269
1784291502.556341171,01/01/2000,00:18:55.15,-1005.86,-19.04,111.33,1.99,-2.83,-3.50,63.15,31.80,51.0,30.43,12.69,985.03,-52.83,586.25,-612.50,-253.75,1,53.269
1784291502.578117371,01/01/2000,00:18:55.17,-998.54,-30.27,59.57,-1.08,0.18,2.44,63.90,31.80,51.0,30.62,12.69,986.13,-52.46,253.75,-717.50,-148.75,1,53.269
1784291502.591306686,01/01/2000,00:18:55.19,-1029.30,-48.34,-15.63,-0.76,-0.08,-0.68,63.75,31.20,51.90,30.43,13.42,985.88,-50.87,-61.25,-761.25,-253.75,1,53.270
1784291502.625307322,01/01/2000,00:18:55.21,-1012.70,-21.00,-5.86,-1.48,0.98,-0.91,61.95,31.35,53.70,30.33,13.66,985.52,-50.39,183.75,-717.50,-61.25,1,53.269
1784291502.640240192,01/01/2000,00:18:55.23,-1003.42,-22.95,76.17,-1.35,-0.27,-0.42,64.35,33.0,52.20,30.43,13.05,986.37,-50.02,437.50,-437.50,-227.50,1,53.269
1784291502.654803753,01/01/2000,00:18:55.25,-1024.90,-37.11,42.48,0.13,1.24,-0.34,62.25,32.85,50.40,30.43,12.69,986.37,-49.04,-35.0,-761.25,-227.50,1,53.269
1784291502.672645330,01/01/2000,00:18:55.27,-1021.97,-30.76,-1.95,0.20,4.19,0.67,63.75,33.15,51.90,30.19,12.81,985.27,-48.31,-306.25,-761.25,-262.50,1,53.269
1784291502.711521149,01/01/2000,00:18:55.31,-1020.02,-27.83,-13.18,0.40,-1.80,0.72,63.30,33.15,50.40,30.09,13.42,983.44,-52.46,691.25,-612.50,-227.50,1,53.269
1784291502.731520891,01/01/2000,00:18:55.33,-1018.07,-37.11,13.18,-0.17,1.65,-1.38,61.95,34.20,50.25,30.43,13.18,985.52,-52.09,866.25,-603.75,-218.75,1,53.269
1784291502.749926567,01/01/2000,00:18:55.35,-1022.95,-26.86,-4.39,0.93,-1.73,-1.64,63.0,32.40,50.85,30.52,13.18,986.49,-49.78,-323.75,-787.50,-262.50,1,53.269
1784291502.766686201,01/01/2000,00:18:55.36,-997.07,-14.16,34.18,-1.24,0.69,0.37,62.40,31.05,51.0,30.47,13.30,984.91,-48.80,-262.50,-638.75,-297.50,1,53.269
1784291502.784697294,01/01/2000,00:18:55.38,-1028.81,-16.11,-40.04,0.08,0.71,0.60,63.30,32.85,50.85,30.43,13.30,984.91,-49.65,78.75,-770.0,-183.75,1,53.269
1784291502.802213430,01/01/2000,00:18:55.40,-1025.39,-43.46,21.97,-2.47,-1.01,1.12,62.25,31.65,50.85,30.09,13.42,986.49,-50.63,446.25,-490.0,-227.50,1,53.270
1784291502.827230215,01/01/2000,00:18:55.42,-1007.81,-48.34,66.89,-0.23,1.80,-2.37,64.35,31.80,52.50,30.28,13.42,987.71,-49.78,358.75,-656.25,-350.0,1,53.269
1784291502.840378523,01/01/2000,00:18:55.44,-1003.91,-21.97,28.81,0.47,1.27,3.54,61.65,32.55,50.55,30.47,13.42,987.59,-48.19,-393.75,-656.25,-332.50,1,53.269
1784291502.857496738,01/01/2000,00:18:55.45,-1001.95,-31.25,26.37,0.47,-0.02,0.73,63.15,32.25,51.30,30.28,13.79,985.39,-49.17,-892.50,-778.75,-96.25,1,53.269
1784291502.874114752,01/01/2000,00:18:55.47,-1015.14,-29.79,75.20,-0.41,0.40,0.30,63.30,34.05,50.85,30.52,13.30,983.20,-52.83,218.75,-481.25,-131.25,1,53.269
1784291502.896614790,01/01/2000,00:18:55.49,-1010.25,-50.78,-6.35,-0.37,-1.23,-0.70,62.70,32.25,50.55,30.33,12.81,983.69,-55.39,1303.75,-673.75,-140.0,1,53.269
1784291502.930803299,01/01/2000,00:18:55.53,-1008.79,-25.39,27.83,1.63,-0.24,0.41,63.75,32.40,50.40,30.43,13.54,986.49,-48.80,-402.50,-717.50,-245.0,1,53.270
1784291502.951491356,01/01/2000,00:18:55.55,-1004.39,-13.18,11.23,2.25,0.46,1.89,62.25,31.95,50.85,30.43,13.91,985.03,-46.85,-323.75,-586.25,-175.0,1,53.270
1784291502.968833685,01/01/2000,00:18:55.57,-1015.14,-21.00,-71.29,2.39,2.08,-1.01,60.30,33.15,53.40,30.47,13.42,985.76,-48.31,0.0,-638.75,-236.25,1,53.269
1784291502.985833645,01/01/2000,00:18:55.58,-1017.58,-31.25,87.89,0.73,-2.40,1.65,63.60,33.45,49.50,30.43,13.42,986.25,-49.65,341.25,-516.25,-306.25,1,53.269
1784291503.008453131,01/01/2000,00:18:55.60,-1012.70,-4.88,-5.37,0.21,0.63,0.20,62.55,32.85,50.10,30.43,12.93,986.49,-50.02,516.25,-472.50,-245.0,1,53.269
1784291503.024241209,01/01/2000,00:18:55.62,-988.28,-15.14,5.37,0.48,-0.15,0.76,61.95,31.05,52.50,30.43,13.30,985.88,-49.41,-341.25,-700.0,-227.50,1,53.269
1784291503.041242123,01/01/2000,00:18:55.64,-1011.72,-49.80,10.25,0.18,0.95,0.05,61.80,32.40,52.35,30.33,13.91,984.42,-50.51,-271.25,-507.50,-61.25,1,53.270
1784291503.058220387,01/01/2000,00:18:55.66,-1029.30,-27.34,32.23,2.08,0.95,1.62,62.25,33.15,51.15,30.43,13.66,983.44,-52.34,638.75,-743.75,-166.25,1,53.270
1784291503.075946808,01/01/2000,00:18:55.67,-1032.71,-21.00,30.76,1.47,0.15,-1.95,62.40,31.35,51.75,30.52,13.42,983.69,-52.95,971.25,-778.75,-105.0,1,53.270
1784291503.103421450,01/01/2000,00:18:55.69,-1019.04,-12.70,21.48,-0.84,-0.47,-1.08,62.40,31.80,50.55,30.33,12.93,986.49,-50.14,-131.25,-402.50,-332.50,1,53.270
1784291503.118535042,01/01/2000,00:18:55.71,-1018.55,-43.95,41.50,0.69,3.02,0.61,61.35,30.75,50.85,30.33,12.93,986.25,-48.92,-341.25,-962.50,-175.0,1,53.269
1784291503.139283657,01/01/2000,00:18:55.74,-1006.35,-37.60,54.20,3.60,-0.21,-0.72,64.65,32.25,51.30,30.52,13.66,984.66,-50.26,455.0,-691.25,-122.50,1,53.269
1784291503.167848110,01/01/2000,00:18:55.76,-1024.90,-5.86,17.58,1.07,-1.58,-1.56,62.55,32.85,50.10,30.28,13.54,986.37,-51.24,166.25,-647.50,-148.75,1,53.269
1784291503.180582523,01/01/2000,00:18:55.78,-1013.67,-30.76,59.08,1.60,1.33,2.17,62.25,31.20,51.15,30.33,13.05,986.98,-51.61,367.50,-743.75,-201.25,1,53.269
1784291503.197678089,01/01/2000,00:18:55.80,-998.54,-5.37,-29.30,1.49,-1.98,1.95,62.40,33.45,51.0,30.43,12.93,985.52,-51.24,463.75,-813.75,-271.25,1,53.269
1784291503.215561628,01/01/2000,00:18:55.81,-1038.09,-49.80,-1.46,0.34,-0.05,-1.24,62.70,33.45,51.0,30.62,13.05,984.54,-49.41,17.50,-603.75,-323.75,1,53.269
1784291503.236558676,01/01/2000,00:18:55.83,-1015.14,-46.88,15.63,-0.80,-1.54,-0.48,61.80,31.95,50.40,30.09,13.54,984.30,-48.80,-411.25,-665.0,-210.0,1,53.269
1784291503.260019064,01/01/2000,00:18:55.85,-998.05,-12.21,-68.36,2.91,-2.65,-0.08,62.40,32.55,51.90,30.47,13.42,984.17,-50.26,52.50,-577.50,-253.75,1,53.269
1784291503.275993109,01/01/2000,00:18:55.87,-1013.18,-27.34,97.66,0.65,-1.60,1.35,62.55,30.45,50.10,30.43,13.18,985.03,-52.46,385.0,-586.25,-227.50,1,53.269
1784291503.290050983,01/01/2000,00:18:55.89,-1022.46,3.42,23.93,-0.53,1.39,-0.83,61.95,31.35,50.25,29.99,13.05,985.52,-52.83,341.25,-673.75,-131.25,1,53.269
1784291503.310159206,01/01/2000,00:18:55.91,-1020.02,-24.90,-32.71,0.03,-0.04,0.16,61.80,33.15,51.90,30.43,13.05,984.66,-51.00,490.0,-568.75,-262.50,1,53.269
1784291503.326588869,01/01/2000,00:18:55.92,-1037.60,-38.57,1.46,1.70,-2.67,0.71,62.55,31.95,50.10,30.52,13.18,985.03,-48.80,175.0,-796.25,-218.75,1,53.269
1784291503.343612909,01/01/2000,00:18:55.94,-1041.02,-10.74,-16.11,4.44,0.87,1.85,63.75,33.60,51.15,30.33,13.54,986.86,-47.95,-455.0,-507.50,-140.0,1,53.269
1784291503.361604214,01/01/2000,00:18:55.96,-1008.79,-34.67,85.94,2.40,-1.60,1.44,61.80,31.20,51.60,30.62,13.18,986.98,-49.41,-542.50,-726.25,-306.25,1,53.270
1784291503.386374712,01/01/2000,00:18:55.98,-996.58,-24.41,0.0,-0.15,-1.77,-0.33,62.25,32.40,51.90,30.19,13.42,985.52,-52.58,638.75,-673.75,-157.50,1,53.270
1784291503.417743683,01/01/2000,00:18:56.01,-995.12,-39.06,-9.77,0.27,1.24,0.38,62.25,33.15,50.85,30.67,13.18,985.27,-51.24,-140.0,-665.0,-253.75,1,53.269
1784291503.438897610,01/01/2000,00:18:56.03,-1009.28,-18.07,-9.77,1.02,2.40,-0.60,63.60,31.05,51.0,30.33,13.18,984.54,-51.12,-61.25,-761.25,-218.75,1,53.269
1784291503.461067438,01/01/2000,00:18:56.05,-1017.58,-28.81,-34.67,-0.37,1.79,-1.46,61.80,31.95,49.65,30.52,13.42,985.27,-52.46,288.75,-665.0,-157.50,1,53.269
1784291503.476773739,01/01/2000,00:18:56.07,-1018.55,-44.92,77.64,-2.61,-0.66,-1.34,61.80,31.95,49.65,30.33,13.42,986.25,-52.95,245.0,-525.0,-280.0,1,53.270
1784291503.491754770,01/01/2000,00:18:56.09,-1005.86,-37.11,52.25,-0.15,-2.37,1.88,63.0,32.40,50.10,30.28,13.18,985.88,-52.22,612.50,-595.0,-175.0,1,53.270
1784291503.510724783,01/01/2000,00:18:56.11,-1019.53,-34.67,-7.32,1.64,-0.09,-0.98,63.0,31.20,50.85,30.33,13.18,985.52,-48.80,297.50,-568.75,-306.25,1,53.270
1784291503.527362585,01/01/2000,00:18:56.12,-994.63,-31.25,33.69,0.92,2.13,1.31,62.40,33.0,52.50,30.19,13.18,985.76,-47.09,-638.75,-752.50,-192.50,1,53.270
1784291503.544963837,01/01/2000,00:18:56.14,-1044.43,-4.88,53.22,-0.41,-1.92,3.11,61.05,32.40,50.85,30.28,13.30,985.15,-48.68,-253.75,-752.50,-192.50,1,53.270
1784291503.562489271,01/01/2000,00:18:56.16,-1030.76,-13.18,88.38,-0.30,-2.01,-0.05,61.05,32.40,50.85,30.33,13.42,984.78,-50.75,621.25,-437.50,-192.50,1,53.270
1784291503.586499214,01/01/2000,00:18:56.18,-1035.64,-62.01,96.19,-0.03,-1.46,1.46,62.25,32.40,50.10,29.99,13.30,985.76,-52.46,297.50,-498.75,-280.0,1,53.269
1784291503.601841211,01/01/2000,00:18:56.20,-1017.09,-28.32,23.44,-0.82,2.22,-0.61,62.40,32.55,50.55,30.09,13.54,985.76,-51.97,0.0,-603.75,-262.50,1,53.270
1784291503.644287348,01/01/2000,00:18:56.24,-1019.53,-26.86,95.21,-1.14,2.33,-0.83,61.80,32.40,50.85,30.28,13.66,985.52,-49.53,-533.75,-630.0,-113.75,1,53.269
1784291503.664477348,01/01/2000,00:18:56.26,-1035.16,-11.23,0.0,1.47,2.25,0.06,61.05,31.20,53.10,30.19,13.54,985.15,-51.00,87.50,-595.0,-148.75,1,53.269
1784291503.698728800,01/01/2000,00:18:56.30,-1021.00,-26.37,-39.55,0.55,0.21,0.33,60.45,33.0,51.30,30.33,13.05,987.10,-51.12,227.50,-665.0,-227.50,1,53.270
1784291503.725340605,01/01/2000,00:18:56.32,-1010.74,-18.07,5.37,-0.44,0.91,1.40,61.20,32.25,50.55,30.62,13.54,986.74,-50.02,-420.0,-516.25,-210.0,1,53.270
1784291503.754947186,01/01/2000,00:18:56.35,-1052.73,-24.41,-53.71,-1.55,0.66,-0.24,62.70,32.25,50.25,30.33,13.18,984.30,-52.09,332.50,-647.50,-463.75,1,53.269
1784291503.771630526,01/01/2000,00:18:56.37,-1015.14,-17.09,12.70,-0.48,1.85,2.90,63.0,32.85,50.40,30.19,13.05,985.39,-52.83,271.25,-428.75,-385.0,1,53.270
1784291503.810325861,01/01/2000,00:18:56.41,-1032.23,-26.86,21.97,-1.06,-2.34,0.63,59.70,31.80,55.20,30.28,13.05,986.49,-50.75,245.0,-743.75,-210.0,1,53.270
1784291503.828328609,01/01/2000,00:18:56.42,-1020.02,-24.41,-56.64,0.59,-1.31,-1.76,61.95,32.55,51.30,30.19,13.66,986.00,-49.65,-332.50,-813.75,-122.50,1,53.270
1784291503.845342636,01/01/2000,00:18:56.44,-1010.25,-39.55,-54.69,1.07,-0.95,1.75,60.30,31.95,51.15,30.33,13.54,984.30,-50.63,-271.25,-656.25,-175.0,1,53.270
1784291503.866363287,01/01/2000,00:18:56.46,-1006.35,-31.25,6.35,2.06,-0.95,1.02,62.40,30.60,52.20,30.09,13.05,984.42,-52.09,1032.50,-682.50,-131.25,1,53.270
1784291503.901285172,01/01/2000,00:18:56.50,-1004.88,-25.88,53.22,-0.99,2.29,0.37,61.65,33.0,50.25,30.19,13.05,987.71,-48.80,-227.50,-831.25,-297.50,1,53.270
1784291503.921627760,01/01/2000,00:18:56.52,-1030.27,-54.20,64.94,-3.95,-0.32,0.68,61.80,33.15,50.10,30.47,13.66,986.37,-48.19,-385.0,-647.50,-227.50,1,53.270
1784291503.938987970,01/01/2000,00:18:56.54,-1013.67,-19.53,49.80,-1.08,0.06,-1.66,62.40,32.25,51.30,30.47,13.66,984.42,-50.63,-175.0,-691.25,-175.0,1,53.270
1784291503.956975937,01/01/2000,00:18:56.55,-1038.57,-29.30,4.39,2.55,-0.01,-0.11,62.70,32.25,51.30,30.47,13.54,984.05,-52.70,551.25,-560.0,-297.50,1,53.270
1784291503.973834991,01/01/2000,00:18:56.57,-1021.48,-16.11,-18.07,1.23,-0.25,-2.31,62.70,32.25,51.30,30.33,12.44,985.03,-53.44,901.25,-603.75,-306.25,1,53.270
1784291503.995864391,01/01/2000,00:18:56.59,-1020.02,-37.60,50.29,1.32,-0.46,-1.50,60.90,29.40,51.75,30.52,12.69,986.25,-50.26,297.50,-822.50,-183.75,1,53.270
1784291504.017443657,01/01/2000,00:18:56.61,-1026.37,-51.76,73.24,-2.74,3.62,0.86,63.0,31.95,49.65,30.43,13.42,985.88,-48.07,-971.25,-603.75,-113.75,1,53.270
1784291504.034850836,01/01/2000,00:18:56.63,-1008.30,-34.67,40.04,2.78,-0.34,0.24,62.25,31.65,50.40,30.43,13.79,984.05,-50.63,-665.0,-682.50,-17.50,1,53.270
1784291504.049457550,01/01/2000,00:18:56.64,-1029.79,-10.25,-13.18,0.76,2.37,0.06,60.45,32.55,50.25,30.33,14.15,983.32,-54.05,1076.25,245.0,-183.75,1,53.270
1784291504.068738461,01/01/2000,00:18:56.67,-1021.48,-21.48,3.42,-2.40,-1.96,-1.02,63.90,33.45,52.20,29.99,13.05,986.13,-55.27,980.0,-166.25,-350.0,1,53.270
1784291504.103432894,01/01/2000,00:18:56.70,-1005.86,-37.60,-41.02,-0.51,1.51,-1.47,63.60,33.0,49.80,30.33,13.18,985.52,-53.31,-980.0,-796.25,-253.75,1,53.271
1784291504.127922297,01/01/2000,00:18:56.72,-1015.63,-25.88,51.27,-0.75,0.27,-2.56,61.65,32.55,49.80,30.33,13.91,983.81,-57.83,122.50,-157.50,-280.0,1,53.270
1784291504.141304255,01/01/2000,00:18:56.74,-1017.58,-35.64,32.23,-1.24,0.73,-1.37,61.20,32.25,49.50,30.28,13.42,984.17,-62.46,656.25,-201.25,-210.0,1,53.270
1784291504.166827679,01/01/2000,00:18:56.76,-1008.79,-40.04,-77.64,-0.53,-0.81,0.34,61.80,32.85,51.15,30.43,12.69,985.27,-62.10,656.25,-586.25,-350.0,1,53.270
1784291504.190733194,01/01/2000,00:18:56.78,-1041.02,-30.27,20.51,-0.10,-0.43,0.97,60.60,31.65,52.65,30.33,12.93,985.39,-58.32,-192.50,-560.0,-166.25,1,53.269
1784291504.208617449,01/01/2000,00:18:56.80,-1001.46,-16.11,-49.32,-0.22,0.58,-0.56,62.70,31.05,51.0,30.47,13.54,986.00,-57.83,-1067.50,-638.75,-288.75,1,53.269
1784291504.225638866,01/01/2000,00:18:56.82,-989.75,-45.41,15.14,1.16,0.21,-0.07,61.35,32.40,50.40,30.33,13.54,985.52,-62.83,-568.75,-752.50,-183.75,1,53.269
1784291504.260929108,01/01/2000,00:18:56.86,-1008.30,-40.04,21.00,0.15,1.14,-0.59,62.40,31.80,50.25,30.09,12.32,982.34,-69.66,1540.0,-822.50,-148.75,1,53.270
1784291504.282921791,01/01/2000,00:18:56.88,-1039.06,-44.43,21.48,0.0,-2.92,-0.27,60.45,31.35,50.55,30.52,12.69,983.44,-63.68,778.75,-525.0,-393.75,1,53.270
1784291504.298901558,01/01/2000,00:18:56.90,-994.63,14.65,65.92,0.53,2.60,-0.02,62.40,31.05,51.75,30.33,13.30,985.52,-56.24,-297.50,-778.75,-96.25,1,53.270
1784291504.316416025,01/01/2000,00:18:56.91,-1020.51,-32.71,12.70,-1.16,0.83,-3.31,61.35,30.75,50.40,30.33,13.79,986.61,-53.19,-1373.75,-726.25,-166.25,1,53.270
1784291504.337437391,01/01/2000,00:18:56.93,-1020.02,2.44,-26.86,2.55,-0.73,0.31,61.65,30.60,51.30,30.33,13.42,985.39,-57.10,-288.75,-945.0,-183.75,1,53.269
1784291504.360862732,01/01/2000,00:18:56.95,-1018.07,-51.76,59.08,-0.36,-1.24,0.64,61.35,33.15,51.60,30.33,12.44,983.32,-61.61,1216.25,-1050.0,-245.0,1,53.269
1784291504.389310122,01/01/2000,00:18:56.99,-997.07,-17.09,-62.01,1.27,-1.89,0.76,61.05,32.40,50.85,30.19,12.69,986.49,-53.19,-113.75,-866.25,-236.25,1,53.270
1784291504.411137819,01/01/2000,00:18:57.01,-1015.63,-17.58,24.90,-0.19,1.56,-0.60,61.80,31.65,51.15,30.47,13.42,986.98,-49.29,-1198.75,-857.50,-131.25,1,53.270
1784291504.428476095,01/01/2000,00:18:57.03,-995.12,-22.95,73.24,1.17,-2.66,0.47,61.95,33.0,50.55,30.33,14.03,985.15,-51.48,183.75,-708.75,-78.75,1,53.270
1784291504.462601423,01/01/2000,00:18:57.06,-1042.48,-40.53,91.80,0.22,-1.69,1.11,61.35,31.65,50.40,30.62,12.44,985.88,-54.53,411.25,-770.0,-201.25,1,53.270
1784291504.487709045,01/01/2000,00:18:57.08,-1011.23,-27.34,41.99,1.16,-0.29,1.62,61.05,34.05,50.40,30.52,12.57,986.00,-51.61,61.25,-752.50,-481.25,1,53.269
1784291504.504019737,01/01/2000,00:18:57.10,-1017.09,-23.44,35.64,2.76,2.34,-0.20,60.30,32.85,51.90,30.33,13.66,985.27,-50.26,-323.75,-560.0,-245.0,1,53.270
1784291504.518318892,01/01/2000,00:18:57.11,-1006.35,-41.50,5.37,1.57,-0.40,-1.26,60.45,33.0,49.80,30.19,14.40,985.76,-50.63,-341.25,-761.25,-122.50,1,53.270
1784291504.556518316,01/01/2000,00:18:57.15,-1022.95,-47.36,35.64,-1.36,-0.91,-1.93,59.25,31.80,50.55,30.33,12.93,984.91,-52.34,542.50,-647.50,-210.0,1,53.270
1784291504.577642918,01/01/2000,00:18:57.17,-1047.36,-21.00,29.30,-2.82,-0.73,-0.48,60.90,33.45,50.55,30.28,12.69,985.15,-50.26,122.50,-533.75,-175.0,1,53.270
1784291504.591810226,01/01/2000,00:18:57.19,-1027.83,-18.55,26.86,-0.05,-0.24,1.50,61.65,31.80,51.30,30.33,12.93,986.49,-49.29,-393.75,-778.75,-315.0,1,53.270
1784291504.611816406,01/01/2000,00:18:57.21,-1013.67,1.46,-66.89,1.63,-1.05,0.10,61.65,32.55,50.55,30.43,13.66,986.25,-50.75,-210.0,-953.75,-8.75,1,53.270
1784291504.629680395,01/01/2000,00:18:57.23,-1045.41,-16.60,56.15,0.27,-0.89,0.78,61.20,31.80,52.20,30.19,13.54,984.17,-52.46,560.0,-551.25,-271.25,1,53.270
1784291504.646388054,01/01/2000,00:18:57.24,-1048.83,-14.16,47.36,-1.17,-1.86,0.46,60.90,31.35,51.30,30.43,13.05,985.03,-52.09,542.50,-560.0,-315.0,1,53.270
1784291504.674972057,01/01/2000,00:18:57.26,-1009.28,-41.50,86.91,1.71,0.33,-0.24,61.80,31.20,49.35,30.33,12.57,986.37,-50.63,-140.0,-621.25,-385.0,1,53.270
1784291504.690368891,01/01/2000,00:18:57.29,-1024.41,-13.67,52.73,-1.37,-0.06,1.10,58.35,30.75,51.90,30.62,13.30,985.52,-49.90,-315.0,-691.25,-341.25,1,53.270
1784291504.711112499,01/01/2000,00:18:57.31,-1043.95,-36.62,-55.18,1.56,0.73,-0.82,61.80,33.15,51.15,30.67,13.54,984.91,-51.73,280.0,-700.0,-341.25,1,53.270
1784291504.734096766,01/01/2000,00:18:57.33,-1037.60,-12.21,-26.86,0.82,1.37,-1.12,61.95,31.05,51.0,30.33,13.18,985.52,-51.97,411.25,-656.25,-358.75,1,53.270
1784291504.749765873,01/01/2000,00:18:57.35,-1000.49,-33.20,29.79,0.69,1.94,-0.31,61.65,30.15,49.50,29.95,12.69,985.27,-50.63,35.0,-621.25,-376.25,1,53.270
1784291504.767186880,01/01/2000,00:18:57.36,-1030.27,-41.50,-18.07,1.73,-1.70,-1.82,61.20,33.0,50.25,30.43,12.69,985.15,-49.53,-70.0,-647.50,-332.50,1,53.270
1784291504.783602238,01/01/2000,00:18:57.38,-1025.88,-62.01,135.74,-2.78,1.53,2.61,63.30,33.15,50.85,30.52,13.42,985.88,-50.14,-131.25,-595.0,-157.50,1,53.270
1784291504.800817490,01/01/2000,00:18:57.40,-1021.48,-23.44,95.70,0.29,-0.42,-0.62,61.20,33.0,50.25,30.28,13.54,985.52,-51.36,35.0,-717.50,-78.75,1,53.270
1784291504.826972008,01/01/2000,00:18:57.42,-1009.28,-22.46,38.09,-0.79,-1.18,1.51,61.95,31.35,49.80,30.47,13.42,984.54,-51.36,446.25,-437.50,-157.50,1,53.270
1784291504.839096785,01/01/2000,00:18:57.44,-1044.92,-26.37,6.84,0.39,0.48,1.02,61.05,33.15,50.10,30.62,12.81,985.27,-50.26,166.25,-463.75,-183.75,1,53.270
1784291504.858471632,01/01/2000,00:18:57.45,-1017.58,-24.90,73.73,1.69,-1.86,-1.53,61.05,31.65,50.40,30.47,12.44,986.25,-49.90,-262.50,-735.0,-245.0,1,53.270
1784291504.874439001,01/01/2000,00:18:57.47,-988.77,-32.23,34.67,0.88,-0.57,0.44,61.65,32.55,51.0,30.43,12.93,985.88,-50.51,-35.0,-717.50,-288.75,1,53.270
1784291504.895719051,01/01/2000,00:18:57.49,-1009.28,14.65,-16.11,3.82,1.41,-2.66,62.55,31.95,51.15,30.47,13.54,984.91,-51.48,262.50,-647.50,-131.25,1,53.270
1784291504.911990881,01/01/2000,00:18:57.51,-1039.06,-42.97,19.53,0.28,0.17,0.60,62.55,31.20,51.15,30.28,13.18,985.39,-51.48,551.25,-490.0,-245.0,1,53.270
1784291504.929332972,01/01/2000,00:18:57.53,-1021.97,-23.44,18.55,-2.50,-0.44,-0.89,61.05,31.95,50.10,30.33,12.57,986.25,-50.75,-17.50,-586.25,-201.25,1,53.270
1784291504.952147484,01/01/2000,00:18:57.54,-1006.84,2.93,19.53,0.09,1.01,0.33,61.65,31.80,49.80,30.33,12.44,985.88,-50.39,-350.0,-796.25,-175.0,1,53.270
1784291504.967012405,01/01/2000,00:18:57.56,-1000.49,-37.60,12.70,1.53,0.01,2.34,62.40,33.0,51.0,30.43,12.93,985.39,-51.00,78.75,-472.50,-131.25,1,53.270
1784291504.984668493,01/01/2000,00:18:57.58,-1025.39,-34.67,48.34,0.63,-1.13,0.32,60.90,33.45,51.75,30.43,13.18,985.52,-51.73,148.75,-743.75,-253.75,1,53.270
1784291505.002415419,01/01/2000,00:18:57.60,-1003.42,-17.09,-26.86,0.20,2.11,0.53,60.60,31.65,51.15,30.43,12.93,985.52,-51.48,306.25,-743.75,-192.50,1,53.271
1784291505.023042440,01/01/2000,00:18:57.62,-998.05,9.28,-5.37,-1.97,-1.24,-0.92,61.95,31.80,49.50,30.33,12.69,985.52,-50.39,-105.0,-673.75,-341.25,1,53.271
1784291505.045638084,01/01/2000,00:18:57.64,-1052.25,-11.23,10.25,0.56,-0.62,0.21,61.35,32.40,51.60,30.33,12.69,985.88,-50.26,-140.0,-726.25,-87.50,1,53.270
1784291505.060965061,01/01/2000,00:18:57.65,-994.14,-18.07,-1.46,0.31,1.25,0.22,60.45,32.55,51.30,30.62,12.81,985.88,-50.87,-131.25,-568.75,-288.75,1,53.270
1784291505.077016830,01/01/2000,00:18:57.67,-1004.39,-11.23,13.18,1.73,-1.29,0.92,61.05,33.15,50.40,30.47,13.18,984.91,-51.48,472.50,-630.0,-175.0,1,53.270
1784291505.096031904,01/01/2000,00:18:57.69,-984.38,-31.25,-14.16,0.78,-1.38,0.44,62.40,31.80,50.55,30.33,13.18,985.27,-51.12,253.75,-595.0,-367.50,1,53.270
1784291505.113299370,01/01/2000,00:18:57.71,-1016.11,-29.30,-15.63,0.02,0.02,-2.55,62.40,33.0,51.30,30.28,12.81,985.88,-50.51,-148.75,-752.50,-288.75,1,53.271
1784291505.130520105,01/01/2000,00:18:57.73,-1026.86,-23.93,19.04,1.19,2.42,-0.68,62.70,33.0,49.50,30.33,12.81,985.88,-50.02,-105.0,-595.0,-280.0,1,53.271
1784291505.147356510,01/01/2000,00:18:57.74,-1009.77,-48.34,63.48,-3.30,-1.48,0.24,61.20,31.80,50.55,30.33,12.93,985.39,-50.75,148.75,-796.25,-140.0,1,53.271
1784291505.170027971,01/01/2000,00:18:57.77,-1001.46,-25.39,-1.95,-0.82,3.18,-0.08,62.55,30.45,52.35,30.33,13.18,985.27,-51.48,262.50,-498.75,-148.75,1,53.271
1784291505.185371637,01/01/2000,00:18:57.78,-1022.95,-43.46,56.64,-1.0,-0.24,-0.79,61.05,31.95,51.15,30.47,12.93,985.52,-51.00,192.50,-630.0,-253.75,1,53.271
1784291505.216368437,01/01/2000,00:18:57.81,-992.19,-32.23,60.55,-1.31,-1.15,-0.16,60.90,29.85,52.50,30.33,13.05,985.52,-50.39,-78.75,-673.75,-35.0,1,53.270
1784291505.232710600,01/01/2000,00:18:57.83,-997.56,-46.39,79.59,-0.66,-0.17,-0.92,61.95,32.25,51.75,30.33,12.69,985.52,-51.00,43.75,-752.50,-175.0,1,53.270
1784291505.249581337,01/01/2000,00:18:57.85,-1025.88,-24.90,-42.97,0.82,0.92,-0.15,62.40,32.55,51.0,30.33,13.05,985.27,-51.36,140.0,-673.75,-210.0,1,53.270
1784291505.266597986,01/01/2000,00:18:57.86,-1005.37,-0.49,70.31,0.34,0.90,-1.70,61.95,33.45,51.0,30.28,13.05,985.03,-51.36,253.75,-665.0,-227.50,1,53.270
1784291505.284237862,01/01/2000,00:18:57.88,-1026.37,-41.99,-50.78,-1.26,-0.54,1.44,60.90,30.60,51.0,30.33,13.05,985.52,-50.75,52.50,-647.50,-245.0,1,53.270
1784291505.309282064,01/01/2000,00:18:57.90,-1069.34,-1.46,-23.44,3.56,1.76,-3.24,61.05,33.15,49.65,30.47,12.81,986.13,-51.00,-288.75,-700.0,-297.50,1,53.270
1784291505.324280739,01/01/2000,00:18:57.92,-1040.04,-33.69,162.60,-1.36,0.40,-0.24,61.80,32.40,51.15,30.33,12.57,986.61,-53.80,-595.0,-1085.0,-175.0,1,53.270
1784291505.341281891,01/01/2000,00:18:57.94,-1040.53,-6.84,8.79,0.34,-2.42,-0.22,60.30,33.15,50.10,30.33,12.20,984.66,-57.71,717.50,-1207.50,-271.25,1,53.271
1784291505.358327389,01/01/2000,00:18:57.96,-1013.67,-43.46,41.50,2.20,-1.07,-2.95,61.65,31.35,50.55,30.47,12.69,984.17,-58.32,656.25,-1128.75,-350.0,1,53.270
1784291505.397889137,01/01/2000,00:18:57.99,-1027.83,-39.55,108.89,-0.82,-1.0,0.38,61.95,32.55,50.25,30.43,14.64,985.52,-59.90,-245.0,358.75,-192.50,1,53.270
1784291505.419673681,01/01/2000,00:18:58.01,-996.58,1.46,98.14,0.33,1.82,-0.76,63.0,32.40,49.35,30.33,14.52,984.66,-63.20,700.0,280.0,-96.25,1,53.270
1784291505.436926842,01/01/2000,00:18:58.03,-1024.90,0.49,86.91,-2.40,0.26,2.09,61.95,31.80,51.0,30.47,13.54,985.15,-62.95,288.75,-551.25,-113.75,1,53.271
1784291505.452618122,01/01/2000,00:18:58.05,-1029.30,-10.74,10.74,0.45,2.18,-0.71,61.80,32.85,50.85,30.47,13.66,985.03,-62.22,-577.50,78.75,-218.75,1,53.271
1784291505.469649553,01/01/2000,00:18:58.07,-1044.43,-31.25,83.98,2.86,-0.52,-1.76,60.90,31.35,51.0,30.19,13.30,984.30,-64.17,-166.25,157.50,-332.50,1,53.271
1784291505.486743212,01/01/2000,00:18:58.08,-1026.86,-26.37,73.73,2.98,-2.61,1.31,61.80,30.75,51.15,30.67,12.93,984.17,-66.49,778.75,-323.75,-288.75,1,53.271
1784291505.512682915,01/01/2000,00:18:58.10,-987.30,-6.84,46.39,0.37,-0.39,-0.46,61.95,28.95,52.50,30.43,13.42,985.27,-64.17,446.25,-428.75,-218.75,1,53.270
1784291505.526682377,01/01/2000,00:18:58.12,-1027.83,-25.39,31.74,1.92,0.63,2.16,62.25,31.95,51.15,30.33,13.18,985.27,-61.0,-61.25,-490.0,-306.25,1,53.270
1784291505.544125795,01/01/2000,00:18:58.14,-1017.09,-22.95,-28.81,0.11,-0.82,-0.11,61.65,32.25,48.75,30.47,12.81,985.03,-57.71,-218.75,-647.50,-175.0,1,53.271
1784291505.560065269,01/01/2000,00:18:58.16,-1056.15,-34.67,89.84,1.07,0.34,-0.79,61.20,33.75,50.55,30.33,12.69,985.64,-56.73,-271.25,-752.50,-166.25,1,53.271
1784291505.581407785,01/01/2000,00:18:58.18,-1001.46,-23.44,-83.98,3.44,1.72,-0.76,60.60,31.95,50.10,29.95,13.42,986.37,-57.83,-315.0,-586.25,-175.0,1,53.271
1784291505.598388433,01/01/2000,00:18:58.20,-1013.18,-60.55,17.58,3.18,-1.53,0.20,62.40,33.45,49.05,30.52,13.42,985.52,-59.54,148.75,-603.75,-61.25,1,53.271
1784291505.615702868,01/01/2000,00:18:58.21,-1002.93,-16.11,7.32,1.18,0.28,-1.91,62.55,31.65,50.10,30.33,13.30,984.30,-59.54,787.50,-507.50,-210.0,1,53.271
1784291505.638294220,01/01/2000,00:18:58.23,-977.54,-33.69,43.95,-0.69,0.31,-0.31,62.70,32.25,49.80,30.47,13.05,984.54,-57.10,621.25,-463.75,-253.75,1,53.271
1784291505.655230999,01/01/2000,00:18:58.25,-1025.88,-13.67,-18.07,0.83,-2.02,-3.02,61.95,32.25,51.0,30.33,12.44,985.76,-52.09,-140.0,-612.50,-253.75,1,53.270
1784291505.671296597,01/01/2000,00:18:58.27,-1037.60,-21.48,-41.50,1.15,-0.92,1.21,63.0,31.65,50.10,30.09,12.69,986.74,-49.78,-367.50,-813.75,-306.25,1,53.271
1784291505.688445330,01/01/2000,00:18:58.29,-994.63,-43.46,23.93,1.60,1.18,-0.52,62.40,34.20,49.50,30.43,13.18,986.98,-49.90,-332.50,-708.75,-253.75,1,53.271
1784291505.718267441,01/01/2000,00:18:58.32,-989.75,-2.93,5.37,0.44,0.42,-4.99,63.90,31.35,51.0,30.52,13.42,985.03,-54.29,140.0,-472.50,-43.75,1,53.270
1784291505.756837845,01/01/2000,00:18:58.35,-1054.20,-32.71,-44.43,-2.14,0.46,0.50,60.60,31.20,51.60,30.47,12.57,986.00,-50.87,210.0,-612.50,-131.25,1,53.270
1784291505.780054092,01/01/2000,00:18:58.37,-1014.65,-38.57,24.41,1.74,1.33,0.93,61.35,32.40,50.10,30.33,12.69,987.96,-46.48,-1015.0,-840.0,-297.50,1,53.270
1784291505.796067953,01/01/2000,00:18:58.39,-1006.84,-12.70,24.90,-2.21,2.15,-0.56,61.80,32.85,50.10,30.47,13.42,985.88,-47.95,-682.50,-936.25,-148.75,1,53.270
1784291505.812582493,01/01/2000,00:18:58.41,-1021.00,-13.18,56.15,0.59,2.22,0.01,59.85,34.05,51.90,30.28,13.42,984.05,-52.22,262.50,-735.0,-271.25,1,53.270
1784291505.830003262,01/01/2000,00:18:58.43,-990.72,-12.70,-1.95,0.63,-0.44,0.42,61.65,33.0,51.75,30.19,13.05,983.81,-55.02,778.75,-428.75,-245.0,1,53.270
1784291505.847182274,01/01/2000,00:18:58.44,-1016.11,-13.18,-75.20,2.73,0.93,0.30,61.80,33.15,50.40,30.43,12.44,984.42,-54.53,787.50,-551.25,-358.75,1,53.270
1784291505.872550964,01/01/2000,00:18:58.47,-1003.91,-30.27,10.25,-1.33,0.08,1.18,60.90,30.60,53.70,30.62,12.81,986.00,-50.26,-105.0,-735.0,-262.50,1,53.270
1784291505.887428522,01/01/2000,00:18:58.48,-1003.91,-36.13,35.16,1.56,0.95,-0.34,60.90,30.60,53.70,29.95,13.18,986.13,-47.70,-708.75,-883.75,-192.50,1,53.270
1784291505.902809381,01/01/2000,00:18:58.50,-987.79,-38.57,47.85,-0.90,-0.70,-1.16,61.95,31.05,51.0,30.33,13.66,984.78,-48.92,-210.0,-717.50,-96.25,1,53.271
1784291505.923810482,01/01/2000,00:18:58.52,-1030.27,-5.37,74.71,0.08,-1.99,-0.30,63.30,34.05,48.90,30.52,13.42,984.66,-51.00,393.75,-490.0,-183.75,1,53.270
1784291505.940699577,01/01/2000,00:18:58.54,-1022.95,-40.04,15.63,1.04,2.16,-0.94,61.20,32.25,51.30,30.47,12.93,986.49,-51.36,245.0,-630.0,-236.25,1,53.271
1784291505.958957911,01/01/2000,00:18:58.55,-1032.71,-21.97,-53.22,-0.23,-0.89,1.41,61.20,33.45,51.75,30.28,12.93,986.98,-50.87,-201.25,-787.50,-288.75,1,53.270
1784291505.979660749,01/01/2000,00:18:58.57,-996.58,-31.74,79.59,-0.89,-1.16,-0.89,61.20,33.45,51.75,30.33,13.18,985.52,-50.87,105.0,-743.75,-148.75,1,53.270
1784291505.996156931,01/01/2000,00:18:58.59,-1019.53,-19.53,70.31,0.12,0.47,1.0,61.65,32.55,50.55,30.33,13.54,985.03,-50.87,280.0,-542.50,-140.0,1,53.270
1784291506.014174700,01/01/2000,00:18:58.61,-986.33,7.32,-2.44,-0.19,1.29,1.35,61.20,32.25,49.80,30.47,13.42,986.00,-50.51,-122.50,-656.25,-315.0,1,53.270
1784291506.030710220,01/01/2000,00:18:58.63,-1000.0,-3.91,11.23,-0.40,-0.43,0.67,61.80,32.85,51.60,29.99,13.18,986.13,-50.75,26.25,-525.0,-192.50,1,53.271
1784291506.048006773,01/01/2000,00:18:58.64,-1020.02,-41.50,-2.44,1.14,2.69,-0.91,61.80,32.85,51.60,30.19,12.93,985.64,-50.75,157.50,-770.0,-236.25,1,53.271
1784291506.074194431,01/01/2000,00:18:58.67,-1012.70,-29.79,39.55,0.63,0.02,-0.07,61.20,31.80,50.25,30.43,13.30,985.52,-50.51,-17.50,-805.0,-227.50,1,53.271
1784291506.088489294,01/01/2000,00:18:58.68,-1023.93,-15.14,2.93,0.44,-0.23,0.11,61.95,32.55,50.55,30.28,13.66,985.15,-51.00,-262.50,-638.75,-201.25,1,53.271
1784291506.104545116,01/01/2000,00:18:58.70,-1004.88,-8.30,16.60,1.16,-1.89,-2.32,62.70,32.55,49.05,30.33,13.30,984.54,-51.48,682.50,-708.75,-26.25,1,53.270
1784291506.120023251,01/01/2000,00:18:58.72,-1032.71,-38.57,1.46,2.05,-1.58,-1.66,63.15,33.0,51.30,30.33,12.93,985.76,-49.90,490.0,-805.0,-183.75,1,53.271
1784291506.141242027,01/01/2000,00:18:58.74,-977.05,-30.76,71.29,-0.16,2.49,0.99,61.80,33.60,50.85,30.33,13.18,986.98,-47.82,-551.25,-700.0,-201.25,1,53.271
1784291506.158801317,01/01/2000,00:18:58.76,-979.98,-7.81,59.57,-3.73,-0.08,-0.80,61.35,32.40,51.15,30.19,13.30,986.13,-48.80,-630.0,-778.75,-297.50,1,53.271
1784291506.183325529,01/01/2000,00:18:58.77,-1032.23,-38.57,-7.81,3.23,-2.38,0.69,61.20,31.35,51.30,30.33,13.42,984.54,-51.36,140.0,-752.50,-157.50,1,53.271
1784291506.197803974,01/01/2000,00:18:58.79,-1016.11,-5.86,45.90,0.35,-0.25,-0.40,61.80,33.60,51.15,30.28,13.18,984.66,-52.95,516.25,-551.25,-253.75,1,53.271
1784291506.214808464,01/01/2000,00:18:58.81,-1029.30,-14.16,-51.76,0.60,0.05,-1.95,61.20,33.0,50.55,30.43,13.05,985.15,-52.46,262.50,-542.50,-280.0,1,53.271
1784291506.244095802,01/01/2000,00:18:58.84,-1024.41,-40.04,66.89,1.04,-0.85,2.73,60.90,31.05,52.20,30.62,13.18,985.39,-49.41,-131.25,-691.25,-280.0,1,53.271
1784291506.260107517,01/01/2000,00:18:58.86,-1000.49,-28.32,59.08,2.91,0.79,-1.27,62.70,30.60,51.0,30.43,13.42,985.27,-48.92,-297.50,-901.25,-183.75,1,53.271
1784291506.281821728,01/01/2000,00:18:58.88,-998.05,-16.60,41.50,2.08,-1.13,1.10,62.40,32.55,51.75,30.47,13.30,985.76,-50.26,253.75,-700.0,-297.50,1,53.270
1784291506.299104452,01/01/2000,00:18:58.90,-1012.21,-36.13,48.34,-1.95,-0.94,0.02,61.65,32.55,50.25,30.33,13.30,987.22,-50.75,297.50,-726.25,-358.75,1,53.270
1784291506.322227716,01/01/2000,00:18:58.91,-1005.86,6.84,-84.96,-1.92,-0.21,2.92,62.55,32.40,50.10,30.43,13.30,987.47,-50.26,-280.0,-621.25,-236.25,1,53.270
1784291506.338360310,01/01/2000,00:18:58.93,-1004.88,-33.69,12.21,1.46,-1.06,3.62,61.95,32.55,51.30,30.43,13.18,985.88,-50.26,-271.25,-778.75,-166.25,1,53.270
1784291506.354327440,01/01/2000,00:18:58.95,-1030.27,-29.79,73.24,1.15,-0.50,-0.96,62.55,32.40,51.15,30.28,13.30,984.66,-51.36,175.0,-691.25,-306.25,1,53.270
1784291506.372253180,01/01/2000,00:18:58.97,-1017.09,-16.60,15.14,1.43,-2.98,1.30,61.65,32.55,50.25,30.62,13.30,984.91,-52.09,323.75,-577.50,-183.75,1,53.271
1784291506.389360428,01/01/2000,00:18:58.99,-1030.27,-13.67,-112.79,-1.61,2.19,0.30,62.40,33.45,51.0,29.99,13.18,986.37,-51.61,393.75,-682.50,-218.75,1,53.271
1784291506.415419340,01/01/2000,00:18:59.01,-991.70,-24.41,53.22,-1.08,-1.48,-1.10,63.30,30.75,51.90,30.47,13.30,986.98,-49.04,96.25,-752.50,-87.50,1,53.271
1784291506.430500507,01/01/2000,00:18:59.02,-996.58,-24.90,100.10,-1.02,1.40,-1.53,63.0,32.40,51.90,30.52,13.30,986.74,-47.95,-455.0,-752.50,-52.50,1,53.270
1784291506.449068069,01/01/2000,00:18:59.04,-994.63,-47.36,-12.70,1.18,-2.13,-0.09,63.0,32.85,50.40,30.33,13.42,985.27,-48.19,-455.0,-673.75,-288.75,1,53.270
1784291506.462115765,01/01/2000,00:18:59.06,-1029.30,-17.58,30.27,0.56,1.24,-0.02,63.0,33.15,51.60,30.19,13.42,984.78,-49.90,218.75,-708.75,-175.0,1,53.271
1784291506.483077288,01/01/2000,00:18:59.08,-1025.88,5.86,-30.27,1.45,-1.50,0.68,62.55,32.40,51.60,30.62,13.18,986.25,-51.00,402.50,-533.75,-376.25,1,53.271
1784291506.500069380,01/01/2000,00:18:59.10,-1036.13,-45.41,84.47,0.63,0.65,0.54,62.55,31.95,50.40,30.43,13.18,986.74,-51.12,-35.0,-673.75,-227.50,1,53.271
1784291506.517354012,01/01/2000,00:18:59.11,-996.09,-53.22,51.27,0.68,-1.11,-0.73,63.15,32.25,52.20,30.47,13.18,985.52,-51.00,-148.75,-770.0,-218.75,1,53.271
1784291506.539773464,01/01/2000,00:18:59.13,-1018.55,-41.02,-22.46,-0.82,-0.63,0.82,62.55,31.20,51.90,30.33,13.42,982.95,-50.63,201.25,-743.75,-148.75,1,53.271
1784291506.556023359,01/01/2000,00:18:59.15,-1030.27,-2.44,-50.29,0.87,0.37,-0.82,62.40,32.25,51.30,30.52,13.30,983.81,-49.90,105.0,-542.50,-175.0,1,53.271
1784291506.573138952,01/01/2000,00:18:59.17,-1032.71,-27.34,-22.46,0.15,3.35,0.83,61.35,34.05,51.15,30.47,13.05,986.25,-49.90,-157.50,-656.25,-271.25,1,53.270
1784291506.590129137,01/01/2000,00:18:59.19,-1017.58,-37.11,39.55,1.91,-1.23,-3.24,63.75,33.60,50.85,30.19,12.93,988.32,-50.26,-78.75,-752.50,-148.75,1,53.271
1784291506.618085623,01/01/2000,00:18:59.21,-986.82,-0.49,33.20,0.06,-0.50,-0.76,62.70,33.75,49.80,30.19,13.54,986.98,-50.63,210.0,-656.25,-183.75,1,53.271
1784291506.633264542,01/01/2000,00:18:59.23,-1001.46,-11.72,32.23,-3.46,2.49,-0.15,63.0,31.65,51.15,30.52,13.91,984.91,-50.02,280.0,-551.25,-166.25,1,53.271
1784291506.649627209,01/01/2000,00:18:59.24,-1011.23,-13.18,15.14,0.73,-1.41,0.93,63.0,33.15,50.85,30.47,13.42,985.27,-49.04,332.50,-481.25,-245.0,1,53.271
1784291506.664967537,01/01/2000,00:18:59.26,-1032.71,-17.58,-31.74,-0.60,-0.34,-0.77,63.0,31.95,52.35,30.43,13.18,986.74,-48.56,-638.75,-770.0,-166.25,1,53.271
1784291506.685084105,01/01/2000,00:18:59.28,-1002.44,-24.90,74.22,-2.12,-0.34,1.53,62.55,33.60,49.65,30.09,13.18,987.59,-49.29,-402.50,-735.0,-271.25,1,53.271
1784291506.702157497,01/01/2000,00:18:59.30,-996.09,-7.81,-16.11,0.46,-0.08,0.36,61.80,31.65,51.15,30.09,13.42,986.00,-50.75,-61.25,-796.25,-227.50,1,53.271
1784291506.719321012,01/01/2000,00:18:59.32,-982.42,-23.44,-2.44,1.12,-0.18,-1.53,62.55,32.40,50.85,30.19,14.03,984.30,-51.85,455.0,-577.50,-166.25,1,53.271
1784291506.736694336,01/01/2000,00:18:59.33,-1017.09,-18.07,64.45,-1.20,-0.56,-3.0,61.80,31.65,50.85,30.43,13.91,984.05,-51.73,682.50,-507.50,-131.25,1,53.271
1784291506.783722401,01/01/2000,00:18:59.38,-996.09,-38.09,43.46,0.65,1.51,0.31,62.40,34.65,51.0,30.47,13.18,986.86,-48.43,-665.0,-822.50,-201.25,1,53.270
1784291506.800154924,01/01/2000,00:18:59.40,-1034.18,-38.57,34.67,-1.30,0.89,-2.02,63.0,32.85,51.15,30.19,13.66,985.03,-49.29,-113.75,-691.25,-113.75,1,53.271
1784291506.821684837,01/01/2000,00:18:59.41,-1021.00,-42.97,-52.73,-2.21,-2.44,1.71,62.55,34.05,50.40,30.43,13.66,983.69,-49.78,813.75,-612.50,-183.75,1,53.271
1784291506.856684208,01/01/2000,00:18:59.45,-1020.02,-32.71,5.86,-0.84,0.68,2.22,63.0,32.40,50.10,30.52,13.05,988.32,-48.68,-840.0,-682.50,-148.75,1,53.271
1784291506.873509884,01/01/2000,00:18:59.47,-1017.09,-21.00,77.64,-1.44,0.79,0.26,63.0,31.95,50.85,30.52,12.93,987.71,-49.53,-577.50,-805.0,-218.75,1,53.270
1784291506.895441532,01/01/2000,00:18:59.49,-1000.98,-24.90,114.75,1.73,-2.39,-0.63,62.70,32.55,51.30,30.47,13.30,984.91,-51.00,883.75,-560.0,-175.0,1,53.270
1784291506.912902594,01/01/2000,00:18:59.51,-1013.67,-32.23,29.79,0.73,-0.45,-0.18,61.95,33.0,50.55,30.33,13.54,984.17,-51.12,796.25,-647.50,-253.75,1,53.271
1784291506.946345568,01/01/2000,00:18:59.54,-1054.69,-6.35,12.70,-1.38,3.39,1.56,63.60,34.20,51.30,30.28,13.05,987.71,-48.56,-463.75,-752.50,-306.25,1,53.271
1784291506.974128008,01/01/2000,00:18:59.56,-988.28,-52.25,86.91,-1.22,0.29,0.08,62.25,33.60,51.15,30.62,13.05,986.86,-49.04,-262.50,-638.75,-253.75,1,53.271
1784291506.988365412,01/01/2000,00:18:59.58,-1007.81,-18.55,19.04,-0.84,-3.39,-0.89,63.15,32.55,51.30,29.99,13.18,985.27,-49.90,332.50,-735.0,-262.50,1,53.271
1784291507.002523661,01/01/2000,00:18:59.60,-1025.88,-12.21,57.62,-0.67,-2.14,-1.98,62.25,33.15,48.90,30.43,13.54,985.39,-50.14,323.75,-586.25,-96.25,1,53.271
1784291507.022194386,01/01/2000,00:18:59.62,-1002.93,-36.62,51.76,1.31,1.04,-0.48,63.15,34.20,50.55,29.99,13.42,986.37,-49.65,-341.25,-778.75,-201.25,1,53.271
1784291507.059046984,01/01/2000,00:18:59.66,-999.51,-44.92,42.48,-0.66,0.01,-0.98,63.60,31.80,51.30,29.99,12.93,982.83,-50.87,236.25,-700.0,-271.25,1,53.271
1784291507.084925890,01/01/2000,00:18:59.67,-1011.23,-15.63,71.78,-0.97,-0.15,2.85,61.20,32.25,50.25,30.47,12.69,981.98,-51.24,665.0,-568.75,-218.75,1,53.271
1784291507.119906187,01/01/2000,00:18:59.71,-1041.99,-13.18,-19.04,2.98,1.89,1.74,61.05,32.85,51.90,30.33,13.05,988.20,-48.80,-105.0,-735.0,-245.0,1,53.271
1784291507.136738300,01/01/2000,00:18:59.73,-1015.14,-37.60,9.28,1.47,0.99,-1.24,63.75,33.15,51.90,30.33,13.42,988.93,-48.56,-761.25,-630.0,-236.25,1,53.271
1784291507.152754784,01/01/2000,00:18:59.75,-1038.09,-30.27,10.25,0.01,-1.34,-0.61,63.60,33.0,50.55,30.67,13.79,987.22,-49.17,-166.25,-586.25,-140.0,1,53.271
1784291507.187487125,01/01/2000,00:18:59.78,-1002.93,-26.37,46.39,0.60,-0.11,-0.25,62.40,32.25,52.20,30.33,12.93,985.52,-50.14,253.75,-708.75,-236.25,1,53.271
1784291507.206439972,01/01/2000,00:18:59.80,-1058.59,-24.41,29.30,-0.61,0.66,-0.66,61.80,31.20,50.85,30.52,13.05,986.13,-49.53,-288.75,-656.25,-183.75,1,53.271
1784291507.221623421,01/01/2000,00:18:59.82,-1010.74,-36.62,81.54,0.48,-0.50,0.71,62.70,32.25,50.25,30.28,13.05,985.76,-49.65,-341.25,-770.0,-175.0,1,53.272
1784291507.242382526,01/01/2000,00:18:59.84,-1007.81,-38.57,61.04,-1.02,-0.34,-0.08,63.60,33.45,50.25,30.43,13.66,984.66,-50.02,192.50,-603.75,-78.75,1,53.272
1784291507.268470526,01/01/2000,00:18:59.86,-1032.23,-34.18,39.06,-3.04,-0.20,0.66,63.30,32.40,50.10,29.99,13.42,985.27,-50.39,350.0,-787.50,-227.50,1,53.271
1784291507.287546635,01/01/2000,00:18:59.89,-1023.44,5.86,29.79,0.40,1.0,0.14,63.15,32.55,51.30,30.19,12.93,985.76,-49.78,210.0,-735.0,-297.50,1,53.271
1784291507.325972319,01/01/2000,00:18:59.92,-1034.18,-21.97,7.81,3.27,-0.02,0.63,63.30,32.40,50.10,30.14,13.18,983.32,-48.31,157.50,-656.25,-201.25,1,53.271
1784291507.342967749,01/01/2000,00:18:59.94,-1057.13,-40.53,25.39,-0.48,-1.33,-0.86,63.15,34.65,51.0,30.47,13.54,984.54,-48.56,-26.25,-595.0,-148.75,1,53.270
1784291507.364473343,01/01/2000,00:18:59.96,-1014.16,-44.92,28.32,-0.29,-1.05,-0.21,63.60,33.0,51.75,30.28,13.18,987.47,-49.41,-271.25,-831.25,-140.0,1,53.271
1784291507.381784678,01/01/2000,00:18:59.98,-1023.93,-9.28,0.49,3.41,0.49,1.37,64.95,31.95,51.60,30.52,13.54,988.32,-50.39,183.75,-700.0,-245.0,1,53.271
1784291507.416016817,01/01/2000,00:19:00.01,-1011.72,-32.71,-0.98,-2.55,3.84,-0.02,64.50,31.65,51.15,30.47,13.66,984.54,-49.78,157.50,-560.0,-271.25,1,53.271
1784291507.441733122,01/01/2000,00:19:00.03,-1020.51,-6.35,-72.75,1.21,-3.39,-0.42,63.30,33.60,51.15,30.43,13.30,983.69,-49.04,315.0,-586.25,-192.50,1,53.271
1784291507.453739882,01/01/2000,00:19:00.05,-1035.64,-34.18,32.71,0.36,-0.36,-0.05,63.15,33.0,51.0,30.67,12.93,986.25,-48.43,-140.0,-525.0,-271.25,1,53.271
1784291507.470830202,01/01/2000,00:19:00.07,-1028.81,-7.81,54.69,1.35,2.47,0.65,63.90,33.0,52.20,30.19,12.93,987.59,-48.68,-507.50,-813.75,-288.75,1,53.271
1784291507.488434315,01/01/2000,00:19:00.09,-984.86,-19.53,-11.72,2.96,-0.89,0.34,64.05,33.15,51.15,30.47,13.66,987.10,-49.41,-43.75,-665.0,-323.75,1,53.271
1784291507.506337166,01/01/2000,00:19:00.10,-1029.79,-31.25,-8.30,2.08,-0.05,1.04,62.25,32.85,51.15,30.52,13.54,986.25,-49.53,227.50,-918.75,-148.75,1,53.271
1784291507.530849934,01/01/2000,00:19:00.12,-1000.98,-28.81,34.67,-0.93,-0.39,0.13,64.05,31.95,51.60,29.99,13.42,985.76,-49.29,-26.25,-700.0,-166.25,1,53.271
1784291507.562098980,01/01/2000,00:19:00.16,-1024.41,-47.85,-24.90,1.41,-2.10,-0.37,64.65,33.45,51.75,30.43,12.81,982.22,-48.43,-148.75,-787.50,-236.25,1,53.272
1784291507.582666397,01/01/2000,00:19:00.18,-1019.53,-17.58,-1.46,-0.58,2.32,-0.07,64.65,31.05,51.75,30.47,13.18,984.78,-49.65,-288.75,-875.0,-210.0,1,53.271
1784291507.599804401,01/01/2000,00:19:00.20,-1047.36,-43.46,-23.44,1.89,0.16,0.49,63.15,33.45,51.30,30.28,13.18,987.22,-51.48,262.50,-936.25,-271.25,1,53.271
1784291507.633932829,01/01/2000,00:19:00.23,-1011.23,-46.88,49.32,-0.64,-1.68,-0.92,63.0,33.15,51.15,30.33,13.91,987.71,-50.51,376.25,-883.75,-96.25,1,53.271
1784291507.661162138,01/01/2000,00:19:00.25,-993.65,-42.97,-23.44,2.60,0.47,0.37,63.60,32.25,51.75,30.33,13.91,985.64,-47.09,-393.75,-621.25,-280.0,1,53.271
1784291507.676118612,01/01/2000,00:19:00.27,-1010.25,-39.06,28.32,1.34,1.04,-0.85,63.75,32.85,50.40,30.43,13.42,985.27,-46.36,-936.25,-778.75,-201.25,1,53.272
1784291507.690696239,01/01/2000,00:19:00.29,-1010.74,-20.51,111.33,1.44,1.98,1.23,63.15,32.55,51.0,30.52,13.05,985.52,-48.43,-603.75,-638.75,-280.0,1,53.272
1784291507.706550360,01/01/2000,00:19:00.30,-1025.88,-23.93,41.99,1.34,-2.54,0.66,64.35,31.80,51.30,30.33,12.93,985.52,-51.61,560.0,-822.50,-105.0,1,53.272
1784291507.728959799,01/01/2000,00:19:00.32,-1016.11,-34.67,14.65,0.21,0.59,-2.71,62.40,32.25,51.30,30.47,13.54,985.76,-52.46,1102.50,-857.50,-253.75,1,53.271
1784291507.763209105,01/01/2000,00:19:00.36,-1032.71,-5.86,21.97,-2.19,-0.66,0.38,61.35,32.85,51.15,30.47,13.79,983.20,-46.36,-210.0,-612.50,-288.75,1,53.272
1784291507.797940731,01/01/2000,00:19:00.39,-1019.53,-15.14,23.93,-0.60,-2.21,-0.60,62.70,32.55,49.05,30.52,12.93,985.03,-45.87,-1470.0,-700.0,-192.50,1,53.271
1784291507.815546036,01/01/2000,00:19:00.41,-1026.37,1.95,7.32,2.48,-0.67,-0.27,61.65,31.05,54.0,30.33,12.69,987.10,-49.78,-297.50,-787.50,-306.25,1,53.271
1784291507.826770306,01/01/2000,00:19:00.42,-1017.58,-49.32,0.49,1.27,-0.51,1.23,62.55,31.65,51.60,30.43,13.18,988.44,-52.83,1242.50,-700.0,-271.25,1,53.271
1784291507.846214056,01/01/2000,00:19:00.44,-1012.21,-20.02,-3.91,1.61,0.31,0.02,63.30,31.65,50.85,30.33,13.91,987.47,-51.85,892.50,-752.50,-218.75,1,53.271
1784291507.865463018,01/01/2000,00:19:00.46,-989.26,-21.48,35.64,-2.01,1.34,0.10,62.40,31.80,51.0,30.19,14.64,985.52,-47.82,-367.50,-498.75,-113.75,1,53.271
1784291507.900242090,01/01/2000,00:19:00.50,-1009.28,-14.65,-3.42,3.07,2.78,-0.26,63.15,33.0,52.50,30.52,12.69,984.54,-47.82,-463.75,-656.25,-201.25,1,53.271
1784291507.922246218,01/01/2000,00:19:00.51,-1021.00,0.0,-18.55,-1.14,-0.61,-0.63,64.05,32.85,50.85,30.62,12.32,986.00,-50.14,183.75,-717.50,-367.50,1,53.271
1784291507.938376427,01/01/2000,00:19:00.54,-1028.32,-18.55,-13.67,-0.18,-0.07,1.40,63.30,33.15,52.35,30.28,13.18,986.49,-50.75,997.50,-918.75,-218.75,1,53.271
1784291507.956372738,01/01/2000,00:19:00.55,-995.12,-17.09,-46.88,-0.66,-1.81,-0.15,61.65,33.0,52.20,30.33,13.66,985.52,-49.17,726.25,-761.25,-236.25,1,53.271
1784291507.973400354,01/01/2000,00:19:00.57,-995.12,-5.86,11.23,-1.0,1.15,0.44,65.85,32.25,51.30,30.33,14.27,984.78,-45.87,113.75,-533.75,-297.50,1,53.271
1784291507.994580507,01/01/2000,00:19:00.59,-996.09,-35.16,23.44,0.44,2.14,1.06,63.15,33.45,51.0,30.33,13.42,986.98,-44.65,-1618.75,-560.0,-210.0,1,53.271
1784291508.015927315,01/01/2000,00:19:00.61,-1024.90,-17.58,48.83,0.62,-1.32,-2.50,63.60,32.25,51.30,30.33,12.69,986.74,-47.95,-971.25,-630.0,-227.50,1,53.272
1784291508.031578541,01/01/2000,00:19:00.63,-1016.11,-14.65,-29.30,1.54,-0.77,0.08,63.60,32.25,51.30,30.19,12.44,985.88,-52.58,1163.75,-752.50,-367.50,1,53.272
1784291508.046773911,01/01/2000,00:19:00.64,-1013.18,-57.13,3.91,-2.94,-2.07,-2.22,64.35,32.55,51.30,30.28,12.93,985.76,-53.80,1653.75,-717.50,-166.25,1,53.271
1784291508.085095167,01/01/2000,00:19:00.68,-1005.86,-15.63,-9.77,3.30,0.06,0.37,64.35,33.75,51.30,30.47,14.03,986.00,-46.36,-1058.75,-822.50,-148.75,1,53.271
1784291508.107560396,01/01/2000,00:19:00.70,-1020.51,-31.74,-9.28,-1.34,2.06,2.30,64.35,32.55,51.30,30.09,13.54,984.05,-45.87,-962.50,-542.50,-113.75,1,53.272
1784291508.119845390,01/01/2000,00:19:00.72,-1011.72,-11.72,37.11,-1.65,-0.94,-1.42,64.35,32.55,51.30,30.43,12.93,984.05,-47.95,87.50,-603.75,-288.75,1,53.272
1784291508.140476465,01/01/2000,00:19:00.74,-1009.77,-21.97,-17.58,-0.32,-0.90,-3.09,64.65,31.80,51.0,30.33,12.69,987.22,-50.14,463.75,-892.50,-297.50,1,53.272
1784291508.158244371,01/01/2000,00:19:00.76,-973.14,-35.16,-13.67,1.03,-3.27,-0.67,63.60,33.0,52.50,30.47,13.66,986.61,-49.90,630.0,-857.50,-323.75,1,53.272
1784291508.175484180,01/01/2000,00:19:00.77,-996.58,-16.11,21.97,1.88,1.61,1.13,62.70,32.25,51.0,30.71,14.03,984.30,-47.46,516.25,-708.75,-218.75,1,53.272
1784291508.213922739,01/01/2000,00:19:00.81,-1041.02,-45.90,34.18,-2.61,-0.04,-0.56,64.50,32.40,51.60,30.52,13.42,986.74,-46.85,-918.75,-568.75,-175.0,1,53.271
1784291508.234225512,01/01/2000,00:19:00.83,-1022.46,-3.42,-7.81,-1.24,0.72,0.79,65.10,32.40,51.60,29.99,12.81,987.47,-50.02,-166.25,-840.0,-297.50,1,53.272
1784291508.248223782,01/01/2000,00:19:00.85,-1019.53,-3.42,-25.39,0.81,-2.54,-1.04,63.60,32.55,50.55,30.19,12.93,986.37,-51.85,1058.75,-875.0,-253.75,1,53.272
1784291508.269675016,01/01/2000,00:19:00.87,-1009.28,-30.27,-3.91,0.34,-0.32,-0.44,63.0,33.60,51.15,30.09,13.54,986.86,-49.53,875.0,-770.0,-105.0,1,53.272
1784291508.287285566,01/01/2000,00:19:00.88,-1033.69,-4.88,-58.11,-0.95,0.72,0.07,63.90,33.0,51.30,30.33,13.66,987.35,-46.60,-787.50,-1163.75,-183.75,1,53.272
1784291508.311854124,01/01/2000,00:19:00.91,-1008.79,-20.02,33.20,-1.35,0.86,-0.99,63.60,31.05,52.50,30.52,13.42,985.52,-45.63,-1417.50,-883.75,-262.50,1,53.272
1784291508.331847668,01/01/2000,00:19:00.93,-985.35,-29.79,36.13,2.0,-1.23,-0.88,63.75,30.75,51.90,30.33,12.81,982.59,-49.53,568.75,-971.25,-218.75,1,53.272
1784291508.356426001,01/01/2000,00:19:00.95,-1021.48,-23.44,46.88,-0.76,-3.76,-1.41,63.60,31.80,51.30,30.09,12.81,981.86,-51.97,1671.25,-918.75,-280.0,1,53.271
1784291508.373638391,01/01/2000,00:19:00.97,-975.59,-33.20,12.21,0.30,-1.79,0.81,63.60,31.80,51.30,30.19,13.30,986.00,-50.26,455.0,-787.50,-332.50,1,53.271
1784291508.389436722,01/01/2000,00:19:00.99,-1009.77,-17.09,-36.13,-2.28,0.74,-1.53,63.0,32.85,50.40,30.33,13.79,988.08,-46.85,-8.75,-997.50,-140.0,1,53.271
1784291508.408554077,01/01/2000,00:19:01.01,-1030.76,-41.99,42.48,-1.96,2.46,1.27,64.65,33.0,52.20,30.43,13.66,990.40,-44.41,-770.0,-1163.75,-262.50,1,53.271
1784291508.426572800,01/01/2000,00:19:01.02,-1024.41,-8.79,18.07,2.51,2.15,0.40,63.75,32.85,51.60,30.43,13.66,991.86,-44.65,-1216.25,-1050.0,-253.75,1,53.271
1784291508.443027735,01/01/2000,00:19:01.04,-993.16,-23.44,66.41,0.15,2.80,1.60,63.60,32.55,50.55,29.99,13.66,988.69,-47.70,-936.25,-883.75,-218.75,1,53.271
1784291508.470055580,01/01/2000,00:19:01.06,-991.21,-32.71,53.22,0.10,-2.34,0.27,63.60,32.55,50.55,30.33,13.18,983.32,-51.12,498.75,-1058.75,-218.75,1,53.272
1784291508.482668877,01/01/2000,00:19:01.08,-1005.37,-41.02,0.49,-0.50,-1.17,-1.10,63.75,30.0,55.05,30.67,12.93,979.90,-52.09,1470.0,-1093.75,-227.50,1,53.272
1784291508.500647783,01/01/2000,00:19:01.10,-1033.69,-2.93,-1.95,-1.33,0.08,1.15,64.65,33.75,51.75,30.33,13.05,980.76,-49.90,1111.25,-770.0,-323.75,1,53.271
1784291508.519009590,01/01/2000,00:19:01.11,-1043.46,-40.04,32.71,0.98,0.69,-0.08,64.50,32.40,52.35,30.47,13.54,983.81,-46.60,-280.0,-533.75,-315.0,1,53.271
1784291508.534028292,01/01/2000,00:19:01.13,-1053.22,-32.71,-21.00,2.36,1.98,2.08,63.60,32.55,51.0,30.28,13.54,987.96,-45.26,-752.50,-988.75,8.75,1,53.271
1784291508.555866718,01/01/2000,00:19:01.15,-1024.90,-14.65,20.51,1.31,-1.49,-2.24,64.35,33.45,52.20,30.43,12.93,991.01,-46.85,-560.0,-1277.50,-376.25,1,53.271
1784291508.575143337,01/01/2000,00:19:01.17,-992.68,-5.37,22.46,-0.76,0.27,-0.92,63.30,32.40,51.60,30.62,13.18,990.27,-48.19,87.50,-1303.75,-105.0,1,53.272
1784291508.591891527,01/01/2000,00:19:01.19,-1005.37,-44.43,-9.77,1.03,0.56,0.14,64.50,33.15,51.60,30.52,13.91,986.74,-49.41,315.0,-805.0,-227.50,1,53.272
1784291508.606141329,01/01/2000,00:19:01.20,-1002.93,-20.02,-35.64,2.63,1.69,0.21,63.0,31.20,51.15,30.43,13.42,982.95,-49.29,253.75,-1015.0,-367.50,1,53.272
1784291508.644875050,01/01/2000,00:19:01.24,-1003.91,8.30,-11.72,2.73,1.17,-0.46,64.35,31.35,50.25,30.09,12.57,982.10,-46.97,446.25,-1198.75,-498.75,1,53.271
1784291508.662900925,01/01/2000,00:19:01.26,-1027.83,-21.00,48.83,-0.15,-0.17,-1.52,62.70,31.35,51.30,30.47,12.93,984.30,-44.41,1155.0,-1260.0,-288.75,1,53.272
1784291508.686395645,01/01/2000,00:19:01.28,-1031.74,-14.65,25.39,0.40,-3.24,-0.07,64.50,32.40,51.60,30.28,12.57,988.93,-39.28,227.50,-2660.0,-35.0,1,53.271
1784291508.700716972,01/01/2000,00:19:01.30,-1021.00,-35.64,-51.76,-0.57,1.55,-2.13,63.15,33.45,51.75,30.47,15.25,992.23,-35.99,-1093.75,428.75,-463.75,1,53.272
1784291508.717716694,01/01/2000,00:19:01.32,-1047.36,-21.48,-19.04,-1.21,1.63,1.08,63.90,32.55,50.55,30.62,14.03,992.10,-35.87,-1785.0,-988.75,-61.25,1,53.272
1784291508.735218048,01/01/2000,00:19:01.33,-984.38,-30.27,41.02,0.91,0.12,0.60,63.30,32.40,52.65,30.43,13.66,987.35,-38.67,-385.0,-385.0,-288.75,1,53.272
1784291508.756231070,01/01/2000,00:19:01.35,-966.31,-12.21,2.44,-1.29,0.24,-0.22,64.35,30.60,52.20,30.43,13.79,981.12,-43.43,1242.50,-35.0,-341.25,1,53.272
1784291508.779164076,01/01/2000,00:19:01.37,-1025.88,-22.46,15.14,-0.69,-5.58,1.36,64.50,31.95,52.35,30.19,13.91,979.42,-42.58,2257.50,-35.0,-96.25,1,53.272
1784291508.790158272,01/01/2000,00:19:01.39,-1024.41,-20.51,-50.78,-2.90,-1.18,-1.14,64.50,32.40,51.60,30.43,13.66,983.32,-36.97,1618.75,306.25,-577.50,1,53.272
1784291508.815737486,01/01/2000,00:19:01.41,-1016.60,-33.20,39.55,0.21,3.47,1.24,63.15,30.60,54.0,30.62,14.40,992.10,-29.16,-1452.50,-148.75,-175.0,1,53.271
1784291508.840654135,01/01/2000,00:19:01.43,-1008.79,-27.34,-23.44,-0.07,4.13,2.20,65.85,32.55,52.50,30.33,13.79,993.81,-29.89,-2546.25,-638.75,-323.75,1,53.271
1784291508.856070518,01/01/2000,00:19:01.45,-993.65,-21.97,28.32,-2.24,-0.07,-0.52,63.75,32.40,51.15,30.47,13.91,988.69,-37.09,-875.0,-796.25,-201.25,1,53.271
1784291508.873619080,01/01/2000,00:19:01.47,-985.84,-21.97,51.27,-0.48,-0.58,-0.08,63.90,32.55,51.75,29.99,13.91,982.34,-44.16,1373.75,201.25,-218.75,1,53.271
1784291508.895534754,01/01/2000,00:19:01.49,-1078.13,-32.23,12.70,-1.85,-0.28,-0.47,65.40,32.55,52.95,30.47,13.42,978.44,-45.51,2397.50,568.75,-393.75,1,53.271
1784291508.929066181,01/01/2000,00:19:01.53,-1066.89,7.32,-23.44,1.18,2.14,2.94,64.05,31.95,51.60,30.62,12.81,989.42,-38.43,-1093.75,-61.25,-297.50,1,53.272
1784291508.950783253,01/01/2000,00:19:01.54,-1023.93,-29.79,58.11,1.63,2.57,-1.35,63.60,31.80,51.0,30.52,13.05,992.96,-38.31,-1863.75,-630.0,-166.25,1,53.272
1784291508.968095064,01/01/2000,00:19:01.56,-1031.74,-26.86,34.18,0.90,-1.04,-1.18,64.50,32.85,52.35,30.33,13.79,990.27,-44.16,-743.75,-638.75,-52.50,1,53.271
1784291508.985573769,01/01/2000,00:19:01.58,-997.56,-19.53,62.99,1.63,-2.07,-0.37,63.30,33.60,51.60,30.19,13.54,983.69,-48.07,840.0,-385.0,-175.0,1,53.271
1784291509.001376867,01/01/2000,00:19:01.60,-1016.11,-19.53,-3.91,-1.77,-0.03,3.10,63.0,32.40,52.35,30.47,13.18,980.64,-50.14,1942.50,-43.75,-262.50,1,53.272
1784291509.018833399,01/01/2000,00:19:01.62,-1029.79,-42.48,16.60,0.86,-0.31,2.31,63.90,33.0,52.50,30.43,12.57,983.20,-48.19,1163.75,210.0,-385.0,1,53.272
1784291509.044213533,01/01/2000,00:19:01.64,-1024.90,-43.46,13.67,-2.35,-0.82,0.90,63.90,32.55,53.25,30.09,12.20,988.08,-43.55,-507.50,-385.0,-341.25,1,53.272
1784291509.059210062,01/01/2000,00:19:01.65,-1003.42,-24.41,8.79,1.27,1.60,0.34,63.30,32.40,52.35,30.47,13.30,990.03,-42.46,-1408.75,-621.25,-297.50,1,53.272
1784291509.075474024,01/01/2000,00:19:01.67,-1015.63,-2.93,36.62,-1.11,0.11,-0.16,64.50,32.40,51.90,30.33,14.15,987.47,-44.41,-1251.25,-507.50,-183.75,1,53.272
1784291509.096208572,01/01/2000,00:19:01.69,-998.05,-34.67,6.84,-1.14,-2.16,0.08,65.70,31.20,50.85,30.43,14.03,982.95,-49.78,595.0,-271.25,-43.75,1,53.272
1784291509.113122940,01/01/2000,00:19:01.71,-1003.91,7.81,-3.42,-1.49,-1.17,1.40,64.05,31.95,51.60,30.33,12.93,982.83,-51.97,1610.0,-175.0,-245.0,1,53.271
1784291509.130823851,01/01/2000,00:19:01.73,-1045.90,-55.66,12.70,-1.51,2.73,-1.31,63.60,34.20,53.70,30.43,12.20,984.78,-50.51,1137.50,-262.50,-402.50,1,53.272
1784291509.152070999,01/01/2000,00:19:01.74,-1033.69,-25.88,3.42,3.41,0.73,-1.64,64.95,32.40,50.40,30.33,12.20,987.59,-46.12,43.75,-586.25,-350.0,1,53.272
1784291509.168549299,01/01/2000,00:19:01.77,-1025.39,-35.64,11.72,0.77,0.44,-1.21,64.35,33.75,51.75,30.43,13.42,988.20,-43.43,-1723.75,-525.0,-210.0,1,53.272
1784291509.185821295,01/01/2000,00:19:01.78,-1017.09,-37.60,-8.30,0.60,1.24,0.72,63.60,31.35,52.20,30.67,14.15,986.25,-46.24,-910.0,-533.75,-210.0,1,53.272
1784291509.202673912,01/01/2000,00:19:01.80,-1027.34,-48.34,25.88,0.11,-1.61,0.48,63.30,33.15,51.90,30.33,14.15,984.78,-49.78,910.0,-516.25,-122.50,1,53.272
1784291509.220485210,01/01/2000,00:19:01.82,-1018.07,-52.25,-11.23,0.83,-0.05,0.47,65.25,32.40,51.90,30.28,13.18,983.69,-51.97,1741.25,-332.50,-271.25,1,53.272
1784291509.259308338,01/01/2000,00:19:01.86,-1012.70,-27.34,36.13,-0.92,0.50,-2.16,64.35,33.0,53.25,30.47,12.44,986.98,-44.77,-813.75,-437.50,-306.25,1,53.272
1784291509.276462793,01/01/2000,00:19:01.87,-1016.11,-18.07,60.06,-1.72,1.13,0.27,63.30,32.85,50.85,30.52,13.42,987.96,-44.16,-1505.0,-533.75,-227.50,1,53.272
1784291509.297669649,01/01/2000,00:19:01.89,-1013.67,-30.27,-53.71,1.41,-0.27,-1.91,64.65,33.45,52.50,30.62,14.15,986.61,-47.21,-455.0,-560.0,-52.50,1,53.272
1784291509.314435244,01/01/2000,00:19:01.91,-1001.46,10.25,42.48,-2.01,-1.06,2.02,64.05,32.40,51.15,30.47,14.15,984.42,-50.63,883.75,-586.25,-140.0,1,53.272
1784291509.339431763,01/01/2000,00:19:01.94,-1004.39,-25.88,45.90,-0.69,-2.37,-0.72,63.90,33.75,52.95,30.47,12.69,983.44,-50.39,997.50,-358.75,-288.75,1,53.272
1784291509.359685421,01/01/2000,00:19:01.96,-1003.91,-31.74,57.13,1.92,1.02,0.92,64.35,32.55,52.20,30.09,11.83,986.13,-46.73,8.75,-376.25,-306.25,1,53.272
1784291509.383268118,01/01/2000,00:19:01.98,-1018.55,-36.13,64.45,2.34,0.78,2.03,64.65,32.55,52.95,30.33,12.69,988.32,-45.14,-980.0,-612.50,-271.25,1,53.272
1784291509.400323391,01/01/2000,00:19:02.00,-1018.07,-18.07,12.70,1.89,0.03,1.35,66.0,32.40,51.90,30.19,13.66,986.98,-46.73,-507.50,-717.50,-140.0,1,53.272
1784291509.417535782,01/01/2000,00:19:02.01,-1022.95,-55.66,21.97,-0.21,-0.59,0.89,64.35,31.35,51.75,30.43,14.40,985.15,-48.80,70.0,-647.50,-96.25,1,53.271
1784291509.433195829,01/01/2000,00:19:02.03,-1009.28,-18.55,82.03,-0.11,-2.74,1.82,64.50,32.85,52.35,30.43,13.66,983.56,-50.39,1023.75,-525.0,-131.25,1,53.272
1784291509.454187632,01/01/2000,00:19:02.05,-1004.88,-30.27,66.41,0.79,-1.02,1.60,63.15,33.45,52.20,30.33,12.20,985.15,-48.92,612.50,-533.75,-323.75,1,53.271
1784291509.488424063,01/01/2000,00:19:02.09,-1004.88,-58.11,40.53,1.43,2.96,-0.66,64.50,32.40,51.15,30.43,12.69,987.59,-45.38,-901.25,-700.0,-245.0,1,53.272
1784291509.509389877,01/01/2000,00:19:02.10,-1000.98,-10.25,48.34,1.22,0.56,-0.34,65.40,32.25,52.50,30.33,13.79,986.49,-46.24,-673.75,-647.50,-288.75,1,53.272
1784291509.526390076,01/01/2000,00:19:02.12,-1015.14,-19.53,46.39,1.33,-1.34,-0.21,64.05,31.95,52.65,30.33,14.27,984.78,-49.53,481.25,-691.25,-61.25,1,53.272
1784291509.544713020,01/01/2000,00:19:02.14,-1036.13,-29.79,42.48,-0.45,-3.04,-0.02,63.75,33.60,53.40,30.33,13.18,984.30,-50.39,1172.50,-542.50,-271.25,1,53.272
1784291509.562112808,01/01/2000,00:19:02.16,-1014.65,-14.16,51.76,-2.73,-1.52,1.04,64.05,32.85,50.85,30.33,12.20,985.52,-48.68,568.75,-533.75,-253.75,1,53.272
1784291509.585773945,01/01/2000,00:19:02.18,-1034.67,-48.34,22.46,-1.02,0.77,-0.75,63.15,29.40,54.0,30.28,11.96,986.61,-46.12,-253.75,-533.75,-358.75,1,53.271
1784291509.604625463,01/01/2000,00:19:02.20,-1027.83,-17.58,-11.23,-1.37,1.18,-0.26,62.70,32.55,51.0,30.33,12.81,987.22,-45.63,-971.25,-542.50,-288.75,1,53.272
1784291509.635358334,01/01/2000,00:19:02.23,-996.09,-8.30,24.90,0.15,-0.63,-0.05,64.50,33.15,51.60,30.09,14.03,984.91,-49.78,533.75,-708.75,-96.25,1,53.272
1784291509.673113108,01/01/2000,00:19:02.27,-1023.93,-18.55,81.54,2.53,0.17,-0.93,64.05,33.60,53.40,30.47,12.20,985.39,-48.31,428.75,-463.75,-280.0,1,53.272
1784291509.694504976,01/01/2000,00:19:02.29,-1023.93,1.95,0.49,1.01,0.74,-0.82,64.05,33.60,53.40,30.52,12.08,986.74,-46.60,-358.75,-612.50,-428.75,1,53.272
1784291509.729200125,01/01/2000,00:19:02.33,-1008.30,-30.76,21.00,2.27,1.42,-0.74,64.05,32.40,51.15,30.47,13.79,986.25,-47.82,157.50,-805.0,-140.0,1,53.272
1784291509.763133287,01/01/2000,00:19:02.36,-997.07,-17.09,13.67,-1.59,1.71,-3.05,64.35,32.55,53.25,30.52,13.18,984.42,-49.53,708.75,-621.25,-140.0,1,53.273
1784291509.801450491,01/01/2000,00:19:02.40,-1029.79,-30.76,1.46,1.19,2.06,1.31,64.35,31.35,53.70,30.47,12.08,986.86,-46.85,-323.75,-621.25,-280.0,1,53.273
1784291509.818469286,01/01/2000,00:19:02.42,-998.54,13.18,-20.51,0.16,3.59,-1.05,64.35,31.80,51.75,30.47,13.05,986.86,-46.85,-420.0,-586.25,-262.50,1,53.272
1784291509.835304022,01/01/2000,00:19:02.43,-1003.91,-61.04,21.00,0.81,0.03,0.40,63.0,31.20,51.15,30.43,14.03,985.76,-47.95,-96.25,-691.25,-87.50,1,53.272
1784291509.866531610,01/01/2000,00:19:02.46,-1004.88,-15.14,-12.21,0.06,-3.02,-1.73,64.35,32.55,51.30,30.28,13.66,984.66,-49.29,630.0,-726.25,-105.0,1,53.271
1784291509.904166222,01/01/2000,00:19:02.50,-999.02,-11.72,-25.88,1.66,-1.53,-1.35,63.30,31.95,51.60,30.52,12.32,985.88,-46.48,157.50,-638.75,-420.0,1,53.271
1784291509.922034740,01/01/2000,00:19:02.52,-1002.44,-87.40,-1.46,2.48,1.03,-2.76,63.0,31.20,53.10,30.09,13.30,985.03,-44.29,227.50,-113.75,-227.50,1,53.272
1784291509.942747116,01/01/2000,00:19:02.54,-1013.18,-26.37,94.24,-0.94,0.79,1.11,63.75,33.15,51.60,30.52,14.64,985.76,-43.31,-105.0,323.75,-297.50,1,53.272
1784291509.960095406,01/01/2000,00:19:02.56,-1033.20,-21.00,103.52,-0.63,-1.81,0.05,61.95,31.05,53.70,30.47,15.62,984.30,-42.70,1198.75,708.75,-35.0,1,53.272
1784291509.985661030,01/01/2000,00:19:02.57,-1015.63,-26.37,-63.48,-1.53,0.41,-0.44,63.60,33.0,53.25,30.28,15.49,985.76,-41.11,1093.75,1268.75,-288.75,1,53.272
1784291510.001853228,01/01/2000,00:19:02.60,-1014.65,-43.46,1.95,-0.67,0.45,0.56,63.75,31.95,51.60,30.52,14.64,988.08,-38.06,-385.0,1522.50,-210.0,1,53.272
1784291510.016172886,01/01/2000,00:19:02.61,-1041.02,-26.86,34.67,-1.39,2.85,-1.05,64.95,32.85,50.85,30.28,13.91,987.47,-37.21,-131.25,1723.75,-288.75,1,53.272
1784291510.033334255,01/01/2000,00:19:02.63,-1016.60,-24.41,28.81,-3.42,-0.09,0.19,64.95,32.85,50.85,30.33,13.91,986.74,-37.33,376.25,1872.50,-341.25,1,53.271
1784291510.050871849,01/01/2000,00:19:02.65,-1003.42,-51.27,25.88,-2.42,-0.72,-1.66,65.40,32.55,52.20,30.43,14.76,984.42,-36.97,726.25,2406.25,-323.75,1,53.272
1784291510.071908951,01/01/2000,00:19:02.67,-1020.02,-12.21,27.83,-1.45,-1.53,-1.72,63.60,31.80,51.75,30.19,15.37,983.69,-35.38,612.50,2747.50,-288.75,1,53.272
1784291510.089266777,01/01/2000,00:19:02.69,-1023.93,-22.95,10.74,-3.27,-0.31,-0.73,64.05,31.95,51.60,30.28,14.64,985.39,-34.40,61.25,2817.50,-271.25,1,53.272
1784291510.108807564,01/01/2000,00:19:02.70,-1023.44,-31.25,-79.59,-1.16,-0.87,-1.27,65.10,31.35,51.0,30.19,12.81,988.44,-34.65,-157.50,1680.0,-367.50,1,53.272
1784291510.124829292,01/01/2000,00:19:02.72,-1055.66,0.0,-40.04,0.10,0.40,2.44,63.0,32.40,52.35,30.62,10.74,990.88,-36.36,-437.50,-61.25,-306.25,1,53.272
1784291510.145305634,01/01/2000,00:19:02.74,-1018.55,-31.25,-27.83,2.82,-2.58,0.76,64.35,30.60,54.0,30.47,10.13,989.91,-39.04,-175.0,-1513.75,-245.0,1,53.272
1784291510.162445307,01/01/2000,00:19:02.76,-1017.58,-23.93,-37.60,2.44,-0.08,1.24,63.90,31.80,52.95,30.33,10.74,986.00,-40.87,358.75,-2012.50,-122.50,1,53.272
1784291510.187973976,01/01/2000,00:19:02.78,-997.07,-9.28,19.04,4.86,-0.18,0.89,63.60,34.20,51.30,30.33,10.98,983.56,-42.09,105.0,-2240.0,-26.25,1,53.272
1784291510.199957371,01/01/2000,00:19:02.80,-1040.53,-2.44,-9.77,2.98,-1.15,-1.17,64.35,32.55,52.50,30.62,10.49,981.61,-42.94,437.50,-3150.0,26.25,1,53.272
1784291510.219158888,01/01/2000,00:19:02.81,-1004.39,-12.70,81.54,0.72,-1.24,1.05,65.40,31.80,52.50,30.71,10.61,983.20,-44.29,-8.75,-3596.25,-113.75,1,53.272
1784291510.235894203,01/01/2000,00:19:02.83,-1016.11,-35.16,-21.00,2.23,-0.43,1.74,63.60,33.0,52.50,30.33,11.59,984.54,-45.63,253.75,-2957.50,-131.25,1,53.272
1784291510.253051043,01/01/2000,00:19:02.85,-1000.98,-14.16,27.83,2.45,-1.60,-1.31,64.35,31.80,51.30,30.43,12.93,986.37,-46.24,831.25,-2240.0,-113.75,1,53.273
1784291510.272985458,01/01/2000,00:19:02.87,-1001.46,-22.46,45.41,4.34,0.64,0.92,63.90,32.25,53.25,30.33,14.52,989.42,-45.63,210.0,-1636.25,-253.75,1,53.272
1784291510.307872057,01/01/2000,00:19:02.91,-1002.44,-16.60,-45.41,3.91,-1.25,1.09,64.35,31.80,52.20,30.19,13.66,985.03,-46.85,-315.0,-2161.25,17.50,1,53.272
1784291510.324899912,01/01/2000,00:19:02.92,-981.93,-23.44,1.95,-0.95,0.76,0.34,63.75,34.05,51.90,30.33,13.66,981.86,-49.17,726.25,-1610.0,8.75,1,53.272
1784291510.346628189,01/01/2000,00:19:02.94,-1031.25,-27.34,46.88,1.04,3.63,0.60,64.95,32.85,52.35,30.62,13.05,984.30,-51.36,463.75,-1513.75,-227.50,1,53.272
1784291510.375675678,01/01/2000,00:19:02.97,-1015.14,-43.46,-2.93,0.11,-2.36,-0.63,64.35,31.80,53.70,29.95,13.42,985.03,-50.39,1146.25,-1575.0,-350.0,1,53.272
1784291510.391147375,01/01/2000,00:19:02.99,-1009.77,-36.13,-45.41,1.66,-0.87,0.83,63.0,30.75,53.10,30.52,14.15,987.71,-46.36,700.0,-1566.25,-227.50,1,53.272
1784291510.409147739,01/01/2000,00:19:03.01,-1033.20,-45.41,30.27,0.39,-0.03,0.21,65.10,33.0,51.30,30.47,14.88,989.54,-43.43,-883.75,-1260.0,-253.75,1,53.272
1784291510.435973167,01/01/2000,00:19:03.03,-1009.77,-5.37,-39.55,-1.02,2.59,3.47,64.05,31.95,51.90,30.33,14.76,989.42,-43.55,-2021.25,-1190.0,-78.75,1,53.272
1784291510.446969748,01/01/2000,00:19:03.04,-1014.65,-23.93,4.39,-0.88,-1.87,-1.24,64.35,33.45,51.75,30.19,13.91,985.03,-48.19,-595.0,-945.0,-70.0,1,53.272
1784291510.468047619,01/01/2000,00:19:03.06,-990.23,-17.58,-79.10,2.06,-2.88,-1.24,63.90,33.75,51.75,30.47,13.30,981.86,-52.83,1548.75,-866.25,-385.0,1,53.272
1784291510.486412287,01/01/2000,00:19:03.08,-1018.07,-14.16,6.35,1.47,-0.36,0.31,64.50,30.75,53.85,30.33,13.42,982.59,-53.44,1338.75,-1023.75,-201.25,1,53.271
1784291510.503650665,01/01/2000,00:19:03.10,-1012.21,-56.64,-14.65,0.19,-0.98,0.73,64.05,33.60,52.65,30.43,14.03,984.42,-50.39,358.75,-971.25,-52.50,1,53.271
1784291510.519953012,01/01/2000,00:19:03.12,-998.05,-16.11,-9.77,1.53,-0.63,-1.72,64.05,33.60,52.65,30.43,14.15,986.25,-47.82,-8.75,-988.75,-218.75,1,53.272
1784291510.538193464,01/01/2000,00:19:03.14,-1061.52,-41.50,53.22,-0.27,1.53,-0.96,64.50,32.40,51.15,30.28,14.15,987.71,-46.48,70.0,-962.50,-332.50,1,53.272
1784291510.561197042,01/01/2000,00:19:03.16,-1004.88,-41.02,-25.39,0.54,0.88,0.31,63.90,33.0,50.55,30.33,13.66,989.18,-46.36,-630.0,-962.50,-323.75,1,53.272
1784291510.575247526,01/01/2000,00:19:03.17,-1000.0,-6.84,-56.64,1.58,-2.25,-0.70,63.30,32.40,51.15,30.33,13.66,986.98,-47.58,-577.50,-770.0,-288.75,1,53.272
1784291510.593453407,01/01/2000,00:19:03.19,-1018.07,-20.51,10.25,1.53,-3.76,1.48,63.90,33.75,51.0,30.62,13.66,983.08,-49.78,166.25,-638.75,-323.75,1,53.272
1784291510.610556841,01/01/2000,00:19:03.21,-1021.97,-23.93,25.88,-0.38,-0.53,1.52,64.05,31.65,52.35,30.33,13.54,981.37,-51.48,708.75,-743.75,-253.75,1,53.272
1784291510.649481773,01/01/2000,00:19:03.25,-1024.90,-32.71,-25.88,0.18,-1.07,-1.38,63.0,32.40,50.85,30.47,13.66,986.25,-50.39,315.0,-927.50,-175.0,1,53.272
1784291510.669980764,01/01/2000,00:19:03.26,-1030.27,-38.57,-1.95,-0.44,1.36,2.11,64.50,31.65,51.90,30.28,13.79,988.93,-48.43,280.0,-822.50,-87.50,1,53.272
1784291510.687521219,01/01/2000,00:19:03.28,-1045.41,-22.46,8.79,1.92,1.63,0.20,64.35,33.45,52.95,30.43,14.03,990.52,-46.97,-525.0,-761.25,-166.25,1,53.272
1784291510.704537392,01/01/2000,00:19:03.30,-1000.98,-10.25,4.88,1.78,-2.08,-0.14,62.25,32.40,51.90,30.33,13.79,989.66,-47.34,-560.0,-778.75,-105.0,1,53.272
1784291510.722092628,01/01/2000,00:19:03.32,-994.14,-21.97,-4.88,-0.04,-1.25,-1.09,63.0,32.85,50.85,30.33,13.66,986.86,-48.31,-253.75,-682.50,-122.50,1,53.273
1784291510.739093542,01/01/2000,00:19:03.34,-971.68,-21.48,-4.88,2.85,0.40,0.82,63.60,33.45,51.75,30.62,13.54,981.73,-50.39,70.0,-630.0,-358.75,1,53.272
1784291510.763986111,01/01/2000,00:19:03.36,-1005.86,-34.67,86.43,1.57,0.50,0.25,64.95,32.85,52.35,30.47,13.18,979.05,-52.22,962.50,-708.75,-175.0,1,53.272
1784291510.779099464,01/01/2000,00:19:03.37,-1034.67,-15.63,10.74,-0.26,-4.39,0.75,63.15,33.0,53.25,30.33,12.93,982.10,-52.09,1120.0,-813.75,-376.25,1,53.272
1784291510.795330048,01/01/2000,00:19:03.39,-1039.55,-25.39,10.25,-0.45,-1.05,-0.73,63.75,33.15,51.60,30.33,13.18,985.27,-50.51,595.0,-778.75,-393.75,1,53.272
1784291510.810840130,01/01/2000,00:19:03.41,-1021.00,6.84,19.04,-0.60,1.80,-0.29,63.0,34.35,52.35,30.47,13.30,988.81,-47.46,35.0,-910.0,-253.75,1,53.273
1784291510.832590103,01/01/2000,00:19:03.43,-1017.09,-15.63,23.93,-0.74,-0.02,0.79,63.60,32.55,51.75,30.19,14.03,990.03,-45.63,-612.50,-743.75,-192.50,1,53.273
1784291510.849810839,01/01/2000,00:19:03.45,-1008.79,-37.11,63.96,-1.91,2.96,1.71,63.15,33.0,51.0,30.28,14.03,988.81,-46.48,-577.50,-673.75,-113.75,1,53.273
1784291510.875792503,01/01/2000,00:19:03.46,-1020.51,-40.04,8.30,0.99,0.34,1.51,65.10,32.25,51.30,30.43,13.66,987.71,-48.43,-105.0,-787.50,-218.75,1,53.273
1784291510.893279314,01/01/2000,00:19:03.49,-1010.74,-23.93,30.27,0.02,1.04,-0.35,63.15,32.55,50.25,30.62,13.30,985.15,-52.09,595.0,-778.75,-87.50,1,53.272
1784291510.920340300,01/01/2000,00:19:03.51,-1007.32,-29.79,-21.97,1.66,-2.27,-0.31,64.05,31.95,51.60,30.33,13.18,982.95,-51.48,1260.0,-673.75,-297.50,1,53.272
1784291510.934444666,01/01/2000,00:19:03.53,-1018.55,-19.53,-59.57,-0.15,-1.65,-1.59,63.15,33.0,51.75,30.33,13.66,984.42,-48.92,43.75,-840.0,-166.25,1,53.272
1784291510.951535702,01/01/2000,00:19:03.55,-1018.55,-22.95,47.85,0.15,-2.41,-0.23,62.70,33.45,51.0,30.47,14.15,985.52,-47.34,-700.0,-743.75,-148.75,1,53.272
1784291510.970014334,01/01/2000,00:19:03.57,-1001.46,-32.71,53.71,0.27,0.09,-1.98,64.05,34.05,52.35,30.33,13.91,986.13,-48.07,-87.50,-857.50,-253.75,1,53.272
1784291510.987267017,01/01/2000,00:19:03.58,-1024.41,-38.57,-42.48,0.64,0.50,-1.21,64.35,32.55,51.75,30.47,13.79,986.37,-49.65,411.25,-752.50,-245.0,1,53.272
1784291511.004260778,01/01/2000,00:19:03.60,-1013.18,-22.46,17.09,0.21,1.54,1.59,64.05,34.35,51.90,30.33,13.66,986.25,-50.26,437.50,-700.0,-341.25,1,53.272
1784291511.021334887,01/01/2000,00:19:03.62,-1025.88,-5.86,-90.33,2.03,-1.71,-1.34,63.75,31.95,51.60,30.43,13.66,986.00,-50.02,367.50,-700.0,-280.0,1,53.273
1784291511.044363260,01/01/2000,00:19:03.64,-1003.42,-30.76,50.29,-1.18,-1.47,-0.22,63.0,33.60,50.85,30.33,14.15,985.52,-48.92,-105.0,-131.25,-280.0,1,53.272
1784291511.059592009,01/01/2000,00:19:03.66,-1013.67,-6.84,31.74,-0.91,2.70,-2.69,63.0,31.95,50.85,30.19,14.27,985.52,-48.56,-297.50,-201.25,-52.50,1,53.272
1784291511.077294111,01/01/2000,00:19:03.67,-1014.16,-4.39,-22.95,0.22,-0.70,0.71,64.95,31.95,50.85,30.67,13.66,986.37,-49.53,-253.75,-883.75,-78.75,1,53.272
1784291511.094358206,01/01/2000,00:19:03.69,-989.26,-38.09,5.86,-1.40,2.18,0.81,62.70,31.80,51.0,30.52,14.03,986.74,-51.00,35.0,-568.75,-201.25,1,53.272
1784291511.132609367,01/01/2000,00:19:03.73,-1004.39,-41.99,12.70,1.42,2.60,-0.64,61.80,31.65,51.15,30.52,13.54,984.54,-49.41,1023.75,236.25,-262.50,1,53.273
1784291511.151475906,01/01/2000,00:19:03.75,-1041.99,-1.46,-10.74,0.19,2.02,1.81,62.25,33.60,51.60,30.47,12.93,985.76,-46.60,-323.75,-708.75,-323.75,1,53.273
1784291511.170750380,01/01/2000,00:19:03.77,-1001.46,-8.79,-60.06,2.88,0.70,-1.79,63.60,32.55,51.0,30.33,13.05,986.25,-45.99,-805.0,-1522.50,-61.25,1,53.273
1784291511.188266039,01/01/2000,00:19:03.78,-1013.67,-21.97,18.07,1.85,0.28,2.28,64.35,31.80,51.0,30.33,13.42,985.52,-48.56,-288.75,-1408.75,-96.25,1,53.272
1784291511.205266237,01/01/2000,00:19:03.80,-1001.95,-31.74,32.23,1.47,-1.10,-1.71,64.05,31.95,51.60,30.33,13.66,985.27,-51.48,603.75,-402.50,-350.0,1,53.272
1784291511.222705841,01/01/2000,00:19:03.82,-1011.72,-25.39,-5.86,2.45,-0.95,-1.66,61.95,32.25,50.55,30.52,12.81,984.54,-52.46,700.0,-638.75,-332.50,1,53.273
1784291511.246779680,01/01/2000,00:19:03.84,-1001.95,-24.41,12.21,1.42,2.93,1.99,63.0,31.95,49.65,30.47,13.18,983.56,-51.12,227.50,-971.25,-183.75,1,53.272
1784291511.261017799,01/01/2000,00:19:03.86,-1013.18,-34.67,-35.64,0.78,0.02,-2.20,63.0,32.85,50.85,30.33,13.91,983.20,-50.02,0.0,-708.75,-236.25,1,53.273
1784291511.277938843,01/01/2000,00:19:03.87,-1037.11,-14.16,-22.95,-2.02,2.14,-0.42,64.65,32.55,51.75,30.19,14.03,984.66,-49.29,70.0,-708.75,-105.0,1,53.273
1784291511.295474768,01/01/2000,00:19:03.89,-1013.18,-13.18,-43.46,0.27,-1.88,-0.90,63.30,32.40,51.15,30.43,13.54,988.20,-49.17,271.25,-498.75,-288.75,1,53.273
1784291511.333613873,01/01/2000,00:19:03.93,-999.51,-25.39,-28.32,-0.07,1.31,0.62,63.15,33.45,51.0,30.62,13.42,988.57,-48.56,-105.0,-700.0,-280.0,1,53.272
1784291511.355695009,01/01/2000,00:19:03.95,-996.09,-15.63,42.48,-0.50,-0.92,1.83,62.25,33.60,51.60,30.52,13.66,983.32,-48.19,262.50,-778.75,-227.50,1,53.273
1784291511.374771595,01/01/2000,00:19:03.97,-1050.29,-32.23,-13.67,0.61,1.36,-1.0,63.75,32.40,51.60,30.09,13.91,981.25,-48.80,-297.50,-603.75,-166.25,1,53.273
1784291511.390023708,01/01/2000,00:19:03.99,-1030.76,-28.81,106.93,1.77,-0.66,-0.08,63.30,33.15,52.35,30.19,13.05,982.71,-50.63,105.0,-542.50,-236.25,1,53.273
1784291511.417843580,01/01/2000,00:19:04.01,-1014.65,-38.57,30.76,0.88,-1.24,1.04,63.75,31.65,50.85,30.52,12.69,986.00,-52.70,857.50,-831.25,-245.0,1,53.272
1784291511.434309244,01/01/2000,00:19:04.03,-1034.67,-35.64,40.53,0.98,2.40,0.61,64.35,32.25,52.50,30.43,13.42,986.74,-50.63,752.50,-945.0,-350.0,1,53.272
1784291511.455263376,01/01/2000,00:19:04.05,-1026.86,-29.30,3.91,2.27,2.09,1.21,63.60,32.55,49.80,30.47,14.40,986.74,-46.97,-131.25,-647.50,-105.0,1,53.272
1784291511.472652912,01/01/2000,00:19:04.07,-1013.67,-30.27,49.80,-0.26,2.11,-0.53,63.75,31.95,51.15,30.33,13.79,986.98,-45.51,-936.25,-752.50,-166.25,1,53.273
1784291511.507171869,01/01/2000,00:19:04.10,-1073.73,-27.34,39.06,0.02,1.73,-0.50,62.40,32.55,51.30,30.52,12.93,986.37,-51.97,148.75,-656.25,-166.25,1,53.272
1784291511.528316259,01/01/2000,00:19:04.13,-1009.28,-35.16,-5.86,-0.71,0.37,-1.28,64.35,31.80,51.75,30.43,12.81,985.27,-54.41,1321.25,-953.75,-183.75,1,53.272
1784291511.546900272,01/01/2000,00:19:04.14,-1054.20,-7.32,-23.44,0.97,-2.13,-0.80,61.65,32.55,51.75,30.28,13.66,985.76,-53.19,1032.50,-822.50,-166.25,1,53.272
1784291511.563127279,01/01/2000,00:19:04.16,-1020.51,-17.09,4.39,0.15,0.31,-0.69,62.55,32.40,50.85,30.62,13.91,986.25,-48.68,87.50,-761.25,-210.0,1,53.272
1784291511.588778257,01/01/2000,00:19:04.18,-1001.46,-27.34,88.87,-0.51,1.54,0.14,63.90,33.0,51.30,30.33,13.91,985.39,-45.99,-1006.25,-630.0,-218.75,1,53.272
1784291511.604053020,01/01/2000,00:19:04.20,-1033.69,2.44,-8.79,-0.24,-0.73,-0.62,61.05,31.20,52.35,30.28,13.42,984.05,-47.34,-227.50,-787.50,-262.50,1,53.273
1784291511.621984959,01/01/2000,00:19:04.22,-1031.74,-20.51,102.05,0.80,-0.31,2.95,63.15,33.45,51.30,30.43,12.93,984.30,-50.14,551.25,-673.75,-437.50,1,53.273
1784291511.636741400,01/01/2000,00:19:04.23,-1055.66,-40.04,-58.59,-1.39,-1.13,-2.92,63.30,31.95,49.65,30.43,13.18,986.61,-51.73,1093.75,-490.0,-192.50,1,53.273
1784291511.657885313,01/01/2000,00:19:04.25,-1019.53,-24.41,-15.63,-0.37,2.02,-1.10,64.65,32.25,51.0,30.33,13.79,988.44,-49.04,306.25,-726.25,-218.75,1,53.272
1784291511.675166368,01/01/2000,00:19:04.27,-1015.14,-36.13,4.88,-1.11,0.95,2.34,62.40,33.0,52.50,30.47,14.40,987.22,-46.60,-638.75,-560.0,-227.50,1,53.272
1784291511.697903156,01/01/2000,00:19:04.29,-1026.37,-30.76,84.47,0.80,1.08,3.18,64.50,32.85,51.60,30.62,14.40,985.39,-46.85,-393.75,-481.25,-70.0,1,53.273
1784291511.713542461,01/01/2000,00:19:04.31,-1014.16,-19.04,46.39,-1.53,-0.71,-0.03,63.15,33.75,52.20,30.33,13.30,984.54,-49.53,35.0,-490.0,-210.0,1,53.273
1784291511.729879618,01/01/2000,00:19:04.33,-1010.25,-8.30,-17.58,2.52,-1.12,-1.32,63.60,33.45,51.75,30.33,12.57,985.76,-52.46,700.0,-883.75,-201.25,1,53.273
1784291511.748344421,01/01/2000,00:19:04.34,-1020.51,-25.88,86.91,-0.38,-0.57,-0.10,63.30,31.65,51.15,30.33,13.18,986.37,-52.09,490.0,-743.75,-323.75,1,53.273
1784291511.765180826,01/01/2000,00:19:04.36,-1009.77,-26.37,68.36,1.18,-0.26,-1.83,62.55,31.95,50.10,30.43,13.91,985.52,-50.87,96.25,-761.25,-236.25,1,53.273
1784291511.790457726,01/01/2000,00:19:04.38,-1005.37,-4.39,2.93,-1.60,-0.71,-0.24,61.65,30.15,52.95,30.62,14.40,985.15,-50.02,17.50,-787.50,-122.50,1,53.273
1784291511.806859970,01/01/2000,00:19:04.40,-1037.11,-18.07,14.65,-0.98,1.12,-1.45,61.65,30.15,52.95,30.33,13.18,986.37,-49.65,280.0,-516.25,-402.50,1,53.272
1784291511.822932482,01/01/2000,00:19:04.42,-1021.97,-25.88,12.70,1.81,0.29,-1.88,61.95,32.25,50.55,30.33,12.69,986.74,-49.04,131.25,-638.75,-332.50,1,53.273
1784291511.838240147,01/01/2000,00:19:04.44,-1015.63,-44.43,39.06,0.45,2.73,0.19,61.95,31.05,50.25,30.47,13.05,985.64,-48.19,-148.75,-752.50,-297.50,1,53.273
1784291511.859546661,01/01/2000,00:19:04.46,-1006.84,-17.09,-13.18,2.62,1.98,0.52,63.60,32.55,51.0,30.47,13.66,984.05,-49.29,-472.50,-612.50,-288.75,1,53.273
1784291511.876888990,01/01/2000,00:19:04.47,-1010.25,-31.74,-18.55,1.18,-0.63,-0.36,62.40,32.25,50.55,30.33,14.40,983.20,-51.85,437.50,-455.0,-35.0,1,53.273
1784291511.899748087,01/01/2000,00:19:04.49,-1019.04,-22.46,38.57,0.87,-0.29,-2.87,63.0,33.15,50.85,30.62,13.42,984.54,-52.70,1120.0,-752.50,-280.0,1,53.273
1784291511.917510509,01/01/2000,00:19:04.51,-995.12,-31.74,42.48,0.34,-2.09,-0.84,60.0,31.35,53.70,30.52,13.66,986.74,-50.02,-122.50,-586.25,-183.75,1,53.273
1784291511.958255768,01/01/2000,00:19:04.55,-1029.30,0.0,-49.32,-2.37,2.04,-2.22,62.70,32.55,51.30,30.33,13.54,984.78,-49.17,113.75,-857.50,-113.75,1,53.272
1784291511.978355646,01/01/2000,00:19:04.57,-1012.70,-8.30,84.47,3.37,-1.98,0.42,63.15,33.0,51.75,30.19,13.66,986.25,-50.14,420.0,-603.75,-131.25,1,53.272
1784291511.994441509,01/01/2000,00:19:04.59,-997.56,-13.18,126.46,0.85,-3.17,0.35,62.70,33.45,51.0,30.33,14.15,987.83,-49.65,472.50,-367.50,-175.0,1,53.273
1784291512.013227701,01/01/2000,00:19:04.61,-1025.39,-42.48,61.04,-0.50,-1.15,0.60,61.65,33.0,50.25,30.62,13.66,987.96,-48.19,-446.25,-691.25,-201.25,1,53.272
1784291512.031002283,01/01/2000,00:19:04.63,-1003.42,-22.46,39.06,0.46,0.34,-0.26,60.60,33.60,51.90,30.09,13.66,985.39,-49.17,-857.50,-752.50,-192.50,1,53.273
1784291512.047760248,01/01/2000,00:19:04.65,-1027.34,-28.81,26.86,1.69,-0.15,0.71,61.65,32.55,51.75,30.43,13.54,982.95,-52.83,210.0,-533.75,-227.50,1,53.273
1784291512.072775126,01/01/2000,00:19:04.67,-1018.07,-41.99,82.52,1.16,-1.97,-0.60,63.60,32.55,52.20,30.43,13.18,984.30,-55.02,1391.25,-770.0,-245.0,1,53.273
1784291512.087480307,01/01/2000,00:19:04.68,-1009.28,-27.34,21.00,-1.11,-0.42,0.93,63.30,31.95,51.15,30.28,13.42,986.00,-52.95,490.0,-708.75,-306.25,1,53.273
1784291512.103751659,01/01/2000,00:19:04.70,-992.19,-24.41,59.08,-0.12,1.08,-0.53,61.80,33.15,50.10,30.52,14.15,986.61,-48.56,-402.50,-525.0,-175.0,1,53.272
1784291512.120926380,01/01/2000,00:19:04.72,-991.70,-20.51,17.09,-0.50,1.67,1.83,63.75,30.45,50.40,30.47,14.03,985.52,-46.73,-280.0,-595.0,-70.0,1,53.273
1784291512.141823769,01/01/2000,00:19:04.74,-1028.81,-41.50,39.06,0.83,-1.54,1.84,63.15,32.25,50.55,30.43,13.79,986.00,-48.19,52.50,-708.75,-271.25,1,53.273
1784291512.163180351,01/01/2000,00:19:04.76,-1016.11,-24.41,2.93,1.51,-2.79,0.74,62.25,33.60,51.60,30.62,13.66,986.49,-49.41,367.50,-428.75,-218.75,1,53.273
1784291512.193287611,01/01/2000,00:19:04.79,-1027.83,2.93,42.48,1.11,0.66,-1.28,63.15,31.05,51.30,30.52,13.54,986.37,-49.41,-166.25,-735.0,-236.25,1,53.273
1784291512.215089798,01/01/2000,00:19:04.81,-1014.65,11.72,14.65,-0.44,-2.31,-2.14,62.55,32.40,50.10,30.33,13.79,984.66,-50.63,-227.50,-761.25,-113.75,1,53.273
1784291512.232261181,01/01/2000,00:19:04.83,-1002.93,-32.23,56.64,-0.93,-2.65,0.41,63.15,33.0,49.80,30.47,13.54,983.81,-51.97,481.25,-638.75,-280.0,1,53.273
1784291512.257274151,01/01/2000,00:19:04.85,-1009.77,-22.46,-41.99,0.47,-2.06,0.35,62.55,33.15,50.40,30.33,13.30,984.54,-52.34,892.50,-778.75,-297.50,1,53.273
1784291512.287853718,01/01/2000,00:19:04.89,-1022.95,-8.79,2.44,0.89,0.89,-0.61,63.0,33.15,51.60,30.43,13.42,986.61,-48.80,-525.0,-682.50,-210.0,1,53.273
1784291512.321810722,01/01/2000,00:19:04.92,-1046.39,-39.06,40.53,0.96,-1.0,-3.12,61.80,32.85,49.65,30.43,13.42,985.64,-50.26,315.0,-752.50,-288.75,1,53.274
1784291512.348526001,01/01/2000,00:19:04.94,-1030.27,-28.32,-89.36,0.42,-2.26,-0.98,63.60,30.60,50.25,30.33,13.42,987.47,-50.75,0.0,-647.50,-183.75,1,53.273
1784291512.365300179,01/01/2000,00:19:04.96,-999.02,-46.39,-30.27,0.45,0.24,-0.53,62.70,33.0,52.20,30.47,13.18,986.74,-50.63,306.25,-717.50,-297.50,1,53.273
1784291512.381451368,01/01/2000,00:19:04.97,-999.02,-42.48,21.00,1.63,-5.52,0.24,62.25,31.65,50.10,30.52,13.42,985.76,-49.29,367.50,-630.0,-218.75,1,53.273
1784291512.416778564,01/01/2000,00:19:05.01,-1025.39,-52.73,23.93,-0.85,-0.18,0.21,61.80,31.95,51.60,29.99,13.66,984.66,-49.17,-341.25,-647.50,-218.75,1,53.273
1784291512.442802668,01/01/2000,00:19:05.04,-1040.53,-16.11,-0.49,2.02,-2.18,-0.37,63.0,32.40,51.90,30.47,13.18,985.03,-51.73,446.25,-586.25,-262.50,1,53.273
1784291512.478931904,01/01/2000,00:19:05.07,-1002.93,-48.83,79.10,0.78,0.97,0.19,61.05,33.60,50.40,30.47,13.18,985.52,-50.87,350.0,-595.0,-157.50,1,53.273
1784291512.505455971,01/01/2000,00:19:05.10,-1022.46,-34.18,80.08,-0.87,-1.71,0.60,63.60,32.25,51.0,30.62,13.18,985.76,-48.80,297.50,-673.75,-253.75,1,53.273
1784291512.516275883,01/01/2000,00:19:05.11,-1022.95,-21.48,-18.55,0.56,-1.15,-2.43,62.40,33.0,51.30,30.43,13.18,987.22,-47.46,-472.50,-560.0,-148.75,1,53.273
1784291512.533673048,01/01/2000,00:19:05.13,-1012.21,-31.74,63.96,-2.39,1.18,-0.98,62.40,32.25,51.75,30.47,13.18,987.22,-49.04,-411.25,-568.75,-463.75,1,53.273
1784291512.554659843,01/01/2000,00:19:05.15,-1002.93,-52.25,-75.20,0.83,-0.95,-1.09,62.40,32.25,51.0,30.43,13.30,985.88,-51.85,787.50,-428.75,-315.0,1,53.272
1784291512.589502811,01/01/2000,00:19:05.19,-1015.14,3.42,-8.30,-0.23,-1.35,-1.32,62.70,31.35,51.75,30.43,13.42,985.64,-50.39,-131.25,-603.75,-227.50,1,53.273
1784291512.612565517,01/01/2000,00:19:05.20,-998.54,-43.95,84.47,-1.06,0.66,-0.57,62.70,31.35,51.75,30.33,13.42,985.03,-50.63,-96.25,-577.50,-201.25,1,53.273
1784291512.629118204,01/01/2000,00:19:05.22,-1034.18,-25.39,25.39,3.06,0.44,-1.30,61.95,29.40,53.25,30.43,13.30,985.39,-51.97,341.25,-726.25,-236.25,1,53.273
1784291512.645079851,01/01/2000,00:19:05.24,-1025.39,-5.86,-26.37,1.53,-0.07,1.08,60.0,32.25,52.20,30.47,13.30,986.13,-52.22,218.75,-516.25,-166.25,1,53.273
1784291512.662348270,01/01/2000,00:19:05.26,-1016.11,-32.23,8.79,0.19,2.93,-0.49,63.15,33.0,51.30,30.33,13.05,986.13,-51.48,481.25,-630.0,-113.75,1,53.273
1784291512.700183868,01/01/2000,00:19:05.30,-1026.86,-23.93,44.43,-1.40,2.05,0.70,62.40,32.25,49.80,30.52,13.42,986.13,-46.85,-656.25,-910.0,-280.0,1,53.273
1784291512.718056440,01/01/2000,00:19:05.32,-1016.11,-40.04,22.95,0.27,-0.39,1.32,63.60,31.80,50.55,30.47,13.42,985.15,-48.68,-367.50,-630.0,-280.0,1,53.273
1784291512.734782934,01/01/2000,00:19:05.33,-993.65,-32.71,26.86,-1.39,-1.19,0.17,62.55,32.40,50.85,30.47,13.30,984.78,-51.00,560.0,-638.75,-376.25,1,53.273
1784291512.755639791,01/01/2000,00:19:05.35,-1045.90,-11.72,-39.55,-1.90,-0.59,0.28,63.0,32.40,51.15,30.33,13.30,986.00,-52.83,481.25,-603.75,-420.0,1,53.273
1784291512.773639679,01/01/2000,00:19:05.37,-1038.57,-37.60,-15.63,1.27,-1.29,1.31,61.65,32.55,51.30,30.28,13.42,986.00,-51.97,105.0,-490.0,-271.25,1,53.273
1784291512.795645237,01/01/2000,00:19:05.39,-1016.60,-18.55,-26.86,0.86,-1.02,-3.04,61.20,32.25,50.55,30.62,13.42,985.27,-50.51,245.0,-682.50,-227.50,1,53.274
1784291512.815752983,01/01/2000,00:19:05.41,-1041.99,-20.02,-39.06,2.47,2.08,0.73,61.95,33.0,50.55,30.28,13.54,985.39,-49.29,-218.75,-656.25,-61.25,1,53.273
1784291512.831372976,01/01/2000,00:19:05.43,-988.77,-11.72,-20.51,-0.22,0.84,-0.43,62.40,32.25,52.20,30.43,13.05,985.64,-49.65,-507.50,-761.25,-175.0,1,53.273
1784291512.846714020,01/01/2000,00:19:05.44,-999.02,-44.43,-76.17,-1.12,-1.08,-1.82,62.40,31.80,51.0,30.47,12.93,985.64,-51.36,463.75,-875.0,-210.0,1,53.273
1784291512.863188982,01/01/2000,00:19:05.46,-981.45,-26.37,-7.81,-1.03,1.44,0.15,61.05,31.65,51.15,30.47,13.18,986.49,-51.48,463.75,-315.0,-358.75,1,53.273
1784291512.880716801,01/01/2000,00:19:05.48,-1060.06,-11.23,-3.42,0.71,2.0,0.11,62.40,33.0,49.80,29.99,13.30,987.35,-50.02,-192.50,-647.50,-262.50,1,53.274
1784291512.901836872,01/01/2000,00:19:05.50,-993.16,-14.16,-12.21,0.31,-1.48,0.63,62.55,31.65,50.85,30.33,13.05,985.88,-49.53,-210.0,-945.0,-315.0,1,53.274
1784291512.923949003,01/01/2000,00:19:05.52,-1034.18,-29.79,-68.36,3.10,0.60,-2.23,62.25,31.95,50.40,30.43,13.66,984.54,-51.12,105.0,-656.25,-183.75,1,53.274
1784291512.940012455,01/01/2000,00:19:05.53,-1041.99,-22.46,98.63,-0.36,-0.56,-3.80,60.90,33.45,51.75,30.47,13.30,984.78,-52.22,367.50,-323.75,-253.75,1,53.274
1784291512.968080997,01/01/2000,00:19:05.56,-1021.48,-14.65,-71.29,-0.72,-0.73,0.56,60.45,33.0,49.05,30.33,12.93,986.37,-51.85,131.25,-761.25,-253.75,1,53.273
1784291512.988021135,01/01/2000,00:19:05.58,-1007.32,-25.39,103.03,-2.47,0.70,0.62,62.25,32.85,50.85,30.33,13.42,986.74,-50.51,253.75,-586.25,-96.25,1,53.273
1784291513.003629446,01/01/2000,00:19:05.60,-1034.67,4.88,20.02,-0.33,1.05,0.67,61.65,31.35,51.0,30.33,13.54,986.00,-49.53,-385.0,-726.25,-280.0,1,53.273
1784291513.018364906,01/01/2000,00:19:05.61,-1054.69,-49.80,-18.55,1.21,-0.38,-0.13,62.55,32.85,50.85,30.33,13.79,984.17,-50.51,8.75,-682.50,-87.50,1,53.273
1784291513.055363417,01/01/2000,00:19:05.65,-1026.86,-5.86,-22.46,1.95,-2.13,0.72,61.95,32.55,51.30,30.67,12.81,986.49,-50.26,402.50,-665.0,-271.25,1,53.273
1784291513.089759350,01/01/2000,00:19:05.69,-998.54,2.93,-23.93,2.05,1.51,-2.96,61.35,34.05,52.35,30.33,13.42,986.86,-47.70,-428.75,-586.25,-376.25,1,53.274
1784291513.133739710,01/01/2000,00:19:05.73,-1014.65,-9.77,-0.98,-1.51,-1.10,-0.73,61.20,31.80,50.25,30.09,13.05,984.42,-52.46,350.0,-428.75,-271.25,1,53.273
1784291513.162737608,01/01/2000,00:19:05.76,-1019.04,-9.28,-19.53,1.74,-0.74,0.89,61.65,32.55,51.0,30.47,12.57,986.49,-50.51,437.50,-577.50,-253.75,1,53.273
1784291513.184378624,01/01/2000,00:19:05.78,-1010.74,-29.30,46.39,0.07,-0.92,-0.79,61.20,33.0,50.55,30.43,13.18,986.49,-47.58,-927.50,-875.0,-157.50,1,53.273
1784291513.203960657,01/01/2000,00:19:05.80,-1015.63,-9.77,6.84,1.40,-1.14,3.88,62.40,31.80,51.0,30.33,13.91,984.78,-49.29,-857.50,-542.50,-148.75,1,53.274
1784291513.220056534,01/01/2000,00:19:05.82,-1043.46,-33.69,57.62,-2.15,-0.85,-0.88,61.95,32.55,50.25,30.52,14.15,983.93,-54.17,700.0,218.75,-306.25,1,53.274
1784291513.240142584,01/01/2000,00:19:05.84,-1029.79,-4.88,-8.30,0.91,-0.22,-0.48,62.55,31.20,51.90,30.62,12.81,986.86,-55.14,927.50,-463.75,-315.0,1,53.274
1784291513.257451057,01/01/2000,00:19:05.85,-982.91,-34.18,69.82,-1.39,1.24,0.98,59.70,31.35,51.75,29.99,12.57,988.08,-52.58,-787.50,-831.25,-288.75,1,53.274
1784291513.291898966,01/01/2000,00:19:05.89,-1023.93,-33.69,16.60,-1.95,-1.05,0.37,60.90,31.05,49.80,30.43,14.40,984.17,-56.49,-78.75,-17.50,-183.75,1,53.274
1784291513.315041304,01/01/2000,00:19:05.91,-995.61,-27.34,93.75,-1.57,-2.38,-0.86,61.80,31.20,50.40,30.43,13.66,984.78,-61.98,560.0,-192.50,-175.0,1,53.273
1784291513.330422401,01/01/2000,00:19:05.93,-1004.88,-15.63,4.39,1.94,0.49,-2.01,62.25,33.60,50.10,30.19,12.69,985.76,-62.46,848.75,-560.0,-280.0,1,53.274
1784291513.347531080,01/01/2000,00:19:05.94,-1017.58,-19.53,-14.16,-1.78,0.21,-1.46,60.90,32.25,50.25,30.09,12.32,985.64,-60.51,385.0,-630.0,-236.25,1,53.274
1784291513.365163803,01/01/2000,00:19:05.96,-1008.30,24.41,-26.86,2.81,-1.12,-3.10,61.65,33.45,51.75,30.28,12.93,985.76,-57.34,-315.0,-743.75,-113.75,1,53.274
1784291513.390878201,01/01/2000,00:19:05.98,-1007.32,-18.07,37.11,0.38,0.50,-0.36,62.70,31.80,50.55,30.28,13.30,986.25,-58.32,-936.25,-831.25,-218.75,1,53.274
1784291513.407069206,01/01/2000,00:19:06.00,-1006.35,-22.95,19.53,0.21,-0.40,1.01,62.55,34.05,50.10,30.19,13.54,986.13,-64.05,-201.25,-673.75,-183.75,1,53.274
1784291513.420940876,01/01/2000,00:19:06.02,-1030.76,-28.81,33.69,3.63,-3.81,2.88,62.55,33.15,50.10,30.14,12.57,983.69,-68.69,1260.0,-700.0,-411.25,1,53.274
1784291513.441944122,01/01/2000,00:19:06.04,-1009.28,-15.14,29.79,0.40,-0.14,-0.33,62.55,31.20,50.10,30.52,12.57,982.83,-67.34,1496.25,-665.0,-288.75,1,53.274
1784291513.468976021,01/01/2000,00:19:06.06,-995.61,-16.11,58.59,-1.28,-0.15,-1.62,61.65,33.0,50.55,30.43,13.18,985.52,-57.10,-183.75,-603.75,-315.0,1,53.273
1784291513.488173485,01/01/2000,00:19:06.08,-1026.37,-40.53,33.69,-1.37,2.76,-0.37,60.60,33.60,50.40,30.47,13.66,987.22,-52.70,-1190.0,-630.0,-227.50,1,53.273
1784291513.504957676,01/01/2000,00:19:06.10,-1004.39,-43.46,73.73,-1.89,1.63,1.46,61.65,33.45,51.0,30.47,13.54,986.74,-55.39,-910.0,-735.0,-78.75,1,53.273
1784291513.543335199,01/01/2000,00:19:06.14,-1026.37,-22.46,90.82,1.56,-0.39,-1.02,60.90,33.0,51.75,30.19,12.20,984.42,-59.41,1531.25,-525.0,-341.25,1,53.273
1784291513.564383507,01/01/2000,00:19:06.16,-1012.21,-35.64,4.88,-1.34,-0.87,0.06,61.80,31.65,50.85,30.52,12.57,986.49,-54.29,-280.0,-700.0,-411.25,1,53.274
1784291513.578678131,01/01/2000,00:19:06.18,-1041.99,-18.07,10.74,0.93,0.37,2.44,60.0,31.35,50.25,30.28,12.93,987.47,-49.04,-1181.25,-1111.25,-227.50,1,53.273
1784291513.598269463,01/01/2000,00:19:06.20,-1025.39,-28.81,41.50,0.23,0.27,0.05,61.80,32.85,50.40,30.19,14.15,984.91,-51.12,52.50,-638.75,-87.50,1,53.273
1784291513.616487503,01/01/2000,00:19:06.21,-1022.46,7.81,-15.63,0.66,1.23,1.18,61.35,31.20,50.85,30.52,13.30,984.17,-54.05,525.0,-551.25,-192.50,1,53.273
1784291513.653593779,01/01/2000,00:19:06.25,-1007.32,-24.41,-16.60,1.29,0.21,2.23,61.95,32.55,49.80,30.62,12.20,986.00,-51.97,253.75,-901.25,-262.50,1,53.273
1784291513.671407938,01/01/2000,00:19:06.27,-998.54,-22.46,-29.79,-0.61,1.98,-0.44,60.90,31.35,50.55,30.52,13.42,985.39,-49.53,-271.25,-638.75,-113.75,1,53.274
1784291513.688149452,01/01/2000,00:19:06.29,-1041.02,-32.23,-0.49,-1.62,-0.12,0.65,60.30,31.95,50.40,30.47,13.91,986.25,-49.78,-560.0,-796.25,-43.75,1,53.274
1784291513.705913544,01/01/2000,00:19:06.30,-1006.35,-53.22,65.43,0.37,-1.12,2.06,61.05,33.15,50.40,30.62,13.30,986.25,-52.22,341.25,-805.0,-288.75,1,53.274
1784291513.726899385,01/01/2000,00:19:06.32,-1005.37,4.39,-41.99,0.70,-1.08,0.66,60.90,31.80,50.55,30.43,12.69,984.78,-52.70,595.0,-735.0,-323.75,1,53.273
1784291513.761291504,01/01/2000,00:19:06.36,-1028.32,-18.07,4.88,0.12,1.02,-1.0,61.95,33.45,50.25,30.33,12.81,986.98,-49.17,-393.75,-647.50,-280.0,1,53.274
1784291513.781748295,01/01/2000,00:19:06.38,-1041.02,-36.62,35.16,-0.28,-0.27,1.21,61.80,32.40,51.15,30.33,13.54,986.74,-49.65,-385.0,-770.0,-140.0,1,53.274
1784291513.800276041,01/01/2000,00:19:06.40,-1021.48,-20.02,102.54,-0.25,-1.98,-1.45,61.20,30.60,52.20,30.47,13.91,985.03,-51.48,402.50,-638.75,-122.50,1,53.274
1784291513.817093134,01/01/2000,00:19:06.41,-1008.30,-0.98,32.23,1.76,0.11,1.77,60.60,33.15,50.40,30.33,13.05,985.27,-52.09,568.75,-507.50,-61.25,1,53.274
1784291513.834297180,01/01/2000,00:19:06.43,-1008.79,-9.28,5.37,0.10,-1.84,0.77,61.95,32.25,50.55,30.43,12.20,986.61,-50.75,157.50,-717.50,-306.25,1,53.274
1784291513.858303547,01/01/2000,00:19:06.45,-1023.93,-44.92,-4.88,0.97,-0.92,-1.05,60.60,32.40,52.65,30.33,12.69,986.25,-49.29,-271.25,-647.50,-245.0,1,53.274
1784291513.875121355,01/01/2000,00:19:06.47,-1038.57,-17.09,-78.61,1.73,0.95,1.66,58.35,31.65,51.60,30.33,13.66,985.76,-49.78,-140.0,-542.50,-87.50,1,53.274
1784291513.890329123,01/01/2000,00:19:06.49,-996.58,-27.34,71.29,0.15,-1.55,-0.34,62.40,31.35,51.0,30.67,13.66,985.76,-51.61,166.25,-778.75,-280.0,1,53.274
1784291513.906680584,01/01/2000,00:19:06.50,-1014.16,-3.42,0.49,-0.35,0.60,-0.59,60.60,32.40,50.85,30.52,13.18,985.52,-51.85,621.25,-621.25,-218.75,1,53.274
1784291513.927698374,01/01/2000,00:19:06.53,-1019.04,-27.83,-19.53,0.05,-1.42,-3.14,61.35,31.65,50.10,30.33,12.69,985.39,-49.90,-35.0,-542.50,-376.25,1,53.274
1784291513.963064194,01/01/2000,00:19:06.56,-1005.37,-32.71,50.78,1.24,-0.13,-0.53,63.0,32.85,49.65,30.47,13.42,986.37,-50.14,-183.75,-848.75,-157.50,1,53.275
1784291513.986320496,01/01/2000,00:19:06.58,-1023.44,-5.86,-3.91,0.71,0.63,-0.66,63.0,33.15,51.15,30.43,13.79,984.78,-51.73,376.25,-647.50,-175.0,1,53.274
1784291514.009813070,01/01/2000,00:19:06.61,-1025.88,-15.63,20.02,1.23,-0.16,1.82,60.0,32.55,50.25,30.62,13.05,985.64,-50.63,113.75,-551.25,-315.0,1,53.274
1784291514.033343792,01/01/2000,00:19:06.62,-1031.74,-31.25,10.74,0.46,1.43,1.45,61.80,34.05,51.90,30.47,12.44,986.25,-49.78,-201.25,-743.75,-358.75,1,53.273
1784291514.049355030,01/01/2000,00:19:06.64,-1010.25,-36.62,10.74,0.47,1.88,1.59,60.90,31.80,50.55,30.62,12.57,985.76,-49.90,-140.0,-682.50,-201.25,1,53.273
1784291514.061362028,01/01/2000,00:19:06.66,-1007.81,-30.27,16.11,-0.63,1.62,0.31,61.95,31.80,51.30,30.33,13.42,985.39,-51.00,166.25,-726.25,-201.25,1,53.274
1784291514.100123644,01/01/2000,00:19:06.70,-1034.67,-29.79,-30.27,-0.26,-2.10,1.46,60.45,32.55,52.20,30.28,13.05,985.52,-50.63,166.25,-612.50,-236.25,1,53.274
1784291514.124532223,01/01/2000,00:19:06.71,-1019.04,-24.90,76.17,-1.63,0.27,-1.82,62.70,32.55,51.30,30.28,12.69,985.88,-49.78,-157.50,-525.0,-157.50,1,53.274
1784291514.140163183,01/01/2000,00:19:06.74,-1027.83,-20.02,-20.51,-0.27,0.27,0.43,61.80,33.60,50.40,30.47,12.20,985.88,-50.14,-70.0,-1163.75,-253.75,1,53.274
1784291514.155836344,01/01/2000,00:19:06.75,-1023.93,-59.57,32.71,0.08,-1.08,-1.31,62.25,33.15,50.85,30.62,13.30,985.76,-51.00,288.75,-717.50,-61.25,1,53.274
1784291514.173823118,01/01/2000,00:19:06.77,-1017.58,-31.25,-13.67,0.10,-2.44,-1.60,61.65,33.45,48.75,30.43,13.79,985.27,-51.24,245.0,-533.75,-253.75,1,53.273
1784291514.190329552,01/01/2000,00:19:06.79,-992.19,-21.00,19.53,-0.29,0.21,-0.02,61.05,31.65,51.90,30.43,13.42,985.52,-50.87,140.0,-682.50,-166.25,1,53.274
1784291514.229387522,01/01/2000,00:19:06.83,-1007.32,-11.23,-55.66,0.10,1.98,-1.56,59.85,31.65,51.60,30.43,13.18,986.00,-50.51,0.0,-332.50,-306.25,1,53.274
1784291514.249107838,01/01/2000,00:19:06.84,-1015.63,-13.67,49.32,1.15,0.15,0.96,63.15,32.55,51.0,30.62,13.18,985.52,-51.24,332.50,-840.0,-280.0,1,53.274
1784291514.263339758,01/01/2000,00:19:06.86,-1015.14,-39.06,63.96,-2.27,-0.62,-0.31,60.90,33.45,51.30,30.52,13.66,985.52,-51.24,297.50,-682.50,-262.50,1,53.274
1784291514.284716845,01/01/2000,00:19:06.88,-1033.69,-25.39,43.95,-0.78,-0.89,0.69,61.20,31.35,49.05,30.33,13.42,985.76,-50.39,78.75,-551.25,-253.75,1,53.274
1784291514.301915646,01/01/2000,00:19:06.90,-1007.32,-38.09,41.50,-0.22,2.27,1.65,61.80,32.40,50.85,30.43,13.05,986.00,-49.90,-140.0,-630.0,-175.0,1,53.274
1784291514.318774462,01/01/2000,00:19:06.92,-1003.91,-1.46,1.95,-0.19,0.12,0.02,61.65,32.25,51.75,30.62,13.05,986.00,-50.39,113.75,-612.50,-306.25,1,53.274
1784291514.341874599,01/01/2000,00:19:06.94,-1047.85,-15.14,33.69,0.45,1.40,-2.08,62.25,29.25,52.65,30.33,13.42,985.88,-51.00,157.50,-647.50,0.0,1,53.274
1784291514.356238127,01/01/2000,00:19:06.95,-1040.04,-34.67,3.91,0.53,0.97,1.15,62.25,29.25,52.65,30.43,13.42,985.76,-50.75,227.50,-647.50,-175.0,1,53.274
1784291514.375815868,01/01/2000,00:19:06.97,-1035.64,-33.20,73.24,0.18,-1.24,-1.25,60.45,32.25,51.0,30.43,13.54,986.00,-50.02,70.0,-743.75,-341.25,1,53.274
1784291514.390363455,01/01/2000,00:19:06.99,-994.63,-18.55,1.95,-0.22,0.25,0.32,61.80,33.15,50.40,30.33,13.30,986.74,-49.90,-245.0,-542.50,-227.50,1,53.275
1784291514.412616014,01/01/2000,00:19:07.01,-1036.62,-15.63,-5.86,0.63,-1.15,-0.54,63.75,31.95,51.15,30.33,12.69,985.76,-50.51,-35.0,-778.75,-472.50,1,53.275
1784291514.435854912,01/01/2000,00:19:07.03,-1021.48,-25.88,58.59,-0.43,-0.95,-0.18,61.65,31.35,51.75,30.52,13.42,985.27,-50.75,323.75,-472.50,-236.25,1,53.274
1784291514.449366808,01/01/2000,00:19:07.04,-1014.16,-30.76,-12.21,1.87,1.67,3.09,61.80,32.85,50.10,30.47,13.30,985.88,-50.26,96.25,-630.0,-262.50,1,53.274
1784291514.466014862,01/01/2000,00:19:07.06,-1001.95,-10.74,69.34,-0.99,-0.76,3.40,61.95,33.0,49.80,30.47,13.42,986.49,-49.90,-43.75,-647.50,-61.25,1,53.274
1784291514.485072136,01/01/2000,00:19:07.08,-1011.72,-12.21,15.14,-1.02,-1.51,2.78,61.65,32.25,49.80,30.43,12.93,986.00,-50.02,-87.50,-665.0,-192.50,1,53.274
1784291514.514164925,01/01/2000,00:19:07.11,-996.58,-3.42,-34.18,1.03,-0.21,1.50,61.35,31.65,50.40,30.33,12.93,985.64,-51.24,297.50,-586.25,-350.0,1,53.273
1784291514.534094095,01/01/2000,00:19:07.13,-1018.55,-42.48,47.85,0.26,0.09,-1.30,62.40,31.80,51.0,30.33,13.18,985.88,-50.63,175.0,-577.50,-306.25,1,53.273
1784291514.551099539,01/01/2000,00:19:07.15,-1025.39,-21.48,0.49,2.09,-1.05,-1.44,61.80,31.65,49.35,30.19,13.66,985.76,-50.02,-61.25,-490.0,-183.75,1,53.274
1784291514.574593067,01/01/2000,00:19:07.17,-1022.46,-38.57,44.43,2.29,-0.40,0.14,62.40,34.20,51.75,30.33,13.05,985.88,-50.14,52.50,-656.25,-271.25,1,53.274
1784291514.589404583,01/01/2000,00:19:07.19,-1009.77,-24.41,50.29,0.90,1.73,-1.08,60.90,33.45,52.20,30.19,12.93,986.00,-50.63,201.25,-638.75,-166.25,1,53.274
1784291514.606756926,01/01/2000,00:19:07.20,-1008.79,-17.09,-31.74,1.26,2.02,0.70,60.60,31.65,51.15,30.33,12.81,985.52,-51.00,218.75,-621.25,-227.50,1,53.274
1784291514.644989729,01/01/2000,00:19:07.24,-1039.55,-40.04,-27.83,1.38,0.74,-2.07,61.20,32.55,49.80,30.62,13.18,986.25,-50.14,-70.0,-647.50,-280.0,1,53.273
1784291514.666980267,01/01/2000,00:19:07.26,-977.05,-15.14,73.73,2.62,0.18,1.66,62.25,31.95,50.85,30.52,12.93,986.25,-50.26,-78.75,-595.0,-236.25,1,53.274
1784291514.682033539,01/01/2000,00:19:07.28,-1010.25,2.93,-0.49,-0.53,1.24,1.23,60.90,33.45,50.25,30.33,13.18,985.52,-50.87,131.25,-595.0,-297.50,1,53.274
1784291514.699703455,01/01/2000,00:19:07.30,-1019.04,-54.20,-5.37,-0.40,-1.79,-0.69,63.15,32.55,50.25,30.19,13.05,985.39,-50.87,341.25,-673.75,-262.50,1,53.274
1784291514.716861963,01/01/2000,00:19:07.31,-1041.50,-6.35,26.37,-0.54,-2.21,0.79,61.95,31.35,50.25,30.33,13.05,986.00,-50.26,43.75,-612.50,-271.25,1,53.274
1784291514.734699249,01/01/2000,00:19:07.33,-1035.16,-21.00,45.90,0.44,0.95,-1.23,62.25,31.65,50.85,30.52,13.42,986.00,-49.90,-183.75,-813.75,-201.25,1,53.274
1784291514.752718925,01/01/2000,00:19:07.35,-992.68,-19.53,-74.71,-0.24,-0.30,-0.32,62.25,31.95,51.60,30.62,13.30,985.76,-50.26,17.50,-630.0,-148.75,1,53.274
1784291514.772830009,01/01/2000,00:19:07.37,-1021.97,-17.09,-33.69,-1.01,-0.48,1.70,62.55,31.65,50.40,30.33,13.05,985.76,-50.87,271.25,-726.25,-140.0,1,53.274
1784291514.790348291,01/01/2000,00:19:07.39,-1028.81,-33.20,26.86,-0.72,-0.47,0.99,62.40,31.05,50.55,30.33,12.93,986.00,-50.75,70.0,-638.75,-280.0,1,53.274
1784291514.807591677,01/01/2000,00:19:07.40,-1022.46,-37.11,-20.02,2.18,0.44,-1.07,60.0,32.25,49.80,30.33,12.93,986.13,-50.26,78.75,-586.25,-122.50,1,53.274
1784291514.828994989,01/01/2000,00:19:07.43,-1021.00,-18.07,-48.83,1.47,0.96,-0.56,61.35,33.15,51.60,30.52,13.18,986.25,-49.78,8.75,-551.25,-236.25,1,53.274
