timestamp,data
1784216406.8999774,"01/01/2000,04:07:47.97,-1024.90,-23.93,56.15,-1.80,-2.44,-0.65,60.0,29.40,54.0,32.82,12.32,986.37,-40.99,175.0,-918.75,-297.50,1,53.387,"
1784216406.922401,"01/01/2000,04:07:47.99,-1013.18,-17.09,27.34,-0.71,-1.11,1.53,60.60,29.25,54.15,32.82,13.42,986.25,-40.99,43.75,-341.25,-218.75,1,53.387,"
1784216406.9378126,"01/01/2000,04:07:48.01,-1036.62,-24.90,34.67,-0.39,0.53,-0.67,60.90,28.20,53.70,32.92,13.91,986.25,-41.24,35.0,-192.50,-105.0,1,53.387,"
1784216406.9554958,"01/01/2000,04:07:48.03,-1027.83,-34.18,43.46,1.15,-0.81,1.47,60.60,30.45,54.60,32.58,13.18,986.00,-41.60,105.0,-498.75,-227.50,1,53.387,"
1784216406.9896886,"01/01/2000,04:07:48.06,-985.84,0.98,11.23,-0.37,1.76,-0.15,59.70,28.95,54.75,32.92,12.81,986.00,-41.24,17.50,-1058.75,-271.25,1,53.387,"
1784216407.0108466,"01/01/2000,04:07:48.08,-1026.86,-24.41,-22.46,0.75,-2.40,-0.75,59.85,28.80,53.85,32.92,13.30,986.13,-41.24,35.0,-831.25,-148.75,1,53.387,"
1784216407.0279682,"01/01/2000,04:07:48.10,-989.26,-10.74,33.69,-1.02,-0.46,-0.46,60.45,29.40,54.45,32.82,14.03,986.13,-41.48,227.50,-428.75,-175.0,1,53.387,"
1784216407.0456238,"01/01/2000,04:07:48.12,-1018.55,-12.21,21.00,1.56,0.74,-1.97,60.0,31.05,53.70,32.53,13.91,986.00,-41.48,280.0,-446.25,-271.25,1,53.387,"
1784216407.0672915,"01/01/2000,04:07:48.14,-1010.74,-8.30,16.11,0.97,-0.07,-1.31,61.20,28.65,54.45,32.92,13.66,986.00,-41.24,122.50,-516.25,-148.75,1,53.387,"
1784216407.1011794,"01/01/2000,04:07:48.18,-1003.42,-12.21,16.11,-0.11,-0.28,-0.05,60.0,29.85,53.25,32.73,13.05,986.00,-41.24,140.0,-892.50,-297.50,1,53.387,"
1784216407.129189,"01/01/2000,04:07:48.19,-1021.00,-23.44,21.97,-1.75,1.24,-0.38,60.45,31.05,52.50,32.92,13.79,986.37,-41.24,78.75,-761.25,-210.0,1,53.387,"
1784216407.162542,"01/01/2000,04:07:48.23,-1035.16,-24.41,24.90,0.75,-0.34,0.82,57.90,30.45,55.35,32.92,14.03,986.13,-40.99,105.0,-551.25,-218.75,1,53.387,"
1784216407.1781886,"01/01/2000,04:07:48.25,-1028.81,-11.72,22.95,0.73,0.63,0.84,61.80,29.25,53.10,32.92,13.42,986.37,-41.24,-96.25,-647.50,-175.0,1,53.387,"
1784216407.1946883,"01/01/2000,04:07:48.27,-1010.74,-28.32,54.20,0.73,2.17,1.97,61.65,29.40,52.95,32.73,12.81,986.25,-41.36,227.50,-787.50,-297.50,1,53.387,"
1784216407.2301006,"01/01/2000,04:07:48.30,-1012.21,-25.88,-19.53,1.53,-0.69,0.68,60.0,27.75,55.20,32.97,13.66,986.25,-41.11,52.50,-603.75,-253.75,1,53.387,"
1784216407.2467403,"01/01/2000,04:07:48.32,-1000.0,-31.74,78.13,-1.05,-1.18,1.32,61.35,28.80,52.35,33.06,14.03,986.13,-41.24,148.75,-717.50,-210.0,1,53.387,"
1784216407.2681398,"01/01/2000,04:07:48.34,-1012.21,15.63,17.58,0.47,-1.38,1.54,60.60,30.75,53.85,32.73,13.91,986.25,-41.36,52.50,-516.25,-175.0,1,53.387,"
1784216407.3021102,"01/01/2000,04:07:48.38,-1021.00,-20.02,36.62,0.55,-0.82,1.91,60.90,29.85,53.25,32.82,13.18,986.37,-41.72,43.75,-612.50,-323.75,1,53.387,"
1784216407.323077,"01/01/2000,04:07:48.39,-1001.46,-20.02,14.65,-0.97,-0.81,-1.46,59.55,29.25,53.10,33.11,13.54,986.13,-41.48,157.50,-691.25,-306.25,1,53.387,"
1784216407.3466144,"01/01/2000,04:07:48.42,-1008.79,-11.23,43.46,-0.79,-0.13,-0.16,58.50,27.75,57.0,32.73,14.15,986.00,-41.36,26.25,-805.0,-140.0,1,53.387,"
1784216407.3708806,"01/01/2000,04:07:48.44,-1035.16,-40.53,68.36,-0.46,2.69,-0.58,60.30,29.25,54.15,33.11,14.15,986.13,-41.36,52.50,-621.25,-157.50,1,53.387,"
1784216407.3872163,"01/01/2000,04:07:48.46,-1010.25,-8.79,-15.14,1.20,2.73,-0.60,60.60,31.20,54.15,32.82,13.79,986.00,-41.48,131.25,-577.50,-175.0,1,53.387,"
1784216407.4015756,"01/01/2000,04:07:48.48,-1014.65,-39.55,53.22,-1.02,0.21,0.55,61.05,30.0,55.05,32.97,13.42,986.13,-40.99,113.75,-708.75,-236.25,1,53.387,"
1784216407.4258978,"01/01/2000,04:07:48.50,-1030.27,-28.81,-37.60,0.84,-0.76,2.82,60.90,29.40,54.45,32.82,13.42,986.00,-40.75,-35.0,-778.75,-227.50,1,53.387,"
1784216407.4416227,"01/01/2000,04:07:48.51,-1002.93,-17.09,-41.99,1.60,2.11,-1.98,60.30,31.65,55.05,32.73,13.54,986.00,-41.24,227.50,-805.0,-323.75,1,53.387,"
1784216407.4583018,"01/01/2000,04:07:48.53,-1016.60,-20.02,0.98,1.02,-0.18,-1.36,61.35,28.80,52.65,32.97,13.79,986.25,-41.36,183.75,-682.50,-227.50,1,53.387,"
1784216407.477365,"01/01/2000,04:07:48.55,-1031.25,-18.07,42.97,-1.45,1.47,1.34,60.90,30.15,54.75,32.92,13.91,986.25,-41.11,105.0,-612.50,-70.0,1,53.387,"
1784216407.4954286,"01/01/2000,04:07:48.57,-1004.39,-38.57,3.91,-1.39,-0.76,-0.84,60.30,29.25,54.60,32.97,13.54,986.25,-41.11,87.50,-665.0,-253.75,1,53.387,"
1784216407.5133324,"01/01/2000,04:07:48.59,-1025.88,-26.37,14.65,0.44,-1.31,0.19,60.90,29.40,55.50,32.44,13.42,986.37,-41.24,131.25,-595.0,-148.75,1,53.387,"
1784216407.530897,"01/01/2000,04:07:48.60,-1010.74,-19.53,47.85,0.97,1.54,1.89,60.30,30.75,53.85,33.06,13.42,986.00,-41.11,183.75,-717.50,-262.50,1,53.387,"
1784216407.5520067,"01/01/2000,04:07:48.62,-994.14,-24.90,134.77,-0.81,-0.60,-1.13,60.0,30.60,52.50,32.77,13.66,983.20,-40.26,280.0,-708.75,-192.50,1,53.387,"
1784216407.5865338,"01/01/2000,04:07:48.66,-1026.86,-1.46,-21.00,0.53,-0.18,1.25,59.70,29.40,53.25,32.97,13.66,979.90,-40.50,166.25,-516.25,-210.0,1,53.387,"
1784216407.6033213,"01/01/2000,04:07:48.68,-1007.81,-29.30,-5.37,0.08,0.66,-2.40,60.60,30.45,54.60,32.82,13.42,978.32,-40.02,236.25,-621.25,-175.0,1,53.387,"
1784216407.6270692,"01/01/2000,04:07:48.70,-1017.09,-11.23,-16.11,1.60,1.89,-2.58,61.05,30.0,54.15,32.92,13.30,977.22,-39.28,-166.25,-481.25,-358.75,1,53.387,"
1784216407.6606872,"01/01/2000,04:07:48.73,-981.93,-23.44,52.25,0.08,1.24,-0.60,60.45,31.35,54.0,32.73,13.91,975.15,-39.41,323.75,-350.0,-227.50,1,53.387,"
1784216407.6969833,"01/01/2000,04:07:48.77,-1018.55,-34.18,13.18,0.54,-0.87,1.05,60.45,29.40,53.70,32.73,13.91,970.63,-37.45,-323.75,-175.0,-253.75,1,53.387,"
1784216407.7186253,"01/01/2000,04:07:48.79,-1026.37,15.63,-6.84,0.11,-1.99,-0.52,61.20,30.60,54.75,32.92,14.15,971.97,-38.92,-8.75,8.75,-332.50,1,53.387,"
1784216407.7318482,"01/01/2000,04:07:48.80,-1015.14,-41.99,-24.41,-0.60,0.02,0.53,60.90,29.85,53.25,32.97,14.40,975.51,-40.75,603.75,428.75,-245.0,1,53.387,"
1784216407.7523575,"01/01/2000,04:07:48.83,-987.30,-4.39,47.36,0.55,-0.28,-1.73,60.0,29.85,54.45,32.73,14.40,978.20,-39.53,315.0,428.75,-288.75,1,53.387,"
1784216407.771833,"01/01/2000,04:07:48.84,-1011.72,-22.95,34.67,-0.41,1.11,0.92,60.45,29.85,54.0,33.06,14.52,979.29,-38.31,-297.50,227.50,-280.0,1,53.387,"
1784216407.788186,"01/01/2000,04:07:48.86,-995.12,-4.88,17.58,-1.28,1.40,-1.66,60.90,30.15,53.25,32.73,14.15,978.20,-38.19,-455.0,157.50,-323.75,1,53.387,"
1784216407.8049076,"01/01/2000,04:07:48.88,-1004.39,-42.48,-12.70,0.44,-2.30,0.24,60.60,29.55,53.40,32.77,13.54,977.10,-40.02,192.50,-210.0,-131.25,1,53.387,"
1784216407.825103,"01/01/2000,04:07:48.90,-1012.70,0.49,18.55,0.24,-0.11,0.50,61.20,28.95,52.50,33.06,13.18,977.95,-41.24,411.25,-175.0,-332.50,1,53.387,"
1784216407.8707185,"01/01/2000,04:07:48.94,-1050.78,-22.46,25.39,-1.24,0.62,0.48,59.55,31.20,53.40,32.82,13.54,984.05,-39.41,-411.25,-586.25,-183.75,1,53.387,"
1784216407.8875275,"01/01/2000,04:07:48.96,-980.96,6.84,-52.25,0.98,1.95,-1.39,61.05,29.25,53.40,32.77,13.54,984.91,-39.77,-122.50,-901.25,-183.75,1,53.387,"
1784216407.9107637,"01/01/2000,04:07:48.98,-1035.64,-8.79,5.37,0.12,0.47,1.56,62.55,30.75,53.85,32.77,13.42,983.81,-40.63,96.25,-708.75,-236.25,1,53.387,"
1784216407.9274156,"01/01/2000,04:07:49.00,-1025.39,17.58,35.64,0.90,0.37,-0.63,61.05,29.55,54.15,32.97,13.30,984.05,-41.36,227.50,-595.0,-183.75,1,53.387,"
1784216407.9453564,"01/01/2000,04:07:49.02,-1017.58,-34.67,52.25,0.13,-0.66,1.88,61.05,29.55,54.15,32.92,13.18,985.03,-41.36,210.0,-761.25,-218.75,1,53.387,"
1784216407.960812,"01/01/2000,04:07:49.03,-996.58,-24.41,80.08,0.76,0.08,-0.28,60.90,29.40,53.70,32.92,13.54,985.52,-40.50,210.0,-778.75,-218.75,1,53.387,"
1784216407.9806387,"01/01/2000,04:07:49.05,-1013.67,-30.76,-21.97,1.55,-0.21,0.69,61.05,29.55,52.65,32.73,13.79,985.15,-39.28,-315.0,-971.25,43.75,1,53.387,"
1784216407.998239,"01/01/2000,04:07:49.07,-1008.79,-29.79,32.71,-2.0,1.25,-0.37,60.0,29.85,54.0,33.11,14.03,984.66,-40.14,-175.0,-630.0,-61.25,1,53.387,"
1784216408.015822,"01/01/2000,04:07:49.09,-1046.39,-25.39,59.57,-0.60,0.05,1.33,61.35,30.75,54.15,32.97,13.66,985.27,-41.11,411.25,-787.50,-271.25,1,53.387,"
1784216408.0358634,"01/01/2000,04:07:49.11,-1006.35,-15.14,32.23,0.88,2.71,-0.62,61.35,30.45,53.85,32.82,13.42,986.37,-41.36,498.75,-901.25,-140.0,1,53.387,"
1784216408.0572495,"01/01/2000,04:07:49.13,-1033.69,-35.64,7.32,-1.99,-2.32,-0.49,61.35,30.45,53.85,32.73,13.42,987.47,-40.50,-26.25,-866.25,-315.0,1,53.387,"
1784216408.088425,"01/01/2000,04:07:49.16,-1061.04,-26.86,-14.65,3.02,-1.98,0.24,61.95,30.60,54.0,33.06,14.03,987.10,-40.75,-35.0,-918.75,-192.50,1,53.387,"
1784216408.1277196,"01/01/2000,04:07:49.20,-1023.93,-15.14,-31.25,1.42,0.69,1.47,61.05,29.25,53.85,32.73,13.79,984.17,-41.24,367.50,-638.75,-192.50,1,53.387,"
1784216408.1619825,"01/01/2000,04:07:49.23,-1008.30,-2.44,106.45,-1.74,-0.70,-2.20,61.20,29.85,52.50,32.97,14.03,986.74,-40.26,26.25,-1102.50,-61.25,1,53.387,"
1784216408.1816282,"01/01/2000,04:07:49.26,-998.54,0.98,-0.49,1.25,2.10,-0.66,60.0,30.60,54.0,32.92,14.15,987.35,-40.50,105.0,-857.50,-236.25,1,53.387,"
1784216408.198567,"01/01/2000,04:07:49.27,-1027.83,-20.51,-23.44,0.99,-0.18,1.84,61.05,30.45,53.10,32.73,14.03,986.86,-40.99,70.0,-918.75,-105.0,1,53.387,"
1784216408.216973,"01/01/2000,04:07:49.29,-1049.80,-42.48,-16.11,-0.94,-1.16,0.05,61.05,30.0,52.65,32.92,13.54,986.98,-41.24,253.75,-901.25,-350.0,1,53.387,"
1784216408.254393,"01/01/2000,04:07:49.33,-997.07,-16.60,-5.86,0.28,1.10,-0.58,60.90,30.60,55.50,32.92,13.91,986.49,-40.38,175.0,-857.50,-175.0,1,53.387,"
1784216408.2773857,"01/01/2000,04:07:49.35,-1062.99,-66.41,-16.11,-1.31,-0.03,0.62,61.35,31.65,53.10,32.73,13.79,986.25,-40.26,-227.50,-883.75,-140.0,1,53.387,"
1784216408.2932143,"01/01/2000,04:07:49.36,-1051.76,-18.07,52.73,-1.68,1.05,-1.98,61.80,28.35,54.15,32.77,14.27,986.86,-40.50,-26.25,-656.25,-113.75,1,53.387,"
1784216408.3116598,"01/01/2000,04:07:49.38,-930.18,21.00,85.94,-0.61,0.37,0.62,61.35,30.0,52.65,32.73,14.15,985.64,-41.11,323.75,-498.75,-262.50,1,53.387,"
1784216408.328251,"01/01/2000,04:07:49.40,-1032.23,-39.55,-43.46,0.86,2.60,-1.71,61.80,30.45,53.85,32.97,13.66,985.76,-40.87,236.25,-525.0,-227.50,1,53.387,"
1784216408.3452928,"01/01/2000,04:07:49.42,-1052.73,-35.16,-4.39,2.31,-0.50,-1.11,60.60,29.55,53.85,32.92,12.93,986.37,-40.50,-8.75,-1207.50,-183.75,1,53.387,"
1784216408.3755572,"01/01/2000,04:07:49.44,-1072.27,-31.74,83.01,-0.03,-1.05,1.62,62.40,29.40,55.50,32.97,13.91,986.74,-40.75,-87.50,-630.0,-297.50,1,53.387,"
1784216408.3920543,"01/01/2000,04:07:49.47,-1072.75,-53.71,-18.07,-0.43,-2.68,1.34,61.35,30.45,54.15,32.73,14.64,986.49,-40.75,105.0,-892.50,-61.25,1,53.387,"
1784216408.4121048,"01/01/2000,04:07:49.48,-1023.44,-26.37,101.07,-0.82,-0.24,-1.37,60.60,28.80,55.35,32.82,14.27,985.52,-40.75,8.75,-787.50,-87.50,1,53.387,"
1784216408.427428,"01/01/2000,04:07:49.50,-937.01,12.70,31.25,1.63,2.40,-1.79,61.95,30.60,54.0,32.82,14.03,985.88,-40.26,-105.0,-717.50,-245.0,1,53.387,"
1784216408.4463584,"01/01/2000,04:07:49.52,-1014.16,-23.44,-61.52,-0.82,0.51,0.77,60.60,30.45,53.40,33.06,13.91,985.15,-40.50,-17.50,-542.50,-245.0,1,53.387,"
1784216408.4651535,"01/01/2000,04:07:49.54,-1085.94,-76.66,83.50,0.12,0.46,0.60,58.65,26.40,54.60,32.97,13.91,986.25,-40.26,61.25,-945.0,-157.50,1,53.387,"
1784216408.4823873,"01/01/2000,04:07:49.56,-989.26,0.98,113.28,0.95,-1.24,-1.09,61.35,30.75,55.05,32.63,14.27,986.13,-40.38,70.0,-875.0,-148.75,1,53.387,"
1784216408.5046272,"01/01/2000,04:07:49.57,-933.11,46.39,-8.30,3.50,2.90,-0.25,61.80,30.45,52.65,33.06,14.52,986.25,-40.02,236.25,-822.50,-96.25,1,53.387,"
1784216408.5201106,"01/01/2000,04:07:49.59,-985.35,-29.30,-21.00,1.41,0.04,-0.84,60.90,31.05,52.20,32.92,14.40,986.00,-40.26,131.25,-700.0,-192.50,1,53.387,"
1784216408.5361395,"01/01/2000,04:07:49.61,-1081.05,-62.01,79.59,1.78,0.63,0.75,61.80,31.20,53.85,32.97,14.03,987.47,-40.63,87.50,-638.75,-245.0,1,53.387,"
1784216408.5699914,"01/01/2000,04:07:49.64,-960.45,1.46,51.27,2.98,-0.37,-0.24,61.35,31.65,52.65,32.73,14.03,986.00,-40.50,306.25,-945.0,-140.0,1,53.387,"
1784216408.5911677,"01/01/2000,04:07:49.67,-968.26,-9.77,43.46,1.24,0.39,1.07,61.95,30.15,52.20,32.82,14.40,984.54,-39.41,-148.75,-770.0,-87.50,1,53.387,"
1784216408.6076458,"01/01/2000,04:07:49.68,-1048.83,-7.81,-30.76,1.13,-0.27,0.66,58.95,29.85,53.70,32.92,14.64,984.78,-39.41,-210.0,-428.75,-122.50,1,53.387,"
1784216408.6269608,"01/01/2000,04:07:49.70,-1035.64,-14.65,28.81,1.12,0.28,-0.72,61.80,31.20,53.10,32.92,14.15,986.00,-40.26,0.0,-350.0,-297.50,1,53.388,"
1784216408.6403217,"01/01/2000,04:07:49.72,-994.14,-6.35,80.57,0.28,0.21,1.78,62.40,31.35,53.25,32.73,13.66,986.74,-40.75,306.25,-910.0,-350.0,1,53.387,"
1784216408.6630712,"01/01/2000,04:07:49.74,-968.26,3.91,0.49,-1.54,-0.02,-1.13,60.60,30.0,52.65,32.82,14.15,987.35,-40.87,140.0,-796.25,-157.50,1,53.387,"
1784216408.6806934,"01/01/2000,04:07:49.75,-1011.23,-37.11,68.36,-1.07,1.50,-0.58,61.05,30.0,53.10,32.92,14.40,988.20,-40.87,0.0,-507.50,-131.25,1,53.387,"
1784216408.6973295,"01/01/2000,04:07:49.77,-1071.29,-26.86,39.55,0.73,0.04,2.45,61.35,30.75,53.40,32.73,13.91,988.44,-40.75,140.0,-831.25,-113.75,1,53.387,"
1784216408.7149963,"01/01/2000,04:07:49.79,-1014.65,-11.23,42.48,-0.02,-1.10,-1.34,61.20,32.25,53.70,32.92,13.91,986.86,-40.26,43.75,-945.0,-131.25,1,53.388,"
1784216408.753266,"01/01/2000,04:07:49.83,-1032.71,-20.51,45.90,1.25,1.12,0.69,60.60,30.45,53.85,32.77,14.03,985.27,-39.53,-201.25,-866.25,-105.0,1,53.388,"
1784216408.774225,"01/01/2000,04:07:49.84,-1039.06,-17.58,23.93,-0.47,-1.44,1.39,60.30,31.65,52.65,32.92,13.91,987.10,-40.38,-183.75,-665.0,-315.0,1,53.388,"
1784216408.7913284,"01/01/2000,04:07:49.86,-1029.30,-25.39,62.50,0.02,-0.35,1.22,62.40,30.15,53.70,32.82,14.15,986.98,-41.36,463.75,-551.25,-140.0,1,53.387,"
1784216408.8087134,"01/01/2000,04:07:49.88,-989.26,8.30,-53.22,2.84,-1.05,1.91,61.05,31.20,53.10,32.92,13.91,986.37,-40.87,262.50,-726.25,-253.75,1,53.387,"
1784216408.8261678,"01/01/2000,04:07:49.90,-1015.63,-40.04,38.57,1.40,-0.51,0.25,61.20,29.85,52.95,32.92,13.91,986.00,-40.02,-70.0,-892.50,-175.0,1,53.388,"
1784216408.838836,"01/01/2000,04:07:49.92,-1021.97,-22.46,14.65,-0.89,0.02,-0.85,61.80,30.45,53.40,32.82,14.27,987.47,-40.02,-297.50,-682.50,-78.75,1,53.388,"
1784216408.8640368,"01/01/2000,04:07:49.94,-1030.76,-30.27,12.21,1.66,0.92,0.33,60.30,33.15,52.65,32.82,13.66,986.74,-40.87,245.0,-743.75,-271.25,1,53.388,"
1784216408.8933437,"01/01/2000,04:07:49.96,-992.68,-23.44,40.53,0.84,-2.14,-0.79,59.70,28.65,55.20,32.73,13.91,984.30,-40.26,218.75,-866.25,-175.0,1,53.387,"
1784216408.9270802,"01/01/2000,04:07:50.00,-1005.37,-14.16,5.37,1.07,-2.69,1.14,61.05,31.20,52.65,32.77,13.91,985.39,-40.02,-201.25,-682.50,-227.50,1,53.387,"
1784216408.9474585,"01/01/2000,04:07:50.02,-1037.11,-18.07,50.29,0.77,-0.87,0.95,61.80,29.55,53.85,32.82,13.79,986.98,-40.75,262.50,-533.75,-280.0,1,53.387,"
1784216408.964989,"01/01/2000,04:07:50.04,-1027.34,-12.21,30.27,2.11,-2.99,-0.33,61.95,31.35,53.70,32.82,14.15,986.98,-40.63,271.25,-376.25,-332.50,1,53.387,"
1784216408.982359,"01/01/2000,04:07:50.06,-1025.88,0.98,-1.95,0.47,1.73,-1.40,61.35,31.65,53.10,32.73,14.03,986.61,-40.02,201.25,-927.50,-70.0,1,53.387,"
1784216408.999469,"01/01/2000,04:07:50.07,-999.02,-14.16,39.06,-0.74,-1.05,-0.22,62.70,29.85,53.70,32.97,14.15,987.10,-40.26,-131.25,-778.75,0.0,1,53.387,"
1784216409.0364392,"01/01/2000,04:07:50.11,-997.07,-7.32,18.07,1.07,-1.63,-1.93,61.80,30.75,52.65,32.82,14.03,985.39,-40.26,428.75,-595.0,-227.50,1,53.387,"
1784216409.0584362,"01/01/2000,04:07:50.13,-1029.79,-13.67,-39.55,0.30,-0.07,-0.09,60.90,31.35,53.25,32.92,14.03,983.69,-39.28,192.50,-848.75,-262.50,1,53.388,"
1784216409.0707197,"01/01/2000,04:07:50.15,-986.82,-42.97,110.84,-0.23,-1.06,0.95,62.25,32.85,52.35,32.82,14.15,983.69,-38.67,-105.0,-1050.0,-157.50,1,53.387,"
1784216409.093238,"01/01/2000,04:07:50.17,-1012.70,-25.88,22.95,1.19,-0.92,3.34,61.20,31.35,54.0,32.73,14.40,985.88,-39.04,-35.0,-735.0,-271.25,1,53.387,"
1784216409.1107392,"01/01/2000,04:07:50.18,-1026.37,-38.57,60.55,0.66,0.37,0.24,61.95,31.35,52.95,32.92,14.15,987.10,-40.02,280.0,-770.0,-183.75,1,53.387,"
1784216409.1274414,"01/01/2000,04:07:50.20,-1023.44,-27.34,2.44,1.15,0.15,-0.21,63.15,30.60,52.95,32.92,14.15,986.25,-40.26,227.50,-507.50,-236.25,1,53.387,"
1784216409.148452,"01/01/2000,04:07:50.22,-1059.08,-29.30,-2.93,1.52,0.32,-2.80,62.25,30.0,53.40,32.58,14.27,986.86,-40.14,87.50,-770.0,-131.25,1,53.387,"
1784216409.1651874,"01/01/2000,04:07:50.24,-1001.95,-8.30,9.28,-0.77,1.51,-1.84,61.35,30.45,53.10,32.73,14.15,987.22,-40.26,17.50,-787.50,-210.0,1,53.388,"
1784216409.1827004,"01/01/2000,04:07:50.26,-1007.81,-21.97,50.78,-0.19,-0.35,0.61,63.0,30.75,54.15,32.73,14.27,985.52,-40.26,253.75,-682.50,-78.75,1,53.388,"
1784216409.1997294,"01/01/2000,04:07:50.27,-1000.98,-1.95,8.79,-3.43,2.05,-0.35,62.40,31.05,52.50,32.77,14.03,983.93,-39.53,437.50,-612.50,-280.0,1,53.388,"
1784216409.2210317,"01/01/2000,04:07:50.29,-993.65,-33.69,80.08,-0.82,-2.89,-0.23,61.80,30.45,54.15,32.92,13.91,983.93,-38.55,17.50,-761.25,-183.75,1,53.387,"
1784216409.2415483,"01/01/2000,04:07:50.31,-1038.09,4.88,-41.99,-0.79,-2.63,-0.92,62.25,30.75,53.10,32.73,14.03,986.00,-38.80,-236.25,-630.0,-122.50,1,53.387,"
1784216409.2552736,"01/01/2000,04:07:50.33,-1014.16,-28.81,41.02,-0.64,0.66,0.67,60.45,31.05,52.50,32.92,13.91,988.08,-40.26,70.0,-805.0,-306.25,1,53.388,"
1784216409.2787013,"01/01/2000,04:07:50.35,-1037.11,-22.95,23.93,-0.89,0.79,-1.13,61.95,29.40,52.95,32.92,14.40,988.57,-41.36,446.25,-752.50,-236.25,1,53.387,"
1784216409.2948868,"01/01/2000,04:07:50.37,-999.51,-22.95,46.39,-0.31,-0.59,-0.73,62.70,32.55,53.25,32.97,14.52,987.83,-41.36,192.50,-673.75,-192.50,1,53.388,"
1784216409.3108585,"01/01/2000,04:07:50.38,-1024.90,-31.25,21.00,0.48,1.58,1.98,61.35,31.65,52.65,32.77,14.40,987.71,-40.99,105.0,-691.25,-262.50,1,53.388,"
1784216409.328307,"01/01/2000,04:07:50.40,-1021.48,-8.79,32.71,0.15,1.76,-0.20,61.35,31.65,53.10,32.73,14.03,985.88,-39.89,0.0,-691.25,-271.25,1,53.388,"
1784216409.3496344,"01/01/2000,04:07:50.42,-1011.72,-30.76,29.79,1.12,0.76,-0.02,61.80,30.0,53.10,32.92,14.15,984.42,-38.55,306.25,-507.50,-297.50,1,53.388,"
1784216409.3711073,"01/01/2000,04:07:50.44,-1028.32,-44.43,59.08,-0.53,0.40,0.05,61.65,30.60,52.50,32.73,14.40,985.27,-38.06,-236.25,-341.25,-87.50,1,53.387,"
1784216409.3953652,"01/01/2000,04:07:50.47,-1011.23,-10.74,-24.41,0.46,-0.15,0.46,62.55,30.75,51.60,32.77,14.15,986.61,-38.92,113.75,-595.0,-210.0,1,53.387,"
1784216409.4170976,"01/01/2000,04:07:50.49,-985.35,-33.20,83.98,-1.20,-0.40,-0.66,60.60,31.20,52.35,32.82,14.15,986.61,-40.02,350.0,-638.75,-113.75,1,53.387,"
1784216409.4553263,"01/01/2000,04:07:50.53,-1023.93,-19.04,14.65,0.35,-0.82,1.94,62.55,32.85,53.10,32.92,13.91,988.32,-40.75,166.25,-752.50,-183.75,1,53.387,"
1784216409.490289,"01/01/2000,04:07:50.56,-968.75,-44.43,62.50,-0.37,-0.78,1.12,62.55,30.0,53.85,32.77,14.15,984.91,-39.53,358.75,-665.0,-148.75,1,53.387,"
1784216409.5120096,"01/01/2000,04:07:50.58,-1025.88,-14.65,20.02,-0.18,-1.15,0.36,62.70,32.55,53.25,32.77,14.03,984.05,-38.80,8.75,-656.25,-122.50,1,53.387,"
1784216409.5273433,"01/01/2000,04:07:50.60,-1035.16,-15.14,-14.16,0.61,-1.48,-0.40,61.20,31.35,53.25,33.11,13.79,985.76,-38.80,-8.75,-507.50,-105.0,1,53.387,"
1784216409.5441654,"01/01/2000,04:07:50.62,-1011.23,-15.63,90.82,-0.60,-0.69,1.89,62.70,31.05,52.95,32.77,13.91,987.10,-39.53,61.25,-647.50,-201.25,1,53.387,"
1784216409.582749,"01/01/2000,04:07:50.66,-1029.30,-18.55,90.82,-0.29,0.25,-0.90,61.20,31.05,53.70,32.77,14.52,986.74,-40.50,227.50,-481.25,-210.0,1,53.387,"
1784216409.6048717,"01/01/2000,04:07:50.67,-1016.11,-59.08,21.00,0.52,1.53,-1.30,61.05,31.95,51.90,32.58,14.15,986.74,-40.38,113.75,-752.50,-148.75,1,53.387,"
1784216409.61998,"01/01/2000,04:07:50.69,-1030.76,-42.48,0.98,1.64,0.85,2.40,61.05,31.95,51.90,32.73,13.91,987.47,-40.50,61.25,-525.0,-297.50,1,53.387,"
1784216409.6374836,"01/01/2000,04:07:50.71,-1013.18,-10.74,59.08,0.53,-2.52,-0.11,60.45,29.85,54.45,32.73,13.91,986.00,-40.14,358.75,-656.25,-183.75,1,53.387,"
1784216409.660959,"01/01/2000,04:07:50.73,-1024.41,-27.34,1.46,0.31,-0.02,0.60,62.25,31.95,52.35,32.73,14.40,983.93,-39.04,402.50,-490.0,-78.75,1,53.388,"
1784216409.6914117,"01/01/2000,04:07:50.76,-1039.55,-10.25,6.35,1.89,1.17,-1.03,63.15,31.80,53.25,32.92,14.40,986.25,-38.31,-210.0,-586.25,-105.0,1,53.387,"
1784216409.7107103,"01/01/2000,04:07:50.78,-998.54,-40.04,8.30,-0.97,1.66,-0.10,61.05,31.65,51.60,32.58,14.03,987.59,-39.77,-148.75,-647.50,-218.75,1,53.387,"
1784216409.728811,"01/01/2000,04:07:50.80,-1030.76,-14.65,44.43,0.92,-2.69,-0.24,61.65,31.05,52.50,32.92,14.15,986.86,-40.87,253.75,-691.25,-280.0,1,53.387,"
1784216409.745346,"01/01/2000,04:07:50.82,-1016.60,-32.23,4.88,0.23,2.07,-0.79,60.60,32.40,51.60,32.77,14.15,986.25,-41.11,385.0,-682.50,-227.50,1,53.388,"
1784216409.7705286,"01/01/2000,04:07:50.84,-1032.23,-24.90,-42.48,0.11,-0.39,-0.38,61.65,33.45,52.95,32.58,14.40,988.93,-40.99,-61.25,-673.75,-227.50,1,53.387,"
1784216409.7865338,"01/01/2000,04:07:50.86,-1013.67,-15.14,-31.74,0.61,-0.15,-0.60,60.90,32.25,52.20,32.92,14.15,988.93,-40.99,148.75,-691.25,-367.50,1,53.388,"
1784216409.8051414,"01/01/2000,04:07:50.88,-1002.44,-31.25,13.67,1.34,1.24,0.18,61.95,32.55,51.75,32.73,14.15,985.15,-40.02,507.50,-787.50,-227.50,1,53.388,"
1784216409.8228698,"01/01/2000,04:07:50.89,-1007.32,-7.81,40.53,0.04,0.60,-1.76,62.25,32.40,53.10,32.92,14.40,982.71,-38.31,253.75,-621.25,-131.25,1,53.387,"
1784216409.838603,"01/01/2000,04:07:50.91,-1029.30,-35.64,-39.06,0.20,-0.79,1.20,62.25,30.75,52.65,32.63,14.15,985.76,-37.82,-455.0,-875.0,-227.50,1,53.387,"
1784216409.8574073,"01/01/2000,04:07:50.93,-1017.58,16.60,0.0,-1.04,1.37,0.01,61.05,30.75,52.35,32.82,14.15,987.71,-39.04,-332.50,-621.25,-245.0,1,53.387,"
1784216409.8786914,"01/01/2000,04:07:50.95,-1037.11,-45.41,64.45,0.20,1.99,-0.63,61.95,32.25,51.75,32.92,14.27,987.35,-40.50,428.75,-901.25,-122.50,1,53.388,"
1784216409.8983405,"01/01/2000,04:07:50.97,-1029.79,-25.88,5.86,-0.07,0.56,-0.79,63.60,31.80,51.75,32.63,14.64,986.37,-41.48,490.0,-525.0,-166.25,1,53.387,"
1784216409.9221601,"01/01/2000,04:07:50.99,-1027.34,-15.14,-2.93,2.15,0.96,-4.27,62.55,29.55,53.85,32.92,14.15,988.69,-40.75,113.75,-516.25,-218.75,1,53.387,"
1784216409.9376585,"01/01/2000,04:07:51.01,-985.84,-11.72,-40.04,-0.57,0.11,1.44,62.25,32.85,54.15,32.73,13.91,987.47,-39.77,218.75,-892.50,-218.75,1,53.387,"
1784216409.9608464,"01/01/2000,04:07:51.03,-985.84,-38.57,4.88,-0.03,0.98,-0.90,63.15,32.25,51.75,32.63,14.27,984.54,-38.55,665.0,-918.75,-192.50,1,53.388,"
1784216409.970956,"01/01/2000,04:07:51.05,-1029.79,-6.35,14.65,0.66,2.34,0.98,64.05,31.95,53.10,33.16,15.01,983.93,-36.97,-105.0,-542.50,-113.75,1,53.387,"
1784216409.9945142,"01/01/2000,04:07:51.07,-1043.46,-33.20,18.07,1.89,1.33,0.66,60.45,30.60,55.50,32.92,14.52,987.22,-37.70,-700.0,-708.75,-175.0,1,53.387,"
1784216410.0119312,"01/01/2000,04:07:51.09,-1058.11,-33.20,60.06,-0.50,-1.34,1.86,61.80,30.45,51.90,32.63,14.15,988.20,-40.26,-157.50,-796.25,-236.25,1,53.387,"
1784216410.028612,"01/01/2000,04:07:51.10,-998.05,-29.30,22.95,-0.62,-0.46,1.11,62.70,32.55,52.95,32.63,13.91,987.35,-42.09,621.25,-752.50,-192.50,1,53.387,"
1784216410.0669932,"01/01/2000,04:07:51.14,-1017.09,-24.90,65.43,0.11,-0.91,-0.49,61.80,31.20,53.10,32.97,14.40,985.76,-41.24,560.0,-665.0,-332.50,1,53.387,"
1784216410.1014814,"01/01/2000,04:07:51.18,-1023.44,-16.60,21.97,0.68,-0.33,-0.94,62.70,33.0,52.50,32.82,14.15,986.49,-37.94,26.25,-595.0,-218.75,1,53.388,"
1784216410.1225088,"01/01/2000,04:07:51.20,-999.02,-3.91,-21.00,0.47,0.11,-0.52,63.30,31.95,51.60,32.73,14.27,984.91,-36.97,-192.50,-761.25,-113.75,1,53.387,"
1784216410.1379912,"01/01/2000,04:07:51.21,-1005.37,-19.53,76.66,-0.91,-1.25,-0.24,63.30,32.40,52.65,32.82,14.64,985.15,-37.58,-428.75,-726.25,-140.0,1,53.387,"
1784216410.1573362,"01/01/2000,04:07:51.23,-1004.39,-9.28,10.74,-0.47,-0.02,-0.79,63.30,33.15,52.65,32.82,14.76,985.52,-39.65,78.75,-560.0,-105.0,1,53.387,"
1784216410.1955655,"01/01/2000,04:07:51.27,-993.16,-7.32,-11.23,0.48,-0.85,0.09,62.55,32.40,51.90,32.92,14.15,986.86,-41.97,787.50,-945.0,-148.75,1,53.388,"
1784216410.2141669,"01/01/2000,04:07:51.29,-1026.86,-16.60,-29.30,0.82,1.12,-0.30,62.70,32.55,52.20,32.92,14.64,986.98,-40.50,376.25,-665.0,-350.0,1,53.388,"
1784216410.235805,"01/01/2000,04:07:51.30,-1019.53,-22.95,104.98,0.66,-0.39,0.58,62.55,32.40,52.65,32.73,14.88,988.20,-39.04,-315.0,-612.50,-210.0,1,53.388,"
1784216410.251364,"01/01/2000,04:07:51.32,-978.03,-26.37,59.08,1.97,2.15,0.38,64.05,31.65,53.10,32.77,14.64,987.47,-38.55,-385.0,-612.50,-323.75,1,53.388,"
1784216410.2687516,"01/01/2000,04:07:51.34,-1010.74,-21.00,34.18,0.95,0.66,-0.80,63.15,32.25,53.25,32.73,14.76,985.76,-39.04,-157.50,-761.25,-218.75,1,53.387,"
1784216410.288335,"01/01/2000,04:07:51.36,-1021.97,-9.28,57.62,-0.44,-1.73,2.02,63.15,31.05,52.95,32.58,14.64,983.93,-40.02,236.25,-805.0,-148.75,1,53.388,"
1784216410.3022425,"01/01/2000,04:07:51.38,-1016.60,-36.62,67.38,-0.39,-2.30,0.42,63.30,32.40,52.35,32.82,14.40,983.56,-40.38,420.0,-691.25,-297.50,1,53.388,"
1784216410.3248653,"01/01/2000,04:07:51.40,-1013.67,-41.02,43.95,0.41,-3.03,1.71,63.0,33.60,51.60,32.77,14.64,986.25,-39.89,350.0,-752.50,-52.50,1,53.388,"
1784216410.3384092,"01/01/2000,04:07:51.42,-1021.48,-9.77,19.04,1.49,-1.09,0.07,62.25,33.15,53.10,32.92,14.64,987.47,-39.04,61.25,-656.25,-236.25,1,53.388,"
1784216410.359363,"01/01/2000,04:07:51.43,-1030.76,-2.44,73.73,-1.14,0.55,-0.78,62.40,32.25,52.50,32.97,14.76,987.35,-38.19,-26.25,-796.25,-253.75,1,53.388,"
1784216410.3826535,"01/01/2000,04:07:51.45,-1014.65,-32.71,48.83,-1.94,-0.80,0.15,62.55,32.85,53.10,32.77,14.76,987.71,-38.31,-148.75,-603.75,-192.50,1,53.388,"
1784216410.3976324,"01/01/2000,04:07:51.47,-1047.85,-14.16,19.53,-0.40,-0.98,1.30,61.80,32.85,51.90,32.77,14.40,987.96,-40.02,-157.50,-621.25,-315.0,1,53.387,"
1784216410.4220774,"01/01/2000,04:07:51.50,-996.09,-4.39,17.09,0.98,-0.16,0.61,59.55,29.55,55.05,32.82,13.91,984.30,-41.11,673.75,-1050.0,-166.25,1,53.387,"
1784216410.4381475,"01/01/2000,04:07:51.52,-1019.53,-22.46,26.86,-0.24,0.96,-2.98,61.20,31.80,52.95,32.77,14.64,983.69,-39.77,568.75,-612.50,-175.0,1,53.387,"
1784216410.4644823,"01/01/2000,04:07:51.54,-1041.99,-30.76,31.74,0.48,-1.53,-0.31,63.30,32.85,52.35,32.97,14.64,986.49,-38.43,-157.50,-367.50,-306.25,1,53.387,"
1784216410.4817624,"01/01/2000,04:07:51.55,-1016.11,-37.11,-4.39,1.89,0.47,2.34,61.65,32.25,54.75,32.82,14.40,988.69,-38.31,-490.0,-831.25,-183.75,1,53.387,"
1784216410.4982135,"01/01/2000,04:07:51.57,-1008.30,-24.90,26.37,-0.76,0.66,0.97,62.70,33.0,52.50,33.11,14.52,988.08,-39.53,-70.0,-770.0,-236.25,1,53.387,"
1784216410.5160747,"01/01/2000,04:07:51.59,-1036.13,-26.86,33.20,-0.40,-0.39,0.44,63.15,33.45,52.95,32.73,14.64,986.98,-40.87,140.0,-673.75,-218.75,1,53.388,"
1784216410.5373724,"01/01/2000,04:07:51.61,-1027.34,-37.60,40.04,0.71,-1.10,1.05,63.90,32.55,52.50,32.73,14.52,986.74,-41.97,525.0,-726.25,-245.0,1,53.387,"
1784216410.5709515,"01/01/2000,04:07:51.65,-1000.98,-31.25,-36.62,3.14,-2.10,0.17,63.0,31.95,52.65,33.06,14.40,984.42,-40.02,717.50,-647.50,-271.25,1,53.387,"
1784216410.5892382,"01/01/2000,04:07:51.66,-1045.90,-3.42,-32.71,2.17,2.03,-0.87,63.0,34.05,52.35,32.97,14.88,984.42,-37.33,61.25,-481.25,-201.25,1,53.387,"
1784216410.6273336,"01/01/2000,04:07:51.70,-1016.11,-21.97,20.51,-0.92,1.91,-0.18,62.25,32.85,52.35,32.92,14.64,987.10,-37.09,-743.75,-533.75,-253.75,1,53.387,"
1784216410.6463625,"01/01/2000,04:07:51.72,-1009.28,-12.70,40.04,0.45,-0.39,-0.05,61.95,33.75,52.20,32.77,14.40,986.61,-40.02,-323.75,-708.75,-183.75,1,53.388,"
1784216410.6663215,"01/01/2000,04:07:51.74,-1023.44,-29.30,81.05,-0.33,-1.93,-1.50,62.25,32.40,52.35,32.92,14.52,985.39,-43.43,682.50,-787.50,-262.50,1,53.388,"
1784216410.6836066,"01/01/2000,04:07:51.76,-1033.20,-20.02,15.63,-1.37,-0.67,0.52,61.35,32.85,52.65,32.92,14.76,986.00,-43.92,936.25,-717.50,-192.50,1,53.388,"
1784216410.7011528,"01/01/2000,04:07:51.77,-1003.91,-8.30,13.67,0.89,-0.34,2.36,63.90,32.25,52.20,32.73,15.01,986.86,-41.85,638.75,-525.0,-157.50,1,53.387,"
1784216410.7180145,"01/01/2000,04:07:51.79,-1027.83,-4.39,4.39,-1.51,0.91,-1.23,63.30,31.65,52.65,32.92,15.01,986.74,-39.53,577.50,-673.75,-157.50,1,53.387,"
1784216410.7450812,"01/01/2000,04:07:51.81,-1036.13,-21.00,-21.48,1.09,-1.07,0.72,61.95,32.25,52.50,32.77,14.76,989.66,-35.75,-253.75,-603.75,-201.25,1,53.387,"
1784216410.756711,"01/01/2000,04:07:51.83,-1065.92,-41.50,36.13,-0.50,1.93,-0.39,62.55,33.15,51.60,33.06,14.40,993.81,-35.99,-1163.75,-1050.0,-218.75,1,53.387,"
1784216410.773776,"01/01/2000,04:07:51.85,-1025.39,-18.55,9.77,0.85,-1.27,1.43,63.60,33.0,52.20,32.63,14.64,995.28,-39.28,-962.50,-831.25,-332.50,1,53.388,"
1784216410.7913308,"01/01/2000,04:07:51.86,-1007.32,-0.98,-2.93,0.15,0.18,0.19,65.85,33.0,52.20,32.77,15.13,994.18,-43.55,656.25,-752.50,-70.0,1,53.388,"
1784216410.8120198,"01/01/2000,04:07:51.89,-1029.30,-20.02,58.11,0.60,-1.18,0.89,64.35,30.60,52.20,32.73,14.88,992.59,-45.38,1321.25,-717.50,-210.0,1,53.388,"
1784216410.8328223,"01/01/2000,04:07:51.90,-1023.44,-9.28,20.51,0.61,-1.58,0.71,62.55,31.65,51.15,32.58,14.88,993.45,-43.68,805.0,-376.25,-192.50,1,53.388,"
1784216410.8639603,"01/01/2000,04:07:51.94,-1040.04,-18.55,0.0,0.35,-0.92,0.40,63.60,32.25,51.30,32.82,14.15,997.84,-39.28,-446.25,-1242.50,-148.75,1,53.388,"
1784216410.887607,"01/01/2000,04:07:51.96,-1041.02,-28.32,-85.94,3.79,-0.23,-3.23,62.55,32.40,51.15,32.73,14.40,1001.62,-39.28,-621.25,-1111.25,-183.75,1,53.388,"
1784216410.9023678,"01/01/2000,04:07:51.98,-966.31,1.95,63.48,1.46,1.18,1.73,64.35,33.75,52.50,32.63,15.13,1001.13,-40.50,-402.50,-848.75,-245.0,1,53.388,"
1784216410.9194129,"01/01/2000,04:07:51.99,-1101.07,17.09,-72.75,-0.83,-0.39,1.34,63.60,31.80,51.30,33.06,15.13,996.62,-42.58,183.75,-726.25,-61.25,1,53.388,"
1784216410.9463437,"01/01/2000,04:07:52.02,-973.63,-1.95,48.83,-0.18,1.78,0.0,61.20,31.05,53.70,32.92,14.40,992.47,-43.68,1023.75,-595.0,-323.75,1,53.387,"
1784216410.9671972,"01/01/2000,04:07:52.04,-1055.66,19.04,6.35,2.40,-0.96,-1.96,62.70,33.45,51.30,32.58,14.40,993.81,-41.48,1076.25,-717.50,-253.75,1,53.387,"
1784216410.9848104,"01/01/2000,04:07:52.06,-1082.03,-38.09,46.88,-1.16,1.58,-0.81,63.60,32.55,51.75,32.82,14.64,996.98,-38.67,-376.25,-752.50,-280.0,1,53.388,"
1784216411.001338,"01/01/2000,04:07:52.07,-1028.32,-15.14,-53.71,3.22,1.40,-2.11,63.60,32.25,52.95,33.11,15.01,995.40,-37.82,-1382.50,-1190.0,-52.50,1,53.387,"
1784216411.0275443,"01/01/2000,04:07:52.10,-1003.42,0.98,27.34,0.46,-2.80,-1.50,64.35,32.25,52.50,32.97,14.52,989.54,-40.50,227.50,-1163.75,-201.25,1,53.387,"
1784216411.0441513,"01/01/2000,04:07:52.11,-1021.00,-19.04,59.08,1.33,0.34,-0.08,61.05,32.85,52.65,32.77,14.40,987.35,-42.33,1198.75,-647.50,-201.25,1,53.387,"
1784216411.0622518,"01/01/2000,04:07:52.13,-1021.00,-27.34,12.70,-1.06,-2.02,-0.16,63.15,33.75,52.95,32.77,14.88,987.71,-42.21,1050.0,-157.50,-210.0,1,53.387,"
1784216411.070654,"01/01/2000,04:07:52.15,-1008.79,-16.11,-27.83,1.50,-0.21,-0.79,62.25,33.15,51.90,32.73,14.76,989.91,-40.26,245.0,-420.0,-350.0,1,53.388,"
1784216411.0969956,"01/01/2000,04:07:52.17,-1012.70,-17.09,3.42,-0.18,-1.43,-0.29,62.55,31.95,51.90,32.92,14.88,989.42,-37.82,-271.25,-1251.25,-43.75,1,53.387,"
1784216411.1307356,"01/01/2000,04:07:52.20,-1033.20,2.93,-87.89,1.29,0.05,-3.65,62.55,33.60,50.85,32.73,15.13,987.83,-39.04,-192.50,-393.75,-183.75,1,53.388,"
1784216411.1573083,"01/01/2000,04:07:52.23,-1028.32,-28.32,83.50,-1.98,-2.13,0.72,61.80,31.20,54.60,32.97,14.40,986.98,-41.36,673.75,-490.0,-350.0,1,53.387,"
1784216411.1695404,"01/01/2000,04:07:52.24,-1009.28,-0.98,-3.42,1.22,-0.53,-0.89,62.70,32.25,52.95,32.92,14.40,986.25,-41.24,936.25,-945.0,-218.75,1,53.387,"
1784216411.1868613,"01/01/2000,04:07:52.26,-1023.44,-22.95,18.07,-0.62,-0.24,1.76,62.25,33.60,51.60,32.77,15.13,986.74,-39.53,315.0,-691.25,-210.0,1,53.387,"
1784216411.2120717,"01/01/2000,04:07:52.28,-1002.44,-33.69,0.98,-0.92,-3.15,0.08,63.60,33.45,52.20,32.97,15.37,987.71,-38.43,-253.75,-402.50,-271.25,1,53.388,"
1784216411.2274077,"01/01/2000,04:07:52.30,-1012.21,-23.44,89.84,-1.53,0.74,-1.95,62.25,34.80,52.35,32.73,14.88,987.59,-38.06,-402.50,-665.0,-70.0,1,53.388,"
1784216411.2441745,"01/01/2000,04:07:52.32,-1021.48,-35.64,20.51,-1.07,1.24,0.62,63.0,33.15,52.35,32.82,14.40,986.25,-39.41,-87.50,-1058.75,-157.50,1,53.388,"
1784216411.259513,"01/01/2000,04:07:52.33,-1018.55,-9.77,36.62,-0.55,-0.75,-0.11,64.05,33.15,51.90,32.77,14.52,985.76,-40.75,516.25,-752.50,-262.50,1,53.388,"
1784216411.2774315,"01/01/2000,04:07:52.35,-1018.07,-24.41,71.78,-2.44,-0.18,-0.04,64.05,32.40,51.60,32.73,14.88,986.25,-40.87,630.0,-367.50,-315.0,1,53.388,"
1784216411.2978616,"01/01/2000,04:07:52.37,-1020.51,-30.76,14.65,-0.76,0.05,2.62,62.70,33.0,52.20,32.77,15.01,986.49,-39.89,280.0,-603.75,-227.50,1,53.387,"
1784216411.315346,"01/01/2000,04:07:52.39,-1023.44,-25.88,-13.67,0.89,0.82,1.77,63.30,34.05,51.15,32.82,14.76,986.86,-38.31,-166.25,-726.25,-218.75,1,53.388,"
1784216411.3380463,"01/01/2000,04:07:52.41,-1025.39,-36.62,0.49,1.24,1.82,2.24,64.05,33.15,51.90,32.92,14.64,987.22,-38.06,-306.25,-822.50,-218.75,1,53.388,"
1784216411.369319,"01/01/2000,04:07:52.44,-1029.30,1.95,0.0,2.10,-2.27,-1.21,62.70,33.45,51.30,32.73,14.40,986.00,-40.50,411.25,-673.75,-140.0,1,53.388,"
1784216411.3878424,"01/01/2000,04:07:52.46,-1043.46,-14.65,-8.30,-1.01,1.06,0.05,63.30,34.35,50.40,33.06,14.88,985.76,-40.87,665.0,-691.25,-113.75,1,53.388,"
1784216411.4259102,"01/01/2000,04:07:52.50,-1009.77,5.86,-7.32,0.26,-0.40,1.86,62.55,32.85,50.10,32.73,14.52,987.10,-38.31,-166.25,-673.75,-140.0,1,53.388,"
1784216411.4502528,"01/01/2000,04:07:52.52,-1012.70,-10.74,39.06,1.19,1.16,1.24,63.90,33.45,52.50,32.73,14.27,986.74,-38.43,-332.50,-752.50,-96.25,1,53.387,"
1784216411.48851,"01/01/2000,04:07:52.56,-995.12,-21.48,27.83,-0.22,1.81,-3.08,62.25,29.55,54.60,32.82,14.76,986.13,-40.50,446.25,-542.50,-96.25,1,53.387,"
1784216411.5093138,"01/01/2000,04:07:52.58,-1013.67,-3.42,20.51,0.96,0.23,-1.07,63.0,34.05,51.60,33.06,14.88,986.13,-40.26,420.0,-542.50,-218.75,1,53.387,"
1784216411.5273533,"01/01/2000,04:07:52.60,-1008.30,-25.88,-32.71,-0.59,-1.38,0.57,63.15,32.55,51.75,32.73,14.64,986.74,-39.16,157.50,-717.50,-122.50,1,53.387,"
1784216411.5440886,"01/01/2000,04:07:52.62,-974.61,-10.74,59.08,0.46,3.05,0.50,61.95,33.45,51.30,32.73,14.40,986.98,-38.55,-131.25,-691.25,-297.50,1,53.388,"
1784216411.5827124,"01/01/2000,04:07:52.66,-1010.25,5.86,12.21,1.82,0.01,-2.18,63.0,32.40,52.35,32.73,14.64,986.37,-40.02,148.75,-761.25,-210.0,1,53.387,"
1784216411.6163502,"01/01/2000,04:07:52.69,-1044.92,-12.21,18.07,1.07,-0.28,1.21,63.30,33.15,51.15,32.73,14.88,985.64,-40.14,455.0,-595.0,-315.0,1,53.387,"
1784216411.6378999,"01/01/2000,04:07:52.71,-994.14,-27.34,41.02,-1.36,-0.82,0.64,63.60,32.25,51.75,32.97,14.52,986.49,-39.16,52.50,-621.25,-245.0,1,53.387,"
1784216411.654506,"01/01/2000,04:07:52.73,-994.14,-3.42,-16.11,3.85,1.72,-1.86,63.30,32.40,52.35,32.77,14.64,987.10,-38.43,-78.75,-778.75,-262.50,1,53.388,"
1784216411.689532,"01/01/2000,04:07:52.76,-987.30,-2.44,-52.73,1.43,0.12,-0.36,63.0,33.15,52.65,32.77,14.76,986.25,-39.41,87.50,-778.75,-227.50,1,53.388,"
1784216411.7278597,"01/01/2000,04:07:52.80,-1002.44,-4.39,15.63,-1.05,-1.34,0.54,63.60,32.55,52.95,32.82,14.64,985.76,-40.02,323.75,-691.25,-175.0,1,53.387,"
1784216411.7443717,"01/01/2000,04:07:52.82,-1011.72,-36.13,109.38,1.05,-0.51,-0.53,62.70,32.25,51.75,32.58,14.76,986.25,-39.28,297.50,-568.75,-201.25,1,53.388,"
1784216411.7621949,"01/01/2000,04:07:52.84,-986.33,-11.23,36.62,-0.09,-0.30,0.69,62.70,32.25,51.75,32.58,14.64,986.98,-38.55,-122.50,-621.25,-175.0,1,53.388,"
1784216411.7837534,"01/01/2000,04:07:52.86,-1043.46,-7.81,9.77,1.78,0.34,0.89,63.30,31.65,54.60,32.92,14.64,986.98,-38.92,-157.50,-612.50,-236.25,1,53.388,"
1784216411.817999,"01/01/2000,04:07:52.89,-1052.73,-28.81,7.32,-0.34,0.60,0.93,63.0,32.40,50.10,32.82,14.88,985.76,-40.50,306.25,-761.25,-183.75,1,53.388,"
1784216411.844189,"01/01/2000,04:07:52.91,-1015.14,-5.86,-45.90,1.94,0.43,1.39,63.15,32.25,51.75,32.82,14.88,985.88,-40.26,253.75,-446.25,-236.25,1,53.388,"
1784216411.8554304,"01/01/2000,04:07:52.93,-1020.02,-13.18,-25.39,2.50,0.11,0.59,62.25,32.85,51.60,32.77,14.88,986.13,-39.41,236.25,-647.50,-218.75,1,53.388,"
1784216411.872408,"01/01/2000,04:07:52.95,-1009.77,-25.39,34.18,1.02,-0.02,1.08,64.95,34.35,52.35,32.73,14.64,986.61,-38.80,-61.25,-831.25,-271.25,1,53.388,"
1784216411.8901217,"01/01/2000,04:07:52.96,-1003.42,-40.04,49.32,1.75,1.31,0.0,64.95,34.35,52.35,32.77,15.01,986.74,-38.80,-148.75,-717.50,-96.25,1,53.388,"
1784216411.9107757,"01/01/2000,04:07:52.99,-1008.30,-27.83,1.46,0.05,-0.89,-0.51,63.0,33.60,53.10,32.73,15.13,986.13,-39.77,140.0,-647.50,-271.25,1,53.388,"
1784216411.9289625,"01/01/2000,04:07:53.00,-996.58,-6.35,-15.14,3.08,1.06,-1.15,63.60,31.05,52.20,32.63,15.13,985.88,-40.26,306.25,-525.0,-280.0,1,53.388,"
1784216411.9463801,"01/01/2000,04:07:53.02,-1034.67,-14.65,39.06,0.69,1.54,-3.68,62.70,33.0,52.50,33.11,14.88,986.13,-40.02,393.75,-691.25,-332.50,1,53.388,"
1784216411.97856,"01/01/2000,04:07:53.04,-992.68,3.91,-102.05,1.69,-1.07,2.09,62.70,32.25,51.30,32.82,14.88,986.49,-39.16,87.50,-603.75,-245.0,1,53.388,"
1784216411.9945357,"01/01/2000,04:07:53.07,-986.33,-18.07,47.85,0.73,-2.27,1.99,62.55,33.15,52.65,32.44,14.76,986.49,-38.80,-113.75,-743.75,-253.75,1,53.388,"
1784216412.0085514,"01/01/2000,04:07:53.08,-1018.07,-12.21,-25.88,-0.60,-1.82,-0.01,62.55,33.15,51.90,33.06,14.88,986.25,-39.28,113.75,-630.0,-140.0,1,53.388,"
1784216412.0274007,"01/01/2000,04:07:53.10,-996.09,-44.43,-47.36,-0.18,-1.66,0.04,62.70,32.55,52.20,32.92,14.88,986.13,-40.02,288.75,-813.75,-157.50,1,53.387,"
1784216412.055366,"01/01/2000,04:07:53.12,-1022.46,-19.04,0.49,1.35,-0.38,0.14,64.50,33.60,51.60,32.77,14.76,985.88,-40.26,437.50,-665.0,-52.50,1,53.387,"
1784216412.0705688,"01/01/2000,04:07:53.14,-1000.0,-28.32,45.41,0.43,-0.40,-1.86,61.95,31.80,52.50,32.92,14.64,986.25,-39.77,262.50,-647.50,-297.50,1,53.388,"
1784216412.083652,"01/01/2000,04:07:53.16,-1004.88,-22.95,-48.34,2.75,-1.08,0.37,63.0,34.80,51.60,32.73,14.88,986.61,-39.04,210.0,-831.25,-218.75,1,53.388,"
1784216412.121275,"01/01/2000,04:07:53.20,-1007.32,-27.83,37.11,-0.05,-0.61,0.11,64.50,32.40,53.10,32.92,14.64,986.25,-39.28,70.0,-586.25,-236.25,1,53.388,"
1784216412.1441648,"01/01/2000,04:07:53.21,-984.38,-6.35,12.21,-0.47,0.56,3.76,63.90,32.25,52.50,32.92,14.40,986.13,-40.02,227.50,-665.0,-463.75,1,53.388,"
1784216412.16121,"01/01/2000,04:07:53.23,-1021.00,-20.02,-8.79,1.25,-0.05,3.04,64.05,33.60,52.65,32.92,14.64,986.00,-40.14,420.0,-673.75,-271.25,1,53.388,"
1784216412.1941967,"01/01/2000,04:07:53.27,-1007.81,-47.85,7.81,-2.15,-0.53,1.40,63.60,30.15,54.0,32.73,14.88,986.61,-39.16,105.0,-682.50,-157.50,1,53.388,"
1784216412.227565,"01/01/2000,04:07:53.30,-1008.79,-34.18,-47.85,1.32,-1.02,0.55,63.15,33.45,51.30,32.73,14.52,986.37,-38.92,131.25,-735.0,-157.50,1,53.388,"
1784216412.2454436,"01/01/2000,04:07:53.32,-1017.09,-32.71,45.90,-0.95,0.98,0.40,63.90,33.45,51.75,32.73,14.64,986.37,-39.41,122.50,-647.50,-227.50,1,53.388,"
1784216412.283641,"01/01/2000,04:07:53.36,-997.56,17.58,23.44,-1.56,-1.18,-1.37,62.70,33.0,52.20,32.82,14.88,986.00,-39.65,262.50,-638.75,-253.75,1,53.388,"
1784216412.3065712,"01/01/2000,04:07:53.37,-1027.34,-31.74,56.64,1.11,-3.50,1.89,63.75,33.15,50.85,32.92,14.76,986.25,-39.04,113.75,-691.25,-227.50,1,53.388,"
1784216412.3220687,"01/01/2000,04:07:53.40,-1000.0,-2.93,-19.53,0.41,-0.72,-1.21,63.0,32.40,53.10,32.73,14.52,986.86,-38.67,-105.0,-516.25,-385.0,1,53.388,"
1784216412.338629,"01/01/2000,04:07:53.41,-1008.79,-42.97,53.71,1.08,-1.28,1.87,60.90,32.55,53.25,32.92,14.64,986.37,-39.04,131.25,-761.25,-210.0,1,53.388,"
1784216412.3562086,"01/01/2000,04:07:53.43,-1017.58,-36.62,-13.18,-0.43,-0.85,2.24,63.15,32.25,51.75,32.73,14.76,985.76,-39.65,175.0,-682.50,-157.50,1,53.388,"
1784216412.3711321,"01/01/2000,04:07:53.45,-983.40,0.49,-14.16,-0.30,-0.48,0.68,62.55,31.65,51.60,32.73,14.88,985.88,-39.89,376.25,-638.75,-70.0,1,53.388,"
1784216412.3945324,"01/01/2000,04:07:53.47,-1029.30,-2.93,23.44,-0.03,-3.62,-2.37,63.90,31.05,53.25,32.73,15.01,986.25,-39.65,288.75,-568.75,-166.25,1,53.388,"
1784216412.4296901,"01/01/2000,04:07:53.50,-1013.67,-27.34,-29.79,2.44,-0.31,-1.47,63.60,33.45,52.50,32.82,14.76,986.49,-38.67,-17.50,-691.25,-218.75,1,53.388,"
1784216412.4464028,"01/01/2000,04:07:53.52,-1014.16,8.30,7.81,0.14,2.86,0.44,63.75,32.85,51.90,32.63,14.76,986.74,-39.04,-87.50,-752.50,-280.0,1,53.388,"
1784216412.4681437,"01/01/2000,04:07:53.54,-1020.02,-37.11,54.69,-0.92,0.16,-1.97,62.55,31.95,51.60,32.77,14.88,986.00,-39.53,306.25,-682.50,-297.50,1,53.388,"
1784216412.4954543,"01/01/2000,04:07:53.57,-995.12,-45.41,63.96,0.33,-1.50,-0.22,63.60,33.75,51.0,32.92,14.88,985.76,-39.53,323.75,-577.50,-183.75,1,53.388,"
1784216412.513006,"01/01/2000,04:07:53.59,-1012.21,-13.18,33.69,2.06,1.67,0.30,63.60,32.25,52.95,32.58,14.88,986.25,-39.28,148.75,-665.0,-201.25,1,53.388,"
1784216412.5339339,"01/01/2000,04:07:53.61,-1019.04,-22.95,10.25,2.14,1.42,-2.63,61.95,33.0,51.0,32.92,14.88,986.25,-38.80,-43.75,-770.0,-201.25,1,53.388,"
1784216412.556199,"01/01/2000,04:07:53.62,-1033.20,-13.67,62.50,0.84,0.19,-0.80,63.30,31.65,51.15,33.11,14.88,986.25,-38.92,-105.0,-761.25,-271.25,1,53.388,"
1784216412.5859947,"01/01/2000,04:07:53.66,-1026.37,-0.98,14.65,0.09,-2.42,-3.53,63.75,31.65,52.65,32.82,14.76,986.13,-39.65,306.25,-428.75,-288.75,1,53.388,"
1784216412.604717,"01/01/2000,04:07:53.68,-993.16,-9.28,-43.46,1.64,1.0,0.85,63.75,32.40,51.60,32.77,14.76,985.76,-39.65,367.50,-700.0,-262.50,1,53.388,"
1784216412.627423,"01/01/2000,04:07:53.70,-1033.69,-21.00,-76.66,2.11,1.79,1.01,62.70,31.80,52.50,32.73,14.64,986.13,-39.28,183.75,-708.75,-288.75,1,53.388,"
1784216412.6440864,"01/01/2000,04:07:53.72,-1040.53,2.44,18.55,2.04,-0.44,0.26,62.70,32.55,52.20,32.77,14.76,986.61,-38.92,-96.25,-568.75,-52.50,1,53.388,"
1784216412.660816,"01/01/2000,04:07:53.73,-1062.99,-26.37,-26.37,-1.44,-1.15,-0.27,63.60,32.55,51.75,32.92,14.76,986.37,-38.92,35.0,-525.0,-315.0,1,53.388,"
1784216412.679126,"01/01/2000,04:07:53.75,-1019.04,-7.32,36.62,-0.50,-0.02,-0.82,64.50,33.15,50.10,32.73,14.76,986.25,-39.28,245.0,-700.0,-78.75,1,53.388,"
1784216412.6964438,"01/01/2000,04:07:53.77,-1024.41,-33.69,57.13,-0.73,-1.39,0.66,63.30,33.60,51.90,32.73,14.88,986.25,-39.77,227.50,-568.75,-201.25,1,53.388,"
1784216412.731034,"01/01/2000,04:07:53.80,-1014.65,-9.77,38.57,-0.24,0.46,-1.92,63.75,34.05,50.10,32.82,14.88,986.13,-39.41,271.25,-673.75,-315.0,1,53.388,"
1784216412.7524903,"01/01/2000,04:07:53.83,-986.33,-11.72,24.41,-1.76,1.21,1.39,63.75,31.95,50.85,32.44,14.88,986.25,-39.04,-61.25,-726.25,-332.50,1,53.388,"
1784216412.7859936,"01/01/2000,04:07:53.86,-1012.70,-34.67,27.34,0.78,0.47,-2.15,63.90,32.55,52.20,32.73,15.01,986.25,-39.41,61.25,-560.0,-306.25,1,53.388,"
1784216412.8107579,"01/01/2000,04:07:53.88,-1002.93,-28.81,42.97,0.14,0.76,2.02,64.50,31.95,51.90,32.97,14.88,986.00,-39.65,236.25,-735.0,-105.0,1,53.388,"
1784216412.824062,"01/01/2000,04:07:53.90,-1026.37,-14.65,-14.16,0.47,-0.31,0.53,62.55,33.15,51.60,33.06,15.01,986.13,-39.77,192.50,-673.75,-245.0,1,53.388,"
1784216412.8413508,"01/01/2000,04:07:53.92,-1007.32,-32.71,17.58,-1.25,-1.85,0.20,62.25,32.40,51.60,32.58,15.13,986.13,-39.53,210.0,-682.50,-201.25,1,53.388,"
1784216412.858951,"01/01/2000,04:07:53.93,-1025.39,-16.11,28.32,0.98,0.51,0.71,63.15,33.0,51.30,32.77,15.13,986.25,-39.16,105.0,-691.25,-17.50,1,53.388,"
1784216412.879634,"01/01/2000,04:07:53.95,-1019.04,-33.20,88.87,-0.60,-1.57,-2.06,63.90,33.75,52.20,32.82,14.88,986.49,-39.16,140.0,-682.50,-201.25,1,53.388,"
1784216412.913936,"01/01/2000,04:07:53.99,-1000.49,-5.37,38.57,1.18,0.37,1.53,64.05,34.05,51.60,32.77,14.88,985.76,-39.53,166.25,-673.75,-175.0,1,53.388,"
1784216412.9366195,"01/01/2000,04:07:54.01,-1023.93,-11.23,54.20,1.50,1.80,-1.99,63.15,33.45,50.55,33.11,15.01,986.13,-39.65,175.0,-481.25,-236.25,1,53.388,"
1784216412.953237,"01/01/2000,04:07:54.03,-1017.58,-29.30,29.79,-0.28,1.99,-1.57,63.30,33.15,50.40,32.92,14.64,986.25,-39.65,122.50,-708.75,-446.25,1,53.388,"
1784216412.987661,"01/01/2000,04:07:54.06,-998.05,-5.86,62.01,-0.53,-0.76,-0.51,63.30,32.85,51.60,32.97,15.01,984.78,-42.94,-831.25,-551.25,-148.75,1,53.388,"
1784216413.0150273,"01/01/2000,04:07:54.09,-1020.02,-28.81,140.63,0.08,-2.64,-0.01,64.05,32.40,52.35,32.73,14.76,982.47,-48.19,953.75,-612.50,-262.50,1,53.388,"
1784216413.0353835,"01/01/2000,04:07:54.11,-1029.79,-34.18,34.67,-0.15,0.40,0.81,60.60,31.95,52.65,33.06,14.88,987.83,-50.26,621.25,-420.0,-341.25,1,53.388,"
1784216413.054465,"01/01/2000,04:07:54.13,-1022.95,-3.91,12.70,-0.66,-0.02,1.50,61.80,30.45,54.15,33.06,15.01,989.66,-49.65,498.75,-533.75,-201.25,1,53.388,"
1784216413.070836,"01/01/2000,04:07:54.14,-1043.95,-21.00,25.39,-0.22,1.47,0.57,63.0,33.60,51.60,32.73,15.01,987.83,-48.31,0.0,-1050.0,-113.75,1,53.388,"
1784216413.0907984,"01/01/2000,04:07:54.16,-984.38,-41.02,12.21,-0.18,1.75,0.02,63.60,32.55,52.50,32.77,14.88,986.49,-47.34,-656.25,-708.75,-148.75,1,53.388,"
1784216413.1050582,"01/01/2000,04:07:54.18,-1003.91,-15.14,46.39,0.09,-0.47,-0.85,62.55,32.40,51.90,32.73,15.25,986.74,-49.29,-988.75,-245.0,-280.0,1,53.388,"
1784216413.125115,"01/01/2000,04:07:54.20,-988.28,-24.90,49.32,2.89,1.22,-0.65,63.60,32.25,52.50,32.73,14.76,986.13,-53.44,-253.75,-385.0,-227.50,1,53.388,"
1784216413.1380982,"01/01/2000,04:07:54.22,-1023.93,-5.86,-47.36,3.07,-3.08,-1.28,63.15,34.20,51.30,32.77,14.40,984.42,-56.61,1321.25,-980.0,-288.75,1,53.388,"
1784216413.1643393,"01/01/2000,04:07:54.24,-1015.63,-24.90,35.64,-1.08,-3.53,-1.72,62.40,31.80,52.20,32.73,15.37,983.56,-54.17,1890.0,-533.75,-43.75,1,53.388,"
1784216413.1884665,"01/01/2000,04:07:54.26,-1023.93,-18.07,27.34,-0.22,-1.27,0.14,63.30,33.60,50.40,32.77,15.13,985.15,-47.95,638.75,-175.0,-218.75,1,53.388,"
1784216413.2006884,"01/01/2000,04:07:54.27,-1009.28,-6.84,-4.39,0.95,0.93,1.43,61.95,32.55,52.20,32.77,14.64,987.22,-43.55,-507.50,-630.0,-175.0,1,53.388,"
1784216413.2189493,"01/01/2000,04:07:54.29,-1019.53,-22.95,12.70,-0.85,0.85,3.82,61.95,31.80,51.0,32.44,14.15,989.05,-40.26,-1163.75,-813.75,-306.25,1,53.388,"
1784216413.2363884,"01/01/2000,04:07:54.31,-1018.55,-38.57,133.30,0.14,0.76,-0.31,63.60,31.05,53.70,32.63,14.40,987.83,-42.94,-1321.25,-1172.50,-140.0,1,53.388,"
1784216413.2711236,"01/01/2000,04:07:54.35,-1043.95,-16.11,40.53,1.92,-4.04,0.25,63.90,33.45,52.20,32.82,15.01,983.44,-51.00,1610.0,-533.75,-306.25,1,53.388,"
1784216413.2947118,"01/01/2000,04:07:54.37,-1043.46,-36.13,22.46,-1.34,-0.55,2.24,63.0,33.15,51.60,32.73,14.88,983.81,-49.17,1968.75,-332.50,-227.50,1,53.388,"
1784216413.3107953,"01/01/2000,04:07:54.38,-1011.23,-48.83,55.66,-0.26,-0.58,0.36,63.15,34.65,52.50,33.06,14.64,985.76,-42.70,945.0,-577.50,-262.50,1,53.388,"
1784216413.3287644,"01/01/2000,04:07:54.40,-1031.74,-24.90,24.41,-1.18,0.32,-1.22,61.95,34.95,51.75,32.73,14.88,988.20,-35.87,-446.25,-936.25,-157.50,1,53.388,"
1784216413.3454833,"01/01/2000,04:07:54.42,-986.33,5.86,34.18,-0.47,4.61,1.95,61.95,34.95,51.75,32.92,15.37,989.66,-33.06,-1872.50,-673.75,-96.25,1,53.388,"
1784216413.3661728,"01/01/2000,04:07:54.44,-989.75,16.60,-33.20,2.40,-0.20,0.82,62.55,31.65,54.15,32.92,15.01,988.57,-35.87,-1128.75,-848.75,-131.25,1,53.388,"
1784216413.3840551,"01/01/2000,04:07:54.46,-976.07,2.93,-23.93,0.66,-0.92,0.73,63.75,32.85,51.60,32.77,14.76,985.64,-41.72,490.0,-752.50,-175.0,1,53.388,"
1784216413.401425,"01/01/2000,04:07:54.47,-1021.97,-7.32,67.38,-0.79,-2.64,0.04,62.55,34.35,51.15,33.06,14.76,984.30,-45.02,2135.0,-463.75,-236.25,1,53.388,"
1784216413.419016,"01/01/2000,04:07:54.49,-1017.09,-37.11,48.83,-0.79,-1.93,0.96,64.95,33.60,50.10,32.82,14.64,985.39,-42.46,1408.75,-437.50,-358.75,1,53.388,"
1784216413.4420915,"01/01/2000,04:07:54.51,-1039.55,0.98,-48.34,0.83,1.68,-1.03,63.0,32.85,51.90,32.73,15.13,986.98,-37.82,-612.50,-577.50,-271.25,1,53.388,"
1784216413.4599266,"01/01/2000,04:07:54.53,-1028.81,-19.53,-21.00,-1.0,1.94,-1.60,64.05,33.60,52.35,32.73,14.88,986.98,-35.50,-1015.0,-691.25,-218.75,1,53.388,"
1784216413.4729664,"01/01/2000,04:07:54.55,-1002.44,-2.93,3.91,0.37,-0.21,2.45,64.35,32.25,51.0,32.92,14.64,986.74,-36.72,-586.25,-927.50,-17.50,1,53.388,"
1784216413.495607,"01/01/2000,04:07:54.57,-1008.79,-14.16,12.70,-1.12,-1.27,1.82,63.30,33.60,51.90,32.97,14.64,986.25,-40.38,262.50,-577.50,-288.75,1,53.388,"
1784216413.5240016,"01/01/2000,04:07:54.60,-995.12,-5.86,40.04,0.95,-3.23,-0.21,62.55,34.05,51.60,32.82,14.64,985.52,-42.09,708.75,-551.25,-323.75,1,53.388,"
1784216413.544138,"01/01/2000,04:07:54.62,-1011.23,-40.53,62.50,1.47,-0.78,-0.59,63.15,33.0,53.25,32.82,14.64,985.03,-40.50,367.50,-647.50,-192.50,1,53.388,"
1784216413.5622408,"01/01/2000,04:07:54.64,-1002.44,-16.60,-15.63,0.47,-0.72,-0.70,64.35,33.0,52.20,32.73,14.52,985.03,-39.04,516.25,-560.0,-227.50,1,53.388,"
1784216413.5827804,"01/01/2000,04:07:54.66,-1031.74,-4.39,34.67,-1.0,-0.60,0.07,63.30,32.85,53.40,32.97,14.52,987.35,-36.11,175.0,-577.50,-323.75,1,53.388,"
1784216413.606121,"01/01/2000,04:07:54.67,-1003.91,-35.64,87.89,-0.85,-1.33,-1.11,62.55,33.15,52.35,32.73,14.52,989.18,-35.62,-945.0,-735.0,-297.50,1,53.388,"
1784216413.6230536,"01/01/2000,04:07:54.69,-998.05,-30.76,11.72,-0.50,-0.11,2.13,63.30,33.60,51.90,32.97,14.88,988.08,-37.82,-1067.50,-603.75,-113.75,1,53.388,"
1784216413.635673,"01/01/2000,04:07:54.71,-997.56,-27.83,62.01,-0.37,0.40,-0.53,63.30,33.60,51.90,32.92,14.88,985.03,-41.72,507.50,-595.0,-113.75,1,53.388,"
1784216413.6608367,"01/01/2000,04:07:54.73,-1016.60,-23.93,48.34,2.69,-1.53,-0.23,63.90,33.45,52.95,32.92,14.64,984.30,-43.55,1680.0,-568.75,-183.75,1,53.387,"
1784216413.690771,"01/01/2000,04:07:54.76,-1011.72,-44.43,12.70,1.32,0.42,2.18,63.15,33.0,51.75,32.97,14.52,987.71,-38.19,-17.50,-612.50,-183.75,1,53.388,"
1784216413.7119722,"01/01/2000,04:07:54.79,-1014.16,2.44,31.74,0.69,-0.15,-0.47,62.55,31.20,52.35,32.92,14.52,987.83,-35.75,-787.50,-945.0,-78.75,1,53.388,"
1784216413.728998,"01/01/2000,04:07:54.80,-998.54,-33.20,54.69,-0.53,2.53,-2.40,63.15,31.80,51.30,32.82,14.76,987.35,-36.36,-761.25,-1085.0,-52.50,1,53.388,"
1784216413.7464437,"01/01/2000,04:07:54.82,-1022.95,-41.50,54.69,-1.13,-0.28,-0.10,63.15,31.80,51.30,33.06,15.62,986.25,-39.28,157.50,-183.75,-227.50,1,53.388,"
1784216413.76426,"01/01/2000,04:07:54.84,-1040.53,-2.93,34.67,1.91,-0.56,-1.90,65.40,34.20,53.70,32.92,13.30,985.64,-41.11,953.75,-1653.75,-262.50,1,53.388,"
1784216413.7847726,"01/01/2000,04:07:54.86,-1042.48,-28.32,62.50,-2.33,-2.32,0.98,64.65,33.0,52.20,32.73,15.13,986.00,-39.89,210.0,-175.0,-376.25,1,53.388,"
1784216413.8200464,"01/01/2000,04:07:54.89,-1023.93,-36.13,32.23,1.47,-1.79,-2.61,63.0,33.60,52.35,32.73,15.49,986.49,-37.70,-428.75,-393.75,-227.50,1,53.388,"
1784216413.8407836,"01/01/2000,04:07:54.91,-1007.32,-30.76,-21.97,2.18,-1.50,-1.92,63.0,33.60,52.35,32.73,14.88,986.98,-38.19,-236.25,-1076.25,-131.25,1,53.388,"
1784216413.858432,"01/01/2000,04:07:54.93,-1030.76,-38.57,109.38,0.02,-0.34,0.05,62.70,30.60,52.95,32.97,14.40,986.74,-39.65,78.75,-918.75,-192.50,1,53.388,"
1784216413.870711,"01/01/2000,04:07:54.95,-1020.02,-2.44,27.83,0.86,-0.24,-0.90,63.90,33.0,52.50,32.92,14.40,985.76,-40.38,306.25,-428.75,-323.75,1,53.388,"
1784216413.8927479,"01/01/2000,04:07:54.97,-1017.09,-21.00,23.44,0.83,-0.23,2.06,64.65,32.55,51.75,32.77,14.64,985.03,-40.14,507.50,-805.0,-253.75,1,53.388,"
1784216413.9146373,"01/01/2000,04:07:54.99,-1019.53,-23.44,16.11,0.33,-0.08,1.53,63.90,32.25,50.55,32.63,15.37,985.15,-39.04,105.0,-682.50,-192.50,1,53.388,"
1784216413.9310813,"01/01/2000,04:07:55.01,-1049.32,-38.57,51.76,0.64,0.86,-0.59,64.65,33.0,52.50,32.82,15.62,986.86,-38.31,26.25,-665.0,-87.50,1,53.388,"
1784216413.9483826,"01/01/2000,04:07:55.02,-1042.48,-10.25,-23.44,1.42,1.70,0.92,63.60,32.55,52.20,32.97,14.88,988.69,-37.70,-35.0,-595.0,-393.75,1,53.388,"
1784216413.9650824,"01/01/2000,04:07:55.04,-1010.25,-24.41,84.96,2.38,0.95,0.67,64.50,32.85,52.65,32.77,14.64,988.93,-37.58,-350.0,-840.0,-227.50,1,53.388,"
1784216413.9860785,"01/01/2000,04:07:55.06,-1017.58,-24.41,17.58,1.53,2.73,1.70,63.0,33.15,51.60,32.63,14.88,986.74,-38.80,-437.50,-857.50,-315.0,1,53.388,"
1784216414.006299,"01/01/2000,04:07:55.08,-1010.74,-14.16,60.06,1.22,-0.35,2.02,64.50,33.60,51.15,32.82,15.25,984.66,-40.50,262.50,-665.0,-262.50,1,53.388,"
1784216414.0275705,"01/01/2000,04:07:55.09,-1012.21,-16.60,42.48,0.60,1.58,1.15,65.40,33.75,50.55,32.82,15.37,984.78,-41.85,805.0,-630.0,-148.75,1,53.388,"
1784216414.0453346,"01/01/2000,04:07:55.12,-1054.69,-0.49,48.83,-0.71,-1.92,2.26,63.75,32.85,52.65,32.82,14.88,986.98,-40.50,840.0,-726.25,-166.25,1,53.388,"
1784216414.0845523,"01/01/2000,04:07:55.16,-1026.37,3.91,6.35,1.90,0.47,0.34,64.50,35.55,51.15,32.97,14.88,988.08,-34.89,-805.0,-840.0,-157.50,1,53.388,"
1784216414.1040971,"01/01/2000,04:07:55.18,-1006.84,-45.41,69.34,-0.18,0.37,0.53,65.10,32.55,52.20,32.92,14.76,987.10,-35.26,-647.50,-901.25,-113.75,1,53.388,"
1784216414.1190684,"01/01/2000,04:07:55.19,-1043.95,1.95,18.07,-2.05,0.73,2.22,63.90,32.55,51.75,32.63,14.88,986.00,-37.70,-17.50,-551.25,-297.50,1,53.388,"
1784216414.1441653,"01/01/2000,04:07:55.21,-1027.83,-21.97,38.57,-0.63,0.08,-1.21,62.70,32.55,51.30,32.82,15.01,986.25,-40.87,525.0,-463.75,-157.50,1,53.388,"
1784216414.160304,"01/01/2000,04:07:55.23,-1032.71,-22.95,-9.77,-1.05,0.32,1.85,63.90,32.25,53.25,32.92,14.88,986.13,-41.85,551.25,-525.0,-288.75,1,53.388,"
1784216414.1786253,"01/01/2000,04:07:55.25,-1024.90,-24.90,-7.81,-0.13,-0.47,-2.07,65.10,33.75,51.75,32.82,15.01,984.91,-40.75,778.75,-743.75,-315.0,1,53.388,"
1784216414.1962922,"01/01/2000,04:07:55.27,-997.56,-13.67,22.46,-1.05,-0.98,1.63,63.90,31.80,52.95,32.92,14.88,983.56,-38.43,332.50,-638.75,-323.75,1,53.388,"
1784216414.213408,"01/01/2000,04:07:55.29,-1019.53,-15.14,38.57,1.66,1.66,2.17,62.25,34.05,52.65,32.77,14.88,985.64,-36.84,-280.0,-691.25,-183.75,1,53.388,"
1784216414.230884,"01/01/2000,04:07:55.30,-1045.41,-24.41,49.80,0.46,0.78,-3.11,64.05,34.05,52.65,32.63,15.01,989.05,-37.33,-507.50,-297.50,-297.50,1,53.388,"
1784216414.2484777,"01/01/2000,04:07:55.32,-1032.71,-21.97,66.41,1.40,-0.69,2.02,65.25,33.15,51.60,32.97,14.76,989.54,-39.28,-166.25,-857.50,-236.25,1,53.388,"
1784216414.2692714,"01/01/2000,04:07:55.34,-970.70,-21.48,21.97,-0.61,-0.38,-0.98,63.30,31.20,53.85,32.77,15.25,986.49,-40.75,717.50,-691.25,-131.25,1,53.388,"
1784216414.3031514,"01/01/2000,04:07:55.38,-1025.88,-12.21,-22.46,0.81,-0.15,-0.63,64.05,33.60,51.60,32.92,14.76,986.13,-38.06,428.75,-577.50,-341.25,1,53.388,"
1784216414.3219786,"01/01/2000,04:07:55.40,-1057.62,-15.14,-31.74,-0.18,1.09,-0.17,65.10,34.20,52.50,32.63,14.64,988.44,-36.60,-603.75,-743.75,-236.25,1,53.388,"
1784216414.3428948,"01/01/2000,04:07:55.42,-992.68,-13.18,35.64,1.78,0.64,0.73,65.25,33.15,50.85,32.73,14.88,987.96,-37.58,-665.0,-910.0,-227.50,1,53.388,"
1784216414.3612647,"01/01/2000,04:07:55.43,-991.70,-15.63,-28.32,0.27,-0.40,-0.67,64.05,33.15,52.35,32.82,15.25,986.25,-39.53,183.75,-735.0,-140.0,1,53.388,"
1784216414.3775294,"01/01/2000,04:07:55.45,-987.30,-32.23,104.00,1.02,-0.21,-0.12,64.50,32.85,50.85,32.73,15.37,984.91,-41.48,665.0,-437.50,-271.25,1,53.388,"
1784216414.3983407,"01/01/2000,04:07:55.47,-1021.48,-39.55,75.20,-2.26,-0.62,-0.92,63.30,33.60,51.15,32.97,14.76,985.03,-41.11,822.50,-446.25,-332.50,1,53.388,"
1784216414.422049,"01/01/2000,04:07:55.49,-1024.41,-26.86,39.55,0.73,-1.42,-3.28,63.60,31.80,53.25,32.82,14.40,986.49,-39.16,0.0,-577.50,-332.50,1,53.388,"
1784216414.4375024,"01/01/2000,04:07:55.51,-1007.81,-11.23,-37.11,2.76,-0.36,-0.03,64.35,31.35,52.50,32.97,14.52,986.86,-38.06,-437.50,-892.50,-157.50,1,53.388,"
1784216414.4503484,"01/01/2000,04:07:55.52,-1024.41,-33.69,-6.35,1.61,0.14,0.27,64.05,33.60,51.90,32.58,15.01,985.88,-37.58,-87.50,-726.25,-78.75,1,53.388,"
1784216414.4898047,"01/01/2000,04:07:55.56,-1014.65,-1.46,-50.78,1.15,0.35,-0.18,64.65,32.55,52.95,32.97,15.37,987.22,-37.82,78.75,-586.25,-175.0,1,53.388,"
1784216414.5047355,"01/01/2000,04:07:55.58,-1006.35,-14.16,12.21,-0.59,0.26,-0.54,63.90,33.45,51.30,32.82,15.13,988.57,-38.06,-516.25,-586.25,-227.50,1,53.388,"
1784216414.523106,"01/01/2000,04:07:55.60,-1022.46,-27.34,46.88,-1.59,1.21,-0.60,64.35,33.0,52.50,32.73,15.01,988.44,-39.28,-236.25,-770.0,-192.50,1,53.388,"
1784216414.5696273,"01/01/2000,04:07:55.64,-1031.74,-27.83,35.16,0.02,-0.10,2.44,63.60,32.25,52.95,32.73,15.37,985.39,-39.16,682.50,-656.25,-78.75,1,53.388,"
1784216414.5942686,"01/01/2000,04:07:55.66,-991.70,-25.88,46.39,-1.47,-1.85,-0.40,64.35,32.25,52.50,32.97,15.01,987.35,-37.09,-393.75,-490.0,-262.50,1,53.388,"
1784216414.6082022,"01/01/2000,04:07:55.68,-1025.88,6.35,3.42,0.96,1.91,-0.69,64.65,34.65,53.25,32.73,15.01,988.93,-36.72,-813.75,-708.75,-245.0,1,53.388,"
1784216414.6258965,"01/01/2000,04:07:55.70,-1017.09,-21.00,65.92,1.30,1.29,-1.84,64.50,32.85,52.35,32.73,15.13,986.98,-38.19,-175.0,-735.0,-175.0,1,53.388,"
1784216414.6454585,"01/01/2000,04:07:55.72,-1002.44,-7.81,33.69,0.42,-0.47,-0.81,64.05,33.15,52.65,32.92,15.13,985.76,-39.53,910.0,-988.75,-271.25,1,53.388,"
1784216414.6604517,"01/01/2000,04:07:55.73,-998.05,-23.93,17.09,1.53,-0.17,0.63,64.65,33.45,52.50,32.82,15.13,986.37,-39.53,288.75,-577.50,-192.50,1,53.388,"
1784216414.6817036,"01/01/2000,04:07:55.75,-996.09,-29.79,-39.55,-0.79,0.15,-0.90,63.75,32.85,53.10,32.82,15.13,986.25,-38.80,-376.25,-376.25,-323.75,1,53.388,"
1784216414.6983008,"01/01/2000,04:07:55.77,-1026.37,-9.77,-49.32,-0.21,-1.91,-2.50,63.60,33.0,52.50,32.82,14.76,984.54,-38.92,-315.0,-621.25,-341.25,1,53.388,"
1784216414.716146,"01/01/2000,04:07:55.79,-995.12,-4.39,-30.76,-0.76,-0.89,-0.54,63.75,34.35,51.90,32.82,14.88,982.95,-39.65,376.25,-761.25,-148.75,1,53.388,"
1784216414.7338128,"01/01/2000,04:07:55.81,-1015.14,-10.25,-9.28,0.11,-0.85,-0.50,63.0,34.05,51.90,33.11,15.01,983.93,-39.77,638.75,-472.50,-297.50,1,53.388,"
1784216414.754837,"01/01/2000,04:07:55.83,-1033.69,-26.37,-27.83,4.08,0.0,-0.18,64.95,34.35,51.60,32.58,14.64,986.74,-39.04,271.25,-761.25,-122.50,1,53.388,"
1784216414.770681,"01/01/2000,04:07:55.85,-1024.41,-30.27,39.55,2.08,0.52,-1.98,64.35,33.0,51.75,32.73,14.76,989.18,-37.94,-166.25,-848.75,-35.0,1,53.388,"
1784216414.7896962,"01/01/2000,04:07:55.86,-1018.55,-34.18,79.59,-0.77,1.24,-0.47,63.60,33.0,52.20,32.73,15.13,989.05,-37.82,-551.25,-621.25,-350.0,1,53.388,"
1784216414.811843,"01/01/2000,04:07:55.88,-1022.46,-36.13,34.18,-2.44,0.82,-0.36,65.25,32.40,51.90,32.92,15.49,986.74,-38.55,315.0,-586.25,-210.0,1,53.388,"
1784216414.8269014,"01/01/2000,04:07:55.90,-995.61,-9.77,53.71,0.98,-2.12,1.40,64.05,32.40,53.10,32.73,15.25,985.88,-38.55,656.25,-743.75,-376.25,1,53.388,"
1784216414.844241,"01/01/2000,04:07:55.92,-1009.77,-35.64,38.09,0.05,-0.62,0.92,63.75,32.85,51.90,32.92,15.01,986.49,-38.43,35.0,-778.75,-218.75,1,53.388,"
1784216414.8622127,"01/01/2000,04:07:55.94,-1041.02,3.91,-22.46,-0.89,0.51,0.64,65.40,32.25,51.75,32.73,15.13,986.37,-38.31,-227.50,-446.25,-245.0,1,53.388,"
1784216414.8857374,"01/01/2000,04:07:55.96,-1011.72,-14.16,21.48,0.72,-0.18,-0.31,65.40,33.0,52.95,33.11,14.88,985.88,-39.16,-70.0,-735.0,-201.25,1,53.388,"
1784216414.9000118,"01/01/2000,04:07:55.97,-990.23,-30.27,75.20,-0.55,-0.45,0.37,63.75,33.15,52.35,32.92,15.13,985.15,-39.77,595.0,-665.0,-280.0,1,53.388,"
1784216414.9171023,"01/01/2000,04:07:55.99,-1040.04,-11.23,-62.50,-2.28,0.50,0.40,64.50,32.40,53.85,32.77,15.13,985.52,-39.77,498.75,-568.75,-253.75,1,53.388,"
1784216414.9348156,"01/01/2000,04:07:56.01,-999.51,-9.28,28.32,-0.60,-2.23,-1.98,65.10,31.80,52.20,32.77,14.76,986.74,-38.92,183.75,-735.0,-157.50,1,53.388,"
1784216414.9611557,"01/01/2000,04:07:56.03,-1031.74,-4.88,38.09,-1.0,-1.02,-0.98,64.95,34.05,51.60,32.92,14.88,986.37,-37.58,-166.25,-621.25,-183.75,1,53.388,"
1784216414.9788299,"01/01/2000,04:07:56.05,-1018.55,-19.04,-28.81,0.11,2.06,-1.25,64.95,33.15,50.85,32.97,14.88,984.42,-36.72,-17.50,-647.50,-192.50,1,53.388,"
1784216414.9929137,"01/01/2000,04:07:56.06,-1005.86,-27.34,-14.16,0.18,0.34,-1.15,63.90,33.0,52.50,32.73,14.76,984.78,-36.84,-87.50,-717.50,-148.75,1,53.388,"
1784216415.0084822,"01/01/2000,04:07:56.08,-1016.11,-4.39,19.53,0.29,2.03,-0.67,66.90,32.85,51.90,32.73,14.88,987.47,-38.06,-411.25,-752.50,-218.75,1,53.388,"
1784216415.029275,"01/01/2000,04:07:56.10,-1040.53,-0.98,-49.32,-0.71,0.18,-1.47,63.75,31.65,51.90,32.82,14.88,988.69,-40.14,271.25,-682.50,-245.0,1,53.388,"
1784216415.0466516,"01/01/2000,04:07:56.12,-991.70,-58.59,12.70,1.88,-0.43,-1.27,65.10,33.0,52.50,32.77,15.13,987.35,-40.50,682.50,-717.50,-201.25,1,53.388,"
1784216415.0707765,"01/01/2000,04:07:56.14,-1022.95,-9.77,43.95,0.04,-1.53,0.33,64.95,33.60,54.60,32.73,15.37,985.15,-38.67,358.75,-691.25,-166.25,1,53.388,"
1784216415.0928438,"01/01/2000,04:07:56.17,-1021.48,-34.18,35.16,-0.89,1.89,1.44,64.95,32.40,52.65,32.92,15.13,985.27,-36.84,43.75,-577.50,-148.75,1,53.388,"
1784216415.1047869,"01/01/2000,04:07:56.18,-1011.72,-29.79,15.14,-0.34,2.89,0.13,64.95,33.15,52.65,32.97,14.64,987.22,-36.72,-367.50,-726.25,-192.50,1,53.388,"
1784216415.1279278,"01/01/2000,04:07:56.20,-990.72,-20.02,43.46,2.43,0.63,-0.02,64.95,33.15,52.65,32.58,15.01,987.96,-37.94,-227.50,-971.25,-210.0,1,53.388,"
1784216415.1474192,"01/01/2000,04:07:56.22,-1014.65,-35.64,24.41,0.81,0.07,-0.10,64.05,34.35,51.15,33.06,15.13,987.47,-39.41,656.25,-936.25,-262.50,1,53.388,"
1784216415.1662996,"01/01/2000,04:07:56.24,-1000.98,-50.78,67.87,2.75,1.93,3.25,65.10,32.25,52.20,32.77,15.25,986.74,-39.28,586.25,-866.25,-262.50,1,53.388,"
1784216415.1826801,"01/01/2000,04:07:56.26,-978.03,-13.67,-36.13,0.78,0.04,1.47,65.85,33.0,51.75,32.82,15.13,986.13,-38.31,-8.75,-962.50,-175.0,1,53.388,"
1784216415.2005458,"01/01/2000,04:07:56.27,-1003.42,-13.18,12.70,-0.84,-0.15,0.27,65.85,33.0,51.75,32.92,14.88,982.95,-37.09,87.50,-735.0,-420.0,1,53.388,"
1784216415.2175472,"01/01/2000,04:07:56.29,-1002.93,-22.46,-38.57,1.15,0.53,-0.82,64.95,32.85,52.35,32.73,14.88,982.47,-36.72,-288.75,-962.50,-175.0,1,53.388,"
1784216415.241732,"01/01/2000,04:07:56.31,-1044.43,-36.62,-13.67,0.04,-0.45,2.41,64.65,33.45,51.30,32.73,14.76,986.00,-38.80,-411.25,-612.50,-271.25,1,53.388,"
1784216415.2592163,"01/01/2000,04:07:56.33,-1023.44,-12.21,-36.62,-1.45,-0.86,-0.71,64.05,33.15,52.65,32.97,15.13,987.83,-41.24,691.25,-630.0,-262.50,1,53.388,"
1784216415.2708833,"01/01/2000,04:07:56.35,-1016.11,-20.02,21.00,-1.28,0.77,-0.53,65.25,32.85,51.90,32.77,15.98,988.44,-40.87,1242.50,-402.50,-201.25,1,53.388,"
1784216415.2946882,"01/01/2000,04:07:56.37,-1023.44,-9.28,60.06,0.99,0.65,-0.12,65.40,33.0,52.95,32.63,15.74,987.22,-36.84,280.0,-595.0,-192.50,1,53.388,"
1784216415.3118956,"01/01/2000,04:07:56.39,-1006.35,-15.63,21.97,-0.79,1.19,0.05,63.75,32.40,52.35,32.73,15.49,986.49,-34.89,-551.25,-420.0,-87.50,1,53.388,"
1784216415.3297527,"01/01/2000,04:07:56.40,-1035.16,-1.46,-5.86,-0.24,3.34,1.89,63.75,32.40,52.35,32.82,14.64,986.37,-34.77,-1225.0,-481.25,-323.75,1,53.388,"
1784216415.36703,"01/01/2000,04:07:56.44,-1014.16,-29.79,32.23,0.11,-1.95,0.77,64.65,34.20,52.50,32.92,15.37,985.52,-42.21,1365.0,-8.75,-271.25,1,53.388,"
1784216415.3848867,"01/01/2000,04:07:56.46,-990.72,-17.09,39.55,1.07,-2.48,1.82,65.40,33.45,52.95,32.53,14.64,985.64,-42.09,1400.0,-1382.50,-105.0,1,53.388,"
1784216415.4023044,"01/01/2000,04:07:56.48,-995.12,-18.55,53.71,-1.32,-3.16,-1.16,64.65,33.0,52.50,32.82,14.88,985.03,-38.55,691.25,-1172.50,-183.75,1,53.388,"
1784216415.4201021,"01/01/2000,04:07:56.49,-1027.83,-15.14,24.90,-0.73,3.19,-1.87,64.65,33.0,52.50,32.92,15.62,983.93,-34.53,-376.25,-341.25,-131.25,1,53.388,"
1784216415.4435763,"01/01/2000,04:07:56.51,-1028.81,6.35,-18.07,2.89,1.83,0.92,66.30,34.20,52.95,32.82,14.40,986.00,-34.65,-1461.25,-586.25,-183.75,1,53.388,"
1784216415.4594755,"01/01/2000,04:07:56.53,-1040.53,-32.71,8.30,1.37,1.24,0.03,64.50,31.95,51.90,32.73,14.15,987.83,-38.80,-35.0,-1050.0,-148.75,1,53.388,"
1784216415.474018,"01/01/2000,04:07:56.55,-998.05,-19.04,16.11,0.45,0.17,-0.24,65.10,32.55,52.20,32.73,14.88,989.05,-41.85,1093.75,-901.25,-245.0,1,53.388,"
1784216415.4931993,"01/01/2000,04:07:56.57,-1009.77,-22.46,-4.88,-2.08,-2.97,1.14,64.05,33.60,51.90,32.73,15.37,988.57,-42.46,1242.50,-1023.75,-245.0,1,53.388,"
1784216415.5307055,"01/01/2000,04:07:56.60,-980.47,-12.70,9.77,-1.33,-0.20,0.88,64.50,30.45,52.35,32.82,15.37,984.17,-36.72,-813.75,-367.50,-192.50,1,53.388,"
1784216415.5485399,"01/01/2000,04:07:56.62,-1057.13,-12.21,21.97,-0.45,-3.47,-1.60,65.10,33.0,52.95,32.82,14.40,984.54,-37.09,-210.0,-761.25,-245.0,1,53.388,"
1784216415.5693307,"01/01/2000,04:07:56.64,-1003.91,-12.70,16.60,1.63,-3.72,-0.57,65.10,31.80,52.50,32.63,13.66,986.98,-39.41,192.50,-1198.75,-428.75,1,53.388,"
1784216415.5937784,"01/01/2000,04:07:56.67,-1005.86,-27.34,0.0,-0.69,-1.26,3.88,65.85,34.20,53.25,32.97,15.37,987.59,-39.41,700.0,-813.75,-105.0,1,53.388,"
1784216415.6160746,"01/01/2000,04:07:56.69,-1009.28,-20.51,33.69,-3.40,-2.83,-2.04,65.25,33.60,52.35,32.92,16.35,984.66,-36.60,1015.0,-437.50,-262.50,1,53.388,"
1784216415.6535678,"01/01/2000,04:07:56.73,-1019.53,-4.39,27.34,-0.41,0.18,0.59,66.45,31.95,52.65,32.82,15.13,986.49,-30.74,-1155.0,-603.75,-201.25,1,53.388,"
1784216415.6882463,"01/01/2000,04:07:56.76,-1019.04,-30.27,12.70,0.11,-0.25,-0.47,66.0,31.20,52.35,32.77,14.40,987.22,-32.45,988.75,-945.0,-253.75,1,53.388,"
1784216415.7108865,"01/01/2000,04:07:56.78,-986.33,8.30,-13.67,0.23,-1.75,1.45,64.65,31.35,52.20,32.82,15.37,988.32,-31.72,525.0,-647.50,-323.75,1,53.388,"
1784216415.7261975,"01/01/2000,04:07:56.80,-1004.88,-21.48,27.34,0.28,2.37,2.64,64.65,32.55,52.20,32.82,16.10,986.98,-28.79,-105.0,-621.25,-175.0,1,53.388,"
1784216415.7389884,"01/01/2000,04:07:56.82,-1014.16,-26.86,10.25,1.19,0.75,0.69,65.25,33.15,52.35,32.73,15.86,985.64,-27.45,-280.0,-332.50,-245.0,1,53.388,"
1784216415.7621412,"01/01/2000,04:07:56.83,-1007.81,6.84,-13.67,2.40,-0.60,-0.09,66.45,31.95,55.05,32.77,14.64,985.03,-27.08,-131.25,-621.25,-297.50,1,53.388,"
1784216415.7818916,"01/01/2000,04:07:56.86,-1028.81,-37.11,15.14,1.88,-0.61,1.04,65.70,32.40,53.10,32.82,14.03,984.54,-26.84,813.75,-778.75,-323.75,1,53.388,"
1784216415.7992861,"01/01/2000,04:07:56.87,-1038.09,-11.72,0.0,-0.17,-0.87,-2.32,62.70,30.15,54.45,33.11,14.15,986.49,-25.25,516.25,-945.0,-376.25,1,53.388,"
1784216415.8328574,"01/01/2000,04:07:56.91,-1027.34,-16.60,-2.93,0.46,0.34,-3.0,67.20,33.15,51.60,32.82,15.86,988.44,-24.16,-857.50,-700.0,-96.25,1,53.388,"
1784216415.8715317,"01/01/2000,04:07:56.95,-1050.29,-23.93,-2.44,0.40,1.30,2.50,65.85,33.0,53.70,32.82,15.13,985.15,-31.72,542.50,-551.25,-131.25,1,53.388,"
1784216415.88884,"01/01/2000,04:07:56.96,-961.91,-64.45,8.79,0.89,-0.94,-0.46,66.30,33.0,52.95,32.73,14.64,983.32,-33.06,1295.0,-463.75,-306.25,1,53.388,"
1784216415.9122279,"01/01/2000,04:07:56.98,-1076.66,-32.23,63.96,0.02,-0.67,-1.03,65.25,34.35,53.85,33.06,14.40,985.64,-32.33,743.75,-472.50,-262.50,1,53.388,"
1784216415.9275842,"01/01/2000,04:07:57.00,-1009.77,-45.41,38.57,-0.04,0.20,0.91,65.40,33.0,51.75,32.73,15.13,989.42,-31.11,-778.75,-848.75,-236.25,1,53.388,"
1784216415.944124,"01/01/2000,04:07:57.02,-991.70,-32.23,15.63,-0.50,1.09,-0.27,63.60,31.80,52.95,32.77,15.37,988.93,-32.57,-638.75,-831.25,-96.25,1,53.388,"
1784216415.9621959,"01/01/2000,04:07:57.04,-1027.83,-41.50,27.34,1.97,-1.41,1.05,65.10,33.0,54.0,32.92,15.74,986.49,-35.87,35.0,-1006.25,-122.50,1,53.388,"
1784216415.9829013,"01/01/2000,04:07:57.06,-1012.70,-23.44,-15.63,-0.77,0.44,0.39,63.75,30.45,55.05,32.92,15.74,983.81,-38.43,866.25,-385.0,-113.75,1,53.388,"
1784216416.0007927,"01/01/2000,04:07:57.07,-1031.74,-19.04,27.83,-2.22,-1.93,0.44,63.75,30.45,55.05,33.06,14.76,984.30,-38.55,1023.75,-227.50,-288.75,1,53.388,"
1784216416.0180566,"01/01/2000,04:07:57.09,-1043.95,-23.44,58.59,-0.14,1.34,-1.36,66.60,32.25,53.70,32.77,14.15,986.49,-36.84,105.0,-805.0,-175.0,1,53.388,"
1784216416.0389383,"01/01/2000,04:07:57.11,-1015.63,-30.76,21.97,0.50,-1.27,0.86,66.0,33.15,53.10,32.97,14.64,987.71,-35.14,-323.75,-927.50,-288.75,1,53.389,"
1784216416.0556488,"01/01/2000,04:07:57.13,-1014.65,-9.28,-4.88,0.10,-0.23,-0.11,65.70,34.05,51.15,32.82,15.62,987.59,-35.14,-595.0,-980.0,-113.75,1,53.388,"
1784216416.0717566,"01/01/2000,04:07:57.15,-993.65,-9.77,36.13,0.82,0.40,0.30,65.40,34.20,53.25,32.92,16.10,986.37,-37.33,-192.50,-472.50,-148.75,1,53.388,"
1784216416.0906906,"01/01/2000,04:07:57.16,-1024.41,-48.34,77.64,-1.41,-0.98,-1.02,65.40,34.20,53.25,32.92,15.62,985.27,-39.41,875.0,-402.50,-306.25,1,53.388,"
1784216416.115064,"01/01/2000,04:07:57.19,-1013.67,-19.04,5.86,3.77,-2.05,-1.10,63.0,31.95,55.35,32.73,14.64,985.64,-39.28,665.0,-638.75,-236.25,1,53.388,"
1784216416.137592,"01/01/2000,04:07:57.21,-975.59,-25.39,9.77,0.37,-2.32,0.54,65.70,32.85,53.40,32.92,14.64,986.74,-36.84,-131.25,-805.0,-122.50,1,53.388,"
1784216416.1554363,"01/01/2000,04:07:57.23,-1034.67,-17.58,-5.86,2.39,1.33,0.66,65.70,31.65,51.90,32.73,15.01,987.47,-36.11,-630.0,-1093.75,-157.50,1,53.388,"
1784216416.1898792,"01/01/2000,04:07:57.26,-1025.88,-41.99,36.13,-1.18,-1.76,-0.31,66.45,32.85,52.35,32.82,15.74,986.00,-39.28,297.50,-735.0,-166.25,1,53.388,"
1784216416.2120435,"01/01/2000,04:07:57.28,-1015.14,-5.37,15.14,-1.73,-1.88,-1.02,64.65,33.45,51.75,32.58,15.62,985.39,-40.02,831.25,-271.25,-210.0,1,53.388,"
1784216416.2287617,"01/01/2000,04:07:57.30,-1007.81,-19.04,44.43,-0.04,-1.98,1.22,64.05,32.40,53.40,32.82,15.13,985.64,-38.80,595.0,-498.75,-210.0,1,53.388,"
1784216416.2453957,"01/01/2000,04:07:57.32,-1033.20,-19.53,38.09,3.08,1.63,1.93,64.35,32.25,52.20,32.73,14.64,986.74,-37.09,-157.50,-621.25,-262.50,1,53.388,"
1784216416.2836955,"01/01/2000,04:07:57.36,-1017.58,-26.86,-23.44,1.82,0.02,-2.50,64.35,33.0,52.95,32.73,15.49,986.98,-37.58,52.50,-630.0,-306.25,1,53.388,"
1784216416.3058574,"01/01/2000,04:07:57.37,-1008.79,11.23,-2.44,-0.24,-0.72,0.56,65.40,33.0,53.70,32.73,15.86,985.64,-39.04,498.75,-603.75,-210.0,1,53.388,"
1784216416.3190274,"01/01/2000,04:07:57.39,-1017.58,-42.97,-9.28,-1.02,-1.16,2.92,65.70,33.60,52.65,32.77,15.86,985.76,-39.53,770.0,-525.0,-52.50,1,53.388,"
1784216416.3377318,"01/01/2000,04:07:57.41,-1031.25,-32.71,41.99,2.26,-0.93,2.52,64.95,33.15,53.40,32.58,14.88,986.61,-38.31,463.75,-437.50,-367.50,1,53.388,"
1784216416.3609304,"01/01/2000,04:07:57.43,-1006.35,0.49,-28.32,0.96,0.70,0.31,65.25,32.85,54.15,32.73,14.52,986.86,-36.84,-210.0,-840.0,-201.25,1,53.388,"
1784216416.3774676,"01/01/2000,04:07:57.45,-1029.79,3.42,-9.77,1.35,-0.32,1.13,64.35,32.25,51.75,32.92,14.76,986.86,-36.84,-472.50,-831.25,-262.50,1,53.388,"
1784216416.3940659,"01/01/2000,04:07:57.46,-989.26,-21.00,-12.70,0.79,0.05,1.77,65.70,32.85,52.65,32.82,15.13,986.74,-38.31,-26.25,-726.25,-323.75,1,53.388,"
1784216416.410813,"01/01/2000,04:07:57.49,-1024.90,-9.77,13.18,-0.51,1.02,-2.93,64.65,31.80,51.0,32.77,15.49,985.88,-39.77,691.25,-595.0,-201.25,1,53.388,"
1784216416.4288323,"01/01/2000,04:07:57.50,-1016.60,-12.70,3.42,-0.63,-0.86,1.27,65.25,30.75,51.90,32.82,15.37,985.52,-39.53,770.0,-533.75,-227.50,1,53.388,"
1784216416.4464123,"01/01/2000,04:07:57.52,-1002.93,-11.72,-33.69,0.42,-0.77,3.50,65.85,32.55,52.95,33.11,15.13,985.76,-38.67,183.75,-516.25,-227.50,1,53.389,"
1784216416.467127,"01/01/2000,04:07:57.54,-1018.07,-15.63,37.11,2.92,-1.37,1.08,65.25,33.60,52.35,32.82,14.40,986.37,-37.45,-166.25,-595.0,-323.75,1,53.388,"
1784216416.48497,"01/01/2000,04:07:57.56,-1017.09,-27.83,34.67,-0.11,1.61,-1.21,66.90,32.85,54.15,33.06,14.52,986.74,-37.82,-323.75,-883.75,-183.75,1,53.389,"
1784216416.501548,"01/01/2000,04:07:57.58,-1017.09,-13.18,-3.42,-0.65,-0.06,0.01,65.70,32.40,52.35,32.77,15.01,986.25,-38.80,8.75,-638.75,-262.50,1,53.388,"
1784216416.51911,"01/01/2000,04:07:57.59,-1023.44,-2.44,22.95,0.78,0.50,0.42,65.10,34.20,52.50,32.73,15.13,985.64,-39.41,577.50,-525.0,-113.75,1,53.388,"
1784216416.5420825,"01/01/2000,04:07:57.61,-1022.46,-33.69,-24.41,1.06,-1.56,0.60,64.95,32.40,53.85,32.82,15.25,985.52,-39.16,385.0,-577.50,-218.75,1,53.388,"
1784216416.5573065,"01/01/2000,04:07:57.63,-1015.14,-10.74,7.32,-1.60,1.63,-0.97,64.65,32.55,52.50,32.58,15.01,986.25,-38.19,87.50,-455.0,-166.25,1,53.388,"
1784216416.5745776,"01/01/2000,04:07:57.65,-1015.14,-3.42,-13.67,1.15,-1.13,-0.81,65.70,33.60,51.15,32.82,14.64,986.98,-37.21,-166.25,-735.0,-192.50,1,53.389,"
1784216416.5918674,"01/01/2000,04:07:57.67,-995.61,-27.83,21.48,1.26,0.15,0.37,65.85,34.20,52.50,32.73,14.64,986.74,-37.45,-87.50,-813.75,-306.25,1,53.389,"
1784216416.6180782,"01/01/2000,04:07:57.69,-1012.70,-7.81,-5.37,1.53,2.43,-1.90,63.15,31.05,56.25,32.73,15.13,985.52,-38.80,148.75,-665.0,-148.75,1,53.388,"
1784216416.6391594,"01/01/2000,04:07:57.71,-1015.14,-11.72,0.0,-0.64,-0.58,-0.57,64.65,33.45,52.95,32.58,15.25,985.76,-39.41,446.25,-647.50,-323.75,1,53.388,"
1784216416.6608658,"01/01/2000,04:07:57.73,-973.14,-6.84,-11.72,1.53,-1.02,0.90,66.30,34.65,51.75,33.06,15.13,986.49,-38.80,516.25,-490.0,-218.75,1,53.388,"
1784216416.6774588,"01/01/2000,04:07:57.75,-1014.16,-28.32,-2.44,1.03,-0.31,0.69,64.65,33.0,52.20,32.82,14.88,986.61,-37.58,-183.75,-735.0,-280.0,1,53.388,"
1784216416.6946185,"01/01/2000,04:07:57.77,-1027.83,-32.23,53.71,-1.31,0.22,-2.15,64.35,32.55,52.95,32.77,14.88,986.25,-37.21,-332.50,-735.0,-201.25,1,53.388,"
1784216416.7110775,"01/01/2000,04:07:57.79,-994.63,-25.39,54.20,-0.18,1.40,-0.50,65.40,32.55,52.20,33.06,14.88,986.00,-38.06,8.75,-603.75,-201.25,1,53.388,"
1784216416.7287662,"01/01/2000,04:07:57.80,-1028.32,-38.57,44.43,-1.03,-0.41,-0.94,64.35,31.80,52.95,32.92,14.88,986.25,-39.28,315.0,-691.25,-253.75,1,53.388,"
1784216416.7506027,"01/01/2000,04:07:57.82,-1032.23,-19.53,1.46,1.32,-2.43,0.85,65.25,31.20,53.10,32.73,15.25,985.88,-39.04,551.25,-560.0,-218.75,1,53.388,"
1784216416.7682774,"01/01/2000,04:07:57.84,-1022.95,-11.23,11.23,0.82,0.80,0.67,64.95,33.15,53.10,33.06,15.13,985.88,-38.31,157.50,-551.25,-201.25,1,53.388,"
1784216416.8016016,"01/01/2000,04:07:57.88,-986.33,-0.98,-8.79,1.59,0.66,1.67,65.70,32.85,52.35,32.73,14.76,986.86,-37.58,-96.25,-603.75,-358.75,1,53.388,"
1784216416.8274455,"01/01/2000,04:07:57.90,-1015.63,-31.25,19.04,1.07,-1.56,0.25,64.95,32.40,53.40,33.06,15.01,986.74,-38.67,148.75,-770.0,-315.0,1,53.388,"
1784216416.8378904,"01/01/2000,04:07:57.91,-1000.98,-16.60,-2.44,-0.28,-0.32,-0.50,66.0,33.15,52.35,32.73,15.37,985.88,-39.04,367.50,-656.25,-253.75,1,53.388,"
1784216416.8609352,"01/01/2000,04:07:57.93,-1026.86,-20.02,36.62,0.60,-0.88,-1.06,66.45,31.95,53.10,32.92,15.62,985.52,-38.92,393.75,-472.50,-157.50,1,53.388,"
1784216416.8775392,"01/01/2000,04:07:57.95,-999.02,-42.97,29.30,0.53,0.27,1.05,66.60,33.45,52.50,33.06,15.49,986.13,-38.55,332.50,-638.75,-131.25,1,53.389,"
1784216416.8954642,"01/01/2000,04:07:57.97,-1008.79,-13.18,22.95,0.19,0.92,1.29,66.0,31.65,54.60,32.58,15.37,986.74,-37.70,-113.75,-621.25,-122.50,1,53.388,"
1784216416.9134924,"01/01/2000,04:07:57.99,-1011.72,-26.86,28.81,1.95,-1.33,-0.79,63.60,32.55,53.70,33.11,15.25,986.49,-37.82,-43.75,-717.50,-192.50,1,53.389,"
1784216416.93096,"01/01/2000,04:07:58.00,-1010.25,-17.09,5.86,0.87,1.32,-1.19,65.10,33.0,51.75,32.77,15.25,986.00,-38.55,166.25,-603.75,-236.25,1,53.389,"
1784216416.9524198,"01/01/2000,04:07:58.03,-1036.13,-12.70,71.29,-0.11,-0.13,-2.04,66.30,33.0,52.20,32.73,15.37,985.64,-39.41,551.25,-595.0,-183.75,1,53.388,"
1784216416.9693396,"01/01/2000,04:07:58.04,-1005.37,-31.25,-0.49,-1.65,-1.21,-0.53,65.85,33.0,52.50,32.97,15.37,986.25,-39.28,420.0,-560.0,-183.75,1,53.388,"
1784216416.9877634,"01/01/2000,04:07:58.06,-1028.81,-21.48,26.86,-0.56,-1.35,1.24,66.0,31.65,53.40,32.82,15.25,986.49,-38.43,262.50,-673.75,-358.75,1,53.388,"
1784216417.0131397,"01/01/2000,04:07:58.08,-994.63,-32.23,0.49,-1.66,-0.50,-0.02,65.85,32.25,53.25,32.97,15.37,986.61,-37.82,-131.25,-665.0,-183.75,1,53.389,"
1784216417.0274668,"01/01/2000,04:07:58.10,-1010.74,-30.76,32.23,0.72,0.10,-0.92,64.35,30.60,54.45,32.92,15.37,986.25,-37.94,-192.50,-665.0,-183.75,1,53.389,"
1784216417.0420349,"01/01/2000,04:07:58.12,-1030.27,9.77,15.63,-0.14,0.59,-1.16,65.85,32.55,52.95,32.44,15.25,986.13,-38.80,105.0,-621.25,-183.75,1,53.389,"
1784216417.0597847,"01/01/2000,04:07:58.13,-1025.39,-14.65,34.67,-0.27,-2.02,0.91,64.65,33.45,52.95,32.92,15.25,986.25,-39.53,358.75,-691.25,-78.75,1,53.389,"
1784216417.0775373,"01/01/2000,04:07:58.15,-1017.09,-28.81,35.64,-0.76,2.25,2.44,65.40,33.0,53.25,32.53,15.37,986.13,-39.41,437.50,-551.25,-78.75,1,53.388,"
1784216417.0975266,"01/01/2000,04:07:58.17,-998.54,-8.79,0.98,0.81,0.58,-2.66,65.25,31.95,53.85,32.73,15.25,986.37,-38.19,-43.75,-700.0,-140.0,1,53.388,"
1784216417.1375825,"01/01/2000,04:07:58.21,-1032.23,-8.30,5.37,1.19,-0.16,2.30,65.25,31.20,53.85,32.82,15.13,986.74,-38.43,-70.0,-726.25,-183.75,1,53.388,"
1784216417.1612017,"01/01/2000,04:07:58.24,-1044.92,-31.25,42.48,-0.41,-1.19,-1.72,65.40,32.55,54.0,32.73,15.25,985.76,-39.53,437.50,-708.75,-183.75,1,53.388,"
1784216417.1786683,"01/01/2000,04:07:58.25,-1004.88,-32.71,44.92,-1.31,-2.60,3.75,64.95,33.15,53.40,32.77,15.37,985.64,-39.28,332.50,-603.75,-122.50,1,53.388,"
1784216417.195533,"01/01/2000,04:07:58.27,-1002.44,-28.32,2.44,-1.34,0.31,0.82,65.85,33.45,53.70,33.06,15.37,986.00,-38.55,280.0,-621.25,-210.0,1,53.388,"
1784216417.2130735,"01/01/2000,04:07:58.29,-1043.95,-32.23,65.92,1.47,-1.35,-2.31,65.70,32.85,51.90,32.97,15.37,986.74,-37.94,-96.25,-700.0,-271.25,1,53.389,"
1784216417.251629,"01/01/2000,04:07:58.33,-1017.58,-41.99,34.67,1.56,1.20,0.35,62.55,31.65,55.05,32.77,15.37,986.25,-38.55,87.50,-621.25,-87.50,1,53.388,"
1784216417.269137,"01/01/2000,04:07:58.34,-998.05,-10.25,-29.79,0.21,-1.16,1.15,65.10,32.55,52.95,32.73,15.25,985.39,-39.16,297.50,-577.50,-288.75,1,53.388,"
1784216417.2938817,"01/01/2000,04:07:58.36,-1004.39,-21.97,68.36,2.84,-2.98,-0.06,64.05,33.15,53.40,32.63,15.13,985.88,-39.04,385.0,-708.75,-358.75,1,53.388,"
1784216417.306959,"01/01/2000,04:07:58.38,-1014.65,-0.98,-6.35,1.99,-1.08,-0.47,66.30,33.0,52.20,32.82,15.25,986.25,-38.55,131.25,-595.0,-210.0,1,53.388,"
1784216417.3242023,"01/01/2000,04:07:58.40,-997.07,-21.48,2.93,0.12,1.32,-0.93,65.70,31.95,52.65,32.92,15.01,986.74,-37.82,26.25,-787.50,-297.50,1,53.389,"
1784216417.340187,"01/01/2000,04:07:58.42,-1020.51,-41.02,47.85,0.90,0.56,2.95,65.40,32.25,53.70,32.92,15.37,986.25,-38.06,-131.25,-735.0,-96.25,1,53.389,"
1784216417.3608587,"01/01/2000,04:07:58.43,-1028.32,-4.88,6.35,0.52,-1.44,-1.28,65.10,32.25,52.95,32.73,15.62,985.52,-38.80,148.75,-525.0,-271.25,1,53.389,"
1784216417.379782,"01/01/2000,04:07:58.45,-1018.07,0.0,44.43,0.15,-0.37,-2.66,65.40,34.20,53.25,32.77,15.37,985.39,-39.28,236.25,-778.75,-236.25,1,53.388,"
1784216417.4140878,"01/01/2000,04:07:58.49,-1021.00,-30.27,59.57,1.69,-0.66,-0.62,64.05,34.35,52.65,32.73,15.13,986.25,-38.55,157.50,-516.25,-262.50,1,53.389,"
1784216417.43539,"01/01/2000,04:07:58.51,-1020.51,-14.65,-8.30,0.48,0.89,2.10,65.70,32.40,52.35,32.63,15.37,986.49,-37.94,-192.50,-603.75,-192.50,1,53.389,"
1784216417.453152,"01/01/2000,04:07:58.53,-1002.93,-25.88,36.13,0.02,-0.63,0.63,65.25,31.20,55.05,32.58,15.13,986.37,-37.94,-17.50,-708.75,-236.25,1,53.389,"
1784216417.4693563,"01/01/2000,04:07:58.54,-1009.28,-26.37,16.60,1.11,0.11,0.48,65.25,33.15,54.15,32.92,15.13,986.13,-38.67,78.75,-656.25,-306.25,1,53.389,"
1784216417.4938865,"01/01/2000,04:07:58.56,-993.16,-4.88,-12.21,0.99,0.92,1.04,66.0,32.40,52.35,33.06,15.13,986.00,-39.28,393.75,-621.25,-253.75,1,53.389,"
1784216417.512064,"01/01/2000,04:07:58.58,-1003.42,-20.02,38.09,0.05,0.91,0.96,64.65,31.80,54.45,32.53,14.88,986.00,-39.04,236.25,-665.0,-218.75,1,53.389,"
1784216417.527985,"01/01/2000,04:07:58.60,-1023.44,9.28,-40.04,1.64,0.90,-0.68,64.65,31.80,54.75,32.77,14.88,986.25,-38.55,87.50,-682.50,-210.0,1,53.389,"
1784216417.5450652,"01/01/2000,04:07:58.62,-1032.71,-14.16,11.72,0.79,-1.95,1.73,65.40,33.0,51.75,32.77,15.13,986.86,-38.31,-245.0,-647.50,-148.75,1,53.389,"
1784216417.5596185,"01/01/2000,04:07:58.63,-1035.16,-9.28,47.36,0.63,0.56,0.92,64.65,33.0,52.50,32.92,15.01,986.74,-38.31,-26.25,-796.25,-166.25,1,53.389,"
1784216417.5807593,"01/01/2000,04:07:58.65,-1012.21,-32.23,22.46,-1.35,-0.27,0.04,65.10,34.65,54.0,32.73,14.88,986.25,-39.04,306.25,-621.25,-175.0,1,53.389,"
1784216417.6153042,"01/01/2000,04:07:58.69,-1036.62,-27.34,64.94,-2.12,-1.57,-0.29,66.0,33.60,51.60,32.73,15.13,985.88,-39.28,350.0,-630.0,-323.75,1,53.389,"
1784216417.6360757,"01/01/2000,04:07:58.71,-998.05,-9.77,6.35,-0.76,-0.73,0.02,62.55,31.20,53.70,32.58,14.88,986.37,-38.31,26.25,-691.25,-166.25,1,53.389,"
1784216417.660829,"01/01/2000,04:07:58.73,-1042.97,-38.57,24.41,-1.24,-0.92,0.21,64.50,31.65,54.60,32.92,15.13,986.61,-38.31,-87.50,-595.0,-192.50,1,53.389,"
1784216417.681046,"01/01/2000,04:07:58.75,-1009.77,-7.32,0.49,-0.05,1.16,0.63,65.85,33.75,54.0,32.82,15.13,986.25,-38.92,96.25,-761.25,-148.75,1,53.388,"
1784216417.6977139,"01/01/2000,04:07:58.77,-1012.70,-18.55,9.28,-0.55,0.78,1.27,66.0,34.05,52.35,32.82,15.37,986.00,-39.16,280.0,-647.50,-148.75,1,53.388,"
1784216417.719137,"01/01/2000,04:07:58.79,-984.38,-18.07,68.85,0.02,-2.18,0.29,65.10,33.0,52.50,32.82,15.13,985.88,-39.16,218.75,-665.0,-148.75,1,53.388,"
1784216417.7362125,"01/01/2000,04:07:58.81,-1021.00,-37.11,101.07,-0.18,0.37,1.01,64.65,32.25,52.95,32.73,15.01,986.49,-38.80,105.0,-586.25,-262.50,1,53.388,"
1784216417.7534537,"01/01/2000,04:07:58.83,-1026.86,-31.74,26.86,1.96,0.14,1.39,66.60,33.45,52.50,32.77,14.76,986.74,-38.31,-8.75,-735.0,-341.25,1,53.389,"
1784216417.7775602,"01/01/2000,04:07:58.84,-1028.32,-14.65,24.90,-1.64,-0.24,-0.17,65.25,33.15,51.60,32.77,15.13,986.61,-38.06,-17.50,-700.0,-201.25,1,53.389,"
1784216417.7918792,"01/01/2000,04:07:58.87,-1001.46,-31.74,39.06,2.30,-1.23,-1.81,65.25,33.60,53.10,33.11,15.37,986.00,-38.55,96.25,-595.0,-183.75,1,53.389,"
1784216417.8117476,"01/01/2000,04:07:58.88,-1028.32,-30.27,22.46,1.56,-0.72,1.79,65.40,33.75,52.95,32.73,15.37,985.88,-39.04,201.25,-805.0,-218.75,1,53.389,"
1784216417.8273122,"01/01/2000,04:07:58.90,-1008.79,-18.07,24.90,-1.20,-0.17,-1.85,65.25,33.60,53.40,32.92,15.13,986.13,-39.04,402.50,-560.0,-315.0,1,53.388,"
1784216417.8445132,"01/01/2000,04:07:58.92,-1020.51,-17.09,5.86,1.60,-1.26,-0.27,65.10,33.0,52.20,32.77,15.01,986.25,-38.67,61.25,-717.50,-157.50,1,53.389,"
1784216417.8641899,"01/01/2000,04:07:58.94,-991.21,-8.30,-35.16,1.18,0.63,-1.15,66.45,31.95,53.40,32.77,15.13,986.00,-38.06,35.0,-735.0,-306.25,1,53.389,"
1784216417.8809676,"01/01/2000,04:07:58.96,-996.58,-16.60,-50.78,-0.36,0.21,-1.04,66.0,33.15,53.85,32.77,15.25,986.00,-38.06,-26.25,-726.25,-61.25,1,53.389,"
1784216417.8988414,"01/01/2000,04:07:58.97,-1088.38,-26.37,29.79,1.23,-1.23,0.16,66.30,33.45,53.25,32.92,15.13,986.37,-37.94,665.0,-586.25,-227.50,1,53.389,"
1784216417.9221156,"01/01/2000,04:07:58.99,-998.54,-23.93,-33.20,-0.41,-0.94,0.78,66.45,33.60,53.10,32.82,15.01,988.81,-37.09,490.0,-647.50,-157.50,1,53.389,"
1784216417.9374175,"01/01/2000,04:07:59.01,-1004.88,-18.55,41.50,-0.10,-0.89,-1.44,65.10,31.80,53.25,32.73,15.13,991.25,-35.38,122.50,-752.50,-218.75,1,53.389,"
1784216417.9599469,"01/01/2000,04:07:59.03,-1025.39,-49.80,44.43,2.01,-0.40,-1.35,64.65,32.25,52.95,32.58,15.13,992.71,-33.92,358.75,-647.50,-210.0,1,53.389,"
1784216417.9791474,"01/01/2000,04:07:59.05,-1024.41,-43.95,22.46,-0.69,0.80,0.17,65.25,32.40,52.65,32.77,15.13,994.91,-32.94,105.0,-1015.0,-245.0,1,53.389,"
1784216417.9943051,"01/01/2000,04:07:59.07,-1026.37,-29.79,39.55,0.73,-0.15,-0.80,65.40,32.25,52.50,33.06,15.49,995.52,-32.70,-113.75,-621.25,-192.50,1,53.389,"
1784216418.0104284,"01/01/2000,04:07:59.08,-998.05,-21.00,-10.74,1.85,0.49,3.89,65.85,33.75,52.95,32.77,15.49,994.42,-33.18,192.50,-726.25,-245.0,1,53.389,"
1784216418.0276656,"01/01/2000,04:07:59.10,-1022.46,-24.41,17.58,-0.18,0.31,-1.54,63.0,34.35,51.60,32.92,15.01,994.06,-33.43,542.50,-857.50,-218.75,1,53.389,"
1784216418.0444088,"01/01/2000,04:07:59.12,-1023.44,-31.74,25.88,0.34,1.06,-0.63,64.35,32.55,53.25,32.73,15.01,995.52,-32.45,743.75,-682.50,-175.0,1,53.389,"
1784216418.065275,"01/01/2000,04:07:59.14,-1002.44,-29.79,2.44,1.78,1.49,1.40,66.0,32.40,52.35,32.63,15.01,998.45,-30.13,-140.0,-857.50,-245.0,1,53.389,"
1784216418.0896544,"01/01/2000,04:07:59.16,-1024.41,-17.58,4.88,0.85,1.04,-1.06,64.50,33.60,52.65,32.58,15.25,998.69,-29.04,-577.50,-1093.75,-122.50,1,53.389,"
1784216418.1007214,"01/01/2000,04:07:59.17,-1053.71,-44.92,35.64,-0.64,0.51,-1.29,66.30,33.0,52.95,32.63,15.86,996.50,-30.26,-875.0,-1006.25,-183.75,1,53.389,"
1784216418.1379354,"01/01/2000,04:07:59.21,-1022.95,-0.98,64.45,0.94,-0.18,-1.06,67.05,33.0,52.95,32.82,14.88,989.79,-37.21,1128.75,-726.25,-148.75,1,53.389,"
1784216418.1623003,"01/01/2000,04:07:59.23,-1014.16,-39.06,-25.39,-0.13,-1.82,2.18,66.45,33.15,52.35,32.92,14.40,989.91,-37.33,1207.50,-682.50,-288.75,1,53.389,"
1784216418.1849117,"01/01/2000,04:07:59.26,-1032.23,-28.81,-4.88,-0.17,1.05,1.76,64.05,30.45,55.35,32.82,15.13,993.45,-33.43,-122.50,-962.50,-96.25,1,53.389,"
1784216418.2260919,"01/01/2000,04:07:59.30,-1007.81,-23.44,-2.44,0.90,-0.04,0.56,64.95,31.65,52.65,32.92,15.74,989.79,-35.62,-656.25,-971.25,-61.25,1,53.389,"
1784216418.2382843,"01/01/2000,04:07:59.32,-1019.04,-7.32,17.58,0.17,-0.79,-0.44,64.65,33.45,51.30,32.77,15.25,986.74,-38.80,227.50,-805.0,-262.50,1,53.389,"
1784216418.2594588,"01/01/2000,04:07:59.33,-1016.60,-20.02,22.46,0.62,-2.30,-0.76,64.65,33.75,52.20,32.97,14.88,983.69,-41.72,1093.75,-621.25,-166.25,1,53.389,"
1784216418.2807765,"01/01/2000,04:07:59.35,-992.19,-4.88,4.39,0.84,0.17,0.62,65.25,32.40,53.10,32.92,14.15,984.05,-41.36,971.25,-586.25,-315.0,1,53.388,"
1784216418.2947102,"01/01/2000,04:07:59.37,-1041.50,-27.83,-42.97,0.59,0.56,-1.91,65.70,31.95,53.40,32.73,14.88,986.37,-38.43,463.75,-691.25,-253.75,1,53.388,"
1784216418.3330567,"01/01/2000,04:07:59.41,-1018.07,-29.30,38.09,3.82,0.75,0.72,65.25,32.40,52.35,33.06,15.62,990.64,-35.01,-997.50,-603.75,-367.50,1,53.389,"
1784216418.3553336,"01/01/2000,04:07:59.43,-997.07,-32.23,49.80,-1.40,0.43,-0.63,63.75,33.15,52.35,32.77,15.62,988.20,-37.33,-332.50,-813.75,-113.75,1,53.389,"
1784216418.3887885,"01/01/2000,04:07:59.46,-999.51,-58.59,42.97,2.39,-1.63,-0.50,64.65,33.75,54.0,32.77,14.76,984.05,-41.60,1023.75,-752.50,-166.25,1,53.389,"
1784216418.4119616,"01/01/2000,04:07:59.48,-1024.41,-52.73,52.25,-0.75,-2.03,0.10,64.95,31.65,53.40,32.73,14.52,984.66,-40.75,822.50,-813.75,-367.50,1,53.388,"
1784216418.4274058,"01/01/2000,04:07:59.50,-1015.63,-18.07,29.79,0.82,-2.48,1.39,65.10,32.25,55.20,32.63,15.13,987.10,-38.55,297.50,-691.25,-262.50,1,53.388,"
1784216418.4622178,"01/01/2000,04:07:59.54,-1027.34,-30.76,29.30,-0.42,-0.57,-0.14,63.90,33.45,53.70,32.77,15.86,987.71,-37.82,-437.50,-770.0,-236.25,1,53.389,"
1784216418.4837372,"01/01/2000,04:07:59.56,-1003.42,-16.11,61.52,1.14,-1.04,1.27,65.25,32.85,53.10,32.73,15.13,986.00,-39.77,586.25,-743.75,-131.25,1,53.389,"
1784216418.5006068,"01/01/2000,04:07:59.57,-993.16,3.91,84.47,-2.15,-0.05,-0.91,65.10,32.55,52.20,32.73,14.76,985.88,-40.14,752.50,-770.0,-245.0,1,53.389,"
1784216418.5230062,"01/01/2000,04:07:59.59,-1005.37,7.32,-8.30,1.76,1.05,-1.41,65.40,31.80,52.50,32.73,14.76,986.49,-39.28,428.75,-691.25,-323.75,1,53.389,"
1784216418.5381167,"01/01/2000,04:07:59.61,-1014.65,-22.95,3.91,1.43,0.45,0.0,64.05,32.85,51.90,32.73,15.01,986.61,-38.43,-227.50,-875.0,-306.25,1,53.389,"
1784216418.5608704,"01/01/2000,04:07:59.63,-1011.72,-17.09,4.39,0.43,-1.80,1.64,64.50,32.40,52.65,32.73,15.49,986.13,-38.80,-175.0,-822.50,-315.0,1,53.389,"
1784216418.5705717,"01/01/2000,04:07:59.65,-1014.16,-23.44,32.23,-2.27,0.08,-0.20,64.65,31.80,52.95,32.92,15.62,986.13,-39.53,253.75,-796.25,-105.0,1,53.389,"
1784216418.5898826,"01/01/2000,04:07:59.66,-1025.88,-23.93,45.90,-1.49,0.30,1.66,64.50,31.20,51.15,32.82,15.49,985.76,-40.63,288.75,-472.50,-96.25,1,53.389,"
1784216418.6109083,"01/01/2000,04:07:59.69,-992.19,-31.25,116.21,1.14,2.93,0.82,64.05,31.65,52.65,32.92,14.40,984.78,-41.36,175.0,-761.25,-297.50,1,53.389,"
1784216418.6287537,"01/01/2000,04:07:59.70,-992.19,-18.55,-22.95,-0.15,0.27,-1.07,64.50,31.95,53.40,32.73,14.76,984.05,-41.24,297.50,-595.0,-148.75,1,53.389,"
1784216418.6513953,"01/01/2000,04:07:59.72,-1025.39,2.93,13.18,-0.42,-1.51,-0.88,62.25,33.60,52.35,32.63,14.88,983.69,-40.87,1006.25,-595.0,-306.25,1,53.389,"
1784216418.6632347,"01/01/2000,04:07:59.74,-1014.16,-10.25,-13.67,1.31,-0.49,-0.56,64.35,31.80,52.95,32.97,15.13,985.52,-39.65,638.75,-656.25,-245.0,1,53.389,"
1784216418.6937764,"01/01/2000,04:07:59.76,-1021.00,-17.58,45.41,-0.42,2.25,-0.09,61.35,32.85,56.10,32.97,15.13,989.54,-37.09,-227.50,-691.25,-227.50,1,53.389,"
1784216418.7109132,"01/01/2000,04:07:59.78,-996.58,-53.22,16.60,0.68,1.76,-0.44,65.10,31.05,53.70,32.82,15.01,988.44,-37.09,-533.75,-743.75,-148.75,1,53.388,"
1784216418.7288215,"01/01/2000,04:07:59.80,-985.35,-5.86,-10.25,1.06,2.07,2.80,65.10,31.05,53.70,32.92,14.76,985.64,-38.80,-131.25,-813.75,-306.25,1,53.388,"
1784216418.7455373,"01/01/2000,04:07:59.82,-1034.18,-14.65,49.32,-0.25,0.46,0.04,64.50,31.95,51.60,32.73,14.64,983.93,-40.63,612.50,-700.0,-236.25,1,53.389,"
1784216418.766138,"01/01/2000,04:07:59.84,-992.19,-38.57,21.48,0.69,-1.68,1.47,63.15,32.55,52.95,32.92,14.52,983.56,-42.46,638.75,-673.75,-367.50,1,53.388,"
1784216418.7836876,"01/01/2000,04:07:59.86,-1016.11,-12.21,48.34,-0.37,-0.37,2.82,63.30,31.20,51.90,32.58,14.64,984.78,-41.60,962.50,-437.50,-288.75,1,53.389,"
1784216418.8108196,"01/01/2000,04:07:59.88,-1027.34,-14.16,41.02,-0.86,-0.82,-1.01,64.50,31.20,52.35,32.73,14.76,986.61,-39.53,201.25,-656.25,-411.25,1,53.389,"
1784216418.8274899,"01/01/2000,04:07:59.90,-1012.21,-8.30,-50.78,1.03,1.03,2.08,63.75,31.65,52.65,32.82,15.13,987.35,-37.94,-367.50,-691.25,-122.50,1,53.389,"
1784216418.842578,"01/01/2000,04:07:59.91,-1016.60,-16.11,102.05,1.60,-1.50,-1.04,62.40,32.55,52.20,32.92,14.76,987.35,-37.70,-70.0,-472.50,-253.75,1,53.389,"
1784216418.8573563,"01/01/2000,04:07:59.93,-998.05,-25.88,-2.93,-1.02,-0.37,0.40,64.35,32.55,53.70,32.92,14.52,987.59,-38.43,78.75,-743.75,-236.25,1,53.388,"
1784216418.8734186,"01/01/2000,04:07:59.95,-1029.30,-37.11,36.62,1.09,-1.83,0.59,63.60,31.80,52.20,32.63,14.64,987.10,-39.28,253.75,-665.0,-175.0,1,53.389,"
1784216418.895594,"01/01/2000,04:07:59.97,-1036.13,-20.51,-14.65,-1.45,0.67,0.39,64.65,31.80,53.70,32.73,14.76,985.39,-39.65,297.50,-708.75,-166.25,1,53.389,"
1784216418.9308598,"01/01/2000,04:08:00.00,-1048.34,-21.48,12.70,1.66,-2.29,-0.04,63.60,31.35,54.0,32.73,15.25,984.05,-40.26,78.75,-551.25,-245.0,1,53.389,"
1784216418.947447,"01/01/2000,04:08:00.02,-1025.39,-47.36,36.62,2.83,-1.66,1.48,63.60,31.35,54.0,32.73,14.88,985.76,-40.63,402.50,-525.0,-192.50,1,53.389,"
1784216418.9858809,"01/01/2000,04:08:00.06,-1008.79,-30.27,55.18,1.41,-0.91,2.37,64.05,32.40,53.85,32.73,14.64,988.20,-39.65,-262.50,-752.50,-262.50,1,53.389,"
1784216419.0027714,"01/01/2000,04:08:00.08,-1039.06,-27.83,119.14,-0.30,1.15,-1.18,64.05,31.95,52.35,32.92,15.13,986.61,-39.28,-122.50,-770.0,-35.0,1,53.389,"
1784216419.0242481,"01/01/2000,04:08:00.10,-1016.60,-25.39,60.06,-1.44,-0.94,1.09,62.70,32.25,52.20,32.97,15.01,985.03,-39.77,542.50,-490.0,-210.0,1,53.389,"
1784216419.0453374,"01/01/2000,04:08:00.12,-1041.50,-17.09,25.88,0.64,1.24,-0.01,63.30,33.15,52.35,32.63,14.88,986.49,-39.77,402.50,-700.0,-201.25,1,53.389,"
1784216419.0603955,"01/01/2000,04:08:00.13,-1032.71,4.39,-34.18,2.18,-2.42,1.04,64.95,31.95,52.65,32.92,14.64,987.71,-39.41,367.50,-595.0,-341.25,1,53.389,"
1784216419.0715659,"01/01/2000,04:08:00.15,-1015.14,-20.02,62.01,0.75,0.79,-0.06,64.35,33.0,52.20,32.73,14.52,988.32,-38.80,-61.25,-726.25,-315.0,1,53.389,"
1784216419.115059,"01/01/2000,04:08:00.19,-1035.64,-26.37,132.81,1.60,-3.14,-1.53,64.05,32.85,53.40,32.53,15.37,984.66,-40.87,271.25,-577.50,-201.25,1,53.389,"
1784216419.149406,"01/01/2000,04:08:00.22,-996.09,-27.83,70.31,1.44,-0.11,-0.30,64.05,32.85,53.10,32.92,14.64,985.88,-41.85,218.75,-603.75,-306.25,1,53.389,"
1784216419.1887875,"01/01/2000,04:08:00.26,-1032.23,3.42,53.71,0.11,1.31,0.60,64.65,31.80,52.50,32.92,15.01,985.27,-40.63,201.25,-831.25,-201.25,1,53.389,"
1784216419.2321692,"01/01/2000,04:08:00.31,-994.14,-14.16,-6.35,1.92,-0.82,0.28,64.35,31.80,54.45,32.63,14.52,987.22,-40.02,376.25,-490.0,-288.75,1,53.389,"
1784216419.2692978,"01/01/2000,04:08:00.34,-1018.55,-15.14,-7.81,0.06,1.58,2.91,63.75,32.40,52.35,32.82,14.64,986.98,-39.04,-420.0,-586.25,-271.25,1,53.389,"
1784216419.2946806,"01/01/2000,04:08:00.36,-1038.09,-30.27,9.77,0.47,-0.72,-1.30,63.60,31.05,52.50,32.82,14.76,985.27,-40.38,-140.0,-761.25,-157.50,1,53.389,"
1784216419.3085437,"01/01/2000,04:08:00.38,-1009.77,6.84,69.34,0.57,0.0,0.08,63.90,32.25,54.0,33.06,14.88,984.30,-42.21,778.75,-577.50,-367.50,1,53.388,"
1784216419.3259318,"01/01/2000,04:08:00.40,-1010.74,-5.86,103.52,-1.96,-0.79,-0.02,61.80,30.75,56.85,32.73,14.76,985.15,-42.21,953.75,-612.50,-262.50,1,53.389,"
1784216419.3406644,"01/01/2000,04:08:00.42,-1028.81,-34.18,45.90,0.98,-0.44,-0.34,63.30,31.95,53.40,32.82,14.88,986.25,-40.87,393.75,-638.75,-157.50,1,53.389,"
1784216419.3604345,"01/01/2000,04:08:00.43,-997.56,-3.42,-54.20,0.76,1.11,-0.64,63.60,32.25,52.50,32.53,14.88,986.00,-39.28,96.25,-717.50,-306.25,1,53.389,"
1784216419.3985803,"01/01/2000,04:08:00.47,-1024.90,-46.88,32.71,1.37,0.69,0.34,63.90,31.35,52.95,32.82,14.88,986.25,-39.04,61.25,-682.50,-280.0,1,53.389,"
1784216419.4151816,"01/01/2000,04:08:00.49,-1020.51,-16.11,-23.44,1.72,0.89,-0.77,63.15,31.80,53.70,32.73,14.64,986.86,-39.77,560.0,-630.0,-420.0,1,53.389,"
1784216419.4329782,"01/01/2000,04:08:00.51,-1020.02,-13.18,-60.55,0.31,-0.21,-2.45,64.05,31.65,53.40,32.53,14.88,987.96,-39.65,385.0,-525.0,-297.50,1,53.389,"
1784216419.4543164,"01/01/2000,04:08:00.53,-1005.37,-24.41,23.44,3.85,0.12,0.08,62.25,32.40,52.65,32.73,15.13,987.71,-39.77,-630.0,-638.75,-315.0,1,53.389,"
1784216419.4709165,"01/01/2000,04:08:00.55,-1021.97,-23.44,29.79,1.15,0.14,-0.84,61.20,32.55,53.70,32.97,15.25,985.88,-40.75,-341.25,-577.50,-236.25,1,53.389,"
1784216419.4914806,"01/01/2000,04:08:00.56,-1011.72,-14.16,0.0,1.36,-0.47,-2.25,63.0,32.85,53.40,32.73,14.88,983.44,-43.31,603.75,-533.75,-113.75,1,53.389,"
1784216419.5082886,"01/01/2000,04:08:00.58,-989.26,-22.46,-0.98,-0.88,-1.37,-0.85,63.30,31.95,52.35,32.53,14.88,983.93,-43.92,1268.75,-595.0,-201.25,1,53.389,"
1784216419.526086,"01/01/2000,04:08:00.60,-1023.93,-3.42,37.11,-0.21,1.21,0.58,59.70,29.85,57.0,32.77,14.88,986.25,-41.72,498.75,-595.0,-210.0,1,53.389,"
1784216419.5441701,"01/01/2000,04:08:00.62,-1034.67,-39.55,100.59,-1.32,0.29,0.02,63.75,31.20,51.90,32.77,15.13,986.86,-39.65,-183.75,-787.50,-78.75,1,53.389,"
1784216419.5610023,"01/01/2000,04:08:00.63,-1000.0,-38.09,115.23,-0.30,-0.15,-2.38,63.15,32.55,52.95,33.06,15.13,987.35,-38.06,-332.50,-778.75,-358.75,1,53.389,"
1784216419.5828521,"01/01/2000,04:08:00.66,-1023.44,-19.53,30.76,0.81,-0.44,0.11,63.75,30.75,53.85,32.63,15.13,987.71,-38.55,-183.75,-612.50,-227.50,1,53.389,"
1784216419.617061,"01/01/2000,04:08:00.69,-1003.42,-20.51,41.99,-1.58,0.60,-0.44,63.60,32.25,53.25,32.77,14.15,986.98,-40.38,481.25,-612.50,-297.50,1,53.389,"
1784216419.6340086,"01/01/2000,04:08:00.71,-1025.88,-20.02,9.77,-0.89,-2.74,1.01,63.30,31.95,52.35,32.77,14.27,986.74,-40.38,87.50,-717.50,-280.0,1,53.389,"
1784216419.6564255,"01/01/2000,04:08:00.73,-1020.02,-27.34,53.22,-0.92,-2.44,-1.09,62.40,31.35,52.50,32.73,14.64,985.76,-40.63,-253.75,-516.25,-201.25,1,53.389,"
1784216419.6786919,"01/01/2000,04:08:00.75,-1000.98,-38.57,29.30,-1.24,0.70,-2.15,63.30,31.20,53.85,33.11,14.64,984.66,-41.48,210.0,-700.0,-78.75,1,53.389,"
1784216419.6941824,"01/01/2000,04:08:00.76,-1025.88,-13.18,65.92,-1.90,1.73,-1.31,64.05,32.40,53.10,32.77,14.40,984.78,-41.97,595.0,-682.50,-131.25,1,53.389,"
1784216419.7230887,"01/01/2000,04:08:00.79,-1027.83,-25.39,-18.55,0.61,0.52,-0.94,61.35,29.25,56.55,33.06,14.40,986.49,-40.99,175.0,-708.75,-192.50,1,53.389,"
1784216419.7378035,"01/01/2000,04:08:00.81,-1023.93,-29.79,9.77,-0.16,2.11,0.24,63.60,32.25,52.20,33.06,14.52,986.74,-39.77,17.50,-691.25,-148.75,1,53.388,"
1784216419.754422,"01/01/2000,04:08:00.83,-1012.70,-6.84,8.30,-1.35,-0.37,0.60,63.60,30.15,54.45,32.58,14.40,986.37,-39.53,43.75,-717.50,-227.50,1,53.389,"
1784216419.77755,"01/01/2000,04:08:00.85,-999.02,-0.49,63.48,-0.77,-1.29,-1.59,62.40,31.35,53.25,32.73,14.76,986.49,-40.14,201.25,-708.75,-78.75,1,53.389,"
1784216419.7927275,"01/01/2000,04:08:00.87,-1031.25,-36.13,39.06,-1.01,0.04,-3.07,63.0,31.65,53.10,33.06,14.64,986.00,-40.63,323.75,-603.75,-262.50,1,53.389,"
1784216419.8090568,"01/01/2000,04:08:00.88,-1031.25,-28.32,30.27,2.27,-1.31,-1.38,62.40,29.40,54.0,32.77,14.64,985.52,-40.63,463.75,-700.0,-236.25,1,53.389,"
1784216419.8271077,"01/01/2000,04:08:00.90,-1052.25,-0.49,8.30,1.69,0.86,0.44,62.70,31.35,54.0,32.82,14.52,986.25,-40.26,358.75,-533.75,-341.25,1,53.389,"
1784216419.8442042,"01/01/2000,04:08:00.92,-1022.95,-13.18,68.36,-0.29,-0.37,0.26,62.70,30.60,51.30,32.73,14.40,987.47,-40.38,-8.75,-840.0,-140.0,1,53.389,"
1784216419.865224,"01/01/2000,04:08:00.94,-1025.39,-13.67,-28.81,1.84,3.64,0.74,62.25,30.45,54.15,32.39,14.76,987.71,-40.87,131.25,-691.25,-280.0,1,53.389,"
1784216419.8868144,"01/01/2000,04:08:00.96,-1016.60,-8.30,-27.34,0.89,1.52,-2.76,61.05,31.20,51.90,32.82,14.88,986.74,-41.36,376.25,-761.25,-183.75,1,53.389,"
1784216419.900572,"01/01/2000,04:08:00.97,-1017.09,-29.79,10.25,-1.08,-1.31,-0.31,64.35,31.35,52.95,32.92,14.64,985.76,-41.48,288.75,-787.50,-253.75,1,53.389,"
1784216419.922097,"01/01/2000,04:08:00.99,-1006.35,-9.77,21.00,0.63,-0.10,-0.07,62.70,30.60,54.45,32.63,14.52,985.27,-41.48,183.75,-507.50,-210.0,1,53.389,"
1784216419.93791,"01/01/2000,04:08:01.01,-994.14,-45.90,48.34,-0.95,-0.27,0.76,64.05,30.45,53.40,32.77,14.64,985.52,-40.99,472.50,-437.50,-288.75,1,53.389,"
1784216419.9714868,"01/01/2000,04:08:01.05,-1028.32,-36.62,95.21,0.69,0.80,1.0,63.0,31.20,53.10,32.82,14.64,987.96,-38.92,-17.50,-787.50,-105.0,1,53.389,"
1784216419.995504,"01/01/2000,04:08:01.07,-983.89,-13.18,-6.35,-0.87,0.44,0.11,62.25,31.65,53.85,32.73,14.88,987.71,-38.92,-420.0,-577.50,-96.25,1,53.389,"
1784216420.0108972,"01/01/2000,04:08:01.09,-1006.35,-21.97,20.02,0.92,0.56,1.05,62.25,31.65,53.10,32.77,14.64,986.49,-40.14,43.75,-673.75,-131.25,1,53.389,"
1784216420.0277677,"01/01/2000,04:08:01.10,-999.51,-8.30,23.44,0.60,-1.62,-0.70,62.25,31.95,53.40,32.73,14.15,984.78,-41.85,735.0,-761.25,-297.50,1,53.389,"
1784216420.0442705,"01/01/2000,04:08:01.12,-1012.21,-13.67,0.49,0.73,0.53,0.11,63.0,29.55,51.90,32.92,13.91,984.91,-41.85,656.25,-656.25,-385.0,1,53.389,"
1784216420.065894,"01/01/2000,04:08:01.14,-1017.09,-54.69,69.82,0.03,-0.51,1.90,64.05,32.40,53.40,32.77,14.15,986.37,-40.75,-157.50,-840.0,-192.50,1,53.389,"
1784216420.0876145,"01/01/2000,04:08:01.16,-1041.02,-17.58,-3.91,-1.63,0.44,-1.16,61.20,32.25,54.0,32.53,14.64,986.37,-40.99,-61.25,-665.0,-385.0,1,53.389,"
1784216420.0997696,"01/01/2000,04:08:01.17,-1021.97,-9.28,29.30,0.46,-1.98,-2.05,62.40,31.05,52.50,32.73,14.64,985.64,-41.60,297.50,-778.75,-280.0,1,53.389,"
1784216420.1276834,"01/01/2000,04:08:01.19,-1034.18,-36.62,29.79,0.23,0.33,-0.76,62.70,29.40,53.70,32.73,14.88,985.27,-41.85,323.75,-481.25,-140.0,1,53.389,"
1784216420.1441858,"01/01/2000,04:08:01.21,-1018.07,-11.72,38.57,-2.23,-1.35,-1.44,62.55,30.75,53.10,32.77,14.52,984.54,-41.11,341.25,-516.25,-105.0,1,53.389,"
1784216420.160937,"01/01/2000,04:08:01.23,-1026.86,-8.79,26.86,-0.30,-0.05,1.35,61.80,31.95,51.90,32.58,13.91,984.78,-40.26,568.75,-472.50,-253.75,1,53.389,"
1784216420.1787353,"01/01/2000,04:08:01.25,-1031.74,-20.51,49.32,-1.76,-0.07,0.77,62.55,30.75,53.40,32.77,13.66,987.10,-38.92,-78.75,-840.0,-350.0,1,53.389,"
1784216420.194349,"01/01/2000,04:08:01.27,-990.72,-37.60,57.62,-2.09,-0.38,0.51,61.65,32.25,52.95,32.73,14.52,988.69,-39.53,-245.0,-796.25,-236.25,1,53.389,"
1784216420.2120352,"01/01/2000,04:08:01.29,-1042.48,-8.79,-21.97,-0.44,0.69,0.11,61.20,30.60,53.25,32.58,14.64,987.71,-41.36,402.50,-700.0,-201.25,1,53.389,"
1784216420.2356946,"01/01/2000,04:08:01.31,-998.05,0.0,30.76,0.67,-0.03,1.24,63.15,30.60,55.20,32.82,14.64,986.13,-41.72,577.50,-577.50,-166.25,1,53.389,"
1784216420.2562976,"01/01/2000,04:08:01.33,-1004.39,6.35,32.23,2.18,-0.99,-0.98,61.95,31.05,53.70,32.73,14.27,985.27,-40.87,-157.50,-586.25,-280.0,1,53.389,"
1784216420.2775826,"01/01/2000,04:08:01.35,-1011.23,-45.90,25.88,-2.87,0.43,-0.42,63.0,30.0,53.40,32.82,14.03,985.15,-41.24,166.25,-673.75,-201.25,1,53.389,"
1784216420.294628,"01/01/2000,04:08:01.37,-1021.97,-24.41,39.55,0.56,3.20,-0.64,61.80,30.75,52.35,32.92,14.15,986.25,-41.72,358.75,-796.25,-402.50,1,53.389,"
1784216420.3121104,"01/01/2000,04:08:01.39,-1036.13,-16.11,32.23,0.25,-2.19,-0.25,61.20,31.05,53.25,32.92,14.88,987.10,-41.72,-70.0,-603.75,-131.25,1,53.389,"
1784216420.350634,"01/01/2000,04:08:01.42,-1015.63,0.0,-1.46,-0.60,-1.41,-1.95,62.40,31.05,52.20,32.77,14.40,985.52,-41.36,665.0,-761.25,-201.25,1,53.389,"
1784216420.3853736,"01/01/2000,04:08:01.46,-1004.39,-23.44,34.67,0.77,-1.03,1.58,62.40,31.05,53.25,32.63,14.15,987.71,-40.02,-376.25,-682.50,-437.50,1,53.389,"
1784216420.4021616,"01/01/2000,04:08:01.48,-999.51,-46.88,92.29,-0.89,-1.11,1.20,62.40,31.05,53.25,32.58,14.40,986.74,-41.24,105.0,-875.0,-157.50,1,53.389,"
1784216420.4274988,"01/01/2000,04:08:01.50,-1016.11,-19.04,50.78,-0.10,-0.27,1.93,61.35,30.45,55.05,32.63,14.88,985.76,-42.46,245.0,-577.50,-210.0,1,53.389,"
1784216420.4423497,"01/01/2000,04:08:01.52,-1026.37,-13.18,-1.95,0.74,0.50,-1.21,59.55,28.35,54.15,32.73,14.88,984.66,-43.19,498.75,-463.75,-183.75,1,53.389,"
1784216420.4608605,"01/01/2000,04:08:01.53,-1038.09,-12.21,31.25,-0.22,0.0,1.42,61.20,31.35,53.70,32.73,14.27,984.30,-42.70,533.75,-341.25,-297.50,1,53.389,"
1784216420.4797904,"01/01/2000,04:08:01.55,-1024.41,-1.46,27.83,1.60,0.44,-1.89,61.80,30.45,51.90,32.97,13.91,985.27,-40.75,131.25,-673.75,-262.50,1,53.389,"
1784216420.4966328,"01/01/2000,04:08:01.57,-1009.28,-40.53,16.11,0.29,-0.02,0.37,63.0,30.45,53.40,32.58,13.79,986.74,-39.65,-61.25,-866.25,-236.25,1,53.389,"
1784216420.514074,"01/01/2000,04:08:01.59,-1024.90,-12.21,-26.86,0.85,2.05,0.50,62.25,30.75,53.10,32.92,14.40,987.47,-40.26,-210.0,-813.75,-192.50,1,53.389,"
1784216420.5318594,"01/01/2000,04:08:01.61,-1011.72,-29.30,61.52,0.74,-1.27,-1.92,60.60,30.45,52.65,32.73,14.88,986.74,-42.21,218.75,-665.0,-236.25,1,53.389,"
1784216420.5585942,"01/01/2000,04:08:01.63,-1000.98,-30.27,42.48,-1.61,-3.37,-0.62,61.65,30.60,52.95,32.73,14.40,985.27,-42.94,971.25,-533.75,-227.50,1,53.389,"
1784216420.5706108,"01/01/2000,04:08:01.64,-1017.09,-23.93,-15.63,-0.38,-0.56,0.10,61.95,28.65,52.50,32.58,14.15,986.00,-40.38,306.25,-533.75,-288.75,1,53.389,"
1784216420.5876896,"01/01/2000,04:08:01.66,-1037.60,-25.39,37.11,-2.10,1.55,-2.13,61.80,31.65,53.40,32.73,13.54,987.83,-38.19,-507.50,-840.0,-245.0,1,53.389,"
1784216420.6121008,"01/01/2000,04:08:01.68,-1014.65,-12.21,35.16,0.11,2.08,-0.29,62.25,30.75,52.65,32.73,14.27,988.32,-38.31,-148.75,-245.0,-358.75,1,53.389,"
1784216420.642186,"01/01/2000,04:08:01.72,-1018.07,0.98,-11.72,2.64,-0.82,1.07,61.20,29.85,53.25,32.92,14.03,985.52,-42.21,236.25,-988.75,-140.0,1,53.389,"
1784216420.6809592,"01/01/2000,04:08:01.76,-1013.18,-3.91,33.20,-1.84,-1.45,-1.53,63.30,29.55,52.65,32.53,13.42,984.17,-42.58,840.0,-297.50,-385.0,1,53.389,"
1784216420.6984973,"01/01/2000,04:08:01.77,-1013.18,-24.90,7.81,2.59,-0.46,-0.34,62.55,30.75,53.40,32.63,13.66,986.61,-40.26,367.50,-778.75,-358.75,1,53.389,"
1784216420.7162707,"01/01/2000,04:08:01.79,-1029.30,-29.30,24.41,-1.25,1.33,-0.73,62.25,31.20,51.90,32.82,14.40,988.69,-39.16,-490.0,-1023.75,-271.25,1,53.389,"
1784216420.7378993,"01/01/2000,04:08:01.81,-992.68,-23.44,39.06,1.40,0.61,1.76,62.55,30.0,52.65,32.73,15.25,986.25,-41.72,-271.25,-700.0,-96.25,1,53.389,"
1784216420.7622771,"01/01/2000,04:08:01.84,-1004.88,-32.23,6.35,-0.27,0.64,2.12,60.90,32.25,52.95,32.58,14.64,982.22,-44.53,1207.50,-385.0,-236.25,1,53.389,"
1784216420.780014,"01/01/2000,04:08:01.85,-1033.69,-16.11,17.09,0.03,0.20,-1.08,59.10,30.45,56.10,32.82,13.42,982.83,-42.70,883.75,-577.50,-245.0,1,53.389,"
1784216420.7978354,"01/01/2000,04:08:01.87,-1015.14,-20.02,6.84,2.20,-0.95,-0.14,62.55,30.75,53.10,32.63,13.42,985.88,-38.92,-131.25,-630.0,-280.0,1,53.389,"
1784216420.8141258,"01/01/2000,04:08:01.89,-1021.48,-24.90,22.46,0.47,-0.08,-1.98,61.80,30.0,52.35,32.82,14.03,988.20,-38.19,-700.0,-988.75,-210.0,1,53.389,"
1784216420.8395724,"01/01/2000,04:08:01.91,-1007.81,-43.95,77.64,0.79,-2.03,-0.17,62.40,29.40,54.0,32.77,14.64,988.57,-40.63,140.0,-1023.75,-113.75,1,53.389,"
1784216420.8552518,"01/01/2000,04:08:01.93,-1023.44,-12.21,39.06,-0.92,1.89,0.82,61.65,30.60,54.0,32.77,15.13,987.35,-42.70,437.50,-420.0,-218.75,1,53.389,"
1784216420.8694313,"01/01/2000,04:08:01.94,-998.05,-12.70,-7.32,1.15,-1.99,-0.50,62.70,31.05,54.0,32.73,14.52,985.03,-42.94,350.0,-271.25,-236.25,1,53.389,"
1784216420.8886585,"01/01/2000,04:08:01.96,-1024.41,-21.48,10.25,1.06,0.11,-0.11,60.60,30.0,53.10,32.97,13.42,984.42,-41.85,402.50,-586.25,-306.25,1,53.389,"
1784216420.9251845,"01/01/2000,04:08:02.00,-1029.79,-21.48,70.31,2.21,-3.27,-0.24,60.60,30.75,53.85,32.92,13.91,988.32,-40.99,8.75,-988.75,-227.50,1,53.389,"
1784216420.9454978,"01/01/2000,04:08:02.02,-1011.23,-14.16,-0.98,-0.66,1.16,1.06,61.20,31.05,54.75,32.77,14.64,988.20,-40.99,70.0,-822.50,-271.25,1,53.389,"
1784216420.9634998,"01/01/2000,04:08:02.04,-1004.88,-49.80,3.42,-1.29,-1.77,2.66,59.25,28.20,55.95,32.73,15.01,986.00,-41.48,297.50,-385.0,-122.50,1,53.389,"
1784216420.981392,"01/01/2000,04:08:02.05,-995.61,-9.77,70.31,0.52,-3.60,-0.29,59.25,28.20,55.95,32.92,14.03,984.54,-41.72,227.50,-560.0,-271.25,1,53.389,"
1784216420.9976,"01/01/2000,04:08:02.07,-1021.97,3.91,6.84,1.66,0.74,-0.42,61.20,28.95,53.70,32.63,13.18,984.66,-41.72,516.25,-612.50,-280.0,1,53.389,"
1784216421.0146716,"01/01/2000,04:08:02.09,-1037.60,-43.46,33.69,0.71,-2.29,2.56,61.65,30.15,53.70,32.73,13.42,986.25,-41.11,210.0,-831.25,-315.0,1,53.389,"
1784216421.0354912,"01/01/2000,04:08:02.11,-1022.95,-31.74,37.11,0.35,-0.73,1.11,60.90,28.95,54.0,32.77,14.15,987.71,-40.26,-105.0,-770.0,-288.75,1,53.389,"
1784216421.055496,"01/01/2000,04:08:02.13,-983.89,-14.65,59.57,-1.79,2.39,-1.63,60.90,28.95,54.0,32.92,15.01,986.98,-40.75,-280.0,-691.25,-236.25,1,53.389,"
1784216421.0878677,"01/01/2000,04:08:02.16,-1020.02,-19.04,12.70,1.36,0.69,-3.31,60.45,30.60,53.25,32.73,14.03,982.83,-43.43,367.50,-516.25,-245.0,1,53.389,"
1784216421.112192,"01/01/2000,04:08:02.18,-1025.39,-29.79,51.27,1.08,-3.16,-1.33,61.35,29.55,53.10,32.73,13.42,984.05,-43.43,498.75,-682.50,-315.0,1,53.389,"
1784216421.1299715,"01/01/2000,04:08:02.20,-1016.11,-24.90,40.53,2.47,1.87,3.89,62.25,30.45,53.40,33.11,13.42,986.98,-42.09,533.75,-770.0,-236.25,1,53.389,"
1784216421.1456616,"01/01/2000,04:08:02.22,-1015.14,-29.30,53.22,0.05,-2.33,-0.27,61.20,30.60,54.75,32.82,14.15,989.18,-40.50,-166.25,-717.50,-288.75,1,53.389,"
1784216421.165041,"01/01/2000,04:08:02.24,-996.09,-28.32,129.88,-0.68,-0.99,-0.51,60.60,28.35,56.10,32.73,14.88,987.71,-41.11,-192.50,-708.75,-131.25,1,53.389,"
1784216421.1823475,"01/01/2000,04:08:02.26,-1001.46,-8.30,67.38,-0.33,0.01,0.11,60.60,28.35,56.10,32.73,14.40,984.78,-43.07,358.75,-411.25,-393.75,1,53.389,"
1784216421.199718,"01/01/2000,04:08:02.27,-1015.14,-12.21,11.72,1.91,-2.54,-1.18,60.60,30.45,52.65,32.92,13.42,984.17,-43.80,603.75,-673.75,-245.0,1,53.389,"
1784216421.2161722,"01/01/2000,04:08:02.29,-997.56,3.42,21.97,-0.12,-0.60,-2.67,60.45,31.05,53.70,32.92,13.30,985.27,-42.70,481.25,-586.25,-245.0,1,53.389,"
1784216421.2393723,"01/01/2000,04:08:02.31,-1024.41,-3.91,13.67,-0.82,-2.07,0.97,60.60,30.45,55.05,32.82,13.66,987.22,-40.02,-87.50,-778.75,-350.0,1,53.389,"
1784216421.262334,"01/01/2000,04:08:02.34,-1014.65,-7.32,-2.93,-0.84,0.05,-2.39,60.45,30.15,54.0,32.73,14.88,987.22,-39.53,-323.75,-901.25,-201.25,1,53.389,"
1784216421.288622,"01/01/2000,04:08:02.36,-1034.18,-10.74,-11.23,-0.08,1.60,-2.16,60.30,29.55,53.10,32.44,14.76,985.76,-41.11,157.50,-498.75,-210.0,1,53.389,"
1784216421.3038206,"01/01/2000,04:08:02.37,-1020.51,-35.16,59.08,-0.45,-0.10,-0.04,61.80,30.45,53.10,32.63,13.66,984.91,-42.82,376.25,-560.0,-253.75,1,53.389,"
1784216421.321241,"01/01/2000,04:08:02.40,-1017.58,-13.18,20.51,1.58,-2.20,0.34,61.65,29.85,52.20,32.97,13.05,984.54,-43.43,490.0,-603.75,-271.25,1,53.389,"
1784216421.3382206,"01/01/2000,04:08:02.41,-1000.98,-16.60,59.57,-0.88,-0.19,-0.23,61.20,31.05,55.50,32.73,13.30,984.54,-42.46,630.0,-665.0,-201.25,1,53.389,"
1784216421.356085,"01/01/2000,04:08:02.43,-1038.09,-16.60,19.04,-0.42,1.22,-0.09,61.35,30.75,54.60,32.73,14.03,985.52,-40.26,253.75,-866.25,-166.25,1,53.389,"
1784216421.3788831,"01/01/2000,04:08:02.45,-1033.69,2.93,32.23,0.38,-0.27,0.53,63.0,30.0,54.60,32.73,14.64,986.98,-39.77,-586.25,-691.25,-113.75,1,53.389,"
1784216421.3944187,"01/01/2000,04:08:02.47,-1032.23,-14.16,46.88,0.42,1.21,-0.79,62.40,29.40,54.0,32.73,14.40,986.49,-41.85,201.25,-385.0,-262.50,1,53.389,"
1784216421.4109075,"01/01/2000,04:08:02.49,-997.56,-30.76,31.25,0.15,-2.37,0.56,61.35,30.45,53.85,32.82,13.54,985.52,-43.92,1032.50,-551.25,-245.0,1,53.389,"
1784216421.428937,"01/01/2000,04:08:02.50,-989.26,-18.55,43.46,0.53,-1.36,-2.58,60.45,30.60,52.95,33.06,13.42,986.25,-42.82,402.50,-752.50,-288.75,1,53.389,"
1784216421.4495158,"01/01/2000,04:08:02.52,-1027.83,-18.07,28.32,2.10,1.40,1.47,61.80,30.45,53.40,32.73,13.91,986.49,-40.75,-43.75,-805.0,-201.25,1,53.389,"
1784216421.4663024,"01/01/2000,04:08:02.54,-1039.55,-8.79,21.00,0.79,1.08,0.36,61.35,30.0,53.40,32.77,14.40,986.37,-41.11,385.0,-726.25,-183.75,1,53.389,"
1784216421.48672,"01/01/2000,04:08:02.56,-1007.81,-3.42,14.65,0.44,-0.19,-0.16,61.05,28.80,54.15,33.06,14.40,987.35,-41.72,402.50,-656.25,-306.25,1,53.389,"
1784216421.5028424,"01/01/2000,04:08:02.58,-1021.00,-19.53,25.39,-0.81,0.39,1.18,61.05,30.0,54.15,32.73,14.64,987.71,-41.24,52.50,-595.0,-122.50,1,53.389,"
1784216421.5274546,"01/01/2000,04:08:02.60,-1009.77,-22.46,41.02,0.41,0.11,0.0,60.90,29.85,52.50,32.97,13.66,985.39,-41.24,-131.25,-603.75,-350.0,1,53.389,"
1784216421.5442748,"01/01/2000,04:08:02.61,-1004.39,-18.55,26.86,-0.15,-0.73,0.76,59.55,31.20,56.10,32.63,13.54,984.05,-41.97,166.25,-910.0,-175.0,1,53.389,"
1784216421.5566316,"01/01/2000,04:08:02.63,-1008.79,-26.86,-13.18,0.99,-1.73,1.17,61.05,29.55,53.40,32.82,13.91,984.30,-43.19,525.0,-796.25,-201.25,1,53.389,"
1784216421.5776331,"01/01/2000,04:08:02.65,-1012.21,-19.53,47.36,3.06,-0.60,0.67,61.35,30.45,53.40,32.73,14.64,985.88,-42.46,490.0,-201.25,-245.0,1,53.389,"
1784216421.5943096,"01/01/2000,04:08:02.67,-1006.84,-35.16,42.48,-0.25,-1.15,-1.89,59.70,26.55,55.50,32.73,14.27,986.74,-40.14,-148.75,-770.0,-157.50,1,53.389,"
1784216421.6121373,"01/01/2000,04:08:02.69,-1019.53,12.70,-9.77,2.03,2.56,-0.24,60.0,28.65,55.20,32.77,13.66,985.76,-40.38,-385.0,-1050.0,-192.50,1,53.389,"
1784216421.6337938,"01/01/2000,04:08:02.70,-1001.95,-17.58,31.74,0.90,0.25,0.71,60.90,30.60,53.25,32.92,13.42,985.03,-42.21,-175.0,-857.50,-253.75,1,53.389,"
1784216421.6500666,"01/01/2000,04:08:02.72,-1049.32,-31.25,83.50,0.81,-3.33,1.57,60.60,30.0,53.40,32.73,13.91,985.52,-44.29,875.0,-490.0,-175.0,1,53.389,"
1784216421.6673748,"01/01/2000,04:08:02.74,-1017.09,-51.27,11.72,-0.18,0.26,-1.44,60.0,29.40,54.45,32.82,13.66,986.74,-42.46,498.75,-682.50,-280.0,1,53.389,"
1784216421.684813,"01/01/2000,04:08:02.76,-1012.70,2.93,42.48,0.08,1.83,-0.38,61.35,30.0,54.15,32.82,13.91,987.47,-40.50,-297.50,-796.25,-113.75,1,53.390,"
1784216421.7024348,"01/01/2000,04:08:02.78,-1026.86,-33.69,18.07,1.88,-2.37,-0.10,60.60,29.25,53.10,32.63,14.27,987.35,-40.02,-315.0,-542.50,-218.75,1,53.389,"
1784216421.7278864,"01/01/2000,04:08:02.80,-1012.21,-12.70,-8.30,-1.68,1.92,-0.36,61.35,29.25,53.40,32.73,13.79,987.10,-41.97,402.50,-708.75,-262.50,1,53.389,"
1784216421.7390115,"01/01/2000,04:08:02.81,-1005.37,-7.32,53.22,-1.70,-0.89,-0.28,59.10,30.0,55.80,32.92,13.79,986.74,-43.07,131.25,-673.75,-262.50,1,53.389,"
1784216421.760947,"01/01/2000,04:08:02.83,-1027.34,-17.09,36.13,1.43,-0.77,-0.26,59.70,28.95,53.70,32.97,13.91,985.76,-43.19,341.25,-656.25,-315.0,1,53.389,"
1784216421.7829366,"01/01/2000,04:08:02.86,-1025.88,-31.25,71.29,-0.34,-1.17,-0.96,61.35,29.25,55.80,32.77,14.03,985.03,-42.09,341.25,-665.0,-350.0,1,53.389,"
1784216421.8054242,"01/01/2000,04:08:02.88,-996.58,-16.60,-1.46,-0.24,-0.11,0.91,62.40,29.40,54.45,32.97,13.79,986.25,-40.63,-201.25,-577.50,-428.75,1,53.389,"
1784216421.8223333,"01/01/2000,04:08:02.90,-1027.83,-13.67,5.37,1.88,-2.08,-2.17,60.0,30.60,53.70,32.92,13.79,986.00,-41.24,-463.75,-735.0,-288.75,1,53.389,"
1784216421.8441687,"01/01/2000,04:08:02.91,-1019.53,-14.65,20.51,0.52,2.15,-1.35,60.30,30.0,54.60,32.58,13.91,982.34,-44.29,-52.50,-542.50,-306.25,1,53.389,"
1784216421.861055,"01/01/2000,04:08:02.93,-1020.51,-21.48,21.97,1.14,-0.31,-1.40,61.80,28.05,54.60,32.82,13.91,978.20,-47.21,612.50,-638.75,-183.75,1,53.389,"
1784216421.8775566,"01/01/2000,04:08:02.95,-992.68,-26.86,41.02,-1.93,1.32,2.08,61.20,28.65,52.50,32.73,13.91,977.10,-47.95,621.25,-376.25,-105.0,1,53.389,"
1784216421.8957565,"01/01/2000,04:08:02.97,-987.79,-32.23,35.16,0.09,-2.45,3.71,60.0,31.05,54.45,33.06,13.42,978.68,-47.21,350.0,-490.0,-218.75,1,53.389,"
1784216421.9203548,"01/01/2000,04:08:02.99,-1012.70,20.02,-2.44,1.0,0.11,1.73,59.85,29.55,54.15,32.82,13.18,981.37,-45.63,376.25,-770.0,-148.75,1,53.389,"
1784216421.933055,"01/01/2000,04:08:03.01,-1020.02,-12.21,55.18,-0.50,0.33,-0.45,59.25,30.60,53.25,32.92,13.42,982.22,-44.04,-113.75,-656.25,-306.25,1,53.389,"
1784216421.950402,"01/01/2000,04:08:03.02,-974.61,-2.93,89.84,0.60,1.75,-0.64,60.45,29.40,55.20,33.06,14.03,979.78,-44.16,-866.25,-743.75,-105.0,1,53.389,"
1784216421.9673753,"01/01/2000,04:08:03.04,-991.21,2.44,31.25,0.72,0.05,1.10,60.45,29.85,53.25,32.39,14.15,975.39,-47.82,-341.25,-743.75,-236.25,1,53.389,"
1784216421.9882624,"01/01/2000,04:08:03.06,-1017.58,-6.84,-10.74,2.45,0.92,0.53,60.30,31.20,53.40,32.73,13.91,971.73,-52.46,603.75,-472.50,-271.25,1,53.390,"
1784216422.0107856,"01/01/2000,04:08:03.08,-999.51,-24.90,-57.13,-0.85,-1.20,0.03,60.60,30.75,54.15,32.73,13.54,971.61,-53.31,1181.25,-52.50,-280.0,1,53.389,"
1784216422.0289938,"01/01/2000,04:08:03.10,-1054.20,-9.77,104.49,-0.82,-0.15,0.73,61.05,29.25,53.85,32.92,13.42,975.02,-50.02,638.75,-271.25,-201.25,1,53.389,"
1784216422.044274,"01/01/2000,04:08:03.11,-934.57,3.42,48.83,1.13,-0.31,-1.85,60.0,30.15,53.25,32.82,13.42,979.90,-45.14,-87.50,-848.75,-271.25,1,53.389,"
1784216422.058403,"01/01/2000,04:08:03.13,-1070.31,-49.32,-132.32,1.02,0.60,0.16,61.95,29.40,53.70,32.92,14.03,982.95,-42.33,-656.25,-1225.0,-192.50,1,53.389,"
1784216422.078923,"01/01/2000,04:08:03.15,-959.47,-1.95,69.82,1.20,-1.70,-0.65,60.45,29.40,52.95,32.73,14.64,980.64,-43.92,-638.75,-577.50,-157.50,1,53.389,"
1784216422.095665,"01/01/2000,04:08:03.17,-1016.60,-19.53,49.32,-1.17,0.28,1.28,60.30,28.65,54.0,32.73,14.40,977.34,-47.95,105.0,-105.0,-166.25,1,53.389,"
1784216422.1348195,"01/01/2000,04:08:03.21,-1044.92,-22.95,1.95,-2.40,-0.37,-0.92,59.25,30.15,54.0,32.73,13.30,984.05,-43.80,455.0,-490.0,-288.75,1,53.390,"
1784216422.1524875,"01/01/2000,04:08:03.23,-1015.14,-8.30,32.23,1.43,0.49,0.69,60.45,28.95,55.20,32.73,13.42,986.86,-38.55,-1198.75,-1085.0,-227.50,1,53.389,"
1784216422.1694875,"01/01/2000,04:08:03.24,-995.61,-22.46,7.32,0.69,2.24,-1.78,60.45,31.35,55.50,32.97,14.15,986.49,-39.28,-1242.50,-1216.25,-52.50,1,53.389,"
1784216422.18675,"01/01/2000,04:08:03.26,-1036.62,-2.93,57.13,1.34,1.01,0.24,62.40,28.65,54.0,32.73,14.64,983.44,-43.92,481.25,-446.25,-201.25,1,53.389,"
1784216422.2054968,"01/01/2000,04:08:03.28,-1036.13,-9.77,76.17,0.32,-1.85,-0.52,62.70,28.65,55.95,32.92,14.15,982.71,-46.60,1172.50,87.50,-288.75,1,53.389,"
1784216422.2251623,"01/01/2000,04:08:03.30,-1007.81,-35.64,7.32,-1.04,-1.33,0.54,61.20,28.95,54.0,32.58,13.42,984.17,-43.19,306.25,-402.50,-271.25,1,53.390,"
1784216422.2382283,"01/01/2000,04:08:03.32,-1007.32,-17.58,-26.86,0.95,0.02,-1.11,60.90,27.75,53.70,32.63,12.81,986.00,-40.50,-490.0,-1085.0,-271.25,1,53.390,"
1784216422.2609646,"01/01/2000,04:08:03.33,-984.38,-17.58,24.90,0.73,-0.76,0.74,59.70,30.15,54.0,32.82,13.54,987.59,-39.89,-857.50,-1286.25,-157.50,1,53.390,"
1784216422.2929738,"01/01/2000,04:08:03.35,-1013.67,1.95,14.65,-0.93,-0.71,-0.90,60.90,30.15,55.50,32.63,14.64,985.39,-43.19,245.0,-393.75,-192.50,1,53.390,"
1784216422.308413,"01/01/2000,04:08:03.38,-1062.50,-25.39,67.38,-0.71,-0.28,-0.50,60.30,28.80,56.10,32.92,13.91,983.69,-44.29,778.75,-262.50,-280.0,1,53.389,"
1784216422.330001,"01/01/2000,04:08:03.40,-1038.57,-33.69,5.86,-0.22,-1.63,0.31,59.70,29.40,53.70,32.97,13.05,986.49,-41.36,-175.0,-586.25,-210.0,1,53.389,"
1784216422.3682852,"01/01/2000,04:08:03.44,-1007.81,-20.02,35.16,-2.81,0.60,2.23,60.0,31.35,55.20,32.92,14.15,986.25,-41.36,-175.0,-1015.0,-105.0,1,53.389,"
1784216422.3859203,"01/01/2000,04:08:03.46,-1019.53,-19.04,21.48,-2.24,-0.11,0.46,60.60,29.55,54.60,32.73,14.64,984.30,-43.43,358.75,-376.25,-183.75,1,53.389,"
1784216422.402745,"01/01/2000,04:08:03.48,-1009.77,-29.79,55.66,-0.31,2.70,0.62,60.30,28.80,53.85,32.73,14.03,984.54,-43.80,778.75,-323.75,-245.0,1,53.389,"
1784216422.427524,"01/01/2000,04:08:03.50,-1030.27,-39.55,31.74,-0.11,-0.92,1.51,60.30,29.25,54.15,32.58,13.42,986.25,-41.85,26.25,-630.0,-315.0,1,53.389,"
1784216422.44462,"01/01/2000,04:08:03.52,-1000.98,-7.32,5.37,1.07,-0.28,1.21,62.70,28.95,53.25,32.77,13.30,987.22,-40.26,-350.0,-1032.50,-140.0,1,53.389,"
1784216422.4613507,"01/01/2000,04:08:03.53,-1029.79,-45.90,64.94,-1.01,0.55,0.57,59.10,29.55,52.65,32.73,13.79,986.49,-40.99,-227.50,-1155.0,-87.50,1,53.389,"
1784216422.478877,"01/01/2000,04:08:03.55,-979.49,-35.64,-41.50,0.65,0.58,0.0,61.05,29.55,54.60,32.73,14.64,985.27,-43.07,420.0,-586.25,-192.50,1,53.389,"
1784216422.4957237,"01/01/2000,04:08:03.57,-1005.37,-35.64,6.84,1.15,-0.22,0.91,61.05,29.25,53.10,32.73,14.15,985.15,-43.31,367.50,-17.50,-210.0,1,53.389,"
1784216422.5140622,"01/01/2000,04:08:03.59,-1027.34,-20.02,7.81,-1.37,-0.96,-0.27,60.60,29.25,53.85,32.73,13.42,986.00,-41.85,262.50,-402.50,-297.50,1,53.389,"
1784216422.5309932,"01/01/2000,04:08:03.61,-1023.44,-27.34,0.0,1.95,0.68,-1.40,61.35,29.55,53.85,32.97,13.18,986.74,-40.38,-262.50,-883.75,-262.50,1,53.389,"
1784216422.5564346,"01/01/2000,04:08:03.63,-1044.43,-45.90,70.31,1.92,0.24,-0.16,60.45,28.65,53.70,32.63,13.54,986.37,-41.48,-17.50,-1198.75,-245.0,1,53.389,"
1784216422.5694916,"01/01/2000,04:08:03.64,-1034.18,-11.23,11.72,0.35,-0.47,-0.69,60.90,29.40,53.70,32.63,14.15,985.39,-43.07,385.0,-481.25,-253.75,1,53.389,"
1784216422.5887518,"01/01/2000,04:08:03.66,-1006.84,-25.88,41.99,-1.03,1.72,-0.20,60.45,30.60,55.20,32.97,14.15,985.03,-43.19,647.50,-358.75,-297.50,1,53.389,"
1784216422.6073155,"01/01/2000,04:08:03.68,-1003.91,-28.81,-21.00,0.71,-2.92,0.30,60.90,28.95,54.45,32.73,13.91,985.64,-42.21,280.0,-463.75,-96.25,1,53.389,"
1784216422.626004,"01/01/2000,04:08:03.70,-1013.67,-40.04,79.59,-0.11,0.15,-0.54,61.95,27.75,53.70,32.77,13.42,986.49,-41.11,-148.75,-813.75,-367.50,1,53.389,"
1784216422.6378515,"01/01/2000,04:08:03.72,-1023.44,-21.00,21.97,0.17,-0.69,-1.24,60.0,29.85,53.70,32.73,13.66,986.37,-41.60,-35.0,-883.75,-131.25,1,53.389,"
1784216422.6604168,"01/01/2000,04:08:03.73,-1016.11,-22.46,-23.93,0.34,-1.72,-0.39,59.55,29.55,54.15,32.73,13.79,985.76,-42.94,236.25,-717.50,-227.50,1,53.389,"
1784216422.6987722,"01/01/2000,04:08:03.77,-1020.02,-21.97,-17.58,1.63,0.78,0.64,59.10,29.25,56.55,32.97,13.79,986.00,-41.85,175.0,-446.25,-201.25,1,53.389,"
1784216422.7161117,"01/01/2000,04:08:03.79,-1009.77,-21.00,-2.44,-0.26,-0.69,1.08,60.0,30.60,54.0,32.92,13.42,986.49,-40.99,-148.75,-647.50,-218.75,1,53.390,"
1784216422.7504268,"01/01/2000,04:08:03.82,-1017.09,-20.02,-3.91,0.02,-1.40,1.77,60.0,29.40,54.0,32.82,13.54,985.88,-42.09,297.50,-717.50,-157.50,1,53.389,"
1784216422.770873,"01/01/2000,04:08:03.85,-1032.71,-45.90,31.74,1.92,0.02,1.27,60.45,30.15,53.70,32.92,13.91,985.27,-42.70,533.75,-560.0,-262.50,1,53.389,"
1784216422.789144,"01/01/2000,04:08:03.86,-996.58,-36.13,83.01,-0.80,-2.05,-1.44,59.85,31.20,54.15,32.73,13.66,985.64,-41.72,131.25,-463.75,-201.25,1,53.389,"
1784216422.813088,"01/01/2000,04:08:03.89,-1006.84,-12.70,22.95,0.32,1.09,-1.11,60.30,29.55,53.85,32.73,13.30,986.49,-41.11,-157.50,-796.25,-245.0,1,53.389,"
1784216422.837469,"01/01/2000,04:08:03.91,-983.40,-51.27,41.50,-0.79,0.84,0.31,60.30,29.55,53.40,33.06,13.66,986.00,-41.72,236.25,-761.25,-271.25,1,53.389,"
1784216422.8693311,"01/01/2000,04:08:03.94,-1003.91,-25.39,27.83,0.68,-0.92,0.29,58.95,30.15,53.25,32.77,13.91,985.52,-41.85,192.50,-586.25,-253.75,1,53.389,"
1784216422.8878632,"01/01/2000,04:08:03.96,-1034.18,-26.37,20.51,-0.75,-0.77,0.87,58.95,28.95,53.25,32.73,13.66,986.13,-41.48,-43.75,-577.50,-271.25,1,53.389,"
1784216422.9260828,"01/01/2000,04:08:04.00,-993.65,-15.14,-8.79,0.51,-1.14,-1.20,59.55,28.35,55.35,32.77,13.91,986.49,-41.48,131.25,-708.75,-140.0,1,53.389,"
1784216422.946516,"01/01/2000,04:08:04.02,-1013.67,-49.32,6.84,0.09,-0.27,-0.25,60.0,30.15,54.0,32.73,14.03,986.00,-41.72,-35.0,-717.50,-192.50,1,53.389,"
1784216422.9609058,"01/01/2000,04:08:04.03,-1001.46,3.91,-25.88,-0.13,1.93,1.27,59.55,30.0,54.60,32.73,14.15,985.52,-41.97,332.50,-612.50,-175.0,1,53.389,"
1784216422.980757,"01/01/2000,04:08:04.05,-1037.11,-4.88,21.97,-0.08,0.51,-1.34,62.40,29.85,53.70,32.82,13.91,986.00,-41.85,192.50,-726.25,-288.75,1,53.389,"
1784216422.9981334,"01/01/2000,04:08:04.07,-1023.93,3.42,39.06,0.50,0.28,-2.29,60.45,29.40,54.0,32.82,13.66,986.37,-41.48,148.75,-752.50,-253.75,1,53.389,"
1784216423.0151858,"01/01/2000,04:08:04.09,-1004.39,-36.13,79.59,1.78,0.0,-2.75,60.45,29.40,54.0,32.63,14.03,986.00,-41.48,52.50,-796.25,-280.0,1,53.390,"
1784216423.038573,"01/01/2000,04:08:04.11,-1025.88,-33.69,28.32,-1.73,0.29,1.07,60.30,28.35,54.15,32.58,14.03,985.88,-41.97,288.75,-761.25,-218.75,1,53.389,"
1784216423.0533953,"01/01/2000,04:08:04.13,-1003.42,-25.39,-5.86,2.38,0.39,-2.31,59.25,28.65,54.45,32.63,14.27,985.64,-42.33,402.50,-542.50,-210.0,1,53.389,"
1784216423.070856,"01/01/2000,04:08:04.14,-1010.74,-36.13,64.94,0.40,-1.77,0.69,60.0,29.85,54.75,32.73,13.91,985.76,-41.97,262.50,-621.25,-367.50,1,53.389,"
1784216423.0883608,"01/01/2000,04:08:04.16,-1010.25,-47.85,43.95,-1.73,-1.40,-2.44,60.90,28.95,53.70,32.58,14.15,986.25,-41.36,-113.75,-673.75,-52.50,1,53.389,"
1784216423.1050088,"01/01/2000,04:08:04.18,-1013.67,-16.11,-21.48,-0.66,0.98,-0.64,60.0,26.55,55.20,32.63,13.91,986.25,-41.72,-17.50,-787.50,-262.50,1,53.389,"
1784216423.127007,"01/01/2000,04:08:04.20,-1026.86,-29.30,43.95,1.62,-0.22,-1.33,60.0,26.55,55.20,32.63,14.15,986.13,-41.97,245.0,-586.25,-253.75,1,53.389,"
1784216423.1453605,"01/01/2000,04:08:04.22,-1027.83,-22.46,19.04,0.09,0.04,-0.73,59.10,31.65,53.40,33.06,14.15,986.00,-42.21,271.25,-595.0,-262.50,1,53.390,"
1784216423.161059,"01/01/2000,04:08:04.24,-1023.44,-9.77,5.86,-0.27,-0.21,-0.89,60.90,29.85,54.75,32.92,14.15,986.13,-41.97,245.0,-560.0,-157.50,1,53.390,"
1784216423.1818597,"01/01/2000,04:08:04.26,-984.86,-19.53,47.85,0.12,0.20,-0.27,61.05,30.45,53.10,32.82,13.66,986.61,-41.36,26.25,-691.25,-288.75,1,53.389,"
1784216423.198931,"01/01/2000,04:08:04.27,-994.14,-31.25,47.85,-0.06,1.62,0.98,60.90,29.85,53.70,32.73,13.54,986.25,-41.36,113.75,-647.50,-236.25,1,53.389,"
1784216423.2161808,"01/01/2000,04:08:04.29,-1016.60,-22.46,-34.67,0.60,1.99,0.60,60.90,29.85,53.70,32.73,13.79,986.00,-41.72,227.50,-595.0,-253.75,1,53.389,"
1784216423.2340155,"01/01/2000,04:08:04.31,-1006.35,-48.34,28.81,-0.31,-0.29,-1.67,61.35,28.05,53.10,32.73,13.91,986.00,-42.09,140.0,-630.0,-271.25,1,53.390,"
1784216423.2564423,"01/01/2000,04:08:04.33,-1005.86,-15.14,-12.70,2.23,1.08,0.29,62.40,28.65,54.0,32.73,13.91,986.25,-41.72,192.50,-560.0,-323.75,1,53.390,"
1784216423.2721019,"01/01/2000,04:08:04.35,-1002.44,-15.14,33.69,0.42,-0.68,0.21,61.35,30.45,53.40,32.77,13.91,986.37,-41.48,26.25,-621.25,-280.0,1,53.390,"
1784216423.288929,"01/01/2000,04:08:04.36,-1001.95,-26.37,66.89,-2.33,-0.50,2.37,59.85,28.35,53.40,32.73,13.91,986.37,-41.48,113.75,-682.50,-87.50,1,53.390,"
1784216423.3058314,"01/01/2000,04:08:04.38,-1027.34,-4.88,21.00,-0.31,0.59,-0.95,61.65,27.45,54.75,32.63,13.79,986.00,-41.72,271.25,-700.0,-192.50,1,53.390,"
1784216423.3555567,"01/01/2000,04:08:04.43,-1026.37,-11.23,30.27,-1.59,-1.85,2.14,60.45,28.65,52.50,32.58,13.66,986.25,-41.24,122.50,-682.50,-341.25,1,53.389,"
1784216423.3709533,"01/01/2000,04:08:04.45,-1006.35,-32.71,71.78,-0.48,-1.31,1.40,60.30,29.55,53.85,32.58,13.66,986.49,-41.24,52.50,-787.50,-122.50,1,53.389,"
1784216423.3943698,"01/01/2000,04:08:04.47,-1023.93,-0.49,23.44,-0.84,-0.46,-1.76,59.25,29.85,55.20,32.92,13.66,986.00,-41.48,201.25,-551.25,-323.75,1,53.389,"
1784216423.4116528,"01/01/2000,04:08:04.49,-1007.32,-28.81,53.22,-0.97,1.63,-0.79,60.30,28.05,54.60,32.82,13.66,985.76,-41.72,175.0,-752.50,-175.0,1,53.389,"
1784216423.4279823,"01/01/2000,04:08:04.50,-998.54,-6.35,11.23,0.04,1.02,0.72,59.85,31.20,53.40,32.73,13.66,986.00,-41.72,122.50,-735.0,-175.0,1,53.389,"
1784216423.4454372,"01/01/2000,04:08:04.52,-1028.32,-43.46,81.05,-0.22,-1.95,0.22,60.45,31.05,55.20,32.82,13.66,986.25,-41.24,227.50,-647.50,-96.25,1,53.390,"
1784216423.466461,"01/01/2000,04:08:04.54,-1016.60,-28.81,40.04,1.47,1.12,0.39,59.55,28.05,53.40,32.73,13.54,986.13,-41.24,96.25,-761.25,-148.75,1,53.389,"
1784216423.4886675,"01/01/2000,04:08:04.56,-1010.74,-40.04,47.36,-2.96,1.17,-0.31,61.20,30.15,54.0,32.63,13.91,986.13,-41.24,131.25,-638.75,-358.75,1,53.389,"
1784216423.5222108,"01/01/2000,04:08:04.60,-1012.70,-20.02,47.85,0.05,-1.55,-2.27,59.55,30.0,54.60,32.73,13.91,986.00,-41.72,253.75,-682.50,-280.0,1,53.389,"
1784216423.538625,"01/01/2000,04:08:04.61,-1003.91,-27.34,44.43,1.24,0.34,-0.64,61.05,29.55,53.10,32.73,13.91,986.00,-41.36,-78.75,-551.25,-175.0,1,53.389,"
1784216423.5575218,"01/01/2000,04:08:04.63,-1033.69,10.74,35.16,-0.24,-1.27,0.34,61.20,30.15,54.0,33.06,13.42,985.76,-41.36,148.75,-717.50,-148.75,1,53.389,"
1784216423.570357,"01/01/2000,04:08:04.65,-1001.46,7.32,-22.95,0.62,1.27,0.07,60.90,28.95,53.25,32.73,13.42,986.13,-42.09,78.75,-822.50,-105.0,1,53.390,"
1784216423.5947573,"01/01/2000,04:08:04.67,-1017.58,2.44,7.32,-0.92,0.15,-3.09,61.80,28.80,53.10,32.58,13.66,986.25,-41.97,376.25,-743.75,-105.0,1,53.390,"
1784216423.6121142,"01/01/2000,04:08:04.69,-1018.55,-15.14,35.64,1.56,0.37,-1.14,59.10,30.45,53.10,32.97,13.79,986.13,-41.60,78.75,-638.75,-367.50,1,53.389,"
1784216423.6299613,"01/01/2000,04:08:04.70,-1035.64,-8.79,34.67,-0.31,0.48,-1.87,60.90,29.55,52.65,32.73,14.03,986.13,-41.11,-70.0,-691.25,-227.50,1,53.389,"
1784216423.6468058,"01/01/2000,04:08:04.72,-1001.95,-12.70,62.50,-0.81,0.69,-3.26,60.0,31.80,53.70,32.53,13.79,986.13,-41.60,131.25,-612.50,-297.50,1,53.389,"
1784216423.6676366,"01/01/2000,04:08:04.74,-1011.72,-27.83,39.55,0.06,0.98,-2.07,61.20,29.40,52.95,32.73,13.79,986.25,-42.09,297.50,-1006.25,-297.50,1,53.389,"
1784216423.6858497,"01/01/2000,04:08:04.76,-1010.74,-10.74,-31.25,0.60,-1.09,1.31,58.65,28.35,56.10,32.44,13.91,985.76,-41.60,227.50,-402.50,-472.50,1,53.390,"
1784216423.7022574,"01/01/2000,04:08:04.78,-1012.21,-57.62,77.15,0.50,-0.66,-0.10,60.45,29.40,53.70,32.82,13.79,985.76,-41.11,-131.25,-883.75,-140.0,1,53.390,"
1784216423.7241826,"01/01/2000,04:08:04.80,-1025.88,-4.39,10.25,-0.42,-1.69,-0.66,61.20,30.15,54.75,32.63,14.40,986.13,-41.24,0.0,-551.25,-288.75,1,53.390,"
1784216423.7454958,"01/01/2000,04:08:04.82,-1000.0,-21.00,19.53,1.01,-1.87,1.44,61.20,30.60,54.0,32.58,14.15,986.37,-41.72,140.0,-700.0,-78.75,1,53.390,"
1784216423.7613058,"01/01/2000,04:08:04.83,-1004.39,-17.09,21.00,0.21,-2.31,-0.50,61.20,30.60,53.70,32.73,14.27,986.00,-41.85,358.75,-560.0,-227.50,1,53.389,"
1784216423.7788544,"01/01/2000,04:08:04.85,-1018.55,3.91,93.75,-0.45,0.11,0.04,60.60,29.25,53.40,32.73,13.66,986.00,-41.60,131.25,-848.75,-227.50,1,53.390,"
1784216423.7957907,"01/01/2000,04:08:04.87,-1017.58,-21.97,5.37,-0.95,-0.60,0.36,61.35,29.55,54.60,33.06,13.91,985.76,-41.24,148.75,-735.0,-61.25,1,53.389,"
1784216423.8126633,"01/01/2000,04:08:04.89,-992.68,-7.32,77.15,-0.31,-0.95,0.98,61.05,29.55,55.05,32.63,13.79,986.00,-41.48,245.0,-621.25,-288.75,1,53.390,"
1784216423.830325,"01/01/2000,04:08:04.90,-973.14,-46.39,83.50,2.0,-2.27,2.18,58.95,29.40,54.0,32.92,13.91,986.13,-41.72,105.0,-656.25,-183.75,1,53.390,"
1784216423.861331,"01/01/2000,04:08:04.93,-1005.37,-12.21,-13.18,1.69,0.36,-1.66,61.05,28.05,56.10,32.77,14.15,986.25,-41.60,245.0,-665.0,-183.75,1,53.390,"
1784216423.893885,"01/01/2000,04:08:04.97,-1014.65,7.81,71.29,1.89,-0.03,-1.24,60.0,30.60,52.95,32.77,13.66,986.00,-41.48,-70.0,-910.0,-175.0,1,53.390,"
1784216423.9281077,"01/01/2000,04:08:05.00,-974.61,1.46,6.84,1.60,-0.71,-0.77,61.35,29.55,52.65,32.73,13.91,986.25,-41.97,288.75,-612.50,-332.50,1,53.389,"
1784216423.9486372,"01/01/2000,04:08:05.02,-1020.51,-41.99,59.08,-0.34,-1.0,2.94,61.80,29.55,53.85,32.97,14.15,986.61,-41.72,52.50,-682.50,-148.75,1,53.389,"
1784216423.9662254,"01/01/2000,04:08:05.04,-1024.41,-6.35,20.51,2.24,0.40,-1.34,59.85,29.25,54.60,32.73,13.79,986.49,-41.24,-61.25,-647.50,-218.75,1,53.389,"
1784216423.9829967,"01/01/2000,04:08:05.06,-1022.95,-7.32,43.46,0.13,-1.26,0.37,61.65,29.85,52.50,32.73,13.66,986.25,-41.36,43.75,-735.0,-78.75,1,53.390,"
1784216424.0071306,"01/01/2000,04:08:05.08,-988.28,-14.65,30.27,0.52,0.75,-1.48,60.30,31.20,54.15,32.82,13.54,986.00,-41.72,271.25,-595.0,-288.75,1,53.390,"
1784216424.0222087,"01/01/2000,04:08:05.10,-1008.30,-41.50,-28.32,0.44,1.86,-1.74,59.55,28.80,54.15,32.77,13.54,986.25,-41.60,358.75,-726.25,-175.0,1,53.390,"
1784216424.0386288,"01/01/2000,04:08:05.11,-1013.67,-47.85,27.34,0.30,1.78,0.95,61.05,27.60,55.05,32.73,13.91,986.37,-41.24,218.75,-682.50,-96.25,1,53.390,"
1784216424.061384,"01/01/2000,04:08:05.13,-1013.67,-21.48,31.74,-0.73,0.47,2.29,61.65,29.40,54.75,32.73,13.66,986.25,-41.11,105.0,-700.0,-157.50,1,53.389,"
1784216424.0773401,"01/01/2000,04:08:05.15,-1002.44,-10.25,-8.30,-2.39,-0.50,2.22,60.0,29.40,53.70,32.73,13.42,986.25,-41.24,8.75,-560.0,-323.75,1,53.389,"
1784216424.0943177,"01/01/2000,04:08:05.17,-1012.21,-21.00,44.92,1.20,-1.41,1.37,61.80,30.0,54.15,32.77,13.42,986.13,-41.72,376.25,-647.50,-271.25,1,53.390,"
1784216424.1109786,"01/01/2000,04:08:05.19,-1019.04,-6.84,29.30,-0.33,1.05,0.07,60.45,28.20,53.25,32.92,13.42,986.25,-41.48,332.50,-630.0,-280.0,1,53.390,"
1784216424.1287563,"01/01/2000,04:08:05.20,-1016.11,-44.43,52.25,-0.27,-0.39,-0.69,61.65,29.85,54.0,32.77,13.91,986.49,-41.11,35.0,-673.75,-157.50,1,53.390,"
1784216424.1505206,"01/01/2000,04:08:05.22,-1004.88,-23.93,29.30,1.04,1.25,0.40,60.60,31.20,55.80,32.92,14.15,986.49,-40.99,131.25,-533.75,-253.75,1,53.390,"
1784216424.16732,"01/01/2000,04:08:05.24,-994.14,-23.44,-5.86,0.63,-1.46,-0.76,60.45,30.15,54.0,32.82,13.91,986.37,-41.36,140.0,-647.50,-166.25,1,53.390,"
1784216424.1847384,"01/01/2000,04:08:05.26,-1018.55,-19.53,54.69,-0.07,3.63,-0.70,61.35,30.45,53.85,32.73,13.91,986.13,-41.72,201.25,-577.50,-78.75,1,53.390,"
1784216424.201797,"01/01/2000,04:08:05.28,-1006.35,-26.86,-19.53,-0.52,-0.28,-0.25,61.05,30.0,54.15,32.73,13.79,986.00,-41.72,341.25,-743.75,-210.0,1,53.390,"
1784216424.222782,"01/01/2000,04:08:05.30,-1016.60,3.42,-6.84,1.20,-0.07,2.37,60.60,28.80,55.05,32.77,14.15,986.74,-41.36,0.0,-840.0,-96.25,1,53.390,"
1784216424.2563899,"01/01/2000,04:08:05.33,-1013.18,-43.46,90.33,-0.99,1.0,0.74,60.60,29.25,54.60,32.73,13.91,986.25,-41.48,218.75,-647.50,-201.25,1,53.390,"
1784216424.2775414,"01/01/2000,04:08:05.35,-1012.21,-4.88,17.09,-0.66,1.37,1.60,60.60,29.55,53.85,32.92,13.66,986.25,-41.72,192.50,-621.25,-332.50,1,53.390,"
1784216424.294629,"01/01/2000,04:08:05.37,-1019.04,-17.09,38.57,-1.34,-1.66,-0.04,60.60,30.45,54.15,32.77,13.54,986.25,-41.72,201.25,-761.25,-271.25,1,53.390,"
1784216424.3119931,"01/01/2000,04:08:05.39,-1001.95,-17.09,27.83,0.50,-0.78,-1.78,60.30,30.0,55.05,32.82,13.66,986.13,-41.36,35.0,-726.25,-210.0,1,53.390,"
1784216424.3352458,"01/01/2000,04:08:05.40,-1018.07,-38.57,38.09,0.03,-1.24,0.42,60.60,31.20,52.65,32.73,13.91,986.49,-41.24,-61.25,-630.0,-122.50,1,53.390,"
1784216424.3620174,"01/01/2000,04:08:05.42,-1009.77,-27.83,7.32,0.73,-0.55,1.04,60.90,29.40,54.0,32.63,13.66,986.37,-41.48,175.0,-595.0,-332.50,1,53.390,"
1784216424.3953705,"01/01/2000,04:08:05.47,-1019.53,-23.44,22.46,-0.23,0.85,-0.20,58.65,29.55,53.40,32.63,13.42,986.25,-41.48,131.25,-752.50,-297.50,1,53.390,"
1784216424.42224,"01/01/2000,04:08:05.49,-1000.0,-22.95,32.23,-0.66,-2.34,-1.64,61.80,28.80,54.15,32.73,13.54,986.49,-41.48,0.0,-691.25,-148.75,1,53.390,"
1784216424.4343069,"01/01/2000,04:08:05.51,-1031.25,-11.23,17.58,0.82,1.61,0.21,61.95,28.95,53.25,32.73,13.42,986.49,-41.48,271.25,-682.50,-367.50,1,53.390,"
1784216424.451098,"01/01/2000,04:08:05.53,-1023.93,7.81,20.51,1.75,1.73,1.34,60.90,28.95,54.75,32.77,13.42,986.37,-41.60,175.0,-665.0,-227.50,1,53.390,"
1784216424.4671128,"01/01/2000,04:08:05.54,-1028.32,2.44,27.34,0.82,-0.42,1.59,61.05,29.55,54.60,32.77,13.54,986.49,-41.72,52.50,-717.50,-210.0,1,53.390,"
