rtcDate,rtcTime,aX,aY,aZ,gX,gY,gZ,dataRdy,output_Hz,
01/01/2000,01:28:10.20,16.35,-53.92,-862.91,87.50,-761.25,-323.75,1,0.0,
01/01/2000,01:28:10.21,16.96,-55.14,-885.96,148.75,-612.50,-332.50,1,100.0,
01/01/2000,01:28:10.23,17.32,-56.49,-904.75,183.75,-638.75,-376.25,1,100.0,
01/01/2000,01:28:10.24,17.45,-57.10,-915.49,183.75,-735.0,-192.50,1,100.0,
01/01/2000,01:28:10.25,17.81,-57.83,-925.00,96.25,-708.75,-315.0,1,100.0,
01/01/2000,01:28:10.26,17.93,-58.44,-937.20,192.50,-752.50,-350.0,1,100.0,
01/01/2000,01:28:10.27,18.06,-59.05,-944.04,105.0,-577.50,-350.0,1,100.0,
01/01/2000,01:28:10.28,18.18,-59.17,-949.89,201.25,-595.0,-297.50,1,100.0,
01/01/2000,01:28:10.29,18.30,-59.66,-955.14,122.50,-656.25,-341.25,1,100.0,
01/01/2000,01:28:10.30,18.42,-59.90,-961.85,140.0,-778.75,-297.50,1,100.0,
01/01/2000,01:28:10.31,18.42,-60.15,-965.75,131.25,-761.25,-367.50,1,100.0,
01/01/2000,01:28:10.32,18.54,-60.27,-969.05,192.50,-656.25,-280.0,1,100.0,
01/01/2000,01:28:10.33,18.67,-60.51,-971.85,210.0,-700.0,-236.25,1,100.0,
01/01/2000,01:28:10.34,18.54,-60.76,-975.63,227.50,-700.0,-481.25,1,100.0,
01/01/2000,01:28:10.35,18.54,-61.0,-977.83,210.0,-586.25,-323.75,1,100.0,
01/01/2000,01:28:10.36,18.67,-61.24,-979.78,96.25,-726.25,-332.50,1,100.0,
01/01/2000,01:28:10.37,18.79,-61.24,-981.25,157.50,-656.25,-332.50,1,100.0,
01/01/2000,01:28:10.38,18.67,-61.24,-983.44,70.0,-726.25,-262.50,1,100.0,
01/01/2000,01:28:10.39,18.79,-61.49,-984.66,175.0,-726.25,-367.50,1,100.0,
01/01/2000,01:28:10.40,18.79,-61.49,-985.76,113.75,-682.50,-367.50,1,100.0,
01/01/2000,01:28:10.41,18.67,-61.73,-986.74,43.75,-647.50,-323.75,1,100.0,
01/01/2000,01:28:10.42,18.67,-61.73,-987.47,218.75,-813.75,-271.25,1,100.0,
01/01/2000,01:28:10.43,18.91,-61.73,-988.08,78.75,-787.50,-315.0,1,100.0,
01/01/2000,01:28:10.44,19.03,-61.61,-988.81,61.25,-603.75,-332.50,1,100.0,
01/01/2000,01:28:10.45,19.03,-61.73,-989.79,210.0,-717.50,-297.50,1,100.0,
01/01/2000,01:28:10.46,19.03,-61.61,-990.40,157.50,-551.25,-297.50,1,100.0,
01/01/2000,01:28:10.47,19.03,-61.73,-990.64,105.0,-735.0,-393.75,1,100.0,
01/01/2000,01:28:10.48,19.03,-61.73,-991.01,122.50,-691.25,-402.50,1,96.552,
01/01/2000,01:28:10.49,19.03,-61.73,-991.01,183.75,-612.50,-332.50,1,96.667,
01/01/2000,01:28:10.50,19.03,-61.61,-991.37,122.50,-682.50,-332.50,1,96.774,
01/01/2000,01:28:10.51,18.91,-61.85,-991.86,157.50,-665.0,-332.50,1,96.875,
01/01/2000,01:28:10.52,18.79,-61.98,-992.10,122.50,-603.75,-350.0,1,96.970,
01/01/2000,01:28:10.53,18.79,-61.85,-992.10,288.75,-726.25,-315.0,1,97.059,
01/01/2000,01:28:10.55,19.03,-61.73,-991.98,78.75,-761.25,-315.0,1,97.143,
01/01/2000,01:28:10.56,19.03,-61.85,-991.86,280.0,-805.0,-271.25,1,97.222,
01/01/2000,01:28:10.57,18.91,-61.98,-992.10,140.0,-533.75,-437.50,1,97.297,
01/01/2000,01:28:10.58,19.03,-61.85,-992.35,262.50,-691.25,-315.0,1,97.368,
01/01/2000,01:28:10.59,18.91,-61.73,-992.59,236.25,-708.75,-315.0,1,97.436,
01/01/2000,01:28:10.60,18.91,-61.85,-992.59,271.25,-673.75,-323.75,1,97.500,
01/01/2000,01:28:10.61,18.91,-61.85,-992.59,157.50,-673.75,-323.75,1,97.561,
01/01/2000,01:28:10.62,19.03,-61.98,-992.35,271.25,-560.0,-367.50,1,97.619,
01/01/2000,01:28:10.63,19.15,-62.22,-992.59,140.0,-621.25,-350.0,1,95.455,
01/01/2000,01:28:10.64,19.03,-62.34,-992.71,218.75,-708.75,-376.25,1,95.556,
01/01/2000,01:28:10.65,19.15,-62.10,-992.71,113.75,-778.75,-332.50,1,95.652,
01/01/2000,01:28:10.66,19.03,-61.98,-992.59,218.75,-682.50,-271.25,1,95.745,
01/01/2000,01:28:10.67,19.03,-61.98,-992.47,105.0,-665.0,-288.75,1,95.833,
01/01/2000,01:28:10.68,18.91,-61.98,-992.47,210.0,-682.50,-280.0,1,95.918,
01/01/2000,01:28:10.70,19.03,-61.98,-992.71,131.25,-665.0,-350.0,1,96.0,
01/01/2000,01:28:10.71,19.03,-61.98,-992.71,122.50,-586.25,-262.50,1,96.078,
01/01/2000,01:28:10.72,19.03,-61.73,-992.59,70.0,-665.0,-350.0,1,96.154,
01/01/2000,01:28:10.73,19.03,-61.73,-992.59,183.75,-638.75,-323.75,1,96.226,
01/01/2000,01:28:10.74,19.28,-61.73,-992.84,175.0,-717.50,-376.25,1,96.296,
01/01/2000,01:28:10.75,19.28,-61.85,-992.96,210.0,-612.50,-358.75,1,96.364,
01/01/2000,01:28:10.76,19.28,-61.85,-992.96,201.25,-735.0,-306.25,1,94.737,
01/01/2000,01:28:10.77,19.15,-61.85,-992.84,288.75,-665.0,-411.25,1,94.828,
01/01/2000,01:28:10.78,19.03,-61.73,-992.84,140.0,-717.50,-297.50,1,94.915,
01/01/2000,01:28:10.79,19.28,-61.85,-992.84,175.0,-743.75,-236.25,1,95.0,
01/01/2000,01:28:10.80,19.15,-61.85,-992.84,192.50,-665.0,-315.0,1,95.082,
01/01/2000,01:28:10.81,19.03,-61.85,-992.59,227.50,-673.75,-376.25,1,95.161,
01/01/2000,01:28:10.82,19.03,-61.73,-992.59,166.25,-638.75,-411.25,1,95.238,
01/01/2000,01:28:10.84,19.15,-61.73,-992.84,262.50,-682.50,-201.25,1,95.313,
01/01/2000,01:28:10.85,19.15,-61.73,-992.84,175.0,-656.25,-411.25,1,95.385,
01/01/2000,01:28:10.86,19.15,-61.73,-992.84,175.0,-796.25,-437.50,1,95.455,
01/01/2000,01:28:10.87,19.03,-61.73,-992.84,210.0,-778.75,-420.0,1,95.522,
01/01/2000,01:28:10.88,19.15,-61.73,-992.84,87.50,-708.75,-236.25,1,95.588,
01/01/2000,01:28:10.89,19.28,-61.73,-992.96,131.25,-778.75,-402.50,1,95.652,
01/01/2000,01:28:10.90,19.28,-61.73,-992.84,78.75,-796.25,-358.75,1,95.714,
01/01/2000,01:28:10.91,19.28,-61.98,-992.84,210.0,-621.25,-350.0,1,95.775,
01/01/2000,01:28:10.92,19.15,-61.98,-992.84,236.25,-665.0,-393.75,1,95.833,
01/01/2000,01:28:10.93,19.03,-61.98,-992.71,218.75,-595.0,-332.50,1,95.890,
01/01/2000,01:28:10.94,19.03,-61.98,-992.59,113.75,-630.0,-297.50,1,95.946,
01/01/2000,01:28:10.95,19.03,-61.98,-992.47,61.25,-700.0,-350.0,1,96.0,
01/01/2000,01:28:10.96,19.03,-61.98,-992.59,148.75,-691.25,-402.50,1,96.053,
01/01/2000,01:28:10.98,19.15,-61.85,-992.96,245.0,-612.50,-253.75,1,94.872,
01/01/2000,01:28:10.99,19.28,-61.73,-993.08,122.50,-796.25,-253.75,1,94.937,
01/01/2000,01:28:11.00,19.03,-62.22,-992.84,192.50,-638.75,-315.0,1,95.0,
01/01/2000,01:28:11.01,18.79,-62.34,-992.47,113.75,-560.0,-367.50,1,95.062,
01/01/2000,01:28:11.02,18.79,-62.22,-992.35,201.25,-700.0,-402.50,1,95.122,
01/01/2000,01:28:11.03,19.15,-62.10,-992.35,0.0,-638.75,-218.75,1,95.181,
01/01/2000,01:28:11.04,19.28,-62.10,-992.84,218.75,-647.50,-288.75,1,95.238,
01/01/2000,01:28:11.05,18.79,-62.22,-992.59,166.25,-665.0,-411.25,1,95.294,
01/01/2000,01:28:11.06,18.54,-62.22,-992.35,280.0,-682.50,-472.50,1,95.349,
01/01/2000,01:28:11.07,18.79,-62.22,-992.23,131.25,-735.0,-385.0,1,95.402,
01/01/2000,01:28:11.08,19.03,-61.98,-992.35,253.75,-761.25,-367.50,1,95.455,
01/01/2000,01:28:11.09,19.15,-61.98,-992.47,236.25,-717.50,-297.50,1,95.506,
01/01/2000,01:28:11.10,18.79,-62.22,-992.35,113.75,-691.25,-315.0,1,95.556,
01/01/2000,01:28:11.11,18.54,-62.10,-992.59,183.75,-603.75,-402.50,1,95.604,
01/01/2000,01:28:11.12,18.79,-61.73,-992.59,96.25,-743.75,-376.25,1,94.624,
01/01/2000,01:28:11.13,19.03,-61.73,-992.59,105.0,-691.25,-262.50,1,94.681,
01/01/2000,01:28:11.14,19.15,-61.73,-992.47,192.50,-603.75,-271.25,1,94.737,
01/01/2000,01:28:11.15,18.79,-62.22,-992.35,201.25,-813.75,-420.0,1,94.792,
01/01/2000,01:28:11.16,18.79,-62.22,-992.59,271.25,-656.25,-463.75,1,94.845,
01/01/2000,01:28:11.17,19.03,-61.85,-992.84,70.0,-717.50,-332.50,1,94.898,
01/01/2000,01:28:11.19,19.28,-61.61,-992.59,210.0,-665.0,-210.0,1,94.949,
01/01/2000,01:28:11.20,19.03,-61.61,-992.47,122.50,-621.25,-245.0,1,95.0,
01/01/2000,01:28:11.21,18.79,-61.98,-992.35,122.50,-700.0,-420.0,1,95.050,
01/01/2000,01:28:11.22,18.91,-61.98,-992.59,210.0,-822.50,-446.25,1,95.098,
01/01/2000,01:28:11.23,19.28,-61.73,-992.84,253.75,-700.0,-306.25,1,94.231,
01/01/2000,01:28:11.24,19.28,-61.61,-992.59,183.75,-761.25,-376.25,1,94.286,
01/01/2000,01:28:11.25,18.91,-61.73,-992.23,122.50,-708.75,-280.0,1,94.340,
01/01/2000,01:28:11.26,18.91,-61.73,-992.23,218.75,-577.50,-315.0,1,94.393,
01/01/2000,01:28:11.27,19.03,-61.98,-992.47,131.25,-595.0,-262.50,1,94.444,
01/01/2000,01:28:11.28,19.40,-61.98,-992.71,236.25,-700.0,-306.25,1,94.495,
01/01/2000,01:28:11.29,19.40,-61.85,-992.59,61.25,-717.50,-306.25,1,94.545,
01/01/2000,01:28:11.31,19.03,-61.73,-992.35,236.25,-735.0,-315.0,1,94.595,
01/01/2000,01:28:11.31,19.03,-61.73,-992.35,271.25,-700.0,-385.0,1,94.643,
01/01/2000,01:28:11.33,19.28,-61.49,-992.71,157.50,-770.0,-341.25,1,94.690,
01/01/2000,01:28:11.34,19.28,-61.61,-992.96,78.75,-568.75,-341.25,1,94.737,
01/01/2000,01:28:11.35,19.03,-61.61,-992.59,8.75,-682.50,-463.75,1,94.783,
01/01/2000,01:28:11.36,18.79,-61.73,-992.23,105.0,-700.0,-376.25,1,94.828,
01/01/2000,01:28:11.37,18.91,-61.85,-992.10,96.25,-743.75,-376.25,1,94.872,
01/01/2000,01:28:11.38,19.03,-61.73,-992.23,236.25,-708.75,-341.25,1,94.915,
01/01/2000,01:28:11.39,19.28,-61.73,-992.35,140.0,-691.25,-332.50,1,94.958,
01/01/2000,01:28:11.40,19.03,-61.85,-992.23,70.0,-621.25,-297.50,1,95.0,
01/01/2000,01:28:11.41,19.03,-61.85,-992.10,113.75,-673.75,-341.25,1,95.041,
01/01/2000,01:28:11.42,19.15,-61.98,-992.23,52.50,-682.50,-350.0,1,95.082,
01/01/2000,01:28:11.43,19.40,-61.85,-992.59,131.25,-708.75,-323.75,1,95.122,
01/01/2000,01:28:11.44,19.40,-61.98,-992.59,113.75,-805.0,-271.25,1,95.161,
01/01/2000,01:28:11.45,19.28,-61.98,-992.47,148.75,-717.50,-350.0,1,95.200,
01/01/2000,01:28:11.46,19.03,-61.98,-992.23,157.50,-638.75,-358.75,1,95.238,
01/01/2000,01:28:11.47,19.15,-61.73,-992.23,183.75,-638.75,-367.50,1,94.531,
01/01/2000,01:28:11.48,19.28,-61.73,-992.10,218.75,-647.50,-306.25,1,94.574,
01/01/2000,01:28:11.49,19.28,-61.85,-992.23,166.25,-673.75,-323.75,1,94.615,
01/01/2000,01:28:11.50,19.28,-62.10,-991.98,201.25,-717.50,-385.0,1,94.656,
01/01/2000,01:28:11.52,19.28,-61.98,-991.86,157.50,-700.0,-341.25,1,94.697,
01/01/2000,01:28:11.52,19.28,-61.98,-992.10,236.25,-770.0,-358.75,1,94.737,
01/01/2000,01:28:11.54,19.03,-61.85,-991.98,-8.75,-533.75,-218.75,1,94.776,
01/01/2000,01:28:11.55,19.15,-61.73,-991.98,113.75,-743.75,-350.0,1,94.815,
01/01/2000,01:28:11.56,19.03,-61.98,-992.10,192.50,-682.50,-297.50,1,94.853,
01/01/2000,01:28:11.57,19.03,-61.98,-992.23,113.75,-682.50,-358.75,1,94.891,
01/01/2000,01:28:11.58,18.91,-61.98,-992.10,201.25,-691.25,-481.25,1,94.928,
01/01/2000,01:28:11.59,19.15,-61.73,-991.98,245.0,-647.50,-297.50,1,94.964,
01/01/2000,01:28:11.60,19.03,-61.49,-991.98,70.0,-735.0,-323.75,1,95.0,
01/01/2000,01:28:11.61,18.91,-61.85,-992.23,201.25,-673.75,-288.75,1,94.366,
01/01/2000,01:28:11.62,19.03,-61.85,-992.10,166.25,-717.50,-323.75,1,94.406,
01/01/2000,01:28:11.63,18.91,-61.98,-992.10,245.0,-708.75,-367.50,1,94.444,
01/01/2000,01:28:11.64,19.03,-61.85,-992.10,157.50,-735.0,-288.75,1,94.483,
01/01/2000,01:28:11.65,18.91,-61.73,-991.98,35.0,-542.50,-315.0,1,94.521,
01/01/2000,01:28:11.66,18.91,-61.73,-991.98,96.25,-665.0,-341.25,1,94.558,
01/01/2000,01:28:11.67,18.79,-61.73,-992.10,210.0,-761.25,-218.75,1,94.595,
01/01/2000,01:28:11.69,18.79,-61.73,-992.35,148.75,-621.25,-350.0,1,94.631,
01/01/2000,01:28:11.70,18.79,-61.73,-992.35,218.75,-656.25,-341.25,1,94.667,
01/01/2000,01:28:11.71,18.91,-61.73,-992.23,157.50,-717.50,-341.25,1,94.702,
01/01/2000,01:28:11.72,19.03,-61.73,-992.10,218.75,-656.25,-245.0,1,94.737,
01/01/2000,01:28:11.73,18.79,-61.61,-992.23,122.50,-735.0,-411.25,1,94.771,
01/01/2000,01:28:11.74,18.79,-61.73,-992.35,113.75,-595.0,-350.0,1,94.805,
01/01/2000,01:28:11.75,18.91,-61.85,-992.35,280.0,-682.50,-297.50,1,94.839,
01/01/2000,01:28:11.76,18.91,-61.73,-992.35,113.75,-735.0,-280.0,1,94.268,
01/01/2000,01:28:11.77,19.03,-61.73,-992.35,113.75,-673.75,-236.25,1,94.304,
01/01/2000,01:28:11.78,18.91,-61.85,-992.23,105.0,-708.75,-341.25,1,94.340,
01/01/2000,01:28:11.79,18.67,-61.85,-992.35,262.50,-665.0,-358.75,1,94.375,
01/01/2000,01:28:11.80,18.79,-61.85,-992.35,96.25,-770.0,-280.0,1,94.410,
01/01/2000,01:28:11.81,18.79,-61.73,-992.47,113.75,-673.75,-367.50,1,94.444,
01/01/2000,01:28:11.82,18.79,-61.73,-992.35,253.75,-621.25,-288.75,1,94.479,
01/01/2000,01:28:11.83,18.67,-61.73,-992.35,140.0,-603.75,-323.75,1,94.512,
01/01/2000,01:28:11.85,18.54,-61.73,-992.47,166.25,-805.0,-367.50,1,94.545,
01/01/2000,01:28:11.85,18.79,-61.73,-992.71,35.0,-612.50,-271.25,1,94.578,
01/01/2000,01:28:11.87,18.79,-61.85,-992.71,105.0,-787.50,-280.0,1,94.611,
01/01/2000,01:28:11.88,18.79,-61.61,-992.59,201.25,-682.50,-323.75,1,94.643,
01/01/2000,01:28:11.89,18.79,-61.61,-992.47,210.0,-735.0,-253.75,1,94.675,
01/01/2000,01:28:11.90,18.79,-61.73,-992.35,236.25,-700.0,-315.0,1,94.706,
01/01/2000,01:28:11.91,18.91,-61.73,-992.35,148.75,-682.50,-323.75,1,94.737,
01/01/2000,01:28:11.92,19.03,-61.73,-992.59,218.75,-700.0,-402.50,1,94.767,
01/01/2000,01:28:11.93,18.91,-61.61,-992.47,26.25,-708.75,-358.75,1,94.798,
01/01/2000,01:28:11.94,18.79,-61.61,-992.47,157.50,-700.0,-385.0,1,94.828,
01/01/2000,01:28:11.95,18.79,-61.61,-992.59,166.25,-612.50,-315.0,1,94.857,
01/01/2000,01:28:11.96,18.79,-61.73,-992.59,52.50,-761.25,-315.0,1,94.886,
01/01/2000,01:28:11.97,18.79,-61.85,-992.59,175.0,-743.75,-288.75,1,94.915,
01/01/2000,01:28:11.98,18.79,-61.85,-992.47,96.25,-708.75,-271.25,1,94.944,
01/01/2000,01:28:11.99,18.79,-62.10,-992.47,262.50,-577.50,-411.25,1,94.972,
01/01/2000,01:28:12.00,18.91,-61.85,-992.35,157.50,-700.0,-210.0,1,95.0,
01/01/2000,01:28:12.01,19.03,-61.98,-992.59,78.75,-638.75,-385.0,1,95.028,
01/01/2000,01:28:12.02,18.79,-61.98,-992.59,157.50,-743.75,-297.50,1,95.055,
01/01/2000,01:28:12.03,18.79,-61.98,-992.59,122.50,-708.75,-332.50,1,94.565,
01/01/2000,01:28:12.04,19.03,-61.98,-992.71,175.0,-630.0,-428.75,1,94.595,
01/01/2000,01:28:12.05,18.91,-61.85,-992.84,113.75,-638.75,-393.75,1,94.624,
01/01/2000,01:28:12.06,18.79,-61.85,-992.71,87.50,-665.0,-288.75,1,94.652,
01/01/2000,01:28:12.08,18.67,-61.98,-992.71,148.75,-603.75,-315.0,1,94.681,
01/01/2000,01:28:12.08,18.54,-61.85,-992.59,61.25,-717.50,-358.75,1,94.709,
01/01/2000,01:28:12.10,18.67,-61.98,-992.47,140.0,-638.75,-306.25,1,94.737,
01/01/2000,01:28:12.11,18.79,-61.85,-992.59,148.75,-700.0,-428.75,1,94.764,
01/01/2000,01:28:12.12,18.79,-61.73,-992.59,148.75,-691.25,-367.50,1,94.792,
01/01/2000,01:28:12.13,18.79,-61.85,-992.84,43.75,-717.50,-385.0,1,94.819,
01/01/2000,01:28:12.14,18.91,-61.85,-992.84,166.25,-700.0,-332.50,1,94.845,
01/01/2000,01:28:12.15,19.03,-61.85,-992.84,183.75,-665.0,-323.75,1,94.872,
01/01/2000,01:28:12.16,18.91,-61.73,-992.59,175.0,-787.50,-253.75,1,94.898,
01/01/2000,01:28:12.17,18.79,-61.73,-992.71,210.0,-831.25,-402.50,1,94.924,
01/01/2000,01:28:12.18,18.91,-61.73,-992.59,166.25,-708.75,-341.25,1,94.472,
01/01/2000,01:28:12.19,18.79,-61.73,-992.47,236.25,-752.50,-297.50,1,94.500,
01/01/2000,01:28:12.20,18.79,-61.73,-992.35,280.0,-761.25,-367.50,1,94.527,
01/01/2000,01:28:12.21,18.79,-61.61,-992.47,122.50,-586.25,-376.25,1,94.554,
01/01/2000,01:28:12.22,18.79,-61.49,-992.47,78.75,-787.50,-323.75,1,94.581,
01/01/2000,01:28:12.23,18.79,-61.49,-992.59,192.50,-752.50,-288.75,1,94.608,
01/01/2000,01:28:12.25,18.91,-61.61,-992.59,148.75,-700.0,-376.25,1,94.634,
01/01/2000,01:28:12.26,18.91,-61.61,-992.47,297.50,-761.25,-358.75,1,94.203,
01/01/2000,01:28:12.27,19.03,-61.73,-992.47,166.25,-621.25,-297.50,1,94.231,
01/01/2000,01:28:12.28,19.03,-61.73,-992.59,192.50,-595.0,-288.75,1,94.258,
01/01/2000,01:28:12.29,19.03,-61.61,-992.59,26.25,-708.75,-297.50,1,94.286,
01/01/2000,01:28:12.30,18.91,-61.73,-992.59,192.50,-743.75,-323.75,1,94.313,
01/01/2000,01:28:12.31,19.03,-61.61,-992.35,131.25,-708.75,-323.75,1,94.340,
01/01/2000,01:28:12.32,19.03,-61.73,-992.35,140.0,-656.25,-280.0,1,94.366,
01/01/2000,01:28:12.33,19.03,-61.61,-992.35,96.25,-726.25,-367.50,1,94.393,
01/01/2000,01:28:12.34,19.03,-61.61,-992.47,236.25,-752.50,-315.0,1,94.419,
01/01/2000,01:28:12.35,19.03,-61.61,-992.35,201.25,-682.50,-341.25,1,94.444,
01/01/2000,01:28:12.36,19.03,-61.61,-992.35,17.50,-665.0,-350.0,1,94.470,
01/01/2000,01:28:12.37,19.15,-61.61,-992.23,183.75,-691.25,-306.25,1,94.495,
01/01/2000,01:28:12.39,19.15,-61.73,-992.10,271.25,-647.50,-393.75,1,94.521,
01/01/2000,01:28:12.40,19.03,-61.73,-992.10,280.0,-673.75,-420.0,1,94.545,
01/01/2000,01:28:12.41,19.28,-61.73,-992.59,183.75,-560.0,-306.25,1,94.570,
01/01/2000,01:28:12.42,19.28,-61.73,-992.59,-8.75,-630.0,-253.75,1,94.595,
01/01/2000,01:28:12.43,19.28,-61.85,-992.47,236.25,-717.50,-332.50,1,94.619,
01/01/2000,01:28:12.44,19.03,-61.98,-992.47,35.0,-770.0,-315.0,1,94.643,
01/01/2000,01:28:12.45,19.03,-61.98,-992.35,113.75,-700.0,-437.50,1,94.667,
01/01/2000,01:28:12.46,19.15,-61.85,-992.59,218.75,-700.0,-271.25,1,94.690,
01/01/2000,01:28:12.47,19.15,-61.85,-992.59,113.75,-726.25,-323.75,1,94.714,
01/01/2000,01:28:12.48,19.15,-61.85,-992.59,183.75,-665.0,-446.25,1,94.737,
01/01/2000,01:28:12.49,19.03,-61.85,-992.47,43.75,-682.50,-315.0,1,94.760,
01/01/2000,01:28:12.50,19.03,-61.85,-992.47,192.50,-638.75,-358.75,1,94.783,
01/01/2000,01:28:12.51,19.28,-61.98,-992.47,0.0,-673.75,-367.50,1,94.805,
01/01/2000,01:28:12.52,19.15,-61.98,-992.35,210.0,-752.50,-306.25,1,94.828,
01/01/2000,01:28:12.53,19.03,-61.85,-992.47,52.50,-647.50,-358.75,1,94.850,
01/01/2000,01:28:12.54,19.03,-61.85,-992.59,157.50,-612.50,-393.75,1,94.872,
01/01/2000,01:28:12.55,19.03,-61.73,-992.59,306.25,-735.0,-341.25,1,94.894,
01/01/2000,01:28:12.56,19.03,-61.85,-992.59,87.50,-735.0,-253.75,1,94.915,
01/01/2000,01:28:12.57,19.03,-61.85,-992.35,166.25,-735.0,-315.0,1,94.937,
01/01/2000,01:28:12.58,19.03,-61.98,-992.35,227.50,-735.0,-323.75,1,94.958,
01/01/2000,01:28:12.60,19.03,-61.98,-992.59,183.75,-787.50,-385.0,1,94.583,
01/01/2000,01:28:12.61,19.03,-61.98,-992.71,183.75,-813.75,-385.0,1,94.606,
01/01/2000,01:28:12.62,19.03,-61.98,-992.59,210.0,-770.0,-341.25,1,94.628,
01/01/2000,01:28:12.63,19.03,-61.85,-992.35,192.50,-726.25,-358.75,1,94.650,
01/01/2000,01:28:12.64,19.03,-61.73,-992.47,192.50,-656.25,-385.0,1,94.672,
01/01/2000,01:28:12.65,19.15,-61.73,-992.59,131.25,-647.50,-341.25,1,94.694,
01/01/2000,01:28:12.66,19.15,-61.85,-992.71,175.0,-700.0,-402.50,1,94.715,
01/01/2000,01:28:12.67,19.03,-61.73,-992.47,122.50,-682.50,-297.50,1,94.737,
01/01/2000,01:28:12.68,19.03,-61.73,-992.59,218.75,-673.75,-271.25,1,94.758,
01/01/2000,01:28:12.69,18.91,-61.73,-992.59,78.75,-612.50,-332.50,1,94.779,
01/01/2000,01:28:12.70,19.03,-61.73,-992.71,332.50,-726.25,-306.25,1,94.800,
01/01/2000,01:28:12.71,19.15,-61.85,-992.84,227.50,-726.25,-315.0,1,94.821,
01/01/2000,01:28:12.72,19.15,-61.98,-992.59,105.0,-708.75,-367.50,1,94.841,
01/01/2000,01:28:12.73,19.03,-61.98,-992.59,192.50,-647.50,-350.0,1,94.862,
01/01/2000,01:28:12.74,19.03,-61.85,-992.59,192.50,-717.50,-358.75,1,94.510,
01/01/2000,01:28:12.75,19.15,-61.73,-992.59,166.25,-700.0,-350.0,1,94.531,
01/01/2000,01:28:12.77,19.03,-61.85,-992.71,175.0,-621.25,-297.50,1,94.553,
01/01/2000,01:28:12.78,19.03,-61.85,-992.59,61.25,-717.50,-358.75,1,94.574,
01/01/2000,01:28:12.79,19.28,-61.73,-992.47,201.25,-630.0,-367.50,1,94.595,
01/01/2000,01:28:12.80,19.28,-61.61,-992.35,218.75,-656.25,-332.50,1,94.615,
01/01/2000,01:28:12.81,19.15,-61.73,-992.35,157.50,-665.0,-323.75,1,94.636,
01/01/2000,01:28:12.82,19.15,-61.98,-992.35,183.75,-647.50,-358.75,1,94.656,
01/01/2000,01:28:12.83,19.15,-61.73,-992.35,236.25,-743.75,-315.0,1,94.677,
01/01/2000,01:28:12.84,19.15,-61.73,-992.23,122.50,-630.0,-350.0,1,94.697,
01/01/2000,01:28:12.85,19.15,-61.73,-992.10,236.25,-586.25,-315.0,1,94.717,
01/01/2000,01:28:12.86,19.28,-61.73,-992.35,218.75,-717.50,-315.0,1,94.737,
01/01/2000,01:28:12.87,19.28,-61.73,-992.35,183.75,-708.75,-350.0,1,94.757,
01/01/2000,01:28:12.88,19.28,-61.73,-992.35,148.75,-717.50,-420.0,1,94.776,
01/01/2000,01:28:12.89,19.28,-61.73,-992.35,236.25,-691.25,-297.50,1,94.444,
01/01/2000,01:28:12.90,19.28,-61.73,-992.35,166.25,-691.25,-446.25,1,94.465,
01/01/2000,01:28:12.91,19.28,-61.73,-992.35,113.75,-612.50,-280.0,1,94.485,
01/01/2000,01:28:12.92,19.15,-61.73,-992.23,210.0,-568.75,-306.25,1,94.505,
01/01/2000,01:28:12.93,19.03,-61.85,-992.23,236.25,-743.75,-323.75,1,94.526,
01/01/2000,01:28:12.94,19.03,-61.73,-992.23,262.50,-726.25,-332.50,1,94.545,
01/01/2000,01:28:12.96,19.03,-61.73,-992.23,96.25,-691.25,-323.75,1,94.565,
01/01/2000,01:28:12.97,18.91,-61.85,-992.10,122.50,-673.75,-332.50,1,94.585,
01/01/2000,01:28:12.98,18.91,-61.98,-992.10,140.0,-700.0,-341.25,1,94.604,
01/01/2000,01:28:12.99,18.91,-61.98,-992.23,183.75,-717.50,-358.75,1,94.624,
01/01/2000,01:28:13.00,18.91,-61.98,-992.35,166.25,-682.50,-323.75,1,94.643,
01/01/2000,01:28:13.01,19.03,-62.10,-992.35,210.0,-656.25,-306.25,1,94.662,
01/01/2000,01:28:13.02,18.91,-62.10,-992.35,105.0,-752.50,-288.75,1,94.681,
01/01/2000,01:28:13.03,18.79,-61.98,-992.23,262.50,-770.0,-402.50,1,94.700,
01/01/2000,01:28:13.04,18.79,-61.98,-992.23,315.0,-665.0,-315.0,1,94.718,
01/01/2000,01:28:13.05,18.79,-61.85,-992.35,70.0,-708.75,-358.75,1,94.737,
01/01/2000,01:28:13.06,18.79,-61.98,-992.35,210.0,-761.25,-350.0,1,94.755,
01/01/2000,01:28:13.07,18.91,-61.98,-992.35,157.50,-735.0,-183.75,1,94.774,
01/01/2000,01:28:13.08,18.91,-61.98,-992.35,236.25,-656.25,-428.75,1,94.792,
01/01/2000,01:28:13.09,18.91,-61.98,-992.35,140.0,-752.50,-288.75,1,94.483,
01/01/2000,01:28:13.10,18.91,-61.98,-992.47,183.75,-735.0,-358.75,1,94.502,
01/01/2000,01:28:13.11,19.03,-61.73,-992.59,183.75,-717.50,-350.0,1,94.521,
01/01/2000,01:28:13.12,18.91,-61.73,-992.59,131.25,-665.0,-280.0,1,94.539,
01/01/2000,01:28:13.13,18.91,-61.73,-992.59,210.0,-638.75,-376.25,1,94.558,
01/01/2000,01:28:13.14,18.79,-61.98,-992.47,105.0,-682.50,-358.75,1,94.576,
01/01/2000,01:28:13.15,18.67,-62.10,-992.35,105.0,-673.75,-420.0,1,94.595,
01/01/2000,01:28:13.17,18.67,-62.10,-992.59,262.50,-691.25,-350.0,1,94.613,
01/01/2000,01:28:13.18,18.79,-61.98,-992.59,96.25,-621.25,-350.0,1,94.631,
01/01/2000,01:28:13.19,18.91,-61.98,-992.59,192.50,-717.50,-245.0,1,94.649,
01/01/2000,01:28:13.20,18.79,-61.98,-992.59,166.25,-638.75,-288.75,1,94.667,
01/01/2000,01:28:13.21,18.91,-62.10,-992.59,315.0,-813.75,-376.25,1,94.684,
01/01/2000,01:28:13.22,18.91,-61.98,-992.59,140.0,-708.75,-350.0,1,94.702,
01/01/2000,01:28:13.23,19.03,-61.85,-992.59,236.25,-638.75,-437.50,1,94.408,
01/01/2000,01:28:13.24,19.03,-61.73,-992.59,122.50,-735.0,-341.25,1,94.426,
01/01/2000,01:28:13.25,18.91,-61.73,-992.35,201.25,-717.50,-411.25,1,94.444,
01/01/2000,01:28:13.26,18.91,-61.85,-992.47,288.75,-673.75,-402.50,1,94.463,
01/01/2000,01:28:13.28,18.91,-61.73,-992.35,35.0,-673.75,-253.75,1,94.481,
01/01/2000,01:28:13.29,18.91,-61.85,-992.35,140.0,-673.75,-323.75,1,94.498,
01/01/2000,01:28:13.30,18.79,-61.73,-992.35,78.75,-603.75,-341.25,1,94.516,
01/01/2000,01:28:13.31,18.79,-61.73,-992.47,201.25,-682.50,-306.25,1,94.534,
01/01/2000,01:28:13.32,18.91,-61.73,-992.59,113.75,-805.0,-350.0,1,94.551,
01/01/2000,01:28:13.33,18.91,-61.73,-992.59,201.25,-778.75,-262.50,1,94.569,
01/01/2000,01:28:13.34,18.91,-61.98,-992.59,105.0,-665.0,-332.50,1,94.586,
01/01/2000,01:28:13.35,18.91,-61.73,-992.47,210.0,-752.50,-306.25,1,94.603,
01/01/2000,01:28:13.36,18.91,-61.73,-992.47,26.25,-708.75,-280.0,1,94.620,
01/01/2000,01:28:13.37,18.79,-61.85,-992.47,175.0,-743.75,-420.0,1,94.637,
01/01/2000,01:28:13.38,18.79,-61.85,-992.59,105.0,-691.25,-402.50,1,94.654,
01/01/2000,01:28:13.39,18.79,-62.10,-992.47,245.0,-726.25,-428.75,1,94.671,
01/01/2000,01:28:13.40,18.91,-61.98,-992.35,148.75,-717.50,-367.50,1,94.688,
01/01/2000,01:28:13.41,19.03,-61.98,-992.23,113.75,-682.50,-411.25,1,94.704,
01/01/2000,01:28:13.42,19.03,-61.98,-992.10,87.50,-805.0,-385.0,1,94.720,
01/01/2000,01:28:13.43,19.03,-61.98,-992.10,210.0,-673.75,-315.0,1,94.737,
01/01/2000,01:28:13.44,19.03,-61.98,-992.35,87.50,-691.25,-393.75,1,94.462,
01/01/2000,01:28:13.45,19.03,-61.98,-992.35,262.50,-761.25,-358.75,1,94.479,
01/01/2000,01:28:13.46,19.03,-61.98,-992.35,52.50,-761.25,-350.0,1,94.495,
01/01/2000,01:28:13.47,18.79,-61.85,-992.10,122.50,-700.0,-341.25,1,94.512,
01/01/2000,01:28:13.48,18.79,-61.73,-992.10,148.75,-735.0,-358.75,1,94.529,
01/01/2000,01:28:13.49,18.79,-61.85,-992.10,78.75,-665.0,-297.50,1,94.545,
01/01/2000,01:28:13.50,18.79,-61.85,-992.10,148.75,-665.0,-315.0,1,94.562,
01/01/2000,01:28:13.52,18.79,-61.98,-992.10,166.25,-708.75,-306.25,1,94.578,
01/01/2000,01:28:13.53,18.79,-61.98,-991.98,140.0,-717.50,-411.25,1,94.595,
01/01/2000,01:28:13.54,18.79,-62.22,-991.86,192.50,-673.75,-393.75,1,94.611,
01/01/2000,01:28:13.55,18.91,-61.98,-992.10,210.0,-682.50,-402.50,1,94.627,
01/01/2000,01:28:13.56,19.03,-61.98,-992.35,87.50,-787.50,-315.0,1,94.643,
01/01/2000,01:28:13.57,19.03,-62.22,-991.86,306.25,-752.50,-376.25,1,94.659,
01/01/2000,01:28:13.58,18.79,-62.34,-991.62,96.25,-691.25,-393.75,1,94.675,
01/01/2000,01:28:13.59,19.03,-62.10,-991.86,192.50,-691.25,-463.75,1,94.690,
01/01/2000,01:28:13.60,19.28,-61.98,-992.23,52.50,-691.25,-262.50,1,94.706,
01/01/2000,01:28:13.61,19.40,-61.98,-992.35,70.0,-752.50,-323.75,1,94.721,
01/01/2000,01:28:13.62,19.03,-62.10,-992.10,61.25,-717.50,-437.50,1,94.737,
01/01/2000,01:28:13.63,18.79,-62.10,-991.98,35.0,-665.0,-323.75,1,94.752,
01/01/2000,01:28:13.64,19.15,-61.98,-992.10,166.25,-770.0,-481.25,1,94.767,
01/01/2000,01:28:13.65,19.52,-61.98,-992.59,192.50,-656.25,-87.50,1,94.509,
01/01/2000,01:28:13.66,19.28,-61.98,-992.59,0.0,-726.25,-332.50,1,94.524,
01/01/2000,01:28:13.67,18.79,-62.10,-992.35,210.0,-770.0,-393.75,1,94.540,
01/01/2000,01:28:13.68,18.91,-61.85,-992.23,105.0,-752.50,-367.50,1,94.556,
01/01/2000,01:28:13.69,19.28,-61.61,-992.47,113.75,-656.25,-288.75,1,94.571,
01/01/2000,01:28:13.70,19.40,-61.49,-992.59,8.75,-778.75,-253.75,1,94.587,
01/01/2000,01:28:13.71,19.28,-61.73,-992.10,96.25,-630.0,-341.25,1,94.602,
01/01/2000,01:28:13.73,18.67,-61.85,-991.86,157.50,-691.25,-428.75,1,94.618,
01/01/2000,01:28:13.74,19.03,-61.98,-992.23,245.0,-787.50,-341.25,1,94.633,
01/01/2000,01:28:13.75,19.64,-61.49,-992.59,-52.50,-665.0,-341.25,1,94.648,
01/01/2000,01:28:13.76,19.52,-61.61,-992.47,70.0,-848.75,-105.0,1,94.663,
01/01/2000,01:28:13.77,19.15,-61.73,-992.10,227.50,-630.0,-393.75,1,94.678,
01/01/2000,01:28:13.78,18.79,-61.85,-991.86,210.0,-787.50,-446.25,1,94.429,
01/01/2000,01:28:13.79,19.52,-61.73,-992.59,175.0,-647.50,-393.75,1,94.444,
01/01/2000,01:28:13.81,19.52,-61.61,-992.59,35.0,-700.0,-288.75,1,94.460,
01/01/2000,01:28:13.82,19.15,-61.73,-992.23,87.50,-621.25,-271.25,1,94.475,
01/01/2000,01:28:13.83,18.54,-61.98,-991.86,140.0,-726.25,-437.50,1,94.490,
01/01/2000,01:28:13.84,18.91,-61.98,-992.23,131.25,-673.75,-393.75,1,94.505,
01/01/2000,01:28:13.85,19.28,-61.85,-992.59,183.75,-630.0,-315.0,1,94.521,
01/01/2000,01:28:13.86,19.40,-61.73,-992.84,0.0,-743.75,-323.75,1,94.536,
01/01/2000,01:28:13.87,19.03,-61.73,-992.23,131.25,-708.75,-306.25,1,94.550,
01/01/2000,01:28:13.88,18.67,-61.85,-991.98,245.0,-630.0,-463.75,1,94.565,
01/01/2000,01:28:13.89,18.79,-61.61,-992.35,175.0,-621.25,-367.50,1,94.580,
01/01/2000,01:28:13.90,19.15,-61.61,-992.84,332.50,-673.75,-385.0,1,94.595,
01/01/2000,01:28:13.91,19.15,-61.73,-992.96,210.0,-673.75,-280.0,1,94.609,
01/01/2000,01:28:13.92,18.79,-61.98,-992.23,166.25,-743.75,-350.0,1,94.624,
01/01/2000,01:28:13.93,18.54,-61.98,-991.86,210.0,-761.25,-428.75,1,94.638,
01/01/2000,01:28:13.94,19.03,-61.61,-992.35,96.25,-656.25,-420.0,1,94.652,
01/01/2000,01:28:13.95,18.91,-61.98,-992.84,218.75,-682.50,-105.0,1,94.667,
01/01/2000,01:28:13.96,19.76,-61.49,-992.59,-183.75,-708.75,-507.50,1,94.681,
01/01/2000,01:28:13.97,19.03,-62.22,-991.98,350.0,-700.0,70.0,1,94.695,
01/01/2000,01:28:13.98,18.79,-61.85,-991.62,113.75,-726.25,-402.50,1,94.709,
01/01/2000,01:28:13.99,18.54,-62.22,-992.35,192.50,-717.50,-656.25,1,94.723,
01/01/2000,01:28:14.00,19.28,-61.85,-992.96,52.50,-735.0,-691.25,1,94.737,
01/01/2000,01:28:14.01,19.52,-61.37,-992.71,8.75,-682.50,-157.50,1,94.503,
01/01/2000,01:28:14.02,18.67,-62.10,-992.10,376.25,-717.50,87.50,1,94.517,
01/01/2000,01:28:14.03,18.79,-61.85,-991.86,87.50,-560.0,-700.0,1,94.531,
01/01/2000,01:28:14.04,18.79,-62.10,-992.59,245.0,-735.0,-481.25,1,94.545,
01/01/2000,01:28:14.05,19.28,-61.98,-992.96,210.0,-665.0,-236.25,1,94.560,
01/01/2000,01:28:14.06,19.28,-61.98,-992.96,122.50,-621.25,-271.25,1,94.574,
01/01/2000,01:28:14.08,18.79,-61.98,-992.35,192.50,-647.50,-271.25,1,94.588,
01/01/2000,01:28:14.09,18.79,-61.73,-992.10,183.75,-735.0,-411.25,1,94.602,
01/01/2000,01:28:14.10,18.91,-61.85,-992.47,183.75,-700.0,-411.25,1,94.615,
01/01/2000,01:28:14.11,19.28,-61.85,-992.84,70.0,-586.25,-288.75,1,94.629,
01/01/2000,01:28:14.12,19.15,-61.85,-992.59,210.0,-796.25,-323.75,1,94.643,
01/01/2000,01:28:14.13,18.79,-61.98,-992.23,218.75,-761.25,-210.0,1,94.656,
01/01/2000,01:28:14.14,18.67,-61.73,-991.98,201.25,-752.50,-393.75,1,94.670,
01/01/2000,01:28:14.15,19.15,-61.61,-992.47,148.75,-665.0,-271.25,1,94.684,
01/01/2000,01:28:14.16,19.40,-61.85,-992.84,183.75,-638.75,-280.0,1,94.697,
01/01/2000,01:28:14.17,19.28,-61.85,-992.47,201.25,-647.50,-437.50,1,94.710,
01/01/2000,01:28:14.18,19.03,-61.98,-992.10,271.25,-647.50,-376.25,1,94.724,
01/01/2000,01:28:14.19,19.15,-61.85,-991.98,245.0,-638.75,-350.0,1,94.737,
01/01/2000,01:28:14.20,19.28,-61.73,-992.59,166.25,-778.75,-271.25,1,94.750,
01/01/2000,01:28:14.21,19.40,-61.98,-992.71,210.0,-770.0,-262.50,1,94.763,
01/01/2000,01:28:14.22,19.03,-62.10,-992.35,210.0,-612.50,-385.0,1,94.541,
01/01/2000,01:28:14.23,18.91,-62.22,-992.10,105.0,-577.50,-376.25,1,94.554,
01/01/2000,01:28:14.24,19.03,-61.98,-992.10,218.75,-708.75,-350.0,1,94.568,
01/01/2000,01:28:14.25,19.40,-61.73,-992.35,-17.50,-708.75,-271.25,1,94.581,
01/01/2000,01:28:14.27,19.40,-61.98,-992.47,297.50,-831.25,-288.75,1,94.595,
01/01/2000,01:28:14.27,19.03,-61.98,-992.35,157.50,-708.75,-402.50,1,94.608,
01/01/2000,01:28:14.29,19.15,-61.98,-992.35,280.0,-682.50,-393.75,1,94.390,
01/01/2000,01:28:14.30,19.52,-61.85,-992.47,288.75,-761.25,-332.50,1,94.404,
01/01/2000,01:28:14.31,19.52,-61.85,-992.59,201.25,-673.75,-306.25,1,94.417,
01/01/2000,01:28:14.32,19.15,-62.10,-992.35,157.50,-647.50,-280.0,1,94.431,
01/01/2000,01:28:14.33,19.03,-61.98,-992.23,175.0,-691.25,-218.75,1,94.444,
01/01/2000,01:28:14.34,19.03,-62.10,-992.23,236.25,-735.0,-271.25,1,94.458,
01/01/2000,01:28:14.35,19.28,-61.85,-992.35,166.25,-630.0,-262.50,1,94.471,
01/01/2000,01:28:14.37,19.28,-61.98,-992.23,113.75,-700.0,-332.50,1,94.484,
01/01/2000,01:28:14.38,19.15,-62.10,-992.10,157.50,-586.25,-262.50,1,94.498,
01/01/2000,01:28:14.39,18.91,-62.22,-992.10,96.25,-717.50,-463.75,1,94.511,
01/01/2000,01:28:14.40,18.91,-62.22,-992.47,122.50,-735.0,-341.25,1,94.524,
01/01/2000,01:28:14.41,19.15,-61.98,-992.59,175.0,-700.0,-367.50,1,94.537,
01/01/2000,01:28:14.42,19.15,-61.98,-992.35,140.0,-726.25,-350.0,1,94.550,
01/01/2000,01:28:14.43,19.03,-62.10,-992.10,96.25,-630.0,-323.75,1,94.563,
01/01/2000,01:28:14.44,19.28,-62.10,-992.10,131.25,-612.50,-367.50,1,94.575,
01/01/2000,01:28:14.45,19.40,-62.10,-992.35,350.0,-787.50,-332.50,1,94.588,
01/01/2000,01:28:14.46,19.52,-61.98,-992.47,227.50,-682.50,-455.0,1,94.601,
01/01/2000,01:28:14.47,19.28,-62.22,-992.47,140.0,-700.0,-455.0,1,94.614,
01/01/2000,01:28:14.48,19.28,-61.98,-992.23,183.75,-665.0,-288.75,1,94.626,
01/01/2000,01:28:14.49,19.03,-61.98,-992.10,192.50,-656.25,-358.75,1,94.639,
01/01/2000,01:28:14.50,19.15,-61.98,-992.35,175.0,-726.25,-315.0,1,94.651,
01/01/2000,01:28:14.51,19.15,-62.10,-992.35,201.25,-778.75,-393.75,1,94.664,
01/01/2000,01:28:14.52,19.15,-61.98,-992.35,166.25,-586.25,-358.75,1,94.676,
01/01/2000,01:28:14.53,19.03,-61.98,-992.35,183.75,-796.25,-402.50,1,94.688,
01/01/2000,01:28:14.54,19.03,-61.73,-992.47,78.75,-691.25,-385.0,1,94.700,
01/01/2000,01:28:14.55,19.03,-61.73,-992.59,306.25,-551.25,-490.0,1,94.713,
01/01/2000,01:28:14.56,19.15,-61.73,-992.71,61.25,-682.50,-376.25,1,94.725,
01/01/2000,01:28:14.57,19.15,-61.98,-992.71,210.0,-778.75,-315.0,1,94.521,
01/01/2000,01:28:14.58,19.03,-61.85,-992.59,201.25,-726.25,-288.75,1,94.533,
01/01/2000,01:28:14.59,19.03,-61.98,-992.59,245.0,-726.25,-367.50,1,94.545,
01/01/2000,01:28:14.60,19.03,-61.85,-992.71,183.75,-735.0,-350.0,1,94.558,
01/01/2000,01:28:14.61,19.15,-61.98,-992.84,70.0,-743.75,-332.50,1,94.570,
01/01/2000,01:28:14.62,19.40,-61.98,-992.71,201.25,-656.25,-323.75,1,94.582,
01/01/2000,01:28:14.64,19.28,-61.98,-992.47,131.25,-656.25,-358.75,1,94.595,
01/01/2000,01:28:14.65,19.15,-61.98,-992.35,175.0,-805.0,-385.0,1,94.607,
01/01/2000,01:28:14.66,19.28,-61.98,-992.35,183.75,-761.25,-367.50,1,94.619,
01/01/2000,01:28:14.67,19.28,-61.98,-992.35,201.25,-691.25,-288.75,1,94.631,
01/01/2000,01:28:14.68,19.15,-61.98,-992.35,236.25,-560.0,-393.75,1,94.643,
01/01/2000,01:28:14.69,19.03,-61.98,-992.35,140.0,-568.75,-402.50,1,94.655,
01/01/2000,01:28:14.70,19.03,-61.98,-992.35,192.50,-735.0,-192.50,1,94.667,
01/01/2000,01:28:14.71,19.15,-61.98,-992.10,157.50,-700.0,-393.75,1,94.678,
01/01/2000,01:28:14.72,19.03,-61.85,-992.10,105.0,-691.25,-402.50,1,94.690,
01/01/2000,01:28:14.73,19.15,-61.85,-992.10,280.0,-691.25,-280.0,1,94.702,
01/01/2000,01:28:14.74,19.15,-61.73,-991.98,175.0,-665.0,-350.0,1,94.714,
01/01/2000,01:28:14.75,19.28,-61.73,-991.98,122.50,-708.75,-262.50,1,94.725,
01/01/2000,01:28:14.76,19.28,-61.85,-992.10,70.0,-761.25,-297.50,1,94.737,
01/01/2000,01:28:14.77,19.28,-61.98,-991.98,122.50,-726.25,-341.25,1,94.748,
01/01/2000,01:28:14.79,19.28,-61.85,-992.10,105.0,-647.50,-280.0,1,94.553,
01/01/2000,01:28:14.80,19.28,-61.73,-992.23,35.0,-682.50,-297.50,1,94.360,
01/01/2000,01:28:14.81,19.28,-61.73,-992.35,201.25,-656.25,-428.75,1,94.372,
01/01/2000,01:28:14.82,19.15,-61.85,-992.23,192.50,-761.25,-288.75,1,94.384,
01/01/2000,01:28:14.83,19.15,-61.85,-992.23,253.75,-787.50,-402.50,1,94.397,
01/01/2000,01:28:14.84,19.15,-61.98,-992.23,96.25,-647.50,-332.50,1,94.409,
01/01/2000,01:28:14.86,19.15,-62.10,-992.10,166.25,-717.50,-350.0,1,94.421,
01/01/2000,01:28:14.87,19.15,-61.98,-992.10,131.25,-743.75,-262.50,1,94.433,
01/01/2000,01:28:14.88,19.15,-61.98,-991.98,201.25,-647.50,-332.50,1,94.444,
01/01/2000,01:28:14.89,19.15,-61.98,-992.23,122.50,-647.50,-323.75,1,94.456,
01/01/2000,01:28:14.90,19.03,-61.98,-992.10,201.25,-577.50,-393.75,1,94.468,
01/01/2000,01:28:14.91,19.03,-61.98,-991.98,122.50,-805.0,-385.0,1,94.480,
01/01/2000,01:28:14.92,19.15,-61.98,-992.10,175.0,-726.25,-306.25,1,94.492,
01/01/2000,01:28:14.93,19.03,-61.98,-992.10,166.25,-708.75,-227.50,1,94.503,
01/01/2000,01:28:14.94,19.03,-61.98,-992.23,253.75,-673.75,-367.50,1,94.515,
01/01/2000,01:28:14.95,19.03,-61.98,-992.23,140.0,-691.25,-341.25,1,94.526,
01/01/2000,01:28:14.96,19.15,-61.85,-992.23,201.25,-621.25,-358.75,1,94.538,
01/01/2000,01:28:14.97,19.03,-61.85,-992.10,43.75,-735.0,-332.50,1,94.549,
01/01/2000,01:28:14.98,19.15,-61.98,-992.10,113.75,-673.75,-332.50,1,94.561,
01/01/2000,01:28:14.99,19.28,-61.98,-992.23,288.75,-735.0,-367.50,1,94.572,
01/01/2000,01:28:15.00,19.28,-61.98,-992.10,166.25,-656.25,-323.75,1,94.583,
01/01/2000,01:28:15.01,19.15,-61.85,-992.10,201.25,-603.75,-323.75,1,94.595,
01/01/2000,01:28:15.02,19.15,-61.98,-992.10,157.50,-700.0,-323.75,1,94.606,
01/01/2000,01:28:15.03,19.15,-61.98,-992.10,166.25,-700.0,-323.75,1,94.617,
01/01/2000,01:28:15.04,19.03,-61.98,-991.98,245.0,-638.75,-402.50,1,94.628,
01/01/2000,01:28:15.05,18.91,-61.98,-991.86,131.25,-770.0,-201.25,1,94.639,
01/01/2000,01:28:15.07,19.03,-61.98,-991.98,183.75,-603.75,-367.50,1,94.456,
01/01/2000,01:28:15.08,19.03,-61.98,-991.86,253.75,-665.0,-315.0,1,94.467,
01/01/2000,01:28:15.09,18.91,-61.98,-991.98,166.25,-761.25,-350.0,1,94.479,
01/01/2000,01:28:15.10,18.91,-61.98,-991.86,87.50,-673.75,-323.75,1,94.490,
01/01/2000,01:28:15.11,18.91,-61.98,-991.86,113.75,-708.75,-271.25,1,94.501,
01/01/2000,01:28:15.12,19.03,-61.98,-991.86,166.25,-647.50,-376.25,1,94.512,
01/01/2000,01:28:15.13,18.91,-61.85,-991.98,157.50,-708.75,-262.50,1,94.523,
01/01/2000,01:28:15.14,19.03,-61.98,-992.10,183.75,-673.75,-288.75,1,94.534,
01/01/2000,01:28:15.15,19.03,-61.98,-992.10,140.0,-673.75,-332.50,1,94.545,
01/01/2000,01:28:15.16,19.03,-61.98,-992.23,96.25,-647.50,-297.50,1,94.556,
01/01/2000,01:28:15.17,19.15,-61.98,-992.23,175.0,-796.25,-210.0,1,94.567,
01/01/2000,01:28:15.18,19.15,-61.73,-992.35,131.25,-647.50,-376.25,1,94.578,
01/01/2000,01:28:15.19,19.03,-61.98,-992.35,218.75,-656.25,-402.50,1,94.589,
01/01/2000,01:28:15.20,19.03,-61.98,-992.23,105.0,-796.25,-358.75,1,94.411,
01/01/2000,01:28:15.21,19.03,-61.85,-992.35,192.50,-743.75,-332.50,1,94.422,
01/01/2000,01:28:15.22,19.03,-61.98,-992.47,201.25,-673.75,-288.75,1,94.433,
01/01/2000,01:28:15.23,18.91,-61.98,-992.47,227.50,-708.75,-341.25,1,94.444,
01/01/2000,01:28:15.24,19.03,-61.98,-992.35,175.0,-717.50,-437.50,1,94.455,
01/01/2000,01:28:15.25,19.03,-61.98,-992.35,148.75,-656.25,-280.0,1,94.466,
01/01/2000,01:28:15.26,19.03,-61.98,-992.35,35.0,-735.0,-306.25,1,94.477,
01/01/2000,01:28:15.28,19.03,-62.10,-992.35,218.75,-787.50,-385.0,1,94.488,
01/01/2000,01:28:15.29,19.03,-61.98,-992.35,201.25,-630.0,-350.0,1,94.499,
01/01/2000,01:28:15.30,19.15,-61.98,-992.35,218.75,-647.50,-367.50,1,94.510,
01/01/2000,01:28:15.31,19.28,-61.85,-992.35,157.50,-691.25,-306.25,1,94.521,
01/01/2000,01:28:15.32,19.28,-62.10,-992.35,227.50,-708.75,-350.0,1,94.347,
01/01/2000,01:28:15.33,19.03,-62.10,-992.47,192.50,-735.0,-315.0,1,94.358,
01/01/2000,01:28:15.34,19.03,-62.10,-992.47,166.25,-647.50,-367.50,1,94.369,
01/01/2000,01:28:15.35,19.03,-62.10,-992.35,122.50,-726.25,-367.50,1,94.380,
01/01/2000,01:28:15.36,18.79,-61.85,-992.23,-8.75,-735.0,-227.50,1,94.391,
01/01/2000,01:28:15.37,18.91,-61.98,-992.35,262.50,-682.50,-288.75,1,94.402,
01/01/2000,01:28:15.38,18.91,-61.73,-992.47,43.75,-630.0,-376.25,1,94.412,
01/01/2000,01:28:15.40,18.91,-61.85,-992.47,140.0,-700.0,-280.0,1,94.423,
01/01/2000,01:28:15.40,19.03,-61.98,-992.35,61.25,-586.25,-323.75,1,94.434,
01/01/2000,01:28:15.42,19.03,-61.85,-992.35,218.75,-761.25,-315.0,1,94.444,
01/01/2000,01:28:15.43,19.03,-61.85,-992.23,35.0,-717.50,-332.50,1,94.455,
01/01/2000,01:28:15.44,18.91,-61.98,-992.35,192.50,-665.0,-350.0,1,94.466,
01/01/2000,01:28:15.45,18.91,-61.98,-992.47,61.25,-612.50,-332.50,1,94.476,
01/01/2000,01:28:15.46,18.79,-62.22,-992.35,183.75,-805.0,-385.0,1,94.487,
01/01/2000,01:28:15.47,18.91,-62.22,-992.59,105.0,-726.25,-306.25,1,94.497,
01/01/2000,01:28:15.48,19.03,-62.34,-992.59,157.50,-735.0,-332.50,1,94.508,
01/01/2000,01:28:15.49,19.03,-62.22,-992.59,183.75,-796.25,-393.75,1,94.518,
01/01/2000,01:28:15.50,19.03,-62.22,-992.59,192.50,-630.0,-490.0,1,94.528,
01/01/2000,01:28:15.51,18.91,-62.22,-992.71,70.0,-726.25,-332.50,1,94.539,
01/01/2000,01:28:15.52,18.91,-62.22,-992.59,148.75,-665.0,-350.0,1,94.549,
01/01/2000,01:28:15.53,19.03,-62.22,-992.47,96.25,-700.0,-341.25,1,94.559,
01/01/2000,01:28:15.54,18.79,-62.10,-992.59,157.50,-752.50,-358.75,1,94.569,
01/01/2000,01:28:15.55,18.79,-62.22,-992.47,131.25,-630.0,-288.75,1,94.579,
01/01/2000,01:28:15.56,20.01,-61.73,-971.85,315.0,446.25,271.25,1,94.590,
01/01/2000,01:28:15.57,6.83,-59.29,-947.09,647.50,-1951.25,4340.0,1,94.424,
01/01/2000,01:28:15.58,8.91,-57.22,-954.04,-507.50,-2292.50,-1443.75,1,94.610,
01/01/2000,01:28:15.59,16.10,-65.15,-986.74,113.75,-1907.50,-4331.25,1,94.444,
01/01/2000,01:28:15.60,25.62,-68.69,-1024.07,-315.0,157.50,-551.25,1,94.455,
01/01/2000,01:28:15.61,26.96,-65.64,-1044.44,691.25,297.50,2213.75,1,94.465,
01/01/2000,01:28:15.63,23.91,-57.10,-1016.75,-122.50,-175.0,-1155.0,1,94.475,
01/01/2000,01:28:15.64,20.25,-55.51,-990.88,402.50,-813.75,-358.75,1,94.485,
01/01/2000,01:28:15.65,18.06,-58.07,-973.80,-402.50,-1067.50,1846.25,1,94.495,
01/01/2000,01:28:15.66,17.45,-65.39,-972.22,323.75,-1128.75,183.75,1,94.505,
01/01/2000,01:28:15.67,20.13,-70.39,-992.59,175.0,-988.75,-2485.0,1,94.516,
01/01/2000,01:28:15.68,21.35,-67.59,-1005.16,175.0,-568.75,-2905.0,1,94.526,
01/01/2000,01:28:15.69,20.86,-61.12,-1007.11,245.0,-245.0,-840.0,1,94.536,
01/01/2000,01:28:15.70,17.93,-53.07,-996.86,61.25,-420.0,1225.0,1,94.545,
01/01/2000,01:28:15.71,17.20,-54.53,-988.20,-105.0,-717.50,1198.75,1,94.555,
01/01/2000,01:28:15.72,17.69,-60.63,-983.20,297.50,-866.25,428.75,1,94.565,
01/01/2000,01:28:15.73,19.15,-68.93,-986.86,43.75,-945.0,-1128.75,1,94.575,
01/01/2000,01:28:15.74,20.50,-70.03,-992.47,35.0,-875.0,-2327.50,1,94.585,
01/01/2000,01:28:15.75,20.50,-66.25,-995.52,402.50,-752.50,-2345.0,1,94.595,
01/01/2000,01:28:15.76,19.03,-59.05,-994.79,43.75,-595.0,481.25,1,94.604,
01/01/2000,01:28:15.77,17.08,-53.92,-990.52,148.75,-621.25,2152.50,1,94.444,
01/01/2000,01:28:15.78,16.71,-56.49,-989.05,350.0,-621.25,1653.75,1,94.454,
01/01/2000,01:28:15.79,18.42,-64.66,-990.64,113.75,-621.25,-350.0,1,94.464,
01/01/2000,01:28:15.80,19.76,-68.20,-992.35,192.50,-813.75,-2161.25,1,94.474,
01/01/2000,01:28:15.81,20.25,-67.47,-992.59,96.25,-770.0,-2458.75,1,94.484,
01/01/2000,01:28:15.83,19.03,-61.24,-990.88,157.50,-656.25,358.75,1,94.494,
01/01/2000,01:28:15.84,17.57,-56.61,-990.76,201.25,-647.50,980.0,1,94.504,
01/01/2000,01:28:15.85,17.32,-57.34,-991.98,61.25,-551.25,385.0,1,94.513,
01/01/2000,01:28:15.86,17.93,-62.95,-993.45,236.25,-595.0,-463.75,1,94.523,
01/01/2000,01:28:15.87,19.40,-65.51,-992.84,175.0,-682.50,-1128.75,1,94.533,
01/01/2000,01:28:15.88,20.01,-65.88,-991.37,122.50,-770.0,-962.50,1,94.542,
01/01/2000,01:28:15.89,19.89,-64.05,-990.15,157.50,-945.0,-612.50,1,94.552,
01/01/2000,01:28:15.90,19.03,-61.37,-990.40,78.75,-805.0,87.50,1,94.561,
01/01/2000,01:28:15.91,18.18,-59.05,-992.84,210.0,-551.25,385.0,1,94.406,
01/01/2000,01:28:15.92,18.06,-59.54,-993.93,78.75,-568.75,52.50,1,94.415,
01/01/2000,01:28:15.93,18.42,-61.24,-993.69,218.75,-612.50,-367.50,1,94.425,
01/01/2000,01:28:15.94,19.03,-63.68,-991.13,192.50,-743.75,-621.25,1,94.435,
01/01/2000,01:28:15.95,19.76,-64.05,-990.15,8.75,-901.25,-595.0,1,94.444,
01/01/2000,01:28:15.96,19.64,-63.32,-990.40,341.25,-761.25,-560.0,1,94.454,
01/01/2000,01:28:15.97,19.15,-62.10,-991.86,140.0,-743.75,-332.50,1,94.464,
01/01/2000,01:28:15.99,18.30,-60.51,-993.57,210.0,-630.0,-78.75,1,94.473,
01/01/2000,01:28:16.00,18.06,-60.39,-993.32,210.0,-638.75,-35.0,1,94.483,
01/01/2000,01:28:16.01,18.91,-61.49,-991.37,227.50,-726.25,-122.50,1,94.492,
01/01/2000,01:28:16.02,19.64,-62.71,-990.52,-8.75,-796.25,-183.75,1,94.502,
01/01/2000,01:28:16.03,19.76,-63.68,-990.88,131.25,-857.50,-385.0,1,94.511,
01/01/2000,01:28:16.04,19.52,-63.56,-991.86,26.25,-796.25,-682.50,1,94.521,
01/01/2000,01:28:16.05,18.54,-61.98,-993.08,271.25,-463.75,-411.25,1,94.530,
01/01/2000,01:28:16.06,18.06,-60.15,-992.47,157.50,-568.75,-131.25,1,94.539,
01/01/2000,01:28:16.07,18.54,-60.27,-991.86,87.50,-673.75,-52.50,1,94.549,
01/01/2000,01:28:16.08,19.03,-61.61,-991.62,166.25,-735.0,-61.25,1,94.558,
01/01/2000,01:28:16.09,19.64,-63.20,-991.74,105.0,-743.75,-288.75,1,94.567,
01/01/2000,01:28:16.10,19.52,-64.17,-992.10,8.75,-717.50,-691.25,1,94.576,
01/01/2000,01:28:16.11,19.03,-63.20,-992.71,175.0,-647.50,-455.0,1,94.585,
01/01/2000,01:28:16.12,18.67,-61.0,-992.47,175.0,-673.75,-280.0,1,94.435,
01/01/2000,01:28:16.13,18.79,-60.51,-992.47,175.0,-621.25,-87.50,1,94.444,
01/01/2000,01:28:16.15,18.79,-61.0,-992.71,148.75,-621.25,43.75,1,94.454,
01/01/2000,01:28:16.15,19.03,-62.22,-992.84,253.75,-700.0,-262.50,1,94.463,
01/01/2000,01:28:16.17,19.15,-63.44,-992.59,122.50,-822.50,-568.75,1,94.472,
01/01/2000,01:28:16.18,19.15,-63.20,-992.35,148.75,-822.50,-525.0,1,94.482,
01/01/2000,01:28:16.19,19.15,-62.22,-992.10,227.50,-770.0,-315.0,1,94.491,
01/01/2000,01:28:16.20,18.91,-60.88,-992.47,236.25,-708.75,-157.50,1,94.500,
01/01/2000,01:28:16.21,18.79,-60.88,-992.84,78.75,-612.50,-227.50,1,94.509,
01/01/2000,01:28:16.22,18.79,-61.61,-992.84,113.75,-813.75,-52.50,1,94.518,
01/01/2000,01:28:16.23,19.03,-62.71,-992.35,148.75,-778.75,-446.25,1,94.527,
01/01/2000,01:28:16.24,19.28,-62.95,-991.98,201.25,-743.75,-577.50,1,94.536,
01/01/2000,01:28:16.25,19.52,-62.46,-991.86,-43.75,-752.50,-367.50,1,94.545,
01/01/2000,01:28:16.26,19.03,-61.73,-992.23,78.75,-796.25,-245.0,1,94.399,
01/01/2000,01:28:16.27,18.79,-61.61,-992.59,105.0,-638.75,-210.0,1,94.408,
01/01/2000,01:28:16.28,18.79,-61.49,-992.84,253.75,-595.0,-341.25,1,94.417,
01/01/2000,01:28:16.29,19.15,-61.85,-992.47,105.0,-665.0,-253.75,1,94.426,
01/01/2000,01:28:16.30,19.40,-62.22,-992.10,192.50,-665.0,-306.25,1,94.435,
01/01/2000,01:28:16.31,19.40,-62.46,-991.98,-8.75,-787.50,-411.25,1,94.444,
01/01/2000,01:28:16.32,19.15,-62.46,-992.23,175.0,-743.75,-481.25,1,94.454,
01/01/2000,01:28:16.34,18.91,-61.73,-992.96,26.25,-717.50,-341.25,1,94.463,
01/01/2000,01:28:16.35,18.91,-61.49,-992.84,236.25,-665.0,-253.75,1,94.318,
01/01/2000,01:28:16.36,19.15,-61.73,-992.47,183.75,-743.75,-253.75,1,94.327,
01/01/2000,01:28:16.37,19.40,-62.22,-992.35,210.0,-708.75,-498.75,1,94.337,
01/01/2000,01:28:16.38,19.28,-62.46,-992.35,140.0,-717.50,-437.50,1,94.346,
01/01/2000,01:28:16.39,19.28,-62.34,-992.84,105.0,-726.25,-367.50,1,94.355,
01/01/2000,01:28:16.40,19.03,-62.10,-992.84,253.75,-726.25,-437.50,1,94.364,
01/01/2000,01:28:16.41,19.03,-61.73,-992.71,280.0,-700.0,-210.0,1,94.373,
01/01/2000,01:28:16.42,19.03,-61.73,-992.47,201.25,-691.25,-288.75,1,94.382,
01/01/2000,01:28:16.43,19.15,-62.34,-992.35,166.25,-612.50,-297.50,1,94.391,
01/01/2000,01:28:16.44,19.15,-62.34,-992.59,87.50,-673.75,-306.25,1,94.400,
01/01/2000,01:28:16.45,19.03,-62.46,-992.59,175.0,-665.0,-341.25,1,94.409,
01/01/2000,01:28:16.46,19.03,-62.10,-992.71,227.50,-673.75,-490.0,1,94.418,
01/01/2000,01:28:16.48,18.91,-61.73,-992.71,227.50,-647.50,-341.25,1,94.427,
01/01/2000,01:28:16.49,18.79,-61.37,-992.59,87.50,-708.75,-245.0,1,94.436,
01/01/2000,01:28:16.50,18.79,-61.49,-992.59,70.0,-621.25,-253.75,1,94.444,
01/01/2000,01:28:16.51,18.79,-61.85,-992.59,227.50,-700.0,-332.50,1,94.453,
01/01/2000,01:28:16.52,19.03,-62.10,-992.59,105.0,-735.0,-367.50,1,94.462,
01/01/2000,01:28:16.53,19.03,-61.98,-992.71,175.0,-647.50,-446.25,1,94.471,
01/01/2000,01:28:16.54,19.15,-61.85,-992.84,96.25,-778.75,-341.25,1,94.479,
01/01/2000,01:28:16.55,19.15,-61.61,-992.84,166.25,-717.50,-288.75,1,94.488,
01/01/2000,01:28:16.56,19.03,-61.61,-992.84,8.75,-717.50,-323.75,1,94.497,
01/01/2000,01:28:16.57,19.03,-62.10,-992.71,157.50,-691.25,-428.75,1,94.505,
01/01/2000,01:28:16.58,19.15,-62.22,-992.59,201.25,-647.50,-227.50,1,94.514,
01/01/2000,01:28:16.59,19.15,-62.59,-992.47,0.0,-778.75,-306.25,1,94.523,
01/01/2000,01:28:16.60,19.03,-62.46,-992.59,183.75,-726.25,-323.75,1,94.531,
01/01/2000,01:28:16.61,19.03,-61.98,-992.71,122.50,-691.25,-376.25,1,94.540,
01/01/2000,01:28:16.62,19.03,-61.85,-992.59,52.50,-682.50,-315.0,1,94.548,
01/01/2000,01:28:16.63,18.79,-61.98,-992.59,148.75,-586.25,-350.0,1,94.557,
01/01/2000,01:28:16.64,18.79,-62.34,-992.59,297.50,-787.50,-393.75,1,94.419,
01/01/2000,01:28:16.65,19.03,-62.22,-992.47,113.75,-656.25,-323.75,1,94.574,
01/01/2000,01:28:16.66,19.03,-62.34,-992.35,105.0,-726.25,-367.50,1,94.436,
01/01/2000,01:28:16.67,19.03,-62.22,-992.23,78.75,-752.50,-262.50,1,94.590,
01/01/2000,01:28:16.69,19.03,-61.98,-992.35,78.75,-673.75,-253.75,1,94.453,
01/01/2000,01:28:16.70,19.03,-61.98,-992.59,262.50,-700.0,-420.0,1,94.462,
01/01/2000,01:28:16.71,19.15,-61.98,-992.71,70.0,-621.25,-358.75,1,94.470,
01/01/2000,01:28:16.72,19.15,-61.98,-992.84,157.50,-700.0,-411.25,1,94.479,
01/01/2000,01:28:16.73,19.28,-62.22,-992.84,201.25,-726.25,-288.75,1,94.487,
01/01/2000,01:28:16.74,19.03,-61.98,-992.71,87.50,-673.75,-385.0,1,94.495,
01/01/2000,01:28:16.75,19.03,-62.22,-992.59,35.0,-638.75,-253.75,1,94.504,
01/01/2000,01:28:16.76,18.91,-62.22,-992.71,175.0,-691.25,-446.25,1,94.512,
01/01/2000,01:28:16.77,18.91,-61.98,-992.84,52.50,-691.25,-297.50,1,94.521,
01/01/2000,01:28:16.78,19.03,-61.98,-992.71,183.75,-656.25,-358.75,1,94.529,
01/01/2000,01:28:16.79,19.03,-61.98,-992.59,131.25,-691.25,-297.50,1,94.537,
01/01/2000,01:28:16.80,18.79,-61.98,-992.59,271.25,-778.75,-341.25,1,94.545,
01/01/2000,01:28:16.81,18.79,-61.98,-992.59,210.0,-743.75,-420.0,1,94.554,
01/01/2000,01:28:16.82,18.91,-61.98,-992.84,78.75,-682.50,-411.25,1,94.419,
01/01/2000,01:28:16.83,19.03,-61.98,-992.71,192.50,-647.50,-280.0,1,94.428,
01/01/2000,01:28:16.84,19.03,-61.98,-992.47,140.0,-700.0,-271.25,1,94.436,
01/01/2000,01:28:16.86,19.03,-61.98,-992.35,131.25,-708.75,-315.0,1,94.444,
01/01/2000,01:28:16.87,19.15,-62.10,-992.47,245.0,-822.50,-420.0,1,94.453,
01/01/2000,01:28:16.88,19.15,-61.85,-992.59,26.25,-717.50,-262.50,1,94.461,
01/01/2000,01:28:16.89,19.03,-61.85,-992.47,96.25,-752.50,-253.75,1,94.469,
01/01/2000,01:28:16.90,18.79,-61.73,-992.47,166.25,-595.0,-306.25,1,94.478,
01/01/2000,01:28:16.91,18.91,-61.98,-992.47,201.25,-770.0,-393.75,1,94.486,
01/01/2000,01:28:16.92,19.03,-61.98,-992.59,8.75,-656.25,-332.50,1,94.494,
01/01/2000,01:28:16.93,19.28,-61.98,-992.59,218.75,-621.25,-262.50,1,94.502,
01/01/2000,01:28:16.94,19.15,-61.85,-992.47,227.50,-840.0,-297.50,1,94.510,
01/01/2000,01:28:16.95,19.03,-61.85,-992.47,43.75,-638.75,-315.0,1,94.519,
01/01/2000,01:28:16.96,19.03,-61.98,-992.47,306.25,-612.50,-315.0,1,94.527,
01/01/2000,01:28:16.97,19.03,-61.98,-992.59,148.75,-735.0,-280.0,1,94.535,
01/01/2000,01:28:16.98,19.03,-61.98,-992.47,306.25,-717.50,-332.50,1,94.543,
01/01/2000,01:28:16.99,19.03,-61.98,-992.35,131.25,-717.50,-262.50,1,94.412,
01/01/2000,01:28:17.00,19.03,-61.98,-992.35,122.50,-708.75,-376.25,1,94.559,
01/01/2000,01:28:17.01,19.03,-62.10,-992.35,245.0,-743.75,-428.75,1,94.428,
01/01/2000,01:28:17.02,19.03,-61.73,-992.35,201.25,-630.0,-341.25,1,94.436,
01/01/2000,01:28:17.04,19.03,-61.73,-992.59,96.25,-700.0,-262.50,1,94.444,
01/01/2000,01:28:17.05,19.03,-61.98,-992.59,262.50,-656.25,-297.50,1,94.453,
01/01/2000,01:28:17.06,19.03,-61.98,-992.47,122.50,-656.25,-332.50,1,94.461,
01/01/2000,01:28:17.07,18.91,-62.10,-992.35,201.25,-717.50,-271.25,1,94.469,
01/01/2000,01:28:17.08,19.03,-62.22,-992.35,122.50,-805.0,-280.0,1,94.477,
01/01/2000,01:28:17.09,18.91,-62.10,-992.47,122.50,-691.25,-350.0,1,94.485,
01/01/2000,01:28:17.10,18.91,-61.98,-992.47,288.75,-708.75,-376.25,1,94.493,
01/01/2000,01:28:17.11,18.79,-61.73,-992.35,148.75,-673.75,-288.75,1,94.501,
01/01/2000,01:28:17.12,18.79,-61.85,-992.35,315.0,-656.25,-402.50,1,94.509,
01/01/2000,01:28:17.13,18.79,-61.73,-992.35,262.50,-586.25,-385.0,1,94.517,
01/01/2000,01:28:17.14,19.03,-61.98,-992.35,17.50,-708.75,-253.75,1,94.524,
01/01/2000,01:28:17.15,19.15,-61.73,-992.35,192.50,-735.0,-376.25,1,94.532,
01/01/2000,01:28:17.16,19.15,-61.73,-992.35,236.25,-682.50,-367.50,1,94.540,
01/01/2000,01:28:17.17,19.03,-61.61,-992.23,70.0,-673.75,-253.75,1,94.548,
01/01/2000,01:28:17.18,19.15,-61.85,-992.35,166.25,-735.0,-297.50,1,94.421,
01/01/2000,01:28:17.19,19.28,-61.73,-992.47,297.50,-656.25,-341.25,1,94.429,
01/01/2000,01:28:17.20,19.28,-61.85,-992.35,70.0,-770.0,-280.0,1,94.437,
01/01/2000,01:28:17.21,19.28,-61.98,-992.35,192.50,-682.50,-341.25,1,94.444,
01/01/2000,01:28:17.22,19.28,-62.10,-992.47,70.0,-726.25,-306.25,1,94.452,
01/01/2000,01:28:17.23,19.28,-61.98,-992.59,166.25,-595.0,-393.75,1,94.460,
01/01/2000,01:28:17.25,19.28,-62.10,-992.71,183.75,-796.25,-315.0,1,94.468,
01/01/2000,01:28:17.26,19.15,-62.22,-992.59,52.50,-656.25,-315.0,1,94.476,
01/01/2000,01:28:17.27,19.03,-62.46,-992.47,323.75,-656.25,-350.0,1,94.484,
01/01/2000,01:28:17.28,19.03,-62.46,-992.35,262.50,-673.75,-437.50,1,94.492,
01/01/2000,01:28:17.29,18.91,-62.22,-992.47,61.25,-647.50,-350.0,1,94.499,
01/01/2000,01:28:17.30,19.03,-62.22,-992.35,140.0,-717.50,-288.75,1,94.507,
01/01/2000,01:28:17.31,18.91,-62.22,-992.47,140.0,-665.0,-280.0,1,94.515,
01/01/2000,01:28:17.32,19.03,-62.22,-992.59,96.25,-761.25,-315.0,1,94.390,
01/01/2000,01:28:17.33,19.03,-62.34,-992.47,227.50,-647.50,-341.25,1,94.530,
01/01/2000,01:28:17.34,19.15,-62.22,-992.35,253.75,-770.0,-455.0,1,94.406,
01/01/2000,01:28:17.35,19.03,-62.22,-992.23,245.0,-796.25,-402.50,1,94.413,
01/01/2000,01:28:17.37,19.03,-62.10,-992.35,105.0,-673.75,-393.75,1,94.421,
01/01/2000,01:28:17.38,18.91,-61.98,-992.35,148.75,-682.50,-350.0,1,94.429,
01/01/2000,01:28:17.39,19.03,-62.22,-992.47,166.25,-822.50,-280.0,1,94.437,
01/01/2000,01:28:17.40,19.03,-62.22,-992.35,70.0,-621.25,-472.50,1,94.444,
01/01/2000,01:28:17.41,19.03,-62.34,-992.47,218.75,-717.50,-350.0,1,94.452,
01/01/2000,01:28:17.42,19.03,-62.34,-992.59,183.75,-691.25,-323.75,1,94.460,
01/01/2000,01:28:17.43,18.79,-62.10,-992.47,43.75,-700.0,-306.25,1,94.467,
01/01/2000,01:28:17.44,18.67,-61.98,-992.59,78.75,-691.25,-245.0,1,94.475,
01/01/2000,01:28:17.45,18.79,-62.22,-992.71,192.50,-717.50,-297.50,1,94.483,
01/01/2000,01:28:17.46,18.79,-62.22,-992.71,0.0,-717.50,-280.0,1,94.490,
01/01/2000,01:28:17.47,18.79,-62.22,-992.59,148.75,-708.75,-323.75,1,94.498,
01/01/2000,01:28:17.48,18.79,-62.22,-992.59,78.75,-770.0,-297.50,1,94.505,
01/01/2000,01:28:17.49,18.54,-61.98,-992.59,192.50,-743.75,-393.75,1,94.513,
01/01/2000,01:28:17.50,18.79,-62.10,-992.59,253.75,-673.75,-472.50,1,94.521,
01/01/2000,01:28:17.51,18.79,-61.85,-992.71,78.75,-630.0,-262.50,1,94.528,
01/01/2000,01:28:17.52,18.67,-61.98,-992.59,70.0,-752.50,-428.75,1,94.536,
01/01/2000,01:28:17.53,18.67,-62.22,-992.35,262.50,-691.25,-358.75,1,94.414,
01/01/2000,01:28:17.54,18.79,-62.10,-992.35,236.25,-717.50,-472.50,1,94.422,
01/01/2000,01:28:17.55,18.91,-62.10,-992.35,227.50,-700.0,-341.25,1,94.429,
01/01/2000,01:28:17.56,18.91,-61.98,-992.47,210.0,-761.25,-367.50,1,94.437,
01/01/2000,01:28:17.57,18.79,-61.85,-992.47,192.50,-778.75,-262.50,1,94.444,
01/01/2000,01:28:17.58,18.79,-61.98,-992.47,166.25,-717.50,-393.75,1,94.452,
01/01/2000,01:28:17.59,18.79,-61.98,-992.35,0.0,-743.75,-236.25,1,94.459,
01/01/2000,01:28:17.61,19.03,-62.10,-992.35,227.50,-656.25,-385.0,1,94.467,
01/01/2000,01:28:17.62,18.91,-62.22,-992.35,253.75,-621.25,-446.25,1,94.474,
01/01/2000,01:28:17.63,18.91,-62.10,-992.35,218.75,-700.0,-385.0,1,94.482,
01/01/2000,01:28:17.64,19.03,-62.10,-992.47,218.75,-577.50,-341.25,1,94.489,
01/01/2000,01:28:17.65,19.03,-61.85,-992.47,140.0,-630.0,-210.0,1,94.497,
01/01/2000,01:28:17.66,19.03,-61.98,-992.35,175.0,-822.50,-306.25,1,94.504,
01/01/2000,01:28:17.67,18.79,-62.10,-992.35,78.75,-735.0,-332.50,1,94.511,
01/01/2000,01:28:17.68,18.79,-62.10,-992.35,166.25,-656.25,-420.0,1,94.519,
01/01/2000,01:28:17.69,18.79,-62.10,-992.35,183.75,-673.75,-402.50,1,94.526,
01/01/2000,01:28:17.70,18.79,-61.85,-992.35,131.25,-761.25,-297.50,1,94.533,
01/01/2000,01:28:17.71,18.79,-61.73,-992.23,262.50,-708.75,-201.25,1,94.541,
01/01/2000,01:28:17.72,18.79,-61.73,-992.47,201.25,-717.50,-332.50,1,94.548,
01/01/2000,01:28:17.73,18.91,-61.73,-992.59,35.0,-813.75,-323.75,1,94.555,
01/01/2000,01:28:17.74,19.03,-62.10,-992.47,61.25,-743.75,-367.50,1,94.437,
01/01/2000,01:28:17.75,19.03,-61.98,-992.35,105.0,-656.25,-411.25,1,94.444,
01/01/2000,01:28:17.76,19.03,-61.98,-992.35,113.75,-665.0,-323.75,1,94.452,
01/01/2000,01:28:17.77,19.03,-62.10,-992.35,192.50,-787.50,-376.25,1,94.459,
01/01/2000,01:28:17.78,19.15,-61.98,-992.59,157.50,-586.25,-341.25,1,94.466,
01/01/2000,01:28:17.79,19.15,-61.98,-992.59,210.0,-656.25,-332.50,1,94.474,
01/01/2000,01:28:17.80,19.15,-62.10,-992.59,175.0,-726.25,-350.0,1,94.481,
01/01/2000,01:28:17.82,19.15,-62.34,-992.35,78.75,-726.25,-306.25,1,94.488,
01/01/2000,01:28:17.83,19.03,-62.22,-992.23,175.0,-787.50,-297.50,1,94.495,
01/01/2000,01:28:17.84,19.03,-62.34,-992.59,122.50,-708.75,-262.50,1,94.503,
01/01/2000,01:28:17.85,19.03,-62.22,-992.59,376.25,-708.75,-446.25,1,94.510,
01/01/2000,01:28:17.86,18.91,-62.10,-992.71,131.25,-761.25,-262.50,1,94.517,
01/01/2000,01:28:17.87,19.03,-62.10,-992.84,52.50,-822.50,-332.50,1,94.401,
01/01/2000,01:28:17.89,19.15,-61.98,-992.59,297.50,-708.75,-358.75,1,94.408,
01/01/2000,01:28:17.90,19.03,-62.22,-992.47,210.0,-735.0,-385.0,1,94.416,
01/01/2000,01:28:17.91,19.03,-62.10,-992.47,131.25,-708.75,-402.50,1,94.423,
01/01/2000,01:28:17.92,19.03,-62.10,-992.47,288.75,-717.50,-411.25,1,94.430,
01/01/2000,01:28:17.93,19.15,-62.10,-992.59,122.50,-743.75,-245.0,1,94.437,
01/01/2000,01:28:17.94,18.91,-61.98,-992.59,87.50,-735.0,-288.75,1,94.444,
01/01/2000,01:28:17.95,19.03,-62.10,-992.35,175.0,-621.25,-367.50,1,94.452,
01/01/2000,01:28:17.96,19.03,-62.34,-992.47,192.50,-717.50,-350.0,1,94.459,
01/01/2000,01:28:17.97,19.03,-62.22,-992.59,122.50,-752.50,-358.75,1,94.466,
01/01/2000,01:28:17.98,18.91,-62.34,-992.47,201.25,-726.25,-315.0,1,94.473,
01/01/2000,01:28:17.99,19.03,-62.22,-992.35,96.25,-770.0,-411.25,1,94.480,
01/01/2000,01:28:18.00,19.15,-62.34,-992.59,113.75,-761.25,-323.75,1,94.487,
01/01/2000,01:28:18.01,19.15,-62.10,-992.71,192.50,-673.75,-367.50,1,94.494,
01/01/2000,01:28:18.02,19.03,-62.22,-992.84,78.75,-665.0,-341.25,1,94.501,
01/01/2000,01:28:18.03,18.79,-61.98,-992.84,157.50,-656.25,-297.50,1,94.508,
01/01/2000,01:28:18.04,18.79,-61.98,-992.71,262.50,-682.50,-323.75,1,94.515,
01/01/2000,01:28:18.05,18.91,-61.98,-992.59,236.25,-682.50,-262.50,1,94.522,
01/01/2000,01:28:18.06,18.79,-61.98,-992.59,183.75,-717.50,-297.50,1,94.529,
01/01/2000,01:28:18.07,18.79,-61.98,-992.84,306.25,-621.25,-420.0,1,94.536,
01/01/2000,01:28:18.08,18.79,-61.98,-992.84,157.50,-700.0,-411.25,1,94.543,
01/01/2000,01:28:18.10,19.03,-61.73,-992.84,113.75,-761.25,-437.50,1,94.430,
01/01/2000,01:28:18.10,19.03,-61.73,-992.71,201.25,-805.0,-376.25,1,94.437,
01/01/2000,01:28:18.12,19.03,-61.98,-992.59,192.50,-726.25,-428.75,1,94.444,
01/01/2000,01:28:18.13,19.03,-61.98,-992.84,166.25,-770.0,-428.75,1,94.451,
01/01/2000,01:28:18.14,19.15,-61.73,-992.84,96.25,-682.50,-236.25,1,94.458,
01/01/2000,01:28:18.15,19.15,-61.73,-992.84,113.75,-735.0,-306.25,1,94.465,
01/01/2000,01:28:18.16,19.03,-61.61,-992.71,87.50,-665.0,-332.50,1,94.472,
01/01/2000,01:28:18.17,18.91,-62.10,-992.59,105.0,-665.0,-323.75,1,94.479,
01/01/2000,01:28:18.18,19.03,-61.98,-992.59,201.25,-743.75,-358.75,1,94.486,
01/01/2000,01:28:18.19,19.03,-61.98,-992.59,192.50,-726.25,-376.25,1,94.493,
01/01/2000,01:28:18.20,18.91,-61.98,-992.59,166.25,-761.25,-210.0,1,94.500,
01/01/2000,01:28:18.21,19.03,-61.85,-992.71,78.75,-647.50,-323.75,1,94.507,
01/01/2000,01:28:18.22,18.79,-61.85,-992.84,227.50,-673.75,-341.25,1,94.514,
01/01/2000,01:28:18.23,18.79,-61.98,-993.08,271.25,-787.50,-271.25,1,94.403,
01/01/2000,01:28:18.24,18.91,-62.10,-992.96,218.75,-586.25,-245.0,1,94.410,
01/01/2000,01:28:18.25,18.79,-62.22,-992.84,218.75,-735.0,-393.75,1,94.417,
01/01/2000,01:28:18.26,18.79,-62.22,-992.71,131.25,-665.0,-367.50,1,94.424,
01/01/2000,01:28:18.27,18.91,-62.10,-992.59,113.75,-805.0,-393.75,1,94.431,
01/01/2000,01:28:18.28,18.79,-61.98,-992.71,113.75,-726.25,-393.75,1,94.438,
01/01/2000,01:28:18.29,18.79,-62.10,-992.59,253.75,-691.25,-227.50,1,94.444,
01/01/2000,01:28:18.31,19.03,-62.22,-992.84,166.25,-673.75,-446.25,1,94.451,
01/01/2000,01:28:18.32,19.03,-62.22,-992.84,140.0,-682.50,-236.25,1,94.458,
01/01/2000,01:28:18.33,18.91,-62.34,-992.71,183.75,-673.75,-385.0,1,94.465,
01/01/2000,01:28:18.34,19.03,-62.34,-992.59,183.75,-656.25,-288.75,1,94.472,
01/01/2000,01:28:18.35,19.03,-62.22,-992.59,96.25,-726.25,-262.50,1,94.479,
01/01/2000,01:28:18.36,19.03,-62.22,-992.59,227.50,-647.50,-218.75,1,94.485,
01/01/2000,01:28:18.37,18.91,-61.98,-992.59,122.50,-700.0,-131.25,1,94.492,
01/01/2000,01:28:18.39,18.79,-61.24,-992.35,26.25,-595.0,568.75,1,94.383,
01/01/2000,01:28:18.40,18.91,-60.76,-992.59,87.50,-603.75,1032.50,1,94.390,
01/01/2000,01:28:18.41,18.79,-60.51,-992.71,175.0,-673.75,1487.50,1,94.397,
01/01/2000,01:28:18.42,18.67,-60.39,-992.71,96.25,-647.50,2100.0,1,94.404,
01/01/2000,01:28:18.43,18.54,-60.63,-992.84,227.50,-516.25,2432.50,1,94.411,
01/01/2000,01:28:18.44,18.67,-61.49,-992.59,192.50,-603.75,2458.75,1,94.417,
01/01/2000,01:28:18.45,18.79,-62.46,-992.47,113.75,-516.25,2170.0,1,94.424,
01/01/2000,01:28:18.46,18.91,-62.83,-992.47,131.25,-682.50,1916.25,1,94.431,
01/01/2000,01:28:18.47,18.91,-63.20,-992.35,148.75,-595.0,1837.50,1,94.438,
01/01/2000,01:28:18.48,18.79,-62.46,-992.47,201.25,-621.25,1802.50,1,94.444,
01/01/2000,01:28:18.49,18.79,-61.49,-992.59,78.75,-577.50,2502.50,1,94.451,
01/01/2000,01:28:18.50,18.91,-60.51,-992.71,140.0,-595.0,4051.25,1,94.458,
01/01/2000,01:28:18.51,18.79,-59.78,-992.84,131.25,-341.25,6842.50,1,94.465,
01/01/2000,01:28:18.52,18.54,-59.78,-993.08,17.50,-341.25,8461.25,1,94.471,
01/01/2000,01:28:18.53,18.79,-60.63,-992.96,122.50,-297.50,8890.0,1,94.478,
01/01/2000,01:28:18.54,18.79,-61.37,-992.84,113.75,-437.50,7253.75,1,94.484,
01/01/2000,01:28:18.55,19.03,-62.83,-992.47,280.0,-481.25,5468.75,1,94.491,
01/01/2000,01:28:18.56,19.03,-63.68,-992.47,-52.50,-560.0,3710.0,1,94.498,
01/01/2000,01:28:18.57,18.79,-63.81,-992.59,-26.25,-673.75,2030.0,1,94.504,
01/01/2000,01:28:18.58,18.79,-63.81,-992.71,306.25,-717.50,918.75,1,94.511,
01/01/2000,01:28:18.59,18.79,-62.83,-992.96,183.75,-638.75,770.0,1,94.405,
01/01/2000,01:28:18.60,18.79,-62.10,-992.84,35.0,-621.25,1487.50,1,94.411,
01/01/2000,01:28:18.61,18.67,-61.85,-992.47,61.25,-586.25,2336.25,1,94.418,
01/01/2000,01:28:18.62,18.67,-62.10,-992.47,105.0,-665.0,2835.0,1,94.425,
01/01/2000,01:28:18.63,18.67,-62.10,-992.59,122.50,-533.75,3036.25,1,94.431,
01/01/2000,01:28:18.65,18.91,-62.83,-992.47,192.50,-621.25,2598.75,1,94.438,
01/01/2000,01:28:18.66,19.03,-63.07,-992.59,148.75,-481.25,2283.75,1,94.444,
01/01/2000,01:28:18.67,18.91,-63.32,-992.59,0.0,-595.0,1863.75,1,94.451,
01/01/2000,01:28:18.68,18.54,-63.20,-992.35,210.0,-568.75,1347.50,1,94.458,
01/01/2000,01:28:18.69,18.54,-62.95,-992.47,87.50,-691.25,586.25,1,94.464,
01/01/2000,01:28:18.70,18.79,-62.71,-992.47,280.0,-717.50,0.0,1,94.471,
01/01/2000,01:28:18.71,19.03,-62.59,-992.59,341.25,-708.75,-148.75,1,94.477,
01/01/2000,01:28:18.72,19.03,-62.59,-992.47,61.25,-778.75,-166.25,1,94.484,
01/01/2000,01:28:18.73,18.67,-62.46,-992.35,210.0,-682.50,-280.0,1,94.379,
01/01/2000,01:28:18.74,18.67,-62.46,-992.35,218.75,-770.0,-472.50,1,94.386,
01/01/2000,01:28:18.75,18.67,-62.34,-992.47,218.75,-638.75,-376.25,1,94.393,
01/01/2000,01:28:18.76,18.91,-62.22,-992.84,122.50,-691.25,-253.75,1,94.399,
01/01/2000,01:28:18.77,19.03,-62.22,-992.71,131.25,-735.0,-428.75,1,94.406,
01/01/2000,01:28:18.78,18.79,-62.22,-992.71,157.50,-647.50,-280.0,1,94.412,
01/01/2000,01:28:18.79,18.79,-62.34,-992.71,262.50,-621.25,-262.50,1,94.419,
01/01/2000,01:28:18.81,18.79,-62.22,-992.59,131.25,-647.50,-437.50,1,94.425,
01/01/2000,01:28:18.82,18.79,-62.10,-992.59,87.50,-682.50,-341.25,1,94.432,
01/01/2000,01:28:18.83,18.79,-61.98,-992.59,140.0,-717.50,-236.25,1,94.438,
01/01/2000,01:28:18.84,18.54,-62.22,-992.35,297.50,-717.50,-262.50,1,94.444,
01/01/2000,01:28:18.85,18.54,-62.22,-992.47,236.25,-691.25,-463.75,1,94.451,
01/01/2000,01:28:18.86,18.54,-62.22,-992.47,175.0,-726.25,-411.25,1,94.457,
01/01/2000,01:28:18.87,18.67,-62.10,-992.59,113.75,-866.25,-341.25,1,94.464,
01/01/2000,01:28:18.88,18.79,-62.22,-992.84,87.50,-665.0,-358.75,1,94.470,
01/01/2000,01:28:18.90,18.91,-62.22,-992.84,227.50,-726.25,-288.75,1,94.368,
01/01/2000,01:28:18.91,19.03,-62.10,-992.71,96.25,-673.75,-367.50,1,94.374,
01/01/2000,01:28:18.92,18.79,-62.22,-992.71,26.25,-726.25,-323.75,1,94.381,
01/01/2000,01:28:18.93,18.79,-62.22,-992.59,140.0,-796.25,-367.50,1,94.387,
01/01/2000,01:28:18.94,18.91,-62.22,-992.59,175.0,-708.75,-332.50,1,94.394,
01/01/2000,01:28:18.95,18.91,-61.98,-992.47,218.75,-691.25,-402.50,1,94.400,
01/01/2000,01:28:18.96,19.03,-62.10,-992.35,87.50,-708.75,-402.50,1,94.406,
01/01/2000,01:28:18.97,18.91,-62.10,-992.59,280.0,-700.0,-367.50,1,94.413,
01/01/2000,01:28:18.98,19.03,-61.98,-992.84,26.25,-700.0,-385.0,1,94.419,
01/01/2000,01:28:18.99,19.15,-62.22,-992.59,122.50,-673.75,-385.0,1,94.425,
01/01/2000,01:28:19.00,19.28,-61.98,-992.59,35.0,-700.0,-455.0,1,94.432,
01/01/2000,01:28:19.01,19.28,-61.98,-992.47,87.50,-796.25,-280.0,1,94.438,
01/01/2000,01:28:19.02,19.03,-61.85,-992.47,113.75,-691.25,-175.0,1,94.444,
01/01/2000,01:28:19.03,19.03,-61.85,-992.59,245.0,-630.0,-323.75,1,94.451,
01/01/2000,01:28:19.04,19.03,-61.98,-992.47,166.25,-603.75,-402.50,1,94.457,
01/01/2000,01:28:19.05,19.28,-62.10,-992.35,148.75,-656.25,-446.25,1,94.463,
01/01/2000,01:28:19.06,19.15,-61.98,-992.23,157.50,-647.50,-367.50,1,94.470,
01/01/2000,01:28:19.07,19.15,-61.98,-992.35,192.50,-778.75,-411.25,1,94.476,
01/01/2000,01:28:19.08,19.15,-61.98,-992.59,245.0,-595.0,-218.75,1,94.376,
01/01/2000,01:28:19.09,19.15,-61.98,-992.71,113.75,-726.25,-455.0,1,94.382,
01/01/2000,01:28:19.10,19.15,-62.22,-992.59,253.75,-656.25,-297.50,1,94.388,
01/01/2000,01:28:19.11,19.28,-62.22,-992.59,183.75,-743.75,-236.25,1,94.395,
01/01/2000,01:28:19.12,19.28,-62.22,-992.47,131.25,-717.50,-446.25,1,94.401,
01/01/2000,01:28:19.13,19.28,-62.34,-992.35,183.75,-656.25,-315.0,1,94.407,
01/01/2000,01:28:19.14,19.28,-62.10,-992.35,148.75,-638.75,-297.50,1,94.413,
01/01/2000,01:28:19.16,19.15,-62.10,-992.47,122.50,-603.75,-472.50,1,94.420,
01/01/2000,01:28:19.17,19.03,-61.98,-992.59,175.0,-647.50,-332.50,1,94.426,
01/01/2000,01:28:19.18,19.03,-62.10,-992.47,105.0,-717.50,-332.50,1,94.432,
01/01/2000,01:28:19.19,19.03,-61.98,-992.35,192.50,-717.50,-420.0,1,94.438,
01/01/2000,01:28:19.20,18.91,-62.10,-992.47,183.75,-638.75,-402.50,1,94.444,
01/01/2000,01:28:19.21,19.03,-62.22,-992.59,183.75,-665.0,-420.0,1,94.451,
01/01/2000,01:28:19.22,19.03,-62.10,-992.47,157.50,-621.25,-376.25,1,94.352,
01/01/2000,01:28:19.23,19.03,-62.10,-992.47,210.0,-647.50,-210.0,1,94.463,
01/01/2000,01:28:19.24,19.03,-61.98,-992.47,201.25,-568.75,-332.50,1,94.365,
01/01/2000,01:28:19.25,19.03,-61.85,-992.35,78.75,-647.50,-376.25,1,94.371,
01/01/2000,01:28:19.26,19.28,-62.22,-992.35,175.0,-700.0,-498.75,1,94.377,
01/01/2000,01:28:19.27,19.28,-62.22,-992.35,183.75,-770.0,-306.25,1,94.383,
01/01/2000,01:28:19.28,19.15,-62.34,-992.23,70.0,-708.75,-437.50,1,94.389,
01/01/2000,01:28:19.30,19.03,-62.10,-992.10,-43.75,-717.50,-437.50,1,94.396,
01/01/2000,01:28:19.31,19.03,-62.22,-992.35,341.25,-551.25,-393.75,1,94.402,
01/01/2000,01:28:19.32,18.67,-62.10,-992.35,271.25,-708.75,-288.75,1,94.408,
01/01/2000,01:28:19.33,18.79,-61.98,-992.35,140.0,-691.25,-428.75,1,94.414,
01/01/2000,01:28:19.34,19.52,-62.22,-991.98,105.0,-752.50,-315.0,1,94.420,
01/01/2000,01:28:19.35,19.28,-62.34,-991.98,166.25,-866.25,-297.50,1,94.426,
01/01/2000,01:28:19.36,18.79,-62.34,-992.10,87.50,-647.50,-280.0,1,94.432,
01/01/2000,01:28:19.37,18.67,-62.10,-992.47,271.25,-708.75,-507.50,1,94.438,
01/01/2000,01:28:19.38,19.03,-61.49,-992.59,262.50,-726.25,-350.0,1,94.444,
01/01/2000,01:28:19.39,19.03,-61.73,-992.35,166.25,-656.25,-201.25,1,94.450,
01/01/2000,01:28:19.41,18.79,-62.46,-992.10,140.0,-761.25,-411.25,1,94.354,
01/01/2000,01:28:19.42,18.79,-62.46,-992.35,271.25,-603.75,-472.50,1,94.360,
01/01/2000,01:28:19.43,18.67,-61.98,-992.84,175.0,-673.75,-437.50,1,94.366,
01/01/2000,01:28:19.44,18.91,-61.37,-992.84,201.25,-638.75,-280.0,1,94.372,
01/01/2000,01:28:19.45,19.03,-61.49,-992.35,113.75,-691.25,-210.0,1,94.378,
01/01/2000,01:28:19.46,18.91,-61.73,-992.23,113.75,-665.0,-271.25,1,94.384,
01/01/2000,01:28:19.47,19.03,-62.34,-992.47,262.50,-778.75,-402.50,1,94.391,
01/01/2000,01:28:19.48,19.15,-62.34,-992.84,166.25,-673.75,-376.25,1,94.397,
01/01/2000,01:28:19.49,19.28,-61.98,-992.96,78.75,-682.50,-376.25,1,94.403,
01/01/2000,01:28:19.50,19.15,-61.49,-992.59,218.75,-778.75,-358.75,1,94.409,
01/01/2000,01:28:19.51,18.91,-61.49,-992.35,43.75,-665.0,-297.50,1,94.313,
01/01/2000,01:28:19.52,18.79,-61.85,-992.35,166.25,-682.50,-323.75,1,94.421,
01/01/2000,01:28:19.53,18.79,-62.10,-992.59,148.75,-735.0,-376.25,1,94.325,
01/01/2000,01:28:19.54,19.03,-61.98,-992.59,166.25,-612.50,-315.0,1,94.332,
01/01/2000,01:28:19.55,19.28,-62.10,-992.47,218.75,-647.50,-218.75,1,94.338,
01/01/2000,01:28:19.56,19.03,-61.73,-992.35,245.0,-717.50,-411.25,1,94.344,
01/01/2000,01:28:19.57,18.91,-61.73,-992.35,113.75,-603.75,-385.0,1,94.350,
01/01/2000,01:28:19.59,18.91,-61.73,-992.84,52.50,-665.0,-297.50,1,94.356,
01/01/2000,01:28:19.60,19.15,-61.98,-992.71,52.50,-708.75,-166.25,1,94.362,
01/01/2000,01:28:19.61,19.15,-61.98,-992.47,183.75,-700.0,-498.75,1,94.368,
01/01/2000,01:28:19.62,19.15,-61.98,-992.10,113.75,-656.25,-315.0,1,94.374,
01/01/2000,01:28:19.63,19.03,-62.10,-991.86,157.50,-752.50,-393.75,1,94.380,
01/01/2000,01:28:19.64,19.03,-61.98,-992.10,43.75,-673.75,-271.25,1,94.386,
01/01/2000,01:28:19.65,19.03,-61.85,-992.59,78.75,-743.75,-253.75,1,94.392,
01/01/2000,01:28:19.66,19.15,-61.98,-992.59,341.25,-630.0,-420.0,1,94.397,
01/01/2000,01:28:19.67,19.15,-61.98,-992.35,358.75,-612.50,-437.50,1,94.403,
01/01/2000,01:28:19.68,19.03,-61.98,-992.23,113.75,-673.75,-367.50,1,94.409,
01/01/2000,01:28:19.69,19.03,-62.10,-992.59,166.25,-726.25,-463.75,1,94.415,
01/01/2000,01:28:19.70,19.28,-61.85,-992.71,201.25,-717.50,-315.0,1,94.421,
01/01/2000,01:28:19.71,19.28,-61.73,-992.84,70.0,-796.25,-315.0,1,94.427,
01/01/2000,01:28:19.72,19.15,-61.73,-992.59,131.25,-638.75,-288.75,1,94.334,
01/01/2000,01:28:19.73,19.03,-61.73,-992.35,87.50,-735.0,-525.0,1,94.340,
01/01/2000,01:28:19.74,19.28,-61.98,-992.35,148.75,-665.0,-376.25,1,94.346,
01/01/2000,01:28:19.75,19.40,-61.98,-992.47,70.0,-665.0,-341.25,1,94.351,
01/01/2000,01:28:19.76,19.28,-61.98,-992.59,78.75,-656.25,-358.75,1,94.357,
01/01/2000,01:28:19.77,19.03,-61.98,-992.59,306.25,-656.25,-481.25,1,94.363,
01/01/2000,01:28:19.78,19.03,-61.85,-992.47,210.0,-743.75,-315.0,1,94.369,
01/01/2000,01:28:19.80,19.40,-61.73,-992.47,262.50,-568.75,-306.25,1,94.375,
01/01/2000,01:28:19.81,19.40,-61.85,-992.47,183.75,-743.75,-350.0,1,94.381,
01/01/2000,01:28:19.82,19.40,-61.98,-992.47,157.50,-682.50,-253.75,1,94.387,
01/01/2000,01:28:19.83,19.28,-61.98,-992.35,140.0,-603.75,-402.50,1,94.393,
01/01/2000,01:28:19.84,19.28,-61.85,-992.47,166.25,-752.50,-402.50,1,94.398,
01/01/2000,01:28:19.85,19.40,-61.73,-992.47,262.50,-726.25,-341.25,1,94.404,
01/01/2000,01:28:19.86,19.40,-61.73,-992.35,236.25,-560.0,-341.25,1,94.312,
01/01/2000,01:28:19.87,19.15,-61.98,-992.35,227.50,-735.0,-367.50,1,94.318,
01/01/2000,01:28:19.88,19.03,-61.85,-992.35,-8.75,-621.25,-358.75,1,94.324,
01/01/2000,01:28:19.89,19.15,-62.10,-992.35,227.50,-778.75,-420.0,1,94.330,
01/01/2000,01:28:19.90,19.28,-61.61,-992.47,157.50,-752.50,-245.0,1,94.336,
01/01/2000,01:28:19.92,19.40,-61.61,-992.35,183.75,-656.25,-271.25,1,94.342,
01/01/2000,01:28:19.93,19.28,-61.73,-992.47,192.50,-770.0,-350.0,1,94.347,
01/01/2000,01:28:19.94,19.40,-61.85,-992.47,26.25,-778.75,-376.25,1,94.353,
01/01/2000,01:28:19.95,19.28,-61.85,-992.47,323.75,-743.75,-542.50,1,94.359,
01/01/2000,01:28:19.96,19.28,-61.61,-992.35,87.50,-708.75,-315.0,1,94.365,
01/01/2000,01:28:19.97,19.28,-61.85,-992.23,113.75,-560.0,-402.50,1,94.371,
01/01/2000,01:28:19.98,18.91,-61.98,-992.23,105.0,-761.25,-262.50,1,94.376,
01/01/2000,01:28:19.99,18.91,-61.85,-992.35,96.25,-595.0,-306.25,1,94.382,
01/01/2000,01:28:20.00,19.03,-61.98,-992.35,210.0,-638.75,-350.0,1,94.388,
01/01/2000,01:28:20.01,19.15,-61.85,-992.23,253.75,-752.50,-315.0,1,94.393,
01/01/2000,01:28:20.02,19.03,-61.73,-992.10,166.25,-752.50,-306.25,1,94.399,
01/01/2000,01:28:20.03,18.91,-61.73,-992.10,271.25,-700.0,-297.50,1,94.405,
01/01/2000,01:28:20.04,18.79,-61.98,-992.23,253.75,-638.75,-358.75,1,94.411,
01/01/2000,01:28:20.05,18.79,-61.85,-992.35,245.0,-647.50,-420.0,1,94.416,
01/01/2000,01:28:20.06,18.91,-61.73,-992.35,166.25,-708.75,-315.0,1,94.422,
01/01/2000,01:28:20.07,19.03,-61.49,-992.10,70.0,-700.0,-236.25,1,94.332,
01/01/2000,01:28:20.08,19.03,-61.73,-992.10,157.50,-682.50,-393.75,1,94.338,
01/01/2000,01:28:20.09,18.91,-61.98,-992.23,280.0,-726.25,-376.25,1,94.343,
01/01/2000,01:28:20.10,19.03,-62.10,-992.35,96.25,-647.50,-472.50,1,94.349,
01/01/2000,01:28:20.11,19.28,-61.98,-992.47,201.25,-665.0,-315.0,1,94.355,
01/01/2000,01:28:20.12,19.28,-61.73,-992.35,113.75,-603.75,-332.50,1,94.361,
01/01/2000,01:28:20.13,19.15,-61.85,-992.23,105.0,-682.50,-280.0,1,94.366,
01/01/2000,01:28:20.15,19.03,-61.73,-992.10,52.50,-647.50,-183.75,1,94.372,
01/01/2000,01:28:20.16,19.03,-61.98,-992.23,175.0,-673.75,-385.0,1,94.378,
01/01/2000,01:28:20.17,19.15,-61.98,-992.23,96.25,-577.50,-297.50,1,94.383,
01/01/2000,01:28:20.18,19.03,-61.98,-992.10,87.50,-761.25,-437.50,1,94.389,
01/01/2000,01:28:20.19,19.03,-61.98,-992.23,227.50,-673.75,-297.50,1,94.394,
01/01/2000,01:28:20.20,19.03,-61.85,-992.10,148.75,-682.50,-367.50,1,94.400,
01/01/2000,01:28:20.21,19.28,-62.10,-992.23,245.0,-682.50,-402.50,1,94.406,
01/01/2000,01:28:20.22,19.28,-61.98,-992.10,175.0,-612.50,-402.50,1,94.411,
01/01/2000,01:28:20.23,19.28,-62.10,-992.23,131.25,-682.50,-262.50,1,94.417,
01/01/2000,01:28:20.24,19.28,-61.98,-992.23,201.25,-595.0,-376.25,1,94.422,
01/01/2000,01:28:20.25,19.28,-61.73,-992.10,105.0,-726.25,-271.25,1,94.428,
01/01/2000,01:28:20.26,19.28,-61.73,-992.10,315.0,-752.50,-385.0,1,94.433,
01/01/2000,01:28:20.27,19.40,-61.85,-992.10,262.50,-726.25,-367.50,1,94.439,
01/01/2000,01:28:20.28,19.28,-61.98,-992.23,140.0,-665.0,-280.0,1,94.351,
01/01/2000,01:28:20.29,19.15,-61.98,-992.35,262.50,-691.25,-350.0,1,94.356,
01/01/2000,01:28:20.31,19.15,-61.98,-992.23,157.50,-586.25,-280.0,1,94.362,
01/01/2000,01:28:20.31,19.03,-61.85,-992.10,183.75,-682.50,-376.25,1,94.368,
01/01/2000,01:28:20.33,19.15,-61.85,-992.10,52.50,-708.75,-192.50,1,94.373,
01/01/2000,01:28:20.34,19.03,-61.98,-992.35,323.75,-647.50,-402.50,1,94.379,
01/01/2000,01:28:20.35,19.03,-61.98,-992.35,113.75,-700.0,-376.25,1,94.384,
01/01/2000,01:28:20.36,19.15,-61.98,-992.23,218.75,-717.50,-280.0,1,94.390,
01/01/2000,01:28:20.37,19.15,-61.98,-992.23,183.75,-586.25,-315.0,1,94.395,
01/01/2000,01:28:20.38,19.28,-61.98,-992.10,96.25,-743.75,-332.50,1,94.401,
01/01/2000,01:28:20.39,19.40,-61.85,-992.10,17.50,-708.75,-297.50,1,94.406,
01/01/2000,01:28:20.40,19.28,-61.98,-992.10,148.75,-656.25,-315.0,1,94.412,
01/01/2000,01:28:20.41,19.40,-61.98,-992.10,210.0,-752.50,-350.0,1,94.417,
01/01/2000,01:28:20.43,19.15,-61.73,-992.10,35.0,-761.25,-227.50,1,94.330,
01/01/2000,01:28:20.44,19.15,-61.73,-992.10,183.75,-700.0,-455.0,1,94.336,
01/01/2000,01:28:20.45,19.03,-61.85,-992.23,227.50,-612.50,-306.25,1,94.341,
01/01/2000,01:28:20.46,19.15,-61.85,-992.23,157.50,-717.50,-393.75,1,94.347,
01/01/2000,01:28:20.47,19.03,-61.98,-992.23,61.25,-770.0,-358.75,1,94.352,
01/01/2000,01:28:20.48,19.03,-62.22,-992.23,236.25,-761.25,-315.0,1,94.358,
01/01/2000,01:28:20.49,19.15,-61.98,-992.23,166.25,-743.75,-323.75,1,94.363,
01/01/2000,01:28:20.50,19.03,-62.10,-992.23,87.50,-700.0,-385.0,1,94.369,
01/01/2000,01:28:20.51,19.28,-61.98,-992.35,-26.25,-726.25,-218.75,1,94.374,
01/01/2000,01:28:20.52,19.03,-61.98,-992.35,245.0,-691.25,-385.0,1,94.380,
01/01/2000,01:28:20.53,18.91,-61.98,-992.35,227.50,-717.50,-236.25,1,94.385,
01/01/2000,01:28:20.54,19.03,-62.10,-992.35,157.50,-726.25,-306.25,1,94.391,
01/01/2000,01:28:20.55,19.28,-61.98,-992.23,175.0,-726.25,-323.75,1,94.396,
01/01/2000,01:28:20.56,19.15,-61.85,-992.35,175.0,-761.25,-350.0,1,94.402,
01/01/2000,01:28:20.57,19.03,-61.85,-992.35,140.0,-708.75,-315.0,1,94.407,
01/01/2000,01:28:20.58,19.03,-61.98,-992.47,166.25,-726.25,-358.75,1,94.412,
01/01/2000,01:28:20.59,19.03,-61.73,-992.35,52.50,-735.0,-385.0,1,94.418,
01/01/2000,01:28:20.60,19.03,-61.73,-992.35,210.0,-743.75,-210.0,1,94.423,
01/01/2000,01:28:20.61,19.03,-61.85,-992.35,210.0,-656.25,-411.25,1,94.428,
01/01/2000,01:28:20.62,18.91,-61.73,-992.10,227.50,-770.0,-332.50,1,94.434,
01/01/2000,01:28:20.64,18.91,-61.73,-992.35,52.50,-665.0,-358.75,1,94.349,
01/01/2000,01:28:20.65,18.91,-61.73,-992.35,131.25,-612.50,-288.75,1,94.354,
01/01/2000,01:28:20.66,19.03,-61.73,-992.47,236.25,-708.75,-306.25,1,94.359,
01/01/2000,01:28:20.67,18.91,-61.73,-992.35,192.50,-761.25,-341.25,1,94.365,
01/01/2000,01:28:20.68,18.79,-61.73,-992.10,245.0,-691.25,-350.0,1,94.370,
01/01/2000,01:28:20.69,18.79,-61.73,-992.23,236.25,-840.0,-297.50,1,94.376,
01/01/2000,01:28:20.70,19.15,-61.98,-992.35,166.25,-778.75,-288.75,1,94.381,
01/01/2000,01:28:20.71,19.15,-61.73,-992.35,166.25,-726.25,-297.50,1,94.386,
01/01/2000,01:28:20.72,19.15,-61.98,-992.10,157.50,-656.25,-402.50,1,94.392,
01/01/2000,01:28:20.73,19.03,-61.98,-992.10,148.75,-735.0,-350.0,1,94.397,
01/01/2000,01:28:20.74,19.03,-62.22,-992.10,210.0,-665.0,-315.0,1,94.402,
01/01/2000,01:28:20.75,19.15,-62.34,-992.10,157.50,-665.0,-463.75,1,94.408,
01/01/2000,01:28:20.76,19.15,-61.98,-992.10,131.25,-665.0,-306.25,1,94.413,
01/01/2000,01:28:20.77,19.03,-61.85,-992.10,306.25,-700.0,-280.0,1,94.418,
01/01/2000,01:28:20.78,19.15,-61.73,-992.10,236.25,-603.75,-393.75,1,94.334,
01/01/2000,01:28:20.79,19.28,-61.73,-992.10,183.75,-656.25,-332.50,1,94.340,
01/01/2000,01:28:20.80,19.28,-61.98,-992.10,122.50,-647.50,-280.0,1,94.345,
01/01/2000,01:28:20.81,19.15,-61.98,-992.35,105.0,-726.25,-306.25,1,94.350,
01/01/2000,01:28:20.82,19.03,-61.85,-992.35,148.75,-630.0,-297.50,1,94.356,
01/01/2000,01:28:20.83,19.03,-61.85,-992.35,236.25,-708.75,-350.0,1,94.361,
01/01/2000,01:28:20.85,18.91,-61.73,-992.35,148.75,-691.25,-280.0,1,94.366,
01/01/2000,01:28:20.86,18.91,-61.73,-992.10,87.50,-726.25,-376.25,1,94.371,
01/01/2000,01:28:20.87,19.03,-61.85,-992.10,131.25,-700.0,-350.0,1,94.377,
01/01/2000,01:28:20.88,19.03,-62.10,-992.10,105.0,-595.0,-358.75,1,94.382,
01/01/2000,01:28:20.89,19.03,-61.98,-992.10,105.0,-595.0,-411.25,1,94.387,
01/01/2000,01:28:20.90,19.03,-61.98,-992.10,166.25,-603.75,-306.25,1,94.393,
01/01/2000,01:28:20.91,19.03,-61.85,-992.10,61.25,-638.75,-288.75,1,94.398,
01/01/2000,01:28:20.92,19.15,-61.85,-992.23,157.50,-761.25,-367.50,1,94.403,
01/01/2000,01:28:20.94,19.15,-61.85,-992.10,131.25,-595.0,-341.25,1,94.320,
01/01/2000,01:28:20.95,19.03,-61.98,-992.23,315.0,-717.50,-288.75,1,94.326,
01/01/2000,01:28:20.96,19.03,-61.98,-992.10,236.25,-735.0,-306.25,1,94.331,
01/01/2000,01:28:20.97,19.03,-61.98,-991.98,96.25,-647.50,-402.50,1,94.336,
01/01/2000,01:28:20.98,19.03,-61.85,-992.23,61.25,-691.25,-288.75,1,94.341,
01/01/2000,01:28:20.99,19.03,-61.98,-992.23,183.75,-752.50,-367.50,1,94.347,
01/01/2000,01:28:21.00,18.91,-61.85,-992.10,166.25,-656.25,-315.0,1,94.352,
01/01/2000,01:28:21.01,19.03,-61.98,-992.10,105.0,-647.50,-367.50,1,94.357,
01/01/2000,01:28:21.02,19.03,-61.98,-992.10,253.75,-630.0,-385.0,1,94.362,
01/01/2000,01:28:21.03,19.03,-61.98,-992.23,175.0,-787.50,-262.50,1,94.368,
01/01/2000,01:28:21.04,19.03,-61.98,-992.35,227.50,-752.50,-297.50,1,94.373,
01/01/2000,01:28:21.05,19.03,-62.10,-992.10,192.50,-743.75,-402.50,1,94.378,
01/01/2000,01:28:21.06,19.03,-61.98,-992.23,175.0,-630.0,-350.0,1,94.383,
01/01/2000,01:28:21.07,19.03,-61.98,-992.10,271.25,-577.50,-350.0,1,94.388,
01/01/2000,01:28:21.08,19.15,-61.73,-992.10,157.50,-708.75,-411.25,1,94.393,
01/01/2000,01:28:21.09,19.28,-61.73,-992.35,78.75,-796.25,-218.75,1,94.399,
01/01/2000,01:28:21.10,19.28,-61.73,-992.23,201.25,-691.25,-280.0,1,94.404,
01/01/2000,01:28:21.11,19.15,-62.10,-992.10,218.75,-735.0,-332.50,1,94.409,
01/01/2000,01:28:21.12,19.28,-61.85,-992.10,157.50,-673.75,-332.50,1,94.414,
01/01/2000,01:28:21.13,19.28,-61.73,-992.23,148.75,-682.50,-323.75,1,94.333,
01/01/2000,01:28:21.14,19.28,-61.98,-992.10,245.0,-787.50,-332.50,1,94.338,
01/01/2000,01:28:21.15,19.28,-61.85,-992.10,148.75,-743.75,-315.0,1,94.343,
01/01/2000,01:28:21.16,19.03,-62.34,-992.10,131.25,-691.25,-385.0,1,94.348,
01/01/2000,01:28:21.17,18.91,-62.22,-992.10,227.50,-708.75,-288.75,1,94.353,
01/01/2000,01:28:21.18,19.03,-61.98,-992.23,26.25,-673.75,-306.25,1,94.359,
01/01/2000,01:28:21.20,19.28,-61.98,-992.23,227.50,-752.50,-393.75,1,94.364,
01/01/2000,01:28:21.21,19.15,-61.98,-992.23,43.75,-577.50,-271.25,1,94.369,
01/01/2000,01:28:21.22,19.03,-62.10,-992.35,131.25,-682.50,-358.75,1,94.374,
01/01/2000,01:28:21.23,19.03,-62.10,-992.35,201.25,-717.50,-315.0,1,94.379,
01/01/2000,01:28:21.24,19.28,-61.98,-992.35,140.0,-603.75,-341.25,1,94.384,
01/01/2000,01:28:21.25,19.28,-61.98,-992.35,210.0,-621.25,-315.0,1,94.389,
01/01/2000,01:28:21.26,19.15,-61.98,-992.35,105.0,-682.50,-297.50,1,94.394,
01/01/2000,01:28:21.27,19.15,-62.22,-992.10,280.0,-735.0,-323.75,1,94.399,
01/01/2000,01:28:21.28,19.28,-62.22,-992.23,245.0,-647.50,-306.25,1,94.404,
01/01/2000,01:28:21.29,19.28,-62.10,-992.23,218.75,-700.0,-358.75,1,94.409,
01/01/2000,01:28:21.30,19.15,-62.10,-991.98,157.50,-735.0,-367.50,1,94.414,
01/01/2000,01:28:21.31,19.03,-61.85,-991.98,253.75,-665.0,-358.75,1,94.419,
01/01/2000,01:28:21.32,19.03,-61.73,-991.86,183.75,-752.50,-306.25,1,94.424,
01/01/2000,01:28:21.33,19.40,-61.73,-991.98,218.75,-708.75,-376.25,1,94.429,
01/01/2000,01:28:21.35,19.28,-61.98,-992.10,218.75,-717.50,-227.50,1,94.350,
01/01/2000,01:28:21.35,19.03,-61.98,-991.98,131.25,-682.50,-402.50,1,94.355,
01/01/2000,01:28:21.37,18.91,-62.10,-991.86,35.0,-708.75,-315.0,1,94.360,
01/01/2000,01:28:21.37,19.03,-62.10,-991.98,148.75,-700.0,-341.25,1,94.365,
01/01/2000,01:28:21.39,19.03,-61.98,-992.23,227.50,-595.0,-297.50,1,94.370,
01/01/2000,01:28:21.40,19.03,-62.10,-992.47,122.50,-656.25,-288.75,1,94.375,
01/01/2000,01:28:21.41,18.91,-62.10,-992.47,105.0,-752.50,-420.0,1,94.380,
01/01/2000,01:28:21.42,19.03,-62.34,-992.23,175.0,-682.50,-245.0,1,94.385,
01/01/2000,01:28:21.43,19.03,-62.22,-992.23,43.75,-708.75,-323.75,1,94.390,
01/01/2000,01:28:21.44,19.15,-62.10,-992.10,183.75,-778.75,-376.25,1,94.311,
01/01/2000,01:28:21.45,19.15,-61.98,-992.23,122.50,-770.0,-341.25,1,94.316,
01/01/2000,01:28:21.46,19.03,-61.98,-992.35,306.25,-691.25,-393.75,1,94.321,
01/01/2000,01:28:21.47,19.03,-61.98,-992.23,52.50,-656.25,-428.75,1,94.326,
01/01/2000,01:28:21.49,19.03,-61.85,-992.23,175.0,-682.50,-341.25,1,94.331,
01/01/2000,01:28:21.50,19.15,-62.10,-992.23,437.50,-656.25,-358.75,1,94.336,
01/01/2000,01:28:21.51,19.15,-61.85,-992.35,8.75,-752.50,-262.50,1,94.341,
01/01/2000,01:28:21.52,19.28,-61.98,-992.35,105.0,-603.75,-402.50,1,94.346,
01/01/2000,01:28:21.53,19.15,-62.10,-992.35,201.25,-691.25,-315.0,1,94.351,
01/01/2000,01:28:21.54,19.03,-61.98,-992.23,105.0,-647.50,-376.25,1,94.356,
01/01/2000,01:28:21.55,19.03,-61.98,-992.35,61.25,-673.75,-148.75,1,94.361,
01/01/2000,01:28:21.56,19.15,-62.10,-992.35,166.25,-805.0,-341.25,1,94.366,
01/01/2000,01:28:21.57,19.03,-61.98,-992.35,61.25,-656.25,-306.25,1,94.371,
01/01/2000,01:28:21.58,19.03,-62.22,-992.23,201.25,-656.25,-385.0,1,94.376,
01/01/2000,01:28:21.59,19.03,-62.10,-992.23,0.0,-612.50,-253.75,1,94.381,
01/01/2000,01:28:21.60,19.03,-61.85,-992.10,87.50,-805.0,-376.25,1,94.386,
01/01/2000,01:28:21.61,19.15,-61.73,-992.10,192.50,-621.25,-297.50,1,94.391,
01/01/2000,01:28:21.62,19.03,-61.73,-992.23,157.50,-621.25,-271.25,1,94.396,
01/01/2000,01:28:21.63,19.03,-61.98,-992.35,253.75,-621.25,-367.50,1,94.401,
01/01/2000,01:28:21.64,18.91,-61.73,-992.47,140.0,-752.50,-367.50,1,94.323,
01/01/2000,01:28:21.65,19.03,-61.61,-992.35,183.75,-717.50,-306.25,1,94.328,
01/01/2000,01:28:21.66,19.28,-61.49,-992.35,218.75,-656.25,-367.50,1,94.333,
01/01/2000,01:28:21.67,19.15,-61.73,-992.23,245.0,-665.0,-245.0,1,94.338,
01/01/2000,01:28:21.68,18.91,-61.98,-992.10,253.75,-708.75,-306.25,1,94.343,
01/01/2000,01:28:21.70,18.79,-61.85,-992.10,122.50,-743.75,-402.50,1,94.348,
01/01/2000,01:28:21.71,19.03,-61.73,-992.23,236.25,-708.75,-315.0,1,94.353,
01/01/2000,01:28:21.72,19.15,-61.73,-992.10,105.0,-831.25,-280.0,1,94.358,
01/01/2000,01:28:21.73,18.91,-61.73,-992.10,236.25,-726.25,-306.25,1,94.363,
01/01/2000,01:28:21.74,18.91,-61.98,-992.10,148.75,-805.0,-306.25,1,94.367,
01/01/2000,01:28:21.75,18.79,-61.85,-992.35,131.25,-691.25,-245.0,1,94.372,
01/01/2000,01:28:21.76,18.91,-61.98,-992.47,148.75,-787.50,-411.25,1,94.377,
01/01/2000,01:28:21.77,19.28,-61.98,-992.23,113.75,-708.75,-332.50,1,94.382,
01/01/2000,01:28:21.78,19.15,-61.98,-992.10,175.0,-638.75,-358.75,1,94.387,
01/01/2000,01:28:21.79,19.15,-61.98,-992.10,166.25,-752.50,-253.75,1,94.392,
01/01/2000,01:28:21.80,19.15,-61.98,-992.10,166.25,-717.50,-332.50,1,94.397,
01/01/2000,01:28:21.81,19.28,-61.98,-992.47,70.0,-708.75,-402.50,1,94.401,
01/01/2000,01:28:21.82,19.28,-61.85,-992.35,201.25,-630.0,-306.25,1,94.406,
01/01/2000,01:28:21.83,19.03,-61.98,-992.23,210.0,-726.25,-297.50,1,94.330,
01/01/2000,01:28:21.84,19.03,-61.98,-992.10,113.75,-673.75,-332.50,1,94.335,
01/01/2000,01:28:21.85,19.03,-61.98,-992.23,113.75,-673.75,-262.50,1,94.340,
01/01/2000,01:28:21.86,19.03,-61.85,-992.35,148.75,-673.75,-393.75,1,94.344,
01/01/2000,01:28:21.87,19.03,-61.98,-992.35,148.75,-656.25,-315.0,1,94.349,
01/01/2000,01:28:21.88,18.91,-62.10,-992.23,280.0,-787.50,-341.25,1,94.354,
01/01/2000,01:28:21.89,18.91,-62.22,-992.23,78.75,-595.0,-358.75,1,94.359,
01/01/2000,01:28:21.91,19.03,-62.10,-992.35,43.75,-778.75,-227.50,1,94.364,
01/01/2000,01:28:21.92,19.03,-62.22,-992.59,122.50,-700.0,-341.25,1,94.369,
01/01/2000,01:28:21.93,19.15,-62.22,-992.59,297.50,-770.0,-332.50,1,94.373,
01/01/2000,01:28:21.94,19.03,-62.10,-992.47,148.75,-752.50,-341.25,1,94.378,
01/01/2000,01:28:21.95,18.91,-62.22,-992.47,96.25,-735.0,-376.25,1,94.303,
01/01/2000,01:28:21.96,19.03,-62.22,-992.47,52.50,-673.75,-218.75,1,94.308,
01/01/2000,01:28:21.98,19.03,-62.34,-992.59,227.50,-673.75,-490.0,1,94.312,
01/01/2000,01:28:21.98,18.79,-62.22,-992.47,105.0,-752.50,-341.25,1,94.317,
01/01/2000,01:28:22.00,18.79,-62.22,-992.35,131.25,-665.0,-306.25,1,94.322,
01/01/2000,01:28:22.01,18.91,-61.98,-992.47,288.75,-673.75,-393.75,1,94.327,
01/01/2000,01:28:22.02,19.03,-61.98,-992.47,253.75,-735.0,-280.0,1,94.332,
01/01/2000,01:28:22.03,19.03,-62.10,-992.47,271.25,-682.50,-323.75,1,94.336,
01/01/2000,01:28:22.04,19.03,-62.22,-992.35,227.50,-717.50,-402.50,1,94.341,
01/01/2000,01:28:22.05,18.91,-62.22,-992.35,175.0,-647.50,-393.75,1,94.346,
01/01/2000,01:28:22.06,19.03,-61.98,-992.47,131.25,-726.25,-350.0,1,94.351,
01/01/2000,01:28:22.07,18.91,-61.85,-992.59,131.25,-682.50,-385.0,1,94.356,
01/01/2000,01:28:22.08,19.03,-61.98,-992.59,280.0,-603.75,-315.0,1,94.360,
01/01/2000,01:28:22.09,19.03,-62.10,-992.47,210.0,-673.75,-350.0,1,94.365,
01/01/2000,01:28:22.10,19.03,-61.98,-992.35,131.25,-682.50,-358.75,1,94.370,
01/01/2000,01:28:22.11,19.03,-62.10,-992.35,87.50,-778.75,-297.50,1,94.374,
01/01/2000,01:28:22.12,18.91,-61.98,-992.35,131.25,-630.0,-280.0,1,94.379,
01/01/2000,01:28:22.13,19.03,-61.98,-992.59,175.0,-673.75,-280.0,1,94.384,
01/01/2000,01:28:22.14,19.03,-61.85,-992.59,87.50,-717.50,-385.0,1,94.389,
01/01/2000,01:28:22.15,18.91,-61.98,-992.59,210.0,-796.25,-297.50,1,94.393,
01/01/2000,01:28:22.16,18.91,-62.22,-992.59,131.25,-770.0,-437.50,1,94.398,
01/01/2000,01:28:22.17,19.03,-62.10,-992.59,210.0,-778.75,-393.75,1,94.403,
01/01/2000,01:28:22.19,19.03,-62.10,-992.59,175.0,-770.0,-385.0,1,94.329,
01/01/2000,01:28:22.20,19.03,-61.85,-992.71,131.25,-743.75,-367.50,1,94.333,
01/01/2000,01:28:22.21,18.91,-61.85,-992.71,210.0,-673.75,-332.50,1,94.338,
01/01/2000,01:28:22.22,18.91,-61.85,-992.71,201.25,-700.0,-280.0,1,94.343,
01/01/2000,01:28:22.23,19.15,-62.10,-992.71,253.75,-752.50,-323.75,1,94.347,
01/01/2000,01:28:22.24,19.15,-61.98,-992.59,192.50,-735.0,-280.0,1,94.352,
01/01/2000,01:28:22.25,19.03,-62.10,-992.35,271.25,-726.25,-385.0,1,94.357,
01/01/2000,01:28:22.26,19.03,-62.10,-992.35,236.25,-708.75,-490.0,1,94.362,
01/01/2000,01:28:22.27,19.03,-61.98,-992.35,201.25,-743.75,-306.25,1,94.366,
01/01/2000,01:28:22.28,19.28,-61.98,-992.35,105.0,-647.50,-367.50,1,94.371,
01/01/2000,01:28:22.29,19.28,-61.98,-992.47,201.25,-700.0,-315.0,1,94.376,
01/01/2000,01:28:22.30,19.03,-62.22,-992.35,78.75,-770.0,-358.75,1,94.380,
01/01/2000,01:28:22.31,19.28,-62.46,-992.35,140.0,-735.0,-376.25,1,94.385,
01/01/2000,01:28:22.32,19.28,-62.22,-992.35,183.75,-656.25,-367.50,1,94.389,
01/01/2000,01:28:22.33,19.52,-61.98,-992.59,192.50,-743.75,-402.50,1,94.316,
01/01/2000,01:28:22.34,19.28,-61.98,-992.47,140.0,-630.0,-262.50,1,94.321,
01/01/2000,01:28:22.35,19.28,-61.98,-992.59,218.75,-691.25,-455.0,1,94.326,
01/01/2000,01:28:22.36,19.28,-62.10,-992.47,253.75,-717.50,-437.50,1,94.330,
01/01/2000,01:28:22.37,19.15,-62.10,-992.59,175.0,-708.75,-271.25,1,94.335,
01/01/2000,01:28:22.38,19.28,-62.22,-992.59,-61.25,-726.25,-210.0,1,94.340,
01/01/2000,01:28:22.40,19.15,-61.98,-992.35,201.25,-770.0,-297.50,1,94.344,
01/01/2000,01:28:22.41,19.15,-62.22,-992.35,192.50,-621.25,-350.0,1,94.349,
01/01/2000,01:28:22.42,19.15,-62.10,-992.47,140.0,-752.50,-271.25,1,94.354,
01/01/2000,01:28:22.43,19.15,-62.22,-992.47,271.25,-752.50,-367.50,1,94.358,
01/01/2000,01:28:22.44,19.15,-62.22,-992.47,271.25,-735.0,-271.25,1,94.363,
01/01/2000,01:28:22.45,19.03,-62.22,-992.35,218.75,-805.0,-245.0,1,94.367,
01/01/2000,01:28:22.46,19.03,-62.46,-992.35,253.75,-708.75,-306.25,1,94.295,
01/01/2000,01:28:22.48,19.03,-62.46,-992.35,218.75,-770.0,-332.50,1,94.300,
01/01/2000,01:28:22.49,19.03,-62.46,-992.35,96.25,-700.0,-306.25,1,94.304,
01/01/2000,01:28:22.50,19.03,-62.34,-992.35,52.50,-656.25,-253.75,1,94.309,
01/01/2000,01:28:22.51,19.03,-62.59,-992.35,105.0,-673.75,-358.75,1,94.314,
01/01/2000,01:28:22.52,18.91,-62.46,-992.35,166.25,-717.50,-280.0,1,94.318,
01/01/2000,01:28:22.53,18.91,-62.46,-992.35,131.25,-708.75,-297.50,1,94.323,
01/01/2000,01:28:22.54,18.91,-62.34,-992.47,105.0,-770.0,-437.50,1,94.327,
01/01/2000,01:28:22.55,18.91,-62.10,-992.59,218.75,-656.25,-323.75,1,94.332,
01/01/2000,01:28:22.56,18.91,-62.22,-992.59,288.75,-717.50,-332.50,1,94.337,
01/01/2000,01:28:22.57,18.79,-62.10,-992.35,131.25,-700.0,-323.75,1,94.341,
01/01/2000,01:28:22.58,18.79,-62.22,-992.35,96.25,-761.25,-280.0,1,94.346,
01/01/2000,01:28:22.59,18.79,-62.34,-992.47,192.50,-638.75,-332.50,1,94.350,
01/01/2000,01:28:22.60,18.91,-62.10,-992.59,87.50,-770.0,-393.75,1,94.355,
01/01/2000,01:28:22.61,18.79,-62.10,-992.71,253.75,-726.25,-341.25,1,94.283,
01/01/2000,01:28:22.62,19.03,-62.10,-992.59,201.25,-691.25,-376.25,1,94.288,
01/01/2000,01:28:22.63,19.15,-61.98,-992.59,113.75,-735.0,-306.25,1,94.293,
01/01/2000,01:28:22.64,19.28,-62.34,-992.47,0.0,-717.50,-385.0,1,94.297,
01/01/2000,01:28:22.65,19.15,-62.46,-992.47,236.25,-735.0,-271.25,1,94.302,
01/01/2000,01:28:22.66,19.15,-62.46,-992.47,175.0,-735.0,-253.75,1,94.306,
01/01/2000,01:28:22.67,19.03,-62.46,-992.71,183.75,-647.50,-472.50,1,94.311,
01/01/2000,01:28:22.69,19.15,-62.22,-992.71,245.0,-656.25,-385.0,1,94.315,
01/01/2000,01:28:22.70,19.15,-62.10,-992.71,43.75,-682.50,-385.0,1,94.320,
01/01/2000,01:28:22.71,19.15,-62.22,-992.71,61.25,-612.50,-262.50,1,94.325,
01/01/2000,01:28:22.72,19.15,-62.22,-992.96,17.50,-778.75,-385.0,1,94.329,
01/01/2000,01:28:22.73,19.15,-62.22,-992.96,297.50,-708.75,-341.25,1,94.334,
01/01/2000,01:28:22.74,19.03,-62.10,-992.84,271.25,-647.50,-437.50,1,94.338,
01/01/2000,01:28:22.75,19.15,-61.98,-992.71,140.0,-857.50,-271.25,1,94.343,
01/01/2000,01:28:22.76,19.15,-61.85,-992.71,35.0,-726.25,-315.0,1,94.347,
01/01/2000,01:28:22.77,19.15,-62.10,-992.71,140.0,-577.50,-306.25,1,94.352,
01/01/2000,01:28:22.78,19.03,-62.22,-992.84,122.50,-735.0,-280.0,1,94.356,
01/01/2000,01:28:22.79,19.03,-62.22,-992.84,61.25,-700.0,-393.75,1,94.361,
01/01/2000,01:28:22.80,19.03,-62.10,-992.84,166.25,-708.75,-358.75,1,94.365,
01/01/2000,01:28:22.81,18.91,-61.98,-992.59,140.0,-665.0,-288.75,1,94.370,
01/01/2000,01:28:22.82,19.15,-61.98,-992.71,227.50,-805.0,-306.25,1,94.299,
01/01/2000,01:28:22.83,19.03,-62.22,-992.84,131.25,-717.50,-306.25,1,94.304,
01/01/2000,01:28:22.84,19.28,-62.22,-992.84,87.50,-752.50,-288.75,1,94.308,
01/01/2000,01:28:22.85,19.28,-62.10,-992.96,201.25,-778.75,-323.75,1,94.313,
01/01/2000,01:28:22.87,19.15,-61.98,-992.84,78.75,-752.50,-332.50,1,94.317,
01/01/2000,01:28:22.87,19.03,-61.98,-992.84,315.0,-568.75,-262.50,1,94.322,
01/01/2000,01:28:22.89,19.15,-61.98,-992.84,192.50,-673.75,-323.75,1,94.326,
01/01/2000,01:28:22.90,19.15,-61.98,-992.84,113.75,-647.50,-437.50,1,94.331,
01/01/2000,01:28:22.91,19.28,-61.98,-992.71,113.75,-735.0,-332.50,1,94.335,
01/01/2000,01:28:22.92,19.15,-61.98,-992.59,227.50,-691.25,-358.75,1,94.340,
01/01/2000,01:28:22.93,19.03,-61.85,-992.71,87.50,-717.50,-306.25,1,94.344,
01/01/2000,01:28:22.94,19.03,-61.85,-992.84,70.0,-787.50,-376.25,1,94.349,
01/01/2000,01:28:22.95,19.03,-61.98,-993.08,192.50,-682.50,-280.0,1,94.353,
01/01/2000,01:28:22.96,19.03,-61.98,-993.08,148.75,-691.25,-437.50,1,94.357,
01/01/2000,01:28:22.98,19.03,-62.22,-992.84,253.75,-665.0,-358.75,1,94.288,
01/01/2000,01:28:22.99,19.15,-62.10,-992.96,105.0,-673.75,-385.0,1,94.292,
01/01/2000,01:28:23.00,19.28,-61.98,-993.08,210.0,-630.0,-253.75,1,94.297,
01/01/2000,01:28:23.01,19.28,-62.10,-993.08,262.50,-621.25,-332.50,1,94.301,
01/01/2000,01:28:23.02,19.03,-61.98,-992.96,78.75,-691.25,-376.25,1,94.306,
01/01/2000,01:28:23.03,19.03,-62.10,-992.84,262.50,-700.0,-315.0,1,94.310,
01/01/2000,01:28:23.04,19.03,-62.22,-992.84,218.75,-796.25,-437.50,1,94.315,
01/01/2000,01:28:23.05,19.03,-62.10,-992.84,288.75,-700.0,-306.25,1,94.319,
01/01/2000,01:28:23.06,19.03,-62.22,-992.71,166.25,-726.25,-411.25,1,94.323,
01/01/2000,01:28:23.07,19.03,-62.22,-992.71,175.0,-726.25,-420.0,1,94.328,
01/01/2000,01:28:23.08,19.03,-62.22,-992.71,245.0,-743.75,-481.25,1,94.332,
01/01/2000,01:28:23.09,19.15,-61.98,-992.71,17.50,-647.50,-323.75,1,94.337,
01/01/2000,01:28:23.10,19.15,-62.10,-992.59,131.25,-726.25,-385.0,1,94.341,
01/01/2000,01:28:23.11,19.15,-61.98,-992.47,35.0,-717.50,-332.50,1,94.345,
01/01/2000,01:28:23.12,19.15,-62.10,-992.59,218.75,-726.25,-420.0,1,94.350,
01/01/2000,01:28:23.13,19.28,-62.10,-992.59,157.50,-586.25,-253.75,1,94.281,
01/01/2000,01:28:23.14,19.28,-61.98,-992.59,157.50,-673.75,-245.0,1,94.286,
01/01/2000,01:28:23.15,19.28,-61.98,-992.71,78.75,-700.0,-131.25,1,94.290,
01/01/2000,01:28:23.16,19.15,-61.98,-992.71,175.0,-726.25,-455.0,1,94.295,
01/01/2000,01:28:23.17,19.28,-62.22,-992.47,245.0,-700.0,-358.75,1,94.299,
01/01/2000,01:28:23.19,19.28,-62.22,-992.47,201.25,-481.25,-280.0,1,94.303,
01/01/2000,01:28:23.20,19.03,-62.34,-992.35,297.50,-673.75,-350.0,1,94.308,
01/01/2000,01:28:23.21,19.03,-62.22,-992.23,105.0,-708.75,-385.0,1,94.312,
01/01/2000,01:28:23.22,19.03,-62.10,-992.35,166.25,-700.0,-262.50,1,94.316,
01/01/2000,01:28:23.23,19.03,-62.10,-992.35,-113.75,-665.0,-393.75,1,94.321,
01/01/2000,01:28:23.24,19.03,-62.22,-992.47,157.50,-743.75,-201.25,1,94.325,
01/01/2000,01:28:23.25,19.15,-62.22,-992.59,105.0,-787.50,-367.50,1,94.329,
01/01/2000,01:28:23.26,19.28,-62.22,-992.35,192.50,-752.50,-332.50,1,94.334,
01/01/2000,01:28:23.27,19.15,-62.22,-992.35,122.50,-647.50,-280.0,1,94.338,
01/01/2000,01:28:23.28,19.03,-62.22,-992.59,192.50,-726.25,-428.75,1,94.343,
01/01/2000,01:28:23.29,19.03,-62.34,-992.47,96.25,-568.75,-323.75,1,94.347,
01/01/2000,01:28:23.30,18.91,-62.34,-992.35,183.75,-603.75,-385.0,1,94.351,
01/01/2000,01:28:23.31,18.91,-62.22,-992.35,192.50,-787.50,-341.25,1,94.355,
01/01/2000,01:28:23.32,19.03,-62.22,-992.59,253.75,-735.0,-437.50,1,94.288,
01/01/2000,01:28:23.33,19.15,-62.22,-992.71,17.50,-682.50,-350.0,1,94.292,
01/01/2000,01:28:23.34,19.03,-62.22,-992.84,245.0,-621.25,-402.50,1,94.297,
01/01/2000,01:28:23.35,18.91,-62.34,-992.71,245.0,-612.50,-376.25,1,94.301,
01/01/2000,01:28:23.36,18.91,-62.10,-992.71,52.50,-568.75,-385.0,1,94.305,
01/01/2000,01:28:23.37,19.03,-62.10,-992.59,183.75,-630.0,-376.25,1,94.310,
01/01/2000,01:28:23.38,18.91,-62.10,-992.59,122.50,-630.0,-358.75,1,94.314,
01/01/2000,01:28:23.40,18.79,-61.98,-992.35,280.0,-691.25,-437.50,1,94.318,
01/01/2000,01:28:23.41,18.91,-61.98,-992.35,227.50,-735.0,-498.75,1,94.322,
01/01/2000,01:28:23.42,19.03,-61.98,-992.35,122.50,-603.75,-332.50,1,94.327,
01/01/2000,01:28:23.43,19.03,-61.85,-992.35,78.75,-726.25,-358.75,1,94.331,
01/01/2000,01:28:23.44,19.03,-61.85,-992.35,17.50,-673.75,-358.75,1,94.335,
01/01/2000,01:28:23.45,19.03,-61.73,-992.59,87.50,-673.75,-358.75,1,94.340,
01/01/2000,01:28:23.46,18.91,-61.98,-992.59,306.25,-673.75,-402.50,1,94.273,
01/01/2000,01:28:23.47,18.91,-61.85,-992.59,8.75,-708.75,-297.50,1,94.277,
01/01/2000,01:28:23.49,18.91,-62.10,-992.59,323.75,-752.50,-420.0,1,94.281,
01/01/2000,01:28:23.50,18.91,-61.98,-992.59,8.75,-796.25,-341.25,1,94.286,
01/01/2000,01:28:23.51,18.79,-61.98,-992.35,210.0,-577.50,-332.50,1,94.290,
01/01/2000,01:28:23.52,18.67,-61.98,-992.47,192.50,-647.50,-288.75,1,94.294,
01/01/2000,01:28:23.53,18.79,-61.85,-992.59,113.75,-656.25,-437.50,1,94.299,
01/01/2000,01:28:23.54,18.91,-61.85,-992.71,131.25,-700.0,-262.50,1,94.303,
01/01/2000,01:28:23.55,18.79,-61.98,-992.84,105.0,-691.25,-271.25,1,94.307,
01/01/2000,01:28:23.56,18.91,-61.85,-992.59,26.25,-682.50,-306.25,1,94.311,
01/01/2000,01:28:23.57,18.91,-61.98,-992.59,157.50,-813.75,-341.25,1,94.316,
01/01/2000,01:28:23.58,18.91,-61.85,-992.84,8.75,-761.25,-245.0,1,94.320,
01/01/2000,01:28:23.59,19.03,-62.10,-992.71,157.50,-656.25,-376.25,1,94.324,
01/01/2000,01:28:23.60,18.91,-62.22,-992.59,61.25,-700.0,-236.25,1,94.328,
01/01/2000,01:28:23.61,18.91,-62.22,-992.47,227.50,-647.50,-393.75,1,94.333,
01/01/2000,01:28:23.62,18.91,-62.10,-992.47,210.0,-805.0,-227.50,1,94.337,
01/01/2000,01:28:23.63,19.03,-62.10,-992.59,253.75,-708.75,-297.50,1,94.341,
01/01/2000,01:28:23.64,19.03,-62.10,-992.71,140.0,-813.75,-367.50,1,94.345,
01/01/2000,01:28:23.65,19.03,-61.98,-992.71,183.75,-647.50,-332.50,1,94.349,
01/01/2000,01:28:23.66,19.15,-61.98,-992.59,210.0,-647.50,-472.50,1,94.354,
01/01/2000,01:28:23.67,18.91,-61.98,-992.59,8.75,-743.75,-262.50,1,94.288,
01/01/2000,01:28:23.68,19.15,-61.98,-992.59,52.50,-761.25,-402.50,1,94.292,
01/01/2000,01:28:23.69,19.15,-62.10,-992.59,210.0,-726.25,-350.0,1,94.296,
01/01/2000,01:28:23.70,19.03,-62.22,-992.59,236.25,-621.25,-306.25,1,94.301,
01/01/2000,01:28:23.71,19.03,-61.85,-992.35,122.50,-770.0,-332.50,1,94.305,
01/01/2000,01:28:23.72,19.03,-61.98,-992.10,183.75,-551.25,-402.50,1,94.309,
01/01/2000,01:28:23.73,19.15,-61.73,-992.10,218.75,-796.25,-376.25,1,94.313,
01/01/2000,01:28:23.75,19.28,-61.85,-992.23,148.75,-743.75,-332.50,1,94.317,
01/01/2000,01:28:23.76,19.28,-61.85,-992.23,166.25,-656.25,-455.0,1,94.322,
01/01/2000,01:28:23.77,19.03,-61.85,-992.23,131.25,-708.75,-315.0,1,94.326,
01/01/2000,01:28:23.78,19.03,-61.85,-992.23,157.50,-682.50,-332.50,1,94.330,
01/01/2000,01:28:23.79,19.15,-61.73,-992.23,245.0,-735.0,-341.25,1,94.334,
01/01/2000,01:28:23.80,19.28,-61.73,-992.35,201.25,-682.50,-323.75,1,94.338,
01/01/2000,01:28:23.81,19.28,-61.61,-992.35,183.75,-665.0,-297.50,1,94.273,
01/01/2000,01:28:23.82,19.15,-61.73,-992.23,218.75,-761.25,-297.50,1,94.277,
01/01/2000,01:28:23.83,19.15,-61.73,-992.23,131.25,-726.25,-428.75,1,94.282,
01/01/2000,01:28:23.84,19.28,-61.73,-992.10,192.50,-665.0,-253.75,1,94.286,
01/01/2000,01:28:23.85,19.28,-61.73,-992.10,157.50,-577.50,-262.50,1,94.290,
01/01/2000,01:28:23.86,19.03,-61.85,-992.23,271.25,-761.25,-411.25,1,94.294,
01/01/2000,01:28:23.87,19.03,-61.73,-992.23,113.75,-735.0,-280.0,1,94.298,
01/01/2000,01:28:23.89,19.03,-61.85,-992.35,183.75,-708.75,-411.25,1,94.302,
01/01/2000,01:28:23.90,19.03,-61.73,-992.23,183.75,-726.25,-332.50,1,94.307,
01/01/2000,01:28:23.91,19.03,-61.98,-992.23,227.50,-761.25,-323.75,1,94.311,
01/01/2000,01:28:23.92,19.03,-61.85,-992.23,105.0,-717.50,-358.75,1,94.315,
01/01/2000,01:28:23.93,19.03,-61.98,-992.35,201.25,-595.0,-323.75,1,94.319,
01/01/2000,01:28:23.94,19.28,-61.73,-992.23,122.50,-673.75,-253.75,1,94.323,
01/01/2000,01:28:23.95,19.03,-61.61,-992.10,227.50,-752.50,-297.50,1,94.327,
01/01/2000,01:28:23.96,19.03,-61.61,-991.98,78.75,-700.0,-367.50,1,94.263,
01/01/2000,01:28:23.97,19.03,-61.85,-991.86,271.25,-682.50,-358.75,1,94.267,
01/01/2000,01:28:23.98,19.03,-61.73,-991.98,148.75,-735.0,-332.50,1,94.271,
01/01/2000,01:28:24.00,19.28,-61.98,-992.10,122.50,-638.75,-350.0,1,94.275,
01/01/2000,01:28:24.01,19.28,-61.85,-991.98,183.75,-656.25,-332.50,1,94.280,
01/01/2000,01:28:24.02,19.15,-61.73,-992.10,227.50,-656.25,-323.75,1,94.284,
01/01/2000,01:28:24.03,19.15,-61.61,-992.10,96.25,-726.25,-323.75,1,94.220,
01/01/2000,01:28:24.04,19.03,-61.73,-992.23,131.25,-787.50,-402.50,1,94.224,
01/01/2000,01:28:24.05,19.15,-61.73,-992.10,157.50,-726.25,-455.0,1,94.228,
01/01/2000,01:28:24.06,19.03,-61.61,-992.10,78.75,-638.75,-376.25,1,94.232,
01/01/2000,01:28:24.07,19.15,-61.61,-992.10,201.25,-700.0,-367.50,1,94.236,
01/01/2000,01:28:24.08,19.03,-61.61,-992.23,35.0,-656.25,-376.25,1,94.240,
01/01/2000,01:28:24.09,18.91,-61.73,-992.35,61.25,-691.25,-376.25,1,94.245,
01/01/2000,01:28:24.10,18.91,-61.73,-992.35,-8.75,-726.25,-402.50,1,94.249,
01/01/2000,01:28:24.11,19.03,-61.73,-992.23,341.25,-831.25,-297.50,1,94.253,
01/01/2000,01:28:24.12,19.03,-61.73,-992.23,201.25,-638.75,-306.25,1,94.257,
01/01/2000,01:28:24.13,19.03,-61.73,-992.23,297.50,-691.25,-393.75,1,94.261,
01/01/2000,01:28:24.14,18.79,-61.73,-992.35,87.50,-691.25,-297.50,1,94.265,
01/01/2000,01:28:24.15,18.79,-61.73,-992.47,70.0,-665.0,-411.25,1,94.269,
01/01/2000,01:28:24.17,18.79,-61.61,-992.35,96.25,-673.75,-332.50,1,94.273,
01/01/2000,01:28:24.18,18.79,-61.49,-992.10,-17.50,-595.0,-288.75,1,94.278,
01/01/2000,01:28:24.19,18.79,-61.73,-992.10,148.75,-638.75,-350.0,1,94.282,
01/01/2000,01:28:24.20,19.03,-61.73,-992.23,183.75,-647.50,-446.25,1,94.286,
01/01/2000,01:28:24.21,19.03,-61.73,-992.23,52.50,-735.0,-210.0,1,94.290,
01/01/2000,01:28:24.22,19.03,-61.73,-992.23,297.50,-708.75,-411.25,1,94.294,
01/01/2000,01:28:24.23,19.03,-61.61,-992.10,183.75,-691.25,-288.75,1,94.298,
01/01/2000,01:28:24.24,19.15,-61.61,-992.10,35.0,-586.25,-411.25,1,94.235,
01/01/2000,01:28:24.25,19.28,-61.73,-992.35,148.75,-691.25,-358.75,1,94.239,
01/01/2000,01:28:24.26,19.28,-61.73,-992.59,288.75,-717.50,-271.25,1,94.243,
01/01/2000,01:28:24.27,19.28,-61.85,-992.47,166.25,-796.25,-420.0,1,94.247,
01/01/2000,01:28:24.28,19.03,-61.73,-992.35,175.0,-761.25,-376.25,1,94.251,
01/01/2000,01:28:24.29,19.28,-61.73,-992.35,105.0,-778.75,-376.25,1,94.255,
01/01/2000,01:28:24.30,19.28,-61.49,-992.35,253.75,-735.0,-271.25,1,94.259,
01/01/2000,01:28:24.32,19.15,-61.61,-992.59,201.25,-735.0,-490.0,1,94.263,
01/01/2000,01:28:24.33,19.03,-61.73,-992.47,157.50,-708.75,-210.0,1,94.268,
01/01/2000,01:28:24.34,19.03,-61.73,-992.35,70.0,-647.50,-411.25,1,94.272,
01/01/2000,01:28:24.35,19.03,-61.73,-992.10,131.25,-682.50,-385.0,1,94.276,
01/01/2000,01:28:24.36,19.03,-61.73,-992.10,122.50,-630.0,-376.25,1,94.280,
01/01/2000,01:28:24.37,19.03,-61.73,-992.10,166.25,-673.75,-306.25,1,94.284,
01/01/2000,01:28:24.38,19.03,-61.73,-992.23,105.0,-735.0,-253.75,1,94.288,
01/01/2000,01:28:24.39,18.91,-61.73,-992.35,-17.50,-673.75,-411.25,1,94.292,
01/01/2000,01:28:24.40,18.91,-61.85,-992.35,192.50,-735.0,-306.25,1,94.296,
01/01/2000,01:28:24.41,18.91,-61.98,-992.10,271.25,-761.25,-367.50,1,94.300,
01/01/2000,01:28:24.42,19.03,-61.73,-992.10,96.25,-568.75,-280.0,1,94.304,
01/01/2000,01:28:24.43,19.03,-61.98,-992.10,131.25,-700.0,-297.50,1,94.308,
01/01/2000,01:28:24.44,19.03,-61.85,-992.10,113.75,-726.25,-367.50,1,94.312,
01/01/2000,01:28:24.45,19.03,-61.85,-992.10,105.0,-647.50,-446.25,1,94.250,
01/01/2000,01:28:24.46,19.15,-61.98,-992.23,166.25,-708.75,-253.75,1,94.254,
01/01/2000,01:28:24.48,19.15,-61.98,-992.35,227.50,-638.75,-271.25,1,94.258,
01/01/2000,01:28:24.48,19.28,-61.98,-992.35,113.75,-656.25,-201.25,1,94.262,
01/01/2000,01:28:24.50,19.28,-62.10,-992.35,157.50,-752.50,-455.0,1,94.266,
01/01/2000,01:28:24.51,19.28,-62.10,-992.35,87.50,-673.75,-420.0,1,94.270,
01/01/2000,01:28:24.52,19.28,-61.98,-992.35,166.25,-787.50,-402.50,1,94.274,
01/01/2000,01:28:24.53,19.40,-61.85,-992.35,-8.75,-708.75,-306.25,1,94.278,
01/01/2000,01:28:24.54,19.15,-61.98,-992.35,218.75,-752.50,-376.25,1,94.282,
01/01/2000,01:28:24.55,19.03,-61.98,-992.23,140.0,-612.50,-350.0,1,94.286,
01/01/2000,01:28:24.56,19.03,-61.73,-992.35,87.50,-595.0,-350.0,1,94.290,
01/01/2000,01:28:24.57,19.15,-61.98,-992.35,218.75,-708.75,-297.50,1,94.228,
01/01/2000,01:28:24.58,19.15,-61.73,-992.47,122.50,-700.0,-271.25,1,94.298,
01/01/2000,01:28:24.59,19.03,-61.85,-992.23,183.75,-682.50,-315.0,1,94.236,
01/01/2000,01:28:24.60,18.91,-61.73,-992.10,175.0,-717.50,-350.0,1,94.240,
01/01/2000,01:28:24.61,19.03,-61.73,-992.10,105.0,-813.75,-297.50,1,94.244,
01/01/2000,01:28:24.62,19.03,-61.61,-992.23,78.75,-700.0,-411.25,1,94.248,
01/01/2000,01:28:24.63,18.91,-61.49,-992.35,113.75,-638.75,-280.0,1,94.252,
01/01/2000,01:28:24.64,19.03,-61.61,-992.10,341.25,-700.0,-420.0,1,94.256,
01/01/2000,01:28:24.65,19.28,-61.73,-991.86,210.0,-708.75,-288.75,1,94.260,
01/01/2000,01:28:24.67,19.52,-61.85,-991.74,140.0,-717.50,-271.25,1,94.264,
01/01/2000,01:28:24.67,19.15,-61.98,-991.98,140.0,-778.75,-481.25,1,94.268,
01/01/2000,01:28:24.69,18.91,-61.85,-992.10,210.0,-612.50,-393.75,1,94.272,
01/01/2000,01:28:24.70,19.03,-61.73,-992.23,157.50,-682.50,-385.0,1,94.276,
01/01/2000,01:28:24.71,19.28,-61.49,-991.98,218.75,-673.75,-262.50,1,94.280,
01/01/2000,01:28:24.72,18.91,-61.49,-991.74,105.0,-691.25,-341.25,1,94.284,
01/01/2000,01:28:24.73,19.03,-61.98,-991.74,96.25,-595.0,-297.50,1,94.288,
01/01/2000,01:28:24.74,19.03,-61.85,-991.98,183.75,-822.50,-420.0,1,94.292,
01/01/2000,01:28:24.75,19.03,-61.73,-992.10,192.50,-665.0,-420.0,1,94.296,
01/01/2000,01:28:24.76,18.91,-61.49,-991.98,183.75,-787.50,-280.0,1,94.299,
01/01/2000,01:28:24.77,18.91,-61.24,-991.86,157.50,-691.25,-367.50,1,94.303,
01/01/2000,01:28:24.78,18.91,-61.49,-991.74,148.75,-560.0,-192.50,1,94.307,
01/01/2000,01:28:24.79,19.03,-61.85,-991.86,131.25,-647.50,-350.0,1,94.311,
01/01/2000,01:28:24.80,19.03,-61.98,-992.10,131.25,-717.50,-498.75,1,94.315,
01/01/2000,01:28:24.81,19.03,-61.98,-991.98,140.0,-735.0,-323.75,1,94.319,
01/01/2000,01:28:24.82,18.79,-61.61,-991.86,35.0,-787.50,-253.75,1,94.323,
01/01/2000,01:28:24.83,18.67,-61.49,-991.86,-35.0,-673.75,-236.25,1,94.327,
01/01/2000,01:28:24.84,18.79,-61.49,-992.10,227.50,-603.75,-280.0,1,94.331,
01/01/2000,01:28:24.85,18.79,-61.85,-992.10,175.0,-682.50,-341.25,1,94.334,
01/01/2000,01:28:24.86,18.79,-61.85,-992.10,183.75,-700.0,-385.0,1,94.338,
01/01/2000,01:28:24.87,18.79,-61.98,-991.74,218.75,-665.0,-315.0,1,94.278,
01/01/2000,01:28:24.88,18.79,-61.61,-991.74,113.75,-752.50,-437.50,1,94.282,
01/01/2000,01:28:24.90,18.79,-61.61,-991.98,166.25,-770.0,-306.25,1,94.286,
01/01/2000,01:28:24.90,18.79,-61.49,-992.23,245.0,-603.75,-271.25,1,94.290,
01/01/2000,01:28:24.92,18.67,-61.61,-992.10,166.25,-682.50,-376.25,1,94.293,
01/01/2000,01:28:24.93,18.79,-61.49,-992.10,175.0,-717.50,-341.25,1,94.297,
01/01/2000,01:28:24.94,18.79,-61.73,-991.86,288.75,-708.75,-385.0,1,94.301,
01/01/2000,01:28:24.95,18.91,-61.73,-991.86,236.25,-848.75,-306.25,1,94.305,
01/01/2000,01:28:24.96,18.91,-61.61,-991.98,148.75,-752.50,-306.25,1,94.309,
01/01/2000,01:28:24.97,18.91,-61.61,-991.86,96.25,-673.75,-315.0,1,94.313,
01/01/2000,01:28:24.98,18.91,-61.73,-991.98,105.0,-638.75,-306.25,1,94.317,
01/01/2000,01:28:24.99,19.03,-61.73,-991.74,96.25,-735.0,-271.25,1,94.320,
01/01/2000,01:28:25.00,19.03,-61.85,-991.62,271.25,-656.25,-358.75,1,94.324,
01/01/2000,01:28:25.02,19.03,-61.98,-991.74,43.75,-673.75,-367.50,1,94.265,
01/01/2000,01:28:25.03,19.03,-61.73,-992.10,245.0,-691.25,-437.50,1,94.268,
01/01/2000,01:28:25.04,19.03,-61.73,-991.98,175.0,-726.25,-341.25,1,94.272,
01/01/2000,01:28:25.05,19.03,-61.61,-991.86,8.75,-673.75,-315.0,1,94.276,
01/01/2000,01:28:25.06,19.28,-61.73,-991.01,262.50,-586.25,-402.50,1,94.280,
01/01/2000,01:28:25.07,20.98,-61.61,-989.54,122.50,-656.25,-603.75,1,94.284,
01/01/2000,01:28:25.08,21.84,-61.24,-988.69,420.0,-770.0,-455.0,1,94.288,
01/01/2000,01:28:25.09,23.42,-61.24,-988.32,140.0,-752.50,-253.75,1,94.291,
01/01/2000,01:28:25.10,24.64,-62.22,-988.44,306.25,-673.75,-297.50,1,94.295,
01/01/2000,01:28:25.11,24.40,-61.73,-988.32,26.25,-752.50,-411.25,1,94.299,
01/01/2000,01:28:25.12,23.79,-61.85,-987.47,245.0,-796.25,-236.25,1,94.303,
01/01/2000,01:28:25.13,22.94,-61.24,-986.49,218.75,-743.75,-245.0,1,94.307,
01/01/2000,01:28:25.14,22.08,-60.76,-985.76,113.75,-665.0,-192.50,1,94.311,
01/01/2000,01:28:25.15,21.72,-61.0,-985.88,297.50,-717.50,-236.25,1,94.314,
01/01/2000,01:28:25.16,22.08,-61.37,-986.49,87.50,-603.75,-560.0,1,94.318,
01/01/2000,01:28:25.17,23.30,-61.49,-986.98,96.25,-603.75,-490.0,1,94.322,
01/01/2000,01:28:25.18,25.62,-61.85,-986.00,332.50,-656.25,-673.75,1,94.326,
01/01/2000,01:28:25.19,27.08,-61.24,-984.30,78.75,-656.25,-603.75,1,94.330,
01/01/2000,01:28:25.20,28.06,-61.24,-982.47,131.25,-787.50,-446.25,1,94.270,
01/01/2000,01:28:25.21,28.91,-61.49,-980.51,122.50,-770.0,-271.25,1,94.337,
01/01/2000,01:28:25.23,28.43,-61.73,-979.66,105.0,-778.75,-131.25,1,94.278,
01/01/2000,01:28:25.24,27.69,-62.22,-981.86,236.25,-805.0,-175.0,1,94.282,
01/01/2000,01:28:25.25,25.99,-62.10,-984.54,201.25,-673.75,-341.25,1,94.286,
01/01/2000,01:28:25.26,24.64,-61.49,-986.98,78.75,-778.75,-402.50,1,94.290,
01/01/2000,01:28:25.27,23.79,-61.24,-988.20,183.75,-673.75,-236.25,1,94.293,
01/01/2000,01:28:25.28,23.42,-60.88,-988.20,0.0,-612.50,-253.75,1,94.297,
01/01/2000,01:28:25.29,23.67,-61.37,-986.74,227.50,-630.0,-253.75,1,94.301,
01/01/2000,01:28:25.30,24.16,-61.85,-985.52,113.75,-717.50,-428.75,1,94.305,
01/01/2000,01:28:25.31,24.28,-62.34,-985.64,148.75,-761.25,-481.25,1,94.308,
01/01/2000,01:28:25.32,24.40,-62.10,-986.61,26.25,-743.75,-586.25,1,94.312,
01/01/2000,01:28:25.33,24.16,-61.61,-987.71,148.75,-735.0,-341.25,1,94.316,
01/01/2000,01:28:25.34,23.55,-60.76,-989.30,140.0,-665.0,-192.50,1,94.320,
01/01/2000,01:28:25.35,22.20,-60.88,-989.66,157.50,-577.50,-148.75,1,94.323,
01/01/2000,01:28:25.36,20.98,-61.37,-989.79,113.75,-621.25,-262.50,1,94.265,
01/01/2000,01:28:25.37,20.25,-61.73,-989.66,148.75,-603.75,-323.75,1,94.269,
01/01/2000,01:28:25.38,20.01,-61.98,-989.54,96.25,-700.0,-262.50,1,94.273,
01/01/2000,01:28:25.39,20.25,-61.98,-989.91,218.75,-752.50,-218.75,1,94.276,
01/01/2000,01:28:25.40,20.50,-61.49,-990.64,52.50,-717.50,-271.25,1,94.280,
01/01/2000,01:28:25.41,20.50,-61.49,-991.01,236.25,-708.75,-315.0,1,94.284,
01/01/2000,01:28:25.42,20.50,-61.37,-990.88,-26.25,-682.50,-437.50,1,94.288,
01/01/2000,01:28:25.44,20.50,-61.49,-990.15,26.25,-743.75,-148.75,1,94.291,
01/01/2000,01:28:25.45,20.50,-61.98,-989.91,148.75,-647.50,-210.0,1,94.295,
01/01/2000,01:28:25.46,19.89,-61.98,-989.91,43.75,-726.25,-245.0,1,94.299,
01/01/2000,01:28:25.47,19.03,-61.98,-990.27,280.0,-883.75,-358.75,1,94.303,
01/01/2000,01:28:25.48,18.54,-61.73,-990.88,52.50,-708.75,-420.0,1,94.306,
01/01/2000,01:28:25.49,17.81,-61.49,-991.25,192.50,-603.75,-280.0,1,94.310,
01/01/2000,01:28:25.50,17.45,-61.24,-991.01,201.25,-752.50,-288.75,1,94.314,
01/01/2000,01:28:25.51,17.57,-61.49,-990.76,148.75,-726.25,-472.50,1,94.256,
01/01/2000,01:28:25.53,18.67,-62.22,-990.88,157.50,-700.0,-463.75,1,94.260,
01/01/2000,01:28:25.54,19.40,-61.98,-991.37,52.50,-778.75,-498.75,1,94.263,
01/01/2000,01:28:25.55,20.01,-62.10,-992.10,87.50,-726.25,-332.50,1,94.267,
01/01/2000,01:28:25.56,20.62,-61.61,-992.59,87.50,-691.25,-358.75,1,94.271,
01/01/2000,01:28:25.57,20.62,-61.37,-992.59,131.25,-682.50,-157.50,1,94.275,
01/01/2000,01:28:25.58,20.37,-61.49,-992.35,113.75,-700.0,-131.25,1,94.278,
01/01/2000,01:28:25.59,19.89,-61.73,-991.49,70.0,-735.0,-227.50,1,94.282,
01/01/2000,01:28:25.60,19.28,-61.98,-991.13,26.25,-673.75,-446.25,1,94.286,
01/01/2000,01:28:25.61,19.15,-61.98,-991.13,78.75,-682.50,-420.0,1,94.289,
01/01/2000,01:28:25.62,19.15,-61.73,-991.37,43.75,-743.75,-341.25,1,94.293,
01/01/2000,01:28:25.63,19.28,-61.49,-991.62,113.75,-533.75,-376.25,1,94.297,
01/01/2000,01:28:25.64,19.64,-61.12,-992.10,26.25,-656.25,-218.75,1,94.301,
01/01/2000,01:28:25.65,20.13,-61.37,-991.86,183.75,-717.50,-367.50,1,94.304,
01/01/2000,01:28:25.66,20.01,-61.73,-991.86,166.25,-665.0,-428.75,1,94.308,
01/01/2000,01:28:25.67,19.64,-61.85,-991.49,96.25,-848.75,-341.25,1,94.312,
01/01/2000,01:28:25.68,19.28,-61.73,-991.74,43.75,-603.75,-393.75,1,94.315,
01/01/2000,01:28:25.69,18.91,-61.37,-991.86,87.50,-665.0,-332.50,1,94.319,
01/01/2000,01:28:25.70,18.42,-61.24,-991.62,166.25,-647.50,-315.0,1,94.323,
01/01/2000,01:28:25.71,17.57,-61.12,-991.13,78.75,-656.25,-306.25,1,94.326,
01/01/2000,01:28:25.73,17.08,-61.49,-990.15,87.50,-787.50,-350.0,1,94.269,
01/01/2000,01:28:25.73,17.93,-61.73,-990.76,210.0,-717.50,-350.0,1,94.273,
01/01/2000,01:28:25.75,18.67,-61.73,-991.62,-52.50,-665.0,-420.0,1,94.277,
01/01/2000,01:28:25.76,19.52,-61.85,-992.47,166.25,-743.75,-315.0,1,94.280,
01/01/2000,01:28:25.77,20.13,-61.73,-993.08,201.25,-761.25,-297.50,1,94.284,
01/01/2000,01:28:25.78,20.50,-61.49,-992.96,17.50,-665.0,-385.0,1,94.288,
01/01/2000,01:28:25.79,20.01,-61.37,-992.23,122.50,-708.75,-288.75,1,94.291,
01/01/2000,01:28:25.80,19.64,-61.73,-991.74,236.25,-612.50,-280.0,1,94.295,
01/01/2000,01:28:25.81,19.28,-61.49,-991.37,-87.50,-761.25,-297.50,1,94.299,
01/01/2000,01:28:25.82,18.79,-61.61,-991.25,131.25,-813.75,-280.0,1,94.302,
01/01/2000,01:28:25.83,18.79,-61.73,-991.74,122.50,-630.0,-341.25,1,94.306,
01/01/2000,01:28:25.84,18.79,-61.49,-992.35,113.75,-612.50,-472.50,1,94.309,
01/01/2000,01:28:25.85,19.03,-61.37,-992.35,122.50,-726.25,-446.25,1,94.313,
01/01/2000,01:28:25.86,19.76,-61.37,-991.98,201.25,-700.0,-358.75,1,94.257,
01/01/2000,01:28:25.87,20.13,-61.49,-991.62,8.75,-656.25,-236.25,1,94.260,
01/01/2000,01:28:25.88,20.25,-61.73,-991.37,140.0,-770.0,-271.25,1,94.264,
01/01/2000,01:28:25.89,19.89,-61.73,-990.88,236.25,-717.50,-323.75,1,94.268,
01/01/2000,01:28:25.90,19.28,-61.49,-990.88,70.0,-638.75,-332.50,1,94.271,
01/01/2000,01:28:25.91,18.79,-61.24,-990.76,183.75,-726.25,-332.50,1,94.275,
01/01/2000,01:28:25.92,17.81,-61.12,-991.13,87.50,-778.75,-245.0,1,94.278,
01/01/2000,01:28:25.94,17.20,-61.24,-991.62,175.0,-717.50,-280.0,1,94.282,
01/01/2000,01:28:25.95,17.32,-61.49,-992.10,105.0,-673.75,-280.0,1,94.286,
01/01/2000,01:28:25.96,18.42,-61.49,-992.10,218.75,-717.50,-393.75,1,94.289,
01/01/2000,01:28:25.97,19.28,-61.24,-991.98,166.25,-743.75,-367.50,1,94.293,
01/01/2000,01:28:25.98,19.89,-61.49,-991.74,70.0,-735.0,-323.75,1,94.297,
01/01/2000,01:28:25.99,20.25,-61.73,-991.62,35.0,-787.50,-323.75,1,94.300,
01/01/2000,01:28:26.00,19.89,-61.61,-991.98,113.75,-743.75,-402.50,1,94.304,
01/01/2000,01:28:26.01,19.64,-61.49,-992.10,113.75,-717.50,-262.50,1,94.307,
01/01/2000,01:28:26.02,19.28,-61.0,-992.35,113.75,-586.25,-262.50,1,94.311,
01/01/2000,01:28:26.04,19.03,-61.0,-992.59,-17.50,-726.25,-218.75,1,94.255,
01/01/2000,01:28:26.05,19.03,-61.24,-992.71,210.0,-647.50,-358.75,1,94.259,
01/01/2000,01:28:26.06,18.91,-61.49,-992.47,131.25,-647.50,-437.50,1,94.262,
01/01/2000,01:28:26.07,19.03,-61.61,-991.86,140.0,-700.0,-393.75,1,94.266,
01/01/2000,01:28:26.08,19.28,-61.37,-991.13,157.50,-735.0,-411.25,1,94.270,
01/01/2000,01:28:26.09,19.40,-61.0,-990.52,166.25,-752.50,-253.75,1,94.273,
01/01/2000,01:28:26.10,19.52,-61.0,-990.40,-96.25,-603.75,-253.75,1,94.277,
01/01/2000,01:28:26.11,19.03,-61.61,-990.64,140.0,-770.0,-385.0,1,94.280,
01/01/2000,01:28:26.12,18.67,-61.49,-991.01,87.50,-673.75,-393.75,1,94.284,
01/01/2000,01:28:26.13,18.30,-61.61,-991.13,210.0,-673.75,-280.0,1,94.288,
01/01/2000,01:28:26.14,17.81,-61.0,-991.37,78.75,-691.25,-280.0,1,94.291,
01/01/2000,01:28:26.15,17.45,-61.0,-991.37,96.25,-813.75,-280.0,1,94.295,
01/01/2000,01:28:26.16,17.45,-61.0,-991.25,166.25,-533.75,-297.50,1,94.298,
01/01/2000,01:28:26.17,17.81,-61.24,-991.37,227.50,-708.75,-192.50,1,94.302,
01/01/2000,01:28:26.18,18.54,-61.49,-991.13,96.25,-691.25,-341.25,1,94.305,
01/01/2000,01:28:26.19,19.28,-61.73,-991.37,236.25,-700.0,-446.25,1,94.309,
01/01/2000,01:28:26.20,19.76,-61.61,-991.49,78.75,-691.25,-323.75,1,94.313,
01/01/2000,01:28:26.21,20.01,-61.37,-991.37,148.75,-673.75,-420.0,1,94.257,
01/01/2000,01:28:26.22,19.89,-61.24,-991.62,148.75,-665.0,-183.75,1,94.261,
01/01/2000,01:28:26.23,20.01,-61.12,-992.35,-35.0,-586.25,-437.50,1,94.264,
01/01/2000,01:28:26.24,20.01,-61.61,-992.71,385.0,-691.25,-253.75,1,94.268,
01/01/2000,01:28:26.25,20.01,-61.37,-992.59,201.25,-647.50,-472.50,1,94.271,
01/01/2000,01:28:26.26,19.76,-61.24,-992.35,148.75,-796.25,-306.25,1,94.275,
01/01/2000,01:28:26.27,19.64,-61.24,-992.10,157.50,-787.50,-385.0,1,94.279,
01/01/2000,01:28:26.29,19.76,-61.0,-992.10,140.0,-682.50,-297.50,1,94.282,
01/01/2000,01:28:26.30,20.13,-61.0,-991.86,96.25,-647.50,-385.0,1,94.286,
01/01/2000,01:28:26.31,20.01,-61.24,-991.37,140.0,-831.25,-280.0,1,94.289,
01/01/2000,01:28:26.32,20.01,-61.24,-990.76,-8.75,-665.0,-280.0,1,94.293,
01/01/2000,01:28:26.33,19.64,-61.61,-990.52,332.50,-796.25,-358.75,1,94.296,
01/01/2000,01:28:26.34,19.03,-61.49,-990.64,166.25,-892.50,-437.50,1,94.300,
01/01/2000,01:28:26.35,18.30,-61.49,-991.13,87.50,-708.75,-175.0,1,94.303,
01/01/2000,01:28:26.36,17.81,-61.49,-992.10,210.0,-682.50,-463.75,1,94.307,
01/01/2000,01:28:26.37,17.32,-61.49,-992.59,122.50,-743.75,-341.25,1,94.310,
01/01/2000,01:28:26.38,17.45,-61.24,-992.71,140.0,-560.0,-245.0,1,94.314,
01/01/2000,01:28:26.39,17.57,-61.49,-992.35,253.75,-761.25,-315.0,1,94.259,
01/01/2000,01:28:26.40,18.54,-61.49,-991.86,87.50,-743.75,-385.0,1,94.321,
01/01/2000,01:28:26.41,19.28,-61.49,-991.49,148.75,-735.0,-315.0,1,94.266,
01/01/2000,01:28:26.43,20.13,-61.61,-991.13,122.50,-770.0,-341.25,1,94.270,
01/01/2000,01:28:26.44,20.25,-61.61,-991.25,140.0,-717.50,-306.25,1,94.273,
01/01/2000,01:28:26.45,20.13,-61.49,-991.49,-35.0,-656.25,-288.75,1,94.277,
01/01/2000,01:28:26.46,19.40,-61.24,-991.98,157.50,-630.0,-218.75,1,94.280,
01/01/2000,01:28:26.47,18.91,-61.0,-992.10,245.0,-708.75,-341.25,1,94.284,
01/01/2000,01:28:26.48,18.54,-61.0,-992.10,157.50,-647.50,-332.50,1,94.287,
01/01/2000,01:28:26.49,18.67,-61.0,-991.86,-17.50,-691.25,-323.75,1,94.291,
01/01/2000,01:28:26.50,19.28,-61.24,-992.10,148.75,-743.75,-393.75,1,94.294,
01/01/2000,01:28:26.51,19.89,-61.49,-992.10,131.25,-778.75,-428.75,1,94.298,
01/01/2000,01:28:26.52,20.01,-61.49,-991.86,105.0,-700.0,-367.50,1,94.301,
01/01/2000,01:28:26.53,19.89,-61.24,-991.37,140.0,-822.50,-315.0,1,94.305,
01/01/2000,01:28:26.54,18.79,-61.12,-990.52,157.50,-770.0,-253.75,1,94.251,
01/01/2000,01:28:26.56,17.93,-61.12,-990.27,236.25,-603.75,-280.0,1,94.254,
01/01/2000,01:28:26.56,17.08,-61.12,-990.40,-43.75,-717.50,-428.75,1,94.258,
01/01/2000,01:28:26.58,17.08,-61.24,-990.76,157.50,-647.50,-393.75,1,94.261,
01/01/2000,01:28:26.59,18.06,-60.76,-991.01,245.0,-770.0,-446.25,1,94.265,
01/01/2000,01:28:26.60,19.52,-60.88,-991.37,166.25,-700.0,-367.50,1,94.268,
01/01/2000,01:28:26.61,20.25,-61.0,-991.37,166.25,-665.0,-306.25,1,94.272,
01/01/2000,01:28:26.62,20.50,-61.37,-991.49,17.50,-822.50,-271.25,1,94.275,
01/01/2000,01:28:26.63,20.37,-61.24,-991.37,227.50,-752.50,-367.50,1,94.279,
01/01/2000,01:28:26.64,19.52,-61.12,-991.13,113.75,-708.75,-350.0,1,94.282,
01/01/2000,01:28:26.65,18.91,-60.51,-990.76,105.0,-630.0,-306.25,1,94.286,
01/01/2000,01:28:26.66,18.54,-60.63,-990.76,280.0,-682.50,-236.25,1,94.289,
01/01/2000,01:28:26.67,18.54,-60.76,-991.37,183.75,-735.0,-245.0,1,94.293,
01/01/2000,01:28:26.68,19.03,-61.12,-992.47,271.25,-708.75,-411.25,1,94.296,
01/01/2000,01:28:26.69,19.28,-61.24,-992.59,201.25,-708.75,-420.0,1,94.300,
01/01/2000,01:28:26.70,19.76,-61.0,-992.35,35.0,-708.75,-236.25,1,94.303,
01/01/2000,01:28:26.71,19.76,-60.88,-991.62,96.25,-647.50,-350.0,1,94.306,
01/01/2000,01:28:26.72,19.76,-60.76,-991.37,262.50,-708.75,-236.25,1,94.310,
01/01/2000,01:28:26.73,19.52,-60.88,-991.62,166.25,-673.75,-280.0,1,94.313,
01/01/2000,01:28:26.74,18.91,-61.24,-992.23,96.25,-586.25,-315.0,1,94.317,
01/01/2000,01:28:26.75,18.06,-61.49,-993.08,131.25,-700.0,-367.50,1,94.320,
01/01/2000,01:28:26.76,17.32,-61.24,-993.32,201.25,-708.75,-385.0,1,94.324,
01/01/2000,01:28:26.77,16.96,-60.76,-992.84,52.50,-586.25,-420.0,1,94.327,
01/01/2000,01:28:26.78,17.57,-60.27,-991.25,96.25,-682.50,-183.75,1,94.274,
01/01/2000,01:28:26.79,18.30,-60.76,-990.15,262.50,-656.25,-280.0,1,94.277,
01/01/2000,01:28:26.80,19.03,-61.0,-989.91,113.75,-761.25,-332.50,1,94.281,
01/01/2000,01:28:26.81,19.89,-61.73,-990.76,122.50,-743.75,-428.75,1,94.284,
01/01/2000,01:28:26.82,20.13,-61.73,-991.62,113.75,-665.0,-402.50,1,94.287,
01/01/2000,01:28:26.83,19.89,-61.37,-992.23,218.75,-647.50,-323.75,1,94.291,
01/01/2000,01:28:26.85,19.03,-60.27,-991.86,157.50,-638.75,-297.50,1,94.294,
01/01/2000,01:28:26.86,18.42,-60.15,-991.13,166.25,-708.75,-245.0,1,94.298,
01/01/2000,01:28:26.87,18.06,-60.02,-990.40,113.75,-577.50,-218.75,1,94.301,
01/01/2000,01:28:26.88,18.30,-61.0,-990.40,201.25,-691.25,-393.75,1,94.305,
01/01/2000,01:28:26.89,18.79,-61.49,-991.13,0.0,-673.75,-385.0,1,94.308,
01/01/2000,01:28:26.90,19.52,-61.73,-992.10,148.75,-726.25,-420.0,1,94.311,
01/01/2000,01:28:26.91,20.50,-61.49,-992.35,227.50,-673.75,-385.0,1,94.315,
01/01/2000,01:28:26.92,20.98,-60.63,-992.35,157.50,-883.75,-210.0,1,94.262,
01/01/2000,01:28:26.93,20.25,-60.63,-991.62,61.25,-813.75,-61.25,1,94.265,
01/01/2000,01:28:26.94,19.03,-61.12,-991.37,148.75,-647.50,-52.50,1,94.269,
01/01/2000,01:28:26.95,17.81,-61.49,-991.25,96.25,-778.75,-297.50,1,94.272,
01/01/2000,01:28:26.96,16.84,-61.85,-991.37,87.50,-761.25,-455.0,1,94.275,
01/01/2000,01:28:26.97,16.35,-61.49,-991.74,341.25,-778.75,-691.25,1,94.279,
01/01/2000,01:28:26.98,17.08,-60.27,-992.35,157.50,-630.0,-472.50,1,94.282,
01/01/2000,01:28:27.00,18.91,-60.27,-993.32,140.0,-682.50,-367.50,1,94.286,
01/01/2000,01:28:27.01,20.25,-60.63,-993.69,-52.50,-743.75,-122.50,1,94.289,
01/01/2000,01:28:27.02,20.62,-61.12,-993.20,26.25,-673.75,-140.0,1,94.293,
01/01/2000,01:28:27.03,20.62,-61.73,-992.10,148.75,-726.25,-376.25,1,94.296,
01/01/2000,01:28:27.04,19.28,-61.98,-990.64,192.50,-717.50,-411.25,1,94.299,
01/01/2000,01:28:27.05,17.81,-61.0,-990.03,17.50,-638.75,-192.50,1,94.303,
01/01/2000,01:28:27.06,17.45,-60.76,-990.52,148.75,-717.50,-297.50,1,94.250,
01/01/2000,01:28:27.07,17.81,-60.51,-991.37,113.75,-735.0,-210.0,1,94.254,
01/01/2000,01:28:27.08,18.18,-60.88,-991.98,166.25,-708.75,-332.50,1,94.257,
01/01/2000,01:28:27.09,18.91,-61.24,-992.10,148.75,-516.25,-288.75,1,94.260,
01/01/2000,01:28:27.10,19.76,-61.61,-991.86,122.50,-630.0,-560.0,1,94.264,
01/01/2000,01:28:27.11,20.50,-61.24,-991.01,105.0,-735.0,-341.25,1,94.267,
01/01/2000,01:28:27.12,20.62,-61.24,-990.76,96.25,-778.75,-332.50,1,94.271,
01/01/2000,01:28:27.13,20.25,-61.0,-990.88,96.25,-796.25,-262.50,1,94.274,
01/01/2000,01:28:27.15,19.76,-61.0,-991.62,113.75,-708.75,-297.50,1,94.277,
01/01/2000,01:28:27.16,17.81,-61.0,-992.10,61.25,-805.0,-245.0,1,94.281,
01/01/2000,01:28:27.17,16.71,-61.0,-992.59,105.0,-717.50,-393.75,1,94.284,
01/01/2000,01:28:27.18,16.35,-60.88,-992.59,70.0,-708.75,-455.0,1,94.287,
01/01/2000,01:28:27.19,16.84,-60.63,-992.35,113.75,-682.50,-428.75,1,94.291,
01/01/2000,01:28:27.20,17.57,-60.51,-991.62,78.75,-743.75,-227.50,1,94.294,
01/01/2000,01:28:27.21,19.52,-61.0,-991.25,-43.75,-813.75,-350.0,1,94.297,
01/01/2000,01:28:27.22,20.25,-61.37,-991.62,262.50,-691.25,-393.75,1,94.301,
01/01/2000,01:28:27.23,20.98,-61.37,-991.98,175.0,-726.25,-516.25,1,94.304,
01/01/2000,01:28:27.24,20.98,-61.37,-992.23,131.25,-743.75,-332.50,1,94.308,
01/01/2000,01:28:27.25,20.86,-60.88,-992.59,175.0,-708.75,-376.25,1,94.311,
01/01/2000,01:28:27.26,20.37,-60.51,-993.08,148.75,-735.0,-175.0,1,94.314,
01/01/2000,01:28:27.27,19.28,-60.51,-993.08,78.75,-603.75,-297.50,1,94.262,
01/01/2000,01:28:27.28,18.54,-61.0,-992.35,70.0,-621.25,-262.50,1,94.266,
01/01/2000,01:28:27.29,18.18,-60.88,-991.37,131.25,-560.0,-358.75,1,94.269,
01/01/2000,01:28:27.30,18.18,-61.0,-990.40,288.75,-778.75,-455.0,1,94.272,
01/01/2000,01:28:27.31,18.91,-60.63,-989.79,35.0,-700.0,-341.25,1,94.276,
01/01/2000,01:28:27.32,19.76,-60.76,-990.27,210.0,-700.0,-350.0,1,94.279,
01/01/2000,01:28:27.33,20.50,-60.63,-990.76,-87.50,-770.0,-332.50,1,94.282,
01/01/2000,01:28:27.35,20.25,-60.88,-992.35,113.75,-752.50,-183.75,1,94.286,
01/01/2000,01:28:27.36,19.52,-61.0,-992.96,131.25,-665.0,-227.50,1,94.289,
01/01/2000,01:28:27.37,18.18,-61.0,-992.84,210.0,-647.50,-358.75,1,94.292,
01/01/2000,01:28:27.38,16.84,-60.27,-991.86,166.25,-568.75,-402.50,1,94.296,
01/01/2000,01:28:27.39,16.84,-59.90,-990.76,148.75,-665.0,-367.50,1,94.299,
01/01/2000,01:28:27.40,17.32,-60.02,-990.03,78.75,-726.25,-350.0,1,94.302,
01/01/2000,01:28:27.41,18.54,-60.63,-990.15,87.50,-787.50,-350.0,1,94.306,
01/01/2000,01:28:27.42,20.37,-61.24,-990.88,166.25,-752.50,-525.0,1,94.309,
01/01/2000,01:28:27.43,21.59,-61.49,-991.98,140.0,-647.50,-376.25,1,94.312,
01/01/2000,01:28:27.44,21.72,-61.12,-992.47,96.25,-743.75,-358.75,1,94.316,
01/01/2000,01:28:27.45,21.47,-60.76,-992.71,201.25,-691.25,-288.75,1,94.319,
01/01/2000,01:28:27.46,20.25,-60.39,-992.71,227.50,-673.75,-78.75,1,94.322,
01/01/2000,01:28:27.47,19.15,-60.51,-992.10,96.25,-673.75,-148.75,1,94.325,
01/01/2000,01:28:27.49,17.57,-61.0,-991.13,201.25,-735.0,-446.25,1,94.274,
01/01/2000,01:28:27.50,16.96,-61.0,-990.76,192.50,-638.75,-332.50,1,94.277,
01/01/2000,01:28:27.51,17.57,-61.0,-990.88,218.75,-752.50,-455.0,1,94.281,
01/01/2000,01:28:27.52,18.79,-60.88,-991.62,26.25,-586.25,-551.25,1,94.284,
01/01/2000,01:28:27.53,20.25,-60.88,-992.71,157.50,-621.25,-358.75,1,94.287,
01/01/2000,01:28:27.54,21.72,-60.88,-993.69,175.0,-656.25,-122.50,1,94.291,
01/01/2000,01:28:27.55,21.35,-60.88,-993.08,105.0,-770.0,-87.50,1,94.294,
01/01/2000,01:28:27.56,18.06,-61.0,-990.76,122.50,-813.75,-87.50,1,94.243,
01/01/2000,01:28:27.57,16.59,-61.0,-990.03,341.25,-708.75,-393.75,1,94.246,
01/01/2000,01:28:27.58,15.86,-60.63,-989.91,253.75,-673.75,-481.25,1,94.250,
01/01/2000,01:28:27.59,16.71,-60.27,-990.88,148.75,-682.50,-568.75,1,94.253,
01/01/2000,01:28:27.60,18.06,-60.27,-991.74,166.25,-787.50,-490.0,1,94.256,
01/01/2000,01:28:27.61,19.52,-60.51,-992.47,61.25,-726.25,-227.50,1,94.259,
01/01/2000,01:28:27.62,20.74,-61.12,-992.84,113.75,-656.25,-323.75,1,94.263,
01/01/2000,01:28:27.64,21.47,-61.37,-991.98,201.25,-700.0,-393.75,1,94.266,
01/01/2000,01:28:27.65,20.98,-61.37,-991.37,105.0,-717.50,-175.0,1,94.269,
01/01/2000,01:28:27.66,20.13,-61.0,-991.01,148.75,-770.0,-236.25,1,94.273,
01/01/2000,01:28:27.67,18.91,-60.76,-991.13,113.75,-630.0,-166.25,1,94.276,
01/01/2000,01:28:27.68,17.32,-60.51,-991.37,131.25,-665.0,-306.25,1,94.279,
01/01/2000,01:28:27.69,17.08,-60.63,-991.62,175.0,-708.75,-262.50,1,94.282,
01/01/2000,01:28:27.70,17.45,-60.51,-991.74,122.50,-682.50,-542.50,1,94.286,
01/01/2000,01:28:27.71,18.79,-61.0,-992.23,148.75,-717.50,-498.75,1,94.289,
01/01/2000,01:28:27.72,20.01,-61.12,-992.35,122.50,-682.50,-420.0,1,94.292,
01/01/2000,01:28:27.73,21.11,-61.12,-992.23,236.25,-673.75,-288.75,1,94.295,
01/01/2000,01:28:27.74,20.98,-61.12,-992.10,192.50,-901.25,-166.25,1,94.299,
01/01/2000,01:28:27.75,20.25,-61.0,-991.62,122.50,-735.0,-122.50,1,94.302,
01/01/2000,01:28:27.76,17.93,-61.0,-991.37,271.25,-673.75,-227.50,1,94.305,
01/01/2000,01:28:27.77,16.59,-60.76,-991.37,157.50,-673.75,-315.0,1,94.308,
01/01/2000,01:28:27.78,16.10,-60.51,-991.62,227.50,-638.75,-490.0,1,94.312,
01/01/2000,01:28:27.79,16.96,-60.51,-992.10,262.50,-621.25,-411.25,1,94.315,
01/01/2000,01:28:27.80,18.30,-60.63,-992.23,8.75,-805.0,-420.0,1,94.318,
01/01/2000,01:28:27.81,19.52,-61.0,-992.35,105.0,-577.50,-297.50,1,94.321,
01/01/2000,01:28:27.82,20.62,-61.24,-992.10,175.0,-743.75,-332.50,1,94.325,
01/01/2000,01:28:27.83,20.98,-61.12,-991.74,87.50,-761.25,-350.0,1,94.328,
01/01/2000,01:28:27.84,20.13,-60.76,-990.76,201.25,-612.50,-385.0,1,94.278,
01/01/2000,01:28:27.85,19.03,-60.39,-990.40,210.0,-656.25,-236.25,1,94.281,
01/01/2000,01:28:27.86,18.30,-60.27,-990.15,148.75,-717.50,-262.50,1,94.284,
01/01/2000,01:28:27.87,17.57,-60.27,-990.52,157.50,-682.50,-201.25,1,94.287,
01/01/2000,01:28:27.88,17.69,-60.63,-990.88,0.0,-848.75,-315.0,1,94.291,
01/01/2000,01:28:27.89,18.06,-61.0,-991.62,140.0,-700.0,-481.25,1,94.294,
01/01/2000,01:28:27.91,19.15,-61.0,-991.62,262.50,-665.0,-525.0,1,94.297,
01/01/2000,01:28:27.92,20.01,-60.51,-991.13,43.75,-735.0,-376.25,1,94.300,
01/01/2000,01:28:27.93,20.50,-60.39,-990.76,131.25,-770.0,-210.0,1,94.303,
01/01/2000,01:28:27.94,20.25,-60.51,-990.76,175.0,-761.25,-227.50,1,94.307,
01/01/2000,01:28:27.95,19.52,-61.0,-991.37,201.25,-638.75,-218.75,1,94.310,
01/01/2000,01:28:27.96,17.93,-61.24,-991.86,183.75,-577.50,-323.75,1,94.313,
01/01/2000,01:28:27.97,17.20,-61.0,-992.35,148.75,-647.50,-455.0,1,94.316,
01/01/2000,01:28:27.98,16.59,-60.39,-992.71,131.25,-717.50,-323.75,1,94.319,
01/01/2000,01:28:27.99,16.84,-60.27,-992.35,122.50,-647.50,-376.25,1,94.323,
01/01/2000,01:28:28.00,17.57,-60.02,-991.86,166.25,-691.25,-332.50,1,94.326,
01/01/2000,01:28:28.01,19.28,-60.76,-990.88,105.0,-708.75,-245.0,1,94.329,
01/01/2000,01:28:28.02,20.13,-61.0,-990.64,148.75,-726.25,-402.50,1,94.332,
01/01/2000,01:28:28.03,20.62,-61.37,-990.64,192.50,-813.75,-323.75,1,94.283,
01/01/2000,01:28:28.04,20.74,-61.49,-990.88,148.75,-743.75,-481.25,1,94.339,
01/01/2000,01:28:28.06,20.37,-61.0,-991.86,52.50,-743.75,-288.75,1,94.289,
01/01/2000,01:28:28.07,18.91,-60.51,-992.71,17.50,-735.0,-201.25,1,94.292,
01/01/2000,01:28:28.08,17.81,-60.51,-992.71,70.0,-647.50,-288.75,1,94.295,
01/01/2000,01:28:28.09,17.57,-60.27,-992.47,96.25,-638.75,-306.25,1,94.298,
01/01/2000,01:28:28.10,17.93,-60.76,-992.23,0.0,-717.50,-428.75,1,94.302,
01/01/2000,01:28:28.11,18.79,-61.0,-992.35,113.75,-682.50,-498.75,1,94.305,
01/01/2000,01:28:28.12,20.62,-60.88,-992.59,166.25,-875.0,-393.75,1,94.255,
01/01/2000,01:28:28.13,21.11,-61.0,-992.84,245.0,-665.0,-393.75,1,94.259,
01/01/2000,01:28:28.14,20.74,-60.76,-992.84,113.75,-665.0,-131.25,1,94.262,
01/01/2000,01:28:28.15,18.79,-60.88,-992.10,192.50,-647.50,-166.25,1,94.265,
01/01/2000,01:28:28.16,17.57,-60.63,-991.49,148.75,-656.25,-280.0,1,94.268,
01/01/2000,01:28:28.17,16.59,-60.51,-990.88,218.75,-735.0,-420.0,1,94.271,
01/01/2000,01:28:28.18,16.84,-60.51,-990.64,-17.50,-630.0,-437.50,1,94.275,
01/01/2000,01:28:28.19,18.06,-60.76,-990.64,183.75,-656.25,-455.0,1,94.278,
01/01/2000,01:28:28.20,19.28,-61.0,-991.13,157.50,-630.0,-385.0,1,94.281,
01/01/2000,01:28:28.21,20.50,-61.24,-991.37,175.0,-630.0,-428.75,1,94.284,
01/01/2000,01:28:28.22,21.47,-61.0,-991.49,78.75,-586.25,-332.50,1,94.287,
01/01/2000,01:28:28.23,21.72,-60.76,-991.62,131.25,-831.25,-87.50,1,94.290,
01/01/2000,01:28:28.24,21.11,-60.51,-991.98,201.25,-717.50,-113.75,1,94.294,
01/01/2000,01:28:28.25,19.76,-60.63,-992.35,70.0,-656.25,-157.50,1,94.297,
01/01/2000,01:28:28.27,18.06,-60.51,-992.59,0.0,-673.75,-385.0,1,94.300,
01/01/2000,01:28:28.28,17.20,-60.76,-992.71,96.25,-612.50,-358.75,1,94.303,
01/01/2000,01:28:28.29,17.32,-60.51,-992.47,52.50,-612.50,-411.25,1,94.306,
01/01/2000,01:28:28.30,18.30,-60.51,-992.23,148.75,-787.50,-297.50,1,94.309,
01/01/2000,01:28:28.31,19.15,-60.63,-991.86,236.25,-761.25,-533.75,1,94.313,
01/01/2000,01:28:28.32,20.01,-61.0,-991.37,52.50,-656.25,-140.0,1,94.316,
01/01/2000,01:28:28.33,20.01,-61.12,-991.13,148.75,-665.0,-271.25,1,94.319,
01/01/2000,01:28:28.34,19.28,-61.24,-991.49,105.0,-770.0,-210.0,1,94.270,
01/01/2000,01:28:28.35,17.69,-61.0,-992.35,183.75,-700.0,-262.50,1,94.325,
01/01/2000,01:28:28.36,16.84,-60.63,-993.08,192.50,-665.0,-332.50,1,94.276,
01/01/2000,01:28:28.37,16.59,-60.27,-993.57,17.50,-708.75,-323.75,1,94.279,
01/01/2000,01:28:28.38,17.32,-60.39,-993.32,140.0,-673.75,-411.25,1,94.283,
01/01/2000,01:28:28.39,19.03,-60.51,-992.84,148.75,-603.75,-455.0,1,94.286,
01/01/2000,01:28:28.41,20.74,-61.12,-991.98,245.0,-752.50,-323.75,1,94.289,
01/01/2000,01:28:28.42,21.47,-61.24,-991.62,183.75,-647.50,-402.50,1,94.292,
01/01/2000,01:28:28.43,21.72,-61.24,-991.86,201.25,-752.50,-262.50,1,94.295,
01/01/2000,01:28:28.44,21.23,-61.0,-992.35,61.25,-743.75,-175.0,1,94.298,
01/01/2000,01:28:28.45,20.25,-60.76,-992.84,78.75,-647.50,-70.0,1,94.301,
01/01/2000,01:28:28.46,18.06,-60.51,-992.84,245.0,-673.75,-358.75,1,94.304,
01/01/2000,01:28:28.47,17.20,-60.27,-992.59,96.25,-630.0,-385.0,1,94.308,
01/01/2000,01:28:28.48,17.32,-60.27,-991.86,218.75,-656.25,-332.50,1,94.311,
01/01/2000,01:28:28.49,18.42,-60.51,-991.25,148.75,-665.0,-612.50,1,94.314,
01/01/2000,01:28:28.50,19.52,-60.76,-990.76,271.25,-717.50,-358.75,1,94.317,
01/01/2000,01:28:28.51,20.74,-61.0,-990.40,166.25,-682.50,-210.0,1,94.320,
01/01/2000,01:28:28.52,20.50,-61.12,-990.40,148.75,-840.0,-315.0,1,94.323,
01/01/2000,01:28:28.53,19.52,-60.76,-990.88,8.75,-778.75,-43.75,1,94.326,
01/01/2000,01:28:28.54,17.93,-60.76,-991.62,166.25,-778.75,-218.75,1,94.329,
01/01/2000,01:28:28.55,16.35,-60.27,-992.96,43.75,-665.0,-472.50,1,94.281,
01/01/2000,01:28:28.56,16.10,-60.02,-993.57,-26.25,-735.0,-393.75,1,94.284,
01/01/2000,01:28:28.57,17.08,-60.27,-993.57,96.25,-665.0,-402.50,1,94.287,
01/01/2000,01:28:28.59,19.03,-60.76,-992.23,105.0,-726.25,-411.25,1,94.290,
01/01/2000,01:28:28.60,20.37,-61.0,-991.62,113.75,-761.25,-376.25,1,94.242,
01/01/2000,01:28:28.61,20.74,-61.12,-991.37,35.0,-708.75,-297.50,1,94.245,
01/01/2000,01:28:28.62,20.13,-60.76,-991.62,35.0,-717.50,-280.0,1,94.249,
01/01/2000,01:28:28.63,19.40,-60.63,-992.10,183.75,-586.25,-306.25,1,94.252,
01/01/2000,01:28:28.64,18.18,-60.27,-992.23,192.50,-665.0,-288.75,1,94.255,
01/01/2000,01:28:28.65,17.20,-60.02,-992.47,113.75,-621.25,-315.0,1,94.258,
01/01/2000,01:28:28.66,16.71,-60.27,-992.35,192.50,-726.25,-402.50,1,94.261,
01/01/2000,01:28:28.67,17.20,-60.51,-992.35,96.25,-603.75,-463.75,1,94.264,
01/01/2000,01:28:28.69,18.54,-60.76,-992.35,113.75,-691.25,-551.25,1,94.267,
01/01/2000,01:28:28.70,20.25,-60.88,-992.10,140.0,-700.0,-463.75,1,94.270,
01/01/2000,01:28:28.71,21.72,-61.0,-991.86,271.25,-822.50,-218.75,1,94.273,
01/01/2000,01:28:28.72,21.47,-61.0,-991.98,245.0,-708.75,-8.75,1,94.276,
01/01/2000,01:28:28.73,20.01,-60.76,-992.10,122.50,-787.50,-78.75,1,94.280,
01/01/2000,01:28:28.74,18.30,-60.76,-992.10,280.0,-647.50,-245.0,1,94.283,
01/01/2000,01:28:28.75,16.10,-60.27,-992.47,157.50,-673.75,-463.75,1,94.286,
01/01/2000,01:28:28.76,15.62,-60.15,-992.59,157.50,-568.75,-385.0,1,94.289,
01/01/2000,01:28:28.77,16.84,-60.15,-992.71,157.50,-577.50,-682.50,1,94.292,
01/01/2000,01:28:28.78,18.42,-60.51,-992.71,253.75,-647.50,-490.0,1,94.295,
01/01/2000,01:28:28.79,20.25,-60.51,-992.59,140.0,-796.25,-332.50,1,94.298,
01/01/2000,01:28:28.80,22.20,-61.12,-992.47,218.75,-840.0,-201.25,1,94.301,
01/01/2000,01:28:28.81,22.08,-61.0,-991.98,78.75,-778.75,-253.75,1,94.304,
01/01/2000,01:28:28.82,21.35,-61.0,-991.62,140.0,-743.75,-166.25,1,94.307,
01/01/2000,01:28:28.83,19.15,-60.51,-991.01,201.25,-735.0,-183.75,1,94.260,
01/01/2000,01:28:28.84,17.81,-60.51,-991.01,96.25,-656.25,-358.75,1,94.263,
01/01/2000,01:28:28.85,17.08,-60.02,-991.13,-87.50,-630.0,-507.50,1,94.266,
01/01/2000,01:28:28.86,17.32,-60.15,-991.62,78.75,-691.25,-323.75,1,94.269,
01/01/2000,01:28:28.87,18.42,-60.39,-991.62,166.25,-717.50,-455.0,1,94.272,
01/01/2000,01:28:28.88,19.28,-60.76,-991.86,122.50,-717.50,-420.0,1,94.275,
01/01/2000,01:28:28.90,20.01,-60.76,-991.86,87.50,-682.50,-358.75,1,94.278,
01/01/2000,01:28:28.91,20.62,-60.63,-991.86,131.25,-630.0,-306.25,1,94.281,
01/01/2000,01:28:28.92,19.52,-60.51,-992.10,157.50,-647.50,-201.25,1,94.284,
01/01/2000,01:28:28.93,18.06,-60.51,-992.23,70.0,-770.0,-26.25,1,94.287,
01/01/2000,01:28:28.94,16.96,-60.39,-992.35,183.75,-630.0,-437.50,1,94.290,
01/01/2000,01:28:28.95,16.59,-60.02,-992.59,218.75,-717.50,-525.0,1,94.293,
01/01/2000,01:28:28.96,17.08,-59.90,-992.47,105.0,-656.25,-376.25,1,94.296,
01/01/2000,01:28:28.97,18.79,-60.15,-992.23,105.0,-700.0,-393.75,1,94.299,
01/01/2000,01:28:28.98,20.25,-60.51,-991.86,43.75,-673.75,-288.75,1,94.252,
01/01/2000,01:28:28.99,20.62,-60.63,-991.62,105.0,-752.50,-350.0,1,94.255,
01/01/2000,01:28:29.00,20.74,-60.51,-991.25,52.50,-761.25,-341.25,1,94.258,
01/01/2000,01:28:29.01,20.13,-60.39,-991.13,105.0,-813.75,-341.25,1,94.261,
01/01/2000,01:28:29.02,18.91,-60.27,-991.62,236.25,-700.0,-271.25,1,94.264,
01/01/2000,01:28:29.03,18.30,-60.15,-992.10,131.25,-752.50,-332.50,1,94.268,
01/01/2000,01:28:29.05,17.69,-60.15,-992.96,131.25,-665.0,-323.75,1,94.271,
01/01/2000,01:28:29.06,17.93,-60.15,-993.20,-52.50,-752.50,-315.0,1,94.274,
01/01/2000,01:28:29.07,18.54,-60.27,-992.84,113.75,-665.0,-332.50,1,94.277,
01/01/2000,01:28:29.08,19.40,-60.15,-992.10,201.25,-743.75,-437.50,1,94.280,
01/01/2000,01:28:29.09,20.50,-60.27,-991.37,78.75,-831.25,-306.25,1,94.283,
01/01/2000,01:28:29.10,20.25,-60.51,-991.25,140.0,-717.50,-236.25,1,94.236,
01/01/2000,01:28:29.11,19.15,-60.76,-991.86,166.25,-708.75,-201.25,1,94.239,
01/01/2000,01:28:29.12,17.45,-60.76,-992.59,280.0,-603.75,-227.50,1,94.242,
01/01/2000,01:28:29.13,16.59,-60.27,-993.20,61.25,-630.0,-455.0,1,94.245,
01/01/2000,01:28:29.15,16.71,-60.02,-993.32,201.25,-516.25,-428.75,1,94.248,
01/01/2000,01:28:29.16,18.06,-59.78,-993.08,87.50,-612.50,-542.50,1,94.251,
01/01/2000,01:28:29.17,19.76,-60.15,-992.71,175.0,-717.50,-358.75,1,94.254,
01/01/2000,01:28:29.18,20.86,-60.39,-992.35,35.0,-708.75,-210.0,1,94.257,
01/01/2000,01:28:29.19,21.72,-61.12,-992.23,218.75,-700.0,-376.25,1,94.260,
01/01/2000,01:28:29.20,21.23,-61.0,-991.98,78.75,-700.0,-210.0,1,94.263,
01/01/2000,01:28:29.21,20.25,-60.63,-991.86,113.75,-726.25,-367.50,1,94.266,
01/01/2000,01:28:29.22,19.28,-60.02,-991.98,131.25,-866.25,-315.0,1,94.269,
01/01/2000,01:28:29.23,17.93,-59.78,-992.10,105.0,-533.75,-122.50,1,94.272,
01/01/2000,01:28:29.24,16.96,-59.90,-992.10,105.0,-621.25,-341.25,1,94.275,
01/01/2000,01:28:29.25,16.71,-60.27,-992.10,236.25,-603.75,-350.0,1,94.278,
01/01/2000,01:28:29.26,17.57,-60.51,-991.98,61.25,-735.0,-411.25,1,94.281,
01/01/2000,01:28:29.27,19.28,-60.51,-991.86,78.75,-735.0,-420.0,1,94.284,
01/01/2000,01:28:29.28,20.01,-60.63,-991.62,122.50,-796.25,-437.50,1,94.287,
01/01/2000,01:28:29.29,20.25,-60.63,-991.37,140.0,-743.75,-245.0,1,94.290,
01/01/2000,01:28:29.30,19.52,-60.51,-991.49,43.75,-813.75,-131.25,1,94.293,
01/01/2000,01:28:29.31,18.42,-60.39,-992.23,183.75,-656.25,-218.75,1,94.296,
01/01/2000,01:28:29.32,16.84,-60.15,-992.71,131.25,-638.75,-463.75,1,94.299,
01/01/2000,01:28:29.33,16.10,-60.02,-993.08,87.50,-612.50,-551.25,1,94.253,
01/01/2000,01:28:29.34,16.84,-59.90,-992.96,78.75,-691.25,-420.0,1,94.256,
01/01/2000,01:28:29.35,17.93,-60.02,-992.47,140.0,-673.75,-516.25,1,94.259,
01/01/2000,01:28:29.36,19.15,-60.02,-991.86,26.25,-717.50,-332.50,1,94.262,
01/01/2000,01:28:29.37,20.50,-60.51,-990.76,218.75,-708.75,-428.75,1,94.265,
01/01/2000,01:28:29.38,20.74,-60.63,-990.64,70.0,-805.0,-376.25,1,94.268,
01/01/2000,01:28:29.39,20.50,-60.76,-991.13,192.50,-708.75,-288.75,1,94.271,
01/01/2000,01:28:29.41,19.28,-60.63,-992.10,245.0,-665.0,-175.0,1,94.274,
01/01/2000,01:28:29.42,18.54,-60.15,-992.71,140.0,-665.0,-420.0,1,94.277,
01/01/2000,01:28:29.43,17.81,-60.15,-992.96,122.50,-647.50,-411.25,1,94.280,
01/01/2000,01:28:29.44,17.81,-60.02,-992.84,131.25,-673.75,-358.75,1,94.283,
01/01/2000,01:28:29.45,18.67,-60.39,-992.35,131.25,-700.0,-420.0,1,94.286,
01/01/2000,01:28:29.46,19.40,-60.51,-991.62,280.0,-656.25,-350.0,1,94.289,
01/01/2000,01:28:29.47,20.74,-60.76,-990.88,175.0,-778.75,-323.75,1,94.292,
01/01/2000,01:28:29.48,21.35,-60.63,-990.76,148.75,-770.0,-288.75,1,94.295,
01/01/2000,01:28:29.49,20.01,-60.63,-991.13,78.75,-778.75,-192.50,1,94.298,
01/01/2000,01:28:29.50,18.54,-60.51,-991.86,43.75,-831.25,-96.25,1,94.301,
01/01/2000,01:28:29.51,17.20,-60.63,-992.59,210.0,-682.50,-236.25,1,94.303,
01/01/2000,01:28:29.52,16.23,-60.02,-992.84,87.50,-682.50,-332.50,1,94.306,
01/01/2000,01:28:29.53,16.35,-59.90,-992.84,131.25,-700.0,-420.0,1,94.309,
01/01/2000,01:28:29.54,17.57,-60.15,-992.59,131.25,-621.25,-551.25,1,94.264,
01/01/2000,01:28:29.55,18.79,-60.27,-992.10,227.50,-787.50,-315.0,1,94.267,
01/01/2000,01:28:29.56,19.64,-60.51,-991.37,148.75,-682.50,-271.25,1,94.269,
01/01/2000,01:28:29.57,20.13,-61.0,-991.01,218.75,-612.50,-437.50,1,94.272,
01/01/2000,01:28:29.58,20.50,-60.51,-991.49,157.50,-752.50,-306.25,1,94.275,
01/01/2000,01:28:29.60,20.01,-60.27,-992.10,175.0,-656.25,-271.25,1,94.278,
01/01/2000,01:28:29.61,18.67,-59.90,-993.20,70.0,-708.75,-262.50,1,94.233,
01/01/2000,01:28:29.62,18.18,-59.78,-993.20,218.75,-577.50,-306.25,1,94.236,
01/01/2000,01:28:29.63,18.06,-59.90,-993.08,131.25,-673.75,-288.75,1,94.239,
01/01/2000,01:28:29.64,18.42,-60.27,-992.23,253.75,-726.25,-385.0,1,94.242,
01/01/2000,01:28:29.65,18.79,-60.39,-991.62,323.75,-691.25,-525.0,1,94.245,
01/01/2000,01:28:29.66,19.28,-60.02,-991.01,61.25,-708.75,-393.75,1,94.248,
01/01/2000,01:28:29.67,19.76,-60.15,-990.64,175.0,-717.50,-183.75,1,94.251,
01/01/2000,01:28:29.69,19.28,-60.02,-990.88,43.75,-831.25,-288.75,1,94.253,
01/01/2000,01:28:29.70,18.54,-60.27,-991.25,201.25,-726.25,-315.0,1,94.256,
01/01/2000,01:28:29.71,18.18,-60.02,-991.86,192.50,-560.0,-297.50,1,94.259,
01/01/2000,01:28:29.72,17.69,-59.66,-992.23,52.50,-621.25,-350.0,1,94.262,
01/01/2000,01:28:29.73,18.06,-59.78,-992.35,131.25,-568.75,-367.50,1,94.265,
01/01/2000,01:28:29.74,18.54,-59.78,-992.10,-8.75,-691.25,-297.50,1,94.268,
01/01/2000,01:28:29.75,19.40,-59.90,-991.62,61.25,-778.75,-376.25,1,94.271,
01/01/2000,01:28:29.76,19.89,-60.27,-991.13,105.0,-735.0,-341.25,1,94.274,
01/01/2000,01:28:29.77,20.25,-60.39,-990.88,61.25,-708.75,-218.75,1,94.277,
01/01/2000,01:28:29.78,20.37,-60.27,-990.88,148.75,-848.75,-306.25,1,94.280,
01/01/2000,01:28:29.79,20.01,-60.27,-991.37,297.50,-665.0,-376.25,1,94.283,
01/01/2000,01:28:29.80,19.64,-60.02,-991.86,166.25,-735.0,-227.50,1,94.286,
01/01/2000,01:28:29.81,18.54,-60.02,-992.59,113.75,-673.75,-315.0,1,94.289,
01/01/2000,01:28:29.82,17.81,-59.90,-993.20,131.25,-796.25,-376.25,1,94.292,
01/01/2000,01:28:29.83,17.93,-60.15,-993.08,122.50,-787.50,-393.75,1,94.294,
01/01/2000,01:28:29.84,18.06,-60.02,-992.71,201.25,-665.0,-472.50,1,94.297,
01/01/2000,01:28:29.85,18.67,-60.15,-992.47,87.50,-507.50,-297.50,1,94.300,
01/01/2000,01:28:29.86,19.03,-60.02,-991.98,148.75,-638.75,-358.75,1,94.303,
01/01/2000,01:28:29.87,19.03,-60.15,-991.74,105.0,-831.25,-411.25,1,94.306,
01/01/2000,01:28:29.88,18.30,-60.15,-991.98,157.50,-796.25,-253.75,1,94.309,
01/01/2000,01:28:29.90,17.20,-60.27,-992.59,253.75,-761.25,-350.0,1,94.264,
01/01/2000,01:28:29.91,16.84,-60.02,-993.20,148.75,-778.75,-350.0,1,94.267,
01/01/2000,01:28:29.92,17.20,-59.90,-993.32,131.25,-691.25,-498.75,1,94.270,
01/01/2000,01:28:29.93,18.18,-59.78,-992.71,166.25,-770.0,-393.75,1,94.273,
01/01/2000,01:28:29.94,19.03,-59.78,-992.10,-43.75,-796.25,-385.0,1,94.276,
01/01/2000,01:28:29.95,20.13,-60.02,-991.37,96.25,-770.0,-297.50,1,94.278,
01/01/2000,01:28:29.96,20.74,-60.27,-991.13,148.75,-726.25,-253.75,1,94.281,
01/01/2000,01:28:29.97,20.62,-60.51,-991.49,253.75,-752.50,-367.50,1,94.284,
01/01/2000,01:28:29.98,19.76,-60.27,-991.98,122.50,-577.50,-490.0,1,94.287,
01/01/2000,01:28:29.99,18.79,-60.02,-992.23,166.25,-726.25,-367.50,1,94.290,
01/01/2000,01:28:30.00,18.18,-59.78,-992.47,61.25,-726.25,-367.50,1,94.293,
01/01/2000,01:28:30.01,17.81,-59.54,-992.59,52.50,-708.75,-306.25,1,94.296,
01/01/2000,01:28:30.02,18.06,-59.78,-992.47,140.0,-551.25,-358.75,1,94.299,
01/01/2000,01:28:30.03,18.79,-60.27,-991.74,166.25,-691.25,-297.50,1,94.254,
01/01/2000,01:28:30.04,19.89,-60.39,-991.25,122.50,-796.25,-227.50,1,94.257,
01/01/2000,01:28:30.05,20.13,-60.51,-991.13,280.0,-770.0,-35.0,1,94.260,
01/01/2000,01:28:30.06,19.64,-60.51,-991.37,-8.75,-656.25,-428.75,1,94.263,
01/01/2000,01:28:30.07,18.79,-60.39,-991.98,43.75,-726.25,-183.75,1,94.266,
01/01/2000,01:28:30.08,17.57,-60.02,-992.84,157.50,-621.25,-17.50,1,94.268,
01/01/2000,01:28:30.09,17.08,-59.66,-993.20,166.25,-682.50,105.0,1,94.271,
01/01/2000,01:28:30.11,18.06,-59.17,-993.08,-26.25,-691.25,-446.25,1,94.274,
01/01/2000,01:28:30.12,19.28,-59.54,-992.35,105.0,-595.0,-665.0,1,94.230,
01/01/2000,01:28:30.13,19.89,-60.02,-991.62,201.25,-822.50,-323.75,1,94.233,
01/01/2000,01:28:30.14,20.01,-60.27,-990.88,166.25,-717.50,-385.0,1,94.236,
01/01/2000,01:28:30.15,19.64,-60.51,-991.01,157.50,-787.50,-341.25,1,94.238,
01/01/2000,01:28:30.16,19.03,-60.27,-991.62,192.50,-665.0,-341.25,1,94.241,
01/01/2000,01:28:30.17,18.54,-59.78,-992.35,183.75,-743.75,-341.25,1,94.244,
01/01/2000,01:28:30.19,18.06,-59.41,-992.84,122.50,-656.25,-376.25,1,94.247,
01/01/2000,01:28:30.19,17.81,-59.29,-992.71,122.50,-656.25,-175.0,1,94.250,
01/01/2000,01:28:30.21,17.81,-59.66,-992.35,148.75,-630.0,-358.75,1,94.253,
01/01/2000,01:28:30.22,18.18,-59.90,-991.86,175.0,-682.50,-358.75,1,94.256,
01/01/2000,01:28:30.23,19.03,-60.63,-991.49,175.0,-700.0,-463.75,1,94.259,
01/01/2000,01:28:30.24,19.52,-60.76,-991.13,210.0,-761.25,-402.50,1,94.261,
01/01/2000,01:28:30.25,19.64,-60.51,-990.88,-52.50,-691.25,463.75,1,94.264,
01/01/2000,01:28:30.26,18.91,-60.15,-991.13,201.25,-717.50,1032.50,1,94.267,
01/01/2000,01:28:30.27,18.06,-59.66,-991.98,43.75,-778.75,-525.0,1,94.270,
01/01/2000,01:28:30.28,17.20,-59.66,-992.71,96.25,-813.75,-1268.75,1,94.273,
01/01/2000,01:28:30.29,16.71,-59.54,-993.20,210.0,-700.0,140.0,1,94.276,
01/01/2000,01:28:30.30,17.08,-59.54,-993.08,96.25,-682.50,-166.25,1,94.279,
01/01/2000,01:28:30.31,18.18,-59.90,-992.47,87.50,-752.50,-770.0,1,94.281,
01/01/2000,01:28:30.32,19.03,-59.90,-991.74,166.25,-708.75,-761.25,1,94.284,
01/01/2000,01:28:30.33,19.76,-60.02,-991.01,140.0,-691.25,-52.50,1,94.287,
01/01/2000,01:28:30.34,20.13,-60.27,-990.88,227.50,-726.25,201.25,1,94.290,
01/01/2000,01:28:30.35,20.13,-60.15,-991.37,210.0,-665.0,-376.25,1,94.293,
01/01/2000,01:28:30.36,19.89,-60.02,-992.10,166.25,-708.75,-525.0,1,94.296,
01/01/2000,01:28:30.37,19.52,-59.78,-992.71,131.25,-638.75,-323.75,1,94.298,
01/01/2000,01:28:30.38,18.79,-59.66,-992.71,192.50,-638.75,-481.25,1,94.301,
01/01/2000,01:28:30.39,17.93,-59.66,-992.35,236.25,-770.0,-367.50,1,94.257,
01/01/2000,01:28:30.40,17.93,-59.90,-992.10,183.75,-700.0,-463.75,1,94.260,
01/01/2000,01:28:30.41,18.42,-60.15,-991.86,140.0,-665.0,-533.75,1,94.263,
01/01/2000,01:28:30.42,19.28,-60.27,-991.62,227.50,-708.75,-385.0,1,94.266,
01/01/2000,01:28:30.43,19.89,-60.39,-991.25,201.25,-770.0,262.50,1,94.269,
01/01/2000,01:28:30.44,19.76,-60.02,-991.37,140.0,-752.50,428.75,1,94.272,
01/01/2000,01:28:30.46,18.42,-60.02,-992.10,105.0,-621.25,-288.75,1,94.274,
01/01/2000,01:28:30.47,17.45,-59.78,-992.59,148.75,-647.50,-1233.75,1,94.277,
01/01/2000,01:28:30.48,16.71,-59.41,-993.08,-26.25,-647.50,-1216.25,1,94.280,
01/01/2000,01:28:30.49,16.96,-59.29,-993.08,131.25,-630.0,-428.75,1,94.283,
01/01/2000,01:28:30.50,17.69,-59.29,-992.71,96.25,-621.25,8.75,1,94.286,
01/01/2000,01:28:30.51,19.28,-59.54,-992.23,70.0,-717.50,-393.75,1,94.289,
01/01/2000,01:28:30.52,20.01,-59.90,-991.62,148.75,-691.25,-393.75,1,94.291,
01/01/2000,01:28:30.53,20.37,-60.15,-990.88,61.25,-848.75,-481.25,1,94.294,
01/01/2000,01:28:30.54,20.25,-60.27,-990.88,105.0,-787.50,-446.25,1,94.297,
01/01/2000,01:28:30.55,19.76,-60.27,-990.88,61.25,-726.25,-262.50,1,94.300,
01/01/2000,01:28:30.56,18.79,-59.54,-991.74,87.50,-761.25,-8.75,1,94.303,
01/01/2000,01:28:30.57,18.18,-59.66,-992.35,192.50,-761.25,-323.75,1,94.305,
01/01/2000,01:28:30.58,17.93,-59.78,-993.08,210.0,-612.50,-280.0,1,94.308,
01/01/2000,01:28:30.59,17.57,-59.90,-993.32,218.75,-673.75,-332.50,1,94.311,
01/01/2000,01:28:30.60,18.06,-60.02,-993.08,166.25,-691.25,-997.50,1,94.268,
01/01/2000,01:28:30.62,18.79,-60.02,-992.35,210.0,-630.0,-113.75,1,94.270,
01/01/2000,01:28:30.62,19.28,-60.02,-991.74,70.0,-647.50,376.25,1,94.273,
01/01/2000,01:28:30.64,19.03,-60.27,-991.49,262.50,-840.0,-446.25,1,94.276,
01/01/2000,01:28:30.65,18.54,-60.27,-991.74,157.50,-630.0,-245.0,1,94.279,
01/01/2000,01:28:30.66,17.57,-60.15,-992.35,166.25,-735.0,-218.75,1,94.282,
01/01/2000,01:28:30.67,17.32,-60.02,-992.84,96.25,-691.25,-805.0,1,94.284,
01/01/2000,01:28:30.68,17.57,-59.78,-992.96,113.75,-691.25,-1015.0,1,94.287,
01/01/2000,01:28:30.69,18.30,-59.54,-992.47,122.50,-735.0,-192.50,1,94.290,
01/01/2000,01:28:30.70,19.03,-59.66,-992.10,122.50,-621.25,227.50,1,94.247,
01/01/2000,01:28:30.71,19.28,-60.02,-991.74,113.75,-647.50,-183.75,1,94.295,
01/01/2000,01:28:30.72,19.03,-60.39,-991.86,105.0,-630.0,-428.75,1,94.252,
01/01/2000,01:28:30.73,18.67,-60.51,-992.35,210.0,-831.25,-262.50,1,94.301,
01/01/2000,01:28:30.74,16.71,-60.27,-994.42,297.50,-805.0,-428.75,1,94.258,
01/01/2000,01:28:30.75,14.88,-60.15,-996.25,43.75,-682.50,-105.0,1,94.261,
01/01/2000,01:28:30.76,13.05,-60.02,-997.96,78.75,-770.0,-428.75,1,94.263,
01/01/2000,01:28:30.77,11.47,-59.66,-999.67,192.50,-621.25,-350.0,1,94.266,
01/01/2000,01:28:30.78,11.47,-59.54,-999.67,297.50,-656.25,-577.50,1,94.269,
01/01/2000,01:28:30.79,12.08,-59.54,-998.94,122.50,-577.50,-542.50,1,94.272,
01/01/2000,01:28:30.80,13.05,-59.66,-997.47,140.0,-761.25,-332.50,1,94.275,
01/01/2000,01:28:30.82,14.40,-60.27,-995.28,78.75,-708.75,-280.0,1,94.277,
01/01/2000,01:28:30.83,15.01,-60.51,-995.03,122.50,-778.75,-341.25,1,94.280,
01/01/2000,01:28:30.84,14.64,-60.88,-996.01,140.0,-848.75,-402.50,1,94.283,
01/01/2000,01:28:30.85,13.54,-60.76,-997.84,157.50,-875.0,-201.25,1,94.286,
01/01/2000,01:28:30.86,11.83,-60.39,-1000.16,175.0,-875.0,-367.50,1,94.288,
01/01/2000,01:28:30.87,10.25,-60.02,-1002.23,131.25,-665.0,-376.25,1,94.291,
01/01/2000,01:28:30.88,8.17,-59.54,-1003.57,227.50,-560.0,-341.25,1,94.294,
01/01/2000,01:28:30.89,7.81,-59.41,-1001.99,140.0,-638.75,-323.75,1,94.297,
01/01/2000,01:28:30.90,9.15,-59.78,-1000.03,271.25,-595.0,-525.0,1,94.300,
01/01/2000,01:28:30.91,11.10,-60.27,-998.20,262.50,-673.75,-630.0,1,94.257,
01/01/2000,01:28:30.92,13.18,-60.51,-996.74,122.50,-761.25,-411.25,1,94.305,
01/01/2000,01:28:30.93,15.74,-61.12,-995.64,192.50,-682.50,-131.25,1,94.262,
01/01/2000,01:28:30.94,15.74,-61.0,-995.52,280.0,-831.25,0.0,1,94.265,
01/01/2000,01:28:30.96,14.40,-60.39,-995.89,166.25,-770.0,-105.0,1,94.268,
01/01/2000,01:28:30.97,12.69,-60.02,-996.74,210.0,-761.25,-201.25,1,94.271,
01/01/2000,01:28:30.98,11.96,-59.54,-997.47,-35.0,-568.75,-481.25,1,94.273,
01/01/2000,01:28:30.99,12.69,-59.66,-997.96,245.0,-700.0,-796.25,1,94.276,
01/01/2000,01:28:31.00,14.52,-59.41,-997.11,70.0,-647.50,-586.25,1,94.279,
01/01/2000,01:28:31.01,16.96,-59.90,-995.52,148.75,-665.0,-35.0,1,94.282,
01/01/2000,01:28:31.02,17.32,-60.27,-993.81,253.75,-647.50,175.0,1,94.284,
01/01/2000,01:28:31.03,16.71,-60.76,-992.84,122.50,-787.50,-411.25,1,94.287,
01/01/2000,01:28:31.04,16.59,-61.0,-993.45,288.75,-717.50,-673.75,1,94.290,
01/01/2000,01:28:31.05,17.08,-60.51,-994.79,26.25,-621.25,-551.25,1,94.293,
01/01/2000,01:28:31.06,17.08,-59.54,-995.52,332.50,-770.0,-227.50,1,94.295,
01/01/2000,01:28:31.07,17.08,-59.05,-994.54,105.0,-647.50,-122.50,1,94.298,
01/01/2000,01:28:31.08,16.84,-59.17,-993.45,105.0,-813.75,-131.25,1,94.301,
01/01/2000,01:28:31.09,17.57,-59.90,-992.47,148.75,-708.75,-323.75,1,94.258,
01/01/2000,01:28:31.10,18.06,-60.63,-992.84,131.25,-638.75,-437.50,1,94.261,
01/01/2000,01:28:31.11,18.30,-61.12,-993.45,218.75,-717.50,-428.75,1,94.264,
01/01/2000,01:28:31.12,17.93,-60.63,-993.32,227.50,-700.0,-481.25,1,94.267,
01/01/2000,01:28:31.13,17.32,-59.90,-992.96,52.50,-717.50,-420.0,1,94.269,
01/01/2000,01:28:31.15,17.57,-59.05,-992.59,157.50,-761.25,-358.75,1,94.272,
01/01/2000,01:28:31.16,18.42,-59.29,-992.96,122.50,-770.0,-253.75,1,94.275,
01/01/2000,01:28:31.17,18.67,-59.66,-993.08,105.0,-533.75,-157.50,1,94.278,
01/01/2000,01:28:31.18,18.42,-60.51,-992.71,218.75,-752.50,-428.75,1,94.280,
01/01/2000,01:28:31.19,18.06,-60.76,-992.23,157.50,-630.0,-437.50,1,94.283,
01/01/2000,01:28:31.20,18.06,-60.76,-992.23,227.50,-665.0,-446.25,1,94.286,
01/01/2000,01:28:31.21,18.30,-60.39,-992.35,175.0,-717.50,-411.25,1,94.288,
01/01/2000,01:28:31.22,18.79,-59.78,-992.59,201.25,-586.25,-411.25,1,94.291,
01/01/2000,01:28:31.23,18.42,-59.41,-992.35,113.75,-691.25,-262.50,1,94.249,
01/01/2000,01:28:31.24,18.06,-59.54,-992.23,192.50,-682.50,-271.25,1,94.252,
01/01/2000,01:28:31.25,18.06,-59.66,-992.10,192.50,-717.50,-262.50,1,94.255,
01/01/2000,01:28:31.26,18.18,-60.27,-992.10,201.25,-638.75,-367.50,1,94.257,
01/01/2000,01:28:31.27,18.67,-60.63,-992.35,113.75,-770.0,-411.25,1,94.260,
01/01/2000,01:28:31.28,18.54,-60.63,-992.23,262.50,-726.25,-411.25,1,94.263,
01/01/2000,01:28:31.29,18.30,-60.15,-992.10,201.25,-717.50,-341.25,1,94.265,
01/01/2000,01:28:31.30,17.57,-59.78,-992.59,157.50,-770.0,-96.25,1,94.268,
01/01/2000,01:28:31.31,17.08,-59.29,-993.20,87.50,-621.25,-323.75,1,94.271,
01/01/2000,01:28:31.32,17.08,-60.02,-994.18,236.25,-717.50,-385.0,1,94.274,
01/01/2000,01:28:31.33,18.30,-59.78,-996.98,26.25,-787.50,-883.75,1,94.276,
01/01/2000,01:28:31.34,20.50,-60.51,-1000.16,227.50,-603.75,-577.50,1,94.279,
01/01/2000,01:28:31.35,22.33,-60.63,-1002.60,122.50,-700.0,-140.0,1,94.282,
01/01/2000,01:28:31.36,21.84,-60.76,-1002.47,288.75,-656.25,113.75,1,94.284,
01/01/2000,01:28:31.38,20.01,-60.27,-1000.77,157.50,-638.75,-350.0,1,94.287,
01/01/2000,01:28:31.39,18.54,-60.02,-999.55,245.0,-630.0,-271.25,1,94.290,
01/01/2000,01:28:31.40,17.45,-59.78,-998.69,131.25,-708.75,-560.0,1,94.292,
01/01/2000,01:28:31.41,17.32,-60.39,-999.67,306.25,-752.50,-595.0,1,94.295,
01/01/2000,01:28:31.42,17.93,-60.51,-1001.62,78.75,-778.75,-533.75,1,94.298,
01/01/2000,01:28:31.43,18.54,-60.76,-1003.69,218.75,-630.0,-577.50,1,94.301,
01/01/2000,01:28:31.44,19.28,-60.51,-1005.77,201.25,-586.25,-367.50,1,94.259,
01/01/2000,01:28:31.45,18.79,-60.02,-1005.89,183.75,-630.0,638.75,1,94.262,
01/01/2000,01:28:31.46,18.30,-59.78,-1004.18,262.50,-516.25,656.25,1,94.264,
01/01/2000,01:28:31.47,17.57,-59.54,-1002.35,175.0,-700.0,-227.50,1,94.267,
01/01/2000,01:28:31.48,17.57,-59.90,-1000.64,253.75,-665.0,-402.50,1,94.270,
01/01/2000,01:28:31.49,18.06,-60.27,-999.67,166.25,-717.50,-8.75,1,94.272,
01/01/2000,01:28:31.50,18.54,-60.63,-999.06,236.25,-691.25,-1058.75,1,94.275,
01/01/2000,01:28:31.52,19.40,-60.88,-999.18,175.0,-743.75,-1312.50,1,94.278,
01/01/2000,01:28:31.53,19.76,-60.39,-999.91,280.0,-656.25,-43.75,1,94.280,
01/01/2000,01:28:31.54,19.89,-60.02,-1000.16,122.50,-595.0,323.75,1,94.283,
01/01/2000,01:28:31.55,19.28,-59.78,-1000.03,236.25,-656.25,-17.50,1,94.286,
01/01/2000,01:28:31.56,18.67,-59.54,-999.42,183.75,-665.0,-621.25,1,94.288,
01/01/2000,01:28:31.57,18.30,-59.90,-998.20,210.0,-647.50,-735.0,1,94.291,
01/01/2000,01:28:31.58,18.30,-59.90,-996.74,43.75,-682.50,-481.25,1,94.294,
01/01/2000,01:28:31.59,18.54,-60.27,-994.79,271.25,-621.25,-341.25,1,94.296,
01/01/2000,01:28:31.60,18.54,-60.15,-993.57,157.50,-743.75,-411.25,1,94.299,
01/01/2000,01:28:31.61,18.54,-59.90,-993.08,140.0,-717.50,-315.0,1,94.302,
01/01/2000,01:28:31.62,18.79,-60.02,-993.32,148.75,-822.50,-393.75,1,94.304,
01/01/2000,01:28:31.63,19.03,-59.78,-994.06,113.75,-743.75,-490.0,1,94.307,
01/01/2000,01:28:31.64,18.79,-60.02,-994.42,192.50,-717.50,-385.0,1,94.310,
01/01/2000,01:28:31.66,18.18,-60.02,-993.93,280.0,-665.0,-262.50,1,94.268,
01/01/2000,01:28:31.67,17.69,-59.78,-993.20,78.75,-778.75,-315.0,1,94.271,
01/01/2000,01:28:31.68,17.08,-60.02,-991.62,61.25,-743.75,-175.0,1,94.274,
01/01/2000,01:28:31.69,17.32,-59.90,-991.25,280.0,-700.0,-498.75,1,94.276,
01/01/2000,01:28:31.70,18.06,-60.02,-991.37,183.75,-691.25,-542.50,1,94.279,
01/01/2000,01:28:31.71,18.79,-60.27,-991.98,253.75,-708.75,-490.0,1,94.282,
01/01/2000,01:28:31.72,19.76,-60.02,-992.84,175.0,-691.25,-367.50,1,94.284,
01/01/2000,01:28:31.73,20.01,-60.02,-993.20,358.75,-700.0,-218.75,1,94.243,
01/01/2000,01:28:31.74,19.64,-59.78,-993.08,175.0,-595.0,-280.0,1,94.246,
01/01/2000,01:28:31.75,19.15,-59.78,-992.71,175.0,-542.50,-245.0,1,94.249,
01/01/2000,01:28:31.76,18.54,-59.78,-992.35,61.25,-778.75,-437.50,1,94.251,
01/01/2000,01:28:31.77,18.67,-60.15,-992.23,323.75,-787.50,-323.75,1,94.254,
01/01/2000,01:28:31.78,18.67,-60.02,-992.35,157.50,-647.50,-420.0,1,94.257,
01/01/2000,01:28:31.79,18.79,-60.27,-992.23,148.75,-647.50,-490.0,1,94.259,
01/01/2000,01:28:31.80,18.91,-60.02,-991.86,105.0,-630.0,-393.75,1,94.262,
01/01/2000,01:28:31.81,18.54,-59.78,-991.62,122.50,-717.50,-385.0,1,94.265,
01/01/2000,01:28:31.82,18.42,-59.66,-991.37,227.50,-682.50,-271.25,1,94.267,
01/01/2000,01:28:31.83,18.30,-59.66,-991.25,-26.25,-726.25,-253.75,1,94.270,
01/01/2000,01:28:31.84,18.42,-59.78,-991.49,52.50,-708.75,-323.75,1,94.273,
01/01/2000,01:28:31.85,18.79,-60.15,-991.86,140.0,-778.75,-446.25,1,94.275,
01/01/2000,01:28:31.87,19.40,-60.15,-992.35,0.0,-673.75,-428.75,1,94.278,
01/01/2000,01:28:31.88,19.03,-60.27,-991.62,227.50,-752.50,-245.0,1,94.280,
01/01/2000,01:28:31.89,17.93,-59.90,-990.40,253.75,-822.50,-350.0,1,94.283,
01/01/2000,01:28:31.90,17.45,-60.02,-989.79,280.0,-700.0,-306.25,1,94.286,
01/01/2000,01:28:31.91,17.69,-59.78,-990.27,96.25,-708.75,-490.0,1,94.288,
01/01/2000,01:28:31.92,18.42,-60.02,-991.37,201.25,-708.75,-455.0,1,94.291,
01/01/2000,01:28:31.93,19.64,-60.51,-993.45,140.0,-621.25,-420.0,1,94.294,
01/01/2000,01:28:31.94,19.52,-60.76,-994.18,175.0,-542.50,-411.25,1,94.296,
01/01/2000,01:28:31.95,19.15,-60.51,-993.45,253.75,-735.0,-472.50,1,94.299,
01/01/2000,01:28:31.96,18.67,-60.02,-992.35,105.0,-603.75,-402.50,1,94.301,
01/01/2000,01:28:31.97,18.42,-59.78,-991.37,166.25,-726.25,-332.50,1,94.304,
01/01/2000,01:28:31.98,18.91,-60.02,-991.13,280.0,-752.50,-332.50,1,94.307,
01/01/2000,01:28:31.99,19.28,-60.27,-991.62,148.75,-603.75,-367.50,1,94.309,
01/01/2000,01:28:32.00,19.40,-60.51,-992.59,183.75,-586.25,-420.0,1,94.269,
01/01/2000,01:28:32.01,19.28,-60.63,-993.08,227.50,-516.25,-393.75,1,94.271,
01/01/2000,01:28:32.02,18.42,-60.27,-993.08,131.25,-770.0,-420.0,1,94.274,
01/01/2000,01:28:32.03,17.81,-60.15,-992.35,227.50,-805.0,-358.75,1,94.277,
01/01/2000,01:28:32.04,17.57,-59.78,-991.98,192.50,-682.50,-463.75,1,94.279,
01/01/2000,01:28:32.05,17.69,-59.78,-991.74,280.0,-726.25,-428.75,1,94.282,
01/01/2000,01:28:32.06,18.30,-59.90,-991.62,105.0,-708.75,-577.50,1,94.284,
01/01/2000,01:28:32.08,18.67,-60.51,-991.13,192.50,-656.25,-297.50,1,94.287,
01/01/2000,01:28:32.09,18.67,-60.27,-990.27,262.50,-682.50,-315.0,1,94.290,
01/01/2000,01:28:32.10,18.30,-60.02,-989.66,61.25,-831.25,-463.75,1,94.292,
01/01/2000,01:28:32.11,18.54,-60.27,-989.79,148.75,-770.0,-787.50,1,94.295,
01/01/2000,01:28:32.12,18.79,-60.02,-991.01,271.25,-700.0,-1058.75,1,94.297,
01/01/2000,01:28:32.13,19.28,-60.15,-992.47,175.0,-813.75,-367.50,1,94.300,
01/01/2000,01:28:32.14,19.76,-60.15,-994.06,218.75,-708.75,-26.25,1,94.303,
01/01/2000,01:28:32.15,19.89,-60.02,-993.57,148.75,-647.50,-402.50,1,94.262,
01/01/2000,01:28:32.17,18.06,-60.02,-991.37,175.0,-743.75,-376.25,1,94.222,
01/01/2000,01:28:32.18,18.42,-60.02,-991.01,52.50,-708.75,-577.50,1,94.225,
01/01/2000,01:28:32.19,18.79,-60.27,-991.62,227.50,-857.50,-700.0,1,94.227,
01/01/2000,01:28:32.21,19.40,-60.27,-992.35,341.25,-708.75,-533.75,1,94.230,
01/01/2000,01:28:32.21,19.40,-60.27,-992.59,236.25,-630.0,-306.25,1,94.233,
01/01/2000,01:28:32.23,19.03,-59.90,-992.35,183.75,-770.0,-472.50,1,94.235,
01/01/2000,01:28:32.24,18.79,-59.66,-991.86,131.25,-673.75,-306.25,1,94.238,
01/01/2000,01:28:32.25,18.79,-59.78,-991.25,78.75,-621.25,-358.75,1,94.240,
01/01/2000,01:28:32.26,18.67,-60.02,-990.76,140.0,-752.50,-402.50,1,94.243,
01/01/2000,01:28:32.27,18.67,-60.02,-990.40,78.75,-656.25,-323.75,1,94.246,
01/01/2000,01:28:32.28,18.79,-60.27,-990.27,262.50,-770.0,-358.75,1,94.248,
01/01/2000,01:28:32.29,18.67,-60.02,-990.40,35.0,-691.25,-376.25,1,94.251,
01/01/2000,01:28:32.30,18.18,-59.78,-990.15,236.25,-638.75,-201.25,1,94.253,
01/01/2000,01:28:32.31,17.93,-59.78,-990.03,157.50,-621.25,-140.0,1,94.256,
01/01/2000,01:28:32.32,18.06,-59.90,-990.64,245.0,-761.25,-210.0,1,94.259,
01/01/2000,01:28:32.33,18.42,-60.15,-991.25,87.50,-665.0,-393.75,1,94.261,
01/01/2000,01:28:32.34,19.15,-60.27,-992.84,210.0,-743.75,-323.75,1,94.264,
01/01/2000,01:28:32.35,19.52,-60.27,-993.57,280.0,-577.50,-428.75,1,94.266,
01/01/2000,01:28:32.36,19.76,-60.02,-993.81,175.0,-787.50,-358.75,1,94.269,
01/01/2000,01:28:32.37,19.76,-59.78,-993.08,271.25,-673.75,-323.75,1,94.272,
01/01/2000,01:28:32.38,19.15,-59.90,-992.10,61.25,-700.0,-288.75,1,94.232,
01/01/2000,01:28:32.39,18.79,-59.90,-991.37,70.0,-673.75,-315.0,1,94.234,
01/01/2000,01:28:32.40,18.30,-60.27,-990.64,218.75,-726.25,-393.75,1,94.237,
01/01/2000,01:28:32.41,18.18,-60.27,-991.01,253.75,-595.0,-428.75,1,94.239,
01/01/2000,01:28:32.42,18.18,-60.39,-991.62,113.75,-813.75,-245.0,1,94.242,
01/01/2000,01:28:32.44,18.30,-60.27,-992.47,227.50,-752.50,-411.25,1,94.245,
01/01/2000,01:28:32.45,18.30,-60.02,-992.59,43.75,-761.25,-323.75,1,94.247,
01/01/2000,01:28:32.46,18.30,-59.78,-992.71,17.50,-638.75,-210.0,1,94.250,
01/01/2000,01:28:32.47,18.18,-60.15,-992.35,192.50,-656.25,-306.25,1,94.252,
01/01/2000,01:28:32.48,18.30,-60.15,-991.74,288.75,-577.50,-315.0,1,94.255,
01/01/2000,01:28:32.49,18.42,-60.27,-991.01,280.0,-752.50,-201.25,1,94.258,
01/01/2000,01:28:32.50,18.06,-60.51,-990.03,148.75,-752.50,-341.25,1,94.260,
01/01/2000,01:28:32.51,17.57,-60.63,-988.93,253.75,-717.50,-393.75,1,94.263,
01/01/2000,01:28:32.52,18.06,-60.39,-989.54,105.0,-770.0,-288.75,1,94.265,
01/01/2000,01:28:32.53,18.79,-60.51,-991.01,271.25,-752.50,-498.75,1,94.268,
01/01/2000,01:28:32.54,19.64,-60.27,-992.84,131.25,-682.50,-463.75,1,94.270,
01/01/2000,01:28:32.55,20.01,-60.39,-994.18,140.0,-568.75,-201.25,1,94.273,
01/01/2000,01:28:32.56,19.76,-60.39,-994.54,227.50,-656.25,-315.0,1,94.275,
01/01/2000,01:28:32.57,19.15,-60.39,-994.06,131.25,-735.0,-210.0,1,94.278,
01/01/2000,01:28:32.58,18.18,-60.51,-992.35,210.0,-612.50,-236.25,1,94.239,
01/01/2000,01:28:32.59,18.06,-60.39,-991.37,341.25,-700.0,-306.25,1,94.241,
01/01/2000,01:28:32.60,17.93,-60.51,-990.88,175.0,-647.50,-428.75,1,94.244,
01/01/2000,01:28:32.61,18.42,-60.76,-990.88,113.75,-787.50,-446.25,1,94.246,
01/01/2000,01:28:32.62,19.03,-60.63,-991.74,210.0,-787.50,-245.0,1,94.249,
01/01/2000,01:28:32.63,19.40,-60.51,-992.23,201.25,-647.50,-420.0,1,94.251,
01/01/2000,01:28:32.65,19.28,-60.39,-992.84,148.75,-717.50,-253.75,1,94.254,
01/01/2000,01:28:32.66,19.28,-60.27,-992.84,280.0,-673.75,-385.0,1,94.256,
01/01/2000,01:28:32.67,19.03,-60.15,-992.47,253.75,-726.25,-262.50,1,94.259,
01/01/2000,01:28:32.68,18.67,-60.39,-992.35,131.25,-770.0,-367.50,1,94.220,
01/01/2000,01:28:32.69,18.67,-60.76,-992.23,227.50,-647.50,-350.0,1,94.222,
01/01/2000,01:28:32.70,18.06,-60.63,-991.25,78.75,-673.75,-323.75,1,94.225,
01/01/2000,01:28:32.71,17.32,-60.51,-990.03,245.0,-735.0,-201.25,1,94.227,
01/01/2000,01:28:32.72,17.20,-60.27,-989.18,87.50,-805.0,-507.50,1,94.230,
01/01/2000,01:28:32.73,18.30,-60.27,-990.15,140.0,-708.75,-428.75,1,94.232,
01/01/2000,01:28:32.74,19.40,-60.39,-992.10,271.25,-708.75,-420.0,1,94.235,
01/01/2000,01:28:32.75,20.37,-60.88,-994.06,218.75,-638.75,-402.50,1,94.238,
01/01/2000,01:28:32.76,20.25,-60.76,-995.28,157.50,-743.75,-245.0,1,94.240,
01/01/2000,01:28:32.77,19.52,-60.39,-994.54,96.25,-612.50,-323.75,1,94.243,
01/01/2000,01:28:32.78,18.67,-60.39,-993.32,271.25,-595.0,-192.50,1,94.245,
01/01/2000,01:28:32.80,18.06,-59.90,-991.37,148.75,-778.75,-376.25,1,94.248,
01/01/2000,01:28:32.81,18.18,-60.27,-990.88,271.25,-691.25,-306.25,1,94.250,
01/01/2000,01:28:32.82,19.03,-60.39,-990.88,218.75,-708.75,-358.75,1,94.253,
01/01/2000,01:28:32.83,19.64,-60.88,-991.49,35.0,-708.75,-393.75,1,94.255,
01/01/2000,01:28:32.84,20.01,-61.12,-992.10,192.50,-726.25,-297.50,1,94.258,
01/01/2000,01:28:32.85,19.64,-61.0,-992.84,131.25,-673.75,-455.0,1,94.260,
01/01/2000,01:28:32.86,18.54,-60.51,-993.20,157.50,-708.75,-332.50,1,94.263,
01/01/2000,01:28:32.87,17.93,-60.27,-992.84,341.25,-805.0,-262.50,1,94.266,
01/01/2000,01:28:32.88,17.32,-60.15,-992.59,78.75,-647.50,-288.75,1,94.268,
01/01/2000,01:28:32.89,17.32,-60.39,-992.35,236.25,-647.50,-288.75,1,94.271,
01/01/2000,01:28:32.90,17.32,-60.51,-991.62,323.75,-770.0,-350.0,1,94.273,
01/01/2000,01:28:32.91,17.20,-60.51,-990.15,210.0,-682.50,-358.75,1,94.276,
01/01/2000,01:28:32.92,17.45,-60.76,-989.66,113.75,-682.50,-455.0,1,94.278,
01/01/2000,01:28:32.93,18.30,-60.76,-990.40,323.75,-813.75,-428.75,1,94.239,
01/01/2000,01:28:32.94,18.91,-60.63,-991.62,166.25,-735.0,-297.50,1,94.242,
01/01/2000,01:28:32.95,19.28,-60.51,-992.84,148.75,-708.75,-437.50,1,94.244,
01/01/2000,01:28:32.96,19.40,-60.27,-994.54,175.0,-673.75,-280.0,1,94.247,
01/01/2000,01:28:32.97,18.79,-60.39,-994.54,113.75,-621.25,-166.25,1,94.249,
01/01/2000,01:28:32.98,18.06,-60.51,-993.57,245.0,-595.0,-350.0,1,94.252,
01/01/2000,01:28:33.00,17.93,-60.63,-992.23,131.25,-778.75,-428.75,1,94.254,
01/01/2000,01:28:33.01,18.54,-61.0,-992.35,122.50,-743.75,-385.0,1,94.257,
01/01/2000,01:28:33.02,19.28,-61.0,-992.59,140.0,-682.50,-288.75,1,94.259,
01/01/2000,01:28:33.03,19.52,-61.0,-992.96,210.0,-805.0,-367.50,1,94.262,
01/01/2000,01:28:33.04,19.28,-60.76,-992.84,122.50,-717.50,-306.25,1,94.264,
01/01/2000,01:28:33.05,18.91,-60.51,-992.35,175.0,-665.0,-332.50,1,94.267,
01/01/2000,01:28:33.06,18.30,-60.27,-991.86,262.50,-726.25,-297.50,1,94.269,
01/01/2000,01:28:33.07,18.06,-60.27,-991.37,96.25,-717.50,-262.50,1,94.272,
01/01/2000,01:28:33.08,18.30,-60.76,-991.49,288.75,-708.75,-323.75,1,94.274,
01/01/2000,01:28:33.09,18.42,-61.0,-991.49,157.50,-682.50,-358.75,1,94.277,
01/01/2000,01:28:33.10,18.54,-61.0,-991.25,183.75,-735.0,-533.75,1,94.279,
01/01/2000,01:28:33.11,18.54,-60.63,-990.76,210.0,-726.25,-288.75,1,94.282,
01/01/2000,01:28:33.12,18.30,-60.51,-990.40,210.0,-708.75,-297.50,1,94.284,
01/01/2000,01:28:33.13,18.18,-60.51,-990.15,192.50,-612.50,-411.25,1,94.287,
01/01/2000,01:28:33.15,18.54,-60.76,-991.49,280.0,-647.50,-262.50,1,94.248,
01/01/2000,01:28:33.16,19.03,-61.12,-992.59,192.50,-735.0,-420.0,1,94.251,
01/01/2000,01:28:33.17,19.28,-61.24,-993.69,218.75,-752.50,-490.0,1,94.253,
01/01/2000,01:28:33.18,19.28,-61.0,-994.54,201.25,-638.75,-210.0,1,94.215,
01/01/2000,01:28:33.19,19.03,-60.76,-994.06,35.0,-743.75,-437.50,1,94.217,
01/01/2000,01:28:33.20,18.79,-60.51,-993.32,253.75,-691.25,-288.75,1,94.220,
01/01/2000,01:28:33.21,18.67,-60.63,-992.59,122.50,-665.0,-376.25,1,94.222,
01/01/2000,01:28:33.23,18.91,-60.88,-992.59,201.25,-787.50,-393.75,1,94.225,
01/01/2000,01:28:33.24,19.15,-61.0,-992.84,210.0,-761.25,-402.50,1,94.227,
01/01/2000,01:28:33.25,18.91,-61.0,-992.47,288.75,-621.25,-227.50,1,94.230,
01/01/2000,01:28:33.26,18.67,-60.76,-991.98,157.50,-778.75,-358.75,1,94.232,
01/01/2000,01:28:33.27,18.42,-60.39,-991.74,96.25,-673.75,-393.75,1,94.235,
01/01/2000,01:28:33.28,18.30,-60.39,-991.86,201.25,-787.50,-306.25,1,94.237,
01/01/2000,01:28:33.29,18.30,-60.27,-992.35,157.50,-560.0,-350.0,1,94.240,
01/01/2000,01:28:33.30,18.42,-60.63,-992.59,393.75,-761.25,-393.75,1,94.242,
01/01/2000,01:28:33.31,18.42,-60.76,-992.59,96.25,-656.25,-367.50,1,94.245,
01/01/2000,01:28:33.32,18.30,-60.76,-991.86,201.25,-638.75,-367.50,1,94.247,
01/01/2000,01:28:33.33,18.18,-60.63,-990.88,131.25,-735.0,-315.0,1,94.250,
01/01/2000,01:28:33.34,18.54,-60.63,-990.88,61.25,-691.25,-376.25,1,94.252,
01/01/2000,01:28:33.35,19.03,-60.63,-991.49,140.0,-787.50,-533.75,1,94.255,
01/01/2000,01:28:33.36,19.64,-61.0,-993.32,52.50,-708.75,-297.50,1,94.257,
01/01/2000,01:28:33.37,19.52,-60.88,-994.06,43.75,-665.0,-315.0,1,94.260,
01/01/2000,01:28:33.38,19.15,-60.88,-993.69,157.50,-691.25,-227.50,1,94.262,
01/01/2000,01:28:33.39,18.30,-60.76,-993.08,297.50,-752.50,-332.50,1,94.265,
01/01/2000,01:28:33.40,17.93,-60.51,-992.71,157.50,-665.0,-253.75,1,94.267,
01/01/2000,01:28:33.41,18.30,-60.88,-992.47,323.75,-682.50,-402.50,1,94.270,
01/01/2000,01:28:33.42,18.67,-60.88,-992.47,157.50,-708.75,-288.75,1,94.232,
01/01/2000,01:28:33.43,19.03,-61.0,-992.59,253.75,-796.25,-245.0,1,94.234,
01/01/2000,01:28:33.44,19.28,-61.12,-993.08,35.0,-691.25,-315.0,1,94.237,
01/01/2000,01:28:33.46,19.03,-61.24,-992.84,411.25,-857.50,-385.0,1,94.239,
01/01/2000,01:28:33.46,18.67,-60.76,-992.35,131.25,-560.0,-463.75,1,94.242,
01/01/2000,01:28:33.48,18.30,-60.76,-991.86,148.75,-682.50,-411.25,1,94.244,
01/01/2000,01:28:33.49,18.54,-60.51,-992.10,26.25,-682.50,-341.25,1,94.246,
01/01/2000,01:28:33.50,18.91,-60.88,-992.59,175.0,-787.50,-315.0,1,94.249,
01/01/2000,01:28:33.51,19.03,-60.88,-992.59,43.75,-665.0,-271.25,1,94.251,
01/01/2000,01:28:33.52,18.30,-61.0,-991.74,148.75,-682.50,-201.25,1,94.254,
01/01/2000,01:28:33.53,18.06,-60.51,-991.25,61.25,-603.75,-428.75,1,94.256,
01/01/2000,01:28:33.54,18.18,-60.76,-991.37,271.25,-752.50,-288.75,1,94.259,
01/01/2000,01:28:33.55,19.03,-60.76,-992.84,8.75,-673.75,-472.50,1,94.261,
01/01/2000,01:28:33.56,19.15,-61.12,-993.57,192.50,-708.75,-218.75,1,94.264,
01/01/2000,01:28:33.57,18.91,-60.88,-993.81,218.75,-717.50,-420.0,1,94.226,
01/01/2000,01:28:33.58,18.42,-60.76,-993.32,105.0,-656.25,-446.25,1,94.228,
01/01/2000,01:28:33.59,18.42,-60.76,-993.08,166.25,-717.50,-393.75,1,94.231,
01/01/2000,01:28:33.60,18.18,-60.76,-992.96,43.75,-726.25,-350.0,1,94.233,
01/01/2000,01:28:33.61,18.91,-61.0,-993.32,131.25,-726.25,-350.0,1,94.236,
01/01/2000,01:28:33.62,19.03,-61.12,-993.57,271.25,-621.25,-507.50,1,94.238,
01/01/2000,01:28:33.64,19.28,-61.12,-993.57,157.50,-647.50,-367.50,1,94.241,
01/01/2000,01:28:33.65,19.03,-60.88,-993.08,271.25,-708.75,-306.25,1,94.243,
01/01/2000,01:28:33.66,18.79,-60.76,-992.59,70.0,-743.75,-210.0,1,94.246,
01/01/2000,01:28:33.67,18.54,-60.51,-992.10,253.75,-691.25,-227.50,1,94.248,
01/01/2000,01:28:33.68,18.30,-60.76,-991.86,218.75,-621.25,-245.0,1,94.250,
01/01/2000,01:28:33.69,18.30,-61.0,-991.62,166.25,-682.50,-463.75,1,94.253,
01/01/2000,01:28:33.70,18.30,-61.0,-991.49,253.75,-638.75,-350.0,1,94.215,
01/01/2000,01:28:33.71,18.30,-61.0,-991.49,323.75,-752.50,-350.0,1,94.218,
01/01/2000,01:28:33.72,18.18,-61.0,-991.37,157.50,-630.0,-385.0,1,94.220,
01/01/2000,01:28:33.73,18.06,-60.76,-991.37,113.75,-708.75,-446.25,1,94.223,
01/01/2000,01:28:33.74,18.30,-60.63,-991.86,43.75,-743.75,-358.75,1,94.225,
01/01/2000,01:28:33.75,18.91,-60.76,-993.08,52.50,-778.75,-341.25,1,94.228,
01/01/2000,01:28:33.76,19.03,-61.0,-993.57,0.0,-621.25,-306.25,1,94.230,
01/01/2000,01:28:33.77,19.03,-60.88,-993.57,157.50,-717.50,-306.25,1,94.232,
01/01/2000,01:28:33.79,18.30,-60.76,-992.47,175.0,-717.50,-376.25,1,94.235,
01/01/2000,01:28:33.79,18.18,-60.51,-991.74,26.25,-673.75,-262.50,1,94.237,
01/01/2000,01:28:33.81,18.06,-60.63,-991.37,280.0,-717.50,-341.25,1,94.240,
01/01/2000,01:28:33.82,18.67,-61.0,-991.62,96.25,-708.75,-271.25,1,94.242,
01/01/2000,01:28:33.83,19.03,-61.0,-992.35,175.0,-682.50,-446.25,1,94.245,
01/01/2000,01:28:33.84,19.15,-61.24,-992.84,61.25,-770.0,-385.0,1,94.247,
01/01/2000,01:28:33.85,18.79,-61.24,-993.08,148.75,-700.0,-420.0,1,94.249,
01/01/2000,01:28:33.86,18.54,-61.0,-992.84,280.0,-673.75,-385.0,1,94.252,
01/01/2000,01:28:33.87,18.42,-60.76,-992.23,175.0,-787.50,-332.50,1,94.254,
01/01/2000,01:28:33.88,18.06,-60.76,-991.62,201.25,-665.0,-288.75,1,94.257,
01/01/2000,01:28:33.89,18.18,-60.88,-991.13,297.50,-638.75,-393.75,1,94.259,
01/01/2000,01:28:33.90,18.42,-61.0,-991.01,201.25,-647.50,-350.0,1,94.262,
01/01/2000,01:28:33.91,18.54,-61.12,-990.76,35.0,-691.25,-262.50,1,94.264,
01/01/2000,01:28:33.92,18.18,-61.12,-990.64,306.25,-656.25,-525.0,1,94.227,
01/01/2000,01:28:33.93,18.18,-61.0,-991.01,148.75,-603.75,-315.0,1,94.229,
01/01/2000,01:28:33.94,18.67,-60.88,-991.98,245.0,-586.25,-297.50,1,94.232,
01/01/2000,01:28:33.95,19.03,-60.76,-993.57,105.0,-691.25,-358.75,1,94.234,
01/01/2000,01:28:33.96,19.15,-60.76,-994.18,105.0,-568.75,-262.50,1,94.236,
01/01/2000,01:28:33.97,18.79,-61.0,-994.06,192.50,-691.25,-280.0,1,94.239,
01/01/2000,01:28:33.98,18.30,-60.88,-993.45,210.0,-612.50,-323.75,1,94.241,
01/01/2000,01:28:34.00,18.18,-61.12,-992.10,297.50,-647.50,-367.50,1,94.244,
01/01/2000,01:28:34.01,18.30,-61.0,-991.37,175.0,-717.50,-367.50,1,94.246,
01/01/2000,01:28:34.02,18.91,-61.49,-991.62,218.75,-717.50,-358.75,1,94.249,
01/01/2000,01:28:34.03,19.28,-61.24,-992.47,122.50,-691.25,-385.0,1,94.251,
01/01/2000,01:28:34.04,19.40,-61.24,-992.84,183.75,-691.25,-271.25,1,94.253,
01/01/2000,01:28:34.05,19.03,-61.12,-993.08,157.50,-647.50,-420.0,1,94.256,
01/01/2000,01:28:34.06,18.30,-60.88,-992.35,148.75,-743.75,-323.75,1,94.258,
01/01/2000,01:28:34.07,18.06,-60.63,-991.98,192.50,-691.25,-350.0,1,94.261,
01/01/2000,01:28:34.08,18.06,-60.63,-991.74,96.25,-595.0,-341.25,1,94.263,
01/01/2000,01:28:34.09,18.30,-60.88,-991.62,113.75,-665.0,-367.50,1,94.265,
01/01/2000,01:28:34.10,18.54,-61.24,-991.25,227.50,-665.0,-376.25,1,94.268,
01/01/2000,01:28:34.11,18.30,-61.0,-990.40,96.25,-743.75,-402.50,1,94.270,
01/01/2000,01:28:34.12,18.42,-61.0,-990.52,306.25,-743.75,-288.75,1,94.273,
01/01/2000,01:28:34.13,19.15,-61.12,-992.23,280.0,-787.50,-332.50,1,94.236,
01/01/2000,01:28:34.14,19.40,-61.24,-993.57,148.75,-700.0,-420.0,1,94.238,
01/01/2000,01:28:34.15,19.03,-61.12,-994.30,166.25,-638.75,-253.75,1,94.240,
01/01/2000,01:28:34.16,18.67,-61.12,-994.30,227.50,-726.25,-332.50,1,94.243,
01/01/2000,01:28:34.17,18.06,-60.63,-993.08,131.25,-717.50,-455.0,1,94.245,
01/01/2000,01:28:34.19,17.57,-60.76,-992.10,358.75,-752.50,-262.50,1,94.248,
01/01/2000,01:28:34.19,17.69,-60.51,-991.74,35.0,-691.25,-332.50,1,94.250,
01/01/2000,01:28:34.21,18.91,-61.12,-992.10,332.50,-630.0,-367.50,1,94.213,
01/01/2000,01:28:34.22,19.03,-61.37,-992.35,218.75,-691.25,-455.0,1,94.216,
01/01/2000,01:28:34.23,19.28,-61.49,-993.08,271.25,-708.75,-446.25,1,94.218,
01/01/2000,01:28:34.24,18.79,-61.0,-993.20,8.75,-691.25,-350.0,1,94.220,
01/01/2000,01:28:34.25,18.30,-60.88,-993.20,140.0,-761.25,-218.75,1,94.223,
01/01/2000,01:28:34.26,17.93,-60.63,-993.08,96.25,-673.75,-253.75,1,94.225,
01/01/2000,01:28:34.27,18.06,-60.63,-992.96,253.75,-708.75,-315.0,1,94.228,
01/01/2000,01:28:34.29,18.30,-61.0,-992.59,262.50,-752.50,-446.25,1,94.230,
01/01/2000,01:28:34.30,18.30,-61.12,-992.10,210.0,-752.50,-297.50,1,94.232,
01/01/2000,01:28:34.31,18.18,-61.12,-990.88,70.0,-761.25,-411.25,1,94.235,
01/01/2000,01:28:34.32,17.93,-61.0,-989.91,201.25,-770.0,-402.50,1,94.237,
01/01/2000,01:28:34.33,18.54,-61.0,-990.40,26.25,-770.0,-428.75,1,94.240,
01/01/2000,01:28:34.34,19.03,-61.0,-991.49,306.25,-875.0,-280.0,1,94.242,
01/01/2000,01:28:34.35,19.40,-61.0,-992.84,183.75,-682.50,-323.75,1,94.244,
01/01/2000,01:28:34.36,19.28,-61.12,-994.06,122.50,-682.50,-385.0,1,94.247,
01/01/2000,01:28:34.37,18.67,-61.0,-993.93,227.50,-708.75,-297.50,1,94.249,
01/01/2000,01:28:34.38,18.54,-61.0,-993.45,175.0,-647.50,-393.75,1,94.251,
01/01/2000,01:28:34.39,18.42,-61.0,-992.84,96.25,-656.25,-385.0,1,94.254,
01/01/2000,01:28:34.40,18.54,-61.0,-991.86,288.75,-630.0,-315.0,1,94.256,
01/01/2000,01:28:34.41,19.03,-61.24,-991.62,262.50,-743.75,-428.75,1,94.259,
01/01/2000,01:28:34.42,19.15,-61.49,-991.37,306.25,-638.75,-262.50,1,94.261,
01/01/2000,01:28:34.43,19.15,-61.37,-991.49,70.0,-682.50,-367.50,1,94.263,
01/01/2000,01:28:34.44,18.91,-61.24,-991.86,297.50,-761.25,-306.25,1,94.266,
01/01/2000,01:28:34.45,18.67,-61.0,-991.98,245.0,-743.75,-367.50,1,94.268,
01/01/2000,01:28:34.46,18.30,-60.88,-992.35,271.25,-638.75,-297.50,1,94.270,
01/01/2000,01:28:34.47,18.06,-60.76,-992.10,183.75,-621.25,-455.0,1,94.273,
01/01/2000,01:28:34.48,18.06,-60.88,-991.49,78.75,-673.75,-315.0,1,94.236,
01/01/2000,01:28:34.49,18.30,-61.24,-991.37,166.25,-778.75,-463.75,1,94.239,
01/01/2000,01:28:34.50,18.30,-61.49,-991.37,210.0,-708.75,-332.50,1,94.241,
01/01/2000,01:28:34.51,18.54,-61.49,-991.01,253.75,-638.75,-262.50,1,94.243,
01/01/2000,01:28:34.52,18.54,-61.49,-991.01,218.75,-691.25,-525.0,1,94.246,
01/01/2000,01:28:34.53,18.91,-61.12,-991.86,43.75,-778.75,-428.75,1,94.248,
01/01/2000,01:28:34.54,19.15,-61.37,-992.84,227.50,-682.50,-315.0,1,94.251,
01/01/2000,01:28:34.56,18.79,-61.24,-993.69,-52.50,-647.50,-140.0,1,94.253,
01/01/2000,01:28:34.57,18.42,-61.0,-993.81,140.0,-647.50,-350.0,1,94.255,
01/01/2000,01:28:34.58,18.54,-61.12,-993.57,201.25,-761.25,-350.0,1,94.258,
01/01/2000,01:28:34.59,18.54,-61.12,-993.45,201.25,-726.25,-402.50,1,94.260,
01/01/2000,01:28:34.60,18.67,-61.12,-993.20,148.75,-848.75,-297.50,1,94.262,
01/01/2000,01:28:34.61,18.79,-61.24,-992.59,183.75,-665.0,-332.50,1,94.265,
01/01/2000,01:28:34.62,18.91,-61.12,-991.86,367.50,-700.0,-306.25,1,94.267,
01/01/2000,01:28:34.63,18.54,-61.24,-991.13,402.50,-717.50,-455.0,1,94.231,
01/01/2000,01:28:34.64,18.91,-61.24,-991.13,218.75,-796.25,-420.0,1,94.233,
01/01/2000,01:28:34.65,19.03,-61.49,-991.49,236.25,-673.75,-341.25,1,94.235,
01/01/2000,01:28:34.66,18.67,-61.24,-991.86,52.50,-726.25,-341.25,1,94.238,
01/01/2000,01:28:34.67,18.54,-61.24,-992.10,201.25,-638.75,-376.25,1,94.240,
01/01/2000,01:28:34.68,18.54,-61.24,-992.47,245.0,-673.75,-306.25,1,94.243,
01/01/2000,01:28:34.70,18.06,-61.0,-991.74,166.25,-735.0,-323.75,1,94.245,
01/01/2000,01:28:34.71,17.93,-60.88,-991.13,227.50,-551.25,-323.75,1,94.247,
01/01/2000,01:28:34.72,18.42,-61.0,-990.76,236.25,-691.25,-455.0,1,94.250,
01/01/2000,01:28:34.73,18.30,-61.12,-991.13,96.25,-726.25,-227.50,1,94.252,
01/01/2000,01:28:34.74,19.03,-61.49,-991.62,218.75,-717.50,-665.0,1,94.254,
01/01/2000,01:28:34.75,19.52,-61.49,-992.96,192.50,-682.50,-271.25,1,94.257,
01/01/2000,01:28:34.76,18.79,-61.49,-993.20,236.25,-743.75,-358.75,1,94.259,
01/01/2000,01:28:34.77,18.42,-61.0,-992.96,175.0,-603.75,-315.0,1,94.223,
01/01/2000,01:28:34.78,18.42,-60.63,-992.59,288.75,-752.50,-411.25,1,94.225,
01/01/2000,01:28:34.79,18.06,-60.76,-992.59,113.75,-621.25,-218.75,1,94.228,
01/01/2000,01:28:34.80,18.30,-61.0,-992.59,253.75,-691.25,-341.25,1,94.230,
01/01/2000,01:28:34.81,18.79,-61.24,-992.35,218.75,-691.25,-175.0,1,94.232,
01/01/2000,01:28:34.82,18.79,-61.49,-991.86,210.0,-656.25,-376.25,1,94.235,
01/01/2000,01:28:34.83,18.30,-61.49,-991.37,271.25,-691.25,-428.75,1,94.237,
01/01/2000,01:28:34.84,18.54,-60.88,-991.01,157.50,-682.50,-288.75,1,94.239,
01/01/2000,01:28:34.85,18.79,-61.0,-991.01,201.25,-665.0,-306.25,1,94.242,
01/01/2000,01:28:34.86,18.42,-60.63,-991.62,175.0,-770.0,-350.0,1,94.244,
01/01/2000,01:28:34.87,18.79,-61.0,-991.98,175.0,-673.75,-350.0,1,94.246,
01/01/2000,01:28:34.89,18.67,-61.24,-991.62,306.25,-700.0,-140.0,1,94.249,
01/01/2000,01:28:34.90,18.06,-61.24,-991.13,262.50,-752.50,-367.50,1,94.251,
01/01/2000,01:28:34.91,18.67,-61.12,-991.01,131.25,-595.0,-525.0,1,94.253,
01/01/2000,01:28:34.92,19.28,-61.24,-992.10,210.0,-787.50,-341.25,1,94.256,
01/01/2000,01:28:34.93,18.54,-61.37,-992.59,113.75,-743.75,-236.25,1,94.258,
01/01/2000,01:28:34.94,18.54,-61.24,-992.71,122.50,-647.50,-411.25,1,94.260,
01/01/2000,01:28:34.95,18.91,-61.12,-992.84,227.50,-700.0,-245.0,1,94.263,
01/01/2000,01:28:34.96,18.30,-61.24,-992.96,210.0,-665.0,-306.25,1,94.265,
01/01/2000,01:28:34.97,18.06,-61.0,-993.45,61.25,-700.0,-437.50,1,94.267,
01/01/2000,01:28:34.98,19.03,-61.37,-993.93,350.0,-630.0,-315.0,1,94.232,
01/01/2000,01:28:34.99,18.54,-61.24,-993.69,253.75,-603.75,-332.50,1,94.234,
01/01/2000,01:28:35.00,18.06,-61.24,-992.71,175.0,-726.25,-262.50,1,94.236,
01/01/2000,01:28:35.01,18.54,-61.24,-991.37,157.50,-743.75,-297.50,1,94.239,
01/01/2000,01:28:35.02,18.54,-61.0,-990.15,288.75,-778.75,-446.25,1,94.241,
01/01/2000,01:28:35.03,18.79,-61.37,-990.40,166.25,-726.25,-367.50,1,94.243,
01/01/2000,01:28:35.04,19.76,-61.37,-991.62,105.0,-630.0,-455.0,1,94.245,
01/01/2000,01:28:35.06,19.40,-61.73,-993.08,280.0,-638.75,-341.25,1,94.248,
01/01/2000,01:28:35.07,18.30,-61.49,-992.71,70.0,-708.75,-201.25,1,94.250,
01/01/2000,01:28:35.08,18.06,-61.12,-991.86,227.50,-682.50,-385.0,1,94.252,
01/01/2000,01:28:35.09,18.18,-60.88,-991.37,175.0,-770.0,-332.50,1,94.255,
01/01/2000,01:28:35.10,18.54,-61.24,-991.74,87.50,-752.50,-385.0,1,94.257,
01/01/2000,01:28:35.11,19.28,-61.24,-992.23,192.50,-682.50,-358.75,1,94.259,
01/01/2000,01:28:35.12,19.89,-61.73,-992.47,183.75,-665.0,-288.75,1,94.262,
01/01/2000,01:28:35.13,18.79,-61.98,-992.59,210.0,-778.75,-402.50,1,94.264,
01/01/2000,01:28:35.14,18.67,-61.49,-992.84,157.50,-700.0,-350.0,1,94.266,
01/01/2000,01:28:35.15,19.03,-61.37,-993.08,358.75,-568.75,-393.75,1,94.269,
01/01/2000,01:28:35.16,18.42,-61.12,-993.20,236.25,-682.50,-332.50,1,94.271,
01/01/2000,01:28:35.17,18.30,-61.0,-993.20,166.25,-612.50,-245.0,1,94.273,
01/01/2000,01:28:35.18,19.03,-61.0,-993.08,70.0,-691.25,-245.0,1,94.275,
01/01/2000,01:28:35.19,18.42,-61.49,-993.08,113.75,-770.0,-367.50,1,94.240,
01/01/2000,01:28:35.20,18.18,-61.85,-992.84,245.0,-700.0,-463.75,1,94.242,
01/01/2000,01:28:35.21,18.67,-61.85,-992.35,122.50,-682.50,-385.0,1,94.245,
01/01/2000,01:28:35.22,18.42,-61.61,-991.98,201.25,-770.0,-411.25,1,94.247,
01/01/2000,01:28:35.24,18.18,-61.49,-991.49,192.50,-831.25,-227.50,1,94.249,
01/01/2000,01:28:35.25,18.67,-61.12,-991.13,-43.75,-586.25,-262.50,1,94.251,
01/01/2000,01:28:35.26,17.93,-61.61,-990.64,280.0,-796.25,-376.25,1,94.254,
01/01/2000,01:28:35.27,17.93,-61.24,-990.76,201.25,-796.25,-393.75,1,94.256,
01/01/2000,01:28:35.28,18.67,-61.61,-991.01,332.50,-708.75,-437.50,1,94.258,
01/01/2000,01:28:35.29,18.54,-61.37,-991.37,140.0,-796.25,-411.25,1,94.261,
01/01/2000,01:28:35.30,18.06,-61.37,-990.64,183.75,-708.75,-245.0,1,94.263,
01/01/2000,01:28:35.31,18.30,-61.0,-989.42,271.25,-700.0,-393.75,1,94.265,
01/01/2000,01:28:35.32,18.54,-60.88,-987.47,140.0,-603.75,-192.50,1,94.268,
01/01/2000,01:28:35.33,18.54,-60.27,-984.05,-140.0,-682.50,-367.50,1,94.232,
01/01/2000,01:28:35.34,18.54,-60.88,-982.47,122.50,-770.0,-96.25,1,94.235,
01/01/2000,01:28:35.35,18.54,-61.0,-982.22,140.0,-743.75,-393.75,1,94.237,
01/01/2000,01:28:35.36,18.18,-61.49,-983.32,323.75,-691.25,-218.75,1,94.239,
01/01/2000,01:28:35.37,18.06,-61.49,-986.25,113.75,-822.50,-595.0,1,94.241,
01/01/2000,01:28:35.38,17.57,-61.61,-987.47,131.25,-612.50,-297.50,1,94.244,
01/01/2000,01:28:35.39,17.57,-60.63,-987.83,78.75,-682.50,-481.25,1,94.246,
01/01/2000,01:28:35.40,17.20,-60.02,-986.25,253.75,-551.25,-166.25,1,94.248,
01/01/2000,01:28:35.41,17.08,-59.78,-984.30,-105.0,-551.25,-218.75,1,94.251,
01/01/2000,01:28:35.42,17.20,-60.51,-981.61,280.0,-595.0,-210.0,1,94.253,
01/01/2000,01:28:35.43,17.69,-60.63,-979.17,113.75,-691.25,-245.0,1,94.255,
01/01/2000,01:28:35.44,18.42,-61.37,-977.34,315.0,-647.50,-393.75,1,94.257,
01/01/2000,01:28:35.45,19.28,-61.37,-976.85,96.25,-700.0,-420.0,1,94.260,
01/01/2000,01:28:35.46,19.28,-61.49,-977.83,175.0,-752.50,-446.25,1,94.262,
01/01/2000,01:28:35.48,18.79,-61.0,-980.88,70.0,-787.50,-78.75,1,94.264,
01/01/2000,01:28:35.49,18.18,-60.63,-983.44,218.75,-717.50,-52.50,1,94.267,
01/01/2000,01:28:35.50,17.81,-60.51,-985.76,201.25,-533.75,-236.25,1,94.269,
01/01/2000,01:28:35.51,17.32,-60.39,-986.98,227.50,-673.75,-402.50,1,94.271,
01/01/2000,01:28:35.52,17.57,-60.27,-986.49,52.50,-612.50,-157.50,1,94.273,
01/01/2000,01:28:35.53,17.81,-60.88,-984.78,131.25,-525.0,-288.75,1,94.276,
01/01/2000,01:28:35.54,18.30,-61.24,-981.73,113.75,-708.75,-323.75,1,94.278,
01/01/2000,01:28:35.55,19.15,-61.49,-982.47,96.25,-805.0,-630.0,1,94.280,
01/01/2000,01:28:35.56,20.25,-61.98,-984.91,245.0,-726.25,-218.75,1,94.282,
01/01/2000,01:28:35.57,19.03,-61.98,-987.71,245.0,-568.75,96.25,1,94.247,
01/01/2000,01:28:35.58,17.69,-61.37,-988.69,175.0,-752.50,-87.50,1,94.287,
01/01/2000,01:28:35.59,16.96,-60.76,-989.54,297.50,-603.75,-525.0,1,94.252,
01/01/2000,01:28:35.60,17.32,-60.02,-990.40,227.50,-621.25,-533.75,1,94.254,
01/01/2000,01:28:35.62,18.79,-60.27,-990.40,183.75,-595.0,-52.50,1,94.256,
01/01/2000,01:28:35.63,19.03,-60.88,-989.54,253.75,-822.50,131.25,1,94.259,
01/01/2000,01:28:35.64,18.67,-61.98,-988.57,105.0,-831.25,-446.25,1,94.261,
01/01/2000,01:28:35.65,18.54,-62.71,-989.05,280.0,-656.25,-385.0,1,94.263,
01/01/2000,01:28:35.66,18.42,-62.46,-990.15,175.0,-682.50,-595.0,1,94.266,
01/01/2000,01:28:35.67,18.30,-61.85,-991.37,236.25,-726.25,-446.25,1,94.268,
01/01/2000,01:28:35.68,17.93,-60.76,-991.74,271.25,-595.0,-253.75,1,94.270,
01/01/2000,01:28:35.69,18.06,-60.15,-991.13,87.50,-743.75,-157.50,1,94.272,
01/01/2000,01:28:35.70,18.54,-60.15,-991.13,-43.75,-691.25,-227.50,1,94.275,
01/01/2000,01:28:35.71,18.91,-61.12,-991.25,201.25,-595.0,-122.50,1,94.277,
01/01/2000,01:28:35.72,19.15,-61.98,-991.25,201.25,-595.0,-288.75,1,94.279,
01/01/2000,01:28:35.73,18.67,-62.46,-991.25,201.25,-840.0,-367.50,1,94.281,
01/01/2000,01:28:35.74,18.30,-61.98,-991.62,315.0,-621.25,-525.0,1,94.247,
01/01/2000,01:28:35.76,18.30,-61.24,-991.98,175.0,-656.25,-358.75,1,94.249,
01/01/2000,01:28:35.77,18.30,-60.63,-991.86,148.75,-568.75,-166.25,1,94.251,
01/01/2000,01:28:35.78,18.42,-60.27,-991.74,26.25,-726.25,-253.75,1,94.253,
01/01/2000,01:28:35.79,18.54,-60.76,-991.62,35.0,-735.0,-218.75,1,94.256,
01/01/2000,01:28:35.80,18.67,-61.37,-991.74,61.25,-726.25,-306.25,1,94.258,
01/01/2000,01:28:35.81,18.79,-61.98,-991.86,87.50,-735.0,-376.25,1,94.260,
01/01/2000,01:28:35.82,18.42,-62.46,-991.62,245.0,-700.0,-402.50,1,94.262,
01/01/2000,01:28:35.83,18.42,-62.10,-991.62,113.75,-708.75,-463.75,1,94.265,
01/01/2000,01:28:35.84,18.54,-61.61,-991.62,175.0,-673.75,-437.50,1,94.267,
01/01/2000,01:28:35.85,18.54,-61.0,-991.74,306.25,-717.50,-306.25,1,94.269,
01/01/2000,01:28:35.86,18.54,-60.63,-991.86,43.75,-700.0,-140.0,1,94.271,
01/01/2000,01:28:35.87,18.54,-61.0,-991.86,105.0,-656.25,-350.0,1,94.273,
01/01/2000,01:28:35.88,18.54,-61.49,-991.86,236.25,-761.25,-393.75,1,94.276,
01/01/2000,01:28:35.89,18.54,-61.85,-991.86,140.0,-708.75,-411.25,1,94.278,
01/01/2000,01:28:35.90,18.79,-62.22,-991.74,26.25,-656.25,-376.25,1,94.243,
01/01/2000,01:28:35.91,18.54,-61.73,-991.37,166.25,-708.75,-420.0,1,94.246,
01/01/2000,01:28:35.92,17.69,-61.37,-990.40,288.75,-787.50,-367.50,1,94.248,
01/01/2000,01:28:35.93,15.86,-61.0,-989.42,245.0,-770.0,113.75,1,94.250,
01/01/2000,01:28:35.94,14.15,-60.88,-989.18,-17.50,-673.75,-105.0,1,94.252,
01/01/2000,01:28:35.95,12.69,-61.61,-989.91,367.50,-656.25,-455.0,1,94.255,
01/01/2000,01:28:35.97,12.44,-61.24,-990.15,43.75,-603.75,-420.0,1,94.257,
01/01/2000,01:28:35.98,13.18,-61.49,-988.69,428.75,-630.0,-376.25,1,94.259,
01/01/2000,01:28:35.99,13.54,-61.0,-986.61,148.75,-673.75,-402.50,1,94.261,
01/01/2000,01:28:36.00,14.40,-61.0,-984.78,157.50,-822.50,-218.75,1,94.264,
01/01/2000,01:28:36.01,15.49,-61.12,-984.05,70.0,-708.75,-306.25,1,94.266,
01/01/2000,01:28:36.02,15.86,-61.49,-984.54,157.50,-673.75,-140.0,1,94.268,
01/01/2000,01:28:36.03,15.37,-61.73,-985.15,105.0,-796.25,-17.50,1,94.270,
01/01/2000,01:28:36.04,12.69,-61.61,-985.76,192.50,-612.50,175.0,1,94.272,
01/01/2000,01:28:36.05,10.37,-61.0,-985.27,70.0,-708.75,175.0,1,94.275,
01/01/2000,01:28:36.06,8.54,-60.63,-984.54,227.50,-516.25,61.25,1,94.277,
01/01/2000,01:28:36.07,7.56,-59.90,-983.81,140.0,-542.50,-280.0,1,94.279,
01/01/2000,01:28:36.08,7.56,-60.02,-983.08,113.75,-682.50,-157.50,1,94.281,
01/01/2000,01:28:36.09,8.54,-60.39,-983.08,96.25,-682.50,-236.25,1,94.284,
01/01/2000,01:28:36.10,10.13,-61.12,-983.81,350.0,-735.0,-376.25,1,94.286,
01/01/2000,01:28:36.11,12.20,-61.73,-985.15,175.0,-647.50,-341.25,1,94.252,
01/01/2000,01:28:36.12,13.42,-61.73,-986.13,166.25,-726.25,-332.50,1,94.254,
01/01/2000,01:28:36.13,14.03,-61.73,-986.74,70.0,-656.25,-341.25,1,94.256,
01/01/2000,01:28:36.14,13.91,-60.63,-986.98,122.50,-700.0,-236.25,1,94.258,
01/01/2000,01:28:36.15,13.54,-60.51,-986.86,26.25,-621.25,43.75,1,94.260,
01/01/2000,01:28:36.16,13.18,-60.39,-986.61,192.50,-595.0,26.25,1,94.263,
01/01/2000,01:28:36.18,13.42,-61.0,-987.47,192.50,-752.50,-113.75,1,94.265,
01/01/2000,01:28:36.19,14.15,-61.49,-988.32,350.0,-647.50,-166.25,1,94.267,
01/01/2000,01:28:36.20,14.64,-61.61,-988.69,306.25,-726.25,-131.25,1,94.269,
01/01/2000,01:28:36.21,15.37,-61.61,-988.57,61.25,-761.25,-385.0,1,94.271,
01/01/2000,01:28:36.22,16.10,-61.37,-988.81,113.75,-621.25,-437.50,1,94.274,
01/01/2000,01:28:36.23,16.84,-61.0,-989.18,52.50,-621.25,-297.50,1,94.276,
01/01/2000,01:28:36.24,17.32,-60.76,-989.54,140.0,-656.25,-148.75,1,94.278,
01/01/2000,01:28:36.26,17.20,-61.24,-991.25,70.0,-717.50,-201.25,1,94.244,
01/01/2000,01:28:36.27,16.59,-61.49,-991.62,61.25,-665.0,-192.50,1,94.246,
01/01/2000,01:28:36.28,16.47,-61.49,-991.86,87.50,-647.50,-367.50,1,94.248,
01/01/2000,01:28:36.29,16.96,-61.12,-991.62,52.50,-682.50,-577.50,1,94.251,
01/01/2000,01:28:36.30,17.45,-60.76,-991.37,-70.0,-778.75,-306.25,1,94.253,
01/01/2000,01:28:36.31,18.54,-60.76,-990.88,131.25,-665.0,-323.75,1,94.255,
01/01/2000,01:28:36.32,18.79,-60.51,-990.40,61.25,-647.50,-175.0,1,94.257,
01/01/2000,01:28:36.33,18.79,-61.12,-990.03,166.25,-682.50,-315.0,1,94.259,
01/01/2000,01:28:36.34,18.79,-61.24,-990.52,105.0,-700.0,-288.75,1,94.262,
01/01/2000,01:28:36.35,18.30,-61.73,-991.37,140.0,-665.0,-332.50,1,94.264,
01/01/2000,01:28:36.36,17.93,-61.85,-992.35,140.0,-638.75,-358.75,1,94.266,
01/01/2000,01:28:36.37,17.57,-61.49,-993.08,210.0,-638.75,-367.50,1,94.268,
01/01/2000,01:28:36.38,17.08,-61.0,-993.20,17.50,-665.0,-175.0,1,94.270,
01/01/2000,01:28:36.39,17.08,-60.63,-993.08,131.25,-735.0,-201.25,1,94.273,
01/01/2000,01:28:36.40,17.32,-60.88,-992.35,70.0,-595.0,-306.25,1,94.275,
01/01/2000,01:28:36.41,17.81,-61.24,-992.10,148.75,-726.25,-481.25,1,94.277,
01/01/2000,01:28:36.42,18.54,-61.73,-991.86,96.25,-691.25,-367.50,1,94.279,
01/01/2000,01:28:36.43,19.40,-61.85,-992.23,236.25,-647.50,-577.50,1,94.281,
01/01/2000,01:28:36.44,19.52,-61.85,-992.71,131.25,-735.0,-420.0,1,94.284,
01/01/2000,01:28:36.45,19.40,-61.61,-992.96,183.75,-805.0,-262.50,1,94.286,
01/01/2000,01:28:36.46,18.54,-61.0,-992.23,-26.25,-665.0,-271.25,1,94.252,
01/01/2000,01:28:36.47,17.81,-60.76,-991.49,70.0,-603.75,-227.50,1,94.254,
01/01/2000,01:28:36.48,17.57,-60.88,-990.88,210.0,-673.75,-262.50,1,94.256,
01/01/2000,01:28:36.49,17.81,-61.0,-990.88,210.0,-726.25,-498.75,1,94.259,
01/01/2000,01:28:36.50,18.54,-61.49,-991.01,201.25,-577.50,-402.50,1,94.261,
01/01/2000,01:28:36.51,19.28,-61.73,-991.25,210.0,-647.50,-376.25,1,94.263,
01/01/2000,01:28:36.52,19.52,-61.61,-991.25,70.0,-822.50,-297.50,1,94.265,
01/01/2000,01:28:36.54,19.40,-61.37,-991.49,253.75,-673.75,-376.25,1,94.267,
01/01/2000,01:28:36.55,18.42,-61.0,-991.74,201.25,-743.75,-262.50,1,94.269,
01/01/2000,01:28:36.56,18.06,-60.76,-992.47,-61.25,-665.0,-245.0,1,94.272,
01/01/2000,01:28:36.57,18.06,-60.88,-993.08,315.0,-691.25,-341.25,1,94.274,
01/01/2000,01:28:36.58,18.30,-60.88,-993.32,210.0,-682.50,-350.0,1,94.276,
01/01/2000,01:28:36.59,18.91,-61.0,-993.57,210.0,-708.75,-210.0,1,94.278,
01/01/2000,01:28:36.60,19.40,-61.0,-993.08,218.75,-682.50,-551.25,1,94.280,
01/01/2000,01:28:36.61,19.52,-61.24,-992.35,8.75,-568.75,-201.25,1,94.282,
01/01/2000,01:28:36.62,19.28,-61.24,-991.98,140.0,-717.50,-463.75,1,94.285,
01/01/2000,01:28:36.63,18.79,-61.12,-991.86,332.50,-743.75,-210.0,1,94.287,
01/01/2000,01:28:36.64,18.42,-61.12,-992.23,271.25,-673.75,-411.25,1,94.289,
01/01/2000,01:28:36.65,18.06,-61.0,-992.59,175.0,-743.75,-323.75,1,94.291,
01/01/2000,01:28:36.66,17.81,-61.0,-992.59,175.0,-700.0,-306.25,1,94.293,
01/01/2000,01:28:36.67,18.18,-61.0,-991.62,157.50,-691.25,-306.25,1,94.260,
01/01/2000,01:28:36.69,18.30,-61.12,-990.88,70.0,-735.0,-402.50,1,94.262,
01/01/2000,01:28:36.70,18.79,-61.12,-990.64,87.50,-726.25,-385.0,1,94.264,
01/01/2000,01:28:36.71,18.91,-61.61,-990.88,140.0,-700.0,-297.50,1,94.266,
01/01/2000,01:28:36.72,19.03,-61.49,-991.49,78.75,-630.0,-323.75,1,94.268,
01/01/2000,01:28:36.73,18.67,-61.49,-991.86,148.75,-708.75,-376.25,1,94.271,
01/01/2000,01:28:36.74,18.30,-61.0,-992.10,70.0,-752.50,-332.50,1,94.273,
01/01/2000,01:28:36.75,17.81,-60.76,-992.23,210.0,-630.0,-490.0,1,94.275,
01/01/2000,01:28:36.77,18.18,-61.12,-992.84,227.50,-665.0,-297.50,1,94.242,
01/01/2000,01:28:36.78,18.79,-61.12,-993.20,-87.50,-595.0,-358.75,1,94.244,
01/01/2000,01:28:36.79,19.03,-61.61,-993.08,253.75,-665.0,-420.0,1,94.246,
01/01/2000,01:28:36.80,19.03,-61.37,-992.35,192.50,-743.75,-323.75,1,94.248,
01/01/2000,01:28:36.81,19.03,-61.49,-991.49,323.75,-630.0,-376.25,1,94.250,
01/01/2000,01:28:36.82,18.79,-61.0,-991.37,113.75,-770.0,-367.50,1,94.252,
01/01/2000,01:28:36.83,18.79,-60.88,-991.62,122.50,-691.25,-306.25,1,94.255,
01/01/2000,01:28:36.84,18.54,-60.76,-991.86,183.75,-778.75,-306.25,1,94.257,
01/01/2000,01:28:36.85,18.30,-60.76,-992.35,35.0,-603.75,-271.25,1,94.259,
01/01/2000,01:28:36.86,18.06,-61.12,-992.47,271.25,-691.25,-490.0,1,94.261,
01/01/2000,01:28:36.87,17.93,-61.0,-992.71,-52.50,-708.75,-393.75,1,94.263,
01/01/2000,01:28:36.88,18.54,-61.37,-992.71,323.75,-621.25,-446.25,1,94.265,
01/01/2000,01:28:36.89,19.03,-61.12,-992.47,52.50,-761.25,-420.0,1,94.268,
01/01/2000,01:28:36.90,19.40,-60.88,-992.23,245.0,-743.75,-288.75,1,94.270,
01/01/2000,01:28:36.91,19.52,-60.88,-991.74,297.50,-691.25,-332.50,1,94.272,
01/01/2000,01:28:36.92,19.40,-61.24,-991.49,210.0,-630.0,-245.0,1,94.274,
01/01/2000,01:28:36.93,19.03,-61.37,-991.13,297.50,-743.75,-367.50,1,94.276,
01/01/2000,01:28:36.94,18.79,-61.24,-990.88,113.75,-700.0,-341.25,1,94.278,
01/01/2000,01:28:36.95,18.67,-61.24,-991.74,8.75,-726.25,-472.50,1,94.280,
01/01/2000,01:28:36.96,18.54,-61.24,-992.35,183.75,-568.75,-323.75,1,94.283,
01/01/2000,01:28:36.97,18.54,-61.0,-992.84,131.25,-708.75,-428.75,1,94.285,
01/01/2000,01:28:36.98,18.42,-60.76,-993.32,227.50,-638.75,-297.50,1,94.287,
01/01/2000,01:28:36.99,18.30,-60.88,-993.08,131.25,-796.25,-358.75,1,94.254,
01/01/2000,01:28:37.00,18.30,-60.88,-992.59,183.75,-586.25,-350.0,1,94.291,
01/01/2000,01:28:37.01,18.54,-61.0,-991.98,262.50,-796.25,-350.0,1,94.258,
01/01/2000,01:28:37.02,18.79,-61.12,-991.37,175.0,-630.0,-332.50,1,94.295,
01/01/2000,01:28:37.04,19.03,-61.12,-990.88,210.0,-735.0,-402.50,1,94.262,
01/01/2000,01:28:37.05,19.15,-61.12,-991.49,131.25,-752.50,-490.0,1,94.264,
01/01/2000,01:28:37.06,19.03,-61.12,-992.23,175.0,-665.0,-332.50,1,94.267,
01/01/2000,01:28:37.07,18.79,-61.0,-992.47,17.50,-586.25,-280.0,1,94.269,
01/01/2000,01:28:37.08,18.54,-60.76,-992.35,131.25,-735.0,-306.25,1,94.271,
01/01/2000,01:28:37.09,18.54,-60.51,-991.86,78.75,-743.75,-341.25,1,94.273,
01/01/2000,01:28:37.10,18.54,-60.76,-991.37,96.25,-726.25,-288.75,1,94.275,
01/01/2000,01:28:37.11,18.91,-61.12,-990.88,113.75,-673.75,-428.75,1,94.277,
01/01/2000,01:28:37.12,18.79,-61.24,-990.88,8.75,-848.75,-280.0,1,94.279,
01/01/2000,01:28:37.13,18.79,-61.24,-991.13,148.75,-656.25,-542.50,1,94.281,
01/01/2000,01:28:37.14,18.91,-61.49,-991.74,253.75,-656.25,-341.25,1,94.284,
01/01/2000,01:28:37.15,18.79,-61.0,-992.35,105.0,-560.0,-402.50,1,94.286,
01/01/2000,01:28:37.16,18.42,-60.76,-992.84,35.0,-735.0,-236.25,1,94.288,
01/01/2000,01:28:37.17,18.06,-60.63,-992.59,166.25,-752.50,-367.50,1,94.255,
01/01/2000,01:28:37.18,17.81,-60.76,-992.23,288.75,-603.75,-280.0,1,94.257,
01/01/2000,01:28:37.19,18.42,-60.88,-991.86,236.25,-595.0,-507.50,1,94.259,
01/01/2000,01:28:37.20,18.79,-61.24,-991.49,157.50,-726.25,-472.50,1,94.261,
01/01/2000,01:28:37.21,19.76,-61.12,-991.62,-8.75,-787.50,-498.75,1,94.264,
01/01/2000,01:28:37.22,20.50,-61.24,-991.98,288.75,-743.75,-236.25,1,94.266,
01/01/2000,01:28:37.23,20.50,-61.0,-992.59,96.25,-708.75,-332.50,1,94.268,
01/01/2000,01:28:37.25,19.89,-60.76,-993.20,140.0,-743.75,-236.25,1,94.270,
01/01/2000,01:28:37.26,19.03,-60.76,-992.96,131.25,-822.50,-376.25,1,94.272,
01/01/2000,01:28:37.27,17.81,-60.63,-992.10,70.0,-726.25,-358.75,1,94.274,
01/01/2000,01:28:37.28,17.57,-60.76,-991.37,245.0,-630.0,-341.25,1,94.241,
01/01/2000,01:28:37.29,17.93,-61.0,-991.13,166.25,-647.50,-271.25,1,94.244,
01/01/2000,01:28:37.30,18.06,-61.12,-991.13,-70.0,-717.50,-455.0,1,94.246,
01/01/2000,01:28:37.31,18.42,-61.0,-991.62,70.0,-656.25,-402.50,1,94.248,
01/01/2000,01:28:37.32,18.42,-61.0,-991.98,192.50,-673.75,-341.25,1,94.250,
01/01/2000,01:28:37.33,18.54,-60.76,-992.10,96.25,-673.75,-446.25,1,94.252,
01/01/2000,01:28:37.34,18.30,-60.51,-992.23,210.0,-673.75,-385.0,1,94.254,
01/01/2000,01:28:37.35,18.42,-60.51,-992.10,-8.75,-726.25,-341.25,1,94.256,
01/01/2000,01:28:37.36,18.67,-60.63,-991.62,227.50,-665.0,-446.25,1,94.258,
01/01/2000,01:28:37.37,18.79,-60.76,-991.37,236.25,-796.25,-446.25,1,94.260,
01/01/2000,01:28:37.39,19.28,-60.88,-991.25,288.75,-735.0,-315.0,1,94.263,
01/01/2000,01:28:37.40,19.40,-61.0,-991.37,148.75,-778.75,-393.75,1,94.265,
01/01/2000,01:28:37.41,19.15,-61.24,-991.62,35.0,-752.50,-402.50,1,94.267,
01/01/2000,01:28:37.42,19.03,-61.0,-992.23,175.0,-603.75,-323.75,1,94.269,
01/01/2000,01:28:37.43,18.91,-61.0,-992.96,253.75,-656.25,-376.25,1,94.271,
01/01/2000,01:28:37.44,18.67,-60.76,-993.45,210.0,-691.25,-297.50,1,94.273,
01/01/2000,01:28:37.45,18.42,-60.63,-993.81,96.25,-813.75,-350.0,1,94.275,
01/01/2000,01:28:37.46,18.79,-60.76,-993.81,148.75,-612.50,-350.0,1,94.277,
01/01/2000,01:28:37.47,19.03,-61.12,-993.20,78.75,-813.75,-367.50,1,94.279,
01/01/2000,01:28:37.48,18.91,-61.0,-992.10,140.0,-647.50,-315.0,1,94.282,
01/01/2000,01:28:37.49,18.91,-61.0,-990.88,201.25,-831.25,-420.0,1,94.284,
01/01/2000,01:28:37.50,18.54,-60.63,-990.03,183.75,-752.50,-332.50,1,94.286,
01/01/2000,01:28:37.51,18.42,-60.88,-990.40,166.25,-743.75,-350.0,1,94.288,
01/01/2000,01:28:37.52,18.30,-60.76,-991.98,201.25,-638.75,-358.75,1,94.255,
01/01/2000,01:28:37.53,18.30,-60.88,-992.96,113.75,-743.75,-367.50,1,94.257,
01/01/2000,01:28:37.54,18.79,-60.76,-993.69,0.0,-612.50,-367.50,1,94.260,
01/01/2000,01:28:37.55,19.15,-60.76,-993.69,183.75,-560.0,-315.0,1,94.262,
01/01/2000,01:28:37.56,19.76,-60.51,-992.59,70.0,-708.75,-271.25,1,94.264,
01/01/2000,01:28:37.57,19.76,-60.76,-991.74,87.50,-647.50,-315.0,1,94.266,
01/01/2000,01:28:37.58,19.52,-61.0,-990.88,183.75,-735.0,-367.50,1,94.268,
01/01/2000,01:28:37.60,19.15,-61.49,-990.76,297.50,-796.25,-437.50,1,94.270,
01/01/2000,01:28:37.61,18.91,-61.24,-991.37,166.25,-735.0,-463.75,1,94.272,
01/01/2000,01:28:37.62,18.79,-61.24,-992.59,210.0,-665.0,-297.50,1,94.274,
01/01/2000,01:28:37.63,18.42,-60.63,-993.08,131.25,-603.75,-341.25,1,94.276,
01/01/2000,01:28:37.64,18.06,-60.76,-993.57,157.50,-595.0,-218.75,1,94.278,
01/01/2000,01:28:37.65,18.06,-60.51,-993.32,0.0,-700.0,-358.75,1,94.281,
01/01/2000,01:28:37.66,18.18,-61.0,-993.08,218.75,-717.50,-367.50,1,94.283,
01/01/2000,01:28:37.67,18.42,-61.0,-992.47,87.50,-516.25,-385.0,1,94.285,
01/01/2000,01:28:37.68,18.79,-61.12,-991.49,245.0,-717.50,-481.25,1,94.287,
01/01/2000,01:28:37.69,19.03,-61.0,-991.01,131.25,-735.0,-402.50,1,94.289,
01/01/2000,01:28:37.70,19.03,-61.0,-990.76,192.50,-630.0,-297.50,1,94.291,
01/01/2000,01:28:37.71,19.28,-61.0,-991.13,192.50,-708.75,-385.0,1,94.293,
01/01/2000,01:28:37.72,19.28,-61.0,-991.62,43.75,-700.0,-262.50,1,94.295,
01/01/2000,01:28:37.73,19.28,-60.76,-992.10,0.0,-665.0,-271.25,1,94.263,
01/01/2000,01:28:37.74,19.28,-61.0,-992.23,227.50,-726.25,-201.25,1,94.265,
01/01/2000,01:28:37.75,19.15,-61.0,-992.23,227.50,-743.75,-402.50,1,94.267,
01/01/2000,01:28:37.76,19.15,-60.88,-991.98,175.0,-603.75,-437.50,1,94.269,
01/01/2000,01:28:37.77,19.03,-60.88,-991.74,411.25,-778.75,-323.75,1,94.271,
01/01/2000,01:28:37.79,18.79,-61.0,-991.37,87.50,-673.75,-341.25,1,94.273,
01/01/2000,01:28:37.80,18.79,-61.12,-992.10,157.50,-665.0,-516.25,1,94.241,
01/01/2000,01:28:37.81,19.03,-61.24,-992.84,271.25,-708.75,-376.25,1,94.243,
01/01/2000,01:28:37.82,19.15,-61.0,-993.08,96.25,-612.50,-306.25,1,94.245,
01/01/2000,01:28:37.83,19.03,-60.88,-992.96,148.75,-691.25,-358.75,1,94.247,
01/01/2000,01:28:37.84,19.03,-60.76,-992.35,157.50,-586.25,-288.75,1,94.250,
01/01/2000,01:28:37.85,19.03,-60.88,-992.10,183.75,-761.25,-341.25,1,94.252,
01/01/2000,01:28:37.86,19.15,-61.0,-992.23,122.50,-761.25,-367.50,1,94.254,
01/01/2000,01:28:37.87,19.28,-61.24,-992.59,87.50,-638.75,-315.0,1,94.256,
01/01/2000,01:28:37.89,19.52,-61.24,-993.20,271.25,-761.25,-446.25,1,94.258,
01/01/2000,01:28:37.90,19.15,-61.24,-993.20,166.25,-638.75,-288.75,1,94.260,
01/01/2000,01:28:37.91,18.79,-60.76,-992.84,157.50,-586.25,-315.0,1,94.262,
01/01/2000,01:28:37.92,18.67,-60.76,-992.10,131.25,-603.75,-385.0,1,94.264,
01/01/2000,01:28:37.93,18.79,-60.63,-991.37,17.50,-726.25,-446.25,1,94.266,
01/01/2000,01:28:37.94,19.03,-60.88,-990.88,131.25,-647.50,-306.25,1,94.268,
01/01/2000,01:28:37.95,19.15,-61.24,-990.52,122.50,-656.25,-446.25,1,94.270,
01/01/2000,01:28:37.96,19.03,-61.12,-990.40,175.0,-586.25,-288.75,1,94.272,
01/01/2000,01:28:37.97,19.03,-61.12,-990.52,17.50,-673.75,-411.25,1,94.274,
01/01/2000,01:28:37.98,18.67,-60.88,-991.62,227.50,-743.75,-262.50,1,94.276,
01/01/2000,01:28:37.99,18.54,-60.63,-992.47,26.25,-656.25,-393.75,1,94.279,
01/01/2000,01:28:38.00,18.30,-60.76,-993.08,271.25,-630.0,-236.25,1,94.281,
01/01/2000,01:28:38.01,18.06,-60.76,-993.32,227.50,-542.50,-262.50,1,94.283,
01/01/2000,01:28:38.02,17.93,-60.76,-992.59,52.50,-700.0,-367.50,1,94.251,
01/01/2000,01:28:38.03,18.06,-60.76,-991.98,105.0,-752.50,-341.25,1,94.253,
01/01/2000,01:28:38.04,18.54,-60.76,-991.37,192.50,-647.50,-315.0,1,94.255,
01/01/2000,01:28:38.05,18.91,-60.76,-991.37,122.50,-612.50,-332.50,1,94.257,
01/01/2000,01:28:38.06,19.28,-60.76,-991.62,227.50,-691.25,-341.25,1,94.259,
01/01/2000,01:28:38.07,19.64,-60.76,-992.35,306.25,-682.50,-463.75,1,94.261,
01/01/2000,01:28:38.08,19.76,-60.88,-993.93,236.25,-673.75,-297.50,1,94.263,
01/01/2000,01:28:38.10,19.76,-60.76,-994.30,148.75,-595.0,-288.75,1,94.265,
01/01/2000,01:28:38.11,19.15,-60.88,-993.57,192.50,-665.0,-271.25,1,94.267,
01/01/2000,01:28:38.12,18.42,-60.63,-992.35,218.75,-577.50,-271.25,1,94.269,
01/01/2000,01:28:38.13,18.06,-60.63,-991.01,70.0,-726.25,-280.0,1,94.271,
01/01/2000,01:28:38.14,17.93,-60.63,-990.15,192.50,-691.25,-437.50,1,94.273,
01/01/2000,01:28:38.15,18.42,-60.76,-990.27,148.75,-665.0,-385.0,1,94.275,
01/01/2000,01:28:38.16,18.91,-61.12,-991.37,96.25,-770.0,-306.25,1,94.278,
01/01/2000,01:28:38.17,19.28,-60.88,-991.98,87.50,-603.75,-402.50,1,94.280,
01/01/2000,01:28:38.18,19.28,-61.0,-992.47,262.50,-647.50,-341.25,1,94.282,
01/01/2000,01:28:38.19,19.40,-60.51,-992.35,105.0,-595.0,-297.50,1,94.284,
01/01/2000,01:28:38.20,19.03,-60.76,-992.35,157.50,-717.50,-323.75,1,94.252,
01/01/2000,01:28:38.21,18.91,-61.0,-991.98,210.0,-717.50,-350.0,1,94.288,
01/01/2000,01:28:38.22,18.91,-61.0,-991.98,35.0,-752.50,-428.75,1,94.256,
01/01/2000,01:28:38.24,19.15,-61.0,-992.35,113.75,-700.0,-315.0,1,94.258,
01/01/2000,01:28:38.25,19.15,-60.88,-992.59,280.0,-647.50,-463.75,1,94.260,
01/01/2000,01:28:38.26,19.03,-60.63,-992.71,-70.0,-603.75,-315.0,1,94.262,
01/01/2000,01:28:38.27,19.15,-60.51,-992.84,113.75,-682.50,-245.0,1,94.264,
01/01/2000,01:28:38.28,19.28,-60.63,-992.96,96.25,-568.75,-297.50,1,94.266,
01/01/2000,01:28:38.29,19.15,-61.0,-993.32,227.50,-691.25,-271.25,1,94.268,
01/01/2000,01:28:38.30,19.28,-61.12,-993.45,192.50,-787.50,-358.75,1,94.270,
01/01/2000,01:28:38.31,19.40,-61.0,-993.57,140.0,-717.50,-437.50,1,94.272,
01/01/2000,01:28:38.32,19.40,-60.76,-993.08,166.25,-638.75,-350.0,1,94.241,
01/01/2000,01:28:38.33,19.28,-60.63,-991.98,183.75,-577.50,-350.0,1,94.243,
01/01/2000,01:28:38.34,19.28,-60.39,-990.64,166.25,-726.25,-315.0,1,94.245,
01/01/2000,01:28:38.35,19.28,-60.76,-989.42,122.50,-726.25,-192.50,1,94.247,
01/01/2000,01:28:38.36,19.40,-61.24,-989.79,210.0,-752.50,-393.75,1,94.249,
01/01/2000,01:28:38.37,19.52,-61.37,-990.88,227.50,-673.75,-402.50,1,94.251,
01/01/2000,01:28:38.38,19.40,-61.61,-992.59,332.50,-630.0,-533.75,1,94.253,
01/01/2000,01:28:38.39,19.28,-60.88,-993.08,70.0,-656.25,-297.50,1,94.255,
01/01/2000,01:28:38.40,18.79,-60.63,-992.84,236.25,-682.50,-271.25,1,94.257,
01/01/2000,01:28:38.41,18.54,-60.27,-992.35,157.50,-560.0,-227.50,1,94.259,
01/01/2000,01:28:38.42,18.42,-60.63,-991.86,105.0,-700.0,-236.25,1,94.261,
01/01/2000,01:28:38.43,18.54,-61.37,-991.13,166.25,-726.25,-323.75,1,94.263,
01/01/2000,01:28:38.45,18.67,-61.73,-991.37,166.25,-822.50,-463.75,1,94.265,
01/01/2000,01:28:38.46,19.15,-61.73,-991.98,166.25,-735.0,-393.75,1,94.268,
01/01/2000,01:28:38.47,19.52,-61.37,-993.20,236.25,-682.50,-358.75,1,94.270,
01/01/2000,01:28:38.48,19.52,-61.0,-993.57,210.0,-735.0,-262.50,1,94.272,
01/01/2000,01:28:38.49,19.40,-60.76,-993.57,166.25,-700.0,-218.75,1,94.274,
01/01/2000,01:28:38.50,19.15,-60.76,-993.32,113.75,-726.25,-262.50,1,94.276,
01/01/2000,01:28:38.51,19.03,-60.88,-993.20,210.0,-813.75,-332.50,1,94.278,
01/01/2000,01:28:38.52,19.28,-61.24,-993.32,105.0,-726.25,-323.75,1,94.280,
01/01/2000,01:28:38.53,19.52,-61.49,-992.84,236.25,-752.50,-358.75,1,94.282,
01/01/2000,01:28:38.54,18.79,-61.0,-991.98,61.25,-700.0,-332.50,1,94.284,
01/01/2000,01:28:38.55,18.42,-60.76,-990.88,192.50,-630.0,-463.75,1,94.286,
01/01/2000,01:28:38.56,18.18,-60.63,-990.15,105.0,-682.50,-288.75,1,94.288,
01/01/2000,01:28:38.57,17.93,-60.76,-990.88,140.0,-726.25,-323.75,1,94.290,
01/01/2000,01:28:38.58,18.42,-61.24,-992.35,210.0,-665.0,-341.25,1,94.259,
01/01/2000,01:28:38.59,18.79,-61.12,-992.84,140.0,-647.50,-463.75,1,94.261,
01/01/2000,01:28:38.60,19.03,-61.0,-993.08,157.50,-691.25,-341.25,1,94.263,
01/01/2000,01:28:38.61,19.28,-60.76,-992.84,280.0,-638.75,-551.25,1,94.265,
01/01/2000,01:28:38.62,19.28,-60.63,-992.10,166.25,-761.25,-306.25,1,94.267,
01/01/2000,01:28:38.63,19.03,-60.76,-991.49,227.50,-700.0,-481.25,1,94.269,
01/01/2000,01:28:38.64,18.79,-61.12,-991.37,157.50,-673.75,-227.50,1,94.271,
01/01/2000,01:28:38.66,18.91,-61.24,-992.23,87.50,-665.0,-323.75,1,94.273,
01/01/2000,01:28:38.67,19.28,-61.24,-992.84,113.75,-717.50,-498.75,1,94.275,
01/01/2000,01:28:38.68,19.15,-61.12,-992.96,157.50,-630.0,-297.50,1,94.277,
01/01/2000,01:28:38.69,18.91,-60.76,-992.84,236.25,-638.75,-297.50,1,94.279,
01/01/2000,01:28:38.70,19.03,-60.51,-992.35,236.25,-708.75,-271.25,1,94.281,
01/01/2000,01:28:38.71,18.91,-60.63,-992.10,192.50,-551.25,-245.0,1,94.283,
01/01/2000,01:28:38.72,19.03,-60.63,-992.23,113.75,-682.50,-341.25,1,94.285,
01/01/2000,01:28:38.73,19.52,-61.49,-992.96,306.25,-743.75,-428.75,1,94.287,
01/01/2000,01:28:38.74,19.52,-61.24,-993.45,43.75,-682.50,-420.0,1,94.289,
01/01/2000,01:28:38.75,18.91,-61.0,-992.84,113.75,-752.50,-428.75,1,94.291,
01/01/2000,01:28:38.76,18.18,-60.51,-991.62,87.50,-647.50,-367.50,1,94.293,
01/01/2000,01:28:38.77,18.06,-60.51,-990.64,70.0,-752.50,-297.50,1,94.295,
01/01/2000,01:28:38.78,18.18,-60.76,-990.15,157.50,-665.0,-245.0,1,94.297,
01/01/2000,01:28:38.79,19.03,-61.0,-990.76,105.0,-700.0,-446.25,1,94.266,
01/01/2000,01:28:38.81,19.52,-61.49,-991.62,201.25,-691.25,-350.0,1,94.268,
01/01/2000,01:28:38.82,19.28,-61.0,-992.10,140.0,-682.50,-367.50,1,94.270,
01/01/2000,01:28:38.83,19.03,-60.88,-992.10,201.25,-673.75,-350.0,1,94.272,
01/01/2000,01:28:38.84,18.79,-60.63,-992.10,140.0,-595.0,-315.0,1,94.274,
01/01/2000,01:28:38.85,18.54,-60.63,-992.35,253.75,-586.25,-315.0,1,94.276,
01/01/2000,01:28:38.86,18.67,-60.88,-992.59,43.75,-700.0,-358.75,1,94.278,
01/01/2000,01:28:38.87,18.54,-61.0,-992.35,105.0,-735.0,-297.50,1,94.280,
01/01/2000,01:28:38.88,18.54,-60.76,-991.98,157.50,-831.25,-402.50,1,94.282,
01/01/2000,01:28:38.89,18.91,-60.51,-991.86,183.75,-717.50,-463.75,1,94.284,
01/01/2000,01:28:38.90,19.15,-60.63,-992.10,253.75,-630.0,-446.25,1,94.286,
01/01/2000,01:28:38.91,19.28,-60.51,-992.71,105.0,-638.75,-350.0,1,94.255,
01/01/2000,01:28:38.92,19.52,-60.63,-993.20,96.25,-656.25,-306.25,1,94.290,
01/01/2000,01:28:38.93,19.40,-60.63,-993.57,253.75,-761.25,-358.75,1,94.259,
01/01/2000,01:28:38.94,19.64,-60.51,-993.93,113.75,-717.50,-367.50,1,94.261,
01/01/2000,01:28:38.95,19.76,-60.51,-994.06,122.50,-656.25,-437.50,1,94.263,
01/01/2000,01:28:38.96,19.76,-60.51,-993.81,175.0,-516.25,-323.75,1,94.265,
01/01/2000,01:28:38.97,19.40,-60.39,-992.23,61.25,-586.25,-262.50,1,94.267,
01/01/2000,01:28:38.98,18.91,-60.15,-990.88,201.25,-595.0,-280.0,1,94.269,
01/01/2000,01:28:38.99,18.42,-60.39,-989.91,192.50,-665.0,-341.25,1,94.271,
01/01/2000,01:28:39.01,18.42,-60.51,-989.79,61.25,-656.25,-411.25,1,94.273,
01/01/2000,01:28:39.02,18.54,-60.76,-990.40,192.50,-708.75,-437.50,1,94.275,
01/01/2000,01:28:39.03,18.91,-60.51,-991.13,78.75,-717.50,-367.50,1,94.277,
01/01/2000,01:28:39.04,19.64,-60.27,-992.59,122.50,-638.75,-393.75,1,94.279,
01/01/2000,01:28:39.05,19.76,-60.39,-992.84,78.75,-717.50,-280.0,1,94.281,
01/01/2000,01:28:39.06,19.89,-60.39,-992.71,218.75,-612.50,-253.75,1,94.283,
01/01/2000,01:28:39.07,19.89,-60.51,-992.35,87.50,-752.50,-201.25,1,94.285,
01/01/2000,01:28:39.08,19.28,-60.76,-991.37,236.25,-586.25,-350.0,1,94.287,
01/01/2000,01:28:39.09,18.91,-60.76,-990.88,166.25,-708.75,-341.25,1,94.289,
01/01/2000,01:28:39.10,18.67,-60.39,-990.88,87.50,-595.0,-437.50,1,94.291,
01/01/2000,01:28:39.11,18.91,-60.39,-991.62,148.75,-577.50,-271.25,1,94.293,
01/01/2000,01:28:39.12,19.03,-60.27,-992.59,8.75,-595.0,-236.25,1,94.295,
01/01/2000,01:28:39.13,19.28,-60.27,-993.32,148.75,-726.25,-236.25,1,94.297,
01/01/2000,01:28:39.15,19.76,-60.39,-993.81,70.0,-700.0,-315.0,1,94.266,
01/01/2000,01:28:39.16,20.01,-60.76,-993.57,210.0,-770.0,-358.75,1,94.268,
01/01/2000,01:28:39.17,20.13,-60.76,-993.20,192.50,-656.25,-393.75,1,94.270,
01/01/2000,01:28:39.18,20.01,-60.63,-992.84,218.75,-735.0,-245.0,1,94.272,
01/01/2000,01:28:39.19,19.76,-60.51,-992.23,192.50,-682.50,-315.0,1,94.274,
01/01/2000,01:28:39.20,18.79,-60.27,-991.25,148.75,-638.75,-262.50,1,94.276,
01/01/2000,01:28:39.21,18.18,-60.39,-990.52,122.50,-700.0,-227.50,1,94.278,
01/01/2000,01:28:39.22,17.32,-60.39,-990.03,210.0,-630.0,-376.25,1,94.280,
01/01/2000,01:28:39.23,17.32,-60.27,-990.27,17.50,-735.0,-297.50,1,94.282,
01/01/2000,01:28:39.24,17.81,-60.76,-991.37,157.50,-656.25,-560.0,1,94.284,
01/01/2000,01:28:39.25,18.67,-60.51,-992.47,201.25,-630.0,-332.50,1,94.286,
01/01/2000,01:28:39.26,19.52,-60.27,-993.57,96.25,-700.0,-402.50,1,94.288,
01/01/2000,01:28:39.27,19.89,-60.27,-993.32,280.0,-630.0,-297.50,1,94.290,
01/01/2000,01:28:39.28,19.76,-60.39,-992.59,131.25,-612.50,-201.25,1,94.292,
01/01/2000,01:28:39.29,19.52,-60.51,-991.13,70.0,-656.25,-358.75,1,94.261,
01/01/2000,01:28:39.30,19.40,-60.76,-990.64,227.50,-612.50,-323.75,1,94.263,
01/01/2000,01:28:39.32,19.52,-61.0,-991.37,148.75,-787.50,-376.25,1,94.265,
01/01/2000,01:28:39.33,19.52,-60.76,-992.84,43.75,-682.50,-393.75,1,94.267,
01/01/2000,01:28:39.34,19.40,-60.51,-993.32,157.50,-665.0,-332.50,1,94.269,
01/01/2000,01:28:39.35,19.28,-60.15,-993.32,140.0,-647.50,-183.75,1,94.271,
01/01/2000,01:28:39.36,19.03,-60.63,-992.71,262.50,-542.50,-245.0,1,94.273,
01/01/2000,01:28:39.37,19.03,-60.76,-992.47,96.25,-647.50,-358.75,1,94.275,
01/01/2000,01:28:39.38,19.28,-61.0,-992.47,192.50,-743.75,-533.75,1,94.277,
01/01/2000,01:28:39.39,19.52,-61.24,-992.71,288.75,-787.50,-437.50,1,94.279,
01/01/2000,01:28:39.40,19.40,-60.76,-992.47,131.25,-577.50,-358.75,1,94.281,
01/01/2000,01:28:39.41,18.91,-60.27,-991.49,131.25,-586.25,-297.50,1,94.283,
01/01/2000,01:28:39.42,18.30,-60.15,-990.27,140.0,-656.25,-288.75,1,94.285,
01/01/2000,01:28:39.43,17.93,-60.27,-989.79,140.0,-621.25,-236.25,1,94.287,
01/01/2000,01:28:39.44,17.93,-60.76,-990.40,201.25,-700.0,-428.75,1,94.289,
01/01/2000,01:28:39.45,18.42,-61.0,-991.37,113.75,-717.50,-481.25,1,94.291,
01/01/2000,01:28:39.46,18.79,-60.88,-992.35,105.0,-665.0,-533.75,1,94.293,
01/01/2000,01:28:39.47,19.28,-60.63,-992.84,245.0,-656.25,-341.25,1,94.262,
01/01/2000,01:28:39.48,19.76,-60.15,-992.59,70.0,-612.50,-236.25,1,94.296,
01/01/2000,01:28:39.49,19.52,-60.02,-991.74,122.50,-656.25,-201.25,1,94.266,
01/01/2000,01:28:39.51,19.15,-60.39,-990.76,210.0,-621.25,-332.50,1,94.268,
01/01/2000,01:28:39.52,19.03,-60.76,-991.01,140.0,-752.50,-385.0,1,94.270,
01/01/2000,01:28:39.53,19.15,-61.12,-991.86,70.0,-682.50,-420.0,1,94.272,
01/01/2000,01:28:39.54,19.52,-60.76,-993.57,157.50,-752.50,-533.75,1,94.274,
01/01/2000,01:28:39.55,19.89,-60.27,-993.81,280.0,-700.0,-367.50,1,94.276,
01/01/2000,01:28:39.56,19.76,-60.02,-993.32,52.50,-568.75,-227.50,1,94.278,
01/01/2000,01:28:39.57,19.28,-60.27,-992.23,218.75,-717.50,-105.0,1,94.280,
01/01/2000,01:28:39.58,19.28,-60.76,-991.98,218.75,-726.25,-358.75,1,94.282,
01/01/2000,01:28:39.59,19.76,-61.12,-992.71,113.75,-761.25,-411.25,1,94.284,
01/01/2000,01:28:39.60,20.13,-61.24,-993.81,183.75,-735.0,-586.25,1,94.286,
01/01/2000,01:28:39.61,20.25,-60.76,-993.81,175.0,-743.75,-341.25,1,94.288,
01/01/2000,01:28:39.62,20.01,-60.02,-993.08,78.75,-656.25,-201.25,1,94.290,
01/01/2000,01:28:39.63,19.40,-59.90,-991.86,210.0,-665.0,70.0,1,94.292,
01/01/2000,01:28:39.64,18.54,-60.27,-990.64,87.50,-787.50,-411.25,1,94.261,
01/01/2000,01:28:39.65,18.30,-61.12,-990.76,201.25,-735.0,-472.50,1,94.263,
01/01/2000,01:28:39.66,18.54,-61.37,-991.62,210.0,-752.50,-551.25,1,94.265,
01/01/2000,01:28:39.67,18.91,-61.0,-992.10,175.0,-691.25,-446.25,1,94.267,
01/01/2000,01:28:39.68,19.15,-60.27,-992.10,8.75,-656.25,-367.50,1,94.269,
01/01/2000,01:28:39.69,19.03,-59.78,-991.86,315.0,-612.50,-245.0,1,94.271,
01/01/2000,01:28:39.70,19.40,-60.02,-991.62,175.0,-726.25,-227.50,1,94.273,
01/01/2000,01:28:39.72,19.40,-61.24,-991.98,0.0,-735.0,-411.25,1,94.275,
01/01/2000,01:28:39.73,19.40,-61.49,-992.23,43.75,-726.25,-490.0,1,94.277,
01/01/2000,01:28:39.74,19.52,-61.37,-992.35,52.50,-778.75,-507.50,1,94.279,
01/01/2000,01:28:39.75,19.52,-60.76,-992.23,157.50,-761.25,-411.25,1,94.281,
01/01/2000,01:28:39.76,19.40,-60.27,-992.10,183.75,-813.75,-350.0,1,94.283,
01/01/2000,01:28:39.77,19.15,-60.27,-992.23,140.0,-656.25,-262.50,1,94.285,
01/01/2000,01:28:39.78,19.28,-60.51,-992.47,140.0,-700.0,-253.75,1,94.287,
01/01/2000,01:28:39.79,19.15,-61.24,-992.96,183.75,-700.0,-490.0,1,94.289,
01/01/2000,01:28:39.80,19.64,-61.37,-993.69,78.75,-752.50,-463.75,1,94.291,
01/01/2000,01:28:39.81,20.01,-61.0,-994.30,253.75,-560.0,-455.0,1,94.292,
01/01/2000,01:28:39.83,20.37,-60.51,-994.54,157.50,-621.25,-210.0,1,94.263,
01/01/2000,01:28:39.84,19.76,-60.27,-993.32,280.0,-533.75,-35.0,1,94.265,
01/01/2000,01:28:39.85,19.15,-60.39,-991.98,157.50,-638.75,-192.50,1,94.266,
01/01/2000,01:28:39.86,18.54,-61.12,-990.64,70.0,-735.0,-367.50,1,94.268,
01/01/2000,01:28:39.87,18.18,-61.24,-990.76,271.25,-752.50,-481.25,1,94.270,
01/01/2000,01:28:39.88,18.18,-61.0,-991.37,166.25,-761.25,-630.0,1,94.272,
01/01/2000,01:28:39.89,18.42,-60.76,-992.10,122.50,-717.50,-498.75,1,94.274,
01/01/2000,01:28:39.90,18.91,-60.27,-992.71,140.0,-717.50,-358.75,1,94.276,
01/01/2000,01:28:39.91,19.64,-60.27,-993.20,166.25,-612.50,-236.25,1,94.278,
01/01/2000,01:28:39.92,19.89,-60.27,-992.84,43.75,-603.75,-297.50,1,94.280,
01/01/2000,01:28:39.93,19.89,-61.0,-992.35,201.25,-673.75,-385.0,1,94.282,
01/01/2000,01:28:39.94,19.76,-61.12,-991.74,87.50,-787.50,-332.50,1,94.284,
01/01/2000,01:28:39.95,19.28,-61.12,-991.98,236.25,-743.75,-367.50,1,94.286,
01/01/2000,01:28:39.96,19.15,-60.63,-992.59,210.0,-656.25,-507.50,1,94.288,
01/01/2000,01:28:39.97,19.28,-60.39,-993.08,218.75,-656.25,-288.75,1,94.290,
01/01/2000,01:28:39.98,19.03,-60.15,-993.57,183.75,-621.25,-262.50,1,94.291,
01/01/2000,01:28:39.99,19.28,-60.51,-993.81,175.0,-743.75,-332.50,1,94.262,
01/01/2000,01:28:40.00,19.76,-61.12,-993.57,175.0,-717.50,-166.25,1,94.264,
01/01/2000,01:28:40.01,19.89,-61.24,-993.45,122.50,-717.50,-472.50,1,94.266,
01/01/2000,01:28:40.02,20.13,-61.0,-993.32,113.75,-735.0,-402.50,1,94.268,
01/01/2000,01:28:40.03,20.13,-60.76,-993.20,140.0,-700.0,-306.25,1,94.269,
01/01/2000,01:28:40.04,19.40,-60.63,-992.47,96.25,-638.75,-481.25,1,94.271,
01/01/2000,01:28:40.05,18.67,-60.51,-991.62,17.50,-735.0,-236.25,1,94.273,
01/01/2000,01:28:40.07,17.81,-60.76,-990.64,157.50,-708.75,-96.25,1,94.275,
01/01/2000,01:28:40.08,17.57,-61.12,-990.40,271.25,-770.0,-332.50,1,94.277,
01/01/2000,01:28:40.09,17.32,-61.0,-990.64,201.25,-848.75,-402.50,1,94.279,
01/01/2000,01:28:40.10,17.81,-60.76,-991.37,227.50,-761.25,-525.0,1,94.281,
01/01/2000,01:28:40.11,19.15,-60.76,-992.71,192.50,-840.0,-253.75,1,94.283,
01/01/2000,01:28:40.12,19.64,-60.76,-993.08,323.75,-691.25,-297.50,1,94.285,
01/01/2000,01:28:40.13,19.76,-60.76,-992.96,105.0,-647.50,-253.75,1,94.287,
01/01/2000,01:28:40.14,19.64,-60.88,-992.23,140.0,-770.0,-297.50,1,94.289,
01/01/2000,01:28:40.15,19.03,-61.0,-991.98,148.75,-735.0,-315.0,1,94.290,
01/01/2000,01:28:40.16,18.91,-60.88,-992.35,218.75,-743.75,-437.50,1,94.292,
01/01/2000,01:28:40.17,19.15,-60.76,-993.20,218.75,-691.25,-393.75,1,94.294,
01/01/2000,01:28:40.18,19.28,-60.76,-993.81,175.0,-673.75,-385.0,1,94.296,
01/01/2000,01:28:40.19,19.40,-61.0,-994.06,148.75,-708.75,-253.75,1,94.298,
01/01/2000,01:28:40.21,19.52,-61.0,-993.57,175.0,-770.0,-306.25,1,94.269,
01/01/2000,01:28:40.21,19.40,-61.24,-992.84,227.50,-787.50,-367.50,1,94.270,
01/01/2000,01:28:40.23,19.40,-61.49,-992.59,122.50,-752.50,-376.25,1,94.272,
01/01/2000,01:28:40.24,19.52,-61.37,-992.84,192.50,-770.0,-420.0,1,94.274,
01/01/2000,01:28:40.25,19.52,-61.24,-993.08,122.50,-726.25,-551.25,1,94.276,
01/01/2000,01:28:40.26,19.15,-60.76,-992.96,271.25,-682.50,-297.50,1,94.278,
01/01/2000,01:28:40.27,18.91,-60.27,-992.35,245.0,-708.75,-297.50,1,94.280,
01/01/2000,01:28:40.28,18.30,-60.15,-991.74,201.25,-673.75,-157.50,1,94.282,
01/01/2000,01:28:40.29,18.42,-60.39,-991.86,157.50,-691.25,-297.50,1,94.284,
01/01/2000,01:28:40.30,18.79,-60.76,-992.35,61.25,-700.0,-446.25,1,94.286,
01/01/2000,01:28:40.31,19.03,-60.88,-992.84,131.25,-665.0,-533.75,1,94.288,
01/01/2000,01:28:40.32,19.28,-60.63,-993.08,131.25,-726.25,-341.25,1,94.290,
01/01/2000,01:28:40.33,19.40,-60.51,-992.71,26.25,-700.0,-315.0,1,94.260,
01/01/2000,01:28:40.34,19.03,-60.39,-992.10,157.50,-656.25,-122.50,1,94.262,
01/01/2000,01:28:40.36,18.67,-60.63,-991.74,183.75,-621.25,-297.50,1,94.264,
01/01/2000,01:28:40.37,18.79,-60.76,-992.23,210.0,-761.25,-358.75,1,94.266,
01/01/2000,01:28:40.38,19.03,-60.63,-992.59,218.75,-752.50,-341.25,1,94.268,
01/01/2000,01:28:40.39,19.15,-60.51,-992.84,341.25,-630.0,-350.0,1,94.270,
01/01/2000,01:28:40.40,19.40,-60.27,-992.84,-26.25,-682.50,-245.0,1,94.272,
01/01/2000,01:28:40.41,19.40,-60.51,-992.71,166.25,-682.50,-332.50,1,94.273,
01/01/2000,01:28:40.42,19.76,-60.63,-992.59,78.75,-665.0,-341.25,1,94.275,
01/01/2000,01:28:40.43,19.52,-61.12,-992.59,262.50,-700.0,-393.75,1,94.277,
01/01/2000,01:28:40.44,19.64,-61.12,-992.84,43.75,-743.75,-358.75,1,94.279,
01/01/2000,01:28:40.45,19.76,-61.0,-993.20,96.25,-638.75,-420.0,1,94.281,
01/01/2000,01:28:40.46,19.64,-60.76,-993.08,26.25,-665.0,-271.25,1,94.283,
01/01/2000,01:28:40.47,19.03,-60.63,-992.47,-8.75,-708.75,-210.0,1,94.285,
01/01/2000,01:28:40.48,18.67,-60.76,-991.86,131.25,-708.75,-227.50,1,94.287,
01/01/2000,01:28:40.49,18.30,-61.12,-991.25,192.50,-735.0,-420.0,1,94.289,
01/01/2000,01:28:40.50,17.93,-61.37,-991.37,201.25,-577.50,-341.25,1,94.290,
01/01/2000,01:28:40.51,18.06,-61.0,-991.74,105.0,-603.75,-463.75,1,94.292,
01/01/2000,01:28:40.52,18.30,-61.0,-991.98,61.25,-665.0,-420.0,1,94.294,
01/01/2000,01:28:40.53,18.54,-60.63,-992.10,192.50,-770.0,-253.75,1,94.296,
01/01/2000,01:28:40.54,18.79,-60.88,-992.35,131.25,-673.75,-297.50,1,94.298,
01/01/2000,01:28:40.55,18.91,-61.12,-992.71,262.50,-796.25,-315.0,1,94.300,
01/01/2000,01:28:40.56,19.64,-61.49,-993.32,210.0,-673.75,-472.50,1,94.271,
01/01/2000,01:28:40.57,20.01,-61.0,-993.45,148.75,-525.0,-297.50,1,94.273,
01/01/2000,01:28:40.58,19.89,-60.27,-993.20,131.25,-778.75,-288.75,1,94.274,
01/01/2000,01:28:40.59,19.52,-60.02,-992.84,87.50,-665.0,-148.75,1,94.276,
01/01/2000,01:28:40.60,19.15,-60.76,-992.84,105.0,-726.25,-210.0,1,94.278,
01/01/2000,01:28:40.61,18.79,-61.0,-992.84,183.75,-708.75,-350.0,1,94.280,
01/01/2000,01:28:40.63,18.91,-61.49,-993.08,358.75,-700.0,-533.75,1,94.282,
01/01/2000,01:28:40.64,19.28,-61.24,-993.57,463.75,-813.75,-332.50,1,94.284,
01/01/2000,01:28:40.65,20.25,-60.76,-994.54,96.25,-743.75,-455.0,1,94.286,
01/01/2000,01:28:40.66,20.50,-60.76,-994.54,192.50,-612.50,-253.75,1,94.288,
01/01/2000,01:28:40.67,20.37,-60.63,-993.81,87.50,-682.50,-297.50,1,94.289,
01/01/2000,01:28:40.68,20.01,-60.76,-992.84,175.0,-700.0,-70.0,1,94.291,
01/01/2000,01:28:40.69,19.15,-60.88,-991.13,61.25,-735.0,-271.25,1,94.293,
01/01/2000,01:28:40.70,18.06,-61.24,-990.76,245.0,-901.25,-560.0,1,94.295,
01/01/2000,01:28:40.71,17.69,-61.0,-991.13,183.75,-682.50,-420.0,1,94.297,
01/01/2000,01:28:40.72,17.93,-60.63,-991.86,192.50,-568.75,-411.25,1,94.299,
01/01/2000,01:28:40.73,18.54,-60.27,-992.59,166.25,-717.50,-288.75,1,94.301,
01/01/2000,01:28:40.74,19.15,-60.27,-993.08,192.50,-612.50,-288.75,1,94.303,
01/01/2000,01:28:40.75,19.89,-61.0,-993.20,87.50,-656.25,-280.0,1,94.304,
01/01/2000,01:28:40.76,19.76,-61.24,-992.71,262.50,-638.75,-393.75,1,94.306,
01/01/2000,01:28:40.77,19.28,-61.37,-991.86,253.75,-708.75,-437.50,1,94.277,
01/01/2000,01:28:40.79,18.79,-61.0,-991.62,166.25,-743.75,-323.75,1,94.279,
01/01/2000,01:28:40.79,18.18,-60.63,-991.86,201.25,-761.25,-271.25,1,94.281,
01/01/2000,01:28:40.81,17.93,-60.51,-992.84,166.25,-577.50,-288.75,1,94.283,
01/01/2000,01:28:40.82,18.91,-60.76,-993.45,183.75,-743.75,-350.0,1,94.285,
01/01/2000,01:28:40.83,19.28,-61.24,-994.06,332.50,-516.25,-428.75,1,94.287,
01/01/2000,01:28:40.84,20.62,-61.49,-994.18,192.50,-735.0,-472.50,1,94.258,
01/01/2000,01:28:40.85,21.11,-61.24,-993.81,113.75,-656.25,-402.50,1,94.260,
01/01/2000,01:28:40.86,20.74,-60.88,-993.57,192.50,-735.0,-122.50,1,94.261,
01/01/2000,01:28:40.87,20.37,-60.51,-993.08,26.25,-700.0,-96.25,1,94.263,
01/01/2000,01:28:40.88,19.76,-60.76,-991.98,192.50,-621.25,-43.75,1,94.265,
01/01/2000,01:28:40.89,18.18,-60.88,-991.13,122.50,-778.75,-332.50,1,94.267,
01/01/2000,01:28:40.90,16.96,-61.0,-990.88,236.25,-647.50,-542.50,1,94.269,
01/01/2000,01:28:40.92,17.57,-60.76,-991.37,262.50,-708.75,-647.50,1,94.271,
01/01/2000,01:28:40.93,18.18,-60.63,-992.47,122.50,-735.0,-507.50,1,94.273,
01/01/2000,01:28:40.94,19.03,-60.27,-993.57,236.25,-595.0,-385.0,1,94.275,
01/01/2000,01:28:40.95,20.98,-60.39,-994.30,113.75,-770.0,-297.50,1,94.276,
01/01/2000,01:28:40.96,21.23,-60.51,-993.81,140.0,-708.75,-157.50,1,94.278,
01/01/2000,01:28:40.97,20.50,-61.0,-993.08,201.25,-691.25,-175.0,1,94.280,
01/01/2000,01:28:40.98,20.25,-60.76,-992.47,166.25,-770.0,-210.0,1,94.282,
01/01/2000,01:28:40.99,19.28,-61.0,-991.37,253.75,-752.50,-428.75,1,94.284,
01/01/2000,01:28:41.00,18.18,-60.63,-991.98,131.25,-761.25,-542.50,1,94.286,
01/01/2000,01:28:41.01,18.67,-60.51,-992.84,-35.0,-656.25,-411.25,1,94.288,
01/01/2000,01:28:41.02,19.52,-60.63,-993.08,271.25,-638.75,-315.0,1,94.289,
01/01/2000,01:28:41.03,19.15,-60.51,-993.45,166.25,-735.0,-341.25,1,94.291,
01/01/2000,01:28:41.04,19.64,-60.27,-993.32,52.50,-770.0,-315.0,1,94.293,
01/01/2000,01:28:41.05,20.62,-60.88,-993.08,288.75,-595.0,-358.75,1,94.295,
01/01/2000,01:28:41.06,20.01,-60.88,-993.20,148.75,-647.50,-315.0,1,94.297,
01/01/2000,01:28:41.07,19.40,-60.76,-992.59,271.25,-647.50,-288.75,1,94.299,
01/01/2000,01:28:41.08,19.28,-60.51,-991.37,288.75,-682.50,-280.0,1,94.301,
01/01/2000,01:28:41.09,17.08,-60.39,-990.40,87.50,-726.25,-306.25,1,94.302,
01/01/2000,01:28:41.10,16.47,-60.51,-990.64,236.25,-770.0,-481.25,1,94.304,
01/01/2000,01:28:41.11,17.57,-60.76,-991.01,148.75,-673.75,-603.75,1,94.306,
01/01/2000,01:28:41.13,18.18,-60.51,-992.35,166.25,-682.50,-551.25,1,94.277,
01/01/2000,01:28:41.14,18.91,-60.39,-993.08,131.25,-638.75,-148.75,1,94.279,
01/01/2000,01:28:41.15,20.37,-60.27,-993.08,323.75,-682.50,-262.50,1,94.281,
01/01/2000,01:28:41.16,20.25,-60.39,-992.23,105.0,-770.0,-253.75,1,94.283,
01/01/2000,01:28:41.17,19.28,-60.51,-991.62,192.50,-805.0,-175.0,1,94.285,
01/01/2000,01:28:41.18,19.28,-60.76,-991.49,78.75,-743.75,-78.75,1,94.287,
01/01/2000,01:28:41.19,19.64,-60.88,-992.10,157.50,-822.50,-700.0,1,94.288,
01/01/2000,01:28:41.20,18.67,-60.76,-993.08,-61.25,-630.0,-507.50,1,94.290,
01/01/2000,01:28:41.21,19.76,-60.15,-993.08,87.50,-656.25,-271.25,1,94.292,
01/01/2000,01:28:41.22,20.01,-60.39,-992.59,175.0,-638.75,26.25,1,94.294,
01/01/2000,01:28:41.23,19.40,-60.63,-992.47,26.25,-700.0,-201.25,1,94.296,
01/01/2000,01:28:41.24,20.01,-61.12,-992.96,17.50,-691.25,-621.25,1,94.298,
01/01/2000,01:28:41.25,21.23,-61.49,-993.81,113.75,-630.0,-551.25,1,94.300,
01/01/2000,01:28:41.26,20.25,-61.37,-993.81,113.75,-586.25,-288.75,1,94.271,
01/01/2000,01:28:41.27,19.64,-60.27,-992.59,175.0,-682.50,-218.75,1,94.273,
01/01/2000,01:28:41.28,19.52,-60.39,-991.37,245.0,-717.50,-148.75,1,94.275,
01/01/2000,01:28:41.29,18.06,-60.51,-991.01,157.50,-761.25,-157.50,1,94.277,
01/01/2000,01:28:41.30,17.08,-60.76,-991.25,131.25,-708.75,-376.25,1,94.278,
01/01/2000,01:28:41.31,18.79,-60.88,-991.62,332.50,-612.50,-498.75,1,94.280,
01/01/2000,01:28:41.32,18.67,-60.76,-991.86,157.50,-752.50,-525.0,1,94.282,
01/01/2000,01:28:41.34,18.67,-60.27,-992.23,201.25,-743.75,-131.25,1,94.284,
01/01/2000,01:28:41.35,19.89,-60.76,-991.86,306.25,-682.50,-192.50,1,94.286,
01/01/2000,01:28:41.36,19.15,-61.0,-991.98,105.0,-726.25,-227.50,1,94.257,
01/01/2000,01:28:41.37,19.52,-61.0,-992.10,105.0,-682.50,-218.75,1,94.259,
01/01/2000,01:28:41.38,20.13,-61.24,-992.23,122.50,-638.75,-385.0,1,94.261,
01/01/2000,01:28:41.39,19.28,-60.63,-992.71,105.0,-665.0,-376.25,1,94.263,
01/01/2000,01:28:41.40,18.79,-60.51,-992.96,210.0,-770.0,-297.50,1,94.265,
01/01/2000,01:28:41.41,20.25,-60.39,-992.59,148.75,-560.0,-262.50,1,94.266,
01/01/2000,01:28:41.42,19.76,-60.63,-992.84,87.50,-761.25,-428.75,1,94.268,
01/01/2000,01:28:41.43,19.52,-60.88,-993.57,201.25,-726.25,-411.25,1,94.270,
01/01/2000,01:28:41.44,20.86,-60.88,-994.30,166.25,-647.50,-332.50,1,94.272,
01/01/2000,01:28:41.45,21.47,-60.76,-994.06,105.0,-638.75,-332.50,1,94.274,
01/01/2000,01:28:41.46,20.01,-60.51,-993.20,166.25,-682.50,-87.50,1,94.276,
01/01/2000,01:28:41.48,19.64,-60.02,-991.86,17.50,-682.50,-17.50,1,94.277,
01/01/2000,01:28:41.49,18.91,-61.12,-990.27,236.25,-822.50,-262.50,1,94.279,
01/01/2000,01:28:41.50,16.35,-61.24,-990.40,78.75,-673.75,-603.75,1,94.281,
01/01/2000,01:28:41.51,16.47,-61.0,-990.88,148.75,-630.0,-595.0,1,94.283,
01/01/2000,01:28:41.52,17.93,-60.63,-991.37,61.25,-743.75,-586.25,1,94.285,
01/01/2000,01:28:41.53,18.54,-60.63,-991.98,253.75,-638.75,-411.25,1,94.287,
01/01/2000,01:28:41.54,20.25,-60.39,-992.35,96.25,-770.0,-175.0,1,94.288,
01/01/2000,01:28:41.55,20.74,-60.76,-992.84,96.25,-805.0,0.0,1,94.290,
01/01/2000,01:28:41.56,20.74,-61.49,-993.20,-61.25,-673.75,-297.50,1,94.292,
01/01/2000,01:28:41.57,19.89,-61.24,-993.81,140.0,-673.75,-673.75,1,94.294,
01/01/2000,01:28:41.58,20.13,-60.51,-994.18,35.0,-586.25,-385.0,1,94.296,
01/01/2000,01:28:41.59,20.86,-59.54,-994.30,192.50,-612.50,-288.75,1,94.298,
01/01/2000,01:28:41.60,22.08,-60.02,-995.15,96.25,-682.50,-288.75,1,94.299,
01/01/2000,01:28:41.61,23.67,-60.76,-996.50,192.50,-691.25,-402.50,1,94.301,
01/01/2000,01:28:41.62,25.99,-61.98,-998.94,245.0,-665.0,-621.25,1,94.303,
01/01/2000,01:28:41.63,27.45,-61.24,-999.91,113.75,-682.50,-560.0,1,94.305,
01/01/2000,01:28:41.64,27.45,-60.39,-998.94,17.50,-656.25,-166.25,1,94.307,
01/01/2000,01:28:41.65,26.35,-60.27,-997.47,218.75,-770.0,52.50,1,94.308,
01/01/2000,01:28:41.66,25.01,-60.51,-996.50,17.50,-691.25,-61.25,1,94.310,
01/01/2000,01:28:41.67,23.42,-61.61,-995.52,236.25,-752.50,-463.75,1,94.312,
01/01/2000,01:28:41.69,22.08,-61.49,-995.64,78.75,-708.75,-726.25,1,94.284,
01/01/2000,01:28:41.70,22.20,-61.0,-996.25,131.25,-525.0,-743.75,1,94.286,
01/01/2000,01:28:41.71,23.55,-60.39,-997.47,87.50,-630.0,-577.50,1,94.288,
01/01/2000,01:28:41.72,25.74,-60.51,-999.18,175.0,-612.50,-420.0,1,94.289,
01/01/2000,01:28:41.73,27.69,-61.0,-1000.77,122.50,-743.75,-288.75,1,94.291,
01/01/2000,01:28:41.74,30.38,-61.61,-1001.86,96.25,-735.0,-428.75,1,94.293,
01/01/2000,01:28:41.75,30.87,-61.73,-1001.38,166.25,-805.0,-210.0,1,94.295,
01/01/2000,01:28:41.76,29.28,-61.12,-999.91,280.0,-708.75,-175.0,1,94.297,
01/01/2000,01:28:41.77,27.33,-60.88,-998.94,227.50,-735.0,-192.50,1,94.298,
01/01/2000,01:28:41.78,25.13,-60.88,-997.72,201.25,-603.75,-341.25,1,94.300,
01/01/2000,01:28:41.79,23.67,-60.76,-996.74,376.25,-682.50,-341.25,1,94.302,
01/01/2000,01:28:41.80,22.94,-60.76,-996.25,113.75,-682.50,-577.50,1,94.304,
01/01/2000,01:28:41.81,23.67,-60.76,-996.37,140.0,-726.25,-717.50,1,94.306,
01/01/2000,01:28:41.82,24.89,-60.88,-997.35,-17.50,-840.0,-805.0,1,94.307,
01/01/2000,01:28:41.83,26.84,-61.24,-998.94,122.50,-717.50,-210.0,1,94.279,
01/01/2000,01:28:41.84,26.35,-60.88,-998.45,262.50,-586.25,26.25,1,94.281,
01/01/2000,01:28:41.85,23.67,-60.39,-995.76,175.0,-717.50,-113.75,1,94.283,
01/01/2000,01:28:41.87,20.86,-60.51,-994.06,183.75,-621.25,-367.50,1,94.285,
01/01/2000,01:28:41.88,20.25,-60.88,-994.30,271.25,-700.0,-472.50,1,94.287,
01/01/2000,01:28:41.89,20.74,-60.51,-994.79,297.50,-595.0,-665.0,1,94.259,
01/01/2000,01:28:41.90,21.47,-60.39,-994.79,131.25,-708.75,-218.75,1,94.260,
01/01/2000,01:28:41.91,22.45,-60.51,-994.42,78.75,-638.75,-17.50,1,94.262,
01/01/2000,01:28:41.92,22.20,-61.0,-994.18,192.50,-752.50,-183.75,1,94.264,
01/01/2000,01:28:41.93,21.47,-61.12,-993.93,183.75,-796.25,-218.75,1,94.266,
01/01/2000,01:28:41.94,20.50,-61.0,-993.81,166.25,-595.0,-393.75,1,94.268,
01/01/2000,01:28:41.95,19.76,-60.39,-993.45,122.50,-700.0,-376.25,1,94.270,
01/01/2000,01:28:41.96,19.89,-60.15,-993.32,122.50,-691.25,-280.0,1,94.271,
01/01/2000,01:28:41.97,20.13,-60.27,-993.08,175.0,-691.25,-192.50,1,94.273,
01/01/2000,01:28:41.98,20.50,-60.88,-993.20,140.0,-665.0,-332.50,1,94.275,
01/01/2000,01:28:41.99,20.74,-61.12,-993.32,113.75,-612.50,-455.0,1,94.277,
01/01/2000,01:28:42.00,20.50,-60.76,-993.08,166.25,-752.50,-341.25,1,94.279,
01/01/2000,01:28:42.02,20.13,-60.51,-992.84,131.25,-691.25,-262.50,1,94.280,
01/01/2000,01:28:42.02,19.64,-60.02,-992.84,131.25,-778.75,-236.25,1,94.282,
01/01/2000,01:28:42.04,19.52,-60.02,-992.71,78.75,-708.75,-315.0,1,94.284,
01/01/2000,01:28:42.05,19.76,-60.76,-992.71,288.75,-691.25,-323.75,1,94.286,
01/01/2000,01:28:42.06,20.13,-60.88,-992.84,105.0,-752.50,-376.25,1,94.288,
01/01/2000,01:28:42.07,20.01,-60.88,-992.84,183.75,-717.50,-367.50,1,94.289,
01/01/2000,01:28:42.08,20.01,-60.76,-992.59,236.25,-761.25,-315.0,1,94.291,
01/01/2000,01:28:42.09,19.64,-60.39,-992.47,43.75,-673.75,-280.0,1,94.293,
01/01/2000,01:28:42.10,19.15,-60.27,-992.35,96.25,-682.50,-323.75,1,94.295,
01/01/2000,01:28:42.11,19.40,-60.63,-992.35,140.0,-647.50,-306.25,1,94.267,
01/01/2000,01:28:42.12,19.64,-60.76,-992.35,262.50,-621.25,-385.0,1,94.269,
01/01/2000,01:28:42.13,19.52,-60.88,-992.47,157.50,-630.0,-411.25,1,94.271,
01/01/2000,01:28:42.14,19.76,-60.76,-992.84,157.50,-805.0,-332.50,1,94.272,
01/01/2000,01:28:42.15,18.54,-60.63,-995.28,157.50,-735.0,-70.0,1,94.274,
01/01/2000,01:28:42.16,18.30,-61.0,-996.37,52.50,-673.75,-175.0,1,94.276,
01/01/2000,01:28:42.17,17.08,-61.37,-997.23,341.25,-673.75,-420.0,1,94.278,
01/01/2000,01:28:42.19,16.84,-60.15,-997.84,-8.75,-612.50,-621.25,1,94.279,
01/01/2000,01:28:42.20,17.93,-60.51,-997.96,192.50,-726.25,-315.0,1,94.281,
01/01/2000,01:28:42.21,19.64,-60.88,-998.81,236.25,-621.25,-437.50,1,94.283,
01/01/2000,01:28:42.22,22.45,-61.73,-999.91,192.50,-682.50,-490.0,1,94.285,
01/01/2000,01:28:42.23,23.18,-61.73,-999.91,288.75,-787.50,-297.50,1,94.287,
01/01/2000,01:28:42.24,23.42,-61.24,-999.67,157.50,-743.75,-376.25,1,94.288,
01/01/2000,01:28:42.25,23.18,-61.0,-999.91,218.75,-857.50,-227.50,1,94.290,
01/01/2000,01:28:42.26,22.20,-61.12,-1001.62,96.25,-840.0,-201.25,1,94.292,
01/01/2000,01:28:42.27,20.50,-61.49,-1003.33,183.75,-778.75,-245.0,1,94.294,
01/01/2000,01:28:42.28,19.03,-61.37,-1004.06,227.50,-726.25,-498.75,1,94.296,
01/01/2000,01:28:42.29,18.30,-61.0,-1004.30,148.75,-638.75,-288.75,1,94.297,
01/01/2000,01:28:42.30,18.06,-60.76,-1004.18,157.50,-647.50,-306.25,1,94.299,
01/01/2000,01:28:42.31,17.81,-60.76,-1003.57,105.0,-752.50,-236.25,1,94.301,
01/01/2000,01:28:42.32,18.42,-61.12,-1001.86,131.25,-656.25,-393.75,1,94.273,
01/01/2000,01:28:42.33,18.79,-61.37,-999.67,70.0,-735.0,-420.0,1,94.275,
01/01/2000,01:28:42.34,19.03,-61.24,-998.69,122.50,-752.50,-332.50,1,94.277,
01/01/2000,01:28:42.35,19.76,-61.0,-998.33,43.75,-752.50,-472.50,1,94.279,
01/01/2000,01:28:42.36,20.74,-61.0,-999.06,166.25,-682.50,-463.75,1,94.280,
01/01/2000,01:28:42.38,22.20,-61.24,-1000.89,271.25,-621.25,-236.25,1,94.282,
01/01/2000,01:28:42.39,21.96,-61.12,-1001.25,78.75,-603.75,-227.50,1,94.284,
01/01/2000,01:28:42.40,21.23,-61.24,-1000.40,35.0,-743.75,-210.0,1,94.286,
01/01/2000,01:28:42.41,19.52,-60.63,-998.45,271.25,-647.50,-271.25,1,94.287,
01/01/2000,01:28:42.42,18.42,-60.76,-996.98,192.50,-726.25,-350.0,1,94.289,
01/01/2000,01:28:42.43,17.93,-60.63,-996.01,183.75,-787.50,-367.50,1,94.291,
01/01/2000,01:28:42.44,17.69,-60.76,-995.03,201.25,-665.0,-350.0,1,94.293,
01/01/2000,01:28:42.45,17.93,-60.76,-994.06,218.75,-796.25,-201.25,1,94.265,
01/01/2000,01:28:42.46,18.18,-60.76,-993.81,61.25,-691.25,-393.75,1,94.267,
01/01/2000,01:28:42.47,18.91,-60.88,-993.81,166.25,-595.0,-490.0,1,94.269,
01/01/2000,01:28:42.48,19.28,-60.88,-993.20,271.25,-691.25,-280.0,1,94.271,
01/01/2000,01:28:42.49,19.52,-60.51,-992.84,78.75,-770.0,-367.50,1,94.272,
01/01/2000,01:28:42.50,19.52,-60.63,-992.96,280.0,-700.0,-280.0,1,94.274,
01/01/2000,01:28:42.51,19.76,-60.88,-993.45,236.25,-787.50,-490.0,1,94.276,
01/01/2000,01:28:42.52,20.01,-60.76,-994.18,315.0,-691.25,-455.0,1,94.278,
01/01/2000,01:28:42.53,20.50,-60.39,-994.67,-70.0,-630.0,-280.0,1,94.280,
01/01/2000,01:28:42.54,20.50,-60.51,-994.42,323.75,-691.25,-376.25,1,94.281,
01/01/2000,01:28:42.56,20.13,-60.39,-993.93,35.0,-805.0,-271.25,1,94.283,
01/01/2000,01:28:42.56,19.76,-60.63,-993.45,262.50,-770.0,-332.50,1,94.285,
01/01/2000,01:28:42.58,20.01,-60.76,-993.20,166.25,-717.50,-385.0,1,94.287,
01/01/2000,01:28:42.59,20.13,-60.76,-992.84,253.75,-700.0,-411.25,1,94.288,
01/01/2000,01:28:42.60,20.25,-60.27,-992.59,175.0,-673.75,-341.25,1,94.290,
01/01/2000,01:28:42.61,20.25,-60.51,-992.23,157.50,-700.0,-210.0,1,94.292,
01/01/2000,01:28:42.62,20.01,-60.51,-992.35,262.50,-770.0,-210.0,1,94.294,
01/01/2000,01:28:42.63,18.30,-60.63,-991.37,122.50,-700.0,-140.0,1,94.295,
01/01/2000,01:28:42.64,17.45,-60.51,-990.76,271.25,-717.50,-271.25,1,94.297,
01/01/2000,01:28:42.65,17.32,-60.51,-990.76,166.25,-796.25,-367.50,1,94.299,
01/01/2000,01:28:42.66,17.69,-60.51,-991.62,157.50,-638.75,-437.50,1,94.301,
01/01/2000,01:28:42.67,19.03,-60.51,-993.08,245.0,-656.25,-420.0,1,94.273,
01/01/2000,01:28:42.68,19.76,-60.63,-993.45,157.50,-656.25,-218.75,1,94.275,
01/01/2000,01:28:42.69,20.74,-60.51,-992.84,148.75,-752.50,-376.25,1,94.277,
01/01/2000,01:28:42.70,20.98,-60.51,-992.47,131.25,-708.75,-166.25,1,94.279,
01/01/2000,01:28:42.71,20.86,-60.88,-992.35,166.25,-708.75,-350.0,1,94.280,
01/01/2000,01:28:42.72,20.25,-61.24,-992.59,385.0,-770.0,-358.75,1,94.282,
01/01/2000,01:28:42.73,19.40,-60.63,-992.35,140.0,-743.75,-358.75,1,94.284,
01/01/2000,01:28:42.75,18.06,-60.27,-991.37,122.50,-752.50,-245.0,1,94.286,
01/01/2000,01:28:42.76,17.32,-60.15,-990.76,78.75,-726.25,-315.0,1,94.287,
01/01/2000,01:28:42.77,16.84,-60.63,-990.52,70.0,-752.50,-271.25,1,94.289,
01/01/2000,01:28:42.78,16.35,-60.76,-990.15,227.50,-603.75,-446.25,1,94.291,
01/01/2000,01:28:42.79,16.23,-61.12,-990.64,315.0,-726.25,-542.50,1,94.293,
01/01/2000,01:28:42.80,17.32,-60.76,-991.62,-52.50,-673.75,-498.75,1,94.294,
01/01/2000,01:28:42.81,18.67,-60.63,-992.59,341.25,-647.50,-533.75,1,94.296,
01/01/2000,01:28:42.82,21.23,-60.63,-993.81,210.0,-542.50,-332.50,1,94.298,
01/01/2000,01:28:42.83,22.45,-60.63,-993.81,166.25,-691.25,-253.75,1,94.300,
01/01/2000,01:28:42.84,22.69,-60.88,-992.96,105.0,-770.0,-201.25,1,94.301,
01/01/2000,01:28:42.85,21.47,-61.12,-992.10,122.50,-778.75,-253.75,1,94.303,
01/01/2000,01:28:42.86,20.25,-61.0,-991.86,131.25,-848.75,-367.50,1,94.305,
01/01/2000,01:28:42.87,18.79,-60.76,-991.98,122.50,-787.50,-393.75,1,94.307,
01/01/2000,01:28:42.89,16.59,-60.27,-991.62,87.50,-621.25,-437.50,1,94.280,
01/01/2000,01:28:42.90,16.47,-60.02,-991.49,131.25,-630.0,-586.25,1,94.281,
01/01/2000,01:28:42.91,16.84,-60.76,-990.40,201.25,-673.75,-428.75,1,94.283,
01/01/2000,01:28:42.92,17.08,-60.88,-989.42,245.0,-647.50,-603.75,1,94.285,
01/01/2000,01:28:42.93,17.69,-61.0,-989.42,210.0,-770.0,-717.50,1,94.287,
01/01/2000,01:28:42.94,18.91,-60.76,-990.52,183.75,-717.50,-840.0,1,94.288,
01/01/2000,01:28:42.95,20.01,-60.76,-993.32,341.25,-857.50,-516.25,1,94.290,
01/01/2000,01:28:42.96,21.72,-60.51,-994.79,35.0,-586.25,-201.25,1,94.292,
01/01/2000,01:28:42.97,22.08,-60.39,-994.79,350.0,-586.25,-43.75,1,94.265,
01/01/2000,01:28:42.98,21.59,-60.27,-992.59,306.25,-638.75,-26.25,1,94.267,
01/01/2000,01:28:42.99,20.01,-60.76,-991.13,183.75,-665.0,-332.50,1,94.268,
01/01/2000,01:28:43.00,18.79,-61.37,-990.40,210.0,-796.25,-455.0,1,94.270,
01/01/2000,01:28:43.01,17.57,-61.37,-990.64,175.0,-682.50,-551.25,1,94.272,
01/01/2000,01:28:43.02,17.08,-61.0,-991.62,183.75,-691.25,-883.75,1,94.274,
01/01/2000,01:28:43.03,17.57,-60.51,-992.84,227.50,-638.75,-525.0,1,94.275,
01/01/2000,01:28:43.04,18.67,-60.27,-993.32,236.25,-708.75,-297.50,1,94.277,
01/01/2000,01:28:43.05,19.89,-60.51,-992.96,157.50,-586.25,-271.25,1,94.279,
01/01/2000,01:28:43.06,20.74,-61.12,-990.64,288.75,-752.50,-253.75,1,94.281,
01/01/2000,01:28:43.07,20.98,-61.24,-989.54,236.25,-682.50,-332.50,1,94.282,
01/01/2000,01:28:43.08,21.23,-61.12,-989.91,122.50,-848.75,-446.25,1,94.284,
01/01/2000,01:28:43.10,21.23,-61.24,-992.71,306.25,-770.0,-481.25,1,94.286,
01/01/2000,01:28:43.11,20.98,-60.76,-994.67,166.25,-673.75,-358.75,1,94.287,
01/01/2000,01:28:43.12,20.86,-60.39,-995.28,175.0,-595.0,-385.0,1,94.289,
01/01/2000,01:28:43.13,19.76,-60.27,-993.57,253.75,-691.25,-533.75,1,94.291,
01/01/2000,01:28:43.14,19.03,-60.76,-991.98,140.0,-752.50,-262.50,1,94.293,
01/01/2000,01:28:43.15,18.42,-61.37,-991.01,96.25,-770.0,-411.25,1,94.294,
01/01/2000,01:28:43.16,18.30,-61.61,-991.13,245.0,-700.0,-770.0,1,94.296,
01/01/2000,01:28:43.17,18.42,-61.0,-991.98,192.50,-761.25,-682.50,1,94.298,
01/01/2000,01:28:43.18,18.54,-60.39,-992.59,262.50,-700.0,-1268.75,1,94.300,
01/01/2000,01:28:43.19,19.28,-60.51,-992.47,271.25,-577.50,-341.25,1,94.301,
01/01/2000,01:28:43.20,19.52,-60.88,-991.62,140.0,-577.50,428.75,1,94.274,
01/01/2000,01:28:43.21,19.40,-61.37,-990.15,227.50,-691.25,297.50,1,94.305,
01/01/2000,01:28:43.22,18.79,-61.37,-989.18,43.75,-796.25,-525.0,1,94.278,
01/01/2000,01:28:43.23,18.18,-61.0,-989.30,210.0,-857.50,-542.50,1,94.280,
01/01/2000,01:28:43.25,18.30,-60.51,-991.86,148.75,-752.50,-323.75,1,94.281,
01/01/2000,01:28:43.26,19.15,-60.27,-993.45,218.75,-673.75,-323.75,1,94.283,
01/01/2000,01:28:43.27,19.76,-60.76,-994.18,148.75,-665.0,-341.25,1,94.285,
01/01/2000,01:28:43.28,20.13,-60.76,-993.93,262.50,-673.75,-463.75,1,94.287,
01/01/2000,01:28:43.29,20.25,-61.12,-993.45,78.75,-743.75,-367.50,1,94.288,
01/01/2000,01:28:43.30,20.01,-61.49,-992.47,166.25,-735.0,-542.50,1,94.290,
01/01/2000,01:28:43.31,19.03,-61.0,-991.86,96.25,-656.25,-271.25,1,94.292,
01/01/2000,01:28:43.32,18.42,-60.76,-991.37,52.50,-630.0,-280.0,1,94.293,
01/01/2000,01:28:43.33,17.93,-60.63,-991.01,61.25,-612.50,-218.75,1,94.295,
01/01/2000,01:28:43.34,17.81,-60.76,-990.88,175.0,-866.25,-297.50,1,94.297,
01/01/2000,01:28:43.35,18.18,-61.0,-990.88,227.50,-638.75,-420.0,1,94.299,
01/01/2000,01:28:43.36,19.15,-60.76,-990.52,236.25,-673.75,-393.75,1,94.300,
01/01/2000,01:28:43.37,19.52,-60.76,-990.03,183.75,-813.75,-288.75,1,94.302,
01/01/2000,01:28:43.38,19.64,-60.76,-990.27,192.50,-700.0,-183.75,1,94.275,
01/01/2000,01:28:43.40,19.52,-61.0,-991.49,166.25,-665.0,-157.50,1,94.277,
01/01/2000,01:28:43.41,19.03,-60.88,-992.35,131.25,-726.25,-271.25,1,94.279,
01/01/2000,01:28:43.42,18.79,-60.76,-992.96,105.0,-682.50,-420.0,1,94.281,
01/01/2000,01:28:43.43,18.79,-60.76,-992.84,131.25,-682.50,-323.75,1,94.282,
01/01/2000,01:28:43.44,19.03,-60.76,-992.59,315.0,-586.25,-498.75,1,94.284,
01/01/2000,01:28:43.45,19.64,-61.0,-992.35,262.50,-682.50,-428.75,1,94.286,
01/01/2000,01:28:43.46,19.76,-61.0,-991.86,183.75,-752.50,-463.75,1,94.287,
01/01/2000,01:28:43.47,19.52,-61.0,-991.49,96.25,-638.75,-288.75,1,94.289,
01/01/2000,01:28:43.48,19.76,-61.0,-991.25,78.75,-700.0,-218.75,1,94.291,
01/01/2000,01:28:43.49,19.40,-61.0,-991.37,175.0,-665.0,-385.0,1,94.293,
01/01/2000,01:28:43.50,18.91,-60.76,-991.37,131.25,-665.0,-332.50,1,94.294,
01/01/2000,01:28:43.51,18.67,-60.76,-991.25,148.75,-665.0,-402.50,1,94.296,
01/01/2000,01:28:43.52,18.18,-60.76,-990.64,245.0,-656.25,-271.25,1,94.298,
01/01/2000,01:28:43.53,17.93,-60.76,-990.15,183.75,-743.75,-437.50,1,94.299,
01/01/2000,01:28:43.54,18.30,-60.88,-990.64,315.0,-726.25,-385.0,1,94.301,
01/01/2000,01:28:43.55,19.03,-61.0,-991.74,157.50,-665.0,-525.0,1,94.303,
01/01/2000,01:28:43.56,19.52,-60.76,-992.71,61.25,-700.0,-411.25,1,94.305,
01/01/2000,01:28:43.57,20.01,-60.76,-993.57,87.50,-691.25,-218.75,1,94.278,
01/01/2000,01:28:43.58,20.37,-61.0,-993.57,280.0,-717.50,-262.50,1,94.308,
01/01/2000,01:28:43.60,20.25,-61.0,-992.84,140.0,-700.0,-236.25,1,94.281,
01/01/2000,01:28:43.61,19.89,-61.0,-992.23,280.0,-770.0,-315.0,1,94.283,
01/01/2000,01:28:43.62,19.52,-60.88,-991.62,113.75,-673.75,-201.25,1,94.285,
01/01/2000,01:28:43.63,19.03,-60.88,-991.01,140.0,-840.0,-140.0,1,94.287,
01/01/2000,01:28:43.64,18.79,-60.63,-990.88,70.0,-665.0,-358.75,1,94.288,
01/01/2000,01:28:43.65,19.03,-60.76,-991.49,280.0,-708.75,-437.50,1,94.290,
01/01/2000,01:28:43.66,19.64,-61.0,-991.98,157.50,-586.25,-507.50,1,94.292,
01/01/2000,01:28:43.67,19.89,-61.0,-991.13,262.50,-682.50,-411.25,1,94.293,
01/01/2000,01:28:43.68,19.76,-60.76,-990.27,201.25,-743.75,-131.25,1,94.295,
01/01/2000,01:28:43.69,19.40,-61.12,-990.88,218.75,-752.50,-411.25,1,94.297,
01/01/2000,01:28:43.70,19.03,-61.24,-992.23,105.0,-708.75,-420.0,1,94.299,
01/01/2000,01:28:43.71,19.03,-61.24,-993.20,148.75,-621.25,-297.50,1,94.300,
01/01/2000,01:28:43.72,19.03,-61.0,-993.45,157.50,-743.75,-350.0,1,94.302,
01/01/2000,01:28:43.73,19.40,-60.76,-992.71,166.25,-638.75,-385.0,1,94.275,
01/01/2000,01:28:43.74,19.64,-60.76,-992.35,131.25,-673.75,-402.50,1,94.277,
01/01/2000,01:28:43.75,20.13,-61.61,-992.35,183.75,-735.0,-428.75,1,94.279,
01/01/2000,01:28:43.76,20.25,-61.61,-992.71,288.75,-656.25,-533.75,1,94.281,
01/01/2000,01:28:43.77,20.13,-61.24,-993.08,210.0,-735.0,-472.50,1,94.282,
01/01/2000,01:28:43.78,19.89,-60.76,-992.59,175.0,-778.75,-358.75,1,94.284,
01/01/2000,01:28:43.79,19.28,-60.51,-992.35,96.25,-638.75,-201.25,1,94.286,
01/01/2000,01:28:43.81,18.54,-60.51,-991.01,245.0,-735.0,-113.75,1,94.287,
01/01/2000,01:28:43.82,17.81,-61.0,-989.42,201.25,-805.0,-122.50,1,94.289,
01/01/2000,01:28:43.83,17.45,-61.24,-988.81,245.0,-787.50,-560.0,1,94.291,
01/01/2000,01:28:43.84,17.32,-61.0,-989.30,105.0,-708.75,-428.75,1,94.293,
01/01/2000,01:28:43.85,18.06,-60.88,-991.01,253.75,-647.50,-393.75,1,94.294,
01/01/2000,01:28:43.86,19.28,-60.51,-993.81,288.75,-665.0,-280.0,1,94.296,
01/01/2000,01:28:43.87,20.25,-60.39,-994.30,236.25,-621.25,-262.50,1,94.298,
01/01/2000,01:28:43.88,21.11,-60.88,-993.32,113.75,-630.0,-183.75,1,94.299,
01/01/2000,01:28:43.89,20.98,-61.61,-992.35,201.25,-840.0,-175.0,1,94.301,
01/01/2000,01:28:43.91,20.01,-61.73,-991.98,0.0,-752.50,-411.25,1,94.275,
01/01/2000,01:28:43.92,19.28,-61.61,-991.86,175.0,-665.0,-245.0,1,94.276,
01/01/2000,01:28:43.93,17.81,-60.51,-991.86,218.75,-647.50,-315.0,1,94.278,
01/01/2000,01:28:43.94,17.32,-60.15,-991.62,201.25,-630.0,-288.75,1,94.280,
01/01/2000,01:28:43.95,17.20,-60.39,-991.13,157.50,-612.50,-288.75,1,94.281,
01/01/2000,01:28:43.96,17.69,-61.0,-989.91,210.0,-700.0,-420.0,1,94.283,
01/01/2000,01:28:43.97,18.42,-61.12,-989.18,70.0,-708.75,-463.75,1,94.285,
01/01/2000,01:28:43.98,19.03,-61.12,-988.93,105.0,-805.0,-577.50,1,94.287,
01/01/2000,01:28:43.99,19.40,-60.76,-989.66,140.0,-665.0,-393.75,1,94.288,
01/01/2000,01:28:44.00,19.89,-60.88,-992.35,148.75,-778.75,-227.50,1,94.290,
01/01/2000,01:28:44.01,20.37,-61.0,-994.18,148.75,-647.50,-411.25,1,94.292,
01/01/2000,01:28:44.02,20.25,-61.12,-995.15,140.0,-630.0,-271.25,1,94.293,
01/01/2000,01:28:44.03,20.13,-61.0,-995.03,201.25,-560.0,-315.0,1,94.295,
01/01/2000,01:28:44.04,19.40,-61.0,-992.96,175.0,-708.75,-262.50,1,94.297,
01/01/2000,01:28:44.05,18.67,-61.0,-991.37,175.0,-805.0,-253.75,1,94.298,
01/01/2000,01:28:44.06,18.42,-61.24,-990.40,96.25,-577.50,-420.0,1,94.300,
01/01/2000,01:28:44.07,18.18,-61.24,-990.40,113.75,-700.0,-332.50,1,94.302,
01/01/2000,01:28:44.08,18.18,-61.0,-991.49,140.0,-586.25,-393.75,1,94.303,
01/01/2000,01:28:44.09,18.79,-61.12,-992.84,227.50,-726.25,-385.0,1,94.277,
01/01/2000,01:28:44.10,19.28,-61.0,-993.20,113.75,-525.0,-402.50,1,94.279,
01/01/2000,01:28:44.11,19.40,-61.0,-992.47,227.50,-647.50,-271.25,1,94.281,
01/01/2000,01:28:44.12,19.03,-61.12,-990.88,166.25,-638.75,-323.75,1,94.282,
01/01/2000,01:28:44.13,18.30,-61.49,-989.18,192.50,-717.50,-288.75,1,94.284,
01/01/2000,01:28:44.14,17.32,-61.49,-988.20,105.0,-752.50,-402.50,1,94.286,
01/01/2000,01:28:44.16,17.32,-61.49,-990.88,323.75,-656.25,-533.75,1,94.287,
01/01/2000,01:28:44.17,18.18,-61.0,-993.20,87.50,-735.0,-428.75,1,94.289,
01/01/2000,01:28:44.18,19.28,-60.88,-994.91,122.50,-595.0,-420.0,1,94.291,
01/01/2000,01:28:44.19,20.25,-60.76,-995.40,218.75,-577.50,-227.50,1,94.292,
01/01/2000,01:28:44.20,20.86,-61.12,-993.69,210.0,-612.50,-323.75,1,94.294,
01/01/2000,01:28:44.21,20.74,-61.61,-992.10,166.25,-840.0,-350.0,1,94.296,
01/01/2000,01:28:44.22,20.01,-61.73,-991.13,140.0,-735.0,-358.75,1,94.297,
01/01/2000,01:28:44.23,18.30,-61.61,-991.01,113.75,-778.75,-218.75,1,94.299,
01/01/2000,01:28:44.24,17.69,-61.24,-991.86,183.75,-673.75,-358.75,1,94.301,
01/01/2000,01:28:44.25,17.32,-60.63,-992.59,183.75,-656.25,-271.25,1,94.302,
01/01/2000,01:28:44.26,17.69,-60.63,-993.20,131.25,-621.25,-350.0,1,94.304,
01/01/2000,01:28:44.27,18.42,-61.24,-993.08,105.0,-638.75,-306.25,1,94.306,
01/01/2000,01:28:44.28,19.15,-61.73,-991.86,218.75,-691.25,-393.75,1,94.308,
01/01/2000,01:28:44.29,19.28,-61.73,-990.03,183.75,-752.50,-315.0,1,94.309,
01/01/2000,01:28:44.31,19.15,-61.37,-989.05,131.25,-805.0,-385.0,1,94.283,
01/01/2000,01:28:44.32,19.03,-61.37,-990.64,78.75,-761.25,-253.75,1,94.285,
01/01/2000,01:28:44.33,19.28,-61.24,-994.30,210.0,-665.0,-490.0,1,94.287,
01/01/2000,01:28:44.34,19.76,-61.0,-995.76,245.0,-638.75,-376.25,1,94.288,
01/01/2000,01:28:44.35,20.13,-60.88,-995.64,323.75,-770.0,-437.50,1,94.290,
01/01/2000,01:28:44.36,20.50,-61.12,-994.30,148.75,-682.50,-210.0,1,94.292,
01/01/2000,01:28:44.37,20.74,-61.61,-991.62,175.0,-612.50,-437.50,1,94.293,
01/01/2000,01:28:44.38,20.25,-61.98,-990.64,140.0,-761.25,-358.75,1,94.295,
01/01/2000,01:28:44.39,19.52,-61.98,-991.25,253.75,-787.50,-437.50,1,94.297,
01/01/2000,01:28:44.40,19.03,-61.73,-992.10,253.75,-682.50,-498.75,1,94.298,
01/01/2000,01:28:44.41,18.54,-61.12,-992.96,131.25,-656.25,-358.75,1,94.272,
01/01/2000,01:28:44.42,18.79,-61.0,-992.35,157.50,-708.75,-245.0,1,94.274,
01/01/2000,01:28:44.44,18.79,-61.49,-991.13,113.75,-647.50,-332.50,1,94.276,
01/01/2000,01:28:44.45,18.67,-61.85,-989.30,140.0,-726.25,-367.50,1,94.277,
01/01/2000,01:28:44.46,18.06,-61.98,-987.83,166.25,-796.25,-446.25,1,94.279,
01/01/2000,01:28:44.47,17.57,-61.61,-988.81,131.25,-805.0,-446.25,1,94.281,
01/01/2000,01:28:44.48,17.93,-61.49,-990.88,122.50,-770.0,-490.0,1,94.282,
01/01/2000,01:28:44.49,18.54,-61.0,-993.45,96.25,-603.75,-402.50,1,94.284,
01/01/2000,01:28:44.50,19.28,-60.76,-995.15,201.25,-595.0,-271.25,1,94.286,
01/01/2000,01:28:44.51,20.25,-61.0,-995.03,218.75,-630.0,-253.75,1,94.287,
01/01/2000,01:28:44.52,20.86,-61.49,-994.06,52.50,-831.25,-271.25,1,94.289,
01/01/2000,01:28:44.53,20.98,-62.10,-992.96,61.25,-848.75,-306.25,1,94.291,
01/01/2000,01:28:44.54,20.98,-62.22,-992.59,148.75,-770.0,-376.25,1,94.292,
01/01/2000,01:28:44.55,20.13,-61.61,-992.71,87.50,-866.25,-472.50,1,94.294,
01/01/2000,01:28:44.56,19.28,-61.12,-992.71,253.75,-691.25,-367.50,1,94.296,
01/01/2000,01:28:44.57,18.54,-60.76,-992.59,183.75,-691.25,-218.75,1,94.297,
01/01/2000,01:28:44.58,18.06,-60.88,-991.86,0.0,-665.0,-323.75,1,94.299,
01/01/2000,01:28:44.59,18.30,-61.49,-991.13,148.75,-691.25,-402.50,1,94.301,
01/01/2000,01:28:44.60,18.67,-61.85,-990.15,105.0,-682.50,-402.50,1,94.302,
01/01/2000,01:28:44.61,18.67,-61.49,-989.66,262.50,-726.25,-568.75,1,94.277,
01/01/2000,01:28:44.62,18.67,-61.24,-989.79,227.50,-778.75,-411.25,1,94.306,
01/01/2000,01:28:44.63,18.79,-60.63,-990.64,-17.50,-586.25,-358.75,1,94.280,
01/01/2000,01:28:44.64,19.03,-61.12,-992.84,218.75,-700.0,-437.50,1,94.282,
01/01/2000,01:28:44.66,19.40,-61.37,-994.54,280.0,-542.50,-332.50,1,94.283,
01/01/2000,01:28:44.67,20.13,-61.49,-994.79,148.75,-630.0,-393.75,1,94.285,
01/01/2000,01:28:44.68,20.50,-61.37,-994.30,183.75,-665.0,-376.25,1,94.287,
01/01/2000,01:28:44.69,20.25,-61.24,-993.32,105.0,-700.0,-253.75,1,94.288,
01/01/2000,01:28:44.70,20.01,-61.24,-992.47,96.25,-743.75,-262.50,1,94.290,
01/01/2000,01:28:44.71,19.03,-61.49,-991.62,131.25,-761.25,-306.25,1,94.292,
01/01/2000,01:28:44.72,18.30,-61.37,-991.49,210.0,-743.75,-183.75,1,94.293,
01/01/2000,01:28:44.73,17.93,-61.0,-991.49,183.75,-621.25,-560.0,1,94.295,
01/01/2000,01:28:44.74,18.06,-61.24,-991.74,236.25,-691.25,-393.75,1,94.296,
01/01/2000,01:28:44.75,18.67,-61.0,-991.98,52.50,-577.50,-341.25,1,94.298,
01/01/2000,01:28:44.76,19.28,-61.49,-992.10,236.25,-717.50,-472.50,1,94.300,
01/01/2000,01:28:44.77,19.64,-61.24,-991.37,131.25,-743.75,-420.0,1,94.301,
01/01/2000,01:28:44.78,19.52,-61.49,-990.64,218.75,-770.0,-341.25,1,94.303,
01/01/2000,01:28:44.79,19.28,-61.49,-990.64,26.25,-735.0,-341.25,1,94.277,
01/01/2000,01:28:44.80,19.03,-61.49,-991.62,201.25,-761.25,-306.25,1,94.279,
01/01/2000,01:28:44.81,19.03,-61.49,-992.59,122.50,-682.50,-437.50,1,94.281,
01/01/2000,01:28:44.82,19.15,-61.24,-993.69,245.0,-586.25,-332.50,1,94.282,
01/01/2000,01:28:44.83,19.52,-61.12,-993.57,201.25,-577.50,-428.75,1,94.284,
01/01/2000,01:28:44.84,19.89,-61.37,-992.71,201.25,-673.75,-236.25,1,94.286,
01/01/2000,01:28:44.85,19.89,-61.24,-992.23,175.0,-647.50,-306.25,1,94.287,
01/01/2000,01:28:44.87,20.01,-61.85,-991.74,341.25,-778.75,-463.75,1,94.289,
01/01/2000,01:28:44.88,19.89,-61.73,-991.98,245.0,-717.50,-358.75,1,94.291,
01/01/2000,01:28:44.89,19.64,-61.24,-992.10,166.25,-673.75,-507.50,1,94.292,
01/01/2000,01:28:44.90,19.15,-61.12,-992.10,227.50,-647.50,-297.50,1,94.294,
01/01/2000,01:28:44.91,18.91,-61.24,-991.98,210.0,-805.0,-236.25,1,94.296,
01/01/2000,01:28:44.92,19.03,-61.61,-991.74,122.50,-796.25,-402.50,1,94.270,
01/01/2000,01:28:44.93,18.79,-61.61,-990.64,166.25,-726.25,-358.75,1,94.272,
01/01/2000,01:28:44.94,18.42,-61.61,-990.03,201.25,-743.75,-411.25,1,94.273,
01/01/2000,01:28:44.95,18.67,-61.37,-990.27,96.25,-822.50,-297.50,1,94.275,
01/01/2000,01:28:44.96,18.91,-61.61,-992.35,455.0,-647.50,-358.75,1,94.277,
01/01/2000,01:28:44.97,19.15,-61.49,-993.69,122.50,-586.25,-280.0,1,94.278,
01/01/2000,01:28:44.98,19.28,-61.73,-994.06,113.75,-708.75,-350.0,1,94.280,
01/01/2000,01:28:45.00,19.52,-61.61,-993.57,227.50,-665.0,-253.75,1,94.282,
01/01/2000,01:28:45.01,19.52,-61.73,-992.23,262.50,-796.25,-420.0,1,94.283,
01/01/2000,01:28:45.02,19.76,-61.73,-991.98,35.0,-647.50,-271.25,1,94.285,
01/01/2000,01:28:45.03,19.76,-62.10,-992.35,280.0,-735.0,-350.0,1,94.287,
01/01/2000,01:28:45.04,19.52,-61.98,-992.96,253.75,-691.25,-350.0,1,94.288,
01/01/2000,01:28:45.05,19.28,-61.49,-993.08,87.50,-770.0,-411.25,1,94.290,
01/01/2000,01:28:45.06,19.28,-61.24,-992.59,140.0,-770.0,-350.0,1,94.291,
01/01/2000,01:28:45.07,19.15,-61.12,-991.86,122.50,-682.50,-297.50,1,94.293,
01/01/2000,01:28:45.08,18.79,-61.49,-991.01,61.25,-516.25,-323.75,1,94.295,
01/01/2000,01:28:45.09,18.54,-61.73,-990.88,175.0,-708.75,-341.25,1,94.296,
01/01/2000,01:28:45.10,18.54,-61.73,-990.88,87.50,-647.50,-306.25,1,94.298,
01/01/2000,01:28:45.11,18.54,-61.73,-990.88,350.0,-638.75,-507.50,1,94.300,
01/01/2000,01:28:45.12,18.54,-61.49,-991.37,70.0,-621.25,-245.0,1,94.301,
01/01/2000,01:28:45.13,18.67,-61.61,-992.35,105.0,-708.75,-376.25,1,94.303,
01/01/2000,01:28:45.14,19.03,-61.73,-993.32,227.50,-612.50,-332.50,1,94.305,
01/01/2000,01:28:45.15,19.28,-61.73,-993.69,157.50,-717.50,-437.50,1,94.279,
01/01/2000,01:28:45.16,19.40,-61.85,-992.96,236.25,-735.0,-297.50,1,94.281,
01/01/2000,01:28:45.17,19.15,-61.49,-992.47,87.50,-621.25,-393.75,1,94.282,
01/01/2000,01:28:45.18,19.03,-61.49,-992.10,175.0,-708.75,-192.50,1,94.284,
01/01/2000,01:28:45.19,18.79,-61.49,-991.86,70.0,-665.0,-376.25,1,94.286,
01/01/2000,01:28:45.20,18.67,-61.61,-991.98,35.0,-831.25,-385.0,1,94.287,
01/01/2000,01:28:45.22,18.67,-61.61,-992.35,96.25,-577.50,-428.75,1,94.289,
01/01/2000,01:28:45.23,18.79,-61.49,-992.23,376.25,-735.0,-446.25,1,94.291,
01/01/2000,01:28:45.24,19.03,-61.49,-991.98,96.25,-813.75,-428.75,1,94.292,
01/01/2000,01:28:45.25,19.15,-61.61,-991.86,253.75,-621.25,-306.25,1,94.294,
01/01/2000,01:28:45.26,19.28,-61.85,-991.49,157.50,-682.50,-358.75,1,94.295,
01/01/2000,01:28:45.27,19.28,-61.98,-990.88,218.75,-647.50,-358.75,1,94.297,
01/01/2000,01:28:45.28,18.91,-61.73,-990.64,43.75,-787.50,-271.25,1,94.299,
01/01/2000,01:28:45.29,18.54,-61.49,-990.88,96.25,-717.50,-297.50,1,94.300,
01/01/2000,01:28:45.30,18.54,-61.73,-991.86,411.25,-726.25,-315.0,1,94.275,
01/01/2000,01:28:45.31,18.79,-61.73,-992.96,192.50,-700.0,-481.25,1,94.277,
01/01/2000,01:28:45.32,19.15,-61.49,-993.69,271.25,-577.50,-297.50,1,94.278,
01/01/2000,01:28:45.33,19.64,-61.49,-993.20,253.75,-542.50,-341.25,1,94.280,
01/01/2000,01:28:45.34,19.76,-61.49,-992.35,96.25,-691.25,-245.0,1,94.282,
01/01/2000,01:28:45.36,19.40,-61.73,-991.13,201.25,-735.0,-402.50,1,94.283,
01/01/2000,01:28:45.37,19.28,-61.98,-991.37,218.75,-717.50,-358.75,1,94.285,
01/01/2000,01:28:45.38,19.03,-61.73,-991.98,175.0,-708.75,-385.0,1,94.287,
01/01/2000,01:28:45.39,18.91,-61.61,-992.71,227.50,-568.75,-420.0,1,94.288,
01/01/2000,01:28:45.40,18.79,-61.37,-992.71,227.50,-542.50,-350.0,1,94.290,
01/01/2000,01:28:45.41,19.03,-61.24,-992.23,26.25,-735.0,-262.50,1,94.291,
01/01/2000,01:28:45.42,19.03,-61.73,-991.62,210.0,-778.75,-393.75,1,94.293,
01/01/2000,01:28:45.43,19.15,-62.22,-990.40,227.50,-717.50,-376.25,1,94.268,
01/01/2000,01:28:45.45,18.67,-61.73,-989.79,201.25,-708.75,-306.25,1,94.270,
01/01/2000,01:28:45.46,18.54,-61.24,-990.40,201.25,-840.0,-385.0,1,94.271,
01/01/2000,01:28:45.47,18.79,-61.37,-992.10,297.50,-665.0,-288.75,1,94.273,
01/01/2000,01:28:45.48,19.03,-61.61,-993.45,271.25,-665.0,-402.50,1,94.274,
01/01/2000,01:28:45.49,19.52,-61.61,-994.30,192.50,-700.0,-323.75,1,94.276,
01/01/2000,01:28:45.50,19.89,-61.98,-993.93,96.25,-691.25,-385.0,1,94.278,
01/01/2000,01:28:45.51,19.76,-62.10,-992.84,210.0,-717.50,-358.75,1,94.279,
01/01/2000,01:28:45.52,19.64,-61.85,-991.86,210.0,-735.0,-341.25,1,94.281,
01/01/2000,01:28:45.53,19.28,-61.98,-991.37,35.0,-770.0,-218.75,1,94.282,
01/01/2000,01:28:45.54,18.79,-61.73,-991.62,148.75,-638.75,-437.50,1,94.284,
01/01/2000,01:28:45.55,18.67,-61.73,-992.47,262.50,-770.0,-463.75,1,94.286,
01/01/2000,01:28:45.56,18.79,-61.73,-993.32,236.25,-656.25,-420.0,1,94.287,
01/01/2000,01:28:45.57,19.15,-62.10,-993.81,105.0,-656.25,-271.25,1,94.289,
01/01/2000,01:28:45.58,19.52,-61.73,-993.57,131.25,-595.0,-385.0,1,94.291,
01/01/2000,01:28:45.59,19.64,-62.10,-993.32,175.0,-822.50,-297.50,1,94.292,
01/01/2000,01:28:45.60,19.76,-61.98,-992.96,210.0,-717.50,-472.50,1,94.294,
01/01/2000,01:28:45.61,19.03,-61.98,-991.62,175.0,-656.25,-315.0,1,94.295,
01/01/2000,01:28:45.62,18.67,-61.85,-990.88,157.50,-735.0,-332.50,1,94.297,
01/01/2000,01:28:45.63,18.30,-61.98,-990.64,236.25,-770.0,-306.25,1,94.299,
01/01/2000,01:28:45.64,18.18,-62.22,-991.98,113.75,-813.75,-350.0,1,94.300,
01/01/2000,01:28:45.65,18.67,-62.22,-993.08,428.75,-665.0,-402.50,1,94.302,
01/01/2000,01:28:45.66,19.28,-62.22,-993.93,113.75,-778.75,-420.0,1,94.303,
01/01/2000,01:28:45.67,19.76,-62.10,-994.30,227.50,-612.50,-350.0,1,94.305,
01/01/2000,01:28:45.68,20.25,-61.98,-993.81,87.50,-708.75,-280.0,1,94.307,
01/01/2000,01:28:45.69,19.89,-62.10,-992.84,271.25,-752.50,-262.50,1,94.308,
01/01/2000,01:28:45.70,19.40,-62.34,-992.35,140.0,-735.0,-358.75,1,94.310,
01/01/2000,01:28:45.71,18.54,-62.46,-991.86,201.25,-743.75,-385.0,1,94.285,
01/01/2000,01:28:45.72,18.30,-62.10,-991.98,157.50,-743.75,-288.75,1,94.287,
01/01/2000,01:28:45.73,18.54,-61.85,-992.35,297.50,-717.50,-437.50,1,94.288,
01/01/2000,01:28:45.74,18.91,-61.73,-992.71,332.50,-603.75,-245.0,1,94.290,
01/01/2000,01:28:45.75,19.28,-61.85,-992.71,236.25,-752.50,-245.0,1,94.291,
01/01/2000,01:28:45.76,19.52,-62.10,-992.35,113.75,-691.25,-341.25,1,94.293,
01/01/2000,01:28:45.78,19.40,-62.22,-991.62,105.0,-700.0,-481.25,1,94.295,
01/01/2000,01:28:45.79,19.15,-62.10,-991.25,105.0,-516.25,-341.25,1,94.296,
01/01/2000,01:28:45.80,18.91,-62.10,-990.88,148.75,-656.25,-411.25,1,94.298,
01/01/2000,01:28:45.81,18.42,-61.98,-991.01,367.50,-770.0,-411.25,1,94.299,
01/01/2000,01:28:45.82,18.42,-62.10,-991.98,113.75,-726.25,-280.0,1,94.301,
01/01/2000,01:28:45.83,18.79,-62.46,-993.08,288.75,-743.75,-306.25,1,94.303,
01/01/2000,01:28:45.84,19.28,-62.46,-993.81,157.50,-822.50,-402.50,1,94.304,
01/01/2000,01:28:45.85,19.52,-62.22,-994.06,183.75,-691.25,-332.50,1,94.306,
01/01/2000,01:28:45.86,19.52,-62.22,-993.57,157.50,-621.25,-350.0,1,94.281,
01/01/2000,01:28:45.87,19.28,-62.10,-993.20,113.75,-665.0,-393.75,1,94.283,
01/01/2000,01:28:45.88,19.03,-62.10,-992.71,43.75,-673.75,-297.50,1,94.284,
01/01/2000,01:28:45.89,18.79,-62.34,-992.10,192.50,-735.0,-315.0,1,94.286,
01/01/2000,01:28:45.90,18.42,-62.22,-991.62,87.50,-735.0,-358.75,1,94.287,
01/01/2000,01:28:45.91,18.42,-62.22,-991.37,245.0,-857.50,-385.0,1,94.289,
01/01/2000,01:28:45.93,18.67,-61.73,-991.74,236.25,-735.0,-411.25,1,94.291,
01/01/2000,01:28:45.94,18.91,-61.98,-991.86,175.0,-656.25,-437.50,1,94.292,
01/01/2000,01:28:45.95,18.79,-61.98,-991.86,131.25,-638.75,-280.0,1,94.294,
01/01/2000,01:28:45.96,18.79,-61.98,-991.74,131.25,-621.25,-341.25,1,94.295,
01/01/2000,01:28:45.97,18.67,-62.10,-991.01,367.50,-761.25,-411.25,1,94.297,
01/01/2000,01:28:45.98,18.54,-61.98,-990.88,78.75,-778.75,-411.25,1,94.298,
01/01/2000,01:28:45.99,18.67,-61.98,-991.01,227.50,-778.75,-367.50,1,94.274,
01/01/2000,01:28:46.00,18.79,-61.98,-991.86,175.0,-621.25,-595.0,1,94.275,
01/01/2000,01:28:46.01,18.91,-61.73,-992.84,166.25,-770.0,-297.50,1,94.277,
01/01/2000,01:28:46.02,19.03,-61.85,-993.57,201.25,-761.25,-358.75,1,94.279,
01/01/2000,01:28:46.03,19.03,-61.85,-993.69,87.50,-665.0,-306.25,1,94.280,
01/01/2000,01:28:46.04,18.91,-61.85,-993.32,-43.75,-691.25,-446.25,1,94.282,
01/01/2000,01:28:46.05,18.67,-62.34,-992.84,218.75,-621.25,-227.50,1,94.283,
01/01/2000,01:28:46.06,19.03,-62.22,-992.84,131.25,-726.25,-490.0,1,94.285,
01/01/2000,01:28:46.07,19.03,-62.46,-992.59,113.75,-700.0,-306.25,1,94.287,
01/01/2000,01:28:46.08,18.91,-62.22,-992.10,245.0,-612.50,-393.75,1,94.288,
01/01/2000,01:28:46.09,19.03,-62.22,-991.74,140.0,-682.50,-297.50,1,94.290,
01/01/2000,01:28:46.10,18.91,-61.98,-991.37,218.75,-717.50,-332.50,1,94.291,
01/01/2000,01:28:46.11,18.67,-61.98,-991.13,393.75,-638.75,-288.75,1,94.293,
01/01/2000,01:28:46.12,18.67,-62.34,-991.13,271.25,-822.50,-271.25,1,94.294,
01/01/2000,01:28:46.14,18.91,-62.46,-990.88,262.50,-647.50,-350.0,1,94.296,
01/01/2000,01:28:46.15,18.67,-61.98,-989.30,218.75,-595.0,-306.25,1,94.298,
01/01/2000,01:28:46.16,18.91,-62.10,-987.96,131.25,-673.75,-323.75,1,94.299,
01/01/2000,01:28:46.17,19.03,-61.73,-986.74,175.0,-743.75,-332.50,1,94.301,
01/01/2000,01:28:46.18,18.79,-61.98,-985.76,201.25,-708.75,-306.25,1,94.302,
01/01/2000,01:28:46.19,18.91,-62.22,-984.66,122.50,-638.75,-498.75,1,94.304,
01/01/2000,01:28:46.20,18.79,-61.85,-984.66,96.25,-726.25,-341.25,1,94.279,
01/01/2000,01:28:46.21,18.54,-61.98,-985.27,210.0,-778.75,-271.25,1,94.281,
01/01/2000,01:28:46.22,18.67,-61.85,-986.37,280.0,-647.50,-210.0,1,94.283,
01/01/2000,01:28:46.23,18.67,-61.98,-987.47,236.25,-761.25,-288.75,1,94.284,
01/01/2000,01:28:46.24,18.67,-62.22,-988.32,113.75,-682.50,-358.75,1,94.286,
01/01/2000,01:28:46.25,19.40,-61.98,-987.59,201.25,-638.75,-358.75,1,94.287,
01/01/2000,01:28:46.26,20.01,-61.73,-985.52,192.50,-726.25,-297.50,1,94.289,
01/01/2000,01:28:46.28,19.52,-61.37,-981.12,0.0,-621.25,-157.50,1,94.290,
01/01/2000,01:28:46.29,18.79,-62.22,-978.56,315.0,-813.75,-70.0,1,94.292,
01/01/2000,01:28:46.30,17.81,-61.98,-977.34,140.0,-656.25,-393.75,1,94.294,
01/01/2000,01:28:46.31,17.32,-62.22,-978.07,288.75,-761.25,-323.75,1,94.295,
01/01/2000,01:28:46.32,17.57,-61.98,-980.15,201.25,-761.25,-446.25,1,94.297,
01/01/2000,01:28:46.33,17.69,-61.61,-982.47,43.75,-621.25,-315.0,1,94.298,
01/01/2000,01:28:46.34,18.67,-61.73,-984.78,323.75,-638.75,-297.50,1,94.300,
01/01/2000,01:28:46.35,18.91,-61.98,-985.52,245.0,-682.50,-367.50,1,94.302,
01/01/2000,01:28:46.36,19.28,-61.98,-985.52,166.25,-691.25,-341.25,1,94.303,
01/01/2000,01:28:46.37,19.28,-62.46,-984.66,192.50,-700.0,-507.50,1,94.305,
01/01/2000,01:28:46.38,19.03,-62.22,-984.05,87.50,-612.50,-367.50,1,94.306,
01/01/2000,01:28:46.39,18.79,-62.10,-983.44,105.0,-805.0,-306.25,1,94.308,
01/01/2000,01:28:46.40,18.54,-61.85,-983.81,78.75,-735.0,-183.75,1,94.309,
01/01/2000,01:28:46.41,18.91,-61.61,-986.49,8.75,-665.0,-253.75,1,94.285,
01/01/2000,01:28:46.42,19.28,-62.10,-988.44,323.75,-533.75,-358.75,1,94.287,
01/01/2000,01:28:46.43,19.28,-62.10,-989.42,70.0,-682.50,-402.50,1,94.288,
01/01/2000,01:28:46.44,19.28,-62.22,-989.30,96.25,-717.50,-393.75,1,94.290,
01/01/2000,01:28:46.46,19.03,-62.22,-989.05,183.75,-638.75,-306.25,1,94.291,
01/01/2000,01:28:46.47,19.03,-62.46,-989.42,236.25,-735.0,-358.75,1,94.267,
01/01/2000,01:28:46.48,19.03,-62.59,-990.15,245.0,-630.0,-280.0,1,94.268,
01/01/2000,01:28:46.49,19.03,-62.34,-990.88,183.75,-638.75,-350.0,1,94.270,
01/01/2000,01:28:46.50,19.03,-62.22,-991.01,201.25,-691.25,-411.25,1,94.272,
01/01/2000,01:28:46.51,19.15,-62.10,-991.01,192.50,-673.75,-288.75,1,94.273,
01/01/2000,01:28:46.52,19.15,-62.22,-990.88,210.0,-586.25,-183.75,1,94.275,
01/01/2000,01:28:46.53,19.15,-62.34,-990.88,175.0,-682.50,-315.0,1,94.276,
01/01/2000,01:28:46.54,19.03,-62.59,-990.88,262.50,-770.0,-393.75,1,94.278,
01/01/2000,01:28:46.56,19.03,-62.34,-991.25,140.0,-717.50,-446.25,1,94.279,
01/01/2000,01:28:46.57,19.15,-62.10,-991.62,175.0,-656.25,-288.75,1,94.281,
01/01/2000,01:28:46.58,19.28,-61.98,-991.62,105.0,-665.0,-332.50,1,94.283,
01/01/2000,01:28:46.59,19.28,-62.22,-991.62,210.0,-621.25,-306.25,1,94.284,
01/01/2000,01:28:46.60,19.28,-62.22,-991.49,113.75,-743.75,-358.75,1,94.286,
01/01/2000,01:28:46.61,19.28,-62.22,-991.74,236.25,-691.25,-280.0,1,94.287,
01/01/2000,01:28:46.62,19.28,-62.22,-991.86,236.25,-796.25,-227.50,1,94.289,
01/01/2000,01:28:46.63,19.03,-61.98,-991.86,148.75,-630.0,-323.75,1,94.290,
01/01/2000,01:28:46.64,18.91,-61.98,-991.86,280.0,-770.0,-201.25,1,94.292,
01/01/2000,01:28:46.65,19.03,-62.22,-991.98,157.50,-568.75,-358.75,1,94.294,
01/01/2000,01:28:46.66,19.03,-62.22,-992.10,140.0,-656.25,-393.75,1,94.295,
01/01/2000,01:28:46.67,19.15,-62.22,-992.23,201.25,-577.50,-446.25,1,94.297,
01/01/2000,01:28:46.68,19.28,-62.10,-992.10,201.25,-682.50,-402.50,1,94.298,
01/01/2000,01:28:46.69,19.28,-61.73,-991.98,-52.50,-656.25,-323.75,1,94.300,
01/01/2000,01:28:46.70,19.03,-61.73,-992.10,175.0,-726.25,-332.50,1,94.301,
01/01/2000,01:28:46.71,19.03,-61.85,-992.10,280.0,-691.25,-323.75,1,94.303,
01/01/2000,01:28:46.72,19.15,-62.10,-992.10,113.75,-665.0,-428.75,1,94.304,
01/01/2000,01:28:46.73,19.40,-62.22,-992.35,210.0,-778.75,-385.0,1,94.306,
01/01/2000,01:28:46.74,19.89,-62.22,-991.62,166.25,-665.0,-516.25,1,94.282,
01/01/2000,01:28:46.75,21.47,-61.85,-989.66,332.50,-700.0,-455.0,1,94.309,
01/01/2000,01:28:46.77,22.45,-61.85,-988.69,140.0,-840.0,-78.75,1,94.285,
01/01/2000,01:28:46.78,22.81,-62.46,-988.44,358.75,-700.0,-210.0,1,94.286,
01/01/2000,01:28:46.79,22.94,-62.34,-988.20,87.50,-761.25,-603.75,1,94.288,
01/01/2000,01:28:46.80,23.06,-62.10,-987.47,96.25,-612.50,-332.50,1,94.290,
01/01/2000,01:28:46.81,23.30,-61.37,-986.37,140.0,-647.50,-358.75,1,94.291,
01/01/2000,01:28:46.82,24.03,-61.24,-985.88,131.25,-717.50,-210.0,1,94.293,
01/01/2000,01:28:46.83,24.40,-61.24,-986.25,-43.75,-726.25,-315.0,1,94.294,
01/01/2000,01:28:46.84,24.77,-62.46,-987.35,253.75,-638.75,-420.0,1,94.296,
01/01/2000,01:28:46.85,24.89,-62.46,-987.83,61.25,-665.0,-507.50,1,94.297,
01/01/2000,01:28:46.86,25.25,-62.10,-987.47,-8.75,-726.25,-525.0,1,94.299,
01/01/2000,01:28:46.87,26.11,-61.0,-984.78,253.75,-630.0,-393.75,1,94.301,
01/01/2000,01:28:46.88,26.84,-60.63,-982.59,218.75,-673.75,-227.50,1,94.302,
01/01/2000,01:28:46.89,27.45,-61.0,-980.64,148.75,-770.0,-113.75,1,94.304,
01/01/2000,01:28:46.90,27.82,-61.85,-979.90,78.75,-778.75,-367.50,1,94.305,
01/01/2000,01:28:46.91,27.69,-62.83,-981.61,236.25,-787.50,-455.0,1,94.281,
01/01/2000,01:28:46.92,27.21,-62.95,-985.39,122.50,-805.0,-376.25,1,94.283,
01/01/2000,01:28:46.93,25.74,-61.85,-987.71,218.75,-647.50,-428.75,1,94.284,
01/01/2000,01:28:46.94,24.64,-61.0,-988.93,43.75,-603.75,-105.0,1,94.286,
01/01/2000,01:28:46.95,23.79,-61.0,-989.05,306.25,-656.25,-96.25,1,94.287,
01/01/2000,01:28:46.97,23.42,-61.49,-987.47,-61.25,-726.25,-323.75,1,94.289,
01/01/2000,01:28:46.98,23.67,-62.46,-985.88,122.50,-638.75,-393.75,1,94.290,
01/01/2000,01:28:46.99,23.79,-62.71,-985.76,87.50,-840.0,-472.50,1,94.292,
01/01/2000,01:28:47.00,23.91,-62.71,-986.49,140.0,-778.75,-490.0,1,94.293,
01/01/2000,01:28:47.01,23.79,-61.98,-988.57,35.0,-752.50,-455.0,1,94.295,
01/01/2000,01:28:47.02,23.18,-61.49,-989.91,52.50,-743.75,-271.25,1,94.297,
01/01/2000,01:28:47.03,22.45,-61.61,-990.76,26.25,-603.75,-245.0,1,94.298,
01/01/2000,01:28:47.04,21.72,-61.85,-991.01,201.25,-638.75,-428.75,1,94.300,
01/01/2000,01:28:47.05,20.74,-62.22,-990.64,35.0,-603.75,-288.75,1,94.276,
01/01/2000,01:28:47.06,20.50,-62.46,-990.27,105.0,-717.50,-332.50,1,94.277,
01/01/2000,01:28:47.07,20.50,-62.22,-990.03,201.25,-778.75,-402.50,1,94.279,
01/01/2000,01:28:47.08,20.25,-62.10,-990.27,183.75,-726.25,-341.25,1,94.280,
01/01/2000,01:28:47.09,20.62,-62.22,-990.76,78.75,-673.75,-245.0,1,94.282,
01/01/2000,01:28:47.10,20.98,-62.22,-990.88,87.50,-621.25,-481.25,1,94.283,
01/01/2000,01:28:47.11,21.23,-62.46,-990.76,175.0,-682.50,-376.25,1,94.285,
01/01/2000,01:28:47.13,21.11,-62.34,-990.52,-131.25,-665.0,-332.50,1,94.286,
01/01/2000,01:28:47.14,20.62,-62.46,-990.52,87.50,-717.50,-358.75,1,94.288,
01/01/2000,01:28:47.15,19.28,-62.22,-990.76,131.25,-665.0,-253.75,1,94.290,
01/01/2000,01:28:47.16,18.30,-62.46,-991.13,52.50,-656.25,-402.50,1,94.291,
01/01/2000,01:28:47.17,17.57,-62.22,-991.49,-17.50,-700.0,-341.25,1,94.293,
01/01/2000,01:28:47.18,17.32,-62.22,-991.62,253.75,-638.75,-297.50,1,94.294,
01/01/2000,01:28:47.19,17.32,-61.98,-991.49,166.25,-656.25,-350.0,1,94.296,
01/01/2000,01:28:47.20,17.93,-62.10,-991.74,166.25,-621.25,-437.50,1,94.297,
01/01/2000,01:28:47.21,18.91,-62.46,-992.10,105.0,-770.0,-420.0,1,94.299,
01/01/2000,01:28:47.22,19.76,-62.71,-992.59,175.0,-595.0,-463.75,1,94.300,
01/01/2000,01:28:47.23,20.25,-62.22,-992.84,78.75,-805.0,-393.75,1,94.302,
01/01/2000,01:28:47.24,20.37,-61.98,-992.59,96.25,-787.50,-157.50,1,94.303,
01/01/2000,01:28:47.25,20.13,-61.73,-992.23,148.75,-656.25,-288.75,1,94.305,
01/01/2000,01:28:47.26,19.52,-62.10,-992.23,280.0,-743.75,-288.75,1,94.281,
01/01/2000,01:28:47.27,19.40,-62.22,-992.35,122.50,-586.25,-341.25,1,94.283,
01/01/2000,01:28:47.28,19.15,-61.98,-992.10,70.0,-673.75,-253.75,1,94.284,
01/01/2000,01:28:47.29,19.03,-61.73,-992.23,113.75,-665.0,-358.75,1,94.286,
01/01/2000,01:28:47.30,19.28,-61.49,-992.35,210.0,-761.25,-420.0,1,94.287,
01/01/2000,01:28:47.31,20.01,-61.24,-992.47,175.0,-743.75,-262.50,1,94.289,
01/01/2000,01:28:47.32,20.25,-61.61,-992.59,236.25,-743.75,-271.25,1,94.290,
01/01/2000,01:28:47.34,20.13,-62.10,-992.59,166.25,-735.0,-288.75,1,94.292,
01/01/2000,01:28:47.35,20.01,-62.22,-992.59,113.75,-787.50,-332.50,1,94.293,
01/01/2000,01:28:47.36,19.64,-61.98,-992.10,245.0,-752.50,-420.0,1,94.295,
01/01/2000,01:28:47.37,19.03,-61.49,-991.86,87.50,-656.25,-262.50,1,94.296,
01/01/2000,01:28:47.38,18.42,-61.61,-991.62,8.75,-717.50,-227.50,1,94.298,
01/01/2000,01:28:47.39,17.81,-61.73,-991.49,17.50,-700.0,-332.50,1,94.300,
01/01/2000,01:28:47.40,17.08,-61.98,-991.49,157.50,-656.25,-306.25,1,94.301,
01/01/2000,01:28:47.41,17.57,-62.22,-991.62,210.0,-673.75,-367.50,1,94.277,
01/01/2000,01:28:47.42,18.06,-62.10,-991.98,323.75,-717.50,-385.0,1,94.279,
01/01/2000,01:28:47.43,19.52,-61.73,-992.71,70.0,-647.50,-402.50,1,94.280,
01/01/2000,01:28:47.44,20.13,-62.10,-992.84,210.0,-743.75,-288.75,1,94.282,
01/01/2000,01:28:47.45,20.25,-61.98,-992.84,166.25,-673.75,-472.50,1,94.283,
01/01/2000,01:28:47.46,20.25,-62.10,-992.71,43.75,-752.50,-455.0,1,94.285,
01/01/2000,01:28:47.48,19.52,-61.98,-991.86,183.75,-656.25,-367.50,1,94.286,
01/01/2000,01:28:47.49,19.03,-61.73,-991.37,35.0,-717.50,-183.75,1,94.288,
01/01/2000,01:28:47.50,18.79,-61.85,-991.62,78.75,-691.25,-323.75,1,94.290,
01/01/2000,01:28:47.51,18.67,-61.85,-992.23,96.25,-735.0,-280.0,1,94.291,
01/01/2000,01:28:47.52,18.67,-61.98,-992.71,140.0,-568.75,-385.0,1,94.293,
01/01/2000,01:28:47.53,19.15,-61.85,-992.59,175.0,-691.25,-332.50,1,94.294,
01/01/2000,01:28:47.54,19.76,-61.73,-992.10,122.50,-682.50,-455.0,1,94.296,
01/01/2000,01:28:47.55,20.25,-61.73,-991.62,166.25,-752.50,-192.50,1,94.272,
01/01/2000,01:28:47.56,20.37,-61.98,-991.13,210.0,-770.0,-245.0,1,94.273,
01/01/2000,01:28:47.57,20.13,-62.22,-991.13,17.50,-647.50,-367.50,1,94.275,
01/01/2000,01:28:47.58,19.52,-62.46,-991.13,262.50,-770.0,-262.50,1,94.277,
01/01/2000,01:28:47.59,18.79,-62.22,-991.37,148.75,-761.25,-455.0,1,94.278,
01/01/2000,01:28:47.60,18.30,-62.22,-991.86,52.50,-682.50,-323.75,1,94.280,
01/01/2000,01:28:47.61,17.57,-61.85,-992.35,245.0,-638.75,-297.50,1,94.281,
01/01/2000,01:28:47.62,17.32,-61.85,-992.59,113.75,-673.75,-253.75,1,94.283,
01/01/2000,01:28:47.63,17.93,-61.73,-992.47,17.50,-691.25,-341.25,1,94.284,
01/01/2000,01:28:47.65,19.03,-61.98,-991.98,157.50,-630.0,-358.75,1,94.286,
01/01/2000,01:28:47.65,19.76,-61.98,-991.62,113.75,-726.25,-385.0,1,94.287,
01/01/2000,01:28:47.67,20.01,-62.22,-991.62,8.75,-831.25,-262.50,1,94.289,
01/01/2000,01:28:47.68,20.01,-62.10,-991.86,52.50,-673.75,-420.0,1,94.290,
01/01/2000,01:28:47.69,19.89,-62.10,-992.71,148.75,-708.75,-428.75,1,94.292,
01/01/2000,01:28:47.70,19.64,-61.73,-993.08,192.50,-638.75,-271.25,1,94.293,
01/01/2000,01:28:47.71,19.40,-61.61,-993.45,183.75,-752.50,-236.25,1,94.295,
01/01/2000,01:28:47.72,19.40,-61.49,-993.57,17.50,-700.0,-245.0,1,94.296,
01/01/2000,01:28:47.73,19.28,-61.98,-993.45,96.25,-691.25,-227.50,1,94.298,
01/01/2000,01:28:47.74,19.28,-62.22,-992.71,105.0,-726.25,-385.0,1,94.299,
01/01/2000,01:28:47.75,18.91,-62.22,-991.86,201.25,-665.0,-323.75,1,94.301,
01/01/2000,01:28:47.76,19.28,-61.73,-991.13,175.0,-735.0,-236.25,1,94.302,
01/01/2000,01:28:47.77,19.52,-61.73,-991.13,262.50,-700.0,-192.50,1,94.304,
01/01/2000,01:28:47.78,19.52,-61.37,-991.49,35.0,-778.75,-175.0,1,94.305,
01/01/2000,01:28:47.79,19.28,-61.98,-991.86,43.75,-770.0,-463.75,1,94.307,
01/01/2000,01:28:47.80,19.03,-61.98,-992.35,78.75,-691.25,-341.25,1,94.309,
01/01/2000,01:28:47.81,18.54,-61.85,-992.59,113.75,-682.50,-262.50,1,94.310,
01/01/2000,01:28:47.82,18.06,-61.61,-992.59,113.75,-735.0,-323.75,1,94.286,
01/01/2000,01:28:47.83,17.81,-61.61,-992.10,157.50,-630.0,-236.25,1,94.288,
01/01/2000,01:28:47.84,17.93,-61.61,-991.62,122.50,-621.25,-280.0,1,94.290,
01/01/2000,01:28:47.85,18.42,-61.85,-991.37,113.75,-682.50,-332.50,1,94.291,
01/01/2000,01:28:47.86,18.91,-62.10,-991.37,271.25,-708.75,-472.50,1,94.293,
01/01/2000,01:28:47.87,19.40,-61.98,-991.86,78.75,-752.50,-402.50,1,94.294,
01/01/2000,01:28:47.88,19.89,-62.22,-992.35,43.75,-621.25,-402.50,1,94.296,
01/01/2000,01:28:47.90,20.13,-61.98,-992.35,175.0,-726.25,-262.50,1,94.297,
01/01/2000,01:28:47.91,20.01,-61.61,-992.84,52.50,-761.25,-201.25,1,94.299,
01/01/2000,01:28:47.92,20.01,-61.85,-993.08,175.0,-586.25,-218.75,1,94.300,
01/01/2000,01:28:47.93,20.01,-62.10,-993.32,148.75,-708.75,-420.0,1,94.302,
01/01/2000,01:28:47.94,19.89,-61.85,-993.45,148.75,-717.50,-306.25,1,94.303,
01/01/2000,01:28:47.95,19.89,-61.73,-993.08,113.75,-770.0,-245.0,1,94.305,
01/01/2000,01:28:47.96,19.64,-61.73,-992.96,113.75,-612.50,-402.50,1,94.306,
01/01/2000,01:28:47.97,19.76,-61.61,-992.84,105.0,-665.0,-288.75,1,94.283,
01/01/2000,01:28:47.98,19.89,-61.49,-992.35,140.0,-691.25,-271.25,1,94.284,
01/01/2000,01:28:48.00,19.89,-61.73,-991.37,122.50,-813.75,-183.75,1,94.286,
01/01/2000,01:28:48.01,19.52,-61.85,-991.01,175.0,-717.50,-245.0,1,94.287,
01/01/2000,01:28:48.02,18.91,-61.73,-991.25,78.75,-805.0,-393.75,1,94.289,
01/01/2000,01:28:48.03,18.06,-61.98,-991.98,218.75,-717.50,-323.75,1,94.290,
01/01/2000,01:28:48.04,17.69,-61.49,-992.59,35.0,-717.50,-420.0,1,94.292,
01/01/2000,01:28:48.05,17.08,-61.24,-993.08,218.75,-638.75,-367.50,1,94.293,
01/01/2000,01:28:48.06,17.08,-61.12,-992.96,61.25,-568.75,-253.75,1,94.295,
01/01/2000,01:28:48.07,17.20,-61.49,-992.47,183.75,-603.75,-245.0,1,94.296,
01/01/2000,01:28:48.08,17.93,-61.49,-992.10,-43.75,-682.50,-315.0,1,94.298,
01/01/2000,01:28:48.09,19.03,-61.73,-991.49,87.50,-638.75,-385.0,1,94.299,
01/01/2000,01:28:48.10,19.76,-61.85,-991.37,183.75,-787.50,-393.75,1,94.301,
01/01/2000,01:28:48.11,20.25,-61.98,-991.62,271.25,-691.25,-341.25,1,94.302,
01/01/2000,01:28:48.12,20.37,-61.73,-992.59,43.75,-735.0,-218.75,1,94.304,
01/01/2000,01:28:48.13,19.76,-61.61,-992.96,201.25,-805.0,-227.50,1,94.305,
01/01/2000,01:28:48.14,19.15,-61.49,-993.08,122.50,-507.50,-323.75,1,94.307,
01/01/2000,01:28:48.15,18.54,-61.49,-992.84,96.25,-708.75,-350.0,1,94.308,
01/01/2000,01:28:48.16,18.30,-61.61,-992.59,113.75,-682.50,-376.25,1,94.310,
01/01/2000,01:28:48.17,18.42,-61.61,-992.10,148.75,-770.0,-297.50,1,94.311,
01/01/2000,01:28:48.19,19.40,-61.73,-992.23,131.25,-831.25,-245.0,1,94.288,
01/01/2000,01:28:48.19,19.89,-61.85,-992.23,122.50,-621.25,-315.0,1,94.289,
01/01/2000,01:28:48.21,20.01,-61.73,-992.23,122.50,-726.25,-262.50,1,94.291,
01/01/2000,01:28:48.21,19.64,-61.73,-991.98,113.75,-691.25,-358.75,1,94.292,
01/01/2000,01:28:48.23,19.03,-61.49,-991.86,43.75,-848.75,-78.75,1,94.294,
01/01/2000,01:28:48.24,17.57,-61.85,-991.86,210.0,-638.75,-297.50,1,94.295,
01/01/2000,01:28:48.25,16.96,-61.61,-991.62,402.50,-700.0,-437.50,1,94.297,
01/01/2000,01:28:48.26,17.20,-61.0,-991.74,227.50,-621.25,-350.0,1,94.298,
01/01/2000,01:28:48.27,18.06,-60.88,-991.74,96.25,-682.50,-297.50,1,94.300,
01/01/2000,01:28:48.28,19.15,-61.0,-992.10,122.50,-682.50,-341.25,1,94.301,
01/01/2000,01:28:48.29,20.25,-61.49,-992.47,122.50,-673.75,-376.25,1,94.303,
01/01/2000,01:28:48.30,20.37,-62.10,-992.59,148.75,-770.0,-218.75,1,94.304,
01/01/2000,01:28:48.31,20.13,-61.85,-992.35,131.25,-743.75,-358.75,1,94.306,
01/01/2000,01:28:48.32,19.40,-61.49,-991.86,166.25,-752.50,-288.75,1,94.283,
01/01/2000,01:28:48.33,19.03,-61.0,-991.62,17.50,-638.75,-175.0,1,94.284,
01/01/2000,01:28:48.34,18.54,-61.0,-992.10,96.25,-735.0,-306.25,1,94.286,
01/01/2000,01:28:48.35,18.67,-61.49,-992.47,201.25,-568.75,-341.25,1,94.287,
01/01/2000,01:28:48.36,19.03,-61.73,-992.84,148.75,-612.50,-428.75,1,94.289,
01/01/2000,01:28:48.37,19.52,-61.73,-992.84,70.0,-717.50,-341.25,1,94.290,
01/01/2000,01:28:48.39,20.01,-61.49,-992.35,332.50,-700.0,-376.25,1,94.292,
01/01/2000,01:28:48.40,20.13,-61.37,-992.10,17.50,-743.75,-218.75,1,94.293,
01/01/2000,01:28:48.41,20.01,-61.49,-992.23,236.25,-787.50,-253.75,1,94.295,
01/01/2000,01:28:48.42,19.28,-61.61,-992.59,96.25,-665.0,-323.75,1,94.296,
01/01/2000,01:28:48.43,18.42,-61.61,-993.32,148.75,-848.75,-280.0,1,94.298,
01/01/2000,01:28:48.44,17.69,-61.61,-993.69,166.25,-726.25,-446.25,1,94.299,
01/01/2000,01:28:48.45,17.32,-61.49,-993.45,157.50,-717.50,-490.0,1,94.301,
01/01/2000,01:28:48.46,17.32,-61.0,-992.59,-8.75,-603.75,-358.75,1,94.302,
01/01/2000,01:28:48.47,18.30,-61.24,-991.49,166.25,-735.0,-280.0,1,94.304,
01/01/2000,01:28:48.48,19.40,-61.37,-991.13,-52.50,-656.25,-253.75,1,94.305,
01/01/2000,01:28:48.49,20.01,-61.85,-991.25,70.0,-717.50,-323.75,1,94.307,
01/01/2000,01:28:48.50,20.50,-62.22,-991.62,148.75,-682.50,-288.75,1,94.283,
01/01/2000,01:28:48.52,19.76,-61.98,-991.62,201.25,-840.0,-350.0,1,94.285,
01/01/2000,01:28:48.53,19.03,-61.24,-991.37,52.50,-656.25,-332.50,1,94.286,
01/01/2000,01:28:48.54,18.42,-60.76,-991.13,113.75,-603.75,-280.0,1,94.288,
01/01/2000,01:28:48.55,18.42,-60.88,-991.25,78.75,-691.25,-280.0,1,94.289,
01/01/2000,01:28:48.56,18.67,-61.37,-991.62,280.0,-568.75,-367.50,1,94.291,
01/01/2000,01:28:48.57,19.15,-61.61,-992.35,96.25,-813.75,-358.75,1,94.292,
01/01/2000,01:28:48.58,19.76,-61.98,-992.84,157.50,-638.75,-411.25,1,94.294,
01/01/2000,01:28:48.59,20.50,-61.73,-992.84,122.50,-612.50,-323.75,1,94.295,
01/01/2000,01:28:48.60,20.74,-61.12,-992.35,183.75,-752.50,-175.0,1,94.297,
01/01/2000,01:28:48.61,20.50,-61.0,-991.98,87.50,-682.50,-332.50,1,94.298,
01/01/2000,01:28:48.62,19.76,-61.24,-991.62,227.50,-743.75,-122.50,1,94.300,
01/01/2000,01:28:48.63,18.30,-61.73,-991.62,96.25,-770.0,-385.0,1,94.301,
01/01/2000,01:28:48.64,17.32,-61.73,-991.98,87.50,-796.25,-350.0,1,94.303,
01/01/2000,01:28:48.65,16.84,-61.49,-992.10,358.75,-726.25,-350.0,1,94.304,
01/01/2000,01:28:48.66,16.71,-61.24,-992.10,166.25,-630.0,-280.0,1,94.306,
01/01/2000,01:28:48.67,18.06,-60.63,-992.71,218.75,-752.50,-428.75,1,94.307,
01/01/2000,01:28:48.68,19.28,-61.12,-993.08,175.0,-700.0,-315.0,1,94.309,
01/01/2000,01:28:48.69,20.50,-61.49,-993.32,131.25,-700.0,-253.75,1,94.310,
01/01/2000,01:28:48.70,20.74,-61.98,-993.20,323.75,-761.25,-411.25,1,94.312,
01/01/2000,01:28:48.71,20.01,-62.22,-992.10,8.75,-717.50,-323.75,1,94.313,
01/01/2000,01:28:48.72,19.40,-61.98,-991.13,61.25,-708.75,-192.50,1,94.315,
01/01/2000,01:28:48.73,18.42,-61.49,-990.15,157.50,-673.75,-358.75,1,94.316,
01/01/2000,01:28:48.74,17.81,-60.88,-990.03,148.75,-752.50,-245.0,1,94.293,
01/01/2000,01:28:48.75,17.69,-61.0,-990.52,140.0,-595.0,-271.25,1,94.295,
01/01/2000,01:28:48.76,18.06,-61.24,-991.49,78.75,-735.0,-376.25,1,94.296,
01/01/2000,01:28:48.77,19.40,-61.73,-991.98,43.75,-708.75,-341.25,1,94.298,
01/01/2000,01:28:48.79,20.25,-61.98,-992.23,253.75,-691.25,-455.0,1,94.299,
01/01/2000,01:28:48.79,20.86,-61.73,-991.86,245.0,-665.0,-376.25,1,94.301,
01/01/2000,01:28:48.81,21.23,-61.24,-991.62,17.50,-691.25,-253.75,1,94.302,
01/01/2000,01:28:48.82,20.50,-61.37,-991.49,87.50,-770.0,-183.75,1,94.303,
01/01/2000,01:28:48.83,19.03,-61.98,-991.74,218.75,-700.0,-157.50,1,94.305,
01/01/2000,01:28:48.84,17.57,-61.98,-992.10,26.25,-700.0,-306.25,1,94.306,
01/01/2000,01:28:48.85,16.59,-61.98,-992.35,201.25,-770.0,-595.0,1,94.308,
01/01/2000,01:28:48.86,16.35,-61.49,-992.59,183.75,-665.0,-463.75,1,94.309,
01/01/2000,01:28:48.87,16.84,-61.24,-992.47,105.0,-726.25,-437.50,1,94.311,
01/01/2000,01:28:48.88,18.06,-61.0,-992.35,122.50,-700.0,-323.75,1,94.288,
01/01/2000,01:28:48.89,19.64,-61.49,-992.35,175.0,-665.0,-323.75,1,94.289,
01/01/2000,01:28:48.90,20.50,-61.98,-992.47,43.75,-761.25,-393.75,1,94.291,
01/01/2000,01:28:48.91,20.86,-62.10,-992.47,201.25,-673.75,-446.25,1,94.292,
01/01/2000,01:28:48.92,20.98,-61.98,-992.71,192.50,-726.25,-402.50,1,94.294,
01/01/2000,01:28:48.93,20.86,-61.24,-993.20,35.0,-752.50,-297.50,1,94.295,
01/01/2000,01:28:48.94,20.13,-61.24,-993.20,306.25,-708.75,-253.75,1,94.297,
01/01/2000,01:28:48.96,19.03,-61.12,-992.84,105.0,-577.50,-280.0,1,94.298,
01/01/2000,01:28:48.97,18.30,-61.49,-992.35,17.50,-682.50,-367.50,1,94.300,
01/01/2000,01:28:48.98,17.93,-61.37,-991.49,192.50,-656.25,-367.50,1,94.301,
01/01/2000,01:28:48.99,18.18,-61.49,-990.76,236.25,-647.50,-402.50,1,94.303,
01/01/2000,01:28:49.00,19.03,-61.37,-990.15,8.75,-656.25,-472.50,1,94.304,
01/01/2000,01:28:49.01,20.01,-61.37,-990.88,122.50,-770.0,-420.0,1,94.306,
01/01/2000,01:28:49.02,20.25,-61.0,-991.49,131.25,-787.50,-253.75,1,94.283,
01/01/2000,01:28:49.03,19.15,-61.12,-992.71,8.75,-577.50,-201.25,1,94.284,
01/01/2000,01:28:49.04,18.30,-61.37,-993.08,201.25,-673.75,-113.75,1,94.286,
01/01/2000,01:28:49.05,17.20,-61.24,-992.71,113.75,-673.75,-428.75,1,94.287,
01/01/2000,01:28:49.06,16.84,-61.0,-992.10,131.25,-743.75,-385.0,1,94.289,
01/01/2000,01:28:49.07,17.32,-60.76,-991.25,131.25,-691.25,-437.50,1,94.290,
01/01/2000,01:28:49.08,18.30,-60.76,-991.13,113.75,-665.0,-332.50,1,94.292,
01/01/2000,01:28:49.09,19.64,-61.12,-991.25,227.50,-708.75,-402.50,1,94.293,
01/01/2000,01:28:49.10,20.62,-61.24,-991.86,192.50,-700.0,-297.50,1,94.295,
01/01/2000,01:28:49.12,21.35,-61.61,-992.35,105.0,-673.75,-385.0,1,94.296,
01/01/2000,01:28:49.12,21.23,-61.24,-992.59,87.50,-665.0,-236.25,1,94.297,
01/01/2000,01:28:49.14,20.50,-61.37,-992.59,245.0,-743.75,-236.25,1,94.299,
01/01/2000,01:28:49.15,19.52,-60.88,-992.47,61.25,-700.0,-253.75,1,94.300,
01/01/2000,01:28:49.16,17.81,-61.0,-992.35,227.50,-700.0,-78.75,1,94.302,
01/01/2000,01:28:49.17,17.20,-61.24,-991.74,96.25,-638.75,-516.25,1,94.303,
01/01/2000,01:28:49.18,17.57,-61.24,-991.62,26.25,-665.0,-420.0,1,94.305,
01/01/2000,01:28:49.19,18.54,-61.24,-991.86,122.50,-700.0,-498.75,1,94.306,
01/01/2000,01:28:49.20,19.76,-61.49,-992.35,96.25,-761.25,-551.25,1,94.308,
01/01/2000,01:28:49.21,21.23,-61.24,-993.08,175.0,-813.75,-341.25,1,94.309,
01/01/2000,01:28:49.22,21.84,-61.37,-993.08,192.50,-735.0,-227.50,1,94.311,
01/01/2000,01:28:49.23,21.23,-61.49,-992.47,122.50,-665.0,-61.25,1,94.312,
01/01/2000,01:28:49.24,18.54,-61.37,-991.13,105.0,-708.75,-140.0,1,94.289,
01/01/2000,01:28:49.25,16.59,-61.49,-990.40,157.50,-770.0,-306.25,1,94.291,
01/01/2000,01:28:49.26,15.62,-61.37,-990.15,166.25,-577.50,-586.25,1,94.292,
01/01/2000,01:28:49.27,15.74,-61.24,-991.01,192.50,-708.75,-612.50,1,94.294,
01/01/2000,01:28:49.28,17.81,-61.12,-991.86,122.50,-691.25,-525.0,1,94.295,
01/01/2000,01:28:49.29,19.64,-61.0,-992.35,175.0,-726.25,-332.50,1,94.297,
01/01/2000,01:28:49.31,21.47,-61.37,-992.71,-96.25,-665.0,-341.25,1,94.298,
01/01/2000,01:28:49.32,21.84,-61.85,-992.35,297.50,-761.25,-288.75,1,94.300,
01/01/2000,01:28:49.33,21.59,-61.73,-991.98,105.0,-717.50,-288.75,1,94.301,
01/01/2000,01:28:49.34,20.25,-61.37,-991.49,218.75,-708.75,-218.75,1,94.303,
01/01/2000,01:28:49.35,18.79,-61.37,-991.25,280.0,-656.25,-245.0,1,94.304,
01/01/2000,01:28:49.36,17.57,-61.0,-991.37,122.50,-682.50,-341.25,1,94.305,
01/01/2000,01:28:49.37,16.84,-61.12,-991.62,148.75,-612.50,-332.50,1,94.307,
01/01/2000,01:28:49.38,17.45,-61.37,-991.98,131.25,-638.75,-455.0,1,94.308,
01/01/2000,01:28:49.39,18.54,-61.49,-992.10,245.0,-621.25,-420.0,1,94.310,
01/01/2000,01:28:49.40,20.37,-61.73,-992.35,-8.75,-761.25,-376.25,1,94.311,
01/01/2000,01:28:49.41,21.23,-61.73,-992.47,262.50,-735.0,-490.0,1,94.313,
01/01/2000,01:28:49.42,20.98,-61.49,-992.35,96.25,-726.25,-87.50,1,94.314,
01/01/2000,01:28:49.43,19.64,-61.49,-991.86,148.75,-778.75,0.0,1,94.316,
01/01/2000,01:28:49.44,17.45,-61.49,-991.62,210.0,-796.25,-341.25,1,94.317,
01/01/2000,01:28:49.45,16.23,-61.0,-991.98,52.50,-708.75,-420.0,1,94.294,
01/01/2000,01:28:49.46,16.47,-61.0,-992.35,105.0,-638.75,-393.75,1,94.296,
01/01/2000,01:28:49.47,17.45,-60.76,-992.71,175.0,-726.25,-533.75,1,94.297,
01/01/2000,01:28:49.48,18.79,-61.0,-992.84,131.25,-516.25,-490.0,1,94.299,
01/01/2000,01:28:49.49,20.13,-61.49,-992.84,245.0,-612.50,-288.75,1,94.300,
01/01/2000,01:28:49.50,21.11,-61.49,-992.35,96.25,-682.50,-402.50,1,94.302,
01/01/2000,01:28:49.52,20.01,-61.37,-991.49,131.25,-770.0,-280.0,1,94.279,
01/01/2000,01:28:49.53,19.03,-61.12,-991.13,122.50,-770.0,-350.0,1,94.281,
01/01/2000,01:28:49.54,18.30,-60.76,-991.01,122.50,-752.50,-358.75,1,94.282,
01/01/2000,01:28:49.55,17.81,-60.76,-991.01,122.50,-673.75,-157.50,1,94.284,
01/01/2000,01:28:49.56,17.57,-60.88,-991.49,8.75,-735.0,-393.75,1,94.285,
01/01/2000,01:28:49.57,18.06,-61.37,-992.10,280.0,-603.75,-411.25,1,94.286,
01/01/2000,01:28:49.58,18.91,-61.24,-992.10,-8.75,-708.75,-455.0,1,94.288,
01/01/2000,01:28:49.60,20.25,-61.0,-991.86,122.50,-796.25,-376.25,1,94.289,
01/01/2000,01:28:49.61,20.86,-61.0,-991.37,122.50,-665.0,-262.50,1,94.291,
01/01/2000,01:28:49.62,20.98,-61.0,-991.13,35.0,-787.50,-306.25,1,94.292,
01/01/2000,01:28:49.63,20.01,-61.12,-991.25,236.25,-857.50,-140.0,1,94.294,
01/01/2000,01:28:49.64,18.79,-61.49,-991.74,87.50,-708.75,-271.25,1,94.295,
01/01/2000,01:28:49.65,17.08,-61.49,-992.59,96.25,-682.50,-516.25,1,94.297,
01/01/2000,01:28:49.66,16.59,-61.0,-993.08,175.0,-735.0,-280.0,1,94.298,
01/01/2000,01:28:49.67,16.71,-60.63,-993.20,113.75,-647.50,-420.0,1,94.299,
01/01/2000,01:28:49.68,17.32,-60.51,-992.71,148.75,-691.25,-341.25,1,94.301,
01/01/2000,01:28:49.69,18.54,-60.76,-991.98,280.0,-673.75,-393.75,1,94.302,
01/01/2000,01:28:49.70,19.76,-61.24,-991.37,245.0,-726.25,-341.25,1,94.304,
01/01/2000,01:28:49.71,20.37,-61.73,-991.01,0.0,-700.0,-385.0,1,94.305,
01/01/2000,01:28:49.72,20.86,-61.85,-990.76,157.50,-726.25,-385.0,1,94.307,
01/01/2000,01:28:49.73,20.74,-61.49,-991.62,192.50,-700.0,-306.25,1,94.308,
01/01/2000,01:28:49.74,19.64,-61.12,-992.84,183.75,-708.75,-306.25,1,94.310,
01/01/2000,01:28:49.75,18.67,-60.76,-993.08,210.0,-717.50,-201.25,1,94.311,
01/01/2000,01:28:49.76,17.81,-60.88,-992.84,297.50,-691.25,-245.0,1,94.312,
01/01/2000,01:28:49.77,17.57,-61.0,-992.47,140.0,-708.75,-341.25,1,94.314,
01/01/2000,01:28:49.78,17.81,-61.49,-991.98,87.50,-665.0,-472.50,1,94.315,
01/01/2000,01:28:49.79,19.28,-61.49,-992.10,166.25,-682.50,-595.0,1,94.317,
01/01/2000,01:28:49.81,20.98,-61.61,-992.59,87.50,-848.75,-288.75,1,94.294,
01/01/2000,01:28:49.82,20.86,-61.24,-992.71,148.75,-656.25,-122.50,1,94.296,
01/01/2000,01:28:49.83,19.76,-61.24,-992.35,-52.50,-682.50,-78.75,1,94.297,
01/01/2000,01:28:49.84,18.30,-61.24,-991.98,43.75,-621.25,-175.0,1,94.299,
01/01/2000,01:28:49.85,16.96,-61.0,-991.37,201.25,-700.0,-376.25,1,94.300,
01/01/2000,01:28:49.86,16.47,-61.0,-990.64,175.0,-840.0,-323.75,1,94.302,
01/01/2000,01:28:49.87,17.08,-60.76,-990.52,8.75,-682.50,-516.25,1,94.303,
01/01/2000,01:28:49.88,19.03,-60.76,-991.01,166.25,-691.25,-446.25,1,94.304,
01/01/2000,01:28:49.89,20.13,-61.24,-991.25,78.75,-665.0,-358.75,1,94.306,
01/01/2000,01:28:49.90,21.11,-61.24,-991.49,201.25,-682.50,-367.50,1,94.307,
01/01/2000,01:28:49.91,21.47,-61.24,-991.62,323.75,-647.50,-218.75,1,94.309,
01/01/2000,01:28:49.92,20.86,-61.0,-991.86,61.25,-857.50,-218.75,1,94.310,
01/01/2000,01:28:49.93,19.76,-61.0,-991.98,148.75,-700.0,-148.75,1,94.312,
01/01/2000,01:28:49.95,17.81,-61.0,-992.35,306.25,-647.50,-297.50,1,94.289,
01/01/2000,01:28:49.96,16.96,-60.88,-992.59,218.75,-700.0,-437.50,1,94.291,
01/01/2000,01:28:49.97,16.84,-60.88,-992.59,175.0,-691.25,-376.25,1,94.292,
01/01/2000,01:28:49.98,17.32,-60.88,-992.59,140.0,-700.0,-463.75,1,94.294,
01/01/2000,01:28:49.99,19.15,-61.0,-992.10,105.0,-752.50,-490.0,1,94.295,
01/01/2000,01:28:50.00,20.01,-61.12,-991.86,87.50,-743.75,-306.25,1,94.296,
01/01/2000,01:28:50.01,20.50,-61.12,-991.49,-17.50,-717.50,-271.25,1,94.298,
01/01/2000,01:28:50.02,19.76,-61.24,-991.62,183.75,-831.25,-245.0,1,94.299,
01/01/2000,01:28:50.03,17.93,-61.24,-992.10,315.0,-673.75,-271.25,1,94.277,
01/01/2000,01:28:50.04,16.59,-60.88,-992.84,122.50,-700.0,-490.0,1,94.279,
01/01/2000,01:28:50.05,16.71,-60.63,-993.08,148.75,-612.50,-271.25,1,94.280,
01/01/2000,01:28:50.06,17.57,-60.63,-993.08,122.50,-682.50,-358.75,1,94.281,
01/01/2000,01:28:50.07,18.54,-60.76,-992.84,61.25,-735.0,-245.0,1,94.283,
01/01/2000,01:28:50.08,19.76,-61.0,-991.98,113.75,-630.0,-280.0,1,94.284,
01/01/2000,01:28:50.10,21.23,-61.49,-991.62,157.50,-700.0,-411.25,1,94.286,
01/01/2000,01:28:50.11,21.35,-61.37,-991.62,105.0,-691.25,-376.25,1,94.287,
01/01/2000,01:28:50.12,21.23,-61.49,-992.10,105.0,-778.75,-402.50,1,94.289,
01/01/2000,01:28:50.13,19.52,-60.88,-992.59,140.0,-665.0,-218.75,1,94.290,
01/01/2000,01:28:50.14,18.30,-60.51,-992.84,175.0,-717.50,-166.25,1,94.291,
01/01/2000,01:28:50.15,17.32,-60.27,-992.59,218.75,-691.25,-341.25,1,94.293,
01/01/2000,01:28:50.16,17.32,-60.27,-992.10,201.25,-708.75,-385.0,1,94.294,
01/01/2000,01:28:50.17,18.30,-60.51,-991.49,43.75,-638.75,-393.75,1,94.296,
01/01/2000,01:28:50.18,19.52,-61.0,-990.88,218.75,-682.50,-446.25,1,94.297,
01/01/2000,01:28:50.19,20.50,-61.24,-990.40,131.25,-682.50,-350.0,1,94.299,
01/01/2000,01:28:50.20,20.86,-61.37,-990.15,306.25,-805.0,-350.0,1,94.300,
01/01/2000,01:28:50.21,19.64,-61.24,-990.52,87.50,-691.25,-227.50,1,94.301,
01/01/2000,01:28:50.22,18.30,-61.0,-991.25,166.25,-700.0,-210.0,1,94.303,
01/01/2000,01:28:50.23,16.84,-60.76,-992.23,140.0,-647.50,-253.75,1,94.304,
01/01/2000,01:28:50.24,15.86,-60.39,-993.32,192.50,-630.0,-341.25,1,94.306,
01/01/2000,01:28:50.25,16.47,-60.51,-993.45,52.50,-612.50,-323.75,1,94.307,
01/01/2000,01:28:50.26,17.32,-60.51,-992.96,157.50,-761.25,-358.75,1,94.309,
01/01/2000,01:28:50.27,18.67,-60.88,-992.35,297.50,-673.75,-385.0,1,94.310,
01/01/2000,01:28:50.28,19.89,-61.24,-991.62,271.25,-647.50,-306.25,1,94.311,
01/01/2000,01:28:50.29,20.98,-61.24,-991.13,175.0,-726.25,-446.25,1,94.313,
01/01/2000,01:28:50.30,20.37,-61.24,-991.25,192.50,-752.50,-385.0,1,94.291,
01/01/2000,01:28:50.31,19.40,-60.76,-991.62,17.50,-621.25,-323.75,1,94.292,
01/01/2000,01:28:50.32,18.30,-60.51,-991.98,-26.25,-665.0,-192.50,1,94.294,
01/01/2000,01:28:50.33,17.32,-60.51,-992.35,87.50,-621.25,-350.0,1,94.295,
01/01/2000,01:28:50.34,16.84,-60.51,-992.35,96.25,-665.0,-236.25,1,94.296,
01/01/2000,01:28:50.35,17.32,-60.63,-992.35,105.0,-630.0,-446.25,1,94.298,
01/01/2000,01:28:50.37,19.28,-60.88,-991.74,131.25,-752.50,-498.75,1,94.299,
01/01/2000,01:28:50.38,20.74,-60.88,-991.74,227.50,-665.0,-463.75,1,94.301,
01/01/2000,01:28:50.39,21.72,-60.88,-991.86,271.25,-770.0,-113.75,1,94.302,
01/01/2000,01:28:50.40,21.59,-60.88,-991.86,280.0,-761.25,-122.50,1,94.303,
01/01/2000,01:28:50.41,19.52,-60.76,-992.10,26.25,-665.0,-70.0,1,94.305,
01/01/2000,01:28:50.42,17.69,-60.76,-992.47,166.25,-630.0,-192.50,1,94.306,
01/01/2000,01:28:50.43,16.23,-60.51,-992.71,227.50,-612.50,-420.0,1,94.308,
01/01/2000,01:28:50.44,16.10,-60.15,-993.08,192.50,-682.50,-306.25,1,94.309,
01/01/2000,01:28:50.45,16.96,-60.27,-993.08,140.0,-673.75,-612.50,1,94.311,
01/01/2000,01:28:50.46,18.54,-60.27,-992.84,262.50,-743.75,-481.25,1,94.312,
01/01/2000,01:28:50.47,20.98,-60.76,-992.35,113.75,-778.75,-218.75,1,94.313,
01/01/2000,01:28:50.48,21.84,-61.24,-991.86,236.25,-840.0,-280.0,1,94.315,
01/01/2000,01:28:50.49,21.96,-61.0,-991.62,26.25,-796.25,-315.0,1,94.316,
01/01/2000,01:28:50.50,21.11,-61.12,-991.25,131.25,-656.25,-96.25,1,94.318,
01/01/2000,01:28:50.51,19.28,-60.76,-990.88,140.0,-630.0,-288.75,1,94.296,
01/01/2000,01:28:50.52,17.45,-60.51,-990.88,148.75,-691.25,-402.50,1,94.297,
01/01/2000,01:28:50.54,17.08,-60.27,-990.88,-17.50,-612.50,-218.75,1,94.298,
01/01/2000,01:28:50.55,17.45,-60.39,-991.01,61.25,-813.75,-402.50,1,94.300,
01/01/2000,01:28:50.56,18.42,-60.76,-991.01,105.0,-665.0,-341.25,1,94.301,
01/01/2000,01:28:50.57,19.89,-61.0,-991.37,201.25,-691.25,-621.25,1,94.303,
01/01/2000,01:28:50.58,20.62,-61.12,-991.62,262.50,-691.25,-393.75,1,94.304,
01/01/2000,01:28:50.59,20.50,-60.76,-991.74,-61.25,-848.75,-61.25,1,94.306,
01/01/2000,01:28:50.60,19.52,-60.88,-992.23,61.25,-796.25,-175.0,1,94.307,
01/01/2000,01:28:50.61,17.57,-60.76,-992.35,148.75,-647.50,-350.0,1,94.308,
01/01/2000,01:28:50.62,16.59,-60.51,-992.47,122.50,-691.25,-306.25,1,94.310,
01/01/2000,01:28:50.63,16.59,-60.27,-992.35,70.0,-656.25,-463.75,1,94.311,
01/01/2000,01:28:50.64,17.32,-60.39,-992.35,227.50,-700.0,-323.75,1,94.289,
01/01/2000,01:28:50.65,18.79,-60.39,-991.98,43.75,-638.75,-437.50,1,94.291,
01/01/2000,01:28:50.66,19.76,-60.76,-991.74,218.75,-717.50,-227.50,1,94.292,
01/01/2000,01:28:50.67,20.37,-60.88,-991.37,140.0,-761.25,-288.75,1,94.293,
01/01/2000,01:28:50.68,20.50,-60.88,-991.13,288.75,-726.25,-455.0,1,94.295,
01/01/2000,01:28:50.69,19.89,-60.63,-991.25,183.75,-630.0,-297.50,1,94.296,
01/01/2000,01:28:50.70,18.79,-60.39,-991.62,61.25,-673.75,-192.50,1,94.298,
01/01/2000,01:28:50.71,18.18,-60.51,-992.23,280.0,-726.25,-297.50,1,94.299,
01/01/2000,01:28:50.73,17.81,-60.51,-993.20,131.25,-638.75,-420.0,1,94.301,
01/01/2000,01:28:50.74,18.06,-60.39,-993.32,78.75,-665.0,-315.0,1,94.302,
01/01/2000,01:28:50.75,18.79,-60.51,-992.84,148.75,-603.75,-393.75,1,94.303,
01/01/2000,01:28:50.76,19.40,-60.76,-991.98,183.75,-778.75,-472.50,1,94.305,
01/01/2000,01:28:50.77,20.01,-60.76,-991.25,70.0,-682.50,-280.0,1,94.306,
01/01/2000,01:28:50.78,20.25,-60.88,-990.88,183.75,-708.75,-175.0,1,94.308,
01/01/2000,01:28:50.79,19.15,-60.51,-991.13,26.25,-875.0,-87.50,1,94.309,
01/01/2000,01:28:50.80,18.06,-60.76,-992.47,262.50,-717.50,-315.0,1,94.310,
01/01/2000,01:28:50.81,16.84,-60.27,-993.32,140.0,-665.0,-411.25,1,94.312,
01/01/2000,01:28:50.82,16.59,-60.15,-993.45,87.50,-665.0,-472.50,1,94.313,
01/01/2000,01:28:50.83,17.45,-60.15,-992.96,148.75,-577.50,-455.0,1,94.315,
01/01/2000,01:28:50.84,18.67,-60.51,-992.47,166.25,-647.50,-306.25,1,94.316,
01/01/2000,01:28:50.85,20.62,-61.0,-991.86,157.50,-752.50,-315.0,1,94.317,
01/01/2000,01:28:50.86,21.47,-61.49,-991.74,280.0,-612.50,-262.50,1,94.296,
01/01/2000,01:28:50.87,21.11,-61.49,-991.62,78.75,-770.0,-306.25,1,94.297,
01/01/2000,01:28:50.89,20.50,-61.24,-991.62,78.75,-778.75,-358.75,1,94.298,
01/01/2000,01:28:50.90,19.40,-60.63,-991.62,35.0,-770.0,-201.25,1,94.300,
01/01/2000,01:28:50.91,18.30,-60.51,-991.74,17.50,-805.0,-297.50,1,94.301,
01/01/2000,01:28:50.92,17.08,-60.27,-991.98,131.25,-682.50,-280.0,1,94.303,
01/01/2000,01:28:50.93,17.08,-60.51,-991.86,157.50,-621.25,-341.25,1,94.304,
01/01/2000,01:28:50.94,18.42,-60.76,-991.74,148.75,-551.25,-525.0,1,94.305,
01/01/2000,01:28:50.95,19.64,-61.0,-991.62,113.75,-595.0,-498.75,1,94.307,
01/01/2000,01:28:50.96,20.62,-60.88,-991.37,105.0,-770.0,-253.75,1,94.308,
01/01/2000,01:28:50.97,20.74,-60.88,-991.25,210.0,-700.0,-341.25,1,94.310,
01/01/2000,01:28:50.98,19.89,-60.63,-991.74,52.50,-752.50,-157.50,1,94.311,
01/01/2000,01:28:50.99,18.42,-60.63,-992.10,-26.25,-717.50,-148.75,1,94.312,
01/01/2000,01:28:51.00,16.47,-60.63,-992.35,262.50,-630.0,-332.50,1,94.291,
01/01/2000,01:28:51.01,16.10,-60.39,-992.59,105.0,-612.50,-498.75,1,94.292,
01/01/2000,01:28:51.02,16.59,-60.51,-992.47,280.0,-743.75,-446.25,1,94.293,
01/01/2000,01:28:51.03,18.06,-60.39,-991.49,175.0,-735.0,-507.50,1,94.295,
01/01/2000,01:28:51.04,19.52,-60.51,-991.13,131.25,-691.25,-288.75,1,94.296,
01/01/2000,01:28:51.06,21.11,-61.0,-990.88,166.25,-735.0,-315.0,1,94.298,
01/01/2000,01:28:51.07,20.62,-61.24,-991.13,105.0,-778.75,-201.25,1,94.299,
01/01/2000,01:28:51.08,19.52,-61.0,-991.86,236.25,-717.50,-323.75,1,94.277,
01/01/2000,01:28:51.09,18.54,-60.76,-992.35,175.0,-735.0,-437.50,1,94.279,
01/01/2000,01:28:51.10,18.06,-60.27,-992.47,113.75,-533.75,-420.0,1,94.280,
01/01/2000,01:28:51.11,17.69,-60.39,-992.47,148.75,-735.0,-271.25,1,94.282,
01/01/2000,01:28:51.12,18.06,-60.39,-992.10,-8.75,-691.25,-367.50,1,94.283,
01/01/2000,01:28:51.13,19.15,-60.76,-991.62,271.25,-717.50,-332.50,1,94.284,
01/01/2000,01:28:51.14,20.37,-60.76,-991.13,166.25,-770.0,-393.75,1,94.286,
01/01/2000,01:28:51.15,21.11,-61.12,-990.64,166.25,-743.75,-341.25,1,94.287,
01/01/2000,01:28:51.16,21.11,-61.0,-990.64,-43.75,-752.50,-245.0,1,94.289,
01/01/2000,01:28:51.17,19.89,-60.88,-991.13,201.25,-717.50,-192.50,1,94.290,
01/01/2000,01:28:51.18,18.42,-60.76,-991.74,262.50,-743.75,-87.50,1,94.291,
01/01/2000,01:28:51.19,17.08,-60.51,-992.59,192.50,-621.25,-402.50,1,94.293,
01/01/2000,01:28:51.21,16.35,-60.27,-993.08,148.75,-621.25,-350.0,1,94.294,
01/01/2000,01:28:51.22,16.59,-60.02,-992.84,201.25,-638.75,-323.75,1,94.295,
01/01/2000,01:28:51.23,18.06,-60.39,-992.35,87.50,-708.75,-455.0,1,94.297,
01/01/2000,01:28:51.24,19.40,-60.76,-991.62,61.25,-735.0,-498.75,1,94.298,
01/01/2000,01:28:51.25,20.25,-61.0,-991.13,131.25,-708.75,-376.25,1,94.300,
01/01/2000,01:28:51.26,20.62,-61.12,-990.88,166.25,-778.75,-218.75,1,94.301,
01/01/2000,01:28:51.27,20.25,-60.76,-991.25,52.50,-682.50,-245.0,1,94.302,
01/01/2000,01:28:51.28,19.40,-60.51,-991.74,280.0,-761.25,-315.0,1,94.304,
01/01/2000,01:28:51.29,18.30,-60.02,-992.84,140.0,-735.0,-315.0,1,94.282,
01/01/2000,01:28:51.30,18.06,-60.15,-993.08,35.0,-647.50,-306.25,1,94.284,
01/01/2000,01:28:51.31,18.18,-60.15,-993.08,166.25,-665.0,-253.75,1,94.285,
01/01/2000,01:28:51.32,18.42,-60.39,-992.96,175.0,-630.0,-472.50,1,94.286,
01/01/2000,01:28:51.33,19.15,-60.76,-991.98,122.50,-682.50,-297.50,1,94.288,
01/01/2000,01:28:51.34,19.64,-60.51,-991.37,113.75,-761.25,-288.75,1,94.289,
01/01/2000,01:28:51.35,19.76,-60.39,-990.88,87.50,-638.75,-306.25,1,94.291,
01/01/2000,01:28:51.37,19.15,-60.27,-990.76,52.50,-813.75,-306.25,1,94.292,
01/01/2000,01:28:51.38,18.54,-60.27,-991.37,210.0,-743.75,-376.25,1,94.293,
01/01/2000,01:28:51.39,18.06,-60.15,-992.59,70.0,-621.25,-288.75,1,94.295,
01/01/2000,01:28:51.40,17.45,-60.15,-992.59,210.0,-647.50,-411.25,1,94.296,
01/01/2000,01:28:51.41,17.81,-60.15,-992.35,131.25,-595.0,-393.75,1,94.298,
01/01/2000,01:28:51.42,18.54,-60.02,-991.86,227.50,-630.0,-350.0,1,94.299,
01/01/2000,01:28:51.43,19.52,-60.15,-990.88,61.25,-717.50,-210.0,1,94.300,
01/01/2000,01:28:51.44,20.01,-60.39,-990.64,341.25,-682.50,-367.50,1,94.302,
01/01/2000,01:28:51.45,20.50,-60.63,-990.64,236.25,-770.0,-341.25,1,94.303,
01/01/2000,01:28:51.46,20.37,-60.63,-991.01,140.0,-761.25,-358.75,1,94.304,
01/01/2000,01:28:51.47,20.01,-60.39,-991.49,166.25,-770.0,-271.25,1,94.306,
01/01/2000,01:28:51.48,19.15,-60.27,-992.10,236.25,-612.50,-350.0,1,94.307,
01/01/2000,01:28:51.49,18.54,-59.78,-992.59,113.75,-770.0,-218.75,1,94.309,
01/01/2000,01:28:51.50,17.93,-60.02,-992.84,61.25,-647.50,-315.0,1,94.287,
01/01/2000,01:28:51.51,17.93,-60.39,-992.59,262.50,-787.50,-306.25,1,94.288,
01/01/2000,01:28:51.52,18.18,-60.39,-992.10,122.50,-717.50,-525.0,1,94.290,
01/01/2000,01:28:51.53,18.79,-60.63,-991.74,227.50,-700.0,-376.25,1,94.291,
01/01/2000,01:28:51.54,19.40,-60.51,-991.37,122.50,-770.0,-297.50,1,94.293,
01/01/2000,01:28:51.55,19.03,-60.51,-991.62,210.0,-822.50,-288.75,1,94.294,
01/01/2000,01:28:51.57,18.06,-60.27,-992.35,105.0,-682.50,-341.25,1,94.295,
01/01/2000,01:28:51.58,17.08,-59.90,-992.84,122.50,-647.50,-358.75,1,94.274,
01/01/2000,01:28:51.59,17.20,-60.02,-993.08,105.0,-612.50,-393.75,1,94.275,
01/01/2000,01:28:51.60,17.57,-59.78,-992.84,166.25,-630.0,-350.0,1,94.277,
01/01/2000,01:28:51.61,18.91,-60.02,-991.98,96.25,-717.50,-341.25,1,94.278,
01/01/2000,01:28:51.62,19.76,-60.27,-991.37,367.50,-726.25,-428.75,1,94.280,
01/01/2000,01:28:51.63,20.37,-60.39,-991.01,8.75,-761.25,-341.25,1,94.281,
01/01/2000,01:28:51.65,20.50,-60.39,-991.01,140.0,-770.0,-367.50,1,94.282,
01/01/2000,01:28:51.66,20.01,-60.63,-991.37,87.50,-717.50,-271.25,1,94.284,
01/01/2000,01:28:51.67,19.28,-60.27,-991.86,175.0,-735.0,-201.25,1,94.285,
01/01/2000,01:28:51.68,18.67,-60.15,-992.47,105.0,-708.75,-455.0,1,94.286,
01/01/2000,01:28:51.69,18.06,-60.02,-992.71,87.50,-717.50,-323.75,1,94.288,
01/01/2000,01:28:51.70,18.06,-59.78,-992.84,113.75,-673.75,-376.25,1,94.289,
01/01/2000,01:28:51.71,18.30,-60.15,-992.59,323.75,-656.25,-341.25,1,94.291,
01/01/2000,01:28:51.72,19.03,-60.27,-991.86,271.25,-700.0,-367.50,1,94.292,
01/01/2000,01:28:51.73,19.76,-60.63,-991.13,113.75,-743.75,-332.50,1,94.293,
01/01/2000,01:28:51.74,19.76,-60.76,-991.13,192.50,-612.50,-315.0,1,94.295,
01/01/2000,01:28:51.75,19.52,-60.76,-991.49,122.50,-735.0,-245.0,1,94.296,
01/01/2000,01:28:51.76,18.42,-60.63,-992.23,183.75,-708.75,-332.50,1,94.297,
01/01/2000,01:28:51.77,17.57,-60.39,-993.20,105.0,-656.25,-385.0,1,94.299,
01/01/2000,01:28:51.78,17.20,-60.02,-993.32,105.0,-551.25,-481.25,1,94.300,
01/01/2000,01:28:51.79,17.81,-59.78,-992.71,236.25,-691.25,-253.75,1,94.302,
01/01/2000,01:28:51.80,19.03,-60.02,-992.23,210.0,-621.25,-420.0,1,94.303,
01/01/2000,01:28:51.81,20.01,-60.27,-991.62,175.0,-726.25,-306.25,1,94.304,
01/01/2000,01:28:51.82,20.50,-60.39,-991.25,157.50,-735.0,-262.50,1,94.306,
01/01/2000,01:28:51.83,20.01,-60.63,-991.13,113.75,-822.50,-227.50,1,94.307,
01/01/2000,01:28:51.84,19.28,-60.39,-991.25,105.0,-656.25,-341.25,1,94.308,
01/01/2000,01:28:51.85,18.54,-60.02,-991.98,140.0,-743.75,-385.0,1,94.287,
01/01/2000,01:28:51.86,18.06,-59.66,-992.35,131.25,-665.0,-367.50,1,94.288,
01/01/2000,01:28:51.87,17.93,-59.54,-992.59,43.75,-682.50,-280.0,1,94.290,
01/01/2000,01:28:51.88,18.30,-59.66,-992.35,43.75,-717.50,-236.25,1,94.291,
01/01/2000,01:28:51.90,18.79,-60.02,-991.86,183.75,-717.50,-376.25,1,94.293,
01/01/2000,01:28:51.91,19.15,-60.15,-991.25,122.50,-770.0,-341.25,1,94.294,
01/01/2000,01:28:51.92,19.76,-60.27,-990.88,183.75,-708.75,-367.50,1,94.295,
01/01/2000,01:28:51.93,19.76,-59.90,-990.52,131.25,-700.0,-105.0,1,94.297,
01/01/2000,01:28:51.94,19.28,-59.66,-990.76,8.75,-700.0,-253.75,1,94.298,
01/01/2000,01:28:51.95,18.06,-59.78,-992.10,148.75,-586.25,-288.75,1,94.299,
01/01/2000,01:28:51.96,17.45,-59.78,-992.71,140.0,-673.75,-358.75,1,94.301,
01/01/2000,01:28:51.97,17.20,-59.78,-992.84,271.25,-673.75,-271.25,1,94.302,
01/01/2000,01:28:51.98,17.69,-59.90,-992.71,201.25,-708.75,-350.0,1,94.303,
01/01/2000,01:28:51.99,18.30,-59.78,-992.10,-78.75,-717.50,-472.50,1,94.305,
01/01/2000,01:28:52.00,19.52,-59.90,-991.13,96.25,-630.0,-271.25,1,94.284,
01/01/2000,01:28:52.01,20.50,-60.02,-990.52,105.0,-691.25,-411.25,1,94.285,
01/01/2000,01:28:52.02,20.37,-60.02,-990.64,227.50,-656.25,-262.50,1,94.286,
01/01/2000,01:28:52.03,20.01,-60.02,-991.01,26.25,-805.0,-428.75,1,94.288,
01/01/2000,01:28:52.04,19.64,-59.78,-991.62,122.50,-612.50,-262.50,1,94.289,
01/01/2000,01:28:52.05,18.91,-59.54,-992.23,157.50,-770.0,-350.0,1,94.290,
01/01/2000,01:28:52.07,18.42,-59.29,-992.10,148.75,-568.75,-280.0,1,94.292,
01/01/2000,01:28:52.08,18.54,-59.54,-991.86,122.50,-743.75,-367.50,1,94.293,
01/01/2000,01:28:52.09,18.79,-59.66,-991.37,26.25,-665.0,-367.50,1,94.272,
01/01/2000,01:28:52.10,19.28,-60.02,-991.13,87.50,-638.75,-385.0,1,94.273,
01/01/2000,01:28:52.11,20.13,-60.02,-990.64,105.0,-735.0,-376.25,1,94.275,
01/01/2000,01:28:52.12,19.64,-60.27,-990.52,87.50,-761.25,-385.0,1,94.276,
01/01/2000,01:28:52.13,18.91,-60.27,-991.01,113.75,-726.25,-297.50,1,94.278,
01/01/2000,01:28:52.14,17.81,-60.27,-991.98,131.25,-708.75,0.0,1,94.279,
01/01/2000,01:28:52.15,17.20,-59.78,-992.59,96.25,-586.25,-437.50,1,94.280,
01/01/2000,01:28:52.16,17.32,-59.66,-992.84,227.50,-595.0,-490.0,1,94.282,
01/01/2000,01:28:52.17,18.06,-59.41,-992.59,192.50,-673.75,-682.50,1,94.283,
01/01/2000,01:28:52.18,18.79,-59.54,-992.10,253.75,-778.75,-236.25,1,94.284,
01/01/2000,01:28:52.19,19.76,-60.02,-991.25,175.0,-621.25,-271.25,1,94.286,
01/01/2000,01:28:52.20,20.13,-60.39,-990.88,113.75,-700.0,-350.0,1,94.287,
01/01/2000,01:28:52.22,20.25,-60.63,-990.76,17.50,-770.0,-455.0,1,94.288,
01/01/2000,01:28:52.23,20.01,-60.76,-991.01,157.50,-770.0,-455.0,1,94.290,
01/01/2000,01:28:52.24,19.52,-60.15,-991.49,96.25,-691.25,-411.25,1,94.291,
01/01/2000,01:28:52.25,18.79,-60.02,-992.10,70.0,-647.50,-201.25,1,94.293,
01/01/2000,01:28:52.26,18.42,-59.78,-992.47,201.25,-796.25,-183.75,1,94.294,
01/01/2000,01:28:52.27,17.93,-59.54,-992.84,210.0,-630.0,-201.25,1,94.295,
01/01/2000,01:28:52.28,17.81,-60.02,-992.84,140.0,-700.0,-358.75,1,94.297,
01/01/2000,01:28:52.29,18.42,-60.39,-992.47,105.0,-778.75,-420.0,1,94.298,
01/01/2000,01:28:52.30,18.91,-60.51,-991.86,210.0,-770.0,-481.25,1,94.299,
01/01/2000,01:28:52.31,19.52,-60.39,-991.62,87.50,-700.0,-376.25,1,94.301,
01/01/2000,01:28:52.32,19.28,-60.27,-991.49,201.25,-770.0,-183.75,1,94.302,
01/01/2000,01:28:52.33,18.79,-60.27,-991.86,166.25,-735.0,-341.25,1,94.303,
01/01/2000,01:28:52.34,17.93,-60.02,-992.23,140.0,-717.50,-288.75,1,94.305,
01/01/2000,01:28:52.35,17.57,-60.02,-992.47,113.75,-560.0,-551.25,1,94.284,
01/01/2000,01:28:52.36,17.81,-59.78,-992.71,105.0,-665.0,-402.50,1,94.285,
01/01/2000,01:28:52.37,18.30,-59.90,-992.35,166.25,-630.0,-358.75,1,94.286,
01/01/2000,01:28:52.38,18.91,-60.02,-991.74,148.75,-761.25,-245.0,1,94.288,
01/01/2000,01:28:52.39,19.28,-60.51,-991.37,105.0,-612.50,-297.50,1,94.289,
01/01/2000,01:28:52.40,19.15,-60.76,-991.86,122.50,-761.25,122.50,1,94.290,
01/01/2000,01:28:52.41,18.42,-60.88,-992.59,227.50,-778.75,-43.75,1,94.292,
01/01/2000,01:28:52.43,16.35,-60.27,-994.79,157.50,-726.25,280.0,1,94.293,
01/01/2000,01:28:52.44,14.40,-60.02,-996.25,96.25,-735.0,-533.75,1,94.295,
01/01/2000,01:28:52.45,12.69,-59.90,-998.20,78.75,-752.50,-1242.50,1,94.296,
01/01/2000,01:28:52.46,11.47,-59.54,-998.94,210.0,-551.25,-717.50,1,94.297,
01/01/2000,01:28:52.47,11.59,-59.66,-998.69,157.50,-708.75,-87.50,1,94.299,
01/01/2000,01:28:52.48,12.57,-60.02,-997.59,210.0,-638.75,-227.50,1,94.300,
01/01/2000,01:28:52.49,14.40,-60.27,-995.52,113.75,-656.25,-210.0,1,94.301,
01/01/2000,01:28:52.50,15.25,-60.76,-994.30,157.50,-770.0,-262.50,1,94.303,
01/01/2000,01:28:52.51,15.13,-61.0,-994.18,227.50,-726.25,-428.75,1,94.304,
01/01/2000,01:28:52.52,14.15,-61.0,-995.64,148.75,-866.25,-297.50,1,94.305,
01/01/2000,01:28:52.53,12.93,-60.63,-997.84,52.50,-673.75,61.25,1,94.307,
01/01/2000,01:28:52.54,11.22,-60.51,-1000.16,218.75,-656.25,-262.50,1,94.308,
01/01/2000,01:28:52.55,9.39,-60.15,-1002.72,113.75,-656.25,-577.50,1,94.309,
01/01/2000,01:28:52.57,7.69,-59.66,-1002.60,262.50,-612.50,-411.25,1,94.288,
01/01/2000,01:28:52.58,9.15,-59.54,-999.91,8.75,-691.25,-437.50,1,94.290,
01/01/2000,01:28:52.59,10.98,-60.15,-997.84,262.50,-656.25,-568.75,1,94.291,
01/01/2000,01:28:52.60,12.93,-60.51,-996.25,113.75,-673.75,-481.25,1,94.292,
01/01/2000,01:28:52.61,14.88,-61.12,-995.28,35.0,-735.0,-183.75,1,94.294,
01/01/2000,01:28:52.62,16.23,-61.12,-995.03,236.25,-691.25,-105.0,1,94.295,
01/01/2000,01:28:52.63,14.88,-61.0,-995.15,166.25,-752.50,61.25,1,94.296,
01/01/2000,01:28:52.64,13.66,-60.27,-996.01,236.25,-708.75,-332.50,1,94.276,
01/01/2000,01:28:52.65,12.08,-59.66,-996.98,183.75,-630.0,-420.0,1,94.277,
01/01/2000,01:28:52.66,12.69,-59.66,-997.35,245.0,-481.25,-595.0,1,94.278,
01/01/2000,01:28:52.67,14.15,-59.29,-996.98,113.75,-568.75,-717.50,1,94.280,
01/01/2000,01:28:52.68,15.86,-59.29,-995.76,26.25,-612.50,-26.25,1,94.281,
01/01/2000,01:28:52.69,16.96,-60.02,-993.32,297.50,-752.50,-61.25,1,94.282,
01/01/2000,01:28:52.70,16.96,-60.51,-992.35,140.0,-735.0,-183.75,1,94.284,
01/01/2000,01:28:52.71,16.59,-61.0,-992.59,297.50,-848.75,-577.50,1,94.285,
01/01/2000,01:28:52.72,16.71,-60.76,-993.45,175.0,-682.50,-612.50,1,94.286,
01/01/2000,01:28:52.73,16.96,-59.41,-994.42,201.25,-726.25,-393.75,1,94.288,
01/01/2000,01:28:52.74,17.08,-59.05,-994.18,166.25,-630.0,-253.75,1,94.289,
01/01/2000,01:28:52.75,17.20,-58.80,-993.45,297.50,-638.75,-227.50,1,94.290,
01/01/2000,01:28:52.76,17.20,-59.05,-992.71,175.0,-813.75,-140.0,1,94.292,
01/01/2000,01:28:52.78,17.69,-60.27,-992.35,192.50,-761.25,-367.50,1,94.293,
01/01/2000,01:28:52.79,18.06,-60.76,-992.59,218.75,-691.25,-402.50,1,94.294,
01/01/2000,01:28:52.80,18.06,-61.0,-992.84,131.25,-691.25,-490.0,1,94.296,
01/01/2000,01:28:52.81,18.06,-60.63,-992.84,227.50,-682.50,-490.0,1,94.297,
01/01/2000,01:28:52.82,17.81,-59.41,-992.47,122.50,-796.25,-350.0,1,94.298,
01/01/2000,01:28:52.83,18.06,-58.93,-992.23,131.25,-656.25,-288.75,1,94.300,
01/01/2000,01:28:52.84,18.30,-59.05,-992.35,253.75,-621.25,-122.50,1,94.301,
01/01/2000,01:28:52.85,18.79,-59.78,-992.47,35.0,-700.0,-376.25,1,94.302,
01/01/2000,01:28:52.86,18.67,-60.51,-992.47,315.0,-735.0,-376.25,1,94.304,
01/01/2000,01:28:52.87,18.42,-60.88,-992.10,306.25,-665.0,-630.0,1,94.305,
01/01/2000,01:28:52.88,18.30,-60.51,-991.74,87.50,-700.0,-411.25,1,94.306,
01/01/2000,01:28:52.89,18.54,-60.02,-991.86,140.0,-603.75,-350.0,1,94.308,
01/01/2000,01:28:52.90,18.79,-59.54,-992.10,175.0,-761.25,-280.0,1,94.309,
01/01/2000,01:28:52.91,18.54,-59.29,-992.35,210.0,-682.50,-201.25,1,94.288,
01/01/2000,01:28:52.92,18.30,-59.78,-992.23,157.50,-770.0,-385.0,1,94.290,
01/01/2000,01:28:52.93,18.42,-60.39,-992.10,78.75,-560.0,-280.0,1,94.291,
01/01/2000,01:28:52.94,18.42,-60.63,-991.86,87.50,-726.25,-455.0,1,94.292,
01/01/2000,01:28:52.95,18.67,-60.63,-991.74,183.75,-673.75,-376.25,1,94.294,
01/01/2000,01:28:52.96,18.67,-60.27,-991.49,140.0,-717.50,-315.0,1,94.295,
01/01/2000,01:28:52.97,18.54,-59.78,-991.49,140.0,-752.50,-245.0,1,94.296,
01/01/2000,01:28:52.99,18.54,-59.54,-991.74,-17.50,-612.50,-288.75,1,94.298,
01/01/2000,01:28:53.00,18.42,-59.54,-991.98,227.50,-638.75,-253.75,1,94.299,
01/01/2000,01:28:53.01,18.54,-59.78,-991.98,113.75,-708.75,-245.0,1,94.300,
01/01/2000,01:28:53.02,18.18,-60.02,-992.23,105.0,-778.75,-297.50,1,94.302,
01/01/2000,01:28:53.03,18.18,-60.63,-993.81,157.50,-778.75,-437.50,1,94.303,
01/01/2000,01:28:53.04,19.64,-60.88,-996.50,210.0,-656.25,-542.50,1,94.304,
01/01/2000,01:28:53.05,20.01,-60.63,-997.84,262.50,-743.75,-411.25,1,94.306,
01/01/2000,01:28:53.06,20.01,-60.02,-999.06,166.25,-735.0,-402.50,1,94.307,
01/01/2000,01:28:53.07,20.25,-59.78,-999.30,201.25,-761.25,-262.50,1,94.308,
01/01/2000,01:28:53.08,20.01,-59.78,-999.30,157.50,-813.75,-350.0,1,94.310,
01/01/2000,01:28:53.10,19.64,-60.39,-998.94,280.0,-761.25,-332.50,1,94.289,
01/01/2000,01:28:53.11,18.54,-61.0,-998.45,148.75,-770.0,-323.75,1,94.290,
01/01/2000,01:28:53.12,17.93,-60.88,-998.45,245.0,-813.75,-472.50,1,94.292,
01/01/2000,01:28:53.13,17.81,-60.63,-1000.16,122.50,-822.50,-533.75,1,94.293,
01/01/2000,01:28:53.14,18.42,-60.27,-1001.99,148.75,-586.25,-542.50,1,94.294,
01/01/2000,01:28:53.15,19.03,-60.15,-1003.82,122.50,-700.0,-490.0,1,94.296,
01/01/2000,01:28:53.16,19.40,-60.27,-1005.28,280.0,-682.50,-323.75,1,94.297,
01/01/2000,01:28:53.17,19.28,-60.27,-1005.52,341.25,-630.0,-131.25,1,94.298,
01/01/2000,01:28:53.18,18.42,-60.39,-1004.06,175.0,-525.0,-131.25,1,94.300,
01/01/2000,01:28:53.19,18.06,-60.63,-1002.35,218.75,-700.0,-210.0,1,94.301,
01/01/2000,01:28:53.20,18.06,-60.76,-1000.64,262.50,-665.0,-673.75,1,94.302,
01/01/2000,01:28:53.21,18.67,-60.63,-998.94,210.0,-778.75,-455.0,1,94.304,
01/01/2000,01:28:53.22,19.28,-60.63,-998.69,140.0,-796.25,-157.50,1,94.305,
01/01/2000,01:28:53.23,19.89,-60.63,-998.81,-8.75,-691.25,-411.25,1,94.306,
01/01/2000,01:28:53.24,20.01,-60.51,-999.30,131.25,-560.0,-227.50,1,94.308,
01/01/2000,01:28:53.25,20.25,-60.39,-999.67,288.75,-717.50,-245.0,1,94.309,
01/01/2000,01:28:53.26,19.52,-60.27,-999.67,70.0,-577.50,-157.50,1,94.288,
01/01/2000,01:28:53.27,18.79,-60.51,-998.81,350.0,-630.0,-385.0,1,94.290,
01/01/2000,01:28:53.28,18.54,-60.27,-997.84,140.0,-682.50,-533.75,1,94.291,
01/01/2000,01:28:53.29,18.67,-60.39,-996.74,175.0,-542.50,-367.50,1,94.292,
01/01/2000,01:28:53.30,18.79,-60.39,-995.40,253.75,-673.75,-332.50,1,94.294,
01/01/2000,01:28:53.31,19.03,-60.27,-993.93,52.50,-700.0,-201.25,1,94.295,
01/01/2000,01:28:53.32,19.03,-60.39,-993.32,367.50,-656.25,-385.0,1,94.296,
01/01/2000,01:28:53.34,19.03,-60.27,-993.32,175.0,-673.75,-393.75,1,94.298,
01/01/2000,01:28:53.35,19.03,-60.27,-993.69,218.75,-665.0,-271.25,1,94.299,
01/01/2000,01:28:53.36,18.91,-60.15,-993.81,140.0,-717.50,-402.50,1,94.300,
01/01/2000,01:28:53.37,18.67,-60.15,-993.81,210.0,-726.25,-306.25,1,94.302,
01/01/2000,01:28:53.38,18.54,-59.78,-993.32,288.75,-708.75,-472.50,1,94.303,
01/01/2000,01:28:53.39,17.81,-60.15,-992.59,315.0,-708.75,-148.75,1,94.304,
01/01/2000,01:28:53.40,17.69,-60.15,-991.74,183.75,-700.0,-323.75,1,94.306,
01/01/2000,01:28:53.41,18.18,-60.27,-991.37,280.0,-726.25,-577.50,1,94.307,
01/01/2000,01:28:53.42,19.15,-60.27,-991.86,175.0,-813.75,-787.50,1,94.308,
01/01/2000,01:28:53.43,19.76,-60.15,-993.08,253.75,-726.25,-376.25,1,94.288,
01/01/2000,01:28:53.44,20.37,-60.15,-993.32,157.50,-778.75,-315.0,1,94.311,
01/01/2000,01:28:53.45,20.01,-59.78,-993.32,148.75,-656.25,-332.50,1,94.290,
01/01/2000,01:28:53.46,19.52,-59.54,-993.08,166.25,-735.0,-218.75,1,94.292,
01/01/2000,01:28:53.48,18.79,-59.78,-992.35,192.50,-726.25,-393.75,1,94.293,
01/01/2000,01:28:53.49,18.79,-59.78,-992.35,218.75,-743.75,-516.25,1,94.294,
01/01/2000,01:28:53.50,19.03,-60.27,-992.47,367.50,-691.25,-490.0,1,94.296,
01/01/2000,01:28:53.51,19.28,-60.39,-992.47,105.0,-708.75,-428.75,1,94.297,
01/01/2000,01:28:53.52,19.03,-60.15,-992.35,271.25,-612.50,-350.0,1,94.298,
01/01/2000,01:28:53.53,18.79,-59.66,-992.10,43.75,-717.50,-245.0,1,94.300,
01/01/2000,01:28:53.54,18.67,-59.66,-991.62,245.0,-665.0,-350.0,1,94.301,
01/01/2000,01:28:53.55,18.54,-59.78,-991.37,253.75,-551.25,-411.25,1,94.302,
01/01/2000,01:28:53.56,19.03,-60.15,-991.62,245.0,-647.50,-446.25,1,94.304,
01/01/2000,01:28:53.57,19.52,-60.27,-991.86,148.75,-717.50,-490.0,1,94.305,
01/01/2000,01:28:53.58,19.76,-60.15,-992.35,297.50,-761.25,-717.50,1,94.306,
01/01/2000,01:28:53.59,19.64,-60.39,-992.23,175.0,-577.50,-236.25,1,94.307,
01/01/2000,01:28:53.60,18.18,-59.66,-990.15,166.25,-656.25,-446.25,1,94.287,
01/01/2000,01:28:53.62,17.69,-59.66,-989.91,192.50,-743.75,-341.25,1,94.288,
01/01/2000,01:28:53.63,18.18,-59.78,-990.64,131.25,-665.0,-332.50,1,94.290,
01/01/2000,01:28:53.64,19.40,-60.63,-992.84,122.50,-708.75,-140.0,1,94.291,
01/01/2000,01:28:53.65,20.01,-60.63,-993.81,78.75,-551.25,-385.0,1,94.292,
01/01/2000,01:28:53.66,20.01,-60.88,-994.06,332.50,-700.0,-148.75,1,94.294,
01/01/2000,01:28:53.67,19.52,-60.39,-993.32,105.0,-673.75,-253.75,1,94.295,
01/01/2000,01:28:53.68,18.91,-59.66,-991.62,288.75,-656.25,-227.50,1,94.296,
01/01/2000,01:28:53.69,18.91,-59.54,-991.01,0.0,-752.50,-341.25,1,94.298,
01/01/2000,01:28:53.70,19.15,-60.02,-990.88,131.25,-682.50,-385.0,1,94.299,
01/01/2000,01:28:53.71,19.28,-60.15,-991.86,183.75,-778.75,-315.0,1,94.300,
01/01/2000,01:28:53.72,19.52,-60.76,-992.59,280.0,-682.50,-358.75,1,94.301,
01/01/2000,01:28:53.73,19.40,-60.76,-993.08,105.0,-691.25,-376.25,1,94.303,
01/01/2000,01:28:53.74,18.79,-60.76,-993.08,245.0,-691.25,-411.25,1,94.304,
01/01/2000,01:28:53.75,18.30,-60.27,-992.84,166.25,-691.25,-227.50,1,94.305,
01/01/2000,01:28:53.76,17.69,-59.90,-991.98,332.50,-638.75,-288.75,1,94.307,
01/01/2000,01:28:53.77,17.57,-59.78,-991.62,227.50,-717.50,-385.0,1,94.308,
01/01/2000,01:28:53.78,18.18,-59.78,-991.37,192.50,-708.75,-288.75,1,94.309,
01/01/2000,01:28:53.79,18.54,-60.39,-990.88,271.25,-770.0,-437.50,1,94.311,
01/01/2000,01:28:53.80,18.54,-60.51,-990.27,35.0,-743.75,-358.75,1,94.312,
01/01/2000,01:28:53.81,18.42,-60.63,-989.54,192.50,-595.0,-446.25,1,94.313,
01/01/2000,01:28:53.82,18.18,-60.39,-989.42,288.75,-778.75,-341.25,1,94.315,
01/01/2000,01:28:53.83,18.67,-60.02,-990.52,218.75,-822.50,-367.50,1,94.294,
01/01/2000,01:28:53.84,19.15,-60.15,-991.98,8.75,-638.75,-411.25,1,94.296,
01/01/2000,01:28:53.85,20.01,-60.27,-993.57,113.75,-577.50,-253.75,1,94.297,
01/01/2000,01:28:53.86,19.76,-60.15,-993.81,148.75,-656.25,-306.25,1,94.298,
01/01/2000,01:28:53.87,19.03,-60.27,-993.08,183.75,-691.25,-385.0,1,94.299,
01/01/2000,01:28:53.88,18.42,-60.27,-992.10,131.25,-665.0,-280.0,1,94.301,
01/01/2000,01:28:53.90,18.06,-60.39,-990.88,122.50,-700.0,-288.75,1,94.302,
01/01/2000,01:28:53.91,18.42,-60.63,-991.37,201.25,-682.50,-402.50,1,94.303,
01/01/2000,01:28:53.92,19.15,-60.51,-992.10,78.75,-656.25,-376.25,1,94.305,
01/01/2000,01:28:53.93,19.15,-60.51,-992.59,113.75,-700.0,-393.75,1,94.306,
01/01/2000,01:28:53.94,19.28,-60.02,-992.47,148.75,-647.50,-498.75,1,94.307,
01/01/2000,01:28:53.95,19.03,-59.90,-992.10,157.50,-691.25,-253.75,1,94.309,
01/01/2000,01:28:53.96,18.91,-59.78,-991.37,201.25,-665.0,-280.0,1,94.310,
01/01/2000,01:28:53.97,18.79,-59.90,-990.76,253.75,-700.0,-288.75,1,94.290,
01/01/2000,01:28:53.98,19.03,-60.02,-990.40,166.25,-665.0,-341.25,1,94.312,
01/01/2000,01:28:53.99,19.15,-60.51,-990.15,315.0,-770.0,-306.25,1,94.292,
01/01/2000,01:28:54.00,19.03,-60.63,-990.15,210.0,-743.75,-385.0,1,94.294,
01/01/2000,01:28:54.01,18.79,-60.63,-989.91,201.25,-656.25,-376.25,1,94.295,
01/01/2000,01:28:54.02,18.67,-60.27,-989.91,8.75,-673.75,-472.50,1,94.296,
01/01/2000,01:28:54.03,18.67,-60.15,-990.52,166.25,-612.50,-183.75,1,94.297,
01/01/2000,01:28:54.05,19.28,-60.27,-992.10,262.50,-735.0,-306.25,1,94.299,
01/01/2000,01:28:54.06,19.89,-60.63,-993.08,105.0,-743.75,-411.25,1,94.300,
01/01/2000,01:28:54.07,20.01,-60.76,-993.69,201.25,-778.75,-201.25,1,94.301,
01/01/2000,01:28:54.08,19.89,-60.88,-993.57,280.0,-700.0,-446.25,1,94.303,
01/01/2000,01:28:54.09,19.89,-60.39,-992.84,61.25,-691.25,-350.0,1,94.304,
01/01/2000,01:28:54.10,19.52,-60.39,-991.74,315.0,-665.0,-306.25,1,94.305,
01/01/2000,01:28:54.11,18.67,-60.27,-990.64,306.25,-717.50,-315.0,1,94.285,
01/01/2000,01:28:54.13,18.54,-60.39,-990.76,87.50,-735.0,-437.50,1,94.286,
01/01/2000,01:28:54.14,18.30,-60.76,-991.62,245.0,-840.0,-245.0,1,94.288,
01/01/2000,01:28:54.15,18.30,-60.88,-992.23,227.50,-638.75,-288.75,1,94.289,
01/01/2000,01:28:54.16,18.30,-60.88,-992.59,131.25,-673.75,-376.25,1,94.290,
01/01/2000,01:28:54.17,18.30,-60.76,-992.71,262.50,-700.0,-358.75,1,94.292,
01/01/2000,01:28:54.18,18.42,-60.39,-992.59,218.75,-717.50,-358.75,1,94.293,
01/01/2000,01:28:54.19,18.42,-60.51,-992.35,201.25,-638.75,-288.75,1,94.294,
01/01/2000,01:28:54.20,18.42,-60.27,-991.86,201.25,-691.25,-210.0,1,94.295,
01/01/2000,01:28:54.21,18.18,-60.51,-990.64,192.50,-735.0,-350.0,1,94.297,
01/01/2000,01:28:54.22,17.93,-60.63,-989.66,157.50,-726.25,-385.0,1,94.298,
01/01/2000,01:28:54.23,17.69,-60.51,-989.30,227.50,-700.0,-402.50,1,94.299,
01/01/2000,01:28:54.24,18.18,-60.63,-989.79,140.0,-691.25,-376.25,1,94.301,
01/01/2000,01:28:54.25,19.28,-60.88,-991.62,253.75,-831.25,-402.50,1,94.302,
01/01/2000,01:28:54.26,19.76,-60.88,-993.08,43.75,-682.50,-516.25,1,94.303,
01/01/2000,01:28:54.27,20.01,-60.88,-994.30,245.0,-586.25,-140.0,1,94.305,
01/01/2000,01:28:54.28,19.76,-60.39,-994.67,218.75,-630.0,-367.50,1,94.306,
01/01/2000,01:28:54.29,19.28,-60.39,-993.69,-8.75,-717.50,-227.50,1,94.307,
01/01/2000,01:28:54.30,18.42,-60.51,-992.47,210.0,-673.75,-280.0,1,94.308,
01/01/2000,01:28:54.31,17.81,-60.63,-991.49,288.75,-708.75,-280.0,1,94.310,
01/01/2000,01:28:54.32,17.93,-60.76,-990.88,288.75,-656.25,-393.75,1,94.311,
01/01/2000,01:28:54.33,18.54,-61.0,-991.13,87.50,-743.75,-376.25,1,94.312,
01/01/2000,01:28:54.34,19.03,-61.12,-991.74,131.25,-568.75,-402.50,1,94.314,
01/01/2000,01:28:54.35,19.40,-61.0,-992.35,271.25,-770.0,-402.50,1,94.315,
01/01/2000,01:28:54.36,19.40,-60.39,-992.84,87.50,-735.0,-315.0,1,94.316,
01/01/2000,01:28:54.37,19.28,-60.02,-992.96,157.50,-700.0,-315.0,1,94.317,
01/01/2000,01:28:54.38,19.03,-60.02,-992.59,87.50,-673.75,-280.0,1,94.319,
01/01/2000,01:28:54.39,18.79,-60.51,-992.35,183.75,-700.0,-411.25,1,94.299,
01/01/2000,01:28:54.40,18.67,-60.76,-992.23,61.25,-752.50,-367.50,1,94.300,
01/01/2000,01:28:54.41,18.54,-60.76,-991.74,183.75,-691.25,-271.25,1,94.301,
01/01/2000,01:28:54.42,17.57,-60.63,-990.76,52.50,-630.0,-420.0,1,94.303,
01/01/2000,01:28:54.43,17.20,-60.27,-989.66,236.25,-717.50,-455.0,1,94.304,
01/01/2000,01:28:54.44,17.81,-60.15,-990.03,87.50,-708.75,-472.50,1,94.305,
01/01/2000,01:28:54.45,18.91,-60.27,-991.62,157.50,-831.25,-376.25,1,94.306,
01/01/2000,01:28:54.47,20.25,-60.76,-994.54,35.0,-726.25,-385.0,1,94.308,
01/01/2000,01:28:54.48,20.13,-61.0,-995.40,271.25,-630.0,-297.50,1,94.309,
01/01/2000,01:28:54.49,19.52,-60.51,-994.67,-17.50,-595.0,-280.0,1,94.310,
01/01/2000,01:28:54.50,18.18,-60.39,-993.32,297.50,-621.25,-236.25,1,94.312,
01/01/2000,01:28:54.51,17.81,-60.02,-992.10,210.0,-638.75,-280.0,1,94.313,
01/01/2000,01:28:54.52,17.93,-59.90,-991.37,148.75,-805.0,-358.75,1,94.314,
01/01/2000,01:28:54.53,19.15,-60.39,-991.13,332.50,-813.75,-341.25,1,94.294,
01/01/2000,01:28:54.54,19.76,-60.76,-991.49,87.50,-717.50,-332.50,1,94.295,
01/01/2000,01:28:54.55,20.01,-61.0,-992.10,245.0,-682.50,-306.25,1,94.297,
01/01/2000,01:28:54.56,19.40,-60.76,-992.47,245.0,-726.25,-420.0,1,94.298,
01/01/2000,01:28:54.57,18.67,-60.51,-992.71,140.0,-560.0,-411.25,1,94.299,
01/01/2000,01:28:54.58,18.18,-60.27,-992.71,140.0,-708.75,-411.25,1,94.301,
01/01/2000,01:28:54.59,17.69,-60.02,-992.59,175.0,-691.25,-350.0,1,94.302,
01/01/2000,01:28:54.61,17.57,-60.02,-992.10,43.75,-665.0,-236.25,1,94.303,
01/01/2000,01:28:54.62,17.69,-60.63,-990.64,122.50,-708.75,-253.75,1,94.304,
01/01/2000,01:28:54.63,17.57,-60.88,-989.54,236.25,-743.75,-507.50,1,94.306,
01/01/2000,01:28:54.64,17.93,-61.0,-989.18,78.75,-708.75,-463.75,1,94.307,
01/01/2000,01:28:54.65,18.54,-60.88,-990.40,175.0,-743.75,-402.50,1,94.308,
01/01/2000,01:28:54.66,19.64,-60.76,-991.98,157.50,-866.25,-393.75,1,94.288,
01/01/2000,01:28:54.67,19.89,-60.63,-993.69,262.50,-700.0,-402.50,1,94.311,
01/01/2000,01:28:54.68,19.76,-60.63,-994.79,87.50,-665.0,-350.0,1,94.291,
01/01/2000,01:28:54.69,18.91,-60.63,-994.42,35.0,-708.75,-227.50,1,94.292,
01/01/2000,01:28:54.70,18.30,-60.63,-993.57,192.50,-621.25,-175.0,1,94.293,
01/01/2000,01:28:54.71,18.06,-60.63,-992.59,52.50,-691.25,-350.0,1,94.295,
01/01/2000,01:28:54.72,18.54,-61.0,-992.10,192.50,-621.25,-393.75,1,94.296,
01/01/2000,01:28:54.73,18.79,-61.0,-992.10,131.25,-848.75,-376.25,1,94.297,
01/01/2000,01:28:54.74,19.40,-61.24,-992.35,192.50,-752.50,-428.75,1,94.299,
01/01/2000,01:28:54.75,19.64,-61.24,-992.47,210.0,-708.75,-306.25,1,94.300,
01/01/2000,01:28:54.76,19.40,-60.88,-992.47,192.50,-700.0,-341.25,1,94.301,
01/01/2000,01:28:54.77,18.67,-60.51,-992.10,131.25,-796.25,-271.25,1,94.302,
01/01/2000,01:28:54.79,18.42,-60.39,-991.62,262.50,-630.0,-297.50,1,94.304,
01/01/2000,01:28:54.79,18.18,-60.51,-991.25,166.25,-656.25,-420.0,1,94.305,
01/01/2000,01:28:54.81,18.42,-60.63,-991.13,280.0,-743.75,-402.50,1,94.306,
01/01/2000,01:28:54.82,18.91,-61.0,-990.88,210.0,-778.75,-568.75,1,94.307,
01/01/2000,01:28:54.83,18.67,-61.0,-990.64,122.50,-743.75,-280.0,1,94.309,
01/01/2000,01:28:54.84,18.79,-61.0,-990.03,315.0,-673.75,-428.75,1,94.310,
01/01/2000,01:28:54.85,18.67,-60.88,-989.79,315.0,-656.25,-297.50,1,94.311,
01/01/2000,01:28:54.86,18.91,-60.51,-990.52,43.75,-778.75,-428.75,1,94.313,
01/01/2000,01:28:54.87,19.28,-60.76,-991.86,175.0,-761.25,-332.50,1,94.314,
01/01/2000,01:28:54.88,19.52,-60.63,-992.96,113.75,-673.75,-420.0,1,94.315,
01/01/2000,01:28:54.89,19.28,-61.0,-994.06,122.50,-665.0,-183.75,1,94.316,
01/01/2000,01:28:54.90,19.15,-60.76,-994.06,218.75,-638.75,-420.0,1,94.318,
01/01/2000,01:28:54.91,18.79,-60.76,-993.08,236.25,-568.75,-306.25,1,94.319,
01/01/2000,01:28:54.92,18.67,-60.27,-992.23,131.25,-761.25,-341.25,1,94.320,
01/01/2000,01:28:54.93,18.79,-60.76,-991.49,323.75,-743.75,-297.50,1,94.321,
01/01/2000,01:28:54.94,19.03,-60.88,-991.37,166.25,-752.50,-367.50,1,94.323,
01/01/2000,01:28:54.95,19.40,-61.12,-991.74,227.50,-700.0,-393.75,1,94.303,
01/01/2000,01:28:54.96,19.28,-61.24,-991.74,105.0,-682.50,-367.50,1,94.304,
01/01/2000,01:28:54.97,18.54,-61.0,-991.74,183.75,-717.50,-297.50,1,94.305,
01/01/2000,01:28:54.98,18.30,-60.51,-991.86,183.75,-638.75,-402.50,1,94.307,
01/01/2000,01:28:54.99,18.30,-60.63,-992.10,166.25,-621.25,-262.50,1,94.308,
01/01/2000,01:28:55.00,18.54,-60.51,-992.35,0.0,-708.75,-262.50,1,94.309,
01/01/2000,01:28:55.02,18.67,-60.88,-992.47,157.50,-621.25,-280.0,1,94.311,
01/01/2000,01:28:55.03,18.42,-61.0,-991.49,236.25,-726.25,-367.50,1,94.312,
01/01/2000,01:28:55.04,18.42,-61.0,-990.40,201.25,-647.50,-446.25,1,94.313,
01/01/2000,01:28:55.05,18.54,-60.63,-990.15,105.0,-726.25,-367.50,1,94.314,
01/01/2000,01:28:55.06,18.91,-61.0,-990.40,288.75,-770.0,-463.75,1,94.316,
01/01/2000,01:28:55.07,19.64,-60.76,-992.10,43.75,-673.75,-350.0,1,94.317,
01/01/2000,01:28:55.08,20.13,-61.0,-993.32,122.50,-726.25,-280.0,1,94.318,
01/01/2000,01:28:55.09,19.28,-60.88,-993.57,210.0,-726.25,-288.75,1,94.298,
01/01/2000,01:28:55.10,18.42,-60.76,-993.32,201.25,-656.25,-358.75,1,94.300,
01/01/2000,01:28:55.11,18.06,-60.76,-992.71,201.25,-691.25,-376.25,1,94.301,
01/01/2000,01:28:55.12,18.18,-60.63,-992.35,210.0,-682.50,-463.75,1,94.302,
01/01/2000,01:28:55.14,18.54,-61.0,-992.23,140.0,-700.0,-323.75,1,94.304,
01/01/2000,01:28:55.15,19.03,-61.12,-992.10,175.0,-682.50,-411.25,1,94.305,
01/01/2000,01:28:55.16,19.28,-61.12,-992.23,166.25,-621.25,-411.25,1,94.306,
01/01/2000,01:28:55.17,19.15,-61.0,-992.35,183.75,-708.75,-350.0,1,94.307,
01/01/2000,01:28:55.18,18.67,-60.76,-991.98,105.0,-700.0,-262.50,1,94.309,
01/01/2000,01:28:55.19,18.18,-60.51,-991.62,140.0,-831.25,-341.25,1,94.310,
01/01/2000,01:28:55.20,18.18,-60.51,-991.62,183.75,-691.25,-306.25,1,94.311,
01/01/2000,01:28:55.21,18.30,-60.76,-991.86,253.75,-796.25,-332.50,1,94.312,
01/01/2000,01:28:55.22,18.67,-60.76,-992.35,192.50,-717.50,-332.50,1,94.314,
01/01/2000,01:28:55.23,18.06,-61.0,-991.62,288.75,-717.50,-323.75,1,94.315,
01/01/2000,01:28:55.24,17.93,-60.76,-990.88,236.25,-700.0,-437.50,1,94.316,
01/01/2000,01:28:55.25,18.18,-61.0,-990.88,-43.75,-761.25,-472.50,1,94.317,
01/01/2000,01:28:55.26,18.91,-61.24,-991.98,175.0,-665.0,-367.50,1,94.319,
01/01/2000,01:28:55.27,19.40,-61.24,-993.20,183.75,-700.0,-306.25,1,94.320,
01/01/2000,01:28:55.28,19.52,-61.24,-993.93,166.25,-735.0,-393.75,1,94.321,
01/01/2000,01:28:55.29,19.15,-61.12,-993.93,78.75,-656.25,-297.50,1,94.322,
01/01/2000,01:28:55.30,18.42,-60.76,-993.08,17.50,-708.75,-358.75,1,94.303,
01/01/2000,01:28:55.31,18.18,-60.76,-992.59,306.25,-726.25,-236.25,1,94.304,
01/01/2000,01:28:55.32,18.67,-61.0,-992.59,96.25,-822.50,-297.50,1,94.305,
01/01/2000,01:28:55.33,19.03,-61.37,-992.96,245.0,-665.0,-332.50,1,94.307,
01/01/2000,01:28:55.35,19.76,-61.24,-993.57,192.50,-647.50,-341.25,1,94.308,
01/01/2000,01:28:55.35,19.64,-61.49,-993.08,262.50,-787.50,-385.0,1,94.309,
01/01/2000,01:28:55.37,19.28,-60.76,-992.59,113.75,-665.0,-376.25,1,94.310,
01/01/2000,01:28:55.38,18.54,-60.88,-991.37,297.50,-743.75,-332.50,1,94.312,
01/01/2000,01:28:55.39,18.54,-60.51,-990.88,78.75,-665.0,-376.25,1,94.313,
01/01/2000,01:28:55.40,18.30,-61.0,-991.01,245.0,-717.50,-385.0,1,94.314,
01/01/2000,01:28:55.41,18.54,-61.0,-991.25,-35.0,-708.75,-271.25,1,94.315,
01/01/2000,01:28:55.42,18.54,-61.37,-991.49,227.50,-665.0,-420.0,1,94.317,
01/01/2000,01:28:55.43,18.42,-61.12,-991.49,52.50,-647.50,-341.25,1,94.318,
01/01/2000,01:28:55.44,18.18,-61.24,-991.13,245.0,-673.75,-262.50,1,94.319,
01/01/2000,01:28:55.45,18.30,-60.88,-991.13,166.25,-831.25,-411.25,1,94.300,
01/01/2000,01:28:55.46,18.54,-61.0,-991.86,323.75,-673.75,-376.25,1,94.301,
01/01/2000,01:28:55.47,19.28,-61.24,-993.08,183.75,-665.0,-332.50,1,94.302,
01/01/2000,01:28:55.48,19.28,-61.24,-993.45,157.50,-673.75,-376.25,1,94.303,
01/01/2000,01:28:55.49,19.28,-61.24,-993.32,210.0,-621.25,-393.75,1,94.305,
01/01/2000,01:28:55.50,18.91,-61.24,-992.84,140.0,-638.75,-315.0,1,94.306,
01/01/2000,01:28:55.52,18.67,-60.88,-991.86,87.50,-673.75,-402.50,1,94.307,
01/01/2000,01:28:55.53,18.54,-61.0,-991.98,175.0,-717.50,-490.0,1,94.308,
01/01/2000,01:28:55.54,18.79,-61.12,-992.35,297.50,-717.50,-420.0,1,94.310,
01/01/2000,01:28:55.55,18.79,-61.24,-992.59,245.0,-752.50,-253.75,1,94.311,
01/01/2000,01:28:55.56,18.79,-61.0,-992.59,288.75,-735.0,-420.0,1,94.312,
01/01/2000,01:28:55.57,18.54,-61.12,-992.47,140.0,-673.75,-315.0,1,94.313,
01/01/2000,01:28:55.58,18.54,-61.0,-991.86,218.75,-726.25,-560.0,1,94.315,
01/01/2000,01:28:55.59,18.42,-60.76,-991.49,271.25,-708.75,-341.25,1,94.316,
01/01/2000,01:28:55.60,18.54,-61.0,-991.49,105.0,-656.25,-350.0,1,94.317,
01/01/2000,01:28:55.61,18.54,-61.12,-991.62,315.0,-665.0,-227.50,1,94.318,
01/01/2000,01:28:55.62,18.67,-61.24,-991.86,192.50,-612.50,-350.0,1,94.320,
01/01/2000,01:28:55.63,18.54,-61.24,-991.62,148.75,-673.75,-201.25,1,94.321,
01/01/2000,01:28:55.65,18.30,-61.12,-991.01,175.0,-691.25,-350.0,1,94.301,
01/01/2000,01:28:55.66,18.79,-61.0,-992.35,113.75,-726.25,-350.0,1,94.303,
01/01/2000,01:28:55.67,19.03,-61.24,-993.20,306.25,-638.75,-358.75,1,94.304,
01/01/2000,01:28:55.68,19.15,-61.24,-993.69,61.25,-621.25,-420.0,1,94.305,
01/01/2000,01:28:55.69,18.79,-61.24,-993.57,131.25,-726.25,-280.0,1,94.306,
01/01/2000,01:28:55.70,18.54,-61.0,-992.84,148.75,-717.50,-315.0,1,94.308,
01/01/2000,01:28:55.71,18.30,-60.76,-992.10,236.25,-656.25,-245.0,1,94.309,
01/01/2000,01:28:55.72,18.42,-61.0,-991.37,218.75,-717.50,-341.25,1,94.310,
01/01/2000,01:28:55.73,18.79,-61.0,-991.49,227.50,-735.0,-341.25,1,94.311,
01/01/2000,01:28:55.74,19.28,-61.24,-992.10,262.50,-595.0,-297.50,1,94.292,
01/01/2000,01:28:55.75,19.40,-61.37,-992.47,192.50,-735.0,-236.25,1,94.293,
01/01/2000,01:28:55.76,19.03,-61.24,-992.59,140.0,-691.25,-402.50,1,94.294,
01/01/2000,01:28:55.77,18.42,-61.0,-991.86,148.75,-647.50,-148.75,1,94.296,
01/01/2000,01:28:55.78,18.18,-60.88,-991.62,122.50,-577.50,-446.25,1,94.297,
01/01/2000,01:28:55.79,18.06,-60.63,-991.49,87.50,-735.0,-358.75,1,94.298,
01/01/2000,01:28:55.80,18.30,-61.0,-991.62,262.50,-752.50,-481.25,1,94.299,
01/01/2000,01:28:55.81,18.42,-61.12,-991.13,105.0,-717.50,-262.50,1,94.301,
01/01/2000,01:28:55.82,18.54,-61.37,-990.52,227.50,-665.0,-341.25,1,94.302,
01/01/2000,01:28:55.83,18.54,-61.24,-990.40,192.50,-708.75,-402.50,1,94.303,
01/01/2000,01:28:55.84,18.91,-61.24,-990.88,201.25,-708.75,-367.50,1,94.304,
01/01/2000,01:28:55.85,19.28,-61.24,-992.47,253.75,-717.50,-428.75,1,94.306,
01/01/2000,01:28:55.86,19.15,-61.24,-993.32,218.75,-770.0,-402.50,1,94.307,
01/01/2000,01:28:55.88,18.54,-61.24,-993.69,297.50,-586.25,-323.75,1,94.308,
01/01/2000,01:28:55.89,18.06,-61.12,-993.32,113.75,-673.75,-306.25,1,94.309,
01/01/2000,01:28:55.90,17.81,-61.12,-992.59,183.75,-752.50,-358.75,1,94.311,
01/01/2000,01:28:55.91,17.69,-61.12,-991.49,131.25,-717.50,-323.75,1,94.312,
01/01/2000,01:28:55.92,18.18,-61.24,-991.37,210.0,-638.75,-350.0,1,94.313,
01/01/2000,01:28:55.93,18.67,-61.49,-991.62,140.0,-778.75,-393.75,1,94.314,
01/01/2000,01:28:55.94,19.03,-61.49,-992.23,140.0,-717.50,-428.75,1,94.316,
01/01/2000,01:28:55.95,19.03,-61.37,-992.84,262.50,-770.0,-463.75,1,94.317,
01/01/2000,01:28:55.96,18.54,-61.12,-993.08,201.25,-726.25,-175.0,1,94.318,
01/01/2000,01:28:55.97,18.30,-61.0,-993.32,96.25,-673.75,-297.50,1,94.299,
01/01/2000,01:28:55.98,18.18,-61.0,-993.08,8.75,-630.0,-341.25,1,94.321,
01/01/2000,01:28:55.99,18.30,-60.88,-992.84,52.50,-735.0,-288.75,1,94.301,
01/01/2000,01:28:56.00,18.30,-61.0,-992.47,70.0,-603.75,-271.25,1,94.303,
01/01/2000,01:28:56.02,18.42,-61.24,-991.25,358.75,-673.75,-411.25,1,94.304,
01/01/2000,01:28:56.03,18.30,-61.0,-990.27,140.0,-752.50,-245.0,1,94.305,
01/01/2000,01:28:56.04,18.67,-61.12,-989.91,236.25,-735.0,-288.75,1,94.306,
01/01/2000,01:28:56.05,18.91,-61.24,-990.76,105.0,-761.25,-411.25,1,94.308,
01/01/2000,01:28:56.06,19.28,-61.0,-992.10,131.25,-665.0,-288.75,1,94.309,
01/01/2000,01:28:56.07,19.03,-61.37,-992.84,175.0,-691.25,8.75,1,94.310,
01/01/2000,01:28:56.08,18.79,-61.0,-993.57,183.75,-691.25,-227.50,1,94.311,
01/01/2000,01:28:56.09,18.42,-61.12,-993.32,245.0,-638.75,-218.75,1,94.312,
01/01/2000,01:28:56.10,18.30,-61.0,-992.84,113.75,-665.0,-385.0,1,94.314,
01/01/2000,01:28:56.11,18.42,-61.0,-992.10,131.25,-708.75,-140.0,1,94.315,
01/01/2000,01:28:56.12,18.79,-61.24,-991.62,280.0,-691.25,-157.50,1,94.316,
01/01/2000,01:28:56.13,19.03,-61.49,-991.37,262.50,-638.75,-498.75,1,94.317,
01/01/2000,01:28:56.14,19.03,-61.73,-991.62,140.0,-796.25,-455.0,1,94.319,
01/01/2000,01:28:56.16,18.91,-61.49,-991.86,78.75,-612.50,-455.0,1,94.299,
01/01/2000,01:28:56.17,18.54,-60.76,-992.10,105.0,-700.0,-227.50,1,94.301,
01/01/2000,01:28:56.18,18.42,-60.63,-992.10,122.50,-700.0,-411.25,1,94.302,
01/01/2000,01:28:56.19,18.18,-60.63,-992.10,148.75,-568.75,-341.25,1,94.303,
01/01/2000,01:28:56.20,18.06,-60.88,-991.62,253.75,-647.50,-306.25,1,94.304,
01/01/2000,01:28:56.21,18.30,-61.37,-991.49,227.50,-621.25,-358.75,1,94.306,
01/01/2000,01:28:56.22,18.54,-61.49,-991.25,253.75,-708.75,-350.0,1,94.307,
01/01/2000,01:28:56.23,18.30,-61.24,-990.52,227.50,-700.0,-341.25,1,94.308,
01/01/2000,01:28:56.24,18.54,-61.0,-990.52,306.25,-647.50,-603.75,1,94.309,
01/01/2000,01:28:56.25,18.67,-60.88,-991.25,183.75,-700.0,-297.50,1,94.311,
01/01/2000,01:28:56.26,19.03,-60.51,-992.47,140.0,-761.25,-420.0,1,94.312,
01/01/2000,01:28:56.27,19.15,-60.76,-993.20,78.75,-656.25,-210.0,1,94.313,
01/01/2000,01:28:56.28,18.42,-61.0,-993.69,253.75,-682.50,-315.0,1,94.314,
01/01/2000,01:28:56.29,18.42,-61.12,-993.69,70.0,-726.25,-376.25,1,94.315,
01/01/2000,01:28:56.30,18.42,-61.12,-993.57,175.0,-647.50,-490.0,1,94.296,
01/01/2000,01:28:56.31,18.18,-61.0,-992.84,341.25,-691.25,-341.25,1,94.318,
01/01/2000,01:28:56.32,18.30,-60.88,-992.35,140.0,-665.0,-358.75,1,94.299,
01/01/2000,01:28:56.33,18.54,-60.88,-991.49,218.75,-717.50,-385.0,1,94.300,
01/01/2000,01:28:56.34,18.54,-61.0,-991.01,166.25,-708.75,-385.0,1,94.301,
01/01/2000,01:28:56.35,18.54,-61.12,-990.76,210.0,-708.75,-315.0,1,94.302,
01/01/2000,01:28:56.36,18.79,-61.24,-991.13,96.25,-787.50,-446.25,1,94.304,
01/01/2000,01:28:56.38,18.67,-61.61,-991.74,201.25,-735.0,-367.50,1,94.305,
01/01/2000,01:28:56.39,18.06,-61.12,-991.74,166.25,-647.50,-411.25,1,94.306,
01/01/2000,01:28:56.40,18.18,-61.24,-991.62,148.75,-708.75,-367.50,1,94.307,
01/01/2000,01:28:56.41,18.54,-61.0,-991.49,87.50,-621.25,-332.50,1,94.309,
01/01/2000,01:28:56.42,17.81,-61.24,-990.64,271.25,-691.25,-332.50,1,94.310,
01/01/2000,01:28:56.43,18.06,-61.24,-990.27,52.50,-595.0,-306.25,1,94.311,
01/01/2000,01:28:56.44,18.30,-61.37,-990.15,175.0,-752.50,-402.50,1,94.312,
01/01/2000,01:28:56.45,18.54,-61.61,-990.76,271.25,-673.75,-437.50,1,94.314,
01/01/2000,01:28:56.46,18.67,-61.61,-991.86,131.25,-708.75,-498.75,1,94.315,
01/01/2000,01:28:56.47,19.28,-61.37,-992.96,113.75,-691.25,-332.50,1,94.316,
01/01/2000,01:28:56.48,18.42,-61.37,-993.57,210.0,-586.25,-236.25,1,94.317,
01/01/2000,01:28:56.49,18.18,-61.12,-993.08,87.50,-647.50,-350.0,1,94.318,
01/01/2000,01:28:56.50,18.30,-60.76,-992.84,201.25,-743.75,-437.50,1,94.320,
01/01/2000,01:28:56.51,18.42,-61.24,-992.59,113.75,-621.25,-236.25,1,94.301,
01/01/2000,01:28:56.52,18.42,-61.49,-992.10,245.0,-726.25,-498.75,1,94.302,
01/01/2000,01:28:56.53,18.91,-61.61,-991.25,140.0,-656.25,-288.75,1,94.303,
01/01/2000,01:28:56.54,18.79,-61.85,-990.76,218.75,-621.25,-376.25,1,94.304,
01/01/2000,01:28:56.55,18.18,-61.49,-990.52,113.75,-726.25,-262.50,1,94.305,
01/01/2000,01:28:56.56,18.42,-61.24,-990.64,218.75,-691.25,-350.0,1,94.307,
01/01/2000,01:28:56.58,18.67,-61.24,-990.88,148.75,-726.25,-402.50,1,94.308,
01/01/2000,01:28:56.59,18.30,-61.24,-991.37,87.50,-621.25,-428.75,1,94.309,
01/01/2000,01:28:56.60,18.79,-61.24,-991.49,148.75,-586.25,-332.50,1,94.310,
01/01/2000,01:28:56.61,18.54,-61.49,-991.13,253.75,-638.75,-262.50,1,94.312,
01/01/2000,01:28:56.62,17.93,-61.37,-990.64,245.0,-743.75,-393.75,1,94.313,
01/01/2000,01:28:56.63,18.67,-61.37,-990.88,262.50,-761.25,-490.0,1,94.314,
01/01/2000,01:28:56.64,19.52,-61.49,-991.86,227.50,-647.50,-341.25,1,94.315,
01/01/2000,01:28:56.65,18.67,-61.49,-992.10,140.0,-603.75,-253.75,1,94.296,
01/01/2000,01:28:56.67,18.79,-61.12,-992.35,113.75,-691.25,-455.0,1,94.297,
01/01/2000,01:28:56.68,18.54,-61.0,-992.47,0.0,-665.0,-297.50,1,94.299,
01/01/2000,01:28:56.69,18.30,-61.24,-992.84,210.0,-647.50,-253.75,1,94.300,
01/01/2000,01:28:56.70,19.03,-61.0,-993.32,140.0,-743.75,-420.0,1,94.301,
01/01/2000,01:28:56.71,18.79,-61.24,-992.84,78.75,-656.25,-236.25,1,94.302,
01/01/2000,01:28:56.72,18.30,-61.49,-992.10,376.25,-665.0,-227.50,1,94.304,
01/01/2000,01:28:56.73,18.06,-61.24,-990.52,148.75,-586.25,-341.25,1,94.305,
01/01/2000,01:28:56.74,18.54,-61.0,-989.79,183.75,-708.75,-420.0,1,94.306,
01/01/2000,01:28:56.75,18.54,-61.24,-990.03,297.50,-805.0,-367.50,1,94.307,
01/01/2000,01:28:56.76,19.03,-61.24,-990.88,122.50,-787.50,-472.50,1,94.308,
01/01/2000,01:28:56.77,19.76,-61.37,-992.10,148.75,-673.75,-245.0,1,94.310,
01/01/2000,01:28:56.78,18.42,-61.73,-992.10,113.75,-682.50,-183.75,1,94.311,
01/01/2000,01:28:56.79,17.57,-61.49,-991.37,280.0,-603.75,-323.75,1,94.312,
01/01/2000,01:28:56.80,18.06,-61.24,-990.88,157.50,-726.25,-428.75,1,94.313,
01/01/2000,01:28:56.81,18.67,-61.24,-991.37,131.25,-743.75,-568.75,1,94.315,
01/01/2000,01:28:56.82,18.54,-61.37,-991.98,70.0,-717.50,-332.50,1,94.316,
01/01/2000,01:28:56.83,19.28,-61.61,-992.35,166.25,-665.0,-358.75,1,94.317,
01/01/2000,01:28:56.84,19.28,-61.73,-992.59,192.50,-735.0,-367.50,1,94.318,
01/01/2000,01:28:56.85,18.42,-61.85,-992.47,157.50,-787.50,-358.75,1,94.319,
01/01/2000,01:28:56.86,18.42,-61.49,-992.35,183.75,-743.75,-402.50,1,94.300,
01/01/2000,01:28:56.87,18.79,-61.24,-992.59,210.0,-700.0,-367.50,1,94.302,
01/01/2000,01:28:56.88,18.54,-61.12,-992.96,175.0,-708.75,-323.75,1,94.303,
01/01/2000,01:28:56.89,18.67,-61.24,-993.20,157.50,-778.75,-367.50,1,94.304,
01/01/2000,01:28:56.90,18.79,-61.24,-992.84,52.50,-726.25,-245.0,1,94.305,
01/01/2000,01:28:56.91,18.30,-61.61,-992.35,157.50,-647.50,-385.0,1,94.307,
01/01/2000,01:28:56.92,17.69,-61.61,-991.86,131.25,-717.50,-297.50,1,94.308,
01/01/2000,01:28:56.93,18.42,-61.24,-991.37,218.75,-665.0,-490.0,1,94.309,
01/01/2000,01:28:56.94,18.42,-61.24,-991.01,131.25,-700.0,-376.25,1,94.310,
01/01/2000,01:28:56.95,18.06,-61.24,-990.88,245.0,-700.0,-271.25,1,94.311,
01/01/2000,01:28:56.96,18.67,-61.24,-990.88,218.75,-586.25,-262.50,1,94.313,
01/01/2000,01:28:56.97,18.54,-61.24,-990.64,113.75,-665.0,-297.50,1,94.314,
01/01/2000,01:28:56.98,18.18,-61.24,-990.40,183.75,-682.50,-385.0,1,94.315,
01/01/2000,01:28:57.00,18.54,-61.24,-990.52,157.50,-805.0,-341.25,1,94.316,
01/01/2000,01:28:57.01,18.67,-61.24,-990.64,52.50,-743.75,-350.0,1,94.317,
01/01/2000,01:28:57.02,18.30,-61.37,-990.15,78.75,-621.25,-288.75,1,94.319,
01/01/2000,01:28:57.03,18.42,-60.76,-987.96,157.50,-638.75,-245.0,1,94.320,
01/01/2000,01:28:57.04,18.79,-60.76,-985.88,218.75,-822.50,-175.0,1,94.321,
01/01/2000,01:28:57.05,19.03,-60.88,-983.81,166.25,-761.25,-280.0,1,94.322,
01/01/2000,01:28:57.06,18.79,-61.12,-982.47,113.75,-743.75,-35.0,1,94.324,
01/01/2000,01:28:57.07,18.42,-61.49,-982.47,-52.50,-691.25,-236.25,1,94.305,
01/01/2000,01:28:57.08,18.42,-62.22,-983.81,428.75,-682.50,-595.0,1,94.326,
01/01/2000,01:28:57.09,18.18,-60.76,-986.25,-218.75,-595.0,-367.50,1,94.307,
01/01/2000,01:28:57.10,18.06,-61.37,-986.86,402.50,-761.25,-175.0,1,94.308,
01/01/2000,01:28:57.11,17.45,-60.51,-986.74,245.0,-656.25,-323.75,1,94.309,
01/01/2000,01:28:57.12,16.71,-60.27,-985.52,113.75,-647.50,-227.50,1,94.311,
01/01/2000,01:28:57.13,16.96,-60.39,-982.71,140.0,-586.25,-385.0,1,94.312,
01/01/2000,01:28:57.15,17.45,-60.76,-979.42,70.0,-787.50,-376.25,1,94.313,
01/01/2000,01:28:57.16,18.42,-61.37,-977.71,-87.50,-612.50,-297.50,1,94.314,
01/01/2000,01:28:57.17,19.40,-61.24,-977.22,148.75,-717.50,-350.0,1,94.316,
01/01/2000,01:28:57.18,19.52,-61.24,-977.95,17.50,-682.50,-350.0,1,94.317,
01/01/2000,01:28:57.19,19.40,-61.24,-980.64,35.0,-682.50,-420.0,1,94.318,
01/01/2000,01:28:57.20,18.54,-61.0,-982.95,175.0,-621.25,-271.25,1,94.319,
01/01/2000,01:28:57.21,18.18,-60.63,-985.03,192.50,-743.75,-175.0,1,94.300,
01/01/2000,01:28:57.22,17.81,-60.88,-986.37,122.50,-630.0,-253.75,1,94.302,
01/01/2000,01:28:57.23,17.57,-60.51,-986.00,131.25,-770.0,-113.75,1,94.303,
01/01/2000,01:28:57.24,17.57,-60.51,-984.54,131.25,-647.50,-341.25,1,94.304,
01/01/2000,01:28:57.25,18.06,-60.76,-982.59,210.0,-612.50,-96.25,1,94.305,
01/01/2000,01:28:57.26,18.30,-61.12,-981.73,166.25,-770.0,-542.50,1,94.306,
01/01/2000,01:28:57.27,19.40,-61.61,-984.17,26.25,-813.75,-271.25,1,94.308,
01/01/2000,01:28:57.28,19.76,-62.22,-986.74,245.0,-770.0,-341.25,1,94.309,
01/01/2000,01:28:57.29,18.30,-61.73,-988.20,210.0,-665.0,-17.50,1,94.310,
01/01/2000,01:28:57.30,17.32,-61.49,-988.69,105.0,-630.0,-455.0,1,94.311,
01/01/2000,01:28:57.31,17.45,-60.51,-989.91,315.0,-612.50,-735.0,1,94.312,
01/01/2000,01:28:57.32,18.18,-60.27,-990.15,140.0,-752.50,-306.25,1,94.314,
01/01/2000,01:28:57.33,18.91,-60.27,-989.66,175.0,-708.75,0.0,1,94.315,
01/01/2000,01:28:57.35,19.15,-61.12,-988.69,192.50,-743.75,-113.75,1,94.316,
01/01/2000,01:28:57.36,18.79,-62.22,-988.20,157.50,-665.0,-542.50,1,94.317,
01/01/2000,01:28:57.37,18.67,-62.71,-989.54,166.25,-708.75,-525.0,1,94.318,
01/01/2000,01:28:57.38,18.30,-62.34,-990.64,218.75,-638.75,-551.25,1,94.320,
01/01/2000,01:28:57.39,18.18,-61.49,-991.13,87.50,-630.0,-428.75,1,94.321,
01/01/2000,01:28:57.40,17.93,-60.76,-991.13,236.25,-700.0,-306.25,1,94.322,
01/01/2000,01:28:57.41,17.93,-60.27,-990.64,35.0,-612.50,-175.0,1,94.323,
01/01/2000,01:28:57.42,18.54,-60.51,-990.64,236.25,-717.50,-218.75,1,94.304,
01/01/2000,01:28:57.43,18.91,-61.61,-990.64,17.50,-831.25,-175.0,1,94.306,
01/01/2000,01:28:57.44,18.79,-62.46,-990.76,192.50,-656.25,-183.75,1,94.307,
01/01/2000,01:28:57.45,18.42,-62.71,-990.88,271.25,-665.0,-498.75,1,94.308,
01/01/2000,01:28:57.46,18.18,-62.34,-991.25,61.25,-700.0,-481.25,1,94.309,
01/01/2000,01:28:57.47,18.30,-61.37,-991.62,131.25,-691.25,-350.0,1,94.310,
01/01/2000,01:28:57.48,18.42,-60.76,-991.62,122.50,-708.75,-201.25,1,94.312,
01/01/2000,01:28:57.50,18.42,-60.76,-991.37,297.50,-682.50,-131.25,1,94.313,
01/01/2000,01:28:57.51,18.54,-61.12,-991.37,140.0,-691.25,-262.50,1,94.314,
01/01/2000,01:28:57.52,18.54,-61.73,-991.37,78.75,-673.75,-315.0,1,94.315,
01/01/2000,01:28:57.53,18.54,-62.22,-991.62,87.50,-647.50,-376.25,1,94.316,
01/01/2000,01:28:57.54,18.67,-62.22,-991.49,105.0,-612.50,-446.25,1,94.318,
01/01/2000,01:28:57.55,18.54,-61.61,-991.49,87.50,-770.0,-481.25,1,94.319,
01/01/2000,01:28:57.56,18.54,-61.0,-991.62,61.25,-708.75,-306.25,1,94.320,
01/01/2000,01:28:57.57,18.67,-60.51,-991.86,271.25,-682.50,-245.0,1,94.321,
01/01/2000,01:28:57.58,18.30,-60.63,-991.74,17.50,-726.25,-218.75,1,94.323,
01/01/2000,01:28:57.59,17.81,-61.0,-990.76,61.25,-708.75,-140.0,1,94.324,
01/01/2000,01:28:57.60,15.74,-61.61,-989.30,78.75,-778.75,253.75,1,94.325,
01/01/2000,01:28:57.61,14.40,-61.61,-988.57,140.0,-612.50,52.50,1,94.326,
01/01/2000,01:28:57.62,13.42,-62.22,-988.81,105.0,-717.50,-481.25,1,94.327,
01/01/2000,01:28:57.63,12.44,-61.12,-989.42,96.25,-796.25,-656.25,1,94.309,
01/01/2000,01:28:57.64,12.93,-60.76,-989.05,271.25,-647.50,-201.25,1,94.310,
01/01/2000,01:28:57.65,13.66,-60.02,-986.86,253.75,-630.0,-183.75,1,94.311,
01/01/2000,01:28:57.66,14.15,-60.27,-985.15,35.0,-708.75,-70.0,1,94.312,
01/01/2000,01:28:57.67,15.25,-61.0,-984.30,262.50,-726.25,-332.50,1,94.313,
01/01/2000,01:28:57.69,15.98,-62.10,-984.54,122.50,-603.75,-236.25,1,94.315,
01/01/2000,01:28:57.70,15.01,-62.71,-985.15,367.50,-717.50,-87.50,1,94.316,
01/01/2000,01:28:57.71,13.30,-62.22,-985.27,166.25,-700.0,-140.0,1,94.317,
01/01/2000,01:28:57.72,11.35,-61.49,-984.78,166.25,-673.75,-157.50,1,94.318,
01/01/2000,01:28:57.73,8.54,-60.39,-983.69,122.50,-612.50,-52.50,1,94.319,
01/01/2000,01:28:57.74,7.56,-60.15,-982.95,43.75,-498.75,-227.50,1,94.321,
01/01/2000,01:28:57.75,7.69,-60.27,-982.59,236.25,-726.25,-262.50,1,94.322,
01/01/2000,01:28:57.76,8.42,-60.76,-982.71,78.75,-656.25,-201.25,1,94.303,
01/01/2000,01:28:57.77,9.76,-61.98,-983.56,236.25,-630.0,-490.0,1,94.324,
01/01/2000,01:28:57.78,11.83,-62.46,-984.54,113.75,-708.75,-533.75,1,94.306,
01/01/2000,01:28:57.79,12.93,-62.46,-985.52,122.50,-665.0,-437.50,1,94.307,
01/01/2000,01:28:57.80,13.66,-61.98,-986.25,96.25,-656.25,-288.75,1,94.308,
01/01/2000,01:28:57.81,13.91,-61.24,-986.13,227.50,-682.50,-131.25,1,94.309,
01/01/2000,01:28:57.82,13.54,-60.51,-985.88,26.25,-717.50,-26.25,1,94.310,
01/01/2000,01:28:57.83,13.30,-60.63,-985.76,175.0,-542.50,52.50,1,94.312,
01/01/2000,01:28:57.85,13.42,-61.24,-986.74,183.75,-586.25,-402.50,1,94.313,
01/01/2000,01:28:57.86,14.03,-61.98,-987.96,262.50,-630.0,-280.0,1,94.314,
01/01/2000,01:28:57.87,14.40,-62.22,-988.69,218.75,-612.50,-358.75,1,94.315,
01/01/2000,01:28:57.88,15.13,-61.98,-988.81,131.25,-673.75,-411.25,1,94.316,
01/01/2000,01:28:57.89,15.49,-61.49,-988.44,140.0,-752.50,-271.25,1,94.317,
01/01/2000,01:28:57.90,16.23,-61.0,-988.69,175.0,-638.75,-402.50,1,94.319,
01/01/2000,01:28:57.91,16.71,-61.0,-988.93,148.75,-656.25,-183.75,1,94.320,
01/01/2000,01:28:57.92,17.32,-61.24,-990.03,-87.50,-717.50,-70.0,1,94.321,
01/01/2000,01:28:57.93,17.08,-61.98,-991.37,166.25,-577.50,-253.75,1,94.322,
01/01/2000,01:28:57.94,16.47,-62.10,-991.74,96.25,-682.50,-358.75,1,94.323,
01/01/2000,01:28:57.95,16.35,-62.10,-991.62,245.0,-735.0,-411.25,1,94.325,
01/01/2000,01:28:57.96,16.84,-61.61,-991.37,183.75,-708.75,-455.0,1,94.326,
01/01/2000,01:28:57.97,17.32,-61.24,-990.88,113.75,-691.25,-227.50,1,94.327,
01/01/2000,01:28:57.98,18.30,-60.76,-989.91,78.75,-700.0,-183.75,1,94.328,
01/01/2000,01:28:57.99,18.79,-61.24,-988.93,280.0,-638.75,-175.0,1,94.310,
01/01/2000,01:28:58.00,19.03,-61.61,-989.18,70.0,-770.0,-341.25,1,94.311,
01/01/2000,01:28:58.02,18.79,-62.10,-989.91,140.0,-805.0,-288.75,1,94.312,
01/01/2000,01:28:58.02,18.54,-61.98,-990.88,131.25,-682.50,-280.0,1,94.313,
01/01/2000,01:28:58.04,18.18,-61.73,-992.35,87.50,-612.50,-472.50,1,94.314,
01/01/2000,01:28:58.05,17.45,-61.0,-992.84,166.25,-735.0,-236.25,1,94.316,
01/01/2000,01:28:58.06,17.08,-60.63,-992.71,26.25,-691.25,-253.75,1,94.317,
01/01/2000,01:28:58.07,17.08,-60.51,-992.35,192.50,-708.75,-210.0,1,94.318,
01/01/2000,01:28:58.08,17.32,-60.76,-991.86,78.75,-700.0,-201.25,1,94.319,
01/01/2000,01:28:58.09,18.06,-61.37,-991.37,227.50,-682.50,-420.0,1,94.320,
01/01/2000,01:28:58.10,19.28,-61.98,-992.10,245.0,-673.75,-472.50,1,94.322,
01/01/2000,01:28:58.11,19.76,-61.98,-992.59,78.75,-726.25,-367.50,1,94.323,
01/01/2000,01:28:58.12,19.76,-61.98,-992.84,376.25,-612.50,-411.25,1,94.324,
01/01/2000,01:28:58.13,18.91,-61.24,-992.35,253.75,-638.75,-140.0,1,94.305,
01/01/2000,01:28:58.14,18.18,-60.63,-991.62,166.25,-586.25,-271.25,1,94.307,
01/01/2000,01:28:58.15,17.81,-60.63,-990.88,148.75,-691.25,-280.0,1,94.308,
01/01/2000,01:28:58.16,17.81,-61.0,-991.01,105.0,-691.25,-385.0,1,94.309,
01/01/2000,01:28:58.17,18.54,-61.61,-991.25,140.0,-621.25,-437.50,1,94.310,
01/01/2000,01:28:58.18,19.15,-61.73,-991.37,192.50,-638.75,-481.25,1,94.311,
01/01/2000,01:28:58.20,19.64,-61.98,-991.13,96.25,-717.50,-376.25,1,94.313,
01/01/2000,01:28:58.21,18.91,-61.49,-991.01,78.75,-700.0,-201.25,1,94.294,
01/01/2000,01:28:58.22,18.30,-61.24,-991.62,245.0,-630.0,-358.75,1,94.295,
01/01/2000,01:28:58.23,18.18,-61.37,-992.23,183.75,-656.25,-323.75,1,94.296,
01/01/2000,01:28:58.24,18.06,-61.12,-992.71,192.50,-638.75,-420.0,1,94.298,
01/01/2000,01:28:58.25,18.42,-61.24,-992.96,140.0,-586.25,-341.25,1,94.299,
01/01/2000,01:28:58.26,19.15,-61.49,-992.84,192.50,-603.75,-175.0,1,94.300,
01/01/2000,01:28:58.27,19.40,-61.37,-992.84,43.75,-673.75,-332.50,1,94.301,
01/01/2000,01:28:58.28,19.52,-61.85,-992.59,262.50,-866.25,-332.50,1,94.302,
01/01/2000,01:28:58.29,19.40,-61.61,-992.35,140.0,-743.75,-341.25,1,94.304,
01/01/2000,01:28:58.30,18.79,-61.85,-992.23,175.0,-743.75,-183.75,1,94.305,
01/01/2000,01:28:58.31,18.54,-61.49,-992.47,148.75,-665.0,-350.0,1,94.306,
01/01/2000,01:28:58.32,18.18,-61.61,-992.59,157.50,-656.25,-367.50,1,94.307,
01/01/2000,01:28:58.33,18.18,-61.37,-992.10,122.50,-682.50,-420.0,1,94.308,
01/01/2000,01:28:58.35,18.42,-61.24,-991.13,166.25,-647.50,-332.50,1,94.309,
01/01/2000,01:28:58.36,18.67,-61.24,-990.27,157.50,-700.0,-262.50,1,94.311,
01/01/2000,01:28:58.37,18.91,-61.49,-989.79,87.50,-673.75,-341.25,1,94.312,
01/01/2000,01:28:58.38,19.15,-61.85,-990.03,148.75,-647.50,-498.75,1,94.313,
01/01/2000,01:28:58.39,19.15,-61.98,-990.64,131.25,-665.0,-280.0,1,94.314,
01/01/2000,01:28:58.40,19.03,-61.85,-991.37,105.0,-656.25,-490.0,1,94.315,
01/01/2000,01:28:58.41,18.67,-61.73,-991.62,17.50,-735.0,-236.25,1,94.317,
01/01/2000,01:28:58.42,18.06,-61.24,-991.98,236.25,-682.50,-297.50,1,94.318,
01/01/2000,01:28:58.43,18.18,-61.12,-992.23,78.75,-673.75,-367.50,1,94.319,
01/01/2000,01:28:58.44,18.67,-61.37,-992.47,148.75,-717.50,-428.75,1,94.320,
01/01/2000,01:28:58.45,19.03,-61.61,-992.59,166.25,-630.0,-402.50,1,94.321,
01/01/2000,01:28:58.46,19.28,-61.98,-992.47,227.50,-700.0,-280.0,1,94.322,
01/01/2000,01:28:58.47,19.40,-61.85,-992.10,183.75,-743.75,-236.25,1,94.324,
01/01/2000,01:28:58.48,19.28,-61.49,-991.37,183.75,-673.75,-332.50,1,94.305,
01/01/2000,01:28:58.49,19.03,-61.12,-991.37,140.0,-673.75,-393.75,1,94.306,
01/01/2000,01:28:58.50,18.67,-61.12,-991.74,105.0,-682.50,-306.25,1,94.308,
01/01/2000,01:28:58.51,18.54,-61.24,-992.23,236.25,-691.25,-253.75,1,94.309,
01/01/2000,01:28:58.52,18.18,-61.24,-992.47,52.50,-568.75,-455.0,1,94.310,
01/01/2000,01:28:58.53,17.81,-61.24,-992.59,78.75,-752.50,-455.0,1,94.311,
01/01/2000,01:28:58.54,18.06,-61.37,-992.71,113.75,-638.75,-446.25,1,94.312,
01/01/2000,01:28:58.56,18.91,-60.88,-992.59,148.75,-743.75,-411.25,1,94.313,
01/01/2000,01:28:58.57,19.40,-60.88,-992.10,87.50,-752.50,-306.25,1,94.315,
01/01/2000,01:28:58.58,19.76,-60.88,-991.62,166.25,-516.25,-288.75,1,94.316,
01/01/2000,01:28:58.59,19.76,-61.12,-991.37,96.25,-726.25,-271.25,1,94.317,
01/01/2000,01:28:58.60,19.28,-61.37,-990.88,35.0,-621.25,-341.25,1,94.318,
01/01/2000,01:28:58.61,18.79,-61.49,-990.88,218.75,-621.25,-350.0,1,94.319,
01/01/2000,01:28:58.62,18.54,-61.24,-991.13,131.25,-735.0,-420.0,1,94.321,
01/01/2000,01:28:58.63,18.42,-61.37,-992.10,253.75,-735.0,-332.50,1,94.322,
01/01/2000,01:28:58.64,18.30,-61.24,-992.71,122.50,-682.50,-297.50,1,94.303,
01/01/2000,01:28:58.65,18.30,-61.24,-993.20,323.75,-700.0,-280.0,1,94.324,
01/01/2000,01:28:58.66,18.30,-61.24,-993.08,140.0,-673.75,-271.25,1,94.306,
01/01/2000,01:28:58.67,18.18,-61.24,-992.59,280.0,-647.50,-358.75,1,94.326,
01/01/2000,01:28:58.68,18.42,-61.49,-991.86,175.0,-761.25,-350.0,1,94.308,
01/01/2000,01:28:58.70,18.79,-61.24,-990.88,148.75,-691.25,-428.75,1,94.309,
01/01/2000,01:28:58.71,18.91,-61.49,-991.01,148.75,-726.25,-393.75,1,94.310,
01/01/2000,01:28:58.72,19.15,-61.49,-991.74,175.0,-673.75,-358.75,1,94.312,
01/01/2000,01:28:58.73,19.03,-61.61,-992.23,323.75,-595.0,-437.50,1,94.313,
01/01/2000,01:28:58.74,18.67,-61.37,-992.35,148.75,-682.50,-271.25,1,94.314,
01/01/2000,01:28:58.75,18.42,-61.37,-992.10,183.75,-673.75,-367.50,1,94.315,
01/01/2000,01:28:58.76,18.54,-61.24,-991.62,78.75,-542.50,-367.50,1,94.316,
01/01/2000,01:28:58.77,18.79,-61.24,-991.13,17.50,-708.75,-218.75,1,94.298,
01/01/2000,01:28:58.78,18.91,-61.49,-990.88,227.50,-673.75,-350.0,1,94.299,
01/01/2000,01:28:58.79,18.91,-61.61,-990.88,17.50,-778.75,-315.0,1,94.300,
01/01/2000,01:28:58.80,19.15,-61.73,-991.37,70.0,-743.75,-481.25,1,94.302,
01/01/2000,01:28:58.81,19.28,-61.61,-991.86,201.25,-673.75,-455.0,1,94.303,
01/01/2000,01:28:58.82,18.91,-61.37,-992.23,166.25,-752.50,-341.25,1,94.304,
01/01/2000,01:28:58.83,18.91,-61.24,-992.59,0.0,-638.75,-402.50,1,94.305,
01/01/2000,01:28:58.84,18.54,-61.0,-992.35,175.0,-647.50,-280.0,1,94.306,
01/01/2000,01:28:58.85,18.30,-61.0,-992.10,201.25,-743.75,-280.0,1,94.307,
01/01/2000,01:28:58.86,18.54,-61.12,-991.86,227.50,-726.25,-350.0,1,94.309,
01/01/2000,01:28:58.87,19.15,-61.49,-991.62,87.50,-656.25,-446.25,1,94.310,
01/01/2000,01:28:58.88,19.76,-61.49,-991.86,43.75,-612.50,-402.50,1,94.311,
01/01/2000,01:28:58.89,20.13,-61.73,-992.23,280.0,-595.0,-350.0,1,94.312,
01/01/2000,01:28:58.91,20.25,-61.73,-992.84,122.50,-726.25,-472.50,1,94.313,
01/01/2000,01:28:58.92,19.89,-61.49,-992.96,78.75,-673.75,-262.50,1,94.314,
01/01/2000,01:28:58.93,19.28,-61.37,-992.84,78.75,-726.25,-201.25,1,94.316,
01/01/2000,01:28:58.94,18.30,-61.24,-992.35,122.50,-577.50,-315.0,1,94.317,
01/01/2000,01:28:58.95,17.69,-61.24,-991.74,192.50,-735.0,-323.75,1,94.318,
01/01/2000,01:28:58.96,17.69,-61.12,-991.25,43.75,-700.0,-463.75,1,94.319,
01/01/2000,01:28:58.97,17.81,-61.37,-991.25,288.75,-761.25,-227.50,1,94.320,
01/01/2000,01:28:58.98,18.42,-61.37,-991.62,122.50,-726.25,-420.0,1,94.302,
01/01/2000,01:28:58.99,18.54,-61.49,-992.10,175.0,-708.75,-393.75,1,94.303,
01/01/2000,01:28:59.00,18.54,-61.49,-992.35,70.0,-682.50,-350.0,1,94.304,
01/01/2000,01:28:59.01,18.54,-61.24,-992.10,236.25,-726.25,-253.75,1,94.306,
01/01/2000,01:28:59.02,18.30,-61.0,-991.86,43.75,-621.25,-481.25,1,94.307,
01/01/2000,01:28:59.03,18.30,-60.88,-991.49,26.25,-665.0,-227.50,1,94.308,
01/01/2000,01:28:59.04,18.79,-61.12,-991.37,183.75,-665.0,-446.25,1,94.309,
01/01/2000,01:28:59.06,19.03,-61.61,-991.62,227.50,-630.0,-358.75,1,94.310,
01/01/2000,01:28:59.07,19.15,-61.49,-991.62,70.0,-682.50,-306.25,1,94.311,
01/01/2000,01:28:59.08,19.28,-61.61,-991.74,306.25,-743.75,-288.75,1,94.313,
01/01/2000,01:28:59.09,19.03,-61.49,-992.10,70.0,-726.25,-306.25,1,94.314,
01/01/2000,01:28:59.10,18.91,-61.24,-993.08,96.25,-691.25,-376.25,1,94.315,
01/01/2000,01:28:59.11,18.91,-61.24,-993.32,288.75,-665.0,-358.75,1,94.316,
01/01/2000,01:28:59.12,18.91,-61.12,-993.32,166.25,-603.75,-455.0,1,94.317,
01/01/2000,01:28:59.13,19.15,-61.61,-993.57,253.75,-700.0,-306.25,1,94.318,
01/01/2000,01:28:59.14,19.28,-61.12,-993.32,-70.0,-630.0,-402.50,1,94.320,
01/01/2000,01:28:59.15,19.28,-61.85,-992.59,358.75,-708.75,-560.0,1,94.321,
01/01/2000,01:28:59.16,19.03,-61.37,-991.01,113.75,-761.25,-201.25,1,94.322,
01/01/2000,01:28:59.17,18.67,-61.49,-990.27,148.75,-770.0,-271.25,1,94.323,
01/01/2000,01:28:59.18,18.54,-61.37,-990.15,201.25,-717.50,-297.50,1,94.324,
01/01/2000,01:28:59.19,18.30,-61.24,-991.62,43.75,-822.50,-297.50,1,94.306,
01/01/2000,01:28:59.20,18.30,-61.24,-992.84,166.25,-665.0,-350.0,1,94.307,
01/01/2000,01:28:59.22,18.79,-61.12,-994.06,227.50,-568.75,-437.50,1,94.308,
01/01/2000,01:28:59.23,19.28,-61.24,-993.45,175.0,-621.25,-350.0,1,94.310,
01/01/2000,01:28:59.24,19.64,-61.12,-992.47,-17.50,-612.50,-323.75,1,94.311,
01/01/2000,01:28:59.25,19.64,-61.24,-991.25,253.75,-726.25,-306.25,1,94.312,
01/01/2000,01:28:59.26,19.52,-61.37,-990.64,87.50,-770.0,-393.75,1,94.313,
01/01/2000,01:28:59.27,19.28,-61.73,-991.13,218.75,-726.25,-323.75,1,94.314,
01/01/2000,01:28:59.28,19.15,-61.49,-991.98,148.75,-770.0,-437.50,1,94.315,
01/01/2000,01:28:59.29,19.03,-61.37,-993.08,157.50,-700.0,-350.0,1,94.317,
01/01/2000,01:28:59.30,18.54,-60.76,-993.81,26.25,-612.50,-227.50,1,94.318,
01/01/2000,01:28:59.31,18.06,-60.88,-993.57,78.75,-700.0,-201.25,1,94.319,
01/01/2000,01:28:59.32,18.18,-60.76,-993.20,148.75,-656.25,-367.50,1,94.320,
01/01/2000,01:28:59.33,18.42,-61.24,-992.71,262.50,-717.50,-350.0,1,94.302,
01/01/2000,01:28:59.34,18.67,-61.37,-992.23,192.50,-665.0,-315.0,1,94.303,
01/01/2000,01:28:59.35,19.03,-61.49,-991.49,288.75,-673.75,-358.75,1,94.304,
01/01/2000,01:28:59.36,19.03,-61.12,-991.01,-35.0,-665.0,-393.75,1,94.305,
01/01/2000,01:28:59.37,19.28,-61.12,-991.01,175.0,-796.25,-376.25,1,94.307,
01/01/2000,01:28:59.38,19.52,-60.88,-991.49,26.25,-682.50,-350.0,1,94.308,
01/01/2000,01:28:59.39,19.40,-61.0,-991.86,148.75,-708.75,-288.75,1,94.309,
01/01/2000,01:28:59.40,19.52,-61.0,-992.35,35.0,-656.25,-323.75,1,94.310,
01/01/2000,01:28:59.41,19.28,-61.37,-992.59,332.50,-700.0,-288.75,1,94.311,
01/01/2000,01:28:59.42,19.28,-61.37,-992.59,61.25,-603.75,-367.50,1,94.312,
01/01/2000,01:28:59.43,19.03,-61.61,-992.35,288.75,-700.0,-262.50,1,94.314,
01/01/2000,01:28:59.44,19.03,-61.37,-991.86,35.0,-647.50,-262.50,1,94.315,
01/01/2000,01:28:59.45,18.54,-61.37,-991.37,148.75,-787.50,-393.75,1,94.316,
01/01/2000,01:28:59.46,18.30,-61.24,-991.62,122.50,-752.50,-358.75,1,94.317,
01/01/2000,01:28:59.48,18.54,-61.37,-992.47,70.0,-813.75,-358.75,1,94.318,
01/01/2000,01:28:59.49,18.79,-61.49,-993.08,175.0,-673.75,-498.75,1,94.319,
01/01/2000,01:28:59.50,18.79,-61.37,-993.32,236.25,-577.50,-341.25,1,94.320,
01/01/2000,01:28:59.51,18.91,-61.24,-993.08,210.0,-665.0,-332.50,1,94.322,
01/01/2000,01:28:59.52,18.91,-61.37,-992.35,271.25,-612.50,-350.0,1,94.323,
01/01/2000,01:28:59.53,18.79,-61.24,-992.10,122.50,-761.25,-463.75,1,94.324,
01/01/2000,01:28:59.54,18.91,-61.24,-992.59,70.0,-665.0,-376.25,1,94.306,
01/01/2000,01:28:59.55,19.28,-61.49,-993.08,122.50,-778.75,-367.50,1,94.307,
01/01/2000,01:28:59.56,18.79,-61.37,-993.57,78.75,-586.25,-472.50,1,94.308,
01/01/2000,01:28:59.57,18.67,-61.24,-993.32,96.25,-691.25,-332.50,1,94.309,
01/01/2000,01:28:59.58,18.30,-61.0,-992.71,122.50,-708.75,-227.50,1,94.311,
01/01/2000,01:28:59.59,18.42,-61.0,-992.10,166.25,-682.50,-455.0,1,94.312,
01/01/2000,01:28:59.60,18.91,-61.12,-991.62,210.0,-796.25,-446.25,1,94.313,
01/01/2000,01:28:59.62,19.52,-61.0,-991.37,113.75,-717.50,-437.50,1,94.314,
01/01/2000,01:28:59.63,19.64,-61.24,-991.13,166.25,-638.75,-332.50,1,94.315,
01/01/2000,01:28:59.64,19.28,-61.0,-991.01,297.50,-577.50,-323.75,1,94.316,
01/01/2000,01:28:59.65,18.91,-61.0,-991.25,96.25,-761.25,-376.25,1,94.317,
01/01/2000,01:28:59.66,18.91,-61.0,-992.10,113.75,-717.50,-315.0,1,94.319,
01/01/2000,01:28:59.67,18.67,-61.0,-992.84,262.50,-568.75,-341.25,1,94.320,
01/01/2000,01:28:59.68,18.30,-61.0,-993.45,122.50,-831.25,-280.0,1,94.321,
01/01/2000,01:28:59.69,18.06,-60.88,-992.84,236.25,-743.75,-358.75,1,94.322,
01/01/2000,01:28:59.70,17.93,-61.0,-992.35,253.75,-665.0,-245.0,1,94.323,
01/01/2000,01:28:59.71,18.18,-61.24,-991.86,35.0,-577.50,-393.75,1,94.324,
01/01/2000,01:28:59.72,18.67,-61.49,-991.74,148.75,-743.75,-402.50,1,94.306,
01/01/2000,01:28:59.74,18.91,-61.49,-991.86,245.0,-568.75,-420.0,1,94.308,
01/01/2000,01:28:59.75,19.52,-61.24,-992.71,253.75,-542.50,-402.50,1,94.309,
01/01/2000,01:28:59.76,19.89,-61.12,-993.81,245.0,-603.75,-262.50,1,94.310,
01/01/2000,01:28:59.77,20.01,-61.0,-994.54,-8.75,-612.50,-315.0,1,94.311,
01/01/2000,01:28:59.78,19.52,-61.37,-994.30,148.75,-647.50,-262.50,1,94.312,
01/01/2000,01:28:59.79,18.79,-61.0,-993.08,140.0,-612.50,-341.25,1,94.313,
01/01/2000,01:28:59.80,18.30,-61.24,-991.62,166.25,-726.25,-280.0,1,94.315,
01/01/2000,01:28:59.81,18.06,-61.24,-990.15,201.25,-691.25,-385.0,1,94.316,
01/01/2000,01:28:59.82,18.06,-61.49,-989.79,236.25,-647.50,-385.0,1,94.317,
01/01/2000,01:28:59.83,18.79,-61.37,-990.40,0.0,-691.25,-393.75,1,94.318,
01/01/2000,01:28:59.84,19.15,-61.73,-991.49,323.75,-700.0,-245.0,1,94.319,
01/01/2000,01:28:59.85,19.40,-61.37,-992.35,70.0,-682.50,-358.75,1,94.320,
01/01/2000,01:28:59.86,19.15,-61.24,-992.84,280.0,-603.75,-376.25,1,94.321,
01/01/2000,01:28:59.87,19.03,-61.0,-992.59,43.75,-673.75,-245.0,1,94.323,
01/01/2000,01:28:59.88,18.67,-61.24,-992.35,52.50,-787.50,-271.25,1,94.324,
01/01/2000,01:28:59.89,18.67,-61.0,-992.10,43.75,-595.0,-402.50,1,94.325,
01/01/2000,01:28:59.90,18.54,-61.37,-991.98,227.50,-770.0,-446.25,1,94.307,
01/01/2000,01:28:59.91,18.91,-61.49,-992.47,113.75,-665.0,-393.75,1,94.308,
01/01/2000,01:28:59.92,19.15,-61.37,-992.84,96.25,-770.0,-393.75,1,94.309,
01/01/2000,01:28:59.93,19.28,-61.12,-993.08,218.75,-630.0,-428.75,1,94.310,
01/01/2000,01:28:59.94,19.15,-61.12,-993.08,17.50,-735.0,-245.0,1,94.312,
01/01/2000,01:28:59.95,19.15,-61.0,-992.96,0.0,-612.50,-288.75,1,94.313,
01/01/2000,01:28:59.97,19.03,-61.24,-993.32,113.75,-682.50,-323.75,1,94.314,
01/01/2000,01:28:59.98,19.15,-61.49,-993.45,253.75,-647.50,-262.50,1,94.315,
01/01/2000,01:28:59.99,19.28,-61.49,-993.45,236.25,-770.0,-402.50,1,94.316,
01/01/2000,01:29:00.00,19.28,-61.12,-992.71,17.50,-630.0,-288.75,1,94.317,
01/01/2000,01:29:00.01,19.28,-61.0,-991.62,350.0,-717.50,-323.75,1,94.318,
01/01/2000,01:29:00.02,19.28,-60.51,-990.40,87.50,-752.50,-262.50,1,94.320,
01/01/2000,01:29:00.03,19.28,-60.88,-989.54,192.50,-630.0,-323.75,1,94.321,
01/01/2000,01:29:00.04,19.52,-61.37,-990.52,113.75,-673.75,-385.0,1,94.322,
01/01/2000,01:29:00.05,19.64,-61.61,-991.74,227.50,-726.25,-385.0,1,94.323,
01/01/2000,01:29:00.06,19.40,-61.24,-992.84,140.0,-726.25,-385.0,1,94.324,
01/01/2000,01:29:00.07,19.03,-61.0,-993.20,218.75,-752.50,-376.25,1,94.325,
01/01/2000,01:29:00.08,18.79,-60.39,-992.84,183.75,-673.75,-323.75,1,94.326,
01/01/2000,01:29:00.09,18.42,-60.39,-992.10,70.0,-735.0,-288.75,1,94.328,
01/01/2000,01:29:00.10,18.54,-60.76,-991.37,297.50,-717.50,-297.50,1,94.329,
01/01/2000,01:29:00.11,18.67,-61.49,-991.37,192.50,-752.50,-437.50,1,94.311,
01/01/2000,01:29:00.12,18.79,-61.85,-991.86,245.0,-726.25,-516.25,1,94.312,
01/01/2000,01:29:00.13,19.28,-61.98,-992.71,210.0,-761.25,-490.0,1,94.313,
01/01/2000,01:29:00.15,19.40,-61.37,-993.57,262.50,-665.0,-262.50,1,94.314,
01/01/2000,01:29:00.15,19.15,-60.88,-993.32,192.50,-726.25,-218.75,1,94.315,
01/01/2000,01:29:00.17,19.03,-60.63,-993.20,96.25,-673.75,-253.75,1,94.317,
01/01/2000,01:29:00.18,19.03,-61.12,-993.08,-35.0,-630.0,-218.75,1,94.318,
01/01/2000,01:29:00.19,19.15,-61.49,-993.32,0.0,-761.25,-236.25,1,94.319,
01/01/2000,01:29:00.20,19.52,-61.73,-993.08,43.75,-752.50,-402.50,1,94.320,
01/01/2000,01:29:00.21,19.28,-61.37,-992.35,183.75,-621.25,-358.75,1,94.321,
01/01/2000,01:29:00.22,18.91,-61.12,-991.25,201.25,-708.75,-350.0,1,94.322,
01/01/2000,01:29:00.24,18.42,-60.76,-990.64,131.25,-612.50,-192.50,1,94.305,
01/01/2000,01:29:00.25,18.54,-60.88,-991.25,70.0,-665.0,-280.0,1,94.306,
01/01/2000,01:29:00.26,18.79,-61.24,-992.47,166.25,-586.25,-402.50,1,94.307,
01/01/2000,01:29:00.27,19.03,-61.24,-993.08,210.0,-752.50,-332.50,1,94.308,
01/01/2000,01:29:00.28,19.28,-61.12,-993.08,306.25,-656.25,-463.75,1,94.309,
01/01/2000,01:29:00.29,19.52,-61.12,-992.59,192.50,-630.0,-332.50,1,94.310,
01/01/2000,01:29:00.30,19.52,-61.0,-991.62,157.50,-630.0,-297.50,1,94.311,
01/01/2000,01:29:00.31,19.40,-60.76,-991.25,148.75,-682.50,-288.75,1,94.313,
01/01/2000,01:29:00.32,19.40,-61.0,-991.49,175.0,-717.50,-385.0,1,94.314,
01/01/2000,01:29:00.33,19.40,-61.24,-992.35,113.75,-630.0,-428.75,1,94.315,
01/01/2000,01:29:00.34,19.52,-61.24,-993.20,271.25,-542.50,-428.75,1,94.316,
01/01/2000,01:29:00.35,19.28,-61.24,-993.08,192.50,-770.0,-297.50,1,94.317,
01/01/2000,01:29:00.36,18.91,-60.76,-992.59,70.0,-682.50,-227.50,1,94.318,
01/01/2000,01:29:00.37,18.79,-60.88,-992.23,201.25,-735.0,-245.0,1,94.319,
01/01/2000,01:29:00.38,18.79,-60.88,-991.98,78.75,-726.25,-350.0,1,94.320,
01/01/2000,01:29:00.39,19.03,-61.49,-992.59,113.75,-743.75,-446.25,1,94.303,
01/01/2000,01:29:00.40,19.52,-61.73,-993.32,175.0,-673.75,-402.50,1,94.304,
01/01/2000,01:29:00.41,19.52,-61.73,-993.57,131.25,-673.75,-437.50,1,94.305,
01/01/2000,01:29:00.42,19.03,-61.37,-993.32,253.75,-673.75,-306.25,1,94.306,
01/01/2000,01:29:00.43,18.54,-60.88,-992.23,43.75,-673.75,-245.0,1,94.307,
01/01/2000,01:29:00.44,18.06,-60.63,-990.52,148.75,-708.75,-297.50,1,94.308,
01/01/2000,01:29:00.45,18.54,-60.88,-990.15,140.0,-743.75,-385.0,1,94.310,
01/01/2000,01:29:00.47,19.40,-61.49,-990.64,192.50,-638.75,-402.50,1,94.311,
01/01/2000,01:29:00.48,19.64,-61.73,-991.13,166.25,-700.0,-507.50,1,94.312,
01/01/2000,01:29:00.49,19.76,-61.61,-991.62,183.75,-805.0,-376.25,1,94.313,
01/01/2000,01:29:00.50,19.52,-61.24,-992.10,113.75,-735.0,-341.25,1,94.314,
01/01/2000,01:29:00.51,18.79,-60.88,-992.10,122.50,-682.50,-262.50,1,94.315,
01/01/2000,01:29:00.52,18.54,-60.76,-992.35,96.25,-796.25,-192.50,1,94.316,
01/01/2000,01:29:00.53,18.79,-61.12,-992.35,166.25,-717.50,-358.75,1,94.318,
01/01/2000,01:29:00.54,18.79,-61.37,-992.35,131.25,-673.75,-367.50,1,94.319,
01/01/2000,01:29:00.55,18.54,-61.49,-991.98,96.25,-787.50,-481.25,1,94.320,
01/01/2000,01:29:00.56,18.67,-61.0,-991.37,0.0,-665.0,-306.25,1,94.321,
01/01/2000,01:29:00.57,18.79,-60.88,-991.49,183.75,-787.50,-297.50,1,94.303,
01/01/2000,01:29:00.58,19.28,-60.63,-992.10,61.25,-656.25,-271.25,1,94.323,
01/01/2000,01:29:00.59,19.03,-60.63,-992.71,236.25,-822.50,-332.50,1,94.306,
01/01/2000,01:29:00.61,19.28,-61.0,-993.57,122.50,-638.75,-393.75,1,94.307,
01/01/2000,01:29:00.62,19.52,-61.12,-994.06,227.50,-717.50,-306.25,1,94.308,
01/01/2000,01:29:00.63,19.64,-61.0,-994.30,105.0,-752.50,-367.50,1,94.309,
01/01/2000,01:29:00.64,19.52,-60.88,-993.81,52.50,-656.25,-463.75,1,94.310,
01/01/2000,01:29:00.65,19.15,-60.51,-992.71,105.0,-647.50,-280.0,1,94.311,
01/01/2000,01:29:00.66,18.54,-60.39,-991.25,-17.50,-796.25,-262.50,1,94.312,
01/01/2000,01:29:00.67,18.18,-60.51,-989.91,78.75,-665.0,-350.0,1,94.313,
01/01/2000,01:29:00.68,17.93,-61.0,-989.91,122.50,-770.0,-385.0,1,94.315,
01/01/2000,01:29:00.69,18.06,-61.12,-990.64,61.25,-726.25,-350.0,1,94.316,
01/01/2000,01:29:00.70,18.42,-61.0,-991.74,175.0,-717.50,-463.75,1,94.317,
01/01/2000,01:29:00.71,18.79,-60.63,-992.59,105.0,-691.25,-420.0,1,94.318,
01/01/2000,01:29:00.72,19.40,-60.27,-993.20,315.0,-761.25,-315.0,1,94.319,
01/01/2000,01:29:00.73,19.89,-60.27,-992.84,192.50,-743.75,-253.75,1,94.320,
01/01/2000,01:29:00.75,19.52,-60.51,-991.74,192.50,-533.75,-472.50,1,94.303,
01/01/2000,01:29:00.76,19.03,-61.12,-990.88,183.75,-717.50,-245.0,1,94.304,
01/01/2000,01:29:00.77,18.54,-61.0,-990.88,122.50,-796.25,-385.0,1,94.305,
01/01/2000,01:29:00.78,18.54,-60.88,-991.49,271.25,-700.0,-315.0,1,94.306,
01/01/2000,01:29:00.79,18.91,-60.39,-992.47,105.0,-770.0,-315.0,1,94.307,
01/01/2000,01:29:00.80,19.15,-60.51,-993.32,227.50,-682.50,-201.25,1,94.308,
01/01/2000,01:29:00.81,19.28,-60.76,-993.57,17.50,-682.50,-341.25,1,94.309,
01/01/2000,01:29:00.82,19.64,-61.12,-993.45,236.25,-708.75,-288.75,1,94.311,
01/01/2000,01:29:00.83,20.01,-61.12,-993.20,70.0,-708.75,-332.50,1,94.312,
01/01/2000,01:29:00.84,20.25,-61.37,-992.84,140.0,-665.0,-393.75,1,94.313,
01/01/2000,01:29:00.85,20.13,-61.0,-992.35,183.75,-621.25,-358.75,1,94.314,
01/01/2000,01:29:00.86,19.52,-60.76,-991.74,113.75,-638.75,-315.0,1,94.315,
01/01/2000,01:29:00.87,18.79,-60.76,-991.13,341.25,-673.75,-306.25,1,94.316,
01/01/2000,01:29:00.88,18.06,-60.76,-990.40,87.50,-665.0,-315.0,1,94.317,
01/01/2000,01:29:00.89,17.57,-60.88,-989.79,157.50,-770.0,-393.75,1,94.300,
01/01/2000,01:29:00.90,17.45,-61.24,-990.15,140.0,-700.0,-402.50,1,94.301,
01/01/2000,01:29:00.91,18.06,-61.24,-991.25,52.50,-682.50,-455.0,1,94.302,
01/01/2000,01:29:00.92,18.67,-61.24,-992.47,201.25,-673.75,-367.50,1,94.303,
01/01/2000,01:29:00.93,19.28,-61.0,-993.08,78.75,-656.25,-288.75,1,94.304,
01/01/2000,01:29:00.94,19.89,-60.88,-993.08,227.50,-691.25,-271.25,1,94.305,
01/01/2000,01:29:00.95,20.01,-60.51,-992.35,105.0,-665.0,-192.50,1,94.307,
01/01/2000,01:29:00.97,19.52,-60.88,-990.76,113.75,-665.0,-315.0,1,94.308,
01/01/2000,01:29:00.98,19.28,-61.12,-990.52,43.75,-673.75,-393.75,1,94.309,
01/01/2000,01:29:00.99,19.03,-61.24,-990.88,201.25,-761.25,-420.0,1,94.310,
01/01/2000,01:29:01.00,19.15,-61.24,-991.98,280.0,-735.0,-463.75,1,94.311,
01/01/2000,01:29:01.01,19.03,-60.88,-992.96,131.25,-621.25,-341.25,1,94.312,
01/01/2000,01:29:01.02,18.79,-60.51,-993.08,35.0,-735.0,-288.75,1,94.313,
01/01/2000,01:29:01.03,18.67,-60.51,-992.71,87.50,-770.0,-271.25,1,94.314,
01/01/2000,01:29:01.04,18.67,-60.76,-992.47,245.0,-673.75,-271.25,1,94.315,
01/01/2000,01:29:01.05,19.03,-61.12,-992.59,148.75,-656.25,-428.75,1,94.317,
01/01/2000,01:29:01.06,19.40,-61.37,-992.84,192.50,-673.75,-455.0,1,94.318,
01/01/2000,01:29:01.07,19.40,-61.24,-992.59,201.25,-708.75,-420.0,1,94.319,
01/01/2000,01:29:01.08,19.28,-60.76,-991.74,218.75,-656.25,-402.50,1,94.320,
01/01/2000,01:29:01.09,18.54,-60.51,-990.52,166.25,-691.25,-140.0,1,94.321,
01/01/2000,01:29:01.10,17.32,-60.63,-989.54,26.25,-673.75,-245.0,1,94.304,
01/01/2000,01:29:01.11,17.32,-61.0,-989.91,113.75,-743.75,-428.75,1,94.305,
01/01/2000,01:29:01.12,17.93,-61.24,-991.49,96.25,-752.50,-402.50,1,94.306,
01/01/2000,01:29:01.13,18.42,-61.24,-992.47,218.75,-621.25,-586.25,1,94.307,
01/01/2000,01:29:01.14,19.03,-60.88,-993.20,192.50,-673.75,-446.25,1,94.308,
01/01/2000,01:29:01.15,19.40,-60.63,-993.20,297.50,-682.50,-166.25,1,94.309,
01/01/2000,01:29:01.16,19.40,-60.63,-991.98,280.0,-717.50,-166.25,1,94.310,
01/01/2000,01:29:01.18,19.03,-60.88,-991.13,113.75,-787.50,-288.75,1,94.311,
01/01/2000,01:29:01.19,18.79,-61.49,-991.01,113.75,-700.0,-525.0,1,94.313,
01/01/2000,01:29:01.20,18.91,-61.61,-991.86,52.50,-805.0,-446.25,1,94.314,
01/01/2000,01:29:01.21,19.03,-61.24,-992.96,148.75,-647.50,-516.25,1,94.315,
01/01/2000,01:29:01.22,19.15,-61.0,-993.45,166.25,-673.75,-271.25,1,94.316,
01/01/2000,01:29:01.23,19.40,-60.39,-993.20,201.25,-708.75,-280.0,1,94.317,
01/01/2000,01:29:01.24,19.40,-60.63,-991.98,70.0,-691.25,-323.75,1,94.300,
01/01/2000,01:29:01.26,19.52,-61.37,-991.86,245.0,-761.25,-297.50,1,94.301,
01/01/2000,01:29:01.27,19.64,-61.73,-992.84,87.50,-717.50,-306.25,1,94.302,
01/01/2000,01:29:01.28,20.01,-61.73,-993.57,140.0,-621.25,-490.0,1,94.303,
01/01/2000,01:29:01.29,20.01,-60.76,-993.45,131.25,-682.50,-350.0,1,94.304,
01/01/2000,01:29:01.30,19.52,-60.39,-992.23,227.50,-630.0,-166.25,1,94.305,
01/01/2000,01:29:01.31,19.03,-60.27,-991.37,306.25,-743.75,-35.0,1,94.306,
01/01/2000,01:29:01.32,18.42,-60.76,-990.76,122.50,-682.50,-315.0,1,94.308,
01/01/2000,01:29:01.33,18.30,-61.49,-990.88,271.25,-647.50,-507.50,1,94.309,
01/01/2000,01:29:01.34,18.54,-61.49,-991.49,70.0,-726.25,-516.25,1,94.310,
01/01/2000,01:29:01.35,18.67,-61.37,-991.86,227.50,-761.25,-490.0,1,94.311,
01/01/2000,01:29:01.36,18.91,-61.0,-991.86,210.0,-691.25,-175.0,1,94.312,
01/01/2000,01:29:01.37,18.91,-60.63,-991.62,70.0,-656.25,-262.50,1,94.313,
01/01/2000,01:29:01.38,18.79,-60.76,-991.74,192.50,-770.0,-341.25,1,94.314,
01/01/2000,01:29:01.39,19.03,-61.0,-991.98,157.50,-612.50,-332.50,1,94.315,
01/01/2000,01:29:01.40,19.40,-61.49,-992.23,70.0,-752.50,-507.50,1,94.316,
01/01/2000,01:29:01.41,19.52,-61.24,-992.10,8.75,-612.50,-323.75,1,94.318,
01/01/2000,01:29:01.42,19.52,-60.76,-991.74,26.25,-638.75,-393.75,1,94.319,
01/01/2000,01:29:01.43,19.40,-60.51,-991.62,105.0,-805.0,-201.25,1,94.320,
01/01/2000,01:29:01.44,19.15,-60.51,-991.74,131.25,-621.25,-376.25,1,94.321,
01/01/2000,01:29:01.45,19.03,-60.76,-992.35,105.0,-665.0,-376.25,1,94.304,
01/01/2000,01:29:01.46,19.40,-61.0,-993.08,245.0,-647.50,-402.50,1,94.305,
01/01/2000,01:29:01.47,19.76,-61.24,-993.57,297.50,-682.50,-437.50,1,94.306,
01/01/2000,01:29:01.48,20.25,-60.88,-994.18,113.75,-647.50,-516.25,1,94.307,
01/01/2000,01:29:01.49,20.50,-60.76,-994.18,245.0,-700.0,-358.75,1,94.308,
01/01/2000,01:29:01.50,20.25,-60.39,-992.84,-8.75,-647.50,-245.0,1,94.309,
01/01/2000,01:29:01.51,19.52,-60.51,-991.62,105.0,-708.75,-157.50,1,94.310,
01/01/2000,01:29:01.53,18.54,-61.0,-990.40,192.50,-691.25,-288.75,1,94.311,
01/01/2000,01:29:01.54,17.81,-61.37,-990.15,332.50,-586.25,-420.0,1,94.312,
01/01/2000,01:29:01.55,17.81,-61.12,-990.52,17.50,-673.75,-490.0,1,94.314,
01/01/2000,01:29:01.56,18.06,-61.0,-991.13,227.50,-735.0,-358.75,1,94.315,
01/01/2000,01:29:01.57,19.03,-60.76,-992.35,183.75,-595.0,-437.50,1,94.316,
01/01/2000,01:29:01.58,20.01,-60.51,-992.59,201.25,-682.50,-332.50,1,94.317,
01/01/2000,01:29:01.59,20.25,-60.76,-992.35,148.75,-708.75,-218.75,1,94.318,
01/01/2000,01:29:01.60,20.37,-61.12,-991.62,175.0,-612.50,-332.50,1,94.301,
01/01/2000,01:29:01.61,19.89,-61.24,-991.37,175.0,-708.75,-358.75,1,94.302,
01/01/2000,01:29:01.62,19.52,-61.24,-991.62,183.75,-691.25,-446.25,1,94.303,
01/01/2000,01:29:01.63,19.03,-61.0,-992.23,201.25,-691.25,-315.0,1,94.304,
01/01/2000,01:29:01.64,19.03,-60.76,-992.59,148.75,-708.75,-455.0,1,94.305,
01/01/2000,01:29:01.65,19.03,-60.76,-992.96,148.75,-691.25,-236.25,1,94.306,
01/01/2000,01:29:01.67,19.52,-60.76,-993.20,113.75,-770.0,-332.50,1,94.307,
01/01/2000,01:29:01.68,19.76,-61.0,-993.20,236.25,-752.50,-428.75,1,94.308,
01/01/2000,01:29:01.69,20.13,-61.37,-993.57,201.25,-682.50,-455.0,1,94.310,
01/01/2000,01:29:01.70,20.25,-61.24,-993.57,96.25,-630.0,-227.50,1,94.311,
01/01/2000,01:29:01.71,20.13,-60.88,-993.32,253.75,-551.25,-288.75,1,94.312,
01/01/2000,01:29:01.72,19.76,-60.39,-992.71,183.75,-656.25,-306.25,1,94.313,
01/01/2000,01:29:01.73,19.03,-60.39,-991.49,113.75,-621.25,-253.75,1,94.314,
01/01/2000,01:29:01.74,17.93,-60.76,-990.40,17.50,-700.0,-367.50,1,94.315,
01/01/2000,01:29:01.75,17.32,-61.24,-990.15,52.50,-700.0,-393.75,1,94.316,
01/01/2000,01:29:01.76,17.81,-61.0,-990.88,210.0,-682.50,-682.50,1,94.299,
01/01/2000,01:29:01.78,18.30,-61.12,-991.86,210.0,-708.75,-393.75,1,94.300,
01/01/2000,01:29:01.79,19.15,-60.51,-992.84,52.50,-761.25,-315.0,1,94.301,
01/01/2000,01:29:01.80,19.76,-60.51,-992.59,210.0,-665.0,-96.25,1,94.302,
01/01/2000,01:29:01.81,19.76,-60.76,-992.10,70.0,-787.50,-245.0,1,94.303,
01/01/2000,01:29:01.82,19.52,-61.0,-991.49,148.75,-735.0,-262.50,1,94.305,
01/01/2000,01:29:01.83,19.15,-61.24,-991.37,131.25,-682.50,-507.50,1,94.306,
01/01/2000,01:29:01.84,19.03,-61.0,-992.10,148.75,-621.25,-507.50,1,94.307,
01/01/2000,01:29:01.85,19.28,-60.76,-992.71,183.75,-735.0,-411.25,1,94.308,
01/01/2000,01:29:01.86,19.52,-60.76,-993.08,341.25,-752.50,-315.0,1,94.309,
01/01/2000,01:29:01.87,19.52,-60.51,-993.20,52.50,-673.75,-393.75,1,94.310,
01/01/2000,01:29:01.88,19.52,-60.88,-992.71,288.75,-691.25,-122.50,1,94.311,
01/01/2000,01:29:01.89,19.64,-60.76,-992.35,166.25,-665.0,-411.25,1,94.312,
01/01/2000,01:29:01.90,19.76,-60.88,-992.23,148.75,-752.50,-367.50,1,94.313,
01/01/2000,01:29:01.91,19.89,-60.63,-992.84,183.75,-761.25,-271.25,1,94.314,
01/01/2000,01:29:01.92,19.76,-60.63,-992.84,148.75,-638.75,-367.50,1,94.316,
01/01/2000,01:29:01.93,19.52,-60.51,-992.23,113.75,-656.25,-253.75,1,94.317,
01/01/2000,01:29:01.94,18.79,-60.76,-991.25,87.50,-848.75,-280.0,1,94.318,
01/01/2000,01:29:01.95,18.42,-60.88,-990.52,113.75,-770.0,-236.25,1,94.319,
01/01/2000,01:29:01.96,18.30,-61.0,-990.64,35.0,-743.75,-367.50,1,94.320,
01/01/2000,01:29:01.97,18.54,-61.0,-991.25,157.50,-621.25,-568.75,1,94.321,
01/01/2000,01:29:01.98,19.15,-60.76,-992.10,157.50,-638.75,-376.25,1,94.322,
01/01/2000,01:29:01.99,19.52,-60.27,-992.84,131.25,-682.50,-376.25,1,94.323,
01/01/2000,01:29:02.00,19.76,-60.39,-992.84,236.25,-551.25,-236.25,1,94.324,
01/01/2000,01:29:02.01,19.64,-60.51,-992.35,218.75,-647.50,-358.75,1,94.325,
01/01/2000,01:29:02.02,19.40,-60.88,-991.49,245.0,-735.0,-306.25,1,94.308,
01/01/2000,01:29:02.03,19.15,-61.0,-991.62,52.50,-761.25,-393.75,1,94.309,
01/01/2000,01:29:02.04,19.28,-60.76,-992.35,183.75,-665.0,-560.0,1,94.311,
01/01/2000,01:29:02.05,19.40,-60.51,-992.84,166.25,-682.50,-262.50,1,94.312,
01/01/2000,01:29:02.06,19.52,-60.39,-992.84,131.25,-691.25,-350.0,1,94.313,
01/01/2000,01:29:02.07,19.28,-60.27,-992.59,192.50,-700.0,-271.25,1,94.314,
01/01/2000,01:29:02.09,19.52,-60.63,-992.10,210.0,-717.50,-402.50,1,94.315,
01/01/2000,01:29:02.10,19.40,-61.12,-992.23,245.0,-726.25,-332.50,1,94.316,
01/01/2000,01:29:02.11,19.64,-61.24,-992.59,140.0,-665.0,-446.25,1,94.317,
01/01/2000,01:29:02.12,19.64,-61.0,-992.96,227.50,-717.50,-385.0,1,94.318,
01/01/2000,01:29:02.13,19.76,-60.63,-993.08,140.0,-577.50,-428.75,1,94.319,
01/01/2000,01:29:02.14,19.40,-60.27,-992.59,122.50,-717.50,-157.50,1,94.320,
01/01/2000,01:29:02.15,19.03,-60.39,-991.62,-35.0,-700.0,-262.50,1,94.321,
01/01/2000,01:29:02.16,18.30,-60.88,-991.25,105.0,-778.75,-428.75,1,94.304,
01/01/2000,01:29:02.17,18.18,-61.37,-991.37,61.25,-621.25,-481.25,1,94.306,
01/01/2000,01:29:02.18,18.30,-61.12,-991.37,323.75,-717.50,-455.0,1,94.307,
01/01/2000,01:29:02.19,18.42,-60.88,-991.49,192.50,-665.0,-315.0,1,94.308,
01/01/2000,01:29:02.20,18.30,-60.63,-991.62,192.50,-647.50,-367.50,1,94.309,
01/01/2000,01:29:02.21,18.79,-60.63,-991.62,61.25,-726.25,-315.0,1,94.310,
01/01/2000,01:29:02.22,19.03,-61.12,-991.86,140.0,-752.50,-271.25,1,94.311,
01/01/2000,01:29:02.24,19.76,-61.49,-992.59,166.25,-691.25,-332.50,1,94.312,
01/01/2000,01:29:02.25,19.89,-61.37,-992.71,166.25,-743.75,-411.25,1,94.313,
01/01/2000,01:29:02.26,19.76,-60.76,-992.59,43.75,-586.25,-297.50,1,94.314,
01/01/2000,01:29:02.27,19.64,-60.27,-992.10,210.0,-656.25,-175.0,1,94.315,
01/01/2000,01:29:02.28,19.40,-60.76,-991.86,218.75,-700.0,-245.0,1,94.316,
01/01/2000,01:29:02.29,19.28,-61.12,-991.98,218.75,-708.75,-428.75,1,94.318,
01/01/2000,01:29:02.30,19.40,-61.37,-992.59,201.25,-673.75,-498.75,1,94.301,
01/01/2000,01:29:02.31,20.13,-61.37,-993.32,183.75,-673.75,-577.50,1,94.302,
01/01/2000,01:29:02.32,20.50,-60.88,-993.93,131.25,-647.50,-411.25,1,94.303,
01/01/2000,01:29:02.33,20.86,-60.63,-993.81,175.0,-577.50,-253.75,1,94.304,
01/01/2000,01:29:02.34,20.50,-60.51,-992.96,148.75,-770.0,-122.50,1,94.305,
01/01/2000,01:29:02.35,19.52,-60.76,-991.13,105.0,-621.25,-288.75,1,94.306,
01/01/2000,01:29:02.36,18.67,-61.49,-990.40,183.75,-770.0,-455.0,1,94.307,
01/01/2000,01:29:02.37,18.06,-61.73,-990.15,210.0,-577.50,-595.0,1,94.308,
01/01/2000,01:29:02.38,17.81,-61.49,-990.64,113.75,-612.50,-498.75,1,94.309,
01/01/2000,01:29:02.39,18.18,-60.76,-991.25,297.50,-665.0,-437.50,1,94.310,
01/01/2000,01:29:02.40,18.79,-60.27,-991.74,157.50,-630.0,-402.50,1,94.311,
01/01/2000,01:29:02.42,19.40,-60.51,-992.10,297.50,-796.25,-183.75,1,94.313,
01/01/2000,01:29:02.42,20.01,-60.76,-992.23,157.50,-586.25,-411.25,1,94.314,
01/01/2000,01:29:02.44,20.13,-61.12,-991.98,175.0,-717.50,-297.50,1,94.315,
01/01/2000,01:29:02.45,19.28,-60.88,-991.37,227.50,-735.0,-297.50,1,94.316,
01/01/2000,01:29:02.46,18.79,-60.76,-991.01,35.0,-673.75,-358.75,1,94.317,
01/01/2000,01:29:02.47,18.67,-60.63,-991.13,227.50,-708.75,-498.75,1,94.318,
01/01/2000,01:29:02.48,18.06,-60.51,-991.62,175.0,-735.0,-341.25,1,94.319,
01/01/2000,01:29:02.49,18.18,-61.0,-992.47,148.75,-682.50,-358.75,1,94.320,
01/01/2000,01:29:02.50,19.15,-60.88,-993.08,183.75,-638.75,-411.25,1,94.321,
01/01/2000,01:29:02.51,20.25,-61.24,-993.57,175.0,-700.0,-420.0,1,94.304,
01/01/2000,01:29:02.52,20.50,-61.12,-993.57,70.0,-726.25,-455.0,1,94.305,
01/01/2000,01:29:02.53,21.23,-61.12,-993.20,227.50,-673.75,-367.50,1,94.306,
01/01/2000,01:29:02.54,20.98,-61.0,-992.84,201.25,-665.0,-288.75,1,94.308,
01/01/2000,01:29:02.55,19.28,-60.88,-991.62,70.0,-761.25,-122.50,1,94.309,
01/01/2000,01:29:02.56,18.30,-60.76,-990.88,87.50,-761.25,-175.0,1,94.310,
01/01/2000,01:29:02.57,17.69,-60.76,-990.15,87.50,-656.25,-341.25,1,94.311,
01/01/2000,01:29:02.59,16.59,-61.0,-990.64,201.25,-691.25,-630.0,1,94.312,
01/01/2000,01:29:02.60,17.45,-61.0,-991.74,262.50,-735.0,-673.75,1,94.313,
01/01/2000,01:29:02.61,18.91,-60.51,-993.08,113.75,-743.75,-437.50,1,94.314,
01/01/2000,01:29:02.62,19.89,-60.51,-993.57,113.75,-603.75,-210.0,1,94.315,
01/01/2000,01:29:02.63,20.86,-60.27,-993.57,35.0,-638.75,-192.50,1,94.316,
01/01/2000,01:29:02.64,21.59,-60.76,-992.96,297.50,-656.25,-175.0,1,94.317,
01/01/2000,01:29:02.65,19.76,-61.0,-991.86,26.25,-743.75,-236.25,1,94.318,
01/01/2000,01:29:02.66,19.03,-61.24,-991.49,297.50,-787.50,-428.75,1,94.319,
01/01/2000,01:29:02.67,18.91,-60.88,-991.86,148.75,-691.25,-603.75,1,94.321,
01/01/2000,01:29:02.68,18.06,-60.76,-992.47,297.50,-638.75,-437.50,1,94.322,
01/01/2000,01:29:02.69,17.93,-60.27,-992.71,131.25,-612.50,-201.25,1,94.323,
01/01/2000,01:29:02.70,19.15,-60.51,-992.59,166.25,-568.75,-236.25,1,94.324,
01/01/2000,01:29:02.71,19.52,-61.0,-992.71,166.25,-796.25,-376.25,1,94.325,
01/01/2000,01:29:02.72,20.01,-61.0,-992.96,218.75,-577.50,-376.25,1,94.308,
01/01/2000,01:29:02.73,21.23,-61.24,-992.59,367.50,-761.25,-210.0,1,94.309,
01/01/2000,01:29:02.75,20.25,-60.76,-991.86,87.50,-708.75,-201.25,1,94.310,
01/01/2000,01:29:02.75,18.54,-60.76,-990.88,175.0,-735.0,0.0,1,94.311,
01/01/2000,01:29:02.77,18.18,-60.51,-990.03,175.0,-743.75,-358.75,1,94.312,
01/01/2000,01:29:02.78,16.96,-61.0,-990.27,87.50,-673.75,-446.25,1,94.313,
01/01/2000,01:29:02.79,17.45,-60.88,-991.74,323.75,-743.75,-516.25,1,94.297,
01/01/2000,01:29:02.81,19.28,-60.76,-992.59,96.25,-726.25,-472.50,1,94.298,
01/01/2000,01:29:02.82,19.40,-60.76,-992.71,113.75,-612.50,-210.0,1,94.299,
01/01/2000,01:29:02.83,19.76,-60.51,-992.35,17.50,-831.25,0.0,1,94.300,
01/01/2000,01:29:02.84,20.25,-60.76,-991.49,131.25,-796.25,-253.75,1,94.301,
01/01/2000,01:29:02.85,18.79,-61.24,-991.37,157.50,-770.0,-402.50,1,94.302,
01/01/2000,01:29:02.86,18.79,-61.0,-991.98,122.50,-656.25,-490.0,1,94.303,
01/01/2000,01:29:02.87,19.52,-61.24,-992.47,253.75,-770.0,-350.0,1,94.304,
01/01/2000,01:29:02.88,19.28,-61.12,-992.71,297.50,-708.75,-481.25,1,94.305,
01/01/2000,01:29:02.89,18.79,-60.63,-992.35,122.50,-673.75,-428.75,1,94.306,
01/01/2000,01:29:02.90,19.52,-60.76,-991.86,148.75,-822.50,-288.75,1,94.307,
01/01/2000,01:29:02.91,19.89,-61.0,-992.10,52.50,-682.50,-455.0,1,94.308,
01/01/2000,01:29:02.92,19.76,-61.49,-993.08,166.25,-796.25,-411.25,1,94.310,
01/01/2000,01:29:02.93,20.86,-61.24,-993.69,78.75,-665.0,-376.25,1,94.311,
01/01/2000,01:29:02.94,20.74,-60.76,-992.96,166.25,-551.25,-411.25,1,94.312,
01/01/2000,01:29:02.95,18.91,-60.51,-992.10,210.0,-735.0,0.0,1,94.313,
01/01/2000,01:29:02.96,18.06,-60.27,-990.76,-26.25,-752.50,-70.0,1,94.314,
01/01/2000,01:29:02.97,18.30,-60.76,-990.52,105.0,-822.50,-525.0,1,94.315,
01/01/2000,01:29:02.98,17.57,-61.24,-991.13,218.75,-743.75,-586.25,1,94.316,
01/01/2000,01:29:02.99,17.45,-61.0,-991.86,113.75,-638.75,-455.0,1,94.317,
01/01/2000,01:29:03.00,18.79,-60.63,-991.98,35.0,-708.75,-271.25,1,94.318,
01/01/2000,01:29:03.01,18.79,-60.76,-991.62,105.0,-857.50,-122.50,1,94.301,
01/01/2000,01:29:03.02,18.79,-61.24,-991.49,175.0,-743.75,-183.75,1,94.302,
01/01/2000,01:29:03.03,19.76,-61.85,-991.37,140.0,-638.75,-227.50,1,94.304,
01/01/2000,01:29:03.04,19.03,-61.85,-991.37,157.50,-691.25,-542.50,1,94.305,
01/01/2000,01:29:03.05,18.30,-61.24,-991.86,70.0,-708.75,-437.50,1,94.306,
01/01/2000,01:29:03.06,19.28,-60.39,-992.23,87.50,-577.50,-105.0,1,94.307,
01/01/2000,01:29:03.07,19.52,-60.27,-992.35,113.75,-717.50,-43.75,1,94.308,
01/01/2000,01:29:03.09,18.54,-60.76,-992.35,122.50,-638.75,-411.25,1,94.309,
01/01/2000,01:29:03.10,19.89,-61.12,-992.47,227.50,-682.50,-525.0,1,94.310,
01/01/2000,01:29:03.11,20.74,-61.61,-992.84,113.75,-665.0,-621.25,1,94.311,
01/01/2000,01:29:03.12,20.25,-61.24,-993.32,70.0,-787.50,-350.0,1,94.312,
01/01/2000,01:29:03.13,20.98,-60.51,-992.96,218.75,-673.75,-201.25,1,94.313,
01/01/2000,01:29:03.14,20.86,-60.27,-992.10,175.0,-665.0,61.25,1,94.314,
01/01/2000,01:29:03.15,17.93,-60.76,-990.64,140.0,-735.0,-70.0,1,94.298,
01/01/2000,01:29:03.16,17.57,-61.12,-989.91,262.50,-665.0,-376.25,1,94.299,
01/01/2000,01:29:03.17,17.45,-61.24,-989.66,131.25,-743.75,-612.50,1,94.300,
01/01/2000,01:29:03.18,16.84,-61.12,-990.27,236.25,-761.25,-708.75,1,94.301,
01/01/2000,01:29:03.19,17.81,-60.39,-991.25,96.25,-595.0,-446.25,1,94.302,
01/01/2000,01:29:03.20,19.40,-60.15,-991.62,96.25,-630.0,-236.25,1,94.303,
01/01/2000,01:29:03.21,20.13,-60.76,-991.98,262.50,-700.0,-183.75,1,94.304,
01/01/2000,01:29:03.23,20.01,-61.12,-992.96,-175.0,-673.75,-96.25,1,94.305,
01/01/2000,01:29:03.24,20.25,-62.22,-993.08,315.0,-761.25,-647.50,1,94.306,
01/01/2000,01:29:03.25,20.25,-60.88,-993.81,166.25,-770.0,-673.75,1,94.307,
01/01/2000,01:29:03.26,20.37,-60.15,-994.06,122.50,-717.50,-428.75,1,94.308,
01/01/2000,01:29:03.27,21.47,-60.63,-994.79,183.75,-700.0,-227.50,1,94.309,
01/01/2000,01:29:03.28,22.69,-60.76,-996.25,253.75,-638.75,-385.0,1,94.310,
01/01/2000,01:29:03.29,25.86,-61.98,-999.30,253.75,-621.25,-498.75,1,94.294,
01/01/2000,01:29:03.31,26.96,-61.0,-999.55,131.25,-638.75,-271.25,1,94.295,
01/01/2000,01:29:03.32,26.72,-60.51,-998.57,183.75,-691.25,-122.50,1,94.296,
01/01/2000,01:29:03.33,25.62,-60.15,-997.35,35.0,-752.50,-43.75,1,94.297,
01/01/2000,01:29:03.34,24.40,-60.76,-996.37,87.50,-630.0,-78.75,1,94.298,
01/01/2000,01:29:03.35,23.06,-61.37,-995.52,253.75,-735.0,-525.0,1,94.299,
01/01/2000,01:29:03.36,21.72,-61.49,-995.76,192.50,-717.50,-717.50,1,94.300,
01/01/2000,01:29:03.37,21.96,-61.0,-996.13,271.25,-577.50,-700.0,1,94.301,
01/01/2000,01:29:03.38,23.18,-60.51,-997.11,218.75,-717.50,-446.25,1,94.302,
01/01/2000,01:29:03.39,26.11,-60.51,-999.42,166.25,-726.25,-358.75,1,94.303,
01/01/2000,01:29:03.40,28.43,-61.37,-1000.64,253.75,-560.0,-341.25,1,94.305,
01/01/2000,01:29:03.41,29.77,-61.49,-1001.50,78.75,-665.0,-315.0,1,94.306,
01/01/2000,01:29:03.42,30.50,-61.73,-1001.38,131.25,-665.0,-218.75,1,94.307,
01/01/2000,01:29:03.43,29.28,-61.0,-1000.16,210.0,-638.75,-8.75,1,94.308,
01/01/2000,01:29:03.44,27.57,-60.63,-999.06,122.50,-691.25,-96.25,1,94.309,
01/01/2000,01:29:03.45,25.38,-60.51,-997.72,148.75,-673.75,-113.75,1,94.310,
01/01/2000,01:29:03.46,23.67,-60.63,-996.74,131.25,-595.0,-420.0,1,94.311,
01/01/2000,01:29:03.47,22.69,-61.0,-996.01,227.50,-708.75,-393.75,1,94.312,
01/01/2000,01:29:03.48,22.94,-61.0,-996.01,140.0,-726.25,-743.75,1,94.313,
01/01/2000,01:29:03.49,24.40,-61.0,-996.98,288.75,-761.25,-603.75,1,94.314,
01/01/2000,01:29:03.50,25.99,-61.24,-998.33,157.50,-647.50,-411.25,1,94.315,
01/01/2000,01:29:03.51,26.35,-61.24,-998.45,131.25,-603.75,0.0,1,94.299,
01/01/2000,01:29:03.52,23.79,-60.88,-995.89,122.50,-665.0,26.25,1,94.300,
01/01/2000,01:29:03.53,21.72,-61.0,-994.42,131.25,-761.25,-210.0,1,94.301,
01/01/2000,01:29:03.54,20.37,-61.12,-993.81,157.50,-656.25,-507.50,1,94.302,
01/01/2000,01:29:03.55,20.01,-61.24,-994.06,183.75,-743.75,-726.25,1,94.303,
01/01/2000,01:29:03.56,20.25,-60.88,-994.30,105.0,-673.75,-577.50,1,94.304,
01/01/2000,01:29:03.58,21.47,-60.51,-994.30,192.50,-717.50,-201.25,1,94.305,
01/01/2000,01:29:03.59,21.96,-61.0,-993.81,183.75,-735.0,-201.25,1,94.306,
01/01/2000,01:29:03.60,21.47,-61.37,-993.69,140.0,-770.0,-315.0,1,94.307,
01/01/2000,01:29:03.61,20.98,-61.49,-993.57,157.50,-595.0,-315.0,1,94.308,
01/01/2000,01:29:03.62,20.13,-61.12,-993.32,192.50,-726.25,-455.0,1,94.309,
01/01/2000,01:29:03.63,19.28,-60.51,-992.96,210.0,-726.25,-341.25,1,94.310,
01/01/2000,01:29:03.64,19.40,-60.39,-992.84,236.25,-735.0,-525.0,1,94.311,
01/01/2000,01:29:03.65,20.01,-61.0,-992.84,35.0,-708.75,-288.75,1,94.312,
01/01/2000,01:29:03.66,20.37,-61.24,-992.96,157.50,-708.75,-472.50,1,94.314,
01/01/2000,01:29:03.67,20.37,-61.61,-992.96,210.0,-787.50,-463.75,1,94.315,
01/01/2000,01:29:03.68,20.13,-61.24,-992.84,157.50,-621.25,-350.0,1,94.316,
01/01/2000,01:29:03.69,19.40,-60.51,-992.35,140.0,-691.25,-376.25,1,94.317,
01/01/2000,01:29:03.70,19.03,-60.27,-992.23,245.0,-673.75,-271.25,1,94.318,
01/01/2000,01:29:03.71,19.03,-60.63,-992.35,192.50,-665.0,-420.0,1,94.319,
01/01/2000,01:29:03.73,19.52,-61.24,-992.35,332.50,-717.50,-437.50,1,94.302,
01/01/2000,01:29:03.73,19.89,-61.49,-992.47,26.25,-735.0,-341.25,1,94.303,
01/01/2000,01:29:03.75,20.01,-61.12,-992.47,253.75,-673.75,-367.50,1,94.304,
01/01/2000,01:29:03.76,19.52,-60.51,-992.35,113.75,-708.75,-227.50,1,94.305,
01/01/2000,01:29:03.77,19.03,-60.39,-992.35,140.0,-761.25,-201.25,1,94.307,
01/01/2000,01:29:03.78,18.91,-60.51,-992.35,-8.75,-673.75,-306.25,1,94.308,
01/01/2000,01:29:03.79,19.15,-60.76,-992.35,78.75,-665.0,-437.50,1,94.309,
01/01/2000,01:29:03.80,19.64,-60.88,-992.10,105.0,-743.75,-420.0,1,94.292,
01/01/2000,01:29:03.81,19.52,-60.76,-992.35,166.25,-673.75,-332.50,1,94.293,
01/01/2000,01:29:03.82,19.28,-60.76,-992.59,201.25,-682.50,-341.25,1,94.294,
01/01/2000,01:29:03.83,19.03,-61.0,-993.08,227.50,-691.25,-367.50,1,94.295,
01/01/2000,01:29:03.84,18.30,-61.0,-994.54,192.50,-805.0,-61.25,1,94.296,
01/01/2000,01:29:03.85,17.08,-61.49,-996.01,166.25,-752.50,-218.75,1,94.297,
01/01/2000,01:29:03.87,15.98,-61.24,-996.74,297.50,-717.50,-603.75,1,94.298,
01/01/2000,01:29:03.88,15.86,-60.27,-997.23,-70.0,-717.50,-498.75,1,94.300,
01/01/2000,01:29:03.89,16.84,-60.27,-998.20,78.75,-770.0,-218.75,1,94.301,
01/01/2000,01:29:03.90,19.64,-60.76,-999.18,236.25,-612.50,-358.75,1,94.302,
01/01/2000,01:29:03.91,21.47,-61.0,-999.91,122.50,-700.0,-463.75,1,94.303,
01/01/2000,01:29:03.92,22.81,-61.24,-999.91,148.75,-621.25,-341.25,1,94.304,
01/01/2000,01:29:03.93,23.18,-60.76,-999.30,87.50,-805.0,-376.25,1,94.305,
01/01/2000,01:29:03.94,22.69,-60.63,-999.91,140.0,-822.50,-245.0,1,94.306,
01/01/2000,01:29:03.95,22.45,-60.51,-1000.89,157.50,-665.0,-367.50,1,94.307,
01/01/2000,01:29:03.96,21.59,-60.88,-1002.47,218.75,-656.25,-262.50,1,94.308,
01/01/2000,01:29:03.97,20.01,-61.0,-1003.82,350.0,-533.75,-428.75,1,94.309,
01/01/2000,01:29:03.98,19.03,-61.24,-1004.18,253.75,-708.75,-385.0,1,94.310,
01/01/2000,01:29:03.99,18.30,-61.12,-1003.94,113.75,-630.0,-323.75,1,94.311,
01/01/2000,01:29:04.00,18.30,-60.88,-1003.08,332.50,-708.75,-350.0,1,94.312,
01/01/2000,01:29:04.01,18.30,-60.76,-1001.86,17.50,-735.0,-306.25,1,94.313,
01/01/2000,01:29:04.02,18.54,-61.0,-1000.28,183.75,-691.25,-402.50,1,94.314,
01/01/2000,01:29:04.03,18.67,-61.0,-998.94,218.75,-621.25,-393.75,1,94.315,
01/01/2000,01:29:04.04,19.03,-61.0,-998.33,297.50,-656.25,-376.25,1,94.316,
01/01/2000,01:29:04.05,20.25,-60.88,-998.45,315.0,-743.75,-516.25,1,94.318,
01/01/2000,01:29:04.06,21.23,-60.76,-999.55,157.50,-857.50,-428.75,1,94.319,
01/01/2000,01:29:04.07,22.20,-61.0,-1000.89,183.75,-682.50,-280.0,1,94.302,
01/01/2000,01:29:04.08,21.96,-60.88,-1000.89,96.25,-656.25,-297.50,1,94.303,
01/01/2000,01:29:04.09,21.35,-61.0,-999.91,306.25,-665.0,-306.25,1,94.304,
01/01/2000,01:29:04.10,20.01,-61.0,-997.96,218.75,-770.0,-315.0,1,94.305,
01/01/2000,01:29:04.11,18.06,-60.63,-996.74,227.50,-752.50,-428.75,1,94.306,
01/01/2000,01:29:04.12,17.57,-60.88,-995.76,253.75,-603.75,-358.75,1,94.307,
01/01/2000,01:29:04.14,17.32,-60.76,-994.67,148.75,-656.25,-402.50,1,94.308,
01/01/2000,01:29:04.15,17.32,-60.88,-994.06,358.75,-735.0,-367.50,1,94.310,
01/01/2000,01:29:04.16,17.81,-60.88,-993.81,271.25,-708.75,-402.50,1,94.311,
01/01/2000,01:29:04.17,19.03,-61.0,-993.57,280.0,-656.25,-437.50,1,94.312,
01/01/2000,01:29:04.18,19.03,-60.63,-992.96,52.50,-665.0,-288.75,1,94.313,
01/01/2000,01:29:04.19,18.91,-60.51,-992.59,227.50,-691.25,-271.25,1,94.314,
01/01/2000,01:29:04.20,19.03,-60.51,-992.71,148.75,-761.25,-306.25,1,94.315,
01/01/2000,01:29:04.21,19.76,-61.0,-993.57,262.50,-673.75,-463.75,1,94.316,
01/01/2000,01:29:04.22,20.25,-60.63,-994.54,271.25,-595.0,-245.0,1,94.317,
01/01/2000,01:29:04.23,20.01,-60.51,-994.30,140.0,-752.50,-227.50,1,94.318,
01/01/2000,01:29:04.24,20.01,-60.63,-993.93,87.50,-586.25,-350.0,1,94.302,
01/01/2000,01:29:04.25,19.52,-60.76,-993.45,166.25,-778.75,-490.0,1,94.320,
01/01/2000,01:29:04.26,19.64,-60.63,-992.84,280.0,-560.0,-358.75,1,94.304,
01/01/2000,01:29:04.27,19.89,-60.76,-992.47,192.50,-717.50,-463.75,1,94.305,
01/01/2000,01:29:04.29,20.01,-60.51,-992.35,113.75,-682.50,-323.75,1,94.306,
01/01/2000,01:29:04.30,20.25,-60.63,-992.23,183.75,-700.0,-306.25,1,94.307,
01/01/2000,01:29:04.31,19.40,-60.76,-992.10,218.75,-717.50,-350.0,1,94.308,
01/01/2000,01:29:04.32,18.54,-60.76,-991.01,166.25,-647.50,-271.25,1,94.309,
01/01/2000,01:29:04.33,17.08,-60.76,-990.64,131.25,-743.75,-350.0,1,94.310,
01/01/2000,01:29:04.34,16.96,-60.51,-990.88,96.25,-743.75,-402.50,1,94.311,
01/01/2000,01:29:04.35,17.57,-60.63,-991.86,96.25,-717.50,-463.75,1,94.295,
01/01/2000,01:29:04.36,18.91,-60.88,-993.57,105.0,-665.0,-385.0,1,94.296,
01/01/2000,01:29:04.37,19.89,-60.88,-993.81,175.0,-568.75,-420.0,1,94.297,
01/01/2000,01:29:04.38,20.50,-60.63,-993.32,131.25,-656.25,-341.25,1,94.298,
01/01/2000,01:29:04.39,20.98,-60.63,-992.71,96.25,-787.50,-297.50,1,94.299,
01/01/2000,01:29:04.40,20.74,-61.0,-992.35,210.0,-822.50,-262.50,1,94.300,
01/01/2000,01:29:04.41,20.50,-61.0,-992.59,122.50,-708.75,-393.75,1,94.301,
01/01/2000,01:29:04.42,19.52,-61.0,-992.47,122.50,-717.50,-376.25,1,94.302,
01/01/2000,01:29:04.43,18.54,-60.51,-991.62,262.50,-673.75,-315.0,1,94.303,
01/01/2000,01:29:04.44,17.45,-60.27,-991.13,218.75,-805.0,-218.75,1,94.304,
01/01/2000,01:29:04.45,16.96,-60.51,-990.64,175.0,-708.75,-341.25,1,94.305,
01/01/2000,01:29:04.46,16.59,-61.0,-990.40,122.50,-665.0,-271.25,1,94.306,
01/01/2000,01:29:04.47,16.35,-61.24,-990.40,70.0,-630.0,-498.75,1,94.307,
01/01/2000,01:29:04.48,17.32,-61.0,-991.13,140.0,-866.25,-481.25,1,94.308,
01/01/2000,01:29:04.50,18.42,-60.76,-992.47,166.25,-726.25,-358.75,1,94.309,
01/01/2000,01:29:04.51,20.62,-60.63,-993.20,166.25,-735.0,-525.0,1,94.310,
01/01/2000,01:29:04.52,21.72,-60.76,-993.57,236.25,-551.25,-271.25,1,94.311,
01/01/2000,01:29:04.53,22.45,-60.76,-993.08,87.50,-787.50,-253.75,1,94.313,
01/01/2000,01:29:04.54,22.33,-61.24,-992.35,201.25,-735.0,-140.0,1,94.314,
01/01/2000,01:29:04.55,20.74,-61.37,-991.86,131.25,-708.75,-227.50,1,94.315,
01/01/2000,01:29:04.56,18.67,-61.12,-991.86,192.50,-726.25,-568.75,1,94.316,
01/01/2000,01:29:04.57,17.32,-60.51,-991.86,192.50,-665.0,-315.0,1,94.299,
01/01/2000,01:29:04.58,16.71,-60.39,-991.62,306.25,-673.75,-542.50,1,94.300,
01/01/2000,01:29:04.59,16.47,-60.39,-991.01,280.0,-761.25,-446.25,1,94.301,
01/01/2000,01:29:04.60,16.59,-60.88,-990.15,113.75,-656.25,-280.0,1,94.303,
01/01/2000,01:29:04.61,16.96,-61.24,-989.54,175.0,-857.50,-376.25,1,94.304,
01/01/2000,01:29:04.62,17.57,-61.12,-989.42,148.75,-805.0,-621.25,1,94.305,
01/01/2000,01:29:04.64,19.28,-60.76,-991.37,87.50,-665.0,-848.75,1,94.306,
01/01/2000,01:29:04.65,20.50,-60.76,-993.08,105.0,-717.50,-691.25,1,94.307,
01/01/2000,01:29:04.66,21.23,-60.76,-994.30,262.50,-717.50,-752.50,1,94.308,
01/01/2000,01:29:04.67,21.47,-60.88,-993.69,280.0,-726.25,-166.25,1,94.309,
01/01/2000,01:29:04.68,20.98,-61.0,-992.23,166.25,-691.25,-43.75,1,94.310,
01/01/2000,01:29:04.69,19.89,-61.24,-990.88,280.0,-892.50,-350.0,1,94.311,
01/01/2000,01:29:04.70,18.30,-61.37,-990.27,131.25,-787.50,-393.75,1,94.312,
01/01/2000,01:29:04.71,17.20,-61.24,-991.25,157.50,-708.75,-341.25,1,94.313,
01/01/2000,01:29:04.72,17.20,-60.76,-992.84,175.0,-595.0,-437.50,1,94.314,
01/01/2000,01:29:04.73,18.30,-60.51,-993.32,166.25,-516.25,-490.0,1,94.315,
01/01/2000,01:29:04.74,19.28,-60.51,-993.32,236.25,-708.75,-507.50,1,94.316,
01/01/2000,01:29:04.75,20.25,-61.12,-992.35,140.0,-647.50,-385.0,1,94.317,
01/01/2000,01:29:04.76,20.74,-61.49,-990.76,113.75,-831.25,-402.50,1,94.318,
01/01/2000,01:29:04.77,20.74,-61.37,-989.79,183.75,-743.75,-568.75,1,94.302,
01/01/2000,01:29:04.78,21.11,-61.24,-991.86,218.75,-761.25,-341.25,1,94.303,
01/01/2000,01:29:04.79,20.98,-61.0,-994.06,280.0,-726.25,-428.75,1,94.304,
01/01/2000,01:29:04.80,20.74,-60.51,-995.28,183.75,-656.25,-280.0,1,94.305,
01/01/2000,01:29:04.81,20.25,-60.39,-994.91,175.0,-665.0,-280.0,1,94.306,
01/01/2000,01:29:04.83,18.79,-60.88,-991.86,323.75,-796.25,-262.50,1,94.307,
01/01/2000,01:29:04.84,18.06,-61.24,-990.88,201.25,-638.75,-568.75,1,94.291,
01/01/2000,01:29:04.85,17.81,-61.49,-991.37,262.50,-840.0,-533.75,1,94.292,
01/01/2000,01:29:04.86,17.93,-60.88,-992.23,288.75,-691.25,-603.75,1,94.293,
01/01/2000,01:29:04.87,18.54,-60.27,-992.96,157.50,-691.25,-358.75,1,94.294,
01/01/2000,01:29:04.88,19.15,-60.02,-992.84,105.0,-691.25,-210.0,1,94.295,
01/01/2000,01:29:04.89,19.28,-60.51,-991.86,262.50,-717.50,-271.25,1,94.296,
01/01/2000,01:29:04.90,19.03,-61.37,-990.64,218.75,-770.0,-402.50,1,94.297,
01/01/2000,01:29:04.91,18.54,-61.49,-989.54,280.0,-682.50,-411.25,1,94.298,
01/01/2000,01:29:04.93,17.81,-61.12,-989.66,218.75,-735.0,-402.50,1,94.299,
01/01/2000,01:29:04.94,17.93,-60.76,-991.13,87.50,-778.75,-446.25,1,94.300,
01/01/2000,01:29:04.95,18.42,-60.27,-992.84,192.50,-673.75,-306.25,1,94.301,
01/01/2000,01:29:04.96,19.15,-60.15,-994.18,236.25,-586.25,-288.75,1,94.302,
01/01/2000,01:29:04.97,19.89,-60.76,-994.06,78.75,-673.75,-280.0,1,94.303,
01/01/2000,01:29:04.98,20.13,-61.24,-993.57,245.0,-735.0,-218.75,1,94.304,
01/01/2000,01:29:04.99,20.01,-61.73,-993.08,271.25,-735.0,-481.25,1,94.306,
01/01/2000,01:29:05.00,19.76,-61.0,-992.84,148.75,-700.0,-393.75,1,94.307,
01/01/2000,01:29:05.01,19.15,-60.63,-992.23,253.75,-770.0,-428.75,1,94.308,
01/01/2000,01:29:05.02,18.79,-60.51,-991.49,105.0,-691.25,-350.0,1,94.309,
01/01/2000,01:29:05.03,18.06,-60.76,-991.25,157.50,-595.0,-367.50,1,94.310,
01/01/2000,01:29:05.04,18.54,-61.12,-991.01,253.75,-638.75,-700.0,1,94.311,
01/01/2000,01:29:05.05,18.91,-61.24,-990.88,105.0,-656.25,-726.25,1,94.312,
01/01/2000,01:29:05.06,19.52,-61.0,-990.40,166.25,-700.0,-253.75,1,94.296,
01/01/2000,01:29:05.07,19.76,-61.12,-990.40,218.75,-708.75,-332.50,1,94.297,
01/01/2000,01:29:05.08,19.64,-61.0,-991.62,113.75,-717.50,-323.75,1,94.298,
01/01/2000,01:29:05.09,19.40,-61.0,-992.23,350.0,-665.0,-306.25,1,94.299,
01/01/2000,01:29:05.10,19.28,-61.0,-992.84,148.75,-805.0,-385.0,1,94.300,
01/01/2000,01:29:05.11,18.79,-61.12,-993.08,78.75,-673.75,-481.25,1,94.301,
01/01/2000,01:29:05.12,18.54,-61.0,-992.59,236.25,-630.0,-332.50,1,94.302,
01/01/2000,01:29:05.14,19.03,-61.0,-992.23,227.50,-647.50,-315.0,1,94.303,
01/01/2000,01:29:05.15,19.52,-61.0,-991.98,201.25,-656.25,-271.25,1,94.304,
01/01/2000,01:29:05.16,19.76,-61.12,-991.74,192.50,-778.75,-367.50,1,94.305,
01/01/2000,01:29:05.17,19.52,-61.24,-991.37,61.25,-813.75,-332.50,1,94.306,
01/01/2000,01:29:05.18,19.28,-61.49,-991.13,131.25,-673.75,-463.75,1,94.307,
01/01/2000,01:29:05.19,18.79,-61.24,-991.13,122.50,-752.50,-437.50,1,94.308,
01/01/2000,01:29:05.20,18.54,-61.12,-991.01,157.50,-691.25,-315.0,1,94.309,
01/01/2000,01:29:05.21,18.30,-61.0,-990.64,218.75,-647.50,-288.75,1,94.310,
01/01/2000,01:29:05.22,18.06,-61.0,-990.27,288.75,-717.50,-358.75,1,94.311,
01/01/2000,01:29:05.23,18.30,-61.24,-990.27,218.75,-717.50,-437.50,1,94.312,
01/01/2000,01:29:05.24,18.79,-61.24,-991.49,131.25,-717.50,-525.0,1,94.313,
01/01/2000,01:29:05.25,19.52,-61.37,-992.47,192.50,-682.50,-516.25,1,94.314,
01/01/2000,01:29:05.26,20.01,-61.12,-993.20,288.75,-717.50,-481.25,1,94.315,
01/01/2000,01:29:05.28,20.01,-61.12,-993.32,157.50,-735.0,-210.0,1,94.299,
01/01/2000,01:29:05.29,20.01,-61.0,-993.20,122.50,-647.50,-288.75,1,94.300,
01/01/2000,01:29:05.30,19.76,-61.37,-992.84,227.50,-735.0,-236.25,1,94.301,
01/01/2000,01:29:05.31,19.28,-61.24,-991.86,183.75,-621.25,-446.25,1,94.302,
01/01/2000,01:29:05.32,18.79,-61.24,-991.37,192.50,-726.25,-332.50,1,94.303,
01/01/2000,01:29:05.33,18.54,-61.0,-991.37,122.50,-691.25,-516.25,1,94.304,
01/01/2000,01:29:05.34,19.28,-61.24,-992.10,358.75,-700.0,-490.0,1,94.288,
01/01/2000,01:29:05.35,19.64,-61.49,-992.23,122.50,-586.25,-455.0,1,94.289,
01/01/2000,01:29:05.36,19.89,-61.49,-991.49,332.50,-813.75,-323.75,1,94.290,
01/01/2000,01:29:05.37,19.40,-61.24,-990.88,175.0,-691.25,-280.0,1,94.291,
01/01/2000,01:29:05.38,19.03,-61.24,-991.74,236.25,-673.75,-306.25,1,94.292,
01/01/2000,01:29:05.39,18.79,-61.49,-992.84,227.50,-665.0,-227.50,1,94.293,
01/01/2000,01:29:05.40,19.15,-61.49,-993.81,236.25,-630.0,-437.50,1,94.295,
01/01/2000,01:29:05.41,19.03,-61.0,-993.93,70.0,-490.0,-271.25,1,94.296,
01/01/2000,01:29:05.42,19.52,-61.0,-993.32,175.0,-743.75,-140.0,1,94.297,
01/01/2000,01:29:05.43,19.76,-61.24,-992.71,105.0,-787.50,-271.25,1,94.298,
01/01/2000,01:29:05.44,20.01,-61.73,-992.59,306.25,-691.25,-411.25,1,94.299,
01/01/2000,01:29:05.45,20.37,-61.98,-992.96,288.75,-726.25,-481.25,1,94.300,
01/01/2000,01:29:05.46,20.25,-61.49,-993.32,157.50,-656.25,-350.0,1,94.301,
01/01/2000,01:29:05.47,19.76,-61.0,-993.08,105.0,-682.50,-315.0,1,94.302,
01/01/2000,01:29:05.49,19.28,-60.88,-992.10,148.75,-656.25,-218.75,1,94.303,
01/01/2000,01:29:05.50,18.79,-61.37,-991.25,175.0,-621.25,-288.75,1,94.304,
01/01/2000,01:29:05.51,18.30,-61.61,-990.27,113.75,-700.0,-376.25,1,94.305,
01/01/2000,01:29:05.52,17.81,-61.73,-989.42,210.0,-665.0,-280.0,1,94.306,
01/01/2000,01:29:05.53,17.57,-61.49,-989.91,175.0,-787.50,-463.75,1,94.307,
01/01/2000,01:29:05.54,18.18,-61.37,-991.37,192.50,-735.0,-455.0,1,94.308,
01/01/2000,01:29:05.55,19.52,-61.0,-993.93,262.50,-665.0,-376.25,1,94.309,
01/01/2000,01:29:05.56,20.13,-61.0,-994.42,105.0,-586.25,-376.25,1,94.310,
01/01/2000,01:29:05.57,20.74,-61.12,-993.81,61.25,-726.25,-385.0,1,94.294,
01/01/2000,01:29:05.58,21.11,-61.73,-992.71,96.25,-735.0,-358.75,1,94.312,
01/01/2000,01:29:05.59,20.74,-61.98,-992.23,157.50,-778.75,-288.75,1,94.296,
01/01/2000,01:29:05.60,19.89,-61.98,-992.23,175.0,-752.50,-280.0,1,94.314,
01/01/2000,01:29:05.61,18.91,-61.49,-992.10,262.50,-647.50,-332.50,1,94.298,
01/01/2000,01:29:05.63,17.81,-60.51,-992.10,201.25,-577.50,-262.50,1,94.299,
01/01/2000,01:29:05.64,17.45,-60.63,-991.49,262.50,-603.75,-332.50,1,94.300,
01/01/2000,01:29:05.65,17.45,-61.0,-990.40,192.50,-691.25,-332.50,1,94.301,
01/01/2000,01:29:05.66,18.06,-61.61,-989.42,210.0,-708.75,-455.0,1,94.302,
01/01/2000,01:29:05.67,18.54,-61.73,-988.69,227.50,-726.25,-402.50,1,94.303,
01/01/2000,01:29:05.68,19.40,-61.49,-989.18,148.75,-700.0,-367.50,1,94.304,
01/01/2000,01:29:05.69,19.89,-61.24,-991.37,201.25,-708.75,-490.0,1,94.305,
01/01/2000,01:29:05.70,20.50,-61.24,-994.54,253.75,-691.25,-306.25,1,94.306,
01/01/2000,01:29:05.71,20.62,-61.24,-995.40,192.50,-603.75,-437.50,1,94.307,
01/01/2000,01:29:05.72,20.50,-61.24,-995.28,245.0,-603.75,-306.25,1,94.308,
01/01/2000,01:29:05.73,20.01,-61.12,-994.18,227.50,-577.50,-253.75,1,94.309,
01/01/2000,01:29:05.74,19.40,-61.49,-992.35,332.50,-621.25,-253.75,1,94.310,
01/01/2000,01:29:05.75,18.54,-61.73,-990.64,52.50,-796.25,-393.75,1,94.311,
01/01/2000,01:29:05.76,18.30,-61.61,-990.88,140.0,-778.75,-367.50,1,94.295,
01/01/2000,01:29:05.77,18.54,-61.61,-991.86,358.75,-691.25,-393.75,1,94.297,
01/01/2000,01:29:05.78,18.91,-61.12,-992.96,210.0,-665.0,-481.25,1,94.298,
01/01/2000,01:29:05.79,19.28,-61.37,-993.57,183.75,-708.75,-323.75,1,94.299,
01/01/2000,01:29:05.80,19.52,-61.24,-992.59,148.75,-638.75,-323.75,1,94.300,
01/01/2000,01:29:05.81,19.03,-61.49,-990.88,131.25,-595.0,-280.0,1,94.301,
01/01/2000,01:29:05.82,18.18,-61.49,-989.05,271.25,-735.0,-183.75,1,94.302,
01/01/2000,01:29:05.84,17.32,-61.61,-989.05,227.50,-840.0,-393.75,1,94.286,
01/01/2000,01:29:05.85,17.69,-61.49,-991.37,131.25,-743.75,-350.0,1,94.287,
01/01/2000,01:29:05.86,18.67,-61.37,-994.42,113.75,-752.50,-551.25,1,94.288,
01/01/2000,01:29:05.87,20.25,-61.24,-995.28,201.25,-533.75,-306.25,1,94.289,
01/01/2000,01:29:05.88,21.11,-60.88,-994.79,-35.0,-638.75,-262.50,1,94.290,
01/01/2000,01:29:05.89,21.47,-61.37,-993.20,350.0,-586.25,-227.50,1,94.291,
01/01/2000,01:29:05.90,20.98,-61.98,-991.86,236.25,-691.25,-166.25,1,94.292,
01/01/2000,01:29:05.91,19.52,-62.34,-990.64,210.0,-822.50,-288.75,1,94.293,
01/01/2000,01:29:05.92,18.54,-62.34,-990.88,148.75,-621.25,-533.75,1,94.294,
01/01/2000,01:29:05.94,17.69,-61.61,-991.74,315.0,-752.50,-411.25,1,94.295,
01/01/2000,01:29:05.94,17.57,-60.88,-992.84,148.75,-568.75,-288.75,1,94.296,
01/01/2000,01:29:05.96,18.06,-60.88,-992.96,227.50,-743.75,-297.50,1,94.297,
01/01/2000,01:29:05.97,19.03,-61.24,-992.84,201.25,-717.50,-306.25,1,94.298,
01/01/2000,01:29:05.98,19.52,-61.98,-990.64,192.50,-586.25,-446.25,1,94.299,
01/01/2000,01:29:05.99,19.28,-61.98,-989.05,210.0,-735.0,-323.75,1,94.300,
01/01/2000,01:29:06.00,18.91,-61.73,-988.81,-26.25,-857.50,-402.50,1,94.301,
01/01/2000,01:29:06.01,18.79,-61.73,-990.40,227.50,-831.25,-367.50,1,94.302,
01/01/2000,01:29:06.02,19.03,-61.24,-993.08,253.75,-717.50,-227.50,1,94.303,
01/01/2000,01:29:06.03,19.52,-61.24,-995.64,262.50,-586.25,-411.25,1,94.304,
01/01/2000,01:29:06.04,19.89,-61.24,-995.52,218.75,-516.25,-341.25,1,94.305,
01/01/2000,01:29:06.05,20.13,-61.24,-994.06,157.50,-665.0,-341.25,1,94.306,
01/01/2000,01:29:06.06,20.25,-61.49,-991.37,183.75,-743.75,-341.25,1,94.307,
01/01/2000,01:29:06.07,20.13,-61.73,-990.52,148.75,-673.75,-306.25,1,94.308,
01/01/2000,01:29:06.08,19.52,-61.85,-990.52,122.50,-778.75,-358.75,1,94.309,
01/01/2000,01:29:06.09,19.03,-61.61,-991.62,218.75,-735.0,-332.50,1,94.310,
01/01/2000,01:29:06.10,18.42,-61.24,-992.59,183.75,-682.50,-288.75,1,94.311,
01/01/2000,01:29:06.11,18.42,-61.0,-992.84,227.50,-682.50,-332.50,1,94.295,
01/01/2000,01:29:06.12,18.30,-61.24,-991.62,61.25,-656.25,-245.0,1,94.296,
01/01/2000,01:29:06.13,18.30,-61.61,-989.91,183.75,-595.0,-350.0,1,94.297,
01/01/2000,01:29:06.14,18.06,-61.73,-988.20,210.0,-787.50,-315.0,1,94.298,
01/01/2000,01:29:06.15,17.93,-61.73,-987.71,87.50,-708.75,-306.25,1,94.299,
01/01/2000,01:29:06.16,17.57,-61.73,-989.91,52.50,-848.75,-402.50,1,94.301,
01/01/2000,01:29:06.17,18.06,-61.61,-992.47,350.0,-568.75,-472.50,1,94.302,
01/01/2000,01:29:06.19,19.15,-61.24,-995.03,175.0,-673.75,-393.75,1,94.303,
01/01/2000,01:29:06.20,20.01,-61.24,-994.91,218.75,-708.75,-253.75,1,94.304,
01/01/2000,01:29:06.21,20.50,-61.37,-993.93,192.50,-796.25,-227.50,1,94.305,
01/01/2000,01:29:06.22,20.86,-61.98,-993.08,148.75,-770.0,-358.75,1,94.306,
01/01/2000,01:29:06.23,20.74,-62.46,-992.10,210.0,-735.0,-376.25,1,94.307,
01/01/2000,01:29:06.24,20.25,-62.22,-992.10,315.0,-831.25,-367.50,1,94.308,
01/01/2000,01:29:06.25,19.52,-61.49,-992.23,376.25,-595.0,-288.75,1,94.309,
01/01/2000,01:29:06.26,18.42,-61.0,-991.98,332.50,-708.75,-201.25,1,94.310,
01/01/2000,01:29:06.27,18.06,-60.88,-991.62,35.0,-752.50,-280.0,1,94.311,
01/01/2000,01:29:06.28,17.93,-61.49,-990.76,183.75,-673.75,-288.75,1,94.312,
01/01/2000,01:29:06.29,18.30,-61.98,-990.40,262.50,-770.0,-350.0,1,94.313,
01/01/2000,01:29:06.30,18.42,-61.85,-989.79,166.25,-752.50,-446.25,1,94.314,
01/01/2000,01:29:06.31,18.67,-61.73,-989.42,253.75,-691.25,-323.75,1,94.315,
01/01/2000,01:29:06.32,18.79,-61.37,-990.64,201.25,-778.75,-297.50,1,94.299,
01/01/2000,01:29:06.33,19.03,-61.49,-991.86,192.50,-682.50,-341.25,1,94.300,
01/01/2000,01:29:06.34,19.52,-61.73,-993.81,227.50,-612.50,-428.75,1,94.301,
01/01/2000,01:29:06.36,19.89,-61.98,-994.18,113.75,-665.0,-542.50,1,94.302,
01/01/2000,01:29:06.37,19.89,-61.49,-993.69,70.0,-682.50,-218.75,1,94.303,
01/01/2000,01:29:06.38,20.01,-61.73,-992.84,61.25,-726.25,-376.25,1,94.304,
01/01/2000,01:29:06.39,19.52,-61.49,-991.98,323.75,-831.25,-350.0,1,94.305,
01/01/2000,01:29:06.40,19.15,-61.73,-991.49,236.25,-770.0,-393.75,1,94.306,
01/01/2000,01:29:06.41,18.67,-61.73,-991.13,192.50,-700.0,-481.25,1,94.307,
01/01/2000,01:29:06.42,18.30,-61.37,-991.13,236.25,-743.75,-297.50,1,94.308,
01/01/2000,01:29:06.43,18.30,-61.37,-991.13,148.75,-770.0,-323.75,1,94.309,
01/01/2000,01:29:06.44,18.54,-61.37,-991.37,166.25,-726.25,-376.25,1,94.310,
01/01/2000,01:29:06.45,18.79,-61.73,-991.74,166.25,-717.50,-323.75,1,94.311,
01/01/2000,01:29:06.46,19.03,-61.73,-991.01,78.75,-752.50,-236.25,1,94.312,
01/01/2000,01:29:06.47,18.79,-61.73,-990.27,227.50,-656.25,-350.0,1,94.296,
01/01/2000,01:29:06.48,18.79,-61.61,-990.15,78.75,-682.50,-315.0,1,94.297,
01/01/2000,01:29:06.49,18.79,-61.49,-990.88,166.25,-752.50,-367.50,1,94.298,
01/01/2000,01:29:06.50,18.91,-61.49,-992.71,122.50,-743.75,-341.25,1,94.299,
01/01/2000,01:29:06.51,19.15,-61.61,-993.69,227.50,-673.75,-411.25,1,94.300,
01/01/2000,01:29:06.52,19.28,-61.49,-993.81,245.0,-673.75,-376.25,1,94.301,
01/01/2000,01:29:06.54,19.76,-61.49,-992.84,210.0,-612.50,-323.75,1,94.302,
01/01/2000,01:29:06.55,19.76,-61.49,-991.98,113.75,-700.0,-350.0,1,94.303,
01/01/2000,01:29:06.56,19.89,-61.98,-991.62,236.25,-647.50,-323.75,1,94.304,
01/01/2000,01:29:06.57,19.64,-62.10,-991.74,140.0,-717.50,-402.50,1,94.305,
01/01/2000,01:29:06.58,19.28,-61.85,-991.98,218.75,-708.75,-367.50,1,94.306,
01/01/2000,01:29:06.59,19.15,-61.49,-991.86,78.75,-735.0,-323.75,1,94.308,
01/01/2000,01:29:06.60,18.79,-61.24,-991.62,61.25,-831.25,-306.25,1,94.309,
01/01/2000,01:29:06.61,18.67,-61.37,-991.62,157.50,-708.75,-428.75,1,94.310,
01/01/2000,01:29:06.62,18.54,-61.98,-990.88,105.0,-586.25,-446.25,1,94.311,
01/01/2000,01:29:06.63,18.54,-61.98,-990.03,96.25,-656.25,-402.50,1,94.312,
01/01/2000,01:29:06.64,18.30,-61.85,-989.91,218.75,-866.25,-393.75,1,94.313,
01/01/2000,01:29:06.65,18.54,-61.49,-990.64,271.25,-813.75,-367.50,1,94.314,
01/01/2000,01:29:06.66,18.79,-61.73,-992.59,148.75,-691.25,-306.25,1,94.315,
01/01/2000,01:29:06.67,19.15,-61.73,-993.57,280.0,-577.50,-376.25,1,94.299,
01/01/2000,01:29:06.69,19.52,-61.73,-993.32,218.75,-603.75,-376.25,1,94.300,
01/01/2000,01:29:06.69,19.52,-61.61,-992.59,157.50,-840.0,-210.0,1,94.301,
01/01/2000,01:29:06.71,19.64,-61.73,-992.10,227.50,-805.0,-402.50,1,94.302,
01/01/2000,01:29:06.72,19.76,-61.98,-992.35,113.75,-770.0,-420.0,1,94.303,
01/01/2000,01:29:06.73,19.52,-61.85,-992.96,218.75,-761.25,-376.25,1,94.304,
01/01/2000,01:29:06.74,19.52,-61.61,-993.08,192.50,-682.50,-341.25,1,94.305,
01/01/2000,01:29:06.75,19.28,-61.24,-992.10,148.75,-708.75,-306.25,1,94.306,
01/01/2000,01:29:06.76,19.03,-61.12,-991.37,96.25,-708.75,-236.25,1,94.307,
01/01/2000,01:29:06.77,18.91,-61.49,-990.76,140.0,-700.0,-297.50,1,94.308,
01/01/2000,01:29:06.78,18.91,-61.73,-990.40,262.50,-700.0,-402.50,1,94.309,
01/01/2000,01:29:06.79,18.79,-61.73,-990.40,210.0,-717.50,-367.50,1,94.310,
01/01/2000,01:29:06.80,18.79,-61.61,-990.64,323.75,-726.25,-411.25,1,94.311,
01/01/2000,01:29:06.81,18.79,-61.24,-990.88,175.0,-726.25,-472.50,1,94.312,
01/01/2000,01:29:06.82,19.15,-61.49,-991.86,35.0,-761.25,-175.0,1,94.296,
01/01/2000,01:29:06.83,19.28,-61.73,-992.84,-17.50,-603.75,-280.0,1,94.297,
01/01/2000,01:29:06.84,19.52,-61.85,-993.20,166.25,-743.75,-411.25,1,94.298,
01/01/2000,01:29:06.85,19.76,-61.73,-992.84,236.25,-647.50,-350.0,1,94.299,
01/01/2000,01:29:06.87,19.76,-61.37,-991.86,236.25,-770.0,-411.25,1,94.300,
01/01/2000,01:29:06.88,19.40,-61.49,-991.37,288.75,-665.0,-280.0,1,94.301,
01/01/2000,01:29:06.89,19.03,-61.73,-991.49,227.50,-787.50,-411.25,1,94.302,
01/01/2000,01:29:06.90,18.91,-61.85,-991.74,210.0,-778.75,-437.50,1,94.303,
01/01/2000,01:29:06.91,19.03,-61.61,-991.86,218.75,-603.75,-236.25,1,94.304,
01/01/2000,01:29:06.92,19.03,-61.61,-991.62,175.0,-612.50,-393.75,1,94.305,
01/01/2000,01:29:06.93,19.40,-61.37,-991.25,148.75,-682.50,-218.75,1,94.306,
01/01/2000,01:29:06.94,19.52,-61.61,-990.88,280.0,-708.75,-402.50,1,94.307,
01/01/2000,01:29:06.95,19.28,-61.49,-990.76,148.75,-682.50,-350.0,1,94.308,
01/01/2000,01:29:06.96,19.15,-61.85,-990.40,323.75,-761.25,-376.25,1,94.309,
01/01/2000,01:29:06.97,18.79,-61.49,-990.15,70.0,-778.75,-367.50,1,94.310,
01/01/2000,01:29:06.98,18.79,-61.49,-990.27,131.25,-612.50,-288.75,1,94.311,
01/01/2000,01:29:06.99,18.79,-61.61,-991.01,210.0,-805.0,-358.75,1,94.312,
01/01/2000,01:29:07.00,19.03,-61.98,-992.59,306.25,-673.75,-376.25,1,94.313,
01/01/2000,01:29:07.01,19.52,-61.85,-993.20,183.75,-603.75,-446.25,1,94.314,
01/01/2000,01:29:07.02,19.76,-61.98,-993.20,113.75,-743.75,-271.25,1,94.315,
01/01/2000,01:29:07.04,19.52,-61.73,-991.98,113.75,-700.0,-288.75,1,94.300,
01/01/2000,01:29:07.05,19.15,-61.98,-990.88,96.25,-673.75,-323.75,1,94.301,
01/01/2000,01:29:07.06,18.79,-61.85,-990.64,166.25,-770.0,-402.50,1,94.302,
01/01/2000,01:29:07.07,18.79,-61.98,-991.37,96.25,-927.50,-367.50,1,94.303,
01/01/2000,01:29:07.08,18.79,-61.85,-992.10,280.0,-717.50,-376.25,1,94.304,
01/01/2000,01:29:07.09,19.03,-61.73,-992.35,87.50,-673.75,-376.25,1,94.305,
01/01/2000,01:29:07.10,19.03,-61.49,-991.74,113.75,-577.50,-306.25,1,94.306,
01/01/2000,01:29:07.11,19.28,-61.49,-991.25,148.75,-708.75,-411.25,1,94.307,
01/01/2000,01:29:07.12,19.28,-61.61,-990.52,43.75,-708.75,-306.25,1,94.308,
01/01/2000,01:29:07.13,19.03,-61.98,-989.66,140.0,-778.75,-411.25,1,94.309,
01/01/2000,01:29:07.14,18.79,-61.85,-989.30,341.25,-787.50,-393.75,1,94.310,
01/01/2000,01:29:07.15,18.67,-61.49,-989.79,-52.50,-735.0,-341.25,1,94.311,
01/01/2000,01:29:07.16,18.79,-61.73,-991.13,297.50,-700.0,-446.25,1,94.312,
01/01/2000,01:29:07.17,19.15,-61.49,-993.32,140.0,-612.50,-323.75,1,94.296,
01/01/2000,01:29:07.18,19.76,-61.73,-993.32,262.50,-603.75,-271.25,1,94.297,
01/01/2000,01:29:07.19,19.76,-61.73,-992.47,236.25,-700.0,-315.0,1,94.298,
01/01/2000,01:29:07.20,19.89,-61.85,-991.49,140.0,-647.50,-437.50,1,94.299,
01/01/2000,01:29:07.21,19.52,-61.85,-990.88,105.0,-787.50,-236.25,1,94.300,
01/01/2000,01:29:07.22,19.15,-61.98,-991.01,280.0,-770.0,-385.0,1,94.301,
01/01/2000,01:29:07.23,18.79,-61.73,-991.62,192.50,-656.25,-376.25,1,94.302,
01/01/2000,01:29:07.25,19.03,-61.61,-992.71,131.25,-638.75,-420.0,1,94.303,
01/01/2000,01:29:07.26,19.03,-61.61,-993.08,218.75,-726.25,-323.75,1,94.304,
01/01/2000,01:29:07.27,19.40,-61.49,-993.08,201.25,-726.25,-358.75,1,94.305,
01/01/2000,01:29:07.28,19.52,-61.85,-992.84,183.75,-770.0,-358.75,1,94.306,
01/01/2000,01:29:07.29,19.64,-62.22,-992.23,87.50,-665.0,-367.50,1,94.307,
01/01/2000,01:29:07.30,19.40,-62.22,-991.37,166.25,-630.0,-358.75,1,94.308,
01/01/2000,01:29:07.31,18.67,-61.49,-989.79,96.25,-691.25,-245.0,1,94.309,
01/01/2000,01:29:07.32,18.30,-61.37,-989.66,-35.0,-805.0,-315.0,1,94.310,
01/01/2000,01:29:07.33,17.93,-61.61,-990.52,201.25,-787.50,-393.75,1,94.311,
01/01/2000,01:29:07.34,18.18,-61.98,-991.86,245.0,-665.0,-332.50,1,94.312,
01/01/2000,01:29:07.35,18.79,-62.10,-993.32,166.25,-612.50,-367.50,1,94.313,
01/01/2000,01:29:07.36,19.52,-61.85,-993.57,122.50,-743.75,-376.25,1,94.314,
01/01/2000,01:29:07.38,20.13,-61.73,-992.59,332.50,-621.25,-262.50,1,94.299,
01/01/2000,01:29:07.39,20.01,-61.73,-991.98,236.25,-770.0,-280.0,1,94.300,
01/01/2000,01:29:07.40,19.40,-61.98,-991.25,175.0,-700.0,-420.0,1,94.301,
01/01/2000,01:29:07.41,18.79,-61.98,-991.25,183.75,-577.50,-446.25,1,94.302,
01/01/2000,01:29:07.42,18.54,-62.10,-991.37,210.0,-665.0,-315.0,1,94.303,
01/01/2000,01:29:07.43,18.42,-61.98,-991.62,175.0,-726.25,-306.25,1,94.304,
01/01/2000,01:29:07.44,18.42,-61.98,-991.74,245.0,-691.25,-411.25,1,94.305,
01/01/2000,01:29:07.45,18.91,-61.98,-991.62,166.25,-691.25,-218.75,1,94.306,
01/01/2000,01:29:07.46,19.15,-61.98,-991.37,61.25,-691.25,-306.25,1,94.290,
01/01/2000,01:29:07.47,19.28,-62.22,-991.13,306.25,-796.25,-306.25,1,94.291,
01/01/2000,01:29:07.48,19.28,-62.10,-990.64,253.75,-682.50,-393.75,1,94.292,
01/01/2000,01:29:07.49,19.03,-61.98,-990.40,140.0,-761.25,-271.25,1,94.293,
01/01/2000,01:29:07.50,18.79,-61.73,-990.52,166.25,-691.25,-262.50,1,94.294,
01/01/2000,01:29:07.51,18.67,-61.73,-991.25,236.25,-682.50,-393.75,1,94.295,
01/01/2000,01:29:07.53,18.91,-62.10,-992.59,210.0,-857.50,-402.50,1,94.296,
01/01/2000,01:29:07.54,19.03,-61.98,-993.45,131.25,-805.0,-315.0,1,94.297,
01/01/2000,01:29:07.55,19.76,-61.85,-993.57,43.75,-638.75,-350.0,1,94.298,
01/01/2000,01:29:07.56,20.01,-61.98,-993.57,306.25,-630.0,-393.75,1,94.299,
01/01/2000,01:29:07.57,19.76,-61.85,-993.08,131.25,-691.25,-236.25,1,94.300,
01/01/2000,01:29:07.58,19.40,-62.10,-992.35,271.25,-752.50,-367.50,1,94.301,
01/01/2000,01:29:07.59,19.15,-61.98,-991.25,201.25,-656.25,-428.75,1,94.302,
01/01/2000,01:29:07.60,18.67,-61.98,-990.64,253.75,-708.75,-455.0,1,94.303,
01/01/2000,01:29:07.61,18.54,-61.98,-990.76,96.25,-770.0,-411.25,1,94.304,
01/01/2000,01:29:07.62,18.67,-62.10,-991.37,227.50,-857.50,-245.0,1,94.305,
01/01/2000,01:29:07.63,19.03,-61.98,-991.74,148.75,-761.25,-341.25,1,94.306,
01/01/2000,01:29:07.64,19.03,-61.85,-992.10,192.50,-787.50,-385.0,1,94.307,
01/01/2000,01:29:07.65,19.52,-61.85,-991.86,0.0,-691.25,-218.75,1,94.308,
01/01/2000,01:29:07.66,19.52,-61.98,-990.64,96.25,-700.0,-323.75,1,94.293,
01/01/2000,01:29:07.67,19.28,-61.98,-990.15,175.0,-735.0,-271.25,1,94.294,
01/01/2000,01:29:07.68,19.03,-62.10,-989.91,148.75,-691.25,-428.75,1,94.295,
01/01/2000,01:29:07.69,18.91,-62.22,-990.64,227.50,-848.75,-341.25,1,94.296,
01/01/2000,01:29:07.70,19.03,-62.10,-992.47,140.0,-866.25,-306.25,1,94.297,
01/01/2000,01:29:07.71,19.28,-62.34,-993.57,166.25,-682.50,-341.25,1,94.298,
01/01/2000,01:29:07.73,19.52,-61.98,-993.81,61.25,-621.25,-271.25,1,94.299,
01/01/2000,01:29:07.74,19.28,-61.98,-992.96,210.0,-708.75,-236.25,1,94.300,
01/01/2000,01:29:07.75,19.40,-62.34,-992.35,157.50,-682.50,-411.25,1,94.301,
01/01/2000,01:29:07.76,19.28,-62.46,-991.98,175.0,-717.50,-393.75,1,94.302,
01/01/2000,01:29:07.77,19.03,-62.46,-991.37,131.25,-831.25,-376.25,1,94.303,
01/01/2000,01:29:07.78,18.67,-62.34,-991.13,253.75,-735.0,-341.25,1,94.304,
01/01/2000,01:29:07.79,18.67,-61.98,-990.76,35.0,-708.75,-253.75,1,94.305,
01/01/2000,01:29:07.80,18.42,-62.10,-990.64,262.50,-682.50,-437.50,1,94.306,
01/01/2000,01:29:07.81,18.54,-62.22,-990.88,131.25,-586.25,-262.50,1,94.290,
01/01/2000,01:29:07.82,19.03,-62.46,-990.88,140.0,-577.50,-437.50,1,94.291,
01/01/2000,01:29:07.83,18.91,-62.71,-990.03,262.50,-691.25,-315.0,1,94.292,
01/01/2000,01:29:07.84,19.03,-62.22,-988.32,87.50,-691.25,-350.0,1,94.293,
01/01/2000,01:29:07.85,19.28,-61.98,-986.74,166.25,-822.50,-323.75,1,94.294,
01/01/2000,01:29:07.86,19.03,-61.85,-985.76,210.0,-778.75,-227.50,1,94.295,
01/01/2000,01:29:07.88,18.91,-62.22,-984.42,227.50,-726.25,-306.25,1,94.296,
01/01/2000,01:29:07.89,18.54,-62.10,-983.81,157.50,-770.0,-358.75,1,94.281,
01/01/2000,01:29:07.90,18.30,-61.98,-984.05,245.0,-813.75,-411.25,1,94.298,
01/01/2000,01:29:07.91,18.54,-61.61,-985.03,157.50,-638.75,-262.50,1,94.283,
01/01/2000,01:29:07.92,18.91,-61.73,-986.61,96.25,-708.75,-358.75,1,94.284,
01/01/2000,01:29:07.93,19.15,-61.73,-987.47,148.75,-603.75,-367.50,1,94.285,
01/01/2000,01:29:07.94,19.52,-62.10,-987.35,280.0,-743.75,-411.25,1,94.286,
01/01/2000,01:29:07.95,20.13,-61.73,-986.00,61.25,-595.0,-253.75,1,94.287,
01/01/2000,01:29:07.96,19.52,-61.73,-982.10,280.0,-673.75,-271.25,1,94.288,
01/01/2000,01:29:07.97,18.79,-61.73,-979.29,8.75,-656.25,-227.50,1,94.289,
01/01/2000,01:29:07.98,18.18,-61.73,-977.34,385.0,-673.75,-332.50,1,94.290,
01/01/2000,01:29:07.99,17.69,-61.49,-976.73,-26.25,-717.50,-131.25,1,94.291,
01/01/2000,01:29:08.00,17.32,-61.73,-978.32,253.75,-743.75,-481.25,1,94.292,
01/01/2000,01:29:08.01,17.32,-61.73,-980.39,122.50,-700.0,-306.25,1,94.293,
01/01/2000,01:29:08.03,17.81,-61.61,-982.83,227.50,-595.0,-542.50,1,94.294,
01/01/2000,01:29:08.04,18.54,-61.61,-984.54,148.75,-647.50,-253.75,1,94.295,
01/01/2000,01:29:08.05,19.03,-61.49,-985.64,192.50,-805.0,-323.75,1,94.296,
01/01/2000,01:29:08.06,19.52,-61.85,-985.15,78.75,-603.75,-175.0,1,94.297,
01/01/2000,01:29:08.07,19.28,-62.22,-984.66,385.0,-638.75,-367.50,1,94.298,
01/01/2000,01:29:08.08,19.03,-61.98,-983.69,271.25,-848.75,-420.0,1,94.299,
01/01/2000,01:29:08.09,18.67,-61.61,-982.59,157.50,-735.0,-341.25,1,94.300,
01/01/2000,01:29:08.10,18.54,-61.61,-984.66,245.0,-796.25,-245.0,1,94.301,
01/01/2000,01:29:08.11,18.79,-61.85,-987.22,113.75,-647.50,-210.0,1,94.302,
01/01/2000,01:29:08.12,19.03,-62.22,-989.18,210.0,-665.0,-227.50,1,94.302,
01/01/2000,01:29:08.13,19.03,-62.10,-989.66,105.0,-638.75,-393.75,1,94.303,
01/01/2000,01:29:08.14,19.15,-61.85,-989.42,183.75,-752.50,-236.25,1,94.304,
01/01/2000,01:29:08.15,19.40,-61.98,-988.44,201.25,-770.0,-253.75,1,94.305,
01/01/2000,01:29:08.16,19.03,-62.22,-988.69,70.0,-831.25,-210.0,1,94.290,
01/01/2000,01:29:08.17,19.15,-62.46,-989.66,183.75,-726.25,-420.0,1,94.291,
01/01/2000,01:29:08.18,19.15,-62.46,-990.52,218.75,-647.50,-446.25,1,94.292,
01/01/2000,01:29:08.19,19.03,-61.98,-990.88,0.0,-481.25,-306.25,1,94.293,
01/01/2000,01:29:08.20,19.03,-61.98,-990.88,253.75,-682.50,-315.0,1,94.294,
01/01/2000,01:29:08.21,19.03,-61.98,-990.64,210.0,-691.25,-245.0,1,94.295,
01/01/2000,01:29:08.22,18.91,-62.22,-990.40,271.25,-770.0,-192.50,1,94.296,
01/01/2000,01:29:08.24,19.28,-62.59,-990.64,122.50,-708.75,-411.25,1,94.297,
01/01/2000,01:29:08.25,19.28,-62.46,-991.01,131.25,-805.0,-341.25,1,94.298,
01/01/2000,01:29:08.26,19.15,-62.34,-991.13,131.25,-770.0,-332.50,1,94.299,
01/01/2000,01:29:08.27,19.03,-61.98,-991.01,148.75,-735.0,-236.25,1,94.300,
01/01/2000,01:29:08.28,19.03,-61.85,-991.13,227.50,-656.25,-218.75,1,94.301,
01/01/2000,01:29:08.29,19.03,-62.22,-991.25,245.0,-665.0,-341.25,1,94.302,
01/01/2000,01:29:08.30,19.03,-62.59,-991.62,236.25,-726.25,-341.25,1,94.303,
01/01/2000,01:29:08.31,19.03,-62.46,-991.62,210.0,-682.50,-428.75,1,94.304,
01/01/2000,01:29:08.32,18.91,-62.46,-991.37,157.50,-577.50,-280.0,1,94.305,
01/01/2000,01:29:08.33,18.79,-61.98,-991.25,262.50,-778.75,-376.25,1,94.306,
01/01/2000,01:29:08.34,18.79,-61.98,-991.49,201.25,-717.50,-175.0,1,94.307,
01/01/2000,01:29:08.35,19.03,-62.22,-991.62,253.75,-568.75,-157.50,1,94.308,
01/01/2000,01:29:08.36,19.03,-62.46,-991.86,78.75,-647.50,-402.50,1,94.309,
01/01/2000,01:29:08.37,19.15,-62.46,-991.86,262.50,-638.75,-332.50,1,94.294,
01/01/2000,01:29:08.38,19.15,-62.22,-991.49,227.50,-665.0,-323.75,1,94.295,
01/01/2000,01:29:08.40,19.03,-61.98,-991.62,157.50,-621.25,-271.25,1,94.296,
01/01/2000,01:29:08.41,19.03,-62.10,-991.74,113.75,-700.0,-236.25,1,94.297,
01/01/2000,01:29:08.42,19.03,-62.22,-991.86,87.50,-682.50,-306.25,1,94.297,
01/01/2000,01:29:08.43,19.28,-62.46,-991.74,236.25,-700.0,-455.0,1,94.298,
01/01/2000,01:29:08.44,20.01,-62.22,-990.76,105.0,-455.0,-420.0,1,94.299,
01/01/2000,01:29:08.45,20.50,-61.98,-989.54,192.50,-665.0,-367.50,1,94.284,
01/01/2000,01:29:08.46,21.23,-61.37,-988.57,-122.50,-717.50,-218.75,1,94.301,
01/01/2000,01:29:08.47,22.08,-62.46,-988.44,306.25,-735.0,-201.25,1,94.286,
01/01/2000,01:29:08.48,22.57,-62.46,-988.32,280.0,-647.50,-533.75,1,94.303,
01/01/2000,01:29:08.49,22.69,-62.46,-987.96,96.25,-665.0,-350.0,1,94.288,
01/01/2000,01:29:08.50,23.42,-62.22,-987.22,166.25,-708.75,-428.75,1,94.289,
01/01/2000,01:29:08.51,24.16,-61.49,-986.13,192.50,-682.50,-262.50,1,94.290,
01/01/2000,01:29:08.52,24.52,-61.37,-986.00,8.75,-638.75,-210.0,1,94.291,
01/01/2000,01:29:08.53,24.64,-62.22,-986.25,306.25,-813.75,-376.25,1,94.292,
01/01/2000,01:29:08.54,24.40,-62.46,-987.22,8.75,-586.25,-402.50,1,94.293,
01/01/2000,01:29:08.55,24.64,-62.59,-987.10,140.0,-647.50,-437.50,1,94.294,
01/01/2000,01:29:08.56,25.13,-61.73,-986.25,148.75,-621.25,-568.75,1,94.295,
01/01/2000,01:29:08.57,25.74,-61.37,-984.54,218.75,-560.0,-568.75,1,94.296,
01/01/2000,01:29:08.59,27.08,-61.0,-981.61,96.25,-682.50,-297.50,1,94.297,
01/01/2000,01:29:08.60,27.82,-61.61,-980.51,140.0,-752.50,-385.0,1,94.298,
01/01/2000,01:29:08.61,28.18,-62.59,-981.25,122.50,-735.0,-192.50,1,94.299,
01/01/2000,01:29:08.62,27.82,-62.83,-983.20,105.0,-805.0,-332.50,1,94.300,
01/01/2000,01:29:08.63,26.84,-62.46,-985.52,122.50,-735.0,-516.25,1,94.301,
01/01/2000,01:29:08.64,25.62,-61.73,-987.47,87.50,-647.50,-297.50,1,94.302,
01/01/2000,01:29:08.65,23.91,-61.24,-988.44,192.50,-691.25,-148.75,1,94.303,
01/01/2000,01:29:08.66,23.30,-61.24,-987.59,43.75,-577.50,-113.75,1,94.304,
01/01/2000,01:29:08.67,23.30,-61.98,-986.74,183.75,-621.25,-385.0,1,94.305,
01/01/2000,01:29:08.68,23.55,-62.34,-986.25,70.0,-787.50,-455.0,1,94.306,
01/01/2000,01:29:08.69,23.91,-62.59,-986.00,131.25,-700.0,-481.25,1,94.307,
01/01/2000,01:29:08.70,24.16,-62.59,-986.74,148.75,-787.50,-446.25,1,94.292,
01/01/2000,01:29:08.71,23.67,-61.85,-988.44,140.0,-761.25,-280.0,1,94.309,
01/01/2000,01:29:08.73,22.57,-61.61,-990.27,140.0,-630.0,-26.25,1,94.294,
01/01/2000,01:29:08.74,21.59,-61.85,-991.01,105.0,-621.25,-288.75,1,94.295,
01/01/2000,01:29:08.75,20.74,-62.22,-991.13,52.50,-691.25,-446.25,1,94.295,
01/01/2000,01:29:08.76,20.37,-62.22,-990.88,52.50,-761.25,-490.0,1,94.296,
01/01/2000,01:29:08.77,20.37,-62.46,-990.27,131.25,-647.50,-315.0,1,94.297,
01/01/2000,01:29:08.78,20.25,-61.98,-990.15,87.50,-717.50,-350.0,1,94.298,
01/01/2000,01:29:08.79,20.50,-61.98,-990.15,113.75,-778.75,-253.75,1,94.299,
01/01/2000,01:29:08.80,20.74,-61.98,-990.40,201.25,-673.75,-297.50,1,94.300,
01/01/2000,01:29:08.81,20.74,-62.10,-990.27,201.25,-612.50,-332.50,1,94.301,
01/01/2000,01:29:08.82,20.86,-62.10,-990.15,201.25,-665.0,-280.0,1,94.302,
01/01/2000,01:29:08.83,20.50,-62.10,-990.40,122.50,-708.75,-297.50,1,94.303,
01/01/2000,01:29:08.84,19.89,-62.22,-990.52,201.25,-813.75,-367.50,1,94.304,
01/01/2000,01:29:08.85,19.03,-62.10,-990.76,166.25,-630.0,-306.25,1,94.305,
01/01/2000,01:29:08.86,18.18,-61.98,-991.37,227.50,-700.0,-332.50,1,94.290,
01/01/2000,01:29:08.87,17.69,-61.85,-991.25,288.75,-682.50,-385.0,1,94.291,
01/01/2000,01:29:08.88,17.45,-61.73,-991.13,78.75,-647.50,-411.25,1,94.292,
01/01/2000,01:29:08.89,17.81,-62.10,-991.25,288.75,-743.75,-341.25,1,94.293,
01/01/2000,01:29:08.91,18.67,-62.10,-991.86,175.0,-761.25,-402.50,1,94.294,
01/01/2000,01:29:08.92,19.28,-62.22,-992.35,113.75,-770.0,-367.50,1,94.295,
01/01/2000,01:29:08.93,19.89,-62.10,-992.84,70.0,-726.25,-393.75,1,94.296,
01/01/2000,01:29:08.94,20.25,-62.10,-992.71,183.75,-586.25,-341.25,1,94.297,
01/01/2000,01:29:08.95,20.37,-61.98,-992.35,157.50,-656.25,-245.0,1,94.298,
01/01/2000,01:29:08.96,20.01,-62.34,-992.10,113.75,-717.50,-358.75,1,94.299,
01/01/2000,01:29:08.97,19.52,-62.46,-991.98,113.75,-778.75,-262.50,1,94.300,
01/01/2000,01:29:08.98,19.03,-62.22,-991.98,-43.75,-665.0,-280.0,1,94.301,
01/01/2000,01:29:08.99,19.03,-61.98,-991.98,131.25,-682.50,-271.25,1,94.302,
01/01/2000,01:29:09.00,19.03,-62.22,-991.98,236.25,-673.75,-262.50,1,94.303,
01/01/2000,01:29:09.01,19.64,-62.10,-992.10,227.50,-673.75,-306.25,1,94.288,
01/01/2000,01:29:09.02,19.89,-62.34,-992.35,175.0,-796.25,-306.25,1,94.305,
01/01/2000,01:29:09.03,20.13,-62.46,-992.47,-61.25,-752.50,-323.75,1,94.290,
01/01/2000,01:29:09.04,20.01,-62.71,-992.59,157.50,-481.25,-350.0,1,94.291,
01/01/2000,01:29:09.05,19.76,-62.22,-992.35,96.25,-673.75,-367.50,1,94.292,
01/01/2000,01:29:09.06,19.52,-62.22,-992.10,122.50,-743.75,-402.50,1,94.293,
01/01/2000,01:29:09.08,18.79,-62.22,-991.86,175.0,-752.50,-253.75,1,94.293,
01/01/2000,01:29:09.09,18.06,-62.10,-991.37,78.75,-743.75,-192.50,1,94.294,
01/01/2000,01:29:09.10,17.45,-62.10,-991.13,166.25,-638.75,-402.50,1,94.295,
01/01/2000,01:29:09.11,17.32,-62.10,-991.13,227.50,-665.0,-385.0,1,94.296,
01/01/2000,01:29:09.12,17.81,-61.85,-991.62,131.25,-560.0,-437.50,1,94.297,
01/01/2000,01:29:09.13,18.54,-61.98,-991.98,183.75,-717.50,-271.25,1,94.298,
01/01/2000,01:29:09.14,19.52,-62.10,-992.59,70.0,-813.75,-350.0,1,94.299,
01/01/2000,01:29:09.15,20.25,-62.34,-992.84,26.25,-621.25,-428.75,1,94.300,
01/01/2000,01:29:09.16,20.01,-62.46,-992.84,131.25,-621.25,-323.75,1,94.301,
01/01/2000,01:29:09.17,19.89,-61.98,-992.10,26.25,-805.0,-166.25,1,94.302,
01/01/2000,01:29:09.18,19.52,-61.98,-991.62,227.50,-752.50,-323.75,1,94.303,
01/01/2000,01:29:09.19,19.03,-61.73,-991.37,96.25,-708.75,-315.0,1,94.304,
01/01/2000,01:29:09.20,18.67,-61.85,-991.37,148.75,-796.25,-332.50,1,94.305,
01/01/2000,01:29:09.21,18.54,-62.22,-992.47,70.0,-665.0,-253.75,1,94.306,
01/01/2000,01:29:09.22,18.91,-62.22,-993.20,183.75,-656.25,-533.75,1,94.291,
01/01/2000,01:29:09.23,19.52,-61.98,-993.08,87.50,-647.50,-245.0,1,94.292,
01/01/2000,01:29:09.24,20.01,-61.85,-992.59,78.75,-673.75,-385.0,1,94.293,
01/01/2000,01:29:09.25,20.37,-61.73,-992.10,113.75,-717.50,-87.50,1,94.294,
01/01/2000,01:29:09.26,20.50,-61.98,-991.62,87.50,-770.0,-166.25,1,94.295,
01/01/2000,01:29:09.27,20.13,-62.34,-991.25,113.75,-726.25,-358.75,1,94.296,
01/01/2000,01:29:09.29,19.40,-62.34,-991.49,148.75,-700.0,-402.50,1,94.297,
01/01/2000,01:29:09.30,18.54,-62.22,-991.62,87.50,-752.50,-262.50,1,94.298,
01/01/2000,01:29:09.31,18.06,-61.85,-992.10,131.25,-708.75,-288.75,1,94.299,
01/01/2000,01:29:09.32,17.57,-61.73,-992.59,166.25,-595.0,-262.50,1,94.300,
01/01/2000,01:29:09.33,17.45,-61.61,-992.84,157.50,-586.25,-376.25,1,94.301,
01/01/2000,01:29:09.34,18.30,-61.85,-992.59,218.75,-673.75,-402.50,1,94.302,
01/01/2000,01:29:09.35,19.15,-61.85,-992.10,0.0,-612.50,-227.50,1,94.303,
01/01/2000,01:29:09.36,20.25,-62.34,-991.74,192.50,-840.0,-385.0,1,94.304,
01/01/2000,01:29:09.37,20.25,-62.46,-991.74,17.50,-813.75,-350.0,1,94.305,
01/01/2000,01:29:09.38,20.01,-62.22,-992.10,148.75,-743.75,-402.50,1,94.306,
01/01/2000,01:29:09.39,19.89,-62.10,-992.84,166.25,-805.0,-376.25,1,94.306,
01/01/2000,01:29:09.40,19.52,-61.49,-993.20,140.0,-665.0,-201.25,1,94.307,
01/01/2000,01:29:09.42,19.28,-61.49,-993.32,262.50,-621.25,-358.75,1,94.292,
01/01/2000,01:29:09.43,19.03,-61.73,-993.08,175.0,-665.0,-350.0,1,94.293,
01/01/2000,01:29:09.44,18.91,-61.85,-992.47,78.75,-673.75,-385.0,1,94.294,
01/01/2000,01:29:09.45,19.03,-61.61,-991.49,96.25,-805.0,-297.50,1,94.295,
01/01/2000,01:29:09.46,19.52,-61.49,-991.13,175.0,-673.75,-358.75,1,94.296,
01/01/2000,01:29:09.47,19.52,-61.37,-991.13,26.25,-691.25,-245.0,1,94.297,
01/01/2000,01:29:09.48,19.76,-61.49,-991.37,157.50,-726.25,-315.0,1,94.298,
01/01/2000,01:29:09.49,19.64,-61.73,-991.86,201.25,-761.25,-306.25,1,94.299,
01/01/2000,01:29:09.50,19.03,-61.85,-992.23,131.25,-735.0,-341.25,1,94.284,
01/01/2000,01:29:09.51,18.30,-61.61,-992.35,166.25,-796.25,-280.0,1,94.285,
01/01/2000,01:29:09.52,17.81,-61.49,-992.10,113.75,-735.0,-297.50,1,94.286,
01/01/2000,01:29:09.53,17.45,-61.37,-991.86,245.0,-787.50,-288.75,1,94.287,
01/01/2000,01:29:09.54,17.57,-61.37,-991.86,87.50,-682.50,-332.50,1,94.288,
01/01/2000,01:29:09.55,17.93,-61.49,-991.62,201.25,-647.50,-280.0,1,94.289,
01/01/2000,01:29:09.56,18.54,-61.49,-991.74,166.25,-726.25,-323.75,1,94.290,
01/01/2000,01:29:09.57,19.40,-61.61,-992.23,70.0,-656.25,-376.25,1,94.291,
01/01/2000,01:29:09.58,19.64,-61.61,-992.10,201.25,-743.75,-393.75,1,94.292,
01/01/2000,01:29:09.59,19.76,-61.49,-992.10,87.50,-787.50,-306.25,1,94.293,
01/01/2000,01:29:09.60,19.76,-61.24,-992.10,236.25,-717.50,-376.25,1,94.294,
01/01/2000,01:29:09.61,19.76,-61.49,-992.59,122.50,-796.25,-218.75,1,94.295,
01/01/2000,01:29:09.62,19.64,-61.73,-993.08,175.0,-682.50,-393.75,1,94.296,
01/01/2000,01:29:09.64,19.76,-61.73,-993.20,148.75,-700.0,-481.25,1,94.297,
01/01/2000,01:29:09.65,19.76,-61.85,-993.08,210.0,-682.50,-358.75,1,94.298,
01/01/2000,01:29:09.66,19.76,-61.73,-993.08,166.25,-621.25,-315.0,1,94.299,
01/01/2000,01:29:09.67,19.76,-61.73,-992.84,166.25,-752.50,-315.0,1,94.300,
01/01/2000,01:29:09.68,20.01,-61.49,-992.35,192.50,-533.75,-350.0,1,94.301,
01/01/2000,01:29:09.69,20.01,-61.73,-991.62,166.25,-796.25,-323.75,1,94.302,
01/01/2000,01:29:09.70,19.89,-61.73,-991.13,87.50,-770.0,-236.25,1,94.303,
01/01/2000,01:29:09.71,19.40,-61.98,-990.88,166.25,-682.50,-332.50,1,94.288,
01/01/2000,01:29:09.72,19.03,-61.73,-991.37,201.25,-778.75,-323.75,1,94.289,
01/01/2000,01:29:09.73,18.06,-61.61,-992.47,227.50,-656.25,-385.0,1,94.290,
01/01/2000,01:29:09.74,17.57,-61.49,-993.08,227.50,-691.25,-358.75,1,94.291,
01/01/2000,01:29:09.75,17.08,-61.24,-993.45,157.50,-647.50,-288.75,1,94.291,
01/01/2000,01:29:09.76,17.08,-61.24,-993.32,140.0,-726.25,-175.0,1,94.292,
01/01/2000,01:29:09.77,17.93,-61.85,-992.23,218.75,-796.25,-323.75,1,94.293,
01/01/2000,01:29:09.79,18.67,-61.98,-991.49,148.75,-735.0,-376.25,1,94.294,
01/01/2000,01:29:09.80,19.40,-62.22,-991.13,157.50,-717.50,-367.50,1,94.295,
01/01/2000,01:29:09.81,20.01,-62.10,-991.13,175.0,-665.0,-402.50,1,94.296,
01/01/2000,01:29:09.82,20.25,-61.98,-991.74,140.0,-761.25,-280.0,1,94.297,
01/01/2000,01:29:09.83,20.01,-61.85,-992.47,96.25,-673.75,-271.25,1,94.298,
01/01/2000,01:29:09.84,19.40,-61.73,-993.08,218.75,-682.50,-367.50,1,94.299,
01/01/2000,01:29:09.85,18.79,-61.61,-992.84,113.75,-673.75,-210.0,1,94.300,
01/01/2000,01:29:09.86,18.54,-61.85,-992.10,280.0,-673.75,-323.75,1,94.301,
01/01/2000,01:29:09.87,18.42,-61.85,-991.49,0.0,-647.50,-315.0,1,94.302,
01/01/2000,01:29:09.88,19.03,-61.98,-991.62,52.50,-612.50,-367.50,1,94.303,
01/01/2000,01:29:09.89,19.89,-61.98,-991.86,8.75,-682.50,-472.50,1,94.304,
01/01/2000,01:29:09.90,20.25,-61.73,-992.10,175.0,-656.25,-236.25,1,94.305,
01/01/2000,01:29:09.91,20.25,-61.49,-991.86,43.75,-708.75,-332.50,1,94.306,
01/01/2000,01:29:09.93,18.67,-61.49,-991.49,43.75,-542.50,-148.75,1,94.291,
01/01/2000,01:29:09.94,17.81,-61.73,-991.25,122.50,-682.50,-428.75,1,94.292,
01/01/2000,01:29:09.95,17.20,-61.49,-990.88,271.25,-586.25,-481.25,1,94.293,
01/01/2000,01:29:09.96,17.32,-61.37,-990.88,192.50,-717.50,-315.0,1,94.294,
01/01/2000,01:29:09.97,18.30,-61.12,-991.13,192.50,-656.25,-385.0,1,94.295,
01/01/2000,01:29:09.98,19.15,-61.37,-991.62,201.25,-735.0,-402.50,1,94.296,
01/01/2000,01:29:09.99,20.01,-61.37,-992.35,17.50,-848.75,-262.50,1,94.297,
01/01/2000,01:29:10.00,20.50,-61.85,-992.35,280.0,-735.0,-367.50,1,94.298,
01/01/2000,01:29:10.01,20.25,-61.73,-992.10,210.0,-752.50,-428.75,1,94.299,
01/01/2000,01:29:10.02,19.64,-61.49,-991.62,140.0,-682.50,-420.0,1,94.300,
01/01/2000,01:29:10.03,18.91,-61.0,-991.25,105.0,-761.25,-245.0,1,94.301,
01/01/2000,01:29:10.04,18.54,-61.24,-991.37,122.50,-691.25,-332.50,1,94.301,
01/01/2000,01:29:10.05,18.67,-61.37,-991.86,113.75,-647.50,-376.25,1,94.302,
01/01/2000,01:29:10.06,19.15,-61.73,-992.59,271.25,-586.25,-393.75,1,94.288,
01/01/2000,01:29:10.07,19.64,-61.73,-992.47,70.0,-656.25,-288.75,1,94.289,
01/01/2000,01:29:10.08,19.89,-61.73,-992.10,148.75,-735.0,-341.25,1,94.290,
01/01/2000,01:29:10.09,20.13,-61.73,-991.98,236.25,-551.25,-288.75,1,94.290,
01/01/2000,01:29:10.10,20.25,-61.73,-991.86,183.75,-761.25,-262.50,1,94.291,
01/01/2000,01:29:10.11,19.76,-61.61,-992.10,105.0,-700.0,-253.75,1,94.292,
01/01/2000,01:29:10.12,19.03,-61.61,-992.59,43.75,-761.25,-236.25,1,94.293,
01/01/2000,01:29:10.13,18.18,-61.49,-993.08,35.0,-726.25,-332.50,1,94.294,
01/01/2000,01:29:10.15,17.45,-61.37,-993.32,157.50,-630.0,-446.25,1,94.295,
01/01/2000,01:29:10.16,17.32,-61.24,-993.08,297.50,-735.0,-350.0,1,94.296,
01/01/2000,01:29:10.17,17.81,-61.0,-992.10,105.0,-673.75,-323.75,1,94.297,
01/01/2000,01:29:10.18,18.54,-61.12,-991.37,323.75,-735.0,-420.0,1,94.298,
01/01/2000,01:29:10.19,19.28,-61.49,-990.88,113.75,-700.0,-420.0,1,94.299,
01/01/2000,01:29:10.20,20.13,-61.73,-991.13,166.25,-840.0,-306.25,1,94.300,
01/01/2000,01:29:10.21,19.89,-62.10,-991.74,78.75,-700.0,-288.75,1,94.301,
01/01/2000,01:29:10.22,19.52,-61.85,-991.86,280.0,-761.25,-463.75,1,94.302,
01/01/2000,01:29:10.23,18.91,-61.24,-991.74,17.50,-630.0,-315.0,1,94.303,
01/01/2000,01:29:10.24,18.30,-60.76,-991.37,201.25,-691.25,-341.25,1,94.304,
01/01/2000,01:29:10.25,18.30,-61.0,-991.37,271.25,-691.25,-227.50,1,94.305,
01/01/2000,01:29:10.26,18.79,-61.49,-991.62,131.25,-621.25,-393.75,1,94.306,
01/01/2000,01:29:10.27,19.89,-61.98,-992.23,175.0,-796.25,-577.50,1,94.291,
01/01/2000,01:29:10.28,20.37,-61.73,-992.59,-26.25,-778.75,-367.50,1,94.292,
01/01/2000,01:29:10.29,20.86,-61.49,-992.35,201.25,-656.25,-288.75,1,94.293,
01/01/2000,01:29:10.30,20.98,-61.24,-992.10,96.25,-726.25,-271.25,1,94.294,
01/01/2000,01:29:10.31,20.13,-61.0,-991.86,52.50,-691.25,-280.0,1,94.295,
01/01/2000,01:29:10.32,19.28,-61.24,-991.62,78.75,-665.0,-227.50,1,94.296,
01/01/2000,01:29:10.33,18.18,-61.73,-991.86,175.0,-656.25,-245.0,1,94.297,
01/01/2000,01:29:10.35,16.84,-61.61,-992.10,43.75,-708.75,-358.75,1,94.298,
01/01/2000,01:29:10.36,16.59,-61.49,-992.10,253.75,-586.25,-385.0,1,94.299,
01/01/2000,01:29:10.37,17.81,-60.76,-992.84,113.75,-691.25,-472.50,1,94.299,
01/01/2000,01:29:10.38,18.67,-60.88,-993.32,61.25,-638.75,-455.0,1,94.300,
01/01/2000,01:29:10.39,20.01,-61.24,-993.57,201.25,-603.75,-253.75,1,94.301,
01/01/2000,01:29:10.40,20.62,-61.49,-993.32,35.0,-761.25,-280.0,1,94.302,
01/01/2000,01:29:10.41,20.74,-61.73,-992.59,218.75,-770.0,-376.25,1,94.303,
01/01/2000,01:29:10.42,19.76,-61.85,-991.25,245.0,-805.0,-253.75,1,94.304,
01/01/2000,01:29:10.44,18.18,-61.0,-990.15,245.0,-752.50,-227.50,1,94.290,
01/01/2000,01:29:10.45,18.06,-60.88,-990.52,122.50,-726.25,-323.75,1,94.290,
01/01/2000,01:29:10.46,18.06,-61.0,-991.13,61.25,-577.50,-236.25,1,94.291,
01/01/2000,01:29:10.47,18.42,-61.24,-991.86,78.75,-743.75,-332.50,1,94.292,
01/01/2000,01:29:10.48,19.52,-61.73,-992.10,70.0,-630.0,-376.25,1,94.293,
01/01/2000,01:29:10.49,20.25,-61.73,-992.10,271.25,-682.50,-507.50,1,94.294,
01/01/2000,01:29:10.50,20.86,-61.37,-991.86,218.75,-673.75,-367.50,1,94.295,
01/01/2000,01:29:10.51,20.98,-61.24,-991.62,-52.50,-822.50,-253.75,1,94.296,
01/01/2000,01:29:10.52,20.37,-61.37,-991.74,105.0,-726.25,-218.75,1,94.297,
01/01/2000,01:29:10.53,19.52,-61.61,-992.10,35.0,-726.25,-192.50,1,94.298,
01/01/2000,01:29:10.54,18.30,-61.49,-992.47,140.0,-752.50,-192.50,1,94.299,
01/01/2000,01:29:10.55,17.32,-61.49,-992.59,175.0,-691.25,-455.0,1,94.300,
01/01/2000,01:29:10.56,16.84,-61.0,-992.59,183.75,-525.0,-437.50,1,94.301,
01/01/2000,01:29:10.57,17.08,-60.76,-992.47,8.75,-717.50,-420.0,1,94.302,
01/01/2000,01:29:10.58,17.69,-61.0,-992.35,245.0,-700.0,-315.0,1,94.303,
01/01/2000,01:29:10.59,19.15,-61.24,-992.23,-8.75,-603.75,-350.0,1,94.304,
01/01/2000,01:29:10.60,20.13,-61.85,-992.35,218.75,-752.50,-350.0,1,94.305,
01/01/2000,01:29:10.61,20.98,-61.98,-992.10,122.50,-778.75,-446.25,1,94.306,
01/01/2000,01:29:10.62,21.23,-61.98,-991.98,218.75,-752.50,-402.50,1,94.307,
01/01/2000,01:29:10.63,20.86,-61.24,-992.35,87.50,-682.50,-210.0,1,94.307,
01/01/2000,01:29:10.64,20.25,-61.0,-992.71,140.0,-700.0,-157.50,1,94.308,
01/01/2000,01:29:10.65,19.28,-60.88,-993.08,17.50,-638.75,-148.75,1,94.309,
01/01/2000,01:29:10.66,18.79,-61.12,-993.08,70.0,-595.0,-306.25,1,94.310,
01/01/2000,01:29:10.67,18.30,-61.37,-991.98,131.25,-665.0,-481.25,1,94.311,
01/01/2000,01:29:10.68,18.54,-61.24,-991.01,157.50,-708.75,-376.25,1,94.312,
01/01/2000,01:29:10.69,18.91,-61.24,-990.27,70.0,-726.25,-402.50,1,94.313,
01/01/2000,01:29:10.70,19.76,-61.12,-989.91,35.0,-700.0,-376.25,1,94.298,
01/01/2000,01:29:10.71,20.01,-61.24,-990.40,105.0,-778.75,-306.25,1,94.299,
01/01/2000,01:29:10.73,20.13,-61.49,-991.86,280.0,-700.0,-358.75,1,94.300,
01/01/2000,01:29:10.73,18.79,-61.61,-992.84,157.50,-691.25,-166.25,1,94.301,
01/01/2000,01:29:10.75,17.57,-61.24,-993.20,131.25,-638.75,-341.25,1,94.302,
01/01/2000,01:29:10.76,16.84,-61.12,-992.84,87.50,-735.0,-262.50,1,94.303,
01/01/2000,01:29:10.77,16.71,-60.76,-991.74,87.50,-665.0,-288.75,1,94.304,
01/01/2000,01:29:10.78,17.45,-60.88,-991.01,96.25,-787.50,-472.50,1,94.305,
01/01/2000,01:29:10.79,19.28,-61.37,-990.64,201.25,-787.50,-350.0,1,94.306,
01/01/2000,01:29:10.80,20.37,-61.61,-990.76,148.75,-656.25,-385.0,1,94.307,
01/01/2000,01:29:10.81,20.98,-61.73,-991.13,192.50,-717.50,-376.25,1,94.308,
01/01/2000,01:29:10.82,21.23,-61.61,-991.86,105.0,-778.75,-262.50,1,94.309,
01/01/2000,01:29:10.83,20.98,-61.37,-992.59,131.25,-787.50,-332.50,1,94.310,
01/01/2000,01:29:10.84,19.76,-61.12,-993.08,166.25,-796.25,-245.0,1,94.295,
01/01/2000,01:29:10.85,18.18,-60.88,-992.71,122.50,-665.0,-350.0,1,94.296,
01/01/2000,01:29:10.86,17.57,-61.0,-992.10,140.0,-700.0,-245.0,1,94.297,
01/01/2000,01:29:10.87,17.32,-61.0,-991.37,140.0,-656.25,-227.50,1,94.298,
01/01/2000,01:29:10.88,17.69,-61.49,-991.25,175.0,-770.0,-446.25,1,94.299,
01/01/2000,01:29:10.89,19.28,-61.49,-991.86,43.75,-735.0,-542.50,1,94.300,
01/01/2000,01:29:10.90,20.86,-61.24,-992.84,61.25,-778.75,-490.0,1,94.301,
01/01/2000,01:29:10.92,21.72,-61.12,-993.57,183.75,-603.75,-245.0,1,94.302,
01/01/2000,01:29:10.93,21.23,-61.0,-993.20,105.0,-691.25,-166.25,1,94.303,
01/01/2000,01:29:10.94,19.03,-61.12,-991.49,113.75,-621.25,-96.25,1,94.304,
01/01/2000,01:29:10.95,17.08,-61.12,-990.15,280.0,-726.25,-332.50,1,94.289,
01/01/2000,01:29:10.96,15.74,-61.12,-989.79,367.50,-717.50,-516.25,1,94.305,
01/01/2000,01:29:10.97,16.35,-61.12,-990.40,297.50,-726.25,-507.50,1,94.291,
01/01/2000,01:29:10.98,17.32,-61.0,-991.37,148.75,-717.50,-621.25,1,94.292,
01/01/2000,01:29:10.99,20.01,-60.88,-992.96,157.50,-630.0,-297.50,1,94.293,
01/01/2000,01:29:11.00,21.35,-60.88,-993.20,35.0,-726.25,-227.50,1,94.294,
01/01/2000,01:29:11.01,21.84,-61.24,-992.84,131.25,-787.50,-280.0,1,94.295,
01/01/2000,01:29:11.02,21.72,-61.49,-992.10,78.75,-770.0,-210.0,1,94.296,
01/01/2000,01:29:11.03,20.37,-61.37,-991.13,122.50,-743.75,-166.25,1,94.297,
01/01/2000,01:29:11.04,19.15,-61.0,-990.88,87.50,-708.75,-315.0,1,94.297,
01/01/2000,01:29:11.05,18.06,-60.88,-991.13,148.75,-770.0,-332.50,1,94.298,
01/01/2000,01:29:11.06,17.45,-60.76,-991.49,175.0,-708.75,-358.75,1,94.299,
01/01/2000,01:29:11.08,17.81,-60.76,-992.35,122.50,-700.0,-481.25,1,94.300,
01/01/2000,01:29:11.08,18.91,-60.76,-992.59,201.25,-630.0,-367.50,1,94.301,
01/01/2000,01:29:11.10,20.25,-60.76,-992.59,96.25,-717.50,-411.25,1,94.302,
01/01/2000,01:29:11.11,21.23,-61.0,-992.35,70.0,-831.25,-210.0,1,94.303,
01/01/2000,01:29:11.12,21.47,-61.12,-991.86,87.50,-717.50,-288.75,1,94.304,
01/01/2000,01:29:11.13,20.25,-61.24,-991.13,26.25,-700.0,-87.50,1,94.305,
01/01/2000,01:29:11.14,17.93,-61.49,-991.13,236.25,-735.0,-350.0,1,94.306,
01/01/2000,01:29:11.15,16.59,-61.0,-991.37,253.75,-761.25,-490.0,1,94.307,
01/01/2000,01:29:11.16,16.35,-60.39,-991.98,87.50,-761.25,-350.0,1,94.308,
01/01/2000,01:29:11.17,16.84,-60.27,-992.59,166.25,-603.75,-227.50,1,94.309,
01/01/2000,01:29:11.18,18.42,-60.39,-992.84,122.50,-691.25,-393.75,1,94.310,
01/01/2000,01:29:11.19,20.50,-61.24,-992.84,96.25,-673.75,-271.25,1,94.295,
01/01/2000,01:29:11.20,21.11,-61.49,-992.47,78.75,-761.25,-350.0,1,94.296,
01/01/2000,01:29:11.21,21.23,-61.49,-991.98,96.25,-673.75,-236.25,1,94.297,
01/01/2000,01:29:11.22,20.74,-61.37,-991.37,218.75,-673.75,-350.0,1,94.298,
01/01/2000,01:29:11.23,19.76,-60.76,-990.76,61.25,-568.75,-306.25,1,94.299,
01/01/2000,01:29:11.24,18.42,-60.63,-990.76,78.75,-638.75,-262.50,1,94.300,
01/01/2000,01:29:11.25,17.93,-60.51,-991.01,148.75,-568.75,-192.50,1,94.301,
01/01/2000,01:29:11.27,17.93,-61.12,-991.62,183.75,-717.50,-350.0,1,94.302,
01/01/2000,01:29:11.28,18.30,-61.24,-991.98,253.75,-717.50,-358.75,1,94.303,
01/01/2000,01:29:11.29,19.15,-61.49,-991.62,262.50,-700.0,-463.75,1,94.303,
01/01/2000,01:29:11.30,20.37,-61.0,-991.25,122.50,-682.50,-393.75,1,94.304,
01/01/2000,01:29:11.31,20.74,-61.0,-990.88,113.75,-796.25,-157.50,1,94.305,
01/01/2000,01:29:11.32,20.50,-61.12,-990.88,87.50,-717.50,-175.0,1,94.306,
01/01/2000,01:29:11.33,19.52,-61.24,-991.13,175.0,-682.50,-227.50,1,94.307,
01/01/2000,01:29:11.34,17.81,-61.49,-991.98,105.0,-656.25,-253.75,1,94.308,
01/01/2000,01:29:11.35,16.84,-61.0,-992.84,113.75,-656.25,-420.0,1,94.309,
01/01/2000,01:29:11.36,16.59,-60.76,-992.84,70.0,-647.50,-393.75,1,94.310,
01/01/2000,01:29:11.37,17.20,-60.63,-992.59,113.75,-595.0,-350.0,1,94.311,
01/01/2000,01:29:11.38,18.06,-60.39,-992.23,166.25,-665.0,-358.75,1,94.312,
01/01/2000,01:29:11.39,19.15,-60.76,-991.74,148.75,-708.75,-280.0,1,94.313,
01/01/2000,01:29:11.40,20.50,-61.49,-990.88,210.0,-787.50,-463.75,1,94.298,
01/01/2000,01:29:11.42,20.86,-61.73,-990.88,280.0,-726.25,-358.75,1,94.299,
01/01/2000,01:29:11.42,20.74,-61.61,-991.49,227.50,-735.0,-341.25,1,94.300,
01/01/2000,01:29:11.44,20.13,-61.24,-992.35,157.50,-647.50,-297.50,1,94.301,
01/01/2000,01:29:11.45,19.28,-61.0,-993.08,113.75,-647.50,-183.75,1,94.302,
01/01/2000,01:29:11.46,17.93,-60.76,-993.08,175.0,-682.50,-236.25,1,94.303,
01/01/2000,01:29:11.47,17.57,-60.76,-992.47,105.0,-743.75,-315.0,1,94.304,
01/01/2000,01:29:11.48,17.93,-61.24,-992.10,192.50,-630.0,-411.25,1,94.305,
01/01/2000,01:29:11.49,18.79,-61.37,-991.98,113.75,-717.50,-498.75,1,94.306,
01/01/2000,01:29:11.50,20.74,-61.37,-992.35,78.75,-761.25,-463.75,1,94.307,
01/01/2000,01:29:11.51,21.23,-61.24,-992.59,201.25,-770.0,-446.25,1,94.308,
01/01/2000,01:29:11.52,20.86,-60.88,-992.59,-26.25,-770.0,-52.50,1,94.309,
01/01/2000,01:29:11.53,19.76,-60.88,-992.35,105.0,-735.0,-140.0,1,94.294,
01/01/2000,01:29:11.54,17.69,-61.12,-991.49,332.50,-770.0,-376.25,1,94.310,
01/01/2000,01:29:11.55,16.84,-60.63,-991.01,175.0,-665.0,-385.0,1,94.296,
01/01/2000,01:29:11.56,16.96,-60.88,-990.27,192.50,-682.50,-463.75,1,94.297,
01/01/2000,01:29:11.57,18.18,-60.88,-990.15,122.50,-691.25,-393.75,1,94.298,
01/01/2000,01:29:11.58,19.52,-61.12,-990.64,175.0,-743.75,-472.50,1,94.299,
01/01/2000,01:29:11.59,20.62,-61.24,-991.01,35.0,-691.25,-411.25,1,94.300,
01/01/2000,01:29:11.60,21.59,-61.37,-991.62,157.50,-735.0,-315.0,1,94.301,
01/01/2000,01:29:11.62,21.96,-61.24,-991.86,78.75,-726.25,-253.75,1,94.302,
01/01/2000,01:29:11.63,21.11,-61.37,-991.98,192.50,-726.25,-253.75,1,94.302,
01/01/2000,01:29:11.64,19.40,-61.37,-991.98,105.0,-691.25,-175.0,1,94.303,
01/01/2000,01:29:11.65,18.06,-61.12,-991.86,140.0,-673.75,-236.25,1,94.304,
01/01/2000,01:29:11.66,17.20,-61.0,-991.74,43.75,-630.0,-367.50,1,94.305,
01/01/2000,01:29:11.67,17.20,-60.88,-991.62,96.25,-586.25,-367.50,1,94.306,
01/01/2000,01:29:11.68,17.57,-60.76,-991.98,183.75,-735.0,-280.0,1,94.307,
01/01/2000,01:29:11.69,19.15,-61.0,-991.86,183.75,-647.50,-411.25,1,94.308,
01/01/2000,01:29:11.70,20.62,-61.49,-991.74,175.0,-857.50,-385.0,1,94.309,
01/01/2000,01:29:11.71,20.62,-61.61,-991.62,192.50,-761.25,-288.75,1,94.310,
01/01/2000,01:29:11.72,19.64,-61.49,-991.37,70.0,-743.75,-350.0,1,94.311,
01/01/2000,01:29:11.73,18.54,-61.24,-991.49,105.0,-726.25,-332.50,1,94.312,
01/01/2000,01:29:11.74,16.84,-60.63,-991.86,166.25,-682.50,-393.75,1,94.313,
01/01/2000,01:29:11.75,16.47,-60.39,-992.35,201.25,-673.75,-358.75,1,94.314,
01/01/2000,01:29:11.77,17.57,-60.39,-993.20,8.75,-568.75,-385.0,1,94.299,
01/01/2000,01:29:11.77,18.79,-60.76,-993.20,113.75,-700.0,-393.75,1,94.300,
01/01/2000,01:29:11.79,20.01,-61.24,-992.96,210.0,-621.25,-411.25,1,94.301,
01/01/2000,01:29:11.80,21.23,-61.37,-992.10,271.25,-647.50,-393.75,1,94.302,
01/01/2000,01:29:11.81,21.84,-61.37,-991.74,96.25,-770.0,-367.50,1,94.303,
01/01/2000,01:29:11.82,21.23,-61.0,-991.49,113.75,-647.50,-192.50,1,94.304,
01/01/2000,01:29:11.83,19.28,-60.76,-991.74,148.75,-717.50,-52.50,1,94.305,
01/01/2000,01:29:11.84,18.06,-60.63,-992.35,262.50,-717.50,-96.25,1,94.306,
01/01/2000,01:29:11.85,17.20,-60.76,-992.71,131.25,-682.50,-420.0,1,94.307,
01/01/2000,01:29:11.86,17.57,-60.88,-992.59,253.75,-665.0,-411.25,1,94.307,
01/01/2000,01:29:11.87,18.42,-60.63,-992.10,96.25,-691.25,-507.50,1,94.308,
01/01/2000,01:29:11.88,19.64,-61.0,-991.13,297.50,-630.0,-490.0,1,94.309,
01/01/2000,01:29:11.89,20.62,-61.0,-990.27,192.50,-700.0,-323.75,1,94.310,
01/01/2000,01:29:11.90,20.62,-61.24,-989.79,166.25,-743.75,-297.50,1,94.296,
01/01/2000,01:29:11.91,19.40,-61.37,-990.15,140.0,-805.0,-113.75,1,94.297,
01/01/2000,01:29:11.92,17.45,-61.49,-991.74,113.75,-665.0,-350.0,1,94.298,
01/01/2000,01:29:11.93,16.47,-60.88,-992.96,-43.75,-568.75,-393.75,1,94.299,
01/01/2000,01:29:11.94,16.59,-60.88,-993.57,306.25,-691.25,-385.0,1,94.300,
01/01/2000,01:29:11.95,17.20,-60.39,-993.57,288.75,-621.25,-323.75,1,94.301,
01/01/2000,01:29:11.96,18.79,-60.51,-992.59,17.50,-857.50,-297.50,1,94.301,
01/01/2000,01:29:11.98,20.50,-61.37,-991.01,201.25,-752.50,-332.50,1,94.302,
01/01/2000,01:29:11.99,21.11,-61.49,-990.76,218.75,-743.75,-367.50,1,94.288,
01/01/2000,01:29:12.00,20.98,-61.85,-991.01,192.50,-752.50,-218.75,1,94.289,
01/01/2000,01:29:12.01,20.13,-61.49,-991.62,0.0,-717.50,-385.0,1,94.290,
01/01/2000,01:29:12.02,18.67,-60.88,-992.59,210.0,-708.75,-166.25,1,94.291,
01/01/2000,01:29:12.03,17.69,-60.39,-992.84,288.75,-682.50,-175.0,1,94.292,
01/01/2000,01:29:12.04,17.20,-60.15,-992.84,175.0,-630.0,-227.50,1,94.293,
01/01/2000,01:29:12.05,17.45,-60.63,-991.98,122.50,-682.50,-367.50,1,94.294,
01/01/2000,01:29:12.06,18.91,-61.12,-991.74,140.0,-647.50,-463.75,1,94.294,
01/01/2000,01:29:12.07,20.50,-61.37,-991.74,227.50,-691.25,-568.75,1,94.295,
01/01/2000,01:29:12.08,21.59,-61.61,-991.74,148.75,-726.25,-437.50,1,94.296,
01/01/2000,01:29:12.09,21.84,-61.49,-991.86,192.50,-630.0,-227.50,1,94.297,
01/01/2000,01:29:12.10,20.13,-61.24,-992.35,148.75,-700.0,-35.0,1,94.298,
01/01/2000,01:29:12.12,18.42,-61.0,-992.35,87.50,-603.75,-8.75,1,94.299,
01/01/2000,01:29:12.13,16.59,-61.0,-992.59,341.25,-603.75,-516.25,1,94.300,
01/01/2000,01:29:12.14,15.49,-60.63,-992.59,87.50,-717.50,-385.0,1,94.301,
01/01/2000,01:29:12.15,16.10,-61.0,-992.47,148.75,-796.25,-402.50,1,94.302,
01/01/2000,01:29:12.16,17.69,-61.0,-992.47,-8.75,-691.25,-621.25,1,94.303,
01/01/2000,01:29:12.17,19.52,-61.37,-992.35,87.50,-717.50,-498.75,1,94.304,
01/01/2000,01:29:12.18,21.23,-61.37,-992.10,245.0,-691.25,-341.25,1,94.305,
01/01/2000,01:29:12.19,22.20,-61.24,-991.86,192.50,-822.50,-175.0,1,94.306,
01/01/2000,01:29:12.20,21.35,-60.88,-991.62,0.0,-752.50,-140.0,1,94.306,
01/01/2000,01:29:12.21,19.76,-60.63,-991.01,271.25,-735.0,-105.0,1,94.307,
01/01/2000,01:29:12.22,18.42,-60.39,-990.76,148.75,-682.50,-376.25,1,94.308,
01/01/2000,01:29:12.23,17.08,-60.39,-990.52,175.0,-621.25,-358.75,1,94.309,
01/01/2000,01:29:12.24,16.84,-60.39,-990.76,105.0,-673.75,-481.25,1,94.310,
01/01/2000,01:29:12.25,17.57,-60.76,-991.37,140.0,-717.50,-481.25,1,94.296,
01/01/2000,01:29:12.26,19.15,-60.88,-991.86,70.0,-612.50,-525.0,1,94.297,
01/01/2000,01:29:12.27,20.13,-61.0,-991.86,236.25,-647.50,-411.25,1,94.298,
01/01/2000,01:29:12.28,20.74,-60.76,-991.98,122.50,-586.25,-332.50,1,94.299,
01/01/2000,01:29:12.29,20.37,-60.51,-991.86,113.75,-901.25,-105.0,1,94.300,
01/01/2000,01:29:12.30,18.54,-60.63,-991.86,-26.25,-805.0,-140.0,1,94.300,
01/01/2000,01:29:12.31,17.32,-60.88,-991.98,271.25,-682.50,-376.25,1,94.301,
01/01/2000,01:29:12.33,16.59,-60.51,-992.10,105.0,-647.50,-332.50,1,94.302,
01/01/2000,01:29:12.34,17.08,-60.63,-992.35,227.50,-647.50,-472.50,1,94.303,
01/01/2000,01:29:12.35,18.18,-60.63,-992.59,157.50,-726.25,-297.50,1,94.304,
01/01/2000,01:29:12.36,19.28,-60.76,-992.10,157.50,-638.75,-253.75,1,94.305,
01/01/2000,01:29:12.37,20.62,-61.0,-991.49,253.75,-700.0,-428.75,1,94.306,
01/01/2000,01:29:12.38,20.86,-61.12,-991.13,236.25,-831.25,-253.75,1,94.307,
01/01/2000,01:29:12.39,20.62,-61.12,-990.88,43.75,-726.25,-297.50,1,94.308,
01/01/2000,01:29:12.40,19.76,-61.12,-991.25,122.50,-796.25,-323.75,1,94.309,
01/01/2000,01:29:12.41,18.91,-60.88,-991.98,166.25,-700.0,-297.50,1,94.310,
01/01/2000,01:29:12.42,18.06,-60.51,-992.84,192.50,-717.50,-245.0,1,94.311,
01/01/2000,01:29:12.43,18.06,-60.51,-993.20,157.50,-656.25,-210.0,1,94.311,
01/01/2000,01:29:12.44,18.54,-60.51,-993.32,61.25,-656.25,-323.75,1,94.312,
01/01/2000,01:29:12.45,19.15,-60.76,-992.96,43.75,-717.50,-385.0,1,94.298,
01/01/2000,01:29:12.47,20.37,-61.0,-991.62,140.0,-647.50,-376.25,1,94.299,
01/01/2000,01:29:12.48,20.86,-61.0,-991.01,148.75,-857.50,-376.25,1,94.300,
01/01/2000,01:29:12.49,19.52,-61.0,-991.01,218.75,-691.25,-131.25,1,94.301,
01/01/2000,01:29:12.50,18.30,-60.88,-991.74,43.75,-700.0,-271.25,1,94.302,
01/01/2000,01:29:12.51,17.45,-60.76,-992.71,105.0,-638.75,-507.50,1,94.303,
01/01/2000,01:29:12.52,16.96,-60.15,-993.32,26.25,-665.0,-280.0,1,94.304,
01/01/2000,01:29:12.53,17.81,-60.02,-993.20,122.50,-630.0,-341.25,1,94.305,
01/01/2000,01:29:12.54,18.91,-60.15,-992.84,17.50,-630.0,-428.75,1,94.305,
01/01/2000,01:29:12.55,20.25,-60.76,-992.35,78.75,-743.75,-323.75,1,94.291,
01/01/2000,01:29:12.56,21.59,-61.37,-992.10,140.0,-796.25,-341.25,1,94.292,
01/01/2000,01:29:12.57,21.47,-61.49,-991.86,78.75,-717.50,-358.75,1,94.293,
01/01/2000,01:29:12.58,20.98,-61.12,-991.74,87.50,-700.0,-393.75,1,94.294,
01/01/2000,01:29:12.59,19.89,-60.76,-991.86,183.75,-691.25,-61.25,1,94.295,
01/01/2000,01:29:12.60,18.54,-60.39,-992.23,192.50,-647.50,-262.50,1,94.296,
01/01/2000,01:29:12.61,17.32,-60.27,-992.35,166.25,-586.25,-253.75,1,94.297,
01/01/2000,01:29:12.62,17.08,-60.27,-992.10,-26.25,-682.50,-358.75,1,94.298,
01/01/2000,01:29:12.63,17.32,-60.76,-991.86,140.0,-682.50,-428.75,1,94.299,
01/01/2000,01:29:12.64,19.03,-61.0,-991.62,131.25,-796.25,-376.25,1,94.299,
01/01/2000,01:29:12.65,20.01,-61.24,-991.49,227.50,-691.25,-455.0,1,94.300,
01/01/2000,01:29:12.66,20.86,-61.12,-991.37,70.0,-735.0,-332.50,1,94.301,
01/01/2000,01:29:12.68,20.01,-60.88,-992.10,218.75,-761.25,-166.25,1,94.302,
01/01/2000,01:29:12.69,19.03,-60.63,-992.35,61.25,-700.0,-262.50,1,94.303,
01/01/2000,01:29:12.70,17.69,-60.76,-992.59,70.0,-726.25,-376.25,1,94.304,
01/01/2000,01:29:12.71,16.35,-60.51,-992.71,70.0,-638.75,-376.25,1,94.305,
01/01/2000,01:29:12.72,16.47,-60.51,-992.59,122.50,-726.25,-428.75,1,94.306,
01/01/2000,01:29:12.73,17.32,-60.39,-992.35,96.25,-813.75,-551.25,1,94.307,
01/01/2000,01:29:12.74,18.42,-60.63,-991.86,140.0,-682.50,-341.25,1,94.308,
01/01/2000,01:29:12.75,19.89,-61.0,-991.01,140.0,-717.50,-428.75,1,94.309,
01/01/2000,01:29:12.76,20.62,-61.24,-991.01,122.50,-778.75,-245.0,1,94.309,
01/01/2000,01:29:12.77,20.25,-61.24,-991.37,183.75,-708.75,-358.75,1,94.310,
01/01/2000,01:29:12.78,19.76,-61.0,-991.74,-43.75,-761.25,-358.75,1,94.311,
01/01/2000,01:29:12.79,19.03,-60.63,-992.35,70.0,-691.25,-236.25,1,94.312,
01/01/2000,01:29:12.80,18.18,-60.63,-992.71,236.25,-691.25,-271.25,1,94.298,
01/01/2000,01:29:12.81,17.81,-60.63,-992.84,61.25,-691.25,-350.0,1,94.314,
01/01/2000,01:29:12.83,18.67,-60.51,-992.35,-105.0,-708.75,-358.75,1,94.300,
01/01/2000,01:29:12.84,19.52,-60.88,-991.86,122.50,-708.75,-385.0,1,94.301,
01/01/2000,01:29:12.85,20.50,-60.76,-991.37,105.0,-700.0,-350.0,1,94.302,
01/01/2000,01:29:12.86,21.11,-61.0,-990.88,166.25,-787.50,-332.50,1,94.303,
01/01/2000,01:29:12.87,20.86,-60.76,-990.88,210.0,-735.0,-271.25,1,94.303,
01/01/2000,01:29:12.88,19.52,-60.76,-991.37,166.25,-787.50,-166.25,1,94.304,
01/01/2000,01:29:12.89,17.57,-60.76,-992.84,227.50,-577.50,-280.0,1,94.305,
01/01/2000,01:29:12.90,16.59,-60.39,-993.45,-17.50,-726.25,-420.0,1,94.306,
01/01/2000,01:29:12.91,16.59,-60.02,-993.69,166.25,-603.75,-437.50,1,94.307,
01/01/2000,01:29:12.92,16.96,-59.90,-993.32,131.25,-665.0,-253.75,1,94.308,
01/01/2000,01:29:12.93,18.30,-60.15,-992.47,157.50,-647.50,-358.75,1,94.309,
01/01/2000,01:29:12.94,19.40,-60.51,-992.10,315.0,-752.50,-376.25,1,94.310,
01/01/2000,01:29:12.95,20.25,-61.0,-991.86,157.50,-700.0,-315.0,1,94.311,
01/01/2000,01:29:12.96,20.50,-60.88,-991.74,105.0,-612.50,-533.75,1,94.297,
01/01/2000,01:29:12.97,20.01,-60.76,-991.98,166.25,-726.25,-227.50,1,94.298,
01/01/2000,01:29:12.98,19.03,-60.39,-992.84,166.25,-805.0,-315.0,1,94.298,
01/01/2000,01:29:12.99,18.18,-60.02,-993.32,157.50,-700.0,-306.25,1,94.299,
01/01/2000,01:29:13.01,18.18,-60.02,-993.57,52.50,-630.0,-218.75,1,94.300,
01/01/2000,01:29:13.02,18.30,-60.27,-993.45,245.0,-743.75,-262.50,1,94.301,
01/01/2000,01:29:13.03,18.54,-60.27,-992.59,148.75,-682.50,-341.25,1,94.302,
01/01/2000,01:29:13.04,19.28,-60.76,-991.86,96.25,-726.25,-306.25,1,94.303,
01/01/2000,01:29:13.05,19.52,-60.51,-991.13,-17.50,-752.50,-498.75,1,94.304,
01/01/2000,01:29:13.06,19.52,-60.63,-991.01,201.25,-726.25,-288.75,1,94.305,
01/01/2000,01:29:13.07,18.67,-60.51,-991.62,140.0,-708.75,-245.0,1,94.306,
01/01/2000,01:29:13.08,18.30,-60.39,-992.35,236.25,-752.50,-306.25,1,94.307,
01/01/2000,01:29:13.09,17.81,-60.15,-992.96,201.25,-761.25,-262.50,1,94.308,
01/01/2000,01:29:13.10,17.93,-60.27,-993.08,201.25,-647.50,-341.25,1,94.308,
01/01/2000,01:29:13.11,18.30,-60.27,-992.59,113.75,-638.75,-350.0,1,94.294,
01/01/2000,01:29:13.12,18.91,-60.27,-991.98,-52.50,-647.50,-358.75,1,94.310,
01/01/2000,01:29:13.13,19.76,-60.39,-991.49,218.75,-638.75,-385.0,1,94.296,
01/01/2000,01:29:13.14,20.37,-60.88,-991.25,26.25,-638.75,-358.75,1,94.297,
01/01/2000,01:29:13.15,20.86,-61.0,-991.37,78.75,-743.75,-288.75,1,94.298,
01/01/2000,01:29:13.16,20.62,-61.0,-991.62,227.50,-743.75,-306.25,1,94.299,
01/01/2000,01:29:13.17,19.76,-60.51,-991.86,113.75,-682.50,-385.0,1,94.300,
01/01/2000,01:29:13.18,18.42,-60.63,-992.35,166.25,-691.25,-210.0,1,94.301,
01/01/2000,01:29:13.19,17.93,-60.27,-992.71,61.25,-726.25,-306.25,1,94.302,
01/01/2000,01:29:13.20,17.57,-60.63,-992.96,280.0,-708.75,-315.0,1,94.302,
01/01/2000,01:29:13.21,17.69,-60.51,-993.08,148.75,-743.75,-402.50,1,94.303,
01/01/2000,01:29:13.22,18.06,-60.88,-992.71,113.75,-621.25,-376.25,1,94.304,
01/01/2000,01:29:13.24,19.15,-60.51,-992.23,96.25,-700.0,-315.0,1,94.305,
01/01/2000,01:29:13.25,19.28,-60.51,-992.10,131.25,-778.75,-350.0,1,94.306,
01/01/2000,01:29:13.26,18.79,-60.76,-992.10,122.50,-612.50,-288.75,1,94.307,
01/01/2000,01:29:13.27,18.06,-60.76,-992.23,210.0,-735.0,-245.0,1,94.308,
01/01/2000,01:29:13.28,17.08,-60.63,-992.59,157.50,-612.50,-306.25,1,94.309,
01/01/2000,01:29:13.29,16.84,-60.02,-992.96,35.0,-595.0,-428.75,1,94.310,
01/01/2000,01:29:13.30,17.45,-60.27,-992.84,157.50,-656.25,-393.75,1,94.311,
01/01/2000,01:29:13.31,18.79,-60.02,-992.23,122.50,-726.25,-385.0,1,94.312,
01/01/2000,01:29:13.32,19.64,-60.51,-991.74,280.0,-752.50,-262.50,1,94.312,
01/01/2000,01:29:13.33,20.37,-60.51,-991.25,-8.75,-761.25,-463.75,1,94.313,
01/01/2000,01:29:13.34,20.50,-60.76,-991.01,210.0,-831.25,-271.25,1,94.314,
01/01/2000,01:29:13.35,20.25,-60.63,-991.13,87.50,-691.25,-341.25,1,94.315,
01/01/2000,01:29:13.36,19.76,-60.63,-991.62,262.50,-743.75,-393.75,1,94.301,
01/01/2000,01:29:13.37,19.03,-60.27,-992.23,210.0,-656.25,-411.25,1,94.317,
01/01/2000,01:29:13.39,18.54,-60.02,-992.84,227.50,-603.75,-280.0,1,94.303,
01/01/2000,01:29:13.40,18.30,-60.02,-992.96,166.25,-743.75,-367.50,1,94.304,
01/01/2000,01:29:13.41,18.79,-60.51,-992.59,332.50,-656.25,-332.50,1,94.305,
01/01/2000,01:29:13.42,19.40,-60.51,-992.10,122.50,-726.25,-455.0,1,94.306,
01/01/2000,01:29:13.43,20.01,-60.63,-991.49,218.75,-665.0,-367.50,1,94.307,
01/01/2000,01:29:13.44,20.37,-60.51,-991.37,87.50,-796.25,-236.25,1,94.307,
01/01/2000,01:29:13.45,19.52,-60.39,-991.86,227.50,-726.25,-306.25,1,94.308,
01/01/2000,01:29:13.46,18.54,-60.27,-992.96,113.75,-787.50,-385.0,1,94.309,
01/01/2000,01:29:13.47,17.69,-60.02,-993.45,315.0,-647.50,-385.0,1,94.310,
01/01/2000,01:29:13.48,17.69,-59.78,-993.57,122.50,-630.0,-280.0,1,94.311,
01/01/2000,01:29:13.49,18.06,-60.02,-993.32,148.75,-656.25,-428.75,1,94.312,
01/01/2000,01:29:13.50,18.91,-60.27,-992.71,245.0,-665.0,-271.25,1,94.313,
01/01/2000,01:29:13.52,20.50,-60.63,-991.25,78.75,-682.50,-297.50,1,94.299,
01/01/2000,01:29:13.53,20.25,-60.51,-991.13,-35.0,-743.75,-376.25,1,94.285,
01/01/2000,01:29:13.54,19.52,-60.63,-991.49,192.50,-700.0,-350.0,1,94.286,
01/01/2000,01:29:13.55,19.03,-60.27,-992.10,78.75,-691.25,-376.25,1,94.287,
01/01/2000,01:29:13.56,18.54,-60.39,-992.59,192.50,-682.50,-280.0,1,94.288,
01/01/2000,01:29:13.57,18.18,-59.90,-992.84,52.50,-682.50,-245.0,1,94.288,
01/01/2000,01:29:13.58,17.93,-60.02,-992.59,148.75,-691.25,-315.0,1,94.289,
01/01/2000,01:29:13.59,18.30,-59.90,-991.98,113.75,-647.50,-437.50,1,94.290,
01/01/2000,01:29:13.60,18.54,-60.27,-991.49,218.75,-770.0,-385.0,1,94.291,
01/01/2000,01:29:13.61,19.15,-60.51,-991.13,87.50,-682.50,-306.25,1,94.292,
01/01/2000,01:29:13.62,19.52,-60.63,-991.13,175.0,-778.75,-315.0,1,94.293,
01/01/2000,01:29:13.63,19.03,-60.51,-991.49,113.75,-735.0,-227.50,1,94.294,
01/01/2000,01:29:13.64,18.30,-60.39,-992.10,175.0,-682.50,-210.0,1,94.295,
01/01/2000,01:29:13.65,17.32,-60.27,-992.71,113.75,-586.25,-358.75,1,94.296,
01/01/2000,01:29:13.67,16.84,-60.27,-993.32,210.0,-726.25,-271.25,1,94.297,
01/01/2000,01:29:13.68,17.32,-59.78,-992.96,61.25,-752.50,-341.25,1,94.297,
01/01/2000,01:29:13.69,18.30,-59.90,-992.47,315.0,-735.0,-341.25,1,94.298,
01/01/2000,01:29:13.70,19.28,-60.27,-991.86,245.0,-735.0,-402.50,1,94.299,
01/01/2000,01:29:13.71,19.89,-60.63,-991.49,105.0,-857.50,-227.50,1,94.300,
01/01/2000,01:29:13.72,20.13,-61.0,-991.37,306.25,-691.25,-376.25,1,94.301,
01/01/2000,01:29:13.73,19.89,-60.76,-991.74,96.25,-691.25,-420.0,1,94.302,
01/01/2000,01:29:13.74,19.40,-60.27,-992.59,17.50,-726.25,-367.50,1,94.288,
01/01/2000,01:29:13.75,18.91,-59.78,-992.84,87.50,-726.25,-323.75,1,94.304,
01/01/2000,01:29:13.76,18.42,-59.78,-992.96,131.25,-656.25,-236.25,1,94.290,
01/01/2000,01:29:13.77,18.18,-59.90,-992.96,70.0,-621.25,-323.75,1,94.291,
01/01/2000,01:29:13.78,18.30,-60.39,-992.59,201.25,-481.25,-218.75,1,94.292,
01/01/2000,01:29:13.79,18.79,-60.51,-992.23,157.50,-752.50,-481.25,1,94.292,
01/01/2000,01:29:13.80,19.40,-60.76,-991.74,140.0,-761.25,-437.50,1,94.293,
01/01/2000,01:29:13.82,20.01,-60.27,-991.37,210.0,-805.0,-446.25,1,94.294,
01/01/2000,01:29:13.83,19.64,-60.15,-991.37,61.25,-761.25,-113.75,1,94.295,
01/01/2000,01:29:13.84,18.79,-60.15,-992.23,140.0,-813.75,-227.50,1,94.296,
01/01/2000,01:29:13.85,17.32,-60.39,-992.71,87.50,-691.25,-393.75,1,94.297,
01/01/2000,01:29:13.86,16.84,-60.27,-993.08,122.50,-682.50,-612.50,1,94.298,
01/01/2000,01:29:13.87,17.20,-60.27,-993.20,61.25,-691.25,-446.25,1,94.299,
01/01/2000,01:29:13.88,18.30,-60.27,-992.84,70.0,-673.75,-210.0,1,94.300,
01/01/2000,01:29:13.89,19.15,-60.39,-992.10,201.25,-638.75,-428.75,1,94.301,
01/01/2000,01:29:13.90,20.25,-60.39,-991.13,105.0,-726.25,148.75,1,94.301,
01/01/2000,01:29:13.91,20.25,-60.51,-990.88,78.75,-665.0,175.0,1,94.302,
01/01/2000,01:29:13.92,20.25,-60.51,-990.88,227.50,-796.25,-813.75,1,94.303,
01/01/2000,01:29:13.93,19.89,-60.63,-991.13,280.0,-717.50,-630.0,1,94.304,
01/01/2000,01:29:13.94,19.28,-60.15,-991.86,96.25,-656.25,227.50,1,94.305,
01/01/2000,01:29:13.95,18.54,-60.27,-993.08,183.75,-778.75,-253.75,1,94.291,
01/01/2000,01:29:13.96,17.93,-60.27,-993.57,78.75,-726.25,-437.50,1,94.292,
01/01/2000,01:29:13.97,17.93,-60.27,-993.45,253.75,-621.25,-533.75,1,94.293,
01/01/2000,01:29:13.98,18.30,-60.27,-993.20,122.50,-612.50,-490.0,1,94.294,
01/01/2000,01:29:13.99,18.79,-60.27,-992.47,148.75,-595.0,-315.0,1,94.295,
01/01/2000,01:29:14.00,19.28,-60.15,-991.62,61.25,-726.25,-210.0,1,94.296,
01/01/2000,01:29:14.01,19.28,-60.27,-991.37,105.0,-717.50,-350.0,1,94.296,
01/01/2000,01:29:14.03,18.30,-60.51,-992.35,105.0,-673.75,-411.25,1,94.283,
01/01/2000,01:29:14.04,17.57,-60.76,-992.84,201.25,-665.0,-358.75,1,94.283,
01/01/2000,01:29:14.05,17.45,-60.27,-993.08,52.50,-682.50,-420.0,1,94.284,
01/01/2000,01:29:14.06,17.81,-60.02,-992.84,175.0,-717.50,-350.0,1,94.285,
01/01/2000,01:29:14.07,18.54,-59.66,-992.35,70.0,-621.25,-428.75,1,94.286,
01/01/2000,01:29:14.08,18.91,-59.90,-991.98,192.50,-656.25,8.75,1,94.287,
01/01/2000,01:29:14.09,19.28,-60.15,-991.86,70.0,-813.75,-315.0,1,94.288,
01/01/2000,01:29:14.10,19.03,-60.88,-992.47,236.25,-770.0,-315.0,1,94.289,
01/01/2000,01:29:14.11,18.30,-60.76,-993.57,35.0,-735.0,-192.50,1,94.290,
01/01/2000,01:29:14.12,16.84,-60.76,-995.03,157.50,-796.25,-271.25,1,94.291,
01/01/2000,01:29:14.13,14.88,-60.39,-996.50,113.75,-647.50,-533.75,1,94.292,
01/01/2000,01:29:14.15,12.57,-59.78,-998.81,157.50,-682.50,-332.50,1,94.292,
01/01/2000,01:29:14.16,11.71,-59.66,-999.67,236.25,-603.75,-280.0,1,94.293,
01/01/2000,01:29:14.17,11.59,-59.54,-999.67,43.75,-673.75,-446.25,1,94.294,
01/01/2000,01:29:14.18,12.32,-59.90,-998.08,140.0,-691.25,-560.0,1,94.295,
01/01/2000,01:29:14.19,14.03,-60.27,-996.62,87.50,-647.50,-315.0,1,94.296,
01/01/2000,01:29:14.20,15.01,-60.76,-995.40,35.0,-840.0,-253.75,1,94.297,
01/01/2000,01:29:14.21,15.49,-61.12,-995.03,78.75,-857.50,-315.0,1,94.298,
01/01/2000,01:29:14.22,15.13,-61.24,-995.52,166.25,-778.75,-183.75,1,94.299,
01/01/2000,01:29:14.23,13.79,-61.0,-998.08,350.0,-735.0,-70.0,1,94.300,
01/01/2000,01:29:14.24,11.96,-60.51,-1001.38,78.75,-708.75,236.25,1,94.300,
01/01/2000,01:29:14.25,9.15,-60.02,-1002.96,280.0,-612.50,-393.75,1,94.301,
01/01/2000,01:29:14.26,8.42,-59.78,-1003.57,157.50,-507.50,-586.25,1,94.302,
01/01/2000,01:29:14.27,8.05,-59.78,-1002.84,175.0,-577.50,-385.0,1,94.303,
01/01/2000,01:29:14.28,9.03,-59.90,-1001.38,131.25,-612.50,-525.0,1,94.304,
01/01/2000,01:29:14.29,11.59,-60.51,-998.45,26.25,-665.0,-638.75,1,94.305,
01/01/2000,01:29:14.30,13.91,-60.76,-996.86,113.75,-752.50,-446.25,1,94.306,
01/01/2000,01:29:14.31,15.86,-61.24,-995.52,280.0,-831.25,-253.75,1,94.292,
01/01/2000,01:29:14.32,15.37,-61.12,-995.52,87.50,-743.75,-262.50,1,94.293,
01/01/2000,01:29:14.33,14.88,-60.76,-995.76,183.75,-638.75,-113.75,1,94.294,
01/01/2000,01:29:14.34,13.54,-60.02,-996.98,166.25,-708.75,-288.75,1,94.295,
01/01/2000,01:29:14.35,12.44,-59.78,-997.84,122.50,-673.75,-428.75,1,94.296,
01/01/2000,01:29:14.36,13.18,-59.66,-998.20,201.25,-568.75,-560.0,1,94.296,
01/01/2000,01:29:14.38,15.37,-59.41,-996.86,96.25,-691.25,-630.0,1,94.297,
01/01/2000,01:29:14.39,16.84,-60.02,-995.40,157.50,-700.0,-26.25,1,94.298,
01/01/2000,01:29:14.40,17.69,-60.51,-994.06,148.75,-840.0,-113.75,1,94.299,
01/01/2000,01:29:14.41,17.57,-61.24,-993.20,175.0,-743.75,-516.25,1,94.300,
01/01/2000,01:29:14.42,17.32,-61.24,-993.57,332.50,-813.75,-507.50,1,94.301,
01/01/2000,01:29:14.43,17.32,-60.51,-994.18,280.0,-665.0,-577.50,1,94.302,
01/01/2000,01:29:14.44,17.32,-60.02,-994.54,245.0,-656.25,-245.0,1,94.303,
01/01/2000,01:29:14.45,17.32,-59.17,-994.06,78.75,-691.25,-210.0,1,94.289,
01/01/2000,01:29:14.46,17.45,-59.29,-992.96,148.75,-735.0,-288.75,1,94.304,
01/01/2000,01:29:14.47,18.06,-60.02,-992.71,78.75,-752.50,-262.50,1,94.291,
01/01/2000,01:29:14.48,18.42,-60.63,-992.84,201.25,-665.0,-481.25,1,94.291,
01/01/2000,01:29:14.49,18.67,-61.0,-992.96,271.25,-787.50,-367.50,1,94.292,
01/01/2000,01:29:14.50,18.54,-60.88,-993.08,210.0,-787.50,-428.75,1,94.293,
01/01/2000,01:29:14.51,18.30,-60.02,-992.96,43.75,-717.50,-420.0,1,94.294,
01/01/2000,01:29:14.53,18.30,-59.29,-992.59,157.50,-752.50,-218.75,1,94.295,
01/01/2000,01:29:14.54,18.54,-59.54,-992.59,148.75,-673.75,-183.75,1,94.296,
01/01/2000,01:29:14.55,18.67,-60.02,-992.59,166.25,-682.50,-166.25,1,94.297,
01/01/2000,01:29:14.56,18.67,-60.51,-992.35,148.75,-656.25,-271.25,1,94.298,
01/01/2000,01:29:14.57,18.54,-61.0,-992.10,183.75,-761.25,-411.25,1,94.299,
01/01/2000,01:29:14.58,18.79,-60.63,-992.10,78.75,-603.75,-341.25,1,94.299,
01/01/2000,01:29:14.59,18.79,-60.39,-991.98,253.75,-752.50,-271.25,1,94.286,
01/01/2000,01:29:14.60,18.79,-59.54,-992.23,157.50,-612.50,-157.50,1,94.287,
01/01/2000,01:29:14.61,18.67,-59.54,-992.23,43.75,-560.0,-341.25,1,94.287,
01/01/2000,01:29:14.62,18.67,-59.78,-992.23,105.0,-726.25,-192.50,1,94.288,
01/01/2000,01:29:14.63,18.54,-60.15,-992.35,148.75,-621.25,-236.25,1,94.289,
01/01/2000,01:29:14.64,18.79,-60.51,-992.35,175.0,-708.75,-341.25,1,94.290,
01/01/2000,01:29:14.65,18.54,-60.88,-992.23,455.0,-656.25,-472.50,1,94.291,
01/01/2000,01:29:14.66,18.42,-60.39,-992.23,183.75,-717.50,-376.25,1,94.292,
01/01/2000,01:29:14.67,17.93,-60.39,-993.08,306.25,-796.25,-455.0,1,94.293,
01/01/2000,01:29:14.68,18.79,-60.02,-995.76,140.0,-621.25,-525.0,1,94.294,
01/01/2000,01:29:14.69,19.52,-60.15,-997.72,428.75,-770.0,-315.0,1,94.295,
01/01/2000,01:29:14.71,20.01,-60.02,-999.30,-61.25,-708.75,-612.50,1,94.295,
01/01/2000,01:29:14.71,20.01,-60.51,-1000.03,245.0,-752.50,-280.0,1,94.296,
01/01/2000,01:29:14.73,20.37,-60.27,-999.91,78.75,-621.25,-271.25,1,94.297,
01/01/2000,01:29:14.74,20.13,-60.63,-999.67,192.50,-787.50,-306.25,1,94.298,
01/01/2000,01:29:14.75,19.28,-60.63,-998.81,70.0,-568.75,-420.0,1,94.299,
01/01/2000,01:29:14.76,18.54,-60.76,-998.45,236.25,-770.0,-402.50,1,94.300,
01/01/2000,01:29:14.77,17.93,-60.39,-998.57,157.50,-778.75,-490.0,1,94.301,
01/01/2000,01:29:14.78,17.69,-60.51,-999.55,236.25,-638.75,-490.0,1,94.302,
01/01/2000,01:29:14.79,18.06,-60.39,-1002.35,113.75,-682.50,-428.75,1,94.303,
01/01/2000,01:29:14.80,19.03,-60.51,-1005.16,183.75,-673.75,-262.50,1,94.289,
01/01/2000,01:29:14.81,19.28,-60.63,-1006.01,122.50,-673.75,-437.50,1,94.290,
01/01/2000,01:29:14.82,18.79,-60.88,-1005.52,306.25,-560.0,-297.50,1,94.291,
01/01/2000,01:29:14.83,18.42,-60.39,-1004.18,148.75,-682.50,-306.25,1,94.291,
01/01/2000,01:29:14.84,18.18,-60.51,-1001.62,201.25,-726.25,-350.0,1,94.292,
01/01/2000,01:29:14.85,18.30,-60.76,-1000.16,280.0,-805.0,-385.0,1,94.293,
01/01/2000,01:29:14.86,18.54,-60.63,-999.42,131.25,-743.75,-306.25,1,94.294,
01/01/2000,01:29:14.88,19.40,-60.88,-999.18,236.25,-673.75,-437.50,1,94.295,
01/01/2000,01:29:14.89,19.64,-61.0,-999.79,201.25,-787.50,-437.50,1,94.296,
01/01/2000,01:29:14.90,19.76,-60.63,-1000.16,236.25,-805.0,-332.50,1,94.297,
01/01/2000,01:29:14.91,19.40,-60.39,-1000.03,288.75,-656.25,-350.0,1,94.298,
01/01/2000,01:29:14.92,18.91,-60.02,-999.55,-52.50,-647.50,-385.0,1,94.299,
01/01/2000,01:29:14.93,18.42,-60.15,-998.81,183.75,-743.75,-183.75,1,94.299,
01/01/2000,01:29:14.94,18.42,-60.15,-997.59,183.75,-603.75,-393.75,1,94.300,
01/01/2000,01:29:14.95,18.42,-60.02,-996.74,227.50,-726.25,-428.75,1,94.301,
01/01/2000,01:29:14.96,18.54,-60.51,-994.91,140.0,-656.25,-262.50,1,94.302,
01/01/2000,01:29:14.97,18.54,-60.27,-993.81,201.25,-656.25,-332.50,1,94.303,
01/01/2000,01:29:14.98,18.42,-60.39,-993.32,236.25,-656.25,-411.25,1,94.304,
01/01/2000,01:29:14.99,18.30,-60.27,-993.45,78.75,-805.0,-516.25,1,94.305,
01/01/2000,01:29:15.00,18.42,-60.27,-993.81,245.0,-726.25,-437.50,1,94.306,
01/01/2000,01:29:15.02,18.30,-60.02,-994.30,175.0,-691.25,-323.75,1,94.292,
01/01/2000,01:29:15.02,18.18,-60.02,-994.06,376.25,-647.50,-271.25,1,94.293,
01/01/2000,01:29:15.04,17.81,-59.90,-993.57,166.25,-656.25,-332.50,1,94.294,
01/01/2000,01:29:15.05,17.57,-60.27,-992.59,253.75,-647.50,-288.75,1,94.295,
01/01/2000,01:29:15.06,17.69,-60.27,-991.86,227.50,-612.50,-411.25,1,94.295,
01/01/2000,01:29:15.07,19.03,-60.51,-992.35,148.75,-691.25,-586.25,1,94.296,
01/01/2000,01:29:15.08,19.64,-60.51,-993.20,253.75,-700.0,-612.50,1,94.297,
01/01/2000,01:29:15.09,20.25,-60.15,-993.81,122.50,-770.0,-315.0,1,94.284,
01/01/2000,01:29:15.10,20.25,-60.02,-993.81,210.0,-717.50,-227.50,1,94.299,
01/01/2000,01:29:15.11,19.89,-60.02,-993.45,192.50,-726.25,-350.0,1,94.285,
01/01/2000,01:29:15.12,19.28,-60.15,-993.08,131.25,-630.0,-227.50,1,94.286,
01/01/2000,01:29:15.13,19.03,-60.63,-992.59,192.50,-621.25,-437.50,1,94.287,
01/01/2000,01:29:15.14,18.67,-60.63,-992.59,210.0,-743.75,-463.75,1,94.288,
01/01/2000,01:29:15.15,18.79,-60.76,-992.84,262.50,-700.0,-533.75,1,94.289,
01/01/2000,01:29:15.16,18.91,-60.76,-992.84,201.25,-708.75,-280.0,1,94.290,
01/01/2000,01:29:15.17,18.79,-60.27,-992.84,131.25,-708.75,-297.50,1,94.291,
01/01/2000,01:29:15.18,18.67,-60.15,-992.10,245.0,-735.0,-358.75,1,94.291,
01/01/2000,01:29:15.19,18.42,-60.15,-991.86,140.0,-656.25,-358.75,1,94.292,
01/01/2000,01:29:15.20,18.30,-60.27,-991.74,148.75,-761.25,-358.75,1,94.293,
01/01/2000,01:29:15.21,18.54,-60.51,-991.74,218.75,-735.0,-367.50,1,94.294,
01/01/2000,01:29:15.23,19.40,-60.39,-992.10,148.75,-770.0,-708.75,1,94.295,
01/01/2000,01:29:15.24,19.52,-60.51,-992.23,201.25,-647.50,-393.75,1,94.296,
01/01/2000,01:29:15.25,19.03,-60.27,-991.37,113.75,-542.50,-236.25,1,94.297,
01/01/2000,01:29:15.26,18.18,-60.15,-990.40,113.75,-796.25,-385.0,1,94.298,
01/01/2000,01:29:15.27,17.93,-60.02,-990.15,157.50,-796.25,-332.50,1,94.298,
01/01/2000,01:29:15.28,18.30,-60.39,-990.88,148.75,-717.50,-437.50,1,94.299,
01/01/2000,01:29:15.29,19.40,-60.76,-993.08,341.25,-603.75,-367.50,1,94.300,
01/01/2000,01:29:15.30,19.89,-61.0,-994.54,218.75,-612.50,-131.25,1,94.301,
01/01/2000,01:29:15.31,19.52,-60.51,-994.30,105.0,-691.25,-183.75,1,94.302,
01/01/2000,01:29:15.32,19.03,-60.27,-993.08,175.0,-665.0,-175.0,1,94.303,
01/01/2000,01:29:15.33,18.79,-59.90,-991.98,166.25,-708.75,-358.75,1,94.304,
01/01/2000,01:29:15.34,18.79,-60.02,-991.13,148.75,-752.50,-280.0,1,94.290,
01/01/2000,01:29:15.35,19.15,-60.27,-991.13,210.0,-743.75,-393.75,1,94.305,
01/01/2000,01:29:15.37,19.52,-60.63,-992.10,192.50,-612.50,-315.0,1,94.292,
01/01/2000,01:29:15.38,19.52,-60.88,-993.08,96.25,-673.75,-507.50,1,94.293,
01/01/2000,01:29:15.39,19.40,-60.76,-993.57,262.50,-630.0,-402.50,1,94.294,
01/01/2000,01:29:15.40,18.79,-60.39,-993.32,113.75,-708.75,-341.25,1,94.294,
01/01/2000,01:29:15.41,17.57,-59.78,-992.47,96.25,-630.0,-166.25,1,94.295,
01/01/2000,01:29:15.42,17.57,-59.90,-991.86,245.0,-700.0,-411.25,1,94.296,
01/01/2000,01:29:15.43,17.81,-59.90,-991.62,262.50,-822.50,-323.75,1,94.297,
01/01/2000,01:29:15.44,18.54,-60.39,-991.37,131.25,-717.50,-437.50,1,94.298,
01/01/2000,01:29:15.45,18.79,-60.76,-991.01,183.75,-673.75,-341.25,1,94.299,
01/01/2000,01:29:15.46,18.91,-60.76,-990.15,218.75,-682.50,-498.75,1,94.300,
01/01/2000,01:29:15.47,18.42,-60.51,-989.91,140.0,-866.25,-323.75,1,94.301,
01/01/2000,01:29:15.48,18.54,-60.27,-990.27,262.50,-787.50,-428.75,1,94.301,
01/01/2000,01:29:15.49,18.79,-60.15,-991.37,78.75,-700.0,-358.75,1,94.302,
01/01/2000,01:29:15.50,19.76,-60.27,-993.45,96.25,-673.75,-402.50,1,94.289,
01/01/2000,01:29:15.51,19.89,-60.27,-994.06,140.0,-665.0,-253.75,1,94.290,
01/01/2000,01:29:15.52,19.03,-60.51,-993.20,148.75,-612.50,-341.25,1,94.291,
01/01/2000,01:29:15.53,18.30,-60.63,-992.10,236.25,-586.25,-288.75,1,94.291,
01/01/2000,01:29:15.54,17.81,-60.63,-991.37,140.0,-673.75,-385.0,1,94.292,
01/01/2000,01:29:15.55,18.18,-60.63,-991.25,183.75,-726.25,-490.0,1,94.293,
01/01/2000,01:29:15.56,18.79,-60.51,-992.35,43.75,-778.75,-463.75,1,94.294,
01/01/2000,01:29:15.58,19.03,-60.51,-993.08,236.25,-691.25,-455.0,1,94.280,
01/01/2000,01:29:15.59,18.67,-60.27,-992.59,70.0,-656.25,-245.0,1,94.281,
01/01/2000,01:29:15.60,18.54,-60.15,-991.86,140.0,-752.50,-367.50,1,94.282,
01/01/2000,01:29:15.61,18.42,-60.27,-991.25,288.75,-805.0,-306.25,1,94.283,
01/01/2000,01:29:15.62,18.67,-60.39,-990.64,192.50,-708.75,-376.25,1,94.284,
01/01/2000,01:29:15.63,18.79,-60.76,-990.64,201.25,-831.25,-218.75,1,94.285,
01/01/2000,01:29:15.65,18.91,-60.51,-990.52,227.50,-770.0,-542.50,1,94.286,
01/01/2000,01:29:15.65,18.67,-60.27,-990.52,131.25,-630.0,-245.0,1,94.287,
01/01/2000,01:29:15.67,18.30,-60.15,-990.40,245.0,-743.75,-367.50,1,94.287,
01/01/2000,01:29:15.68,18.06,-59.78,-990.40,78.75,-656.25,-210.0,1,94.288,
01/01/2000,01:29:15.69,18.18,-60.02,-990.76,288.75,-708.75,-323.75,1,94.289,
01/01/2000,01:29:15.70,18.67,-60.15,-991.86,52.50,-761.25,-280.0,1,94.290,
01/01/2000,01:29:15.71,19.52,-60.63,-993.32,218.75,-700.0,-428.75,1,94.291,
01/01/2000,01:29:15.72,20.01,-60.63,-994.18,253.75,-735.0,-393.75,1,94.292,
01/01/2000,01:29:15.73,20.13,-60.63,-994.18,315.0,-586.25,-332.50,1,94.293,
01/01/2000,01:29:15.74,19.76,-60.27,-993.32,253.75,-735.0,-297.50,1,94.294,
01/01/2000,01:29:15.75,19.52,-60.02,-992.35,253.75,-682.50,-341.25,1,94.294,
01/01/2000,01:29:15.76,19.03,-60.15,-991.49,105.0,-612.50,-341.25,1,94.295,
01/01/2000,01:29:15.77,18.54,-60.39,-991.13,253.75,-840.0,-315.0,1,94.296,
01/01/2000,01:29:15.78,18.30,-60.76,-991.13,210.0,-752.50,-350.0,1,94.297,
01/01/2000,01:29:15.79,18.18,-61.12,-992.35,157.50,-691.25,-472.50,1,94.284,
01/01/2000,01:29:15.80,18.18,-61.0,-992.71,175.0,-612.50,-341.25,1,94.284,
01/01/2000,01:29:15.81,18.06,-60.27,-992.84,105.0,-595.0,-428.75,1,94.285,
01/01/2000,01:29:15.82,18.30,-60.27,-992.96,183.75,-735.0,-157.50,1,94.286,
01/01/2000,01:29:15.83,18.30,-60.27,-992.71,157.50,-647.50,-253.75,1,94.287,
01/01/2000,01:29:15.84,18.42,-60.51,-992.10,210.0,-682.50,-341.25,1,94.288,
01/01/2000,01:29:15.86,18.18,-60.76,-991.01,245.0,-673.75,-306.25,1,94.289,
01/01/2000,01:29:15.87,17.93,-60.88,-989.91,358.75,-700.0,-350.0,1,94.290,
01/01/2000,01:29:15.88,17.69,-60.63,-989.05,87.50,-813.75,-402.50,1,94.290,
01/01/2000,01:29:15.89,18.06,-60.51,-989.42,61.25,-656.25,-376.25,1,94.291,
01/01/2000,01:29:15.90,18.79,-60.63,-990.76,358.75,-717.50,-446.25,1,94.292,
01/01/2000,01:29:15.91,19.52,-60.51,-992.47,105.0,-665.0,-437.50,1,94.293,
01/01/2000,01:29:15.92,20.01,-60.63,-994.54,201.25,-665.0,-341.25,1,94.294,
01/01/2000,01:29:15.93,19.52,-60.51,-994.42,122.50,-770.0,-183.75,1,94.295,
01/01/2000,01:29:15.94,18.79,-60.63,-993.57,175.0,-691.25,-183.75,1,94.296,
01/01/2000,01:29:15.95,18.18,-60.51,-992.35,210.0,-673.75,-280.0,1,94.297,
01/01/2000,01:29:15.96,18.06,-60.63,-991.37,262.50,-647.50,-358.75,1,94.297,
01/01/2000,01:29:15.97,17.93,-60.76,-990.88,105.0,-752.50,-393.75,1,94.284,
01/01/2000,01:29:15.98,18.54,-60.76,-991.13,148.75,-560.0,-280.0,1,94.299,
01/01/2000,01:29:15.99,18.91,-60.76,-991.49,113.75,-586.25,-376.25,1,94.286,
01/01/2000,01:29:16.01,19.28,-60.51,-992.10,175.0,-682.50,-297.50,1,94.287,
01/01/2000,01:29:16.02,19.52,-60.76,-992.47,306.25,-586.25,-323.75,1,94.287,
01/01/2000,01:29:16.03,19.40,-60.51,-992.59,271.25,-691.25,-367.50,1,94.288,
01/01/2000,01:29:16.04,19.15,-60.63,-992.47,210.0,-752.50,-367.50,1,94.289,
01/01/2000,01:29:16.05,18.91,-60.76,-992.35,175.0,-717.50,-306.25,1,94.290,
01/01/2000,01:29:16.06,18.67,-60.76,-992.35,26.25,-673.75,-332.50,1,94.291,
01/01/2000,01:29:16.07,18.06,-60.76,-991.01,262.50,-665.0,-323.75,1,94.292,
01/01/2000,01:29:16.08,17.45,-60.51,-989.66,201.25,-673.75,-402.50,1,94.293,
01/01/2000,01:29:16.09,17.57,-60.27,-989.05,192.50,-717.50,-367.50,1,94.279,
01/01/2000,01:29:16.10,18.91,-60.63,-991.13,253.75,-778.75,-542.50,1,94.280,
01/01/2000,01:29:16.12,20.01,-61.12,-993.20,210.0,-813.75,-455.0,1,94.281,
01/01/2000,01:29:16.13,20.37,-61.24,-994.79,332.50,-682.50,-533.75,1,94.282,
01/01/2000,01:29:16.14,20.01,-61.0,-995.40,315.0,-743.75,-253.75,1,94.283,
01/01/2000,01:29:16.15,18.67,-60.27,-994.18,78.75,-717.50,-297.50,1,94.284,
01/01/2000,01:29:16.16,18.06,-60.15,-992.84,210.0,-595.0,-253.75,1,94.284,
01/01/2000,01:29:16.17,17.81,-60.27,-991.62,78.75,-717.50,-393.75,1,94.285,
01/01/2000,01:29:16.18,18.54,-60.63,-991.01,140.0,-708.75,-332.50,1,94.286,
01/01/2000,01:29:16.19,19.52,-60.88,-991.25,218.75,-770.0,-306.25,1,94.287,
01/01/2000,01:29:16.20,20.01,-61.24,-991.62,210.0,-691.25,-385.0,1,94.288,
01/01/2000,01:29:16.21,20.01,-61.12,-991.98,253.75,-831.25,-437.50,1,94.289,
01/01/2000,01:29:16.22,19.15,-60.63,-992.35,78.75,-743.75,-341.25,1,94.290,
01/01/2000,01:29:16.23,18.54,-60.27,-992.47,140.0,-656.25,-437.50,1,94.290,
01/01/2000,01:29:16.24,18.06,-60.02,-992.59,192.50,-630.0,-332.50,1,94.291,
01/01/2000,01:29:16.25,17.81,-60.27,-992.59,157.50,-568.75,-227.50,1,94.292,
01/01/2000,01:29:16.26,17.81,-60.63,-992.35,280.0,-647.50,-446.25,1,94.293,
01/01/2000,01:29:16.27,17.81,-61.0,-991.37,210.0,-656.25,-358.75,1,94.294,
01/01/2000,01:29:16.28,17.57,-61.0,-989.42,113.75,-700.0,-297.50,1,94.281,
01/01/2000,01:29:16.29,17.81,-60.88,-988.81,140.0,-761.25,-437.50,1,94.281,
01/01/2000,01:29:16.30,18.42,-60.76,-989.30,78.75,-691.25,-280.0,1,94.282,
01/01/2000,01:29:16.31,19.15,-60.51,-991.74,183.75,-673.75,-393.75,1,94.283,
01/01/2000,01:29:16.32,20.01,-60.63,-993.57,140.0,-726.25,-280.0,1,94.284,
01/01/2000,01:29:16.33,20.01,-60.63,-994.91,271.25,-717.50,-271.25,1,94.285,
01/01/2000,01:29:16.34,19.52,-60.63,-994.91,175.0,-577.50,-218.75,1,94.286,
01/01/2000,01:29:16.36,18.42,-60.39,-993.32,166.25,-612.50,-288.75,1,94.287,
01/01/2000,01:29:16.37,18.18,-60.39,-992.35,183.75,-700.0,-227.50,1,94.287,
01/01/2000,01:29:16.38,18.79,-60.51,-991.98,280.0,-673.75,-393.75,1,94.288,
01/01/2000,01:29:16.39,19.28,-60.76,-992.35,262.50,-752.50,-402.50,1,94.289,
01/01/2000,01:29:16.40,19.76,-60.88,-992.59,148.75,-577.50,-358.75,1,94.290,
01/01/2000,01:29:16.41,20.01,-61.12,-993.08,350.0,-708.75,-446.25,1,94.291,
01/01/2000,01:29:16.42,19.52,-60.63,-992.71,131.25,-813.75,-332.50,1,94.292,
01/01/2000,01:29:16.43,18.91,-60.51,-991.86,201.25,-665.0,-297.50,1,94.293,
01/01/2000,01:29:16.44,18.30,-60.15,-991.62,105.0,-586.25,-402.50,1,94.293,
01/01/2000,01:29:16.45,18.42,-60.27,-991.37,122.50,-638.75,-236.25,1,94.294,
01/01/2000,01:29:16.46,18.54,-60.39,-991.37,105.0,-805.0,-402.50,1,94.295,
01/01/2000,01:29:16.47,18.79,-60.76,-991.37,122.50,-691.25,-402.50,1,94.296,
01/01/2000,01:29:16.48,18.67,-61.0,-990.64,227.50,-691.25,-245.0,1,94.297,
01/01/2000,01:29:16.49,18.54,-60.76,-990.40,96.25,-665.0,-437.50,1,94.284,
01/01/2000,01:29:16.50,18.54,-60.76,-990.88,236.25,-656.25,-376.25,1,94.284,
01/01/2000,01:29:16.51,19.03,-60.51,-991.86,122.50,-726.25,-306.25,1,94.285,
01/01/2000,01:29:16.52,18.91,-60.76,-993.08,262.50,-708.75,-393.75,1,94.286,
01/01/2000,01:29:16.53,19.28,-61.0,-994.06,140.0,-647.50,-463.75,1,94.287,
01/01/2000,01:29:16.54,18.79,-61.0,-994.54,271.25,-682.50,-280.0,1,94.288,
01/01/2000,01:29:16.55,18.79,-60.88,-994.30,148.75,-647.50,-341.25,1,94.289,
01/01/2000,01:29:16.57,18.67,-60.76,-992.96,323.75,-595.0,-341.25,1,94.290,
01/01/2000,01:29:16.58,18.67,-60.27,-992.10,166.25,-778.75,-393.75,1,94.290,
01/01/2000,01:29:16.59,18.91,-60.27,-992.10,96.25,-647.50,-358.75,1,94.291,
01/01/2000,01:29:16.60,19.52,-60.63,-992.10,-96.25,-770.0,-446.25,1,94.278,
01/01/2000,01:29:16.61,19.28,-60.88,-991.86,332.50,-612.50,-315.0,1,94.279,
01/01/2000,01:29:16.62,19.03,-61.0,-991.86,105.0,-665.0,-393.75,1,94.280,
01/01/2000,01:29:16.63,18.67,-60.76,-991.86,175.0,-717.50,-323.75,1,94.281,
01/01/2000,01:29:16.65,18.54,-60.51,-992.10,183.75,-735.0,-245.0,1,94.281,
01/01/2000,01:29:16.66,18.79,-60.51,-992.35,140.0,-638.75,-341.25,1,94.282,
01/01/2000,01:29:16.67,18.79,-60.51,-992.10,70.0,-752.50,-332.50,1,94.283,
01/01/2000,01:29:16.68,18.67,-60.76,-991.62,358.75,-603.75,-437.50,1,94.284,
01/01/2000,01:29:16.69,18.30,-60.76,-990.76,17.50,-743.75,-376.25,1,94.285,
01/01/2000,01:29:16.70,18.30,-61.0,-990.15,288.75,-656.25,-402.50,1,94.286,
01/01/2000,01:29:16.71,18.79,-60.76,-990.15,253.75,-778.75,-411.25,1,94.287,
01/01/2000,01:29:16.72,19.89,-61.0,-991.62,148.75,-735.0,-341.25,1,94.287,
01/01/2000,01:29:16.73,20.01,-61.12,-992.84,245.0,-752.50,-271.25,1,94.288,
01/01/2000,01:29:16.74,19.89,-61.0,-993.57,201.25,-682.50,-367.50,1,94.289,
01/01/2000,01:29:16.75,19.28,-60.76,-993.81,218.75,-525.0,-367.50,1,94.290,
01/01/2000,01:29:16.76,18.30,-60.63,-993.32,428.75,-673.75,-218.75,1,94.291,
01/01/2000,01:29:16.77,18.18,-60.63,-992.84,70.0,-700.0,-358.75,1,94.292,
01/01/2000,01:29:16.78,18.30,-60.76,-992.59,87.50,-603.75,-332.50,1,94.293,
01/01/2000,01:29:16.79,18.91,-61.0,-992.59,157.50,-656.25,-472.50,1,94.293,
01/01/2000,01:29:16.80,19.52,-61.24,-992.35,78.75,-752.50,-350.0,1,94.294,
01/01/2000,01:29:16.81,19.64,-61.12,-992.10,253.75,-630.0,-376.25,1,94.295,
01/01/2000,01:29:16.82,19.28,-61.0,-992.23,253.75,-708.75,-393.75,1,94.296,
01/01/2000,01:29:16.83,19.15,-61.0,-992.10,131.25,-551.25,-341.25,1,94.297,
01/01/2000,01:29:16.84,18.42,-60.76,-991.74,175.0,-708.75,-245.0,1,94.298,
01/01/2000,01:29:16.85,18.30,-60.76,-992.10,157.50,-717.50,-306.25,1,94.299,
01/01/2000,01:29:16.86,18.67,-61.12,-992.59,280.0,-630.0,-385.0,1,94.285,
01/01/2000,01:29:16.87,18.79,-61.12,-992.84,122.50,-761.25,-437.50,1,94.286,
01/01/2000,01:29:16.88,18.54,-61.24,-991.98,218.75,-630.0,-323.75,1,94.287,
01/01/2000,01:29:16.89,18.18,-60.76,-990.76,175.0,-638.75,-341.25,1,94.288,
01/01/2000,01:29:16.90,18.54,-60.88,-990.64,148.75,-726.25,-376.25,1,94.289,
01/01/2000,01:29:16.92,19.28,-61.0,-992.35,43.75,-717.50,-385.0,1,94.290,
01/01/2000,01:29:16.93,19.52,-61.24,-993.45,271.25,-700.0,-411.25,1,94.290,
01/01/2000,01:29:16.94,19.40,-61.0,-994.06,113.75,-665.0,-280.0,1,94.291,
01/01/2000,01:29:16.95,19.03,-61.12,-993.93,157.50,-770.0,-437.50,1,94.292,
01/01/2000,01:29:16.96,18.54,-60.63,-993.32,175.0,-708.75,-323.75,1,94.293,
01/01/2000,01:29:16.97,18.30,-60.63,-992.59,218.75,-682.50,-297.50,1,94.294,
01/01/2000,01:29:16.98,18.54,-60.63,-992.47,131.25,-717.50,-332.50,1,94.295,
01/01/2000,01:29:16.99,19.28,-61.12,-992.84,157.50,-691.25,-245.0,1,94.296,
01/01/2000,01:29:17.00,19.52,-61.37,-993.08,183.75,-708.75,-341.25,1,94.296,
01/01/2000,01:29:17.01,19.28,-61.49,-992.96,131.25,-735.0,-420.0,1,94.297,
01/01/2000,01:29:17.02,18.54,-61.0,-992.10,236.25,-726.25,-271.25,1,94.298,
01/01/2000,01:29:17.03,18.18,-60.88,-991.37,350.0,-621.25,-341.25,1,94.299,
01/01/2000,01:29:17.04,18.18,-60.63,-991.13,70.0,-752.50,-332.50,1,94.300,
01/01/2000,01:29:17.05,18.18,-60.76,-991.13,323.75,-612.50,-420.0,1,94.301,
01/01/2000,01:29:17.06,18.54,-61.12,-991.13,157.50,-813.75,-393.75,1,94.287,
01/01/2000,01:29:17.07,18.67,-61.12,-991.49,52.50,-822.50,-341.25,1,94.288,
01/01/2000,01:29:17.08,18.42,-61.24,-991.25,192.50,-682.50,-411.25,1,94.289,
01/01/2000,01:29:17.09,18.18,-61.12,-990.88,227.50,-761.25,-411.25,1,94.290,
01/01/2000,01:29:17.10,18.06,-60.88,-991.01,105.0,-700.0,-288.75,1,94.291,
01/01/2000,01:29:17.12,18.67,-61.0,-991.86,210.0,-665.0,-420.0,1,94.292,
01/01/2000,01:29:17.13,19.15,-61.24,-993.08,288.75,-665.0,-323.75,1,94.293,
01/01/2000,01:29:17.14,19.03,-61.0,-993.32,113.75,-796.25,-350.0,1,94.293,
01/01/2000,01:29:17.15,18.79,-61.37,-993.08,280.0,-647.50,-332.50,1,94.294,
01/01/2000,01:29:17.16,18.42,-61.0,-992.23,140.0,-805.0,-446.25,1,94.295,
01/01/2000,01:29:17.17,18.54,-61.0,-991.86,113.75,-796.25,-236.25,1,94.296,
01/01/2000,01:29:17.18,18.54,-61.24,-991.74,446.25,-665.0,-481.25,1,94.297,
01/01/2000,01:29:17.19,18.91,-61.0,-992.10,148.75,-638.75,-367.50,1,94.298,
01/01/2000,01:29:17.20,19.15,-61.37,-992.35,393.75,-770.0,-367.50,1,94.284,
01/01/2000,01:29:17.21,19.03,-61.24,-992.35,148.75,-700.0,-288.75,1,94.285,
01/01/2000,01:29:17.22,18.79,-61.24,-992.10,96.25,-761.25,-393.75,1,94.286,
01/01/2000,01:29:17.23,18.54,-61.0,-991.25,131.25,-630.0,-393.75,1,94.287,
01/01/2000,01:29:17.24,18.30,-61.0,-991.13,218.75,-717.50,-288.75,1,94.288,
01/01/2000,01:29:17.25,18.30,-60.76,-991.25,-17.50,-682.50,-350.0,1,94.289,
01/01/2000,01:29:17.26,18.42,-61.24,-991.49,210.0,-682.50,-323.75,1,94.290,
01/01/2000,01:29:17.28,18.42,-61.37,-991.62,262.50,-630.0,-358.75,1,94.290,
01/01/2000,01:29:17.29,18.30,-61.49,-991.25,341.25,-726.25,-385.0,1,94.291,
01/01/2000,01:29:17.30,18.42,-61.0,-990.76,17.50,-638.75,-402.50,1,94.292,
01/01/2000,01:29:17.31,18.91,-61.12,-991.13,280.0,-682.50,-385.0,1,94.293,
01/01/2000,01:29:17.32,19.15,-61.24,-991.86,61.25,-831.25,-306.25,1,94.294,
01/01/2000,01:29:17.33,19.52,-61.24,-992.71,218.75,-673.75,-367.50,1,94.295,
01/01/2000,01:29:17.34,19.40,-61.37,-993.32,183.75,-621.25,-393.75,1,94.296,
01/01/2000,01:29:17.35,19.03,-61.24,-992.84,201.25,-603.75,-385.0,1,94.296,
01/01/2000,01:29:17.36,18.54,-61.12,-991.98,210.0,-630.0,-367.50,1,94.297,
01/01/2000,01:29:17.37,18.54,-60.88,-991.37,315.0,-726.25,-358.75,1,94.298,
01/01/2000,01:29:17.38,18.79,-61.12,-991.13,52.50,-735.0,-411.25,1,94.299,
01/01/2000,01:29:17.39,19.15,-61.12,-991.74,140.0,-691.25,-420.0,1,94.300,
01/01/2000,01:29:17.40,19.28,-61.49,-992.47,227.50,-708.75,-332.50,1,94.301,
01/01/2000,01:29:17.42,18.91,-61.37,-992.47,175.0,-682.50,-420.0,1,94.287,
01/01/2000,01:29:17.43,18.30,-61.24,-991.98,253.75,-682.50,-358.75,1,94.288,
01/01/2000,01:29:17.44,18.06,-61.0,-991.74,262.50,-647.50,-411.25,1,94.289,
01/01/2000,01:29:17.45,18.18,-60.88,-991.49,96.25,-673.75,-288.75,1,94.290,
01/01/2000,01:29:17.46,18.30,-60.76,-991.37,35.0,-673.75,-341.25,1,94.291,
01/01/2000,01:29:17.47,18.18,-61.24,-991.37,236.25,-770.0,-271.25,1,94.292,
01/01/2000,01:29:17.48,18.30,-61.37,-990.88,122.50,-831.25,-288.75,1,94.293,
01/01/2000,01:29:17.49,18.42,-61.49,-990.76,306.25,-752.50,-350.0,1,94.293,
01/01/2000,01:29:17.50,18.67,-61.49,-991.49,70.0,-752.50,-490.0,1,94.294,
01/01/2000,01:29:17.51,19.03,-61.49,-992.47,245.0,-761.25,-385.0,1,94.295,
01/01/2000,01:29:17.52,18.91,-61.37,-993.69,175.0,-673.75,-236.25,1,94.296,
01/01/2000,01:29:17.53,18.54,-61.24,-993.57,253.75,-700.0,-306.25,1,94.297,
01/01/2000,01:29:17.54,18.06,-61.12,-993.08,271.25,-630.0,-376.25,1,94.298,
01/01/2000,01:29:17.55,17.81,-61.12,-991.86,26.25,-665.0,-341.25,1,94.284,
01/01/2000,01:29:17.56,17.93,-61.24,-991.37,210.0,-752.50,-358.75,1,94.285,
01/01/2000,01:29:17.57,18.42,-61.49,-991.37,105.0,-682.50,-385.0,1,94.286,
01/01/2000,01:29:17.58,18.91,-61.73,-991.62,297.50,-735.0,-437.50,1,94.287,
01/01/2000,01:29:17.59,19.28,-61.49,-992.10,96.25,-726.25,-385.0,1,94.288,
01/01/2000,01:29:17.60,19.28,-61.49,-992.59,157.50,-743.75,-402.50,1,94.289,
01/01/2000,01:29:17.61,19.15,-61.12,-992.96,35.0,-691.25,-341.25,1,94.290,
01/01/2000,01:29:17.63,18.54,-61.12,-992.84,70.0,-717.50,-332.50,1,94.290,
01/01/2000,01:29:17.64,18.42,-61.12,-992.59,306.25,-638.75,-262.50,1,94.277,
01/01/2000,01:29:17.65,18.54,-61.24,-992.35,271.25,-761.25,-376.25,1,94.278,
01/01/2000,01:29:17.66,18.42,-61.61,-991.98,166.25,-726.25,-376.25,1,94.279,
01/01/2000,01:29:17.67,18.42,-61.49,-991.01,288.75,-621.25,-288.75,1,94.280,
01/01/2000,01:29:17.68,18.54,-61.49,-990.15,245.0,-752.50,-437.50,1,94.281,
01/01/2000,01:29:17.69,18.91,-61.49,-990.52,183.75,-717.50,-315.0,1,94.281,
01/01/2000,01:29:17.70,19.15,-61.49,-991.49,227.50,-726.25,-402.50,1,94.282,
01/01/2000,01:29:17.71,19.15,-61.49,-993.08,122.50,-682.50,-175.0,1,94.283,
01/01/2000,01:29:17.72,18.91,-61.61,-993.69,166.25,-770.0,-393.75,1,94.284,
01/01/2000,01:29:17.73,18.54,-61.73,-993.81,236.25,-673.75,-411.25,1,94.285,
01/01/2000,01:29:17.74,18.67,-61.61,-993.57,253.75,-752.50,-323.75,1,94.286,
01/01/2000,01:29:17.75,18.54,-61.61,-993.08,148.75,-700.0,-367.50,1,94.287,
01/01/2000,01:29:17.77,18.67,-61.49,-991.98,166.25,-665.0,-341.25,1,94.287,
01/01/2000,01:29:17.78,18.67,-61.49,-991.74,140.0,-603.75,-358.75,1,94.288,
01/01/2000,01:29:17.79,19.03,-61.73,-991.62,271.25,-638.75,-411.25,1,94.289,
01/01/2000,01:29:17.80,19.15,-61.85,-991.86,175.0,-647.50,-288.75,1,94.290,
01/01/2000,01:29:17.81,18.91,-61.73,-991.86,236.25,-630.0,-17.50,1,94.291,
01/01/2000,01:29:17.82,18.79,-61.73,-991.98,61.25,-691.25,-140.0,1,94.292,
01/01/2000,01:29:17.83,18.42,-61.49,-992.10,87.50,-752.50,-323.75,1,94.292,
01/01/2000,01:29:17.84,18.06,-61.12,-992.10,52.50,-612.50,-131.25,1,94.293,
01/01/2000,01:29:17.85,18.30,-61.24,-991.62,113.75,-577.50,-78.75,1,94.294,
01/01/2000,01:29:17.86,18.30,-61.37,-991.37,280.0,-805.0,-341.25,1,94.295,
01/01/2000,01:29:17.87,18.54,-61.49,-991.13,148.75,-656.25,-481.25,1,94.296,
01/01/2000,01:29:17.88,18.30,-61.49,-990.64,26.25,-630.0,-481.25,1,94.297,
01/01/2000,01:29:17.89,18.54,-61.49,-990.52,166.25,-743.75,-507.50,1,94.298,
01/01/2000,01:29:17.90,18.91,-61.49,-991.37,271.25,-630.0,-551.25,1,94.284,
01/01/2000,01:29:17.91,19.03,-61.49,-992.84,323.75,-691.25,-350.0,1,94.285,
01/01/2000,01:29:17.92,19.15,-61.49,-993.57,218.75,-682.50,-315.0,1,94.286,
01/01/2000,01:29:17.93,18.79,-61.49,-993.57,271.25,-735.0,-280.0,1,94.287,
01/01/2000,01:29:17.94,18.42,-61.49,-993.57,341.25,-726.25,-393.75,1,94.288,
01/01/2000,01:29:17.95,18.54,-61.37,-993.32,157.50,-735.0,-332.50,1,94.289,
01/01/2000,01:29:17.96,18.54,-61.61,-993.08,306.25,-752.50,-280.0,1,94.290,
01/01/2000,01:29:17.98,18.79,-61.37,-992.47,201.25,-551.25,-411.25,1,94.290,
01/01/2000,01:29:17.99,19.03,-61.37,-991.86,87.50,-682.50,-367.50,1,94.291,
01/01/2000,01:29:18.00,18.91,-61.61,-991.37,148.75,-770.0,-280.0,1,94.292,
01/01/2000,01:29:18.01,18.79,-61.61,-991.25,218.75,-761.25,-332.50,1,94.293,
01/01/2000,01:29:18.02,19.03,-61.73,-991.49,297.50,-647.50,-236.25,1,94.294,
01/01/2000,01:29:18.03,18.91,-61.61,-991.86,236.25,-638.75,-428.75,1,94.295,
01/01/2000,01:29:18.04,18.42,-61.49,-991.98,78.75,-708.75,-323.75,1,94.295,
01/01/2000,01:29:18.05,18.54,-61.24,-992.10,166.25,-770.0,-350.0,1,94.282,
01/01/2000,01:29:18.06,18.42,-61.37,-991.86,341.25,-665.0,-428.75,1,94.297,
01/01/2000,01:29:18.07,18.06,-61.24,-991.37,175.0,-682.50,-455.0,1,94.284,
01/01/2000,01:29:18.08,18.42,-61.24,-990.88,105.0,-770.0,-385.0,1,94.299,
01/01/2000,01:29:18.09,18.79,-61.37,-990.76,122.50,-735.0,-525.0,1,94.286,
01/01/2000,01:29:18.10,19.03,-61.73,-991.13,166.25,-831.25,-411.25,1,94.287,
01/01/2000,01:29:18.12,18.91,-61.61,-992.47,122.50,-700.0,-332.50,1,94.287,
01/01/2000,01:29:18.13,19.15,-61.49,-993.45,175.0,-708.75,-376.25,1,94.288,
01/01/2000,01:29:18.14,17.93,-61.0,-993.45,105.0,-708.75,-350.0,1,94.275,
01/01/2000,01:29:18.15,18.67,-60.88,-992.84,52.50,-761.25,-306.25,1,94.276,
01/01/2000,01:29:18.16,18.54,-61.12,-992.59,245.0,-717.50,-218.75,1,94.277,
01/01/2000,01:29:18.17,18.54,-61.37,-992.35,218.75,-700.0,-341.25,1,94.278,
01/01/2000,01:29:18.18,18.91,-61.61,-991.98,96.25,-665.0,-472.50,1,94.279,
01/01/2000,01:29:18.20,18.54,-61.73,-991.37,166.25,-708.75,-288.75,1,94.279,
01/01/2000,01:29:18.21,17.93,-61.61,-991.13,52.50,-673.75,-350.0,1,94.280,
01/01/2000,01:29:18.22,18.06,-61.49,-991.01,288.75,-735.0,-437.50,1,94.281,
01/01/2000,01:29:18.23,18.79,-61.12,-991.37,227.50,-656.25,-350.0,1,94.282,
01/01/2000,01:29:18.24,18.42,-61.24,-992.10,280.0,-752.50,-341.25,1,94.283,
01/01/2000,01:29:18.25,18.54,-61.0,-992.23,201.25,-647.50,-358.75,1,94.284,
01/01/2000,01:29:18.26,18.67,-61.24,-991.86,192.50,-673.75,-315.0,1,94.284,
01/01/2000,01:29:18.27,18.42,-61.49,-991.37,271.25,-717.50,-437.50,1,94.285,
01/01/2000,01:29:18.28,18.67,-61.49,-991.49,201.25,-726.25,-525.0,1,94.286,
01/01/2000,01:29:18.29,19.52,-61.61,-992.10,271.25,-796.25,-315.0,1,94.287,
01/01/2000,01:29:18.30,19.40,-61.98,-992.71,210.0,-743.75,-315.0,1,94.288,
01/01/2000,01:29:18.31,18.79,-61.98,-992.84,166.25,-673.75,-271.25,1,94.289,
01/01/2000,01:29:18.32,18.91,-61.49,-992.96,43.75,-805.0,-341.25,1,94.289,
01/01/2000,01:29:18.33,18.54,-61.73,-993.08,201.25,-726.25,-262.50,1,94.290,
01/01/2000,01:29:18.34,18.67,-61.61,-993.57,183.75,-717.50,-481.25,1,94.291,
01/01/2000,01:29:18.35,19.15,-61.73,-993.81,148.75,-752.50,-332.50,1,94.292,
01/01/2000,01:29:18.36,19.28,-61.98,-993.57,218.75,-708.75,-288.75,1,94.293,
01/01/2000,01:29:18.37,18.42,-62.22,-992.35,253.75,-656.25,-455.0,1,94.294,
01/01/2000,01:29:18.38,18.30,-61.73,-991.13,122.50,-638.75,-376.25,1,94.295,
01/01/2000,01:29:18.39,18.79,-61.49,-990.64,315.0,-761.25,-376.25,1,94.295,
01/01/2000,01:29:18.41,18.91,-61.61,-991.13,96.25,-796.25,-306.25,1,94.282,
01/01/2000,01:29:18.42,19.28,-61.98,-992.10,175.0,-761.25,-227.50,1,94.283,
01/01/2000,01:29:18.43,19.64,-61.73,-992.96,61.25,-656.25,-262.50,1,94.284,
01/01/2000,01:29:18.44,18.06,-61.98,-992.47,280.0,-682.50,-253.75,1,94.285,
01/01/2000,01:29:18.45,17.93,-61.37,-991.62,61.25,-673.75,-376.25,1,94.286,
01/01/2000,01:29:18.46,18.18,-61.37,-991.37,306.25,-752.50,-306.25,1,94.287,
01/01/2000,01:29:18.47,18.54,-61.12,-991.86,96.25,-691.25,-490.0,1,94.287,
01/01/2000,01:29:18.48,18.91,-61.85,-992.71,227.50,-551.25,-297.50,1,94.288,
01/01/2000,01:29:18.49,19.15,-61.73,-992.96,35.0,-708.75,-245.0,1,94.289,
01/01/2000,01:29:18.50,18.30,-62.22,-992.71,367.50,-708.75,-332.50,1,94.290,
01/01/2000,01:29:18.51,17.93,-61.73,-992.84,236.25,-708.75,-516.25,1,94.291,
01/01/2000,01:29:18.52,18.42,-61.61,-993.08,236.25,-682.50,-411.25,1,94.292,
01/01/2000,01:29:18.53,19.03,-61.37,-993.32,271.25,-735.0,-428.75,1,94.292,
01/01/2000,01:29:18.54,18.18,-61.49,-993.45,131.25,-708.75,-332.50,1,94.279,
01/01/2000,01:29:18.55,18.79,-61.85,-993.32,113.75,-752.50,-280.0,1,94.280,
01/01/2000,01:29:18.56,18.79,-61.98,-993.08,183.75,-700.0,-402.50,1,94.281,
01/01/2000,01:29:18.57,17.93,-61.98,-992.71,218.75,-735.0,-367.50,1,94.282,
01/01/2000,01:29:18.58,18.42,-61.98,-992.23,157.50,-691.25,-428.75,1,94.283,
01/01/2000,01:29:18.59,18.79,-61.73,-991.86,201.25,-656.25,-367.50,1,94.284,
01/01/2000,01:29:18.60,18.42,-61.49,-991.86,140.0,-805.0,-166.25,1,94.284,
01/01/2000,01:29:18.62,19.03,-61.49,-991.86,332.50,-603.75,-253.75,1,94.285,
01/01/2000,01:29:18.63,18.91,-61.49,-991.49,105.0,-577.50,-148.75,1,94.286,
01/01/2000,01:29:18.64,18.18,-61.73,-991.37,227.50,-630.0,-288.75,1,94.287,
01/01/2000,01:29:18.65,18.54,-61.73,-991.74,183.75,-717.50,-385.0,1,94.288,
01/01/2000,01:29:18.66,18.79,-61.49,-991.62,78.75,-630.0,-341.25,1,94.275,
01/01/2000,01:29:18.67,18.54,-61.49,-990.52,148.75,-691.25,-96.25,1,94.276,
01/01/2000,01:29:18.68,19.03,-61.24,-988.81,0.0,-595.0,-385.0,1,94.277,
01/01/2000,01:29:18.69,18.91,-60.76,-985.39,245.0,-735.0,-253.75,1,94.277,
01/01/2000,01:29:18.70,18.79,-60.88,-983.81,323.75,-761.25,-87.50,1,94.278,
01/01/2000,01:29:18.71,18.42,-61.49,-983.08,210.0,-743.75,-113.75,1,94.279,
01/01/2000,01:29:18.72,18.30,-61.73,-983.44,70.0,-813.75,-533.75,1,94.280,
01/01/2000,01:29:18.73,18.30,-62.22,-985.64,280.0,-603.75,-271.25,1,94.281,
01/01/2000,01:29:18.74,18.54,-61.49,-987.22,-52.50,-507.50,-542.50,1,94.282,
01/01/2000,01:29:18.76,17.93,-61.49,-987.96,280.0,-726.25,-35.0,1,94.282,
01/01/2000,01:29:18.77,17.45,-60.88,-987.47,17.50,-673.75,-113.75,1,94.283,
01/01/2000,01:29:18.78,16.84,-60.76,-985.27,358.75,-665.0,-437.50,1,94.284,
01/01/2000,01:29:18.79,17.20,-60.76,-983.32,87.50,-638.75,-315.0,1,94.285,
01/01/2000,01:29:18.80,17.45,-61.12,-981.12,332.50,-682.50,-280.0,1,94.286,
01/01/2000,01:29:18.81,18.18,-61.73,-979.17,218.75,-752.50,-463.75,1,94.287,
01/01/2000,01:29:18.82,18.79,-62.10,-977.83,210.0,-717.50,-315.0,1,94.287,
01/01/2000,01:29:18.83,19.40,-61.98,-978.44,131.25,-866.25,-446.25,1,94.288,
01/01/2000,01:29:18.84,19.40,-61.85,-979.90,236.25,-735.0,-385.0,1,94.289,
01/01/2000,01:29:18.85,18.67,-61.37,-982.10,43.75,-735.0,-175.0,1,94.290,
01/01/2000,01:29:18.86,18.06,-61.12,-984.54,87.50,-665.0,-350.0,1,94.291,
01/01/2000,01:29:18.87,18.06,-61.0,-986.49,-35.0,-586.25,-280.0,1,94.292,
01/01/2000,01:29:18.88,17.57,-60.88,-987.22,131.25,-612.50,-131.25,1,94.292,
01/01/2000,01:29:18.89,17.57,-61.0,-986.25,148.75,-533.75,-297.50,1,94.293,
01/01/2000,01:29:18.90,17.81,-61.37,-983.20,192.50,-743.75,-358.75,1,94.280,
01/01/2000,01:29:18.91,18.54,-61.73,-982.47,253.75,-848.75,-376.25,1,94.281,
01/01/2000,01:29:18.92,19.52,-61.73,-983.69,113.75,-787.50,-420.0,1,94.282,
01/01/2000,01:29:18.93,20.01,-62.34,-986.98,70.0,-708.75,-166.25,1,94.283,
01/01/2000,01:29:18.94,18.54,-62.22,-988.32,210.0,-743.75,61.25,1,94.284,
01/01/2000,01:29:18.95,17.32,-61.49,-989.30,201.25,-673.75,-192.50,1,94.284,
01/01/2000,01:29:18.97,17.32,-60.76,-990.52,227.50,-682.50,-577.50,1,94.285,
01/01/2000,01:29:18.98,18.06,-60.27,-990.64,140.0,-647.50,-393.75,1,94.286,
01/01/2000,01:29:18.99,18.91,-60.51,-990.27,78.75,-743.75,-8.75,1,94.287,
01/01/2000,01:29:19.00,19.03,-61.73,-989.05,227.50,-770.0,-113.75,1,94.288,
01/01/2000,01:29:19.01,18.91,-62.34,-988.93,262.50,-717.50,-402.50,1,94.289,
01/01/2000,01:29:19.02,18.79,-62.95,-989.54,87.50,-787.50,-428.75,1,94.289,
01/01/2000,01:29:19.03,18.54,-62.59,-990.64,131.25,-665.0,-568.75,1,94.290,
01/01/2000,01:29:19.04,18.18,-61.73,-991.74,140.0,-726.25,-323.75,1,94.291,
01/01/2000,01:29:19.05,18.06,-60.88,-991.49,35.0,-665.0,-201.25,1,94.292,
01/01/2000,01:29:19.06,18.18,-60.63,-991.25,175.0,-673.75,-288.75,1,94.293,
01/01/2000,01:29:19.07,18.79,-61.0,-991.37,0.0,-717.50,-166.25,1,94.280,
01/01/2000,01:29:19.08,19.03,-61.73,-991.37,70.0,-752.50,-201.25,1,94.294,
01/01/2000,01:29:19.09,19.03,-62.46,-991.37,166.25,-717.50,-358.75,1,94.282,
01/01/2000,01:29:19.10,18.54,-62.83,-991.49,245.0,-638.75,-411.25,1,94.282,
01/01/2000,01:29:19.12,18.54,-62.34,-991.98,131.25,-691.25,-446.25,1,94.283,
01/01/2000,01:29:19.13,18.54,-61.49,-992.23,183.75,-647.50,-393.75,1,94.284,
01/01/2000,01:29:19.14,18.67,-61.0,-992.23,87.50,-700.0,-236.25,1,94.285,
01/01/2000,01:29:19.15,18.67,-60.88,-991.98,52.50,-752.50,-236.25,1,94.286,
01/01/2000,01:29:19.16,18.54,-61.37,-991.74,192.50,-726.25,-323.75,1,94.287,
01/01/2000,01:29:19.17,18.79,-61.98,-991.98,131.25,-665.0,-358.75,1,94.287,
01/01/2000,01:29:19.18,18.79,-62.46,-991.98,332.50,-682.50,-446.25,1,94.275,
01/01/2000,01:29:19.19,18.79,-62.22,-991.98,227.50,-717.50,-533.75,1,94.275,
01/01/2000,01:29:19.20,18.54,-61.49,-991.98,201.25,-743.75,-271.25,1,94.276,
01/01/2000,01:29:19.21,18.54,-61.12,-991.86,70.0,-691.25,-306.25,1,94.277,
01/01/2000,01:29:19.22,17.69,-61.0,-991.01,78.75,-595.0,17.50,1,94.278,
01/01/2000,01:29:19.23,15.98,-60.76,-989.91,43.75,-787.50,253.75,1,94.279,
01/01/2000,01:29:19.24,13.79,-61.85,-989.54,218.75,-700.0,-218.75,1,94.280,
01/01/2000,01:29:19.25,13.05,-62.22,-990.15,245.0,-726.25,-656.25,1,94.280,
01/01/2000,01:29:19.26,12.69,-61.73,-990.40,245.0,-490.0,-420.0,1,94.281,
01/01/2000,01:29:19.27,13.42,-61.49,-988.81,140.0,-577.50,-332.50,1,94.282,
01/01/2000,01:29:19.28,13.91,-60.88,-986.98,175.0,-656.25,-306.25,1,94.283,
01/01/2000,01:29:19.29,14.64,-60.76,-985.39,-140.0,-726.25,-192.50,1,94.284,
01/01/2000,01:29:19.30,15.62,-61.12,-984.78,96.25,-770.0,-288.75,1,94.284,
01/01/2000,01:29:19.31,16.10,-61.73,-985.27,113.75,-787.50,-157.50,1,94.285,
01/01/2000,01:29:19.33,15.13,-62.59,-986.25,175.0,-717.50,-122.50,1,94.286,
01/01/2000,01:29:19.34,12.81,-62.59,-986.49,262.50,-630.0,-8.75,1,94.287,
01/01/2000,01:29:19.35,10.86,-61.98,-986.25,166.25,-673.75,-175.0,1,94.288,
01/01/2000,01:29:19.36,9.03,-61.12,-985.15,8.75,-700.0,-175.0,1,94.289,
01/01/2000,01:29:19.37,8.30,-60.88,-984.05,131.25,-577.50,-236.25,1,94.289,
01/01/2000,01:29:19.38,8.05,-60.63,-983.20,148.75,-638.75,-183.75,1,94.290,
01/01/2000,01:29:19.39,9.52,-61.49,-983.56,201.25,-735.0,-306.25,1,94.277,
01/01/2000,01:29:19.40,11.10,-62.22,-984.42,175.0,-665.0,-332.50,1,94.278,
01/01/2000,01:29:19.41,12.32,-62.71,-985.76,122.50,-682.50,-437.50,1,94.279,
01/01/2000,01:29:19.42,13.42,-62.71,-986.74,262.50,-743.75,-271.25,1,94.280,
01/01/2000,01:29:19.43,14.15,-62.22,-987.35,113.75,-612.50,-315.0,1,94.281,
01/01/2000,01:29:19.44,13.79,-61.24,-986.98,166.25,-560.0,-122.50,1,94.282,
01/01/2000,01:29:19.45,13.42,-60.76,-986.49,17.50,-603.75,-61.25,1,94.282,
01/01/2000,01:29:19.47,13.42,-60.88,-986.86,201.25,-656.25,0.0,1,94.283,
01/01/2000,01:29:19.48,13.66,-61.24,-987.83,175.0,-726.25,-253.75,1,94.284,
01/01/2000,01:29:19.49,14.40,-61.85,-988.93,227.50,-603.75,-323.75,1,94.285,
01/01/2000,01:29:19.50,15.13,-62.22,-989.54,17.50,-700.0,-350.0,1,94.286,
01/01/2000,01:29:19.51,15.25,-62.22,-989.30,157.50,-621.25,-288.75,1,94.287,
01/01/2000,01:29:19.52,15.86,-61.61,-989.05,122.50,-586.25,-341.25,1,94.287,
01/01/2000,01:29:19.53,16.47,-61.24,-989.30,218.75,-682.50,-236.25,1,94.288,
01/01/2000,01:29:19.54,17.20,-61.12,-990.15,175.0,-691.25,-218.75,1,94.289,
01/01/2000,01:29:19.55,17.57,-61.37,-991.49,140.0,-638.75,-122.50,1,94.290,
01/01/2000,01:29:19.56,17.08,-61.98,-992.10,0.0,-682.50,-70.0,1,94.291,
01/01/2000,01:29:19.57,16.71,-62.22,-992.10,201.25,-752.50,-201.25,1,94.291,
01/01/2000,01:29:19.58,16.35,-61.73,-991.98,280.0,-595.0,-455.0,1,94.292,
01/01/2000,01:29:19.59,17.08,-61.49,-991.86,297.50,-700.0,-498.75,1,94.293,
01/01/2000,01:29:19.60,18.06,-61.0,-991.37,70.0,-586.25,-131.25,1,94.280,
01/01/2000,01:29:19.61,18.67,-61.37,-990.40,105.0,-612.50,-70.0,1,94.281,
01/01/2000,01:29:19.62,18.79,-61.49,-990.03,157.50,-603.75,-236.25,1,94.282,
01/01/2000,01:29:19.63,18.79,-61.85,-990.15,210.0,-743.75,-376.25,1,94.283,
01/01/2000,01:29:19.65,18.54,-62.22,-990.88,175.0,-848.75,-490.0,1,94.284,
01/01/2000,01:29:19.65,18.30,-61.98,-992.35,87.50,-761.25,-192.50,1,94.284,
01/01/2000,01:29:19.67,17.57,-61.61,-993.20,183.75,-551.25,-350.0,1,94.285,
01/01/2000,01:29:19.68,16.71,-60.88,-993.57,-26.25,-647.50,-271.25,1,94.273,
01/01/2000,01:29:19.69,16.84,-60.76,-993.20,61.25,-638.75,-245.0,1,94.273,
01/01/2000,01:29:19.70,17.20,-61.24,-992.59,271.25,-595.0,-341.25,1,94.274,
01/01/2000,01:29:19.71,18.06,-61.49,-991.98,140.0,-682.50,-306.25,1,94.275,
01/01/2000,01:29:19.72,19.15,-61.98,-992.35,78.75,-708.75,-367.50,1,94.276,
01/01/2000,01:29:19.73,19.64,-62.22,-993.08,166.25,-682.50,-446.25,1,94.277,
01/01/2000,01:29:19.74,19.64,-61.98,-993.57,218.75,-603.75,-341.25,1,94.277,
01/01/2000,01:29:19.76,19.03,-61.61,-993.32,105.0,-595.0,-385.0,1,94.278,
01/01/2000,01:29:19.77,18.06,-61.12,-992.71,131.25,-612.50,-227.50,1,94.279,
01/01/2000,01:29:19.78,17.32,-60.88,-991.86,-52.50,-638.75,-297.50,1,94.280,
01/01/2000,01:29:19.79,17.32,-61.0,-991.37,140.0,-638.75,-350.0,1,94.281,
01/01/2000,01:29:19.80,17.93,-61.37,-991.37,113.75,-735.0,-507.50,1,94.282,
01/01/2000,01:29:19.81,18.79,-61.85,-991.74,166.25,-490.0,-446.25,1,94.282,
01/01/2000,01:29:19.82,19.28,-62.22,-991.98,245.0,-805.0,-218.75,1,94.283,
01/01/2000,01:29:19.83,19.52,-62.10,-991.62,166.25,-638.75,-472.50,1,94.284,
01/01/2000,01:29:19.84,18.91,-61.98,-991.49,175.0,-691.25,-428.75,1,94.285,
01/01/2000,01:29:19.85,18.54,-61.49,-991.86,96.25,-595.0,-350.0,1,94.286,
01/01/2000,01:29:19.86,18.18,-61.49,-992.23,175.0,-665.0,-262.50,1,94.287,
01/01/2000,01:29:19.87,18.06,-61.12,-992.96,122.50,-630.0,-315.0,1,94.287,
01/01/2000,01:29:19.88,18.30,-61.24,-993.45,148.75,-673.75,-350.0,1,94.288,
01/01/2000,01:29:19.89,18.91,-61.37,-993.45,201.25,-708.75,-341.25,1,94.289,
01/01/2000,01:29:19.90,19.52,-61.73,-993.45,297.50,-717.50,-437.50,1,94.290,
01/01/2000,01:29:19.91,19.64,-61.73,-992.96,122.50,-586.25,-428.75,1,94.291,
01/01/2000,01:29:19.92,19.52,-61.98,-992.84,175.0,-761.25,-455.0,1,94.291,
01/01/2000,01:29:19.93,19.03,-61.73,-992.71,148.75,-700.0,-507.50,1,94.292,
01/01/2000,01:29:19.94,18.67,-61.73,-993.08,96.25,-621.25,-411.25,1,94.293,
01/01/2000,01:29:19.95,18.30,-61.49,-993.32,122.50,-708.75,-245.0,1,94.294,
01/01/2000,01:29:19.96,18.06,-61.24,-992.96,236.25,-673.75,-288.75,1,94.281,
01/01/2000,01:29:19.97,18.06,-61.24,-991.86,157.50,-673.75,-350.0,1,94.282,
01/01/2000,01:29:19.98,18.54,-61.37,-991.13,0.0,-656.25,-463.75,1,94.283,
01/01/2000,01:29:19.99,18.91,-61.73,-990.88,157.50,-752.50,-315.0,1,94.284,
01/01/2000,01:29:20.00,19.03,-62.10,-990.76,131.25,-778.75,-306.25,1,94.284,
01/01/2000,01:29:20.01,19.15,-61.98,-991.62,166.25,-647.50,-376.25,1,94.285,
01/01/2000,01:29:20.03,18.67,-61.73,-992.35,175.0,-603.75,-472.50,1,94.286,
01/01/2000,01:29:20.04,18.30,-61.37,-992.59,280.0,-682.50,-358.75,1,94.287,
01/01/2000,01:29:20.05,17.81,-60.76,-992.71,113.75,-673.75,-306.25,1,94.288,
01/01/2000,01:29:20.06,17.93,-60.76,-992.96,166.25,-630.0,-183.75,1,94.289,
01/01/2000,01:29:20.07,18.18,-61.12,-993.08,201.25,-630.0,-385.0,1,94.289,
01/01/2000,01:29:20.08,18.91,-61.73,-993.08,227.50,-735.0,-376.25,1,94.290,
01/01/2000,01:29:20.09,19.28,-61.73,-992.71,35.0,-656.25,-481.25,1,94.291,
01/01/2000,01:29:20.10,19.15,-61.85,-991.62,218.75,-761.25,-297.50,1,94.292,
01/01/2000,01:29:20.11,19.03,-61.49,-991.25,17.50,-770.0,-446.25,1,94.293,
01/01/2000,01:29:20.12,18.91,-61.49,-991.37,87.50,-752.50,-437.50,1,94.293,
01/01/2000,01:29:20.13,18.79,-61.37,-992.10,253.75,-682.50,-148.75,1,94.294,
01/01/2000,01:29:20.14,18.42,-61.49,-992.47,192.50,-673.75,-315.0,1,94.295,
01/01/2000,01:29:20.15,17.93,-61.61,-992.71,78.75,-603.75,-367.50,1,94.296,
01/01/2000,01:29:20.16,17.69,-61.61,-992.84,52.50,-665.0,-280.0,1,94.297,
01/01/2000,01:29:20.18,18.06,-61.61,-992.84,183.75,-586.25,-455.0,1,94.284,
01/01/2000,01:29:20.19,18.91,-61.49,-992.59,210.0,-621.25,-402.50,1,94.285,
01/01/2000,01:29:20.20,19.40,-61.24,-992.10,26.25,-735.0,-306.25,1,94.286,
01/01/2000,01:29:20.21,19.76,-61.37,-991.62,227.50,-778.75,-262.50,1,94.287,
01/01/2000,01:29:20.22,19.52,-61.49,-991.62,175.0,-726.25,-192.50,1,94.287,
01/01/2000,01:29:20.23,18.91,-61.73,-991.37,105.0,-691.25,-358.75,1,94.288,
01/01/2000,01:29:20.24,18.42,-61.73,-991.37,271.25,-735.0,-376.25,1,94.289,
01/01/2000,01:29:20.25,18.30,-61.37,-991.86,78.75,-787.50,-350.0,1,94.290,
01/01/2000,01:29:20.26,18.18,-61.37,-992.35,166.25,-656.25,-227.50,1,94.277,
01/01/2000,01:29:20.27,18.30,-61.12,-993.08,157.50,-630.0,-297.50,1,94.291,
01/01/2000,01:29:20.28,18.42,-61.24,-993.57,148.75,-665.0,-201.25,1,94.279,
01/01/2000,01:29:20.29,18.54,-61.49,-993.32,140.0,-700.0,-385.0,1,94.280,
01/01/2000,01:29:20.30,18.54,-61.49,-992.96,210.0,-647.50,-393.75,1,94.280,
01/01/2000,01:29:20.31,18.67,-61.73,-992.10,201.25,-691.25,-201.25,1,94.281,
01/01/2000,01:29:20.32,18.91,-61.49,-991.62,61.25,-638.75,-420.0,1,94.282,
01/01/2000,01:29:20.33,18.91,-61.73,-991.37,210.0,-831.25,-332.50,1,94.283,
01/01/2000,01:29:20.34,19.15,-61.61,-991.62,-17.50,-691.25,-350.0,1,94.284,
01/01/2000,01:29:20.35,19.28,-61.73,-992.59,262.50,-647.50,-358.75,1,94.284,
01/01/2000,01:29:20.36,19.28,-61.49,-992.96,105.0,-726.25,-218.75,1,94.285,
01/01/2000,01:29:20.37,18.79,-61.61,-992.96,8.75,-647.50,-472.50,1,94.286,
01/01/2000,01:29:20.39,18.79,-61.49,-992.47,70.0,-673.75,-393.75,1,94.287,
01/01/2000,01:29:20.40,18.79,-61.37,-992.35,131.25,-612.50,-455.0,1,94.288,
01/01/2000,01:29:20.41,19.03,-61.37,-991.86,105.0,-595.0,-280.0,1,94.289,
01/01/2000,01:29:20.42,19.03,-61.49,-991.37,201.25,-717.50,-411.25,1,94.289,
01/01/2000,01:29:20.43,19.15,-61.37,-991.49,105.0,-743.75,-358.75,1,94.290,
01/01/2000,01:29:20.44,18.79,-61.61,-992.10,157.50,-761.25,-358.75,1,94.291,
01/01/2000,01:29:20.45,19.15,-61.49,-993.08,-35.0,-551.25,-463.75,1,94.292,
01/01/2000,01:29:20.46,19.03,-61.61,-993.20,140.0,-682.50,-367.50,1,94.293,
01/01/2000,01:29:20.47,18.42,-61.37,-992.96,201.25,-621.25,-183.75,1,94.293,
01/01/2000,01:29:20.48,18.30,-61.24,-992.47,210.0,-708.75,-376.25,1,94.294,
01/01/2000,01:29:20.49,18.42,-61.24,-992.10,87.50,-673.75,-490.0,1,94.282,
01/01/2000,01:29:20.50,19.03,-61.49,-992.10,341.25,-612.50,-376.25,1,94.296,
01/01/2000,01:29:20.51,19.76,-61.49,-992.23,61.25,-726.25,-402.50,1,94.283,
01/01/2000,01:29:20.53,20.37,-61.73,-992.84,262.50,-665.0,-332.50,1,94.284,
01/01/2000,01:29:20.54,20.37,-61.49,-993.45,131.25,-673.75,-271.25,1,94.285,
01/01/2000,01:29:20.55,19.76,-61.49,-993.69,157.50,-665.0,-183.75,1,94.286,
01/01/2000,01:29:20.56,19.03,-61.24,-993.32,61.25,-630.0,-332.50,1,94.287,
01/01/2000,01:29:20.57,18.30,-61.12,-992.71,122.50,-595.0,-297.50,1,94.287,
01/01/2000,01:29:20.58,17.81,-61.0,-991.98,61.25,-630.0,-166.25,1,94.288,
01/01/2000,01:29:20.59,17.81,-61.24,-991.74,175.0,-770.0,-323.75,1,94.289,
01/01/2000,01:29:20.60,18.06,-61.49,-991.86,-8.75,-586.25,-367.50,1,94.290,
01/01/2000,01:29:20.61,18.30,-61.73,-991.86,157.50,-682.50,-367.50,1,94.291,
01/01/2000,01:29:20.62,18.30,-61.49,-992.23,192.50,-700.0,-297.50,1,94.291,
01/01/2000,01:29:20.63,18.54,-61.49,-992.59,87.50,-673.75,-332.50,1,94.292,
01/01/2000,01:29:20.64,18.42,-61.24,-992.71,140.0,-673.75,-420.0,1,94.293,
01/01/2000,01:29:20.65,18.42,-61.0,-992.71,236.25,-647.50,-385.0,1,94.294,
01/01/2000,01:29:20.66,18.54,-61.0,-992.35,236.25,-682.50,-323.75,1,94.281,
01/01/2000,01:29:20.67,19.15,-61.12,-992.35,166.25,-682.50,-481.25,1,94.282,
01/01/2000,01:29:20.68,19.28,-61.37,-992.35,87.50,-665.0,-253.75,1,94.283,
01/01/2000,01:29:20.69,19.28,-61.61,-992.35,350.0,-665.0,-385.0,1,94.284,
01/01/2000,01:29:20.71,18.91,-61.49,-992.59,253.75,-770.0,-280.0,1,94.285,
01/01/2000,01:29:20.72,18.91,-61.24,-993.20,96.25,-665.0,-437.50,1,94.285,
01/01/2000,01:29:20.73,18.79,-61.24,-993.81,253.75,-735.0,-455.0,1,94.286,
01/01/2000,01:29:20.74,18.79,-61.0,-994.30,35.0,-630.0,-175.0,1,94.287,
01/01/2000,01:29:20.75,18.67,-61.12,-994.30,78.75,-638.75,-323.75,1,94.288,
01/01/2000,01:29:20.76,19.03,-61.12,-994.18,201.25,-682.50,-350.0,1,94.289,
01/01/2000,01:29:20.77,19.15,-61.37,-993.69,210.0,-577.50,-323.75,1,94.289,
01/01/2000,01:29:20.78,19.28,-61.24,-992.10,236.25,-761.25,-332.50,1,94.290,
01/01/2000,01:29:20.79,19.03,-61.49,-991.13,218.75,-700.0,-315.0,1,94.291,
01/01/2000,01:29:20.80,18.67,-61.37,-990.64,96.25,-726.25,-297.50,1,94.292,
01/01/2000,01:29:20.81,18.30,-61.49,-991.13,113.75,-822.50,-323.75,1,94.293,
01/01/2000,01:29:20.82,18.18,-61.49,-992.10,148.75,-813.75,-385.0,1,94.293,
01/01/2000,01:29:20.83,18.18,-61.37,-993.20,43.75,-673.75,-271.25,1,94.294,
01/01/2000,01:29:20.84,18.54,-61.37,-993.93,236.25,-638.75,-271.25,1,94.295,
01/01/2000,01:29:20.85,18.91,-61.12,-993.93,323.75,-621.25,-245.0,1,94.296,
01/01/2000,01:29:20.86,19.40,-61.12,-992.84,122.50,-796.25,-227.50,1,94.283,
01/01/2000,01:29:20.88,19.52,-61.49,-991.25,306.25,-665.0,-341.25,1,94.284,
01/01/2000,01:29:20.89,19.52,-61.49,-990.76,43.75,-682.50,-385.0,1,94.285,
01/01/2000,01:29:20.90,19.28,-61.85,-990.88,175.0,-665.0,-332.50,1,94.286,
01/01/2000,01:29:20.91,19.15,-61.61,-991.74,96.25,-691.25,-297.50,1,94.287,
01/01/2000,01:29:20.92,18.91,-61.73,-993.08,297.50,-717.50,-306.25,1,94.287,
01/01/2000,01:29:20.93,18.54,-61.0,-993.81,140.0,-673.75,-271.25,1,94.288,
01/01/2000,01:29:20.94,17.93,-61.0,-993.69,96.25,-603.75,-297.50,1,94.289,
01/01/2000,01:29:20.95,17.69,-61.24,-993.20,253.75,-577.50,-288.75,1,94.290,
01/01/2000,01:29:20.96,17.81,-61.37,-992.96,-61.25,-612.50,-297.50,1,94.291,
01/01/2000,01:29:20.97,18.06,-61.73,-992.35,236.25,-656.25,-446.25,1,94.291,
01/01/2000,01:29:20.98,18.42,-61.73,-991.49,175.0,-743.75,-376.25,1,94.292,
01/01/2000,01:29:20.99,18.54,-61.37,-990.88,52.50,-796.25,-463.75,1,94.293,
01/01/2000,01:29:21.00,18.91,-61.24,-990.88,218.75,-665.0,-455.0,1,94.294,
01/01/2000,01:29:21.01,19.03,-61.0,-991.13,105.0,-787.50,-376.25,1,94.295,
01/01/2000,01:29:21.02,19.15,-61.24,-991.74,245.0,-673.75,-455.0,1,94.282,
01/01/2000,01:29:21.03,19.03,-61.0,-992.35,35.0,-708.75,-297.50,1,94.283,
01/01/2000,01:29:21.04,18.91,-61.24,-992.59,35.0,-735.0,-297.50,1,94.284,
01/01/2000,01:29:21.05,18.91,-61.49,-992.59,122.50,-656.25,-350.0,1,94.285,
01/01/2000,01:29:21.06,18.91,-61.24,-992.35,140.0,-656.25,-420.0,1,94.285,
01/01/2000,01:29:21.07,18.67,-61.0,-991.86,113.75,-656.25,-192.50,1,94.286,
01/01/2000,01:29:21.09,18.67,-61.12,-991.62,271.25,-656.25,-288.75,1,94.287,
01/01/2000,01:29:21.10,18.54,-61.24,-992.10,17.50,-700.0,-367.50,1,94.288,
01/01/2000,01:29:21.11,18.79,-61.61,-992.84,175.0,-717.50,-420.0,1,94.289,
01/01/2000,01:29:21.12,18.79,-61.49,-993.32,113.75,-647.50,-367.50,1,94.289,
01/01/2000,01:29:21.13,18.79,-61.49,-993.32,306.25,-665.0,-315.0,1,94.290,
01/01/2000,01:29:21.14,18.79,-61.24,-992.84,236.25,-691.25,-323.75,1,94.291,
01/01/2000,01:29:21.15,18.79,-61.12,-992.59,70.0,-595.0,-280.0,1,94.292,
01/01/2000,01:29:21.16,18.91,-61.12,-992.23,253.75,-665.0,-376.25,1,94.293,
01/01/2000,01:29:21.17,19.15,-61.37,-992.71,17.50,-743.75,-446.25,1,94.293,
01/01/2000,01:29:21.18,19.03,-61.49,-993.32,70.0,-621.25,-341.25,1,94.294,
01/01/2000,01:29:21.19,19.03,-61.61,-993.57,87.50,-665.0,-341.25,1,94.295,
01/01/2000,01:29:21.20,18.79,-61.73,-993.32,341.25,-638.75,-411.25,1,94.296,
01/01/2000,01:29:21.22,18.42,-61.24,-992.10,201.25,-743.75,-306.25,1,94.283,
01/01/2000,01:29:21.23,18.54,-60.76,-991.37,70.0,-682.50,-446.25,1,94.284,
01/01/2000,01:29:21.24,19.03,-61.0,-990.88,271.25,-717.50,-236.25,1,94.285,
01/01/2000,01:29:21.25,19.15,-61.24,-990.52,306.25,-647.50,-376.25,1,94.286,
01/01/2000,01:29:21.26,19.03,-61.49,-990.52,288.75,-743.75,-446.25,1,94.287,
01/01/2000,01:29:21.27,19.15,-61.61,-990.88,122.50,-735.0,-385.0,1,94.287,
01/01/2000,01:29:21.28,18.91,-61.61,-991.49,105.0,-717.50,-420.0,1,94.288,
01/01/2000,01:29:21.29,18.79,-61.0,-992.59,61.25,-700.0,-341.25,1,94.289,
01/01/2000,01:29:21.30,18.79,-61.0,-993.32,210.0,-708.75,-236.25,1,94.290,
01/01/2000,01:29:21.31,18.30,-60.76,-993.32,87.50,-638.75,-280.0,1,94.291,
01/01/2000,01:29:21.32,18.06,-61.0,-992.59,262.50,-673.75,-350.0,1,94.291,
01/01/2000,01:29:21.33,17.93,-61.12,-991.98,-26.25,-656.25,-148.75,1,94.292,
01/01/2000,01:29:21.34,18.30,-61.49,-991.62,262.50,-752.50,-332.50,1,94.293,
01/01/2000,01:29:21.35,18.42,-61.49,-991.37,-96.25,-708.75,-428.75,1,94.294,
01/01/2000,01:29:21.36,19.03,-61.73,-991.62,17.50,-700.0,-446.25,1,94.295,
01/01/2000,01:29:21.37,19.64,-61.49,-992.23,201.25,-621.25,-560.0,1,94.295,
01/01/2000,01:29:21.38,19.76,-61.49,-992.96,262.50,-743.75,-367.50,1,94.296,
01/01/2000,01:29:21.39,19.89,-61.24,-993.81,78.75,-787.50,-236.25,1,94.297,
01/01/2000,01:29:21.40,19.28,-61.49,-993.93,218.75,-673.75,-245.0,1,94.298,
01/01/2000,01:29:21.41,19.03,-61.37,-993.08,87.50,-682.50,-315.0,1,94.299,
01/01/2000,01:29:21.42,18.42,-61.24,-991.74,140.0,-603.75,-385.0,1,94.299,
01/01/2000,01:29:21.43,18.06,-61.24,-990.40,183.75,-726.25,-358.75,1,94.300,
01/01/2000,01:29:21.45,18.06,-61.24,-989.54,52.50,-717.50,-402.50,1,94.288,
01/01/2000,01:29:21.46,18.54,-61.37,-990.15,96.25,-778.75,-280.0,1,94.289,
01/01/2000,01:29:21.47,19.28,-61.49,-991.62,148.75,-700.0,-376.25,1,94.289,
01/01/2000,01:29:21.48,19.40,-61.24,-992.35,61.25,-630.0,-341.25,1,94.290,
01/01/2000,01:29:21.49,19.28,-61.49,-992.84,78.75,-708.75,-306.25,1,94.291,
01/01/2000,01:29:21.50,19.03,-61.12,-992.71,262.50,-673.75,-463.75,1,94.292,
01/01/2000,01:29:21.51,18.79,-61.0,-992.23,288.75,-770.0,-350.0,1,94.293,
01/01/2000,01:29:21.52,18.67,-61.24,-991.74,175.0,-708.75,-385.0,1,94.293,
01/01/2000,01:29:21.53,18.67,-61.49,-991.98,148.75,-691.25,-253.75,1,94.294,
01/01/2000,01:29:21.54,18.91,-61.61,-992.35,140.0,-752.50,-428.75,1,94.295,
01/01/2000,01:29:21.55,19.03,-61.49,-992.59,131.25,-700.0,-367.50,1,94.296,
01/01/2000,01:29:21.56,19.15,-61.24,-992.84,113.75,-656.25,-323.75,1,94.297,
01/01/2000,01:29:21.57,19.03,-61.24,-992.84,280.0,-761.25,-323.75,1,94.297,
01/01/2000,01:29:21.58,18.79,-61.37,-992.96,201.25,-831.25,-323.75,1,94.285,
01/01/2000,01:29:21.59,19.03,-61.37,-993.32,61.25,-717.50,-306.25,1,94.286,
01/01/2000,01:29:21.60,19.15,-61.73,-993.57,122.50,-700.0,-350.0,1,94.287,
01/01/2000,01:29:21.61,19.28,-61.61,-993.69,-17.50,-638.75,-393.75,1,94.287,
01/01/2000,01:29:21.62,19.40,-61.37,-992.84,210.0,-638.75,-236.25,1,94.288,
01/01/2000,01:29:21.63,19.28,-61.0,-991.37,166.25,-665.0,-393.75,1,94.289,
01/01/2000,01:29:21.64,19.15,-60.88,-990.27,-61.25,-621.25,-271.25,1,94.290,
01/01/2000,01:29:21.66,19.28,-61.0,-989.42,87.50,-796.25,-262.50,1,94.291,
01/01/2000,01:29:21.67,19.40,-61.24,-990.03,122.50,-656.25,-481.25,1,94.291,
01/01/2000,01:29:21.68,19.52,-61.49,-991.86,201.25,-638.75,-463.75,1,94.292,
01/01/2000,01:29:21.69,19.40,-61.24,-992.84,175.0,-638.75,-393.75,1,94.293,
01/01/2000,01:29:21.70,19.03,-61.12,-993.20,157.50,-621.25,-323.75,1,94.294,
01/01/2000,01:29:21.71,18.91,-60.51,-992.84,52.50,-743.75,-227.50,1,94.295,
01/01/2000,01:29:21.73,18.54,-60.63,-991.62,148.75,-603.75,-358.75,1,94.282,
01/01/2000,01:29:21.74,18.54,-61.37,-991.25,201.25,-726.25,-323.75,1,94.283,
01/01/2000,01:29:21.75,18.91,-61.49,-991.62,26.25,-708.75,-323.75,1,94.284,
01/01/2000,01:29:21.76,19.28,-61.98,-992.47,122.50,-673.75,-463.75,1,94.285,
01/01/2000,01:29:21.77,19.40,-61.49,-993.32,166.25,-647.50,-411.25,1,94.285,
01/01/2000,01:29:21.78,19.28,-61.24,-993.81,332.50,-708.75,-218.75,1,94.286,
01/01/2000,01:29:21.79,18.91,-60.76,-993.57,315.0,-708.75,-288.75,1,94.287,
01/01/2000,01:29:21.80,18.79,-60.88,-993.20,87.50,-621.25,-157.50,1,94.288,
01/01/2000,01:29:21.81,18.79,-61.24,-993.20,157.50,-700.0,-306.25,1,94.289,
01/01/2000,01:29:21.82,19.15,-61.98,-993.32,148.75,-507.50,-428.75,1,94.289,
01/01/2000,01:29:21.83,19.15,-61.85,-992.96,183.75,-761.25,-315.0,1,94.290,
01/01/2000,01:29:21.84,18.91,-61.49,-992.10,61.25,-691.25,-402.50,1,94.291,
01/01/2000,01:29:21.85,18.42,-61.0,-991.25,192.50,-752.50,-332.50,1,94.292,
01/01/2000,01:29:21.86,18.06,-60.76,-990.64,-17.50,-787.50,-280.0,1,94.292,
01/01/2000,01:29:21.87,17.81,-61.0,-991.25,96.25,-603.75,-297.50,1,94.293,
01/01/2000,01:29:21.88,18.06,-61.37,-992.10,140.0,-708.75,-306.25,1,94.294,
01/01/2000,01:29:21.89,18.54,-61.49,-992.96,201.25,-656.25,-551.25,1,94.295,
01/01/2000,01:29:21.90,19.03,-61.37,-993.45,323.75,-647.50,-411.25,1,94.296,
01/01/2000,01:29:21.91,19.15,-61.0,-993.08,87.50,-673.75,-358.75,1,94.296,
01/01/2000,01:29:21.92,19.28,-60.76,-992.35,52.50,-638.75,-227.50,1,94.297,
01/01/2000,01:29:21.93,18.91,-61.0,-991.25,201.25,-665.0,-402.50,1,94.285,
01/01/2000,01:29:21.94,18.79,-61.24,-991.49,218.75,-761.25,-297.50,1,94.286,
01/01/2000,01:29:21.95,18.79,-61.61,-992.47,0.0,-656.25,-385.0,1,94.287,
01/01/2000,01:29:21.96,18.91,-61.73,-993.20,157.50,-621.25,-437.50,1,94.287,
01/01/2000,01:29:21.97,19.03,-61.24,-993.45,280.0,-586.25,-306.25,1,94.288,
01/01/2000,01:29:21.98,18.67,-60.76,-992.84,350.0,-735.0,-262.50,1,94.289,
01/01/2000,01:29:21.99,18.42,-60.51,-992.35,122.50,-586.25,-183.75,1,94.290,
01/01/2000,01:29:22.01,18.54,-60.76,-992.10,201.25,-717.50,-358.75,1,94.290,
01/01/2000,01:29:22.02,19.03,-61.49,-992.71,61.25,-813.75,-332.50,1,94.291,
01/01/2000,01:29:22.03,19.15,-61.98,-993.32,253.75,-673.75,-533.75,1,94.292,
01/01/2000,01:29:22.04,19.28,-61.73,-993.93,157.50,-717.50,-472.50,1,94.293,
01/01/2000,01:29:22.05,19.40,-61.61,-993.93,183.75,-621.25,-376.25,1,94.294,
01/01/2000,01:29:22.06,18.79,-60.76,-992.23,87.50,-700.0,-280.0,1,94.294,
01/01/2000,01:29:22.07,18.18,-60.63,-990.88,245.0,-840.0,-253.75,1,94.282,
01/01/2000,01:29:22.08,18.18,-61.0,-990.03,35.0,-665.0,-297.50,1,94.283,
01/01/2000,01:29:22.09,18.67,-61.61,-990.40,227.50,-630.0,-411.25,1,94.284,
01/01/2000,01:29:22.10,19.03,-61.85,-991.01,166.25,-700.0,-446.25,1,94.285,
01/01/2000,01:29:22.11,19.40,-61.73,-991.62,148.75,-612.50,-393.75,1,94.285,
01/01/2000,01:29:22.12,19.52,-61.0,-992.10,157.50,-778.75,-358.75,1,94.286,
01/01/2000,01:29:22.13,19.03,-60.51,-992.23,175.0,-717.50,-288.75,1,94.287,
01/01/2000,01:29:22.15,18.79,-60.39,-992.35,52.50,-717.50,-245.0,1,94.288,
01/01/2000,01:29:22.16,18.54,-60.76,-992.47,280.0,-778.75,-306.25,1,94.288,
01/01/2000,01:29:22.17,18.18,-61.24,-992.47,61.25,-621.25,-385.0,1,94.289,
01/01/2000,01:29:22.18,18.42,-61.49,-991.98,166.25,-638.75,-446.25,1,94.290,
01/01/2000,01:29:22.19,18.42,-61.24,-991.74,96.25,-726.25,-437.50,1,94.291,
01/01/2000,01:29:22.20,18.54,-61.0,-991.86,52.50,-630.0,-323.75,1,94.292,
01/01/2000,01:29:22.21,18.79,-60.88,-992.10,166.25,-595.0,-367.50,1,94.292,
01/01/2000,01:29:22.22,19.15,-61.0,-992.84,105.0,-726.25,-341.25,1,94.293,
01/01/2000,01:29:22.23,19.52,-61.24,-993.45,201.25,-805.0,-341.25,1,94.281,
01/01/2000,01:29:22.25,19.64,-61.37,-994.06,201.25,-708.75,-358.75,1,94.282,
01/01/2000,01:29:22.26,19.64,-61.24,-994.06,262.50,-673.75,-446.25,1,94.283,
01/01/2000,01:29:22.27,19.52,-61.0,-993.57,78.75,-682.50,-280.0,1,94.283,
01/01/2000,01:29:22.28,19.40,-60.88,-992.47,210.0,-612.50,-332.50,1,94.284,
01/01/2000,01:29:22.29,18.54,-60.76,-990.64,78.75,-621.25,-288.75,1,94.285,
01/01/2000,01:29:22.30,18.30,-61.0,-990.03,87.50,-700.0,-341.25,1,94.286,
01/01/2000,01:29:22.31,17.93,-61.49,-989.91,105.0,-700.0,-481.25,1,94.287,
01/01/2000,01:29:22.32,18.06,-61.37,-991.01,105.0,-717.50,-420.0,1,94.287,
01/01/2000,01:29:22.33,18.79,-61.12,-991.98,192.50,-700.0,-437.50,1,94.288,
01/01/2000,01:29:22.34,19.28,-60.88,-992.59,218.75,-586.25,-551.25,1,94.289,
01/01/2000,01:29:22.35,19.64,-60.76,-993.08,183.75,-761.25,-306.25,1,94.290,
01/01/2000,01:29:22.36,20.01,-61.0,-993.20,122.50,-752.50,-218.75,1,94.290,
01/01/2000,01:29:22.37,19.89,-61.24,-992.59,140.0,-717.50,-271.25,1,94.291,
01/01/2000,01:29:22.38,19.64,-61.37,-991.86,61.25,-691.25,-332.50,1,94.292,
01/01/2000,01:29:22.39,19.03,-61.61,-991.25,201.25,-743.75,-385.0,1,94.293,
01/01/2000,01:29:22.40,18.91,-61.24,-991.37,26.25,-560.0,-315.0,1,94.294,
01/01/2000,01:29:22.41,18.79,-61.0,-991.74,105.0,-770.0,-428.75,1,94.294,
01/01/2000,01:29:22.42,18.79,-60.76,-992.47,192.50,-621.25,-227.50,1,94.295,
01/01/2000,01:29:22.43,19.40,-60.76,-993.45,26.25,-647.50,-201.25,1,94.283,
01/01/2000,01:29:22.44,19.64,-61.0,-993.81,236.25,-691.25,-358.75,1,94.284,
01/01/2000,01:29:22.45,20.01,-61.12,-994.06,140.0,-665.0,-437.50,1,94.285,
01/01/2000,01:29:22.46,20.37,-61.24,-993.69,78.75,-647.50,-428.75,1,94.285,
01/01/2000,01:29:22.47,20.37,-61.0,-992.84,43.75,-743.75,-323.75,1,94.286,
01/01/2000,01:29:22.48,19.89,-61.0,-992.10,96.25,-665.0,-262.50,1,94.287,
01/01/2000,01:29:22.49,19.40,-60.76,-991.37,183.75,-735.0,-218.75,1,94.288,
01/01/2000,01:29:22.51,18.18,-60.76,-990.40,157.50,-726.25,-288.75,1,94.288,
01/01/2000,01:29:22.52,17.57,-60.63,-989.91,140.0,-770.0,-358.75,1,94.289,
01/01/2000,01:29:22.53,17.57,-60.88,-990.40,183.75,-665.0,-402.50,1,94.290,
01/01/2000,01:29:22.54,17.81,-61.0,-991.37,201.25,-735.0,-472.50,1,94.291,
01/01/2000,01:29:22.55,18.54,-61.12,-992.59,26.25,-638.75,-463.75,1,94.292,
01/01/2000,01:29:22.56,19.40,-60.88,-993.57,192.50,-612.50,-376.25,1,94.292,
01/01/2000,01:29:22.57,20.01,-60.76,-993.45,140.0,-735.0,-332.50,1,94.293,
01/01/2000,01:29:22.58,19.76,-60.76,-992.23,43.75,-761.25,-183.75,1,94.294,
01/01/2000,01:29:22.59,19.52,-61.0,-991.13,166.25,-796.25,-262.50,1,94.295,
01/01/2000,01:29:22.60,19.15,-61.24,-990.88,315.0,-726.25,-332.50,1,94.296,
01/01/2000,01:29:22.61,19.15,-61.37,-991.13,236.25,-717.50,-411.25,1,94.296,
01/01/2000,01:29:22.62,19.28,-61.24,-992.35,87.50,-700.0,-420.0,1,94.297,
01/01/2000,01:29:22.63,19.28,-61.12,-993.20,201.25,-542.50,-411.25,1,94.298,
01/01/2000,01:29:22.65,19.15,-60.63,-993.20,78.75,-638.75,-253.75,1,94.286,
01/01/2000,01:29:22.66,19.03,-60.76,-992.59,78.75,-638.75,-245.0,1,94.287,
01/01/2000,01:29:22.67,19.03,-61.0,-992.35,131.25,-735.0,-297.50,1,94.287,
01/01/2000,01:29:22.68,19.03,-61.37,-992.35,140.0,-735.0,-481.25,1,94.288,
01/01/2000,01:29:22.69,19.28,-61.61,-993.08,140.0,-665.0,-402.50,1,94.289,
01/01/2000,01:29:22.70,19.52,-61.49,-993.20,148.75,-673.75,-481.25,1,94.290,
01/01/2000,01:29:22.71,19.28,-60.88,-992.59,-35.0,-665.0,-253.75,1,94.290,
01/01/2000,01:29:22.72,18.30,-60.63,-990.76,192.50,-761.25,-236.25,1,94.291,
01/01/2000,01:29:22.73,17.57,-60.76,-989.79,96.25,-691.25,-253.75,1,94.292,
01/01/2000,01:29:22.75,17.69,-61.37,-990.52,78.75,-630.0,-463.75,1,94.280,
01/01/2000,01:29:22.76,18.06,-61.49,-992.10,96.25,-551.25,-481.25,1,94.281,
01/01/2000,01:29:22.77,18.67,-61.37,-992.84,140.0,-630.0,-481.25,1,94.281,
01/01/2000,01:29:22.78,19.03,-60.63,-992.96,218.75,-560.0,-218.75,1,94.282,
01/01/2000,01:29:22.79,19.28,-60.76,-991.98,271.25,-638.75,-253.75,1,94.283,
01/01/2000,01:29:22.80,19.03,-60.88,-991.13,183.75,-682.50,-227.50,1,94.284,
01/01/2000,01:29:22.81,18.79,-61.24,-990.64,166.25,-726.25,-341.25,1,94.285,
01/01/2000,01:29:22.82,18.79,-61.49,-991.13,43.75,-831.25,-402.50,1,94.285,
01/01/2000,01:29:22.83,19.03,-61.73,-992.10,96.25,-630.0,-586.25,1,94.286,
01/01/2000,01:29:22.84,19.40,-61.24,-993.32,122.50,-682.50,-455.0,1,94.287,
01/01/2000,01:29:22.85,19.52,-60.76,-993.20,35.0,-665.0,-245.0,1,94.288,
01/01/2000,01:29:22.86,19.28,-60.76,-992.59,262.50,-665.0,-297.50,1,94.288,
01/01/2000,01:29:22.87,19.28,-60.63,-991.86,166.25,-717.50,-218.75,1,94.289,
01/01/2000,01:29:22.88,19.28,-61.24,-991.86,-26.25,-682.50,-323.75,1,94.290,
01/01/2000,01:29:22.89,19.28,-61.73,-992.47,236.25,-700.0,-560.0,1,94.291,
01/01/2000,01:29:22.90,19.52,-61.73,-993.32,131.25,-726.25,-533.75,1,94.292,
01/01/2000,01:29:22.91,19.76,-61.37,-993.57,157.50,-665.0,-367.50,1,94.292,
01/01/2000,01:29:22.92,19.64,-60.63,-992.71,140.0,-542.50,-358.75,1,94.293,
01/01/2000,01:29:22.93,18.79,-60.51,-991.13,131.25,-796.25,-236.25,1,94.281,
01/01/2000,01:29:22.94,18.42,-60.88,-990.52,61.25,-717.50,-350.0,1,94.282,
01/01/2000,01:29:22.95,18.18,-61.49,-990.52,236.25,-647.50,-411.25,1,94.283,
01/01/2000,01:29:22.96,18.30,-61.37,-991.13,236.25,-700.0,-455.0,1,94.283,
01/01/2000,01:29:22.97,18.54,-61.12,-991.62,280.0,-673.75,-367.50,1,94.284,
01/01/2000,01:29:22.98,18.42,-60.39,-991.86,43.75,-621.25,-341.25,1,94.285,
01/01/2000,01:29:23.00,18.54,-60.27,-991.74,210.0,-778.75,-201.25,1,94.286,
01/01/2000,01:29:23.01,18.79,-60.51,-991.86,192.50,-665.0,-227.50,1,94.286,
01/01/2000,01:29:23.02,19.03,-61.12,-992.35,70.0,-595.0,-306.25,1,94.287,
01/01/2000,01:29:23.03,19.15,-61.49,-992.47,218.75,-673.75,-516.25,1,94.288,
01/01/2000,01:29:23.04,19.28,-61.24,-992.23,175.0,-691.25,-542.50,1,94.289,
01/01/2000,01:29:23.05,19.28,-60.76,-991.98,183.75,-630.0,-385.0,1,94.290,
01/01/2000,01:29:23.06,18.91,-60.39,-991.74,-17.50,-700.0,-201.25,1,94.290,
01/01/2000,01:29:23.07,18.79,-60.51,-991.86,166.25,-647.50,-315.0,1,94.278,
01/01/2000,01:29:23.08,18.79,-61.0,-992.35,148.75,-621.25,-271.25,1,94.279,
01/01/2000,01:29:23.09,18.79,-61.12,-992.59,227.50,-691.25,-393.75,1,94.280,
01/01/2000,01:29:23.10,19.28,-61.0,-993.57,61.25,-656.25,-428.75,1,94.281,
01/01/2000,01:29:23.11,20.01,-61.0,-994.18,245.0,-778.75,-385.0,1,94.281,
01/01/2000,01:29:23.12,20.37,-60.63,-994.18,78.75,-630.0,-218.75,1,94.282,
01/01/2000,01:29:23.13,20.13,-60.51,-993.32,70.0,-743.75,-297.50,1,94.283,
01/01/2000,01:29:23.15,19.40,-60.76,-991.37,122.50,-700.0,-218.75,1,94.284,
01/01/2000,01:29:23.16,18.54,-61.12,-990.15,192.50,-743.75,-455.0,1,94.285,
01/01/2000,01:29:23.17,17.81,-61.37,-990.03,96.25,-831.25,-507.50,1,94.285,
01/01/2000,01:29:23.18,17.69,-61.37,-990.52,306.25,-717.50,-472.50,1,94.286,
01/01/2000,01:29:23.19,17.81,-61.0,-991.37,157.50,-665.0,-446.25,1,94.287,
01/01/2000,01:29:23.20,18.30,-60.76,-992.35,113.75,-673.75,-420.0,1,94.288,
01/01/2000,01:29:23.21,19.52,-60.51,-993.08,78.75,-542.50,-140.0,1,94.288,
01/01/2000,01:29:23.22,20.01,-61.24,-992.47,157.50,-787.50,-227.50,1,94.289,
01/01/2000,01:29:23.23,20.01,-61.49,-991.86,245.0,-700.0,-306.25,1,94.290,
01/01/2000,01:29:23.24,19.64,-61.49,-991.62,122.50,-656.25,-402.50,1,94.291,
01/01/2000,01:29:23.25,19.03,-61.24,-991.86,192.50,-752.50,-385.0,1,94.279,
01/01/2000,01:29:23.27,18.67,-60.76,-992.71,166.25,-708.75,-323.75,1,94.279,
01/01/2000,01:29:23.28,18.79,-60.76,-993.32,96.25,-673.75,-376.25,1,94.280,
01/01/2000,01:29:23.29,19.03,-60.76,-993.57,113.75,-665.0,-376.25,1,94.281,
01/01/2000,01:29:23.30,19.40,-61.0,-993.20,131.25,-726.25,-262.50,1,94.282,
01/01/2000,01:29:23.31,19.76,-61.37,-993.08,183.75,-647.50,-498.75,1,94.283,
01/01/2000,01:29:23.32,20.13,-61.12,-993.32,183.75,-691.25,-420.0,1,94.283,
01/01/2000,01:29:23.33,20.01,-61.12,-993.32,245.0,-647.50,-367.50,1,94.284,
01/01/2000,01:29:23.34,19.89,-60.51,-993.08,201.25,-708.75,-306.25,1,94.285,
01/01/2000,01:29:23.35,19.15,-60.39,-992.23,17.50,-621.25,-253.75,1,94.286,
01/01/2000,01:29:23.36,18.30,-60.76,-991.25,201.25,-665.0,-192.50,1,94.286,
01/01/2000,01:29:23.37,17.57,-61.0,-990.40,157.50,-647.50,-420.0,1,94.287,
01/01/2000,01:29:23.38,17.32,-61.24,-989.79,157.50,-691.25,-262.50,1,94.288,
01/01/2000,01:29:23.39,17.57,-61.24,-990.15,253.75,-787.50,-516.25,1,94.289,
01/01/2000,01:29:23.40,18.06,-61.24,-991.01,175.0,-700.0,-533.75,1,94.290,
01/01/2000,01:29:23.41,19.03,-61.12,-991.98,245.0,-726.25,-367.50,1,94.290,
01/01/2000,01:29:23.42,19.52,-60.76,-992.35,218.75,-665.0,-192.50,1,94.291,
01/01/2000,01:29:23.43,19.76,-61.24,-991.74,280.0,-577.50,-236.25,1,94.292,
01/01/2000,01:29:23.44,19.28,-61.37,-991.37,26.25,-673.75,-253.75,1,94.293,
01/01/2000,01:29:23.45,19.03,-61.73,-991.13,245.0,-752.50,-367.50,1,94.294,
01/01/2000,01:29:23.46,18.91,-61.24,-991.74,148.75,-612.50,-472.50,1,94.294,
01/01/2000,01:29:23.47,19.03,-60.63,-992.47,131.25,-726.25,-306.25,1,94.295,
01/01/2000,01:29:23.48,19.15,-60.27,-993.08,227.50,-708.75,-288.75,1,94.296,
01/01/2000,01:29:23.49,19.28,-60.51,-993.20,140.0,-717.50,-236.25,1,94.284,
01/01/2000,01:29:23.50,19.28,-60.88,-992.71,201.25,-612.50,-271.25,1,94.285,
01/01/2000,01:29:23.52,19.28,-61.73,-991.86,166.25,-743.75,-463.75,1,94.285,
01/01/2000,01:29:23.52,19.28,-61.85,-991.86,157.50,-612.50,-428.75,1,94.286,
01/01/2000,01:29:23.54,19.64,-61.49,-992.35,218.75,-735.0,-455.0,1,94.287,
01/01/2000,01:29:23.55,20.01,-60.88,-992.84,166.25,-691.25,-385.0,1,94.288,
01/01/2000,01:29:23.56,19.52,-60.15,-992.59,157.50,-735.0,-288.75,1,94.288,
01/01/2000,01:29:23.57,19.03,-60.27,-991.86,131.25,-787.50,-113.75,1,94.289,
01/01/2000,01:29:23.58,18.30,-61.0,-991.01,148.75,-770.0,-463.75,1,94.290,
01/01/2000,01:29:23.59,18.67,-61.24,-991.13,148.75,-735.0,-420.0,1,94.291,
01/01/2000,01:29:23.60,18.67,-61.24,-991.49,78.75,-691.25,-341.25,1,94.292,
01/01/2000,01:29:23.61,18.91,-61.0,-992.10,131.25,-691.25,-315.0,1,94.292,
01/01/2000,01:29:23.62,19.28,-60.51,-992.59,131.25,-700.0,-297.50,1,94.293,
01/01/2000,01:29:23.63,19.28,-60.76,-992.59,236.25,-638.75,-201.25,1,94.281,
01/01/2000,01:29:23.64,19.03,-61.0,-992.10,131.25,-735.0,-183.75,1,94.282,
01/01/2000,01:29:23.65,18.79,-61.37,-991.86,192.50,-665.0,-367.50,1,94.283,
01/01/2000,01:29:23.66,18.79,-61.37,-992.23,140.0,-743.75,-446.25,1,94.283,
01/01/2000,01:29:23.67,19.03,-61.37,-992.47,236.25,-682.50,-411.25,1,94.284,
01/01/2000,01:29:23.68,19.28,-60.76,-992.84,166.25,-700.0,-385.0,1,94.285,
01/01/2000,01:29:23.69,19.28,-60.63,-992.84,43.75,-700.0,-288.75,1,94.286,
01/01/2000,01:29:23.71,19.28,-61.0,-992.23,218.75,-673.75,-367.50,1,94.286,
01/01/2000,01:29:23.72,19.40,-61.12,-992.10,131.25,-647.50,-402.50,1,94.287,
01/01/2000,01:29:23.73,19.15,-61.24,-992.10,-26.25,-857.50,-367.50,1,94.288,
01/01/2000,01:29:23.74,19.28,-61.0,-992.71,105.0,-743.75,-533.75,1,94.289,
01/01/2000,01:29:23.75,19.28,-60.76,-993.08,201.25,-743.75,-332.50,1,94.290,
01/01/2000,01:29:23.76,19.28,-60.27,-992.59,227.50,-568.75,-288.75,1,94.290,
01/01/2000,01:29:23.77,18.79,-60.51,-991.49,96.25,-568.75,-297.50,1,94.278,
01/01/2000,01:29:23.78,18.42,-61.0,-990.88,131.25,-831.25,-376.25,1,94.279,
01/01/2000,01:29:23.79,18.18,-61.24,-990.88,157.50,-743.75,-350.0,1,94.280,
01/01/2000,01:29:23.80,18.18,-61.24,-991.13,201.25,-726.25,-358.75,1,94.281,
01/01/2000,01:29:23.81,18.42,-60.63,-991.86,262.50,-577.50,-393.75,1,94.281,
01/01/2000,01:29:23.82,18.54,-60.51,-991.98,227.50,-656.25,-315.0,1,94.282,
01/01/2000,01:29:23.83,18.67,-60.39,-992.10,140.0,-752.50,-210.0,1,94.283,
01/01/2000,01:29:23.85,18.67,-60.76,-992.35,78.75,-752.50,-393.75,1,94.284,
01/01/2000,01:29:23.86,19.40,-61.12,-992.59,61.25,-665.0,-411.25,1,94.285,
01/01/2000,01:29:23.87,19.76,-61.24,-992.84,183.75,-857.50,-411.25,1,94.285,
01/01/2000,01:29:23.88,19.64,-60.76,-993.08,52.50,-638.75,-358.75,1,94.286,
01/01/2000,01:29:23.89,19.76,-60.39,-992.84,157.50,-673.75,-166.25,1,94.287,
01/01/2000,01:29:23.90,19.28,-60.39,-992.59,26.25,-665.0,-262.50,1,94.288,
01/01/2000,01:29:23.91,19.03,-61.0,-992.35,201.25,-726.25,-236.25,1,94.288,
01/01/2000,01:29:23.92,18.79,-61.37,-992.23,236.25,-743.75,-463.75,1,94.289,
01/01/2000,01:29:23.93,19.15,-61.24,-992.47,210.0,-700.0,-402.50,1,94.290,
01/01/2000,01:29:23.94,19.64,-60.76,-993.20,192.50,-761.25,-367.50,1,94.291,
01/01/2000,01:29:23.95,20.37,-60.39,-994.42,140.0,-673.75,-306.25,1,94.292,
01/01/2000,01:29:23.96,20.86,-60.27,-994.18,297.50,-603.75,-306.25,1,94.292,
01/01/2000,01:29:23.97,20.37,-60.63,-993.08,236.25,-673.75,-201.25,1,94.293,
01/01/2000,01:29:23.98,19.15,-61.0,-991.13,-52.50,-735.0,-376.25,1,94.281,
01/01/2000,01:29:23.99,18.54,-61.24,-990.15,157.50,-700.0,-323.75,1,94.282,
01/01/2000,01:29:24.00,18.06,-61.12,-989.91,157.50,-708.75,-385.0,1,94.283,
01/01/2000,01:29:24.01,17.69,-60.88,-990.64,192.50,-656.25,-288.75,1,94.283,
01/01/2000,01:29:24.02,18.06,-60.51,-991.37,201.25,-665.0,-227.50,1,94.284,
01/01/2000,01:29:24.03,18.54,-61.0,-991.98,367.50,-700.0,-542.50,1,94.285,
01/01/2000,01:29:24.04,19.03,-61.0,-992.47,166.25,-586.25,-437.50,1,94.286,
01/01/2000,01:29:24.06,20.01,-61.12,-992.59,201.25,-726.25,-446.25,1,94.286,
01/01/2000,01:29:24.07,20.13,-61.0,-991.98,157.50,-665.0,-280.0,1,94.287,
01/01/2000,01:29:24.08,19.52,-60.76,-991.62,131.25,-735.0,-271.25,1,94.288,
01/01/2000,01:29:24.09,19.28,-60.76,-991.49,105.0,-691.25,-262.50,1,94.289,
01/01/2000,01:29:24.10,18.54,-60.88,-991.62,148.75,-700.0,-533.75,1,94.290,
01/01/2000,01:29:24.11,18.30,-61.12,-991.86,201.25,-752.50,-306.25,1,94.290,
01/01/2000,01:29:24.12,18.79,-61.24,-992.84,166.25,-735.0,-411.25,1,94.291,
01/01/2000,01:29:24.13,19.76,-61.24,-993.57,280.0,-682.50,-621.25,1,94.279,
01/01/2000,01:29:24.14,20.13,-61.0,-993.81,192.50,-673.75,-437.50,1,94.280,
01/01/2000,01:29:24.15,20.98,-60.76,-993.81,122.50,-752.50,-140.0,1,94.281,
01/01/2000,01:29:24.16,20.98,-60.88,-993.57,262.50,-700.0,-288.75,1,94.281,
01/01/2000,01:29:24.17,20.37,-60.88,-992.59,113.75,-665.0,-253.75,1,94.282,
01/01/2000,01:29:24.18,19.28,-61.24,-991.37,52.50,-638.75,-376.25,1,94.283,
01/01/2000,01:29:24.20,17.69,-61.12,-990.03,288.75,-691.25,-341.25,1,94.284,
01/01/2000,01:29:24.21,16.59,-60.88,-989.91,105.0,-708.75,-253.75,1,94.285,
01/01/2000,01:29:24.22,16.96,-60.63,-990.52,227.50,-708.75,-595.0,1,94.285,
01/01/2000,01:29:24.23,17.93,-60.76,-991.62,148.75,-638.75,-577.50,1,94.286,
01/01/2000,01:29:24.24,18.79,-61.0,-993.20,157.50,-656.25,-288.75,1,94.287,
01/01/2000,01:29:24.25,20.01,-60.76,-993.45,253.75,-630.0,-315.0,1,94.288,
01/01/2000,01:29:24.26,21.35,-60.51,-992.96,-8.75,-656.25,-148.75,1,94.288,
01/01/2000,01:29:24.27,19.76,-60.76,-991.62,61.25,-691.25,-227.50,1,94.276,
01/01/2000,01:29:24.29,19.64,-60.63,-991.13,52.50,-761.25,-385.0,1,94.277,
01/01/2000,01:29:24.30,18.67,-60.88,-991.62,105.0,-752.50,-516.25,1,94.278,
01/01/2000,01:29:24.31,17.81,-60.88,-992.35,122.50,-726.25,-472.50,1,94.279,
01/01/2000,01:29:24.32,18.54,-60.51,-992.59,157.50,-630.0,-402.50,1,94.280,
01/01/2000,01:29:24.33,19.28,-60.39,-992.59,350.0,-700.0,-148.75,1,94.280,
01/01/2000,01:29:24.34,18.79,-60.76,-992.59,148.75,-743.75,-148.75,1,94.281,
01/01/2000,01:29:24.35,19.76,-61.0,-992.59,201.25,-770.0,-358.75,1,94.282,
01/01/2000,01:29:24.36,20.98,-61.24,-992.71,175.0,-761.25,-315.0,1,94.283,
01/01/2000,01:29:24.37,20.25,-61.12,-992.10,227.50,-761.25,-148.75,1,94.283,
01/01/2000,01:29:24.38,18.91,-60.63,-991.25,-43.75,-743.75,-332.50,1,94.284,
01/01/2000,01:29:24.39,18.30,-60.39,-990.15,201.25,-656.25,-245.0,1,94.285,
01/01/2000,01:29:24.40,16.96,-60.51,-989.91,166.25,-743.75,-236.25,1,94.286,
01/01/2000,01:29:24.41,16.35,-60.88,-990.64,157.50,-603.75,-280.0,1,94.286,
01/01/2000,01:29:24.42,17.69,-61.0,-991.37,227.50,-595.0,-612.50,1,94.287,
01/01/2000,01:29:24.43,18.42,-61.12,-992.47,297.50,-621.25,-551.25,1,94.288,
01/01/2000,01:29:24.44,19.03,-60.63,-993.08,96.25,-726.25,-341.25,1,94.289,
01/01/2000,01:29:24.45,20.50,-60.39,-992.47,113.75,-700.0,35.0,1,94.290,
01/01/2000,01:29:24.46,20.25,-60.51,-991.49,8.75,-761.25,-8.75,1,94.290,
01/01/2000,01:29:24.47,18.67,-61.0,-990.88,271.25,-796.25,-157.50,1,94.291,
01/01/2000,01:29:24.48,19.15,-61.0,-991.62,271.25,-700.0,-595.0,1,94.279,
01/01/2000,01:29:24.49,19.52,-61.12,-992.59,271.25,-700.0,-446.25,1,94.280,
01/01/2000,01:29:24.50,18.79,-61.0,-992.84,175.0,-752.50,-341.25,1,94.281,
01/01/2000,01:29:24.51,19.40,-60.27,-992.71,78.75,-621.25,-210.0,1,94.281,
01/01/2000,01:29:24.52,20.13,-60.51,-992.23,96.25,-656.25,-280.0,1,94.282,
01/01/2000,01:29:24.53,19.52,-61.0,-992.47,166.25,-787.50,-516.25,1,94.283,
01/01/2000,01:29:24.54,19.64,-61.12,-993.20,0.0,-656.25,-525.0,1,94.284,
01/01/2000,01:29:24.56,21.11,-60.76,-993.69,175.0,-691.25,-411.25,1,94.285,
01/01/2000,01:29:24.57,20.13,-60.39,-992.84,131.25,-638.75,-210.0,1,94.285,
01/01/2000,01:29:24.58,18.91,-59.90,-991.86,157.50,-743.75,-271.25,1,94.286,
01/01/2000,01:29:24.59,19.03,-60.15,-991.13,61.25,-700.0,17.50,1,94.287,
01/01/2000,01:29:24.60,18.06,-60.76,-990.64,140.0,-577.50,-192.50,1,94.288,
01/01/2000,01:29:24.61,16.84,-61.0,-990.88,43.75,-813.75,-638.75,1,94.288,
01/01/2000,01:29:24.62,18.18,-60.76,-991.25,262.50,-638.75,-393.75,1,94.289,
01/01/2000,01:29:24.63,18.30,-60.63,-991.49,350.0,-735.0,-78.75,1,94.290,
01/01/2000,01:29:24.64,18.06,-60.51,-991.49,157.50,-673.75,-271.25,1,94.291,
01/01/2000,01:29:24.65,19.28,-60.76,-991.37,271.25,-717.50,-306.25,1,94.291,
01/01/2000,01:29:24.66,19.76,-61.0,-991.13,52.50,-708.75,-323.75,1,94.292,
01/01/2000,01:29:24.67,18.79,-61.37,-991.49,236.25,-787.50,-210.0,1,94.293,
01/01/2000,01:29:24.68,19.52,-61.0,-991.86,148.75,-726.25,-498.75,1,94.294,
01/01/2000,01:29:24.69,19.64,-60.51,-992.35,253.75,-805.0,-420.0,1,94.282,
01/01/2000,01:29:24.71,18.91,-60.27,-992.23,113.75,-560.0,-297.50,1,94.283,
01/01/2000,01:29:24.71,19.40,-60.15,-992.35,43.75,-647.50,-26.25,1,94.283,
01/01/2000,01:29:24.73,20.25,-60.51,-992.23,96.25,-612.50,-385.0,1,94.284,
01/01/2000,01:29:24.74,19.64,-61.24,-993.08,245.0,-708.75,-805.0,1,94.285,
01/01/2000,01:29:24.75,20.37,-60.88,-993.69,52.50,-682.50,-551.25,1,94.286,
01/01/2000,01:29:24.76,21.35,-60.76,-993.32,157.50,-717.50,-227.50,1,94.286,
01/01/2000,01:29:24.77,19.89,-60.51,-992.35,175.0,-735.0,-113.75,1,94.287,
01/01/2000,01:29:24.78,18.79,-60.76,-990.88,227.50,-612.50,-192.50,1,94.275,
01/01/2000,01:29:24.79,17.57,-61.12,-990.40,17.50,-787.50,-507.50,1,94.276,
01/01/2000,01:29:24.80,16.35,-61.24,-990.76,350.0,-831.25,-420.0,1,94.277,
01/01/2000,01:29:24.81,17.32,-60.76,-991.25,148.75,-665.0,-525.0,1,94.278,
01/01/2000,01:29:24.82,18.79,-60.51,-991.49,210.0,-595.0,-507.50,1,94.278,
01/01/2000,01:29:24.84,19.89,-60.39,-991.74,157.50,-638.75,-271.25,1,94.279,
01/01/2000,01:29:24.85,20.25,-60.76,-992.35,175.0,-673.75,78.75,1,94.280,
01/01/2000,01:29:24.86,20.74,-61.37,-992.59,87.50,-700.0,-253.75,1,94.281,
01/01/2000,01:29:24.87,20.74,-61.85,-992.96,253.75,-586.25,-717.50,1,94.282,
01/01/2000,01:29:24.88,20.37,-60.51,-993.93,122.50,-735.0,-420.0,1,94.282,
01/01/2000,01:29:24.89,21.11,-60.27,-994.30,-78.75,-691.25,-105.0,1,94.283,
01/01/2000,01:29:24.90,21.96,-60.63,-995.03,236.25,-708.75,-446.25,1,94.284,
01/01/2000,01:29:24.91,23.91,-61.37,-997.47,192.50,-665.0,-472.50,1,94.285,
01/01/2000,01:29:24.92,25.38,-61.73,-998.69,280.0,-656.25,-420.0,1,94.285,
01/01/2000,01:29:24.93,26.72,-61.24,-999.55,131.25,-787.50,-428.75,1,94.286,
01/01/2000,01:29:24.94,27.08,-60.63,-999.42,323.75,-673.75,-253.75,1,94.287,
01/01/2000,01:29:24.95,26.72,-60.15,-997.59,253.75,-708.75,-113.75,1,94.288,
01/01/2000,01:29:24.96,25.13,-60.51,-996.50,-61.25,-770.0,26.25,1,94.288,
01/01/2000,01:29:24.97,23.67,-61.12,-995.76,218.75,-595.0,-70.0,1,94.289,
01/01/2000,01:29:24.98,22.20,-61.37,-995.76,271.25,-577.50,-630.0,1,94.290,
01/01/2000,01:29:24.99,22.08,-61.0,-996.01,192.50,-647.50,-735.0,1,94.291,
01/01/2000,01:29:25.00,22.69,-60.51,-996.86,105.0,-831.25,-472.50,1,94.291,
01/01/2000,01:29:25.01,25.13,-60.39,-998.81,227.50,-761.25,-288.75,1,94.292,
01/01/2000,01:29:25.02,27.33,-61.0,-1000.28,183.75,-761.25,-411.25,1,94.293,
01/01/2000,01:29:25.03,29.28,-61.24,-1001.38,175.0,-691.25,-402.50,1,94.294,
01/01/2000,01:29:25.05,30.50,-61.49,-1001.50,131.25,-673.75,-428.75,1,94.282,
01/01/2000,01:29:25.06,29.77,-61.12,-1000.77,192.50,-621.25,-166.25,1,94.283,
01/01/2000,01:29:25.07,28.30,-60.76,-999.67,113.75,-787.50,-8.75,1,94.283,
01/01/2000,01:29:25.08,24.89,-60.88,-997.72,148.75,-621.25,-105.0,1,94.284,
01/01/2000,01:29:25.09,23.18,-60.76,-996.50,140.0,-726.25,-498.75,1,94.285,
01/01/2000,01:29:25.10,22.33,-60.88,-995.64,87.50,-673.75,-490.0,1,94.286,
01/01/2000,01:29:25.11,22.45,-60.88,-995.52,183.75,-717.50,-761.25,1,94.286,
01/01/2000,01:29:25.12,24.64,-60.88,-996.74,201.25,-647.50,-367.50,1,94.287,
01/01/2000,01:29:25.13,26.84,-61.12,-998.81,140.0,-691.25,-341.25,1,94.288,
01/01/2000,01:29:25.14,26.60,-61.24,-998.45,122.50,-700.0,-166.25,1,94.289,
01/01/2000,01:29:25.15,25.01,-60.63,-996.74,8.75,-708.75,26.25,1,94.290,
01/01/2000,01:29:25.16,22.69,-60.51,-994.79,227.50,-770.0,-183.75,1,94.290,
01/01/2000,01:29:25.17,20.62,-60.63,-993.69,122.50,-673.75,-647.50,1,94.291,
01/01/2000,01:29:25.18,19.64,-61.0,-994.06,288.75,-568.75,-761.25,1,94.279,
01/01/2000,01:29:25.19,20.50,-60.76,-994.30,218.75,-665.0,-490.0,1,94.280,
01/01/2000,01:29:25.20,21.47,-60.27,-994.30,87.50,-691.25,-122.50,1,94.281,
01/01/2000,01:29:25.21,22.08,-60.63,-994.06,192.50,-883.75,-297.50,1,94.282,
01/01/2000,01:29:25.22,22.20,-61.0,-994.06,245.0,-700.0,-175.0,1,94.282,
01/01/2000,01:29:25.23,21.11,-61.49,-993.81,131.25,-717.50,-210.0,1,94.283,
01/01/2000,01:29:25.24,20.13,-61.24,-993.57,96.25,-726.25,-490.0,1,94.284,
01/01/2000,01:29:25.26,19.28,-60.27,-993.08,201.25,-656.25,-472.50,1,94.285,
01/01/2000,01:29:25.27,19.52,-60.02,-993.08,210.0,-700.0,-306.25,1,94.285,
01/01/2000,01:29:25.28,19.89,-60.27,-992.96,26.25,-708.75,-175.0,1,94.286,
01/01/2000,01:29:25.29,20.50,-61.37,-992.96,140.0,-708.75,-455.0,1,94.287,
01/01/2000,01:29:25.30,20.37,-61.49,-992.71,157.50,-752.50,-428.75,1,94.275,
01/01/2000,01:29:25.31,20.01,-60.88,-992.59,140.0,-840.0,-393.75,1,94.276,
01/01/2000,01:29:25.32,19.52,-60.27,-992.59,148.75,-761.25,-122.50,1,94.277,
01/01/2000,01:29:25.33,19.15,-60.51,-992.59,245.0,-761.25,-358.75,1,94.277,
01/01/2000,01:29:25.34,19.03,-60.76,-992.59,166.25,-630.0,-350.0,1,94.278,
01/01/2000,01:29:25.35,19.64,-61.0,-992.47,175.0,-612.50,-411.25,1,94.279,
01/01/2000,01:29:25.36,20.01,-61.12,-992.35,358.75,-726.25,-481.25,1,94.280,
01/01/2000,01:29:25.37,20.01,-60.76,-992.10,157.50,-665.0,-455.0,1,94.280,
01/01/2000,01:29:25.38,19.76,-60.51,-992.23,105.0,-708.75,-280.0,1,94.281,
01/01/2000,01:29:25.40,19.28,-60.51,-992.35,245.0,-700.0,-192.50,1,94.282,
01/01/2000,01:29:25.41,19.03,-60.51,-992.35,78.75,-568.75,-376.25,1,94.283,
01/01/2000,01:29:25.42,19.03,-60.63,-992.10,236.25,-770.0,-332.50,1,94.283,
01/01/2000,01:29:25.43,19.28,-60.63,-992.10,157.50,-603.75,-341.25,1,94.284,
01/01/2000,01:29:25.44,19.52,-60.63,-992.10,78.75,-735.0,-385.0,1,94.285,
01/01/2000,01:29:25.45,19.76,-60.63,-992.23,96.25,-761.25,-323.75,1,94.286,
01/01/2000,01:29:25.46,19.52,-60.76,-992.35,183.75,-647.50,-245.0,1,94.286,
01/01/2000,01:29:25.47,19.28,-60.51,-991.98,78.75,-682.50,-157.50,1,94.287,
01/01/2000,01:29:25.48,18.91,-60.39,-991.86,113.75,-673.75,-332.50,1,94.288,
01/01/2000,01:29:25.49,18.91,-60.51,-991.98,140.0,-752.50,-315.0,1,94.289,
01/01/2000,01:29:25.50,19.15,-60.76,-992.84,157.50,-726.25,-288.75,1,94.290,
01/01/2000,01:29:25.51,18.79,-61.12,-995.28,201.25,-787.50,-148.75,1,94.290,
01/01/2000,01:29:25.52,17.45,-61.61,-996.50,210.0,-673.75,-201.25,1,94.291,
01/01/2000,01:29:25.53,16.84,-61.12,-996.98,367.50,-638.75,-595.0,1,94.292,
01/01/2000,01:29:25.54,16.96,-60.27,-997.72,236.25,-752.50,-411.25,1,94.280,
01/01/2000,01:29:25.55,18.06,-60.51,-997.96,183.75,-603.75,-280.0,1,94.281,
01/01/2000,01:29:25.56,19.89,-61.24,-998.94,166.25,-682.50,-516.25,1,94.282,
01/01/2000,01:29:25.57,22.45,-61.61,-999.91,271.25,-682.50,-516.25,1,94.282,
01/01/2000,01:29:25.58,23.18,-61.37,-999.42,288.75,-778.75,-385.0,1,94.283,
01/01/2000,01:29:25.59,23.42,-61.0,-999.30,131.25,-743.75,-271.25,1,94.284,
01/01/2000,01:29:25.61,22.69,-61.0,-1000.28,227.50,-761.25,-332.50,1,94.285,
01/01/2000,01:29:25.62,21.96,-61.37,-1001.62,227.50,-638.75,-306.25,1,94.285,
01/01/2000,01:29:25.63,20.50,-61.61,-1003.33,306.25,-595.0,-420.0,1,94.286,
01/01/2000,01:29:25.64,19.64,-61.37,-1003.94,131.25,-726.25,-262.50,1,94.287,
01/01/2000,01:29:25.65,18.79,-61.24,-1004.06,175.0,-708.75,-455.0,1,94.288,
01/01/2000,01:29:25.66,18.54,-61.24,-1003.57,271.25,-673.75,-315.0,1,94.288,
01/01/2000,01:29:25.67,18.18,-61.37,-1002.84,70.0,-533.75,-376.25,1,94.289,
01/01/2000,01:29:25.68,18.30,-61.49,-1000.89,297.50,-656.25,-341.25,1,94.277,
01/01/2000,01:29:25.69,18.18,-61.49,-999.06,166.25,-761.25,-498.75,1,94.278,
01/01/2000,01:29:25.70,18.67,-61.49,-998.45,105.0,-638.75,-472.50,1,94.279,
01/01/2000,01:29:25.71,19.76,-61.49,-998.45,245.0,-717.50,-420.0,1,94.280,
01/01/2000,01:29:25.72,20.86,-61.24,-999.42,157.50,-717.50,-560.0,1,94.280,
01/01/2000,01:29:25.73,22.20,-61.24,-1001.13,262.50,-673.75,-428.75,1,94.281,
01/01/2000,01:29:25.74,22.33,-61.24,-1001.38,236.25,-735.0,-192.50,1,94.282,
01/01/2000,01:29:25.76,20.86,-61.24,-1000.16,262.50,-770.0,-175.0,1,94.283,
01/01/2000,01:29:25.77,19.40,-61.0,-998.94,122.50,-542.50,-297.50,1,94.283,
01/01/2000,01:29:25.78,18.18,-61.0,-997.35,183.75,-612.50,-332.50,1,94.284,
01/01/2000,01:29:25.79,17.32,-61.0,-995.76,35.0,-682.50,-490.0,1,94.285,
01/01/2000,01:29:25.80,17.08,-60.76,-994.42,218.75,-691.25,-315.0,1,94.286,
01/01/2000,01:29:25.81,17.32,-60.88,-993.93,148.75,-612.50,-420.0,1,94.286,
01/01/2000,01:29:25.82,17.81,-60.63,-993.81,166.25,-656.25,-385.0,1,94.275,
01/01/2000,01:29:25.83,18.79,-60.88,-993.45,140.0,-586.25,-525.0,1,94.276,
01/01/2000,01:29:25.84,19.03,-60.76,-992.96,105.0,-770.0,-271.25,1,94.276,
01/01/2000,01:29:25.85,18.91,-60.51,-992.59,166.25,-813.75,-280.0,1,94.277,
01/01/2000,01:29:25.86,19.03,-60.88,-992.71,140.0,-726.25,-402.50,1,94.278,
01/01/2000,01:29:25.87,19.64,-61.24,-993.81,271.25,-708.75,-472.50,1,94.279,
01/01/2000,01:29:25.88,20.01,-61.0,-994.30,96.25,-621.25,-350.0,1,94.279,
01/01/2000,01:29:25.89,20.01,-60.88,-994.30,192.50,-700.0,-323.75,1,94.280,
01/01/2000,01:29:25.90,19.76,-60.63,-993.93,288.75,-638.75,-218.75,1,94.281,
01/01/2000,01:29:25.91,19.28,-60.76,-993.32,70.0,-682.50,-402.50,1,94.282,
01/01/2000,01:29:25.92,19.28,-61.12,-993.08,157.50,-647.50,-446.25,1,94.282,
01/01/2000,01:29:25.93,19.52,-61.24,-992.71,297.50,-691.25,-516.25,1,94.283,
01/01/2000,01:29:25.94,19.64,-61.12,-992.59,183.75,-778.75,-411.25,1,94.284,
01/01/2000,01:29:25.96,20.01,-60.76,-992.35,218.75,-778.75,-245.0,1,94.285,
01/01/2000,01:29:25.97,19.76,-60.88,-992.23,140.0,-673.75,-376.25,1,94.285,
01/01/2000,01:29:25.98,19.03,-61.0,-991.62,262.50,-700.0,-210.0,1,94.286,
01/01/2000,01:29:25.99,18.18,-61.24,-990.88,218.75,-700.0,-245.0,1,94.287,
01/01/2000,01:29:26.00,17.20,-61.0,-990.40,61.25,-726.25,-463.75,1,94.288,
01/01/2000,01:29:26.01,17.20,-60.88,-990.64,245.0,-787.50,-481.25,1,94.288,
01/01/2000,01:29:26.02,17.81,-61.12,-992.23,236.25,-682.50,-568.75,1,94.289,
01/01/2000,01:29:26.03,19.28,-61.0,-993.57,210.0,-647.50,-481.25,1,94.277,
01/01/2000,01:29:26.04,20.25,-61.0,-993.45,227.50,-630.0,-262.50,1,94.278,
01/01/2000,01:29:26.05,20.86,-61.0,-992.96,280.0,-621.25,-271.25,1,94.279,
01/01/2000,01:29:26.06,20.86,-61.24,-992.35,105.0,-656.25,-280.0,1,94.280,
01/01/2000,01:29:26.07,20.50,-61.49,-991.86,236.25,-743.75,-332.50,1,94.280,
01/01/2000,01:29:26.08,20.01,-61.37,-991.98,358.75,-770.0,-376.25,1,94.281,
01/01/2000,01:29:26.09,19.03,-61.0,-991.86,183.75,-603.75,-350.0,1,94.282,
01/01/2000,01:29:26.11,17.81,-60.63,-991.13,236.25,-787.50,-227.50,1,94.283,
01/01/2000,01:29:26.12,17.20,-60.51,-990.64,148.75,-656.25,-280.0,1,94.283,
01/01/2000,01:29:26.13,16.59,-60.88,-990.40,227.50,-761.25,-227.50,1,94.284,
01/01/2000,01:29:26.14,16.47,-61.24,-990.15,166.25,-691.25,-472.50,1,94.285,
01/01/2000,01:29:26.15,16.96,-61.0,-990.88,297.50,-761.25,-463.75,1,94.286,
01/01/2000,01:29:26.16,18.06,-60.76,-991.98,192.50,-726.25,-595.0,1,94.286,
01/01/2000,01:29:26.17,19.64,-60.63,-993.08,350.0,-743.75,-253.75,1,94.287,
01/01/2000,01:29:26.18,21.72,-60.63,-993.81,96.25,-621.25,-358.75,1,94.288,
01/01/2000,01:29:26.19,22.33,-61.24,-993.20,166.25,-848.75,-183.75,1,94.289,
01/01/2000,01:29:26.20,21.96,-61.24,-992.23,140.0,-647.50,-262.50,1,94.289,
01/01/2000,01:29:26.21,20.98,-61.49,-991.86,70.0,-717.50,-402.50,1,94.290,
01/01/2000,01:29:26.22,19.89,-61.0,-991.98,70.0,-656.25,-411.25,1,94.291,
01/01/2000,01:29:26.23,18.54,-61.0,-992.35,183.75,-700.0,-402.50,1,94.292,
01/01/2000,01:29:26.24,17.08,-60.51,-992.23,87.50,-656.25,-315.0,1,94.280,
01/01/2000,01:29:26.25,16.47,-60.39,-991.62,297.50,-717.50,-516.25,1,94.281,
01/01/2000,01:29:26.26,16.47,-60.76,-990.88,245.0,-630.0,-586.25,1,94.282,
01/01/2000,01:29:26.27,16.71,-61.24,-989.91,236.25,-638.75,-481.25,1,94.282,
01/01/2000,01:29:26.28,17.08,-61.24,-989.54,210.0,-822.50,-516.25,1,94.283,
01/01/2000,01:29:26.29,18.18,-61.12,-991.13,192.50,-673.75,-577.50,1,94.284,
01/01/2000,01:29:26.31,20.01,-61.0,-993.08,96.25,-647.50,-778.75,1,94.285,
01/01/2000,01:29:26.32,21.59,-60.88,-995.03,280.0,-603.75,-621.25,1,94.273,
01/01/2000,01:29:26.33,21.23,-61.24,-993.81,306.25,-673.75,-17.50,1,94.274,
01/01/2000,01:29:26.34,20.37,-61.49,-992.35,166.25,-638.75,-43.75,1,94.274,
01/01/2000,01:29:26.35,18.54,-61.98,-990.64,148.75,-761.25,-315.0,1,94.275,
01/01/2000,01:29:26.36,17.57,-61.73,-990.64,218.75,-691.25,-490.0,1,94.276,
01/01/2000,01:29:26.37,17.08,-61.24,-991.62,70.0,-682.50,-507.50,1,94.277,
01/01/2000,01:29:26.38,16.96,-61.12,-992.59,323.75,-752.50,-971.25,1,94.277,
01/01/2000,01:29:26.40,18.06,-61.0,-993.57,227.50,-638.75,-393.75,1,94.278,
01/01/2000,01:29:26.41,19.28,-61.12,-993.45,166.25,-682.50,131.25,1,94.279,
01/01/2000,01:29:26.42,20.13,-61.73,-992.23,245.0,-673.75,-148.75,1,94.280,
01/01/2000,01:29:26.43,20.50,-61.73,-990.64,332.50,-708.75,-533.75,1,94.280,
01/01/2000,01:29:26.44,20.98,-61.37,-990.03,157.50,-875.0,-533.75,1,94.281,
01/01/2000,01:29:26.45,21.11,-61.61,-991.37,210.0,-840.0,-770.0,1,94.282,
01/01/2000,01:29:26.46,21.23,-61.49,-993.45,105.0,-577.50,-385.0,1,94.283,
01/01/2000,01:29:26.47,21.11,-61.0,-995.28,96.25,-630.0,-455.0,1,94.283,
01/01/2000,01:29:26.48,20.25,-61.0,-994.54,315.0,-595.0,-280.0,1,94.284,
01/01/2000,01:29:26.49,19.52,-61.0,-992.96,43.75,-577.50,-122.50,1,94.285,
01/01/2000,01:29:26.50,19.15,-61.24,-991.37,17.50,-656.25,8.75,1,94.286,
01/01/2000,01:29:26.51,18.54,-61.73,-991.01,175.0,-735.0,-638.75,1,94.286,
01/01/2000,01:29:26.52,18.42,-61.73,-991.74,297.50,-682.50,-446.25,1,94.287,
01/01/2000,01:29:26.53,18.54,-61.0,-992.35,157.50,-708.75,-525.0,1,94.288,
01/01/2000,01:29:26.54,19.03,-60.51,-992.84,157.50,-525.0,-402.50,1,94.289,
01/01/2000,01:29:26.55,19.64,-60.63,-992.35,271.25,-735.0,-236.25,1,94.289,
01/01/2000,01:29:26.56,19.76,-61.0,-991.37,-26.25,-735.0,-297.50,1,94.290,
01/01/2000,01:29:26.57,19.40,-61.85,-990.27,350.0,-708.75,-358.75,1,94.291,
01/01/2000,01:29:26.58,18.79,-61.85,-989.42,140.0,-866.25,-332.50,1,94.292,
01/01/2000,01:29:26.59,18.30,-61.61,-989.91,122.50,-708.75,-393.75,1,94.292,
01/01/2000,01:29:26.60,18.42,-61.0,-992.47,288.75,-813.75,-350.0,1,94.281,
01/01/2000,01:29:26.61,19.15,-60.76,-993.81,166.25,-665.0,-166.25,1,94.282,
01/01/2000,01:29:26.62,19.64,-60.76,-994.30,175.0,-638.75,-201.25,1,94.282,
01/01/2000,01:29:26.63,19.76,-61.12,-994.06,262.50,-726.25,-315.0,1,94.283,
01/01/2000,01:29:26.64,20.25,-61.49,-993.57,43.75,-691.25,-446.25,1,94.284,
01/01/2000,01:29:26.65,19.89,-61.85,-993.08,87.50,-752.50,-533.75,1,94.285,
01/01/2000,01:29:26.67,19.28,-61.24,-992.35,218.75,-708.75,-463.75,1,94.285,
01/01/2000,01:29:26.68,18.67,-61.0,-991.74,350.0,-638.75,-358.75,1,94.286,
01/01/2000,01:29:26.69,18.18,-60.88,-991.49,43.75,-603.75,-315.0,1,94.287,
01/01/2000,01:29:26.70,18.06,-61.24,-991.37,183.75,-673.75,-411.25,1,94.288,
01/01/2000,01:29:26.71,18.30,-61.49,-991.13,183.75,-673.75,-586.25,1,94.288,
01/01/2000,01:29:26.72,19.03,-61.37,-990.64,96.25,-691.25,-498.75,1,94.289,
01/01/2000,01:29:26.73,19.40,-61.12,-990.27,201.25,-700.0,-280.0,1,94.290,
01/01/2000,01:29:26.74,19.28,-61.12,-990.88,323.75,-787.50,-315.0,1,94.291,
01/01/2000,01:29:26.75,19.28,-61.12,-991.74,210.0,-726.25,-332.50,1,94.291,
01/01/2000,01:29:26.76,19.15,-61.49,-992.59,236.25,-603.75,-376.25,1,94.292,
01/01/2000,01:29:26.77,19.03,-61.24,-993.32,218.75,-717.50,-472.50,1,94.293,
01/01/2000,01:29:26.78,19.03,-61.12,-993.32,140.0,-638.75,-385.0,1,94.294,
01/01/2000,01:29:26.79,19.28,-61.0,-992.96,140.0,-787.50,-350.0,1,94.294,
01/01/2000,01:29:26.80,19.28,-61.12,-992.71,210.0,-665.0,-376.25,1,94.295,
01/01/2000,01:29:26.81,19.64,-61.37,-992.35,148.75,-787.50,-455.0,1,94.283,
01/01/2000,01:29:26.83,19.76,-61.37,-992.23,157.50,-805.0,-455.0,1,94.284,
01/01/2000,01:29:26.84,19.28,-61.12,-991.62,218.75,-717.50,-393.75,1,94.285,
01/01/2000,01:29:26.85,19.15,-60.88,-991.62,70.0,-630.0,-350.0,1,94.286,
01/01/2000,01:29:26.86,18.79,-61.0,-991.62,218.75,-735.0,-113.75,1,94.286,
01/01/2000,01:29:26.87,18.54,-61.0,-991.37,78.75,-770.0,-323.75,1,94.287,
01/01/2000,01:29:26.88,18.06,-61.12,-990.52,245.0,-595.0,-376.25,1,94.288,
01/01/2000,01:29:26.89,18.30,-61.0,-990.64,192.50,-638.75,-455.0,1,94.289,
01/01/2000,01:29:26.90,18.79,-61.12,-991.37,157.50,-726.25,-437.50,1,94.289,
01/01/2000,01:29:26.91,19.76,-60.88,-992.96,43.75,-673.75,-516.25,1,94.278,
01/01/2000,01:29:26.92,20.37,-61.0,-993.81,323.75,-638.75,-385.0,1,94.291,
01/01/2000,01:29:26.93,20.74,-61.0,-994.06,183.75,-691.25,-306.25,1,94.279,
01/01/2000,01:29:26.94,20.74,-61.49,-993.93,253.75,-813.75,-245.0,1,94.280,
01/01/2000,01:29:26.95,20.25,-61.24,-993.32,70.0,-665.0,-315.0,1,94.281,
01/01/2000,01:29:26.96,20.01,-61.24,-992.84,140.0,-603.75,-306.25,1,94.282,
01/01/2000,01:29:26.97,19.76,-61.0,-992.23,70.0,-656.25,-280.0,1,94.282,
01/01/2000,01:29:26.98,19.28,-61.0,-991.62,262.50,-647.50,-393.75,1,94.283,
01/01/2000,01:29:26.99,19.03,-61.0,-991.37,140.0,-726.25,-420.0,1,94.284,
01/01/2000,01:29:27.00,19.40,-61.37,-991.86,253.75,-673.75,-428.75,1,94.285,
01/01/2000,01:29:27.01,19.76,-61.12,-992.23,87.50,-717.50,-525.0,1,94.285,
01/01/2000,01:29:27.03,19.52,-61.0,-991.49,192.50,-717.50,-201.25,1,94.286,
01/01/2000,01:29:27.04,19.28,-61.0,-991.01,96.25,-787.50,-332.50,1,94.287,
01/01/2000,01:29:27.05,19.03,-61.12,-991.86,166.25,-647.50,-385.0,1,94.288,
01/01/2000,01:29:27.06,18.91,-61.73,-993.08,148.75,-656.25,-455.0,1,94.288,
01/01/2000,01:29:27.07,19.15,-61.49,-993.81,236.25,-647.50,-367.50,1,94.289,
01/01/2000,01:29:27.08,19.03,-61.12,-993.93,183.75,-630.0,-253.75,1,94.290,
01/01/2000,01:29:27.09,19.52,-60.76,-992.96,131.25,-621.25,-183.75,1,94.291,
01/01/2000,01:29:27.10,19.89,-61.12,-992.59,192.50,-717.50,-175.0,1,94.291,
01/01/2000,01:29:27.11,20.25,-61.98,-992.96,227.50,-726.25,-332.50,1,94.292,
01/01/2000,01:29:27.12,20.25,-61.98,-993.32,271.25,-726.25,-603.75,1,94.293,
01/01/2000,01:29:27.13,20.13,-61.49,-993.32,140.0,-752.50,-367.50,1,94.294,
01/01/2000,01:29:27.14,19.64,-61.0,-992.71,70.0,-665.0,-341.25,1,94.282,
01/01/2000,01:29:27.15,19.03,-60.63,-991.62,78.75,-743.75,-262.50,1,94.295,
01/01/2000,01:29:27.17,18.42,-61.24,-990.40,227.50,-665.0,-402.50,1,94.283,
01/01/2000,01:29:27.18,17.81,-61.73,-989.79,192.50,-735.0,-428.75,1,94.284,
01/01/2000,01:29:27.19,17.57,-61.49,-989.54,218.75,-752.50,-428.75,1,94.285,
01/01/2000,01:29:27.20,17.69,-61.24,-990.27,245.0,-630.0,-446.25,1,94.286,
01/01/2000,01:29:27.21,18.30,-61.24,-991.86,262.50,-638.75,-341.25,1,94.286,
01/01/2000,01:29:27.22,19.64,-61.0,-994.18,210.0,-726.25,-455.0,1,94.287,
01/01/2000,01:29:27.23,20.62,-61.12,-994.30,201.25,-630.0,-262.50,1,94.288,
01/01/2000,01:29:27.24,21.11,-61.24,-993.20,201.25,-647.50,-271.25,1,94.289,
01/01/2000,01:29:27.25,20.98,-61.61,-992.47,157.50,-761.25,-227.50,1,94.289,
01/01/2000,01:29:27.26,20.50,-61.85,-992.10,262.50,-717.50,-376.25,1,94.290,
01/01/2000,01:29:27.27,19.76,-61.85,-992.10,192.50,-717.50,-201.25,1,94.291,
01/01/2000,01:29:27.28,18.42,-61.24,-991.98,332.50,-665.0,-306.25,1,94.292,
01/01/2000,01:29:27.29,17.69,-60.76,-991.62,280.0,-673.75,-201.25,1,94.292,
01/01/2000,01:29:27.30,17.69,-60.88,-990.76,201.25,-621.25,-253.75,1,94.281,
01/01/2000,01:29:27.31,18.06,-61.37,-989.91,271.25,-665.0,-332.50,1,94.282,
01/01/2000,01:29:27.32,18.54,-61.61,-989.05,148.75,-647.50,-542.50,1,94.282,
01/01/2000,01:29:27.33,19.28,-61.49,-988.81,297.50,-735.0,-446.25,1,94.283,
01/01/2000,01:29:27.35,20.25,-61.49,-990.52,78.75,-726.25,-358.75,1,94.284,
01/01/2000,01:29:27.36,20.50,-61.49,-993.45,306.25,-778.75,-288.75,1,94.272,
01/01/2000,01:29:27.37,20.50,-61.49,-994.79,96.25,-673.75,-306.25,1,94.273,
01/01/2000,01:29:27.38,20.13,-61.49,-995.15,96.25,-516.25,-341.25,1,94.274,
01/01/2000,01:29:27.39,19.52,-61.12,-994.06,131.25,-621.25,-183.75,1,94.275,
01/01/2000,01:29:27.40,19.03,-61.37,-992.35,96.25,-682.50,-315.0,1,94.275,
01/01/2000,01:29:27.41,18.54,-61.61,-991.13,166.25,-673.75,-262.50,1,94.276,
01/01/2000,01:29:27.42,18.30,-61.98,-990.76,175.0,-673.75,-323.75,1,94.277,
01/01/2000,01:29:27.43,18.18,-61.85,-991.37,166.25,-691.25,-533.75,1,94.278,
01/01/2000,01:29:27.44,18.54,-61.49,-992.47,201.25,-770.0,-437.50,1,94.278,
01/01/2000,01:29:27.46,18.91,-61.24,-993.32,245.0,-691.25,-227.50,1,94.279,
01/01/2000,01:29:27.47,19.03,-61.37,-992.96,122.50,-700.0,-297.50,1,94.280,
01/01/2000,01:29:27.48,19.03,-61.61,-991.62,253.75,-630.0,-236.25,1,94.281,
01/01/2000,01:29:27.49,18.30,-61.73,-989.66,166.25,-752.50,-385.0,1,94.281,
01/01/2000,01:29:27.50,17.57,-61.85,-988.44,192.50,-752.50,-402.50,1,94.282,
01/01/2000,01:29:27.51,17.32,-61.98,-989.42,201.25,-761.25,-376.25,1,94.283,
01/01/2000,01:29:27.52,17.69,-61.73,-993.08,192.50,-761.25,-402.50,1,94.284,
01/01/2000,01:29:27.53,19.15,-61.37,-995.03,253.75,-743.75,-437.50,1,94.284,
01/01/2000,01:29:27.54,20.13,-61.12,-995.76,192.50,-542.50,-498.75,1,94.285,
01/01/2000,01:29:27.55,20.98,-61.24,-994.91,43.75,-700.0,-96.25,1,94.286,
01/01/2000,01:29:27.56,20.98,-61.73,-993.32,105.0,-743.75,-78.75,1,94.286,
01/01/2000,01:29:27.57,20.25,-62.34,-991.01,210.0,-735.0,-323.75,1,94.287,
01/01/2000,01:29:27.58,19.28,-62.46,-990.40,35.0,-805.0,-507.50,1,94.288,
01/01/2000,01:29:27.59,17.81,-61.73,-991.37,140.0,-752.50,-376.25,1,94.276,
01/01/2000,01:29:27.60,17.32,-61.24,-992.47,122.50,-621.25,-367.50,1,94.277,
01/01/2000,01:29:27.61,17.45,-61.0,-993.08,122.50,-673.75,-280.0,1,94.278,
01/01/2000,01:29:27.62,17.93,-61.24,-993.08,175.0,-568.75,-236.25,1,94.279,
01/01/2000,01:29:27.63,19.15,-61.85,-992.10,227.50,-638.75,-323.75,1,94.279,
01/01/2000,01:29:27.64,19.40,-62.10,-989.91,148.75,-647.50,-455.0,1,94.280,
01/01/2000,01:29:27.65,19.03,-61.73,-988.57,26.25,-918.75,-428.75,1,94.281,
01/01/2000,01:29:27.67,18.54,-61.61,-989.66,166.25,-831.25,-166.25,1,94.282,
01/01/2000,01:29:27.68,18.79,-61.49,-992.10,70.0,-665.0,-420.0,1,94.282,
01/01/2000,01:29:27.69,19.15,-61.49,-995.28,201.25,-752.50,-350.0,1,94.283,
01/01/2000,01:29:27.70,19.76,-61.37,-995.64,245.0,-525.0,-463.75,1,94.284,
01/01/2000,01:29:27.71,20.13,-61.24,-994.67,175.0,-630.0,-253.75,1,94.285,
01/01/2000,01:29:27.72,20.50,-61.37,-992.84,166.25,-726.25,-183.75,1,94.285,
01/01/2000,01:29:27.73,20.37,-62.10,-990.88,332.50,-796.25,-428.75,1,94.286,
01/01/2000,01:29:27.74,20.01,-61.98,-990.88,61.25,-682.50,-463.75,1,94.287,
01/01/2000,01:29:27.75,19.28,-61.61,-991.74,218.75,-778.75,-367.50,1,94.288,
01/01/2000,01:29:27.76,18.79,-60.88,-992.59,166.25,-700.0,-367.50,1,94.276,
01/01/2000,01:29:27.77,18.54,-60.51,-992.96,70.0,-525.0,-210.0,1,94.289,
01/01/2000,01:29:27.78,18.67,-60.63,-992.59,87.50,-673.75,-236.25,1,94.278,
01/01/2000,01:29:27.79,18.79,-61.49,-990.76,183.75,-621.25,-358.75,1,94.291,
01/01/2000,01:29:27.81,18.54,-61.85,-988.32,140.0,-638.75,-376.25,1,94.279,
01/01/2000,01:29:27.82,18.30,-61.61,-988.20,262.50,-805.0,-428.75,1,94.280,
01/01/2000,01:29:27.83,18.06,-61.37,-989.30,262.50,-840.0,-411.25,1,94.281,
01/01/2000,01:29:27.84,18.30,-61.0,-991.62,105.0,-700.0,-455.0,1,94.281,
01/01/2000,01:29:27.85,19.28,-61.12,-994.67,288.75,-490.0,-385.0,1,94.282,
01/01/2000,01:29:27.86,20.37,-61.24,-994.91,183.75,-603.75,-210.0,1,94.283,
01/01/2000,01:29:27.87,20.74,-61.61,-994.06,148.75,-700.0,-332.50,1,94.284,
01/01/2000,01:29:27.88,20.98,-62.34,-992.84,140.0,-682.50,-358.75,1,94.272,
01/01/2000,01:29:27.89,20.62,-62.22,-992.35,87.50,-761.25,-385.0,1,94.273,
01/01/2000,01:29:27.90,19.89,-61.73,-992.35,253.75,-673.75,-411.25,1,94.274,
01/01/2000,01:29:27.91,19.15,-61.37,-992.35,183.75,-708.75,-262.50,1,94.274,
01/01/2000,01:29:27.92,18.54,-61.0,-992.35,35.0,-647.50,-297.50,1,94.275,
01/01/2000,01:29:27.93,18.06,-61.24,-991.74,166.25,-455.0,-306.25,1,94.276,
01/01/2000,01:29:27.94,18.06,-61.49,-991.13,227.50,-647.50,-420.0,1,94.277,
01/01/2000,01:29:27.95,18.54,-61.85,-990.40,245.0,-665.0,-516.25,1,94.277,
01/01/2000,01:29:27.96,18.79,-61.73,-989.66,87.50,-665.0,-463.75,1,94.278,
01/01/2000,01:29:27.97,18.67,-61.61,-989.42,245.0,-638.75,-490.0,1,94.279,
01/01/2000,01:29:27.98,18.91,-61.37,-990.15,131.25,-857.50,-306.25,1,94.279,
01/01/2000,01:29:27.99,19.03,-61.61,-991.62,157.50,-621.25,-262.50,1,94.280,
01/01/2000,01:29:28.00,19.40,-61.61,-993.08,113.75,-735.0,-288.75,1,94.281,
01/01/2000,01:29:28.02,20.01,-61.98,-994.30,385.0,-691.25,-385.0,1,94.282,
01/01/2000,01:29:28.03,20.01,-61.73,-994.30,140.0,-778.75,-516.25,1,94.282,
01/01/2000,01:29:28.04,20.13,-61.61,-993.69,140.0,-630.0,-393.75,1,94.283,
01/01/2000,01:29:28.05,20.01,-61.24,-992.47,201.25,-656.25,-288.75,1,94.284,
01/01/2000,01:29:28.06,19.76,-61.49,-991.98,210.0,-708.75,-271.25,1,94.285,
01/01/2000,01:29:28.07,19.28,-61.49,-991.62,140.0,-726.25,-323.75,1,94.285,
01/01/2000,01:29:28.08,18.79,-61.85,-991.37,280.0,-691.25,-428.75,1,94.286,
01/01/2000,01:29:28.10,18.79,-61.37,-991.62,122.50,-665.0,-297.50,1,94.275,
01/01/2000,01:29:28.11,18.91,-61.49,-991.86,201.25,-778.75,-376.25,1,94.275,
01/01/2000,01:29:28.12,19.03,-61.61,-991.86,271.25,-726.25,-393.75,1,94.276,
01/01/2000,01:29:28.13,19.15,-61.85,-991.01,78.75,-700.0,-315.0,1,94.277,
01/01/2000,01:29:28.14,19.03,-61.98,-990.27,192.50,-595.0,-280.0,1,94.278,
01/01/2000,01:29:28.15,19.03,-61.73,-990.40,148.75,-770.0,-315.0,1,94.278,
01/01/2000,01:29:28.16,19.03,-61.61,-991.86,78.75,-770.0,-446.25,1,94.279,
01/01/2000,01:29:28.17,19.15,-61.61,-992.96,297.50,-673.75,-236.25,1,94.280,
01/01/2000,01:29:28.18,19.28,-61.49,-993.81,236.25,-708.75,-437.50,1,94.281,
01/01/2000,01:29:28.19,19.76,-61.73,-993.69,148.75,-568.75,-315.0,1,94.281,
01/01/2000,01:29:28.20,20.01,-61.73,-992.96,131.25,-673.75,-367.50,1,94.282,
01/01/2000,01:29:28.21,20.01,-61.73,-992.35,140.0,-796.25,-446.25,1,94.283,
01/01/2000,01:29:28.22,20.01,-61.73,-991.74,96.25,-638.75,-367.50,1,94.284,
01/01/2000,01:29:28.23,19.64,-61.61,-991.98,35.0,-770.0,-262.50,1,94.272,
01/01/2000,01:29:28.24,19.28,-61.73,-992.10,236.25,-673.75,-367.50,1,94.273,
01/01/2000,01:29:28.25,18.67,-61.73,-991.86,96.25,-743.75,-385.0,1,94.274,
01/01/2000,01:29:28.26,18.67,-61.61,-991.62,175.0,-761.25,-376.25,1,94.274,
01/01/2000,01:29:28.27,18.79,-61.61,-991.62,113.75,-726.25,-271.25,1,94.275,
01/01/2000,01:29:28.29,18.79,-61.73,-991.13,253.75,-708.75,-323.75,1,94.276,
01/01/2000,01:29:28.29,18.67,-61.61,-990.15,175.0,-700.0,-367.50,1,94.277,
01/01/2000,01:29:28.31,18.42,-61.24,-990.27,306.25,-787.50,-350.0,1,94.277,
01/01/2000,01:29:28.32,18.67,-61.61,-991.49,105.0,-813.75,-420.0,1,94.278,
01/01/2000,01:29:28.33,18.79,-61.49,-992.71,183.75,-638.75,-367.50,1,94.279,
01/01/2000,01:29:28.34,19.15,-61.49,-993.57,113.75,-691.25,-315.0,1,94.279,
01/01/2000,01:29:28.35,19.40,-61.49,-993.57,157.50,-708.75,-402.50,1,94.280,
01/01/2000,01:29:28.36,19.52,-61.37,-992.35,131.25,-682.50,-393.75,1,94.269,
01/01/2000,01:29:28.38,19.52,-61.85,-992.10,157.50,-770.0,-402.50,1,94.270,
01/01/2000,01:29:28.39,19.64,-61.98,-992.84,113.75,-665.0,-402.50,1,94.270,
01/01/2000,01:29:28.40,19.76,-61.98,-993.32,166.25,-708.75,-516.25,1,94.271,
01/01/2000,01:29:28.41,19.64,-61.49,-993.08,192.50,-735.0,-315.0,1,94.272,
01/01/2000,01:29:28.42,19.40,-61.37,-992.35,227.50,-726.25,-367.50,1,94.273,
01/01/2000,01:29:28.43,19.28,-61.24,-991.74,122.50,-735.0,-157.50,1,94.273,
01/01/2000,01:29:28.44,18.91,-61.85,-990.88,122.50,-638.75,-358.75,1,94.274,
01/01/2000,01:29:28.45,18.67,-61.85,-990.88,210.0,-735.0,-393.75,1,94.275,
01/01/2000,01:29:28.46,18.54,-61.85,-990.76,105.0,-647.50,-341.25,1,94.275,
01/01/2000,01:29:28.47,18.54,-61.37,-990.52,280.0,-673.75,-411.25,1,94.276,
01/01/2000,01:29:28.48,18.79,-61.12,-991.13,131.25,-708.75,-218.75,1,94.277,
01/01/2000,01:29:28.49,19.03,-61.24,-992.10,96.25,-796.25,-446.25,1,94.278,
01/01/2000,01:29:28.50,19.28,-61.61,-992.84,166.25,-682.50,-236.25,1,94.278,
01/01/2000,01:29:28.51,19.52,-61.85,-993.57,87.50,-673.75,-533.75,1,94.279,
01/01/2000,01:29:28.52,19.64,-62.10,-993.32,218.75,-717.50,-262.50,1,94.280,
01/01/2000,01:29:28.53,19.52,-61.49,-992.47,105.0,-743.75,-297.50,1,94.281,
01/01/2000,01:29:28.54,19.40,-61.73,-992.10,315.0,-875.0,-183.75,1,94.281,
01/01/2000,01:29:28.55,19.28,-61.85,-991.98,271.25,-595.0,-315.0,1,94.282,
01/01/2000,01:29:28.56,19.03,-61.98,-992.10,332.50,-682.50,-393.75,1,94.283,
01/01/2000,01:29:28.57,19.03,-61.98,-992.23,183.75,-691.25,-393.75,1,94.284,
01/01/2000,01:29:28.59,19.15,-61.98,-991.74,218.75,-726.25,-358.75,1,94.272,
01/01/2000,01:29:28.60,19.03,-61.61,-991.49,52.50,-630.0,-315.0,1,94.273,
01/01/2000,01:29:28.61,19.28,-61.98,-991.25,367.50,-726.25,-411.25,1,94.274,
01/01/2000,01:29:28.62,19.28,-61.85,-991.37,183.75,-735.0,-367.50,1,94.274,
01/01/2000,01:29:28.63,19.28,-61.98,-991.13,262.50,-761.25,-393.75,1,94.275,
01/01/2000,01:29:28.64,18.79,-61.98,-990.76,236.25,-665.0,-481.25,1,94.276,
01/01/2000,01:29:28.65,18.79,-61.73,-991.01,148.75,-743.75,-271.25,1,94.277,
01/01/2000,01:29:28.66,18.91,-61.98,-992.35,236.25,-665.0,-393.75,1,94.277,
01/01/2000,01:29:28.67,18.91,-62.10,-993.20,236.25,-726.25,-393.75,1,94.278,
01/01/2000,01:29:28.68,18.79,-61.85,-993.57,201.25,-691.25,-402.50,1,94.279,
01/01/2000,01:29:28.69,19.15,-62.10,-992.84,245.0,-665.0,-323.75,1,94.280,
01/01/2000,01:29:28.70,19.28,-61.73,-991.98,78.75,-691.25,-341.25,1,94.280,
01/01/2000,01:29:28.71,19.15,-61.85,-991.13,183.75,-778.75,-332.50,1,94.281,
01/01/2000,01:29:28.72,19.03,-62.10,-991.01,183.75,-717.50,-498.75,1,94.270,
01/01/2000,01:29:28.73,18.91,-61.98,-991.74,166.25,-735.0,-280.0,1,94.270,
01/01/2000,01:29:28.74,19.03,-61.85,-992.35,157.50,-612.50,-332.50,1,94.271,
01/01/2000,01:29:28.75,19.15,-61.73,-992.35,227.50,-647.50,-315.0,1,94.272,
01/01/2000,01:29:28.76,19.28,-61.49,-991.86,140.0,-700.0,-288.75,1,94.273,
01/01/2000,01:29:28.77,19.52,-61.49,-991.37,122.50,-743.75,-245.0,1,94.273,
01/01/2000,01:29:28.78,19.52,-61.85,-990.88,175.0,-778.75,-350.0,1,94.274,
01/01/2000,01:29:28.80,19.28,-61.98,-989.66,175.0,-735.0,-350.0,1,94.275,
01/01/2000,01:29:28.81,18.91,-61.73,-989.91,262.50,-770.0,-507.50,1,94.276,
01/01/2000,01:29:28.82,18.79,-61.49,-991.13,148.75,-682.50,-315.0,1,94.276,
01/01/2000,01:29:28.83,19.15,-61.49,-993.32,192.50,-717.50,-420.0,1,94.277,
01/01/2000,01:29:28.84,19.52,-61.37,-993.93,8.75,-595.0,-358.75,1,94.278,
01/01/2000,01:29:28.85,19.76,-61.73,-993.81,78.75,-612.50,-323.75,1,94.278,
01/01/2000,01:29:28.86,19.89,-61.98,-992.84,315.0,-673.75,-446.25,1,94.279,
01/01/2000,01:29:28.88,19.52,-61.98,-991.01,288.75,-813.75,-393.75,1,94.268,
01/01/2000,01:29:28.89,18.91,-61.98,-991.01,201.25,-770.0,-411.25,1,94.269,
01/01/2000,01:29:28.90,18.67,-61.73,-991.86,192.50,-708.75,-358.75,1,94.269,
01/01/2000,01:29:28.91,18.54,-61.85,-992.84,288.75,-603.75,-455.0,1,94.270,
01/01/2000,01:29:28.92,18.79,-61.49,-993.32,35.0,-673.75,-376.25,1,94.271,
01/01/2000,01:29:28.93,19.03,-61.73,-993.20,131.25,-656.25,-271.25,1,94.272,
01/01/2000,01:29:28.94,19.28,-61.73,-992.35,253.75,-796.25,-341.25,1,94.272,
01/01/2000,01:29:28.95,19.40,-61.85,-991.86,157.50,-621.25,-428.75,1,94.273,
01/01/2000,01:29:28.96,19.40,-62.10,-991.13,140.0,-656.25,-323.75,1,94.274,
01/01/2000,01:29:28.97,18.79,-61.73,-990.15,227.50,-761.25,-350.0,1,94.274,
01/01/2000,01:29:28.98,18.18,-61.49,-989.91,236.25,-673.75,-367.50,1,94.275,
01/01/2000,01:29:28.99,17.93,-61.61,-990.64,105.0,-647.50,-280.0,1,94.276,
01/01/2000,01:29:29.00,18.30,-61.98,-991.74,271.25,-743.75,-463.75,1,94.277,
01/01/2000,01:29:29.01,18.79,-62.10,-993.32,192.50,-647.50,-455.0,1,94.265,
01/01/2000,01:29:29.02,19.52,-61.85,-993.81,8.75,-735.0,-367.50,1,94.266,
01/01/2000,01:29:29.03,19.89,-62.10,-993.57,140.0,-682.50,-376.25,1,94.267,
01/01/2000,01:29:29.04,19.89,-61.73,-992.84,157.50,-743.75,-411.25,1,94.268,
01/01/2000,01:29:29.05,19.40,-61.98,-991.86,271.25,-665.0,-218.75,1,94.268,
01/01/2000,01:29:29.06,19.03,-62.10,-991.37,323.75,-761.25,-516.25,1,94.269,
01/01/2000,01:29:29.07,18.54,-61.98,-991.13,192.50,-726.25,-350.0,1,94.270,
01/01/2000,01:29:29.09,18.42,-61.85,-991.62,70.0,-787.50,-323.75,1,94.271,
01/01/2000,01:29:29.10,18.54,-61.98,-991.86,323.75,-560.0,-533.75,1,94.271,
01/01/2000,01:29:29.11,18.79,-61.98,-992.23,0.0,-743.75,-323.75,1,94.272,
01/01/2000,01:29:29.12,19.15,-61.98,-991.86,236.25,-708.75,-358.75,1,94.273,
01/01/2000,01:29:29.13,19.40,-62.34,-991.62,175.0,-638.75,-157.50,1,94.273,
01/01/2000,01:29:29.14,19.28,-62.22,-991.13,140.0,-647.50,-455.0,1,94.274,
01/01/2000,01:29:29.15,18.79,-61.98,-990.64,218.75,-761.25,-297.50,1,94.275,
01/01/2000,01:29:29.16,18.54,-61.98,-990.40,192.50,-603.75,-402.50,1,94.276,
01/01/2000,01:29:29.17,18.42,-61.73,-990.76,245.0,-735.0,-262.50,1,94.276,
01/01/2000,01:29:29.18,18.67,-61.98,-991.86,245.0,-700.0,-236.25,1,94.277,
01/01/2000,01:29:29.19,18.79,-61.98,-992.71,166.25,-822.50,-385.0,1,94.278,
01/01/2000,01:29:29.20,19.03,-62.22,-993.32,183.75,-691.25,-376.25,1,94.278,
01/01/2000,01:29:29.21,19.52,-62.10,-993.81,122.50,-726.25,-288.75,1,94.279,
01/01/2000,01:29:29.22,19.64,-62.22,-993.45,175.0,-787.50,-385.0,1,94.268,
01/01/2000,01:29:29.23,19.52,-61.98,-992.84,70.0,-621.25,-367.50,1,94.269,
01/01/2000,01:29:29.24,19.28,-61.85,-991.98,166.25,-682.50,-376.25,1,94.269,
01/01/2000,01:29:29.25,18.79,-61.73,-991.13,131.25,-743.75,-315.0,1,94.270,
01/01/2000,01:29:29.26,18.42,-61.73,-990.64,61.25,-691.25,-306.25,1,94.271,
01/01/2000,01:29:29.27,18.54,-61.98,-990.76,253.75,-665.0,-393.75,1,94.272,
01/01/2000,01:29:29.29,18.54,-61.85,-991.37,175.0,-778.75,-437.50,1,94.272,
01/01/2000,01:29:29.30,18.79,-61.73,-991.98,148.75,-761.25,-367.50,1,94.273,
01/01/2000,01:29:29.31,19.28,-61.49,-991.86,297.50,-665.0,-297.50,1,94.274,
01/01/2000,01:29:29.32,19.40,-61.61,-991.62,96.25,-682.50,-271.25,1,94.275,
01/01/2000,01:29:29.33,19.28,-61.98,-990.88,236.25,-700.0,-280.0,1,94.275,
01/01/2000,01:29:29.34,19.03,-62.22,-990.03,192.50,-761.25,-393.75,1,94.276,
01/01/2000,01:29:29.35,18.79,-62.22,-990.27,280.0,-735.0,-393.75,1,94.277,
01/01/2000,01:29:29.36,18.42,-62.10,-991.62,175.0,-813.75,-341.25,1,94.266,
01/01/2000,01:29:29.37,18.79,-62.22,-992.71,227.50,-621.25,-297.50,1,94.266,
01/01/2000,01:29:29.39,19.03,-61.85,-993.69,122.50,-717.50,-358.75,1,94.267,
01/01/2000,01:29:29.40,19.15,-61.73,-993.45,183.75,-656.25,-402.50,1,94.268,
01/01/2000,01:29:29.41,19.52,-62.34,-992.96,402.50,-682.50,-481.25,1,94.268,
01/01/2000,01:29:29.42,19.15,-62.34,-992.59,96.25,-708.75,-420.0,1,94.269,
01/01/2000,01:29:29.43,19.03,-62.10,-992.23,192.50,-700.0,-350.0,1,94.270,
01/01/2000,01:29:29.44,19.03,-62.10,-991.49,262.50,-787.50,-376.25,1,94.271,
01/01/2000,01:29:29.45,18.79,-61.73,-991.37,131.25,-700.0,-367.50,1,94.271,
01/01/2000,01:29:29.46,18.54,-61.85,-991.13,8.75,-735.0,-315.0,1,94.272,
01/01/2000,01:29:29.47,18.54,-62.10,-991.13,122.50,-595.0,-262.50,1,94.273,
01/01/2000,01:29:29.48,18.79,-62.46,-991.37,192.50,-778.75,-350.0,1,94.273,
01/01/2000,01:29:29.49,18.67,-62.22,-991.25,192.50,-638.75,-455.0,1,94.274,
01/01/2000,01:29:29.50,18.91,-62.34,-990.27,253.75,-726.25,-306.25,1,94.275,
01/01/2000,01:29:29.51,18.79,-61.98,-988.08,201.25,-630.0,-288.75,1,94.276,
01/01/2000,01:29:29.52,18.42,-61.73,-986.74,148.75,-892.50,-218.75,1,94.276,
01/01/2000,01:29:29.53,18.79,-61.98,-985.76,183.75,-656.25,-358.75,1,94.277,
01/01/2000,01:29:29.54,19.03,-62.10,-985.15,105.0,-603.75,-341.25,1,94.278,
01/01/2000,01:29:29.55,18.54,-62.22,-984.30,183.75,-761.25,-428.75,1,94.279,
01/01/2000,01:29:29.56,18.54,-61.98,-984.30,113.75,-691.25,-385.0,1,94.279,
01/01/2000,01:29:29.57,18.79,-61.73,-985.03,183.75,-656.25,-341.25,1,94.268,
01/01/2000,01:29:29.58,18.67,-61.73,-986.00,183.75,-770.0,-332.50,1,94.269,
01/01/2000,01:29:29.59,18.91,-61.73,-987.71,52.50,-700.0,-341.25,1,94.270,
01/01/2000,01:29:29.60,19.28,-61.73,-987.96,35.0,-612.50,-306.25,1,94.270,
01/01/2000,01:29:29.61,19.76,-61.85,-987.10,280.0,-533.75,-612.50,1,94.271,
01/01/2000,01:29:29.62,19.64,-61.73,-985.15,315.0,-726.25,-166.25,1,94.272,
01/01/2000,01:29:29.63,19.89,-61.12,-980.64,-306.25,-621.25,-253.75,1,94.272,
01/01/2000,01:29:29.65,18.79,-61.49,-977.46,210.0,-787.50,-315.0,1,94.273,
01/01/2000,01:29:29.66,17.57,-61.73,-977.10,0.0,-708.75,-315.0,1,94.274,
01/01/2000,01:29:29.67,17.08,-61.98,-978.20,218.75,-708.75,-385.0,1,94.275,
01/01/2000,01:29:29.68,17.20,-61.73,-980.03,122.50,-717.50,-428.75,1,94.275,
01/01/2000,01:29:29.69,17.20,-61.37,-982.22,105.0,-638.75,-288.75,1,94.276,
01/01/2000,01:29:29.70,18.30,-61.24,-984.54,280.0,-586.25,-245.0,1,94.277,
01/01/2000,01:29:29.71,19.52,-61.73,-985.39,157.50,-656.25,-288.75,1,94.277,
01/01/2000,01:29:29.72,19.64,-62.34,-985.27,183.75,-708.75,-297.50,1,94.278,
01/01/2000,01:29:29.73,19.64,-62.46,-984.54,218.75,-560.0,-446.25,1,94.279,
01/01/2000,01:29:29.74,19.03,-62.22,-983.56,157.50,-682.50,-315.0,1,94.280,
01/01/2000,01:29:29.75,18.54,-61.73,-982.71,96.25,-717.50,-262.50,1,94.280,
01/01/2000,01:29:29.76,18.30,-61.37,-983.93,183.75,-700.0,-385.0,1,94.281,
01/01/2000,01:29:29.77,18.67,-61.61,-986.25,96.25,-656.25,-323.75,1,94.282,
01/01/2000,01:29:29.78,19.15,-62.46,-988.93,376.25,-656.25,-262.50,1,94.271,
01/01/2000,01:29:29.79,19.28,-62.22,-989.30,52.50,-647.50,-420.0,1,94.271,
01/01/2000,01:29:29.80,19.15,-61.98,-988.93,157.50,-822.50,-367.50,1,94.272,
01/01/2000,01:29:29.81,19.28,-61.73,-988.44,113.75,-630.0,-323.75,1,94.273,
01/01/2000,01:29:29.82,19.28,-61.73,-988.81,288.75,-743.75,-332.50,1,94.274,
01/01/2000,01:29:29.83,19.28,-61.73,-989.54,105.0,-796.25,-157.50,1,94.274,
01/01/2000,01:29:29.84,19.28,-61.98,-990.27,192.50,-682.50,-437.50,1,94.275,
01/01/2000,01:29:29.86,19.15,-62.22,-990.64,175.0,-761.25,-358.75,1,94.276,
01/01/2000,01:29:29.87,19.28,-61.98,-990.52,113.75,-743.75,-350.0,1,94.276,
01/01/2000,01:29:29.88,19.40,-61.85,-990.40,175.0,-595.0,-210.0,1,94.277,
01/01/2000,01:29:29.89,19.28,-62.10,-990.76,175.0,-700.0,-315.0,1,94.266,
01/01/2000,01:29:29.90,19.28,-62.46,-991.13,210.0,-673.75,-253.75,1,94.267,
01/01/2000,01:29:29.91,19.15,-62.46,-991.25,245.0,-603.75,-420.0,1,94.267,
01/01/2000,01:29:29.92,19.15,-62.34,-991.13,140.0,-533.75,-297.50,1,94.268,
01/01/2000,01:29:29.93,19.15,-61.98,-991.01,166.25,-778.75,-402.50,1,94.269,
01/01/2000,01:29:29.94,19.15,-62.10,-991.01,175.0,-630.0,-271.25,1,94.270,
01/01/2000,01:29:29.96,19.03,-62.34,-991.49,175.0,-647.50,-455.0,1,94.270,
01/01/2000,01:29:29.96,19.03,-62.59,-991.74,175.0,-656.25,-463.75,1,94.271,
01/01/2000,01:29:29.98,19.03,-62.46,-991.86,140.0,-665.0,-367.50,1,94.272,
01/01/2000,01:29:29.99,19.03,-62.46,-991.62,43.75,-726.25,-385.0,1,94.272,
01/01/2000,01:29:30.00,19.03,-62.22,-991.37,87.50,-726.25,-402.50,1,94.273,
01/01/2000,01:29:30.01,19.03,-62.46,-991.62,148.75,-647.50,-367.50,1,94.274,
01/01/2000,01:29:30.02,19.03,-62.59,-991.86,43.75,-752.50,-245.0,1,94.275,
01/01/2000,01:29:30.03,19.03,-62.71,-992.10,288.75,-647.50,-341.25,1,94.275,
01/01/2000,01:29:30.04,19.03,-62.34,-991.98,210.0,-656.25,-411.25,1,94.276,
01/01/2000,01:29:30.05,19.03,-62.22,-991.86,122.50,-743.75,-350.0,1,94.277,
01/01/2000,01:29:30.06,18.91,-62.34,-991.74,201.25,-665.0,-245.0,1,94.277,
01/01/2000,01:29:30.07,18.91,-62.46,-991.86,122.50,-735.0,-315.0,1,94.278,
01/01/2000,01:29:30.08,18.79,-62.46,-991.86,210.0,-560.0,-315.0,1,94.279,
01/01/2000,01:29:30.09,18.79,-62.46,-991.86,201.25,-577.50,-332.50,1,94.280,
01/01/2000,01:29:30.10,19.03,-62.46,-991.62,43.75,-726.25,-367.50,1,94.280,
01/01/2000,01:29:30.11,19.28,-62.10,-991.01,218.75,-533.75,-358.75,1,94.281,
01/01/2000,01:29:30.12,20.13,-61.98,-989.91,148.75,-682.50,-525.0,1,94.282,
01/01/2000,01:29:30.13,21.84,-61.73,-988.57,-113.75,-848.75,-297.50,1,94.271,
01/01/2000,01:29:30.14,22.33,-62.46,-988.20,166.25,-682.50,-183.75,1,94.271,
01/01/2000,01:29:30.15,22.69,-62.59,-987.96,183.75,-700.0,-507.50,1,94.272,
01/01/2000,01:29:30.16,22.94,-62.34,-987.47,61.25,-787.50,-385.0,1,94.273,
01/01/2000,01:29:30.17,23.42,-61.85,-986.74,87.50,-612.50,-428.75,1,94.274,
01/01/2000,01:29:30.18,23.91,-61.49,-986.13,35.0,-630.0,-358.75,1,94.274,
01/01/2000,01:29:30.19,24.16,-61.49,-986.00,192.50,-656.25,-210.0,1,94.275,
01/01/2000,01:29:30.21,24.64,-62.46,-986.74,271.25,-735.0,-393.75,1,94.276,
01/01/2000,01:29:30.22,24.64,-62.95,-987.47,148.75,-647.50,-490.0,1,94.276,
01/01/2000,01:29:30.23,24.77,-62.46,-986.98,175.0,-673.75,-376.25,1,94.277,
01/01/2000,01:29:30.24,25.25,-61.73,-985.52,131.25,-603.75,-595.0,1,94.278,
01/01/2000,01:29:30.25,25.99,-61.0,-983.81,78.75,-726.25,-341.25,1,94.279,
01/01/2000,01:29:30.26,26.60,-61.0,-981.73,87.50,-612.50,-166.25,1,94.279,
01/01/2000,01:29:30.27,27.69,-62.22,-980.15,236.25,-691.25,-218.75,1,94.280,
01/01/2000,01:29:30.28,27.82,-62.95,-981.61,122.50,-656.25,-393.75,1,94.269,
01/01/2000,01:29:30.29,27.33,-62.95,-983.69,236.25,-761.25,-428.75,1,94.281,
01/01/2000,01:29:30.30,26.47,-62.10,-986.13,87.50,-813.75,-288.75,1,94.270,
01/01/2000,01:29:30.31,25.13,-61.24,-987.96,148.75,-577.50,-210.0,1,94.271,
01/01/2000,01:29:30.32,24.16,-61.0,-988.57,96.25,-717.50,-61.25,1,94.272,
01/01/2000,01:29:30.33,23.06,-61.37,-987.71,227.50,-621.25,-367.50,1,94.273,
01/01/2000,01:29:30.35,23.18,-62.46,-986.00,105.0,-743.75,-455.0,1,94.273,
01/01/2000,01:29:30.36,23.55,-62.59,-985.52,70.0,-770.0,-568.75,1,94.274,
01/01/2000,01:29:30.37,23.91,-62.71,-985.64,140.0,-717.50,-420.0,1,94.275,
01/01/2000,01:29:30.38,23.91,-62.46,-986.61,70.0,-796.25,-367.50,1,94.275,
01/01/2000,01:29:30.39,23.42,-61.98,-988.57,105.0,-673.75,-271.25,1,94.276,
01/01/2000,01:29:30.40,22.20,-61.98,-990.40,131.25,-700.0,-280.0,1,94.277,
01/01/2000,01:29:30.41,21.47,-61.98,-991.01,26.25,-691.25,-341.25,1,94.278,
01/01/2000,01:29:30.42,20.50,-62.22,-990.76,105.0,-638.75,-393.75,1,94.266,
01/01/2000,01:29:30.43,20.13,-62.34,-990.15,175.0,-743.75,-288.75,1,94.267,
01/01/2000,01:29:30.44,20.25,-61.98,-989.79,192.50,-752.50,-288.75,1,94.268,
01/01/2000,01:29:30.45,20.13,-61.98,-989.66,148.75,-805.0,-227.50,1,94.269,
01/01/2000,01:29:30.46,20.13,-62.22,-989.91,175.0,-665.0,-420.0,1,94.269,
01/01/2000,01:29:30.47,20.37,-62.34,-990.03,148.75,-656.25,-367.50,1,94.270,
01/01/2000,01:29:30.48,20.50,-62.22,-989.91,96.25,-708.75,-376.25,1,94.271,
01/01/2000,01:29:30.49,20.74,-62.46,-989.79,271.25,-778.75,-288.75,1,94.271,
01/01/2000,01:29:30.50,20.25,-62.46,-989.91,70.0,-735.0,-297.50,1,94.272,
01/01/2000,01:29:30.51,19.52,-62.71,-990.40,52.50,-673.75,-236.25,1,94.273,
01/01/2000,01:29:30.52,18.79,-62.59,-990.88,175.0,-700.0,-446.25,1,94.274,
01/01/2000,01:29:30.53,18.18,-62.46,-991.13,157.50,-612.50,-253.75,1,94.274,
01/01/2000,01:29:30.54,17.45,-61.98,-991.01,35.0,-621.25,-192.50,1,94.275,
01/01/2000,01:29:30.56,17.08,-62.10,-990.76,87.50,-840.0,-253.75,1,94.276,
01/01/2000,01:29:30.57,17.32,-62.22,-990.76,236.25,-586.25,-350.0,1,94.276,
01/01/2000,01:29:30.58,18.30,-62.46,-991.25,43.75,-805.0,-341.25,1,94.277,
01/01/2000,01:29:30.59,19.03,-62.22,-991.86,61.25,-673.75,-455.0,1,94.278,
01/01/2000,01:29:30.60,19.52,-62.46,-992.23,280.0,-691.25,-525.0,1,94.279,
01/01/2000,01:29:30.61,20.25,-62.10,-992.10,26.25,-682.50,-245.0,1,94.279,
01/01/2000,01:29:30.62,20.25,-62.10,-991.74,192.50,-700.0,-455.0,1,94.280,
01/01/2000,01:29:30.63,19.64,-62.34,-991.62,262.50,-805.0,-218.75,1,94.281,
01/01/2000,01:29:30.64,19.52,-62.46,-991.62,96.25,-673.75,-481.25,1,94.270,
01/01/2000,01:29:30.65,18.79,-62.46,-991.62,61.25,-743.75,-402.50,1,94.270,
01/01/2000,01:29:30.66,18.54,-61.85,-991.37,105.0,-752.50,-227.50,1,94.271,
01/01/2000,01:29:30.67,18.54,-61.73,-991.49,315.0,-691.25,-385.0,1,94.272,
01/01/2000,01:29:30.68,19.03,-61.61,-991.86,35.0,-665.0,-236.25,1,94.273,
01/01/2000,01:29:30.69,19.28,-61.98,-992.10,113.75,-717.50,-218.75,1,94.273,
01/01/2000,01:29:30.71,19.76,-62.34,-992.47,166.25,-770.0,-332.50,1,94.274,
01/01/2000,01:29:30.72,20.01,-62.34,-992.47,271.25,-726.25,-358.75,1,94.275,
01/01/2000,01:29:30.73,19.76,-61.98,-992.10,52.50,-682.50,-367.50,1,94.275,
01/01/2000,01:29:30.74,19.40,-61.73,-992.10,166.25,-638.75,-280.0,1,94.276,
01/01/2000,01:29:30.75,18.79,-61.73,-991.86,70.0,-595.0,-227.50,1,94.277,
01/01/2000,01:29:30.76,17.81,-61.98,-991.62,113.75,-787.50,-210.0,1,94.278,
01/01/2000,01:29:30.77,17.08,-62.22,-991.13,122.50,-735.0,-411.25,1,94.278,
01/01/2000,01:29:30.78,17.20,-62.22,-991.13,157.50,-638.75,-385.0,1,94.279,
01/01/2000,01:29:30.79,18.06,-61.73,-991.62,140.0,-708.75,-428.75,1,94.280,
01/01/2000,01:29:30.80,18.67,-61.61,-991.98,227.50,-743.75,-376.25,1,94.280,
01/01/2000,01:29:30.81,19.52,-61.61,-992.59,122.50,-717.50,-262.50,1,94.281,
01/01/2000,01:29:30.82,20.13,-62.22,-992.71,96.25,-656.25,-428.75,1,94.282,
01/01/2000,01:29:30.83,20.50,-61.98,-992.71,96.25,-568.75,-341.25,1,94.283,
01/01/2000,01:29:30.84,20.25,-61.85,-991.98,175.0,-726.25,-332.50,1,94.272,
01/01/2000,01:29:30.85,19.52,-61.61,-991.37,70.0,-787.50,-288.75,1,94.272,
01/01/2000,01:29:30.86,18.79,-61.73,-991.13,140.0,-770.0,-70.0,1,94.273,
01/01/2000,01:29:30.87,18.42,-61.61,-991.37,78.75,-638.75,-507.50,1,94.274,
01/01/2000,01:29:30.88,18.30,-62.10,-991.98,61.25,-656.25,-411.25,1,94.274,
01/01/2000,01:29:30.89,18.67,-62.10,-993.08,105.0,-560.0,-437.50,1,94.275,
01/01/2000,01:29:30.90,18.91,-62.10,-992.84,192.50,-603.75,-297.50,1,94.276,
01/01/2000,01:29:30.92,19.76,-61.85,-991.62,297.50,-708.75,-315.0,1,94.265,
01/01/2000,01:29:30.93,20.01,-61.61,-991.01,105.0,-770.0,-271.25,1,94.266,
01/01/2000,01:29:30.94,19.89,-61.98,-990.76,166.25,-673.75,-157.50,1,94.266,
01/01/2000,01:29:30.95,19.64,-62.22,-991.01,166.25,-726.25,-262.50,1,94.267,
01/01/2000,01:29:30.96,18.79,-62.22,-991.37,148.75,-665.0,-420.0,1,94.268,
01/01/2000,01:29:30.97,18.18,-61.98,-991.86,210.0,-638.75,-350.0,1,94.268,
01/01/2000,01:29:30.98,17.57,-61.73,-992.35,175.0,-647.50,-253.75,1,94.269,
01/01/2000,01:29:30.99,17.45,-61.61,-992.35,122.50,-577.50,-306.25,1,94.270,
01/01/2000,01:29:31.00,17.69,-61.73,-992.10,148.75,-665.0,-332.50,1,94.271,
01/01/2000,01:29:31.02,18.30,-61.73,-991.62,157.50,-717.50,-297.50,1,94.271,
01/01/2000,01:29:31.02,19.28,-61.85,-991.01,26.25,-717.50,-385.0,1,94.272,
01/01/2000,01:29:31.04,20.13,-62.22,-991.01,87.50,-778.75,-271.25,1,94.273,
01/01/2000,01:29:31.05,20.01,-62.22,-991.37,35.0,-717.50,-315.0,1,94.273,
01/01/2000,01:29:31.06,20.13,-62.34,-991.86,157.50,-770.0,-332.50,1,94.274,
01/01/2000,01:29:31.07,19.76,-61.73,-992.59,183.75,-656.25,-315.0,1,94.275,
01/01/2000,01:29:31.08,19.40,-61.49,-992.96,113.75,-691.25,-288.75,1,94.275,
01/01/2000,01:29:31.09,19.28,-61.61,-992.96,315.0,-638.75,-332.50,1,94.276,
01/01/2000,01:29:31.10,19.03,-61.73,-992.84,183.75,-673.75,-288.75,1,94.277,
01/01/2000,01:29:31.11,18.91,-62.22,-991.98,218.75,-700.0,-332.50,1,94.278,
01/01/2000,01:29:31.12,18.91,-62.22,-991.49,140.0,-691.25,-428.75,1,94.278,
01/01/2000,01:29:31.13,19.52,-61.85,-990.76,52.50,-682.50,-323.75,1,94.279,
01/01/2000,01:29:31.14,19.76,-61.73,-990.64,96.25,-717.50,-236.25,1,94.280,
01/01/2000,01:29:31.15,19.76,-61.49,-990.76,96.25,-778.75,-192.50,1,94.280,
01/01/2000,01:29:31.16,19.64,-61.73,-991.13,201.25,-761.25,-297.50,1,94.281,
01/01/2000,01:29:31.17,19.03,-62.22,-991.49,113.75,-673.75,-306.25,1,94.282,
01/01/2000,01:29:31.18,18.54,-62.22,-991.74,-8.75,-691.25,-428.75,1,94.283,
01/01/2000,01:29:31.19,17.81,-61.73,-991.98,201.25,-682.50,-393.75,1,94.272,
01/01/2000,01:29:31.20,17.69,-61.73,-991.86,-35.0,-551.25,-297.50,1,94.272,
01/01/2000,01:29:31.21,17.81,-61.49,-991.62,245.0,-682.50,-245.0,1,94.273,
01/01/2000,01:29:31.22,18.06,-61.37,-991.37,157.50,-752.50,-280.0,1,94.274,
01/01/2000,01:29:31.23,19.03,-61.73,-991.25,157.50,-743.75,-393.75,1,94.274,
01/01/2000,01:29:31.24,19.52,-62.10,-991.49,87.50,-787.50,-385.0,1,94.275,
01/01/2000,01:29:31.25,19.64,-62.10,-991.86,87.50,-621.25,-463.75,1,94.276,
01/01/2000,01:29:31.27,19.76,-61.73,-992.10,148.75,-630.0,-315.0,1,94.277,
01/01/2000,01:29:31.28,19.64,-61.49,-992.35,157.50,-673.75,-306.25,1,94.277,
01/01/2000,01:29:31.29,19.64,-61.12,-992.84,175.0,-700.0,-271.25,1,94.278,
01/01/2000,01:29:31.30,19.64,-61.49,-992.96,227.50,-726.25,-297.50,1,94.279,
01/01/2000,01:29:31.31,19.52,-61.73,-993.08,-61.25,-472.50,-350.0,1,94.279,
01/01/2000,01:29:31.32,19.40,-61.98,-992.84,113.75,-673.75,-367.50,1,94.280,
01/01/2000,01:29:31.33,19.40,-61.73,-992.71,192.50,-726.25,-245.0,1,94.281,
01/01/2000,01:29:31.34,19.52,-61.61,-992.59,201.25,-682.50,-315.0,1,94.270,
01/01/2000,01:29:31.35,19.64,-61.24,-991.86,70.0,-630.0,-306.25,1,94.282,
01/01/2000,01:29:31.36,20.01,-61.37,-991.37,175.0,-673.75,-288.75,1,94.271,
01/01/2000,01:29:31.37,19.76,-61.73,-991.13,271.25,-735.0,-315.0,1,94.272,
01/01/2000,01:29:31.38,19.40,-61.98,-990.88,105.0,-691.25,-376.25,1,94.273,
01/01/2000,01:29:31.39,18.91,-62.10,-991.49,166.25,-682.50,-402.50,1,94.273,
01/01/2000,01:29:31.41,18.18,-61.73,-992.10,17.50,-708.75,-236.25,1,94.274,
01/01/2000,01:29:31.42,17.32,-61.61,-992.96,236.25,-533.75,-350.0,1,94.275,
01/01/2000,01:29:31.43,16.96,-61.24,-992.84,96.25,-603.75,-323.75,1,94.276,
01/01/2000,01:29:31.44,17.32,-61.49,-992.35,253.75,-603.75,-358.75,1,94.276,
01/01/2000,01:29:31.45,17.81,-61.73,-991.86,131.25,-743.75,-367.50,1,94.277,
01/01/2000,01:29:31.46,18.79,-61.73,-991.13,140.0,-612.50,-420.0,1,94.278,
01/01/2000,01:29:31.47,19.40,-61.98,-990.88,192.50,-743.75,-358.75,1,94.278,
01/01/2000,01:29:31.48,20.01,-61.73,-991.13,140.0,-831.25,-367.50,1,94.267,
01/01/2000,01:29:31.49,20.13,-61.61,-992.10,17.50,-638.75,-393.75,1,94.268,
01/01/2000,01:29:31.50,19.89,-61.73,-992.71,227.50,-726.25,-271.25,1,94.269,
01/01/2000,01:29:31.51,19.40,-61.49,-992.84,78.75,-656.25,-201.25,1,94.270,
01/01/2000,01:29:31.52,19.03,-61.49,-992.71,140.0,-586.25,-262.50,1,94.270,
01/01/2000,01:29:31.53,18.54,-61.37,-991.86,166.25,-708.75,-376.25,1,94.271,
01/01/2000,01:29:31.54,18.79,-61.49,-991.86,26.25,-603.75,-262.50,1,94.272,
01/01/2000,01:29:31.55,19.28,-61.73,-992.10,87.50,-743.75,-367.50,1,94.272,
01/01/2000,01:29:31.56,19.76,-61.73,-992.35,140.0,-630.0,-306.25,1,94.273,
01/01/2000,01:29:31.57,20.25,-61.73,-991.98,131.25,-621.25,-306.25,1,94.274,
01/01/2000,01:29:31.58,20.25,-61.73,-991.62,131.25,-726.25,-280.0,1,94.274,
01/01/2000,01:29:31.59,19.28,-61.49,-991.25,-8.75,-805.0,-323.75,1,94.275,
01/01/2000,01:29:31.60,18.30,-61.49,-991.13,105.0,-682.50,-175.0,1,94.276,
01/01/2000,01:29:31.62,17.32,-61.73,-991.13,227.50,-682.50,-437.50,1,94.277,
01/01/2000,01:29:31.63,17.08,-61.49,-991.37,-61.25,-682.50,-420.0,1,94.277,
01/01/2000,01:29:31.64,17.81,-61.24,-991.25,105.0,-735.0,-288.75,1,94.278,
01/01/2000,01:29:31.65,18.91,-61.37,-991.62,-8.75,-638.75,-455.0,1,94.279,
01/01/2000,01:29:31.66,19.89,-61.49,-992.10,131.25,-831.25,-376.25,1,94.279,
01/01/2000,01:29:31.67,20.25,-61.85,-992.35,183.75,-700.0,-428.75,1,94.280,
01/01/2000,01:29:31.68,20.50,-61.73,-992.10,78.75,-708.75,-393.75,1,94.281,
01/01/2000,01:29:31.69,19.52,-61.49,-991.25,157.50,-708.75,-253.75,1,94.270,
01/01/2000,01:29:31.70,19.03,-61.12,-990.88,175.0,-735.0,-437.50,1,94.271,
01/01/2000,01:29:31.71,18.54,-61.24,-990.88,113.75,-682.50,-78.75,1,94.271,
01/01/2000,01:29:31.72,18.54,-61.49,-991.37,52.50,-630.0,-358.75,1,94.272,
01/01/2000,01:29:31.73,18.67,-61.61,-991.86,210.0,-612.50,-446.25,1,94.273,
01/01/2000,01:29:31.74,19.28,-61.49,-992.10,43.75,-612.50,-428.75,1,94.273,
01/01/2000,01:29:31.75,19.76,-61.49,-992.10,210.0,-621.25,-297.50,1,94.274,
01/01/2000,01:29:31.77,20.01,-61.37,-991.74,26.25,-717.50,-148.75,1,94.275,
01/01/2000,01:29:31.78,19.89,-61.49,-991.49,-35.0,-770.0,-315.0,1,94.276,
01/01/2000,01:29:31.79,19.76,-61.49,-991.62,210.0,-708.75,-385.0,1,94.276,
01/01/2000,01:29:31.80,18.54,-61.49,-992.35,122.50,-691.25,-218.75,1,94.277,
01/01/2000,01:29:31.81,17.81,-61.61,-992.84,61.25,-700.0,-367.50,1,94.278,
01/01/2000,01:29:31.82,17.20,-61.49,-992.84,350.0,-560.0,-437.50,1,94.278,
01/01/2000,01:29:31.83,16.96,-61.0,-992.23,105.0,-612.50,-297.50,1,94.279,
01/01/2000,01:29:31.84,17.45,-61.0,-991.37,148.75,-612.50,-350.0,1,94.280,
01/01/2000,01:29:31.85,18.30,-61.24,-990.88,166.25,-603.75,-306.25,1,94.280,
01/01/2000,01:29:31.86,19.76,-61.73,-990.88,70.0,-726.25,-376.25,1,94.281,
01/01/2000,01:29:31.87,20.25,-62.10,-991.13,253.75,-743.75,-455.0,1,94.282,
01/01/2000,01:29:31.88,20.13,-61.98,-991.37,87.50,-787.50,-402.50,1,94.283,
01/01/2000,01:29:31.89,19.64,-61.61,-991.37,70.0,-805.0,-358.75,1,94.283,
01/01/2000,01:29:31.90,18.67,-61.0,-991.25,113.75,-551.25,-358.75,1,94.272,
01/01/2000,01:29:31.91,18.18,-60.76,-991.01,210.0,-717.50,-350.0,1,94.273,
01/01/2000,01:29:31.92,18.18,-61.0,-991.13,52.50,-735.0,-323.75,1,94.274,
01/01/2000,01:29:31.93,18.67,-61.73,-991.37,192.50,-673.75,-280.0,1,94.275,
01/01/2000,01:29:31.95,20.13,-61.98,-992.10,166.25,-630.0,-525.0,1,94.275,
01/01/2000,01:29:31.96,20.62,-61.73,-992.10,148.75,-630.0,-323.75,1,94.276,
01/01/2000,01:29:31.97,20.74,-61.12,-991.74,-43.75,-630.0,-140.0,1,94.265,
01/01/2000,01:29:31.98,20.50,-61.12,-991.37,122.50,-673.75,-192.50,1,94.266,
01/01/2000,01:29:31.99,19.40,-61.61,-991.37,192.50,-603.75,-157.50,1,94.267,
01/01/2000,01:29:32.00,18.30,-61.49,-991.37,87.50,-787.50,-393.75,1,94.267,
01/01/2000,01:29:32.01,17.08,-61.61,-991.62,157.50,-682.50,-253.75,1,94.268,
01/01/2000,01:29:32.02,16.59,-61.24,-991.62,175.0,-656.25,-411.25,1,94.269,
01/01/2000,01:29:32.03,16.71,-61.0,-991.98,78.75,-612.50,-297.50,1,94.269,
01/01/2000,01:29:32.04,17.81,-60.63,-992.47,175.0,-726.25,-297.50,1,94.270,
01/01/2000,01:29:32.05,18.91,-61.37,-992.96,227.50,-630.0,-262.50,1,94.271,
01/01/2000,01:29:32.06,20.50,-61.49,-992.96,131.25,-770.0,-437.50,1,94.271,
01/01/2000,01:29:32.08,20.62,-61.98,-992.59,236.25,-665.0,-253.75,1,94.272,
01/01/2000,01:29:32.08,20.01,-61.98,-991.86,201.25,-796.25,-332.50,1,94.273,
01/01/2000,01:29:32.10,19.15,-61.73,-990.88,253.75,-761.25,-245.0,1,94.274,
01/01/2000,01:29:32.11,17.93,-61.12,-989.91,262.50,-603.75,-288.75,1,94.274,
01/01/2000,01:29:32.12,17.45,-61.12,-989.79,192.50,-621.25,-236.25,1,94.275,
01/01/2000,01:29:32.13,17.69,-61.24,-990.27,87.50,-603.75,-420.0,1,94.276,
01/01/2000,01:29:32.14,18.30,-62.10,-991.37,183.75,-603.75,-332.50,1,94.276,
01/01/2000,01:29:32.15,18.91,-62.10,-991.74,-70.0,-735.0,-385.0,1,94.277,
01/01/2000,01:29:32.16,19.64,-62.22,-991.86,245.0,-770.0,-367.50,1,94.278,
01/01/2000,01:29:32.17,20.37,-61.98,-991.86,148.75,-638.75,-297.50,1,94.278,
01/01/2000,01:29:32.18,20.74,-61.73,-991.62,253.75,-840.0,-245.0,1,94.279,
01/01/2000,01:29:32.19,20.37,-61.61,-991.62,236.25,-778.75,-280.0,1,94.280,
01/01/2000,01:29:32.20,19.03,-61.85,-992.10,218.75,-647.50,-271.25,1,94.280,
01/01/2000,01:29:32.21,17.69,-61.98,-992.23,96.25,-735.0,-262.50,1,94.281,
01/01/2000,01:29:32.22,16.84,-61.85,-992.35,175.0,-533.75,-393.75,1,94.282,
01/01/2000,01:29:32.23,16.35,-61.73,-992.47,227.50,-577.50,-385.0,1,94.283,
01/01/2000,01:29:32.24,16.84,-61.12,-992.47,113.75,-682.50,-280.0,1,94.283,
01/01/2000,01:29:32.25,17.81,-61.24,-992.10,122.50,-726.25,-341.25,1,94.272,
01/01/2000,01:29:32.26,19.28,-61.73,-992.10,253.75,-761.25,-253.75,1,94.273,
01/01/2000,01:29:32.27,20.13,-62.10,-991.98,166.25,-708.75,-315.0,1,94.274,
01/01/2000,01:29:32.28,20.62,-62.46,-992.10,183.75,-796.25,-323.75,1,94.275,
01/01/2000,01:29:32.29,20.74,-61.98,-992.35,17.50,-796.25,-341.25,1,94.275,
01/01/2000,01:29:32.30,20.50,-61.61,-992.84,148.75,-708.75,-227.50,1,94.276,
01/01/2000,01:29:32.31,20.01,-61.24,-993.08,52.50,-778.75,-288.75,1,94.277,
01/01/2000,01:29:32.33,19.03,-61.24,-992.59,-61.25,-717.50,-183.75,1,94.277,
01/01/2000,01:29:32.34,18.42,-61.61,-991.98,140.0,-577.50,-201.25,1,94.278,
01/01/2000,01:29:32.35,18.30,-61.73,-991.01,218.75,-612.50,-402.50,1,94.279,
01/01/2000,01:29:32.36,18.06,-61.61,-989.91,201.25,-638.75,-253.75,1,94.279,
01/01/2000,01:29:32.37,18.79,-61.24,-989.54,148.75,-673.75,-446.25,1,94.280,
01/01/2000,01:29:32.38,19.52,-61.49,-989.91,227.50,-787.50,-236.25,1,94.281,
01/01/2000,01:29:32.39,20.01,-61.24,-991.37,105.0,-717.50,-253.75,1,94.270,
01/01/2000,01:29:32.40,19.64,-61.61,-992.35,262.50,-743.75,-236.25,1,94.271,
01/01/2000,01:29:32.41,18.67,-61.85,-992.71,253.75,-638.75,-210.0,1,94.271,
01/01/2000,01:29:32.42,16.84,-61.49,-992.47,175.0,-638.75,-437.50,1,94.272,
01/01/2000,01:29:32.43,16.59,-61.12,-991.86,131.25,-638.75,-376.25,1,94.273,
01/01/2000,01:29:32.44,16.84,-60.88,-991.25,35.0,-840.0,-323.75,1,94.274,
01/01/2000,01:29:32.46,19.03,-61.37,-991.13,227.50,-735.0,-428.75,1,94.274,
01/01/2000,01:29:32.47,20.25,-61.49,-991.49,148.75,-682.50,-297.50,1,94.275,
01/01/2000,01:29:32.48,21.47,-61.73,-992.10,218.75,-717.50,-411.25,1,94.276,
01/01/2000,01:29:32.49,21.47,-61.73,-992.35,70.0,-612.50,-350.0,1,94.276,
01/01/2000,01:29:32.50,20.86,-61.49,-992.59,236.25,-752.50,-332.50,1,94.277,
01/01/2000,01:29:32.51,20.01,-61.12,-992.59,280.0,-726.25,-358.75,1,94.278,
01/01/2000,01:29:32.52,18.91,-61.0,-992.59,201.25,-735.0,-131.25,1,94.278,
01/01/2000,01:29:32.53,17.57,-61.0,-992.23,70.0,-726.25,-271.25,1,94.279,
01/01/2000,01:29:32.54,17.20,-61.24,-991.98,192.50,-691.25,-288.75,1,94.268,
01/01/2000,01:29:32.55,17.57,-61.37,-991.86,87.50,-603.75,-490.0,1,94.269,
01/01/2000,01:29:32.56,19.03,-61.37,-992.10,157.50,-822.50,-481.25,1,94.270,
01/01/2000,01:29:32.57,20.50,-61.24,-992.71,280.0,-796.25,-542.50,1,94.270,
01/01/2000,01:29:32.58,21.35,-61.12,-993.08,96.25,-691.25,-350.0,1,94.271,
01/01/2000,01:29:32.59,21.47,-61.12,-993.08,61.25,-595.0,-61.25,1,94.272,
01/01/2000,01:29:32.61,19.89,-61.37,-992.10,131.25,-682.50,-148.75,1,94.273,
01/01/2000,01:29:32.62,18.18,-61.49,-991.37,131.25,-708.75,-218.75,1,94.273,
01/01/2000,01:29:32.63,15.86,-61.24,-990.40,105.0,-542.50,-358.75,1,94.274,
01/01/2000,01:29:32.64,15.37,-61.0,-990.27,148.75,-700.0,-481.25,1,94.275,
01/01/2000,01:29:32.65,15.98,-61.0,-990.76,306.25,-638.75,-551.25,1,94.275,
01/01/2000,01:29:32.66,17.57,-60.76,-991.49,0.0,-743.75,-271.25,1,94.276,
01/01/2000,01:29:32.67,19.40,-61.0,-992.35,227.50,-630.0,-210.0,1,94.277,
01/01/2000,01:29:32.68,21.35,-61.49,-992.47,227.50,-630.0,-306.25,1,94.277,
01/01/2000,01:29:32.69,21.47,-61.85,-991.86,236.25,-726.25,-297.50,1,94.278,
01/01/2000,01:29:32.70,20.98,-61.85,-991.37,140.0,-761.25,-297.50,1,94.279,
01/01/2000,01:29:32.71,19.89,-61.24,-991.25,43.75,-656.25,-306.25,1,94.279,
01/01/2000,01:29:32.72,18.79,-61.12,-991.13,253.75,-761.25,-350.0,1,94.280,
01/01/2000,01:29:32.73,17.81,-60.63,-991.13,280.0,-682.50,-253.75,1,94.281,
01/01/2000,01:29:32.74,17.08,-60.76,-991.49,210.0,-630.0,-358.75,1,94.282,
01/01/2000,01:29:32.75,18.06,-61.12,-991.86,271.25,-700.0,-385.0,1,94.271,
01/01/2000,01:29:32.76,19.28,-61.24,-991.98,70.0,-700.0,-437.50,1,94.272,
01/01/2000,01:29:32.77,20.50,-61.37,-992.23,105.0,-770.0,-420.0,1,94.272,
01/01/2000,01:29:32.78,21.11,-61.37,-992.35,78.75,-752.50,-367.50,1,94.273,
01/01/2000,01:29:32.79,20.50,-61.37,-991.74,35.0,-638.75,-253.75,1,94.274,
01/01/2000,01:29:32.80,19.03,-61.37,-991.37,245.0,-691.25,-157.50,1,94.274,
01/01/2000,01:29:32.82,16.59,-61.12,-991.25,105.0,-708.75,-367.50,1,94.275,
01/01/2000,01:29:32.83,16.10,-61.24,-991.49,105.0,-630.0,-411.25,1,94.276,
01/01/2000,01:29:32.84,16.23,-60.88,-991.86,113.75,-752.50,-533.75,1,94.276,
01/01/2000,01:29:32.85,17.45,-60.88,-992.23,175.0,-656.25,-455.0,1,94.277,
01/01/2000,01:29:32.86,19.40,-61.0,-992.35,227.50,-787.50,-297.50,1,94.278,
01/01/2000,01:29:32.87,20.74,-61.49,-992.47,131.25,-586.25,-385.0,1,94.278,
01/01/2000,01:29:32.88,20.98,-61.73,-992.10,35.0,-770.0,-332.50,1,94.279,
01/01/2000,01:29:32.89,20.50,-61.73,-991.37,148.75,-665.0,-367.50,1,94.268,
01/01/2000,01:29:32.90,19.89,-61.49,-990.88,113.75,-752.50,-140.0,1,94.281,
01/01/2000,01:29:32.91,18.91,-60.88,-990.15,166.25,-761.25,-253.75,1,94.270,
01/01/2000,01:29:32.92,18.06,-60.88,-990.15,210.0,-647.50,-236.25,1,94.271,
01/01/2000,01:29:32.93,17.81,-61.12,-990.64,96.25,-743.75,-306.25,1,94.271,
01/01/2000,01:29:32.94,18.06,-61.24,-991.49,-61.25,-691.25,-350.0,1,94.272,
01/01/2000,01:29:32.95,18.79,-61.73,-991.98,17.50,-621.25,-420.0,1,94.273,
01/01/2000,01:29:32.97,20.25,-61.49,-991.49,35.0,-761.25,-516.25,1,94.273,
01/01/2000,01:29:32.98,20.74,-61.0,-991.01,113.75,-743.75,-253.75,1,94.274,
01/01/2000,01:29:32.99,20.37,-61.0,-990.88,0.0,-726.25,-175.0,1,94.275,
01/01/2000,01:29:33.00,19.15,-61.37,-991.13,43.75,-831.25,-43.75,1,94.275,
01/01/2000,01:29:33.01,17.93,-61.73,-991.62,236.25,-612.50,-341.25,1,94.276,
01/01/2000,01:29:33.02,16.35,-61.61,-992.71,96.25,-752.50,-358.75,1,94.277,
01/01/2000,01:29:33.03,16.23,-61.0,-993.20,148.75,-682.50,-586.25,1,94.277,
01/01/2000,01:29:33.04,16.84,-60.76,-993.32,148.75,-621.25,-402.50,1,94.267,
01/01/2000,01:29:33.05,17.57,-60.51,-992.35,227.50,-665.0,-297.50,1,94.267,
01/01/2000,01:29:33.06,19.40,-60.76,-991.49,148.75,-630.0,-315.0,1,94.268,
01/01/2000,01:29:33.07,20.37,-61.24,-990.88,105.0,-682.50,-411.25,1,94.269,
01/01/2000,01:29:33.08,20.74,-61.49,-990.64,131.25,-778.75,-218.75,1,94.270,
01/01/2000,01:29:33.09,20.86,-61.73,-990.88,166.25,-778.75,-463.75,1,94.270,
01/01/2000,01:29:33.10,20.25,-61.49,-992.10,183.75,-647.50,-323.75,1,94.271,
01/01/2000,01:29:33.11,19.52,-61.0,-992.71,122.50,-638.75,-341.25,1,94.272,
01/01/2000,01:29:33.12,18.54,-60.51,-992.96,175.0,-656.25,-218.75,1,94.272,
01/01/2000,01:29:33.13,17.57,-60.51,-992.47,140.0,-647.50,-192.50,1,94.273,
01/01/2000,01:29:33.14,17.45,-60.76,-991.98,131.25,-673.75,-262.50,1,94.274,
01/01/2000,01:29:33.15,18.06,-61.37,-991.62,210.0,-708.75,-393.75,1,94.274,
01/01/2000,01:29:33.16,19.15,-61.85,-991.86,157.50,-708.75,-560.0,1,94.275,
01/01/2000,01:29:33.18,21.11,-61.49,-992.35,157.50,-700.0,-525.0,1,94.276,
01/01/2000,01:29:33.19,21.35,-61.24,-992.59,43.75,-682.50,-245.0,1,94.276,
01/01/2000,01:29:33.20,20.50,-60.76,-992.35,306.25,-700.0,-87.50,1,94.277,
01/01/2000,01:29:33.21,18.79,-61.0,-991.86,280.0,-787.50,-96.25,1,94.278,
01/01/2000,01:29:33.22,16.84,-61.0,-991.01,148.75,-691.25,-525.0,1,94.278,
01/01/2000,01:29:33.23,16.35,-61.12,-990.64,105.0,-708.75,-402.50,1,94.279,
01/01/2000,01:29:33.24,16.71,-61.12,-990.27,105.0,-665.0,-481.25,1,94.280,
01/01/2000,01:29:33.25,18.18,-61.0,-990.64,157.50,-726.25,-306.25,1,94.281,
01/01/2000,01:29:33.26,19.40,-61.12,-990.88,105.0,-743.75,-533.75,1,94.281,
01/01/2000,01:29:33.27,20.50,-61.24,-991.13,245.0,-665.0,-315.0,1,94.282,
01/01/2000,01:29:33.28,21.59,-61.24,-991.25,140.0,-717.50,-315.0,1,94.283,
01/01/2000,01:29:33.29,21.35,-61.37,-991.37,70.0,-770.0,-288.75,1,94.283,
01/01/2000,01:29:33.30,20.37,-61.49,-991.62,105.0,-708.75,-227.50,1,94.284,
01/01/2000,01:29:33.31,18.42,-61.24,-991.74,131.25,-735.0,-218.75,1,94.273,
01/01/2000,01:29:33.32,17.45,-61.12,-991.86,227.50,-778.75,-323.75,1,94.274,
01/01/2000,01:29:33.33,16.96,-60.51,-991.86,236.25,-665.0,-367.50,1,94.275,
01/01/2000,01:29:33.34,17.45,-60.51,-991.62,122.50,-630.0,-323.75,1,94.275,
01/01/2000,01:29:33.35,18.42,-60.63,-991.49,183.75,-700.0,-420.0,1,94.276,
01/01/2000,01:29:33.36,19.28,-60.76,-991.25,-8.75,-665.0,-446.25,1,94.277,
01/01/2000,01:29:33.37,20.13,-61.0,-991.01,43.75,-673.75,-227.50,1,94.277,
01/01/2000,01:29:33.39,20.01,-61.37,-990.76,113.75,-761.25,-385.0,1,94.278,
01/01/2000,01:29:33.40,18.54,-61.24,-991.37,245.0,-700.0,-236.25,1,94.279,
01/01/2000,01:29:33.41,17.32,-60.63,-991.86,70.0,-665.0,-358.75,1,94.280,
01/01/2000,01:29:33.42,16.47,-60.15,-992.35,192.50,-700.0,-341.25,1,94.280,
01/01/2000,01:29:33.43,16.71,-60.15,-992.71,183.75,-682.50,-350.0,1,94.281,
01/01/2000,01:29:33.44,17.45,-60.02,-992.71,113.75,-691.25,-280.0,1,94.282,
01/01/2000,01:29:33.45,19.03,-60.76,-992.35,140.0,-665.0,-341.25,1,94.282,
01/01/2000,01:29:33.46,20.98,-61.37,-991.62,210.0,-638.75,-446.25,1,94.283,
01/01/2000,01:29:33.47,21.47,-61.61,-991.37,253.75,-770.0,-420.0,1,94.284,
01/01/2000,01:29:33.49,21.47,-61.0,-991.98,-78.75,-857.50,-341.25,1,94.273,
01/01/2000,01:29:33.50,20.25,-60.76,-992.23,87.50,-595.0,-236.25,1,94.274,
01/01/2000,01:29:33.51,18.18,-60.39,-992.47,253.75,-673.75,-210.0,1,94.274,
01/01/2000,01:29:33.52,17.08,-60.39,-992.35,70.0,-691.25,-131.25,1,94.275,
01/01/2000,01:29:33.53,16.96,-60.63,-991.86,201.25,-656.25,-402.50,1,94.276,
01/01/2000,01:29:33.54,17.32,-60.88,-991.13,157.50,-673.75,-533.75,1,94.276,
01/01/2000,01:29:33.55,19.28,-60.76,-990.52,52.50,-735.0,-420.0,1,94.277,
01/01/2000,01:29:33.56,20.50,-60.88,-990.03,78.75,-717.50,-271.25,1,94.278,
01/01/2000,01:29:33.57,20.86,-61.0,-990.03,140.0,-735.0,-280.0,1,94.279,
01/01/2000,01:29:33.58,20.37,-61.0,-990.40,43.75,-761.25,-218.75,1,94.279,
01/01/2000,01:29:33.59,18.30,-60.88,-991.25,87.50,-673.75,-96.25,1,94.280,
01/01/2000,01:29:33.60,16.96,-60.76,-991.86,183.75,-700.0,-350.0,1,94.281,
01/01/2000,01:29:33.61,16.35,-60.51,-992.59,218.75,-568.75,-437.50,1,94.281,
01/01/2000,01:29:33.62,16.35,-60.27,-993.08,87.50,-682.50,-297.50,1,94.282,
01/01/2000,01:29:33.63,17.57,-60.39,-992.84,183.75,-656.25,-341.25,1,94.283,
01/01/2000,01:29:33.64,18.91,-60.51,-992.35,17.50,-752.50,-358.75,1,94.283,
01/01/2000,01:29:33.65,20.01,-61.0,-991.62,271.25,-778.75,-297.50,1,94.284,
01/01/2000,01:29:33.66,20.98,-61.0,-991.13,70.0,-700.0,-306.25,1,94.285,
01/01/2000,01:29:33.67,20.74,-61.49,-990.88,306.25,-743.75,-297.50,1,94.274,
01/01/2000,01:29:33.68,19.52,-60.88,-991.37,70.0,-621.25,-253.75,1,94.275,
01/01/2000,01:29:33.69,18.30,-60.76,-991.74,113.75,-700.0,-297.50,1,94.275,
01/01/2000,01:29:33.70,17.32,-60.15,-991.98,-26.25,-647.50,-280.0,1,94.276,
01/01/2000,01:29:33.71,16.59,-60.27,-992.10,166.25,-656.25,-236.25,1,94.277,
01/01/2000,01:29:33.72,17.08,-60.39,-992.10,113.75,-630.0,-262.50,1,94.278,
01/01/2000,01:29:33.74,18.91,-61.0,-991.86,131.25,-498.75,-638.75,1,94.278,
01/01/2000,01:29:33.75,21.11,-61.24,-991.49,227.50,-665.0,-420.0,1,94.279,
01/01/2000,01:29:33.76,21.84,-61.12,-991.37,52.50,-743.75,-288.75,1,94.280,
01/01/2000,01:29:33.77,21.72,-61.24,-991.37,78.75,-743.75,-201.25,1,94.280,
01/01/2000,01:29:33.78,20.50,-61.0,-991.62,113.75,-708.75,-52.50,1,94.281,
01/01/2000,01:29:33.79,18.54,-61.0,-991.86,35.0,-875.0,-201.25,1,94.282,
01/01/2000,01:29:33.80,16.10,-61.0,-991.98,148.75,-708.75,-446.25,1,94.282,
01/01/2000,01:29:33.81,15.49,-60.51,-992.35,43.75,-603.75,-420.0,1,94.283,
01/01/2000,01:29:33.82,16.59,-60.27,-992.35,183.75,-700.0,-551.25,1,94.284,
01/01/2000,01:29:33.83,18.06,-60.63,-992.35,253.75,-656.25,-490.0,1,94.284,
01/01/2000,01:29:33.84,20.01,-60.76,-992.35,166.25,-691.25,-446.25,1,94.285,
01/01/2000,01:29:33.85,21.72,-61.24,-991.98,271.25,-796.25,-227.50,1,94.286,
01/01/2000,01:29:33.86,22.20,-61.24,-991.74,17.50,-778.75,-227.50,1,94.286,
01/01/2000,01:29:33.87,21.23,-61.12,-991.62,96.25,-682.50,-218.75,1,94.287,
01/01/2000,01:29:33.88,19.40,-60.76,-991.13,148.75,-778.75,-262.50,1,94.276,
01/01/2000,01:29:33.90,18.06,-60.51,-991.01,201.25,-630.0,-262.50,1,94.277,
01/01/2000,01:29:33.91,17.32,-60.27,-991.01,78.75,-638.75,-332.50,1,94.278,
01/01/2000,01:29:33.92,17.32,-60.51,-991.01,175.0,-665.0,-393.75,1,94.279,
01/01/2000,01:29:33.93,17.81,-60.76,-991.13,122.50,-682.50,-323.75,1,94.279,
01/01/2000,01:29:33.94,19.15,-61.12,-991.25,297.50,-708.75,-673.75,1,94.280,
01/01/2000,01:29:33.95,20.25,-61.24,-991.62,148.75,-621.25,-297.50,1,94.281,
01/01/2000,01:29:33.96,20.74,-61.24,-991.86,61.25,-770.0,-297.50,1,94.281,
01/01/2000,01:29:33.97,19.52,-60.76,-991.98,253.75,-673.75,-122.50,1,94.282,
01/01/2000,01:29:33.98,18.18,-60.76,-992.10,183.75,-665.0,-122.50,1,94.283,
01/01/2000,01:29:33.99,16.71,-60.76,-991.98,236.25,-700.0,-350.0,1,94.272,
01/01/2000,01:29:34.00,16.84,-60.51,-991.98,271.25,-603.75,-350.0,1,94.273,
01/01/2000,01:29:34.01,17.93,-60.76,-992.10,157.50,-691.25,-297.50,1,94.273,
01/01/2000,01:29:34.03,18.79,-60.88,-992.10,113.75,-595.0,-420.0,1,94.274,
01/01/2000,01:29:34.04,19.76,-61.12,-991.62,140.0,-682.50,-218.75,1,94.275,
01/01/2000,01:29:34.05,20.25,-61.0,-990.64,183.75,-787.50,-385.0,1,94.275,
01/01/2000,01:29:34.06,20.13,-60.76,-990.64,236.25,-673.75,-236.25,1,94.276,
01/01/2000,01:29:34.07,19.64,-60.63,-990.64,227.50,-717.50,-297.50,1,94.277,
01/01/2000,01:29:34.08,19.15,-60.51,-991.13,166.25,-778.75,-271.25,1,94.278,
01/01/2000,01:29:34.09,18.54,-60.76,-991.62,315.0,-717.50,-315.0,1,94.278,
01/01/2000,01:29:34.10,18.06,-60.63,-992.71,192.50,-647.50,-367.50,1,94.279,
01/01/2000,01:29:34.11,18.06,-60.39,-992.96,245.0,-630.0,-358.75,1,94.280,
01/01/2000,01:29:34.12,18.54,-60.27,-992.71,148.75,-700.0,-288.75,1,94.280,
01/01/2000,01:29:34.13,19.28,-60.51,-991.74,236.25,-708.75,-376.25,1,94.281,
01/01/2000,01:29:34.14,20.13,-60.51,-991.25,17.50,-691.25,-253.75,1,94.282,
01/01/2000,01:29:34.15,20.13,-61.0,-990.88,43.75,-857.50,-367.50,1,94.282,
01/01/2000,01:29:34.16,19.28,-61.24,-991.13,131.25,-778.75,-192.50,1,94.283,
01/01/2000,01:29:34.17,18.06,-61.12,-991.74,140.0,-612.50,-122.50,1,94.284,
01/01/2000,01:29:34.18,17.32,-60.76,-992.59,52.50,-717.50,-437.50,1,94.284,
01/01/2000,01:29:34.19,16.84,-60.39,-993.32,210.0,-708.75,-323.75,1,94.285,
01/01/2000,01:29:34.20,17.57,-60.27,-993.08,-8.75,-638.75,-315.0,1,94.286,
01/01/2000,01:29:34.21,18.54,-60.27,-992.47,52.50,-691.25,-472.50,1,94.286,
01/01/2000,01:29:34.22,19.76,-60.51,-991.98,175.0,-691.25,-280.0,1,94.287,
01/01/2000,01:29:34.23,21.23,-61.24,-991.62,288.75,-726.25,-358.75,1,94.277,
01/01/2000,01:29:34.24,21.11,-61.37,-991.37,61.25,-717.50,-262.50,1,94.277,
01/01/2000,01:29:34.25,20.50,-61.12,-991.37,253.75,-743.75,-288.75,1,94.278,
01/01/2000,01:29:34.27,19.40,-60.63,-991.62,175.0,-665.0,-297.50,1,94.279,
01/01/2000,01:29:34.27,18.42,-60.27,-991.86,297.50,-665.0,-245.0,1,94.279,
01/01/2000,01:29:34.29,17.45,-60.02,-991.98,87.50,-665.0,-227.50,1,94.280,
01/01/2000,01:29:34.30,17.08,-60.51,-991.74,140.0,-700.0,-376.25,1,94.281,
01/01/2000,01:29:34.31,17.57,-60.88,-991.62,43.75,-595.0,-420.0,1,94.281,
01/01/2000,01:29:34.32,19.40,-61.0,-990.88,245.0,-796.25,-437.50,1,94.282,
01/01/2000,01:29:34.33,20.50,-61.0,-990.64,183.75,-822.50,-411.25,1,94.283,
01/01/2000,01:29:34.34,20.62,-60.88,-990.88,227.50,-875.0,-280.0,1,94.283,
01/01/2000,01:29:34.35,20.25,-61.0,-991.25,140.0,-682.50,-157.50,1,94.284,
01/01/2000,01:29:34.36,18.30,-60.76,-991.86,78.75,-682.50,-70.0,1,94.285,
01/01/2000,01:29:34.37,17.08,-61.0,-992.35,166.25,-691.25,-332.50,1,94.274,
01/01/2000,01:29:34.38,16.35,-60.51,-992.59,-140.0,-568.75,-498.75,1,94.275,
01/01/2000,01:29:34.39,16.59,-60.51,-992.23,113.75,-673.75,-358.75,1,94.276,
01/01/2000,01:29:34.40,17.81,-60.51,-991.62,113.75,-735.0,-367.50,1,94.276,
01/01/2000,01:29:34.41,18.67,-60.88,-991.13,87.50,-796.25,-280.0,1,94.277,
01/01/2000,01:29:34.42,20.25,-61.12,-990.64,140.0,-691.25,-358.75,1,94.278,
01/01/2000,01:29:34.43,20.98,-61.24,-990.88,183.75,-805.0,-358.75,1,94.278,
01/01/2000,01:29:34.45,20.37,-61.0,-991.37,0.0,-708.75,-323.75,1,94.279,
01/01/2000,01:29:34.46,19.52,-60.76,-991.86,157.50,-822.50,-393.75,1,94.280,
01/01/2000,01:29:34.47,18.79,-60.51,-992.35,210.0,-708.75,-323.75,1,94.280,
01/01/2000,01:29:34.48,18.06,-60.27,-992.59,96.25,-700.0,-323.75,1,94.281,
01/01/2000,01:29:34.49,17.69,-60.15,-992.35,131.25,-638.75,-376.25,1,94.282,
01/01/2000,01:29:34.50,18.54,-60.51,-991.74,227.50,-717.50,-420.0,1,94.282,
01/01/2000,01:29:34.51,19.76,-60.63,-991.13,183.75,-743.75,-472.50,1,94.272,
01/01/2000,01:29:34.52,21.23,-60.88,-990.52,70.0,-595.0,-393.75,1,94.272,
01/01/2000,01:29:34.53,21.47,-60.76,-990.40,166.25,-778.75,-271.25,1,94.273,
01/01/2000,01:29:34.54,20.50,-60.76,-990.64,183.75,-691.25,-183.75,1,94.274,
01/01/2000,01:29:34.55,18.91,-60.76,-991.25,43.75,-691.25,-131.25,1,94.275,
01/01/2000,01:29:34.56,16.96,-60.76,-992.47,175.0,-560.0,-315.0,1,94.275,
01/01/2000,01:29:34.57,16.59,-60.27,-993.08,26.25,-691.25,-437.50,1,94.276,
01/01/2000,01:29:34.58,16.59,-60.02,-992.96,0.0,-577.50,-402.50,1,94.277,
01/01/2000,01:29:34.59,17.81,-60.27,-992.23,253.75,-638.75,-367.50,1,94.277,
01/01/2000,01:29:34.60,18.79,-60.27,-991.74,122.50,-691.25,-280.0,1,94.278,
01/01/2000,01:29:34.62,20.01,-60.63,-991.37,122.50,-743.75,-166.25,1,94.279,
01/01/2000,01:29:34.62,20.62,-61.24,-991.13,245.0,-743.75,-367.50,1,94.279,
01/01/2000,01:29:34.64,20.50,-61.0,-991.37,122.50,-770.0,-306.25,1,94.280,
01/01/2000,01:29:34.65,19.76,-60.88,-991.62,113.75,-665.0,-358.75,1,94.281,
01/01/2000,01:29:34.66,18.79,-60.63,-992.23,78.75,-717.50,-166.25,1,94.281,
01/01/2000,01:29:34.67,18.06,-59.90,-992.71,201.25,-743.75,-367.50,1,94.282,
01/01/2000,01:29:34.68,17.93,-59.90,-993.08,61.25,-787.50,-315.0,1,94.283,
01/01/2000,01:29:34.69,18.30,-59.90,-992.96,175.0,-770.0,-245.0,1,94.283,
01/01/2000,01:29:34.70,18.54,-60.39,-992.59,175.0,-673.75,-367.50,1,94.284,
01/01/2000,01:29:34.71,19.15,-60.63,-991.86,113.75,-673.75,-323.75,1,94.285,
01/01/2000,01:29:34.72,19.52,-60.88,-990.64,210.0,-673.75,-376.25,1,94.285,
01/01/2000,01:29:34.73,19.76,-61.0,-990.40,148.75,-857.50,-376.25,1,94.286,
01/01/2000,01:29:34.74,18.91,-60.76,-990.88,262.50,-805.0,-323.75,1,94.287,
01/01/2000,01:29:34.75,18.30,-60.51,-991.49,140.0,-621.25,-332.50,1,94.287,
01/01/2000,01:29:34.76,17.57,-60.27,-992.23,-43.75,-708.75,-288.75,1,94.288,
01/01/2000,01:29:34.77,17.57,-60.15,-992.47,87.50,-656.25,-306.25,1,94.289,
01/01/2000,01:29:34.78,17.93,-60.51,-991.86,87.50,-708.75,-367.50,1,94.289,
01/01/2000,01:29:34.79,19.03,-60.63,-991.13,78.75,-770.0,-367.50,1,94.279,
01/01/2000,01:29:34.80,19.89,-60.76,-990.64,105.0,-778.75,-402.50,1,94.280,
01/01/2000,01:29:34.81,20.50,-61.0,-990.40,131.25,-717.50,-183.75,1,94.280,
01/01/2000,01:29:34.82,20.74,-60.88,-990.40,175.0,-612.50,-315.0,1,94.281,
01/01/2000,01:29:34.83,20.50,-60.76,-990.64,96.25,-700.0,-236.25,1,94.282,
01/01/2000,01:29:34.84,19.52,-60.39,-991.37,148.75,-735.0,-341.25,1,94.282,
01/01/2000,01:29:34.85,18.79,-60.39,-991.74,175.0,-743.75,-280.0,1,94.283,
01/01/2000,01:29:34.87,17.57,-60.51,-992.35,253.75,-805.0,-323.75,1,94.284,
01/01/2000,01:29:34.88,17.57,-60.63,-992.47,175.0,-717.50,-376.25,1,94.284,
01/01/2000,01:29:34.89,17.81,-60.51,-992.47,175.0,-595.0,-402.50,1,94.285,
01/01/2000,01:29:34.90,18.30,-60.63,-991.98,148.75,-743.75,-280.0,1,94.286,
01/01/2000,01:29:34.91,19.15,-60.51,-991.49,218.75,-726.25,-463.75,1,94.286,
01/01/2000,01:29:34.92,19.28,-60.39,-991.13,210.0,-778.75,-236.25,1,94.287,
01/01/2000,01:29:34.93,18.54,-60.51,-991.01,70.0,-831.25,-166.25,1,94.288,
01/01/2000,01:29:34.94,17.69,-60.63,-991.74,210.0,-708.75,-393.75,1,94.277,
01/01/2000,01:29:34.95,17.32,-60.51,-992.47,61.25,-612.50,-420.0,1,94.278,
01/01/2000,01:29:34.96,17.20,-60.27,-993.08,175.0,-568.75,-315.0,1,94.279,
01/01/2000,01:29:34.97,17.81,-60.02,-992.84,122.50,-726.25,-411.25,1,94.279,
01/01/2000,01:29:34.98,18.54,-59.90,-992.23,157.50,-630.0,-332.50,1,94.280,
01/01/2000,01:29:34.99,19.64,-60.15,-991.49,140.0,-691.25,-341.25,1,94.281,
01/01/2000,01:29:35.01,20.74,-60.76,-990.52,358.75,-840.0,-315.0,1,94.281,
01/01/2000,01:29:35.02,20.25,-61.0,-990.64,166.25,-822.50,-437.50,1,94.282,
01/01/2000,01:29:35.03,19.89,-60.76,-991.37,227.50,-778.75,-227.50,1,94.283,
01/01/2000,01:29:35.04,19.03,-60.51,-991.98,87.50,-717.50,-428.75,1,94.283,
01/01/2000,01:29:35.05,18.30,-60.15,-992.59,26.25,-665.0,-315.0,1,94.284,
01/01/2000,01:29:35.06,18.06,-59.90,-992.71,288.75,-577.50,-148.75,1,94.285,
01/01/2000,01:29:35.07,18.06,-59.78,-992.47,35.0,-638.75,-288.75,1,94.285,
01/01/2000,01:29:35.08,18.67,-60.15,-991.98,210.0,-735.0,-393.75,1,94.275,
01/01/2000,01:29:35.09,19.40,-60.39,-991.37,271.25,-778.75,-367.50,1,94.276,
01/01/2000,01:29:35.10,20.13,-60.76,-990.88,105.0,-796.25,-262.50,1,94.276,
01/01/2000,01:29:35.11,20.01,-60.88,-991.01,350.0,-752.50,-236.25,1,94.277,
01/01/2000,01:29:35.12,19.28,-60.63,-991.74,148.75,-752.50,-306.25,1,94.278,
01/01/2000,01:29:35.13,18.30,-60.39,-992.35,52.50,-665.0,-332.50,1,94.278,
01/01/2000,01:29:35.14,17.57,-60.27,-993.08,201.25,-612.50,-358.75,1,94.279,
01/01/2000,01:29:35.15,17.32,-59.66,-993.08,87.50,-665.0,-350.0,1,94.280,
01/01/2000,01:29:35.16,17.81,-59.66,-992.71,201.25,-805.0,-297.50,1,94.280,
01/01/2000,01:29:35.17,18.67,-60.02,-992.23,26.25,-682.50,-271.25,1,94.281,
01/01/2000,01:29:35.19,19.89,-60.51,-991.62,113.75,-761.25,-428.75,1,94.282,
01/01/2000,01:29:35.19,20.13,-61.0,-991.25,201.25,-787.50,-341.25,1,94.282,
01/01/2000,01:29:35.21,19.89,-60.76,-991.13,52.50,-726.25,-341.25,1,94.283,
01/01/2000,01:29:35.22,18.91,-60.63,-991.62,113.75,-691.25,-420.0,1,94.284,
01/01/2000,01:29:35.23,18.18,-60.02,-991.98,96.25,-665.0,-271.25,1,94.284,
01/01/2000,01:29:35.24,17.81,-59.54,-992.23,157.50,-691.25,-262.50,1,94.285,
01/01/2000,01:29:35.25,17.45,-59.54,-992.23,105.0,-700.0,-376.25,1,94.286,
01/01/2000,01:29:35.26,17.69,-60.02,-991.98,175.0,-665.0,-315.0,1,94.286,
01/01/2000,01:29:35.27,18.06,-60.27,-991.74,183.75,-647.50,-367.50,1,94.287,
01/01/2000,01:29:35.28,18.67,-60.76,-991.25,122.50,-656.25,-376.25,1,94.288,
01/01/2000,01:29:35.29,19.40,-60.88,-990.64,61.25,-752.50,-297.50,1,94.277,
01/01/2000,01:29:35.30,19.28,-60.51,-990.52,192.50,-708.75,-218.75,1,94.278,
01/01/2000,01:29:35.31,18.54,-60.15,-990.88,61.25,-682.50,-236.25,1,94.279,
01/01/2000,01:29:35.32,17.69,-60.02,-991.62,87.50,-717.50,-271.25,1,94.279,
01/01/2000,01:29:35.33,16.96,-59.90,-992.23,52.50,-752.50,-402.50,1,94.280,
01/01/2000,01:29:35.34,16.84,-60.02,-992.47,148.75,-560.0,-358.75,1,94.281,
01/01/2000,01:29:35.35,17.81,-60.02,-992.35,183.75,-630.0,-323.75,1,94.281,
01/01/2000,01:29:35.37,19.15,-60.02,-991.62,148.75,-822.50,-288.75,1,94.282,
01/01/2000,01:29:35.38,19.76,-60.02,-991.13,175.0,-857.50,-376.25,1,94.283,
01/01/2000,01:29:35.39,20.25,-60.27,-990.76,140.0,-910.0,-262.50,1,94.283,
01/01/2000,01:29:35.40,20.25,-59.90,-990.88,70.0,-717.50,-280.0,1,94.284,
01/01/2000,01:29:35.41,19.76,-60.27,-991.49,105.0,-787.50,-253.75,1,94.285,
01/01/2000,01:29:35.42,19.40,-60.27,-991.98,157.50,-743.75,-280.0,1,94.285,
01/01/2000,01:29:35.43,18.54,-60.15,-992.23,183.75,-638.75,-428.75,1,94.286,
01/01/2000,01:29:35.44,18.30,-60.15,-992.35,148.75,-743.75,-227.50,1,94.287,
01/01/2000,01:29:35.45,18.06,-60.27,-992.35,157.50,-752.50,-393.75,1,94.287,
01/01/2000,01:29:35.46,18.54,-60.27,-991.98,148.75,-673.75,-323.75,1,94.288,
01/01/2000,01:29:35.47,19.15,-60.39,-991.74,70.0,-700.0,-428.75,1,94.289,
01/01/2000,01:29:35.48,19.52,-60.27,-991.25,105.0,-638.75,-236.25,1,94.289,
01/01/2000,01:29:35.49,19.52,-60.51,-991.13,280.0,-665.0,-367.50,1,94.290,
01/01/2000,01:29:35.50,18.79,-60.51,-991.74,175.0,-761.25,-280.0,1,94.280,
01/01/2000,01:29:35.51,17.57,-60.76,-992.35,227.50,-577.50,-411.25,1,94.280,
01/01/2000,01:29:35.53,16.84,-60.27,-993.08,236.25,-700.0,-332.50,1,94.281,
01/01/2000,01:29:35.54,17.08,-59.78,-992.96,157.50,-656.25,-437.50,1,94.282,
01/01/2000,01:29:35.55,18.06,-59.78,-992.47,236.25,-682.50,-385.0,1,94.282,
01/01/2000,01:29:35.56,19.03,-59.90,-991.86,175.0,-682.50,-271.25,1,94.283,
01/01/2000,01:29:35.57,19.76,-60.27,-991.01,218.75,-656.25,-236.25,1,94.284,
01/01/2000,01:29:35.58,20.01,-60.63,-990.64,70.0,-691.25,-411.25,1,94.284,
01/01/2000,01:29:35.59,19.89,-60.76,-990.52,227.50,-743.75,-297.50,1,94.285,
01/01/2000,01:29:35.60,19.76,-60.27,-990.88,122.50,-665.0,-367.50,1,94.286,
01/01/2000,01:29:35.61,19.03,-59.90,-991.49,105.0,-691.25,-280.0,1,94.286,
01/01/2000,01:29:35.62,18.42,-59.66,-992.10,52.50,-665.0,-280.0,1,94.287,
01/01/2000,01:29:35.63,17.81,-59.78,-992.59,253.75,-603.75,-288.75,1,94.288,
01/01/2000,01:29:35.64,17.32,-60.02,-992.84,122.50,-691.25,-323.75,1,94.277,
01/01/2000,01:29:35.65,17.57,-60.27,-992.59,148.75,-770.0,-332.50,1,94.278,
01/01/2000,01:29:35.66,18.18,-60.51,-992.23,35.0,-665.0,-463.75,1,94.279,
01/01/2000,01:29:35.67,18.54,-60.76,-991.62,227.50,-612.50,-393.75,1,94.279,
01/01/2000,01:29:35.68,19.03,-60.27,-990.88,140.0,-726.25,-280.0,1,94.280,
01/01/2000,01:29:35.69,18.79,-60.51,-990.88,271.25,-708.75,-218.75,1,94.281,
01/01/2000,01:29:35.70,18.42,-60.39,-991.25,131.25,-770.0,-437.50,1,94.281,
01/01/2000,01:29:35.71,17.57,-60.39,-992.10,52.50,-752.50,-367.50,1,94.282,
01/01/2000,01:29:35.72,17.20,-60.39,-992.35,-35.0,-708.75,-446.25,1,94.283,
01/01/2000,01:29:35.73,17.69,-60.51,-992.59,175.0,-717.50,-358.75,1,94.283,
01/01/2000,01:29:35.75,18.06,-60.02,-992.35,78.75,-717.50,-367.50,1,94.284,
01/01/2000,01:29:35.75,18.54,-60.27,-991.62,227.50,-647.50,-315.0,1,94.285,
01/01/2000,01:29:35.77,19.03,-60.27,-991.37,70.0,-796.25,-280.0,1,94.285,
01/01/2000,01:29:35.78,18.54,-60.88,-991.86,183.75,-796.25,-341.25,1,94.286,
01/01/2000,01:29:35.79,17.57,-60.88,-992.84,166.25,-822.50,-332.50,1,94.287,
01/01/2000,01:29:35.80,16.10,-60.76,-994.30,122.50,-673.75,-341.25,1,94.287,
01/01/2000,01:29:35.81,14.15,-60.51,-996.01,166.25,-708.75,-122.50,1,94.288,
01/01/2000,01:29:35.82,12.57,-60.51,-997.47,280.0,-700.0,-271.25,1,94.289,
01/01/2000,01:29:35.83,11.47,-60.02,-998.81,122.50,-630.0,-376.25,1,94.289,
01/01/2000,01:29:35.84,11.71,-60.27,-998.69,183.75,-595.0,-551.25,1,94.290,
01/01/2000,01:29:35.85,12.93,-60.51,-997.11,131.25,-656.25,656.25,1,94.280,
01/01/2000,01:29:35.86,14.03,-60.76,-995.52,201.25,-595.0,691.25,1,94.280,
01/01/2000,01:29:35.87,14.76,-61.0,-994.42,192.50,-805.0,-743.75,1,94.281,
01/01/2000,01:29:35.88,15.13,-61.0,-994.79,131.25,-892.50,-901.25,1,94.282,
01/01/2000,01:29:35.89,14.40,-60.76,-996.37,175.0,-770.0,-700.0,1,94.282,
01/01/2000,01:29:35.90,12.69,-60.63,-998.45,166.25,-735.0,-183.75,1,94.283,
01/01/2000,01:29:35.91,10.98,-60.51,-1000.64,148.75,-726.25,-26.25,1,94.284,
01/01/2000,01:29:35.93,8.66,-60.02,-1002.84,105.0,-595.0,-210.0,1,94.284,
01/01/2000,01:29:35.94,7.56,-60.15,-1002.96,262.50,-560.0,-560.0,1,94.285,
01/01/2000,01:29:35.95,8.30,-59.90,-1001.01,227.50,-621.25,-621.25,1,94.286,
01/01/2000,01:29:35.96,10.00,-60.15,-998.94,236.25,-647.50,-411.25,1,94.286,
01/01/2000,01:29:35.97,12.08,-60.27,-996.98,175.0,-700.0,-280.0,1,94.287,
01/01/2000,01:29:35.98,13.91,-60.51,-995.89,61.25,-778.75,-446.25,1,94.288,
01/01/2000,01:29:35.99,15.86,-60.88,-995.40,297.50,-735.0,-113.75,1,94.288,
01/01/2000,01:29:36.00,15.13,-61.0,-995.52,192.50,-577.50,140.0,1,94.289,
01/01/2000,01:29:36.01,12.93,-60.63,-996.01,148.75,-691.25,-122.50,1,94.290,
01/01/2000,01:29:36.02,11.83,-60.02,-996.74,166.25,-726.25,-472.50,1,94.290,
01/01/2000,01:29:36.03,12.08,-59.78,-997.11,262.50,-586.25,-498.75,1,94.280,
01/01/2000,01:29:36.05,13.91,-59.29,-996.13,35.0,-717.50,-665.0,1,94.281,
01/01/2000,01:29:36.06,16.35,-59.78,-994.79,96.25,-700.0,-183.75,1,94.281,
01/01/2000,01:29:36.07,16.96,-60.15,-993.32,122.50,-770.0,105.0,1,94.282,
01/01/2000,01:29:36.08,16.71,-61.0,-992.47,210.0,-778.75,-201.25,1,94.283,
01/01/2000,01:29:36.09,16.59,-61.37,-992.84,52.50,-630.0,-700.0,1,94.283,
01/01/2000,01:29:36.10,16.59,-61.12,-993.69,245.0,-691.25,-691.25,1,94.284,
01/01/2000,01:29:36.11,16.84,-60.15,-994.06,131.25,-560.0,-490.0,1,94.285,
01/01/2000,01:29:36.12,16.84,-59.54,-993.69,297.50,-743.75,-253.75,1,94.285,
01/01/2000,01:29:36.13,16.84,-59.29,-993.08,148.75,-638.75,-192.50,1,94.286,
01/01/2000,01:29:36.14,17.32,-59.78,-992.59,262.50,-647.50,-210.0,1,94.287,
01/01/2000,01:29:36.15,17.57,-60.39,-992.35,-26.25,-708.75,-315.0,1,94.287,
01/01/2000,01:29:36.16,17.69,-61.12,-992.47,183.75,-665.0,-428.75,1,94.288,
01/01/2000,01:29:36.17,17.81,-61.24,-992.47,315.0,-656.25,-525.0,1,94.289,
01/01/2000,01:29:36.18,17.57,-60.63,-992.35,131.25,-743.75,-428.75,1,94.289,
01/01/2000,01:29:36.19,17.57,-59.78,-992.10,166.25,-735.0,-218.75,1,94.290,
01/01/2000,01:29:36.20,17.69,-59.41,-992.10,113.75,-700.0,-411.25,1,94.291,
01/01/2000,01:29:36.21,18.06,-59.29,-992.23,157.50,-848.75,-306.25,1,94.280,
01/01/2000,01:29:36.22,18.06,-60.15,-992.23,218.75,-682.50,-148.75,1,94.281,
01/01/2000,01:29:36.23,18.06,-60.76,-991.98,210.0,-691.25,-411.25,1,94.282,
01/01/2000,01:29:36.24,18.06,-60.88,-991.62,271.25,-700.0,-446.25,1,94.282,
01/01/2000,01:29:36.25,18.18,-60.76,-991.62,8.75,-778.75,-393.75,1,94.283,
01/01/2000,01:29:36.26,18.42,-60.39,-991.62,105.0,-612.50,-411.25,1,94.284,
01/01/2000,01:29:36.28,18.42,-59.78,-991.74,166.25,-673.75,-245.0,1,94.284,
01/01/2000,01:29:36.29,18.30,-59.41,-991.62,175.0,-551.25,-262.50,1,94.285,
01/01/2000,01:29:36.30,18.30,-59.90,-991.62,315.0,-665.0,-393.75,1,94.286,
01/01/2000,01:29:36.31,18.30,-60.15,-991.37,70.0,-682.50,-420.0,1,94.286,
01/01/2000,01:29:36.32,18.42,-60.51,-991.37,87.50,-665.0,-341.25,1,94.287,
01/01/2000,01:29:36.33,18.54,-60.51,-991.37,227.50,-647.50,-411.25,1,94.288,
01/01/2000,01:29:36.34,18.54,-60.39,-991.49,192.50,-831.25,-367.50,1,94.288,
01/01/2000,01:29:36.35,18.42,-59.90,-991.62,262.50,-603.75,-306.25,1,94.289,
01/01/2000,01:29:36.36,18.30,-60.02,-991.74,210.0,-726.25,-323.75,1,94.290,
01/01/2000,01:29:36.37,18.30,-59.78,-991.62,-35.0,-708.75,-332.50,1,94.290,
01/01/2000,01:29:36.38,18.18,-60.15,-991.74,183.75,-752.50,-350.0,1,94.291,
01/01/2000,01:29:36.39,17.81,-60.63,-992.35,245.0,-936.25,-341.25,1,94.292,
01/01/2000,01:29:36.40,18.06,-60.76,-994.06,218.75,-822.50,-420.0,1,94.292,
01/01/2000,01:29:36.42,19.15,-61.12,-996.62,253.75,-665.0,-586.25,1,94.282,
01/01/2000,01:29:36.42,19.03,-60.63,-997.96,183.75,-647.50,-481.25,1,94.283,
01/01/2000,01:29:36.44,19.03,-60.39,-998.69,192.50,-682.50,-350.0,1,94.283,
01/01/2000,01:29:36.45,19.40,-60.15,-999.18,183.75,-735.0,-393.75,1,94.284,
01/01/2000,01:29:36.46,19.76,-60.27,-999.18,148.75,-673.75,-288.75,1,94.285,
01/01/2000,01:29:36.47,19.52,-60.76,-999.06,227.50,-638.75,-297.50,1,94.285,
01/01/2000,01:29:36.48,19.03,-61.12,-998.57,236.25,-778.75,-323.75,1,94.286,
01/01/2000,01:29:36.49,17.57,-61.24,-998.08,175.0,-717.50,-306.25,1,94.287,
01/01/2000,01:29:36.50,17.20,-61.12,-998.81,131.25,-752.50,-533.75,1,94.287,
01/01/2000,01:29:36.51,17.57,-60.76,-1001.01,236.25,-761.25,-498.75,1,94.288,
01/01/2000,01:29:36.52,18.30,-60.51,-1003.08,131.25,-691.25,-507.50,1,94.289,
01/01/2000,01:29:36.53,19.03,-60.51,-1004.91,105.0,-665.0,-385.0,1,94.289,
01/01/2000,01:29:36.55,18.79,-60.88,-1005.28,218.75,-665.0,-210.0,1,94.279,
01/01/2000,01:29:36.56,18.30,-60.76,-1003.82,78.75,-735.0,-297.50,1,94.280,
01/01/2000,01:29:36.57,17.81,-60.76,-1001.25,166.25,-665.0,-507.50,1,94.280,
01/01/2000,01:29:36.58,17.81,-60.88,-999.91,175.0,-630.0,-332.50,1,94.281,
01/01/2000,01:29:36.59,18.18,-60.76,-999.18,297.50,-831.25,-481.25,1,94.282,
01/01/2000,01:29:36.60,18.79,-60.76,-998.94,236.25,-761.25,-332.50,1,94.282,
01/01/2000,01:29:36.61,19.76,-60.76,-999.30,113.75,-700.0,-280.0,1,94.283,
01/01/2000,01:29:36.62,19.89,-60.51,-999.55,131.25,-743.75,-385.0,1,94.284,
01/01/2000,01:29:36.63,19.76,-60.76,-999.67,201.25,-577.50,-332.50,1,94.284,
01/01/2000,01:29:36.64,18.67,-60.27,-998.94,288.75,-691.25,-367.50,1,94.285,
01/01/2000,01:29:36.65,18.54,-60.15,-998.20,122.50,-735.0,-411.25,1,94.286,
01/01/2000,01:29:36.66,18.54,-60.39,-997.35,122.50,-577.50,-306.25,1,94.286,
01/01/2000,01:29:36.67,18.54,-60.51,-996.25,192.50,-647.50,-437.50,1,94.287,
01/01/2000,01:29:36.68,18.79,-60.39,-995.28,175.0,-682.50,-297.50,1,94.288,
01/01/2000,01:29:36.69,18.79,-60.51,-993.69,78.75,-673.75,-437.50,1,94.288,
01/01/2000,01:29:36.70,18.42,-60.51,-993.08,297.50,-822.50,-253.75,1,94.278,
01/01/2000,01:29:36.71,18.54,-60.39,-992.71,210.0,-673.75,-323.75,1,94.279,
01/01/2000,01:29:36.72,18.42,-60.51,-992.96,341.25,-735.0,-411.25,1,94.279,
01/01/2000,01:29:36.73,18.42,-60.39,-993.08,87.50,-630.0,-437.50,1,94.280,
01/01/2000,01:29:36.74,18.54,-60.39,-993.32,43.75,-743.75,-306.25,1,94.281,
01/01/2000,01:29:36.75,18.42,-60.51,-993.20,306.25,-621.25,-280.0,1,94.281,
01/01/2000,01:29:36.76,18.18,-60.63,-992.23,323.75,-630.0,-236.25,1,94.282,
01/01/2000,01:29:36.78,17.45,-60.51,-991.13,131.25,-778.75,-411.25,1,94.283,
01/01/2000,01:29:36.79,17.57,-60.63,-991.25,227.50,-630.0,-533.75,1,94.283,
01/01/2000,01:29:36.80,18.54,-60.51,-991.62,210.0,-700.0,-796.25,1,94.284,
01/01/2000,01:29:36.81,19.28,-60.76,-992.35,288.75,-805.0,-568.75,1,94.285,
01/01/2000,01:29:36.82,19.89,-60.51,-993.08,253.75,-665.0,-280.0,1,94.285,
01/01/2000,01:29:36.83,19.76,-60.63,-993.08,288.75,-700.0,-148.75,1,94.286,
01/01/2000,01:29:36.84,19.03,-60.27,-992.35,183.75,-726.25,-288.75,1,94.287,
01/01/2000,01:29:36.85,18.42,-60.27,-991.86,306.25,-630.0,-323.75,1,94.287,
01/01/2000,01:29:36.86,18.30,-59.90,-991.86,166.25,-673.75,-393.75,1,94.288,
01/01/2000,01:29:36.87,18.06,-60.02,-992.10,210.0,-700.0,-533.75,1,94.289,
01/01/2000,01:29:36.88,18.67,-60.15,-992.84,113.75,-542.50,-428.75,1,94.289,
01/01/2000,01:29:36.89,18.79,-60.27,-992.59,245.0,-673.75,-288.75,1,94.290,
01/01/2000,01:29:36.90,18.42,-60.02,-992.35,-61.25,-700.0,-367.50,1,94.291,
01/01/2000,01:29:36.91,18.30,-60.02,-991.86,297.50,-761.25,-288.75,1,94.280,
01/01/2000,01:29:36.92,18.06,-59.78,-991.49,35.0,-726.25,-332.50,1,94.281,
01/01/2000,01:29:36.93,18.18,-60.02,-991.37,78.75,-735.0,-437.50,1,94.282,
01/01/2000,01:29:36.94,18.79,-60.27,-991.62,175.0,-813.75,-420.0,1,94.282,
01/01/2000,01:29:36.95,19.28,-60.27,-992.10,271.25,-665.0,-577.50,1,94.283,
01/01/2000,01:29:36.96,19.28,-60.39,-991.98,218.75,-752.50,-358.75,1,94.284,
01/01/2000,01:29:36.98,18.06,-60.27,-990.76,236.25,-752.50,-306.25,1,94.284,
01/01/2000,01:29:36.99,17.32,-60.15,-990.15,148.75,-822.50,-455.0,1,94.285,
01/01/2000,01:29:37.00,17.45,-60.02,-990.40,140.0,-831.25,-525.0,1,94.286,
01/01/2000,01:29:37.01,18.79,-60.63,-992.35,227.50,-831.25,-358.75,1,94.286,
01/01/2000,01:29:37.02,19.52,-60.76,-993.45,122.50,-691.25,-341.25,1,94.287,
01/01/2000,01:29:37.03,19.64,-60.76,-993.81,183.75,-621.25,-218.75,1,94.288,
01/01/2000,01:29:37.04,19.40,-60.51,-993.32,140.0,-638.75,-288.75,1,94.288,
01/01/2000,01:29:37.06,18.54,-60.15,-991.49,245.0,-682.50,-420.0,1,94.278,
01/01/2000,01:29:37.07,18.79,-60.39,-990.88,297.50,-778.75,-315.0,1,94.279,
01/01/2000,01:29:37.08,19.03,-60.63,-991.13,245.0,-586.25,-358.75,1,94.279,
01/01/2000,01:29:37.09,19.15,-60.76,-991.74,166.25,-796.25,-428.75,1,94.280,
01/01/2000,01:29:37.10,19.40,-61.0,-992.47,166.25,-717.50,-437.50,1,94.281,
01/01/2000,01:29:37.11,18.79,-60.51,-993.08,148.75,-735.0,-350.0,1,94.281,
01/01/2000,01:29:37.12,18.06,-60.27,-992.96,201.25,-630.0,-350.0,1,94.282,
01/01/2000,01:29:37.13,17.45,-60.02,-992.35,306.25,-682.50,-245.0,1,94.283,
01/01/2000,01:29:37.14,17.08,-59.78,-991.62,280.0,-778.75,-218.75,1,94.283,
01/01/2000,01:29:37.15,17.57,-60.15,-991.49,288.75,-700.0,-323.75,1,94.284,
01/01/2000,01:29:37.16,18.18,-60.51,-991.37,96.25,-717.50,-350.0,1,94.285,
01/01/2000,01:29:37.17,18.54,-60.88,-991.25,175.0,-700.0,-420.0,1,94.285,
01/01/2000,01:29:37.18,18.79,-60.63,-990.64,105.0,-726.25,-341.25,1,94.286,
01/01/2000,01:29:37.19,18.30,-60.51,-989.91,43.75,-656.25,-402.50,1,94.287,
01/01/2000,01:29:37.20,18.30,-60.27,-989.91,280.0,-700.0,-411.25,1,94.287,
01/01/2000,01:29:37.21,18.54,-60.02,-990.64,43.75,-700.0,-411.25,1,94.288,
01/01/2000,01:29:37.22,19.03,-60.27,-992.84,253.75,-665.0,-280.0,1,94.289,
01/01/2000,01:29:37.23,19.64,-60.51,-993.93,201.25,-665.0,-262.50,1,94.289,
01/01/2000,01:29:37.24,19.52,-60.51,-994.06,148.75,-630.0,-323.75,1,94.290,
01/01/2000,01:29:37.25,19.03,-60.51,-993.32,262.50,-577.50,-376.25,1,94.291,
01/01/2000,01:29:37.26,17.81,-60.39,-991.62,78.75,-700.0,-271.25,1,94.280,
01/01/2000,01:29:37.27,17.69,-60.63,-991.13,201.25,-726.25,-411.25,1,94.281,
01/01/2000,01:29:37.28,18.18,-60.76,-991.49,140.0,-708.75,-280.0,1,94.282,
01/01/2000,01:29:37.29,18.79,-60.76,-992.10,210.0,-717.50,-385.0,1,94.282,
01/01/2000,01:29:37.30,19.28,-60.76,-993.08,210.0,-708.75,-341.25,1,94.283,
01/01/2000,01:29:37.31,19.03,-61.0,-992.96,367.50,-621.25,-376.25,1,94.284,
01/01/2000,01:29:37.32,18.79,-60.76,-992.35,350.0,-743.75,-420.0,1,94.284,
01/01/2000,01:29:37.34,18.54,-60.39,-991.37,140.0,-673.75,-236.25,1,94.285,
01/01/2000,01:29:37.35,18.54,-60.63,-990.76,122.50,-743.75,-210.0,1,94.286,
01/01/2000,01:29:37.36,18.67,-60.76,-990.40,166.25,-647.50,-236.25,1,94.286,
01/01/2000,01:29:37.37,18.79,-61.0,-990.15,78.75,-813.75,-367.50,1,94.287,
01/01/2000,01:29:37.38,18.67,-61.12,-990.15,131.25,-638.75,-341.25,1,94.288,
01/01/2000,01:29:37.39,18.18,-61.0,-989.91,227.50,-717.50,-315.0,1,94.288,
01/01/2000,01:29:37.40,17.81,-60.63,-989.91,201.25,-717.50,-385.0,1,94.289,
01/01/2000,01:29:37.41,18.06,-60.39,-990.27,183.75,-700.0,-210.0,1,94.290,
01/01/2000,01:29:37.42,18.67,-60.51,-991.86,350.0,-700.0,-358.75,1,94.290,
01/01/2000,01:29:37.43,19.40,-60.76,-993.20,262.50,-586.25,-358.75,1,94.291,
01/01/2000,01:29:37.44,19.76,-61.24,-993.81,306.25,-691.25,-332.50,1,94.292,
01/01/2000,01:29:37.45,19.89,-61.12,-993.81,61.25,-665.0,-367.50,1,94.292,
01/01/2000,01:29:37.46,19.64,-61.12,-993.32,227.50,-735.0,-385.0,1,94.293,
01/01/2000,01:29:37.47,19.15,-60.76,-991.98,280.0,-700.0,-201.25,1,94.283,
01/01/2000,01:29:37.48,18.42,-60.76,-990.88,166.25,-656.25,-367.50,1,94.283,
01/01/2000,01:29:37.49,18.30,-60.76,-990.88,96.25,-682.50,-245.0,1,94.284,
01/01/2000,01:29:37.50,18.54,-61.0,-991.25,227.50,-831.25,-376.25,1,94.285,
01/01/2000,01:29:37.51,18.30,-61.0,-991.86,131.25,-752.50,-236.25,1,94.285,
01/01/2000,01:29:37.52,18.30,-61.37,-992.71,218.75,-717.50,-393.75,1,94.286,
01/01/2000,01:29:37.53,18.06,-60.76,-992.71,245.0,-621.25,-323.75,1,94.287,
01/01/2000,01:29:37.55,18.06,-60.51,-992.59,227.50,-708.75,-271.25,1,94.287,
01/01/2000,01:29:37.56,18.54,-60.51,-992.10,210.0,-700.0,-253.75,1,94.288,
01/01/2000,01:29:37.57,18.42,-60.51,-991.74,175.0,-717.50,-288.75,1,94.278,
01/01/2000,01:29:37.58,18.42,-60.76,-990.88,227.50,-682.50,-341.25,1,94.279,
01/01/2000,01:29:37.59,17.69,-60.88,-989.54,288.75,-761.25,-315.0,1,94.279,
01/01/2000,01:29:37.60,17.57,-60.51,-989.18,87.50,-691.25,-420.0,1,94.280,
01/01/2000,01:29:37.61,18.18,-61.0,-989.66,288.75,-735.0,-472.50,1,94.280,
01/01/2000,01:29:37.62,19.28,-60.63,-992.10,140.0,-761.25,-455.0,1,94.281,
01/01/2000,01:29:37.63,19.64,-60.63,-993.45,201.25,-787.50,-376.25,1,94.282,
01/01/2000,01:29:37.64,19.76,-60.63,-994.30,236.25,-603.75,-385.0,1,94.282,
01/01/2000,01:29:37.65,19.76,-60.63,-994.67,218.75,-700.0,-131.25,1,94.283,
01/01/2000,01:29:37.66,19.15,-60.63,-994.06,87.50,-638.75,-341.25,1,94.284,
01/01/2000,01:29:37.67,18.30,-60.76,-992.47,227.50,-700.0,-175.0,1,94.284,
01/01/2000,01:29:37.69,18.06,-60.88,-991.62,105.0,-717.50,-402.50,1,94.285,
01/01/2000,01:29:37.70,18.06,-61.0,-991.25,70.0,-796.25,-490.0,1,94.286,
01/01/2000,01:29:37.71,18.67,-61.24,-991.49,175.0,-840.0,-498.75,1,94.286,
01/01/2000,01:29:37.72,18.91,-61.12,-991.86,140.0,-621.25,-358.75,1,94.287,
01/01/2000,01:29:37.73,19.28,-60.88,-992.23,131.25,-673.75,-297.50,1,94.288,
01/01/2000,01:29:37.74,19.52,-60.76,-992.59,280.0,-682.50,-306.25,1,94.288,
01/01/2000,01:29:37.75,19.40,-60.51,-992.84,280.0,-656.25,-323.75,1,94.289,
01/01/2000,01:29:37.76,19.40,-60.63,-992.71,306.25,-761.25,-376.25,1,94.290,
01/01/2000,01:29:37.77,19.03,-61.0,-992.59,87.50,-708.75,-323.75,1,94.290,
01/01/2000,01:29:37.78,18.91,-61.12,-992.59,253.75,-673.75,-411.25,1,94.291,
01/01/2000,01:29:37.79,18.54,-61.0,-991.86,131.25,-735.0,-323.75,1,94.292,
01/01/2000,01:29:37.80,17.93,-61.0,-990.52,332.50,-691.25,-192.50,1,94.292,
01/01/2000,01:29:37.81,17.32,-60.39,-989.18,26.25,-682.50,-481.25,1,94.293,
01/01/2000,01:29:37.82,17.93,-60.88,-990.40,262.50,-770.0,-463.75,1,94.283,
01/01/2000,01:29:37.83,19.40,-60.88,-992.47,131.25,-708.75,-630.0,1,94.283,
01/01/2000,01:29:37.84,20.25,-61.37,-994.30,262.50,-752.50,-341.25,1,94.284,
01/01/2000,01:29:37.85,20.37,-61.37,-995.28,175.0,-673.75,-411.25,1,94.285,
01/01/2000,01:29:37.86,19.64,-61.0,-994.91,183.75,-735.0,-227.50,1,94.285,
01/01/2000,01:29:37.87,18.30,-60.76,-993.08,105.0,-691.25,-315.0,1,94.286,
01/01/2000,01:29:37.88,17.69,-60.63,-991.49,175.0,-612.50,-218.75,1,94.287,
01/01/2000,01:29:37.90,18.18,-60.76,-990.40,52.50,-761.25,-288.75,1,94.287,
01/01/2000,01:29:37.91,18.91,-61.24,-990.40,253.75,-708.75,-411.25,1,94.288,
01/01/2000,01:29:37.92,19.64,-61.49,-990.88,218.75,-761.25,-341.25,1,94.289,
01/01/2000,01:29:37.93,20.01,-61.73,-991.86,218.75,-700.0,-577.50,1,94.289,
01/01/2000,01:29:37.94,19.52,-61.37,-992.10,210.0,-726.25,-201.25,1,94.290,
01/01/2000,01:29:37.95,18.79,-61.0,-992.35,122.50,-752.50,-376.25,1,94.291,
01/01/2000,01:29:37.96,18.06,-60.51,-992.35,52.50,-673.75,-393.75,1,94.291,
01/01/2000,01:29:37.97,17.57,-60.27,-991.98,157.50,-691.25,-262.50,1,94.281,
01/01/2000,01:29:37.98,17.45,-60.63,-991.74,148.75,-743.75,-280.0,1,94.293,
01/01/2000,01:29:37.99,17.57,-61.0,-990.76,113.75,-700.0,-385.0,1,94.282,
01/01/2000,01:29:38.00,17.32,-61.24,-989.66,280.0,-682.50,-315.0,1,94.283,
01/01/2000,01:29:38.01,17.81,-61.0,-989.05,148.75,-761.25,-472.50,1,94.284,
01/01/2000,01:29:38.02,18.06,-61.0,-989.30,192.50,-700.0,-481.25,1,94.284,
01/01/2000,01:29:38.04,18.91,-60.88,-991.01,105.0,-673.75,-288.75,1,94.285,
01/01/2000,01:29:38.05,19.52,-60.88,-993.57,306.25,-770.0,-411.25,1,94.286,
01/01/2000,01:29:38.06,19.52,-60.63,-994.67,140.0,-708.75,-280.0,1,94.286,
01/01/2000,01:29:38.07,18.67,-60.76,-994.18,210.0,-612.50,-315.0,1,94.287,
01/01/2000,01:29:38.08,18.06,-60.76,-993.08,280.0,-630.0,-183.75,1,94.288,
01/01/2000,01:29:38.09,17.93,-61.0,-992.23,157.50,-621.25,-463.75,1,94.288,
01/01/2000,01:29:38.10,18.54,-61.37,-991.86,140.0,-621.25,-516.25,1,94.289,
01/01/2000,01:29:38.11,19.15,-61.49,-992.10,280.0,-761.25,-236.25,1,94.279,
01/01/2000,01:29:38.12,19.28,-61.24,-992.35,288.75,-752.50,-315.0,1,94.280,
01/01/2000,01:29:38.13,19.28,-61.0,-992.47,262.50,-656.25,-490.0,1,94.280,
01/01/2000,01:29:38.14,18.79,-60.51,-992.23,52.50,-700.0,-236.25,1,94.281,
01/01/2000,01:29:38.15,18.54,-60.76,-991.86,166.25,-586.25,-376.25,1,94.281,
01/01/2000,01:29:38.16,18.06,-60.51,-991.49,131.25,-717.50,-306.25,1,94.282,
01/01/2000,01:29:38.17,17.93,-60.76,-991.25,96.25,-647.50,-288.75,1,94.283,
01/01/2000,01:29:38.18,18.18,-61.24,-991.01,192.50,-717.50,-411.25,1,94.283,
01/01/2000,01:29:38.19,18.54,-61.37,-990.64,-26.25,-735.0,-332.50,1,94.284,
01/01/2000,01:29:38.20,18.42,-61.24,-990.15,183.75,-691.25,-253.75,1,94.285,
01/01/2000,01:29:38.21,18.06,-61.12,-989.79,105.0,-735.0,-393.75,1,94.285,
01/01/2000,01:29:38.22,18.18,-61.0,-989.91,253.75,-778.75,-323.75,1,94.286,
01/01/2000,01:29:38.23,18.30,-61.12,-990.76,218.75,-647.50,-332.50,1,94.287,
01/01/2000,01:29:38.25,18.91,-61.37,-992.59,253.75,-761.25,-367.50,1,94.287,
01/01/2000,01:29:38.26,19.03,-61.24,-993.45,350.0,-665.0,-315.0,1,94.288,
01/01/2000,01:29:38.27,19.03,-61.24,-993.93,253.75,-630.0,-210.0,1,94.289,
01/01/2000,01:29:38.28,18.54,-60.88,-993.69,166.25,-665.0,-428.75,1,94.289,
01/01/2000,01:29:38.29,18.67,-61.0,-993.08,253.75,-638.75,-350.0,1,94.290,
01/01/2000,01:29:38.30,18.30,-61.0,-992.23,218.75,-770.0,-315.0,1,94.291,
01/01/2000,01:29:38.31,18.67,-60.88,-991.62,288.75,-691.25,-420.0,1,94.291,
01/01/2000,01:29:38.32,19.15,-61.37,-991.62,78.75,-717.50,-323.75,1,94.292,
01/01/2000,01:29:38.33,19.15,-61.49,-991.62,140.0,-577.50,-420.0,1,94.293,
01/01/2000,01:29:38.34,18.91,-61.24,-991.62,-43.75,-761.25,-402.50,1,94.282,
01/01/2000,01:29:38.35,18.54,-61.0,-991.74,402.50,-630.0,-297.50,1,94.294,
01/01/2000,01:29:38.36,18.30,-60.88,-991.74,131.25,-691.25,-245.0,1,94.284,
01/01/2000,01:29:38.37,18.06,-60.76,-992.10,315.0,-708.75,-446.25,1,94.284,
01/01/2000,01:29:38.38,18.18,-61.0,-992.35,157.50,-665.0,-315.0,1,94.285,
01/01/2000,01:29:38.40,18.06,-61.0,-992.10,253.75,-691.25,-446.25,1,94.286,
01/01/2000,01:29:38.41,18.06,-61.0,-991.37,131.25,-630.0,-411.25,1,94.286,
01/01/2000,01:29:38.42,17.93,-61.0,-990.40,148.75,-630.0,-323.75,1,94.287,
01/01/2000,01:29:38.43,18.30,-60.88,-990.03,175.0,-735.0,-420.0,1,94.288,
01/01/2000,01:29:38.44,18.79,-61.0,-990.64,245.0,-708.75,-262.50,1,94.288,
01/01/2000,01:29:38.45,19.52,-61.12,-991.98,175.0,-866.25,-420.0,1,94.289,
01/01/2000,01:29:38.46,19.76,-61.0,-993.08,26.25,-726.25,-201.25,1,94.290,
01/01/2000,01:29:38.47,19.03,-61.12,-993.57,227.50,-717.50,-332.50,1,94.290,
01/01/2000,01:29:38.48,18.42,-60.88,-993.32,323.75,-647.50,-367.50,1,94.291,
01/01/2000,01:29:38.49,18.06,-60.88,-992.84,175.0,-656.25,-245.0,1,94.292,
01/01/2000,01:29:38.50,18.06,-60.76,-992.35,113.75,-700.0,-341.25,1,94.292,
01/01/2000,01:29:38.51,18.30,-61.0,-992.23,236.25,-691.25,-393.75,1,94.293,
01/01/2000,01:29:38.52,18.67,-61.0,-992.23,140.0,-708.75,-288.75,1,94.293,
01/01/2000,01:29:38.53,19.28,-61.0,-992.23,113.75,-691.25,-350.0,1,94.283,
01/01/2000,01:29:38.54,19.15,-61.24,-992.23,262.50,-656.25,-367.50,1,94.284,
01/01/2000,01:29:38.55,18.79,-61.0,-992.10,113.75,-717.50,-201.25,1,94.285,
01/01/2000,01:29:38.56,18.06,-61.0,-991.62,192.50,-735.0,-341.25,1,94.285,
01/01/2000,01:29:38.57,18.06,-61.0,-991.74,192.50,-595.0,-525.0,1,94.286,
01/01/2000,01:29:38.59,18.18,-61.12,-992.35,262.50,-673.75,-288.75,1,94.287,
01/01/2000,01:29:38.60,18.06,-61.49,-992.35,201.25,-735.0,-262.50,1,94.287,
01/01/2000,01:29:38.61,17.69,-61.24,-991.13,131.25,-630.0,-341.25,1,94.288,
01/01/2000,01:29:38.62,17.45,-61.12,-990.40,201.25,-822.50,-393.75,1,94.289,
01/01/2000,01:29:38.63,17.81,-61.24,-990.76,288.75,-840.0,-420.0,1,94.289,
01/01/2000,01:29:38.64,18.67,-61.24,-992.47,140.0,-708.75,-393.75,1,94.290,
01/01/2000,01:29:38.65,18.91,-61.37,-993.32,166.25,-638.75,-376.25,1,94.291,
01/01/2000,01:29:38.66,18.91,-61.24,-993.93,297.50,-656.25,-306.25,1,94.291,
01/01/2000,01:29:38.67,18.42,-61.0,-993.57,227.50,-612.50,-481.25,1,94.292,
01/01/2000,01:29:38.68,17.81,-60.63,-992.84,332.50,-665.0,-358.75,1,94.282,
01/01/2000,01:29:38.69,17.81,-60.51,-992.35,35.0,-735.0,-323.75,1,94.293,
01/01/2000,01:29:38.70,18.30,-60.76,-992.35,271.25,-848.75,-420.0,1,94.283,
01/01/2000,01:29:38.71,19.03,-61.12,-992.71,262.50,-761.25,-490.0,1,94.284,
01/01/2000,01:29:38.72,19.28,-61.49,-993.32,113.75,-673.75,-393.75,1,94.284,
01/01/2000,01:29:38.73,18.79,-61.49,-993.08,262.50,-708.75,-411.25,1,94.285,
01/01/2000,01:29:38.74,18.67,-61.12,-992.47,210.0,-717.50,-402.50,1,94.286,
01/01/2000,01:29:38.75,18.18,-60.88,-991.62,236.25,-778.75,-411.25,1,94.286,
01/01/2000,01:29:38.76,18.30,-60.63,-991.25,-26.25,-630.0,-271.25,1,94.287,
01/01/2000,01:29:38.77,18.30,-61.0,-991.25,183.75,-708.75,-306.25,1,94.288,
01/01/2000,01:29:38.78,18.42,-61.24,-991.62,140.0,-682.50,-385.0,1,94.288,
01/01/2000,01:29:38.79,18.54,-61.61,-991.74,227.50,-717.50,-315.0,1,94.289,
01/01/2000,01:29:38.80,18.54,-61.49,-991.86,140.0,-717.50,-341.25,1,94.290,
01/01/2000,01:29:38.82,18.06,-61.37,-991.25,227.50,-682.50,-420.0,1,94.290,
01/01/2000,01:29:38.83,18.18,-61.0,-991.25,157.50,-813.75,-385.0,1,94.291,
01/01/2000,01:29:38.84,18.54,-61.0,-991.86,140.0,-805.0,-420.0,1,94.292,
01/01/2000,01:29:38.85,19.03,-61.0,-992.71,306.25,-673.75,-262.50,1,94.292,
01/01/2000,01:29:38.86,19.03,-61.49,-993.57,192.50,-735.0,-376.25,1,94.293,
01/01/2000,01:29:38.87,18.79,-61.49,-993.57,113.75,-743.75,-411.25,1,94.293,
01/01/2000,01:29:38.88,18.30,-61.37,-992.71,113.75,-787.50,-507.50,1,94.294,
01/01/2000,01:29:38.89,18.18,-61.0,-992.10,78.75,-770.0,-236.25,1,94.295,
01/01/2000,01:29:38.90,18.30,-61.0,-991.86,297.50,-726.25,-437.50,1,94.295,
01/01/2000,01:29:38.91,18.42,-61.0,-991.86,148.75,-787.50,-358.75,1,94.285,
01/01/2000,01:29:38.92,18.67,-61.0,-992.35,148.75,-726.25,-455.0,1,94.297,
01/01/2000,01:29:38.93,18.91,-61.24,-992.47,350.0,-735.0,-428.75,1,94.287,
01/01/2000,01:29:38.94,18.54,-61.24,-992.59,183.75,-682.50,-297.50,1,94.287,
01/01/2000,01:29:38.96,18.30,-61.0,-992.35,-8.75,-691.25,-332.50,1,94.288,
01/01/2000,01:29:38.97,18.54,-61.12,-991.86,245.0,-752.50,-297.50,1,94.289,
01/01/2000,01:29:38.98,18.30,-61.12,-991.74,192.50,-691.25,-323.75,1,94.289,
01/01/2000,01:29:38.99,18.42,-61.37,-991.74,166.25,-612.50,-236.25,1,94.290,
01/01/2000,01:29:39.00,18.67,-61.37,-991.62,122.50,-761.25,-367.50,1,94.291,
01/01/2000,01:29:39.01,18.42,-61.24,-991.25,227.50,-691.25,-280.0,1,94.291,
01/01/2000,01:29:39.02,18.18,-61.37,-990.76,245.0,-848.75,-393.75,1,94.292,
01/01/2000,01:29:39.03,18.30,-61.24,-991.13,201.25,-691.25,-437.50,1,94.292,
01/01/2000,01:29:39.04,19.03,-61.12,-992.71,61.25,-577.50,-376.25,1,94.293,
01/01/2000,01:29:39.05,19.28,-61.24,-993.57,140.0,-708.75,-210.0,1,94.294,
01/01/2000,01:29:39.06,18.91,-61.49,-993.93,192.50,-831.25,-280.0,1,94.294,
01/01/2000,01:29:39.07,18.79,-61.37,-993.81,210.0,-665.0,-315.0,1,94.295,
01/01/2000,01:29:39.08,18.42,-61.24,-992.59,227.50,-735.0,-385.0,1,94.296,
01/01/2000,01:29:39.10,18.30,-61.12,-991.25,218.75,-656.25,-271.25,1,94.286,
01/01/2000,01:29:39.11,18.79,-61.24,-991.37,157.50,-691.25,-542.50,1,94.286,
01/01/2000,01:29:39.12,19.28,-61.49,-992.10,43.75,-735.0,-385.0,1,94.287,
01/01/2000,01:29:39.13,19.15,-61.61,-992.59,218.75,-778.75,-385.0,1,94.288,
01/01/2000,01:29:39.14,18.54,-61.61,-992.59,192.50,-726.25,-385.0,1,94.288,
01/01/2000,01:29:39.15,18.06,-61.37,-992.10,288.75,-708.75,-323.75,1,94.289,
01/01/2000,01:29:39.16,17.93,-61.0,-991.74,245.0,-665.0,-455.0,1,94.290,
01/01/2000,01:29:39.17,17.81,-60.76,-991.49,183.75,-673.75,-288.75,1,94.290,
01/01/2000,01:29:39.18,18.06,-61.24,-991.37,166.25,-752.50,-253.75,1,94.291,
01/01/2000,01:29:39.19,18.06,-61.49,-991.13,175.0,-743.75,-367.50,1,94.291,
01/01/2000,01:29:39.20,18.06,-61.49,-990.64,35.0,-665.0,-297.50,1,94.292,
01/01/2000,01:29:39.21,18.18,-61.85,-990.40,35.0,-831.25,-411.25,1,94.293,
01/01/2000,01:29:39.22,18.42,-61.61,-991.49,175.0,-700.0,-428.75,1,94.293,
01/01/2000,01:29:39.23,19.03,-61.61,-992.59,210.0,-735.0,-411.25,1,94.294,
01/01/2000,01:29:39.24,19.28,-61.37,-993.45,227.50,-595.0,-315.0,1,94.284,
01/01/2000,01:29:39.25,18.79,-61.24,-993.81,-35.0,-708.75,-288.75,1,94.295,
01/01/2000,01:29:39.26,18.42,-61.12,-993.45,70.0,-735.0,-227.50,1,94.285,
01/01/2000,01:29:39.27,17.93,-61.24,-992.59,271.25,-691.25,-175.0,1,94.286,
01/01/2000,01:29:39.28,17.93,-61.24,-991.74,210.0,-717.50,-393.75,1,94.287,
01/01/2000,01:29:39.29,18.30,-61.49,-991.37,157.50,-665.0,-358.75,1,94.287,
01/01/2000,01:29:39.30,19.03,-61.73,-991.62,157.50,-708.75,-350.0,1,94.288,
01/01/2000,01:29:39.32,19.03,-61.73,-992.47,113.75,-647.50,-358.75,1,94.289,
01/01/2000,01:29:39.33,19.03,-61.61,-993.08,332.50,-883.75,-367.50,1,94.289,
01/01/2000,01:29:39.34,18.91,-61.37,-993.45,271.25,-726.25,-306.25,1,94.290,
01/01/2000,01:29:39.35,18.42,-61.24,-993.32,140.0,-647.50,-350.0,1,94.291,
01/01/2000,01:29:39.36,18.18,-61.12,-993.32,166.25,-647.50,-306.25,1,94.291,
01/01/2000,01:29:39.37,18.30,-61.12,-993.20,140.0,-682.50,-245.0,1,94.292,
01/01/2000,01:29:39.38,18.54,-61.37,-992.59,183.75,-638.75,-280.0,1,94.292,
01/01/2000,01:29:39.39,18.30,-61.73,-991.86,166.25,-673.75,-393.75,1,94.293,
01/01/2000,01:29:39.40,18.30,-61.49,-990.88,96.25,-796.25,-358.75,1,94.294,
01/01/2000,01:29:39.41,18.30,-61.49,-990.52,166.25,-770.0,-341.25,1,94.294,
01/01/2000,01:29:39.42,18.67,-61.37,-991.49,262.50,-726.25,-341.25,1,94.295,
01/01/2000,01:29:39.43,19.40,-61.49,-992.47,297.50,-743.75,-323.75,1,94.296,
01/01/2000,01:29:39.44,19.52,-61.61,-993.20,96.25,-735.0,-411.25,1,94.296,
01/01/2000,01:29:39.45,18.79,-61.37,-993.81,43.75,-656.25,-262.50,1,94.286,
01/01/2000,01:29:39.46,18.30,-61.49,-993.57,157.50,-813.75,-385.0,1,94.287,
01/01/2000,01:29:39.47,18.18,-61.24,-993.08,175.0,-761.25,-341.25,1,94.288,
01/01/2000,01:29:39.48,18.18,-61.24,-992.23,201.25,-682.50,-271.25,1,94.288,
01/01/2000,01:29:39.49,18.54,-61.49,-991.98,201.25,-603.75,-306.25,1,94.289,
01/01/2000,01:29:39.50,18.67,-61.61,-991.86,157.50,-778.75,-271.25,1,94.290,
01/01/2000,01:29:39.52,18.91,-61.85,-991.74,245.0,-656.25,-358.75,1,94.290,
01/01/2000,01:29:39.53,19.03,-61.73,-991.86,183.75,-761.25,-385.0,1,94.291,
01/01/2000,01:29:39.54,18.79,-61.61,-991.98,113.75,-726.25,-262.50,1,94.291,
01/01/2000,01:29:39.55,18.54,-61.49,-992.23,96.25,-761.25,-280.0,1,94.292,
01/01/2000,01:29:39.56,18.18,-61.24,-992.10,140.0,-665.0,-271.25,1,94.293,
01/01/2000,01:29:39.57,18.18,-61.37,-991.98,315.0,-682.50,-253.75,1,94.293,
01/01/2000,01:29:39.58,18.30,-61.49,-991.86,236.25,-752.50,-245.0,1,94.294,
01/01/2000,01:29:39.59,18.30,-61.61,-991.37,210.0,-691.25,-210.0,1,94.295,
01/01/2000,01:29:39.61,18.54,-61.85,-990.64,166.25,-787.50,-358.75,1,94.285,
01/01/2000,01:29:39.62,18.67,-61.73,-990.52,218.75,-656.25,-358.75,1,94.285,
01/01/2000,01:29:39.63,18.79,-61.73,-991.62,306.25,-752.50,-262.50,1,94.286,
01/01/2000,01:29:39.64,19.15,-61.61,-992.84,113.75,-603.75,-350.0,1,94.287,
01/01/2000,01:29:39.65,19.15,-61.73,-993.81,297.50,-682.50,-297.50,1,94.287,
01/01/2000,01:29:39.66,18.54,-61.61,-994.06,8.75,-612.50,-428.75,1,94.288,
01/01/2000,01:29:39.67,18.30,-61.61,-994.06,175.0,-595.0,-323.75,1,94.289,
01/01/2000,01:29:39.68,18.54,-61.49,-993.93,52.50,-743.75,-306.25,1,94.289,
01/01/2000,01:29:39.69,18.30,-61.73,-993.20,87.50,-665.0,-341.25,1,94.290,
01/01/2000,01:29:39.70,18.42,-61.73,-992.47,192.50,-822.50,-358.75,1,94.291,
01/01/2000,01:29:39.71,18.54,-61.73,-991.74,253.75,-673.75,-393.75,1,94.291,
01/01/2000,01:29:39.72,18.54,-61.85,-991.37,131.25,-735.0,-437.50,1,94.292,
01/01/2000,01:29:39.73,18.79,-61.85,-991.13,201.25,-621.25,-455.0,1,94.292,
01/01/2000,01:29:39.74,19.03,-61.73,-991.37,148.75,-761.25,-271.25,1,94.293,
01/01/2000,01:29:39.75,19.03,-61.73,-991.86,96.25,-726.25,-358.75,1,94.294,
01/01/2000,01:29:39.76,18.54,-61.73,-992.23,140.0,-770.0,-376.25,1,94.294,
01/01/2000,01:29:39.77,18.30,-61.49,-992.23,218.75,-612.50,-358.75,1,94.295,
01/01/2000,01:29:39.78,18.06,-61.49,-991.98,245.0,-743.75,-358.75,1,94.296,
01/01/2000,01:29:39.79,17.69,-61.49,-991.62,148.75,-778.75,-341.25,1,94.296,
01/01/2000,01:29:39.80,18.18,-61.61,-990.76,157.50,-682.50,-463.75,1,94.297,
01/01/2000,01:29:39.81,18.54,-61.61,-990.64,140.0,-691.25,-253.75,1,94.298,
01/01/2000,01:29:39.82,18.54,-61.73,-991.01,-8.75,-735.0,-428.75,1,94.298,
01/01/2000,01:29:39.83,18.54,-61.98,-991.74,446.25,-735.0,-481.25,1,94.299,
01/01/2000,01:29:39.84,18.79,-61.98,-993.20,166.25,-743.75,-367.50,1,94.289,
01/01/2000,01:29:39.85,18.54,-61.98,-993.69,350.0,-708.75,-341.25,1,94.300,
01/01/2000,01:29:39.86,18.06,-61.73,-993.69,-43.75,-752.50,-183.75,1,94.290,
01/01/2000,01:29:39.88,18.18,-61.49,-992.96,288.75,-708.75,-568.75,1,94.291,
01/01/2000,01:29:39.89,17.93,-61.49,-992.71,166.25,-612.50,-367.50,1,94.291,
01/01/2000,01:29:39.90,18.18,-61.49,-992.59,175.0,-612.50,-297.50,1,94.292,
01/01/2000,01:29:39.91,18.67,-61.98,-992.10,280.0,-665.0,-393.75,1,94.293,
01/01/2000,01:29:39.92,18.67,-61.73,-991.62,131.25,-813.75,-490.0,1,94.293,
01/01/2000,01:29:39.93,18.18,-61.98,-991.37,192.50,-735.0,-420.0,1,94.294,
01/01/2000,01:29:39.94,18.67,-61.73,-991.37,87.50,-743.75,-376.25,1,94.295,
01/01/2000,01:29:39.95,18.91,-61.61,-991.49,157.50,-630.0,-367.50,1,94.295,
01/01/2000,01:29:39.96,18.42,-61.85,-991.74,280.0,-743.75,-280.0,1,94.296,
01/01/2000,01:29:39.97,18.67,-61.49,-992.10,35.0,-717.50,-306.25,1,94.297,
01/01/2000,01:29:39.98,18.54,-61.98,-991.86,227.50,-805.0,-210.0,1,94.297,
01/01/2000,01:29:39.99,17.93,-62.10,-991.37,236.25,-761.25,-367.50,1,94.298,
01/01/2000,01:29:40.00,18.30,-62.10,-991.62,96.25,-691.25,-358.75,1,94.298,
01/01/2000,01:29:40.01,19.28,-62.34,-992.59,140.0,-595.0,-306.25,1,94.289,
01/01/2000,01:29:40.02,18.54,-62.22,-993.20,175.0,-533.75,-393.75,1,94.289,
01/01/2000,01:29:40.03,18.42,-61.98,-993.20,17.50,-691.25,-245.0,1,94.290,
01/01/2000,01:29:40.04,18.67,-61.85,-993.08,297.50,-638.75,-463.75,1,94.290,
01/01/2000,01:29:40.05,18.42,-61.98,-992.96,148.75,-708.75,-332.50,1,94.291,
01/01/2000,01:29:40.06,18.06,-61.73,-993.32,148.75,-752.50,-420.0,1,94.292,
01/01/2000,01:29:40.07,19.03,-62.10,-994.06,183.75,-621.25,-385.0,1,94.292,
01/01/2000,01:29:40.09,18.18,-61.73,-993.32,61.25,-630.0,-332.50,1,94.293,
01/01/2000,01:29:40.10,17.93,-61.98,-992.23,70.0,-735.0,-350.0,1,94.294,
01/01/2000,01:29:40.11,18.54,-61.49,-990.76,148.75,-726.25,-385.0,1,94.294,
01/01/2000,01:29:40.12,18.54,-61.61,-990.64,218.75,-743.75,-463.75,1,94.284,
01/01/2000,01:29:40.13,19.28,-62.22,-991.74,166.25,-665.0,-428.75,1,94.285,
01/01/2000,01:29:40.14,19.76,-62.34,-992.96,166.25,-647.50,-288.75,1,94.286,
01/01/2000,01:29:40.15,18.91,-62.46,-993.20,113.75,-665.0,-262.50,1,94.286,
01/01/2000,01:29:40.16,17.69,-61.98,-992.10,367.50,-752.50,-376.25,1,94.287,
01/01/2000,01:29:40.17,18.06,-61.37,-991.62,157.50,-761.25,-367.50,1,94.288,
01/01/2000,01:29:40.18,18.42,-61.24,-991.62,201.25,-761.25,-411.25,1,94.288,
01/01/2000,01:29:40.19,18.54,-61.49,-992.10,218.75,-770.0,-332.50,1,94.289,
01/01/2000,01:29:40.20,19.15,-61.73,-992.71,122.50,-621.25,-218.75,1,94.290,
01/01/2000,01:29:40.21,19.15,-62.46,-992.71,192.50,-708.75,-183.75,1,94.290,
01/01/2000,01:29:40.23,18.18,-62.46,-992.71,332.50,-717.50,-498.75,1,94.291,
01/01/2000,01:29:40.24,18.18,-62.22,-992.84,227.50,-743.75,-341.25,1,94.291,
01/01/2000,01:29:40.25,18.79,-61.85,-993.32,183.75,-656.25,-385.0,1,94.292,
01/01/2000,01:29:40.26,18.18,-61.49,-993.57,201.25,-717.50,-297.50,1,94.293,
01/01/2000,01:29:40.27,18.18,-61.37,-993.45,245.0,-665.0,-157.50,1,94.293,
01/01/2000,01:29:40.28,18.54,-61.49,-993.45,175.0,-848.75,-210.0,1,94.294,
01/01/2000,01:29:40.29,18.18,-61.73,-993.20,52.50,-621.25,-350.0,1,94.295,
01/01/2000,01:29:40.30,17.93,-62.10,-992.71,341.25,-665.0,-315.0,1,94.295,
01/01/2000,01:29:40.31,18.54,-61.73,-991.86,236.25,-621.25,-455.0,1,94.296,
01/01/2000,01:29:40.32,18.30,-62.10,-991.74,341.25,-691.25,-367.50,1,94.296,
01/01/2000,01:29:40.33,18.30,-61.73,-991.62,122.50,-700.0,-402.50,1,94.297,
01/01/2000,01:29:40.34,19.03,-61.61,-991.74,175.0,-717.50,-297.50,1,94.298,
01/01/2000,01:29:40.35,18.91,-61.49,-991.37,210.0,-752.50,-428.75,1,94.298,
01/01/2000,01:29:40.36,18.30,-61.73,-991.13,358.75,-726.25,-428.75,1,94.289,
01/01/2000,01:29:40.37,18.91,-61.85,-991.49,183.75,-805.0,-411.25,1,94.289,
01/01/2000,01:29:40.38,18.79,-61.98,-991.62,35.0,-638.75,-350.0,1,94.290,
01/01/2000,01:29:40.39,18.18,-61.98,-991.01,245.0,-647.50,-411.25,1,94.290,
01/01/2000,01:29:40.40,18.18,-61.85,-989.66,271.25,-638.75,-306.25,1,94.291,
01/01/2000,01:29:40.41,18.54,-61.24,-986.74,183.75,-708.75,-385.0,1,94.292,
01/01/2000,01:29:40.42,18.79,-61.37,-984.66,236.25,-682.50,-218.75,1,94.292,
01/01/2000,01:29:40.44,19.03,-61.61,-982.83,26.25,-857.50,-350.0,1,94.293,
01/01/2000,01:29:40.45,18.79,-61.98,-982.83,140.0,-700.0,-253.75,1,94.294,
01/01/2000,01:29:40.46,18.30,-62.46,-984.17,315.0,-735.0,-87.50,1,94.294,
01/01/2000,01:29:40.47,17.57,-62.46,-986.98,175.0,-621.25,-437.50,1,94.295,
01/01/2000,01:29:40.48,17.32,-62.10,-988.08,341.25,-638.75,-525.0,1,94.296,
01/01/2000,01:29:40.49,17.20,-61.37,-988.08,96.25,-586.25,-306.25,1,94.296,
01/01/2000,01:29:40.50,17.57,-60.51,-985.52,166.25,-735.0,-175.0,1,94.297,
01/01/2000,01:29:40.51,17.57,-60.76,-982.83,332.50,-708.75,-43.75,1,94.297,
01/01/2000,01:29:40.52,17.45,-61.0,-980.15,87.50,-752.50,-288.75,1,94.298,
01/01/2000,01:29:40.53,18.18,-62.34,-977.22,183.75,-708.75,-280.0,1,94.299,
01/01/2000,01:29:40.54,18.79,-62.71,-976.98,227.50,-770.0,-393.75,1,94.299,
01/01/2000,01:29:40.55,19.03,-62.95,-977.95,323.75,-752.50,-385.0,1,94.290,
01/01/2000,01:29:40.56,19.03,-62.71,-979.66,218.75,-743.75,-183.75,1,94.301,
01/01/2000,01:29:40.58,18.18,-61.98,-982.83,105.0,-708.75,-140.0,1,94.291,
01/01/2000,01:29:40.59,17.81,-61.24,-985.76,70.0,-656.25,-183.75,1,94.291,
01/01/2000,01:29:40.60,17.32,-61.24,-986.86,210.0,-673.75,-288.75,1,94.292,
01/01/2000,01:29:40.61,17.32,-61.24,-986.74,87.50,-577.50,-236.25,1,94.293,
01/01/2000,01:29:40.62,17.32,-62.22,-983.56,227.50,-673.75,-262.50,1,94.283,
01/01/2000,01:29:40.63,17.69,-62.46,-981.98,175.0,-700.0,-376.25,1,94.284,
01/01/2000,01:29:40.64,18.79,-62.71,-982.71,96.25,-813.75,-630.0,1,94.284,
01/01/2000,01:29:40.66,19.76,-62.95,-986.13,175.0,-761.25,-297.50,1,94.285,
01/01/2000,01:29:40.67,18.79,-62.83,-988.08,227.50,-691.25,-26.25,1,94.285,
01/01/2000,01:29:40.68,17.32,-62.34,-988.81,210.0,-638.75,-52.50,1,94.286,
01/01/2000,01:29:40.69,16.71,-61.49,-989.91,192.50,-586.25,-638.75,1,94.287,
01/01/2000,01:29:40.70,17.45,-60.88,-990.40,157.50,-603.75,-586.25,1,94.287,
01/01/2000,01:29:40.71,18.54,-61.0,-990.15,-35.0,-595.0,-148.75,1,94.288,
01/01/2000,01:29:40.72,19.03,-61.73,-989.42,113.75,-743.75,-61.25,1,94.289,
01/01/2000,01:29:40.73,18.79,-62.71,-988.44,78.75,-726.25,-297.50,1,94.289,
01/01/2000,01:29:40.74,18.54,-63.20,-988.81,0.0,-787.50,-490.0,1,94.290,
01/01/2000,01:29:40.75,18.42,-62.95,-989.79,306.25,-761.25,-682.50,1,94.290,
01/01/2000,01:29:40.76,18.42,-62.46,-991.13,113.75,-638.75,-446.25,1,94.291,
01/01/2000,01:29:40.77,18.06,-61.37,-991.62,96.25,-568.75,-236.25,1,94.292,
01/01/2000,01:29:40.78,17.69,-61.0,-991.37,341.25,-700.0,-288.75,1,94.292,
01/01/2000,01:29:40.79,18.18,-60.88,-991.13,70.0,-630.0,-192.50,1,94.293,
01/01/2000,01:29:40.80,18.42,-61.61,-991.01,157.50,-682.50,-201.25,1,94.294,
01/01/2000,01:29:40.81,18.79,-62.59,-991.13,210.0,-700.0,-297.50,1,94.294,
01/01/2000,01:29:40.82,18.67,-63.07,-991.13,35.0,-735.0,-402.50,1,94.295,
01/01/2000,01:29:40.83,18.30,-63.07,-991.13,140.0,-717.50,-428.75,1,94.295,
01/01/2000,01:29:40.84,18.30,-62.71,-991.62,262.50,-621.25,-568.75,1,94.296,
01/01/2000,01:29:40.85,18.30,-61.61,-992.35,140.0,-586.25,-297.50,1,94.297,
01/01/2000,01:29:40.86,18.42,-61.0,-992.10,157.50,-752.50,-210.0,1,94.287,
01/01/2000,01:29:40.87,18.30,-61.24,-991.86,131.25,-691.25,-166.25,1,94.288,
01/01/2000,01:29:40.88,18.54,-61.73,-991.86,332.50,-665.0,-271.25,1,94.288,
01/01/2000,01:29:40.89,18.67,-62.22,-991.86,113.75,-752.50,-367.50,1,94.289,
01/01/2000,01:29:40.90,18.54,-62.46,-991.98,201.25,-761.25,-455.0,1,94.289,
01/01/2000,01:29:40.91,18.54,-62.46,-991.86,288.75,-647.50,-498.75,1,94.290,
01/01/2000,01:29:40.93,18.30,-62.10,-992.10,280.0,-726.25,-411.25,1,94.291,
01/01/2000,01:29:40.94,18.42,-61.73,-992.35,227.50,-691.25,-288.75,1,94.291,
01/01/2000,01:29:40.95,18.30,-61.49,-992.47,183.75,-778.75,-306.25,1,94.292,
01/01/2000,01:29:40.96,18.06,-61.49,-992.59,61.25,-621.25,-332.50,1,94.293,
01/01/2000,01:29:40.97,18.06,-62.10,-991.86,245.0,-621.25,-323.75,1,94.293,
01/01/2000,01:29:40.98,16.59,-62.34,-990.40,70.0,-708.75,-140.0,1,94.294,
01/01/2000,01:29:40.99,14.88,-62.34,-989.42,122.50,-848.75,-26.25,1,94.295,
01/01/2000,01:29:41.00,13.30,-62.95,-989.91,201.25,-682.50,-455.0,1,94.295,
01/01/2000,01:29:41.01,12.44,-62.10,-990.64,140.0,-726.25,-568.75,1,94.296,
01/01/2000,01:29:41.02,12.32,-61.24,-990.52,105.0,-612.50,-262.50,1,94.296,
01/01/2000,01:29:41.03,13.05,-60.76,-988.44,218.75,-586.25,-271.25,1,94.297,
01/01/2000,01:29:41.04,13.42,-60.51,-986.61,113.75,-665.0,-105.0,1,94.298,
01/01/2000,01:29:41.05,14.52,-61.12,-985.27,157.50,-805.0,-201.25,1,94.298,
01/01/2000,01:29:41.06,15.37,-61.98,-985.03,280.0,-752.50,-236.25,1,94.299,
01/01/2000,01:29:41.07,15.62,-62.71,-985.52,218.75,-813.75,-105.0,1,94.289,
01/01/2000,01:29:41.08,14.64,-62.83,-985.88,192.50,-647.50,-43.75,1,94.290,
01/01/2000,01:29:41.09,11.96,-62.10,-985.52,245.0,-586.25,0.0,1,94.290,
01/01/2000,01:29:41.10,10.00,-61.37,-985.15,70.0,-621.25,-87.50,1,94.291,
01/01/2000,01:29:41.11,8.30,-60.63,-984.54,96.25,-621.25,-157.50,1,94.292,
01/01/2000,01:29:41.12,7.44,-60.39,-983.93,210.0,-586.25,-131.25,1,94.292,
01/01/2000,01:29:41.14,8.30,-61.0,-983.56,61.25,-761.25,-227.50,1,94.283,
01/01/2000,01:29:41.15,10.49,-62.34,-984.66,288.75,-647.50,-332.50,1,94.283,
01/01/2000,01:29:41.16,11.71,-62.59,-985.52,166.25,-717.50,-525.0,1,94.284,
01/01/2000,01:29:41.17,13.05,-62.59,-986.49,96.25,-586.25,-297.50,1,94.284,
01/01/2000,01:29:41.18,13.66,-62.22,-986.98,70.0,-708.75,-420.0,1,94.285,
01/01/2000,01:29:41.19,13.91,-61.37,-986.98,175.0,-647.50,-157.50,1,94.286,
01/01/2000,01:29:41.20,13.66,-61.0,-986.74,131.25,-700.0,-8.75,1,94.286,
01/01/2000,01:29:41.21,13.30,-61.0,-986.61,192.50,-638.75,17.50,1,94.287,
01/01/2000,01:29:41.23,13.30,-61.49,-987.10,157.50,-673.75,-183.75,1,94.288,
01/01/2000,01:29:41.23,14.15,-62.22,-988.81,35.0,-726.25,-411.25,1,94.288,
01/01/2000,01:29:41.25,14.64,-62.59,-989.54,113.75,-612.50,-315.0,1,94.289,
01/01/2000,01:29:41.26,14.88,-62.46,-989.42,236.25,-656.25,-288.75,1,94.289,
01/01/2000,01:29:41.27,15.49,-61.98,-989.18,201.25,-665.0,-341.25,1,94.290,
01/01/2000,01:29:41.28,16.35,-61.49,-989.18,148.75,-682.50,-288.75,1,94.291,
01/01/2000,01:29:41.29,16.84,-61.24,-989.66,96.25,-647.50,-288.75,1,94.291,
01/01/2000,01:29:41.30,17.20,-61.49,-990.52,201.25,-796.25,-113.75,1,94.292,
01/01/2000,01:29:41.31,17.45,-61.98,-991.86,245.0,-621.25,-218.75,1,94.293,
01/01/2000,01:29:41.32,16.84,-62.46,-992.23,157.50,-682.50,-218.75,1,94.293,
01/01/2000,01:29:41.33,16.35,-62.46,-992.35,175.0,-656.25,-420.0,1,94.294,
01/01/2000,01:29:41.34,16.59,-61.98,-992.10,122.50,-638.75,-507.50,1,94.294,
01/01/2000,01:29:41.35,17.57,-61.24,-991.62,157.50,-638.75,-446.25,1,94.295,
01/01/2000,01:29:41.36,18.18,-61.12,-990.88,105.0,-656.25,-157.50,1,94.296,
01/01/2000,01:29:41.37,18.79,-61.49,-989.91,122.50,-761.25,-61.25,1,94.296,
01/01/2000,01:29:41.38,19.03,-61.85,-989.79,140.0,-743.75,-437.50,1,94.297,
01/01/2000,01:29:41.39,18.79,-62.46,-990.15,175.0,-708.75,-236.25,1,94.298,
01/01/2000,01:29:41.40,18.54,-62.71,-991.13,148.75,-691.25,-393.75,1,94.298,
01/01/2000,01:29:41.41,18.18,-62.83,-992.59,166.25,-691.25,-367.50,1,94.299,
01/01/2000,01:29:41.42,17.32,-61.85,-993.45,175.0,-717.50,-323.75,1,94.289,
01/01/2000,01:29:41.43,16.71,-61.37,-993.32,140.0,-586.25,-271.25,1,94.290,
01/01/2000,01:29:41.44,16.84,-61.12,-993.08,140.0,-647.50,-341.25,1,94.290,
01/01/2000,01:29:41.46,16.84,-61.37,-992.71,288.75,-708.75,-297.50,1,94.291,
01/01/2000,01:29:41.46,17.69,-61.73,-992.23,271.25,-717.50,-297.50,1,94.292,
01/01/2000,01:29:41.48,18.67,-62.22,-992.35,192.50,-796.25,-367.50,1,94.292,
01/01/2000,01:29:41.49,19.40,-62.59,-992.84,113.75,-700.0,-323.75,1,94.293,
01/01/2000,01:29:41.50,19.40,-62.46,-993.32,332.50,-726.25,-446.25,1,94.294,
01/01/2000,01:29:41.51,18.91,-61.73,-993.20,113.75,-700.0,-315.0,1,94.294,
01/01/2000,01:29:41.52,18.30,-61.37,-992.71,271.25,-735.0,-175.0,1,94.295,
01/01/2000,01:29:41.53,17.57,-61.12,-991.49,201.25,-717.50,-113.75,1,94.295,
01/01/2000,01:29:41.54,17.32,-61.24,-991.01,166.25,-708.75,-332.50,1,94.296,
01/01/2000,01:29:41.55,17.93,-61.61,-991.13,87.50,-647.50,-358.75,1,94.297,
01/01/2000,01:29:41.56,19.15,-62.10,-991.86,157.50,-568.75,-323.75,1,94.287,
01/01/2000,01:29:41.57,19.28,-62.22,-991.74,52.50,-673.75,-262.50,1,94.288,
01/01/2000,01:29:41.58,19.52,-62.10,-991.49,175.0,-717.50,-402.50,1,94.288,
01/01/2000,01:29:41.59,18.79,-61.98,-991.86,105.0,-647.50,-297.50,1,94.289,
01/01/2000,01:29:41.60,18.18,-61.61,-992.35,288.75,-726.25,-306.25,1,94.289,
01/01/2000,01:29:41.61,17.81,-61.61,-992.84,157.50,-673.75,-323.75,1,94.290,
01/01/2000,01:29:41.62,17.81,-61.61,-993.32,253.75,-525.0,-271.25,1,94.291,
01/01/2000,01:29:41.64,18.30,-61.73,-993.45,122.50,-603.75,-393.75,1,94.291,
01/01/2000,01:29:41.65,19.28,-61.85,-993.20,8.75,-787.50,-455.0,1,94.292,
01/01/2000,01:29:41.66,19.40,-62.22,-992.59,210.0,-743.75,-350.0,1,94.293,
01/01/2000,01:29:41.67,19.28,-61.98,-992.47,157.50,-700.0,-455.0,1,94.293,
01/01/2000,01:29:41.68,19.03,-61.98,-992.47,52.50,-621.25,-385.0,1,94.294,
01/01/2000,01:29:41.69,18.54,-61.73,-992.84,96.25,-682.50,-323.75,1,94.294,
01/01/2000,01:29:41.70,17.93,-61.61,-993.20,262.50,-533.75,-376.25,1,94.285,
01/01/2000,01:29:41.71,17.81,-61.37,-992.84,183.75,-743.75,-367.50,1,94.285,
01/01/2000,01:29:41.72,17.81,-61.12,-991.98,-35.0,-656.25,-227.50,1,94.286,
01/01/2000,01:29:41.73,18.18,-61.37,-990.64,201.25,-770.0,-332.50,1,94.287,
01/01/2000,01:29:41.74,18.67,-61.49,-990.15,87.50,-752.50,-411.25,1,94.287,
01/01/2000,01:29:41.75,18.91,-61.98,-990.40,218.75,-831.25,-271.25,1,94.288,
01/01/2000,01:29:41.76,19.15,-62.10,-990.88,157.50,-735.0,-402.50,1,94.289,
01/01/2000,01:29:41.78,18.79,-61.85,-991.98,271.25,-665.0,-376.25,1,94.289,
01/01/2000,01:29:41.79,18.06,-61.37,-992.59,52.50,-682.50,-411.25,1,94.290,
01/01/2000,01:29:41.80,17.57,-61.37,-992.71,262.50,-630.0,-350.0,1,94.290,
01/01/2000,01:29:41.81,17.57,-61.12,-992.96,-17.50,-612.50,-306.25,1,94.291,
01/01/2000,01:29:41.82,17.81,-61.49,-993.20,437.50,-603.75,-306.25,1,94.292,
01/01/2000,01:29:41.83,18.54,-61.49,-993.45,70.0,-595.0,-455.0,1,94.292,
01/01/2000,01:29:41.84,18.91,-61.98,-993.08,271.25,-647.50,-350.0,1,94.293,
01/01/2000,01:29:41.85,18.91,-61.85,-992.47,157.50,-700.0,-446.25,1,94.294,
01/01/2000,01:29:41.86,18.67,-61.98,-991.86,245.0,-700.0,-525.0,1,94.294,
01/01/2000,01:29:41.87,18.79,-61.49,-991.86,78.75,-700.0,-393.75,1,94.295,
01/01/2000,01:29:41.88,18.79,-61.49,-992.23,52.50,-586.25,-236.25,1,94.295,
01/01/2000,01:29:41.89,18.42,-61.73,-992.59,367.50,-673.75,-271.25,1,94.296,
01/01/2000,01:29:41.90,18.18,-61.49,-992.71,122.50,-665.0,-288.75,1,94.297,
01/01/2000,01:29:41.91,17.69,-62.10,-992.84,253.75,-656.25,-367.50,1,94.297,
01/01/2000,01:29:41.92,17.69,-61.98,-992.59,245.0,-647.50,-306.25,1,94.288,
01/01/2000,01:29:41.93,18.30,-61.98,-992.59,288.75,-665.0,-420.0,1,94.288,
01/01/2000,01:29:41.94,18.91,-61.73,-992.35,157.50,-840.0,-271.25,1,94.289,
01/01/2000,01:29:41.95,19.28,-61.73,-991.98,35.0,-822.50,-341.25,1,94.289,
01/01/2000,01:29:41.96,19.40,-61.98,-991.98,140.0,-700.0,-280.0,1,94.290,
01/01/2000,01:29:41.97,19.28,-61.98,-991.37,148.75,-638.75,-183.75,1,94.291,
01/01/2000,01:29:41.99,18.67,-61.73,-991.25,148.75,-560.0,-402.50,1,94.291,
01/01/2000,01:29:42.00,18.42,-61.61,-991.49,227.50,-743.75,-455.0,1,94.292,
01/01/2000,01:29:42.01,18.42,-61.49,-992.23,183.75,-831.25,-323.75,1,94.293,
01/01/2000,01:29:42.02,18.30,-61.37,-992.96,166.25,-656.25,-358.75,1,94.293,
01/01/2000,01:29:42.03,18.30,-61.24,-993.57,43.75,-472.50,-297.50,1,94.294,
01/01/2000,01:29:42.04,18.30,-61.73,-993.81,262.50,-761.25,-350.0,1,94.294,
01/01/2000,01:29:42.05,18.30,-61.49,-993.45,175.0,-708.75,-411.25,1,94.295,
01/01/2000,01:29:42.06,18.54,-61.73,-992.35,175.0,-586.25,-402.50,1,94.296,
01/01/2000,01:29:42.07,18.79,-61.73,-991.86,166.25,-700.0,-323.75,1,94.296,
01/01/2000,01:29:42.08,18.91,-61.61,-991.49,131.25,-665.0,-306.25,1,94.297,
01/01/2000,01:29:42.09,19.15,-61.61,-991.86,78.75,-778.75,-332.50,1,94.298,
01/01/2000,01:29:42.10,19.15,-61.73,-992.59,166.25,-822.50,-332.50,1,94.298,
01/01/2000,01:29:42.11,19.03,-61.85,-992.96,236.25,-682.50,-341.25,1,94.289,
01/01/2000,01:29:42.12,18.79,-61.73,-993.08,78.75,-612.50,-367.50,1,94.299,
01/01/2000,01:29:42.14,18.54,-61.49,-992.71,17.50,-735.0,-420.0,1,94.290,
01/01/2000,01:29:42.15,18.67,-61.49,-992.23,271.25,-656.25,-367.50,1,94.290,
01/01/2000,01:29:42.16,18.79,-61.37,-991.62,157.50,-691.25,-262.50,1,94.291,
01/01/2000,01:29:42.17,18.91,-61.49,-991.13,192.50,-761.25,-332.50,1,94.292,
01/01/2000,01:29:42.18,19.03,-61.61,-991.37,341.25,-726.25,-385.0,1,94.292,
01/01/2000,01:29:42.19,19.03,-61.73,-992.23,52.50,-813.75,-376.25,1,94.293,
01/01/2000,01:29:42.20,18.91,-61.73,-992.96,140.0,-621.25,-411.25,1,94.283,
01/01/2000,01:29:42.21,18.67,-61.61,-993.32,175.0,-726.25,-271.25,1,94.284,
01/01/2000,01:29:42.22,18.42,-61.49,-993.20,96.25,-630.0,-428.75,1,94.284,
01/01/2000,01:29:42.23,18.18,-61.49,-992.71,183.75,-700.0,-428.75,1,94.285,
01/01/2000,01:29:42.24,18.30,-61.37,-992.47,166.25,-673.75,-341.25,1,94.286,
01/01/2000,01:29:42.25,18.79,-61.73,-992.10,148.75,-647.50,-411.25,1,94.286,
01/01/2000,01:29:42.26,19.52,-61.61,-992.10,122.50,-743.75,-525.0,1,94.287,
01/01/2000,01:29:42.27,20.37,-61.73,-992.59,288.75,-665.0,-227.50,1,94.288,
01/01/2000,01:29:42.28,20.62,-61.73,-993.08,218.75,-691.25,-376.25,1,94.288,
01/01/2000,01:29:42.29,20.25,-61.73,-993.45,61.25,-638.75,-297.50,1,94.289,
01/01/2000,01:29:42.30,19.64,-61.73,-993.45,192.50,-638.75,-218.75,1,94.289,
01/01/2000,01:29:42.31,18.54,-61.49,-992.84,-26.25,-560.0,-306.25,1,94.290,
01/01/2000,01:29:42.32,17.81,-61.49,-992.23,192.50,-805.0,-323.75,1,94.291,
01/01/2000,01:29:42.34,17.81,-61.49,-991.62,87.50,-612.50,-280.0,1,94.291,
01/01/2000,01:29:42.35,17.93,-61.73,-991.37,271.25,-595.0,-367.50,1,94.292,
01/01/2000,01:29:42.36,18.18,-61.85,-991.62,105.0,-708.75,-236.25,1,94.293,
01/01/2000,01:29:42.37,18.67,-61.98,-992.10,157.50,-726.25,-490.0,1,94.293,
01/01/2000,01:29:42.38,18.54,-61.85,-992.35,253.75,-700.0,-332.50,1,94.294,
01/01/2000,01:29:42.39,18.54,-61.49,-992.59,236.25,-752.50,-385.0,1,94.294,
01/01/2000,01:29:42.40,18.30,-61.37,-992.59,52.50,-577.50,-306.25,1,94.295,
01/01/2000,01:29:42.41,18.54,-61.0,-992.23,96.25,-621.25,-315.0,1,94.285,
01/01/2000,01:29:42.42,18.91,-61.24,-991.98,236.25,-586.25,-315.0,1,94.286,
01/01/2000,01:29:42.43,19.28,-61.24,-991.86,0.0,-770.0,-288.75,1,94.287,
01/01/2000,01:29:42.44,19.28,-61.73,-991.74,288.75,-621.25,-367.50,1,94.287,
01/01/2000,01:29:42.45,19.40,-61.61,-991.86,78.75,-770.0,-402.50,1,94.288,
01/01/2000,01:29:42.46,19.40,-61.73,-992.10,253.75,-708.75,-315.0,1,94.288,
01/01/2000,01:29:42.47,19.40,-61.73,-992.96,192.50,-638.75,-367.50,1,94.289,
01/01/2000,01:29:42.49,19.03,-61.49,-993.81,245.0,-656.25,-323.75,1,94.290,
01/01/2000,01:29:42.50,18.91,-61.24,-993.81,52.50,-805.0,-306.25,1,94.290,
01/01/2000,01:29:42.51,18.91,-61.49,-993.81,122.50,-630.0,-332.50,1,94.291,
01/01/2000,01:29:42.52,19.03,-61.49,-993.69,113.75,-551.25,-393.75,1,94.292,
01/01/2000,01:29:42.53,19.15,-61.61,-992.84,131.25,-612.50,-280.0,1,94.292,
01/01/2000,01:29:42.54,18.91,-61.61,-991.01,140.0,-805.0,-306.25,1,94.293,
01/01/2000,01:29:42.55,18.67,-61.85,-990.03,201.25,-743.75,-446.25,1,94.293,
01/01/2000,01:29:42.56,18.30,-61.73,-990.15,113.75,-717.50,-315.0,1,94.294,
01/01/2000,01:29:42.57,18.18,-61.73,-991.01,253.75,-691.25,-385.0,1,94.295,
01/01/2000,01:29:42.58,18.18,-61.61,-992.23,131.25,-717.50,-420.0,1,94.295,
01/01/2000,01:29:42.59,18.30,-61.24,-993.57,201.25,-647.50,-332.50,1,94.296,
01/01/2000,01:29:42.60,18.79,-61.24,-993.81,245.0,-743.75,-323.75,1,94.297,
01/01/2000,01:29:42.61,19.03,-61.12,-993.20,201.25,-682.50,-323.75,1,94.297,
01/01/2000,01:29:42.62,19.52,-61.37,-991.62,166.25,-735.0,-271.25,1,94.288,
01/01/2000,01:29:42.63,19.40,-61.49,-990.64,192.50,-647.50,-323.75,1,94.288,
01/01/2000,01:29:42.64,19.28,-61.73,-990.27,280.0,-682.50,-455.0,1,94.289,
01/01/2000,01:29:42.65,18.91,-61.73,-991.01,192.50,-630.0,-411.25,1,94.289,
01/01/2000,01:29:42.66,18.91,-61.73,-991.86,245.0,-700.0,-507.50,1,94.290,
01/01/2000,01:29:42.68,18.42,-61.24,-993.08,131.25,-735.0,-402.50,1,94.291,
01/01/2000,01:29:42.69,17.93,-61.12,-993.08,122.50,-700.0,-183.75,1,94.291,
01/01/2000,01:29:42.70,17.81,-61.0,-992.59,105.0,-708.75,-446.25,1,94.292,
01/01/2000,01:29:42.71,18.06,-61.61,-992.35,157.50,-700.0,-332.50,1,94.293,
01/01/2000,01:29:42.72,18.18,-61.98,-991.86,245.0,-752.50,-507.50,1,94.293,
01/01/2000,01:29:42.73,18.42,-62.10,-991.13,157.50,-638.75,-411.25,1,94.294,
01/01/2000,01:29:42.74,18.91,-61.85,-990.64,87.50,-656.25,-358.75,1,94.294,
01/01/2000,01:29:42.75,19.15,-61.61,-990.40,140.0,-673.75,-385.0,1,94.295,
01/01/2000,01:29:42.76,19.15,-61.37,-990.64,192.50,-717.50,-332.50,1,94.285,
01/01/2000,01:29:42.77,19.15,-61.24,-991.13,87.50,-726.25,-280.0,1,94.286,
01/01/2000,01:29:42.78,19.15,-61.37,-991.37,288.75,-700.0,-297.50,1,94.287,
01/01/2000,01:29:42.79,18.91,-61.49,-991.86,131.25,-726.25,-332.50,1,94.287,
01/01/2000,01:29:42.80,18.91,-61.49,-992.10,210.0,-630.0,-411.25,1,94.288,
01/01/2000,01:29:42.81,18.91,-61.49,-991.86,323.75,-647.50,-315.0,1,94.288,
01/01/2000,01:29:42.82,18.54,-61.24,-991.49,140.0,-673.75,-288.75,1,94.289,
01/01/2000,01:29:42.83,18.54,-61.24,-991.13,113.75,-665.0,-376.25,1,94.290,
01/01/2000,01:29:42.84,18.30,-61.24,-991.13,52.50,-665.0,-350.0,1,94.290,
01/01/2000,01:29:42.85,18.54,-61.49,-991.98,131.25,-691.25,-323.75,1,94.291,
01/01/2000,01:29:42.86,18.79,-61.73,-992.59,262.50,-726.25,-446.25,1,94.292,
01/01/2000,01:29:42.87,18.67,-61.49,-992.84,201.25,-726.25,-385.0,1,94.292,
01/01/2000,01:29:42.88,18.79,-61.49,-992.84,157.50,-673.75,-332.50,1,94.293,
01/01/2000,01:29:42.89,18.79,-61.37,-992.35,218.75,-612.50,-411.25,1,94.293,
01/01/2000,01:29:42.91,19.03,-61.49,-991.86,157.50,-656.25,-306.25,1,94.294,
01/01/2000,01:29:42.92,19.03,-61.73,-992.10,157.50,-726.25,-262.50,1,94.295,
01/01/2000,01:29:42.93,19.15,-61.73,-992.71,70.0,-665.0,-428.75,1,94.295,
01/01/2000,01:29:42.94,19.03,-61.73,-993.32,61.25,-612.50,-455.0,1,94.296,
01/01/2000,01:29:42.95,18.79,-61.73,-993.32,183.75,-595.0,-306.25,1,94.296,
01/01/2000,01:29:42.96,18.42,-61.12,-992.71,26.25,-743.75,-411.25,1,94.297,
01/01/2000,01:29:42.97,18.18,-61.0,-991.37,210.0,-665.0,-323.75,1,94.298,
01/01/2000,01:29:42.98,18.54,-61.24,-991.01,218.75,-665.0,-420.0,1,94.298,
01/01/2000,01:29:42.99,19.03,-61.37,-990.64,78.75,-612.50,-376.25,1,94.289,
01/01/2000,01:29:43.00,19.15,-61.61,-990.27,245.0,-612.50,-306.25,1,94.300,
01/01/2000,01:29:43.01,19.28,-61.61,-990.03,78.75,-700.0,-437.50,1,94.290,
01/01/2000,01:29:43.02,19.15,-61.49,-990.27,-26.25,-647.50,-297.50,1,94.291,
01/01/2000,01:29:43.03,18.67,-61.37,-991.13,201.25,-595.0,-411.25,1,94.291,
01/01/2000,01:29:43.05,18.30,-61.12,-992.59,113.75,-691.25,-341.25,1,94.292,
01/01/2000,01:29:43.06,17.93,-61.0,-993.08,210.0,-735.0,-175.0,1,94.292,
01/01/2000,01:29:43.07,17.81,-61.0,-992.96,131.25,-700.0,-350.0,1,94.293,
01/01/2000,01:29:43.08,17.45,-61.12,-991.98,-17.50,-717.50,-385.0,1,94.294,
01/01/2000,01:29:43.09,17.57,-61.24,-991.37,166.25,-621.25,-385.0,1,94.294,
01/01/2000,01:29:43.10,17.93,-61.24,-990.88,122.50,-665.0,-385.0,1,94.295,
01/01/2000,01:29:43.11,18.30,-61.49,-990.88,253.75,-673.75,-507.50,1,94.296,
01/01/2000,01:29:43.12,18.79,-61.37,-991.37,183.75,-770.0,-411.25,1,94.296,
01/01/2000,01:29:43.13,19.15,-61.24,-992.84,78.75,-752.50,-516.25,1,94.297,
01/01/2000,01:29:43.14,19.15,-61.24,-993.81,201.25,-700.0,-280.0,1,94.297,
01/01/2000,01:29:43.15,19.40,-61.61,-994.06,236.25,-647.50,-271.25,1,94.298,
01/01/2000,01:29:43.16,18.91,-61.61,-993.45,262.50,-665.0,-358.75,1,94.299,
01/01/2000,01:29:43.17,18.18,-61.37,-992.10,157.50,-735.0,-306.25,1,94.299,
01/01/2000,01:29:43.19,17.57,-61.49,-989.66,113.75,-691.25,-481.25,1,94.290,
01/01/2000,01:29:43.20,17.81,-61.73,-989.66,210.0,-743.75,-428.75,1,94.290,
01/01/2000,01:29:43.21,18.18,-61.61,-990.40,148.75,-665.0,-358.75,1,94.291,
01/01/2000,01:29:43.22,18.79,-61.73,-991.25,61.25,-708.75,-341.25,1,94.292,
01/01/2000,01:29:43.23,19.03,-61.49,-991.98,166.25,-665.0,-367.50,1,94.292,
01/01/2000,01:29:43.24,19.03,-61.49,-992.35,297.50,-656.25,-245.0,1,94.293,
01/01/2000,01:29:43.25,18.91,-61.24,-992.35,43.75,-700.0,-385.0,1,94.293,
01/01/2000,01:29:43.26,18.79,-61.37,-992.23,201.25,-612.50,-393.75,1,94.294,
01/01/2000,01:29:43.27,18.79,-61.85,-991.86,236.25,-708.75,-332.50,1,94.295,
01/01/2000,01:29:43.28,18.91,-61.73,-991.98,218.75,-717.50,-332.50,1,94.295,
01/01/2000,01:29:43.29,19.03,-61.73,-992.35,148.75,-752.50,-402.50,1,94.296,
01/01/2000,01:29:43.30,19.03,-61.73,-992.84,113.75,-603.75,-455.0,1,94.296,
01/01/2000,01:29:43.31,19.40,-61.49,-992.96,8.75,-647.50,-306.25,1,94.297,
01/01/2000,01:29:43.32,19.28,-61.49,-992.96,166.25,-752.50,-288.75,1,94.298,
01/01/2000,01:29:43.33,19.15,-61.37,-992.71,43.75,-673.75,-323.75,1,94.288,
01/01/2000,01:29:43.34,19.03,-61.61,-992.96,157.50,-700.0,-280.0,1,94.289,
01/01/2000,01:29:43.35,19.28,-61.85,-993.57,148.75,-603.75,-341.25,1,94.289,
01/01/2000,01:29:43.36,19.40,-61.98,-993.81,323.75,-682.50,-376.25,1,94.290,
01/01/2000,01:29:43.37,19.28,-61.61,-993.45,166.25,-612.50,-385.0,1,94.291,
01/01/2000,01:29:43.38,19.28,-61.49,-992.35,315.0,-542.50,-393.75,1,94.291,
01/01/2000,01:29:43.40,19.28,-60.88,-990.64,236.25,-700.0,-253.75,1,94.292,
01/01/2000,01:29:43.41,19.28,-61.0,-989.91,26.25,-822.50,-367.50,1,94.292,
01/01/2000,01:29:43.42,19.52,-61.85,-990.15,157.50,-761.25,-306.25,1,94.293,
01/01/2000,01:29:43.43,19.52,-62.10,-991.13,297.50,-665.0,-455.0,1,94.294,
01/01/2000,01:29:43.44,19.40,-62.10,-992.23,175.0,-638.75,-350.0,1,94.294,
01/01/2000,01:29:43.45,19.03,-61.98,-992.96,26.25,-595.0,-315.0,1,94.295,
01/01/2000,01:29:43.46,18.79,-61.37,-992.96,140.0,-673.75,-262.50,1,94.296,
01/01/2000,01:29:43.47,18.42,-61.12,-992.10,175.0,-700.0,-218.75,1,94.296,
01/01/2000,01:29:43.48,18.30,-61.49,-991.37,157.50,-700.0,-262.50,1,94.297,
01/01/2000,01:29:43.49,18.42,-61.85,-991.37,192.50,-805.0,-332.50,1,94.297,
01/01/2000,01:29:43.50,18.79,-61.98,-991.86,96.25,-761.25,-542.50,1,94.298,
01/01/2000,01:29:43.51,19.15,-62.34,-992.47,218.75,-875.0,-498.75,1,94.299,
01/01/2000,01:29:43.52,19.28,-61.73,-993.32,113.75,-630.0,-376.25,1,94.299,
01/01/2000,01:29:43.53,19.15,-61.37,-993.45,271.25,-638.75,-245.0,1,94.300,
01/01/2000,01:29:43.54,18.79,-61.0,-993.08,78.75,-717.50,-253.75,1,94.290,
01/01/2000,01:29:43.55,18.91,-61.24,-992.84,157.50,-700.0,-341.25,1,94.291,
01/01/2000,01:29:43.56,19.03,-61.49,-993.08,148.75,-770.0,-376.25,1,94.292,
01/01/2000,01:29:43.57,19.28,-62.22,-992.96,140.0,-665.0,-332.50,1,94.292,
01/01/2000,01:29:43.58,19.03,-61.98,-992.35,157.50,-822.50,-411.25,1,94.293,
01/01/2000,01:29:43.59,18.79,-61.49,-991.37,253.75,-656.25,-315.0,1,94.293,
01/01/2000,01:29:43.61,18.30,-61.24,-990.15,227.50,-761.25,-288.75,1,94.294,
01/01/2000,01:29:43.62,17.81,-61.0,-990.03,87.50,-682.50,-367.50,1,94.295,
01/01/2000,01:29:43.63,18.06,-61.37,-990.64,148.75,-665.0,-455.0,1,94.295,
01/01/2000,01:29:43.64,18.30,-61.73,-992.10,297.50,-691.25,-437.50,1,94.296,
01/01/2000,01:29:43.65,18.79,-61.73,-992.59,192.50,-647.50,-446.25,1,94.296,
01/01/2000,01:29:43.66,19.03,-61.61,-992.71,192.50,-717.50,-437.50,1,94.297,
01/01/2000,01:29:43.67,19.03,-61.24,-992.35,105.0,-717.50,-262.50,1,94.298,
01/01/2000,01:29:43.68,19.03,-61.12,-991.37,280.0,-770.0,-183.75,1,94.288,
01/01/2000,01:29:43.70,18.91,-61.12,-991.37,157.50,-612.50,-367.50,1,94.289,
01/01/2000,01:29:43.71,19.03,-61.61,-991.98,148.75,-595.0,-350.0,1,94.289,
01/01/2000,01:29:43.72,19.15,-61.73,-992.59,210.0,-682.50,-341.25,1,94.290,
01/01/2000,01:29:43.73,19.03,-61.73,-992.96,70.0,-682.50,-245.0,1,94.291,
01/01/2000,01:29:43.74,18.67,-61.49,-992.47,96.25,-647.50,-332.50,1,94.291,
01/01/2000,01:29:43.75,18.42,-61.12,-992.23,210.0,-840.0,-367.50,1,94.292,
01/01/2000,01:29:43.76,18.67,-61.0,-992.10,113.75,-656.25,-341.25,1,94.292,
01/01/2000,01:29:43.77,18.79,-61.24,-992.35,183.75,-752.50,-341.25,1,94.293,
01/01/2000,01:29:43.78,19.28,-61.49,-993.08,245.0,-612.50,-332.50,1,94.294,
01/01/2000,01:29:43.79,19.28,-61.61,-993.57,148.75,-533.75,-367.50,1,94.294,
01/01/2000,01:29:43.80,19.03,-61.49,-993.32,157.50,-717.50,-323.75,1,94.295,
01/01/2000,01:29:43.81,18.54,-61.24,-992.47,157.50,-542.50,-306.25,1,94.295,
01/01/2000,01:29:43.82,18.06,-60.88,-990.64,166.25,-717.50,-227.50,1,94.296,
01/01/2000,01:29:43.83,18.06,-61.0,-990.03,201.25,-735.0,-402.50,1,94.297,
01/01/2000,01:29:43.84,18.54,-61.24,-990.15,96.25,-743.75,-297.50,1,94.297,
01/01/2000,01:29:43.85,18.79,-61.73,-990.76,26.25,-735.0,-472.50,1,94.298,
01/01/2000,01:29:43.86,19.52,-61.85,-991.62,131.25,-647.50,-385.0,1,94.299,
01/01/2000,01:29:43.87,19.28,-61.85,-991.86,113.75,-700.0,-367.50,1,94.299,
01/01/2000,01:29:43.88,19.03,-61.37,-991.74,148.75,-708.75,-245.0,1,94.300,
01/01/2000,01:29:43.89,18.67,-61.24,-991.62,61.25,-656.25,-315.0,1,94.290,
01/01/2000,01:29:43.90,18.30,-61.12,-991.98,218.75,-647.50,-297.50,1,94.291,
01/01/2000,01:29:43.91,18.18,-61.37,-992.35,105.0,-708.75,-358.75,1,94.292,
01/01/2000,01:29:43.92,18.06,-61.49,-992.35,-78.75,-735.0,-288.75,1,94.292,
01/01/2000,01:29:43.93,18.06,-61.73,-991.86,210.0,-665.0,-280.0,1,94.293,
01/01/2000,01:29:43.94,18.30,-61.24,-991.37,131.25,-665.0,-358.75,1,94.293,
01/01/2000,01:29:43.95,18.67,-61.61,-991.49,245.0,-691.25,-315.0,1,94.294,
01/01/2000,01:29:43.97,18.91,-61.37,-992.35,140.0,-726.25,-367.50,1,94.295,
01/01/2000,01:29:43.98,18.91,-61.37,-992.84,175.0,-726.25,-271.25,1,94.295,
01/01/2000,01:29:43.99,18.91,-61.37,-993.32,183.75,-630.0,-306.25,1,94.296,
01/01/2000,01:29:44.00,19.15,-61.61,-993.93,113.75,-752.50,-420.0,1,94.296,
01/01/2000,01:29:44.01,19.28,-61.49,-994.06,288.75,-700.0,-385.0,1,94.297,
01/01/2000,01:29:44.02,19.28,-61.37,-993.57,148.75,-656.25,-245.0,1,94.298,
01/01/2000,01:29:44.03,18.54,-61.49,-991.86,210.0,-612.50,-297.50,1,94.298,
01/01/2000,01:29:44.04,17.93,-61.0,-990.52,105.0,-577.50,-262.50,1,94.299,
01/01/2000,01:29:44.05,17.81,-61.24,-989.66,201.25,-665.0,-455.0,1,94.299,
01/01/2000,01:29:44.06,17.69,-61.24,-989.66,227.50,-621.25,-376.25,1,94.300,
01/01/2000,01:29:44.07,18.06,-61.12,-990.40,26.25,-700.0,-472.50,1,94.301,
01/01/2000,01:29:44.08,18.30,-60.88,-991.37,253.75,-796.25,-621.25,1,94.301,
01/01/2000,01:29:44.09,19.03,-60.76,-992.35,96.25,-656.25,-376.25,1,94.302,
01/01/2000,01:29:44.10,19.64,-60.76,-992.84,78.75,-603.75,-271.25,1,94.292,
01/01/2000,01:29:44.11,19.76,-61.0,-992.23,192.50,-805.0,-315.0,1,94.293,
01/01/2000,01:29:44.12,19.52,-61.12,-991.62,122.50,-735.0,-455.0,1,94.294,
01/01/2000,01:29:44.13,19.28,-61.37,-991.01,183.75,-761.25,-280.0,1,94.294,
01/01/2000,01:29:44.14,19.03,-61.37,-990.64,210.0,-630.0,-358.75,1,94.295,
01/01/2000,01:29:44.15,18.79,-61.24,-991.13,113.75,-708.75,-297.50,1,94.295,
01/01/2000,01:29:44.16,18.79,-61.24,-992.35,183.75,-726.25,-437.50,1,94.296,
01/01/2000,01:29:44.18,19.15,-61.0,-993.32,157.50,-665.0,-306.25,1,94.297,
01/01/2000,01:29:44.19,19.28,-61.24,-993.57,183.75,-630.0,-262.50,1,94.297,
01/01/2000,01:29:44.20,19.76,-61.49,-993.69,70.0,-673.75,-490.0,1,94.288,
01/01/2000,01:29:44.21,20.01,-61.73,-993.57,70.0,-665.0,-411.25,1,94.288,
01/01/2000,01:29:44.22,19.89,-61.61,-992.84,140.0,-743.75,-385.0,1,94.289,
01/01/2000,01:29:44.23,19.52,-61.49,-992.35,201.25,-682.50,-315.0,1,94.290,
01/01/2000,01:29:44.24,19.03,-61.24,-991.86,26.25,-647.50,-271.25,1,94.290,
01/01/2000,01:29:44.25,18.30,-61.37,-990.88,201.25,-603.75,-341.25,1,94.291,
01/01/2000,01:29:44.26,17.45,-61.0,-990.15,192.50,-761.25,-288.75,1,94.291,
01/01/2000,01:29:44.27,17.20,-61.24,-990.15,157.50,-682.50,-350.0,1,94.292,
01/01/2000,01:29:44.29,17.20,-61.49,-990.52,87.50,-822.50,-437.50,1,94.293,
01/01/2000,01:29:44.29,17.81,-61.73,-991.62,35.0,-673.75,-577.50,1,94.293,
01/01/2000,01:29:44.31,19.03,-61.49,-993.20,201.25,-665.0,-367.50,1,94.294,
01/01/2000,01:29:44.32,19.76,-61.61,-993.81,288.75,-665.0,-385.0,1,94.295,
01/01/2000,01:29:44.33,19.76,-61.24,-993.45,87.50,-630.0,-271.25,1,94.295,
01/01/2000,01:29:44.34,19.64,-61.37,-991.62,122.50,-708.75,-253.75,1,94.296,
01/01/2000,01:29:44.35,19.15,-61.61,-990.76,96.25,-752.50,-253.75,1,94.296,
01/01/2000,01:29:44.36,18.79,-61.73,-990.52,131.25,-805.0,-341.25,1,94.297,
01/01/2000,01:29:44.37,18.67,-61.98,-991.13,35.0,-577.50,-428.75,1,94.298,
01/01/2000,01:29:44.38,18.79,-61.85,-992.10,183.75,-726.25,-411.25,1,94.298,
01/01/2000,01:29:44.39,18.91,-61.37,-992.96,201.25,-743.75,-341.25,1,94.299,
01/01/2000,01:29:44.40,18.67,-61.12,-992.84,210.0,-560.0,-358.75,1,94.299,
01/01/2000,01:29:44.41,18.54,-61.12,-992.47,96.25,-743.75,-192.50,1,94.300,
01/01/2000,01:29:44.42,18.54,-61.49,-992.10,166.25,-796.25,-385.0,1,94.301,
01/01/2000,01:29:44.43,18.79,-61.98,-992.47,210.0,-682.50,-393.75,1,94.301,
01/01/2000,01:29:44.44,18.91,-61.85,-993.08,175.0,-682.50,-437.50,1,94.302,
01/01/2000,01:29:44.45,19.15,-61.24,-992.59,157.50,-726.25,-323.75,1,94.292,
01/01/2000,01:29:44.46,18.42,-60.76,-991.25,35.0,-656.25,-341.25,1,94.293,
01/01/2000,01:29:44.47,17.57,-60.76,-990.03,218.75,-665.0,-192.50,1,94.294,
01/01/2000,01:29:44.48,17.08,-61.0,-989.66,87.50,-700.0,-262.50,1,94.294,
01/01/2000,01:29:44.49,17.32,-61.61,-990.15,288.75,-717.50,-376.25,1,94.295,
01/01/2000,01:29:44.50,18.06,-61.73,-991.37,166.25,-665.0,-542.50,1,94.295,
01/01/2000,01:29:44.52,18.54,-61.73,-992.35,245.0,-612.50,-516.25,1,94.296,
01/01/2000,01:29:44.53,19.15,-60.88,-992.84,17.50,-595.0,-455.0,1,94.297,
01/01/2000,01:29:44.54,19.15,-60.76,-992.47,253.75,-665.0,-148.75,1,94.297,
01/01/2000,01:29:44.55,18.91,-60.76,-991.74,157.50,-665.0,-183.75,1,94.298,
01/01/2000,01:29:44.56,18.79,-61.12,-990.88,78.75,-700.0,-306.25,1,94.298,
01/01/2000,01:29:44.57,18.54,-61.73,-991.13,96.25,-770.0,-385.0,1,94.299,
01/01/2000,01:29:44.58,18.79,-61.73,-992.10,332.50,-638.75,-411.25,1,94.300,
01/01/2000,01:29:44.59,19.15,-61.49,-993.08,175.0,-656.25,-463.75,1,94.300,
01/01/2000,01:29:44.60,19.15,-60.88,-993.57,262.50,-603.75,-253.75,1,94.291,
01/01/2000,01:29:44.61,19.15,-60.27,-993.08,0.0,-770.0,-253.75,1,94.291,
01/01/2000,01:29:44.62,18.79,-60.76,-992.10,157.50,-647.50,-341.25,1,94.292,
01/01/2000,01:29:44.63,18.79,-61.37,-992.10,96.25,-700.0,-280.0,1,94.293,
01/01/2000,01:29:44.64,19.03,-61.98,-992.71,280.0,-673.75,-463.75,1,94.293,
01/01/2000,01:29:44.65,19.28,-62.10,-993.45,87.50,-700.0,-498.75,1,94.294,
01/01/2000,01:29:44.67,19.52,-61.37,-993.57,175.0,-612.50,-350.0,1,94.294,
01/01/2000,01:29:44.68,19.28,-60.76,-992.96,148.75,-752.50,-288.75,1,94.295,
01/01/2000,01:29:44.69,18.42,-60.63,-991.62,61.25,-638.75,0.0,1,94.296,
01/01/2000,01:29:44.70,18.06,-61.24,-991.01,227.50,-831.25,-350.0,1,94.296,
01/01/2000,01:29:44.71,18.06,-61.98,-991.25,52.50,-875.0,-367.50,1,94.297,
01/01/2000,01:29:44.72,18.18,-61.98,-991.62,113.75,-682.50,-516.25,1,94.298,
01/01/2000,01:29:44.73,18.42,-61.12,-991.98,105.0,-656.25,-446.25,1,94.298,
01/01/2000,01:29:44.74,18.42,-60.76,-991.74,332.50,-770.0,-393.75,1,94.289,
01/01/2000,01:29:44.75,18.54,-60.63,-991.62,105.0,-805.0,-236.25,1,94.289,
01/01/2000,01:29:44.76,19.03,-61.24,-991.86,122.50,-568.75,-236.25,1,94.290,
01/01/2000,01:29:44.77,19.28,-61.73,-992.35,122.50,-647.50,-332.50,1,94.291,
01/01/2000,01:29:44.78,19.28,-62.10,-992.35,140.0,-691.25,-551.25,1,94.291,
01/01/2000,01:29:44.79,19.28,-61.98,-992.23,148.75,-691.25,-376.25,1,94.292,
01/01/2000,01:29:44.80,19.15,-61.73,-992.10,26.25,-665.0,-411.25,1,94.292,
01/01/2000,01:29:44.81,18.54,-61.24,-991.74,218.75,-673.75,-236.25,1,94.293,
01/01/2000,01:29:44.82,18.54,-61.24,-991.86,288.75,-805.0,-341.25,1,94.294,
01/01/2000,01:29:44.83,18.42,-61.61,-992.23,70.0,-770.0,-332.50,1,94.294,
01/01/2000,01:29:44.84,18.67,-61.98,-992.59,131.25,-726.25,-393.75,1,94.295,
01/01/2000,01:29:44.85,19.28,-61.73,-993.20,218.75,-603.75,-367.50,1,94.295,
01/01/2000,01:29:44.86,19.89,-61.49,-993.93,288.75,-682.50,-551.25,1,94.296,
01/01/2000,01:29:44.88,20.13,-61.37,-993.81,253.75,-708.75,-341.25,1,94.297,
01/01/2000,01:29:44.89,19.64,-61.0,-993.08,113.75,-708.75,-96.25,1,94.297,
01/01/2000,01:29:44.90,19.03,-61.0,-991.13,157.50,-682.50,-175.0,1,94.298,
01/01/2000,01:29:44.91,18.06,-61.61,-990.40,43.75,-708.75,-341.25,1,94.298,
01/01/2000,01:29:44.92,17.45,-61.85,-990.40,175.0,-708.75,-367.50,1,94.299,
01/01/2000,01:29:44.93,17.57,-61.73,-990.88,148.75,-700.0,-577.50,1,94.300,
01/01/2000,01:29:44.94,17.81,-61.49,-991.62,236.25,-682.50,-446.25,1,94.300,
01/01/2000,01:29:44.95,18.67,-61.0,-992.59,131.25,-673.75,-341.25,1,94.291,
01/01/2000,01:29:44.96,19.76,-61.0,-992.96,183.75,-761.25,-218.75,1,94.291,
01/01/2000,01:29:44.97,19.89,-61.12,-992.59,166.25,-682.50,-288.75,1,94.292,
01/01/2000,01:29:44.98,19.52,-61.61,-992.10,315.0,-630.0,-385.0,1,94.293,
01/01/2000,01:29:44.99,19.40,-61.49,-991.86,122.50,-586.25,-210.0,1,94.293,
01/01/2000,01:29:45.00,19.15,-61.61,-992.10,148.75,-647.50,-376.25,1,94.294,
01/01/2000,01:29:45.01,18.79,-61.0,-992.59,61.25,-708.75,-367.50,1,94.294,
01/01/2000,01:29:45.03,18.91,-60.76,-993.08,227.50,-656.25,-341.25,1,94.295,
01/01/2000,01:29:45.04,19.03,-60.76,-993.08,227.50,-743.75,-315.0,1,94.296,
01/01/2000,01:29:45.05,19.28,-61.0,-993.20,192.50,-752.50,-323.75,1,94.296,
01/01/2000,01:29:45.06,19.40,-61.24,-993.32,236.25,-630.0,-411.25,1,94.297,
01/01/2000,01:29:45.07,20.13,-61.73,-993.32,245.0,-691.25,-350.0,1,94.297,
01/01/2000,01:29:45.08,20.13,-61.61,-993.32,148.75,-735.0,-472.50,1,94.298,
01/01/2000,01:29:45.09,19.76,-61.12,-993.08,148.75,-691.25,-218.75,1,94.299,
01/01/2000,01:29:45.10,19.40,-60.76,-992.47,157.50,-612.50,-183.75,1,94.299,
01/01/2000,01:29:45.11,18.54,-61.0,-991.62,192.50,-682.50,-140.0,1,94.300,
01/01/2000,01:29:45.12,18.06,-61.0,-990.76,175.0,-700.0,-315.0,1,94.300,
01/01/2000,01:29:45.13,17.57,-61.49,-990.03,288.75,-726.25,-402.50,1,94.301,
01/01/2000,01:29:45.14,17.57,-61.37,-990.64,253.75,-673.75,-446.25,1,94.302,
01/01/2000,01:29:45.15,18.30,-61.37,-991.62,122.50,-621.25,-446.25,1,94.302,
01/01/2000,01:29:45.16,19.28,-60.76,-992.84,26.25,-551.25,-420.0,1,94.293,
01/01/2000,01:29:45.17,19.40,-60.51,-992.84,87.50,-761.25,-140.0,1,94.294,
01/01/2000,01:29:45.18,19.64,-61.0,-992.10,183.75,-682.50,-262.50,1,94.294,
01/01/2000,01:29:45.19,19.28,-61.24,-991.62,297.50,-770.0,-393.75,1,94.295,
01/01/2000,01:29:45.21,19.03,-61.49,-991.25,175.0,-778.75,-341.25,1,94.295,
01/01/2000,01:29:45.21,18.91,-61.49,-991.62,271.25,-770.0,-385.0,1,94.296,
01/01/2000,01:29:45.23,19.15,-60.88,-993.20,70.0,-542.50,-306.25,1,94.287,
01/01/2000,01:29:45.25,19.28,-60.76,-993.20,297.50,-603.75,-236.25,1,94.287,
01/01/2000,01:29:45.26,19.40,-61.24,-992.84,236.25,-665.0,-332.50,1,94.288,
01/01/2000,01:29:45.27,19.64,-61.49,-992.10,227.50,-726.25,-227.50,1,94.288,
01/01/2000,01:29:45.28,19.52,-61.49,-992.23,166.25,-673.75,-420.0,1,94.289,
01/01/2000,01:29:45.29,20.01,-61.24,-992.71,183.75,-682.50,-367.50,1,94.290,
01/01/2000,01:29:45.30,20.25,-61.0,-993.08,113.75,-498.75,-245.0,1,94.290,
01/01/2000,01:29:45.31,19.52,-60.76,-992.59,183.75,-630.0,-210.0,1,94.291,
01/01/2000,01:29:45.32,19.03,-60.88,-991.62,131.25,-673.75,-280.0,1,94.291,
01/01/2000,01:29:45.33,18.67,-61.24,-990.88,113.75,-656.25,-332.50,1,94.292,
01/01/2000,01:29:45.34,18.42,-61.49,-990.88,148.75,-743.75,-402.50,1,94.293,
01/01/2000,01:29:45.35,18.67,-61.49,-991.62,192.50,-542.50,-437.50,1,94.293,
01/01/2000,01:29:45.36,19.15,-61.37,-992.47,245.0,-673.75,-542.50,1,94.294,
01/01/2000,01:29:45.37,19.52,-61.0,-992.84,113.75,-691.25,-402.50,1,94.294,
01/01/2000,01:29:45.38,19.76,-61.0,-992.59,210.0,-656.25,-315.0,1,94.295,
01/01/2000,01:29:45.39,19.40,-61.12,-992.23,175.0,-708.75,-227.50,1,94.296,
01/01/2000,01:29:45.40,19.28,-61.37,-991.49,70.0,-665.0,-350.0,1,94.296,
01/01/2000,01:29:45.41,19.03,-61.73,-991.37,210.0,-717.50,-481.25,1,94.297,
01/01/2000,01:29:45.42,18.79,-61.73,-991.86,201.25,-691.25,-446.25,1,94.297,
01/01/2000,01:29:45.43,19.03,-61.49,-992.23,280.0,-717.50,-490.0,1,94.298,
01/01/2000,01:29:45.44,19.15,-61.0,-992.59,140.0,-726.25,-323.75,1,94.299,
01/01/2000,01:29:45.45,19.40,-61.0,-992.59,140.0,-630.0,-297.50,1,94.289,
01/01/2000,01:29:45.46,19.52,-61.12,-992.35,166.25,-700.0,-341.25,1,94.290,
01/01/2000,01:29:45.47,19.64,-61.49,-992.23,157.50,-761.25,-420.0,1,94.291,
01/01/2000,01:29:45.48,19.64,-61.49,-992.23,61.25,-656.25,-367.50,1,94.291,
01/01/2000,01:29:45.49,19.64,-61.12,-992.59,201.25,-595.0,-385.0,1,94.292,
01/01/2000,01:29:45.50,19.76,-61.0,-992.59,306.25,-743.75,-376.25,1,94.292,
01/01/2000,01:29:45.52,19.40,-60.76,-992.23,183.75,-708.75,-315.0,1,94.293,
01/01/2000,01:29:45.53,19.03,-61.0,-991.37,227.50,-630.0,-148.75,1,94.294,
01/01/2000,01:29:45.54,18.67,-61.12,-990.88,192.50,-656.25,-455.0,1,94.294,
01/01/2000,01:29:45.55,18.18,-61.49,-990.88,113.75,-778.75,-148.75,1,94.295,
01/01/2000,01:29:45.56,18.30,-61.49,-991.13,105.0,-603.75,-586.25,1,94.295,
01/01/2000,01:29:45.57,18.30,-61.37,-991.25,96.25,-717.50,-236.25,1,94.296,
01/01/2000,01:29:45.58,18.30,-61.12,-991.37,280.0,-761.25,-297.50,1,94.297,
01/01/2000,01:29:45.59,18.54,-61.0,-991.74,148.75,-621.25,-315.0,1,94.297,
01/01/2000,01:29:45.60,19.03,-61.24,-992.23,131.25,-735.0,-253.75,1,94.298,
01/01/2000,01:29:45.61,19.52,-61.24,-992.84,70.0,-726.25,-271.25,1,94.288,
01/01/2000,01:29:45.62,20.01,-61.24,-993.20,105.0,-726.25,-315.0,1,94.299,
01/01/2000,01:29:45.63,20.01,-61.24,-993.08,271.25,-700.0,-262.50,1,94.290,
01/01/2000,01:29:45.64,19.76,-60.88,-992.71,87.50,-761.25,-306.25,1,94.290,
01/01/2000,01:29:45.65,19.03,-61.24,-991.98,175.0,-682.50,-376.25,1,94.291,
01/01/2000,01:29:45.67,18.42,-61.49,-991.86,367.50,-665.0,-323.75,1,94.291,
01/01/2000,01:29:45.68,18.54,-61.49,-991.86,140.0,-805.0,-350.0,1,94.292,
01/01/2000,01:29:45.69,18.91,-61.73,-992.59,227.50,-743.75,-533.75,1,94.293,
01/01/2000,01:29:45.70,19.76,-61.49,-993.69,166.25,-743.75,-376.25,1,94.293,
01/01/2000,01:29:45.71,20.37,-61.24,-994.30,70.0,-743.75,-358.75,1,94.294,
01/01/2000,01:29:45.72,20.86,-60.63,-993.69,113.75,-700.0,-227.50,1,94.294,
01/01/2000,01:29:45.73,19.52,-60.51,-991.13,122.50,-770.0,-96.25,1,94.285,
01/01/2000,01:29:45.75,18.79,-60.76,-990.27,148.75,-813.75,-271.25,1,94.286,
01/01/2000,01:29:45.75,18.18,-61.37,-990.15,210.0,-735.0,-428.75,1,94.286,
01/01/2000,01:29:45.77,17.69,-61.61,-991.13,332.50,-743.75,-542.50,1,94.287,
01/01/2000,01:29:45.78,17.93,-61.12,-991.86,78.75,-691.25,-656.25,1,94.288,
01/01/2000,01:29:45.79,18.54,-60.51,-992.59,140.0,-717.50,-358.75,1,94.288,
01/01/2000,01:29:45.80,19.28,-59.90,-992.96,-26.25,-577.50,-8.75,1,94.289,
01/01/2000,01:29:45.81,20.01,-60.27,-992.84,-35.0,-603.75,-157.50,1,94.289,
01/01/2000,01:29:45.82,20.25,-61.0,-992.35,122.50,-682.50,-288.75,1,94.290,
01/01/2000,01:29:45.83,19.52,-61.61,-991.98,262.50,-708.75,-446.25,1,94.290,
01/01/2000,01:29:45.84,19.03,-61.73,-991.49,140.0,-743.75,-490.0,1,94.291,
01/01/2000,01:29:45.85,18.67,-61.24,-991.49,227.50,-752.50,-323.75,1,94.292,
01/01/2000,01:29:45.86,17.81,-60.76,-991.98,201.25,-726.25,-236.25,1,94.292,
01/01/2000,01:29:45.87,18.18,-60.63,-992.59,236.25,-603.75,-358.75,1,94.293,
01/01/2000,01:29:45.88,19.03,-60.88,-993.69,280.0,-708.75,-245.0,1,94.293,
01/01/2000,01:29:45.89,19.76,-61.98,-994.06,78.75,-735.0,-481.25,1,94.294,
01/01/2000,01:29:45.90,20.50,-61.98,-994.06,280.0,-700.0,-638.75,1,94.295,
01/01/2000,01:29:45.91,21.23,-61.61,-993.93,245.0,-638.75,-490.0,1,94.295,
01/01/2000,01:29:45.92,21.23,-60.76,-993.57,122.50,-595.0,-131.25,1,94.296,
01/01/2000,01:29:45.93,19.89,-60.27,-992.35,70.0,-796.25,210.0,1,94.296,
01/01/2000,01:29:45.94,18.67,-61.0,-991.13,35.0,-665.0,-341.25,1,94.297,
01/01/2000,01:29:45.95,16.96,-61.49,-990.40,35.0,-656.25,-525.0,1,94.288,
01/01/2000,01:29:45.96,16.35,-61.61,-990.64,227.50,-813.75,-603.75,1,94.288,
01/01/2000,01:29:45.97,17.08,-61.24,-991.37,78.75,-778.75,-735.0,1,94.289,
01/01/2000,01:29:45.98,18.18,-61.0,-992.35,87.50,-717.50,-472.50,1,94.290,
01/01/2000,01:29:45.99,19.28,-60.76,-993.69,253.75,-612.50,-245.0,1,94.290,
01/01/2000,01:29:46.00,20.50,-60.76,-993.93,26.25,-656.25,-96.25,1,94.291,
01/01/2000,01:29:46.02,20.98,-61.24,-993.08,122.50,-621.25,-96.25,1,94.291,
01/01/2000,01:29:46.03,19.64,-61.61,-992.35,175.0,-717.50,-175.0,1,94.292,
01/01/2000,01:29:46.04,19.03,-61.73,-991.62,210.0,-752.50,-656.25,1,94.293,
01/01/2000,01:29:46.05,19.28,-61.24,-991.49,113.75,-770.0,-542.50,1,94.293,
01/01/2000,01:29:46.06,18.06,-61.0,-992.35,61.25,-743.75,-481.25,1,94.294,
01/01/2000,01:29:46.07,18.54,-60.39,-993.08,70.0,-752.50,-332.50,1,94.294,
01/01/2000,01:29:46.08,19.64,-60.51,-993.32,78.75,-682.50,87.50,1,94.295,
01/01/2000,01:29:46.09,19.52,-61.0,-993.32,17.50,-787.50,-507.50,1,94.296,
01/01/2000,01:29:46.10,19.76,-61.24,-993.32,192.50,-665.0,-498.75,1,94.296,
01/01/2000,01:29:46.11,20.74,-61.37,-992.84,131.25,-787.50,-428.75,1,94.297,
01/01/2000,01:29:46.12,19.52,-61.24,-992.23,0.0,-665.0,-288.75,1,94.297,
01/01/2000,01:29:46.13,18.54,-60.76,-991.25,26.25,-840.0,-236.25,1,94.298,
01/01/2000,01:29:46.14,18.06,-60.76,-990.52,201.25,-647.50,-166.25,1,94.299,
01/01/2000,01:29:46.15,16.84,-61.0,-990.27,105.0,-770.0,-306.25,1,94.289,
01/01/2000,01:29:46.16,16.35,-61.37,-990.88,157.50,-647.50,-516.25,1,94.290,
01/01/2000,01:29:46.17,18.42,-61.24,-991.86,78.75,-656.25,-446.25,1,94.290,
01/01/2000,01:29:46.18,19.03,-61.12,-992.59,175.0,-717.50,-428.75,1,94.291,
01/01/2000,01:29:46.19,19.15,-61.0,-992.84,192.50,-778.75,-367.50,1,94.292,
01/01/2000,01:29:46.20,20.01,-60.76,-992.59,105.0,-691.25,-166.25,1,94.292,
01/01/2000,01:29:46.21,20.50,-61.24,-991.49,157.50,-682.50,17.50,1,94.293,
01/01/2000,01:29:46.23,18.54,-61.37,-991.62,0.0,-796.25,-516.25,1,94.293,
01/01/2000,01:29:46.24,19.52,-61.73,-992.35,87.50,-700.0,-490.0,1,94.294,
01/01/2000,01:29:46.25,18.91,-61.61,-992.71,140.0,-708.75,-341.25,1,94.285,
01/01/2000,01:29:46.26,18.42,-61.0,-992.84,105.0,-665.0,-280.0,1,94.285,
01/01/2000,01:29:46.27,19.28,-60.88,-992.47,288.75,-656.25,-315.0,1,94.286,
01/01/2000,01:29:46.28,19.64,-61.37,-992.35,113.75,-752.50,-376.25,1,94.287,
01/01/2000,01:29:46.29,19.52,-61.73,-993.20,148.75,-700.0,-367.50,1,94.287,
01/01/2000,01:29:46.30,20.74,-61.49,-993.81,131.25,-805.0,-428.75,1,94.288,
01/01/2000,01:29:46.31,20.98,-61.0,-993.45,70.0,-726.25,-315.0,1,94.288,
01/01/2000,01:29:46.32,19.28,-60.51,-992.59,148.75,-735.0,17.50,1,94.289,
01/01/2000,01:29:46.33,18.79,-60.27,-991.49,148.75,-796.25,183.75,1,94.290,
01/01/2000,01:29:46.34,18.67,-60.88,-990.76,227.50,-726.25,-700.0,1,94.290,
01/01/2000,01:29:46.35,17.57,-61.61,-990.64,175.0,-586.25,-735.0,1,94.291,
01/01/2000,01:29:46.36,16.84,-61.49,-991.49,253.75,-708.75,-525.0,1,94.291,
01/01/2000,01:29:46.38,18.30,-60.76,-991.74,131.25,-665.0,-437.50,1,94.292,
01/01/2000,01:29:46.39,18.42,-60.39,-991.86,175.0,-735.0,-87.50,1,94.293,
01/01/2000,01:29:46.40,18.42,-60.39,-991.98,122.50,-656.25,-105.0,1,94.293,
01/01/2000,01:29:46.41,19.64,-61.0,-991.74,280.0,-612.50,-227.50,1,94.294,
01/01/2000,01:29:46.42,19.89,-61.49,-991.86,131.25,-708.75,-507.50,1,94.294,
01/01/2000,01:29:46.43,18.79,-61.73,-991.86,166.25,-761.25,-525.0,1,94.295,
01/01/2000,01:29:46.44,19.64,-61.0,-992.10,306.25,-638.75,-385.0,1,94.296,
01/01/2000,01:29:46.45,20.01,-60.51,-992.35,87.50,-708.75,-166.25,1,94.296,
01/01/2000,01:29:46.46,18.54,-60.27,-992.71,271.25,-735.0,-166.25,1,94.297,
01/01/2000,01:29:46.47,19.52,-60.39,-992.59,166.25,-647.50,-166.25,1,94.297,
01/01/2000,01:29:46.48,20.25,-61.12,-992.71,218.75,-735.0,-385.0,1,94.298,
01/01/2000,01:29:46.49,20.01,-61.49,-993.45,87.50,-673.75,-525.0,1,94.298,
01/01/2000,01:29:46.50,20.86,-61.12,-993.93,52.50,-612.50,-411.25,1,94.299,
01/01/2000,01:29:46.51,21.11,-60.51,-992.96,70.0,-638.75,8.75,1,94.290,
01/01/2000,01:29:46.52,19.28,-60.51,-992.10,140.0,-717.50,52.50,1,94.290,
01/01/2000,01:29:46.53,18.18,-60.63,-990.88,122.50,-638.75,-113.75,1,94.291,
01/01/2000,01:29:46.54,18.06,-61.0,-990.15,148.75,-761.25,-323.75,1,94.292,
01/01/2000,01:29:46.55,16.96,-61.24,-990.15,166.25,-700.0,-525.0,1,94.292,
01/01/2000,01:29:46.56,16.47,-60.88,-991.13,201.25,-691.25,-638.75,1,94.293,
01/01/2000,01:29:46.57,18.06,-60.51,-991.62,122.50,-787.50,-463.75,1,94.293,
01/01/2000,01:29:46.59,19.76,-60.27,-992.10,61.25,-656.25,-262.50,1,94.294,
01/01/2000,01:29:46.60,20.13,-60.76,-992.84,140.0,-875.0,-78.75,1,94.295,
01/01/2000,01:29:46.61,20.62,-61.24,-992.96,96.25,-787.50,-332.50,1,94.295,
01/01/2000,01:29:46.62,20.37,-61.98,-993.32,332.50,-708.75,-560.0,1,94.296,
01/01/2000,01:29:46.63,20.01,-61.0,-994.06,-122.50,-595.0,-367.50,1,94.296,
01/01/2000,01:29:46.64,20.50,-60.51,-994.18,245.0,-691.25,-358.75,1,94.297,
01/01/2000,01:29:46.65,21.72,-60.27,-995.40,52.50,-647.50,-288.75,1,94.298,
01/01/2000,01:29:46.66,23.30,-61.24,-996.74,183.75,-542.50,-367.50,1,94.298,
01/01/2000,01:29:46.67,24.89,-61.73,-998.33,148.75,-665.0,-568.75,1,94.299,
01/01/2000,01:29:46.68,26.84,-61.61,-999.55,297.50,-656.25,-411.25,1,94.290,
01/01/2000,01:29:46.69,26.84,-60.76,-999.06,78.75,-735.0,-227.50,1,94.300,
01/01/2000,01:29:46.70,26.23,-60.39,-997.84,175.0,-568.75,-201.25,1,94.291,
01/01/2000,01:29:46.71,25.13,-60.27,-996.62,131.25,-735.0,-148.75,1,94.291,
01/01/2000,01:29:46.73,22.81,-61.24,-995.40,43.75,-621.25,-341.25,1,94.292,
01/01/2000,01:29:46.74,21.72,-61.49,-995.40,70.0,-726.25,-691.25,1,94.293,
01/01/2000,01:29:46.75,22.20,-60.63,-996.37,192.50,-691.25,-638.75,1,94.293,
01/01/2000,01:29:46.76,23.79,-60.15,-997.72,35.0,-743.75,-385.0,1,94.294,
01/01/2000,01:29:46.77,25.86,-60.51,-999.42,210.0,-638.75,-341.25,1,94.294,
01/01/2000,01:29:46.78,28.30,-61.49,-1001.25,157.50,-665.0,-262.50,1,94.295,
01/01/2000,01:29:46.79,30.26,-61.73,-1001.38,148.75,-603.75,-428.75,1,94.295,
01/01/2000,01:29:46.80,30.13,-61.61,-1000.77,87.50,-700.0,-218.75,1,94.286,
01/01/2000,01:29:46.81,29.16,-61.0,-999.30,192.50,-673.75,0.0,1,94.287,
01/01/2000,01:29:46.82,26.11,-61.0,-998.20,175.0,-673.75,-113.75,1,94.287,
01/01/2000,01:29:46.83,23.91,-61.0,-997.11,175.0,-665.0,-446.25,1,94.288,
01/01/2000,01:29:46.84,22.69,-61.0,-996.13,105.0,-700.0,-393.75,1,94.289,
01/01/2000,01:29:46.85,22.45,-61.12,-995.76,157.50,-743.75,-717.50,1,94.289,
01/01/2000,01:29:46.86,23.67,-61.0,-996.25,210.0,-761.25,-752.50,1,94.290,
01/01/2000,01:29:46.87,25.01,-61.24,-997.35,227.50,-743.75,-516.25,1,94.290,
01/01/2000,01:29:46.88,26.35,-61.37,-998.33,166.25,-682.50,-323.75,1,94.291,
01/01/2000,01:29:46.89,25.62,-61.24,-997.72,245.0,-612.50,0.0,1,94.292,
01/01/2000,01:29:46.90,23.67,-61.12,-995.76,175.0,-761.25,105.0,1,94.292,
01/01/2000,01:29:46.92,21.47,-61.12,-993.93,166.25,-726.25,-218.75,1,94.293,
01/01/2000,01:29:46.92,20.25,-61.24,-993.32,61.25,-735.0,-682.50,1,94.293,
01/01/2000,01:29:46.94,20.25,-61.12,-993.81,157.50,-612.50,-761.25,1,94.294,
01/01/2000,01:29:46.95,20.86,-60.88,-994.06,105.0,-612.50,-542.50,1,94.295,
01/01/2000,01:29:46.96,21.59,-60.63,-994.18,78.75,-656.25,-253.75,1,94.295,
01/01/2000,01:29:46.97,21.96,-60.76,-993.69,201.25,-673.75,-131.25,1,94.296,
01/01/2000,01:29:46.98,21.47,-61.49,-993.32,52.50,-673.75,-175.0,1,94.296,
01/01/2000,01:29:46.99,20.74,-61.61,-993.32,105.0,-673.75,-420.0,1,94.297,
01/01/2000,01:29:47.00,19.76,-61.49,-993.32,105.0,-726.25,-393.75,1,94.298,
01/01/2000,01:29:47.01,19.40,-60.76,-993.08,78.75,-735.0,-455.0,1,94.298,
01/01/2000,01:29:47.02,19.52,-60.39,-992.96,131.25,-647.50,-262.50,1,94.299,
01/01/2000,01:29:47.03,20.25,-60.76,-992.84,148.75,-638.75,-271.25,1,94.299,
01/01/2000,01:29:47.04,20.62,-61.61,-992.84,236.25,-665.0,-428.75,1,94.300,
01/01/2000,01:29:47.05,20.50,-61.73,-992.84,332.50,-726.25,-420.0,1,94.300,
01/01/2000,01:29:47.06,20.13,-61.49,-992.71,87.50,-665.0,-437.50,1,94.301,
01/01/2000,01:29:47.07,19.40,-60.51,-992.59,210.0,-638.75,-280.0,1,94.292,
01/01/2000,01:29:47.08,19.28,-60.39,-992.59,131.25,-691.25,-236.25,1,94.292,
01/01/2000,01:29:47.09,19.52,-60.76,-992.59,236.25,-533.75,-385.0,1,94.293,
01/01/2000,01:29:47.10,19.89,-61.24,-992.59,131.25,-682.50,-385.0,1,94.294,
01/01/2000,01:29:47.11,20.25,-61.24,-992.35,175.0,-778.75,-446.25,1,94.294,
01/01/2000,01:29:47.12,20.13,-61.0,-992.35,87.50,-621.25,-385.0,1,94.295,
01/01/2000,01:29:47.13,20.01,-60.88,-992.35,131.25,-717.50,-315.0,1,94.295,
01/01/2000,01:29:47.15,19.40,-60.51,-992.47,192.50,-603.75,-341.25,1,94.296,
01/01/2000,01:29:47.16,19.03,-60.76,-992.10,140.0,-717.50,-262.50,1,94.297,
01/01/2000,01:29:47.17,19.28,-61.0,-992.35,140.0,-682.50,-341.25,1,94.297,
01/01/2000,01:29:47.18,19.64,-61.12,-992.23,131.25,-708.75,-297.50,1,94.298,
01/01/2000,01:29:47.19,19.76,-61.12,-992.10,245.0,-673.75,-288.75,1,94.298,
01/01/2000,01:29:47.20,19.89,-60.76,-992.35,113.75,-726.25,-323.75,1,94.299,
01/01/2000,01:29:47.21,19.28,-60.63,-992.71,131.25,-813.75,-297.50,1,94.300,
01/01/2000,01:29:47.22,18.67,-60.76,-994.79,87.50,-743.75,-122.50,1,94.290,
01/01/2000,01:29:47.23,17.57,-61.37,-995.76,227.50,-691.25,-166.25,1,94.291,
01/01/2000,01:29:47.24,16.47,-61.37,-996.50,420.0,-621.25,-507.50,1,94.292,
01/01/2000,01:29:47.25,16.23,-60.51,-997.11,52.50,-700.0,-463.75,1,94.292,
01/01/2000,01:29:47.27,17.81,-60.88,-998.45,192.50,-638.75,-542.50,1,94.293,
01/01/2000,01:29:47.28,20.74,-61.24,-999.42,105.0,-586.25,-428.75,1,94.293,
01/01/2000,01:29:47.29,22.33,-61.73,-999.79,78.75,-787.50,-402.50,1,94.294,
01/01/2000,01:29:47.30,22.94,-61.49,-999.18,148.75,-717.50,-350.0,1,94.295,
01/01/2000,01:29:47.31,22.94,-61.0,-999.18,113.75,-770.0,-210.0,1,94.295,
01/01/2000,01:29:47.32,22.20,-61.12,-999.91,183.75,-822.50,-131.25,1,94.296,
01/01/2000,01:29:47.33,21.84,-61.37,-1001.38,131.25,-647.50,-367.50,1,94.296,
01/01/2000,01:29:47.34,20.37,-61.49,-1003.33,148.75,-743.75,-420.0,1,94.297,
01/01/2000,01:29:47.35,19.28,-61.24,-1003.94,157.50,-735.0,-280.0,1,94.297,
01/01/2000,01:29:47.36,18.54,-61.24,-1004.06,262.50,-638.75,-332.50,1,94.298,
01/01/2000,01:29:47.37,18.42,-61.24,-1003.33,411.25,-603.75,-332.50,1,94.299,
01/01/2000,01:29:47.38,18.06,-61.0,-1002.60,210.0,-542.50,-297.50,1,94.299,
01/01/2000,01:29:47.39,18.18,-61.12,-1001.13,148.75,-752.50,-323.75,1,94.300,
01/01/2000,01:29:47.40,18.18,-61.49,-999.55,236.25,-638.75,-490.0,1,94.300,
01/01/2000,01:29:47.41,18.30,-61.24,-998.57,157.50,-752.50,-525.0,1,94.301,
01/01/2000,01:29:47.42,19.40,-61.24,-998.33,288.75,-717.50,-507.50,1,94.292,
01/01/2000,01:29:47.43,20.98,-61.0,-999.91,175.0,-735.0,-560.0,1,94.292,
01/01/2000,01:29:47.44,21.72,-61.24,-1001.01,271.25,-752.50,-332.50,1,94.293,
01/01/2000,01:29:47.45,22.08,-61.24,-1001.38,131.25,-726.25,-367.50,1,94.294,
01/01/2000,01:29:47.46,21.35,-61.37,-1000.89,315.0,-778.75,-157.50,1,94.294,
01/01/2000,01:29:47.47,20.25,-61.0,-999.06,105.0,-752.50,-201.25,1,94.295,
01/01/2000,01:29:47.48,18.30,-61.24,-997.72,288.75,-586.25,-420.0,1,94.295,
01/01/2000,01:29:47.50,17.32,-61.0,-996.13,0.0,-673.75,-323.75,1,94.296,
01/01/2000,01:29:47.51,16.96,-61.0,-995.28,192.50,-638.75,-455.0,1,94.297,
01/01/2000,01:29:47.52,17.08,-60.76,-994.30,87.50,-630.0,-402.50,1,94.297,
01/01/2000,01:29:47.53,17.45,-61.0,-994.06,122.50,-822.50,-393.75,1,94.298,
01/01/2000,01:29:47.54,18.54,-61.24,-994.06,358.75,-656.25,-245.0,1,94.298,
01/01/2000,01:29:47.55,19.15,-61.24,-993.57,323.75,-665.0,-358.75,1,94.299,
01/01/2000,01:29:47.56,19.15,-61.0,-993.08,183.75,-708.75,-271.25,1,94.300,
01/01/2000,01:29:47.57,19.28,-61.24,-992.84,52.50,-717.50,-236.25,1,94.290,
01/01/2000,01:29:47.58,19.52,-61.49,-993.45,140.0,-638.75,-490.0,1,94.291,
01/01/2000,01:29:47.59,19.89,-61.49,-994.30,218.75,-761.25,-332.50,1,94.292,
01/01/2000,01:29:47.60,20.13,-61.12,-994.54,297.50,-630.0,-376.25,1,94.292,
01/01/2000,01:29:47.61,19.89,-60.88,-994.18,210.0,-813.75,-192.50,1,94.293,
01/01/2000,01:29:47.62,19.40,-61.12,-993.69,253.75,-770.0,-271.25,1,94.293,
01/01/2000,01:29:47.64,19.52,-61.37,-993.20,175.0,-551.25,-367.50,1,94.294,
01/01/2000,01:29:47.65,19.64,-61.12,-992.96,52.50,-805.0,-402.50,1,94.295,
01/01/2000,01:29:47.66,20.25,-61.0,-992.35,183.75,-761.25,-402.50,1,94.295,
01/01/2000,01:29:47.67,20.37,-60.88,-992.23,140.0,-717.50,-332.50,1,94.296,
01/01/2000,01:29:47.68,20.50,-61.0,-992.10,315.0,-770.0,-262.50,1,94.296,
01/01/2000,01:29:47.69,19.76,-61.37,-991.86,157.50,-717.50,-376.25,1,94.297,
01/01/2000,01:29:47.70,19.15,-61.24,-991.37,262.50,-682.50,-218.75,1,94.297,
01/01/2000,01:29:47.71,17.45,-61.12,-990.27,122.50,-770.0,-525.0,1,94.298,
01/01/2000,01:29:47.72,17.45,-61.12,-991.01,140.0,-656.25,-428.75,1,94.299,
01/01/2000,01:29:47.73,18.30,-61.24,-992.23,262.50,-656.25,-533.75,1,94.299,
01/01/2000,01:29:47.74,19.03,-61.49,-993.32,192.50,-577.50,-385.0,1,94.300,
01/01/2000,01:29:47.75,20.01,-61.37,-993.45,131.25,-665.0,-315.0,1,94.300,
01/01/2000,01:29:47.76,20.98,-61.12,-992.71,96.25,-770.0,-183.75,1,94.301,
01/01/2000,01:29:47.78,21.11,-61.12,-991.98,175.0,-761.25,-218.75,1,94.292,
01/01/2000,01:29:47.79,20.50,-61.49,-992.10,201.25,-691.25,-297.50,1,94.292,
01/01/2000,01:29:47.80,19.76,-61.61,-992.10,166.25,-726.25,-288.75,1,94.293,
01/01/2000,01:29:47.81,18.79,-61.24,-991.74,8.75,-533.75,-262.50,1,94.294,
01/01/2000,01:29:47.82,17.45,-60.76,-991.01,105.0,-682.50,-175.0,1,94.294,
01/01/2000,01:29:47.83,16.96,-60.88,-990.64,78.75,-673.75,-262.50,1,94.295,
01/01/2000,01:29:47.84,16.59,-61.37,-990.15,262.50,-743.75,-227.50,1,94.295,
01/01/2000,01:29:47.85,16.35,-61.73,-990.27,227.50,-813.75,-560.0,1,94.296,
01/01/2000,01:29:47.86,17.32,-61.49,-991.13,236.25,-813.75,-498.75,1,94.297,
01/01/2000,01:29:47.87,18.67,-61.24,-992.10,227.50,-656.25,-385.0,1,94.297,
01/01/2000,01:29:47.88,19.89,-61.0,-993.08,96.25,-700.0,-402.50,1,94.298,
01/01/2000,01:29:47.89,21.23,-60.88,-993.81,52.50,-700.0,-227.50,1,94.289,
01/01/2000,01:29:47.90,22.45,-61.49,-993.32,-17.50,-673.75,-78.75,1,94.299,
01/01/2000,01:29:47.91,22.20,-61.98,-992.35,297.50,-761.25,-183.75,1,94.290,
01/01/2000,01:29:47.92,21.23,-62.10,-991.86,288.75,-805.0,-385.0,1,94.290,
01/01/2000,01:29:47.93,19.28,-61.73,-991.86,87.50,-691.25,-437.50,1,94.291,
01/01/2000,01:29:47.94,18.18,-61.24,-992.10,245.0,-638.75,-420.0,1,94.292,
01/01/2000,01:29:47.95,17.08,-60.76,-991.98,271.25,-630.0,-402.50,1,94.292,
01/01/2000,01:29:47.96,16.35,-60.88,-991.86,297.50,-568.75,-420.0,1,94.293,
01/01/2000,01:29:47.97,16.47,-61.24,-991.13,262.50,-708.75,-507.50,1,94.293,
01/01/2000,01:29:47.98,16.84,-61.61,-990.40,166.25,-612.50,-525.0,1,94.294,
01/01/2000,01:29:48.00,17.57,-61.61,-989.66,140.0,-743.75,-691.25,1,94.294,
01/01/2000,01:29:48.01,18.54,-61.61,-990.64,192.50,-770.0,-691.25,1,94.295,
01/01/2000,01:29:48.02,19.76,-61.49,-992.35,-8.75,-743.75,-420.0,1,94.296,
01/01/2000,01:29:48.03,20.98,-61.24,-993.93,218.75,-551.25,-148.75,1,94.296,
01/01/2000,01:29:48.04,21.72,-61.0,-994.42,166.25,-717.50,-43.75,1,94.297,
01/01/2000,01:29:48.05,21.47,-61.12,-993.45,78.75,-691.25,26.25,1,94.297,
01/01/2000,01:29:48.06,19.76,-61.49,-991.25,157.50,-752.50,-271.25,1,94.298,
01/01/2000,01:29:48.07,18.30,-61.73,-990.40,192.50,-761.25,-411.25,1,94.299,
01/01/2000,01:29:48.08,17.20,-61.61,-990.64,140.0,-778.75,-507.50,1,94.299,
01/01/2000,01:29:48.09,16.96,-61.24,-991.62,236.25,-656.25,-831.25,1,94.300,
01/01/2000,01:29:48.10,17.32,-60.63,-992.96,113.75,-700.0,-1058.75,1,94.300,
01/01/2000,01:29:48.11,18.06,-60.88,-993.32,166.25,-603.75,-577.50,1,94.301,
01/01/2000,01:29:48.12,19.15,-61.12,-992.96,201.25,-647.50,-350.0,1,94.301,
01/01/2000,01:29:48.14,19.89,-61.73,-990.64,192.50,-717.50,-525.0,1,94.292,
01/01/2000,01:29:48.15,19.89,-61.49,-989.66,61.25,-787.50,-455.0,1,94.293,
01/01/2000,01:29:48.16,20.25,-61.49,-990.64,113.75,-708.75,-376.25,1,94.294,
01/01/2000,01:29:48.17,20.98,-61.37,-992.84,192.50,-796.25,-367.50,1,94.294,
01/01/2000,01:29:48.18,20.98,-61.12,-994.79,271.25,-656.25,-376.25,1,94.295,
01/01/2000,01:29:48.19,20.74,-60.76,-995.28,175.0,-630.0,-166.25,1,94.295,
01/01/2000,01:29:48.20,20.25,-60.39,-994.30,183.75,-673.75,-113.75,1,94.296,
01/01/2000,01:29:48.21,18.91,-60.76,-991.86,175.0,-787.50,-218.75,1,94.297,
01/01/2000,01:29:48.22,18.06,-61.73,-990.64,210.0,-726.25,-437.50,1,94.297,
01/01/2000,01:29:48.23,17.81,-61.73,-990.88,157.50,-752.50,-603.75,1,94.298,
01/01/2000,01:29:48.24,17.81,-61.24,-991.74,131.25,-673.75,-743.75,1,94.298,
01/01/2000,01:29:48.25,18.30,-60.51,-992.59,201.25,-621.25,-595.0,1,94.299,
01/01/2000,01:29:48.26,18.91,-60.15,-992.71,52.50,-603.75,-280.0,1,94.299,
01/01/2000,01:29:48.27,19.40,-60.88,-991.37,105.0,-647.50,-227.50,1,94.290,
01/01/2000,01:29:48.29,18.67,-61.85,-989.79,157.50,-752.50,-262.50,1,94.291,
01/01/2000,01:29:48.30,18.06,-61.73,-989.42,271.25,-770.0,-288.75,1,94.292,
01/01/2000,01:29:48.31,17.93,-61.12,-990.52,140.0,-700.0,-297.50,1,94.292,
01/01/2000,01:29:48.32,18.18,-60.76,-993.08,218.75,-630.0,-376.25,1,94.293,
01/01/2000,01:29:48.33,19.03,-60.63,-994.06,262.50,-691.25,-280.0,1,94.293,
01/01/2000,01:29:48.34,19.40,-60.76,-994.18,262.50,-656.25,-288.75,1,94.294,
01/01/2000,01:29:48.35,19.76,-61.24,-993.81,201.25,-735.0,-350.0,1,94.294,
01/01/2000,01:29:48.36,20.01,-61.73,-993.08,148.75,-761.25,-516.25,1,94.295,
01/01/2000,01:29:48.37,19.76,-61.49,-992.71,306.25,-665.0,-603.75,1,94.296,
01/01/2000,01:29:48.38,19.28,-61.24,-992.47,245.0,-743.75,-376.25,1,94.296,
01/01/2000,01:29:48.39,18.79,-60.76,-992.10,218.75,-778.75,-385.0,1,94.297,
01/01/2000,01:29:48.40,18.30,-60.88,-991.74,201.25,-743.75,-385.0,1,94.297,
01/01/2000,01:29:48.41,18.06,-61.24,-991.62,236.25,-770.0,-350.0,1,94.298,
01/01/2000,01:29:48.42,18.79,-61.24,-991.49,70.0,-647.50,-385.0,1,94.299,
01/01/2000,01:29:48.43,19.03,-61.49,-991.13,271.25,-752.50,-367.50,1,94.299,
01/01/2000,01:29:48.44,19.52,-61.24,-990.64,245.0,-735.0,-455.0,1,94.300,
01/01/2000,01:29:48.45,19.76,-61.12,-991.01,122.50,-796.25,-481.25,1,94.300,
01/01/2000,01:29:48.46,19.52,-61.24,-991.62,61.25,-708.75,-315.0,1,94.301,
01/01/2000,01:29:48.47,19.28,-61.49,-992.35,280.0,-665.0,-122.50,1,94.292,
01/01/2000,01:29:48.49,19.03,-61.61,-993.45,140.0,-726.25,-280.0,1,94.292,
01/01/2000,01:29:48.50,19.28,-61.49,-993.32,315.0,-673.75,-455.0,1,94.293,
01/01/2000,01:29:48.51,19.28,-61.24,-993.08,201.25,-621.25,-280.0,1,94.294,
01/01/2000,01:29:48.52,19.40,-61.49,-992.71,315.0,-708.75,-253.75,1,94.294,
01/01/2000,01:29:48.53,19.64,-61.73,-992.35,245.0,-595.0,-621.25,1,94.295,
01/01/2000,01:29:48.54,19.76,-61.98,-991.98,140.0,-752.50,-428.75,1,94.295,
01/01/2000,01:29:48.55,19.64,-61.85,-991.62,87.50,-700.0,-402.50,1,94.296,
01/01/2000,01:29:48.56,19.15,-61.49,-991.25,236.25,-708.75,-411.25,1,94.296,
01/01/2000,01:29:48.57,19.03,-61.24,-991.25,210.0,-770.0,-271.25,1,94.297,
01/01/2000,01:29:48.58,18.67,-61.49,-991.13,201.25,-682.50,-52.50,1,94.298,
01/01/2000,01:29:48.59,18.42,-61.61,-990.76,113.75,-665.0,-350.0,1,94.298,
01/01/2000,01:29:48.60,18.18,-61.73,-990.52,70.0,-805.0,-446.25,1,94.299,
01/01/2000,01:29:48.61,18.54,-61.85,-991.13,262.50,-700.0,-402.50,1,94.299,
01/01/2000,01:29:48.62,19.15,-61.49,-992.10,122.50,-621.25,-577.50,1,94.300,
01/01/2000,01:29:48.63,20.13,-61.49,-993.57,175.0,-665.0,-393.75,1,94.291,
01/01/2000,01:29:48.64,20.25,-61.49,-993.93,210.0,-612.50,-341.25,1,94.292,
01/01/2000,01:29:48.65,20.13,-61.49,-993.81,131.25,-603.75,-315.0,1,94.292,
01/01/2000,01:29:48.66,19.89,-61.73,-993.08,43.75,-673.75,-402.50,1,94.293,
01/01/2000,01:29:48.67,19.76,-61.61,-992.59,201.25,-743.75,-437.50,1,94.293,
01/01/2000,01:29:48.68,19.28,-61.37,-991.98,253.75,-761.25,-280.0,1,94.294,
01/01/2000,01:29:48.70,18.79,-61.24,-991.25,96.25,-682.50,-297.50,1,94.294,
01/01/2000,01:29:48.71,18.67,-61.49,-991.13,262.50,-691.25,-411.25,1,94.295,
01/01/2000,01:29:48.72,18.79,-61.73,-991.86,183.75,-743.75,-411.25,1,94.296,
01/01/2000,01:29:48.73,19.40,-61.61,-991.86,96.25,-682.50,-656.25,1,94.296,
01/01/2000,01:29:48.74,19.40,-61.37,-991.13,8.75,-647.50,-262.50,1,94.297,
01/01/2000,01:29:48.75,18.91,-61.12,-990.64,236.25,-717.50,-297.50,1,94.297,
01/01/2000,01:29:48.76,18.79,-61.24,-991.01,218.75,-778.75,-297.50,1,94.298,
01/01/2000,01:29:48.77,18.79,-61.73,-992.59,236.25,-717.50,-411.25,1,94.298,
01/01/2000,01:29:48.78,18.79,-61.37,-993.69,122.50,-638.75,-385.0,1,94.299,
01/01/2000,01:29:48.80,19.28,-61.0,-993.32,113.75,-761.25,-315.0,1,94.290,
01/01/2000,01:29:48.81,19.64,-61.0,-992.84,227.50,-700.0,-271.25,1,94.291,
01/01/2000,01:29:48.82,19.76,-61.49,-992.71,218.75,-673.75,-271.25,1,94.291,
01/01/2000,01:29:48.83,20.13,-61.98,-993.32,157.50,-647.50,-332.50,1,94.292,
01/01/2000,01:29:48.84,20.01,-61.98,-993.57,367.50,-752.50,-446.25,1,94.292,
01/01/2000,01:29:48.85,19.64,-61.49,-993.20,122.50,-778.75,-271.25,1,94.293,
01/01/2000,01:29:48.86,19.03,-61.0,-992.35,210.0,-717.50,-245.0,1,94.294,
01/01/2000,01:29:48.87,18.42,-60.88,-991.74,35.0,-717.50,-236.25,1,94.294,
01/01/2000,01:29:48.88,17.81,-61.37,-990.88,201.25,-603.75,-271.25,1,94.295,
01/01/2000,01:29:48.89,17.69,-61.61,-989.91,183.75,-726.25,-376.25,1,94.295,
01/01/2000,01:29:48.90,17.08,-61.61,-989.66,227.50,-752.50,-411.25,1,94.296,
01/01/2000,01:29:48.91,17.32,-61.37,-990.88,87.50,-875.0,-411.25,1,94.296,
01/01/2000,01:29:48.92,18.18,-61.24,-992.84,157.50,-691.25,-428.75,1,94.297,
01/01/2000,01:29:48.93,19.28,-60.88,-994.30,236.25,-621.25,-376.25,1,94.298,
01/01/2000,01:29:48.94,20.50,-61.37,-994.42,192.50,-638.75,-166.25,1,94.298,
01/01/2000,01:29:48.95,20.98,-61.49,-993.57,0.0,-682.50,-428.75,1,94.299,
01/01/2000,01:29:48.96,20.74,-62.10,-992.71,271.25,-638.75,-262.50,1,94.299,
01/01/2000,01:29:48.97,20.50,-62.22,-992.35,140.0,-813.75,-393.75,1,94.300,
01/01/2000,01:29:48.98,19.15,-62.10,-992.35,183.75,-805.0,-201.25,1,94.291,
01/01/2000,01:29:48.99,18.18,-61.49,-992.35,218.75,-603.75,-122.50,1,94.291,
01/01/2000,01:29:49.00,17.45,-61.24,-991.86,192.50,-761.25,-218.75,1,94.292,
01/01/2000,01:29:49.01,17.45,-61.12,-991.13,52.50,-787.50,-201.25,1,94.293,
01/01/2000,01:29:49.02,17.81,-61.61,-990.40,315.0,-525.0,-280.0,1,94.293,
01/01/2000,01:29:49.03,18.54,-61.85,-989.42,227.50,-665.0,-472.50,1,94.294,
01/01/2000,01:29:49.05,19.40,-61.98,-989.05,78.75,-796.25,-358.75,1,94.294,
01/01/2000,01:29:49.06,20.01,-61.85,-990.52,297.50,-778.75,-472.50,1,94.295,
01/01/2000,01:29:49.07,20.37,-61.73,-992.47,253.75,-770.0,-315.0,1,94.296,
01/01/2000,01:29:49.08,20.62,-61.85,-994.30,113.75,-612.50,-350.0,1,94.296,
01/01/2000,01:29:49.09,20.50,-61.73,-995.52,122.50,-673.75,-253.75,1,94.297,
01/01/2000,01:29:49.10,20.25,-61.61,-995.52,236.25,-595.0,-183.75,1,94.297,
01/01/2000,01:29:49.11,19.64,-61.61,-993.32,183.75,-682.50,-218.75,1,94.298,
01/01/2000,01:29:49.12,18.54,-61.73,-991.01,210.0,-743.75,-218.75,1,94.298,
01/01/2000,01:29:49.13,18.42,-61.85,-990.64,122.50,-717.50,-306.25,1,94.289,
01/01/2000,01:29:49.14,18.06,-61.98,-990.88,245.0,-708.75,-385.0,1,94.290,
01/01/2000,01:29:49.15,18.18,-61.85,-991.86,131.25,-673.75,-411.25,1,94.291,
01/01/2000,01:29:49.16,18.79,-61.49,-993.32,253.75,-700.0,-358.75,1,94.291,
01/01/2000,01:29:49.17,19.15,-61.37,-993.45,227.50,-621.25,-332.50,1,94.292,
01/01/2000,01:29:49.18,19.28,-61.49,-992.59,183.75,-665.0,-245.0,1,94.292,
01/01/2000,01:29:49.20,18.54,-61.61,-989.91,70.0,-647.50,-271.25,1,94.293,
01/01/2000,01:29:49.21,17.93,-61.85,-988.44,157.50,-735.0,-201.25,1,94.294,
01/01/2000,01:29:49.22,17.45,-61.85,-988.32,52.50,-735.0,-507.50,1,94.294,
01/01/2000,01:29:49.23,17.93,-61.73,-991.01,175.0,-708.75,-358.75,1,94.295,
01/01/2000,01:29:49.24,18.54,-61.49,-993.57,218.75,-516.25,-612.50,1,94.295,
01/01/2000,01:29:49.25,19.64,-61.24,-994.91,192.50,-621.25,-385.0,1,94.296,
01/01/2000,01:29:49.26,20.74,-61.24,-994.54,288.75,-726.25,-245.0,1,94.296,
01/01/2000,01:29:49.27,20.98,-61.61,-993.20,131.25,-735.0,-350.0,1,94.297,
01/01/2000,01:29:49.28,20.74,-62.46,-991.13,131.25,-778.75,-350.0,1,94.298,
01/01/2000,01:29:49.29,19.40,-62.34,-990.40,43.75,-752.50,-323.75,1,94.298,
01/01/2000,01:29:49.30,18.06,-61.73,-991.37,218.75,-840.0,-420.0,1,94.289,
01/01/2000,01:29:49.32,17.57,-61.24,-992.47,157.50,-673.75,-288.75,1,94.290,
01/01/2000,01:29:49.33,17.57,-61.12,-993.45,297.50,-673.75,-420.0,1,94.290,
01/01/2000,01:29:49.34,18.30,-61.24,-993.57,96.25,-533.75,-245.0,1,94.291,
01/01/2000,01:29:49.35,18.79,-61.98,-992.71,350.0,-673.75,-516.25,1,94.291,
01/01/2000,01:29:49.36,19.03,-62.22,-990.88,288.75,-770.0,-472.50,1,94.292,
01/01/2000,01:29:49.37,18.79,-61.98,-988.93,157.50,-735.0,-376.25,1,94.293,
01/01/2000,01:29:49.38,18.54,-61.85,-989.66,236.25,-761.25,-376.25,1,94.293,
01/01/2000,01:29:49.39,18.67,-61.85,-991.98,157.50,-700.0,-323.75,1,94.294,
01/01/2000,01:29:49.40,19.03,-61.73,-994.42,245.0,-490.0,-437.50,1,94.294,
01/01/2000,01:29:49.41,19.89,-61.37,-995.76,306.25,-525.0,-332.50,1,94.295,
01/01/2000,01:29:49.42,20.25,-61.12,-994.91,148.75,-472.50,-280.0,1,94.296,
01/01/2000,01:29:49.43,20.50,-61.37,-993.20,61.25,-656.25,-218.75,1,94.296,
01/01/2000,01:29:49.44,20.50,-61.85,-991.49,210.0,-796.25,-315.0,1,94.297,
01/01/2000,01:29:49.45,20.13,-62.22,-990.64,96.25,-796.25,-428.75,1,94.297,
01/01/2000,01:29:49.46,19.52,-62.22,-991.13,227.50,-691.25,-376.25,1,94.298,
01/01/2000,01:29:49.47,18.91,-61.37,-992.59,140.0,-691.25,-358.75,1,94.289,
01/01/2000,01:29:49.48,18.54,-61.0,-993.20,253.75,-542.50,-245.0,1,94.289,
01/01/2000,01:29:49.49,18.54,-61.0,-992.96,192.50,-665.0,-288.75,1,94.290,
01/01/2000,01:29:49.50,18.30,-61.73,-991.13,218.75,-673.75,-227.50,1,94.291,
01/01/2000,01:29:49.51,18.42,-62.22,-989.18,87.50,-752.50,-358.75,1,94.291,
01/01/2000,01:29:49.52,17.93,-62.34,-987.96,52.50,-840.0,-358.75,1,94.292,
01/01/2000,01:29:49.53,17.69,-62.10,-988.32,218.75,-700.0,-437.50,1,94.292,
01/01/2000,01:29:49.55,17.81,-61.73,-991.37,262.50,-665.0,-428.75,1,94.293,
01/01/2000,01:29:49.56,18.42,-61.24,-993.93,35.0,-621.25,-358.75,1,94.293,
01/01/2000,01:29:49.57,19.52,-61.49,-995.40,280.0,-612.50,-306.25,1,94.294,
01/01/2000,01:29:49.58,20.25,-61.61,-994.67,70.0,-691.25,-341.25,1,94.295,
01/01/2000,01:29:49.59,20.74,-61.98,-993.69,-26.25,-717.50,-332.50,1,94.295,
01/01/2000,01:29:49.60,20.98,-62.46,-992.71,175.0,-708.75,-420.0,1,94.296,
01/01/2000,01:29:49.61,20.50,-62.71,-992.23,166.25,-700.0,-376.25,1,94.296,
01/01/2000,01:29:49.62,19.40,-62.10,-992.47,166.25,-621.25,-350.0,1,94.297,
01/01/2000,01:29:49.63,18.54,-61.49,-992.47,183.75,-708.75,-105.0,1,94.297,
01/01/2000,01:29:49.64,17.93,-61.12,-991.86,52.50,-691.25,-323.75,1,94.298,
01/01/2000,01:29:49.65,17.81,-61.49,-991.37,306.25,-691.25,-323.75,1,94.299,
01/01/2000,01:29:49.66,18.06,-61.73,-990.64,26.25,-787.50,-288.75,1,94.299,
01/01/2000,01:29:49.67,18.54,-62.34,-989.79,341.25,-638.75,-358.75,1,94.300,
01/01/2000,01:29:49.68,18.79,-61.98,-989.18,157.50,-778.75,-358.75,1,94.291,
01/01/2000,01:29:49.69,18.91,-61.49,-989.91,192.50,-735.0,-271.25,1,94.291,
01/01/2000,01:29:49.70,19.15,-61.61,-991.13,236.25,-796.25,-358.75,1,94.292,
01/01/2000,01:29:49.71,19.52,-61.73,-992.71,245.0,-612.50,-420.0,1,94.293,
01/01/2000,01:29:49.72,19.89,-61.98,-994.30,35.0,-691.25,-428.75,1,94.293,
01/01/2000,01:29:49.73,20.25,-62.22,-994.18,61.25,-673.75,-332.50,1,94.294,
01/01/2000,01:29:49.75,20.37,-62.10,-993.57,201.25,-568.75,-463.75,1,94.294,
01/01/2000,01:29:49.76,20.01,-61.85,-992.23,52.50,-770.0,-210.0,1,94.295,
01/01/2000,01:29:49.77,19.52,-61.98,-991.37,236.25,-708.75,-402.50,1,94.295,
01/01/2000,01:29:49.78,19.03,-61.98,-991.01,183.75,-691.25,-227.50,1,94.296,
01/01/2000,01:29:49.79,18.30,-61.85,-990.88,192.50,-708.75,-297.50,1,94.297,
01/01/2000,01:29:49.80,18.30,-61.73,-991.01,288.75,-621.25,-358.75,1,94.297,
01/01/2000,01:29:49.82,18.42,-61.73,-991.62,210.0,-708.75,-481.25,1,94.288,
01/01/2000,01:29:49.83,18.79,-61.85,-991.62,183.75,-743.75,-358.75,1,94.289,
01/01/2000,01:29:49.84,18.79,-61.85,-990.64,70.0,-700.0,-315.0,1,94.289,
01/01/2000,01:29:49.85,18.79,-61.98,-989.91,218.75,-691.25,-402.50,1,94.290,
01/01/2000,01:29:49.86,18.79,-61.73,-989.91,175.0,-682.50,-262.50,1,94.291,
01/01/2000,01:29:49.87,18.79,-61.98,-990.76,218.75,-796.25,-402.50,1,94.291,
01/01/2000,01:29:49.88,19.03,-61.85,-992.47,210.0,-673.75,-446.25,1,94.292,
01/01/2000,01:29:49.89,19.28,-61.73,-993.32,166.25,-551.25,-323.75,1,94.292,
01/01/2000,01:29:49.90,19.76,-61.49,-993.57,210.0,-595.0,-262.50,1,94.293,
01/01/2000,01:29:49.91,20.01,-61.98,-992.47,113.75,-796.25,-385.0,1,94.293,
01/01/2000,01:29:49.92,20.01,-62.22,-991.74,131.25,-735.0,-236.25,1,94.294,
01/01/2000,01:29:49.93,20.01,-62.46,-991.37,35.0,-735.0,-367.50,1,94.295,
01/01/2000,01:29:49.94,19.52,-62.46,-991.37,210.0,-752.50,-367.50,1,94.295,
01/01/2000,01:29:49.95,19.28,-62.22,-991.49,105.0,-691.25,-376.25,1,94.296,
01/01/2000,01:29:49.96,18.79,-61.73,-991.62,341.25,-682.50,-253.75,1,94.296,
01/01/2000,01:29:49.97,18.67,-61.61,-991.37,140.0,-700.0,-245.0,1,94.287,
01/01/2000,01:29:49.98,18.42,-61.73,-991.37,113.75,-682.50,-358.75,1,94.288,
01/01/2000,01:29:49.99,18.54,-62.22,-991.37,105.0,-673.75,-358.75,1,94.289,
01/01/2000,01:29:50.00,18.54,-62.46,-990.64,341.25,-708.75,-446.25,1,94.289,
01/01/2000,01:29:50.01,18.42,-61.98,-990.15,227.50,-735.0,-376.25,1,94.290,
01/01/2000,01:29:50.02,18.54,-61.85,-990.27,-17.50,-726.25,-341.25,1,94.290,
01/01/2000,01:29:50.04,18.79,-61.98,-991.98,350.0,-743.75,-332.50,1,94.291,
01/01/2000,01:29:50.05,18.79,-61.85,-993.08,262.50,-595.0,-323.75,1,94.291,
01/01/2000,01:29:50.06,19.03,-61.98,-993.57,192.50,-551.25,-446.25,1,94.292,
01/01/2000,01:29:50.07,19.15,-62.10,-992.96,201.25,-700.0,-315.0,1,94.293,
01/01/2000,01:29:50.08,19.28,-61.98,-992.23,245.0,-813.75,-280.0,1,94.293,
01/01/2000,01:29:50.09,19.52,-61.98,-992.10,236.25,-787.50,-332.50,1,94.294,
01/01/2000,01:29:50.10,19.76,-62.46,-992.96,297.50,-752.50,-463.75,1,94.294,
01/01/2000,01:29:50.11,19.64,-62.10,-993.57,245.0,-813.75,-411.25,1,94.295,
01/01/2000,01:29:50.12,19.40,-61.73,-992.96,96.25,-682.50,-315.0,1,94.295,
01/01/2000,01:29:50.13,19.03,-61.49,-992.10,271.25,-638.75,-350.0,1,94.296,
01/01/2000,01:29:50.14,18.91,-61.73,-991.37,113.75,-682.50,-332.50,1,94.297,
01/01/2000,01:29:50.15,18.54,-61.98,-990.88,148.75,-621.25,-332.50,1,94.297,
01/01/2000,01:29:50.16,18.18,-62.22,-990.40,253.75,-673.75,-463.75,1,94.298,
01/01/2000,01:29:50.17,18.06,-62.22,-990.40,96.25,-735.0,-402.50,1,94.298,
01/01/2000,01:29:50.18,18.30,-61.73,-990.64,218.75,-743.75,-341.25,1,94.289,
01/01/2000,01:29:50.19,18.42,-61.73,-991.49,306.25,-805.0,-288.75,1,94.290,
01/01/2000,01:29:50.20,18.91,-61.85,-992.35,70.0,-638.75,-297.50,1,94.291,
01/01/2000,01:29:50.21,19.28,-62.22,-993.32,157.50,-630.0,-350.0,1,94.291,
01/01/2000,01:29:50.22,19.28,-62.22,-993.08,245.0,-682.50,-437.50,1,94.292,
01/01/2000,01:29:50.23,19.15,-62.22,-992.59,210.0,-630.0,-323.75,1,94.292,
01/01/2000,01:29:50.25,18.91,-61.85,-991.62,113.75,-656.25,-376.25,1,94.293,
01/01/2000,01:29:50.26,18.67,-62.10,-991.37,105.0,-743.75,-306.25,1,94.293,
01/01/2000,01:29:50.27,18.54,-62.22,-991.49,87.50,-700.0,-350.0,1,94.294,
01/01/2000,01:29:50.28,18.42,-62.46,-991.86,227.50,-735.0,-411.25,1,94.295,
01/01/2000,01:29:50.29,18.67,-61.98,-991.86,210.0,-630.0,-402.50,1,94.295,
01/01/2000,01:29:50.30,18.91,-61.98,-991.62,245.0,-691.25,-350.0,1,94.296,
01/01/2000,01:29:50.31,19.15,-61.98,-991.37,70.0,-717.50,-236.25,1,94.296,
01/01/2000,01:29:50.33,19.28,-62.46,-991.01,166.25,-700.0,-393.75,1,94.287,
01/01/2000,01:29:50.34,19.03,-62.46,-990.64,105.0,-735.0,-402.50,1,94.288,
01/01/2000,01:29:50.35,18.91,-62.22,-990.15,183.75,-691.25,-376.25,1,94.289,
01/01/2000,01:29:50.36,18.54,-62.22,-990.40,166.25,-848.75,-341.25,1,94.289,
01/01/2000,01:29:50.37,18.67,-61.98,-991.01,113.75,-735.0,-402.50,1,94.290,
01/01/2000,01:29:50.38,18.79,-62.22,-992.59,236.25,-831.25,-280.0,1,94.290,
01/01/2000,01:29:50.39,19.03,-62.10,-993.32,105.0,-603.75,-306.25,1,94.291,
01/01/2000,01:29:50.40,19.28,-62.34,-993.32,218.75,-638.75,-271.25,1,94.291,
01/01/2000,01:29:50.41,19.28,-62.34,-992.59,87.50,-630.0,-358.75,1,94.292,
01/01/2000,01:29:50.42,19.28,-62.10,-991.13,280.0,-560.0,-280.0,1,94.293,
01/01/2000,01:29:50.43,19.15,-61.98,-990.76,113.75,-735.0,-358.75,1,94.293,
01/01/2000,01:29:50.44,19.03,-62.10,-991.13,175.0,-770.0,-218.75,1,94.294,
01/01/2000,01:29:50.45,19.03,-62.22,-991.62,70.0,-691.25,-332.50,1,94.294,
01/01/2000,01:29:50.46,19.03,-62.22,-992.10,350.0,-586.25,-437.50,1,94.295,
01/01/2000,01:29:50.47,19.03,-61.85,-991.98,192.50,-735.0,-350.0,1,94.295,
01/01/2000,01:29:50.48,19.28,-62.10,-991.49,183.75,-656.25,-245.0,1,94.296,
01/01/2000,01:29:50.49,19.03,-62.10,-990.88,245.0,-691.25,-245.0,1,94.297,
01/01/2000,01:29:50.50,18.79,-62.22,-989.79,218.75,-691.25,-376.25,1,94.297,
01/01/2000,01:29:50.51,18.54,-62.22,-989.42,175.0,-717.50,-376.25,1,94.298,
01/01/2000,01:29:50.52,18.42,-62.10,-989.66,245.0,-770.0,-376.25,1,94.298,
01/01/2000,01:29:50.53,19.03,-62.22,-991.74,306.25,-673.75,-411.25,1,94.289,
01/01/2000,01:29:50.54,19.15,-62.10,-993.32,157.50,-665.0,-411.25,1,94.290,
01/01/2000,01:29:50.55,19.64,-62.22,-994.30,26.25,-700.0,-358.75,1,94.291,
01/01/2000,01:29:50.56,19.76,-61.98,-994.18,210.0,-621.25,-253.75,1,94.291,
01/01/2000,01:29:50.57,19.76,-62.10,-992.47,297.50,-770.0,-350.0,1,94.292,
01/01/2000,01:29:50.58,19.40,-62.22,-991.25,218.75,-735.0,-402.50,1,94.292,
01/01/2000,01:29:50.59,18.79,-62.22,-990.64,113.75,-726.25,-262.50,1,94.293,
01/01/2000,01:29:50.61,18.42,-62.22,-991.13,105.0,-752.50,-402.50,1,94.293,
01/01/2000,01:29:50.62,18.30,-62.10,-992.10,227.50,-621.25,-428.75,1,94.294,
01/01/2000,01:29:50.63,18.42,-61.85,-993.20,157.50,-638.75,-245.0,1,94.295,
01/01/2000,01:29:50.64,18.91,-61.98,-993.69,306.25,-638.75,-341.25,1,94.295,
01/01/2000,01:29:50.65,19.15,-61.98,-993.45,52.50,-805.0,-358.75,1,94.296,
01/01/2000,01:29:50.66,19.52,-62.22,-992.96,183.75,-735.0,-271.25,1,94.296,
01/01/2000,01:29:50.67,19.40,-62.34,-991.74,122.50,-787.50,-393.75,1,94.297,
01/01/2000,01:29:50.68,18.79,-62.34,-990.64,148.75,-656.25,-280.0,1,94.297,
01/01/2000,01:29:50.69,18.42,-61.98,-989.91,70.0,-621.25,-297.50,1,94.298,
01/01/2000,01:29:50.70,17.81,-61.98,-990.52,253.75,-787.50,-262.50,1,94.299,
01/01/2000,01:29:50.71,17.69,-61.85,-991.74,210.0,-726.25,-376.25,1,94.299,
01/01/2000,01:29:50.72,18.06,-62.10,-992.84,166.25,-691.25,-350.0,1,94.300,
01/01/2000,01:29:50.73,18.79,-61.98,-993.69,166.25,-682.50,-428.75,1,94.300,
01/01/2000,01:29:50.74,19.52,-62.22,-993.81,210.0,-708.75,-393.75,1,94.291,
01/01/2000,01:29:50.75,19.76,-61.98,-992.71,148.75,-647.50,-341.25,1,94.292,
01/01/2000,01:29:50.76,19.76,-62.10,-991.86,210.0,-656.25,-271.25,1,94.293,
01/01/2000,01:29:50.77,19.28,-61.98,-991.37,192.50,-822.50,-288.75,1,94.293,
01/01/2000,01:29:50.78,18.67,-62.22,-991.01,201.25,-700.0,-288.75,1,94.294,
01/01/2000,01:29:50.79,18.30,-61.98,-991.13,122.50,-691.25,-560.0,1,94.294,
01/01/2000,01:29:50.80,18.18,-61.98,-991.37,306.25,-691.25,-341.25,1,94.295,
01/01/2000,01:29:50.82,18.79,-61.98,-991.62,122.50,-630.0,-332.50,1,94.295,
01/01/2000,01:29:50.83,19.28,-61.98,-991.49,192.50,-691.25,-358.75,1,94.287,
01/01/2000,01:29:50.84,19.28,-62.10,-991.37,87.50,-656.25,-306.25,1,94.287,
01/01/2000,01:29:50.85,19.40,-62.10,-991.01,166.25,-560.0,-358.75,1,94.288,
01/01/2000,01:29:50.86,19.03,-62.22,-990.64,218.75,-665.0,-420.0,1,94.288,
01/01/2000,01:29:50.87,18.79,-61.73,-990.40,105.0,-700.0,-315.0,1,94.289,
01/01/2000,01:29:50.88,18.54,-61.73,-990.64,262.50,-787.50,-341.25,1,94.289,
01/01/2000,01:29:50.90,18.79,-61.98,-992.10,131.25,-735.0,-271.25,1,94.290,
01/01/2000,01:29:50.91,19.03,-62.22,-992.96,306.25,-665.0,-367.50,1,94.291,
01/01/2000,01:29:50.92,19.28,-62.10,-993.57,70.0,-796.25,-323.75,1,94.291,
01/01/2000,01:29:50.93,19.64,-61.98,-993.81,148.75,-691.25,-341.25,1,94.292,
01/01/2000,01:29:50.94,20.01,-61.98,-993.57,253.75,-682.50,-323.75,1,94.292,
01/01/2000,01:29:50.95,19.76,-61.98,-992.84,192.50,-691.25,-306.25,1,94.293,
01/01/2000,01:29:50.96,19.52,-62.22,-991.98,201.25,-630.0,-341.25,1,94.293,
01/01/2000,01:29:50.97,19.28,-62.22,-991.13,245.0,-778.75,-376.25,1,94.294,
01/01/2000,01:29:50.98,18.42,-62.22,-990.52,122.50,-717.50,-402.50,1,94.295,
01/01/2000,01:29:50.99,18.30,-62.10,-990.64,113.75,-673.75,-332.50,1,94.295,
01/01/2000,01:29:51.00,18.42,-62.10,-991.01,192.50,-770.0,-420.0,1,94.296,
01/01/2000,01:29:51.01,18.67,-61.98,-991.49,78.75,-761.25,-385.0,1,94.296,
01/01/2000,01:29:51.02,18.91,-62.10,-991.86,288.75,-682.50,-420.0,1,94.297,
01/01/2000,01:29:51.03,19.03,-62.34,-991.13,306.25,-621.25,-315.0,1,94.297,
01/01/2000,01:29:51.04,18.79,-62.22,-990.27,70.0,-630.0,-376.25,1,94.298,
01/01/2000,01:29:51.05,18.54,-62.46,-989.66,201.25,-735.0,-288.75,1,94.298,
01/01/2000,01:29:51.06,18.54,-62.22,-989.66,201.25,-638.75,-568.75,1,94.299,
01/01/2000,01:29:51.07,18.54,-62.22,-990.52,306.25,-752.50,-385.0,1,94.300,
01/01/2000,01:29:51.08,18.54,-62.22,-992.47,78.75,-603.75,-393.75,1,94.300,
01/01/2000,01:29:51.09,19.03,-62.22,-993.32,218.75,-621.25,-428.75,1,94.291,
01/01/2000,01:29:51.10,19.03,-62.22,-992.96,113.75,-656.25,-297.50,1,94.292,
01/01/2000,01:29:51.11,19.03,-62.10,-992.23,157.50,-787.50,-367.50,1,94.293,
01/01/2000,01:29:51.12,19.15,-62.22,-991.86,183.75,-796.25,-341.25,1,94.293,
01/01/2000,01:29:51.14,19.28,-62.46,-991.62,113.75,-735.0,-297.50,1,94.294,
01/01/2000,01:29:51.15,18.79,-62.46,-991.74,227.50,-761.25,-463.75,1,94.294,
01/01/2000,01:29:51.16,18.79,-62.22,-991.74,245.0,-735.0,-358.75,1,94.295,
01/01/2000,01:29:51.17,18.67,-62.10,-991.49,218.75,-630.0,-271.25,1,94.295,
01/01/2000,01:29:51.18,18.54,-61.73,-991.37,96.25,-813.75,-323.75,1,94.296,
01/01/2000,01:29:51.19,18.79,-62.22,-991.37,271.25,-682.50,-271.25,1,94.296,
01/01/2000,01:29:51.20,19.40,-62.22,-991.01,201.25,-700.0,-376.25,1,94.297,
01/01/2000,01:29:51.21,19.03,-62.10,-990.15,70.0,-682.50,-420.0,1,94.298,
01/01/2000,01:29:51.22,19.03,-61.98,-988.69,210.0,-796.25,-428.75,1,94.298,
01/01/2000,01:29:51.23,19.03,-61.73,-987.22,227.50,-717.50,-245.0,1,94.299,
01/01/2000,01:29:51.24,18.79,-61.73,-986.00,140.0,-603.75,-411.25,1,94.290,
01/01/2000,01:29:51.25,19.03,-61.98,-984.91,122.50,-647.50,-341.25,1,94.291,
01/01/2000,01:29:51.26,19.03,-62.10,-984.54,201.25,-805.0,-271.25,1,94.291,
01/01/2000,01:29:51.27,18.79,-62.46,-984.54,271.25,-752.50,-323.75,1,94.292,
01/01/2000,01:29:51.28,18.91,-62.22,-984.91,166.25,-700.0,-358.75,1,94.292,
01/01/2000,01:29:51.29,19.03,-62.34,-985.88,253.75,-743.75,-367.50,1,94.293,
01/01/2000,01:29:51.31,18.91,-62.10,-987.35,227.50,-700.0,-271.25,1,94.293,
01/01/2000,01:29:51.32,19.28,-61.98,-987.83,297.50,-770.0,-280.0,1,94.294,
01/01/2000,01:29:51.33,19.89,-62.22,-986.49,236.25,-603.75,-420.0,1,94.294,
01/01/2000,01:29:51.34,19.52,-62.10,-982.59,306.25,-717.50,-306.25,1,94.295,
01/01/2000,01:29:51.35,19.28,-62.22,-979.54,210.0,-831.25,-175.0,1,94.286,
01/01/2000,01:29:51.36,18.30,-61.85,-977.22,52.50,-673.75,-411.25,1,94.287,
01/01/2000,01:29:51.37,17.69,-62.34,-977.34,122.50,-743.75,-192.50,1,94.287,
01/01/2000,01:29:51.38,17.45,-62.10,-978.81,122.50,-630.0,-533.75,1,94.288,
01/01/2000,01:29:51.39,17.45,-61.98,-981.98,201.25,-796.25,-306.25,1,94.289,
01/01/2000,01:29:51.40,18.06,-61.73,-983.81,87.50,-525.0,-332.50,1,94.289,
01/01/2000,01:29:51.41,18.54,-61.85,-985.03,148.75,-595.0,-420.0,1,94.290,
01/01/2000,01:29:51.42,19.28,-62.22,-985.64,218.75,-743.75,-210.0,1,94.290,
01/01/2000,01:29:51.43,19.64,-62.34,-985.39,271.25,-700.0,-376.25,1,94.291,
01/01/2000,01:29:51.45,19.28,-62.59,-984.66,17.50,-805.0,-393.75,1,94.291,
01/01/2000,01:29:51.46,18.91,-62.22,-983.81,140.0,-542.50,-271.25,1,94.292,
01/01/2000,01:29:51.47,18.54,-61.98,-983.20,210.0,-787.50,-236.25,1,94.292,
01/01/2000,01:29:51.48,18.54,-61.73,-985.15,210.0,-665.0,-280.0,1,94.293,
01/01/2000,01:29:51.49,18.91,-62.34,-987.71,70.0,-656.25,-227.50,1,94.294,
01/01/2000,01:29:51.50,19.28,-62.83,-989.30,148.75,-708.75,-367.50,1,94.294,
01/01/2000,01:29:51.51,19.03,-62.71,-989.66,166.25,-770.0,-385.0,1,94.295,
01/01/2000,01:29:51.52,19.28,-62.46,-989.05,236.25,-603.75,-262.50,1,94.295,
01/01/2000,01:29:51.53,19.28,-62.22,-988.69,70.0,-770.0,-411.25,1,94.296,
01/01/2000,01:29:51.54,19.28,-62.34,-988.93,122.50,-682.50,-271.25,1,94.296,
01/01/2000,01:29:51.55,19.28,-62.59,-989.42,210.0,-665.0,-393.75,1,94.297,
01/01/2000,01:29:51.56,19.15,-62.95,-990.52,166.25,-796.25,-332.50,1,94.298,
01/01/2000,01:29:51.57,19.03,-62.95,-990.76,96.25,-665.0,-367.50,1,94.298,
01/01/2000,01:29:51.58,19.03,-62.59,-990.64,96.25,-708.75,-297.50,1,94.299,
01/01/2000,01:29:51.59,19.03,-62.22,-990.64,192.50,-726.25,-122.50,1,94.299,
01/01/2000,01:29:51.60,19.03,-62.46,-990.76,148.75,-665.0,-358.75,1,94.300,
01/01/2000,01:29:51.61,19.03,-62.71,-991.25,218.75,-603.75,-367.50,1,94.300,
01/01/2000,01:29:51.62,19.03,-62.83,-991.25,192.50,-630.0,-341.25,1,94.301,
01/01/2000,01:29:51.63,18.91,-62.59,-991.13,131.25,-770.0,-420.0,1,94.301,
01/01/2000,01:29:51.64,18.91,-62.46,-991.13,367.50,-656.25,-367.50,1,94.302,
01/01/2000,01:29:51.66,19.03,-62.46,-991.25,175.0,-665.0,-253.75,1,94.293,
01/01/2000,01:29:51.67,18.79,-62.46,-991.49,157.50,-735.0,-297.50,1,94.294,
01/01/2000,01:29:51.68,18.91,-62.59,-991.98,87.50,-700.0,-315.0,1,94.294,
01/01/2000,01:29:51.69,18.91,-62.83,-991.98,78.75,-700.0,-428.75,1,94.295,
01/01/2000,01:29:51.70,18.91,-62.46,-991.98,96.25,-735.0,-280.0,1,94.296,
01/01/2000,01:29:51.71,19.03,-62.46,-991.86,253.75,-665.0,-140.0,1,94.296,
01/01/2000,01:29:51.72,18.91,-62.34,-991.86,140.0,-691.25,-332.50,1,94.297,
01/01/2000,01:29:51.73,18.91,-62.59,-991.98,210.0,-665.0,-306.25,1,94.297,
01/01/2000,01:29:51.74,18.79,-62.46,-992.10,140.0,-743.75,-288.75,1,94.298,
01/01/2000,01:29:51.75,18.91,-62.59,-992.10,227.50,-647.50,-402.50,1,94.298,
01/01/2000,01:29:51.76,19.03,-62.46,-991.98,148.75,-717.50,-332.50,1,94.299,
01/01/2000,01:29:51.77,19.03,-62.34,-991.86,-8.75,-717.50,-385.0,1,94.299,
01/01/2000,01:29:51.78,18.91,-62.46,-991.98,157.50,-735.0,-315.0,1,94.300,
01/01/2000,01:29:51.79,18.79,-62.46,-991.98,175.0,-708.75,-385.0,1,94.301,
01/01/2000,01:29:51.80,18.91,-62.46,-992.10,245.0,-595.0,-455.0,1,94.292,
01/01/2000,01:29:51.81,18.91,-62.46,-992.10,192.50,-743.75,-271.25,1,94.292,
01/01/2000,01:29:51.82,19.03,-62.34,-992.10,140.0,-612.50,-280.0,1,94.293,
01/01/2000,01:29:51.83,19.03,-62.34,-992.35,148.75,-603.75,-280.0,1,94.294,
01/01/2000,01:29:51.84,18.91,-62.46,-992.23,26.25,-726.25,-455.0,1,94.294,
01/01/2000,01:29:51.86,19.03,-62.71,-992.10,201.25,-735.0,-446.25,1,94.295,
01/01/2000,01:29:51.87,19.28,-62.46,-991.98,236.25,-796.25,-393.75,1,94.295,
01/01/2000,01:29:51.88,19.15,-62.34,-991.86,157.50,-752.50,-253.75,1,94.296,
01/01/2000,01:29:51.89,19.15,-62.22,-991.86,175.0,-673.75,-315.0,1,94.296,
01/01/2000,01:29:51.90,18.91,-62.22,-991.98,148.75,-638.75,-341.25,1,94.297,
01/01/2000,01:29:51.91,19.03,-62.22,-992.10,78.75,-752.50,-227.50,1,94.298,
01/01/2000,01:29:51.92,19.03,-62.22,-992.10,183.75,-691.25,-341.25,1,94.298,
01/01/2000,01:29:51.93,19.03,-62.22,-992.10,122.50,-682.50,-376.25,1,94.299,
01/01/2000,01:29:51.94,19.03,-62.22,-991.86,218.75,-735.0,-393.75,1,94.299,
01/01/2000,01:29:51.95,19.03,-62.10,-991.98,253.75,-717.50,-297.50,1,94.300,
01/01/2000,01:29:51.96,18.91,-62.46,-992.10,253.75,-638.75,-411.25,1,94.300,
01/01/2000,01:29:51.97,18.91,-62.22,-992.10,35.0,-682.50,-358.75,1,94.292,
01/01/2000,01:29:51.98,19.03,-62.46,-991.98,210.0,-673.75,-271.25,1,94.301,
01/01/2000,01:29:51.99,19.15,-62.46,-991.98,183.75,-586.25,-385.0,1,94.293,
01/01/2000,01:29:52.00,19.03,-62.34,-991.86,192.50,-665.0,-315.0,1,94.293,
01/01/2000,01:29:52.01,19.03,-62.34,-991.98,78.75,-665.0,-323.75,1,94.294,
01/01/2000,01:29:52.02,19.03,-62.46,-992.10,245.0,-647.50,-376.25,1,94.294,
01/01/2000,01:29:52.03,19.15,-62.46,-992.10,192.50,-656.25,-385.0,1,94.295,
01/01/2000,01:29:52.04,19.15,-62.34,-992.10,262.50,-796.25,-306.25,1,94.296,
01/01/2000,01:29:52.05,19.03,-62.34,-991.98,122.50,-691.25,-288.75,1,94.296,
01/01/2000,01:29:52.06,19.03,-62.46,-991.86,227.50,-700.0,-376.25,1,94.297,
01/01/2000,01:29:52.08,19.03,-62.34,-991.98,262.50,-717.50,-262.50,1,94.297,
01/01/2000,01:29:52.09,19.03,-62.46,-992.10,140.0,-726.25,-393.75,1,94.298,
01/01/2000,01:29:52.10,18.91,-62.71,-992.10,323.75,-717.50,-332.50,1,94.298,
01/01/2000,01:29:52.11,18.79,-62.59,-991.98,157.50,-682.50,-306.25,1,94.299,
01/01/2000,01:29:52.12,18.79,-62.46,-991.98,183.75,-761.25,-367.50,1,94.299,
01/01/2000,01:29:52.13,18.79,-62.71,-991.98,218.75,-743.75,-341.25,1,94.300,
01/01/2000,01:29:52.14,18.91,-62.34,-992.10,166.25,-682.50,-385.0,1,94.301,
01/01/2000,01:29:52.15,18.91,-62.34,-992.23,96.25,-647.50,-323.75,1,94.301,
01/01/2000,01:29:52.16,18.91,-62.34,-992.23,236.25,-603.75,-306.25,1,94.302,
01/01/2000,01:29:52.17,18.79,-62.34,-991.98,280.0,-647.50,-385.0,1,94.302,
01/01/2000,01:29:52.18,18.91,-62.22,-991.86,253.75,-612.50,-315.0,1,94.303,
01/01/2000,01:29:52.19,18.79,-62.22,-991.86,236.25,-533.75,-455.0,1,94.303,
01/01/2000,01:29:52.20,18.79,-62.34,-991.86,148.75,-656.25,-288.75,1,94.304,
01/01/2000,01:29:52.21,18.91,-62.59,-991.86,210.0,-735.0,-367.50,1,94.304,
01/01/2000,01:29:52.23,18.79,-62.71,-991.86,166.25,-638.75,-350.0,1,94.296,
01/01/2000,01:29:52.24,18.91,-62.46,-991.86,78.75,-595.0,-315.0,1,94.296,
01/01/2000,01:29:52.25,19.03,-62.46,-991.86,166.25,-700.0,-315.0,1,94.297,
01/01/2000,01:29:52.26,18.91,-62.46,-991.98,262.50,-682.50,-358.75,1,94.297,
01/01/2000,01:29:52.27,18.91,-62.59,-991.98,131.25,-717.50,-358.75,1,94.298,
01/01/2000,01:29:52.28,18.91,-62.71,-991.86,306.25,-700.0,-315.0,1,94.299,
01/01/2000,01:29:52.29,19.03,-62.59,-991.98,148.75,-726.25,-437.50,1,94.299,
01/01/2000,01:29:52.30,18.91,-62.46,-991.98,61.25,-682.50,-385.0,1,94.300,
01/01/2000,01:29:52.31,18.91,-62.34,-991.86,35.0,-717.50,-385.0,1,94.300,
01/01/2000,01:29:52.32,19.03,-62.46,-991.86,131.25,-708.75,-367.50,1,94.301,
01/01/2000,01:29:52.33,19.03,-62.34,-991.86,78.75,-621.25,-393.75,1,94.301,
01/01/2000,01:29:52.34,19.03,-62.46,-991.98,245.0,-603.75,-402.50,1,94.302,
01/01/2000,01:29:52.35,19.03,-62.46,-991.86,323.75,-603.75,-472.50,1,94.302,
01/01/2000,01:29:52.37,19.03,-62.34,-991.98,245.0,-577.50,-358.75,1,94.294,
01/01/2000,01:29:52.38,19.03,-62.46,-992.23,113.75,-630.0,-358.75,1,94.294,
01/01/2000,01:29:52.39,19.03,-62.46,-992.23,271.25,-638.75,-350.0,1,94.295,
01/01/2000,01:29:52.40,19.03,-62.59,-992.10,218.75,-761.25,-332.50,1,94.296,
01/01/2000,01:29:52.41,19.15,-62.34,-992.10,157.50,-682.50,-323.75,1,94.296,
01/01/2000,01:29:52.42,19.03,-62.71,-991.98,245.0,-752.50,-323.75,1,94.297,
01/01/2000,01:29:52.43,19.28,-62.71,-992.10,227.50,-682.50,-271.25,1,94.297,
01/01/2000,01:29:52.44,19.28,-62.59,-992.10,96.25,-761.25,-376.25,1,94.298,
01/01/2000,01:29:52.45,19.28,-62.71,-991.98,245.0,-525.0,-280.0,1,94.298,
01/01/2000,01:29:52.46,19.28,-62.59,-991.86,157.50,-647.50,-306.25,1,94.299,
01/01/2000,01:29:52.47,19.28,-62.46,-991.86,78.75,-673.75,-323.75,1,94.299,
01/01/2000,01:29:52.48,19.40,-62.46,-991.86,236.25,-778.75,-376.25,1,94.300,
01/01/2000,01:29:52.49,19.40,-62.46,-991.98,140.0,-831.25,-393.75,1,94.301,
01/01/2000,01:29:52.50,19.52,-62.34,-991.86,78.75,-638.75,-341.25,1,94.292,
01/01/2000,01:29:52.51,19.28,-62.46,-991.86,183.75,-743.75,-253.75,1,94.292,
01/01/2000,01:29:52.52,19.28,-62.46,-991.86,175.0,-577.50,-385.0,1,94.293,
01/01/2000,01:29:52.53,19.28,-62.46,-991.86,183.75,-796.25,-341.25,1,94.294,
01/01/2000,01:29:52.54,19.15,-62.46,-991.86,87.50,-630.0,-297.50,1,94.294,
01/01/2000,01:29:52.55,19.03,-62.22,-991.86,148.75,-691.25,-420.0,1,94.295,
01/01/2000,01:29:52.56,19.15,-62.34,-991.74,105.0,-665.0,-367.50,1,94.295,
01/01/2000,01:29:52.57,19.03,-62.46,-991.86,218.75,-656.25,-358.75,1,94.296,
01/01/2000,01:29:52.58,18.91,-62.22,-991.86,0.0,-638.75,-420.0,1,94.296,
01/01/2000,01:29:52.59,19.03,-62.34,-991.86,280.0,-813.75,-350.0,1,94.297,
01/01/2000,01:29:52.60,19.15,-62.22,-991.98,131.25,-673.75,-280.0,1,94.297,
01/01/2000,01:29:52.61,19.15,-62.34,-992.10,288.75,-665.0,-323.75,1,94.298,
01/01/2000,01:29:52.62,19.15,-62.22,-992.10,61.25,-787.50,-341.25,1,94.299,
01/01/2000,01:29:52.63,19.03,-62.59,-992.10,166.25,-656.25,-463.75,1,94.299,
01/01/2000,01:29:52.65,19.03,-62.59,-991.98,157.50,-796.25,-385.0,1,94.300,
01/01/2000,01:29:52.66,19.03,-62.34,-991.98,131.25,-682.50,-402.50,1,94.300,
01/01/2000,01:29:52.67,19.15,-62.34,-991.98,8.75,-700.0,-332.50,1,94.301,
01/01/2000,01:29:52.68,19.28,-62.34,-991.98,210.0,-682.50,-367.50,1,94.301,
01/01/2000,01:29:52.69,19.15,-62.34,-991.86,131.25,-761.25,-428.75,1,94.302,
01/01/2000,01:29:52.70,19.15,-62.22,-991.86,131.25,-708.75,-271.25,1,94.302,
01/01/2000,01:29:52.71,19.03,-62.34,-991.86,183.75,-691.25,-315.0,1,94.303,
01/01/2000,01:29:52.72,19.03,-62.46,-991.98,183.75,-630.0,-341.25,1,94.294,
01/01/2000,01:29:52.73,18.91,-62.22,-991.86,140.0,-656.25,-288.75,1,94.295,
01/01/2000,01:29:52.74,18.91,-62.22,-991.86,131.25,-647.50,-402.50,1,94.295,
01/01/2000,01:29:52.75,18.79,-62.46,-991.86,105.0,-691.25,-350.0,1,94.296,
01/01/2000,01:29:52.76,18.79,-62.46,-991.74,61.25,-691.25,-236.25,1,94.297,
01/01/2000,01:29:52.77,18.91,-62.59,-991.62,236.25,-743.75,-271.25,1,94.297,
01/01/2000,01:29:52.79,18.91,-62.59,-991.62,236.25,-691.25,-402.50,1,94.298,
01/01/2000,01:29:52.80,18.91,-62.59,-991.74,245.0,-665.0,-367.50,1,94.298,
01/01/2000,01:29:52.81,19.03,-62.59,-991.86,148.75,-665.0,-271.25,1,94.299,
01/01/2000,01:29:52.82,18.79,-62.34,-991.86,61.25,-743.75,-245.0,1,94.299,
01/01/2000,01:29:52.83,18.79,-62.34,-991.74,175.0,-673.75,-323.75,1,94.300,
01/01/2000,01:29:52.84,19.03,-62.34,-991.74,105.0,-700.0,-323.75,1,94.300,
01/01/2000,01:29:52.85,19.15,-62.34,-991.86,175.0,-560.0,-280.0,1,94.301,
01/01/2000,01:29:52.86,19.15,-62.34,-992.10,262.50,-682.50,-358.75,1,94.302,
01/01/2000,01:29:52.87,19.15,-62.10,-992.10,210.0,-665.0,-253.75,1,94.293,
01/01/2000,01:29:52.89,19.15,-62.22,-992.35,280.0,-665.0,-341.25,1,94.294,
01/01/2000,01:29:52.90,19.15,-62.22,-992.23,166.25,-708.75,-341.25,1,94.294,
01/01/2000,01:29:52.91,19.28,-62.10,-992.23,61.25,-708.75,-350.0,1,94.295,
01/01/2000,01:29:52.92,19.15,-62.46,-992.10,332.50,-647.50,-288.75,1,94.295,
01/01/2000,01:29:52.93,19.03,-62.34,-992.10,96.25,-682.50,-280.0,1,94.296,
01/01/2000,01:29:52.94,18.91,-62.46,-992.10,183.75,-656.25,-297.50,1,94.296,
01/01/2000,01:29:52.95,18.91,-62.22,-991.98,140.0,-743.75,-350.0,1,94.297,
01/01/2000,01:29:52.96,18.79,-62.34,-991.98,148.75,-682.50,-288.75,1,94.297,
01/01/2000,01:29:52.97,18.79,-62.46,-991.98,35.0,-665.0,-358.75,1,94.298,
01/01/2000,01:29:52.98,18.91,-62.46,-992.10,157.50,-621.25,-402.50,1,94.299,
01/01/2000,01:29:52.99,18.79,-62.34,-991.86,227.50,-700.0,-358.75,1,94.299,
01/01/2000,01:29:53.00,18.79,-62.22,-991.86,227.50,-717.50,-411.25,1,94.300,
01/01/2000,01:29:53.01,18.91,-62.22,-991.98,201.25,-735.0,-306.25,1,94.300,
01/01/2000,01:29:53.02,19.03,-62.22,-991.98,122.50,-682.50,-341.25,1,94.301,
01/01/2000,01:29:53.03,19.03,-62.34,-991.86,280.0,-586.25,-411.25,1,94.301,
01/01/2000,01:29:53.04,19.03,-62.22,-991.86,227.50,-708.75,-332.50,1,94.302,
01/01/2000,01:29:53.05,19.03,-62.22,-991.74,87.50,-717.50,-341.25,1,94.302,
01/01/2000,01:29:53.06,18.91,-62.22,-991.98,140.0,-770.0,-315.0,1,94.294,
01/01/2000,01:29:53.07,19.03,-62.22,-991.98,113.75,-770.0,-367.50,1,94.294,
01/01/2000,01:29:53.08,19.03,-62.22,-991.98,218.75,-630.0,-367.50,1,94.295,
01/01/2000,01:29:53.09,19.03,-62.34,-991.98,105.0,-770.0,-332.50,1,94.295,
01/01/2000,01:29:53.10,18.91,-62.46,-991.86,35.0,-656.25,-341.25,1,94.296,
01/01/2000,01:29:53.11,19.03,-62.34,-991.86,341.25,-603.75,-315.0,1,94.297,
01/01/2000,01:29:53.12,18.91,-62.34,-991.98,113.75,-752.50,-306.25,1,94.297,
01/01/2000,01:29:53.14,18.91,-62.22,-991.86,140.0,-621.25,-376.25,1,94.298,
01/01/2000,01:29:53.15,19.03,-62.34,-991.86,157.50,-708.75,-315.0,1,94.298,
01/01/2000,01:29:53.16,19.03,-62.46,-991.86,192.50,-787.50,-393.75,1,94.299,
01/01/2000,01:29:53.17,19.03,-62.34,-991.74,192.50,-665.0,-332.50,1,94.299,
01/01/2000,01:29:53.18,19.03,-62.46,-991.62,236.25,-560.0,-507.50,1,94.300,
01/01/2000,01:29:53.19,19.03,-62.22,-991.74,87.50,-717.50,-376.25,1,94.300,
01/01/2000,01:29:53.20,18.91,-62.46,-991.74,148.75,-656.25,-446.25,1,94.301,
01/01/2000,01:29:53.21,18.79,-62.34,-991.62,148.75,-691.25,-420.0,1,94.302,
01/01/2000,01:29:53.22,18.79,-62.46,-991.62,175.0,-717.50,-367.50,1,94.302,
01/01/2000,01:29:53.23,18.91,-62.22,-991.62,218.75,-665.0,-280.0,1,94.303,
01/01/2000,01:29:53.24,18.79,-62.46,-991.62,297.50,-787.50,-428.75,1,94.303,
01/01/2000,01:29:53.25,18.79,-62.22,-991.86,157.50,-726.25,-437.50,1,94.304,
01/01/2000,01:29:53.26,18.79,-62.34,-991.74,210.0,-717.50,-245.0,1,94.304,
01/01/2000,01:29:53.27,18.79,-62.46,-991.74,140.0,-516.25,-323.75,1,94.296,
01/01/2000,01:29:53.28,18.79,-62.34,-991.62,140.0,-717.50,-271.25,1,94.296,
01/01/2000,01:29:53.29,19.03,-62.46,-991.62,175.0,-805.0,-402.50,1,94.297,
01/01/2000,01:29:53.30,19.03,-62.59,-991.62,236.25,-647.50,-271.25,1,94.297,
01/01/2000,01:29:53.31,19.03,-62.34,-991.49,105.0,-673.75,-341.25,1,94.298,
01/01/2000,01:29:53.33,18.91,-62.46,-991.62,175.0,-700.0,-455.0,1,94.298,
01/01/2000,01:29:53.33,19.03,-62.34,-991.62,122.50,-612.50,-332.50,1,94.299,
01/01/2000,01:29:53.35,19.03,-62.46,-991.62,105.0,-822.50,-315.0,1,94.300,
01/01/2000,01:29:53.36,19.03,-62.34,-991.62,-8.75,-612.50,-288.75,1,94.300,
01/01/2000,01:29:53.37,18.91,-62.34,-991.62,175.0,-726.25,-358.75,1,94.301,
01/01/2000,01:29:53.38,18.79,-62.46,-991.62,227.50,-656.25,-446.25,1,94.292,
01/01/2000,01:29:53.39,18.79,-62.22,-991.86,113.75,-603.75,-323.75,1,94.293,
01/01/2000,01:29:53.40,18.79,-62.22,-991.86,122.50,-752.50,-315.0,1,94.293,
01/01/2000,01:29:53.41,18.91,-62.34,-991.62,148.75,-717.50,-288.75,1,94.294,
01/01/2000,01:29:53.43,18.79,-62.46,-991.62,201.25,-761.25,-271.25,1,94.294,
01/01/2000,01:29:53.44,18.91,-62.34,-991.62,148.75,-700.0,-420.0,1,94.295,
01/01/2000,01:29:53.45,18.79,-62.46,-991.74,262.50,-647.50,-358.75,1,94.295,
01/01/2000,01:29:53.46,18.91,-62.46,-991.74,140.0,-770.0,-358.75,1,94.296,
01/01/2000,01:29:53.47,18.91,-62.71,-991.62,218.75,-708.75,-463.75,1,94.297,
01/01/2000,01:29:53.48,18.79,-62.46,-991.62,-35.0,-770.0,-218.75,1,94.297,
01/01/2000,01:29:53.49,18.91,-62.59,-991.49,218.75,-752.50,-315.0,1,94.298,
01/01/2000,01:29:53.50,18.91,-62.46,-991.37,210.0,-665.0,-306.25,1,94.298,
01/01/2000,01:29:53.51,18.79,-62.71,-991.62,78.75,-708.75,-446.25,1,94.299,
01/01/2000,01:29:53.52,18.91,-62.46,-991.74,227.50,-761.25,-288.75,1,94.299,
01/01/2000,01:29:53.53,18.91,-62.34,-991.62,166.25,-787.50,-253.75,1,94.300,
01/01/2000,01:29:53.54,18.91,-62.22,-991.49,218.75,-787.50,-341.25,1,94.300,
01/01/2000,01:29:53.55,18.91,-62.34,-991.62,253.75,-603.75,-393.75,1,94.301,
01/01/2000,01:29:53.56,18.79,-62.46,-991.62,288.75,-673.75,-446.25,1,94.301,
01/01/2000,01:29:53.57,18.91,-62.59,-991.74,140.0,-612.50,-245.0,1,94.302,
01/01/2000,01:29:53.58,18.79,-62.59,-991.49,148.75,-752.50,-367.50,1,94.303,
01/01/2000,01:29:53.59,18.79,-62.46,-991.37,218.75,-691.25,-253.75,1,94.303,
01/01/2000,01:29:53.60,18.91,-62.34,-991.49,297.50,-770.0,-385.0,1,94.304,
01/01/2000,01:29:53.61,18.91,-62.34,-991.62,17.50,-743.75,-385.0,1,94.304,
01/01/2000,01:29:53.62,18.91,-62.22,-991.62,61.25,-691.25,-280.0,1,94.305,
01/01/2000,01:29:53.63,19.03,-62.71,-991.62,87.50,-595.0,-428.75,1,94.296,
01/01/2000,01:29:53.64,19.03,-62.71,-991.49,131.25,-726.25,-315.0,1,94.297,
01/01/2000,01:29:53.65,19.15,-62.59,-991.49,192.50,-708.75,-323.75,1,94.297,
01/01/2000,01:29:53.66,18.91,-62.59,-991.62,140.0,-813.75,-341.25,1,94.298,
01/01/2000,01:29:53.67,19.03,-62.46,-991.62,70.0,-621.25,-332.50,1,94.298,
01/01/2000,01:29:53.68,18.79,-62.46,-991.62,148.75,-638.75,-358.75,1,94.299,
01/01/2000,01:29:53.70,18.79,-62.59,-991.62,61.25,-673.75,-306.25,1,94.300,
01/01/2000,01:29:53.71,18.79,-62.22,-991.62,175.0,-700.0,-385.0,1,94.300,
01/01/2000,01:29:53.72,18.79,-62.34,-991.49,122.50,-700.0,-271.25,1,94.301,
01/01/2000,01:29:53.73,18.79,-62.34,-991.62,210.0,-770.0,-446.25,1,94.301,
01/01/2000,01:29:53.74,18.79,-62.46,-991.62,236.25,-796.25,-385.0,1,94.302,
01/01/2000,01:29:53.75,18.79,-62.46,-991.62,140.0,-638.75,-358.75,1,94.302,
01/01/2000,01:29:53.76,18.79,-62.34,-991.49,131.25,-656.25,-358.75,1,94.303,
01/01/2000,01:29:53.77,18.67,-62.22,-991.37,227.50,-761.25,-411.25,1,94.303,
01/01/2000,01:29:53.78,18.67,-62.46,-991.37,166.25,-656.25,-315.0,1,94.304,
01/01/2000,01:29:53.79,18.79,-62.46,-991.49,96.25,-621.25,-411.25,1,94.304,
01/01/2000,01:29:53.80,18.79,-62.46,-991.49,175.0,-726.25,-358.75,1,94.305,
01/01/2000,01:29:53.81,18.67,-62.34,-991.62,183.75,-630.0,-367.50,1,94.306,
01/01/2000,01:29:53.82,18.54,-62.10,-991.62,201.25,-673.75,-341.25,1,94.306,
01/01/2000,01:29:53.83,18.67,-61.98,-991.62,113.75,-743.75,-367.50,1,94.307,
01/01/2000,01:29:53.85,18.79,-61.73,-991.62,218.75,-717.50,-297.50,1,94.298,
01/01/2000,01:29:53.86,18.91,-61.98,-991.62,96.25,-691.25,-411.25,1,94.299,
01/01/2000,01:29:53.87,18.91,-62.10,-991.62,192.50,-700.0,-393.75,1,94.299,
01/01/2000,01:29:53.88,18.91,-62.10,-991.62,201.25,-700.0,-332.50,1,94.300,
01/01/2000,01:29:53.89,19.03,-62.22,-991.74,105.0,-708.75,-332.50,1,94.300,
01/01/2000,01:29:53.90,19.03,-61.98,-991.62,26.25,-665.0,-262.50,1,94.301,
01/01/2000,01:29:53.91,18.91,-62.22,-991.74,105.0,-542.50,-420.0,1,94.292,
01/01/2000,01:29:53.92,18.91,-62.10,-991.62,70.0,-743.75,-393.75,1,94.302,
01/01/2000,01:29:53.93,19.03,-62.34,-991.62,140.0,-691.25,-341.25,1,94.293,
01/01/2000,01:29:53.94,19.15,-62.46,-991.62,140.0,-656.25,-481.25,1,94.294,
01/01/2000,01:29:53.95,19.03,-62.34,-991.74,131.25,-796.25,-367.50,1,94.295,
01/01/2000,01:29:53.96,19.03,-62.71,-991.86,175.0,-761.25,-288.75,1,94.295,
01/01/2000,01:29:53.97,19.03,-62.46,-992.10,183.75,-717.50,-385.0,1,94.296,
01/01/2000,01:29:53.98,19.03,-62.59,-992.10,236.25,-682.50,-586.25,1,94.296,
01/01/2000,01:29:53.99,19.03,-62.71,-991.98,87.50,-665.0,-218.75,1,94.297,
01/01/2000,01:29:54.00,19.03,-62.71,-992.10,157.50,-621.25,-288.75,1,94.297,
01/01/2000,01:29:54.01,19.15,-62.83,-992.10,262.50,-770.0,-437.50,1,94.298,
01/01/2000,01:29:54.02,19.03,-62.59,-992.10,122.50,-761.25,-376.25,1,94.298,
01/01/2000,01:29:54.03,19.03,-62.59,-992.23,131.25,-621.25,-420.0,1,94.299,
01/01/2000,01:29:54.04,18.91,-62.59,-992.23,157.50,-656.25,-367.50,1,94.299,
01/01/2000,01:29:54.06,18.79,-62.71,-992.10,87.50,-586.25,-306.25,1,94.300,
01/01/2000,01:29:54.07,18.79,-62.59,-992.10,-8.75,-595.0,-376.25,1,94.301,
01/01/2000,01:29:54.08,18.79,-62.71,-991.98,52.50,-726.25,-385.0,1,94.301,
01/01/2000,01:29:54.09,18.91,-62.83,-991.98,192.50,-691.25,-358.75,1,94.302,
01/01/2000,01:29:54.10,18.91,-62.59,-992.10,122.50,-665.0,-253.75,1,94.302,
01/01/2000,01:29:54.11,19.03,-62.59,-992.23,148.75,-656.25,-367.50,1,94.303,
01/01/2000,01:29:54.12,19.03,-62.59,-992.23,96.25,-656.25,-428.75,1,94.303,
01/01/2000,01:29:54.13,19.03,-62.83,-992.10,201.25,-717.50,-402.50,1,94.304,
01/01/2000,01:29:54.14,19.03,-62.71,-991.98,183.75,-673.75,-402.50,1,94.295,
01/01/2000,01:29:54.15,19.15,-62.71,-991.86,105.0,-700.0,-367.50,1,94.305,
01/01/2000,01:29:54.16,19.15,-62.59,-991.98,52.50,-630.0,-315.0,1,94.296,
01/01/2000,01:29:54.17,19.03,-62.59,-992.10,148.75,-735.0,-332.50,1,94.297,
01/01/2000,01:29:54.18,18.91,-62.71,-992.10,61.25,-743.75,-315.0,1,94.298,
01/01/2000,01:29:54.20,18.91,-62.83,-992.10,96.25,-752.50,-332.50,1,94.298,
01/01/2000,01:29:54.21,19.03,-62.83,-992.23,227.50,-752.50,-376.25,1,94.299,
01/01/2000,01:29:54.22,19.03,-62.71,-992.23,262.50,-665.0,-367.50,1,94.299,
01/01/2000,01:29:54.23,19.03,-62.71,-992.23,271.25,-726.25,-350.0,1,94.300,
01/01/2000,01:29:54.24,18.79,-62.59,-992.23,166.25,-621.25,-350.0,1,94.300,
01/01/2000,01:29:54.25,18.79,-62.83,-992.35,245.0,-700.0,-306.25,1,94.301,
01/01/2000,01:29:54.26,18.79,-62.71,-992.47,96.25,-542.50,-437.50,1,94.301,
01/01/2000,01:29:54.27,18.91,-62.59,-992.47,131.25,-595.0,-227.50,1,94.302,
01/01/2000,01:29:54.28,18.91,-62.59,-992.59,218.75,-638.75,-341.25,1,94.302,
01/01/2000,01:29:54.29,18.91,-62.95,-992.71,245.0,-656.25,-306.25,1,94.303,
01/01/2000,01:29:54.30,18.79,-62.95,-992.59,96.25,-691.25,-315.0,1,94.304,
01/01/2000,01:29:54.31,18.91,-63.07,-992.59,70.0,-805.0,-323.75,1,94.304,
01/01/2000,01:29:54.32,18.79,-62.95,-992.47,70.0,-726.25,-393.75,1,94.305,
01/01/2000,01:29:54.33,18.79,-62.95,-992.23,166.25,-682.50,-297.50,1,94.296,
01/01/2000,01:29:54.34,18.79,-62.83,-992.23,61.25,-691.25,-306.25,1,94.297,
01/01/2000,01:29:54.35,18.67,-63.07,-992.47,210.0,-621.25,-393.75,1,94.297,
01/01/2000,01:29:54.36,18.54,-62.95,-992.71,140.0,-761.25,-455.0,1,94.298,
01/01/2000,01:29:54.37,18.91,-62.71,-992.84,183.75,-691.25,-288.75,1,94.298,
01/01/2000,01:29:54.38,18.79,-62.71,-992.59,157.50,-682.50,-341.25,1,94.299,
01/01/2000,01:29:54.39,18.79,-62.71,-992.47,227.50,-621.25,-306.25,1,94.299,
01/01/2000,01:29:54.42,18.91,-63.07,-992.84,113.75,-708.75,-455.0,1,94.291,
01/01/2000,01:29:54.43,18.91,-62.71,-992.96,122.50,-656.25,-280.0,1,94.291,
01/01/2000,01:29:54.44,18.91,-62.95,-992.84,210.0,-630.0,-341.25,1,94.292,
01/01/2000,01:29:54.45,18.91,-62.83,-992.59,-8.75,-673.75,-253.75,1,94.293,
01/01/2000,01:29:54.46,18.79,-62.83,-992.47,148.75,-778.75,-385.0,1,94.293,
01/01/2000,01:29:54.47,18.79,-62.71,-992.59,192.50,-577.50,-385.0,1,94.294,
01/01/2000,01:29:54.48,18.79,-62.59,-992.71,341.25,-691.25,-376.25,1,94.294,
01/01/2000,01:29:54.49,18.91,-62.59,-992.84,218.75,-717.50,-463.75,1,94.295,
01/01/2000,01:29:54.50,18.79,-62.46,-992.59,122.50,-700.0,-288.75,1,94.295,
01/01/2000,01:29:54.51,18.79,-62.46,-992.59,183.75,-603.75,-271.25,1,94.296,
01/01/2000,01:29:54.52,18.91,-62.46,-992.59,175.0,-770.0,-245.0,1,94.296,
01/01/2000,01:29:54.53,18.91,-62.71,-992.59,113.75,-752.50,-402.50,1,94.297,
01/01/2000,01:29:54.54,18.79,-62.71,-992.59,17.50,-691.25,-490.0,1,94.297,
01/01/2000,01:29:54.55,18.79,-62.71,-992.59,175.0,-805.0,-402.50,1,94.298,
01/01/2000,01:29:54.56,18.67,-62.71,-992.59,192.50,-612.50,-332.50,1,94.299,
01/01/2000,01:29:54.57,18.79,-62.83,-992.59,87.50,-621.25,-332.50,1,94.299,
01/01/2000,01:29:54.58,18.67,-62.95,-992.59,140.0,-691.25,-472.50,1,94.300,
01/01/2000,01:29:54.59,18.67,-62.83,-992.59,105.0,-691.25,-306.25,1,94.300,
01/01/2000,01:29:54.60,18.79,-62.95,-992.59,218.75,-691.25,-271.25,1,94.301,
01/01/2000,01:29:54.61,18.79,-62.83,-992.47,140.0,-708.75,-341.25,1,94.301,
01/01/2000,01:29:54.62,18.67,-63.07,-992.23,236.25,-691.25,-367.50,1,94.293,
01/01/2000,01:29:54.63,18.67,-62.95,-992.35,26.25,-673.75,-288.75,1,94.293,
01/01/2000,01:29:54.64,18.79,-62.95,-992.47,87.50,-700.0,-271.25,1,94.294,
01/01/2000,01:29:54.65,18.79,-62.95,-992.59,166.25,-673.75,-297.50,1,94.294,
01/01/2000,01:29:54.66,19.03,-62.95,-992.59,210.0,-743.75,-350.0,1,94.295,
01/01/2000,01:29:54.67,19.03,-62.95,-992.47,245.0,-682.50,-245.0,1,94.296,
01/01/2000,01:29:54.69,19.03,-62.95,-992.47,131.25,-735.0,-358.75,1,94.296,
01/01/2000,01:29:54.70,19.03,-62.95,-992.59,113.75,-691.25,-332.50,1,94.297,
01/01/2000,01:29:54.71,19.03,-62.95,-992.59,166.25,-656.25,-446.25,1,94.297,
01/01/2000,01:29:54.72,18.79,-62.83,-992.71,227.50,-761.25,-393.75,1,94.298,
01/01/2000,01:29:54.73,19.03,-62.71,-992.71,140.0,-682.50,-428.75,1,94.298,
01/01/2000,01:29:54.74,18.91,-62.71,-992.71,35.0,-665.0,-288.75,1,94.299,
01/01/2000,01:29:54.75,19.03,-62.59,-992.71,96.25,-673.75,-271.25,1,94.299,
01/01/2000,01:29:54.76,19.03,-62.71,-992.59,78.75,-700.0,-306.25,1,94.291,
01/01/2000,01:29:54.77,19.03,-62.71,-992.59,166.25,-708.75,-323.75,1,94.291,
01/01/2000,01:29:54.78,18.91,-62.59,-992.84,140.0,-700.0,-280.0,1,94.292,
01/01/2000,01:29:54.79,18.79,-62.71,-992.71,227.50,-691.25,-323.75,1,94.293,
01/01/2000,01:29:54.80,18.79,-62.71,-992.71,105.0,-682.50,-341.25,1,94.293,
01/01/2000,01:29:54.81,18.79,-62.83,-992.71,297.50,-638.75,-350.0,1,94.294,
01/01/2000,01:29:54.82,18.79,-62.95,-992.84,113.75,-778.75,-385.0,1,94.294,
01/01/2000,01:29:54.84,18.91,-62.71,-992.96,61.25,-752.50,-280.0,1,94.295,
01/01/2000,01:29:54.85,18.91,-62.83,-992.84,253.75,-735.0,-341.25,1,94.295,
01/01/2000,01:29:54.86,18.91,-62.71,-992.71,271.25,-682.50,-210.0,1,94.296,
01/01/2000,01:29:54.87,19.03,-62.71,-992.84,148.75,-603.75,-402.50,1,94.296,
01/01/2000,01:29:54.88,18.91,-62.83,-992.84,341.25,-691.25,-332.50,1,94.297,
01/01/2000,01:29:54.89,18.91,-62.95,-992.84,148.75,-743.75,-341.25,1,94.297,
01/01/2000,01:29:54.90,18.79,-62.95,-992.71,148.75,-787.50,-236.25,1,94.289,
01/01/2000,01:29:54.91,18.91,-62.83,-992.71,175.0,-630.0,-280.0,1,94.290,
01/01/2000,01:29:54.93,18.79,-62.71,-992.84,236.25,-778.75,-288.75,1,94.290,
01/01/2000,01:29:54.94,18.79,-63.07,-992.84,131.25,-691.25,-481.25,1,94.291,
01/01/2000,01:29:54.95,18.79,-62.95,-992.71,70.0,-787.50,-253.75,1,94.291,
01/01/2000,01:29:54.96,18.79,-62.95,-992.84,122.50,-630.0,-385.0,1,94.292,
01/01/2000,01:29:54.97,18.79,-62.95,-992.59,218.75,-735.0,-280.0,1,94.292,
01/01/2000,01:29:54.98,18.79,-62.95,-992.47,288.75,-603.75,-341.25,1,94.293,
01/01/2000,01:29:54.99,18.79,-62.95,-992.47,306.25,-805.0,-367.50,1,94.293,
01/01/2000,01:29:55.00,18.54,-62.95,-992.47,271.25,-778.75,-341.25,1,94.294,
01/01/2000,01:29:55.01,18.54,-62.95,-992.59,70.0,-778.75,-358.75,1,94.294,
01/01/2000,01:29:55.02,18.67,-62.83,-992.47,157.50,-735.0,-245.0,1,94.295,
01/01/2000,01:29:55.03,18.79,-62.95,-992.35,183.75,-647.50,-288.75,1,94.296,
01/01/2000,01:29:55.04,18.79,-62.71,-992.47,157.50,-577.50,-341.25,1,94.296,
01/01/2000,01:29:55.05,18.79,-62.83,-992.59,201.25,-778.75,-376.25,1,94.297,
01/01/2000,01:29:55.06,18.91,-62.83,-992.71,96.25,-621.25,-341.25,1,94.297,
01/01/2000,01:29:55.07,19.03,-62.71,-992.84,192.50,-778.75,-332.50,1,94.298,
01/01/2000,01:29:55.08,18.91,-62.83,-992.71,70.0,-656.25,-411.25,1,94.298,
01/01/2000,01:29:55.09,18.79,-62.95,-992.59,245.0,-507.50,-385.0,1,94.299,
01/01/2000,01:29:55.10,18.79,-62.83,-992.59,87.50,-708.75,-358.75,1,94.299,
01/01/2000,01:29:55.11,18.79,-62.83,-992.71,218.75,-717.50,-288.75,1,94.291,
01/01/2000,01:29:55.12,18.79,-62.71,-992.71,61.25,-805.0,-236.25,1,94.291,
01/01/2000,01:29:55.13,18.67,-62.59,-992.59,271.25,-630.0,-323.75,1,94.292,
01/01/2000,01:29:55.15,18.67,-62.59,-992.59,166.25,-708.75,-402.50,1,94.293,
01/01/2000,01:29:55.15,18.67,-62.59,-992.59,87.50,-665.0,-297.50,1,94.293,
01/01/2000,01:29:55.17,18.67,-62.71,-992.71,166.25,-708.75,-253.75,1,94.294,
01/01/2000,01:29:55.18,18.67,-62.71,-992.71,166.25,-560.0,-341.25,1,94.294,
01/01/2000,01:29:55.19,18.79,-62.71,-992.71,96.25,-761.25,-323.75,1,94.295,
01/01/2000,01:29:55.20,18.91,-62.46,-992.71,113.75,-700.0,-358.75,1,94.295,
01/01/2000,01:29:55.21,18.79,-62.46,-992.47,245.0,-577.50,-341.25,1,94.296,
01/01/2000,01:29:55.22,18.91,-62.59,-992.47,253.75,-603.75,-402.50,1,94.296,
01/01/2000,01:29:55.23,19.03,-62.59,-992.47,166.25,-621.25,-411.25,1,94.297,
01/01/2000,01:29:55.24,19.03,-62.59,-992.59,201.25,-708.75,-297.50,1,94.297,
01/01/2000,01:29:55.25,19.03,-62.46,-992.59,157.50,-630.0,-350.0,1,94.289,
01/01/2000,01:29:55.26,18.91,-62.59,-992.59,166.25,-595.0,-245.0,1,94.290,
01/01/2000,01:29:55.27,19.03,-62.59,-992.47,192.50,-796.25,-533.75,1,94.290,
01/01/2000,01:29:55.28,18.91,-62.71,-992.59,122.50,-761.25,-157.50,1,94.291,
01/01/2000,01:29:55.29,18.91,-62.71,-992.71,280.0,-612.50,-481.25,1,94.291,
01/01/2000,01:29:55.30,19.03,-62.83,-992.71,192.50,-717.50,-332.50,1,94.292,
01/01/2000,01:29:55.31,18.91,-62.83,-992.84,105.0,-805.0,-262.50,1,94.292,
01/01/2000,01:29:55.33,18.91,-62.71,-992.59,271.25,-638.75,-402.50,1,94.293,
01/01/2000,01:29:55.34,18.79,-62.71,-992.59,78.75,-700.0,-288.75,1,94.293,
01/01/2000,01:29:55.35,18.79,-62.71,-992.59,157.50,-717.50,-315.0,1,94.294,
01/01/2000,01:29:55.36,18.91,-62.59,-992.59,78.75,-603.75,-306.25,1,94.294,
01/01/2000,01:29:55.37,18.79,-62.71,-992.59,262.50,-638.75,-350.0,1,94.295,
01/01/2000,01:29:55.38,18.91,-62.46,-992.35,157.50,-770.0,-367.50,1,94.295,
01/01/2000,01:29:55.39,18.79,-62.46,-992.47,306.25,-603.75,-306.25,1,94.296,
01/01/2000,01:29:55.40,18.91,-62.46,-992.71,157.50,-682.50,-367.50,1,94.297,
01/01/2000,01:29:55.41,18.79,-62.71,-992.71,157.50,-673.75,-437.50,1,94.297,
01/01/2000,01:29:55.42,18.79,-62.59,-992.35,105.0,-682.50,-315.0,1,94.298,
01/01/2000,01:29:55.44,18.91,-62.59,-992.10,8.75,-752.50,-271.25,1,94.289,
01/01/2000,01:29:55.45,18.91,-62.71,-992.23,113.75,-717.50,-280.0,1,94.290,
01/01/2000,01:29:55.46,19.03,-62.71,-992.23,148.75,-708.75,-428.75,1,94.290,
01/01/2000,01:29:55.47,18.91,-62.71,-992.10,105.0,-673.75,-306.25,1,94.291,
01/01/2000,01:29:55.48,18.91,-62.59,-991.86,253.75,-630.0,-393.75,1,94.291,
01/01/2000,01:29:55.49,18.91,-62.59,-991.86,183.75,-621.25,-385.0,1,94.292,
01/01/2000,01:29:55.50,19.03,-62.46,-992.10,96.25,-770.0,-245.0,1,94.292,
01/01/2000,01:29:55.51,19.15,-62.46,-992.23,113.75,-691.25,-498.75,1,94.293,
01/01/2000,01:29:55.52,19.03,-62.46,-992.23,105.0,-700.0,-288.75,1,94.294,
01/01/2000,01:29:55.53,18.79,-62.46,-992.23,43.75,-673.75,-341.25,1,94.294,
01/01/2000,01:29:55.54,18.91,-62.46,-992.10,113.75,-647.50,-332.50,1,94.295,
01/01/2000,01:29:55.55,18.91,-62.59,-992.10,157.50,-638.75,-271.25,1,94.295,
01/01/2000,01:29:55.56,18.91,-62.59,-992.23,280.0,-752.50,-323.75,1,94.296,
01/01/2000,01:29:55.57,18.79,-62.71,-992.10,113.75,-778.75,-367.50,1,94.296,
01/01/2000,01:29:55.58,18.79,-62.59,-992.23,175.0,-595.0,-253.75,1,94.297,
01/01/2000,01:29:55.59,18.79,-62.46,-992.35,148.75,-743.75,-437.50,1,94.297,
01/01/2000,01:29:55.60,18.79,-62.34,-992.23,78.75,-682.50,-358.75,1,94.298,
01/01/2000,01:29:55.61,18.79,-62.46,-992.35,17.50,-726.25,-183.75,1,94.290,
01/01/2000,01:29:55.62,18.91,-62.59,-992.23,227.50,-708.75,-385.0,1,94.290,
01/01/2000,01:29:55.63,18.79,-62.34,-992.10,262.50,-673.75,-297.50,1,94.291,
01/01/2000,01:29:55.64,18.91,-62.34,-992.10,35.0,-568.75,-367.50,1,94.291,
01/01/2000,01:29:55.65,19.15,-62.46,-992.23,210.0,-656.25,-306.25,1,94.292,
01/01/2000,01:29:55.66,19.03,-62.22,-992.10,210.0,-682.50,-402.50,1,94.292,
01/01/2000,01:29:55.68,19.15,-62.22,-992.23,280.0,-708.75,-490.0,1,94.293,
01/01/2000,01:29:55.69,19.15,-62.34,-992.35,122.50,-778.75,-341.25,1,94.293,
01/01/2000,01:29:55.70,19.15,-62.34,-992.10,61.25,-700.0,-358.75,1,94.294,
01/01/2000,01:29:55.71,19.03,-62.22,-992.10,166.25,-638.75,-323.75,1,94.294,
01/01/2000,01:29:55.72,19.28,-62.46,-992.10,323.75,-656.25,-376.25,1,94.295,
01/01/2000,01:29:55.73,19.03,-62.22,-992.10,157.50,-612.50,-288.75,1,94.295,
01/01/2000,01:29:55.74,19.03,-62.46,-992.23,306.25,-647.50,-446.25,1,94.296,
01/01/2000,01:29:55.75,19.03,-62.46,-992.35,218.75,-726.25,-323.75,1,94.297,
01/01/2000,01:29:55.76,19.03,-62.34,-992.35,175.0,-700.0,-393.75,1,94.297,
01/01/2000,01:29:55.77,19.03,-62.34,-992.35,192.50,-691.25,-393.75,1,94.298,
01/01/2000,01:29:55.78,19.15,-62.22,-992.35,52.50,-752.50,-262.50,1,94.298,
01/01/2000,01:29:55.79,19.28,-62.34,-992.35,148.75,-673.75,-297.50,1,94.299,
01/01/2000,01:29:55.80,19.28,-62.22,-992.35,166.25,-603.75,-315.0,1,94.299,
01/01/2000,01:29:55.81,19.28,-62.46,-992.35,122.50,-752.50,-306.25,1,94.300,
01/01/2000,01:29:55.83,19.28,-62.22,-992.35,26.25,-778.75,-446.25,1,94.291,
01/01/2000,01:29:55.84,19.15,-62.46,-992.35,175.0,-735.0,-236.25,1,94.292,
01/01/2000,01:29:55.85,19.15,-62.22,-992.47,140.0,-682.50,-437.50,1,94.292,
01/01/2000,01:29:55.86,19.15,-62.46,-992.47,131.25,-743.75,-323.75,1,94.293,
01/01/2000,01:29:55.87,19.28,-62.22,-992.35,131.25,-787.50,-376.25,1,94.294,
01/01/2000,01:29:55.88,19.28,-62.46,-992.10,227.50,-770.0,-315.0,1,94.294,
01/01/2000,01:29:55.89,19.15,-62.22,-992.10,262.50,-805.0,-306.25,1,94.295,
01/01/2000,01:29:55.90,19.03,-62.34,-991.98,148.75,-656.25,-385.0,1,94.295,
01/01/2000,01:29:55.91,19.15,-62.34,-992.10,157.50,-621.25,-341.25,1,94.296,
01/01/2000,01:29:55.92,19.15,-62.46,-992.10,113.75,-691.25,-288.75,1,94.296,
01/01/2000,01:29:55.93,19.15,-62.59,-992.10,78.75,-743.75,-306.25,1,94.297,
01/01/2000,01:29:55.94,19.15,-62.59,-992.23,0.0,-656.25,-297.50,1,94.288,
01/01/2000,01:29:55.95,19.28,-62.59,-992.10,218.75,-691.25,-341.25,1,94.289,
01/01/2000,01:29:55.97,18.91,-62.46,-992.23,78.75,-682.50,-262.50,1,94.289,
01/01/2000,01:29:55.98,18.79,-62.46,-992.35,218.75,-665.0,-393.75,1,94.290,
01/01/2000,01:29:55.99,18.91,-62.34,-992.23,315.0,-568.75,-385.0,1,94.291,
01/01/2000,01:29:56.00,19.03,-62.22,-992.35,43.75,-673.75,-393.75,1,94.291,
01/01/2000,01:29:56.01,19.15,-62.46,-992.35,236.25,-708.75,-376.25,1,94.292,
01/01/2000,01:29:56.02,19.03,-62.46,-992.10,175.0,-630.0,-402.50,1,94.292,
01/01/2000,01:29:56.03,18.91,-62.46,-992.10,175.0,-665.0,-367.50,1,94.293,
01/01/2000,01:29:56.04,18.91,-62.34,-992.10,52.50,-770.0,-376.25,1,94.293,
01/01/2000,01:29:56.05,19.03,-62.22,-992.10,280.0,-595.0,-245.0,1,94.294,
01/01/2000,01:29:56.06,19.28,-62.34,-992.10,253.75,-682.50,-376.25,1,94.294,
01/01/2000,01:29:56.07,19.03,-62.46,-991.86,26.25,-761.25,-306.25,1,94.295,
01/01/2000,01:29:56.08,19.03,-62.22,-991.74,192.50,-752.50,-315.0,1,94.295,
01/01/2000,01:29:56.09,19.03,-62.22,-991.86,105.0,-665.0,-323.75,1,94.296,
01/01/2000,01:29:56.10,19.03,-62.46,-991.86,236.25,-700.0,-210.0,1,94.297,
01/01/2000,01:29:56.11,18.91,-62.34,-991.86,96.25,-656.25,-332.50,1,94.297,
01/01/2000,01:29:56.12,18.42,-62.59,-990.88,105.0,-507.50,-1330.0,1,94.298,
01/01/2000,01:29:56.13,17.08,-68.32,-987.96,-297.50,-892.50,-5101.25,1,94.298,
01/01/2000,01:29:56.14,17.45,-71.74,-989.18,-997.50,-1093.75,-5337.50,1,94.290,
01/01/2000,01:29:56.15,21.96,-69.66,-994.06,402.50,-805.0,-4348.75,1,94.299,
01/01/2000,01:29:56.16,21.59,-66.73,-994.91,638.75,-726.25,-1207.50,1,94.291,
01/01/2000,01:29:56.18,17.32,-61.0,-991.37,-708.75,-621.25,1741.25,1,94.291,
01/01/2000,01:29:56.19,17.32,-58.56,-989.05,971.25,-621.25,-936.25,1,94.292,
01/01/2000,01:29:56.20,17.81,-54.90,-990.64,8.75,-726.25,-1968.75,1,94.292,
01/01/2000,01:29:56.21,20.50,-56.97,-994.30,236.25,-621.25,1041.25,1,94.293,
01/01/2000,01:29:56.22,20.50,-59.17,-994.54,-70.0,-603.75,3062.50,1,94.294,
01/01/2000,01:29:56.23,18.54,-63.07,-992.47,315.0,-542.50,1837.50,1,94.294,
01/01/2000,01:29:56.24,17.69,-65.51,-989.05,140.0,-866.25,-3395.0,1,94.295,
01/01/2000,01:29:56.25,18.91,-64.90,-989.79,411.25,-866.25,-2712.50,1,94.295,
01/01/2000,01:29:56.26,20.25,-62.59,-993.32,-87.50,-691.25,428.75,1,94.296,
01/01/2000,01:29:56.27,20.13,-60.15,-993.93,218.75,-498.75,2187.50,1,94.296,
01/01/2000,01:29:56.28,18.42,-59.17,-992.59,140.0,-481.25,1207.50,1,94.297,
01/01/2000,01:29:56.29,17.20,-59.41,-990.88,210.0,-761.25,-997.50,1,94.297,
01/01/2000,01:29:56.30,18.06,-60.51,-990.52,323.75,-700.0,-1592.50,1,94.298,
01/01/2000,01:29:56.31,20.37,-62.59,-992.35,-52.50,-805.0,770.0,1,94.289,
01/01/2000,01:29:56.32,20.50,-64.42,-992.71,183.75,-743.75,918.75,1,94.290,
01/01/2000,01:29:56.33,18.79,-63.81,-991.49,140.0,-752.50,-525.0,1,94.291,
01/01/2000,01:29:56.34,17.45,-62.59,-990.64,192.50,-665.0,-1610.0,1,94.291,
01/01/2000,01:29:56.35,17.69,-61.12,-991.01,183.75,-700.0,-1198.75,1,94.292,
01/01/2000,01:29:56.36,19.03,-60.02,-992.96,210.0,-586.25,490.0,1,94.292,
01/01/2000,01:29:56.37,19.89,-60.76,-993.20,148.75,-638.75,1382.50,1,94.293,
01/01/2000,01:29:56.39,18.54,-63.07,-991.25,288.75,-708.75,-113.75,1,94.293,
01/01/2000,01:29:56.40,17.81,-63.93,-990.52,183.75,-708.75,-1645.0,1,94.294,
01/01/2000,01:29:56.41,18.30,-63.68,-991.13,148.75,-647.50,-1732.50,1,94.294,
01/01/2000,01:29:56.42,19.28,-63.07,-992.35,192.50,-726.25,105.0,1,94.295,
01/01/2000,01:29:56.43,19.64,-61.61,-993.20,61.25,-673.75,822.50,1,94.295,
01/01/2000,01:29:56.44,18.79,-61.37,-992.35,183.75,-700.0,280.0,1,94.296,
01/01/2000,01:29:56.46,18.18,-62.10,-991.37,236.25,-726.25,-866.25,1,94.288,
01/01/2000,01:29:56.47,19.03,-62.83,-992.10,96.25,-691.25,-621.25,1,94.288,
01/01/2000,01:29:56.48,19.89,-63.20,-992.84,52.50,-621.25,-70.0,1,94.289,
01/01/2000,01:29:56.49,19.40,-63.07,-992.35,96.25,-665.0,-210.0,1,94.289,
01/01/2000,01:29:56.50,18.30,-62.46,-991.37,96.25,-691.25,-358.75,1,94.290,
01/01/2000,01:29:56.51,18.06,-61.98,-991.13,245.0,-708.75,-411.25,1,94.290,
01/01/2000,01:29:56.52,18.54,-61.61,-991.74,183.75,-700.0,-376.25,1,94.291,
01/01/2000,01:29:56.53,19.52,-61.98,-992.96,192.50,-787.50,-131.25,1,94.291,
01/01/2000,01:29:56.54,19.28,-62.46,-992.84,122.50,-682.50,-78.75,1,94.292,
01/01/2000,01:29:56.55,18.67,-63.07,-991.74,140.0,-840.0,-358.75,1,94.292,
01/01/2000,01:29:56.56,18.30,-62.95,-991.13,218.75,-708.75,-630.0,1,94.293,
01/01/2000,01:29:56.57,18.91,-62.22,-991.86,78.75,-726.25,-743.75,1,94.294,
01/01/2000,01:29:56.58,19.52,-61.85,-992.84,105.0,-708.75,-411.25,1,94.294,
01/01/2000,01:29:56.59,19.40,-61.85,-992.96,140.0,-656.25,35.0,1,94.295,
01/01/2000,01:29:56.60,18.54,-62.34,-991.86,131.25,-621.25,-253.75,1,94.295,
01/01/2000,01:29:56.61,18.42,-62.71,-991.25,262.50,-735.0,-612.50,1,94.296,
01/01/2000,01:29:56.62,18.79,-62.59,-991.37,131.25,-752.50,-647.50,1,94.296,
01/01/2000,01:29:56.63,19.40,-62.46,-992.23,201.25,-568.75,-183.75,1,94.297,
01/01/2000,01:29:56.64,19.40,-62.34,-992.59,166.25,-577.50,-96.25,1,94.297,
01/01/2000,01:29:56.65,18.54,-62.34,-992.23,122.50,-621.25,-210.0,1,94.298,
01/01/2000,01:29:56.66,18.42,-62.22,-991.74,131.25,-673.75,-560.0,1,94.289,
01/01/2000,01:29:56.67,18.91,-62.22,-992.10,192.50,-691.25,-516.25,1,94.290,
01/01/2000,01:29:56.68,19.40,-62.22,-992.47,157.50,-630.0,-315.0,1,94.291,
01/01/2000,01:29:56.69,19.52,-62.71,-992.59,87.50,-735.0,-201.25,1,94.291,
01/01/2000,01:29:56.70,18.79,-62.71,-991.98,236.25,-595.0,-472.50,1,94.292,
01/01/2000,01:29:56.71,18.67,-62.46,-991.74,236.25,-717.50,-428.75,1,94.292,
01/01/2000,01:29:56.73,18.91,-61.98,-991.98,70.0,-656.25,-332.50,1,94.293,
01/01/2000,01:29:56.74,19.28,-61.85,-992.35,52.50,-717.50,-245.0,1,94.293,
01/01/2000,01:29:56.75,19.15,-62.22,-992.35,148.75,-665.0,-262.50,1,94.294,
01/01/2000,01:29:56.76,18.79,-62.71,-992.10,140.0,-726.25,-393.75,1,94.294,
01/01/2000,01:29:56.77,18.67,-62.95,-991.86,236.25,-647.50,-385.0,1,94.295,
01/01/2000,01:29:56.78,19.03,-62.71,-991.98,52.50,-726.25,-446.25,1,94.295,
01/01/2000,01:29:56.79,19.03,-62.46,-992.23,87.50,-647.50,-350.0,1,94.296,
01/01/2000,01:29:56.80,19.03,-62.34,-992.23,175.0,-735.0,-192.50,1,94.296,
01/01/2000,01:29:56.81,18.67,-62.71,-991.86,113.75,-656.25,-341.25,1,94.288,
01/01/2000,01:29:56.82,18.54,-62.71,-991.74,105.0,-682.50,-428.75,1,94.289,
01/01/2000,01:29:56.83,19.03,-62.71,-991.98,131.25,-735.0,-402.50,1,94.289,
01/01/2000,01:29:56.84,19.15,-62.59,-992.35,131.25,-708.75,-358.75,1,94.290,
01/01/2000,01:29:56.85,19.03,-62.46,-992.35,201.25,-770.0,-306.25,1,94.290,
01/01/2000,01:29:56.86,18.79,-62.46,-992.10,183.75,-595.0,-376.25,1,94.291,
01/01/2000,01:29:56.88,18.54,-62.46,-992.10,183.75,-691.25,-306.25,1,94.291,
01/01/2000,01:29:56.89,19.15,-62.22,-992.35,183.75,-700.0,-402.50,1,94.292,
01/01/2000,01:29:56.90,19.15,-62.46,-992.35,192.50,-647.50,-315.0,1,94.292,
01/01/2000,01:29:56.91,18.91,-62.46,-992.10,70.0,-665.0,-332.50,1,94.293,
01/01/2000,01:29:56.92,18.79,-62.59,-991.86,253.75,-656.25,-253.75,1,94.293,
01/01/2000,01:29:56.93,18.54,-62.34,-991.86,262.50,-630.0,-332.50,1,94.294,
01/01/2000,01:29:56.94,18.79,-62.22,-992.10,52.50,-638.75,-332.50,1,94.295,
01/01/2000,01:29:56.95,19.03,-62.22,-992.10,52.50,-638.75,-332.50,1,94.295,
01/01/2000,01:29:56.96,18.67,-62.59,-991.62,61.25,-726.25,-358.75,1,94.287,
01/01/2000,01:29:56.98,18.67,-62.59,-991.49,236.25,-682.50,-315.0,1,94.287,
01/01/2000,01:29:56.99,18.91,-62.46,-991.98,70.0,-761.25,-437.50,1,94.288,
01/01/2000,01:29:57.00,19.03,-62.22,-992.23,218.75,-700.0,-376.25,1,94.288,
01/01/2000,01:29:57.01,18.91,-62.10,-992.10,70.0,-735.0,-253.75,1,94.289,
01/01/2000,01:29:57.02,18.79,-62.46,-991.86,87.50,-796.25,-253.75,1,94.289,
01/01/2000,01:29:57.03,18.79,-62.71,-991.86,26.25,-735.0,-358.75,1,94.290,
01/01/2000,01:29:57.04,19.03,-62.71,-992.10,192.50,-752.50,-402.50,1,94.291,
01/01/2000,01:29:57.05,19.03,-62.71,-992.10,43.75,-700.0,-271.25,1,94.291,
01/01/2000,01:29:57.06,18.91,-62.71,-992.10,218.75,-630.0,-350.0,1,94.292,
01/01/2000,01:29:57.07,18.54,-62.71,-991.86,201.25,-691.25,-420.0,1,94.292,
01/01/2000,01:29:57.08,18.54,-62.71,-991.86,236.25,-665.0,-376.25,1,94.293,
01/01/2000,01:29:57.09,18.79,-62.83,-991.98,218.75,-761.25,-323.75,1,94.293,
01/01/2000,01:29:57.10,18.91,-62.83,-991.98,122.50,-743.75,-367.50,1,94.294,
01/01/2000,01:29:57.11,18.79,-62.71,-991.86,122.50,-603.75,-315.0,1,94.294,
01/01/2000,01:29:57.12,18.67,-62.71,-991.86,113.75,-630.0,-367.50,1,94.295,
01/01/2000,01:29:57.13,18.67,-62.59,-991.86,201.25,-647.50,-341.25,1,94.295,
01/01/2000,01:29:57.14,18.91,-62.46,-991.86,113.75,-708.75,-385.0,1,94.296,
01/01/2000,01:29:57.15,19.03,-62.22,-992.10,271.25,-673.75,-245.0,1,94.296,
01/01/2000,01:29:57.16,19.03,-62.46,-991.98,140.0,-673.75,-253.75,1,94.297,
01/01/2000,01:29:57.17,18.91,-62.59,-991.86,166.25,-682.50,-428.75,1,94.297,
01/01/2000,01:29:57.18,18.79,-62.46,-991.74,113.75,-656.25,-428.75,1,94.298,
01/01/2000,01:29:57.19,18.91,-62.46,-991.86,43.75,-752.50,-323.75,1,94.299,
01/01/2000,01:29:57.20,19.03,-62.46,-991.98,61.25,-700.0,-306.25,1,94.299,
01/01/2000,01:29:57.21,19.03,-62.46,-991.86,122.50,-647.50,-280.0,1,94.300,
01/01/2000,01:29:57.22,18.79,-62.71,-991.86,96.25,-603.75,-367.50,1,94.300,
01/01/2000,01:29:57.23,18.79,-62.59,-991.62,227.50,-673.75,-332.50,1,94.292,
01/01/2000,01:29:57.24,18.91,-62.71,-991.74,201.25,-726.25,-341.25,1,94.292,
01/01/2000,01:29:57.25,18.91,-62.71,-991.86,96.25,-673.75,-271.25,1,94.293,
01/01/2000,01:29:57.26,18.67,-62.71,-991.86,140.0,-647.50,-376.25,1,94.293,
01/01/2000,01:29:57.27,18.54,-62.71,-991.74,227.50,-638.75,-323.75,1,94.294,
01/01/2000,01:29:57.29,18.67,-62.71,-991.98,175.0,-761.25,-350.0,1,94.295,
01/01/2000,01:29:57.30,18.91,-62.71,-992.10,236.25,-717.50,-332.50,1,94.295,
01/01/2000,01:29:57.31,19.03,-62.71,-992.10,140.0,-761.25,-350.0,1,94.296,
01/01/2000,01:29:57.32,18.91,-62.71,-991.86,227.50,-621.25,-437.50,1,94.296,
01/01/2000,01:29:57.33,19.03,-62.71,-991.86,113.75,-770.0,-332.50,1,94.297,
01/01/2000,01:29:57.34,19.03,-62.46,-991.86,140.0,-752.50,-367.50,1,94.297,
01/01/2000,01:29:57.35,19.15,-62.46,-992.10,61.25,-665.0,-341.25,1,94.298,
01/01/2000,01:29:57.36,19.03,-62.46,-991.86,87.50,-708.75,-288.75,1,94.298,
01/01/2000,01:29:57.37,18.79,-62.46,-991.74,17.50,-612.50,-306.25,1,94.290,
01/01/2000,01:29:57.38,18.91,-62.59,-991.74,183.75,-533.75,-297.50,1,94.291,
01/01/2000,01:29:57.39,19.03,-62.59,-991.86,148.75,-691.25,-376.25,1,94.291,
01/01/2000,01:29:57.40,19.03,-62.59,-991.86,148.75,-770.0,-280.0,1,94.292,
01/01/2000,01:29:57.41,19.03,-62.46,-991.86,175.0,-682.50,-350.0,1,94.292,
01/01/2000,01:29:57.42,18.91,-62.46,-991.86,122.50,-603.75,-297.50,1,94.293,
01/01/2000,01:29:57.44,19.03,-62.46,-991.98,183.75,-717.50,-402.50,1,94.293,
01/01/2000,01:29:57.45,19.03,-62.71,-992.10,192.50,-603.75,-393.75,1,94.294,
01/01/2000,01:29:57.46,19.03,-62.59,-992.23,78.75,-735.0,-367.50,1,94.294,
01/01/2000,01:29:57.47,19.03,-62.59,-992.10,70.0,-743.75,-323.75,1,94.295,
01/01/2000,01:29:57.48,19.03,-62.59,-992.23,306.25,-761.25,-393.75,1,94.295,
01/01/2000,01:29:57.49,19.03,-62.59,-992.23,201.25,-656.25,-306.25,1,94.287,
01/01/2000,01:29:57.50,18.79,-62.71,-992.23,218.75,-612.50,-411.25,1,94.296,
01/01/2000,01:29:57.51,18.91,-62.71,-992.10,-70.0,-726.25,-315.0,1,94.288,
01/01/2000,01:29:57.52,18.91,-62.71,-992.10,122.50,-708.75,-367.50,1,94.289,
01/01/2000,01:29:57.53,18.79,-62.71,-992.10,166.25,-735.0,-332.50,1,94.289,
01/01/2000,01:29:57.54,18.79,-62.59,-992.23,148.75,-761.25,-297.50,1,94.290,
01/01/2000,01:29:57.55,18.79,-62.46,-992.35,192.50,-726.25,-288.75,1,94.290,
01/01/2000,01:29:57.56,18.79,-62.46,-992.35,140.0,-612.50,-332.50,1,94.291,
01/01/2000,01:29:57.57,18.91,-62.59,-992.35,166.25,-621.25,-341.25,1,94.291,
01/01/2000,01:29:57.58,19.03,-62.59,-992.23,105.0,-630.0,-385.0,1,94.292,
01/01/2000,01:29:57.60,19.03,-62.59,-992.35,227.50,-665.0,-402.50,1,94.292,
01/01/2000,01:29:57.61,19.03,-62.59,-992.35,192.50,-787.50,-350.0,1,94.293,
01/01/2000,01:29:57.62,18.91,-62.59,-992.35,192.50,-735.0,-280.0,1,94.293,
01/01/2000,01:29:57.63,19.03,-62.46,-992.10,210.0,-621.25,-306.25,1,94.294,
01/01/2000,01:29:57.64,19.03,-62.46,-992.10,122.50,-700.0,-297.50,1,94.294,
01/01/2000,01:29:57.65,19.03,-62.46,-992.23,236.25,-700.0,-455.0,1,94.295,
01/01/2000,01:29:57.66,18.91,-62.59,-992.35,306.25,-787.50,-367.50,1,94.296,
01/01/2000,01:29:57.67,18.91,-62.59,-992.35,175.0,-638.75,-253.75,1,94.296,
01/01/2000,01:29:57.68,19.03,-62.46,-992.10,122.50,-743.75,-437.50,1,94.297,
01/01/2000,01:29:57.69,18.91,-62.46,-992.10,148.75,-673.75,-358.75,1,94.297,
01/01/2000,01:29:57.70,18.79,-62.59,-992.10,131.25,-656.25,-376.25,1,94.298,
01/01/2000,01:29:57.71,18.91,-62.59,-992.35,122.50,-761.25,-341.25,1,94.298,
01/01/2000,01:29:57.72,19.03,-62.59,-992.35,148.75,-735.0,-385.0,1,94.290,
01/01/2000,01:29:57.73,18.91,-62.71,-992.35,192.50,-770.0,-306.25,1,94.290,
01/01/2000,01:29:57.74,19.03,-62.46,-992.35,192.50,-743.75,-341.25,1,94.291,
01/01/2000,01:29:57.75,19.03,-62.46,-992.35,148.75,-813.75,-393.75,1,94.292,
01/01/2000,01:29:57.76,18.91,-62.59,-992.35,96.25,-700.0,-367.50,1,94.292,
01/01/2000,01:29:57.77,18.91,-62.71,-992.35,113.75,-647.50,-341.25,1,94.293,
01/01/2000,01:29:57.78,18.67,-62.71,-992.59,227.50,-630.0,-306.25,1,94.293,
01/01/2000,01:29:57.80,18.79,-62.59,-992.47,131.25,-647.50,-350.0,1,94.294,
01/01/2000,01:29:57.81,18.79,-62.46,-992.47,175.0,-665.0,-376.25,1,94.294,
01/01/2000,01:29:57.82,18.67,-62.59,-992.35,166.25,-691.25,-358.75,1,94.295,
01/01/2000,01:29:57.83,18.67,-62.71,-992.35,323.75,-700.0,-367.50,1,94.295,
01/01/2000,01:29:57.84,18.67,-62.46,-992.35,96.25,-656.25,-288.75,1,94.296,
01/01/2000,01:29:57.85,18.79,-62.34,-992.10,245.0,-656.25,-350.0,1,94.296,
01/01/2000,01:29:57.86,18.79,-62.46,-992.35,131.25,-726.25,-385.0,1,94.297,
01/01/2000,01:29:57.87,18.79,-62.71,-992.23,148.75,-630.0,-367.50,1,94.297,
01/01/2000,01:29:57.88,18.91,-62.59,-992.23,166.25,-647.50,-341.25,1,94.298,
01/01/2000,01:29:57.89,18.91,-62.71,-992.35,52.50,-787.50,-411.25,1,94.298,
01/01/2000,01:29:57.90,18.91,-62.71,-992.23,210.0,-752.50,-402.50,1,94.299,
01/01/2000,01:29:57.91,19.03,-62.46,-992.10,131.25,-621.25,-367.50,1,94.300,
01/01/2000,01:29:57.92,19.03,-62.46,-992.10,113.75,-743.75,-332.50,1,94.300,
01/01/2000,01:29:57.94,19.03,-62.46,-991.98,183.75,-708.75,-358.75,1,94.292,
01/01/2000,01:29:57.95,19.03,-62.59,-991.98,157.50,-647.50,-367.50,1,94.292,
01/01/2000,01:29:57.96,19.03,-62.46,-992.10,122.50,-656.25,-280.0,1,94.293,
01/01/2000,01:29:57.97,19.03,-62.34,-992.10,148.75,-735.0,-323.75,1,94.293,
01/01/2000,01:29:57.98,18.91,-62.34,-992.10,218.75,-638.75,-218.75,1,94.294,
01/01/2000,01:29:57.99,19.03,-62.46,-992.23,271.25,-708.75,-288.75,1,94.294,
01/01/2000,01:29:58.00,19.03,-62.46,-992.47,218.75,-726.25,-350.0,1,94.295,
01/01/2000,01:29:58.01,18.91,-62.59,-992.35,201.25,-691.25,-385.0,1,94.287,
01/01/2000,01:29:58.02,18.91,-62.46,-992.10,70.0,-603.75,-245.0,1,94.287,
01/01/2000,01:29:58.03,18.79,-62.46,-992.10,131.25,-743.75,-376.25,1,94.288,
01/01/2000,01:29:58.04,18.79,-62.46,-992.10,113.75,-735.0,-315.0,1,94.288,
01/01/2000,01:29:58.05,18.79,-62.46,-992.35,148.75,-796.25,-358.75,1,94.289,
01/01/2000,01:29:58.06,19.03,-62.59,-992.35,148.75,-770.0,-332.50,1,94.289,
01/01/2000,01:29:58.07,18.91,-62.59,-992.23,236.25,-752.50,-341.25,1,94.290,
01/01/2000,01:29:58.08,18.79,-62.46,-991.98,43.75,-840.0,-385.0,1,94.290,
01/01/2000,01:29:58.09,18.79,-62.46,-992.10,175.0,-682.50,-341.25,1,94.291,
01/01/2000,01:29:58.10,18.91,-62.34,-992.35,131.25,-656.25,-341.25,1,94.292,
01/01/2000,01:29:58.11,19.03,-62.46,-992.47,192.50,-717.50,-315.0,1,94.292,
01/01/2000,01:29:58.12,18.79,-62.46,-992.35,218.75,-708.75,-280.0,1,94.293,
01/01/2000,01:29:58.13,18.79,-62.59,-992.10,201.25,-752.50,-385.0,1,94.293,
01/01/2000,01:29:58.15,18.91,-62.46,-992.23,43.75,-691.25,-402.50,1,94.294,
01/01/2000,01:29:58.16,19.03,-62.59,-992.35,87.50,-787.50,-428.75,1,94.294,
01/01/2000,01:29:58.17,18.91,-62.71,-992.23,52.50,-726.25,-253.75,1,94.295,
01/01/2000,01:29:58.18,18.79,-62.71,-992.23,105.0,-647.50,-437.50,1,94.295,
01/01/2000,01:29:58.19,18.79,-62.95,-992.23,297.50,-700.0,-393.75,1,94.296,
01/01/2000,01:29:58.20,19.03,-62.83,-992.10,175.0,-656.25,-358.75,1,94.296,
01/01/2000,01:29:58.21,18.79,-62.95,-992.10,245.0,-708.75,-341.25,1,94.297,
01/01/2000,01:29:58.22,18.79,-62.83,-992.23,78.75,-700.0,-341.25,1,94.289,
01/01/2000,01:29:58.23,18.79,-62.71,-992.47,157.50,-700.0,-306.25,1,94.298,
01/01/2000,01:29:58.24,18.91,-62.71,-992.47,96.25,-691.25,-393.75,1,94.290,
01/01/2000,01:29:58.25,18.91,-62.71,-992.47,131.25,-691.25,-297.50,1,94.290,
01/01/2000,01:29:58.26,18.79,-62.71,-992.47,87.50,-586.25,-358.75,1,94.291,
01/01/2000,01:29:58.27,18.67,-62.83,-992.35,183.75,-761.25,-350.0,1,94.291,
01/01/2000,01:29:58.29,18.67,-62.83,-992.10,192.50,-743.75,-402.50,1,94.292,
01/01/2000,01:29:58.30,18.54,-62.83,-992.23,210.0,-691.25,-271.25,1,94.292,
01/01/2000,01:29:58.31,18.79,-62.71,-992.35,166.25,-691.25,-288.75,1,94.293,
01/01/2000,01:29:58.32,18.67,-62.71,-992.23,271.25,-796.25,-376.25,1,94.293,
01/01/2000,01:29:58.33,18.79,-62.83,-992.23,157.50,-656.25,-350.0,1,94.294,
01/01/2000,01:29:58.34,18.67,-63.07,-992.35,105.0,-770.0,-315.0,1,94.294,
01/01/2000,01:29:58.35,18.79,-63.07,-992.35,148.75,-665.0,-376.25,1,94.295,
01/01/2000,01:29:58.36,18.79,-62.95,-992.23,148.75,-682.50,-227.50,1,94.295,
01/01/2000,01:29:58.37,18.79,-62.71,-992.10,210.0,-682.50,-280.0,1,94.296,
01/01/2000,01:29:58.38,18.79,-62.83,-992.10,43.75,-682.50,-332.50,1,94.297,
01/01/2000,01:29:58.39,18.91,-62.95,-992.10,131.25,-717.50,-306.25,1,94.297,
01/01/2000,01:29:58.40,18.79,-63.20,-992.23,201.25,-708.75,-350.0,1,94.298,
01/01/2000,01:29:58.41,18.91,-63.32,-992.23,236.25,-603.75,-376.25,1,94.298,
01/01/2000,01:29:58.42,18.79,-63.20,-992.23,113.75,-682.50,-297.50,1,94.290,
01/01/2000,01:29:58.43,18.79,-63.07,-992.35,175.0,-770.0,-420.0,1,94.290,
01/01/2000,01:29:58.44,18.79,-63.07,-992.47,148.75,-700.0,-341.25,1,94.291,
01/01/2000,01:29:58.45,18.67,-63.20,-992.47,96.25,-673.75,-428.75,1,94.292,
01/01/2000,01:29:58.46,18.79,-63.20,-992.59,280.0,-595.0,-341.25,1,94.292,
01/01/2000,01:29:58.47,18.79,-63.20,-992.59,175.0,-638.75,-358.75,1,94.293,
01/01/2000,01:29:58.48,18.67,-63.07,-992.47,131.25,-665.0,-428.75,1,94.293,
01/01/2000,01:29:58.50,18.67,-62.95,-992.71,192.50,-778.75,-315.0,1,94.285,
01/01/2000,01:29:58.51,18.79,-62.95,-992.84,131.25,-673.75,-341.25,1,94.285,
01/01/2000,01:29:58.52,18.79,-63.07,-992.84,113.75,-638.75,-306.25,1,94.286,
01/01/2000,01:29:58.53,18.79,-63.07,-992.84,52.50,-717.50,-332.50,1,94.287,
01/01/2000,01:29:58.54,18.79,-62.95,-992.84,236.25,-743.75,-402.50,1,94.287,
01/01/2000,01:29:58.55,18.91,-62.83,-992.84,166.25,-595.0,-315.0,1,94.288,
01/01/2000,01:29:58.56,18.79,-62.71,-993.08,218.75,-743.75,-315.0,1,94.288,
01/01/2000,01:29:58.58,18.91,-62.83,-993.08,271.25,-603.75,-253.75,1,94.289,
01/01/2000,01:29:58.59,18.91,-62.83,-992.96,131.25,-647.50,-332.50,1,94.289,
01/01/2000,01:29:58.60,18.91,-62.95,-992.71,201.25,-708.75,-385.0,1,94.290,
01/01/2000,01:29:58.61,19.03,-62.95,-992.59,236.25,-682.50,-332.50,1,94.290,
01/01/2000,01:29:58.62,19.03,-62.83,-992.84,227.50,-691.25,-323.75,1,94.291,
01/01/2000,01:29:58.63,19.03,-62.83,-992.84,157.50,-708.75,-271.25,1,94.291,
01/01/2000,01:29:58.64,19.03,-62.83,-992.96,87.50,-700.0,-358.75,1,94.292,
01/01/2000,01:29:58.65,19.03,-62.71,-992.84,131.25,-743.75,-367.50,1,94.292,
01/01/2000,01:29:58.66,19.03,-62.71,-992.84,262.50,-743.75,-315.0,1,94.293,
01/01/2000,01:29:58.67,19.15,-62.95,-992.84,166.25,-691.25,-367.50,1,94.293,
01/01/2000,01:29:58.68,19.15,-62.95,-992.84,245.0,-735.0,-437.50,1,94.294,
01/01/2000,01:29:58.69,19.03,-62.83,-992.96,148.75,-603.75,-332.50,1,94.294,
01/01/2000,01:29:58.70,18.91,-62.83,-992.84,175.0,-752.50,-358.75,1,94.295,
01/01/2000,01:29:58.71,18.91,-62.59,-992.84,183.75,-778.75,-166.25,1,94.295,
01/01/2000,01:29:58.72,19.03,-62.71,-992.59,148.75,-682.50,-393.75,1,94.296,
01/01/2000,01:29:58.73,19.03,-62.71,-992.59,-17.50,-691.25,-253.75,1,94.297,
01/01/2000,01:29:58.74,18.79,-62.71,-992.59,131.25,-691.25,-446.25,1,94.297,
01/01/2000,01:29:58.75,18.91,-62.71,-992.84,175.0,-778.75,-332.50,1,94.298,
01/01/2000,01:29:58.76,18.79,-62.46,-992.96,131.25,-691.25,-262.50,1,94.298,
01/01/2000,01:29:58.77,18.79,-62.59,-992.84,148.75,-586.25,-350.0,1,94.290,
01/01/2000,01:29:58.78,18.79,-62.71,-992.84,210.0,-743.75,-271.25,1,94.290,
01/01/2000,01:29:58.79,18.79,-62.71,-992.84,183.75,-647.50,-306.25,1,94.291,
01/01/2000,01:29:58.80,18.91,-62.71,-992.84,157.50,-612.50,-315.0,1,94.292,
01/01/2000,01:29:58.81,18.91,-62.71,-992.96,131.25,-630.0,-280.0,1,94.292,
01/01/2000,01:29:58.82,18.91,-62.71,-993.20,166.25,-761.25,-306.25,1,94.293,
01/01/2000,01:29:58.83,18.91,-62.71,-993.08,78.75,-665.0,-376.25,1,94.293,
01/01/2000,01:29:58.85,18.79,-62.83,-993.08,113.75,-665.0,-315.0,1,94.294,
01/01/2000,01:29:58.86,18.91,-62.83,-993.08,131.25,-577.50,-385.0,1,94.294,
01/01/2000,01:29:58.87,19.03,-62.83,-992.96,192.50,-700.0,-411.25,1,94.295,
01/01/2000,01:29:58.88,19.03,-62.83,-993.08,280.0,-612.50,-385.0,1,94.295,
01/01/2000,01:29:58.89,19.03,-62.95,-993.08,227.50,-717.50,-437.50,1,94.296,
01/01/2000,01:29:58.90,18.91,-63.07,-992.84,61.25,-761.25,-402.50,1,94.296,
01/01/2000,01:29:58.91,18.91,-63.07,-992.84,227.50,-761.25,-358.75,1,94.297,
01/01/2000,01:29:58.92,19.03,-62.95,-992.84,288.75,-735.0,-420.0,1,94.297,
01/01/2000,01:29:58.93,19.03,-62.95,-992.84,148.75,-586.25,-411.25,1,94.298,
01/01/2000,01:29:58.94,18.91,-63.07,-992.84,78.75,-700.0,-402.50,1,94.298,
01/01/2000,01:29:58.95,19.03,-63.07,-992.96,183.75,-770.0,-358.75,1,94.299,
01/01/2000,01:29:58.96,19.03,-62.95,-992.96,192.50,-726.25,-393.75,1,94.299,
01/01/2000,01:29:58.97,19.03,-62.95,-992.96,140.0,-743.75,-297.50,1,94.300,
01/01/2000,01:29:58.98,18.91,-62.83,-992.84,192.50,-638.75,-315.0,1,94.292,
01/01/2000,01:29:59.00,19.03,-62.83,-992.71,210.0,-813.75,-350.0,1,94.292,
01/01/2000,01:29:59.00,18.91,-62.95,-992.84,70.0,-778.75,-350.0,1,94.293,
01/01/2000,01:29:59.02,19.03,-62.95,-992.71,280.0,-831.25,-271.25,1,94.293,
01/01/2000,01:29:59.03,19.03,-62.71,-992.71,96.25,-770.0,-271.25,1,94.285,
01/01/2000,01:29:59.04,18.91,-62.71,-992.71,236.25,-665.0,-376.25,1,94.286,
01/01/2000,01:29:59.05,18.91,-62.71,-992.84,183.75,-691.25,-297.50,1,94.286,
01/01/2000,01:29:59.06,19.03,-62.83,-992.84,175.0,-595.0,-280.0,1,94.287,
01/01/2000,01:29:59.07,19.03,-62.83,-992.84,131.25,-717.50,-420.0,1,94.287,
01/01/2000,01:29:59.08,18.91,-62.71,-992.71,201.25,-787.50,-376.25,1,94.288,
01/01/2000,01:29:59.09,18.79,-62.71,-992.84,210.0,-778.75,-315.0,1,94.288,
01/01/2000,01:29:59.10,18.79,-62.71,-992.84,183.75,-638.75,-332.50,1,94.289,
01/01/2000,01:29:59.12,18.67,-62.71,-992.84,140.0,-647.50,-306.25,1,94.289,
01/01/2000,01:29:59.12,18.67,-62.71,-992.84,262.50,-682.50,-402.50,1,94.290,
01/01/2000,01:29:59.14,18.79,-62.59,-992.96,70.0,-752.50,-288.75,1,94.290,
01/01/2000,01:29:59.15,18.79,-62.59,-993.08,148.75,-743.75,-323.75,1,94.291,
01/01/2000,01:29:59.16,18.79,-62.46,-993.08,183.75,-735.0,-280.0,1,94.291,
01/01/2000,01:29:59.17,18.67,-62.46,-993.08,157.50,-700.0,-358.75,1,94.292,
01/01/2000,01:29:59.18,18.79,-62.22,-992.96,210.0,-778.75,-253.75,1,94.293,
01/01/2000,01:29:59.19,18.91,-62.46,-992.84,297.50,-726.25,-315.0,1,94.293,
01/01/2000,01:29:59.20,18.79,-62.46,-992.71,175.0,-708.75,-376.25,1,94.294,
01/01/2000,01:29:59.21,18.91,-62.71,-992.84,218.75,-595.0,-315.0,1,94.294,
01/01/2000,01:29:59.22,19.03,-62.71,-992.84,236.25,-586.25,-350.0,1,94.295,
01/01/2000,01:29:59.23,19.03,-62.71,-992.96,192.50,-673.75,-358.75,1,94.295,
01/01/2000,01:29:59.24,18.91,-62.71,-992.96,236.25,-700.0,-236.25,1,94.296,
01/01/2000,01:29:59.25,18.91,-62.71,-992.96,105.0,-551.25,-306.25,1,94.296,
01/01/2000,01:29:59.26,18.91,-62.83,-992.84,166.25,-717.50,-271.25,1,94.297,
01/01/2000,01:29:59.27,19.03,-62.95,-992.59,236.25,-778.75,-350.0,1,94.289,
01/01/2000,01:29:59.28,19.03,-63.07,-992.59,70.0,-621.25,-358.75,1,94.289,
01/01/2000,01:29:59.29,18.91,-62.83,-992.71,201.25,-735.0,-376.25,1,94.290,
01/01/2000,01:29:59.31,18.79,-62.83,-992.84,210.0,-778.75,-323.75,1,94.290,
01/01/2000,01:29:59.31,19.03,-62.95,-992.84,262.50,-577.50,-376.25,1,94.291,
01/01/2000,01:29:59.33,19.28,-62.95,-992.84,201.25,-665.0,-350.0,1,94.291,
01/01/2000,01:29:59.33,19.15,-63.07,-992.71,183.75,-743.75,-376.25,1,94.292,
01/01/2000,01:29:59.35,18.91,-62.95,-992.59,140.0,-717.50,-323.75,1,94.292,
01/01/2000,01:29:59.36,18.79,-62.83,-992.47,210.0,-630.0,-367.50,1,94.293,
01/01/2000,01:29:59.37,18.79,-62.71,-992.59,148.75,-673.75,-358.75,1,94.293,
01/01/2000,01:29:59.38,18.67,-62.71,-992.59,122.50,-682.50,-288.75,1,94.294,
01/01/2000,01:29:59.39,18.79,-62.71,-992.59,183.75,-656.25,-315.0,1,94.294,
01/01/2000,01:29:59.40,18.79,-62.95,-992.59,210.0,-761.25,-358.75,1,94.295,
01/01/2000,01:29:59.41,18.79,-63.07,-992.59,227.50,-700.0,-393.75,1,94.287,
01/01/2000,01:29:59.42,18.79,-62.95,-992.59,166.25,-726.25,-376.25,1,94.287,
01/01/2000,01:29:59.43,18.67,-62.83,-992.84,175.0,-717.50,-341.25,1,94.288,
01/01/2000,01:29:59.44,18.79,-62.71,-992.84,192.50,-752.50,-358.75,1,94.288,
01/01/2000,01:29:59.45,18.79,-62.71,-992.71,148.75,-647.50,-297.50,1,94.289,
01/01/2000,01:29:59.46,18.79,-62.71,-992.59,175.0,-726.25,-402.50,1,94.289,
01/01/2000,01:29:59.47,18.79,-62.71,-992.71,105.0,-726.25,-262.50,1,94.290,
01/01/2000,01:29:59.49,18.79,-62.83,-992.84,131.25,-647.50,-402.50,1,94.290,
01/01/2000,01:29:59.50,18.79,-62.71,-992.84,183.75,-726.25,-332.50,1,94.291,
01/01/2000,01:29:59.51,18.79,-62.71,-992.84,210.0,-813.75,-358.75,1,94.291,
01/01/2000,01:29:59.52,18.91,-62.59,-992.71,201.25,-761.25,-323.75,1,94.292,
01/01/2000,01:29:59.53,18.91,-62.71,-992.71,157.50,-691.25,-367.50,1,94.284,
01/01/2000,01:29:59.54,18.91,-62.71,-992.59,96.25,-586.25,-472.50,1,94.284,
01/01/2000,01:29:59.55,18.79,-62.83,-992.59,148.75,-682.50,-323.75,1,94.285,
01/01/2000,01:29:59.56,18.79,-62.71,-992.47,113.75,-612.50,-472.50,1,94.285,
01/01/2000,01:29:59.57,18.91,-62.59,-992.47,332.50,-743.75,-350.0,1,94.286,
01/01/2000,01:29:59.58,18.79,-62.59,-992.59,166.25,-621.25,-350.0,1,94.286,
01/01/2000,01:29:59.59,18.67,-62.59,-992.59,122.50,-665.0,-332.50,1,94.287,
01/01/2000,01:29:59.60,18.79,-62.59,-992.59,148.75,-708.75,-376.25,1,94.288,
01/01/2000,01:29:59.61,18.54,-62.71,-992.59,122.50,-726.25,-385.0,1,94.288,
01/01/2000,01:29:59.63,18.67,-62.59,-992.59,271.25,-796.25,-376.25,1,94.289,
01/01/2000,01:29:59.64,18.54,-62.59,-992.71,280.0,-700.0,-323.75,1,94.289,
01/01/2000,01:29:59.65,18.54,-62.46,-992.59,192.50,-726.25,-367.50,1,94.290,
01/01/2000,01:29:59.66,18.54,-62.59,-992.59,166.25,-700.0,-358.75,1,94.290,
01/01/2000,01:29:59.67,18.54,-62.71,-992.47,175.0,-761.25,-428.75,1,94.291,
01/01/2000,01:29:59.68,18.54,-62.71,-992.23,262.50,-752.50,-306.25,1,94.291,
01/01/2000,01:29:59.69,18.67,-62.83,-992.23,166.25,-673.75,-385.0,1,94.292,
01/01/2000,01:29:59.70,18.54,-62.83,-992.35,236.25,-691.25,-341.25,1,94.292,
01/01/2000,01:29:59.71,18.54,-62.83,-992.47,166.25,-805.0,-376.25,1,94.293,
01/01/2000,01:29:59.72,18.54,-62.71,-992.59,166.25,-586.25,-315.0,1,94.293,
01/01/2000,01:29:59.73,18.79,-62.71,-992.47,70.0,-621.25,-358.75,1,94.294,
01/01/2000,01:29:59.74,18.79,-62.46,-992.35,201.25,-726.25,-306.25,1,94.294,
01/01/2000,01:29:59.75,18.79,-62.46,-992.35,87.50,-787.50,-323.75,1,94.295,
01/01/2000,01:29:59.76,18.79,-62.71,-992.23,192.50,-673.75,-385.0,1,94.287,
01/01/2000,01:29:59.77,18.91,-62.71,-992.10,122.50,-761.25,-350.0,1,94.287,
01/01/2000,01:29:59.78,18.91,-62.71,-992.23,201.25,-726.25,-297.50,1,94.288,
01/01/2000,01:29:59.79,18.91,-62.59,-992.35,166.25,-743.75,-306.25,1,94.288,
01/01/2000,01:29:59.80,18.91,-62.59,-992.35,227.50,-612.50,-358.75,1,94.289,
01/01/2000,01:29:59.81,18.91,-62.71,-992.35,131.25,-726.25,-350.0,1,94.289,
01/01/2000,01:29:59.82,18.91,-62.71,-992.23,218.75,-778.75,-420.0,1,94.290,
01/01/2000,01:29:59.84,18.91,-62.71,-992.23,245.0,-840.0,-420.0,1,94.290,
01/01/2000,01:29:59.85,18.91,-62.71,-992.23,78.75,-726.25,-420.0,1,94.291,
01/01/2000,01:29:59.86,19.03,-62.59,-992.10,96.25,-761.25,-323.75,1,94.291,
01/01/2000,01:29:59.87,18.91,-62.59,-992.10,210.0,-726.25,-341.25,1,94.292,
01/01/2000,01:29:59.88,18.91,-62.71,-992.10,201.25,-708.75,-437.50,1,94.292,
01/01/2000,01:29:59.89,19.03,-62.71,-992.10,122.50,-638.75,-306.25,1,94.293,
01/01/2000,01:29:59.90,19.03,-62.71,-992.35,183.75,-700.0,-297.50,1,94.294,
01/01/2000,01:29:59.91,19.03,-62.59,-992.59,183.75,-700.0,-385.0,1,94.294,
01/01/2000,01:29:59.92,18.79,-62.46,-992.35,122.50,-656.25,-367.50,1,94.295,
01/01/2000,01:29:59.93,18.67,-62.46,-992.23,78.75,-621.25,-367.50,1,94.295,
01/01/2000,01:29:59.94,18.79,-62.46,-992.35,253.75,-682.50,-341.25,1,94.296,
01/01/2000,01:29:59.95,18.91,-62.46,-992.47,227.50,-840.0,-376.25,1,94.288,
01/01/2000,01:29:59.96,18.91,-62.46,-992.59,87.50,-770.0,-315.0,1,94.297,
01/01/2000,01:29:59.98,18.79,-62.46,-992.47,148.75,-717.50,-341.25,1,94.289,
01/01/2000,01:29:59.99,18.79,-62.22,-992.47,78.75,-691.25,-358.75,1,94.289,
01/01/2000,01:30:00.00,18.91,-62.22,-992.59,87.50,-691.25,-367.50,1,94.290,
01/01/2000,01:30:00.01,19.03,-62.22,-992.59,175.0,-700.0,-428.75,1,94.290,
01/01/2000,01:30:00.02,19.03,-62.46,-992.47,140.0,-691.25,-385.0,1,94.291,
01/01/2000,01:30:00.03,18.91,-62.34,-992.47,271.25,-700.0,-446.25,1,94.291,
01/01/2000,01:30:00.04,18.79,-62.22,-992.59,87.50,-665.0,-393.75,1,94.292,
01/01/2000,01:30:00.05,18.79,-62.10,-992.47,140.0,-691.25,-323.75,1,94.292,
01/01/2000,01:30:00.06,18.79,-62.34,-992.35,245.0,-743.75,-358.75,1,94.293,
01/01/2000,01:30:00.07,18.79,-62.46,-992.35,113.75,-717.50,-271.25,1,94.285,
01/01/2000,01:30:00.08,18.91,-62.59,-992.23,166.25,-717.50,-367.50,1,94.294,
01/01/2000,01:30:00.09,18.91,-62.59,-992.23,280.0,-752.50,-376.25,1,94.286,
01/01/2000,01:30:00.10,19.03,-62.34,-992.23,210.0,-612.50,-306.25,1,94.286,
01/01/2000,01:30:00.11,18.79,-62.22,-992.10,140.0,-665.0,-288.75,1,94.287,
01/01/2000,01:30:00.12,18.67,-62.22,-992.23,210.0,-612.50,-288.75,1,94.287,
01/01/2000,01:30:00.13,18.79,-62.22,-992.35,113.75,-647.50,-341.25,1,94.288,
01/01/2000,01:30:00.14,18.79,-62.22,-992.35,113.75,-682.50,-332.50,1,94.288,
01/01/2000,01:30:00.15,18.91,-62.22,-992.35,332.50,-682.50,-437.50,1,94.289,
01/01/2000,01:30:00.16,18.91,-62.22,-992.35,166.25,-743.75,-420.0,1,94.289,
01/01/2000,01:30:00.17,18.79,-62.34,-992.47,201.25,-621.25,-420.0,1,94.290,
01/01/2000,01:30:00.19,18.79,-62.22,-992.35,105.0,-682.50,-350.0,1,94.290,
01/01/2000,01:30:00.20,18.91,-62.22,-992.35,183.75,-700.0,-323.75,1,94.291,
01/01/2000,01:30:00.21,18.91,-62.22,-992.35,122.50,-682.50,-297.50,1,94.291,
01/01/2000,01:30:00.22,18.79,-62.46,-992.23,113.75,-708.75,-280.0,1,94.292,
01/01/2000,01:30:00.23,18.79,-62.46,-992.35,192.50,-717.50,-358.75,1,94.292,
01/01/2000,01:30:00.24,18.79,-62.59,-992.35,87.50,-630.0,-288.75,1,94.293,
01/01/2000,01:30:00.25,18.91,-62.46,-992.35,227.50,-691.25,-306.25,1,94.294,
01/01/2000,01:30:00.26,18.79,-62.46,-992.35,183.75,-726.25,-393.75,1,94.294,
01/01/2000,01:30:00.27,18.91,-62.46,-992.35,35.0,-708.75,-332.50,1,94.295,
01/01/2000,01:30:00.28,18.91,-62.46,-992.10,52.50,-717.50,-288.75,1,94.295,
01/01/2000,01:30:00.29,18.91,-62.71,-992.10,113.75,-647.50,-332.50,1,94.296,
01/01/2000,01:30:00.30,18.91,-62.71,-992.23,218.75,-717.50,-472.50,1,94.288,
01/01/2000,01:30:00.31,19.03,-62.59,-992.47,78.75,-665.0,-393.75,1,94.297,
01/01/2000,01:30:00.33,19.03,-62.46,-992.71,140.0,-752.50,-210.0,1,94.289,
01/01/2000,01:30:00.34,19.03,-62.22,-992.59,253.75,-726.25,-297.50,1,94.289,
01/01/2000,01:30:00.35,19.03,-62.59,-992.47,148.75,-770.0,-367.50,1,94.290,
01/01/2000,01:30:00.36,19.03,-62.71,-992.47,96.25,-603.75,-402.50,1,94.290,
01/01/2000,01:30:00.37,19.15,-62.83,-992.47,201.25,-603.75,-385.0,1,94.291,
01/01/2000,01:30:00.38,19.15,-62.46,-992.47,70.0,-673.75,-297.50,1,94.291,
01/01/2000,01:30:00.39,18.91,-62.46,-992.47,175.0,-770.0,-210.0,1,94.292,
01/01/2000,01:30:00.40,18.67,-62.46,-992.59,236.25,-665.0,-315.0,1,94.292,
01/01/2000,01:30:00.41,18.79,-62.59,-992.59,157.50,-708.75,-376.25,1,94.293,
01/01/2000,01:30:00.42,19.03,-62.71,-992.71,201.25,-735.0,-306.25,1,94.293,
01/01/2000,01:30:00.43,19.03,-62.59,-992.59,201.25,-708.75,-297.50,1,94.294,
01/01/2000,01:30:00.44,19.03,-62.59,-992.35,157.50,-647.50,-367.50,1,94.294,
01/01/2000,01:30:00.45,19.03,-62.59,-992.35,122.50,-673.75,-280.0,1,94.295,
01/01/2000,01:30:00.46,18.91,-62.59,-992.35,140.0,-700.0,-393.75,1,94.295,
01/01/2000,01:30:00.47,18.91,-62.71,-992.35,166.25,-726.25,-341.25,1,94.287,
01/01/2000,01:30:00.48,19.03,-62.83,-992.35,157.50,-673.75,-201.25,1,94.288,
01/01/2000,01:30:00.49,19.03,-62.83,-992.35,26.25,-743.75,-236.25,1,94.288,
01/01/2000,01:30:00.50,19.03,-62.83,-992.35,70.0,-656.25,-288.75,1,94.289,
01/01/2000,01:30:00.51,19.03,-62.83,-992.35,192.50,-673.75,-367.50,1,94.289,
01/01/2000,01:30:00.52,19.03,-62.83,-992.35,122.50,-761.25,-420.0,1,94.290,
01/01/2000,01:30:00.54,18.79,-62.95,-992.23,183.75,-691.25,-306.25,1,94.290,
01/01/2000,01:30:00.55,18.91,-62.71,-992.10,306.25,-612.50,-437.50,1,94.282,
01/01/2000,01:30:00.56,19.03,-62.71,-992.23,245.0,-691.25,-481.25,1,94.283,
01/01/2000,01:30:00.57,19.03,-62.71,-992.35,218.75,-717.50,-385.0,1,94.283,
01/01/2000,01:30:00.58,19.03,-62.59,-992.47,148.75,-638.75,-297.50,1,94.284,
01/01/2000,01:30:00.59,19.03,-62.59,-992.47,122.50,-717.50,-288.75,1,94.284,
01/01/2000,01:30:00.60,18.91,-62.46,-992.47,192.50,-612.50,-350.0,1,94.285,
01/01/2000,01:30:00.61,19.03,-62.34,-992.35,201.25,-700.0,-420.0,1,94.285,
01/01/2000,01:30:00.62,18.79,-62.46,-992.23,192.50,-822.50,-323.75,1,94.286,
01/01/2000,01:30:00.63,18.91,-62.34,-992.35,148.75,-673.75,-253.75,1,94.286,
01/01/2000,01:30:00.64,18.91,-62.46,-992.35,87.50,-577.50,-463.75,1,94.287,
01/01/2000,01:30:00.65,18.91,-62.46,-992.35,148.75,-665.0,-280.0,1,94.288,
