rtcDate,rtcTime,aX,aY,aZ,gX,gY,gZ,dataRdy,output_Hz,
01/01/2000,00:54:08.25,19.28,-48.31,-854.61,218.75,-656.25,-411.25,1,0.0,
01/01/2000,00:54:08.27,19.89,-49.53,-879.01,140.0,-647.50,-385.0,1,100.0,
01/01/2000,00:54:08.28,20.37,-50.75,-898.90,175.0,-656.25,-306.25,1,100.0,
01/01/2000,00:54:08.29,20.74,-51.36,-910.36,131.25,-682.50,-341.25,1,100.0,
01/01/2000,00:54:08.30,20.74,-52.22,-920.49,87.50,-656.25,-393.75,1,100.0,
01/01/2000,00:54:08.31,20.98,-52.70,-929.40,148.75,-700.0,-297.50,1,100.0,
01/01/2000,00:54:08.32,20.98,-53.19,-940.62,253.75,-665.0,-236.25,1,100.0,
01/01/2000,00:54:08.33,21.23,-53.44,-946.96,201.25,-638.75,-306.25,1,100.0,
01/01/2000,00:54:08.34,21.35,-53.68,-952.58,122.50,-673.75,-288.75,1,100.0,
01/01/2000,00:54:08.35,21.47,-54.05,-957.46,297.50,-665.0,-245.0,1,100.0,
01/01/2000,00:54:08.36,21.59,-54.53,-964.04,113.75,-761.25,-288.75,1,100.0,
01/01/2000,00:54:08.37,21.72,-54.78,-967.70,315.0,-630.0,-402.50,1,100.0,
01/01/2000,00:54:08.38,21.84,-54.90,-970.88,236.25,-638.75,-385.0,1,100.0,
01/01/2000,00:54:08.39,21.96,-55.27,-974.78,210.0,-735.0,-411.25,1,93.333,
01/01/2000,00:54:08.40,21.96,-55.39,-976.98,253.75,-717.50,-385.0,1,93.750,
01/01/2000,00:54:08.41,21.96,-55.51,-979.05,35.0,-761.25,-323.75,1,94.118,
01/01/2000,00:54:08.42,21.96,-55.75,-980.76,201.25,-717.50,-367.50,1,94.444,
01/01/2000,00:54:08.43,22.20,-55.75,-982.47,192.50,-735.0,-358.75,1,94.737,
01/01/2000,00:54:08.44,22.08,-55.88,-984.30,210.0,-673.75,-332.50,1,95.0,
01/01/2000,00:54:08.45,22.08,-55.88,-985.27,148.75,-691.25,-376.25,1,95.238,
01/01/2000,00:54:08.46,22.08,-55.88,-986.25,-8.75,-743.75,-385.0,1,95.455,
01/01/2000,00:54:08.47,22.20,-56.00,-987.47,192.50,-813.75,-297.50,1,95.652,
01/01/2000,00:54:08.48,22.33,-56.00,-988.44,122.50,-682.50,-358.75,1,95.833,
01/01/2000,00:54:08.49,22.45,-56.00,-989.05,96.25,-586.25,-367.50,1,96.0,
01/01/2000,00:54:08.50,22.33,-55.88,-989.42,70.0,-761.25,-306.25,1,96.154,
01/01/2000,00:54:08.51,22.33,-56.00,-990.15,105.0,-638.75,-192.50,1,96.296,
01/01/2000,00:54:08.52,22.45,-56.12,-990.52,166.25,-638.75,-341.25,1,96.429,
01/01/2000,00:54:08.54,22.45,-56.12,-990.88,148.75,-717.50,-367.50,1,96.552,
01/01/2000,00:54:08.55,22.45,-56.12,-991.25,175.0,-595.0,-332.50,1,96.667,
01/01/2000,00:54:08.56,22.33,-56.12,-991.37,96.25,-735.0,-350.0,1,96.774,
01/01/2000,00:54:08.57,22.20,-56.00,-991.62,140.0,-656.25,-376.25,1,96.875,
01/01/2000,00:54:08.58,22.33,-56.12,-992.23,183.75,-647.50,-393.75,1,96.970,
01/01/2000,00:54:08.59,22.45,-56.12,-992.47,262.50,-708.75,-315.0,1,97.059,
01/01/2000,00:54:08.60,22.33,-56.12,-992.47,280.0,-717.50,-288.75,1,97.143,
01/01/2000,00:54:08.61,22.20,-56.12,-992.35,218.75,-743.75,-367.50,1,94.595,
01/01/2000,00:54:08.62,22.20,-55.88,-992.59,148.75,-796.25,-420.0,1,97.297,
01/01/2000,00:54:08.63,22.33,-55.88,-993.08,166.25,-630.0,-315.0,1,94.872,
01/01/2000,00:54:08.64,22.45,-55.88,-993.32,218.75,-735.0,-376.25,1,95.0,
01/01/2000,00:54:08.65,22.45,-55.88,-993.32,227.50,-612.50,-262.50,1,95.122,
01/01/2000,00:54:08.66,22.33,-56.36,-993.20,166.25,-717.50,-262.50,1,95.238,
01/01/2000,00:54:08.68,22.20,-56.49,-992.59,113.75,-682.50,-411.25,1,95.349,
01/01/2000,00:54:08.69,22.20,-56.49,-992.47,87.50,-735.0,-411.25,1,95.455,
01/01/2000,00:54:08.70,22.45,-56.00,-992.84,148.75,-805.0,-271.25,1,95.556,
01/01/2000,00:54:08.71,22.45,-55.88,-993.20,218.75,-577.50,-306.25,1,95.652,
01/01/2000,00:54:08.72,22.33,-56.12,-993.32,61.25,-691.25,-297.50,1,95.745,
01/01/2000,00:54:08.73,22.20,-56.12,-993.08,26.25,-691.25,-446.25,1,95.833,
01/01/2000,00:54:08.74,22.20,-56.24,-992.71,210.0,-875.0,-446.25,1,95.918,
01/01/2000,00:54:08.75,22.20,-56.36,-992.84,87.50,-735.0,-367.50,1,96.0,
01/01/2000,00:54:08.76,22.33,-56.49,-993.08,227.50,-700.0,-350.0,1,96.078,
01/01/2000,00:54:08.77,21.96,-56.36,-993.32,131.25,-665.0,-358.75,1,94.340,
01/01/2000,00:54:08.79,21.84,-56.36,-993.08,183.75,-708.75,-306.25,1,94.444,
01/01/2000,00:54:08.80,21.96,-56.12,-993.08,201.25,-603.75,-411.25,1,94.545,
01/01/2000,00:54:08.81,22.33,-56.12,-992.96,262.50,-717.50,-297.50,1,94.643,
01/01/2000,00:54:08.82,22.20,-56.24,-992.84,175.0,-621.25,-376.25,1,94.737,
01/01/2000,00:54:08.83,21.96,-56.49,-992.96,201.25,-682.50,-367.50,1,94.828,
01/01/2000,00:54:08.84,21.96,-56.49,-993.20,271.25,-761.25,-323.75,1,94.915,
01/01/2000,00:54:08.85,22.20,-56.24,-993.32,236.25,-717.50,-288.75,1,95.0,
01/01/2000,00:54:08.86,22.33,-55.88,-993.20,78.75,-761.25,-306.25,1,95.082,
01/01/2000,00:54:08.87,22.20,-56.00,-992.96,201.25,-717.50,-236.25,1,95.161,
01/01/2000,00:54:08.88,22.08,-56.24,-992.96,253.75,-787.50,-323.75,1,95.238,
01/01/2000,00:54:08.89,22.20,-56.24,-993.08,350.0,-647.50,-358.75,1,95.313,
01/01/2000,00:54:08.90,22.45,-56.12,-993.32,87.50,-735.0,-306.25,1,95.385,
01/01/2000,00:54:08.91,22.45,-56.00,-993.32,166.25,-647.50,-367.50,1,95.455,
01/01/2000,00:54:08.92,22.45,-55.88,-992.84,131.25,-691.25,-245.0,1,95.522,
01/01/2000,00:54:08.93,22.33,-55.88,-992.84,157.50,-700.0,-288.75,1,95.588,
01/01/2000,00:54:08.94,22.33,-56.00,-992.96,183.75,-735.0,-402.50,1,95.652,
01/01/2000,00:54:08.95,22.57,-56.12,-993.32,113.75,-612.50,-332.50,1,94.366,
01/01/2000,00:54:08.96,22.45,-56.00,-993.20,175.0,-656.25,-253.75,1,94.444,
01/01/2000,00:54:08.97,22.20,-56.12,-992.71,70.0,-778.75,-411.25,1,94.521,
01/01/2000,00:54:08.98,22.20,-56.12,-992.59,148.75,-761.25,-367.50,1,94.595,
01/01/2000,00:54:08.99,22.33,-56.12,-992.84,166.25,-700.0,-350.0,1,94.667,
01/01/2000,00:54:09.00,22.33,-56.12,-993.08,61.25,-726.25,-271.25,1,94.737,
01/01/2000,00:54:09.01,22.45,-56.00,-993.20,148.75,-761.25,-288.75,1,94.805,
01/01/2000,00:54:09.03,22.33,-56.24,-992.96,210.0,-708.75,-288.75,1,94.872,
01/01/2000,00:54:09.04,22.33,-56.36,-992.84,166.25,-743.75,-367.50,1,94.937,
01/01/2000,00:54:09.05,22.57,-56.24,-993.08,192.50,-656.25,-253.75,1,95.0,
01/01/2000,00:54:09.06,22.45,-56.12,-993.08,131.25,-673.75,-367.50,1,95.062,
01/01/2000,00:54:09.07,22.45,-56.12,-992.96,192.50,-735.0,-306.25,1,95.122,
01/01/2000,00:54:09.08,22.20,-56.12,-992.84,113.75,-691.25,-358.75,1,95.181,
01/01/2000,00:54:09.09,22.20,-56.24,-992.71,70.0,-673.75,-358.75,1,95.238,
01/01/2000,00:54:09.10,22.45,-56.24,-992.84,140.0,-673.75,-306.25,1,95.294,
01/01/2000,00:54:09.11,22.45,-56.36,-992.96,157.50,-647.50,-306.25,1,95.349,
01/01/2000,00:54:09.12,22.33,-56.24,-992.96,192.50,-743.75,-428.75,1,95.402,
01/01/2000,00:54:09.13,22.33,-56.24,-992.96,218.75,-778.75,-463.75,1,95.455,
01/01/2000,00:54:09.14,22.45,-56.00,-993.08,218.75,-752.50,-385.0,1,95.506,
01/01/2000,00:54:09.15,22.57,-56.00,-992.96,157.50,-787.50,-358.75,1,95.556,
01/01/2000,00:54:09.16,22.45,-56.12,-992.96,148.75,-726.25,-245.0,1,94.565,
01/01/2000,00:54:09.17,22.57,-56.24,-993.08,201.25,-726.25,-472.50,1,94.624,
01/01/2000,00:54:09.18,22.69,-56.12,-993.08,96.25,-726.25,-306.25,1,94.681,
01/01/2000,00:54:09.19,22.69,-56.00,-992.84,236.25,-735.0,-218.75,1,94.737,
01/01/2000,00:54:09.21,22.57,-56.00,-992.59,140.0,-735.0,-393.75,1,94.792,
01/01/2000,00:54:09.21,22.45,-55.75,-992.71,122.50,-673.75,-428.75,1,94.845,
01/01/2000,00:54:09.23,22.57,-55.51,-993.08,210.0,-743.75,-367.50,1,94.898,
01/01/2000,00:54:09.24,22.94,-55.75,-993.57,105.0,-735.0,-192.50,1,94.949,
01/01/2000,00:54:09.25,22.57,-56.24,-993.20,105.0,-630.0,-306.25,1,95.0,
01/01/2000,00:54:09.26,21.96,-56.49,-992.23,210.0,-708.75,-525.0,1,95.050,
01/01/2000,00:54:09.27,22.33,-56.12,-992.23,227.50,-691.25,-446.25,1,95.098,
01/01/2000,00:54:09.28,22.81,-55.88,-992.71,43.75,-761.25,-183.75,1,94.231,
01/01/2000,00:54:09.29,22.69,-56.00,-993.08,113.75,-708.75,-262.50,1,94.286,
01/01/2000,00:54:09.30,22.20,-56.36,-992.59,87.50,-743.75,-271.25,1,94.340,
01/01/2000,00:54:09.32,22.20,-56.24,-992.10,183.75,-665.0,-507.50,1,94.393,
01/01/2000,00:54:09.33,22.57,-56.12,-992.23,122.50,-726.25,-271.25,1,94.444,
01/01/2000,00:54:09.34,22.81,-55.88,-992.71,192.50,-656.25,-332.50,1,94.495,
01/01/2000,00:54:09.35,22.57,-56.00,-992.84,105.0,-805.0,-227.50,1,94.545,
01/01/2000,00:54:09.36,22.08,-56.24,-992.59,236.25,-621.25,-245.0,1,94.595,
01/01/2000,00:54:09.37,21.96,-56.24,-992.59,157.50,-665.0,-411.25,1,94.643,
01/01/2000,00:54:09.38,22.45,-56.00,-992.71,253.75,-726.25,-367.50,1,94.690,
01/01/2000,00:54:09.39,22.69,-55.88,-992.59,210.0,-673.75,-227.50,1,94.737,
01/01/2000,00:54:09.40,22.57,-56.12,-992.35,140.0,-813.75,-175.0,1,94.783,
01/01/2000,00:54:09.41,22.08,-56.24,-992.23,43.75,-770.0,-402.50,1,94.828,
01/01/2000,00:54:09.42,21.96,-56.36,-992.47,201.25,-612.50,-446.25,1,94.872,
01/01/2000,00:54:09.43,22.33,-56.12,-992.71,113.75,-630.0,-385.0,1,94.915,
01/01/2000,00:54:09.44,22.69,-55.88,-992.59,218.75,-735.0,-280.0,1,94.958,
01/01/2000,00:54:09.45,22.45,-56.12,-992.23,157.50,-682.50,-218.75,1,95.0,
01/01/2000,00:54:09.46,22.20,-56.24,-992.10,236.25,-586.25,-428.75,1,95.041,
01/01/2000,00:54:09.47,22.33,-56.36,-992.35,52.50,-700.0,-376.25,1,95.082,
01/01/2000,00:54:09.48,22.81,-56.36,-992.71,280.0,-665.0,-350.0,1,95.122,
01/01/2000,00:54:09.49,22.69,-56.24,-992.84,227.50,-673.75,-280.0,1,95.161,
01/01/2000,00:54:09.50,22.57,-56.00,-992.35,140.0,-647.50,-358.75,1,95.200,
01/01/2000,00:54:09.51,22.45,-56.12,-992.10,148.75,-708.75,-245.0,1,95.238,
01/01/2000,00:54:09.52,22.33,-56.24,-992.59,183.75,-752.50,-358.75,1,94.531,
01/01/2000,00:54:09.53,22.57,-56.24,-992.84,306.25,-638.75,-367.50,1,94.574,
01/01/2000,00:54:09.54,22.81,-56.36,-992.84,122.50,-717.50,-253.75,1,94.615,
01/01/2000,00:54:09.55,22.81,-56.12,-992.35,218.75,-770.0,-297.50,1,94.656,
01/01/2000,00:54:09.56,22.45,-56.12,-992.35,148.75,-743.75,-245.0,1,94.697,
01/01/2000,00:54:09.57,22.57,-56.12,-992.35,96.25,-761.25,-323.75,1,94.737,
01/01/2000,00:54:09.59,22.57,-56.12,-992.47,96.25,-656.25,-393.75,1,94.776,
01/01/2000,00:54:09.60,22.45,-56.12,-992.35,271.25,-735.0,-341.25,1,94.815,
01/01/2000,00:54:09.61,22.45,-55.88,-992.23,122.50,-691.25,-323.75,1,94.853,
01/01/2000,00:54:09.62,22.69,-55.75,-992.23,8.75,-726.25,-367.50,1,94.891,
01/01/2000,00:54:09.63,22.81,-55.88,-992.35,52.50,-717.50,-280.0,1,94.928,
01/01/2000,00:54:09.64,22.45,-56.12,-992.59,140.0,-717.50,-315.0,1,94.964,
01/01/2000,00:54:09.65,22.33,-56.12,-992.47,201.25,-708.75,-516.25,1,95.0,
01/01/2000,00:54:09.66,22.45,-55.88,-992.35,148.75,-647.50,-245.0,1,95.035,
01/01/2000,00:54:09.67,22.81,-55.63,-992.23,183.75,-787.50,-210.0,1,95.070,
01/01/2000,00:54:09.68,22.57,-55.88,-992.35,35.0,-717.50,-332.50,1,95.105,
01/01/2000,00:54:09.69,22.45,-56.12,-992.47,253.75,-743.75,-323.75,1,95.139,
01/01/2000,00:54:09.70,22.45,-56.24,-992.35,210.0,-700.0,-358.75,1,95.172,
01/01/2000,00:54:09.71,22.57,-56.12,-992.35,210.0,-717.50,-385.0,1,95.205,
01/01/2000,00:54:09.72,22.81,-55.75,-992.23,183.75,-551.25,-280.0,1,95.238,
01/01/2000,00:54:09.73,22.57,-55.88,-992.10,113.75,-656.25,-280.0,1,94.631,
01/01/2000,00:54:09.75,22.45,-56.00,-992.10,96.25,-743.75,-376.25,1,94.667,
01/01/2000,00:54:09.75,22.57,-56.12,-992.47,43.75,-708.75,-428.75,1,94.702,
01/01/2000,00:54:09.77,22.81,-56.12,-992.59,210.0,-647.50,-455.0,1,94.737,
01/01/2000,00:54:09.77,22.94,-55.88,-992.35,218.75,-647.50,-262.50,1,94.771,
01/01/2000,00:54:09.79,22.45,-55.63,-992.10,61.25,-743.75,-271.25,1,94.805,
01/01/2000,00:54:09.80,22.45,-55.88,-992.23,218.75,-647.50,-481.25,1,94.231,
01/01/2000,00:54:09.81,22.69,-55.88,-992.84,166.25,-682.50,-411.25,1,94.872,
01/01/2000,00:54:09.82,22.81,-55.88,-992.84,96.25,-673.75,-315.0,1,94.304,
01/01/2000,00:54:09.83,22.69,-55.63,-992.59,148.75,-700.0,-315.0,1,94.340,
01/01/2000,00:54:09.84,22.57,-55.75,-992.35,192.50,-735.0,-306.25,1,94.375,
01/01/2000,00:54:09.85,22.45,-55.88,-992.35,140.0,-656.25,-367.50,1,94.410,
01/01/2000,00:54:09.86,22.69,-56.00,-992.84,96.25,-673.75,-341.25,1,94.444,
01/01/2000,00:54:09.87,22.81,-56.00,-992.84,288.75,-735.0,-288.75,1,94.479,
01/01/2000,00:54:09.88,22.69,-56.00,-992.59,17.50,-717.50,-288.75,1,94.512,
01/01/2000,00:54:09.89,22.45,-56.00,-992.23,175.0,-647.50,-288.75,1,94.545,
01/01/2000,00:54:09.90,22.69,-55.88,-992.23,183.75,-726.25,-280.0,1,94.578,
01/01/2000,00:54:09.91,22.81,-55.88,-992.59,131.25,-560.0,-253.75,1,94.611,
01/01/2000,00:54:09.92,22.94,-55.88,-992.96,78.75,-630.0,-358.75,1,94.643,
01/01/2000,00:54:09.93,22.81,-56.00,-992.71,183.75,-691.25,-332.50,1,94.675,
01/01/2000,00:54:09.95,22.45,-55.88,-992.10,140.0,-700.0,-376.25,1,94.706,
01/01/2000,00:54:09.96,22.57,-55.88,-992.10,192.50,-796.25,-315.0,1,94.737,
01/01/2000,00:54:09.97,22.69,-55.88,-992.35,245.0,-638.75,-280.0,1,94.767,
01/01/2000,00:54:09.98,22.69,-55.88,-992.71,96.25,-717.50,-315.0,1,94.798,
01/01/2000,00:54:09.99,22.57,-56.00,-992.84,183.75,-665.0,-385.0,1,94.828,
01/01/2000,00:54:10.00,22.45,-56.12,-992.35,218.75,-743.75,-227.50,1,94.857,
01/01/2000,00:54:10.01,22.45,-56.12,-992.23,210.0,-630.0,-323.75,1,94.350,
01/01/2000,00:54:10.02,22.57,-56.12,-992.47,175.0,-778.75,-323.75,1,94.915,
01/01/2000,00:54:10.03,22.45,-56.12,-992.59,131.25,-735.0,-350.0,1,94.413,
01/01/2000,00:54:10.04,22.20,-56.12,-992.59,166.25,-533.75,-350.0,1,94.444,
01/01/2000,00:54:10.05,22.08,-56.00,-992.35,175.0,-621.25,-411.25,1,94.475,
01/01/2000,00:54:10.06,22.20,-55.75,-992.35,210.0,-822.50,-446.25,1,94.505,
01/01/2000,00:54:10.07,22.45,-55.75,-992.35,175.0,-700.0,-315.0,1,94.536,
01/01/2000,00:54:10.09,22.45,-56.00,-992.47,105.0,-778.75,-315.0,1,94.565,
01/01/2000,00:54:10.10,22.20,-56.00,-992.47,148.75,-726.25,-332.50,1,94.595,
01/01/2000,00:54:10.11,22.20,-56.00,-992.35,218.75,-638.75,-437.50,1,94.624,
01/01/2000,00:54:10.12,22.45,-55.63,-992.10,105.0,-621.25,-297.50,1,94.652,
01/01/2000,00:54:10.13,22.45,-55.63,-992.23,306.25,-726.25,-315.0,1,94.681,
01/01/2000,00:54:10.14,22.45,-55.63,-992.23,70.0,-682.50,-271.25,1,94.709,
01/01/2000,00:54:10.15,22.20,-55.88,-992.35,157.50,-708.75,-420.0,1,94.737,
01/01/2000,00:54:10.16,22.20,-56.00,-992.35,113.75,-770.0,-402.50,1,94.764,
01/01/2000,00:54:10.17,22.20,-55.88,-992.59,148.75,-726.25,-367.50,1,94.792,
01/01/2000,00:54:10.18,22.33,-55.88,-992.47,78.75,-665.0,-262.50,1,94.819,
01/01/2000,00:54:10.19,22.20,-55.88,-992.35,26.25,-682.50,-402.50,1,94.845,
01/01/2000,00:54:10.20,22.08,-56.00,-992.47,262.50,-682.50,-288.75,1,94.872,
01/01/2000,00:54:10.21,22.08,-56.00,-992.59,262.50,-700.0,-455.0,1,94.898,
01/01/2000,00:54:10.22,22.33,-56.00,-992.59,175.0,-647.50,-367.50,1,94.444,
01/01/2000,00:54:10.23,22.33,-56.12,-992.35,52.50,-700.0,-271.25,1,94.472,
01/01/2000,00:54:10.24,22.20,-56.24,-992.35,183.75,-735.0,-428.75,1,94.500,
01/01/2000,00:54:10.25,22.45,-56.36,-992.35,113.75,-665.0,-393.75,1,94.527,
01/01/2000,00:54:10.26,22.57,-56.00,-992.35,-26.25,-682.50,-323.75,1,94.554,
01/01/2000,00:54:10.27,22.45,-56.24,-992.59,183.75,-787.50,-297.50,1,94.581,
01/01/2000,00:54:10.28,22.20,-56.12,-992.59,218.75,-700.0,-262.50,1,94.608,
01/01/2000,00:54:10.30,22.57,-56.12,-992.35,87.50,-682.50,-341.25,1,94.175,
01/01/2000,00:54:10.31,22.57,-56.12,-992.23,35.0,-595.0,-227.50,1,94.203,
01/01/2000,00:54:10.32,22.45,-56.24,-992.23,236.25,-612.50,-393.75,1,94.231,
01/01/2000,00:54:10.33,22.45,-56.12,-992.47,236.25,-603.75,-428.75,1,94.258,
01/01/2000,00:54:10.34,22.45,-56.00,-992.35,26.25,-656.25,-201.25,1,94.286,
01/01/2000,00:54:10.35,22.45,-56.00,-992.47,210.0,-743.75,-315.0,1,94.313,
01/01/2000,00:54:10.36,22.45,-55.88,-992.47,105.0,-743.75,-245.0,1,94.340,
01/01/2000,00:54:10.37,22.20,-56.12,-992.59,236.25,-708.75,-402.50,1,94.366,
01/01/2000,00:54:10.38,22.20,-56.24,-992.47,218.75,-630.0,-271.25,1,94.393,
01/01/2000,00:54:10.40,22.20,-56.36,-992.47,271.25,-708.75,-463.75,1,94.419,
01/01/2000,00:54:10.41,22.20,-56.24,-992.47,61.25,-665.0,-315.0,1,94.444,
01/01/2000,00:54:10.42,22.08,-56.12,-992.47,192.50,-621.25,-402.50,1,94.470,
01/01/2000,00:54:10.43,21.96,-56.12,-992.59,227.50,-673.75,-315.0,1,94.495,
01/01/2000,00:54:10.44,22.20,-56.12,-992.47,52.50,-673.75,-192.50,1,94.521,
01/01/2000,00:54:10.45,22.20,-56.12,-992.47,157.50,-647.50,-376.25,1,94.545,
01/01/2000,00:54:10.46,21.96,-56.36,-992.35,131.25,-726.25,-367.50,1,94.570,
01/01/2000,00:54:10.47,22.20,-56.12,-992.35,105.0,-708.75,-332.50,1,94.595,
01/01/2000,00:54:10.48,22.20,-56.00,-992.47,78.75,-630.0,-253.75,1,94.619,
01/01/2000,00:54:10.49,22.20,-55.88,-992.47,122.50,-673.75,-227.50,1,94.643,
01/01/2000,00:54:10.50,22.08,-56.00,-992.35,280.0,-743.75,-385.0,1,94.667,
01/01/2000,00:54:10.51,22.20,-55.88,-992.47,105.0,-568.75,-393.75,1,94.690,
01/01/2000,00:54:10.52,22.20,-55.88,-992.35,183.75,-831.25,-411.25,1,94.714,
01/01/2000,00:54:10.53,22.20,-55.88,-992.35,157.50,-770.0,-341.25,1,94.737,
01/01/2000,00:54:10.54,22.08,-55.88,-992.35,166.25,-630.0,-463.75,1,94.760,
01/01/2000,00:54:10.55,22.20,-55.88,-992.35,245.0,-682.50,-385.0,1,94.783,
01/01/2000,00:54:10.56,22.33,-55.75,-992.47,288.75,-577.50,-350.0,1,94.805,
01/01/2000,00:54:10.57,22.33,-56.00,-992.59,113.75,-638.75,-323.75,1,94.828,
01/01/2000,00:54:10.58,22.20,-56.12,-992.35,192.50,-717.50,-385.0,1,94.444,
01/01/2000,00:54:10.59,22.33,-55.88,-992.35,218.75,-691.25,-393.75,1,94.468,
01/01/2000,00:54:10.60,22.20,-56.00,-992.35,131.25,-647.50,-262.50,1,94.492,
01/01/2000,00:54:10.61,22.20,-56.00,-992.47,140.0,-603.75,-297.50,1,94.515,
01/01/2000,00:54:10.62,21.96,-56.00,-992.47,35.0,-630.0,-297.50,1,94.538,
01/01/2000,00:54:10.63,22.20,-56.12,-992.35,245.0,-752.50,-350.0,1,94.561,
01/01/2000,00:54:10.65,22.20,-56.12,-992.47,131.25,-778.75,-288.75,1,94.583,
01/01/2000,00:54:10.66,22.20,-56.00,-992.47,227.50,-595.0,-262.50,1,94.606,
01/01/2000,00:54:10.67,22.20,-55.88,-992.47,201.25,-770.0,-245.0,1,94.628,
01/01/2000,00:54:10.68,22.20,-55.88,-992.59,122.50,-726.25,-297.50,1,94.650,
01/01/2000,00:54:10.69,22.20,-56.00,-992.59,61.25,-778.75,-358.75,1,94.672,
01/01/2000,00:54:10.70,22.08,-56.12,-992.47,262.50,-673.75,-315.0,1,94.694,
01/01/2000,00:54:10.71,22.20,-56.00,-992.35,306.25,-673.75,-306.25,1,94.715,
01/01/2000,00:54:10.72,22.08,-55.88,-992.35,140.0,-726.25,-323.75,1,94.737,
01/01/2000,00:54:10.73,22.08,-55.88,-992.23,210.0,-700.0,-341.25,1,94.758,
01/01/2000,00:54:10.74,21.96,-56.00,-992.35,157.50,-770.0,-411.25,1,94.779,
01/01/2000,00:54:10.75,22.33,-56.00,-992.23,78.75,-647.50,-428.75,1,94.800,
01/01/2000,00:54:10.76,22.33,-56.36,-992.10,358.75,-866.25,-271.25,1,94.821,
01/01/2000,00:54:10.77,22.33,-56.12,-991.98,8.75,-682.50,-367.50,1,94.841,
01/01/2000,00:54:10.78,22.08,-56.00,-992.35,245.0,-682.50,-463.75,1,94.488,
01/01/2000,00:54:10.79,22.20,-56.00,-992.59,288.75,-665.0,-323.75,1,94.510,
01/01/2000,00:54:10.80,22.33,-55.63,-992.59,35.0,-673.75,-166.25,1,94.531,
01/01/2000,00:54:10.82,22.20,-55.75,-992.10,52.50,-743.75,-358.75,1,94.553,
01/01/2000,00:54:10.83,22.08,-56.00,-992.10,113.75,-665.0,-315.0,1,94.574,
01/01/2000,00:54:10.84,22.45,-55.88,-992.35,122.50,-638.75,-455.0,1,94.595,
01/01/2000,00:54:10.85,22.45,-55.75,-992.47,105.0,-761.25,-323.75,1,94.615,
01/01/2000,00:54:10.86,22.33,-55.88,-992.35,183.75,-665.0,-376.25,1,94.636,
01/01/2000,00:54:10.87,22.20,-55.88,-992.23,61.25,-743.75,-350.0,1,94.656,
01/01/2000,00:54:10.88,22.20,-56.12,-992.23,87.50,-700.0,-332.50,1,94.677,
01/01/2000,00:54:10.89,22.33,-56.00,-992.59,17.50,-603.75,-385.0,1,94.697,
01/01/2000,00:54:10.90,22.20,-56.12,-992.47,262.50,-708.75,-323.75,1,94.717,
01/01/2000,00:54:10.91,22.20,-55.88,-992.35,157.50,-726.25,-306.25,1,94.737,
01/01/2000,00:54:10.92,22.20,-55.88,-992.23,245.0,-761.25,-385.0,1,94.757,
01/01/2000,00:54:10.93,22.33,-55.88,-992.23,210.0,-656.25,-236.25,1,94.424,
01/01/2000,00:54:10.94,22.45,-55.75,-992.35,87.50,-735.0,-411.25,1,94.444,
01/01/2000,00:54:10.95,22.57,-55.88,-992.35,78.75,-630.0,-280.0,1,94.465,
01/01/2000,00:54:10.96,22.57,-56.00,-992.35,201.25,-743.75,-437.50,1,94.485,
01/01/2000,00:54:10.97,22.57,-56.00,-992.35,35.0,-682.50,-350.0,1,94.505,
01/01/2000,00:54:10.98,22.57,-56.00,-992.23,210.0,-673.75,-402.50,1,94.526,
01/01/2000,00:54:10.99,22.57,-56.00,-992.35,201.25,-682.50,-315.0,1,94.545,
01/01/2000,00:54:11.01,22.69,-56.00,-992.35,131.25,-673.75,-393.75,1,94.565,
01/01/2000,00:54:11.02,22.69,-56.00,-992.47,175.0,-735.0,-297.50,1,94.585,
01/01/2000,00:54:11.03,22.57,-56.00,-992.35,157.50,-708.75,-455.0,1,94.604,
01/01/2000,00:54:11.04,22.45,-55.88,-992.23,253.75,-743.75,-367.50,1,94.624,
01/01/2000,00:54:11.05,22.45,-55.88,-992.23,148.75,-682.50,-411.25,1,94.643,
01/01/2000,00:54:11.06,22.45,-55.88,-992.23,271.25,-735.0,-350.0,1,94.662,
01/01/2000,00:54:11.07,22.57,-55.88,-992.35,122.50,-735.0,-253.75,1,94.681,
01/01/2000,00:54:11.08,22.45,-56.12,-992.10,218.75,-656.25,-332.50,1,94.700,
01/01/2000,00:54:11.09,22.45,-56.12,-992.10,183.75,-630.0,-350.0,1,94.718,
01/01/2000,00:54:11.10,22.33,-56.24,-992.47,122.50,-630.0,-350.0,1,94.737,
01/01/2000,00:54:11.11,22.33,-56.12,-992.59,140.0,-708.75,-288.75,1,94.755,
01/01/2000,00:54:11.12,22.45,-56.12,-992.84,192.50,-796.25,-358.75,1,94.774,
01/01/2000,00:54:11.13,22.45,-56.12,-992.59,280.0,-787.50,-376.25,1,94.792,
01/01/2000,00:54:11.14,22.45,-56.12,-992.35,131.25,-682.50,-245.0,1,94.483,
01/01/2000,00:54:11.15,22.33,-56.12,-992.47,245.0,-656.25,-341.25,1,94.502,
01/01/2000,00:54:11.16,22.20,-56.24,-992.59,122.50,-717.50,-341.25,1,94.521,
01/01/2000,00:54:11.17,22.20,-56.12,-992.71,227.50,-796.25,-402.50,1,94.539,
01/01/2000,00:54:11.19,22.20,-56.12,-992.47,280.0,-717.50,-332.50,1,94.558,
01/01/2000,00:54:11.19,22.20,-56.00,-992.59,87.50,-708.75,-227.50,1,94.576,
01/01/2000,00:54:11.21,22.20,-56.12,-992.59,210.0,-621.25,-385.0,1,94.595,
01/01/2000,00:54:11.22,22.33,-56.12,-992.71,166.25,-630.0,-297.50,1,94.613,
01/01/2000,00:54:11.23,22.20,-56.12,-992.59,201.25,-700.0,-332.50,1,94.631,
01/01/2000,00:54:11.24,22.20,-56.12,-992.47,262.50,-752.50,-271.25,1,94.649,
01/01/2000,00:54:11.25,22.33,-56.00,-992.47,175.0,-656.25,-332.50,1,94.667,
01/01/2000,00:54:11.26,22.33,-56.12,-992.47,70.0,-665.0,-271.25,1,94.684,
01/01/2000,00:54:11.27,22.20,-56.24,-992.59,131.25,-700.0,-306.25,1,94.702,
01/01/2000,00:54:11.28,22.20,-56.36,-992.71,122.50,-682.50,-481.25,1,94.408,
01/01/2000,00:54:11.29,22.33,-56.24,-992.71,148.75,-682.50,-341.25,1,94.426,
01/01/2000,00:54:11.30,22.33,-56.12,-992.59,122.50,-752.50,-218.75,1,94.444,
01/01/2000,00:54:11.31,22.45,-56.00,-992.47,280.0,-682.50,-315.0,1,94.463,
01/01/2000,00:54:11.33,22.57,-55.88,-992.59,131.25,-673.75,-402.50,1,94.481,
01/01/2000,00:54:11.34,22.69,-55.88,-992.59,166.25,-656.25,-262.50,1,94.498,
01/01/2000,00:54:11.35,22.69,-55.88,-992.47,87.50,-726.25,-297.50,1,94.516,
01/01/2000,00:54:11.36,22.45,-55.88,-992.35,218.75,-568.75,-411.25,1,94.534,
01/01/2000,00:54:11.37,22.45,-55.88,-992.35,35.0,-638.75,-315.0,1,94.551,
01/01/2000,00:54:11.38,22.45,-55.75,-992.59,262.50,-603.75,-280.0,1,94.569,
01/01/2000,00:54:11.39,22.45,-56.12,-992.59,78.75,-665.0,-297.50,1,94.586,
01/01/2000,00:54:11.40,22.45,-56.00,-992.35,297.50,-638.75,-315.0,1,94.603,
01/01/2000,00:54:11.41,22.45,-56.12,-992.23,201.25,-700.0,-437.50,1,94.620,
01/01/2000,00:54:11.42,22.45,-56.12,-992.35,227.50,-621.25,-323.75,1,94.637,
01/01/2000,00:54:11.43,22.57,-56.12,-992.35,280.0,-743.75,-262.50,1,94.654,
01/01/2000,00:54:11.44,22.33,-56.12,-992.47,-8.75,-595.0,-271.25,1,94.671,
01/01/2000,00:54:11.45,21.72,-56.49,-992.59,385.0,-612.50,-201.25,1,94.688,
01/01/2000,00:54:11.46,22.94,-55.88,-992.35,43.75,-612.50,-595.0,1,94.704,
01/01/2000,00:54:11.47,22.94,-56.49,-991.86,437.50,-743.75,-192.50,1,94.720,
01/01/2000,00:54:11.48,22.20,-56.73,-991.98,43.75,-691.25,315.0,1,94.737,
01/01/2000,00:54:11.49,21.84,-56.61,-992.47,297.50,-743.75,-245.0,1,94.462,
01/01/2000,00:54:11.50,21.96,-56.36,-992.84,350.0,-612.50,-1050.0,1,94.479,
01/01/2000,00:54:11.51,22.94,-55.39,-992.84,35.0,-665.0,-402.50,1,94.495,
01/01/2000,00:54:11.52,22.45,-55.75,-992.35,157.50,-700.0,525.0,1,94.512,
01/01/2000,00:54:11.53,22.69,-55.88,-991.86,183.75,-603.75,-113.75,1,94.529,
01/01/2000,00:54:11.54,22.45,-56.61,-991.86,262.50,-796.25,-805.0,1,94.545,
01/01/2000,00:54:11.55,22.45,-56.49,-992.59,131.25,-708.75,-402.50,1,94.562,
01/01/2000,00:54:11.57,22.08,-56.12,-992.96,140.0,-630.0,-402.50,1,94.578,
01/01/2000,00:54:11.58,22.20,-55.51,-992.59,157.50,-691.25,-262.50,1,94.595,
01/01/2000,00:54:11.59,22.33,-55.39,-992.10,43.75,-735.0,-166.25,1,94.611,
01/01/2000,00:54:11.60,22.20,-55.63,-991.98,245.0,-691.25,-210.0,1,94.627,
01/01/2000,00:54:11.61,22.33,-56.12,-992.35,113.75,-708.75,-332.50,1,94.643,
01/01/2000,00:54:11.62,22.57,-56.36,-992.71,297.50,-691.25,-560.0,1,94.659,
01/01/2000,00:54:11.63,22.45,-55.88,-992.35,210.0,-673.75,-218.75,1,94.675,
01/01/2000,00:54:11.64,22.45,-55.51,-991.86,166.25,-770.0,-376.25,1,94.690,
01/01/2000,00:54:11.65,22.33,-55.51,-991.86,122.50,-866.25,-227.50,1,94.706,
01/01/2000,00:54:11.66,22.33,-55.63,-992.10,262.50,-525.0,-157.50,1,94.721,
01/01/2000,00:54:11.67,22.20,-56.00,-992.59,227.50,-665.0,-463.75,1,94.737,
01/01/2000,00:54:11.68,22.33,-56.24,-992.59,157.50,-700.0,-315.0,1,94.752,
01/01/2000,00:54:11.69,22.33,-56.12,-992.10,70.0,-665.0,-402.50,1,94.767,
01/01/2000,00:54:11.70,22.20,-55.75,-991.86,113.75,-708.75,-358.75,1,94.509,
01/01/2000,00:54:11.71,22.33,-55.88,-991.98,17.50,-673.75,-245.0,1,94.524,
01/01/2000,00:54:11.72,22.45,-55.88,-992.23,245.0,-682.50,-306.25,1,94.540,
01/01/2000,00:54:11.73,22.45,-56.24,-992.47,306.25,-708.75,-358.75,1,94.556,
01/01/2000,00:54:11.74,22.45,-56.24,-992.23,175.0,-603.75,-385.0,1,94.571,
01/01/2000,00:54:11.75,22.45,-56.12,-991.98,201.25,-752.50,-315.0,1,94.587,
01/01/2000,00:54:11.77,22.81,-55.88,-992.10,35.0,-761.25,-253.75,1,94.602,
01/01/2000,00:54:11.78,22.81,-56.00,-992.47,175.0,-621.25,-297.50,1,94.618,
01/01/2000,00:54:11.79,22.69,-56.00,-992.71,192.50,-726.25,-297.50,1,94.633,
01/01/2000,00:54:11.80,22.69,-56.00,-992.47,-52.50,-743.75,-411.25,1,94.648,
01/01/2000,00:54:11.81,22.57,-56.00,-992.35,236.25,-673.75,-341.25,1,94.663,
01/01/2000,00:54:11.82,22.45,-56.00,-992.35,96.25,-638.75,-288.75,1,94.678,
01/01/2000,00:54:11.83,22.69,-56.12,-992.59,175.0,-735.0,-306.25,1,94.429,
01/01/2000,00:54:11.85,22.45,-56.12,-992.59,183.75,-735.0,-288.75,1,94.444,
01/01/2000,00:54:11.86,22.20,-56.12,-992.59,140.0,-743.75,-306.25,1,94.460,
01/01/2000,00:54:11.87,22.45,-56.12,-992.35,35.0,-682.50,-262.50,1,94.475,
01/01/2000,00:54:11.88,22.45,-55.88,-992.35,157.50,-717.50,-332.50,1,94.490,
01/01/2000,00:54:11.89,22.45,-55.88,-992.47,227.50,-752.50,-306.25,1,94.505,
01/01/2000,00:54:11.90,22.33,-56.12,-992.59,131.25,-647.50,-350.0,1,94.521,
01/01/2000,00:54:11.91,22.45,-56.12,-992.47,350.0,-577.50,-402.50,1,94.536,
01/01/2000,00:54:11.92,22.57,-55.88,-992.47,192.50,-726.25,-288.75,1,94.550,
01/01/2000,00:54:11.93,22.57,-55.63,-992.47,61.25,-630.0,-210.0,1,94.565,
01/01/2000,00:54:11.94,22.45,-55.63,-992.47,78.75,-743.75,-288.75,1,94.580,
01/01/2000,00:54:11.95,22.45,-55.75,-992.59,201.25,-682.50,-218.75,1,94.595,
01/01/2000,00:54:11.96,22.33,-55.75,-992.59,131.25,-638.75,-376.25,1,94.609,
01/01/2000,00:54:11.97,22.45,-55.88,-992.47,175.0,-673.75,-297.50,1,94.624,
01/01/2000,00:54:11.98,22.45,-55.88,-992.35,175.0,-735.0,-463.75,1,94.638,
01/01/2000,00:54:11.99,22.45,-55.88,-992.35,105.0,-595.0,-323.75,1,94.652,
01/01/2000,00:54:12.00,22.33,-55.88,-992.35,183.75,-630.0,-350.0,1,94.667,
01/01/2000,00:54:12.01,22.33,-55.88,-992.59,315.0,-612.50,-393.75,1,94.681,
01/01/2000,00:54:12.02,22.45,-55.88,-992.59,218.75,-743.75,-297.50,1,94.695,
01/01/2000,00:54:12.03,22.45,-55.88,-992.35,157.50,-682.50,-297.50,1,94.709,
01/01/2000,00:54:12.04,22.20,-55.75,-992.35,192.50,-656.25,-288.75,1,94.723,
01/01/2000,00:54:12.06,22.20,-56.00,-992.59,157.50,-673.75,-280.0,1,94.488,
01/01/2000,00:54:12.07,22.20,-55.88,-992.71,122.50,-691.25,-367.50,1,94.503,
01/01/2000,00:54:12.08,22.33,-55.88,-992.47,227.50,-770.0,-262.50,1,94.517,
01/01/2000,00:54:12.09,22.20,-55.75,-992.23,35.0,-726.25,-341.25,1,94.531,
01/01/2000,00:54:12.10,22.20,-55.88,-992.35,122.50,-726.25,-236.25,1,94.545,
01/01/2000,00:54:12.11,22.33,-56.00,-992.47,131.25,-778.75,-420.0,1,94.560,
01/01/2000,00:54:12.12,22.45,-56.12,-992.47,166.25,-761.25,-376.25,1,94.574,
01/01/2000,00:54:12.13,22.69,-56.12,-992.35,148.75,-700.0,-367.50,1,94.588,
01/01/2000,00:54:12.14,22.69,-55.88,-992.47,175.0,-647.50,-376.25,1,94.602,
01/01/2000,00:54:12.15,22.69,-55.88,-992.35,236.25,-717.50,-332.50,1,94.615,
01/01/2000,00:54:12.16,22.57,-55.88,-992.35,166.25,-647.50,-341.25,1,94.629,
01/01/2000,00:54:12.17,22.57,-55.88,-992.23,35.0,-700.0,-306.25,1,94.643,
01/01/2000,00:54:12.18,22.45,-56.12,-992.35,192.50,-665.0,-288.75,1,94.656,
01/01/2000,00:54:12.19,22.45,-55.88,-992.35,113.75,-735.0,-341.25,1,94.670,
01/01/2000,00:54:12.20,22.45,-55.63,-992.35,17.50,-708.75,-306.25,1,94.444,
01/01/2000,00:54:12.21,22.45,-55.63,-992.35,183.75,-700.0,-315.0,1,94.458,
01/01/2000,00:54:12.22,22.20,-55.75,-992.47,236.25,-665.0,-411.25,1,94.472,
01/01/2000,00:54:12.23,22.57,-55.75,-992.59,183.75,-612.50,-411.25,1,94.486,
01/01/2000,00:54:12.24,22.81,-55.75,-992.35,148.75,-735.0,-332.50,1,94.500,
01/01/2000,00:54:12.25,22.57,-55.75,-992.23,78.75,-735.0,-227.50,1,94.514,
01/01/2000,00:54:12.27,22.33,-55.88,-992.23,70.0,-796.25,-428.75,1,94.527,
01/01/2000,00:54:12.28,22.45,-56.00,-992.23,218.75,-630.0,-341.25,1,94.541,
01/01/2000,00:54:12.29,22.69,-55.63,-992.35,113.75,-857.50,-288.75,1,94.554,
01/01/2000,00:54:12.30,22.57,-55.75,-992.35,122.50,-796.25,-262.50,1,94.568,
01/01/2000,00:54:12.31,22.33,-55.88,-992.23,157.50,-726.25,-393.75,1,94.581,
01/01/2000,00:54:12.32,22.45,-56.00,-992.10,87.50,-682.50,-358.75,1,94.595,
01/01/2000,00:54:12.33,22.57,-56.00,-991.98,122.50,-726.25,-332.50,1,94.608,
01/01/2000,00:54:12.35,22.33,-56.12,-991.86,78.75,-708.75,-315.0,1,94.390,
01/01/2000,00:54:12.36,22.45,-56.12,-991.86,210.0,-647.50,-393.75,1,94.404,
01/01/2000,00:54:12.37,22.57,-56.00,-991.98,280.0,-708.75,-271.25,1,94.417,
01/01/2000,00:54:12.38,22.45,-56.00,-991.98,166.25,-708.75,-271.25,1,94.431,
01/01/2000,00:54:12.39,22.45,-56.12,-991.98,17.50,-691.25,-350.0,1,94.444,
01/01/2000,00:54:12.40,22.45,-56.00,-992.10,140.0,-717.50,-306.25,1,94.458,
01/01/2000,00:54:12.41,22.45,-56.00,-991.98,166.25,-726.25,-297.50,1,94.471,
01/01/2000,00:54:12.42,22.33,-55.88,-992.10,8.75,-770.0,-341.25,1,94.484,
01/01/2000,00:54:12.43,22.33,-56.00,-992.10,122.50,-665.0,-323.75,1,94.498,
01/01/2000,00:54:12.44,22.45,-56.12,-992.10,166.25,-735.0,-297.50,1,94.511,
01/01/2000,00:54:12.45,22.45,-56.00,-992.10,253.75,-787.50,-376.25,1,94.524,
01/01/2000,00:54:12.46,22.45,-56.12,-992.23,192.50,-927.50,-367.50,1,94.537,
01/01/2000,00:54:12.47,22.45,-56.00,-992.23,201.25,-595.0,-367.50,1,94.550,
01/01/2000,00:54:12.48,22.57,-55.88,-992.10,148.75,-770.0,-393.75,1,94.563,
01/01/2000,00:54:12.49,22.57,-55.88,-992.10,122.50,-595.0,-306.25,1,94.575,
01/01/2000,00:54:12.50,22.45,-56.00,-992.10,210.0,-708.75,-332.50,1,94.588,
01/01/2000,00:54:12.51,22.45,-56.12,-992.10,122.50,-700.0,-341.25,1,94.601,
01/01/2000,00:54:12.52,22.45,-56.12,-992.23,140.0,-630.0,-393.75,1,94.614,
01/01/2000,00:54:12.53,22.57,-56.12,-992.35,201.25,-708.75,-376.25,1,94.626,
01/01/2000,00:54:12.54,22.45,-56.00,-992.35,87.50,-708.75,-323.75,1,94.639,
01/01/2000,00:54:12.55,22.45,-56.00,-992.35,227.50,-665.0,-315.0,1,94.432,
01/01/2000,00:54:12.56,22.45,-56.00,-992.35,26.25,-673.75,-411.25,1,94.444,
01/01/2000,00:54:12.57,22.45,-55.88,-992.23,87.50,-743.75,-288.75,1,94.457,
01/01/2000,00:54:12.58,22.57,-55.88,-992.35,17.50,-743.75,-245.0,1,94.470,
01/01/2000,00:54:12.59,22.45,-55.88,-992.35,183.75,-551.25,-350.0,1,94.483,
01/01/2000,00:54:12.60,22.45,-55.88,-992.47,157.50,-621.25,-367.50,1,94.495,
01/01/2000,00:54:12.62,22.45,-55.75,-992.35,26.25,-673.75,-236.25,1,94.508,
01/01/2000,00:54:12.63,22.57,-55.88,-992.35,157.50,-577.50,-341.25,1,94.521,
01/01/2000,00:54:12.64,22.57,-56.00,-992.35,201.25,-630.0,-315.0,1,94.533,
01/01/2000,00:54:12.65,22.57,-56.00,-992.35,157.50,-770.0,-350.0,1,94.545,
01/01/2000,00:54:12.66,22.57,-56.12,-992.47,192.50,-761.25,-306.25,1,94.558,
01/01/2000,00:54:12.67,22.45,-56.12,-992.35,78.75,-630.0,-315.0,1,94.570,
01/01/2000,00:54:12.68,22.57,-55.88,-992.23,140.0,-647.50,-306.25,1,94.582,
01/01/2000,00:54:12.69,22.69,-55.88,-992.10,26.25,-673.75,-280.0,1,94.382,
01/01/2000,00:54:12.70,22.69,-56.12,-992.10,201.25,-673.75,-253.75,1,94.395,
01/01/2000,00:54:12.71,22.69,-56.12,-991.98,192.50,-682.50,-323.75,1,94.407,
01/01/2000,00:54:12.72,22.69,-56.12,-992.10,192.50,-647.50,-420.0,1,94.420,
01/01/2000,00:54:12.73,22.69,-55.88,-992.23,122.50,-726.25,-376.25,1,94.432,
01/01/2000,00:54:12.74,22.45,-55.88,-992.10,157.50,-761.25,-315.0,1,94.444,
01/01/2000,00:54:12.75,22.57,-55.75,-992.10,280.0,-682.50,-280.0,1,94.457,
01/01/2000,00:54:12.77,22.57,-55.88,-991.98,166.25,-700.0,-350.0,1,94.469,
01/01/2000,00:54:12.78,22.57,-56.12,-992.10,52.50,-717.50,-323.75,1,94.481,
01/01/2000,00:54:12.79,22.57,-56.12,-992.10,201.25,-656.25,-376.25,1,94.493,
01/01/2000,00:54:12.80,22.57,-55.75,-992.10,122.50,-621.25,-367.50,1,94.505,
01/01/2000,00:54:12.81,22.57,-55.88,-992.10,271.25,-691.25,-323.75,1,94.518,
01/01/2000,00:54:12.82,22.45,-55.75,-992.10,157.50,-656.25,-323.75,1,94.530,
01/01/2000,00:54:12.83,22.45,-55.88,-992.35,218.75,-752.50,-420.0,1,94.541,
01/01/2000,00:54:12.84,22.57,-55.88,-992.35,236.25,-691.25,-306.25,1,94.553,
01/01/2000,00:54:12.86,22.57,-56.00,-992.10,183.75,-560.0,-376.25,1,94.360,
01/01/2000,00:54:12.87,22.20,-55.88,-992.23,166.25,-726.25,-367.50,1,94.372,
01/01/2000,00:54:12.88,22.45,-55.88,-992.35,236.25,-752.50,-306.25,1,94.384,
01/01/2000,00:54:12.89,22.57,-55.88,-992.35,262.50,-743.75,-288.75,1,94.397,
01/01/2000,00:54:12.90,22.45,-55.88,-992.35,288.75,-638.75,-288.75,1,94.409,
01/01/2000,00:54:12.91,22.57,-56.12,-992.10,113.75,-770.0,-411.25,1,94.421,
01/01/2000,00:54:12.92,22.45,-56.00,-992.23,210.0,-752.50,-358.75,1,94.433,
01/01/2000,00:54:12.93,22.33,-56.12,-992.23,78.75,-875.0,-297.50,1,94.444,
01/01/2000,00:54:12.94,22.33,-56.00,-992.35,122.50,-708.75,-306.25,1,94.456,
01/01/2000,00:54:12.95,22.57,-56.12,-992.59,210.0,-673.75,-402.50,1,94.468,
01/01/2000,00:54:12.96,22.57,-56.12,-992.59,218.75,-638.75,-385.0,1,94.480,
01/01/2000,00:54:12.97,22.33,-56.12,-992.47,183.75,-708.75,-376.25,1,94.492,
01/01/2000,00:54:12.98,22.45,-55.88,-992.59,122.50,-586.25,-297.50,1,94.503,
01/01/2000,00:54:12.99,22.45,-55.75,-992.71,140.0,-630.0,-306.25,1,94.515,
01/01/2000,00:54:13.00,22.33,-56.00,-992.71,35.0,-787.50,-245.0,1,94.526,
01/01/2000,00:54:13.01,21.96,-56.00,-992.71,157.50,-743.75,-315.0,1,94.340,
01/01/2000,00:54:13.02,21.96,-56.00,-992.71,236.25,-638.75,-603.75,1,94.549,
01/01/2000,00:54:13.03,22.94,-56.00,-992.23,148.75,-726.25,-463.75,1,94.363,
01/01/2000,00:54:13.05,22.20,-56.12,-992.23,35.0,-612.50,70.0,1,94.375,
01/01/2000,00:54:13.06,21.59,-56.49,-992.35,140.0,-612.50,-122.50,1,94.387,
01/01/2000,00:54:13.07,22.08,-56.36,-992.59,201.25,-638.75,-1015.0,1,94.398,
01/01/2000,00:54:13.08,22.69,-55.88,-992.59,122.50,-743.75,-210.0,1,94.410,
01/01/2000,00:54:13.09,22.45,-56.12,-992.47,236.25,-577.50,341.25,1,94.421,
01/01/2000,00:54:13.10,21.96,-56.12,-992.10,183.75,-848.75,-218.75,1,94.433,
01/01/2000,00:54:13.11,21.96,-56.49,-992.23,192.50,-770.0,-822.50,1,94.444,
01/01/2000,00:54:13.12,22.20,-56.36,-992.47,192.50,-761.25,-297.50,1,94.456,
01/01/2000,00:54:13.13,22.08,-56.12,-992.59,17.50,-638.75,-35.0,1,94.467,
01/01/2000,00:54:13.14,22.33,-56.00,-992.47,297.50,-726.25,-393.75,1,94.479,
01/01/2000,00:54:13.15,22.20,-55.88,-992.23,148.75,-673.75,-280.0,1,94.490,
01/01/2000,00:54:13.16,22.20,-56.24,-992.47,227.50,-700.0,-411.25,1,94.501,
01/01/2000,00:54:13.17,22.20,-56.36,-992.84,236.25,-778.75,-420.0,1,94.512,
01/01/2000,00:54:13.18,22.45,-56.24,-993.08,201.25,-805.0,-332.50,1,94.523,
01/01/2000,00:54:13.19,22.45,-55.88,-992.71,87.50,-761.25,-323.75,1,94.343,
01/01/2000,00:54:13.20,22.45,-55.88,-992.35,157.50,-612.50,-288.75,1,94.355,
01/01/2000,00:54:13.21,22.45,-56.12,-992.47,227.50,-516.25,-323.75,1,94.366,
01/01/2000,00:54:13.22,22.69,-56.12,-992.71,315.0,-708.75,-271.25,1,94.378,
01/01/2000,00:54:13.23,22.57,-56.36,-992.84,236.25,-638.75,-393.75,1,94.389,
01/01/2000,00:54:13.24,22.45,-56.36,-992.59,227.50,-682.50,-306.25,1,94.400,
01/01/2000,00:54:13.26,22.45,-56.12,-992.35,140.0,-831.25,-376.25,1,94.411,
01/01/2000,00:54:13.27,22.57,-56.12,-992.47,227.50,-848.75,-323.75,1,94.422,
01/01/2000,00:54:13.28,22.45,-56.12,-992.71,271.25,-630.0,-350.0,1,94.433,
01/01/2000,00:54:13.29,22.69,-56.12,-992.71,105.0,-656.25,-271.25,1,94.444,
01/01/2000,00:54:13.30,22.69,-56.12,-992.59,253.75,-691.25,-315.0,1,94.455,
01/01/2000,00:54:13.31,22.57,-56.12,-992.35,113.75,-647.50,-297.50,1,94.466,
01/01/2000,00:54:13.32,22.69,-55.88,-992.47,166.25,-621.25,-367.50,1,94.477,
01/01/2000,00:54:13.33,22.69,-56.12,-992.59,122.50,-577.50,-323.75,1,94.488,
01/01/2000,00:54:13.34,22.57,-56.24,-992.71,157.50,-761.25,-367.50,1,94.314,
01/01/2000,00:54:13.35,22.57,-56.24,-992.71,175.0,-656.25,-358.75,1,94.325,
01/01/2000,00:54:13.37,22.69,-56.00,-992.47,113.75,-691.25,-297.50,1,94.336,
01/01/2000,00:54:13.38,22.57,-56.00,-992.59,122.50,-752.50,-306.25,1,94.347,
01/01/2000,00:54:13.39,22.45,-56.12,-992.71,183.75,-691.25,-262.50,1,94.358,
01/01/2000,00:54:13.40,22.45,-56.24,-992.71,131.25,-700.0,-463.75,1,94.369,
01/01/2000,00:54:13.41,22.45,-56.24,-992.84,166.25,-568.75,-262.50,1,94.380,
01/01/2000,00:54:13.42,22.45,-56.12,-992.84,192.50,-770.0,-428.75,1,94.391,
01/01/2000,00:54:13.43,22.57,-56.12,-992.71,227.50,-787.50,-332.50,1,94.402,
01/01/2000,00:54:13.44,22.69,-56.24,-992.59,78.75,-700.0,-332.50,1,94.412,
01/01/2000,00:54:13.45,22.57,-56.36,-992.71,157.50,-665.0,-402.50,1,94.423,
01/01/2000,00:54:13.46,22.45,-56.36,-992.71,315.0,-691.25,-350.0,1,94.434,
01/01/2000,00:54:13.47,22.45,-56.24,-992.59,201.25,-743.75,-367.50,1,94.444,
01/01/2000,00:54:13.48,22.57,-56.12,-992.47,175.0,-761.25,-393.75,1,94.455,
01/01/2000,00:54:13.49,22.45,-56.12,-992.59,87.50,-665.0,-315.0,1,94.466,
01/01/2000,00:54:13.50,22.45,-56.12,-992.71,131.25,-708.75,-490.0,1,94.476,
01/01/2000,00:54:13.51,22.45,-56.12,-992.71,210.0,-761.25,-227.50,1,94.487,
01/01/2000,00:54:13.52,22.45,-56.12,-992.59,113.75,-682.50,-315.0,1,94.497,
01/01/2000,00:54:13.53,22.57,-56.12,-992.71,166.25,-735.0,-297.50,1,94.508,
01/01/2000,00:54:13.54,22.57,-56.12,-992.59,218.75,-761.25,-245.0,1,94.340,
01/01/2000,00:54:13.55,22.45,-56.12,-992.59,122.50,-691.25,-341.25,1,94.350,
01/01/2000,00:54:13.56,22.20,-56.12,-992.59,245.0,-726.25,-297.50,1,94.361,
01/01/2000,00:54:13.57,22.33,-56.00,-992.71,183.75,-691.25,-245.0,1,94.371,
01/01/2000,00:54:13.58,22.45,-55.88,-992.84,201.25,-700.0,-393.75,1,94.382,
01/01/2000,00:54:13.60,22.45,-56.00,-992.59,210.0,-857.50,-306.25,1,94.393,
01/01/2000,00:54:13.61,22.33,-56.12,-992.35,26.25,-691.25,-385.0,1,94.403,
01/01/2000,00:54:13.62,22.45,-56.24,-992.47,43.75,-682.50,-376.25,1,94.413,
01/01/2000,00:54:13.63,22.57,-56.12,-992.59,35.0,-726.25,-306.25,1,94.424,
01/01/2000,00:54:13.64,22.45,-56.00,-992.59,140.0,-630.0,-315.0,1,94.434,
01/01/2000,00:54:13.65,22.20,-56.00,-992.35,78.75,-805.0,-297.50,1,94.444,
01/01/2000,00:54:13.66,22.33,-56.12,-992.35,105.0,-787.50,-280.0,1,94.455,
01/01/2000,00:54:13.67,22.45,-56.24,-992.47,245.0,-752.50,-358.75,1,94.465,
01/01/2000,00:54:13.68,22.33,-56.12,-992.59,315.0,-717.50,-402.50,1,94.301,
01/01/2000,00:54:13.69,22.45,-56.12,-992.47,271.25,-700.0,-306.25,1,94.312,
01/01/2000,00:54:13.70,22.45,-56.12,-992.35,175.0,-708.75,-385.0,1,94.322,
01/01/2000,00:54:13.71,22.33,-56.12,-992.47,157.50,-682.50,-280.0,1,94.333,
01/01/2000,00:54:13.72,22.33,-56.12,-992.59,271.25,-665.0,-402.50,1,94.343,
01/01/2000,00:54:13.73,22.45,-56.36,-992.59,122.50,-691.25,-166.25,1,94.353,
01/01/2000,00:54:13.74,22.45,-56.49,-992.59,131.25,-778.75,-367.50,1,94.364,
01/01/2000,00:54:13.76,22.33,-56.36,-992.59,96.25,-752.50,-332.50,1,94.374,
01/01/2000,00:54:13.77,22.45,-56.36,-992.59,192.50,-682.50,-358.75,1,94.384,
01/01/2000,00:54:13.78,22.45,-56.36,-992.59,105.0,-752.50,-280.0,1,94.394,
01/01/2000,00:54:13.79,22.45,-56.36,-992.71,201.25,-656.25,-332.50,1,94.404,
01/01/2000,00:54:13.80,22.45,-56.49,-992.59,262.50,-700.0,-420.0,1,94.414,
01/01/2000,00:54:13.81,22.45,-56.36,-992.59,140.0,-743.75,-315.0,1,94.424,
01/01/2000,00:54:13.82,22.45,-56.36,-992.71,175.0,-761.25,-332.50,1,94.434,
01/01/2000,00:54:13.83,22.45,-56.36,-992.71,26.25,-717.50,-280.0,1,94.444,
01/01/2000,00:54:13.84,22.33,-56.49,-992.84,148.75,-752.50,-393.75,1,94.454,
01/01/2000,00:54:13.85,22.45,-56.36,-992.84,61.25,-603.75,-323.75,1,94.464,
01/01/2000,00:54:13.86,22.33,-56.49,-992.71,218.75,-665.0,-315.0,1,94.474,
01/01/2000,00:54:13.87,22.45,-56.36,-992.71,192.50,-638.75,-280.0,1,94.316,
01/01/2000,00:54:13.89,22.45,-56.36,-992.71,122.50,-726.25,-385.0,1,94.326,
01/01/2000,00:54:13.90,22.33,-56.36,-992.84,227.50,-603.75,-350.0,1,94.336,
01/01/2000,00:54:13.91,22.20,-56.36,-992.71,218.75,-665.0,-385.0,1,94.346,
01/01/2000,00:54:13.92,22.45,-56.36,-992.59,105.0,-717.50,-350.0,1,94.356,
01/01/2000,00:54:13.93,22.45,-56.24,-992.59,271.25,-752.50,-315.0,1,94.366,
01/01/2000,00:54:13.94,22.45,-56.36,-992.59,140.0,-708.75,-288.75,1,94.376,
01/01/2000,00:54:13.95,22.33,-56.36,-992.71,157.50,-831.25,-402.50,1,94.386,
01/01/2000,00:54:13.96,22.20,-56.36,-992.59,113.75,-691.25,-358.75,1,94.396,
01/01/2000,00:54:13.97,22.20,-56.36,-992.59,87.50,-647.50,-315.0,1,94.406,
01/01/2000,00:54:13.98,22.33,-56.36,-992.84,148.75,-656.25,-315.0,1,94.415,
01/01/2000,00:54:13.99,22.33,-56.49,-992.71,105.0,-735.0,-376.25,1,94.425,
01/01/2000,00:54:14.00,22.33,-56.49,-992.59,96.25,-743.75,-210.0,1,94.435,
01/01/2000,00:54:14.01,22.20,-56.36,-992.59,192.50,-673.75,-393.75,1,94.444,
01/01/2000,00:54:14.02,22.20,-56.36,-992.47,157.50,-700.0,-385.0,1,94.454,
01/01/2000,00:54:14.03,22.20,-56.36,-992.47,148.75,-647.50,-297.50,1,94.301,
01/01/2000,00:54:14.04,22.33,-56.24,-992.47,148.75,-638.75,-393.75,1,94.310,
01/01/2000,00:54:14.05,22.20,-56.36,-992.35,87.50,-752.50,-253.75,1,94.320,
01/01/2000,00:54:14.06,22.20,-56.24,-992.35,218.75,-682.50,-306.25,1,94.330,
01/01/2000,00:54:14.07,22.33,-56.36,-992.35,140.0,-656.25,-323.75,1,94.340,
01/01/2000,00:54:14.08,22.20,-56.24,-992.35,245.0,-700.0,-262.50,1,94.349,
01/01/2000,00:54:14.09,22.20,-56.12,-992.35,131.25,-647.50,-253.75,1,94.359,
01/01/2000,00:54:14.11,22.08,-56.24,-992.35,175.0,-665.0,-358.75,1,94.369,
01/01/2000,00:54:14.12,22.20,-56.12,-992.47,122.50,-691.25,-332.50,1,94.378,
01/01/2000,00:54:14.13,22.20,-56.24,-992.47,262.50,-717.50,-323.75,1,94.388,
01/01/2000,00:54:14.14,22.33,-56.12,-992.35,61.25,-735.0,-306.25,1,94.397,
01/01/2000,00:54:14.15,22.33,-56.24,-992.47,218.75,-647.50,-455.0,1,94.407,
01/01/2000,00:54:14.16,22.20,-56.12,-992.59,61.25,-647.50,-253.75,1,94.416,
01/01/2000,00:54:14.17,22.33,-56.24,-992.71,113.75,-700.0,-367.50,1,94.426,
01/01/2000,00:54:14.18,22.33,-56.24,-992.59,148.75,-665.0,-332.50,1,94.435,
01/01/2000,00:54:14.19,22.45,-56.24,-992.59,140.0,-621.25,-262.50,1,94.444,
01/01/2000,00:54:14.20,22.45,-56.36,-992.59,148.75,-595.0,-262.50,1,94.454,
01/01/2000,00:54:14.21,22.45,-56.36,-992.47,61.25,-813.75,-367.50,1,94.463,
01/01/2000,00:54:14.22,22.45,-56.36,-992.59,236.25,-647.50,-253.75,1,94.472,
01/01/2000,00:54:14.23,22.45,-56.36,-992.71,122.50,-708.75,-323.75,1,94.482,
01/01/2000,00:54:14.24,22.45,-56.24,-992.71,131.25,-831.25,-350.0,1,94.333,
01/01/2000,00:54:14.25,22.57,-56.24,-992.59,183.75,-717.50,-227.50,1,94.343,
01/01/2000,00:54:14.26,22.57,-56.12,-992.59,262.50,-717.50,-323.75,1,94.352,
01/01/2000,00:54:14.27,22.57,-56.12,-992.84,236.25,-761.25,-306.25,1,94.362,
01/01/2000,00:54:14.28,22.57,-56.00,-992.84,157.50,-638.75,-341.25,1,94.371,
01/01/2000,00:54:14.29,22.45,-56.00,-992.71,96.25,-682.50,-367.50,1,94.380,
01/01/2000,00:54:14.30,22.45,-56.12,-992.59,183.75,-638.75,-376.25,1,94.389,
01/01/2000,00:54:14.32,22.45,-56.12,-992.59,122.50,-735.0,-271.25,1,94.399,
01/01/2000,00:54:14.33,22.45,-56.24,-992.84,105.0,-726.25,-280.0,1,94.408,
01/01/2000,00:54:14.34,22.45,-56.12,-992.84,131.25,-761.25,-201.25,1,94.417,
01/01/2000,00:54:14.35,22.57,-56.12,-992.96,201.25,-691.25,-358.75,1,94.426,
01/01/2000,00:54:14.36,22.57,-56.00,-992.84,96.25,-708.75,-288.75,1,94.435,
01/01/2000,00:54:14.37,22.45,-56.12,-992.59,140.0,-621.25,-393.75,1,94.444,
01/01/2000,00:54:14.39,22.69,-56.00,-992.71,166.25,-630.0,-315.0,1,94.300,
01/01/2000,00:54:14.40,22.81,-56.00,-992.71,210.0,-612.50,-262.50,1,94.309,
01/01/2000,00:54:14.41,22.57,-56.12,-992.59,61.25,-778.75,-315.0,1,94.318,
01/01/2000,00:54:14.42,22.57,-56.12,-992.47,113.75,-752.50,-306.25,1,94.327,
01/01/2000,00:54:14.43,22.57,-56.24,-992.47,280.0,-691.25,-315.0,1,94.337,
01/01/2000,00:54:14.44,22.57,-56.36,-992.47,140.0,-770.0,-262.50,1,94.346,
01/01/2000,00:54:14.45,22.45,-56.24,-992.59,175.0,-770.0,-315.0,1,94.355,
01/01/2000,00:54:14.46,22.33,-56.12,-992.71,52.50,-761.25,-315.0,1,94.364,
01/01/2000,00:54:14.47,22.20,-56.24,-992.71,227.50,-630.0,-402.50,1,94.373,
01/01/2000,00:54:14.48,22.33,-56.00,-992.71,105.0,-752.50,-166.25,1,94.382,
01/01/2000,00:54:14.49,22.45,-56.12,-992.84,236.25,-708.75,-341.25,1,94.391,
01/01/2000,00:54:14.50,22.33,-56.12,-992.71,166.25,-770.0,-280.0,1,94.400,
01/01/2000,00:54:14.51,22.20,-56.36,-992.84,87.50,-682.50,-341.25,1,94.409,
01/01/2000,00:54:14.52,22.20,-56.12,-992.59,122.50,-813.75,-218.75,1,94.418,
01/01/2000,00:54:14.53,22.20,-56.12,-992.71,192.50,-595.0,-323.75,1,94.427,
01/01/2000,00:54:14.54,22.20,-56.12,-992.59,17.50,-743.75,-183.75,1,94.436,
01/01/2000,00:54:14.55,22.33,-56.12,-992.59,201.25,-603.75,-367.50,1,94.444,
01/01/2000,00:54:14.56,22.33,-56.12,-992.35,26.25,-595.0,-323.75,1,94.453,
01/01/2000,00:54:14.57,22.20,-56.12,-992.47,105.0,-717.50,-288.75,1,94.462,
01/01/2000,00:54:14.58,22.20,-56.12,-992.47,227.50,-665.0,-358.75,1,94.471,
01/01/2000,00:54:14.59,22.33,-56.00,-992.47,210.0,-603.75,-367.50,1,94.331,
01/01/2000,00:54:14.60,22.20,-56.00,-992.35,105.0,-717.50,-332.50,1,94.340,
01/01/2000,00:54:14.61,22.08,-56.00,-992.23,157.50,-735.0,-376.25,1,94.349,
01/01/2000,00:54:14.62,22.20,-55.88,-992.35,148.75,-691.25,-376.25,1,94.357,
01/01/2000,00:54:14.63,22.45,-56.00,-992.35,148.75,-700.0,-358.75,1,94.366,
01/01/2000,00:54:14.64,22.45,-56.00,-992.35,157.50,-848.75,-411.25,1,94.375,
01/01/2000,00:54:14.65,22.45,-56.12,-992.47,166.25,-700.0,-157.50,1,94.384,
01/01/2000,00:54:14.67,22.45,-56.12,-992.59,113.75,-770.0,-253.75,1,94.393,
01/01/2000,00:54:14.68,22.45,-56.12,-992.71,210.0,-612.50,-376.25,1,94.401,
01/01/2000,00:54:14.69,22.45,-56.12,-992.84,105.0,-691.25,-245.0,1,94.410,
01/01/2000,00:54:14.70,22.33,-56.12,-992.71,245.0,-647.50,-341.25,1,94.419,
01/01/2000,00:54:14.71,22.33,-56.24,-992.59,87.50,-708.75,-262.50,1,94.427,
01/01/2000,00:54:14.72,20.25,-55.75,-972.10,-87.50,-332.50,2826.25,1,94.436,
01/01/2000,00:54:14.73,10.25,-52.34,-946.60,472.50,-1391.25,2843.75,1,94.444,
01/01/2000,00:54:14.74,19.03,-59.05,-986.86,-35.0,-1522.50,-3263.75,1,94.308,
01/01/2000,00:54:14.75,28.55,-62.10,-1024.07,735.0,-350.0,-3193.75,1,94.316,
01/01/2000,00:54:14.76,30.99,-61.0,-1044.20,236.25,262.50,1233.75,1,94.325,
01/01/2000,00:54:14.77,30.13,-56.12,-1039.07,-61.25,70.0,1417.50,1,94.334,
01/01/2000,00:54:14.78,25.99,-50.87,-1002.96,691.25,-577.50,-516.25,1,94.343,
01/01/2000,00:54:14.79,23.18,-50.39,-980.15,-157.50,-945.0,-953.75,1,94.351,
01/01/2000,00:54:14.81,20.25,-58.93,-972.10,-17.50,-1303.75,1286.25,1,94.360,
01/01/2000,00:54:14.82,21.96,-62.95,-984.66,-113.75,-848.75,-1723.75,1,94.368,
01/01/2000,00:54:14.83,23.67,-63.20,-1000.40,385.0,-551.25,-2362.50,1,94.377,
01/01/2000,00:54:14.84,24.77,-55.63,-1007.72,192.50,-315.0,-288.75,1,94.385,
01/01/2000,00:54:14.85,23.06,-50.26,-1001.38,350.0,-428.75,1172.50,1,94.394,
01/01/2000,00:54:14.86,22.08,-48.31,-991.98,96.25,-533.75,857.50,1,94.402,
01/01/2000,00:54:14.87,21.35,-51.85,-984.78,122.50,-822.50,568.75,1,94.411,
01/01/2000,00:54:14.88,21.72,-60.15,-984.91,26.25,-883.75,-78.75,1,94.419,
01/01/2000,00:54:14.89,23.30,-63.20,-993.32,78.75,-735.0,-1960.0,1,94.286,
01/01/2000,00:54:14.91,23.18,-57.46,-996.01,341.25,-630.0,-1198.75,1,94.294,
01/01/2000,00:54:14.92,22.20,-52.46,-993.57,227.50,-551.25,-43.75,1,94.303,
01/01/2000,00:54:14.93,21.47,-49.78,-990.64,-26.25,-726.25,647.50,1,94.311,
01/01/2000,00:54:14.94,21.23,-51.61,-989.18,166.25,-743.75,997.50,1,94.320,
01/01/2000,00:54:14.95,21.96,-57.83,-990.88,140.0,-700.0,-122.50,1,94.328,
01/01/2000,00:54:14.96,22.94,-60.76,-992.84,192.50,-665.0,-988.75,1,94.337,
01/01/2000,00:54:14.97,23.18,-60.63,-993.20,227.50,-778.75,-1111.25,1,94.345,
01/01/2000,00:54:14.98,22.94,-56.12,-991.13,113.75,-708.75,-1137.50,1,94.354,
01/01/2000,00:54:14.99,22.20,-53.56,-990.27,245.0,-840.0,-315.0,1,94.362,
01/01/2000,00:54:15.00,21.59,-52.46,-990.88,113.75,-752.50,481.25,1,94.370,
01/01/2000,00:54:15.01,21.59,-54.05,-992.47,140.0,-656.25,551.25,1,94.379,
01/01/2000,00:54:15.02,22.20,-57.71,-993.81,358.75,-700.0,-140.0,1,94.387,
01/01/2000,00:54:15.03,22.57,-58.56,-992.96,131.25,-735.0,-883.75,1,94.395,
01/01/2000,00:54:15.04,22.69,-58.07,-991.62,70.0,-796.25,-1137.50,1,94.404,
01/01/2000,00:54:15.05,22.57,-56.73,-990.88,192.50,-857.50,-507.50,1,94.412,
01/01/2000,00:54:15.06,21.96,-54.90,-992.10,113.75,-586.25,-183.75,1,94.420,
01/01/2000,00:54:15.07,21.72,-54.66,-993.69,131.25,-656.25,201.25,1,94.428,
01/01/2000,00:54:15.08,21.72,-55.14,-994.30,157.50,-542.50,192.50,1,94.436,
01/01/2000,00:54:15.09,22.20,-56.24,-992.84,113.75,-691.25,-341.25,1,94.307,
01/01/2000,00:54:15.10,22.45,-56.73,-991.62,166.25,-717.50,-568.75,1,94.315,
01/01/2000,00:54:15.11,22.69,-56.85,-991.13,218.75,-770.0,-735.0,1,94.323,
01/01/2000,00:54:15.12,22.33,-56.61,-992.10,323.75,-708.75,-341.25,1,94.331,
01/01/2000,00:54:15.13,22.08,-56.00,-993.08,227.50,-700.0,-183.75,1,94.340,
01/01/2000,00:54:15.14,21.84,-55.51,-993.45,210.0,-586.25,-52.50,1,94.348,
01/01/2000,00:54:15.16,22.08,-55.14,-992.47,61.25,-621.25,-253.75,1,94.356,
01/01/2000,00:54:15.17,22.45,-55.63,-991.74,148.75,-691.25,-402.50,1,94.364,
01/01/2000,00:54:15.18,22.69,-56.73,-991.86,192.50,-647.50,-385.0,1,94.372,
01/01/2000,00:54:15.19,22.69,-56.97,-992.47,70.0,-735.0,-533.75,1,94.380,
01/01/2000,00:54:15.20,22.57,-56.73,-992.96,175.0,-717.50,-358.75,1,94.388,
01/01/2000,00:54:15.21,22.45,-56.00,-992.96,271.25,-735.0,-393.75,1,94.397,
01/01/2000,00:54:15.22,22.33,-55.27,-992.59,52.50,-603.75,-157.50,1,94.405,
01/01/2000,00:54:15.23,22.45,-55.14,-992.47,-8.75,-752.50,-376.25,1,94.413,
01/01/2000,00:54:15.24,22.45,-56.24,-992.84,218.75,-673.75,-332.50,1,94.421,
01/01/2000,00:54:15.25,22.45,-56.85,-993.08,122.50,-682.50,-315.0,1,94.429,
01/01/2000,00:54:15.26,22.20,-56.85,-992.84,87.50,-691.25,-306.25,1,94.437,
01/01/2000,00:54:15.27,22.20,-56.49,-992.47,78.75,-647.50,-411.25,1,94.444,
01/01/2000,00:54:15.28,22.45,-55.51,-992.10,245.0,-717.50,-297.50,1,94.452,
01/01/2000,00:54:15.29,22.33,-55.51,-992.59,218.75,-673.75,-245.0,1,94.460,
01/01/2000,00:54:15.31,22.08,-56.00,-993.20,78.75,-656.25,-245.0,1,94.334,
01/01/2000,00:54:15.31,22.20,-56.61,-993.20,183.75,-735.0,-358.75,1,94.342,
01/01/2000,00:54:15.33,22.33,-56.61,-992.71,17.50,-560.0,-297.50,1,94.350,
01/01/2000,00:54:15.34,22.57,-56.49,-992.10,306.25,-700.0,-306.25,1,94.358,
01/01/2000,00:54:15.35,22.45,-56.12,-992.35,166.25,-673.75,-280.0,1,94.366,
01/01/2000,00:54:15.36,22.33,-55.88,-992.84,192.50,-717.50,-367.50,1,94.374,
01/01/2000,00:54:15.37,22.20,-55.88,-993.20,105.0,-752.50,-253.75,1,94.382,
01/01/2000,00:54:15.38,22.20,-55.88,-993.08,183.75,-630.0,-262.50,1,94.390,
01/01/2000,00:54:15.39,22.45,-56.12,-992.59,245.0,-708.75,-306.25,1,94.398,
01/01/2000,00:54:15.40,22.45,-56.36,-992.10,78.75,-647.50,-280.0,1,94.274,
01/01/2000,00:54:15.41,22.33,-56.49,-992.35,183.75,-726.25,-393.75,1,94.282,
01/01/2000,00:54:15.42,22.08,-56.36,-992.84,96.25,-726.25,-385.0,1,94.290,
01/01/2000,00:54:15.43,21.96,-56.12,-993.08,87.50,-691.25,-350.0,1,94.298,
01/01/2000,00:54:15.45,22.20,-55.75,-992.59,96.25,-656.25,-271.25,1,94.306,
01/01/2000,00:54:15.46,22.33,-55.75,-992.23,26.25,-726.25,-253.75,1,94.313,
01/01/2000,00:54:15.47,22.33,-56.36,-992.35,175.0,-726.25,-236.25,1,94.321,
01/01/2000,00:54:15.48,22.33,-56.61,-992.71,131.25,-743.75,-551.25,1,94.329,
01/01/2000,00:54:15.49,22.33,-56.61,-992.84,105.0,-805.0,-455.0,1,94.337,
01/01/2000,00:54:15.50,22.20,-56.12,-992.96,87.50,-770.0,-350.0,1,94.345,
01/01/2000,00:54:15.51,22.20,-55.63,-992.59,148.75,-682.50,-280.0,1,94.353,
01/01/2000,00:54:15.52,22.08,-55.63,-992.47,280.0,-630.0,-271.25,1,94.360,
01/01/2000,00:54:15.53,22.20,-56.12,-992.59,140.0,-656.25,-253.75,1,94.368,
01/01/2000,00:54:15.54,22.20,-56.49,-992.84,105.0,-691.25,-367.50,1,94.376,
01/01/2000,00:54:15.55,22.20,-56.61,-992.84,166.25,-595.0,-472.50,1,94.384,
01/01/2000,00:54:15.56,22.20,-56.24,-992.84,131.25,-708.75,-358.75,1,94.391,
01/01/2000,00:54:15.57,22.20,-55.88,-992.71,166.25,-700.0,-376.25,1,94.399,
01/01/2000,00:54:15.58,22.20,-55.63,-992.84,210.0,-638.75,-306.25,1,94.407,
01/01/2000,00:54:15.59,22.33,-55.88,-992.96,236.25,-708.75,-376.25,1,94.414,
01/01/2000,00:54:15.60,22.33,-56.00,-992.96,166.25,-682.50,-341.25,1,94.422,
01/01/2000,00:54:15.61,22.45,-56.12,-992.84,122.50,-743.75,-411.25,1,94.429,
01/01/2000,00:54:15.62,22.57,-56.24,-992.59,201.25,-638.75,-306.25,1,94.437,
01/01/2000,00:54:15.63,22.45,-56.00,-992.71,78.75,-813.75,-306.25,1,94.444,
01/01/2000,00:54:15.64,22.45,-56.00,-992.96,96.25,-752.50,-253.75,1,94.324,
01/01/2000,00:54:15.66,22.45,-55.88,-993.20,323.75,-787.50,-306.25,1,94.332,
01/01/2000,00:54:15.67,22.45,-56.12,-992.96,183.75,-691.25,-341.25,1,94.340,
01/01/2000,00:54:15.68,22.45,-56.36,-992.59,236.25,-743.75,-367.50,1,94.347,
01/01/2000,00:54:15.69,22.45,-56.36,-992.47,122.50,-691.25,-323.75,1,94.355,
01/01/2000,00:54:15.70,22.57,-56.24,-992.35,271.25,-673.75,-516.25,1,94.362,
01/01/2000,00:54:15.71,22.33,-56.00,-992.71,166.25,-708.75,-315.0,1,94.370,
01/01/2000,00:54:15.72,22.20,-55.75,-992.96,157.50,-638.75,-358.75,1,94.378,
01/01/2000,00:54:15.73,22.08,-55.75,-992.84,113.75,-726.25,-315.0,1,94.385,
01/01/2000,00:54:15.74,22.33,-56.12,-992.47,87.50,-717.50,-323.75,1,94.393,
01/01/2000,00:54:15.75,22.45,-56.36,-992.35,175.0,-708.75,-315.0,1,94.400,
01/01/2000,00:54:15.76,22.45,-56.12,-992.47,175.0,-761.25,-367.50,1,94.407,
01/01/2000,00:54:15.77,22.45,-56.24,-992.59,288.75,-761.25,-253.75,1,94.415,
01/01/2000,00:54:15.78,22.45,-55.88,-992.84,131.25,-682.50,-428.75,1,94.422,
01/01/2000,00:54:15.79,22.33,-55.51,-992.71,210.0,-665.0,-245.0,1,94.305,
01/01/2000,00:54:15.80,22.33,-55.63,-992.71,227.50,-551.25,-315.0,1,94.312,
01/01/2000,00:54:15.81,22.33,-56.12,-992.71,96.25,-708.75,-297.50,1,94.320,
01/01/2000,00:54:15.82,22.57,-56.49,-992.84,175.0,-717.50,-446.25,1,94.327,
01/01/2000,00:54:15.83,22.45,-56.49,-993.08,105.0,-647.50,-385.0,1,94.335,
01/01/2000,00:54:15.84,22.33,-56.12,-993.08,122.50,-813.75,-332.50,1,94.342,
01/01/2000,00:54:15.85,22.20,-56.00,-992.84,122.50,-778.75,-306.25,1,94.350,
01/01/2000,00:54:15.87,22.20,-55.88,-992.71,166.25,-647.50,-280.0,1,94.357,
01/01/2000,00:54:15.88,22.33,-56.36,-992.71,166.25,-700.0,-402.50,1,94.364,
01/01/2000,00:54:15.89,22.45,-56.24,-992.96,227.50,-577.50,-253.75,1,94.372,
01/01/2000,00:54:15.90,22.45,-56.36,-992.84,323.75,-691.25,-472.50,1,94.379,
01/01/2000,00:54:15.91,22.45,-56.00,-992.84,245.0,-778.75,-341.25,1,94.263,
01/01/2000,00:54:15.92,22.45,-55.88,-992.84,140.0,-577.50,-297.50,1,94.271,
01/01/2000,00:54:15.94,22.45,-55.75,-993.08,105.0,-726.25,-297.50,1,94.278,
01/01/2000,00:54:15.94,22.69,-56.24,-993.20,210.0,-691.25,-323.75,1,94.286,
01/01/2000,00:54:15.96,22.69,-56.49,-993.08,245.0,-700.0,-306.25,1,94.293,
01/01/2000,00:54:15.97,22.69,-56.36,-992.96,52.50,-691.25,-315.0,1,94.301,
01/01/2000,00:54:15.98,22.69,-56.24,-992.84,262.50,-673.75,-385.0,1,94.308,
01/01/2000,00:54:15.99,22.57,-55.88,-992.96,35.0,-743.75,-280.0,1,94.315,
01/01/2000,00:54:16.00,22.57,-55.88,-993.08,70.0,-726.25,-306.25,1,94.323,
01/01/2000,00:54:16.01,22.57,-56.12,-993.08,52.50,-682.50,-323.75,1,94.330,
01/01/2000,00:54:16.02,22.69,-56.36,-992.96,113.75,-708.75,-332.50,1,94.337,
01/01/2000,00:54:16.03,22.69,-56.61,-992.84,350.0,-638.75,-323.75,1,94.344,
01/01/2000,00:54:16.04,22.69,-56.36,-992.84,271.25,-787.50,-437.50,1,94.352,
01/01/2000,00:54:16.05,22.69,-56.36,-992.84,306.25,-726.25,-315.0,1,94.359,
01/01/2000,00:54:16.06,22.45,-56.12,-992.96,96.25,-743.75,-411.25,1,94.366,
01/01/2000,00:54:16.07,22.33,-56.12,-992.84,78.75,-656.25,-367.50,1,94.373,
01/01/2000,00:54:16.08,22.45,-56.24,-992.84,175.0,-743.75,-262.50,1,94.381,
01/01/2000,00:54:16.09,22.57,-56.24,-992.71,122.50,-726.25,-315.0,1,94.388,
01/01/2000,00:54:16.10,22.45,-56.12,-992.71,166.25,-603.75,-367.50,1,94.395,
01/01/2000,00:54:16.11,22.45,-56.36,-992.59,122.50,-621.25,-323.75,1,94.402,
01/01/2000,00:54:16.12,22.33,-56.12,-992.71,113.75,-752.50,-350.0,1,94.409,
01/01/2000,00:54:16.13,22.20,-56.12,-992.71,227.50,-621.25,-288.75,1,94.416,
01/01/2000,00:54:16.14,22.33,-56.12,-992.71,70.0,-743.75,-358.75,1,94.304,
01/01/2000,00:54:16.15,22.33,-56.12,-992.71,218.75,-682.50,-332.50,1,94.311,
01/01/2000,00:54:16.17,22.45,-56.00,-992.84,148.75,-630.0,-227.50,1,94.318,
01/01/2000,00:54:16.17,22.33,-56.12,-992.59,253.75,-708.75,-367.50,1,94.325,
01/01/2000,00:54:16.19,22.20,-56.12,-992.71,17.50,-630.0,-271.25,1,94.332,
01/01/2000,00:54:16.20,22.45,-56.12,-992.84,218.75,-735.0,-367.50,1,94.340,
01/01/2000,00:54:16.21,22.45,-56.12,-992.84,323.75,-883.75,-341.25,1,94.347,
01/01/2000,00:54:16.22,22.33,-56.24,-992.59,227.50,-717.50,-350.0,1,94.354,
01/01/2000,00:54:16.23,22.20,-56.12,-992.59,253.75,-656.25,-350.0,1,94.361,
01/01/2000,00:54:16.24,22.20,-56.12,-992.59,113.75,-630.0,-411.25,1,94.368,
01/01/2000,00:54:16.25,22.20,-56.00,-992.71,332.50,-726.25,-201.25,1,94.375,
01/01/2000,00:54:16.26,22.45,-56.00,-992.96,227.50,-708.75,-358.75,1,94.382,
01/01/2000,00:54:16.27,22.33,-56.12,-993.08,61.25,-743.75,-385.0,1,94.389,
01/01/2000,00:54:16.28,22.20,-56.00,-992.84,148.75,-595.0,-402.50,1,94.396,
01/01/2000,00:54:16.29,22.20,-56.00,-992.84,358.75,-761.25,-271.25,1,94.286,
01/01/2000,00:54:16.30,22.20,-55.88,-992.96,17.50,-665.0,-192.50,1,94.293,
01/01/2000,00:54:16.31,22.33,-56.00,-992.84,192.50,-752.50,-332.50,1,94.300,
01/01/2000,00:54:16.32,22.33,-56.12,-992.84,166.25,-717.50,-341.25,1,94.307,
01/01/2000,00:54:16.33,22.20,-56.12,-992.84,227.50,-840.0,-341.25,1,94.314,
01/01/2000,00:54:16.34,22.33,-56.00,-992.59,131.25,-726.25,-297.50,1,94.321,
01/01/2000,00:54:16.36,22.20,-56.00,-992.59,87.50,-665.0,-271.25,1,94.328,
01/01/2000,00:54:16.37,22.33,-56.00,-992.71,210.0,-735.0,-245.0,1,94.335,
01/01/2000,00:54:16.38,22.20,-56.12,-992.84,218.75,-551.25,-315.0,1,94.342,
01/01/2000,00:54:16.39,22.33,-56.24,-992.71,157.50,-691.25,-420.0,1,94.349,
01/01/2000,00:54:16.40,22.33,-56.24,-992.47,236.25,-726.25,-323.75,1,94.356,
01/01/2000,00:54:16.41,22.33,-56.12,-992.35,113.75,-621.25,-253.75,1,94.363,
01/01/2000,00:54:16.42,22.45,-56.12,-992.47,236.25,-673.75,-341.25,1,94.254,
01/01/2000,00:54:16.44,22.45,-56.12,-992.71,271.25,-717.50,-350.0,1,94.261,
01/01/2000,00:54:16.45,22.81,-56.12,-992.71,218.75,-726.25,-402.50,1,94.268,
01/01/2000,00:54:16.46,22.81,-56.24,-992.59,201.25,-630.0,-297.50,1,94.275,
01/01/2000,00:54:16.47,22.81,-56.24,-992.59,166.25,-735.0,-393.75,1,94.282,
01/01/2000,00:54:16.48,22.69,-56.12,-992.59,297.50,-647.50,-280.0,1,94.289,
01/01/2000,00:54:16.49,22.69,-56.00,-992.59,43.75,-743.75,-472.50,1,94.296,
01/01/2000,00:54:16.50,22.57,-56.12,-992.84,236.25,-717.50,-297.50,1,94.303,
01/01/2000,00:54:16.51,22.57,-56.00,-992.84,96.25,-647.50,-402.50,1,94.310,
01/01/2000,00:54:16.52,22.45,-56.12,-992.96,-8.75,-770.0,-393.75,1,94.317,
01/01/2000,00:54:16.53,22.57,-56.36,-992.84,245.0,-735.0,-341.25,1,94.324,
01/01/2000,00:54:16.54,22.69,-56.36,-992.84,218.75,-656.25,-437.50,1,94.331,
01/01/2000,00:54:16.55,22.69,-56.24,-992.71,122.50,-743.75,-350.0,1,94.337,
01/01/2000,00:54:16.56,22.57,-56.12,-992.84,192.50,-717.50,-332.50,1,94.344,
01/01/2000,00:54:16.57,22.45,-56.00,-992.59,148.75,-726.25,-280.0,1,94.238,
01/01/2000,00:54:16.58,22.45,-56.00,-992.47,52.50,-673.75,-306.25,1,94.245,
01/01/2000,00:54:16.59,22.45,-56.12,-992.59,122.50,-665.0,-420.0,1,94.251,
01/01/2000,00:54:16.60,22.45,-56.12,-992.71,113.75,-630.0,-455.0,1,94.258,
01/01/2000,00:54:16.61,22.45,-56.00,-992.84,157.50,-665.0,-315.0,1,94.265,
01/01/2000,00:54:16.62,22.45,-55.88,-992.84,140.0,-822.50,-323.75,1,94.272,
01/01/2000,00:54:16.63,22.57,-55.75,-992.84,52.50,-647.50,-245.0,1,94.279,
01/01/2000,00:54:16.65,22.45,-56.00,-992.84,157.50,-813.75,-262.50,1,94.286,
01/01/2000,00:54:16.66,22.57,-55.88,-992.84,35.0,-595.0,-297.50,1,94.293,
01/01/2000,00:54:16.67,22.45,-56.12,-992.84,201.25,-682.50,-437.50,1,94.299,
01/01/2000,00:54:16.68,22.45,-56.12,-992.84,140.0,-770.0,-350.0,1,94.306,
01/01/2000,00:54:16.69,22.45,-56.00,-992.84,262.50,-665.0,-393.75,1,94.313,
01/01/2000,00:54:16.70,22.45,-56.00,-992.84,201.25,-577.50,-341.25,1,94.320,
01/01/2000,00:54:16.71,22.57,-55.88,-992.71,201.25,-700.0,-420.0,1,94.326,
01/01/2000,00:54:16.72,22.45,-55.88,-992.84,192.50,-612.50,-393.75,1,94.333,
01/01/2000,00:54:16.73,22.57,-55.88,-992.84,105.0,-691.25,-332.50,1,94.340,
01/01/2000,00:54:16.74,22.57,-55.88,-992.84,183.75,-770.0,-385.0,1,94.346,
01/01/2000,00:54:16.75,22.57,-56.12,-992.71,140.0,-761.25,-253.75,1,94.353,
01/01/2000,00:54:16.76,22.57,-56.24,-992.59,236.25,-708.75,-376.25,1,94.360,
01/01/2000,00:54:16.77,22.69,-56.00,-992.59,61.25,-647.50,-315.0,1,94.366,
01/01/2000,00:54:16.78,22.57,-56.12,-992.59,245.0,-717.50,-323.75,1,94.262,
01/01/2000,00:54:16.79,22.57,-56.12,-992.59,175.0,-656.25,-420.0,1,94.269,
01/01/2000,00:54:16.80,22.57,-56.24,-992.71,245.0,-665.0,-437.50,1,94.276,
01/01/2000,00:54:16.81,22.57,-56.12,-992.71,122.50,-630.0,-262.50,1,94.282,
01/01/2000,00:54:16.82,22.45,-56.00,-992.71,96.25,-726.25,-280.0,1,94.289,
01/01/2000,00:54:16.83,22.45,-56.12,-992.84,131.25,-735.0,-332.50,1,94.296,
01/01/2000,00:54:16.85,22.45,-56.00,-993.08,253.75,-682.50,-350.0,1,94.302,
01/01/2000,00:54:16.86,22.45,-56.12,-992.96,131.25,-656.25,-393.75,1,94.309,
01/01/2000,00:54:16.87,22.57,-56.36,-992.96,367.50,-717.50,-262.50,1,94.316,
01/01/2000,00:54:16.88,22.45,-56.12,-992.96,157.50,-700.0,-350.0,1,94.322,
01/01/2000,00:54:16.89,22.45,-56.12,-992.71,227.50,-665.0,-341.25,1,94.329,
01/01/2000,00:54:16.90,22.45,-56.00,-992.71,78.75,-691.25,-402.50,1,94.335,
01/01/2000,00:54:16.91,22.45,-56.24,-992.71,271.25,-778.75,-358.75,1,94.342,
01/01/2000,00:54:16.92,22.57,-56.12,-992.84,96.25,-726.25,-411.25,1,94.348,
01/01/2000,00:54:16.94,22.69,-56.24,-992.71,113.75,-717.50,-227.50,1,94.246,
01/01/2000,00:54:16.95,22.69,-56.24,-992.59,122.50,-761.25,-350.0,1,94.253,
01/01/2000,00:54:16.96,22.69,-56.24,-992.59,35.0,-656.25,-306.25,1,94.259,
01/01/2000,00:54:16.97,22.81,-56.36,-992.71,227.50,-700.0,-297.50,1,94.266,
01/01/2000,00:54:16.98,22.69,-56.12,-992.59,183.75,-673.75,-271.25,1,94.273,
01/01/2000,00:54:16.99,22.69,-56.00,-992.59,122.50,-682.50,-288.75,1,94.279,
01/01/2000,00:54:17.00,22.57,-56.00,-992.71,192.50,-665.0,-323.75,1,94.286,
01/01/2000,00:54:17.01,22.57,-56.12,-992.71,131.25,-708.75,-393.75,1,94.292,
01/01/2000,00:54:17.02,22.69,-56.00,-992.84,113.75,-612.50,-297.50,1,94.299,
01/01/2000,00:54:17.03,22.81,-56.24,-992.71,253.75,-735.0,-323.75,1,94.305,
01/01/2000,00:54:17.04,22.45,-56.00,-992.59,271.25,-700.0,-341.25,1,94.312,
01/01/2000,00:54:17.05,22.33,-56.12,-992.59,96.25,-848.75,-332.50,1,94.318,
01/01/2000,00:54:17.06,22.45,-56.24,-992.71,148.75,-743.75,-358.75,1,94.325,
01/01/2000,00:54:17.07,22.45,-56.00,-992.96,61.25,-761.25,-288.75,1,94.331,
01/01/2000,00:54:17.08,22.45,-56.12,-992.84,122.50,-752.50,-245.0,1,94.337,
01/01/2000,00:54:17.09,22.45,-56.24,-992.84,218.75,-568.75,-306.25,1,94.237,
01/01/2000,00:54:17.10,22.45,-56.24,-992.71,131.25,-673.75,-297.50,1,94.350,
01/01/2000,00:54:17.11,22.45,-56.24,-992.71,148.75,-630.0,-332.50,1,94.250,
01/01/2000,00:54:17.12,22.45,-56.12,-992.84,218.75,-621.25,-420.0,1,94.257,
01/01/2000,00:54:17.14,22.45,-56.00,-992.84,166.25,-813.75,-332.50,1,94.263,
01/01/2000,00:54:17.15,22.45,-56.24,-992.96,157.50,-743.75,-350.0,1,94.270,
01/01/2000,00:54:17.16,22.45,-56.36,-992.96,210.0,-586.25,-455.0,1,94.276,
01/01/2000,00:54:17.17,22.57,-56.36,-992.96,96.25,-700.0,-306.25,1,94.283,
01/01/2000,00:54:17.18,22.69,-56.36,-992.84,227.50,-743.75,-376.25,1,94.289,
01/01/2000,00:54:17.19,22.45,-56.12,-992.96,105.0,-787.50,-245.0,1,94.295,
01/01/2000,00:54:17.20,22.45,-56.12,-993.08,166.25,-595.0,-437.50,1,94.302,
01/01/2000,00:54:17.21,22.33,-56.24,-992.84,148.75,-717.50,-358.75,1,94.308,
01/01/2000,00:54:17.22,22.45,-56.24,-992.71,-35.0,-717.50,-210.0,1,94.314,
01/01/2000,00:54:17.23,22.45,-56.36,-992.71,140.0,-630.0,-288.75,1,94.321,
01/01/2000,00:54:17.24,22.45,-56.36,-992.84,166.25,-665.0,-411.25,1,94.327,
01/01/2000,00:54:17.25,22.57,-56.36,-992.84,332.50,-735.0,-358.75,1,94.333,
01/01/2000,00:54:17.26,22.33,-56.12,-992.84,96.25,-656.25,-271.25,1,94.340,
01/01/2000,00:54:17.27,22.33,-56.24,-992.84,218.75,-796.25,-323.75,1,94.346,
01/01/2000,00:54:17.28,22.45,-56.12,-992.71,236.25,-647.50,-288.75,1,94.248,
01/01/2000,00:54:17.29,22.45,-56.00,-992.84,157.50,-691.25,-402.50,1,94.254,
01/01/2000,00:54:17.30,22.45,-56.12,-992.84,52.50,-726.25,-332.50,1,94.260,
01/01/2000,00:54:17.31,22.45,-56.12,-992.84,280.0,-743.75,-315.0,1,94.267,
01/01/2000,00:54:17.32,22.57,-56.12,-992.71,105.0,-717.50,-393.75,1,94.273,
01/01/2000,00:54:17.33,22.45,-56.12,-992.84,192.50,-708.75,-297.50,1,94.279,
01/01/2000,00:54:17.35,22.57,-55.88,-992.84,122.50,-647.50,-271.25,1,94.286,
01/01/2000,00:54:17.36,22.57,-56.00,-992.84,166.25,-621.25,-455.0,1,94.292,
01/01/2000,00:54:17.37,22.45,-55.88,-992.84,227.50,-647.50,-227.50,1,94.298,
01/01/2000,00:54:17.38,22.45,-55.88,-992.96,96.25,-665.0,-420.0,1,94.304,
01/01/2000,00:54:17.39,22.69,-56.12,-992.96,43.75,-577.50,-297.50,1,94.311,
01/01/2000,00:54:17.40,22.57,-56.12,-993.08,218.75,-752.50,-463.75,1,94.317,
01/01/2000,00:54:17.41,22.69,-56.00,-993.08,157.50,-673.75,-332.50,1,94.323,
01/01/2000,00:54:17.42,22.69,-55.63,-993.08,87.50,-612.50,-262.50,1,94.227,
01/01/2000,00:54:17.43,22.69,-55.88,-992.96,157.50,-743.75,-323.75,1,94.233,
01/01/2000,00:54:17.45,22.69,-55.88,-992.96,35.0,-630.0,-323.75,1,94.239,
01/01/2000,00:54:17.46,22.81,-56.12,-992.96,350.0,-805.0,-595.0,1,94.245,
01/01/2000,00:54:17.47,22.81,-55.75,-993.08,-43.75,-682.50,-962.50,1,94.252,
01/01/2000,00:54:17.48,22.69,-55.63,-992.84,192.50,-761.25,-1102.50,1,94.258,
01/01/2000,00:54:17.49,22.69,-55.27,-992.84,201.25,-840.0,-1251.25,1,94.264,
01/01/2000,00:54:17.50,22.81,-55.02,-992.84,262.50,-708.75,-2476.25,1,94.168,
01/01/2000,00:54:17.51,22.81,-55.14,-992.96,201.25,-805.0,-3150.0,1,94.175,
01/01/2000,00:54:17.52,22.94,-55.39,-992.84,227.50,-743.75,-2957.50,1,94.181,
01/01/2000,00:54:17.53,22.94,-55.51,-992.84,122.50,-630.0,-3088.75,1,94.187,
01/01/2000,00:54:17.54,22.69,-55.63,-992.84,157.50,-953.75,-3596.25,1,94.194,
01/01/2000,00:54:17.55,22.69,-55.75,-992.84,262.50,-805.0,-5048.75,1,94.200,
01/01/2000,00:54:17.56,22.69,-55.51,-992.84,96.25,-936.25,-6098.75,1,94.206,
01/01/2000,00:54:17.57,22.69,-55.88,-992.96,481.25,-892.50,-6825.0,1,94.212,
01/01/2000,00:54:17.58,22.69,-55.51,-992.96,148.75,-910.0,-8505.0,1,94.218,
01/01/2000,00:54:17.59,22.69,-55.51,-992.84,236.25,-980.0,-9747.50,1,94.225,
01/01/2000,00:54:17.60,22.69,-55.63,-992.84,315.0,-936.25,-11322.50,1,94.231,
01/01/2000,00:54:17.61,22.57,-55.63,-992.84,227.50,-1023.75,-12932.50,1,94.237,
01/01/2000,00:54:17.62,22.57,-55.88,-992.96,411.25,-1085.0,-14070.0,1,94.243,
01/01/2000,00:54:17.64,22.57,-56.00,-992.96,446.25,-1146.25,-14875.0,1,94.249,
01/01/2000,00:54:17.65,22.57,-56.00,-992.84,315.0,-1032.50,-14245.0,1,94.255,
01/01/2000,00:54:17.66,22.45,-56.24,-992.71,245.0,-1111.25,-12705.0,1,94.261,
01/01/2000,00:54:17.67,22.33,-56.36,-992.59,105.0,-840.0,-9213.75,1,94.268,
01/01/2000,00:54:17.68,22.45,-56.61,-992.59,350.0,-918.75,-6720.0,1,94.274,
01/01/2000,00:54:17.69,22.33,-56.73,-992.59,175.0,-840.0,-4401.25,1,94.280,
01/01/2000,00:54:17.70,22.45,-56.85,-992.59,253.75,-857.50,-3220.0,1,94.286,
01/01/2000,00:54:17.71,22.33,-56.49,-992.59,192.50,-708.75,-3526.25,1,94.292,
01/01/2000,00:54:17.72,22.20,-56.49,-992.59,297.50,-883.75,-4462.50,1,94.298,
01/01/2000,00:54:17.73,22.20,-56.49,-992.59,288.75,-778.75,-5136.25,1,94.304,
01/01/2000,00:54:17.74,22.45,-56.36,-992.71,245.0,-866.25,-5337.50,1,94.310,
01/01/2000,00:54:17.75,22.57,-56.49,-992.59,236.25,-805.0,-5381.25,1,94.316,
01/01/2000,00:54:17.76,22.57,-56.49,-992.59,315.0,-980.0,-4917.50,1,94.322,
01/01/2000,00:54:17.77,22.45,-56.73,-992.71,52.50,-752.50,-3762.50,1,94.229,
01/01/2000,00:54:17.78,22.45,-56.97,-992.71,140.0,-743.75,-2721.25,1,94.235,
01/01/2000,00:54:17.79,22.33,-56.85,-992.84,175.0,-673.75,-2126.25,1,94.241,
01/01/2000,00:54:17.80,22.33,-56.36,-992.96,61.25,-665.0,-1592.50,1,94.247,
01/01/2000,00:54:17.81,22.45,-56.49,-992.96,358.75,-743.75,-1181.25,1,94.253,
01/01/2000,00:54:17.82,22.33,-56.36,-992.84,140.0,-761.25,-1233.75,1,94.259,
01/01/2000,00:54:17.84,22.45,-56.49,-992.71,218.75,-665.0,-962.50,1,94.265,
01/01/2000,00:54:17.85,22.45,-56.24,-992.84,61.25,-682.50,-1093.75,1,94.271,
01/01/2000,00:54:17.86,22.45,-56.24,-992.84,140.0,-656.25,-1023.75,1,94.277,
01/01/2000,00:54:17.87,22.33,-56.12,-992.71,87.50,-726.25,-621.25,1,94.283,
01/01/2000,00:54:17.88,22.20,-56.12,-992.59,131.25,-656.25,-472.50,1,94.289,
01/01/2000,00:54:17.89,22.45,-56.24,-992.35,52.50,-796.25,-350.0,1,94.295,
01/01/2000,00:54:17.90,22.20,-56.36,-992.35,210.0,-691.25,-586.25,1,94.301,
01/01/2000,00:54:17.91,22.45,-56.36,-992.47,253.75,-638.75,-682.50,1,94.209,
01/01/2000,00:54:17.92,22.33,-56.24,-992.35,367.50,-577.50,-367.50,1,94.215,
01/01/2000,00:54:17.93,22.33,-55.88,-992.35,183.75,-726.25,-437.50,1,94.221,
01/01/2000,00:54:17.94,22.33,-56.00,-992.35,131.25,-778.75,-472.50,1,94.227,
01/01/2000,00:54:17.96,22.57,-56.00,-992.35,148.75,-621.25,-411.25,1,94.233,
01/01/2000,00:54:17.97,22.57,-56.00,-992.35,87.50,-665.0,-446.25,1,94.239,
01/01/2000,00:54:17.98,22.45,-56.12,-992.35,183.75,-770.0,-586.25,1,94.245,
01/01/2000,00:54:17.99,22.45,-55.88,-992.35,-17.50,-743.75,-630.0,1,94.251,
01/01/2000,00:54:18.00,22.45,-56.00,-992.35,157.50,-691.25,-420.0,1,94.256,
01/01/2000,00:54:18.01,22.33,-55.88,-992.35,157.50,-665.0,-350.0,1,94.262,
01/01/2000,00:54:18.02,22.45,-55.88,-992.35,201.25,-665.0,-262.50,1,94.268,
01/01/2000,00:54:18.03,22.33,-56.12,-992.35,148.75,-726.25,-367.50,1,94.274,
01/01/2000,00:54:18.04,22.45,-56.12,-992.35,131.25,-813.75,-332.50,1,94.280,
01/01/2000,00:54:18.05,22.45,-56.00,-992.23,157.50,-630.0,-376.25,1,94.286,
01/01/2000,00:54:18.06,22.45,-56.12,-992.23,105.0,-700.0,-306.25,1,94.292,
01/01/2000,00:54:18.07,22.33,-56.00,-992.35,227.50,-682.50,-323.75,1,94.297,
01/01/2000,00:54:18.08,22.20,-56.00,-992.35,210.0,-621.25,-323.75,1,94.303,
01/01/2000,00:54:18.09,22.20,-56.00,-992.23,61.25,-673.75,-525.0,1,94.309,
01/01/2000,00:54:18.10,22.33,-56.12,-992.10,192.50,-682.50,-358.75,1,94.315,
01/01/2000,00:54:18.11,22.45,-55.88,-992.10,61.25,-743.75,-411.25,1,94.320,
01/01/2000,00:54:18.12,22.45,-55.88,-992.35,218.75,-630.0,-358.75,1,94.231,
01/01/2000,00:54:18.13,22.57,-56.00,-992.35,183.75,-778.75,-358.75,1,94.237,
01/01/2000,00:54:18.14,22.57,-55.88,-992.35,201.25,-656.25,-262.50,1,94.242,
01/01/2000,00:54:18.15,22.45,-55.88,-992.35,131.25,-638.75,-358.75,1,94.248,
01/01/2000,00:54:18.16,22.57,-55.88,-992.47,245.0,-656.25,-358.75,1,94.254,
01/01/2000,00:54:18.17,22.57,-55.88,-992.47,323.75,-665.0,-358.75,1,94.260,
01/01/2000,00:54:18.19,22.45,-56.12,-992.47,122.50,-787.50,-385.0,1,94.266,
01/01/2000,00:54:18.20,22.45,-56.12,-992.47,52.50,-735.0,-306.25,1,94.271,
01/01/2000,00:54:18.21,22.33,-56.12,-992.59,122.50,-673.75,-288.75,1,94.277,
01/01/2000,00:54:18.22,22.33,-56.00,-992.59,52.50,-656.25,-288.75,1,94.283,
01/01/2000,00:54:18.23,22.45,-56.12,-992.59,157.50,-647.50,-288.75,1,94.289,
01/01/2000,00:54:18.24,22.45,-55.88,-992.35,87.50,-700.0,-183.75,1,94.294,
01/01/2000,00:54:18.25,22.45,-56.12,-992.35,148.75,-708.75,-332.50,1,94.300,
01/01/2000,00:54:18.26,22.45,-56.24,-992.35,227.50,-691.25,-245.0,1,94.306,
01/01/2000,00:54:18.27,22.69,-56.12,-992.35,157.50,-752.50,-437.50,1,94.311,
01/01/2000,00:54:18.28,22.69,-55.88,-992.35,175.0,-621.25,-122.50,1,94.317,
01/01/2000,00:54:18.29,22.57,-56.00,-992.35,271.25,-665.0,-262.50,1,94.323,
01/01/2000,00:54:18.30,22.45,-56.00,-992.35,210.0,-682.50,-271.25,1,94.328,
01/01/2000,00:54:18.31,22.69,-56.00,-992.35,35.0,-805.0,-507.50,1,94.334,
01/01/2000,00:54:18.32,22.69,-56.24,-992.35,183.75,-708.75,-315.0,1,94.340,
01/01/2000,00:54:18.33,22.57,-55.88,-992.35,157.50,-647.50,-218.75,1,94.252,
01/01/2000,00:54:18.34,22.45,-55.88,-992.23,96.25,-691.25,-192.50,1,94.257,
01/01/2000,00:54:18.35,22.69,-56.00,-992.10,253.75,-700.0,-253.75,1,94.263,
01/01/2000,00:54:18.36,22.69,-56.12,-992.10,175.0,-665.0,-385.0,1,94.269,
01/01/2000,00:54:18.37,22.57,-56.00,-992.10,96.25,-665.0,-358.75,1,94.274,
01/01/2000,00:54:18.39,22.69,-56.00,-992.10,218.75,-656.25,-402.50,1,94.280,
01/01/2000,00:54:18.40,22.69,-55.88,-991.98,210.0,-682.50,-332.50,1,94.286,
01/01/2000,00:54:18.41,22.69,-56.00,-992.23,61.25,-665.0,-341.25,1,94.291,
01/01/2000,00:54:18.42,22.69,-55.88,-992.35,157.50,-735.0,-280.0,1,94.297,
01/01/2000,00:54:18.43,22.69,-55.88,-992.23,43.75,-708.75,-297.50,1,94.303,
01/01/2000,00:54:18.44,22.69,-55.88,-992.23,183.75,-638.75,-393.75,1,94.308,
01/01/2000,00:54:18.45,22.57,-56.00,-992.23,218.75,-700.0,-245.0,1,94.314,
01/01/2000,00:54:18.47,22.45,-56.12,-992.47,157.50,-735.0,-271.25,1,94.227,
01/01/2000,00:54:18.48,22.57,-55.88,-992.35,192.50,-682.50,-201.25,1,94.233,
01/01/2000,00:54:18.49,22.57,-55.88,-992.35,183.75,-708.75,-358.75,1,94.238,
01/01/2000,00:54:18.50,22.69,-55.88,-992.35,0.0,-831.25,-341.25,1,94.244,
01/01/2000,00:54:18.51,22.69,-56.00,-992.23,166.25,-691.25,-385.0,1,94.250,
01/01/2000,00:54:18.52,22.69,-55.88,-992.10,131.25,-700.0,-341.25,1,94.255,
01/01/2000,00:54:18.53,22.69,-55.88,-992.23,17.50,-630.0,-367.50,1,94.261,
01/01/2000,00:54:18.54,22.57,-55.75,-992.35,87.50,-673.75,-297.50,1,94.266,
01/01/2000,00:54:18.55,22.57,-55.75,-992.23,148.75,-726.25,-280.0,1,94.272,
01/01/2000,00:54:18.56,22.69,-55.75,-992.10,140.0,-586.25,-332.50,1,94.277,
01/01/2000,00:54:18.57,22.81,-56.00,-992.35,175.0,-691.25,-463.75,1,94.283,
01/01/2000,00:54:18.58,22.94,-56.00,-992.47,148.75,-647.50,-306.25,1,94.288,
01/01/2000,00:54:18.59,22.81,-56.12,-992.47,122.50,-682.50,-420.0,1,94.294,
01/01/2000,00:54:18.60,22.69,-55.88,-992.35,140.0,-656.25,-253.75,1,94.300,
01/01/2000,00:54:18.61,22.57,-56.12,-992.35,227.50,-743.75,-393.75,1,94.214,
01/01/2000,00:54:18.62,22.69,-55.88,-992.47,131.25,-656.25,-315.0,1,94.220,
01/01/2000,00:54:18.63,23.18,-55.88,-992.23,87.50,-621.25,-437.50,1,94.225,
01/01/2000,00:54:18.64,23.18,-56.12,-992.23,192.50,-708.75,-210.0,1,94.231,
01/01/2000,00:54:18.65,22.69,-56.36,-992.47,70.0,-656.25,-280.0,1,94.236,
01/01/2000,00:54:18.66,22.45,-56.00,-992.47,52.50,-708.75,-481.25,1,94.242,
01/01/2000,00:54:18.67,23.06,-55.51,-992.47,245.0,-717.50,-385.0,1,94.247,
01/01/2000,00:54:18.69,23.06,-55.63,-992.35,148.75,-621.25,35.0,1,94.253,
01/01/2000,00:54:18.70,22.81,-55.75,-992.23,227.50,-796.25,-297.50,1,94.258,
01/01/2000,00:54:18.71,22.94,-56.00,-992.10,210.0,-805.0,-385.0,1,94.264,
01/01/2000,00:54:18.72,22.94,-55.88,-992.23,157.50,-612.50,-463.75,1,94.269,
01/01/2000,00:54:18.73,22.81,-55.63,-992.35,122.50,-691.25,-315.0,1,94.275,
01/01/2000,00:54:18.74,22.94,-55.51,-992.35,122.50,-665.0,-332.50,1,94.280,
01/01/2000,00:54:18.75,22.81,-55.39,-992.10,148.75,-638.75,-201.25,1,94.286,
01/01/2000,00:54:18.76,22.69,-55.88,-992.10,245.0,-708.75,-350.0,1,94.202,
01/01/2000,00:54:18.77,22.69,-56.00,-992.10,227.50,-700.0,-306.25,1,94.297,
01/01/2000,00:54:18.78,22.81,-56.12,-992.10,61.25,-638.75,-446.25,1,94.213,
01/01/2000,00:54:18.79,23.06,-55.75,-991.98,131.25,-568.75,-341.25,1,94.218,
01/01/2000,00:54:18.80,22.94,-55.75,-991.98,218.75,-665.0,-210.0,1,94.223,
01/01/2000,00:54:18.81,22.81,-55.75,-992.10,122.50,-717.50,-376.25,1,94.229,
01/01/2000,00:54:18.83,22.81,-55.88,-992.23,-52.50,-752.50,-402.50,1,94.234,
01/01/2000,00:54:18.84,22.69,-56.12,-992.23,201.25,-682.50,-323.75,1,94.240,
01/01/2000,00:54:18.85,22.94,-56.12,-992.23,262.50,-647.50,-280.0,1,94.245,
01/01/2000,00:54:18.86,22.94,-56.00,-992.10,148.75,-630.0,-402.50,1,94.251,
01/01/2000,00:54:18.87,22.69,-55.88,-992.23,140.0,-717.50,-297.50,1,94.256,
01/01/2000,00:54:18.88,22.45,-55.88,-992.59,122.50,-577.50,-350.0,1,94.262,
01/01/2000,00:54:18.89,22.57,-56.12,-992.71,201.25,-638.75,-367.50,1,94.267,
01/01/2000,00:54:18.90,22.81,-55.88,-992.35,131.25,-717.50,-227.50,1,94.272,
01/01/2000,00:54:18.91,22.69,-56.12,-992.23,122.50,-595.0,-297.50,1,94.278,
01/01/2000,00:54:18.92,22.69,-56.12,-992.10,-43.75,-717.50,-385.0,1,94.283,
01/01/2000,00:54:18.93,22.57,-56.00,-992.35,148.75,-761.25,-402.50,1,94.288,
01/01/2000,00:54:18.94,22.57,-56.12,-992.35,122.50,-726.25,-280.0,1,94.294,
01/01/2000,00:54:18.95,22.69,-55.88,-992.47,210.0,-726.25,-376.25,1,94.299,
01/01/2000,00:54:18.96,22.69,-56.12,-992.10,52.50,-691.25,-306.25,1,94.304,
01/01/2000,00:54:18.98,22.57,-56.24,-991.98,201.25,-708.75,-393.75,1,94.222,
01/01/2000,00:54:18.99,22.69,-56.24,-992.23,61.25,-700.0,-498.75,1,94.227,
01/01/2000,00:54:19.00,22.69,-56.12,-992.35,122.50,-647.50,-280.0,1,94.233,
01/01/2000,00:54:19.01,22.69,-55.88,-992.23,131.25,-691.25,-236.25,1,94.238,
01/01/2000,00:54:19.02,22.57,-55.88,-992.10,236.25,-743.75,-411.25,1,94.243,
01/01/2000,00:54:19.03,22.57,-55.88,-992.10,175.0,-647.50,-358.75,1,94.249,
01/01/2000,00:54:19.04,22.69,-55.88,-992.23,166.25,-743.75,-428.75,1,94.254,
01/01/2000,00:54:19.05,22.69,-56.12,-992.35,148.75,-665.0,-280.0,1,94.259,
01/01/2000,00:54:19.06,22.69,-56.12,-992.47,96.25,-647.50,-297.50,1,94.265,
01/01/2000,00:54:19.07,22.45,-56.00,-992.35,166.25,-743.75,-428.75,1,94.270,
01/01/2000,00:54:19.08,22.69,-55.88,-992.10,148.75,-665.0,-280.0,1,94.275,
01/01/2000,00:54:19.09,22.81,-55.88,-992.10,113.75,-691.25,-358.75,1,94.280,
01/01/2000,00:54:19.10,22.69,-56.12,-992.23,157.50,-735.0,-218.75,1,94.286,
01/01/2000,00:54:19.11,22.81,-56.12,-992.23,113.75,-656.25,-437.50,1,94.204,
01/01/2000,00:54:19.12,22.81,-56.00,-992.35,148.75,-682.50,-358.75,1,94.210,
01/01/2000,00:54:19.13,22.69,-55.88,-992.23,113.75,-770.0,-332.50,1,94.215,
01/01/2000,00:54:19.14,22.81,-56.00,-992.23,218.75,-673.75,-332.50,1,94.220,
01/01/2000,00:54:19.15,22.81,-56.12,-992.35,78.75,-752.50,-332.50,1,94.225,
01/01/2000,00:54:19.16,22.94,-56.12,-992.59,96.25,-630.0,-385.0,1,94.231,
01/01/2000,00:54:19.18,22.81,-56.12,-992.47,288.75,-612.50,-315.0,1,94.236,
01/01/2000,00:54:19.19,22.94,-55.88,-992.35,183.75,-673.75,-288.75,1,94.241,
01/01/2000,00:54:19.20,22.69,-55.88,-992.23,87.50,-647.50,-306.25,1,94.247,
01/01/2000,00:54:19.21,22.69,-55.88,-992.35,78.75,-857.50,-280.0,1,94.252,
01/01/2000,00:54:19.22,22.69,-56.00,-992.35,323.75,-656.25,-376.25,1,94.257,
01/01/2000,00:54:19.23,22.81,-56.00,-992.59,-8.75,-708.75,-297.50,1,94.262,
01/01/2000,00:54:19.24,22.81,-56.00,-992.59,105.0,-726.25,-245.0,1,94.268,
01/01/2000,00:54:19.25,22.69,-55.88,-992.35,183.75,-743.75,-437.50,1,94.273,
01/01/2000,00:54:19.26,22.81,-55.88,-992.47,253.75,-743.75,-350.0,1,94.278,
01/01/2000,00:54:19.27,22.69,-55.88,-992.59,113.75,-700.0,-385.0,1,94.283,
01/01/2000,00:54:19.28,22.69,-55.88,-992.59,236.25,-682.50,-411.25,1,94.288,
01/01/2000,00:54:19.29,22.69,-55.75,-992.35,157.50,-673.75,-323.75,1,94.293,
01/01/2000,00:54:19.30,22.57,-55.88,-992.23,113.75,-735.0,-253.75,1,94.299,
01/01/2000,00:54:19.31,22.57,-55.88,-992.23,131.25,-761.25,-385.0,1,94.304,
01/01/2000,00:54:19.32,22.57,-55.88,-992.35,201.25,-743.75,-367.50,1,94.224,
01/01/2000,00:54:19.33,22.69,-55.88,-992.35,227.50,-735.0,-358.75,1,94.229,
01/01/2000,00:54:19.35,22.69,-56.00,-992.47,183.75,-638.75,-315.0,1,94.234,
01/01/2000,00:54:19.35,22.69,-55.88,-992.35,-43.75,-735.0,-332.50,1,94.239,
01/01/2000,00:54:19.37,22.57,-55.88,-992.35,131.25,-752.50,-192.50,1,94.245,
01/01/2000,00:54:19.38,22.69,-56.12,-992.23,288.75,-638.75,-358.75,1,94.250,
01/01/2000,00:54:19.39,22.81,-56.12,-992.35,140.0,-656.25,-262.50,1,94.255,
01/01/2000,00:54:19.40,22.94,-56.00,-992.35,271.25,-630.0,-332.50,1,94.260,
01/01/2000,00:54:19.41,22.94,-55.88,-992.35,210.0,-621.25,-341.25,1,94.265,
01/01/2000,00:54:19.42,22.94,-55.88,-992.10,122.50,-761.25,-437.50,1,94.270,
01/01/2000,00:54:19.43,22.81,-55.88,-992.10,140.0,-691.25,-192.50,1,94.275,
01/01/2000,00:54:19.44,22.81,-55.88,-992.10,192.50,-778.75,-516.25,1,94.281,
01/01/2000,00:54:19.45,22.94,-55.63,-992.10,140.0,-778.75,-271.25,1,94.286,
01/01/2000,00:54:19.46,22.69,-55.63,-992.23,140.0,-568.75,-332.50,1,94.207,
01/01/2000,00:54:19.47,22.69,-55.63,-992.23,192.50,-717.50,-262.50,1,94.212,
01/01/2000,00:54:19.49,22.69,-55.63,-992.10,166.25,-577.50,-280.0,1,94.217,
01/01/2000,00:54:19.50,22.69,-55.75,-992.10,236.25,-770.0,-245.0,1,94.222,
01/01/2000,00:54:19.51,22.69,-56.12,-991.98,70.0,-735.0,-402.50,1,94.227,
01/01/2000,00:54:19.52,22.57,-55.88,-991.98,43.75,-700.0,-402.50,1,94.232,
01/01/2000,00:54:19.53,22.45,-55.88,-992.10,183.75,-700.0,-306.25,1,94.238,
01/01/2000,00:54:19.54,22.57,-55.75,-991.98,8.75,-638.75,-306.25,1,94.243,
01/01/2000,00:54:19.55,22.57,-55.88,-991.98,210.0,-638.75,-201.25,1,94.248,
01/01/2000,00:54:19.56,22.57,-56.12,-991.98,192.50,-700.0,-341.25,1,94.253,
01/01/2000,00:54:19.57,22.57,-56.12,-992.10,175.0,-752.50,-245.0,1,94.258,
01/01/2000,00:54:19.58,22.45,-56.00,-991.98,297.50,-560.0,-332.50,1,94.263,
01/01/2000,00:54:19.59,22.45,-55.88,-991.86,96.25,-577.50,-227.50,1,94.268,
01/01/2000,00:54:19.60,22.45,-55.63,-991.98,113.75,-787.50,-420.0,1,94.273,
01/01/2000,00:54:19.61,22.69,-55.63,-992.23,166.25,-621.25,-236.25,1,94.278,
01/01/2000,00:54:19.62,22.69,-55.75,-992.23,323.75,-603.75,-306.25,1,94.283,
01/01/2000,00:54:19.63,22.69,-55.63,-992.10,78.75,-726.25,-306.25,1,94.205,
01/01/2000,00:54:19.64,22.69,-55.88,-991.98,210.0,-726.25,-455.0,1,94.211,
01/01/2000,00:54:19.65,22.57,-55.88,-992.10,122.50,-665.0,-236.25,1,94.216,
01/01/2000,00:54:19.66,22.57,-55.75,-992.10,157.50,-708.75,-332.50,1,94.221,
01/01/2000,00:54:19.67,22.69,-55.75,-992.23,166.25,-717.50,-271.25,1,94.226,
01/01/2000,00:54:19.68,22.45,-55.63,-992.10,87.50,-822.50,-315.0,1,94.231,
01/01/2000,00:54:19.69,22.57,-55.88,-991.98,52.50,-656.25,-315.0,1,94.236,
01/01/2000,00:54:19.70,22.69,-55.88,-991.98,227.50,-770.0,-350.0,1,94.241,
01/01/2000,00:54:19.71,22.69,-55.75,-992.10,148.75,-787.50,-315.0,1,94.246,
01/01/2000,00:54:19.72,22.69,-56.00,-992.35,253.75,-708.75,-420.0,1,94.251,
01/01/2000,00:54:19.73,22.45,-55.88,-992.47,183.75,-682.50,-323.75,1,94.256,
01/01/2000,00:54:19.75,22.57,-55.88,-992.35,113.75,-743.75,-385.0,1,94.261,
01/01/2000,00:54:19.76,22.69,-55.75,-992.10,17.50,-831.25,-306.25,1,94.266,
01/01/2000,00:54:19.77,22.69,-55.88,-992.10,201.25,-787.50,-367.50,1,94.271,
01/01/2000,00:54:19.78,22.69,-56.00,-992.10,183.75,-665.0,-280.0,1,94.276,
01/01/2000,00:54:19.79,22.81,-56.12,-992.35,183.75,-752.50,-288.75,1,94.281,
01/01/2000,00:54:19.80,22.81,-56.12,-992.47,148.75,-717.50,-498.75,1,94.286,
01/01/2000,00:54:19.81,22.45,-55.88,-992.10,96.25,-770.0,-315.0,1,94.291,
01/01/2000,00:54:19.82,22.57,-56.00,-991.86,96.25,-717.50,-271.25,1,94.296,
01/01/2000,00:54:19.83,22.45,-56.12,-991.86,78.75,-603.75,-428.75,1,94.301,
01/01/2000,00:54:19.84,22.57,-56.12,-991.98,201.25,-621.25,-332.50,1,94.224,
01/01/2000,00:54:19.85,22.69,-56.24,-992.10,140.0,-673.75,-393.75,1,94.310,
01/01/2000,00:54:19.86,22.69,-55.88,-992.23,105.0,-673.75,-262.50,1,94.234,
01/01/2000,00:54:19.87,22.69,-56.00,-992.23,253.75,-708.75,-341.25,1,94.239,
01/01/2000,00:54:19.89,22.57,-56.00,-992.23,140.0,-691.25,-420.0,1,94.244,
01/01/2000,00:54:19.90,22.57,-56.00,-992.23,113.75,-735.0,-332.50,1,94.249,
01/01/2000,00:54:19.91,22.45,-56.12,-992.35,227.50,-691.25,-367.50,1,94.254,
01/01/2000,00:54:19.92,22.45,-56.00,-992.35,131.25,-761.25,-280.0,1,94.259,
01/01/2000,00:54:19.93,22.45,-56.24,-992.35,96.25,-761.25,-297.50,1,94.264,
01/01/2000,00:54:19.94,22.45,-56.36,-992.23,271.25,-586.25,-437.50,1,94.269,
01/01/2000,00:54:19.95,22.45,-56.24,-992.35,113.75,-638.75,-323.75,1,94.274,
01/01/2000,00:54:19.96,22.45,-56.24,-992.23,148.75,-735.0,-323.75,1,94.278,
01/01/2000,00:54:19.97,22.33,-56.36,-992.10,183.75,-761.25,-297.50,1,94.283,
01/01/2000,00:54:19.98,22.33,-56.49,-992.10,122.50,-708.75,-253.75,1,94.288,
01/01/2000,00:54:19.99,22.45,-56.36,-992.10,8.75,-700.0,-350.0,1,94.213,
01/01/2000,00:54:20.01,22.57,-56.24,-992.23,140.0,-761.25,-297.50,1,94.218,
01/01/2000,00:54:20.02,22.45,-56.24,-992.10,218.75,-682.50,-280.0,1,94.223,
01/01/2000,00:54:20.03,22.57,-56.24,-992.10,192.50,-857.50,-341.25,1,94.228,
01/01/2000,00:54:20.04,22.45,-56.12,-992.35,52.50,-638.75,-245.0,1,94.232,
01/01/2000,00:54:20.05,22.45,-56.24,-992.47,140.0,-787.50,-271.25,1,94.237,
01/01/2000,00:54:20.06,22.45,-56.00,-992.35,87.50,-726.25,-341.25,1,94.242,
01/01/2000,00:54:20.07,22.45,-56.12,-992.23,113.75,-787.50,-236.25,1,94.247,
01/01/2000,00:54:20.08,22.45,-56.12,-992.23,262.50,-682.50,-341.25,1,94.252,
01/01/2000,00:54:20.09,22.20,-56.12,-992.23,96.25,-656.25,-245.0,1,94.257,
01/01/2000,00:54:20.10,22.33,-56.24,-992.23,201.25,-656.25,-385.0,1,94.262,
01/01/2000,00:54:20.11,22.45,-56.24,-992.23,113.75,-656.25,-297.50,1,94.266,
01/01/2000,00:54:20.12,22.45,-56.12,-992.23,70.0,-743.75,-341.25,1,94.271,
01/01/2000,00:54:20.13,22.45,-55.88,-992.10,8.75,-726.25,-341.25,1,94.276,
01/01/2000,00:54:20.14,22.45,-56.00,-992.10,376.25,-708.75,-341.25,1,94.281,
01/01/2000,00:54:20.15,22.45,-55.88,-992.23,0.0,-612.50,-472.50,1,94.286,
01/01/2000,00:54:20.16,22.45,-56.00,-992.47,350.0,-647.50,-253.75,1,94.291,
01/01/2000,00:54:20.17,22.45,-56.12,-992.59,148.75,-630.0,-227.50,1,94.216,
01/01/2000,00:54:20.18,22.45,-55.88,-992.59,131.25,-735.0,-306.25,1,94.221,
01/01/2000,00:54:20.19,22.57,-56.00,-992.35,253.75,-752.50,-280.0,1,94.226,
01/01/2000,00:54:20.20,22.69,-56.00,-992.35,166.25,-726.25,-315.0,1,94.231,
01/01/2000,00:54:20.21,22.69,-56.00,-992.47,96.25,-770.0,-306.25,1,94.236,
01/01/2000,00:54:20.22,22.69,-56.00,-992.35,271.25,-700.0,-358.75,1,94.240,
01/01/2000,00:54:20.24,22.45,-56.12,-992.35,218.75,-621.25,-306.25,1,94.245,
01/01/2000,00:54:20.25,22.45,-55.88,-992.35,96.25,-700.0,-332.50,1,94.250,
01/01/2000,00:54:20.26,22.69,-55.88,-992.35,175.0,-595.0,-245.0,1,94.255,
01/01/2000,00:54:20.27,22.69,-55.88,-992.35,17.50,-761.25,-315.0,1,94.260,
01/01/2000,00:54:20.28,22.69,-55.88,-992.35,210.0,-787.50,-271.25,1,94.264,
01/01/2000,00:54:20.29,22.57,-56.00,-992.10,148.75,-735.0,-323.75,1,94.269,
01/01/2000,00:54:20.30,22.45,-55.88,-992.10,210.0,-682.50,-463.75,1,94.274,
01/01/2000,00:54:20.31,22.57,-55.88,-992.10,236.25,-691.25,-315.0,1,94.279,
01/01/2000,00:54:20.32,22.57,-55.88,-992.10,341.25,-700.0,-385.0,1,94.283,
01/01/2000,00:54:20.33,22.57,-55.88,-992.35,78.75,-647.50,-358.75,1,94.288,
01/01/2000,00:54:20.34,22.57,-56.00,-992.23,306.25,-752.50,-245.0,1,94.293,
01/01/2000,00:54:20.35,22.69,-55.88,-992.10,166.25,-621.25,-262.50,1,94.298,
01/01/2000,00:54:20.36,22.57,-55.88,-991.98,332.50,-630.0,-332.50,1,94.302,
01/01/2000,00:54:20.37,22.57,-55.88,-991.98,332.50,-761.25,-332.50,1,94.307,
01/01/2000,00:54:20.38,22.45,-56.00,-991.98,131.25,-621.25,-315.0,1,94.234,
01/01/2000,00:54:20.40,22.45,-55.88,-992.10,192.50,-595.0,-402.50,1,94.239,
01/01/2000,00:54:20.40,22.33,-56.00,-992.10,8.75,-726.25,-350.0,1,94.243,
01/01/2000,00:54:20.42,22.45,-55.88,-992.10,131.25,-603.75,-358.75,1,94.248,
01/01/2000,00:54:20.43,22.57,-55.88,-992.10,166.25,-665.0,-306.25,1,94.253,
01/01/2000,00:54:20.44,22.57,-56.12,-991.98,236.25,-700.0,-376.25,1,94.258,
01/01/2000,00:54:20.45,22.45,-56.12,-991.98,61.25,-612.50,-288.75,1,94.262,
01/01/2000,00:54:20.46,22.45,-56.00,-992.10,157.50,-682.50,-402.50,1,94.267,
01/01/2000,00:54:20.47,22.69,-56.12,-992.10,175.0,-603.75,-236.25,1,94.272,
01/01/2000,00:54:20.48,22.69,-56.00,-992.23,122.50,-822.50,-280.0,1,94.276,
01/01/2000,00:54:20.49,22.45,-56.12,-992.23,43.75,-691.25,-306.25,1,94.281,
01/01/2000,00:54:20.50,22.33,-56.00,-992.10,-26.25,-700.0,-280.0,1,94.209,
01/01/2000,00:54:20.51,22.45,-56.00,-992.10,61.25,-805.0,-393.75,1,94.214,
01/01/2000,00:54:20.53,22.45,-56.00,-992.10,210.0,-761.25,-350.0,1,94.218,
01/01/2000,00:54:20.54,22.45,-56.00,-992.10,227.50,-743.75,-332.50,1,94.223,
01/01/2000,00:54:20.55,22.45,-56.00,-992.10,166.25,-700.0,-341.25,1,94.228,
01/01/2000,00:54:20.56,22.33,-56.12,-992.23,192.50,-647.50,-315.0,1,94.232,
01/01/2000,00:54:20.57,22.45,-56.12,-992.35,52.50,-796.25,-437.50,1,94.237,
01/01/2000,00:54:20.58,22.45,-56.12,-992.23,131.25,-708.75,-341.25,1,94.242,
01/01/2000,00:54:20.59,22.57,-56.12,-992.23,183.75,-735.0,-323.75,1,94.246,
01/01/2000,00:54:20.60,22.45,-56.12,-992.23,113.75,-612.50,-306.25,1,94.251,
01/01/2000,00:54:20.61,22.45,-56.12,-992.35,218.75,-682.50,-315.0,1,94.256,
01/01/2000,00:54:20.62,22.57,-55.88,-992.35,52.50,-673.75,-341.25,1,94.260,
01/01/2000,00:54:20.63,22.69,-56.00,-992.23,157.50,-708.75,-280.0,1,94.265,
01/01/2000,00:54:20.64,22.69,-56.00,-992.35,140.0,-682.50,-446.25,1,94.270,
01/01/2000,00:54:20.65,22.57,-55.88,-992.35,105.0,-700.0,-253.75,1,94.274,
01/01/2000,00:54:20.66,22.45,-55.88,-992.35,280.0,-691.25,-297.50,1,94.279,
01/01/2000,00:54:20.67,22.45,-56.00,-992.23,210.0,-752.50,-350.0,1,94.283,
01/01/2000,00:54:20.68,22.33,-55.88,-992.23,262.50,-805.0,-245.0,1,94.288,
01/01/2000,00:54:20.69,22.45,-55.88,-992.35,192.50,-612.50,-385.0,1,94.293,
01/01/2000,00:54:20.70,22.45,-55.75,-992.47,52.50,-717.50,-227.50,1,94.297,
01/01/2000,00:54:20.71,22.45,-55.88,-992.47,201.25,-778.75,-297.50,1,94.302,
01/01/2000,00:54:20.72,22.45,-56.00,-992.35,140.0,-717.50,-428.75,1,94.306,
01/01/2000,00:54:20.73,22.57,-55.75,-992.23,35.0,-805.0,-358.75,1,94.235,
01/01/2000,00:54:20.74,22.57,-55.63,-992.35,175.0,-796.25,-332.50,1,94.240,
01/01/2000,00:54:20.75,22.57,-55.75,-992.35,140.0,-647.50,-288.75,1,94.245,
01/01/2000,00:54:20.76,22.69,-55.75,-992.23,148.75,-752.50,-428.75,1,94.249,
01/01/2000,00:54:20.77,22.57,-55.88,-992.10,218.75,-700.0,-227.50,1,94.254,
01/01/2000,00:54:20.78,22.69,-55.88,-992.10,43.75,-717.50,-437.50,1,94.258,
01/01/2000,00:54:20.80,22.69,-55.75,-992.10,78.75,-603.75,-350.0,1,94.263,
01/01/2000,00:54:20.81,22.69,-56.00,-992.35,218.75,-656.25,-288.75,1,94.268,
01/01/2000,00:54:20.82,22.57,-55.88,-992.35,201.25,-682.50,-271.25,1,94.272,
01/01/2000,00:54:20.83,22.69,-55.88,-992.35,192.50,-770.0,-245.0,1,94.277,
01/01/2000,00:54:20.84,22.69,-55.75,-991.98,105.0,-673.75,-253.75,1,94.281,
01/01/2000,00:54:20.85,22.57,-55.75,-991.98,43.75,-752.50,-332.50,1,94.286,
01/01/2000,00:54:20.86,22.57,-55.88,-991.86,105.0,-708.75,-288.75,1,94.290,
01/01/2000,00:54:20.87,22.57,-55.75,-992.10,175.0,-717.50,-428.75,1,94.295,
01/01/2000,00:54:20.88,22.69,-55.88,-992.10,218.75,-691.25,-201.25,1,94.299,
01/01/2000,00:54:20.89,22.69,-56.00,-991.98,166.25,-638.75,-332.50,1,94.304,
01/01/2000,00:54:20.90,22.69,-56.24,-992.10,201.25,-560.0,-271.25,1,94.308,
01/01/2000,00:54:20.91,22.69,-56.12,-992.10,0.0,-708.75,-350.0,1,94.313,
01/01/2000,00:54:20.92,22.69,-56.12,-991.98,87.50,-656.25,-385.0,1,94.317,
01/01/2000,00:54:20.93,22.69,-56.00,-991.86,245.0,-717.50,-367.50,1,94.322,
01/01/2000,00:54:20.95,22.57,-55.88,-991.74,140.0,-735.0,-288.75,1,94.252,
01/01/2000,00:54:20.96,22.57,-55.88,-991.86,227.50,-700.0,-183.75,1,94.256,
01/01/2000,00:54:20.97,22.69,-56.12,-991.86,183.75,-717.50,-411.25,1,94.261,
01/01/2000,00:54:20.98,22.69,-55.88,-991.98,61.25,-805.0,-306.25,1,94.266,
01/01/2000,00:54:20.99,22.69,-56.12,-991.86,192.50,-752.50,-332.50,1,94.270,
01/01/2000,00:54:21.00,22.57,-56.00,-991.86,52.50,-717.50,-367.50,1,94.275,
01/01/2000,00:54:21.01,22.69,-56.00,-991.86,201.25,-647.50,-323.75,1,94.205,
01/01/2000,00:54:21.02,22.69,-55.75,-991.86,210.0,-665.0,-332.50,1,94.210,
01/01/2000,00:54:21.03,22.69,-55.88,-991.86,218.75,-761.25,-323.75,1,94.214,
01/01/2000,00:54:21.04,22.57,-56.00,-991.74,262.50,-673.75,-428.75,1,94.219,
01/01/2000,00:54:21.05,22.69,-55.88,-991.62,175.0,-708.75,-332.50,1,94.223,
01/01/2000,00:54:21.06,22.81,-56.00,-991.74,245.0,-612.50,-376.25,1,94.228,
01/01/2000,00:54:21.08,22.81,-55.88,-991.98,157.50,-682.50,-315.0,1,94.232,
01/01/2000,00:54:21.09,22.69,-55.88,-991.86,166.25,-612.50,-297.50,1,94.237,
01/01/2000,00:54:21.10,22.69,-55.88,-991.74,157.50,-726.25,-393.75,1,94.241,
01/01/2000,00:54:21.11,22.69,-55.88,-991.74,148.75,-656.25,-297.50,1,94.246,
01/01/2000,00:54:21.12,22.57,-55.88,-991.86,201.25,-770.0,-271.25,1,94.250,
01/01/2000,00:54:21.13,22.57,-55.88,-991.98,201.25,-752.50,-306.25,1,94.255,
01/01/2000,00:54:21.14,22.69,-55.88,-991.98,175.0,-743.75,-323.75,1,94.259,
01/01/2000,00:54:21.15,22.69,-56.00,-991.86,245.0,-647.50,-315.0,1,94.264,
01/01/2000,00:54:21.16,22.57,-55.75,-991.86,175.0,-761.25,-411.25,1,94.268,
01/01/2000,00:54:21.17,22.57,-55.88,-991.74,218.75,-638.75,-376.25,1,94.272,
01/01/2000,00:54:21.18,22.57,-55.88,-991.86,183.75,-700.0,-288.75,1,94.277,
01/01/2000,00:54:21.19,22.57,-55.88,-991.98,183.75,-682.50,-428.75,1,94.281,
01/01/2000,00:54:21.20,22.45,-55.75,-992.10,148.75,-595.0,-245.0,1,94.286,
01/01/2000,00:54:21.21,22.57,-55.88,-992.10,61.25,-673.75,-437.50,1,94.290,
01/01/2000,00:54:21.22,22.57,-55.88,-992.23,105.0,-621.25,-306.25,1,94.222,
01/01/2000,00:54:21.23,22.69,-55.88,-992.23,201.25,-673.75,-411.25,1,94.226,
01/01/2000,00:54:21.24,22.69,-55.88,-992.10,227.50,-647.50,-306.25,1,94.231,
01/01/2000,00:54:21.25,22.69,-55.88,-992.10,175.0,-691.25,-332.50,1,94.235,
01/01/2000,00:54:21.26,22.81,-55.63,-992.23,227.50,-743.75,-341.25,1,94.240,
01/01/2000,00:54:21.27,22.94,-55.88,-992.10,113.75,-761.25,-245.0,1,94.244,
01/01/2000,00:54:21.28,22.94,-55.88,-991.98,96.25,-743.75,-262.50,1,94.248,
01/01/2000,00:54:21.30,22.69,-56.00,-991.98,192.50,-656.25,-315.0,1,94.253,
01/01/2000,00:54:21.31,22.57,-55.88,-992.23,87.50,-621.25,-428.75,1,94.257,
01/01/2000,00:54:21.32,22.69,-55.63,-992.23,113.75,-708.75,-455.0,1,94.262,
01/01/2000,00:54:21.33,22.57,-55.63,-992.10,288.75,-682.50,-315.0,1,94.266,
01/01/2000,00:54:21.34,22.57,-55.63,-991.86,43.75,-612.50,-280.0,1,94.270,
01/01/2000,00:54:21.35,22.57,-55.63,-991.98,148.75,-770.0,-315.0,1,94.275,
01/01/2000,00:54:21.36,22.69,-55.88,-992.10,87.50,-735.0,-358.75,1,94.279,
01/01/2000,00:54:21.37,22.69,-56.12,-992.23,122.50,-813.75,-385.0,1,94.212,
01/01/2000,00:54:21.38,22.57,-56.00,-992.10,227.50,-735.0,-341.25,1,94.216,
01/01/2000,00:54:21.39,22.57,-55.88,-991.98,157.50,-778.75,-315.0,1,94.221,
01/01/2000,00:54:21.40,22.45,-56.00,-991.74,157.50,-656.25,-253.75,1,94.225,
01/01/2000,00:54:21.41,22.45,-56.00,-991.86,253.75,-735.0,-428.75,1,94.229,
01/01/2000,00:54:21.42,22.57,-55.88,-991.98,131.25,-717.50,-367.50,1,94.234,
01/01/2000,00:54:21.44,22.57,-56.00,-991.86,105.0,-586.25,-393.75,1,94.238,
01/01/2000,00:54:21.45,22.45,-56.24,-991.74,70.0,-691.25,-358.75,1,94.242,
01/01/2000,00:54:21.46,22.45,-55.88,-991.74,175.0,-682.50,-218.75,1,94.247,
01/01/2000,00:54:21.47,22.45,-55.63,-991.62,183.75,-708.75,-376.25,1,94.251,
01/01/2000,00:54:21.48,22.45,-55.75,-991.62,113.75,-647.50,-280.0,1,94.255,
01/01/2000,00:54:21.49,22.45,-55.88,-991.62,253.75,-752.50,-227.50,1,94.260,
01/01/2000,00:54:21.50,22.45,-56.12,-991.62,105.0,-691.25,-402.50,1,94.264,
01/01/2000,00:54:21.51,22.69,-56.12,-991.62,323.75,-621.25,-385.0,1,94.268,
01/01/2000,00:54:21.53,22.57,-55.75,-991.62,105.0,-638.75,-288.75,1,94.202,
01/01/2000,00:54:21.54,22.57,-55.63,-991.74,140.0,-691.25,-358.75,1,94.206,
01/01/2000,00:54:21.55,22.57,-55.88,-991.86,183.75,-813.75,-323.75,1,94.211,
01/01/2000,00:54:21.56,22.57,-55.88,-991.98,175.0,-700.0,-280.0,1,94.215,
01/01/2000,00:54:21.57,22.69,-55.88,-991.86,201.25,-770.0,-358.75,1,94.219,
01/01/2000,00:54:21.58,22.57,-55.88,-991.62,113.75,-665.0,-280.0,1,94.224,
01/01/2000,00:54:21.59,22.69,-55.88,-991.74,131.25,-656.25,-332.50,1,94.228,
01/01/2000,00:54:21.60,22.69,-55.88,-991.86,166.25,-603.75,-437.50,1,94.232,
01/01/2000,00:54:21.61,22.81,-55.88,-992.10,192.50,-638.75,-192.50,1,94.237,
01/01/2000,00:54:21.62,22.57,-55.88,-991.86,262.50,-691.25,-385.0,1,94.241,
01/01/2000,00:54:21.63,22.57,-55.88,-991.86,148.75,-805.0,-332.50,1,94.245,
01/01/2000,00:54:21.64,22.45,-55.88,-991.86,183.75,-813.75,-376.25,1,94.249,
01/01/2000,00:54:21.65,22.45,-55.63,-991.86,105.0,-621.25,-297.50,1,94.254,
01/01/2000,00:54:21.66,22.57,-55.75,-992.10,218.75,-708.75,-507.50,1,94.258,
01/01/2000,00:54:21.67,22.45,-55.51,-992.35,52.50,-700.0,-297.50,1,94.262,
01/01/2000,00:54:21.68,22.45,-55.63,-992.10,52.50,-621.25,-428.75,1,94.267,
01/01/2000,00:54:21.69,22.33,-55.63,-991.86,52.50,-665.0,-376.25,1,94.271,
01/01/2000,00:54:21.70,22.45,-55.63,-991.86,280.0,-603.75,-385.0,1,94.275,
01/01/2000,00:54:21.71,22.45,-55.63,-991.86,210.0,-638.75,-306.25,1,94.279,
01/01/2000,00:54:21.72,22.33,-55.88,-992.23,140.0,-735.0,-428.75,1,94.214,
01/01/2000,00:54:21.73,22.45,-55.75,-992.35,262.50,-743.75,-157.50,1,94.218,
01/01/2000,00:54:21.74,22.45,-55.88,-991.98,192.50,-673.75,-463.75,1,94.222,
01/01/2000,00:54:21.75,22.33,-55.63,-991.86,78.75,-621.25,-183.75,1,94.227,
01/01/2000,00:54:21.76,22.45,-55.63,-991.74,166.25,-638.75,-341.25,1,94.231,
01/01/2000,00:54:21.77,22.45,-55.88,-991.86,148.75,-656.25,-332.50,1,94.235,
01/01/2000,00:54:21.79,22.57,-55.88,-992.10,306.25,-778.75,-367.50,1,94.239,
01/01/2000,00:54:21.80,22.57,-55.88,-991.86,227.50,-717.50,-393.75,1,94.244,
01/01/2000,00:54:21.81,22.45,-55.39,-991.86,35.0,-682.50,-385.0,1,94.248,
01/01/2000,00:54:21.82,22.33,-55.51,-991.86,131.25,-568.75,-297.50,1,94.252,
01/01/2000,00:54:21.83,22.57,-55.63,-991.86,166.25,-691.25,-463.75,1,94.256,
01/01/2000,00:54:21.84,22.57,-55.51,-992.10,157.50,-673.75,-376.25,1,94.260,
01/01/2000,00:54:21.85,22.69,-55.88,-991.98,183.75,-787.50,-350.0,1,94.265,
01/01/2000,00:54:21.86,22.57,-55.88,-991.98,148.75,-770.0,-306.25,1,94.200,
01/01/2000,00:54:21.87,22.69,-55.88,-992.10,341.25,-700.0,-402.50,1,94.204,
01/01/2000,00:54:21.88,22.81,-55.63,-992.10,148.75,-612.50,-271.25,1,94.208,
01/01/2000,00:54:21.89,22.94,-55.63,-992.35,113.75,-665.0,-411.25,1,94.212,
01/01/2000,00:54:21.90,22.81,-55.75,-992.35,148.75,-700.0,-288.75,1,94.217,
01/01/2000,00:54:21.91,22.81,-56.12,-992.35,157.50,-735.0,-350.0,1,94.221,
01/01/2000,00:54:21.92,22.69,-56.00,-992.23,245.0,-656.25,-288.75,1,94.225,
01/01/2000,00:54:21.94,22.45,-55.88,-991.98,105.0,-787.50,-376.25,1,94.229,
01/01/2000,00:54:21.95,22.57,-55.75,-991.86,201.25,-717.50,-420.0,1,94.234,
01/01/2000,00:54:21.96,22.57,-55.63,-991.86,245.0,-647.50,-280.0,1,94.238,
01/01/2000,00:54:21.97,22.57,-55.88,-992.10,315.0,-708.75,-332.50,1,94.242,
01/01/2000,00:54:21.98,22.57,-56.12,-991.98,262.50,-656.25,-306.25,1,94.246,
01/01/2000,00:54:21.99,22.57,-55.88,-991.86,-17.50,-621.25,-402.50,1,94.250,
01/01/2000,00:54:22.00,22.57,-55.88,-991.49,166.25,-717.50,-341.25,1,94.255,
01/01/2000,00:54:22.01,22.69,-55.75,-991.49,192.50,-673.75,-376.25,1,94.259,
01/01/2000,00:54:22.02,22.45,-55.75,-991.86,227.50,-726.25,-385.0,1,94.263,
01/01/2000,00:54:22.04,22.57,-55.75,-991.98,140.0,-630.0,-332.50,1,94.199,
01/01/2000,00:54:22.05,22.45,-55.63,-991.86,87.50,-726.25,-288.75,1,94.203,
01/01/2000,00:54:22.06,22.45,-55.88,-991.86,122.50,-638.75,-402.50,1,94.207,
01/01/2000,00:54:22.07,22.45,-55.88,-991.86,227.50,-647.50,-498.75,1,94.211,
01/01/2000,00:54:22.08,22.33,-55.75,-991.98,157.50,-805.0,-411.25,1,94.215,
01/01/2000,00:54:22.09,22.45,-55.75,-992.10,61.25,-638.75,-315.0,1,94.220,
01/01/2000,00:54:22.10,22.33,-55.75,-992.10,61.25,-691.25,-376.25,1,94.224,
01/01/2000,00:54:22.11,22.20,-55.51,-991.86,148.75,-595.0,-227.50,1,94.228,
01/01/2000,00:54:22.12,22.20,-55.88,-991.74,218.75,-726.25,-315.0,1,94.232,
01/01/2000,00:54:22.13,22.20,-55.88,-991.86,96.25,-726.25,-516.25,1,94.236,
01/01/2000,00:54:22.14,22.33,-56.12,-991.98,166.25,-638.75,-323.75,1,94.240,
01/01/2000,00:54:22.15,22.45,-55.88,-991.98,183.75,-726.25,-306.25,1,94.177,
01/01/2000,00:54:22.16,22.45,-55.88,-991.86,122.50,-717.50,-236.25,1,94.181,
01/01/2000,00:54:22.17,22.45,-56.12,-991.74,35.0,-735.0,-385.0,1,94.185,
01/01/2000,00:54:22.18,22.45,-56.12,-991.74,210.0,-787.50,-271.25,1,94.189,
01/01/2000,00:54:22.19,22.45,-56.24,-991.86,210.0,-822.50,-341.25,1,94.194,
01/01/2000,00:54:22.20,22.57,-56.12,-991.86,262.50,-805.0,-332.50,1,94.198,
01/01/2000,00:54:22.22,22.69,-56.12,-991.98,-52.50,-717.50,-358.75,1,94.202,
01/01/2000,00:54:22.23,22.57,-56.12,-991.98,262.50,-630.0,-332.50,1,94.206,
01/01/2000,00:54:22.24,22.45,-55.88,-991.98,113.75,-717.50,-236.25,1,94.210,
01/01/2000,00:54:22.25,22.33,-56.00,-991.86,218.75,-700.0,-393.75,1,94.214,
01/01/2000,00:54:22.26,22.45,-55.88,-991.86,61.25,-805.0,-280.0,1,94.218,
01/01/2000,00:54:22.27,22.69,-55.88,-991.98,245.0,-700.0,-385.0,1,94.223,
01/01/2000,00:54:22.28,22.57,-56.00,-992.10,52.50,-638.75,-306.25,1,94.227,
01/01/2000,00:54:22.29,22.45,-55.88,-991.98,87.50,-656.25,-306.25,1,94.231,
01/01/2000,00:54:22.30,22.45,-55.88,-991.86,236.25,-787.50,-341.25,1,94.235,
01/01/2000,00:54:22.31,22.45,-55.63,-992.10,183.75,-673.75,-227.50,1,94.239,
01/01/2000,00:54:22.32,22.69,-55.75,-992.10,61.25,-630.0,-358.75,1,94.243,
01/01/2000,00:54:22.33,22.69,-55.88,-992.10,140.0,-761.25,-297.50,1,94.247,
01/01/2000,00:54:22.34,22.45,-55.75,-992.10,-8.75,-813.75,-437.50,1,94.251,
01/01/2000,00:54:22.35,22.45,-55.88,-991.98,227.50,-752.50,-297.50,1,94.255,
01/01/2000,00:54:22.36,22.57,-55.63,-992.35,201.25,-726.25,-306.25,1,94.193,
01/01/2000,00:54:22.37,22.69,-55.63,-992.23,35.0,-665.0,-332.50,1,94.197,
01/01/2000,00:54:22.38,22.57,-55.88,-991.98,280.0,-682.50,-350.0,1,94.201,
01/01/2000,00:54:22.39,22.57,-55.88,-991.86,35.0,-700.0,-358.75,1,94.205,
01/01/2000,00:54:22.40,22.57,-55.88,-992.10,96.25,-770.0,-358.75,1,94.209,
01/01/2000,00:54:22.42,22.69,-55.88,-992.23,297.50,-673.75,-262.50,1,94.213,
01/01/2000,00:54:22.43,22.69,-55.75,-992.10,140.0,-700.0,-358.75,1,94.217,
01/01/2000,00:54:22.44,22.69,-55.63,-991.98,148.75,-726.25,-236.25,1,94.221,
01/01/2000,00:54:22.45,22.69,-56.00,-992.10,131.25,-770.0,-280.0,1,94.225,
01/01/2000,00:54:22.46,22.69,-56.12,-992.35,113.75,-735.0,-323.75,1,94.229,
01/01/2000,00:54:22.47,22.69,-56.12,-992.35,227.50,-630.0,-393.75,1,94.233,
01/01/2000,00:54:22.48,22.69,-56.12,-992.23,113.75,-717.50,-402.50,1,94.238,
01/01/2000,00:54:22.49,22.69,-55.88,-992.10,166.25,-726.25,-428.75,1,94.242,
01/01/2000,00:54:22.50,22.45,-55.88,-991.98,113.75,-691.25,-288.75,1,94.180,
01/01/2000,00:54:22.51,22.57,-56.12,-992.10,122.50,-735.0,-446.25,1,94.184,
01/01/2000,00:54:22.52,22.57,-56.12,-992.35,87.50,-778.75,-446.25,1,94.188,
01/01/2000,00:54:22.53,22.69,-56.24,-992.47,131.25,-621.25,-262.50,1,94.192,
01/01/2000,00:54:22.55,22.57,-56.00,-992.35,218.75,-761.25,-437.50,1,94.196,
01/01/2000,00:54:22.56,22.45,-55.88,-992.10,96.25,-700.0,-131.25,1,94.200,
01/01/2000,00:54:22.57,22.33,-55.88,-992.10,157.50,-665.0,-341.25,1,94.204,
01/01/2000,00:54:22.58,22.45,-56.12,-992.35,253.75,-665.0,-297.50,1,94.208,
01/01/2000,00:54:22.59,22.45,-56.12,-992.47,192.50,-612.50,-323.75,1,94.212,
01/01/2000,00:54:22.60,22.45,-56.24,-992.35,148.75,-735.0,-341.25,1,94.216,
01/01/2000,00:54:22.61,22.45,-56.24,-991.86,218.75,-665.0,-455.0,1,94.220,
01/01/2000,00:54:22.62,22.20,-56.12,-991.86,166.25,-700.0,-385.0,1,94.224,
01/01/2000,00:54:22.63,22.33,-56.12,-992.23,245.0,-656.25,-402.50,1,94.228,
01/01/2000,00:54:22.64,22.45,-56.00,-992.59,131.25,-787.50,-288.75,1,94.232,
01/01/2000,00:54:22.65,22.45,-56.12,-992.59,245.0,-647.50,-323.75,1,94.236,
01/01/2000,00:54:22.66,22.45,-56.12,-992.47,140.0,-638.75,-280.0,1,94.240,
01/01/2000,00:54:22.67,22.57,-56.36,-992.10,210.0,-656.25,-376.25,1,94.244,
01/01/2000,00:54:22.68,22.57,-56.36,-991.98,122.50,-682.50,-271.25,1,94.183,
01/01/2000,00:54:22.69,22.57,-56.24,-992.10,192.50,-752.50,-358.75,1,94.252,
01/01/2000,00:54:22.70,22.45,-56.24,-992.23,183.75,-673.75,-341.25,1,94.191,
01/01/2000,00:54:22.72,22.20,-56.12,-992.35,166.25,-665.0,-262.50,1,94.195,
01/01/2000,00:54:22.73,22.33,-56.12,-992.23,210.0,-673.75,-472.50,1,94.199,
01/01/2000,00:54:22.74,22.33,-56.12,-992.10,253.75,-673.75,-402.50,1,94.203,
01/01/2000,00:54:22.75,22.20,-56.00,-991.98,210.0,-691.25,-306.25,1,94.207,
01/01/2000,00:54:22.76,22.33,-56.00,-992.23,78.75,-612.50,-393.75,1,94.211,
01/01/2000,00:54:22.77,22.20,-55.88,-992.35,105.0,-700.0,-315.0,1,94.215,
01/01/2000,00:54:22.78,22.33,-55.88,-992.35,96.25,-656.25,-306.25,1,94.219,
01/01/2000,00:54:22.79,22.20,-56.00,-992.23,402.50,-822.50,-376.25,1,94.223,
01/01/2000,00:54:22.80,22.33,-55.88,-992.23,175.0,-787.50,-236.25,1,94.227,
01/01/2000,00:54:22.81,22.33,-56.12,-992.10,210.0,-735.0,-385.0,1,94.231,
01/01/2000,00:54:22.82,22.45,-56.24,-992.10,113.75,-770.0,-481.25,1,94.235,
01/01/2000,00:54:22.83,22.45,-56.36,-992.35,78.75,-682.50,-367.50,1,94.239,
01/01/2000,00:54:22.84,22.45,-56.12,-992.23,192.50,-638.75,-315.0,1,94.243,
01/01/2000,00:54:22.85,22.45,-56.12,-992.10,297.50,-691.25,-332.50,1,94.182,
01/01/2000,00:54:22.86,22.45,-56.12,-992.23,192.50,-673.75,-332.50,1,94.186,
01/01/2000,00:54:22.87,22.45,-56.12,-992.35,148.75,-778.75,-376.25,1,94.190,
01/01/2000,00:54:22.88,22.45,-56.36,-992.35,131.25,-665.0,-262.50,1,94.194,
01/01/2000,00:54:22.89,22.45,-56.24,-992.59,192.50,-770.0,-341.25,1,94.198,
01/01/2000,00:54:22.90,22.57,-56.24,-992.47,0.0,-647.50,-332.50,1,94.202,
01/01/2000,00:54:22.91,22.69,-56.00,-992.47,70.0,-621.25,-376.25,1,94.206,
01/01/2000,00:54:22.93,22.69,-56.00,-992.23,210.0,-656.25,-385.0,1,94.210,
01/01/2000,00:54:22.94,22.69,-56.12,-992.23,245.0,-630.0,-297.50,1,94.214,
01/01/2000,00:54:22.95,22.57,-56.12,-992.35,236.25,-735.0,-323.75,1,94.218,
01/01/2000,00:54:22.96,22.45,-56.24,-992.35,52.50,-673.75,-288.75,1,94.222,
01/01/2000,00:54:22.97,22.57,-56.00,-992.35,61.25,-743.75,-306.25,1,94.226,
01/01/2000,00:54:22.98,22.45,-56.00,-992.35,148.75,-726.25,-350.0,1,94.229,
01/01/2000,00:54:22.99,22.45,-56.12,-992.23,157.50,-691.25,-341.25,1,94.233,
01/01/2000,00:54:23.00,22.57,-56.36,-992.35,87.50,-708.75,-463.75,1,94.237,
01/01/2000,00:54:23.01,22.57,-56.24,-992.59,122.50,-743.75,-332.50,1,94.241,
01/01/2000,00:54:23.02,22.69,-56.24,-992.71,43.75,-726.25,-297.50,1,94.245,
01/01/2000,00:54:23.03,22.69,-56.12,-992.71,87.50,-752.50,-332.50,1,94.185,
01/01/2000,00:54:23.04,22.45,-55.88,-992.47,140.0,-717.50,-280.0,1,94.253,
01/01/2000,00:54:23.06,22.57,-56.00,-992.59,113.75,-595.0,-332.50,1,94.193,
01/01/2000,00:54:23.07,22.94,-56.12,-992.84,157.50,-735.0,-323.75,1,94.197,
01/01/2000,00:54:23.08,22.94,-56.12,-992.84,245.0,-682.50,-350.0,1,94.201,
01/01/2000,00:54:23.09,22.94,-56.12,-992.59,166.25,-647.50,-376.25,1,94.205,
01/01/2000,00:54:23.10,22.94,-56.24,-992.47,210.0,-743.75,-323.75,1,94.209,
01/01/2000,00:54:23.11,22.69,-56.12,-992.35,-8.75,-656.25,-332.50,1,94.213,
01/01/2000,00:54:23.12,22.94,-56.00,-992.35,78.75,-630.0,-323.75,1,94.217,
01/01/2000,00:54:23.13,22.81,-56.00,-992.23,105.0,-743.75,-227.50,1,94.220,
01/01/2000,00:54:23.14,22.81,-56.12,-992.23,52.50,-735.0,-341.25,1,94.161,
01/01/2000,00:54:23.15,22.81,-56.24,-992.35,96.25,-673.75,-385.0,1,94.165,
01/01/2000,00:54:23.16,22.69,-56.12,-992.35,122.50,-682.50,-306.25,1,94.169,
01/01/2000,00:54:23.17,22.69,-56.00,-992.23,78.75,-682.50,-332.50,1,94.173,
01/01/2000,00:54:23.18,22.69,-55.88,-992.10,105.0,-682.50,-385.0,1,94.177,
01/01/2000,00:54:23.19,22.57,-55.75,-991.86,253.75,-717.50,-262.50,1,94.181,
01/01/2000,00:54:23.21,22.69,-55.88,-992.10,122.50,-708.75,-315.0,1,94.184,
01/01/2000,00:54:23.22,22.69,-56.24,-992.35,201.25,-568.75,-350.0,1,94.188,
01/01/2000,00:54:23.23,22.69,-56.12,-992.35,61.25,-708.75,-367.50,1,94.192,
01/01/2000,00:54:23.24,22.57,-56.12,-992.35,192.50,-735.0,-376.25,1,94.196,
01/01/2000,00:54:23.25,22.57,-56.00,-992.35,140.0,-743.75,-358.75,1,94.200,
01/01/2000,00:54:23.26,22.57,-55.88,-992.23,306.25,-717.50,-358.75,1,94.204,
01/01/2000,00:54:23.27,22.69,-56.12,-992.47,262.50,-770.0,-341.25,1,94.208,
01/01/2000,00:54:23.28,22.69,-56.00,-992.35,122.50,-691.25,-341.25,1,94.212,
01/01/2000,00:54:23.29,22.45,-56.12,-992.23,271.25,-717.50,-402.50,1,94.215,
01/01/2000,00:54:23.30,22.57,-55.88,-992.23,87.50,-708.75,-341.25,1,94.219,
01/01/2000,00:54:23.31,22.69,-55.63,-992.35,43.75,-770.0,-437.50,1,94.223,
01/01/2000,00:54:23.32,22.57,-55.63,-992.47,192.50,-682.50,-411.25,1,94.227,
01/01/2000,00:54:23.33,22.45,-55.75,-992.59,210.0,-673.75,-323.75,1,94.231,
01/01/2000,00:54:23.34,22.33,-56.12,-992.35,175.0,-700.0,-402.50,1,94.235,
01/01/2000,00:54:23.35,22.33,-56.00,-992.35,70.0,-726.25,-358.75,1,94.176,
01/01/2000,00:54:23.37,22.45,-56.00,-992.23,210.0,-673.75,-367.50,1,94.180,
01/01/2000,00:54:23.37,22.45,-55.88,-992.35,210.0,-682.50,-297.50,1,94.184,
01/01/2000,00:54:23.39,22.45,-56.00,-992.47,122.50,-630.0,-332.50,1,94.188,
01/01/2000,00:54:23.40,22.45,-56.12,-992.59,201.25,-708.75,-463.75,1,94.191,
01/01/2000,00:54:23.41,22.45,-56.00,-992.59,157.50,-822.50,-271.25,1,94.195,
01/01/2000,00:54:23.42,22.45,-56.00,-992.35,122.50,-542.50,-350.0,1,94.199,
01/01/2000,00:54:23.43,22.33,-55.63,-992.35,236.25,-682.50,-341.25,1,94.203,
01/01/2000,00:54:23.44,22.33,-55.88,-992.59,183.75,-647.50,-271.25,1,94.207,
01/01/2000,00:54:23.45,22.33,-55.88,-992.59,210.0,-691.25,-376.25,1,94.211,
01/01/2000,00:54:23.46,22.45,-55.75,-992.59,218.75,-700.0,-245.0,1,94.214,
01/01/2000,00:54:23.47,22.45,-55.63,-992.35,253.75,-691.25,-420.0,1,94.218,
01/01/2000,00:54:23.48,22.57,-55.63,-992.10,87.50,-656.25,-297.50,1,94.222,
01/01/2000,00:54:23.49,22.57,-55.63,-991.98,236.25,-673.75,-253.75,1,94.164,
01/01/2000,00:54:23.50,22.45,-55.63,-992.10,8.75,-770.0,-288.75,1,94.168,
01/01/2000,00:54:23.51,22.45,-55.75,-992.23,227.50,-743.75,-315.0,1,94.172,
01/01/2000,00:54:23.52,22.57,-55.88,-992.35,113.75,-673.75,-376.25,1,94.175,
01/01/2000,00:54:23.53,22.57,-55.75,-992.47,105.0,-691.25,-271.25,1,94.179,
01/01/2000,00:54:23.54,22.45,-55.88,-992.23,122.50,-735.0,-288.75,1,94.183,
01/01/2000,00:54:23.55,22.20,-55.88,-991.98,192.50,-787.50,-376.25,1,94.187,
01/01/2000,00:54:23.57,22.20,-55.75,-991.98,70.0,-682.50,-175.0,1,94.191,
01/01/2000,00:54:23.58,22.20,-55.63,-992.10,175.0,-691.25,-420.0,1,94.133,
01/01/2000,00:54:23.59,22.20,-55.63,-992.23,43.75,-647.50,-288.75,1,94.137,
01/01/2000,00:54:23.60,22.33,-55.63,-992.35,192.50,-726.25,-428.75,1,94.141,
01/01/2000,00:54:23.61,22.45,-55.75,-992.35,96.25,-603.75,-350.0,1,94.144,
01/01/2000,00:54:23.62,22.45,-55.75,-992.23,218.75,-682.50,-393.75,1,94.148,
01/01/2000,00:54:23.63,22.57,-55.51,-992.23,43.75,-665.0,-218.75,1,94.152,
01/01/2000,00:54:23.64,22.57,-55.51,-992.10,52.50,-752.50,-393.75,1,94.156,
01/01/2000,00:54:23.65,22.45,-55.63,-992.10,245.0,-586.25,-201.25,1,94.160,
01/01/2000,00:54:23.66,22.57,-55.75,-992.35,96.25,-630.0,-367.50,1,94.163,
01/01/2000,00:54:23.67,22.69,-55.75,-992.47,157.50,-743.75,-350.0,1,94.167,
01/01/2000,00:54:23.68,22.69,-55.88,-992.23,70.0,-638.75,-463.75,1,94.171,
01/01/2000,00:54:23.69,22.57,-55.88,-991.86,8.75,-630.0,-271.25,1,94.175,
01/01/2000,00:54:23.71,22.57,-55.63,-991.86,245.0,-761.25,-306.25,1,94.179,
01/01/2000,00:54:23.72,22.57,-55.88,-991.98,166.25,-638.75,-297.50,1,94.182,
01/01/2000,00:54:23.73,22.57,-55.88,-992.35,218.75,-743.75,-455.0,1,94.186,
01/01/2000,00:54:23.74,22.45,-55.88,-992.35,-17.50,-761.25,-315.0,1,94.190,
01/01/2000,00:54:23.75,22.33,-55.88,-992.10,236.25,-638.75,-376.25,1,94.194,
01/01/2000,00:54:23.76,22.45,-55.88,-991.98,245.0,-682.50,-376.25,1,94.197,
01/01/2000,00:54:23.77,22.45,-55.75,-991.98,157.50,-778.75,-218.75,1,94.201,
01/01/2000,00:54:23.78,22.45,-55.88,-992.23,262.50,-787.50,-411.25,1,94.205,
01/01/2000,00:54:23.79,22.45,-56.00,-992.35,227.50,-691.25,-367.50,1,94.208,
01/01/2000,00:54:23.80,22.45,-56.00,-992.10,70.0,-726.25,-367.50,1,94.212,
01/01/2000,00:54:23.81,22.57,-56.00,-991.86,210.0,-638.75,-227.50,1,94.216,
01/01/2000,00:54:23.82,22.57,-55.88,-991.98,236.25,-752.50,-350.0,1,94.220,
01/01/2000,00:54:23.83,22.45,-56.12,-992.35,210.0,-700.0,-306.25,1,94.223,
01/01/2000,00:54:23.84,22.45,-56.12,-992.35,166.25,-612.50,-393.75,1,94.167,
01/01/2000,00:54:23.85,22.45,-56.12,-992.10,166.25,-682.50,-385.0,1,94.170,
01/01/2000,00:54:23.86,22.45,-55.75,-991.86,210.0,-717.50,-271.25,1,94.174,
01/01/2000,00:54:23.87,22.45,-55.63,-991.74,166.25,-691.25,-280.0,1,94.178,
01/01/2000,00:54:23.88,22.57,-55.88,-992.10,262.50,-700.0,-323.75,1,94.182,
01/01/2000,00:54:23.89,22.57,-56.00,-992.23,131.25,-682.50,-323.75,1,94.185,
01/01/2000,00:54:23.90,22.57,-56.12,-992.35,236.25,-638.75,-498.75,1,94.189,
01/01/2000,00:54:23.92,22.69,-55.75,-991.86,61.25,-621.25,-315.0,1,94.193,
01/01/2000,00:54:23.93,22.69,-55.51,-991.62,87.50,-665.0,-306.25,1,94.196,
01/01/2000,00:54:23.94,22.57,-55.63,-991.62,175.0,-673.75,-288.75,1,94.200,
01/01/2000,00:54:23.95,22.45,-56.00,-991.86,157.50,-743.75,-245.0,1,94.204,
01/01/2000,00:54:23.96,22.69,-56.12,-992.10,61.25,-638.75,-393.75,1,94.208,
01/01/2000,00:54:23.97,22.69,-56.12,-992.10,192.50,-717.50,-271.25,1,94.211,
01/01/2000,00:54:23.98,22.69,-55.88,-991.86,61.25,-752.50,-376.25,1,94.155,
01/01/2000,00:54:23.99,22.69,-55.88,-991.86,192.50,-673.75,-385.0,1,94.159,
01/01/2000,00:54:24.00,22.57,-55.63,-992.10,131.25,-682.50,-288.75,1,94.162,
01/01/2000,00:54:24.01,22.57,-56.00,-992.23,236.25,-700.0,-358.75,1,94.166,
01/01/2000,00:54:24.02,22.57,-56.12,-992.23,236.25,-691.25,-288.75,1,94.170,
01/01/2000,00:54:24.03,22.45,-56.12,-992.23,105.0,-752.50,-428.75,1,94.174,
01/01/2000,00:54:24.04,22.45,-56.12,-991.98,8.75,-586.25,-297.50,1,94.177,
01/01/2000,00:54:24.06,22.20,-56.12,-992.10,87.50,-656.25,-262.50,1,94.181,
01/01/2000,00:54:24.07,22.33,-56.00,-992.35,218.75,-647.50,-437.50,1,94.185,
01/01/2000,00:54:24.08,22.45,-55.88,-992.35,245.0,-743.75,-358.75,1,94.188,
01/01/2000,00:54:24.09,22.20,-56.00,-992.10,175.0,-787.50,-402.50,1,94.192,
01/01/2000,00:54:24.10,22.20,-55.88,-991.86,210.0,-682.50,-332.50,1,94.196,
01/01/2000,00:54:24.11,22.33,-55.88,-991.98,201.25,-665.0,-376.25,1,94.199,
01/01/2000,00:54:24.12,22.45,-56.00,-992.10,105.0,-700.0,-245.0,1,94.203,
01/01/2000,00:54:24.13,22.45,-55.88,-992.10,166.25,-665.0,-262.50,1,94.147,
01/01/2000,00:54:24.14,22.33,-55.88,-991.98,271.25,-717.50,-332.50,1,94.151,
01/01/2000,00:54:24.15,22.45,-55.88,-991.86,297.50,-682.50,-385.0,1,94.155,
01/01/2000,00:54:24.16,22.45,-55.88,-991.86,183.75,-638.75,-227.50,1,94.158,
01/01/2000,00:54:24.17,22.45,-56.00,-991.98,148.75,-691.25,-306.25,1,94.162,
01/01/2000,00:54:24.18,22.45,-56.12,-991.98,210.0,-638.75,-315.0,1,94.166,
01/01/2000,00:54:24.19,22.45,-56.00,-992.10,175.0,-586.25,-358.75,1,94.169,
01/01/2000,00:54:24.20,22.33,-55.75,-991.98,192.50,-647.50,-402.50,1,94.173,
01/01/2000,00:54:24.21,22.45,-55.88,-991.86,131.25,-638.75,-210.0,1,94.177,
01/01/2000,00:54:24.22,22.33,-55.75,-991.86,218.75,-708.75,-271.25,1,94.180,
01/01/2000,00:54:24.23,22.45,-55.88,-992.10,262.50,-726.25,-288.75,1,94.184,
01/01/2000,00:54:24.25,22.45,-55.88,-992.10,236.25,-638.75,-367.50,1,94.188,
01/01/2000,00:54:24.25,22.45,-55.88,-992.10,105.0,-708.75,-437.50,1,94.191,
01/01/2000,00:54:24.27,22.45,-55.63,-992.10,140.0,-682.50,-271.25,1,94.195,
01/01/2000,00:54:24.28,22.45,-55.75,-991.86,236.25,-743.75,-463.75,1,94.198,
01/01/2000,00:54:24.29,22.45,-55.88,-991.98,157.50,-691.25,-280.0,1,94.202,
01/01/2000,00:54:24.30,22.45,-56.12,-992.10,96.25,-822.50,-341.25,1,94.206,
01/01/2000,00:54:24.31,22.45,-56.24,-991.86,192.50,-735.0,-367.50,1,94.209,
01/01/2000,00:54:24.32,22.33,-55.88,-991.86,122.50,-770.0,-288.75,1,94.213,
01/01/2000,00:54:24.33,22.33,-55.88,-991.74,78.75,-691.25,-332.50,1,94.216,
01/01/2000,00:54:24.34,22.33,-55.88,-991.98,43.75,-673.75,-271.25,1,94.220,
01/01/2000,00:54:24.35,22.45,-56.00,-991.98,245.0,-700.0,-411.25,1,94.224,
01/01/2000,00:54:24.36,22.33,-56.12,-992.10,131.25,-726.25,-385.0,1,94.227,
01/01/2000,00:54:24.37,22.45,-56.00,-991.86,52.50,-735.0,-350.0,1,94.231,
01/01/2000,00:54:24.38,22.57,-55.88,-991.86,61.25,-603.75,-350.0,1,94.234,
01/01/2000,00:54:24.39,22.57,-55.88,-991.86,297.50,-656.25,-306.25,1,94.238,
01/01/2000,00:54:24.40,22.57,-55.88,-991.74,96.25,-761.25,-253.75,1,94.183,
01/01/2000,00:54:24.41,22.45,-55.75,-991.74,122.50,-603.75,-437.50,1,94.187,
01/01/2000,00:54:24.42,22.45,-55.63,-991.86,210.0,-630.0,-350.0,1,94.190,
01/01/2000,00:54:24.43,22.57,-55.88,-991.86,113.75,-700.0,-306.25,1,94.194,
01/01/2000,00:54:24.44,22.57,-55.75,-991.74,148.75,-735.0,-341.25,1,94.198,
01/01/2000,00:54:24.45,22.45,-56.00,-991.86,271.25,-735.0,-350.0,1,94.201,
01/01/2000,00:54:24.46,22.45,-56.00,-991.86,157.50,-726.25,-332.50,1,94.205,
01/01/2000,00:54:24.48,22.45,-55.88,-992.10,140.0,-700.0,-315.0,1,94.208,
01/01/2000,00:54:24.49,22.57,-55.88,-992.10,175.0,-673.75,-367.50,1,94.212,
01/01/2000,00:54:24.50,22.45,-55.75,-991.86,236.25,-665.0,-218.75,1,94.215,
01/01/2000,00:54:24.51,22.45,-55.88,-991.62,105.0,-840.0,-236.25,1,94.219,
01/01/2000,00:54:24.52,22.45,-55.88,-991.62,70.0,-682.50,-420.0,1,94.222,
01/01/2000,00:54:24.53,22.69,-56.12,-991.86,253.75,-673.75,-455.0,1,94.226,
01/01/2000,00:54:24.54,22.57,-55.88,-991.98,61.25,-717.50,-315.0,1,94.230,
01/01/2000,00:54:24.55,22.33,-56.00,-992.10,113.75,-822.50,-402.50,1,94.175,
01/01/2000,00:54:24.56,22.33,-55.88,-992.10,70.0,-735.0,-288.75,1,94.179,
01/01/2000,00:54:24.57,22.45,-55.75,-991.86,210.0,-717.50,-323.75,1,94.182,
01/01/2000,00:54:24.58,22.45,-55.88,-991.98,227.50,-673.75,-341.25,1,94.186,
01/01/2000,00:54:24.60,22.57,-56.12,-991.86,105.0,-612.50,-227.50,1,94.190,
01/01/2000,00:54:24.61,22.57,-56.00,-991.98,-35.0,-778.75,-376.25,1,94.193,
01/01/2000,00:54:24.62,22.57,-56.12,-991.98,227.50,-743.75,-437.50,1,94.197,
01/01/2000,00:54:24.63,22.57,-56.12,-992.10,253.75,-586.25,-271.25,1,94.200,
01/01/2000,00:54:24.64,22.45,-56.12,-992.10,271.25,-752.50,-393.75,1,94.204,
01/01/2000,00:54:24.65,22.45,-56.12,-992.10,245.0,-656.25,-253.75,1,94.207,
01/01/2000,00:54:24.66,22.45,-56.12,-992.35,175.0,-796.25,-358.75,1,94.211,
01/01/2000,00:54:24.67,22.45,-56.00,-992.10,131.25,-638.75,-288.75,1,94.214,
01/01/2000,00:54:24.68,22.45,-56.12,-991.98,253.75,-761.25,-446.25,1,94.218,
01/01/2000,00:54:24.69,22.45,-56.00,-991.98,253.75,-700.0,-157.50,1,94.221,
01/01/2000,00:54:24.70,22.45,-55.75,-991.98,183.75,-787.50,-358.75,1,94.225,
01/01/2000,00:54:24.71,22.45,-55.88,-991.86,280.0,-525.0,-376.25,1,94.228,
01/01/2000,00:54:24.72,22.33,-55.88,-991.86,192.50,-735.0,-341.25,1,94.232,
01/01/2000,00:54:24.73,22.45,-55.88,-991.86,78.75,-717.50,-341.25,1,94.235,
01/01/2000,00:54:24.74,22.45,-55.88,-991.86,306.25,-700.0,-358.75,1,94.182,
01/01/2000,00:54:24.75,22.45,-55.88,-991.86,105.0,-691.25,-358.75,1,94.242,
01/01/2000,00:54:24.77,22.33,-55.88,-991.98,157.50,-586.25,-323.75,1,94.189,
01/01/2000,00:54:24.78,22.33,-55.88,-991.86,157.50,-665.0,-262.50,1,94.192,
01/01/2000,00:54:24.79,22.33,-55.75,-991.86,131.25,-656.25,-253.75,1,94.196,
01/01/2000,00:54:24.80,22.20,-55.75,-991.86,131.25,-708.75,-271.25,1,94.199,
01/01/2000,00:54:24.81,22.20,-55.63,-991.74,157.50,-708.75,-306.25,1,94.203,
01/01/2000,00:54:24.82,22.33,-55.63,-991.74,113.75,-621.25,-358.75,1,94.206,
01/01/2000,00:54:24.83,22.20,-55.63,-992.10,113.75,-647.50,-393.75,1,94.210,
01/01/2000,00:54:24.84,22.45,-55.75,-991.98,236.25,-621.25,-315.0,1,94.213,
01/01/2000,00:54:24.85,22.45,-55.63,-991.98,122.50,-656.25,-315.0,1,94.217,
01/01/2000,00:54:24.86,22.45,-55.75,-991.74,35.0,-673.75,-446.25,1,94.220,
01/01/2000,00:54:24.87,22.45,-55.75,-991.86,157.50,-708.75,-350.0,1,94.224,
01/01/2000,00:54:24.88,22.45,-55.88,-991.86,236.25,-752.50,-341.25,1,94.227,
01/01/2000,00:54:24.89,22.45,-55.88,-991.86,192.50,-630.0,-402.50,1,94.231,
01/01/2000,00:54:24.90,22.69,-55.88,-991.86,192.50,-691.25,-306.25,1,94.178,
01/01/2000,00:54:24.91,22.69,-55.88,-991.74,113.75,-621.25,-288.75,1,94.181,
01/01/2000,00:54:24.92,22.57,-55.88,-991.74,61.25,-630.0,-253.75,1,94.185,
01/01/2000,00:54:24.93,22.69,-56.12,-991.74,175.0,-638.75,-358.75,1,94.188,
01/01/2000,00:54:24.94,22.69,-56.00,-991.86,-26.25,-726.25,-288.75,1,94.192,
01/01/2000,00:54:24.95,22.69,-56.00,-991.86,96.25,-700.0,-385.0,1,94.195,
01/01/2000,00:54:24.97,22.69,-55.75,-991.74,183.75,-735.0,-297.50,1,94.199,
01/01/2000,00:54:24.98,22.81,-55.75,-991.74,175.0,-822.50,-358.75,1,94.202,
01/01/2000,00:54:24.99,22.69,-55.75,-991.74,166.25,-735.0,-332.50,1,94.205,
01/01/2000,00:54:25.00,22.69,-55.63,-991.86,43.75,-691.25,-332.50,1,94.209,
01/01/2000,00:54:25.01,22.81,-55.75,-991.86,236.25,-796.25,-341.25,1,94.212,
01/01/2000,00:54:25.02,22.57,-55.63,-991.74,105.0,-700.0,-253.75,1,94.216,
01/01/2000,00:54:25.03,22.45,-55.75,-991.74,140.0,-735.0,-280.0,1,94.219,
01/01/2000,00:54:25.04,22.45,-55.75,-991.86,122.50,-603.75,-323.75,1,94.223,
01/01/2000,00:54:25.05,22.57,-55.63,-992.10,140.0,-630.0,-253.75,1,94.226,
01/01/2000,00:54:25.06,22.69,-55.88,-992.23,262.50,-665.0,-271.25,1,94.230,
01/01/2000,00:54:25.07,22.57,-55.88,-992.23,96.25,-630.0,-288.75,1,94.233,
01/01/2000,00:54:25.08,22.45,-55.75,-991.98,0.0,-691.25,-280.0,1,94.236,
01/01/2000,00:54:25.09,22.57,-55.88,-992.10,166.25,-682.50,-341.25,1,94.240,
01/01/2000,00:54:25.11,22.45,-55.88,-992.47,166.25,-726.25,-420.0,1,94.187,
01/01/2000,00:54:25.12,22.33,-56.12,-992.23,157.50,-673.75,-358.75,1,94.191,
01/01/2000,00:54:25.13,22.33,-55.88,-992.23,105.0,-700.0,-306.25,1,94.194,
01/01/2000,00:54:25.14,22.45,-55.88,-992.10,157.50,-647.50,-393.75,1,94.198,
01/01/2000,00:54:25.15,22.45,-55.88,-992.23,367.50,-743.75,-201.25,1,94.201,
01/01/2000,00:54:25.16,22.45,-56.00,-992.23,26.25,-700.0,-332.50,1,94.205,
01/01/2000,00:54:25.17,22.45,-56.00,-992.23,218.75,-621.25,-367.50,1,94.208,
01/01/2000,00:54:25.18,22.33,-56.12,-992.23,157.50,-568.75,-201.25,1,94.156,
01/01/2000,00:54:25.19,22.45,-56.00,-992.10,245.0,-743.75,-437.50,1,94.159,
01/01/2000,00:54:25.20,22.57,-55.75,-992.10,52.50,-656.25,-350.0,1,94.163,
01/01/2000,00:54:25.21,22.69,-56.00,-992.23,70.0,-647.50,-280.0,1,94.166,
01/01/2000,00:54:25.22,22.57,-56.00,-992.10,183.75,-726.25,-376.25,1,94.170,
01/01/2000,00:54:25.23,22.45,-55.88,-992.23,78.75,-673.75,-402.50,1,94.173,
01/01/2000,00:54:25.24,22.69,-56.00,-992.10,148.75,-586.25,-306.25,1,94.176,
01/01/2000,00:54:25.25,22.69,-55.88,-991.98,70.0,-708.75,-323.75,1,94.180,
01/01/2000,00:54:25.27,22.69,-56.00,-992.10,201.25,-691.25,-315.0,1,94.183,
01/01/2000,00:54:25.27,22.69,-55.88,-992.10,61.25,-691.25,-385.0,1,94.187,
01/01/2000,00:54:25.29,22.69,-55.88,-992.35,166.25,-726.25,-393.75,1,94.190,
01/01/2000,00:54:25.30,22.69,-55.63,-992.47,26.25,-630.0,-472.50,1,94.194,
01/01/2000,00:54:25.31,22.69,-55.75,-992.35,262.50,-770.0,-271.25,1,94.197,
01/01/2000,00:54:25.32,22.69,-55.88,-992.35,262.50,-735.0,-297.50,1,94.200,
01/01/2000,00:54:25.33,22.57,-55.88,-992.35,113.75,-682.50,-271.25,1,94.204,
01/01/2000,00:54:25.34,22.45,-55.88,-992.35,96.25,-726.25,-253.75,1,94.207,
01/01/2000,00:54:25.35,22.45,-55.75,-992.47,227.50,-665.0,-315.0,1,94.211,
01/01/2000,00:54:25.36,22.33,-55.75,-992.47,210.0,-700.0,-227.50,1,94.214,
01/01/2000,00:54:25.37,22.45,-55.88,-992.35,218.75,-673.75,-472.50,1,94.217,
01/01/2000,00:54:25.38,22.57,-55.88,-992.35,78.75,-673.75,-253.75,1,94.221,
01/01/2000,00:54:25.39,22.45,-56.00,-992.35,323.75,-726.25,-376.25,1,94.169,
01/01/2000,00:54:25.40,22.45,-55.88,-992.23,192.50,-647.50,-481.25,1,94.172,
01/01/2000,00:54:25.41,22.45,-56.12,-992.10,157.50,-743.75,-385.0,1,94.176,
01/01/2000,00:54:25.42,22.45,-55.88,-992.10,35.0,-673.75,-236.25,1,94.179,
01/01/2000,00:54:25.43,22.33,-56.12,-992.10,236.25,-743.75,-350.0,1,94.183,
01/01/2000,00:54:25.44,22.33,-56.12,-992.10,157.50,-717.50,-323.75,1,94.186,
01/01/2000,00:54:25.45,22.20,-56.12,-992.10,113.75,-717.50,-297.50,1,94.189,
01/01/2000,00:54:25.47,22.20,-56.24,-991.98,148.75,-665.0,-437.50,1,94.193,
01/01/2000,00:54:25.48,22.33,-56.12,-991.86,122.50,-700.0,-315.0,1,94.196,
01/01/2000,00:54:25.49,22.45,-56.12,-991.98,105.0,-673.75,-262.50,1,94.200,
01/01/2000,00:54:25.50,22.45,-56.12,-991.98,52.50,-603.75,-323.75,1,94.203,
01/01/2000,00:54:25.51,22.45,-56.36,-991.98,201.25,-630.0,-393.75,1,94.206,
01/01/2000,00:54:25.52,22.45,-56.24,-992.10,253.75,-638.75,-350.0,1,94.210,
01/01/2000,00:54:25.53,22.33,-56.12,-991.98,227.50,-700.0,-420.0,1,94.213,
01/01/2000,00:54:25.54,22.45,-56.12,-992.10,70.0,-638.75,-315.0,1,94.216,
01/01/2000,00:54:25.55,22.45,-56.12,-992.10,140.0,-743.75,-402.50,1,94.220,
01/01/2000,00:54:25.56,22.45,-56.12,-992.23,122.50,-638.75,-280.0,1,94.223,
01/01/2000,00:54:25.57,22.69,-56.12,-992.10,218.75,-665.0,-341.25,1,94.226,
01/01/2000,00:54:25.58,22.69,-56.12,-992.10,245.0,-700.0,-323.75,1,94.230,
01/01/2000,00:54:25.59,22.69,-56.00,-992.23,-35.0,-700.0,-236.25,1,94.233,
01/01/2000,00:54:25.61,22.69,-55.88,-992.23,8.75,-630.0,-385.0,1,94.182,
01/01/2000,00:54:25.62,22.69,-55.88,-992.35,157.50,-813.75,-306.25,1,94.185,
01/01/2000,00:54:25.63,22.45,-55.75,-992.10,262.50,-717.50,-315.0,1,94.189,
01/01/2000,00:54:25.64,22.45,-55.88,-992.10,297.50,-656.25,-323.75,1,94.192,
01/01/2000,00:54:25.65,22.45,-55.88,-992.10,183.75,-735.0,-280.0,1,94.195,
01/01/2000,00:54:25.66,22.45,-56.00,-992.35,113.75,-813.75,-288.75,1,94.199,
01/01/2000,00:54:25.67,22.45,-56.00,-992.35,8.75,-708.75,-297.50,1,94.202,
01/01/2000,00:54:25.68,22.45,-56.12,-992.23,70.0,-673.75,-420.0,1,94.151,
01/01/2000,00:54:25.69,22.57,-55.88,-992.23,70.0,-717.50,-358.75,1,94.155,
01/01/2000,00:54:25.70,22.45,-55.88,-992.35,61.25,-665.0,-332.50,1,94.158,
01/01/2000,00:54:25.71,22.57,-56.12,-992.23,96.25,-673.75,-350.0,1,94.161,
01/01/2000,00:54:25.72,22.57,-56.12,-992.10,218.75,-577.50,-262.50,1,94.165,
01/01/2000,00:54:25.73,22.69,-56.12,-992.23,113.75,-735.0,-393.75,1,94.168,
01/01/2000,00:54:25.74,22.45,-56.12,-992.10,253.75,-778.75,-341.25,1,94.171,
01/01/2000,00:54:25.75,22.45,-55.88,-992.23,140.0,-726.25,-271.25,1,94.175,
01/01/2000,00:54:25.76,22.45,-55.88,-992.10,166.25,-638.75,-332.50,1,94.178,
01/01/2000,00:54:25.77,22.45,-55.88,-992.10,140.0,-691.25,-271.25,1,94.181,
01/01/2000,00:54:25.78,22.45,-55.88,-992.10,166.25,-717.50,-332.50,1,94.185,
01/01/2000,00:54:25.79,22.57,-56.12,-991.98,245.0,-778.75,-341.25,1,94.188,
01/01/2000,00:54:25.80,22.33,-55.88,-991.86,210.0,-717.50,-376.25,1,94.191,
01/01/2000,00:54:25.82,22.33,-55.63,-992.10,201.25,-778.75,-341.25,1,94.195,
01/01/2000,00:54:25.83,22.57,-55.63,-992.23,218.75,-621.25,-315.0,1,94.198,
01/01/2000,00:54:25.84,22.57,-55.63,-992.35,131.25,-708.75,-385.0,1,94.201,
01/01/2000,00:54:25.85,22.57,-55.63,-992.35,175.0,-743.75,-148.75,1,94.205,
01/01/2000,00:54:25.86,22.45,-56.00,-992.10,262.50,-857.50,-481.25,1,94.208,
01/01/2000,00:54:25.87,22.45,-55.88,-991.86,61.25,-743.75,-428.75,1,94.211,
01/01/2000,00:54:25.88,22.45,-55.88,-991.86,105.0,-673.75,-262.50,1,94.214,
01/01/2000,00:54:25.89,22.45,-55.63,-992.10,140.0,-831.25,-271.25,1,94.164,
01/01/2000,00:54:25.90,22.45,-55.75,-992.10,157.50,-708.75,-385.0,1,94.168,
01/01/2000,00:54:25.91,22.45,-56.00,-991.98,113.75,-603.75,-358.75,1,94.171,
01/01/2000,00:54:25.92,22.33,-56.12,-991.86,-26.25,-647.50,-315.0,1,94.174,
01/01/2000,00:54:25.93,22.33,-56.12,-991.86,166.25,-682.50,-280.0,1,94.177,
01/01/2000,00:54:25.94,22.45,-56.00,-992.10,148.75,-691.25,-297.50,1,94.181,
01/01/2000,00:54:25.95,22.45,-56.00,-992.23,122.50,-752.50,-271.25,1,94.184,
01/01/2000,00:54:25.97,22.57,-56.12,-992.47,122.50,-682.50,-376.25,1,94.187,
01/01/2000,00:54:25.98,22.45,-56.00,-992.35,183.75,-682.50,-376.25,1,94.191,
01/01/2000,00:54:25.99,22.69,-55.88,-992.10,227.50,-700.0,-297.50,1,94.194,
01/01/2000,00:54:26.00,22.57,-55.88,-992.10,245.0,-708.75,-236.25,1,94.197,
01/01/2000,00:54:26.01,22.57,-55.88,-992.10,183.75,-665.0,-306.25,1,94.200,
01/01/2000,00:54:26.02,22.45,-55.88,-992.23,157.50,-735.0,-420.0,1,94.204,
01/01/2000,00:54:26.03,22.20,-55.75,-992.10,227.50,-726.25,-428.75,1,94.207,
01/01/2000,00:54:26.04,22.45,-55.63,-992.23,227.50,-735.0,-306.25,1,94.210,
01/01/2000,00:54:26.05,22.45,-55.63,-992.23,227.50,-691.25,-367.50,1,94.213,
01/01/2000,00:54:26.06,22.57,-55.88,-992.23,210.0,-656.25,-315.0,1,94.217,
01/01/2000,00:54:26.07,22.69,-56.00,-992.10,236.25,-700.0,-420.0,1,94.220,
01/01/2000,00:54:26.08,22.57,-55.88,-991.98,201.25,-813.75,-420.0,1,94.223,
01/01/2000,00:54:26.09,22.57,-55.75,-991.98,166.25,-673.75,-332.50,1,94.226,
01/01/2000,00:54:26.10,22.69,-55.63,-991.98,210.0,-691.25,-332.50,1,94.177,
01/01/2000,00:54:26.11,22.69,-55.63,-991.98,218.75,-603.75,-280.0,1,94.180,
01/01/2000,00:54:26.13,22.69,-55.88,-991.86,218.75,-752.50,-297.50,1,94.183,
01/01/2000,00:54:26.14,22.69,-55.88,-991.86,245.0,-673.75,-341.25,1,94.187,
01/01/2000,00:54:26.15,22.69,-56.00,-991.86,166.25,-665.0,-280.0,1,94.190,
01/01/2000,00:54:26.16,22.69,-55.75,-991.86,183.75,-673.75,-411.25,1,94.193,
01/01/2000,00:54:26.17,22.57,-55.75,-991.98,52.50,-682.50,-201.25,1,94.196,
01/01/2000,00:54:26.18,22.57,-56.00,-991.86,131.25,-717.50,-183.75,1,94.200,
01/01/2000,00:54:26.19,22.45,-55.88,-991.86,131.25,-831.25,-533.75,1,94.203,
01/01/2000,00:54:26.20,22.45,-56.24,-991.98,140.0,-665.0,-367.50,1,94.206,
01/01/2000,00:54:26.21,22.69,-56.12,-992.10,210.0,-708.75,-437.50,1,94.209,
01/01/2000,00:54:26.22,22.57,-56.00,-992.10,87.50,-778.75,-271.25,1,94.160,
01/01/2000,00:54:26.23,22.45,-56.00,-992.10,113.75,-743.75,-236.25,1,94.216,
01/01/2000,00:54:26.24,22.45,-55.88,-992.10,131.25,-708.75,-341.25,1,94.167,
01/01/2000,00:54:26.25,22.45,-55.88,-992.10,201.25,-595.0,-280.0,1,94.170,
01/01/2000,00:54:26.26,22.45,-56.00,-992.23,87.50,-700.0,-341.25,1,94.173,
01/01/2000,00:54:26.27,22.45,-56.12,-992.23,17.50,-630.0,-323.75,1,94.176,
01/01/2000,00:54:26.28,22.57,-56.12,-992.23,105.0,-708.75,-341.25,1,94.180,
01/01/2000,00:54:26.29,24.64,-55.88,-992.59,201.25,-507.50,-778.75,1,94.183,
01/01/2000,00:54:26.30,26.60,-55.63,-993.08,315.0,-673.75,-533.75,1,94.186,
01/01/2000,00:54:26.31,28.55,-55.51,-993.08,236.25,-621.25,43.75,1,94.189,
01/01/2000,00:54:26.33,30.01,-56.36,-991.62,245.0,-673.75,-385.0,1,94.192,
01/01/2000,00:54:26.33,30.50,-56.36,-991.25,70.0,-717.50,-472.50,1,94.196,
01/01/2000,00:54:26.35,31.35,-56.49,-991.86,131.25,-735.0,-306.25,1,94.199,
01/01/2000,00:54:26.36,31.84,-56.24,-992.59,288.75,-770.0,-367.50,1,94.202,
01/01/2000,00:54:26.37,32.21,-55.75,-993.32,166.25,-717.50,-367.50,1,94.205,
01/01/2000,00:54:26.38,33.18,-55.63,-992.71,210.0,-612.50,-385.0,1,94.208,
01/01/2000,00:54:26.39,33.79,-55.75,-991.74,113.75,-708.75,-323.75,1,94.212,
01/01/2000,00:54:26.40,34.40,-56.12,-990.88,78.75,-761.25,-481.25,1,94.215,
01/01/2000,00:54:26.41,35.38,-56.36,-990.76,43.75,-595.0,-673.75,1,94.218,
01/01/2000,00:54:26.42,36.60,-56.12,-990.88,262.50,-630.0,-787.50,1,94.221,
01/01/2000,00:54:26.43,38.80,-55.63,-991.49,140.0,-735.0,-586.25,1,94.224,
01/01/2000,00:54:26.44,40.02,-55.63,-991.86,157.50,-796.25,-577.50,1,94.228,
01/01/2000,00:54:26.45,41.48,-55.63,-992.23,70.0,-700.0,-393.75,1,94.179,
01/01/2000,00:54:26.46,41.48,-56.24,-992.59,280.0,-813.75,-315.0,1,94.182,
01/01/2000,00:54:26.47,40.99,-56.61,-992.59,43.75,-875.0,-437.50,1,94.185,
01/01/2000,00:54:26.48,39.77,-56.36,-992.47,105.0,-831.25,-367.50,1,94.189,
01/01/2000,00:54:26.49,37.33,-55.88,-991.98,192.50,-717.50,-315.0,1,94.192,
01/01/2000,00:54:26.50,35.62,-55.51,-991.37,87.50,-665.0,-262.50,1,94.195,
01/01/2000,00:54:26.51,33.92,-55.39,-990.88,131.25,-735.0,-341.25,1,94.198,
01/01/2000,00:54:26.53,32.45,-55.88,-990.76,175.0,-717.50,-612.50,1,94.201,
01/01/2000,00:54:26.54,32.70,-56.00,-991.13,148.75,-735.0,-1015.0,1,94.204,
01/01/2000,00:54:26.55,34.40,-56.12,-992.10,288.75,-682.50,-1181.25,1,94.208,
01/01/2000,00:54:26.56,35.26,-55.75,-992.35,262.50,-647.50,-945.0,1,94.211,
01/01/2000,00:54:26.57,34.77,-56.12,-992.10,245.0,-831.25,-210.0,1,94.214,
01/01/2000,00:54:26.58,32.94,-56.24,-991.62,43.75,-813.75,192.50,1,94.217,
01/01/2000,00:54:26.59,28.55,-56.36,-990.76,113.75,-778.75,-113.75,1,94.220,
01/01/2000,00:54:26.60,25.13,-56.12,-990.76,175.0,-726.25,-630.0,1,94.223,
01/01/2000,00:54:26.61,24.16,-55.51,-991.49,183.75,-612.50,-857.50,1,94.227,
01/01/2000,00:54:26.62,24.64,-55.02,-992.35,166.25,-708.75,-463.75,1,94.230,
01/01/2000,00:54:26.64,27.21,-55.88,-993.08,227.50,-665.0,-472.50,1,94.182,
01/01/2000,00:54:26.65,28.67,-56.61,-992.96,52.50,-752.50,-446.25,1,94.185,
01/01/2000,00:54:26.66,29.28,-56.85,-992.84,113.75,-656.25,-481.25,1,94.188,
01/01/2000,00:54:26.67,28.91,-56.61,-992.59,245.0,-822.50,-218.75,1,94.191,
01/01/2000,00:54:26.68,27.45,-55.75,-992.71,113.75,-866.25,-175.0,1,94.143,
01/01/2000,00:54:26.69,24.77,-55.39,-992.35,17.50,-700.0,148.75,1,94.197,
01/01/2000,00:54:26.70,20.74,-55.51,-992.10,70.0,-665.0,-262.50,1,94.150,
01/01/2000,00:54:26.71,18.91,-55.63,-991.86,-35.0,-647.50,-463.75,1,94.153,
01/01/2000,00:54:26.72,18.91,-55.51,-991.86,262.50,-568.75,-857.50,1,94.156,
01/01/2000,00:54:26.73,20.50,-55.63,-991.86,131.25,-568.75,-770.0,1,94.159,
01/01/2000,00:54:26.74,23.30,-55.63,-992.23,175.0,-700.0,-341.25,1,94.162,
01/01/2000,00:54:26.75,24.89,-56.36,-992.35,140.0,-735.0,-166.25,1,94.165,
01/01/2000,00:54:26.76,25.99,-56.36,-992.59,43.75,-761.25,-367.50,1,94.168,
01/01/2000,00:54:26.77,26.35,-56.36,-993.20,192.50,-673.75,-350.0,1,94.172,
01/01/2000,00:54:26.78,26.11,-55.75,-993.57,96.25,-770.0,-253.75,1,94.175,
01/01/2000,00:54:26.79,25.13,-55.51,-993.32,87.50,-700.0,-78.75,1,94.178,
01/01/2000,00:54:26.80,23.42,-55.39,-992.96,-17.50,-665.0,175.0,1,94.181,
01/01/2000,00:54:26.82,20.86,-55.88,-992.23,70.0,-647.50,-271.25,1,94.184,
01/01/2000,00:54:26.83,19.89,-56.12,-991.86,271.25,-726.25,-708.75,1,94.187,
01/01/2000,00:54:26.84,20.25,-55.63,-992.10,78.75,-560.0,-778.75,1,94.190,
01/01/2000,00:54:26.85,21.47,-55.75,-992.35,236.25,-612.50,-568.75,1,94.194,
01/01/2000,00:54:26.86,23.18,-55.63,-992.71,245.0,-700.0,-201.25,1,94.197,
01/01/2000,00:54:26.87,24.40,-55.63,-992.96,-8.75,-682.50,-52.50,1,94.200,
01/01/2000,00:54:26.88,25.38,-56.61,-992.59,122.50,-787.50,-350.0,1,94.203,
01/01/2000,00:54:26.89,25.38,-56.61,-992.59,227.50,-752.50,-472.50,1,94.206,
01/01/2000,00:54:26.90,24.52,-56.00,-992.47,61.25,-805.0,-210.0,1,94.209,
01/01/2000,00:54:26.91,23.42,-56.00,-992.47,218.75,-708.75,-192.50,1,94.212,
01/01/2000,00:54:26.92,21.96,-55.63,-992.35,201.25,-717.50,-52.50,1,94.215,
01/01/2000,00:54:26.93,20.25,-55.63,-992.23,218.75,-752.50,-166.25,1,94.218,
01/01/2000,00:54:26.94,18.79,-55.88,-992.35,297.50,-665.0,-472.50,1,94.222,
01/01/2000,00:54:26.96,19.52,-56.00,-992.35,245.0,-656.25,-481.25,1,94.174,
01/01/2000,00:54:26.97,20.98,-55.63,-992.71,78.75,-638.75,-577.50,1,94.177,
01/01/2000,00:54:26.98,22.94,-55.63,-992.59,192.50,-638.75,-490.0,1,94.180,
01/01/2000,00:54:26.99,24.89,-55.88,-992.84,43.75,-691.25,-227.50,1,94.184,
01/01/2000,00:54:27.00,26.35,-56.24,-992.59,192.50,-673.75,-297.50,1,94.187,
01/01/2000,00:54:27.01,26.96,-56.61,-992.47,166.25,-735.0,-218.75,1,94.190,
01/01/2000,00:54:27.02,26.23,-56.49,-992.47,26.25,-743.75,-227.50,1,94.193,
01/01/2000,00:54:27.03,24.89,-56.24,-992.59,-43.75,-796.25,26.25,1,94.196,
01/01/2000,00:54:27.04,22.81,-56.12,-992.59,87.50,-568.75,-35.0,1,94.199,
01/01/2000,00:54:27.05,20.13,-55.88,-992.35,218.75,-787.50,-8.75,1,94.202,
01/01/2000,00:54:27.06,17.81,-55.63,-992.23,218.75,-673.75,-630.0,1,94.205,
01/01/2000,00:54:27.07,17.69,-55.75,-992.47,113.75,-717.50,-656.25,1,94.208,
01/01/2000,00:54:27.08,18.91,-55.39,-992.84,166.25,-708.75,-603.75,1,94.211,
01/01/2000,00:54:27.09,21.72,-55.88,-992.96,166.25,-577.50,-183.75,1,94.164,
01/01/2000,00:54:27.10,23.67,-56.00,-992.35,183.75,-717.50,-297.50,1,94.168,
01/01/2000,00:54:27.11,24.89,-56.49,-991.86,166.25,-892.50,-332.50,1,94.171,
01/01/2000,00:54:27.12,25.74,-56.24,-991.74,70.0,-638.75,-385.0,1,94.174,
01/01/2000,00:54:27.13,24.89,-56.36,-991.74,227.50,-840.0,-17.50,1,94.177,
01/01/2000,00:54:27.15,22.45,-55.63,-992.47,140.0,-700.0,-61.25,1,94.180,
01/01/2000,00:54:27.16,20.74,-55.75,-992.71,87.50,-568.75,-507.50,1,94.183,
01/01/2000,00:54:27.17,19.52,-55.27,-992.47,253.75,-533.75,-376.25,1,94.186,
01/01/2000,00:54:27.18,19.52,-55.02,-992.35,148.75,-735.0,-411.25,1,94.189,
01/01/2000,00:54:27.19,20.74,-55.39,-991.86,210.0,-726.25,-393.75,1,94.192,
01/01/2000,00:54:27.20,22.81,-55.75,-991.49,236.25,-682.50,-350.0,1,94.195,
01/01/2000,00:54:27.21,24.16,-56.00,-991.37,8.75,-700.0,-218.75,1,94.198,
01/01/2000,00:54:27.22,25.38,-56.61,-991.74,271.25,-717.50,-481.25,1,94.201,
01/01/2000,00:54:27.23,25.86,-56.12,-992.71,122.50,-708.75,-227.50,1,94.155,
01/01/2000,00:54:27.24,25.38,-55.75,-992.96,140.0,-638.75,-245.0,1,94.158,
01/01/2000,00:54:27.25,23.91,-55.51,-992.35,78.75,-717.50,35.0,1,94.161,
01/01/2000,00:54:27.26,21.72,-55.39,-991.74,201.25,-840.0,52.50,1,94.164,
01/01/2000,00:54:27.27,19.52,-55.88,-991.49,262.50,-717.50,-490.0,1,94.167,
01/01/2000,00:54:27.28,18.42,-55.88,-992.35,105.0,-656.25,-796.25,1,94.170,
01/01/2000,00:54:27.29,18.79,-55.51,-993.32,140.0,-551.25,-813.75,1,94.173,
01/01/2000,00:54:27.30,20.25,-55.27,-993.32,105.0,-612.50,-297.50,1,94.176,
01/01/2000,00:54:27.31,22.45,-55.27,-991.62,131.25,-551.25,-157.50,1,94.179,
01/01/2000,00:54:27.32,23.55,-55.39,-990.64,52.50,-761.25,-315.0,1,94.182,
01/01/2000,00:54:27.33,24.89,-55.88,-990.64,35.0,-840.0,-262.50,1,94.185,
01/01/2000,00:54:27.34,25.74,-56.24,-991.37,183.75,-700.0,-481.25,1,94.188,
01/01/2000,00:54:27.35,26.35,-56.24,-992.23,306.25,-735.0,-350.0,1,94.192,
01/01/2000,00:54:27.36,25.86,-55.51,-991.98,105.0,-665.0,-148.75,1,94.195,
01/01/2000,00:54:27.38,23.06,-55.02,-990.76,78.75,-691.25,175.0,1,94.198,
01/01/2000,00:54:27.39,21.11,-55.14,-991.13,183.75,-665.0,-96.25,1,94.201,
01/01/2000,00:54:27.40,20.01,-55.63,-993.32,271.25,-770.0,-638.75,1,94.204,
01/01/2000,00:54:27.41,19.76,-55.75,-995.64,113.75,-603.75,-472.50,1,94.207,
01/01/2000,00:54:27.42,20.25,-55.63,-996.25,236.25,-533.75,-315.0,1,94.210,
01/01/2000,00:54:27.43,20.74,-55.27,-994.79,87.50,-638.75,-271.25,1,94.213,
01/01/2000,00:54:27.44,21.59,-55.14,-992.71,192.50,-621.25,-297.50,1,94.216,
01/01/2000,00:54:27.45,23.30,-55.27,-991.01,113.75,-708.75,-367.50,1,94.170,
01/01/2000,00:54:27.46,24.64,-56.12,-991.25,306.25,-691.25,-507.50,1,94.173,
01/01/2000,00:54:27.47,26.11,-56.12,-992.96,8.75,-682.50,-498.75,1,94.176,
01/01/2000,00:54:27.48,25.86,-56.24,-993.57,78.75,-752.50,-183.75,1,94.179,
01/01/2000,00:54:27.49,24.16,-55.63,-993.93,-17.50,-778.75,35.0,1,94.182,
01/01/2000,00:54:27.50,22.08,-55.51,-993.45,236.25,-787.50,-43.75,1,94.185,
01/01/2000,00:54:27.52,18.79,-55.02,-992.59,376.25,-708.75,-577.50,1,94.188,
01/01/2000,00:54:27.53,18.18,-54.90,-992.47,131.25,-612.50,-621.25,1,94.191,
01/01/2000,00:54:27.54,19.76,-55.51,-992.96,192.50,-621.25,-612.50,1,94.194,
01/01/2000,00:54:27.55,21.72,-55.39,-993.32,-26.25,-700.0,-481.25,1,94.197,
01/01/2000,00:54:27.56,23.67,-55.63,-993.08,35.0,-761.25,-367.50,1,94.200,
01/01/2000,00:54:27.57,24.89,-56.12,-991.98,148.75,-805.0,-183.75,1,94.203,
01/01/2000,00:54:27.58,25.38,-56.00,-990.76,192.50,-892.50,-288.75,1,94.206,
01/01/2000,00:54:27.59,25.62,-55.88,-990.76,218.75,-778.75,-271.25,1,94.209,
01/01/2000,00:54:27.60,24.64,-55.39,-991.49,78.75,-682.50,-218.75,1,94.212,
01/01/2000,00:54:27.61,22.69,-55.14,-992.10,70.0,-682.50,175.0,1,94.215,
01/01/2000,00:54:27.62,20.74,-55.63,-992.59,183.75,-577.50,-26.25,1,94.218,
01/01/2000,00:54:27.63,19.03,-56.00,-993.20,201.25,-691.25,-691.25,1,94.221,
01/01/2000,00:54:27.64,18.18,-55.39,-993.20,-8.75,-726.25,-796.25,1,94.224,
01/01/2000,00:54:27.66,20.74,-55.02,-992.84,70.0,-708.75,-446.25,1,94.178,
01/01/2000,00:54:27.67,23.67,-55.27,-992.10,113.75,-796.25,-96.25,1,94.181,
01/01/2000,00:54:27.68,24.89,-55.88,-991.37,96.25,-752.50,-17.50,1,94.184,
01/01/2000,00:54:27.69,24.89,-56.73,-991.37,157.50,-665.0,-262.50,1,94.187,
01/01/2000,00:54:27.70,24.64,-56.73,-991.86,140.0,-735.0,-665.0,1,94.190,
01/01/2000,00:54:27.71,24.16,-56.24,-992.23,96.25,-787.50,-560.0,1,94.193,
01/01/2000,00:54:27.72,23.79,-55.27,-992.71,140.0,-735.0,-78.75,1,94.196,
01/01/2000,00:54:27.73,21.96,-54.66,-992.84,140.0,-700.0,70.0,1,94.199,
01/01/2000,00:54:27.74,20.86,-54.78,-992.71,87.50,-665.0,-35.0,1,94.202,
01/01/2000,00:54:27.75,20.01,-55.39,-992.71,306.25,-612.50,-367.50,1,94.205,
01/01/2000,00:54:27.76,20.13,-55.63,-992.84,35.0,-708.75,-743.75,1,94.160,
01/01/2000,00:54:27.77,21.96,-55.88,-992.59,140.0,-761.25,-691.25,1,94.211,
01/01/2000,00:54:27.78,23.55,-55.63,-992.35,166.25,-700.0,-603.75,1,94.166,
01/01/2000,00:54:27.79,24.89,-55.39,-991.98,166.25,-656.25,-105.0,1,94.217,
01/01/2000,00:54:27.80,25.13,-55.51,-991.37,227.50,-796.25,-105.0,1,94.172,
01/01/2000,00:54:27.81,24.89,-55.88,-991.37,113.75,-630.0,-367.50,1,94.175,
01/01/2000,00:54:27.82,24.52,-55.88,-991.62,201.25,-700.0,-350.0,1,94.178,
01/01/2000,00:54:27.83,23.91,-55.63,-991.86,175.0,-770.0,-367.50,1,94.181,
01/01/2000,00:54:27.84,22.81,-55.51,-991.98,43.75,-770.0,-96.25,1,94.184,
01/01/2000,00:54:27.85,20.74,-55.63,-991.98,280.0,-700.0,-113.75,1,94.187,
01/01/2000,00:54:27.86,19.64,-55.39,-992.23,131.25,-700.0,-498.75,1,94.190,
01/01/2000,00:54:27.88,19.40,-55.14,-992.96,70.0,-665.0,-551.25,1,94.193,
01/01/2000,00:54:27.89,20.50,-55.39,-993.08,166.25,-682.50,-420.0,1,94.196,
01/01/2000,00:54:27.90,21.72,-55.27,-992.84,87.50,-612.50,-315.0,1,94.198,
01/01/2000,00:54:27.91,23.55,-55.63,-991.98,253.75,-717.50,-385.0,1,94.201,
01/01/2000,00:54:27.92,24.40,-55.63,-991.37,78.75,-665.0,-288.75,1,94.204,
01/01/2000,00:54:27.93,24.77,-55.88,-991.13,78.75,-761.25,-306.25,1,94.207,
01/01/2000,00:54:27.94,25.01,-56.12,-991.25,175.0,-673.75,-437.50,1,94.210,
01/01/2000,00:54:27.95,25.01,-55.75,-991.74,245.0,-778.75,-183.75,1,94.213,
01/01/2000,00:54:27.96,24.28,-55.27,-992.10,140.0,-691.25,-105.0,1,94.216,
01/01/2000,00:54:27.97,21.72,-55.27,-992.35,210.0,-717.50,26.25,1,94.219,
01/01/2000,00:54:27.98,19.89,-55.51,-992.35,262.50,-700.0,-131.25,1,94.222,
01/01/2000,00:54:27.99,18.54,-55.51,-992.35,105.0,-560.0,-455.0,1,94.177,
01/01/2000,00:54:28.00,18.54,-55.88,-992.59,262.50,-603.75,-691.25,1,94.228,
01/01/2000,00:54:28.02,20.25,-55.51,-993.08,131.25,-726.25,-428.75,1,94.183,
01/01/2000,00:54:28.03,22.81,-55.27,-992.47,140.0,-673.75,-236.25,1,94.186,
01/01/2000,00:54:28.04,23.91,-55.27,-991.74,61.25,-700.0,-105.0,1,94.189,
01/01/2000,00:54:28.05,24.52,-55.88,-991.13,70.0,-691.25,-236.25,1,94.192,
01/01/2000,00:54:28.06,24.52,-56.12,-990.88,210.0,-700.0,-332.50,1,94.195,
01/01/2000,00:54:28.07,24.64,-56.00,-991.62,350.0,-717.50,-376.25,1,94.198,
01/01/2000,00:54:28.08,22.94,-55.63,-991.86,140.0,-796.25,-113.75,1,94.201,
01/01/2000,00:54:28.09,20.98,-55.63,-992.10,87.50,-656.25,-227.50,1,94.204,
01/01/2000,00:54:28.10,20.01,-55.27,-992.35,306.25,-700.0,-507.50,1,94.207,
01/01/2000,00:54:28.11,19.89,-54.78,-992.59,78.75,-717.50,-542.50,1,94.209,
01/01/2000,00:54:28.12,21.47,-55.27,-992.96,385.0,-630.0,-542.50,1,94.212,
01/01/2000,00:54:28.13,24.28,-55.63,-993.20,26.25,-603.75,-516.25,1,94.215,
01/01/2000,00:54:28.14,25.74,-55.75,-992.71,17.50,-813.75,-43.75,1,94.218,
01/01/2000,00:54:28.15,25.86,-56.61,-991.25,236.25,-691.25,-262.50,1,94.174,
01/01/2000,00:54:28.17,24.40,-56.12,-990.76,17.50,-700.0,-393.75,1,94.177,
01/01/2000,00:54:28.18,23.55,-55.75,-991.25,175.0,-752.50,-411.25,1,94.180,
01/01/2000,00:54:28.19,21.84,-54.90,-992.59,-52.50,-665.0,-306.25,1,94.183,
01/01/2000,00:54:28.20,20.25,-54.90,-993.57,157.50,-735.0,26.25,1,94.185,
01/01/2000,00:54:28.21,19.15,-55.27,-994.06,-17.50,-621.25,-227.50,1,94.188,
01/01/2000,00:54:28.22,18.67,-55.63,-994.06,253.75,-735.0,-490.0,1,94.191,
01/01/2000,00:54:28.23,19.89,-55.51,-993.57,166.25,-691.25,-621.25,1,94.194,
01/01/2000,00:54:28.24,21.59,-55.39,-992.47,-26.25,-682.50,-630.0,1,94.197,
01/01/2000,00:54:28.25,23.30,-55.63,-991.37,288.75,-735.0,-402.50,1,94.200,
01/01/2000,00:54:28.26,24.40,-55.27,-990.40,26.25,-787.50,-210.0,1,94.203,
01/01/2000,00:54:28.27,24.89,-56.12,-990.03,157.50,-717.50,-131.25,1,94.206,
01/01/2000,00:54:28.28,24.77,-56.12,-990.64,183.75,-700.0,-463.75,1,94.209,
01/01/2000,00:54:28.29,24.40,-55.75,-991.86,157.50,-726.25,-332.50,1,94.212,
01/01/2000,00:54:28.30,23.79,-55.39,-993.20,157.50,-787.50,-218.75,1,94.167,
01/01/2000,00:54:28.31,22.33,-55.14,-993.45,17.50,-708.75,17.50,1,94.170,
01/01/2000,00:54:28.32,20.86,-55.14,-993.32,122.50,-621.25,-166.25,1,94.173,
01/01/2000,00:54:28.33,19.64,-55.51,-993.32,280.0,-577.50,-498.75,1,94.176,
01/01/2000,00:54:28.34,19.40,-55.39,-993.45,131.25,-743.75,-463.75,1,94.179,
01/01/2000,00:54:28.35,20.74,-55.63,-993.57,306.25,-708.75,-455.0,1,94.182,
01/01/2000,00:54:28.37,22.69,-55.75,-993.08,227.50,-840.0,-358.75,1,94.185,
01/01/2000,00:54:28.38,23.42,-55.75,-992.10,148.75,-735.0,-306.25,1,94.188,
01/01/2000,00:54:28.39,23.42,-55.75,-991.37,87.50,-638.75,-245.0,1,94.191,
01/01/2000,00:54:28.40,23.91,-55.88,-991.25,218.75,-682.50,-402.50,1,94.194,
01/01/2000,00:54:28.41,24.28,-55.88,-991.62,227.50,-761.25,-393.75,1,94.196,
01/01/2000,00:54:28.42,24.16,-55.39,-991.98,96.25,-665.0,-376.25,1,94.199,
01/01/2000,00:54:28.43,23.30,-55.39,-992.23,183.75,-717.50,-78.75,1,94.202,
01/01/2000,00:54:28.44,21.11,-55.39,-992.35,105.0,-708.75,-210.0,1,94.205,
01/01/2000,00:54:28.45,19.76,-55.63,-992.71,218.75,-770.0,-533.75,1,94.208,
01/01/2000,00:54:28.46,19.40,-55.14,-993.81,78.75,-533.75,-700.0,1,94.211,
01/01/2000,00:54:28.47,20.50,-55.14,-994.30,323.75,-726.25,-498.75,1,94.214,
01/01/2000,00:54:28.48,21.96,-54.78,-993.81,52.50,-700.0,-341.25,1,94.217,
01/01/2000,00:54:28.49,23.18,-55.14,-992.84,227.50,-708.75,-175.0,1,94.219,
01/01/2000,00:54:28.50,24.16,-55.39,-991.62,210.0,-752.50,-323.75,1,94.222,
01/01/2000,00:54:28.51,25.13,-56.00,-990.27,227.50,-726.25,-411.25,1,94.179,
01/01/2000,00:54:28.52,25.62,-56.12,-990.15,-43.75,-743.75,-437.50,1,94.181,
01/01/2000,00:54:28.53,24.52,-56.12,-990.76,306.25,-848.75,-288.75,1,94.184,
01/01/2000,00:54:28.54,22.45,-55.51,-991.37,-43.75,-805.0,70.0,1,94.187,
01/01/2000,00:54:28.56,20.62,-55.63,-992.35,271.25,-656.25,-385.0,1,94.190,
01/01/2000,00:54:28.56,19.28,-54.90,-994.06,122.50,-560.0,-665.0,1,94.193,
01/01/2000,00:54:28.58,18.79,-54.78,-994.91,113.75,-525.0,-350.0,1,94.196,
01/01/2000,00:54:28.59,20.25,-54.78,-994.54,70.0,-647.50,-551.25,1,94.199,
01/01/2000,00:54:28.60,21.35,-54.90,-993.32,192.50,-568.75,-288.75,1,94.201,
01/01/2000,00:54:28.61,22.57,-55.39,-991.62,210.0,-761.25,-262.50,1,94.204,
01/01/2000,00:54:28.62,23.42,-56.24,-990.15,253.75,-691.25,-393.75,1,94.207,
01/01/2000,00:54:28.63,24.40,-56.12,-989.66,183.75,-787.50,-516.25,1,94.210,
01/01/2000,00:54:28.64,24.64,-56.12,-990.03,367.50,-735.0,-446.25,1,94.213,
01/01/2000,00:54:28.65,23.30,-55.27,-991.01,105.0,-665.0,-288.75,1,94.170,
01/01/2000,00:54:28.66,21.47,-55.27,-991.62,105.0,-682.50,87.50,1,94.172,
01/01/2000,00:54:28.68,19.64,-55.14,-992.84,271.25,-656.25,-647.50,1,94.175,
01/01/2000,00:54:28.69,19.52,-54.78,-994.06,61.25,-708.75,-577.50,1,94.178,
01/01/2000,00:54:28.70,20.98,-54.90,-994.30,166.25,-673.75,-446.25,1,94.181,
01/01/2000,00:54:28.71,22.33,-55.39,-993.69,140.0,-656.25,-288.75,1,94.184,
01/01/2000,00:54:28.72,23.30,-55.14,-992.59,105.0,-787.50,-166.25,1,94.187,
01/01/2000,00:54:28.73,24.16,-55.88,-990.64,140.0,-787.50,-332.50,1,94.189,
01/01/2000,00:54:28.74,24.77,-56.12,-990.27,140.0,-761.25,-490.0,1,94.192,
01/01/2000,00:54:28.75,24.89,-55.75,-990.40,105.0,-770.0,-315.0,1,94.195,
01/01/2000,00:54:28.76,24.64,-55.51,-991.01,105.0,-665.0,-245.0,1,94.198,
01/01/2000,00:54:28.77,21.96,-55.39,-991.86,166.25,-700.0,140.0,1,94.201,
01/01/2000,00:54:28.78,19.64,-55.27,-992.59,148.75,-682.50,43.75,1,94.204,
01/01/2000,00:54:28.79,17.57,-55.51,-993.57,350.0,-717.50,-603.75,1,94.206,
01/01/2000,00:54:28.80,15.98,-55.14,-994.79,105.0,-691.25,-560.0,1,94.209,
01/01/2000,00:54:28.81,15.37,-55.14,-994.79,148.75,-647.50,-280.0,1,94.212,
01/01/2000,00:54:28.82,15.25,-55.14,-994.06,183.75,-673.75,-236.25,1,94.215,
01/01/2000,00:54:28.83,14.76,-55.27,-992.59,227.50,-743.75,-131.25,1,94.218,
01/01/2000,00:54:28.84,13.91,-55.39,-991.37,227.50,-673.75,-245.0,1,94.220,
01/01/2000,00:54:28.85,13.05,-55.63,-990.15,218.75,-743.75,-376.25,1,94.223,
01/01/2000,00:54:28.86,12.93,-55.63,-990.40,113.75,-708.75,-630.0,1,94.180,
01/01/2000,00:54:28.87,13.30,-55.39,-991.37,105.0,-700.0,-332.50,1,94.183,
01/01/2000,00:54:28.88,13.54,-55.27,-992.47,280.0,-726.25,-297.50,1,94.186,
01/01/2000,00:54:28.89,12.44,-55.14,-992.23,166.25,-743.75,96.25,1,94.189,
01/01/2000,00:54:28.90,10.25,-55.14,-991.62,-17.50,-761.25,245.0,1,94.192,
01/01/2000,00:54:28.91,8.42,-55.63,-991.37,70.0,-717.50,-446.25,1,94.194,
01/01/2000,00:54:28.92,6.95,-55.88,-992.47,140.0,-691.25,-586.25,1,94.197,
01/01/2000,00:54:28.94,5.00,-55.63,-993.32,78.75,-638.75,-385.0,1,94.200,
01/01/2000,00:54:28.95,3.66,-55.51,-993.32,201.25,-630.0,-428.75,1,94.203,
01/01/2000,00:54:28.96,3.29,-55.27,-992.84,306.25,-673.75,-280.0,1,94.206,
01/01/2000,00:54:28.97,3.29,-55.02,-991.86,253.75,-682.50,-245.0,1,94.208,
01/01/2000,00:54:28.98,4.27,-55.02,-991.25,183.75,-638.75,-271.25,1,94.211,
01/01/2000,00:54:28.99,6.83,-55.39,-991.01,17.50,-656.25,-428.75,1,94.214,
01/01/2000,00:54:29.00,8.30,-55.75,-990.88,105.0,-665.0,-367.50,1,94.217,
01/01/2000,00:54:29.01,10.00,-56.00,-990.64,87.50,-647.50,-393.75,1,94.220,
01/01/2000,00:54:29.02,10.74,-56.12,-991.01,87.50,-743.75,-253.75,1,94.222,
01/01/2000,00:54:29.03,10.98,-55.88,-991.37,183.75,-708.75,-210.0,1,94.225,
01/01/2000,00:54:29.04,10.86,-55.63,-991.86,175.0,-638.75,-61.25,1,94.228,
01/01/2000,00:54:29.05,10.37,-55.02,-992.35,122.50,-682.50,-175.0,1,94.231,
01/01/2000,00:54:29.06,10.49,-54.90,-992.84,166.25,-735.0,-323.75,1,94.234,
01/01/2000,00:54:29.07,11.96,-55.14,-993.69,0.0,-560.0,-428.75,1,94.191,
01/01/2000,00:54:29.08,13.66,-55.39,-993.93,280.0,-691.25,-411.25,1,94.194,
01/01/2000,00:54:29.10,15.13,-55.14,-993.32,70.0,-708.75,-175.0,1,94.197,
01/01/2000,00:54:29.10,16.84,-55.63,-991.62,105.0,-735.0,-262.50,1,94.199,
01/01/2000,00:54:29.12,17.57,-55.51,-990.64,148.75,-761.25,-437.50,1,94.202,
01/01/2000,00:54:29.13,18.18,-55.63,-990.27,35.0,-638.75,-323.75,1,94.205,
01/01/2000,00:54:29.14,18.67,-55.39,-990.64,105.0,-743.75,-227.50,1,94.208,
01/01/2000,00:54:29.15,19.03,-55.27,-991.62,192.50,-778.75,8.75,1,94.211,
01/01/2000,00:54:29.16,19.15,-55.14,-991.86,236.25,-813.75,-87.50,1,94.213,
01/01/2000,00:54:29.17,19.03,-54.90,-991.74,183.75,-656.25,-78.75,1,94.216,
01/01/2000,00:54:29.18,19.52,-55.14,-991.86,166.25,-787.50,-323.75,1,94.174,
01/01/2000,00:54:29.19,20.13,-55.39,-991.98,236.25,-700.0,-271.25,1,94.177,
01/01/2000,00:54:29.20,20.25,-55.63,-991.98,35.0,-787.50,-253.75,1,94.179,
01/01/2000,00:54:29.21,20.74,-55.75,-991.86,183.75,-813.75,-358.75,1,94.182,
01/01/2000,00:54:29.23,20.74,-55.75,-991.62,201.25,-656.25,-332.50,1,94.185,
01/01/2000,00:54:29.24,20.86,-55.39,-991.98,183.75,-717.50,-306.25,1,94.188,
01/01/2000,00:54:29.25,21.11,-55.14,-992.35,192.50,-586.25,-358.75,1,94.190,
01/01/2000,00:54:29.26,21.23,-55.14,-992.35,157.50,-787.50,-210.0,1,94.193,
01/01/2000,00:54:29.27,21.11,-55.27,-992.23,175.0,-603.75,-70.0,1,94.196,
01/01/2000,00:54:29.28,21.35,-55.27,-992.10,70.0,-656.25,-350.0,1,94.199,
01/01/2000,00:54:29.29,21.47,-55.39,-992.10,271.25,-638.75,-262.50,1,94.202,
01/01/2000,00:54:29.30,21.47,-55.39,-991.98,78.75,-700.0,-350.0,1,94.204,
01/01/2000,00:54:29.31,21.47,-55.51,-991.86,297.50,-647.50,-280.0,1,94.207,
01/01/2000,00:54:29.32,21.59,-55.39,-991.98,87.50,-665.0,-385.0,1,94.210,
01/01/2000,00:54:29.33,21.47,-55.39,-991.98,227.50,-796.25,-297.50,1,94.213,
01/01/2000,00:54:29.34,21.47,-55.14,-992.10,131.25,-682.50,-358.75,1,94.215,
01/01/2000,00:54:29.35,21.72,-55.39,-991.98,148.75,-638.75,-315.0,1,94.218,
01/01/2000,00:54:29.36,21.72,-55.51,-991.86,288.75,-691.25,-358.75,1,94.221,
01/01/2000,00:54:29.37,21.84,-55.63,-991.86,157.50,-708.75,-271.25,1,94.223,
01/01/2000,00:54:29.38,21.84,-55.51,-991.98,183.75,-735.0,-288.75,1,94.226,
01/01/2000,00:54:29.39,21.96,-55.63,-991.98,166.25,-700.0,-376.25,1,94.229,
01/01/2000,00:54:29.40,21.72,-55.27,-991.98,87.50,-691.25,-236.25,1,94.232,
01/01/2000,00:54:29.41,21.59,-55.39,-991.98,262.50,-700.0,-323.75,1,94.234,
01/01/2000,00:54:29.42,21.47,-55.27,-992.10,87.50,-770.0,-402.50,1,94.237,
01/01/2000,00:54:29.43,19.89,-55.27,-991.98,245.0,-691.25,148.75,1,94.195,
01/01/2000,00:54:29.44,18.79,-55.51,-991.49,52.50,-595.0,-131.25,1,94.198,
01/01/2000,00:54:29.45,17.93,-55.75,-991.37,315.0,-726.25,-472.50,1,94.201,
01/01/2000,00:54:29.46,16.96,-55.39,-991.86,-35.0,-708.75,-332.50,1,94.204,
01/01/2000,00:54:29.47,15.86,-55.75,-991.62,341.25,-761.25,0.0,1,94.206,
01/01/2000,00:54:29.48,13.91,-55.51,-991.49,26.25,-840.0,227.50,1,94.209,
01/01/2000,00:54:29.50,11.22,-55.88,-991.62,87.50,-708.75,-43.75,1,94.212,
01/01/2000,00:54:29.51,9.88,-56.12,-992.10,131.25,-700.0,-472.50,1,94.214,
01/01/2000,00:54:29.52,9.39,-55.75,-992.84,122.50,-691.25,-385.0,1,94.217,
01/01/2000,00:54:29.53,8.54,-55.51,-992.96,218.75,-682.50,-113.75,1,94.220,
01/01/2000,00:54:29.54,8.05,-55.14,-992.47,61.25,-682.50,-166.25,1,94.223,
01/01/2000,00:54:29.55,7.32,-55.39,-991.98,157.50,-647.50,-35.0,1,94.225,
01/01/2000,00:54:29.56,6.83,-55.39,-992.23,105.0,-665.0,-105.0,1,94.228,
01/01/2000,00:54:29.57,5.49,-56.24,-992.84,218.75,-682.50,17.50,1,94.231,
01/01/2000,00:54:29.58,4.39,-55.88,-993.32,0.0,-638.75,-96.25,1,94.233,
01/01/2000,00:54:29.59,3.29,-55.75,-993.57,376.25,-761.25,-236.25,1,94.236,
01/01/2000,00:54:29.60,3.29,-55.14,-993.45,105.0,-691.25,-358.75,1,94.239,
01/01/2000,00:54:29.61,3.90,-54.90,-993.08,131.25,-621.25,-227.50,1,94.242,
01/01/2000,00:54:29.62,5.37,-54.66,-992.59,105.0,-603.75,-227.50,1,94.244,
01/01/2000,00:54:29.63,7.81,-55.39,-991.25,393.75,-621.25,-113.75,1,94.247,
01/01/2000,00:54:29.65,9.27,-55.88,-990.03,113.75,-691.25,-201.25,1,94.206,
01/01/2000,00:54:29.65,10.13,-56.36,-989.79,332.50,-673.75,-210.0,1,94.208,
01/01/2000,00:54:29.67,11.22,-56.36,-990.40,61.25,-621.25,-411.25,1,94.211,
01/01/2000,00:54:29.68,12.32,-55.88,-991.37,210.0,-735.0,-332.50,1,94.214,
01/01/2000,00:54:29.69,13.18,-55.39,-992.35,183.75,-665.0,131.25,1,94.216,
01/01/2000,00:54:29.70,12.81,-55.02,-992.35,166.25,-726.25,288.75,1,94.219,
01/01/2000,00:54:29.71,12.44,-55.27,-992.35,105.0,-700.0,-35.0,1,94.222,
01/01/2000,00:54:29.72,12.57,-55.63,-992.84,140.0,-595.0,-437.50,1,94.181,
01/01/2000,00:54:29.73,12.93,-56.00,-993.20,105.0,-805.0,-393.75,1,94.227,
01/01/2000,00:54:29.74,14.15,-56.00,-993.45,140.0,-621.25,-455.0,1,94.186,
01/01/2000,00:54:29.75,15.49,-56.12,-993.08,315.0,-551.25,-350.0,1,94.189,
01/01/2000,00:54:29.76,16.47,-55.63,-992.35,113.75,-638.75,-262.50,1,94.191,
01/01/2000,00:54:29.77,18.06,-55.63,-991.98,105.0,-682.50,-218.75,1,94.194,
01/01/2000,00:54:29.78,19.28,-55.88,-992.10,227.50,-673.75,-437.50,1,94.197,
01/01/2000,00:54:29.79,20.01,-55.39,-992.35,-96.25,-647.50,-70.0,1,94.200,
01/01/2000,00:54:29.80,21.35,-55.88,-992.35,253.75,-603.75,-192.50,1,94.202,
01/01/2000,00:54:29.81,21.59,-56.00,-992.23,227.50,-700.0,-472.50,1,94.205,
01/01/2000,00:54:29.82,21.59,-55.51,-992.10,-8.75,-656.25,-227.50,1,94.208,
01/01/2000,00:54:29.83,21.35,-55.75,-991.86,113.75,-700.0,-105.0,1,94.210,
01/01/2000,00:54:29.84,20.74,-55.51,-992.10,140.0,-603.75,-210.0,1,94.213,
01/01/2000,00:54:29.86,20.01,-55.39,-993.08,105.0,-673.75,-306.25,1,94.216,
01/01/2000,00:54:29.87,20.13,-55.51,-993.81,236.25,-735.0,-350.0,1,94.218,
01/01/2000,00:54:29.88,19.52,-55.51,-994.30,166.25,-700.0,-140.0,1,94.221,
01/01/2000,00:54:29.89,19.64,-55.63,-994.06,218.75,-691.25,-227.50,1,94.224,
01/01/2000,00:54:29.90,19.89,-56.00,-993.81,218.75,-630.0,-402.50,1,94.226,
01/01/2000,00:54:29.91,20.86,-55.39,-993.08,175.0,-603.75,-507.50,1,94.229,
01/01/2000,00:54:29.92,22.08,-55.63,-992.84,105.0,-700.0,-402.50,1,94.232,
01/01/2000,00:54:29.93,23.06,-55.75,-992.35,87.50,-656.25,-315.0,1,94.234,
01/01/2000,00:54:29.94,23.06,-55.88,-991.86,105.0,-708.75,-201.25,1,94.237,
01/01/2000,00:54:29.95,22.69,-55.88,-991.62,166.25,-726.25,-332.50,1,94.196,
01/01/2000,00:54:29.96,22.33,-56.12,-991.86,166.25,-656.25,-367.50,1,94.242,
01/01/2000,00:54:29.97,21.72,-55.63,-992.35,166.25,-542.50,-376.25,1,94.202,
01/01/2000,00:54:29.98,21.35,-55.39,-992.96,157.50,-831.25,-262.50,1,94.204,
01/01/2000,00:54:30.00,20.86,-55.14,-993.20,271.25,-630.0,-297.50,1,94.207,
01/01/2000,00:54:30.01,21.35,-55.14,-993.32,166.25,-638.75,-288.75,1,94.210,
01/01/2000,00:54:30.02,22.33,-55.27,-993.20,253.75,-638.75,-595.0,1,94.212,
01/01/2000,00:54:30.03,24.03,-55.27,-992.10,70.0,-708.75,-367.50,1,94.215,
01/01/2000,00:54:30.04,24.40,-55.88,-991.13,192.50,-743.75,-8.75,1,94.218,
01/01/2000,00:54:30.05,23.91,-55.88,-990.64,87.50,-778.75,-105.0,1,94.220,
01/01/2000,00:54:30.06,23.42,-56.24,-990.64,227.50,-717.50,-533.75,1,94.223,
01/01/2000,00:54:30.07,22.57,-55.75,-991.86,166.25,-665.0,-420.0,1,94.225,
01/01/2000,00:54:30.08,21.72,-55.14,-992.84,157.50,-717.50,-253.75,1,94.228,
01/01/2000,00:54:30.09,20.98,-54.78,-993.57,280.0,-612.50,-367.50,1,94.231,
01/01/2000,00:54:30.10,20.50,-54.78,-993.81,192.50,-656.25,-122.50,1,94.233,
01/01/2000,00:54:30.11,20.25,-54.90,-993.81,105.0,-656.25,-262.50,1,94.236,
01/01/2000,00:54:30.12,20.74,-55.63,-993.57,280.0,-595.0,-542.50,1,94.239,
01/01/2000,00:54:30.13,22.45,-55.39,-992.96,52.50,-761.25,-691.25,1,94.198,
01/01/2000,00:54:30.14,23.67,-55.51,-991.98,288.75,-665.0,-87.50,1,94.201,
01/01/2000,00:54:30.15,23.55,-55.51,-991.37,105.0,-647.50,-70.0,1,94.204,
01/01/2000,00:54:30.16,22.94,-55.75,-991.13,201.25,-787.50,-201.25,1,94.206,
01/01/2000,00:54:30.17,22.81,-55.39,-991.62,192.50,-542.50,-542.50,1,94.209,
01/01/2000,00:54:30.18,22.69,-55.39,-992.84,332.50,-612.50,-262.50,1,94.211,
01/01/2000,00:54:30.19,22.69,-55.27,-993.32,175.0,-630.0,-306.25,1,94.214,
01/01/2000,00:54:30.21,21.84,-55.39,-992.96,175.0,-665.0,-306.25,1,94.174,
01/01/2000,00:54:30.22,21.35,-55.51,-992.59,140.0,-673.75,-280.0,1,94.177,
01/01/2000,00:54:30.23,21.72,-55.63,-992.47,280.0,-490.0,-638.75,1,94.179,
01/01/2000,00:54:30.24,23.06,-55.51,-992.59,306.25,-621.25,-630.0,1,94.182,
01/01/2000,00:54:30.25,23.91,-54.78,-992.35,26.25,-708.75,-315.0,1,94.184,
01/01/2000,00:54:30.26,24.03,-55.39,-991.86,253.75,-638.75,78.75,1,94.187,
01/01/2000,00:54:30.27,23.42,-55.63,-991.37,271.25,-612.50,-245.0,1,94.190,
01/01/2000,00:54:30.29,21.84,-55.75,-991.62,96.25,-778.75,-446.25,1,94.192,
01/01/2000,00:54:30.30,21.35,-55.88,-992.59,192.50,-770.0,-393.75,1,94.195,
01/01/2000,00:54:30.31,21.11,-55.75,-993.45,236.25,-726.25,-525.0,1,94.198,
01/01/2000,00:54:30.32,20.98,-55.14,-994.18,96.25,-726.25,-210.0,1,94.200,
01/01/2000,00:54:30.33,20.50,-55.02,-993.93,192.50,-577.50,-113.75,1,94.203,
01/01/2000,00:54:30.34,20.01,-55.14,-993.57,52.50,-743.75,-306.25,1,94.206,
01/01/2000,00:54:30.35,19.76,-55.51,-993.20,131.25,-656.25,-393.75,1,94.208,
01/01/2000,00:54:30.36,21.72,-56.12,-993.08,271.25,-490.0,-813.75,1,94.211,
01/01/2000,00:54:30.37,23.79,-55.14,-992.71,78.75,-665.0,-796.25,1,94.213,
01/01/2000,00:54:30.38,25.25,-55.14,-991.98,122.50,-813.75,-113.75,1,94.216,
01/01/2000,00:54:30.39,26.23,-55.27,-991.13,175.0,-778.75,157.50,1,94.219,
01/01/2000,00:54:30.40,25.74,-55.75,-990.40,218.75,-735.0,-96.25,1,94.221,
01/01/2000,00:54:30.41,23.67,-56.00,-990.40,87.50,-805.0,-393.75,1,94.224,
01/01/2000,00:54:30.42,21.96,-56.00,-991.62,131.25,-621.25,-612.50,1,94.226,
01/01/2000,00:54:30.43,21.23,-55.63,-993.08,218.75,-682.50,-367.50,1,94.229,
01/01/2000,00:54:30.44,20.86,-54.90,-994.06,201.25,-673.75,-297.50,1,94.232,
01/01/2000,00:54:30.45,20.25,-54.90,-994.18,341.25,-656.25,-183.75,1,94.234,
01/01/2000,00:54:30.46,19.64,-55.14,-993.20,288.75,-463.75,-341.25,1,94.237,
01/01/2000,00:54:30.47,20.50,-55.51,-992.59,192.50,-691.25,-577.50,1,94.239,
01/01/2000,00:54:30.48,21.96,-55.51,-992.10,271.25,-542.50,-735.0,1,94.242,
01/01/2000,00:54:30.50,23.91,-55.88,-991.37,245.0,-717.50,-113.75,1,94.202,
01/01/2000,00:54:30.51,24.16,-55.75,-991.25,122.50,-717.50,-87.50,1,94.205,
01/01/2000,00:54:30.52,23.55,-55.88,-991.62,175.0,-770.0,-105.0,1,94.207,
01/01/2000,00:54:30.53,21.72,-55.88,-992.10,210.0,-673.75,-402.50,1,94.210,
01/01/2000,00:54:30.54,20.98,-55.39,-992.84,262.50,-682.50,-542.50,1,94.213,
01/01/2000,00:54:30.55,20.98,-54.90,-993.45,271.25,-682.50,-551.25,1,94.215,
01/01/2000,00:54:30.56,22.20,-54.78,-993.45,297.50,-630.0,-253.75,1,94.218,
01/01/2000,00:54:30.57,22.45,-55.14,-992.71,166.25,-770.0,-175.0,1,94.220,
01/01/2000,00:54:30.58,23.06,-56.12,-991.86,148.75,-805.0,-367.50,1,94.223,
01/01/2000,00:54:30.59,23.67,-56.61,-991.62,236.25,-621.25,-402.50,1,94.226,
01/01/2000,00:54:30.60,23.91,-56.12,-991.86,175.0,-752.50,-542.50,1,94.228,
01/01/2000,00:54:30.61,24.03,-56.00,-992.23,350.0,-717.50,-245.0,1,94.231,
01/01/2000,00:54:30.62,23.18,-55.14,-992.47,-35.0,-673.75,-218.75,1,94.233,
01/01/2000,00:54:30.63,21.11,-55.39,-992.84,262.50,-700.0,70.0,1,94.194,
01/01/2000,00:54:30.64,20.25,-55.63,-993.08,140.0,-700.0,-385.0,1,94.196,
01/01/2000,00:54:30.65,19.76,-55.88,-993.08,236.25,-700.0,-630.0,1,94.199,
01/01/2000,00:54:30.66,20.37,-55.63,-993.08,201.25,-717.50,-603.75,1,94.202,
01/01/2000,00:54:30.67,21.47,-55.63,-992.71,227.50,-700.0,-437.50,1,94.204,
01/01/2000,00:54:30.68,22.94,-55.63,-991.86,157.50,-752.50,-175.0,1,94.207,
01/01/2000,00:54:30.69,23.42,-55.63,-991.37,131.25,-735.0,-271.25,1,94.209,
01/01/2000,00:54:30.71,24.16,-56.36,-991.37,218.75,-638.75,-332.50,1,94.212,
01/01/2000,00:54:30.72,24.40,-55.88,-991.98,157.50,-770.0,-341.25,1,94.215,
01/01/2000,00:54:30.73,24.40,-55.88,-992.23,367.50,-612.50,-306.25,1,94.175,
01/01/2000,00:54:30.74,23.55,-55.75,-992.35,87.50,-778.75,-350.0,1,94.178,
01/01/2000,00:54:30.75,22.33,-55.75,-992.35,157.50,-726.25,-236.25,1,94.180,
01/01/2000,00:54:30.76,21.47,-55.88,-992.35,148.75,-787.50,-236.25,1,94.183,
01/01/2000,00:54:30.77,20.74,-55.63,-992.35,210.0,-735.0,-481.25,1,94.186,
01/01/2000,00:54:30.78,20.98,-55.63,-992.47,61.25,-638.75,-393.75,1,94.188,
01/01/2000,00:54:30.79,21.35,-55.51,-992.35,315.0,-726.25,-341.25,1,94.191,
01/01/2000,00:54:30.81,21.72,-55.63,-992.35,315.0,-796.25,-245.0,1,94.193,
01/01/2000,00:54:30.81,21.96,-55.88,-991.98,131.25,-691.25,-411.25,1,94.196,
01/01/2000,00:54:30.83,22.20,-56.24,-991.86,306.25,-735.0,-560.0,1,94.198,
01/01/2000,00:54:30.84,22.69,-56.00,-992.10,183.75,-673.75,-603.75,1,94.201,
01/01/2000,00:54:30.85,23.06,-55.88,-992.23,96.25,-770.0,-245.0,1,94.204,
01/01/2000,00:54:30.86,23.18,-55.63,-992.10,87.50,-691.25,-306.25,1,94.206,
01/01/2000,00:54:30.87,23.06,-55.88,-991.98,17.50,-665.0,-411.25,1,94.209,
01/01/2000,00:54:30.88,22.69,-56.12,-991.98,323.75,-691.25,-262.50,1,94.211,
01/01/2000,00:54:30.89,22.69,-56.00,-992.35,166.25,-717.50,-262.50,1,94.214,
01/01/2000,00:54:30.90,22.20,-56.36,-992.59,210.0,-656.25,-428.75,1,94.216,
01/01/2000,00:54:30.91,22.08,-56.00,-992.47,192.50,-630.0,-411.25,1,94.219,
01/01/2000,00:54:30.92,22.45,-55.63,-992.59,157.50,-665.0,-332.50,1,94.221,
01/01/2000,00:54:30.93,22.45,-55.75,-992.47,78.75,-691.25,-218.75,1,94.224,
01/01/2000,00:54:30.94,22.81,-55.88,-992.47,192.50,-621.25,-498.75,1,94.227,
01/01/2000,00:54:30.95,23.79,-56.12,-992.23,358.75,-726.25,-411.25,1,94.229,
01/01/2000,00:54:30.96,24.03,-55.75,-992.35,-35.0,-778.75,-315.0,1,94.232,
01/01/2000,00:54:30.97,23.79,-56.36,-992.10,236.25,-796.25,-227.50,1,94.234,
01/01/2000,00:54:30.98,23.06,-55.88,-992.71,262.50,-743.75,-507.50,1,94.195,
01/01/2000,00:54:30.99,22.45,-55.88,-993.08,43.75,-735.0,-385.0,1,94.198,
01/01/2000,00:54:31.00,22.08,-55.75,-993.32,61.25,-630.0,-341.25,1,94.200,
01/01/2000,00:54:31.02,21.59,-55.63,-993.20,227.50,-761.25,-280.0,1,94.203,
01/01/2000,00:54:31.02,21.72,-55.51,-992.84,17.50,-638.75,-341.25,1,94.205,
01/01/2000,00:54:31.04,21.72,-55.88,-992.35,218.75,-673.75,-367.50,1,94.208,
01/01/2000,00:54:31.05,21.47,-55.75,-992.35,175.0,-717.50,-297.50,1,94.211,
01/01/2000,00:54:31.06,21.96,-56.12,-992.35,323.75,-560.0,-647.50,1,94.213,
01/01/2000,00:54:31.07,22.94,-55.39,-992.84,131.25,-612.50,-595.0,1,94.216,
01/01/2000,00:54:31.08,23.55,-55.14,-993.08,140.0,-752.50,-245.0,1,94.218,
01/01/2000,00:54:31.09,24.16,-55.27,-992.71,236.25,-726.25,-253.75,1,94.221,
01/01/2000,00:54:31.10,23.55,-55.51,-992.35,280.0,-708.75,-262.50,1,94.223,
01/01/2000,00:54:31.11,23.30,-55.63,-991.86,183.75,-770.0,-420.0,1,94.226,
01/01/2000,00:54:31.12,23.18,-56.00,-992.10,280.0,-805.0,-420.0,1,94.228,
01/01/2000,00:54:31.13,22.94,-55.63,-992.84,122.50,-673.75,-446.25,1,94.190,
01/01/2000,00:54:31.14,22.69,-55.63,-992.71,8.75,-682.50,-288.75,1,94.192,
01/01/2000,00:54:31.15,21.72,-55.27,-992.10,157.50,-787.50,-341.25,1,94.195,
01/01/2000,00:54:31.16,20.74,-55.63,-991.49,166.25,-638.75,-227.50,1,94.197,
01/01/2000,00:54:31.17,20.50,-55.88,-991.01,70.0,-577.50,-638.75,1,94.200,
01/01/2000,00:54:31.18,21.35,-56.12,-991.62,105.0,-691.25,-621.25,1,94.202,
01/01/2000,00:54:31.20,23.18,-55.51,-992.96,0.0,-621.25,-498.75,1,94.205,
01/01/2000,00:54:31.21,24.03,-55.88,-993.08,253.75,-752.50,-105.0,1,94.207,
01/01/2000,00:54:31.22,23.91,-56.00,-992.59,166.25,-700.0,-236.25,1,94.210,
01/01/2000,00:54:31.23,21.84,-56.12,-991.62,393.75,-673.75,-323.75,1,94.171,
01/01/2000,00:54:31.25,21.11,-55.75,-992.10,236.25,-568.75,-428.75,1,94.174,
01/01/2000,00:54:31.26,20.37,-55.27,-992.71,175.0,-665.0,-350.0,1,94.176,
01/01/2000,00:54:31.27,19.89,-55.27,-992.71,148.75,-647.50,-236.25,1,94.179,
01/01/2000,00:54:31.28,19.52,-55.39,-992.10,297.50,-743.75,-288.75,1,94.182,
01/01/2000,00:54:31.29,19.89,-55.88,-991.74,166.25,-726.25,-595.0,1,94.184,
01/01/2000,00:54:31.30,21.47,-56.12,-992.10,218.75,-665.0,-831.25,1,94.187,
01/01/2000,00:54:31.31,23.79,-55.63,-992.59,201.25,-621.25,-1006.25,1,94.189,
01/01/2000,00:54:31.32,25.62,-55.39,-992.71,96.25,-787.50,52.50,1,94.192,
01/01/2000,00:54:31.33,26.35,-55.63,-991.49,-61.25,-717.50,218.75,1,94.194,
01/01/2000,00:54:31.34,25.25,-56.24,-990.76,148.75,-770.0,175.0,1,94.197,
01/01/2000,00:54:31.35,23.79,-56.36,-990.88,61.25,-866.25,-586.25,1,94.199,
01/01/2000,00:54:31.36,22.20,-56.61,-991.98,306.25,-691.25,-507.50,1,94.202,
01/01/2000,00:54:31.37,20.98,-55.63,-995.28,52.50,-770.0,-507.50,1,94.204,
01/01/2000,00:54:31.38,20.50,-55.14,-996.37,253.75,-700.0,-323.75,1,94.207,
01/01/2000,00:54:31.39,19.76,-54.90,-995.76,131.25,-542.50,-43.75,1,94.209,
01/01/2000,00:54:31.40,19.28,-55.27,-994.06,113.75,-621.25,-297.50,1,94.212,
01/01/2000,00:54:31.41,20.01,-55.75,-991.37,131.25,-612.50,-638.75,1,94.174,
01/01/2000,00:54:31.42,22.45,-56.36,-991.37,253.75,-682.50,-735.0,1,94.176,
01/01/2000,00:54:31.43,24.40,-56.12,-992.47,78.75,-691.25,-586.25,1,94.179,
01/01/2000,00:54:31.44,25.25,-56.24,-993.45,210.0,-682.50,-113.75,1,94.181,
01/01/2000,00:54:31.45,25.50,-56.12,-994.06,210.0,-726.25,-70.0,1,94.184,
01/01/2000,00:54:31.46,24.64,-55.75,-994.06,131.25,-700.0,-306.25,1,94.186,
01/01/2000,00:54:31.47,22.81,-55.51,-993.32,210.0,-612.50,-297.50,1,94.189,
01/01/2000,00:54:31.49,21.84,-55.63,-992.23,131.25,-682.50,-315.0,1,94.191,
01/01/2000,00:54:31.50,21.11,-55.63,-991.98,166.25,-673.75,-271.25,1,94.194,
01/01/2000,00:54:31.51,21.23,-55.63,-991.98,140.0,-726.25,-341.25,1,94.196,
01/01/2000,00:54:31.52,21.47,-56.12,-992.23,358.75,-586.25,-481.25,1,94.199,
01/01/2000,00:54:31.53,22.81,-55.51,-992.71,280.0,-490.0,-717.50,1,94.201,
01/01/2000,00:54:31.54,23.91,-55.51,-992.59,271.25,-770.0,-472.50,1,94.204,
01/01/2000,00:54:31.55,25.01,-55.14,-992.47,227.50,-726.25,-148.75,1,94.206,
01/01/2000,00:54:31.56,25.25,-56.36,-992.35,367.50,-752.50,-175.0,1,94.208,
01/01/2000,00:54:31.57,24.64,-56.36,-992.23,8.75,-752.50,-323.75,1,94.211,
01/01/2000,00:54:31.58,23.06,-56.61,-992.10,201.25,-612.50,-568.75,1,94.213,
01/01/2000,00:54:31.59,21.84,-56.00,-992.10,61.25,-638.75,-332.50,1,94.216,
01/01/2000,00:54:31.60,20.74,-55.63,-992.10,218.75,-647.50,-306.25,1,94.218,
01/01/2000,00:54:31.61,19.89,-55.39,-992.10,236.25,-647.50,-393.75,1,94.221,
01/01/2000,00:54:31.62,19.52,-55.27,-992.10,253.75,-647.50,-385.0,1,94.183,
01/01/2000,00:54:31.64,20.37,-55.75,-992.23,227.50,-630.0,-621.25,1,94.186,
01/01/2000,00:54:31.65,22.69,-55.88,-992.59,271.25,-717.50,-656.25,1,94.188,
01/01/2000,00:54:31.66,24.52,-55.39,-992.71,70.0,-735.0,-350.0,1,94.191,
01/01/2000,00:54:31.67,26.23,-55.88,-992.71,218.75,-700.0,-148.75,1,94.193,
01/01/2000,00:54:31.68,26.60,-56.00,-992.71,78.75,-752.50,-192.50,1,94.195,
01/01/2000,00:54:31.69,25.25,-56.12,-992.84,253.75,-778.75,-113.75,1,94.198,
01/01/2000,00:54:31.70,22.94,-56.24,-992.47,288.75,-700.0,-420.0,1,94.200,
01/01/2000,00:54:31.71,21.23,-55.63,-992.35,192.50,-770.0,-472.50,1,94.203,
01/01/2000,00:54:31.72,20.01,-55.14,-992.35,157.50,-656.25,-245.0,1,94.205,
01/01/2000,00:54:31.73,19.28,-55.02,-992.35,131.25,-691.25,-192.50,1,94.208,
01/01/2000,00:54:31.74,19.03,-55.51,-992.35,131.25,-778.75,-463.75,1,94.170,
01/01/2000,00:54:31.76,20.74,-55.88,-992.23,113.75,-630.0,-743.75,1,94.173,
01/01/2000,00:54:31.77,22.69,-56.12,-992.35,131.25,-665.0,-770.0,1,94.175,
01/01/2000,00:54:31.78,25.38,-55.51,-992.84,166.25,-752.50,-157.50,1,94.178,
01/01/2000,00:54:31.79,26.11,-55.63,-992.84,87.50,-682.50,61.25,1,94.180,
01/01/2000,00:54:31.80,25.86,-56.12,-993.08,192.50,-778.75,-183.75,1,94.183,
01/01/2000,00:54:31.81,24.40,-56.00,-993.20,157.50,-691.25,-376.25,1,94.185,
01/01/2000,00:54:31.82,22.69,-55.88,-992.59,96.25,-647.50,-358.75,1,94.188,
01/01/2000,00:54:31.83,20.62,-55.51,-992.35,393.75,-673.75,-490.0,1,94.190,
01/01/2000,00:54:31.84,19.76,-55.27,-992.10,122.50,-665.0,-280.0,1,94.192,
01/01/2000,00:54:31.85,19.28,-55.14,-991.74,192.50,-700.0,-428.75,1,94.195,
01/01/2000,00:54:31.86,20.01,-55.51,-991.86,271.25,-630.0,-533.75,1,94.197,
01/01/2000,00:54:31.87,21.59,-55.63,-992.10,192.50,-638.75,-656.25,1,94.200,
01/01/2000,00:54:31.88,23.79,-55.75,-992.71,148.75,-621.25,-778.75,1,94.202,
01/01/2000,00:54:31.89,25.86,-55.51,-993.20,105.0,-778.75,-157.50,1,94.205,
01/01/2000,00:54:31.90,26.96,-56.00,-993.57,148.75,-726.25,236.25,1,94.207,
01/01/2000,00:54:31.91,25.86,-56.36,-993.57,96.25,-735.0,-288.75,1,94.170,
01/01/2000,00:54:31.92,24.64,-56.12,-993.32,271.25,-656.25,-612.50,1,94.172,
01/01/2000,00:54:31.93,23.67,-55.51,-992.84,218.75,-743.75,-385.0,1,94.175,
01/01/2000,00:54:31.94,23.67,-55.27,-992.35,166.25,-656.25,-568.75,1,94.177,
01/01/2000,00:54:31.95,24.52,-55.02,-991.86,288.75,-726.25,-568.75,1,94.180,
01/01/2000,00:54:31.96,26.96,-55.39,-991.49,218.75,-638.75,-271.25,1,94.182,
01/01/2000,00:54:31.98,30.50,-56.49,-991.74,183.75,-630.0,-612.50,1,94.185,
01/01/2000,00:54:31.99,32.94,-56.24,-992.23,105.0,-752.50,-717.50,1,94.187,
01/01/2000,00:54:32.00,35.38,-55.88,-992.59,131.25,-735.0,-682.50,1,94.189,
01/01/2000,00:54:32.01,36.84,-55.63,-992.96,227.50,-717.50,-43.75,1,94.192,
01/01/2000,00:54:32.02,36.60,-55.75,-993.08,35.0,-778.75,113.75,1,94.194,
01/01/2000,00:54:32.03,35.14,-56.12,-993.08,140.0,-752.50,148.75,1,94.197,
01/01/2000,00:54:32.04,33.43,-56.12,-992.71,105.0,-612.50,-481.25,1,94.199,
01/01/2000,00:54:32.05,32.09,-55.88,-991.86,192.50,-700.0,-665.0,1,94.202,
01/01/2000,00:54:32.06,32.82,-55.14,-991.25,201.25,-638.75,-717.50,1,94.204,
01/01/2000,00:54:32.07,34.89,-55.14,-991.01,183.75,-717.50,-560.0,1,94.207,
01/01/2000,00:54:32.08,39.04,-55.63,-991.37,-17.50,-656.25,-315.0,1,94.209,
01/01/2000,00:54:32.09,41.97,-56.36,-992.10,192.50,-770.0,-332.50,1,94.211,
01/01/2000,00:54:32.10,43.19,-56.85,-992.84,-26.25,-761.25,-393.75,1,94.214,
01/01/2000,00:54:32.11,42.70,-57.10,-993.32,262.50,-735.0,-166.25,1,94.216,
01/01/2000,00:54:32.12,40.50,-56.36,-993.08,131.25,-813.75,-201.25,1,94.179,
01/01/2000,00:54:32.13,36.23,-55.27,-992.59,192.50,-682.50,-192.50,1,94.182,
01/01/2000,00:54:32.15,34.04,-55.39,-991.98,227.50,-647.50,-236.25,1,94.184,
01/01/2000,00:54:32.16,32.70,-55.39,-991.49,271.25,-700.0,-446.25,1,94.187,
01/01/2000,00:54:32.17,32.33,-55.88,-991.37,78.75,-717.50,-603.75,1,94.189,
01/01/2000,00:54:32.18,32.94,-56.36,-991.86,201.25,-577.50,-647.50,1,94.191,
01/01/2000,00:54:32.19,34.89,-56.36,-993.08,131.25,-822.50,-393.75,1,94.194,
01/01/2000,00:54:32.20,34.89,-56.36,-993.81,105.0,-770.0,-148.75,1,94.196,
01/01/2000,00:54:32.21,33.92,-56.24,-993.93,105.0,-726.25,-262.50,1,94.199,
01/01/2000,00:54:32.22,31.96,-56.12,-993.57,148.75,-647.50,-175.0,1,94.201,
01/01/2000,00:54:32.23,29.77,-56.24,-992.84,236.25,-743.75,-367.50,1,94.204,
01/01/2000,00:54:32.24,27.94,-55.88,-991.98,166.25,-700.0,-647.50,1,94.206,
01/01/2000,00:54:32.26,27.45,-55.75,-991.86,253.75,-848.75,-315.0,1,94.169,
01/01/2000,00:54:32.27,27.08,-56.24,-992.10,227.50,-735.0,-201.25,1,94.172,
01/01/2000,00:54:32.28,26.35,-56.36,-992.23,166.25,-691.25,-385.0,1,94.174,
01/01/2000,00:54:32.29,25.50,-56.36,-992.23,236.25,-665.0,-385.0,1,94.176,
01/01/2000,00:54:32.30,24.89,-55.75,-992.35,157.50,-708.75,-481.25,1,94.179,
01/01/2000,00:54:32.31,24.77,-55.63,-992.23,140.0,-770.0,-350.0,1,94.181,
01/01/2000,00:54:32.32,24.40,-55.39,-992.10,78.75,-630.0,-306.25,1,94.184,
01/01/2000,00:54:32.33,24.40,-55.88,-992.35,96.25,-595.0,-411.25,1,94.186,
01/01/2000,00:54:32.34,24.40,-56.36,-992.35,218.75,-665.0,-490.0,1,94.188,
01/01/2000,00:54:32.35,24.16,-56.36,-992.59,17.50,-638.75,-455.0,1,94.191,
01/01/2000,00:54:32.36,24.03,-56.36,-992.47,201.25,-647.50,-437.50,1,94.193,
01/01/2000,00:54:32.37,23.67,-55.88,-992.47,96.25,-682.50,-428.75,1,94.196,
01/01/2000,00:54:32.38,23.55,-55.88,-992.59,280.0,-805.0,-428.75,1,94.198,
01/01/2000,00:54:32.39,23.42,-55.88,-992.59,113.75,-647.50,-402.50,1,94.201,
01/01/2000,00:54:32.40,23.42,-56.36,-992.59,166.25,-700.0,-393.75,1,94.164,
01/01/2000,00:54:32.41,23.30,-56.36,-992.59,253.75,-735.0,-428.75,1,94.166,
01/01/2000,00:54:32.42,23.18,-56.24,-992.71,253.75,-700.0,-446.25,1,94.169,
01/01/2000,00:54:32.44,23.42,-56.12,-992.59,192.50,-743.75,-542.50,1,94.171,
01/01/2000,00:54:32.44,23.18,-55.88,-992.59,8.75,-805.0,-210.0,1,94.174,
01/01/2000,00:54:32.46,23.06,-56.12,-992.59,323.75,-708.75,-420.0,1,94.176,
01/01/2000,00:54:32.47,23.06,-56.00,-992.71,122.50,-708.75,-280.0,1,94.178,
01/01/2000,00:54:32.48,23.06,-56.24,-992.59,43.75,-691.25,-341.25,1,94.181,
01/01/2000,00:54:32.49,22.94,-56.36,-992.47,192.50,-665.0,-463.75,1,94.183,
01/01/2000,00:54:32.50,22.94,-56.24,-992.47,262.50,-682.50,-437.50,1,94.186,
01/01/2000,00:54:32.51,22.69,-56.36,-992.59,175.0,-568.75,-350.0,1,94.188,
01/01/2000,00:54:32.52,22.94,-56.00,-992.59,122.50,-630.0,-402.50,1,94.190,
01/01/2000,00:54:32.53,24.16,-56.12,-992.84,306.25,-595.0,-638.75,1,94.193,
01/01/2000,00:54:32.54,25.01,-56.00,-993.08,148.75,-647.50,-490.0,1,94.195,
01/01/2000,00:54:32.55,27.08,-56.49,-992.71,105.0,-682.50,-358.75,1,94.159,
01/01/2000,00:54:32.56,28.18,-56.12,-991.98,26.25,-743.75,-533.75,1,94.161,
01/01/2000,00:54:32.57,29.65,-56.24,-991.62,245.0,-603.75,-455.0,1,94.164,
01/01/2000,00:54:32.58,32.09,-56.12,-991.86,157.50,-691.25,-796.25,1,94.166,
01/01/2000,00:54:32.59,34.77,-56.12,-993.20,236.25,-735.0,-586.25,1,94.168,
01/01/2000,00:54:32.60,35.62,-56.24,-993.81,17.50,-665.0,-148.75,1,94.171,
01/01/2000,00:54:32.62,35.87,-56.49,-993.20,218.75,-717.50,-227.50,1,94.173,
01/01/2000,00:54:32.63,35.38,-56.12,-992.47,-17.50,-770.0,-428.75,1,94.176,
01/01/2000,00:54:32.64,34.89,-56.24,-991.74,113.75,-761.25,-358.75,1,94.178,
01/01/2000,00:54:32.65,35.38,-55.88,-991.49,157.50,-708.75,-568.75,1,94.180,
01/01/2000,00:54:32.66,36.36,-55.63,-991.74,70.0,-621.25,-595.0,1,94.183,
01/01/2000,00:54:32.67,38.06,-55.88,-991.86,245.0,-612.50,-560.0,1,94.185,
01/01/2000,00:54:32.68,39.89,-56.24,-992.23,157.50,-700.0,-507.50,1,94.187,
01/01/2000,00:54:32.69,42.46,-56.36,-992.59,122.50,-761.25,-350.0,1,94.190,
01/01/2000,00:54:32.70,42.70,-56.61,-992.84,166.25,-761.25,-271.25,1,94.192,
01/01/2000,00:54:32.71,41.24,-56.24,-992.59,78.75,-805.0,-192.50,1,94.195,
01/01/2000,00:54:32.72,39.41,-56.12,-992.23,236.25,-726.25,-402.50,1,94.197,
01/01/2000,00:54:32.73,37.21,-55.63,-991.98,87.50,-638.75,-280.0,1,94.199,
01/01/2000,00:54:32.74,34.89,-55.75,-991.62,210.0,-805.0,-262.50,1,94.202,
01/01/2000,00:54:32.75,32.70,-55.88,-991.62,183.75,-647.50,-516.25,1,94.204,
01/01/2000,00:54:32.77,32.70,-55.88,-991.86,52.50,-831.25,-735.0,1,94.168,
01/01/2000,00:54:32.78,34.04,-55.88,-992.10,437.50,-647.50,-857.50,1,94.170,
01/01/2000,00:54:32.79,35.14,-55.63,-992.47,52.50,-708.75,-682.50,1,94.173,
01/01/2000,00:54:32.80,35.62,-56.00,-992.35,35.0,-673.75,87.50,1,94.175,
01/01/2000,00:54:32.81,33.31,-56.36,-991.98,35.0,-735.0,192.50,1,94.178,
01/01/2000,00:54:32.82,30.26,-56.61,-991.74,148.75,-770.0,-105.0,1,94.180,
01/01/2000,00:54:32.83,27.21,-56.36,-991.62,35.0,-735.0,-621.25,1,94.144,
01/01/2000,00:54:32.84,24.16,-55.14,-991.86,192.50,-586.25,-796.25,1,94.146,
01/01/2000,00:54:32.85,23.79,-54.29,-992.47,201.25,-568.75,-533.75,1,94.149,
01/01/2000,00:54:32.86,24.64,-54.53,-992.71,122.50,-630.0,-175.0,1,94.151,
01/01/2000,00:54:32.87,26.23,-55.27,-992.84,87.50,-612.50,-411.25,1,94.153,
01/01/2000,00:54:32.88,27.82,-56.73,-993.32,70.0,-761.25,-463.75,1,94.156,
01/01/2000,00:54:32.89,29.28,-57.22,-993.20,105.0,-778.75,-420.0,1,94.158,
01/01/2000,00:54:32.90,29.40,-56.85,-993.32,201.25,-778.75,-542.50,1,94.161,
01/01/2000,00:54:32.91,28.43,-56.12,-993.32,70.0,-901.25,-78.75,1,94.163,
01/01/2000,00:54:32.92,25.01,-55.39,-993.08,96.25,-735.0,70.0,1,94.165,
01/01/2000,00:54:32.93,22.20,-55.63,-992.71,140.0,-682.50,35.0,1,94.168,
01/01/2000,00:54:32.94,20.01,-56.00,-992.35,218.75,-603.75,-507.50,1,94.170,
01/01/2000,00:54:32.95,18.91,-55.88,-992.23,192.50,-630.0,-787.50,1,94.172,
01/01/2000,00:54:32.96,19.52,-55.75,-992.23,236.25,-568.75,-761.25,1,94.175,
01/01/2000,00:54:32.98,23.30,-55.88,-992.47,271.25,-638.75,-393.75,1,94.177,
01/01/2000,00:54:32.99,24.89,-56.00,-992.59,253.75,-743.75,-245.0,1,94.179,
01/01/2000,00:54:33.00,25.86,-56.49,-992.71,70.0,-665.0,-271.25,1,94.182,
01/01/2000,00:54:33.01,26.35,-56.36,-993.08,-43.75,-656.25,-428.75,1,94.184,
01/01/2000,00:54:33.02,26.11,-56.36,-993.20,87.50,-743.75,-306.25,1,94.187,
01/01/2000,00:54:33.03,25.01,-56.00,-993.32,175.0,-577.50,-271.25,1,94.189,
01/01/2000,00:54:33.04,22.45,-55.75,-992.71,192.50,-665.0,17.50,1,94.153,
01/01/2000,00:54:33.05,20.98,-56.00,-992.35,-8.75,-761.25,-332.50,1,94.156,
01/01/2000,00:54:33.06,20.01,-56.12,-992.10,201.25,-621.25,-428.75,1,94.158,
01/01/2000,00:54:33.07,19.89,-55.51,-992.35,227.50,-647.50,-691.25,1,94.160,
01/01/2000,00:54:33.08,21.23,-55.63,-992.71,157.50,-673.75,-516.25,1,94.163,
01/01/2000,00:54:33.09,22.81,-55.39,-992.96,210.0,-682.50,-297.50,1,94.165,
01/01/2000,00:54:33.10,24.16,-55.51,-992.96,87.50,-673.75,-87.50,1,94.167,
01/01/2000,00:54:33.12,25.38,-56.36,-992.59,210.0,-743.75,-323.75,1,94.170,
01/01/2000,00:54:33.13,25.62,-56.49,-992.47,210.0,-735.0,-358.75,1,94.172,
01/01/2000,00:54:33.14,25.13,-56.00,-992.59,52.50,-796.25,-297.50,1,94.174,
01/01/2000,00:54:33.15,23.67,-56.12,-992.59,166.25,-822.50,-96.25,1,94.177,
01/01/2000,00:54:33.16,22.20,-55.63,-992.59,131.25,-761.25,-70.0,1,94.179,
01/01/2000,00:54:33.17,20.25,-55.51,-992.59,87.50,-682.50,-227.50,1,94.181,
01/01/2000,00:54:33.18,19.15,-55.88,-992.84,96.25,-717.50,-490.0,1,94.184,
01/01/2000,00:54:33.19,18.91,-56.00,-992.84,218.75,-621.25,-647.50,1,94.186,
01/01/2000,00:54:33.20,20.74,-55.88,-992.59,70.0,-673.75,-542.50,1,94.188,
01/01/2000,00:54:33.21,22.57,-55.88,-992.47,175.0,-612.50,-525.0,1,94.191,
01/01/2000,00:54:33.22,24.40,-56.36,-992.59,218.75,-665.0,-297.50,1,94.193,
01/01/2000,00:54:33.23,25.86,-56.36,-992.59,122.50,-735.0,-358.75,1,94.195,
01/01/2000,00:54:33.24,26.84,-56.85,-992.71,385.0,-726.25,-332.50,1,94.198,
01/01/2000,00:54:33.25,26.72,-56.49,-993.08,122.50,-621.25,-262.50,1,94.162,
01/01/2000,00:54:33.26,24.89,-56.12,-993.08,148.75,-778.75,61.25,1,94.165,
01/01/2000,00:54:33.27,22.57,-55.88,-992.96,35.0,-813.75,43.75,1,94.167,
01/01/2000,00:54:33.29,19.03,-56.00,-992.71,70.0,-778.75,-131.25,1,94.169,
01/01/2000,00:54:33.30,17.57,-55.88,-992.84,201.25,-568.75,-717.50,1,94.172,
01/01/2000,00:54:33.31,17.69,-55.39,-992.84,297.50,-630.0,-822.50,1,94.174,
01/01/2000,00:54:33.32,19.52,-55.39,-992.84,122.50,-717.50,-428.75,1,94.176,
01/01/2000,00:54:33.33,21.47,-55.63,-992.84,297.50,-673.75,-271.25,1,94.179,
01/01/2000,00:54:33.34,24.40,-56.24,-992.71,140.0,-813.75,-332.50,1,94.181,
01/01/2000,00:54:33.35,25.38,-56.73,-992.47,148.75,-796.25,-201.25,1,94.183,
01/01/2000,00:54:33.36,25.50,-56.61,-992.10,35.0,-770.0,-315.0,1,94.186,
01/01/2000,00:54:33.37,25.01,-56.61,-991.86,157.50,-691.25,-236.25,1,94.188,
01/01/2000,00:54:33.38,23.30,-56.00,-992.47,-140.0,-726.25,-61.25,1,94.190,
01/01/2000,00:54:33.39,20.98,-55.88,-992.96,131.25,-717.50,-271.25,1,94.193,
01/01/2000,00:54:33.40,20.01,-55.63,-993.20,393.75,-507.50,-455.0,1,94.157,
01/01/2000,00:54:33.41,19.52,-55.39,-993.32,61.25,-700.0,-385.0,1,94.160,
01/01/2000,00:54:33.42,20.62,-55.63,-992.84,35.0,-603.75,-393.75,1,94.162,
01/01/2000,00:54:33.43,21.84,-56.12,-992.23,166.25,-708.75,-437.50,1,94.164,
01/01/2000,00:54:33.44,23.18,-56.00,-991.86,17.50,-691.25,-420.0,1,94.167,
01/01/2000,00:54:33.45,24.40,-56.61,-991.62,218.75,-752.50,-402.50,1,94.169,
01/01/2000,00:54:33.47,25.62,-56.36,-992.10,113.75,-770.0,-227.50,1,94.171,
01/01/2000,00:54:33.48,25.38,-55.88,-993.08,61.25,-778.75,-262.50,1,94.174,
01/01/2000,00:54:33.49,24.28,-56.12,-993.32,271.25,-630.0,-35.0,1,94.176,
01/01/2000,00:54:33.50,22.20,-55.63,-993.08,-35.0,-708.75,210.0,1,94.178,
01/01/2000,00:54:33.51,20.01,-56.00,-992.35,227.50,-708.75,-358.75,1,94.181,
01/01/2000,00:54:33.52,18.67,-56.12,-992.35,271.25,-560.0,-787.50,1,94.183,
01/01/2000,00:54:33.53,18.79,-55.63,-992.84,113.75,-665.0,-761.25,1,94.185,
01/01/2000,00:54:33.54,20.74,-55.14,-993.08,0.0,-542.50,-148.75,1,94.187,
01/01/2000,00:54:33.55,21.96,-55.51,-992.35,332.50,-630.0,-271.25,1,94.190,
01/01/2000,00:54:33.56,23.18,-55.51,-991.49,148.75,-700.0,-288.75,1,94.192,
01/01/2000,00:54:33.57,24.40,-56.12,-990.88,122.50,-717.50,-420.0,1,94.194,
01/01/2000,00:54:33.58,25.86,-56.49,-991.49,87.50,-848.75,-446.25,1,94.197,
01/01/2000,00:54:33.59,25.99,-56.36,-992.35,201.25,-778.75,-218.75,1,94.199,
01/01/2000,00:54:33.60,25.50,-56.00,-992.35,262.50,-708.75,-236.25,1,94.201,
01/01/2000,00:54:33.62,22.94,-55.63,-991.86,280.0,-918.75,157.50,1,94.166,
01/01/2000,00:54:33.63,21.11,-55.51,-992.59,-43.75,-603.75,-332.50,1,94.169,
01/01/2000,00:54:33.64,19.89,-56.00,-994.91,271.25,-630.0,-411.25,1,94.171,
01/01/2000,00:54:33.65,19.28,-55.75,-995.64,105.0,-568.75,-612.50,1,94.173,
01/01/2000,00:54:33.66,19.52,-55.51,-995.15,227.50,-708.75,-358.75,1,94.176,
01/01/2000,00:54:33.67,20.37,-55.39,-993.57,157.50,-752.50,-358.75,1,94.178,
01/01/2000,00:54:33.68,22.20,-55.63,-991.98,218.75,-743.75,-367.50,1,94.180,
01/01/2000,00:54:33.69,23.55,-55.88,-991.74,105.0,-796.25,-428.75,1,94.182,
01/01/2000,00:54:33.70,25.50,-56.61,-992.47,218.75,-673.75,-542.50,1,94.185,
01/01/2000,00:54:33.71,26.23,-56.24,-993.08,166.25,-752.50,-358.75,1,94.187,
01/01/2000,00:54:33.72,26.11,-55.88,-993.20,96.25,-735.0,-105.0,1,94.189,
01/01/2000,00:54:33.73,24.52,-55.75,-993.08,43.75,-735.0,201.25,1,94.192,
01/01/2000,00:54:33.74,22.33,-55.88,-992.23,236.25,-813.75,-87.50,1,94.194,
01/01/2000,00:54:33.75,18.54,-55.88,-992.35,157.50,-708.75,-507.50,1,94.159,
01/01/2000,00:54:33.76,18.30,-55.88,-992.59,227.50,-612.50,-726.25,1,94.161,
01/01/2000,00:54:33.77,19.52,-55.75,-992.96,157.50,-673.75,-866.25,1,94.164,
01/01/2000,00:54:33.78,21.72,-55.27,-993.08,218.75,-691.25,-630.0,1,94.166,
01/01/2000,00:54:33.80,24.52,-55.75,-992.10,218.75,-673.75,26.25,1,94.168,
01/01/2000,00:54:33.81,25.62,-56.36,-990.40,201.25,-691.25,-288.75,1,94.171,
01/01/2000,00:54:33.82,25.62,-56.61,-989.91,175.0,-796.25,-481.25,1,94.173,
01/01/2000,00:54:33.83,25.99,-56.61,-990.40,113.75,-726.25,-323.75,1,94.175,
01/01/2000,00:54:33.84,24.28,-55.75,-991.86,8.75,-778.75,-201.25,1,94.177,
01/01/2000,00:54:33.85,22.20,-55.63,-992.47,-8.75,-708.75,131.25,1,94.180,
01/01/2000,00:54:33.86,20.25,-55.63,-992.84,315.0,-595.0,8.75,1,94.182,
01/01/2000,00:54:33.87,18.79,-55.14,-993.20,105.0,-630.0,-673.75,1,94.184,
01/01/2000,00:54:33.88,19.03,-55.39,-993.32,78.75,-673.75,-673.75,1,94.187,
01/01/2000,00:54:33.89,20.98,-55.39,-993.08,148.75,-700.0,-647.50,1,94.152,
01/01/2000,00:54:33.90,22.94,-55.63,-992.59,201.25,-761.25,-245.0,1,94.154,
01/01/2000,00:54:33.91,24.64,-55.63,-991.37,-131.25,-796.25,-140.0,1,94.157,
01/01/2000,00:54:33.92,25.25,-56.61,-991.01,131.25,-743.75,-78.75,1,94.159,
01/01/2000,00:54:33.93,25.13,-56.49,-991.25,87.50,-752.50,-350.0,1,94.161,
01/01/2000,00:54:33.94,24.64,-56.36,-991.74,236.25,-770.0,-367.50,1,94.163,
01/01/2000,00:54:33.95,24.16,-55.88,-992.35,192.50,-682.50,-332.50,1,94.166,
01/01/2000,00:54:33.96,22.69,-55.02,-992.96,52.50,-796.25,-87.50,1,94.168,
01/01/2000,00:54:33.97,21.23,-55.14,-992.71,70.0,-691.25,-35.0,1,94.170,
01/01/2000,00:54:33.98,20.01,-55.63,-992.35,183.75,-682.50,-350.0,1,94.172,
01/01/2000,00:54:33.99,19.76,-55.75,-992.47,201.25,-586.25,-621.25,1,94.175,
01/01/2000,00:54:34.00,20.98,-55.75,-992.59,297.50,-752.50,-612.50,1,94.177,
01/01/2000,00:54:34.01,22.69,-55.63,-992.59,175.0,-560.0,-542.50,1,94.179,
01/01/2000,00:54:34.02,23.91,-55.39,-992.35,175.0,-665.0,-236.25,1,94.182,
01/01/2000,00:54:34.04,24.64,-55.51,-991.86,157.50,-735.0,-70.0,1,94.184,
01/01/2000,00:54:34.05,24.64,-56.00,-991.62,271.25,-647.50,-358.75,1,94.186,
01/01/2000,00:54:34.06,24.16,-55.75,-991.62,52.50,-778.75,-420.0,1,94.188,
01/01/2000,00:54:34.07,23.67,-55.63,-991.62,122.50,-735.0,-288.75,1,94.191,
01/01/2000,00:54:34.08,22.69,-55.39,-991.86,113.75,-700.0,-280.0,1,94.193,
01/01/2000,00:54:34.09,21.35,-55.39,-991.98,148.75,-726.25,-227.50,1,94.195,
01/01/2000,00:54:34.10,19.76,-55.63,-992.35,271.25,-770.0,-560.0,1,94.197,
01/01/2000,00:54:34.11,19.52,-55.14,-992.84,-17.50,-586.25,-525.0,1,94.200,
01/01/2000,00:54:34.12,20.25,-55.27,-992.84,227.50,-673.75,-306.25,1,94.202,
01/01/2000,00:54:34.13,21.47,-54.90,-992.59,218.75,-656.25,-323.75,1,94.168,
01/01/2000,00:54:34.14,22.81,-55.02,-992.23,192.50,-621.25,-315.0,1,94.170,
01/01/2000,00:54:34.15,23.91,-55.39,-991.86,78.75,-796.25,-262.50,1,94.172,
01/01/2000,00:54:34.16,24.52,-55.88,-991.25,245.0,-682.50,-315.0,1,94.174,
01/01/2000,00:54:34.18,25.01,-56.00,-991.37,148.75,-673.75,-350.0,1,94.177,
01/01/2000,00:54:34.19,25.01,-55.51,-991.62,70.0,-761.25,-385.0,1,94.179,
01/01/2000,00:54:34.20,24.28,-55.14,-991.86,201.25,-831.25,-166.25,1,94.181,
01/01/2000,00:54:34.21,22.81,-55.14,-992.10,271.25,-717.50,61.25,1,94.183,
01/01/2000,00:54:34.22,20.74,-55.39,-992.47,105.0,-691.25,-201.25,1,94.186,
01/01/2000,00:54:34.23,18.54,-55.63,-992.96,113.75,-568.75,-612.50,1,94.188,
01/01/2000,00:54:34.24,18.30,-55.63,-993.32,288.75,-568.75,-656.25,1,94.190,
01/01/2000,00:54:34.25,20.01,-55.14,-993.57,280.0,-717.50,-647.50,1,94.192,
01/01/2000,00:54:34.26,21.72,-54.90,-993.20,183.75,-691.25,-437.50,1,94.195,
01/01/2000,00:54:34.27,23.30,-55.14,-992.35,183.75,-647.50,-218.75,1,94.197,
01/01/2000,00:54:34.28,24.28,-55.88,-990.88,157.50,-743.75,-140.0,1,94.199,
01/01/2000,00:54:34.29,24.40,-56.12,-990.52,157.50,-656.25,-393.75,1,94.201,
01/01/2000,00:54:34.31,23.55,-56.00,-991.01,192.50,-752.50,-306.25,1,94.167,
01/01/2000,00:54:34.32,22.20,-55.51,-991.98,131.25,-638.75,-87.50,1,94.170,
01/01/2000,00:54:34.33,20.25,-55.27,-992.59,253.75,-717.50,-367.50,1,94.172,
01/01/2000,00:54:34.34,19.64,-54.78,-993.08,175.0,-700.0,-437.50,1,94.174,
01/01/2000,00:54:34.35,20.13,-54.90,-993.32,35.0,-665.0,-367.50,1,94.176,
01/01/2000,00:54:34.36,21.72,-55.14,-993.45,166.25,-717.50,-533.75,1,94.178,
01/01/2000,00:54:34.37,24.40,-55.63,-993.08,105.0,-638.75,-428.75,1,94.181,
01/01/2000,00:54:34.38,25.38,-56.12,-991.98,157.50,-787.50,-218.75,1,94.183,
01/01/2000,00:54:34.39,25.74,-56.49,-990.88,157.50,-673.75,-306.25,1,94.149,
01/01/2000,00:54:34.40,24.89,-56.36,-990.27,148.75,-805.0,-472.50,1,94.151,
01/01/2000,00:54:34.41,23.55,-55.88,-991.01,-61.25,-857.50,-385.0,1,94.154,
01/01/2000,00:54:34.42,22.69,-55.63,-991.86,236.25,-787.50,-262.50,1,94.156,
01/01/2000,00:54:34.43,21.11,-55.02,-992.96,96.25,-778.75,-113.75,1,94.158,
01/01/2000,00:54:34.44,19.64,-55.27,-993.69,236.25,-691.25,-70.0,1,94.160,
01/01/2000,00:54:34.45,18.42,-55.75,-993.93,236.25,-437.50,-446.25,1,94.163,
01/01/2000,00:54:34.47,19.40,-55.63,-993.57,245.0,-638.75,-708.75,1,94.165,
01/01/2000,00:54:34.48,21.23,-55.51,-992.47,131.25,-673.75,-603.75,1,94.167,
01/01/2000,00:54:34.49,22.94,-55.51,-991.13,262.50,-630.0,-332.50,1,94.169,
01/01/2000,00:54:34.50,24.16,-55.39,-990.15,0.0,-770.0,-175.0,1,94.171,
01/01/2000,00:54:34.51,24.64,-56.12,-989.18,113.75,-770.0,-96.25,1,94.174,
01/01/2000,00:54:34.52,24.64,-56.24,-989.91,157.50,-682.50,-402.50,1,94.176,
01/01/2000,00:54:34.53,24.40,-55.88,-991.86,78.75,-822.50,-428.75,1,94.178,
01/01/2000,00:54:34.54,23.67,-55.51,-992.71,105.0,-813.75,-288.75,1,94.180,
01/01/2000,00:54:34.55,22.20,-55.14,-992.84,113.75,-770.0,-61.25,1,94.183,
01/01/2000,00:54:34.56,20.62,-54.78,-992.59,315.0,-682.50,-253.75,1,94.185,
01/01/2000,00:54:34.57,19.28,-55.39,-992.59,236.25,-586.25,-577.50,1,94.187,
01/01/2000,00:54:34.58,19.28,-55.27,-992.59,35.0,-787.50,-638.75,1,94.189,
01/01/2000,00:54:34.59,20.37,-55.88,-992.84,341.25,-726.25,-498.75,1,94.191,
01/01/2000,00:54:34.60,22.33,-55.88,-992.35,140.0,-708.75,-236.25,1,94.158,
01/01/2000,00:54:34.61,22.94,-55.88,-991.74,192.50,-848.75,-306.25,1,94.160,
01/01/2000,00:54:34.62,23.06,-55.88,-990.88,122.50,-673.75,-332.50,1,94.162,
01/01/2000,00:54:34.63,23.30,-55.88,-990.88,131.25,-708.75,-411.25,1,94.164,
01/01/2000,00:54:34.65,23.67,-55.39,-991.37,131.25,-673.75,-542.50,1,94.167,
01/01/2000,00:54:34.66,23.67,-55.27,-991.86,183.75,-577.50,-157.50,1,94.169,
01/01/2000,00:54:34.67,22.33,-55.39,-992.10,61.25,-743.75,-17.50,1,94.171,
01/01/2000,00:54:34.68,20.25,-55.88,-992.35,183.75,-595.0,-306.25,1,94.173,
01/01/2000,00:54:34.69,19.52,-55.63,-992.96,210.0,-708.75,-542.50,1,94.175,
01/01/2000,00:54:34.70,19.89,-55.51,-993.69,192.50,-656.25,-630.0,1,94.178,
01/01/2000,00:54:34.71,20.74,-55.14,-994.06,0.0,-673.75,-533.75,1,94.180,
01/01/2000,00:54:34.72,21.96,-54.53,-993.57,-26.25,-673.75,-288.75,1,94.182,
01/01/2000,00:54:34.73,23.79,-54.90,-992.23,183.75,-717.50,-288.75,1,94.184,
01/01/2000,00:54:34.74,24.89,-55.63,-990.64,52.50,-726.25,-218.75,1,94.151,
01/01/2000,00:54:34.75,25.25,-56.00,-990.15,43.75,-840.0,-490.0,1,94.153,
01/01/2000,00:54:34.76,25.25,-56.12,-990.15,157.50,-726.25,-533.75,1,94.155,
01/01/2000,00:54:34.77,24.40,-56.24,-990.64,218.75,-778.75,-17.50,1,94.158,
01/01/2000,00:54:34.78,21.59,-55.51,-991.62,-35.0,-752.50,-70.0,1,94.160,
01/01/2000,00:54:34.79,19.89,-55.63,-992.59,201.25,-612.50,-393.75,1,94.162,
01/01/2000,00:54:34.80,18.91,-54.78,-993.69,140.0,-682.50,-525.0,1,94.164,
01/01/2000,00:54:34.82,19.52,-54.78,-994.42,131.25,-656.25,-297.50,1,94.166,
01/01/2000,00:54:34.83,20.74,-54.90,-993.81,105.0,-682.50,-288.75,1,94.133,
01/01/2000,00:54:34.84,22.45,-55.63,-991.62,96.25,-752.50,-210.0,1,94.135,
01/01/2000,00:54:34.85,23.55,-56.24,-990.15,87.50,-735.0,-402.50,1,94.138,
01/01/2000,00:54:34.86,24.16,-56.24,-989.42,201.25,-717.50,-481.25,1,94.140,
01/01/2000,00:54:34.87,24.89,-55.88,-989.42,131.25,-813.75,-385.0,1,94.142,
01/01/2000,00:54:34.88,24.40,-55.75,-990.52,113.75,-787.50,-332.50,1,94.144,
01/01/2000,00:54:34.89,22.81,-55.14,-991.37,122.50,-848.75,-26.25,1,94.146,
01/01/2000,00:54:34.90,20.86,-55.39,-992.10,157.50,-805.0,-183.75,1,94.149,
01/01/2000,00:54:34.91,19.76,-55.39,-993.57,183.75,-638.75,-621.25,1,94.151,
01/01/2000,00:54:34.92,19.52,-55.02,-994.30,131.25,-673.75,-507.50,1,94.153,
01/01/2000,00:54:34.93,20.62,-55.02,-994.30,96.25,-647.50,-393.75,1,94.155,
01/01/2000,00:54:34.94,21.72,-55.51,-993.81,385.0,-743.75,-236.25,1,94.157,
01/01/2000,00:54:34.96,23.30,-55.39,-992.23,70.0,-778.75,-323.75,1,94.159,
01/01/2000,00:54:34.97,23.91,-56.00,-991.01,236.25,-691.25,-245.0,1,94.162,
01/01/2000,00:54:34.98,24.40,-56.12,-990.40,122.50,-726.25,-367.50,1,94.164,
01/01/2000,00:54:34.99,24.28,-55.88,-990.40,52.50,-761.25,-157.50,1,94.166,
01/01/2000,00:54:35.00,23.91,-55.51,-991.01,70.0,-761.25,-52.50,1,94.168,
01/01/2000,00:54:35.01,21.47,-55.39,-991.37,315.0,-665.0,35.0,1,94.170,
01/01/2000,00:54:35.02,19.28,-55.02,-992.23,105.0,-726.25,-140.0,1,94.173,
01/01/2000,00:54:35.03,16.59,-55.39,-993.81,350.0,-673.75,-446.25,1,94.175,
01/01/2000,00:54:35.04,15.62,-54.90,-994.42,-17.50,-700.0,-498.75,1,94.177,
01/01/2000,00:54:35.05,15.37,-55.14,-994.54,288.75,-735.0,-341.25,1,94.179,
01/01/2000,00:54:35.06,14.64,-54.90,-993.08,26.25,-708.75,-341.25,1,94.181,
01/01/2000,00:54:35.07,13.91,-55.39,-991.86,140.0,-752.50,-35.0,1,94.183,
01/01/2000,00:54:35.08,13.18,-55.39,-990.64,245.0,-612.50,-393.75,1,94.186,
01/01/2000,00:54:35.09,12.69,-55.75,-990.40,306.25,-735.0,-446.25,1,94.153,
01/01/2000,00:54:35.10,12.93,-55.51,-990.88,61.25,-691.25,-437.50,1,94.155,
01/01/2000,00:54:35.11,13.42,-55.27,-991.98,78.75,-717.50,-288.75,1,94.157,
01/01/2000,00:54:35.12,13.18,-55.02,-992.10,61.25,-778.75,-113.75,1,94.159,
01/01/2000,00:54:35.13,11.47,-55.14,-991.62,78.75,-831.25,105.0,1,94.161,
01/01/2000,00:54:35.14,9.52,-55.39,-991.25,-8.75,-796.25,26.25,1,94.164,
01/01/2000,00:54:35.15,7.69,-56.00,-991.49,350.0,-665.0,-595.0,1,94.166,
01/01/2000,00:54:35.17,5.49,-55.63,-992.96,218.75,-700.0,-315.0,1,94.168,
01/01/2000,00:54:35.18,3.90,-55.63,-994.06,166.25,-682.50,-350.0,1,94.170,
01/01/2000,00:54:35.19,3.42,-55.27,-994.06,183.75,-638.75,-367.50,1,94.172,
01/01/2000,00:54:35.20,3.05,-55.14,-993.32,183.75,-542.50,-192.50,1,94.174,
01/01/2000,00:54:35.21,3.66,-54.78,-992.23,148.75,-735.0,-411.25,1,94.177,
01/01/2000,00:54:35.22,4.64,-55.02,-991.13,218.75,-691.25,-236.25,1,94.179,
01/01/2000,00:54:35.23,7.32,-55.39,-991.13,113.75,-673.75,-393.75,1,94.181,
01/01/2000,00:54:35.24,9.39,-55.88,-991.13,8.75,-682.50,-315.0,1,94.148,
01/01/2000,00:54:35.25,10.13,-56.00,-991.13,131.25,-621.25,-455.0,1,94.185,
01/01/2000,00:54:35.26,10.61,-56.00,-991.13,262.50,-770.0,-175.0,1,94.152,
01/01/2000,00:54:35.27,10.61,-55.63,-991.37,192.50,-796.25,-183.75,1,94.155,
01/01/2000,00:54:35.28,10.13,-55.27,-992.35,218.75,-603.75,-183.75,1,94.157,
01/01/2000,00:54:35.29,10.25,-55.02,-992.84,148.75,-673.75,-210.0,1,94.159,
01/01/2000,00:54:35.30,10.49,-55.02,-993.20,43.75,-761.25,-183.75,1,94.161,
01/01/2000,00:54:35.32,12.57,-55.27,-993.93,148.75,-568.75,-393.75,1,94.163,
01/01/2000,00:54:35.33,15.01,-55.27,-993.57,245.0,-665.0,-358.75,1,94.165,
01/01/2000,00:54:35.34,16.71,-55.88,-992.10,271.25,-638.75,-218.75,1,94.168,
01/01/2000,00:54:35.35,17.57,-55.88,-991.13,218.75,-577.50,-297.50,1,94.170,
01/01/2000,00:54:35.36,18.06,-55.88,-990.88,166.25,-778.75,-385.0,1,94.172,
01/01/2000,00:54:35.37,18.54,-55.51,-991.25,87.50,-743.75,-280.0,1,94.174,
01/01/2000,00:54:35.38,19.15,-55.51,-992.10,148.75,-752.50,-105.0,1,94.141,
01/01/2000,00:54:35.39,19.03,-55.27,-992.35,113.75,-603.75,-26.25,1,94.144,
01/01/2000,00:54:35.40,19.15,-55.27,-992.35,218.75,-603.75,-271.25,1,94.146,
01/01/2000,00:54:35.41,19.40,-55.51,-992.23,157.50,-770.0,-358.75,1,94.148,
01/01/2000,00:54:35.42,19.89,-55.88,-992.23,157.50,-673.75,-341.25,1,94.150,
01/01/2000,00:54:35.43,20.25,-55.88,-992.10,175.0,-673.75,-341.25,1,94.152,
01/01/2000,00:54:35.44,20.37,-55.88,-991.98,96.25,-805.0,-323.75,1,94.154,
01/01/2000,00:54:35.45,20.62,-55.75,-992.10,87.50,-708.75,-376.25,1,94.157,
01/01/2000,00:54:35.46,20.86,-55.75,-991.98,140.0,-647.50,-306.25,1,94.159,
01/01/2000,00:54:35.48,20.98,-55.51,-992.10,122.50,-682.50,-253.75,1,94.161,
01/01/2000,00:54:35.48,20.98,-55.51,-992.35,96.25,-743.75,8.75,1,94.163,
01/01/2000,00:54:35.50,20.98,-55.63,-992.47,227.50,-726.25,-227.50,1,94.165,
01/01/2000,00:54:35.51,20.98,-55.63,-992.35,105.0,-577.50,-411.25,1,94.167,
01/01/2000,00:54:35.52,21.11,-55.75,-992.35,-8.75,-770.0,-210.0,1,94.169,
01/01/2000,00:54:35.53,21.35,-55.88,-992.10,166.25,-656.25,-376.25,1,94.172,
01/01/2000,00:54:35.54,21.47,-55.88,-992.23,236.25,-586.25,-271.25,1,94.174,
01/01/2000,00:54:35.55,21.47,-55.63,-992.35,17.50,-700.0,-446.25,1,94.176,
01/01/2000,00:54:35.56,21.72,-55.51,-992.35,236.25,-752.50,-183.75,1,94.178,
01/01/2000,00:54:35.57,21.72,-55.39,-992.35,140.0,-796.25,-218.75,1,94.180,
01/01/2000,00:54:35.58,21.59,-55.51,-992.10,157.50,-700.0,-166.25,1,94.182,
01/01/2000,00:54:35.59,21.72,-55.75,-992.10,201.25,-752.50,-245.0,1,94.150,
01/01/2000,00:54:35.60,21.96,-55.63,-992.10,183.75,-665.0,-376.25,1,94.152,
01/01/2000,00:54:35.61,21.96,-55.75,-992.10,175.0,-735.0,-280.0,1,94.154,
01/01/2000,00:54:35.62,21.84,-55.63,-992.10,113.75,-708.75,-218.75,1,94.156,
01/01/2000,00:54:35.63,21.84,-55.63,-992.23,201.25,-700.0,-297.50,1,94.158,
01/01/2000,00:54:35.64,21.96,-55.63,-992.35,183.75,-630.0,-192.50,1,94.161,
01/01/2000,00:54:35.65,21.84,-55.51,-992.35,96.25,-656.25,-236.25,1,94.163,
01/01/2000,00:54:35.67,21.35,-55.63,-992.35,113.75,-673.75,-87.50,1,94.165,
01/01/2000,00:54:35.68,20.01,-55.75,-992.47,175.0,-673.75,-17.50,1,94.167,
01/01/2000,00:54:35.69,19.03,-56.12,-992.10,166.25,-630.0,-35.0,1,94.169,
01/01/2000,00:54:35.70,17.93,-56.00,-991.86,332.50,-595.0,-402.50,1,94.171,
01/01/2000,00:54:35.71,17.08,-55.27,-991.98,70.0,-665.0,-166.25,1,94.173,
01/01/2000,00:54:35.72,15.98,-55.39,-992.10,210.0,-726.25,-17.50,1,94.175,
01/01/2000,00:54:35.73,13.42,-55.39,-992.10,105.0,-673.75,332.50,1,94.178,
01/01/2000,00:54:35.74,10.98,-55.63,-992.71,122.50,-595.0,-253.75,1,94.180,
01/01/2000,00:54:35.75,9.64,-56.00,-993.20,262.50,-735.0,-393.75,1,94.182,
01/01/2000,00:54:35.76,8.91,-55.63,-993.57,297.50,-542.50,-280.0,1,94.184,
01/01/2000,00:54:35.77,8.42,-55.51,-993.32,262.50,-595.0,-201.25,1,94.186,
01/01/2000,00:54:35.78,7.93,-55.14,-992.23,52.50,-682.50,-78.75,1,94.188,
01/01/2000,00:54:35.79,7.20,-55.27,-991.86,227.50,-673.75,-70.0,1,94.190,
01/01/2000,00:54:35.80,6.47,-55.51,-992.23,140.0,-665.0,-227.50,1,94.158,
01/01/2000,00:54:35.81,5.37,-56.12,-992.84,280.0,-752.50,-43.75,1,94.160,
01/01/2000,00:54:35.83,4.39,-55.75,-993.20,35.0,-647.50,-43.75,1,94.162,
01/01/2000,00:54:35.83,3.17,-56.00,-993.45,288.75,-682.50,-376.25,1,94.165,
01/01/2000,00:54:35.85,3.42,-54.90,-993.08,192.50,-665.0,-175.0,1,94.133,
01/01/2000,00:54:35.86,5.49,-54.41,-992.47,96.25,-726.25,-253.75,1,94.135,
01/01/2000,00:54:35.87,6.83,-55.02,-991.49,201.25,-595.0,-201.25,1,94.137,
01/01/2000,00:54:35.88,8.30,-55.02,-990.64,-96.25,-761.25,-17.50,1,94.139,
01/01/2000,00:54:35.90,9.64,-56.24,-989.79,297.50,-647.50,35.0,1,94.141,
01/01/2000,00:54:35.90,10.98,-56.24,-990.15,157.50,-717.50,-472.50,1,94.143,
01/01/2000,00:54:35.92,12.20,-56.12,-991.13,271.25,-708.75,-463.75,1,94.145,
01/01/2000,00:54:35.93,12.93,-55.39,-991.86,166.25,-743.75,-192.50,1,94.147,
01/01/2000,00:54:35.94,13.05,-54.90,-992.35,323.75,-717.50,0.0,1,94.150,
01/01/2000,00:54:35.95,12.69,-54.53,-992.59,166.25,-673.75,245.0,1,94.152,
01/01/2000,00:54:35.96,12.32,-55.02,-992.84,35.0,-682.50,210.0,1,94.154,
01/01/2000,00:54:35.97,12.32,-55.39,-993.32,52.50,-682.50,-437.50,1,94.156,
01/01/2000,00:54:35.98,13.05,-56.12,-994.18,192.50,-673.75,-315.0,1,94.158,
01/01/2000,00:54:35.99,14.27,-56.12,-994.18,192.50,-638.75,-315.0,1,94.160,
01/01/2000,00:54:36.00,15.62,-56.36,-993.81,227.50,-577.50,-551.25,1,94.162,
01/01/2000,00:54:36.01,16.47,-55.51,-993.08,70.0,-673.75,-332.50,1,94.164,
01/01/2000,00:54:36.02,18.06,-55.39,-992.35,78.75,-665.0,-245.0,1,94.166,
01/01/2000,00:54:36.03,19.64,-55.14,-992.47,122.50,-638.75,-402.50,1,94.168,
01/01/2000,00:54:36.04,20.50,-55.27,-992.84,70.0,-717.50,-113.75,1,94.171,
01/01/2000,00:54:36.05,21.23,-56.00,-992.84,253.75,-761.25,-192.50,1,94.173,
01/01/2000,00:54:36.06,21.59,-56.12,-992.84,280.0,-630.0,-280.0,1,94.175,
01/01/2000,00:54:36.07,21.35,-55.75,-992.35,-17.50,-621.25,-245.0,1,94.177,
01/01/2000,00:54:36.08,20.74,-55.88,-991.86,140.0,-796.25,-218.75,1,94.179,
01/01/2000,00:54:36.09,20.01,-55.39,-992.10,96.25,-630.0,-385.0,1,94.147,
01/01/2000,00:54:36.10,20.01,-55.14,-992.84,262.50,-577.50,-341.25,1,94.149,
01/01/2000,00:54:36.11,19.89,-54.90,-993.32,61.25,-665.0,-262.50,1,94.151,
01/01/2000,00:54:36.12,19.64,-55.14,-993.81,175.0,-568.75,-35.0,1,94.154,
01/01/2000,00:54:36.13,19.64,-55.63,-994.06,148.75,-656.25,-411.25,1,94.156,
01/01/2000,00:54:36.15,20.13,-56.00,-994.06,376.25,-665.0,-428.75,1,94.158,
01/01/2000,00:54:36.15,20.98,-55.39,-993.81,201.25,-665.0,-428.75,1,94.160,
01/01/2000,00:54:36.17,22.33,-55.63,-993.08,236.25,-708.75,-245.0,1,94.162,
01/01/2000,00:54:36.18,22.94,-55.39,-992.47,175.0,-682.50,-131.25,1,94.164,
01/01/2000,00:54:36.19,22.94,-55.51,-991.62,148.75,-630.0,-140.0,1,94.166,
01/01/2000,00:54:36.20,22.45,-55.63,-991.62,148.75,-708.75,-218.75,1,94.168,
01/01/2000,00:54:36.21,22.08,-55.88,-992.10,113.75,-691.25,-376.25,1,94.170,
01/01/2000,00:54:36.22,21.72,-55.88,-992.96,218.75,-708.75,-315.0,1,94.172,
01/01/2000,00:54:36.23,21.47,-56.00,-993.57,350.0,-630.0,-280.0,1,94.174,
01/01/2000,00:54:36.24,20.98,-55.75,-993.93,148.75,-586.25,-490.0,1,94.143,
01/01/2000,00:54:36.25,21.96,-55.75,-993.69,315.0,-691.25,-533.75,1,94.145,
01/01/2000,00:54:36.26,22.94,-55.02,-993.08,0.0,-621.25,-595.0,1,94.147,
01/01/2000,00:54:36.27,24.16,-55.02,-992.10,166.25,-717.50,-122.50,1,94.149,
01/01/2000,00:54:36.28,24.16,-55.27,-991.13,140.0,-735.0,87.50,1,94.151,
01/01/2000,00:54:36.29,23.91,-55.75,-990.52,183.75,-700.0,-332.50,1,94.153,
01/01/2000,00:54:36.31,23.18,-56.24,-991.25,122.50,-656.25,-595.0,1,94.155,
01/01/2000,00:54:36.32,22.45,-55.88,-992.59,210.0,-778.75,-315.0,1,94.157,
01/01/2000,00:54:36.33,21.96,-55.39,-993.45,201.25,-612.50,-350.0,1,94.160,
01/01/2000,00:54:36.34,21.47,-55.14,-994.06,262.50,-638.75,-262.50,1,94.162,
01/01/2000,00:54:36.35,20.50,-54.66,-994.06,140.0,-665.0,-306.25,1,94.164,
01/01/2000,00:54:36.36,20.98,-55.39,-993.57,332.50,-603.75,-411.25,1,94.132,
01/01/2000,00:54:36.37,22.08,-55.39,-993.32,253.75,-595.0,-612.50,1,94.134,
01/01/2000,00:54:36.38,23.06,-55.51,-992.47,87.50,-717.50,-183.75,1,94.136,
01/01/2000,00:54:36.39,23.55,-56.12,-991.74,227.50,-682.50,-201.25,1,94.139,
01/01/2000,00:54:36.40,23.06,-56.24,-991.62,271.25,-813.75,-350.0,1,94.141,
01/01/2000,00:54:36.41,22.57,-55.88,-991.86,105.0,-682.50,-490.0,1,94.143,
01/01/2000,00:54:36.42,22.45,-55.39,-992.59,157.50,-638.75,-551.25,1,94.145,
01/01/2000,00:54:36.43,22.33,-54.66,-993.57,105.0,-700.0,-253.75,1,94.147,
01/01/2000,00:54:36.44,22.20,-54.78,-993.81,105.0,-621.25,-157.50,1,94.149,
01/01/2000,00:54:36.46,21.84,-55.39,-993.81,218.75,-656.25,-262.50,1,94.151,
01/01/2000,00:54:36.47,21.23,-55.75,-993.32,201.25,-822.50,-306.25,1,94.153,
01/01/2000,00:54:36.48,21.59,-56.12,-993.08,87.50,-638.75,-577.50,1,94.155,
01/01/2000,00:54:36.49,22.69,-56.12,-992.96,245.0,-673.75,-726.25,1,94.157,
01/01/2000,00:54:36.50,23.42,-55.39,-992.71,43.75,-717.50,-446.25,1,94.159,
01/01/2000,00:54:36.51,23.67,-55.02,-992.23,78.75,-638.75,78.75,1,94.161,
01/01/2000,00:54:36.52,22.69,-55.39,-991.86,227.50,-691.25,-183.75,1,94.163,
01/01/2000,00:54:36.53,21.23,-55.63,-992.59,-26.25,-682.50,-446.25,1,94.165,
01/01/2000,00:54:36.54,20.74,-56.00,-993.45,262.50,-551.25,-376.25,1,94.168,
01/01/2000,00:54:36.55,20.74,-55.63,-994.30,236.25,-700.0,-638.75,1,94.170,
01/01/2000,00:54:36.56,20.62,-55.39,-994.67,183.75,-778.75,-280.0,1,94.172,
01/01/2000,00:54:36.57,20.74,-55.39,-994.18,201.25,-700.0,-271.25,1,94.174,
01/01/2000,00:54:36.58,19.76,-55.27,-993.69,297.50,-656.25,-288.75,1,94.176,
01/01/2000,00:54:36.59,20.50,-55.63,-993.45,350.0,-586.25,-638.75,1,94.145,
01/01/2000,00:54:36.60,22.08,-55.75,-993.45,332.50,-551.25,-752.50,1,94.147,
01/01/2000,00:54:36.61,24.16,-55.27,-993.20,35.0,-656.25,-638.75,1,94.149,
01/01/2000,00:54:36.62,25.62,-55.51,-992.59,236.25,-656.25,43.75,1,94.151,
01/01/2000,00:54:36.63,25.86,-55.88,-991.37,17.50,-700.0,35.0,1,94.153,
01/01/2000,00:54:36.64,24.89,-56.36,-990.88,175.0,-700.0,-227.50,1,94.155,
01/01/2000,00:54:36.65,23.42,-56.36,-991.01,61.25,-770.0,-490.0,1,94.157,
01/01/2000,00:54:36.67,21.72,-56.12,-992.10,157.50,-586.25,-472.50,1,94.159,
01/01/2000,00:54:36.68,21.23,-55.51,-993.20,236.25,-647.50,-297.50,1,94.161,
01/01/2000,00:54:36.69,20.98,-55.02,-994.06,175.0,-700.0,-236.25,1,94.163,
01/01/2000,00:54:36.70,20.01,-55.02,-993.69,236.25,-700.0,-96.25,1,94.165,
01/01/2000,00:54:36.71,19.89,-55.39,-993.32,96.25,-533.75,-428.75,1,94.167,
01/01/2000,00:54:36.72,20.62,-56.12,-993.08,385.0,-630.0,-525.0,1,94.169,
01/01/2000,00:54:36.73,22.94,-55.63,-992.59,-26.25,-638.75,-638.75,1,94.171,
01/01/2000,00:54:36.74,23.79,-55.88,-991.86,61.25,-796.25,-96.25,1,94.173,
01/01/2000,00:54:36.75,23.55,-55.88,-991.13,87.50,-787.50,-78.75,1,94.175,
01/01/2000,00:54:36.76,22.45,-55.75,-991.13,192.50,-656.25,-218.75,1,94.144,
01/01/2000,00:54:36.77,21.47,-55.88,-991.86,166.25,-726.25,-428.75,1,94.180,
01/01/2000,00:54:36.78,21.11,-55.63,-992.84,201.25,-647.50,-647.50,1,94.149,
01/01/2000,00:54:36.79,21.35,-55.14,-993.81,140.0,-682.50,-437.50,1,94.151,
01/01/2000,00:54:36.81,22.45,-55.14,-993.81,192.50,-656.25,-245.0,1,94.153,
01/01/2000,00:54:36.82,22.57,-55.51,-992.96,245.0,-682.50,-113.75,1,94.155,
01/01/2000,00:54:36.83,22.94,-56.00,-992.23,70.0,-533.75,-498.75,1,94.157,
01/01/2000,00:54:36.84,23.42,-56.61,-992.10,323.75,-638.75,-402.50,1,94.159,
01/01/2000,00:54:36.85,23.67,-56.00,-992.10,-26.25,-708.75,-402.50,1,94.161,
01/01/2000,00:54:36.86,23.42,-55.88,-992.59,271.25,-682.50,-367.50,1,94.163,
01/01/2000,00:54:36.87,22.20,-55.63,-992.84,35.0,-665.0,-350.0,1,94.165,
01/01/2000,00:54:36.88,21.11,-55.63,-993.08,61.25,-638.75,-297.50,1,94.134,
01/01/2000,00:54:36.89,20.25,-56.00,-993.20,341.25,-638.75,-507.50,1,94.136,
01/01/2000,00:54:36.90,20.37,-55.88,-993.57,227.50,-665.0,-577.50,1,94.138,
01/01/2000,00:54:36.91,21.23,-55.75,-993.32,52.50,-603.75,-603.75,1,94.140,
01/01/2000,00:54:36.92,22.45,-56.00,-993.08,271.25,-743.75,-367.50,1,94.142,
01/01/2000,00:54:36.93,23.18,-55.75,-992.10,166.25,-691.25,-140.0,1,94.144,
01/01/2000,00:54:36.94,23.42,-56.12,-991.62,113.75,-743.75,-393.75,1,94.146,
01/01/2000,00:54:36.95,23.79,-56.36,-991.49,148.75,-726.25,-437.50,1,94.148,
01/01/2000,00:54:36.96,24.16,-55.63,-992.10,227.50,-691.25,-306.25,1,94.150,
01/01/2000,00:54:36.98,24.16,-55.88,-992.23,210.0,-682.50,-341.25,1,94.152,
01/01/2000,00:54:36.98,23.30,-55.63,-992.47,218.75,-717.50,-280.0,1,94.154,
01/01/2000,00:54:37.00,22.57,-55.63,-992.71,113.75,-665.0,-201.25,1,94.157,
01/01/2000,00:54:37.01,21.72,-55.88,-992.59,227.50,-717.50,-367.50,1,94.159,
01/01/2000,00:54:37.02,20.74,-55.88,-992.59,96.25,-673.75,-455.0,1,94.161,
01/01/2000,00:54:37.03,20.86,-55.75,-992.59,148.75,-577.50,-376.25,1,94.163,
01/01/2000,00:54:37.04,21.23,-55.63,-992.59,166.25,-630.0,-393.75,1,94.165,
01/01/2000,00:54:37.05,21.47,-55.63,-992.35,52.50,-717.50,-175.0,1,94.167,
01/01/2000,00:54:37.06,21.72,-55.88,-992.10,122.50,-735.0,-358.75,1,94.169,
01/01/2000,00:54:37.07,22.08,-56.12,-992.10,210.0,-612.50,-498.75,1,94.171,
01/01/2000,00:54:37.08,22.69,-55.51,-992.47,201.25,-665.0,-560.0,1,94.173,
01/01/2000,00:54:37.09,23.18,-55.51,-992.47,262.50,-700.0,-227.50,1,94.175,
01/01/2000,00:54:37.10,23.18,-55.63,-992.47,201.25,-708.75,-376.25,1,94.177,
01/01/2000,00:54:37.11,22.94,-55.88,-992.59,201.25,-551.25,-385.0,1,94.179,
01/01/2000,00:54:37.12,22.69,-55.88,-992.59,131.25,-752.50,-306.25,1,94.181,
01/01/2000,00:54:37.13,22.20,-55.88,-992.59,157.50,-656.25,-332.50,1,94.183,
01/01/2000,00:54:37.14,21.72,-56.00,-992.47,175.0,-533.75,-420.0,1,94.185,
01/01/2000,00:54:37.15,21.96,-55.63,-992.59,227.50,-822.50,-227.50,1,94.154,
01/01/2000,00:54:37.16,22.08,-55.51,-992.59,183.75,-691.25,-332.50,1,94.156,
01/01/2000,00:54:37.17,22.08,-55.63,-992.59,157.50,-647.50,-297.50,1,94.158,
01/01/2000,00:54:37.19,22.69,-55.88,-992.47,175.0,-656.25,-428.75,1,94.160,
01/01/2000,00:54:37.19,23.42,-55.88,-992.35,245.0,-752.50,-367.50,1,94.162,
01/01/2000,00:54:37.21,23.91,-55.75,-992.35,26.25,-691.25,-262.50,1,94.164,
01/01/2000,00:54:37.22,23.67,-56.36,-992.23,288.75,-726.25,-175.0,1,94.166,
01/01/2000,00:54:37.23,22.57,-56.12,-992.59,175.0,-621.25,-341.25,1,94.168,
01/01/2000,00:54:37.24,21.96,-56.12,-992.71,253.75,-717.50,-323.75,1,94.170,
01/01/2000,00:54:37.25,21.47,-55.88,-992.96,157.50,-700.0,-455.0,1,94.172,
01/01/2000,00:54:37.26,21.23,-55.75,-993.32,157.50,-673.75,-402.50,1,94.174,
01/01/2000,00:54:37.27,21.59,-55.63,-993.32,192.50,-700.0,-323.75,1,94.176,
01/01/2000,00:54:37.28,21.47,-55.75,-993.08,262.50,-665.0,-236.25,1,94.178,
01/01/2000,00:54:37.29,21.47,-56.12,-992.84,350.0,-761.25,-341.25,1,94.148,
01/01/2000,00:54:37.30,21.96,-56.36,-992.59,218.75,-595.0,-577.50,1,94.150,
01/01/2000,00:54:37.31,22.69,-56.00,-992.71,96.25,-682.50,-455.0,1,94.152,
01/01/2000,00:54:37.32,23.67,-55.63,-993.08,26.25,-735.0,-341.25,1,94.154,
01/01/2000,00:54:37.33,23.91,-55.51,-993.08,166.25,-805.0,-192.50,1,94.156,
01/01/2000,00:54:37.34,23.55,-55.88,-992.84,367.50,-735.0,-105.0,1,94.158,
01/01/2000,00:54:37.35,23.06,-55.63,-992.35,-52.50,-743.75,-358.75,1,94.160,
01/01/2000,00:54:37.37,22.69,-55.88,-992.59,0.0,-717.50,-402.50,1,94.162,
01/01/2000,00:54:37.38,22.69,-55.75,-993.20,113.75,-621.25,-332.50,1,94.132,
01/01/2000,00:54:37.39,22.20,-55.88,-993.08,140.0,-717.50,-288.75,1,94.134,
01/01/2000,00:54:37.40,21.47,-55.51,-992.59,201.25,-612.50,-183.75,1,94.136,
01/01/2000,00:54:37.41,20.74,-56.12,-991.98,332.50,-673.75,-411.25,1,94.138,
01/01/2000,00:54:37.42,21.35,-56.12,-991.86,227.50,-595.0,-656.25,1,94.140,
01/01/2000,00:54:37.43,22.20,-55.63,-992.35,297.50,-708.75,-691.25,1,94.142,
01/01/2000,00:54:37.44,23.67,-55.51,-993.08,148.75,-726.25,-192.50,1,94.144,
01/01/2000,00:54:37.45,24.16,-56.00,-993.32,35.0,-743.75,-35.0,1,94.146,
01/01/2000,00:54:37.46,23.42,-56.24,-992.71,323.75,-551.25,-350.0,1,94.148,
01/01/2000,00:54:37.47,22.08,-56.49,-992.23,140.0,-778.75,-288.75,1,94.150,
01/01/2000,00:54:37.48,21.23,-56.00,-992.10,113.75,-638.75,-455.0,1,94.152,
01/01/2000,00:54:37.50,20.74,-55.75,-992.59,140.0,-682.50,-367.50,1,94.154,
01/01/2000,00:54:37.51,20.37,-55.39,-992.84,26.25,-700.0,-358.75,1,94.156,
01/01/2000,00:54:37.52,20.13,-55.88,-992.71,280.0,-638.75,-227.50,1,94.158,
01/01/2000,00:54:37.53,19.76,-55.88,-992.10,105.0,-595.0,-507.50,1,94.160,
01/01/2000,00:54:37.54,21.23,-56.00,-991.86,78.75,-673.75,-665.0,1,94.162,
01/01/2000,00:54:37.55,23.18,-55.88,-992.35,236.25,-787.50,-883.75,1,94.164,
01/01/2000,00:54:37.56,25.25,-55.39,-992.59,87.50,-717.50,-437.50,1,94.166,
01/01/2000,00:54:37.57,26.35,-55.63,-992.23,131.25,-708.75,183.75,1,94.168,
01/01/2000,00:54:37.58,26.11,-56.24,-991.13,35.0,-735.0,17.50,1,94.170,
01/01/2000,00:54:37.59,24.64,-56.73,-990.88,315.0,-805.0,-420.0,1,94.172,
01/01/2000,00:54:37.60,23.18,-56.61,-991.37,140.0,-726.25,-498.75,1,94.174,
01/01/2000,00:54:37.61,21.84,-56.24,-992.47,122.50,-743.75,-498.75,1,94.176,
01/01/2000,00:54:37.62,20.74,-55.14,-995.15,175.0,-691.25,-463.75,1,94.178,
01/01/2000,00:54:37.63,20.13,-54.90,-995.89,113.75,-586.25,-52.50,1,94.180,
01/01/2000,00:54:37.64,19.76,-55.39,-995.40,210.0,-665.0,-306.25,1,94.182,
01/01/2000,00:54:37.65,19.64,-55.88,-993.45,227.50,-665.0,-393.75,1,94.184,
01/01/2000,00:54:37.66,20.98,-56.24,-992.47,288.75,-656.25,-761.25,1,94.154,
01/01/2000,00:54:37.67,22.94,-55.88,-992.59,70.0,-682.50,-603.75,1,94.156,
01/01/2000,00:54:37.68,25.01,-56.00,-993.08,105.0,-761.25,-61.25,1,94.158,
01/01/2000,00:54:37.69,25.74,-56.12,-993.69,122.50,-603.75,-227.50,1,94.160,
01/01/2000,00:54:37.70,25.01,-56.36,-993.93,201.25,-691.25,-210.0,1,94.162,
01/01/2000,00:54:37.72,23.30,-56.12,-993.57,87.50,-630.0,-288.75,1,94.164,
01/01/2000,00:54:37.73,22.45,-55.88,-993.08,245.0,-647.50,-446.25,1,94.166,
01/01/2000,00:54:37.74,21.35,-55.51,-992.84,332.50,-805.0,-315.0,1,94.168,
01/01/2000,00:54:37.75,20.98,-55.51,-992.59,96.25,-673.75,-341.25,1,94.169,
01/01/2000,00:54:37.76,20.98,-55.88,-992.59,166.25,-726.25,-350.0,1,94.171,
01/01/2000,00:54:37.77,21.72,-56.00,-992.71,175.0,-778.75,-831.25,1,94.173,
01/01/2000,00:54:37.78,23.30,-56.12,-992.35,201.25,-691.25,-525.0,1,94.175,
01/01/2000,00:54:37.79,24.64,-55.63,-991.98,26.25,-726.25,-78.75,1,94.177,
01/01/2000,00:54:37.80,24.89,-56.00,-992.10,236.25,-805.0,-210.0,1,94.179,
01/01/2000,00:54:37.81,24.52,-56.24,-992.35,166.25,-577.50,-253.75,1,94.181,
01/01/2000,00:54:37.82,23.55,-56.36,-992.35,87.50,-831.25,-183.75,1,94.183,
01/01/2000,00:54:37.83,22.45,-56.12,-992.47,157.50,-665.0,-332.50,1,94.185,
01/01/2000,00:54:37.84,20.50,-55.51,-992.35,306.25,-700.0,-245.0,1,94.187,
01/01/2000,00:54:37.85,19.52,-55.39,-992.35,157.50,-595.0,-323.75,1,94.189,
01/01/2000,00:54:37.86,19.28,-55.27,-992.59,105.0,-691.25,-236.25,1,94.159,
01/01/2000,00:54:37.87,19.52,-56.00,-992.71,271.25,-761.25,-288.75,1,94.161,
01/01/2000,00:54:37.89,21.96,-56.12,-992.96,192.50,-612.50,-665.0,1,94.163,
01/01/2000,00:54:37.90,24.40,-55.39,-993.20,26.25,-612.50,-358.75,1,94.165,
01/01/2000,00:54:37.91,25.86,-56.12,-993.08,157.50,-726.25,-157.50,1,94.167,
01/01/2000,00:54:37.92,26.11,-56.24,-993.08,297.50,-778.75,-192.50,1,94.169,
01/01/2000,00:54:37.93,24.64,-56.24,-992.96,70.0,-831.25,-236.25,1,94.171,
01/01/2000,00:54:37.94,23.30,-56.36,-992.71,140.0,-761.25,-323.75,1,94.173,
01/01/2000,00:54:37.95,21.59,-55.63,-992.59,78.75,-638.75,-420.0,1,94.175,
01/01/2000,00:54:37.96,20.25,-55.39,-992.59,227.50,-603.75,-253.75,1,94.177,
01/01/2000,00:54:37.97,19.40,-55.14,-992.35,157.50,-638.75,-271.25,1,94.147,
01/01/2000,00:54:37.98,19.15,-55.63,-992.23,210.0,-577.50,-280.0,1,94.181,
01/01/2000,00:54:37.99,19.52,-55.75,-992.23,113.75,-656.25,-595.0,1,94.151,
01/01/2000,00:54:38.00,21.96,-56.00,-992.10,280.0,-717.50,-770.0,1,94.153,
01/01/2000,00:54:38.01,23.91,-55.63,-992.35,341.25,-726.25,-560.0,1,94.155,
01/01/2000,00:54:38.02,25.25,-55.39,-992.59,78.75,-691.25,-201.25,1,94.157,
01/01/2000,00:54:38.03,25.86,-55.88,-992.59,236.25,-726.25,0.0,1,94.159,
01/01/2000,00:54:38.04,25.50,-56.36,-992.59,253.75,-787.50,-175.0,1,94.161,
01/01/2000,00:54:38.05,23.30,-56.12,-992.59,96.25,-673.75,-358.75,1,94.163,
01/01/2000,00:54:38.06,21.96,-56.24,-992.35,288.75,-647.50,-402.50,1,94.165,
01/01/2000,00:54:38.08,20.01,-55.27,-991.86,253.75,-665.0,-271.25,1,94.167,
01/01/2000,00:54:38.09,19.40,-55.14,-991.62,192.50,-682.50,-253.75,1,94.169,
01/01/2000,00:54:38.10,19.52,-55.63,-991.49,236.25,-595.0,-420.0,1,94.171,
01/01/2000,00:54:38.11,20.86,-55.88,-991.98,306.25,-717.50,-621.25,1,94.173,
01/01/2000,00:54:38.12,23.06,-56.12,-992.35,122.50,-595.0,-787.50,1,94.175,
01/01/2000,00:54:38.13,25.38,-56.00,-992.84,288.75,-691.25,-533.75,1,94.177,
01/01/2000,00:54:38.14,27.08,-56.00,-993.32,175.0,-708.75,8.75,1,94.179,
01/01/2000,00:54:38.15,26.84,-56.24,-993.45,166.25,-612.50,-131.25,1,94.181,
01/01/2000,00:54:38.16,25.86,-56.49,-993.32,350.0,-840.0,-446.25,1,94.151,
01/01/2000,00:54:38.17,24.03,-55.88,-992.96,157.50,-621.25,-455.0,1,94.184,
01/01/2000,00:54:38.18,23.42,-55.63,-992.35,280.0,-691.25,-376.25,1,94.155,
01/01/2000,00:54:38.19,24.16,-55.27,-991.74,253.75,-665.0,-568.75,1,94.157,
01/01/2000,00:54:38.20,25.13,-55.14,-991.62,166.25,-700.0,-428.75,1,94.159,
01/01/2000,00:54:38.22,28.06,-56.12,-991.37,297.50,-691.25,-350.0,1,94.161,
01/01/2000,00:54:38.23,31.48,-56.61,-991.62,227.50,-673.75,-787.50,1,94.163,
01/01/2000,00:54:38.24,34.28,-56.36,-992.23,105.0,-656.25,-945.0,1,94.165,
01/01/2000,00:54:38.25,36.23,-55.88,-992.96,253.75,-708.75,-358.75,1,94.167,
01/01/2000,00:54:38.26,36.97,-55.39,-993.32,140.0,-708.75,131.25,1,94.169,
01/01/2000,00:54:38.27,35.75,-55.88,-993.08,218.75,-656.25,227.50,1,94.171,
01/01/2000,00:54:38.28,33.92,-56.00,-992.71,131.25,-682.50,-271.25,1,94.172,
01/01/2000,00:54:38.29,31.96,-55.88,-991.74,113.75,-638.75,-708.75,1,94.174,
01/01/2000,00:54:38.30,32.21,-55.39,-991.13,271.25,-621.25,-805.0,1,94.176,
01/01/2000,00:54:38.31,33.67,-55.02,-990.76,52.50,-656.25,-621.25,1,94.178,
01/01/2000,00:54:38.32,36.11,-55.14,-991.13,262.50,-665.0,-428.75,1,94.180,
01/01/2000,00:54:38.33,40.75,-55.75,-991.86,35.0,-787.50,-402.50,1,94.182,
01/01/2000,00:54:38.34,42.70,-56.61,-992.59,122.50,-778.75,-227.50,1,94.184,
01/01/2000,00:54:38.35,43.19,-56.97,-992.96,17.50,-612.50,-236.25,1,94.155,
01/01/2000,00:54:38.36,41.72,-56.49,-992.84,166.25,-673.75,-297.50,1,94.157,
01/01/2000,00:54:38.37,38.80,-55.75,-992.59,148.75,-665.0,-113.75,1,94.159,
01/01/2000,00:54:38.38,35.01,-55.02,-991.86,288.75,-682.50,-113.75,1,94.161,
01/01/2000,00:54:38.40,32.45,-55.02,-991.13,192.50,-630.0,-280.0,1,94.163,
01/01/2000,00:54:38.41,32.33,-55.63,-991.37,245.0,-665.0,-481.25,1,94.164,
01/01/2000,00:54:38.42,33.31,-56.24,-992.35,297.50,-813.75,-770.0,1,94.166,
01/01/2000,00:54:38.43,35.01,-56.49,-992.84,70.0,-778.75,-621.25,1,94.168,
01/01/2000,00:54:38.44,35.01,-56.24,-993.20,35.0,-735.0,-192.50,1,94.170,
01/01/2000,00:54:38.45,34.65,-55.88,-993.20,131.25,-761.25,-271.25,1,94.141,
01/01/2000,00:54:38.46,31.84,-55.75,-992.59,148.75,-656.25,35.0,1,94.174,
01/01/2000,00:54:38.47,29.77,-55.88,-992.10,105.0,-708.75,-183.75,1,94.145,
01/01/2000,00:54:38.48,28.30,-55.88,-991.98,262.50,-568.75,-568.75,1,94.147,
01/01/2000,00:54:38.49,27.82,-55.39,-992.10,96.25,-717.50,-542.50,1,94.149,
01/01/2000,00:54:38.50,27.33,-55.39,-991.98,122.50,-603.75,-70.0,1,94.151,
01/01/2000,00:54:38.51,26.84,-56.00,-991.86,218.75,-612.50,-140.0,1,94.153,
01/01/2000,00:54:38.52,26.35,-56.24,-991.74,245.0,-761.25,-560.0,1,94.155,
01/01/2000,00:54:38.53,25.74,-56.36,-991.86,236.25,-682.50,-455.0,1,94.156,
01/01/2000,00:54:38.54,24.89,-55.88,-991.98,192.50,-787.50,-516.25,1,94.158,
01/01/2000,00:54:38.55,24.77,-55.51,-992.10,61.25,-796.25,-358.75,1,94.160,
01/01/2000,00:54:38.57,24.40,-55.63,-992.10,183.75,-708.75,-262.50,1,94.162,
01/01/2000,00:54:38.58,24.40,-56.00,-992.10,17.50,-743.75,-271.25,1,94.164,
01/01/2000,00:54:38.59,24.16,-56.61,-991.86,315.0,-700.0,-437.50,1,94.166,
01/01/2000,00:54:38.60,24.03,-56.36,-991.86,52.50,-647.50,-507.50,1,94.168,
01/01/2000,00:54:38.61,24.03,-56.12,-991.98,332.50,-796.25,-437.50,1,94.170,
01/01/2000,00:54:38.62,23.79,-55.75,-992.35,87.50,-717.50,-420.0,1,94.172,
01/01/2000,00:54:38.63,23.67,-55.63,-992.59,35.0,-656.25,-332.50,1,94.174,
01/01/2000,00:54:38.64,23.55,-56.12,-992.59,175.0,-743.75,-393.75,1,94.176,
01/01/2000,00:54:38.65,23.42,-56.36,-992.23,43.75,-630.0,-315.0,1,94.178,
01/01/2000,00:54:38.66,23.42,-56.24,-992.10,192.50,-752.50,-411.25,1,94.180,
01/01/2000,00:54:38.67,23.42,-56.24,-992.10,201.25,-752.50,-385.0,1,94.181,
01/01/2000,00:54:38.68,23.18,-56.12,-992.23,306.25,-708.75,-306.25,1,94.152,
01/01/2000,00:54:38.69,23.18,-56.12,-992.47,201.25,-612.50,-288.75,1,94.185,
01/01/2000,00:54:38.70,23.18,-56.24,-992.59,140.0,-805.0,-323.75,1,94.156,
01/01/2000,00:54:38.72,22.94,-56.24,-992.23,166.25,-665.0,-271.25,1,94.158,
01/01/2000,00:54:38.73,22.94,-56.36,-991.98,253.75,-717.50,-341.25,1,94.160,
01/01/2000,00:54:38.74,22.94,-56.24,-991.86,113.75,-708.75,-376.25,1,94.162,
01/01/2000,00:54:38.75,22.81,-56.12,-991.98,61.25,-735.0,-358.75,1,94.164,
01/01/2000,00:54:38.76,22.81,-56.24,-992.23,262.50,-717.50,-306.25,1,94.166,
01/01/2000,00:54:38.77,22.69,-56.12,-992.35,288.75,-708.75,-402.50,1,94.168,
01/01/2000,00:54:38.78,22.81,-56.12,-992.10,61.25,-743.75,-393.75,1,94.170,
01/01/2000,00:54:38.79,22.81,-56.12,-992.10,148.75,-647.50,-332.50,1,94.172,
01/01/2000,00:54:38.80,23.30,-56.12,-992.10,-35.0,-691.25,-542.50,1,94.173,
01/01/2000,00:54:38.81,24.16,-56.24,-992.23,201.25,-717.50,-516.25,1,94.175,
01/01/2000,00:54:38.82,25.99,-55.88,-992.47,201.25,-665.0,-560.0,1,94.177,
01/01/2000,00:54:38.83,27.21,-56.00,-992.23,297.50,-638.75,-367.50,1,94.179,
01/01/2000,00:54:38.84,28.30,-55.88,-991.62,87.50,-560.0,-533.75,1,94.181,
01/01/2000,00:54:38.85,31.35,-55.75,-991.25,131.25,-673.75,-630.0,1,94.152,
01/01/2000,00:54:38.86,33.18,-56.00,-991.86,428.75,-665.0,-638.75,1,94.154,
01/01/2000,00:54:38.87,35.14,-56.12,-993.20,17.50,-778.75,-376.25,1,94.156,
01/01/2000,00:54:38.88,35.87,-56.36,-993.32,70.0,-638.75,-210.0,1,94.158,
01/01/2000,00:54:38.89,35.87,-56.49,-992.84,78.75,-761.25,-315.0,1,94.160,
01/01/2000,00:54:38.91,34.65,-56.00,-991.86,245.0,-691.25,-385.0,1,94.162,
01/01/2000,00:54:38.92,34.77,-55.63,-991.25,78.75,-516.25,-603.75,1,94.164,
01/01/2000,00:54:38.93,35.38,-55.39,-991.25,297.50,-647.50,-656.25,1,94.166,
01/01/2000,00:54:38.94,36.97,-55.63,-991.62,192.50,-533.75,-647.50,1,94.167,
01/01/2000,00:54:38.95,38.92,-55.88,-992.23,148.75,-717.50,-490.0,1,94.169,
01/01/2000,00:54:38.96,41.72,-56.12,-992.35,61.25,-735.0,-542.50,1,94.171,
01/01/2000,00:54:38.97,42.58,-56.36,-992.59,192.50,-708.75,-323.75,1,94.173,
01/01/2000,00:54:38.98,41.97,-56.24,-992.35,131.25,-743.75,-210.0,1,94.175,
01/01/2000,00:54:38.99,39.77,-56.12,-992.10,175.0,-717.50,-253.75,1,94.146,
01/01/2000,00:54:39.00,37.70,-55.88,-991.74,140.0,-735.0,-350.0,1,94.148,
01/01/2000,00:54:39.01,35.62,-55.63,-991.37,201.25,-665.0,-306.25,1,94.150,
01/01/2000,00:54:39.02,33.79,-55.63,-991.37,227.50,-603.75,-306.25,1,94.152,
01/01/2000,00:54:39.03,32.33,-55.63,-991.25,201.25,-656.25,-455.0,1,94.154,
01/01/2000,00:54:39.04,31.96,-55.88,-991.37,113.75,-647.50,-743.75,1,94.156,
01/01/2000,00:54:39.05,33.31,-56.00,-991.49,253.75,-691.25,-883.75,1,94.158,
01/01/2000,00:54:39.07,35.14,-55.63,-991.86,122.50,-743.75,-586.25,1,94.160,
01/01/2000,00:54:39.08,35.50,-56.00,-991.62,52.50,-708.75,-61.25,1,94.162,
01/01/2000,00:54:39.09,34.28,-56.24,-991.49,35.0,-778.75,105.0,1,94.163,
01/01/2000,00:54:39.10,30.01,-56.61,-991.37,122.50,-770.0,-96.25,1,94.165,
01/01/2000,00:54:39.11,26.84,-56.49,-991.13,70.0,-647.50,-542.50,1,94.167,
01/01/2000,00:54:39.12,24.64,-55.88,-991.13,297.50,-638.75,-822.50,1,94.169,
01/01/2000,00:54:39.13,23.67,-54.53,-991.37,166.25,-516.25,-551.25,1,94.171,
01/01/2000,00:54:39.14,24.77,-54.78,-991.62,78.75,-647.50,-201.25,1,94.173,
01/01/2000,00:54:39.15,26.96,-56.24,-992.10,210.0,-752.50,-306.25,1,94.175,
01/01/2000,00:54:39.16,28.30,-56.85,-992.35,-26.25,-778.75,-560.0,1,94.177,
01/01/2000,00:54:39.17,29.28,-57.22,-992.59,70.0,-796.25,-490.0,1,94.179,
01/01/2000,00:54:39.18,29.40,-56.61,-992.59,70.0,-778.75,-297.50,1,94.180,
01/01/2000,00:54:39.19,28.30,-56.12,-992.84,35.0,-805.0,-78.75,1,94.182,
01/01/2000,00:54:39.20,24.64,-55.51,-992.59,17.50,-778.75,288.75,1,94.154,
01/01/2000,00:54:39.21,20.62,-55.75,-991.98,140.0,-612.50,-148.75,1,94.156,
01/01/2000,00:54:39.22,19.03,-55.88,-991.74,218.75,-630.0,-761.25,1,94.158,
01/01/2000,00:54:39.23,19.03,-55.75,-991.62,166.25,-726.25,-918.75,1,94.159,
01/01/2000,00:54:39.25,20.62,-55.63,-991.86,236.25,-647.50,-682.50,1,94.161,
01/01/2000,00:54:39.25,23.67,-55.75,-992.23,183.75,-805.0,-280.0,1,94.163,
01/01/2000,00:54:39.27,25.13,-56.12,-992.47,-35.0,-568.75,-271.25,1,94.165,
01/01/2000,00:54:39.28,26.60,-56.97,-992.71,183.75,-717.50,-420.0,1,94.167,
01/01/2000,00:54:39.29,26.72,-56.73,-992.84,148.75,-752.50,-350.0,1,94.169,
01/01/2000,00:54:39.30,26.35,-56.36,-992.96,157.50,-743.75,-358.75,1,94.171,
01/01/2000,00:54:39.31,25.25,-55.75,-992.59,78.75,-708.75,-43.75,1,94.173,
01/01/2000,00:54:39.32,22.33,-55.39,-992.23,183.75,-805.0,210.0,1,94.174,
01/01/2000,00:54:39.33,20.74,-55.63,-991.86,96.25,-708.75,-297.50,1,94.176,
01/01/2000,00:54:39.34,19.28,-55.51,-991.74,271.25,-726.25,-595.0,1,94.148,
01/01/2000,00:54:39.35,19.89,-55.39,-991.86,8.75,-682.50,-612.50,1,94.150,
01/01/2000,00:54:39.36,21.35,-55.39,-992.10,113.75,-630.0,-630.0,1,94.152,
01/01/2000,00:54:39.37,24.03,-55.51,-992.35,17.50,-708.75,-175.0,1,94.154,
01/01/2000,00:54:39.38,25.01,-55.88,-992.35,96.25,-778.75,-61.25,1,94.155,
01/01/2000,00:54:39.39,25.74,-56.36,-992.10,175.0,-700.0,-393.75,1,94.157,
01/01/2000,00:54:39.40,25.86,-56.49,-992.23,157.50,-761.25,-315.0,1,94.159,
01/01/2000,00:54:39.42,24.16,-55.88,-992.23,236.25,-638.75,-52.50,1,94.161,
01/01/2000,00:54:39.43,21.96,-55.51,-992.10,253.75,-630.0,-140.0,1,94.133,
01/01/2000,00:54:39.44,20.25,-55.27,-992.35,17.50,-743.75,-218.75,1,94.135,
01/01/2000,00:54:39.45,19.03,-55.63,-992.47,113.75,-673.75,-218.75,1,94.136,
01/01/2000,00:54:39.46,18.79,-55.63,-992.35,148.75,-630.0,-525.0,1,94.138,
01/01/2000,00:54:39.47,20.37,-55.63,-992.59,140.0,-717.50,-603.75,1,94.140,
01/01/2000,00:54:39.48,22.33,-55.51,-992.59,236.25,-831.25,-595.0,1,94.142,
01/01/2000,00:54:39.49,24.16,-55.63,-992.47,157.50,-787.50,-183.75,1,94.144,
01/01/2000,00:54:39.50,25.74,-55.88,-992.35,35.0,-630.0,-245.0,1,94.146,
01/01/2000,00:54:39.51,26.96,-56.49,-992.23,236.25,-726.25,-166.25,1,94.148,
01/01/2000,00:54:39.52,26.84,-56.36,-992.35,140.0,-708.75,-306.25,1,94.150,
01/01/2000,00:54:39.53,26.35,-56.24,-992.59,210.0,-743.75,-210.0,1,94.151,
01/01/2000,00:54:39.54,24.89,-55.88,-992.71,17.50,-595.0,-61.25,1,94.153,
01/01/2000,00:54:39.55,21.72,-55.63,-992.71,131.25,-822.50,-26.25,1,94.155,
01/01/2000,00:54:39.57,19.52,-55.63,-992.35,122.50,-673.75,-218.75,1,94.157,
01/01/2000,00:54:39.58,18.06,-55.63,-992.23,157.50,-673.75,-647.50,1,94.159,
01/01/2000,00:54:39.59,18.42,-55.27,-992.35,105.0,-673.75,-717.50,1,94.161,
01/01/2000,00:54:39.60,19.89,-55.39,-992.35,297.50,-778.75,-577.50,1,94.163,
01/01/2000,00:54:39.61,21.96,-55.39,-992.35,96.25,-665.0,-306.25,1,94.165,
01/01/2000,00:54:39.62,23.79,-56.00,-992.35,175.0,-813.75,-253.75,1,94.166,
01/01/2000,00:54:39.63,25.62,-56.36,-992.10,43.75,-752.50,-332.50,1,94.168,
01/01/2000,00:54:39.64,25.99,-56.61,-991.62,140.0,-778.75,-245.0,1,94.170,
01/01/2000,00:54:39.65,24.40,-56.36,-991.74,183.75,-761.25,-148.75,1,94.172,
01/01/2000,00:54:39.66,22.69,-55.88,-992.10,35.0,-892.50,-52.50,1,94.174,
01/01/2000,00:54:39.67,20.98,-55.88,-992.35,175.0,-735.0,-376.25,1,94.176,
01/01/2000,00:54:39.68,20.01,-55.63,-992.59,148.75,-656.25,-446.25,1,94.178,
01/01/2000,00:54:39.69,19.89,-55.27,-992.59,183.75,-612.50,-367.50,1,94.179,
01/01/2000,00:54:39.70,21.35,-55.75,-991.86,175.0,-726.25,-446.25,1,94.151,
01/01/2000,00:54:39.71,22.45,-56.12,-991.74,26.25,-752.50,-463.75,1,94.153,
01/01/2000,00:54:39.72,23.79,-56.12,-991.62,122.50,-813.75,-323.75,1,94.155,
01/01/2000,00:54:39.73,24.89,-56.49,-991.49,61.25,-700.0,-262.50,1,94.157,
01/01/2000,00:54:39.74,25.50,-56.00,-992.23,131.25,-726.25,-420.0,1,94.159,
01/01/2000,00:54:39.75,25.38,-55.88,-992.71,113.75,-726.25,-192.50,1,94.161,
01/01/2000,00:54:39.78,21.96,-55.51,-992.10,157.50,-743.75,201.25,1,94.133,
01/01/2000,00:54:39.79,19.15,-55.63,-991.62,105.0,-595.0,-358.75,1,94.134,
01/01/2000,00:54:39.80,18.54,-56.00,-991.98,210.0,-752.50,-787.50,1,94.136,
01/01/2000,00:54:39.81,18.91,-55.51,-992.84,17.50,-516.25,-743.75,1,94.138,
01/01/2000,00:54:39.82,20.25,-55.51,-992.96,148.75,-682.50,-210.0,1,94.140,
01/01/2000,00:54:39.83,21.59,-55.39,-992.23,288.75,-735.0,-306.25,1,94.142,
01/01/2000,00:54:39.84,23.55,-55.39,-990.64,0.0,-717.50,-341.25,1,94.144,
01/01/2000,00:54:39.85,25.25,-56.00,-990.40,218.75,-761.25,-411.25,1,94.146,
01/01/2000,00:54:39.86,26.11,-56.36,-991.13,227.50,-673.75,-463.75,1,94.147,
01/01/2000,00:54:39.87,26.11,-56.24,-991.86,297.50,-708.75,-376.25,1,94.149,
01/01/2000,00:54:39.88,25.50,-55.63,-991.86,-8.75,-752.50,-43.75,1,94.151,
01/01/2000,00:54:39.89,23.79,-55.39,-990.76,157.50,-848.75,87.50,1,94.153,
01/01/2000,00:54:39.90,21.11,-55.14,-991.62,-87.50,-743.75,-201.25,1,94.155,
01/01/2000,00:54:39.91,20.13,-55.63,-993.32,105.0,-656.25,-560.0,1,94.157,
01/01/2000,00:54:39.92,19.76,-55.88,-995.15,262.50,-673.75,-463.75,1,94.129,
01/01/2000,00:54:39.94,20.74,-55.39,-993.81,166.25,-726.25,-306.25,1,94.131,
01/01/2000,00:54:39.95,21.96,-54.90,-992.10,78.75,-778.75,-463.75,1,94.132,
01/01/2000,00:54:39.96,22.94,-55.27,-991.13,192.50,-778.75,-192.50,1,94.134,
01/01/2000,00:54:39.97,24.89,-56.00,-991.37,183.75,-743.75,-498.75,1,94.136,
01/01/2000,00:54:39.98,25.86,-56.49,-992.35,297.50,-752.50,-490.0,1,94.138,
01/01/2000,00:54:39.99,26.35,-56.12,-993.32,87.50,-735.0,-201.25,1,94.110,
01/01/2000,00:54:40.00,25.13,-56.00,-993.08,105.0,-857.50,148.75,1,94.112,
01/01/2000,00:54:40.01,21.96,-55.63,-992.35,70.0,-726.25,-192.50,1,94.114,
01/01/2000,00:54:40.02,19.64,-55.51,-991.74,227.50,-717.50,-236.25,1,94.116,
01/01/2000,00:54:40.03,18.18,-55.14,-991.74,-26.25,-717.50,-630.0,1,94.118,
01/01/2000,00:54:40.04,18.30,-55.51,-992.10,157.50,-708.75,-560.0,1,94.119,
01/01/2000,00:54:40.05,20.37,-55.14,-992.35,192.50,-603.75,-647.50,1,94.121,
01/01/2000,00:54:40.06,22.45,-55.39,-992.35,140.0,-761.25,-306.25,1,94.123,
01/01/2000,00:54:40.07,24.28,-55.75,-991.86,157.50,-735.0,-227.50,1,94.125,
01/01/2000,00:54:40.08,25.38,-56.24,-990.64,148.75,-682.50,-262.50,1,94.127,
01/01/2000,00:54:40.10,26.11,-56.00,-990.03,-8.75,-700.0,-411.25,1,94.129,
01/01/2000,00:54:40.10,25.74,-56.00,-989.91,192.50,-848.75,-341.25,1,94.131,
01/01/2000,00:54:40.12,24.89,-55.63,-990.64,43.75,-682.50,-166.25,1,94.132,
01/01/2000,00:54:40.13,22.94,-55.51,-991.37,61.25,-787.50,262.50,1,94.134,
01/01/2000,00:54:40.14,20.01,-55.75,-992.71,227.50,-717.50,-411.25,1,94.136,
01/01/2000,00:54:40.15,18.18,-55.14,-993.08,122.50,-682.50,-770.0,1,94.138,
01/01/2000,00:54:40.16,18.91,-55.14,-992.84,157.50,-595.0,-630.0,1,94.140,
01/01/2000,00:54:40.17,20.62,-55.02,-992.47,148.75,-603.75,-551.25,1,94.142,
01/01/2000,00:54:40.18,22.57,-55.14,-992.10,61.25,-700.0,-78.75,1,94.143,
01/01/2000,00:54:40.19,24.28,-55.63,-991.37,96.25,-726.25,-26.25,1,94.145,
01/01/2000,00:54:40.20,25.13,-56.61,-990.88,166.25,-621.25,-350.0,1,94.118,
01/01/2000,00:54:40.21,24.52,-56.36,-991.13,166.25,-787.50,-507.50,1,94.119,
01/01/2000,00:54:40.22,23.91,-55.88,-991.86,131.25,-691.25,-481.25,1,94.121,
01/01/2000,00:54:40.23,23.42,-55.14,-992.35,131.25,-778.75,-271.25,1,94.123,
01/01/2000,00:54:40.24,22.33,-54.66,-992.71,271.25,-630.0,236.25,1,94.125,
01/01/2000,00:54:40.25,20.50,-55.02,-992.59,148.75,-533.75,-157.50,1,94.127,
01/01/2000,00:54:40.26,19.76,-55.88,-992.59,175.0,-735.0,-446.25,1,94.129,
01/01/2000,00:54:40.28,20.50,-55.75,-992.59,35.0,-647.50,-691.25,1,94.131,
01/01/2000,00:54:40.29,21.96,-55.75,-992.35,148.75,-656.25,-586.25,1,94.132,
01/01/2000,00:54:40.30,23.55,-55.51,-992.10,350.0,-708.75,-358.75,1,94.134,
01/01/2000,00:54:40.31,24.40,-55.14,-991.62,122.50,-665.0,-245.0,1,94.136,
01/01/2000,00:54:40.32,24.64,-55.51,-991.37,96.25,-787.50,-201.25,1,94.138,
01/01/2000,00:54:40.33,24.40,-55.63,-991.49,183.75,-647.50,-175.0,1,94.140,
01/01/2000,00:54:40.34,24.16,-55.63,-991.62,43.75,-682.50,-446.25,1,94.141,
01/01/2000,00:54:40.35,23.18,-55.75,-991.86,201.25,-813.75,-297.50,1,94.143,
01/01/2000,00:54:40.36,21.72,-55.51,-991.86,157.50,-822.50,-140.0,1,94.145,
01/01/2000,00:54:40.37,20.62,-55.51,-991.86,297.50,-630.0,-262.50,1,94.147,
01/01/2000,00:54:40.38,19.52,-55.14,-992.23,201.25,-656.25,-420.0,1,94.149,
01/01/2000,00:54:40.39,19.64,-55.02,-992.59,96.25,-708.75,-402.50,1,94.151,
01/01/2000,00:54:40.40,20.50,-55.27,-992.71,210.0,-498.75,-463.75,1,94.152,
01/01/2000,00:54:40.41,22.20,-55.14,-992.59,157.50,-612.50,-385.0,1,94.125,
01/01/2000,00:54:40.42,23.42,-55.39,-992.10,192.50,-708.75,-280.0,1,94.127,
01/01/2000,00:54:40.43,24.16,-55.75,-991.49,271.25,-691.25,-218.75,1,94.129,
01/01/2000,00:54:40.45,25.01,-55.75,-991.37,201.25,-778.75,-402.50,1,94.130,
01/01/2000,00:54:40.46,25.25,-55.39,-991.62,113.75,-778.75,-376.25,1,94.132,
01/01/2000,00:54:40.47,25.01,-55.27,-991.86,148.75,-717.50,-52.50,1,94.134,
01/01/2000,00:54:40.48,22.94,-55.14,-991.86,166.25,-717.50,26.25,1,94.136,
01/01/2000,00:54:40.49,21.11,-55.63,-991.98,166.25,-656.25,-43.75,1,94.138,
01/01/2000,00:54:40.50,19.40,-55.51,-992.35,148.75,-717.50,-393.75,1,94.140,
01/01/2000,00:54:40.51,18.54,-55.63,-992.71,52.50,-638.75,-691.25,1,94.141,
01/01/2000,00:54:40.52,19.40,-54.90,-992.96,192.50,-700.0,-700.0,1,94.143,
01/01/2000,00:54:40.53,20.98,-54.66,-992.59,105.0,-700.0,-595.0,1,94.145,
01/01/2000,00:54:40.54,22.57,-54.53,-992.10,26.25,-673.75,-166.25,1,94.147,
01/01/2000,00:54:40.55,23.67,-55.02,-991.37,26.25,-822.50,-105.0,1,94.149,
01/01/2000,00:54:40.56,24.40,-56.12,-990.27,148.75,-770.0,-236.25,1,94.121,
01/01/2000,00:54:40.57,24.28,-55.88,-990.15,183.75,-735.0,-428.75,1,94.123,
01/01/2000,00:54:40.58,24.03,-56.12,-990.64,218.75,-691.25,-306.25,1,94.125,
01/01/2000,00:54:40.59,22.69,-55.39,-991.62,52.50,-717.50,-271.25,1,94.127,
01/01/2000,00:54:40.60,20.74,-55.27,-992.10,227.50,-770.0,-218.75,1,94.129,
01/01/2000,00:54:40.61,19.76,-54.90,-992.71,323.75,-603.75,-393.75,1,94.130,
01/01/2000,00:54:40.63,20.25,-54.90,-992.96,183.75,-831.25,-332.50,1,94.132,
01/01/2000,00:54:40.64,21.84,-55.14,-992.96,96.25,-700.0,-612.50,1,94.134,
01/01/2000,00:54:40.65,23.79,-55.51,-992.71,183.75,-770.0,-166.25,1,94.136,
01/01/2000,00:54:40.66,25.38,-56.12,-991.62,17.50,-761.25,-96.25,1,94.138,
01/01/2000,00:54:40.67,25.38,-56.49,-990.76,140.0,-735.0,-192.50,1,94.139,
01/01/2000,00:54:40.68,24.89,-56.24,-990.52,140.0,-761.25,-420.0,1,94.141,
01/01/2000,00:54:40.69,23.91,-55.88,-990.88,148.75,-735.0,-297.50,1,94.143,
01/01/2000,00:54:40.70,22.45,-55.02,-992.23,78.75,-735.0,-236.25,1,94.145,
01/01/2000,00:54:40.71,20.86,-54.90,-992.84,183.75,-735.0,-8.75,1,94.147,
01/01/2000,00:54:40.72,18.79,-55.02,-993.57,-17.50,-726.25,-175.0,1,94.148,
01/01/2000,00:54:40.73,18.30,-55.63,-993.57,411.25,-638.75,-367.50,1,94.150,
01/01/2000,00:54:40.74,18.91,-55.27,-993.32,218.75,-612.50,-638.75,1,94.152,
01/01/2000,00:54:40.75,20.50,-55.39,-992.84,175.0,-630.0,-560.0,1,94.154,
01/01/2000,00:54:40.76,22.33,-55.27,-991.25,105.0,-595.0,-332.50,1,94.156,
01/01/2000,00:54:40.77,24.03,-55.27,-989.79,-17.50,-848.75,-148.75,1,94.128,
01/01/2000,00:54:40.78,24.52,-55.88,-989.30,157.50,-761.25,-262.50,1,94.130,
01/01/2000,00:54:40.79,24.40,-56.12,-989.91,280.0,-735.0,-437.50,1,94.132,
01/01/2000,00:54:40.80,24.16,-55.63,-991.13,8.75,-883.75,-472.50,1,94.134,
01/01/2000,00:54:40.81,23.91,-55.51,-992.35,201.25,-743.75,-271.25,1,94.136,
01/01/2000,00:54:40.82,22.20,-55.14,-992.84,70.0,-752.50,-52.50,1,94.138,
01/01/2000,00:54:40.84,20.62,-55.02,-992.59,35.0,-726.25,-175.0,1,94.139,
01/01/2000,00:54:40.85,19.28,-55.27,-992.47,218.75,-752.50,-516.25,1,94.141,
01/01/2000,00:54:40.86,19.40,-55.27,-992.59,253.75,-603.75,-560.0,1,94.143,
01/01/2000,00:54:40.87,20.74,-55.51,-992.59,175.0,-656.25,-700.0,1,94.145,
01/01/2000,00:54:40.88,21.96,-55.63,-992.47,122.50,-682.50,-297.50,1,94.146,
01/01/2000,00:54:40.89,23.06,-55.51,-991.74,43.75,-700.0,-411.25,1,94.148,
01/01/2000,00:54:40.90,23.30,-55.75,-991.01,245.0,-822.50,-210.0,1,94.150,
01/01/2000,00:54:40.91,23.42,-55.63,-990.76,166.25,-787.50,-420.0,1,94.152,
01/01/2000,00:54:40.92,23.67,-55.51,-991.25,306.25,-673.75,-411.25,1,94.154,
01/01/2000,00:54:40.93,23.67,-55.27,-991.86,166.25,-743.75,-87.50,1,94.155,
01/01/2000,00:54:40.94,22.94,-55.39,-991.98,87.50,-813.75,52.50,1,94.157,
01/01/2000,00:54:40.96,20.25,-55.75,-992.10,148.75,-822.50,-420.0,1,94.130,
01/01/2000,00:54:40.97,19.28,-55.63,-992.71,350.0,-761.25,-516.25,1,94.132,
01/01/2000,00:54:40.98,19.52,-55.51,-993.45,201.25,-770.0,-656.25,1,94.134,
01/01/2000,00:54:40.99,21.11,-54.90,-993.45,61.25,-700.0,-428.75,1,94.136,
01/01/2000,00:54:41.00,22.45,-54.90,-992.71,-35.0,-735.0,-140.0,1,94.137,
01/01/2000,00:54:41.01,23.67,-55.14,-991.74,280.0,-647.50,-262.50,1,94.139,
01/01/2000,00:54:41.02,24.64,-55.39,-990.76,78.75,-761.25,-236.25,1,94.141,
01/01/2000,00:54:41.03,25.25,-55.88,-989.79,131.25,-840.0,-358.75,1,94.143,
01/01/2000,00:54:41.04,25.13,-56.12,-989.91,131.25,-770.0,-420.0,1,94.145,
01/01/2000,00:54:41.05,24.16,-56.12,-990.40,113.75,-717.50,-96.25,1,94.146,
01/01/2000,00:54:41.06,22.33,-55.75,-991.62,113.75,-796.25,-78.75,1,94.148,
01/01/2000,00:54:41.07,19.76,-55.75,-992.59,192.50,-708.75,-420.0,1,94.150,
01/01/2000,00:54:41.08,18.79,-54.90,-993.57,227.50,-682.50,-647.50,1,94.152,
01/01/2000,00:54:41.09,19.03,-54.53,-994.30,17.50,-708.75,-446.25,1,94.153,
01/01/2000,00:54:41.10,20.01,-54.66,-994.30,183.75,-665.0,-297.50,1,94.155,
01/01/2000,00:54:41.11,21.59,-54.90,-992.96,61.25,-691.25,-271.25,1,94.157,
01/01/2000,00:54:41.12,22.69,-55.51,-991.49,183.75,-700.0,-297.50,1,94.159,
01/01/2000,00:54:41.13,23.55,-56.12,-990.15,78.75,-735.0,-463.75,1,94.161,
01/01/2000,00:54:41.14,24.28,-56.00,-989.54,17.50,-778.75,-507.50,1,94.162,
01/01/2000,00:54:41.15,24.89,-56.12,-989.66,148.75,-848.75,-402.50,1,94.164,
01/01/2000,00:54:41.16,24.28,-55.51,-990.27,227.50,-866.25,-245.0,1,94.166,
01/01/2000,00:54:41.17,22.69,-54.90,-990.76,17.50,-770.0,-61.25,1,94.168,
01/01/2000,00:54:41.18,21.23,-55.14,-991.37,253.75,-691.25,-350.0,1,94.141,
01/01/2000,00:54:41.20,19.64,-55.02,-992.84,140.0,-743.75,-682.50,1,94.143,
01/01/2000,00:54:41.21,20.37,-55.14,-993.93,271.25,-682.50,-402.50,1,94.144,
01/01/2000,00:54:41.22,21.59,-55.39,-993.69,210.0,-586.25,-376.25,1,94.146,
01/01/2000,00:54:41.23,22.94,-55.51,-992.96,148.75,-682.50,-463.75,1,94.148,
01/01/2000,00:54:41.24,23.67,-55.39,-991.86,43.75,-735.0,-218.75,1,94.150,
01/01/2000,00:54:41.25,24.16,-55.75,-990.40,192.50,-770.0,-428.75,1,94.152,
01/01/2000,00:54:41.26,24.64,-55.39,-990.15,0.0,-682.50,-367.50,1,94.153,
01/01/2000,00:54:41.27,24.28,-55.27,-990.40,78.75,-752.50,-323.75,1,94.155,
01/01/2000,00:54:41.28,22.69,-55.39,-990.76,122.50,-866.25,-35.0,1,94.157,
01/01/2000,00:54:41.29,20.50,-55.27,-991.49,105.0,-805.0,78.75,1,94.159,
01/01/2000,00:54:41.30,18.30,-55.39,-992.84,323.75,-717.50,-472.50,1,94.160,
01/01/2000,00:54:41.31,16.10,-55.14,-994.42,148.75,-630.0,-498.75,1,94.162,
01/01/2000,00:54:41.32,15.37,-54.90,-994.54,157.50,-638.75,-385.0,1,94.164,
01/01/2000,00:54:41.33,14.64,-54.90,-993.57,105.0,-647.50,-253.75,1,94.137,
01/01/2000,00:54:41.34,14.03,-55.02,-992.23,70.0,-673.75,-157.50,1,94.139,
01/01/2000,00:54:41.35,13.42,-55.39,-990.76,192.50,-708.75,-236.25,1,94.141,
01/01/2000,00:54:41.36,12.69,-55.39,-989.79,131.25,-647.50,-490.0,1,94.143,
01/01/2000,00:54:41.37,12.81,-55.75,-989.91,61.25,-612.50,-507.50,1,94.144,
01/01/2000,00:54:41.38,13.30,-55.51,-990.76,157.50,-612.50,-533.75,1,94.146,
01/01/2000,00:54:41.39,13.66,-55.14,-991.49,35.0,-761.25,-367.50,1,94.148,
01/01/2000,00:54:41.41,12.44,-55.14,-991.25,210.0,-866.25,96.25,1,94.150,
01/01/2000,00:54:41.42,10.49,-55.02,-990.88,157.50,-691.25,-96.25,1,94.151,
01/01/2000,00:54:41.43,8.54,-55.75,-991.37,245.0,-726.25,-411.25,1,94.153,
01/01/2000,00:54:41.44,6.10,-55.75,-992.35,105.0,-717.50,-481.25,1,94.155,
01/01/2000,00:54:41.45,4.88,-55.88,-993.32,105.0,-743.75,-201.25,1,94.157,
01/01/2000,00:54:41.46,3.66,-55.27,-993.57,210.0,-638.75,-306.25,1,94.158,
01/01/2000,00:54:41.47,3.17,-54.78,-992.47,315.0,-700.0,-350.0,1,94.132,
01/01/2000,00:54:41.48,3.90,-54.66,-991.37,166.25,-603.75,-332.50,1,94.134,
01/01/2000,00:54:41.49,4.88,-54.90,-990.64,157.50,-638.75,-367.50,1,94.135,
01/01/2000,00:54:41.50,6.59,-55.14,-990.64,131.25,-700.0,-490.0,1,94.137,
01/01/2000,00:54:41.51,9.15,-55.75,-991.01,210.0,-691.25,-315.0,1,94.139,
01/01/2000,00:54:41.52,10.25,-56.00,-991.13,113.75,-700.0,-323.75,1,94.141,
01/01/2000,00:54:41.53,10.61,-55.88,-991.13,131.25,-708.75,-280.0,1,94.142,
01/01/2000,00:54:41.55,10.49,-55.51,-991.25,140.0,-700.0,-122.50,1,94.144,
01/01/2000,00:54:41.56,10.37,-55.51,-991.74,245.0,-735.0,-245.0,1,94.146,
01/01/2000,00:54:41.57,10.49,-55.14,-992.59,131.25,-560.0,-341.25,1,94.148,
01/01/2000,00:54:41.58,10.61,-55.14,-993.08,166.25,-691.25,-157.50,1,94.149,
01/01/2000,00:54:41.59,11.35,-55.39,-993.32,253.75,-691.25,-271.25,1,94.151,
01/01/2000,00:54:41.60,13.54,-55.63,-993.45,236.25,-691.25,-332.50,1,94.153,
01/01/2000,00:54:41.61,15.13,-55.63,-993.08,175.0,-813.75,-253.75,1,94.155,
01/01/2000,00:54:41.62,16.96,-55.88,-991.74,175.0,-647.50,-323.75,1,94.156,
01/01/2000,00:54:41.63,17.57,-55.75,-990.76,78.75,-551.25,-253.75,1,94.158,
01/01/2000,00:54:41.64,18.06,-55.51,-990.64,245.0,-787.50,-323.75,1,94.160,
01/01/2000,00:54:41.65,18.54,-55.51,-991.25,183.75,-577.50,-271.25,1,94.162,
01/01/2000,00:54:41.66,19.03,-55.14,-991.62,122.50,-700.0,-122.50,1,94.163,
01/01/2000,00:54:41.67,19.15,-55.39,-991.74,192.50,-691.25,105.0,1,94.165,
01/01/2000,00:54:41.68,19.40,-55.39,-991.49,253.75,-525.0,-358.75,1,94.139,
01/01/2000,00:54:41.69,19.76,-55.27,-991.62,61.25,-735.0,-315.0,1,94.141,
01/01/2000,00:54:41.70,20.25,-55.39,-991.86,218.75,-717.50,-358.75,1,94.142,
01/01/2000,00:54:41.71,20.62,-55.63,-991.62,122.50,-805.0,-210.0,1,94.144,
01/01/2000,00:54:41.72,20.74,-55.51,-991.37,8.75,-743.75,-192.50,1,94.146,
01/01/2000,00:54:41.73,20.74,-55.63,-991.37,140.0,-831.25,-446.25,1,94.148,
01/01/2000,00:54:41.74,20.86,-55.27,-991.62,166.25,-656.25,-297.50,1,94.149,
01/01/2000,00:54:41.76,21.11,-55.14,-991.98,376.25,-700.0,-61.25,1,94.151,
01/01/2000,00:54:41.77,20.98,-54.90,-991.74,43.75,-770.0,-70.0,1,94.153,
01/01/2000,00:54:41.78,20.98,-55.27,-991.62,218.75,-761.25,-192.50,1,94.154,
01/01/2000,00:54:41.79,21.23,-55.02,-991.62,192.50,-586.25,-367.50,1,94.156,
01/01/2000,00:54:41.80,21.47,-55.14,-991.86,87.50,-735.0,-306.25,1,94.158,
01/01/2000,00:54:41.81,21.72,-55.39,-991.74,306.25,-726.25,-131.25,1,94.160,
01/01/2000,00:54:41.82,21.72,-55.27,-991.49,192.50,-638.75,-332.50,1,94.161,
01/01/2000,00:54:41.83,21.96,-55.39,-991.86,148.75,-848.75,-341.25,1,94.163,
01/01/2000,00:54:41.84,22.20,-55.02,-992.10,70.0,-682.50,-236.25,1,94.165,
01/01/2000,00:54:41.85,21.96,-55.27,-992.10,96.25,-691.25,-306.25,1,94.167,
01/01/2000,00:54:41.86,21.96,-55.27,-991.86,201.25,-700.0,-131.25,1,94.168,
01/01/2000,00:54:41.87,21.84,-55.63,-991.86,166.25,-717.50,-210.0,1,94.170,
01/01/2000,00:54:41.88,21.84,-55.51,-991.86,183.75,-708.75,-280.0,1,94.172,
01/01/2000,00:54:41.90,20.25,-55.63,-991.98,105.0,-665.0,122.50,1,94.146,
01/01/2000,00:54:41.91,19.03,-55.51,-991.86,-78.75,-673.75,-61.25,1,94.147,
01/01/2000,00:54:41.92,17.81,-55.75,-991.74,437.50,-735.0,-315.0,1,94.149,
01/01/2000,00:54:41.93,17.08,-54.90,-991.86,0.0,-630.0,-245.0,1,94.151,
01/01/2000,00:54:41.94,15.37,-55.02,-991.25,236.25,-822.50,0.0,1,94.153,
01/01/2000,00:54:41.95,14.03,-55.02,-991.01,113.75,-647.50,52.50,1,94.154,
01/01/2000,00:54:41.96,12.20,-55.63,-991.13,87.50,-796.25,52.50,1,94.156,
01/01/2000,00:54:41.97,10.00,-56.00,-992.59,253.75,-743.75,-306.25,1,94.130,
01/01/2000,00:54:41.98,9.27,-55.39,-992.84,183.75,-612.50,-262.50,1,94.132,
01/01/2000,00:54:41.99,8.66,-55.02,-991.86,210.0,-743.75,-122.50,1,94.133,
01/01/2000,00:54:42.00,7.81,-54.78,-991.13,113.75,-665.0,-8.75,1,94.135,
01/01/2000,00:54:42.01,7.08,-54.90,-991.01,201.25,-735.0,61.25,1,94.137,
01/01/2000,00:54:42.02,6.59,-55.27,-991.62,122.50,-700.0,-210.0,1,94.139,
01/01/2000,00:54:42.03,5.86,-55.88,-992.35,227.50,-647.50,-78.75,1,94.140,
01/01/2000,00:54:42.05,4.15,-56.00,-993.08,70.0,-700.0,8.75,1,94.142,
01/01/2000,00:54:42.06,3.42,-55.88,-993.08,218.75,-708.75,-271.25,1,94.144,
01/01/2000,00:54:42.07,3.29,-55.14,-992.71,140.0,-647.50,-551.25,1,94.145,
01/01/2000,00:54:42.08,4.76,-54.41,-991.98,78.75,-603.75,-280.0,1,94.147,
01/01/2000,00:54:42.09,6.34,-54.41,-991.25,96.25,-542.50,-166.25,1,94.149,
01/01/2000,00:54:42.10,7.93,-54.78,-990.40,236.25,-708.75,-157.50,1,94.151,
01/01/2000,00:54:42.11,9.27,-55.02,-989.42,-17.50,-778.75,-113.75,1,94.152,
01/01/2000,00:54:42.12,10.37,-56.36,-989.05,87.50,-726.25,-35.0,1,94.154,
01/01/2000,00:54:42.13,11.22,-56.24,-989.66,140.0,-638.75,-498.75,1,94.156,
01/01/2000,00:54:42.14,12.20,-56.00,-990.88,288.75,-638.75,-498.75,1,94.158,
01/01/2000,00:54:42.15,12.93,-55.27,-991.49,131.25,-673.75,-131.25,1,94.159,
01/01/2000,00:54:42.16,12.69,-54.66,-991.74,122.50,-743.75,148.75,1,94.161,
01/01/2000,00:54:42.17,12.32,-54.53,-991.98,122.50,-682.50,227.50,1,94.163,
01/01/2000,00:54:42.18,12.08,-55.14,-992.23,70.0,-682.50,-113.75,1,94.164,
01/01/2000,00:54:42.19,12.69,-55.39,-992.47,358.75,-708.75,-428.75,1,94.166,
01/01/2000,00:54:42.20,13.42,-55.75,-992.71,323.75,-726.25,-332.50,1,94.168,
01/01/2000,00:54:42.21,14.64,-55.88,-992.59,183.75,-612.50,-402.50,1,94.170,
01/01/2000,00:54:42.22,16.35,-55.39,-992.23,288.75,-673.75,-402.50,1,94.171,
01/01/2000,00:54:42.23,17.08,-54.90,-991.98,148.75,-665.0,-271.25,1,94.173,
01/01/2000,00:54:42.24,18.30,-55.39,-991.86,131.25,-673.75,-385.0,1,94.175,
01/01/2000,00:54:42.26,19.76,-55.14,-992.10,411.25,-770.0,-306.25,1,94.149,
01/01/2000,00:54:42.27,20.50,-55.14,-992.23,8.75,-700.0,-140.0,1,94.150,
01/01/2000,00:54:42.28,21.23,-55.75,-991.86,105.0,-630.0,-358.75,1,94.152,
01/01/2000,00:54:42.29,21.47,-55.51,-991.49,78.75,-682.50,-201.25,1,94.154,
01/01/2000,00:54:42.30,21.23,-55.75,-991.01,148.75,-700.0,-105.0,1,94.156,
01/01/2000,00:54:42.31,20.74,-56.12,-990.88,122.50,-612.50,-43.75,1,94.157,
01/01/2000,00:54:42.32,20.01,-55.75,-991.25,175.0,-682.50,-280.0,1,94.159,
01/01/2000,00:54:42.33,20.01,-55.63,-992.47,166.25,-735.0,-402.50,1,94.161,
01/01/2000,00:54:42.34,19.76,-55.39,-993.45,105.0,-665.0,-245.0,1,94.163,
01/01/2000,00:54:42.35,19.52,-55.39,-993.45,166.25,-656.25,-148.75,1,94.164,
01/01/2000,00:54:42.36,19.64,-55.63,-993.45,245.0,-673.75,-306.25,1,94.166,
01/01/2000,00:54:42.37,20.13,-55.63,-993.32,315.0,-603.75,-411.25,1,94.168,
01/01/2000,00:54:42.38,21.35,-55.27,-992.71,105.0,-516.25,-428.75,1,94.169,
01/01/2000,00:54:42.39,22.45,-55.63,-992.35,183.75,-621.25,-376.25,1,94.143,
01/01/2000,00:54:42.40,22.57,-55.75,-991.62,227.50,-726.25,-157.50,1,94.145,
01/01/2000,00:54:42.41,22.20,-55.63,-991.13,105.0,-700.0,-218.75,1,94.147,
01/01/2000,00:54:42.42,21.96,-55.63,-991.13,131.25,-700.0,-315.0,1,94.149,
01/01/2000,00:54:42.43,21.72,-55.63,-991.37,52.50,-770.0,-341.25,1,94.150,
01/01/2000,00:54:42.44,21.23,-55.39,-992.47,236.25,-691.25,-297.50,1,94.152,
01/01/2000,00:54:42.45,20.62,-55.39,-992.71,192.50,-726.25,-306.25,1,94.154,
01/01/2000,00:54:42.47,20.74,-55.14,-992.84,262.50,-586.25,-332.50,1,94.155,
01/01/2000,00:54:42.48,22.20,-54.90,-992.59,297.50,-691.25,-551.25,1,94.157,
01/01/2000,00:54:42.49,23.30,-54.90,-991.98,201.25,-691.25,-122.50,1,94.131,
01/01/2000,00:54:42.50,23.91,-55.39,-990.64,271.25,-691.25,-8.75,1,94.133,
01/01/2000,00:54:42.51,23.42,-55.63,-990.15,122.50,-665.0,-218.75,1,94.135,
01/01/2000,00:54:42.52,23.06,-56.00,-990.40,227.50,-665.0,-507.50,1,94.137,
01/01/2000,00:54:42.53,22.69,-55.88,-991.25,140.0,-577.50,-463.75,1,94.138,
01/01/2000,00:54:42.54,21.72,-55.39,-992.59,183.75,-796.25,-323.75,1,94.140,
01/01/2000,00:54:42.55,21.47,-55.27,-993.08,253.75,-647.50,-183.75,1,94.142,
01/01/2000,00:54:42.56,20.74,-54.90,-993.45,245.0,-577.50,-218.75,1,94.143,
01/01/2000,00:54:42.57,20.25,-55.02,-993.57,78.75,-647.50,-218.75,1,94.145,
01/01/2000,00:54:42.58,20.86,-55.88,-993.20,306.25,-621.25,-560.0,1,94.147,
01/01/2000,00:54:42.59,21.96,-55.27,-992.96,201.25,-682.50,-577.50,1,94.148,
01/01/2000,00:54:42.61,22.94,-55.39,-992.47,105.0,-770.0,-113.75,1,94.150,
01/01/2000,00:54:42.62,23.42,-55.63,-991.37,105.0,-691.25,-26.25,1,94.152,
01/01/2000,00:54:42.63,22.94,-56.00,-991.13,87.50,-752.50,-323.75,1,94.154,
01/01/2000,00:54:42.64,22.81,-55.75,-991.37,157.50,-743.75,-577.50,1,94.155,
01/01/2000,00:54:42.65,22.69,-55.63,-991.98,148.75,-665.0,-612.50,1,94.157,
01/01/2000,00:54:42.66,22.69,-55.27,-992.59,87.50,-743.75,-131.25,1,94.159,
01/01/2000,00:54:42.67,22.45,-55.14,-992.96,0.0,-743.75,-201.25,1,94.160,
01/01/2000,00:54:42.68,22.20,-55.51,-992.71,253.75,-787.50,-175.0,1,94.162,
01/01/2000,00:54:42.69,21.47,-55.51,-992.47,131.25,-735.0,-210.0,1,94.164,
01/01/2000,00:54:42.70,21.59,-55.88,-992.35,96.25,-638.75,-726.25,1,94.165,
01/01/2000,00:54:42.71,23.06,-56.00,-992.23,297.50,-647.50,-761.25,1,94.167,
01/01/2000,00:54:42.72,23.67,-55.27,-992.10,131.25,-621.25,-175.0,1,94.169,
01/01/2000,00:54:42.73,23.91,-55.39,-991.62,227.50,-761.25,-43.75,1,94.171,
01/01/2000,00:54:42.74,23.42,-55.88,-991.25,262.50,-665.0,-105.0,1,94.172,
01/01/2000,00:54:42.75,21.72,-55.88,-991.49,201.25,-621.25,-560.0,1,94.174,
01/01/2000,00:54:42.76,20.98,-56.00,-992.59,175.0,-673.75,-490.0,1,94.176,
01/01/2000,00:54:42.77,20.74,-55.51,-993.32,218.75,-665.0,-455.0,1,94.177,
01/01/2000,00:54:42.78,20.86,-55.27,-993.57,105.0,-691.25,-402.50,1,94.179,
01/01/2000,00:54:42.79,20.62,-55.02,-993.32,201.25,-708.75,-306.25,1,94.181,
01/01/2000,00:54:42.80,20.13,-55.27,-993.08,87.50,-708.75,-227.50,1,94.182,
01/01/2000,00:54:42.81,20.37,-55.88,-992.71,192.50,-603.75,-691.25,1,94.157,
01/01/2000,00:54:42.82,22.81,-55.75,-992.96,245.0,-673.75,-848.75,1,94.158,
01/01/2000,00:54:42.83,24.64,-55.14,-992.59,17.50,-717.50,-507.50,1,94.160,
01/01/2000,00:54:42.84,25.86,-55.39,-991.62,105.0,-647.50,96.25,1,94.162,
01/01/2000,00:54:42.85,26.11,-55.39,-990.64,183.75,-726.25,-87.50,1,94.164,
01/01/2000,00:54:42.87,25.38,-55.88,-990.15,288.75,-717.50,-411.25,1,94.165,
01/01/2000,00:54:42.87,23.67,-56.00,-990.64,70.0,-735.0,-385.0,1,94.167,
01/01/2000,00:54:42.89,22.08,-55.88,-992.10,253.75,-665.0,-507.50,1,94.169,
01/01/2000,00:54:42.90,21.59,-55.39,-993.20,96.25,-586.25,-577.50,1,94.170,
01/01/2000,00:54:42.91,21.23,-55.02,-993.69,157.50,-691.25,-262.50,1,94.172,
01/01/2000,00:54:42.92,20.50,-54.90,-993.57,87.50,-630.0,-192.50,1,94.174,
01/01/2000,00:54:42.93,20.50,-55.51,-992.84,280.0,-595.0,-516.25,1,94.175,
01/01/2000,00:54:42.94,21.35,-55.88,-992.47,315.0,-621.25,-717.50,1,94.177,
01/01/2000,00:54:42.95,22.69,-55.51,-992.35,0.0,-682.50,-682.50,1,94.179,
01/01/2000,00:54:42.96,24.40,-56.12,-991.62,140.0,-665.0,-8.75,1,94.180,
01/01/2000,00:54:42.97,24.03,-56.12,-991.62,131.25,-673.75,8.75,1,94.155,
01/01/2000,00:54:42.98,22.94,-56.12,-991.74,131.25,-752.50,-306.25,1,94.157,
01/01/2000,00:54:43.00,21.35,-56.00,-992.84,192.50,-551.25,-542.50,1,94.158,
01/01/2000,00:54:43.01,21.11,-55.14,-993.57,105.0,-577.50,-595.0,1,94.160,
01/01/2000,00:54:43.02,21.96,-55.02,-993.81,122.50,-656.25,-437.50,1,94.162,
01/01/2000,00:54:43.03,23.06,-55.39,-993.32,113.75,-717.50,-78.75,1,94.163,
01/01/2000,00:54:43.04,23.06,-55.75,-992.35,87.50,-743.75,-288.75,1,94.165,
01/01/2000,00:54:43.05,23.42,-56.36,-991.86,87.50,-761.25,-551.25,1,94.167,
01/01/2000,00:54:43.06,23.67,-56.36,-991.86,175.0,-813.75,-437.50,1,94.168,
01/01/2000,00:54:43.07,23.79,-55.75,-992.59,262.50,-717.50,-376.25,1,94.170,
01/01/2000,00:54:43.08,23.42,-55.63,-992.84,192.50,-822.50,-210.0,1,94.172,
01/01/2000,00:54:43.09,22.69,-55.27,-993.08,8.75,-770.0,-253.75,1,94.173,
01/01/2000,00:54:43.10,21.35,-55.39,-993.20,43.75,-603.75,-166.25,1,94.175,
01/01/2000,00:54:43.11,20.01,-55.75,-993.08,175.0,-770.0,-428.75,1,94.177,
01/01/2000,00:54:43.12,20.25,-55.63,-993.32,227.50,-595.0,-682.50,1,94.178,
01/01/2000,00:54:43.13,21.23,-55.63,-993.08,140.0,-743.75,-525.0,1,94.180,
01/01/2000,00:54:43.14,22.20,-55.51,-993.08,210.0,-813.75,-446.25,1,94.182,
01/01/2000,00:54:43.15,23.18,-55.39,-992.35,157.50,-717.50,-148.75,1,94.183,
01/01/2000,00:54:43.16,23.67,-55.75,-991.98,78.75,-726.25,-210.0,1,94.185,
01/01/2000,00:54:43.17,24.16,-56.00,-991.98,332.50,-708.75,-411.25,1,94.160,
01/01/2000,00:54:43.18,24.16,-55.63,-992.59,70.0,-708.75,-472.50,1,94.161,
01/01/2000,00:54:43.19,24.40,-55.51,-992.84,140.0,-621.25,-297.50,1,94.163,
01/01/2000,00:54:43.20,24.16,-55.39,-992.96,105.0,-682.50,-306.25,1,94.165,
01/01/2000,00:54:43.21,22.81,-55.63,-993.08,113.75,-813.75,-253.75,1,94.166,
01/01/2000,00:54:43.22,21.96,-56.00,-992.96,175.0,-595.0,-332.50,1,94.168,
01/01/2000,00:54:43.24,21.35,-56.00,-992.84,183.75,-630.0,-428.75,1,94.170,
01/01/2000,00:54:43.25,21.47,-55.88,-992.84,323.75,-586.25,-481.25,1,94.171,
01/01/2000,00:54:43.26,21.72,-55.63,-992.84,140.0,-621.25,-393.75,1,94.173,
01/01/2000,00:54:43.27,21.96,-55.63,-992.71,227.50,-612.50,-157.50,1,94.175,
01/01/2000,00:54:43.28,21.96,-55.88,-992.23,210.0,-673.75,-411.25,1,94.176,
01/01/2000,00:54:43.29,22.08,-56.24,-992.23,262.50,-691.25,-551.25,1,94.178,
01/01/2000,00:54:43.30,22.45,-55.88,-992.59,227.50,-568.75,-481.25,1,94.180,
01/01/2000,00:54:43.31,23.18,-56.00,-992.35,192.50,-682.50,-87.50,1,94.181,
01/01/2000,00:54:43.32,23.06,-55.75,-992.23,210.0,-603.75,-463.75,1,94.156,
01/01/2000,00:54:43.33,23.18,-55.88,-992.59,262.50,-717.50,-253.75,1,94.185,
01/01/2000,00:54:43.34,22.81,-55.88,-992.84,271.25,-691.25,-393.75,1,94.160,
01/01/2000,00:54:43.35,22.33,-55.88,-992.84,183.75,-752.50,-385.0,1,94.161,
01/01/2000,00:54:43.36,21.96,-55.75,-992.71,70.0,-752.50,-350.0,1,94.163,
01/01/2000,00:54:43.37,21.96,-55.88,-992.84,358.75,-595.0,-420.0,1,94.165,
01/01/2000,00:54:43.39,21.96,-55.51,-992.96,227.50,-665.0,-402.50,1,94.166,
01/01/2000,00:54:43.40,22.33,-55.51,-992.59,210.0,-700.0,-315.0,1,94.168,
01/01/2000,00:54:43.41,22.94,-55.63,-992.59,227.50,-726.25,-568.75,1,94.170,
01/01/2000,00:54:43.42,23.55,-55.63,-992.84,175.0,-647.50,-507.50,1,94.171,
01/01/2000,00:54:43.43,23.91,-55.39,-992.59,-78.75,-726.25,-140.0,1,94.173,
01/01/2000,00:54:43.44,23.67,-56.12,-991.98,236.25,-708.75,-297.50,1,94.174,
01/01/2000,00:54:43.45,22.69,-55.88,-992.23,183.75,-665.0,-402.50,1,94.176,
01/01/2000,00:54:43.46,21.96,-55.63,-992.84,0.0,-673.75,-323.75,1,94.178,
01/01/2000,00:54:43.47,21.84,-55.51,-993.32,218.75,-673.75,-332.50,1,94.179,
01/01/2000,00:54:43.48,21.72,-55.39,-993.69,175.0,-691.25,-428.75,1,94.181,
01/01/2000,00:54:43.49,21.72,-55.63,-993.57,262.50,-752.50,-262.50,1,94.183,
01/01/2000,00:54:43.50,21.59,-56.00,-992.96,78.75,-682.50,-306.25,1,94.158,
01/01/2000,00:54:43.52,21.59,-56.36,-992.47,17.50,-595.0,-332.50,1,94.159,
01/01/2000,00:54:43.53,22.20,-56.24,-992.35,341.25,-551.25,-638.75,1,94.161,
01/01/2000,00:54:43.54,22.94,-55.39,-992.84,35.0,-595.0,-437.50,1,94.163,
01/01/2000,00:54:43.55,23.55,-55.39,-992.96,78.75,-770.0,-218.75,1,94.164,
01/01/2000,00:54:43.56,24.03,-55.88,-992.96,262.50,-673.75,-297.50,1,94.166,
01/01/2000,00:54:43.57,23.67,-55.88,-992.71,131.25,-743.75,-122.50,1,94.168,
01/01/2000,00:54:43.58,23.30,-56.12,-992.35,262.50,-735.0,-490.0,1,94.169,
01/01/2000,00:54:43.59,23.18,-56.00,-992.47,131.25,-735.0,-376.25,1,94.171,
01/01/2000,00:54:43.60,23.18,-55.63,-992.84,315.0,-717.50,-280.0,1,94.173,
01/01/2000,00:54:43.61,23.18,-55.51,-992.96,201.25,-665.0,-358.75,1,94.174,
01/01/2000,00:54:43.62,22.33,-55.39,-992.71,183.75,-665.0,-210.0,1,94.176,
01/01/2000,00:54:43.63,21.35,-55.88,-992.35,87.50,-735.0,-210.0,1,94.177,
01/01/2000,00:54:43.64,21.23,-55.88,-991.98,113.75,-656.25,-603.75,1,94.179,
01/01/2000,00:54:43.65,21.72,-56.00,-991.86,350.0,-682.50,-621.25,1,94.181,
01/01/2000,00:54:43.66,23.18,-55.51,-992.23,227.50,-673.75,-113.75,1,94.156,
01/01/2000,00:54:43.67,24.03,-55.63,-992.84,218.75,-778.75,-17.50,1,94.157,
01/01/2000,00:54:43.68,23.79,-56.12,-992.71,113.75,-638.75,-210.0,1,94.159,
01/01/2000,00:54:43.69,22.81,-56.61,-992.47,201.25,-586.25,-201.25,1,94.161,
01/01/2000,00:54:43.70,21.96,-56.24,-992.10,61.25,-665.0,-507.50,1,94.162,
01/01/2000,00:54:43.71,21.23,-56.00,-992.23,192.50,-577.50,-481.25,1,94.164,
01/01/2000,00:54:43.72,20.37,-55.39,-992.59,157.50,-612.50,-183.75,1,94.166,
01/01/2000,00:54:43.74,19.89,-55.39,-992.47,175.0,-691.25,-297.50,1,94.167,
01/01/2000,00:54:43.75,19.64,-55.75,-992.10,166.25,-595.0,-428.75,1,94.169,
01/01/2000,00:54:43.76,20.62,-56.12,-991.98,358.75,-665.0,-612.50,1,94.171,
01/01/2000,00:54:43.77,22.45,-55.88,-992.35,227.50,-752.50,-857.50,1,94.172,
01/01/2000,00:54:43.78,24.77,-55.39,-992.59,166.25,-866.25,-315.0,1,94.174,
01/01/2000,00:54:43.79,26.35,-55.51,-991.74,78.75,-673.75,131.25,1,94.176,
01/01/2000,00:54:43.80,25.99,-56.12,-990.88,26.25,-700.0,-8.75,1,94.177,
01/01/2000,00:54:43.81,23.91,-56.73,-990.88,96.25,-752.50,-420.0,1,94.179,
01/01/2000,00:54:43.82,22.45,-56.73,-991.86,8.75,-743.75,-446.25,1,94.180,
01/01/2000,00:54:43.83,21.11,-56.12,-993.20,113.75,-708.75,-542.50,1,94.182,
01/01/2000,00:54:43.84,20.62,-55.51,-995.52,131.25,-770.0,-358.75,1,94.184,
01/01/2000,00:54:43.85,19.76,-55.27,-995.64,61.25,-551.25,-175.0,1,94.185,
01/01/2000,00:54:43.86,19.40,-55.88,-994.79,288.75,-568.75,-297.50,1,94.187,
01/01/2000,00:54:43.87,19.89,-56.24,-992.84,140.0,-612.50,-446.25,1,94.162,
01/01/2000,00:54:43.88,21.47,-56.36,-991.98,306.25,-708.75,-831.25,1,94.164,
01/01/2000,00:54:43.89,23.30,-56.12,-992.10,148.75,-796.25,-402.50,1,94.165,
01/01/2000,00:54:43.90,24.89,-56.36,-993.08,183.75,-770.0,-35.0,1,94.167,
01/01/2000,00:54:43.91,25.25,-56.36,-993.69,140.0,-708.75,-253.75,1,94.169,
01/01/2000,00:54:43.92,24.52,-56.36,-993.81,271.25,-717.50,-148.75,1,94.170,
01/01/2000,00:54:43.93,23.30,-55.88,-993.57,43.75,-770.0,-306.25,1,94.172,
01/01/2000,00:54:43.95,21.96,-55.75,-992.84,315.0,-630.0,-455.0,1,94.174,
01/01/2000,00:54:43.96,21.47,-55.51,-992.59,297.50,-796.25,-332.50,1,94.175,
01/01/2000,00:54:43.97,20.74,-55.75,-992.10,166.25,-700.0,-245.0,1,94.177,
01/01/2000,00:54:43.98,20.86,-56.12,-991.98,201.25,-665.0,-437.50,1,94.179,
01/01/2000,00:54:43.99,21.47,-56.12,-992.10,210.0,-507.50,-542.50,1,94.180,
01/01/2000,00:54:44.00,22.69,-55.88,-992.23,271.25,-726.25,-560.0,1,94.182,
01/01/2000,00:54:44.01,24.52,-55.63,-991.98,122.50,-708.75,-262.50,1,94.157,
01/01/2000,00:54:44.03,24.40,-56.36,-991.86,306.25,-647.50,-183.75,1,94.159,
01/01/2000,00:54:44.04,23.67,-56.36,-991.86,61.25,-743.75,-402.50,1,94.160,
01/01/2000,00:54:44.05,22.69,-56.49,-991.98,236.25,-700.0,-288.75,1,94.162,
01/01/2000,00:54:44.06,21.59,-56.24,-991.98,245.0,-717.50,-315.0,1,94.164,
01/01/2000,00:54:44.07,20.37,-55.88,-992.35,245.0,-665.0,-367.50,1,94.165,
01/01/2000,00:54:44.08,19.64,-55.63,-992.59,210.0,-726.25,-227.50,1,94.167,
01/01/2000,00:54:44.09,19.28,-55.63,-992.59,140.0,-647.50,-341.25,1,94.169,
01/01/2000,00:54:44.10,19.89,-56.12,-992.59,306.25,-630.0,-481.25,1,94.170,
01/01/2000,00:54:44.11,22.20,-56.24,-992.71,262.50,-586.25,-805.0,1,94.172,
01/01/2000,00:54:44.12,23.79,-55.88,-992.71,201.25,-787.50,-595.0,1,94.173,
01/01/2000,00:54:44.13,25.62,-56.00,-992.59,61.25,-700.0,-210.0,1,94.175,
01/01/2000,00:54:44.14,26.35,-56.61,-992.71,78.75,-708.75,-253.75,1,94.177,
01/01/2000,00:54:44.15,25.25,-56.61,-992.84,113.75,-691.25,-157.50,1,94.178,
01/01/2000,00:54:44.16,24.03,-56.61,-992.59,245.0,-691.25,-332.50,1,94.180,
01/01/2000,00:54:44.17,22.45,-56.36,-992.47,253.75,-726.25,-297.50,1,94.182,
01/01/2000,00:54:44.18,20.25,-55.39,-992.23,96.25,-743.75,-385.0,1,94.183,
01/01/2000,00:54:44.19,19.40,-55.39,-991.98,253.75,-691.25,-201.25,1,94.185,
01/01/2000,00:54:44.20,18.91,-55.63,-991.86,122.50,-726.25,-332.50,1,94.186,
01/01/2000,00:54:44.21,18.91,-56.00,-991.86,271.25,-673.75,-393.75,1,94.188,
01/01/2000,00:54:44.22,20.25,-56.24,-991.98,306.25,-673.75,-735.0,1,94.190,
01/01/2000,00:54:44.23,23.18,-56.12,-992.23,218.75,-717.50,-525.0,1,94.165,
01/01/2000,00:54:44.24,25.38,-55.63,-992.59,140.0,-726.25,35.0,1,94.167,
01/01/2000,00:54:44.25,25.99,-56.00,-992.71,262.50,-656.25,8.75,1,94.168,
01/01/2000,00:54:44.26,25.25,-56.49,-992.71,367.50,-717.50,-87.50,1,94.170,
01/01/2000,00:54:44.27,23.91,-56.12,-992.71,0.0,-752.50,-350.0,1,94.172,
01/01/2000,00:54:44.28,22.45,-56.12,-992.23,341.25,-577.50,-560.0,1,94.173,
01/01/2000,00:54:44.30,20.37,-55.39,-991.98,271.25,-595.0,-271.25,1,94.175,
01/01/2000,00:54:44.31,19.28,-55.02,-991.86,105.0,-761.25,-385.0,1,94.176,
01/01/2000,00:54:44.32,19.40,-55.39,-991.62,227.50,-630.0,-376.25,1,94.178,
01/01/2000,00:54:44.33,20.25,-55.63,-991.74,183.75,-717.50,-428.75,1,94.180,
01/01/2000,00:54:44.34,22.33,-55.75,-992.10,96.25,-612.50,-901.25,1,94.181,
01/01/2000,00:54:44.35,25.86,-55.88,-992.84,385.0,-717.50,-428.75,1,94.183,
01/01/2000,00:54:44.36,26.96,-55.63,-993.32,113.75,-796.25,-8.75,1,94.184,
01/01/2000,00:54:44.37,26.96,-56.24,-993.57,201.25,-708.75,-52.50,1,94.186,
01/01/2000,00:54:44.38,25.86,-56.36,-993.57,192.50,-647.50,-420.0,1,94.188,
01/01/2000,00:54:44.39,24.52,-55.63,-993.20,8.75,-682.50,-420.0,1,94.163,
01/01/2000,00:54:44.40,23.91,-55.63,-992.71,358.75,-665.0,-577.50,1,94.165,
01/01/2000,00:54:44.41,24.40,-54.90,-992.23,43.75,-525.0,-665.0,1,94.166,
01/01/2000,00:54:44.42,25.86,-55.14,-992.10,131.25,-560.0,-612.50,1,94.168,
01/01/2000,00:54:44.43,27.82,-55.63,-991.86,148.75,-682.50,-245.0,1,94.170,
01/01/2000,00:54:44.45,31.35,-56.61,-991.86,236.25,-796.25,-691.25,1,94.171,
01/01/2000,00:54:44.46,33.92,-56.24,-992.35,253.75,-796.25,-656.25,1,94.173,
01/01/2000,00:54:44.47,36.11,-55.88,-993.08,192.50,-752.50,-245.0,1,94.174,
01/01/2000,00:54:44.48,37.09,-55.63,-993.45,-8.75,-735.0,35.0,1,94.176,
01/01/2000,00:54:44.49,36.11,-56.12,-993.45,227.50,-700.0,201.25,1,94.178,
01/01/2000,00:54:44.50,34.40,-56.24,-993.20,70.0,-700.0,-262.50,1,94.179,
01/01/2000,00:54:44.51,32.33,-56.12,-992.10,332.50,-551.25,-603.75,1,94.181,
01/01/2000,00:54:44.53,33.31,-55.14,-991.13,122.50,-647.50,-761.25,1,94.157,
01/01/2000,00:54:44.54,35.99,-55.39,-991.13,175.0,-673.75,-455.0,1,94.158,
01/01/2000,00:54:44.55,40.26,-56.12,-992.23,271.25,-761.25,-411.25,1,94.160,
01/01/2000,00:54:44.56,42.70,-56.73,-992.96,166.25,-778.75,-262.50,1,94.161,
01/01/2000,00:54:44.57,43.68,-57.10,-993.32,96.25,-787.50,-175.0,1,94.163,
01/01/2000,00:54:44.58,42.70,-57.34,-993.32,201.25,-778.75,-113.75,1,94.165,
01/01/2000,00:54:44.59,39.65,-56.36,-992.84,227.50,-752.50,0.0,1,94.166,
01/01/2000,00:54:44.60,36.72,-55.75,-991.86,253.75,-778.75,-253.75,1,94.168,
01/01/2000,00:54:44.61,34.04,-55.51,-991.37,253.75,-568.75,-183.75,1,94.169,
01/01/2000,00:54:44.62,32.45,-55.39,-991.13,175.0,-665.0,-297.50,1,94.171,
01/01/2000,00:54:44.63,32.21,-56.24,-991.62,253.75,-603.75,-516.25,1,94.173,
01/01/2000,00:54:44.64,33.43,-56.36,-992.23,236.25,-708.75,-910.0,1,94.174,
01/01/2000,00:54:44.65,34.40,-56.49,-992.71,306.25,-770.0,-551.25,1,94.176,
01/01/2000,00:54:44.66,35.14,-56.36,-992.96,253.75,-787.50,-166.25,1,94.177,
01/01/2000,00:54:44.67,34.40,-56.12,-992.96,201.25,-743.75,-253.75,1,94.179,
01/01/2000,00:54:44.68,32.33,-56.00,-992.71,78.75,-717.50,-43.75,1,94.181,
01/01/2000,00:54:44.69,30.26,-56.24,-992.10,113.75,-752.50,-236.25,1,94.182,
01/01/2000,00:54:44.70,28.55,-56.36,-991.86,306.25,-621.25,-691.25,1,94.184,
01/01/2000,00:54:44.71,27.57,-55.63,-992.10,175.0,-647.50,-621.25,1,94.185,
01/01/2000,00:54:44.73,27.33,-56.00,-992.10,192.50,-656.25,-70.0,1,94.161,
01/01/2000,00:54:44.73,26.84,-56.24,-992.10,26.25,-682.50,-227.50,1,94.163,
01/01/2000,00:54:44.75,26.35,-56.73,-992.35,288.75,-805.0,-446.25,1,94.164,
01/01/2000,00:54:44.76,25.62,-56.61,-992.23,105.0,-708.75,-236.25,1,94.166,
01/01/2000,00:54:44.77,25.01,-56.12,-992.23,113.75,-752.50,-621.25,1,94.168,
01/01/2000,00:54:44.78,24.52,-55.75,-992.23,210.0,-691.25,-262.50,1,94.169,
01/01/2000,00:54:44.79,24.40,-55.63,-992.23,113.75,-770.0,-376.25,1,94.171,
01/01/2000,00:54:44.80,24.16,-56.12,-992.23,105.0,-682.50,-201.25,1,94.172,
01/01/2000,00:54:44.81,24.16,-56.61,-992.23,210.0,-647.50,-446.25,1,94.174,
01/01/2000,00:54:44.82,24.16,-56.61,-992.23,183.75,-656.25,-411.25,1,94.176,
01/01/2000,00:54:44.83,23.91,-56.12,-992.23,78.75,-726.25,-402.50,1,94.177,
01/01/2000,00:54:44.84,23.55,-55.88,-992.23,210.0,-708.75,-420.0,1,94.179,
01/01/2000,00:54:44.85,23.42,-55.75,-992.35,157.50,-682.50,-288.75,1,94.180,
01/01/2000,00:54:44.86,23.18,-55.88,-992.47,210.0,-770.0,-481.25,1,94.182,
01/01/2000,00:54:44.87,23.18,-56.36,-992.59,183.75,-638.75,-446.25,1,94.158,
01/01/2000,00:54:44.88,23.30,-56.12,-992.59,105.0,-673.75,-472.50,1,94.159,
01/01/2000,00:54:44.89,23.18,-56.12,-992.35,-26.25,-682.50,-245.0,1,94.161,
01/01/2000,00:54:44.90,23.06,-56.12,-992.59,43.75,-752.50,-516.25,1,94.163,
01/01/2000,00:54:44.91,22.94,-55.88,-992.59,148.75,-682.50,-376.25,1,94.164,
01/01/2000,00:54:44.92,22.94,-55.88,-992.71,157.50,-700.0,-306.25,1,94.166,
01/01/2000,00:54:44.94,22.81,-55.88,-992.59,245.0,-787.50,-297.50,1,94.167,
01/01/2000,00:54:44.95,22.94,-56.24,-992.59,113.75,-665.0,-411.25,1,94.169,
01/01/2000,00:54:44.96,22.81,-56.24,-992.59,175.0,-682.50,-367.50,1,94.171,
01/01/2000,00:54:44.97,22.69,-56.12,-992.59,183.75,-857.50,-437.50,1,94.172,
01/01/2000,00:54:44.98,22.69,-56.12,-992.84,183.75,-682.50,-420.0,1,94.174,
01/01/2000,00:54:44.99,22.69,-55.75,-992.84,157.50,-796.25,-306.25,1,94.175,
01/01/2000,00:54:45.00,22.69,-55.63,-992.59,61.25,-691.25,-280.0,1,94.177,
01/01/2000,00:54:45.01,23.42,-55.88,-992.35,245.0,-621.25,-525.0,1,94.178,
01/01/2000,00:54:45.02,24.40,-55.88,-992.35,236.25,-656.25,-516.25,1,94.180,
01/01/2000,00:54:45.03,26.11,-56.00,-992.59,43.75,-656.25,-393.75,1,94.156,
01/01/2000,00:54:45.05,27.45,-55.88,-992.59,96.25,-647.50,-367.50,1,94.158,
01/01/2000,00:54:45.06,29.52,-55.75,-991.74,236.25,-665.0,-568.75,1,94.159,
01/01/2000,00:54:45.07,31.11,-55.63,-991.98,113.75,-673.75,-647.50,1,94.161,
01/01/2000,00:54:45.08,33.18,-55.88,-992.59,201.25,-586.25,-525.0,1,94.162,
01/01/2000,00:54:45.09,34.89,-56.12,-993.57,175.0,-682.50,-166.25,1,94.164,
01/01/2000,00:54:45.10,36.11,-56.24,-993.69,61.25,-708.75,-323.75,1,94.166,
01/01/2000,00:54:45.11,35.75,-56.36,-993.08,210.0,-700.0,-236.25,1,94.167,
01/01/2000,00:54:45.12,35.14,-55.88,-992.47,183.75,-656.25,-385.0,1,94.169,
01/01/2000,00:54:45.13,34.89,-55.63,-991.86,157.50,-656.25,-367.50,1,94.170,
01/01/2000,00:54:45.14,35.38,-55.39,-991.49,332.50,-621.25,-595.0,1,94.172,
01/01/2000,00:54:45.15,36.60,-55.39,-991.74,183.75,-542.50,-638.75,1,94.173,
01/01/2000,00:54:45.16,38.43,-55.63,-992.10,166.25,-761.25,-717.50,1,94.175,
01/01/2000,00:54:45.17,41.24,-56.12,-992.35,236.25,-630.0,-595.0,1,94.177,
01/01/2000,00:54:45.18,42.21,-56.12,-992.59,78.75,-778.75,-306.25,1,94.178,
01/01/2000,00:54:45.19,42.33,-56.49,-992.47,61.25,-778.75,-306.25,1,94.180,
01/01/2000,00:54:45.20,41.24,-56.36,-992.35,-8.75,-752.50,-245.0,1,94.181,
01/01/2000,00:54:45.21,39.53,-56.00,-992.10,157.50,-717.50,-288.75,1,94.183,
01/01/2000,00:54:45.22,36.23,-55.39,-991.86,157.50,-752.50,-253.75,1,94.159,
01/01/2000,00:54:45.23,33.43,-55.51,-991.62,43.75,-717.50,-218.75,1,94.161,
01/01/2000,00:54:45.24,32.21,-55.51,-991.49,131.25,-717.50,-385.0,1,94.162,
01/01/2000,00:54:45.25,32.09,-55.63,-991.49,236.25,-603.75,-691.25,1,94.164,
01/01/2000,00:54:45.26,32.94,-55.39,-991.74,201.25,-708.75,-910.0,1,94.165,
01/01/2000,00:54:45.27,35.14,-55.14,-992.35,218.75,-673.75,-700.0,1,94.167,
01/01/2000,00:54:45.29,35.62,-56.00,-992.35,17.50,-805.0,70.0,1,94.168,
01/01/2000,00:54:45.30,34.04,-56.36,-991.98,-70.0,-700.0,105.0,1,94.170,
01/01/2000,00:54:45.31,31.23,-56.61,-991.74,70.0,-778.75,-183.75,1,94.172,
01/01/2000,00:54:45.32,27.94,-56.61,-991.49,166.25,-778.75,-385.0,1,94.173,
01/01/2000,00:54:45.33,25.38,-55.88,-991.37,245.0,-665.0,-647.50,1,94.175,
01/01/2000,00:54:45.34,23.79,-54.53,-991.86,323.75,-603.75,-656.25,1,94.176,
01/01/2000,00:54:45.35,24.28,-54.41,-992.35,157.50,-577.50,-507.50,1,94.178,
01/01/2000,00:54:45.36,26.47,-55.63,-992.59,148.75,-656.25,-227.50,1,94.179,
01/01/2000,00:54:45.37,28.06,-56.61,-992.59,148.75,-682.50,-411.25,1,94.181,
01/01/2000,00:54:45.38,29.28,-57.10,-992.84,87.50,-770.0,-533.75,1,94.183,
01/01/2000,00:54:45.39,29.65,-56.61,-993.08,105.0,-787.50,-463.75,1,94.184,
01/01/2000,00:54:45.40,28.18,-55.75,-993.08,140.0,-805.0,-245.0,1,94.186,
01/01/2000,00:54:45.41,25.74,-55.39,-992.84,70.0,-813.75,227.50,1,94.187,
01/01/2000,00:54:45.42,22.94,-55.39,-992.35,26.25,-787.50,227.50,1,94.189,
01/01/2000,00:54:45.43,19.40,-56.00,-991.98,148.75,-595.0,-595.0,1,94.165,
01/01/2000,00:54:45.44,18.67,-55.88,-991.86,192.50,-586.25,-910.0,1,94.167,
01/01/2000,00:54:45.46,20.62,-55.63,-992.10,157.50,-691.25,-735.0,1,94.168,
01/01/2000,00:54:45.46,22.69,-55.63,-992.23,192.50,-717.50,-595.0,1,94.170,
01/01/2000,00:54:45.48,24.52,-55.88,-992.35,70.0,-595.0,-323.75,1,94.171,
01/01/2000,00:54:45.49,25.86,-56.36,-992.35,122.50,-778.75,-446.25,1,94.173,
01/01/2000,00:54:45.50,26.47,-56.49,-992.59,332.50,-883.75,-350.0,1,94.174,
01/01/2000,00:54:45.51,26.35,-56.00,-992.84,96.25,-840.0,-358.75,1,94.176,
01/01/2000,00:54:45.52,25.01,-55.51,-992.96,253.75,-630.0,-175.0,1,94.178,
01/01/2000,00:54:45.53,23.06,-55.27,-992.71,166.25,-778.75,122.50,1,94.179,
01/01/2000,00:54:45.54,20.86,-55.75,-992.10,105.0,-673.75,-315.0,1,94.155,
01/01/2000,00:54:45.55,19.76,-55.88,-991.86,262.50,-647.50,-682.50,1,94.157,
01/01/2000,00:54:45.56,20.01,-55.39,-992.10,-70.0,-603.75,-542.50,1,94.159,
01/01/2000,00:54:45.58,21.59,-55.39,-992.23,131.25,-647.50,-525.0,1,94.160,
01/01/2000,00:54:45.59,23.06,-55.27,-992.59,157.50,-840.0,-253.75,1,94.162,
01/01/2000,00:54:45.60,24.64,-55.88,-992.47,43.75,-708.75,-253.75,1,94.163,
01/01/2000,00:54:45.61,25.38,-56.36,-992.47,140.0,-761.25,-411.25,1,94.165,
01/01/2000,00:54:45.62,25.38,-56.49,-992.59,201.25,-761.25,-367.50,1,94.166,
01/01/2000,00:54:45.63,24.52,-56.12,-992.59,175.0,-752.50,-402.50,1,94.168,
01/01/2000,00:54:45.64,23.67,-55.88,-992.59,52.50,-752.50,-227.50,1,94.170,
01/01/2000,00:54:45.65,21.47,-55.39,-992.59,70.0,-743.75,-70.0,1,94.171,
01/01/2000,00:54:45.66,20.01,-55.39,-992.59,175.0,-638.75,8.75,1,94.173,
01/01/2000,00:54:45.67,19.03,-55.51,-992.35,113.75,-638.75,-516.25,1,94.174,
01/01/2000,00:54:45.68,19.03,-55.51,-992.59,245.0,-560.0,-490.0,1,94.176,
01/01/2000,00:54:45.69,20.25,-55.51,-992.59,70.0,-778.75,-542.50,1,94.177,
01/01/2000,00:54:45.70,22.08,-55.51,-992.35,131.25,-708.75,-568.75,1,94.179,
01/01/2000,00:54:45.71,24.89,-55.63,-992.23,61.25,-647.50,-113.75,1,94.180,
01/01/2000,00:54:45.72,26.11,-56.12,-991.98,96.25,-796.25,-402.50,1,94.182,
01/01/2000,00:54:45.73,26.72,-56.36,-991.74,96.25,-638.75,-332.50,1,94.184,
01/01/2000,00:54:45.74,26.35,-56.12,-991.62,8.75,-761.25,-262.50,1,94.185,
01/01/2000,00:54:45.75,25.38,-55.88,-991.98,96.25,-700.0,-183.75,1,94.187,
01/01/2000,00:54:45.76,23.67,-55.63,-992.35,218.75,-875.0,-8.75,1,94.188,
01/01/2000,00:54:45.77,20.98,-55.75,-992.35,245.0,-743.75,61.25,1,94.190,
01/01/2000,00:54:45.78,18.06,-55.51,-992.47,175.0,-612.50,-656.25,1,94.166,
01/01/2000,00:54:45.79,17.57,-55.02,-992.59,175.0,-735.0,-638.75,1,94.168,
01/01/2000,00:54:45.81,19.15,-54.90,-992.59,78.75,-673.75,-621.25,1,94.169,
01/01/2000,00:54:45.81,21.11,-55.27,-992.47,183.75,-673.75,-288.75,1,94.171,
01/01/2000,00:54:45.83,23.06,-55.39,-992.23,87.50,-743.75,-210.0,1,94.172,
01/01/2000,00:54:45.84,24.64,-56.12,-991.86,166.25,-761.25,-376.25,1,94.174,
01/01/2000,00:54:45.85,25.86,-56.49,-991.86,70.0,-726.25,-411.25,1,94.176,
01/01/2000,00:54:45.86,25.13,-56.12,-992.10,70.0,-822.50,-78.75,1,94.177,
01/01/2000,00:54:45.87,23.67,-55.75,-992.10,87.50,-717.50,-26.25,1,94.179,
01/01/2000,00:54:45.88,21.84,-55.39,-992.35,175.0,-778.75,-157.50,1,94.180,
01/01/2000,00:54:45.89,20.25,-55.02,-992.35,140.0,-577.50,-385.0,1,94.182,
01/01/2000,00:54:45.90,19.64,-55.14,-992.59,183.75,-700.0,-428.75,1,94.183,
01/01/2000,00:54:45.91,20.25,-55.39,-992.47,43.75,-577.50,-498.75,1,94.185,
01/01/2000,00:54:45.92,21.35,-55.63,-992.10,175.0,-805.0,-376.25,1,94.186,
01/01/2000,00:54:45.93,23.30,-55.88,-991.74,8.75,-665.0,-393.75,1,94.163,
01/01/2000,00:54:45.94,24.40,-55.88,-991.49,201.25,-813.75,-350.0,1,94.164,
01/01/2000,00:54:45.95,25.38,-55.88,-991.62,87.50,-717.50,-227.50,1,94.166,
01/01/2000,00:54:45.96,25.62,-55.63,-992.35,122.50,-743.75,-358.75,1,94.168,
01/01/2000,00:54:45.97,24.64,-55.88,-992.47,148.75,-717.50,-96.25,1,94.169,
01/01/2000,00:54:45.98,22.57,-55.63,-992.23,148.75,-796.25,105.0,1,94.171,
01/01/2000,00:54:46.00,19.40,-55.63,-991.62,210.0,-621.25,-113.75,1,94.172,
01/01/2000,00:54:46.01,18.30,-55.51,-991.62,140.0,-638.75,-665.0,1,94.174,
01/01/2000,00:54:46.02,18.30,-55.14,-992.47,148.75,-595.0,-507.50,1,94.175,
01/01/2000,00:54:46.03,20.01,-55.14,-992.96,245.0,-551.25,-376.25,1,94.177,
01/01/2000,00:54:46.04,21.47,-55.39,-992.23,315.0,-665.0,-280.0,1,94.178,
01/01/2000,00:54:46.05,23.55,-55.75,-990.64,105.0,-831.25,-227.50,1,94.180,
01/01/2000,00:54:46.06,24.77,-56.24,-990.52,218.75,-726.25,-446.25,1,94.181,
01/01/2000,00:54:46.07,25.86,-56.12,-991.49,78.75,-743.75,-437.50,1,94.158,
01/01/2000,00:54:46.08,26.11,-55.75,-992.10,87.50,-682.50,-297.50,1,94.160,
01/01/2000,00:54:46.09,25.38,-55.39,-991.86,113.75,-717.50,113.75,1,94.161,
01/01/2000,00:54:46.10,23.30,-55.27,-991.13,52.50,-726.25,175.0,1,94.163,
01/01/2000,00:54:46.11,20.74,-55.63,-991.86,105.0,-603.75,-280.0,1,94.164,
01/01/2000,00:54:46.12,19.89,-55.88,-993.69,105.0,-761.25,-708.75,1,94.166,
01/01/2000,00:54:46.13,19.40,-55.88,-995.28,218.75,-665.0,-621.25,1,94.167,
01/01/2000,00:54:46.14,19.89,-55.14,-995.28,262.50,-568.75,-367.50,1,94.169,
01/01/2000,00:54:46.15,20.74,-54.90,-993.81,105.0,-673.75,-306.25,1,94.170,
01/01/2000,00:54:46.16,21.96,-55.02,-992.35,192.50,-630.0,-280.0,1,94.172,
01/01/2000,00:54:46.17,22.94,-55.39,-991.25,297.50,-700.0,-236.25,1,94.173,
01/01/2000,00:54:46.19,24.28,-56.36,-991.37,201.25,-805.0,-560.0,1,94.175,
01/01/2000,00:54:46.19,26.11,-56.36,-992.23,210.0,-831.25,-603.75,1,94.177,
01/01/2000,00:54:46.21,25.74,-55.75,-993.32,96.25,-778.75,-43.75,1,94.178,
01/01/2000,00:54:46.22,24.16,-55.63,-993.20,210.0,-743.75,140.0,1,94.180,
01/01/2000,00:54:46.23,21.96,-55.27,-992.71,253.75,-682.50,-35.0,1,94.181,
01/01/2000,00:54:46.24,19.52,-55.14,-992.35,87.50,-822.50,-446.25,1,94.183,
01/01/2000,00:54:46.25,18.30,-55.27,-992.10,78.75,-586.25,-656.25,1,94.184,
01/01/2000,00:54:46.26,19.03,-55.39,-992.59,210.0,-551.25,-656.25,1,94.186,
01/01/2000,00:54:46.27,20.86,-55.14,-992.84,175.0,-673.75,-656.25,1,94.187,
01/01/2000,00:54:46.28,23.79,-55.39,-992.10,140.0,-726.25,-218.75,1,94.164,
01/01/2000,00:54:46.29,25.13,-55.63,-991.13,43.75,-700.0,-218.75,1,94.166,
01/01/2000,00:54:46.30,25.62,-56.00,-990.15,87.50,-778.75,-315.0,1,94.167,
01/01/2000,00:54:46.31,25.62,-56.00,-990.15,262.50,-717.50,-525.0,1,94.169,
01/01/2000,00:54:46.32,24.89,-55.75,-990.88,201.25,-752.50,-245.0,1,94.170,
01/01/2000,00:54:46.33,23.42,-55.14,-991.74,227.50,-787.50,-96.25,1,94.172,
01/01/2000,00:54:46.34,21.23,-55.39,-992.35,218.75,-770.0,-43.75,1,94.173,
01/01/2000,00:54:46.36,18.67,-55.27,-993.08,113.75,-603.75,-507.50,1,94.175,
01/01/2000,00:54:46.37,18.30,-55.02,-993.08,192.50,-595.0,-533.75,1,94.176,
01/01/2000,00:54:46.38,19.89,-55.02,-992.96,227.50,-586.25,-708.75,1,94.178,
01/01/2000,00:54:46.39,21.72,-55.14,-992.59,166.25,-805.0,-420.0,1,94.179,
01/01/2000,00:54:46.40,23.55,-55.39,-992.10,201.25,-726.25,-175.0,1,94.181,
01/01/2000,00:54:46.41,24.64,-55.75,-991.62,122.50,-708.75,-148.75,1,94.182,
01/01/2000,00:54:46.42,24.64,-56.61,-991.37,157.50,-743.75,-437.50,1,94.184,
01/01/2000,00:54:46.43,24.03,-56.36,-991.86,227.50,-761.25,-472.50,1,94.185,
01/01/2000,00:54:46.44,23.55,-55.51,-992.59,17.50,-726.25,-411.25,1,94.187,
01/01/2000,00:54:46.45,22.69,-55.14,-993.08,236.25,-691.25,-175.0,1,94.188,
01/01/2000,00:54:46.46,21.47,-54.78,-993.08,166.25,-691.25,-8.75,1,94.190,
01/01/2000,00:54:46.47,20.50,-55.51,-992.84,201.25,-595.0,-280.0,1,94.192,
01/01/2000,00:54:46.48,20.01,-55.63,-992.84,201.25,-700.0,-551.25,1,94.193,
01/01/2000,00:54:46.49,21.47,-56.00,-992.59,210.0,-612.50,-586.25,1,94.170,
01/01/2000,00:54:46.50,22.81,-55.63,-992.59,175.0,-691.25,-595.0,1,94.171,
01/01/2000,00:54:46.51,24.03,-55.51,-992.23,113.75,-726.25,-253.75,1,94.173,
01/01/2000,00:54:46.52,24.52,-55.39,-991.74,52.50,-752.50,-87.50,1,94.175,
01/01/2000,00:54:46.53,24.40,-55.88,-991.49,113.75,-743.75,-227.50,1,94.176,
01/01/2000,00:54:46.54,24.16,-56.00,-991.62,122.50,-691.25,-385.0,1,94.178,
01/01/2000,00:54:46.55,23.91,-55.88,-991.98,131.25,-726.25,-332.50,1,94.179,
01/01/2000,00:54:46.57,21.96,-55.63,-992.10,131.25,-778.75,-43.75,1,94.156,
01/01/2000,00:54:46.58,20.50,-55.63,-992.10,183.75,-612.50,-385.0,1,94.158,
01/01/2000,00:54:46.59,19.40,-55.39,-992.71,96.25,-717.50,-481.25,1,94.159,
01/01/2000,00:54:46.60,19.64,-55.27,-993.08,122.50,-700.0,-516.25,1,94.161,
01/01/2000,00:54:46.61,20.50,-55.39,-993.32,236.25,-621.25,-437.50,1,94.162,
01/01/2000,00:54:46.62,21.72,-55.39,-993.08,166.25,-603.75,-323.75,1,94.164,
01/01/2000,00:54:46.64,23.67,-55.75,-992.10,236.25,-726.25,-288.75,1,94.165,
01/01/2000,00:54:46.65,24.28,-55.88,-991.62,148.75,-796.25,-315.0,1,94.167,
01/01/2000,00:54:46.66,24.64,-56.00,-991.37,105.0,-717.50,-472.50,1,94.168,
01/01/2000,00:54:46.67,25.13,-55.88,-991.62,148.75,-630.0,-446.25,1,94.170,
01/01/2000,00:54:46.68,25.01,-55.39,-991.86,61.25,-682.50,-332.50,1,94.171,
01/01/2000,00:54:46.69,24.03,-55.27,-992.10,8.75,-787.50,-131.25,1,94.173,
01/01/2000,00:54:46.70,22.69,-55.39,-992.10,236.25,-743.75,157.50,1,94.174,
01/01/2000,00:54:46.71,19.76,-55.75,-992.23,236.25,-656.25,-262.50,1,94.176,
01/01/2000,00:54:46.72,18.67,-55.75,-992.71,43.75,-656.25,-551.25,1,94.177,
01/01/2000,00:54:46.73,18.54,-55.51,-993.32,140.0,-787.50,-656.25,1,94.179,
01/01/2000,00:54:46.74,19.76,-55.14,-993.45,43.75,-752.50,-726.25,1,94.180,
01/01/2000,00:54:46.75,21.23,-54.78,-992.71,87.50,-665.0,-166.25,1,94.182,
01/01/2000,00:54:46.76,23.67,-54.90,-991.86,113.75,-673.75,61.25,1,94.183,
01/01/2000,00:54:46.77,24.28,-55.51,-990.76,166.25,-787.50,-262.50,1,94.185,
01/01/2000,00:54:46.78,24.64,-55.88,-990.27,148.75,-708.75,-367.50,1,94.186,
01/01/2000,00:54:46.79,24.52,-55.88,-990.64,78.75,-805.0,-411.25,1,94.188,
01/01/2000,00:54:46.80,23.42,-55.75,-991.13,210.0,-813.75,-87.50,1,94.189,
01/01/2000,00:54:46.81,21.11,-55.27,-991.98,140.0,-770.0,-201.25,1,94.191,
01/01/2000,00:54:46.82,20.25,-55.02,-992.59,350.0,-752.50,-385.0,1,94.192,
01/01/2000,00:54:46.83,19.76,-54.66,-993.08,43.75,-560.0,-341.25,1,94.194,
01/01/2000,00:54:46.84,21.35,-54.78,-993.20,262.50,-691.25,-507.50,1,94.171,
01/01/2000,00:54:46.85,23.30,-54.90,-993.08,210.0,-673.75,-420.0,1,94.172,
01/01/2000,00:54:46.86,25.01,-55.14,-991.98,201.25,-752.50,-157.50,1,94.174,
01/01/2000,00:54:46.87,25.86,-55.75,-990.88,-26.25,-805.0,-201.25,1,94.176,
01/01/2000,00:54:46.89,25.25,-56.12,-990.52,113.75,-752.50,-201.25,1,94.177,
01/01/2000,00:54:46.90,24.52,-55.63,-990.64,140.0,-770.0,-428.75,1,94.179,
01/01/2000,00:54:46.91,23.67,-55.51,-991.37,288.75,-761.25,-315.0,1,94.180,
01/01/2000,00:54:46.92,21.84,-54.53,-992.84,52.50,-647.50,-192.50,1,94.182,
01/01/2000,00:54:46.93,19.52,-54.90,-993.69,166.25,-665.0,17.50,1,94.183,
01/01/2000,00:54:46.94,18.54,-55.14,-993.93,183.75,-717.50,-411.25,1,94.185,
01/01/2000,00:54:46.95,18.79,-55.27,-993.81,376.25,-568.75,-568.75,1,94.186,
01/01/2000,00:54:46.96,19.89,-55.14,-993.32,70.0,-717.50,-717.50,1,94.188,
01/01/2000,00:54:46.97,21.84,-55.39,-992.59,253.75,-560.0,-323.75,1,94.189,
01/01/2000,00:54:46.98,23.91,-54.90,-990.76,78.75,-743.75,-280.0,1,94.191,
01/01/2000,00:54:46.99,24.64,-55.63,-989.66,131.25,-743.75,-26.25,1,94.168,
01/01/2000,00:54:47.00,24.64,-55.75,-990.15,70.0,-892.50,-428.75,1,94.169,
01/01/2000,00:54:47.01,24.40,-55.63,-991.37,262.50,-717.50,-498.75,1,94.171,
01/01/2000,00:54:47.02,24.28,-55.27,-992.47,148.75,-647.50,-236.25,1,94.172,
01/01/2000,00:54:47.03,23.30,-54.78,-993.32,140.0,-700.0,-96.25,1,94.174,
01/01/2000,00:54:47.04,21.11,-54.66,-993.32,87.50,-682.50,0.0,1,94.175,
01/01/2000,00:54:47.05,19.76,-55.02,-993.08,140.0,-717.50,-175.0,1,94.177,
01/01/2000,00:54:47.06,19.28,-55.14,-993.08,8.75,-638.75,-542.50,1,94.178,
01/01/2000,00:54:47.07,20.25,-55.63,-993.32,166.25,-796.25,-481.25,1,94.180,
01/01/2000,00:54:47.09,22.20,-55.39,-992.84,192.50,-735.0,-420.0,1,94.181,
01/01/2000,00:54:47.10,23.06,-55.39,-992.10,201.25,-770.0,-236.25,1,94.183,
01/01/2000,00:54:47.11,23.42,-55.27,-991.37,148.75,-752.50,-131.25,1,94.184,
01/01/2000,00:54:47.12,23.42,-55.63,-991.01,192.50,-735.0,-358.75,1,94.186,
01/01/2000,00:54:47.13,23.91,-55.63,-991.37,61.25,-612.50,-463.75,1,94.187,
01/01/2000,00:54:47.14,24.03,-55.39,-991.86,341.25,-787.50,-253.75,1,94.189,
01/01/2000,00:54:47.15,23.30,-55.14,-992.10,175.0,-778.75,78.75,1,94.190,
01/01/2000,00:54:47.16,21.47,-55.39,-992.35,148.75,-630.0,-166.25,1,94.192,
01/01/2000,00:54:47.17,20.01,-55.63,-992.59,148.75,-682.50,-323.75,1,94.193,
01/01/2000,00:54:47.18,19.40,-55.51,-993.08,70.0,-708.75,-472.50,1,94.195,
01/01/2000,00:54:47.19,19.76,-55.39,-993.81,140.0,-735.0,-542.50,1,94.196,
01/01/2000,00:54:47.20,21.35,-54.90,-993.69,175.0,-542.50,-437.50,1,94.174,
01/01/2000,00:54:47.21,22.69,-54.90,-993.08,192.50,-752.50,-236.25,1,94.175,
01/01/2000,00:54:47.22,23.91,-55.14,-991.98,183.75,-533.75,-402.50,1,94.176,
01/01/2000,00:54:47.23,24.77,-55.63,-990.27,70.0,-796.25,-315.0,1,94.178,
01/01/2000,00:54:47.24,25.38,-55.88,-989.91,183.75,-761.25,-402.50,1,94.179,
01/01/2000,00:54:47.25,25.38,-56.00,-990.15,306.25,-761.25,-437.50,1,94.181,
01/01/2000,00:54:47.27,23.06,-55.39,-990.88,201.25,-831.25,87.50,1,94.182,
01/01/2000,00:54:47.28,21.35,-55.39,-991.49,26.25,-717.50,-61.25,1,94.184,
01/01/2000,00:54:47.29,19.64,-55.39,-992.59,218.75,-525.0,-586.25,1,94.185,
01/01/2000,00:54:47.30,18.91,-54.53,-994.30,122.50,-673.75,-350.0,1,94.187,
01/01/2000,00:54:47.31,19.76,-54.66,-994.54,288.75,-673.75,-306.25,1,94.188,
01/01/2000,00:54:47.32,20.74,-54.90,-993.93,210.0,-621.25,-402.50,1,94.190,
01/01/2000,00:54:47.33,21.84,-54.90,-992.84,227.50,-595.0,-262.50,1,94.191,
01/01/2000,00:54:47.34,23.91,-55.88,-989.91,341.25,-813.75,-463.75,1,94.169,
01/01/2000,00:54:47.35,24.40,-55.88,-989.42,61.25,-892.50,-455.0,1,94.170,
01/01/2000,00:54:47.36,24.77,-55.75,-989.54,87.50,-752.50,-358.75,1,94.172,
01/01/2000,00:54:47.37,24.16,-55.39,-990.52,113.75,-813.75,-113.75,1,94.173,
01/01/2000,00:54:47.38,22.45,-55.02,-991.37,87.50,-665.0,-17.50,1,94.175,
01/01/2000,00:54:47.39,20.86,-55.39,-992.35,315.0,-770.0,-122.50,1,94.176,
01/01/2000,00:54:47.40,19.76,-55.14,-993.32,201.25,-770.0,-560.0,1,94.178,
01/01/2000,00:54:47.42,19.89,-54.90,-994.30,52.50,-638.75,-665.0,1,94.179,
01/01/2000,00:54:47.43,20.98,-54.90,-994.18,192.50,-595.0,-306.25,1,94.181,
01/01/2000,00:54:47.44,22.69,-55.14,-993.08,218.75,-735.0,-192.50,1,94.182,
01/01/2000,00:54:47.45,23.42,-55.14,-991.98,0.0,-700.0,-253.75,1,94.184,
01/01/2000,00:54:47.46,24.16,-56.00,-990.88,271.25,-691.25,-385.0,1,94.185,
01/01/2000,00:54:47.47,24.40,-55.75,-990.40,166.25,-708.75,-437.50,1,94.187,
01/01/2000,00:54:47.48,24.16,-55.39,-990.76,61.25,-813.75,-166.25,1,94.188,
01/01/2000,00:54:47.49,23.06,-55.27,-991.25,78.75,-770.0,8.75,1,94.190,
01/01/2000,00:54:47.50,19.76,-55.02,-992.10,61.25,-761.25,35.0,1,94.191,
01/01/2000,00:54:47.51,17.81,-55.27,-993.32,78.75,-778.75,-253.75,1,94.193,
01/01/2000,00:54:47.52,16.23,-55.39,-994.42,271.25,-735.0,-490.0,1,94.194,
01/01/2000,00:54:47.53,15.49,-55.14,-995.03,183.75,-577.50,-525.0,1,94.196,
01/01/2000,00:54:47.54,14.76,-55.39,-994.42,166.25,-743.75,-280.0,1,94.197,
01/01/2000,00:54:47.55,13.91,-55.27,-992.47,43.75,-586.25,-245.0,1,94.175,
01/01/2000,00:54:47.56,13.18,-55.39,-991.13,166.25,-708.75,-280.0,1,94.176,
01/01/2000,00:54:47.57,12.69,-55.63,-990.40,61.25,-831.25,-280.0,1,94.177,
01/01/2000,00:54:47.58,12.69,-55.75,-990.40,280.0,-665.0,-542.50,1,94.179,
01/01/2000,00:54:47.60,13.54,-55.51,-991.37,157.50,-735.0,-253.75,1,94.180,
01/01/2000,00:54:47.61,13.54,-55.14,-991.86,166.25,-665.0,-236.25,1,94.182,
01/01/2000,00:54:47.62,12.20,-55.39,-991.49,367.50,-813.75,157.50,1,94.183,
01/01/2000,00:54:47.63,10.49,-55.14,-991.25,140.0,-700.0,113.75,1,94.185,
01/01/2000,00:54:47.64,7.56,-56.00,-991.86,323.75,-752.50,-402.50,1,94.186,
01/01/2000,00:54:47.65,6.10,-55.63,-993.08,166.25,-673.75,-455.0,1,94.188,
01/01/2000,00:54:47.66,4.64,-55.63,-993.93,210.0,-691.25,-183.75,1,94.189,
01/01/2000,00:54:47.67,3.78,-55.39,-994.18,157.50,-691.25,-402.50,1,94.191,
01/01/2000,00:54:47.68,2.93,-55.02,-993.32,218.75,-656.25,-236.25,1,94.168,
01/01/2000,00:54:47.69,3.29,-54.78,-992.35,183.75,-586.25,-358.75,1,94.170,
01/01/2000,00:54:47.70,4.39,-54.90,-991.37,236.25,-735.0,-297.50,1,94.171,
01/01/2000,00:54:47.71,6.10,-55.02,-990.88,157.50,-691.25,-446.25,1,94.173,
01/01/2000,00:54:47.72,8.78,-55.75,-990.76,183.75,-673.75,-175.0,1,94.174,
01/01/2000,00:54:47.73,10.00,-56.12,-990.88,192.50,-717.50,-306.25,1,94.176,
01/01/2000,00:54:47.74,10.86,-56.12,-991.13,201.25,-787.50,-411.25,1,94.177,
01/01/2000,00:54:47.75,10.86,-56.00,-991.25,96.25,-813.75,26.25,1,94.179,
01/01/2000,00:54:47.76,10.49,-55.51,-991.86,166.25,-656.25,-148.75,1,94.180,
01/01/2000,00:54:47.77,10.37,-55.39,-992.59,271.25,-656.25,-262.50,1,94.182,
01/01/2000,00:54:47.78,10.37,-55.14,-993.32,157.50,-840.0,-341.25,1,94.183,
01/01/2000,00:54:47.79,10.86,-55.14,-993.69,218.75,-542.50,-350.0,1,94.185,
01/01/2000,00:54:47.80,13.18,-55.63,-993.81,367.50,-665.0,-402.50,1,94.186,
01/01/2000,00:54:47.81,14.88,-55.63,-993.45,131.25,-726.25,-332.50,1,94.188,
01/01/2000,00:54:47.83,16.35,-56.00,-992.59,87.50,-682.50,-78.75,1,94.189,
01/01/2000,00:54:47.84,17.57,-56.12,-991.13,78.75,-743.75,-297.50,1,94.190,
01/01/2000,00:54:47.85,17.93,-56.00,-990.76,131.25,-726.25,-411.25,1,94.192,
01/01/2000,00:54:47.86,18.91,-55.63,-991.49,210.0,-726.25,-376.25,1,94.193,
01/01/2000,00:54:47.87,19.28,-55.39,-992.10,210.0,-665.0,-192.50,1,94.195,
01/01/2000,00:54:47.88,19.15,-55.14,-992.35,183.75,-638.75,26.25,1,94.196,
01/01/2000,00:54:47.89,19.28,-55.14,-992.35,280.0,-665.0,-43.75,1,94.198,
01/01/2000,00:54:47.90,19.52,-55.14,-992.23,140.0,-647.50,-315.0,1,94.175,
01/01/2000,00:54:47.91,20.01,-55.39,-992.10,140.0,-700.0,-236.25,1,94.177,
01/01/2000,00:54:47.92,20.50,-55.63,-991.86,70.0,-726.25,-315.0,1,94.178,
01/01/2000,00:54:47.93,20.62,-55.75,-991.86,105.0,-691.25,-315.0,1,94.180,
01/01/2000,00:54:47.94,20.86,-55.88,-991.86,175.0,-761.25,-393.75,1,94.181,
01/01/2000,00:54:47.95,21.11,-55.63,-991.98,105.0,-708.75,-411.25,1,94.183,
01/01/2000,00:54:47.96,21.11,-55.51,-992.10,105.0,-665.0,-227.50,1,94.184,
01/01/2000,00:54:47.98,20.98,-55.27,-992.10,227.50,-770.0,-8.75,1,94.186,
01/01/2000,00:54:47.99,21.11,-55.14,-992.10,96.25,-778.75,-236.25,1,94.187,
01/01/2000,00:54:48.00,21.23,-55.39,-992.23,175.0,-735.0,-315.0,1,94.189,
01/01/2000,00:54:48.01,21.47,-55.63,-992.23,218.75,-761.25,-218.75,1,94.190,
01/01/2000,00:54:48.02,21.47,-55.51,-991.98,323.75,-743.75,-385.0,1,94.192,
01/01/2000,00:54:48.03,21.59,-55.51,-991.98,175.0,-630.0,-367.50,1,94.193,
01/01/2000,00:54:48.04,21.72,-55.39,-992.23,218.75,-735.0,-341.25,1,94.195,
01/01/2000,00:54:48.05,21.96,-55.27,-992.47,140.0,-481.25,-323.75,1,94.196,
01/01/2000,00:54:48.06,21.72,-55.51,-992.47,245.0,-708.75,-253.75,1,94.197,
01/01/2000,00:54:48.07,21.84,-55.39,-992.35,43.75,-673.75,-227.50,1,94.199,
01/01/2000,00:54:48.08,21.96,-55.51,-992.35,175.0,-805.0,-253.75,1,94.200,
01/01/2000,00:54:48.09,21.96,-55.39,-992.35,78.75,-603.75,-218.75,1,94.202,
01/01/2000,00:54:48.10,20.37,-55.75,-992.23,122.50,-726.25,166.25,1,94.180,
01/01/2000,00:54:48.12,19.28,-55.75,-992.23,166.25,-612.50,-192.50,1,94.181,
01/01/2000,00:54:48.13,17.93,-55.63,-992.35,481.25,-621.25,-463.75,1,94.183,
01/01/2000,00:54:48.14,17.08,-54.66,-992.35,-52.50,-726.25,-420.0,1,94.184,
01/01/2000,00:54:48.15,15.98,-55.02,-992.10,367.50,-621.25,166.25,1,94.185,
01/01/2000,00:54:48.16,14.64,-54.90,-991.62,96.25,-673.75,148.75,1,94.187,
01/01/2000,00:54:48.17,11.83,-55.51,-991.49,253.75,-761.25,-61.25,1,94.188,
01/01/2000,00:54:48.18,10.61,-55.88,-992.10,148.75,-700.0,-367.50,1,94.190,
01/01/2000,00:54:48.19,9.76,-56.12,-992.84,236.25,-638.75,-463.75,1,94.191,
01/01/2000,00:54:48.20,8.78,-55.27,-992.96,148.75,-682.50,-192.50,1,94.193,
01/01/2000,00:54:48.21,8.05,-55.02,-992.23,210.0,-840.0,35.0,1,94.194,
01/01/2000,00:54:48.22,7.44,-54.78,-991.62,70.0,-595.0,26.25,1,94.196,
01/01/2000,00:54:48.23,6.83,-55.02,-991.49,148.75,-770.0,96.25,1,94.197,
01/01/2000,00:54:48.24,6.34,-55.27,-992.10,43.75,-673.75,-183.75,1,94.199,
01/01/2000,00:54:48.25,4.64,-56.12,-992.96,175.0,-735.0,-105.0,1,94.200,
01/01/2000,00:54:48.26,3.05,-56.12,-993.32,245.0,-621.25,35.0,1,94.178,
01/01/2000,00:54:48.27,2.81,-55.63,-992.96,96.25,-630.0,-463.75,1,94.179,
01/01/2000,00:54:48.28,3.17,-55.02,-992.59,306.25,-638.75,-358.75,1,94.181,
01/01/2000,00:54:48.29,4.51,-54.41,-992.10,201.25,-595.0,-280.0,1,94.182,
01/01/2000,00:54:48.30,6.22,-54.53,-991.13,350.0,-761.25,8.75,1,94.184,
01/01/2000,00:54:48.31,8.30,-54.78,-990.15,227.50,-717.50,17.50,1,94.185,
01/01/2000,00:54:48.32,9.27,-55.51,-989.42,280.0,-691.25,-113.75,1,94.187,
01/01/2000,00:54:48.34,10.74,-56.36,-989.66,236.25,-638.75,-358.75,1,94.188,
01/01/2000,00:54:48.35,11.83,-56.36,-990.76,122.50,-673.75,-481.25,1,94.190,
01/01/2000,00:54:48.36,12.57,-55.88,-991.86,192.50,-656.25,-166.25,1,94.191,
01/01/2000,00:54:48.37,12.81,-54.78,-992.35,140.0,-761.25,-17.50,1,94.192,
01/01/2000,00:54:48.38,12.44,-54.41,-992.47,61.25,-577.50,358.75,1,94.194,
01/01/2000,00:54:48.39,12.20,-54.53,-992.59,218.75,-638.75,210.0,1,94.195,
01/01/2000,00:54:48.40,12.44,-55.14,-993.08,166.25,-560.0,-332.50,1,94.197,
01/01/2000,00:54:48.41,13.05,-55.63,-993.32,315.0,-621.25,-323.75,1,94.198,
01/01/2000,00:54:48.42,13.91,-55.75,-993.32,122.50,-603.75,-411.25,1,94.200,
01/01/2000,00:54:48.43,16.10,-55.75,-992.84,332.50,-665.0,-455.0,1,94.201,
01/01/2000,00:54:48.44,16.84,-55.02,-992.47,52.50,-726.25,-280.0,1,94.203,
01/01/2000,00:54:48.45,18.06,-55.02,-992.10,140.0,-726.25,-175.0,1,94.204,
01/01/2000,00:54:48.46,19.15,-55.39,-992.10,183.75,-665.0,-358.75,1,94.205,
01/01/2000,00:54:48.47,20.01,-55.02,-992.35,-43.75,-673.75,-105.0,1,94.183,
01/01/2000,00:54:48.48,20.74,-55.88,-992.23,358.75,-498.75,-358.75,1,94.185,
01/01/2000,00:54:48.49,21.35,-55.63,-991.86,43.75,-787.50,-236.25,1,94.186,
01/01/2000,00:54:48.50,20.98,-55.63,-991.13,113.75,-743.75,-52.50,1,94.188,
01/01/2000,00:54:48.51,20.74,-55.88,-990.76,52.50,-682.50,-227.50,1,94.189,
01/01/2000,00:54:48.52,20.13,-55.39,-990.88,183.75,-726.25,-393.75,1,94.191,
01/01/2000,00:54:48.53,19.89,-55.39,-991.86,166.25,-752.50,-280.0,1,94.192,
01/01/2000,00:54:48.55,19.76,-55.14,-993.20,166.25,-638.75,-376.25,1,94.194,
01/01/2000,00:54:48.56,19.52,-55.14,-993.32,192.50,-568.75,-78.75,1,94.195,
01/01/2000,00:54:48.57,19.64,-55.39,-993.32,131.25,-778.75,-236.25,1,94.196,
01/01/2000,00:54:48.58,20.01,-55.63,-993.20,192.50,-647.50,-437.50,1,94.198,
01/01/2000,00:54:48.59,20.86,-55.27,-992.84,183.75,-665.0,-358.75,1,94.199,
01/01/2000,00:54:48.60,22.33,-55.63,-991.86,218.75,-647.50,-315.0,1,94.201,
01/01/2000,00:54:48.62,22.81,-55.75,-991.13,166.25,-682.50,-350.0,1,94.179,
01/01/2000,00:54:48.63,22.57,-55.75,-991.01,96.25,-717.50,-385.0,1,94.180,
01/01/2000,00:54:48.64,22.08,-55.63,-991.25,35.0,-673.75,-306.25,1,94.182,
01/01/2000,00:54:48.65,21.72,-55.88,-992.23,131.25,-717.50,-306.25,1,94.183,
01/01/2000,00:54:48.66,20.74,-55.27,-992.59,0.0,-673.75,-332.50,1,94.185,
01/01/2000,00:54:48.67,20.37,-55.51,-992.84,236.25,-586.25,-288.75,1,94.186,
01/01/2000,00:54:48.68,20.50,-55.39,-993.08,43.75,-551.25,-428.75,1,94.187,
01/01/2000,00:54:48.69,21.96,-55.39,-992.84,245.0,-638.75,-516.25,1,94.189,
01/01/2000,00:54:48.70,23.30,-55.14,-992.23,26.25,-577.50,-350.0,1,94.190,
01/01/2000,00:54:48.71,24.28,-55.63,-991.25,183.75,-700.0,-157.50,1,94.192,
01/01/2000,00:54:48.72,24.16,-55.75,-990.27,35.0,-875.0,-245.0,1,94.193,
01/01/2000,00:54:48.73,23.67,-56.49,-989.91,341.25,-708.75,-481.25,1,94.195,
01/01/2000,00:54:48.74,22.81,-56.12,-990.64,-26.25,-638.75,-498.75,1,94.196,
01/01/2000,00:54:48.75,22.08,-55.88,-991.37,157.50,-831.25,-306.25,1,94.198,
01/01/2000,00:54:48.76,21.72,-55.39,-992.71,157.50,-647.50,-271.25,1,94.199,
01/01/2000,00:54:48.77,20.98,-55.39,-993.20,148.75,-682.50,-262.50,1,94.200,
01/01/2000,00:54:48.78,20.37,-55.27,-993.32,8.75,-700.0,-236.25,1,94.202,
01/01/2000,00:54:48.79,20.50,-55.75,-993.08,183.75,-638.75,-437.50,1,94.203,
01/01/2000,00:54:48.80,21.23,-56.12,-992.59,393.75,-638.75,-708.75,1,94.205,
01/01/2000,00:54:48.81,22.81,-55.63,-991.98,26.25,-805.0,-656.25,1,94.206,
01/01/2000,00:54:48.82,23.18,-56.00,-990.88,105.0,-673.75,43.75,1,94.184,
01/01/2000,00:54:48.83,22.81,-56.24,-990.88,175.0,-638.75,-218.75,1,94.186,
01/01/2000,00:54:48.84,22.45,-56.00,-991.13,192.50,-682.50,-612.50,1,94.187,
01/01/2000,00:54:48.85,22.45,-56.00,-991.86,218.75,-700.0,-498.75,1,94.189,
01/01/2000,00:54:48.86,22.69,-55.39,-992.47,96.25,-656.25,-341.25,1,94.190,
01/01/2000,00:54:48.87,22.45,-55.02,-992.84,122.50,-726.25,-253.75,1,94.191,
01/01/2000,00:54:48.89,22.20,-55.14,-992.71,245.0,-708.75,-236.25,1,94.193,
01/01/2000,00:54:48.90,21.23,-55.39,-992.35,8.75,-673.75,-288.75,1,94.194,
01/01/2000,00:54:48.91,21.59,-55.88,-992.10,183.75,-612.50,-595.0,1,94.196,
01/01/2000,00:54:48.92,22.69,-56.00,-992.23,227.50,-752.50,-630.0,1,94.197,
01/01/2000,00:54:48.93,23.42,-55.27,-992.35,140.0,-708.75,-210.0,1,94.199,
01/01/2000,00:54:48.94,23.67,-55.51,-991.74,96.25,-743.75,-17.50,1,94.200,
01/01/2000,00:54:48.95,23.18,-55.88,-991.37,201.25,-665.0,-175.0,1,94.201,
01/01/2000,00:54:48.96,21.96,-55.88,-991.49,96.25,-700.0,-385.0,1,94.203,
01/01/2000,00:54:48.97,21.23,-56.00,-992.47,210.0,-665.0,-481.25,1,94.181,
01/01/2000,00:54:48.98,20.98,-55.63,-993.32,288.75,-743.75,-481.25,1,94.183,
01/01/2000,00:54:48.99,20.86,-55.14,-993.57,43.75,-708.75,-166.25,1,94.184,
01/01/2000,00:54:49.00,20.62,-55.14,-993.57,192.50,-752.50,-175.0,1,94.185,
01/01/2000,00:54:49.01,20.13,-55.27,-993.32,140.0,-761.25,-271.25,1,94.187,
01/01/2000,00:54:49.02,20.13,-55.51,-993.08,210.0,-752.50,-630.0,1,94.188,
01/01/2000,00:54:49.04,22.20,-56.00,-993.20,446.25,-533.75,-761.25,1,94.190,
01/01/2000,00:54:49.05,24.16,-55.14,-993.08,35.0,-752.50,-630.0,1,94.191,
01/01/2000,00:54:49.06,26.11,-55.27,-991.62,148.75,-717.50,96.25,1,94.193,
01/01/2000,00:54:49.07,26.23,-55.39,-990.64,52.50,-673.75,35.0,1,94.194,
01/01/2000,00:54:49.08,25.38,-55.88,-990.03,271.25,-656.25,-262.50,1,94.195,
01/01/2000,00:54:49.09,24.16,-56.00,-990.27,105.0,-735.0,-446.25,1,94.197,
01/01/2000,00:54:49.10,22.33,-56.00,-991.62,253.75,-743.75,-507.50,1,94.198,
01/01/2000,00:54:49.11,21.35,-55.14,-993.45,245.0,-612.50,-455.0,1,94.200,
01/01/2000,00:54:49.13,20.50,-54.78,-993.57,183.75,-612.50,78.75,1,94.178,
01/01/2000,00:54:49.14,19.76,-55.14,-992.71,131.25,-656.25,-306.25,1,94.180,
01/01/2000,00:54:49.15,20.74,-55.75,-992.35,236.25,-612.50,-796.25,1,94.181,
01/01/2000,00:54:49.16,21.96,-55.75,-992.10,183.75,-621.25,-822.50,1,94.182,
01/01/2000,00:54:49.17,23.42,-55.63,-991.74,262.50,-603.75,-96.25,1,94.184,
01/01/2000,00:54:49.18,24.16,-56.00,-991.25,17.50,-796.25,-52.50,1,94.185,
01/01/2000,00:54:49.19,23.42,-55.88,-991.13,183.75,-761.25,-166.25,1,94.187,
01/01/2000,00:54:49.20,22.20,-55.88,-991.37,157.50,-630.0,-516.25,1,94.188,
01/01/2000,00:54:49.21,21.47,-55.39,-992.59,253.75,-630.0,-463.75,1,94.189,
01/01/2000,00:54:49.22,21.35,-55.14,-993.32,210.0,-568.75,-428.75,1,94.191,
01/01/2000,00:54:49.23,22.08,-54.90,-993.57,192.50,-691.25,-411.25,1,94.192,
01/01/2000,00:54:49.24,22.81,-55.02,-993.08,262.50,-673.75,-175.0,1,94.194,
01/01/2000,00:54:49.25,23.06,-55.63,-991.74,192.50,-647.50,-236.25,1,94.195,
01/01/2000,00:54:49.26,23.42,-56.36,-991.37,271.25,-638.75,-498.75,1,94.197,
01/01/2000,00:54:49.27,23.67,-56.36,-991.62,175.0,-630.0,-516.25,1,94.198,
01/01/2000,00:54:49.28,23.91,-55.88,-991.98,96.25,-682.50,-332.50,1,94.199,
01/01/2000,00:54:49.29,23.42,-55.63,-992.59,183.75,-708.75,-306.25,1,94.201,
01/01/2000,00:54:49.30,22.33,-55.39,-992.84,253.75,-717.50,0.0,1,94.202,
01/01/2000,00:54:49.31,20.98,-55.27,-992.84,78.75,-752.50,-332.50,1,94.204,
01/01/2000,00:54:49.32,20.25,-55.63,-992.84,166.25,-673.75,-437.50,1,94.182,
01/01/2000,00:54:49.33,20.13,-55.63,-993.08,43.75,-647.50,-533.75,1,94.184,
01/01/2000,00:54:49.34,20.98,-55.51,-992.96,192.50,-630.0,-586.25,1,94.185,
01/01/2000,00:54:49.35,22.08,-55.63,-992.59,201.25,-735.0,-402.50,1,94.186,
01/01/2000,00:54:49.36,22.81,-55.51,-992.23,166.25,-656.25,-17.50,1,94.188,
01/01/2000,00:54:49.37,23.18,-55.88,-991.49,210.0,-656.25,-350.0,1,94.189,
01/01/2000,00:54:49.38,23.67,-56.00,-991.62,140.0,-735.0,-612.50,1,94.191,
01/01/2000,00:54:49.40,23.91,-55.27,-992.10,52.50,-673.75,-411.25,1,94.192,
01/01/2000,00:54:49.41,23.91,-55.51,-992.10,87.50,-691.25,-70.0,1,94.193,
01/01/2000,00:54:49.42,23.42,-55.63,-992.35,280.0,-840.0,-245.0,1,94.195,
01/01/2000,00:54:49.43,22.69,-55.63,-992.35,236.25,-770.0,-183.75,1,94.196,
01/01/2000,00:54:49.44,21.35,-55.88,-992.35,166.25,-612.50,-315.0,1,94.198,
01/01/2000,00:54:49.45,20.74,-55.88,-992.35,96.25,-691.25,-437.50,1,94.199,
01/01/2000,00:54:49.46,20.98,-55.63,-992.59,210.0,-761.25,-428.75,1,94.200,
01/01/2000,00:54:49.47,21.47,-55.51,-992.47,280.0,-647.50,-402.50,1,94.202,
01/01/2000,00:54:49.48,21.72,-55.51,-992.35,140.0,-717.50,-166.25,1,94.203,
01/01/2000,00:54:49.49,21.35,-55.63,-991.86,0.0,-647.50,-385.0,1,94.205,
01/01/2000,00:54:49.50,21.72,-56.12,-991.62,297.50,-665.0,-595.0,1,94.206,
01/01/2000,00:54:49.51,22.45,-55.63,-991.98,297.50,-647.50,-490.0,1,94.207,
01/01/2000,00:54:49.52,22.94,-55.51,-992.23,61.25,-691.25,-358.75,1,94.209,
01/01/2000,00:54:49.53,23.06,-55.63,-992.35,262.50,-726.25,-393.75,1,94.187,
01/01/2000,00:54:49.54,22.94,-55.51,-992.59,96.25,-665.0,-323.75,1,94.189,
01/01/2000,00:54:49.55,22.57,-55.88,-992.84,236.25,-656.25,-376.25,1,94.190,
01/01/2000,00:54:49.56,22.33,-55.63,-992.71,26.25,-700.0,-280.0,1,94.192,
01/01/2000,00:54:49.58,21.84,-56.00,-992.59,297.50,-595.0,-428.75,1,94.193,
01/01/2000,00:54:49.58,21.96,-55.63,-992.35,122.50,-743.75,-341.25,1,94.194,
01/01/2000,00:54:49.60,21.96,-55.63,-992.47,105.0,-708.75,-350.0,1,94.196,
01/01/2000,00:54:49.61,22.20,-55.63,-992.35,183.75,-621.25,-332.50,1,94.197,
01/01/2000,00:54:49.62,23.18,-56.00,-992.59,245.0,-673.75,-446.25,1,94.199,
01/01/2000,00:54:49.63,23.91,-55.51,-992.59,61.25,-752.50,-323.75,1,94.177,
01/01/2000,00:54:49.64,23.91,-55.88,-992.10,210.0,-682.50,-175.0,1,94.179,
01/01/2000,00:54:49.65,23.42,-56.00,-991.86,192.50,-735.0,-271.25,1,94.180,
01/01/2000,00:54:49.66,22.57,-55.75,-992.10,96.25,-612.50,-367.50,1,94.182,
01/01/2000,00:54:49.68,22.33,-56.00,-992.47,201.25,-691.25,-402.50,1,94.183,
01/01/2000,00:54:49.69,21.96,-55.63,-992.84,157.50,-700.0,-385.0,1,94.184,
01/01/2000,00:54:49.70,21.96,-55.39,-993.08,157.50,-638.75,-288.75,1,94.186,
01/01/2000,00:54:49.71,21.96,-55.63,-993.08,227.50,-682.50,-297.50,1,94.187,
01/01/2000,00:54:49.72,21.84,-55.63,-993.08,52.50,-682.50,-306.25,1,94.189,
01/01/2000,00:54:49.73,21.84,-56.12,-992.59,113.75,-656.25,-402.50,1,94.190,
01/01/2000,00:54:49.74,21.96,-56.00,-992.10,288.75,-516.25,-481.25,1,94.191,
01/01/2000,00:54:49.75,22.81,-55.39,-992.10,201.25,-656.25,-577.50,1,94.193,
01/01/2000,00:54:49.76,23.67,-55.51,-992.35,157.50,-647.50,-490.0,1,94.194,
01/01/2000,00:54:49.77,24.16,-55.63,-992.59,218.75,-673.75,-262.50,1,94.196,
01/01/2000,00:54:49.78,23.79,-55.88,-992.71,140.0,-638.75,-288.75,1,94.197,
01/01/2000,00:54:49.79,23.55,-56.12,-992.84,192.50,-735.0,-315.0,1,94.198,
01/01/2000,00:54:49.80,23.42,-55.88,-992.71,166.25,-647.50,-341.25,1,94.200,
01/01/2000,00:54:49.81,23.42,-55.88,-992.84,201.25,-700.0,-227.50,1,94.201,
01/01/2000,00:54:49.82,23.06,-55.75,-992.59,183.75,-638.75,-341.25,1,94.203,
01/01/2000,00:54:49.83,22.20,-55.63,-992.10,175.0,-813.75,-218.75,1,94.204,
01/01/2000,00:54:49.84,21.23,-56.24,-991.62,122.50,-621.25,-323.75,1,94.205,
01/01/2000,00:54:49.85,21.35,-56.12,-991.62,175.0,-656.25,-551.25,1,94.207,
01/01/2000,00:54:49.86,22.20,-56.00,-991.98,315.0,-551.25,-638.75,1,94.208,
01/01/2000,00:54:49.87,23.18,-55.51,-992.35,70.0,-770.0,-376.25,1,94.210,
01/01/2000,00:54:49.88,24.40,-55.75,-992.84,157.50,-743.75,17.50,1,94.188,
01/01/2000,00:54:49.90,23.67,-56.36,-992.35,131.25,-717.50,-26.25,1,94.190,
01/01/2000,00:54:49.90,22.69,-56.73,-991.86,253.75,-691.25,-481.25,1,94.191,
01/01/2000,00:54:49.92,21.84,-56.36,-991.86,-43.75,-638.75,-560.0,1,94.192,
01/01/2000,00:54:49.93,21.23,-56.00,-992.10,280.0,-612.50,-490.0,1,94.194,
01/01/2000,00:54:49.94,20.98,-55.39,-992.47,105.0,-735.0,-122.50,1,94.195,
01/01/2000,00:54:49.95,20.37,-55.39,-992.35,218.75,-735.0,-262.50,1,94.197,
01/01/2000,00:54:49.96,20.01,-55.88,-991.62,236.25,-560.0,-376.25,1,94.198,
01/01/2000,00:54:49.97,21.23,-55.88,-991.49,236.25,-533.75,-743.75,1,94.199,
01/01/2000,00:54:49.98,22.94,-56.00,-991.98,262.50,-743.75,-875.0,1,94.201,
01/01/2000,00:54:49.99,24.89,-55.39,-992.35,87.50,-752.50,-288.75,1,94.202,
01/01/2000,00:54:50.00,26.11,-55.63,-991.49,218.75,-831.25,183.75,1,94.204,
01/01/2000,00:54:50.01,25.86,-56.00,-990.64,201.25,-630.0,43.75,1,94.205,
01/01/2000,00:54:50.02,24.40,-56.36,-990.52,227.50,-787.50,-210.0,1,94.206,
01/01/2000,00:54:50.03,22.69,-56.49,-991.62,140.0,-673.75,-507.50,1,94.185,
01/01/2000,00:54:50.04,21.47,-56.00,-993.08,210.0,-568.75,-498.75,1,94.187,
01/01/2000,00:54:50.05,20.98,-55.39,-994.79,-8.75,-630.0,-367.50,1,94.188,
01/01/2000,00:54:50.06,20.13,-55.39,-995.03,341.25,-708.75,-61.25,1,94.189,
01/01/2000,00:54:50.07,19.89,-55.39,-994.18,157.50,-577.50,-262.50,1,94.191,
01/01/2000,00:54:50.08,20.01,-56.12,-992.59,271.25,-735.0,-376.25,1,94.192,
01/01/2000,00:54:50.10,22.20,-56.36,-991.62,201.25,-638.75,-743.75,1,94.194,
01/01/2000,00:54:50.11,23.67,-56.24,-991.86,245.0,-717.50,-533.75,1,94.195,
01/01/2000,00:54:50.12,25.01,-56.12,-992.96,245.0,-822.50,-26.25,1,94.196,
01/01/2000,00:54:50.13,25.38,-56.49,-993.32,43.75,-883.75,-105.0,1,94.198,
01/01/2000,00:54:50.14,24.03,-56.12,-993.69,17.50,-586.25,-323.75,1,94.199,
01/01/2000,00:54:50.15,22.94,-56.00,-993.32,262.50,-752.50,-446.25,1,94.178,
01/01/2000,00:54:50.16,22.20,-55.63,-992.35,-8.75,-560.0,-376.25,1,94.179,
01/01/2000,00:54:50.17,21.11,-55.51,-991.98,140.0,-805.0,-245.0,1,94.181,
01/01/2000,00:54:50.18,20.98,-55.88,-991.86,183.75,-778.75,-236.25,1,94.182,
01/01/2000,00:54:50.19,21.23,-56.24,-991.98,210.0,-708.75,-638.75,1,94.184,
01/01/2000,00:54:50.20,22.45,-55.88,-992.23,236.25,-595.0,-700.0,1,94.185,
01/01/2000,00:54:50.21,23.55,-55.63,-992.23,236.25,-700.0,-560.0,1,94.186,
01/01/2000,00:54:50.22,24.40,-55.27,-992.23,70.0,-647.50,-271.25,1,94.188,
01/01/2000,00:54:50.23,24.52,-55.75,-991.98,192.50,-743.75,-113.75,1,94.189,
01/01/2000,00:54:50.25,23.79,-56.12,-991.74,105.0,-708.75,-323.75,1,94.190,
01/01/2000,00:54:50.26,22.94,-56.36,-991.62,218.75,-665.0,-437.50,1,94.192,
01/01/2000,00:54:50.27,21.96,-56.24,-991.86,245.0,-735.0,-446.25,1,94.193,
01/01/2000,00:54:50.28,20.86,-55.88,-992.10,148.75,-673.75,-341.25,1,94.195,
01/01/2000,00:54:50.29,19.89,-55.39,-992.35,192.50,-691.25,-420.0,1,94.196,
01/01/2000,00:54:50.30,19.52,-55.14,-992.35,271.25,-665.0,-157.50,1,94.197,
01/01/2000,00:54:50.31,20.01,-55.75,-992.23,262.50,-595.0,-516.25,1,94.199,
01/01/2000,00:54:50.32,21.47,-56.00,-992.47,166.25,-586.25,-831.25,1,94.200,
01/01/2000,00:54:50.33,23.18,-55.75,-992.84,297.50,-708.75,-516.25,1,94.202,
01/01/2000,00:54:50.34,25.13,-56.00,-992.84,140.0,-708.75,-131.25,1,94.203,
01/01/2000,00:54:50.35,26.60,-56.12,-992.96,227.50,-735.0,-166.25,1,94.204,
01/01/2000,00:54:50.36,25.99,-56.12,-992.84,70.0,-665.0,-218.75,1,94.206,
01/01/2000,00:54:50.37,24.52,-56.36,-992.59,227.50,-787.50,-43.75,1,94.207,
01/01/2000,00:54:50.38,22.20,-56.00,-992.23,122.50,-787.50,-315.0,1,94.186,
01/01/2000,00:54:50.39,20.74,-55.63,-992.35,297.50,-717.50,-262.50,1,94.187,
01/01/2000,00:54:50.40,19.40,-55.51,-992.10,192.50,-700.0,-280.0,1,94.189,
01/01/2000,00:54:50.41,19.03,-55.63,-992.10,113.75,-560.0,-350.0,1,94.190,
01/01/2000,00:54:50.42,19.28,-55.88,-991.98,96.25,-577.50,-420.0,1,94.192,
01/01/2000,00:54:50.43,20.74,-55.88,-991.98,201.25,-647.50,-691.25,1,94.193,
01/01/2000,00:54:50.44,22.69,-55.88,-992.10,297.50,-638.75,-787.50,1,94.194,
01/01/2000,00:54:50.46,25.13,-55.51,-992.35,52.50,-735.0,17.50,1,94.196,
01/01/2000,00:54:50.47,25.86,-56.24,-992.47,192.50,-735.0,8.75,1,94.197,
01/01/2000,00:54:50.48,24.89,-56.36,-992.59,271.25,-700.0,-358.75,1,94.198,
01/01/2000,00:54:50.49,23.42,-56.12,-992.47,332.50,-796.25,-428.75,1,94.200,
01/01/2000,00:54:50.50,21.96,-55.88,-992.35,192.50,-761.25,-358.75,1,94.201,
01/01/2000,00:54:50.51,20.01,-55.14,-992.10,140.0,-621.25,-420.0,1,94.203,
01/01/2000,00:54:50.52,19.28,-55.14,-991.49,227.50,-595.0,-306.25,1,94.204,
01/01/2000,00:54:50.53,19.52,-55.88,-991.37,315.0,-656.25,-586.25,1,94.205,
01/01/2000,00:54:50.54,20.37,-56.00,-991.74,227.50,-673.75,-560.0,1,94.207,
01/01/2000,00:54:50.55,22.57,-56.24,-992.23,122.50,-638.75,-778.75,1,94.208,
01/01/2000,00:54:50.56,24.89,-56.24,-992.59,210.0,-673.75,-542.50,1,94.209,
01/01/2000,00:54:50.57,26.72,-55.88,-993.08,-35.0,-700.0,113.75,1,94.211,
01/01/2000,00:54:50.58,26.84,-56.61,-993.20,166.25,-638.75,105.0,1,94.212,
01/01/2000,00:54:50.59,25.25,-56.61,-993.20,157.50,-665.0,-472.50,1,94.191,
01/01/2000,00:54:50.60,24.03,-56.36,-992.84,61.25,-586.25,-446.25,1,94.193,
01/01/2000,00:54:50.61,23.67,-56.12,-992.35,323.75,-603.75,-586.25,1,94.194,
01/01/2000,00:54:50.62,24.28,-55.51,-991.86,245.0,-507.50,-586.25,1,94.195,
01/01/2000,00:54:50.64,26.35,-55.14,-991.62,17.50,-665.0,-358.75,1,94.197,
01/01/2000,00:54:50.65,28.43,-55.88,-991.37,122.50,-647.50,-262.50,1,94.198,
01/01/2000,00:54:50.66,32.70,-56.61,-991.62,43.75,-717.50,-822.50,1,94.199,
01/01/2000,00:54:50.67,35.14,-56.61,-992.10,218.75,-638.75,-507.50,1,94.179,
01/01/2000,00:54:50.68,36.84,-56.12,-992.84,175.0,-726.25,-8.75,1,94.180,
01/01/2000,00:54:50.69,36.48,-56.12,-992.84,175.0,-735.0,201.25,1,94.181,
01/01/2000,00:54:50.70,34.77,-56.36,-992.47,87.50,-673.75,26.25,1,94.183,
01/01/2000,00:54:50.71,33.06,-56.36,-991.86,288.75,-726.25,-507.50,1,94.184,
01/01/2000,00:54:50.72,31.96,-56.12,-991.01,210.0,-603.75,-551.25,1,94.186,
01/01/2000,00:54:50.74,32.70,-55.63,-990.64,297.50,-761.25,-708.75,1,94.187,
01/01/2000,00:54:50.75,34.40,-55.27,-990.64,157.50,-577.50,-691.25,1,94.188,
01/01/2000,00:54:50.76,37.33,-55.39,-991.13,280.0,-761.25,-253.75,1,94.190,
01/01/2000,00:54:50.77,41.97,-56.36,-992.10,201.25,-743.75,-402.50,1,94.191,
01/01/2000,00:54:50.78,43.31,-56.85,-992.84,-43.75,-717.50,-253.75,1,94.192,
01/01/2000,00:54:50.79,43.19,-57.10,-992.96,227.50,-770.0,-70.0,1,94.194,
01/01/2000,00:54:50.80,42.09,-56.73,-992.71,43.75,-822.50,-262.50,1,94.195,
01/01/2000,00:54:50.81,37.82,-55.88,-992.10,218.75,-682.50,-35.0,1,94.196,
01/01/2000,00:54:50.82,35.14,-55.27,-991.62,236.25,-656.25,-306.25,1,94.198,
01/01/2000,00:54:50.83,33.18,-55.14,-991.01,105.0,-708.75,-507.50,1,94.199,
01/01/2000,00:54:50.84,31.96,-55.14,-990.88,122.50,-691.25,-507.50,1,94.201,
01/01/2000,00:54:50.85,32.82,-56.12,-991.74,175.0,-717.50,-542.50,1,94.202,
01/01/2000,00:54:50.86,33.92,-56.36,-992.35,140.0,-612.50,-603.75,1,94.203,
01/01/2000,00:54:50.87,34.89,-56.49,-992.84,157.50,-638.75,-341.25,1,94.205,
01/01/2000,00:54:50.88,34.77,-56.00,-993.08,236.25,-691.25,-367.50,1,94.206,
01/01/2000,00:54:50.89,33.06,-55.88,-993.08,87.50,-805.0,-113.75,1,94.185,
01/01/2000,00:54:50.90,29.89,-56.00,-992.35,192.50,-717.50,-131.25,1,94.209,
01/01/2000,00:54:50.91,28.30,-56.00,-991.86,201.25,-682.50,-498.75,1,94.188,
01/01/2000,00:54:50.92,27.57,-55.51,-991.98,157.50,-726.25,-700.0,1,94.189,
01/01/2000,00:54:50.93,27.45,-55.51,-992.23,175.0,-691.25,-236.25,1,94.191,
01/01/2000,00:54:50.95,27.21,-56.12,-992.10,157.50,-743.75,-271.25,1,94.192,
01/01/2000,00:54:50.96,26.72,-56.36,-992.23,245.0,-778.75,-367.50,1,94.193,
01/01/2000,00:54:50.97,25.62,-56.36,-992.10,218.75,-778.75,-428.75,1,94.195,
01/01/2000,00:54:50.98,25.01,-56.12,-992.10,78.75,-778.75,-455.0,1,94.196,
01/01/2000,00:54:50.99,24.64,-55.51,-992.10,140.0,-621.25,-341.25,1,94.197,
01/01/2000,00:54:51.00,24.52,-55.39,-992.10,306.25,-595.0,-332.50,1,94.199,
01/01/2000,00:54:51.01,24.28,-55.75,-992.23,175.0,-708.75,-306.25,1,94.200,
01/01/2000,00:54:51.02,24.16,-56.36,-992.10,43.75,-700.0,-393.75,1,94.202,
01/01/2000,00:54:51.03,24.16,-56.61,-992.23,280.0,-717.50,-455.0,1,94.203,
01/01/2000,00:54:51.04,23.91,-56.12,-992.23,70.0,-743.75,-323.75,1,94.204,
01/01/2000,00:54:51.05,23.79,-55.88,-992.23,131.25,-717.50,-411.25,1,94.206,
01/01/2000,00:54:51.06,23.67,-55.88,-992.35,315.0,-630.0,-350.0,1,94.207,
01/01/2000,00:54:51.07,23.42,-55.88,-992.35,166.25,-743.75,-253.75,1,94.208,
01/01/2000,00:54:51.08,23.18,-56.36,-992.23,175.0,-787.50,-350.0,1,94.188,
01/01/2000,00:54:51.09,23.18,-56.36,-992.10,157.50,-726.25,-332.50,1,94.189,
01/01/2000,00:54:51.10,23.18,-56.36,-992.23,157.50,-726.25,-358.75,1,94.190,
01/01/2000,00:54:51.11,22.94,-56.24,-992.35,227.50,-603.75,-332.50,1,94.192,
01/01/2000,00:54:51.12,22.69,-56.24,-992.59,131.25,-735.0,-350.0,1,94.193,
01/01/2000,00:54:51.13,22.94,-56.24,-992.71,315.0,-647.50,-262.50,1,94.194,
01/01/2000,00:54:51.14,22.81,-56.36,-992.71,87.50,-673.75,-350.0,1,94.196,
01/01/2000,00:54:51.16,22.94,-56.61,-992.47,175.0,-735.0,-402.50,1,94.175,
01/01/2000,00:54:51.17,22.94,-56.36,-992.35,210.0,-822.50,-455.0,1,94.177,
01/01/2000,00:54:51.18,22.81,-56.24,-992.35,131.25,-822.50,-315.0,1,94.178,
01/01/2000,00:54:51.19,22.69,-56.00,-992.47,122.50,-691.25,-245.0,1,94.179,
01/01/2000,00:54:51.20,22.69,-56.12,-992.71,280.0,-682.50,-358.75,1,94.181,
01/01/2000,00:54:51.21,22.81,-56.36,-992.59,227.50,-682.50,-472.50,1,94.182,
01/01/2000,00:54:51.22,22.81,-56.24,-992.59,131.25,-726.25,-271.25,1,94.183,
01/01/2000,00:54:51.23,22.81,-56.36,-992.59,175.0,-612.50,-402.50,1,94.185,
01/01/2000,00:54:51.24,22.81,-56.12,-992.59,157.50,-770.0,-341.25,1,94.186,
01/01/2000,00:54:51.25,22.69,-56.12,-992.59,210.0,-682.50,-385.0,1,94.187,
01/01/2000,00:54:51.27,23.18,-56.00,-992.59,236.25,-647.50,-411.25,1,94.189,
01/01/2000,00:54:51.27,24.03,-55.88,-992.59,175.0,-630.0,-551.25,1,94.190,
01/01/2000,00:54:51.29,25.13,-55.88,-992.84,192.50,-743.75,-638.75,1,94.191,
01/01/2000,00:54:51.30,26.84,-56.36,-992.71,210.0,-647.50,-341.25,1,94.193,
01/01/2000,00:54:51.31,27.94,-56.12,-991.98,271.25,-568.75,-437.50,1,94.194,
01/01/2000,00:54:51.32,29.89,-55.88,-991.74,297.50,-700.0,-682.50,1,94.195,
01/01/2000,00:54:51.33,32.09,-55.75,-991.98,140.0,-656.25,-577.50,1,94.197,
01/01/2000,00:54:51.34,33.92,-55.75,-993.32,183.75,-735.0,-367.50,1,94.198,
01/01/2000,00:54:51.35,35.62,-55.88,-993.93,78.75,-743.75,-43.75,1,94.200,
01/01/2000,00:54:51.36,36.11,-56.36,-993.69,157.50,-796.25,-341.25,1,94.201,
01/01/2000,00:54:51.37,35.50,-56.49,-992.84,183.75,-840.0,-455.0,1,94.202,
01/01/2000,00:54:51.38,34.40,-56.00,-991.74,113.75,-787.50,-350.0,1,94.204,
01/01/2000,00:54:51.39,34.65,-55.75,-991.37,192.50,-577.50,-551.25,1,94.205,
01/01/2000,00:54:51.40,35.50,-55.39,-991.37,113.75,-717.50,-577.50,1,94.206,
01/01/2000,00:54:51.41,36.84,-55.51,-991.62,131.25,-752.50,-595.0,1,94.208,
01/01/2000,00:54:51.42,38.92,-56.24,-992.23,271.25,-778.75,-481.25,1,94.209,
01/01/2000,00:54:51.43,41.60,-56.36,-992.59,-8.75,-717.50,-507.50,1,94.210,
01/01/2000,00:54:51.44,42.46,-56.61,-992.59,253.75,-796.25,-323.75,1,94.190,
01/01/2000,00:54:51.45,41.60,-56.24,-992.47,131.25,-717.50,-262.50,1,94.191,
01/01/2000,00:54:51.46,40.02,-56.12,-992.10,166.25,-691.25,-157.50,1,94.193,
01/01/2000,00:54:51.47,37.94,-55.88,-991.98,52.50,-621.25,-367.50,1,94.194,
01/01/2000,00:54:51.48,34.65,-55.63,-991.62,35.0,-647.50,-297.50,1,94.195,
01/01/2000,00:54:51.49,33.06,-55.88,-991.49,210.0,-656.25,-367.50,1,94.197,
01/01/2000,00:54:51.51,31.96,-56.00,-991.62,87.50,-700.0,-612.50,1,94.198,
01/01/2000,00:54:51.52,32.70,-55.88,-991.86,140.0,-778.75,-822.50,1,94.199,
01/01/2000,00:54:51.53,34.04,-55.63,-991.98,253.75,-761.25,-883.75,1,94.201,
01/01/2000,00:54:51.54,35.26,-55.39,-992.10,0.0,-761.25,-271.25,1,94.202,
01/01/2000,00:54:51.55,35.14,-56.12,-991.98,227.50,-665.0,113.75,1,94.203,
01/01/2000,00:54:51.56,33.18,-56.73,-991.86,87.50,-761.25,236.25,1,94.205,
01/01/2000,00:54:51.57,30.13,-56.73,-991.62,140.0,-761.25,-210.0,1,94.206,
01/01/2000,00:54:51.58,25.74,-56.24,-991.37,350.0,-717.50,-560.0,1,94.207,
01/01/2000,00:54:51.59,24.16,-55.39,-991.74,26.25,-656.25,-647.50,1,94.209,
01/01/2000,00:54:51.60,24.28,-54.53,-992.35,131.25,-603.75,-472.50,1,94.210,
01/01/2000,00:54:51.61,25.38,-55.14,-992.47,122.50,-743.75,-122.50,1,94.211,
01/01/2000,00:54:51.62,26.84,-56.00,-992.59,192.50,-700.0,-411.25,1,94.213,
01/01/2000,00:54:51.63,28.55,-56.97,-992.84,253.75,-700.0,-542.50,1,94.214,
01/01/2000,00:54:51.64,29.28,-57.58,-993.08,271.25,-840.0,-568.75,1,94.215,
01/01/2000,00:54:51.65,29.28,-56.73,-993.08,218.75,-708.75,-236.25,1,94.195,
01/01/2000,00:54:51.66,26.47,-55.75,-993.08,52.50,-700.0,78.75,1,94.196,
01/01/2000,00:54:51.68,22.20,-55.88,-992.47,122.50,-665.0,70.0,1,94.198,
01/01/2000,00:54:51.69,20.13,-56.12,-992.35,166.25,-708.75,-516.25,1,94.199,
01/01/2000,00:54:51.70,19.15,-56.12,-992.23,192.50,-682.50,-840.0,1,94.200,
01/01/2000,00:54:51.71,19.64,-55.63,-992.23,113.75,-682.50,-866.25,1,94.202,
01/01/2000,00:54:51.72,22.33,-55.88,-992.10,131.25,-647.50,-472.50,1,94.203,
01/01/2000,00:54:51.73,24.16,-56.00,-992.23,26.25,-761.25,-175.0,1,94.204,
01/01/2000,00:54:51.74,25.38,-56.61,-992.59,166.25,-787.50,-393.75,1,94.206,
01/01/2000,00:54:51.75,26.35,-56.61,-992.84,61.25,-787.50,-253.75,1,94.207,
01/01/2000,00:54:51.76,26.23,-56.73,-993.08,201.25,-717.50,-306.25,1,94.208,
01/01/2000,00:54:51.77,25.86,-56.24,-993.08,245.0,-752.50,-350.0,1,94.210,
01/01/2000,00:54:51.78,24.52,-56.00,-992.84,175.0,-752.50,157.50,1,94.211,
01/01/2000,00:54:51.79,21.84,-56.00,-991.98,-43.75,-612.50,-122.50,1,94.212,
01/01/2000,00:54:51.80,20.37,-56.85,-991.74,157.50,-621.25,-358.75,1,94.192,
01/01/2000,00:54:51.81,19.52,-56.61,-991.74,166.25,-568.75,-647.50,1,94.215,
01/01/2000,00:54:51.82,19.89,-56.24,-992.10,192.50,-682.50,-805.0,1,94.195,
01/01/2000,00:54:51.83,22.08,-55.88,-992.35,280.0,-726.25,-437.50,1,94.196,
01/01/2000,00:54:51.84,23.67,-55.63,-992.59,105.0,-647.50,-148.75,1,94.197,
01/01/2000,00:54:51.85,24.52,-56.12,-992.47,210.0,-735.0,-61.25,1,94.199,
01/01/2000,00:54:51.87,25.50,-56.85,-992.35,253.75,-708.75,-358.75,1,94.200,
01/01/2000,00:54:51.88,25.25,-56.49,-992.23,-96.25,-700.0,-262.50,1,94.201,
01/01/2000,00:54:51.89,24.28,-56.36,-992.35,157.50,-778.75,-227.50,1,94.203,
01/01/2000,00:54:51.90,23.18,-56.00,-992.59,148.75,-822.50,-183.75,1,94.204,
01/01/2000,00:54:51.91,21.35,-55.88,-992.84,61.25,-735.0,-8.75,1,94.205,
01/01/2000,00:54:51.92,19.89,-55.88,-992.84,262.50,-665.0,-315.0,1,94.207,
01/01/2000,00:54:51.93,18.67,-56.12,-992.35,315.0,-752.50,-498.75,1,94.208,
01/01/2000,00:54:51.94,19.15,-55.75,-992.35,52.50,-560.0,-752.50,1,94.209,
01/01/2000,00:54:51.95,21.59,-55.75,-992.47,96.25,-682.50,-533.75,1,94.211,
01/01/2000,00:54:51.96,23.42,-55.75,-992.59,131.25,-743.75,-297.50,1,94.212,
01/01/2000,00:54:51.97,25.13,-56.12,-992.71,105.0,-743.75,-341.25,1,94.213,
01/01/2000,00:54:51.98,26.35,-56.24,-992.84,218.75,-761.25,-236.25,1,94.215,
01/01/2000,00:54:51.99,26.96,-56.24,-993.32,8.75,-778.75,-341.25,1,94.216,
01/01/2000,00:54:52.00,26.35,-56.12,-993.20,227.50,-770.0,-236.25,1,94.196,
01/01/2000,00:54:52.01,23.91,-55.75,-993.08,210.0,-682.50,-140.0,1,94.197,
01/01/2000,00:54:52.02,21.47,-55.88,-992.71,192.50,-787.50,131.25,1,94.198,
01/01/2000,00:54:52.03,19.28,-56.00,-992.35,43.75,-700.0,-131.25,1,94.200,
01/01/2000,00:54:52.04,17.93,-56.24,-992.59,236.25,-516.25,-717.50,1,94.201,
01/01/2000,00:54:52.05,18.06,-55.88,-993.32,210.0,-638.75,-822.50,1,94.202,
01/01/2000,00:54:52.06,19.76,-55.39,-993.45,122.50,-673.75,-682.50,1,94.204,
01/01/2000,00:54:52.08,22.57,-55.88,-993.45,253.75,-778.75,-166.25,1,94.205,
01/01/2000,00:54:52.09,24.28,-56.36,-993.08,105.0,-691.25,-253.75,1,94.206,
01/01/2000,00:54:52.10,25.38,-56.73,-992.84,122.50,-875.0,-393.75,1,94.208,
01/01/2000,00:54:52.11,25.50,-56.73,-992.10,70.0,-840.0,-166.25,1,94.209,
01/01/2000,00:54:52.12,24.28,-56.49,-992.23,113.75,-726.25,-280.0,1,94.210,
01/01/2000,00:54:52.13,22.81,-55.88,-992.35,113.75,-735.0,-8.75,1,94.211,
01/01/2000,00:54:52.14,20.74,-55.63,-992.96,140.0,-708.75,-280.0,1,94.213,
01/01/2000,00:54:52.15,19.64,-55.39,-993.08,96.25,-551.25,-350.0,1,94.214,
01/01/2000,00:54:52.16,19.76,-55.51,-992.96,0.0,-533.75,-551.25,1,94.215,
01/01/2000,00:54:52.17,20.98,-55.88,-992.10,131.25,-665.0,-428.75,1,94.217,
01/01/2000,00:54:52.19,23.06,-56.24,-991.37,17.50,-621.25,-420.0,1,94.197,
01/01/2000,00:54:52.20,24.28,-56.61,-991.37,183.75,-682.50,-376.25,1,94.198,
01/01/2000,00:54:52.21,25.38,-56.36,-991.86,43.75,-770.0,-358.75,1,94.199,
01/01/2000,00:54:52.22,25.74,-56.24,-992.71,201.25,-621.25,-367.50,1,94.201,
01/01/2000,00:54:52.23,24.89,-56.00,-992.96,157.50,-673.75,-201.25,1,94.202,
01/01/2000,00:54:52.24,23.18,-55.88,-992.84,8.75,-761.25,78.75,1,94.203,
01/01/2000,00:54:52.25,20.74,-56.00,-991.98,61.25,-638.75,-131.25,1,94.205,
01/01/2000,00:54:52.26,18.42,-56.12,-991.86,140.0,-586.25,-586.25,1,94.206,
01/01/2000,00:54:52.27,18.30,-55.88,-992.47,201.25,-568.75,-805.0,1,94.207,
01/01/2000,00:54:52.28,19.15,-55.51,-993.08,175.0,-638.75,-603.75,1,94.208,
01/01/2000,00:54:52.29,21.47,-55.63,-992.59,192.50,-700.0,-210.0,1,94.210,
01/01/2000,00:54:52.30,22.81,-55.51,-991.62,166.25,-708.75,-148.75,1,94.211,
01/01/2000,00:54:52.31,23.91,-56.12,-990.88,35.0,-700.0,-332.50,1,94.212,
01/01/2000,00:54:52.32,24.89,-56.36,-990.88,96.25,-691.25,-437.50,1,94.214,
01/01/2000,00:54:52.33,25.74,-56.61,-992.10,210.0,-805.0,-463.75,1,94.215,
01/01/2000,00:54:52.34,25.86,-56.12,-992.35,210.0,-743.75,-227.50,1,94.216,
01/01/2000,00:54:52.35,23.91,-55.51,-991.62,175.0,-866.25,35.0,1,94.196,
01/01/2000,00:54:52.36,21.84,-55.39,-991.62,-17.50,-752.50,43.75,1,94.198,
01/01/2000,00:54:52.37,20.50,-55.88,-992.96,341.25,-708.75,-437.50,1,94.199,
01/01/2000,00:54:52.38,19.76,-56.12,-994.67,236.25,-647.50,-673.75,1,94.200,
01/01/2000,00:54:52.39,19.76,-55.75,-996.01,280.0,-700.0,-446.25,1,94.202,
01/01/2000,00:54:52.40,20.25,-55.51,-995.28,105.0,-656.25,-297.50,1,94.203,
01/01/2000,00:54:52.41,21.11,-55.39,-993.81,201.25,-586.25,-297.50,1,94.204,
01/01/2000,00:54:52.43,22.69,-55.39,-991.86,157.50,-778.75,-245.0,1,94.206,
01/01/2000,00:54:52.44,23.91,-56.00,-991.74,78.75,-787.50,-358.75,1,94.207,
01/01/2000,00:54:52.45,25.25,-56.73,-992.71,262.50,-700.0,-542.50,1,94.208,
01/01/2000,00:54:52.46,26.23,-56.36,-993.57,35.0,-805.0,-297.50,1,94.209,
01/01/2000,00:54:52.47,25.38,-56.24,-994.06,131.25,-805.0,-70.0,1,94.211,
01/01/2000,00:54:52.48,23.55,-55.88,-993.69,140.0,-726.25,157.50,1,94.212,
01/01/2000,00:54:52.49,21.23,-55.63,-993.08,245.0,-656.25,-192.50,1,94.213,
01/01/2000,00:54:52.50,18.42,-55.27,-992.47,148.75,-787.50,-533.75,1,94.215,
01/01/2000,00:54:52.51,18.54,-55.63,-993.08,218.75,-586.25,-656.25,1,94.195,
01/01/2000,00:54:52.52,20.37,-55.63,-993.32,52.50,-691.25,-612.50,1,94.217,
01/01/2000,00:54:52.53,22.45,-55.63,-992.84,113.75,-630.0,-393.75,1,94.197,
01/01/2000,00:54:52.54,24.28,-56.00,-992.35,96.25,-691.25,-166.25,1,94.199,
01/01/2000,00:54:52.55,25.38,-56.36,-991.13,192.50,-752.50,-210.0,1,94.200,
01/01/2000,00:54:52.57,26.11,-56.36,-990.64,61.25,-866.25,-367.50,1,94.201,
01/01/2000,00:54:52.58,25.74,-56.00,-990.76,157.50,-752.50,-315.0,1,94.203,
01/01/2000,00:54:52.59,24.28,-55.63,-991.49,35.0,-700.0,78.75,1,94.204,
01/01/2000,00:54:52.60,21.96,-55.39,-992.10,-35.0,-717.50,148.75,1,94.205,
01/01/2000,00:54:52.61,20.01,-55.75,-992.59,201.25,-691.25,-280.0,1,94.206,
01/01/2000,00:54:52.62,18.18,-55.27,-993.20,26.25,-656.25,-735.0,1,94.208,
01/01/2000,00:54:52.63,18.79,-55.39,-993.32,157.50,-691.25,-525.0,1,94.209,
01/01/2000,00:54:52.64,21.59,-55.14,-992.96,35.0,-726.25,-428.75,1,94.210,
01/01/2000,00:54:52.65,23.18,-55.39,-992.47,288.75,-840.0,-166.25,1,94.212,
01/01/2000,00:54:52.66,24.64,-55.63,-991.86,78.75,-656.25,-218.75,1,94.213,
01/01/2000,00:54:52.67,24.89,-56.36,-991.37,236.25,-717.50,-192.50,1,94.214,
01/01/2000,00:54:52.68,24.52,-56.36,-991.62,35.0,-770.0,-428.75,1,94.216,
01/01/2000,00:54:52.69,24.03,-55.63,-992.59,183.75,-603.75,-472.50,1,94.196,
01/01/2000,00:54:52.71,23.06,-55.14,-992.96,-17.50,-761.25,-122.50,1,94.197,
01/01/2000,00:54:52.72,21.23,-55.02,-992.96,52.50,-700.0,17.50,1,94.198,
01/01/2000,00:54:52.73,20.13,-55.63,-992.96,166.25,-638.75,-376.25,1,94.200,
01/01/2000,00:54:52.74,19.89,-55.75,-992.96,192.50,-813.75,-533.75,1,94.201,
01/01/2000,00:54:52.75,20.50,-55.88,-993.08,218.75,-586.25,-586.25,1,94.202,
01/01/2000,00:54:52.76,22.45,-55.75,-992.59,113.75,-726.25,-551.25,1,94.204,
01/01/2000,00:54:52.77,23.55,-55.63,-992.10,218.75,-621.25,-306.25,1,94.205,
01/01/2000,00:54:52.78,24.52,-55.39,-991.74,87.50,-700.0,-245.0,1,94.206,
01/01/2000,00:54:52.79,24.64,-56.00,-991.25,210.0,-735.0,-227.50,1,94.207,
01/01/2000,00:54:52.80,24.28,-56.12,-991.49,131.25,-822.50,-367.50,1,94.209,
01/01/2000,00:54:52.81,23.91,-56.12,-991.86,105.0,-682.50,-428.75,1,94.210,
01/01/2000,00:54:52.82,23.30,-55.75,-992.10,43.75,-752.50,-280.0,1,94.211,
01/01/2000,00:54:52.83,21.96,-55.63,-992.23,87.50,-656.25,-35.0,1,94.213,
01/01/2000,00:54:52.84,20.13,-55.63,-992.47,210.0,-708.75,-245.0,1,94.214,
01/01/2000,00:54:52.85,19.28,-55.63,-992.71,166.25,-708.75,-516.25,1,94.215,
01/01/2000,00:54:52.86,19.40,-55.14,-993.08,-105.0,-647.50,-455.0,1,94.217,
01/01/2000,00:54:52.87,20.13,-55.39,-993.08,271.25,-708.75,-490.0,1,94.218,
01/01/2000,00:54:52.88,22.08,-55.14,-992.96,35.0,-691.25,-367.50,1,94.219,
01/01/2000,00:54:52.89,23.42,-55.63,-992.35,210.0,-673.75,-315.0,1,94.220,
01/01/2000,00:54:52.90,24.03,-55.63,-991.62,140.0,-778.75,-332.50,1,94.222,
01/01/2000,00:54:52.91,24.40,-55.88,-991.25,210.0,-796.25,-376.25,1,94.223,
01/01/2000,00:54:52.92,24.77,-56.00,-991.25,96.25,-743.75,-402.50,1,94.203,
01/01/2000,00:54:52.93,24.40,-55.51,-991.86,113.75,-665.0,-236.25,1,94.205,
01/01/2000,00:54:52.94,23.42,-55.14,-992.10,-122.50,-708.75,-131.25,1,94.206,
01/01/2000,00:54:52.95,21.84,-55.39,-992.10,280.0,-761.25,0.0,1,94.207,
01/01/2000,00:54:52.96,19.76,-55.51,-992.35,105.0,-735.0,-472.50,1,94.208,
01/01/2000,00:54:52.97,18.42,-55.63,-992.96,192.50,-647.50,-560.0,1,94.210,
01/01/2000,00:54:52.99,18.54,-55.27,-993.32,148.75,-682.50,-682.50,1,94.211,
01/01/2000,00:54:53.00,20.86,-55.27,-992.96,271.25,-656.25,-560.0,1,94.212,
01/01/2000,00:54:53.01,22.57,-54.90,-992.47,-87.50,-708.75,-210.0,1,94.214,
01/01/2000,00:54:53.02,23.67,-55.39,-991.49,148.75,-595.0,-105.0,1,94.215,
01/01/2000,00:54:53.03,24.16,-56.00,-990.64,271.25,-752.50,-358.75,1,94.216,
01/01/2000,00:54:53.04,24.52,-56.24,-990.27,183.75,-840.0,-490.0,1,94.217,
01/01/2000,00:54:53.05,24.16,-56.12,-990.64,175.0,-796.25,-350.0,1,94.219,
01/01/2000,00:54:53.06,22.20,-55.39,-991.62,61.25,-595.0,-113.75,1,94.220,
01/01/2000,00:54:53.07,20.86,-55.39,-992.35,17.50,-638.75,-218.75,1,94.221,
01/01/2000,00:54:53.08,20.01,-55.14,-992.84,315.0,-735.0,-437.50,1,94.223,
01/01/2000,00:54:53.09,19.76,-54.66,-993.45,131.25,-743.75,-498.75,1,94.224,
01/01/2000,00:54:53.10,21.84,-55.14,-993.45,183.75,-726.25,-603.75,1,94.225,
01/01/2000,00:54:53.11,23.67,-55.27,-993.20,166.25,-735.0,-332.50,1,94.205,
01/01/2000,00:54:53.12,24.89,-55.63,-992.35,183.75,-752.50,-262.50,1,94.228,
01/01/2000,00:54:53.14,25.50,-56.36,-990.88,227.50,-840.0,-166.25,1,94.208,
01/01/2000,00:54:53.15,25.01,-56.24,-990.64,122.50,-805.0,-402.50,1,94.209,
01/01/2000,00:54:53.16,23.67,-55.75,-991.62,43.75,-743.75,-393.75,1,94.211,
01/01/2000,00:54:53.17,22.81,-55.27,-992.59,253.75,-848.75,-393.75,1,94.212,
01/01/2000,00:54:53.18,21.23,-54.78,-993.45,122.50,-787.50,0.0,1,94.213,
01/01/2000,00:54:53.19,19.64,-54.90,-993.93,218.75,-665.0,-78.75,1,94.215,
01/01/2000,00:54:53.20,18.42,-55.27,-994.18,210.0,-656.25,-638.75,1,94.195,
01/01/2000,00:54:53.21,20.25,-55.51,-993.45,253.75,-761.25,-612.50,1,94.196,
01/01/2000,00:54:53.23,22.33,-55.39,-992.47,43.75,-603.75,-367.50,1,94.197,
01/01/2000,00:54:53.23,23.91,-55.51,-991.49,175.0,-682.50,-183.75,1,94.199,
01/01/2000,00:54:53.25,24.64,-55.63,-990.40,105.0,-813.75,-218.75,1,94.200,
01/01/2000,00:54:53.26,24.77,-56.00,-990.15,262.50,-717.50,-288.75,1,94.201,
01/01/2000,00:54:53.27,24.64,-55.88,-991.13,140.0,-743.75,-420.0,1,94.203,
01/01/2000,00:54:53.28,24.40,-55.63,-992.23,166.25,-717.50,-236.25,1,94.204,
01/01/2000,00:54:53.29,23.91,-55.39,-993.08,201.25,-638.75,-227.50,1,94.205,
01/01/2000,00:54:53.30,21.59,-55.14,-993.20,201.25,-761.25,17.50,1,94.206,
01/01/2000,00:54:53.31,20.25,-55.14,-993.08,140.0,-726.25,-227.50,1,94.208,
01/01/2000,00:54:53.32,19.28,-55.27,-992.84,288.75,-665.0,-490.0,1,94.209,
01/01/2000,00:54:53.33,19.52,-55.14,-993.08,78.75,-717.50,-656.25,1,94.210,
01/01/2000,00:54:53.34,20.62,-55.51,-993.08,105.0,-656.25,-490.0,1,94.212,
01/01/2000,00:54:53.35,22.45,-55.27,-992.59,87.50,-656.25,-271.25,1,94.213,
01/01/2000,00:54:53.36,23.18,-55.63,-991.86,271.25,-778.75,-157.50,1,94.214,
01/01/2000,00:54:53.37,23.30,-55.51,-991.37,70.0,-691.25,-288.75,1,94.215,
01/01/2000,00:54:53.38,23.67,-56.00,-991.37,297.50,-603.75,-463.75,1,94.217,
01/01/2000,00:54:53.39,23.91,-55.63,-991.86,236.25,-717.50,-586.25,1,94.218,
01/01/2000,00:54:53.40,23.79,-55.39,-992.35,148.75,-778.75,-253.75,1,94.219,
01/01/2000,00:54:53.41,22.45,-55.39,-992.59,78.75,-726.25,26.25,1,94.200,
01/01/2000,00:54:53.42,20.98,-55.63,-992.59,236.25,-796.25,-341.25,1,94.201,
01/01/2000,00:54:53.43,19.76,-55.63,-993.20,8.75,-691.25,-533.75,1,94.202,
01/01/2000,00:54:53.44,19.76,-55.63,-993.69,113.75,-813.75,-472.50,1,94.204,
01/01/2000,00:54:53.45,20.50,-55.51,-993.81,236.25,-647.50,-498.75,1,94.205,
01/01/2000,00:54:53.46,21.59,-55.14,-993.45,78.75,-735.0,-420.0,1,94.206,
01/01/2000,00:54:53.47,22.69,-55.27,-992.47,140.0,-682.50,-175.0,1,94.207,
01/01/2000,00:54:53.49,24.28,-55.75,-991.13,113.75,-831.25,-376.25,1,94.209,
01/01/2000,00:54:53.50,25.25,-56.12,-990.15,70.0,-665.0,-393.75,1,94.210,
01/01/2000,00:54:53.51,25.01,-56.12,-990.15,87.50,-700.0,-367.50,1,94.211,
01/01/2000,00:54:53.52,24.03,-55.88,-990.64,315.0,-708.75,-236.25,1,94.213,
01/01/2000,00:54:53.53,22.20,-55.75,-991.37,35.0,-840.0,-315.0,1,94.214,
01/01/2000,00:54:53.54,20.50,-55.75,-992.84,280.0,-726.25,-551.25,1,94.215,
01/01/2000,00:54:53.55,18.79,-55.14,-993.81,157.50,-717.50,-463.75,1,94.216,
01/01/2000,00:54:53.56,19.15,-54.90,-994.54,245.0,-595.0,-455.0,1,94.218,
01/01/2000,00:54:53.57,20.25,-54.90,-994.30,175.0,-630.0,-455.0,1,94.219,
01/01/2000,00:54:53.58,21.47,-54.90,-993.32,113.75,-761.25,-271.25,1,94.220,
01/01/2000,00:54:53.59,22.69,-55.39,-991.98,113.75,-682.50,-271.25,1,94.221,
01/01/2000,00:54:53.60,23.67,-56.24,-990.15,192.50,-840.0,-498.75,1,94.223,
01/01/2000,00:54:53.61,24.28,-56.12,-989.91,218.75,-787.50,-376.25,1,94.224,
01/01/2000,00:54:53.62,24.64,-56.00,-990.40,166.25,-866.25,-472.50,1,94.204,
01/01/2000,00:54:53.63,23.42,-55.27,-991.01,-43.75,-770.0,-183.75,1,94.206,
01/01/2000,00:54:53.64,21.84,-55.39,-991.49,148.75,-735.0,-105.0,1,94.207,
01/01/2000,00:54:53.65,20.25,-55.27,-992.71,175.0,-612.50,-525.0,1,94.208,
01/01/2000,00:54:53.66,19.52,-55.02,-993.69,148.75,-673.75,-647.50,1,94.210,
01/01/2000,00:54:53.67,20.25,-55.14,-994.30,113.75,-682.50,-341.25,1,94.211,
01/01/2000,00:54:53.68,21.35,-55.39,-994.18,218.75,-612.50,-420.0,1,94.212,
01/01/2000,00:54:53.70,23.06,-55.63,-993.08,192.50,-831.25,-323.75,1,94.213,
01/01/2000,00:54:53.72,24.03,-56.12,-990.88,253.75,-735.0,-323.75,1,94.194,
01/01/2000,00:54:53.73,24.40,-56.12,-990.40,192.50,-857.50,-358.75,1,94.195,
01/01/2000,00:54:53.74,23.91,-55.75,-990.52,201.25,-743.75,-280.0,1,94.197,
01/01/2000,00:54:53.75,22.45,-55.63,-990.88,192.50,-656.25,-78.75,1,94.198,
01/01/2000,00:54:53.76,20.37,-55.63,-991.62,113.75,-743.75,17.50,1,94.199,
01/01/2000,00:54:53.77,18.30,-55.63,-992.84,192.50,-778.75,-516.25,1,94.200,
01/01/2000,00:54:53.78,16.23,-55.27,-994.79,227.50,-656.25,-411.25,1,94.202,
01/01/2000,00:54:53.79,15.62,-55.14,-995.03,-8.75,-700.0,-253.75,1,94.203,
01/01/2000,00:54:53.80,14.88,-55.14,-994.67,210.0,-700.0,-280.0,1,94.204,
01/01/2000,00:54:53.81,14.27,-55.02,-993.32,87.50,-735.0,-280.0,1,94.205,
01/01/2000,00:54:53.82,13.18,-55.51,-991.13,280.0,-770.0,-140.0,1,94.207,
01/01/2000,00:54:53.83,12.69,-55.63,-990.15,78.75,-700.0,-367.50,1,94.208,
01/01/2000,00:54:53.84,12.57,-56.12,-990.27,218.75,-691.25,-420.0,1,94.209,
01/01/2000,00:54:53.85,13.30,-55.88,-991.25,201.25,-726.25,-603.75,1,94.211,
01/01/2000,00:54:53.86,13.66,-55.51,-991.62,157.50,-638.75,-288.75,1,94.212,
01/01/2000,00:54:53.87,13.30,-55.27,-991.62,43.75,-638.75,-96.25,1,94.213,
01/01/2000,00:54:53.88,11.47,-55.14,-991.13,122.50,-796.25,245.0,1,94.214,
01/01/2000,00:54:53.89,9.27,-55.39,-990.88,52.50,-752.50,-61.25,1,94.216,
01/01/2000,00:54:53.90,6.71,-56.00,-991.74,402.50,-735.0,-551.25,1,94.217,
01/01/2000,00:54:53.91,5.25,-55.88,-992.84,122.50,-840.0,-280.0,1,94.218,
01/01/2000,00:54:53.92,4.15,-55.75,-993.57,166.25,-778.75,-288.75,1,94.219,
01/01/2000,00:54:53.93,3.17,-55.39,-993.69,297.50,-612.50,-358.75,1,94.221,
01/01/2000,00:54:53.94,2.68,-54.90,-992.84,17.50,-551.25,-288.75,1,94.222,
01/01/2000,00:54:53.95,3.42,-54.41,-991.98,70.0,-595.0,-437.50,1,94.223,
01/01/2000,00:54:53.96,4.88,-54.78,-991.37,358.75,-595.0,-288.75,1,94.224,
01/01/2000,00:54:53.97,6.59,-55.14,-990.88,87.50,-743.75,-411.25,1,94.226,
01/01/2000,00:54:53.98,9.15,-55.88,-990.40,166.25,-770.0,-271.25,1,94.206,
01/01/2000,00:54:54.00,10.74,-56.36,-990.52,122.50,-708.75,-297.50,1,94.208,
01/01/2000,00:54:54.01,10.98,-56.00,-990.76,218.75,-796.25,-262.50,1,94.209,
01/01/2000,00:54:54.02,10.74,-55.88,-991.13,253.75,-743.75,-87.50,1,94.210,
01/01/2000,00:54:54.03,10.25,-55.63,-991.98,271.25,-761.25,-271.25,1,94.211,
01/01/2000,00:54:54.04,10.13,-55.02,-993.45,218.75,-630.0,-236.25,1,94.213,
01/01/2000,00:54:54.05,10.13,-54.90,-993.69,35.0,-726.25,-227.50,1,94.214,
01/01/2000,00:54:54.06,12.32,-55.27,-993.57,271.25,-595.0,-350.0,1,94.215,
01/01/2000,00:54:54.07,14.40,-55.14,-993.32,105.0,-647.50,-498.75,1,94.216,
01/01/2000,00:54:54.08,16.23,-55.63,-992.59,131.25,-700.0,-87.50,1,94.218,
01/01/2000,00:54:54.09,17.08,-56.00,-991.49,201.25,-691.25,-341.25,1,94.219,
01/01/2000,00:54:54.10,17.81,-56.24,-990.52,253.75,-586.25,-315.0,1,94.220,
01/01/2000,00:54:54.11,18.30,-56.12,-990.88,245.0,-761.25,-411.25,1,94.222,
01/01/2000,00:54:54.12,18.79,-55.51,-992.10,122.50,-691.25,-166.25,1,94.202,
01/01/2000,00:54:54.13,19.03,-55.14,-992.35,201.25,-700.0,-61.25,1,94.204,
01/01/2000,00:54:54.14,18.91,-55.02,-992.35,131.25,-612.50,-148.75,1,94.205,
01/01/2000,00:54:54.15,19.03,-54.90,-992.23,210.0,-612.50,-253.75,1,94.206,
01/01/2000,00:54:54.16,19.64,-55.39,-992.23,148.75,-717.50,-306.25,1,94.207,
01/01/2000,00:54:54.17,20.25,-55.63,-992.35,192.50,-700.0,-402.50,1,94.209,
01/01/2000,00:54:54.18,20.50,-56.00,-992.10,183.75,-770.0,-402.50,1,94.210,
01/01/2000,00:54:54.20,20.62,-56.12,-991.74,175.0,-621.25,-350.0,1,94.211,
01/01/2000,00:54:54.21,20.74,-55.63,-991.86,-17.50,-682.50,-332.50,1,94.212,
01/01/2000,00:54:54.22,20.98,-55.39,-992.23,183.75,-717.50,-271.25,1,94.214,
01/01/2000,00:54:54.23,20.98,-55.14,-992.47,61.25,-717.50,-131.25,1,94.194,
01/01/2000,00:54:54.24,21.11,-55.27,-992.47,306.25,-647.50,35.0,1,94.196,
01/01/2000,00:54:54.25,21.23,-55.51,-992.23,210.0,-621.25,-332.50,1,94.197,
01/01/2000,00:54:54.26,21.72,-55.88,-992.10,245.0,-743.75,-376.25,1,94.198,
01/01/2000,00:54:54.27,21.59,-55.88,-991.86,87.50,-665.0,-245.0,1,94.199,
01/01/2000,00:54:54.28,21.59,-55.88,-991.74,271.25,-647.50,-306.25,1,94.201,
01/01/2000,00:54:54.29,21.59,-55.39,-991.98,148.75,-577.50,-341.25,1,94.202,
01/01/2000,00:54:54.30,21.47,-55.14,-992.10,192.50,-726.25,-358.75,1,94.203,
01/01/2000,00:54:54.31,21.59,-55.14,-992.35,113.75,-682.50,-245.0,1,94.204,
01/01/2000,00:54:54.32,21.72,-55.27,-992.35,218.75,-603.75,-70.0,1,94.206,
01/01/2000,00:54:54.34,21.72,-55.39,-992.10,192.50,-717.50,-306.25,1,94.207,
01/01/2000,00:54:54.35,21.96,-55.51,-991.62,43.75,-673.75,-122.50,1,94.208,
01/01/2000,00:54:54.36,21.96,-55.51,-991.62,201.25,-647.50,-358.75,1,94.209,
01/01/2000,00:54:54.37,21.96,-55.63,-991.62,245.0,-787.50,-420.0,1,94.211,
01/01/2000,00:54:54.38,22.08,-55.27,-991.86,87.50,-752.50,-358.75,1,94.212,
01/01/2000,00:54:54.39,21.96,-55.27,-991.86,131.25,-682.50,-262.50,1,94.213,
01/01/2000,00:54:54.40,21.96,-55.14,-992.10,96.25,-682.50,-297.50,1,94.215,
01/01/2000,00:54:54.41,21.84,-55.14,-991.98,210.0,-700.0,-341.25,1,94.216,
01/01/2000,00:54:54.42,21.96,-55.02,-991.86,70.0,-735.0,-245.0,1,94.217,
01/01/2000,00:54:54.43,22.08,-55.14,-991.74,113.75,-752.50,-271.25,1,94.218,
01/01/2000,00:54:54.44,21.59,-55.39,-991.74,183.75,-700.0,-218.75,1,94.220,
01/01/2000,00:54:54.45,20.50,-55.51,-991.86,218.75,-752.50,17.50,1,94.221,
01/01/2000,00:54:54.46,19.76,-55.51,-991.86,61.25,-621.25,-157.50,1,94.222,
01/01/2000,00:54:54.47,17.93,-55.39,-991.86,332.50,-673.75,-367.50,1,94.203,
01/01/2000,00:54:54.48,17.20,-54.78,-991.86,17.50,-708.75,-35.0,1,94.204,
01/01/2000,00:54:54.49,16.10,-54.90,-991.37,315.0,-586.25,-52.50,1,94.205,
01/01/2000,00:54:54.50,13.79,-55.02,-991.25,131.25,-796.25,61.25,1,94.207,
01/01/2000,00:54:54.51,11.96,-55.51,-991.37,227.50,-700.0,-122.50,1,94.208,
01/01/2000,00:54:54.52,10.86,-55.88,-991.98,201.25,-778.75,-446.25,1,94.209,
01/01/2000,00:54:54.53,10.00,-55.75,-992.59,113.75,-630.0,-437.50,1,94.210,
01/01/2000,00:54:54.55,8.91,-55.27,-992.47,35.0,-708.75,-175.0,1,94.212,
01/01/2000,00:54:54.56,7.81,-54.90,-991.62,131.25,-612.50,96.25,1,94.213,
01/01/2000,00:54:54.57,7.08,-54.90,-991.37,96.25,-621.25,-17.50,1,94.214,
01/01/2000,00:54:54.58,6.71,-55.14,-991.74,140.0,-700.0,-140.0,1,94.215,
01/01/2000,00:54:54.59,5.98,-55.88,-992.47,297.50,-752.50,96.25,1,94.217,
01/01/2000,00:54:54.60,4.76,-55.88,-993.20,78.75,-612.50,8.75,1,94.218,
01/01/2000,00:54:54.61,3.42,-56.12,-993.08,201.25,-586.25,-201.25,1,94.219,
01/01/2000,00:54:54.62,3.29,-55.14,-992.35,122.50,-691.25,-376.25,1,94.220,
01/01/2000,00:54:54.63,4.15,-54.66,-991.86,166.25,-743.75,-280.0,1,94.222,
01/01/2000,00:54:54.64,5.86,-54.66,-991.49,183.75,-551.25,-218.75,1,94.223,
01/01/2000,00:54:54.65,7.56,-54.78,-990.88,131.25,-682.50,-61.25,1,94.224,
01/01/2000,00:54:54.66,9.15,-55.63,-989.42,35.0,-735.0,-105.0,1,94.225,
01/01/2000,00:54:54.67,9.76,-56.24,-989.05,183.75,-735.0,-87.50,1,94.227,
01/01/2000,00:54:54.68,10.86,-56.36,-989.42,218.75,-656.25,-402.50,1,94.208,
01/01/2000,00:54:54.70,12.20,-55.88,-991.13,358.75,-630.0,-341.25,1,94.209,
01/01/2000,00:54:54.71,12.81,-55.27,-991.74,148.75,-630.0,-105.0,1,94.210,
01/01/2000,00:54:54.72,12.93,-54.90,-991.86,122.50,-595.0,148.75,1,94.211,
01/01/2000,00:54:54.73,12.32,-54.90,-992.35,175.0,-700.0,61.25,1,94.213,
01/01/2000,00:54:54.74,12.44,-55.51,-992.71,236.25,-673.75,-262.50,1,94.214,
01/01/2000,00:54:54.75,12.81,-55.75,-993.08,122.50,-743.75,-288.75,1,94.215,
01/01/2000,00:54:54.76,14.15,-55.88,-992.84,175.0,-560.0,-507.50,1,94.216,
01/01/2000,00:54:54.77,15.49,-55.75,-992.59,306.25,-691.25,-446.25,1,94.218,
01/01/2000,00:54:54.78,16.59,-55.14,-992.35,122.50,-673.75,-297.50,1,94.199,
01/01/2000,00:54:54.79,17.81,-55.02,-992.10,201.25,-665.0,-271.25,1,94.220,
01/01/2000,00:54:54.80,19.52,-55.63,-992.10,297.50,-673.75,-131.25,1,94.201,
01/01/2000,00:54:54.81,20.01,-55.39,-992.23,78.75,-673.75,-201.25,1,94.223,
01/01/2000,00:54:54.82,20.74,-55.88,-992.10,113.75,-665.0,-253.75,1,94.204,
01/01/2000,00:54:54.83,21.35,-56.36,-991.98,262.50,-673.75,-341.25,1,94.205,
01/01/2000,00:54:54.84,21.35,-55.63,-991.37,78.75,-682.50,-236.25,1,94.206,
01/01/2000,00:54:54.85,20.98,-55.88,-991.01,166.25,-735.0,-78.75,1,94.207,
01/01/2000,00:54:54.86,20.50,-55.63,-990.88,131.25,-577.50,-131.25,1,94.208,
01/01/2000,00:54:54.87,20.01,-55.39,-991.25,113.75,-726.25,-332.50,1,94.210,
01/01/2000,00:54:54.88,20.01,-55.39,-992.35,192.50,-630.0,-376.25,1,94.211,
01/01/2000,00:54:54.89,20.13,-55.39,-993.08,201.25,-726.25,-341.25,1,94.212,
01/01/2000,00:54:54.91,19.76,-55.39,-993.32,148.75,-752.50,-297.50,1,94.213,
01/01/2000,00:54:54.92,19.89,-55.63,-993.08,236.25,-551.25,-437.50,1,94.215,
01/01/2000,00:54:54.93,20.50,-55.63,-992.59,253.75,-595.0,-428.75,1,94.216,
01/01/2000,00:54:54.94,21.35,-55.14,-992.35,105.0,-735.0,-271.25,1,94.217,
01/01/2000,00:54:54.95,22.69,-55.39,-991.86,166.25,-577.50,-367.50,1,94.218,
01/01/2000,00:54:54.96,22.94,-55.51,-991.37,175.0,-586.25,-210.0,1,94.220,
01/01/2000,00:54:54.97,22.45,-55.63,-991.01,140.0,-726.25,-227.50,1,94.221,
01/01/2000,00:54:54.98,22.08,-56.00,-991.13,131.25,-840.0,-350.0,1,94.222,
01/01/2000,00:54:54.99,21.47,-55.75,-991.49,78.75,-682.50,-402.50,1,94.223,
01/01/2000,00:54:55.00,21.11,-55.63,-992.23,70.0,-665.0,-315.0,1,94.225,
01/01/2000,00:54:55.01,20.50,-55.27,-992.59,96.25,-577.50,-358.75,1,94.226,
01/01/2000,00:54:55.02,20.74,-55.14,-992.71,271.25,-577.50,-437.50,1,94.227,
01/01/2000,00:54:55.03,21.59,-55.27,-992.59,218.75,-560.0,-358.75,1,94.228,
01/01/2000,00:54:55.05,23.42,-55.14,-991.86,122.50,-708.75,-236.25,1,94.209,
01/01/2000,00:54:55.06,24.16,-55.51,-990.76,245.0,-752.50,-183.75,1,94.211,
01/01/2000,00:54:55.07,23.55,-55.88,-989.66,96.25,-691.25,-271.25,1,94.212,
01/01/2000,00:54:55.08,23.30,-56.24,-989.66,350.0,-743.75,-428.75,1,94.213,
01/01/2000,00:54:55.09,22.94,-56.12,-990.40,175.0,-708.75,-577.50,1,94.214,
01/01/2000,00:54:55.10,22.20,-55.39,-991.49,87.50,-682.50,-393.75,1,94.216,
01/01/2000,00:54:55.11,21.96,-55.14,-992.84,227.50,-708.75,-323.75,1,94.217,
01/01/2000,00:54:55.12,20.86,-54.90,-993.20,78.75,-656.25,-262.50,1,94.218,
01/01/2000,00:54:55.13,20.01,-55.14,-993.08,26.25,-726.25,-148.75,1,94.219,
01/01/2000,00:54:55.14,20.62,-55.63,-993.08,280.0,-708.75,-490.0,1,94.221,
01/01/2000,00:54:55.15,21.59,-55.51,-992.84,323.75,-700.0,-708.75,1,94.222,
01/01/2000,00:54:55.16,22.94,-55.27,-992.47,43.75,-656.25,-148.75,1,94.223,
01/01/2000,00:54:55.17,23.42,-55.63,-991.25,43.75,-700.0,17.50,1,94.224,
01/01/2000,00:54:55.18,22.94,-55.88,-990.88,262.50,-752.50,-367.50,1,94.205,
01/01/2000,00:54:55.19,22.57,-55.75,-991.37,140.0,-708.75,-638.75,1,94.207,
01/01/2000,00:54:55.20,22.69,-55.63,-992.10,227.50,-621.25,-420.0,1,94.208,
01/01/2000,00:54:55.21,22.81,-55.14,-992.59,87.50,-726.25,-288.75,1,94.209,
01/01/2000,00:54:55.22,22.45,-55.14,-992.59,245.0,-656.25,-253.75,1,94.210,
01/01/2000,00:54:55.23,21.84,-55.27,-992.35,218.75,-630.0,-437.50,1,94.212,
01/01/2000,00:54:55.25,21.23,-55.63,-992.10,210.0,-638.75,-586.25,1,94.213,
01/01/2000,00:54:55.26,22.69,-55.88,-992.23,122.50,-630.0,-586.25,1,94.194,
01/01/2000,00:54:55.27,23.42,-55.39,-992.23,183.75,-665.0,-420.0,1,94.195,
01/01/2000,00:54:55.28,23.91,-55.39,-991.86,70.0,-857.50,-113.75,1,94.196,
01/01/2000,00:54:55.29,22.81,-55.75,-991.25,288.75,-726.25,-131.25,1,94.198,
01/01/2000,00:54:55.30,21.72,-55.75,-991.37,148.75,-813.75,-411.25,1,94.199,
01/01/2000,00:54:55.31,20.98,-56.12,-991.86,192.50,-778.75,-463.75,1,94.200,
01/01/2000,00:54:55.32,20.74,-56.00,-992.71,210.0,-691.25,-490.0,1,94.201,
01/01/2000,00:54:55.33,20.74,-55.51,-993.57,96.25,-673.75,-341.25,1,94.203,
01/01/2000,00:54:55.34,20.74,-55.39,-993.57,122.50,-770.0,-280.0,1,94.204,
01/01/2000,00:54:55.35,20.13,-55.51,-993.08,131.25,-691.25,-262.50,1,94.205,
01/01/2000,00:54:55.36,19.64,-55.51,-992.71,166.25,-647.50,-525.0,1,94.206,
01/01/2000,00:54:55.37,21.11,-56.12,-992.84,367.50,-630.0,-560.0,1,94.208,
01/01/2000,00:54:55.38,22.94,-55.39,-992.96,140.0,-673.75,-988.75,1,94.209,
01/01/2000,00:54:55.40,25.38,-55.39,-992.10,201.25,-656.25,-131.25,1,94.210,
01/01/2000,00:54:55.41,25.99,-55.51,-991.13,26.25,-743.75,157.50,1,94.211,
01/01/2000,00:54:55.42,25.25,-56.00,-990.27,245.0,-691.25,-166.25,1,94.212,
01/01/2000,00:54:55.43,24.16,-56.24,-990.40,131.25,-813.75,-516.25,1,94.214,
01/01/2000,00:54:55.44,22.33,-56.24,-991.25,192.50,-691.25,-437.50,1,94.215,
01/01/2000,00:54:55.45,21.72,-55.88,-992.47,253.75,-577.50,-376.25,1,94.216,
01/01/2000,00:54:55.46,21.23,-55.27,-993.57,210.0,-586.25,-428.75,1,94.217,
01/01/2000,00:54:55.47,20.50,-54.78,-993.81,201.25,-691.25,-8.75,1,94.219,
01/01/2000,00:54:55.48,20.01,-55.14,-993.20,236.25,-621.25,-411.25,1,94.220,
01/01/2000,00:54:55.49,20.98,-55.75,-992.59,157.50,-665.0,-630.0,1,94.221,
01/01/2000,00:54:55.50,22.20,-55.63,-992.35,166.25,-638.75,-761.25,1,94.222,
01/01/2000,00:54:55.51,23.67,-55.63,-992.10,-87.50,-612.50,-236.25,1,94.204,
01/01/2000,00:54:55.52,24.16,-56.00,-991.62,218.75,-770.0,-122.50,1,94.225,
01/01/2000,00:54:55.54,22.94,-55.88,-991.62,105.0,-717.50,-236.25,1,94.206,
01/01/2000,00:54:55.55,21.96,-55.88,-992.35,227.50,-577.50,-568.75,1,94.207,
01/01/2000,00:54:55.56,21.11,-55.39,-993.20,236.25,-647.50,-463.75,1,94.208,
01/01/2000,00:54:55.57,21.23,-54.78,-993.81,157.50,-586.25,-481.25,1,94.210,
01/01/2000,00:54:55.58,21.96,-54.66,-993.81,210.0,-717.50,-455.0,1,94.211,
01/01/2000,00:54:55.59,22.69,-55.02,-993.32,157.50,-603.75,-105.0,1,94.212,
01/01/2000,00:54:55.60,22.69,-55.63,-991.86,52.50,-700.0,-358.75,1,94.213,
01/01/2000,00:54:55.61,23.30,-56.61,-991.62,175.0,-682.50,-507.50,1,94.215,
01/01/2000,00:54:55.62,23.79,-56.00,-991.86,96.25,-752.50,-498.75,1,94.216,
01/01/2000,00:54:55.63,23.67,-55.88,-992.10,218.75,-726.25,-358.75,1,94.217,
01/01/2000,00:54:55.64,23.30,-55.51,-992.47,183.75,-717.50,-157.50,1,94.218,
01/01/2000,00:54:55.65,22.08,-55.39,-992.59,227.50,-630.0,-96.25,1,94.219,
01/01/2000,00:54:55.66,20.37,-55.63,-992.84,166.25,-603.75,-323.75,1,94.221,
01/01/2000,00:54:55.67,20.01,-55.88,-992.84,105.0,-568.75,-446.25,1,94.222,
01/01/2000,00:54:55.68,20.50,-55.75,-992.84,218.75,-726.25,-595.0,1,94.203,
01/01/2000,00:54:55.69,21.59,-55.63,-992.59,35.0,-708.75,-393.75,1,94.204,
01/01/2000,00:54:55.70,22.57,-55.39,-992.35,-8.75,-595.0,-280.0,1,94.206,
01/01/2000,00:54:55.71,23.06,-55.63,-991.74,78.75,-673.75,-236.25,1,94.207,
01/01/2000,00:54:55.72,23.55,-56.00,-991.62,61.25,-700.0,-393.75,1,94.208,
01/01/2000,00:54:55.73,23.79,-56.12,-991.86,393.75,-665.0,-411.25,1,94.209,
01/01/2000,00:54:55.75,24.03,-55.88,-992.59,183.75,-700.0,-253.75,1,94.211,
01/01/2000,00:54:55.76,23.55,-55.63,-992.71,148.75,-612.50,-306.25,1,94.192,
01/01/2000,00:54:55.77,22.08,-55.63,-992.71,157.50,-638.75,-271.25,1,94.193,
01/01/2000,00:54:55.78,21.47,-55.88,-992.59,148.75,-726.25,-306.25,1,94.194,
01/01/2000,00:54:55.79,20.74,-55.63,-992.47,8.75,-656.25,-507.50,1,94.196,
01/01/2000,00:54:55.80,20.98,-55.51,-992.59,253.75,-673.75,-437.50,1,94.197,
01/01/2000,00:54:55.81,21.23,-55.51,-992.59,166.25,-647.50,-437.50,1,94.198,
01/01/2000,00:54:55.82,21.23,-55.39,-992.35,-8.75,-761.25,-183.75,1,94.199,
01/01/2000,00:54:55.83,21.47,-55.63,-991.98,166.25,-778.75,-341.25,1,94.200,
01/01/2000,00:54:55.84,21.84,-55.88,-991.98,210.0,-647.50,-525.0,1,94.202,
01/01/2000,00:54:55.85,22.45,-55.63,-992.35,157.50,-673.75,-472.50,1,94.203,
01/01/2000,00:54:55.86,22.94,-55.63,-992.23,218.75,-603.75,-288.75,1,94.204,
01/01/2000,00:54:55.87,23.18,-55.63,-992.23,201.25,-717.50,-218.75,1,94.205,
01/01/2000,00:54:55.88,23.06,-55.51,-992.35,-78.75,-682.50,-341.25,1,94.207,
01/01/2000,00:54:55.90,22.69,-55.63,-992.59,253.75,-665.0,-428.75,1,94.208,
01/01/2000,00:54:55.91,22.20,-55.51,-992.59,43.75,-656.25,-306.25,1,94.209,
01/01/2000,00:54:55.92,21.96,-55.63,-992.59,157.50,-638.75,-420.0,1,94.210,
01/01/2000,00:54:55.93,21.59,-55.39,-992.71,166.25,-638.75,-428.75,1,94.211,
01/01/2000,00:54:55.94,21.84,-55.14,-992.84,192.50,-726.25,-315.0,1,94.213,
01/01/2000,00:54:55.95,21.96,-55.27,-992.84,122.50,-770.0,-288.75,1,94.214,
01/01/2000,00:54:55.96,22.94,-55.51,-992.23,78.75,-568.75,-463.75,1,94.215,
01/01/2000,00:54:55.97,23.67,-55.63,-992.23,341.25,-813.75,-481.25,1,94.216,
01/01/2000,00:54:55.98,24.03,-55.27,-992.10,175.0,-691.25,-201.25,1,94.217,
01/01/2000,00:54:55.99,24.03,-55.88,-991.62,262.50,-682.50,-358.75,1,94.219,
01/01/2000,00:54:56.00,23.42,-55.75,-991.98,140.0,-700.0,-428.75,1,94.220,
01/01/2000,00:54:56.01,22.57,-55.51,-992.47,218.75,-813.75,-358.75,1,94.221,
01/01/2000,00:54:56.02,22.20,-55.51,-993.08,157.50,-630.0,-376.25,1,94.222,
01/01/2000,00:54:56.03,21.84,-55.27,-993.32,218.75,-708.75,-323.75,1,94.204,
01/01/2000,00:54:56.04,22.08,-55.14,-992.96,131.25,-673.75,-376.25,1,94.205,
01/01/2000,00:54:56.05,21.84,-55.51,-992.59,183.75,-691.25,-306.25,1,94.206,
01/01/2000,00:54:56.06,21.72,-55.75,-992.47,227.50,-735.0,-280.0,1,94.207,
01/01/2000,00:54:56.07,21.96,-56.12,-992.10,306.25,-682.50,-525.0,1,94.209,
01/01/2000,00:54:56.08,22.57,-55.88,-992.35,280.0,-665.0,-560.0,1,94.210,
01/01/2000,00:54:56.10,23.55,-55.27,-992.84,140.0,-665.0,-411.25,1,94.211,
01/01/2000,00:54:56.11,24.16,-55.51,-992.84,113.75,-621.25,-148.75,1,94.212,
01/01/2000,00:54:56.12,23.79,-55.75,-992.35,140.0,-708.75,-35.0,1,94.213,
01/01/2000,00:54:56.13,23.42,-56.00,-991.98,43.75,-726.25,-332.50,1,94.215,
01/01/2000,00:54:56.14,23.18,-56.36,-991.98,271.25,-647.50,-533.75,1,94.216,
01/01/2000,00:54:56.15,23.06,-55.88,-992.47,192.50,-691.25,-411.25,1,94.217,
01/01/2000,00:54:56.16,23.30,-55.63,-992.84,148.75,-673.75,-420.0,1,94.218,
01/01/2000,00:54:56.17,22.33,-55.27,-992.71,17.50,-708.75,-70.0,1,94.220,
01/01/2000,00:54:56.18,21.47,-55.63,-992.10,148.75,-665.0,-288.75,1,94.201,
01/01/2000,00:54:56.19,21.23,-56.00,-991.62,192.50,-630.0,-516.25,1,94.222,
01/01/2000,00:54:56.20,21.59,-56.00,-991.37,253.75,-665.0,-595.0,1,94.204,
01/01/2000,00:54:56.21,22.45,-55.63,-991.74,61.25,-682.50,-542.50,1,94.224,
01/01/2000,00:54:56.22,24.16,-55.88,-992.35,78.75,-700.0,-210.0,1,94.206,
01/01/2000,00:54:56.23,24.16,-56.12,-992.96,122.50,-682.50,-183.75,1,94.207,
01/01/2000,00:54:56.25,22.94,-56.61,-992.96,113.75,-770.0,-87.50,1,94.208,
01/01/2000,00:54:56.26,21.47,-56.24,-992.35,148.75,-595.0,-577.50,1,94.210,
01/01/2000,00:54:56.27,20.98,-55.88,-992.23,17.50,-866.25,-341.25,1,94.211,
01/01/2000,00:54:56.28,20.50,-55.63,-992.47,113.75,-770.0,-245.0,1,94.212,
01/01/2000,00:54:56.29,20.25,-56.00,-992.59,192.50,-691.25,-262.50,1,94.213,
01/01/2000,00:54:56.30,20.01,-56.36,-992.47,157.50,-743.75,-297.50,1,94.214,
01/01/2000,00:54:56.31,21.47,-56.61,-992.35,236.25,-577.50,-735.0,1,94.196,
01/01/2000,00:54:56.32,23.18,-56.12,-992.59,201.25,-673.75,-813.75,1,94.197,
01/01/2000,00:54:56.33,25.13,-55.39,-992.47,96.25,-787.50,-507.50,1,94.198,
01/01/2000,00:54:56.34,26.23,-55.88,-991.86,201.25,-638.75,227.50,1,94.200,
01/01/2000,00:54:56.35,26.11,-56.49,-990.64,8.75,-656.25,35.0,1,94.201,
01/01/2000,00:54:56.36,24.40,-56.85,-990.76,262.50,-726.25,-420.0,1,94.202,
01/01/2000,00:54:56.37,23.18,-56.85,-991.49,183.75,-761.25,-700.0,1,94.203,
01/01/2000,00:54:56.38,21.96,-56.12,-992.59,131.25,-595.0,-446.25,1,94.204,
01/01/2000,00:54:56.39,21.23,-54.90,-995.15,201.25,-673.75,-455.0,1,94.206,
01/01/2000,00:54:56.40,20.62,-55.14,-995.64,157.50,-735.0,0.0,1,94.207,
01/01/2000,00:54:56.41,20.01,-55.39,-995.15,218.75,-717.50,-61.25,1,94.208,
01/01/2000,00:54:56.42,19.76,-55.88,-993.81,271.25,-656.25,-551.25,1,94.209,
01/01/2000,00:54:56.43,21.11,-56.24,-992.10,140.0,-700.0,-717.50,1,94.210,
01/01/2000,00:54:56.44,22.94,-56.36,-992.10,271.25,-735.0,-761.25,1,94.212,
01/01/2000,00:54:56.46,25.01,-55.88,-992.71,70.0,-796.25,-96.25,1,94.213,
01/01/2000,00:54:56.47,25.38,-56.12,-993.32,78.75,-787.50,-105.0,1,94.214,
01/01/2000,00:54:56.48,24.89,-56.24,-993.81,218.75,-560.0,-262.50,1,94.215,
01/01/2000,00:54:56.49,23.91,-56.00,-993.93,175.0,-700.0,-323.75,1,94.216,
01/01/2000,00:54:56.50,22.45,-55.63,-993.20,166.25,-656.25,-385.0,1,94.218,
01/01/2000,00:54:56.51,21.47,-55.63,-992.59,297.50,-700.0,-306.25,1,94.219,
01/01/2000,00:54:56.52,20.86,-55.39,-992.10,78.75,-778.75,-315.0,1,94.220,
01/01/2000,00:54:56.53,20.98,-55.88,-991.98,43.75,-682.50,-411.25,1,94.202,
01/01/2000,00:54:56.54,21.35,-56.12,-992.23,192.50,-717.50,-586.25,1,94.203,
01/01/2000,00:54:56.55,22.20,-56.00,-992.84,201.25,-586.25,-630.0,1,94.204,
01/01/2000,00:54:56.56,23.91,-55.88,-992.71,280.0,-665.0,-385.0,1,94.205,
01/01/2000,00:54:56.57,24.64,-55.88,-992.59,-8.75,-787.50,-245.0,1,94.206,
01/01/2000,00:54:56.58,24.64,-56.12,-992.10,192.50,-656.25,-175.0,1,94.208,
01/01/2000,00:54:56.60,23.67,-56.36,-991.98,341.25,-630.0,-253.75,1,94.209,
01/01/2000,00:54:56.61,22.81,-56.36,-991.98,236.25,-770.0,-350.0,1,94.210,
01/01/2000,00:54:56.62,20.98,-56.00,-992.47,87.50,-726.25,-367.50,1,94.211,
01/01/2000,00:54:56.63,20.01,-55.75,-992.59,323.75,-708.75,-306.25,1,94.212,
01/01/2000,00:54:56.64,19.40,-55.51,-992.71,166.25,-647.50,-376.25,1,94.214,
01/01/2000,00:54:56.65,19.15,-55.63,-992.59,192.50,-577.50,-288.75,1,94.215,
01/01/2000,00:54:56.66,20.01,-56.00,-992.47,253.75,-577.50,-700.0,1,94.216,
01/01/2000,00:54:56.67,22.45,-56.12,-992.59,227.50,-717.50,-498.75,1,94.217,
01/01/2000,00:54:56.68,25.13,-56.00,-992.84,26.25,-708.75,-341.25,1,94.218,
01/01/2000,00:54:56.69,26.11,-56.61,-992.84,367.50,-682.50,-297.50,1,94.220,
01/01/2000,00:54:56.70,25.86,-56.36,-993.08,43.75,-726.25,-218.75,1,94.221,
01/01/2000,00:54:56.71,24.89,-56.61,-993.20,148.75,-717.50,-105.0,1,94.222,
01/01/2000,00:54:56.72,22.69,-56.36,-993.08,122.50,-612.50,-507.50,1,94.223,
01/01/2000,00:54:56.73,21.23,-55.75,-992.96,113.75,-700.0,-367.50,1,94.224,
01/01/2000,00:54:56.74,19.64,-55.27,-992.71,78.75,-682.50,-315.0,1,94.206,
01/01/2000,00:54:56.75,19.03,-55.63,-992.47,271.25,-700.0,-393.75,1,94.207,
01/01/2000,00:54:56.76,19.03,-55.88,-992.23,236.25,-673.75,-385.0,1,94.209,
01/01/2000,00:54:56.78,20.86,-56.24,-992.35,253.75,-630.0,-910.0,1,94.210,
01/01/2000,00:54:56.79,23.91,-55.88,-992.96,148.75,-770.0,-603.75,1,94.211,
01/01/2000,00:54:56.80,25.25,-55.39,-993.32,113.75,-586.25,-113.75,1,94.212,
01/01/2000,00:54:56.81,26.11,-56.00,-993.32,218.75,-595.0,61.25,1,94.213,
01/01/2000,00:54:56.82,25.13,-56.61,-993.32,148.75,-770.0,-210.0,1,94.215,
01/01/2000,00:54:56.83,23.42,-56.61,-993.20,218.75,-700.0,-402.50,1,94.216,
01/01/2000,00:54:56.84,21.96,-56.36,-992.84,210.0,-735.0,-437.50,1,94.217,
01/01/2000,00:54:56.85,20.62,-55.88,-992.59,140.0,-665.0,-358.75,1,94.218,
01/01/2000,00:54:56.86,19.28,-55.63,-992.10,192.50,-665.0,-262.50,1,94.219,
01/01/2000,00:54:56.87,19.52,-55.75,-991.98,227.50,-595.0,-323.75,1,94.220,
01/01/2000,00:54:56.88,20.13,-56.12,-992.23,280.0,-700.0,-568.75,1,94.202,
01/01/2000,00:54:56.89,21.96,-56.36,-992.71,280.0,-603.75,-927.50,1,94.203,
01/01/2000,00:54:56.90,25.38,-56.36,-993.20,201.25,-691.25,-761.25,1,94.205,
01/01/2000,00:54:56.91,26.84,-56.00,-993.57,140.0,-778.75,-148.75,1,94.206,
01/01/2000,00:54:56.92,27.33,-56.24,-993.57,70.0,-822.50,113.75,1,94.207,
01/01/2000,00:54:56.93,26.84,-56.85,-993.57,306.25,-708.75,-455.0,1,94.208,
01/01/2000,00:54:56.94,25.01,-56.12,-993.32,87.50,-630.0,-472.50,1,94.209,
01/01/2000,00:54:56.96,23.91,-55.75,-992.59,148.75,-603.75,-490.0,1,94.211,
01/01/2000,00:54:56.97,24.40,-55.27,-992.35,157.50,-673.75,-507.50,1,94.212,
01/01/2000,00:54:56.98,25.62,-55.27,-991.98,218.75,-700.0,-481.25,1,94.213,
01/01/2000,00:54:56.99,27.45,-55.75,-991.74,131.25,-682.50,-323.75,1,94.214,
01/01/2000,00:54:57.00,29.65,-56.49,-991.86,210.0,-647.50,-542.50,1,94.215,
01/01/2000,00:54:57.01,33.67,-56.61,-992.35,-26.25,-708.75,-796.25,1,94.217,
01/01/2000,00:54:57.02,36.60,-56.12,-993.20,148.75,-682.50,-411.25,1,94.218,
01/01/2000,00:54:57.03,37.09,-56.00,-993.57,227.50,-787.50,52.50,1,94.219,
01/01/2000,00:54:57.04,36.48,-56.12,-993.32,113.75,-682.50,52.50,1,94.220,
01/01/2000,00:54:57.05,35.01,-56.49,-993.08,210.0,-700.0,-428.75,1,94.221,
01/01/2000,00:54:57.06,32.70,-56.36,-992.23,201.25,-691.25,-577.50,1,94.222,
01/01/2000,00:54:57.07,32.21,-56.12,-991.37,245.0,-665.0,-612.50,1,94.224,
01/01/2000,00:54:57.08,33.18,-55.51,-991.01,175.0,-691.25,-875.0,1,94.225,
01/01/2000,00:54:57.09,36.72,-55.63,-991.13,70.0,-735.0,-612.50,1,94.207,
01/01/2000,00:54:57.10,40.02,-55.88,-991.62,183.75,-726.25,-560.0,1,94.208,
01/01/2000,00:54:57.11,42.21,-56.61,-992.71,26.25,-848.75,-192.50,1,94.209,
01/01/2000,00:54:57.12,43.55,-57.34,-993.57,210.0,-822.50,-70.0,1,94.210,
01/01/2000,00:54:57.13,42.82,-57.10,-993.32,140.0,-621.25,-113.75,1,94.211,
01/01/2000,00:54:57.14,40.14,-56.73,-993.08,175.0,-743.75,-297.50,1,94.213,
01/01/2000,00:54:57.15,37.33,-56.00,-992.59,210.0,-682.50,-280.0,1,94.214,
01/01/2000,00:54:57.17,33.79,-55.51,-991.49,262.50,-761.25,-297.50,1,94.215,
01/01/2000,00:54:57.18,32.21,-55.39,-991.13,105.0,-551.25,-393.75,1,94.216,
01/01/2000,00:54:57.19,32.33,-56.49,-991.86,350.0,-551.25,-612.50,1,94.217,
01/01/2000,00:54:57.20,33.43,-56.61,-992.59,17.50,-805.0,-673.75,1,94.219,
01/01/2000,00:54:57.21,34.65,-56.61,-993.08,236.25,-743.75,-516.25,1,94.220,
01/01/2000,00:54:57.22,35.26,-56.36,-993.20,253.75,-857.50,-262.50,1,94.221,
01/01/2000,00:54:57.23,33.92,-56.12,-993.20,227.50,-796.25,43.75,1,94.203,
01/01/2000,00:54:57.24,30.50,-56.12,-992.59,140.0,-673.75,-52.50,1,94.204,
01/01/2000,00:54:57.25,28.55,-56.49,-992.10,262.50,-700.0,-621.25,1,94.205,
01/01/2000,00:54:57.26,27.57,-55.88,-992.23,280.0,-673.75,-822.50,1,94.206,
01/01/2000,00:54:57.27,27.33,-55.63,-992.35,61.25,-700.0,-271.25,1,94.208,
01/01/2000,00:54:57.29,27.33,-55.88,-992.35,341.25,-770.0,-148.75,1,94.209,
01/01/2000,00:54:57.30,26.47,-56.49,-992.35,0.0,-770.0,-332.50,1,94.210,
01/01/2000,00:54:57.31,25.74,-56.73,-992.35,175.0,-577.50,-402.50,1,94.211,
01/01/2000,00:54:57.32,25.38,-56.36,-992.35,148.75,-612.50,-402.50,1,94.212,
01/01/2000,00:54:57.33,24.77,-55.39,-992.47,210.0,-621.25,-385.0,1,94.214,
01/01/2000,00:54:57.34,24.77,-55.63,-992.35,218.75,-647.50,-227.50,1,94.215,
01/01/2000,00:54:57.35,24.64,-55.88,-992.35,140.0,-708.75,-315.0,1,94.216,
01/01/2000,00:54:57.36,24.52,-56.12,-992.35,-8.75,-656.25,-350.0,1,94.217,
01/01/2000,00:54:57.37,24.40,-56.73,-992.23,210.0,-621.25,-437.50,1,94.218,
01/01/2000,00:54:57.38,24.28,-56.36,-992.35,140.0,-700.0,-385.0,1,94.219,
01/01/2000,00:54:57.39,23.91,-56.12,-992.35,96.25,-595.0,-393.75,1,94.221,
01/01/2000,00:54:57.40,23.67,-55.75,-992.59,218.75,-691.25,-201.25,1,94.222,
01/01/2000,00:54:57.41,23.42,-56.12,-992.59,122.50,-682.50,-341.25,1,94.223,
01/01/2000,00:54:57.42,23.42,-56.24,-992.59,157.50,-630.0,-420.0,1,94.224,
01/01/2000,00:54:57.43,23.42,-56.61,-992.59,148.75,-805.0,-306.25,1,94.225,
01/01/2000,00:54:57.44,23.42,-56.61,-992.47,245.0,-805.0,-463.75,1,94.207,
01/01/2000,00:54:57.45,23.18,-56.61,-992.47,350.0,-735.0,-393.75,1,94.208,
01/01/2000,00:54:57.46,23.18,-56.24,-992.59,148.75,-665.0,-402.50,1,94.210,
01/01/2000,00:54:57.47,22.94,-56.12,-992.59,78.75,-752.50,-402.50,1,94.211,
01/01/2000,00:54:57.48,22.81,-56.12,-992.71,61.25,-717.50,-201.25,1,94.212,
01/01/2000,00:54:57.49,23.06,-56.12,-992.59,245.0,-700.0,-358.75,1,94.213,
01/01/2000,00:54:57.50,23.18,-56.12,-992.47,140.0,-805.0,-315.0,1,94.214,
01/01/2000,00:54:57.52,23.06,-56.24,-992.47,87.50,-717.50,-385.0,1,94.216,
01/01/2000,00:54:57.53,22.81,-56.00,-992.59,192.50,-691.25,-446.25,1,94.217,
01/01/2000,00:54:57.54,22.81,-55.88,-992.71,78.75,-630.0,-393.75,1,94.218,
01/01/2000,00:54:57.55,22.81,-55.88,-992.84,245.0,-612.50,-358.75,1,94.219,
01/01/2000,00:54:57.56,22.69,-55.88,-992.84,43.75,-691.25,-210.0,1,94.220,
01/01/2000,00:54:57.57,22.69,-56.24,-992.47,192.50,-752.50,-411.25,1,94.221,
01/01/2000,00:54:57.58,22.57,-56.36,-992.47,122.50,-586.25,-472.50,1,94.223,
01/01/2000,00:54:57.59,22.57,-56.24,-992.47,201.25,-770.0,-385.0,1,94.205,
01/01/2000,00:54:57.60,22.57,-56.00,-992.59,96.25,-787.50,-402.50,1,94.225,
01/01/2000,00:54:57.61,22.45,-55.75,-992.59,122.50,-770.0,-332.50,1,94.207,
01/01/2000,00:54:57.62,22.69,-55.88,-992.47,52.50,-665.0,-253.75,1,94.208,
01/01/2000,00:54:57.63,22.81,-55.88,-992.35,131.25,-665.0,-350.0,1,94.209,
01/01/2000,00:54:57.64,23.55,-55.88,-992.23,122.50,-647.50,-568.75,1,94.211,
01/01/2000,00:54:57.66,25.13,-55.63,-992.35,157.50,-691.25,-612.50,1,94.212,
01/01/2000,00:54:57.67,26.47,-55.75,-992.47,113.75,-577.50,-262.50,1,94.213,
01/01/2000,00:54:57.68,27.69,-56.00,-992.10,280.0,-717.50,-498.75,1,94.214,
01/01/2000,00:54:57.69,29.04,-55.63,-991.49,87.50,-621.25,-490.0,1,94.215,
01/01/2000,00:54:57.70,31.96,-55.63,-991.62,227.50,-656.25,-542.50,1,94.216,
01/01/2000,00:54:57.71,33.67,-55.75,-992.47,61.25,-787.50,-586.25,1,94.218,
01/01/2000,00:54:57.72,34.89,-56.00,-993.32,288.75,-735.0,-236.25,1,94.219,
01/01/2000,00:54:57.73,35.99,-56.24,-993.32,201.25,-673.75,-271.25,1,94.220,
01/01/2000,00:54:57.74,35.38,-56.00,-992.71,113.75,-708.75,-323.75,1,94.221,
01/01/2000,00:54:57.75,34.53,-55.88,-991.62,122.50,-621.25,-315.0,1,94.222,
01/01/2000,00:54:57.76,34.89,-55.63,-991.25,236.25,-638.75,-533.75,1,94.223,
01/01/2000,00:54:57.77,35.75,-55.39,-991.01,236.25,-735.0,-577.50,1,94.225,
01/01/2000,00:54:57.78,37.09,-55.63,-991.13,157.50,-647.50,-673.75,1,94.226,
01/01/2000,00:54:57.80,40.87,-56.12,-991.98,96.25,-752.50,-516.25,1,94.208,
01/01/2000,00:54:57.81,42.46,-56.49,-992.35,175.0,-682.50,-288.75,1,94.209,
01/01/2000,00:54:57.82,42.09,-56.24,-992.35,96.25,-743.75,-367.50,1,94.210,
01/01/2000,00:54:57.83,40.87,-56.00,-992.23,8.75,-647.50,-192.50,1,94.211,
01/01/2000,00:54:57.84,39.04,-55.88,-991.74,192.50,-682.50,-350.0,1,94.213,
01/01/2000,00:54:57.85,35.50,-55.51,-991.37,236.25,-656.25,-166.25,1,94.214,
01/01/2000,00:54:57.86,33.79,-55.63,-991.25,140.0,-787.50,-402.50,1,94.215,
01/01/2000,00:54:57.87,32.57,-55.63,-991.13,166.25,-630.0,-481.25,1,94.216,
01/01/2000,00:54:57.88,31.96,-55.63,-991.25,122.50,-752.50,-778.75,1,94.217,
01/01/2000,00:54:57.89,33.43,-55.63,-991.49,227.50,-682.50,-1023.75,1,94.218,
01/01/2000,00:54:57.90,34.89,-55.27,-991.98,157.50,-708.75,-743.75,1,94.220,
01/01/2000,00:54:57.91,35.62,-55.51,-992.10,105.0,-778.75,-157.50,1,94.221,
01/01/2000,00:54:57.92,35.38,-56.12,-991.98,105.0,-708.75,8.75,1,94.222,
01/01/2000,00:54:57.93,31.96,-56.49,-991.74,-8.75,-778.75,-17.50,1,94.223,
01/01/2000,00:54:57.94,28.79,-56.36,-991.49,61.25,-656.25,-402.50,1,94.205,
01/01/2000,00:54:57.95,26.11,-55.88,-991.37,140.0,-586.25,-621.25,1,94.206,
01/01/2000,00:54:57.96,24.40,-55.14,-991.86,148.75,-595.0,-647.50,1,94.208,
01/01/2000,00:54:57.97,24.40,-54.29,-992.10,201.25,-533.75,-551.25,1,94.209,
01/01/2000,00:54:57.98,25.62,-55.14,-992.35,227.50,-761.25,-227.50,1,94.210,
01/01/2000,00:54:57.99,26.96,-56.12,-992.59,113.75,-743.75,-192.50,1,94.211,
01/01/2000,00:54:58.01,28.79,-57.22,-992.71,105.0,-875.0,-656.25,1,94.212,
01/01/2000,00:54:58.02,29.28,-57.34,-992.71,35.0,-717.50,-402.50,1,94.213,
01/01/2000,00:54:58.03,28.06,-56.12,-993.08,157.50,-743.75,-192.50,1,94.215,
01/01/2000,00:54:58.04,25.99,-55.51,-993.08,148.75,-726.25,105.0,1,94.216,
01/01/2000,00:54:58.05,23.18,-55.63,-992.84,140.0,-752.50,210.0,1,94.217,
01/01/2000,00:54:58.06,20.50,-55.88,-992.35,175.0,-638.75,-551.25,1,94.218,
01/01/2000,00:54:58.07,18.79,-55.75,-991.86,175.0,-770.0,-787.50,1,94.219,
01/01/2000,00:54:58.08,19.40,-55.75,-991.86,201.25,-700.0,-796.25,1,94.220,
01/01/2000,00:54:58.09,22.20,-55.63,-991.98,8.75,-673.75,-490.0,1,94.222,
01/01/2000,00:54:58.10,24.28,-55.75,-992.23,70.0,-787.50,-376.25,1,94.223,
01/01/2000,00:54:58.11,25.50,-56.36,-992.23,166.25,-796.25,-271.25,1,94.224,
01/01/2000,00:54:58.12,26.11,-56.49,-992.35,-52.50,-761.25,-437.50,1,94.225,
01/01/2000,00:54:58.13,26.11,-56.36,-992.71,245.0,-735.0,-402.50,1,94.226,
01/01/2000,00:54:58.14,25.74,-55.63,-992.84,43.75,-682.50,-236.25,1,94.227,
01/01/2000,00:54:58.15,23.42,-55.27,-992.47,8.75,-875.0,78.75,1,94.210,
01/01/2000,00:54:58.16,21.72,-55.39,-991.98,148.75,-673.75,96.25,1,94.211,
01/01/2000,00:54:58.17,20.37,-55.75,-991.62,288.75,-647.50,-393.75,1,94.212,
01/01/2000,00:54:58.19,19.64,-55.63,-991.62,87.50,-673.75,-726.25,1,94.213,
01/01/2000,00:54:58.19,20.37,-55.51,-991.74,271.25,-647.50,-673.75,1,94.214,
01/01/2000,00:54:58.21,21.96,-55.14,-991.98,131.25,-656.25,-437.50,1,94.215,
01/01/2000,00:54:58.22,23.67,-55.02,-992.10,157.50,-673.75,-227.50,1,94.217,
01/01/2000,00:54:58.23,25.25,-55.88,-992.23,236.25,-708.75,-341.25,1,94.218,
01/01/2000,00:54:58.24,25.86,-56.12,-992.35,183.75,-682.50,-306.25,1,94.219,
01/01/2000,00:54:58.25,25.38,-56.12,-992.35,87.50,-831.25,-358.75,1,94.220,
01/01/2000,00:54:58.26,24.40,-56.00,-992.10,43.75,-743.75,-297.50,1,94.221,
01/01/2000,00:54:58.27,23.06,-55.75,-991.98,122.50,-743.75,-148.75,1,94.222,
01/01/2000,00:54:58.28,21.23,-55.51,-992.10,87.50,-770.0,-245.0,1,94.223,
01/01/2000,00:54:58.29,19.28,-55.75,-992.10,306.25,-586.25,-367.50,1,94.206,
01/01/2000,00:54:58.31,19.40,-55.51,-992.23,131.25,-638.75,-498.75,1,94.207,
01/01/2000,00:54:58.32,20.98,-55.63,-992.47,131.25,-726.25,-577.50,1,94.208,
01/01/2000,00:54:58.33,23.79,-55.63,-992.23,192.50,-673.75,-341.25,1,94.209,
01/01/2000,00:54:58.34,25.38,-55.88,-992.23,245.0,-726.25,-236.25,1,94.210,
01/01/2000,00:54:58.35,26.60,-56.36,-992.10,-35.0,-717.50,-288.75,1,94.212,
01/01/2000,00:54:58.36,26.96,-56.49,-991.98,148.75,-883.75,-402.50,1,94.213,
01/01/2000,00:54:58.37,26.35,-56.12,-992.47,-52.50,-717.50,-297.50,1,94.195,
01/01/2000,00:54:58.38,25.13,-55.88,-992.71,122.50,-691.25,-78.75,1,94.196,
01/01/2000,00:54:58.39,22.94,-55.75,-992.71,157.50,-752.50,148.75,1,94.197,
01/01/2000,00:54:58.40,20.37,-56.00,-992.35,157.50,-717.50,-227.50,1,94.199,
01/01/2000,00:54:58.41,17.69,-55.75,-992.23,87.50,-700.0,-507.50,1,94.200,
01/01/2000,00:54:58.42,17.45,-55.63,-992.23,245.0,-638.75,-761.25,1,94.201,
01/01/2000,00:54:58.43,18.67,-55.02,-992.47,140.0,-708.75,-463.75,1,94.202,
01/01/2000,00:54:58.44,21.47,-55.51,-992.59,183.75,-743.75,-70.0,1,94.203,
01/01/2000,00:54:58.45,23.42,-55.88,-992.71,70.0,-612.50,-288.75,1,94.204,
01/01/2000,00:54:58.46,24.89,-56.49,-992.47,271.25,-647.50,-385.0,1,94.205,
01/01/2000,00:54:58.47,25.74,-56.36,-992.23,70.0,-726.25,-245.0,1,94.207,
01/01/2000,00:54:58.48,25.50,-56.12,-991.37,253.75,-822.50,-218.75,1,94.208,
01/01/2000,00:54:58.49,23.67,-55.63,-991.25,105.0,-761.25,-131.25,1,94.209,
01/01/2000,00:54:58.51,22.08,-55.75,-992.10,148.75,-805.0,-131.25,1,94.210,
01/01/2000,00:54:58.52,20.86,-55.75,-992.59,358.75,-638.75,-455.0,1,94.211,
01/01/2000,00:54:58.53,19.52,-55.27,-992.96,350.0,-612.50,-446.25,1,94.212,
01/01/2000,00:54:58.54,20.13,-55.27,-992.47,-26.25,-656.25,-341.25,1,94.214,
01/01/2000,00:54:58.55,21.23,-55.51,-991.74,315.0,-726.25,-402.50,1,94.215,
01/01/2000,00:54:58.56,22.33,-55.63,-991.25,201.25,-717.50,-332.50,1,94.216,
01/01/2000,00:54:58.57,24.40,-56.12,-990.88,70.0,-700.0,-385.0,1,94.217,
01/01/2000,00:54:58.58,25.38,-56.36,-991.37,245.0,-778.75,-367.50,1,94.218,
01/01/2000,00:54:58.59,25.62,-55.88,-992.35,183.75,-796.25,-341.25,1,94.219,
01/01/2000,00:54:58.60,24.77,-55.75,-992.47,166.25,-691.25,-157.50,1,94.220,
01/01/2000,00:54:58.61,22.94,-55.39,-992.23,192.50,-717.50,0.0,1,94.222,
01/01/2000,00:54:58.62,20.74,-55.39,-991.74,175.0,-787.50,-175.0,1,94.223,
01/01/2000,00:54:58.63,18.54,-55.75,-991.62,271.25,-691.25,-560.0,1,94.224,
01/01/2000,00:54:58.64,18.67,-55.51,-992.59,131.25,-682.50,-778.75,1,94.206,
01/01/2000,00:54:58.65,20.01,-55.39,-992.84,35.0,-665.0,-560.0,1,94.207,
01/01/2000,00:54:58.66,21.47,-55.39,-992.10,183.75,-743.75,-218.75,1,94.209,
01/01/2000,00:54:58.67,22.81,-55.39,-991.13,122.50,-752.50,-262.50,1,94.210,
01/01/2000,00:54:58.68,23.91,-55.75,-990.15,113.75,-691.25,-288.75,1,94.211,
01/01/2000,00:54:58.69,25.62,-56.24,-990.64,52.50,-708.75,-341.25,1,94.212,
01/01/2000,00:54:58.70,26.23,-56.36,-991.49,253.75,-691.25,-402.50,1,94.213,
01/01/2000,00:54:58.72,25.62,-55.63,-991.49,0.0,-691.25,-297.50,1,94.214,
01/01/2000,00:54:58.73,23.79,-55.39,-990.76,367.50,-813.75,253.75,1,94.216,
01/01/2000,00:54:58.74,21.72,-55.27,-990.52,113.75,-761.25,-105.0,1,94.217,
01/01/2000,00:54:58.75,20.01,-55.88,-993.20,157.50,-691.25,-708.75,1,94.218,
01/01/2000,00:54:58.76,19.76,-56.12,-995.03,280.0,-638.75,-743.75,1,94.219,
01/01/2000,00:54:58.77,19.64,-55.75,-995.76,140.0,-603.75,-428.75,1,94.220,
01/01/2000,00:54:58.78,20.25,-55.39,-995.03,148.75,-560.0,-367.50,1,94.221,
01/01/2000,00:54:58.79,21.72,-55.27,-992.59,131.25,-647.50,-385.0,1,94.222,
01/01/2000,00:54:58.80,22.94,-55.27,-991.13,87.50,-761.25,-306.25,1,94.224,
01/01/2000,00:54:58.82,25.50,-56.36,-991.49,122.50,-805.0,-603.75,1,94.206,
01/01/2000,00:54:58.83,26.23,-56.36,-992.59,105.0,-778.75,-472.50,1,94.207,
01/01/2000,00:54:58.84,25.99,-55.88,-993.45,113.75,-813.75,-96.25,1,94.208,
01/01/2000,00:54:58.85,24.52,-55.88,-993.45,148.75,-778.75,175.0,1,94.209,
01/01/2000,00:54:58.86,20.86,-55.39,-992.10,61.25,-717.50,-157.50,1,94.211,
01/01/2000,00:54:58.87,18.79,-55.39,-991.49,148.75,-717.50,-428.75,1,94.212,
01/01/2000,00:54:58.88,17.93,-55.27,-991.37,96.25,-638.75,-586.25,1,94.213,
01/01/2000,00:54:58.89,19.40,-55.51,-992.10,245.0,-665.0,-831.25,1,94.214,
01/01/2000,00:54:58.90,21.59,-55.27,-992.59,70.0,-647.50,-542.50,1,94.215,
01/01/2000,00:54:58.91,23.42,-55.51,-992.35,113.75,-656.25,-210.0,1,94.216,
01/01/2000,00:54:58.92,24.89,-55.63,-991.62,113.75,-708.75,-288.75,1,94.217,
01/01/2000,00:54:58.93,25.62,-55.88,-990.15,350.0,-805.0,-148.75,1,94.219,
01/01/2000,00:54:58.94,25.62,-55.63,-989.91,175.0,-700.0,-437.50,1,94.220,
01/01/2000,00:54:58.95,25.13,-55.63,-990.27,245.0,-752.50,-271.25,1,94.221,
01/01/2000,00:54:58.96,23.67,-55.14,-990.88,-26.25,-717.50,-87.50,1,94.222,
01/01/2000,00:54:58.97,20.74,-55.63,-991.86,122.50,-708.75,157.50,1,94.223,
01/01/2000,00:54:58.98,18.79,-55.51,-992.59,253.75,-647.50,-358.75,1,94.224,
01/01/2000,00:54:58.99,17.81,-55.27,-992.96,96.25,-735.0,-822.50,1,94.225,
01/01/2000,00:54:59.00,19.40,-54.90,-992.96,122.50,-568.75,-577.50,1,94.208,
01/01/2000,00:54:59.01,21.35,-55.02,-992.47,192.50,-700.0,-280.0,1,94.209,
01/01/2000,00:54:59.02,22.94,-54.90,-991.62,201.25,-752.50,-183.75,1,94.210,
01/01/2000,00:54:59.03,24.52,-56.12,-991.13,113.75,-761.25,-218.75,1,94.211,
01/01/2000,00:54:59.04,24.64,-56.61,-990.88,105.0,-796.25,-218.75,1,94.213,
01/01/2000,00:54:59.05,24.40,-56.36,-991.37,-8.75,-717.50,-455.0,1,94.214,
01/01/2000,00:54:59.07,23.91,-55.51,-992.23,148.75,-726.25,-420.0,1,94.215,
01/01/2000,00:54:59.08,23.18,-54.78,-992.59,210.0,-682.50,17.50,1,94.216,
01/01/2000,00:54:59.09,21.23,-54.90,-992.47,61.25,-717.50,8.75,1,94.217,
01/01/2000,00:54:59.10,20.25,-55.63,-992.35,306.25,-665.0,-358.75,1,94.218,
01/01/2000,00:54:59.11,19.64,-55.88,-992.47,183.75,-603.75,-455.0,1,94.219,
01/01/2000,00:54:59.12,20.25,-55.88,-992.59,-96.25,-735.0,-796.25,1,94.221,
01/01/2000,00:54:59.13,21.59,-55.88,-992.47,227.50,-595.0,-630.0,1,94.222,
01/01/2000,00:54:59.14,23.67,-55.02,-992.10,0.0,-656.25,-140.0,1,94.204,
01/01/2000,00:54:59.15,24.40,-55.02,-991.37,131.25,-603.75,-113.75,1,94.224,
01/01/2000,00:54:59.16,24.40,-55.63,-991.13,157.50,-778.75,-52.50,1,94.207,
01/01/2000,00:54:59.17,23.91,-55.75,-991.37,262.50,-743.75,-350.0,1,94.208,
01/01/2000,00:54:59.18,23.79,-56.00,-991.62,192.50,-778.75,-393.75,1,94.209,
01/01/2000,00:54:59.19,23.18,-55.51,-991.74,8.75,-761.25,-131.25,1,94.210,
01/01/2000,00:54:59.20,21.35,-55.39,-991.86,148.75,-778.75,-175.0,1,94.211,
01/01/2000,00:54:59.22,19.76,-55.75,-992.23,183.75,-752.50,-393.75,1,94.212,
01/01/2000,00:54:59.23,19.52,-55.39,-992.59,140.0,-717.50,-437.50,1,94.213,
01/01/2000,00:54:59.24,20.01,-55.63,-992.71,183.75,-700.0,-498.75,1,94.215,
01/01/2000,00:54:59.25,20.86,-55.51,-992.59,218.75,-647.50,-358.75,1,94.216,
01/01/2000,00:54:59.26,22.69,-55.63,-992.10,140.0,-682.50,-367.50,1,94.217,
01/01/2000,00:54:59.27,24.03,-55.88,-991.62,192.50,-638.75,-367.50,1,94.218,
01/01/2000,00:54:59.28,24.77,-56.12,-991.01,122.50,-700.0,-306.25,1,94.219,
01/01/2000,00:54:59.29,25.01,-56.12,-991.01,166.25,-647.50,-428.75,1,94.220,
01/01/2000,00:54:59.30,25.25,-56.00,-991.37,315.0,-875.0,-315.0,1,94.221,
01/01/2000,00:54:59.31,24.77,-55.51,-991.74,52.50,-770.0,-43.75,1,94.222,
01/01/2000,00:54:59.32,21.96,-55.51,-991.74,-17.50,-822.50,105.0,1,94.205,
01/01/2000,00:54:59.33,20.01,-55.88,-991.98,271.25,-691.25,-166.25,1,94.206,
01/01/2000,00:54:59.35,18.79,-55.63,-992.59,297.50,-726.25,-612.50,1,94.207,
01/01/2000,00:54:59.36,18.79,-55.51,-993.20,122.50,-586.25,-568.75,1,94.209,
01/01/2000,00:54:59.37,20.01,-55.02,-993.08,166.25,-673.75,-533.75,1,94.210,
01/01/2000,00:54:59.38,21.72,-54.90,-992.59,192.50,-708.75,-315.0,1,94.211,
01/01/2000,00:54:59.39,23.06,-54.90,-991.74,175.0,-656.25,-210.0,1,94.212,
01/01/2000,00:54:59.40,24.16,-55.75,-990.40,140.0,-595.0,-271.25,1,94.213,
01/01/2000,00:54:59.41,24.28,-56.00,-989.79,183.75,-822.50,-315.0,1,94.214,
01/01/2000,00:54:59.42,24.40,-56.12,-990.15,35.0,-796.25,-420.0,1,94.215,
01/01/2000,00:54:59.43,23.42,-55.51,-991.01,96.25,-822.50,-8.75,1,94.216,
01/01/2000,00:54:59.44,21.35,-55.14,-991.62,131.25,-665.0,-8.75,1,94.218,
01/01/2000,00:54:59.45,20.01,-55.14,-992.35,227.50,-603.75,-376.25,1,94.219,
01/01/2000,00:54:59.46,19.52,-54.41,-992.84,131.25,-612.50,-568.75,1,94.220,
01/01/2000,00:54:59.47,20.25,-54.53,-993.08,175.0,-525.0,-393.75,1,94.221,
01/01/2000,00:54:59.48,22.81,-55.02,-992.84,148.75,-708.75,-481.25,1,94.222,
01/01/2000,00:54:59.49,24.89,-55.51,-991.86,218.75,-778.75,-175.0,1,94.205,
01/01/2000,00:54:59.50,25.62,-55.88,-990.76,192.50,-761.25,-175.0,1,94.206,
01/01/2000,00:54:59.51,25.13,-56.24,-990.03,175.0,-778.75,-201.25,1,94.207,
01/01/2000,00:54:59.52,24.16,-55.88,-990.03,17.50,-752.50,-411.25,1,94.208,
01/01/2000,00:54:59.53,22.81,-55.63,-991.37,306.25,-735.0,-402.50,1,94.209,
01/01/2000,00:54:59.54,21.72,-54.90,-992.47,105.0,-691.25,-253.75,1,94.211,
01/01/2000,00:54:59.55,20.01,-54.90,-993.20,192.50,-673.75,122.50,1,94.212,
01/01/2000,00:54:59.57,18.18,-55.27,-993.57,131.25,-630.0,-437.50,1,94.213,
01/01/2000,00:54:59.58,18.06,-55.51,-993.57,236.25,-647.50,-630.0,1,94.214,
01/01/2000,00:54:59.59,19.28,-55.39,-993.32,52.50,-621.25,-700.0,1,94.215,
01/01/2000,00:54:59.60,22.08,-55.51,-991.98,192.50,-656.25,-315.0,1,94.216,
01/01/2000,00:54:59.61,23.42,-55.14,-990.88,52.50,-805.0,-210.0,1,94.217,
01/01/2000,00:54:59.62,24.16,-55.39,-989.91,17.50,-805.0,-183.75,1,94.218,
01/01/2000,00:54:59.63,24.28,-56.00,-989.54,96.25,-717.50,-297.50,1,94.220,
01/01/2000,00:54:59.64,24.28,-55.88,-990.88,61.25,-787.50,-481.25,1,94.221,
01/01/2000,00:54:59.65,24.16,-55.39,-992.47,78.75,-691.25,-227.50,1,94.222,
01/01/2000,00:54:59.66,22.81,-55.27,-992.96,131.25,-735.0,-52.50,1,94.223,
01/01/2000,00:54:59.67,21.23,-54.90,-992.96,35.0,-840.0,0.0,1,94.224,
01/01/2000,00:54:59.68,20.01,-54.90,-992.84,262.50,-560.0,-253.75,1,94.225,
01/01/2000,00:54:59.69,19.28,-55.14,-992.84,157.50,-612.50,-551.25,1,94.226,
01/01/2000,00:54:59.70,19.76,-55.14,-992.84,166.25,-638.75,-428.75,1,94.209,
01/01/2000,00:54:59.71,21.72,-55.14,-992.59,140.0,-805.0,-411.25,1,94.210,
01/01/2000,00:54:59.72,22.69,-55.39,-992.10,183.75,-682.50,-271.25,1,94.211,
01/01/2000,00:54:59.73,23.18,-55.39,-991.13,131.25,-796.25,-105.0,1,94.212,
01/01/2000,00:54:59.74,23.30,-55.51,-990.64,52.50,-656.25,-446.25,1,94.214,
01/01/2000,00:54:59.75,23.55,-55.63,-990.76,288.75,-691.25,-367.50,1,94.215,
01/01/2000,00:54:59.76,24.16,-55.51,-991.49,96.25,-700.0,-341.25,1,94.216,
01/01/2000,00:54:59.78,23.18,-55.27,-991.86,113.75,-752.50,-35.0,1,94.217,
01/01/2000,00:54:59.79,21.84,-55.63,-992.10,192.50,-691.25,0.0,1,94.218,
01/01/2000,00:54:59.80,20.25,-55.75,-992.35,253.75,-778.75,-323.75,1,94.219,
01/01/2000,00:54:59.81,19.52,-55.39,-992.84,201.25,-595.0,-568.75,1,94.220,
01/01/2000,00:54:59.82,20.13,-55.39,-993.57,175.0,-743.75,-638.75,1,94.221,
01/01/2000,00:54:59.83,21.72,-54.90,-993.20,105.0,-560.0,-367.50,1,94.204,
01/01/2000,00:54:59.84,22.94,-55.14,-992.35,175.0,-708.75,-271.25,1,94.205,
01/01/2000,00:54:59.85,24.52,-55.39,-990.76,-43.75,-717.50,-245.0,1,94.207,
01/01/2000,00:54:59.86,25.01,-55.75,-990.03,201.25,-743.75,-288.75,1,94.208,
01/01/2000,00:54:59.87,25.13,-55.88,-989.79,105.0,-708.75,-393.75,1,94.209,
01/01/2000,00:54:59.88,24.77,-56.12,-990.03,157.50,-717.50,-245.0,1,94.210,
01/01/2000,00:54:59.90,23.18,-55.88,-991.01,140.0,-805.0,122.50,1,94.211,
01/01/2000,00:54:59.91,20.50,-55.88,-991.86,192.50,-708.75,-297.50,1,94.212,
01/01/2000,00:54:59.92,19.28,-55.51,-993.20,183.75,-673.75,-603.75,1,94.213,
01/01/2000,00:54:59.93,18.79,-54.78,-994.30,70.0,-630.0,-393.75,1,94.214,
01/01/2000,00:54:59.94,19.76,-54.90,-994.30,140.0,-621.25,-350.0,1,94.216,
01/01/2000,00:54:59.95,20.74,-54.90,-993.57,113.75,-691.25,-280.0,1,94.217,
01/01/2000,00:54:59.96,21.84,-55.27,-992.35,78.75,-682.50,-315.0,1,94.218,
01/01/2000,00:54:59.97,22.94,-55.88,-990.88,210.0,-735.0,-463.75,1,94.219,
01/01/2000,00:54:59.98,24.03,-56.12,-989.42,-8.75,-743.75,-428.75,1,94.220,
01/01/2000,00:54:59.99,24.64,-56.00,-989.42,166.25,-700.0,-621.25,1,94.221,
01/01/2000,00:55:00.00,24.40,-55.75,-989.91,166.25,-901.25,-52.50,1,94.222,
01/01/2000,00:55:00.01,23.42,-55.27,-990.64,-105.0,-787.50,-52.50,1,94.223,
01/01/2000,00:55:00.02,20.98,-55.51,-991.62,271.25,-848.75,-87.50,1,94.224,
01/01/2000,00:55:00.03,19.76,-55.39,-992.59,140.0,-603.75,-647.50,1,94.226,
01/01/2000,00:55:00.04,19.52,-55.14,-993.57,157.50,-761.25,-656.25,1,94.227,
01/01/2000,00:55:00.05,20.13,-55.02,-994.18,341.25,-586.25,-481.25,1,94.228,
01/01/2000,00:55:00.06,21.96,-55.14,-993.81,87.50,-743.75,-253.75,1,94.229,
01/01/2000,00:55:00.07,23.18,-55.27,-992.35,-78.75,-743.75,-236.25,1,94.212,
01/01/2000,00:55:00.08,23.79,-55.88,-991.01,157.50,-726.25,-166.25,1,94.213,
01/01/2000,00:55:00.09,24.16,-56.12,-990.40,175.0,-673.75,-481.25,1,94.214,
01/01/2000,00:55:00.10,24.28,-55.75,-990.40,201.25,-761.25,-288.75,1,94.215,
01/01/2000,00:55:00.11,24.16,-55.39,-990.64,96.25,-778.75,-210.0,1,94.216,
01/01/2000,00:55:00.13,21.84,-55.39,-991.25,157.50,-735.0,78.75,1,94.217,
01/01/2000,00:55:00.14,18.54,-55.39,-992.84,245.0,-682.50,-297.50,1,94.219,
01/01/2000,00:55:00.15,16.96,-55.27,-994.06,183.75,-586.25,-481.25,1,94.220,
01/01/2000,00:55:00.16,15.86,-55.14,-995.03,113.75,-708.75,-420.0,1,94.221,
01/01/2000,00:55:00.17,15.13,-55.14,-995.03,175.0,-743.75,-253.75,1,94.222,
01/01/2000,00:55:00.18,14.40,-55.02,-993.45,157.50,-691.25,-280.0,1,94.223,
01/01/2000,00:55:00.19,13.66,-55.39,-991.74,192.50,-761.25,-315.0,1,94.224,
01/01/2000,00:55:00.20,12.93,-55.63,-989.91,26.25,-656.25,-402.50,1,94.225,
01/01/2000,00:55:00.21,12.69,-55.88,-989.79,262.50,-595.0,-472.50,1,94.226,
01/01/2000,00:55:00.22,13.42,-55.88,-990.27,245.0,-647.50,-560.0,1,94.227,
01/01/2000,00:55:00.23,13.66,-55.51,-991.13,140.0,-735.0,-218.75,1,94.229,
01/01/2000,00:55:00.24,13.30,-55.39,-991.62,227.50,-717.50,-105.0,1,94.230,
01/01/2000,00:55:00.25,11.71,-55.27,-991.13,122.50,-752.50,113.75,1,94.231,
01/01/2000,00:55:00.26,9.52,-55.27,-990.88,113.75,-813.75,96.25,1,94.232,
01/01/2000,00:55:00.27,6.83,-55.88,-991.86,227.50,-673.75,-542.50,1,94.215,
01/01/2000,00:55:00.28,5.49,-55.51,-992.96,166.25,-673.75,-253.75,1,94.216,
01/01/2000,00:55:00.29,4.39,-55.63,-993.93,140.0,-708.75,-192.50,1,94.217,
01/01/2000,00:55:00.30,3.42,-55.27,-993.81,376.25,-647.50,-376.25,1,94.218,
01/01/2000,00:55:00.31,2.93,-54.90,-992.84,140.0,-630.0,-271.25,1,94.219,
01/01/2000,00:55:00.32,3.66,-55.02,-991.74,201.25,-682.50,-341.25,1,94.220,
01/01/2000,00:55:00.35,7.44,-55.51,-990.52,122.50,-691.25,-306.25,1,94.203,
01/01/2000,00:55:00.36,8.91,-55.75,-990.27,52.50,-630.0,-315.0,1,94.205,
01/01/2000,00:55:00.37,10.00,-56.12,-990.15,157.50,-691.25,-376.25,1,94.206,
01/01/2000,00:55:00.38,10.74,-55.88,-990.76,157.50,-770.0,-297.50,1,94.207,
01/01/2000,00:55:00.39,10.49,-55.51,-991.25,70.0,-691.25,-140.0,1,94.208,
01/01/2000,00:55:00.40,10.13,-55.14,-991.86,140.0,-656.25,-87.50,1,94.209,
01/01/2000,00:55:00.41,10.25,-55.02,-992.59,157.50,-717.50,-262.50,1,94.210,
01/01/2000,00:55:00.42,10.49,-54.78,-993.45,17.50,-656.25,-280.0,1,94.211,
01/01/2000,00:55:00.43,11.83,-54.90,-993.57,87.50,-717.50,-288.75,1,94.212,
01/01/2000,00:55:00.44,13.54,-55.27,-993.57,367.50,-612.50,-385.0,1,94.213,
01/01/2000,00:55:00.45,15.25,-55.14,-993.08,78.75,-787.50,-262.50,1,94.215,
01/01/2000,00:55:00.46,16.96,-55.88,-991.62,253.75,-586.25,-227.50,1,94.216,
01/01/2000,00:55:00.47,17.69,-55.88,-990.88,140.0,-665.0,-323.75,1,94.217,
01/01/2000,00:55:00.48,18.18,-55.88,-990.76,288.75,-787.50,-288.75,1,94.218,
01/01/2000,00:55:00.49,19.03,-55.51,-991.49,-26.25,-630.0,-385.0,1,94.219,
01/01/2000,00:55:00.50,19.28,-55.27,-991.98,175.0,-586.25,-157.50,1,94.220,
01/01/2000,00:55:00.51,19.03,-54.90,-992.35,105.0,-691.25,-175.0,1,94.221,
01/01/2000,00:55:00.52,19.15,-55.14,-992.10,140.0,-665.0,-175.0,1,94.222,
01/01/2000,00:55:00.53,19.52,-55.27,-992.10,210.0,-638.75,-393.75,1,94.223,
01/01/2000,00:55:00.54,20.13,-55.63,-991.98,192.50,-752.50,-227.50,1,94.225,
01/01/2000,00:55:00.55,20.74,-55.75,-991.86,78.75,-717.50,-262.50,1,94.208,
01/01/2000,00:55:00.56,20.74,-55.75,-991.62,87.50,-752.50,-227.50,1,94.209,
01/01/2000,00:55:00.57,20.86,-55.63,-991.74,218.75,-752.50,-393.75,1,94.210,
01/01/2000,00:55:00.58,20.98,-55.51,-991.98,245.0,-621.25,-350.0,1,94.211,
01/01/2000,00:55:00.59,21.23,-55.39,-992.35,113.75,-735.0,-192.50,1,94.212,
01/01/2000,00:55:00.60,21.23,-55.39,-992.35,253.75,-630.0,-35.0,1,94.213,
01/01/2000,00:55:00.61,21.23,-55.51,-992.10,148.75,-656.25,-210.0,1,94.214,
01/01/2000,00:55:00.63,21.47,-55.63,-992.10,70.0,-595.0,-210.0,1,94.215,
01/01/2000,00:55:00.64,21.72,-55.88,-992.10,245.0,-673.75,-332.50,1,94.216,
01/01/2000,00:55:00.65,21.72,-56.00,-991.86,358.75,-752.50,-350.0,1,94.218,
01/01/2000,00:55:00.66,21.72,-55.75,-992.10,148.75,-726.25,-358.75,1,94.219,
01/01/2000,00:55:00.67,21.72,-55.63,-992.10,183.75,-752.50,-245.0,1,94.220,
01/01/2000,00:55:00.68,21.72,-55.39,-992.35,26.25,-700.0,-385.0,1,94.221,
01/01/2000,00:55:00.69,21.72,-55.39,-992.10,96.25,-717.50,-166.25,1,94.222,
01/01/2000,00:55:00.70,21.72,-55.39,-992.10,131.25,-612.50,-157.50,1,94.223,
01/01/2000,00:55:00.71,21.84,-55.63,-991.98,87.50,-708.75,-192.50,1,94.224,
01/01/2000,00:55:00.72,21.84,-55.63,-992.10,227.50,-630.0,-271.25,1,94.225,
01/01/2000,00:55:00.73,21.96,-55.63,-992.10,96.25,-603.75,-297.50,1,94.226,
01/01/2000,00:55:00.74,22.08,-55.63,-992.23,96.25,-691.25,-376.25,1,94.210,
01/01/2000,00:55:00.75,21.84,-55.51,-992.23,78.75,-726.25,-367.50,1,94.229,
01/01/2000,00:55:00.77,21.84,-55.39,-992.47,175.0,-752.50,-306.25,1,94.212,
01/01/2000,00:55:00.78,21.96,-55.27,-992.59,131.25,-665.0,-245.0,1,94.213,
01/01/2000,00:55:00.79,21.96,-55.39,-992.47,175.0,-682.50,-262.50,1,94.214,
01/01/2000,00:55:00.80,21.84,-55.39,-992.35,201.25,-612.50,-393.75,1,94.215,
01/01/2000,00:55:00.81,21.72,-55.63,-992.23,306.25,-752.50,-376.25,1,94.216,
01/01/2000,00:55:00.82,20.25,-55.63,-992.35,113.75,-761.25,-78.75,1,94.217,
01/01/2000,00:55:00.83,19.64,-55.51,-992.35,131.25,-656.25,-78.75,1,94.218,
01/01/2000,00:55:00.84,17.93,-55.51,-991.98,341.25,-708.75,-367.50,1,94.219,
01/01/2000,00:55:00.85,16.71,-54.78,-992.10,105.0,-831.25,-183.75,1,94.203,
01/01/2000,00:55:00.86,15.37,-55.02,-991.86,245.0,-770.0,140.0,1,94.204,
01/01/2000,00:55:00.87,12.81,-55.51,-991.86,236.25,-700.0,166.25,1,94.205,
01/01/2000,00:55:00.89,11.22,-55.88,-992.35,131.25,-673.75,-210.0,1,94.206,
01/01/2000,00:55:00.90,10.37,-56.12,-992.84,245.0,-717.50,-463.75,1,94.207,
01/01/2000,00:55:00.91,9.27,-55.75,-993.08,245.0,-665.0,-236.25,1,94.208,
01/01/2000,00:55:00.92,8.30,-54.90,-992.71,105.0,-551.25,-131.25,1,94.209,
01/01/2000,00:55:00.93,7.81,-55.02,-991.98,166.25,-735.0,-105.0,1,94.210,
01/01/2000,00:55:00.94,7.20,-54.90,-991.49,262.50,-726.25,26.25,1,94.211,
01/01/2000,00:55:00.95,6.71,-55.39,-991.74,96.25,-717.50,8.75,1,94.213,
01/01/2000,00:55:00.96,5.37,-56.12,-992.96,253.75,-621.25,61.25,1,94.214,
01/01/2000,00:55:00.97,4.15,-56.12,-993.32,61.25,-743.75,-166.25,1,94.215,
01/01/2000,00:55:00.98,3.29,-56.12,-993.32,210.0,-638.75,-210.0,1,94.216,
01/01/2000,00:55:00.99,3.05,-55.39,-993.08,52.50,-551.25,-455.0,1,94.217,
01/01/2000,00:55:01.00,4.15,-54.90,-992.35,192.50,-630.0,-227.50,1,94.218,
01/01/2000,00:55:01.01,5.86,-54.53,-991.74,26.25,-682.50,-245.0,1,94.219,
01/01/2000,00:55:01.02,7.44,-55.14,-991.13,201.25,-682.50,-96.25,1,94.220,
01/01/2000,00:55:01.03,8.78,-55.51,-990.03,-8.75,-857.50,87.50,1,94.221,
01/01/2000,00:55:01.04,10.00,-56.61,-989.18,70.0,-691.25,-87.50,1,94.222,
01/01/2000,00:55:01.05,11.22,-56.85,-990.40,210.0,-673.75,-507.50,1,94.223,
01/01/2000,00:55:01.06,12.57,-56.00,-991.37,87.50,-691.25,-376.25,1,94.225,
01/01/2000,00:55:01.07,12.93,-55.39,-992.10,131.25,-700.0,-210.0,1,94.226,
01/01/2000,00:55:01.08,13.18,-55.02,-992.35,166.25,-708.75,26.25,1,94.227,
01/01/2000,00:55:01.09,12.69,-54.90,-992.35,315.0,-612.50,236.25,1,94.228,
01/01/2000,00:55:01.10,12.44,-55.14,-992.59,61.25,-708.75,17.50,1,94.229,
01/01/2000,00:55:01.11,12.69,-55.63,-992.71,227.50,-612.50,-437.50,1,94.212,
01/01/2000,00:55:01.13,13.54,-55.88,-992.84,96.25,-682.50,-227.50,1,94.213,
01/01/2000,00:55:01.14,14.88,-56.00,-992.71,245.0,-656.25,-647.50,1,94.214,
01/01/2000,00:55:01.15,16.23,-55.88,-992.35,358.75,-813.75,-385.0,1,94.215,
01/01/2000,00:55:01.16,17.08,-55.14,-992.23,43.75,-761.25,-183.75,1,94.217,
01/01/2000,00:55:01.17,18.79,-55.51,-992.35,253.75,-752.50,-288.75,1,94.218,
01/01/2000,00:55:01.18,19.52,-55.39,-992.59,253.75,-586.25,-306.25,1,94.219,
01/01/2000,00:55:01.19,20.13,-55.27,-992.59,-43.75,-717.50,-192.50,1,94.220,
01/01/2000,00:55:01.20,20.98,-55.88,-992.23,332.50,-743.75,-245.0,1,94.221,
01/01/2000,00:55:01.21,21.11,-55.51,-991.86,87.50,-647.50,-315.0,1,94.222,
01/01/2000,00:55:01.22,21.11,-55.88,-991.37,70.0,-752.50,-78.75,1,94.223,
01/01/2000,00:55:01.23,20.50,-55.88,-991.13,236.25,-665.0,-122.50,1,94.224,
01/01/2000,00:55:01.24,20.13,-55.63,-991.74,183.75,-743.75,-297.50,1,94.225,
01/01/2000,00:55:01.25,20.13,-55.63,-992.47,105.0,-647.50,-402.50,1,94.226,
01/01/2000,00:55:01.26,19.89,-55.39,-993.45,148.75,-638.75,-192.50,1,94.210,
01/01/2000,00:55:01.27,19.52,-55.39,-993.81,105.0,-621.25,-210.0,1,94.211,
01/01/2000,00:55:01.28,19.64,-55.63,-993.57,227.50,-726.25,-315.0,1,94.212,
01/01/2000,00:55:01.29,20.50,-55.51,-993.08,323.75,-630.0,-446.25,1,94.213,
01/01/2000,00:55:01.30,21.47,-55.39,-992.59,96.25,-673.75,-472.50,1,94.214,
01/01/2000,00:55:01.31,22.33,-55.63,-992.35,140.0,-665.0,-323.75,1,94.215,
01/01/2000,00:55:01.32,23.06,-55.63,-991.74,175.0,-708.75,-148.75,1,94.216,
01/01/2000,00:55:01.34,22.69,-55.39,-991.37,70.0,-708.75,-280.0,1,94.217,
01/01/2000,00:55:01.35,22.45,-55.51,-991.37,78.75,-700.0,-332.50,1,94.218,
01/01/2000,00:55:01.36,21.72,-55.27,-991.98,122.50,-595.0,-297.50,1,94.220,
01/01/2000,00:55:01.37,20.98,-55.51,-992.35,140.0,-665.0,-210.0,1,94.203,
01/01/2000,00:55:01.38,20.74,-55.39,-992.96,183.75,-577.50,-437.50,1,94.204,
01/01/2000,00:55:01.39,20.98,-55.39,-992.96,227.50,-708.75,-385.0,1,94.205,
01/01/2000,00:55:01.40,22.20,-55.27,-992.84,201.25,-516.25,-638.75,1,94.206,
01/01/2000,00:55:01.41,23.79,-55.14,-991.62,70.0,-621.25,-210.0,1,94.207,
01/01/2000,00:55:01.42,24.03,-55.51,-990.52,192.50,-831.25,35.0,1,94.208,
01/01/2000,00:55:01.43,23.67,-55.75,-990.03,166.25,-673.75,-140.0,1,94.209,
01/01/2000,00:55:01.44,23.18,-56.12,-990.15,78.75,-647.50,-420.0,1,94.211,
01/01/2000,00:55:01.46,22.94,-56.12,-990.64,227.50,-726.25,-420.0,1,94.212,
01/01/2000,00:55:01.46,21.96,-55.51,-992.10,78.75,-630.0,-341.25,1,94.213,
01/01/2000,00:55:01.48,21.59,-55.39,-992.96,201.25,-647.50,-358.75,1,94.214,
01/01/2000,00:55:01.49,20.86,-55.02,-993.45,183.75,-603.75,-227.50,1,94.215,
01/01/2000,00:55:01.50,20.13,-55.02,-993.45,-61.25,-621.25,-113.75,1,94.216,
01/01/2000,00:55:01.51,20.74,-55.63,-993.20,17.50,-551.25,-428.75,1,94.217,
01/01/2000,00:55:01.52,21.47,-55.75,-993.08,393.75,-603.75,-498.75,1,94.218,
01/01/2000,00:55:01.53,22.45,-55.39,-992.71,8.75,-726.25,-350.0,1,94.219,
01/01/2000,00:55:01.54,23.18,-55.75,-991.62,148.75,-787.50,-157.50,1,94.220,
01/01/2000,00:55:01.55,22.81,-55.75,-991.25,157.50,-673.75,-323.75,1,94.221,
01/01/2000,00:55:01.56,22.45,-55.75,-991.25,210.0,-577.50,-463.75,1,94.222,
01/01/2000,00:55:01.57,22.45,-55.39,-991.74,61.25,-630.0,-455.0,1,94.224,
01/01/2000,00:55:01.58,22.57,-55.02,-992.84,341.25,-761.25,-253.75,1,94.225,
01/01/2000,00:55:01.59,22.33,-54.66,-993.08,26.25,-691.25,-253.75,1,94.226,
01/01/2000,00:55:01.60,21.96,-55.39,-992.96,297.50,-761.25,-201.25,1,94.227,
01/01/2000,00:55:01.61,21.35,-55.39,-992.84,-26.25,-586.25,-332.50,1,94.228,
01/01/2000,00:55:01.62,21.47,-55.88,-992.59,306.25,-717.50,-586.25,1,94.229,
01/01/2000,00:55:01.63,22.57,-55.51,-992.59,262.50,-682.50,-638.75,1,94.212,
01/01/2000,00:55:01.64,23.55,-55.02,-992.23,96.25,-743.75,-183.75,1,94.213,
01/01/2000,00:55:01.65,23.55,-55.63,-991.62,105.0,-708.75,17.50,1,94.215,
01/01/2000,00:55:01.66,22.81,-55.88,-991.13,157.50,-735.0,-70.0,1,94.216,
01/01/2000,00:55:01.67,21.72,-55.88,-991.49,105.0,-603.75,-533.75,1,94.217,
01/01/2000,00:55:01.69,21.11,-56.36,-992.59,192.50,-735.0,-428.75,1,94.218,
01/01/2000,00:55:01.70,20.86,-55.63,-993.69,166.25,-638.75,-358.75,1,94.219,
01/01/2000,00:55:01.71,20.74,-55.14,-993.81,52.50,-665.0,-253.75,1,94.220,
01/01/2000,00:55:01.72,20.50,-55.27,-993.45,166.25,-560.0,-376.25,1,94.221,
01/01/2000,00:55:01.73,20.01,-55.39,-993.08,210.0,-726.25,-358.75,1,94.222,
01/01/2000,00:55:01.74,19.89,-55.88,-992.84,157.50,-577.50,-472.50,1,94.223,
01/01/2000,00:55:01.75,21.96,-55.88,-993.08,323.75,-638.75,-962.50,1,94.224,
01/01/2000,00:55:01.76,24.64,-55.14,-992.59,122.50,-770.0,-367.50,1,94.225,
01/01/2000,00:55:01.77,25.86,-55.27,-991.49,210.0,-691.25,148.75,1,94.226,
01/01/2000,00:55:01.78,25.86,-55.39,-990.40,61.25,-708.75,26.25,1,94.228,
01/01/2000,00:55:01.79,25.01,-55.63,-989.91,35.0,-805.0,-210.0,1,94.229,
01/01/2000,00:55:01.80,23.06,-55.88,-990.64,245.0,-770.0,-490.0,1,94.230,
01/01/2000,00:55:01.81,22.08,-55.88,-991.49,297.50,-691.25,-542.50,1,94.231,
01/01/2000,00:55:01.82,21.59,-55.27,-992.59,78.75,-577.50,-577.50,1,94.232,
01/01/2000,00:55:01.83,20.86,-54.53,-993.57,113.75,-743.75,-183.75,1,94.215,
01/01/2000,00:55:01.84,20.01,-54.66,-993.32,227.50,-656.25,-201.25,1,94.216,
01/01/2000,00:55:01.85,20.01,-55.14,-992.59,61.25,-551.25,-498.75,1,94.217,
01/01/2000,00:55:01.86,21.59,-55.51,-992.47,253.75,-761.25,-778.75,1,94.219,
01/01/2000,00:55:01.88,23.55,-55.63,-991.86,70.0,-761.25,-262.50,1,94.220,
01/01/2000,00:55:01.89,24.03,-55.63,-991.62,183.75,-691.25,-87.50,1,94.221,
01/01/2000,00:55:01.90,23.18,-55.75,-991.62,218.75,-717.50,-113.75,1,94.222,
01/01/2000,00:55:01.91,22.08,-55.51,-991.98,218.75,-708.75,-341.25,1,94.223,
01/01/2000,00:55:01.92,21.23,-55.27,-992.71,288.75,-612.50,-455.0,1,94.224,
01/01/2000,00:55:01.93,21.23,-54.66,-993.81,192.50,-551.25,-568.75,1,94.225,
01/01/2000,00:55:01.94,22.20,-54.66,-994.06,105.0,-665.0,-420.0,1,94.226,
01/01/2000,00:55:01.95,22.94,-54.90,-993.57,218.75,-612.50,-218.75,1,94.227,
01/01/2000,00:55:01.96,23.06,-55.39,-992.71,157.50,-700.0,-105.0,1,94.228,
01/01/2000,00:55:01.97,23.42,-56.24,-991.62,218.75,-682.50,-428.75,1,94.212,
01/01/2000,00:55:01.98,23.79,-56.12,-991.62,227.50,-726.25,-542.50,1,94.213,
01/01/2000,00:55:01.99,24.03,-55.51,-991.98,-43.75,-752.50,-463.75,1,94.214,
01/01/2000,00:55:02.00,23.91,-55.51,-992.23,315.0,-691.25,-227.50,1,94.215,
01/01/2000,00:55:02.01,22.94,-55.14,-992.71,70.0,-761.25,-236.25,1,94.216,
01/01/2000,00:55:02.02,21.11,-55.27,-992.96,253.75,-630.0,-201.25,1,94.217,
01/01/2000,00:55:02.03,20.37,-55.39,-993.20,105.0,-630.0,-227.50,1,94.218,
01/01/2000,00:55:02.05,20.25,-55.63,-993.32,376.25,-673.75,-393.75,1,94.219,
01/01/2000,00:55:02.06,21.11,-55.27,-993.08,148.75,-630.0,-665.0,1,94.220,
01/01/2000,00:55:02.07,22.33,-55.63,-992.59,227.50,-761.25,-262.50,1,94.221,
01/01/2000,00:55:02.08,23.18,-55.63,-991.98,148.75,-761.25,-175.0,1,94.223,
01/01/2000,00:55:02.09,23.42,-55.88,-991.49,166.25,-831.25,-175.0,1,94.224,
01/01/2000,00:55:02.10,23.79,-56.00,-991.37,113.75,-656.25,-498.75,1,94.225,
01/01/2000,00:55:02.11,24.03,-55.63,-991.74,140.0,-673.75,-376.25,1,94.226,
01/01/2000,00:55:02.12,24.03,-55.63,-991.98,52.50,-787.50,-122.50,1,94.227,
01/01/2000,00:55:02.13,23.42,-55.88,-992.10,105.0,-735.0,-315.0,1,94.228,
01/01/2000,00:55:02.14,22.33,-55.88,-992.23,87.50,-612.50,-271.25,1,94.229,
01/01/2000,00:55:02.15,21.59,-55.88,-992.35,183.75,-656.25,-498.75,1,94.230,
01/01/2000,00:55:02.16,20.98,-55.63,-992.47,122.50,-691.25,-350.0,1,94.231,
01/01/2000,00:55:02.17,20.98,-55.51,-992.47,192.50,-691.25,-516.25,1,94.232,
01/01/2000,00:55:02.18,21.72,-55.39,-992.59,253.75,-691.25,-288.75,1,94.216,
01/01/2000,00:55:02.19,21.59,-55.63,-992.35,140.0,-770.0,-166.25,1,94.217,
01/01/2000,00:55:02.21,21.84,-56.00,-992.10,183.75,-708.75,-463.75,1,94.218,
01/01/2000,00:55:02.21,22.20,-56.12,-992.10,341.25,-656.25,-551.25,1,94.219,
01/01/2000,00:55:02.23,22.69,-55.63,-992.35,122.50,-621.25,-367.50,1,94.220,
01/01/2000,00:55:02.24,23.18,-55.63,-992.35,218.75,-673.75,-236.25,1,94.221,
01/01/2000,00:55:02.25,23.18,-55.27,-992.59,96.25,-647.50,-393.75,1,94.222,
01/01/2000,00:55:02.26,23.18,-55.88,-992.84,245.0,-665.0,-332.50,1,94.223,
01/01/2000,00:55:02.27,23.06,-55.63,-992.84,227.50,-682.50,-490.0,1,94.224,
01/01/2000,00:55:02.28,22.57,-55.88,-992.84,140.0,-647.50,-236.25,1,94.225,
01/01/2000,00:55:02.29,22.33,-55.75,-992.84,148.75,-656.25,-472.50,1,94.227,
01/01/2000,00:55:02.30,22.20,-55.39,-992.71,245.0,-586.25,-367.50,1,94.228,
01/01/2000,00:55:02.31,22.45,-55.14,-992.47,87.50,-656.25,-306.25,1,94.229,
01/01/2000,00:55:02.32,22.69,-55.51,-992.10,201.25,-682.50,-411.25,1,94.212,
01/01/2000,00:55:02.33,23.42,-55.63,-992.47,148.75,-691.25,-498.75,1,94.213,
01/01/2000,00:55:02.34,24.16,-55.63,-992.71,323.75,-630.0,-516.25,1,94.214,
01/01/2000,00:55:02.35,24.03,-55.63,-992.35,280.0,-656.25,-236.25,1,94.215,
01/01/2000,00:55:02.36,23.55,-56.00,-991.86,201.25,-656.25,-350.0,1,94.217,
01/01/2000,00:55:02.37,22.81,-55.75,-991.98,288.75,-656.25,-428.75,1,94.218,
01/01/2000,00:55:02.39,22.20,-55.75,-992.84,271.25,-560.0,-402.50,1,94.219,
01/01/2000,00:55:02.40,21.96,-55.51,-993.08,306.25,-691.25,-420.0,1,94.202,
01/01/2000,00:55:02.41,22.20,-55.51,-993.08,61.25,-603.75,-428.75,1,94.203,
01/01/2000,00:55:02.42,21.96,-55.75,-992.71,262.50,-761.25,-227.50,1,94.205,
01/01/2000,00:55:02.43,21.59,-55.51,-992.35,26.25,-708.75,-437.50,1,94.206,
01/01/2000,00:55:02.44,21.84,-56.00,-991.98,201.25,-673.75,-245.0,1,94.207,
01/01/2000,00:55:02.45,22.33,-55.75,-991.86,140.0,-665.0,-708.75,1,94.208,
01/01/2000,00:55:02.46,23.18,-55.14,-992.23,61.25,-700.0,-525.0,1,94.209,
01/01/2000,00:55:02.47,23.91,-55.51,-992.35,96.25,-787.50,-227.50,1,94.210,
01/01/2000,00:55:02.48,23.91,-55.63,-992.10,122.50,-603.75,-245.0,1,94.211,
01/01/2000,00:55:02.49,23.42,-55.51,-991.74,52.50,-761.25,-280.0,1,94.212,
01/01/2000,00:55:02.50,23.30,-55.88,-991.86,192.50,-743.75,-367.50,1,94.213,
01/01/2000,00:55:02.51,23.18,-55.63,-992.10,166.25,-638.75,-367.50,1,94.214,
01/01/2000,00:55:02.52,23.06,-55.39,-992.35,148.75,-717.50,-210.0,1,94.215,
01/01/2000,00:55:02.54,22.69,-55.39,-991.86,192.50,-673.75,-437.50,1,94.216,
01/01/2000,00:55:02.55,21.59,-55.51,-991.49,306.25,-700.0,-253.75,1,94.217,
01/01/2000,00:55:02.56,20.74,-55.75,-991.25,43.75,-770.0,-420.0,1,94.218,
01/01/2000,00:55:02.57,21.11,-56.00,-991.37,245.0,-612.50,-708.75,1,94.219,
01/01/2000,00:55:02.58,22.57,-55.63,-992.23,218.75,-752.50,-586.25,1,94.221,
01/01/2000,00:55:02.59,23.79,-55.39,-992.84,113.75,-656.25,-341.25,1,94.222,
01/01/2000,00:55:02.60,24.40,-55.39,-992.84,96.25,-586.25,-17.50,1,94.223,
01/01/2000,00:55:02.61,23.55,-56.12,-992.35,157.50,-700.0,-43.75,1,94.224,
01/01/2000,00:55:02.62,22.57,-56.24,-991.98,166.25,-813.75,-533.75,1,94.225,
01/01/2000,00:55:02.63,21.84,-56.24,-992.35,131.25,-805.0,-560.0,1,94.226,
01/01/2000,00:55:02.64,20.98,-55.27,-992.71,166.25,-621.25,-446.25,1,94.227,
01/01/2000,00:55:02.65,20.62,-55.14,-992.84,157.50,-665.0,-358.75,1,94.228,
01/01/2000,00:55:02.66,20.01,-55.02,-992.35,52.50,-717.50,-210.0,1,94.229,
01/01/2000,00:55:02.67,19.89,-55.75,-991.49,306.25,-682.50,-350.0,1,94.213,
01/01/2000,00:55:02.68,20.98,-55.75,-991.49,105.0,-717.50,-813.75,1,94.214,
01/01/2000,00:55:02.69,23.91,-55.51,-992.47,315.0,-700.0,-883.75,1,94.215,
01/01/2000,00:55:02.70,25.62,-55.27,-992.35,122.50,-735.0,-218.75,1,94.216,
01/01/2000,00:55:02.71,26.23,-55.63,-991.49,236.25,-752.50,262.50,1,94.217,
01/01/2000,00:55:02.72,25.74,-55.88,-990.64,122.50,-691.25,43.75,1,94.218,
01/01/2000,00:55:02.73,24.40,-56.24,-990.40,157.50,-770.0,-490.0,1,94.219,
01/01/2000,00:55:02.75,22.45,-56.24,-991.74,253.75,-813.75,-428.75,1,94.220,
01/01/2000,00:55:02.76,21.35,-55.51,-994.06,201.25,-673.75,-612.50,1,94.221,
01/01/2000,00:55:02.77,20.74,-55.14,-995.28,148.75,-638.75,-411.25,1,94.222,
01/01/2000,00:55:02.78,20.50,-55.39,-995.28,253.75,-516.25,-183.75,1,94.223,
01/01/2000,00:55:02.79,19.89,-55.63,-994.30,253.75,-656.25,-341.25,1,94.224,
01/01/2000,00:55:02.80,20.25,-56.12,-992.10,218.75,-542.50,-638.75,1,94.225,
01/01/2000,00:55:02.81,22.08,-56.12,-991.49,218.75,-638.75,-717.50,1,94.227,
01/01/2000,00:55:02.82,24.28,-55.75,-992.10,96.25,-805.0,-262.50,1,94.228,
01/01/2000,00:55:02.83,25.13,-56.12,-992.59,236.25,-708.75,-8.75,1,94.229,
01/01/2000,00:55:02.84,25.25,-56.36,-993.57,148.75,-805.0,-157.50,1,94.230,
01/01/2000,00:55:02.85,24.64,-56.12,-993.93,78.75,-682.50,-306.25,1,94.231,
01/01/2000,00:55:02.86,23.30,-55.63,-993.45,245.0,-743.75,-332.50,1,94.232,
01/01/2000,00:55:02.87,22.45,-55.27,-992.84,227.50,-647.50,-411.25,1,94.233,
01/01/2000,00:55:02.89,21.35,-55.39,-991.86,96.25,-568.75,-245.0,1,94.199,
01/01/2000,00:55:02.90,21.47,-56.24,-991.98,420.0,-787.50,-437.50,1,94.201,
01/01/2000,00:55:02.91,22.20,-56.12,-992.35,358.75,-577.50,-577.50,1,94.202,
01/01/2000,00:55:02.92,23.42,-56.12,-992.47,210.0,-638.75,-472.50,1,94.203,
01/01/2000,00:55:02.93,24.77,-55.27,-992.35,8.75,-682.50,-192.50,1,94.204,
01/01/2000,00:55:02.94,25.13,-55.63,-991.98,210.0,-726.25,-113.75,1,94.205,
01/01/2000,00:55:02.95,24.77,-55.75,-991.98,183.75,-638.75,-253.75,1,94.206,
01/01/2000,00:55:02.97,23.42,-56.36,-991.86,183.75,-752.50,-297.50,1,94.207,
01/01/2000,00:55:02.98,22.33,-56.24,-992.10,218.75,-726.25,-358.75,1,94.208,
01/01/2000,00:55:02.99,21.23,-55.88,-992.23,131.25,-708.75,-481.25,1,94.209,
01/01/2000,00:55:03.00,20.37,-55.51,-992.47,61.25,-717.50,-306.25,1,94.210,
01/01/2000,00:55:03.01,19.89,-55.27,-992.59,87.50,-577.50,-201.25,1,94.211,
01/01/2000,00:55:03.02,19.76,-55.39,-992.47,166.25,-700.0,-288.75,1,94.212,
01/01/2000,00:55:03.03,21.23,-55.88,-992.35,105.0,-595.0,-638.75,1,94.213,
01/01/2000,00:55:03.04,22.81,-55.88,-992.47,218.75,-516.25,-630.0,1,94.214,
01/01/2000,00:55:03.05,25.50,-55.63,-992.35,-35.0,-743.75,-148.75,1,94.215,
01/01/2000,00:55:03.06,26.60,-56.49,-992.35,323.75,-778.75,-218.75,1,94.216,
01/01/2000,00:55:03.07,26.60,-56.00,-992.47,-26.25,-700.0,-315.0,1,94.217,
01/01/2000,00:55:03.08,25.50,-56.36,-992.59,140.0,-752.50,-122.50,1,94.218,
01/01/2000,00:55:03.09,24.28,-56.24,-992.35,210.0,-717.50,-367.50,1,94.220,
01/01/2000,00:55:03.10,21.72,-55.51,-992.10,17.50,-665.0,-271.25,1,94.221,
01/01/2000,00:55:03.11,19.89,-55.02,-991.86,323.75,-805.0,-183.75,1,94.222,
01/01/2000,00:55:03.12,19.28,-55.39,-991.74,192.50,-647.50,-367.50,1,94.223,
01/01/2000,00:55:03.13,19.28,-55.75,-991.74,262.50,-560.0,-376.25,1,94.224,
01/01/2000,00:55:03.14,20.01,-55.88,-991.74,245.0,-673.75,-778.75,1,94.225,
01/01/2000,00:55:03.15,22.81,-56.00,-992.10,411.25,-665.0,-971.25,1,94.226,
01/01/2000,00:55:03.16,24.77,-55.51,-992.47,105.0,-717.50,-393.75,1,94.227,
01/01/2000,00:55:03.18,26.23,-55.88,-992.71,-35.0,-787.50,148.75,1,94.211,
01/01/2000,00:55:03.19,25.74,-56.36,-992.59,297.50,-743.75,-253.75,1,94.212,
01/01/2000,00:55:03.20,24.16,-56.12,-992.47,253.75,-726.25,-358.75,1,94.213,
01/01/2000,00:55:03.21,22.69,-56.12,-992.23,297.50,-735.0,-437.50,1,94.214,
01/01/2000,00:55:03.22,20.50,-55.63,-991.86,306.25,-630.0,-472.50,1,94.215,
01/01/2000,00:55:03.23,19.64,-55.02,-991.86,166.25,-717.50,-341.25,1,94.216,
01/01/2000,00:55:03.24,19.28,-55.14,-991.62,140.0,-595.0,-166.25,1,94.217,
01/01/2000,00:55:03.25,20.13,-55.63,-991.62,201.25,-743.75,-455.0,1,94.218,
01/01/2000,00:55:03.26,21.84,-55.88,-991.86,218.75,-621.25,-840.0,1,94.219,
01/01/2000,00:55:03.27,24.28,-56.24,-992.59,297.50,-708.75,-656.25,1,94.220,
01/01/2000,00:55:03.28,26.96,-55.51,-992.84,70.0,-840.0,-192.50,1,94.221,
01/01/2000,00:55:03.29,27.33,-56.00,-993.08,192.50,-726.25,280.0,1,94.222,
01/01/2000,00:55:03.30,26.84,-56.36,-993.08,52.50,-761.25,-87.50,1,94.223,
01/01/2000,00:55:03.31,24.77,-56.12,-993.08,61.25,-656.25,-577.50,1,94.207,
01/01/2000,00:55:03.32,23.67,-55.75,-992.47,122.50,-603.75,-490.0,1,94.208,
01/01/2000,00:55:03.33,24.16,-55.14,-991.62,315.0,-647.50,-717.50,1,94.209,
01/01/2000,00:55:03.34,25.25,-54.78,-991.13,122.50,-796.25,-586.25,1,94.211,
01/01/2000,00:55:03.35,27.21,-55.39,-991.01,140.0,-647.50,-271.25,1,94.212,
01/01/2000,00:55:03.36,29.40,-56.24,-991.01,253.75,-787.50,-481.25,1,94.213,
01/01/2000,00:55:03.37,31.72,-56.49,-991.74,140.0,-691.25,-796.25,1,94.214,
01/01/2000,00:55:03.39,35.38,-56.36,-992.59,43.75,-770.0,-411.25,1,94.215,
01/01/2000,00:55:03.40,36.60,-55.63,-993.20,218.75,-630.0,105.0,1,94.216,
01/01/2000,00:55:03.41,35.50,-56.00,-993.08,192.50,-691.25,122.50,1,94.200,
01/01/2000,00:55:03.42,33.92,-56.24,-992.59,297.50,-656.25,-201.25,1,94.201,
01/01/2000,00:55:03.43,32.45,-56.24,-991.98,297.50,-656.25,-507.50,1,94.202,
01/01/2000,00:55:03.44,32.45,-55.51,-990.88,0.0,-630.0,-822.50,1,94.203,
01/01/2000,00:55:03.45,33.92,-55.27,-990.64,253.75,-691.25,-708.75,1,94.204,
01/01/2000,00:55:03.46,36.48,-55.27,-991.13,122.50,-638.75,-463.75,1,94.205,
01/01/2000,00:55:03.47,41.24,-56.12,-991.98,210.0,-612.50,-376.25,1,94.206,
01/01/2000,00:55:03.48,42.94,-56.85,-992.71,122.50,-778.75,-306.25,1,94.207,
01/01/2000,00:55:03.49,43.43,-57.34,-993.20,113.75,-630.0,-245.0,1,94.208,
01/01/2000,00:55:03.50,42.70,-57.10,-993.08,166.25,-875.0,-122.50,1,94.209,
01/01/2000,00:55:03.51,40.38,-56.36,-992.47,227.50,-875.0,-105.0,1,94.210,
01/01/2000,00:55:03.53,36.36,-55.27,-991.86,61.25,-743.75,-350.0,1,94.211,
01/01/2000,00:55:03.54,33.92,-55.27,-991.25,157.50,-621.25,-306.25,1,94.212,
01/01/2000,00:55:03.55,32.45,-55.14,-991.01,-17.50,-743.75,-411.25,1,94.213,
01/01/2000,00:55:03.56,32.57,-56.12,-991.62,280.0,-665.0,-507.50,1,94.214,
01/01/2000,00:55:03.57,33.67,-56.24,-992.35,113.75,-665.0,-752.50,1,94.215,
01/01/2000,00:55:03.58,34.89,-56.49,-992.84,140.0,-726.25,-525.0,1,94.217,
01/01/2000,00:55:03.59,35.14,-56.61,-993.08,70.0,-726.25,-306.25,1,94.218,
01/01/2000,00:55:03.60,33.92,-56.61,-993.08,262.50,-726.25,-218.75,1,94.219,
01/01/2000,00:55:03.61,31.96,-56.12,-992.84,17.50,-700.0,-201.25,1,94.220,
01/01/2000,00:55:03.62,29.89,-56.61,-992.23,315.0,-708.75,-183.75,1,94.221,
01/01/2000,00:55:03.63,28.55,-56.12,-991.98,96.25,-586.25,-533.75,1,94.222,
01/01/2000,00:55:03.64,27.57,-55.63,-992.10,315.0,-682.50,-490.0,1,94.223,
01/01/2000,00:55:03.65,27.69,-55.75,-992.10,122.50,-752.50,-218.75,1,94.224,
01/01/2000,00:55:03.66,26.84,-56.49,-991.86,245.0,-726.25,-271.25,1,94.225,
01/01/2000,00:55:03.67,26.11,-56.61,-991.98,157.50,-761.25,-551.25,1,94.226,
01/01/2000,00:55:03.68,25.50,-56.49,-991.98,210.0,-577.50,-490.0,1,94.227,
01/01/2000,00:55:03.69,25.01,-55.51,-992.10,0.0,-717.50,-280.0,1,94.228,
01/01/2000,00:55:03.70,24.52,-55.39,-992.10,288.75,-700.0,-358.75,1,94.229,
01/01/2000,00:55:03.71,24.40,-55.63,-992.10,280.0,-708.75,-315.0,1,94.230,
01/01/2000,00:55:03.72,24.40,-56.00,-992.10,175.0,-700.0,-306.25,1,94.231,
01/01/2000,00:55:03.73,24.28,-56.49,-991.98,122.50,-665.0,-420.0,1,94.215,
01/01/2000,00:55:03.75,24.03,-56.36,-991.98,157.50,-717.50,-568.75,1,94.216,
01/01/2000,00:55:03.75,23.79,-55.75,-992.10,218.75,-700.0,-227.50,1,94.217,
01/01/2000,00:55:03.77,23.30,-55.63,-992.10,218.75,-761.25,-306.25,1,94.218,
01/01/2000,00:55:03.78,23.18,-55.51,-992.23,262.50,-568.75,-253.75,1,94.219,
01/01/2000,00:55:03.79,23.18,-55.88,-992.23,157.50,-638.75,-358.75,1,94.220,
01/01/2000,00:55:03.80,23.18,-56.24,-992.10,175.0,-770.0,-463.75,1,94.221,
01/01/2000,00:55:03.81,23.18,-56.12,-991.98,183.75,-778.75,-481.25,1,94.222,
01/01/2000,00:55:03.82,23.06,-55.88,-992.10,201.25,-752.50,-402.50,1,94.224,
01/01/2000,00:55:03.83,22.94,-55.75,-992.35,192.50,-813.75,-315.0,1,94.225,
01/01/2000,00:55:03.84,22.69,-55.75,-992.59,26.25,-691.25,-288.75,1,94.226,
01/01/2000,00:55:03.85,22.81,-56.12,-992.59,288.75,-682.50,-341.25,1,94.227,
01/01/2000,00:55:03.86,23.06,-56.00,-992.35,227.50,-656.25,-428.75,1,94.228,
01/01/2000,00:55:03.87,22.94,-56.12,-991.98,201.25,-691.25,-236.25,1,94.212,
01/01/2000,00:55:03.88,22.69,-56.24,-992.10,105.0,-700.0,-455.0,1,94.213,
01/01/2000,00:55:03.89,22.69,-56.12,-992.10,113.75,-708.75,-271.25,1,94.214,
01/01/2000,00:55:03.90,22.69,-56.00,-992.35,148.75,-638.75,-332.50,1,94.215,
01/01/2000,00:55:03.92,22.69,-56.00,-992.10,271.25,-708.75,-463.75,1,94.216,
01/01/2000,00:55:03.93,22.81,-56.12,-992.10,131.25,-638.75,-376.25,1,94.217,
01/01/2000,00:55:03.94,22.81,-56.24,-991.86,288.75,-682.50,-420.0,1,94.218,
01/01/2000,00:55:03.95,22.69,-56.24,-992.10,105.0,-673.75,-472.50,1,94.219,
01/01/2000,00:55:03.96,22.94,-56.12,-992.10,166.25,-708.75,-367.50,1,94.220,
01/01/2000,00:55:03.97,23.42,-56.00,-992.35,17.50,-586.25,-455.0,1,94.221,
01/01/2000,00:55:03.98,24.28,-56.00,-992.35,245.0,-708.75,-603.75,1,94.222,
01/01/2000,00:55:03.99,25.62,-55.88,-992.35,236.25,-761.25,-393.75,1,94.223,
01/01/2000,00:55:04.00,27.82,-56.36,-991.98,253.75,-761.25,-393.75,1,94.224,
01/01/2000,00:55:04.01,28.91,-56.36,-991.37,43.75,-673.75,-446.25,1,94.225,
01/01/2000,00:55:04.02,30.74,-56.12,-991.37,157.50,-743.75,-787.50,1,94.226,
01/01/2000,00:55:04.03,34.04,-56.24,-992.35,245.0,-796.25,-533.75,1,94.227,
01/01/2000,00:55:04.04,35.14,-56.12,-993.20,87.50,-761.25,-105.0,1,94.228,
01/01/2000,00:55:04.05,35.62,-56.24,-993.45,131.25,-673.75,-140.0,1,94.213,
01/01/2000,00:55:04.06,35.99,-56.24,-993.08,113.75,-752.50,-341.25,1,94.230,
01/01/2000,00:55:04.07,35.62,-56.00,-991.86,122.50,-621.25,-367.50,1,94.215,
01/01/2000,00:55:04.09,34.89,-55.88,-991.37,183.75,-691.25,-481.25,1,94.216,
01/01/2000,00:55:04.10,35.62,-55.63,-991.37,192.50,-700.0,-498.75,1,94.217,
01/01/2000,00:55:04.11,37.09,-55.63,-991.62,52.50,-656.25,-691.25,1,94.218,
01/01/2000,00:55:04.12,38.92,-55.63,-991.86,96.25,-717.50,-673.75,1,94.219,
01/01/2000,00:55:04.13,40.75,-55.88,-992.10,87.50,-752.50,-481.25,1,94.220,
01/01/2000,00:55:04.14,42.46,-56.24,-992.59,157.50,-717.50,-288.75,1,94.221,
01/01/2000,00:55:04.15,42.46,-56.36,-992.59,201.25,-665.0,-210.0,1,94.222,
01/01/2000,00:55:04.16,40.26,-56.36,-992.35,297.50,-735.0,-140.0,1,94.223,
01/01/2000,00:55:04.17,38.19,-55.75,-992.23,0.0,-796.25,-376.25,1,94.224,
01/01/2000,00:55:04.18,35.99,-55.51,-991.86,218.75,-761.25,-175.0,1,94.225,
01/01/2000,00:55:04.19,34.04,-55.63,-991.49,122.50,-726.25,-402.50,1,94.226,
01/01/2000,00:55:04.20,32.33,-55.88,-991.49,218.75,-691.25,-315.0,1,94.227,
01/01/2000,00:55:04.21,32.09,-55.88,-991.62,-17.50,-708.75,-700.0,1,94.228,
01/01/2000,00:55:04.22,32.94,-56.00,-991.74,218.75,-586.25,-997.50,1,94.229,
01/01/2000,00:55:04.23,35.14,-55.75,-992.10,70.0,-673.75,-586.25,1,94.213,
01/01/2000,00:55:04.24,35.38,-56.00,-992.23,70.0,-735.0,96.25,1,94.214,
01/01/2000,00:55:04.25,33.43,-56.61,-991.98,70.0,-735.0,105.0,1,94.215,
01/01/2000,00:55:04.26,30.38,-56.85,-991.86,43.75,-656.25,-52.50,1,94.216,
01/01/2000,00:55:04.27,27.33,-56.49,-991.74,0.0,-787.50,-402.50,1,94.217,
01/01/2000,00:55:04.28,24.89,-56.24,-991.74,210.0,-603.75,-866.25,1,94.218,
01/01/2000,00:55:04.30,23.55,-54.78,-992.23,131.25,-603.75,-437.50,1,94.219,
01/01/2000,00:55:04.31,24.16,-54.78,-992.47,96.25,-673.75,-183.75,1,94.220,
01/01/2000,00:55:04.32,26.60,-56.00,-992.71,210.0,-673.75,-297.50,1,94.222,
01/01/2000,00:55:04.33,28.18,-56.85,-992.96,262.50,-647.50,-472.50,1,94.223,
01/01/2000,00:55:04.34,29.16,-57.10,-993.08,43.75,-673.75,-621.25,1,94.224,
01/01/2000,00:55:04.35,29.52,-56.97,-993.08,61.25,-743.75,-420.0,1,94.225,
01/01/2000,00:55:04.36,27.69,-55.75,-993.08,70.0,-778.75,-70.0,1,94.226,
01/01/2000,00:55:04.37,25.13,-55.39,-992.84,105.0,-691.25,175.0,1,94.227,
01/01/2000,00:55:04.38,20.86,-55.63,-992.35,201.25,-743.75,-131.25,1,94.228,
01/01/2000,00:55:04.39,19.28,-55.88,-992.23,183.75,-595.0,-691.25,1,94.229,
01/01/2000,00:55:04.40,18.79,-55.75,-992.23,140.0,-630.0,-936.25,1,94.230,
01/01/2000,00:55:04.41,19.89,-55.63,-992.35,52.50,-682.50,-612.50,1,94.214,
01/01/2000,00:55:04.43,23.67,-55.88,-992.35,148.75,-708.75,-315.0,1,94.215,
01/01/2000,00:55:04.44,25.38,-56.12,-992.35,70.0,-682.50,-297.50,1,94.216,
01/01/2000,00:55:04.45,26.11,-56.49,-992.59,315.0,-700.0,-367.50,1,94.217,
01/01/2000,00:55:04.46,26.47,-56.36,-992.84,96.25,-726.25,-367.50,1,94.218,
01/01/2000,00:55:04.47,25.86,-56.00,-992.96,175.0,-752.50,-227.50,1,94.219,
01/01/2000,00:55:04.48,24.77,-55.39,-992.96,35.0,-682.50,-166.25,1,94.220,
01/01/2000,00:55:04.49,22.81,-55.51,-992.71,183.75,-551.25,-43.75,1,94.221,
01/01/2000,00:55:04.50,20.37,-55.88,-992.10,140.0,-691.25,-437.50,1,94.222,
01/01/2000,00:55:04.51,19.40,-55.88,-991.86,315.0,-630.0,-472.50,1,94.223,
01/01/2000,00:55:04.52,19.64,-55.63,-991.86,43.75,-577.50,-682.50,1,94.224,
01/01/2000,00:55:04.53,20.86,-55.63,-991.98,236.25,-630.0,-568.75,1,94.225,
01/01/2000,00:55:04.54,23.30,-55.39,-992.23,262.50,-673.75,-367.50,1,94.226,
01/01/2000,00:55:04.55,24.64,-56.00,-992.35,-8.75,-831.25,-175.0,1,94.227,
01/01/2000,00:55:04.56,25.50,-56.61,-992.47,52.50,-638.75,-446.25,1,94.228,
01/01/2000,00:55:04.57,25.50,-57.10,-992.59,262.50,-796.25,-297.50,1,94.229,
01/01/2000,00:55:04.58,24.89,-56.36,-992.71,70.0,-621.25,-288.75,1,94.230,
01/01/2000,00:55:04.59,23.79,-56.24,-992.47,175.0,-761.25,-271.25,1,94.231,
01/01/2000,00:55:04.60,22.20,-55.75,-992.35,140.0,-612.50,-157.50,1,94.232,
01/01/2000,00:55:04.61,19.64,-55.75,-992.10,43.75,-656.25,-61.25,1,94.217,
01/01/2000,00:55:04.62,18.67,-56.00,-992.10,52.50,-595.0,-446.25,1,94.235,
01/01/2000,00:55:04.63,18.54,-56.00,-992.35,61.25,-568.75,-577.50,1,94.219,
01/01/2000,00:55:04.64,19.52,-55.88,-992.71,0.0,-586.25,-638.75,1,94.220,
01/01/2000,00:55:04.66,22.20,-55.63,-992.84,61.25,-586.25,-630.0,1,94.221,
01/01/2000,00:55:04.67,24.16,-55.63,-992.59,183.75,-726.25,-148.75,1,94.222,
01/01/2000,00:55:04.68,26.11,-56.12,-992.10,122.50,-735.0,-218.75,1,94.223,
01/01/2000,00:55:04.69,26.72,-56.49,-992.35,87.50,-735.0,-350.0,1,94.224,
01/01/2000,00:55:04.70,26.72,-56.36,-992.35,131.25,-726.25,-262.50,1,94.225,
01/01/2000,00:55:04.71,26.11,-56.12,-992.59,175.0,-691.25,-201.25,1,94.226,
01/01/2000,00:55:04.72,23.30,-55.88,-992.47,78.75,-752.50,26.25,1,94.227,
01/01/2000,00:55:04.73,20.62,-55.63,-992.10,148.75,-665.0,-17.50,1,94.228,
01/01/2000,00:55:04.74,17.81,-55.88,-991.98,131.25,-638.75,-577.50,1,94.229,
01/01/2000,00:55:04.75,17.45,-55.88,-992.35,218.75,-568.75,-822.50,1,94.230,
01/01/2000,00:55:04.76,18.42,-55.39,-992.59,52.50,-621.25,-630.0,1,94.231,
01/01/2000,00:55:04.77,20.25,-55.39,-992.84,236.25,-726.25,-210.0,1,94.232,
01/01/2000,00:55:04.78,23.18,-55.75,-992.47,61.25,-708.75,-288.75,1,94.233,
01/01/2000,00:55:04.79,25.25,-56.61,-992.35,210.0,-822.50,-253.75,1,94.218,
01/01/2000,00:55:04.80,25.62,-56.36,-991.98,113.75,-752.50,-271.25,1,94.219,
01/01/2000,00:55:04.81,25.25,-56.36,-991.98,70.0,-770.0,-341.25,1,94.220,
01/01/2000,00:55:04.82,23.91,-55.88,-991.98,78.75,-857.50,61.25,1,94.221,
01/01/2000,00:55:04.83,22.33,-55.75,-992.10,288.75,-682.50,-113.75,1,94.222,
01/01/2000,00:55:04.84,20.13,-55.39,-992.35,210.0,-595.0,-472.50,1,94.223,
01/01/2000,00:55:04.85,19.52,-55.14,-992.71,148.75,-700.0,-315.0,1,94.224,
01/01/2000,00:55:04.87,20.37,-55.39,-992.35,166.25,-568.75,-411.25,1,94.225,
01/01/2000,00:55:04.88,21.35,-55.63,-991.86,148.75,-726.25,-481.25,1,94.226,
01/01/2000,00:55:04.89,22.69,-55.88,-991.25,43.75,-700.0,-385.0,1,94.227,
01/01/2000,00:55:04.90,24.77,-56.36,-990.88,288.75,-708.75,-428.75,1,94.228,
01/01/2000,00:55:04.91,25.62,-56.12,-991.37,245.0,-700.0,-472.50,1,94.229,
01/01/2000,00:55:04.92,25.86,-55.88,-992.10,70.0,-796.25,-236.25,1,94.230,
01/01/2000,00:55:04.93,23.91,-55.63,-992.23,175.0,-735.0,0.0,1,94.214,
01/01/2000,00:55:04.94,21.47,-55.51,-991.74,175.0,-796.25,35.0,1,94.215,
01/01/2000,00:55:04.95,19.52,-55.63,-991.37,17.50,-700.0,-367.50,1,94.216,
01/01/2000,00:55:04.96,18.54,-55.63,-991.62,332.50,-691.25,-700.0,1,94.217,
01/01/2000,00:55:04.97,19.03,-55.14,-992.84,113.75,-665.0,-700.0,1,94.218,
01/01/2000,00:55:04.98,20.50,-55.14,-992.84,253.75,-595.0,-262.50,1,94.219,
01/01/2000,00:55:05.00,21.96,-55.14,-991.98,306.25,-630.0,-210.0,1,94.220,
01/01/2000,00:55:05.01,23.30,-55.39,-991.13,96.25,-726.25,-288.75,1,94.221,
01/01/2000,00:55:05.02,25.13,-56.12,-990.64,175.0,-682.50,-428.75,1,94.222,
01/01/2000,00:55:05.03,25.99,-56.36,-991.25,26.25,-708.75,-507.50,1,94.223,
01/01/2000,00:55:05.04,26.35,-56.12,-991.98,280.0,-848.75,-367.50,1,94.224,
01/01/2000,00:55:05.05,25.74,-55.75,-992.10,148.75,-708.75,-166.25,1,94.225,
01/01/2000,00:55:05.06,23.18,-55.39,-991.13,8.75,-813.75,341.25,1,94.226,
01/01/2000,00:55:05.07,21.23,-55.39,-991.37,26.25,-778.75,-17.50,1,94.227,
01/01/2000,00:55:05.08,19.89,-55.88,-994.18,166.25,-717.50,-717.50,1,94.228,
01/01/2000,00:55:05.09,19.76,-56.12,-995.76,157.50,-630.0,-560.0,1,94.229,
01/01/2000,00:55:05.10,20.13,-55.63,-995.76,157.50,-638.75,-236.25,1,94.230,
01/01/2000,00:55:05.11,20.62,-55.51,-994.79,245.0,-717.50,-306.25,1,94.231,
01/01/2000,00:55:05.12,21.96,-55.14,-992.23,78.75,-822.50,-402.50,1,94.232,
01/01/2000,00:55:05.13,23.30,-55.51,-991.37,157.50,-682.50,-262.50,1,94.233,
01/01/2000,00:55:05.14,24.89,-56.00,-991.49,201.25,-848.75,-358.75,1,94.234,
01/01/2000,00:55:05.15,26.35,-56.36,-992.84,192.50,-770.0,-367.50,1,94.219,
01/01/2000,00:55:05.16,26.35,-56.12,-993.69,87.50,-778.75,-52.50,1,94.220,
01/01/2000,00:55:05.17,24.03,-55.88,-993.45,210.0,-717.50,245.0,1,94.221,
01/01/2000,00:55:05.18,21.59,-55.63,-992.84,201.25,-673.75,-175.0,1,94.222,
01/01/2000,00:55:05.19,19.40,-55.39,-992.47,175.0,-682.50,-446.25,1,94.223,
01/01/2000,00:55:05.20,18.30,-55.02,-992.47,-8.75,-726.25,-586.25,1,94.224,
01/01/2000,00:55:05.22,19.40,-55.27,-992.96,280.0,-665.0,-682.50,1,94.225,
01/01/2000,00:55:05.23,21.35,-55.02,-993.08,87.50,-560.0,-463.75,1,94.226,
01/01/2000,00:55:05.24,24.16,-55.75,-992.35,253.75,-708.75,-306.25,1,94.227,
01/01/2000,00:55:05.25,25.50,-56.00,-991.13,96.25,-770.0,-166.25,1,94.228,
01/01/2000,00:55:05.26,25.86,-56.36,-990.27,227.50,-778.75,-245.0,1,94.229,
01/01/2000,00:55:05.27,26.35,-56.12,-990.27,-35.0,-848.75,-393.75,1,94.230,
01/01/2000,00:55:05.28,25.86,-55.75,-991.37,131.25,-726.25,-210.0,1,94.231,
01/01/2000,00:55:05.29,23.42,-55.27,-992.35,-17.50,-708.75,175.0,1,94.232,
01/01/2000,00:55:05.30,20.37,-55.63,-992.71,131.25,-743.75,-218.75,1,94.217,
01/01/2000,00:55:05.31,18.79,-55.39,-993.08,131.25,-647.50,-621.25,1,94.218,
01/01/2000,00:55:05.32,18.30,-55.39,-993.32,131.25,-700.0,-560.0,1,94.219,
01/01/2000,00:55:05.33,19.28,-55.27,-993.32,175.0,-691.25,-621.25,1,94.220,
01/01/2000,00:55:05.34,22.20,-55.27,-992.71,183.75,-752.50,-437.50,1,94.221,
01/01/2000,00:55:05.35,24.03,-55.51,-991.86,-17.50,-700.0,8.75,1,94.222,
01/01/2000,00:55:05.37,25.13,-56.49,-991.13,87.50,-743.75,-78.75,1,94.223,
01/01/2000,00:55:05.38,24.89,-56.61,-991.25,0.0,-796.25,-446.25,1,94.224,
01/01/2000,00:55:05.39,24.64,-56.49,-991.62,140.0,-717.50,-463.75,1,94.225,
01/01/2000,00:55:05.40,24.28,-55.88,-992.35,183.75,-682.50,-280.0,1,94.226,
01/01/2000,00:55:05.41,22.69,-55.02,-993.08,227.50,-647.50,8.75,1,94.227,
01/01/2000,00:55:05.42,21.35,-55.14,-992.96,78.75,-848.75,122.50,1,94.228,
01/01/2000,00:55:05.43,20.13,-55.75,-992.96,96.25,-691.25,-481.25,1,94.229,
01/01/2000,00:55:05.44,20.50,-55.88,-993.08,105.0,-638.75,-700.0,1,94.213,
01/01/2000,00:55:05.46,21.96,-55.88,-992.84,253.75,-691.25,-682.50,1,94.214,
01/01/2000,00:55:05.46,24.03,-55.39,-992.35,131.25,-761.25,-376.25,1,94.215,
01/01/2000,00:55:05.48,24.64,-55.14,-991.74,113.75,-673.75,-78.75,1,94.216,
01/01/2000,00:55:05.49,24.89,-55.63,-991.37,245.0,-708.75,-148.75,1,94.217,
01/01/2000,00:55:05.50,24.64,-55.75,-991.37,183.75,-752.50,-428.75,1,94.218,
01/01/2000,00:55:05.51,24.16,-55.63,-991.98,78.75,-577.50,-323.75,1,94.219,
01/01/2000,00:55:05.52,23.67,-55.63,-992.23,183.75,-603.75,-175.0,1,94.220,
01/01/2000,00:55:05.53,22.33,-55.27,-992.35,0.0,-682.50,-78.75,1,94.221,
01/01/2000,00:55:05.54,20.98,-55.39,-992.35,157.50,-656.25,-323.75,1,94.222,
01/01/2000,00:55:05.55,19.64,-55.63,-992.47,297.50,-638.75,-490.0,1,94.223,
01/01/2000,00:55:05.56,19.64,-55.14,-992.84,52.50,-708.75,-472.50,1,94.224,
01/01/2000,00:55:05.57,20.50,-55.51,-992.96,315.0,-796.25,-393.75,1,94.225,
01/01/2000,00:55:05.58,22.20,-55.39,-992.96,105.0,-691.25,-437.50,1,94.226,
01/01/2000,00:55:05.59,23.42,-55.51,-992.47,183.75,-770.0,-306.25,1,94.227,
01/01/2000,00:55:05.60,24.28,-55.63,-991.86,271.25,-743.75,-420.0,1,94.228,
01/01/2000,00:55:05.61,24.64,-55.51,-991.37,140.0,-770.0,-271.25,1,94.229,
01/01/2000,00:55:05.62,25.13,-55.63,-991.49,262.50,-682.50,-358.75,1,94.230,
01/01/2000,00:55:05.63,25.13,-55.27,-991.74,35.0,-656.25,-288.75,1,94.231,
01/01/2000,00:55:05.64,24.03,-55.39,-992.10,140.0,-682.50,-87.50,1,94.216,
01/01/2000,00:55:05.65,22.33,-55.14,-992.35,-35.0,-787.50,8.75,1,94.217,
01/01/2000,00:55:05.66,20.37,-55.51,-992.35,157.50,-717.50,-70.0,1,94.218,
01/01/2000,00:55:05.67,18.91,-55.39,-992.84,210.0,-647.50,-463.75,1,94.219,
01/01/2000,00:55:05.68,18.54,-55.51,-993.45,201.25,-603.75,-533.75,1,94.220,
01/01/2000,00:55:05.69,19.76,-55.14,-993.32,253.75,-647.50,-647.50,1,94.221,
01/01/2000,00:55:05.70,21.35,-54.90,-992.96,-35.0,-638.75,-437.50,1,94.222,
01/01/2000,00:55:05.72,23.55,-55.14,-991.86,-8.75,-656.25,-166.25,1,94.223,
01/01/2000,00:55:05.73,24.16,-55.88,-990.88,157.50,-717.50,-323.75,1,94.224,
01/01/2000,00:55:05.74,24.40,-56.24,-990.52,87.50,-735.0,-446.25,1,94.225,
01/01/2000,00:55:05.75,24.03,-56.12,-990.88,245.0,-778.75,-271.25,1,94.226,
01/01/2000,00:55:05.76,22.81,-55.63,-991.37,192.50,-717.50,-183.75,1,94.227,
01/01/2000,00:55:05.77,21.59,-55.27,-991.98,122.50,-778.75,-183.75,1,94.228,
01/01/2000,00:55:05.78,20.25,-55.14,-992.59,105.0,-673.75,-385.0,1,94.229,
01/01/2000,00:55:05.79,19.64,-54.41,-992.84,131.25,-726.25,-350.0,1,94.230,
01/01/2000,00:55:05.80,21.47,-54.90,-992.96,192.50,-717.50,-586.25,1,94.231,
01/01/2000,00:55:05.81,23.55,-55.27,-993.08,166.25,-603.75,-525.0,1,94.232,
01/01/2000,00:55:05.82,24.89,-55.63,-992.35,87.50,-743.75,-341.25,1,94.233,
01/01/2000,00:55:05.83,25.62,-56.36,-991.37,122.50,-700.0,-175.0,1,94.234,
01/01/2000,00:55:05.84,25.38,-56.49,-990.76,166.25,-796.25,-288.75,1,94.235,
01/01/2000,00:55:05.85,24.03,-56.00,-990.64,175.0,-787.50,-358.75,1,94.220,
01/01/2000,00:55:05.86,22.69,-55.51,-991.74,350.0,-673.75,-350.0,1,94.221,
01/01/2000,00:55:05.87,21.35,-54.90,-992.59,52.50,-691.25,-350.0,1,94.222,
01/01/2000,00:55:05.88,19.89,-55.14,-993.32,175.0,-638.75,52.50,1,94.223,
01/01/2000,00:55:05.89,18.91,-55.51,-993.45,113.75,-525.0,-428.75,1,94.224,
01/01/2000,00:55:05.90,19.03,-55.39,-993.32,105.0,-656.25,-673.75,1,94.225,
01/01/2000,00:55:05.91,20.25,-55.63,-993.08,253.75,-647.50,-743.75,1,94.226,
01/01/2000,00:55:05.93,22.94,-55.51,-991.49,280.0,-595.0,-332.50,1,94.227,
01/01/2000,00:55:05.94,23.91,-55.02,-990.52,-17.50,-805.0,-140.0,1,94.228,
01/01/2000,00:55:05.95,24.64,-55.63,-989.42,105.0,-708.75,-175.0,1,94.212,
01/01/2000,00:55:05.96,24.64,-55.63,-990.40,122.50,-735.0,-525.0,1,94.213,
01/01/2000,00:55:05.97,24.64,-55.63,-991.86,192.50,-796.25,-315.0,1,94.214,
01/01/2000,00:55:05.98,24.16,-55.39,-992.84,157.50,-761.25,-332.50,1,94.215,
01/01/2000,00:55:05.99,22.69,-55.14,-993.20,175.0,-787.50,-61.25,1,94.216,
01/01/2000,00:55:06.00,20.50,-55.02,-992.96,183.75,-621.25,-157.50,1,94.217,
01/01/2000,00:55:06.02,19.52,-55.02,-992.71,245.0,-656.25,-428.75,1,94.218,
01/01/2000,00:55:06.02,19.52,-55.02,-992.71,140.0,-708.75,-577.50,1,94.219,
01/01/2000,00:55:06.04,20.50,-55.39,-992.71,227.50,-717.50,-586.25,1,94.220,
01/01/2000,00:55:06.05,22.33,-55.39,-992.59,61.25,-717.50,-253.75,1,94.221,
01/01/2000,00:55:06.06,22.94,-55.39,-991.86,175.0,-717.50,-253.75,1,94.222,
01/01/2000,00:55:06.07,23.30,-55.63,-991.37,245.0,-726.25,-262.50,1,94.223,
01/01/2000,00:55:06.08,23.18,-55.63,-991.01,43.75,-708.75,-455.0,1,94.224,
01/01/2000,00:55:06.09,23.91,-55.63,-991.37,192.50,-761.25,-402.50,1,94.225,
01/01/2000,00:55:06.10,24.16,-55.27,-991.62,175.0,-761.25,-332.50,1,94.226,
01/01/2000,00:55:06.11,23.42,-55.14,-991.74,166.25,-840.0,-61.25,1,94.227,
01/01/2000,00:55:06.12,22.08,-55.27,-991.86,61.25,-770.0,-105.0,1,94.228,
01/01/2000,00:55:06.13,19.89,-55.63,-992.47,332.50,-761.25,-358.75,1,94.229,
01/01/2000,00:55:06.14,19.40,-55.39,-993.20,96.25,-682.50,-586.25,1,94.230,
01/01/2000,00:55:06.15,19.76,-55.39,-993.57,122.50,-647.50,-621.25,1,94.231,
01/01/2000,00:55:06.16,20.86,-54.78,-993.57,96.25,-673.75,-367.50,1,94.232,
01/01/2000,00:55:06.17,22.57,-54.90,-992.71,131.25,-708.75,-122.50,1,94.233,
01/01/2000,00:55:06.18,23.91,-55.14,-991.62,201.25,-700.0,-341.25,1,94.234,
01/01/2000,00:55:06.19,24.77,-55.63,-990.64,105.0,-831.25,-227.50,1,94.235,
01/01/2000,00:55:06.20,25.13,-55.75,-989.66,8.75,-805.0,-393.75,1,94.236,
01/01/2000,00:55:06.21,25.01,-56.24,-989.91,210.0,-840.0,-306.25,1,94.221,
01/01/2000,00:55:06.22,22.45,-55.63,-990.76,148.75,-936.25,-26.25,1,94.222,
01/01/2000,00:55:06.23,20.74,-55.63,-991.62,87.50,-743.75,-131.25,1,94.223,
01/01/2000,00:55:06.24,19.52,-55.39,-992.84,218.75,-691.25,-516.25,1,94.224,
01/01/2000,00:55:06.25,18.67,-54.66,-993.93,78.75,-778.75,-420.0,1,94.225,
01/01/2000,00:55:06.26,19.03,-54.53,-994.54,175.0,-708.75,-402.50,1,94.226,
01/01/2000,00:55:06.28,20.74,-54.78,-993.81,192.50,-752.50,-306.25,1,94.227,
01/01/2000,00:55:06.29,22.45,-55.14,-991.98,192.50,-630.0,-306.25,1,94.228,
01/01/2000,00:55:06.30,23.42,-55.75,-990.76,210.0,-691.25,-420.0,1,94.229,
01/01/2000,00:55:06.31,23.91,-56.00,-989.91,148.75,-735.0,-516.25,1,94.230,
01/01/2000,00:55:06.32,24.64,-55.88,-989.66,192.50,-717.50,-472.50,1,94.231,
01/01/2000,00:55:06.33,24.64,-55.39,-990.40,306.25,-805.0,-262.50,1,94.232,
01/01/2000,00:55:06.34,23.18,-54.90,-991.01,96.25,-735.0,43.75,1,94.233,
01/01/2000,00:55:06.35,20.74,-55.14,-991.86,271.25,-665.0,-245.0,1,94.234,
01/01/2000,00:55:06.36,19.76,-54.90,-993.08,105.0,-595.0,-577.50,1,94.235,
01/01/2000,00:55:06.37,19.64,-54.90,-993.81,35.0,-682.50,-463.75,1,94.236,
01/01/2000,00:55:06.38,20.50,-55.02,-994.18,131.25,-586.25,-472.50,1,94.237,
01/01/2000,00:55:06.39,22.33,-55.02,-993.57,288.75,-621.25,-420.0,1,94.238,
01/01/2000,00:55:06.40,23.18,-55.14,-992.59,183.75,-726.25,-262.50,1,94.239,
01/01/2000,00:55:06.41,23.67,-55.51,-991.37,35.0,-752.50,-201.25,1,94.240,
01/01/2000,00:55:06.42,24.28,-55.63,-990.76,105.0,-551.25,-420.0,1,94.225,
01/01/2000,00:55:06.43,24.28,-55.51,-990.76,210.0,-638.75,-315.0,1,94.226,
01/01/2000,00:55:06.44,23.79,-55.14,-991.13,-26.25,-857.50,-192.50,1,94.227,
01/01/2000,00:55:06.45,20.98,-55.39,-991.74,236.25,-726.25,-8.75,1,94.228,
01/01/2000,00:55:06.47,17.81,-55.39,-993.32,140.0,-743.75,-367.50,1,94.229,
01/01/2000,00:55:06.48,16.47,-55.27,-994.42,192.50,-743.75,-376.25,1,94.230,
01/01/2000,00:55:06.49,15.37,-55.02,-995.03,271.25,-621.25,-262.50,1,94.231,
01/01/2000,00:55:06.50,14.88,-55.02,-994.42,262.50,-726.25,-236.25,1,94.232,
01/01/2000,00:55:06.51,14.15,-55.02,-992.96,218.75,-621.25,-297.50,1,94.233,
01/01/2000,00:55:06.52,13.42,-55.39,-991.37,131.25,-691.25,-323.75,1,94.234,
01/01/2000,00:55:06.53,12.69,-55.63,-990.15,113.75,-840.0,-332.50,1,94.235,
01/01/2000,00:55:06.54,12.81,-55.88,-990.15,218.75,-577.50,-498.75,1,94.236,
01/01/2000,00:55:06.55,13.30,-55.63,-990.88,131.25,-691.25,-551.25,1,94.237,
01/01/2000,00:55:06.56,13.79,-55.02,-991.86,210.0,-752.50,-183.75,1,94.222,
01/01/2000,00:55:06.57,12.81,-55.02,-991.62,183.75,-778.75,87.50,1,94.223,
01/01/2000,00:55:06.58,10.98,-54.78,-991.25,-43.75,-735.0,192.50,1,94.224,
01/01/2000,00:55:06.59,8.91,-55.39,-991.13,87.50,-673.75,-183.75,1,94.225,
01/01/2000,00:55:06.60,7.08,-55.75,-992.59,253.75,-735.0,-603.75,1,94.225,
01/01/2000,00:55:06.61,5.12,-55.39,-993.57,96.25,-735.0,-437.50,1,94.226,
01/01/2000,00:55:06.62,4.03,-55.39,-994.06,271.25,-656.25,-166.25,1,94.227,
01/01/2000,00:55:06.64,3.05,-54.90,-993.69,52.50,-708.75,-236.25,1,94.228,
01/01/2000,00:55:06.65,3.17,-54.53,-992.59,166.25,-726.25,-332.50,1,94.229,
01/01/2000,00:55:06.66,4.03,-54.53,-991.62,140.0,-726.25,-280.0,1,94.230,
01/01/2000,00:55:06.67,6.47,-54.78,-990.88,166.25,-630.0,-367.50,1,94.231,
01/01/2000,00:55:06.68,8.17,-55.39,-990.64,157.50,-612.50,-472.50,1,94.232,
01/01/2000,00:55:06.69,9.64,-55.63,-990.76,157.50,-665.0,-332.50,1,94.233,
01/01/2000,00:55:06.70,10.61,-55.75,-990.88,262.50,-805.0,-183.75,1,94.234,
01/01/2000,00:55:06.71,10.61,-55.39,-991.13,87.50,-805.0,-227.50,1,94.235,
01/01/2000,00:55:06.72,10.49,-55.14,-991.62,70.0,-647.50,-175.0,1,94.236,
01/01/2000,00:55:06.73,10.13,-54.78,-992.84,201.25,-638.75,-271.25,1,94.237,
01/01/2000,00:55:06.74,10.00,-54.41,-993.20,78.75,-665.0,-140.0,1,94.238,
01/01/2000,00:55:06.75,10.49,-54.53,-993.32,253.75,-638.75,-297.50,1,94.239,
01/01/2000,00:55:06.76,12.08,-54.90,-993.45,350.0,-647.50,-516.25,1,94.240,
01/01/2000,00:55:06.77,14.88,-54.78,-993.08,96.25,-586.25,-183.75,1,94.225,
01/01/2000,00:55:06.78,16.23,-55.63,-991.62,385.0,-691.25,-122.50,1,94.226,
01/01/2000,00:55:06.79,17.32,-55.63,-990.76,166.25,-638.75,-280.0,1,94.227,
01/01/2000,00:55:06.80,17.81,-55.63,-990.76,70.0,-735.0,-411.25,1,94.228,
01/01/2000,00:55:06.81,18.54,-55.63,-991.37,262.50,-778.75,-437.50,1,94.229,
01/01/2000,00:55:06.82,18.79,-55.39,-991.98,175.0,-831.25,-236.25,1,94.230,
01/01/2000,00:55:06.83,18.91,-54.90,-992.35,70.0,-673.75,-35.0,1,94.231,
01/01/2000,00:55:06.85,18.91,-54.90,-992.35,131.25,-498.75,-218.75,1,94.232,
01/01/2000,00:55:06.86,19.28,-54.90,-992.59,157.50,-691.25,-385.0,1,94.233,
01/01/2000,00:55:06.87,19.64,-55.27,-992.47,227.50,-595.0,-201.25,1,94.234,
01/01/2000,00:55:06.88,20.13,-55.63,-992.10,218.75,-761.25,-297.50,1,94.235,
01/01/2000,00:55:06.89,20.37,-55.63,-991.62,192.50,-726.25,-315.0,1,94.236,
01/01/2000,00:55:06.90,20.62,-55.75,-991.37,201.25,-743.75,-315.0,1,94.237,
01/01/2000,00:55:06.91,20.86,-55.39,-991.49,253.75,-726.25,-245.0,1,94.222,
01/01/2000,00:55:06.92,20.98,-55.27,-991.74,236.25,-761.25,-166.25,1,94.223,
01/01/2000,00:55:06.93,21.11,-55.14,-992.10,140.0,-682.50,-201.25,1,94.224,
01/01/2000,00:55:06.94,21.11,-55.14,-992.10,140.0,-630.0,-323.75,1,94.225,
01/01/2000,00:55:06.95,21.11,-55.39,-992.10,131.25,-708.75,-201.25,1,94.226,
01/01/2000,00:55:06.96,21.35,-55.51,-992.10,332.50,-752.50,-297.50,1,94.227,
01/01/2000,00:55:06.98,21.59,-55.75,-991.86,122.50,-568.75,-350.0,1,94.228,
01/01/2000,00:55:06.99,21.72,-55.39,-991.74,87.50,-743.75,-253.75,1,94.229,
01/01/2000,00:55:07.00,21.72,-55.27,-991.98,96.25,-638.75,-306.25,1,94.230,
01/01/2000,00:55:07.01,21.72,-55.14,-992.35,227.50,-647.50,-297.50,1,94.231,
01/01/2000,00:55:07.02,21.84,-55.14,-992.59,306.25,-735.0,-192.50,1,94.232,
01/01/2000,00:55:07.03,21.84,-55.39,-992.59,236.25,-595.0,-271.25,1,94.217,
01/01/2000,00:55:07.04,21.96,-55.27,-992.35,236.25,-761.25,-201.25,1,94.234,
01/01/2000,00:55:07.05,22.08,-55.39,-991.86,8.75,-656.25,-306.25,1,94.219,
01/01/2000,00:55:07.06,22.33,-55.39,-991.86,236.25,-813.75,-280.0,1,94.220,
01/01/2000,00:55:07.07,22.45,-55.51,-991.86,70.0,-761.25,-218.75,1,94.221,
01/01/2000,00:55:07.08,22.33,-55.39,-991.98,105.0,-656.25,-297.50,1,94.222,
01/01/2000,00:55:07.09,21.96,-55.27,-992.10,192.50,-796.25,-306.25,1,94.223,
01/01/2000,00:55:07.10,21.47,-55.14,-992.35,96.25,-735.0,-297.50,1,94.224,
01/01/2000,00:55:07.11,20.25,-55.27,-992.35,227.50,-726.25,-43.75,1,94.225,
01/01/2000,00:55:07.13,19.03,-55.39,-992.23,113.75,-770.0,-61.25,1,94.226,
01/01/2000,00:55:07.14,17.93,-55.63,-992.10,175.0,-752.50,-315.0,1,94.227,
01/01/2000,00:55:07.15,16.84,-55.27,-991.62,166.25,-761.25,-323.75,1,94.228,
01/01/2000,00:55:07.16,15.62,-55.39,-991.13,236.25,-840.0,-131.25,1,94.228,
01/01/2000,00:55:07.17,14.03,-55.14,-991.01,78.75,-743.75,78.75,1,94.229,
01/01/2000,00:55:07.18,12.20,-55.63,-991.49,140.0,-743.75,-113.75,1,94.230,
01/01/2000,00:55:07.19,10.98,-55.63,-992.84,210.0,-603.75,-446.25,1,94.231,
01/01/2000,00:55:07.20,9.52,-55.63,-993.57,35.0,-770.0,-262.50,1,94.232,
01/01/2000,00:55:07.21,8.30,-55.27,-993.32,201.25,-621.25,-113.75,1,94.233,
01/01/2000,00:55:07.22,7.81,-55.02,-992.35,157.50,-647.50,17.50,1,94.234,
01/01/2000,00:55:07.23,7.08,-55.02,-991.62,113.75,-752.50,-35.0,1,94.235,
01/01/2000,00:55:07.24,6.47,-55.39,-991.74,131.25,-805.0,35.0,1,94.236,
01/01/2000,00:55:07.25,5.49,-55.88,-992.71,17.50,-761.25,-52.50,1,94.237,
01/01/2000,00:55:07.26,4.64,-56.00,-993.32,297.50,-708.75,-218.75,1,94.238,
01/01/2000,00:55:07.28,3.17,-55.75,-993.57,236.25,-621.25,-245.0,1,94.223,
01/01/2000,00:55:07.29,3.17,-55.14,-993.45,26.25,-638.75,-393.75,1,94.224,
01/01/2000,00:55:07.30,3.90,-54.78,-993.08,157.50,-735.0,-288.75,1,94.225,
01/01/2000,00:55:07.31,5.37,-54.41,-992.47,87.50,-568.75,-113.75,1,94.226,
01/01/2000,00:55:07.32,7.56,-54.90,-990.88,201.25,-647.50,-192.50,1,94.227,
01/01/2000,00:55:07.33,8.78,-55.14,-989.91,-113.75,-831.25,-43.75,1,94.228,
01/01/2000,00:55:07.34,10.25,-56.61,-989.42,192.50,-647.50,-122.50,1,94.229,
01/01/2000,00:55:07.35,11.47,-56.49,-990.27,157.50,-770.0,-560.0,1,94.230,
01/01/2000,00:55:07.36,12.32,-56.24,-991.25,148.75,-700.0,-402.50,1,94.231,
01/01/2000,00:55:07.37,13.05,-55.39,-991.98,245.0,-647.50,-87.50,1,94.232,
01/01/2000,00:55:07.38,12.93,-55.02,-991.98,245.0,-700.0,218.75,1,94.233,
01/01/2000,00:55:07.39,12.57,-54.66,-992.10,96.25,-621.25,271.25,1,94.234,
01/01/2000,00:55:07.40,12.20,-55.14,-992.35,210.0,-638.75,-43.75,1,94.235,
01/01/2000,00:55:07.41,12.69,-55.51,-992.71,201.25,-630.0,-402.50,1,94.220,
01/01/2000,00:55:07.42,13.54,-55.88,-993.08,43.75,-673.75,-463.75,1,94.221,
01/01/2000,00:55:07.43,15.37,-56.12,-992.84,148.75,-647.50,-490.0,1,94.222,
01/01/2000,00:55:07.44,16.47,-55.88,-992.35,271.25,-735.0,-288.75,1,94.223,
01/01/2000,00:55:07.45,17.57,-55.14,-991.98,-157.50,-752.50,-218.75,1,94.224,
01/01/2000,00:55:07.46,18.79,-55.75,-991.86,323.75,-603.75,-245.0,1,94.225,
01/01/2000,00:55:07.47,19.76,-55.14,-992.10,17.50,-717.50,-323.75,1,94.226,
01/01/2000,00:55:07.49,21.59,-56.00,-991.86,323.75,-700.0,-306.25,1,94.211,
01/01/2000,00:55:07.51,21.35,-55.88,-991.37,218.75,-717.50,-367.50,1,94.212,
01/01/2000,00:55:07.52,21.35,-55.88,-991.01,96.25,-743.75,-227.50,1,94.213,
01/01/2000,00:55:07.53,20.74,-56.24,-991.13,183.75,-796.25,-113.75,1,94.214,
01/01/2000,00:55:07.54,20.13,-55.88,-991.62,183.75,-691.25,-297.50,1,94.215,
01/01/2000,00:55:07.55,20.01,-56.00,-992.35,131.25,-700.0,-271.25,1,94.216,
01/01/2000,00:55:07.56,20.01,-55.39,-993.32,17.50,-717.50,-236.25,1,94.217,
01/01/2000,00:55:07.57,19.64,-55.75,-993.45,393.75,-708.75,-262.50,1,94.218,
01/01/2000,00:55:07.58,19.64,-55.75,-993.32,183.75,-586.25,-306.25,1,94.219,
01/01/2000,00:55:07.59,20.25,-55.88,-992.84,437.50,-612.50,-481.25,1,94.220,
01/01/2000,00:55:07.60,21.11,-55.63,-992.59,43.75,-656.25,-490.0,1,94.221,
01/01/2000,00:55:07.61,22.08,-55.88,-992.23,280.0,-621.25,-332.50,1,94.222,
01/01/2000,00:55:07.62,22.69,-55.51,-992.10,183.75,-638.75,-332.50,1,94.223,
01/01/2000,00:55:07.63,22.45,-55.75,-991.62,253.75,-700.0,-157.50,1,94.224,
01/01/2000,00:55:07.64,21.96,-55.51,-991.37,35.0,-560.0,-253.75,1,94.225,
01/01/2000,00:55:07.65,21.84,-55.75,-991.49,227.50,-665.0,-376.25,1,94.226,
01/01/2000,00:55:07.66,21.59,-55.39,-992.35,140.0,-656.25,-245.0,1,94.227,
01/01/2000,00:55:07.67,20.86,-55.63,-992.71,367.50,-752.50,-236.25,1,94.228,
01/01/2000,00:55:07.68,20.74,-55.51,-992.96,210.0,-700.0,-315.0,1,94.229,
01/01/2000,00:55:07.69,21.11,-55.63,-992.96,192.50,-691.25,-376.25,1,94.229,
01/01/2000,00:55:07.70,22.81,-55.27,-992.71,148.75,-551.25,-577.50,1,94.215,
01/01/2000,00:55:07.71,23.79,-55.39,-992.10,96.25,-673.75,-262.50,1,94.216,
01/01/2000,00:55:07.72,23.91,-55.63,-990.76,245.0,-647.50,-96.25,1,94.217,
01/01/2000,00:55:07.73,23.67,-56.00,-990.40,166.25,-700.0,-393.75,1,94.218,
01/01/2000,00:55:07.74,23.18,-56.36,-990.52,288.75,-726.25,-621.25,1,94.218,
01/01/2000,00:55:07.75,22.69,-55.88,-991.13,183.75,-752.50,-411.25,1,94.219,
01/01/2000,00:55:07.77,22.08,-55.39,-992.10,131.25,-656.25,-306.25,1,94.220,
01/01/2000,00:55:07.78,21.72,-55.14,-992.96,140.0,-621.25,-280.0,1,94.221,
01/01/2000,00:55:07.79,20.50,-54.90,-993.08,218.75,-735.0,-201.25,1,94.222,
01/01/2000,00:55:07.80,20.62,-55.39,-992.96,96.25,-507.50,-393.75,1,94.223,
01/01/2000,00:55:07.81,21.23,-56.12,-993.08,306.25,-595.0,-586.25,1,94.224,
01/01/2000,00:55:07.82,22.45,-55.63,-992.96,43.75,-735.0,-533.75,1,94.225,
01/01/2000,00:55:07.83,23.67,-55.88,-991.98,227.50,-813.75,-140.0,1,94.226,
01/01/2000,00:55:07.84,23.18,-55.63,-991.01,35.0,-630.0,-175.0,1,94.227,
01/01/2000,00:55:07.85,22.69,-55.63,-991.25,166.25,-673.75,-385.0,1,94.228,
01/01/2000,00:55:07.86,22.69,-55.51,-991.86,183.75,-612.50,-568.75,1,94.229,
01/01/2000,00:55:07.87,22.81,-55.27,-992.59,175.0,-796.25,-236.25,1,94.230,
01/01/2000,00:55:07.88,22.94,-55.14,-993.08,61.25,-717.50,-166.25,1,94.231,
01/01/2000,00:55:07.89,22.45,-55.39,-992.84,210.0,-647.50,-122.50,1,94.232,
01/01/2000,00:55:07.90,21.84,-55.63,-992.59,262.50,-656.25,-245.0,1,94.233,
01/01/2000,00:55:07.92,21.72,-55.88,-992.47,157.50,-708.75,-577.50,1,94.218,
01/01/2000,00:55:07.93,22.69,-56.00,-992.59,420.0,-673.75,-647.50,1,94.219,
01/01/2000,00:55:07.94,23.67,-55.27,-992.59,17.50,-726.25,-245.0,1,94.220,
01/01/2000,00:55:07.95,23.91,-55.39,-992.10,8.75,-673.75,61.25,1,94.221,
01/01/2000,00:55:07.96,23.30,-55.88,-991.86,262.50,-726.25,-131.25,1,94.222,
01/01/2000,00:55:07.97,22.20,-56.00,-991.86,192.50,-848.75,-402.50,1,94.223,
01/01/2000,00:55:07.98,21.23,-56.12,-992.71,201.25,-700.0,-402.50,1,94.224,
01/01/2000,00:55:07.99,20.98,-55.88,-993.45,271.25,-586.25,-446.25,1,94.225,
01/01/2000,00:55:08.00,20.98,-54.90,-993.93,105.0,-717.50,-210.0,1,94.210,
01/01/2000,00:55:08.01,20.62,-55.14,-993.45,253.75,-665.0,-201.25,1,94.211,
01/01/2000,00:55:08.02,20.01,-55.39,-993.08,148.75,-630.0,-192.50,1,94.212,
01/01/2000,00:55:08.03,20.50,-55.88,-992.96,52.50,-525.0,-726.25,1,94.213,
01/01/2000,00:55:08.04,22.08,-56.12,-993.08,210.0,-595.0,-971.25,1,94.214,
01/01/2000,00:55:08.06,25.01,-55.14,-992.59,175.0,-735.0,-560.0,1,94.215,
01/01/2000,00:55:08.07,25.99,-55.27,-991.49,297.50,-700.0,70.0,1,94.216,
01/01/2000,00:55:08.08,26.35,-55.27,-990.52,78.75,-735.0,35.0,1,94.217,
01/01/2000,00:55:08.09,24.77,-55.88,-989.91,245.0,-761.25,-227.50,1,94.218,
01/01/2000,00:55:08.10,23.18,-56.12,-990.40,227.50,-840.0,-446.25,1,94.219,
01/01/2000,00:55:08.11,22.20,-56.12,-991.49,218.75,-752.50,-603.75,1,94.220,
01/01/2000,00:55:08.12,21.47,-55.63,-992.71,201.25,-630.0,-472.50,1,94.221,
01/01/2000,00:55:08.13,20.74,-54.90,-993.45,201.25,-656.25,-183.75,1,94.222,
01/01/2000,00:55:08.14,20.01,-54.66,-992.96,192.50,-743.75,-105.0,1,94.223,
01/01/2000,00:55:08.15,19.76,-54.90,-992.35,122.50,-743.75,-402.50,1,94.224,
01/01/2000,00:55:08.16,20.74,-55.51,-991.98,341.25,-673.75,-735.0,1,94.225,
01/01/2000,00:55:08.17,22.94,-55.39,-991.74,87.50,-822.50,-691.25,1,94.226,
01/01/2000,00:55:08.18,24.16,-55.88,-991.37,157.50,-787.50,-218.75,1,94.227,
01/01/2000,00:55:08.19,23.91,-55.88,-990.88,17.50,-883.75,-35.0,1,94.228,
01/01/2000,00:55:08.20,22.69,-56.00,-991.13,157.50,-700.0,-315.0,1,94.213,
01/01/2000,00:55:08.21,21.59,-56.00,-991.49,218.75,-647.50,-420.0,1,94.214,
01/01/2000,00:55:08.22,20.86,-55.39,-992.84,87.50,-743.75,-525.0,1,94.215,
01/01/2000,00:55:08.23,21.47,-55.02,-993.45,227.50,-726.25,-533.75,1,94.216,
01/01/2000,00:55:08.24,22.45,-55.39,-993.45,358.75,-533.75,-245.0,1,94.217,
01/01/2000,00:55:08.25,22.94,-55.51,-992.84,52.50,-673.75,-183.75,1,94.218,
01/01/2000,00:55:08.27,23.18,-56.24,-991.49,148.75,-647.50,-376.25,1,94.219,
01/01/2000,00:55:08.28,23.55,-56.61,-991.13,463.75,-840.0,-490.0,1,94.220,
01/01/2000,00:55:08.29,23.67,-55.75,-991.37,52.50,-682.50,-411.25,1,94.221,
01/01/2000,00:55:08.30,23.67,-55.88,-991.86,78.75,-813.75,-385.0,1,94.221,
01/01/2000,00:55:08.31,22.94,-55.39,-992.47,105.0,-726.25,-140.0,1,94.222,
01/01/2000,00:55:08.32,21.72,-55.27,-992.84,157.50,-638.75,-245.0,1,94.223,
01/01/2000,00:55:08.33,20.25,-55.63,-993.08,175.0,-647.50,-350.0,1,94.224,
01/01/2000,00:55:08.34,19.89,-55.63,-993.32,288.75,-621.25,-446.25,1,94.225,
01/01/2000,00:55:08.35,20.86,-55.27,-993.08,148.75,-700.0,-638.75,1,94.226,
01/01/2000,00:55:08.36,21.96,-55.39,-992.84,262.50,-656.25,-691.25,1,94.227,
01/01/2000,00:55:08.37,22.94,-55.39,-992.35,105.0,-840.0,-175.0,1,94.228,
01/01/2000,00:55:08.38,23.18,-55.39,-992.10,87.50,-708.75,-227.50,1,94.229,
01/01/2000,00:55:08.39,24.03,-56.12,-991.98,315.0,-586.25,-656.25,1,94.230,
01/01/2000,00:55:08.40,24.03,-55.39,-992.35,148.75,-700.0,-367.50,1,94.215,
01/01/2000,00:55:08.41,24.03,-55.39,-992.35,105.0,-665.0,-297.50,1,94.216,
01/01/2000,00:55:08.42,23.67,-55.51,-992.35,210.0,-840.0,-227.50,1,94.217,
01/01/2000,00:55:08.43,22.81,-55.27,-992.47,78.75,-735.0,-253.75,1,94.218,
01/01/2000,00:55:08.44,21.96,-55.75,-992.59,140.0,-577.50,-376.25,1,94.219,
01/01/2000,00:55:08.45,21.23,-55.88,-992.59,245.0,-708.75,-463.75,1,94.220,
01/01/2000,00:55:08.46,21.11,-55.63,-992.59,183.75,-717.50,-472.50,1,94.221,
01/01/2000,00:55:08.48,21.59,-55.51,-992.35,350.0,-682.50,-455.0,1,94.222,
01/01/2000,00:55:08.49,21.72,-55.39,-992.10,245.0,-656.25,-367.50,1,94.223,
01/01/2000,00:55:08.50,21.72,-55.51,-991.86,210.0,-586.25,-385.0,1,94.224,
01/01/2000,00:55:08.51,22.20,-55.88,-991.86,297.50,-630.0,-437.50,1,94.209,
01/01/2000,00:55:08.52,22.69,-55.14,-992.10,61.25,-752.50,-402.50,1,94.210,
01/01/2000,00:55:08.53,23.06,-55.63,-991.98,175.0,-743.75,-306.25,1,94.211,
01/01/2000,00:55:08.54,23.06,-55.27,-992.23,-35.0,-647.50,-350.0,1,94.212,
01/01/2000,00:55:08.55,22.81,-55.63,-992.35,192.50,-700.0,-236.25,1,94.213,
01/01/2000,00:55:08.56,22.57,-55.51,-992.35,157.50,-612.50,-402.50,1,94.214,
01/01/2000,00:55:08.57,22.08,-55.63,-992.10,148.75,-752.50,-358.75,1,94.215,
01/01/2000,00:55:08.58,21.84,-55.63,-992.10,166.25,-761.25,-446.25,1,94.216,
01/01/2000,00:55:08.60,22.08,-55.39,-992.35,183.75,-700.0,-393.75,1,94.217,
01/01/2000,00:55:08.60,22.08,-55.39,-992.35,192.50,-682.50,-385.0,1,94.218,
01/01/2000,00:55:08.62,22.20,-55.39,-992.23,157.50,-673.75,-280.0,1,94.219,
01/01/2000,00:55:08.63,23.18,-55.75,-992.35,280.0,-743.75,-472.50,1,94.220,
01/01/2000,00:55:08.64,23.67,-55.51,-992.35,280.0,-673.75,-516.25,1,94.221,
01/01/2000,00:55:08.65,23.91,-55.27,-991.98,52.50,-691.25,-166.25,1,94.222,
01/01/2000,00:55:08.66,23.79,-55.63,-991.37,280.0,-647.50,-420.0,1,94.223,
01/01/2000,00:55:08.67,22.94,-55.63,-991.62,113.75,-735.0,-341.25,1,94.224,
01/01/2000,00:55:08.68,22.45,-55.63,-991.98,78.75,-691.25,-376.25,1,94.225,
01/01/2000,00:55:08.69,22.20,-55.75,-992.47,227.50,-691.25,-420.0,1,94.226,
01/01/2000,00:55:08.70,21.84,-55.27,-993.08,140.0,-691.25,-332.50,1,94.227,
01/01/2000,00:55:08.71,21.84,-55.14,-993.08,131.25,-647.50,-323.75,1,94.228,
01/01/2000,00:55:08.72,21.72,-55.51,-992.84,306.25,-665.0,-201.25,1,94.229,
01/01/2000,00:55:08.73,21.47,-55.63,-992.47,140.0,-691.25,-271.25,1,94.229,
01/01/2000,00:55:08.74,21.72,-56.00,-992.10,245.0,-752.50,-498.75,1,94.230,
01/01/2000,00:55:08.75,22.57,-55.75,-991.86,227.50,-647.50,-542.50,1,94.231,
01/01/2000,00:55:08.76,23.67,-55.14,-992.10,70.0,-673.75,-350.0,1,94.217,
01/01/2000,00:55:08.77,24.16,-55.39,-992.35,271.25,-708.75,-157.50,1,94.218,
01/01/2000,00:55:08.78,23.79,-55.63,-992.35,175.0,-700.0,-297.50,1,94.219,
01/01/2000,00:55:08.79,23.42,-55.63,-992.59,-8.75,-630.0,-411.25,1,94.220,
01/01/2000,00:55:08.80,23.30,-56.00,-992.23,306.25,-691.25,-420.0,1,94.221,
01/01/2000,00:55:08.81,23.18,-55.63,-992.35,262.50,-743.75,-306.25,1,94.222,
01/01/2000,00:55:08.83,22.94,-55.51,-992.23,227.50,-682.50,-315.0,1,94.223,
01/01/2000,00:55:08.84,22.20,-55.39,-992.10,227.50,-726.25,-315.0,1,94.223,
01/01/2000,00:55:08.85,21.35,-55.63,-991.86,70.0,-691.25,-157.50,1,94.224,
01/01/2000,00:55:08.86,20.98,-56.12,-991.62,201.25,-621.25,-708.75,1,94.225,
01/01/2000,00:55:08.87,21.72,-56.12,-991.86,385.0,-603.75,-586.25,1,94.226,
01/01/2000,00:55:08.88,22.94,-55.27,-992.10,227.50,-717.50,-603.75,1,94.227,
01/01/2000,00:55:08.89,24.03,-55.39,-992.35,70.0,-743.75,-306.25,1,94.228,
01/01/2000,00:55:08.90,24.16,-55.75,-992.35,26.25,-665.0,-140.0,1,94.229,
01/01/2000,00:55:08.91,23.18,-56.36,-992.23,87.50,-743.75,-210.0,1,94.230,
01/01/2000,00:55:08.92,22.45,-56.36,-992.23,236.25,-603.75,-525.0,1,94.231,
01/01/2000,00:55:08.93,21.47,-55.88,-992.59,227.50,-682.50,-323.75,1,94.232,
01/01/2000,00:55:08.94,21.11,-55.14,-992.71,192.50,-647.50,-358.75,1,94.233,
01/01/2000,00:55:08.95,20.74,-55.27,-992.47,210.0,-665.0,-192.50,1,94.234,
01/01/2000,00:55:08.96,20.37,-55.39,-991.86,87.50,-708.75,-253.75,1,94.235,
01/01/2000,00:55:08.97,20.50,-56.12,-991.62,8.75,-621.25,-910.0,1,94.220,
01/01/2000,00:55:08.98,22.94,-56.12,-992.23,332.50,-586.25,-831.25,1,94.221,
01/01/2000,00:55:08.99,24.89,-55.39,-992.35,175.0,-673.75,-638.75,1,94.222,
01/01/2000,00:55:09.00,26.23,-55.39,-991.86,-8.75,-726.25,35.0,1,94.223,
01/01/2000,00:55:09.01,26.35,-55.51,-990.76,87.50,-743.75,70.0,1,94.224,
01/01/2000,00:55:09.03,24.89,-56.12,-990.15,0.0,-700.0,-551.25,1,94.225,
01/01/2000,00:55:09.04,23.06,-56.49,-991.62,262.50,-603.75,-446.25,1,94.226,
01/01/2000,00:55:09.05,21.59,-55.88,-992.84,227.50,-656.25,-428.75,1,94.227,
01/01/2000,00:55:09.06,21.11,-55.14,-994.79,96.25,-647.50,-367.50,1,94.228,
01/01/2000,00:55:09.07,20.01,-55.02,-994.79,210.0,-533.75,-166.25,1,94.229,
01/01/2000,00:55:09.08,19.76,-55.02,-994.06,183.75,-595.0,-376.25,1,94.230,
01/01/2000,00:55:09.09,19.64,-55.51,-992.71,218.75,-638.75,-227.50,1,94.231,
01/01/2000,00:55:09.10,20.98,-55.88,-991.98,288.75,-726.25,-953.75,1,94.232,
01/01/2000,00:55:09.11,23.55,-55.88,-992.23,175.0,-735.0,-647.50,1,94.217,
01/01/2000,00:55:09.12,24.89,-55.75,-992.59,122.50,-857.50,-43.75,1,94.218,
01/01/2000,00:55:09.13,25.50,-55.88,-992.96,175.0,-743.75,17.50,1,94.219,
01/01/2000,00:55:09.14,25.13,-56.00,-993.45,192.50,-831.25,-288.75,1,94.220,
01/01/2000,00:55:09.15,23.67,-55.75,-993.20,157.50,-638.75,-280.0,1,94.221,
01/01/2000,00:55:09.16,22.94,-55.63,-992.59,236.25,-673.75,-393.75,1,94.222,
01/01/2000,00:55:09.17,22.20,-55.39,-992.10,166.25,-577.50,-350.0,1,94.223,
01/01/2000,00:55:09.19,21.11,-55.27,-991.62,105.0,-778.75,-385.0,1,94.224,
01/01/2000,00:55:09.20,20.98,-55.63,-991.62,227.50,-673.75,-341.25,1,94.225,
01/01/2000,00:55:09.21,21.84,-55.75,-992.10,70.0,-638.75,-568.75,1,94.226,
01/01/2000,00:55:09.22,23.06,-55.75,-992.23,131.25,-691.25,-595.0,1,94.227,
01/01/2000,00:55:09.23,24.16,-55.14,-991.86,271.25,-708.75,-420.0,1,94.228,
01/01/2000,00:55:09.24,25.01,-55.39,-991.62,52.50,-612.50,-166.25,1,94.229,
01/01/2000,00:55:09.25,25.01,-56.12,-991.37,87.50,-805.0,-350.0,1,94.230,
01/01/2000,00:55:09.26,23.91,-56.49,-991.62,306.25,-752.50,-358.75,1,94.230,
01/01/2000,00:55:09.27,22.20,-56.36,-991.86,140.0,-770.0,-385.0,1,94.231,
01/01/2000,00:55:09.28,20.98,-55.88,-992.23,175.0,-787.50,-323.75,1,94.232,
01/01/2000,00:55:09.29,20.25,-55.27,-992.35,323.75,-595.0,-393.75,1,94.233,
01/01/2000,00:55:09.30,19.64,-55.14,-992.23,262.50,-682.50,-227.50,1,94.234,
01/01/2000,00:55:09.31,19.52,-55.51,-991.86,122.50,-691.25,-358.75,1,94.235,
01/01/2000,00:55:09.32,21.59,-56.00,-991.98,148.75,-691.25,-866.25,1,94.221,
01/01/2000,00:55:09.33,23.30,-55.88,-992.35,306.25,-848.75,-735.0,1,94.222,
01/01/2000,00:55:09.34,25.38,-55.39,-992.35,52.50,-665.0,-323.75,1,94.223,
01/01/2000,00:55:09.35,26.47,-56.00,-992.47,140.0,-717.50,-245.0,1,94.224,
01/01/2000,00:55:09.36,26.35,-55.75,-992.71,201.25,-743.75,-78.75,1,94.224,
01/01/2000,00:55:09.37,24.89,-56.12,-992.47,52.50,-770.0,17.50,1,94.225,
01/01/2000,00:55:09.38,23.30,-56.00,-992.23,253.75,-761.25,-533.75,1,94.226,
01/01/2000,00:55:09.40,20.74,-55.39,-991.98,280.0,-682.50,-350.0,1,94.227,
01/01/2000,00:55:09.41,19.76,-55.14,-991.86,157.50,-568.75,-350.0,1,94.228,
01/01/2000,00:55:09.42,19.03,-55.27,-991.62,280.0,-621.25,-323.75,1,94.229,
01/01/2000,00:55:09.43,19.03,-55.51,-991.49,201.25,-673.75,-542.50,1,94.230,
01/01/2000,00:55:09.44,20.37,-55.63,-991.74,323.75,-533.75,-673.75,1,94.231,
01/01/2000,00:55:09.45,22.45,-55.75,-991.98,262.50,-656.25,-770.0,1,94.232,
01/01/2000,00:55:09.46,25.13,-55.27,-992.71,52.50,-831.25,-105.0,1,94.218,
01/01/2000,00:55:09.47,26.11,-55.39,-992.96,236.25,-717.50,-26.25,1,94.219,
01/01/2000,00:55:09.48,25.86,-55.88,-992.84,122.50,-647.50,-148.75,1,94.219,
01/01/2000,00:55:09.49,23.79,-55.75,-992.35,-26.25,-822.50,-402.50,1,94.220,
01/01/2000,00:55:09.50,22.20,-55.88,-992.23,262.50,-673.75,-402.50,1,94.221,
01/01/2000,00:55:09.51,20.86,-55.14,-991.98,175.0,-752.50,-525.0,1,94.222,
01/01/2000,00:55:09.52,19.64,-55.02,-991.86,218.75,-708.75,-183.75,1,94.223,
01/01/2000,00:55:09.54,19.28,-55.63,-991.62,350.0,-612.50,-350.0,1,94.224,
01/01/2000,00:55:09.55,21.23,-55.88,-991.98,140.0,-551.25,-682.50,1,94.210,
01/01/2000,00:55:09.56,23.67,-56.12,-992.23,280.0,-595.0,-883.75,1,94.226,
01/01/2000,00:55:09.57,25.99,-55.63,-992.59,253.75,-647.50,-455.0,1,94.212,
01/01/2000,00:55:09.58,26.84,-55.51,-992.84,157.50,-682.50,210.0,1,94.213,
01/01/2000,00:55:09.59,26.72,-56.36,-992.96,70.0,-708.75,105.0,1,94.214,
01/01/2000,00:55:09.60,25.50,-56.49,-993.08,201.25,-787.50,-630.0,1,94.214,
01/01/2000,00:55:09.61,24.16,-55.88,-992.84,122.50,-647.50,-560.0,1,94.215,
01/01/2000,00:55:09.62,23.67,-55.51,-991.86,315.0,-700.0,-341.25,1,94.216,
01/01/2000,00:55:09.63,24.52,-55.14,-991.37,175.0,-665.0,-551.25,1,94.217,
01/01/2000,00:55:09.64,26.11,-55.27,-991.13,236.25,-647.50,-630.0,1,94.218,
01/01/2000,00:55:09.65,28.06,-55.88,-990.88,122.50,-743.75,-297.50,1,94.219,
01/01/2000,00:55:09.66,30.26,-56.61,-991.25,157.50,-665.0,-691.25,1,94.220,
01/01/2000,00:55:09.68,33.92,-56.49,-991.86,70.0,-770.0,-778.75,1,94.221,
01/01/2000,00:55:09.69,35.99,-56.36,-992.71,245.0,-743.75,-393.75,1,94.222,
01/01/2000,00:55:09.70,36.84,-55.88,-993.20,192.50,-770.0,87.50,1,94.223,
01/01/2000,00:55:09.71,35.75,-56.12,-992.84,271.25,-665.0,122.50,1,94.224,
01/01/2000,00:55:09.72,33.92,-56.12,-992.35,210.0,-630.0,-210.0,1,94.225,
01/01/2000,00:55:09.73,32.57,-55.88,-991.74,131.25,-647.50,-603.75,1,94.226,
01/01/2000,00:55:09.74,31.84,-55.75,-991.13,236.25,-630.0,-717.50,1,94.227,
01/01/2000,00:55:09.75,33.43,-55.02,-990.88,192.50,-542.50,-752.50,1,94.228,
01/01/2000,00:55:09.76,35.99,-55.14,-991.13,131.25,-612.50,-665.0,1,94.229,
01/01/2000,00:55:09.77,39.04,-55.51,-991.62,52.50,-691.25,-367.50,1,94.230,
01/01/2000,00:55:09.78,42.09,-56.00,-992.35,78.75,-848.75,-350.0,1,94.230,
01/01/2000,00:55:09.79,43.68,-56.97,-993.08,288.75,-752.50,-236.25,1,94.231,
01/01/2000,00:55:09.80,42.82,-56.85,-993.20,131.25,-735.0,-280.0,1,94.232,
01/01/2000,00:55:09.81,40.99,-56.36,-992.84,148.75,-761.25,-148.75,1,94.233,
01/01/2000,00:55:09.82,36.60,-55.39,-991.98,70.0,-778.75,-236.25,1,94.234,
01/01/2000,00:55:09.83,34.16,-55.14,-991.25,218.75,-761.25,-236.25,1,94.235,
01/01/2000,00:55:09.84,32.21,-55.39,-990.76,-8.75,-761.25,-376.25,1,94.236,
01/01/2000,00:55:09.85,32.70,-56.12,-991.25,341.25,-603.75,-656.25,1,94.237,
01/01/2000,00:55:09.86,33.67,-56.36,-992.10,201.25,-735.0,-717.50,1,94.238,
01/01/2000,00:55:09.87,34.89,-56.36,-992.84,262.50,-708.75,-402.50,1,94.239,
01/01/2000,00:55:09.89,35.01,-56.36,-993.08,183.75,-831.25,-192.50,1,94.225,
01/01/2000,00:55:09.90,34.16,-56.24,-992.84,192.50,-691.25,-157.50,1,94.225,
01/01/2000,00:55:09.91,30.99,-56.00,-992.10,-17.50,-551.25,-245.0,1,94.226,
01/01/2000,00:55:09.92,29.04,-56.36,-991.62,218.75,-603.75,-323.75,1,94.227,
01/01/2000,00:55:09.93,28.18,-55.88,-991.74,218.75,-638.75,-682.50,1,94.228,
01/01/2000,00:55:09.94,27.57,-55.63,-991.98,157.50,-743.75,-148.75,1,94.229,
01/01/2000,00:55:09.95,27.21,-56.24,-991.86,166.25,-700.0,-323.75,1,94.230,
01/01/2000,00:55:09.96,26.11,-56.49,-991.62,122.50,-691.25,-437.50,1,94.231,
01/01/2000,00:55:09.97,25.50,-56.49,-991.49,166.25,-717.50,-323.75,1,94.232,
01/01/2000,00:55:09.98,25.01,-56.00,-991.49,166.25,-708.75,-586.25,1,94.233,
01/01/2000,00:55:09.99,24.64,-55.75,-991.86,183.75,-691.25,-323.75,1,94.234,
01/01/2000,00:55:10.00,24.40,-55.63,-992.10,140.0,-752.50,-297.50,1,94.235,
01/01/2000,00:55:10.01,24.28,-56.12,-992.10,140.0,-586.25,-288.75,1,94.236,
01/01/2000,00:55:10.02,24.16,-56.36,-991.98,96.25,-752.50,-393.75,1,94.221,
01/01/2000,00:55:10.03,24.03,-56.24,-991.86,218.75,-787.50,-306.25,1,94.222,
01/01/2000,00:55:10.04,23.91,-56.00,-991.86,87.50,-805.0,-428.75,1,94.223,
01/01/2000,00:55:10.06,23.79,-55.88,-992.10,43.75,-761.25,-315.0,1,94.224,
01/01/2000,00:55:10.07,23.42,-55.88,-992.47,122.50,-735.0,-262.50,1,94.225,
01/01/2000,00:55:10.08,23.42,-56.12,-992.35,236.25,-717.50,-341.25,1,94.226,
01/01/2000,00:55:10.09,23.42,-56.24,-992.23,157.50,-708.75,-428.75,1,94.227,
01/01/2000,00:55:10.10,23.30,-56.12,-992.23,96.25,-647.50,-306.25,1,94.228,
01/01/2000,00:55:10.11,23.18,-56.24,-992.10,70.0,-630.0,-376.25,1,94.229,
01/01/2000,00:55:10.12,23.06,-56.00,-992.23,192.50,-612.50,-420.0,1,94.230,
01/01/2000,00:55:10.13,22.81,-55.88,-992.23,280.0,-726.25,-262.50,1,94.231,
01/01/2000,00:55:10.14,22.81,-55.88,-992.23,280.0,-735.0,-376.25,1,94.232,
01/01/2000,00:55:10.15,22.81,-55.88,-992.10,236.25,-691.25,-341.25,1,94.233,
01/01/2000,00:55:10.16,22.69,-55.88,-992.10,78.75,-638.75,-367.50,1,94.234,
01/01/2000,00:55:10.17,22.69,-56.00,-991.98,253.75,-735.0,-341.25,1,94.234,
01/01/2000,00:55:10.18,22.69,-56.12,-991.86,131.25,-708.75,-358.75,1,94.235,
01/01/2000,00:55:10.19,22.69,-56.12,-991.86,218.75,-568.75,-385.0,1,94.236,
01/01/2000,00:55:10.20,22.45,-55.88,-991.86,140.0,-717.50,-402.50,1,94.237,
01/01/2000,00:55:10.21,22.45,-55.88,-991.98,26.25,-700.0,-341.25,1,94.238,
01/01/2000,00:55:10.22,22.45,-55.88,-992.10,218.75,-665.0,-332.50,1,94.224,
01/01/2000,00:55:10.24,22.69,-56.00,-991.98,70.0,-770.0,-350.0,1,94.225,
01/01/2000,00:55:10.25,23.06,-56.24,-991.98,245.0,-673.75,-481.25,1,94.226,
01/01/2000,00:55:10.26,24.03,-56.12,-991.98,166.25,-682.50,-568.75,1,94.227,
01/01/2000,00:55:10.27,25.25,-56.00,-991.98,262.50,-708.75,-577.50,1,94.228,
01/01/2000,00:55:10.28,26.60,-56.00,-992.10,358.75,-778.75,-288.75,1,94.229,
01/01/2000,00:55:10.29,28.30,-55.88,-991.62,148.75,-691.25,-603.75,1,94.230,
01/01/2000,00:55:10.30,30.01,-55.88,-991.13,131.25,-665.0,-682.50,1,94.230,
01/01/2000,00:55:10.31,32.94,-56.12,-991.74,227.50,-708.75,-612.50,1,94.231,
01/01/2000,00:55:10.32,34.53,-56.12,-992.84,-26.25,-761.25,-350.0,1,94.232,
01/01/2000,00:55:10.33,35.38,-56.24,-993.32,113.75,-665.0,-306.25,1,94.233,
01/01/2000,00:55:10.34,35.99,-56.24,-992.84,157.50,-673.75,-358.75,1,94.234,
01/01/2000,00:55:10.35,34.89,-56.00,-992.10,35.0,-717.50,-385.0,1,94.235,
01/01/2000,00:55:10.36,34.53,-55.88,-991.49,87.50,-665.0,-367.50,1,94.236,
01/01/2000,00:55:10.37,34.89,-55.88,-991.49,201.25,-691.25,-542.50,1,94.237,
01/01/2000,00:55:10.38,36.11,-55.88,-991.62,183.75,-770.0,-560.0,1,94.223,
01/01/2000,00:55:10.39,37.94,-56.12,-991.86,122.50,-542.50,-726.25,1,94.224,
01/01/2000,00:55:10.40,40.75,-56.12,-992.35,210.0,-700.0,-673.75,1,94.225,
01/01/2000,00:55:10.41,42.09,-56.36,-992.59,315.0,-787.50,-262.50,1,94.226,
01/01/2000,00:55:10.42,42.21,-56.36,-992.47,113.75,-752.50,-218.75,1,94.226,
01/01/2000,00:55:10.43,41.24,-56.36,-992.35,166.25,-700.0,-297.50,1,94.227,
01/01/2000,00:55:10.45,38.80,-56.36,-991.86,131.25,-787.50,-227.50,1,94.228,
01/01/2000,00:55:10.46,36.60,-56.00,-991.74,96.25,-735.0,-288.75,1,94.229,
01/01/2000,00:55:10.47,33.55,-55.88,-991.49,183.75,-630.0,-385.0,1,94.230,
01/01/2000,00:55:10.48,32.33,-56.12,-991.37,192.50,-638.75,-420.0,1,94.231,
01/01/2000,00:55:10.49,31.72,-55.88,-991.49,210.0,-542.50,-472.50,1,94.232,
01/01/2000,00:55:10.50,32.70,-55.88,-991.74,183.75,-656.25,-831.25,1,94.233,
01/01/2000,00:55:10.51,34.89,-55.88,-992.47,227.50,-542.50,-857.50,1,94.234,
01/01/2000,00:55:10.52,35.38,-56.12,-992.35,-8.75,-743.75,-61.25,1,94.235,
01/01/2000,00:55:10.53,34.28,-56.73,-992.10,113.75,-822.50,78.75,1,94.236,
01/01/2000,00:55:10.54,31.60,-56.61,-991.86,166.25,-761.25,-17.50,1,94.237,
01/01/2000,00:55:10.55,28.30,-56.49,-991.74,245.0,-700.0,-603.75,1,94.222,
01/01/2000,00:55:10.57,24.64,-55.75,-991.62,175.0,-612.50,-647.50,1,94.223,
01/01/2000,00:55:10.58,23.67,-54.53,-992.35,96.25,-612.50,-577.50,1,94.224,
01/01/2000,00:55:10.59,24.52,-54.90,-992.59,35.0,-665.0,-306.25,1,94.225,
01/01/2000,00:55:10.60,25.86,-55.88,-992.59,131.25,-586.25,-402.50,1,94.226,
01/01/2000,00:55:10.61,28.18,-56.97,-992.71,131.25,-665.0,-525.0,1,94.227,
01/01/2000,00:55:10.62,29.16,-57.22,-992.96,175.0,-840.0,-577.50,1,94.228,
01/01/2000,00:55:10.63,29.40,-56.61,-993.08,105.0,-848.75,-428.75,1,94.229,
01/01/2000,00:55:10.64,28.43,-55.88,-993.08,218.75,-761.25,-43.75,1,94.230,
01/01/2000,00:55:10.65,24.64,-55.51,-992.71,218.75,-726.25,236.25,1,94.231,
01/01/2000,00:55:10.66,22.08,-55.88,-992.35,113.75,-717.50,105.0,1,94.232,
01/01/2000,00:55:10.67,19.76,-56.12,-992.10,140.0,-586.25,-743.75,1,94.233,
01/01/2000,00:55:10.68,18.91,-55.75,-991.98,131.25,-560.0,-1041.25,1,94.234,
01/01/2000,00:55:10.69,20.25,-55.39,-991.98,157.50,-586.25,-831.25,1,94.234,
01/01/2000,00:55:10.70,22.33,-55.39,-992.23,183.75,-717.50,-560.0,1,94.235,
01/01/2000,00:55:10.71,24.28,-56.00,-992.35,271.25,-665.0,-236.25,1,94.236,
01/01/2000,00:55:10.72,25.38,-56.61,-992.35,210.0,-752.50,-192.50,1,94.237,
01/01/2000,00:55:10.73,26.47,-56.97,-992.84,245.0,-787.50,-498.75,1,94.238,
01/01/2000,00:55:10.74,26.47,-56.61,-992.96,271.25,-700.0,-437.50,1,94.239,
01/01/2000,00:55:10.75,25.86,-56.24,-992.96,157.50,-778.75,-105.0,1,94.240,
01/01/2000,00:55:10.76,23.67,-55.88,-992.47,78.75,-813.75,87.50,1,94.241,
01/01/2000,00:55:10.77,21.72,-56.00,-992.10,131.25,-612.50,-17.50,1,94.242,
01/01/2000,00:55:10.78,20.50,-56.36,-991.74,105.0,-665.0,-516.25,1,94.228,
01/01/2000,00:55:10.79,19.52,-56.36,-991.74,210.0,-647.50,-490.0,1,94.244,
01/01/2000,00:55:10.81,20.25,-56.00,-991.86,35.0,-577.50,-700.0,1,94.230,
01/01/2000,00:55:10.82,21.96,-55.75,-992.23,122.50,-761.25,-498.75,1,94.230,
01/01/2000,00:55:10.83,24.16,-56.12,-992.35,113.75,-682.50,-8.75,1,94.231,
01/01/2000,00:55:10.84,25.13,-56.49,-992.47,113.75,-743.75,-350.0,1,94.232,
01/01/2000,00:55:10.85,25.62,-56.85,-992.35,131.25,-595.0,-393.75,1,94.233,
01/01/2000,00:55:10.86,25.25,-56.61,-992.47,122.50,-822.50,-271.25,1,94.234,
01/01/2000,00:55:10.87,24.16,-56.12,-992.47,87.50,-770.0,-175.0,1,94.235,
01/01/2000,00:55:10.88,22.94,-55.63,-992.47,35.0,-796.25,-122.50,1,94.236,
01/01/2000,00:55:10.89,20.50,-55.63,-992.59,105.0,-735.0,-148.75,1,94.237,
01/01/2000,00:55:10.90,19.15,-55.63,-992.47,288.75,-691.25,-236.25,1,94.238,
01/01/2000,00:55:10.91,18.79,-55.75,-992.35,245.0,-656.25,-446.25,1,94.239,
01/01/2000,00:55:10.92,19.15,-55.63,-992.35,297.50,-682.50,-691.25,1,94.240,
01/01/2000,00:55:10.93,21.72,-55.51,-992.59,183.75,-778.75,-630.0,1,94.241,
01/01/2000,00:55:10.94,24.64,-55.75,-992.84,201.25,-691.25,-315.0,1,94.226,
01/01/2000,00:55:10.95,25.99,-56.00,-992.96,52.50,-752.50,-113.75,1,94.227,
01/01/2000,00:55:10.96,26.84,-56.36,-992.96,227.50,-708.75,-358.75,1,94.228,
01/01/2000,00:55:10.97,26.96,-56.36,-992.84,131.25,-717.50,-183.75,1,94.229,
01/01/2000,00:55:10.98,26.35,-56.12,-992.84,236.25,-708.75,-96.25,1,94.230,
01/01/2000,00:55:10.99,24.03,-56.12,-992.71,157.50,-857.50,0.0,1,94.231,
01/01/2000,00:55:11.00,21.59,-55.63,-992.47,35.0,-665.0,-35.0,1,94.232,
01/01/2000,00:55:11.02,18.54,-56.00,-992.35,288.75,-787.50,-428.75,1,94.233,
01/01/2000,00:55:11.03,17.57,-55.75,-992.59,245.0,-612.50,-735.0,1,94.234,
01/01/2000,00:55:11.04,18.06,-55.39,-993.08,183.75,-656.25,-621.25,1,94.235,
01/01/2000,00:55:11.05,20.62,-55.39,-993.32,70.0,-647.50,-367.50,1,94.236,
01/01/2000,00:55:11.06,22.69,-56.00,-993.08,236.25,-630.0,-218.75,1,94.237,
01/01/2000,00:55:11.07,24.89,-56.49,-992.59,210.0,-770.0,-288.75,1,94.238,
01/01/2000,00:55:11.08,25.62,-56.36,-991.86,175.0,-778.75,-323.75,1,94.223,
01/01/2000,00:55:11.09,25.01,-56.24,-991.98,201.25,-822.50,-87.50,1,94.224,
01/01/2000,00:55:11.10,23.55,-55.88,-992.35,8.75,-813.75,-8.75,1,94.225,
01/01/2000,00:55:11.11,22.08,-55.75,-992.84,105.0,-647.50,-315.0,1,94.226,
01/01/2000,00:55:11.12,20.62,-55.27,-993.32,210.0,-612.50,-341.25,1,94.227,
01/01/2000,00:55:11.13,19.40,-55.02,-993.32,210.0,-717.50,-183.75,1,94.228,
01/01/2000,00:55:11.14,20.01,-55.14,-992.84,218.75,-656.25,-376.25,1,94.229,
01/01/2000,00:55:11.16,20.98,-55.63,-991.98,218.75,-761.25,-358.75,1,94.230,
01/01/2000,00:55:11.17,22.94,-55.63,-991.62,-78.75,-813.75,-472.50,1,94.231,
01/01/2000,00:55:11.18,24.16,-56.12,-991.62,78.75,-848.75,-376.25,1,94.232,
01/01/2000,00:55:11.19,25.13,-56.12,-992.10,52.50,-735.0,-385.0,1,94.233,
01/01/2000,00:55:11.20,25.62,-55.88,-992.84,61.25,-656.25,-253.75,1,94.234,
01/01/2000,00:55:11.21,24.77,-55.63,-992.84,306.25,-638.75,-227.50,1,94.234,
01/01/2000,00:55:11.22,22.94,-55.39,-992.47,253.75,-752.50,113.75,1,94.235,
01/01/2000,00:55:11.23,19.64,-55.63,-992.10,210.0,-647.50,-271.25,1,94.236,
01/01/2000,00:55:11.24,18.30,-55.88,-992.35,245.0,-656.25,-656.25,1,94.237,
01/01/2000,00:55:11.25,18.18,-55.75,-993.20,17.50,-647.50,-866.25,1,94.238,
01/01/2000,00:55:11.26,19.03,-55.51,-993.81,105.0,-533.75,-428.75,1,94.239,
01/01/2000,00:55:11.27,21.23,-55.51,-992.96,201.25,-700.0,-245.0,1,94.240,
01/01/2000,00:55:11.28,22.45,-55.14,-991.74,78.75,-770.0,-218.75,1,94.241,
01/01/2000,00:55:11.29,24.16,-56.12,-990.88,113.75,-612.50,-262.50,1,94.227,
01/01/2000,00:55:11.30,25.38,-56.61,-991.49,166.25,-691.25,-490.0,1,94.228,
01/01/2000,00:55:11.31,25.99,-56.61,-992.35,175.0,-603.75,-367.50,1,94.229,
01/01/2000,00:55:11.32,25.86,-55.88,-992.47,52.50,-638.75,-332.50,1,94.230,
01/01/2000,00:55:11.33,23.67,-55.39,-991.62,122.50,-778.75,122.50,1,94.230,
01/01/2000,00:55:11.34,21.72,-55.27,-991.25,140.0,-743.75,227.50,1,94.231,
01/01/2000,00:55:11.35,20.37,-55.63,-992.71,8.75,-656.25,-350.0,1,94.232,
01/01/2000,00:55:11.37,19.64,-55.88,-995.52,113.75,-735.0,-700.0,1,94.233,
01/01/2000,00:55:11.38,19.76,-56.00,-996.62,245.0,-665.0,-306.25,1,94.234,
01/01/2000,00:55:11.39,20.98,-55.39,-995.03,35.0,-656.25,-262.50,1,94.235,
01/01/2000,00:55:11.40,21.84,-55.39,-993.32,253.75,-630.0,-245.0,1,94.236,
01/01/2000,00:55:11.41,22.94,-55.27,-991.86,201.25,-726.25,-262.50,1,94.237,
01/01/2000,00:55:11.42,24.16,-55.88,-991.62,157.50,-743.75,-446.25,1,94.238,
01/01/2000,00:55:11.43,25.62,-56.36,-992.71,122.50,-770.0,-568.75,1,94.239,
01/01/2000,00:55:11.44,26.35,-56.36,-994.18,78.75,-735.0,-332.50,1,94.240,
01/01/2000,00:55:11.45,24.40,-56.00,-994.18,157.50,-743.75,-70.0,1,94.226,
01/01/2000,00:55:11.46,22.20,-55.63,-993.57,262.50,-700.0,96.25,1,94.241,
01/01/2000,00:55:11.47,19.89,-55.39,-992.84,26.25,-603.75,-245.0,1,94.227,
01/01/2000,00:55:11.48,18.30,-55.14,-992.59,201.25,-586.25,-638.75,1,94.228,
01/01/2000,00:55:11.49,18.54,-55.14,-992.84,245.0,-638.75,-717.50,1,94.229,
01/01/2000,00:55:11.50,20.25,-55.39,-993.32,253.75,-691.25,-533.75,1,94.230,
01/01/2000,00:55:11.52,23.18,-55.88,-992.84,218.75,-840.0,-262.50,1,94.231,
01/01/2000,00:55:11.53,24.77,-56.12,-991.86,201.25,-647.50,-245.0,1,94.232,
01/01/2000,00:55:11.54,25.50,-56.12,-991.01,35.0,-770.0,-253.75,1,94.233,
01/01/2000,00:55:11.55,25.74,-56.00,-990.64,175.0,-708.75,-376.25,1,94.234,
01/01/2000,00:55:11.56,25.13,-56.00,-991.01,87.50,-848.75,-236.25,1,94.235,
01/01/2000,00:55:11.57,23.79,-55.39,-991.86,227.50,-848.75,0.0,1,94.236,
01/01/2000,00:55:11.59,20.01,-56.12,-993.32,385.0,-700.0,-315.0,1,94.222,
01/01/2000,00:55:11.60,18.18,-55.75,-993.69,131.25,-630.0,-507.50,1,94.223,
01/01/2000,00:55:11.61,18.54,-55.88,-993.57,105.0,-665.0,-621.25,1,94.223,
01/01/2000,00:55:11.62,20.37,-55.39,-993.20,192.50,-603.75,-420.0,1,94.224,
01/01/2000,00:55:11.63,22.94,-55.63,-992.35,35.0,-673.75,-105.0,1,94.225,
01/01/2000,00:55:11.64,24.16,-56.24,-991.74,43.75,-752.50,-52.50,1,94.226,
01/01/2000,00:55:11.65,24.52,-57.10,-991.37,385.0,-787.50,-96.25,1,94.227,
01/01/2000,00:55:11.66,24.28,-57.10,-991.86,227.50,-848.75,-498.75,1,94.228,
01/01/2000,00:55:11.67,23.91,-56.49,-992.59,271.25,-761.25,-542.50,1,94.229,
01/01/2000,00:55:11.68,23.67,-55.51,-993.08,157.50,-656.25,-297.50,1,94.230,
01/01/2000,00:55:11.69,22.33,-55.02,-993.20,-35.0,-778.75,-17.50,1,94.231,
01/01/2000,00:55:11.70,21.23,-55.14,-992.96,-8.75,-656.25,-157.50,1,94.232,
01/01/2000,00:55:11.71,19.89,-56.12,-992.84,280.0,-743.75,-306.25,1,94.233,
01/01/2000,00:55:11.72,20.01,-56.12,-993.08,43.75,-673.75,-577.50,1,94.233,
01/01/2000,00:55:11.73,21.11,-56.49,-993.08,253.75,-665.0,-595.0,1,94.234,
01/01/2000,00:55:11.74,22.69,-56.12,-992.84,183.75,-682.50,-542.50,1,94.235,
01/01/2000,00:55:11.75,24.03,-55.63,-992.35,166.25,-568.75,-210.0,1,94.236,
01/01/2000,00:55:11.76,24.40,-55.75,-991.74,70.0,-708.75,-96.25,1,94.237,
01/01/2000,00:55:11.77,24.28,-56.24,-991.62,315.0,-717.50,-140.0,1,94.238,
01/01/2000,00:55:11.78,23.91,-56.24,-991.86,52.50,-787.50,-393.75,1,94.239,
01/01/2000,00:55:11.80,23.55,-56.36,-992.47,17.50,-726.25,-183.75,1,94.225,
01/01/2000,00:55:11.81,21.96,-56.12,-992.84,166.25,-708.75,-297.50,1,94.226,
01/01/2000,00:55:11.82,20.74,-56.24,-992.84,52.50,-717.50,-175.0,1,94.227,
01/01/2000,00:55:11.83,19.64,-56.12,-993.08,122.50,-560.0,-402.50,1,94.228,
01/01/2000,00:55:11.84,19.28,-55.63,-993.20,166.25,-717.50,-455.0,1,94.229,
01/01/2000,00:55:11.85,19.64,-55.63,-993.20,192.50,-682.50,-323.75,1,94.230,
01/01/2000,00:55:11.86,21.35,-55.63,-993.08,236.25,-612.50,-481.25,1,94.230,
01/01/2000,00:55:11.87,23.06,-56.00,-992.59,315.0,-708.75,-358.75,1,94.231,
01/01/2000,00:55:11.88,23.91,-56.24,-991.98,61.25,-691.25,-210.0,1,94.232,
01/01/2000,00:55:11.89,24.28,-56.36,-991.62,52.50,-735.0,-350.0,1,94.233,
01/01/2000,00:55:11.90,24.64,-56.36,-991.74,131.25,-778.75,-341.25,1,94.234,
01/01/2000,00:55:11.91,24.77,-56.00,-992.35,157.50,-700.0,-437.50,1,94.235,
01/01/2000,00:55:11.92,24.03,-55.75,-992.47,227.50,-770.0,-61.25,1,94.236,
01/01/2000,00:55:11.93,22.57,-55.51,-992.59,140.0,-717.50,87.50,1,94.237,
01/01/2000,00:55:11.94,19.76,-56.00,-993.08,227.50,-568.75,-183.75,1,94.223,
01/01/2000,00:55:11.95,18.67,-55.88,-993.57,122.50,-603.75,-708.75,1,94.224,
01/01/2000,00:55:11.96,18.42,-56.12,-994.06,262.50,-700.0,-708.75,1,94.225,
01/01/2000,00:55:11.97,20.01,-55.39,-994.06,105.0,-656.25,-726.25,1,94.226,
01/01/2000,00:55:11.98,21.59,-55.39,-993.57,218.75,-700.0,-306.25,1,94.227,
01/01/2000,00:55:11.99,23.18,-55.39,-992.59,113.75,-726.25,-78.75,1,94.227,
01/01/2000,00:55:12.01,24.28,-56.36,-991.13,157.50,-752.50,-105.0,1,94.228,
01/01/2000,00:55:12.02,24.40,-56.49,-990.88,-8.75,-656.25,-455.0,1,94.229,
01/01/2000,00:55:12.03,24.16,-56.85,-991.49,140.0,-805.0,-463.75,1,94.230,
01/01/2000,00:55:12.04,22.69,-56.00,-991.98,210.0,-805.0,-201.25,1,94.231,
01/01/2000,00:55:12.05,21.23,-55.75,-992.47,105.0,-761.25,-140.0,1,94.232,
01/01/2000,00:55:12.06,20.01,-55.63,-992.96,376.25,-778.75,-455.0,1,94.233,
01/01/2000,00:55:12.07,19.52,-54.90,-993.45,70.0,-700.0,-428.75,1,94.234,
01/01/2000,00:55:12.08,20.74,-55.02,-993.57,253.75,-568.75,-647.50,1,94.235,
01/01/2000,00:55:12.10,24.40,-55.51,-993.08,61.25,-752.50,-306.25,1,94.221,
01/01/2000,00:55:12.11,25.25,-56.12,-992.10,183.75,-918.75,-157.50,1,94.222,
01/01/2000,00:55:12.12,25.25,-56.61,-991.25,315.0,-770.0,-271.25,1,94.223,
01/01/2000,00:55:12.13,24.64,-56.36,-991.13,70.0,-805.0,-437.50,1,94.224,
01/01/2000,00:55:12.14,23.42,-56.00,-991.74,122.50,-761.25,-481.25,1,94.224,
01/01/2000,00:55:12.15,22.45,-55.39,-992.71,105.0,-673.75,-323.75,1,94.225,
01/01/2000,00:55:12.16,20.86,-55.02,-993.45,-70.0,-735.0,61.25,1,94.226,
01/01/2000,00:55:12.17,19.03,-55.51,-994.06,26.25,-805.0,-113.75,1,94.227,
01/01/2000,00:55:12.18,18.54,-55.75,-994.18,227.50,-533.75,-630.0,1,94.228,
01/01/2000,00:55:12.19,19.03,-55.75,-994.06,26.25,-656.25,-647.50,1,94.229,
01/01/2000,00:55:12.20,20.62,-55.88,-993.57,253.75,-717.50,-612.50,1,94.230,
01/01/2000,00:55:12.21,23.42,-55.63,-991.98,-17.50,-717.50,-411.25,1,94.231,
01/01/2000,00:55:12.22,24.40,-55.51,-990.88,148.75,-787.50,-87.50,1,94.232,
01/01/2000,00:55:12.23,24.64,-55.88,-989.91,192.50,-743.75,-323.75,1,94.233,
01/01/2000,00:55:12.24,24.77,-56.24,-990.64,210.0,-752.50,-525.0,1,94.233,
01/01/2000,00:55:12.25,24.52,-56.24,-992.10,61.25,-796.25,-446.25,1,94.234,
01/01/2000,00:55:12.26,24.28,-56.12,-993.32,148.75,-717.50,-376.25,1,94.235,
01/01/2000,00:55:12.27,23.42,-56.00,-993.81,201.25,-682.50,-183.75,1,94.236,
01/01/2000,00:55:12.28,21.72,-55.63,-993.81,43.75,-665.0,-96.25,1,94.237,
01/01/2000,00:55:12.29,19.89,-55.88,-993.45,201.25,-700.0,-411.25,1,94.238,
01/01/2000,00:55:12.30,19.52,-55.63,-993.32,87.50,-638.75,-437.50,1,94.239,
01/01/2000,00:55:12.31,20.01,-55.63,-993.45,131.25,-673.75,-490.0,1,94.240,
01/01/2000,00:55:12.32,21.23,-55.88,-993.20,8.75,-638.75,-385.0,1,94.241,
01/01/2000,00:55:12.33,22.81,-55.88,-992.71,-17.50,-857.50,-271.25,1,94.242,
01/01/2000,00:55:12.34,23.42,-56.12,-992.35,332.50,-796.25,-306.25,1,94.228,
01/01/2000,00:55:12.35,23.42,-56.24,-991.86,122.50,-673.75,-341.25,1,94.243,
01/01/2000,00:55:12.37,23.79,-56.24,-991.62,262.50,-770.0,-507.50,1,94.230,
01/01/2000,00:55:12.38,24.28,-55.63,-992.10,236.25,-778.75,-218.75,1,94.230,
01/01/2000,00:55:12.39,23.18,-55.63,-992.59,148.75,-787.50,-52.50,1,94.231,
01/01/2000,00:55:12.40,21.96,-55.63,-992.84,78.75,-735.0,-35.0,1,94.232,
01/01/2000,00:55:12.41,20.50,-56.00,-993.08,210.0,-796.25,-358.75,1,94.233,
01/01/2000,00:55:12.42,19.52,-56.12,-993.69,113.75,-665.0,-621.25,1,94.234,
01/01/2000,00:55:12.43,20.01,-55.88,-994.67,113.75,-743.75,-472.50,1,94.235,
01/01/2000,00:55:12.44,21.11,-55.02,-994.18,87.50,-717.50,-315.0,1,94.236,
01/01/2000,00:55:12.45,22.81,-55.27,-993.20,253.75,-673.75,-87.50,1,94.237,
01/01/2000,00:55:12.46,24.03,-55.39,-992.10,210.0,-665.0,-332.50,1,94.238,
01/01/2000,00:55:12.47,24.89,-55.88,-991.37,131.25,-726.25,-245.0,1,94.239,
01/01/2000,00:55:12.48,25.13,-56.12,-990.76,210.0,-735.0,-411.25,1,94.239,
01/01/2000,00:55:12.49,24.77,-56.36,-990.88,157.50,-840.0,-271.25,1,94.240,
01/01/2000,00:55:12.50,22.20,-55.75,-991.62,-43.75,-805.0,-113.75,1,94.227,
01/01/2000,00:55:12.51,20.50,-56.00,-992.59,105.0,-700.0,-175.0,1,94.227,
01/01/2000,00:55:12.52,19.40,-55.39,-994.06,227.50,-621.25,-525.0,1,94.228,
01/01/2000,00:55:12.53,18.79,-54.90,-995.03,166.25,-665.0,-367.50,1,94.229,
01/01/2000,00:55:12.54,19.40,-54.90,-995.15,96.25,-551.25,-358.75,1,94.230,
01/01/2000,00:55:12.55,20.98,-55.14,-994.54,227.50,-735.0,-385.0,1,94.231,
01/01/2000,00:55:12.56,21.96,-55.14,-993.20,105.0,-647.50,-183.75,1,94.232,
01/01/2000,00:55:12.58,23.42,-56.12,-991.13,218.75,-752.50,-402.50,1,94.233,
01/01/2000,00:55:12.59,24.16,-56.12,-990.52,87.50,-796.25,-463.75,1,94.234,
01/01/2000,00:55:12.60,24.89,-56.24,-990.64,166.25,-665.0,-385.0,1,94.220,
01/01/2000,00:55:12.61,23.67,-55.39,-991.62,43.75,-787.50,-87.50,1,94.221,
01/01/2000,00:55:12.62,21.72,-55.39,-992.10,227.50,-691.25,175.0,1,94.222,
01/01/2000,00:55:12.63,20.25,-55.51,-992.71,122.50,-726.25,-437.50,1,94.223,
01/01/2000,00:55:12.65,19.52,-55.27,-994.18,122.50,-726.25,-603.75,1,94.224,
01/01/2000,00:55:12.65,20.13,-55.27,-994.54,210.0,-542.50,-446.25,1,94.225,
01/01/2000,00:55:12.67,21.47,-55.63,-994.54,61.25,-682.50,-332.50,1,94.225,
01/01/2000,00:55:12.68,22.57,-55.75,-994.06,87.50,-770.0,-262.50,1,94.226,
01/01/2000,00:55:12.69,23.67,-56.12,-992.10,35.0,-717.50,-358.75,1,94.227,
01/01/2000,00:55:12.70,24.03,-56.49,-991.25,52.50,-778.75,-498.75,1,94.228,
01/01/2000,00:55:12.71,24.28,-56.36,-990.88,157.50,-638.75,-516.25,1,94.229,
01/01/2000,00:55:12.72,24.03,-55.88,-991.01,122.50,-761.25,-218.75,1,94.230,
01/01/2000,00:55:12.73,22.69,-55.75,-991.49,61.25,-761.25,-105.0,1,94.231,
01/01/2000,00:55:12.74,20.50,-55.75,-991.98,148.75,-708.75,96.25,1,94.232,
01/01/2000,00:55:12.75,18.54,-55.88,-992.96,210.0,-612.50,-367.50,1,94.233,
01/01/2000,00:55:12.76,16.84,-55.88,-994.18,253.75,-822.50,-332.50,1,94.233,
01/01/2000,00:55:12.77,15.37,-55.27,-995.15,210.0,-813.75,-481.25,1,94.234,
01/01/2000,00:55:12.78,14.88,-55.14,-994.79,201.25,-638.75,-297.50,1,94.235,
01/01/2000,00:55:12.79,13.79,-55.02,-993.08,157.50,-638.75,-201.25,1,94.236,
01/01/2000,00:55:12.80,13.18,-55.27,-991.74,113.75,-752.50,-332.50,1,94.237,
01/01/2000,00:55:12.81,12.69,-55.75,-990.64,113.75,-726.25,-455.0,1,94.238,
01/01/2000,00:55:12.82,12.69,-56.00,-990.76,157.50,-708.75,-420.0,1,94.239,
01/01/2000,00:55:12.83,13.18,-56.00,-991.62,183.75,-691.25,-446.25,1,94.240,
01/01/2000,00:55:12.84,13.54,-55.63,-992.23,175.0,-787.50,-297.50,1,94.241,
01/01/2000,00:55:12.85,12.44,-55.39,-991.98,358.75,-743.75,26.25,1,94.227,
01/01/2000,00:55:12.86,10.37,-55.14,-991.74,-43.75,-743.75,35.0,1,94.228,
01/01/2000,00:55:12.87,8.30,-55.63,-992.47,288.75,-665.0,-323.75,1,94.229,
01/01/2000,00:55:12.89,5.73,-55.63,-993.32,113.75,-735.0,-551.25,1,94.230,
01/01/2000,00:55:12.90,4.39,-55.51,-994.30,122.50,-656.25,-245.0,1,94.230,
01/01/2000,00:55:12.91,3.29,-55.51,-994.79,280.0,-568.75,-332.50,1,94.231,
01/01/2000,00:55:12.92,2.68,-55.14,-994.54,166.25,-647.50,-411.25,1,94.232,
01/01/2000,00:55:12.93,2.81,-54.78,-992.96,122.50,-612.50,-428.75,1,94.233,
01/01/2000,00:55:12.94,4.64,-54.78,-991.74,105.0,-726.25,-341.25,1,94.234,
01/01/2000,00:55:12.95,6.47,-55.39,-991.25,148.75,-796.25,-358.75,1,94.235,
01/01/2000,00:55:12.96,8.05,-55.63,-990.88,113.75,-691.25,-236.25,1,94.236,
01/01/2000,00:55:12.97,9.39,-56.00,-991.01,131.25,-691.25,-455.0,1,94.237,
01/01/2000,00:55:12.98,10.49,-56.24,-991.37,87.50,-726.25,-428.75,1,94.238,
01/01/2000,00:55:12.99,10.74,-55.88,-991.86,262.50,-726.25,-122.50,1,94.238,
01/01/2000,00:55:13.00,10.00,-55.63,-993.08,253.75,-638.75,-96.25,1,94.225,
01/01/2000,00:55:13.01,10.00,-55.39,-993.93,227.50,-630.0,-350.0,1,94.226,
01/01/2000,00:55:13.02,9.76,-55.14,-994.42,236.25,-621.25,-201.25,1,94.227,
01/01/2000,00:55:13.03,10.98,-55.14,-994.54,218.75,-621.25,-385.0,1,94.228,
01/01/2000,00:55:13.04,13.54,-55.51,-994.42,297.50,-621.25,-411.25,1,94.228,
01/01/2000,00:55:13.05,15.37,-55.27,-993.93,-87.50,-752.50,-323.75,1,94.229,
01/01/2000,00:55:13.07,16.96,-55.88,-992.23,26.25,-848.75,-201.25,1,94.230,
01/01/2000,00:55:13.08,17.32,-55.88,-991.37,192.50,-761.25,-472.50,1,94.231,
01/01/2000,00:55:13.09,18.06,-55.75,-991.49,166.25,-656.25,-367.50,1,94.232,
01/01/2000,00:55:13.10,18.67,-55.63,-992.47,245.0,-708.75,-201.25,1,94.233,
01/01/2000,00:55:13.11,18.79,-55.14,-993.08,52.50,-778.75,-61.25,1,94.234,
01/01/2000,00:55:13.12,18.79,-55.14,-992.84,78.75,-673.75,26.25,1,94.220,
01/01/2000,00:55:13.13,19.03,-55.02,-992.59,157.50,-656.25,-367.50,1,94.221,
01/01/2000,00:55:13.14,19.89,-55.27,-992.59,70.0,-673.75,-376.25,1,94.222,
01/01/2000,00:55:13.15,20.25,-55.51,-992.47,96.25,-752.50,-236.25,1,94.223,
01/01/2000,00:55:13.16,20.37,-55.63,-992.23,122.50,-673.75,-332.50,1,94.224,
01/01/2000,00:55:13.17,20.74,-55.88,-992.23,61.25,-700.0,-315.0,1,94.225,
01/01/2000,00:55:13.18,20.86,-55.39,-992.47,96.25,-708.75,-420.0,1,94.225,
01/01/2000,00:55:13.19,20.98,-55.27,-992.59,288.75,-656.25,-271.25,1,94.226,
01/01/2000,00:55:13.20,20.86,-55.14,-992.71,201.25,-691.25,-245.0,1,94.227,
01/01/2000,00:55:13.22,20.98,-55.02,-992.59,192.50,-656.25,-35.0,1,94.228,
01/01/2000,00:55:13.23,21.23,-55.39,-992.47,122.50,-735.0,-183.75,1,94.229,
01/01/2000,00:55:13.24,21.47,-55.51,-992.47,157.50,-708.75,-385.0,1,94.230,
01/01/2000,00:55:13.25,21.47,-55.75,-992.35,280.0,-551.25,-253.75,1,94.231,
01/01/2000,00:55:13.26,21.59,-55.88,-992.10,43.75,-621.25,-463.75,1,94.232,
01/01/2000,00:55:13.27,21.47,-55.75,-992.23,157.50,-813.75,-323.75,1,94.233,
01/01/2000,00:55:13.28,21.59,-55.39,-992.47,227.50,-717.50,-376.25,1,94.233,
01/01/2000,00:55:13.29,21.47,-55.27,-992.59,131.25,-735.0,-262.50,1,94.234,
01/01/2000,00:55:13.30,21.47,-55.39,-992.47,157.50,-717.50,-175.0,1,94.235,
01/01/2000,00:55:13.31,21.47,-55.51,-992.35,148.75,-682.50,-472.50,1,94.236,
01/01/2000,00:55:13.32,21.72,-55.63,-992.35,131.25,-691.25,-262.50,1,94.237,
01/01/2000,00:55:13.33,21.96,-55.63,-992.35,61.25,-682.50,-280.0,1,94.238,
01/01/2000,00:55:13.34,21.96,-55.75,-992.35,183.75,-665.0,-236.25,1,94.239,
01/01/2000,00:55:13.36,21.84,-55.51,-992.35,210.0,-752.50,-341.25,1,94.225,
01/01/2000,00:55:13.37,21.96,-55.39,-992.47,96.25,-621.25,-306.25,1,94.226,
01/01/2000,00:55:13.38,22.08,-55.27,-992.59,315.0,-682.50,-218.75,1,94.227,
01/01/2000,00:55:13.39,21.96,-55.39,-992.59,175.0,-735.0,-253.75,1,94.228,
01/01/2000,00:55:13.40,21.23,-55.63,-992.35,288.75,-778.75,-87.50,1,94.229,
01/01/2000,00:55:13.41,20.25,-55.75,-992.47,26.25,-647.50,-52.50,1,94.230,
01/01/2000,00:55:13.42,18.54,-56.49,-992.35,350.0,-691.25,-218.75,1,94.230,
01/01/2000,00:55:13.43,17.69,-55.51,-992.59,61.25,-682.50,-437.50,1,94.231,
01/01/2000,00:55:13.44,16.59,-55.39,-992.47,96.25,-752.50,-140.0,1,94.232,
01/01/2000,00:55:13.45,15.37,-55.51,-992.10,0.0,-682.50,35.0,1,94.233,
01/01/2000,00:55:13.46,12.44,-55.51,-992.10,175.0,-752.50,131.25,1,94.234,
01/01/2000,00:55:13.47,10.98,-55.75,-992.59,218.75,-700.0,-315.0,1,94.235,
01/01/2000,00:55:13.48,10.00,-55.88,-993.20,183.75,-682.50,-367.50,1,94.236,
01/01/2000,00:55:13.50,9.03,-55.51,-993.45,166.25,-752.50,-210.0,1,94.222,
01/01/2000,00:55:13.50,8.54,-55.27,-993.08,210.0,-761.25,-61.25,1,94.223,
01/01/2000,00:55:13.52,7.56,-55.14,-991.98,105.0,-656.25,96.25,1,94.224,
01/01/2000,00:55:13.53,6.95,-55.39,-991.86,131.25,-726.25,-78.75,1,94.225,
01/01/2000,00:55:13.54,6.10,-55.63,-992.35,61.25,-691.25,-35.0,1,94.226,
01/01/2000,00:55:13.55,5.00,-56.12,-992.96,78.75,-770.0,-52.50,1,94.227,
01/01/2000,00:55:13.56,3.90,-55.88,-993.57,218.75,-691.25,-236.25,1,94.228,
01/01/2000,00:55:13.57,3.05,-55.14,-993.57,253.75,-525.0,-262.50,1,94.228,
01/01/2000,00:55:13.58,3.66,-54.90,-993.20,183.75,-822.50,-306.25,1,94.229,
01/01/2000,00:55:13.59,5.00,-54.53,-992.84,-26.25,-560.0,-253.75,1,94.230,
01/01/2000,00:55:13.60,6.83,-54.90,-991.98,253.75,-577.50,-157.50,1,94.231,
01/01/2000,00:55:13.61,8.30,-54.90,-990.76,87.50,-708.75,-201.25,1,94.232,
01/01/2000,00:55:13.62,9.64,-56.24,-989.42,306.25,-735.0,0.0,1,94.218,
01/01/2000,00:55:13.63,11.10,-56.24,-990.15,183.75,-586.25,-455.0,1,94.219,
01/01/2000,00:55:13.65,11.96,-56.00,-991.25,218.75,-691.25,-332.50,1,94.220,
01/01/2000,00:55:13.66,12.93,-55.14,-992.35,157.50,-603.75,-43.75,1,94.221,
01/01/2000,00:55:13.67,12.81,-54.90,-992.35,131.25,-717.50,183.75,1,94.222,
01/01/2000,00:55:13.68,12.44,-54.78,-992.47,8.75,-691.25,315.0,1,94.223,
01/01/2000,00:55:13.69,12.08,-55.39,-992.71,96.25,-498.75,-131.25,1,94.224,
01/01/2000,00:55:13.70,12.20,-55.75,-993.08,227.50,-647.50,-455.0,1,94.225,
01/01/2000,00:55:13.71,12.93,-56.12,-993.32,245.0,-708.75,-350.0,1,94.225,
01/01/2000,00:55:13.72,14.15,-56.00,-993.08,218.75,-630.0,-498.75,1,94.226,
01/01/2000,00:55:13.73,15.62,-55.88,-992.96,96.25,-656.25,-315.0,1,94.227,
01/01/2000,00:55:13.74,17.08,-55.02,-992.47,-131.25,-778.75,-210.0,1,94.228,
01/01/2000,00:55:13.75,18.30,-55.39,-992.35,201.25,-665.0,-306.25,1,94.229,
01/01/2000,00:55:13.76,19.28,-55.51,-992.59,288.75,-717.50,-402.50,1,94.230,
01/01/2000,00:55:13.77,20.01,-55.02,-992.59,-17.50,-752.50,-218.75,1,94.231,
01/01/2000,00:55:13.78,21.23,-55.88,-992.35,297.50,-647.50,-210.0,1,94.232,
01/01/2000,00:55:13.79,21.47,-55.63,-992.10,253.75,-770.0,-393.75,1,94.233,
01/01/2000,00:55:13.80,21.35,-55.27,-991.62,17.50,-822.50,-183.75,1,94.233,
01/01/2000,00:55:13.81,21.11,-55.63,-991.37,192.50,-708.75,78.75,1,94.234,
01/01/2000,00:55:13.82,20.25,-55.39,-991.62,8.75,-700.0,-122.50,1,94.235,
01/01/2000,00:55:13.83,19.89,-55.51,-992.35,210.0,-673.75,-385.0,1,94.236,
01/01/2000,00:55:13.84,19.89,-55.63,-993.08,201.25,-612.50,-253.75,1,94.237,
01/01/2000,00:55:13.85,19.40,-55.63,-993.81,35.0,-647.50,-192.50,1,94.223,
01/01/2000,00:55:13.86,19.40,-55.63,-993.57,157.50,-700.0,-420.0,1,94.224,
01/01/2000,00:55:13.87,20.01,-55.51,-993.20,227.50,-656.25,-420.0,1,94.225,
01/01/2000,00:55:13.88,20.98,-54.90,-992.71,70.0,-595.0,-393.75,1,94.226,
01/01/2000,00:55:13.89,21.84,-55.39,-992.35,253.75,-743.75,-140.0,1,94.227,
01/01/2000,00:55:13.90,22.45,-55.39,-992.23,148.75,-805.0,-350.0,1,94.228,
01/01/2000,00:55:13.92,22.57,-55.75,-991.62,332.50,-691.25,-52.50,1,94.229,
01/01/2000,00:55:13.93,22.33,-55.63,-991.37,140.0,-630.0,-393.75,1,94.230,
01/01/2000,00:55:13.94,21.72,-55.63,-991.74,148.75,-726.25,-507.50,1,94.230,
01/01/2000,00:55:13.95,21.35,-55.14,-992.23,192.50,-787.50,-288.75,1,94.231,
01/01/2000,00:55:13.96,20.74,-55.27,-992.59,148.75,-752.50,-227.50,1,94.232,
01/01/2000,00:55:13.97,20.62,-55.39,-992.96,183.75,-595.0,-393.75,1,94.233,
01/01/2000,00:55:13.98,20.98,-55.39,-993.08,140.0,-577.50,-516.25,1,94.234,
01/01/2000,00:55:13.99,22.57,-55.14,-992.59,-43.75,-638.75,-463.75,1,94.235,
01/01/2000,00:55:14.00,23.42,-55.39,-991.86,70.0,-682.50,-192.50,1,94.236,
01/01/2000,00:55:14.01,23.67,-55.75,-990.76,148.75,-813.75,-122.50,1,94.237,
01/01/2000,00:55:14.02,23.18,-55.88,-990.27,157.50,-682.50,-323.75,1,94.237,
01/01/2000,00:55:14.03,22.81,-56.12,-990.76,262.50,-673.75,-525.0,1,94.238,
01/01/2000,00:55:14.04,22.20,-55.63,-991.62,87.50,-691.25,-315.0,1,94.239,
01/01/2000,00:55:14.05,21.84,-55.27,-992.35,201.25,-647.50,-385.0,1,94.240,
01/01/2000,00:55:14.07,21.47,-55.14,-993.32,210.0,-665.0,-227.50,1,94.227,
01/01/2000,00:55:14.08,20.50,-54.90,-993.57,87.50,-656.25,-122.50,1,94.228,
01/01/2000,00:55:14.09,20.50,-55.27,-993.32,70.0,-630.0,-428.75,1,94.228,
01/01/2000,00:55:14.10,21.47,-55.88,-993.20,411.25,-577.50,-533.75,1,94.229,
01/01/2000,00:55:14.11,22.57,-55.39,-993.08,35.0,-761.25,-665.0,1,94.230,
01/01/2000,00:55:14.12,23.18,-55.63,-992.47,131.25,-848.75,-87.50,1,94.231,
01/01/2000,00:55:14.13,22.69,-55.75,-991.37,26.25,-752.50,-210.0,1,94.218,
01/01/2000,00:55:14.14,22.57,-55.75,-991.62,105.0,-612.50,-463.75,1,94.219,
01/01/2000,00:55:14.15,22.69,-55.39,-992.59,227.50,-577.50,-385.0,1,94.219,
01/01/2000,00:55:14.16,22.69,-55.14,-993.08,78.75,-805.0,-393.75,1,94.220,
01/01/2000,00:55:14.17,22.57,-55.27,-993.08,175.0,-647.50,-210.0,1,94.221,
01/01/2000,00:55:14.19,22.20,-55.51,-992.96,166.25,-778.75,-245.0,1,94.222,
01/01/2000,00:55:14.19,21.47,-55.51,-992.71,166.25,-857.50,-367.50,1,94.223,
01/01/2000,00:55:14.21,21.72,-56.00,-992.71,148.75,-595.0,-516.25,1,94.224,
01/01/2000,00:55:14.22,22.94,-55.88,-992.71,192.50,-551.25,-656.25,1,94.225,
01/01/2000,00:55:14.23,23.55,-55.14,-992.47,43.75,-665.0,-78.75,1,94.226,
01/01/2000,00:55:14.24,23.55,-55.63,-991.86,105.0,-691.25,96.25,1,94.226,
01/01/2000,00:55:14.25,22.69,-55.88,-991.74,288.75,-735.0,-131.25,1,94.227,
01/01/2000,00:55:14.26,21.72,-55.75,-991.98,131.25,-726.25,-463.75,1,94.228,
01/01/2000,00:55:14.27,21.23,-56.00,-992.47,262.50,-743.75,-507.50,1,94.229,
01/01/2000,00:55:14.28,20.74,-55.63,-993.69,253.75,-700.0,-612.50,1,94.230,
01/01/2000,00:55:14.29,20.74,-55.14,-993.93,201.25,-778.75,-253.75,1,94.231,
01/01/2000,00:55:14.30,20.62,-55.27,-993.81,192.50,-787.50,-201.25,1,94.232,
01/01/2000,00:55:14.31,19.76,-55.39,-993.45,262.50,-717.50,-175.0,1,94.233,
01/01/2000,00:55:14.32,20.13,-55.88,-993.20,-8.75,-507.50,-542.50,1,94.233,
01/01/2000,00:55:14.33,21.47,-56.24,-993.32,332.50,-621.25,-831.25,1,94.234,
01/01/2000,00:55:14.34,24.40,-55.14,-993.08,-8.75,-682.50,-595.0,1,94.221,
01/01/2000,00:55:14.35,25.86,-55.27,-992.23,218.75,-787.50,105.0,1,94.222,
01/01/2000,00:55:14.36,26.35,-55.39,-990.64,183.75,-612.50,87.50,1,94.223,
01/01/2000,00:55:14.37,24.89,-56.00,-990.27,148.75,-743.75,-166.25,1,94.223,
01/01/2000,00:55:14.38,23.79,-56.12,-990.64,35.0,-840.0,-525.0,1,94.224,
01/01/2000,00:55:14.39,22.45,-56.49,-991.62,175.0,-805.0,-507.50,1,94.225,
01/01/2000,00:55:14.40,21.72,-55.88,-992.96,17.50,-708.75,-595.0,1,94.226,
01/01/2000,00:55:14.42,20.98,-55.14,-994.06,-17.50,-673.75,-175.0,1,94.227,
01/01/2000,00:55:14.43,20.13,-55.02,-993.45,122.50,-595.0,-70.0,1,94.228,
01/01/2000,00:55:14.44,20.13,-55.51,-992.96,105.0,-577.50,-472.50,1,94.229,
01/01/2000,00:55:14.45,21.23,-55.88,-992.71,183.75,-577.50,-726.25,1,94.230,
01/01/2000,00:55:14.46,22.69,-55.75,-992.47,210.0,-700.0,-551.25,1,94.230,
01/01/2000,00:55:14.47,24.16,-56.12,-991.98,157.50,-656.25,-166.25,1,94.231,
01/01/2000,00:55:14.48,24.28,-56.00,-991.49,-61.25,-700.0,-323.75,1,94.232,
01/01/2000,00:55:14.49,22.69,-56.00,-991.74,17.50,-700.0,-262.50,1,94.233,
01/01/2000,00:55:14.50,21.72,-56.12,-992.47,210.0,-708.75,-603.75,1,94.234,
01/01/2000,00:55:14.51,21.23,-55.51,-993.20,140.0,-726.25,-525.0,1,94.235,
01/01/2000,00:55:14.52,21.72,-55.14,-993.81,148.75,-691.25,-463.75,1,94.236,
01/01/2000,00:55:14.53,22.69,-55.14,-993.81,350.0,-708.75,-245.0,1,94.237,
01/01/2000,00:55:14.54,22.94,-55.39,-992.96,-78.75,-682.50,-350.0,1,94.237,
01/01/2000,00:55:14.55,23.30,-56.24,-991.62,43.75,-595.0,-525.0,1,94.224,
01/01/2000,00:55:14.56,23.67,-56.61,-991.62,358.75,-656.25,-577.50,1,94.225,
01/01/2000,00:55:14.57,23.91,-55.88,-991.98,26.25,-726.25,-525.0,1,94.226,
01/01/2000,00:55:14.58,24.03,-55.88,-992.35,323.75,-691.25,-192.50,1,94.227,
01/01/2000,00:55:14.59,22.94,-55.39,-992.84,236.25,-638.75,-315.0,1,94.228,
01/01/2000,00:55:14.60,21.72,-55.51,-993.08,140.0,-822.50,-192.50,1,94.228,
01/01/2000,00:55:14.62,20.74,-55.63,-993.08,210.0,-726.25,-297.50,1,94.229,
01/01/2000,00:55:14.63,20.25,-55.88,-993.08,131.25,-647.50,-271.25,1,94.230,
01/01/2000,00:55:14.64,21.47,-55.63,-993.08,140.0,-778.75,-691.25,1,94.217,
01/01/2000,00:55:14.65,22.94,-55.63,-992.71,227.50,-665.0,-192.50,1,94.218,
01/01/2000,00:55:14.66,23.30,-55.75,-992.23,183.75,-743.75,-52.50,1,94.219,
01/01/2000,00:55:14.67,23.55,-56.12,-991.86,87.50,-656.25,-498.75,1,94.219,
01/01/2000,00:55:14.68,23.79,-56.36,-991.86,52.50,-691.25,-490.0,1,94.220,
01/01/2000,00:55:14.69,24.03,-55.63,-992.35,61.25,-577.50,-332.50,1,94.221,
01/01/2000,00:55:14.71,24.03,-55.88,-992.47,210.0,-743.75,-201.25,1,94.222,
01/01/2000,00:55:14.72,23.55,-55.75,-992.71,157.50,-700.0,-323.75,1,94.223,
01/01/2000,00:55:14.73,22.20,-55.88,-993.08,43.75,-752.50,-297.50,1,94.224,
01/01/2000,00:55:14.74,21.23,-56.12,-993.08,210.0,-691.25,-402.50,1,94.225,
01/01/2000,00:55:14.75,20.86,-55.88,-992.96,271.25,-586.25,-463.75,1,94.226,
01/01/2000,00:55:14.76,20.86,-55.88,-992.96,245.0,-647.50,-463.75,1,94.226,
01/01/2000,00:55:14.77,21.72,-55.88,-992.84,262.50,-778.75,-288.75,1,94.227,
01/01/2000,00:55:14.78,21.59,-55.63,-992.59,78.75,-647.50,-315.0,1,94.228,
01/01/2000,00:55:14.79,21.84,-55.88,-992.10,306.25,-577.50,-367.50,1,94.229,
01/01/2000,00:55:14.80,22.08,-56.36,-992.10,393.75,-752.50,-586.25,1,94.230,
01/01/2000,00:55:14.81,22.69,-55.63,-992.35,-17.50,-787.50,-507.50,1,94.231,
01/01/2000,00:55:14.82,22.94,-56.00,-992.23,280.0,-630.0,-201.25,1,94.232,
01/01/2000,00:55:14.83,22.94,-55.75,-992.10,201.25,-647.50,-393.75,1,94.233,
01/01/2000,00:55:14.84,23.18,-55.88,-992.47,227.50,-682.50,-306.25,1,94.233,
01/01/2000,00:55:14.85,22.94,-56.00,-992.59,183.75,-796.25,-437.50,1,94.234,
01/01/2000,00:55:14.86,22.45,-55.88,-992.84,-8.75,-665.0,-280.0,1,94.235,
01/01/2000,00:55:14.87,22.33,-56.24,-993.08,288.75,-647.50,-516.25,1,94.236,
01/01/2000,00:55:14.88,22.45,-56.12,-992.96,140.0,-743.75,-367.50,1,94.237,
01/01/2000,00:55:14.89,22.20,-55.88,-992.59,201.25,-743.75,-358.75,1,94.238,
01/01/2000,00:55:14.90,22.20,-55.63,-992.35,148.75,-761.25,-236.25,1,94.239,
01/01/2000,00:55:14.91,23.06,-56.00,-992.10,402.50,-656.25,-455.0,1,94.225,
01/01/2000,00:55:14.92,23.42,-55.75,-992.35,288.75,-726.25,-507.50,1,94.226,
01/01/2000,00:55:14.93,23.67,-55.63,-992.35,227.50,-630.0,-183.75,1,94.227,
01/01/2000,00:55:14.94,23.67,-56.12,-991.98,236.25,-778.75,-253.75,1,94.228,
01/01/2000,00:55:14.95,22.94,-56.12,-992.23,262.50,-630.0,-341.25,1,94.229,
01/01/2000,00:55:14.96,22.20,-55.75,-992.71,105.0,-752.50,-367.50,1,94.230,
01/01/2000,00:55:14.98,21.59,-55.63,-992.84,245.0,-542.50,-420.0,1,94.230,
01/01/2000,00:55:14.99,21.35,-55.14,-993.08,262.50,-691.25,-393.75,1,94.231,
01/01/2000,00:55:15.00,21.47,-55.27,-993.32,218.75,-700.0,-350.0,1,94.232,
01/01/2000,00:55:15.01,21.72,-55.63,-992.96,262.50,-708.75,-376.25,1,94.233,
01/01/2000,00:55:15.02,21.23,-55.88,-992.47,236.25,-638.75,-288.75,1,94.234,
01/01/2000,00:55:15.03,21.72,-56.12,-992.10,157.50,-673.75,-577.50,1,94.235,
01/01/2000,00:55:15.04,22.20,-56.12,-992.35,201.25,-656.25,-551.25,1,94.236,
01/01/2000,00:55:15.05,23.06,-55.39,-992.71,253.75,-621.25,-288.75,1,94.237,
01/01/2000,00:55:15.06,23.42,-55.88,-992.59,96.25,-700.0,-210.0,1,94.237,
01/01/2000,00:55:15.07,23.42,-55.88,-992.35,105.0,-726.25,-306.25,1,94.238,
01/01/2000,00:55:15.08,23.18,-55.88,-992.23,218.75,-735.0,-367.50,1,94.239,
01/01/2000,00:55:15.09,23.06,-56.24,-992.23,157.50,-691.25,-245.0,1,94.240,
01/01/2000,00:55:15.10,23.06,-56.12,-993.08,236.25,-700.0,-376.25,1,94.241,
01/01/2000,00:55:15.11,23.06,-55.88,-993.08,175.0,-673.75,-367.50,1,94.242,
01/01/2000,00:55:15.13,21.96,-55.63,-992.35,61.25,-647.50,-393.75,1,94.228,
01/01/2000,00:55:15.14,21.11,-55.88,-991.98,148.75,-752.50,-341.25,1,94.229,
01/01/2000,00:55:15.15,21.47,-55.88,-991.98,157.50,-665.0,-586.25,1,94.230,
01/01/2000,00:55:15.16,22.08,-55.88,-992.59,192.50,-691.25,-603.75,1,94.231,
01/01/2000,00:55:15.17,23.79,-55.39,-992.96,157.50,-708.75,-428.75,1,94.232,
01/01/2000,00:55:15.18,24.16,-56.00,-993.20,140.0,-822.50,-70.0,1,94.233,
01/01/2000,00:55:15.19,23.67,-56.12,-993.08,253.75,-743.75,-166.25,1,94.220,
01/01/2000,00:55:15.20,22.33,-56.36,-992.23,175.0,-761.25,-315.0,1,94.220,
01/01/2000,00:55:15.21,21.72,-56.00,-992.23,201.25,-682.50,-533.75,1,94.221,
01/01/2000,00:55:15.22,21.23,-55.75,-992.59,227.50,-691.25,-376.25,1,94.222,
01/01/2000,00:55:15.23,20.86,-55.39,-992.71,253.75,-673.75,-157.50,1,94.223,
01/01/2000,00:55:15.24,20.50,-55.51,-992.35,87.50,-638.75,-323.75,1,94.224,
01/01/2000,00:55:15.25,19.64,-55.88,-991.86,280.0,-752.50,-315.0,1,94.225,
01/01/2000,00:55:15.26,20.50,-56.00,-991.49,201.25,-691.25,-700.0,1,94.226,
01/01/2000,00:55:15.27,22.08,-56.12,-991.86,297.50,-638.75,-910.0,1,94.226,
01/01/2000,00:55:15.28,24.89,-55.51,-992.47,52.50,-717.50,-463.75,1,94.227,
01/01/2000,00:55:15.29,25.99,-55.75,-991.86,192.50,-595.0,113.75,1,94.228,
01/01/2000,00:55:15.30,25.86,-56.12,-990.88,96.25,-726.25,78.75,1,94.229,
01/01/2000,00:55:15.31,24.89,-56.73,-990.52,192.50,-822.50,-367.50,1,94.230,
01/01/2000,00:55:15.33,22.81,-56.73,-991.37,227.50,-857.50,-630.0,1,94.231,
01/01/2000,00:55:15.34,21.23,-56.00,-993.20,306.25,-691.25,-437.50,1,94.232,
01/01/2000,00:55:15.35,20.74,-55.39,-994.91,262.50,-682.50,-358.75,1,94.232,
01/01/2000,00:55:15.36,20.25,-55.39,-995.28,175.0,-647.50,-131.25,1,94.233,
01/01/2000,00:55:15.37,19.89,-55.75,-994.79,218.75,-507.50,-192.50,1,94.234,
01/01/2000,00:55:15.38,19.64,-56.00,-993.57,218.75,-577.50,-577.50,1,94.235,
01/01/2000,00:55:15.39,21.23,-56.36,-991.98,148.75,-568.75,-595.0,1,94.236,
01/01/2000,00:55:15.40,23.67,-55.75,-992.35,43.75,-778.75,-542.50,1,94.223,
01/01/2000,00:55:15.41,24.89,-56.00,-992.84,105.0,-682.50,-52.50,1,94.224,
01/01/2000,00:55:15.42,25.38,-56.24,-993.45,157.50,-682.50,-245.0,1,94.224,
01/01/2000,00:55:15.43,24.89,-56.12,-993.69,166.25,-743.75,-280.0,1,94.225,
01/01/2000,00:55:15.44,23.55,-55.88,-993.32,105.0,-612.50,-323.75,1,94.226,
01/01/2000,00:55:15.45,22.69,-55.88,-992.96,306.25,-682.50,-350.0,1,94.227,
01/01/2000,00:55:15.46,21.84,-55.51,-992.47,166.25,-656.25,-341.25,1,94.228,
01/01/2000,00:55:15.48,21.23,-55.63,-991.74,253.75,-595.0,-376.25,1,94.229,
01/01/2000,00:55:15.49,21.23,-56.12,-991.62,78.75,-743.75,-385.0,1,94.230,
01/01/2000,00:55:15.50,21.72,-56.12,-991.62,122.50,-691.25,-560.0,1,94.230,
01/01/2000,00:55:15.51,23.42,-55.75,-992.23,210.0,-656.25,-411.25,1,94.231,
01/01/2000,00:55:15.52,24.52,-55.63,-992.35,105.0,-717.50,-262.50,1,94.232,
01/01/2000,00:55:15.53,24.89,-55.63,-992.10,131.25,-796.25,-245.0,1,94.233,
01/01/2000,00:55:15.54,24.64,-55.88,-991.86,350.0,-761.25,-218.75,1,94.234,
01/01/2000,00:55:15.55,23.79,-56.12,-991.98,280.0,-586.25,-341.25,1,94.235,
01/01/2000,00:55:15.56,22.08,-55.88,-991.86,148.75,-752.50,-323.75,1,94.236,
01/01/2000,00:55:15.57,21.23,-55.75,-991.98,201.25,-682.50,-437.50,1,94.236,
01/01/2000,00:55:15.58,20.37,-55.75,-991.98,288.75,-717.50,-280.0,1,94.237,
01/01/2000,00:55:15.59,19.52,-55.39,-992.23,192.50,-603.75,-297.50,1,94.238,
01/01/2000,00:55:15.60,19.28,-55.51,-992.23,288.75,-665.0,-437.50,1,94.239,
01/01/2000,00:55:15.61,20.98,-55.88,-992.47,262.50,-516.25,-682.50,1,94.226,
01/01/2000,00:55:15.62,23.42,-55.63,-992.71,175.0,-638.75,-568.75,1,94.227,
01/01/2000,00:55:15.63,25.25,-55.75,-992.71,87.50,-752.50,-350.0,1,94.228,
01/01/2000,00:55:15.64,26.35,-56.36,-992.47,306.25,-656.25,-192.50,1,94.228,
01/01/2000,00:55:15.65,26.11,-56.12,-992.59,52.50,-840.0,-122.50,1,94.229,
01/01/2000,00:55:15.67,24.16,-56.36,-992.35,157.50,-726.25,-166.25,1,94.230,
01/01/2000,00:55:15.68,21.84,-56.00,-992.35,210.0,-603.75,-551.25,1,94.231,
01/01/2000,00:55:15.69,20.37,-55.63,-992.35,148.75,-665.0,-262.50,1,94.232,
01/01/2000,00:55:15.70,19.03,-55.63,-992.10,201.25,-586.25,-271.25,1,94.233,
01/01/2000,00:55:15.71,18.91,-55.63,-991.86,192.50,-682.50,-402.50,1,94.234,
01/01/2000,00:55:15.72,19.40,-55.88,-991.74,140.0,-481.25,-507.50,1,94.234,
01/01/2000,00:55:15.73,21.11,-56.00,-991.86,140.0,-621.25,-840.0,1,94.235,
01/01/2000,00:55:15.74,23.18,-55.88,-992.47,201.25,-778.75,-691.25,1,94.236,
01/01/2000,00:55:15.75,25.62,-55.88,-992.84,26.25,-875.0,-166.25,1,94.223,
01/01/2000,00:55:15.76,26.23,-56.36,-992.96,96.25,-752.50,-52.50,1,94.224,
01/01/2000,00:55:15.77,25.62,-56.61,-992.96,280.0,-761.25,-201.25,1,94.225,
01/01/2000,00:55:15.78,23.42,-56.12,-992.84,26.25,-665.0,-393.75,1,94.226,
01/01/2000,00:55:15.79,21.96,-56.24,-992.59,113.75,-700.0,-411.25,1,94.227,
01/01/2000,00:55:15.80,20.50,-55.51,-992.23,192.50,-647.50,-411.25,1,94.227,
01/01/2000,00:55:15.81,19.52,-55.39,-992.10,236.25,-673.75,-411.25,1,94.228,
01/01/2000,00:55:15.82,19.40,-55.88,-992.10,262.50,-673.75,-367.50,1,94.229,
01/01/2000,00:55:15.83,20.01,-56.36,-992.10,201.25,-717.50,-420.0,1,94.230,
01/01/2000,00:55:15.84,21.72,-56.36,-992.35,166.25,-665.0,-1120.0,1,94.231,
01/01/2000,00:55:15.85,24.03,-56.49,-992.96,192.50,-778.75,-630.0,1,94.232,
01/01/2000,00:55:15.86,26.35,-55.88,-993.20,52.50,-787.50,52.50,1,94.232,
01/01/2000,00:55:15.87,26.84,-56.24,-993.32,87.50,-717.50,315.0,1,94.233,
01/01/2000,00:55:15.88,26.23,-56.61,-993.32,201.25,-708.75,-288.75,1,94.234,
01/01/2000,00:55:15.90,24.40,-56.12,-993.08,87.50,-665.0,-507.50,1,94.235,
01/01/2000,00:55:15.91,23.55,-55.75,-992.59,87.50,-673.75,-428.75,1,94.236,
01/01/2000,00:55:15.92,24.52,-55.27,-991.98,315.0,-560.0,-551.25,1,94.237,
01/01/2000,00:55:15.93,25.86,-55.14,-991.74,175.0,-612.50,-568.75,1,94.238,
01/01/2000,00:55:15.94,27.69,-55.63,-991.49,201.25,-673.75,-455.0,1,94.238,
01/01/2000,00:55:15.95,29.77,-56.36,-991.49,253.75,-822.50,-595.0,1,94.239,
01/01/2000,00:55:15.96,33.18,-56.49,-992.23,210.0,-857.50,-665.0,1,94.226,
01/01/2000,00:55:15.97,35.38,-56.24,-992.71,113.75,-866.25,-358.75,1,94.227,
01/01/2000,00:55:15.98,36.60,-55.63,-993.08,148.75,-945.0,87.50,1,94.228,
01/01/2000,00:55:15.99,36.11,-56.00,-993.08,140.0,-726.25,183.75,1,94.229,
01/01/2000,00:55:16.00,34.65,-56.36,-992.84,253.75,-647.50,-183.75,1,94.230,
01/01/2000,00:55:16.01,33.06,-56.24,-992.47,175.0,-673.75,-507.50,1,94.230,
01/01/2000,00:55:16.02,32.21,-55.63,-991.62,332.50,-647.50,-647.50,1,94.231,
01/01/2000,00:55:16.04,34.04,-55.02,-991.13,175.0,-735.0,-700.0,1,94.232,
01/01/2000,00:55:16.05,36.84,-55.27,-991.25,183.75,-638.75,-533.75,1,94.233,
01/01/2000,00:55:16.06,39.77,-55.63,-991.74,183.75,-717.50,-288.75,1,94.234,
01/01/2000,00:55:16.07,41.97,-56.36,-992.47,271.25,-708.75,-306.25,1,94.235,
01/01/2000,00:55:16.08,43.43,-56.97,-993.08,148.75,-796.25,-280.0,1,94.236,
01/01/2000,00:55:16.09,41.97,-56.85,-993.20,140.0,-805.0,-192.50,1,94.236,
01/01/2000,00:55:16.10,39.65,-56.24,-992.84,175.0,-743.75,-70.0,1,94.237,
01/01/2000,00:55:16.11,36.11,-55.51,-991.86,245.0,-603.75,-315.0,1,94.238,
01/01/2000,00:55:16.12,33.67,-55.14,-991.13,105.0,-630.0,-192.50,1,94.239,
01/01/2000,00:55:16.13,32.33,-55.27,-990.88,148.75,-752.50,-332.50,1,94.240,
01/01/2000,00:55:16.14,32.82,-56.12,-991.74,105.0,-708.75,-717.50,1,94.241,
01/01/2000,00:55:16.15,34.28,-56.36,-992.84,245.0,-647.50,-752.50,1,94.242,
01/01/2000,00:55:16.16,34.89,-56.36,-993.32,78.75,-787.50,-420.0,1,94.242,
01/01/2000,00:55:16.18,33.43,-56.12,-993.08,166.25,-778.75,8.75,1,94.215,
01/01/2000,00:55:16.19,31.35,-55.75,-992.71,122.50,-743.75,-157.50,1,94.216,
01/01/2000,00:55:16.20,29.52,-56.24,-992.35,148.75,-621.25,-428.75,1,94.217,
01/01/2000,00:55:16.21,28.06,-55.88,-992.35,105.0,-603.75,-770.0,1,94.218,
01/01/2000,00:55:16.22,27.33,-55.63,-992.35,306.25,-630.0,-402.50,1,94.219,
01/01/2000,00:55:16.23,27.21,-55.63,-992.10,148.75,-612.50,-52.50,1,94.220,
01/01/2000,00:55:16.24,26.96,-56.24,-992.10,175.0,-682.50,-201.25,1,94.221,
01/01/2000,00:55:16.25,25.99,-56.36,-992.35,70.0,-708.75,-402.50,1,94.221,
01/01/2000,00:55:16.26,25.38,-56.24,-992.47,192.50,-621.25,-367.50,1,94.222,
01/01/2000,00:55:16.27,24.89,-55.88,-992.59,210.0,-708.75,-446.25,1,94.223,
01/01/2000,00:55:16.28,24.64,-55.39,-992.59,113.75,-673.75,-271.25,1,94.224,
01/01/2000,00:55:16.29,24.64,-55.63,-992.59,87.50,-656.25,-350.0,1,94.225,
01/01/2000,00:55:16.30,24.40,-56.24,-992.59,218.75,-665.0,-210.0,1,94.226,
01/01/2000,00:55:16.31,24.28,-56.36,-992.59,113.75,-796.25,-428.75,1,94.227,
01/01/2000,00:55:16.33,24.28,-56.49,-992.59,122.50,-796.25,-455.0,1,94.227,
01/01/2000,00:55:16.34,24.03,-56.24,-992.47,236.25,-743.75,-393.75,1,94.228,
01/01/2000,00:55:16.35,23.67,-55.88,-992.35,192.50,-735.0,-350.0,1,94.229,
01/01/2000,00:55:16.36,23.55,-55.88,-992.47,166.25,-630.0,-236.25,1,94.230,
01/01/2000,00:55:16.37,23.55,-56.12,-992.59,236.25,-560.0,-358.75,1,94.231,
01/01/2000,00:55:16.38,23.67,-56.36,-992.84,105.0,-813.75,-385.0,1,94.232,
01/01/2000,00:55:16.39,23.55,-56.36,-992.71,166.25,-770.0,-437.50,1,94.232,
01/01/2000,00:55:16.40,23.30,-56.12,-992.47,218.75,-665.0,-455.0,1,94.233,
01/01/2000,00:55:16.41,23.18,-55.75,-992.35,-8.75,-656.25,-446.25,1,94.234,
01/01/2000,00:55:16.42,23.06,-55.75,-992.35,323.75,-726.25,-271.25,1,94.235,
01/01/2000,00:55:16.43,22.94,-55.75,-992.47,218.75,-673.75,-315.0,1,94.236,
01/01/2000,00:55:16.44,22.94,-56.12,-992.35,87.50,-735.0,-420.0,1,94.237,
01/01/2000,00:55:16.45,22.94,-56.36,-992.23,148.75,-708.75,-236.25,1,94.238,
01/01/2000,00:55:16.46,22.81,-56.49,-992.10,148.75,-638.75,-358.75,1,94.225,
01/01/2000,00:55:16.47,22.69,-56.00,-992.10,26.25,-568.75,-385.0,1,94.225,
01/01/2000,00:55:16.48,22.69,-56.00,-992.35,201.25,-717.50,-271.25,1,94.226,
01/01/2000,00:55:16.49,22.81,-55.88,-992.59,271.25,-691.25,-315.0,1,94.227,
01/01/2000,00:55:16.50,22.81,-56.00,-992.47,183.75,-673.75,-402.50,1,94.228,
01/01/2000,00:55:16.51,22.94,-56.12,-992.35,96.25,-787.50,-323.75,1,94.229,
01/01/2000,00:55:16.52,22.94,-56.24,-992.10,183.75,-743.75,-288.75,1,94.230,
01/01/2000,00:55:16.54,23.06,-56.12,-992.23,183.75,-700.0,-376.25,1,94.230,
01/01/2000,00:55:16.55,23.18,-56.24,-992.35,253.75,-691.25,-341.25,1,94.231,
01/01/2000,00:55:16.56,24.28,-56.12,-992.71,271.25,-630.0,-603.75,1,94.232,
01/01/2000,00:55:16.57,25.50,-56.00,-992.84,96.25,-638.75,-568.75,1,94.233,
01/01/2000,00:55:16.58,26.60,-56.24,-992.47,61.25,-708.75,-245.0,1,94.234,
01/01/2000,00:55:16.59,27.82,-56.49,-991.86,210.0,-752.50,-533.75,1,94.235,
01/01/2000,00:55:16.60,30.38,-56.12,-991.13,183.75,-665.0,-796.25,1,94.222,
01/01/2000,00:55:16.61,33.31,-56.12,-992.10,288.75,-673.75,-586.25,1,94.223,
01/01/2000,00:55:16.62,34.89,-55.88,-993.08,148.75,-743.75,-341.25,1,94.223,
01/01/2000,00:55:16.63,35.87,-56.24,-993.57,218.75,-726.25,-140.0,1,94.224,
01/01/2000,00:55:16.64,36.23,-56.24,-993.32,96.25,-691.25,-297.50,1,94.225,
01/01/2000,00:55:16.65,35.62,-56.61,-992.35,70.0,-726.25,-463.75,1,94.226,
01/01/2000,00:55:16.66,34.77,-56.36,-991.37,157.50,-726.25,-428.75,1,94.227,
01/01/2000,00:55:16.68,35.87,-55.75,-991.01,175.0,-638.75,-586.25,1,94.228,
01/01/2000,00:55:16.69,37.33,-55.88,-991.49,218.75,-638.75,-700.0,1,94.215,
01/01/2000,00:55:16.70,39.41,-56.00,-992.10,52.50,-691.25,-603.75,1,94.216,
01/01/2000,00:55:16.71,42.09,-56.61,-992.84,61.25,-778.75,-350.0,1,94.216,
01/01/2000,00:55:16.72,42.94,-56.85,-992.84,52.50,-761.25,-402.50,1,94.217,
01/01/2000,00:55:16.73,42.46,-56.97,-992.71,210.0,-805.0,-376.25,1,94.218,
01/01/2000,00:55:16.74,40.99,-56.61,-992.10,43.75,-831.25,-253.75,1,94.219,
01/01/2000,00:55:16.75,37.70,-56.12,-991.49,350.0,-822.50,-166.25,1,94.220,
01/01/2000,00:55:16.76,35.38,-55.63,-991.37,78.75,-735.0,-227.50,1,94.221,
01/01/2000,00:55:16.77,33.43,-55.75,-991.37,183.75,-647.50,-323.75,1,94.222,
01/01/2000,00:55:16.78,32.33,-55.88,-991.37,96.25,-586.25,-446.25,1,94.222,
01/01/2000,00:55:16.79,32.33,-56.12,-991.62,131.25,-665.0,-866.25,1,94.223,
01/01/2000,00:55:16.80,33.55,-55.88,-991.86,78.75,-682.50,-927.50,1,94.224,
01/01/2000,00:55:16.82,35.14,-55.75,-992.23,35.0,-805.0,-446.25,1,94.225,
01/01/2000,00:55:16.83,35.99,-55.75,-992.10,26.25,-822.50,26.25,1,94.226,
01/01/2000,00:55:16.84,34.77,-56.36,-991.86,52.50,-787.50,0.0,1,94.227,
01/01/2000,00:55:16.85,32.09,-56.61,-991.74,78.75,-840.0,52.50,1,94.227,
01/01/2000,00:55:16.86,28.67,-56.49,-991.62,61.25,-752.50,-262.50,1,94.228,
01/01/2000,00:55:16.87,25.62,-56.36,-991.62,262.50,-682.50,-787.50,1,94.229,
01/01/2000,00:55:16.88,23.42,-54.90,-991.86,227.50,-603.75,-700.0,1,94.230,
01/01/2000,00:55:16.89,24.64,-54.41,-992.23,0.0,-516.25,-288.75,1,94.231,
01/01/2000,00:55:16.90,26.11,-55.75,-992.35,367.50,-630.0,-175.0,1,94.232,
01/01/2000,00:55:16.91,27.82,-56.61,-992.59,0.0,-691.25,-498.75,1,94.232,
01/01/2000,00:55:16.92,28.91,-57.34,-992.59,43.75,-778.75,-621.25,1,94.233,
01/01/2000,00:55:16.93,29.40,-57.10,-992.84,210.0,-735.0,-551.25,1,94.234,
01/01/2000,00:55:16.94,28.43,-56.00,-992.96,78.75,-770.0,-315.0,1,94.235,
01/01/2000,00:55:16.95,26.11,-55.39,-992.71,26.25,-743.75,8.75,1,94.236,
01/01/2000,00:55:16.96,21.84,-55.88,-992.23,157.50,-665.0,192.50,1,94.223,
01/01/2000,00:55:16.97,19.64,-55.88,-991.98,166.25,-595.0,-446.25,1,94.224,
01/01/2000,00:55:16.98,18.79,-55.88,-991.86,306.25,-691.25,-971.25,1,94.225,
01/01/2000,00:55:16.99,20.25,-55.63,-991.86,192.50,-673.75,-700.0,1,94.225,
01/01/2000,00:55:17.00,22.08,-55.39,-991.98,166.25,-577.50,-472.50,1,94.226,
01/01/2000,00:55:17.01,24.03,-55.63,-991.98,148.75,-673.75,-245.0,1,94.227,
01/01/2000,00:55:17.03,25.86,-56.36,-992.23,122.50,-630.0,-341.25,1,94.228,
01/01/2000,00:55:17.04,26.35,-56.36,-992.59,131.25,-866.25,-463.75,1,94.229,
01/01/2000,00:55:17.05,26.11,-56.12,-992.84,183.75,-717.50,-280.0,1,94.230,
01/01/2000,00:55:17.06,25.13,-55.51,-992.71,218.75,-805.0,-131.25,1,94.230,
01/01/2000,00:55:17.07,23.67,-55.39,-992.47,175.0,-831.25,-8.75,1,94.231,
01/01/2000,00:55:17.08,22.08,-55.63,-992.10,105.0,-743.75,61.25,1,94.232,
01/01/2000,00:55:17.09,20.50,-56.12,-991.74,315.0,-673.75,-472.50,1,94.233,
01/01/2000,00:55:17.10,19.64,-55.63,-991.62,0.0,-638.75,-682.50,1,94.234,
01/01/2000,00:55:17.11,20.62,-55.63,-991.86,113.75,-691.25,-525.0,1,94.235,
01/01/2000,00:55:17.12,22.94,-55.51,-992.10,350.0,-682.50,-472.50,1,94.236,
01/01/2000,00:55:17.13,24.16,-55.63,-992.35,70.0,-656.25,-210.0,1,94.236,
01/01/2000,00:55:17.14,25.13,-56.61,-992.47,183.75,-717.50,-218.75,1,94.237,
01/01/2000,00:55:17.15,25.62,-56.73,-992.59,245.0,-691.25,-332.50,1,94.238,
01/01/2000,00:55:17.16,25.13,-56.12,-992.47,96.25,-901.25,-350.0,1,94.239,
01/01/2000,00:55:17.18,23.91,-56.24,-992.23,236.25,-813.75,-96.25,1,94.226,
01/01/2000,00:55:17.19,21.35,-55.51,-992.23,52.50,-656.25,-17.50,1,94.227,
01/01/2000,00:55:17.20,19.64,-55.75,-992.35,192.50,-805.0,-297.50,1,94.228,
01/01/2000,00:55:17.21,18.91,-55.88,-992.47,122.50,-656.25,-525.0,1,94.229,
01/01/2000,00:55:17.22,19.28,-55.88,-992.35,288.75,-673.75,-490.0,1,94.229,
01/01/2000,00:55:17.23,20.74,-55.63,-992.59,8.75,-700.0,-630.0,1,94.230,
01/01/2000,00:55:17.24,22.81,-55.75,-992.35,183.75,-691.25,-323.75,1,94.231,
01/01/2000,00:55:17.25,24.52,-56.00,-992.10,87.50,-656.25,-148.75,1,94.232,
01/01/2000,00:55:17.26,26.11,-56.36,-991.98,-43.75,-822.50,-280.0,1,94.219,
01/01/2000,00:55:17.27,26.84,-56.61,-991.86,175.0,-761.25,-332.50,1,94.234,
01/01/2000,00:55:17.28,26.60,-56.36,-992.23,35.0,-866.25,-253.75,1,94.221,
01/01/2000,00:55:17.29,25.74,-56.12,-992.59,-61.25,-708.75,-122.50,1,94.222,
01/01/2000,00:55:17.30,22.94,-55.88,-992.84,201.25,-752.50,0.0,1,94.222,
01/01/2000,00:55:17.31,20.50,-55.63,-992.71,113.75,-665.0,-17.50,1,94.223,
01/01/2000,00:55:17.32,18.54,-55.88,-992.47,253.75,-656.25,-516.25,1,94.224,
01/01/2000,00:55:17.33,17.57,-55.63,-992.10,262.50,-612.50,-770.0,1,94.225,
01/01/2000,00:55:17.34,18.67,-55.27,-992.35,113.75,-656.25,-647.50,1,94.226,
01/01/2000,00:55:17.35,20.50,-55.63,-992.47,227.50,-761.25,-341.25,1,94.227,
01/01/2000,00:55:17.36,22.57,-55.75,-992.59,148.75,-708.75,-192.50,1,94.227,
01/01/2000,00:55:17.37,24.16,-56.12,-992.35,140.0,-787.50,-332.50,1,94.228,
01/01/2000,00:55:17.39,25.62,-56.49,-992.10,52.50,-726.25,-358.75,1,94.229,
01/01/2000,00:55:17.40,25.13,-56.36,-991.62,183.75,-822.50,-157.50,1,94.230,
01/01/2000,00:55:17.41,23.55,-55.75,-991.49,43.75,-813.75,-140.0,1,94.231,
01/01/2000,00:55:17.42,21.96,-55.88,-991.62,227.50,-796.25,-61.25,1,94.232,
01/01/2000,00:55:17.43,20.50,-55.63,-992.10,113.75,-673.75,-420.0,1,94.232,
01/01/2000,00:55:17.44,19.40,-55.14,-992.59,105.0,-656.25,-516.25,1,94.233,
01/01/2000,00:55:17.45,19.89,-55.75,-992.10,218.75,-682.50,-393.75,1,94.234,
01/01/2000,00:55:17.46,21.72,-55.88,-991.62,236.25,-848.75,-332.50,1,94.235,
01/01/2000,00:55:17.47,23.06,-56.00,-991.25,113.75,-656.25,-437.50,1,94.236,
01/01/2000,00:55:17.48,24.40,-56.24,-991.01,113.75,-743.75,-420.0,1,94.237,
01/01/2000,00:55:17.49,25.25,-56.12,-991.13,105.0,-743.75,-332.50,1,94.237,
01/01/2000,00:55:17.50,25.86,-55.88,-991.86,140.0,-770.0,-271.25,1,94.238,
01/01/2000,00:55:17.51,25.13,-56.00,-992.23,52.50,-708.75,-236.25,1,94.239,
01/01/2000,00:55:17.53,22.20,-55.63,-991.98,35.0,-778.75,70.0,1,94.226,
01/01/2000,00:55:17.54,20.13,-55.63,-991.49,192.50,-630.0,-236.25,1,94.227,
01/01/2000,00:55:17.55,18.79,-55.88,-991.37,306.25,-568.75,-813.75,1,94.228,
01/01/2000,00:55:17.56,18.42,-55.39,-992.35,218.75,-612.50,-621.25,1,94.229,
01/01/2000,00:55:17.57,19.76,-55.39,-992.47,262.50,-665.0,-376.25,1,94.230,
01/01/2000,00:55:17.58,21.23,-55.51,-991.98,148.75,-595.0,-245.0,1,94.230,
01/01/2000,00:55:17.59,22.45,-55.63,-991.25,166.25,-682.50,-323.75,1,94.231,
01/01/2000,00:55:17.60,24.28,-56.49,-990.27,175.0,-726.25,-218.75,1,94.232,
01/01/2000,00:55:17.61,25.38,-56.49,-990.64,-26.25,-761.25,-411.25,1,94.233,
01/01/2000,00:55:17.62,26.11,-56.36,-991.49,192.50,-778.75,-315.0,1,94.234,
01/01/2000,00:55:17.63,25.62,-55.63,-991.49,70.0,-708.75,-236.25,1,94.235,
01/01/2000,00:55:17.64,23.67,-55.51,-991.01,43.75,-822.50,166.25,1,94.235,
01/01/2000,00:55:17.65,21.59,-55.39,-990.76,113.75,-612.50,-105.0,1,94.236,
01/01/2000,00:55:17.66,19.64,-56.00,-992.96,245.0,-761.25,-700.0,1,94.224,
01/01/2000,00:55:17.67,19.40,-56.00,-995.28,166.25,-621.25,-481.25,1,94.224,
01/01/2000,00:55:17.68,19.76,-55.51,-995.40,140.0,-630.0,-332.50,1,94.225,
01/01/2000,00:55:17.69,20.62,-55.39,-994.30,262.50,-603.75,-367.50,1,94.226,
01/01/2000,00:55:17.71,22.33,-55.39,-992.10,175.0,-752.50,-323.75,1,94.227,
01/01/2000,00:55:17.72,24.03,-56.00,-991.01,96.25,-752.50,-262.50,1,94.228,
01/01/2000,00:55:17.73,25.01,-56.73,-991.37,262.50,-778.75,-428.75,1,94.229,
01/01/2000,00:55:17.74,25.86,-56.36,-992.59,-105.0,-726.25,-332.50,1,94.229,
01/01/2000,00:55:17.75,25.38,-56.24,-993.81,113.75,-787.50,-87.50,1,94.230,
01/01/2000,00:55:17.76,23.42,-55.88,-993.69,192.50,-822.50,52.50,1,94.231,
01/01/2000,00:55:17.77,21.11,-55.39,-993.08,96.25,-630.0,-96.25,1,94.232,
01/01/2000,00:55:17.78,18.91,-55.39,-992.35,218.75,-630.0,-542.50,1,94.233,
01/01/2000,00:55:17.79,17.93,-55.27,-992.10,210.0,-673.75,-507.50,1,94.234,
01/01/2000,00:55:17.80,19.40,-55.51,-992.71,78.75,-717.50,-682.50,1,94.234,
01/01/2000,00:55:17.81,21.47,-55.63,-992.84,70.0,-691.25,-708.75,1,94.222,
01/01/2000,00:55:17.82,23.42,-56.00,-992.35,140.0,-656.25,-131.25,1,94.222,
01/01/2000,00:55:17.83,25.13,-56.36,-991.25,148.75,-673.75,-192.50,1,94.223,
01/01/2000,00:55:17.84,25.62,-56.61,-990.64,105.0,-857.50,-332.50,1,94.224,
01/01/2000,00:55:17.85,25.50,-56.24,-990.40,105.0,-770.0,-367.50,1,94.225,
01/01/2000,00:55:17.86,24.89,-56.00,-990.40,253.75,-761.25,-175.0,1,94.226,
01/01/2000,00:55:17.88,22.57,-55.51,-991.25,70.0,-752.50,210.0,1,94.227,
01/01/2000,00:55:17.89,20.74,-56.12,-992.35,61.25,-708.75,-157.50,1,94.227,
01/01/2000,00:55:17.90,18.42,-55.75,-992.96,8.75,-577.50,-568.75,1,94.228,
01/01/2000,00:55:17.91,18.42,-55.75,-993.20,87.50,-656.25,-595.0,1,94.229,
01/01/2000,00:55:17.92,19.76,-55.51,-993.45,271.25,-568.75,-621.25,1,94.230,
01/01/2000,00:55:17.93,21.59,-55.39,-993.08,210.0,-700.0,-262.50,1,94.231,
01/01/2000,00:55:17.94,23.91,-55.63,-991.98,113.75,-752.50,-131.25,1,94.232,
01/01/2000,00:55:17.95,24.89,-56.85,-991.13,166.25,-787.50,-122.50,1,94.232,
01/01/2000,00:55:17.96,24.52,-56.85,-991.13,61.25,-761.25,-560.0,1,94.233,
01/01/2000,00:55:17.97,24.28,-56.97,-991.62,201.25,-796.25,-437.50,1,94.234,
01/01/2000,00:55:17.98,23.91,-55.88,-992.35,96.25,-673.75,-437.50,1,94.235,
01/01/2000,00:55:17.99,23.06,-55.02,-993.08,245.0,-717.50,70.0,1,94.236,
01/01/2000,00:55:18.00,21.23,-55.14,-992.96,148.75,-638.75,-70.0,1,94.237,
01/01/2000,00:55:18.01,20.25,-55.63,-992.71,253.75,-621.25,-96.25,1,94.237,
01/01/2000,00:55:18.02,20.01,-55.88,-992.59,78.75,-630.0,-472.50,1,94.225,
01/01/2000,00:55:18.04,21.11,-56.00,-992.59,78.75,-621.25,-621.25,1,94.226,
01/01/2000,00:55:18.04,22.81,-55.88,-992.35,113.75,-630.0,-533.75,1,94.226,
01/01/2000,00:55:18.06,24.52,-55.51,-991.86,113.75,-752.50,-131.25,1,94.227,
01/01/2000,00:55:18.06,24.89,-55.63,-991.37,78.75,-831.25,-61.25,1,94.228,
01/01/2000,00:55:18.08,24.64,-56.12,-991.37,253.75,-717.50,-192.50,1,94.229,
01/01/2000,00:55:18.09,24.16,-56.00,-991.62,253.75,-700.0,-455.0,1,94.230,
01/01/2000,00:55:18.10,23.67,-55.88,-991.86,131.25,-778.75,-236.25,1,94.230,
01/01/2000,00:55:18.11,21.96,-55.75,-992.10,87.50,-665.0,-87.50,1,94.231,
01/01/2000,00:55:18.12,20.74,-55.75,-992.23,227.50,-691.25,-210.0,1,94.232,
01/01/2000,00:55:18.13,19.64,-55.75,-992.35,227.50,-656.25,-332.50,1,94.233,
01/01/2000,00:55:18.14,19.28,-55.63,-992.59,87.50,-700.0,-411.25,1,94.234,
01/01/2000,00:55:18.15,19.64,-55.51,-992.96,122.50,-612.50,-428.75,1,94.235,
01/01/2000,00:55:18.16,21.35,-55.39,-992.84,26.25,-708.75,-376.25,1,94.222,
01/01/2000,00:55:18.17,23.30,-55.88,-992.35,236.25,-726.25,-183.75,1,94.223,
01/01/2000,00:55:18.18,24.16,-55.88,-991.86,175.0,-691.25,-332.50,1,94.224,
01/01/2000,00:55:18.19,24.64,-56.36,-991.49,227.50,-717.50,-323.75,1,94.224,
01/01/2000,00:55:18.20,25.13,-56.49,-991.37,288.75,-656.25,-498.75,1,94.225,
01/01/2000,00:55:18.22,25.25,-56.00,-991.62,131.25,-831.25,-271.25,1,94.226,
01/01/2000,00:55:18.23,23.79,-55.88,-991.98,183.75,-787.50,-26.25,1,94.227,
01/01/2000,00:55:18.24,22.08,-55.88,-992.10,183.75,-665.0,78.75,1,94.228,
01/01/2000,00:55:18.25,19.28,-56.12,-992.71,105.0,-717.50,-446.25,1,94.229,
01/01/2000,00:55:18.26,18.42,-56.00,-992.96,52.50,-577.50,-682.50,1,94.229,
01/01/2000,00:55:18.27,18.79,-55.75,-993.32,175.0,-612.50,-717.50,1,94.230,
01/01/2000,00:55:18.28,20.01,-55.27,-993.57,43.75,-726.25,-577.50,1,94.231,
01/01/2000,00:55:18.29,22.69,-55.27,-992.71,131.25,-630.0,-157.50,1,94.232,
01/01/2000,00:55:18.30,23.79,-55.51,-991.86,-8.75,-752.50,-227.50,1,94.219,
01/01/2000,00:55:18.31,24.40,-56.00,-991.01,-113.75,-831.25,-236.25,1,94.234,
01/01/2000,00:55:18.32,24.40,-56.36,-990.64,140.0,-805.0,-595.0,1,94.221,
01/01/2000,00:55:18.33,24.16,-56.49,-991.01,157.50,-682.50,-350.0,1,94.235,
01/01/2000,00:55:18.34,22.94,-55.88,-991.74,148.75,-813.75,-210.0,1,94.223,
01/01/2000,00:55:18.35,21.47,-55.75,-992.23,166.25,-708.75,-87.50,1,94.223,
01/01/2000,00:55:18.36,20.25,-55.75,-992.71,306.25,-551.25,-428.75,1,94.224,
01/01/2000,00:55:18.37,19.89,-54.90,-993.32,70.0,-700.0,-533.75,1,94.225,
01/01/2000,00:55:18.38,21.11,-55.27,-993.45,236.25,-691.25,-385.0,1,94.226,
01/01/2000,00:55:18.39,22.94,-55.39,-993.32,96.25,-752.50,-358.75,1,94.227,
01/01/2000,00:55:18.40,25.01,-55.88,-992.47,218.75,-682.50,-157.50,1,94.227,
01/01/2000,00:55:18.41,25.62,-56.24,-991.49,52.50,-752.50,-131.25,1,94.228,
01/01/2000,00:55:18.42,25.13,-56.73,-990.88,245.0,-787.50,-227.50,1,94.229,
01/01/2000,00:55:18.43,24.40,-56.12,-990.88,96.25,-831.25,-437.50,1,94.230,
01/01/2000,00:55:18.45,23.06,-55.63,-991.86,227.50,-752.50,-341.25,1,94.231,
01/01/2000,00:55:18.46,21.84,-55.02,-993.08,157.50,-892.50,-26.25,1,94.232,
01/01/2000,00:55:18.47,19.52,-55.14,-993.57,210.0,-787.50,-8.75,1,94.232,
01/01/2000,00:55:18.48,18.79,-55.51,-993.57,78.75,-612.50,-271.25,1,94.233,
01/01/2000,00:55:18.49,18.54,-55.63,-993.57,306.25,-665.0,-595.0,1,94.234,
01/01/2000,00:55:18.50,19.64,-55.63,-993.20,227.50,-612.50,-612.50,1,94.235,
01/01/2000,00:55:18.51,22.33,-55.63,-992.10,175.0,-665.0,-323.75,1,94.222,
01/01/2000,00:55:18.52,24.03,-55.27,-990.64,70.0,-796.25,-140.0,1,94.223,
01/01/2000,00:55:18.53,24.40,-55.75,-989.91,148.75,-787.50,-113.75,1,94.224,
01/01/2000,00:55:18.54,24.40,-56.24,-990.15,297.50,-735.0,-323.75,1,94.225,
01/01/2000,00:55:18.55,24.28,-56.00,-991.13,113.75,-743.75,-463.75,1,94.226,
01/01/2000,00:55:18.56,24.16,-55.88,-992.84,323.75,-796.25,-306.25,1,94.226,
01/01/2000,00:55:18.57,23.18,-55.39,-993.20,210.0,-752.50,-271.25,1,94.227,
01/01/2000,00:55:18.59,20.98,-55.27,-993.08,148.75,-673.75,-70.0,1,94.228,
01/01/2000,00:55:18.60,19.64,-55.63,-992.96,350.0,-735.0,-437.50,1,94.229,
01/01/2000,00:55:18.61,19.40,-55.39,-992.96,192.50,-682.50,-463.75,1,94.230,
01/01/2000,00:55:18.62,19.89,-55.63,-993.08,210.0,-682.50,-525.0,1,94.230,
01/01/2000,00:55:18.63,21.72,-55.88,-992.96,253.75,-700.0,-568.75,1,94.231,
01/01/2000,00:55:18.64,22.57,-55.75,-992.35,-8.75,-778.75,-262.50,1,94.232,
01/01/2000,00:55:18.65,23.18,-55.88,-991.62,157.50,-761.25,-157.50,1,94.233,
01/01/2000,00:55:18.66,23.55,-55.88,-991.13,140.0,-735.0,-402.50,1,94.234,
01/01/2000,00:55:18.67,23.79,-56.00,-991.37,306.25,-735.0,-463.75,1,94.235,
01/01/2000,00:55:18.68,24.16,-55.51,-992.10,131.25,-726.25,-183.75,1,94.235,
01/01/2000,00:55:18.69,23.06,-55.63,-992.23,157.50,-717.50,43.75,1,94.236,
01/01/2000,00:55:18.70,21.72,-55.75,-992.47,105.0,-910.0,17.50,1,94.237,
01/01/2000,00:55:18.71,20.13,-55.88,-992.84,105.0,-708.75,-385.0,1,94.238,
01/01/2000,00:55:18.73,19.64,-55.39,-994.06,70.0,-717.50,-743.75,1,94.225,
01/01/2000,00:55:18.74,20.98,-55.14,-994.18,43.75,-612.50,-402.50,1,94.226,
01/01/2000,00:55:18.75,22.33,-55.02,-993.57,183.75,-638.75,-253.75,1,94.227,
01/01/2000,00:55:18.76,23.55,-55.39,-992.59,253.75,-717.50,-227.50,1,94.228,
01/01/2000,00:55:18.77,24.40,-55.63,-991.62,113.75,-717.50,-140.0,1,94.229,
01/01/2000,00:55:18.78,24.77,-56.12,-990.88,166.25,-726.25,-463.75,1,94.229,
01/01/2000,00:55:18.79,24.89,-56.36,-990.64,192.50,-805.0,-437.50,1,94.230,
01/01/2000,00:55:18.80,23.91,-56.49,-991.13,175.0,-866.25,-245.0,1,94.231,
01/01/2000,00:55:18.81,21.96,-55.75,-991.74,-8.75,-840.0,-113.75,1,94.232,
01/01/2000,00:55:18.82,19.52,-55.51,-993.32,297.50,-778.75,-481.25,1,94.233,
01/01/2000,00:55:18.83,18.42,-54.78,-994.54,201.25,-778.75,-490.0,1,94.233,
01/01/2000,00:55:18.84,18.54,-54.53,-995.15,-26.25,-647.50,-385.0,1,94.234,
01/01/2000,00:55:18.85,19.52,-55.02,-994.91,131.25,-577.50,-358.75,1,94.235,
01/01/2000,00:55:18.86,21.23,-55.27,-993.57,131.25,-717.50,-332.50,1,94.236,
01/01/2000,00:55:18.87,22.45,-55.63,-991.98,236.25,-857.50,-332.50,1,94.223,
01/01/2000,00:55:18.88,23.42,-56.24,-990.64,157.50,-665.0,-455.0,1,94.224,
01/01/2000,00:55:18.89,23.91,-56.12,-989.91,26.25,-813.75,-586.25,1,94.225,
01/01/2000,00:55:18.90,24.89,-56.00,-990.40,113.75,-805.0,-323.75,1,94.226,
01/01/2000,00:55:18.91,24.40,-55.63,-991.01,157.50,-778.75,-306.25,1,94.227,
01/01/2000,00:55:18.92,22.57,-55.14,-991.62,-26.25,-778.75,35.0,1,94.228,
01/01/2000,00:55:18.94,20.25,-55.39,-992.59,210.0,-673.75,-245.0,1,94.228,
01/01/2000,00:55:18.95,19.64,-55.27,-993.69,166.25,-770.0,-612.50,1,94.229,
01/01/2000,00:55:18.96,20.25,-54.90,-994.67,245.0,-682.50,-542.50,1,94.230,
01/01/2000,00:55:18.97,21.59,-55.39,-994.54,227.50,-726.25,-420.0,1,94.231,
01/01/2000,00:55:18.98,22.69,-55.14,-993.93,245.0,-621.25,-245.0,1,94.232,
01/01/2000,00:55:18.99,23.42,-55.39,-992.84,-17.50,-700.0,-157.50,1,94.232,
01/01/2000,00:55:19.00,24.03,-55.88,-991.62,148.75,-656.25,-376.25,1,94.233,
01/01/2000,00:55:19.01,24.40,-56.12,-990.64,201.25,-831.25,-358.75,1,94.234,
01/01/2000,00:55:19.02,24.28,-55.88,-990.88,105.0,-743.75,-507.50,1,94.235,
01/01/2000,00:55:19.03,22.81,-55.88,-991.25,52.50,-787.50,-61.25,1,94.236,
01/01/2000,00:55:19.04,20.74,-55.63,-991.98,183.75,-848.75,70.0,1,94.236,
01/01/2000,00:55:19.05,18.54,-55.63,-993.08,175.0,-708.75,-428.75,1,94.237,
01/01/2000,00:55:19.06,16.47,-55.39,-994.79,148.75,-822.50,-385.0,1,94.238,
01/01/2000,00:55:19.07,15.62,-55.51,-995.28,175.0,-603.75,-288.75,1,94.239,
01/01/2000,00:55:19.09,14.64,-55.39,-994.18,131.25,-603.75,-306.25,1,94.226,
01/01/2000,00:55:19.10,13.91,-55.39,-992.84,183.75,-673.75,-245.0,1,94.227,
01/01/2000,00:55:19.11,13.42,-55.63,-991.37,87.50,-840.0,-393.75,1,94.228,
01/01/2000,00:55:19.12,12.69,-56.00,-990.40,183.75,-700.0,-385.0,1,94.229,
01/01/2000,00:55:19.13,12.81,-56.24,-990.76,306.25,-647.50,-516.25,1,94.230,
01/01/2000,00:55:19.14,13.42,-56.12,-991.62,306.25,-752.50,-393.75,1,94.230,
01/01/2000,00:55:19.15,13.66,-55.63,-992.23,113.75,-665.0,-341.25,1,94.231,
01/01/2000,00:55:19.16,12.44,-55.63,-991.86,166.25,-787.50,105.0,1,94.232,
01/01/2000,00:55:19.17,10.49,-55.63,-991.25,210.0,-778.75,96.25,1,94.233,
01/01/2000,00:55:19.18,7.69,-56.36,-991.62,78.75,-848.75,-490.0,1,94.234,
01/01/2000,00:55:19.19,6.10,-56.12,-992.84,113.75,-656.25,-437.50,1,94.235,
01/01/2000,00:55:19.20,4.64,-55.88,-994.06,43.75,-708.75,-192.50,1,94.235,
01/01/2000,00:55:19.21,3.66,-55.75,-994.42,-43.75,-665.0,-411.25,1,94.236,
01/01/2000,00:55:19.22,2.56,-55.27,-994.06,52.50,-577.50,-253.75,1,94.224,
01/01/2000,00:55:19.24,3.54,-55.02,-992.47,201.25,-735.0,-428.75,1,94.225,
01/01/2000,00:55:19.25,5.98,-55.02,-991.49,183.75,-726.25,-507.50,1,94.225,
01/01/2000,00:55:19.26,7.56,-55.63,-991.25,122.50,-621.25,-175.0,1,94.226,
01/01/2000,00:55:19.27,9.27,-55.88,-990.88,218.75,-761.25,-376.25,1,94.227,
01/01/2000,00:55:19.28,10.25,-56.12,-991.01,253.75,-603.75,-323.75,1,94.228,
01/01/2000,00:55:19.29,10.86,-56.00,-991.37,183.75,-743.75,-358.75,1,94.229,
01/01/2000,00:55:19.30,10.61,-55.88,-992.35,70.0,-691.25,8.75,1,94.229,
01/01/2000,00:55:19.31,10.37,-55.51,-993.45,-17.50,-603.75,-210.0,1,94.230,
01/01/2000,00:55:19.32,10.00,-55.14,-993.93,236.25,-700.0,-236.25,1,94.231,
01/01/2000,00:55:19.33,10.13,-54.90,-994.06,271.25,-717.50,-140.0,1,94.232,
01/01/2000,00:55:19.34,11.47,-55.51,-994.30,280.0,-551.25,-385.0,1,94.233,
01/01/2000,00:55:19.35,13.54,-55.39,-994.54,183.75,-787.50,-455.0,1,94.233,
01/01/2000,00:55:19.36,16.23,-55.88,-993.32,166.25,-813.75,-218.75,1,94.221,
01/01/2000,00:55:19.37,17.08,-56.12,-992.10,131.25,-726.25,-148.75,1,94.235,
01/01/2000,00:55:19.38,17.57,-56.24,-991.13,210.0,-743.75,-420.0,1,94.223,
01/01/2000,00:55:19.39,18.18,-56.12,-991.13,131.25,-630.0,-428.75,1,94.223,
01/01/2000,00:55:19.40,18.79,-55.75,-991.86,140.0,-717.50,-332.50,1,94.224,
01/01/2000,00:55:19.41,19.03,-55.39,-992.47,227.50,-638.75,-253.75,1,94.225,
01/01/2000,00:55:19.42,18.91,-54.90,-992.59,78.75,-770.0,-87.50,1,94.226,
01/01/2000,00:55:19.43,19.15,-55.02,-992.35,157.50,-682.50,-201.25,1,94.227,
01/01/2000,00:55:19.44,19.64,-55.39,-992.23,43.75,-656.25,-288.75,1,94.228,
01/01/2000,00:55:19.45,20.25,-55.75,-992.10,78.75,-787.50,-288.75,1,94.228,
01/01/2000,00:55:19.46,20.50,-56.00,-992.10,201.25,-621.25,-420.0,1,94.229,
01/01/2000,00:55:19.47,20.74,-56.12,-991.74,253.75,-787.50,-350.0,1,94.230,
01/01/2000,00:55:19.48,21.11,-55.63,-991.74,113.75,-848.75,-498.75,1,94.231,
01/01/2000,00:55:19.49,20.98,-55.39,-991.86,201.25,-673.75,-70.0,1,94.232,
01/01/2000,00:55:19.51,21.35,-54.90,-992.23,140.0,-761.25,-271.25,1,94.232,
01/01/2000,00:55:19.52,21.47,-55.14,-992.59,210.0,-708.75,-175.0,1,94.233,
01/01/2000,00:55:19.53,21.47,-55.02,-992.47,96.25,-735.0,-140.0,1,94.234,
01/01/2000,00:55:19.54,21.35,-55.63,-992.23,280.0,-752.50,-131.25,1,94.235,
01/01/2000,00:55:19.55,21.59,-55.63,-992.35,35.0,-708.75,-455.0,1,94.236,
01/01/2000,00:55:19.56,21.72,-55.75,-992.35,262.50,-708.75,-280.0,1,94.236,
01/01/2000,00:55:19.57,21.96,-55.51,-992.23,131.25,-665.0,-280.0,1,94.237,
01/01/2000,00:55:19.58,21.72,-55.14,-992.35,148.75,-647.50,-350.0,1,94.238,
01/01/2000,00:55:19.59,21.72,-55.14,-992.47,70.0,-665.0,-288.75,1,94.239,
01/01/2000,00:55:19.60,21.59,-55.39,-992.47,280.0,-778.75,-323.75,1,94.240,
01/01/2000,00:55:19.61,21.72,-55.27,-992.35,26.25,-673.75,-183.75,1,94.240,
01/01/2000,00:55:19.62,21.72,-55.88,-992.35,367.50,-656.25,-315.0,1,94.241,
01/01/2000,00:55:19.63,21.72,-55.88,-992.35,52.50,-743.75,-280.0,1,94.242,
01/01/2000,00:55:19.64,20.98,-55.88,-992.35,122.50,-778.75,-218.75,1,94.230,
01/01/2000,00:55:19.65,19.76,-55.63,-992.59,122.50,-638.75,-70.0,1,94.230,
01/01/2000,00:55:19.66,18.91,-55.75,-992.59,140.0,-673.75,-350.0,1,94.231,
01/01/2000,00:55:19.67,17.93,-55.27,-992.47,183.75,-691.25,-288.75,1,94.232,
01/01/2000,00:55:19.68,16.59,-55.14,-992.10,43.75,-647.50,-122.50,1,94.233,
01/01/2000,00:55:19.69,15.25,-55.14,-991.62,131.25,-761.25,8.75,1,94.234,
01/01/2000,00:55:19.70,13.54,-55.39,-991.37,105.0,-743.75,227.50,1,94.235,
01/01/2000,00:55:19.72,11.47,-55.63,-991.98,87.50,-752.50,-218.75,1,94.235,
01/01/2000,00:55:19.73,10.37,-56.00,-992.71,262.50,-542.50,-516.25,1,94.236,
01/01/2000,00:55:19.74,9.27,-55.39,-993.32,87.50,-682.50,-245.0,1,94.237,
01/01/2000,00:55:19.75,8.05,-54.90,-992.59,175.0,-595.0,-157.50,1,94.225,
01/01/2000,00:55:19.76,7.32,-54.90,-991.74,26.25,-700.0,-17.50,1,94.225,
01/01/2000,00:55:19.77,6.59,-54.90,-991.74,17.50,-656.25,-26.25,1,94.226,
01/01/2000,00:55:19.78,5.61,-56.00,-992.59,262.50,-752.50,-122.50,1,94.227,
01/01/2000,00:55:19.79,4.88,-56.12,-993.32,201.25,-630.0,-192.50,1,94.228,
01/01/2000,00:55:19.80,3.66,-56.36,-993.81,105.0,-568.75,-166.25,1,94.229,
01/01/2000,00:55:19.81,2.93,-55.51,-993.45,262.50,-621.25,-428.75,1,94.229,
01/01/2000,00:55:19.82,3.29,-55.27,-993.08,236.25,-656.25,-236.25,1,94.230,
01/01/2000,00:55:19.83,4.39,-54.41,-992.59,227.50,-630.0,-411.25,1,94.231,
01/01/2000,00:55:19.84,6.10,-54.78,-991.98,43.75,-595.0,-87.50,1,94.232,
01/01/2000,00:55:19.86,8.30,-55.14,-990.52,148.75,-752.50,-122.50,1,94.233,
01/01/2000,00:55:19.87,9.27,-55.88,-989.66,-26.25,-612.50,52.50,1,94.233,
01/01/2000,00:55:19.88,10.00,-56.73,-989.66,210.0,-700.0,-61.25,1,94.234,
01/01/2000,00:55:19.89,10.86,-56.85,-990.27,166.25,-708.75,-586.25,1,94.235,
01/01/2000,00:55:19.90,11.71,-56.49,-991.86,201.25,-656.25,-262.50,1,94.236,
01/01/2000,00:55:19.91,12.69,-55.39,-992.47,78.75,-682.50,-148.75,1,94.237,
01/01/2000,00:55:19.92,12.20,-54.78,-992.59,253.75,-735.0,271.25,1,94.237,
01/01/2000,00:55:19.93,11.83,-55.02,-992.59,420.0,-647.50,227.50,1,94.238,
01/01/2000,00:55:19.94,12.08,-55.39,-992.96,262.50,-586.25,-253.75,1,94.239,
01/01/2000,00:55:19.95,12.57,-55.88,-993.32,253.75,-665.0,-376.25,1,94.240,
01/01/2000,00:55:19.96,13.66,-56.36,-993.45,166.25,-665.0,-385.0,1,94.241,
01/01/2000,00:55:19.97,15.13,-56.36,-993.32,210.0,-630.0,-376.25,1,94.241,
01/01/2000,00:55:19.98,16.23,-55.88,-993.08,192.50,-726.25,-315.0,1,94.242,
01/01/2000,00:55:19.99,17.32,-55.39,-992.71,52.50,-708.75,-341.25,1,94.243,
01/01/2000,00:55:20.00,19.03,-55.75,-992.59,157.50,-717.50,-236.25,1,94.231,
01/01/2000,00:55:20.01,19.76,-55.39,-992.96,-17.50,-656.25,-210.0,1,94.232,
01/01/2000,00:55:20.02,20.98,-56.00,-992.71,218.75,-752.50,-236.25,1,94.232,
01/01/2000,00:55:20.03,21.47,-56.12,-992.59,358.75,-630.0,-358.75,1,94.233,
01/01/2000,00:55:20.04,21.47,-55.63,-992.10,87.50,-560.0,-218.75,1,94.234,
01/01/2000,00:55:20.05,21.23,-55.88,-991.62,192.50,-700.0,-61.25,1,94.235,
01/01/2000,00:55:20.07,20.50,-55.75,-991.49,78.75,-752.50,-280.0,1,94.236,
01/01/2000,00:55:20.08,20.13,-55.63,-992.47,96.25,-805.0,-332.50,1,94.236,
01/01/2000,00:55:20.09,20.25,-55.63,-993.32,122.50,-735.0,-376.25,1,94.237,
01/01/2000,00:55:20.10,19.89,-55.14,-993.81,96.25,-656.25,-192.50,1,94.238,
01/01/2000,00:55:20.11,20.01,-55.39,-993.93,253.75,-656.25,-253.75,1,94.239,
01/01/2000,00:55:20.12,19.76,-55.39,-993.81,297.50,-726.25,-341.25,1,94.240,
01/01/2000,00:55:20.13,20.50,-55.39,-993.08,43.75,-612.50,-446.25,1,94.240,
01/01/2000,00:55:20.14,21.96,-55.51,-992.71,262.50,-813.75,-157.50,1,94.241,
01/01/2000,00:55:20.15,22.57,-55.51,-992.35,105.0,-726.25,-428.75,1,94.242,
01/01/2000,00:55:20.16,22.69,-55.75,-991.98,166.25,-796.25,-183.75,1,94.243,
01/01/2000,00:55:20.17,22.57,-55.88,-991.62,148.75,-656.25,-236.25,1,94.244,
01/01/2000,00:55:20.18,22.08,-55.88,-991.62,315.0,-682.50,-271.25,1,94.231,
01/01/2000,00:55:20.19,21.72,-55.51,-992.10,227.50,-682.50,-437.50,1,94.245,
01/01/2000,00:55:20.21,21.11,-55.51,-992.84,280.0,-726.25,-271.25,1,94.233,
01/01/2000,00:55:20.22,20.74,-55.14,-993.20,148.75,-577.50,-358.75,1,94.234,
01/01/2000,00:55:20.23,20.98,-55.39,-993.45,148.75,-612.50,-411.25,1,94.235,
01/01/2000,00:55:20.24,21.96,-55.27,-993.08,210.0,-708.75,-402.50,1,94.235,
01/01/2000,00:55:20.25,23.79,-55.39,-991.62,148.75,-770.0,-227.50,1,94.236,
01/01/2000,00:55:20.26,23.67,-55.75,-990.52,236.25,-883.75,-87.50,1,94.237,
01/01/2000,00:55:20.27,23.42,-55.88,-990.15,157.50,-761.25,-507.50,1,94.238,
01/01/2000,00:55:20.28,23.06,-56.00,-990.88,227.50,-805.0,-490.0,1,94.225,
01/01/2000,00:55:20.29,22.57,-55.75,-991.86,245.0,-735.0,-271.25,1,94.226,
01/01/2000,00:55:20.30,22.20,-55.63,-992.59,78.75,-708.75,-323.75,1,94.227,
01/01/2000,00:55:20.31,21.59,-55.39,-993.57,236.25,-542.50,-411.25,1,94.228,
01/01/2000,00:55:20.32,20.62,-55.27,-993.57,245.0,-700.0,-61.25,1,94.229,
01/01/2000,00:55:20.33,20.50,-55.51,-993.32,122.50,-481.25,-350.0,1,94.229,
01/01/2000,00:55:20.34,21.11,-56.00,-993.08,253.75,-595.0,-612.50,1,94.230,
01/01/2000,00:55:20.35,22.81,-55.39,-992.71,78.75,-743.75,-560.0,1,94.231,
01/01/2000,00:55:20.36,23.42,-55.75,-991.98,105.0,-682.50,-87.50,1,94.232,
01/01/2000,00:55:20.37,23.42,-55.75,-991.37,210.0,-796.25,-105.0,1,94.233,
01/01/2000,00:55:20.38,22.69,-56.12,-991.37,236.25,-708.75,-350.0,1,94.233,
01/01/2000,00:55:20.40,22.69,-56.00,-992.23,253.75,-612.50,-665.0,1,94.234,
01/01/2000,00:55:20.40,22.94,-55.75,-992.84,236.25,-708.75,-402.50,1,94.235,
01/01/2000,00:55:20.42,22.81,-55.39,-993.08,227.50,-603.75,-288.75,1,94.236,
01/01/2000,00:55:20.43,22.33,-55.63,-992.96,113.75,-612.50,-183.75,1,94.237,
01/01/2000,00:55:20.44,21.96,-55.51,-992.47,192.50,-708.75,-262.50,1,94.237,
01/01/2000,00:55:20.45,21.23,-55.75,-992.23,271.25,-577.50,-472.50,1,94.238,
01/01/2000,00:55:20.46,22.45,-55.88,-992.47,183.75,-603.75,-717.50,1,94.239,
01/01/2000,00:55:20.47,23.18,-55.51,-992.47,262.50,-595.0,-560.0,1,94.240,
01/01/2000,00:55:20.48,23.67,-55.51,-992.10,148.75,-735.0,-70.0,1,94.241,
01/01/2000,00:55:20.49,22.94,-55.88,-991.49,148.75,-726.25,-131.25,1,94.228,
01/01/2000,00:55:20.50,21.96,-55.88,-991.62,78.75,-735.0,-393.75,1,94.229,
01/01/2000,00:55:20.51,21.23,-56.00,-992.59,105.0,-813.75,-455.0,1,94.230,
01/01/2000,00:55:20.52,20.74,-55.88,-993.32,236.25,-621.25,-472.50,1,94.231,
01/01/2000,00:55:20.53,20.86,-55.39,-993.57,201.25,-682.50,-393.75,1,94.232,
01/01/2000,00:55:20.54,20.74,-55.39,-993.57,140.0,-665.0,-140.0,1,94.232,
01/01/2000,00:55:20.55,20.37,-55.39,-993.32,105.0,-726.25,-236.25,1,94.233,
01/01/2000,00:55:20.57,19.64,-56.00,-993.08,236.25,-586.25,-612.50,1,94.234,
01/01/2000,00:55:20.58,21.59,-56.12,-993.08,297.50,-603.75,-953.75,1,94.235,
01/01/2000,00:55:20.59,23.55,-55.39,-992.96,227.50,-560.0,-813.75,1,94.236,
01/01/2000,00:55:20.60,25.13,-55.27,-992.23,175.0,-726.25,-17.50,1,94.236,
01/01/2000,00:55:20.61,25.62,-55.39,-991.13,315.0,-577.50,43.75,1,94.237,
01/01/2000,00:55:20.62,25.50,-56.12,-990.15,297.50,-595.0,-280.0,1,94.238,
01/01/2000,00:55:20.63,23.67,-56.12,-990.52,201.25,-752.50,-385.0,1,94.239,
01/01/2000,00:55:20.64,21.96,-56.36,-991.62,262.50,-612.50,-507.50,1,94.240,
01/01/2000,00:55:20.65,21.47,-55.63,-992.84,262.50,-560.0,-560.0,1,94.240,
01/01/2000,00:55:20.66,20.98,-55.14,-993.57,157.50,-647.50,-350.0,1,94.241,
01/01/2000,00:55:20.67,20.37,-54.90,-993.69,253.75,-577.50,-140.0,1,94.242,
01/01/2000,00:55:20.68,19.76,-55.14,-992.84,148.75,-603.75,-350.0,1,94.243,
01/01/2000,00:55:20.69,20.25,-55.75,-992.59,218.75,-708.75,-455.0,1,94.244,
01/01/2000,00:55:20.70,22.45,-55.63,-992.10,78.75,-700.0,-726.25,1,94.231,
01/01/2000,00:55:20.71,23.67,-55.88,-991.62,210.0,-735.0,-332.50,1,94.232,
01/01/2000,00:55:20.72,24.03,-56.12,-991.13,306.25,-735.0,-113.75,1,94.233,
01/01/2000,00:55:20.73,23.18,-56.00,-991.37,166.25,-752.50,-131.25,1,94.234,
01/01/2000,00:55:20.74,21.72,-56.00,-991.86,236.25,-778.75,-525.0,1,94.234,
01/01/2000,00:55:20.75,21.23,-55.39,-992.59,315.0,-691.25,-568.75,1,94.235,
01/01/2000,00:55:20.77,22.20,-55.14,-993.57,210.0,-638.75,-341.25,1,94.223,
01/01/2000,00:55:20.79,23.06,-55.51,-992.84,210.0,-752.50,-35.0,1,94.224,
01/01/2000,00:55:20.80,22.94,-55.88,-991.86,166.25,-691.25,-148.75,1,94.225,
01/01/2000,00:55:20.81,23.18,-56.36,-991.13,271.25,-752.50,-463.75,1,94.225,
01/01/2000,00:55:20.82,23.79,-56.00,-991.62,192.50,-700.0,-498.75,1,94.226,
01/01/2000,00:55:20.83,23.91,-55.88,-991.98,52.50,-603.75,-306.25,1,94.227,
01/01/2000,00:55:20.84,23.55,-55.63,-992.35,271.25,-691.25,-245.0,1,94.228,
01/01/2000,00:55:20.85,21.96,-55.14,-992.71,140.0,-656.25,-245.0,1,94.229,
01/01/2000,00:55:20.86,20.74,-55.63,-992.71,253.75,-656.25,-175.0,1,94.229,
01/01/2000,00:55:20.87,20.01,-55.63,-992.71,201.25,-647.50,-455.0,1,94.230,
01/01/2000,00:55:20.88,20.25,-55.88,-992.84,271.25,-813.75,-542.50,1,94.231,
01/01/2000,00:55:20.89,21.11,-55.39,-992.84,140.0,-603.75,-638.75,1,94.232,
01/01/2000,00:55:20.90,22.81,-55.39,-992.47,288.75,-735.0,-280.0,1,94.233,
01/01/2000,00:55:20.91,23.42,-55.39,-991.98,43.75,-761.25,-105.0,1,94.233,
01/01/2000,00:55:20.92,23.67,-55.63,-991.62,122.50,-638.75,-323.75,1,94.234,
01/01/2000,00:55:20.93,24.16,-56.12,-991.62,288.75,-682.50,-481.25,1,94.235,
01/01/2000,00:55:20.94,24.28,-55.51,-991.86,148.75,-586.25,-481.25,1,94.236,
01/01/2000,00:55:20.95,24.16,-55.39,-992.10,192.50,-691.25,-245.0,1,94.237,
01/01/2000,00:55:20.96,23.79,-55.51,-992.23,332.50,-638.75,-288.75,1,94.237,
01/01/2000,00:55:20.97,22.94,-55.39,-992.47,78.75,-813.75,-315.0,1,94.238,
01/01/2000,00:55:20.98,21.72,-55.63,-992.47,157.50,-735.0,-376.25,1,94.239,
01/01/2000,00:55:20.99,20.98,-55.75,-992.35,148.75,-665.0,-411.25,1,94.227,
01/01/2000,00:55:21.00,20.98,-55.63,-992.23,52.50,-665.0,-411.25,1,94.228,
01/01/2000,00:55:21.01,21.47,-55.63,-992.10,140.0,-700.0,-376.25,1,94.228,
01/01/2000,00:55:21.02,21.72,-55.63,-991.98,148.75,-630.0,-131.25,1,94.229,
01/01/2000,00:55:21.03,21.47,-55.88,-991.62,192.50,-621.25,-402.50,1,94.230,
01/01/2000,00:55:21.04,21.96,-56.24,-991.74,192.50,-665.0,-568.75,1,94.231,
01/01/2000,00:55:21.06,22.69,-55.63,-992.35,52.50,-673.75,-376.25,1,94.232,
01/01/2000,00:55:21.07,23.06,-55.75,-992.23,227.50,-665.0,-367.50,1,94.232,
01/01/2000,00:55:21.08,23.18,-55.51,-992.10,280.0,-665.0,-341.25,1,94.233,
01/01/2000,00:55:21.09,23.06,-55.51,-992.23,253.75,-708.75,-288.75,1,94.234,
01/01/2000,00:55:21.10,22.57,-55.75,-992.47,122.50,-656.25,-385.0,1,94.235,
01/01/2000,00:55:21.11,22.20,-55.75,-992.59,87.50,-717.50,-96.25,1,94.236,
01/01/2000,00:55:21.12,22.08,-55.75,-992.59,61.25,-595.0,-385.0,1,94.236,
01/01/2000,00:55:21.13,22.20,-55.51,-992.47,402.50,-638.75,-376.25,1,94.237,
01/01/2000,00:55:21.14,22.33,-55.14,-992.47,131.25,-708.75,-315.0,1,94.225,
01/01/2000,00:55:21.15,22.08,-55.39,-992.35,166.25,-682.50,-367.50,1,94.239,
01/01/2000,00:55:21.16,22.94,-55.75,-992.47,183.75,-595.0,-507.50,1,94.227,
01/01/2000,00:55:21.17,23.55,-55.63,-992.59,288.75,-770.0,-411.25,1,94.240,
01/01/2000,00:55:21.18,23.91,-55.39,-992.23,-61.25,-708.75,-245.0,1,94.228,
01/01/2000,00:55:21.19,23.67,-56.12,-991.86,253.75,-787.50,-402.50,1,94.229,
01/01/2000,00:55:21.21,22.94,-55.63,-992.23,148.75,-717.50,-175.0,1,94.230,
01/01/2000,00:55:21.22,22.20,-55.39,-992.47,113.75,-708.75,-315.0,1,94.231,
01/01/2000,00:55:21.23,22.08,-55.63,-992.71,122.50,-586.25,-358.75,1,94.231,
01/01/2000,00:55:21.24,21.96,-55.14,-992.71,166.25,-708.75,-393.75,1,94.232,
01/01/2000,00:55:21.25,21.96,-55.14,-992.47,131.25,-691.25,-402.50,1,94.233,
01/01/2000,00:55:21.26,22.20,-55.63,-992.59,201.25,-656.25,-376.25,1,94.234,
01/01/2000,00:55:21.27,21.84,-55.88,-992.10,271.25,-770.0,-507.50,1,94.222,
01/01/2000,00:55:21.29,22.57,-55.51,-992.23,105.0,-700.0,-647.50,1,94.222,
01/01/2000,00:55:21.29,23.18,-55.14,-992.35,61.25,-761.25,-446.25,1,94.223,
01/01/2000,00:55:21.31,23.67,-55.27,-992.35,183.75,-691.25,-140.0,1,94.224,
01/01/2000,00:55:21.32,24.03,-55.39,-992.10,166.25,-700.0,-315.0,1,94.225,
01/01/2000,00:55:21.33,23.42,-55.63,-991.86,245.0,-708.75,-341.25,1,94.226,
01/01/2000,00:55:21.34,23.55,-56.12,-991.86,210.0,-735.0,-393.75,1,94.226,
01/01/2000,00:55:21.35,23.42,-55.63,-992.10,140.0,-638.75,-341.25,1,94.227,
01/01/2000,00:55:21.36,23.18,-55.27,-992.71,96.25,-840.0,-402.50,1,94.228,
01/01/2000,00:55:21.37,22.81,-55.27,-992.59,148.75,-717.50,-218.75,1,94.229,
01/01/2000,00:55:21.38,21.84,-55.39,-992.23,61.25,-665.0,-105.0,1,94.229,
01/01/2000,00:55:21.39,20.98,-55.75,-991.86,131.25,-708.75,-428.75,1,94.230,
01/01/2000,00:55:21.40,20.98,-56.00,-991.37,332.50,-656.25,-682.50,1,94.231,
01/01/2000,00:55:21.41,22.08,-55.51,-991.74,218.75,-682.50,-656.25,1,94.232,
01/01/2000,00:55:21.42,23.30,-55.27,-992.10,166.25,-665.0,-411.25,1,94.233,
01/01/2000,00:55:21.43,24.03,-55.63,-992.47,341.25,-700.0,-140.0,1,94.233,
01/01/2000,00:55:21.44,23.42,-55.88,-992.47,70.0,-761.25,-131.25,1,94.234,
01/01/2000,00:55:21.45,22.45,-56.36,-992.23,288.75,-630.0,-393.75,1,94.235,
01/01/2000,00:55:21.46,21.59,-56.12,-992.10,192.50,-726.25,-595.0,1,94.236,
01/01/2000,00:55:21.47,20.98,-55.51,-992.10,122.50,-726.25,-332.50,1,94.237,
01/01/2000,00:55:21.48,20.74,-55.14,-992.23,210.0,-700.0,-332.50,1,94.237,
01/01/2000,00:55:21.49,20.25,-55.14,-992.10,105.0,-708.75,-166.25,1,94.238,
01/01/2000,00:55:21.50,20.01,-55.39,-991.86,262.50,-656.25,-498.75,1,94.239,
01/01/2000,00:55:21.51,20.37,-56.24,-991.74,245.0,-621.25,-735.0,1,94.240,
01/01/2000,00:55:21.52,22.81,-56.12,-992.10,350.0,-647.50,-988.75,1,94.240,
01/01/2000,00:55:21.53,24.64,-55.39,-992.35,105.0,-761.25,-778.75,1,94.241,
01/01/2000,00:55:21.54,26.11,-55.39,-991.86,122.50,-883.75,0.0,1,94.242,
01/01/2000,00:55:21.55,26.11,-55.88,-990.64,61.25,-656.25,157.50,1,94.230,
01/01/2000,00:55:21.56,24.77,-56.24,-990.64,148.75,-796.25,-490.0,1,94.231,
01/01/2000,00:55:21.57,23.42,-56.49,-991.86,341.25,-700.0,-516.25,1,94.232,
01/01/2000,00:55:21.58,21.59,-56.00,-993.20,148.75,-647.50,-498.75,1,94.232,
01/01/2000,00:55:21.59,21.23,-55.14,-994.79,140.0,-638.75,-577.50,1,94.233,
01/01/2000,00:55:21.60,20.74,-54.90,-995.40,192.50,-691.25,-113.75,1,94.234,
01/01/2000,00:55:21.62,19.89,-55.14,-994.30,218.75,-673.75,-227.50,1,94.235,
01/01/2000,00:55:21.63,19.89,-55.63,-993.08,175.0,-700.0,-577.50,1,94.235,
01/01/2000,00:55:21.64,21.84,-56.24,-991.98,306.25,-647.50,-726.25,1,94.236,
01/01/2000,00:55:21.65,23.67,-56.00,-992.47,105.0,-752.50,-708.75,1,94.237,
01/01/2000,00:55:21.66,24.77,-55.88,-992.84,210.0,-700.0,-262.50,1,94.238,
01/01/2000,00:55:21.67,25.50,-55.88,-993.32,236.25,-656.25,-52.50,1,94.239,
01/01/2000,00:55:21.68,25.13,-55.88,-993.69,157.50,-752.50,-288.75,1,94.239,
01/01/2000,00:55:21.69,23.67,-55.88,-993.20,43.75,-700.0,-376.25,1,94.240,
01/01/2000,00:55:21.70,22.69,-55.88,-992.59,253.75,-603.75,-358.75,1,94.228,
01/01/2000,00:55:21.71,21.96,-55.51,-992.35,96.25,-717.50,-271.25,1,94.242,
01/01/2000,00:55:21.72,21.47,-55.51,-992.10,245.0,-682.50,-218.75,1,94.230,
01/01/2000,00:55:21.73,21.35,-55.75,-991.86,358.75,-647.50,-420.0,1,94.231,
01/01/2000,00:55:21.74,21.96,-55.63,-991.98,271.25,-656.25,-507.50,1,94.231,
01/01/2000,00:55:21.75,23.06,-55.51,-991.98,262.50,-638.75,-481.25,1,94.232,
01/01/2000,00:55:21.77,24.64,-55.14,-991.98,113.75,-743.75,-306.25,1,94.233,
01/01/2000,00:55:21.78,25.13,-55.88,-991.49,271.25,-752.50,-140.0,1,94.234,
01/01/2000,00:55:21.79,24.64,-56.00,-991.62,262.50,-656.25,-306.25,1,94.234,
01/01/2000,00:55:21.80,23.18,-56.12,-991.98,131.25,-638.75,-376.25,1,94.235,
01/01/2000,00:55:21.81,21.96,-55.63,-992.10,201.25,-656.25,-420.0,1,94.236,
01/01/2000,00:55:21.82,20.86,-55.39,-991.98,315.0,-665.0,-306.25,1,94.237,
01/01/2000,00:55:21.83,20.25,-55.02,-991.86,245.0,-630.0,-245.0,1,94.225,
01/01/2000,00:55:21.84,19.28,-55.14,-991.86,271.25,-743.75,-245.0,1,94.226,
01/01/2000,00:55:21.85,20.01,-55.51,-991.86,218.75,-726.25,-455.0,1,94.226,
01/01/2000,00:55:21.86,21.47,-55.88,-991.86,227.50,-735.0,-752.50,1,94.227,
01/01/2000,00:55:21.87,23.06,-55.39,-992.35,131.25,-805.0,-516.25,1,94.228,
01/01/2000,00:55:21.88,25.62,-55.63,-992.47,288.75,-700.0,-140.0,1,94.229,
01/01/2000,00:55:21.89,26.35,-56.12,-992.35,157.50,-770.0,-210.0,1,94.229,
01/01/2000,00:55:21.90,25.86,-56.00,-992.59,35.0,-840.0,-87.50,1,94.230,
01/01/2000,00:55:21.91,24.77,-56.61,-992.35,236.25,-805.0,-218.75,1,94.231,
01/01/2000,00:55:21.92,22.69,-56.24,-992.23,306.25,-533.75,-525.0,1,94.232,
01/01/2000,00:55:21.93,20.98,-55.39,-992.35,245.0,-682.50,-350.0,1,94.233,
01/01/2000,00:55:21.94,19.76,-55.27,-992.23,157.50,-647.50,-297.50,1,94.233,
01/01/2000,00:55:21.95,19.28,-55.14,-992.23,245.0,-656.25,-332.50,1,94.234,
01/01/2000,00:55:21.96,19.03,-55.51,-992.10,253.75,-560.0,-437.50,1,94.235,
01/01/2000,00:55:21.98,21.35,-56.12,-992.23,227.50,-595.0,-752.50,1,94.236,
01/01/2000,00:55:21.99,23.30,-55.88,-992.59,385.0,-743.75,-761.25,1,94.237,
01/01/2000,00:55:22.00,25.13,-55.51,-992.84,43.75,-691.25,-358.75,1,94.237,
01/01/2000,00:55:22.01,26.23,-55.88,-992.84,87.50,-700.0,-8.75,1,94.238,
01/01/2000,00:55:22.02,26.11,-56.12,-993.08,227.50,-761.25,-166.25,1,94.239,
01/01/2000,00:55:22.03,23.91,-56.12,-992.96,105.0,-700.0,-411.25,1,94.240,
01/01/2000,00:55:22.04,21.72,-56.12,-992.35,271.25,-770.0,-288.75,1,94.240,
01/01/2000,00:55:22.05,20.25,-55.39,-991.98,166.25,-665.0,-463.75,1,94.228,
01/01/2000,00:55:22.06,19.28,-55.27,-991.86,183.75,-743.75,-297.50,1,94.242,
01/01/2000,00:55:22.07,19.15,-55.51,-991.62,192.50,-682.50,-507.50,1,94.230,
01/01/2000,00:55:22.08,20.13,-56.00,-992.10,297.50,-621.25,-647.50,1,94.231,
01/01/2000,00:55:22.09,22.33,-55.88,-992.35,113.75,-717.50,-787.50,1,94.232,
01/01/2000,00:55:22.10,24.52,-56.12,-992.84,367.50,-673.75,-638.75,1,94.232,
01/01/2000,00:55:22.12,26.72,-55.88,-993.20,-78.75,-787.50,70.0,1,94.233,
01/01/2000,00:55:22.13,26.96,-56.61,-993.20,166.25,-743.75,-43.75,1,94.234,
01/01/2000,00:55:22.14,26.11,-56.85,-993.20,192.50,-665.0,-498.75,1,94.235,
01/01/2000,00:55:22.15,24.03,-56.12,-992.84,113.75,-691.25,-560.0,1,94.235,
01/01/2000,00:55:22.16,23.42,-55.75,-992.35,96.25,-568.75,-472.50,1,94.236,
01/01/2000,00:55:22.17,23.91,-55.39,-991.98,315.0,-665.0,-735.0,1,94.237,
01/01/2000,00:55:22.18,25.13,-55.14,-991.86,78.75,-621.25,-358.75,1,94.238,
01/01/2000,00:55:22.19,27.94,-56.00,-991.62,253.75,-621.25,-481.25,1,94.239,
01/01/2000,00:55:22.20,31.48,-56.61,-991.62,61.25,-603.75,-542.50,1,94.239,
01/01/2000,00:55:22.21,33.92,-56.61,-991.86,122.50,-761.25,-796.25,1,94.240,
01/01/2000,00:55:22.22,35.99,-56.24,-992.35,201.25,-656.25,-533.75,1,94.241,
01/01/2000,00:55:22.23,36.84,-55.88,-992.84,166.25,-761.25,-70.0,1,94.242,
01/01/2000,00:55:22.24,36.36,-55.75,-992.96,96.25,-778.75,113.75,1,94.242,
01/01/2000,00:55:22.25,33.92,-56.36,-992.84,253.75,-682.50,-350.0,1,94.231,
01/01/2000,00:55:22.26,31.96,-56.36,-991.86,140.0,-656.25,-638.75,1,94.231,
01/01/2000,00:55:22.27,31.84,-55.88,-991.25,367.50,-691.25,-726.25,1,94.232,
01/01/2000,00:55:22.28,33.43,-55.27,-990.76,253.75,-638.75,-717.50,1,94.233,
01/01/2000,00:55:22.30,37.33,-55.27,-991.13,166.25,-603.75,-542.50,1,94.234,
01/01/2000,00:55:22.31,41.85,-56.24,-992.35,166.25,-761.25,-262.50,1,94.234,
01/01/2000,00:55:22.32,43.43,-56.73,-993.08,105.0,-717.50,-253.75,1,94.235,
01/01/2000,00:55:22.33,43.07,-57.34,-993.32,297.50,-752.50,-70.0,1,94.236,
01/01/2000,00:55:22.34,40.75,-56.36,-992.71,-52.50,-770.0,-288.75,1,94.237,
01/01/2000,00:55:22.35,38.06,-55.63,-992.23,192.50,-656.25,-245.0,1,94.238,
01/01/2000,00:55:22.36,35.26,-55.02,-991.98,140.0,-700.0,-245.0,1,94.238,
01/01/2000,00:55:22.37,33.43,-54.90,-991.37,262.50,-778.75,-280.0,1,94.239,
01/01/2000,00:55:22.38,32.21,-55.39,-991.13,87.50,-647.50,-245.0,1,94.240,
01/01/2000,00:55:22.39,33.18,-56.24,-991.62,157.50,-682.50,-700.0,1,94.241,
01/01/2000,00:55:22.40,34.04,-56.61,-992.35,148.75,-665.0,-778.75,1,94.229,
01/01/2000,00:55:22.41,34.89,-56.36,-992.96,87.50,-735.0,-183.75,1,94.229,
01/01/2000,00:55:22.42,34.89,-56.24,-993.32,113.75,-778.75,-253.75,1,94.230,
01/01/2000,00:55:22.43,33.18,-56.12,-993.20,192.50,-700.0,-166.25,1,94.231,
01/01/2000,00:55:22.44,30.99,-55.88,-992.59,87.50,-603.75,-113.75,1,94.232,
01/01/2000,00:55:22.45,29.16,-56.24,-991.86,210.0,-726.25,-656.25,1,94.233,
01/01/2000,00:55:22.47,27.69,-55.75,-991.62,105.0,-752.50,-402.50,1,94.233,
01/01/2000,00:55:22.48,27.33,-55.63,-992.10,175.0,-708.75,-157.50,1,94.234,
01/01/2000,00:55:22.49,26.96,-56.36,-992.10,210.0,-595.0,-227.50,1,94.235,
01/01/2000,00:55:22.50,26.35,-56.49,-991.98,61.25,-735.0,-455.0,1,94.236,
01/01/2000,00:55:22.51,25.74,-56.49,-991.86,192.50,-708.75,-350.0,1,94.236,
01/01/2000,00:55:22.52,25.13,-56.24,-991.86,245.0,-691.25,-323.75,1,94.237,
01/01/2000,00:55:22.53,24.64,-55.63,-992.10,183.75,-682.50,-376.25,1,94.238,
01/01/2000,00:55:22.54,24.40,-55.88,-992.23,96.25,-726.25,-437.50,1,94.239,
01/01/2000,00:55:22.55,24.40,-56.24,-992.23,166.25,-822.50,-420.0,1,94.240,
01/01/2000,00:55:22.56,24.40,-56.36,-992.10,175.0,-700.0,-280.0,1,94.240,
01/01/2000,00:55:22.57,24.28,-56.49,-992.10,192.50,-752.50,-490.0,1,94.241,
01/01/2000,00:55:22.58,24.03,-56.36,-991.98,105.0,-665.0,-402.50,1,94.242,
01/01/2000,00:55:22.59,23.79,-55.88,-992.10,148.75,-665.0,-271.25,1,94.243,
01/01/2000,00:55:22.60,23.67,-55.63,-992.23,131.25,-700.0,-332.50,1,94.243,
01/01/2000,00:55:22.61,23.42,-55.75,-992.23,43.75,-673.75,-376.25,1,94.232,
01/01/2000,00:55:22.62,23.42,-56.12,-992.23,245.0,-682.50,-428.75,1,94.232,
01/01/2000,00:55:22.63,23.30,-56.24,-992.10,210.0,-621.25,-420.0,1,94.233,
01/01/2000,00:55:22.64,23.30,-56.12,-992.23,87.50,-761.25,-350.0,1,94.234,
01/01/2000,00:55:22.65,22.94,-56.12,-992.23,192.50,-700.0,-420.0,1,94.235,
01/01/2000,00:55:22.66,22.81,-56.00,-992.10,122.50,-752.50,-297.50,1,94.235,
01/01/2000,00:55:22.68,22.81,-56.00,-992.35,148.75,-726.25,-376.25,1,94.236,
01/01/2000,00:55:22.69,22.94,-55.88,-992.35,280.0,-533.75,-376.25,1,94.237,
01/01/2000,00:55:22.70,22.94,-56.12,-992.10,131.25,-700.0,-376.25,1,94.238,
01/01/2000,00:55:22.71,22.81,-56.24,-991.98,96.25,-700.0,-271.25,1,94.239,
01/01/2000,00:55:22.72,22.69,-56.24,-991.98,175.0,-577.50,-455.0,1,94.239,
01/01/2000,00:55:22.73,22.69,-56.36,-991.98,218.75,-638.75,-455.0,1,94.240,
01/01/2000,00:55:22.74,22.94,-56.00,-992.10,201.25,-673.75,-385.0,1,94.241,
01/01/2000,00:55:22.75,23.67,-56.12,-992.35,271.25,-717.50,-437.50,1,94.229,
01/01/2000,00:55:22.76,25.50,-56.00,-992.47,210.0,-770.0,-446.25,1,94.230,
01/01/2000,00:55:22.77,26.84,-56.00,-992.47,236.25,-735.0,-490.0,1,94.231,
01/01/2000,00:55:22.78,28.30,-56.36,-991.86,140.0,-577.50,-498.75,1,94.231,
01/01/2000,00:55:22.79,29.65,-56.12,-991.49,140.0,-700.0,-542.50,1,94.232,
01/01/2000,00:55:22.81,32.94,-56.12,-992.10,253.75,-831.25,-507.50,1,94.233,
01/01/2000,00:55:22.82,35.26,-55.88,-993.69,166.25,-717.50,-96.25,1,94.234,
01/01/2000,00:55:22.83,35.62,-56.24,-993.93,227.50,-691.25,-253.75,1,94.234,
01/01/2000,00:55:22.84,35.87,-56.12,-993.45,148.75,-577.50,-306.25,1,94.235,
01/01/2000,00:55:22.85,34.89,-56.12,-992.59,87.50,-726.25,-437.50,1,94.236,
01/01/2000,00:55:22.86,34.53,-55.88,-991.62,192.50,-691.25,-306.25,1,94.237,
01/01/2000,00:55:22.87,35.01,-55.63,-991.25,183.75,-700.0,-542.50,1,94.237,
01/01/2000,00:55:22.88,36.11,-55.63,-991.25,70.0,-630.0,-612.50,1,94.238,
01/01/2000,00:55:22.89,38.92,-55.88,-991.62,183.75,-577.50,-647.50,1,94.239,
01/01/2000,00:55:22.90,40.75,-56.12,-992.10,288.75,-735.0,-577.50,1,94.240,
01/01/2000,00:55:22.91,42.21,-56.36,-992.59,192.50,-822.50,-280.0,1,94.241,
01/01/2000,00:55:22.92,42.70,-56.49,-992.59,201.25,-682.50,-192.50,1,94.241,
01/01/2000,00:55:22.93,41.24,-56.36,-992.35,113.75,-743.75,-332.50,1,94.242,
01/01/2000,00:55:22.94,39.28,-56.12,-991.86,122.50,-778.75,-288.75,1,94.243,
01/01/2000,00:55:22.95,37.09,-55.75,-991.49,113.75,-621.25,-201.25,1,94.244,
01/01/2000,00:55:22.96,34.04,-55.63,-991.13,218.75,-630.0,-358.75,1,94.232,
01/01/2000,00:55:22.97,32.70,-55.75,-991.25,192.50,-875.0,-490.0,1,94.233,
01/01/2000,00:55:22.98,32.09,-55.88,-991.49,87.50,-603.75,-568.75,1,94.233,
01/01/2000,00:55:22.99,32.70,-56.00,-991.62,166.25,-673.75,-752.50,1,94.234,
01/01/2000,00:55:23.00,34.89,-55.88,-992.10,122.50,-568.75,-831.25,1,94.235,
01/01/2000,00:55:23.01,35.99,-56.00,-992.10,35.0,-822.50,-376.25,1,94.236,
01/01/2000,00:55:23.02,35.75,-56.24,-991.86,78.75,-752.50,35.0,1,94.236,
01/01/2000,00:55:23.04,32.45,-56.85,-991.37,140.0,-831.25,-61.25,1,94.237,
01/01/2000,00:55:23.05,29.04,-56.49,-991.37,8.75,-691.25,-288.75,1,94.238,
01/01/2000,00:55:23.06,26.11,-56.49,-991.37,175.0,-630.0,-656.25,1,94.239,
01/01/2000,00:55:23.07,23.79,-55.02,-991.62,245.0,-700.0,-638.75,1,94.240,
01/01/2000,00:55:23.08,23.91,-54.29,-991.98,166.25,-647.50,-577.50,1,94.240,
01/01/2000,00:55:23.09,25.38,-54.90,-992.23,271.25,-586.25,-315.0,1,94.241,
01/01/2000,00:55:23.10,27.82,-56.24,-992.59,201.25,-595.0,-297.50,1,94.242,
01/01/2000,00:55:23.11,28.79,-56.85,-992.84,78.75,-761.25,-560.0,1,94.243,
01/01/2000,00:55:23.12,29.52,-57.10,-992.84,201.25,-708.75,-542.50,1,94.243,
01/01/2000,00:55:23.13,28.67,-56.12,-993.20,-17.50,-805.0,-393.75,1,94.244,
01/01/2000,00:55:23.14,26.60,-55.63,-993.08,0.0,-665.0,52.50,1,94.245,
01/01/2000,00:55:23.15,23.91,-55.63,-992.71,26.25,-673.75,78.75,1,94.246,
01/01/2000,00:55:23.16,20.98,-56.00,-992.23,236.25,-691.25,-385.0,1,94.246,
01/01/2000,00:55:23.17,18.79,-56.12,-992.23,122.50,-638.75,-743.75,1,94.235,
01/01/2000,00:55:23.18,19.28,-55.88,-992.23,201.25,-612.50,-910.0,1,94.235,
01/01/2000,00:55:23.19,21.96,-55.75,-992.23,350.0,-673.75,-586.25,1,94.236,
01/01/2000,00:55:23.20,23.79,-55.75,-992.35,131.25,-743.75,-175.0,1,94.237,
01/01/2000,00:55:23.21,25.13,-56.24,-992.35,122.50,-778.75,-245.0,1,94.238,
01/01/2000,00:55:23.22,25.99,-56.49,-992.59,96.25,-717.50,-393.75,1,94.238,
01/01/2000,00:55:23.23,26.11,-56.36,-992.84,105.0,-752.50,-367.50,1,94.239,
01/01/2000,00:55:23.25,25.38,-55.75,-992.84,78.75,-743.75,-262.50,1,94.240,
01/01/2000,00:55:23.26,23.67,-55.51,-992.59,140.0,-700.0,43.75,1,94.241,
01/01/2000,00:55:23.27,21.96,-55.51,-992.10,87.50,-831.25,148.75,1,94.242,
01/01/2000,00:55:23.28,20.37,-56.00,-991.62,35.0,-656.25,-621.25,1,94.242,
01/01/2000,00:55:23.29,19.52,-55.51,-991.74,192.50,-673.75,-796.25,1,94.243,
01/01/2000,00:55:23.30,20.37,-55.75,-991.86,140.0,-761.25,-586.25,1,94.244,
01/01/2000,00:55:23.32,23.30,-55.51,-992.59,210.0,-560.0,-315.0,1,94.232,
01/01/2000,00:55:23.33,24.64,-56.00,-992.47,105.0,-796.25,-183.75,1,94.233,
01/01/2000,00:55:23.34,25.13,-56.36,-992.23,96.25,-700.0,-315.0,1,94.234,
01/01/2000,00:55:23.35,25.38,-56.61,-992.47,113.75,-682.50,-323.75,1,94.234,
01/01/2000,00:55:23.36,24.77,-56.24,-992.35,113.75,-743.75,-166.25,1,94.235,
01/01/2000,00:55:23.37,23.79,-56.00,-992.35,148.75,-778.75,-201.25,1,94.236,
01/01/2000,00:55:23.38,22.20,-55.75,-992.47,183.75,-813.75,-113.75,1,94.237,
01/01/2000,00:55:23.39,20.01,-55.88,-992.23,113.75,-665.0,-210.0,1,94.237,
01/01/2000,00:55:23.40,18.91,-56.12,-992.10,131.25,-551.25,-288.75,1,94.238,
01/01/2000,00:55:23.41,18.79,-55.88,-991.98,140.0,-498.75,-630.0,1,94.239,
01/01/2000,00:55:23.42,20.01,-55.88,-991.98,105.0,-708.75,-630.0,1,94.240,
01/01/2000,00:55:23.43,22.69,-55.63,-992.10,78.75,-603.75,-498.75,1,94.240,
01/01/2000,00:55:23.44,24.52,-56.12,-992.35,131.25,-778.75,-236.25,1,94.241,
01/01/2000,00:55:23.45,26.11,-56.36,-992.47,61.25,-831.25,-306.25,1,94.242,
01/01/2000,00:55:23.46,26.96,-57.10,-992.59,288.75,-778.75,-393.75,1,94.243,
01/01/2000,00:55:23.47,26.96,-56.49,-992.71,0.0,-682.50,-315.0,1,94.244,
01/01/2000,00:55:23.48,26.23,-56.36,-992.59,113.75,-761.25,-52.50,1,94.244,
01/01/2000,00:55:23.49,24.64,-55.75,-992.59,105.0,-726.25,61.25,1,94.245,
01/01/2000,00:55:23.50,22.20,-55.88,-992.59,96.25,-656.25,-35.0,1,94.246,
01/01/2000,00:55:23.51,18.91,-56.36,-992.47,236.25,-595.0,-315.0,1,94.247,
01/01/2000,00:55:23.52,17.81,-56.12,-992.47,183.75,-638.75,-630.0,1,94.235,
01/01/2000,00:55:23.53,18.79,-55.63,-992.71,201.25,-612.50,-735.0,1,94.236,
01/01/2000,00:55:23.54,20.50,-55.63,-992.84,70.0,-656.25,-367.50,1,94.236,
01/01/2000,00:55:23.55,22.69,-55.88,-992.71,175.0,-673.75,-201.25,1,94.237,
01/01/2000,00:55:23.56,24.40,-56.36,-992.59,210.0,-612.50,-288.75,1,94.238,
01/01/2000,00:55:23.57,25.74,-56.97,-992.10,166.25,-770.0,-271.25,1,94.239,
01/01/2000,00:55:23.58,25.74,-56.73,-991.74,-8.75,-796.25,-253.75,1,94.239,
01/01/2000,00:55:23.60,24.16,-56.12,-992.10,52.50,-840.0,-113.75,1,94.240,
01/01/2000,00:55:23.61,22.45,-55.88,-992.59,61.25,-778.75,-96.25,1,94.241,
01/01/2000,00:55:23.62,21.11,-55.75,-992.96,131.25,-708.75,-411.25,1,94.242,
01/01/2000,00:55:23.63,19.76,-55.39,-993.20,192.50,-673.75,-350.0,1,94.243,
01/01/2000,00:55:23.64,20.01,-55.39,-992.84,192.50,-603.75,-341.25,1,94.243,
01/01/2000,00:55:23.65,20.98,-55.75,-992.10,201.25,-612.50,-472.50,1,94.244,
01/01/2000,00:55:23.66,22.08,-56.00,-991.62,201.25,-735.0,-481.25,1,94.245,
01/01/2000,00:55:23.67,24.28,-56.49,-991.74,-52.50,-700.0,-376.25,1,94.233,
01/01/2000,00:55:23.68,25.25,-56.61,-992.10,236.25,-857.50,-402.50,1,94.234,
01/01/2000,00:55:23.69,25.62,-55.88,-992.84,26.25,-708.75,-96.25,1,94.235,
01/01/2000,00:55:23.70,25.25,-55.88,-992.84,148.75,-656.25,-96.25,1,94.235,
01/01/2000,00:55:23.71,23.67,-55.75,-992.59,52.50,-665.0,70.0,1,94.236,
01/01/2000,00:55:23.72,21.23,-55.63,-991.86,175.0,-752.50,-61.25,1,94.237,
01/01/2000,00:55:23.74,18.79,-56.00,-991.86,245.0,-691.25,-700.0,1,94.238,
01/01/2000,00:55:23.75,18.42,-55.88,-992.59,78.75,-647.50,-717.50,1,94.238,
01/01/2000,00:55:23.76,19.76,-55.39,-993.32,157.50,-700.0,-595.0,1,94.239,
01/01/2000,00:55:23.77,21.47,-55.51,-992.59,218.75,-603.75,-288.75,1,94.240,
01/01/2000,00:55:23.78,22.57,-55.39,-991.62,96.25,-761.25,-192.50,1,94.241,
01/01/2000,00:55:23.79,23.91,-55.75,-990.64,140.0,-752.50,-332.50,1,94.241,
01/01/2000,00:55:23.80,25.62,-56.49,-991.13,105.0,-752.50,-420.0,1,94.242,
01/01/2000,00:55:23.81,26.23,-56.24,-992.35,201.25,-752.50,-516.25,1,94.243,
01/01/2000,00:55:23.82,25.13,-55.75,-992.10,192.50,-761.25,-131.25,1,94.231,
01/01/2000,00:55:23.84,23.18,-55.27,-991.37,157.50,-708.75,350.0,1,94.232,
01/01/2000,00:55:23.85,21.35,-55.39,-991.49,78.75,-752.50,-262.50,1,94.233,
01/01/2000,00:55:23.86,19.89,-56.36,-994.30,148.75,-726.25,-691.25,1,94.234,
01/01/2000,00:55:23.87,19.76,-56.36,-996.01,175.0,-568.75,-691.25,1,94.234,
01/01/2000,00:55:23.88,20.13,-56.00,-996.37,227.50,-603.75,-472.50,1,94.235,
01/01/2000,00:55:23.89,20.86,-55.63,-994.54,218.75,-647.50,-507.50,1,94.236,
01/01/2000,00:55:23.90,22.45,-55.14,-992.84,-17.50,-586.25,-376.25,1,94.237,
01/01/2000,00:55:23.91,23.42,-55.51,-991.62,70.0,-831.25,-245.0,1,94.237,
01/01/2000,00:55:23.92,24.64,-56.12,-991.62,78.75,-787.50,-411.25,1,94.238,
01/01/2000,00:55:23.93,25.74,-56.73,-992.47,245.0,-691.25,-463.75,1,94.239,
01/01/2000,00:55:23.94,26.23,-56.36,-994.18,113.75,-726.25,-323.75,1,94.240,
01/01/2000,00:55:23.95,25.01,-56.36,-994.42,78.75,-822.50,-78.75,1,94.240,
01/01/2000,00:55:23.96,22.69,-55.63,-993.69,-43.75,-717.50,96.25,1,94.241,
01/01/2000,00:55:23.97,19.28,-55.39,-992.71,323.75,-673.75,-245.0,1,94.242,
01/01/2000,00:55:23.98,18.42,-55.27,-992.47,148.75,-586.25,-630.0,1,94.243,
01/01/2000,00:55:23.99,18.54,-55.51,-992.71,201.25,-682.50,-770.0,1,94.243,
01/01/2000,00:55:24.00,20.25,-55.63,-993.08,87.50,-647.50,-647.50,1,94.244,
01/01/2000,00:55:24.01,22.08,-55.88,-992.84,113.75,-700.0,-236.25,1,94.245,
01/01/2000,00:55:24.02,24.77,-56.12,-992.10,43.75,-691.25,-376.25,1,94.246,
01/01/2000,00:55:24.03,25.62,-56.61,-991.49,236.25,-682.50,-210.0,1,94.247,
01/01/2000,00:55:24.04,26.11,-56.00,-991.37,113.75,-700.0,-402.50,1,94.247,
01/01/2000,00:55:24.05,25.50,-55.88,-991.25,323.75,-857.50,-288.75,1,94.248,
01/01/2000,00:55:24.06,24.03,-55.39,-991.62,43.75,-743.75,122.50,1,94.249,
01/01/2000,00:55:24.07,21.96,-55.75,-992.35,35.0,-831.25,131.25,1,94.250,
01/01/2000,00:55:24.08,20.01,-56.12,-993.08,87.50,-717.50,-428.75,1,94.250,
01/01/2000,00:55:24.09,18.06,-55.88,-993.81,350.0,-656.25,-656.25,1,94.239,
01/01/2000,00:55:24.10,18.54,-55.39,-994.06,227.50,-612.50,-752.50,1,94.239,
01/01/2000,00:55:24.11,21.35,-54.90,-993.69,131.25,-551.25,-490.0,1,94.240,
01/01/2000,00:55:24.12,23.18,-55.02,-992.96,96.25,-770.0,-52.50,1,94.241,
01/01/2000,00:55:24.13,24.28,-55.63,-991.86,70.0,-717.50,52.50,1,94.242,
01/01/2000,00:55:24.14,24.64,-56.36,-991.13,201.25,-726.25,-280.0,1,94.242,
01/01/2000,00:55:24.16,24.52,-56.73,-991.49,105.0,-743.75,-708.75,1,94.243,
01/01/2000,00:55:24.17,24.03,-56.12,-992.59,297.50,-700.0,-376.25,1,94.244,
01/01/2000,00:55:24.18,23.55,-55.14,-993.08,52.50,-778.75,-315.0,1,94.245,
01/01/2000,00:55:24.19,22.08,-54.78,-993.20,43.75,-735.0,183.75,1,94.245,
01/01/2000,00:55:24.20,20.86,-54.66,-992.96,113.75,-691.25,-17.50,1,94.246,
01/01/2000,00:55:24.21,20.01,-55.39,-992.71,288.75,-735.0,-533.75,1,94.247,
01/01/2000,00:55:24.22,20.13,-55.63,-992.71,26.25,-638.75,-673.75,1,94.248,
01/01/2000,00:55:24.23,22.20,-56.00,-992.59,218.75,-682.50,-647.50,1,94.236,
01/01/2000,00:55:24.24,23.67,-55.63,-992.59,35.0,-665.0,-393.75,1,94.237,
01/01/2000,00:55:24.25,24.52,-55.51,-992.10,140.0,-735.0,-70.0,1,94.238,
01/01/2000,00:55:24.26,24.64,-55.63,-991.74,157.50,-682.50,-245.0,1,94.238,
01/01/2000,00:55:24.27,24.28,-56.00,-991.86,140.0,-630.0,-280.0,1,94.239,
01/01/2000,00:55:24.28,23.91,-56.00,-992.10,105.0,-735.0,-498.75,1,94.240,
01/01/2000,00:55:24.29,23.42,-55.88,-992.47,78.75,-787.50,-332.50,1,94.241,
01/01/2000,00:55:24.31,21.59,-56.12,-992.47,288.75,-761.25,26.25,1,94.241,
01/01/2000,00:55:24.32,20.25,-56.12,-992.47,140.0,-708.75,-183.75,1,94.242,
01/01/2000,00:55:24.33,19.28,-55.88,-993.08,140.0,-586.25,-665.0,1,94.243,
01/01/2000,00:55:24.34,20.37,-55.63,-993.57,140.0,-673.75,-411.25,1,94.244,
01/01/2000,00:55:24.35,21.59,-55.39,-993.69,332.50,-682.50,-350.0,1,94.244,
01/01/2000,00:55:24.36,22.81,-55.63,-993.32,-61.25,-682.50,-341.25,1,94.245,
01/01/2000,00:55:24.37,24.16,-56.00,-992.47,122.50,-778.75,-306.25,1,94.234,
01/01/2000,00:55:24.38,24.52,-56.36,-991.98,131.25,-770.0,-253.75,1,94.234,
01/01/2000,00:55:24.39,25.01,-56.61,-991.98,78.75,-761.25,-490.0,1,94.235,
01/01/2000,00:55:24.40,25.13,-56.24,-992.23,148.75,-717.50,-358.75,1,94.236,
01/01/2000,00:55:24.41,24.77,-55.63,-992.84,157.50,-805.0,-131.25,1,94.237,
01/01/2000,00:55:24.42,23.18,-55.63,-992.84,166.25,-778.75,78.75,1,94.237,
01/01/2000,00:55:24.43,21.11,-55.75,-992.96,280.0,-708.75,-96.25,1,94.238,
01/01/2000,00:55:24.44,19.40,-55.88,-993.32,-8.75,-665.0,-472.50,1,94.239,
01/01/2000,00:55:24.45,18.30,-56.12,-994.06,140.0,-656.25,-560.0,1,94.240,
01/01/2000,00:55:24.46,19.15,-55.88,-994.18,140.0,-638.75,-752.50,1,94.240,
01/01/2000,00:55:24.47,20.62,-55.51,-993.93,183.75,-813.75,-463.75,1,94.241,
01/01/2000,00:55:24.48,22.33,-55.39,-993.20,43.75,-665.0,-183.75,1,94.242,
01/01/2000,00:55:24.49,24.03,-55.88,-991.86,43.75,-726.25,-157.50,1,94.243,
01/01/2000,00:55:24.50,24.40,-56.61,-991.13,227.50,-717.50,-201.25,1,94.243,
01/01/2000,00:55:24.52,24.64,-56.73,-991.13,210.0,-735.0,-385.0,1,94.244,
01/01/2000,00:55:24.53,23.79,-56.49,-991.62,157.50,-813.75,-332.50,1,94.245,
01/01/2000,00:55:24.54,22.45,-55.88,-992.10,-96.25,-770.0,-227.50,1,94.246,
01/01/2000,00:55:24.55,20.98,-55.88,-992.71,271.25,-656.25,-350.0,1,94.246,
01/01/2000,00:55:24.56,19.76,-55.14,-993.45,140.0,-621.25,-437.50,1,94.247,
01/01/2000,00:55:24.57,20.25,-55.14,-993.57,35.0,-708.75,-341.25,1,94.248,
01/01/2000,00:55:24.58,22.69,-55.51,-993.32,245.0,-665.0,-761.25,1,94.236,
01/01/2000,00:55:24.59,24.40,-55.88,-992.84,-8.75,-770.0,-350.0,1,94.237,
01/01/2000,00:55:24.60,25.50,-55.88,-991.86,8.75,-770.0,8.75,1,94.238,
01/01/2000,00:55:24.61,25.74,-56.85,-990.64,227.50,-717.50,43.75,1,94.239,
01/01/2000,00:55:24.62,24.52,-56.24,-990.88,140.0,-743.75,-560.0,1,94.239,
01/01/2000,00:55:24.63,23.79,-56.12,-991.49,210.0,-691.25,-393.75,1,94.240,
01/01/2000,00:55:24.64,22.81,-55.39,-992.47,183.75,-700.0,-455.0,1,94.241,
01/01/2000,00:55:24.66,20.74,-55.14,-993.81,148.75,-665.0,52.50,1,94.242,
01/01/2000,00:55:24.67,19.40,-55.27,-993.93,271.25,-717.50,-297.50,1,94.242,
01/01/2000,00:55:24.68,18.67,-55.75,-993.93,297.50,-647.50,-490.0,1,94.243,
01/01/2000,00:55:24.69,19.52,-55.63,-993.69,105.0,-682.50,-726.25,1,94.244,
01/01/2000,00:55:24.70,21.23,-55.88,-993.08,218.75,-726.25,-577.50,1,94.245,
01/01/2000,00:55:24.71,23.18,-55.63,-992.10,175.0,-673.75,-210.0,1,94.245,
01/01/2000,00:55:24.72,24.16,-55.63,-990.64,87.50,-892.50,35.0,1,94.246,
01/01/2000,00:55:24.73,24.52,-56.12,-990.15,166.25,-778.75,-315.0,1,94.247,
01/01/2000,00:55:24.74,24.40,-56.00,-991.13,78.75,-726.25,-437.50,1,94.248,
01/01/2000,00:55:24.75,24.28,-56.00,-992.47,236.25,-638.75,-455.0,1,94.248,
01/01/2000,00:55:24.76,23.79,-55.88,-993.32,192.50,-787.50,-227.50,1,94.249,
01/01/2000,00:55:24.77,22.20,-55.63,-993.69,-17.50,-752.50,-8.75,1,94.250,
01/01/2000,00:55:24.78,20.86,-55.51,-993.45,210.0,-691.25,-157.50,1,94.251,
01/01/2000,00:55:24.79,19.40,-55.51,-993.32,166.25,-560.0,-463.75,1,94.251,
01/01/2000,00:55:24.80,20.01,-55.51,-993.57,61.25,-700.0,-586.25,1,94.240,
01/01/2000,00:55:24.81,21.23,-55.63,-993.57,210.0,-595.0,-577.50,1,94.241,
01/01/2000,00:55:24.82,22.45,-55.63,-993.32,96.25,-647.50,-358.75,1,94.241,
01/01/2000,00:55:24.83,23.06,-55.88,-992.47,148.75,-831.25,-280.0,1,94.242,
01/01/2000,00:55:24.85,23.42,-56.12,-991.74,262.50,-752.50,-341.25,1,94.243,
01/01/2000,00:55:24.86,23.55,-56.12,-991.86,166.25,-700.0,-472.50,1,94.244,
01/01/2000,00:55:24.87,23.91,-55.75,-992.10,96.25,-717.50,-227.50,1,94.244,
01/01/2000,00:55:24.88,23.06,-55.51,-992.47,175.0,-840.0,-52.50,1,94.245,
01/01/2000,00:55:24.89,21.84,-55.39,-992.47,43.75,-603.75,-148.75,1,94.246,
01/01/2000,00:55:24.90,20.50,-55.88,-992.84,175.0,-630.0,-271.25,1,94.247,
01/01/2000,00:55:24.91,19.52,-55.63,-993.32,148.75,-700.0,-498.75,1,94.247,
01/01/2000,00:55:24.92,19.52,-55.63,-994.18,271.25,-630.0,-665.0,1,94.248,
01/01/2000,00:55:24.93,20.98,-55.27,-994.30,148.75,-717.50,-673.75,1,94.249,
01/01/2000,00:55:24.94,22.33,-55.02,-993.93,183.75,-656.25,-70.0,1,94.237,
01/01/2000,00:55:24.95,23.67,-55.27,-992.84,157.50,-735.0,-288.75,1,94.238,
01/01/2000,00:55:24.96,24.89,-55.75,-991.25,262.50,-752.50,-227.50,1,94.239,
01/01/2000,00:55:24.97,25.13,-56.12,-990.76,105.0,-848.75,-341.25,1,94.240,
01/01/2000,00:55:24.98,25.13,-56.24,-990.64,183.75,-866.25,-525.0,1,94.240,
01/01/2000,00:55:24.99,24.52,-56.12,-991.13,52.50,-735.0,52.50,1,94.241,
01/01/2000,00:55:25.00,21.72,-55.75,-991.98,8.75,-770.0,-52.50,1,94.242,
01/01/2000,00:55:25.02,20.25,-55.75,-993.57,218.75,-656.25,-673.75,1,94.243,
01/01/2000,00:55:25.03,19.03,-54.90,-994.67,70.0,-551.25,-612.50,1,94.243,
01/01/2000,00:55:25.04,19.52,-54.90,-995.28,43.75,-647.50,-358.75,1,94.244,
01/01/2000,00:55:25.05,20.50,-55.02,-995.03,192.50,-682.50,-157.50,1,94.245,
01/01/2000,00:55:25.06,21.59,-55.14,-993.93,131.25,-708.75,-218.75,1,94.246,
01/01/2000,00:55:25.07,23.18,-56.12,-991.74,122.50,-761.25,-332.50,1,94.246,
01/01/2000,00:55:25.08,24.16,-56.61,-990.15,210.0,-735.0,-323.75,1,94.247,
01/01/2000,00:55:25.09,24.89,-56.24,-990.03,210.0,-682.50,-498.75,1,94.248,
01/01/2000,00:55:25.10,25.13,-56.12,-990.52,192.50,-778.75,-271.25,1,94.249,
01/01/2000,00:55:25.11,24.03,-55.51,-991.13,131.25,-700.0,8.75,1,94.249,
01/01/2000,00:55:25.12,22.45,-55.27,-992.10,175.0,-735.0,-17.50,1,94.250,
01/01/2000,00:55:25.13,20.13,-55.39,-992.84,227.50,-735.0,-472.50,1,94.251,
01/01/2000,00:55:25.14,19.64,-55.27,-993.81,78.75,-691.25,-691.25,1,94.252,
01/01/2000,00:55:25.15,20.62,-55.51,-994.54,175.0,-595.0,-630.0,1,94.240,
01/01/2000,00:55:25.16,21.96,-55.63,-994.42,271.25,-665.0,-367.50,1,94.241,
01/01/2000,00:55:25.17,22.94,-55.39,-993.69,96.25,-840.0,-297.50,1,94.242,
01/01/2000,00:55:25.18,23.67,-56.00,-991.86,166.25,-761.25,-192.50,1,94.242,
01/01/2000,00:55:25.19,24.40,-56.00,-991.25,227.50,-673.75,-498.75,1,94.243,
01/01/2000,00:55:25.20,24.28,-55.88,-991.01,201.25,-752.50,-288.75,1,94.244,
01/01/2000,00:55:25.21,24.16,-55.63,-991.13,175.0,-805.0,-262.50,1,94.245,
01/01/2000,00:55:25.23,21.96,-55.88,-991.86,262.50,-743.75,-17.50,1,94.245,
01/01/2000,00:55:25.24,19.76,-55.63,-992.71,78.75,-761.25,-236.25,1,94.246,
01/01/2000,00:55:25.25,16.96,-56.00,-994.42,113.75,-682.50,-446.25,1,94.247,
01/01/2000,00:55:25.26,15.74,-55.51,-995.15,113.75,-682.50,-577.50,1,94.247,
01/01/2000,00:55:25.27,15.25,-55.27,-995.28,43.75,-735.0,-227.50,1,94.248,
01/01/2000,00:55:25.28,14.64,-55.27,-994.54,105.0,-743.75,-253.75,1,94.249,
01/01/2000,00:55:25.29,13.54,-55.51,-992.59,61.25,-796.25,-175.0,1,94.250,
01/01/2000,00:55:25.30,13.05,-55.88,-991.01,96.25,-796.25,-306.25,1,94.238,
01/01/2000,00:55:25.31,12.44,-56.12,-990.76,105.0,-673.75,-481.25,1,94.251,
01/01/2000,00:55:25.32,12.69,-56.24,-991.37,96.25,-796.25,-507.50,1,94.240,
01/01/2000,00:55:25.33,13.30,-55.88,-992.23,122.50,-822.50,-551.25,1,94.241,
01/01/2000,00:55:25.34,13.42,-55.39,-992.59,17.50,-700.0,-157.50,1,94.241,
01/01/2000,00:55:25.36,9.52,-55.27,-991.98,52.50,-752.50,113.75,1,94.242,
01/01/2000,00:55:25.37,7.69,-56.00,-992.23,253.75,-770.0,-428.75,1,94.231,
01/01/2000,00:55:25.38,5.49,-55.88,-993.81,35.0,-726.25,-446.25,1,94.231,
01/01/2000,00:55:25.39,4.27,-55.88,-994.79,78.75,-682.50,-218.75,1,94.232,
01/01/2000,00:55:25.40,3.54,-55.88,-995.03,323.75,-656.25,-306.25,1,94.233,
01/01/2000,00:55:25.41,2.81,-55.39,-994.54,87.50,-717.50,-297.50,1,94.234,
01/01/2000,00:55:25.42,2.81,-54.90,-993.08,183.75,-735.0,-411.25,1,94.234,
01/01/2000,00:55:25.43,4.64,-54.90,-992.35,26.25,-621.25,-306.25,1,94.235,
01/01/2000,00:55:25.45,6.34,-55.27,-991.86,131.25,-665.0,-297.50,1,94.236,
01/01/2000,00:55:25.46,8.05,-55.63,-991.74,218.75,-630.0,-288.75,1,94.236,
01/01/2000,00:55:25.47,10.13,-56.24,-991.49,227.50,-708.75,-437.50,1,94.237,
01/01/2000,00:55:25.48,10.61,-56.12,-991.62,192.50,-682.50,-306.25,1,94.238,
01/01/2000,00:55:25.49,10.74,-56.00,-991.86,288.75,-735.0,-157.50,1,94.239,
01/01/2000,00:55:25.50,10.49,-55.63,-992.35,236.25,-708.75,-131.25,1,94.239,
01/01/2000,00:55:25.51,10.25,-55.27,-993.45,183.75,-577.50,-288.75,1,94.240,
01/01/2000,00:55:25.52,10.25,-55.14,-994.42,166.25,-595.0,-183.75,1,94.241,
01/01/2000,00:55:25.53,11.47,-55.27,-994.54,175.0,-595.0,-271.25,1,94.242,
01/01/2000,00:55:25.54,13.18,-55.51,-994.54,183.75,-761.25,-402.50,1,94.242,
01/01/2000,00:55:25.55,14.88,-55.39,-994.06,-70.0,-708.75,-350.0,1,94.243,
01/01/2000,00:55:25.56,16.10,-55.88,-992.96,131.25,-743.75,-253.75,1,94.244,
01/01/2000,00:55:25.57,17.32,-55.88,-991.37,0.0,-770.0,-288.75,1,94.245,
01/01/2000,00:55:25.58,18.18,-55.75,-991.37,280.0,-682.50,-341.25,1,94.233,
01/01/2000,00:55:25.59,18.67,-55.51,-991.98,192.50,-691.25,-245.0,1,94.234,
01/01/2000,00:55:25.60,19.03,-55.39,-992.59,183.75,-691.25,-148.75,1,94.235,
01/01/2000,00:55:25.61,18.79,-54.90,-992.96,192.50,-525.0,17.50,1,94.235,
01/01/2000,00:55:25.62,19.03,-55.14,-992.84,201.25,-630.0,-280.0,1,94.236,
01/01/2000,00:55:25.63,19.52,-55.14,-992.71,166.25,-647.50,-306.25,1,94.237,
01/01/2000,00:55:25.64,19.89,-55.39,-992.59,210.0,-665.0,-306.25,1,94.238,
01/01/2000,00:55:25.66,20.50,-55.51,-992.10,140.0,-612.50,-297.50,1,94.238,
01/01/2000,00:55:25.67,20.50,-55.63,-991.98,183.75,-691.25,-280.0,1,94.239,
01/01/2000,00:55:25.68,20.62,-55.51,-991.98,166.25,-735.0,-306.25,1,94.240,
01/01/2000,00:55:25.69,20.86,-55.39,-992.35,192.50,-717.50,-297.50,1,94.241,
01/01/2000,00:55:25.70,20.86,-55.14,-992.59,96.25,-630.0,-280.0,1,94.241,
01/01/2000,00:55:25.71,20.74,-55.14,-992.59,262.50,-586.25,8.75,1,94.242,
01/01/2000,00:55:25.72,20.98,-55.39,-992.47,78.75,-542.50,-280.0,1,94.243,
01/01/2000,00:55:25.73,21.23,-55.27,-992.35,253.75,-708.75,-393.75,1,94.244,
01/01/2000,00:55:25.74,21.47,-55.51,-992.35,183.75,-717.50,-245.0,1,94.244,
01/01/2000,00:55:25.75,21.59,-55.75,-992.10,201.25,-761.25,-253.75,1,94.245,
01/01/2000,00:55:25.76,21.47,-55.63,-992.10,140.0,-813.75,-437.50,1,94.246,
01/01/2000,00:55:25.77,21.72,-55.63,-992.35,227.50,-726.25,-323.75,1,94.247,
01/01/2000,00:55:25.78,21.72,-55.39,-992.59,52.50,-743.75,-341.25,1,94.247,
01/01/2000,00:55:25.79,21.72,-55.39,-992.59,157.50,-630.0,-358.75,1,94.236,
01/01/2000,00:55:25.81,21.72,-55.39,-992.35,-26.25,-778.75,-105.0,1,94.237,
01/01/2000,00:55:25.81,21.72,-55.51,-992.10,288.75,-673.75,-323.75,1,94.237,
01/01/2000,00:55:25.83,21.96,-55.75,-992.10,253.75,-708.75,-297.50,1,94.238,
01/01/2000,00:55:25.84,21.96,-55.88,-992.23,148.75,-682.50,-332.50,1,94.239,
01/01/2000,00:55:25.85,21.84,-55.88,-992.10,96.25,-778.75,-262.50,1,94.240,
01/01/2000,00:55:25.86,21.72,-55.63,-992.10,201.25,-743.75,-332.50,1,94.240,
01/01/2000,00:55:25.87,20.50,-55.14,-992.35,35.0,-735.0,0.0,1,94.229,
01/01/2000,00:55:25.88,18.91,-55.63,-992.10,245.0,-612.50,-122.50,1,94.230,
01/01/2000,00:55:25.89,17.81,-55.51,-991.98,428.75,-595.0,-411.25,1,94.231,
01/01/2000,00:55:25.90,16.96,-55.02,-991.86,113.75,-700.0,-52.50,1,94.231,
01/01/2000,00:55:25.91,15.86,-55.63,-991.62,280.0,-787.50,-61.25,1,94.232,
01/01/2000,00:55:25.92,13.42,-55.63,-991.62,157.50,-700.0,140.0,1,94.233,
01/01/2000,00:55:25.94,11.96,-55.75,-991.86,227.50,-787.50,35.0,1,94.233,
01/01/2000,00:55:25.95,10.74,-55.88,-992.59,245.0,-778.75,-568.75,1,94.234,
01/01/2000,00:55:25.96,9.52,-55.27,-993.45,148.75,-586.25,-271.25,1,94.235,
01/01/2000,00:55:25.97,8.91,-55.02,-993.20,78.75,-647.50,-192.50,1,94.236,
01/01/2000,00:55:25.98,8.30,-54.90,-992.59,113.75,-656.25,43.75,1,94.236,
01/01/2000,00:55:25.99,7.44,-54.90,-992.10,52.50,-822.50,17.50,1,94.237,
01/01/2000,00:55:26.00,6.95,-55.39,-992.35,140.0,-726.25,-166.25,1,94.238,
01/01/2000,00:55:26.01,5.86,-56.12,-992.96,210.0,-813.75,122.50,1,94.239,
01/01/2000,00:55:26.02,4.51,-56.12,-993.32,113.75,-726.25,-183.75,1,94.239,
01/01/2000,00:55:26.03,3.78,-56.00,-993.81,35.0,-691.25,-245.0,1,94.240,
01/01/2000,00:55:26.04,3.42,-54.90,-993.32,166.25,-568.75,-367.50,1,94.241,
01/01/2000,00:55:26.05,3.90,-54.66,-992.96,280.0,-621.25,-253.75,1,94.242,
01/01/2000,00:55:26.06,5.12,-54.29,-992.59,218.75,-533.75,-297.50,1,94.242,
01/01/2000,00:55:26.07,6.71,-54.78,-991.62,140.0,-656.25,-61.25,1,94.243,
01/01/2000,00:55:26.08,8.66,-55.39,-990.15,192.50,-735.0,-140.0,1,94.244,
01/01/2000,00:55:26.09,9.39,-56.12,-989.54,262.50,-691.25,-166.25,1,94.245,
01/01/2000,00:55:26.10,10.86,-56.36,-989.91,148.75,-682.50,-498.75,1,94.245,
01/01/2000,00:55:26.11,11.71,-56.24,-991.01,385.0,-708.75,-446.25,1,94.246,
01/01/2000,00:55:26.12,12.57,-55.39,-991.86,218.75,-595.0,-253.75,1,94.247,
01/01/2000,00:55:26.13,12.93,-55.14,-992.35,192.50,-735.0,218.75,1,94.248,
01/01/2000,00:55:26.14,12.44,-54.66,-992.47,52.50,-691.25,253.75,1,94.248,
01/01/2000,00:55:26.15,11.96,-55.39,-992.71,271.25,-691.25,-105.0,1,94.237,
01/01/2000,00:55:26.16,12.44,-55.63,-992.96,236.25,-647.50,-411.25,1,94.238,
01/01/2000,00:55:26.17,12.93,-56.00,-993.32,78.75,-735.0,-402.50,1,94.238,
01/01/2000,00:55:26.19,14.15,-55.88,-993.32,17.50,-735.0,-490.0,1,94.239,
01/01/2000,00:55:26.19,15.37,-56.12,-993.08,192.50,-822.50,-385.0,1,94.240,
01/01/2000,00:55:26.21,16.84,-54.90,-992.71,-8.75,-691.25,-183.75,1,94.241,
01/01/2000,00:55:26.22,18.54,-55.63,-992.84,192.50,-656.25,-192.50,1,94.241,
01/01/2000,00:55:26.23,19.52,-55.39,-993.08,218.75,-682.50,-332.50,1,94.242,
01/01/2000,00:55:26.24,20.13,-55.39,-993.08,70.0,-638.75,-78.75,1,94.243,
01/01/2000,00:55:26.25,20.98,-55.88,-992.59,175.0,-603.75,-411.25,1,94.244,
01/01/2000,00:55:26.26,21.23,-55.75,-992.10,210.0,-743.75,-306.25,1,94.244,
01/01/2000,00:55:26.27,20.98,-55.63,-991.62,131.25,-682.50,-140.0,1,94.245,
01/01/2000,00:55:26.28,20.62,-55.75,-991.37,236.25,-726.25,-113.75,1,94.246,
01/01/2000,00:55:26.29,20.01,-55.14,-991.86,70.0,-726.25,-385.0,1,94.234,
01/01/2000,00:55:26.30,19.76,-55.27,-992.47,297.50,-665.0,-332.50,1,94.235,
01/01/2000,00:55:26.31,19.64,-55.14,-993.32,-35.0,-612.50,-166.25,1,94.236,
01/01/2000,00:55:26.32,19.03,-55.51,-993.81,227.50,-700.0,-96.25,1,94.237,
01/01/2000,00:55:26.33,19.40,-55.63,-993.69,236.25,-542.50,-463.75,1,94.237,
01/01/2000,00:55:26.34,20.01,-55.88,-993.45,402.50,-700.0,-446.25,1,94.238,
01/01/2000,00:55:26.35,20.74,-55.27,-993.08,-43.75,-542.50,-367.50,1,94.239,
01/01/2000,00:55:26.37,22.45,-55.39,-992.47,218.75,-691.25,-315.0,1,94.240,
01/01/2000,00:55:26.38,22.57,-55.88,-991.62,306.25,-735.0,-87.50,1,94.228,
01/01/2000,00:55:26.40,22.33,-55.75,-991.13,-17.50,-726.25,-385.0,1,94.229,
01/01/2000,00:55:26.40,21.84,-56.00,-991.49,166.25,-735.0,-393.75,1,94.230,
01/01/2000,00:55:26.42,21.35,-55.51,-992.10,61.25,-647.50,-358.75,1,94.231,
01/01/2000,00:55:26.43,20.98,-55.63,-992.59,210.0,-682.50,-192.50,1,94.231,
01/01/2000,00:55:26.44,20.50,-55.27,-993.08,-70.0,-673.75,-332.50,1,94.232,
01/01/2000,00:55:26.45,20.98,-55.27,-993.20,236.25,-533.75,-437.50,1,94.233,
01/01/2000,00:55:26.46,22.20,-55.39,-992.96,192.50,-621.25,-612.50,1,94.233,
01/01/2000,00:55:26.47,23.30,-55.39,-992.35,192.50,-647.50,-201.25,1,94.234,
01/01/2000,00:55:26.48,23.91,-55.88,-990.88,201.25,-761.25,-192.50,1,94.235,
01/01/2000,00:55:26.49,23.67,-56.12,-990.52,113.75,-761.25,-288.75,1,94.236,
01/01/2000,00:55:26.50,23.18,-56.36,-990.52,131.25,-726.25,-455.0,1,94.236,
01/01/2000,00:55:26.51,22.57,-55.88,-991.13,183.75,-656.25,-341.25,1,94.237,
01/01/2000,00:55:26.52,21.59,-55.39,-992.35,201.25,-586.25,-358.75,1,94.238,
01/01/2000,00:55:26.53,21.35,-55.39,-993.32,148.75,-656.25,-367.50,1,94.239,
01/01/2000,00:55:26.54,20.74,-55.02,-993.93,210.0,-665.0,-280.0,1,94.239,
01/01/2000,00:55:26.55,20.01,-54.90,-993.93,201.25,-691.25,-183.75,1,94.240,
01/01/2000,00:55:26.56,20.50,-55.63,-993.32,332.50,-700.0,-376.25,1,94.241,
01/01/2000,00:55:26.57,22.08,-55.39,-992.96,358.75,-647.50,-621.25,1,94.230,
01/01/2000,00:55:26.58,22.81,-55.63,-992.23,262.50,-717.50,-271.25,1,94.242,
01/01/2000,00:55:26.59,23.06,-55.88,-991.62,43.75,-700.0,-218.75,1,94.231,
01/01/2000,00:55:26.60,22.45,-55.88,-991.13,210.0,-691.25,-113.75,1,94.232,
01/01/2000,00:55:26.61,22.33,-55.75,-991.37,87.50,-665.0,-595.0,1,94.232,
01/01/2000,00:55:26.62,22.45,-55.51,-992.23,280.0,-682.50,-577.50,1,94.233,
01/01/2000,00:55:26.63,22.45,-55.14,-992.59,315.0,-796.25,-201.25,1,94.234,
01/01/2000,00:55:26.65,22.33,-55.39,-992.71,175.0,-761.25,-288.75,1,94.235,
01/01/2000,00:55:26.66,21.72,-55.39,-992.35,166.25,-691.25,-218.75,1,94.235,
01/01/2000,00:55:26.67,21.23,-55.75,-992.23,113.75,-770.0,-376.25,1,94.236,
01/01/2000,00:55:26.68,21.47,-56.12,-992.23,227.50,-560.0,-630.0,1,94.237,
01/01/2000,00:55:26.69,22.81,-55.63,-992.35,271.25,-700.0,-752.50,1,94.238,
01/01/2000,00:55:26.70,23.67,-55.14,-992.10,-70.0,-770.0,-236.25,1,94.238,
01/01/2000,00:55:26.71,23.55,-55.63,-991.62,105.0,-761.25,35.0,1,94.239,
01/01/2000,00:55:26.72,22.33,-55.75,-991.37,218.75,-726.25,-201.25,1,94.240,
01/01/2000,00:55:26.73,21.47,-56.00,-991.86,157.50,-700.0,-525.0,1,94.241,
01/01/2000,00:55:26.74,21.11,-55.75,-992.84,183.75,-630.0,-542.50,1,94.241,
01/01/2000,00:55:26.75,21.11,-55.39,-993.45,122.50,-682.50,-463.75,1,94.242,
01/01/2000,00:55:26.76,20.98,-55.27,-993.57,157.50,-700.0,-201.25,1,94.243,
01/01/2000,00:55:26.77,20.62,-55.27,-993.20,157.50,-621.25,-183.75,1,94.244,
01/01/2000,00:55:26.78,19.76,-55.75,-992.84,218.75,-612.50,-332.50,1,94.232,
01/01/2000,00:55:26.79,20.62,-56.12,-992.84,323.75,-665.0,-927.50,1,94.233,
01/01/2000,00:55:26.80,23.18,-55.51,-993.08,157.50,-708.75,-901.25,1,94.234,
01/01/2000,00:55:26.81,25.01,-55.27,-992.47,96.25,-673.75,-280.0,1,94.234,
01/01/2000,00:55:26.82,25.86,-55.39,-991.25,245.0,-682.50,166.25,1,94.235,
01/01/2000,00:55:26.83,25.74,-55.39,-990.15,52.50,-743.75,-26.25,1,94.236,
01/01/2000,00:55:26.84,24.03,-56.00,-989.79,157.50,-717.50,-367.50,1,94.237,
01/01/2000,00:55:26.86,22.33,-56.36,-991.13,201.25,-647.50,-455.0,1,94.237,
01/01/2000,00:55:26.87,21.72,-55.88,-992.23,70.0,-595.0,-603.75,1,94.238,
01/01/2000,00:55:26.88,21.23,-55.39,-993.08,122.50,-726.25,-402.50,1,94.239,
01/01/2000,00:55:26.89,20.25,-54.90,-993.08,175.0,-647.50,-87.50,1,94.228,
01/01/2000,00:55:26.90,20.01,-55.27,-992.59,245.0,-577.50,-455.0,1,94.228,
01/01/2000,00:55:26.91,20.86,-55.75,-992.35,288.75,-647.50,-507.50,1,94.229,
01/01/2000,00:55:26.92,22.08,-55.63,-992.10,253.75,-691.25,-726.25,1,94.230,
01/01/2000,00:55:26.93,23.55,-55.88,-991.49,140.0,-708.75,-183.75,1,94.231,
01/01/2000,00:55:26.94,23.91,-55.63,-991.13,183.75,-735.0,-35.0,1,94.231,
01/01/2000,00:55:26.95,22.81,-55.75,-991.13,148.75,-761.25,-87.50,1,94.232,
01/01/2000,00:55:26.96,21.72,-55.88,-991.37,175.0,-717.50,-420.0,1,94.233,
01/01/2000,00:55:26.98,20.98,-55.39,-992.23,192.50,-682.50,-446.25,1,94.233,
01/01/2000,00:55:26.98,21.47,-54.90,-993.32,192.50,-595.0,-507.50,1,94.234,
01/01/2000,00:55:27.00,22.33,-55.14,-993.57,288.75,-577.50,-411.25,1,94.235,
01/01/2000,00:55:27.01,22.94,-55.14,-992.96,113.75,-743.75,-140.0,1,94.236,
01/01/2000,00:55:27.02,22.94,-56.00,-991.49,192.50,-691.25,-376.25,1,94.236,
01/01/2000,00:55:27.03,23.06,-56.61,-991.13,105.0,-647.50,-463.75,1,94.237,
01/01/2000,00:55:27.04,23.30,-56.36,-991.37,157.50,-726.25,-498.75,1,94.238,
01/01/2000,00:55:27.05,23.55,-55.88,-991.74,-26.25,-796.25,-341.25,1,94.239,
01/01/2000,00:55:27.06,23.18,-55.75,-991.86,227.50,-743.75,-306.25,1,94.239,
01/01/2000,00:55:27.07,21.84,-55.39,-992.35,210.0,-743.75,-227.50,1,94.240,
01/01/2000,00:55:27.08,20.74,-55.51,-992.59,262.50,-638.75,-183.75,1,94.241,
01/01/2000,00:55:27.09,20.01,-55.63,-992.84,236.25,-568.75,-455.0,1,94.242,
01/01/2000,00:55:27.10,20.13,-55.63,-993.08,271.25,-630.0,-516.25,1,94.242,
01/01/2000,00:55:27.11,20.98,-55.63,-993.08,192.50,-665.0,-638.75,1,94.243,
01/01/2000,00:55:27.12,22.20,-55.63,-992.71,157.50,-691.25,-376.25,1,94.244,
01/01/2000,00:55:27.13,22.94,-55.39,-992.23,288.75,-726.25,-122.50,1,94.244,
01/01/2000,00:55:27.14,23.30,-55.88,-991.49,175.0,-638.75,-525.0,1,94.233,
01/01/2000,00:55:27.15,23.55,-55.88,-991.62,253.75,-770.0,-437.50,1,94.234,
01/01/2000,00:55:27.16,23.67,-55.39,-991.86,131.25,-752.50,-376.25,1,94.235,
01/01/2000,00:55:27.17,23.67,-55.63,-992.10,140.0,-735.0,-323.75,1,94.235,
01/01/2000,00:55:27.18,23.06,-55.63,-992.10,131.25,-656.25,-323.75,1,94.236,
01/01/2000,00:55:27.19,22.57,-55.51,-992.35,52.50,-752.50,-306.25,1,94.237,
01/01/2000,00:55:27.21,21.47,-55.88,-992.59,52.50,-621.25,-472.50,1,94.238,
01/01/2000,00:55:27.22,20.98,-55.88,-992.59,253.75,-665.0,-472.50,1,94.238,
01/01/2000,00:55:27.23,21.35,-55.51,-992.47,140.0,-656.25,-472.50,1,94.239,
01/01/2000,00:55:27.24,21.59,-55.51,-992.35,280.0,-700.0,-446.25,1,94.240,
01/01/2000,00:55:27.25,21.72,-55.51,-992.10,227.50,-630.0,-315.0,1,94.241,
01/01/2000,00:55:27.26,21.59,-55.63,-991.62,192.50,-542.50,-507.50,1,94.241,
01/01/2000,00:55:27.27,21.96,-56.00,-991.49,245.0,-673.75,-472.50,1,94.242,
01/01/2000,00:55:27.28,22.69,-55.63,-991.86,78.75,-665.0,-577.50,1,94.243,
01/01/2000,00:55:27.29,22.94,-56.12,-992.10,192.50,-700.0,-297.50,1,94.243,
01/01/2000,00:55:27.30,23.06,-55.88,-992.35,253.75,-831.25,-393.75,1,94.244,
01/01/2000,00:55:27.31,22.94,-55.88,-992.47,236.25,-630.0,-236.25,1,94.245,
01/01/2000,00:55:27.32,22.20,-55.63,-992.10,183.75,-638.75,-332.50,1,94.246,
01/01/2000,00:55:27.33,21.59,-55.63,-991.86,288.75,-647.50,-315.0,1,94.246,
01/01/2000,00:55:27.34,21.59,-55.63,-991.86,297.50,-673.75,-455.0,1,94.247,
01/01/2000,00:55:27.35,21.96,-55.39,-991.98,175.0,-735.0,-367.50,1,94.236,
01/01/2000,00:55:27.36,22.08,-55.51,-992.10,192.50,-700.0,-332.50,1,94.237,
01/01/2000,00:55:27.37,22.20,-55.39,-992.10,210.0,-612.50,-341.25,1,94.237,
01/01/2000,00:55:27.38,23.42,-55.51,-992.10,210.0,-717.50,-533.75,1,94.238,
01/01/2000,00:55:27.39,23.67,-55.14,-992.10,192.50,-665.0,-533.75,1,94.239,
01/01/2000,00:55:27.41,23.91,-55.51,-991.86,96.25,-761.25,-183.75,1,94.240,
01/01/2000,00:55:27.42,23.18,-55.75,-992.10,183.75,-717.50,-350.0,1,94.240,
01/01/2000,00:55:27.43,22.33,-55.63,-992.35,210.0,-796.25,-411.25,1,94.241,
01/01/2000,00:55:27.44,21.96,-55.75,-992.59,227.50,-726.25,-411.25,1,94.242,
01/01/2000,00:55:27.45,21.59,-55.63,-992.84,166.25,-630.0,-350.0,1,94.242,
01/01/2000,00:55:27.46,21.72,-55.27,-993.32,227.50,-717.50,-271.25,1,94.243,
01/01/2000,00:55:27.47,21.72,-55.39,-992.96,157.50,-726.25,-271.25,1,94.244,
01/01/2000,00:55:27.48,21.59,-55.63,-992.59,201.25,-612.50,-350.0,1,94.245,
01/01/2000,00:55:27.49,21.72,-56.12,-992.10,175.0,-770.0,-630.0,1,94.233,
01/01/2000,00:55:27.50,22.20,-55.88,-991.98,192.50,-743.75,-673.75,1,94.234,
01/01/2000,00:55:27.51,22.94,-55.27,-992.10,140.0,-665.0,-437.50,1,94.235,
01/01/2000,00:55:27.52,23.55,-55.27,-992.47,157.50,-577.50,-280.0,1,94.236,
01/01/2000,00:55:27.53,23.91,-55.14,-992.59,87.50,-630.0,-358.75,1,94.236,
01/01/2000,00:55:27.54,23.55,-55.63,-992.23,201.25,-752.50,-113.75,1,94.237,
01/01/2000,00:55:27.55,23.42,-55.75,-991.86,113.75,-612.50,-420.0,1,94.238,
01/01/2000,00:55:27.57,23.30,-55.75,-991.98,96.25,-673.75,-411.25,1,94.239,
01/01/2000,00:55:27.58,23.42,-55.75,-992.35,122.50,-717.50,-253.75,1,94.239,
01/01/2000,00:55:27.59,22.81,-55.75,-992.23,201.25,-735.0,-358.75,1,94.240,
01/01/2000,00:55:27.60,21.47,-55.75,-991.74,17.50,-630.0,-166.25,1,94.241,
01/01/2000,00:55:27.61,20.86,-56.12,-991.37,210.0,-656.25,-218.75,1,94.241,
01/01/2000,00:55:27.62,20.98,-56.12,-991.37,218.75,-630.0,-603.75,1,94.242,
01/01/2000,00:55:27.63,22.45,-55.39,-991.86,122.50,-717.50,-560.0,1,94.243,
01/01/2000,00:55:27.64,23.67,-55.39,-991.98,131.25,-656.25,-166.25,1,94.244,
01/01/2000,00:55:27.65,24.16,-55.88,-992.23,218.75,-700.0,-192.50,1,94.244,
01/01/2000,00:55:27.66,23.42,-56.24,-992.10,-52.50,-647.50,-192.50,1,94.245,
01/01/2000,00:55:27.67,22.45,-56.49,-991.98,245.0,-525.0,-367.50,1,94.246,
01/01/2000,00:55:27.68,21.72,-56.24,-991.86,271.25,-717.50,-560.0,1,94.247,
01/01/2000,00:55:27.69,21.11,-55.51,-992.10,148.75,-708.75,-288.75,1,94.247,
01/01/2000,00:55:27.71,20.50,-55.27,-992.10,201.25,-752.50,-157.50,1,94.236,
01/01/2000,00:55:27.72,19.76,-55.63,-991.62,122.50,-682.50,-306.25,1,94.237,
01/01/2000,00:55:27.73,19.76,-56.00,-991.37,288.75,-708.75,-568.75,1,94.238,
01/01/2000,00:55:27.74,21.11,-55.88,-991.62,245.0,-621.25,-831.25,1,94.238,
01/01/2000,00:55:27.75,23.06,-55.88,-991.98,437.50,-682.50,-796.25,1,94.239,
01/01/2000,00:55:27.76,25.13,-55.02,-991.62,35.0,-717.50,-87.50,1,94.240,
01/01/2000,00:55:27.77,26.35,-55.39,-990.64,201.25,-770.0,105.0,1,94.240,
01/01/2000,00:55:27.78,25.13,-56.12,-990.15,192.50,-708.75,-70.0,1,94.241,
01/01/2000,00:55:27.79,23.67,-56.49,-990.64,140.0,-656.25,-525.0,1,94.242,
01/01/2000,00:55:27.80,22.45,-56.61,-991.62,201.25,-603.75,-691.25,1,94.243,
01/01/2000,00:55:27.81,21.47,-56.12,-992.84,140.0,-630.0,-437.50,1,94.243,
01/01/2000,00:55:27.82,20.74,-54.90,-994.54,157.50,-621.25,-420.0,1,94.244,
01/01/2000,00:55:27.83,20.37,-55.14,-994.54,323.75,-700.0,-210.0,1,94.245,
01/01/2000,00:55:27.84,19.76,-55.63,-993.20,122.50,-603.75,-367.50,1,94.234,
01/01/2000,00:55:27.85,20.50,-56.00,-992.23,122.50,-665.0,-603.75,1,94.234,
01/01/2000,00:55:27.86,22.20,-56.36,-992.10,358.75,-647.50,-743.75,1,94.235,
01/01/2000,00:55:27.87,23.79,-55.75,-992.10,166.25,-770.0,-236.25,1,94.236,
01/01/2000,00:55:27.88,25.01,-55.88,-992.47,78.75,-665.0,-148.75,1,94.237,
01/01/2000,00:55:27.89,25.13,-56.12,-992.84,201.25,-726.25,-201.25,1,94.237,
01/01/2000,00:55:27.90,24.40,-56.00,-993.45,297.50,-691.25,-332.50,1,94.238,
01/01/2000,00:55:27.92,22.57,-55.63,-993.08,140.0,-700.0,-315.0,1,94.239,
01/01/2000,00:55:27.93,21.84,-55.27,-992.47,157.50,-761.25,-288.75,1,94.228,
01/01/2000,00:55:27.94,21.23,-55.39,-992.23,192.50,-621.25,-288.75,1,94.228,
01/01/2000,00:55:27.95,21.47,-56.00,-992.23,96.25,-752.50,-463.75,1,94.229,
01/01/2000,00:55:27.96,21.84,-56.24,-992.35,385.0,-586.25,-472.50,1,94.230,
01/01/2000,00:55:27.97,22.81,-56.00,-992.23,236.25,-726.25,-586.25,1,94.231,
01/01/2000,00:55:27.98,24.16,-55.51,-992.10,131.25,-770.0,-332.50,1,94.231,
01/01/2000,00:55:27.99,24.89,-55.63,-991.86,157.50,-971.25,-175.0,1,94.232,
01/01/2000,00:55:28.00,24.77,-55.75,-991.86,61.25,-743.75,-140.0,1,94.233,
01/01/2000,00:55:28.01,24.28,-56.12,-991.98,70.0,-700.0,-332.50,1,94.233,
01/01/2000,00:55:28.02,22.69,-56.24,-992.10,183.75,-770.0,-437.50,1,94.234,
01/01/2000,00:55:28.03,21.47,-56.00,-992.35,35.0,-630.0,-341.25,1,94.235,
01/01/2000,00:55:28.04,20.50,-55.63,-992.35,166.25,-603.75,-288.75,1,94.236,
01/01/2000,00:55:28.06,19.52,-55.14,-991.98,262.50,-717.50,-341.25,1,94.236,
01/01/2000,00:55:28.07,19.28,-55.14,-991.98,175.0,-568.75,-315.0,1,94.237,
01/01/2000,00:55:28.08,20.25,-55.88,-992.10,245.0,-560.0,-437.50,1,94.238,
01/01/2000,00:55:28.09,21.72,-56.00,-992.35,297.50,-805.0,-726.25,1,94.238,
01/01/2000,00:55:28.10,24.28,-55.39,-992.71,26.25,-673.75,-516.25,1,94.239,
01/01/2000,00:55:28.11,25.99,-56.12,-992.59,192.50,-603.75,-87.50,1,94.240,
01/01/2000,00:55:28.12,26.60,-56.12,-992.71,183.75,-770.0,43.75,1,94.241,
01/01/2000,00:55:28.13,25.25,-56.61,-992.47,131.25,-708.75,-183.75,1,94.241,
01/01/2000,00:55:28.14,23.79,-56.49,-992.35,175.0,-805.0,-367.50,1,94.242,
01/01/2000,00:55:28.15,22.08,-56.12,-992.23,70.0,-638.75,-288.75,1,94.243,
01/01/2000,00:55:28.16,20.13,-55.63,-992.10,105.0,-612.50,-341.25,1,94.244,
01/01/2000,00:55:28.17,19.28,-55.39,-991.86,122.50,-603.75,-166.25,1,94.244,
01/01/2000,00:55:28.18,18.91,-55.75,-991.74,350.0,-621.25,-437.50,1,94.245,
01/01/2000,00:55:28.19,19.89,-56.12,-991.74,271.25,-630.0,-542.50,1,94.234,
01/01/2000,00:55:28.20,21.84,-56.12,-991.86,192.50,-595.0,-971.25,1,94.235,
01/01/2000,00:55:28.21,23.91,-55.63,-992.59,131.25,-796.25,-358.75,1,94.235,
01/01/2000,00:55:28.22,25.74,-56.12,-992.59,245.0,-682.50,131.25,1,94.236,
01/01/2000,00:55:28.23,25.86,-56.61,-992.59,183.75,-787.50,78.75,1,94.237,
01/01/2000,00:55:28.24,24.89,-56.73,-992.59,210.0,-910.0,-236.25,1,94.238,
01/01/2000,00:55:28.25,23.30,-56.36,-992.23,17.50,-840.0,-420.0,1,94.238,
01/01/2000,00:55:28.27,21.11,-56.00,-991.62,183.75,-682.50,-411.25,1,94.239,
01/01/2000,00:55:28.28,19.40,-55.27,-991.49,17.50,-717.50,-105.0,1,94.240,
01/01/2000,00:55:28.29,19.03,-55.63,-991.37,288.75,-595.0,-323.75,1,94.240,
01/01/2000,00:55:28.30,19.40,-55.63,-991.49,245.0,-525.0,-586.25,1,94.241,
01/01/2000,00:55:28.31,20.74,-56.00,-991.74,262.50,-656.25,-595.0,1,94.242,
01/01/2000,00:55:28.32,23.06,-56.00,-992.35,332.50,-665.0,-735.0,1,94.243,
01/01/2000,00:55:28.33,26.23,-55.63,-992.84,26.25,-787.50,-245.0,1,94.243,
01/01/2000,00:55:28.34,26.96,-56.24,-992.71,105.0,-813.75,166.25,1,94.244,
01/01/2000,00:55:28.35,26.35,-56.61,-992.59,210.0,-796.25,-122.50,1,94.245,
01/01/2000,00:55:28.36,25.01,-56.36,-992.71,78.75,-673.75,-490.0,1,94.245,
01/01/2000,00:55:28.37,23.79,-56.00,-992.35,218.75,-638.75,-367.50,1,94.246,
01/01/2000,00:55:28.38,23.67,-55.39,-991.62,227.50,-638.75,-560.0,1,94.247,
01/01/2000,00:55:28.39,24.77,-55.27,-991.25,262.50,-726.25,-743.75,1,94.236,
01/01/2000,00:55:28.41,27.57,-55.75,-991.01,52.50,-691.25,-122.50,1,94.237,
01/01/2000,00:55:28.42,29.77,-56.61,-990.88,288.75,-787.50,-455.0,1,94.237,
01/01/2000,00:55:28.43,33.43,-56.61,-991.37,192.50,-743.75,-700.0,1,94.238,
01/01/2000,00:55:28.44,36.36,-56.12,-992.10,122.50,-717.50,-481.25,1,94.239,
01/01/2000,00:55:28.45,36.72,-56.00,-992.59,271.25,-743.75,87.50,1,94.239,
01/01/2000,00:55:28.46,35.99,-56.00,-992.59,52.50,-805.0,297.50,1,94.240,
01/01/2000,00:55:28.47,34.40,-56.61,-992.35,253.75,-743.75,-411.25,1,94.241,
01/01/2000,00:55:28.48,32.21,-56.36,-991.62,245.0,-752.50,-630.0,1,94.230,
01/01/2000,00:55:28.49,31.96,-56.00,-991.13,227.50,-682.50,-630.0,1,94.231,
01/01/2000,00:55:28.50,32.94,-55.51,-990.88,367.50,-603.75,-866.25,1,94.231,
01/01/2000,00:55:28.51,35.38,-55.27,-990.88,271.25,-673.75,-542.50,1,94.232,
01/01/2000,00:55:28.52,40.02,-55.88,-991.62,122.50,-630.0,-437.50,1,94.233,
01/01/2000,00:55:28.53,42.21,-56.85,-992.47,253.75,-708.75,-166.25,1,94.233,
01/01/2000,00:55:28.54,43.68,-57.10,-992.84,61.25,-717.50,-262.50,1,94.234,
01/01/2000,00:55:28.55,42.33,-57.10,-992.96,227.50,-735.0,-236.25,1,94.235,
01/01/2000,00:55:28.56,39.89,-56.61,-992.84,52.50,-770.0,-70.0,1,94.236,
01/01/2000,00:55:28.57,37.33,-56.00,-992.10,8.75,-778.75,-78.75,1,94.236,
01/01/2000,00:55:28.58,34.65,-55.51,-991.25,113.75,-700.0,-323.75,1,94.237,
01/01/2000,00:55:28.59,32.45,-55.63,-990.64,192.50,-630.0,-402.50,1,94.238,
01/01/2000,00:55:28.60,31.96,-56.12,-991.01,236.25,-708.75,-568.75,1,94.238,
01/01/2000,00:55:28.62,33.79,-56.73,-992.10,402.50,-813.75,-717.50,1,94.239,
01/01/2000,00:55:28.63,34.65,-56.61,-992.71,166.25,-735.0,-455.0,1,94.240,
01/01/2000,00:55:28.64,35.01,-56.49,-992.96,288.75,-691.25,-122.50,1,94.241,
01/01/2000,00:55:28.65,34.53,-56.12,-992.96,210.0,-761.25,-87.50,1,94.241,
01/01/2000,00:55:28.66,31.60,-55.88,-992.47,87.50,-831.25,-70.0,1,94.242,
01/01/2000,00:55:28.67,29.40,-56.61,-992.10,210.0,-647.50,-385.0,1,94.243,
01/01/2000,00:55:28.68,28.18,-56.12,-991.98,113.75,-691.25,-787.50,1,94.243,
01/01/2000,00:55:28.69,27.45,-55.88,-992.23,297.50,-638.75,-350.0,1,94.232,
01/01/2000,00:55:28.70,27.33,-55.75,-992.10,122.50,-638.75,-131.25,1,94.233,
01/01/2000,00:55:28.71,26.96,-56.24,-991.98,253.75,-866.25,-218.75,1,94.234,
01/01/2000,00:55:28.72,26.11,-56.61,-991.98,157.50,-665.0,-306.25,1,94.235,
01/01/2000,00:55:28.73,25.38,-56.49,-991.98,218.75,-638.75,-428.75,1,94.235,
01/01/2000,00:55:28.74,24.89,-56.12,-992.10,140.0,-761.25,-507.50,1,94.236,
01/01/2000,00:55:28.75,24.64,-55.63,-992.35,210.0,-665.0,-271.25,1,94.237,
01/01/2000,00:55:28.77,24.52,-55.75,-992.23,78.75,-770.0,-201.25,1,94.237,
01/01/2000,00:55:28.78,24.52,-56.36,-992.23,201.25,-665.0,-402.50,1,94.238,
01/01/2000,00:55:28.79,24.40,-56.61,-992.10,87.50,-700.0,-367.50,1,94.239,
01/01/2000,00:55:28.80,24.16,-56.85,-992.10,367.50,-665.0,-490.0,1,94.240,
01/01/2000,00:55:28.81,23.91,-56.49,-992.23,43.75,-726.25,-455.0,1,94.240,
01/01/2000,00:55:28.82,23.67,-56.24,-992.23,183.75,-647.50,-350.0,1,94.241,
01/01/2000,00:55:28.83,23.18,-55.88,-992.10,218.75,-560.0,-315.0,1,94.242,
01/01/2000,00:55:28.84,23.18,-56.24,-992.10,271.25,-665.0,-280.0,1,94.242,
01/01/2000,00:55:28.85,23.18,-56.36,-992.10,131.25,-770.0,-437.50,1,94.243,
01/01/2000,00:55:28.86,23.18,-56.36,-991.98,210.0,-603.75,-367.50,1,94.244,
01/01/2000,00:55:28.87,23.06,-56.36,-991.86,210.0,-673.75,-201.25,1,94.245,
01/01/2000,00:55:28.88,22.94,-56.36,-992.23,70.0,-700.0,-428.75,1,94.245,
01/01/2000,00:55:28.89,22.94,-56.36,-992.47,96.25,-656.25,-280.0,1,94.246,
01/01/2000,00:55:28.90,22.81,-56.12,-992.47,210.0,-682.50,-288.75,1,94.235,
01/01/2000,00:55:28.91,22.81,-56.36,-992.47,183.75,-621.25,-385.0,1,94.236,
01/01/2000,00:55:28.92,22.94,-56.36,-992.35,157.50,-717.50,-542.50,1,94.236,
01/01/2000,00:55:28.93,22.69,-56.36,-992.47,96.25,-682.50,-376.25,1,94.237,
01/01/2000,00:55:28.95,22.81,-56.36,-992.59,227.50,-673.75,-411.25,1,94.238,
01/01/2000,00:55:28.96,22.69,-56.24,-992.59,183.75,-612.50,-428.75,1,94.239,
01/01/2000,00:55:28.97,22.81,-56.12,-992.59,70.0,-656.25,-271.25,1,94.239,
01/01/2000,00:55:28.98,22.81,-56.00,-992.59,157.50,-761.25,-271.25,1,94.240,
01/01/2000,00:55:28.99,22.69,-56.12,-992.47,131.25,-595.0,-385.0,1,94.241,
01/01/2000,00:55:29.00,22.69,-56.24,-992.35,113.75,-708.75,-280.0,1,94.241,
01/01/2000,00:55:29.01,22.57,-56.36,-992.35,87.50,-691.25,-402.50,1,94.242,
01/01/2000,00:55:29.02,22.69,-56.24,-992.59,262.50,-638.75,-402.50,1,94.243,
01/01/2000,00:55:29.03,22.69,-56.00,-992.71,87.50,-647.50,-341.25,1,94.244,
01/01/2000,00:55:29.04,22.69,-56.00,-992.59,192.50,-665.0,-288.75,1,94.233,
01/01/2000,00:55:29.05,22.69,-56.12,-992.35,17.50,-647.50,-323.75,1,94.233,
01/01/2000,00:55:29.06,22.69,-56.24,-992.23,280.0,-717.50,-463.75,1,94.234,
01/01/2000,00:55:29.07,22.69,-56.24,-992.23,271.25,-770.0,-288.75,1,94.235,
01/01/2000,00:55:29.08,22.57,-56.00,-992.35,131.25,-656.25,-332.50,1,94.236,
01/01/2000,00:55:29.09,22.45,-56.12,-992.35,122.50,-647.50,-341.25,1,94.236,
01/01/2000,00:55:29.10,22.45,-56.24,-992.35,113.75,-630.0,-253.75,1,94.237,
01/01/2000,00:55:29.11,22.45,-56.36,-992.47,131.25,-691.25,-315.0,1,94.238,
01/01/2000,00:55:29.12,22.45,-56.24,-992.23,131.25,-682.50,-385.0,1,94.238,
01/01/2000,00:55:29.13,22.45,-56.36,-992.23,87.50,-708.75,-358.75,1,94.239,
01/01/2000,00:55:29.14,22.45,-56.12,-992.23,131.25,-726.25,-306.25,1,94.240,
01/01/2000,00:55:29.15,22.45,-56.00,-992.35,157.50,-743.75,-315.0,1,94.241,
01/01/2000,00:55:29.16,22.45,-55.88,-992.47,52.50,-752.50,-280.0,1,94.241,
01/01/2000,00:55:29.17,22.45,-56.12,-992.47,262.50,-717.50,-297.50,1,94.242,
01/01/2000,00:55:29.19,22.45,-56.00,-992.35,131.25,-700.0,-350.0,1,94.243,
01/01/2000,00:55:29.20,22.57,-56.24,-992.23,183.75,-752.50,-455.0,1,94.243,
01/01/2000,00:55:29.21,22.57,-56.12,-992.10,192.50,-717.50,-350.0,1,94.244,
01/01/2000,00:55:29.22,22.45,-56.36,-992.23,262.50,-770.0,-358.75,1,94.245,
01/01/2000,00:55:29.23,22.45,-56.12,-992.35,113.75,-665.0,-315.0,1,94.245,
01/01/2000,00:55:29.24,22.33,-56.00,-992.23,166.25,-708.75,-341.25,1,94.246,
01/01/2000,00:55:29.25,22.33,-56.00,-992.35,70.0,-673.75,-385.0,1,94.235,
01/01/2000,00:55:29.26,22.33,-56.00,-992.35,183.75,-665.0,-280.0,1,94.236,
01/01/2000,00:55:29.27,22.33,-56.24,-992.23,245.0,-586.25,-481.25,1,94.237,
01/01/2000,00:55:29.28,22.45,-56.24,-992.10,218.75,-770.0,-367.50,1,94.237,
01/01/2000,00:55:29.29,22.45,-56.00,-992.23,96.25,-813.75,-323.75,1,94.238,
01/01/2000,00:55:29.30,22.45,-56.12,-992.35,218.75,-603.75,-420.0,1,94.239,
01/01/2000,00:55:29.31,22.45,-55.88,-992.47,87.50,-682.50,-323.75,1,94.240,
01/01/2000,00:55:29.33,22.45,-56.00,-992.35,192.50,-630.0,-280.0,1,94.240,
01/01/2000,00:55:29.34,22.57,-56.12,-992.47,175.0,-656.25,-411.25,1,94.241,
01/01/2000,00:55:29.35,22.69,-56.12,-992.47,113.75,-621.25,-315.0,1,94.242,
01/01/2000,00:55:29.36,22.69,-56.24,-992.47,227.50,-726.25,-297.50,1,94.242,
01/01/2000,00:55:29.37,22.57,-56.12,-992.35,192.50,-778.75,-402.50,1,94.243,
01/01/2000,00:55:29.38,22.45,-56.12,-992.35,236.25,-787.50,-332.50,1,94.244,
01/01/2000,00:55:29.39,22.69,-56.36,-992.35,96.25,-700.0,-358.75,1,94.245,
01/01/2000,00:55:29.40,22.69,-56.36,-992.47,288.75,-612.50,-297.50,1,94.245,
01/01/2000,00:55:29.41,22.69,-56.49,-992.47,140.0,-577.50,-271.25,1,94.246,
01/01/2000,00:55:29.42,22.57,-56.36,-992.47,96.25,-691.25,-332.50,1,94.247,
01/01/2000,00:55:29.43,22.45,-56.36,-992.35,140.0,-630.0,-402.50,1,94.247,
01/01/2000,00:55:29.44,22.45,-56.36,-992.35,280.0,-752.50,-420.0,1,94.248,
01/01/2000,00:55:29.45,22.45,-56.12,-992.35,105.0,-682.50,-280.0,1,94.237,
01/01/2000,00:55:29.47,22.57,-56.24,-992.35,236.25,-586.25,-393.75,1,94.238,
01/01/2000,00:55:29.48,22.45,-56.36,-992.35,245.0,-630.0,-358.75,1,94.239,
01/01/2000,00:55:29.49,22.45,-56.36,-992.47,271.25,-752.50,-315.0,1,94.239,
01/01/2000,00:55:29.50,22.45,-56.24,-992.59,113.75,-796.25,-332.50,1,94.240,
01/01/2000,00:55:29.51,22.45,-56.36,-992.71,192.50,-700.0,-393.75,1,94.241,
01/01/2000,00:55:29.52,22.45,-56.36,-992.59,175.0,-761.25,-358.75,1,94.241,
01/01/2000,00:55:29.53,22.57,-56.36,-992.47,245.0,-778.75,-332.50,1,94.242,
01/01/2000,00:55:29.54,22.45,-56.36,-992.47,140.0,-743.75,-332.50,1,94.243,
01/01/2000,00:55:29.55,22.33,-56.36,-992.47,201.25,-682.50,-306.25,1,94.244,
01/01/2000,00:55:29.56,22.20,-56.24,-992.47,201.25,-603.75,-341.25,1,94.244,
01/01/2000,00:55:29.57,22.33,-56.24,-992.35,157.50,-743.75,-323.75,1,94.245,
01/01/2000,00:55:29.58,22.45,-56.24,-992.35,236.25,-813.75,-350.0,1,94.246,
01/01/2000,00:55:29.59,22.45,-56.24,-992.47,113.75,-691.25,-393.75,1,94.246,
01/01/2000,00:55:29.60,22.45,-56.24,-992.35,96.25,-778.75,-341.25,1,94.247,
01/01/2000,00:55:29.61,22.45,-56.12,-992.47,166.25,-621.25,-288.75,1,94.236,
01/01/2000,00:55:29.62,22.45,-56.24,-992.35,131.25,-691.25,-350.0,1,94.237,
01/01/2000,00:55:29.63,22.45,-56.12,-992.47,210.0,-743.75,-271.25,1,94.238,
01/01/2000,00:55:29.64,22.33,-56.00,-992.47,35.0,-673.75,-437.50,1,94.238,
01/01/2000,00:55:29.65,22.45,-56.00,-992.47,175.0,-647.50,-262.50,1,94.239,
01/01/2000,00:55:29.66,22.45,-56.00,-992.47,113.75,-770.0,-332.50,1,94.240,
01/01/2000,00:55:29.68,22.45,-56.00,-992.47,166.25,-665.0,-297.50,1,94.240,
01/01/2000,00:55:29.69,22.45,-56.00,-992.35,0.0,-603.75,-288.75,1,94.241,
01/01/2000,00:55:29.70,22.33,-56.00,-992.35,245.0,-630.0,-315.0,1,94.242,
01/01/2000,00:55:29.71,22.33,-56.00,-992.47,70.0,-656.25,-288.75,1,94.243,
01/01/2000,00:55:29.72,22.33,-56.00,-992.47,140.0,-542.50,-341.25,1,94.243,
01/01/2000,00:55:29.73,22.33,-56.36,-992.47,280.0,-743.75,-315.0,1,94.244,
01/01/2000,00:55:29.74,22.45,-56.24,-992.47,70.0,-726.25,-411.25,1,94.245,
01/01/2000,00:55:29.75,22.69,-56.12,-992.35,113.75,-542.50,-271.25,1,94.245,
01/01/2000,00:55:29.76,22.69,-56.00,-992.47,166.25,-735.0,-315.0,1,94.246,
01/01/2000,00:55:29.77,22.57,-55.75,-992.47,96.25,-665.0,-253.75,1,94.247,
01/01/2000,00:55:29.78,22.69,-55.88,-992.35,210.0,-603.75,-367.50,1,94.248,
01/01/2000,00:55:29.79,22.69,-56.12,-992.35,87.50,-796.25,-385.0,1,94.248,
01/01/2000,00:55:29.80,22.81,-55.88,-992.23,52.50,-621.25,-332.50,1,94.249,
01/01/2000,00:55:29.81,22.81,-55.88,-992.10,157.50,-647.50,-376.25,1,94.250,
01/01/2000,00:55:29.83,22.81,-55.88,-992.10,122.50,-700.0,-306.25,1,94.239,
01/01/2000,00:55:29.83,22.69,-55.88,-992.23,271.25,-761.25,-271.25,1,94.239,
01/01/2000,00:55:29.85,22.69,-56.00,-992.47,183.75,-726.25,-341.25,1,94.240,
01/01/2000,00:55:29.86,22.69,-56.00,-992.35,157.50,-673.75,-393.75,1,94.241,
01/01/2000,00:55:29.87,22.69,-56.00,-992.35,131.25,-743.75,-288.75,1,94.242,
01/01/2000,00:55:29.88,22.81,-55.75,-992.35,236.25,-813.75,-341.25,1,94.242,
01/01/2000,00:55:29.89,22.94,-55.88,-992.47,236.25,-691.25,-367.50,1,94.243,
01/01/2000,00:55:29.90,22.69,-55.88,-992.59,148.75,-700.0,-315.0,1,94.244,
01/01/2000,00:55:29.91,22.69,-55.63,-992.71,131.25,-743.75,-315.0,1,94.244,
01/01/2000,00:55:29.92,22.81,-55.88,-992.71,26.25,-708.75,-306.25,1,94.245,
01/01/2000,00:55:29.93,22.81,-56.12,-992.71,183.75,-682.50,-288.75,1,94.246,
01/01/2000,00:55:29.94,22.69,-56.24,-992.59,43.75,-813.75,-393.75,1,94.247,
01/01/2000,00:55:29.95,22.69,-56.36,-992.59,87.50,-761.25,-367.50,1,94.247,
01/01/2000,00:55:29.97,22.69,-56.24,-992.47,166.25,-708.75,-393.75,1,94.236,
01/01/2000,00:55:29.98,22.81,-56.12,-992.59,78.75,-682.50,-306.25,1,94.237,
01/01/2000,00:55:29.99,22.81,-56.24,-992.35,210.0,-691.25,-280.0,1,94.238,
01/01/2000,00:55:30.00,22.81,-56.12,-992.35,148.75,-700.0,-402.50,1,94.239,
01/01/2000,00:55:30.01,22.81,-56.36,-992.47,140.0,-656.25,-376.25,1,94.239,
01/01/2000,00:55:30.02,22.69,-56.12,-992.35,61.25,-656.25,-446.25,1,94.240,
01/01/2000,00:55:30.03,22.69,-56.24,-992.35,78.75,-691.25,-323.75,1,94.229,
01/01/2000,00:55:30.04,22.57,-56.24,-992.35,210.0,-735.0,-218.75,1,94.230,
01/01/2000,00:55:30.05,22.57,-56.24,-992.35,183.75,-770.0,-332.50,1,94.231,
01/01/2000,00:55:30.06,22.45,-56.12,-992.35,253.75,-647.50,-437.50,1,94.231,
01/01/2000,00:55:30.07,22.45,-56.12,-992.35,175.0,-778.75,-332.50,1,94.232,
01/01/2000,00:55:30.08,22.45,-56.00,-992.47,43.75,-682.50,-271.25,1,94.233,
01/01/2000,00:55:30.09,22.33,-56.12,-992.59,192.50,-665.0,-306.25,1,94.233,
01/01/2000,00:55:30.10,22.20,-56.12,-992.71,218.75,-665.0,-262.50,1,94.234,
01/01/2000,00:55:30.12,22.33,-56.00,-992.59,105.0,-743.75,-323.75,1,94.235,
01/01/2000,00:55:30.12,22.20,-56.12,-992.59,271.25,-647.50,-367.50,1,94.235,
01/01/2000,00:55:30.14,22.20,-56.24,-992.59,140.0,-691.25,-332.50,1,94.236,
01/01/2000,00:55:30.15,22.20,-56.12,-992.47,148.75,-735.0,-376.25,1,94.237,
01/01/2000,00:55:30.16,22.20,-56.24,-992.59,148.75,-708.75,-288.75,1,94.238,
01/01/2000,00:55:30.17,22.20,-56.24,-992.59,122.50,-831.25,-358.75,1,94.238,
01/01/2000,00:55:30.18,22.33,-56.36,-992.47,122.50,-595.0,-306.25,1,94.239,
01/01/2000,00:55:30.19,22.33,-56.12,-992.59,122.50,-735.0,-341.25,1,94.240,
01/01/2000,00:55:30.20,22.45,-56.24,-992.59,192.50,-682.50,-367.50,1,94.240,
01/01/2000,00:55:30.21,22.45,-56.36,-992.59,140.0,-673.75,-341.25,1,94.241,
01/01/2000,00:55:30.22,22.45,-56.12,-992.71,122.50,-682.50,-323.75,1,94.242,
01/01/2000,00:55:30.23,22.33,-56.24,-992.71,201.25,-743.75,-411.25,1,94.243,
01/01/2000,00:55:30.24,22.20,-55.88,-992.71,157.50,-708.75,-367.50,1,94.243,
01/01/2000,00:55:30.25,22.33,-56.24,-992.84,52.50,-700.0,-437.50,1,94.244,
01/01/2000,00:55:30.26,22.45,-56.24,-992.71,96.25,-621.25,-315.0,1,94.245,
01/01/2000,00:55:30.27,22.57,-56.36,-992.71,87.50,-787.50,-376.25,1,94.245,
01/01/2000,00:55:30.28,22.57,-56.12,-992.59,210.0,-787.50,-332.50,1,94.246,
01/01/2000,00:55:30.29,22.45,-56.12,-992.59,131.25,-787.50,-253.75,1,94.247,
01/01/2000,00:55:30.30,22.33,-56.36,-992.71,166.25,-770.0,-358.75,1,94.247,
01/01/2000,00:55:30.31,22.45,-56.24,-992.84,218.75,-700.0,-323.75,1,94.237,
01/01/2000,00:55:30.33,22.45,-56.36,-992.84,218.75,-717.50,-253.75,1,94.237,
01/01/2000,00:55:30.33,22.45,-56.61,-992.59,253.75,-717.50,-192.50,1,94.238,
01/01/2000,00:55:30.35,22.20,-56.36,-992.59,113.75,-726.25,-288.75,1,94.239,
01/01/2000,00:55:30.35,22.33,-56.49,-992.71,131.25,-586.25,-280.0,1,94.239,
01/01/2000,00:55:30.37,22.45,-56.36,-992.84,183.75,-700.0,-367.50,1,94.240,
01/01/2000,00:55:30.38,22.45,-56.36,-992.84,192.50,-682.50,-245.0,1,94.241,
01/01/2000,00:55:30.39,22.45,-56.24,-992.71,105.0,-656.25,-332.50,1,94.242,
01/01/2000,00:55:30.40,22.45,-56.24,-992.59,140.0,-761.25,-358.75,1,94.242,
01/01/2000,00:55:30.41,22.57,-56.36,-992.47,131.25,-630.0,-437.50,1,94.243,
01/01/2000,00:55:30.42,22.45,-56.49,-992.59,332.50,-761.25,-288.75,1,94.244,
01/01/2000,00:55:30.43,22.45,-56.61,-992.59,175.0,-805.0,-402.50,1,94.244,
01/01/2000,00:55:30.44,22.45,-56.36,-992.59,148.75,-656.25,-332.50,1,94.245,
01/01/2000,00:55:30.45,22.45,-56.49,-992.59,218.75,-682.50,-210.0,1,94.234,
01/01/2000,00:55:30.46,22.45,-56.24,-992.59,70.0,-656.25,-306.25,1,94.235,
01/01/2000,00:55:30.48,22.45,-56.36,-992.47,140.0,-665.0,-280.0,1,94.236,
01/01/2000,00:55:30.49,22.45,-56.36,-992.59,8.75,-700.0,-402.50,1,94.236,
01/01/2000,00:55:30.50,22.45,-56.61,-992.71,201.25,-603.75,-315.0,1,94.237,
01/01/2000,00:55:30.51,22.45,-56.12,-992.71,166.25,-656.25,-262.50,1,94.238,
01/01/2000,00:55:30.52,22.45,-56.36,-992.59,315.0,-813.75,-288.75,1,94.238,
01/01/2000,00:55:30.53,22.57,-56.36,-992.84,122.50,-708.75,-271.25,1,94.239,
01/01/2000,00:55:30.54,22.57,-56.36,-992.71,35.0,-673.75,-262.50,1,94.240,
01/01/2000,00:55:30.55,22.45,-56.36,-992.59,61.25,-796.25,-315.0,1,94.241,
01/01/2000,00:55:30.56,22.33,-56.36,-992.71,218.75,-638.75,-376.25,1,94.241,
01/01/2000,00:55:30.57,22.45,-56.49,-992.71,140.0,-673.75,-376.25,1,94.242,
01/01/2000,00:55:30.58,22.33,-56.36,-992.71,148.75,-813.75,-411.25,1,94.243,
01/01/2000,00:55:30.59,22.20,-56.36,-992.71,210.0,-691.25,-297.50,1,94.243,
01/01/2000,00:55:30.60,22.33,-56.49,-992.71,253.75,-691.25,-411.25,1,94.244,
01/01/2000,00:55:30.61,22.33,-56.36,-992.71,87.50,-770.0,-350.0,1,94.245,
01/01/2000,00:55:30.62,22.33,-56.49,-992.71,288.75,-735.0,-411.25,1,94.245,
01/01/2000,00:55:30.63,22.33,-56.36,-992.71,253.75,-735.0,-420.0,1,94.246,
01/01/2000,00:55:30.64,22.45,-56.12,-992.71,192.50,-700.0,-323.75,1,94.247,
01/01/2000,00:55:30.65,22.45,-56.24,-992.59,201.25,-717.50,-306.25,1,94.248,
01/01/2000,00:55:30.67,22.45,-56.24,-992.71,105.0,-656.25,-297.50,1,94.237,
01/01/2000,00:55:30.68,22.57,-56.36,-992.59,253.75,-726.25,-420.0,1,94.238,
01/01/2000,00:55:30.69,22.69,-56.12,-992.84,183.75,-752.50,-332.50,1,94.238,
01/01/2000,00:55:30.70,22.69,-56.12,-992.96,236.25,-708.75,-280.0,1,94.239,
01/01/2000,00:55:30.71,22.69,-56.24,-992.96,253.75,-665.0,-385.0,1,94.240,
01/01/2000,00:55:30.72,22.45,-56.24,-992.96,140.0,-665.0,-341.25,1,94.240,
01/01/2000,00:55:30.73,22.45,-56.24,-992.84,297.50,-761.25,-411.25,1,94.241,
01/01/2000,00:55:30.74,22.45,-56.24,-992.84,52.50,-726.25,-288.75,1,94.242,
01/01/2000,00:55:30.75,22.45,-56.36,-992.71,183.75,-787.50,-411.25,1,94.242,
01/01/2000,00:55:30.76,22.57,-56.36,-992.59,166.25,-647.50,-341.25,1,94.243,
01/01/2000,00:55:30.77,22.45,-56.24,-992.84,87.50,-778.75,-262.50,1,94.244,
01/01/2000,00:55:30.78,22.45,-56.24,-992.84,105.0,-630.0,-393.75,1,94.245,
01/01/2000,00:55:30.79,22.45,-56.00,-992.71,43.75,-717.50,-420.0,1,94.245,
01/01/2000,00:55:30.80,22.69,-56.12,-992.59,227.50,-586.25,-332.50,1,94.246,
01/01/2000,00:55:30.81,22.69,-56.24,-992.59,306.25,-560.0,-288.75,1,94.235,
01/01/2000,00:55:30.82,22.57,-56.12,-992.71,122.50,-656.25,-507.50,1,94.236,
01/01/2000,00:55:30.83,22.69,-56.12,-992.84,140.0,-848.75,-271.25,1,94.237,
01/01/2000,00:55:30.84,22.69,-56.24,-992.84,166.25,-656.25,-341.25,1,94.237,
01/01/2000,00:55:30.85,22.69,-56.12,-992.71,122.50,-708.75,-271.25,1,94.238,
01/01/2000,00:55:30.86,22.69,-56.12,-992.59,288.75,-656.25,-297.50,1,94.239,
01/01/2000,00:55:30.88,22.69,-56.36,-992.71,113.75,-673.75,-306.25,1,94.239,
01/01/2000,00:55:30.89,22.69,-56.24,-992.84,131.25,-673.75,-376.25,1,94.240,
01/01/2000,00:55:30.90,22.69,-56.12,-992.84,-17.50,-700.0,-367.50,1,94.241,
01/01/2000,00:55:30.91,22.57,-56.12,-992.84,87.50,-717.50,-358.75,1,94.241,
01/01/2000,00:55:30.92,22.57,-56.12,-992.84,236.25,-743.75,-367.50,1,94.242,
01/01/2000,00:55:30.93,22.57,-56.24,-992.84,288.75,-708.75,-437.50,1,94.243,
01/01/2000,00:55:30.94,22.69,-56.24,-992.84,122.50,-700.0,-376.25,1,94.244,
01/01/2000,00:55:30.95,22.81,-56.24,-992.84,131.25,-770.0,-297.50,1,94.244,
01/01/2000,00:55:30.96,22.81,-56.36,-992.96,210.0,-752.50,-420.0,1,94.245,
01/01/2000,00:55:30.97,22.69,-56.12,-992.96,166.25,-691.25,-262.50,1,94.246,
01/01/2000,00:55:30.99,22.57,-56.24,-992.84,52.50,-770.0,-271.25,1,94.235,
01/01/2000,00:55:31.00,22.57,-56.24,-992.71,8.75,-682.50,-297.50,1,94.236,
01/01/2000,00:55:31.01,22.57,-56.61,-992.84,175.0,-647.50,-411.25,1,94.236,
01/01/2000,00:55:31.02,22.45,-56.36,-992.71,192.50,-752.50,-262.50,1,94.237,
01/01/2000,00:55:31.03,22.57,-56.36,-992.59,70.0,-551.25,-402.50,1,94.238,
01/01/2000,00:55:31.04,22.57,-56.36,-992.47,192.50,-665.0,-306.25,1,94.238,
01/01/2000,00:55:31.05,22.45,-56.12,-992.35,183.75,-656.25,-385.0,1,94.239,
01/01/2000,00:55:31.06,22.45,-56.24,-992.59,175.0,-673.75,-385.0,1,94.240,
01/01/2000,00:55:31.07,22.57,-56.24,-992.59,113.75,-708.75,-393.75,1,94.241,
01/01/2000,00:55:31.08,22.45,-56.36,-992.59,43.75,-717.50,-253.75,1,94.241,
01/01/2000,00:55:31.09,22.45,-56.36,-992.71,131.25,-796.25,-332.50,1,94.242,
01/01/2000,00:55:31.10,22.45,-56.36,-992.71,210.0,-682.50,-350.0,1,94.243,
01/01/2000,00:55:31.11,22.33,-56.36,-992.84,78.75,-647.50,-393.75,1,94.243,
01/01/2000,00:55:31.12,22.45,-56.24,-992.84,175.0,-752.50,-323.75,1,94.244,
01/01/2000,00:55:31.13,22.33,-56.49,-992.96,192.50,-700.0,-218.75,1,94.245,
01/01/2000,00:55:31.14,22.57,-56.49,-992.96,175.0,-787.50,-385.0,1,94.245,
01/01/2000,00:55:31.15,22.69,-56.36,-992.96,148.75,-796.25,-341.25,1,94.246,
01/01/2000,00:55:31.16,22.45,-56.36,-992.84,105.0,-743.75,-367.50,1,94.235,
01/01/2000,00:55:31.17,22.57,-56.36,-992.84,131.25,-726.25,-288.75,1,94.236,
01/01/2000,00:55:31.18,22.57,-56.24,-992.96,35.0,-708.75,-280.0,1,94.237,
01/01/2000,00:55:31.19,22.45,-56.24,-993.08,183.75,-612.50,-306.25,1,94.237,
01/01/2000,00:55:31.20,22.69,-56.49,-993.08,105.0,-717.50,-210.0,1,94.238,
01/01/2000,00:55:31.21,22.57,-56.49,-993.20,166.25,-726.25,-297.50,1,94.239,
01/01/2000,00:55:31.23,22.45,-56.36,-993.32,96.25,-673.75,-262.50,1,94.240,
01/01/2000,00:55:31.24,22.45,-56.36,-993.20,210.0,-770.0,-341.25,1,94.240,
01/01/2000,00:55:31.25,22.45,-56.36,-993.20,157.50,-726.25,-236.25,1,94.241,
01/01/2000,00:55:31.26,22.45,-56.36,-993.32,262.50,-682.50,-376.25,1,94.242,
01/01/2000,00:55:31.27,22.45,-56.61,-993.32,175.0,-743.75,-367.50,1,94.242,
01/01/2000,00:55:31.28,22.45,-56.61,-993.20,280.0,-682.50,-402.50,1,94.243,
01/01/2000,00:55:31.29,22.33,-56.36,-992.96,-43.75,-752.50,-341.25,1,94.244,
01/01/2000,00:55:31.30,22.69,-56.36,-993.08,148.75,-717.50,-472.50,1,94.233,
01/01/2000,00:55:31.31,22.69,-56.36,-993.32,70.0,-708.75,-297.50,1,94.234,
01/01/2000,00:55:31.32,22.45,-56.36,-993.32,201.25,-735.0,-306.25,1,94.234,
01/01/2000,00:55:31.33,22.33,-56.49,-993.20,210.0,-726.25,-350.0,1,94.235,
01/01/2000,00:55:31.34,22.45,-56.49,-992.96,43.75,-691.25,-411.25,1,94.236,
01/01/2000,00:55:31.35,22.57,-56.24,-992.84,17.50,-656.25,-262.50,1,94.237,
01/01/2000,00:55:31.36,22.45,-56.36,-992.96,323.75,-638.75,-358.75,1,94.237,
01/01/2000,00:55:31.38,22.33,-56.36,-992.96,183.75,-595.0,-341.25,1,94.238,
01/01/2000,00:55:31.39,22.20,-56.36,-993.08,35.0,-691.25,-367.50,1,94.239,
01/01/2000,00:55:31.40,22.20,-56.49,-993.08,52.50,-595.0,-341.25,1,94.239,
01/01/2000,00:55:31.41,22.45,-56.61,-993.08,166.25,-656.25,-358.75,1,94.240,
01/01/2000,00:55:31.42,22.57,-56.61,-992.96,52.50,-586.25,-323.75,1,94.241,
01/01/2000,00:55:31.43,22.45,-56.61,-993.08,-8.75,-726.25,-385.0,1,94.241,
01/01/2000,00:55:31.44,22.45,-56.49,-993.08,87.50,-638.75,-262.50,1,94.242,
01/01/2000,00:55:31.45,22.45,-56.36,-993.20,166.25,-735.0,-420.0,1,94.243,
01/01/2000,00:55:31.46,22.45,-56.12,-993.08,148.75,-717.50,-315.0,1,94.243,
01/01/2000,00:55:31.47,22.57,-56.36,-992.96,288.75,-717.50,-306.25,1,94.244,
01/01/2000,00:55:31.48,22.45,-56.36,-992.84,52.50,-691.25,-367.50,1,94.245,
01/01/2000,00:55:31.50,22.45,-56.12,-992.84,148.75,-875.0,-306.25,1,94.234,
01/01/2000,00:55:31.51,22.45,-56.00,-992.84,157.50,-770.0,-323.75,1,94.235,
01/01/2000,00:55:31.52,22.57,-56.00,-992.96,131.25,-656.25,-271.25,1,94.236,
01/01/2000,00:55:31.53,22.57,-56.12,-992.96,236.25,-752.50,-402.50,1,94.236,
01/01/2000,00:55:31.54,22.45,-56.00,-992.96,26.25,-638.75,-245.0,1,94.237,
01/01/2000,00:55:31.55,22.45,-56.12,-992.84,157.50,-726.25,-393.75,1,94.238,
01/01/2000,00:55:31.56,22.45,-56.12,-992.84,105.0,-813.75,-271.25,1,94.238,
01/01/2000,00:55:31.57,22.45,-56.24,-992.84,122.50,-621.25,-332.50,1,94.239,
01/01/2000,00:55:31.58,22.45,-56.12,-992.96,8.75,-726.25,-402.50,1,94.240,
01/01/2000,00:55:31.59,22.57,-56.24,-992.84,17.50,-735.0,-297.50,1,94.240,
01/01/2000,00:55:31.60,22.57,-56.00,-992.84,288.75,-673.75,-367.50,1,94.241,
01/01/2000,00:55:31.61,22.57,-56.12,-992.84,113.75,-708.75,-262.50,1,94.242,
01/01/2000,00:55:31.62,22.57,-56.12,-992.84,218.75,-726.25,-437.50,1,94.243,
01/01/2000,00:55:31.63,22.69,-56.24,-992.84,105.0,-805.0,-262.50,1,94.243,
01/01/2000,00:55:31.64,22.69,-56.24,-992.71,288.75,-743.75,-350.0,1,94.244,
01/01/2000,00:55:31.65,22.69,-56.36,-992.71,192.50,-630.0,-463.75,1,94.233,
01/01/2000,00:55:31.66,22.45,-56.12,-992.96,96.25,-717.50,-315.0,1,94.234,
01/01/2000,00:55:31.67,22.57,-56.12,-992.96,183.75,-656.25,-262.50,1,94.235,
01/01/2000,00:55:31.68,22.57,-56.12,-993.08,140.0,-735.0,-306.25,1,94.235,
01/01/2000,00:55:31.69,22.45,-56.24,-992.71,192.50,-638.75,-402.50,1,94.236,
01/01/2000,00:55:31.70,22.45,-56.12,-992.59,70.0,-717.50,-315.0,1,94.237,
01/01/2000,00:55:31.71,22.45,-56.24,-992.59,157.50,-726.25,-280.0,1,94.237,
01/01/2000,00:55:31.73,22.45,-56.12,-992.71,61.25,-700.0,-297.50,1,94.238,
01/01/2000,00:55:31.74,22.57,-56.12,-992.59,166.25,-708.75,-350.0,1,94.239,
01/01/2000,00:55:31.75,22.69,-56.24,-992.59,122.50,-717.50,-245.0,1,94.240,
01/01/2000,00:55:31.76,22.69,-56.36,-992.59,140.0,-595.0,-420.0,1,94.240,
01/01/2000,00:55:31.77,22.57,-56.36,-992.59,148.75,-656.25,-253.75,1,94.241,
01/01/2000,00:55:31.78,22.69,-56.24,-992.47,183.75,-656.25,-236.25,1,94.242,
01/01/2000,00:55:31.79,22.69,-56.24,-992.59,323.75,-726.25,-367.50,1,94.242,
01/01/2000,00:55:31.80,22.81,-56.36,-992.59,236.25,-682.50,-393.75,1,94.243,
01/01/2000,00:55:31.81,22.69,-56.12,-992.71,218.75,-647.50,-358.75,1,94.244,
01/01/2000,00:55:31.82,22.57,-56.36,-992.59,192.50,-577.50,-262.50,1,94.244,
01/01/2000,00:55:31.83,22.45,-56.24,-992.47,210.0,-673.75,-323.75,1,94.245,
01/01/2000,00:55:31.84,22.33,-56.36,-992.35,192.50,-700.0,-332.50,1,94.246,
01/01/2000,00:55:31.85,22.33,-56.36,-992.47,113.75,-708.75,-393.75,1,94.246,
01/01/2000,00:55:31.86,22.33,-56.24,-992.47,271.25,-726.25,-332.50,1,94.236,
01/01/2000,00:55:31.87,22.33,-56.36,-992.47,210.0,-542.50,-306.25,1,94.237,
01/01/2000,00:55:31.88,22.33,-56.36,-992.35,0.0,-682.50,-341.25,1,94.237,
01/01/2000,00:55:31.90,22.45,-56.49,-992.35,96.25,-761.25,-253.75,1,94.238,
01/01/2000,00:55:31.91,22.45,-56.61,-992.59,236.25,-682.50,-402.50,1,94.239,
01/01/2000,00:55:31.92,22.45,-56.49,-992.71,218.75,-612.50,-236.25,1,94.239,
01/01/2000,00:55:31.93,22.45,-56.49,-992.84,218.75,-682.50,-428.75,1,94.240,
01/01/2000,00:55:31.94,22.33,-56.24,-992.59,157.50,-717.50,-376.25,1,94.241,
01/01/2000,00:55:31.95,22.45,-56.36,-992.59,218.75,-726.25,-507.50,1,94.241,
01/01/2000,00:55:31.96,22.57,-56.36,-992.59,96.25,-752.50,-271.25,1,94.242,
01/01/2000,00:55:31.97,22.45,-56.36,-992.47,140.0,-743.75,-463.75,1,94.243,
01/01/2000,00:55:31.98,22.33,-56.61,-992.59,192.50,-770.0,-315.0,1,94.243,
01/01/2000,00:55:31.99,22.20,-56.36,-992.71,218.75,-665.0,-402.50,1,94.244,
01/01/2000,00:55:32.01,22.45,-56.36,-992.71,96.25,-708.75,-402.50,1,94.234,
01/01/2000,00:55:32.02,22.57,-56.12,-992.59,122.50,-752.50,-271.25,1,94.234,
01/01/2000,00:55:32.03,22.45,-56.36,-992.35,113.75,-551.25,-463.75,1,94.235,
01/01/2000,00:55:32.04,22.33,-56.36,-992.23,148.75,-682.50,-385.0,1,94.236,
01/01/2000,00:55:32.05,22.33,-56.24,-992.35,96.25,-813.75,-332.50,1,94.236,
01/01/2000,00:55:32.06,22.45,-56.00,-992.47,262.50,-708.75,-315.0,1,94.237,
01/01/2000,00:55:32.07,22.57,-56.12,-992.59,113.75,-752.50,-288.75,1,94.238,
01/01/2000,00:55:32.08,22.57,-56.36,-992.59,236.25,-708.75,-297.50,1,94.238,
01/01/2000,00:55:32.09,22.45,-56.61,-992.47,113.75,-665.0,-280.0,1,94.239,
01/01/2000,00:55:32.10,22.45,-56.61,-992.35,157.50,-647.50,-533.75,1,94.240,
01/01/2000,00:55:32.11,22.45,-56.36,-992.47,183.75,-612.50,-245.0,1,94.240,
01/01/2000,00:55:32.12,22.45,-56.12,-992.71,201.25,-708.75,-262.50,1,94.241,
01/01/2000,00:55:32.13,22.57,-56.36,-992.84,218.75,-700.0,-271.25,1,94.242,
01/01/2000,00:55:32.14,22.57,-56.49,-992.96,201.25,-630.0,-306.25,1,94.242,
01/01/2000,00:55:32.15,22.57,-56.49,-992.96,70.0,-665.0,-437.50,1,94.243,
01/01/2000,00:55:32.16,22.45,-56.49,-992.84,157.50,-813.75,-402.50,1,94.233,
01/01/2000,00:55:32.17,22.57,-56.12,-992.59,43.75,-717.50,-332.50,1,94.245,
01/01/2000,00:55:32.18,22.57,-56.00,-992.71,192.50,-752.50,-393.75,1,94.234,
01/01/2000,00:55:32.19,22.45,-56.12,-992.71,192.50,-682.50,-323.75,1,94.235,
01/01/2000,00:55:32.20,22.45,-56.24,-992.71,166.25,-717.50,-315.0,1,94.235,
01/01/2000,00:55:32.22,22.45,-56.12,-992.71,-17.50,-638.75,-332.50,1,94.236,
01/01/2000,00:55:32.23,22.57,-56.36,-992.71,175.0,-682.50,-402.50,1,94.237,
01/01/2000,00:55:32.24,22.57,-56.12,-992.59,183.75,-673.75,-323.75,1,94.237,
01/01/2000,00:55:32.25,22.57,-56.24,-992.59,218.75,-778.75,-315.0,1,94.238,
01/01/2000,00:55:32.26,22.45,-56.36,-992.71,140.0,-726.25,-411.25,1,94.239,
01/01/2000,00:55:32.27,22.33,-56.24,-992.59,175.0,-647.50,-210.0,1,94.239,
01/01/2000,00:55:32.28,22.45,-56.36,-992.71,227.50,-673.75,-350.0,1,94.240,
01/01/2000,00:55:32.29,22.45,-56.36,-992.71,140.0,-700.0,-323.75,1,94.241,
01/01/2000,00:55:32.30,22.57,-56.36,-992.71,113.75,-726.25,-262.50,1,94.242,
01/01/2000,00:55:32.31,22.45,-56.24,-992.59,306.25,-743.75,-367.50,1,94.242,
01/01/2000,00:55:32.32,22.57,-56.36,-992.59,70.0,-708.75,-411.25,1,94.243,
01/01/2000,00:55:32.33,22.57,-56.12,-992.59,175.0,-673.75,-411.25,1,94.244,
01/01/2000,00:55:32.34,22.57,-56.12,-992.35,78.75,-735.0,-323.75,1,94.244,
01/01/2000,00:55:32.35,22.45,-56.12,-992.23,210.0,-673.75,-420.0,1,94.245,
01/01/2000,00:55:32.36,22.45,-56.36,-992.23,218.75,-638.75,-367.50,1,94.234,
01/01/2000,00:55:32.37,22.69,-56.36,-992.35,245.0,-691.25,-411.25,1,94.235,
01/01/2000,00:55:32.38,22.69,-56.24,-992.35,262.50,-586.25,-218.75,1,94.236,
01/01/2000,00:55:32.39,22.69,-56.00,-992.35,78.75,-743.75,-455.0,1,94.236,
01/01/2000,00:55:32.40,22.81,-56.24,-992.35,210.0,-787.50,-306.25,1,94.237,
01/01/2000,00:55:32.41,22.57,-56.24,-992.35,201.25,-700.0,-376.25,1,94.238,
01/01/2000,00:55:32.43,22.57,-56.36,-992.35,192.50,-761.25,-437.50,1,94.239,
01/01/2000,00:55:32.44,22.69,-56.24,-992.35,96.25,-665.0,-341.25,1,94.239,
01/01/2000,00:55:32.45,22.57,-56.12,-992.35,87.50,-630.0,-315.0,1,94.240,
01/01/2000,00:55:32.46,22.45,-56.00,-992.35,183.75,-638.75,-210.0,1,94.241,
01/01/2000,00:55:32.47,22.45,-56.00,-992.59,157.50,-638.75,-332.50,1,94.241,
01/01/2000,00:55:32.48,22.57,-56.12,-992.71,183.75,-761.25,-323.75,1,94.242,
01/01/2000,00:55:32.49,22.69,-56.12,-992.71,166.25,-673.75,-297.50,1,94.243,
01/01/2000,00:55:32.50,22.57,-56.00,-992.71,-17.50,-700.0,-306.25,1,94.243,
01/01/2000,00:55:32.52,22.57,-56.12,-992.47,113.75,-726.25,-280.0,1,94.233,
01/01/2000,00:55:32.53,22.57,-56.24,-992.59,192.50,-673.75,-393.75,1,94.234,
01/01/2000,00:55:32.54,22.57,-56.36,-992.59,306.25,-656.25,-323.75,1,94.234,
01/01/2000,00:55:32.55,22.45,-56.24,-992.59,105.0,-691.25,-367.50,1,94.235,
01/01/2000,00:55:32.56,22.45,-56.36,-992.59,140.0,-752.50,-227.50,1,94.236,
01/01/2000,00:55:32.57,22.57,-56.24,-992.59,192.50,-612.50,-341.25,1,94.236,
01/01/2000,00:55:32.58,22.57,-56.36,-992.59,210.0,-743.75,-210.0,1,94.237,
01/01/2000,00:55:32.59,22.57,-56.61,-992.59,105.0,-761.25,-306.25,1,94.238,
01/01/2000,00:55:32.60,22.57,-56.49,-992.71,113.75,-805.0,-376.25,1,94.238,
01/01/2000,00:55:32.61,22.45,-56.24,-992.59,245.0,-743.75,-315.0,1,94.239,
01/01/2000,00:55:32.62,22.45,-56.36,-992.59,280.0,-568.75,-315.0,1,94.240,
01/01/2000,00:55:32.63,22.45,-56.24,-992.71,201.25,-726.25,-280.0,1,94.240,
01/01/2000,00:55:32.64,22.45,-56.24,-992.84,61.25,-717.50,-332.50,1,94.241,
01/01/2000,00:55:32.65,22.45,-56.36,-992.84,218.75,-813.75,-245.0,1,94.242,
01/01/2000,00:55:32.66,22.69,-56.24,-992.84,148.75,-630.0,-393.75,1,94.242,
01/01/2000,00:55:32.67,22.57,-56.36,-992.84,262.50,-726.25,-350.0,1,94.243,
01/01/2000,00:55:32.68,22.45,-56.12,-992.71,105.0,-647.50,-288.75,1,94.244,
01/01/2000,00:55:32.69,22.57,-56.12,-992.71,166.25,-673.75,-350.0,1,94.244,
01/01/2000,00:55:32.70,22.45,-56.00,-992.59,26.25,-621.25,-350.0,1,94.245,
01/01/2000,00:55:32.71,22.45,-56.12,-992.59,175.0,-726.25,-411.25,1,94.246,
01/01/2000,00:55:32.72,22.45,-56.12,-992.71,96.25,-708.75,-332.50,1,94.235,
01/01/2000,00:55:32.73,22.33,-56.12,-992.71,140.0,-735.0,-350.0,1,94.247,
01/01/2000,00:55:32.74,22.45,-56.00,-992.84,253.75,-717.50,-367.50,1,94.237,
01/01/2000,00:55:32.75,22.45,-56.00,-992.84,96.25,-717.50,-210.0,1,94.237,
01/01/2000,00:55:32.76,22.45,-55.88,-992.84,306.25,-726.25,-385.0,1,94.238,
01/01/2000,00:55:32.77,22.45,-56.12,-992.71,253.75,-805.0,-253.75,1,94.239,
01/01/2000,00:55:32.79,22.45,-56.24,-992.59,175.0,-848.75,-323.75,1,94.239,
01/01/2000,00:55:32.80,22.45,-56.00,-992.47,157.50,-708.75,-385.0,1,94.240,
01/01/2000,00:55:32.81,22.45,-55.88,-992.35,148.75,-770.0,-280.0,1,94.241,
01/01/2000,00:55:32.82,22.57,-56.00,-992.35,183.75,-700.0,-402.50,1,94.241,
01/01/2000,00:55:32.83,22.45,-56.12,-992.59,61.25,-621.25,-332.50,1,94.242,
01/01/2000,00:55:32.84,22.45,-56.12,-992.59,140.0,-708.75,-323.75,1,94.243,
01/01/2000,00:55:32.85,22.57,-56.24,-992.59,105.0,-673.75,-385.0,1,94.243,
01/01/2000,00:55:32.86,22.69,-55.88,-992.47,210.0,-673.75,-393.75,1,94.244,
01/01/2000,00:55:32.87,22.69,-56.12,-992.35,262.50,-708.75,-245.0,1,94.245,
01/01/2000,00:55:32.88,22.45,-56.00,-992.35,105.0,-638.75,-393.75,1,94.246,
01/01/2000,00:55:32.89,22.45,-56.12,-992.35,192.50,-673.75,-358.75,1,94.246,
01/01/2000,00:55:32.90,22.45,-56.00,-992.35,210.0,-673.75,-446.25,1,94.247,
01/01/2000,00:55:32.91,22.45,-56.24,-992.23,26.25,-630.0,-271.25,1,94.248,
01/01/2000,00:55:32.92,22.57,-56.12,-992.23,157.50,-787.50,-253.75,1,94.237,
01/01/2000,00:55:32.93,22.69,-56.36,-992.23,131.25,-822.50,-192.50,1,94.238,
01/01/2000,00:55:32.94,21.96,-56.36,-992.59,96.25,-682.50,-323.75,1,94.238,
01/01/2000,00:55:32.95,22.45,-56.36,-992.59,96.25,-717.50,-297.50,1,94.239,
01/01/2000,00:55:32.96,22.57,-56.36,-992.47,227.50,-665.0,-411.25,1,94.240,
01/01/2000,00:55:32.97,22.33,-55.63,-992.23,-35.0,-726.25,-306.25,1,94.241,
01/01/2000,00:55:32.99,22.57,-56.49,-991.86,288.75,-595.0,-376.25,1,94.241,
01/01/2000,00:55:33.00,22.08,-56.00,-992.10,-17.50,-726.25,-393.75,1,94.242,
01/01/2000,00:55:33.01,22.45,-56.36,-992.23,288.75,-612.50,-148.75,1,94.243,
01/01/2000,00:55:33.02,22.33,-55.63,-992.59,-26.25,-656.25,-481.25,1,94.243,
01/01/2000,00:55:33.03,22.33,-56.12,-992.59,78.75,-682.50,-35.0,1,94.233,
01/01/2000,00:55:33.04,22.69,-56.36,-992.35,105.0,-638.75,-367.50,1,94.233,
01/01/2000,00:55:33.05,22.45,-56.00,-992.47,35.0,-603.75,-358.75,1,94.234,
01/01/2000,00:55:33.06,22.69,-56.36,-992.59,52.50,-691.25,-245.0,1,94.235,
01/01/2000,00:55:33.07,22.45,-56.36,-992.84,17.50,-638.75,-463.75,1,94.236,
01/01/2000,00:55:33.08,22.45,-56.12,-992.59,280.0,-726.25,-376.25,1,94.236,
01/01/2000,00:55:33.09,22.57,-56.24,-992.35,166.25,-656.25,-306.25,1,94.237,
01/01/2000,00:55:33.10,22.20,-56.00,-992.35,166.25,-638.75,-253.75,1,94.238,
01/01/2000,00:55:33.11,22.20,-56.00,-992.10,8.75,-638.75,-218.75,1,94.238,
01/01/2000,00:55:33.12,22.57,-56.49,-992.10,341.25,-708.75,-507.50,1,94.239,
01/01/2000,00:55:33.14,22.57,-55.88,-992.35,96.25,-708.75,-201.25,1,94.240,
01/01/2000,00:55:33.15,22.69,-56.12,-992.23,113.75,-682.50,-210.0,1,94.240,
01/01/2000,00:55:33.16,22.45,-56.24,-992.23,26.25,-752.50,-297.50,1,94.241,
01/01/2000,00:55:33.17,22.45,-56.00,-992.10,175.0,-735.0,-297.50,1,94.242,
01/01/2000,00:55:33.18,22.69,-56.00,-992.10,122.50,-700.0,-437.50,1,94.242,
01/01/2000,00:55:33.19,22.57,-55.88,-992.23,218.75,-638.75,-271.25,1,94.243,
01/01/2000,00:55:33.20,22.69,-56.49,-992.10,192.50,-743.75,-463.75,1,94.244,
01/01/2000,00:55:33.21,22.45,-56.12,-992.23,201.25,-708.75,-332.50,1,94.244,
01/01/2000,00:55:33.22,22.33,-56.12,-992.23,122.50,-691.25,-253.75,1,94.245,
01/01/2000,00:55:33.23,22.33,-56.12,-992.35,245.0,-673.75,-288.75,1,94.246,
01/01/2000,00:55:33.24,22.33,-55.88,-992.35,271.25,-682.50,-367.50,1,94.246,
01/01/2000,00:55:33.25,22.45,-56.12,-992.23,105.0,-717.50,-271.25,1,94.247,
01/01/2000,00:55:33.26,22.33,-56.24,-992.35,-26.25,-700.0,-271.25,1,94.248,
01/01/2000,00:55:33.27,22.20,-56.36,-992.23,201.25,-743.75,-437.50,1,94.237,
01/01/2000,00:55:33.28,22.33,-56.24,-992.35,245.0,-673.75,-367.50,1,94.238,
01/01/2000,00:55:33.29,22.45,-56.00,-992.23,61.25,-708.75,-332.50,1,94.239,
01/01/2000,00:55:33.30,22.45,-56.12,-992.35,113.75,-638.75,-227.50,1,94.239,
01/01/2000,00:55:33.31,21.96,-56.12,-992.35,131.25,-446.25,7647.50,1,94.240,
01/01/2000,00:55:33.33,20.37,-56.61,-989.30,-262.50,113.75,28953.75,1,94.241,
01/01/2000,00:55:33.33,21.47,-56.36,-990.88,-175.0,245.0,35735.0,1,94.241,
01/01/2000,00:55:33.35,24.40,-56.00,-995.40,-183.75,323.75,34308.75,1,94.242,
01/01/2000,00:55:33.36,23.55,-55.39,-995.64,-175.0,227.50,32453.75,1,94.243,
01/01/2000,00:55:33.37,21.72,-54.66,-993.20,-315.0,253.75,29960.0,1,94.243,
01/01/2000,00:55:33.38,20.50,-54.53,-990.64,-17.50,0.0,22321.25,1,94.244,
01/01/2000,00:55:33.39,22.33,-54.90,-991.37,35.0,-393.75,14647.50,1,94.245,
01/01/2000,00:55:33.40,24.40,-56.24,-993.69,148.75,-551.25,6405.0,1,94.245,
01/01/2000,00:55:33.41,23.79,-58.19,-994.30,201.25,-813.75,-2520.0,1,94.235,
01/01/2000,00:55:33.42,21.84,-58.44,-992.47,131.25,-822.50,-3062.50,1,94.236,
01/01/2000,00:55:33.43,20.98,-57.46,-990.88,262.50,-682.50,166.25,1,94.236,
01/01/2000,00:55:33.44,21.96,-56.12,-991.74,148.75,-691.25,227.50,1,94.237,
01/01/2000,00:55:33.45,24.40,-55.39,-993.45,87.50,-761.25,-682.50,1,94.238,
01/01/2000,00:55:33.46,24.16,-55.88,-994.06,26.25,-691.25,-236.25,1,94.238,
01/01/2000,00:55:33.47,22.69,-56.49,-993.20,262.50,-603.75,446.25,1,94.239,
01/01/2000,00:55:33.49,21.47,-56.61,-991.25,236.25,-691.25,-875.0,1,94.240,
01/01/2000,00:55:33.50,22.57,-56.36,-991.49,236.25,-770.0,-2030.0,1,94.240,
01/01/2000,00:55:33.51,24.28,-56.12,-993.08,175.0,-761.25,-682.50,1,94.241,
01/01/2000,00:55:33.52,23.67,-56.49,-993.32,192.50,-691.25,1268.75,1,94.242,
01/01/2000,00:55:33.53,21.72,-56.73,-991.98,35.0,-665.0,-35.0,1,94.242,
01/01/2000,00:55:33.54,21.35,-56.49,-991.49,323.75,-796.25,-2056.25,1,94.243,
01/01/2000,00:55:33.55,22.33,-55.88,-992.47,87.50,-638.75,-927.50,1,94.244,
01/01/2000,00:55:33.56,23.67,-56.12,-992.96,140.0,-621.25,1155.0,1,94.233,
01/01/2000,00:55:33.57,23.30,-56.61,-992.84,140.0,-778.75,927.50,1,94.234,
01/01/2000,00:55:33.58,22.20,-56.97,-991.86,323.75,-682.50,-936.25,1,94.235,
01/01/2000,00:55:33.59,21.59,-56.61,-991.74,218.75,-647.50,-1592.50,1,94.236,
01/01/2000,00:55:33.60,22.20,-56.12,-992.35,70.0,-682.50,-665.0,1,94.236,
01/01/2000,00:55:33.61,23.30,-55.75,-992.84,78.75,-630.0,455.0,1,94.237,
01/01/2000,00:55:33.62,23.06,-56.24,-992.59,183.75,-691.25,463.75,1,94.238,
01/01/2000,00:55:33.63,22.08,-56.73,-991.98,218.75,-735.0,-883.75,1,94.238,
01/01/2000,00:55:33.64,21.84,-56.85,-991.86,201.25,-752.50,-1758.75,1,94.239,
01/01/2000,00:55:33.65,22.20,-56.36,-992.35,87.50,-822.50,-1557.50,1,94.240,
01/01/2000,00:55:33.66,22.94,-56.00,-992.96,140.0,-691.25,402.50,1,94.240,
01/01/2000,00:55:33.67,23.06,-55.75,-992.84,148.75,-726.25,656.25,1,94.241,
01/01/2000,00:55:33.69,22.45,-56.12,-992.23,201.25,-682.50,-87.50,1,94.242,
01/01/2000,00:55:33.70,21.96,-56.24,-991.98,183.75,-708.75,-1015.0,1,94.242,
01/01/2000,00:55:33.71,22.33,-56.24,-992.59,175.0,-743.75,-481.25,1,94.243,
01/01/2000,00:55:33.72,22.69,-56.12,-993.08,105.0,-586.25,148.75,1,94.244,
01/01/2000,00:55:33.73,22.81,-56.12,-992.96,175.0,-612.50,437.50,1,94.244,
01/01/2000,00:55:33.74,22.45,-56.12,-992.35,131.25,-708.75,-140.0,1,94.245,
01/01/2000,00:55:33.75,21.96,-56.36,-992.10,218.75,-735.0,-682.50,1,94.246,
01/01/2000,00:55:33.76,21.96,-56.36,-992.84,210.0,-603.75,-621.25,1,94.246,
01/01/2000,00:55:33.77,22.94,-56.24,-993.20,140.0,-743.75,-280.0,1,94.247,
01/01/2000,00:55:33.78,22.94,-56.12,-993.08,297.50,-752.50,-26.25,1,94.248,
01/01/2000,00:55:33.79,22.33,-56.24,-992.47,175.0,-743.75,-96.25,1,94.248,
01/01/2000,00:55:33.80,21.96,-56.36,-991.86,87.50,-708.75,-551.25,1,94.249,
01/01/2000,00:55:33.81,22.20,-56.24,-992.35,78.75,-761.25,-822.50,1,94.250,
01/01/2000,00:55:33.82,22.69,-56.12,-992.84,105.0,-787.50,-603.75,1,94.250,
01/01/2000,00:55:33.83,22.69,-56.12,-992.84,210.0,-778.75,87.50,1,94.240,
01/01/2000,00:55:33.84,22.33,-56.36,-992.35,70.0,-586.25,17.50,1,94.241,
01/01/2000,00:55:33.85,22.20,-56.36,-991.86,175.0,-770.0,-665.0,1,94.241,
01/01/2000,00:55:33.86,22.45,-56.24,-992.23,253.75,-700.0,-507.50,1,94.242,
01/01/2000,00:55:33.87,22.94,-56.24,-992.84,218.75,-761.25,-183.75,1,94.243,
01/01/2000,00:55:33.88,22.94,-56.24,-992.71,175.0,-700.0,-87.50,1,94.243,
01/01/2000,00:55:33.90,22.45,-56.12,-992.47,96.25,-656.25,-262.50,1,94.244,
01/01/2000,00:55:33.91,22.45,-56.12,-991.98,245.0,-656.25,-358.75,1,94.245,
01/01/2000,00:55:33.92,22.69,-56.12,-992.10,87.50,-656.25,-402.50,1,94.245,
01/01/2000,00:55:33.93,22.81,-56.24,-992.47,140.0,-866.25,-367.50,1,94.246,
01/01/2000,00:55:33.94,22.69,-56.24,-992.59,175.0,-700.0,-315.0,1,94.247,
01/01/2000,00:55:33.95,22.45,-56.36,-992.35,166.25,-743.75,-385.0,1,94.247,
01/01/2000,00:55:33.96,22.45,-56.24,-992.10,288.75,-603.75,-446.25,1,94.248,
01/01/2000,00:55:33.97,22.45,-56.00,-991.98,105.0,-813.75,-350.0,1,94.249,
01/01/2000,00:55:33.98,22.69,-56.12,-992.10,148.75,-700.0,-271.25,1,94.238,
01/01/2000,00:55:33.99,22.33,-56.36,-992.10,262.50,-691.25,-315.0,1,94.239,
01/01/2000,00:55:34.00,22.08,-56.36,-991.98,78.75,-708.75,-393.75,1,94.240,
01/01/2000,00:55:34.01,22.20,-56.24,-991.74,148.75,-770.0,-367.50,1,94.240,
01/01/2000,00:55:34.02,22.45,-56.12,-991.74,140.0,-656.25,-297.50,1,94.241,
01/01/2000,00:55:34.03,22.57,-56.12,-991.86,131.25,-656.25,-323.75,1,94.242,
01/01/2000,00:55:34.05,22.20,-56.49,-992.10,140.0,-735.0,-385.0,1,94.242,
01/01/2000,00:55:34.06,22.20,-56.36,-992.23,131.25,-700.0,-402.50,1,94.243,
01/01/2000,00:55:34.07,22.45,-56.00,-992.35,175.0,-805.0,-481.25,1,94.244,
01/01/2000,00:55:34.08,22.45,-55.88,-992.35,157.50,-770.0,-306.25,1,94.244,
01/01/2000,00:55:34.09,22.45,-56.00,-992.35,192.50,-665.0,-341.25,1,94.245,
01/01/2000,00:55:34.10,22.33,-56.12,-992.47,157.50,-708.75,-306.25,1,94.246,
01/01/2000,00:55:34.11,22.33,-56.24,-992.47,113.75,-621.25,-306.25,1,94.235,
01/01/2000,00:55:34.12,22.57,-56.12,-992.47,166.25,-700.0,-376.25,1,94.236,
01/01/2000,00:55:34.13,22.69,-55.88,-992.23,236.25,-717.50,-306.25,1,94.237,
01/01/2000,00:55:34.14,22.57,-55.88,-992.10,245.0,-743.75,-271.25,1,94.237,
01/01/2000,00:55:34.15,22.45,-55.88,-992.23,61.25,-656.25,-271.25,1,94.238,
01/01/2000,00:55:34.16,22.33,-56.12,-992.35,271.25,-700.0,-393.75,1,94.239,
01/01/2000,00:55:34.17,22.45,-56.00,-992.35,131.25,-603.75,-358.75,1,94.239,
01/01/2000,00:55:34.18,22.45,-55.88,-992.10,210.0,-691.25,-367.50,1,94.240,
01/01/2000,00:55:34.20,22.57,-55.88,-992.10,157.50,-770.0,-245.0,1,94.241,
01/01/2000,00:55:34.21,22.33,-56.00,-992.10,78.75,-630.0,-376.25,1,94.242,
01/01/2000,00:55:34.22,22.33,-56.00,-992.10,148.75,-586.25,-332.50,1,94.242,
01/01/2000,00:55:34.23,22.33,-56.12,-992.35,87.50,-700.0,-341.25,1,94.243,
01/01/2000,00:55:34.24,22.45,-55.88,-992.35,131.25,-708.75,-315.0,1,94.244,
01/01/2000,00:55:34.25,22.45,-56.00,-992.10,105.0,-673.75,-280.0,1,94.244,
01/01/2000,00:55:34.26,22.45,-56.00,-991.98,78.75,-735.0,-157.50,1,94.245,
01/01/2000,00:55:34.27,22.33,-56.12,-992.10,245.0,-805.0,-341.25,1,94.246,
01/01/2000,00:55:34.28,22.57,-56.12,-992.23,157.50,-726.25,-341.25,1,94.246,
01/01/2000,00:55:34.29,22.69,-56.12,-992.23,183.75,-656.25,-271.25,1,94.247,
01/01/2000,00:55:34.30,22.57,-56.00,-992.10,201.25,-673.75,-358.75,1,94.248,
01/01/2000,00:55:34.31,22.45,-56.12,-992.10,52.50,-708.75,-271.25,1,94.248,
01/01/2000,00:55:34.32,22.57,-56.12,-992.10,175.0,-708.75,-332.50,1,94.249,
01/01/2000,00:55:34.33,22.69,-56.24,-992.10,148.75,-761.25,-393.75,1,94.239,
01/01/2000,00:55:34.34,22.69,-56.36,-992.10,280.0,-796.25,-385.0,1,94.239,
01/01/2000,00:55:34.35,22.69,-56.24,-992.10,201.25,-691.25,-358.75,1,94.240,
01/01/2000,00:55:34.36,22.81,-56.00,-992.10,183.75,-691.25,-332.50,1,94.241,
01/01/2000,00:55:34.37,22.69,-56.12,-992.23,61.25,-700.0,-297.50,1,94.241,
01/01/2000,00:55:34.38,22.69,-56.12,-991.98,218.75,-717.50,-280.0,1,94.242,
01/01/2000,00:55:34.40,22.45,-56.12,-991.86,113.75,-700.0,-218.75,1,94.243,
01/01/2000,00:55:34.41,22.45,-56.12,-992.10,148.75,-822.50,-411.25,1,94.243,
01/01/2000,00:55:34.42,22.57,-56.12,-992.35,0.0,-656.25,-350.0,1,94.244,
01/01/2000,00:55:34.43,22.57,-56.00,-992.59,175.0,-682.50,-288.75,1,94.245,
01/01/2000,00:55:34.44,22.45,-56.12,-992.35,210.0,-691.25,-227.50,1,94.245,
01/01/2000,00:55:34.45,22.33,-56.12,-992.35,17.50,-726.25,-350.0,1,94.246,
01/01/2000,00:55:34.46,22.57,-56.36,-992.47,253.75,-603.75,-367.50,1,94.247,
01/01/2000,00:55:34.47,22.69,-56.36,-992.71,183.75,-717.50,-315.0,1,94.247,
01/01/2000,00:55:34.48,22.57,-56.36,-992.59,166.25,-665.0,-253.75,1,94.248,
01/01/2000,00:55:34.49,22.45,-56.24,-992.47,87.50,-708.75,-341.25,1,94.249,
01/01/2000,00:55:34.50,22.45,-56.12,-992.59,166.25,-673.75,-341.25,1,94.249,
01/01/2000,00:55:34.51,22.69,-56.12,-992.59,113.75,-735.0,-420.0,1,94.250,
01/01/2000,00:55:34.52,22.81,-56.12,-992.71,218.75,-673.75,-323.75,1,94.251,
01/01/2000,00:55:34.53,22.57,-56.36,-992.35,70.0,-603.75,-236.25,1,94.251,
01/01/2000,00:55:34.54,22.33,-56.36,-992.35,105.0,-735.0,-323.75,1,94.241,
01/01/2000,00:55:34.56,22.33,-56.12,-992.47,227.50,-735.0,-358.75,1,94.242,
01/01/2000,00:55:34.57,22.45,-55.88,-992.59,183.75,-656.25,-245.0,1,94.231,
01/01/2000,00:55:34.58,22.45,-56.00,-992.59,96.25,-560.0,-376.25,1,94.232,
01/01/2000,00:55:34.59,22.33,-56.24,-992.47,183.75,-665.0,-385.0,1,94.233,
01/01/2000,00:55:34.60,22.33,-56.12,-992.47,201.25,-743.75,-315.0,1,94.233,
01/01/2000,00:55:34.61,22.33,-56.24,-992.59,288.75,-665.0,-323.75,1,94.234,
01/01/2000,00:55:34.62,22.20,-56.00,-992.59,52.50,-717.50,-271.25,1,94.235,
01/01/2000,00:55:34.64,22.20,-56.12,-992.35,131.25,-656.25,-271.25,1,94.235,
01/01/2000,00:55:34.65,22.20,-56.24,-992.47,218.75,-691.25,-376.25,1,94.236,
01/01/2000,00:55:34.66,22.45,-56.36,-992.59,166.25,-717.50,-253.75,1,94.237,
01/01/2000,00:55:34.67,22.57,-56.36,-992.71,166.25,-796.25,-376.25,1,94.237,
01/01/2000,00:55:34.68,22.45,-56.49,-992.59,148.75,-612.50,-280.0,1,94.238,
01/01/2000,00:55:34.69,22.33,-56.36,-992.47,113.75,-700.0,-385.0,1,94.239,
01/01/2000,00:55:34.70,22.33,-56.36,-992.59,35.0,-665.0,-227.50,1,94.239,
01/01/2000,00:55:34.71,22.33,-56.12,-992.59,43.75,-656.25,-323.75,1,94.240,
01/01/2000,00:55:34.72,22.33,-56.12,-992.59,122.50,-726.25,-323.75,1,94.241,
01/01/2000,00:55:34.73,22.45,-56.24,-992.59,113.75,-682.50,-367.50,1,94.241,
01/01/2000,00:55:34.74,22.45,-56.36,-992.59,113.75,-700.0,-376.25,1,94.242,
01/01/2000,00:55:34.75,22.33,-56.36,-992.59,52.50,-665.0,-376.25,1,94.243,
01/01/2000,00:55:34.76,22.33,-56.36,-992.71,192.50,-577.50,-393.75,1,94.243,
01/01/2000,00:55:34.77,22.33,-56.24,-992.71,43.75,-612.50,-218.75,1,94.244,
01/01/2000,00:55:34.78,22.33,-56.36,-992.59,175.0,-595.0,-358.75,1,94.245,
01/01/2000,00:55:34.79,22.20,-56.36,-992.59,157.50,-621.25,-315.0,1,94.245,
01/01/2000,00:55:34.80,22.20,-56.49,-992.59,113.75,-638.75,-315.0,1,94.246,
01/01/2000,00:55:34.81,22.33,-56.36,-992.47,78.75,-638.75,-323.75,1,94.247,
01/01/2000,00:55:34.82,22.45,-56.36,-992.47,271.25,-586.25,-288.75,1,94.237,
01/01/2000,00:55:34.83,22.45,-56.36,-992.59,218.75,-761.25,-262.50,1,94.237,
01/01/2000,00:55:34.84,22.45,-56.36,-992.59,148.75,-708.75,-358.75,1,94.238,
01/01/2000,00:55:34.85,22.45,-56.36,-992.59,192.50,-638.75,-341.25,1,94.239,
01/01/2000,00:55:34.86,22.45,-56.24,-992.47,113.75,-630.0,-367.50,1,94.239,
01/01/2000,00:55:34.87,22.45,-56.36,-992.59,78.75,-612.50,-367.50,1,94.240,
01/01/2000,00:55:34.88,22.45,-56.36,-992.59,245.0,-787.50,-306.25,1,94.241,
01/01/2000,00:55:34.90,22.33,-56.36,-992.59,148.75,-700.0,-376.25,1,94.241,
01/01/2000,00:55:34.91,22.33,-56.36,-992.59,61.25,-665.0,-358.75,1,94.242,
01/01/2000,00:55:34.92,22.45,-56.24,-992.47,140.0,-700.0,-341.25,1,94.243,
01/01/2000,00:55:34.93,22.45,-56.24,-992.59,245.0,-603.75,-306.25,1,94.243,
01/01/2000,00:55:34.94,22.45,-56.24,-992.47,271.25,-682.50,-385.0,1,94.244,
01/01/2000,00:55:34.95,22.45,-56.36,-992.59,87.50,-735.0,-376.25,1,94.245,
01/01/2000,00:55:34.96,22.33,-56.36,-992.71,131.25,-787.50,-411.25,1,94.245,
01/01/2000,00:55:34.97,22.33,-56.24,-992.71,140.0,-700.0,-297.50,1,94.235,
01/01/2000,00:55:34.98,22.33,-56.24,-992.59,236.25,-673.75,-297.50,1,94.236,
01/01/2000,00:55:34.99,22.20,-56.12,-992.59,192.50,-717.50,-350.0,1,94.236,
01/01/2000,00:55:35.00,22.33,-56.12,-992.59,218.75,-682.50,-385.0,1,94.237,
01/01/2000,00:55:35.01,22.45,-56.00,-992.59,192.50,-682.50,-192.50,1,94.238,
01/01/2000,00:55:35.02,22.20,-56.12,-992.71,175.0,-665.0,-332.50,1,94.238,
01/01/2000,00:55:35.04,22.33,-56.12,-992.71,105.0,-848.75,-376.25,1,94.239,
01/01/2000,00:55:35.05,22.33,-56.12,-992.59,218.75,-717.50,-332.50,1,94.240,
01/01/2000,00:55:35.06,22.33,-56.00,-992.47,166.25,-638.75,-367.50,1,94.240,
01/01/2000,00:55:35.07,22.20,-56.00,-992.59,175.0,-726.25,-376.25,1,94.241,
01/01/2000,00:55:35.08,22.20,-56.12,-992.59,192.50,-612.50,-315.0,1,94.242,
01/01/2000,00:55:35.09,22.33,-56.12,-992.59,43.75,-717.50,-253.75,1,94.231,
01/01/2000,00:55:35.10,22.33,-56.12,-992.59,218.75,-708.75,-376.25,1,94.243,
01/01/2000,00:55:35.11,22.33,-56.12,-992.59,201.25,-778.75,-367.50,1,94.233,
01/01/2000,00:55:35.12,22.45,-56.12,-992.84,87.50,-691.25,-420.0,1,94.233,
01/01/2000,00:55:35.13,22.45,-56.12,-992.84,227.50,-796.25,-315.0,1,94.234,
01/01/2000,00:55:35.14,22.20,-56.36,-992.71,192.50,-708.75,-332.50,1,94.235,
01/01/2000,00:55:35.15,22.20,-56.36,-992.59,113.75,-735.0,-341.25,1,94.235,
01/01/2000,00:55:35.16,22.33,-56.36,-992.59,148.75,-691.25,-367.50,1,94.236,
01/01/2000,00:55:35.17,22.33,-56.12,-992.59,78.75,-647.50,-376.25,1,94.237,
01/01/2000,00:55:35.19,22.45,-56.36,-992.47,175.0,-700.0,-341.25,1,94.237,
01/01/2000,00:55:35.20,22.45,-56.24,-992.35,218.75,-586.25,-367.50,1,94.238,
01/01/2000,00:55:35.21,22.45,-56.36,-992.35,148.75,-621.25,-332.50,1,94.239,
01/01/2000,00:55:35.22,22.45,-56.12,-992.59,183.75,-752.50,-288.75,1,94.239,
01/01/2000,00:55:35.23,22.33,-56.12,-992.71,245.0,-813.75,-367.50,1,94.240,
01/01/2000,00:55:35.24,22.33,-56.00,-992.71,70.0,-621.25,-315.0,1,94.241,
01/01/2000,00:55:35.25,22.33,-56.12,-992.47,210.0,-586.25,-358.75,1,94.241,
01/01/2000,00:55:35.26,22.20,-56.12,-992.59,61.25,-630.0,-323.75,1,94.242,
01/01/2000,00:55:35.27,22.20,-56.36,-992.71,148.75,-700.0,-262.50,1,94.243,
01/01/2000,00:55:35.28,22.20,-56.36,-992.71,218.75,-621.25,-358.75,1,94.243,
01/01/2000,00:55:35.29,22.20,-56.24,-992.47,245.0,-595.0,-358.75,1,94.244,
01/01/2000,00:55:35.30,22.20,-56.36,-992.47,105.0,-787.50,-323.75,1,94.245,
01/01/2000,00:55:35.31,22.33,-56.36,-992.59,245.0,-726.25,-385.0,1,94.245,
01/01/2000,00:55:35.32,22.45,-56.49,-992.59,218.75,-708.75,-306.25,1,94.235,
01/01/2000,00:55:35.33,22.33,-56.36,-992.59,166.25,-638.75,-332.50,1,94.236,
01/01/2000,00:55:35.34,22.20,-56.49,-992.35,192.50,-682.50,-350.0,1,94.237,
01/01/2000,00:55:35.35,22.45,-56.36,-992.47,262.50,-656.25,-446.25,1,94.237,
01/01/2000,00:55:35.36,22.45,-56.36,-992.47,122.50,-761.25,-288.75,1,94.238,
01/01/2000,00:55:35.37,22.45,-56.36,-992.59,218.75,-691.25,-271.25,1,94.238,
01/01/2000,00:55:35.39,22.33,-56.36,-992.59,17.50,-708.75,-253.75,1,94.239,
01/01/2000,00:55:35.40,22.45,-56.49,-992.59,227.50,-665.0,-376.25,1,94.240,
01/01/2000,00:55:35.41,22.45,-56.12,-992.59,183.75,-805.0,-358.75,1,94.240,
01/01/2000,00:55:35.42,22.57,-56.24,-992.59,122.50,-796.25,-367.50,1,94.241,
01/01/2000,00:55:35.43,22.57,-56.24,-992.47,192.50,-700.0,-385.0,1,94.242,
01/01/2000,00:55:35.44,22.45,-56.24,-992.35,166.25,-691.25,-297.50,1,94.242,
01/01/2000,00:55:35.45,22.33,-56.36,-992.23,87.50,-638.75,-393.75,1,94.243,
01/01/2000,00:55:35.46,22.45,-56.24,-992.35,245.0,-752.50,-358.75,1,94.244,
01/01/2000,00:55:35.47,22.69,-56.12,-992.35,175.0,-708.75,-306.25,1,94.244,
01/01/2000,00:55:35.48,22.57,-56.12,-992.10,87.50,-691.25,-420.0,1,94.245,
01/01/2000,00:55:35.49,22.45,-56.12,-992.23,122.50,-691.25,-367.50,1,94.246,
01/01/2000,00:55:35.50,22.45,-56.12,-992.35,87.50,-647.50,-288.75,1,94.246,
01/01/2000,00:55:35.51,22.69,-56.24,-992.47,218.75,-787.50,-367.50,1,94.247,
01/01/2000,00:55:35.52,22.69,-56.12,-992.47,323.75,-673.75,-323.75,1,94.248,
01/01/2000,00:55:35.54,22.69,-56.12,-992.35,140.0,-700.0,-323.75,1,94.238,
01/01/2000,00:55:35.55,22.57,-56.12,-992.35,131.25,-621.25,-306.25,1,94.238,
01/01/2000,00:55:35.56,22.45,-56.12,-992.47,183.75,-726.25,-253.75,1,94.239,
01/01/2000,00:55:35.57,22.57,-56.36,-992.47,113.75,-673.75,-323.75,1,94.240,
01/01/2000,00:55:35.58,22.57,-56.24,-992.59,26.25,-717.50,-236.25,1,94.240,
01/01/2000,00:55:35.59,22.57,-56.36,-992.47,87.50,-743.75,-288.75,1,94.241,
01/01/2000,00:55:35.60,22.57,-56.12,-992.59,166.25,-770.0,-315.0,1,94.242,
01/01/2000,00:55:35.61,22.45,-56.24,-992.47,175.0,-743.75,-367.50,1,94.231,
01/01/2000,00:55:35.62,22.69,-56.12,-992.59,96.25,-691.25,-271.25,1,94.243,
01/01/2000,00:55:35.63,22.57,-56.00,-992.47,131.25,-656.25,-306.25,1,94.233,
01/01/2000,00:55:35.64,22.69,-56.00,-992.47,175.0,-726.25,-376.25,1,94.233,
01/01/2000,00:55:35.65,22.45,-56.12,-992.47,131.25,-708.75,-315.0,1,94.234,
01/01/2000,00:55:35.66,22.45,-56.12,-992.59,43.75,-673.75,-358.75,1,94.235,
01/01/2000,00:55:35.68,22.69,-55.88,-992.71,105.0,-691.25,-323.75,1,94.235,
01/01/2000,00:55:35.69,22.81,-56.12,-992.47,105.0,-603.75,-393.75,1,94.236,
01/01/2000,00:55:35.70,22.69,-56.24,-992.35,175.0,-735.0,-428.75,1,94.237,
01/01/2000,00:55:35.71,22.45,-56.12,-992.59,122.50,-577.50,-402.50,1,94.237,
01/01/2000,00:55:35.72,22.81,-56.00,-992.84,166.25,-700.0,-350.0,1,94.238,
01/01/2000,00:55:35.73,22.94,-56.12,-992.84,253.75,-717.50,-245.0,1,94.239,
01/01/2000,00:55:35.74,22.69,-56.24,-992.71,105.0,-717.50,-350.0,1,94.239,
01/01/2000,00:55:35.75,22.33,-56.36,-992.10,166.25,-656.25,-481.25,1,94.229,
01/01/2000,00:55:35.77,22.69,-56.00,-992.35,210.0,-752.50,-446.25,1,94.230,
01/01/2000,00:55:35.77,23.06,-56.00,-992.84,175.0,-735.0,-148.75,1,94.231,
01/01/2000,00:55:35.79,22.81,-55.88,-992.96,96.25,-717.50,-288.75,1,94.231,
01/01/2000,00:55:35.80,22.45,-56.12,-992.84,175.0,-656.25,-350.0,1,94.232,
01/01/2000,00:55:35.81,22.45,-56.00,-992.35,140.0,-691.25,-306.25,1,94.233,
01/01/2000,00:55:35.82,22.81,-56.12,-992.35,236.25,-717.50,-376.25,1,94.233,
01/01/2000,00:55:35.83,22.94,-56.36,-992.47,70.0,-665.0,-280.0,1,94.234,
01/01/2000,00:55:35.84,22.69,-56.36,-992.47,183.75,-735.0,-393.75,1,94.235,
01/01/2000,00:55:35.85,22.33,-56.36,-992.23,122.50,-752.50,-420.0,1,94.235,
01/01/2000,00:55:35.86,22.33,-56.24,-992.23,175.0,-717.50,-385.0,1,94.236,
01/01/2000,00:55:35.87,22.69,-55.88,-992.47,105.0,-717.50,-253.75,1,94.236,
01/01/2000,00:55:35.88,22.94,-55.88,-992.59,306.25,-726.25,-288.75,1,94.237,
01/01/2000,00:55:35.89,22.57,-56.24,-992.35,183.75,-735.0,-253.75,1,94.227,
01/01/2000,00:55:35.90,22.33,-56.36,-992.35,157.50,-743.75,-472.50,1,94.228,
01/01/2000,00:55:35.91,22.33,-56.24,-992.47,122.50,-726.25,-437.50,1,94.228,
01/01/2000,00:55:35.92,22.57,-56.12,-992.47,61.25,-735.0,-341.25,1,94.229,
01/01/2000,00:55:35.93,22.45,-55.63,-992.35,61.25,-743.75,-175.0,1,94.230,
01/01/2000,00:55:35.94,22.33,-55.75,-992.35,78.75,-717.50,-288.75,1,94.230,
01/01/2000,00:55:35.95,22.33,-56.12,-992.35,140.0,-717.50,-385.0,1,94.231,
01/01/2000,00:55:35.97,22.33,-56.12,-992.59,87.50,-735.0,-306.25,1,94.232,
01/01/2000,00:55:35.98,22.57,-56.24,-992.59,210.0,-700.0,-367.50,1,94.232,
01/01/2000,00:55:35.99,22.69,-55.88,-992.59,113.75,-700.0,-245.0,1,94.233,
01/01/2000,00:55:36.00,22.45,-55.88,-992.35,52.50,-726.25,-271.25,1,94.234,
01/01/2000,00:55:36.01,22.33,-56.00,-992.23,306.25,-708.75,-376.25,1,94.234,
01/01/2000,00:55:36.02,22.45,-56.24,-992.35,148.75,-656.25,-306.25,1,94.235,
01/01/2000,00:55:36.03,22.69,-56.12,-992.59,157.50,-770.0,-315.0,1,94.236,
01/01/2000,00:55:36.04,22.69,-56.24,-992.47,175.0,-673.75,-376.25,1,94.236,
01/01/2000,00:55:36.05,22.57,-56.12,-992.10,113.75,-673.75,-350.0,1,94.237,
01/01/2000,00:55:36.06,22.33,-56.24,-992.10,166.25,-682.50,-350.0,1,94.238,
01/01/2000,00:55:36.07,22.45,-56.12,-992.47,175.0,-691.25,-236.25,1,94.238,
01/01/2000,00:55:36.08,22.45,-56.12,-992.84,183.75,-735.0,-358.75,1,94.239,
01/01/2000,00:55:36.10,22.57,-56.36,-992.47,227.50,-717.50,-393.75,1,94.229,
01/01/2000,00:55:36.11,22.45,-56.36,-992.10,175.0,-700.0,-315.0,1,94.229,
01/01/2000,00:55:36.12,22.45,-56.49,-992.23,218.75,-787.50,-288.75,1,94.230,
01/01/2000,00:55:36.13,22.45,-56.49,-992.59,183.75,-691.25,-280.0,1,94.231,
01/01/2000,00:55:36.14,22.45,-56.49,-992.71,210.0,-621.25,-332.50,1,94.231,
01/01/2000,00:55:36.15,22.45,-56.36,-992.47,227.50,-717.50,-376.25,1,94.232,
01/01/2000,00:55:36.16,22.20,-56.12,-991.98,17.50,-717.50,-306.25,1,94.233,
01/01/2000,00:55:36.17,22.45,-56.49,-991.86,175.0,-752.50,-358.75,1,94.233,
01/01/2000,00:55:36.18,22.45,-56.61,-991.98,105.0,-717.50,-280.0,1,94.234,
01/01/2000,00:55:36.19,22.33,-56.61,-992.59,105.0,-682.50,-332.50,1,94.235,
01/01/2000,00:55:36.20,22.20,-56.49,-992.59,166.25,-743.75,-332.50,1,94.235,
01/01/2000,00:55:36.21,22.20,-56.12,-992.35,148.75,-770.0,-306.25,1,94.236,
01/01/2000,00:55:36.22,22.33,-56.12,-992.10,183.75,-717.50,-358.75,1,94.226,
01/01/2000,00:55:36.23,22.69,-56.12,-991.74,236.25,-822.50,-297.50,1,94.237,
01/01/2000,00:55:36.25,22.45,-56.61,-992.35,122.50,-647.50,-358.75,1,94.227,
01/01/2000,00:55:36.26,22.33,-56.61,-992.59,253.75,-866.25,-481.25,1,94.228,
01/01/2000,00:55:36.27,22.20,-56.12,-992.71,52.50,-770.0,-385.0,1,94.229,
01/01/2000,00:55:36.28,21.96,-55.75,-992.59,166.25,-717.50,-262.50,1,94.229,
01/01/2000,00:55:36.29,22.08,-55.75,-992.47,201.25,-682.50,-253.75,1,94.230,
01/01/2000,00:55:36.30,21.96,-56.00,-992.96,140.0,-691.25,-271.25,1,94.231,
01/01/2000,00:55:36.31,22.20,-56.49,-993.08,210.0,-840.0,-420.0,1,94.231,
01/01/2000,00:55:36.32,22.20,-56.49,-992.84,271.25,-700.0,-367.50,1,94.232,
01/01/2000,00:55:36.33,22.20,-56.12,-992.59,175.0,-542.50,-402.50,1,94.233,
01/01/2000,00:55:36.34,22.45,-56.12,-992.35,236.25,-603.75,-288.75,1,94.233,
01/01/2000,00:55:36.35,22.45,-55.88,-992.47,210.0,-691.25,-218.75,1,94.234,
01/01/2000,00:55:36.36,22.45,-56.36,-992.84,210.0,-673.75,-236.25,1,94.234,
01/01/2000,00:55:36.37,22.33,-56.49,-992.96,253.75,-761.25,-376.25,1,94.235,
01/01/2000,00:55:36.38,22.08,-56.61,-992.84,157.50,-778.75,-332.50,1,94.236,
01/01/2000,00:55:36.39,22.45,-56.61,-992.59,227.50,-831.25,-323.75,1,94.226,
01/01/2000,00:55:36.40,22.45,-56.49,-992.59,96.25,-630.0,-367.50,1,94.226,
01/01/2000,00:55:36.41,22.45,-56.36,-992.84,201.25,-700.0,-271.25,1,94.227,
01/01/2000,00:55:36.42,22.20,-56.73,-993.08,253.75,-708.75,-350.0,1,94.228,
01/01/2000,00:55:36.43,22.08,-56.61,-993.20,166.25,-700.0,-332.50,1,94.228,
01/01/2000,00:55:36.44,22.33,-56.73,-992.96,262.50,-708.75,-341.25,1,94.229,
01/01/2000,00:55:36.46,22.45,-56.49,-992.84,201.25,-621.25,-157.50,1,94.230,
01/01/2000,00:55:36.47,22.45,-56.85,-992.71,210.0,-857.50,-402.50,1,94.230,
01/01/2000,00:55:36.48,22.45,-56.85,-993.08,113.75,-726.25,-402.50,1,94.231,
01/01/2000,00:55:36.49,22.20,-56.73,-993.32,113.75,-708.75,-411.25,1,94.232,
01/01/2000,00:55:36.50,22.45,-56.61,-993.32,157.50,-700.0,-271.25,1,94.232,
01/01/2000,00:55:36.51,22.45,-56.49,-993.08,262.50,-787.50,-323.75,1,94.233,
01/01/2000,00:55:36.52,22.57,-56.24,-992.71,113.75,-665.0,-245.0,1,94.234,
01/01/2000,00:55:36.53,22.45,-56.85,-992.84,245.0,-656.25,-376.25,1,94.234,
01/01/2000,00:55:36.54,22.20,-56.97,-993.08,96.25,-708.75,-393.75,1,94.235,
01/01/2000,00:55:36.55,22.20,-56.85,-993.20,227.50,-603.75,-455.0,1,94.236,
01/01/2000,00:55:36.56,22.45,-56.49,-993.08,201.25,-656.25,-297.50,1,94.236,
01/01/2000,00:55:36.57,22.20,-56.36,-992.71,61.25,-717.50,-280.0,1,94.237,
01/01/2000,00:55:36.58,22.20,-56.61,-992.47,140.0,-708.75,-323.75,1,94.238,
01/01/2000,00:55:36.59,22.08,-56.73,-992.84,253.75,-673.75,-332.50,1,94.228,
01/01/2000,00:55:36.61,22.33,-56.85,-993.08,122.50,-665.0,-376.25,1,94.228,
01/01/2000,00:55:36.62,22.08,-56.36,-993.08,61.25,-700.0,-315.0,1,94.229,
01/01/2000,00:55:36.63,22.08,-56.24,-992.71,183.75,-735.0,-393.75,1,94.229,
01/01/2000,00:55:36.64,22.08,-56.36,-992.35,245.0,-691.25,-341.25,1,94.230,
01/01/2000,00:55:36.65,21.96,-56.36,-992.59,113.75,-673.75,-183.75,1,94.231,
01/01/2000,00:55:36.66,22.20,-56.73,-993.08,157.50,-682.50,-315.0,1,94.231,
01/01/2000,00:55:36.67,22.33,-56.61,-993.20,201.25,-656.25,-385.0,1,94.232,
01/01/2000,00:55:36.68,22.20,-56.49,-992.84,122.50,-761.25,-306.25,1,94.233,
01/01/2000,00:55:36.69,22.33,-56.36,-992.47,175.0,-630.0,-385.0,1,94.233,
01/01/2000,00:55:36.70,22.20,-56.24,-992.59,201.25,-743.75,-245.0,1,94.234,
01/01/2000,00:55:36.71,22.45,-56.36,-992.84,140.0,-735.0,-455.0,1,94.235,
01/01/2000,00:55:36.72,22.45,-56.61,-993.08,210.0,-665.0,-253.75,1,94.225,
01/01/2000,00:55:36.73,22.33,-56.49,-992.84,175.0,-708.75,-420.0,1,94.236,
01/01/2000,00:55:36.74,22.33,-56.36,-992.84,245.0,-743.75,-490.0,1,94.226,
01/01/2000,00:55:36.75,22.45,-56.12,-992.84,70.0,-796.25,-297.50,1,94.227,
01/01/2000,00:55:36.76,22.69,-56.12,-993.08,166.25,-726.25,-236.25,1,94.227,
01/01/2000,00:55:36.77,22.45,-56.36,-993.32,262.50,-665.0,-367.50,1,94.228,
01/01/2000,00:55:36.78,22.33,-56.61,-993.32,218.75,-717.50,-420.0,1,94.229,
01/01/2000,00:55:36.79,22.33,-56.61,-993.08,113.75,-656.25,-332.50,1,94.229,
01/01/2000,00:55:36.81,22.57,-56.49,-993.08,210.0,-735.0,-341.25,1,94.230,
01/01/2000,00:55:36.82,22.69,-56.49,-993.08,78.75,-700.0,-297.50,1,94.231,
01/01/2000,00:55:36.83,22.45,-56.61,-993.08,113.75,-752.50,-280.0,1,94.231,
01/01/2000,00:55:36.84,22.33,-56.73,-993.08,122.50,-735.0,-358.75,1,94.232,
01/01/2000,00:55:36.85,22.33,-56.61,-993.08,210.0,-647.50,-297.50,1,94.233,
01/01/2000,00:55:36.86,22.33,-56.61,-993.08,96.25,-883.75,-288.75,1,94.233,
01/01/2000,00:55:36.87,22.45,-56.49,-993.08,306.25,-743.75,-367.50,1,94.234,
01/01/2000,00:55:36.88,22.20,-56.61,-993.20,148.75,-726.25,-245.0,1,94.234,
01/01/2000,00:55:36.89,22.33,-56.61,-993.20,271.25,-708.75,-498.75,1,94.235,
01/01/2000,00:55:36.90,22.45,-56.73,-993.08,192.50,-595.0,-288.75,1,94.236,
01/01/2000,00:55:36.91,22.20,-56.36,-993.08,140.0,-673.75,-341.25,1,94.236,
01/01/2000,00:55:36.92,22.33,-56.36,-993.32,183.75,-735.0,-341.25,1,94.237,
01/01/2000,00:55:36.93,22.57,-56.49,-993.32,253.75,-700.0,-297.50,1,94.238,
01/01/2000,00:55:36.94,22.33,-56.24,-993.32,87.50,-708.75,-315.0,1,94.238,
01/01/2000,00:55:36.96,22.33,-56.36,-993.20,157.50,-805.0,-332.50,1,94.228,
01/01/2000,00:55:36.96,22.20,-56.36,-993.32,148.75,-770.0,-306.25,1,94.229,
01/01/2000,00:55:36.98,22.20,-56.49,-993.57,166.25,-708.75,-393.75,1,94.230,
01/01/2000,00:55:36.99,22.33,-56.49,-993.45,52.50,-726.25,-358.75,1,94.230,
01/01/2000,00:55:37.00,22.20,-56.36,-993.32,61.25,-700.0,-393.75,1,94.231,
01/01/2000,00:55:37.01,22.08,-56.24,-993.20,35.0,-638.75,-280.0,1,94.232,
01/01/2000,00:55:37.02,21.96,-56.12,-993.32,166.25,-708.75,-376.25,1,94.232,
01/01/2000,00:55:37.03,22.08,-56.36,-993.32,87.50,-595.0,-280.0,1,94.233,
01/01/2000,00:55:37.04,22.20,-56.36,-993.20,183.75,-595.0,-253.75,1,94.234,
01/01/2000,00:55:37.05,22.08,-56.36,-993.08,131.25,-682.50,-385.0,1,94.234,
01/01/2000,00:55:37.06,21.96,-56.12,-993.20,280.0,-717.50,-376.25,1,94.235,
01/01/2000,00:55:37.07,21.96,-56.24,-993.32,236.25,-717.50,-315.0,1,94.236,
01/01/2000,00:55:37.08,22.08,-56.12,-993.32,113.75,-761.25,-288.75,1,94.236,
01/01/2000,00:55:37.09,21.84,-56.12,-992.96,175.0,-621.25,-332.50,1,94.226,
01/01/2000,00:55:37.10,21.84,-56.36,-992.71,113.75,-691.25,-367.50,1,94.227,
01/01/2000,00:55:37.12,21.96,-56.36,-993.08,192.50,-778.75,-297.50,1,94.228,
01/01/2000,00:55:37.13,21.96,-56.36,-993.20,192.50,-665.0,-297.50,1,94.228,
01/01/2000,00:55:37.14,21.84,-56.49,-993.08,280.0,-586.25,-481.25,1,94.229,
01/01/2000,00:55:37.15,21.72,-56.24,-992.96,113.75,-673.75,-358.75,1,94.229,
01/01/2000,00:55:37.16,21.96,-56.12,-993.08,113.75,-708.75,-271.25,1,94.230,
01/01/2000,00:55:37.17,22.20,-56.24,-993.20,157.50,-778.75,-288.75,1,94.231,
01/01/2000,00:55:37.18,22.20,-56.49,-993.08,131.25,-673.75,-341.25,1,94.231,
01/01/2000,00:55:37.19,22.20,-56.36,-993.08,122.50,-691.25,-411.25,1,94.232,
01/01/2000,00:55:37.20,22.20,-56.49,-992.96,105.0,-778.75,-463.75,1,94.233,
01/01/2000,00:55:37.21,22.33,-56.12,-992.96,17.50,-603.75,-201.25,1,94.233,
01/01/2000,00:55:37.22,22.20,-56.00,-992.96,218.75,-857.50,-393.75,1,94.234,
01/01/2000,00:55:37.23,22.20,-56.00,-992.59,166.25,-735.0,-262.50,1,94.235,
01/01/2000,00:55:37.24,22.33,-56.12,-992.71,183.75,-603.75,-253.75,1,94.235,
01/01/2000,00:55:37.25,22.20,-56.24,-992.84,131.25,-682.50,-402.50,1,94.236,
01/01/2000,00:55:37.26,22.45,-56.12,-992.84,105.0,-717.50,-262.50,1,94.237,
01/01/2000,00:55:37.27,22.20,-56.12,-992.84,201.25,-787.50,-376.25,1,94.237,
01/01/2000,00:55:37.28,22.20,-55.88,-992.84,148.75,-726.25,-393.75,1,94.238,
01/01/2000,00:55:37.29,22.20,-55.88,-992.59,245.0,-770.0,-271.25,1,94.239,
01/01/2000,00:55:37.30,22.45,-56.00,-992.59,157.50,-656.25,-393.75,1,94.229,
01/01/2000,00:55:37.31,22.33,-56.12,-992.47,192.50,-717.50,-218.75,1,94.229,
01/01/2000,00:55:37.32,22.45,-56.36,-992.59,227.50,-778.75,-437.50,1,94.230,
01/01/2000,00:55:37.33,22.45,-56.36,-992.59,122.50,-700.0,-236.25,1,94.231,
01/01/2000,00:55:37.34,22.45,-56.12,-992.59,192.50,-647.50,-262.50,1,94.231,
01/01/2000,00:55:37.35,22.20,-55.88,-992.59,157.50,-752.50,-358.75,1,94.232,
01/01/2000,00:55:37.37,22.33,-55.88,-992.59,140.0,-586.25,-350.0,1,94.232,
01/01/2000,00:55:37.38,22.33,-56.00,-992.59,113.75,-691.25,-358.75,1,94.233,
01/01/2000,00:55:37.39,22.57,-56.00,-992.59,192.50,-735.0,-402.50,1,94.234,
01/01/2000,00:55:37.40,22.45,-56.12,-992.59,-26.25,-638.75,-420.0,1,94.234,
01/01/2000,00:55:37.41,22.20,-56.12,-992.35,201.25,-647.50,-455.0,1,94.235,
01/01/2000,00:55:37.42,22.20,-56.00,-992.47,157.50,-691.25,-411.25,1,94.236,
01/01/2000,00:55:37.43,22.45,-55.88,-992.59,-43.75,-647.50,-227.50,1,94.236,
01/01/2000,00:55:37.44,22.45,-56.00,-992.47,35.0,-647.50,-332.50,1,94.237,
01/01/2000,00:55:37.45,22.20,-56.00,-992.47,183.75,-638.75,-350.0,1,94.238,
01/01/2000,00:55:37.46,22.20,-56.24,-992.35,192.50,-761.25,-428.75,1,94.238,
01/01/2000,00:55:37.47,22.20,-56.12,-992.59,-8.75,-717.50,-315.0,1,94.239,
01/01/2000,00:55:37.48,22.20,-56.00,-992.59,140.0,-743.75,-253.75,1,94.240,
01/01/2000,00:55:37.49,22.33,-56.00,-992.59,140.0,-796.25,-385.0,1,94.240,
01/01/2000,00:55:37.50,22.20,-55.88,-992.59,122.50,-595.0,-306.25,1,94.241,
01/01/2000,00:55:37.51,22.08,-56.12,-992.59,236.25,-673.75,-411.25,1,94.231,
01/01/2000,00:55:37.52,22.20,-56.36,-992.59,96.25,-708.75,-350.0,1,94.232,
01/01/2000,00:55:37.54,22.20,-56.24,-992.59,157.50,-682.50,-367.50,1,94.232,
01/01/2000,00:55:37.54,22.20,-56.36,-992.47,78.75,-656.25,-367.50,1,94.233,
01/01/2000,00:55:37.56,22.08,-56.12,-992.35,183.75,-700.0,-227.50,1,94.234,
01/01/2000,00:55:37.56,21.96,-55.88,-992.35,201.25,-691.25,-385.0,1,94.234,
01/01/2000,00:55:37.58,21.96,-56.12,-992.47,157.50,-700.0,-323.75,1,94.235,
01/01/2000,00:55:37.59,21.72,-55.88,-992.71,43.75,-700.0,-323.75,1,94.236,
01/01/2000,00:55:37.60,22.33,-56.00,-992.59,210.0,-752.50,-507.50,1,94.236,
01/01/2000,00:55:37.61,22.94,-56.00,-991.98,35.0,-761.25,-306.25,1,94.237,
01/01/2000,00:55:37.62,22.57,-56.24,-991.74,-17.50,-796.25,-52.50,1,94.227,
01/01/2000,00:55:37.63,21.84,-56.49,-992.59,-8.75,-612.50,-498.75,1,94.228,
01/01/2000,00:55:37.64,21.96,-56.36,-993.20,350.0,-708.75,-682.50,1,94.228,
01/01/2000,00:55:37.66,22.57,-55.63,-993.20,131.25,-630.0,-271.25,1,94.229,
01/01/2000,00:55:37.67,22.69,-55.63,-992.47,61.25,-691.25,113.75,1,94.229,
01/01/2000,00:55:37.68,22.57,-56.24,-991.86,113.75,-603.75,0.0,1,94.230,
01/01/2000,00:55:37.69,22.45,-56.61,-991.86,218.75,-840.0,-428.75,1,94.231,
01/01/2000,00:55:37.70,22.45,-56.85,-992.47,17.50,-586.25,-638.75,1,94.231,
01/01/2000,00:55:37.71,22.45,-56.61,-992.96,148.75,-822.50,-455.0,1,94.232,
01/01/2000,00:55:37.72,22.45,-56.00,-992.84,253.75,-752.50,-245.0,1,94.233,
01/01/2000,00:55:37.73,22.57,-55.39,-992.35,113.75,-603.75,-236.25,1,94.233,
01/01/2000,00:55:37.74,22.33,-55.75,-991.98,157.50,-700.0,-297.50,1,94.234,
01/01/2000,00:55:37.75,22.69,-56.36,-992.35,131.25,-673.75,-262.50,1,94.235,
01/01/2000,00:55:37.76,22.81,-56.61,-992.96,192.50,-708.75,-463.75,1,94.235,
01/01/2000,00:55:37.77,22.69,-56.61,-993.20,140.0,-770.0,-411.25,1,94.236,
01/01/2000,00:55:37.78,22.57,-56.36,-992.71,183.75,-743.75,-411.25,1,94.237,
01/01/2000,00:55:37.79,22.45,-55.63,-991.86,148.75,-778.75,-341.25,1,94.237,
01/01/2000,00:55:37.80,22.45,-55.63,-991.98,87.50,-595.0,-157.50,1,94.238,
01/01/2000,00:55:37.81,22.45,-56.36,-992.71,96.25,-673.75,-385.0,1,94.239,
01/01/2000,00:55:37.82,22.45,-56.73,-992.84,43.75,-691.25,-385.0,1,94.239,
01/01/2000,00:55:37.83,22.45,-56.61,-992.59,175.0,-630.0,-402.50,1,94.240,
01/01/2000,00:55:37.84,22.33,-56.61,-992.23,183.75,-726.25,-376.25,1,94.240,
01/01/2000,00:55:37.85,22.45,-55.88,-992.10,236.25,-665.0,-288.75,1,94.241,
01/01/2000,00:55:37.86,22.45,-55.88,-992.84,148.75,-630.0,-358.75,1,94.231,
01/01/2000,00:55:37.87,22.33,-56.12,-993.08,288.75,-656.25,-271.25,1,94.232,
01/01/2000,00:55:37.89,22.08,-56.36,-992.84,157.50,-726.25,-455.0,1,94.232,
01/01/2000,00:55:37.90,22.20,-56.24,-992.35,192.50,-595.0,-428.75,1,94.233,
01/01/2000,00:55:37.91,22.45,-56.00,-992.10,175.0,-717.50,-253.75,1,94.234,
01/01/2000,00:55:37.92,22.45,-56.12,-992.35,166.25,-708.75,-157.50,1,94.234,
01/01/2000,00:55:37.93,22.33,-56.36,-992.71,306.25,-708.75,-358.75,1,94.235,
01/01/2000,00:55:37.94,22.08,-56.12,-992.84,253.75,-586.25,-323.75,1,94.236,
01/01/2000,00:55:37.95,21.96,-56.12,-992.59,280.0,-647.50,-490.0,1,94.236,
01/01/2000,00:55:37.96,22.20,-55.88,-992.35,201.25,-691.25,-210.0,1,94.237,
01/01/2000,00:55:37.97,22.20,-55.75,-992.35,87.50,-691.25,-288.75,1,94.238,
01/01/2000,00:55:37.98,22.45,-56.12,-992.35,227.50,-630.0,-201.25,1,94.238,
01/01/2000,00:55:37.99,22.45,-56.49,-992.23,227.50,-787.50,-498.75,1,94.239,
01/01/2000,00:55:38.00,22.08,-56.12,-992.35,245.0,-778.75,-411.25,1,94.229,
01/01/2000,00:55:38.01,22.08,-55.88,-992.35,70.0,-761.25,-428.75,1,94.230,
01/01/2000,00:55:38.02,22.45,-55.88,-992.47,131.25,-638.75,-350.0,1,94.230,
01/01/2000,00:55:38.03,22.57,-55.63,-992.35,-8.75,-638.75,-297.50,1,94.231,
01/01/2000,00:55:38.04,22.57,-56.36,-992.35,288.75,-883.75,-183.75,1,94.232,
01/01/2000,00:55:38.05,22.45,-56.49,-992.23,113.75,-787.50,-463.75,1,94.232,
01/01/2000,00:55:38.06,22.33,-56.49,-992.47,87.50,-761.25,-385.0,1,94.233,
01/01/2000,00:55:38.08,22.69,-56.61,-992.71,201.25,-673.75,-402.50,1,94.234,
01/01/2000,00:55:38.09,22.45,-56.12,-992.71,140.0,-717.50,-253.75,1,94.234,
01/01/2000,00:55:38.10,22.57,-56.12,-992.47,131.25,-682.50,-411.25,1,94.235,
01/01/2000,00:55:38.11,22.45,-56.36,-992.35,332.50,-717.50,-288.75,1,94.235,
01/01/2000,00:55:38.12,22.33,-56.24,-992.59,96.25,-673.75,-288.75,1,94.236,
01/01/2000,00:55:38.13,22.45,-56.36,-992.59,183.75,-656.25,-367.50,1,94.237,
01/01/2000,00:55:38.14,22.45,-56.12,-992.59,157.50,-682.50,-227.50,1,94.227,
01/01/2000,00:55:38.15,22.20,-56.12,-992.35,96.25,-638.75,-332.50,1,94.228,
01/01/2000,00:55:38.16,21.96,-56.00,-992.47,113.75,-822.50,-323.75,1,94.228,
01/01/2000,00:55:38.17,22.20,-56.12,-992.71,227.50,-656.25,-350.0,1,94.229,
01/01/2000,00:55:38.18,22.33,-56.24,-992.59,210.0,-691.25,-385.0,1,94.229,
01/01/2000,00:55:38.19,22.20,-56.12,-992.47,183.75,-735.0,-280.0,1,94.230,
01/01/2000,00:55:38.20,22.33,-56.36,-992.10,148.75,-630.0,-262.50,1,94.231,
01/01/2000,00:55:38.22,22.33,-56.24,-992.10,113.75,-717.50,-385.0,1,94.231,
01/01/2000,00:55:38.23,22.08,-56.12,-992.47,227.50,-673.75,-218.75,1,94.232,
01/01/2000,00:55:38.24,22.20,-55.88,-992.59,131.25,-656.25,-446.25,1,94.233,
01/01/2000,00:55:38.25,22.33,-55.88,-992.59,315.0,-638.75,-253.75,1,94.233,
01/01/2000,00:55:38.26,22.33,-55.88,-992.47,113.75,-717.50,-297.50,1,94.234,
01/01/2000,00:55:38.27,22.33,-56.12,-992.23,227.50,-665.0,-350.0,1,94.235,
01/01/2000,00:55:38.28,22.45,-56.36,-992.23,166.25,-822.50,-315.0,1,94.235,
01/01/2000,00:55:38.29,22.69,-56.36,-992.59,183.75,-682.50,-402.50,1,94.236,
01/01/2000,00:55:38.30,22.57,-56.12,-992.59,87.50,-656.25,-315.0,1,94.237,
01/01/2000,00:55:38.31,22.33,-55.75,-992.47,210.0,-682.50,-315.0,1,94.237,
01/01/2000,00:55:38.32,22.45,-55.88,-992.23,192.50,-700.0,-306.25,1,94.238,
01/01/2000,00:55:38.33,22.69,-55.88,-992.23,201.25,-708.75,-201.25,1,94.238,
01/01/2000,00:55:38.34,22.69,-56.49,-992.23,26.25,-752.50,-428.75,1,94.239,
01/01/2000,00:55:38.35,22.69,-56.61,-992.23,262.50,-726.25,-428.75,1,94.240,
01/01/2000,00:55:38.36,22.45,-56.36,-992.10,26.25,-770.0,-367.50,1,94.240,
01/01/2000,00:55:38.37,22.33,-56.00,-992.10,175.0,-621.25,-332.50,1,94.241,
01/01/2000,00:55:38.38,22.08,-55.88,-992.35,218.75,-752.50,-253.75,1,94.242,
01/01/2000,00:55:38.39,22.33,-55.75,-992.47,148.75,-787.50,-437.50,1,94.242,
01/01/2000,00:55:38.40,22.57,-56.00,-992.47,166.25,-726.25,-271.25,1,94.243,
01/01/2000,00:55:38.41,22.69,-56.12,-992.23,131.25,-708.75,-332.50,1,94.244,
01/01/2000,00:55:38.42,22.57,-56.24,-992.10,113.75,-647.50,-428.75,1,94.234,
01/01/2000,00:55:38.44,22.45,-56.12,-992.35,105.0,-726.25,-393.75,1,94.234,
01/01/2000,00:55:38.44,22.33,-55.75,-992.47,192.50,-568.75,-350.0,1,94.235,
01/01/2000,00:55:38.46,22.45,-55.63,-992.59,157.50,-673.75,-332.50,1,94.236,
01/01/2000,00:55:38.47,22.33,-55.63,-992.23,166.25,-708.75,-323.75,1,94.236,
01/01/2000,00:55:38.48,22.45,-55.88,-991.86,122.50,-778.75,-253.75,1,94.237,
01/01/2000,00:55:38.49,22.45,-56.12,-991.74,70.0,-691.25,-306.25,1,94.238,
01/01/2000,00:55:38.50,22.45,-56.24,-992.10,113.75,-638.75,-341.25,1,94.238,
01/01/2000,00:55:38.51,22.45,-56.12,-992.35,78.75,-831.25,-358.75,1,94.239,
01/01/2000,00:55:38.52,22.33,-55.63,-992.23,70.0,-691.25,-166.25,1,94.240,
01/01/2000,00:55:38.53,22.08,-55.63,-991.98,78.75,-752.50,-332.50,1,94.240,
01/01/2000,00:55:38.54,22.08,-55.75,-991.86,105.0,-743.75,-280.0,1,94.241,
01/01/2000,00:55:38.55,22.20,-56.00,-991.86,70.0,-665.0,-332.50,1,94.241,
01/01/2000,00:55:38.56,22.33,-56.24,-991.86,306.25,-700.0,-385.0,1,94.232,
01/01/2000,00:55:38.57,22.33,-56.12,-992.10,140.0,-682.50,-367.50,1,94.232,
01/01/2000,00:55:38.58,21.96,-55.88,-992.10,105.0,-761.25,-393.75,1,94.233,
01/01/2000,00:55:38.59,21.96,-55.75,-991.98,350.0,-673.75,-376.25,1,94.234,
01/01/2000,00:55:38.60,21.96,-55.75,-991.86,201.25,-752.50,-245.0,1,94.234,
01/01/2000,00:55:38.61,21.96,-56.00,-991.86,175.0,-691.25,-332.50,1,94.235,
01/01/2000,00:55:38.62,21.96,-56.36,-991.86,122.50,-796.25,-376.25,1,94.235,
01/01/2000,00:55:38.64,21.84,-56.12,-991.98,70.0,-752.50,-341.25,1,94.236,
01/01/2000,00:55:38.65,21.96,-55.88,-992.10,227.50,-796.25,-297.50,1,94.237,
01/01/2000,00:55:38.66,21.96,-55.63,-992.10,315.0,-770.0,-297.50,1,94.237,
01/01/2000,00:55:38.67,21.96,-55.75,-992.10,96.25,-673.75,-341.25,1,94.238,
01/01/2000,00:55:38.68,22.08,-56.00,-991.98,148.75,-735.0,-306.25,1,94.239,
01/01/2000,00:55:38.69,22.20,-56.24,-991.98,262.50,-568.75,-376.25,1,94.239,
01/01/2000,00:55:38.70,22.20,-56.12,-991.86,52.50,-805.0,-402.50,1,94.229,
01/01/2000,00:55:38.71,22.20,-56.00,-991.98,201.25,-708.75,-411.25,1,94.230,
01/01/2000,00:55:38.72,22.20,-55.88,-992.10,140.0,-612.50,-210.0,1,94.231,
01/01/2000,00:55:38.73,22.20,-55.88,-992.10,105.0,-673.75,-367.50,1,94.231,
01/01/2000,00:55:38.74,22.33,-56.00,-992.10,157.50,-682.50,-245.0,1,94.232,
01/01/2000,00:55:38.75,22.33,-56.24,-991.98,280.0,-761.25,-402.50,1,94.233,
01/01/2000,00:55:38.76,22.45,-56.36,-991.74,236.25,-743.75,-280.0,1,94.233,
01/01/2000,00:55:38.77,22.45,-56.36,-991.86,8.75,-708.75,-376.25,1,94.234,
01/01/2000,00:55:38.78,22.45,-56.12,-991.86,105.0,-656.25,-288.75,1,94.235,
01/01/2000,00:55:38.79,22.45,-56.00,-992.23,175.0,-752.50,-306.25,1,94.235,
01/01/2000,00:55:38.81,22.45,-56.12,-992.23,113.75,-647.50,-315.0,1,94.236,
01/01/2000,00:55:38.81,22.69,-56.24,-992.35,253.75,-700.0,-323.75,1,94.237,
01/01/2000,00:55:38.83,22.69,-56.36,-992.23,70.0,-700.0,-350.0,1,94.237,
01/01/2000,00:55:38.84,22.57,-56.36,-991.98,157.50,-568.75,-376.25,1,94.238,
01/01/2000,00:55:38.85,22.57,-56.36,-991.98,175.0,-708.75,-376.25,1,94.238,
01/01/2000,00:55:38.86,22.57,-56.12,-992.10,148.75,-708.75,-227.50,1,94.239,
01/01/2000,00:55:38.87,22.57,-56.12,-992.23,131.25,-612.50,-253.75,1,94.240,
01/01/2000,00:55:38.88,22.45,-56.12,-992.10,122.50,-752.50,-306.25,1,94.240,
01/01/2000,00:55:38.89,22.45,-56.12,-991.86,70.0,-708.75,-490.0,1,94.241,
01/01/2000,00:55:38.90,22.45,-56.12,-991.86,113.75,-682.50,-297.50,1,94.242,
01/01/2000,00:55:38.91,22.57,-56.24,-991.98,157.50,-743.75,-358.75,1,94.242,
01/01/2000,00:55:38.92,22.45,-56.12,-992.10,52.50,-665.0,-393.75,1,94.243,
01/01/2000,00:55:38.93,22.45,-55.88,-992.10,140.0,-638.75,-332.50,1,94.243,
01/01/2000,00:55:38.94,22.45,-55.75,-992.10,78.75,-770.0,-393.75,1,94.244,
01/01/2000,00:55:38.95,22.57,-55.88,-992.23,148.75,-708.75,-315.0,1,94.245,
01/01/2000,00:55:38.96,22.69,-56.00,-992.47,236.25,-761.25,-350.0,1,94.245,
01/01/2000,00:55:38.97,22.81,-56.12,-992.35,26.25,-743.75,-332.50,1,94.246,
01/01/2000,00:55:38.98,22.45,-56.36,-992.35,175.0,-603.75,-472.50,1,94.236,
01/01/2000,00:55:38.99,22.33,-56.12,-992.47,201.25,-708.75,-332.50,1,94.237,
01/01/2000,00:55:39.00,22.45,-55.88,-992.47,183.75,-682.50,-332.50,1,94.238,
01/01/2000,00:55:39.01,22.45,-55.88,-992.59,192.50,-743.75,-245.0,1,94.238,
01/01/2000,00:55:39.02,22.20,-56.12,-992.59,245.0,-647.50,-350.0,1,94.239,
01/01/2000,00:55:39.03,22.20,-56.36,-992.59,148.75,-787.50,-358.75,1,94.239,
01/01/2000,00:55:39.04,22.33,-56.24,-992.59,288.75,-656.25,-315.0,1,94.240,
01/01/2000,00:55:39.06,22.20,-56.12,-992.71,245.0,-735.0,-245.0,1,94.241,
01/01/2000,00:55:39.07,22.08,-56.12,-992.59,183.75,-735.0,-402.50,1,94.241,
01/01/2000,00:55:39.08,21.96,-56.00,-992.35,96.25,-770.0,-253.75,1,94.242,
01/01/2000,00:55:39.09,21.96,-56.12,-992.23,35.0,-717.50,-288.75,1,94.243,
01/01/2000,00:55:39.10,22.20,-56.12,-992.47,148.75,-673.75,-315.0,1,94.243,
01/01/2000,00:55:39.11,22.33,-56.12,-992.47,113.75,-743.75,-463.75,1,94.244,
01/01/2000,00:55:39.12,22.33,-55.88,-992.35,87.50,-735.0,-393.75,1,94.245,
01/01/2000,00:55:39.13,22.20,-55.88,-992.23,78.75,-708.75,-358.75,1,94.235,
01/01/2000,00:55:39.14,22.08,-55.88,-992.47,236.25,-708.75,-341.25,1,94.235,
01/01/2000,00:55:39.16,22.20,-55.88,-992.47,87.50,-656.25,-341.25,1,94.236,
01/01/2000,00:55:39.17,22.33,-55.88,-992.35,157.50,-743.75,-288.75,1,94.237,
01/01/2000,00:55:39.18,22.20,-56.00,-992.23,157.50,-700.0,-323.75,1,94.237,
01/01/2000,00:55:39.19,22.20,-56.00,-992.35,157.50,-691.25,-358.75,1,94.238,
01/01/2000,00:55:39.20,22.20,-56.12,-992.35,148.75,-708.75,-297.50,1,94.228,
01/01/2000,00:55:39.21,22.33,-56.12,-992.59,157.50,-673.75,-393.75,1,94.239,
01/01/2000,00:55:39.22,22.45,-56.12,-992.59,148.75,-665.0,-420.0,1,94.229,
01/01/2000,00:55:39.23,22.45,-56.12,-992.47,131.25,-770.0,-262.50,1,94.230,
01/01/2000,00:55:39.24,22.45,-56.36,-992.23,297.50,-717.50,-262.50,1,94.231,
01/01/2000,00:55:39.25,22.45,-56.36,-992.47,157.50,-647.50,-350.0,1,94.231,
01/01/2000,00:55:39.26,22.45,-56.36,-992.59,8.75,-638.75,-393.75,1,94.232,
01/01/2000,00:55:39.27,22.69,-56.12,-992.59,105.0,-656.25,-306.25,1,94.233,
01/01/2000,00:55:39.28,22.57,-55.88,-992.47,87.50,-630.0,-280.0,1,94.233,
01/01/2000,00:55:39.29,22.45,-56.12,-992.35,183.75,-691.25,-402.50,1,94.234,
01/01/2000,00:55:39.30,22.45,-56.24,-992.35,201.25,-700.0,-280.0,1,94.235,
01/01/2000,00:55:39.31,22.57,-56.12,-992.47,192.50,-700.0,-297.50,1,94.235,
01/01/2000,00:55:39.32,22.57,-56.24,-992.59,78.75,-708.75,-358.75,1,94.236,
01/01/2000,00:55:39.33,22.45,-56.24,-992.47,183.75,-700.0,-262.50,1,94.236,
01/01/2000,00:55:39.35,22.45,-56.12,-992.59,210.0,-700.0,-358.75,1,94.237,
01/01/2000,00:55:39.36,22.33,-56.12,-992.84,201.25,-560.0,-437.50,1,94.238,
01/01/2000,00:55:39.37,22.45,-56.12,-992.84,166.25,-691.25,-245.0,1,94.238,
01/01/2000,00:55:39.38,22.33,-56.12,-992.71,262.50,-665.0,-323.75,1,94.239,
01/01/2000,00:55:39.39,22.20,-56.24,-992.47,201.25,-840.0,-350.0,1,94.240,
01/01/2000,00:55:39.40,22.33,-56.12,-992.35,105.0,-813.75,-350.0,1,94.240,
01/01/2000,00:55:39.41,22.33,-56.12,-992.59,315.0,-787.50,-332.50,1,94.231,
01/01/2000,00:55:39.42,22.45,-56.12,-992.84,122.50,-682.50,-323.75,1,94.231,
01/01/2000,00:55:39.43,22.45,-56.12,-992.84,288.75,-700.0,-402.50,1,94.232,
01/01/2000,00:55:39.44,22.20,-56.12,-992.47,218.75,-551.25,-367.50,1,94.232,
01/01/2000,00:55:39.45,22.20,-56.12,-992.35,166.25,-621.25,-262.50,1,94.233,
01/01/2000,00:55:39.46,22.20,-56.24,-992.35,218.75,-682.50,-393.75,1,94.234,
01/01/2000,00:55:39.47,22.20,-56.12,-992.47,113.75,-673.75,-271.25,1,94.234,
01/01/2000,00:55:39.49,22.20,-56.12,-992.35,105.0,-647.50,-385.0,1,94.235,
01/01/2000,00:55:39.50,22.08,-56.12,-992.35,297.50,-761.25,-367.50,1,94.236,
01/01/2000,00:55:39.51,22.20,-56.00,-992.35,227.50,-778.75,-245.0,1,94.236,
01/01/2000,00:55:39.52,22.20,-55.88,-992.35,262.50,-752.50,-306.25,1,94.237,
01/01/2000,00:55:39.53,22.45,-56.00,-992.47,210.0,-857.50,-437.50,1,94.238,
01/01/2000,00:55:39.54,22.45,-56.12,-992.47,52.50,-682.50,-323.75,1,94.238,
01/01/2000,00:55:39.55,22.45,-56.12,-992.35,210.0,-708.75,-367.50,1,94.228,
01/01/2000,00:55:39.56,22.33,-56.12,-992.35,192.50,-673.75,-358.75,1,94.229,
01/01/2000,00:55:39.57,22.33,-56.12,-992.35,183.75,-682.50,-280.0,1,94.230,
01/01/2000,00:55:39.58,22.45,-56.12,-992.47,131.25,-665.0,-367.50,1,94.230,
01/01/2000,00:55:39.59,22.45,-56.12,-992.47,131.25,-743.75,-323.75,1,94.231,
01/01/2000,00:55:39.60,22.20,-56.24,-992.59,70.0,-665.0,-411.25,1,94.232,
01/01/2000,00:55:39.61,22.20,-56.36,-992.47,175.0,-665.0,-350.0,1,94.232,
01/01/2000,00:55:39.63,22.33,-56.24,-992.47,140.0,-778.75,-350.0,1,94.233,
01/01/2000,00:55:39.64,22.45,-56.24,-992.35,218.75,-647.50,-376.25,1,94.234,
01/01/2000,00:55:39.65,22.45,-56.12,-992.47,236.25,-691.25,-210.0,1,94.234,
01/01/2000,00:55:39.66,22.33,-56.12,-992.47,8.75,-638.75,-385.0,1,94.235,
01/01/2000,00:55:39.67,22.33,-56.00,-992.59,236.25,-621.25,-280.0,1,94.235,
01/01/2000,00:55:39.68,22.45,-56.00,-992.71,148.75,-595.0,-367.50,1,94.236,
01/01/2000,00:55:39.69,22.45,-56.00,-992.59,175.0,-621.25,-350.0,1,94.237,
01/01/2000,00:55:39.70,22.33,-56.00,-992.47,166.25,-656.25,-288.75,1,94.227,
01/01/2000,00:55:39.71,22.33,-55.88,-992.35,210.0,-708.75,-306.25,1,94.228,
01/01/2000,00:55:39.72,22.45,-56.00,-992.35,201.25,-717.50,-315.0,1,94.228,
01/01/2000,00:55:39.73,22.33,-56.12,-992.35,148.75,-700.0,-315.0,1,94.229,
01/01/2000,00:55:39.74,22.20,-56.12,-992.35,236.25,-735.0,-315.0,1,94.230,
01/01/2000,00:55:39.75,22.33,-56.12,-992.35,131.25,-700.0,-402.50,1,94.230,
01/01/2000,00:55:39.76,22.33,-56.12,-992.47,201.25,-735.0,-306.25,1,94.231,
01/01/2000,00:55:39.77,22.20,-56.12,-992.47,113.75,-621.25,-341.25,1,94.231,
01/01/2000,00:55:39.78,22.45,-56.12,-992.35,26.25,-770.0,-332.50,1,94.232,
01/01/2000,00:55:39.79,22.45,-56.12,-992.35,218.75,-708.75,-341.25,1,94.233,
01/01/2000,00:55:39.80,22.45,-56.24,-992.35,122.50,-691.25,-297.50,1,94.233,
01/01/2000,00:55:39.81,22.57,-56.12,-992.59,87.50,-778.75,-358.75,1,94.234,
01/01/2000,00:55:39.82,22.57,-56.12,-992.59,87.50,-691.25,-393.75,1,94.235,
01/01/2000,00:55:39.84,22.45,-56.12,-992.47,157.50,-665.0,-350.0,1,94.235,
01/01/2000,00:55:39.85,22.45,-56.12,-992.35,253.75,-682.50,-253.75,1,94.236,
01/01/2000,00:55:39.86,22.45,-56.24,-992.47,297.50,-770.0,-402.50,1,94.236,
01/01/2000,00:55:39.87,22.45,-56.24,-992.71,157.50,-638.75,-385.0,1,94.237,
01/01/2000,00:55:39.88,22.45,-56.36,-992.84,236.25,-813.75,-297.50,1,94.238,
01/01/2000,00:55:39.89,22.33,-56.36,-992.59,175.0,-682.50,-253.75,1,94.238,
01/01/2000,00:55:39.90,22.45,-56.24,-992.47,52.50,-726.25,-297.50,1,94.239,
01/01/2000,00:55:39.91,22.45,-56.12,-992.35,140.0,-717.50,-280.0,1,94.240,
01/01/2000,00:55:39.92,22.45,-56.36,-992.47,166.25,-647.50,-428.75,1,94.240,
01/01/2000,00:55:39.93,22.20,-56.36,-992.59,245.0,-726.25,-332.50,1,94.241,
01/01/2000,00:55:39.94,22.33,-56.36,-992.47,210.0,-586.25,-306.25,1,94.241,
01/01/2000,00:55:39.95,22.45,-56.12,-992.59,218.75,-630.0,-332.50,1,94.242,
01/01/2000,00:55:39.96,22.57,-56.24,-992.59,70.0,-717.50,-367.50,1,94.243,
01/01/2000,00:55:39.97,22.45,-56.24,-992.47,210.0,-761.25,-446.25,1,94.233,
01/01/2000,00:55:39.98,22.45,-56.24,-992.59,183.75,-638.75,-367.50,1,94.234,
01/01/2000,00:55:39.99,22.45,-56.24,-992.59,175.0,-743.75,-236.25,1,94.234,
01/01/2000,00:55:40.00,22.45,-56.12,-992.59,157.50,-700.0,-315.0,1,94.235,
01/01/2000,00:55:40.01,22.33,-56.12,-992.47,166.25,-673.75,-323.75,1,94.236,
01/01/2000,00:55:40.02,22.33,-56.00,-992.35,183.75,-665.0,-341.25,1,94.236,
01/01/2000,00:55:40.03,22.45,-55.88,-992.35,140.0,-638.75,-297.50,1,94.237,
01/01/2000,00:55:40.05,22.45,-55.88,-992.47,271.25,-726.25,-376.25,1,94.237,
01/01/2000,00:55:40.06,22.45,-55.88,-992.47,218.75,-708.75,-306.25,1,94.238,
01/01/2000,00:55:40.07,22.45,-55.88,-992.35,122.50,-612.50,-385.0,1,94.239,
01/01/2000,00:55:40.08,22.45,-55.88,-992.35,236.25,-647.50,-306.25,1,94.239,
01/01/2000,00:55:40.09,22.45,-55.88,-992.47,131.25,-700.0,-297.50,1,94.240,
01/01/2000,00:55:40.10,22.45,-56.12,-992.59,227.50,-735.0,-315.0,1,94.241,
01/01/2000,00:55:40.11,22.45,-56.12,-992.71,140.0,-665.0,-253.75,1,94.241,
01/01/2000,00:55:40.12,22.45,-56.12,-992.47,122.50,-822.50,-297.50,1,94.242,
01/01/2000,00:55:40.13,22.45,-56.00,-992.35,131.25,-700.0,-288.75,1,94.242,
01/01/2000,00:55:40.14,22.57,-56.12,-992.35,105.0,-682.50,-315.0,1,94.243,
01/01/2000,00:55:40.15,22.45,-56.00,-992.35,70.0,-717.50,-315.0,1,94.244,
01/01/2000,00:55:40.16,22.45,-56.00,-992.35,227.50,-726.25,-341.25,1,94.244,
01/01/2000,00:55:40.18,22.45,-55.88,-992.35,87.50,-726.25,-376.25,1,94.235,
01/01/2000,00:55:40.19,22.45,-55.75,-992.35,96.25,-708.75,-385.0,1,94.235,
01/01/2000,00:55:40.20,22.45,-55.75,-992.35,280.0,-621.25,-385.0,1,94.236,
01/01/2000,00:55:40.21,22.33,-55.88,-992.59,183.75,-708.75,-350.0,1,94.237,
01/01/2000,00:55:40.22,22.45,-55.88,-992.59,140.0,-691.25,-306.25,1,94.237,
01/01/2000,00:55:40.23,22.57,-55.75,-992.47,218.75,-586.25,-253.75,1,94.238,
01/01/2000,00:55:40.24,22.45,-55.88,-992.35,218.75,-770.0,-253.75,1,94.239,
01/01/2000,00:55:40.25,22.45,-55.88,-992.35,96.25,-612.50,-306.25,1,94.239,
01/01/2000,00:55:40.26,22.45,-55.88,-992.35,148.75,-805.0,-411.25,1,94.240,
01/01/2000,00:55:40.27,22.45,-55.88,-992.35,78.75,-665.0,-402.50,1,94.240,
01/01/2000,00:55:40.28,22.33,-55.88,-992.23,183.75,-735.0,-350.0,1,94.241,
01/01/2000,00:55:40.29,22.20,-55.63,-992.23,78.75,-787.50,-315.0,1,94.242,
01/01/2000,00:55:40.30,22.33,-55.75,-992.10,166.25,-717.50,-411.25,1,94.242,
01/01/2000,00:55:40.31,22.45,-55.88,-992.23,140.0,-752.50,-315.0,1,94.243,
01/01/2000,00:55:40.32,22.33,-56.00,-992.23,140.0,-761.25,-367.50,1,94.244,
01/01/2000,00:55:40.33,22.20,-55.88,-991.98,245.0,-752.50,-288.75,1,94.234,
01/01/2000,00:55:40.34,22.20,-55.88,-991.86,166.25,-647.50,-350.0,1,94.235,
01/01/2000,00:55:40.35,22.20,-55.88,-991.86,8.75,-682.50,-306.25,1,94.235,
01/01/2000,00:55:40.36,22.20,-55.88,-992.10,157.50,-630.0,-253.75,1,94.236,
01/01/2000,00:55:40.37,22.45,-56.00,-992.10,192.50,-682.50,-297.50,1,94.236,
01/01/2000,00:55:40.38,22.45,-56.00,-992.23,148.75,-796.25,-288.75,1,94.237,
01/01/2000,00:55:40.40,22.45,-56.00,-992.35,140.0,-647.50,-306.25,1,94.238,
01/01/2000,00:55:40.41,22.33,-56.00,-992.35,-17.50,-700.0,-367.50,1,94.238,
01/01/2000,00:55:40.42,22.33,-55.88,-992.35,113.75,-805.0,-280.0,1,94.239,
01/01/2000,00:55:40.43,22.20,-55.88,-992.59,183.75,-638.75,-341.25,1,94.240,
01/01/2000,00:55:40.44,22.20,-56.00,-992.59,210.0,-595.0,-341.25,1,94.240,
01/01/2000,00:55:40.45,22.20,-55.88,-992.59,140.0,-656.25,-358.75,1,94.241,
01/01/2000,00:55:40.46,22.08,-55.88,-992.59,358.75,-743.75,-297.50,1,94.241,
01/01/2000,00:55:40.47,22.08,-55.75,-992.59,210.0,-735.0,-297.50,1,94.242,
01/01/2000,00:55:40.48,22.20,-56.12,-992.84,227.50,-717.50,-455.0,1,94.243,
01/01/2000,00:55:40.49,22.20,-56.12,-992.84,201.25,-805.0,-297.50,1,94.243,
01/01/2000,00:55:40.50,22.20,-56.12,-992.71,-140.0,-761.25,-288.75,1,94.244,
01/01/2000,00:55:40.51,22.20,-56.24,-992.59,175.0,-778.75,-367.50,1,94.234,
01/01/2000,00:55:40.52,22.20,-56.12,-992.59,113.75,-612.50,-341.25,1,94.245,
01/01/2000,00:55:40.53,22.45,-56.12,-992.59,113.75,-752.50,-271.25,1,94.236,
01/01/2000,00:55:40.55,22.33,-56.12,-992.59,70.0,-796.25,-411.25,1,94.236,
01/01/2000,00:55:40.56,22.20,-56.12,-992.47,210.0,-577.50,-358.75,1,94.237,
01/01/2000,00:55:40.57,22.33,-56.24,-992.47,245.0,-673.75,-420.0,1,94.237,
01/01/2000,00:55:40.58,22.33,-56.00,-992.47,70.0,-778.75,-148.75,1,94.238,
01/01/2000,00:55:40.59,22.33,-56.00,-992.47,166.25,-656.25,-428.75,1,94.239,
01/01/2000,00:55:40.60,22.20,-56.12,-992.35,96.25,-761.25,-376.25,1,94.239,
01/01/2000,00:55:40.61,22.20,-56.24,-992.35,175.0,-708.75,-288.75,1,94.240,
01/01/2000,00:55:40.62,22.20,-56.36,-992.35,210.0,-691.25,-315.0,1,94.241,
01/01/2000,00:55:40.63,22.20,-56.36,-992.35,166.25,-726.25,-315.0,1,94.241,
01/01/2000,00:55:40.64,22.20,-56.36,-992.47,140.0,-717.50,-350.0,1,94.242,
01/01/2000,00:55:40.65,22.33,-56.36,-992.59,122.50,-630.0,-341.25,1,94.242,
01/01/2000,00:55:40.66,22.33,-56.36,-992.59,288.75,-770.0,-411.25,1,94.243,
01/01/2000,00:55:40.67,22.33,-56.36,-992.47,227.50,-708.75,-420.0,1,94.244,
01/01/2000,00:55:40.69,22.20,-56.36,-992.35,148.75,-840.0,-341.25,1,94.234,
01/01/2000,00:55:40.70,22.20,-56.24,-992.35,87.50,-743.75,-323.75,1,94.235,
01/01/2000,00:55:40.71,22.33,-56.12,-992.59,157.50,-595.0,-306.25,1,94.235,
01/01/2000,00:55:40.72,22.20,-56.00,-992.59,201.25,-647.50,-227.50,1,94.236,
01/01/2000,00:55:40.73,22.20,-56.12,-992.47,175.0,-577.50,-297.50,1,94.237,
01/01/2000,00:55:40.74,22.20,-56.24,-992.35,140.0,-787.50,-323.75,1,94.237,
01/01/2000,00:55:40.75,22.33,-56.24,-992.47,236.25,-673.75,-332.50,1,94.238,
01/01/2000,00:55:40.76,22.57,-56.00,-992.59,105.0,-665.0,-175.0,1,94.238,
01/01/2000,00:55:40.77,22.45,-56.00,-992.59,113.75,-813.75,-358.75,1,94.239,
01/01/2000,00:55:40.78,22.33,-56.00,-992.47,52.50,-603.75,-341.25,1,94.240,
01/01/2000,00:55:40.79,22.33,-56.12,-992.47,105.0,-682.50,-393.75,1,94.240,
01/01/2000,00:55:40.80,22.45,-56.24,-992.35,236.25,-647.50,-253.75,1,94.241,
01/01/2000,00:55:40.81,22.45,-56.12,-992.35,140.0,-586.25,-393.75,1,94.242,
01/01/2000,00:55:40.82,22.33,-56.12,-992.23,78.75,-700.0,-341.25,1,94.232,
01/01/2000,00:55:40.83,22.33,-56.00,-992.23,87.50,-682.50,-350.0,1,94.243,
01/01/2000,00:55:40.84,22.33,-56.00,-992.35,245.0,-735.0,-332.50,1,94.233,
01/01/2000,00:55:40.85,22.45,-56.00,-992.35,192.50,-665.0,-297.50,1,94.234,
01/01/2000,00:55:40.86,22.45,-56.00,-992.35,175.0,-586.25,-402.50,1,94.235,
01/01/2000,00:55:40.87,22.45,-56.24,-992.10,78.75,-717.50,-306.25,1,94.235,
01/01/2000,00:55:40.88,22.45,-56.24,-992.10,262.50,-822.50,-262.50,1,94.236,
01/01/2000,00:55:40.89,22.45,-56.24,-992.23,271.25,-647.50,-393.75,1,94.236,
01/01/2000,00:55:40.90,22.45,-56.24,-992.35,140.0,-647.50,-262.50,1,94.237,
01/01/2000,00:55:40.91,22.45,-56.12,-992.35,166.25,-665.0,-350.0,1,94.238,
01/01/2000,00:55:40.92,22.45,-56.24,-992.35,271.25,-717.50,-350.0,1,94.238,
01/01/2000,00:55:40.93,22.45,-56.36,-992.35,245.0,-752.50,-367.50,1,94.239,
01/01/2000,00:55:40.94,22.45,-56.61,-992.35,140.0,-726.25,-376.25,1,94.239,
01/01/2000,00:55:40.95,22.45,-56.61,-992.23,122.50,-708.75,-393.75,1,94.240,
01/01/2000,00:55:40.97,22.45,-56.36,-992.47,210.0,-726.25,-323.75,1,94.241,
01/01/2000,00:55:40.98,22.45,-56.12,-992.47,140.0,-735.0,-350.0,1,94.241,
01/01/2000,00:55:40.99,22.20,-56.12,-992.47,148.75,-778.75,-315.0,1,94.242,
01/01/2000,00:55:41.00,22.33,-56.12,-992.47,157.50,-647.50,-332.50,1,94.243,
01/01/2000,00:55:41.01,22.20,-56.49,-992.47,192.50,-875.0,-315.0,1,94.243,
01/01/2000,00:55:41.02,22.08,-56.36,-992.59,306.25,-630.0,-367.50,1,94.244,
01/01/2000,00:55:41.03,21.96,-56.36,-992.71,271.25,-612.50,-288.75,1,94.244,
01/01/2000,00:55:41.04,21.96,-56.12,-992.84,113.75,-735.0,-306.25,1,94.245,
01/01/2000,00:55:41.05,21.96,-56.00,-992.84,131.25,-656.25,-341.25,1,94.236,
01/01/2000,00:55:41.06,22.20,-56.12,-992.84,192.50,-708.75,-297.50,1,94.246,
01/01/2000,00:55:41.07,22.20,-56.36,-992.59,8.75,-577.50,-271.25,1,94.237,
01/01/2000,00:55:41.08,22.45,-56.36,-992.35,-8.75,-735.0,-367.50,1,94.237,
01/01/2000,00:55:41.09,22.45,-56.49,-992.35,253.75,-761.25,-472.50,1,94.238,
01/01/2000,00:55:41.11,22.33,-56.12,-992.47,183.75,-743.75,-358.75,1,94.239,
01/01/2000,00:55:41.12,22.45,-56.12,-992.59,157.50,-621.25,-201.25,1,94.239,
01/01/2000,00:55:41.13,22.45,-56.24,-992.35,262.50,-621.25,-323.75,1,94.240,
01/01/2000,00:55:41.14,22.20,-56.36,-992.23,87.50,-717.50,-367.50,1,94.241,
01/01/2000,00:55:41.15,22.33,-56.36,-992.35,43.75,-603.75,-323.75,1,94.241,
01/01/2000,00:55:41.16,22.57,-56.49,-992.47,148.75,-638.75,-472.50,1,94.242,
01/01/2000,00:55:41.17,22.45,-56.36,-992.35,96.25,-770.0,-350.0,1,94.242,
01/01/2000,00:55:41.18,22.20,-56.12,-992.35,52.50,-647.50,-315.0,1,94.243,
01/01/2000,00:55:41.19,22.45,-55.88,-992.59,201.25,-770.0,-332.50,1,94.233,
01/01/2000,00:55:41.21,22.45,-55.88,-992.71,157.50,-560.0,-201.25,1,94.234,
01/01/2000,00:55:41.21,22.69,-56.12,-992.71,166.25,-656.25,-455.0,1,94.235,
01/01/2000,00:55:41.23,22.45,-56.12,-992.59,122.50,-665.0,-420.0,1,94.235,
01/01/2000,00:55:41.24,22.45,-55.88,-992.71,157.50,-682.50,-358.75,1,94.236,
01/01/2000,00:55:41.25,22.45,-56.00,-992.84,210.0,-691.25,-358.75,1,94.237,
01/01/2000,00:55:41.26,22.33,-56.12,-993.08,35.0,-551.25,-376.25,1,94.237,
01/01/2000,00:55:41.27,22.33,-56.00,-992.84,192.50,-630.0,-376.25,1,94.238,
01/01/2000,00:55:41.28,22.45,-56.00,-992.84,175.0,-700.0,-376.25,1,94.238,
01/01/2000,00:55:41.29,22.57,-56.12,-992.59,210.0,-752.50,-341.25,1,94.239,
01/01/2000,00:55:41.30,22.69,-56.36,-992.47,183.75,-621.25,-367.50,1,94.240,
01/01/2000,00:55:41.31,22.69,-56.36,-992.47,192.50,-735.0,-323.75,1,94.240,
01/01/2000,00:55:41.32,22.45,-56.24,-992.59,87.50,-726.25,-350.0,1,94.241,
01/01/2000,00:55:41.33,22.57,-56.12,-992.59,253.75,-682.50,-376.25,1,94.242,
01/01/2000,00:55:41.34,22.57,-56.12,-992.71,140.0,-682.50,-271.25,1,94.242,
01/01/2000,00:55:41.35,22.57,-56.12,-992.47,227.50,-647.50,-280.0,1,94.243,
01/01/2000,00:55:41.36,22.57,-56.12,-992.35,-8.75,-665.0,-323.75,1,94.243,
01/01/2000,00:55:41.37,22.69,-56.24,-992.35,105.0,-656.25,-420.0,1,94.244,
01/01/2000,00:55:41.38,22.69,-56.24,-992.35,113.75,-778.75,-428.75,1,94.245,
01/01/2000,00:55:41.39,22.45,-56.12,-992.59,148.75,-700.0,-166.25,1,94.235,
01/01/2000,00:55:41.40,22.57,-55.88,-992.59,280.0,-682.50,-280.0,1,94.236,
01/01/2000,00:55:41.41,22.57,-55.75,-992.59,122.50,-752.50,-227.50,1,94.236,
01/01/2000,00:55:41.42,22.45,-55.88,-992.35,87.50,-726.25,-297.50,1,94.237,
01/01/2000,00:55:41.43,22.45,-56.12,-992.35,201.25,-708.75,-323.75,1,94.238,
01/01/2000,00:55:41.44,22.45,-56.24,-992.35,201.25,-665.0,-367.50,1,94.238,
01/01/2000,00:55:41.46,22.33,-56.24,-992.84,113.75,-761.25,-332.50,1,94.239,
01/01/2000,00:55:41.47,22.20,-56.12,-993.08,96.25,-665.0,-411.25,1,94.239,
01/01/2000,00:55:41.48,22.20,-55.88,-992.96,175.0,-612.50,-280.0,1,94.240,
01/01/2000,00:55:41.49,22.20,-56.00,-992.71,140.0,-752.50,-288.75,1,94.241,
01/01/2000,00:55:41.50,22.08,-56.24,-992.59,131.25,-752.50,-315.0,1,94.241,
01/01/2000,00:55:41.51,21.96,-56.36,-992.59,175.0,-700.0,-376.25,1,94.242,
01/01/2000,00:55:41.52,22.20,-56.36,-992.71,140.0,-708.75,-323.75,1,94.243,
01/01/2000,00:55:41.53,22.20,-56.12,-992.59,192.50,-525.0,-148.75,1,94.243,
01/01/2000,00:55:41.54,22.20,-56.00,-992.47,210.0,-743.75,-280.0,1,94.244,
01/01/2000,00:55:41.55,22.20,-56.12,-992.59,210.0,-700.0,-323.75,1,94.244,
01/01/2000,00:55:41.56,22.20,-56.12,-992.84,78.75,-691.25,-446.25,1,94.245,
01/01/2000,00:55:41.57,22.33,-56.24,-992.96,253.75,-630.0,-376.25,1,94.246,
01/01/2000,00:55:41.58,22.33,-56.12,-992.96,262.50,-708.75,-350.0,1,94.246,
01/01/2000,00:55:41.59,22.33,-56.12,-992.59,192.50,-691.25,-280.0,1,94.237,
01/01/2000,00:55:41.60,22.20,-56.12,-992.59,218.75,-682.50,-332.50,1,94.237,
01/01/2000,00:55:41.61,22.20,-56.12,-992.84,131.25,-665.0,-323.75,1,94.238,
01/01/2000,00:55:41.62,22.33,-56.12,-992.96,227.50,-656.25,-262.50,1,94.239,
01/01/2000,00:55:41.63,22.45,-56.12,-992.84,26.25,-647.50,-385.0,1,94.239,
01/01/2000,00:55:41.64,22.33,-56.24,-992.59,175.0,-673.75,-376.25,1,94.240,
01/01/2000,00:55:41.65,22.20,-56.24,-992.47,236.25,-761.25,-262.50,1,94.240,
01/01/2000,00:55:41.67,22.33,-56.12,-992.59,227.50,-743.75,-350.0,1,94.241,
01/01/2000,00:55:41.68,22.45,-56.12,-992.84,157.50,-603.75,-385.0,1,94.242,
01/01/2000,00:55:41.69,22.45,-56.00,-992.84,87.50,-787.50,-297.50,1,94.242,
01/01/2000,00:55:41.70,22.08,-56.12,-992.47,332.50,-735.0,-306.25,1,94.233,
01/01/2000,00:55:41.71,22.08,-56.12,-992.35,131.25,-621.25,-315.0,1,94.233,
01/01/2000,00:55:41.72,22.20,-56.12,-992.59,166.25,-630.0,-411.25,1,94.234,
01/01/2000,00:55:41.73,22.20,-56.00,-992.84,35.0,-708.75,-411.25,1,94.235,
01/01/2000,00:55:41.74,22.08,-55.88,-992.84,183.75,-752.50,-350.0,1,94.235,
01/01/2000,00:55:41.75,22.08,-55.88,-992.59,201.25,-735.0,-323.75,1,94.236,
01/01/2000,00:55:41.76,22.08,-56.00,-992.47,157.50,-621.25,-428.75,1,94.237,
01/01/2000,00:55:41.77,22.33,-56.12,-992.47,61.25,-717.50,-315.0,1,94.237,
01/01/2000,00:55:41.78,22.45,-56.00,-992.59,227.50,-700.0,-428.75,1,94.238,
01/01/2000,00:55:41.79,22.45,-56.12,-992.71,175.0,-770.0,-218.75,1,94.238,
01/01/2000,00:55:41.81,22.33,-56.12,-992.59,140.0,-735.0,-402.50,1,94.239,
01/01/2000,00:55:41.82,22.33,-56.00,-992.59,192.50,-813.75,-490.0,1,94.240,
01/01/2000,00:55:41.83,22.45,-56.00,-992.84,122.50,-647.50,-411.25,1,94.240,
01/01/2000,00:55:41.84,22.57,-56.12,-992.96,166.25,-743.75,-262.50,1,94.241,
01/01/2000,00:55:41.85,22.45,-56.24,-992.96,105.0,-656.25,-341.25,1,94.241,
01/01/2000,00:55:41.86,22.20,-56.36,-992.84,140.0,-673.75,-402.50,1,94.242,
01/01/2000,00:55:41.87,22.20,-56.12,-992.59,157.50,-735.0,-288.75,1,94.243,
01/01/2000,00:55:41.88,22.20,-56.12,-992.59,166.25,-603.75,-288.75,1,94.243,
01/01/2000,00:55:41.89,22.20,-56.00,-992.96,131.25,-796.25,-358.75,1,94.244,
01/01/2000,00:55:41.90,22.20,-56.12,-992.84,157.50,-638.75,-175.0,1,94.245,
01/01/2000,00:55:41.91,21.96,-56.12,-992.71,297.50,-752.50,-463.75,1,94.245,
01/01/2000,00:55:41.92,21.96,-56.12,-992.59,70.0,-656.25,-367.50,1,94.246,
01/01/2000,00:55:41.93,22.20,-56.12,-992.59,70.0,-691.25,-271.25,1,94.246,
01/01/2000,00:55:41.94,22.20,-56.00,-992.71,245.0,-726.25,-376.25,1,94.247,
01/01/2000,00:55:41.95,22.20,-56.12,-992.59,227.50,-638.75,-367.50,1,94.248,
01/01/2000,00:55:41.96,22.08,-56.00,-992.59,236.25,-577.50,-376.25,1,94.248,
01/01/2000,00:55:41.97,22.20,-56.00,-992.84,463.75,-726.25,-533.75,1,94.249,
01/01/2000,00:55:41.98,21.96,-55.39,-993.20,52.50,-665.0,-183.75,1,94.249,
01/01/2000,00:55:41.99,22.20,-55.88,-992.71,17.50,-612.50,-490.0,1,94.250,
01/01/2000,00:55:42.00,22.45,-55.88,-992.35,192.50,-735.0,-175.0,1,94.251,
01/01/2000,00:55:42.02,22.20,-55.88,-992.59,-140.0,-717.50,-376.25,1,94.241,
01/01/2000,00:55:42.03,22.20,-56.49,-992.84,271.25,-700.0,-551.25,1,94.242,
01/01/2000,00:55:42.04,21.96,-55.88,-992.96,43.75,-638.75,-306.25,1,94.242,
01/01/2000,00:55:42.05,21.84,-55.75,-992.84,201.25,-787.50,-227.50,1,94.243,
01/01/2000,00:55:42.06,22.33,-55.88,-992.35,341.25,-761.25,-236.25,1,94.244,
01/01/2000,00:55:42.07,22.08,-55.63,-992.35,157.50,-638.75,-332.50,1,94.244,
01/01/2000,00:55:42.08,22.20,-56.24,-992.59,210.0,-656.25,-306.25,1,94.245,
01/01/2000,00:55:42.09,21.96,-56.12,-992.84,192.50,-647.50,-385.0,1,94.246,
01/01/2000,00:55:42.10,22.20,-55.88,-992.84,52.50,-603.75,-280.0,1,94.246,
01/01/2000,00:55:42.11,22.45,-55.88,-992.47,245.0,-621.25,-385.0,1,94.247,
01/01/2000,00:55:42.12,22.20,-55.51,-992.35,105.0,-656.25,-297.50,1,94.247,
01/01/2000,00:55:42.13,22.33,-56.00,-992.35,148.75,-673.75,-315.0,1,94.248,
01/01/2000,00:55:42.14,22.20,-56.36,-992.59,192.50,-682.50,-358.75,1,94.249,
01/01/2000,00:55:42.15,21.96,-56.12,-992.71,140.0,-682.50,-446.25,1,94.249,
01/01/2000,00:55:42.16,22.08,-56.24,-992.59,183.75,-726.25,-350.0,1,94.240,
01/01/2000,00:55:42.17,22.08,-55.63,-992.35,105.0,-638.75,-262.50,1,94.240,
01/01/2000,00:55:42.18,21.96,-55.88,-992.10,96.25,-778.75,-227.50,1,94.241,
01/01/2000,00:55:42.19,21.96,-56.00,-992.10,227.50,-700.0,-341.25,1,94.242,
01/01/2000,00:55:42.20,21.96,-56.00,-992.35,70.0,-673.75,-341.25,1,94.242,
01/01/2000,00:55:42.22,22.20,-56.12,-992.47,122.50,-630.0,-393.75,1,94.243,
01/01/2000,00:55:42.23,21.96,-55.63,-992.35,96.25,-586.25,-323.75,1,94.243,
01/01/2000,00:55:42.24,22.08,-55.51,-992.10,201.25,-656.25,-315.0,1,94.244,
01/01/2000,00:55:42.25,22.08,-55.75,-992.10,236.25,-708.75,-402.50,1,94.245,
01/01/2000,00:55:42.26,22.20,-56.00,-992.35,122.50,-665.0,-341.25,1,94.245,
01/01/2000,00:55:42.27,22.33,-56.12,-992.35,96.25,-665.0,-385.0,1,94.246,
01/01/2000,00:55:42.28,22.33,-55.88,-992.35,218.75,-691.25,-315.0,1,94.247,
01/01/2000,00:55:42.29,22.20,-55.88,-992.23,183.75,-726.25,-358.75,1,94.247,
01/01/2000,00:55:42.30,22.08,-55.75,-992.10,35.0,-735.0,-262.50,1,94.248,
01/01/2000,00:55:42.31,22.20,-55.88,-992.10,183.75,-656.25,-332.50,1,94.248,
01/01/2000,00:55:42.32,22.33,-56.00,-991.86,70.0,-752.50,-306.25,1,94.239,
01/01/2000,00:55:42.33,22.20,-56.12,-991.86,131.25,-647.50,-411.25,1,94.250,
01/01/2000,00:55:42.34,22.33,-56.00,-991.86,78.75,-638.75,-297.50,1,94.240,
01/01/2000,00:55:42.35,22.45,-55.88,-992.23,0.0,-630.0,-385.0,1,94.241,
01/01/2000,00:55:42.36,22.20,-55.75,-992.35,183.75,-805.0,-271.25,1,94.241,
01/01/2000,00:55:42.38,22.08,-56.12,-992.23,17.50,-630.0,-332.50,1,94.242,
01/01/2000,00:55:42.39,22.08,-56.00,-991.98,306.25,-621.25,-367.50,1,94.243,
01/01/2000,00:55:42.40,22.57,-56.00,-991.86,157.50,-752.50,-341.25,1,94.243,
01/01/2000,00:55:42.41,22.57,-56.12,-991.98,218.75,-848.75,-262.50,1,94.244,
01/01/2000,00:55:42.42,22.57,-56.12,-992.10,113.75,-717.50,-376.25,1,94.244,
01/01/2000,00:55:42.43,22.45,-55.88,-992.10,175.0,-717.50,-385.0,1,94.245,
01/01/2000,00:55:42.44,22.33,-55.63,-991.86,61.25,-743.75,-358.75,1,94.246,
01/01/2000,00:55:42.45,22.45,-55.63,-992.10,140.0,-665.0,-332.50,1,94.246,
01/01/2000,00:55:42.46,22.33,-55.88,-992.10,253.75,-743.75,-306.25,1,94.247,
01/01/2000,00:55:42.47,22.33,-56.00,-992.10,78.75,-743.75,-341.25,1,94.248,
01/01/2000,00:55:42.48,22.20,-56.12,-992.10,43.75,-595.0,-420.0,1,94.248,
01/01/2000,00:55:42.49,22.20,-56.12,-992.10,157.50,-743.75,-280.0,1,94.249,
01/01/2000,00:55:42.50,22.20,-55.88,-992.10,70.0,-726.25,-350.0,1,94.249,
01/01/2000,00:55:42.51,22.08,-55.88,-991.98,183.75,-717.50,-315.0,1,94.240,
01/01/2000,00:55:42.52,22.08,-55.75,-991.86,70.0,-595.0,-236.25,1,94.241,
01/01/2000,00:55:42.53,21.96,-55.88,-991.86,183.75,-665.0,-280.0,1,94.241,
01/01/2000,00:55:42.54,22.20,-55.88,-991.86,87.50,-778.75,-376.25,1,94.242,
01/01/2000,00:55:42.55,22.45,-56.00,-992.10,183.75,-673.75,-420.0,1,94.242,
01/01/2000,00:55:42.56,22.45,-55.88,-992.10,157.50,-743.75,-227.50,1,94.243,
01/01/2000,00:55:42.57,22.45,-55.88,-991.98,175.0,-700.0,-350.0,1,94.244,
01/01/2000,00:55:42.59,22.33,-55.88,-992.10,192.50,-743.75,-428.75,1,94.244,
01/01/2000,00:55:42.60,22.45,-55.88,-992.35,87.50,-647.50,-227.50,1,94.245,
01/01/2000,00:55:42.61,22.45,-56.00,-992.35,183.75,-813.75,-367.50,1,94.245,
01/01/2000,00:55:42.62,22.45,-56.00,-992.10,105.0,-708.75,-323.75,1,94.246,
01/01/2000,00:55:42.63,22.33,-56.12,-991.86,201.25,-743.75,-358.75,1,94.247,
01/01/2000,00:55:42.64,22.45,-56.00,-991.98,122.50,-621.25,-350.0,1,94.247,
01/01/2000,00:55:42.65,22.45,-56.00,-992.10,166.25,-770.0,-376.25,1,94.248,
01/01/2000,00:55:42.66,22.57,-56.00,-992.10,122.50,-708.75,-271.25,1,94.248,
01/01/2000,00:55:42.67,22.57,-56.12,-992.10,157.50,-612.50,-280.0,1,94.249,
01/01/2000,00:55:42.68,22.57,-56.12,-992.10,332.50,-638.75,-393.75,1,94.250,
01/01/2000,00:55:42.69,22.57,-56.12,-992.23,166.25,-708.75,-332.50,1,94.250,
01/01/2000,00:55:42.70,22.57,-56.00,-992.35,175.0,-700.0,-341.25,1,94.251,
01/01/2000,00:55:42.71,22.45,-56.00,-992.23,315.0,-621.25,-411.25,1,94.252,
01/01/2000,00:55:42.73,22.45,-55.88,-992.10,131.25,-682.50,-288.75,1,94.242,
01/01/2000,00:55:42.74,22.57,-56.12,-991.98,210.0,-673.75,-262.50,1,94.243,
01/01/2000,00:55:42.75,22.45,-56.24,-992.10,122.50,-630.0,-385.0,1,94.243,
01/01/2000,00:55:42.76,22.33,-56.12,-992.10,140.0,-621.25,-350.0,1,94.244,
01/01/2000,00:55:42.77,22.33,-56.12,-991.86,245.0,-638.75,-358.75,1,94.245,
01/01/2000,00:55:42.78,22.20,-56.00,-991.86,131.25,-673.75,-288.75,1,94.245,
01/01/2000,00:55:42.79,22.20,-56.12,-991.86,122.50,-761.25,-271.25,1,94.246,
01/01/2000,00:55:42.80,22.08,-56.00,-991.86,140.0,-621.25,-341.25,1,94.236,
01/01/2000,00:55:42.81,22.08,-56.24,-991.74,157.50,-717.50,-323.75,1,94.247,
01/01/2000,00:55:42.82,22.45,-56.24,-991.86,140.0,-752.50,-323.75,1,94.238,
01/01/2000,00:55:42.83,22.45,-56.24,-991.74,253.75,-682.50,-288.75,1,94.238,
01/01/2000,00:55:42.84,22.20,-56.12,-991.86,227.50,-638.75,-315.0,1,94.239,
01/01/2000,00:55:42.85,22.20,-56.12,-991.86,210.0,-735.0,-341.25,1,94.240,
01/01/2000,00:55:42.86,22.33,-56.00,-992.10,183.75,-647.50,-341.25,1,94.240,
01/01/2000,00:55:42.87,22.33,-56.12,-992.10,113.75,-717.50,-306.25,1,94.241,
01/01/2000,00:55:42.88,22.33,-56.36,-992.10,122.50,-673.75,-323.75,1,94.241,
01/01/2000,00:55:42.89,22.20,-56.12,-991.86,262.50,-726.25,-288.75,1,94.242,
01/01/2000,00:55:42.90,22.20,-56.12,-991.74,245.0,-761.25,-358.75,1,94.243,
01/01/2000,00:55:42.91,22.20,-56.00,-991.86,122.50,-647.50,-262.50,1,94.243,
01/01/2000,00:55:42.92,22.20,-56.00,-991.98,148.75,-822.50,-323.75,1,94.244,
01/01/2000,00:55:42.94,22.33,-56.12,-991.86,192.50,-682.50,-236.25,1,94.244,
01/01/2000,00:55:42.95,22.20,-55.88,-991.62,105.0,-708.75,-420.0,1,94.245,
01/01/2000,00:55:42.96,22.20,-55.88,-991.74,131.25,-638.75,-175.0,1,94.246,
01/01/2000,00:55:42.97,22.33,-55.88,-991.86,148.75,-735.0,-472.50,1,94.246,
01/01/2000,00:55:42.98,22.20,-56.00,-991.98,192.50,-735.0,-358.75,1,94.247,
01/01/2000,00:55:42.99,22.20,-55.88,-992.10,166.25,-665.0,-315.0,1,94.247,
01/01/2000,00:55:43.00,22.33,-55.88,-992.10,253.75,-700.0,-437.50,1,94.248,
01/01/2000,00:55:43.01,22.20,-55.88,-992.23,288.75,-682.50,-175.0,1,94.249,
01/01/2000,00:55:43.02,22.33,-56.12,-992.23,105.0,-691.25,-227.50,1,94.249,
01/01/2000,00:55:43.03,22.33,-56.24,-992.23,288.75,-726.25,-210.0,1,94.250,
01/01/2000,00:55:43.04,22.33,-56.00,-992.35,157.50,-682.50,-472.50,1,94.250,
01/01/2000,00:55:43.05,22.33,-55.63,-992.10,52.50,-665.0,-236.25,1,94.251,
01/01/2000,00:55:43.06,22.33,-55.75,-991.86,148.75,-752.50,-367.50,1,94.252,
01/01/2000,00:55:43.07,22.20,-56.00,-991.86,271.25,-787.50,-656.25,1,94.242,
01/01/2000,00:55:43.08,22.45,-56.12,-991.86,122.50,-735.0,-726.25,1,94.243,
01/01/2000,00:55:43.09,22.69,-56.00,-992.10,218.75,-603.75,-490.0,1,94.244,
01/01/2000,00:55:43.10,22.57,-55.88,-991.86,175.0,-761.25,-621.25,1,94.244,
01/01/2000,00:55:43.11,22.33,-55.88,-991.86,236.25,-910.0,-3482.50,1,94.245,
01/01/2000,00:55:43.12,22.33,-55.75,-992.35,262.50,-866.25,-5538.75,1,94.245,
01/01/2000,00:55:43.13,22.45,-55.63,-992.47,140.0,-875.0,-3220.0,1,94.246,
01/01/2000,00:55:43.15,22.94,-55.14,-992.10,-78.75,-656.25,770.0,1,94.247,
01/01/2000,00:55:43.16,23.06,-55.14,-991.62,157.50,-673.75,3018.75,1,94.247,
01/01/2000,00:55:43.17,22.81,-55.75,-991.74,61.25,-577.50,1776.25,1,94.248,
01/01/2000,00:55:43.18,22.45,-56.00,-991.86,87.50,-735.0,-700.0,1,94.248,
01/01/2000,00:55:43.19,22.33,-56.36,-991.98,271.25,-735.0,-945.0,1,94.249,
01/01/2000,00:55:43.20,22.33,-56.36,-992.23,201.25,-717.50,-437.50,1,94.250,
01/01/2000,00:55:43.21,22.94,-55.88,-992.71,218.75,-551.25,603.75,1,94.250,
01/01/2000,00:55:43.22,22.81,-55.63,-992.35,87.50,-621.25,1330.0,1,94.251,
01/01/2000,00:55:43.24,21.96,-55.75,-991.86,332.50,-700.0,-367.50,1,94.242,
01/01/2000,00:55:43.25,22.45,-55.75,-991.86,43.75,-752.50,-1417.50,1,94.242,
01/01/2000,00:55:43.26,22.94,-55.75,-991.86,166.25,-708.75,-1321.25,1,94.243,
01/01/2000,00:55:43.27,22.81,-56.24,-991.98,166.25,-831.25,-516.25,1,94.243,
01/01/2000,00:55:43.28,22.45,-56.85,-992.10,227.50,-813.75,245.0,1,94.244,
01/01/2000,00:55:43.29,21.96,-56.73,-992.10,35.0,-490.0,-385.0,1,94.245,
01/01/2000,00:55:43.30,22.69,-56.12,-991.98,201.25,-805.0,-1242.50,1,94.245,
01/01/2000,00:55:43.31,23.42,-55.39,-991.98,140.0,-717.50,385.0,1,94.246,
01/01/2000,00:55:43.32,22.94,-55.14,-992.10,105.0,-665.0,236.25,1,94.246,
01/01/2000,00:55:43.33,21.72,-55.39,-992.10,122.50,-411.25,-481.25,1,94.247,
01/01/2000,00:55:43.34,21.47,-55.75,-992.35,262.50,-560.0,-866.25,1,94.248,
01/01/2000,00:55:43.35,22.69,-56.12,-991.86,393.75,-962.50,-761.25,1,94.248,
01/01/2000,00:55:43.36,23.67,-57.10,-991.49,140.0,-700.0,-1960.0,1,94.239,
01/01/2000,00:55:43.37,21.84,-57.10,-992.23,87.50,-656.25,-1828.75,1,94.239,
01/01/2000,00:55:43.38,21.23,-56.73,-992.59,315.0,-586.25,-3780.0,1,94.240,
01/01/2000,00:55:43.39,21.72,-56.00,-992.84,428.75,-665.0,-5687.50,1,94.241,
01/01/2000,00:55:43.40,23.42,-54.90,-992.59,218.75,-691.25,-5075.0,1,94.241,
01/01/2000,00:55:43.41,22.57,-55.14,-992.10,52.50,-735.0,-3220.0,1,94.242,
01/01/2000,00:55:43.43,22.45,-56.00,-991.49,192.50,-586.25,-1636.25,1,94.242,
01/01/2000,00:55:43.44,22.45,-56.36,-991.86,87.50,-612.50,-1767.50,1,94.243,
01/01/2000,00:55:43.45,21.96,-56.61,-992.47,315.0,-647.50,-2520.0,1,94.244,
01/01/2000,00:55:43.46,22.45,-55.88,-992.59,-157.50,-980.0,-4147.50,1,94.244,
01/01/2000,00:55:43.47,22.69,-55.27,-991.49,166.25,-840.0,-4646.25,1,94.245,
01/01/2000,00:55:43.48,22.57,-55.14,-990.88,288.75,-813.75,-4217.50,1,94.246,
01/01/2000,00:55:43.49,22.20,-55.39,-991.37,253.75,-796.25,-3360.0,1,94.246,
01/01/2000,00:55:43.50,22.69,-56.24,-992.59,183.75,-717.50,-1172.50,1,94.247,
01/01/2000,00:55:43.51,22.94,-56.36,-992.84,105.0,-568.75,-787.50,1,94.247,
01/01/2000,00:55:43.52,22.45,-56.00,-991.86,157.50,-603.75,-8.75,1,94.248,
01/01/2000,00:55:43.53,22.45,-55.51,-991.25,166.25,-665.0,131.25,1,94.249,
01/01/2000,00:55:43.54,22.81,-55.14,-991.49,245.0,-831.25,-691.25,1,94.249,
01/01/2000,00:55:43.55,22.45,-55.75,-992.23,87.50,-813.75,-1181.25,1,94.250,
01/01/2000,00:55:43.56,21.72,-56.61,-992.71,17.50,-638.75,-892.50,1,94.240,
01/01/2000,00:55:43.57,21.96,-56.36,-992.23,183.75,-656.25,-1260.0,1,94.241,
01/01/2000,00:55:43.58,22.69,-56.00,-991.37,402.50,-831.25,-1050.0,1,94.242,
01/01/2000,00:55:43.59,22.81,-55.88,-991.25,210.0,-735.0,-367.50,1,94.242,
01/01/2000,00:55:43.60,22.69,-56.36,-991.74,61.25,-691.25,297.50,1,94.243,
01/01/2000,00:55:43.61,22.69,-56.49,-992.10,87.50,-673.75,1330.0,1,94.243,
01/01/2000,00:55:43.62,22.45,-56.00,-992.10,210.0,-682.50,1295.0,1,94.244,
01/01/2000,00:55:43.64,22.45,-55.14,-991.86,148.75,-630.0,-26.25,1,94.245,
01/01/2000,00:55:43.65,22.81,-54.78,-991.86,-8.75,-796.25,-463.75,1,94.245,
01/01/2000,00:55:43.66,22.81,-55.39,-991.86,227.50,-910.0,-796.25,1,94.246,
01/01/2000,00:55:43.67,22.33,-56.12,-992.10,192.50,-778.75,-1207.50,1,94.246,
01/01/2000,00:55:43.68,21.96,-56.61,-992.35,376.25,-778.75,-1417.50,1,94.247,
01/01/2000,00:55:43.69,22.57,-56.73,-991.74,166.25,-656.25,175.0,1,94.248,
01/01/2000,00:55:43.70,23.18,-56.49,-991.74,183.75,-577.50,1076.25,1,94.248,
01/01/2000,00:55:43.71,23.18,-55.39,-991.74,105.0,-647.50,463.75,1,94.239,
01/01/2000,00:55:43.72,22.81,-54.90,-991.86,140.0,-682.50,-866.25,1,94.240,
01/01/2000,00:55:43.73,22.20,-55.14,-992.23,122.50,-691.25,-560.0,1,94.240,
01/01/2000,00:55:43.75,21.96,-55.63,-992.84,157.50,-603.75,-140.0,1,94.241,
01/01/2000,00:55:43.76,22.81,-55.88,-992.47,218.75,-778.75,-1662.50,1,94.241,
01/01/2000,00:55:43.77,22.81,-56.00,-991.98,157.50,-805.0,-2091.25,1,94.242,
01/01/2000,00:55:43.78,22.69,-56.36,-991.86,52.50,-805.0,-936.25,1,94.243,
01/01/2000,00:55:43.79,22.20,-56.12,-992.23,192.50,-682.50,-306.25,1,94.243,
01/01/2000,00:55:43.80,22.33,-55.51,-992.59,113.75,-743.75,26.25,1,94.244,
01/01/2000,00:55:43.81,22.45,-55.14,-992.47,367.50,-656.25,35.0,1,94.244,
01/01/2000,00:55:43.82,22.57,-54.66,-992.10,17.50,-778.75,332.50,1,94.245,
01/01/2000,00:55:43.83,22.45,-55.27,-991.37,157.50,-735.0,507.50,1,94.246,
01/01/2000,00:55:43.84,22.45,-56.12,-991.62,192.50,-700.0,-481.25,1,94.246,
01/01/2000,00:55:43.85,22.57,-56.61,-991.98,96.25,-691.25,-1076.25,1,94.247,
01/01/2000,00:55:43.86,22.57,-56.24,-992.35,218.75,-778.75,-306.25,1,94.247,
01/01/2000,00:55:43.87,22.69,-55.63,-992.10,175.0,-595.0,-682.50,1,94.248,
01/01/2000,00:55:43.88,22.57,-55.02,-991.86,201.25,-647.50,367.50,1,94.249,
01/01/2000,00:55:43.89,22.69,-55.02,-991.74,-35.0,-603.75,2283.75,1,94.249,
01/01/2000,00:55:43.90,22.57,-55.02,-992.35,78.75,-568.75,1277.50,1,94.250,
01/01/2000,00:55:43.91,22.08,-55.39,-992.59,157.50,-551.25,332.50,1,94.250,
01/01/2000,00:55:43.92,22.08,-56.00,-992.35,280.0,-586.25,-953.75,1,94.241,
01/01/2000,00:55:43.93,22.69,-56.36,-991.98,236.25,-656.25,-848.75,1,94.242,
01/01/2000,00:55:43.94,23.18,-56.49,-991.49,61.25,-665.0,-297.50,1,94.242,
01/01/2000,00:55:43.96,22.94,-56.61,-991.25,148.75,-533.75,-70.0,1,94.243,
01/01/2000,00:55:43.96,22.33,-56.61,-991.62,210.0,-621.25,-446.25,1,94.244,
01/01/2000,00:55:43.98,22.45,-56.73,-992.10,376.25,-568.75,-691.25,1,94.244,
01/01/2000,00:55:43.99,22.45,-56.61,-992.47,271.25,-673.75,-2310.0,1,94.245,
01/01/2000,00:55:44.00,22.33,-56.24,-992.23,280.0,-778.75,-1881.25,1,94.245,
01/01/2000,00:55:44.01,22.45,-55.51,-991.74,245.0,-735.0,-1408.75,1,94.246,
01/01/2000,00:55:44.02,22.69,-55.27,-991.62,157.50,-796.25,-358.75,1,94.247,
01/01/2000,00:55:44.03,22.45,-55.14,-991.98,140.0,-656.25,411.25,1,94.247,
01/01/2000,00:55:44.04,22.45,-55.27,-992.10,61.25,-568.75,673.75,1,94.248,
01/01/2000,00:55:44.05,22.57,-56.00,-991.86,288.75,-595.0,367.50,1,94.248,
01/01/2000,00:55:44.06,22.45,-56.97,-991.62,183.75,-787.50,-1960.0,1,94.239,
01/01/2000,00:55:44.07,22.33,-57.46,-991.49,227.50,-813.75,-1505.0,1,94.240,
01/01/2000,00:55:44.08,22.33,-57.10,-991.86,227.50,-761.25,-481.25,1,94.240,
01/01/2000,00:55:44.09,22.45,-56.97,-992.35,253.75,-568.75,-463.75,1,94.241,
01/01/2000,00:55:44.10,22.57,-56.61,-992.59,227.50,-621.25,-612.50,1,94.242,
01/01/2000,00:55:44.11,22.45,-55.88,-992.10,35.0,-603.75,-306.25,1,94.242,
01/01/2000,00:55:44.12,22.20,-55.27,-991.37,87.50,-533.75,210.0,1,94.243,
01/01/2000,00:55:44.14,22.57,-54.41,-991.62,26.25,-551.25,288.75,1,94.243,
01/01/2000,00:55:44.15,22.69,-54.78,-992.59,157.50,-621.25,-805.0,1,94.244,
01/01/2000,00:55:44.16,22.57,-55.39,-992.59,288.75,-682.50,-577.50,1,94.245,
01/01/2000,00:55:44.17,22.45,-55.88,-992.23,245.0,-446.25,411.25,1,94.245,
01/01/2000,00:55:44.18,22.45,-56.36,-991.62,288.75,-490.0,595.0,1,94.246,
01/01/2000,00:55:44.19,22.69,-56.36,-991.37,210.0,-700.0,-420.0,1,94.246,
01/01/2000,00:55:44.20,23.06,-56.12,-991.74,227.50,-665.0,-367.50,1,94.247,
01/01/2000,00:55:44.21,22.69,-55.75,-991.98,105.0,-665.0,-621.25,1,94.248,
01/01/2000,00:55:44.22,22.20,-55.39,-991.49,17.50,-840.0,-708.75,1,94.248,
01/01/2000,00:55:44.23,22.20,-55.14,-991.01,87.50,-875.0,-595.0,1,94.249,
01/01/2000,00:55:44.24,22.45,-55.14,-990.88,-87.50,-901.25,8.75,1,94.249,
01/01/2000,00:55:44.25,22.69,-55.63,-991.25,262.50,-770.0,-358.75,1,94.240,
01/01/2000,00:55:44.27,22.69,-56.61,-992.35,140.0,-673.75,-577.50,1,94.241,
01/01/2000,00:55:44.28,22.45,-56.97,-992.71,201.25,-621.25,673.75,1,94.241,
01/01/2000,00:55:44.29,22.45,-56.97,-991.86,236.25,-498.75,2572.50,1,94.242,
01/01/2000,00:55:44.30,23.06,-56.36,-991.37,17.50,-647.50,4287.50,1,94.243,
01/01/2000,00:55:44.31,23.42,-56.85,-991.49,253.75,-393.75,5958.75,1,94.243,
01/01/2000,00:55:44.32,23.30,-57.22,-991.74,70.0,-525.0,7805.0,1,94.244,
01/01/2000,00:55:44.33,22.94,-57.58,-991.86,-52.50,-358.75,10403.75,1,94.244,
01/01/2000,00:55:44.34,22.45,-57.71,-991.86,-17.50,-271.25,10080.0,1,94.245,
01/01/2000,00:55:44.35,22.33,-57.10,-992.10,0.0,-411.25,7218.75,1,94.246,
01/01/2000,00:55:44.36,22.45,-56.49,-992.47,192.50,-770.0,218.75,1,94.246,
01/01/2000,00:55:44.37,22.69,-55.14,-992.47,157.50,-813.75,-3631.25,1,94.247,
01/01/2000,00:55:44.38,22.69,-54.41,-992.35,175.0,-726.25,-3368.75,1,94.247,
01/01/2000,00:55:44.39,22.69,-54.41,-992.47,166.25,-516.25,-918.75,1,94.248,
01/01/2000,00:55:44.40,22.69,-54.66,-992.71,148.75,-516.25,1811.25,1,94.249,
01/01/2000,00:55:44.41,23.06,-55.39,-992.47,96.25,-700.0,3080.0,1,94.239,
01/01/2000,00:55:44.42,23.18,-56.36,-992.23,52.50,-761.25,490.0,1,94.240,
01/01/2000,00:55:44.43,22.81,-56.85,-992.10,35.0,-796.25,-813.75,1,94.241,
01/01/2000,00:55:44.44,22.33,-56.85,-992.35,306.25,-866.25,-2336.25,1,94.241,
01/01/2000,00:55:44.45,22.08,-56.49,-992.71,245.0,-883.75,-3535.0,1,94.242,
01/01/2000,00:55:44.46,21.96,-56.12,-992.71,315.0,-778.75,-3053.75,1,94.242,
01/01/2000,00:55:44.47,22.45,-55.63,-992.47,227.50,-735.0,-2878.75,1,94.243,
01/01/2000,00:55:44.49,22.94,-55.39,-992.35,96.25,-682.50,-236.25,1,94.244,
01/01/2000,00:55:44.50,23.18,-55.75,-992.23,280.0,-586.25,1268.75,1,94.244,
01/01/2000,00:55:44.51,23.06,-56.00,-992.10,140.0,-630.0,883.75,1,94.245,
01/01/2000,00:55:44.52,22.69,-55.88,-992.23,52.50,-603.75,-61.25,1,94.245,
01/01/2000,00:55:44.53,22.57,-55.88,-992.23,210.0,-638.75,-472.50,1,94.246,
01/01/2000,00:55:44.54,22.45,-55.51,-992.59,61.25,-603.75,43.75,1,94.247,
01/01/2000,00:55:44.55,22.69,-55.51,-992.59,157.50,-778.75,507.50,1,94.247,
01/01/2000,00:55:44.56,22.69,-55.75,-991.98,218.75,-647.50,218.75,1,94.248,
01/01/2000,00:55:44.57,22.45,-55.88,-991.86,8.75,-805.0,-691.25,1,94.248,
01/01/2000,00:55:44.58,22.33,-56.49,-991.98,271.25,-831.25,-936.25,1,94.249,
01/01/2000,00:55:44.59,22.20,-56.12,-992.23,183.75,-735.0,525.0,1,94.250,
01/01/2000,00:55:44.60,22.45,-56.12,-992.35,105.0,-735.0,927.50,1,94.250,
01/01/2000,00:55:44.61,22.94,-56.36,-992.23,227.50,-770.0,-866.25,1,94.251,
01/01/2000,00:55:44.62,22.69,-56.61,-992.47,245.0,-918.75,-2668.75,1,94.242,
01/01/2000,00:55:44.63,22.69,-56.85,-992.84,253.75,-735.0,-1487.50,1,94.242,
01/01/2000,00:55:44.64,22.57,-56.49,-993.32,122.50,-490.0,-253.75,1,94.243,
01/01/2000,00:55:44.65,22.69,-56.12,-992.96,358.75,-507.50,-962.50,1,94.243,
01/01/2000,00:55:44.66,22.94,-55.88,-992.23,192.50,-586.25,-1636.25,1,94.244,
01/01/2000,00:55:44.67,23.06,-55.88,-991.98,175.0,-761.25,-498.75,1,94.245,
01/01/2000,00:55:44.68,22.94,-56.12,-992.10,105.0,-638.75,1120.0,1,94.245,
01/01/2000,00:55:44.70,22.57,-56.12,-992.47,78.75,-805.0,-883.75,1,94.246,
01/01/2000,00:55:44.71,22.08,-56.00,-992.47,201.25,-787.50,-1688.75,1,94.246,
01/01/2000,00:55:44.72,21.96,-55.63,-992.71,131.25,-761.25,-831.25,1,94.247,
01/01/2000,00:55:44.73,22.20,-55.63,-992.96,61.25,-770.0,-1417.50,1,94.248,
01/01/2000,00:55:44.74,22.81,-56.00,-992.84,245.0,-805.0,-2205.0,1,94.248,
01/01/2000,00:55:44.75,22.94,-56.36,-992.84,166.25,-910.0,-1942.50,1,94.249,
