rtcDate,rtcTime,aX,aY,aZ,gX,gY,gZ,dataRdy,output_Hz,
01/01/2000,01:10:27.09,18.18,-49.53,-854.24,210.0,-682.50,-183.75,1,0.0,
01/01/2000,01:10:27.11,18.67,-51.85,-886.21,148.75,-595.0,-306.25,1,100.0,
01/01/2000,01:10:27.12,19.03,-52.70,-899.02,105.0,-595.0,-385.0,1,100.0,
01/01/2000,01:10:27.13,19.28,-53.31,-910.49,140.0,-691.25,-297.50,1,100.0,
01/01/2000,01:10:27.14,19.76,-54.17,-925.00,157.50,-761.25,-358.75,1,100.0,
01/01/2000,01:10:27.15,19.89,-54.53,-933.30,271.25,-612.50,-288.75,1,100.0,
01/01/2000,01:10:27.16,19.89,-54.90,-940.62,253.75,-656.25,-341.25,1,100.0,
01/01/2000,01:10:27.17,20.13,-55.63,-950.14,70.0,-691.25,-437.50,1,100.0,
01/01/2000,01:10:27.18,20.37,-56.00,-955.50,183.75,-665.0,-455.0,1,100.0,
01/01/2000,01:10:27.19,20.50,-56.00,-959.90,166.25,-743.75,-385.0,1,100.0,
01/01/2000,01:10:27.20,20.62,-56.24,-963.80,148.75,-612.50,-367.50,1,100.0,
01/01/2000,01:10:27.21,20.62,-56.61,-969.05,175.0,-735.0,-280.0,1,100.0,
01/01/2000,01:10:27.22,20.50,-56.73,-972.10,210.0,-673.75,-385.0,1,100.0,
01/01/2000,01:10:27.23,20.62,-56.85,-975.02,227.50,-647.50,-297.50,1,100.0,
01/01/2000,01:10:27.24,20.74,-56.73,-977.59,122.50,-805.0,-280.0,1,93.750,
01/01/2000,01:10:27.25,20.86,-56.97,-980.51,148.75,-726.25,-227.50,1,100.0,
01/01/2000,01:10:27.26,20.74,-57.34,-981.73,140.0,-700.0,-358.75,1,94.444,
01/01/2000,01:10:27.27,20.62,-57.58,-982.71,210.0,-638.75,-323.75,1,94.737,
01/01/2000,01:10:27.28,20.62,-57.95,-983.93,201.25,-700.0,-472.50,1,95.0,
01/01/2000,01:10:27.29,20.98,-57.95,-986.13,245.0,-726.25,-428.75,1,95.238,
01/01/2000,01:10:27.30,21.11,-57.58,-987.35,157.50,-673.75,-236.25,1,95.455,
01/01/2000,01:10:27.31,20.86,-57.58,-988.08,175.0,-708.75,-218.75,1,95.652,
01/01/2000,01:10:27.32,20.74,-57.83,-988.44,96.25,-673.75,-271.25,1,95.833,
01/01/2000,01:10:27.33,20.74,-58.07,-989.18,245.0,-700.0,-446.25,1,96.0,
01/01/2000,01:10:27.34,21.11,-58.07,-989.91,0.0,-857.50,-341.25,1,96.154,
01/01/2000,01:10:27.35,21.23,-58.07,-990.40,61.25,-630.0,-376.25,1,96.296,
01/01/2000,01:10:27.36,21.23,-58.07,-990.76,105.0,-682.50,-350.0,1,96.429,
01/01/2000,01:10:27.38,20.86,-58.19,-991.25,122.50,-603.75,-341.25,1,96.552,
01/01/2000,01:10:27.39,20.86,-58.07,-991.62,253.75,-665.0,-358.75,1,96.667,
01/01/2000,01:10:27.40,21.23,-57.95,-991.86,122.50,-787.50,-323.75,1,96.774,
01/01/2000,01:10:27.41,21.47,-58.07,-991.98,131.25,-761.25,-175.0,1,96.875,
01/01/2000,01:10:27.42,21.23,-58.32,-991.98,131.25,-673.75,-253.75,1,96.970,
01/01/2000,01:10:27.43,20.98,-58.56,-992.10,280.0,-691.25,-402.50,1,97.059,
01/01/2000,01:10:27.44,20.98,-58.32,-992.59,210.0,-647.50,-428.75,1,97.143,
01/01/2000,01:10:27.45,21.23,-58.07,-992.84,218.75,-568.75,-297.50,1,97.222,
01/01/2000,01:10:27.46,21.23,-58.07,-992.84,210.0,-612.50,-262.50,1,97.297,
01/01/2000,01:10:27.47,21.23,-58.32,-992.59,262.50,-883.75,-341.25,1,94.872,
01/01/2000,01:10:27.48,21.23,-58.56,-992.59,183.75,-682.50,-393.75,1,97.436,
01/01/2000,01:10:27.49,21.47,-58.56,-992.84,175.0,-840.0,-341.25,1,95.122,
01/01/2000,01:10:27.50,21.47,-58.44,-992.96,157.50,-708.75,-297.50,1,95.238,
01/01/2000,01:10:27.52,21.35,-58.07,-992.96,218.75,-647.50,-332.50,1,95.349,
01/01/2000,01:10:27.53,21.23,-58.07,-992.71,245.0,-691.25,-280.0,1,95.455,
01/01/2000,01:10:27.54,21.11,-58.07,-992.71,166.25,-813.75,-218.75,1,95.556,
01/01/2000,01:10:27.55,21.35,-58.07,-992.84,148.75,-665.0,-358.75,1,95.652,
01/01/2000,01:10:27.56,21.47,-58.32,-992.96,227.50,-726.25,-315.0,1,95.745,
01/01/2000,01:10:27.57,21.47,-58.32,-992.84,157.50,-726.25,-315.0,1,95.833,
01/01/2000,01:10:27.58,21.23,-58.32,-992.59,183.75,-630.0,-367.50,1,95.918,
01/01/2000,01:10:27.59,21.11,-58.07,-992.59,122.50,-621.25,-315.0,1,96.0,
01/01/2000,01:10:27.60,21.23,-57.95,-992.96,166.25,-577.50,-280.0,1,96.078,
01/01/2000,01:10:27.61,21.47,-58.44,-993.20,262.50,-673.75,-262.50,1,94.340,
01/01/2000,01:10:27.63,20.98,-58.68,-992.96,183.75,-708.75,-350.0,1,94.444,
01/01/2000,01:10:27.64,20.98,-58.56,-992.84,131.25,-682.50,-420.0,1,94.545,
01/01/2000,01:10:27.65,21.11,-58.32,-992.71,131.25,-665.0,-315.0,1,94.643,
01/01/2000,01:10:27.66,21.23,-58.19,-992.96,148.75,-560.0,-271.25,1,94.737,
01/01/2000,01:10:27.67,21.11,-58.32,-993.08,280.0,-621.25,-393.75,1,94.828,
01/01/2000,01:10:27.68,21.11,-58.32,-993.20,218.75,-682.50,-332.50,1,94.915,
01/01/2000,01:10:27.69,21.23,-58.56,-993.08,-8.75,-761.25,-376.25,1,95.0,
01/01/2000,01:10:27.70,21.47,-58.56,-992.96,166.25,-647.50,-358.75,1,95.082,
01/01/2000,01:10:27.71,21.47,-58.32,-993.08,96.25,-656.25,-323.75,1,95.161,
01/01/2000,01:10:27.72,21.47,-58.32,-993.08,157.50,-726.25,-323.75,1,95.238,
01/01/2000,01:10:27.73,21.11,-58.44,-993.32,140.0,-630.0,-315.0,1,95.313,
01/01/2000,01:10:27.74,20.98,-58.44,-993.32,183.75,-691.25,-306.25,1,95.385,
01/01/2000,01:10:27.75,21.11,-58.44,-993.32,236.25,-665.0,-385.0,1,95.455,
01/01/2000,01:10:27.76,21.23,-58.32,-993.08,140.0,-726.25,-183.75,1,95.522,
01/01/2000,01:10:27.77,21.23,-58.44,-993.08,218.75,-621.25,-297.50,1,95.588,
01/01/2000,01:10:27.78,20.98,-58.56,-993.08,157.50,-735.0,-350.0,1,95.652,
01/01/2000,01:10:27.79,20.98,-58.44,-993.08,218.75,-796.25,-411.25,1,95.714,
01/01/2000,01:10:27.80,21.11,-58.07,-992.96,96.25,-673.75,-227.50,1,94.444,
01/01/2000,01:10:27.81,21.11,-58.19,-992.96,201.25,-717.50,-306.25,1,94.521,
01/01/2000,01:10:27.82,21.11,-58.56,-992.84,70.0,-665.0,-350.0,1,94.595,
01/01/2000,01:10:27.83,21.23,-58.56,-992.84,280.0,-717.50,-411.25,1,94.667,
01/01/2000,01:10:27.84,21.23,-58.56,-993.08,105.0,-726.25,-315.0,1,94.737,
01/01/2000,01:10:27.85,21.35,-58.56,-993.20,183.75,-621.25,-280.0,1,94.805,
01/01/2000,01:10:27.87,21.23,-58.32,-993.32,210.0,-691.25,-358.75,1,94.872,
01/01/2000,01:10:27.88,21.11,-58.44,-993.08,183.75,-647.50,-402.50,1,94.937,
01/01/2000,01:10:27.89,20.98,-58.44,-992.96,227.50,-761.25,-393.75,1,95.0,
01/01/2000,01:10:27.90,20.98,-58.44,-992.96,166.25,-717.50,-350.0,1,95.062,
01/01/2000,01:10:27.91,21.11,-58.44,-993.08,253.75,-787.50,-271.25,1,95.122,
01/01/2000,01:10:27.92,21.11,-58.56,-992.96,122.50,-708.75,-367.50,1,95.181,
01/01/2000,01:10:27.93,20.74,-58.44,-992.84,227.50,-700.0,-472.50,1,95.238,
01/01/2000,01:10:27.94,20.98,-58.07,-992.84,210.0,-796.25,-341.25,1,95.294,
01/01/2000,01:10:27.95,21.23,-58.07,-992.96,87.50,-691.25,-166.25,1,95.349,
01/01/2000,01:10:27.96,21.23,-58.32,-993.08,61.25,-656.25,-306.25,1,95.402,
01/01/2000,01:10:27.97,20.98,-58.56,-992.96,148.75,-778.75,-358.75,1,95.455,
01/01/2000,01:10:27.98,20.98,-58.56,-992.84,122.50,-621.25,-481.25,1,95.506,
01/01/2000,01:10:27.99,21.47,-58.19,-992.96,192.50,-682.50,-288.75,1,95.556,
01/01/2000,01:10:28.00,21.35,-58.07,-993.20,192.50,-656.25,-201.25,1,95.604,
01/01/2000,01:10:28.02,20.98,-58.32,-992.96,210.0,-647.50,-358.75,1,94.624,
01/01/2000,01:10:28.03,21.11,-58.32,-992.84,218.75,-735.0,-455.0,1,94.681,
01/01/2000,01:10:28.04,21.47,-58.19,-992.96,245.0,-822.50,-297.50,1,94.737,
01/01/2000,01:10:28.05,21.59,-58.19,-993.08,-8.75,-665.0,-192.50,1,94.792,
01/01/2000,01:10:28.06,21.35,-58.32,-992.84,271.25,-665.0,-350.0,1,94.845,
01/01/2000,01:10:28.07,20.98,-58.32,-992.59,245.0,-691.25,-367.50,1,94.898,
01/01/2000,01:10:28.08,21.11,-58.07,-992.71,140.0,-665.0,-376.25,1,94.949,
01/01/2000,01:10:28.09,21.23,-57.95,-993.08,96.25,-673.75,-271.25,1,95.0,
01/01/2000,01:10:28.10,21.47,-58.07,-993.08,175.0,-665.0,-262.50,1,95.050,
01/01/2000,01:10:28.11,21.23,-58.32,-992.84,210.0,-682.50,-192.50,1,95.098,
01/01/2000,01:10:28.12,21.11,-58.56,-992.59,105.0,-708.75,-446.25,1,94.231,
01/01/2000,01:10:28.14,21.23,-58.44,-992.84,70.0,-647.50,-376.25,1,94.286,
01/01/2000,01:10:28.15,21.23,-58.19,-993.08,131.25,-665.0,-253.75,1,94.340,
01/01/2000,01:10:28.16,21.23,-58.32,-992.84,183.75,-656.25,-332.50,1,94.393,
01/01/2000,01:10:28.17,20.98,-58.32,-992.84,183.75,-638.75,-411.25,1,94.444,
01/01/2000,01:10:28.18,20.98,-58.44,-992.96,157.50,-647.50,-533.75,1,94.495,
01/01/2000,01:10:28.19,21.35,-58.32,-993.08,210.0,-656.25,-402.50,1,94.545,
01/01/2000,01:10:28.20,21.47,-58.32,-993.08,288.75,-708.75,-315.0,1,94.595,
01/01/2000,01:10:28.21,21.23,-58.32,-993.08,227.50,-761.25,-306.25,1,94.643,
01/01/2000,01:10:28.22,21.11,-58.32,-992.96,192.50,-612.50,-341.25,1,94.690,
01/01/2000,01:10:28.23,21.23,-58.32,-992.96,131.25,-700.0,-332.50,1,94.737,
01/01/2000,01:10:28.24,21.35,-58.19,-993.08,122.50,-700.0,-306.25,1,94.783,
01/01/2000,01:10:28.25,21.47,-58.19,-993.32,122.50,-735.0,-367.50,1,94.828,
01/01/2000,01:10:28.26,21.23,-58.44,-993.08,96.25,-551.25,-341.25,1,94.872,
01/01/2000,01:10:28.27,21.11,-58.32,-992.96,218.75,-665.0,-402.50,1,94.915,
01/01/2000,01:10:28.28,21.23,-58.44,-992.84,218.75,-805.0,-271.25,1,94.958,
01/01/2000,01:10:28.29,21.35,-58.32,-993.08,166.25,-743.75,-376.25,1,95.0,
01/01/2000,01:10:28.30,21.35,-58.32,-993.08,140.0,-612.50,-385.0,1,95.041,
01/01/2000,01:10:28.31,21.23,-58.32,-992.96,218.75,-630.0,-262.50,1,95.082,
01/01/2000,01:10:28.32,20.98,-58.44,-992.84,113.75,-708.75,-402.50,1,95.122,
01/01/2000,01:10:28.33,21.35,-58.32,-992.84,78.75,-717.50,-227.50,1,95.161,
01/01/2000,01:10:28.34,21.35,-58.32,-993.08,175.0,-700.0,-385.0,1,95.200,
01/01/2000,01:10:28.35,21.35,-58.32,-993.08,70.0,-761.25,-236.25,1,95.238,
01/01/2000,01:10:28.36,21.35,-58.56,-993.08,227.50,-761.25,-323.75,1,94.531,
01/01/2000,01:10:28.37,21.23,-58.56,-993.08,210.0,-656.25,-315.0,1,94.574,
01/01/2000,01:10:28.38,21.35,-58.56,-993.20,96.25,-752.50,-315.0,1,94.615,
01/01/2000,01:10:28.39,21.47,-58.32,-993.08,52.50,-700.0,-315.0,1,94.656,
01/01/2000,01:10:28.40,21.47,-58.44,-993.08,175.0,-761.25,-323.75,1,94.697,
01/01/2000,01:10:28.41,21.35,-58.56,-993.08,227.50,-647.50,-428.75,1,94.737,
01/01/2000,01:10:28.42,21.11,-58.56,-993.08,253.75,-708.75,-262.50,1,94.776,
01/01/2000,01:10:28.44,21.11,-58.44,-993.32,140.0,-612.50,-323.75,1,94.815,
01/01/2000,01:10:28.45,21.23,-58.07,-993.32,122.50,-647.50,-218.75,1,94.853,
01/01/2000,01:10:28.46,21.35,-58.07,-993.32,183.75,-568.75,-358.75,1,94.891,
01/01/2000,01:10:28.47,21.23,-58.07,-993.32,122.50,-682.50,-358.75,1,94.928,
01/01/2000,01:10:28.48,20.98,-58.32,-993.45,96.25,-743.75,-376.25,1,94.964,
01/01/2000,01:10:28.49,21.11,-58.32,-993.57,140.0,-638.75,-323.75,1,95.0,
01/01/2000,01:10:28.50,21.23,-57.83,-993.69,113.75,-682.50,-297.50,1,94.366,
01/01/2000,01:10:28.51,21.35,-57.95,-993.57,131.25,-717.50,-236.25,1,94.406,
01/01/2000,01:10:28.52,21.23,-58.19,-993.57,131.25,-770.0,-393.75,1,94.444,
01/01/2000,01:10:28.53,21.35,-58.32,-993.57,140.0,-708.75,-271.25,1,94.483,
01/01/2000,01:10:28.54,21.59,-58.32,-993.57,236.25,-700.0,-376.25,1,94.521,
01/01/2000,01:10:28.55,21.72,-58.32,-993.57,148.75,-638.75,-350.0,1,94.558,
01/01/2000,01:10:28.56,21.59,-58.32,-993.32,122.50,-717.50,-393.75,1,94.595,
01/01/2000,01:10:28.58,21.35,-58.19,-993.08,148.75,-647.50,-358.75,1,94.631,
01/01/2000,01:10:28.59,21.23,-58.32,-993.08,315.0,-743.75,-367.50,1,94.667,
01/01/2000,01:10:28.60,21.47,-58.32,-993.32,192.50,-568.75,-280.0,1,94.702,
01/01/2000,01:10:28.61,21.35,-58.32,-993.32,140.0,-700.0,-280.0,1,94.737,
01/01/2000,01:10:28.62,21.23,-58.32,-993.08,78.75,-647.50,-350.0,1,94.771,
01/01/2000,01:10:28.63,21.23,-58.32,-992.96,192.50,-708.75,-420.0,1,94.805,
01/01/2000,01:10:28.64,21.35,-58.32,-993.08,192.50,-673.75,-192.50,1,94.231,
01/01/2000,01:10:28.65,21.47,-58.32,-993.08,113.75,-638.75,-367.50,1,94.268,
01/01/2000,01:10:28.66,21.35,-58.44,-993.08,157.50,-647.50,-175.0,1,94.304,
01/01/2000,01:10:28.67,21.47,-58.32,-992.96,-52.50,-752.50,-455.0,1,94.340,
01/01/2000,01:10:28.68,21.23,-58.56,-992.84,227.50,-700.0,-402.50,1,94.375,
01/01/2000,01:10:28.69,21.47,-58.32,-993.08,210.0,-621.25,-297.50,1,94.410,
01/01/2000,01:10:28.70,21.59,-58.44,-993.08,227.50,-621.25,-376.25,1,94.444,
01/01/2000,01:10:28.72,21.47,-58.44,-992.96,183.75,-708.75,-376.25,1,94.479,
01/01/2000,01:10:28.73,21.35,-58.44,-992.59,297.50,-630.0,-393.75,1,94.512,
01/01/2000,01:10:28.74,21.23,-58.44,-992.59,271.25,-770.0,-332.50,1,94.545,
01/01/2000,01:10:28.75,21.47,-58.32,-992.71,148.75,-665.0,-385.0,1,94.578,
01/01/2000,01:10:28.76,21.47,-58.32,-992.84,175.0,-717.50,-236.25,1,94.611,
01/01/2000,01:10:28.77,21.47,-58.44,-992.84,157.50,-656.25,-280.0,1,94.643,
01/01/2000,01:10:28.78,21.23,-58.56,-992.71,131.25,-691.25,-393.75,1,94.675,
01/01/2000,01:10:28.79,21.23,-58.44,-992.84,236.25,-665.0,-376.25,1,94.706,
01/01/2000,01:10:28.80,21.47,-58.32,-992.84,96.25,-726.25,-271.25,1,94.737,
01/01/2000,01:10:28.81,21.59,-58.44,-992.96,332.50,-726.25,-288.75,1,94.767,
01/01/2000,01:10:28.82,21.47,-58.44,-992.84,78.75,-770.0,-183.75,1,94.798,
01/01/2000,01:10:28.83,21.23,-58.68,-992.84,271.25,-752.50,-455.0,1,94.828,
01/01/2000,01:10:28.84,21.35,-58.56,-992.84,218.75,-691.25,-376.25,1,94.857,
01/01/2000,01:10:28.85,21.47,-58.32,-992.71,183.75,-673.75,-323.75,1,94.350,
01/01/2000,01:10:28.86,21.47,-58.32,-992.71,166.25,-796.25,-332.50,1,94.382,
01/01/2000,01:10:28.87,21.35,-58.44,-992.71,96.25,-638.75,-341.25,1,94.413,
01/01/2000,01:10:28.88,21.23,-58.56,-992.71,52.50,-656.25,-341.25,1,94.444,
01/01/2000,01:10:28.89,21.35,-58.44,-992.84,175.0,-708.75,-306.25,1,94.475,
01/01/2000,01:10:28.90,21.35,-58.32,-992.96,78.75,-735.0,-297.50,1,94.505,
01/01/2000,01:10:28.91,21.23,-58.07,-992.96,236.25,-603.75,-227.50,1,94.536,
01/01/2000,01:10:28.93,21.11,-58.32,-992.84,96.25,-726.25,-367.50,1,94.565,
01/01/2000,01:10:28.94,20.98,-58.32,-992.84,210.0,-735.0,-358.75,1,94.595,
01/01/2000,01:10:28.95,21.23,-58.19,-992.96,201.25,-726.25,-297.50,1,94.624,
01/01/2000,01:10:28.96,21.35,-58.07,-992.96,96.25,-595.0,-280.0,1,94.652,
01/01/2000,01:10:28.97,21.23,-58.07,-992.84,210.0,-647.50,-280.0,1,94.681,
01/01/2000,01:10:28.98,21.35,-58.07,-992.59,192.50,-665.0,-332.50,1,94.709,
01/01/2000,01:10:28.99,21.23,-58.32,-992.59,175.0,-717.50,-376.25,1,94.737,
01/01/2000,01:10:29.00,21.23,-58.32,-992.84,192.50,-743.75,-262.50,1,94.271,
01/01/2000,01:10:29.01,21.23,-58.32,-992.96,236.25,-743.75,-332.50,1,94.301,
01/01/2000,01:10:29.02,21.23,-58.32,-992.96,218.75,-717.50,-332.50,1,94.330,
01/01/2000,01:10:29.03,20.98,-58.44,-992.84,201.25,-638.75,-385.0,1,94.359,
01/01/2000,01:10:29.04,20.98,-58.32,-992.96,113.75,-743.75,-358.75,1,94.388,
01/01/2000,01:10:29.05,21.11,-58.32,-993.08,218.75,-761.25,-428.75,1,94.416,
01/01/2000,01:10:29.07,20.98,-58.32,-992.96,227.50,-630.0,-332.50,1,94.444,
01/01/2000,01:10:29.08,20.98,-58.19,-992.71,183.75,-691.25,-332.50,1,94.472,
01/01/2000,01:10:29.09,20.98,-58.32,-992.71,157.50,-682.50,-332.50,1,94.500,
01/01/2000,01:10:29.10,20.98,-58.19,-992.84,35.0,-682.50,-280.0,1,94.527,
01/01/2000,01:10:29.11,21.11,-58.19,-992.96,175.0,-665.0,-245.0,1,94.554,
01/01/2000,01:10:29.12,21.11,-58.19,-992.84,245.0,-796.25,-402.50,1,94.581,
01/01/2000,01:10:29.13,21.11,-58.19,-992.84,61.25,-682.50,-280.0,1,94.608,
01/01/2000,01:10:29.15,21.11,-58.07,-992.59,122.50,-735.0,-393.75,1,94.175,
01/01/2000,01:10:29.16,21.23,-57.95,-992.59,8.75,-708.75,-376.25,1,94.203,
01/01/2000,01:10:29.17,21.23,-57.83,-992.71,122.50,-708.75,-271.25,1,94.231,
01/01/2000,01:10:29.18,21.23,-57.83,-992.71,122.50,-682.50,-385.0,1,94.258,
01/01/2000,01:10:29.19,21.23,-57.83,-992.71,-35.0,-700.0,-367.50,1,94.286,
01/01/2000,01:10:29.20,21.35,-57.83,-992.59,183.75,-708.75,-332.50,1,94.313,
01/01/2000,01:10:29.21,21.47,-57.95,-992.59,218.75,-595.0,-393.75,1,94.340,
01/01/2000,01:10:29.22,21.59,-57.83,-992.71,113.75,-717.50,-280.0,1,94.366,
01/01/2000,01:10:29.23,21.84,-58.07,-992.59,271.25,-708.75,-271.25,1,94.393,
01/01/2000,01:10:29.24,21.23,-58.32,-992.23,157.50,-673.75,-367.50,1,94.419,
01/01/2000,01:10:29.25,20.98,-58.07,-992.10,166.25,-665.0,-358.75,1,94.444,
01/01/2000,01:10:29.26,21.23,-57.83,-992.35,148.75,-717.50,-393.75,1,94.470,
01/01/2000,01:10:29.27,21.59,-57.83,-992.59,96.25,-743.75,-358.75,1,94.495,
01/01/2000,01:10:29.28,21.11,-58.19,-992.47,157.50,-673.75,-367.50,1,94.521,
01/01/2000,01:10:29.29,20.86,-58.44,-992.35,236.25,-752.50,-350.0,1,94.545,
01/01/2000,01:10:29.30,20.86,-58.19,-992.35,113.75,-656.25,-463.75,1,94.570,
01/01/2000,01:10:29.31,21.11,-57.95,-992.47,253.75,-752.50,-385.0,1,94.595,
01/01/2000,01:10:29.32,21.35,-57.71,-992.71,105.0,-735.0,-315.0,1,94.619,
01/01/2000,01:10:29.33,21.35,-57.83,-992.59,131.25,-700.0,-253.75,1,94.643,
01/01/2000,01:10:29.34,21.11,-58.32,-992.59,236.25,-743.75,-350.0,1,94.667,
01/01/2000,01:10:29.35,21.11,-58.32,-992.59,70.0,-673.75,-376.25,1,94.690,
01/01/2000,01:10:29.36,21.23,-58.19,-992.71,183.75,-621.25,-288.75,1,94.714,
01/01/2000,01:10:29.37,21.35,-58.07,-992.71,175.0,-691.25,-253.75,1,94.737,
01/01/2000,01:10:29.38,21.11,-58.19,-992.59,157.50,-691.25,-280.0,1,94.760,
01/01/2000,01:10:29.39,21.23,-58.19,-992.35,131.25,-665.0,-315.0,1,94.372,
01/01/2000,01:10:29.40,21.11,-58.44,-992.59,218.75,-700.0,-393.75,1,94.805,
01/01/2000,01:10:29.42,21.23,-58.44,-992.84,218.75,-743.75,-323.75,1,94.421,
01/01/2000,01:10:29.43,21.47,-58.07,-992.84,70.0,-673.75,-402.50,1,94.444,
01/01/2000,01:10:29.44,21.23,-58.32,-992.59,218.75,-673.75,-218.75,1,94.468,
01/01/2000,01:10:29.45,21.23,-58.07,-992.35,43.75,-726.25,-280.0,1,94.492,
01/01/2000,01:10:29.46,20.98,-58.32,-992.35,210.0,-796.25,-420.0,1,94.515,
01/01/2000,01:10:29.47,21.47,-58.32,-992.59,0.0,-673.75,-297.50,1,94.538,
01/01/2000,01:10:29.48,21.47,-58.44,-992.59,166.25,-665.0,-350.0,1,94.561,
01/01/2000,01:10:29.49,21.23,-58.32,-992.47,192.50,-726.25,-297.50,1,94.583,
01/01/2000,01:10:29.50,21.11,-58.32,-992.23,148.75,-752.50,-367.50,1,94.606,
01/01/2000,01:10:29.51,21.11,-58.32,-992.35,201.25,-691.25,-437.50,1,94.628,
01/01/2000,01:10:29.52,21.47,-58.32,-992.59,113.75,-612.50,-350.0,1,94.650,
01/01/2000,01:10:29.53,21.35,-58.44,-992.71,131.25,-840.0,-245.0,1,94.672,
01/01/2000,01:10:29.54,21.23,-58.44,-992.47,280.0,-700.0,-227.50,1,94.694,
01/01/2000,01:10:29.55,21.47,-58.32,-992.23,297.50,-682.50,-367.50,1,94.715,
01/01/2000,01:10:29.56,21.47,-58.19,-992.23,175.0,-708.75,-332.50,1,94.355,
01/01/2000,01:10:29.57,21.35,-58.07,-992.35,70.0,-778.75,-358.75,1,94.378,
01/01/2000,01:10:29.58,21.23,-58.07,-992.47,148.75,-700.0,-315.0,1,94.400,
01/01/2000,01:10:29.59,20.98,-58.07,-992.23,-70.0,-673.75,-280.0,1,94.422,
01/01/2000,01:10:29.60,21.23,-58.07,-992.10,175.0,-778.75,-341.25,1,94.444,
01/01/2000,01:10:29.61,21.35,-57.95,-991.98,61.25,-726.25,-341.25,1,94.466,
01/01/2000,01:10:29.63,21.35,-57.95,-992.23,166.25,-708.75,-253.75,1,94.488,
01/01/2000,01:10:29.64,21.23,-58.19,-992.35,175.0,-638.75,-376.25,1,94.510,
01/01/2000,01:10:29.65,21.23,-58.19,-992.47,113.75,-770.0,-332.50,1,94.163,
01/01/2000,01:10:29.66,21.47,-58.19,-992.59,210.0,-638.75,-210.0,1,94.186,
01/01/2000,01:10:29.67,21.47,-57.95,-992.35,131.25,-691.25,-306.25,1,94.208,
01/01/2000,01:10:29.68,21.47,-57.95,-992.35,227.50,-656.25,-315.0,1,94.231,
01/01/2000,01:10:29.69,21.47,-58.19,-992.59,183.75,-708.75,-341.25,1,94.253,
01/01/2000,01:10:29.71,21.35,-58.32,-992.71,218.75,-796.25,-341.25,1,94.275,
01/01/2000,01:10:29.72,21.47,-58.07,-992.59,210.0,-770.0,-350.0,1,94.297,
01/01/2000,01:10:29.73,21.47,-57.95,-992.59,166.25,-735.0,-253.75,1,94.318,
01/01/2000,01:10:29.74,21.47,-57.95,-992.47,105.0,-673.75,-245.0,1,94.340,
01/01/2000,01:10:29.75,21.35,-58.19,-992.47,166.25,-630.0,-341.25,1,94.361,
01/01/2000,01:10:29.76,21.23,-58.56,-992.47,192.50,-717.50,-507.50,1,94.382,
01/01/2000,01:10:29.77,21.23,-58.56,-992.47,210.0,-603.75,-358.75,1,94.403,
01/01/2000,01:10:29.78,21.35,-58.19,-992.35,262.50,-560.0,-236.25,1,94.424,
01/01/2000,01:10:29.79,21.35,-57.95,-992.23,183.75,-647.50,-323.75,1,94.444,
01/01/2000,01:10:29.80,21.11,-58.07,-992.23,140.0,-603.75,-280.0,1,94.465,
01/01/2000,01:10:29.81,21.11,-58.19,-992.35,96.25,-796.25,-437.50,1,94.485,
01/01/2000,01:10:29.82,21.11,-58.32,-992.47,183.75,-638.75,-192.50,1,94.505,
01/01/2000,01:10:29.83,21.35,-58.32,-992.59,183.75,-682.50,-271.25,1,94.526,
01/01/2000,01:10:29.84,21.23,-58.19,-992.47,253.75,-708.75,-350.0,1,94.545,
01/01/2000,01:10:29.85,21.23,-58.07,-992.35,113.75,-595.0,-280.0,1,94.565,
01/01/2000,01:10:29.86,21.47,-58.07,-992.59,140.0,-752.50,-332.50,1,94.585,
01/01/2000,01:10:29.87,21.47,-58.19,-992.84,201.25,-700.0,-385.0,1,94.604,
01/01/2000,01:10:29.88,21.47,-58.32,-992.84,192.50,-726.25,-402.50,1,94.624,
01/01/2000,01:10:29.89,21.35,-58.19,-992.59,122.50,-822.50,-350.0,1,94.643,
01/01/2000,01:10:29.90,21.35,-58.07,-992.47,70.0,-752.50,-350.0,1,94.662,
01/01/2000,01:10:29.92,21.23,-58.32,-992.59,192.50,-770.0,-402.50,1,94.346,
01/01/2000,01:10:29.92,21.23,-58.19,-992.71,280.0,-761.25,-385.0,1,94.366,
01/01/2000,01:10:29.94,21.11,-58.32,-992.84,166.25,-691.25,-288.75,1,94.386,
01/01/2000,01:10:29.94,21.23,-58.32,-992.71,122.50,-717.50,-332.50,1,94.406,
01/01/2000,01:10:29.96,21.11,-58.32,-992.47,70.0,-717.50,-323.75,1,94.425,
01/01/2000,01:10:29.97,20.98,-58.32,-992.59,227.50,-665.0,-315.0,1,94.444,
01/01/2000,01:10:29.98,20.98,-58.32,-992.59,157.50,-682.50,-323.75,1,94.464,
01/01/2000,01:10:29.99,20.98,-58.19,-992.59,113.75,-700.0,-332.50,1,94.483,
01/01/2000,01:10:30.00,20.86,-58.07,-992.47,113.75,-717.50,-262.50,1,94.502,
01/01/2000,01:10:30.01,20.98,-58.07,-992.35,341.25,-735.0,-315.0,1,94.521,
01/01/2000,01:10:30.02,20.98,-58.32,-992.35,105.0,-691.25,-385.0,1,94.539,
01/01/2000,01:10:30.03,21.11,-58.32,-992.59,183.75,-577.50,-341.25,1,94.558,
01/01/2000,01:10:30.04,21.11,-58.32,-992.59,306.25,-656.25,-376.25,1,94.576,
01/01/2000,01:10:30.05,21.11,-58.19,-992.47,253.75,-682.50,-350.0,1,94.276,
01/01/2000,01:10:30.06,21.11,-58.19,-992.35,271.25,-726.25,-288.75,1,94.295,
01/01/2000,01:10:30.07,20.98,-58.07,-992.35,157.50,-708.75,-306.25,1,94.314,
01/01/2000,01:10:30.08,21.11,-58.07,-992.47,227.50,-691.25,-262.50,1,94.333,
01/01/2000,01:10:30.09,21.11,-58.32,-992.47,96.25,-752.50,-420.0,1,94.352,
01/01/2000,01:10:30.10,21.11,-58.32,-992.47,227.50,-682.50,-376.25,1,94.371,
01/01/2000,01:10:30.11,21.23,-58.07,-992.47,210.0,-691.25,-323.75,1,94.389,
01/01/2000,01:10:30.13,21.23,-57.83,-992.59,297.50,-682.50,-385.0,1,94.408,
01/01/2000,01:10:30.14,21.35,-57.71,-992.59,148.75,-568.75,-262.50,1,94.426,
01/01/2000,01:10:30.15,21.35,-58.07,-992.47,105.0,-752.50,-437.50,1,94.444,
01/01/2000,01:10:30.16,21.23,-58.32,-992.59,201.25,-735.0,-341.25,1,94.463,
01/01/2000,01:10:30.17,21.35,-58.32,-992.47,245.0,-717.50,-306.25,1,94.175,
01/01/2000,01:10:30.18,21.47,-58.07,-992.35,192.50,-778.75,-481.25,1,94.194,
01/01/2000,01:10:30.19,21.23,-58.19,-992.23,148.75,-735.0,-262.50,1,94.212,
01/01/2000,01:10:30.20,21.23,-58.19,-992.23,183.75,-770.0,-367.50,1,94.231,
01/01/2000,01:10:30.21,21.23,-58.19,-992.35,253.75,-778.75,-367.50,1,94.249,
01/01/2000,01:10:30.22,21.23,-58.19,-992.35,70.0,-770.0,-288.75,1,94.268,
01/01/2000,01:10:30.23,21.23,-58.32,-992.35,236.25,-822.50,-253.75,1,94.286,
01/01/2000,01:10:30.24,21.23,-58.32,-992.35,210.0,-577.50,-280.0,1,94.304,
01/01/2000,01:10:30.25,21.11,-58.07,-992.35,78.75,-621.25,-350.0,1,94.322,
01/01/2000,01:10:30.27,21.11,-58.07,-992.47,105.0,-735.0,-367.50,1,94.340,
01/01/2000,01:10:30.28,21.23,-58.07,-992.47,210.0,-831.25,-306.25,1,94.357,
01/01/2000,01:10:30.29,21.23,-58.07,-992.59,-8.75,-542.50,-428.75,1,94.375,
01/01/2000,01:10:30.30,21.23,-58.19,-992.59,192.50,-717.50,-280.0,1,94.393,
01/01/2000,01:10:30.31,21.23,-58.19,-992.59,43.75,-761.25,-350.0,1,94.410,
01/01/2000,01:10:30.32,21.23,-58.07,-992.59,122.50,-647.50,-341.25,1,94.427,
01/01/2000,01:10:30.33,21.23,-58.07,-992.59,192.50,-656.25,-227.50,1,94.444,
01/01/2000,01:10:30.34,21.23,-58.07,-992.59,192.50,-866.25,-367.50,1,94.462,
01/01/2000,01:10:30.35,21.23,-58.07,-992.59,131.25,-612.50,-350.0,1,94.479,
01/01/2000,01:10:30.36,21.11,-58.19,-992.59,87.50,-638.75,-393.75,1,94.495,
01/01/2000,01:10:30.37,21.23,-58.19,-992.59,210.0,-770.0,-332.50,1,94.512,
01/01/2000,01:10:30.38,21.47,-58.07,-992.59,96.25,-682.50,-323.75,1,94.529,
01/01/2000,01:10:30.39,21.23,-58.19,-992.59,87.50,-621.25,-271.25,1,94.545,
01/01/2000,01:10:30.40,21.23,-58.32,-992.35,70.0,-708.75,-306.25,1,94.562,
01/01/2000,01:10:30.41,21.11,-58.19,-992.59,218.75,-743.75,-350.0,1,94.578,
01/01/2000,01:10:30.42,21.35,-58.07,-992.59,175.0,-638.75,-341.25,1,94.595,
01/01/2000,01:10:30.43,21.23,-58.07,-992.59,175.0,-682.50,-323.75,1,94.611,
01/01/2000,01:10:30.44,20.98,-58.19,-992.35,210.0,-700.0,-393.75,1,94.627,
01/01/2000,01:10:30.45,21.11,-58.07,-992.23,262.50,-708.75,-350.0,1,94.643,
01/01/2000,01:10:30.46,21.11,-58.19,-992.10,192.50,-708.75,-358.75,1,94.659,
01/01/2000,01:10:30.47,20.98,-58.32,-992.23,87.50,-708.75,-332.50,1,94.395,
01/01/2000,01:10:30.48,20.86,-58.44,-992.35,227.50,-708.75,-306.25,1,94.412,
01/01/2000,01:10:30.49,21.59,-57.83,-992.10,-113.75,-726.25,-358.75,1,94.428,
01/01/2000,01:10:30.50,21.59,-58.19,-991.98,350.0,-673.75,-192.50,1,94.444,
01/01/2000,01:10:30.51,21.11,-58.19,-992.10,0.0,-665.0,-315.0,1,94.461,
01/01/2000,01:10:30.52,21.11,-58.32,-992.35,315.0,-630.0,-481.25,1,94.477,
01/01/2000,01:10:30.53,21.11,-58.19,-992.35,87.50,-787.50,-271.25,1,94.493,
01/01/2000,01:10:30.55,21.35,-57.58,-992.10,-52.50,-603.75,-113.75,1,94.509,
01/01/2000,01:10:30.56,21.23,-57.95,-991.86,35.0,-743.75,-490.0,1,94.524,
01/01/2000,01:10:30.57,21.23,-58.32,-992.10,192.50,-726.25,-183.75,1,94.540,
01/01/2000,01:10:30.58,21.35,-58.32,-992.23,78.75,-665.0,-367.50,1,94.556,
01/01/2000,01:10:30.59,21.35,-58.56,-992.47,140.0,-708.75,-323.75,1,94.571,
01/01/2000,01:10:30.60,21.35,-58.32,-992.35,35.0,-673.75,-428.75,1,94.587,
01/01/2000,01:10:30.61,21.23,-58.19,-992.10,271.25,-682.50,-280.0,1,94.602,
01/01/2000,01:10:30.62,21.23,-58.19,-991.98,175.0,-761.25,-218.75,1,94.618,
01/01/2000,01:10:30.63,21.23,-58.32,-992.10,166.25,-735.0,-411.25,1,94.633,
01/01/2000,01:10:30.64,21.11,-58.44,-992.23,113.75,-726.25,-183.75,1,94.382,
01/01/2000,01:10:30.65,21.35,-58.19,-992.35,166.25,-761.25,-411.25,1,94.398,
01/01/2000,01:10:30.66,21.11,-58.07,-992.10,183.75,-735.0,-306.25,1,94.413,
01/01/2000,01:10:30.68,21.11,-57.83,-992.10,122.50,-813.75,-236.25,1,94.429,
01/01/2000,01:10:30.69,21.23,-57.83,-992.35,315.0,-787.50,-341.25,1,94.444,
01/01/2000,01:10:30.70,21.23,-58.07,-992.59,131.25,-691.25,-280.0,1,94.460,
01/01/2000,01:10:30.71,21.23,-58.07,-992.47,140.0,-691.25,-262.50,1,94.475,
01/01/2000,01:10:30.72,21.23,-58.07,-992.35,113.75,-568.75,-385.0,1,94.490,
01/01/2000,01:10:30.73,21.35,-57.95,-992.23,70.0,-647.50,-183.75,1,94.505,
01/01/2000,01:10:30.74,21.35,-57.95,-992.35,175.0,-735.0,-411.25,1,94.521,
01/01/2000,01:10:30.75,21.23,-58.07,-992.71,96.25,-700.0,-306.25,1,94.536,
01/01/2000,01:10:30.76,21.23,-58.19,-992.59,87.50,-665.0,-315.0,1,94.550,
01/01/2000,01:10:30.77,21.11,-58.19,-992.23,78.75,-691.25,-385.0,1,94.565,
01/01/2000,01:10:30.78,21.23,-58.07,-992.10,166.25,-665.0,-393.75,1,94.580,
01/01/2000,01:10:30.79,21.35,-58.07,-992.10,227.50,-638.75,-315.0,1,94.595,
01/01/2000,01:10:30.80,21.47,-57.95,-992.23,297.50,-735.0,-271.25,1,94.609,
01/01/2000,01:10:30.81,21.35,-58.07,-992.35,122.50,-726.25,-306.25,1,94.624,
01/01/2000,01:10:30.82,21.47,-58.07,-992.10,166.25,-630.0,-367.50,1,94.638,
01/01/2000,01:10:30.83,21.59,-58.07,-992.10,113.75,-665.0,-280.0,1,94.400,
01/01/2000,01:10:30.85,21.59,-58.07,-992.10,122.50,-665.0,-280.0,1,94.415,
01/01/2000,01:10:30.86,21.72,-58.07,-992.35,175.0,-752.50,-402.50,1,94.430,
01/01/2000,01:10:30.87,21.59,-58.07,-992.35,175.0,-647.50,-288.75,1,94.444,
01/01/2000,01:10:30.88,21.59,-58.19,-992.10,131.25,-682.50,-402.50,1,94.459,
01/01/2000,01:10:30.89,21.47,-58.07,-992.10,262.50,-708.75,-341.25,1,94.474,
01/01/2000,01:10:30.90,21.47,-57.83,-991.86,122.50,-743.75,-411.25,1,94.488,
01/01/2000,01:10:30.91,21.47,-57.95,-992.10,105.0,-700.0,-350.0,1,94.503,
01/01/2000,01:10:30.92,21.47,-57.95,-992.35,52.50,-770.0,-350.0,1,94.517,
01/01/2000,01:10:30.93,21.35,-58.07,-992.35,288.75,-787.50,-315.0,1,94.531,
01/01/2000,01:10:30.94,21.23,-58.07,-992.35,166.25,-717.50,-446.25,1,94.545,
01/01/2000,01:10:30.95,21.35,-57.83,-992.35,262.50,-708.75,-358.75,1,94.560,
01/01/2000,01:10:30.96,21.47,-57.83,-992.35,122.50,-700.0,-271.25,1,94.574,
01/01/2000,01:10:30.97,21.35,-57.83,-992.35,271.25,-673.75,-288.75,1,94.344,
01/01/2000,01:10:30.98,21.35,-58.07,-992.35,61.25,-682.50,-463.75,1,94.359,
01/01/2000,01:10:30.99,21.35,-58.07,-992.35,113.75,-665.0,-288.75,1,94.373,
01/01/2000,01:10:31.00,21.47,-58.07,-992.35,87.50,-761.25,-385.0,1,94.388,
01/01/2000,01:10:31.01,21.47,-57.95,-992.23,183.75,-700.0,-297.50,1,94.402,
01/01/2000,01:10:31.02,21.35,-57.95,-992.23,227.50,-682.50,-341.25,1,94.416,
01/01/2000,01:10:31.04,21.35,-57.95,-992.35,245.0,-787.50,-323.75,1,94.430,
01/01/2000,01:10:31.05,21.47,-57.95,-992.35,131.25,-603.75,-411.25,1,94.444,
01/01/2000,01:10:31.06,21.47,-57.71,-992.23,227.50,-700.0,-236.25,1,94.458,
01/01/2000,01:10:31.07,21.47,-57.83,-992.10,122.50,-726.25,-323.75,1,94.472,
01/01/2000,01:10:31.08,21.35,-57.83,-992.10,140.0,-638.75,-428.75,1,94.486,
01/01/2000,01:10:31.09,21.59,-57.83,-991.98,201.25,-630.0,-402.50,1,94.500,
01/01/2000,01:10:31.10,21.59,-57.83,-991.98,131.25,-647.50,-437.50,1,94.514,
01/01/2000,01:10:31.11,21.35,-57.95,-992.10,245.0,-743.75,-96.25,1,94.527,
01/01/2000,01:10:31.12,21.72,-57.71,-992.10,122.50,-656.25,-525.0,1,94.541,
01/01/2000,01:10:31.13,21.59,-57.95,-992.10,192.50,-735.0,-210.0,1,94.554,
01/01/2000,01:10:31.14,21.84,-57.71,-992.10,61.25,-673.75,-227.50,1,94.335,
01/01/2000,01:10:31.15,21.59,-58.07,-992.10,245.0,-682.50,-420.0,1,94.349,
01/01/2000,01:10:31.16,21.59,-57.95,-992.35,96.25,-656.25,-280.0,1,94.363,
01/01/2000,01:10:31.17,21.59,-58.07,-992.23,253.75,-603.75,-516.25,1,94.377,
01/01/2000,01:10:31.19,21.47,-57.83,-992.10,52.50,-665.0,-385.0,1,94.390,
01/01/2000,01:10:31.20,21.47,-57.95,-992.23,192.50,-647.50,-218.75,1,94.404,
01/01/2000,01:10:31.21,21.47,-57.95,-992.23,122.50,-656.25,-350.0,1,94.417,
01/01/2000,01:10:31.22,21.47,-58.07,-992.35,245.0,-726.25,-288.75,1,94.431,
01/01/2000,01:10:31.23,21.59,-58.07,-992.23,35.0,-621.25,-341.25,1,94.444,
01/01/2000,01:10:31.24,21.47,-58.07,-992.10,157.50,-630.0,-472.50,1,94.458,
01/01/2000,01:10:31.25,21.35,-58.07,-991.86,175.0,-682.50,-288.75,1,94.245,
01/01/2000,01:10:31.26,21.23,-58.07,-991.98,131.25,-796.25,-297.50,1,94.258,
01/01/2000,01:10:31.27,21.35,-58.19,-992.10,87.50,-726.25,-376.25,1,94.272,
01/01/2000,01:10:31.28,21.35,-58.07,-992.23,96.25,-638.75,-227.50,1,94.286,
01/01/2000,01:10:31.29,21.23,-58.07,-992.23,140.0,-682.50,-411.25,1,94.299,
01/01/2000,01:10:31.30,21.23,-58.07,-992.10,113.75,-700.0,-350.0,1,94.313,
01/01/2000,01:10:31.31,21.35,-58.19,-992.10,227.50,-743.75,-315.0,1,94.326,
01/01/2000,01:10:31.32,21.23,-58.19,-992.23,175.0,-691.25,-271.25,1,94.340,
01/01/2000,01:10:31.33,21.23,-58.19,-992.35,87.50,-673.75,-280.0,1,94.353,
01/01/2000,01:10:31.35,21.23,-58.19,-992.35,140.0,-656.25,-280.0,1,94.366,
01/01/2000,01:10:31.35,21.23,-58.07,-992.23,96.25,-638.75,-306.25,1,94.379,
01/01/2000,01:10:31.37,21.11,-58.07,-992.10,105.0,-726.25,-376.25,1,94.393,
01/01/2000,01:10:31.38,21.23,-58.07,-992.10,245.0,-682.50,-385.0,1,94.406,
01/01/2000,01:10:31.39,21.11,-58.07,-992.23,201.25,-717.50,-402.50,1,94.419,
01/01/2000,01:10:31.40,21.11,-58.07,-992.10,70.0,-673.75,-358.75,1,94.432,
01/01/2000,01:10:31.41,21.23,-57.95,-992.10,192.50,-813.75,-341.25,1,94.444,
01/01/2000,01:10:31.42,21.11,-57.95,-991.98,183.75,-726.25,-297.50,1,94.457,
01/01/2000,01:10:31.43,21.11,-57.83,-991.86,113.75,-638.75,-323.75,1,94.470,
01/01/2000,01:10:31.44,21.23,-57.95,-992.10,105.0,-743.75,-358.75,1,94.483,
01/01/2000,01:10:31.45,21.23,-57.95,-992.23,385.0,-700.0,-297.50,1,94.495,
01/01/2000,01:10:31.46,21.23,-57.95,-992.35,131.25,-533.75,-428.75,1,94.292,
01/01/2000,01:10:31.47,21.11,-58.32,-992.10,227.50,-700.0,-848.75,1,94.305,
01/01/2000,01:10:31.48,21.23,-58.19,-991.98,201.25,-770.0,-166.25,1,94.318,
01/01/2000,01:10:31.49,21.84,-57.58,-991.86,-52.50,-717.50,-315.0,1,94.331,
01/01/2000,01:10:31.50,20.74,-58.56,-992.10,218.75,-717.50,-17.50,1,94.344,
01/01/2000,01:10:31.51,20.98,-57.95,-992.35,-78.75,-691.25,-490.0,1,94.357,
01/01/2000,01:10:31.52,21.11,-58.32,-992.47,315.0,-726.25,-323.75,1,94.369,
01/01/2000,01:10:31.54,21.35,-57.58,-992.35,148.75,-787.50,-8.75,1,94.382,
01/01/2000,01:10:31.55,21.23,-57.58,-992.10,105.0,-708.75,-507.50,1,94.395,
01/01/2000,01:10:31.56,21.11,-58.07,-991.98,113.75,-665.0,-280.0,1,94.407,
01/01/2000,01:10:31.57,21.23,-57.95,-992.10,52.50,-673.75,-481.25,1,94.420,
01/01/2000,01:10:31.58,21.11,-58.07,-992.47,148.75,-726.25,-253.75,1,94.432,
01/01/2000,01:10:31.59,21.23,-58.07,-992.59,122.50,-796.25,-253.75,1,94.444,
01/01/2000,01:10:31.60,21.23,-58.19,-992.23,210.0,-700.0,-253.75,1,94.457,
01/01/2000,01:10:31.61,21.11,-58.32,-992.23,105.0,-787.50,-262.50,1,94.469,
01/01/2000,01:10:31.62,21.23,-58.32,-992.35,96.25,-700.0,-341.25,1,94.481,
01/01/2000,01:10:31.63,21.23,-58.44,-992.59,376.25,-656.25,-271.25,1,94.493,
01/01/2000,01:10:31.64,21.35,-58.07,-992.47,61.25,-673.75,-236.25,1,94.505,
01/01/2000,01:10:31.65,21.35,-58.07,-991.98,183.75,-726.25,-446.25,1,94.518,
01/01/2000,01:10:31.66,21.23,-58.07,-991.86,140.0,-682.50,-175.0,1,94.530,
01/01/2000,01:10:31.68,21.35,-58.32,-991.98,26.25,-691.25,-350.0,1,94.336,
01/01/2000,01:10:31.69,21.35,-58.32,-992.35,262.50,-691.25,-288.75,1,94.348,
01/01/2000,01:10:31.70,21.35,-58.19,-992.23,201.25,-700.0,-323.75,1,94.156,
01/01/2000,01:10:31.71,21.35,-57.95,-992.10,148.75,-735.0,-358.75,1,94.168,
01/01/2000,01:10:31.72,21.35,-58.19,-992.35,175.0,-630.0,-341.25,1,94.181,
01/01/2000,01:10:31.73,21.47,-58.19,-992.35,122.50,-665.0,-227.50,1,94.194,
01/01/2000,01:10:31.74,21.47,-58.32,-992.47,70.0,-813.75,-288.75,1,94.206,
01/01/2000,01:10:31.75,21.23,-58.44,-992.47,288.75,-682.50,-393.75,1,94.218,
01/01/2000,01:10:31.77,21.23,-58.19,-992.35,87.50,-735.0,-411.25,1,94.231,
01/01/2000,01:10:31.77,21.23,-58.19,-992.35,227.50,-630.0,-297.50,1,94.243,
01/01/2000,01:10:31.79,21.23,-58.19,-992.35,131.25,-700.0,-332.50,1,94.255,
01/01/2000,01:10:31.80,21.23,-58.44,-992.35,131.25,-700.0,-332.50,1,94.268,
01/01/2000,01:10:31.81,20.98,-58.44,-992.35,113.75,-700.0,-385.0,1,94.280,
01/01/2000,01:10:31.82,21.11,-58.44,-992.35,210.0,-568.75,-297.50,1,94.292,
01/01/2000,01:10:31.83,21.23,-58.32,-992.23,148.75,-656.25,-315.0,1,94.304,
01/01/2000,01:10:31.84,21.23,-58.32,-992.47,122.50,-778.75,-367.50,1,94.316,
01/01/2000,01:10:31.85,21.47,-58.32,-992.59,87.50,-630.0,-332.50,1,94.328,
01/01/2000,01:10:31.86,21.35,-58.32,-992.47,52.50,-691.25,-297.50,1,94.340,
01/01/2000,01:10:31.87,21.23,-58.44,-992.47,113.75,-603.75,-411.25,1,94.351,
01/01/2000,01:10:31.88,21.35,-58.32,-992.47,61.25,-551.25,-245.0,1,94.363,
01/01/2000,01:10:31.89,21.35,-58.32,-992.47,113.75,-630.0,-385.0,1,94.375,
01/01/2000,01:10:31.90,21.23,-58.32,-992.47,78.75,-752.50,-288.75,1,94.387,
01/01/2000,01:10:31.91,21.23,-58.32,-992.47,131.25,-647.50,-306.25,1,94.398,
01/01/2000,01:10:31.92,21.23,-58.32,-992.47,166.25,-656.25,-315.0,1,94.410,
01/01/2000,01:10:31.93,21.35,-58.32,-992.47,201.25,-726.25,-341.25,1,94.421,
01/01/2000,01:10:31.94,21.47,-58.07,-992.35,218.75,-726.25,-280.0,1,94.433,
01/01/2000,01:10:31.95,21.47,-58.32,-992.35,52.50,-708.75,-323.75,1,94.444,
01/01/2000,01:10:31.96,21.35,-58.32,-992.47,8.75,-691.25,-192.50,1,94.262,
01/01/2000,01:10:31.97,21.35,-58.32,-992.59,245.0,-761.25,-472.50,1,94.274,
01/01/2000,01:10:31.98,21.23,-58.19,-992.59,43.75,-717.50,-262.50,1,94.286,
01/01/2000,01:10:32.00,21.35,-58.19,-992.59,183.75,-603.75,-437.50,1,94.297,
01/01/2000,01:10:32.00,21.35,-58.19,-992.35,35.0,-761.25,-367.50,1,94.309,
01/01/2000,01:10:32.02,21.23,-58.32,-992.47,218.75,-638.75,-323.75,1,94.320,
01/01/2000,01:10:32.03,21.23,-58.32,-992.59,78.75,-708.75,-315.0,1,94.332,
01/01/2000,01:10:32.04,21.23,-58.32,-992.35,122.50,-717.50,-280.0,1,94.343,
01/01/2000,01:10:32.05,21.35,-58.32,-992.35,201.25,-656.25,-323.75,1,94.355,
01/01/2000,01:10:32.06,21.23,-58.19,-992.35,105.0,-568.75,-332.50,1,94.366,
01/01/2000,01:10:32.07,21.11,-58.19,-992.35,245.0,-647.50,-332.50,1,94.378,
01/01/2000,01:10:32.08,21.11,-58.19,-992.35,183.75,-647.50,-402.50,1,94.389,
01/01/2000,01:10:32.09,21.11,-58.19,-992.47,35.0,-735.0,-236.25,1,94.400,
01/01/2000,01:10:32.10,21.23,-58.32,-992.35,183.75,-603.75,-350.0,1,94.223,
01/01/2000,01:10:32.11,21.23,-58.19,-992.35,122.50,-708.75,-446.25,1,94.235,
01/01/2000,01:10:32.12,21.23,-58.19,-992.10,70.0,-700.0,-297.50,1,94.246,
01/01/2000,01:10:32.13,21.23,-58.07,-992.23,148.75,-717.50,-367.50,1,94.257,
01/01/2000,01:10:32.14,21.23,-57.95,-992.35,262.50,-717.50,-341.25,1,94.269,
01/01/2000,01:10:32.15,21.23,-58.07,-992.35,201.25,-726.25,-315.0,1,94.280,
01/01/2000,01:10:32.16,21.23,-58.19,-992.35,175.0,-612.50,-306.25,1,94.291,
01/01/2000,01:10:32.18,21.23,-58.19,-992.10,70.0,-813.75,-385.0,1,94.303,
01/01/2000,01:10:32.19,21.23,-58.07,-992.23,105.0,-700.0,-385.0,1,94.314,
01/01/2000,01:10:32.20,21.11,-58.07,-992.35,148.75,-612.50,-306.25,1,94.325,
01/01/2000,01:10:32.21,21.11,-58.07,-992.10,183.75,-638.75,-402.50,1,94.336,
01/01/2000,01:10:32.22,21.11,-58.07,-992.10,227.50,-770.0,-393.75,1,94.163,
01/01/2000,01:10:32.23,21.23,-58.19,-992.35,140.0,-638.75,-350.0,1,94.175,
01/01/2000,01:10:32.24,21.23,-58.19,-992.47,245.0,-752.50,-411.25,1,94.186,
01/01/2000,01:10:32.25,21.35,-58.07,-992.35,17.50,-691.25,-393.75,1,94.197,
01/01/2000,01:10:32.26,21.23,-58.07,-992.47,131.25,-700.0,-358.75,1,94.208,
01/01/2000,01:10:32.27,21.23,-58.07,-992.47,166.25,-813.75,-393.75,1,94.220,
01/01/2000,01:10:32.28,21.35,-58.07,-992.47,245.0,-717.50,-341.25,1,94.231,
01/01/2000,01:10:32.29,21.35,-58.07,-992.59,52.50,-682.50,-332.50,1,94.242,
01/01/2000,01:10:32.30,21.35,-58.19,-992.59,148.75,-735.0,-358.75,1,94.253,
01/01/2000,01:10:32.32,21.23,-58.32,-992.59,70.0,-638.75,-367.50,1,94.264,
01/01/2000,01:10:32.33,21.23,-58.07,-992.47,131.25,-568.75,-315.0,1,94.275,
01/01/2000,01:10:32.34,21.23,-58.19,-992.47,175.0,-665.0,-262.50,1,94.286,
01/01/2000,01:10:32.35,21.23,-58.32,-992.59,210.0,-700.0,-376.25,1,94.297,
01/01/2000,01:10:32.36,21.11,-58.32,-992.47,78.75,-708.75,-280.0,1,94.307,
01/01/2000,01:10:32.37,20.98,-58.32,-992.23,113.75,-647.50,-297.50,1,94.318,
01/01/2000,01:10:32.38,20.98,-58.44,-992.23,218.75,-638.75,-297.50,1,94.329,
01/01/2000,01:10:32.39,20.98,-58.44,-992.10,175.0,-778.75,-376.25,1,94.340,
01/01/2000,01:10:32.40,21.23,-58.32,-992.10,105.0,-673.75,-385.0,1,94.350,
01/01/2000,01:10:32.41,21.11,-58.32,-992.10,236.25,-673.75,-297.50,1,94.361,
01/01/2000,01:10:32.42,21.23,-58.19,-992.10,-8.75,-595.0,-341.25,1,94.371,
01/01/2000,01:10:32.43,21.23,-58.32,-992.10,201.25,-630.0,-472.50,1,94.382,
01/01/2000,01:10:32.44,21.23,-58.44,-992.10,183.75,-805.0,-402.50,1,94.393,
01/01/2000,01:10:32.45,21.23,-58.44,-992.10,87.50,-603.75,-385.0,1,94.403,
01/01/2000,01:10:32.46,21.47,-58.32,-992.35,245.0,-577.50,-402.50,1,94.413,
01/01/2000,01:10:32.47,21.47,-58.32,-992.35,175.0,-638.75,-367.50,1,94.424,
01/01/2000,01:10:32.48,21.59,-58.44,-992.35,87.50,-717.50,-306.25,1,94.434,
01/01/2000,01:10:32.49,21.59,-58.32,-992.35,183.75,-656.25,-428.75,1,94.444,
01/01/2000,01:10:32.50,21.59,-58.32,-992.23,166.25,-603.75,-350.0,1,94.455,
01/01/2000,01:10:32.51,21.47,-58.44,-992.35,140.0,-805.0,-315.0,1,94.465,
01/01/2000,01:10:32.53,21.59,-58.32,-992.35,96.25,-717.50,-393.75,1,94.301,
01/01/2000,01:10:32.54,21.47,-58.44,-992.35,166.25,-691.25,-288.75,1,94.312,
01/01/2000,01:10:32.55,21.59,-58.32,-992.23,288.75,-778.75,-350.0,1,94.322,
01/01/2000,01:10:32.56,21.59,-58.44,-992.10,280.0,-708.75,-332.50,1,94.333,
01/01/2000,01:10:32.57,21.59,-58.32,-992.10,210.0,-708.75,-297.50,1,94.343,
01/01/2000,01:10:32.58,21.59,-58.32,-992.10,157.50,-691.25,-411.25,1,94.353,
01/01/2000,01:10:32.59,21.72,-58.19,-992.23,245.0,-638.75,-306.25,1,94.364,
01/01/2000,01:10:32.60,21.59,-58.32,-992.35,218.75,-726.25,-385.0,1,94.374,
01/01/2000,01:10:32.61,21.47,-58.19,-992.23,96.25,-735.0,-393.75,1,94.384,
01/01/2000,01:10:32.62,21.47,-58.19,-992.23,227.50,-796.25,-341.25,1,94.394,
01/01/2000,01:10:32.63,21.47,-58.32,-992.23,192.50,-682.50,-350.0,1,94.404,
01/01/2000,01:10:32.64,21.59,-58.32,-992.23,122.50,-673.75,-315.0,1,94.414,
01/01/2000,01:10:32.65,21.59,-58.32,-992.23,87.50,-778.75,-350.0,1,94.424,
01/01/2000,01:10:32.66,21.59,-58.32,-992.35,323.75,-656.25,-385.0,1,94.434,
01/01/2000,01:10:32.67,21.47,-58.32,-992.47,78.75,-612.50,-332.50,1,94.275,
01/01/2000,01:10:32.68,21.47,-58.19,-992.59,218.75,-621.25,-297.50,1,94.286,
01/01/2000,01:10:32.69,21.47,-58.19,-992.47,245.0,-752.50,-350.0,1,94.296,
01/01/2000,01:10:32.70,21.23,-58.32,-992.59,245.0,-673.75,-428.75,1,94.306,
01/01/2000,01:10:32.71,21.23,-58.32,-992.59,140.0,-638.75,-358.75,1,94.316,
01/01/2000,01:10:32.73,21.35,-58.32,-992.59,96.25,-717.50,-385.0,1,94.326,
01/01/2000,01:10:32.74,21.35,-58.19,-992.59,105.0,-673.75,-218.75,1,94.336,
01/01/2000,01:10:32.75,21.35,-58.32,-992.59,227.50,-708.75,-350.0,1,94.346,
01/01/2000,01:10:32.76,21.35,-58.32,-992.59,-8.75,-761.25,-297.50,1,94.356,
01/01/2000,01:10:32.77,21.23,-58.32,-992.59,280.0,-673.75,-428.75,1,94.366,
01/01/2000,01:10:32.78,21.47,-58.32,-992.59,166.25,-708.75,-175.0,1,94.376,
01/01/2000,01:10:32.79,21.47,-58.32,-992.59,192.50,-630.0,-341.25,1,94.386,
01/01/2000,01:10:32.80,21.47,-58.32,-992.47,157.50,-691.25,-358.75,1,94.396,
01/01/2000,01:10:32.81,21.47,-58.32,-992.35,70.0,-682.50,-271.25,1,94.241,
01/01/2000,01:10:32.82,21.47,-58.44,-992.23,113.75,-708.75,-367.50,1,94.251,
01/01/2000,01:10:32.83,21.47,-58.44,-992.23,131.25,-708.75,-367.50,1,94.261,
01/01/2000,01:10:32.84,21.59,-58.44,-992.23,201.25,-691.25,-358.75,1,94.271,
01/01/2000,01:10:32.85,21.72,-58.56,-992.35,218.75,-700.0,-306.25,1,94.281,
01/01/2000,01:10:32.86,21.59,-58.44,-992.47,87.50,-761.25,-315.0,1,94.291,
01/01/2000,01:10:32.87,21.47,-58.32,-992.35,192.50,-735.0,-288.75,1,94.301,
01/01/2000,01:10:32.89,21.23,-58.32,-992.35,236.25,-761.25,-297.50,1,94.310,
01/01/2000,01:10:32.90,21.23,-58.32,-992.47,201.25,-612.50,-306.25,1,94.320,
01/01/2000,01:10:32.91,21.23,-58.19,-992.59,131.25,-551.25,-393.75,1,94.330,
01/01/2000,01:10:32.92,21.23,-58.07,-992.59,166.25,-726.25,-402.50,1,94.340,
01/01/2000,01:10:32.93,21.23,-58.19,-992.35,236.25,-630.0,-358.75,1,94.349,
01/01/2000,01:10:32.94,21.11,-58.07,-992.35,166.25,-656.25,-376.25,1,94.359,
01/01/2000,01:10:32.95,20.98,-58.07,-992.35,280.0,-735.0,-385.0,1,94.369,
01/01/2000,01:10:32.96,21.11,-58.19,-992.35,183.75,-726.25,-341.25,1,94.378,
01/01/2000,01:10:32.97,21.23,-58.32,-992.47,43.75,-752.50,-332.50,1,94.388,
01/01/2000,01:10:32.98,21.23,-58.32,-992.23,166.25,-770.0,-350.0,1,94.397,
01/01/2000,01:10:32.99,21.23,-58.32,-992.35,43.75,-630.0,-341.25,1,94.407,
01/01/2000,01:10:33.00,21.11,-58.32,-992.35,131.25,-752.50,-332.50,1,94.416,
01/01/2000,01:10:33.01,21.23,-58.44,-992.59,148.75,-735.0,-280.0,1,94.426,
01/01/2000,01:10:33.02,21.23,-58.44,-992.59,245.0,-665.0,-376.25,1,94.276,
01/01/2000,01:10:33.04,21.11,-58.19,-992.47,52.50,-595.0,-315.0,1,94.286,
01/01/2000,01:10:33.04,21.11,-58.32,-992.35,113.75,-700.0,-315.0,1,94.295,
01/01/2000,01:10:33.06,21.11,-58.07,-992.35,323.75,-700.0,-280.0,1,94.305,
01/01/2000,01:10:33.07,21.23,-58.19,-992.35,113.75,-630.0,-376.25,1,94.314,
01/01/2000,01:10:33.08,21.23,-58.19,-992.35,35.0,-665.0,-306.25,1,94.324,
01/01/2000,01:10:33.09,21.35,-58.32,-992.23,192.50,-612.50,-350.0,1,94.333,
01/01/2000,01:10:33.10,21.23,-58.19,-992.35,70.0,-708.75,-341.25,1,94.343,
01/01/2000,01:10:33.11,21.23,-58.32,-992.59,87.50,-673.75,-236.25,1,94.352,
01/01/2000,01:10:33.12,21.23,-58.44,-992.59,140.0,-586.25,-385.0,1,94.362,
01/01/2000,01:10:33.13,21.23,-58.44,-992.59,218.75,-770.0,-297.50,1,94.371,
01/01/2000,01:10:33.14,21.23,-58.44,-992.35,192.50,-612.50,-481.25,1,94.380,
01/01/2000,01:10:33.15,21.23,-58.32,-992.35,210.0,-595.0,-367.50,1,94.389,
01/01/2000,01:10:33.16,21.35,-58.19,-992.23,218.75,-726.25,-323.75,1,94.243,
01/01/2000,01:10:33.17,21.35,-58.32,-992.35,140.0,-673.75,-280.0,1,94.253,
01/01/2000,01:10:33.18,21.35,-58.32,-992.35,96.25,-717.50,-376.25,1,94.262,
01/01/2000,01:10:33.19,21.35,-58.44,-992.35,140.0,-717.50,-280.0,1,94.272,
01/01/2000,01:10:33.20,21.23,-58.07,-992.23,157.50,-770.0,-341.25,1,94.281,
01/01/2000,01:10:33.21,21.11,-58.32,-991.98,262.50,-691.25,-253.75,1,94.290,
01/01/2000,01:10:33.22,21.23,-58.19,-992.10,210.0,-682.50,-516.25,1,94.300,
01/01/2000,01:10:33.24,10.13,-56.24,-949.77,96.25,-1128.75,3342.50,1,94.309,
01/01/2000,01:10:33.25,12.69,-54.90,-962.82,-1548.75,-1645.0,-2747.50,1,94.165,
01/01/2000,01:10:33.26,21.47,-64.05,-999.18,1190.0,-1268.75,-3771.25,1,94.175,
01/01/2000,01:10:33.27,29.28,-63.07,-1032.36,78.75,122.50,-1592.50,1,94.184,
01/01/2000,01:10:33.28,29.52,-61.61,-1043.10,822.50,148.75,3106.25,1,94.194,
01/01/2000,01:10:33.29,27.33,-52.95,-1019.07,-367.50,-113.75,140.0,1,94.203,
01/01/2000,01:10:33.30,23.67,-52.46,-993.81,560.0,-805.0,-1330.0,1,94.212,
01/01/2000,01:10:33.31,20.98,-54.17,-976.12,-192.50,-1128.75,262.50,1,94.222,
01/01/2000,01:10:33.32,19.89,-63.20,-976.98,183.75,-1146.25,603.75,1,94.231,
01/01/2000,01:10:33.33,22.08,-65.64,-991.62,-26.25,-901.25,-1557.50,1,94.240,
01/01/2000,01:10:33.35,23.67,-63.44,-1003.94,288.75,-595.0,-1968.75,1,94.249,
01/01/2000,01:10:33.35,23.18,-57.71,-1006.01,210.0,-323.75,595.0,1,94.258,
01/01/2000,01:10:33.37,21.47,-50.75,-996.01,201.25,-463.75,700.0,1,94.268,
01/01/2000,01:10:33.38,20.01,-51.97,-988.32,-8.75,-708.75,411.25,1,94.277,
01/01/2000,01:10:33.39,20.13,-56.61,-984.17,358.75,-831.25,140.0,1,94.286,
01/01/2000,01:10:33.40,20.74,-61.98,-985.39,271.25,-796.25,-778.75,1,94.295,
01/01/2000,01:10:33.41,22.69,-65.03,-992.47,122.50,-822.50,-1601.25,1,94.304,
01/01/2000,01:10:33.42,22.57,-62.22,-994.79,323.75,-542.50,-1155.0,1,94.313,
01/01/2000,01:10:33.43,21.59,-56.73,-993.81,183.75,-603.75,-402.50,1,94.322,
01/01/2000,01:10:33.44,20.50,-52.70,-991.37,157.50,-691.25,682.50,1,94.331,
01/01/2000,01:10:33.45,19.52,-53.31,-989.54,236.25,-665.0,568.75,1,94.340,
01/01/2000,01:10:33.46,20.50,-59.41,-991.13,87.50,-682.50,-481.25,1,94.349,
01/01/2000,01:10:33.47,21.72,-62.71,-992.10,245.0,-778.75,-1330.0,1,94.357,
01/01/2000,01:10:33.48,22.33,-62.59,-992.10,280.0,-752.50,-1242.50,1,94.366,
01/01/2000,01:10:33.49,22.20,-59.90,-991.37,236.25,-761.25,-183.75,1,94.375,
01/01/2000,01:10:33.50,21.47,-56.61,-990.64,201.25,-621.25,245.0,1,94.384,
01/01/2000,01:10:33.51,20.25,-54.17,-991.49,140.0,-673.75,253.75,1,94.246,
01/01/2000,01:10:33.52,20.37,-56.97,-993.32,227.50,-603.75,-192.50,1,94.255,
01/01/2000,01:10:33.53,20.98,-59.41,-993.32,113.75,-691.25,-875.0,1,94.264,
01/01/2000,01:10:33.54,21.72,-61.0,-992.23,70.0,-735.0,-813.75,1,94.272,
01/01/2000,01:10:33.56,22.08,-60.51,-991.01,70.0,-778.75,-463.75,1,94.281,
01/01/2000,01:10:33.56,21.59,-58.32,-990.76,245.0,-682.50,-166.25,1,94.290,
01/01/2000,01:10:33.58,20.86,-56.49,-992.10,131.25,-813.75,-183.75,1,94.299,
01/01/2000,01:10:33.59,20.13,-56.12,-994.06,253.75,-656.25,-358.75,1,94.308,
01/01/2000,01:10:33.60,20.13,-56.85,-993.81,166.25,-638.75,-350.0,1,94.316,
01/01/2000,01:10:33.61,20.86,-58.32,-992.35,70.0,-586.25,-385.0,1,94.325,
01/01/2000,01:10:33.62,21.72,-59.29,-990.52,-52.50,-787.50,-411.25,1,94.334,
01/01/2000,01:10:33.63,22.08,-59.54,-990.64,96.25,-831.25,-446.25,1,94.343,
01/01/2000,01:10:33.64,21.72,-58.68,-991.98,105.0,-752.50,-385.0,1,94.351,
01/01/2000,01:10:33.65,20.98,-57.58,-993.32,218.75,-787.50,-385.0,1,94.360,
01/01/2000,01:10:33.66,20.37,-56.61,-993.45,332.50,-656.25,-183.75,1,94.225,
01/01/2000,01:10:33.67,20.74,-56.73,-992.47,148.75,-682.50,-113.75,1,94.234,
01/01/2000,01:10:33.68,21.96,-58.56,-991.25,113.75,-743.75,-175.0,1,94.242,
01/01/2000,01:10:33.69,22.33,-59.78,-991.49,175.0,-831.25,-236.25,1,94.251,
01/01/2000,01:10:33.70,22.20,-60.02,-992.23,122.50,-822.50,-455.0,1,94.260,
01/01/2000,01:10:33.71,21.59,-59.29,-993.08,87.50,-568.75,-621.25,1,94.268,
01/01/2000,01:10:33.73,20.98,-57.10,-993.32,166.25,-700.0,-218.75,1,94.277,
01/01/2000,01:10:33.74,20.98,-56.36,-992.35,166.25,-665.0,-70.0,1,94.286,
01/01/2000,01:10:33.75,21.96,-58.19,-991.98,210.0,-761.25,-78.75,1,94.294,
01/01/2000,01:10:33.76,21.96,-59.41,-992.23,166.25,-770.0,-393.75,1,94.162,
01/01/2000,01:10:33.77,21.96,-60.02,-992.47,140.0,-726.25,-691.25,1,94.170,
01/01/2000,01:10:33.78,21.72,-59.17,-992.71,157.50,-787.50,-551.25,1,94.179,
01/01/2000,01:10:33.79,21.23,-56.85,-992.59,140.0,-656.25,-393.75,1,94.188,
01/01/2000,01:10:33.80,21.11,-56.36,-992.35,148.75,-568.75,-35.0,1,94.196,
01/01/2000,01:10:33.81,21.23,-56.85,-992.47,148.75,-586.25,-113.75,1,94.205,
01/01/2000,01:10:33.82,21.47,-58.80,-992.59,280.0,-647.50,-315.0,1,94.214,
01/01/2000,01:10:33.83,21.59,-59.41,-992.35,78.75,-665.0,-621.25,1,94.222,
01/01/2000,01:10:33.84,21.59,-59.29,-992.10,140.0,-735.0,-533.75,1,94.231,
01/01/2000,01:10:33.85,21.35,-58.32,-991.86,157.50,-743.75,-385.0,1,94.239,
01/01/2000,01:10:33.86,21.11,-57.22,-992.35,192.50,-717.50,-61.25,1,94.248,
01/01/2000,01:10:33.88,21.11,-57.34,-992.59,218.75,-700.0,-52.50,1,94.256,
01/01/2000,01:10:33.89,21.23,-57.83,-992.71,148.75,-665.0,-376.25,1,94.265,
01/01/2000,01:10:33.90,21.59,-58.68,-992.23,192.50,-700.0,-507.50,1,94.273,
01/01/2000,01:10:33.91,21.84,-59.05,-991.86,-17.50,-743.75,-621.25,1,94.282,
01/01/2000,01:10:33.92,21.84,-58.56,-991.74,78.75,-831.25,-446.25,1,94.290,
01/01/2000,01:10:33.93,21.72,-58.07,-992.10,218.75,-682.50,-358.75,1,94.298,
01/01/2000,01:10:33.94,21.35,-57.83,-992.59,166.25,-708.75,-210.0,1,94.307,
01/01/2000,01:10:33.95,21.47,-57.83,-992.47,140.0,-656.25,-245.0,1,94.315,
01/01/2000,01:10:33.96,21.59,-58.32,-992.10,271.25,-647.50,-297.50,1,94.323,
01/01/2000,01:10:33.97,21.72,-58.56,-991.86,175.0,-770.0,-402.50,1,94.331,
01/01/2000,01:10:33.98,21.84,-58.80,-991.86,131.25,-735.0,-297.50,1,94.340,
01/01/2000,01:10:33.99,21.59,-58.80,-992.10,183.75,-638.75,-367.50,1,94.348,
01/01/2000,01:10:34.00,21.47,-58.19,-992.47,183.75,-630.0,-271.25,1,94.356,
01/01/2000,01:10:34.01,21.23,-57.83,-992.35,87.50,-665.0,-280.0,1,94.228,
01/01/2000,01:10:34.02,21.47,-57.95,-992.10,192.50,-656.25,-376.25,1,94.236,
01/01/2000,01:10:34.03,21.59,-58.19,-991.98,70.0,-787.50,-420.0,1,94.245,
01/01/2000,01:10:34.04,21.72,-58.44,-992.10,262.50,-673.75,-358.75,1,94.253,
01/01/2000,01:10:34.05,21.72,-58.68,-992.23,218.75,-726.25,-385.0,1,94.261,
01/01/2000,01:10:34.06,21.47,-58.44,-992.35,253.75,-682.50,-341.25,1,94.269,
01/01/2000,01:10:34.08,21.47,-57.83,-992.23,8.75,-682.50,-341.25,1,94.278,
01/01/2000,01:10:34.09,21.35,-57.71,-992.23,210.0,-752.50,-236.25,1,94.286,
01/01/2000,01:10:34.10,21.59,-57.83,-992.23,96.25,-630.0,-315.0,1,94.294,
01/01/2000,01:10:34.11,21.47,-58.32,-992.23,87.50,-770.0,-437.50,1,94.302,
01/01/2000,01:10:34.12,21.59,-58.56,-992.10,96.25,-770.0,-446.25,1,94.310,
01/01/2000,01:10:34.13,21.59,-58.32,-991.98,262.50,-665.0,-367.50,1,94.318,
01/01/2000,01:10:34.14,21.47,-58.07,-991.98,227.50,-743.75,-393.75,1,94.326,
01/01/2000,01:10:34.15,21.47,-57.58,-991.86,245.0,-621.25,-306.25,1,94.201,
01/01/2000,01:10:34.16,21.35,-57.58,-991.86,87.50,-717.50,-210.0,1,94.209,
01/01/2000,01:10:34.17,21.47,-58.07,-991.86,113.75,-630.0,-323.75,1,94.217,
01/01/2000,01:10:34.18,21.72,-58.32,-991.86,245.0,-735.0,-350.0,1,94.225,
01/01/2000,01:10:34.19,21.72,-58.07,-991.86,-52.50,-577.50,-385.0,1,94.233,
01/01/2000,01:10:34.20,21.72,-58.19,-991.86,297.50,-717.50,-332.50,1,94.242,
01/01/2000,01:10:34.21,21.72,-57.71,-991.98,175.0,-770.0,-183.75,1,94.250,
01/01/2000,01:10:34.23,21.47,-57.58,-992.23,157.50,-770.0,-315.0,1,94.258,
01/01/2000,01:10:34.24,21.47,-57.83,-992.23,245.0,-691.25,-315.0,1,94.266,
01/01/2000,01:10:34.25,21.72,-57.83,-991.98,262.50,-743.75,-323.75,1,94.274,
01/01/2000,01:10:34.26,21.72,-57.95,-991.86,105.0,-673.75,-315.0,1,94.282,
01/01/2000,01:10:34.27,21.72,-57.95,-991.86,157.50,-673.75,-411.25,1,94.290,
01/01/2000,01:10:34.28,21.47,-57.83,-991.98,166.25,-778.75,-411.25,1,94.167,
01/01/2000,01:10:34.29,21.47,-57.71,-992.23,35.0,-700.0,-323.75,1,94.306,
01/01/2000,01:10:34.30,21.35,-57.83,-992.35,26.25,-691.25,-323.75,1,94.183,
01/01/2000,01:10:34.31,21.35,-57.83,-992.23,166.25,-805.0,-358.75,1,94.191,
01/01/2000,01:10:34.32,21.47,-58.19,-991.98,262.50,-761.25,-332.50,1,94.199,
01/01/2000,01:10:34.33,21.47,-58.19,-991.98,201.25,-665.0,-446.25,1,94.207,
01/01/2000,01:10:34.34,21.47,-58.19,-992.10,245.0,-743.75,-437.50,1,94.215,
01/01/2000,01:10:34.35,21.47,-58.07,-992.35,253.75,-630.0,-420.0,1,94.223,
01/01/2000,01:10:34.36,21.47,-57.71,-992.47,122.50,-691.25,-323.75,1,94.231,
01/01/2000,01:10:34.37,21.47,-57.71,-992.35,175.0,-752.50,-280.0,1,94.239,
01/01/2000,01:10:34.38,21.47,-57.83,-992.35,70.0,-665.0,-280.0,1,94.247,
01/01/2000,01:10:34.40,21.47,-58.19,-992.35,113.75,-691.25,-350.0,1,94.254,
01/01/2000,01:10:34.41,21.35,-58.19,-992.35,140.0,-770.0,-393.75,1,94.262,
01/01/2000,01:10:34.42,21.47,-58.07,-992.47,201.25,-778.75,-385.0,1,94.270,
01/01/2000,01:10:34.43,21.35,-57.71,-992.35,70.0,-778.75,-201.25,1,94.278,
01/01/2000,01:10:34.44,21.47,-57.83,-992.35,201.25,-673.75,-341.25,1,94.286,
01/01/2000,01:10:34.45,21.47,-57.95,-992.35,201.25,-612.50,-306.25,1,94.293,
01/01/2000,01:10:34.46,21.47,-58.07,-992.23,131.25,-691.25,-288.75,1,94.301,
01/01/2000,01:10:34.47,21.47,-58.32,-992.10,271.25,-638.75,-306.25,1,94.309,
01/01/2000,01:10:34.48,21.35,-58.07,-992.10,87.50,-761.25,-341.25,1,94.317,
01/01/2000,01:10:34.49,21.35,-58.07,-992.10,183.75,-708.75,-271.25,1,94.324,
01/01/2000,01:10:34.50,21.23,-57.83,-992.10,183.75,-673.75,-393.75,1,94.332,
01/01/2000,01:10:34.51,21.35,-57.95,-992.23,113.75,-770.0,-306.25,1,94.340,
01/01/2000,01:10:34.52,21.59,-58.07,-992.23,148.75,-761.25,-297.50,1,94.347,
01/01/2000,01:10:34.53,21.59,-58.07,-991.98,87.50,-708.75,-350.0,1,94.355,
01/01/2000,01:10:34.54,21.47,-58.32,-991.98,201.25,-647.50,-446.25,1,94.362,
01/01/2000,01:10:34.55,21.47,-58.07,-992.10,218.75,-673.75,-376.25,1,94.370,
01/01/2000,01:10:34.56,21.72,-58.07,-992.10,315.0,-700.0,-288.75,1,94.378,
01/01/2000,01:10:34.57,21.47,-57.83,-992.35,166.25,-717.50,-323.75,1,94.259,
01/01/2000,01:10:34.58,21.47,-57.83,-992.47,122.50,-743.75,-393.75,1,94.267,
01/01/2000,01:10:34.60,21.47,-57.95,-992.35,122.50,-735.0,-393.75,1,94.274,
01/01/2000,01:10:34.60,21.47,-58.19,-992.23,236.25,-682.50,-315.0,1,94.282,
01/01/2000,01:10:34.62,21.47,-58.07,-992.10,122.50,-717.50,-376.25,1,94.290,
01/01/2000,01:10:34.63,21.35,-58.19,-992.10,236.25,-577.50,-332.50,1,94.297,
01/01/2000,01:10:34.64,21.23,-58.32,-992.10,131.25,-682.50,-437.50,1,94.305,
01/01/2000,01:10:34.65,21.11,-58.19,-991.98,105.0,-638.75,-385.0,1,94.312,
01/01/2000,01:10:34.66,21.23,-58.19,-991.98,148.75,-761.25,-323.75,1,94.320,
01/01/2000,01:10:34.67,21.23,-58.32,-991.86,175.0,-761.25,-341.25,1,94.327,
01/01/2000,01:10:34.68,21.23,-58.07,-991.86,87.50,-752.50,-367.50,1,94.335,
01/01/2000,01:10:34.69,21.23,-58.07,-991.98,122.50,-638.75,-297.50,1,94.342,
01/01/2000,01:10:34.70,21.23,-58.07,-992.10,192.50,-726.25,-297.50,1,94.350,
01/01/2000,01:10:34.71,21.35,-58.07,-992.10,131.25,-770.0,-358.75,1,94.233,
01/01/2000,01:10:34.72,21.35,-58.07,-992.10,157.50,-612.50,-393.75,1,94.241,
01/01/2000,01:10:34.73,21.47,-57.95,-992.10,35.0,-708.75,-315.0,1,94.248,
01/01/2000,01:10:34.74,21.47,-58.07,-992.10,131.25,-883.75,-376.25,1,94.256,
01/01/2000,01:10:34.75,21.35,-58.07,-992.23,175.0,-630.0,-367.50,1,94.263,
01/01/2000,01:10:34.76,21.47,-58.19,-992.23,148.75,-883.75,-367.50,1,94.271,
01/01/2000,01:10:34.78,21.23,-58.07,-992.47,183.75,-691.25,-271.25,1,94.278,
01/01/2000,01:10:34.79,21.23,-58.07,-992.35,210.0,-603.75,-297.50,1,94.163,
01/01/2000,01:10:34.80,21.11,-58.19,-992.23,105.0,-682.50,-393.75,1,94.171,
01/01/2000,01:10:34.81,21.11,-58.32,-992.10,96.25,-665.0,-280.0,1,94.179,
01/01/2000,01:10:34.82,21.23,-58.19,-992.10,227.50,-665.0,-385.0,1,94.186,
01/01/2000,01:10:34.83,21.23,-58.19,-992.10,148.75,-717.50,-411.25,1,94.194,
01/01/2000,01:10:34.84,21.23,-57.95,-992.23,288.75,-735.0,-262.50,1,94.201,
01/01/2000,01:10:34.85,21.47,-58.07,-992.23,35.0,-735.0,-367.50,1,94.208,
01/01/2000,01:10:34.86,21.47,-58.07,-992.23,280.0,-665.0,-288.75,1,94.216,
01/01/2000,01:10:34.87,21.47,-58.32,-992.10,192.50,-717.50,-376.25,1,94.223,
01/01/2000,01:10:34.89,21.47,-58.19,-991.98,166.25,-656.25,-306.25,1,94.231,
01/01/2000,01:10:34.90,21.23,-58.07,-991.98,183.75,-638.75,-393.75,1,94.238,
01/01/2000,01:10:34.91,21.35,-58.07,-992.10,201.25,-717.50,-437.50,1,94.246,
01/01/2000,01:10:34.92,21.23,-57.95,-991.98,166.25,-673.75,-350.0,1,94.253,
01/01/2000,01:10:34.93,21.23,-58.07,-991.98,131.25,-586.25,-402.50,1,94.260,
01/01/2000,01:10:34.94,21.35,-57.83,-991.86,140.0,-708.75,-402.50,1,94.268,
01/01/2000,01:10:34.95,21.47,-58.07,-991.98,140.0,-717.50,-385.0,1,94.275,
01/01/2000,01:10:34.96,21.35,-57.83,-991.98,245.0,-778.75,-350.0,1,94.282,
01/01/2000,01:10:34.97,21.35,-58.07,-992.10,227.50,-603.75,-332.50,1,94.289,
01/01/2000,01:10:34.98,21.35,-58.07,-991.98,323.75,-638.75,-297.50,1,94.297,
01/01/2000,01:10:34.99,21.23,-58.07,-992.23,131.25,-621.25,-297.50,1,94.304,
01/01/2000,01:10:35.00,21.23,-58.07,-992.35,52.50,-673.75,-332.50,1,94.192,
01/01/2000,01:10:35.01,21.35,-58.19,-992.35,210.0,-691.25,-306.25,1,94.199,
01/01/2000,01:10:35.02,21.35,-58.07,-992.23,140.0,-752.50,-280.0,1,94.207,
01/01/2000,01:10:35.03,21.23,-58.44,-992.10,271.25,-761.25,-393.75,1,94.214,
01/01/2000,01:10:35.04,21.23,-58.68,-991.98,175.0,-717.50,-385.0,1,94.221,
01/01/2000,01:10:35.05,21.23,-58.32,-992.10,78.75,-778.75,-288.75,1,94.228,
01/01/2000,01:10:35.06,21.23,-58.19,-992.10,166.25,-778.75,-376.25,1,94.236,
01/01/2000,01:10:35.08,20.98,-58.32,-992.10,148.75,-743.75,-306.25,1,94.243,
01/01/2000,01:10:35.09,20.98,-58.07,-992.23,70.0,-603.75,-183.75,1,94.250,
01/01/2000,01:10:35.10,20.98,-58.19,-992.23,166.25,-603.75,-420.0,1,94.257,
01/01/2000,01:10:35.11,21.11,-58.07,-992.23,148.75,-542.50,-341.25,1,94.264,
01/01/2000,01:10:35.12,21.11,-58.07,-992.23,227.50,-700.0,-358.75,1,94.271,
01/01/2000,01:10:35.13,20.98,-58.07,-992.23,122.50,-673.75,-332.50,1,94.279,
01/01/2000,01:10:35.14,21.11,-58.19,-992.10,157.50,-630.0,-332.50,1,94.169,
01/01/2000,01:10:35.15,20.98,-58.19,-992.10,236.25,-656.25,-280.0,1,94.293,
01/01/2000,01:10:35.16,21.11,-57.95,-992.10,43.75,-708.75,-323.75,1,94.183,
01/01/2000,01:10:35.17,21.23,-58.07,-992.10,262.50,-691.25,-358.75,1,94.190,
01/01/2000,01:10:35.18,21.23,-58.07,-992.10,271.25,-665.0,-350.0,1,94.198,
01/01/2000,01:10:35.19,21.23,-58.19,-991.98,192.50,-743.75,-332.50,1,94.205,
01/01/2000,01:10:35.20,21.23,-58.19,-992.10,236.25,-673.75,-332.50,1,94.212,
01/01/2000,01:10:35.22,21.23,-58.19,-991.86,306.25,-691.25,-411.25,1,94.219,
01/01/2000,01:10:35.23,21.11,-58.07,-991.98,192.50,-551.25,-253.75,1,94.226,
01/01/2000,01:10:35.24,21.11,-58.07,-992.10,166.25,-708.75,-280.0,1,94.233,
01/01/2000,01:10:35.25,20.98,-58.07,-992.10,157.50,-752.50,-358.75,1,94.240,
01/01/2000,01:10:35.26,20.98,-58.07,-992.10,218.75,-647.50,-332.50,1,94.247,
01/01/2000,01:10:35.27,21.35,-58.07,-992.10,70.0,-656.25,-306.25,1,94.254,
01/01/2000,01:10:35.28,21.23,-58.07,-992.10,78.75,-708.75,-288.75,1,94.146,
01/01/2000,01:10:35.30,21.23,-58.07,-992.10,280.0,-700.0,-323.75,1,94.153,
01/01/2000,01:10:35.31,21.23,-58.07,-992.35,61.25,-638.75,-350.0,1,94.161,
01/01/2000,01:10:35.32,20.98,-58.19,-992.23,96.25,-656.25,-280.0,1,94.168,
01/01/2000,01:10:35.33,20.98,-58.19,-992.23,262.50,-787.50,-402.50,1,94.175,
01/01/2000,01:10:35.34,20.98,-58.19,-992.23,210.0,-621.25,-428.75,1,94.182,
01/01/2000,01:10:35.35,21.11,-58.07,-992.10,253.75,-717.50,-253.75,1,94.189,
01/01/2000,01:10:35.36,21.23,-58.07,-992.23,140.0,-700.0,-315.0,1,94.196,
01/01/2000,01:10:35.37,21.23,-58.07,-992.23,183.75,-717.50,-236.25,1,94.203,
01/01/2000,01:10:35.38,21.23,-58.07,-992.23,113.75,-673.75,-420.0,1,94.210,
01/01/2000,01:10:35.39,21.35,-58.07,-992.10,140.0,-752.50,-385.0,1,94.217,
01/01/2000,01:10:35.40,21.47,-58.07,-992.23,192.50,-796.25,-280.0,1,94.224,
01/01/2000,01:10:35.41,21.47,-58.07,-992.23,105.0,-691.25,-280.0,1,94.231,
01/01/2000,01:10:35.42,21.35,-58.07,-992.23,253.75,-682.50,-323.75,1,94.238,
01/01/2000,01:10:35.43,21.23,-58.07,-992.23,122.50,-717.50,-315.0,1,94.245,
01/01/2000,01:10:35.44,21.35,-58.19,-992.10,183.75,-533.75,-323.75,1,94.251,
01/01/2000,01:10:35.45,21.35,-58.19,-992.10,315.0,-822.50,-297.50,1,94.258,
01/01/2000,01:10:35.46,21.47,-58.07,-991.98,113.75,-726.25,-288.75,1,94.265,
01/01/2000,01:10:35.47,21.23,-58.07,-991.86,131.25,-735.0,-332.50,1,94.272,
01/01/2000,01:10:35.48,21.23,-58.19,-991.98,113.75,-656.25,-332.50,1,94.279,
01/01/2000,01:10:35.49,21.23,-58.07,-991.98,175.0,-665.0,-323.75,1,94.174,
01/01/2000,01:10:35.50,21.35,-58.19,-992.10,271.25,-708.75,-367.50,1,94.181,
01/01/2000,01:10:35.51,21.47,-57.83,-991.98,227.50,-726.25,-236.25,1,94.187,
01/01/2000,01:10:35.52,21.35,-58.07,-991.74,253.75,-647.50,-411.25,1,94.194,
01/01/2000,01:10:35.53,21.23,-57.95,-991.74,192.50,-577.50,-218.75,1,94.201,
01/01/2000,01:10:35.54,21.35,-58.19,-991.74,183.75,-822.50,-367.50,1,94.208,
01/01/2000,01:10:35.55,21.35,-58.07,-991.86,52.50,-665.0,-271.25,1,94.215,
01/01/2000,01:10:35.57,21.23,-58.07,-991.98,105.0,-673.75,-280.0,1,94.222,
01/01/2000,01:10:35.58,21.23,-58.19,-991.98,105.0,-682.50,-271.25,1,94.229,
01/01/2000,01:10:35.59,21.35,-58.19,-991.74,236.25,-516.25,-446.25,1,94.235,
01/01/2000,01:10:35.60,21.47,-58.19,-991.86,96.25,-708.75,-262.50,1,94.242,
01/01/2000,01:10:35.61,21.47,-58.07,-992.10,175.0,-726.25,-271.25,1,94.249,
01/01/2000,01:10:35.62,21.47,-58.07,-991.98,210.0,-612.50,-306.25,1,94.256,
01/01/2000,01:10:35.63,21.47,-58.07,-991.86,332.50,-700.0,-297.50,1,94.262,
01/01/2000,01:10:35.64,21.47,-58.07,-991.74,122.50,-717.50,-437.50,1,94.159,
01/01/2000,01:10:35.65,21.59,-58.07,-991.86,122.50,-726.25,-280.0,1,94.276,
01/01/2000,01:10:35.66,21.47,-58.19,-991.98,148.75,-726.25,-367.50,1,94.172,
01/01/2000,01:10:35.67,21.47,-58.19,-991.98,175.0,-717.50,-393.75,1,94.179,
01/01/2000,01:10:35.68,21.23,-58.07,-991.98,113.75,-656.25,-297.50,1,94.186,
01/01/2000,01:10:35.69,21.35,-58.07,-991.86,96.25,-665.0,-323.75,1,94.193,
01/01/2000,01:10:35.71,21.23,-57.95,-991.98,87.50,-691.25,-236.25,1,94.200,
01/01/2000,01:10:35.72,21.23,-58.32,-991.86,297.50,-682.50,-315.0,1,94.206,
01/01/2000,01:10:35.73,21.23,-58.32,-991.74,236.25,-682.50,-341.25,1,94.213,
01/01/2000,01:10:35.74,21.23,-58.32,-991.62,87.50,-682.50,-306.25,1,94.220,
01/01/2000,01:10:35.75,21.23,-58.19,-991.62,52.50,-787.50,-420.0,1,94.226,
01/01/2000,01:10:35.76,21.23,-58.19,-991.74,96.25,-603.75,-227.50,1,94.233,
01/01/2000,01:10:35.77,21.23,-58.19,-991.86,262.50,-726.25,-297.50,1,94.240,
01/01/2000,01:10:35.78,21.23,-58.44,-991.86,148.75,-735.0,-271.25,1,94.246,
01/01/2000,01:10:35.79,21.47,-58.32,-991.86,140.0,-700.0,-323.75,1,94.145,
01/01/2000,01:10:35.81,21.35,-58.32,-991.74,166.25,-665.0,-393.75,1,94.151,
01/01/2000,01:10:35.82,21.23,-58.19,-991.86,87.50,-691.25,-341.25,1,94.158,
01/01/2000,01:10:35.83,21.35,-58.19,-991.86,175.0,-778.75,-323.75,1,94.165,
01/01/2000,01:10:35.84,21.23,-58.32,-992.10,236.25,-621.25,-227.50,1,94.171,
01/01/2000,01:10:35.85,21.23,-58.19,-992.10,148.75,-603.75,-446.25,1,94.178,
01/01/2000,01:10:35.86,21.35,-58.32,-991.98,245.0,-647.50,-420.0,1,94.185,
01/01/2000,01:10:35.87,21.35,-58.19,-991.86,183.75,-761.25,-402.50,1,94.191,
01/01/2000,01:10:35.88,21.35,-58.07,-991.86,96.25,-743.75,-262.50,1,94.198,
01/01/2000,01:10:35.89,21.23,-58.19,-992.10,253.75,-691.25,-350.0,1,94.205,
01/01/2000,01:10:35.90,20.98,-57.83,-992.23,157.50,-603.75,-253.75,1,94.211,
01/01/2000,01:10:35.91,21.11,-57.58,-992.10,166.25,-708.75,-61.25,1,94.218,
01/01/2000,01:10:35.92,21.11,-56.49,-991.86,113.75,-682.50,542.50,1,94.224,
01/01/2000,01:10:35.93,20.98,-55.14,-991.86,-113.75,-761.25,1076.25,1,94.231,
01/01/2000,01:10:35.94,20.86,-53.92,-992.10,288.75,-673.75,1837.50,1,94.237,
01/01/2000,01:10:35.95,20.86,-53.92,-992.23,70.0,-560.0,3298.75,1,94.244,
01/01/2000,01:10:35.96,20.50,-54.66,-992.23,8.75,-533.75,4208.75,1,94.250,
01/01/2000,01:10:35.97,20.74,-57.58,-992.23,201.25,-437.50,4987.50,1,94.257,
01/01/2000,01:10:35.98,21.23,-58.68,-991.86,-52.50,-577.50,5223.75,1,94.263,
01/01/2000,01:10:35.99,21.59,-57.95,-991.62,-236.25,-743.75,5171.25,1,94.270,
01/01/2000,01:10:36.00,21.47,-55.75,-991.62,271.25,-551.25,5740.0,1,94.276,
01/01/2000,01:10:36.01,20.62,-53.80,-992.10,-8.75,-551.25,6781.25,1,94.283,
01/01/2000,01:10:36.02,20.25,-53.19,-992.59,218.75,-280.0,8881.25,1,94.289,
01/01/2000,01:10:36.03,20.25,-52.70,-992.96,-35.0,-236.25,12066.25,1,94.295,
01/01/2000,01:10:36.04,20.74,-53.56,-992.59,52.50,-262.50,13282.50,1,94.302,
01/01/2000,01:10:36.05,21.72,-55.75,-991.62,-52.50,-428.75,13895.0,1,94.203,
01/01/2000,01:10:36.06,21.59,-56.97,-991.37,131.25,-253.75,13422.50,1,94.209,
01/01/2000,01:10:36.08,21.35,-57.83,-991.74,-8.75,-358.75,12258.75,1,94.216,
01/01/2000,01:10:36.08,21.11,-57.58,-992.35,61.25,-446.25,10605.0,1,94.222,
01/01/2000,01:10:36.10,21.23,-56.61,-992.71,52.50,-542.50,8522.50,1,94.229,
01/01/2000,01:10:36.11,21.23,-54.90,-992.23,-43.75,-516.25,8522.50,1,94.235,
01/01/2000,01:10:36.12,21.11,-54.41,-991.86,96.25,-420.0,9843.75,1,94.241,
01/01/2000,01:10:36.13,20.98,-55.02,-991.86,-35.0,-271.25,13186.25,1,94.248,
01/01/2000,01:10:36.14,21.11,-55.88,-992.35,-113.75,-218.75,15190.0,1,94.254,
01/01/2000,01:10:36.15,21.23,-56.85,-992.47,-17.50,-52.50,16668.75,1,94.260,
01/01/2000,01:10:36.16,21.11,-58.32,-992.10,-78.75,-122.50,16572.50,1,94.267,
01/01/2000,01:10:36.17,21.23,-59.54,-991.74,-43.75,-210.0,15627.50,1,94.273,
01/01/2000,01:10:36.18,21.23,-60.39,-991.74,96.25,-271.25,13956.25,1,94.279,
01/01/2000,01:10:36.19,21.23,-60.76,-991.86,35.0,-341.25,10027.50,1,94.286,
01/01/2000,01:10:36.20,21.23,-60.02,-992.23,52.50,-472.50,7210.0,1,94.189,
01/01/2000,01:10:36.21,21.11,-59.54,-992.35,183.75,-446.25,6851.25,1,94.195,
01/01/2000,01:10:36.22,20.86,-58.56,-992.35,0.0,-306.25,7883.75,1,94.201,
01/01/2000,01:10:36.23,20.98,-58.07,-992.35,70.0,-367.50,9432.50,1,94.208,
01/01/2000,01:10:36.24,21.23,-58.32,-992.35,52.50,-332.50,10368.75,1,94.214,
01/01/2000,01:10:36.25,21.23,-59.17,-992.23,87.50,-472.50,8776.25,1,94.220,
01/01/2000,01:10:36.27,21.23,-61.49,-992.23,43.75,-586.25,5600.0,1,94.227,
01/01/2000,01:10:36.28,21.11,-63.44,-991.98,78.75,-516.25,3430.0,1,94.233,
01/01/2000,01:10:36.29,21.23,-64.17,-991.86,140.0,-630.0,1951.25,1,94.239,
01/01/2000,01:10:36.30,21.47,-61.85,-992.10,-43.75,-752.50,831.25,1,94.143,
01/01/2000,01:10:36.32,21.47,-59.90,-992.10,271.25,-630.0,1610.0,1,94.150,
01/01/2000,01:10:36.33,20.98,-58.32,-992.23,140.0,-551.25,3281.25,1,94.156,
01/01/2000,01:10:36.34,20.62,-58.44,-992.71,157.50,-481.25,4156.25,1,94.162,
01/01/2000,01:10:36.35,20.74,-59.54,-992.84,192.50,-463.75,4340.0,1,94.168,
01/01/2000,01:10:36.36,20.98,-61.0,-992.59,148.75,-560.0,3167.50,1,94.175,
01/01/2000,01:10:36.37,21.35,-61.85,-991.86,-17.50,-691.25,1706.25,1,94.181,
01/01/2000,01:10:36.38,21.47,-61.85,-991.62,245.0,-726.25,665.0,1,94.187,
01/01/2000,01:10:36.39,21.11,-61.0,-991.98,61.25,-726.25,166.25,1,94.194,
01/01/2000,01:10:36.40,20.86,-60.27,-992.47,17.50,-708.75,166.25,1,94.200,
01/01/2000,01:10:36.41,20.74,-59.66,-992.59,122.50,-647.50,577.50,1,94.206,
01/01/2000,01:10:36.42,20.74,-59.54,-992.59,122.50,-700.0,665.0,1,94.212,
01/01/2000,01:10:36.43,20.98,-59.78,-992.10,113.75,-603.75,577.50,1,94.218,
01/01/2000,01:10:36.44,21.11,-60.02,-991.86,218.75,-752.50,61.25,1,94.225,
01/01/2000,01:10:36.45,20.98,-60.15,-992.10,140.0,-778.75,87.50,1,94.231,
01/01/2000,01:10:36.46,20.98,-59.66,-992.59,210.0,-691.25,-148.75,1,94.237,
01/01/2000,01:10:36.47,20.98,-59.29,-992.71,157.50,-665.0,-78.75,1,94.243,
01/01/2000,01:10:36.48,20.98,-58.56,-992.59,148.75,-673.75,-183.75,1,94.149,
01/01/2000,01:10:36.49,20.98,-58.56,-992.35,218.75,-621.25,35.0,1,94.155,
01/01/2000,01:10:36.50,21.23,-58.80,-992.10,183.75,-735.0,-35.0,1,94.161,
01/01/2000,01:10:36.51,21.23,-59.54,-992.23,140.0,-726.25,-113.75,1,94.168,
01/01/2000,01:10:36.52,21.11,-59.41,-992.35,218.75,-665.0,-113.75,1,94.174,
01/01/2000,01:10:36.53,21.11,-59.05,-992.47,218.75,-665.0,-306.25,1,94.180,
01/01/2000,01:10:36.54,20.98,-58.56,-992.35,192.50,-752.50,-236.25,1,94.186,
01/01/2000,01:10:36.56,20.98,-58.19,-992.35,35.0,-673.75,-166.25,1,94.192,
01/01/2000,01:10:36.57,21.11,-58.68,-992.35,227.50,-682.50,-297.50,1,94.198,
01/01/2000,01:10:36.58,21.11,-58.80,-992.35,35.0,-708.75,-175.0,1,94.204,
01/01/2000,01:10:36.59,21.23,-58.80,-992.23,183.75,-708.75,-341.25,1,94.211,
01/01/2000,01:10:36.60,21.23,-58.56,-992.23,113.75,-717.50,-332.50,1,94.217,
01/01/2000,01:10:36.61,21.23,-58.32,-992.23,227.50,-621.25,-218.75,1,94.223,
01/01/2000,01:10:36.62,21.11,-58.07,-992.35,131.25,-560.0,-236.25,1,94.229,
01/01/2000,01:10:36.63,21.23,-58.07,-992.35,87.50,-752.50,-306.25,1,94.235,
01/01/2000,01:10:36.64,21.23,-58.56,-992.35,210.0,-665.0,-245.0,1,94.241,
01/01/2000,01:10:36.65,21.23,-58.68,-992.35,96.25,-682.50,-420.0,1,94.247,
01/01/2000,01:10:36.66,21.23,-58.68,-992.23,210.0,-673.75,-306.25,1,94.154,
01/01/2000,01:10:36.67,21.35,-58.19,-992.10,96.25,-708.75,-332.50,1,94.259,
01/01/2000,01:10:36.68,21.23,-58.19,-992.10,166.25,-735.0,-288.75,1,94.167,
01/01/2000,01:10:36.70,21.11,-58.19,-992.23,253.75,-647.50,-376.25,1,94.173,
01/01/2000,01:10:36.71,21.11,-58.32,-992.35,350.0,-752.50,-472.50,1,94.179,
01/01/2000,01:10:36.72,21.47,-58.32,-992.23,201.25,-682.50,-437.50,1,94.185,
01/01/2000,01:10:36.73,21.35,-58.44,-991.98,218.75,-796.25,-262.50,1,94.191,
01/01/2000,01:10:36.74,20.98,-58.32,-991.98,96.25,-752.50,-411.25,1,94.197,
01/01/2000,01:10:36.75,20.98,-58.44,-992.35,183.75,-638.75,-420.0,1,94.203,
01/01/2000,01:10:36.76,20.98,-58.07,-992.59,210.0,-656.25,-323.75,1,94.209,
01/01/2000,01:10:36.77,20.98,-58.19,-992.59,183.75,-735.0,-420.0,1,94.215,
01/01/2000,01:10:36.78,20.98,-58.32,-992.35,166.25,-805.0,-236.25,1,94.221,
01/01/2000,01:10:36.79,21.11,-58.44,-992.23,113.75,-586.25,-376.25,1,94.227,
01/01/2000,01:10:36.80,21.23,-58.56,-992.35,140.0,-612.50,-341.25,1,94.233,
01/01/2000,01:10:36.81,21.23,-58.32,-992.47,253.75,-708.75,-455.0,1,94.142,
01/01/2000,01:10:36.83,21.11,-58.07,-992.35,131.25,-656.25,-148.75,1,94.148,
01/01/2000,01:10:36.84,21.11,-57.95,-992.35,78.75,-735.0,-481.25,1,94.154,
01/01/2000,01:10:36.85,21.23,-58.19,-992.35,192.50,-796.25,-376.25,1,94.160,
01/01/2000,01:10:36.86,21.23,-58.32,-992.35,70.0,-743.75,-376.25,1,94.166,
01/01/2000,01:10:36.87,21.11,-58.44,-992.35,192.50,-761.25,-393.75,1,94.172,
01/01/2000,01:10:36.88,21.23,-58.32,-992.35,183.75,-866.25,-577.50,1,94.178,
01/01/2000,01:10:36.89,21.23,-58.19,-992.35,131.25,-813.75,-420.0,1,94.184,
01/01/2000,01:10:36.90,21.23,-58.07,-992.10,148.75,-560.0,-227.50,1,94.190,
01/01/2000,01:10:36.91,21.23,-58.07,-992.23,218.75,-700.0,-297.50,1,94.196,
01/01/2000,01:10:36.92,21.23,-58.07,-992.35,-35.0,-691.25,-306.25,1,94.201,
01/01/2000,01:10:36.93,21.35,-58.32,-992.23,297.50,-752.50,-385.0,1,94.207,
01/01/2000,01:10:36.94,21.23,-58.32,-992.35,175.0,-717.50,-288.75,1,94.213,
01/01/2000,01:10:36.95,21.11,-58.07,-992.23,87.50,-621.25,-227.50,1,94.219,
01/01/2000,01:10:36.96,21.23,-58.19,-992.35,253.75,-665.0,-455.0,1,94.225,
01/01/2000,01:10:36.97,21.23,-58.19,-992.47,61.25,-708.75,-367.50,1,94.231,
01/01/2000,01:10:36.98,21.11,-58.32,-992.59,297.50,-717.50,-367.50,1,94.237,
01/01/2000,01:10:36.99,20.98,-58.56,-992.47,210.0,-691.25,-227.50,1,94.242,
01/01/2000,01:10:37.00,20.98,-58.32,-992.35,192.50,-498.75,-490.0,1,94.248,
01/01/2000,01:10:37.01,21.11,-58.44,-992.23,166.25,-726.25,-245.0,1,94.254,
01/01/2000,01:10:37.02,21.23,-58.32,-992.23,87.50,-813.75,-393.75,1,94.260,
01/01/2000,01:10:37.03,21.23,-58.44,-992.35,227.50,-726.25,-332.50,1,94.266,
01/01/2000,01:10:37.04,21.11,-58.19,-992.35,61.25,-560.0,-332.50,1,94.177,
01/01/2000,01:10:37.05,21.11,-58.32,-992.23,148.75,-656.25,-455.0,1,94.183,
01/01/2000,01:10:37.06,21.11,-58.07,-992.35,166.25,-743.75,-446.25,1,94.188,
01/01/2000,01:10:37.07,21.47,-58.19,-992.10,87.50,-770.0,-297.50,1,94.194,
01/01/2000,01:10:37.08,21.23,-58.44,-992.35,175.0,-638.75,-306.25,1,94.200,
01/01/2000,01:10:37.09,21.11,-58.56,-992.23,166.25,-717.50,-411.25,1,94.206,
01/01/2000,01:10:37.10,20.98,-58.32,-992.23,166.25,-656.25,-297.50,1,94.212,
01/01/2000,01:10:37.12,21.11,-58.19,-992.10,105.0,-638.75,-367.50,1,94.217,
01/01/2000,01:10:37.13,20.98,-58.32,-992.35,52.50,-682.50,0.0,1,94.223,
01/01/2000,01:10:37.14,20.98,-58.32,-992.10,140.0,-621.25,-472.50,1,94.229,
01/01/2000,01:10:37.15,21.96,-58.32,-991.86,96.25,-717.50,-420.0,1,94.235,
01/01/2000,01:10:37.16,21.72,-58.80,-991.74,253.75,-691.25,-140.0,1,94.240,
01/01/2000,01:10:37.17,20.98,-58.80,-992.10,192.50,-682.50,-245.0,1,94.246,
01/01/2000,01:10:37.18,20.62,-58.93,-992.59,227.50,-638.75,-621.25,1,94.252,
01/01/2000,01:10:37.19,21.59,-58.07,-992.35,253.75,-630.0,-376.25,1,94.164,
01/01/2000,01:10:37.20,21.47,-58.07,-992.10,113.75,-840.0,105.0,1,94.170,
01/01/2000,01:10:37.21,21.11,-58.44,-992.10,8.75,-682.50,-8.75,1,94.176,
01/01/2000,01:10:37.22,21.11,-58.93,-991.98,148.75,-717.50,-577.50,1,94.181,
01/01/2000,01:10:37.23,21.23,-58.93,-992.10,96.25,-708.75,-350.0,1,94.187,
01/01/2000,01:10:37.24,21.11,-58.32,-992.35,122.50,-638.75,-280.0,1,94.193,
01/01/2000,01:10:37.25,20.98,-58.19,-992.23,210.0,-691.25,-367.50,1,94.199,
01/01/2000,01:10:37.27,21.11,-58.07,-991.98,183.75,-691.25,-87.50,1,94.204,
01/01/2000,01:10:37.28,20.98,-58.56,-991.98,157.50,-761.25,-358.75,1,94.210,
01/01/2000,01:10:37.29,20.86,-58.80,-991.86,280.0,-726.25,-455.0,1,94.216,
01/01/2000,01:10:37.30,21.11,-59.05,-991.98,192.50,-638.75,-350.0,1,94.221,
01/01/2000,01:10:37.31,21.23,-58.56,-991.86,113.75,-708.75,-367.50,1,94.227,
01/01/2000,01:10:37.32,20.98,-58.32,-991.62,288.75,-770.0,-332.50,1,94.233,
01/01/2000,01:10:37.33,21.11,-58.56,-991.86,148.75,-621.25,-288.75,1,94.146,
01/01/2000,01:10:37.34,21.23,-58.68,-991.98,122.50,-673.75,-271.25,1,94.152,
01/01/2000,01:10:37.35,21.23,-58.80,-992.23,192.50,-630.0,-446.25,1,94.158,
01/01/2000,01:10:37.36,21.47,-58.80,-992.10,236.25,-665.0,-306.25,1,94.163,
01/01/2000,01:10:37.37,21.47,-58.56,-991.74,122.50,-735.0,-376.25,1,94.169,
01/01/2000,01:10:37.38,21.23,-58.44,-991.86,201.25,-691.25,-297.50,1,94.175,
01/01/2000,01:10:37.39,21.23,-58.44,-992.23,201.25,-752.50,-280.0,1,94.180,
01/01/2000,01:10:37.41,21.23,-58.44,-992.35,166.25,-735.0,-367.50,1,94.186,
01/01/2000,01:10:37.42,21.23,-58.56,-992.23,341.25,-621.25,-253.75,1,94.192,
01/01/2000,01:10:37.43,21.11,-58.56,-991.98,201.25,-770.0,-393.75,1,94.197,
01/01/2000,01:10:37.44,21.11,-58.44,-991.86,297.50,-840.0,-227.50,1,94.203,
01/01/2000,01:10:37.45,21.23,-58.32,-991.98,96.25,-717.50,-385.0,1,94.208,
01/01/2000,01:10:37.46,21.23,-58.32,-992.35,140.0,-743.75,-280.0,1,94.214,
01/01/2000,01:10:37.47,21.11,-58.44,-992.35,87.50,-761.25,-367.50,1,94.220,
01/01/2000,01:10:37.48,21.23,-58.32,-991.86,201.25,-551.25,-420.0,1,94.225,
01/01/2000,01:10:37.49,21.35,-58.32,-991.86,61.25,-708.75,-323.75,1,94.231,
01/01/2000,01:10:37.50,21.23,-58.44,-991.86,236.25,-700.0,-245.0,1,94.236,
01/01/2000,01:10:37.51,21.23,-58.44,-992.10,210.0,-743.75,-280.0,1,94.242,
01/01/2000,01:10:37.52,21.23,-58.44,-992.23,61.25,-735.0,-358.75,1,94.247,
01/01/2000,01:10:37.53,20.98,-58.56,-992.10,52.50,-673.75,-262.50,1,94.253,
01/01/2000,01:10:37.54,20.98,-58.44,-991.98,61.25,-638.75,-192.50,1,94.168,
01/01/2000,01:10:37.55,21.11,-58.56,-991.86,210.0,-682.50,-253.75,1,94.174,
01/01/2000,01:10:37.56,21.11,-58.56,-991.86,227.50,-708.75,-271.25,1,94.179,
01/01/2000,01:10:37.57,20.98,-58.68,-992.35,105.0,-560.0,-306.25,1,94.185,
01/01/2000,01:10:37.58,20.98,-58.56,-992.35,183.75,-700.0,-393.75,1,94.190,
01/01/2000,01:10:37.59,21.11,-58.44,-992.35,113.75,-822.50,-367.50,1,94.196,
01/01/2000,01:10:37.60,20.98,-58.44,-992.10,245.0,-752.50,-341.25,1,94.202,
01/01/2000,01:10:37.62,21.23,-58.56,-992.23,341.25,-735.0,-402.50,1,94.207,
01/01/2000,01:10:37.63,21.35,-58.32,-992.10,70.0,-735.0,-358.75,1,94.213,
01/01/2000,01:10:37.64,21.23,-58.32,-992.10,253.75,-752.50,-341.25,1,94.218,
01/01/2000,01:10:37.65,20.98,-58.32,-992.23,26.25,-630.0,-376.25,1,94.223,
01/01/2000,01:10:37.66,20.98,-58.44,-992.23,122.50,-542.50,-367.50,1,94.229,
01/01/2000,01:10:37.67,21.11,-58.32,-992.10,140.0,-673.75,-262.50,1,94.234,
01/01/2000,01:10:37.68,21.35,-58.32,-991.98,166.25,-656.25,-315.0,1,94.151,
01/01/2000,01:10:37.69,21.23,-58.32,-992.23,148.75,-840.0,-367.50,1,94.156,
01/01/2000,01:10:37.70,21.23,-58.56,-992.10,271.25,-665.0,-367.50,1,94.162,
01/01/2000,01:10:37.71,21.23,-58.56,-992.10,280.0,-735.0,-376.25,1,94.167,
01/01/2000,01:10:37.72,21.23,-58.07,-992.35,140.0,-673.75,-262.50,1,94.173,
01/01/2000,01:10:37.73,21.47,-58.32,-992.23,96.25,-691.25,-306.25,1,94.178,
01/01/2000,01:10:37.74,21.35,-58.32,-992.35,183.75,-682.50,-367.50,1,94.184,
01/01/2000,01:10:37.76,21.35,-58.56,-992.23,113.75,-603.75,-332.50,1,94.189,
01/01/2000,01:10:37.77,21.47,-58.56,-992.35,140.0,-717.50,-446.25,1,94.195,
01/01/2000,01:10:37.78,21.23,-58.56,-992.35,166.25,-603.75,-341.25,1,94.200,
01/01/2000,01:10:37.79,21.35,-58.44,-992.35,78.75,-708.75,-385.0,1,94.206,
01/01/2000,01:10:37.80,21.47,-58.19,-992.10,52.50,-656.25,-288.75,1,94.211,
01/01/2000,01:10:37.81,21.47,-58.32,-991.86,105.0,-682.50,-253.75,1,94.216,
01/01/2000,01:10:37.82,21.35,-58.32,-991.98,78.75,-761.25,-367.50,1,94.222,
01/01/2000,01:10:37.84,21.35,-58.32,-992.10,166.25,-708.75,-393.75,1,94.140,
01/01/2000,01:10:37.85,21.47,-58.19,-992.10,140.0,-805.0,-262.50,1,94.145,
01/01/2000,01:10:37.86,21.35,-58.19,-992.10,113.75,-621.25,-253.75,1,94.150,
01/01/2000,01:10:37.87,21.23,-58.19,-992.10,253.75,-796.25,-385.0,1,94.156,
01/01/2000,01:10:37.88,21.35,-58.07,-992.23,183.75,-691.25,-376.25,1,94.161,
01/01/2000,01:10:37.89,21.47,-58.07,-992.10,105.0,-752.50,-332.50,1,94.167,
01/01/2000,01:10:37.90,21.35,-58.07,-992.10,175.0,-787.50,-306.25,1,94.172,
01/01/2000,01:10:37.91,21.35,-58.19,-991.86,175.0,-630.0,-306.25,1,94.177,
01/01/2000,01:10:37.92,21.47,-58.07,-991.74,253.75,-700.0,-245.0,1,94.183,
01/01/2000,01:10:37.93,21.23,-58.32,-991.86,227.50,-717.50,-358.75,1,94.188,
01/01/2000,01:10:37.94,21.23,-58.32,-991.98,8.75,-717.50,-367.50,1,94.194,
01/01/2000,01:10:37.95,21.11,-58.32,-991.98,262.50,-673.75,-402.50,1,94.199,
01/01/2000,01:10:37.96,21.23,-58.32,-991.86,157.50,-577.50,-376.25,1,94.204,
01/01/2000,01:10:37.97,21.11,-58.32,-991.98,183.75,-621.25,-411.25,1,94.210,
01/01/2000,01:10:37.98,21.11,-58.56,-992.10,227.50,-761.25,-306.25,1,94.215,
01/01/2000,01:10:37.99,21.23,-58.32,-992.23,183.75,-673.75,-376.25,1,94.220,
01/01/2000,01:10:38.00,21.47,-58.56,-992.23,271.25,-673.75,-332.50,1,94.225,
01/01/2000,01:10:38.01,21.23,-58.44,-991.86,166.25,-743.75,-367.50,1,94.231,
01/01/2000,01:10:38.02,21.23,-58.44,-991.86,105.0,-717.50,-420.0,1,94.236,
01/01/2000,01:10:38.03,21.23,-58.56,-991.86,140.0,-656.25,-341.25,1,94.241,
01/01/2000,01:10:38.04,21.47,-58.56,-992.35,157.50,-778.75,-332.50,1,94.161,
01/01/2000,01:10:38.05,21.23,-58.56,-992.35,35.0,-691.25,-376.25,1,94.166,
01/01/2000,01:10:38.06,21.11,-58.44,-992.10,105.0,-665.0,-315.0,1,94.171,
01/01/2000,01:10:38.07,21.23,-58.44,-991.86,78.75,-813.75,-323.75,1,94.177,
01/01/2000,01:10:38.08,21.11,-58.19,-991.98,70.0,-682.50,-323.75,1,94.182,
01/01/2000,01:10:38.09,21.11,-58.32,-992.10,245.0,-656.25,-271.25,1,94.187,
01/01/2000,01:10:38.11,21.11,-58.44,-992.23,218.75,-752.50,-376.25,1,94.192,
01/01/2000,01:10:38.12,21.23,-58.44,-992.10,131.25,-551.25,-323.75,1,94.198,
01/01/2000,01:10:38.13,21.11,-58.32,-991.98,236.25,-743.75,-367.50,1,94.203,
01/01/2000,01:10:38.14,21.23,-58.32,-991.98,166.25,-743.75,-358.75,1,94.208,
01/01/2000,01:10:38.15,21.23,-58.19,-992.10,78.75,-726.25,-297.50,1,94.213,
01/01/2000,01:10:38.16,21.47,-58.32,-992.35,35.0,-726.25,-323.75,1,94.219,
01/01/2000,01:10:38.17,21.35,-58.44,-992.10,122.50,-761.25,-411.25,1,94.224,
01/01/2000,01:10:38.18,21.35,-58.44,-991.86,61.25,-717.50,-306.25,1,94.144,
01/01/2000,01:10:38.19,21.23,-58.32,-991.86,227.50,-691.25,-271.25,1,94.149,
01/01/2000,01:10:38.20,21.23,-58.07,-991.86,262.50,-612.50,-367.50,1,94.155,
01/01/2000,01:10:38.21,21.23,-58.32,-991.98,26.25,-691.25,-402.50,1,94.160,
01/01/2000,01:10:38.22,21.11,-58.32,-991.98,35.0,-647.50,-288.75,1,94.165,
01/01/2000,01:10:38.23,21.11,-58.44,-991.98,140.0,-805.0,-385.0,1,94.170,
01/01/2000,01:10:38.24,21.11,-58.32,-991.86,70.0,-673.75,-437.50,1,94.176,
01/01/2000,01:10:38.26,21.23,-58.32,-992.10,201.25,-630.0,-393.75,1,94.181,
01/01/2000,01:10:38.27,21.23,-58.19,-992.23,17.50,-770.0,-385.0,1,94.186,
01/01/2000,01:10:38.28,21.23,-58.19,-992.35,105.0,-656.25,-297.50,1,94.191,
01/01/2000,01:10:38.29,21.23,-58.32,-992.23,236.25,-717.50,-341.25,1,94.196,
01/01/2000,01:10:38.30,21.23,-58.32,-991.98,113.75,-787.50,-306.25,1,94.202,
01/01/2000,01:10:38.31,21.23,-58.32,-992.10,113.75,-682.50,-385.0,1,94.207,
01/01/2000,01:10:38.32,21.47,-58.44,-992.10,218.75,-647.50,-376.25,1,94.212,
01/01/2000,01:10:38.33,21.23,-58.19,-992.10,210.0,-708.75,-262.50,1,94.217,
01/01/2000,01:10:38.35,20.98,-58.44,-991.86,218.75,-665.0,-306.25,1,94.139,
01/01/2000,01:10:38.36,21.23,-58.19,-992.10,43.75,-673.75,-393.75,1,94.060,
01/01/2000,01:10:38.37,20.98,-58.44,-992.10,183.75,-778.75,-323.75,1,94.066,
01/01/2000,01:10:38.38,21.11,-58.32,-992.10,122.50,-691.25,-385.0,1,94.071,
01/01/2000,01:10:38.39,21.23,-58.19,-992.10,166.25,-673.75,-306.25,1,94.076,
01/01/2000,01:10:38.40,21.23,-58.32,-991.98,148.75,-673.75,-315.0,1,94.081,
01/01/2000,01:10:38.41,21.23,-58.32,-992.10,148.75,-700.0,-402.50,1,94.086,
01/01/2000,01:10:38.42,21.23,-58.32,-992.10,192.50,-752.50,-315.0,1,94.092,
01/01/2000,01:10:38.44,21.23,-58.32,-992.10,131.25,-647.50,-376.25,1,94.097,
01/01/2000,01:10:38.44,21.35,-58.19,-992.10,131.25,-612.50,-402.50,1,94.102,
01/01/2000,01:10:38.46,21.35,-58.56,-992.10,288.75,-761.25,-315.0,1,94.107,
01/01/2000,01:10:38.47,21.35,-58.56,-992.10,-26.25,-708.75,-411.25,1,94.112,
01/01/2000,01:10:38.48,21.35,-58.56,-992.23,8.75,-621.25,-341.25,1,94.118,
01/01/2000,01:10:38.49,21.23,-58.44,-992.35,140.0,-708.75,-306.25,1,94.123,
01/01/2000,01:10:38.50,21.23,-58.19,-992.35,175.0,-577.50,-350.0,1,94.128,
01/01/2000,01:10:38.51,21.23,-58.07,-992.47,87.50,-586.25,-332.50,1,94.133,
01/01/2000,01:10:38.52,21.23,-58.07,-992.35,87.50,-822.50,-315.0,1,94.138,
01/01/2000,01:10:38.53,21.35,-58.44,-992.35,52.50,-595.0,-306.25,1,94.143,
01/01/2000,01:10:38.54,21.35,-58.68,-992.59,262.50,-647.50,-463.75,1,94.148,
01/01/2000,01:10:38.55,21.35,-58.56,-992.47,61.25,-647.50,-306.25,1,94.154,
01/01/2000,01:10:38.56,21.23,-58.44,-992.10,192.50,-805.0,-402.50,1,94.159,
01/01/2000,01:10:38.57,20.98,-57.95,-992.10,96.25,-630.0,-227.50,1,94.164,
01/01/2000,01:10:38.58,21.11,-58.19,-992.23,201.25,-752.50,-280.0,1,94.169,
01/01/2000,01:10:38.59,21.11,-58.19,-992.35,192.50,-717.50,-323.75,1,94.174,
01/01/2000,01:10:38.60,21.23,-58.44,-992.59,131.25,-778.75,-280.0,1,94.179,
01/01/2000,01:10:38.61,21.11,-58.56,-992.35,87.50,-708.75,-472.50,1,94.102,
01/01/2000,01:10:38.62,21.23,-58.44,-992.10,157.50,-647.50,-315.0,1,94.189,
01/01/2000,01:10:38.63,21.23,-58.32,-992.10,131.25,-743.75,-385.0,1,94.113,
01/01/2000,01:10:38.64,21.35,-58.19,-992.35,78.75,-630.0,-551.25,1,94.118,
01/01/2000,01:10:38.65,21.35,-58.07,-992.35,140.0,-656.25,-315.0,1,94.123,
01/01/2000,01:10:38.66,21.35,-58.07,-992.35,78.75,-665.0,-481.25,1,94.128,
01/01/2000,01:10:38.68,21.23,-58.07,-992.23,175.0,-700.0,-358.75,1,94.133,
01/01/2000,01:10:38.69,21.47,-58.07,-992.35,61.25,-647.50,-288.75,1,94.138,
01/01/2000,01:10:38.70,21.47,-58.19,-992.35,131.25,-717.50,-288.75,1,94.143,
01/01/2000,01:10:38.71,21.59,-58.19,-992.47,140.0,-656.25,-297.50,1,94.148,
01/01/2000,01:10:38.72,21.47,-58.19,-992.47,140.0,-647.50,-315.0,1,94.153,
01/01/2000,01:10:38.73,21.23,-58.19,-992.35,166.25,-682.50,-542.50,1,94.158,
01/01/2000,01:10:38.74,21.47,-58.32,-992.35,201.25,-673.75,-341.25,1,94.163,
01/01/2000,01:10:38.75,21.47,-58.07,-992.35,35.0,-726.25,-297.50,1,94.168,
01/01/2000,01:10:38.76,21.47,-58.32,-992.47,140.0,-665.0,-297.50,1,94.173,
01/01/2000,01:10:38.77,21.47,-58.32,-992.47,271.25,-665.0,-306.25,1,94.178,
01/01/2000,01:10:38.78,21.47,-58.44,-992.59,192.50,-673.75,-385.0,1,94.183,
01/01/2000,01:10:38.79,21.59,-58.32,-992.47,218.75,-848.75,-288.75,1,94.188,
01/01/2000,01:10:38.80,21.59,-58.19,-992.47,210.0,-796.25,-332.50,1,94.193,
01/01/2000,01:10:38.81,21.59,-58.07,-992.59,131.25,-630.0,-481.25,1,94.198,
01/01/2000,01:10:38.82,21.59,-58.19,-992.47,105.0,-717.50,-288.75,1,94.123,
01/01/2000,01:10:38.83,21.35,-58.32,-992.47,17.50,-691.25,-218.75,1,94.128,
01/01/2000,01:10:38.84,21.23,-58.44,-992.35,87.50,-665.0,-376.25,1,94.133,
01/01/2000,01:10:38.86,21.23,-58.07,-992.35,131.25,-700.0,-376.25,1,94.138,
01/01/2000,01:10:38.87,21.47,-57.95,-992.35,43.75,-708.75,-332.50,1,94.143,
01/01/2000,01:10:38.88,21.47,-58.32,-992.47,131.25,-778.75,-332.50,1,94.148,
01/01/2000,01:10:38.89,21.35,-58.44,-992.59,245.0,-647.50,-385.0,1,94.153,
01/01/2000,01:10:38.90,21.23,-58.44,-992.47,140.0,-708.75,-385.0,1,94.157,
01/01/2000,01:10:38.91,21.35,-58.32,-992.35,175.0,-691.25,-350.0,1,94.162,
01/01/2000,01:10:38.92,21.47,-58.19,-992.23,157.50,-708.75,-350.0,1,94.167,
01/01/2000,01:10:38.93,21.23,-58.19,-992.35,306.25,-656.25,-288.75,1,94.172,
01/01/2000,01:10:38.94,21.23,-58.32,-992.47,166.25,-665.0,-297.50,1,94.177,
01/01/2000,01:10:38.95,21.35,-58.44,-992.47,253.75,-560.0,-437.50,1,94.182,
01/01/2000,01:10:38.96,21.35,-58.32,-992.35,192.50,-700.0,-376.25,1,94.187,
01/01/2000,01:10:38.97,21.23,-58.32,-992.23,148.75,-761.25,-411.25,1,94.113,
01/01/2000,01:10:38.98,21.23,-58.44,-992.10,236.25,-743.75,-227.50,1,94.118,
01/01/2000,01:10:38.99,21.11,-58.32,-992.23,8.75,-700.0,-297.50,1,94.123,
01/01/2000,01:10:39.00,21.11,-58.44,-992.47,96.25,-708.75,-376.25,1,94.128,
01/01/2000,01:10:39.01,20.98,-58.44,-992.71,236.25,-691.25,-323.75,1,94.132,
01/01/2000,01:10:39.02,21.11,-58.32,-992.59,52.50,-647.50,-402.50,1,94.137,
01/01/2000,01:10:39.04,21.23,-58.32,-992.10,52.50,-665.0,-201.25,1,94.142,
01/01/2000,01:10:39.05,21.23,-58.32,-992.23,105.0,-726.25,-385.0,1,94.147,
01/01/2000,01:10:39.06,21.35,-58.32,-992.35,183.75,-805.0,-236.25,1,94.152,
01/01/2000,01:10:39.07,21.47,-58.32,-992.59,131.25,-700.0,-367.50,1,94.157,
01/01/2000,01:10:39.08,21.47,-58.44,-992.35,87.50,-656.25,-402.50,1,94.162,
01/01/2000,01:10:39.09,21.35,-58.32,-992.35,192.50,-770.0,-428.75,1,94.167,
01/01/2000,01:10:39.10,21.23,-58.32,-992.23,175.0,-770.0,-280.0,1,94.172,
01/01/2000,01:10:39.11,21.35,-58.44,-992.23,280.0,-656.25,-271.25,1,94.176,
01/01/2000,01:10:39.12,21.23,-58.32,-992.23,201.25,-586.25,-420.0,1,94.181,
01/01/2000,01:10:39.13,21.35,-58.19,-992.35,166.25,-682.50,-288.75,1,94.186,
01/01/2000,01:10:39.14,21.47,-58.19,-992.35,26.25,-647.50,-175.0,1,94.191,
01/01/2000,01:10:39.15,21.47,-58.07,-992.47,105.0,-848.75,-245.0,1,94.196,
01/01/2000,01:10:39.16,21.47,-58.19,-992.35,323.75,-647.50,-437.50,1,94.201,
01/01/2000,01:10:39.17,21.47,-58.44,-992.35,148.75,-638.75,-297.50,1,94.127,
01/01/2000,01:10:39.18,21.35,-58.56,-992.35,122.50,-796.25,-411.25,1,94.132,
01/01/2000,01:10:39.19,21.23,-58.44,-992.23,183.75,-656.25,-420.0,1,94.137,
01/01/2000,01:10:39.20,21.23,-58.32,-992.10,297.50,-621.25,-367.50,1,94.142,
01/01/2000,01:10:39.21,21.35,-58.07,-992.10,175.0,-586.25,-332.50,1,94.147,
01/01/2000,01:10:39.22,21.35,-58.32,-992.23,218.75,-665.0,-297.50,1,94.152,
01/01/2000,01:10:39.23,21.23,-58.32,-992.35,227.50,-735.0,-437.50,1,94.156,
01/01/2000,01:10:39.25,21.23,-58.44,-992.47,201.25,-682.50,-490.0,1,94.161,
01/01/2000,01:10:39.26,21.35,-58.32,-992.59,262.50,-568.75,-376.25,1,94.166,
01/01/2000,01:10:39.27,21.11,-58.32,-992.59,201.25,-726.25,-262.50,1,94.171,
01/01/2000,01:10:39.28,20.98,-58.07,-992.59,122.50,-603.75,-271.25,1,94.176,
01/01/2000,01:10:39.29,20.98,-58.32,-992.59,131.25,-691.25,-271.25,1,94.180,
01/01/2000,01:10:39.30,20.98,-58.44,-992.59,148.75,-770.0,-376.25,1,94.185,
01/01/2000,01:10:39.31,20.98,-58.68,-992.35,175.0,-691.25,-402.50,1,94.190,
01/01/2000,01:10:39.32,21.23,-58.80,-992.23,192.50,-717.50,-411.25,1,94.195,
01/01/2000,01:10:39.33,21.23,-58.44,-992.10,175.0,-673.75,-341.25,1,94.199,
01/01/2000,01:10:39.34,21.11,-58.44,-992.10,140.0,-691.25,-350.0,1,94.127,
01/01/2000,01:10:39.35,20.98,-58.44,-992.59,148.75,-735.0,-253.75,1,94.209,
01/01/2000,01:10:39.37,20.98,-58.56,-992.59,148.75,-665.0,-393.75,1,94.137,
01/01/2000,01:10:39.38,20.98,-58.56,-992.47,271.25,-691.25,-472.50,1,94.142,
01/01/2000,01:10:39.39,21.11,-58.68,-992.35,70.0,-665.0,-376.25,1,94.146,
01/01/2000,01:10:39.40,21.23,-58.44,-992.59,140.0,-630.0,-367.50,1,94.151,
01/01/2000,01:10:39.41,21.23,-58.32,-992.59,26.25,-682.50,-253.75,1,94.156,
01/01/2000,01:10:39.42,21.23,-58.44,-992.47,332.50,-743.75,-455.0,1,94.161,
01/01/2000,01:10:39.43,21.23,-58.44,-992.47,175.0,-708.75,-245.0,1,94.165,
01/01/2000,01:10:39.44,21.23,-58.44,-992.35,148.75,-673.75,-358.75,1,94.170,
01/01/2000,01:10:39.45,21.23,-58.56,-992.23,288.75,-630.0,-332.50,1,94.175,
01/01/2000,01:10:39.46,21.11,-58.56,-992.35,157.50,-700.0,-341.25,1,94.179,
01/01/2000,01:10:39.47,21.11,-58.80,-992.35,157.50,-691.25,-323.75,1,94.184,
01/01/2000,01:10:39.48,20.98,-58.68,-992.47,140.0,-647.50,-315.0,1,94.189,
01/01/2000,01:10:39.49,20.98,-58.56,-992.59,183.75,-665.0,-402.50,1,94.194,
01/01/2000,01:10:39.50,20.86,-58.32,-992.35,105.0,-691.25,-262.50,1,94.198,
01/01/2000,01:10:39.51,20.86,-58.44,-992.35,78.75,-770.0,-306.25,1,94.203,
01/01/2000,01:10:39.52,20.86,-58.56,-992.47,236.25,-656.25,-428.75,1,94.132,
01/01/2000,01:10:39.53,20.98,-58.68,-992.35,131.25,-682.50,-402.50,1,94.137,
01/01/2000,01:10:39.54,20.98,-58.68,-992.35,148.75,-700.0,-315.0,1,94.141,
01/01/2000,01:10:39.55,21.23,-58.56,-992.35,140.0,-621.25,-358.75,1,94.146,
01/01/2000,01:10:39.56,21.23,-58.56,-992.10,61.25,-708.75,-253.75,1,94.151,
01/01/2000,01:10:39.57,21.35,-58.56,-992.23,175.0,-638.75,-323.75,1,94.155,
01/01/2000,01:10:39.58,21.23,-58.68,-992.35,157.50,-656.25,-306.25,1,94.160,
01/01/2000,01:10:39.60,21.11,-58.80,-992.35,96.25,-691.25,-157.50,1,94.165,
01/01/2000,01:10:39.61,21.11,-58.80,-992.35,236.25,-647.50,-385.0,1,94.169,
01/01/2000,01:10:39.62,21.11,-58.56,-992.35,288.75,-656.25,-341.25,1,94.174,
01/01/2000,01:10:39.63,21.11,-58.32,-992.35,218.75,-656.25,-262.50,1,94.179,
01/01/2000,01:10:39.64,21.23,-58.56,-992.47,262.50,-638.75,-376.25,1,94.183,
01/01/2000,01:10:39.65,21.11,-58.44,-992.47,96.25,-586.25,-341.25,1,94.188,
01/01/2000,01:10:39.66,21.23,-58.44,-992.47,105.0,-630.0,-306.25,1,94.118,
01/01/2000,01:10:39.67,21.23,-58.44,-992.35,192.50,-700.0,-376.25,1,94.122,
01/01/2000,01:10:39.68,21.23,-58.44,-992.23,122.50,-708.75,-332.50,1,94.127,
01/01/2000,01:10:39.69,21.23,-58.44,-992.47,148.75,-778.75,-280.0,1,94.132,
01/01/2000,01:10:39.70,21.23,-58.44,-992.59,245.0,-638.75,-271.25,1,94.136,
01/01/2000,01:10:39.71,21.23,-58.32,-992.35,148.75,-735.0,-227.50,1,94.141,
01/01/2000,01:10:39.72,20.98,-58.32,-992.35,87.50,-673.75,-367.50,1,94.146,
01/01/2000,01:10:39.74,21.11,-58.44,-992.47,183.75,-700.0,-420.0,1,94.150,
01/01/2000,01:10:39.75,21.11,-58.56,-992.47,105.0,-656.25,-332.50,1,94.155,
01/01/2000,01:10:39.76,21.23,-58.44,-992.59,210.0,-673.75,-341.25,1,94.159,
01/01/2000,01:10:39.77,21.23,-58.44,-992.59,288.75,-630.0,-420.0,1,94.164,
01/01/2000,01:10:39.78,21.11,-58.19,-992.47,61.25,-726.25,-367.50,1,94.169,
01/01/2000,01:10:39.79,21.23,-58.07,-992.35,175.0,-682.50,-315.0,1,94.173,
01/01/2000,01:10:39.80,21.23,-58.32,-992.10,175.0,-682.50,-315.0,1,94.178,
01/01/2000,01:10:39.81,21.11,-58.56,-992.35,201.25,-743.75,-341.25,1,94.182,
01/01/2000,01:10:39.82,20.98,-58.56,-992.59,218.75,-656.25,-498.75,1,94.187,
01/01/2000,01:10:39.83,21.11,-58.44,-992.35,52.50,-726.25,-350.0,1,94.192,
01/01/2000,01:10:39.84,21.23,-58.07,-992.23,26.25,-726.25,-306.25,1,94.196,
01/01/2000,01:10:39.85,21.11,-58.07,-992.23,201.25,-586.25,-332.50,1,94.201,
01/01/2000,01:10:39.86,21.23,-58.19,-992.47,61.25,-603.75,-288.75,1,94.205,
01/01/2000,01:10:39.88,21.35,-58.44,-992.35,43.75,-682.50,-393.75,1,94.136,
01/01/2000,01:10:39.89,21.47,-58.44,-992.10,183.75,-848.75,-367.50,1,94.141,
01/01/2000,01:10:39.90,21.47,-58.32,-992.10,183.75,-621.25,-227.50,1,94.145,
01/01/2000,01:10:39.91,21.23,-58.44,-992.10,166.25,-752.50,-420.0,1,94.150,
01/01/2000,01:10:39.92,21.23,-58.32,-992.35,140.0,-700.0,-245.0,1,94.154,
01/01/2000,01:10:39.93,21.35,-58.32,-992.47,183.75,-700.0,-437.50,1,94.159,
01/01/2000,01:10:39.94,21.35,-58.44,-992.47,183.75,-708.75,-218.75,1,94.163,
01/01/2000,01:10:39.95,21.23,-58.44,-992.35,122.50,-708.75,-288.75,1,94.168,
01/01/2000,01:10:39.96,20.98,-58.32,-992.35,166.25,-717.50,-455.0,1,94.172,
01/01/2000,01:10:39.97,20.98,-58.32,-992.59,297.50,-700.0,-262.50,1,94.177,
01/01/2000,01:10:39.98,20.98,-58.56,-992.71,210.0,-577.50,-306.25,1,94.182,
01/01/2000,01:10:39.99,20.98,-58.68,-992.71,166.25,-761.25,-350.0,1,94.186,
01/01/2000,01:10:40.00,20.74,-58.80,-992.59,227.50,-656.25,-367.50,1,94.191,
01/01/2000,01:10:40.01,20.98,-58.44,-992.47,288.75,-726.25,-490.0,1,94.195,
01/01/2000,01:10:40.02,21.23,-58.56,-992.47,306.25,-673.75,-323.75,1,94.127,
01/01/2000,01:10:40.03,21.11,-58.44,-992.59,140.0,-665.0,-218.75,1,94.131,
01/01/2000,01:10:40.04,20.98,-58.32,-992.59,140.0,-665.0,-262.50,1,94.136,
01/01/2000,01:10:40.05,21.23,-58.32,-992.59,131.25,-682.50,-437.50,1,94.140,
01/01/2000,01:10:40.06,21.47,-58.32,-992.59,192.50,-595.0,-393.75,1,94.145,
01/01/2000,01:10:40.07,21.47,-58.32,-992.59,175.0,-726.25,-271.25,1,94.149,
01/01/2000,01:10:40.09,21.47,-58.56,-992.47,-8.75,-665.0,-367.50,1,94.154,
01/01/2000,01:10:40.10,21.47,-58.44,-992.59,131.25,-743.75,-385.0,1,94.158,
01/01/2000,01:10:40.11,21.35,-58.56,-992.59,175.0,-691.25,-210.0,1,94.163,
01/01/2000,01:10:40.12,21.23,-58.32,-992.47,210.0,-673.75,-341.25,1,94.167,
01/01/2000,01:10:40.13,21.23,-58.32,-992.35,201.25,-787.50,-271.25,1,94.172,
01/01/2000,01:10:40.14,21.47,-58.44,-992.35,148.75,-761.25,-358.75,1,94.176,
01/01/2000,01:10:40.15,21.35,-58.56,-992.35,210.0,-647.50,-288.75,1,94.181,
01/01/2000,01:10:40.16,21.35,-58.68,-992.47,175.0,-708.75,-288.75,1,94.113,
01/01/2000,01:10:40.17,21.23,-58.44,-992.47,157.50,-735.0,-402.50,1,94.118,
01/01/2000,01:10:40.18,21.35,-58.07,-992.35,105.0,-700.0,-332.50,1,94.122,
01/01/2000,01:10:40.19,21.23,-58.19,-992.35,157.50,-752.50,-350.0,1,94.127,
01/01/2000,01:10:40.20,21.23,-58.19,-992.47,201.25,-638.75,-332.50,1,94.131,
01/01/2000,01:10:40.21,21.23,-58.32,-992.84,96.25,-647.50,-437.50,1,94.136,
01/01/2000,01:10:40.22,21.35,-58.32,-992.59,245.0,-708.75,-455.0,1,94.140,
01/01/2000,01:10:40.24,21.35,-58.32,-992.59,148.75,-735.0,-393.75,1,94.144,
01/01/2000,01:10:40.25,21.23,-58.07,-992.35,183.75,-770.0,-280.0,1,94.149,
01/01/2000,01:10:40.26,21.23,-58.07,-992.23,236.25,-673.75,-367.50,1,94.153,
01/01/2000,01:10:40.27,21.23,-58.07,-992.23,87.50,-682.50,-332.50,1,94.158,
01/01/2000,01:10:40.28,21.23,-58.19,-992.10,271.25,-647.50,-420.0,1,94.162,
01/01/2000,01:10:40.29,21.35,-58.32,-992.23,157.50,-673.75,-376.25,1,94.167,
01/01/2000,01:10:40.30,21.35,-58.32,-992.23,131.25,-717.50,-446.25,1,94.171,
01/01/2000,01:10:40.31,21.47,-58.19,-992.23,105.0,-595.0,-245.0,1,94.175,
01/01/2000,01:10:40.32,21.47,-58.44,-992.10,253.75,-612.50,-341.25,1,94.180,
01/01/2000,01:10:40.33,21.35,-58.32,-992.35,201.25,-603.75,-393.75,1,94.184,
01/01/2000,01:10:40.34,21.47,-58.44,-992.35,140.0,-796.25,-411.25,1,94.189,
01/01/2000,01:10:40.35,21.47,-58.44,-992.35,236.25,-603.75,-271.25,1,94.193,
01/01/2000,01:10:40.36,21.35,-58.56,-992.23,113.75,-752.50,-236.25,1,94.197,
01/01/2000,01:10:40.38,21.23,-58.56,-992.35,280.0,-691.25,-420.0,1,94.131,
01/01/2000,01:10:40.39,21.23,-58.56,-992.59,192.50,-770.0,-332.50,1,94.135,
01/01/2000,01:10:40.40,21.23,-58.56,-992.47,210.0,-761.25,-376.25,1,94.140,
01/01/2000,01:10:40.41,21.11,-58.56,-992.35,-35.0,-717.50,-315.0,1,94.144,
01/01/2000,01:10:40.42,21.23,-58.56,-992.23,192.50,-673.75,-350.0,1,94.149,
01/01/2000,01:10:40.43,21.23,-58.56,-992.23,78.75,-717.50,-280.0,1,94.153,
01/01/2000,01:10:40.44,21.59,-58.68,-992.35,210.0,-656.25,-236.25,1,94.157,
01/01/2000,01:10:40.45,21.47,-58.56,-992.35,122.50,-673.75,-428.75,1,94.091,
01/01/2000,01:10:40.46,21.23,-58.44,-992.35,218.75,-735.0,-341.25,1,94.096,
01/01/2000,01:10:40.47,21.23,-58.32,-992.23,105.0,-691.25,-315.0,1,94.100,
01/01/2000,01:10:40.48,21.23,-58.32,-992.47,201.25,-560.0,-350.0,1,94.104,
01/01/2000,01:10:40.49,21.35,-58.32,-992.59,78.75,-595.0,-306.25,1,94.109,
01/01/2000,01:10:40.50,21.35,-58.44,-992.59,192.50,-560.0,-253.75,1,94.113,
01/01/2000,01:10:40.51,21.23,-58.56,-992.47,166.25,-700.0,-297.50,1,94.118,
01/01/2000,01:10:40.52,21.11,-58.44,-992.35,78.75,-533.75,-306.25,1,94.122,
01/01/2000,01:10:40.53,20.98,-58.32,-992.47,262.50,-813.75,-210.0,1,94.126,
01/01/2000,01:10:40.54,21.23,-58.32,-992.59,315.0,-673.75,-262.50,1,94.131,
01/01/2000,01:10:40.55,21.23,-58.32,-992.84,17.50,-691.25,-297.50,1,94.135,
01/01/2000,01:10:40.56,21.11,-58.56,-992.71,70.0,-673.75,-280.0,1,94.139,
01/01/2000,01:10:40.57,20.98,-58.80,-992.59,288.75,-717.50,-411.25,1,94.144,
01/01/2000,01:10:40.59,20.98,-58.56,-992.35,113.75,-796.25,-280.0,1,94.148,
01/01/2000,01:10:40.60,21.23,-58.32,-992.47,253.75,-708.75,-306.25,1,94.152,
01/01/2000,01:10:40.61,21.11,-58.32,-992.84,183.75,-717.50,-227.50,1,94.157,
01/01/2000,01:10:40.62,21.11,-58.56,-992.71,96.25,-717.50,-315.0,1,94.161,
01/01/2000,01:10:40.63,21.11,-58.56,-992.84,157.50,-621.25,-411.25,1,94.165,
01/01/2000,01:10:40.64,21.23,-58.44,-992.71,315.0,-630.0,-297.50,1,94.170,
01/01/2000,01:10:40.65,21.47,-58.44,-992.71,122.50,-831.25,-498.75,1,94.174,
01/01/2000,01:10:40.66,21.47,-58.32,-992.71,140.0,-665.0,-218.75,1,94.178,
01/01/2000,01:10:40.67,21.23,-58.44,-992.71,140.0,-726.25,-323.75,1,94.183,
01/01/2000,01:10:40.68,21.23,-58.32,-992.71,140.0,-700.0,-288.75,1,94.187,
01/01/2000,01:10:40.69,20.98,-58.19,-992.71,52.50,-630.0,-323.75,1,94.191,
01/01/2000,01:10:40.70,21.23,-58.44,-992.71,332.50,-665.0,-332.50,1,94.195,
01/01/2000,01:10:40.71,21.11,-58.32,-992.71,-17.50,-787.50,-341.25,1,94.200,
01/01/2000,01:10:40.72,20.98,-58.44,-992.71,52.50,-813.75,-253.75,1,94.135,
01/01/2000,01:10:40.73,20.86,-58.56,-992.71,236.25,-691.25,-315.0,1,94.139,
01/01/2000,01:10:40.74,20.86,-58.44,-992.71,218.75,-656.25,-393.75,1,94.143,
01/01/2000,01:10:40.75,20.98,-58.32,-992.84,218.75,-630.0,-262.50,1,94.148,
01/01/2000,01:10:40.76,20.98,-58.32,-992.84,105.0,-700.0,-332.50,1,94.152,
01/01/2000,01:10:40.77,20.98,-58.32,-992.84,70.0,-612.50,-332.50,1,94.156,
01/01/2000,01:10:40.78,20.98,-58.44,-992.96,183.75,-726.25,-393.75,1,94.161,
01/01/2000,01:10:40.80,21.11,-58.32,-992.71,166.25,-682.50,-358.75,1,94.165,
01/01/2000,01:10:40.81,21.11,-58.44,-992.71,218.75,-673.75,-253.75,1,94.169,
01/01/2000,01:10:40.82,21.23,-58.07,-992.84,236.25,-665.0,-393.75,1,94.173,
01/01/2000,01:10:40.83,21.35,-58.32,-992.59,271.25,-630.0,-367.50,1,94.178,
01/01/2000,01:10:40.84,21.35,-58.32,-992.47,166.25,-682.50,-411.25,1,94.182,
01/01/2000,01:10:40.85,21.35,-58.56,-992.47,201.25,-735.0,-358.75,1,94.186,
01/01/2000,01:10:40.86,21.35,-58.44,-992.59,113.75,-612.50,-402.50,1,94.190,
01/01/2000,01:10:40.87,21.23,-58.19,-992.84,78.75,-612.50,-253.75,1,94.194,
01/01/2000,01:10:40.88,21.23,-58.44,-992.84,262.50,-682.50,-411.25,1,94.199,
01/01/2000,01:10:40.90,21.23,-58.19,-992.71,201.25,-656.25,-262.50,1,94.135,
01/01/2000,01:10:40.91,21.23,-58.32,-992.84,175.0,-708.75,-201.25,1,94.139,
01/01/2000,01:10:40.92,21.23,-58.32,-992.84,218.75,-612.50,-262.50,1,94.143,
01/01/2000,01:10:40.93,21.35,-58.32,-992.84,183.75,-577.50,-358.75,1,94.147,
01/01/2000,01:10:40.94,20.98,-58.32,-992.71,131.25,-647.50,-315.0,1,94.152,
01/01/2000,01:10:40.95,21.11,-58.44,-992.84,201.25,-638.75,-358.75,1,94.156,
01/01/2000,01:10:40.96,21.11,-58.56,-992.71,280.0,-682.50,-446.25,1,94.160,
01/01/2000,01:10:40.97,21.11,-58.32,-992.47,61.25,-743.75,-192.50,1,94.164,
01/01/2000,01:10:40.98,21.23,-58.32,-992.47,122.50,-770.0,-341.25,1,94.168,
01/01/2000,01:10:40.99,21.11,-58.32,-992.35,271.25,-612.50,-428.75,1,94.173,
01/01/2000,01:10:41.00,21.11,-58.07,-992.35,105.0,-708.75,-455.0,1,94.177,
01/01/2000,01:10:41.01,20.98,-58.19,-992.47,140.0,-752.50,-288.75,1,94.113,
01/01/2000,01:10:41.02,21.23,-58.32,-992.35,288.75,-691.25,-306.25,1,94.118,
01/01/2000,01:10:41.03,21.23,-58.32,-992.35,183.75,-673.75,-428.75,1,94.122,
01/01/2000,01:10:41.04,21.35,-58.44,-992.35,192.50,-700.0,-245.0,1,94.126,
01/01/2000,01:10:41.05,21.23,-58.32,-992.35,140.0,-805.0,-411.25,1,94.130,
01/01/2000,01:10:41.06,21.23,-58.32,-992.35,122.50,-665.0,-306.25,1,94.134,
01/01/2000,01:10:41.08,21.23,-58.32,-992.35,166.25,-630.0,-306.25,1,94.139,
01/01/2000,01:10:41.09,21.23,-58.32,-992.10,175.0,-621.25,-367.50,1,94.143,
01/01/2000,01:10:41.10,21.23,-58.44,-992.23,218.75,-708.75,-332.50,1,94.147,
01/01/2000,01:10:41.11,21.23,-58.19,-992.23,271.25,-717.50,-332.50,1,94.151,
01/01/2000,01:10:41.12,21.11,-58.32,-992.35,0.0,-813.75,-350.0,1,94.155,
01/01/2000,01:10:41.13,21.23,-58.32,-992.35,183.75,-726.25,-323.75,1,94.160,
01/01/2000,01:10:41.14,20.98,-58.44,-992.47,297.50,-630.0,-341.25,1,94.164,
01/01/2000,01:10:41.15,21.11,-58.19,-992.35,236.25,-656.25,-420.0,1,94.168,
01/01/2000,01:10:41.16,21.23,-58.32,-992.35,140.0,-647.50,-358.75,1,94.172,
01/01/2000,01:10:41.17,21.23,-58.32,-992.23,70.0,-805.0,-306.25,1,94.176,
01/01/2000,01:10:41.18,21.23,-58.32,-992.23,140.0,-656.25,-498.75,1,94.180,
01/01/2000,01:10:41.19,21.23,-58.44,-992.23,70.0,-778.75,-323.75,1,94.184,
01/01/2000,01:10:41.20,21.35,-58.32,-992.10,78.75,-761.25,-175.0,1,94.189,
01/01/2000,01:10:41.21,21.23,-58.32,-992.35,78.75,-673.75,-367.50,1,94.193,
01/01/2000,01:10:41.22,21.23,-58.56,-992.47,253.75,-717.50,-463.75,1,94.130,
01/01/2000,01:10:41.23,21.23,-58.56,-992.59,96.25,-743.75,-367.50,1,94.134,
01/01/2000,01:10:41.25,20.98,-58.44,-992.47,315.0,-682.50,-376.25,1,94.138,
01/01/2000,01:10:41.25,20.98,-58.56,-992.35,166.25,-778.75,-367.50,1,94.143,
01/01/2000,01:10:41.27,20.98,-58.32,-992.47,192.50,-673.75,-350.0,1,94.147,
01/01/2000,01:10:41.28,21.23,-58.32,-992.47,78.75,-770.0,-350.0,1,94.151,
01/01/2000,01:10:41.29,21.11,-58.32,-992.71,78.75,-717.50,-455.0,1,94.155,
01/01/2000,01:10:41.30,21.11,-58.44,-992.59,140.0,-778.75,-262.50,1,94.159,
01/01/2000,01:10:41.31,21.11,-58.44,-992.59,78.75,-621.25,-402.50,1,94.163,
01/01/2000,01:10:41.32,21.23,-58.32,-992.59,78.75,-770.0,-367.50,1,94.167,
01/01/2000,01:10:41.33,21.23,-58.32,-992.59,210.0,-735.0,-280.0,1,94.171,
01/01/2000,01:10:41.34,21.35,-58.32,-992.35,122.50,-612.50,-393.75,1,94.175,
01/01/2000,01:10:41.35,21.23,-58.56,-992.35,201.25,-700.0,-446.25,1,94.180,
01/01/2000,01:10:41.36,21.47,-58.56,-992.35,96.25,-630.0,-350.0,1,94.118,
01/01/2000,01:10:41.37,21.47,-58.80,-992.10,201.25,-761.25,-332.50,1,94.122,
01/01/2000,01:10:41.38,21.35,-58.56,-992.23,52.50,-700.0,-218.75,1,94.126,
01/01/2000,01:10:41.39,21.35,-58.56,-991.98,96.25,-647.50,-332.50,1,94.130,
01/01/2000,01:10:41.41,21.23,-58.44,-991.98,35.0,-647.50,-376.25,1,94.134,
01/01/2000,01:10:41.42,21.23,-58.56,-992.10,96.25,-726.25,-315.0,1,94.138,
01/01/2000,01:10:41.43,21.35,-58.56,-992.10,140.0,-682.50,-402.50,1,94.142,
01/01/2000,01:10:41.44,21.35,-58.44,-991.98,122.50,-752.50,-420.0,1,94.146,
01/01/2000,01:10:41.45,21.23,-58.56,-991.98,175.0,-638.75,-201.25,1,94.150,
01/01/2000,01:10:41.46,21.23,-58.56,-991.98,131.25,-638.75,-367.50,1,94.154,
01/01/2000,01:10:41.47,21.47,-58.56,-992.23,140.0,-665.0,-341.25,1,94.159,
01/01/2000,01:10:41.48,21.35,-58.56,-992.35,166.25,-595.0,-367.50,1,94.163,
01/01/2000,01:10:41.49,21.35,-58.56,-992.10,105.0,-656.25,-306.25,1,94.167,
01/01/2000,01:10:41.50,21.35,-58.44,-992.10,148.75,-717.50,-437.50,1,94.171,
01/01/2000,01:10:41.51,21.23,-58.56,-991.98,280.0,-726.25,-367.50,1,94.175,
01/01/2000,01:10:41.52,21.23,-58.32,-992.10,105.0,-682.50,-420.0,1,94.179,
01/01/2000,01:10:41.53,21.23,-58.32,-992.23,35.0,-700.0,-218.75,1,94.183,
01/01/2000,01:10:41.54,21.35,-58.44,-992.10,105.0,-551.25,-455.0,1,94.187,
01/01/2000,01:10:41.55,21.35,-58.56,-991.98,271.25,-726.25,-288.75,1,94.191,
01/01/2000,01:10:41.56,21.11,-58.68,-991.86,183.75,-726.25,-350.0,1,94.195,
01/01/2000,01:10:41.57,21.23,-58.56,-992.10,122.50,-656.25,-393.75,1,94.134,
01/01/2000,01:10:41.58,21.23,-58.68,-992.23,183.75,-682.50,-315.0,1,94.138,
01/01/2000,01:10:41.59,21.35,-58.56,-992.47,271.25,-665.0,-280.0,1,94.142,
01/01/2000,01:10:41.60,21.35,-58.32,-992.47,140.0,-656.25,-236.25,1,94.146,
01/01/2000,01:10:41.61,21.23,-58.32,-992.35,61.25,-761.25,-350.0,1,94.150,
01/01/2000,01:10:41.62,21.23,-58.32,-992.23,253.75,-621.25,-428.75,1,94.154,
01/01/2000,01:10:41.63,21.35,-58.19,-992.35,166.25,-735.0,-411.25,1,94.158,
01/01/2000,01:10:41.65,21.47,-58.32,-992.35,87.50,-682.50,-271.25,1,94.162,
01/01/2000,01:10:41.66,21.35,-58.44,-992.35,183.75,-638.75,-288.75,1,94.166,
01/01/2000,01:10:41.67,21.23,-58.32,-992.35,271.25,-647.50,-411.25,1,94.170,
01/01/2000,01:10:41.68,21.23,-58.19,-992.35,192.50,-761.25,-385.0,1,94.174,
01/01/2000,01:10:41.69,21.35,-58.32,-992.47,78.75,-682.50,-428.75,1,94.178,
01/01/2000,01:10:41.70,21.23,-58.19,-992.59,131.25,-700.0,-253.75,1,94.182,
01/01/2000,01:10:41.71,21.23,-58.32,-992.59,131.25,-673.75,-420.0,1,94.186,
01/01/2000,01:10:41.72,21.23,-58.19,-992.35,43.75,-577.50,-315.0,1,94.190,
01/01/2000,01:10:41.73,21.23,-58.07,-992.35,157.50,-673.75,-236.25,1,94.194,
01/01/2000,01:10:41.74,21.35,-58.07,-992.35,105.0,-752.50,-341.25,1,94.198,
01/01/2000,01:10:41.75,21.35,-58.07,-992.47,105.0,-612.50,-350.0,1,94.202,
01/01/2000,01:10:41.76,21.23,-58.32,-992.35,140.0,-761.25,-323.75,1,94.206,
01/01/2000,01:10:41.77,21.23,-58.32,-992.35,183.75,-700.0,-385.0,1,94.210,
01/01/2000,01:10:41.78,21.23,-58.32,-992.35,218.75,-691.25,-385.0,1,94.150,
01/01/2000,01:10:41.79,21.23,-58.32,-992.35,113.75,-700.0,-393.75,1,94.154,
01/01/2000,01:10:41.80,21.23,-58.32,-992.35,201.25,-717.50,-323.75,1,94.158,
01/01/2000,01:10:41.81,21.23,-58.07,-992.59,105.0,-682.50,-192.50,1,94.162,
01/01/2000,01:10:41.82,21.23,-58.32,-992.47,61.25,-621.25,-393.75,1,94.166,
01/01/2000,01:10:41.83,21.23,-58.56,-992.35,332.50,-708.75,-280.0,1,94.169,
01/01/2000,01:10:41.84,21.23,-58.56,-992.35,113.75,-673.75,-385.0,1,94.173,
01/01/2000,01:10:41.86,21.23,-58.44,-992.47,157.50,-761.25,-262.50,1,94.177,
01/01/2000,01:10:41.87,21.23,-58.44,-992.59,280.0,-700.0,-367.50,1,94.181,
01/01/2000,01:10:41.88,21.23,-58.44,-992.71,43.75,-691.25,-420.0,1,94.185,
01/01/2000,01:10:41.89,21.23,-58.56,-992.71,131.25,-656.25,-350.0,1,94.189,
01/01/2000,01:10:41.90,21.11,-58.68,-992.71,96.25,-665.0,-385.0,1,94.193,
01/01/2000,01:10:41.91,21.11,-58.56,-992.59,166.25,-700.0,-315.0,1,94.134,
01/01/2000,01:10:41.92,21.11,-58.68,-992.59,61.25,-822.50,-306.25,1,94.137,
01/01/2000,01:10:41.93,20.98,-58.56,-992.59,131.25,-700.0,-393.75,1,94.141,
01/01/2000,01:10:41.94,20.98,-58.68,-992.59,201.25,-638.75,-332.50,1,94.145,
01/01/2000,01:10:41.96,21.11,-58.56,-992.59,236.25,-595.0,-376.25,1,94.149,
01/01/2000,01:10:41.96,21.23,-58.32,-992.47,140.0,-726.25,-350.0,1,94.153,
01/01/2000,01:10:41.98,21.23,-58.32,-992.23,201.25,-691.25,-236.25,1,94.157,
01/01/2000,01:10:41.99,21.23,-58.32,-992.10,280.0,-700.0,-323.75,1,94.161,
01/01/2000,01:10:42.00,21.23,-58.32,-992.35,26.25,-665.0,-297.50,1,94.165,
01/01/2000,01:10:42.01,21.23,-58.32,-992.59,175.0,-752.50,-358.75,1,94.169,
01/01/2000,01:10:42.02,21.35,-58.32,-992.59,122.50,-647.50,-455.0,1,94.173,
01/01/2000,01:10:42.03,21.23,-58.19,-992.47,105.0,-717.50,-323.75,1,94.177,
01/01/2000,01:10:42.04,21.23,-58.32,-992.35,26.25,-822.50,-376.25,1,94.181,
01/01/2000,01:10:42.05,21.23,-58.32,-992.35,192.50,-647.50,-367.50,1,94.184,
01/01/2000,01:10:42.06,21.11,-58.32,-992.35,131.25,-682.50,-262.50,1,94.188,
01/01/2000,01:10:42.07,21.23,-58.44,-992.47,166.25,-691.25,-455.0,1,94.192,
01/01/2000,01:10:42.08,21.23,-58.44,-992.35,183.75,-682.50,-411.25,1,94.196,
01/01/2000,01:10:42.09,21.11,-58.32,-992.59,192.50,-778.75,-315.0,1,94.200,
01/01/2000,01:10:42.10,21.11,-58.32,-992.59,148.75,-673.75,-332.50,1,94.204,
01/01/2000,01:10:42.11,20.98,-58.32,-992.59,245.0,-691.25,-306.25,1,94.208,
01/01/2000,01:10:42.12,21.11,-58.32,-992.71,218.75,-691.25,-315.0,1,94.212,
01/01/2000,01:10:42.13,21.11,-58.19,-992.47,157.50,-586.25,-332.50,1,94.153,
01/01/2000,01:10:42.14,20.98,-58.07,-992.35,17.50,-673.75,-376.25,1,94.157,
01/01/2000,01:10:42.15,21.11,-58.07,-992.10,122.50,-700.0,-358.75,1,94.161,
01/01/2000,01:10:42.16,20.98,-58.32,-992.35,157.50,-630.0,-271.25,1,94.164,
01/01/2000,01:10:42.17,21.11,-58.19,-992.59,157.50,-770.0,-367.50,1,94.168,
01/01/2000,01:10:42.18,21.23,-58.19,-992.84,87.50,-726.25,-385.0,1,94.172,
01/01/2000,01:10:42.19,21.23,-58.19,-992.59,183.75,-822.50,-393.75,1,94.176,
01/01/2000,01:10:42.21,20.98,-58.32,-992.47,201.25,-717.50,-350.0,1,94.180,
01/01/2000,01:10:42.22,20.98,-57.95,-992.35,175.0,-700.0,-350.0,1,94.184,
01/01/2000,01:10:42.23,21.23,-58.07,-992.59,113.75,-656.25,-358.75,1,94.188,
01/01/2000,01:10:42.24,21.23,-57.83,-992.59,113.75,-691.25,-227.50,1,94.191,
01/01/2000,01:10:42.25,21.23,-58.07,-992.59,288.75,-656.25,-393.75,1,94.195,
01/01/2000,01:10:42.26,21.23,-58.07,-992.47,131.25,-568.75,-376.25,1,94.199,
01/01/2000,01:10:42.27,20.98,-58.07,-992.47,157.50,-656.25,-297.50,1,94.203,
01/01/2000,01:10:42.28,21.23,-57.95,-992.59,157.50,-708.75,-236.25,1,94.145,
01/01/2000,01:10:42.29,21.23,-58.07,-992.59,131.25,-603.75,-341.25,1,94.149,
01/01/2000,01:10:42.30,21.23,-58.19,-992.59,70.0,-630.0,-210.0,1,94.152,
01/01/2000,01:10:42.31,21.11,-58.32,-992.35,271.25,-761.25,-367.50,1,94.156,
01/01/2000,01:10:42.32,21.11,-58.32,-992.23,192.50,-717.50,-323.75,1,94.160,
01/01/2000,01:10:42.33,20.98,-58.07,-992.23,148.75,-717.50,-385.0,1,94.164,
01/01/2000,01:10:42.35,21.11,-58.32,-992.47,280.0,-665.0,-271.25,1,94.168,
01/01/2000,01:10:42.36,21.11,-58.32,-992.35,262.50,-673.75,-385.0,1,94.172,
01/01/2000,01:10:42.37,21.11,-58.19,-992.35,70.0,-630.0,-367.50,1,94.175,
01/01/2000,01:10:42.38,21.23,-58.32,-992.35,140.0,-787.50,-376.25,1,94.179,
01/01/2000,01:10:42.39,21.23,-58.19,-992.35,210.0,-726.25,-236.25,1,94.183,
01/01/2000,01:10:42.40,21.23,-58.32,-992.59,210.0,-708.75,-385.0,1,94.187,
01/01/2000,01:10:42.41,21.11,-58.19,-992.59,236.25,-708.75,-297.50,1,94.191,
01/01/2000,01:10:42.42,21.23,-58.19,-992.59,297.50,-647.50,-315.0,1,94.133,
01/01/2000,01:10:42.44,21.23,-58.32,-992.35,113.75,-778.75,-280.0,1,94.137,
01/01/2000,01:10:42.45,21.23,-58.32,-992.35,122.50,-770.0,-367.50,1,94.141,
01/01/2000,01:10:42.46,21.23,-58.32,-992.47,131.25,-630.0,-341.25,1,94.144,
01/01/2000,01:10:42.47,21.23,-58.32,-992.71,166.25,-621.25,-253.75,1,94.148,
01/01/2000,01:10:42.48,21.47,-58.56,-992.59,306.25,-700.0,-306.25,1,94.152,
01/01/2000,01:10:42.49,21.35,-58.32,-992.47,122.50,-752.50,-420.0,1,94.156,
01/01/2000,01:10:42.50,21.35,-58.19,-992.47,87.50,-691.25,-245.0,1,94.160,
01/01/2000,01:10:42.51,21.23,-58.19,-992.59,262.50,-796.25,-402.50,1,94.163,
01/01/2000,01:10:42.52,21.23,-58.32,-992.71,192.50,-743.75,-297.50,1,94.167,
01/01/2000,01:10:42.53,21.23,-58.19,-992.59,201.25,-770.0,-350.0,1,94.171,
01/01/2000,01:10:42.54,21.35,-58.19,-992.47,245.0,-726.25,-376.25,1,94.175,
01/01/2000,01:10:42.55,21.23,-58.19,-992.59,218.75,-691.25,-376.25,1,94.179,
01/01/2000,01:10:42.56,21.35,-58.32,-992.59,297.50,-551.25,-350.0,1,94.182,
01/01/2000,01:10:42.57,21.47,-58.44,-992.59,105.0,-603.75,-393.75,1,94.186,
01/01/2000,01:10:42.58,21.23,-58.56,-992.59,245.0,-778.75,-280.0,1,94.190,
01/01/2000,01:10:42.59,21.23,-58.56,-992.47,227.50,-595.0,-253.75,1,94.194,
01/01/2000,01:10:42.60,21.23,-58.56,-992.35,166.25,-735.0,-393.75,1,94.197,
01/01/2000,01:10:42.61,21.23,-58.32,-992.23,148.75,-813.75,-315.0,1,94.201,
01/01/2000,01:10:42.62,21.11,-58.32,-992.35,175.0,-752.50,-376.25,1,94.205,
01/01/2000,01:10:42.63,20.98,-58.32,-992.59,157.50,-735.0,-315.0,1,94.208,
01/01/2000,01:10:42.64,20.98,-58.32,-992.59,245.0,-638.75,-376.25,1,94.212,
01/01/2000,01:10:42.65,20.98,-58.56,-992.47,96.25,-577.50,-332.50,1,94.216,
01/01/2000,01:10:42.66,21.23,-58.56,-992.59,192.50,-647.50,-271.25,1,94.220,
01/01/2000,01:10:42.67,21.11,-58.56,-992.71,218.75,-700.0,-367.50,1,94.223,
01/01/2000,01:10:42.68,21.11,-58.56,-992.59,227.50,-752.50,-446.25,1,94.227,
01/01/2000,01:10:42.69,20.98,-58.44,-992.35,148.75,-647.50,-280.0,1,94.170,
01/01/2000,01:10:42.70,20.74,-58.56,-992.35,78.75,-735.0,-411.25,1,94.174,
01/01/2000,01:10:42.71,20.86,-58.80,-992.59,201.25,-691.25,-376.25,1,94.178,
01/01/2000,01:10:42.72,20.86,-58.56,-992.59,26.25,-638.75,-323.75,1,94.182,
01/01/2000,01:10:42.73,20.86,-58.80,-992.59,218.75,-647.50,-350.0,1,94.185,
01/01/2000,01:10:42.74,20.86,-58.68,-992.47,35.0,-638.75,-358.75,1,94.189,
01/01/2000,01:10:42.75,20.86,-58.80,-992.35,166.25,-647.50,-393.75,1,94.193,
01/01/2000,01:10:42.77,20.98,-58.56,-992.35,166.25,-568.75,-306.25,1,94.196,
01/01/2000,01:10:42.78,20.98,-58.68,-992.23,166.25,-691.25,-262.50,1,94.200,
01/01/2000,01:10:42.79,20.98,-58.68,-992.10,175.0,-717.50,-306.25,1,94.204,
01/01/2000,01:10:42.80,20.98,-58.68,-992.23,140.0,-700.0,-288.75,1,94.208,
01/01/2000,01:10:42.81,21.11,-58.68,-992.35,148.75,-647.50,-280.0,1,94.211,
01/01/2000,01:10:42.82,21.11,-58.44,-992.35,183.75,-735.0,-332.50,1,94.215,
01/01/2000,01:10:42.83,21.11,-58.32,-992.23,166.25,-708.75,-280.0,1,94.219,
01/01/2000,01:10:42.84,21.72,-58.56,-992.35,210.0,-752.50,-498.75,1,94.162,
01/01/2000,01:10:42.85,23.42,-58.19,-992.59,192.50,-638.75,-708.75,1,94.166,
01/01/2000,01:10:42.86,26.23,-57.58,-993.57,113.75,-735.0,-376.25,1,94.170,
01/01/2000,01:10:42.87,27.69,-58.80,-993.08,271.25,-726.25,-96.25,1,94.174,
01/01/2000,01:10:42.88,28.30,-59.05,-992.23,218.75,-787.50,-227.50,1,94.177,
01/01/2000,01:10:42.89,27.82,-58.80,-991.86,-52.50,-805.0,-428.75,1,94.181,
01/01/2000,01:10:42.91,27.21,-58.93,-992.23,140.0,-761.25,-428.75,1,94.185,
01/01/2000,01:10:42.92,26.60,-58.32,-992.84,70.0,-761.25,-192.50,1,94.188,
01/01/2000,01:10:42.93,25.86,-57.95,-992.84,140.0,-673.75,-166.25,1,94.192,
01/01/2000,01:10:42.94,26.23,-58.07,-992.35,297.50,-735.0,-533.75,1,94.196,
01/01/2000,01:10:42.95,27.08,-57.95,-991.62,166.25,-665.0,-621.25,1,94.199,
01/01/2000,01:10:42.96,28.55,-58.56,-991.13,288.75,-796.25,-700.0,1,94.203,
01/01/2000,01:10:42.97,30.99,-58.56,-991.37,236.25,-673.75,-595.0,1,94.207,
01/01/2000,01:10:42.98,32.94,-58.32,-991.86,35.0,-673.75,-490.0,1,94.151,
01/01/2000,01:10:42.99,34.53,-58.32,-992.47,192.50,-586.25,-367.50,1,94.155,
01/01/2000,01:10:43.00,35.50,-57.95,-993.20,-8.75,-691.25,-131.25,1,94.158,
01/01/2000,01:10:43.01,35.14,-58.32,-993.08,70.0,-621.25,-52.50,1,94.162,
01/01/2000,01:10:43.02,33.55,-58.80,-992.84,227.50,-726.25,-122.50,1,94.166,
01/01/2000,01:10:43.03,31.35,-58.68,-992.47,70.0,-743.75,-420.0,1,94.169,
01/01/2000,01:10:43.04,29.16,-58.56,-992.10,280.0,-665.0,-525.0,1,94.173,
01/01/2000,01:10:43.05,26.96,-57.83,-991.86,201.25,-726.25,-358.75,1,94.177,
01/01/2000,01:10:43.06,26.60,-57.58,-992.10,148.75,-743.75,-498.75,1,94.180,
01/01/2000,01:10:43.07,26.96,-57.58,-992.10,175.0,-647.50,-472.50,1,94.184,
01/01/2000,01:10:43.08,28.55,-58.07,-992.35,0.0,-796.25,-332.50,1,94.188,
01/01/2000,01:10:43.09,29.16,-58.56,-992.47,96.25,-726.25,-402.50,1,94.191,
01/01/2000,01:10:43.10,29.04,-59.05,-992.23,61.25,-691.25,-367.50,1,94.195,
01/01/2000,01:10:43.12,28.06,-58.56,-992.23,131.25,-717.50,-393.75,1,94.198,
01/01/2000,01:10:43.13,26.84,-58.19,-992.23,113.75,-717.50,-376.25,1,94.202,
01/01/2000,01:10:43.14,25.38,-57.58,-992.35,105.0,-682.50,-105.0,1,94.206,
01/01/2000,01:10:43.15,23.79,-57.58,-992.35,140.0,-586.25,-358.75,1,94.209,
01/01/2000,01:10:43.16,23.79,-57.83,-992.47,140.0,-630.0,-323.75,1,94.213,
01/01/2000,01:10:43.17,24.28,-58.32,-992.47,148.75,-717.50,-358.75,1,94.216,
01/01/2000,01:10:43.18,24.77,-58.56,-992.35,8.75,-761.25,-323.75,1,94.220,
01/01/2000,01:10:43.19,24.40,-59.05,-991.74,192.50,-726.25,-350.0,1,94.224,
01/01/2000,01:10:43.20,23.42,-58.68,-991.37,122.50,-840.0,-358.75,1,94.169,
01/01/2000,01:10:43.21,21.72,-58.32,-991.86,175.0,-735.0,-227.50,1,94.172,
01/01/2000,01:10:43.22,20.50,-58.07,-992.47,227.50,-735.0,-175.0,1,94.176,
01/01/2000,01:10:43.23,19.64,-58.19,-992.71,358.75,-612.50,-437.50,1,94.180,
01/01/2000,01:10:43.24,19.28,-57.95,-992.71,0.0,-551.25,-411.25,1,94.183,
01/01/2000,01:10:43.25,20.50,-58.19,-992.10,183.75,-647.50,-551.25,1,94.187,
01/01/2000,01:10:43.27,22.45,-58.32,-991.98,271.25,-805.0,-612.50,1,94.190,
01/01/2000,01:10:43.28,23.42,-58.56,-992.10,105.0,-700.0,-402.50,1,94.194,
01/01/2000,01:10:43.29,23.91,-58.80,-992.47,122.50,-691.25,-358.75,1,94.198,
01/01/2000,01:10:43.30,23.67,-58.68,-992.96,166.25,-761.25,-175.0,1,94.201,
01/01/2000,01:10:43.31,23.06,-58.56,-993.08,358.75,-691.25,-367.50,1,94.205,
01/01/2000,01:10:43.32,22.08,-57.83,-993.08,26.25,-682.50,-350.0,1,94.208,
01/01/2000,01:10:43.33,21.72,-57.58,-992.47,227.50,-761.25,-402.50,1,94.212,
01/01/2000,01:10:43.34,21.72,-57.71,-992.10,148.75,-665.0,-236.25,1,94.215,
01/01/2000,01:10:43.35,22.20,-58.44,-991.98,236.25,-726.25,-332.50,1,94.219,
01/01/2000,01:10:43.36,22.69,-58.80,-991.98,183.75,-621.25,-358.75,1,94.222,
01/01/2000,01:10:43.37,22.45,-58.93,-992.35,131.25,-813.75,-376.25,1,94.226,
01/01/2000,01:10:43.38,21.84,-58.56,-992.35,131.25,-586.25,-227.50,1,94.230,
01/01/2000,01:10:43.39,20.98,-58.32,-992.23,183.75,-691.25,-245.0,1,94.233,
01/01/2000,01:10:43.40,19.52,-58.07,-991.86,306.25,-761.25,-192.50,1,94.179,
01/01/2000,01:10:43.41,19.15,-57.95,-991.86,87.50,-656.25,-341.25,1,94.182,
01/01/2000,01:10:43.42,19.28,-58.32,-992.10,131.25,-647.50,-376.25,1,94.186,
01/01/2000,01:10:43.43,20.62,-58.80,-992.35,87.50,-761.25,-463.75,1,94.190,
01/01/2000,01:10:43.45,22.20,-58.68,-992.71,96.25,-647.50,-533.75,1,94.193,
01/01/2000,01:10:43.46,22.94,-58.80,-992.59,288.75,-822.50,-236.25,1,94.197,
01/01/2000,01:10:43.47,22.94,-58.56,-992.47,52.50,-691.25,-131.25,1,94.200,
01/01/2000,01:10:43.48,22.08,-58.68,-992.10,218.75,-840.0,-323.75,1,94.204,
01/01/2000,01:10:43.49,21.47,-58.44,-992.10,192.50,-682.50,-218.75,1,94.207,
01/01/2000,01:10:43.50,20.98,-58.56,-992.35,148.75,-630.0,-437.50,1,94.211,
01/01/2000,01:10:43.51,20.74,-58.32,-992.84,166.25,-752.50,-323.75,1,94.214,
01/01/2000,01:10:43.52,21.35,-58.07,-992.84,113.75,-673.75,-297.50,1,94.218,
01/01/2000,01:10:43.53,21.96,-58.19,-992.84,201.25,-778.75,-385.0,1,94.221,
01/01/2000,01:10:43.54,22.57,-58.07,-992.59,105.0,-708.75,-350.0,1,94.168,
01/01/2000,01:10:43.55,22.81,-58.56,-992.10,140.0,-735.0,-227.50,1,94.171,
01/01/2000,01:10:43.56,22.33,-58.56,-991.98,35.0,-726.25,-385.0,1,94.175,
01/01/2000,01:10:43.57,21.23,-58.80,-991.86,201.25,-735.0,-315.0,1,94.178,
01/01/2000,01:10:43.58,20.13,-58.32,-992.10,8.75,-743.75,-385.0,1,94.182,
01/01/2000,01:10:43.59,19.03,-58.07,-992.10,218.75,-735.0,-367.50,1,94.185,
01/01/2000,01:10:43.60,19.15,-57.58,-992.59,157.50,-542.50,-332.50,1,94.189,
01/01/2000,01:10:43.61,19.76,-57.71,-992.71,105.0,-656.25,-306.25,1,94.192,
01/01/2000,01:10:43.62,20.86,-58.07,-992.84,192.50,-726.25,-367.50,1,94.196,
01/01/2000,01:10:43.63,22.33,-58.80,-992.59,192.50,-796.25,-367.50,1,94.199,
01/01/2000,01:10:43.64,22.94,-58.93,-992.35,148.75,-568.75,-402.50,1,94.203,
01/01/2000,01:10:43.65,22.94,-58.68,-992.23,166.25,-647.50,-428.75,1,94.206,
01/01/2000,01:10:43.66,22.45,-58.07,-991.98,70.0,-638.75,-210.0,1,94.210,
01/01/2000,01:10:43.67,21.59,-57.95,-992.23,87.50,-743.75,-253.75,1,94.213,
01/01/2000,01:10:43.69,20.50,-58.07,-992.35,166.25,-603.75,-227.50,1,94.217,
01/01/2000,01:10:43.70,20.25,-58.32,-992.59,78.75,-647.50,-428.75,1,94.220,
01/01/2000,01:10:43.71,20.62,-58.68,-992.84,148.75,-682.50,-271.25,1,94.224,
01/01/2000,01:10:43.72,21.11,-58.56,-992.71,96.25,-717.50,-385.0,1,94.227,
01/01/2000,01:10:43.73,21.72,-58.32,-992.10,122.50,-866.25,-253.75,1,94.231,
01/01/2000,01:10:43.74,21.59,-58.68,-991.74,245.0,-691.25,-350.0,1,94.234,
01/01/2000,01:10:43.75,20.98,-58.56,-992.10,122.50,-647.50,-262.50,1,94.238,
01/01/2000,01:10:43.76,20.25,-58.19,-992.10,70.0,-848.75,-297.50,1,94.241,
01/01/2000,01:10:43.77,19.52,-58.19,-992.10,227.50,-700.0,-218.75,1,94.245,
01/01/2000,01:10:43.78,19.28,-57.71,-992.35,52.50,-612.50,-306.25,1,94.192,
01/01/2000,01:10:43.79,19.15,-57.83,-993.08,175.0,-735.0,-306.25,1,94.251,
01/01/2000,01:10:43.80,20.01,-58.07,-993.20,166.25,-638.75,-385.0,1,94.199,
01/01/2000,01:10:43.81,20.62,-58.44,-992.84,288.75,-735.0,-280.0,1,94.202,
01/01/2000,01:10:43.83,21.72,-58.32,-992.23,122.50,-778.75,-446.25,1,94.205,
01/01/2000,01:10:43.84,22.08,-58.68,-991.62,280.0,-726.25,-253.75,1,94.209,
01/01/2000,01:10:43.85,22.45,-58.56,-991.62,157.50,-682.50,-376.25,1,94.212,
01/01/2000,01:10:43.86,22.57,-58.44,-992.59,175.0,-691.25,-358.75,1,94.216,
01/01/2000,01:10:43.87,22.20,-58.56,-992.96,323.75,-621.25,-210.0,1,94.219,
01/01/2000,01:10:43.88,21.47,-58.32,-992.96,227.50,-726.25,-192.50,1,94.223,
01/01/2000,01:10:43.89,21.11,-58.07,-992.35,78.75,-743.75,-192.50,1,94.226,
01/01/2000,01:10:43.90,21.35,-57.95,-991.98,210.0,-630.0,-385.0,1,94.230,
01/01/2000,01:10:43.91,21.47,-58.07,-992.47,297.50,-901.25,-297.50,1,94.233,
01/01/2000,01:10:43.92,22.08,-58.68,-992.71,52.50,-796.25,-227.50,1,94.236,
01/01/2000,01:10:43.93,21.96,-58.93,-992.96,341.25,-682.50,-393.75,1,94.240,
01/01/2000,01:10:43.94,21.35,-58.56,-992.96,0.0,-708.75,-297.50,1,94.243,
01/01/2000,01:10:43.96,19.52,-58.07,-992.35,175.0,-691.25,-192.50,1,94.191,
01/01/2000,01:10:43.97,18.91,-57.83,-992.35,-8.75,-735.0,-350.0,1,94.194,
01/01/2000,01:10:43.98,18.67,-58.32,-992.84,192.50,-787.50,-280.0,1,94.198,
01/01/2000,01:10:43.99,19.03,-58.19,-993.08,122.50,-717.50,-481.25,1,94.201,
01/01/2000,01:10:44.00,20.25,-58.44,-992.96,262.50,-612.50,-350.0,1,94.205,
01/01/2000,01:10:44.01,21.47,-58.07,-992.84,105.0,-691.25,-350.0,1,94.208,
01/01/2000,01:10:44.02,22.69,-58.44,-992.47,157.50,-726.25,-315.0,1,94.211,
01/01/2000,01:10:44.03,22.69,-58.56,-992.23,122.50,-735.0,-271.25,1,94.215,
01/01/2000,01:10:44.04,22.20,-58.80,-992.23,245.0,-717.50,-376.25,1,94.218,
01/01/2000,01:10:44.05,21.59,-58.32,-992.23,157.50,-752.50,-376.25,1,94.222,
01/01/2000,01:10:44.06,20.74,-57.95,-992.59,262.50,-656.25,-306.25,1,94.225,
01/01/2000,01:10:44.07,20.62,-57.83,-992.96,61.25,-612.50,-315.0,1,94.229,
01/01/2000,01:10:44.08,20.98,-57.71,-993.08,140.0,-656.25,-201.25,1,94.232,
01/01/2000,01:10:44.09,21.23,-57.95,-992.84,280.0,-656.25,-350.0,1,94.235,
01/01/2000,01:10:44.10,21.59,-58.32,-992.35,183.75,-682.50,-271.25,1,94.183,
01/01/2000,01:10:44.11,21.72,-58.68,-991.86,122.50,-743.75,-341.25,1,94.187,
01/01/2000,01:10:44.12,20.86,-58.44,-991.62,192.50,-778.75,-306.25,1,94.190,
01/01/2000,01:10:44.13,20.25,-58.44,-991.74,148.75,-743.75,-385.0,1,94.194,
01/01/2000,01:10:44.14,19.89,-57.95,-992.10,183.75,-717.50,-288.75,1,94.197,
01/01/2000,01:10:44.15,20.25,-57.71,-992.47,175.0,-726.25,-192.50,1,94.200,
01/01/2000,01:10:44.16,20.98,-57.58,-992.71,122.50,-691.25,-245.0,1,94.204,
01/01/2000,01:10:44.18,21.47,-58.19,-992.35,218.75,-813.75,-227.50,1,94.207,
01/01/2000,01:10:44.19,21.72,-58.56,-992.10,43.75,-761.25,-358.75,1,94.211,
01/01/2000,01:10:44.20,21.84,-58.68,-991.86,227.50,-656.25,-481.25,1,94.214,
01/01/2000,01:10:44.21,21.84,-58.44,-991.86,-35.0,-700.0,-306.25,1,94.217,
01/01/2000,01:10:44.22,21.59,-57.71,-991.86,157.50,-726.25,-236.25,1,94.221,
01/01/2000,01:10:44.23,21.47,-57.58,-992.10,175.0,-638.75,-280.0,1,94.224,
01/01/2000,01:10:44.24,21.47,-57.71,-992.35,122.50,-638.75,-271.25,1,94.227,
01/01/2000,01:10:44.25,21.84,-58.19,-992.59,96.25,-595.0,-183.75,1,94.231,
01/01/2000,01:10:44.26,21.96,-58.44,-992.35,175.0,-656.25,-367.50,1,94.179,
01/01/2000,01:10:44.27,22.20,-58.56,-992.10,113.75,-770.0,-341.25,1,94.237,
01/01/2000,01:10:44.28,21.84,-58.32,-991.74,288.75,-717.50,-385.0,1,94.186,
01/01/2000,01:10:44.29,21.23,-58.19,-991.98,52.50,-708.75,-166.25,1,94.189,
01/01/2000,01:10:44.30,20.25,-58.32,-992.23,148.75,-822.50,-131.25,1,94.193,
01/01/2000,01:10:44.32,19.15,-58.44,-992.84,96.25,-708.75,-262.50,1,94.196,
01/01/2000,01:10:44.33,18.79,-58.19,-992.84,210.0,-638.75,-481.25,1,94.200,
01/01/2000,01:10:44.34,19.03,-58.07,-992.84,166.25,-682.50,-271.25,1,94.203,
01/01/2000,01:10:44.35,20.50,-57.83,-992.59,306.25,-691.25,-507.50,1,94.206,
01/01/2000,01:10:44.36,21.59,-58.07,-992.35,96.25,-577.50,-306.25,1,94.210,
01/01/2000,01:10:44.37,22.20,-58.32,-992.10,52.50,-813.75,-140.0,1,94.213,
01/01/2000,01:10:44.38,22.45,-58.44,-991.86,122.50,-813.75,-131.25,1,94.216,
01/01/2000,01:10:44.39,22.08,-58.56,-992.10,52.50,-787.50,-87.50,1,94.220,
01/01/2000,01:10:44.40,21.23,-58.07,-992.59,210.0,-691.25,70.0,1,94.223,
01/01/2000,01:10:44.41,20.98,-57.83,-992.84,201.25,-612.50,280.0,1,94.226,
01/01/2000,01:10:44.42,20.86,-57.58,-992.84,43.75,-682.50,288.75,1,94.230,
01/01/2000,01:10:44.43,20.86,-57.34,-992.71,183.75,-656.25,-148.75,1,94.233,
01/01/2000,01:10:44.44,21.35,-57.58,-991.98,288.75,-612.50,323.75,1,94.236,
01/01/2000,01:10:44.45,22.20,-58.19,-991.74,227.50,-656.25,822.50,1,94.240,
01/01/2000,01:10:44.47,22.57,-58.68,-991.37,35.0,-717.50,586.25,1,94.189,
01/01/2000,01:10:44.48,22.08,-58.68,-991.49,236.25,-568.75,787.50,1,94.192,
01/01/2000,01:10:44.49,20.86,-58.32,-991.98,96.25,-787.50,166.25,1,94.195,
01/01/2000,01:10:44.50,19.64,-58.19,-993.93,175.0,-577.50,-297.50,1,94.199,
01/01/2000,01:10:44.51,18.79,-57.83,-995.03,218.75,-665.0,-708.75,1,94.202,
01/01/2000,01:10:44.52,18.79,-57.46,-995.03,201.25,-638.75,-682.50,1,94.205,
01/01/2000,01:10:44.53,19.40,-57.71,-994.06,236.25,-665.0,-708.75,1,94.209,
01/01/2000,01:10:44.54,20.98,-58.19,-991.98,218.75,-691.25,-463.75,1,94.212,
01/01/2000,01:10:44.55,21.72,-58.56,-991.13,78.75,-857.50,-358.75,1,94.215,
01/01/2000,01:10:44.56,22.33,-59.05,-991.13,201.25,-761.25,-577.50,1,94.219,
01/01/2000,01:10:44.57,22.45,-59.17,-991.62,105.0,-673.75,-481.25,1,94.222,
01/01/2000,01:10:44.58,22.20,-58.19,-992.84,35.0,-787.50,-490.0,1,94.225,
01/01/2000,01:10:44.59,21.35,-57.83,-993.32,297.50,-621.25,-472.50,1,94.229,
01/01/2000,01:10:44.60,20.86,-57.34,-993.20,148.75,-621.25,-253.75,1,94.178,
01/01/2000,01:10:44.61,20.62,-57.34,-992.84,61.25,-656.25,-280.0,1,94.181,
01/01/2000,01:10:44.62,20.98,-58.19,-991.98,175.0,-656.25,-463.75,1,94.185,
01/01/2000,01:10:44.63,21.72,-58.80,-991.74,87.50,-638.75,-787.50,1,94.188,
01/01/2000,01:10:44.64,22.57,-58.93,-991.62,122.50,-770.0,-910.0,1,94.191,
01/01/2000,01:10:44.65,23.06,-58.80,-991.86,253.75,-717.50,-516.25,1,94.195,
01/01/2000,01:10:44.66,22.57,-58.19,-991.86,148.75,-708.75,-385.0,1,94.198,
01/01/2000,01:10:44.68,20.62,-57.83,-992.23,131.25,-743.75,-297.50,1,94.201,
01/01/2000,01:10:44.69,19.52,-57.95,-992.47,148.75,-708.75,-297.50,1,94.205,
01/01/2000,01:10:44.70,18.67,-57.95,-992.84,253.75,-813.75,-455.0,1,94.208,
01/01/2000,01:10:44.71,18.54,-58.07,-992.84,166.25,-586.25,-875.0,1,94.211,
01/01/2000,01:10:44.72,18.79,-58.19,-992.71,262.50,-673.75,-988.75,1,94.214,
01/01/2000,01:10:44.73,20.37,-58.07,-992.47,105.0,-708.75,-507.50,1,94.218,
01/01/2000,01:10:44.74,22.33,-58.32,-992.23,43.75,-717.50,-490.0,1,94.221,
01/01/2000,01:10:44.75,23.06,-58.44,-992.10,210.0,-778.75,-568.75,1,94.224,
01/01/2000,01:10:44.76,23.42,-58.19,-992.10,78.75,-682.50,-455.0,1,94.228,
01/01/2000,01:10:44.77,23.18,-58.32,-991.98,96.25,-682.50,-341.25,1,94.231,
01/01/2000,01:10:44.78,22.08,-58.32,-992.47,148.75,-691.25,-455.0,1,94.234,
01/01/2000,01:10:44.79,21.35,-58.07,-992.96,157.50,-708.75,-315.0,1,94.237,
01/01/2000,01:10:44.80,20.62,-58.19,-993.08,306.25,-708.75,-621.25,1,94.241,
01/01/2000,01:10:44.81,20.25,-57.83,-992.84,52.50,-717.50,-463.75,1,94.191,
01/01/2000,01:10:44.82,20.74,-57.95,-992.59,122.50,-717.50,-586.25,1,94.194,
01/01/2000,01:10:44.83,21.47,-58.19,-992.35,140.0,-726.25,-603.75,1,94.197,
01/01/2000,01:10:44.84,22.57,-58.44,-991.86,148.75,-761.25,-428.75,1,94.200,
01/01/2000,01:10:44.85,22.57,-58.56,-991.62,70.0,-717.50,-192.50,1,94.204,
01/01/2000,01:10:44.86,21.72,-58.80,-991.62,157.50,-743.75,-131.25,1,94.207,
01/01/2000,01:10:44.87,20.25,-58.68,-992.10,288.75,-726.25,-533.75,1,94.210,
01/01/2000,01:10:44.89,18.79,-58.07,-993.08,323.75,-700.0,-498.75,1,94.213,
01/01/2000,01:10:44.90,18.79,-57.34,-993.57,201.25,-568.75,-428.75,1,94.217,
01/01/2000,01:10:44.91,19.64,-57.34,-993.69,175.0,-630.0,-411.25,1,94.220,
01/01/2000,01:10:44.92,20.74,-57.34,-993.32,52.50,-577.50,-358.75,1,94.223,
01/01/2000,01:10:44.93,21.96,-58.07,-992.71,70.0,-700.0,-306.25,1,94.226,
01/01/2000,01:10:44.94,23.06,-58.32,-992.23,61.25,-647.50,-551.25,1,94.230,
01/01/2000,01:10:44.95,23.67,-58.93,-991.74,201.25,-735.0,-332.50,1,94.180,
01/01/2000,01:10:44.96,22.45,-58.56,-991.86,113.75,-700.0,-323.75,1,94.183,
01/01/2000,01:10:44.98,20.62,-57.95,-992.84,201.25,-752.50,-323.75,1,94.187,
01/01/2000,01:10:44.99,19.52,-57.58,-993.45,122.50,-647.50,-306.25,1,94.190,
01/01/2000,01:10:45.00,19.03,-57.34,-993.81,35.0,-647.50,-315.0,1,94.193,
01/01/2000,01:10:45.01,19.52,-57.71,-993.69,262.50,-665.0,-376.25,1,94.196,
01/01/2000,01:10:45.02,20.86,-57.71,-993.57,192.50,-621.25,-516.25,1,94.200,
01/01/2000,01:10:45.03,22.08,-58.07,-993.08,262.50,-735.0,-140.0,1,94.203,
01/01/2000,01:10:45.04,22.81,-58.44,-991.98,35.0,-708.75,-70.0,1,94.206,
01/01/2000,01:10:45.05,22.33,-58.56,-991.49,262.50,-866.25,122.50,1,94.209,
01/01/2000,01:10:45.06,21.35,-58.44,-991.62,166.25,-770.0,-393.75,1,94.213,
01/01/2000,01:10:45.07,20.13,-58.44,-992.47,113.75,-630.0,-411.25,1,94.216,
01/01/2000,01:10:45.08,18.79,-57.83,-993.20,87.50,-673.75,-437.50,1,94.219,
01/01/2000,01:10:45.09,18.67,-57.22,-994.30,157.50,-638.75,-411.25,1,94.222,
01/01/2000,01:10:45.10,19.64,-57.46,-994.30,192.50,-586.25,-577.50,1,94.225,
01/01/2000,01:10:45.11,20.62,-57.46,-993.81,78.75,-735.0,-341.25,1,94.229,
01/01/2000,01:10:45.12,22.08,-58.32,-992.35,166.25,-761.25,-218.75,1,94.232,
01/01/2000,01:10:45.13,22.94,-58.93,-991.49,236.25,-708.75,-446.25,1,94.235,
01/01/2000,01:10:45.14,23.30,-58.80,-991.13,8.75,-665.0,-437.50,1,94.238,
01/01/2000,01:10:45.15,23.06,-58.68,-991.49,113.75,-717.50,-385.0,1,94.241,
01/01/2000,01:10:45.17,22.08,-58.07,-992.59,262.50,-822.50,-393.75,1,94.192,
01/01/2000,01:10:45.17,20.74,-57.71,-993.08,183.75,-682.50,-323.75,1,94.196,
01/01/2000,01:10:45.19,19.76,-57.34,-993.57,78.75,-673.75,-472.50,1,94.199,
01/01/2000,01:10:45.20,19.76,-57.34,-993.57,122.50,-682.50,-253.75,1,94.202,
01/01/2000,01:10:45.21,20.74,-57.83,-993.45,131.25,-700.0,-358.75,1,94.205,
01/01/2000,01:10:45.22,21.47,-58.19,-992.96,131.25,-726.25,-428.75,1,94.208,
01/01/2000,01:10:45.23,22.08,-58.80,-991.86,245.0,-735.0,-271.25,1,94.212,
01/01/2000,01:10:45.24,21.72,-58.56,-991.25,218.75,-805.0,-385.0,1,94.215,
01/01/2000,01:10:45.25,20.25,-58.44,-991.74,175.0,-743.75,-148.75,1,94.218,
01/01/2000,01:10:45.26,19.52,-57.95,-992.59,131.25,-673.75,-498.75,1,94.221,
01/01/2000,01:10:45.27,19.28,-57.46,-993.32,262.50,-682.50,-323.75,1,94.224,
01/01/2000,01:10:45.28,19.28,-57.34,-993.69,245.0,-638.75,-166.25,1,94.228,
01/01/2000,01:10:45.29,19.76,-57.34,-993.45,210.0,-665.0,-227.50,1,94.231,
01/01/2000,01:10:45.30,21.23,-58.44,-992.23,306.25,-630.0,-341.25,1,94.182,
01/01/2000,01:10:45.31,21.84,-58.44,-991.62,87.50,-796.25,-323.75,1,94.185,
01/01/2000,01:10:45.32,22.20,-58.80,-991.62,140.0,-805.0,-183.75,1,94.189,
01/01/2000,01:10:45.33,22.57,-58.68,-991.62,218.75,-700.0,-402.50,1,94.192,
01/01/2000,01:10:45.34,22.33,-58.19,-992.59,96.25,-726.25,-280.0,1,94.195,
01/01/2000,01:10:45.35,21.47,-57.58,-993.08,166.25,-857.50,-245.0,1,94.198,
01/01/2000,01:10:45.36,20.74,-57.83,-993.20,210.0,-656.25,-148.75,1,94.201,
01/01/2000,01:10:45.38,20.37,-57.71,-993.08,78.75,-656.25,-358.75,1,94.204,
01/01/2000,01:10:45.39,20.50,-58.32,-992.84,192.50,-647.50,-350.0,1,94.208,
01/01/2000,01:10:45.40,21.23,-58.19,-992.84,17.50,-752.50,-656.25,1,94.211,
01/01/2000,01:10:45.41,22.08,-58.19,-992.35,306.25,-761.25,-262.50,1,94.214,
01/01/2000,01:10:45.42,22.08,-58.07,-992.10,183.75,-700.0,-175.0,1,94.217,
01/01/2000,01:10:45.43,21.47,-58.07,-992.10,122.50,-796.25,-245.0,1,94.220,
01/01/2000,01:10:45.44,20.50,-58.19,-992.23,78.75,-726.25,-122.50,1,94.223,
01/01/2000,01:10:45.45,18.79,-58.07,-992.84,201.25,-770.0,-402.50,1,94.227,
01/01/2000,01:10:45.46,18.30,-57.83,-993.57,227.50,-612.50,-262.50,1,94.230,
01/01/2000,01:10:45.47,18.54,-57.83,-993.93,157.50,-638.75,-350.0,1,94.233,
01/01/2000,01:10:45.49,19.64,-57.83,-993.57,96.25,-770.0,-420.0,1,94.185,
01/01/2000,01:10:45.50,21.35,-58.32,-992.84,210.0,-761.25,-297.50,1,94.188,
01/01/2000,01:10:45.51,22.08,-58.44,-992.23,218.75,-665.0,-411.25,1,94.191,
01/01/2000,01:10:45.52,22.69,-58.56,-991.74,201.25,-883.75,-315.0,1,94.194,
01/01/2000,01:10:45.53,22.33,-58.56,-991.74,113.75,-682.50,-236.25,1,94.197,
01/01/2000,01:10:45.54,21.47,-58.44,-992.10,166.25,-805.0,-218.75,1,94.201,
01/01/2000,01:10:45.55,20.62,-58.07,-992.59,87.50,-778.75,-271.25,1,94.204,
01/01/2000,01:10:45.56,19.89,-57.83,-993.08,148.75,-700.0,-166.25,1,94.207,
01/01/2000,01:10:45.57,19.52,-57.10,-993.57,-17.50,-700.0,-253.75,1,94.210,
01/01/2000,01:10:45.58,20.01,-57.22,-993.57,323.75,-647.50,-271.25,1,94.213,
01/01/2000,01:10:45.59,20.74,-57.58,-993.32,175.0,-700.0,-262.50,1,94.216,
01/01/2000,01:10:45.60,21.47,-58.07,-992.47,87.50,-770.0,-183.75,1,94.219,
01/01/2000,01:10:45.61,21.23,-58.56,-991.62,201.25,-691.25,-122.50,1,94.222,
01/01/2000,01:10:45.62,20.74,-58.68,-991.49,122.50,-708.75,-420.0,1,94.226,
01/01/2000,01:10:45.63,20.25,-58.44,-991.86,96.25,-831.25,-358.75,1,94.178,
01/01/2000,01:10:45.64,20.13,-58.07,-993.20,297.50,-682.50,-306.25,1,94.181,
01/01/2000,01:10:45.65,20.25,-57.34,-993.69,201.25,-752.50,-183.75,1,94.184,
01/01/2000,01:10:45.67,20.86,-57.46,-993.69,218.75,-796.25,-210.0,1,94.187,
01/01/2000,01:10:45.68,21.47,-57.46,-993.20,148.75,-516.25,-332.50,1,94.190,
01/01/2000,01:10:45.69,21.96,-58.07,-992.59,148.75,-717.50,-192.50,1,94.194,
01/01/2000,01:10:45.70,22.57,-58.44,-992.35,78.75,-805.0,-262.50,1,94.197,
01/01/2000,01:10:45.71,22.69,-58.68,-992.10,78.75,-796.25,-323.75,1,94.200,
01/01/2000,01:10:45.72,22.33,-58.32,-992.10,26.25,-673.75,-236.25,1,94.203,
01/01/2000,01:10:45.73,20.74,-57.95,-992.59,332.50,-700.0,-148.75,1,94.206,
01/01/2000,01:10:45.74,20.01,-57.58,-992.84,61.25,-717.50,-341.25,1,94.209,
01/01/2000,01:10:45.75,19.76,-57.34,-993.45,271.25,-621.25,-376.25,1,94.212,
01/01/2000,01:10:45.76,19.76,-57.46,-993.69,227.50,-630.0,-463.75,1,94.215,
01/01/2000,01:10:45.77,20.62,-57.83,-993.45,157.50,-735.0,-428.75,1,94.218,
01/01/2000,01:10:45.78,21.23,-58.07,-992.59,105.0,-560.0,-367.50,1,94.222,
01/01/2000,01:10:45.79,21.59,-58.44,-991.86,87.50,-778.75,-262.50,1,94.225,
01/01/2000,01:10:45.80,21.23,-58.44,-991.37,157.50,-743.75,-402.50,1,94.177,
01/01/2000,01:10:45.81,20.50,-58.56,-991.74,253.75,-691.25,-350.0,1,94.180,
01/01/2000,01:10:45.82,19.76,-57.83,-992.84,87.50,-796.25,-551.25,1,94.184,
01/01/2000,01:10:45.83,19.28,-57.58,-993.57,166.25,-630.0,-306.25,1,94.187,
01/01/2000,01:10:45.84,19.76,-57.10,-993.81,70.0,-665.0,-288.75,1,94.190,
01/01/2000,01:10:45.85,20.13,-57.34,-993.32,323.75,-743.75,-262.50,1,94.193,
01/01/2000,01:10:45.86,20.86,-57.58,-992.47,210.0,-743.75,-402.50,1,94.196,
01/01/2000,01:10:45.88,22.08,-58.32,-991.37,157.50,-831.25,-472.50,1,94.199,
01/01/2000,01:10:45.89,22.69,-58.56,-990.64,192.50,-770.0,-437.50,1,94.202,
01/01/2000,01:10:45.90,22.45,-58.44,-990.76,201.25,-857.50,-323.75,1,94.205,
01/01/2000,01:10:45.91,21.59,-58.32,-991.13,96.25,-735.0,-306.25,1,94.208,
01/01/2000,01:10:45.92,20.74,-58.07,-992.10,183.75,-682.50,-437.50,1,94.211,
01/01/2000,01:10:45.93,20.01,-57.58,-993.57,297.50,-656.25,-490.0,1,94.214,
01/01/2000,01:10:45.94,20.01,-57.46,-994.06,78.75,-638.75,-472.50,1,94.218,
01/01/2000,01:10:45.95,21.23,-57.71,-993.45,210.0,-638.75,-411.25,1,94.221,
01/01/2000,01:10:45.96,21.96,-57.83,-992.59,105.0,-708.75,-402.50,1,94.224,
01/01/2000,01:10:45.97,22.33,-58.32,-991.74,148.75,-621.25,-183.75,1,94.227,
01/01/2000,01:10:45.98,22.20,-58.44,-991.01,122.50,-805.0,-463.75,1,94.230,
01/01/2000,01:10:46.00,20.86,-58.80,-991.13,271.25,-831.25,-315.0,1,94.183,
01/01/2000,01:10:46.01,19.52,-57.95,-992.35,70.0,-778.75,-568.75,1,94.186,
01/01/2000,01:10:46.02,19.40,-57.71,-993.57,140.0,-595.0,-385.0,1,94.189,
01/01/2000,01:10:46.03,19.52,-57.10,-994.54,210.0,-595.0,-271.25,1,94.192,
01/01/2000,01:10:46.04,20.13,-56.97,-994.06,105.0,-621.25,-253.75,1,94.195,
01/01/2000,01:10:46.05,20.98,-57.58,-993.08,262.50,-577.50,-367.50,1,94.198,
01/01/2000,01:10:46.06,21.72,-57.71,-992.10,227.50,-866.25,-428.75,1,94.201,
01/01/2000,01:10:46.07,22.20,-58.44,-990.76,210.0,-743.75,-385.0,1,94.204,
01/01/2000,01:10:46.08,22.20,-58.80,-990.40,201.25,-743.75,-507.50,1,94.207,
01/01/2000,01:10:46.09,21.47,-58.32,-990.88,140.0,-682.50,-437.50,1,94.211,
01/01/2000,01:10:46.10,20.98,-57.95,-991.86,253.75,-717.50,-332.50,1,94.214,
01/01/2000,01:10:46.11,20.01,-57.58,-993.20,148.75,-708.75,-323.75,1,94.217,
01/01/2000,01:10:46.12,19.64,-57.34,-993.81,157.50,-673.75,-245.0,1,94.220,
01/01/2000,01:10:46.13,19.89,-57.34,-993.81,236.25,-621.25,-437.50,1,94.223,
01/01/2000,01:10:46.14,20.74,-57.46,-993.69,175.0,-621.25,-463.75,1,94.226,
01/01/2000,01:10:46.15,21.96,-57.95,-992.35,253.75,-682.50,-306.25,1,94.179,
01/01/2000,01:10:46.16,22.33,-58.44,-991.01,96.25,-805.0,-183.75,1,94.182,
01/01/2000,01:10:46.17,21.23,-58.44,-990.64,192.50,-761.25,-280.0,1,94.185,
01/01/2000,01:10:46.18,20.37,-58.32,-991.13,96.25,-682.50,-420.0,1,94.188,
01/01/2000,01:10:46.19,19.40,-58.07,-992.10,262.50,-700.0,-385.0,1,94.192,
01/01/2000,01:10:46.20,19.03,-57.22,-993.32,17.50,-700.0,-385.0,1,94.195,
01/01/2000,01:10:46.21,19.40,-57.10,-994.30,236.25,-638.75,-455.0,1,94.198,
01/01/2000,01:10:46.23,20.37,-57.34,-993.81,245.0,-621.25,-262.50,1,94.201,
01/01/2000,01:10:46.24,21.11,-57.71,-992.71,105.0,-752.50,-236.25,1,94.204,
01/01/2000,01:10:46.25,21.96,-58.07,-991.74,43.75,-682.50,-350.0,1,94.207,
01/01/2000,01:10:46.26,22.33,-58.44,-990.88,8.75,-717.50,-551.25,1,94.210,
01/01/2000,01:10:46.27,22.57,-58.32,-990.76,183.75,-612.50,-358.75,1,94.213,
01/01/2000,01:10:46.28,22.08,-58.07,-991.13,315.0,-708.75,-323.75,1,94.216,
01/01/2000,01:10:46.29,21.35,-57.71,-992.35,122.50,-761.25,-227.50,1,94.219,
01/01/2000,01:10:46.30,20.74,-57.22,-993.08,210.0,-717.50,-341.25,1,94.222,
01/01/2000,01:10:46.31,20.50,-57.34,-993.57,140.0,-533.75,-218.75,1,94.225,
01/01/2000,01:10:46.32,20.50,-57.58,-993.45,70.0,-708.75,-227.50,1,94.179,
01/01/2000,01:10:46.33,20.74,-57.95,-992.96,210.0,-735.0,-323.75,1,94.231,
01/01/2000,01:10:46.34,20.98,-57.83,-992.35,122.50,-735.0,-323.75,1,94.185,
01/01/2000,01:10:46.35,20.62,-58.32,-991.86,-26.25,-743.75,61.25,1,94.188,
01/01/2000,01:10:46.37,20.01,-58.32,-991.62,43.75,-796.25,-376.25,1,94.191,
01/01/2000,01:10:46.38,19.76,-58.44,-992.10,376.25,-735.0,-586.25,1,94.194,
01/01/2000,01:10:46.39,20.01,-57.58,-992.96,87.50,-586.25,-577.50,1,94.197,
01/01/2000,01:10:46.40,20.50,-57.58,-993.57,323.75,-682.50,-341.25,1,94.200,
01/01/2000,01:10:46.41,21.11,-57.10,-993.32,-8.75,-708.75,-332.50,1,94.203,
01/01/2000,01:10:46.42,21.11,-57.46,-992.59,113.75,-840.0,-61.25,1,94.206,
01/01/2000,01:10:46.43,21.23,-57.83,-991.86,35.0,-700.0,-525.0,1,94.209,
01/01/2000,01:10:46.44,21.35,-58.32,-991.49,192.50,-717.50,-420.0,1,94.212,
01/01/2000,01:10:46.45,21.35,-58.19,-991.86,26.25,-708.75,-472.50,1,94.215,
01/01/2000,01:10:46.46,20.98,-58.19,-992.35,288.75,-743.75,-227.50,1,94.218,
01/01/2000,01:10:46.47,20.74,-57.71,-992.71,140.0,-787.50,-280.0,1,94.221,
01/01/2000,01:10:46.48,20.62,-57.58,-992.96,131.25,-726.25,-280.0,1,94.224,
01/01/2000,01:10:46.49,20.50,-57.34,-993.20,175.0,-647.50,-271.25,1,94.227,
01/01/2000,01:10:46.51,21.11,-57.71,-992.96,262.50,-726.25,-341.25,1,94.181,
01/01/2000,01:10:46.52,21.47,-58.07,-992.23,183.75,-735.0,-315.0,1,94.184,
01/01/2000,01:10:46.53,21.23,-58.32,-991.86,236.25,-778.75,-393.75,1,94.187,
01/01/2000,01:10:46.54,20.50,-58.19,-991.74,113.75,-761.25,-201.25,1,94.190,
01/01/2000,01:10:46.55,19.76,-58.44,-991.74,122.50,-752.50,-393.75,1,94.193,
01/01/2000,01:10:46.56,19.28,-57.71,-992.71,105.0,-743.75,-463.75,1,94.196,
01/01/2000,01:10:46.57,19.76,-57.34,-993.57,253.75,-665.0,-280.0,1,94.199,
01/01/2000,01:10:46.58,20.50,-57.10,-993.93,210.0,-577.50,-420.0,1,94.202,
01/01/2000,01:10:46.59,21.35,-57.34,-993.20,148.75,-673.75,-210.0,1,94.205,
01/01/2000,01:10:46.60,21.72,-57.46,-992.23,0.0,-691.25,-157.50,1,94.208,
01/01/2000,01:10:46.61,21.96,-58.07,-991.37,315.0,-735.0,-393.75,1,94.211,
01/01/2000,01:10:46.62,21.96,-58.07,-991.13,175.0,-831.25,-516.25,1,94.214,
01/01/2000,01:10:46.63,21.96,-57.95,-991.49,131.25,-778.75,-358.75,1,94.217,
01/01/2000,01:10:46.64,21.23,-57.95,-992.35,192.50,-691.25,-315.0,1,94.220,
01/01/2000,01:10:46.65,20.50,-57.46,-992.84,-17.50,-700.0,-332.50,1,94.223,
01/01/2000,01:10:46.66,20.13,-57.22,-993.08,96.25,-673.75,-288.75,1,94.178,
01/01/2000,01:10:46.67,20.25,-57.22,-993.45,236.25,-717.50,-420.0,1,94.181,
01/01/2000,01:10:46.68,20.74,-57.10,-993.32,306.25,-866.25,-280.0,1,94.184,
01/01/2000,01:10:46.69,20.98,-57.34,-992.59,96.25,-673.75,-376.25,1,94.187,
01/01/2000,01:10:46.70,21.11,-57.83,-991.62,192.50,-726.25,-367.50,1,94.190,
01/01/2000,01:10:46.72,20.37,-58.19,-991.01,96.25,-822.50,-393.75,1,94.193,
01/01/2000,01:10:46.73,19.76,-58.32,-991.62,157.50,-787.50,-463.75,1,94.196,
01/01/2000,01:10:46.74,19.28,-57.95,-992.84,131.25,-612.50,-420.0,1,94.198,
01/01/2000,01:10:46.75,19.52,-57.34,-993.93,105.0,-621.25,-411.25,1,94.201,
01/01/2000,01:10:46.76,19.89,-57.34,-994.54,96.25,-673.75,-306.25,1,94.204,
01/01/2000,01:10:46.77,20.01,-57.10,-994.18,96.25,-726.25,-218.75,1,94.207,
01/01/2000,01:10:46.78,20.74,-57.22,-992.59,218.75,-770.0,-280.0,1,94.210,
01/01/2000,01:10:46.79,21.23,-57.46,-991.13,78.75,-717.50,-297.50,1,94.213,
01/01/2000,01:10:46.80,21.35,-57.95,-990.64,183.75,-691.25,-262.50,1,94.216,
01/01/2000,01:10:46.81,21.47,-58.07,-990.64,78.75,-708.75,-472.50,1,94.219,
01/01/2000,01:10:46.82,21.23,-58.07,-991.01,245.0,-717.50,-306.25,1,94.222,
01/01/2000,01:10:46.83,20.74,-57.71,-991.37,96.25,-805.0,-446.25,1,94.225,
01/01/2000,01:10:46.84,19.52,-57.46,-992.10,253.75,-770.0,-105.0,1,94.228,
01/01/2000,01:10:46.85,18.79,-57.10,-992.35,35.0,-700.0,-376.25,1,94.231,
01/01/2000,01:10:46.86,17.08,-56.97,-992.10,175.0,-595.0,-367.50,1,94.186,
01/01/2000,01:10:46.87,15.86,-57.10,-991.98,122.50,-787.50,-61.25,1,94.189,
01/01/2000,01:10:46.88,14.40,-57.58,-991.62,166.25,-647.50,52.50,1,94.192,
01/01/2000,01:10:46.89,12.93,-57.83,-991.62,122.50,-796.25,-122.50,1,94.195,
01/01/2000,01:10:46.90,11.35,-58.19,-992.23,166.25,-638.75,-533.75,1,94.198,
01/01/2000,01:10:46.91,11.22,-58.19,-993.08,166.25,-630.0,-551.25,1,94.201,
01/01/2000,01:10:46.93,12.57,-57.46,-994.30,148.75,-621.25,-472.50,1,94.204,
01/01/2000,01:10:46.94,13.79,-57.10,-994.18,262.50,-621.25,-463.75,1,94.207,
01/01/2000,01:10:46.95,14.40,-56.85,-993.08,-8.75,-673.75,-218.75,1,94.209,
01/01/2000,01:10:46.96,14.03,-57.34,-990.40,35.0,-813.75,-87.50,1,94.212,
01/01/2000,01:10:46.97,12.93,-57.95,-989.05,140.0,-787.50,-78.75,1,94.215,
01/01/2000,01:10:46.98,11.22,-58.19,-988.69,-8.75,-787.50,-183.75,1,94.218,
01/01/2000,01:10:46.99,9.76,-58.80,-989.42,297.50,-875.0,-446.25,1,94.221,
01/01/2000,01:10:47.00,7.81,-58.32,-991.98,218.75,-717.50,-516.25,1,94.224,
01/01/2000,01:10:47.02,7.08,-57.34,-994.54,122.50,-560.0,-402.50,1,94.180,
01/01/2000,01:10:47.03,8.17,-56.36,-995.28,0.0,-726.25,-227.50,1,94.183,
01/01/2000,01:10:47.04,9.39,-56.24,-994.67,166.25,-603.75,-315.0,1,94.185,
01/01/2000,01:10:47.05,11.22,-56.97,-993.57,183.75,-638.75,-367.50,1,94.188,
01/01/2000,01:10:47.06,12.81,-57.46,-991.37,61.25,-752.50,-288.75,1,94.191,
01/01/2000,01:10:47.07,14.40,-58.80,-989.30,192.50,-743.75,-420.0,1,94.194,
01/01/2000,01:10:47.08,15.25,-59.05,-989.66,201.25,-840.0,-472.50,1,94.197,
01/01/2000,01:10:47.09,15.37,-58.93,-991.01,157.50,-813.75,-192.50,1,94.200,
01/01/2000,01:10:47.10,13.79,-58.07,-993.08,166.25,-752.50,-70.0,1,94.203,
01/01/2000,01:10:47.11,13.42,-57.22,-994.30,140.0,-691.25,-262.50,1,94.206,
01/01/2000,01:10:47.12,13.42,-56.49,-994.91,218.75,-507.50,-271.25,1,94.209,
01/01/2000,01:10:47.13,14.52,-55.88,-994.79,26.25,-691.25,-218.75,1,94.212,
01/01/2000,01:10:47.14,16.84,-56.85,-993.20,201.25,-682.50,-140.0,1,94.214,
01/01/2000,01:10:47.15,17.93,-57.58,-991.86,-8.75,-682.50,-166.25,1,94.217,
01/01/2000,01:10:47.16,18.30,-58.93,-990.64,210.0,-761.25,-122.50,1,94.220,
01/01/2000,01:10:47.17,19.03,-59.41,-990.40,131.25,-822.50,-673.75,1,94.223,
01/01/2000,01:10:47.18,19.15,-59.05,-991.62,210.0,-717.50,-621.25,1,94.226,
01/01/2000,01:10:47.19,18.91,-58.07,-992.59,-35.0,-700.0,-455.0,1,94.229,
01/01/2000,01:10:47.20,18.79,-56.97,-993.08,157.50,-595.0,-113.75,1,94.232,
01/01/2000,01:10:47.21,18.54,-56.24,-992.96,35.0,-691.25,-61.25,1,94.235,
01/01/2000,01:10:47.22,19.03,-56.36,-992.84,166.25,-700.0,-131.25,1,94.237,
01/01/2000,01:10:47.23,19.76,-57.22,-992.71,420.0,-647.50,-113.75,1,94.240,
01/01/2000,01:10:47.24,20.25,-58.07,-992.47,43.75,-630.0,-271.25,1,94.243,
01/01/2000,01:10:47.25,20.50,-58.80,-991.86,262.50,-656.25,-490.0,1,94.246,
01/01/2000,01:10:47.26,20.25,-59.05,-991.49,148.75,-673.75,-577.50,1,94.202,
01/01/2000,01:10:47.27,20.37,-58.56,-991.86,61.25,-726.25,-472.50,1,94.252,
01/01/2000,01:10:47.29,20.37,-57.34,-992.84,306.25,-638.75,-341.25,1,94.208,
01/01/2000,01:10:47.30,20.25,-56.85,-993.08,157.50,-595.0,-271.25,1,94.211,
01/01/2000,01:10:47.31,20.01,-56.85,-992.96,52.50,-770.0,-87.50,1,94.214,
01/01/2000,01:10:47.32,20.25,-57.10,-992.71,-52.50,-787.50,-175.0,1,94.217,
01/01/2000,01:10:47.33,20.50,-58.07,-992.59,236.25,-665.0,-393.75,1,94.219,
01/01/2000,01:10:47.34,20.74,-58.56,-992.35,105.0,-603.75,-323.75,1,94.222,
01/01/2000,01:10:47.35,20.74,-58.56,-991.98,131.25,-735.0,-463.75,1,94.225,
01/01/2000,01:10:47.36,20.74,-58.32,-991.86,148.75,-700.0,-376.25,1,94.228,
01/01/2000,01:10:47.37,20.62,-57.71,-992.35,26.25,-787.50,-446.25,1,94.231,
01/01/2000,01:10:47.38,20.62,-56.97,-992.96,192.50,-665.0,-157.50,1,94.234,
01/01/2000,01:10:47.39,20.50,-56.97,-993.08,105.0,-665.0,-183.75,1,94.236,
01/01/2000,01:10:47.40,20.50,-57.10,-992.96,210.0,-726.25,-192.50,1,94.239,
01/01/2000,01:10:47.41,20.50,-57.58,-992.59,227.50,-577.50,-271.25,1,94.242,
01/01/2000,01:10:47.42,20.86,-58.19,-992.10,218.75,-665.0,-358.75,1,94.199,
01/01/2000,01:10:47.43,20.74,-58.32,-991.13,96.25,-612.50,-393.75,1,94.201,
01/01/2000,01:10:47.44,20.50,-57.95,-988.93,245.0,-813.75,-271.25,1,94.204,
01/01/2000,01:10:47.45,20.50,-57.46,-987.59,245.0,-831.25,-271.25,1,94.207,
01/01/2000,01:10:47.46,20.37,-57.10,-986.61,113.75,-752.50,-437.50,1,94.210,
01/01/2000,01:10:47.47,20.62,-56.85,-985.76,61.25,-595.0,-210.0,1,94.213,
01/01/2000,01:10:47.48,20.37,-57.10,-984.66,87.50,-665.0,-35.0,1,94.216,
01/01/2000,01:10:47.50,20.50,-57.34,-983.81,192.50,-682.50,-367.50,1,94.219,
01/01/2000,01:10:47.51,20.86,-57.95,-984.05,227.50,-612.50,-236.25,1,94.221,
01/01/2000,01:10:47.52,21.23,-57.95,-985.39,113.75,-708.75,-306.25,1,94.224,
01/01/2000,01:10:47.53,20.74,-57.83,-985.64,297.50,-630.0,-271.25,1,94.181,
01/01/2000,01:10:47.54,20.37,-56.97,-984.78,210.0,-568.75,-236.25,1,94.184,
01/01/2000,01:10:47.55,19.76,-56.61,-983.20,157.50,-603.75,-262.50,1,94.187,
01/01/2000,01:10:47.56,19.64,-56.49,-981.12,157.50,-595.0,-131.25,1,94.189,
01/01/2000,01:10:47.57,20.01,-56.73,-978.32,157.50,-665.0,-350.0,1,94.192,
01/01/2000,01:10:47.58,20.62,-57.34,-976.85,78.75,-752.50,-210.0,1,94.195,
01/01/2000,01:10:47.59,21.11,-57.58,-976.73,131.25,-787.50,-236.25,1,94.198,
01/01/2000,01:10:47.60,21.72,-57.95,-978.07,87.50,-726.25,-385.0,1,94.201,
01/01/2000,01:10:47.61,21.96,-58.32,-980.39,157.50,-735.0,-280.0,1,94.204,
01/01/2000,01:10:47.62,21.23,-57.58,-984.42,192.50,-752.50,-26.25,1,94.206,
01/01/2000,01:10:47.64,20.25,-57.34,-986.49,192.50,-656.25,-122.50,1,94.209,
01/01/2000,01:10:47.65,19.28,-56.85,-987.47,236.25,-507.50,-157.50,1,94.212,
01/01/2000,01:10:47.66,18.54,-56.49,-987.22,96.25,-612.50,-201.25,1,94.215,
01/01/2000,01:10:47.67,18.54,-56.61,-986.37,96.25,-691.25,-288.75,1,94.218,
01/01/2000,01:10:47.68,19.64,-57.22,-985.64,148.75,-621.25,-367.50,1,94.220,
01/01/2000,01:10:47.69,21.11,-57.58,-985.39,131.25,-568.75,-516.25,1,94.223,
01/01/2000,01:10:47.70,21.96,-58.07,-985.15,0.0,-743.75,-280.0,1,94.226,
01/01/2000,01:10:47.71,21.23,-58.56,-985.27,253.75,-717.50,8.75,1,94.229,
01/01/2000,01:10:47.72,20.01,-57.95,-986.98,87.50,-638.75,-350.0,1,94.232,
01/01/2000,01:10:47.73,19.15,-57.46,-988.81,315.0,-691.25,-455.0,1,94.234,
01/01/2000,01:10:47.74,19.40,-56.61,-990.88,175.0,-542.50,-533.75,1,94.237,
01/01/2000,01:10:47.75,20.25,-56.24,-992.23,122.50,-656.25,-218.75,1,94.240,
01/01/2000,01:10:47.76,20.98,-56.36,-992.71,131.25,-735.0,17.50,1,94.243,
01/01/2000,01:10:47.77,20.86,-57.10,-991.49,131.25,-656.25,-26.25,1,94.200,
01/01/2000,01:10:47.78,20.25,-58.44,-989.54,148.75,-568.75,-192.50,1,94.203,
01/01/2000,01:10:47.79,20.50,-58.44,-989.30,113.75,-770.0,-612.50,1,94.206,
01/01/2000,01:10:47.80,20.86,-58.44,-989.79,201.25,-612.50,-700.0,1,94.208,
01/01/2000,01:10:47.81,20.98,-57.83,-990.40,201.25,-682.50,-157.50,1,94.211,
01/01/2000,01:10:47.82,20.74,-57.10,-990.64,35.0,-612.50,-131.25,1,94.214,
01/01/2000,01:10:47.83,20.50,-56.85,-991.13,-61.25,-647.50,-201.25,1,94.217,
01/01/2000,01:10:47.85,20.25,-57.10,-992.35,61.25,-647.50,-306.25,1,94.220,
01/01/2000,01:10:47.86,20.74,-57.46,-992.84,-52.50,-542.50,-297.50,1,94.222,
01/01/2000,01:10:47.87,20.98,-58.07,-992.84,61.25,-735.0,-385.0,1,94.225,
01/01/2000,01:10:47.88,20.74,-58.07,-992.47,157.50,-673.75,-245.0,1,94.228,
01/01/2000,01:10:47.89,20.74,-58.07,-991.49,253.75,-743.75,-358.75,1,94.231,
01/01/2000,01:10:47.90,20.74,-57.46,-991.37,131.25,-778.75,-393.75,1,94.234,
01/01/2000,01:10:47.91,20.50,-57.46,-991.49,192.50,-831.25,-332.50,1,94.236,
01/01/2000,01:10:47.92,20.74,-57.34,-993.08,227.50,-743.75,-367.50,1,94.239,
01/01/2000,01:10:47.93,21.23,-57.46,-994.67,210.0,-665.0,-350.0,1,94.242,
01/01/2000,01:10:47.94,21.11,-57.95,-996.01,157.50,-621.25,-131.25,1,94.245,
01/01/2000,01:10:47.95,20.25,-58.07,-995.40,183.75,-647.50,-227.50,1,94.247,
01/01/2000,01:10:47.96,20.01,-57.58,-994.18,157.50,-761.25,-358.75,1,94.250,
01/01/2000,01:10:47.97,19.76,-57.46,-992.47,227.50,-665.0,-402.50,1,94.253,
01/01/2000,01:10:47.99,19.89,-56.97,-990.40,0.0,-743.75,-393.75,1,94.211,
01/01/2000,01:10:48.00,20.86,-57.46,-989.79,17.50,-682.50,-411.25,1,94.213,
01/01/2000,01:10:48.01,21.59,-57.83,-990.03,131.25,-743.75,-297.50,1,94.216,
01/01/2000,01:10:48.02,21.35,-58.07,-990.40,183.75,-682.50,-350.0,1,94.219,
01/01/2000,01:10:48.03,20.98,-57.95,-991.13,262.50,-665.0,-297.50,1,94.222,
01/01/2000,01:10:48.04,20.62,-57.46,-991.86,8.75,-761.25,-516.25,1,94.224,
01/01/2000,01:10:48.05,20.25,-57.10,-992.84,87.50,-630.0,-280.0,1,94.227,
01/01/2000,01:10:48.06,20.37,-56.85,-993.45,210.0,-787.50,-183.75,1,94.230,
01/01/2000,01:10:48.07,20.74,-56.85,-994.18,157.50,-630.0,-367.50,1,94.233,
01/01/2000,01:10:48.08,20.74,-57.10,-994.42,131.25,-595.0,-420.0,1,94.235,
01/01/2000,01:10:48.09,20.98,-57.71,-994.30,227.50,-647.50,-297.50,1,94.193,
01/01/2000,01:10:48.10,21.11,-57.71,-993.69,8.75,-752.50,-341.25,1,94.241,
01/01/2000,01:10:48.11,20.86,-57.95,-992.71,78.75,-621.25,-472.50,1,94.199,
01/01/2000,01:10:48.12,20.74,-57.83,-992.10,52.50,-673.75,-586.25,1,94.202,
01/01/2000,01:10:48.13,21.35,-57.58,-992.47,175.0,-673.75,-358.75,1,94.204,
01/01/2000,01:10:48.14,21.72,-57.46,-992.84,157.50,-700.0,-236.25,1,94.207,
01/01/2000,01:10:48.15,20.98,-57.46,-993.08,131.25,-638.75,-131.25,1,94.210,
01/01/2000,01:10:48.16,20.50,-57.46,-992.10,78.75,-630.0,-192.50,1,94.213,
01/01/2000,01:10:48.17,20.01,-57.71,-991.62,218.75,-717.50,-463.75,1,94.215,
01/01/2000,01:10:48.18,20.01,-57.34,-991.62,227.50,-700.0,-463.75,1,94.218,
01/01/2000,01:10:48.20,20.50,-57.58,-991.86,210.0,-717.50,-341.25,1,94.221,
01/01/2000,01:10:48.21,21.11,-57.34,-992.23,35.0,-691.25,-271.25,1,94.223,
01/01/2000,01:10:48.22,20.98,-57.58,-992.35,210.0,-647.50,-236.25,1,94.226,
01/01/2000,01:10:48.23,20.74,-57.46,-992.10,122.50,-673.75,-227.50,1,94.229,
01/01/2000,01:10:48.24,20.74,-57.58,-992.10,227.50,-682.50,-323.75,1,94.232,
01/01/2000,01:10:48.25,20.50,-57.46,-992.35,78.75,-857.50,-481.25,1,94.234,
01/01/2000,01:10:48.26,20.62,-57.71,-992.96,175.0,-673.75,-262.50,1,94.237,
01/01/2000,01:10:48.27,20.74,-57.71,-993.45,210.0,-638.75,-376.25,1,94.240,
01/01/2000,01:10:48.28,20.74,-57.58,-993.57,218.75,-717.50,-262.50,1,94.243,
01/01/2000,01:10:48.29,20.50,-57.46,-993.20,192.50,-735.0,-393.75,1,94.245,
01/01/2000,01:10:48.30,20.62,-57.46,-992.84,192.50,-822.50,-306.25,1,94.248,
01/01/2000,01:10:48.31,20.50,-57.46,-992.59,297.50,-752.50,-385.0,1,94.251,
01/01/2000,01:10:48.32,20.62,-57.46,-992.59,113.75,-700.0,-332.50,1,94.253,
01/01/2000,01:10:48.33,20.74,-57.58,-992.59,218.75,-621.25,-402.50,1,94.256,
01/01/2000,01:10:48.35,20.98,-57.58,-992.71,78.75,-708.75,-315.0,1,94.214,
01/01/2000,01:10:48.36,20.62,-57.83,-992.71,218.75,-691.25,-192.50,1,94.217,
01/01/2000,01:10:48.37,20.50,-57.71,-992.59,280.0,-717.50,-437.50,1,94.220,
01/01/2000,01:10:48.38,20.50,-57.58,-992.71,52.50,-717.50,-323.75,1,94.223,
01/01/2000,01:10:48.39,20.62,-57.58,-992.84,148.75,-761.25,-297.50,1,94.225,
01/01/2000,01:10:48.40,20.74,-57.46,-993.08,70.0,-761.25,-306.25,1,94.228,
01/01/2000,01:10:48.41,20.62,-57.58,-992.59,175.0,-621.25,-288.75,1,94.231,
01/01/2000,01:10:48.42,20.50,-57.34,-992.35,105.0,-673.75,-455.0,1,94.233,
01/01/2000,01:10:48.43,20.50,-57.58,-992.47,96.25,-866.25,-280.0,1,94.236,
01/01/2000,01:10:48.44,20.74,-57.58,-992.84,227.50,-735.0,-367.50,1,94.239,
01/01/2000,01:10:48.45,21.11,-57.71,-993.81,96.25,-647.50,-350.0,1,94.242,
01/01/2000,01:10:48.46,20.98,-57.71,-994.18,166.25,-717.50,-288.75,1,94.244,
01/01/2000,01:10:48.47,20.37,-57.58,-993.81,70.0,-673.75,-175.0,1,94.247,
01/01/2000,01:10:48.48,20.01,-57.10,-992.84,96.25,-665.0,-463.75,1,94.206,
01/01/2000,01:10:48.49,20.01,-57.22,-992.10,131.25,-621.25,-280.0,1,94.208,
01/01/2000,01:10:48.50,20.13,-57.10,-991.62,96.25,-752.50,-402.50,1,94.211,
01/01/2000,01:10:48.51,20.74,-57.58,-992.10,148.75,-682.50,-437.50,1,94.214,
01/01/2000,01:10:48.52,21.11,-57.83,-992.84,157.50,-735.0,-393.75,1,94.216,
01/01/2000,01:10:48.53,21.11,-57.83,-993.20,87.50,-621.25,-271.25,1,94.219,
01/01/2000,01:10:48.55,20.50,-57.58,-993.08,157.50,-708.75,-428.75,1,94.222,
01/01/2000,01:10:48.56,20.13,-57.34,-992.96,236.25,-708.75,-350.0,1,94.181,
01/01/2000,01:10:48.57,20.25,-56.97,-992.35,-8.75,-735.0,-288.75,1,94.183,
01/01/2000,01:10:48.58,20.37,-56.97,-992.10,157.50,-682.50,-288.75,1,94.186,
01/01/2000,01:10:48.59,20.37,-57.10,-991.49,192.50,-752.50,-245.0,1,94.189,
01/01/2000,01:10:48.60,20.37,-57.46,-991.13,157.50,-700.0,-551.25,1,94.191,
01/01/2000,01:10:48.61,20.74,-57.58,-991.98,87.50,-700.0,-402.50,1,94.194,
01/01/2000,01:10:48.62,21.23,-57.95,-992.96,183.75,-700.0,-341.25,1,94.197,
01/01/2000,01:10:48.63,20.98,-57.83,-993.32,87.50,-735.0,-253.75,1,94.200,
01/01/2000,01:10:48.64,20.74,-57.46,-993.45,87.50,-778.75,-253.75,1,94.202,
01/01/2000,01:10:48.65,20.37,-56.85,-993.20,183.75,-656.25,-315.0,1,94.205,
01/01/2000,01:10:48.66,20.37,-56.73,-992.84,166.25,-700.0,-218.75,1,94.208,
01/01/2000,01:10:48.67,20.62,-56.61,-992.71,17.50,-551.25,-262.50,1,94.210,
01/01/2000,01:10:48.68,20.74,-57.22,-992.59,218.75,-612.50,-455.0,1,94.213,
01/01/2000,01:10:48.70,21.35,-57.83,-993.32,113.75,-717.50,-455.0,1,94.216,
01/01/2000,01:10:48.71,21.47,-58.07,-993.93,271.25,-673.75,-367.50,1,94.218,
01/01/2000,01:10:48.72,21.47,-57.95,-994.18,122.50,-743.75,-402.50,1,94.221,
01/01/2000,01:10:48.73,21.11,-57.83,-993.69,131.25,-612.50,-411.25,1,94.224,
01/01/2000,01:10:48.74,20.25,-56.85,-992.35,280.0,-735.0,-201.25,1,94.226,
01/01/2000,01:10:48.75,20.25,-56.61,-991.62,35.0,-603.75,-332.50,1,94.229,
01/01/2000,01:10:48.76,20.50,-56.73,-991.25,157.50,-673.75,-306.25,1,94.232,
01/01/2000,01:10:48.77,20.98,-57.34,-991.62,-43.75,-743.75,-367.50,1,94.234,
01/01/2000,01:10:48.78,21.11,-57.95,-992.10,-17.50,-621.25,-315.0,1,94.237,
01/01/2000,01:10:48.79,21.23,-58.44,-992.71,192.50,-665.0,-507.50,1,94.240,
01/01/2000,01:10:48.80,21.23,-58.19,-992.84,210.0,-551.25,-446.25,1,94.242,
01/01/2000,01:10:48.81,20.86,-57.83,-992.59,113.75,-665.0,-262.50,1,94.245,
01/01/2000,01:10:48.82,20.50,-57.22,-992.10,8.75,-682.50,-358.75,1,94.248,
01/01/2000,01:10:48.83,20.37,-56.85,-991.98,183.75,-726.25,-262.50,1,94.207,
01/01/2000,01:10:48.84,20.37,-56.85,-991.86,-43.75,-647.50,-315.0,1,94.210,
01/01/2000,01:10:48.85,20.98,-57.71,-992.35,297.50,-700.0,-332.50,1,94.212,
01/01/2000,01:10:48.86,21.35,-58.07,-993.20,8.75,-682.50,-490.0,1,94.215,
01/01/2000,01:10:48.87,21.59,-58.44,-993.81,192.50,-638.75,-437.50,1,94.218,
01/01/2000,01:10:48.88,21.84,-58.07,-994.06,210.0,-743.75,-341.25,1,94.220,
01/01/2000,01:10:48.89,21.47,-57.34,-993.93,148.75,-682.50,-472.50,1,94.223,
01/01/2000,01:10:48.91,21.23,-56.49,-993.57,-43.75,-630.0,-175.0,1,94.225,
01/01/2000,01:10:48.92,20.74,-56.61,-992.96,105.0,-726.25,-148.75,1,94.228,
01/01/2000,01:10:48.93,20.50,-56.73,-992.35,70.0,-805.0,-227.50,1,94.231,
01/01/2000,01:10:48.94,20.50,-57.22,-991.74,26.25,-603.75,-236.25,1,94.233,
01/01/2000,01:10:48.95,20.37,-57.83,-991.13,227.50,-568.75,-341.25,1,94.236,
01/01/2000,01:10:48.96,20.74,-57.95,-991.25,87.50,-595.0,-560.0,1,94.239,
01/01/2000,01:10:48.97,20.98,-57.71,-991.74,70.0,-665.0,-297.50,1,94.241,
01/01/2000,01:10:48.98,21.11,-57.10,-992.47,183.75,-778.75,-446.25,1,94.244,
01/01/2000,01:10:48.99,21.23,-56.85,-992.96,166.25,-647.50,-288.75,1,94.247,
01/01/2000,01:10:49.00,21.23,-56.61,-993.32,166.25,-717.50,-262.50,1,94.249,
01/01/2000,01:10:49.01,21.11,-56.85,-993.45,236.25,-848.75,-166.25,1,94.252,
01/01/2000,01:10:49.02,20.62,-57.10,-992.84,87.50,-673.75,-385.0,1,94.254,
01/01/2000,01:10:49.03,20.50,-57.22,-992.23,218.75,-717.50,-341.25,1,94.214,
01/01/2000,01:10:49.05,20.98,-57.46,-991.74,131.25,-638.75,-393.75,1,94.217,
01/01/2000,01:10:49.06,21.23,-57.46,-992.10,253.75,-682.50,-367.50,1,94.219,
01/01/2000,01:10:49.07,21.47,-56.97,-992.84,26.25,-743.75,-297.50,1,94.222,
01/01/2000,01:10:49.08,21.23,-57.10,-993.57,183.75,-708.75,-358.75,1,94.225,
01/01/2000,01:10:49.09,21.23,-56.85,-994.06,70.0,-752.50,-376.25,1,94.227,
01/01/2000,01:10:49.10,20.74,-56.97,-994.18,210.0,-595.0,-280.0,1,94.230,
01/01/2000,01:10:49.11,20.50,-57.10,-993.69,140.0,-735.0,-341.25,1,94.233,
01/01/2000,01:10:49.12,20.13,-57.10,-992.10,148.75,-682.50,-437.50,1,94.192,
01/01/2000,01:10:49.13,20.25,-57.10,-991.37,183.75,-717.50,-315.0,1,94.195,
01/01/2000,01:10:49.14,20.62,-57.10,-991.01,166.25,-708.75,-332.50,1,94.198,
01/01/2000,01:10:49.15,21.23,-57.34,-991.13,61.25,-708.75,-455.0,1,94.200,
01/01/2000,01:10:49.16,21.35,-57.10,-991.37,218.75,-735.0,-367.50,1,94.203,
01/01/2000,01:10:49.17,21.35,-57.22,-991.86,52.50,-752.50,-323.75,1,94.206,
01/01/2000,01:10:49.18,21.23,-57.34,-992.59,183.75,-638.75,-393.75,1,94.208,
01/01/2000,01:10:49.19,20.74,-57.10,-992.71,210.0,-665.0,-253.75,1,94.211,
01/01/2000,01:10:49.20,20.50,-56.97,-992.71,131.25,-708.75,-280.0,1,94.213,
01/01/2000,01:10:49.21,20.74,-56.85,-992.71,78.75,-682.50,-271.25,1,94.216,
01/01/2000,01:10:49.22,20.86,-57.34,-992.84,140.0,-778.75,-376.25,1,94.219,
01/01/2000,01:10:49.23,21.47,-57.10,-993.08,61.25,-682.50,-367.50,1,94.221,
01/01/2000,01:10:49.24,21.23,-57.34,-992.84,122.50,-761.25,-192.50,1,94.224,
01/01/2000,01:10:49.26,20.98,-57.10,-992.35,140.0,-822.50,-288.75,1,94.226,
01/01/2000,01:10:49.27,20.50,-56.97,-992.35,105.0,-630.0,-367.50,1,94.229,
01/01/2000,01:10:49.28,20.74,-56.85,-993.08,183.75,-778.75,-420.0,1,94.232,
01/01/2000,01:10:49.29,21.23,-56.97,-993.93,105.0,-796.25,-402.50,1,94.234,
01/01/2000,01:10:49.30,21.11,-56.85,-994.42,78.75,-726.25,-498.75,1,94.237,
01/01/2000,01:10:49.31,21.23,-56.85,-994.30,175.0,-691.25,-96.25,1,94.239,
01/01/2000,01:10:49.32,20.86,-56.85,-993.08,140.0,-682.50,-402.50,1,94.242,
01/01/2000,01:10:49.33,20.62,-56.85,-991.37,52.50,-700.0,-376.25,1,94.245,
01/01/2000,01:10:49.34,20.98,-56.97,-991.25,87.50,-691.25,-402.50,1,94.247,
01/01/2000,01:10:49.35,20.98,-57.10,-991.49,201.25,-647.50,-411.25,1,94.250,
01/01/2000,01:10:49.36,21.23,-56.97,-991.86,-8.75,-647.50,-350.0,1,94.252,
01/01/2000,01:10:49.37,21.23,-57.46,-991.62,323.75,-673.75,-271.25,1,94.255,
01/01/2000,01:10:49.38,20.50,-56.85,-991.62,43.75,-778.75,-297.50,1,94.258,
01/01/2000,01:10:49.39,20.62,-57.34,-992.10,253.75,-665.0,-498.75,1,94.218,
01/01/2000,01:10:49.40,20.74,-56.97,-992.59,-105.0,-752.50,-315.0,1,94.220,
01/01/2000,01:10:49.41,21.23,-57.10,-992.96,166.25,-665.0,-192.50,1,94.223,
01/01/2000,01:10:49.42,21.23,-57.34,-992.84,96.25,-665.0,-437.50,1,94.226,
01/01/2000,01:10:49.43,20.86,-57.22,-992.35,140.0,-743.75,-245.0,1,94.228,
01/01/2000,01:10:49.44,20.86,-57.10,-991.98,218.75,-682.50,-437.50,1,94.231,
01/01/2000,01:10:49.45,21.11,-57.10,-991.74,26.25,-822.50,-463.75,1,94.233,
01/01/2000,01:10:49.47,21.23,-56.97,-992.10,122.50,-752.50,-385.0,1,94.236,
01/01/2000,01:10:49.48,21.59,-57.22,-993.08,218.75,-621.25,-367.50,1,94.239,
01/01/2000,01:10:49.49,21.96,-57.34,-994.54,43.75,-665.0,-411.25,1,94.241,
01/01/2000,01:10:49.50,21.59,-57.10,-994.54,245.0,-621.25,-280.0,1,94.244,
01/01/2000,01:10:49.51,20.74,-56.85,-993.69,210.0,-700.0,-166.25,1,94.246,
01/01/2000,01:10:49.52,20.01,-56.61,-992.35,8.75,-691.25,-367.50,1,94.249,
01/01/2000,01:10:49.53,19.76,-56.85,-991.13,210.0,-726.25,-376.25,1,94.251,
01/01/2000,01:10:49.54,20.50,-56.85,-990.64,183.75,-848.75,-245.0,1,94.254,
01/01/2000,01:10:49.55,21.35,-57.46,-991.37,175.0,-691.25,-428.75,1,94.215,
01/01/2000,01:10:49.57,21.47,-57.58,-992.35,96.25,-586.25,-315.0,1,94.217,
01/01/2000,01:10:49.58,21.35,-57.34,-992.59,122.50,-787.50,-402.50,1,94.220,
01/01/2000,01:10:49.59,20.98,-57.10,-992.59,183.75,-638.75,-367.50,1,94.222,
01/01/2000,01:10:49.60,20.86,-56.49,-992.84,-52.50,-621.25,-350.0,1,94.225,
01/01/2000,01:10:49.61,20.62,-56.73,-993.08,236.25,-717.50,-175.0,1,94.227,
01/01/2000,01:10:49.62,20.74,-56.61,-993.32,192.50,-673.75,-271.25,1,94.230,
01/01/2000,01:10:49.63,20.98,-57.34,-993.45,157.50,-647.50,-350.0,1,94.232,
01/01/2000,01:10:49.64,21.11,-57.46,-993.57,201.25,-630.0,-437.50,1,94.235,
01/01/2000,01:10:49.65,21.23,-57.46,-993.32,262.50,-682.50,-358.75,1,94.238,
01/01/2000,01:10:49.66,21.23,-57.10,-992.96,245.0,-726.25,-472.50,1,94.240,
01/01/2000,01:10:49.67,20.98,-56.85,-992.84,218.75,-761.25,-271.25,1,94.243,
01/01/2000,01:10:49.68,21.23,-56.61,-993.32,122.50,-717.50,-385.0,1,94.245,
01/01/2000,01:10:49.69,21.47,-56.73,-993.93,-61.25,-735.0,-271.25,1,94.248,
01/01/2000,01:10:49.70,21.35,-56.73,-994.06,-35.0,-656.25,-236.25,1,94.250,
01/01/2000,01:10:49.71,20.50,-56.85,-993.08,183.75,-507.50,-288.75,1,94.253,
01/01/2000,01:10:49.72,20.01,-56.97,-991.74,253.75,-647.50,-367.50,1,94.255,
01/01/2000,01:10:49.73,19.52,-56.61,-990.52,-8.75,-691.25,-341.25,1,94.258,
01/01/2000,01:10:49.74,19.76,-56.73,-989.91,157.50,-717.50,-463.75,1,94.260,
01/01/2000,01:10:49.75,20.98,-56.85,-990.64,148.75,-682.50,-516.25,1,94.221,
01/01/2000,01:10:49.76,21.47,-56.97,-991.74,96.25,-743.75,-385.0,1,94.224,
01/01/2000,01:10:49.77,21.59,-56.97,-992.35,105.0,-735.0,-288.75,1,94.227,
01/01/2000,01:10:49.78,20.98,-56.85,-992.35,218.75,-708.75,-297.50,1,94.229,
01/01/2000,01:10:49.79,20.50,-56.49,-992.23,17.50,-665.0,-253.75,1,94.232,
01/01/2000,01:10:49.81,20.25,-56.61,-991.86,157.50,-735.0,-306.25,1,94.234,
01/01/2000,01:10:49.82,20.37,-56.49,-991.98,35.0,-665.0,-358.75,1,94.237,
01/01/2000,01:10:49.83,20.86,-56.85,-992.96,183.75,-743.75,-385.0,1,94.239,
01/01/2000,01:10:49.84,21.59,-57.22,-993.69,96.25,-673.75,-341.25,1,94.242,
01/01/2000,01:10:49.85,21.59,-57.34,-993.93,288.75,-743.75,-323.75,1,94.244,
01/01/2000,01:10:49.86,21.23,-57.10,-993.69,131.25,-656.25,-367.50,1,94.247,
01/01/2000,01:10:49.87,20.74,-56.97,-993.32,131.25,-735.0,-341.25,1,94.249,
01/01/2000,01:10:49.88,20.98,-56.85,-993.81,140.0,-612.50,-306.25,1,94.252,
01/01/2000,01:10:49.89,21.23,-56.85,-994.18,78.75,-708.75,-306.25,1,94.213,
01/01/2000,01:10:49.90,20.98,-56.85,-993.57,131.25,-665.0,-87.50,1,94.216,
01/01/2000,01:10:49.91,20.86,-56.85,-992.59,140.0,-708.75,-350.0,1,94.218,
01/01/2000,01:10:49.92,20.74,-56.85,-991.49,201.25,-752.50,-245.0,1,94.221,
01/01/2000,01:10:49.93,20.50,-56.85,-990.76,87.50,-857.50,-490.0,1,94.223,
01/01/2000,01:10:49.94,21.23,-56.85,-991.13,227.50,-752.50,-323.75,1,94.226,
01/01/2000,01:10:49.95,21.72,-56.97,-991.86,236.25,-735.0,-376.25,1,94.228,
01/01/2000,01:10:49.97,21.35,-56.97,-992.84,166.25,-717.50,-245.0,1,94.231,
01/01/2000,01:10:49.98,21.23,-56.85,-993.08,140.0,-778.75,-332.50,1,94.233,
01/01/2000,01:10:49.99,20.98,-56.73,-992.96,245.0,-656.25,-166.25,1,94.236,
01/01/2000,01:10:50.00,20.74,-56.49,-992.59,61.25,-726.25,-297.50,1,94.238,
01/01/2000,01:10:50.01,20.74,-56.85,-992.59,35.0,-647.50,-297.50,1,94.241,
01/01/2000,01:10:50.02,20.98,-56.73,-992.84,122.50,-735.0,-376.25,1,94.243,
01/01/2000,01:10:50.03,21.11,-56.97,-993.08,253.75,-691.25,-332.50,1,94.246,
01/01/2000,01:10:50.04,21.11,-56.85,-993.08,43.75,-595.0,-297.50,1,94.248,
01/01/2000,01:10:50.05,20.74,-56.73,-992.59,-52.50,-735.0,-236.25,1,94.251,
01/01/2000,01:10:50.06,20.50,-57.10,-992.59,140.0,-726.25,-542.50,1,94.253,
01/01/2000,01:10:50.08,20.74,-56.97,-993.45,157.50,-717.50,-271.25,1,94.215,
01/01/2000,01:10:50.09,21.23,-57.22,-994.18,341.25,-708.75,-490.0,1,94.217,
01/01/2000,01:10:50.10,21.11,-57.10,-994.42,96.25,-700.0,-350.0,1,94.220,
01/01/2000,01:10:50.11,20.50,-56.97,-992.84,122.50,-726.25,26.25,1,94.222,
01/01/2000,01:10:50.12,20.01,-56.61,-991.74,-43.75,-673.75,17.50,1,94.225,
01/01/2000,01:10:50.13,20.01,-56.73,-990.88,148.75,-673.75,-43.75,1,94.227,
01/01/2000,01:10:50.14,20.37,-56.61,-990.76,175.0,-638.75,-638.75,1,94.230,
01/01/2000,01:10:50.15,20.62,-56.85,-991.37,280.0,-761.25,-113.75,1,94.232,
01/01/2000,01:10:50.16,21.11,-57.10,-991.86,105.0,-743.75,-393.75,1,94.235,
01/01/2000,01:10:50.17,21.11,-57.34,-992.35,236.25,-682.50,-507.50,1,94.237,
01/01/2000,01:10:50.18,20.74,-57.10,-992.71,52.50,-752.50,-332.50,1,94.240,
01/01/2000,01:10:50.19,20.74,-56.85,-993.57,70.0,-822.50,-350.0,1,94.242,
01/01/2000,01:10:50.20,20.86,-57.10,-993.81,175.0,-656.25,-411.25,1,94.204,
01/01/2000,01:10:50.21,20.62,-56.85,-993.81,-17.50,-586.25,-288.75,1,94.247,
01/01/2000,01:10:50.22,20.74,-56.97,-993.32,26.25,-603.75,-262.50,1,94.209,
01/01/2000,01:10:50.23,20.62,-56.85,-992.35,87.50,-717.50,-350.0,1,94.212,
01/01/2000,01:10:50.25,20.86,-56.97,-992.59,113.75,-717.50,-271.25,1,94.214,
01/01/2000,01:10:50.26,21.23,-56.85,-992.84,61.25,-665.0,-376.25,1,94.217,
01/01/2000,01:10:50.27,21.23,-56.97,-993.08,131.25,-805.0,-210.0,1,94.219,
01/01/2000,01:10:50.28,21.47,-56.85,-993.57,35.0,-717.50,-385.0,1,94.222,
01/01/2000,01:10:50.29,21.72,-56.85,-994.06,148.75,-673.75,-297.50,1,94.224,
01/01/2000,01:10:50.30,21.84,-56.73,-994.67,113.75,-708.75,-262.50,1,94.227,
01/01/2000,01:10:50.31,21.47,-56.85,-994.18,78.75,-735.0,-218.75,1,94.229,
01/01/2000,01:10:50.32,20.50,-56.49,-991.98,35.0,-752.50,-315.0,1,94.232,
01/01/2000,01:10:50.33,20.01,-56.73,-990.76,183.75,-708.75,-157.50,1,94.234,
01/01/2000,01:10:50.34,19.64,-56.61,-990.15,183.75,-621.25,-376.25,1,94.237,
01/01/2000,01:10:50.35,19.40,-56.97,-990.03,192.50,-761.25,-350.0,1,94.239,
01/01/2000,01:10:50.36,19.89,-57.10,-991.37,70.0,-700.0,-402.50,1,94.242,
01/01/2000,01:10:50.37,20.37,-57.10,-992.84,218.75,-761.25,-411.25,1,94.244,
01/01/2000,01:10:50.38,20.74,-56.85,-993.81,201.25,-813.75,-446.25,1,94.246,
01/01/2000,01:10:50.39,20.98,-56.73,-994.30,140.0,-691.25,-288.75,1,94.208,
01/01/2000,01:10:50.40,20.74,-56.61,-993.69,288.75,-638.75,-341.25,1,94.211,
01/01/2000,01:10:50.41,20.37,-56.61,-992.10,78.75,-717.50,-280.0,1,94.213,
01/01/2000,01:10:50.42,20.50,-56.73,-991.13,245.0,-700.0,-393.75,1,94.216,
01/01/2000,01:10:50.43,20.86,-57.10,-991.01,157.50,-735.0,-96.25,1,94.218,
01/01/2000,01:10:50.44,21.59,-57.10,-991.49,43.75,-770.0,-358.75,1,94.221,
01/01/2000,01:10:50.46,22.20,-57.34,-992.84,175.0,-665.0,-516.25,1,94.223,
01/01/2000,01:10:50.47,22.20,-56.85,-993.69,87.50,-612.50,-288.75,1,94.226,
01/01/2000,01:10:50.48,21.72,-56.36,-994.67,113.75,-638.75,-122.50,1,94.228,
01/01/2000,01:10:50.49,21.35,-56.36,-994.91,148.75,-612.50,-166.25,1,94.231,
01/01/2000,01:10:50.50,20.98,-56.61,-994.54,341.25,-752.50,-446.25,1,94.233,
01/01/2000,01:10:50.51,20.74,-56.61,-994.06,105.0,-735.0,-280.0,1,94.236,
01/01/2000,01:10:50.52,20.74,-57.10,-992.84,306.25,-621.25,-306.25,1,94.238,
01/01/2000,01:10:50.53,20.13,-57.10,-991.13,8.75,-735.0,-341.25,1,94.241,
01/01/2000,01:10:50.54,19.89,-57.22,-990.15,210.0,-778.75,-367.50,1,94.243,
01/01/2000,01:10:50.55,19.76,-56.73,-989.79,-8.75,-735.0,-402.50,1,94.246,
01/01/2000,01:10:50.56,20.37,-56.61,-990.40,113.75,-770.0,-411.25,1,94.248,
01/01/2000,01:10:50.57,21.23,-56.61,-991.74,131.25,-726.25,-367.50,1,94.250,
01/01/2000,01:10:50.59,21.72,-56.73,-994.18,78.75,-647.50,-288.75,1,94.213,
01/01/2000,01:10:50.60,21.47,-56.85,-994.30,157.50,-682.50,-245.0,1,94.215,
01/01/2000,01:10:50.61,20.86,-56.85,-993.08,253.75,-735.0,-245.0,1,94.218,
01/01/2000,01:10:50.62,19.89,-56.61,-992.10,210.0,-708.75,-245.0,1,94.220,
01/01/2000,01:10:50.63,20.01,-56.61,-991.37,140.0,-656.25,-385.0,1,94.223,
01/01/2000,01:10:50.64,20.50,-56.61,-991.37,122.50,-778.75,-402.50,1,94.225,
01/01/2000,01:10:50.65,20.98,-56.61,-991.86,157.50,-682.50,-315.0,1,94.228,
01/01/2000,01:10:50.66,21.96,-56.85,-993.08,131.25,-682.50,-367.50,1,94.230,
01/01/2000,01:10:50.67,21.72,-56.85,-993.32,227.50,-761.25,-245.0,1,94.232,
01/01/2000,01:10:50.68,21.35,-56.49,-993.20,35.0,-805.0,-393.75,1,94.235,
01/01/2000,01:10:50.69,20.98,-56.73,-993.32,192.50,-665.0,-350.0,1,94.237,
01/01/2000,01:10:50.70,21.23,-56.49,-993.69,-17.50,-577.50,-280.0,1,94.240,
01/01/2000,01:10:50.71,21.11,-56.61,-993.57,166.25,-717.50,-297.50,1,94.242,
01/01/2000,01:10:50.72,20.98,-56.61,-992.96,148.75,-708.75,-288.75,1,94.245,
01/01/2000,01:10:50.73,20.62,-56.61,-992.10,218.75,-743.75,-280.0,1,94.247,
01/01/2000,01:10:50.74,20.13,-56.73,-990.88,140.0,-787.50,-323.75,1,94.249,
01/01/2000,01:10:50.75,20.25,-56.61,-990.52,0.0,-805.0,-323.75,1,94.252,
01/01/2000,01:10:50.76,20.50,-56.85,-991.13,218.75,-717.50,-463.75,1,94.215,
01/01/2000,01:10:50.77,20.62,-56.85,-992.35,105.0,-761.25,-288.75,1,94.257,
01/01/2000,01:10:50.78,20.25,-56.85,-993.08,96.25,-726.25,-490.0,1,94.219,
01/01/2000,01:10:50.79,19.89,-56.61,-993.57,131.25,-717.50,-271.25,1,94.222,
01/01/2000,01:10:50.80,19.64,-56.61,-993.81,236.25,-533.75,-192.50,1,94.224,
01/01/2000,01:10:50.82,19.40,-56.49,-993.20,157.50,-691.25,-315.0,1,94.227,
01/01/2000,01:10:50.83,20.01,-56.61,-992.47,166.25,-647.50,-656.25,1,94.229,
01/01/2000,01:10:50.84,21.47,-56.61,-992.35,113.75,-752.50,-428.75,1,94.232,
01/01/2000,01:10:50.85,22.45,-56.97,-992.59,148.75,-638.75,-280.0,1,94.234,
01/01/2000,01:10:50.86,22.94,-57.10,-992.84,175.0,-831.25,-253.75,1,94.236,
01/01/2000,01:10:50.87,22.45,-57.10,-992.71,175.0,-787.50,-323.75,1,94.239,
01/01/2000,01:10:50.88,21.23,-56.85,-992.35,87.50,-708.75,-201.25,1,94.241,
01/01/2000,01:10:50.89,20.74,-56.61,-992.96,105.0,-700.0,-446.25,1,94.244,
01/01/2000,01:10:50.90,20.98,-56.73,-994.18,157.50,-813.75,-525.0,1,94.246,
01/01/2000,01:10:50.91,21.47,-56.73,-995.03,218.75,-630.0,-455.0,1,94.249,
01/01/2000,01:10:50.92,21.96,-56.97,-995.03,411.25,-656.25,-218.75,1,94.251,
01/01/2000,01:10:50.93,21.96,-56.61,-994.42,78.75,-568.75,-52.50,1,94.253,
01/01/2000,01:10:50.94,20.86,-56.85,-992.47,297.50,-813.75,17.50,1,94.256,
01/01/2000,01:10:50.95,20.74,-56.36,-991.13,175.0,-761.25,-446.25,1,94.219,
01/01/2000,01:10:50.96,20.86,-56.36,-991.01,227.50,-743.75,-8.75,1,94.221,
01/01/2000,01:10:50.97,21.11,-56.12,-991.74,70.0,-761.25,-245.0,1,94.224,
01/01/2000,01:10:50.98,21.59,-56.49,-992.47,148.75,-647.50,-306.25,1,94.226,
01/01/2000,01:10:50.99,21.23,-56.12,-992.96,61.25,-682.50,-157.50,1,94.228,
01/01/2000,01:10:51.00,20.50,-56.00,-992.71,148.75,-708.75,-201.25,1,94.231,
01/01/2000,01:10:51.01,20.25,-56.00,-992.59,157.50,-735.0,-437.50,1,94.233,
01/01/2000,01:10:51.03,20.25,-56.49,-992.59,35.0,-708.75,-560.0,1,94.236,
01/01/2000,01:10:51.04,20.62,-56.61,-992.84,236.25,-525.0,-341.25,1,94.238,
01/01/2000,01:10:51.05,20.62,-56.85,-992.96,271.25,-735.0,-306.25,1,94.240,
01/01/2000,01:10:51.06,20.86,-56.49,-992.84,70.0,-691.25,-376.25,1,94.243,
01/01/2000,01:10:51.07,20.86,-56.36,-992.71,166.25,-700.0,-490.0,1,94.245,
01/01/2000,01:10:51.08,20.86,-56.24,-992.59,52.50,-813.75,-306.25,1,94.248,
01/01/2000,01:10:51.10,20.98,-56.36,-992.71,201.25,-700.0,-367.50,1,94.211,
01/01/2000,01:10:51.11,21.11,-56.24,-993.08,157.50,-770.0,-446.25,1,94.213,
01/01/2000,01:10:51.12,21.84,-56.61,-993.93,341.25,-787.50,-481.25,1,94.216,
01/01/2000,01:10:51.13,22.20,-56.36,-994.54,210.0,-691.25,-332.50,1,94.218,
01/01/2000,01:10:51.14,22.20,-56.36,-994.42,35.0,-691.25,-105.0,1,94.220,
01/01/2000,01:10:51.15,21.47,-56.12,-993.32,140.0,-621.25,-157.50,1,94.223,
01/01/2000,01:10:51.16,20.74,-55.88,-991.74,52.50,-735.0,-280.0,1,94.225,
01/01/2000,01:10:51.17,19.52,-56.00,-991.01,157.50,-726.25,-350.0,1,94.228,
01/01/2000,01:10:51.18,19.28,-56.24,-991.01,148.75,-621.25,-420.0,1,94.230,
01/01/2000,01:10:51.19,19.64,-56.36,-991.62,358.75,-691.25,-507.50,1,94.232,
01/01/2000,01:10:51.20,20.50,-56.36,-992.84,-43.75,-647.50,-525.0,1,94.235,
01/01/2000,01:10:51.21,21.23,-56.49,-993.45,227.50,-691.25,-376.25,1,94.237,
01/01/2000,01:10:51.22,21.47,-56.12,-993.57,262.50,-656.25,-358.75,1,94.240,
01/01/2000,01:10:51.23,21.47,-55.75,-993.08,166.25,-665.0,-166.25,1,94.242,
01/01/2000,01:10:51.24,21.11,-55.88,-992.10,262.50,-726.25,-227.50,1,94.244,
01/01/2000,01:10:51.25,20.86,-55.88,-991.74,35.0,-700.0,-315.0,1,94.247,
01/01/2000,01:10:51.26,20.98,-56.36,-991.74,201.25,-630.0,-323.75,1,94.249,
01/01/2000,01:10:51.27,21.35,-56.36,-992.10,113.75,-770.0,-367.50,1,94.251,
01/01/2000,01:10:51.28,21.59,-56.49,-993.08,113.75,-717.50,-323.75,1,94.254,
01/01/2000,01:10:51.29,21.96,-56.36,-993.69,0.0,-770.0,-367.50,1,94.256,
01/01/2000,01:10:51.30,21.72,-56.00,-994.06,175.0,-761.25,-148.75,1,94.220,
01/01/2000,01:10:51.31,21.47,-55.63,-993.81,113.75,-752.50,-288.75,1,94.222,
01/01/2000,01:10:51.32,21.35,-55.88,-993.32,288.75,-630.0,-323.75,1,94.224,
01/01/2000,01:10:51.33,21.23,-55.88,-992.84,87.50,-726.25,-411.25,1,94.227,
01/01/2000,01:10:51.34,21.47,-56.12,-992.71,157.50,-673.75,-323.75,1,94.229,
01/01/2000,01:10:51.35,21.47,-56.36,-992.23,201.25,-700.0,-288.75,1,94.232,
01/01/2000,01:10:51.36,21.11,-56.36,-991.49,122.50,-638.75,-245.0,1,94.234,
01/01/2000,01:10:51.38,20.13,-56.24,-990.88,157.50,-612.50,-411.25,1,94.236,
01/01/2000,01:10:51.39,19.52,-56.12,-990.88,78.75,-708.75,-385.0,1,94.239,
01/01/2000,01:10:51.40,19.52,-56.12,-991.74,201.25,-603.75,-428.75,1,94.241,
01/01/2000,01:10:51.41,19.89,-55.75,-992.59,131.25,-665.0,-551.25,1,94.243,
01/01/2000,01:10:51.42,20.62,-56.12,-993.45,148.75,-717.50,-507.50,1,94.246,
01/01/2000,01:10:51.43,20.98,-56.24,-994.18,157.50,-621.25,-227.50,1,94.248,
01/01/2000,01:10:51.44,20.86,-56.36,-995.15,0.0,-603.75,-446.25,1,94.251,
01/01/2000,01:10:51.45,20.74,-56.61,-996.62,227.50,-743.75,-446.25,1,94.214,
01/01/2000,01:10:51.46,20.74,-56.73,-998.08,210.0,-656.25,-498.75,1,94.217,
01/01/2000,01:10:51.47,20.74,-56.73,-999.67,218.75,-726.25,-385.0,1,94.219,
01/01/2000,01:10:51.48,20.86,-56.97,-1001.01,157.50,-682.50,-647.50,1,94.221,
01/01/2000,01:10:51.49,21.11,-56.61,-1001.74,131.25,-603.75,-367.50,1,94.224,
01/01/2000,01:10:51.50,21.11,-56.49,-1000.89,218.75,-612.50,-288.75,1,94.226,
01/01/2000,01:10:51.52,20.98,-56.12,-998.69,105.0,-630.0,-603.75,1,94.228,
01/01/2000,01:10:51.53,20.74,-56.36,-997.59,87.50,-656.25,-78.75,1,94.231,
01/01/2000,01:10:51.54,21.11,-56.61,-997.47,35.0,-630.0,-280.0,1,94.233,
01/01/2000,01:10:51.55,21.35,-56.97,-998.45,105.0,-822.50,-770.0,1,94.235,
01/01/2000,01:10:51.56,21.47,-57.34,-1001.86,210.0,-752.50,-560.0,1,94.238,
01/01/2000,01:10:51.57,21.47,-57.10,-1004.43,140.0,-717.50,-288.75,1,94.240,
01/01/2000,01:10:51.58,20.98,-56.85,-1006.62,218.75,-612.50,-393.75,1,94.243,
01/01/2000,01:10:51.59,20.25,-56.24,-1007.48,288.75,-656.25,-437.50,1,94.245,
01/01/2000,01:10:51.60,20.13,-55.88,-1005.40,245.0,-586.25,-131.25,1,94.209,
01/01/2000,01:10:51.62,21.23,-56.36,-1001.13,140.0,-700.0,-376.25,1,94.211,
01/01/2000,01:10:51.63,20.98,-56.85,-998.57,218.75,-848.75,-332.50,1,94.214,
01/01/2000,01:10:51.64,20.86,-57.22,-997.35,43.75,-796.25,-376.25,1,94.216,
01/01/2000,01:10:51.65,21.96,-57.46,-997.23,183.75,-805.0,-525.0,1,94.218,
01/01/2000,01:10:51.66,21.84,-57.10,-999.06,78.75,-796.25,-490.0,1,94.221,
01/01/2000,01:10:51.67,21.72,-56.73,-1001.01,96.25,-708.75,-341.25,1,94.223,
01/01/2000,01:10:51.68,21.47,-56.49,-1001.86,140.0,-603.75,-306.25,1,94.225,
01/01/2000,01:10:51.69,20.98,-56.00,-1001.25,183.75,-577.50,-236.25,1,94.228,
01/01/2000,01:10:51.70,20.37,-55.51,-997.59,96.25,-595.0,-315.0,1,94.230,
01/01/2000,01:10:51.71,20.74,-56.24,-995.15,201.25,-770.0,-192.50,1,94.232,
01/01/2000,01:10:51.72,21.35,-56.73,-994.18,61.25,-840.0,-385.0,1,94.235,
01/01/2000,01:10:51.73,21.47,-57.58,-993.93,218.75,-822.50,-253.75,1,94.237,
01/01/2000,01:10:51.74,21.11,-57.71,-994.18,148.75,-691.25,-586.25,1,94.239,
01/01/2000,01:10:51.75,20.74,-56.97,-994.91,113.75,-682.50,-516.25,1,94.242,
01/01/2000,01:10:51.76,20.86,-56.12,-995.28,175.0,-682.50,-490.0,1,94.244,
01/01/2000,01:10:51.77,20.86,-55.27,-995.15,-8.75,-621.25,-122.50,1,94.246,
01/01/2000,01:10:51.78,20.86,-55.02,-994.30,157.50,-673.75,-280.0,1,94.249,
01/01/2000,01:10:51.79,20.86,-55.63,-993.57,306.25,-656.25,-183.75,1,94.251,
01/01/2000,01:10:51.80,21.11,-56.73,-993.20,105.0,-761.25,-341.25,1,94.215,
01/01/2000,01:10:51.81,21.11,-57.22,-993.32,61.25,-673.75,-437.50,1,94.218,
01/01/2000,01:10:51.82,21.23,-57.22,-993.32,192.50,-778.75,-490.0,1,94.220,
01/01/2000,01:10:51.83,20.86,-56.73,-993.32,253.75,-560.0,-463.75,1,94.222,
01/01/2000,01:10:51.84,20.74,-55.63,-993.32,148.75,-735.0,-367.50,1,94.225,
01/01/2000,01:10:51.85,20.74,-55.27,-993.08,166.25,-735.0,-315.0,1,94.227,
01/01/2000,01:10:51.87,20.98,-55.27,-992.96,122.50,-551.25,-157.50,1,94.229,
01/01/2000,01:10:51.88,20.98,-55.88,-992.84,218.75,-752.50,-315.0,1,94.232,
01/01/2000,01:10:51.89,20.86,-56.36,-992.59,113.75,-805.0,-245.0,1,94.234,
01/01/2000,01:10:51.90,20.86,-56.97,-992.59,148.75,-665.0,-568.75,1,94.236,
01/01/2000,01:10:51.91,20.86,-56.73,-992.59,148.75,-761.25,-463.75,1,94.239,
01/01/2000,01:10:51.92,20.98,-56.24,-992.59,201.25,-612.50,-463.75,1,94.241,
01/01/2000,01:10:51.93,21.11,-55.63,-992.59,131.25,-691.25,-227.50,1,94.243,
01/01/2000,01:10:51.94,21.23,-55.63,-992.71,148.75,-717.50,-210.0,1,94.245,
01/01/2000,01:10:51.95,20.98,-55.75,-992.71,201.25,-761.25,-236.25,1,94.248,
01/01/2000,01:10:51.96,20.86,-56.36,-992.47,148.75,-656.25,-315.0,1,94.250,
01/01/2000,01:10:51.97,20.74,-56.85,-992.47,192.50,-665.0,-306.25,1,94.252,
01/01/2000,01:10:51.98,19.89,-56.85,-992.23,166.25,-770.0,-166.25,1,94.255,
01/01/2000,01:10:51.99,17.45,-56.61,-991.25,157.50,-700.0,157.50,1,94.257,
01/01/2000,01:10:52.00,14.52,-56.12,-989.30,280.0,-752.50,-218.75,1,94.259,
01/01/2000,01:10:52.01,13.91,-55.27,-989.66,96.25,-805.0,-726.25,1,94.224,
01/01/2000,01:10:52.02,15.13,-55.63,-991.49,157.50,-752.50,-551.25,1,94.226,
01/01/2000,01:10:52.03,15.86,-56.12,-993.57,70.0,-700.0,-131.25,1,94.228,
01/01/2000,01:10:52.04,15.86,-56.49,-995.03,280.0,-682.50,245.0,1,94.231,
01/01/2000,01:10:52.06,15.13,-56.61,-995.40,332.50,-621.25,-122.50,1,94.233,
01/01/2000,01:10:52.06,13.30,-56.61,-994.42,218.75,-603.75,-551.25,1,94.235,
01/01/2000,01:10:52.08,11.83,-55.75,-992.71,148.75,-735.0,-341.25,1,94.238,
01/01/2000,01:10:52.09,11.35,-55.63,-991.74,245.0,-726.25,-376.25,1,94.240,
01/01/2000,01:10:52.10,11.10,-55.63,-991.25,183.75,-726.25,-131.25,1,94.242,
01/01/2000,01:10:52.11,10.00,-56.24,-991.62,236.25,-673.75,-26.25,1,94.207,
01/01/2000,01:10:52.12,8.30,-56.61,-992.10,-52.50,-612.50,-61.25,1,94.209,
01/01/2000,01:10:52.13,7.32,-56.97,-992.35,131.25,-595.0,-376.25,1,94.212,
01/01/2000,01:10:52.14,6.95,-56.49,-992.59,218.75,-638.75,-586.25,1,94.214,
01/01/2000,01:10:52.16,8.42,-55.75,-993.08,210.0,-630.0,-525.0,1,94.216,
01/01/2000,01:10:52.17,10.37,-55.27,-993.08,227.50,-630.0,-481.25,1,94.218,
01/01/2000,01:10:52.18,12.44,-55.27,-992.71,140.0,-673.75,-96.25,1,94.221,
01/01/2000,01:10:52.19,14.03,-55.63,-992.23,253.75,-787.50,-52.50,1,94.223,
01/01/2000,01:10:52.20,14.88,-56.61,-991.62,288.75,-647.50,26.25,1,94.225,
01/01/2000,01:10:52.21,14.88,-56.97,-991.37,245.0,-673.75,-61.25,1,94.228,
01/01/2000,01:10:52.22,14.27,-56.97,-991.49,70.0,-638.75,-201.25,1,94.230,
01/01/2000,01:10:52.23,13.54,-56.85,-991.74,280.0,-647.50,-498.75,1,94.232,
01/01/2000,01:10:52.24,13.18,-55.88,-992.59,122.50,-726.25,-411.25,1,94.235,
01/01/2000,01:10:52.25,13.79,-55.39,-993.20,140.0,-595.0,-341.25,1,94.237,
01/01/2000,01:10:52.26,14.52,-55.39,-993.32,70.0,-673.75,-253.75,1,94.239,
01/01/2000,01:10:52.27,15.37,-55.75,-993.45,280.0,-516.25,-192.50,1,94.241,
01/01/2000,01:10:52.28,16.35,-56.49,-992.59,236.25,-586.25,-236.25,1,94.244,
01/01/2000,01:10:52.29,17.93,-56.85,-991.62,166.25,-770.0,-472.50,1,94.246,
01/01/2000,01:10:52.30,19.03,-56.97,-991.37,183.75,-840.0,-411.25,1,94.248,
01/01/2000,01:10:52.31,19.52,-56.73,-991.37,201.25,-840.0,-350.0,1,94.251,
01/01/2000,01:10:52.32,19.52,-56.36,-991.98,183.75,-603.75,-402.50,1,94.253,
01/01/2000,01:10:52.33,19.28,-55.88,-992.59,78.75,-700.0,-87.50,1,94.255,
01/01/2000,01:10:52.34,18.54,-55.63,-993.08,175.0,-647.50,-175.0,1,94.257,
01/01/2000,01:10:52.35,18.42,-55.63,-993.08,131.25,-665.0,-227.50,1,94.260,
01/01/2000,01:10:52.37,18.79,-56.12,-992.71,113.75,-612.50,-420.0,1,94.225,
01/01/2000,01:10:52.38,19.52,-56.49,-992.47,280.0,-621.25,-446.25,1,94.227,
01/01/2000,01:10:52.39,20.25,-56.61,-992.10,201.25,-673.75,-402.50,1,94.229,
01/01/2000,01:10:52.40,20.98,-56.85,-991.98,122.50,-630.0,-455.0,1,94.232,
01/01/2000,01:10:52.41,21.35,-56.61,-992.10,113.75,-665.0,-271.25,1,94.234,
01/01/2000,01:10:52.42,21.23,-56.24,-992.35,183.75,-708.75,-332.50,1,94.236,
01/01/2000,01:10:52.43,20.74,-56.12,-992.59,140.0,-603.75,-455.0,1,94.238,
01/01/2000,01:10:52.44,20.50,-55.88,-992.71,218.75,-612.50,-323.75,1,94.241,
01/01/2000,01:10:52.45,20.74,-55.88,-992.71,78.75,-595.0,-358.75,1,94.243,
01/01/2000,01:10:52.46,20.86,-56.24,-992.71,175.0,-752.50,-253.75,1,94.245,
01/01/2000,01:10:52.47,20.37,-56.61,-992.47,52.50,-805.0,-288.75,1,94.247,
01/01/2000,01:10:52.48,19.89,-56.36,-992.47,17.50,-726.25,-358.75,1,94.250,
01/01/2000,01:10:52.49,19.64,-56.24,-992.23,166.25,-621.25,-341.25,1,94.252,
01/01/2000,01:10:52.50,19.52,-55.75,-991.98,227.50,-682.50,-341.25,1,94.217,
01/01/2000,01:10:52.51,19.76,-55.51,-991.98,96.25,-726.25,-227.50,1,94.219,
01/01/2000,01:10:52.52,20.86,-56.12,-991.86,253.75,-638.75,-490.0,1,94.222,
01/01/2000,01:10:52.53,21.23,-56.36,-991.98,166.25,-682.50,-358.75,1,94.224,
01/01/2000,01:10:52.54,21.59,-56.61,-992.10,236.25,-647.50,-218.75,1,94.226,
01/01/2000,01:10:52.55,21.23,-56.61,-991.98,175.0,-691.25,-210.0,1,94.229,
01/01/2000,01:10:52.56,20.25,-56.49,-991.74,183.75,-638.75,-315.0,1,94.231,
01/01/2000,01:10:52.58,19.28,-55.88,-991.74,70.0,-656.25,-411.25,1,94.233,
01/01/2000,01:10:52.59,19.76,-55.51,-992.10,105.0,-708.75,-411.25,1,94.235,
01/01/2000,01:10:52.60,20.25,-55.51,-992.10,245.0,-577.50,-323.75,1,94.238,
01/01/2000,01:10:52.61,20.86,-55.75,-992.10,218.75,-656.25,-490.0,1,94.240,
01/01/2000,01:10:52.62,22.08,-56.36,-991.86,131.25,-656.25,-323.75,1,94.242,
01/01/2000,01:10:52.63,22.57,-56.85,-991.62,210.0,-726.25,-367.50,1,94.207,
01/01/2000,01:10:52.64,22.57,-56.73,-991.86,-17.50,-647.50,-367.50,1,94.210,
01/01/2000,01:10:52.65,22.45,-56.36,-992.10,201.25,-752.50,-393.75,1,94.212,
01/01/2000,01:10:52.66,22.08,-56.00,-992.35,227.50,-621.25,-280.0,1,94.214,
01/01/2000,01:10:52.67,21.72,-55.88,-992.47,175.0,-787.50,-245.0,1,94.216,
01/01/2000,01:10:52.68,21.23,-56.00,-992.47,70.0,-813.75,-262.50,1,94.219,
01/01/2000,01:10:52.69,20.62,-56.12,-992.59,306.25,-726.25,-306.25,1,94.221,
01/01/2000,01:10:52.70,19.76,-56.49,-992.71,61.25,-796.25,-402.50,1,94.223,
01/01/2000,01:10:52.72,19.76,-56.61,-992.84,113.75,-735.0,-385.0,1,94.226,
01/01/2000,01:10:52.73,20.01,-56.61,-992.84,61.25,-595.0,-446.25,1,94.228,
01/01/2000,01:10:52.74,20.98,-56.24,-992.96,131.25,-673.75,-455.0,1,94.230,
01/01/2000,01:10:52.75,21.47,-55.88,-992.71,175.0,-673.75,-271.25,1,94.232,
01/01/2000,01:10:52.76,21.72,-55.88,-992.35,140.0,-673.75,-245.0,1,94.235,
01/01/2000,01:10:52.77,21.59,-56.12,-991.86,245.0,-883.75,-367.50,1,94.237,
01/01/2000,01:10:52.78,21.47,-56.36,-991.62,210.0,-673.75,-437.50,1,94.239,
01/01/2000,01:10:52.79,20.98,-56.73,-992.10,280.0,-665.0,-542.50,1,94.241,
01/01/2000,01:10:52.80,20.98,-56.85,-992.71,140.0,-787.50,-358.75,1,94.243,
01/01/2000,01:10:52.81,21.23,-56.36,-993.08,148.75,-691.25,-393.75,1,94.246,
01/01/2000,01:10:52.82,21.72,-55.88,-993.45,288.75,-673.75,-306.25,1,94.248,
01/01/2000,01:10:52.83,21.96,-55.88,-993.32,131.25,-630.0,-393.75,1,94.250,
01/01/2000,01:10:52.84,21.72,-55.75,-992.84,148.75,-630.0,-218.75,1,94.252,
01/01/2000,01:10:52.85,21.47,-56.12,-991.86,35.0,-805.0,-271.25,1,94.255,
01/01/2000,01:10:52.86,20.98,-56.49,-991.49,122.50,-761.25,-385.0,1,94.257,
01/01/2000,01:10:52.87,20.74,-56.49,-991.49,192.50,-630.0,-481.25,1,94.259,
01/01/2000,01:10:52.88,20.98,-56.36,-991.49,210.0,-770.0,-455.0,1,94.261,
01/01/2000,01:10:52.89,21.59,-55.88,-991.37,315.0,-735.0,-455.0,1,94.264,
01/01/2000,01:10:52.90,22.08,-55.88,-991.74,140.0,-787.50,-236.25,1,94.266,
01/01/2000,01:10:52.91,22.20,-55.88,-992.10,61.25,-665.0,-227.50,1,94.268,
01/01/2000,01:10:52.93,21.23,-56.61,-992.23,271.25,-647.50,-393.75,1,94.234,
01/01/2000,01:10:52.94,20.50,-56.73,-992.10,175.0,-586.25,-463.75,1,94.236,
01/01/2000,01:10:52.95,19.76,-56.61,-992.10,166.25,-717.50,-516.25,1,94.238,
01/01/2000,01:10:52.96,19.52,-56.36,-991.98,140.0,-787.50,-411.25,1,94.240,
01/01/2000,01:10:52.97,19.89,-56.00,-992.23,131.25,-691.25,-402.50,1,94.243,
01/01/2000,01:10:52.98,20.50,-56.00,-992.35,166.25,-761.25,-253.75,1,94.245,
01/01/2000,01:10:52.99,21.47,-56.12,-992.71,210.0,-700.0,-236.25,1,94.247,
01/01/2000,01:10:53.00,22.33,-56.49,-992.35,245.0,-700.0,-446.25,1,94.249,
01/01/2000,01:10:53.01,22.20,-56.61,-991.74,70.0,-691.25,-420.0,1,94.252,
01/01/2000,01:10:53.02,22.45,-56.36,-991.37,210.0,-761.25,-385.0,1,94.254,
01/01/2000,01:10:53.03,22.33,-56.36,-991.37,78.75,-761.25,-183.75,1,94.256,
01/01/2000,01:10:53.04,22.20,-56.36,-991.86,148.75,-647.50,-332.50,1,94.258,
01/01/2000,01:10:53.05,21.35,-56.36,-992.47,218.75,-691.25,-376.25,1,94.260,
01/01/2000,01:10:53.06,20.98,-56.36,-992.84,245.0,-630.0,-341.25,1,94.226,
01/01/2000,01:10:53.07,20.74,-56.24,-992.59,218.75,-726.25,-481.25,1,94.229,
01/01/2000,01:10:53.08,20.50,-56.24,-992.35,17.50,-647.50,-201.25,1,94.231,
01/01/2000,01:10:53.09,20.62,-56.36,-992.10,131.25,-700.0,-358.75,1,94.233,
01/01/2000,01:10:53.10,21.11,-56.49,-991.98,166.25,-743.75,-376.25,1,94.235,
01/01/2000,01:10:53.11,21.96,-56.36,-992.10,245.0,-787.50,-437.50,1,94.237,
01/01/2000,01:10:53.12,22.45,-56.49,-992.10,122.50,-752.50,-297.50,1,94.240,
01/01/2000,01:10:53.14,21.96,-56.49,-991.86,140.0,-638.75,-148.75,1,94.206,
01/01/2000,01:10:53.16,21.23,-56.49,-992.10,148.75,-752.50,-306.25,1,94.208,
01/01/2000,01:10:53.17,20.62,-56.61,-992.47,297.50,-586.25,-245.0,1,94.210,
01/01/2000,01:10:53.18,20.25,-56.61,-992.96,131.25,-647.50,-367.50,1,94.212,
01/01/2000,01:10:53.19,19.76,-56.49,-993.20,78.75,-691.25,-507.50,1,94.215,
01/01/2000,01:10:53.20,19.76,-56.24,-993.20,140.0,-673.75,-402.50,1,94.217,
01/01/2000,01:10:53.21,19.89,-56.49,-993.08,288.75,-735.0,-253.75,1,94.219,
01/01/2000,01:10:53.22,20.37,-56.61,-992.84,52.50,-612.50,-446.25,1,94.221,
01/01/2000,01:10:53.23,20.86,-56.61,-992.84,17.50,-673.75,-472.50,1,94.223,
01/01/2000,01:10:53.24,21.35,-56.61,-992.35,105.0,-630.0,-385.0,1,94.226,
01/01/2000,01:10:53.25,21.47,-56.61,-992.10,218.75,-630.0,-358.75,1,94.228,
01/01/2000,01:10:53.26,21.35,-56.49,-991.74,96.25,-743.75,-402.50,1,94.230,
01/01/2000,01:10:53.27,21.35,-56.49,-991.86,113.75,-726.25,-297.50,1,94.232,
01/01/2000,01:10:53.28,21.47,-56.61,-992.23,157.50,-743.75,-402.50,1,94.234,
01/01/2000,01:10:53.29,20.74,-56.85,-992.59,218.75,-577.50,-341.25,1,94.237,
01/01/2000,01:10:53.30,20.01,-56.61,-992.71,105.0,-638.75,-323.75,1,94.239,
01/01/2000,01:10:53.31,19.52,-56.49,-992.35,96.25,-700.0,-323.75,1,94.241,
01/01/2000,01:10:53.32,19.28,-56.36,-991.98,183.75,-673.75,-411.25,1,94.243,
01/01/2000,01:10:53.33,19.15,-56.49,-991.74,157.50,-761.25,-446.25,1,94.245,
01/01/2000,01:10:53.34,20.25,-56.61,-991.49,96.25,-612.50,-525.0,1,94.248,
01/01/2000,01:10:53.35,21.72,-56.49,-991.49,166.25,-691.25,-455.0,1,94.250,
01/01/2000,01:10:53.36,22.81,-56.49,-991.37,175.0,-656.25,-192.50,1,94.252,
01/01/2000,01:10:53.37,23.67,-56.73,-991.49,201.25,-700.0,-245.0,1,94.254,
01/01/2000,01:10:53.38,23.30,-56.73,-991.74,175.0,-735.0,-236.25,1,94.256,
01/01/2000,01:10:53.39,22.57,-56.61,-992.10,280.0,-682.50,-288.75,1,94.259,
01/01/2000,01:10:53.40,21.47,-56.61,-992.59,26.25,-621.25,-148.75,1,94.261,
01/01/2000,01:10:53.41,20.01,-56.61,-992.96,201.25,-700.0,-420.0,1,94.263,
01/01/2000,01:10:53.42,18.67,-56.36,-993.08,253.75,-682.50,-385.0,1,94.229,
01/01/2000,01:10:53.43,18.79,-56.61,-992.84,262.50,-560.0,-358.75,1,94.231,
01/01/2000,01:10:53.44,19.76,-56.73,-992.59,210.0,-638.75,-665.0,1,94.234,
01/01/2000,01:10:53.45,20.74,-56.85,-992.23,175.0,-673.75,-472.50,1,94.236,
01/01/2000,01:10:53.46,21.96,-57.22,-991.86,218.75,-621.25,-271.25,1,94.238,
01/01/2000,01:10:53.47,22.45,-57.34,-991.74,183.75,-717.50,-323.75,1,94.240,
01/01/2000,01:10:53.49,22.20,-57.10,-991.62,192.50,-717.50,-341.25,1,94.242,
01/01/2000,01:10:53.50,21.59,-56.73,-991.62,262.50,-761.25,-341.25,1,94.245,
01/01/2000,01:10:53.51,20.74,-56.61,-991.74,262.50,-621.25,-131.25,1,94.247,
01/01/2000,01:10:53.52,20.13,-56.49,-991.86,96.25,-638.75,-236.25,1,94.249,
01/01/2000,01:10:53.53,19.76,-56.49,-992.10,113.75,-647.50,-393.75,1,94.251,
01/01/2000,01:10:53.54,19.76,-56.61,-992.47,201.25,-577.50,-376.25,1,94.253,
01/01/2000,01:10:53.55,20.01,-56.61,-992.59,131.25,-726.25,-525.0,1,94.255,
01/01/2000,01:10:53.56,20.74,-56.61,-992.59,157.50,-630.0,-358.75,1,94.258,
01/01/2000,01:10:53.57,21.47,-56.49,-992.35,253.75,-656.25,-420.0,1,94.224,
01/01/2000,01:10:53.58,21.96,-56.36,-992.10,201.25,-700.0,-253.75,1,94.262,
01/01/2000,01:10:53.59,22.08,-56.36,-991.98,157.50,-700.0,-332.50,1,94.229,
01/01/2000,01:10:53.60,21.84,-56.61,-992.10,288.75,-630.0,-306.25,1,94.231,
01/01/2000,01:10:53.61,21.47,-56.85,-992.10,192.50,-708.75,-437.50,1,94.233,
01/01/2000,01:10:53.62,21.11,-56.85,-992.35,157.50,-787.50,-402.50,1,94.235,
01/01/2000,01:10:53.64,20.62,-56.49,-992.84,166.25,-787.50,-280.0,1,94.237,
01/01/2000,01:10:53.65,20.01,-56.12,-992.96,175.0,-568.75,-280.0,1,94.239,
01/01/2000,01:10:53.66,19.76,-56.24,-993.08,87.50,-761.25,-271.25,1,94.242,
01/01/2000,01:10:53.67,19.89,-56.49,-993.08,122.50,-691.25,-367.50,1,94.244,
01/01/2000,01:10:53.68,20.50,-56.61,-993.08,78.75,-787.50,-341.25,1,94.246,
01/01/2000,01:10:53.69,21.23,-56.61,-992.59,201.25,-586.25,-568.75,1,94.248,
01/01/2000,01:10:53.70,22.08,-56.61,-991.98,148.75,-743.75,-463.75,1,94.215,
01/01/2000,01:10:53.71,22.33,-56.36,-991.62,43.75,-665.0,-218.75,1,94.217,
01/01/2000,01:10:53.72,22.20,-56.24,-991.25,210.0,-638.75,-297.50,1,94.219,
01/01/2000,01:10:53.73,21.96,-56.24,-991.01,140.0,-665.0,-332.50,1,94.221,
01/01/2000,01:10:53.74,21.35,-56.36,-991.13,26.25,-717.50,-113.75,1,94.224,
01/01/2000,01:10:53.75,20.98,-56.61,-991.25,227.50,-673.75,-420.0,1,94.226,
01/01/2000,01:10:53.76,20.62,-56.61,-991.62,192.50,-735.0,-393.75,1,94.228,
01/01/2000,01:10:53.77,20.01,-56.85,-992.23,288.75,-577.50,-376.25,1,94.230,
01/01/2000,01:10:53.78,20.01,-56.61,-992.47,183.75,-726.25,-446.25,1,94.232,
01/01/2000,01:10:53.79,20.13,-56.36,-992.47,201.25,-752.50,-525.0,1,94.234,
01/01/2000,01:10:53.80,20.74,-56.36,-992.35,87.50,-647.50,-393.75,1,94.237,
01/01/2000,01:10:53.81,21.47,-56.49,-991.74,157.50,-743.75,-341.25,1,94.239,
01/01/2000,01:10:53.83,22.45,-56.85,-991.62,253.75,-612.50,-341.25,1,94.241,
01/01/2000,01:10:53.84,22.94,-57.22,-991.74,253.75,-796.25,-463.75,1,94.243,
01/01/2000,01:10:53.85,22.33,-56.97,-991.86,210.0,-630.0,-446.25,1,94.245,
01/01/2000,01:10:53.86,21.47,-56.61,-992.23,61.25,-743.75,-113.75,1,94.247,
01/01/2000,01:10:53.87,20.98,-56.36,-992.59,157.50,-656.25,-385.0,1,94.249,
01/01/2000,01:10:53.88,20.01,-55.88,-992.84,148.75,-682.50,-280.0,1,94.252,
01/01/2000,01:10:53.89,19.52,-56.12,-992.71,43.75,-682.50,-245.0,1,94.254,
01/01/2000,01:10:53.90,19.64,-56.61,-992.59,297.50,-656.25,-341.25,1,94.256,
01/01/2000,01:10:53.91,20.25,-56.73,-992.23,175.0,-682.50,-446.25,1,94.223,
01/01/2000,01:10:53.92,20.98,-56.61,-991.98,288.75,-577.50,-498.75,1,94.225,
01/01/2000,01:10:53.93,21.72,-56.61,-991.74,192.50,-761.25,-297.50,1,94.227,
01/01/2000,01:10:53.94,21.72,-56.12,-991.86,166.25,-735.0,-227.50,1,94.229,
01/01/2000,01:10:53.95,21.72,-56.24,-992.10,183.75,-630.0,-253.75,1,94.231,
01/01/2000,01:10:53.96,21.23,-56.49,-992.23,288.75,-595.0,-358.75,1,94.234,
01/01/2000,01:10:53.97,20.98,-56.24,-992.23,131.25,-586.25,-393.75,1,94.236,
01/01/2000,01:10:53.99,20.86,-56.36,-992.10,157.50,-770.0,-428.75,1,94.238,
01/01/2000,01:10:54.00,20.98,-56.24,-992.23,87.50,-691.25,-358.75,1,94.240,
01/01/2000,01:10:54.01,21.11,-56.49,-992.59,245.0,-700.0,-280.0,1,94.242,
01/01/2000,01:10:54.02,21.35,-56.61,-992.84,245.0,-577.50,-446.25,1,94.244,
01/01/2000,01:10:54.03,21.47,-56.36,-992.84,192.50,-735.0,-280.0,1,94.246,
01/01/2000,01:10:54.04,21.72,-56.12,-992.59,271.25,-743.75,-288.75,1,94.249,
01/01/2000,01:10:54.05,22.20,-56.12,-991.98,70.0,-805.0,-288.75,1,94.251,
01/01/2000,01:10:54.06,22.08,-56.36,-991.86,166.25,-735.0,-358.75,1,94.253,
01/01/2000,01:10:54.07,21.96,-56.61,-992.10,96.25,-761.25,-323.75,1,94.255,
01/01/2000,01:10:54.08,21.59,-56.61,-992.47,236.25,-682.50,-288.75,1,94.257,
01/01/2000,01:10:54.09,20.74,-56.36,-992.47,166.25,-665.0,-367.50,1,94.259,
01/01/2000,01:10:54.10,20.98,-55.88,-992.35,70.0,-665.0,-358.75,1,94.261,
01/01/2000,01:10:54.11,21.23,-55.88,-992.47,157.50,-682.50,-358.75,1,94.264,
01/01/2000,01:10:54.12,21.23,-56.36,-992.47,245.0,-735.0,-271.25,1,94.231,
01/01/2000,01:10:54.13,21.35,-56.61,-992.59,140.0,-717.50,-393.75,1,94.233,
01/01/2000,01:10:54.15,21.47,-56.61,-992.59,183.75,-708.75,-332.50,1,94.235,
01/01/2000,01:10:54.15,21.47,-56.73,-992.59,245.0,-770.0,-332.50,1,94.237,
01/01/2000,01:10:54.17,21.23,-56.24,-992.96,166.25,-603.75,-262.50,1,94.239,
01/01/2000,01:10:54.18,21.35,-56.12,-992.84,122.50,-507.50,-376.25,1,94.241,
01/01/2000,01:10:54.19,21.11,-56.24,-992.59,218.75,-787.50,-218.75,1,94.244,
01/01/2000,01:10:54.20,20.98,-56.49,-992.35,70.0,-577.50,-455.0,1,94.246,
01/01/2000,01:10:54.21,20.98,-56.73,-992.10,166.25,-822.50,-236.25,1,94.248,
01/01/2000,01:10:54.22,20.86,-56.73,-992.35,218.75,-735.0,-420.0,1,94.215,
01/01/2000,01:10:54.23,20.74,-56.73,-992.35,183.75,-656.25,-280.0,1,94.252,
01/01/2000,01:10:54.24,20.25,-56.36,-992.59,183.75,-796.25,-428.75,1,94.219,
01/01/2000,01:10:54.25,19.89,-56.24,-992.35,253.75,-560.0,-323.75,1,94.222,
01/01/2000,01:10:54.26,20.25,-56.12,-991.98,157.50,-726.25,-376.25,1,94.224,
01/01/2000,01:10:54.27,20.74,-56.24,-991.62,122.50,-568.75,-323.75,1,94.226,
01/01/2000,01:10:54.28,21.47,-56.85,-991.62,175.0,-630.0,-297.50,1,94.228,
01/01/2000,01:10:54.29,21.72,-57.22,-991.74,192.50,-726.25,-402.50,1,94.230,
01/01/2000,01:10:54.30,21.96,-57.10,-992.23,96.25,-691.25,-376.25,1,94.232,
01/01/2000,01:10:54.31,21.96,-56.85,-992.47,183.75,-621.25,-271.25,1,94.234,
01/01/2000,01:10:54.32,21.23,-56.36,-992.47,52.50,-630.0,-262.50,1,94.236,
01/01/2000,01:10:54.33,20.74,-56.49,-992.10,148.75,-586.25,-157.50,1,94.239,
01/01/2000,01:10:54.35,20.25,-56.61,-991.86,131.25,-770.0,-253.75,1,94.241,
01/01/2000,01:10:54.35,20.50,-56.85,-991.98,87.50,-673.75,-455.0,1,94.243,
01/01/2000,01:10:54.37,20.98,-57.10,-991.98,96.25,-778.75,-437.50,1,94.245,
01/01/2000,01:10:54.38,21.35,-57.10,-992.23,122.50,-743.75,-481.25,1,94.247,
01/01/2000,01:10:54.39,21.72,-56.85,-992.35,218.75,-656.25,-393.75,1,94.249,
01/01/2000,01:10:54.40,21.72,-56.61,-992.35,262.50,-673.75,-262.50,1,94.251,
01/01/2000,01:10:54.41,21.72,-56.49,-992.10,122.50,-638.75,-288.75,1,94.253,
01/01/2000,01:10:54.42,21.72,-56.61,-992.23,140.0,-647.50,-280.0,1,94.255,
01/01/2000,01:10:54.43,21.47,-56.97,-992.23,96.25,-647.50,-323.75,1,94.257,
01/01/2000,01:10:54.44,21.23,-56.97,-992.10,52.50,-630.0,-315.0,1,94.260,
01/01/2000,01:10:54.45,20.74,-56.85,-991.98,271.25,-691.25,-332.50,1,94.262,
01/01/2000,01:10:54.46,20.25,-56.61,-992.10,157.50,-796.25,-393.75,1,94.264,
01/01/2000,01:10:54.47,20.62,-56.49,-992.35,175.0,-595.0,-341.25,1,94.231,
01/01/2000,01:10:54.48,21.35,-56.36,-992.10,52.50,-542.50,-358.75,1,94.234,
01/01/2000,01:10:54.49,22.08,-56.49,-991.86,183.75,-787.50,-437.50,1,94.236,
01/01/2000,01:10:54.50,22.94,-56.61,-991.62,201.25,-647.50,-315.0,1,94.238,
01/01/2000,01:10:54.51,23.06,-56.97,-991.74,218.75,-673.75,-350.0,1,94.240,
01/01/2000,01:10:54.52,22.69,-56.85,-991.86,201.25,-656.25,-332.50,1,94.242,
01/01/2000,01:10:54.53,21.96,-56.73,-992.10,183.75,-752.50,-297.50,1,94.244,
01/01/2000,01:10:54.55,20.25,-56.36,-992.35,280.0,-691.25,-306.25,1,94.246,
01/01/2000,01:10:54.56,19.52,-56.36,-992.47,253.75,-691.25,-262.50,1,94.248,
01/01/2000,01:10:54.57,19.28,-56.36,-992.59,192.50,-673.75,-428.75,1,94.250,
01/01/2000,01:10:54.58,19.52,-56.61,-992.35,113.75,-656.25,-542.50,1,94.252,
01/01/2000,01:10:54.59,20.62,-56.73,-992.23,253.75,-586.25,-498.75,1,94.255,
01/01/2000,01:10:54.60,21.84,-56.61,-992.10,70.0,-665.0,-577.50,1,94.257,
01/01/2000,01:10:54.61,22.81,-56.61,-992.35,175.0,-717.50,-236.25,1,94.259,
01/01/2000,01:10:54.62,23.18,-56.61,-992.71,288.75,-726.25,-297.50,1,94.261,
01/01/2000,01:10:54.63,22.57,-56.85,-992.71,201.25,-638.75,-113.75,1,94.263,
01/01/2000,01:10:54.64,21.47,-56.61,-992.47,122.50,-656.25,-236.25,1,94.265,
01/01/2000,01:10:54.65,20.50,-56.61,-992.23,122.50,-560.0,-402.50,1,94.267,
01/01/2000,01:10:54.66,20.25,-56.36,-992.10,166.25,-700.0,-297.50,1,94.269,
01/01/2000,01:10:54.68,19.76,-56.73,-992.47,148.75,-770.0,-411.25,1,94.237,
01/01/2000,01:10:54.69,20.25,-56.85,-992.71,166.25,-638.75,-350.0,1,94.205,
01/01/2000,01:10:54.70,20.98,-56.61,-992.59,148.75,-717.50,-428.75,1,94.207,
01/01/2000,01:10:54.71,22.69,-56.85,-992.23,350.0,-717.50,-376.25,1,94.209,
01/01/2000,01:10:54.72,23.18,-56.73,-991.86,78.75,-735.0,-280.0,1,94.211,
01/01/2000,01:10:54.73,23.18,-57.34,-991.86,280.0,-761.25,-148.75,1,94.213,
01/01/2000,01:10:54.74,22.94,-57.34,-992.23,140.0,-665.0,-297.50,1,94.215,
01/01/2000,01:10:54.75,22.20,-57.34,-992.96,218.75,-665.0,-288.75,1,94.218,
01/01/2000,01:10:54.76,20.25,-56.85,-992.84,227.50,-673.75,-332.50,1,94.220,
01/01/2000,01:10:54.77,19.40,-56.85,-992.59,280.0,-525.0,-341.25,1,94.222,
01/01/2000,01:10:54.79,19.03,-56.36,-992.35,61.25,-735.0,-358.75,1,94.224,
01/01/2000,01:10:54.79,19.52,-56.73,-991.98,183.75,-708.75,-297.50,1,94.226,
01/01/2000,01:10:54.81,20.50,-56.85,-991.74,131.25,-717.50,-428.75,1,94.228,
01/01/2000,01:10:54.82,21.72,-57.10,-991.74,140.0,-682.50,-516.25,1,94.230,
01/01/2000,01:10:54.83,23.42,-57.10,-991.86,87.50,-665.0,-358.75,1,94.232,
01/01/2000,01:10:54.84,23.79,-56.85,-992.10,218.75,-778.75,-236.25,1,94.234,
01/01/2000,01:10:54.85,23.06,-56.61,-992.23,70.0,-586.25,-78.75,1,94.236,
01/01/2000,01:10:54.86,21.47,-56.61,-992.10,315.0,-665.0,-166.25,1,94.238,
01/01/2000,01:10:54.87,20.37,-56.73,-991.74,26.25,-673.75,-306.25,1,94.240,
01/01/2000,01:10:54.88,19.64,-56.85,-991.49,35.0,-770.0,-358.75,1,94.243,
01/01/2000,01:10:54.89,19.40,-56.85,-991.37,96.25,-691.25,-455.0,1,94.245,
01/01/2000,01:10:54.90,19.76,-56.85,-991.86,105.0,-700.0,-393.75,1,94.213,
01/01/2000,01:10:54.91,20.74,-56.73,-992.35,122.50,-682.50,-472.50,1,94.215,
01/01/2000,01:10:54.92,21.59,-56.61,-992.10,236.25,-638.75,-463.75,1,94.217,
01/01/2000,01:10:54.93,22.45,-56.36,-991.86,280.0,-708.75,-437.50,1,94.219,
01/01/2000,01:10:54.94,23.30,-56.36,-991.74,78.75,-796.25,-175.0,1,94.221,
01/01/2000,01:10:54.95,23.42,-56.97,-991.86,280.0,-586.25,-280.0,1,94.223,
01/01/2000,01:10:54.96,22.20,-57.34,-992.47,96.25,-691.25,-323.75,1,94.225,
01/01/2000,01:10:54.98,20.50,-56.97,-992.84,175.0,-647.50,-306.25,1,94.227,
01/01/2000,01:10:54.99,19.28,-56.49,-992.84,201.25,-621.25,-428.75,1,94.229,
01/01/2000,01:10:55.00,18.79,-56.24,-992.71,253.75,-638.75,-192.50,1,94.231,
01/01/2000,01:10:55.01,18.79,-56.36,-992.47,210.0,-691.25,-367.50,1,94.234,
01/01/2000,01:10:55.02,19.76,-56.97,-992.47,148.75,-761.25,-393.75,1,94.236,
01/01/2000,01:10:55.03,20.74,-57.10,-992.35,166.25,-673.75,-437.50,1,94.238,
01/01/2000,01:10:55.04,22.20,-57.34,-992.35,271.25,-743.75,-393.75,1,94.240,
01/01/2000,01:10:55.05,22.69,-56.85,-992.47,183.75,-735.0,-332.50,1,94.242,
01/01/2000,01:10:55.06,22.57,-56.73,-992.59,236.25,-787.50,-306.25,1,94.244,
01/01/2000,01:10:55.07,22.45,-56.49,-992.71,122.50,-630.0,-262.50,1,94.246,
01/01/2000,01:10:55.08,21.23,-56.73,-992.71,113.75,-682.50,-113.75,1,94.248,
01/01/2000,01:10:55.09,20.50,-56.61,-992.47,166.25,-647.50,-385.0,1,94.250,
01/01/2000,01:10:55.10,19.89,-57.10,-992.23,332.50,-647.50,-280.0,1,94.252,
01/01/2000,01:10:55.11,19.40,-57.10,-992.10,192.50,-717.50,-315.0,1,94.220,
01/01/2000,01:10:55.12,19.40,-56.85,-992.10,183.75,-778.75,-481.25,1,94.223,
01/01/2000,01:10:55.13,20.01,-56.73,-992.10,157.50,-691.25,-507.50,1,94.225,
01/01/2000,01:10:55.15,21.72,-56.49,-991.86,122.50,-673.75,-367.50,1,94.227,
01/01/2000,01:10:55.15,23.30,-56.61,-991.74,61.25,-778.75,-367.50,1,94.229,
01/01/2000,01:10:55.17,24.40,-56.97,-991.74,148.75,-665.0,-253.75,1,94.231,
01/01/2000,01:10:55.18,24.89,-57.22,-991.86,52.50,-822.50,-280.0,1,94.233,
01/01/2000,01:10:55.19,23.42,-56.97,-992.47,280.0,-761.25,-201.25,1,94.201,
01/01/2000,01:10:55.20,21.35,-56.24,-992.35,253.75,-726.25,-350.0,1,94.203,
01/01/2000,01:10:55.21,20.01,-56.12,-992.10,131.25,-542.50,-288.75,1,94.205,
01/01/2000,01:10:55.22,19.28,-56.24,-991.74,262.50,-665.0,-358.75,1,94.208,
01/01/2000,01:10:55.23,19.28,-56.49,-991.49,280.0,-743.75,-446.25,1,94.210,
01/01/2000,01:10:55.24,20.25,-56.85,-991.86,227.50,-691.25,-472.50,1,94.212,
01/01/2000,01:10:55.26,21.11,-57.22,-992.10,280.0,-525.0,-402.50,1,94.214,
01/01/2000,01:10:55.27,22.08,-56.97,-992.35,-35.0,-647.50,-455.0,1,94.216,
01/01/2000,01:10:55.28,22.69,-56.49,-992.35,96.25,-717.50,-271.25,1,94.218,
01/01/2000,01:10:55.29,22.69,-56.24,-992.35,122.50,-813.75,-227.50,1,94.220,
01/01/2000,01:10:55.30,22.45,-56.36,-992.35,-8.75,-726.25,-236.25,1,94.222,
01/01/2000,01:10:55.31,21.84,-56.85,-992.35,61.25,-717.50,-350.0,1,94.224,
01/01/2000,01:10:55.32,20.98,-56.97,-992.23,201.25,-796.25,-463.75,1,94.226,
01/01/2000,01:10:55.33,19.89,-56.85,-992.47,148.75,-743.75,-402.50,1,94.228,
01/01/2000,01:10:55.34,19.28,-56.36,-992.35,332.50,-577.50,-367.50,1,94.230,
01/01/2000,01:10:55.35,19.15,-56.24,-992.35,96.25,-621.25,-446.25,1,94.232,
01/01/2000,01:10:55.36,20.25,-56.12,-991.86,175.0,-656.25,-341.25,1,94.234,
01/01/2000,01:10:55.37,21.47,-56.24,-991.62,131.25,-805.0,-446.25,1,94.236,
01/01/2000,01:10:55.38,22.69,-56.73,-991.74,148.75,-595.0,-367.50,1,94.238,
01/01/2000,01:10:55.39,23.79,-57.10,-992.23,166.25,-717.50,-411.25,1,94.240,
01/01/2000,01:10:55.40,23.55,-57.34,-992.96,201.25,-752.50,-192.50,1,94.242,
01/01/2000,01:10:55.41,21.96,-56.61,-992.96,201.25,-805.0,-148.75,1,94.244,
01/01/2000,01:10:55.42,20.37,-56.36,-992.59,166.25,-752.50,-148.75,1,94.246,
01/01/2000,01:10:55.43,19.03,-56.49,-992.35,113.75,-656.25,-288.75,1,94.215,
01/01/2000,01:10:55.44,18.30,-56.61,-992.35,201.25,-805.0,-367.50,1,94.250,
01/01/2000,01:10:55.45,18.06,-57.10,-992.23,61.25,-700.0,-507.50,1,94.219,
01/01/2000,01:10:55.47,19.40,-57.10,-992.35,113.75,-735.0,-691.25,1,94.221,
01/01/2000,01:10:55.48,21.72,-56.73,-992.35,175.0,-665.0,-621.25,1,94.223,
01/01/2000,01:10:55.49,23.06,-56.61,-992.35,253.75,-778.75,-175.0,1,94.225,
01/01/2000,01:10:55.50,23.91,-56.61,-992.59,288.75,-708.75,-52.50,1,94.227,
01/01/2000,01:10:55.51,24.40,-56.85,-992.47,157.50,-796.25,-8.75,1,94.229,
01/01/2000,01:10:55.52,23.79,-57.22,-992.35,148.75,-638.75,-288.75,1,94.231,
01/01/2000,01:10:55.53,22.33,-57.34,-992.35,157.50,-656.25,-306.25,1,94.233,
01/01/2000,01:10:55.54,20.74,-56.85,-992.35,70.0,-700.0,-393.75,1,94.236,
01/01/2000,01:10:55.55,19.52,-56.73,-992.35,122.50,-630.0,-148.75,1,94.238,
01/01/2000,01:10:55.56,19.15,-56.61,-991.98,157.50,-656.25,-402.50,1,94.240,
01/01/2000,01:10:55.57,19.52,-56.73,-991.62,78.75,-726.25,-516.25,1,94.242,
01/01/2000,01:10:55.58,21.47,-56.85,-991.62,262.50,-735.0,-507.50,1,94.244,
01/01/2000,01:10:55.59,22.69,-57.34,-991.86,166.25,-708.75,-315.0,1,94.246,
01/01/2000,01:10:55.60,23.55,-57.34,-992.59,61.25,-656.25,-367.50,1,94.215,
01/01/2000,01:10:55.61,23.30,-57.10,-992.84,210.0,-691.25,-358.75,1,94.217,
01/01/2000,01:10:55.62,22.69,-56.85,-992.71,105.0,-682.50,-113.75,1,94.219,
01/01/2000,01:10:55.63,21.35,-56.61,-992.10,280.0,-691.25,-70.0,1,94.221,
01/01/2000,01:10:55.64,19.52,-56.61,-991.74,113.75,-726.25,-341.25,1,94.223,
01/01/2000,01:10:55.65,19.03,-57.10,-991.49,148.75,-761.25,-367.50,1,94.225,
01/01/2000,01:10:55.66,18.67,-57.22,-991.62,131.25,-621.25,-420.0,1,94.227,
01/01/2000,01:10:55.68,19.52,-56.97,-991.98,236.25,-577.50,-560.0,1,94.229,
01/01/2000,01:10:55.69,20.50,-56.73,-991.86,70.0,-717.50,-428.75,1,94.231,
01/01/2000,01:10:55.70,22.20,-56.61,-991.98,192.50,-752.50,-61.25,1,94.233,
01/01/2000,01:10:55.71,23.06,-57.10,-992.10,210.0,-656.25,-385.0,1,94.202,
01/01/2000,01:10:55.72,23.30,-57.34,-992.10,253.75,-726.25,-367.50,1,94.204,
01/01/2000,01:10:55.73,23.06,-57.22,-992.35,78.75,-700.0,-288.75,1,94.206,
01/01/2000,01:10:55.74,21.72,-56.85,-991.98,105.0,-595.0,-122.50,1,94.208,
01/01/2000,01:10:55.75,20.98,-56.73,-991.98,183.75,-665.0,-227.50,1,94.210,
01/01/2000,01:10:55.76,20.01,-56.73,-991.98,218.75,-682.50,-323.75,1,94.212,
01/01/2000,01:10:55.77,19.76,-56.85,-991.49,192.50,-551.25,-455.0,1,94.214,
01/01/2000,01:10:55.78,20.37,-56.73,-991.49,183.75,-647.50,-533.75,1,94.216,
01/01/2000,01:10:55.79,21.47,-56.61,-991.62,210.0,-682.50,-472.50,1,94.218,
01/01/2000,01:10:55.80,22.81,-56.85,-991.86,148.75,-752.50,-393.75,1,94.220,
01/01/2000,01:10:55.82,23.42,-56.97,-992.35,52.50,-726.25,-376.25,1,94.222,
01/01/2000,01:10:55.83,23.42,-57.10,-992.71,157.50,-735.0,-218.75,1,94.224,
01/01/2000,01:10:55.84,22.69,-57.22,-992.59,166.25,-691.25,-288.75,1,94.226,
01/01/2000,01:10:55.85,21.59,-56.97,-992.35,253.75,-700.0,-245.0,1,94.228,
01/01/2000,01:10:55.86,20.25,-56.61,-992.10,210.0,-700.0,-297.50,1,94.230,
01/01/2000,01:10:55.87,19.52,-56.85,-991.86,183.75,-586.25,-437.50,1,94.232,
01/01/2000,01:10:55.88,19.03,-56.61,-991.86,96.25,-560.0,-323.75,1,94.234,
01/01/2000,01:10:55.89,19.28,-56.85,-991.98,288.75,-630.0,-498.75,1,94.236,
01/01/2000,01:10:55.90,20.62,-56.85,-992.35,148.75,-717.50,-437.50,1,94.238,
01/01/2000,01:10:55.91,21.47,-56.85,-992.47,210.0,-708.75,-481.25,1,94.240,
01/01/2000,01:10:55.92,22.08,-56.85,-992.59,166.25,-595.0,-350.0,1,94.242,
01/01/2000,01:10:55.93,22.94,-56.85,-992.71,175.0,-717.50,-411.25,1,94.244,
01/01/2000,01:10:55.94,22.94,-56.85,-992.71,148.75,-682.50,-271.25,1,94.246,
01/01/2000,01:10:55.95,22.45,-56.97,-992.47,157.50,-700.0,-358.75,1,94.248,
01/01/2000,01:10:55.96,21.23,-56.85,-992.23,78.75,-805.0,-288.75,1,94.250,
01/01/2000,01:10:55.97,20.74,-56.61,-992.10,96.25,-621.25,-367.50,1,94.252,
01/01/2000,01:10:55.98,20.98,-56.73,-991.86,157.50,-691.25,-472.50,1,94.254,
01/01/2000,01:10:55.99,22.45,-56.24,-991.62,297.50,-761.25,-691.25,1,94.256,
01/01/2000,01:10:56.00,25.86,-56.36,-991.62,105.0,-761.25,-568.75,1,94.258,
01/01/2000,01:10:56.01,28.67,-56.85,-992.10,236.25,-743.75,-551.25,1,94.260,
01/01/2000,01:10:56.03,31.72,-57.22,-993.08,-35.0,-638.75,-297.50,1,94.229,
01/01/2000,01:10:56.04,32.45,-57.10,-993.32,131.25,-708.75,-227.50,1,94.231,
01/01/2000,01:10:56.05,31.48,-56.49,-992.71,218.75,-638.75,26.25,1,94.233,
01/01/2000,01:10:56.06,28.55,-56.36,-991.98,253.75,-691.25,96.25,1,94.235,
01/01/2000,01:10:56.07,26.47,-56.49,-991.74,140.0,-665.0,-306.25,1,94.237,
01/01/2000,01:10:56.08,24.89,-56.97,-991.74,218.75,-656.25,-560.0,1,94.239,
01/01/2000,01:10:56.09,24.77,-56.73,-991.49,166.25,-630.0,-752.50,1,94.241,
01/01/2000,01:10:56.10,26.84,-56.36,-991.74,87.50,-665.0,-875.0,1,94.243,
01/01/2000,01:10:56.11,29.89,-56.49,-991.86,140.0,-726.25,-507.50,1,94.245,
01/01/2000,01:10:56.12,34.40,-56.49,-991.74,-26.25,-708.75,-218.75,1,94.247,
01/01/2000,01:10:56.13,36.23,-57.22,-991.74,262.50,-708.75,-140.0,1,94.249,
01/01/2000,01:10:56.14,37.09,-57.46,-992.10,210.0,-761.25,-148.75,1,94.251,
01/01/2000,01:10:56.15,36.60,-57.46,-992.35,52.50,-647.50,-236.25,1,94.253,
01/01/2000,01:10:56.16,32.94,-56.73,-992.47,113.75,-761.25,-87.50,1,94.255,
01/01/2000,01:10:56.17,30.26,-56.36,-991.86,87.50,-577.50,-78.75,1,94.225,
01/01/2000,01:10:56.18,27.08,-56.61,-991.37,262.50,-603.75,-262.50,1,94.227,
01/01/2000,01:10:56.19,24.77,-56.73,-991.13,306.25,-726.25,-656.25,1,94.229,
01/01/2000,01:10:56.20,25.38,-56.97,-991.13,148.75,-673.75,-936.25,1,94.231,
01/01/2000,01:10:56.22,27.57,-57.10,-991.25,175.0,-735.0,-577.50,1,94.233,
01/01/2000,01:10:56.23,30.26,-56.85,-992.10,306.25,-743.75,-437.50,1,94.235,
01/01/2000,01:10:56.24,30.99,-56.73,-992.84,-52.50,-805.0,0.0,1,94.237,
01/01/2000,01:10:56.25,30.13,-57.46,-993.08,332.50,-752.50,52.50,1,94.239,
01/01/2000,01:10:56.26,26.11,-57.34,-992.59,61.25,-726.25,-148.75,1,94.241,
01/01/2000,01:10:56.27,23.67,-56.85,-991.62,201.25,-691.25,-490.0,1,94.243,
01/01/2000,01:10:56.28,22.57,-56.36,-991.25,131.25,-735.0,-726.25,1,94.245,
01/01/2000,01:10:56.29,22.94,-56.12,-992.10,87.50,-691.25,-673.75,1,94.247,
01/01/2000,01:10:56.30,24.52,-57.10,-993.20,183.75,-603.75,-315.0,1,94.249,
01/01/2000,01:10:56.31,24.89,-57.58,-993.32,201.25,-647.50,-306.25,1,94.251,
01/01/2000,01:10:56.32,24.64,-57.34,-992.71,113.75,-665.0,-341.25,1,94.220,
01/01/2000,01:10:56.33,23.67,-56.97,-991.62,175.0,-813.75,-350.0,1,94.254,
01/01/2000,01:10:56.34,22.20,-56.85,-991.74,122.50,-822.50,-393.75,1,94.224,
01/01/2000,01:10:56.35,21.96,-56.73,-992.23,61.25,-708.75,-437.50,1,94.226,
01/01/2000,01:10:56.36,22.08,-56.85,-992.59,87.50,-673.75,-393.75,1,94.228,
01/01/2000,01:10:56.37,22.45,-56.97,-992.59,183.75,-735.0,-516.25,1,94.230,
01/01/2000,01:10:56.39,22.45,-57.10,-991.86,-17.50,-770.0,-271.25,1,94.232,
01/01/2000,01:10:56.40,22.45,-57.46,-991.74,201.25,-735.0,-455.0,1,94.234,
01/01/2000,01:10:56.41,22.45,-57.34,-992.23,87.50,-630.0,-437.50,1,94.236,
01/01/2000,01:10:56.42,22.08,-57.22,-992.59,157.50,-612.50,-367.50,1,94.238,
01/01/2000,01:10:56.43,21.96,-56.85,-992.47,201.25,-647.50,-288.75,1,94.240,
01/01/2000,01:10:56.44,21.72,-56.61,-992.10,148.75,-691.25,-245.0,1,94.242,
01/01/2000,01:10:56.45,21.72,-56.73,-991.62,113.75,-708.75,-306.25,1,94.244,
01/01/2000,01:10:56.46,21.72,-57.58,-991.98,148.75,-735.0,-350.0,1,94.246,
01/01/2000,01:10:56.47,21.96,-57.58,-992.35,175.0,-822.50,-463.75,1,94.248,
01/01/2000,01:10:56.48,21.96,-57.34,-992.47,113.75,-770.0,-542.50,1,94.250,
01/01/2000,01:10:56.49,21.72,-56.73,-992.35,183.75,-735.0,-157.50,1,94.252,
01/01/2000,01:10:56.50,21.47,-56.73,-991.98,113.75,-621.25,-227.50,1,94.254,
01/01/2000,01:10:56.51,21.35,-57.22,-992.10,253.75,-735.0,-367.50,1,94.256,
01/01/2000,01:10:56.52,21.59,-57.58,-992.47,323.75,-630.0,-411.25,1,94.226,
01/01/2000,01:10:56.53,21.59,-57.58,-992.96,122.50,-726.25,-498.75,1,94.228,
01/01/2000,01:10:56.54,22.08,-57.10,-994.30,192.50,-796.25,-288.75,1,94.229,
01/01/2000,01:10:56.55,21.47,-56.85,-995.89,17.50,-717.50,35.0,1,94.231,
01/01/2000,01:10:56.56,19.28,-57.46,-997.11,297.50,-533.75,-280.0,1,94.233,
01/01/2000,01:10:56.57,18.18,-56.85,-997.59,280.0,-533.75,-490.0,1,94.235,
01/01/2000,01:10:56.58,18.30,-56.49,-997.96,113.75,-700.0,-560.0,1,94.237,
01/01/2000,01:10:56.60,20.74,-57.10,-998.81,183.75,-638.75,-717.50,1,94.239,
01/01/2000,01:10:56.61,22.94,-57.34,-1000.03,105.0,-735.0,-472.50,1,94.241,
01/01/2000,01:10:56.62,24.64,-57.58,-1000.28,175.0,-621.25,-306.25,1,94.243,
01/01/2000,01:10:56.63,25.62,-57.22,-1000.16,131.25,-691.25,-411.25,1,94.245,
01/01/2000,01:10:56.64,25.50,-56.97,-1000.16,113.75,-796.25,-253.75,1,94.247,
01/01/2000,01:10:56.65,24.89,-57.22,-1000.89,192.50,-787.50,-262.50,1,94.249,
01/01/2000,01:10:56.66,23.55,-57.58,-1002.84,17.50,-778.75,-393.75,1,94.219,
01/01/2000,01:10:56.67,22.45,-57.58,-1003.94,105.0,-700.0,-332.50,1,94.253,
01/01/2000,01:10:56.68,20.86,-57.10,-1004.91,148.75,-586.25,-253.75,1,94.223,
01/01/2000,01:10:56.69,20.50,-57.10,-1004.79,96.25,-638.75,-332.50,1,94.225,
01/01/2000,01:10:56.70,20.25,-57.10,-1004.06,236.25,-726.25,-490.0,1,94.227,
01/01/2000,01:10:56.71,20.13,-57.10,-1003.08,183.75,-708.75,-262.50,1,94.229,
01/01/2000,01:10:56.73,20.37,-57.83,-1000.28,157.50,-560.0,-490.0,1,94.231,
01/01/2000,01:10:56.74,20.98,-57.34,-999.06,210.0,-656.25,-621.25,1,94.233,
01/01/2000,01:10:56.75,22.08,-57.22,-999.18,280.0,-735.0,-210.0,1,94.235,
01/01/2000,01:10:56.76,23.30,-56.85,-1000.16,52.50,-787.50,-472.50,1,94.237,
01/01/2000,01:10:56.77,24.16,-57.10,-1001.13,183.75,-656.25,-560.0,1,94.239,
01/01/2000,01:10:56.78,24.40,-57.58,-1001.62,87.50,-630.0,-227.50,1,94.240,
01/01/2000,01:10:56.79,23.67,-57.83,-1001.01,157.50,-770.0,-481.25,1,94.242,
01/01/2000,01:10:56.80,22.33,-57.46,-999.91,105.0,-743.75,-472.50,1,94.213,
01/01/2000,01:10:56.81,20.50,-57.34,-997.96,218.75,-752.50,-350.0,1,94.215,
01/01/2000,01:10:56.82,19.52,-57.10,-996.98,148.75,-726.25,-551.25,1,94.217,
01/01/2000,01:10:56.83,19.15,-57.34,-996.01,148.75,-507.50,-542.50,1,94.218,
01/01/2000,01:10:56.84,19.28,-57.34,-994.91,122.50,-708.75,-402.50,1,94.220,
01/01/2000,01:10:56.85,19.52,-57.34,-994.06,148.75,-673.75,-402.50,1,94.222,
01/01/2000,01:10:56.86,20.50,-57.34,-994.30,175.0,-805.0,-420.0,1,94.224,
01/01/2000,01:10:56.87,21.11,-57.10,-994.18,253.75,-612.50,-420.0,1,94.226,
01/01/2000,01:10:56.88,21.23,-56.97,-993.81,437.50,-735.0,-682.50,1,94.228,
01/01/2000,01:10:56.90,21.23,-56.85,-993.45,78.75,-813.75,-297.50,1,94.230,
01/01/2000,01:10:56.90,21.47,-57.22,-993.57,271.25,-778.75,-446.25,1,94.232,
01/01/2000,01:10:56.92,21.72,-57.46,-994.18,140.0,-656.25,-656.25,1,94.234,
01/01/2000,01:10:56.93,22.20,-57.34,-994.79,236.25,-647.50,-210.0,1,94.236,
01/01/2000,01:10:56.94,22.33,-57.10,-995.03,245.0,-708.75,157.50,1,94.238,
01/01/2000,01:10:56.95,22.08,-56.73,-994.67,201.25,-647.50,-175.0,1,94.240,
01/01/2000,01:10:56.96,21.72,-56.97,-994.06,183.75,-796.25,-385.0,1,94.242,
01/01/2000,01:10:56.97,21.72,-57.10,-993.57,-8.75,-717.50,-498.75,1,94.244,
01/01/2000,01:10:56.98,21.72,-57.22,-993.08,288.75,-665.0,-376.25,1,94.246,
01/01/2000,01:10:56.99,21.84,-57.10,-992.84,87.50,-822.50,-551.25,1,94.247,
01/01/2000,01:10:57.00,22.45,-57.22,-992.84,157.50,-822.50,-358.75,1,94.249,
01/01/2000,01:10:57.01,21.96,-57.22,-993.08,210.0,-656.25,-262.50,1,94.220,
01/01/2000,01:10:57.02,21.23,-57.10,-992.47,140.0,-638.75,-271.25,1,94.222,
01/01/2000,01:10:57.03,20.37,-57.34,-991.49,192.50,-656.25,-236.25,1,94.224,
01/01/2000,01:10:57.04,19.52,-56.97,-991.13,61.25,-586.25,-358.75,1,94.226,
01/01/2000,01:10:57.05,19.52,-57.10,-991.49,61.25,-647.50,-560.0,1,94.228,
01/01/2000,01:10:57.06,20.62,-57.22,-993.08,122.50,-603.75,-796.25,1,94.229,
01/01/2000,01:10:57.07,21.59,-57.10,-993.57,122.50,-752.50,-603.75,1,94.231,
01/01/2000,01:10:57.09,22.57,-56.85,-993.32,210.0,-656.25,-358.75,1,94.233,
01/01/2000,01:10:57.10,23.18,-56.85,-992.84,192.50,-673.75,-297.50,1,94.235,
01/01/2000,01:10:57.11,23.18,-57.22,-992.47,113.75,-673.75,-210.0,1,94.237,
01/01/2000,01:10:57.12,22.94,-57.46,-992.71,157.50,-708.75,-393.75,1,94.239,
01/01/2000,01:10:57.13,22.20,-57.34,-992.96,341.25,-665.0,-411.25,1,94.241,
01/01/2000,01:10:57.14,21.59,-56.73,-992.59,105.0,-568.75,-306.25,1,94.243,
01/01/2000,01:10:57.15,20.74,-56.36,-991.86,78.75,-656.25,-245.0,1,94.245,
01/01/2000,01:10:57.16,19.52,-56.85,-991.01,140.0,-778.75,-227.50,1,94.247,
01/01/2000,01:10:57.17,19.03,-57.34,-990.52,218.75,-708.75,-218.75,1,94.249,
01/01/2000,01:10:57.18,18.91,-57.83,-990.64,341.25,-840.0,-341.25,1,94.251,
01/01/2000,01:10:57.19,19.64,-57.34,-991.49,113.75,-673.75,-682.50,1,94.252,
01/01/2000,01:10:57.20,20.62,-57.10,-992.71,245.0,-743.75,-551.25,1,94.254,
01/01/2000,01:10:57.21,22.20,-56.85,-993.81,157.50,-638.75,-358.75,1,94.256,
01/01/2000,01:10:57.22,24.40,-56.85,-994.30,113.75,-682.50,-96.25,1,94.227,
01/01/2000,01:10:57.24,24.89,-57.22,-993.32,280.0,-848.75,-122.50,1,94.229,
01/01/2000,01:10:57.25,23.55,-57.71,-992.10,78.75,-778.75,-393.75,1,94.231,
01/01/2000,01:10:57.26,22.33,-57.83,-992.10,96.25,-805.0,-385.0,1,94.233,
01/01/2000,01:10:57.27,20.98,-57.34,-992.35,122.50,-577.50,-507.50,1,94.235,
01/01/2000,01:10:57.28,18.91,-56.61,-992.59,262.50,-673.75,-227.50,1,94.237,
01/01/2000,01:10:57.29,18.30,-56.49,-992.23,157.50,-717.50,-218.75,1,94.238,
01/01/2000,01:10:57.30,18.30,-56.85,-991.74,96.25,-673.75,-280.0,1,94.240,
01/01/2000,01:10:57.31,18.42,-57.46,-990.15,96.25,-621.25,-402.50,1,94.242,
01/01/2000,01:10:57.32,19.28,-57.71,-989.66,236.25,-691.25,-402.50,1,94.244,
01/01/2000,01:10:57.33,20.25,-57.58,-990.27,183.75,-883.75,-542.50,1,94.246,
01/01/2000,01:10:57.34,21.59,-57.46,-992.10,166.25,-717.50,-560.0,1,94.217,
01/01/2000,01:10:57.35,22.94,-57.46,-994.06,218.75,-507.50,-428.75,1,94.250,
01/01/2000,01:10:57.36,23.79,-57.22,-995.28,253.75,-708.75,-140.0,1,94.221,
01/01/2000,01:10:57.37,23.67,-56.97,-994.18,166.25,-647.50,-113.75,1,94.223,
01/01/2000,01:10:57.38,22.45,-57.46,-992.84,280.0,-787.50,140.0,1,94.224,
01/01/2000,01:10:57.39,20.50,-57.46,-990.88,227.50,-822.50,-280.0,1,94.226,
01/01/2000,01:10:57.40,19.52,-57.58,-991.01,218.75,-708.75,-691.25,1,94.228,
01/01/2000,01:10:57.41,19.15,-57.22,-991.86,148.75,-665.0,-586.25,1,94.230,
01/01/2000,01:10:57.42,19.03,-57.10,-993.08,227.50,-656.25,-481.25,1,94.232,
01/01/2000,01:10:57.44,20.13,-56.61,-994.06,87.50,-638.75,-542.50,1,94.234,
01/01/2000,01:10:57.45,21.23,-56.85,-993.81,157.50,-735.0,-367.50,1,94.236,
01/01/2000,01:10:57.46,22.20,-57.22,-992.84,175.0,-560.0,-227.50,1,94.238,
01/01/2000,01:10:57.47,22.69,-57.46,-991.37,192.50,-673.75,-253.75,1,94.240,
01/01/2000,01:10:57.48,22.94,-57.58,-990.40,96.25,-778.75,-253.75,1,94.242,
01/01/2000,01:10:57.49,23.18,-57.58,-991.37,26.25,-726.25,-437.50,1,94.243,
01/01/2000,01:10:57.50,23.18,-57.34,-993.45,105.0,-796.25,-280.0,1,94.245,
01/01/2000,01:10:57.51,22.94,-56.85,-995.52,175.0,-700.0,-297.50,1,94.247,
01/01/2000,01:10:57.52,22.20,-56.61,-995.15,262.50,-691.25,-166.25,1,94.249,
01/01/2000,01:10:57.53,21.47,-56.61,-993.08,201.25,-752.50,-140.0,1,94.251,
01/01/2000,01:10:57.54,20.74,-57.46,-991.98,122.50,-735.0,-428.75,1,94.253,
01/01/2000,01:10:57.55,20.50,-57.71,-991.62,122.50,-708.75,-428.75,1,94.255,
01/01/2000,01:10:57.56,20.50,-57.71,-992.10,245.0,-726.25,-673.75,1,94.257,
01/01/2000,01:10:57.57,20.74,-56.97,-993.20,297.50,-656.25,-533.75,1,94.228,
01/01/2000,01:10:57.58,21.35,-56.49,-993.57,210.0,-673.75,-245.0,1,94.230,
01/01/2000,01:10:57.59,21.72,-56.61,-993.08,157.50,-708.75,-140.0,1,94.231,
01/01/2000,01:10:57.60,21.47,-57.34,-991.98,201.25,-612.50,-262.50,1,94.233,
01/01/2000,01:10:57.61,20.98,-57.58,-990.76,-17.50,-717.50,-201.25,1,94.235,
01/01/2000,01:10:57.62,20.37,-57.58,-990.15,192.50,-708.75,-402.50,1,94.237,
01/01/2000,01:10:57.63,20.01,-57.22,-991.37,148.75,-796.25,-542.50,1,94.239,
01/01/2000,01:10:57.65,20.74,-56.61,-993.81,148.75,-647.50,-332.50,1,94.241,
01/01/2000,01:10:57.66,21.47,-56.49,-994.91,245.0,-665.0,-323.75,1,94.243,
01/01/2000,01:10:57.67,22.08,-56.49,-994.79,105.0,-665.0,-350.0,1,94.245,
01/01/2000,01:10:57.68,22.69,-57.34,-994.30,245.0,-735.0,-358.75,1,94.246,
01/01/2000,01:10:57.69,22.69,-57.58,-993.81,245.0,-682.50,-420.0,1,94.248,
01/01/2000,01:10:57.70,22.33,-57.34,-993.32,210.0,-770.0,-428.75,1,94.250,
01/01/2000,01:10:57.71,21.72,-56.85,-993.08,192.50,-568.75,-437.50,1,94.252,
01/01/2000,01:10:57.72,20.86,-56.49,-992.10,35.0,-726.25,-420.0,1,94.254,
01/01/2000,01:10:57.73,20.37,-56.85,-991.62,297.50,-682.50,-288.75,1,94.256,
01/01/2000,01:10:57.75,20.74,-57.22,-991.13,131.25,-665.0,-472.50,1,94.227,
01/01/2000,01:10:57.76,21.59,-56.97,-990.88,87.50,-700.0,-770.0,1,94.229,
01/01/2000,01:10:57.77,21.96,-57.10,-990.76,341.25,-787.50,-245.0,1,94.231,
01/01/2000,01:10:57.78,22.08,-56.97,-991.01,148.75,-743.75,-218.75,1,94.233,
01/01/2000,01:10:57.79,21.96,-57.10,-992.35,201.25,-708.75,-253.75,1,94.235,
01/01/2000,01:10:57.80,22.08,-57.10,-993.20,236.25,-638.75,-227.50,1,94.236,
01/01/2000,01:10:57.81,21.59,-57.34,-993.81,227.50,-761.25,-140.0,1,94.238,
01/01/2000,01:10:57.82,21.59,-57.10,-993.93,105.0,-621.25,-306.25,1,94.240,
01/01/2000,01:10:57.83,21.23,-57.10,-993.69,262.50,-647.50,-385.0,1,94.242,
01/01/2000,01:10:57.84,21.23,-56.73,-992.96,105.0,-621.25,-323.75,1,94.244,
01/01/2000,01:10:57.85,21.35,-57.22,-992.59,78.75,-761.25,-306.25,1,94.246,
01/01/2000,01:10:57.86,21.72,-57.34,-992.10,140.0,-682.50,-358.75,1,94.248,
01/01/2000,01:10:57.87,21.59,-57.58,-991.98,70.0,-621.25,-490.0,1,94.250,
01/01/2000,01:10:57.88,21.72,-57.34,-991.86,131.25,-743.75,-411.25,1,94.251,
01/01/2000,01:10:57.89,21.47,-57.22,-991.86,175.0,-717.50,-498.75,1,94.253,
01/01/2000,01:10:57.90,21.35,-57.10,-991.86,17.50,-673.75,-140.0,1,94.255,
01/01/2000,01:10:57.91,21.11,-57.22,-991.37,157.50,-647.50,-280.0,1,94.257,
01/01/2000,01:10:57.92,20.74,-57.34,-990.76,271.25,-665.0,-341.25,1,94.259,
01/01/2000,01:10:57.93,20.74,-57.22,-990.64,157.50,-743.75,-411.25,1,94.230,
01/01/2000,01:10:57.94,21.11,-57.22,-991.62,70.0,-647.50,-402.50,1,94.232,
01/01/2000,01:10:57.95,21.47,-56.97,-992.59,245.0,-770.0,-358.75,1,94.234,
01/01/2000,01:10:57.96,21.96,-56.97,-993.32,52.50,-717.50,-262.50,1,94.236,
01/01/2000,01:10:57.97,22.20,-57.10,-993.57,183.75,-638.75,-253.75,1,94.238,
01/01/2000,01:10:57.98,22.08,-57.10,-993.45,78.75,-743.75,-306.25,1,94.239,
01/01/2000,01:10:58.00,21.84,-57.10,-992.84,210.0,-691.25,-490.0,1,94.241,
01/01/2000,01:10:58.01,21.72,-57.22,-992.35,245.0,-761.25,-253.75,1,94.243,
01/01/2000,01:10:58.02,21.23,-56.97,-991.86,148.75,-743.75,-210.0,1,94.245,
01/01/2000,01:10:58.03,20.98,-56.85,-991.25,236.25,-708.75,-271.25,1,94.247,
01/01/2000,01:10:58.04,21.11,-57.10,-991.62,175.0,-691.25,-113.75,1,94.249,
01/01/2000,01:10:58.05,21.72,-57.10,-992.23,210.0,-638.75,-280.0,1,94.251,
01/01/2000,01:10:58.06,21.84,-57.34,-992.35,288.75,-665.0,-315.0,1,94.253,
01/01/2000,01:10:58.07,21.72,-57.10,-991.13,218.75,-700.0,-218.75,1,94.254,
01/01/2000,01:10:58.08,21.23,-57.10,-990.64,17.50,-673.75,-350.0,1,94.256,
01/01/2000,01:10:58.09,21.23,-57.58,-991.98,236.25,-752.50,-393.75,1,94.228,
01/01/2000,01:10:58.10,20.98,-57.71,-993.08,297.50,-761.25,-472.50,1,94.260,
01/01/2000,01:10:58.11,21.11,-57.46,-993.57,175.0,-726.25,-630.0,1,94.231,
01/01/2000,01:10:58.12,21.23,-57.10,-993.57,245.0,-735.0,-420.0,1,94.264,
01/01/2000,01:10:58.13,21.47,-57.22,-993.08,376.25,-691.25,-148.75,1,94.235,
01/01/2000,01:10:58.15,21.96,-57.46,-992.71,148.75,-612.50,-148.75,1,94.237,
01/01/2000,01:10:58.16,22.20,-58.07,-992.96,35.0,-840.0,-385.0,1,94.239,
01/01/2000,01:10:58.17,21.96,-57.95,-993.08,201.25,-743.75,-568.75,1,94.241,
01/01/2000,01:10:58.18,21.72,-57.34,-993.08,122.50,-700.0,-472.50,1,94.243,
01/01/2000,01:10:58.19,21.23,-57.10,-992.84,157.50,-647.50,-332.50,1,94.244,
01/01/2000,01:10:58.20,20.62,-57.10,-992.10,332.50,-612.50,-236.25,1,94.246,
01/01/2000,01:10:58.21,20.13,-57.46,-990.40,183.75,-647.50,-376.25,1,94.248,
01/01/2000,01:10:58.22,19.76,-57.71,-989.54,157.50,-630.0,-472.50,1,94.250,
01/01/2000,01:10:58.23,19.64,-57.58,-989.54,175.0,-796.25,-411.25,1,94.252,
01/01/2000,01:10:58.24,20.01,-57.34,-990.64,105.0,-770.0,-612.50,1,94.254,
01/01/2000,01:10:58.25,21.23,-57.10,-993.57,236.25,-595.0,-420.0,1,94.225,
01/01/2000,01:10:58.27,22.57,-56.73,-994.91,52.50,-568.75,-306.25,1,94.227,
01/01/2000,01:10:58.28,23.06,-56.85,-994.18,201.25,-656.25,-236.25,1,94.229,
01/01/2000,01:10:58.29,23.18,-57.58,-992.84,288.75,-822.50,-253.75,1,94.231,
01/01/2000,01:10:58.30,22.81,-58.07,-992.59,236.25,-726.25,-280.0,1,94.233,
01/01/2000,01:10:58.31,22.08,-57.83,-992.47,52.50,-673.75,-472.50,1,94.234,
01/01/2000,01:10:58.32,20.98,-57.34,-992.59,192.50,-630.0,-402.50,1,94.236,
01/01/2000,01:10:58.33,20.13,-56.85,-992.47,201.25,-726.25,-245.0,1,94.238,
01/01/2000,01:10:58.34,19.40,-56.61,-991.98,315.0,-595.0,-227.50,1,94.240,
01/01/2000,01:10:58.35,19.64,-56.97,-991.13,105.0,-665.0,-201.25,1,94.242,
01/01/2000,01:10:58.36,20.25,-57.58,-990.40,210.0,-691.25,-455.0,1,94.244,
01/01/2000,01:10:58.37,20.74,-57.83,-989.30,175.0,-735.0,-560.0,1,94.246,
01/01/2000,01:10:58.38,21.72,-57.22,-989.42,0.0,-787.50,-568.75,1,94.247,
01/01/2000,01:10:58.39,21.96,-57.22,-990.76,297.50,-761.25,-455.0,1,94.249,
01/01/2000,01:10:58.40,22.45,-57.34,-992.59,140.0,-787.50,-288.75,1,94.251,
01/01/2000,01:10:58.41,22.45,-57.34,-994.67,105.0,-743.75,-350.0,1,94.253,
01/01/2000,01:10:58.42,22.45,-57.58,-995.76,70.0,-647.50,-315.0,1,94.225,
01/01/2000,01:10:58.43,21.72,-57.46,-994.06,52.50,-621.25,-332.50,1,94.226,
01/01/2000,01:10:58.44,21.23,-57.34,-992.23,227.50,-638.75,-253.75,1,94.228,
01/01/2000,01:10:58.45,20.50,-57.34,-991.01,0.0,-700.0,-341.25,1,94.230,
01/01/2000,01:10:58.46,20.25,-57.46,-990.64,192.50,-752.50,-350.0,1,94.232,
01/01/2000,01:10:58.47,20.13,-57.71,-990.88,236.25,-708.75,-551.25,1,94.234,
01/01/2000,01:10:58.48,20.62,-57.34,-992.35,96.25,-708.75,-428.75,1,94.236,
01/01/2000,01:10:58.50,21.23,-57.10,-993.32,157.50,-735.0,-262.50,1,94.238,
01/01/2000,01:10:58.51,21.47,-57.10,-992.96,227.50,-665.0,-288.75,1,94.239,
01/01/2000,01:10:58.52,21.23,-57.10,-991.62,192.50,-700.0,-140.0,1,94.241,
01/01/2000,01:10:58.53,20.50,-57.10,-989.91,201.25,-813.75,-201.25,1,94.243,
01/01/2000,01:10:58.54,19.52,-57.46,-988.32,262.50,-761.25,-411.25,1,94.245,
01/01/2000,01:10:58.55,19.52,-57.46,-989.42,323.75,-770.0,-525.0,1,94.247,
01/01/2000,01:10:58.56,19.89,-57.34,-991.62,140.0,-656.25,-577.50,1,94.248,
01/01/2000,01:10:58.57,21.47,-56.85,-994.79,8.75,-603.75,-542.50,1,94.250,
01/01/2000,01:10:58.58,22.57,-56.73,-995.52,253.75,-612.50,-192.50,1,94.252,
01/01/2000,01:10:58.59,23.30,-56.85,-994.91,148.75,-708.75,-175.0,1,94.254,
01/01/2000,01:10:58.60,23.42,-57.46,-992.84,148.75,-787.50,-306.25,1,94.256,
01/01/2000,01:10:58.61,22.81,-57.83,-991.37,96.25,-875.0,-210.0,1,94.258,
01/01/2000,01:10:58.62,21.72,-57.95,-990.76,166.25,-805.0,-332.50,1,94.259,
01/01/2000,01:10:58.63,20.37,-57.34,-991.62,175.0,-700.0,-595.0,1,94.231,
01/01/2000,01:10:58.64,20.01,-56.73,-992.47,157.50,-612.50,-411.25,1,94.233,
01/01/2000,01:10:58.65,20.25,-56.49,-993.32,192.50,-595.0,-280.0,1,94.235,
01/01/2000,01:10:58.66,20.98,-56.85,-993.20,210.0,-586.25,-341.25,1,94.237,
01/01/2000,01:10:58.67,21.47,-57.58,-992.35,271.25,-621.25,-428.75,1,94.239,
01/01/2000,01:10:58.68,21.72,-57.71,-990.76,122.50,-603.75,-420.0,1,94.241,
01/01/2000,01:10:58.69,21.47,-57.71,-989.30,61.25,-778.75,-393.75,1,94.242,
01/01/2000,01:10:58.71,21.11,-57.58,-989.91,210.0,-717.50,-350.0,1,94.244,
01/01/2000,01:10:58.72,21.23,-57.34,-993.57,218.75,-717.50,-393.75,1,94.246,
01/01/2000,01:10:58.73,21.59,-57.22,-995.52,218.75,-612.50,-350.0,1,94.248,
01/01/2000,01:10:58.74,22.20,-57.22,-996.13,253.75,-603.75,-393.75,1,94.250,
01/01/2000,01:10:58.75,22.45,-57.10,-995.03,210.0,-682.50,-192.50,1,94.251,
01/01/2000,01:10:58.77,22.69,-57.71,-991.74,175.0,-726.25,-315.0,1,94.223,
01/01/2000,01:10:58.78,22.20,-58.07,-991.01,148.75,-822.50,-280.0,1,94.225,
01/01/2000,01:10:58.79,21.72,-58.19,-991.49,52.50,-770.0,-498.75,1,94.227,
01/01/2000,01:10:58.80,21.11,-57.71,-992.47,210.0,-647.50,-393.75,1,94.229,
01/01/2000,01:10:58.81,20.86,-57.22,-993.20,218.75,-665.0,-166.25,1,94.231,
01/01/2000,01:10:58.82,20.86,-57.10,-992.84,192.50,-700.0,-253.75,1,94.233,
01/01/2000,01:10:58.83,20.86,-57.34,-991.98,52.50,-682.50,-201.25,1,94.234,
01/01/2000,01:10:58.84,20.74,-57.71,-990.15,236.25,-691.25,-253.75,1,94.236,
01/01/2000,01:10:58.85,20.01,-58.19,-988.20,280.0,-726.25,-428.75,1,94.238,
01/01/2000,01:10:58.86,19.76,-58.07,-988.57,192.50,-813.75,-463.75,1,94.240,
01/01/2000,01:10:58.87,19.76,-57.83,-990.27,26.25,-822.50,-393.75,1,94.242,
01/01/2000,01:10:58.88,20.25,-57.46,-992.71,210.0,-542.50,-315.0,1,94.243,
01/01/2000,01:10:58.89,20.98,-57.34,-995.28,288.75,-560.0,-175.0,1,94.245,
01/01/2000,01:10:58.90,22.33,-57.34,-995.28,175.0,-673.75,-358.75,1,94.247,
01/01/2000,01:10:58.91,23.06,-57.71,-994.54,271.25,-656.25,-385.0,1,94.249,
01/01/2000,01:10:58.92,23.67,-58.07,-993.57,210.0,-822.50,-376.25,1,94.251,
01/01/2000,01:10:58.93,23.30,-58.19,-992.71,26.25,-665.0,-402.50,1,94.253,
01/01/2000,01:10:58.94,22.57,-58.07,-992.59,253.75,-717.50,-393.75,1,94.254,
01/01/2000,01:10:58.95,21.59,-57.46,-992.47,113.75,-717.50,-245.0,1,94.256,
01/01/2000,01:10:58.96,20.74,-57.10,-992.35,175.0,-603.75,-183.75,1,94.258,
01/01/2000,01:10:58.97,20.13,-56.97,-991.62,148.75,-656.25,-201.25,1,94.260,
01/01/2000,01:10:58.98,20.01,-57.58,-991.13,245.0,-770.0,-358.75,1,94.262,
01/01/2000,01:10:59.00,20.37,-58.07,-990.52,402.50,-761.25,-411.25,1,94.234,
01/01/2000,01:10:59.01,20.62,-57.95,-989.91,61.25,-735.0,-385.0,1,94.236,
01/01/2000,01:10:59.02,20.86,-57.58,-989.79,70.0,-726.25,-463.75,1,94.237,
01/01/2000,01:10:59.03,20.86,-57.34,-990.40,113.75,-673.75,-262.50,1,94.239,
01/01/2000,01:10:59.04,21.23,-57.34,-992.23,96.25,-787.50,-245.0,1,94.241,
01/01/2000,01:10:59.05,21.47,-57.58,-993.57,148.75,-673.75,-306.25,1,94.243,
01/01/2000,01:10:59.06,21.72,-57.83,-994.54,175.0,-708.75,-341.25,1,94.245,
01/01/2000,01:10:59.07,21.84,-57.71,-994.42,157.50,-691.25,-288.75,1,94.246,
01/01/2000,01:10:59.08,22.20,-57.58,-993.69,323.75,-743.75,-297.50,1,94.248,
01/01/2000,01:10:59.09,21.96,-57.46,-992.71,218.75,-656.25,-288.75,1,94.250,
01/01/2000,01:10:59.10,21.47,-57.71,-992.35,183.75,-717.50,-280.0,1,94.252,
01/01/2000,01:10:59.11,20.98,-57.83,-991.86,288.75,-560.0,-306.25,1,94.254,
01/01/2000,01:10:59.12,20.74,-57.83,-991.37,183.75,-682.50,-446.25,1,94.255,
01/01/2000,01:10:59.13,20.50,-57.34,-991.13,131.25,-708.75,-332.50,1,94.228,
01/01/2000,01:10:59.14,20.62,-57.46,-991.13,245.0,-735.0,-350.0,1,94.230,
01/01/2000,01:10:59.15,20.98,-57.58,-991.62,175.0,-726.25,-358.75,1,94.231,
01/01/2000,01:10:59.16,21.23,-57.58,-991.37,175.0,-586.25,-341.25,1,94.233,
01/01/2000,01:10:59.17,21.35,-57.58,-990.64,140.0,-735.0,-315.0,1,94.235,
01/01/2000,01:10:59.18,21.35,-57.46,-990.40,113.75,-761.25,-385.0,1,94.237,
01/01/2000,01:10:59.20,21.47,-57.46,-991.37,183.75,-717.50,-367.50,1,94.239,
01/01/2000,01:10:59.21,21.72,-57.46,-993.20,218.75,-603.75,-306.25,1,94.240,
01/01/2000,01:10:59.22,21.96,-57.46,-993.81,210.0,-752.50,-367.50,1,94.242,
01/01/2000,01:10:59.23,21.84,-57.22,-993.93,148.75,-621.25,-367.50,1,94.244,
01/01/2000,01:10:59.24,22.08,-57.46,-993.32,271.25,-752.50,-306.25,1,94.246,
01/01/2000,01:10:59.25,21.96,-57.58,-992.59,122.50,-700.0,-315.0,1,94.248,
01/01/2000,01:10:59.26,21.96,-57.83,-992.10,113.75,-647.50,-376.25,1,94.249,
01/01/2000,01:10:59.28,21.72,-57.71,-991.98,166.25,-735.0,-332.50,1,94.222,
01/01/2000,01:10:59.29,21.47,-57.58,-992.10,140.0,-726.25,-350.0,1,94.224,
01/01/2000,01:10:59.30,21.23,-57.58,-991.98,175.0,-612.50,-323.75,1,94.225,
01/01/2000,01:10:59.31,20.98,-57.58,-991.86,262.50,-708.75,-341.25,1,94.227,
01/01/2000,01:10:59.32,20.86,-57.83,-991.86,61.25,-761.25,-323.75,1,94.229,
01/01/2000,01:10:59.33,20.62,-57.83,-991.37,315.0,-717.50,-323.75,1,94.231,
01/01/2000,01:10:59.34,20.62,-57.83,-990.40,218.75,-682.50,-393.75,1,94.233,
01/01/2000,01:10:59.35,20.37,-57.58,-990.52,78.75,-682.50,-341.25,1,94.234,
01/01/2000,01:10:59.36,20.50,-57.83,-991.62,236.25,-717.50,-245.0,1,94.236,
01/01/2000,01:10:59.37,20.86,-57.83,-993.08,148.75,-726.25,-490.0,1,94.238,
01/01/2000,01:10:59.38,20.98,-57.83,-994.06,52.50,-735.0,-367.50,1,94.240,
01/01/2000,01:10:59.39,21.35,-57.58,-993.93,96.25,-691.25,-463.75,1,94.241,
01/01/2000,01:10:59.40,21.47,-57.58,-993.32,157.50,-735.0,-402.50,1,94.243,
01/01/2000,01:10:59.41,21.59,-57.58,-992.84,105.0,-778.75,-376.25,1,94.245,
01/01/2000,01:10:59.42,21.59,-57.83,-992.71,131.25,-603.75,-358.75,1,94.247,
01/01/2000,01:10:59.43,21.59,-58.07,-993.32,105.0,-656.25,-402.50,1,94.249,
01/01/2000,01:10:59.44,21.47,-57.83,-993.32,271.25,-761.25,-358.75,1,94.250,
01/01/2000,01:10:59.45,21.47,-57.58,-992.96,157.50,-656.25,-332.50,1,94.252,
01/01/2000,01:10:59.46,21.23,-57.34,-992.35,262.50,-682.50,-358.75,1,94.254,
01/01/2000,01:10:59.47,21.11,-57.71,-991.49,175.0,-665.0,-175.0,1,94.256,
01/01/2000,01:10:59.48,21.11,-58.07,-991.13,201.25,-761.25,-280.0,1,94.257,
01/01/2000,01:10:59.49,20.98,-58.07,-991.01,201.25,-726.25,-533.75,1,94.259,
01/01/2000,01:10:59.50,20.98,-58.19,-991.01,183.75,-831.25,-332.50,1,94.261,
01/01/2000,01:10:59.51,20.74,-57.46,-991.13,122.50,-630.0,-385.0,1,94.234,
01/01/2000,01:10:59.52,20.86,-57.71,-991.62,210.0,-805.0,-78.75,1,94.265,
01/01/2000,01:10:59.53,21.11,-57.83,-992.35,148.75,-708.75,-358.75,1,94.237,
01/01/2000,01:10:59.54,21.23,-58.07,-993.20,253.75,-726.25,-218.75,1,94.239,
01/01/2000,01:10:59.56,21.59,-58.07,-993.32,87.50,-630.0,-385.0,1,94.241,
01/01/2000,01:10:59.57,21.59,-57.95,-992.47,218.75,-735.0,-297.50,1,94.243,
01/01/2000,01:10:59.58,21.23,-57.83,-991.86,78.75,-665.0,-306.25,1,94.244,
01/01/2000,01:10:59.59,21.23,-57.83,-991.74,183.75,-805.0,-315.0,1,94.246,
01/01/2000,01:10:59.60,21.11,-57.95,-991.86,332.50,-743.75,-253.75,1,94.248,
01/01/2000,01:10:59.61,20.98,-57.95,-992.10,271.25,-638.75,-227.50,1,94.250,
01/01/2000,01:10:59.62,21.23,-57.83,-992.10,245.0,-708.75,-376.25,1,94.251,
01/01/2000,01:10:59.63,21.47,-57.83,-991.98,210.0,-647.50,-288.75,1,94.253,
01/01/2000,01:10:59.64,21.59,-57.83,-991.49,157.50,-805.0,-376.25,1,94.255,
01/01/2000,01:10:59.65,21.47,-57.95,-991.13,332.50,-708.75,-367.50,1,94.257,
01/01/2000,01:10:59.66,21.23,-57.83,-991.01,262.50,-778.75,-332.50,1,94.259,
01/01/2000,01:10:59.67,21.11,-57.95,-990.52,183.75,-647.50,-428.75,1,94.260,
01/01/2000,01:10:59.68,20.86,-57.83,-990.40,227.50,-630.0,-411.25,1,94.262,
01/01/2000,01:10:59.69,20.62,-57.83,-991.49,105.0,-726.25,-376.25,1,94.235,
01/01/2000,01:10:59.70,20.74,-57.95,-992.47,201.25,-630.0,-472.50,1,94.237,
01/01/2000,01:10:59.71,20.98,-57.83,-993.32,96.25,-726.25,-428.75,1,94.238,
01/01/2000,01:10:59.72,21.23,-57.71,-993.57,288.75,-612.50,-315.0,1,94.240,
01/01/2000,01:10:59.73,21.35,-57.83,-992.59,113.75,-595.0,-245.0,1,94.242,
01/01/2000,01:10:59.74,21.35,-57.83,-991.62,183.75,-726.25,-332.50,1,94.244,
01/01/2000,01:10:59.75,21.23,-57.83,-991.13,131.25,-603.75,-341.25,1,94.245,
01/01/2000,01:10:59.77,21.23,-57.83,-991.37,280.0,-691.25,-280.0,1,94.247,
01/01/2000,01:10:59.78,21.11,-57.71,-992.10,166.25,-691.25,-323.75,1,94.220,
01/01/2000,01:10:59.79,21.23,-57.46,-992.35,358.75,-752.50,-455.0,1,94.222,
01/01/2000,01:10:59.80,21.47,-57.58,-992.10,105.0,-840.0,-253.75,1,94.224,
01/01/2000,01:10:59.81,21.47,-57.83,-991.74,280.0,-647.50,-367.50,1,94.225,
01/01/2000,01:10:59.82,21.59,-57.95,-991.13,201.25,-752.50,-271.25,1,94.227,
01/01/2000,01:10:59.83,21.23,-57.95,-990.03,122.50,-752.50,-280.0,1,94.229,
01/01/2000,01:10:59.85,20.74,-57.95,-989.79,157.50,-840.0,-297.50,1,94.231,
01/01/2000,01:10:59.85,20.74,-57.95,-990.40,122.50,-770.0,-420.0,1,94.233,
01/01/2000,01:10:59.87,20.86,-58.07,-992.59,402.50,-743.75,-323.75,1,94.234,
01/01/2000,01:10:59.87,21.47,-57.83,-993.93,17.50,-647.50,-350.0,1,94.236,
01/01/2000,01:10:59.89,21.72,-57.83,-994.30,183.75,-665.0,-227.50,1,94.238,
01/01/2000,01:10:59.90,21.96,-57.83,-993.81,210.0,-638.75,-376.25,1,94.240,
01/01/2000,01:10:59.91,21.72,-57.83,-992.10,210.0,-831.25,-341.25,1,94.241,
01/01/2000,01:10:59.92,21.59,-57.83,-991.49,131.25,-761.25,-218.75,1,94.243,
01/01/2000,01:10:59.93,21.23,-58.07,-991.25,288.75,-700.0,-358.75,1,94.245,
01/01/2000,01:10:59.94,20.74,-57.83,-991.74,183.75,-665.0,-367.50,1,94.247,
01/01/2000,01:10:59.95,20.74,-57.83,-992.84,271.25,-682.50,-420.0,1,94.248,
01/01/2000,01:10:59.96,20.86,-57.58,-993.32,210.0,-656.25,-420.0,1,94.250,
01/01/2000,01:10:59.97,21.11,-57.83,-993.45,262.50,-656.25,-192.50,1,94.252,
01/01/2000,01:10:59.98,21.59,-58.07,-993.08,157.50,-647.50,-341.25,1,94.254,
01/01/2000,01:10:59.99,21.72,-58.32,-992.71,140.0,-813.75,-358.75,1,94.255,
01/01/2000,01:11:00.00,21.72,-58.32,-992.23,288.75,-770.0,-350.0,1,94.257,
01/01/2000,01:11:00.01,20.98,-57.83,-990.88,183.75,-761.25,-350.0,1,94.259,
01/01/2000,01:11:00.02,20.62,-57.58,-990.40,201.25,-717.50,-271.25,1,94.261,
01/01/2000,01:11:00.03,20.25,-57.83,-990.76,61.25,-673.75,-315.0,1,94.262,
01/01/2000,01:11:00.04,20.37,-57.83,-992.35,52.50,-735.0,-306.25,1,94.235,
01/01/2000,01:11:00.05,20.74,-58.19,-993.45,148.75,-682.50,-367.50,1,94.237,
01/01/2000,01:11:00.06,21.35,-57.95,-994.18,113.75,-708.75,-437.50,1,94.239,
01/01/2000,01:11:00.07,21.96,-57.83,-993.81,166.25,-665.0,-350.0,1,94.241,
01/01/2000,01:11:00.08,22.08,-57.83,-993.32,236.25,-700.0,-280.0,1,94.242,
01/01/2000,01:11:00.10,21.96,-58.32,-992.47,218.75,-805.0,-227.50,1,94.244,
01/01/2000,01:11:00.10,21.47,-58.19,-992.10,157.50,-603.75,-315.0,1,94.246,
01/01/2000,01:11:00.12,20.98,-58.32,-991.74,78.75,-682.50,-367.50,1,94.248,
01/01/2000,01:11:00.13,20.74,-57.71,-991.62,218.75,-787.50,-367.50,1,94.249,
01/01/2000,01:11:00.14,20.86,-57.83,-991.86,376.25,-735.0,-280.0,1,94.251,
01/01/2000,01:11:00.15,20.98,-57.83,-992.10,122.50,-603.75,-323.75,1,94.253,
01/01/2000,01:11:00.16,21.23,-58.07,-992.10,350.0,-665.0,-297.50,1,94.255,
01/01/2000,01:11:00.17,21.59,-58.44,-991.98,245.0,-735.0,-402.50,1,94.256,
01/01/2000,01:11:00.18,21.72,-58.19,-991.37,17.50,-700.0,-323.75,1,94.230,
01/01/2000,01:11:00.19,21.47,-58.07,-990.76,253.75,-778.75,-288.75,1,94.231,
01/01/2000,01:11:00.20,21.35,-57.95,-990.64,87.50,-673.75,-297.50,1,94.233,
01/01/2000,01:11:00.21,21.23,-57.83,-991.13,113.75,-700.0,-297.50,1,94.235,
01/01/2000,01:11:00.22,21.23,-58.19,-992.10,262.50,-700.0,-385.0,1,94.237,
01/01/2000,01:11:00.23,21.35,-58.56,-993.32,113.75,-682.50,-332.50,1,94.238,
01/01/2000,01:11:00.24,21.47,-58.19,-993.81,87.50,-630.0,-323.75,1,94.240,
01/01/2000,01:11:00.26,21.96,-58.32,-994.06,323.75,-630.0,-393.75,1,94.242,
01/01/2000,01:11:00.27,21.84,-58.07,-993.81,122.50,-761.25,-253.75,1,94.244,
01/01/2000,01:11:00.28,21.96,-58.19,-993.32,175.0,-717.50,-411.25,1,94.245,
01/01/2000,01:11:00.29,21.59,-58.32,-992.35,262.50,-673.75,-446.25,1,94.247,
01/01/2000,01:11:00.30,21.11,-58.07,-991.49,0.0,-691.25,-280.0,1,94.249,
01/01/2000,01:11:00.31,20.98,-58.07,-991.37,166.25,-743.75,-385.0,1,94.250,
01/01/2000,01:11:00.32,21.11,-57.95,-991.49,96.25,-656.25,-245.0,1,94.224,
01/01/2000,01:11:00.33,21.23,-58.07,-991.62,157.50,-656.25,-411.25,1,94.226,
01/01/2000,01:11:00.34,21.23,-58.07,-991.62,148.75,-700.0,-411.25,1,94.227,
01/01/2000,01:11:00.35,21.47,-58.07,-991.74,148.75,-726.25,-306.25,1,94.229,
01/01/2000,01:11:00.36,21.47,-58.07,-991.13,210.0,-682.50,-280.0,1,94.231,
01/01/2000,01:11:00.37,21.35,-58.07,-990.40,297.50,-673.75,-411.25,1,94.233,
01/01/2000,01:11:00.38,21.35,-58.19,-990.27,70.0,-735.0,-236.25,1,94.234,
01/01/2000,01:11:00.39,21.11,-58.32,-990.40,201.25,-831.25,-472.50,1,94.236,
01/01/2000,01:11:00.40,20.98,-58.32,-992.23,175.0,-665.0,-306.25,1,94.238,
01/01/2000,01:11:00.41,21.23,-58.32,-993.32,175.0,-857.50,-245.0,1,94.239,
01/01/2000,01:11:00.42,21.35,-58.07,-993.81,192.50,-647.50,-402.50,1,94.241,
01/01/2000,01:11:00.44,21.23,-58.32,-993.69,323.75,-630.0,-341.25,1,94.243,
01/01/2000,01:11:00.44,21.23,-58.07,-993.20,262.50,-656.25,-385.0,1,94.245,
01/01/2000,01:11:00.46,21.47,-58.56,-992.47,210.0,-568.75,-183.75,1,94.246,
01/01/2000,01:11:00.47,21.23,-58.32,-992.10,131.25,-708.75,-385.0,1,94.248,
01/01/2000,01:11:00.48,20.74,-58.56,-991.74,218.75,-647.50,-315.0,1,94.250,
01/01/2000,01:11:00.49,20.74,-58.07,-991.01,157.50,-665.0,-280.0,1,94.251,
01/01/2000,01:11:00.50,20.50,-57.83,-990.88,148.75,-691.25,-315.0,1,94.253,
01/01/2000,01:11:00.51,20.50,-58.07,-990.88,122.50,-796.25,-245.0,1,94.255,
01/01/2000,01:11:00.52,20.62,-58.19,-991.13,148.75,-752.50,-428.75,1,94.257,
01/01/2000,01:11:00.53,20.86,-58.32,-991.62,96.25,-630.0,-428.75,1,94.258,
01/01/2000,01:11:00.54,21.11,-58.44,-990.52,306.25,-743.75,-315.0,1,94.260,
01/01/2000,01:11:00.55,21.59,-57.83,-988.20,96.25,-691.25,-393.75,1,94.262,
01/01/2000,01:11:00.56,21.47,-57.83,-986.74,315.0,-673.75,-341.25,1,94.264,
01/01/2000,01:11:00.57,21.35,-57.83,-985.88,210.0,-770.0,-323.75,1,94.265,
01/01/2000,01:11:00.58,21.35,-58.32,-985.03,236.25,-822.50,-306.25,1,94.267,
01/01/2000,01:11:00.59,21.35,-58.32,-984.42,236.25,-717.50,-358.75,1,94.269,
01/01/2000,01:11:00.60,20.98,-58.32,-985.03,113.75,-673.75,-402.50,1,94.242,
01/01/2000,01:11:00.61,21.23,-58.07,-986.00,210.0,-726.25,-288.75,1,94.244,
01/01/2000,01:11:00.62,21.35,-57.95,-987.10,218.75,-691.25,-385.0,1,94.246,
01/01/2000,01:11:00.63,21.47,-58.07,-988.20,210.0,-840.0,-271.25,1,94.247,
01/01/2000,01:11:00.64,21.96,-58.19,-988.32,105.0,-665.0,-358.75,1,94.249,
01/01/2000,01:11:00.65,22.45,-58.07,-986.61,201.25,-700.0,-323.75,1,94.251,
01/01/2000,01:11:00.67,21.96,-58.07,-984.17,192.50,-708.75,-96.25,1,94.253,
01/01/2000,01:11:00.68,21.23,-58.32,-979.90,350.0,-927.50,-52.50,1,94.254,
01/01/2000,01:11:00.69,20.74,-57.83,-977.95,148.75,-665.0,-455.0,1,94.256,
01/01/2000,01:11:00.70,20.01,-58.07,-977.46,105.0,-752.50,-227.50,1,94.258,
01/01/2000,01:11:00.71,19.64,-57.83,-979.17,-8.75,-568.75,-411.25,1,94.259,
01/01/2000,01:11:00.72,19.52,-58.19,-981.49,402.50,-726.25,-341.25,1,94.261,
01/01/2000,01:11:00.73,20.01,-57.58,-983.69,78.75,-612.50,-358.75,1,94.263,
01/01/2000,01:11:00.74,20.50,-57.71,-985.15,253.75,-647.50,-201.25,1,94.264,
01/01/2000,01:11:00.75,21.23,-57.46,-985.88,122.50,-638.75,-280.0,1,94.238,
01/01/2000,01:11:00.76,21.47,-57.83,-985.64,140.0,-586.25,-280.0,1,94.240,
01/01/2000,01:11:00.77,21.47,-58.44,-984.54,43.75,-586.25,-341.25,1,94.242,
01/01/2000,01:11:00.78,21.11,-58.19,-983.56,183.75,-770.0,-402.50,1,94.243,
01/01/2000,01:11:00.79,20.86,-58.07,-983.20,96.25,-857.50,-280.0,1,94.245,
01/01/2000,01:11:00.81,20.98,-57.83,-985.15,35.0,-805.0,-341.25,1,94.247,
01/01/2000,01:11:00.82,21.11,-58.32,-988.69,201.25,-586.25,-341.25,1,94.248,
01/01/2000,01:11:00.83,20.98,-58.44,-989.66,52.50,-595.0,-315.0,1,94.250,
01/01/2000,01:11:00.84,20.98,-58.32,-989.66,227.50,-691.25,-385.0,1,94.252,
01/01/2000,01:11:00.85,21.23,-58.07,-988.93,280.0,-673.75,-341.25,1,94.254,
01/01/2000,01:11:00.86,21.35,-58.07,-988.93,140.0,-752.50,-218.75,1,94.255,
01/01/2000,01:11:00.87,21.23,-58.07,-989.42,70.0,-682.50,-245.0,1,94.257,
01/01/2000,01:11:00.88,20.98,-58.32,-990.15,131.25,-761.25,-253.75,1,94.259,
01/01/2000,01:11:00.89,21.11,-58.32,-991.01,201.25,-586.25,-367.50,1,94.260,
01/01/2000,01:11:00.90,21.23,-57.95,-991.13,96.25,-761.25,-376.25,1,94.262,
01/01/2000,01:11:00.91,21.23,-58.07,-991.01,175.0,-630.0,-245.0,1,94.264,
01/01/2000,01:11:00.92,21.23,-58.19,-990.88,122.50,-586.25,-332.50,1,94.265,
01/01/2000,01:11:00.93,21.11,-58.56,-991.01,148.75,-586.25,-358.75,1,94.267,
01/01/2000,01:11:00.94,21.11,-58.56,-991.37,262.50,-726.25,-420.0,1,94.269,
01/01/2000,01:11:00.95,20.98,-58.68,-991.62,192.50,-586.25,-393.75,1,94.271,
01/01/2000,01:11:00.97,21.11,-58.32,-991.74,341.25,-630.0,-341.25,1,94.244,
01/01/2000,01:11:00.98,21.11,-57.83,-991.74,148.75,-638.75,-350.0,1,94.246,
01/01/2000,01:11:00.99,21.11,-58.07,-991.74,140.0,-647.50,-288.75,1,94.248,
01/01/2000,01:11:01.00,21.23,-58.32,-991.74,140.0,-647.50,-315.0,1,94.249,
01/01/2000,01:11:01.01,21.35,-58.44,-991.98,-8.75,-691.25,-411.25,1,94.251,
01/01/2000,01:11:01.02,21.35,-58.56,-992.10,148.75,-770.0,-411.25,1,94.253,
01/01/2000,01:11:01.03,21.23,-58.19,-992.10,131.25,-630.0,-315.0,1,94.255,
01/01/2000,01:11:01.04,21.23,-58.07,-991.86,-8.75,-752.50,-350.0,1,94.256,
01/01/2000,01:11:01.05,21.23,-58.19,-991.98,288.75,-770.0,-218.75,1,94.258,
01/01/2000,01:11:01.06,21.23,-58.44,-992.10,253.75,-673.75,-297.50,1,94.260,
01/01/2000,01:11:01.07,21.23,-58.44,-992.10,253.75,-630.0,-376.25,1,94.261,
01/01/2000,01:11:01.08,21.35,-58.44,-992.10,105.0,-621.25,-498.75,1,94.263,
01/01/2000,01:11:01.09,21.35,-58.32,-991.98,26.25,-752.50,-341.25,1,94.265,
01/01/2000,01:11:01.10,21.11,-58.19,-992.10,192.50,-621.25,-446.25,1,94.239,
01/01/2000,01:11:01.11,21.11,-58.07,-992.35,131.25,-778.75,-402.50,1,94.240,
01/01/2000,01:11:01.12,21.35,-58.07,-992.47,78.75,-770.0,-297.50,1,94.242,
01/01/2000,01:11:01.13,22.08,-57.95,-992.47,131.25,-560.0,-420.0,1,94.244,
01/01/2000,01:11:01.14,23.42,-58.19,-992.71,385.0,-656.25,-525.0,1,94.245,
01/01/2000,01:11:01.15,24.64,-57.58,-993.08,61.25,-656.25,-341.25,1,94.247,
01/01/2000,01:11:01.16,25.38,-58.32,-992.23,218.75,-726.25,-140.0,1,94.249,
01/01/2000,01:11:01.18,26.11,-58.07,-991.37,113.75,-778.75,-498.75,1,94.251,
01/01/2000,01:11:01.19,26.84,-58.07,-991.62,78.75,-621.25,-323.75,1,94.252,
01/01/2000,01:11:01.20,28.06,-58.32,-992.59,122.50,-673.75,-525.0,1,94.254,
01/01/2000,01:11:01.21,29.16,-58.19,-993.57,78.75,-630.0,-367.50,1,94.256,
01/01/2000,01:11:01.22,29.52,-57.95,-993.69,52.50,-761.25,-227.50,1,94.257,
01/01/2000,01:11:01.23,29.16,-58.44,-993.32,148.75,-673.75,-306.25,1,94.259,
01/01/2000,01:11:01.24,28.30,-58.44,-992.10,122.50,-647.50,-367.50,1,94.261,
01/01/2000,01:11:01.25,28.06,-58.32,-991.37,236.25,-778.75,-437.50,1,94.262,
01/01/2000,01:11:01.26,28.67,-58.19,-991.13,218.75,-700.0,-726.25,1,94.264,
01/01/2000,01:11:01.27,31.48,-57.83,-991.62,271.25,-603.75,-621.25,1,94.266,
01/01/2000,01:11:01.28,33.67,-58.19,-992.10,236.25,-726.25,-481.25,1,94.267,
01/01/2000,01:11:01.29,35.50,-58.68,-992.59,192.50,-787.50,-227.50,1,94.269,
01/01/2000,01:11:01.30,35.87,-59.05,-992.84,175.0,-647.50,-122.50,1,94.271,
01/01/2000,01:11:01.32,33.43,-59.17,-992.84,122.50,-778.75,-113.75,1,94.245,
01/01/2000,01:11:01.33,29.77,-58.32,-992.35,131.25,-708.75,-323.75,1,94.246,
01/01/2000,01:11:01.34,27.45,-58.07,-992.10,183.75,-630.0,-332.50,1,94.248,
01/01/2000,01:11:01.35,26.23,-57.71,-991.98,227.50,-630.0,-446.25,1,94.250,
01/01/2000,01:11:01.36,25.74,-57.95,-991.86,437.50,-630.0,-446.25,1,94.252,
01/01/2000,01:11:01.37,26.84,-58.32,-991.62,61.25,-726.25,-630.0,1,94.253,
01/01/2000,01:11:01.38,28.30,-58.80,-991.62,140.0,-761.25,-603.75,1,94.255,
01/01/2000,01:11:01.39,28.91,-58.80,-991.98,17.50,-840.0,-332.50,1,94.229,
01/01/2000,01:11:01.40,29.04,-59.05,-992.47,70.0,-743.75,-367.50,1,94.231,
01/01/2000,01:11:01.41,27.69,-58.56,-992.59,201.25,-752.50,-148.75,1,94.232,
01/01/2000,01:11:01.42,26.23,-58.32,-992.59,26.25,-673.75,-140.0,1,94.234,
01/01/2000,01:11:01.43,24.77,-58.07,-992.59,96.25,-621.25,-245.0,1,94.236,
01/01/2000,01:11:01.44,23.91,-58.07,-992.35,105.0,-656.25,-428.75,1,94.237,
01/01/2000,01:11:01.45,23.91,-58.32,-991.98,218.75,-717.50,-481.25,1,94.239,
01/01/2000,01:11:01.46,24.40,-58.32,-991.86,113.75,-656.25,-446.25,1,94.241,
01/01/2000,01:11:01.47,24.64,-58.68,-991.74,70.0,-778.75,-402.50,1,94.243,
01/01/2000,01:11:01.48,24.40,-58.80,-991.86,26.25,-770.0,-376.25,1,94.244,
01/01/2000,01:11:01.49,22.94,-58.80,-992.10,105.0,-673.75,-306.25,1,94.246,
01/01/2000,01:11:01.50,21.72,-58.32,-992.35,-17.50,-673.75,-262.50,1,94.248,
01/01/2000,01:11:01.51,20.37,-58.19,-992.59,227.50,-612.50,-323.75,1,94.249,
01/01/2000,01:11:01.53,19.40,-58.07,-992.35,201.25,-708.75,-358.75,1,94.251,
01/01/2000,01:11:01.54,19.28,-57.95,-992.10,201.25,-647.50,-253.75,1,94.253,
01/01/2000,01:11:01.55,20.13,-58.32,-991.86,122.50,-700.0,-533.75,1,94.254,
01/01/2000,01:11:01.56,21.59,-58.56,-991.98,113.75,-682.50,-691.25,1,94.256,
01/01/2000,01:11:01.57,23.30,-58.68,-992.35,131.25,-761.25,-358.75,1,94.258,
01/01/2000,01:11:01.58,23.91,-58.68,-992.84,148.75,-647.50,-288.75,1,94.259,
01/01/2000,01:11:01.59,23.55,-58.56,-993.08,245.0,-770.0,-262.50,1,94.261,
01/01/2000,01:11:01.60,22.69,-57.95,-992.84,-8.75,-813.75,-131.25,1,94.263,
01/01/2000,01:11:01.61,21.72,-58.07,-992.59,288.75,-743.75,-385.0,1,94.264,
01/01/2000,01:11:01.62,21.47,-58.07,-992.35,175.0,-595.0,-262.50,1,94.266,
01/01/2000,01:11:01.63,21.23,-58.07,-992.35,113.75,-778.75,-367.50,1,94.268,
01/01/2000,01:11:01.64,21.59,-58.32,-992.59,78.75,-708.75,-428.75,1,94.269,
01/01/2000,01:11:01.65,21.96,-58.32,-992.59,105.0,-787.50,-332.50,1,94.271,
01/01/2000,01:11:01.66,21.96,-58.07,-992.59,-8.75,-840.0,-280.0,1,94.245,
01/01/2000,01:11:01.67,21.59,-58.32,-992.59,157.50,-717.50,-253.75,1,94.247,
01/01/2000,01:11:01.68,20.50,-58.19,-992.35,140.0,-656.25,-385.0,1,94.249,
01/01/2000,01:11:01.69,19.76,-58.32,-992.35,96.25,-708.75,-332.50,1,94.250,
01/01/2000,01:11:01.70,19.28,-58.19,-992.35,122.50,-708.75,-350.0,1,94.252,
01/01/2000,01:11:01.71,19.40,-58.07,-992.47,26.25,-770.0,-428.75,1,94.254,
01/01/2000,01:11:01.72,20.25,-58.07,-992.35,105.0,-717.50,-437.50,1,94.255,
01/01/2000,01:11:01.74,21.23,-58.32,-992.35,157.50,-822.50,-323.75,1,94.257,
01/01/2000,01:11:01.75,22.57,-58.93,-992.35,96.25,-708.75,-323.75,1,94.259,
01/01/2000,01:11:01.76,22.81,-59.05,-992.35,105.0,-778.75,-402.50,1,94.260,
01/01/2000,01:11:01.77,22.20,-58.80,-992.35,113.75,-822.50,-227.50,1,94.262,
01/01/2000,01:11:01.78,21.84,-58.56,-992.35,166.25,-796.25,-280.0,1,94.263,
01/01/2000,01:11:01.79,21.11,-58.19,-992.23,236.25,-603.75,-376.25,1,94.265,
01/01/2000,01:11:01.80,20.62,-57.95,-992.35,140.0,-665.0,-315.0,1,94.240,
01/01/2000,01:11:01.81,21.11,-57.95,-992.59,87.50,-630.0,-367.50,1,94.268,
01/01/2000,01:11:01.83,22.20,-58.32,-992.47,262.50,-726.25,-332.50,1,94.243,
01/01/2000,01:11:01.84,22.69,-58.44,-992.35,87.50,-770.0,-358.75,1,94.245,
01/01/2000,01:11:01.85,22.81,-58.56,-992.23,52.50,-682.50,-498.75,1,94.246,
01/01/2000,01:11:01.86,22.20,-58.44,-992.35,70.0,-708.75,-262.50,1,94.248,
01/01/2000,01:11:01.87,21.11,-58.19,-992.23,105.0,-761.25,-140.0,1,94.250,
01/01/2000,01:11:01.88,19.89,-58.19,-992.35,183.75,-708.75,-428.75,1,94.251,
01/01/2000,01:11:01.89,19.28,-57.83,-992.59,166.25,-691.25,-385.0,1,94.253,
01/01/2000,01:11:01.90,19.28,-57.71,-992.59,105.0,-708.75,-385.0,1,94.255,
01/01/2000,01:11:01.91,20.01,-57.71,-992.35,131.25,-577.50,-393.75,1,94.256,
01/01/2000,01:11:01.92,20.98,-58.07,-992.35,253.75,-673.75,-376.25,1,94.258,
01/01/2000,01:11:01.93,22.45,-58.56,-992.10,87.50,-761.25,-306.25,1,94.259,
01/01/2000,01:11:01.94,22.69,-58.68,-992.10,122.50,-796.25,-376.25,1,94.261,
01/01/2000,01:11:01.95,23.06,-58.44,-992.10,236.25,-743.75,-306.25,1,94.263,
01/01/2000,01:11:01.96,22.57,-58.07,-992.35,192.50,-796.25,-166.25,1,94.264,
01/01/2000,01:11:01.97,21.72,-57.83,-992.59,105.0,-796.25,-210.0,1,94.266,
01/01/2000,01:11:01.98,20.86,-57.95,-992.59,306.25,-647.50,-227.50,1,94.268,
01/01/2000,01:11:01.99,20.74,-57.83,-992.35,70.0,-586.25,-411.25,1,94.269,
01/01/2000,01:11:02.00,20.98,-58.56,-992.23,306.25,-700.0,-411.25,1,94.271,
01/01/2000,01:11:02.01,21.72,-58.32,-992.35,157.50,-621.25,-253.75,1,94.246,
01/01/2000,01:11:02.02,22.33,-58.44,-992.10,166.25,-656.25,-323.75,1,94.247,
01/01/2000,01:11:02.03,21.96,-58.44,-992.23,8.75,-770.0,-323.75,1,94.249,
01/01/2000,01:11:02.04,21.47,-58.32,-992.23,17.50,-656.25,-350.0,1,94.251,
01/01/2000,01:11:02.05,20.86,-58.07,-992.23,140.0,-700.0,-218.75,1,94.252,
01/01/2000,01:11:02.06,20.13,-57.95,-992.35,148.75,-665.0,-288.75,1,94.254,
01/01/2000,01:11:02.08,19.40,-57.83,-992.23,315.0,-638.75,-315.0,1,94.256,
01/01/2000,01:11:02.09,20.01,-57.95,-992.23,113.75,-665.0,-463.75,1,94.257,
01/01/2000,01:11:02.10,20.62,-58.07,-992.35,201.25,-822.50,-446.25,1,94.259,
01/01/2000,01:11:02.11,21.23,-58.07,-992.47,87.50,-665.0,-481.25,1,94.260,
01/01/2000,01:11:02.12,22.20,-58.32,-992.35,26.25,-560.0,-472.50,1,94.262,
01/01/2000,01:11:02.13,22.94,-58.32,-992.10,-17.50,-717.50,-306.25,1,94.264,
01/01/2000,01:11:02.14,22.69,-58.32,-992.10,105.0,-743.75,-367.50,1,94.265,
01/01/2000,01:11:02.15,22.69,-58.32,-992.23,183.75,-752.50,-262.50,1,94.267,
01/01/2000,01:11:02.16,22.08,-58.19,-992.10,52.50,-735.0,-227.50,1,94.242,
01/01/2000,01:11:02.17,21.59,-58.32,-992.10,131.25,-647.50,-288.75,1,94.243,
01/01/2000,01:11:02.18,21.47,-57.95,-992.10,148.75,-638.75,-516.25,1,94.245,
01/01/2000,01:11:02.19,21.96,-57.83,-992.35,288.75,-630.0,-288.75,1,94.247,
01/01/2000,01:11:02.20,22.45,-57.95,-992.59,0.0,-665.0,-288.75,1,94.248,
01/01/2000,01:11:02.21,22.57,-58.19,-992.47,-52.50,-673.75,-358.75,1,94.250,
01/01/2000,01:11:02.23,22.08,-58.32,-992.10,166.25,-717.50,-192.50,1,94.252,
01/01/2000,01:11:02.24,21.35,-58.32,-991.86,-17.50,-673.75,-358.75,1,94.253,
01/01/2000,01:11:02.25,19.89,-58.19,-991.86,210.0,-717.50,-315.0,1,94.255,
01/01/2000,01:11:02.26,19.03,-57.83,-992.10,35.0,-805.0,-175.0,1,94.256,
01/01/2000,01:11:02.27,18.42,-58.19,-992.71,157.50,-700.0,-315.0,1,94.258,
01/01/2000,01:11:02.28,18.67,-58.07,-992.96,122.50,-612.50,-393.75,1,94.260,
01/01/2000,01:11:02.29,19.28,-58.07,-992.47,280.0,-875.0,-385.0,1,94.261,
01/01/2000,01:11:02.30,20.98,-58.32,-991.62,218.75,-700.0,-350.0,1,94.263,
01/01/2000,01:11:02.31,22.45,-58.68,-991.49,148.75,-726.25,-227.50,1,94.265,
01/01/2000,01:11:02.32,22.69,-58.80,-991.62,35.0,-770.0,-402.50,1,94.266,
01/01/2000,01:11:02.33,22.20,-58.80,-991.98,140.0,-822.50,-420.0,1,94.241,
01/01/2000,01:11:02.35,21.47,-58.07,-992.47,236.25,-656.25,-218.75,1,94.243,
01/01/2000,01:11:02.36,20.62,-57.58,-992.96,122.50,-568.75,-306.25,1,94.244,
01/01/2000,01:11:02.37,20.37,-57.71,-992.84,245.0,-638.75,-218.75,1,94.246,
01/01/2000,01:11:02.38,20.62,-57.71,-992.59,96.25,-638.75,-315.0,1,94.248,
01/01/2000,01:11:02.39,21.23,-58.32,-991.98,157.50,-787.50,-358.75,1,94.249,
01/01/2000,01:11:02.40,21.59,-58.68,-991.86,113.75,-770.0,-253.75,1,94.251,
01/01/2000,01:11:02.41,21.59,-58.80,-991.86,227.50,-735.0,-498.75,1,94.253,
01/01/2000,01:11:02.42,21.23,-58.68,-991.98,61.25,-673.75,-280.0,1,94.254,
01/01/2000,01:11:02.43,20.50,-58.56,-992.35,253.75,-796.25,-428.75,1,94.256,
01/01/2000,01:11:02.44,20.13,-57.95,-992.71,210.0,-665.0,-218.75,1,94.257,
01/01/2000,01:11:02.45,20.13,-57.58,-992.84,192.50,-682.50,-236.25,1,94.259,
01/01/2000,01:11:02.46,20.62,-57.83,-992.59,122.50,-778.75,-210.0,1,94.261,
01/01/2000,01:11:02.47,21.35,-58.32,-992.23,35.0,-630.0,-245.0,1,94.262,
01/01/2000,01:11:02.48,21.72,-58.80,-991.98,175.0,-691.25,-437.50,1,94.264,
01/01/2000,01:11:02.49,21.96,-58.93,-991.86,236.25,-761.25,-481.25,1,94.266,
01/01/2000,01:11:02.50,22.08,-58.68,-992.10,-96.25,-831.25,-402.50,1,94.267,
01/01/2000,01:11:02.51,21.72,-58.07,-992.35,210.0,-796.25,-253.75,1,94.269,
01/01/2000,01:11:02.52,21.47,-57.83,-992.35,122.50,-770.0,-218.75,1,94.270,
01/01/2000,01:11:02.53,21.35,-57.83,-992.59,253.75,-586.25,-218.75,1,94.272,
01/01/2000,01:11:02.54,21.35,-58.07,-992.59,61.25,-735.0,-280.0,1,94.274,
01/01/2000,01:11:02.55,21.47,-58.56,-992.35,105.0,-700.0,-428.75,1,94.275,
01/01/2000,01:11:02.56,21.72,-58.56,-992.10,96.25,-708.75,-446.25,1,94.277,
01/01/2000,01:11:02.57,21.96,-58.56,-991.86,148.75,-735.0,-367.50,1,94.278,
01/01/2000,01:11:02.58,21.47,-58.07,-992.10,166.25,-656.25,-350.0,1,94.254,
01/01/2000,01:11:02.59,20.50,-57.95,-992.35,323.75,-743.75,-148.75,1,94.255,
01/01/2000,01:11:02.60,19.52,-57.83,-992.35,-43.75,-691.25,-306.25,1,94.257,
01/01/2000,01:11:02.61,18.79,-58.07,-992.47,157.50,-752.50,-350.0,1,94.258,
01/01/2000,01:11:02.62,18.54,-57.71,-992.71,122.50,-656.25,-393.75,1,94.260,
01/01/2000,01:11:02.63,19.64,-57.71,-992.59,262.50,-665.0,-428.75,1,94.262,
01/01/2000,01:11:02.65,21.23,-57.83,-992.10,157.50,-700.0,-245.0,1,94.263,
01/01/2000,01:11:02.66,21.72,-58.07,-991.86,201.25,-682.50,-218.75,1,94.265,
01/01/2000,01:11:02.67,22.08,-58.44,-991.62,105.0,-726.25,-280.0,1,94.266,
01/01/2000,01:11:02.68,21.96,-58.68,-991.86,166.25,-673.75,-420.0,1,94.268,
01/01/2000,01:11:02.69,21.23,-58.19,-992.35,-52.50,-735.0,-210.0,1,94.270,
01/01/2000,01:11:02.70,20.74,-57.95,-992.59,253.75,-796.25,-490.0,1,94.271,
01/01/2000,01:11:02.71,20.50,-57.71,-992.59,210.0,-656.25,-376.25,1,94.273,
01/01/2000,01:11:02.72,20.62,-57.46,-992.59,8.75,-708.75,-323.75,1,94.274,
01/01/2000,01:11:02.73,21.11,-57.83,-992.59,140.0,-595.0,-376.25,1,94.276,
01/01/2000,01:11:02.74,21.72,-58.56,-992.47,367.50,-752.50,-350.0,1,94.278,
01/01/2000,01:11:02.75,22.69,-58.44,-992.59,113.75,-726.25,-428.75,1,94.279,
01/01/2000,01:11:02.76,22.69,-58.68,-992.71,210.0,-805.0,-420.0,1,94.281,
01/01/2000,01:11:02.77,22.33,-58.32,-992.59,131.25,-595.0,-376.25,1,94.283,
01/01/2000,01:11:02.78,20.98,-58.32,-992.10,297.50,-656.25,-8.75,1,94.284,
01/01/2000,01:11:02.79,19.28,-57.83,-991.86,96.25,-717.50,-393.75,1,94.259,
01/01/2000,01:11:02.80,18.67,-58.07,-992.59,262.50,-717.50,-437.50,1,94.261,
01/01/2000,01:11:02.81,19.15,-57.95,-993.08,-61.25,-612.50,-385.0,1,94.263,
01/01/2000,01:11:02.82,19.89,-58.32,-993.08,253.75,-630.0,-315.0,1,94.264,
01/01/2000,01:11:02.83,20.86,-58.19,-992.59,43.75,-682.50,-306.25,1,94.266,
01/01/2000,01:11:02.85,22.08,-58.32,-991.49,70.0,-700.0,-402.50,1,94.267,
01/01/2000,01:11:02.86,22.08,-58.56,-991.37,105.0,-656.25,-297.50,1,94.269,
01/01/2000,01:11:02.87,21.59,-58.56,-991.86,166.25,-691.25,-332.50,1,94.271,
01/01/2000,01:11:02.88,21.23,-58.32,-992.59,122.50,-673.75,-358.75,1,94.272,
01/01/2000,01:11:02.89,20.98,-58.19,-992.96,297.50,-682.50,-262.50,1,94.274,
01/01/2000,01:11:02.90,20.62,-57.71,-992.96,122.50,-630.0,-280.0,1,94.275,
01/01/2000,01:11:02.91,20.98,-57.95,-992.96,122.50,-647.50,-367.50,1,94.277,
01/01/2000,01:11:02.92,21.47,-58.07,-992.59,210.0,-621.25,-428.75,1,94.279,
01/01/2000,01:11:02.93,22.20,-58.32,-992.10,192.50,-673.75,-420.0,1,94.254,
01/01/2000,01:11:02.94,22.69,-58.44,-991.86,87.50,-770.0,-332.50,1,94.255,
01/01/2000,01:11:02.95,22.57,-58.56,-991.62,87.50,-813.75,-245.0,1,94.257,
01/01/2000,01:11:02.96,21.23,-58.56,-991.86,61.25,-752.50,-210.0,1,94.259,
01/01/2000,01:11:02.97,20.13,-58.32,-992.35,183.75,-717.50,-358.75,1,94.260,
01/01/2000,01:11:02.98,19.15,-58.19,-992.71,96.25,-708.75,-393.75,1,94.262,
01/01/2000,01:11:02.99,18.42,-57.83,-992.84,245.0,-673.75,-332.50,1,94.263,
01/01/2000,01:11:03.01,18.42,-57.46,-992.84,210.0,-603.75,-271.25,1,94.265,
01/01/2000,01:11:03.02,19.52,-57.58,-992.10,166.25,-551.25,-420.0,1,94.267,
01/01/2000,01:11:03.03,21.11,-57.95,-991.98,218.75,-761.25,-385.0,1,94.268,
01/01/2000,01:11:03.04,22.20,-58.44,-991.98,183.75,-770.0,-411.25,1,94.270,
01/01/2000,01:11:03.05,23.18,-58.32,-991.86,262.50,-743.75,-455.0,1,94.271,
01/01/2000,01:11:03.06,23.42,-58.32,-991.86,341.25,-673.75,-341.25,1,94.273,
01/01/2000,01:11:03.07,22.45,-57.95,-991.98,148.75,-883.75,-262.50,1,94.275,
01/01/2000,01:11:03.08,21.35,-57.46,-992.35,35.0,-735.0,-262.50,1,94.276,
01/01/2000,01:11:03.09,20.74,-57.58,-992.35,148.75,-647.50,-280.0,1,94.278,
01/01/2000,01:11:03.10,20.13,-57.83,-992.84,253.75,-673.75,-332.50,1,94.279,
01/01/2000,01:11:03.11,20.50,-57.71,-993.08,35.0,-577.50,-376.25,1,94.281,
01/01/2000,01:11:03.12,21.23,-57.95,-992.59,78.75,-656.25,-516.25,1,94.283,
01/01/2000,01:11:03.13,22.20,-58.07,-992.47,131.25,-743.75,-297.50,1,94.284,
01/01/2000,01:11:03.15,22.33,-58.07,-991.98,52.50,-787.50,-367.50,1,94.260,
01/01/2000,01:11:03.16,21.59,-58.56,-991.62,96.25,-840.0,-70.0,1,94.261,
01/01/2000,01:11:03.17,20.25,-58.56,-991.86,122.50,-665.0,-192.50,1,94.263,
01/01/2000,01:11:03.18,19.15,-58.32,-992.35,140.0,-691.25,-595.0,1,94.264,
01/01/2000,01:11:03.19,18.91,-57.58,-993.20,70.0,-691.25,-542.50,1,94.266,
01/01/2000,01:11:03.20,19.40,-57.22,-993.45,131.25,-577.50,-288.75,1,94.268,
01/01/2000,01:11:03.21,20.25,-57.46,-993.32,262.50,-656.25,-332.50,1,94.269,
01/01/2000,01:11:03.22,22.08,-57.83,-992.47,96.25,-700.0,-455.0,1,94.271,
01/01/2000,01:11:03.23,22.94,-58.19,-991.74,175.0,-743.75,-166.25,1,94.272,
01/01/2000,01:11:03.24,23.55,-58.44,-991.13,201.25,-796.25,-341.25,1,94.274,
01/01/2000,01:11:03.25,22.94,-58.44,-991.13,113.75,-848.75,-393.75,1,94.275,
01/01/2000,01:11:03.26,22.20,-58.19,-991.62,175.0,-647.50,-210.0,1,94.277,
01/01/2000,01:11:03.27,20.98,-57.83,-992.47,122.50,-813.75,-306.25,1,94.279,
01/01/2000,01:11:03.28,19.52,-57.34,-993.32,227.50,-656.25,-306.25,1,94.254,
01/01/2000,01:11:03.29,19.28,-57.46,-993.20,105.0,-603.75,-428.75,1,94.256,
01/01/2000,01:11:03.30,20.01,-58.07,-992.59,262.50,-647.50,-385.0,1,94.257,
01/01/2000,01:11:03.31,21.11,-57.95,-992.35,78.75,-630.0,-507.50,1,94.259,
01/01/2000,01:11:03.32,22.57,-58.44,-991.86,166.25,-796.25,-490.0,1,94.260,
01/01/2000,01:11:03.33,23.18,-58.56,-991.37,113.75,-673.75,-367.50,1,94.262,
01/01/2000,01:11:03.34,22.69,-58.56,-991.37,157.50,-770.0,-70.0,1,94.264,
01/01/2000,01:11:03.36,19.76,-58.07,-992.23,-35.0,-743.75,-306.25,1,94.239,
01/01/2000,01:11:03.38,18.79,-57.71,-993.08,236.25,-577.50,-393.75,1,94.241,
01/01/2000,01:11:03.39,19.03,-57.58,-993.57,131.25,-551.25,-411.25,1,94.242,
01/01/2000,01:11:03.40,20.01,-57.34,-993.57,157.50,-612.50,-428.75,1,94.244,
01/01/2000,01:11:03.41,21.11,-57.83,-992.84,140.0,-656.25,-271.25,1,94.246,
01/01/2000,01:11:03.42,21.96,-58.32,-992.10,52.50,-787.50,-253.75,1,94.247,
01/01/2000,01:11:03.43,23.18,-58.80,-991.37,105.0,-743.75,-323.75,1,94.249,
01/01/2000,01:11:03.44,23.42,-59.05,-991.25,253.75,-822.50,-507.50,1,94.250,
01/01/2000,01:11:03.45,22.69,-58.56,-991.37,26.25,-682.50,-218.75,1,94.252,
01/01/2000,01:11:03.46,21.11,-58.07,-991.98,78.75,-691.25,-218.75,1,94.254,
01/01/2000,01:11:03.47,20.25,-57.71,-992.59,105.0,-717.50,-411.25,1,94.255,
01/01/2000,01:11:03.48,19.64,-57.71,-992.84,175.0,-647.50,-210.0,1,94.257,
01/01/2000,01:11:03.49,20.01,-57.58,-992.96,87.50,-682.50,-358.75,1,94.258,
01/01/2000,01:11:03.50,21.23,-58.19,-992.59,315.0,-717.50,-411.25,1,94.260,
01/01/2000,01:11:03.51,22.20,-58.44,-992.10,61.25,-612.50,-533.75,1,94.261,
01/01/2000,01:11:03.52,22.20,-58.56,-991.62,70.0,-665.0,-341.25,1,94.263,
01/01/2000,01:11:03.53,21.96,-58.56,-991.37,157.50,-743.75,-332.50,1,94.265,
01/01/2000,01:11:03.54,20.62,-58.44,-991.62,113.75,-813.75,-341.25,1,94.266,
01/01/2000,01:11:03.55,19.64,-58.07,-992.47,280.0,-708.75,-402.50,1,94.268,
01/01/2000,01:11:03.56,19.28,-57.34,-993.20,43.75,-656.25,-350.0,1,94.269,
01/01/2000,01:11:03.57,19.28,-57.34,-993.45,175.0,-700.0,-253.75,1,94.271,
01/01/2000,01:11:03.58,20.13,-57.34,-993.08,70.0,-665.0,-280.0,1,94.272,
01/01/2000,01:11:03.59,20.86,-57.95,-992.47,140.0,-717.50,-323.75,1,94.274,
01/01/2000,01:11:03.60,21.47,-58.19,-991.86,166.25,-700.0,-455.0,1,94.276,
01/01/2000,01:11:03.61,22.08,-58.56,-991.62,192.50,-778.75,-236.25,1,94.277,
01/01/2000,01:11:03.62,22.33,-58.44,-991.37,201.25,-665.0,-472.50,1,94.279,
01/01/2000,01:11:03.63,22.08,-58.07,-991.62,157.50,-761.25,-446.25,1,94.280,
01/01/2000,01:11:03.64,21.72,-57.58,-991.86,131.25,-630.0,-271.25,1,94.256,
01/01/2000,01:11:03.65,20.98,-57.46,-992.23,157.50,-726.25,-140.0,1,94.258,
01/01/2000,01:11:03.67,20.62,-57.58,-992.59,70.0,-735.0,-262.50,1,94.259,
01/01/2000,01:11:03.67,20.98,-58.07,-992.71,131.25,-708.75,-455.0,1,94.261,
01/01/2000,01:11:03.69,21.35,-58.44,-992.35,210.0,-708.75,-376.25,1,94.262,
01/01/2000,01:11:03.70,21.96,-58.19,-991.98,113.75,-717.50,-376.25,1,94.264,
01/01/2000,01:11:03.71,22.20,-58.32,-991.01,122.50,-638.75,-271.25,1,94.265,
01/01/2000,01:11:03.72,21.72,-58.07,-990.88,113.75,-752.50,-385.0,1,94.267,
01/01/2000,01:11:03.73,20.62,-58.07,-991.25,218.75,-700.0,-148.75,1,94.269,
01/01/2000,01:11:03.74,19.40,-58.07,-992.47,245.0,-700.0,-393.75,1,94.270,
01/01/2000,01:11:03.75,18.67,-57.83,-993.32,105.0,-752.50,-428.75,1,94.272,
01/01/2000,01:11:03.76,18.67,-57.71,-993.57,157.50,-665.0,-402.50,1,94.273,
01/01/2000,01:11:03.77,18.79,-57.83,-993.20,227.50,-682.50,-315.0,1,94.275,
01/01/2000,01:11:03.78,20.01,-57.71,-992.47,105.0,-638.75,-350.0,1,94.251,
01/01/2000,01:11:03.79,21.11,-58.19,-991.62,157.50,-831.25,-323.75,1,94.252,
01/01/2000,01:11:03.80,22.45,-58.44,-991.37,78.75,-673.75,-402.50,1,94.254,
01/01/2000,01:11:03.81,22.69,-58.56,-991.13,210.0,-787.50,-341.25,1,94.255,
01/01/2000,01:11:03.82,22.45,-58.68,-991.37,218.75,-665.0,-350.0,1,94.257,
01/01/2000,01:11:03.83,21.59,-58.32,-991.74,157.50,-735.0,-262.50,1,94.259,
01/01/2000,01:11:03.84,20.25,-57.95,-992.23,166.25,-700.0,-245.0,1,94.260,
01/01/2000,01:11:03.86,19.28,-57.34,-992.71,105.0,-665.0,-446.25,1,94.262,
01/01/2000,01:11:03.87,19.89,-57.58,-993.08,218.75,-691.25,-323.75,1,94.263,
01/01/2000,01:11:03.88,20.62,-57.83,-992.84,183.75,-612.50,-288.75,1,94.239,
01/01/2000,01:11:03.89,21.47,-57.83,-992.35,332.50,-726.25,-385.0,1,94.241,
01/01/2000,01:11:03.90,21.59,-58.44,-991.25,192.50,-787.50,-140.0,1,94.242,
01/01/2000,01:11:03.91,20.98,-58.44,-990.88,17.50,-805.0,-376.25,1,94.244,
01/01/2000,01:11:03.92,20.50,-58.44,-990.88,148.75,-612.50,-455.0,1,94.245,
01/01/2000,01:11:03.93,20.25,-57.83,-991.74,227.50,-612.50,-350.0,1,94.247,
01/01/2000,01:11:03.94,20.37,-57.46,-992.47,253.75,-796.25,-245.0,1,94.249,
01/01/2000,01:11:03.95,20.74,-57.34,-992.84,-8.75,-551.25,-393.75,1,94.250,
01/01/2000,01:11:03.96,21.35,-57.58,-992.71,78.75,-638.75,-323.75,1,94.252,
01/01/2000,01:11:03.97,21.84,-57.71,-992.23,87.50,-612.50,-280.0,1,94.253,
01/01/2000,01:11:03.98,22.69,-58.32,-991.62,175.0,-700.0,-385.0,1,94.255,
01/01/2000,01:11:04.00,23.06,-58.32,-991.25,166.25,-778.75,-227.50,1,94.256,
01/01/2000,01:11:04.00,22.69,-58.32,-991.13,175.0,-700.0,-131.25,1,94.258,
01/01/2000,01:11:04.02,21.96,-57.95,-991.37,105.0,-700.0,-253.75,1,94.259,
01/01/2000,01:11:04.03,20.50,-57.83,-991.98,332.50,-630.0,-332.50,1,94.261,
01/01/2000,01:11:04.04,20.01,-57.58,-992.84,-8.75,-673.75,-402.50,1,94.263,
01/01/2000,01:11:04.05,19.76,-57.34,-993.32,26.25,-621.25,-122.50,1,94.264,
01/01/2000,01:11:04.06,20.01,-57.34,-993.45,70.0,-656.25,-61.25,1,94.266,
01/01/2000,01:11:04.07,20.86,-57.58,-992.71,70.0,-612.50,297.50,1,94.267,
01/01/2000,01:11:04.08,21.72,-58.07,-991.62,113.75,-700.0,-26.25,1,94.269,
01/01/2000,01:11:04.09,21.72,-58.56,-991.13,140.0,-752.50,-315.0,1,94.270,
01/01/2000,01:11:04.10,21.11,-58.68,-991.01,157.50,-726.25,-192.50,1,94.272,
01/01/2000,01:11:04.11,20.37,-58.68,-991.37,140.0,-761.25,-437.50,1,94.273,
01/01/2000,01:11:04.12,19.64,-58.32,-992.84,105.0,-726.25,-630.0,1,94.275,
01/01/2000,01:11:04.13,19.28,-57.58,-993.32,245.0,-761.25,-813.75,1,94.251,
01/01/2000,01:11:04.14,20.01,-57.10,-993.45,105.0,-533.75,-770.0,1,94.253,
01/01/2000,01:11:04.15,20.74,-57.34,-992.71,183.75,-743.75,-166.25,1,94.254,
01/01/2000,01:11:04.16,21.59,-57.71,-991.74,157.50,-700.0,-393.75,1,94.256,
01/01/2000,01:11:04.17,22.33,-58.56,-990.88,323.75,-770.0,-472.50,1,94.257,
01/01/2000,01:11:04.18,22.81,-58.44,-990.40,61.25,-778.75,-691.25,1,94.259,
01/01/2000,01:11:04.19,22.45,-58.80,-990.76,262.50,-796.25,-402.50,1,94.260,
01/01/2000,01:11:04.21,21.23,-58.19,-991.98,175.0,-708.75,-393.75,1,94.262,
01/01/2000,01:11:04.22,20.50,-57.71,-993.08,236.25,-665.0,-201.25,1,94.263,
01/01/2000,01:11:04.23,20.13,-57.34,-993.57,148.75,-691.25,-280.0,1,94.265,
01/01/2000,01:11:04.24,20.25,-57.22,-993.81,183.75,-700.0,-367.50,1,94.266,
01/01/2000,01:11:04.25,21.47,-57.58,-993.32,140.0,-778.75,-542.50,1,94.268,
01/01/2000,01:11:04.26,21.96,-58.07,-992.35,131.25,-796.25,-280.0,1,94.270,
01/01/2000,01:11:04.27,22.20,-58.68,-991.25,96.25,-717.50,-253.75,1,94.271,
01/01/2000,01:11:04.28,21.47,-58.80,-990.52,201.25,-761.25,-367.50,1,94.273,
01/01/2000,01:11:04.29,20.74,-58.80,-991.13,358.75,-778.75,-525.0,1,94.274,
01/01/2000,01:11:04.30,19.76,-57.83,-992.84,148.75,-656.25,-358.75,1,94.276,
01/01/2000,01:11:04.31,19.52,-57.34,-993.81,280.0,-568.75,-236.25,1,94.277,
01/01/2000,01:11:04.32,19.64,-57.10,-994.06,131.25,-577.50,-245.0,1,94.279,
01/01/2000,01:11:04.33,20.01,-57.22,-993.81,227.50,-700.0,-306.25,1,94.280,
01/01/2000,01:11:04.34,21.11,-57.83,-992.59,157.50,-638.75,-358.75,1,94.257,
01/01/2000,01:11:04.35,21.72,-58.44,-991.62,245.0,-778.75,-446.25,1,94.258,
01/01/2000,01:11:04.36,22.20,-58.80,-990.64,61.25,-752.50,-455.0,1,94.260,
01/01/2000,01:11:04.37,21.96,-58.80,-990.64,140.0,-770.0,-253.75,1,94.261,
01/01/2000,01:11:04.39,20.98,-58.07,-991.62,113.75,-778.75,-358.75,1,94.263,
01/01/2000,01:11:04.40,20.37,-57.83,-992.71,201.25,-700.0,-306.25,1,94.264,
01/01/2000,01:11:04.41,19.76,-57.46,-993.32,210.0,-621.25,-376.25,1,94.266,
01/01/2000,01:11:04.42,20.01,-57.58,-993.57,70.0,-490.0,-393.75,1,94.267,
01/01/2000,01:11:04.43,20.62,-57.58,-993.08,280.0,-673.75,-332.50,1,94.269,
01/01/2000,01:11:04.44,21.84,-58.19,-992.10,253.75,-770.0,-253.75,1,94.270,
01/01/2000,01:11:04.45,22.08,-58.44,-991.37,96.25,-752.50,-288.75,1,94.247,
01/01/2000,01:11:04.46,21.72,-58.80,-991.01,166.25,-752.50,-17.50,1,94.273,
01/01/2000,01:11:04.47,20.86,-58.56,-991.01,131.25,-717.50,-271.25,1,94.250,
01/01/2000,01:11:04.48,20.01,-58.19,-992.10,218.75,-805.0,-472.50,1,94.277,
01/01/2000,01:11:04.49,19.03,-57.71,-993.08,175.0,-551.25,-350.0,1,94.253,
01/01/2000,01:11:04.50,19.03,-57.46,-993.57,183.75,-656.25,-306.25,1,94.254,
01/01/2000,01:11:04.51,19.52,-57.22,-993.81,253.75,-647.50,-341.25,1,94.256,
01/01/2000,01:11:04.52,20.74,-57.46,-992.84,61.25,-743.75,-367.50,1,94.257,
01/01/2000,01:11:04.53,21.59,-57.83,-991.98,227.50,-717.50,-245.0,1,94.259,
01/01/2000,01:11:04.54,22.45,-58.32,-991.13,245.0,-665.0,-367.50,1,94.261,
01/01/2000,01:11:04.56,22.69,-58.80,-990.52,148.75,-770.0,-411.25,1,94.262,
01/01/2000,01:11:04.57,22.45,-58.44,-990.76,-17.50,-682.50,-297.50,1,94.264,
01/01/2000,01:11:04.58,21.84,-58.07,-991.86,192.50,-638.75,-306.25,1,94.265,
01/01/2000,01:11:04.59,21.11,-57.46,-992.47,122.50,-752.50,-306.25,1,94.267,
01/01/2000,01:11:04.60,20.62,-57.46,-992.96,166.25,-848.75,-210.0,1,94.268,
01/01/2000,01:11:04.61,20.37,-57.22,-993.08,183.75,-638.75,-385.0,1,94.270,
01/01/2000,01:11:04.62,20.25,-57.71,-992.84,236.25,-691.25,-332.50,1,94.271,
01/01/2000,01:11:04.63,20.74,-58.07,-992.23,78.75,-621.25,-218.75,1,94.273,
01/01/2000,01:11:04.64,20.37,-58.44,-991.25,105.0,-700.0,-385.0,1,94.274,
01/01/2000,01:11:04.65,20.01,-58.56,-991.25,87.50,-796.25,-341.25,1,94.276,
01/01/2000,01:11:04.66,19.76,-58.56,-991.74,245.0,-621.25,-490.0,1,94.277,
01/01/2000,01:11:04.67,19.64,-57.95,-992.35,105.0,-691.25,-358.75,1,94.279,
01/01/2000,01:11:04.68,19.89,-57.34,-992.96,113.75,-665.0,-358.75,1,94.280,
01/01/2000,01:11:04.70,20.37,-57.46,-992.71,262.50,-638.75,-96.25,1,94.257,
01/01/2000,01:11:04.71,20.74,-57.34,-992.10,122.50,-638.75,-192.50,1,94.258,
01/01/2000,01:11:04.72,20.86,-58.07,-991.62,131.25,-726.25,-131.25,1,94.260,
01/01/2000,01:11:04.73,21.35,-58.44,-991.49,262.50,-673.75,-472.50,1,94.261,
01/01/2000,01:11:04.74,21.35,-58.56,-991.49,175.0,-682.50,-393.75,1,94.263,
01/01/2000,01:11:04.75,20.98,-58.19,-991.74,105.0,-761.25,-385.0,1,94.264,
01/01/2000,01:11:04.76,20.74,-57.95,-992.10,245.0,-691.25,-358.75,1,94.266,
01/01/2000,01:11:04.77,20.25,-57.58,-992.47,70.0,-761.25,-236.25,1,94.268,
01/01/2000,01:11:04.78,20.13,-57.58,-992.84,148.75,-691.25,-201.25,1,94.269,
01/01/2000,01:11:04.79,20.50,-57.95,-992.84,157.50,-612.50,-385.0,1,94.271,
01/01/2000,01:11:04.80,20.98,-58.32,-992.47,175.0,-647.50,-420.0,1,94.272,
01/01/2000,01:11:04.81,21.47,-58.07,-991.98,87.50,-595.0,-481.25,1,94.274,
01/01/2000,01:11:04.82,21.23,-58.32,-991.49,236.25,-770.0,-411.25,1,94.275,
01/01/2000,01:11:04.83,20.62,-57.95,-991.13,43.75,-735.0,-350.0,1,94.277,
01/01/2000,01:11:04.84,19.64,-58.07,-991.37,236.25,-735.0,-385.0,1,94.253,
01/01/2000,01:11:04.85,19.28,-57.83,-992.23,192.50,-682.50,-341.25,1,94.255,
01/01/2000,01:11:04.86,20.01,-57.71,-993.32,376.25,-656.25,-341.25,1,94.256,
01/01/2000,01:11:04.87,20.62,-57.34,-993.57,78.75,-787.50,-332.50,1,94.258,
01/01/2000,01:11:04.88,21.23,-57.46,-993.20,227.50,-673.75,-210.0,1,94.259,
01/01/2000,01:11:04.90,21.59,-57.83,-992.10,140.0,-717.50,-341.25,1,94.261,
01/01/2000,01:11:04.91,21.72,-58.32,-991.25,262.50,-700.0,-472.50,1,94.262,
01/01/2000,01:11:04.92,21.72,-57.83,-991.37,236.25,-787.50,-411.25,1,94.264,
01/01/2000,01:11:04.93,21.47,-57.83,-991.98,87.50,-761.25,-175.0,1,94.265,
01/01/2000,01:11:04.94,20.74,-57.58,-992.59,113.75,-735.0,-218.75,1,94.267,
01/01/2000,01:11:04.95,20.25,-57.58,-993.08,157.50,-682.50,-280.0,1,94.243,
01/01/2000,01:11:04.96,20.25,-57.58,-993.45,166.25,-603.75,-315.0,1,94.270,
01/01/2000,01:11:04.97,20.50,-57.34,-993.32,175.0,-901.25,-341.25,1,94.247,
01/01/2000,01:11:04.98,20.98,-57.34,-992.84,105.0,-796.25,-253.75,1,94.248,
01/01/2000,01:11:04.99,21.11,-57.58,-991.86,26.25,-647.50,-262.50,1,94.250,
01/01/2000,01:11:05.00,20.86,-57.71,-990.88,262.50,-805.0,-183.75,1,94.251,
01/01/2000,01:11:05.01,20.01,-58.07,-991.01,96.25,-673.75,-323.75,1,94.253,
01/01/2000,01:11:05.02,19.52,-58.32,-991.74,236.25,-717.50,-446.25,1,94.254,
01/01/2000,01:11:05.03,19.52,-57.71,-992.71,148.75,-682.50,-437.50,1,94.256,
01/01/2000,01:11:05.04,19.64,-57.58,-993.69,210.0,-682.50,-288.75,1,94.257,
01/01/2000,01:11:05.06,20.25,-57.10,-994.06,113.75,-630.0,-131.25,1,94.259,
01/01/2000,01:11:05.07,20.74,-57.22,-993.08,245.0,-752.50,131.25,1,94.260,
01/01/2000,01:11:05.08,21.11,-57.58,-992.23,253.75,-743.75,-262.50,1,94.262,
01/01/2000,01:11:05.09,21.35,-57.95,-991.37,113.75,-647.50,-148.75,1,94.263,
01/01/2000,01:11:05.10,21.47,-58.19,-991.01,26.25,-752.50,-192.50,1,94.265,
01/01/2000,01:11:05.11,21.72,-58.32,-991.13,218.75,-726.25,-253.75,1,94.266,
01/01/2000,01:11:05.12,20.98,-57.58,-991.86,175.0,-726.25,96.25,1,94.268,
01/01/2000,01:11:05.13,19.76,-57.34,-992.23,122.50,-647.50,-96.25,1,94.269,
01/01/2000,01:11:05.14,18.91,-57.34,-992.47,280.0,-717.50,-105.0,1,94.271,
01/01/2000,01:11:05.15,17.93,-57.46,-992.47,148.75,-796.25,-297.50,1,94.272,
01/01/2000,01:11:05.16,16.84,-57.83,-992.35,262.50,-761.25,-638.75,1,94.274,
01/01/2000,01:11:05.17,15.01,-57.95,-992.23,166.25,-717.50,-647.50,1,94.275,
01/01/2000,01:11:05.18,13.30,-58.19,-992.23,157.50,-735.0,-647.50,1,94.252,
01/01/2000,01:11:05.20,11.47,-57.95,-992.84,166.25,-673.75,-402.50,1,94.253,
01/01/2000,01:11:05.21,11.22,-57.95,-993.69,280.0,-700.0,-428.75,1,94.255,
01/01/2000,01:11:05.22,11.96,-57.58,-994.42,236.25,-656.25,-831.25,1,94.256,
01/01/2000,01:11:05.23,13.18,-57.46,-994.54,262.50,-665.0,-638.75,1,94.258,
01/01/2000,01:11:05.24,14.88,-57.46,-993.45,192.50,-708.75,-17.50,1,94.259,
01/01/2000,01:11:05.25,14.76,-57.71,-991.86,166.25,-665.0,35.0,1,94.261,
01/01/2000,01:11:05.26,14.27,-57.95,-990.40,87.50,-700.0,-148.75,1,94.263,
01/01/2000,01:11:05.27,11.71,-58.32,-989.30,105.0,-822.50,-183.75,1,94.264,
01/01/2000,01:11:05.28,10.00,-58.19,-989.91,175.0,-647.50,-411.25,1,94.266,
01/01/2000,01:11:05.29,8.05,-58.19,-992.59,227.50,-673.75,-533.75,1,94.267,
01/01/2000,01:11:05.30,7.20,-57.58,-994.54,140.0,-612.50,-393.75,1,94.269,
01/01/2000,01:11:05.31,7.32,-57.46,-995.52,253.75,-647.50,-288.75,1,94.270,
01/01/2000,01:11:05.32,8.05,-56.97,-995.76,70.0,-656.25,-420.0,1,94.272,
01/01/2000,01:11:05.33,10.49,-56.97,-994.67,52.50,-656.25,-376.25,1,94.248,
01/01/2000,01:11:05.34,12.32,-57.34,-992.71,87.50,-656.25,-253.75,1,94.250,
01/01/2000,01:11:05.35,14.40,-58.32,-989.91,105.0,-708.75,-288.75,1,94.251,
01/01/2000,01:11:05.36,14.88,-58.80,-989.42,210.0,-778.75,-402.50,1,94.253,
01/01/2000,01:11:05.37,15.37,-59.29,-990.40,245.0,-831.25,-437.50,1,94.254,
01/01/2000,01:11:05.38,15.01,-58.93,-991.86,236.25,-778.75,-8.75,1,94.256,
01/01/2000,01:11:05.39,13.79,-58.32,-994.06,-35.0,-621.25,-297.50,1,94.257,
01/01/2000,01:11:05.41,13.18,-57.10,-995.15,105.0,-673.75,-402.50,1,94.259,
01/01/2000,01:11:05.42,15.13,-56.24,-994.54,87.50,-533.75,-201.25,1,94.236,
01/01/2000,01:11:05.43,16.71,-56.73,-993.20,140.0,-761.25,-227.50,1,94.237,
01/01/2000,01:11:05.44,17.93,-57.34,-991.62,78.75,-787.50,-271.25,1,94.239,
01/01/2000,01:11:05.45,18.42,-58.93,-990.03,245.0,-796.25,-402.50,1,94.240,
01/01/2000,01:11:05.46,18.91,-59.54,-990.40,52.50,-796.25,-498.75,1,94.242,
01/01/2000,01:11:05.47,19.03,-59.29,-991.49,157.50,-735.0,-595.0,1,94.243,
01/01/2000,01:11:05.48,18.79,-58.32,-992.59,148.75,-630.0,-358.75,1,94.245,
01/01/2000,01:11:05.49,18.30,-56.97,-992.96,271.25,-630.0,-175.0,1,94.246,
01/01/2000,01:11:05.50,18.30,-56.24,-992.59,140.0,-673.75,-113.75,1,94.248,
01/01/2000,01:11:05.51,18.67,-56.36,-992.35,87.50,-726.25,70.0,1,94.249,
01/01/2000,01:11:05.52,19.52,-57.10,-992.35,227.50,-743.75,-70.0,1,94.251,
01/01/2000,01:11:05.53,20.13,-58.44,-992.10,253.75,-796.25,96.25,1,94.252,
01/01/2000,01:11:05.55,20.13,-59.29,-991.86,105.0,-665.0,-385.0,1,94.254,
01/01/2000,01:11:05.56,20.13,-59.29,-992.10,113.75,-743.75,-673.75,1,94.255,
01/01/2000,01:11:05.57,20.13,-58.56,-992.59,192.50,-700.0,-551.25,1,94.257,
01/01/2000,01:11:05.58,20.25,-57.58,-993.08,192.50,-726.25,-297.50,1,94.258,
01/01/2000,01:11:05.59,20.01,-57.10,-993.08,183.75,-595.0,-87.50,1,94.260,
01/01/2000,01:11:05.60,20.13,-56.73,-992.71,87.50,-673.75,-166.25,1,94.261,
01/01/2000,01:11:05.61,20.25,-57.46,-992.35,131.25,-638.75,-140.0,1,94.263,
01/01/2000,01:11:05.62,20.50,-58.07,-992.35,105.0,-673.75,-385.0,1,94.264,
01/01/2000,01:11:05.63,20.74,-58.93,-992.35,218.75,-761.25,-402.50,1,94.266,
01/01/2000,01:11:05.64,20.74,-59.05,-992.10,166.25,-673.75,-455.0,1,94.267,
01/01/2000,01:11:05.65,20.50,-58.68,-992.10,227.50,-603.75,-437.50,1,94.269,
01/01/2000,01:11:05.66,20.50,-58.07,-992.23,131.25,-708.75,-507.50,1,94.270,
01/01/2000,01:11:05.67,20.50,-57.58,-992.84,0.0,-770.0,-315.0,1,94.272,
01/01/2000,01:11:05.68,20.62,-57.10,-993.08,87.50,-691.25,-297.50,1,94.273,
01/01/2000,01:11:05.69,20.37,-57.58,-993.08,210.0,-726.25,-297.50,1,94.250,
01/01/2000,01:11:05.70,20.50,-58.32,-992.71,175.0,-708.75,-288.75,1,94.252,
01/01/2000,01:11:05.71,20.62,-58.68,-992.59,148.75,-708.75,-455.0,1,94.253,
01/01/2000,01:11:05.72,20.74,-58.68,-992.47,218.75,-717.50,-297.50,1,94.255,
01/01/2000,01:11:05.73,20.86,-58.56,-992.35,122.50,-665.0,-341.25,1,94.256,
01/01/2000,01:11:05.74,20.62,-57.95,-992.23,78.75,-787.50,-341.25,1,94.258,
01/01/2000,01:11:05.76,20.13,-57.58,-990.52,175.0,-621.25,-131.25,1,94.259,
01/01/2000,01:11:05.77,19.89,-57.10,-989.54,17.50,-717.50,-271.25,1,94.261,
01/01/2000,01:11:05.78,20.50,-57.34,-989.05,192.50,-560.0,-280.0,1,94.262,
01/01/2000,01:11:05.79,20.98,-57.58,-988.20,96.25,-647.50,-175.0,1,94.264,
01/01/2000,01:11:05.80,20.98,-58.07,-986.98,271.25,-638.75,-192.50,1,94.265,
01/01/2000,01:11:05.81,20.62,-58.07,-984.66,175.0,-708.75,-411.25,1,94.267,
01/01/2000,01:11:05.82,20.50,-57.71,-983.69,166.25,-717.50,-385.0,1,94.268,
01/01/2000,01:11:05.83,21.11,-57.34,-984.05,148.75,-691.25,-323.75,1,94.269,
01/01/2000,01:11:05.84,21.47,-56.97,-984.91,140.0,-813.75,-323.75,1,94.271,
01/01/2000,01:11:05.85,21.47,-57.22,-985.64,148.75,-682.50,-87.50,1,94.272,
01/01/2000,01:11:05.86,20.98,-57.22,-985.76,43.75,-665.0,-131.25,1,94.274,
01/01/2000,01:11:05.87,20.01,-57.46,-984.66,87.50,-586.25,-323.75,1,94.275,
01/01/2000,01:11:05.88,19.76,-57.22,-983.08,166.25,-638.75,-446.25,1,94.277,
01/01/2000,01:11:05.89,19.64,-57.10,-980.76,87.50,-682.50,-393.75,1,94.278,
01/01/2000,01:11:05.90,20.25,-56.85,-977.95,148.75,-726.25,-376.25,1,94.256,
01/01/2000,01:11:05.91,20.86,-57.10,-976.98,113.75,-892.50,-227.50,1,94.257,
01/01/2000,01:11:05.93,21.59,-57.71,-978.81,113.75,-700.0,-428.75,1,94.258,
01/01/2000,01:11:05.94,21.96,-58.07,-981.37,113.75,-778.75,-271.25,1,94.260,
01/01/2000,01:11:05.95,21.47,-57.83,-984.05,70.0,-761.25,-166.25,1,94.261,
01/01/2000,01:11:05.96,20.50,-57.83,-986.37,245.0,-586.25,-105.0,1,94.263,
01/01/2000,01:11:05.97,19.28,-56.85,-987.96,87.50,-577.50,-175.0,1,94.264,
01/01/2000,01:11:05.98,18.91,-56.36,-987.59,183.75,-595.0,-210.0,1,94.266,
01/01/2000,01:11:05.99,19.28,-56.36,-986.74,148.75,-656.25,-210.0,1,94.267,
01/01/2000,01:11:06.00,20.25,-56.85,-985.52,183.75,-787.50,-402.50,1,94.269,
01/01/2000,01:11:06.01,21.84,-57.58,-985.15,175.0,-770.0,-315.0,1,94.270,
01/01/2000,01:11:06.02,22.45,-58.07,-985.15,-26.25,-708.75,-271.25,1,94.272,
01/01/2000,01:11:06.03,21.72,-59.05,-985.03,17.50,-665.0,26.25,1,94.273,
01/01/2000,01:11:06.04,19.89,-58.32,-986.86,78.75,-708.75,-621.25,1,94.251,
01/01/2000,01:11:06.05,19.40,-58.07,-988.93,87.50,-638.75,-682.50,1,94.252,
01/01/2000,01:11:06.06,20.01,-56.85,-990.76,131.25,-595.0,-577.50,1,94.253,
01/01/2000,01:11:06.07,20.50,-56.49,-992.10,210.0,-568.75,17.50,1,94.255,
01/01/2000,01:11:06.08,20.98,-56.36,-992.10,0.0,-700.0,201.25,1,94.256,
01/01/2000,01:11:06.09,20.74,-57.46,-991.01,183.75,-691.25,140.0,1,94.258,
01/01/2000,01:11:06.10,20.25,-58.07,-990.03,131.25,-717.50,-306.25,1,94.259,
01/01/2000,01:11:06.12,20.74,-58.80,-990.15,236.25,-735.0,-708.75,1,94.261,
01/01/2000,01:11:06.13,21.35,-58.19,-990.88,8.75,-831.25,-507.50,1,94.262,
01/01/2000,01:11:06.14,21.11,-57.83,-991.01,166.25,-638.75,-218.75,1,94.264,
01/01/2000,01:11:06.15,20.37,-57.10,-991.13,131.25,-621.25,-148.75,1,94.265,
01/01/2000,01:11:06.16,20.25,-56.85,-991.49,148.75,-743.75,-148.75,1,94.267,
01/01/2000,01:11:06.17,20.25,-56.97,-992.10,148.75,-595.0,-323.75,1,94.268,
01/01/2000,01:11:06.18,20.74,-57.58,-992.96,183.75,-665.0,-218.75,1,94.246,
01/01/2000,01:11:06.19,21.23,-57.95,-992.84,253.75,-726.25,-350.0,1,94.247,
01/01/2000,01:11:06.20,20.86,-57.95,-992.47,96.25,-682.50,-280.0,1,94.248,
01/01/2000,01:11:06.21,20.50,-58.07,-991.74,122.50,-595.0,-481.25,1,94.250,
01/01/2000,01:11:06.22,20.50,-57.58,-991.37,87.50,-665.0,-271.25,1,94.251,
01/01/2000,01:11:06.23,20.37,-57.10,-991.37,-35.0,-665.0,-271.25,1,94.253,
01/01/2000,01:11:06.24,20.37,-57.34,-992.10,157.50,-770.0,-280.0,1,94.254,
01/01/2000,01:11:06.26,20.98,-57.34,-994.06,96.25,-735.0,-411.25,1,94.256,
01/01/2000,01:11:06.27,20.98,-57.46,-994.79,183.75,-638.75,-175.0,1,94.257,
01/01/2000,01:11:06.28,20.25,-57.71,-994.06,323.75,-533.75,-306.25,1,94.259,
01/01/2000,01:11:06.29,19.89,-57.10,-992.84,201.25,-691.25,-525.0,1,94.260,
01/01/2000,01:11:06.30,20.13,-57.22,-991.62,87.50,-673.75,-385.0,1,94.262,
01/01/2000,01:11:06.31,20.37,-57.10,-990.76,87.50,-691.25,-376.25,1,94.263,
01/01/2000,01:11:06.32,20.74,-57.22,-990.40,78.75,-787.50,-253.75,1,94.265,
01/01/2000,01:11:06.33,21.47,-57.34,-990.64,0.0,-796.25,-385.0,1,94.266,
01/01/2000,01:11:06.34,21.23,-57.83,-991.62,227.50,-691.25,-288.75,1,94.244,
01/01/2000,01:11:06.35,20.74,-57.58,-991.98,245.0,-638.75,-350.0,1,94.269,
01/01/2000,01:11:06.36,20.86,-57.34,-992.35,166.25,-647.50,-367.50,1,94.246,
01/01/2000,01:11:06.37,20.50,-57.22,-992.59,262.50,-682.50,-481.25,1,94.248,
01/01/2000,01:11:06.38,20.25,-56.97,-993.08,-26.25,-542.50,-288.75,1,94.249,
01/01/2000,01:11:06.40,20.37,-56.97,-993.08,78.75,-673.75,-472.50,1,94.251,
01/01/2000,01:11:06.41,20.74,-57.22,-993.08,87.50,-752.50,-227.50,1,94.252,
01/01/2000,01:11:06.42,20.74,-57.71,-993.08,245.0,-691.25,-393.75,1,94.254,
01/01/2000,01:11:06.43,21.11,-57.83,-993.32,122.50,-560.0,-428.75,1,94.255,
01/01/2000,01:11:06.44,21.11,-57.58,-992.96,166.25,-656.25,-358.75,1,94.257,
01/01/2000,01:11:06.45,20.62,-57.10,-992.59,61.25,-621.25,-481.25,1,94.258,
01/01/2000,01:11:06.46,20.74,-57.22,-992.47,271.25,-673.75,-350.0,1,94.260,
01/01/2000,01:11:06.47,20.50,-56.97,-992.35,-17.50,-700.0,-253.75,1,94.237,
01/01/2000,01:11:06.48,20.37,-57.46,-991.74,157.50,-673.75,-446.25,1,94.239,
01/01/2000,01:11:06.49,20.25,-57.22,-991.13,17.50,-770.0,-227.50,1,94.240,
01/01/2000,01:11:06.50,20.50,-57.58,-990.88,288.75,-691.25,-358.75,1,94.242,
01/01/2000,01:11:06.51,20.62,-57.71,-991.01,61.25,-638.75,-393.75,1,94.243,
01/01/2000,01:11:06.52,20.86,-57.58,-991.62,87.50,-770.0,-341.25,1,94.244,
01/01/2000,01:11:06.53,20.98,-57.34,-991.86,236.25,-805.0,-358.75,1,94.246,
01/01/2000,01:11:06.54,20.86,-57.10,-991.98,61.25,-700.0,-201.25,1,94.247,
01/01/2000,01:11:06.55,20.37,-57.34,-992.10,122.50,-752.50,-332.50,1,94.249,
01/01/2000,01:11:06.56,20.37,-56.97,-992.35,175.0,-516.25,-288.75,1,94.250,
01/01/2000,01:11:06.57,20.74,-57.34,-992.84,271.25,-787.50,-306.25,1,94.252,
01/01/2000,01:11:06.58,20.50,-57.46,-993.32,131.25,-656.25,-350.0,1,94.253,
01/01/2000,01:11:06.60,20.74,-57.58,-993.57,175.0,-656.25,-288.75,1,94.255,
01/01/2000,01:11:06.61,20.86,-57.58,-993.20,96.25,-673.75,-323.75,1,94.256,
01/01/2000,01:11:06.62,20.50,-57.22,-992.47,61.25,-770.0,-297.50,1,94.258,
01/01/2000,01:11:06.63,20.50,-57.34,-992.35,122.50,-761.25,-315.0,1,94.259,
01/01/2000,01:11:06.64,20.50,-57.22,-992.35,43.75,-717.50,-297.50,1,94.260,
01/01/2000,01:11:06.65,20.74,-57.22,-992.59,122.50,-647.50,-323.75,1,94.262,
01/01/2000,01:11:06.66,20.74,-57.46,-992.59,96.25,-656.25,-350.0,1,94.263,
01/01/2000,01:11:06.67,20.74,-57.46,-992.59,-35.0,-595.0,-358.75,1,94.265,
01/01/2000,01:11:06.68,20.86,-57.58,-992.71,157.50,-612.50,-446.25,1,94.242,
01/01/2000,01:11:06.69,20.74,-57.58,-992.71,157.50,-708.75,-463.75,1,94.244,
01/01/2000,01:11:06.70,20.86,-57.34,-992.84,262.50,-656.25,-393.75,1,94.245,
01/01/2000,01:11:06.71,20.98,-57.34,-992.59,140.0,-638.75,-280.0,1,94.247,
01/01/2000,01:11:06.72,20.98,-57.46,-992.35,105.0,-726.25,-288.75,1,94.248,
01/01/2000,01:11:06.73,20.74,-57.46,-991.86,70.0,-708.75,-227.50,1,94.250,
01/01/2000,01:11:06.74,20.50,-57.58,-991.49,253.75,-691.25,-367.50,1,94.251,
01/01/2000,01:11:06.76,20.62,-57.58,-991.62,175.0,-761.25,-350.0,1,94.253,
01/01/2000,01:11:06.77,20.74,-57.58,-991.98,96.25,-708.75,-306.25,1,94.254,
01/01/2000,01:11:06.78,20.74,-57.58,-992.84,262.50,-735.0,-315.0,1,94.255,
01/01/2000,01:11:06.79,20.74,-57.46,-993.20,157.50,-673.75,-280.0,1,94.257,
01/01/2000,01:11:06.80,20.74,-57.34,-993.20,140.0,-682.50,-463.75,1,94.258,
01/01/2000,01:11:06.81,20.37,-57.10,-992.84,183.75,-682.50,-297.50,1,94.260,
01/01/2000,01:11:06.82,20.13,-57.10,-991.98,131.25,-708.75,-341.25,1,94.261,
01/01/2000,01:11:06.83,20.50,-57.34,-991.62,61.25,-560.0,-402.50,1,94.263,
01/01/2000,01:11:06.84,20.86,-57.34,-991.62,-8.75,-708.75,-411.25,1,94.264,
01/01/2000,01:11:06.85,21.23,-57.46,-992.10,297.50,-717.50,-306.25,1,94.266,
01/01/2000,01:11:06.86,21.23,-57.46,-992.35,183.75,-656.25,-420.0,1,94.267,
01/01/2000,01:11:06.87,21.11,-57.34,-992.47,245.0,-665.0,-376.25,1,94.268,
01/01/2000,01:11:06.88,20.86,-57.22,-992.35,218.75,-673.75,-288.75,1,94.270,
01/01/2000,01:11:06.90,20.37,-56.97,-992.10,157.50,-735.0,-428.75,1,94.248,
01/01/2000,01:11:06.90,20.13,-56.85,-991.74,218.75,-673.75,-245.0,1,94.249,
01/01/2000,01:11:06.92,20.37,-57.10,-991.62,341.25,-621.25,-385.0,1,94.251,
01/01/2000,01:11:06.93,20.74,-57.22,-991.86,-17.50,-708.75,-393.75,1,94.252,
01/01/2000,01:11:06.94,21.23,-57.46,-992.47,236.25,-708.75,-253.75,1,94.253,
01/01/2000,01:11:06.95,21.11,-57.46,-992.84,122.50,-682.50,-367.50,1,94.255,
01/01/2000,01:11:06.96,20.98,-57.34,-992.84,113.75,-726.25,-288.75,1,94.256,
01/01/2000,01:11:06.97,20.74,-57.22,-992.84,-8.75,-665.0,-288.75,1,94.234,
01/01/2000,01:11:06.98,20.50,-57.10,-992.84,96.25,-560.0,-288.75,1,94.236,
01/01/2000,01:11:06.99,20.50,-57.22,-992.84,166.25,-691.25,-315.0,1,94.237,
01/01/2000,01:11:07.00,20.74,-57.34,-992.96,-35.0,-656.25,-323.75,1,94.238,
01/01/2000,01:11:07.01,20.98,-57.58,-993.08,227.50,-743.75,-297.50,1,94.240,
01/01/2000,01:11:07.02,21.47,-57.58,-993.69,26.25,-691.25,-481.25,1,94.241,
01/01/2000,01:11:07.03,21.47,-57.71,-993.81,105.0,-647.50,-245.0,1,94.243,
01/01/2000,01:11:07.04,21.23,-57.22,-993.57,122.50,-708.75,-332.50,1,94.244,
01/01/2000,01:11:07.05,20.50,-57.34,-992.59,131.25,-586.25,-323.75,1,94.246,
01/01/2000,01:11:07.06,20.50,-57.22,-991.98,122.50,-691.25,-481.25,1,94.247,
01/01/2000,01:11:07.07,20.37,-57.34,-991.49,157.50,-717.50,-140.0,1,94.249,
01/01/2000,01:11:07.08,20.74,-57.34,-991.37,70.0,-665.0,-358.75,1,94.250,
01/01/2000,01:11:07.09,20.98,-57.58,-991.62,271.25,-761.25,-350.0,1,94.251,
01/01/2000,01:11:07.11,21.23,-57.71,-992.10,113.75,-848.75,-472.50,1,94.253,
01/01/2000,01:11:07.12,20.98,-57.95,-992.59,218.75,-822.50,-393.75,1,94.254,
01/01/2000,01:11:07.13,20.98,-57.83,-992.71,183.75,-673.75,-367.50,1,94.256,
01/01/2000,01:11:07.14,20.25,-57.34,-992.47,245.0,-735.0,-201.25,1,94.257,
01/01/2000,01:11:07.15,20.13,-57.10,-991.98,183.75,-560.0,-376.25,1,94.259,
01/01/2000,01:11:07.16,20.50,-57.10,-991.62,192.50,-708.75,-306.25,1,94.260,
01/01/2000,01:11:07.17,20.86,-57.10,-991.62,-26.25,-726.25,-332.50,1,94.261,
01/01/2000,01:11:07.18,21.11,-57.34,-991.74,78.75,-525.0,-428.75,1,94.263,
01/01/2000,01:11:07.19,21.35,-57.58,-992.47,166.25,-743.75,-455.0,1,94.264,
01/01/2000,01:11:07.20,21.35,-57.46,-993.08,192.50,-770.0,-437.50,1,94.266,
01/01/2000,01:11:07.21,21.35,-57.10,-993.69,157.50,-656.25,-420.0,1,94.267,
01/01/2000,01:11:07.22,20.98,-57.22,-993.81,350.0,-647.50,-297.50,1,94.269,
01/01/2000,01:11:07.23,20.86,-56.73,-993.81,43.75,-656.25,-297.50,1,94.270,
01/01/2000,01:11:07.24,20.50,-56.97,-993.20,17.50,-621.25,-332.50,1,94.248,
01/01/2000,01:11:07.25,20.13,-57.22,-991.86,105.0,-665.0,-262.50,1,94.249,
01/01/2000,01:11:07.26,19.89,-57.34,-991.01,262.50,-630.0,-315.0,1,94.251,
01/01/2000,01:11:07.27,20.25,-57.34,-990.64,43.75,-717.50,-350.0,1,94.252,
01/01/2000,01:11:07.28,20.62,-57.58,-990.88,201.25,-612.50,-455.0,1,94.254,
01/01/2000,01:11:07.29,20.98,-57.34,-992.10,0.0,-682.50,-420.0,1,94.255,
01/01/2000,01:11:07.30,21.11,-57.34,-992.96,140.0,-831.25,-271.25,1,94.257,
01/01/2000,01:11:07.32,20.50,-56.97,-993.45,131.25,-630.0,-297.50,1,94.258,
01/01/2000,01:11:07.33,20.13,-56.97,-993.32,183.75,-770.0,-280.0,1,94.259,
01/01/2000,01:11:07.34,20.01,-56.85,-992.84,236.25,-708.75,-280.0,1,94.261,
01/01/2000,01:11:07.35,19.76,-56.97,-992.10,297.50,-770.0,-306.25,1,94.262,
01/01/2000,01:11:07.36,20.62,-57.10,-991.62,157.50,-665.0,-323.75,1,94.264,
01/01/2000,01:11:07.37,21.11,-57.46,-991.74,166.25,-691.25,-411.25,1,94.265,
01/01/2000,01:11:07.38,21.47,-57.34,-992.10,0.0,-743.75,-481.25,1,94.267,
01/01/2000,01:11:07.39,21.23,-57.58,-992.35,166.25,-743.75,-358.75,1,94.245,
01/01/2000,01:11:07.40,20.98,-57.10,-992.71,43.75,-752.50,-358.75,1,94.269,
01/01/2000,01:11:07.41,20.74,-57.22,-993.20,201.25,-700.0,-262.50,1,94.247,
01/01/2000,01:11:07.42,20.50,-56.97,-993.20,140.0,-735.0,-315.0,1,94.249,
01/01/2000,01:11:07.43,20.25,-57.22,-992.59,122.50,-682.50,-271.25,1,94.250,
01/01/2000,01:11:07.44,20.13,-57.10,-991.98,113.75,-831.25,-402.50,1,94.252,
01/01/2000,01:11:07.46,20.50,-57.58,-991.25,201.25,-673.75,-411.25,1,94.253,
01/01/2000,01:11:07.47,20.86,-57.71,-991.37,148.75,-682.50,-376.25,1,94.255,
01/01/2000,01:11:07.48,20.98,-57.71,-991.62,201.25,-673.75,-376.25,1,94.256,
01/01/2000,01:11:07.49,20.86,-57.46,-992.10,140.0,-647.50,-420.0,1,94.257,
01/01/2000,01:11:07.50,20.86,-57.34,-992.59,210.0,-717.50,-218.75,1,94.259,
01/01/2000,01:11:07.51,20.74,-57.10,-992.71,105.0,-630.0,-280.0,1,94.260,
01/01/2000,01:11:07.52,20.25,-57.10,-992.59,148.75,-752.50,-218.75,1,94.262,
01/01/2000,01:11:07.53,20.13,-57.10,-992.35,8.75,-630.0,-236.25,1,94.240,
01/01/2000,01:11:07.54,20.50,-57.34,-992.59,280.0,-717.50,-490.0,1,94.241,
01/01/2000,01:11:07.55,20.98,-57.46,-992.84,43.75,-700.0,-437.50,1,94.243,
01/01/2000,01:11:07.56,21.11,-57.58,-992.96,148.75,-752.50,-262.50,1,94.244,
01/01/2000,01:11:07.57,21.23,-57.34,-992.96,122.50,-708.75,-376.25,1,94.245,
01/01/2000,01:11:07.58,20.74,-57.10,-992.84,78.75,-560.0,-227.50,1,94.247,
01/01/2000,01:11:07.59,20.50,-56.85,-992.59,105.0,-665.0,-288.75,1,94.248,
01/01/2000,01:11:07.60,20.50,-57.22,-992.96,122.50,-717.50,-245.0,1,94.250,
01/01/2000,01:11:07.61,20.74,-57.22,-993.32,96.25,-831.25,-341.25,1,94.251,
01/01/2000,01:11:07.62,20.98,-57.34,-993.93,87.50,-700.0,-280.0,1,94.253,
01/01/2000,01:11:07.64,21.23,-57.58,-993.69,157.50,-691.25,-393.75,1,94.254,
01/01/2000,01:11:07.65,21.23,-57.34,-992.96,0.0,-612.50,-253.75,1,94.255,
01/01/2000,01:11:07.66,20.98,-57.34,-992.23,166.25,-700.0,-280.0,1,94.257,
01/01/2000,01:11:07.67,20.86,-57.22,-991.37,96.25,-708.75,-455.0,1,94.258,
01/01/2000,01:11:07.68,20.98,-57.22,-991.13,140.0,-700.0,-236.25,1,94.260,
01/01/2000,01:11:07.69,20.74,-57.10,-991.01,245.0,-656.25,-245.0,1,94.261,
01/01/2000,01:11:07.70,20.98,-57.34,-990.88,96.25,-647.50,-385.0,1,94.262,
01/01/2000,01:11:07.71,20.98,-57.34,-991.62,166.25,-726.25,-446.25,1,94.264,
01/01/2000,01:11:07.72,21.11,-57.34,-992.35,8.75,-700.0,-420.0,1,94.265,
01/01/2000,01:11:07.73,21.23,-57.34,-992.96,148.75,-612.50,-437.50,1,94.267,
01/01/2000,01:11:07.74,21.11,-56.97,-993.08,122.50,-638.75,-323.75,1,94.268,
01/01/2000,01:11:07.75,20.74,-56.85,-992.71,183.75,-673.75,-358.75,1,94.270,
01/01/2000,01:11:07.76,20.74,-56.61,-992.23,166.25,-717.50,-236.25,1,94.271,
01/01/2000,01:11:07.77,20.74,-56.85,-991.86,192.50,-682.50,-315.0,1,94.272,
01/01/2000,01:11:07.78,21.11,-57.22,-991.86,113.75,-735.0,-341.25,1,94.274,
01/01/2000,01:11:07.79,21.23,-57.34,-991.98,140.0,-875.0,-455.0,1,94.275,
01/01/2000,01:11:07.80,21.59,-57.34,-993.08,192.50,-700.0,-376.25,1,94.253,
01/01/2000,01:11:07.81,21.96,-57.10,-993.93,227.50,-542.50,-533.75,1,94.255,
01/01/2000,01:11:07.82,21.72,-56.97,-994.30,61.25,-560.0,-350.0,1,94.256,
01/01/2000,01:11:07.83,20.86,-56.61,-993.20,297.50,-656.25,-332.50,1,94.258,
01/01/2000,01:11:07.84,20.13,-56.61,-991.98,105.0,-656.25,-236.25,1,94.259,
01/01/2000,01:11:07.85,19.76,-56.73,-990.88,0.0,-682.50,-245.0,1,94.260,
01/01/2000,01:11:07.86,19.76,-56.85,-990.27,210.0,-630.0,-306.25,1,94.262,
01/01/2000,01:11:07.88,20.62,-57.34,-990.40,148.75,-673.75,-490.0,1,94.263,
01/01/2000,01:11:07.89,20.98,-57.58,-991.49,140.0,-735.0,-428.75,1,94.265,
01/01/2000,01:11:07.90,21.23,-57.34,-992.10,70.0,-778.75,-420.0,1,94.266,
01/01/2000,01:11:07.91,20.98,-57.10,-992.47,113.75,-682.50,-350.0,1,94.268,
01/01/2000,01:11:07.92,20.62,-56.97,-992.59,157.50,-691.25,-323.75,1,94.269,
01/01/2000,01:11:07.93,20.50,-56.85,-992.84,210.0,-743.75,-271.25,1,94.270,
01/01/2000,01:11:07.94,20.50,-56.85,-992.96,-17.50,-603.75,-393.75,1,94.272,
01/01/2000,01:11:07.95,20.86,-57.34,-993.08,87.50,-630.0,-323.75,1,94.250,
01/01/2000,01:11:07.96,20.98,-57.58,-993.08,96.25,-665.0,-437.50,1,94.251,
01/01/2000,01:11:07.98,21.11,-57.34,-992.84,157.50,-752.50,-393.75,1,94.253,
01/01/2000,01:11:07.99,21.23,-57.10,-992.71,166.25,-717.50,-420.0,1,94.254,
01/01/2000,01:11:08.00,21.35,-56.97,-993.20,140.0,-726.25,-332.50,1,94.256,
01/01/2000,01:11:08.01,21.47,-56.97,-993.81,271.25,-647.50,-288.75,1,94.257,
01/01/2000,01:11:08.02,21.23,-57.10,-993.93,192.50,-691.25,-245.0,1,94.258,
01/01/2000,01:11:08.03,20.74,-57.10,-993.45,218.75,-691.25,-288.75,1,94.237,
01/01/2000,01:11:08.04,20.25,-57.22,-991.49,236.25,-595.0,-288.75,1,94.238,
01/01/2000,01:11:08.05,19.89,-56.85,-990.27,96.25,-700.0,-437.50,1,94.240,
01/01/2000,01:11:08.06,19.76,-56.97,-989.54,201.25,-770.0,-315.0,1,94.241,
01/01/2000,01:11:08.07,20.50,-57.10,-990.03,140.0,-708.75,-376.25,1,94.243,
01/01/2000,01:11:08.08,20.98,-57.22,-991.01,87.50,-700.0,-341.25,1,94.244,
01/01/2000,01:11:08.09,21.47,-57.22,-992.35,175.0,-717.50,-402.50,1,94.245,
01/01/2000,01:11:08.10,21.47,-57.22,-992.59,157.50,-638.75,-192.50,1,94.247,
01/01/2000,01:11:08.11,21.11,-56.97,-992.59,148.75,-638.75,-315.0,1,94.248,
01/01/2000,01:11:08.12,20.50,-56.73,-991.86,192.50,-735.0,-271.25,1,94.250,
01/01/2000,01:11:08.13,20.13,-56.49,-991.74,-8.75,-787.50,-297.50,1,94.251,
01/01/2000,01:11:08.14,20.37,-56.85,-991.86,236.25,-726.25,-297.50,1,94.252,
01/01/2000,01:11:08.15,20.98,-56.73,-992.47,8.75,-708.75,-437.50,1,94.254,
01/01/2000,01:11:08.17,21.47,-57.10,-993.32,105.0,-630.0,-280.0,1,94.255,
01/01/2000,01:11:08.18,21.47,-57.10,-993.57,271.25,-700.0,-332.50,1,94.257,
01/01/2000,01:11:08.19,21.11,-56.85,-993.45,131.25,-638.75,-385.0,1,94.258,
01/01/2000,01:11:08.20,20.86,-56.73,-993.57,96.25,-726.25,-166.25,1,94.259,
01/01/2000,01:11:08.21,20.86,-56.61,-994.06,183.75,-735.0,-332.50,1,94.261,
01/01/2000,01:11:08.22,20.98,-56.61,-993.93,157.50,-700.0,-385.0,1,94.262,
01/01/2000,01:11:08.23,20.50,-56.61,-993.32,131.25,-612.50,-157.50,1,94.263,
01/01/2000,01:11:08.24,20.25,-56.61,-991.62,-8.75,-700.0,-253.75,1,94.265,
01/01/2000,01:11:08.25,20.13,-57.10,-990.64,201.25,-743.75,-350.0,1,94.266,
01/01/2000,01:11:08.26,20.50,-56.97,-990.27,-61.25,-813.75,-332.50,1,94.268,
01/01/2000,01:11:08.27,21.47,-57.34,-991.01,105.0,-717.50,-385.0,1,94.269,
01/01/2000,01:11:08.28,21.84,-57.10,-991.74,210.0,-726.25,-525.0,1,94.270,
01/01/2000,01:11:08.29,21.59,-57.10,-992.35,105.0,-673.75,-297.50,1,94.272,
01/01/2000,01:11:08.30,21.47,-56.61,-992.71,70.0,-647.50,-175.0,1,94.250,
01/01/2000,01:11:08.31,20.86,-56.36,-992.59,192.50,-673.75,-288.75,1,94.252,
01/01/2000,01:11:08.32,20.74,-56.36,-992.10,140.0,-656.25,-350.0,1,94.253,
01/01/2000,01:11:08.33,20.74,-56.61,-992.10,245.0,-656.25,-367.50,1,94.255,
01/01/2000,01:11:08.34,21.11,-56.85,-992.35,96.25,-708.75,-586.25,1,94.256,
01/01/2000,01:11:08.35,21.23,-57.22,-992.59,175.0,-586.25,-245.0,1,94.257,
01/01/2000,01:11:08.36,21.11,-57.10,-992.59,306.25,-533.75,166.25,1,94.259,
01/01/2000,01:11:08.38,20.98,-56.85,-992.35,43.75,-656.25,-551.25,1,94.260,
01/01/2000,01:11:08.39,20.86,-56.49,-992.23,140.0,-743.75,-866.25,1,94.261,
01/01/2000,01:11:08.40,20.98,-56.36,-992.59,157.50,-673.75,-70.0,1,94.263,
01/01/2000,01:11:08.41,20.98,-56.49,-993.45,96.25,-665.0,35.0,1,94.264,
01/01/2000,01:11:08.42,21.35,-56.85,-993.93,192.50,-647.50,-437.50,1,94.266,
01/01/2000,01:11:08.43,21.11,-57.10,-993.32,61.25,-691.25,-402.50,1,94.267,
01/01/2000,01:11:08.44,20.37,-56.97,-992.23,113.75,-560.0,-245.0,1,94.268,
01/01/2000,01:11:08.45,20.01,-56.85,-990.52,192.50,-708.75,-420.0,1,94.270,
01/01/2000,01:11:08.46,20.50,-56.61,-990.40,70.0,-805.0,-393.75,1,94.271,
01/01/2000,01:11:08.47,20.62,-56.73,-990.52,201.25,-796.25,-481.25,1,94.273,
01/01/2000,01:11:08.49,20.98,-56.61,-991.37,201.25,-691.25,-262.50,1,94.251,
01/01/2000,01:11:08.50,20.98,-56.85,-992.10,105.0,-717.50,-323.75,1,94.253,
01/01/2000,01:11:08.51,20.74,-56.61,-992.59,183.75,-770.0,-288.75,1,94.254,
01/01/2000,01:11:08.52,20.62,-56.85,-992.84,227.50,-621.25,-376.25,1,94.255,
01/01/2000,01:11:08.53,20.74,-56.73,-992.96,175.0,-612.50,-350.0,1,94.257,
01/01/2000,01:11:08.54,20.62,-56.49,-992.84,192.50,-673.75,-288.75,1,94.258,
01/01/2000,01:11:08.55,20.62,-56.49,-992.47,-43.75,-665.0,-297.50,1,94.260,
01/01/2000,01:11:08.56,20.62,-56.85,-992.10,297.50,-708.75,-420.0,1,94.261,
01/01/2000,01:11:08.57,20.86,-56.61,-992.35,78.75,-761.25,-437.50,1,94.262,
01/01/2000,01:11:08.58,21.47,-56.85,-992.59,192.50,-805.0,-341.25,1,94.264,
01/01/2000,01:11:08.59,21.59,-56.85,-992.96,140.0,-717.50,-393.75,1,94.265,
01/01/2000,01:11:08.60,21.84,-56.61,-993.81,105.0,-665.0,-227.50,1,94.266,
01/01/2000,01:11:08.61,22.08,-56.49,-994.54,148.75,-691.25,-463.75,1,94.268,
01/01/2000,01:11:08.62,22.08,-56.61,-995.03,323.75,-656.25,-245.0,1,94.269,
01/01/2000,01:11:08.63,21.59,-56.49,-994.54,131.25,-778.75,-227.50,1,94.271,
01/01/2000,01:11:08.64,20.86,-56.24,-993.20,157.50,-595.0,-192.50,1,94.272,
01/01/2000,01:11:08.65,19.89,-56.24,-990.88,87.50,-743.75,-297.50,1,94.251,
01/01/2000,01:11:08.66,19.64,-56.36,-989.54,35.0,-805.0,-262.50,1,94.252,
01/01/2000,01:11:08.67,19.89,-56.85,-989.79,183.75,-840.0,-376.25,1,94.253,
01/01/2000,01:11:08.68,20.13,-56.73,-990.88,78.75,-770.0,-323.75,1,94.255,
01/01/2000,01:11:08.69,20.50,-56.85,-992.35,122.50,-708.75,-411.25,1,94.256,
01/01/2000,01:11:08.70,20.86,-56.85,-993.93,183.75,-691.25,-323.75,1,94.258,
01/01/2000,01:11:08.71,20.86,-56.12,-994.18,131.25,-726.25,-262.50,1,94.259,
01/01/2000,01:11:08.73,20.74,-56.12,-993.08,175.0,-700.0,-245.0,1,94.260,
01/01/2000,01:11:08.74,20.25,-56.12,-991.86,43.75,-700.0,-166.25,1,94.262,
01/01/2000,01:11:08.75,20.25,-56.36,-990.64,166.25,-717.50,-350.0,1,94.263,
01/01/2000,01:11:08.76,20.62,-56.85,-990.40,201.25,-761.25,-341.25,1,94.264,
01/01/2000,01:11:08.77,21.59,-57.10,-991.01,105.0,-691.25,-437.50,1,94.266,
01/01/2000,01:11:08.78,22.08,-57.10,-991.86,148.75,-813.75,-341.25,1,94.267,
01/01/2000,01:11:08.79,22.08,-56.85,-992.71,87.50,-551.25,-393.75,1,94.269,
01/01/2000,01:11:08.80,21.59,-56.24,-993.57,61.25,-638.75,-245.0,1,94.247,
01/01/2000,01:11:08.81,21.47,-56.12,-993.81,131.25,-708.75,-166.25,1,94.249,
01/01/2000,01:11:08.82,21.11,-56.24,-993.81,227.50,-603.75,-280.0,1,94.250,
01/01/2000,01:11:08.83,20.86,-56.49,-993.32,157.50,-586.25,-297.50,1,94.251,
01/01/2000,01:11:08.84,20.37,-56.73,-992.35,87.50,-560.0,-350.0,1,94.253,
01/01/2000,01:11:08.85,20.25,-56.85,-991.13,131.25,-586.25,-411.25,1,94.254,
01/01/2000,01:11:08.87,19.89,-56.61,-989.42,148.75,-612.50,-288.75,1,94.256,
01/01/2000,01:11:08.88,19.76,-56.49,-988.93,78.75,-770.0,-455.0,1,94.257,
01/01/2000,01:11:08.89,20.74,-56.61,-990.40,35.0,-708.75,-420.0,1,94.258,
01/01/2000,01:11:08.90,21.47,-56.61,-991.98,105.0,-595.0,-420.0,1,94.260,
01/01/2000,01:11:08.91,21.84,-56.73,-993.32,70.0,-673.75,-262.50,1,94.261,
01/01/2000,01:11:08.92,21.72,-56.73,-993.81,157.50,-577.50,-201.25,1,94.262,
01/01/2000,01:11:08.93,21.23,-56.61,-992.96,140.0,-612.50,-210.0,1,94.264,
01/01/2000,01:11:08.94,20.25,-56.61,-991.37,157.50,-691.25,-315.0,1,94.265,
01/01/2000,01:11:08.95,20.01,-56.36,-990.76,-35.0,-805.0,-332.50,1,94.267,
01/01/2000,01:11:08.96,20.25,-56.73,-991.01,157.50,-717.50,-332.50,1,94.268,
01/01/2000,01:11:08.97,21.11,-56.97,-991.86,148.75,-787.50,-428.75,1,94.269,
01/01/2000,01:11:08.98,21.72,-56.85,-992.59,157.50,-595.0,-306.25,1,94.271,
01/01/2000,01:11:08.99,21.72,-56.61,-993.20,166.25,-638.75,-341.25,1,94.250,
01/01/2000,01:11:09.01,21.23,-56.49,-993.08,105.0,-656.25,-332.50,1,94.251,
01/01/2000,01:11:09.02,20.98,-56.36,-993.08,166.25,-708.75,-385.0,1,94.252,
01/01/2000,01:11:09.03,21.35,-56.61,-993.32,17.50,-691.25,-332.50,1,94.254,
01/01/2000,01:11:09.04,21.47,-56.73,-993.32,140.0,-735.0,-341.25,1,94.255,
01/01/2000,01:11:09.05,21.11,-56.97,-992.71,113.75,-673.75,-280.0,1,94.256,
01/01/2000,01:11:09.06,20.62,-56.73,-991.49,192.50,-708.75,-358.75,1,94.258,
01/01/2000,01:11:09.07,19.89,-56.24,-989.66,105.0,-770.0,-306.25,1,94.259,
01/01/2000,01:11:09.08,20.13,-56.12,-989.42,122.50,-647.50,-315.0,1,94.261,
01/01/2000,01:11:09.09,20.50,-56.12,-990.15,175.0,-770.0,-446.25,1,94.262,
01/01/2000,01:11:09.10,20.74,-56.24,-991.49,245.0,-787.50,-297.50,1,94.263,
01/01/2000,01:11:09.11,20.50,-56.61,-993.20,175.0,-630.0,-306.25,1,94.265,
01/01/2000,01:11:09.12,20.13,-56.61,-993.81,157.50,-673.75,-428.75,1,94.266,
01/01/2000,01:11:09.13,19.64,-56.36,-993.57,87.50,-656.25,-358.75,1,94.267,
01/01/2000,01:11:09.14,19.52,-55.88,-992.84,122.50,-612.50,-358.75,1,94.269,
01/01/2000,01:11:09.15,20.13,-55.63,-991.62,96.25,-708.75,-315.0,1,94.270,
01/01/2000,01:11:09.16,21.11,-55.75,-991.49,-61.25,-770.0,-358.75,1,94.271,
01/01/2000,01:11:09.17,22.20,-56.36,-991.98,236.25,-770.0,-428.75,1,94.273,
01/01/2000,01:11:09.18,22.69,-56.85,-992.59,175.0,-770.0,-192.50,1,94.274,
01/01/2000,01:11:09.19,22.45,-56.85,-992.59,26.25,-577.50,-245.0,1,94.276,
01/01/2000,01:11:09.20,21.59,-56.73,-992.35,192.50,-586.25,-245.0,1,94.277,
01/01/2000,01:11:09.21,20.98,-56.12,-992.10,131.25,-700.0,-393.75,1,94.278,
01/01/2000,01:11:09.22,20.74,-55.75,-992.71,105.0,-752.50,-463.75,1,94.257,
01/01/2000,01:11:09.23,21.47,-55.75,-993.57,122.50,-700.0,-288.75,1,94.259,
01/01/2000,01:11:09.24,22.08,-56.24,-994.06,218.75,-647.50,-323.75,1,94.260,
01/01/2000,01:11:09.25,21.96,-56.49,-993.45,148.75,-647.50,-61.25,1,94.261,
01/01/2000,01:11:09.26,21.47,-56.61,-992.59,245.0,-700.0,420.0,1,94.263,
01/01/2000,01:11:09.27,21.11,-56.24,-991.62,183.75,-700.0,-822.50,1,94.264,
01/01/2000,01:11:09.29,20.98,-56.00,-991.01,218.75,-708.75,-1225.0,1,94.265,
01/01/2000,01:11:09.30,21.23,-56.12,-991.74,61.25,-805.0,-17.50,1,94.267,
01/01/2000,01:11:09.31,21.35,-56.24,-992.35,253.75,-691.25,376.25,1,94.268,
01/01/2000,01:11:09.32,21.47,-56.49,-992.59,166.25,-665.0,-271.25,1,94.269,
01/01/2000,01:11:09.33,21.11,-56.85,-992.35,297.50,-647.50,-525.0,1,94.271,
01/01/2000,01:11:09.34,20.50,-56.85,-992.23,96.25,-717.50,-201.25,1,94.272,
01/01/2000,01:11:09.35,20.62,-56.85,-992.59,315.0,-691.25,-218.75,1,94.274,
01/01/2000,01:11:09.36,20.98,-56.49,-993.08,201.25,-665.0,17.50,1,94.253,
01/01/2000,01:11:09.37,20.98,-56.61,-992.96,148.75,-813.75,-455.0,1,94.254,
01/01/2000,01:11:09.38,20.86,-56.12,-992.71,61.25,-586.25,-96.25,1,94.255,
01/01/2000,01:11:09.39,20.62,-56.24,-992.47,175.0,-586.25,70.0,1,94.257,
01/01/2000,01:11:09.40,20.74,-56.12,-992.35,0.0,-752.50,-306.25,1,94.258,
01/01/2000,01:11:09.41,20.98,-56.36,-992.59,306.25,-708.75,-446.25,1,94.259,
01/01/2000,01:11:09.42,21.35,-56.24,-992.96,17.50,-638.75,-288.75,1,94.261,
01/01/2000,01:11:09.44,21.96,-56.36,-993.81,96.25,-787.50,-883.75,1,94.262,
01/01/2000,01:11:09.45,22.33,-56.12,-994.30,157.50,-770.0,-1155.0,1,94.263,
01/01/2000,01:11:09.46,22.45,-56.12,-994.54,175.0,-621.25,253.75,1,94.265,
01/01/2000,01:11:09.47,21.72,-56.12,-993.32,166.25,-708.75,533.75,1,94.266,
01/01/2000,01:11:09.48,20.74,-56.12,-991.86,148.75,-700.0,-192.50,1,94.268,
01/01/2000,01:11:09.49,20.01,-56.36,-990.88,280.0,-778.75,-857.50,1,94.269,
01/01/2000,01:11:09.50,19.40,-56.73,-990.76,131.25,-700.0,-525.0,1,94.248,
01/01/2000,01:11:09.52,20.01,-56.49,-991.62,61.25,-761.25,-315.0,1,94.249,
01/01/2000,01:11:09.53,20.86,-56.36,-992.84,297.50,-735.0,-376.25,1,94.251,
01/01/2000,01:11:09.54,21.23,-56.00,-993.45,245.0,-665.0,-253.75,1,94.252,
01/01/2000,01:11:09.55,21.59,-55.75,-993.32,-17.50,-638.75,-245.0,1,94.253,
01/01/2000,01:11:09.56,21.59,-56.00,-992.84,192.50,-708.75,-297.50,1,94.255,
01/01/2000,01:11:09.57,21.11,-56.00,-991.74,-8.75,-630.0,-341.25,1,94.256,
01/01/2000,01:11:09.58,20.86,-56.36,-991.13,113.75,-595.0,-367.50,1,94.257,
01/01/2000,01:11:09.59,21.11,-56.61,-991.25,52.50,-612.50,-376.25,1,94.259,
01/01/2000,01:11:09.60,21.59,-56.61,-992.10,236.25,-796.25,-533.75,1,94.260,
01/01/2000,01:11:09.61,21.96,-56.61,-993.08,148.75,-717.50,-446.25,1,94.262,
01/01/2000,01:11:09.62,22.08,-56.36,-993.57,323.75,-700.0,-166.25,1,94.263,
01/01/2000,01:11:09.63,21.96,-56.12,-993.69,105.0,-752.50,-122.50,1,94.264,
01/01/2000,01:11:09.64,21.59,-56.12,-993.57,-35.0,-665.0,-280.0,1,94.266,
01/01/2000,01:11:09.65,21.72,-56.12,-993.45,148.75,-621.25,-306.25,1,94.267,
01/01/2000,01:11:09.66,21.84,-56.36,-993.20,218.75,-682.50,-306.25,1,94.268,
01/01/2000,01:11:09.67,21.96,-56.36,-992.71,183.75,-770.0,-315.0,1,94.270,
01/01/2000,01:11:09.68,21.72,-56.36,-992.10,236.25,-665.0,-245.0,1,94.271,
01/01/2000,01:11:09.69,20.62,-56.24,-990.76,87.50,-656.25,-245.0,1,94.272,
01/01/2000,01:11:09.70,19.89,-56.12,-990.15,113.75,-700.0,-332.50,1,94.274,
01/01/2000,01:11:09.71,19.40,-56.00,-990.15,210.0,-682.50,-297.50,1,94.275,
01/01/2000,01:11:09.72,19.28,-55.88,-991.13,96.25,-743.75,-411.25,1,94.254,
01/01/2000,01:11:09.73,19.76,-56.12,-991.98,61.25,-700.0,-411.25,1,94.256,
01/01/2000,01:11:09.74,20.74,-56.12,-993.69,140.0,-638.75,-490.0,1,94.257,
01/01/2000,01:11:09.75,21.23,-56.36,-994.54,201.25,-717.50,-341.25,1,94.258,
01/01/2000,01:11:09.76,21.11,-56.36,-995.15,262.50,-691.25,-262.50,1,94.260,
01/01/2000,01:11:09.77,20.98,-56.36,-995.64,-35.0,-805.0,-402.50,1,94.261,
01/01/2000,01:11:09.79,20.74,-56.36,-997.47,262.50,-682.50,-315.0,1,94.262,
01/01/2000,01:11:09.80,20.74,-56.36,-999.06,227.50,-717.50,-428.75,1,94.264,
01/01/2000,01:11:09.81,21.11,-56.36,-1001.13,166.25,-682.50,-542.50,1,94.265,
01/01/2000,01:11:09.82,21.11,-56.24,-1001.62,166.25,-682.50,-385.0,1,94.266,
01/01/2000,01:11:09.83,21.23,-56.12,-1000.89,-17.50,-726.25,-350.0,1,94.268,
01/01/2000,01:11:09.84,21.23,-55.75,-999.67,-8.75,-612.50,-437.50,1,94.269,
01/01/2000,01:11:09.85,20.98,-56.12,-997.47,210.0,-665.0,-192.50,1,94.270,
01/01/2000,01:11:09.86,20.86,-56.49,-997.23,87.50,-743.75,-385.0,1,94.272,
01/01/2000,01:11:09.87,21.23,-57.10,-998.57,218.75,-936.25,-490.0,1,94.273,
01/01/2000,01:11:09.88,21.47,-57.10,-1001.13,35.0,-673.75,-516.25,1,94.274,
01/01/2000,01:11:09.89,21.47,-57.10,-1003.82,210.0,-761.25,-428.75,1,94.276,
01/01/2000,01:11:09.90,20.98,-56.85,-1006.26,105.0,-525.0,-358.75,1,94.277,
01/01/2000,01:11:09.91,20.50,-56.12,-1007.60,236.25,-568.75,-262.50,1,94.278,
01/01/2000,01:11:09.93,20.25,-55.39,-1005.65,70.0,-612.50,-262.50,1,94.258,
01/01/2000,01:11:09.94,20.01,-55.63,-1002.96,201.25,-735.0,-227.50,1,94.259,
01/01/2000,01:11:09.95,20.50,-56.12,-1000.16,192.50,-708.75,-236.25,1,94.260,
01/01/2000,01:11:09.96,21.11,-56.73,-998.08,218.75,-813.75,-507.50,1,94.262,
01/01/2000,01:11:09.97,21.11,-57.34,-997.23,183.75,-787.50,-420.0,1,94.263,
01/01/2000,01:11:09.98,21.96,-57.34,-998.20,87.50,-822.50,-393.75,1,94.264,
01/01/2000,01:11:09.99,21.72,-56.85,-999.91,96.25,-796.25,-481.25,1,94.266,
01/01/2000,01:11:10.00,21.23,-56.12,-1001.86,140.0,-656.25,-358.75,1,94.267,
01/01/2000,01:11:10.01,20.50,-55.27,-1000.64,262.50,-656.25,-288.75,1,94.246,
01/01/2000,01:11:10.02,20.50,-55.02,-996.98,192.50,-656.25,-297.50,1,94.248,
01/01/2000,01:11:10.03,21.11,-55.88,-995.15,183.75,-743.75,-306.25,1,94.249,
01/01/2000,01:11:10.04,21.47,-56.49,-994.30,61.25,-778.75,-402.50,1,94.250,
01/01/2000,01:11:10.06,21.47,-57.58,-994.30,105.0,-770.0,-446.25,1,94.252,
01/01/2000,01:11:10.06,21.11,-57.46,-994.91,131.25,-682.50,-708.75,1,94.253,
01/01/2000,01:11:10.08,20.74,-56.85,-995.40,271.25,-603.75,-437.50,1,94.254,
01/01/2000,01:11:10.09,20.86,-55.88,-995.52,105.0,-647.50,-350.0,1,94.256,
01/01/2000,01:11:10.10,20.74,-55.14,-995.15,210.0,-647.50,-131.25,1,94.257,
01/01/2000,01:11:10.11,20.62,-54.90,-994.30,78.75,-682.50,-210.0,1,94.258,
01/01/2000,01:11:10.12,20.74,-55.88,-993.69,245.0,-673.75,-218.75,1,94.260,
01/01/2000,01:11:10.13,20.86,-56.61,-993.57,166.25,-743.75,-350.0,1,94.261,
01/01/2000,01:11:10.14,20.98,-57.71,-993.57,245.0,-761.25,-428.75,1,94.262,
01/01/2000,01:11:10.15,20.98,-57.58,-993.57,131.25,-735.0,-463.75,1,94.264,
01/01/2000,01:11:10.16,20.86,-56.97,-993.32,192.50,-743.75,-463.75,1,94.265,
01/01/2000,01:11:10.17,20.86,-56.12,-993.20,131.25,-708.75,-271.25,1,94.266,
01/01/2000,01:11:10.18,20.86,-55.51,-993.20,87.50,-595.0,-183.75,1,94.268,
01/01/2000,01:11:10.19,20.98,-55.39,-993.32,78.75,-630.0,-227.50,1,94.269,
01/01/2000,01:11:10.20,20.98,-56.12,-993.32,78.75,-665.0,-288.75,1,94.270,
01/01/2000,01:11:10.21,20.86,-56.73,-993.32,210.0,-656.25,-411.25,1,94.272,
01/01/2000,01:11:10.22,20.74,-57.34,-992.96,280.0,-752.50,-385.0,1,94.273,
01/01/2000,01:11:10.23,20.74,-57.10,-992.84,105.0,-752.50,-455.0,1,94.274,
01/01/2000,01:11:10.24,20.86,-56.73,-992.84,96.25,-621.25,-411.25,1,94.276,
01/01/2000,01:11:10.25,20.86,-56.12,-992.84,140.0,-726.25,-280.0,1,94.277,
01/01/2000,01:11:10.26,20.86,-55.75,-993.08,78.75,-621.25,-280.0,1,94.278,
01/01/2000,01:11:10.27,20.74,-55.51,-993.20,96.25,-630.0,-306.25,1,94.280,
01/01/2000,01:11:10.28,20.74,-56.36,-993.08,96.25,-717.50,-420.0,1,94.259,
01/01/2000,01:11:10.29,20.74,-56.36,-992.84,183.75,-647.50,-297.50,1,94.261,
01/01/2000,01:11:10.30,20.74,-56.73,-992.71,140.0,-691.25,-472.50,1,94.262,
01/01/2000,01:11:10.31,20.86,-56.61,-992.59,218.75,-691.25,-367.50,1,94.263,
01/01/2000,01:11:10.32,20.74,-56.24,-992.59,218.75,-752.50,-280.0,1,94.265,
01/01/2000,01:11:10.33,20.62,-56.00,-992.71,218.75,-708.75,-367.50,1,94.266,
01/01/2000,01:11:10.35,19.76,-55.88,-992.71,306.25,-700.0,-245.0,1,94.267,
01/01/2000,01:11:10.36,18.18,-55.88,-992.35,131.25,-691.25,35.0,1,94.269,
01/01/2000,01:11:10.37,16.10,-56.12,-990.88,131.25,-568.75,35.0,1,94.270,
01/01/2000,01:11:10.38,14.40,-56.36,-989.18,70.0,-778.75,-673.75,1,94.271,
01/01/2000,01:11:10.39,14.40,-56.00,-989.91,113.75,-708.75,-787.50,1,94.273,
01/01/2000,01:11:10.40,15.74,-56.36,-991.49,271.25,-761.25,-595.0,1,94.274,
01/01/2000,01:11:10.41,16.47,-56.12,-993.20,227.50,-647.50,-122.50,1,94.275,
01/01/2000,01:11:10.42,15.37,-56.12,-994.67,87.50,-551.25,218.75,1,94.276,
01/01/2000,01:11:10.43,14.27,-56.12,-994.79,253.75,-621.25,-245.0,1,94.256,
01/01/2000,01:11:10.44,12.69,-56.12,-994.06,183.75,-656.25,-446.25,1,94.257,
01/01/2000,01:11:10.45,11.96,-56.12,-993.20,105.0,-673.75,-227.50,1,94.259,
01/01/2000,01:11:10.46,11.47,-56.24,-992.47,218.75,-682.50,-323.75,1,94.260,
01/01/2000,01:11:10.47,10.98,-56.36,-991.98,43.75,-621.25,-332.50,1,94.261,
01/01/2000,01:11:10.48,10.37,-56.61,-991.74,52.50,-621.25,-166.25,1,94.263,
01/01/2000,01:11:10.50,8.66,-56.49,-992.10,166.25,-813.75,-157.50,1,94.264,
01/01/2000,01:11:10.51,7.08,-56.36,-992.59,113.75,-630.0,-323.75,1,94.265,
01/01/2000,01:11:10.52,7.08,-56.00,-993.08,166.25,-656.25,-586.25,1,94.267,
01/01/2000,01:11:10.53,8.78,-55.63,-993.32,201.25,-621.25,-647.50,1,94.268,
01/01/2000,01:11:10.54,10.86,-55.63,-993.20,253.75,-595.0,-402.50,1,94.269,
01/01/2000,01:11:10.55,13.79,-55.88,-992.59,192.50,-752.50,-175.0,1,94.271,
01/01/2000,01:11:10.56,15.13,-56.36,-992.10,288.75,-787.50,-131.25,1,94.250,
01/01/2000,01:11:10.57,15.37,-56.73,-991.37,166.25,-708.75,-131.25,1,94.252,
01/01/2000,01:11:10.58,14.76,-56.85,-991.37,148.75,-726.25,-262.50,1,94.253,
01/01/2000,01:11:10.59,13.91,-56.61,-991.37,52.50,-743.75,-358.75,1,94.254,
01/01/2000,01:11:10.60,13.54,-56.36,-991.86,192.50,-682.50,-428.75,1,94.256,
01/01/2000,01:11:10.61,13.54,-55.75,-992.35,122.50,-656.25,-253.75,1,94.257,
01/01/2000,01:11:10.62,14.40,-55.75,-992.96,157.50,-787.50,-236.25,1,94.258,
01/01/2000,01:11:10.63,15.25,-55.75,-993.20,105.0,-708.75,-218.75,1,94.259,
01/01/2000,01:11:10.64,16.35,-56.12,-992.96,157.50,-586.25,-280.0,1,94.261,
01/01/2000,01:11:10.65,17.08,-56.85,-991.86,253.75,-761.25,-411.25,1,94.262,
01/01/2000,01:11:10.67,18.42,-56.85,-991.25,236.25,-656.25,-428.75,1,94.263,
01/01/2000,01:11:10.67,19.03,-56.85,-991.01,96.25,-708.75,-271.25,1,94.265,
01/01/2000,01:11:10.69,19.64,-56.73,-991.25,332.50,-778.75,-315.0,1,94.266,
01/01/2000,01:11:10.70,19.52,-56.36,-992.10,218.75,-665.0,-175.0,1,94.267,
01/01/2000,01:11:10.71,19.15,-56.24,-992.84,70.0,-708.75,-166.25,1,94.269,
01/01/2000,01:11:10.72,18.54,-56.12,-992.96,87.50,-708.75,-105.0,1,94.270,
01/01/2000,01:11:10.73,18.30,-56.12,-992.59,218.75,-700.0,-437.50,1,94.271,
01/01/2000,01:11:10.74,18.79,-56.49,-992.35,148.75,-551.25,-385.0,1,94.273,
01/01/2000,01:11:10.75,19.52,-56.61,-991.98,87.50,-735.0,-411.25,1,94.274,
01/01/2000,01:11:10.76,20.37,-56.73,-991.86,192.50,-726.25,-393.75,1,94.275,
01/01/2000,01:11:10.77,21.35,-56.49,-991.74,166.25,-568.75,-323.75,1,94.255,
01/01/2000,01:11:10.78,20.98,-56.36,-991.74,35.0,-673.75,-218.75,1,94.256,
01/01/2000,01:11:10.79,20.74,-56.24,-992.10,166.25,-621.25,-140.0,1,94.258,
01/01/2000,01:11:10.80,20.62,-56.24,-992.23,253.75,-717.50,-358.75,1,94.259,
01/01/2000,01:11:10.81,20.98,-56.12,-992.59,183.75,-647.50,-393.75,1,94.260,
01/01/2000,01:11:10.82,21.11,-56.12,-992.47,210.0,-726.25,-297.50,1,94.262,
01/01/2000,01:11:10.83,20.98,-56.24,-992.35,183.75,-840.0,-201.25,1,94.263,
01/01/2000,01:11:10.85,20.37,-56.36,-992.10,113.75,-656.25,-332.50,1,94.264,
01/01/2000,01:11:10.86,20.01,-56.61,-991.98,122.50,-673.75,-402.50,1,94.265,
01/01/2000,01:11:10.87,19.52,-56.36,-991.86,113.75,-665.0,-332.50,1,94.267,
01/01/2000,01:11:10.88,20.01,-56.12,-991.86,175.0,-770.0,-437.50,1,94.268,
01/01/2000,01:11:10.89,20.50,-55.88,-991.74,166.25,-656.25,-323.75,1,94.269,
01/01/2000,01:11:10.90,20.86,-56.12,-991.86,148.75,-638.75,-297.50,1,94.271,
01/01/2000,01:11:10.91,21.47,-56.24,-992.10,140.0,-603.75,-262.50,1,94.272,
01/01/2000,01:11:10.92,21.35,-56.61,-992.10,201.25,-726.25,-288.75,1,94.273,
01/01/2000,01:11:10.93,20.98,-56.61,-992.23,166.25,-708.75,-367.50,1,94.275,
01/01/2000,01:11:10.94,20.01,-56.36,-992.35,280.0,-647.50,-332.50,1,94.276,
01/01/2000,01:11:10.95,19.76,-56.00,-992.23,-8.75,-621.25,-367.50,1,94.277,
01/01/2000,01:11:10.96,19.52,-55.88,-992.23,280.0,-595.0,-350.0,1,94.279,
01/01/2000,01:11:10.97,20.25,-55.63,-992.23,26.25,-656.25,-428.75,1,94.280,
01/01/2000,01:11:10.98,21.23,-55.75,-991.98,262.50,-691.25,-288.75,1,94.260,
01/01/2000,01:11:11.00,22.45,-56.36,-991.62,78.75,-682.50,-306.25,1,94.261,
01/01/2000,01:11:11.01,22.57,-56.61,-991.62,166.25,-717.50,-323.75,1,94.262,
01/01/2000,01:11:11.02,22.45,-56.61,-991.86,183.75,-691.25,-350.0,1,94.264,
01/01/2000,01:11:11.03,22.45,-56.49,-992.23,122.50,-796.25,-323.75,1,94.265,
01/01/2000,01:11:11.04,22.33,-55.88,-992.59,236.25,-735.0,-315.0,1,94.266,
01/01/2000,01:11:11.05,21.47,-55.88,-992.35,192.50,-638.75,-315.0,1,94.268,
01/01/2000,01:11:11.06,20.98,-55.75,-992.35,280.0,-735.0,-148.75,1,94.269,
01/01/2000,01:11:11.07,20.13,-56.12,-992.47,280.0,-638.75,-367.50,1,94.249,
01/01/2000,01:11:11.08,19.76,-56.36,-992.59,148.75,-743.75,-437.50,1,94.250,
01/01/2000,01:11:11.09,19.89,-56.49,-992.59,253.75,-787.50,-428.75,1,94.251,
01/01/2000,01:11:11.10,20.37,-56.12,-992.71,43.75,-708.75,-385.0,1,94.253,
01/01/2000,01:11:11.11,20.98,-56.00,-992.84,218.75,-700.0,-446.25,1,94.254,
01/01/2000,01:11:11.12,21.59,-55.75,-992.35,113.75,-612.50,-236.25,1,94.255,
01/01/2000,01:11:11.13,21.59,-55.88,-992.10,148.75,-743.75,-367.50,1,94.257,
01/01/2000,01:11:11.14,21.47,-56.12,-991.86,140.0,-647.50,-323.75,1,94.258,
01/01/2000,01:11:11.15,20.86,-56.61,-992.10,157.50,-665.0,-376.25,1,94.259,
01/01/2000,01:11:11.16,20.74,-56.61,-992.35,166.25,-647.50,-516.25,1,94.260,
01/01/2000,01:11:11.17,20.98,-56.49,-992.84,166.25,-717.50,-323.75,1,94.262,
01/01/2000,01:11:11.18,21.23,-56.12,-993.20,218.75,-770.0,-262.50,1,94.263,
01/01/2000,01:11:11.20,21.72,-56.00,-993.57,131.25,-691.25,-376.25,1,94.264,
01/01/2000,01:11:11.21,21.72,-56.12,-993.20,140.0,-568.75,-323.75,1,94.266,
01/01/2000,01:11:11.22,21.35,-56.12,-992.71,122.50,-743.75,-262.50,1,94.267,
01/01/2000,01:11:11.23,21.23,-56.24,-992.10,210.0,-726.25,-323.75,1,94.268,
01/01/2000,01:11:11.24,20.62,-56.36,-991.86,280.0,-656.25,-350.0,1,94.270,
01/01/2000,01:11:11.25,20.74,-56.61,-991.62,113.75,-743.75,-516.25,1,94.271,
01/01/2000,01:11:11.26,20.86,-56.24,-991.49,175.0,-612.50,-367.50,1,94.272,
01/01/2000,01:11:11.27,21.59,-56.00,-991.62,105.0,-717.50,-341.25,1,94.273,
01/01/2000,01:11:11.28,21.72,-56.12,-991.98,201.25,-787.50,-306.25,1,94.275,
01/01/2000,01:11:11.29,21.35,-56.36,-992.23,192.50,-577.50,-262.50,1,94.276,
01/01/2000,01:11:11.30,20.37,-56.49,-992.23,26.25,-752.50,-288.75,1,94.277,
01/01/2000,01:11:11.31,20.01,-56.36,-992.10,78.75,-603.75,-402.50,1,94.279,
01/01/2000,01:11:11.32,19.64,-56.24,-992.35,210.0,-673.75,-437.50,1,94.280,
01/01/2000,01:11:11.33,19.76,-56.12,-992.35,201.25,-717.50,-323.75,1,94.260,
01/01/2000,01:11:11.34,20.13,-55.75,-992.35,43.75,-673.75,-437.50,1,94.261,
01/01/2000,01:11:11.35,20.98,-55.88,-992.59,192.50,-682.50,-315.0,1,94.262,
01/01/2000,01:11:11.36,21.47,-56.12,-992.59,192.50,-630.0,-367.50,1,94.264,
01/01/2000,01:11:11.37,21.96,-56.49,-992.35,253.75,-708.75,-358.75,1,94.265,
01/01/2000,01:11:11.38,22.33,-56.61,-991.86,262.50,-691.25,-358.75,1,94.266,
01/01/2000,01:11:11.39,22.45,-56.36,-991.25,17.50,-735.0,-297.50,1,94.268,
01/01/2000,01:11:11.41,22.20,-56.12,-991.37,78.75,-752.50,-218.75,1,94.269,
01/01/2000,01:11:11.42,21.47,-56.24,-991.98,157.50,-708.75,-236.25,1,94.270,
01/01/2000,01:11:11.43,21.11,-56.12,-992.47,166.25,-638.75,-411.25,1,94.272,
01/01/2000,01:11:11.44,20.74,-56.24,-992.47,166.25,-743.75,-358.75,1,94.273,
01/01/2000,01:11:11.45,20.37,-56.00,-992.23,210.0,-726.25,-262.50,1,94.274,
01/01/2000,01:11:11.46,20.25,-56.12,-991.86,262.50,-787.50,-253.75,1,94.275,
01/01/2000,01:11:11.47,20.74,-56.12,-991.86,411.25,-630.0,-385.0,1,94.277,
01/01/2000,01:11:11.48,21.47,-56.12,-992.10,113.75,-735.0,-402.50,1,94.278,
01/01/2000,01:11:11.49,22.08,-56.24,-992.23,253.75,-708.75,-393.75,1,94.279,
01/01/2000,01:11:11.50,22.45,-56.36,-992.23,245.0,-630.0,-245.0,1,94.281,
01/01/2000,01:11:11.51,22.33,-56.36,-992.10,166.25,-717.50,-332.50,1,94.261,
01/01/2000,01:11:11.52,21.72,-56.36,-992.23,262.50,-595.0,-297.50,1,94.283,
01/01/2000,01:11:11.53,20.98,-56.61,-992.35,218.75,-708.75,-306.25,1,94.263,
01/01/2000,01:11:11.55,19.76,-56.36,-992.96,17.50,-743.75,-350.0,1,94.265,
01/01/2000,01:11:11.56,19.52,-56.36,-993.08,183.75,-752.50,-367.50,1,94.266,
01/01/2000,01:11:11.57,19.52,-56.24,-993.20,35.0,-630.0,-280.0,1,94.267,
01/01/2000,01:11:11.58,20.13,-56.12,-993.08,183.75,-682.50,-490.0,1,94.268,
01/01/2000,01:11:11.59,20.50,-56.36,-992.84,175.0,-595.0,-411.25,1,94.270,
01/01/2000,01:11:11.60,21.11,-56.36,-992.71,271.25,-717.50,-525.0,1,94.271,
01/01/2000,01:11:11.61,21.47,-56.36,-992.10,183.75,-726.25,-341.25,1,94.272,
01/01/2000,01:11:11.62,21.72,-56.24,-991.62,140.0,-656.25,-455.0,1,94.252,
01/01/2000,01:11:11.63,21.96,-56.12,-991.37,227.50,-796.25,-332.50,1,94.254,
01/01/2000,01:11:11.64,21.72,-56.12,-991.62,157.50,-621.25,-227.50,1,94.255,
01/01/2000,01:11:11.65,21.23,-56.49,-992.10,376.25,-743.75,-280.0,1,94.256,
01/01/2000,01:11:11.66,20.74,-56.61,-992.35,140.0,-656.25,-236.25,1,94.258,
01/01/2000,01:11:11.67,20.13,-56.61,-992.35,210.0,-603.75,-297.50,1,94.259,
01/01/2000,01:11:11.68,19.28,-56.61,-992.10,140.0,-638.75,-297.50,1,94.260,
01/01/2000,01:11:11.69,19.28,-56.49,-991.86,245.0,-621.25,-411.25,1,94.261,
01/01/2000,01:11:11.71,19.52,-56.12,-991.74,236.25,-682.50,-376.25,1,94.263,
01/01/2000,01:11:11.71,20.50,-56.24,-991.62,358.75,-708.75,-428.75,1,94.264,
01/01/2000,01:11:11.73,21.72,-56.12,-991.49,253.75,-726.25,-420.0,1,94.265,
01/01/2000,01:11:11.74,23.42,-56.36,-991.37,166.25,-708.75,-253.75,1,94.267,
01/01/2000,01:11:11.75,23.79,-56.49,-991.62,52.50,-682.50,-236.25,1,94.268,
01/01/2000,01:11:11.76,23.55,-56.61,-991.98,166.25,-770.0,-236.25,1,94.269,
01/01/2000,01:11:11.77,22.20,-56.73,-992.71,253.75,-700.0,-236.25,1,94.270,
01/01/2000,01:11:11.78,20.62,-56.49,-992.96,236.25,-691.25,-323.75,1,94.272,
01/01/2000,01:11:11.79,19.52,-56.36,-993.20,175.0,-673.75,-358.75,1,94.273,
01/01/2000,01:11:11.80,19.15,-56.12,-993.32,288.75,-560.0,-367.50,1,94.274,
01/01/2000,01:11:11.81,19.15,-56.00,-992.71,157.50,-595.0,-323.75,1,94.275,
01/01/2000,01:11:11.82,19.89,-56.12,-992.35,105.0,-612.50,-472.50,1,94.277,
01/01/2000,01:11:11.83,21.47,-56.61,-991.86,218.75,-647.50,-385.0,1,94.278,
01/01/2000,01:11:11.84,22.57,-56.73,-991.74,122.50,-577.50,-376.25,1,94.279,
01/01/2000,01:11:11.85,22.69,-56.85,-991.62,140.0,-796.25,-393.75,1,94.281,
01/01/2000,01:11:11.86,22.57,-56.36,-991.49,131.25,-787.50,-280.0,1,94.282,
01/01/2000,01:11:11.87,21.84,-56.12,-991.62,166.25,-551.25,-192.50,1,94.283,
01/01/2000,01:11:11.88,21.23,-56.00,-991.74,140.0,-638.75,-218.75,1,94.284,
01/01/2000,01:11:11.89,20.50,-56.12,-992.10,96.25,-560.0,-245.0,1,94.265,
01/01/2000,01:11:11.90,20.25,-56.24,-992.23,43.75,-595.0,-367.50,1,94.266,
01/01/2000,01:11:11.92,20.13,-56.49,-992.47,201.25,-743.75,-428.75,1,94.267,
01/01/2000,01:11:11.92,20.74,-56.36,-992.71,166.25,-708.75,-393.75,1,94.269,
01/01/2000,01:11:11.94,21.35,-56.36,-992.59,227.50,-691.25,-332.50,1,94.270,
01/01/2000,01:11:11.94,21.84,-56.12,-992.35,122.50,-682.50,-393.75,1,94.271,
01/01/2000,01:11:11.96,22.33,-56.00,-992.23,105.0,-770.0,-297.50,1,94.272,
01/01/2000,01:11:11.97,22.45,-56.24,-991.98,183.75,-673.75,-341.25,1,94.274,
01/01/2000,01:11:11.98,22.20,-56.36,-991.86,61.25,-630.0,-463.75,1,94.275,
01/01/2000,01:11:11.99,21.47,-56.85,-991.86,113.75,-630.0,-437.50,1,94.276,
01/01/2000,01:11:12.00,20.98,-56.49,-991.98,201.25,-647.50,-323.75,1,94.277,
01/01/2000,01:11:12.01,20.50,-56.36,-992.35,201.25,-735.0,-218.75,1,94.279,
01/01/2000,01:11:12.02,20.25,-56.12,-992.59,280.0,-656.25,-297.50,1,94.280,
01/01/2000,01:11:12.03,19.76,-56.24,-992.96,122.50,-577.50,-402.50,1,94.281,
01/01/2000,01:11:12.04,20.01,-56.36,-992.84,192.50,-630.0,-341.25,1,94.262,
01/01/2000,01:11:12.05,20.62,-56.49,-992.59,148.75,-700.0,-463.75,1,94.263,
01/01/2000,01:11:12.07,21.59,-56.61,-991.98,332.50,-726.25,-280.0,1,94.264,
01/01/2000,01:11:12.08,22.20,-56.36,-991.49,131.25,-805.0,-358.75,1,94.265,
01/01/2000,01:11:12.09,22.33,-56.36,-991.13,315.0,-708.75,-271.25,1,94.267,
01/01/2000,01:11:12.10,22.20,-56.24,-991.13,105.0,-743.75,-350.0,1,94.268,
01/01/2000,01:11:12.11,21.96,-56.00,-991.13,192.50,-630.0,-288.75,1,94.269,
01/01/2000,01:11:12.12,21.72,-56.00,-991.49,175.0,-638.75,-385.0,1,94.270,
01/01/2000,01:11:12.13,20.86,-56.00,-991.62,166.25,-761.25,-315.0,1,94.272,
01/01/2000,01:11:12.14,20.37,-56.12,-991.86,297.50,-700.0,-323.75,1,94.273,
01/01/2000,01:11:12.15,20.13,-56.36,-992.10,245.0,-691.25,-315.0,1,94.274,
01/01/2000,01:11:12.16,20.01,-56.24,-992.47,166.25,-647.50,-498.75,1,94.276,
01/01/2000,01:11:12.17,20.62,-56.00,-992.47,210.0,-577.50,-385.0,1,94.277,
01/01/2000,01:11:12.18,21.47,-56.12,-992.23,253.75,-568.75,-420.0,1,94.278,
01/01/2000,01:11:12.19,21.96,-55.88,-992.23,70.0,-735.0,-393.75,1,94.279,
01/01/2000,01:11:12.20,22.57,-56.24,-992.10,253.75,-726.25,-315.0,1,94.281,
01/01/2000,01:11:12.21,22.94,-56.36,-992.23,183.75,-700.0,-341.25,1,94.282,
01/01/2000,01:11:12.22,22.45,-56.36,-992.47,192.50,-735.0,-210.0,1,94.283,
01/01/2000,01:11:12.23,21.72,-56.36,-992.71,280.0,-673.75,-341.25,1,94.284,
01/01/2000,01:11:12.24,20.86,-56.12,-992.84,245.0,-691.25,-218.75,1,94.286,
01/01/2000,01:11:12.26,19.89,-55.88,-993.08,157.50,-735.0,-411.25,1,94.266,
01/01/2000,01:11:12.27,19.89,-55.88,-992.96,113.75,-560.0,-402.50,1,94.267,
01/01/2000,01:11:12.28,20.13,-56.12,-992.71,140.0,-682.50,-341.25,1,94.269,
01/01/2000,01:11:12.29,20.74,-56.36,-992.47,96.25,-770.0,-411.25,1,94.270,
01/01/2000,01:11:12.30,21.23,-56.49,-992.23,96.25,-665.0,-411.25,1,94.271,
01/01/2000,01:11:12.31,21.59,-56.36,-991.86,236.25,-656.25,-472.50,1,94.272,
01/01/2000,01:11:12.32,21.84,-56.12,-991.98,253.75,-700.0,-341.25,1,94.274,
01/01/2000,01:11:12.33,21.47,-56.12,-992.10,227.50,-708.75,-323.75,1,94.275,
01/01/2000,01:11:12.34,21.47,-56.12,-992.35,192.50,-595.0,-315.0,1,94.276,
01/01/2000,01:11:12.35,21.47,-56.12,-992.35,96.25,-638.75,-341.25,1,94.278,
01/01/2000,01:11:12.36,21.47,-56.24,-992.35,210.0,-717.50,-393.75,1,94.279,
01/01/2000,01:11:12.37,21.47,-56.36,-992.35,192.50,-691.25,-306.25,1,94.280,
01/01/2000,01:11:12.38,21.47,-56.49,-992.35,175.0,-638.75,-498.75,1,94.281,
01/01/2000,01:11:12.39,21.35,-56.61,-992.59,227.50,-638.75,-411.25,1,94.262,
01/01/2000,01:11:12.40,21.72,-56.36,-992.59,122.50,-647.50,-350.0,1,94.263,
01/01/2000,01:11:12.41,21.96,-56.24,-992.35,43.75,-603.75,-253.75,1,94.264,
01/01/2000,01:11:12.42,22.45,-56.24,-992.10,35.0,-691.25,-297.50,1,94.266,
01/01/2000,01:11:12.43,22.33,-56.36,-992.10,122.50,-700.0,-297.50,1,94.267,
01/01/2000,01:11:12.44,21.96,-56.61,-992.10,183.75,-778.75,-367.50,1,94.268,
01/01/2000,01:11:12.46,21.23,-56.73,-992.47,87.50,-612.50,-341.25,1,94.269,
01/01/2000,01:11:12.47,20.98,-56.61,-992.47,105.0,-717.50,-420.0,1,94.271,
01/01/2000,01:11:12.48,20.62,-56.00,-992.47,157.50,-743.75,-323.75,1,94.272,
01/01/2000,01:11:12.49,21.23,-56.12,-992.23,350.0,-726.25,-306.25,1,94.273,
01/01/2000,01:11:12.50,21.47,-56.24,-992.10,210.0,-708.75,-341.25,1,94.274,
01/01/2000,01:11:12.51,21.47,-56.61,-992.23,113.75,-682.50,-367.50,1,94.276,
01/01/2000,01:11:12.52,21.72,-56.85,-992.47,-52.50,-682.50,-437.50,1,94.277,
01/01/2000,01:11:12.53,21.47,-56.97,-992.84,280.0,-682.50,-393.75,1,94.278,
01/01/2000,01:11:12.54,21.59,-56.49,-992.71,148.75,-682.50,-350.0,1,94.279,
01/01/2000,01:11:12.55,21.35,-56.36,-992.47,166.25,-708.75,-323.75,1,94.281,
01/01/2000,01:11:12.56,21.47,-56.12,-992.23,131.25,-822.50,-236.25,1,94.282,
01/01/2000,01:11:12.58,21.35,-56.61,-991.86,201.25,-735.0,-367.50,1,94.262,
01/01/2000,01:11:12.59,21.47,-56.85,-991.86,96.25,-700.0,-446.25,1,94.264,
01/01/2000,01:11:12.60,21.11,-56.85,-992.10,148.75,-691.25,-446.25,1,94.265,
01/01/2000,01:11:12.61,20.62,-56.61,-992.35,183.75,-735.0,-385.0,1,94.266,
01/01/2000,01:11:12.62,20.50,-56.12,-992.35,113.75,-743.75,-227.50,1,94.268,
01/01/2000,01:11:12.63,20.50,-56.12,-991.98,315.0,-673.75,-446.25,1,94.248,
01/01/2000,01:11:12.64,20.98,-56.12,-991.74,-87.50,-717.50,-288.75,1,94.249,
01/01/2000,01:11:12.65,21.23,-56.49,-991.62,157.50,-700.0,-411.25,1,94.251,
01/01/2000,01:11:12.66,21.72,-56.85,-991.62,131.25,-743.75,-367.50,1,94.252,
01/01/2000,01:11:12.67,21.84,-56.97,-992.10,157.50,-647.50,-420.0,1,94.253,
01/01/2000,01:11:12.68,21.72,-56.61,-992.35,148.75,-743.75,-463.75,1,94.254,
01/01/2000,01:11:12.69,21.23,-56.49,-992.35,218.75,-656.25,-271.25,1,94.256,
01/01/2000,01:11:12.70,20.74,-56.12,-992.47,148.75,-595.0,-262.50,1,94.257,
01/01/2000,01:11:12.71,20.50,-56.36,-992.23,166.25,-638.75,-262.50,1,94.258,
01/01/2000,01:11:12.72,20.50,-56.61,-992.10,192.50,-691.25,-385.0,1,94.259,
01/01/2000,01:11:12.73,20.74,-56.85,-991.98,323.75,-656.25,-420.0,1,94.261,
01/01/2000,01:11:12.75,20.98,-57.10,-991.86,367.50,-752.50,-420.0,1,94.262,
01/01/2000,01:11:12.76,21.59,-56.85,-991.98,218.75,-778.75,-376.25,1,94.263,
01/01/2000,01:11:12.77,21.96,-56.49,-991.98,105.0,-603.75,-393.75,1,94.264,
01/01/2000,01:11:12.78,22.08,-56.36,-992.10,175.0,-717.50,-227.50,1,94.266,
01/01/2000,01:11:12.79,21.84,-56.36,-992.10,26.25,-717.50,-218.75,1,94.267,
01/01/2000,01:11:12.80,21.47,-56.61,-992.10,131.25,-691.25,-262.50,1,94.268,
01/01/2000,01:11:12.81,21.11,-56.61,-992.35,175.0,-647.50,-437.50,1,94.269,
01/01/2000,01:11:12.82,20.74,-56.61,-992.23,78.75,-630.0,-350.0,1,94.271,
01/01/2000,01:11:12.83,20.50,-56.36,-992.10,148.75,-673.75,-393.75,1,94.272,
01/01/2000,01:11:12.84,20.25,-56.12,-992.23,236.25,-761.25,-297.50,1,94.273,
01/01/2000,01:11:12.85,20.74,-56.00,-992.23,131.25,-717.50,-402.50,1,94.274,
01/01/2000,01:11:12.86,21.84,-56.24,-992.23,166.25,-673.75,-262.50,1,94.276,
01/01/2000,01:11:12.87,22.57,-56.36,-992.10,157.50,-656.25,-393.75,1,94.277,
01/01/2000,01:11:12.88,23.18,-56.85,-991.86,148.75,-726.25,-385.0,1,94.258,
01/01/2000,01:11:12.89,22.94,-56.85,-991.86,70.0,-682.50,-332.50,1,94.259,
01/01/2000,01:11:12.90,22.20,-56.85,-991.98,35.0,-708.75,-402.50,1,94.260,
01/01/2000,01:11:12.91,20.86,-56.36,-992.35,332.50,-595.0,-245.0,1,94.261,
01/01/2000,01:11:12.92,20.01,-56.24,-992.47,113.75,-735.0,-358.75,1,94.263,
01/01/2000,01:11:12.93,19.28,-56.36,-992.35,253.75,-717.50,-271.25,1,94.264,
01/01/2000,01:11:12.94,19.15,-56.49,-992.23,166.25,-630.0,-402.50,1,94.265,
01/01/2000,01:11:12.96,19.76,-56.61,-991.86,61.25,-700.0,-498.75,1,94.266,
01/01/2000,01:11:12.97,21.11,-56.61,-991.98,52.50,-656.25,-490.0,1,94.268,
01/01/2000,01:11:12.98,22.57,-56.85,-992.10,253.75,-647.50,-367.50,1,94.269,
01/01/2000,01:11:12.99,22.94,-56.36,-992.35,52.50,-735.0,-245.0,1,94.270,
01/01/2000,01:11:13.00,22.81,-56.61,-992.59,245.0,-691.25,-253.75,1,94.271,
01/01/2000,01:11:13.01,22.20,-56.36,-992.59,262.50,-595.0,-210.0,1,94.273,
01/01/2000,01:11:13.02,20.98,-56.49,-992.10,131.25,-805.0,-253.75,1,94.274,
01/01/2000,01:11:13.03,20.13,-56.49,-991.62,166.25,-498.75,-315.0,1,94.275,
01/01/2000,01:11:13.04,20.01,-56.73,-991.98,192.50,-787.50,-288.75,1,94.276,
01/01/2000,01:11:13.05,20.01,-56.49,-992.10,201.25,-717.50,-455.0,1,94.278,
01/01/2000,01:11:13.06,20.01,-56.73,-992.35,175.0,-656.25,-385.0,1,94.279,
01/01/2000,01:11:13.07,20.62,-56.24,-992.35,105.0,-647.50,-516.25,1,94.260,
01/01/2000,01:11:13.09,22.45,-56.12,-991.98,218.75,-726.25,-245.0,1,94.261,
01/01/2000,01:11:13.10,23.18,-56.49,-991.86,105.0,-726.25,-175.0,1,94.262,
01/01/2000,01:11:13.11,23.18,-56.97,-992.10,87.50,-735.0,-446.25,1,94.263,
01/01/2000,01:11:13.12,22.33,-56.97,-992.84,157.50,-743.75,-227.50,1,94.265,
01/01/2000,01:11:13.13,21.47,-57.10,-993.08,253.75,-752.50,-297.50,1,94.266,
01/01/2000,01:11:13.14,20.25,-56.49,-993.08,323.75,-708.75,-297.50,1,94.267,
01/01/2000,01:11:13.15,19.28,-55.75,-992.84,113.75,-647.50,-245.0,1,94.268,
01/01/2000,01:11:13.16,19.03,-56.12,-992.35,297.50,-612.50,-245.0,1,94.270,
01/01/2000,01:11:13.17,19.52,-56.49,-991.98,166.25,-717.50,-533.75,1,94.271,
01/01/2000,01:11:13.18,20.37,-57.10,-991.74,175.0,-726.25,-437.50,1,94.272,
01/01/2000,01:11:13.19,22.33,-57.10,-991.86,35.0,-770.0,-638.75,1,94.273,
01/01/2000,01:11:13.20,23.18,-57.22,-992.10,175.0,-656.25,-271.25,1,94.275,
01/01/2000,01:11:13.21,23.55,-56.61,-992.35,166.25,-656.25,-315.0,1,94.276,
01/01/2000,01:11:13.22,22.81,-56.36,-992.59,96.25,-752.50,-78.75,1,94.277,
01/01/2000,01:11:13.23,21.59,-56.24,-992.47,253.75,-673.75,-201.25,1,94.278,
01/01/2000,01:11:13.24,20.13,-56.36,-992.23,288.75,-700.0,-350.0,1,94.259,
01/01/2000,01:11:13.25,19.64,-56.36,-991.86,192.50,-726.25,-297.50,1,94.260,
01/01/2000,01:11:13.27,19.76,-56.61,-991.86,315.0,-796.25,-481.25,1,94.262,
01/01/2000,01:11:13.27,20.01,-56.61,-992.10,192.50,-735.0,-428.75,1,94.263,
01/01/2000,01:11:13.29,20.62,-56.61,-992.35,271.25,-682.50,-498.75,1,94.264,
01/01/2000,01:11:13.30,21.59,-56.24,-992.10,183.75,-638.75,-420.0,1,94.265,
01/01/2000,01:11:13.31,22.94,-56.00,-991.86,140.0,-796.25,-350.0,1,94.267,
01/01/2000,01:11:13.32,23.30,-56.61,-991.86,210.0,-656.25,-175.0,1,94.268,
01/01/2000,01:11:13.33,22.94,-56.73,-992.10,122.50,-638.75,-280.0,1,94.269,
01/01/2000,01:11:13.34,22.20,-56.97,-992.47,262.50,-603.75,-367.50,1,94.270,
01/01/2000,01:11:13.35,20.25,-56.73,-992.71,140.0,-691.25,-271.25,1,94.272,
01/01/2000,01:11:13.36,19.15,-56.24,-992.59,61.25,-656.25,-446.25,1,94.273,
01/01/2000,01:11:13.37,18.67,-56.00,-992.23,148.75,-603.75,-323.75,1,94.274,
01/01/2000,01:11:13.38,18.79,-56.24,-991.86,105.0,-586.25,-358.75,1,94.255,
01/01/2000,01:11:13.39,19.64,-56.61,-991.86,227.50,-621.25,-568.75,1,94.256,
01/01/2000,01:11:13.40,20.62,-57.10,-992.23,183.75,-761.25,-341.25,1,94.257,
01/01/2000,01:11:13.41,22.08,-56.97,-992.35,280.0,-700.0,-402.50,1,94.259,
01/01/2000,01:11:13.42,22.57,-56.61,-992.47,201.25,-743.75,-341.25,1,94.260,
01/01/2000,01:11:13.43,22.69,-56.12,-992.35,131.25,-647.50,-157.50,1,94.261,
01/01/2000,01:11:13.45,22.08,-56.36,-992.35,253.75,-743.75,-183.75,1,94.262,
01/01/2000,01:11:13.46,21.47,-56.61,-992.35,192.50,-796.25,-262.50,1,94.264,
01/01/2000,01:11:13.47,20.25,-57.10,-992.23,218.75,-752.50,-385.0,1,94.265,
01/01/2000,01:11:13.48,19.52,-56.97,-992.10,201.25,-630.0,-420.0,1,94.266,
01/01/2000,01:11:13.49,19.52,-56.85,-992.10,113.75,-778.75,-323.75,1,94.267,
01/01/2000,01:11:13.50,19.64,-56.49,-992.10,175.0,-673.75,-367.50,1,94.268,
01/01/2000,01:11:13.51,20.86,-56.36,-991.86,166.25,-542.50,-498.75,1,94.270,
01/01/2000,01:11:13.52,22.69,-56.36,-991.74,87.50,-665.0,-446.25,1,94.271,
01/01/2000,01:11:13.53,24.03,-56.73,-991.74,192.50,-752.50,-323.75,1,94.272,
01/01/2000,01:11:13.54,24.64,-57.10,-991.98,78.75,-840.0,-385.0,1,94.273,
01/01/2000,01:11:13.55,24.52,-57.10,-992.23,245.0,-691.25,-393.75,1,94.275,
01/01/2000,01:11:13.56,23.67,-56.97,-992.59,210.0,-796.25,-288.75,1,94.276,
01/01/2000,01:11:13.57,21.72,-56.49,-992.47,87.50,-778.75,-245.0,1,94.277,
01/01/2000,01:11:13.58,20.01,-56.36,-992.47,157.50,-638.75,-210.0,1,94.278,
01/01/2000,01:11:13.60,19.28,-56.61,-991.86,253.75,-682.50,-367.50,1,94.259,
01/01/2000,01:11:13.61,19.52,-56.61,-991.74,253.75,-761.25,-542.50,1,94.261,
01/01/2000,01:11:13.62,21.11,-57.10,-991.98,140.0,-717.50,-437.50,1,94.262,
01/01/2000,01:11:13.63,21.96,-56.85,-992.35,157.50,-656.25,-551.25,1,94.263,
01/01/2000,01:11:13.64,22.57,-56.85,-992.59,183.75,-612.50,-393.75,1,94.264,
01/01/2000,01:11:13.65,22.81,-56.61,-992.59,166.25,-796.25,-315.0,1,94.265,
01/01/2000,01:11:13.66,22.45,-56.36,-992.23,227.50,-638.75,-367.50,1,94.246,
01/01/2000,01:11:13.67,21.96,-56.49,-992.10,78.75,-761.25,-341.25,1,94.248,
01/01/2000,01:11:13.68,21.35,-56.85,-991.98,35.0,-726.25,-306.25,1,94.249,
01/01/2000,01:11:13.69,20.74,-57.10,-992.23,323.75,-752.50,-385.0,1,94.250,
01/01/2000,01:11:13.70,19.52,-56.85,-992.35,122.50,-761.25,-402.50,1,94.251,
01/01/2000,01:11:13.71,19.28,-56.61,-992.10,43.75,-743.75,-385.0,1,94.253,
01/01/2000,01:11:13.72,19.52,-56.24,-991.62,148.75,-673.75,-341.25,1,94.254,
01/01/2000,01:11:13.73,21.11,-56.12,-991.37,52.50,-673.75,-332.50,1,94.255,
01/01/2000,01:11:13.74,22.45,-56.73,-991.37,52.50,-708.75,-402.50,1,94.256,
01/01/2000,01:11:13.75,23.42,-57.34,-991.74,17.50,-752.50,-288.75,1,94.258,
01/01/2000,01:11:13.76,23.67,-57.46,-992.35,70.0,-840.0,-341.25,1,94.259,
01/01/2000,01:11:13.77,23.42,-57.46,-992.59,140.0,-735.0,-288.75,1,94.260,
01/01/2000,01:11:13.78,21.72,-56.61,-992.47,201.25,-752.50,-148.75,1,94.261,
01/01/2000,01:11:13.79,20.13,-56.12,-992.35,218.75,-813.75,-192.50,1,94.262,
01/01/2000,01:11:13.81,18.54,-56.61,-991.86,183.75,-717.50,-210.0,1,94.264,
01/01/2000,01:11:13.82,18.30,-56.85,-991.86,-8.75,-656.25,-402.50,1,94.265,
01/01/2000,01:11:13.83,18.79,-57.34,-991.86,201.25,-752.50,-586.25,1,94.266,
01/01/2000,01:11:13.84,20.25,-56.85,-992.10,105.0,-656.25,-603.75,1,94.267,
01/01/2000,01:11:13.85,21.96,-56.61,-992.23,332.50,-630.0,-472.50,1,94.269,
01/01/2000,01:11:13.86,23.06,-56.24,-992.35,218.75,-726.25,-227.50,1,94.270,
01/01/2000,01:11:13.87,24.16,-56.61,-992.47,166.25,-743.75,-166.25,1,94.251,
01/01/2000,01:11:13.88,24.03,-57.10,-992.35,192.50,-735.0,-262.50,1,94.252,
01/01/2000,01:11:13.89,23.30,-57.10,-992.10,87.50,-726.25,-332.50,1,94.253,
01/01/2000,01:11:13.90,21.59,-56.85,-992.10,201.25,-682.50,-288.75,1,94.255,
01/01/2000,01:11:13.91,20.74,-56.73,-992.23,236.25,-717.50,-393.75,1,94.256,
01/01/2000,01:11:13.92,19.52,-56.61,-992.23,105.0,-682.50,-358.75,1,94.257,
01/01/2000,01:11:13.93,19.03,-56.61,-992.10,-8.75,-726.25,-437.50,1,94.258,
01/01/2000,01:11:13.95,19.89,-56.85,-991.74,157.50,-752.50,-420.0,1,94.259,
01/01/2000,01:11:13.96,21.84,-56.85,-991.86,140.0,-761.25,-402.50,1,94.261,
01/01/2000,01:11:13.97,22.81,-57.22,-992.10,175.0,-752.50,-323.75,1,94.262,
01/01/2000,01:11:13.98,23.30,-57.22,-992.47,192.50,-586.25,-341.25,1,94.263,
01/01/2000,01:11:13.99,23.18,-56.97,-992.96,52.50,-796.25,-306.25,1,94.264,
01/01/2000,01:11:14.00,22.45,-56.61,-992.59,192.50,-682.50,-166.25,1,94.266,
01/01/2000,01:11:14.01,20.50,-56.36,-992.23,227.50,-630.0,-148.75,1,94.267,
01/01/2000,01:11:14.02,18.91,-56.36,-991.86,-35.0,-673.75,-201.25,1,94.268,
01/01/2000,01:11:14.03,18.54,-56.85,-991.86,192.50,-787.50,-376.25,1,94.269,
01/01/2000,01:11:14.04,18.67,-56.85,-991.86,35.0,-752.50,-411.25,1,94.271,
01/01/2000,01:11:14.05,19.40,-56.85,-992.10,315.0,-717.50,-472.50,1,94.272,
01/01/2000,01:11:14.06,21.23,-56.61,-992.35,148.75,-717.50,-498.75,1,94.273,
01/01/2000,01:11:14.07,22.33,-56.73,-992.47,43.75,-656.25,-341.25,1,94.274,
01/01/2000,01:11:14.08,23.30,-56.97,-992.71,175.0,-682.50,-183.75,1,94.255,
01/01/2000,01:11:14.10,23.42,-57.22,-992.71,218.75,-761.25,-315.0,1,94.257,
01/01/2000,01:11:14.10,23.18,-57.10,-992.71,201.25,-752.50,-323.75,1,94.258,
01/01/2000,01:11:14.12,21.72,-56.97,-992.47,253.75,-708.75,-253.75,1,94.259,
01/01/2000,01:11:14.13,20.62,-56.73,-992.35,122.50,-630.0,-323.75,1,94.260,
01/01/2000,01:11:14.14,19.76,-56.85,-992.10,148.75,-770.0,-280.0,1,94.261,
01/01/2000,01:11:14.15,19.52,-56.73,-991.86,175.0,-682.50,-367.50,1,94.263,
01/01/2000,01:11:14.16,20.74,-56.73,-991.62,236.25,-586.25,-638.75,1,94.244,
01/01/2000,01:11:14.17,21.72,-56.97,-991.74,192.50,-665.0,-455.0,1,94.245,
01/01/2000,01:11:14.18,22.57,-57.10,-992.10,157.50,-787.50,-376.25,1,94.246,
01/01/2000,01:11:14.19,23.42,-57.34,-992.84,210.0,-708.75,-367.50,1,94.248,
01/01/2000,01:11:14.20,23.18,-57.10,-992.84,175.0,-682.50,-332.50,1,94.249,
01/01/2000,01:11:14.21,22.20,-56.97,-992.71,113.75,-787.50,-210.0,1,94.250,
01/01/2000,01:11:14.22,21.23,-56.85,-992.23,140.0,-630.0,-218.75,1,94.251,
01/01/2000,01:11:14.23,20.25,-56.85,-992.10,183.75,-630.0,-411.25,1,94.252,
01/01/2000,01:11:14.24,19.52,-56.97,-991.86,315.0,-656.25,-358.75,1,94.254,
01/01/2000,01:11:14.25,19.28,-56.97,-991.98,227.50,-673.75,-446.25,1,94.255,
01/01/2000,01:11:14.26,19.76,-57.10,-991.98,131.25,-568.75,-673.75,1,94.256,
01/01/2000,01:11:14.27,20.86,-56.85,-992.23,131.25,-717.50,-472.50,1,94.257,
01/01/2000,01:11:14.28,21.72,-56.73,-992.35,210.0,-533.75,-245.0,1,94.258,
01/01/2000,01:11:14.30,22.33,-56.73,-992.35,96.25,-638.75,-297.50,1,94.260,
01/01/2000,01:11:14.31,22.81,-56.97,-992.47,218.75,-621.25,-262.50,1,94.261,
01/01/2000,01:11:14.32,22.20,-56.97,-992.59,288.75,-813.75,-288.75,1,94.262,
01/01/2000,01:11:14.33,21.96,-57.10,-992.59,140.0,-796.25,-297.50,1,94.263,
01/01/2000,01:11:14.34,21.23,-56.85,-992.47,192.50,-647.50,-262.50,1,94.265,
01/01/2000,01:11:14.35,20.98,-56.73,-992.35,227.50,-708.75,-437.50,1,94.266,
01/01/2000,01:11:14.36,22.20,-56.36,-991.74,262.50,-665.0,-516.25,1,94.267,
01/01/2000,01:11:14.37,25.01,-56.36,-991.62,253.75,-656.25,-700.0,1,94.268,
01/01/2000,01:11:14.38,27.45,-56.97,-991.86,113.75,-726.25,-393.75,1,94.269,
01/01/2000,01:11:14.39,30.01,-57.34,-992.59,140.0,-647.50,-490.0,1,94.271,
01/01/2000,01:11:14.40,31.96,-57.46,-993.20,131.25,-752.50,-280.0,1,94.272,
01/01/2000,01:11:14.41,32.45,-57.10,-992.96,140.0,-813.75,-183.75,1,94.273,
01/01/2000,01:11:14.42,30.74,-56.61,-992.35,253.75,-752.50,96.25,1,94.274,
01/01/2000,01:11:14.43,27.57,-56.85,-991.86,210.0,-700.0,-70.0,1,94.256,
01/01/2000,01:11:14.44,25.50,-57.10,-991.62,245.0,-647.50,-358.75,1,94.257,
01/01/2000,01:11:14.45,24.64,-57.10,-991.62,236.25,-603.75,-717.50,1,94.258,
01/01/2000,01:11:14.46,24.89,-56.61,-991.74,148.75,-568.75,-848.75,1,94.259,
01/01/2000,01:11:14.47,28.55,-56.24,-992.35,122.50,-673.75,-761.25,1,94.260,
01/01/2000,01:11:14.48,31.48,-56.49,-992.35,210.0,-691.25,-428.75,1,94.262,
01/01/2000,01:11:14.49,34.40,-56.61,-992.23,192.50,-857.50,-253.75,1,94.263,
01/01/2000,01:11:14.51,36.84,-57.58,-992.23,26.25,-691.25,-341.25,1,94.264,
01/01/2000,01:11:14.52,37.09,-57.83,-992.47,183.75,-673.75,-105.0,1,94.265,
01/01/2000,01:11:14.53,35.38,-57.46,-992.84,192.50,-708.75,-61.25,1,94.266,
01/01/2000,01:11:14.54,31.60,-56.61,-992.59,148.75,-700.0,-253.75,1,94.268,
01/01/2000,01:11:14.55,29.16,-56.49,-992.10,113.75,-603.75,-192.50,1,94.269,
01/01/2000,01:11:14.56,26.11,-56.49,-991.62,201.25,-647.50,-280.0,1,94.270,
01/01/2000,01:11:14.57,24.77,-56.61,-991.37,271.25,-770.0,-787.50,1,94.271,
01/01/2000,01:11:14.58,25.99,-56.97,-991.01,227.50,-735.0,-805.0,1,94.272,
01/01/2000,01:11:14.59,28.06,-56.85,-991.62,192.50,-647.50,-612.50,1,94.274,
01/01/2000,01:11:14.60,30.13,-56.85,-992.10,253.75,-726.25,-376.25,1,94.275,
01/01/2000,01:11:14.61,30.74,-56.61,-992.96,26.25,-752.50,-245.0,1,94.256,
01/01/2000,01:11:14.62,29.89,-57.22,-993.20,166.25,-796.25,-52.50,1,94.277,
01/01/2000,01:11:14.64,25.99,-57.22,-992.23,52.50,-656.25,-306.25,1,94.259,
01/01/2000,01:11:14.65,22.69,-56.61,-991.25,192.50,-700.0,-761.25,1,94.260,
01/01/2000,01:11:14.66,22.20,-56.24,-991.37,210.0,-761.25,-1023.75,1,94.261,
01/01/2000,01:11:14.67,23.55,-56.36,-992.59,245.0,-665.0,-463.75,1,94.262,
01/01/2000,01:11:14.68,24.64,-56.85,-992.96,105.0,-595.0,-201.25,1,94.264,
01/01/2000,01:11:14.69,24.89,-57.22,-992.84,253.75,-770.0,-148.75,1,94.265,
01/01/2000,01:11:14.70,24.28,-57.10,-992.23,210.0,-656.25,-297.50,1,94.266,
01/01/2000,01:11:14.71,23.18,-56.97,-991.74,148.75,-770.0,-183.75,1,94.267,
01/01/2000,01:11:14.72,22.33,-56.61,-992.10,210.0,-743.75,-341.25,1,94.268,
01/01/2000,01:11:14.73,22.08,-56.61,-992.59,70.0,-761.25,-455.0,1,94.270,
01/01/2000,01:11:14.74,22.20,-56.61,-992.96,210.0,-621.25,-253.75,1,94.271,
01/01/2000,01:11:14.75,22.57,-56.61,-992.47,61.25,-708.75,-297.50,1,94.272,
01/01/2000,01:11:14.76,22.57,-56.85,-992.10,-26.25,-665.0,-210.0,1,94.273,
01/01/2000,01:11:14.77,22.57,-57.22,-991.98,201.25,-796.25,-428.75,1,94.274,
01/01/2000,01:11:14.78,22.45,-57.10,-992.47,166.25,-656.25,-393.75,1,94.276,
01/01/2000,01:11:14.79,21.96,-56.85,-992.96,210.0,-700.0,-376.25,1,94.257,
01/01/2000,01:11:14.80,21.72,-56.36,-992.59,175.0,-735.0,-455.0,1,94.258,
01/01/2000,01:11:14.81,21.59,-56.61,-992.35,218.75,-708.75,-341.25,1,94.259,
01/01/2000,01:11:14.82,21.84,-56.85,-992.10,35.0,-805.0,-402.50,1,94.261,
01/01/2000,01:11:14.83,22.20,-57.46,-992.35,113.75,-665.0,-350.0,1,94.262,
01/01/2000,01:11:14.85,22.08,-57.34,-992.59,210.0,-647.50,-367.50,1,94.263,
01/01/2000,01:11:14.86,22.08,-56.85,-992.35,210.0,-682.50,-420.0,1,94.264,
01/01/2000,01:11:14.87,21.72,-56.24,-992.10,175.0,-717.50,-367.50,1,94.265,
01/01/2000,01:11:14.88,21.59,-56.49,-991.86,262.50,-612.50,-236.25,1,94.267,
01/01/2000,01:11:14.89,21.59,-56.73,-992.10,113.75,-717.50,-253.75,1,94.268,
01/01/2000,01:11:14.90,21.72,-57.10,-992.10,175.0,-638.75,-306.25,1,94.269,
01/01/2000,01:11:14.91,21.96,-56.97,-992.23,113.75,-735.0,-463.75,1,94.270,
01/01/2000,01:11:14.92,21.96,-56.73,-992.10,78.75,-577.50,-315.0,1,94.271,
01/01/2000,01:11:14.93,21.59,-56.61,-991.98,175.0,-735.0,-315.0,1,94.253,
01/01/2000,01:11:14.94,21.47,-56.61,-992.10,70.0,-673.75,-323.75,1,94.254,
01/01/2000,01:11:14.95,21.47,-56.97,-992.10,61.25,-603.75,-420.0,1,94.255,
01/01/2000,01:11:14.96,21.23,-57.10,-992.23,385.0,-787.50,-358.75,1,94.256,
01/01/2000,01:11:14.97,21.47,-56.97,-992.96,113.75,-770.0,-603.75,1,94.258,
01/01/2000,01:11:14.98,22.33,-56.97,-994.42,70.0,-831.25,-490.0,1,94.259,
01/01/2000,01:11:14.99,21.23,-57.22,-995.89,148.75,-743.75,78.75,1,94.260,
01/01/2000,01:11:15.01,18.67,-57.58,-996.37,183.75,-560.0,-218.75,1,94.261,
01/01/2000,01:11:15.02,18.06,-56.61,-996.50,157.50,-761.25,-568.75,1,94.262,
01/01/2000,01:11:15.03,18.06,-56.61,-997.23,218.75,-708.75,-533.75,1,94.264,
01/01/2000,01:11:15.04,20.74,-56.85,-998.45,236.25,-700.0,-455.0,1,94.265,
01/01/2000,01:11:15.05,22.94,-57.34,-999.79,323.75,-743.75,-437.50,1,94.266,
01/01/2000,01:11:15.06,24.89,-57.34,-1000.28,78.75,-726.25,-358.75,1,94.267,
01/01/2000,01:11:15.07,25.74,-57.10,-999.55,166.25,-708.75,-245.0,1,94.268,
01/01/2000,01:11:15.08,25.62,-56.97,-999.55,183.75,-717.50,-183.75,1,94.270,
01/01/2000,01:11:15.09,24.52,-57.34,-1000.64,271.25,-840.0,-192.50,1,94.271,
01/01/2000,01:11:15.10,23.55,-57.58,-1002.11,87.50,-673.75,-332.50,1,94.272,
01/01/2000,01:11:15.11,22.33,-57.71,-1003.33,227.50,-673.75,-463.75,1,94.273,
01/01/2000,01:11:15.12,21.47,-57.34,-1004.18,113.75,-630.0,-341.25,1,94.274,
01/01/2000,01:11:15.13,20.50,-56.85,-1004.06,201.25,-612.50,-350.0,1,94.276,
01/01/2000,01:11:15.15,20.13,-56.97,-1002.60,87.50,-665.0,-236.25,1,94.257,
01/01/2000,01:11:15.16,20.50,-57.58,-1001.25,236.25,-621.25,-271.25,1,94.258,
01/01/2000,01:11:15.17,20.62,-57.71,-999.91,210.0,-761.25,-498.75,1,94.260,
01/01/2000,01:11:15.18,20.98,-57.46,-999.06,280.0,-691.25,-472.50,1,94.261,
01/01/2000,01:11:15.19,22.33,-57.34,-998.94,183.75,-770.0,-411.25,1,94.262,
01/01/2000,01:11:15.20,23.18,-57.10,-999.91,227.50,-752.50,-428.75,1,94.263,
01/01/2000,01:11:15.21,24.16,-57.10,-1001.01,166.25,-577.50,-157.50,1,94.264,
01/01/2000,01:11:15.22,24.64,-57.46,-1001.62,175.0,-595.0,-210.0,1,94.246,
01/01/2000,01:11:15.23,23.67,-57.46,-1001.13,192.50,-595.0,-218.75,1,94.247,
01/01/2000,01:11:15.24,22.57,-57.34,-999.79,140.0,-726.25,-367.50,1,94.248,
01/01/2000,01:11:15.25,21.23,-57.10,-998.45,131.25,-603.75,-490.0,1,94.250,
01/01/2000,01:11:15.26,20.25,-56.97,-996.74,210.0,-647.50,-647.50,1,94.251,
01/01/2000,01:11:15.27,19.52,-56.97,-996.01,210.0,-743.75,-367.50,1,94.252,
01/01/2000,01:11:15.28,19.40,-56.85,-994.91,122.50,-638.75,-420.0,1,94.253,
01/01/2000,01:11:15.29,19.52,-56.97,-994.42,122.50,-700.0,-560.0,1,94.254,
01/01/2000,01:11:15.30,20.25,-57.10,-994.30,61.25,-682.50,-586.25,1,94.255,
01/01/2000,01:11:15.31,20.98,-56.97,-994.18,227.50,-735.0,-586.25,1,94.257,
01/01/2000,01:11:15.32,21.11,-56.61,-993.81,218.75,-673.75,-525.0,1,94.258,
01/01/2000,01:11:15.33,21.23,-56.36,-993.57,0.0,-822.50,-332.50,1,94.259,
01/01/2000,01:11:15.34,21.47,-56.85,-993.81,183.75,-717.50,-306.25,1,94.260,
01/01/2000,01:11:15.36,21.84,-57.10,-994.54,131.25,-673.75,-612.50,1,94.261,
01/01/2000,01:11:15.37,22.08,-56.97,-994.79,96.25,-665.0,-498.75,1,94.263,
01/01/2000,01:11:15.38,21.96,-56.85,-994.54,253.75,-673.75,-271.25,1,94.264,
01/01/2000,01:11:15.39,21.84,-56.97,-994.06,183.75,-735.0,-236.25,1,94.265,
01/01/2000,01:11:15.40,21.59,-56.97,-993.93,262.50,-735.0,-420.0,1,94.266,
01/01/2000,01:11:15.41,21.72,-57.34,-993.45,131.25,-673.75,-428.75,1,94.267,
01/01/2000,01:11:15.42,21.96,-57.22,-992.84,402.50,-647.50,-463.75,1,94.269,
01/01/2000,01:11:15.43,22.20,-56.85,-992.71,192.50,-813.75,-376.25,1,94.250,
01/01/2000,01:11:15.44,22.33,-56.97,-992.59,113.75,-752.50,-551.25,1,94.251,
01/01/2000,01:11:15.45,22.33,-57.34,-992.59,157.50,-691.25,-525.0,1,94.253,
01/01/2000,01:11:15.46,21.72,-57.22,-991.86,192.50,-708.75,-463.75,1,94.254,
01/01/2000,01:11:15.47,20.01,-57.10,-991.01,192.50,-700.0,-358.75,1,94.255,
01/01/2000,01:11:15.48,19.28,-56.73,-990.76,113.75,-726.25,-525.0,1,94.256,
01/01/2000,01:11:15.50,19.76,-57.10,-991.86,131.25,-682.50,-621.25,1,94.257,
01/01/2000,01:11:15.51,20.62,-57.34,-993.08,148.75,-647.50,-533.75,1,94.259,
01/01/2000,01:11:15.52,21.47,-57.34,-993.57,315.0,-612.50,-525.0,1,94.260,
01/01/2000,01:11:15.53,22.69,-56.97,-993.32,131.25,-708.75,-271.25,1,94.261,
01/01/2000,01:11:15.54,23.30,-56.97,-992.71,122.50,-761.25,-78.75,1,94.262,
01/01/2000,01:11:15.55,23.06,-57.22,-992.23,245.0,-848.75,-201.25,1,94.263,
01/01/2000,01:11:15.56,23.18,-57.34,-992.10,227.50,-743.75,-358.75,1,94.264,
01/01/2000,01:11:15.57,21.96,-57.34,-992.35,131.25,-682.50,-428.75,1,94.266,
01/01/2000,01:11:15.58,20.74,-56.85,-991.74,105.0,-673.75,-411.25,1,94.267,
01/01/2000,01:11:15.59,19.64,-56.49,-991.13,183.75,-796.25,-446.25,1,94.268,
01/01/2000,01:11:15.60,19.15,-56.61,-990.88,131.25,-717.50,-446.25,1,94.269,
01/01/2000,01:11:15.61,18.79,-57.34,-990.52,236.25,-682.50,-96.25,1,94.270,
01/01/2000,01:11:15.62,18.67,-57.58,-990.40,262.50,-743.75,-551.25,1,94.272,
01/01/2000,01:11:15.63,19.52,-57.46,-991.62,113.75,-761.25,-560.0,1,94.253,
01/01/2000,01:11:15.64,21.72,-57.10,-992.84,192.50,-726.25,-490.0,1,94.255,
01/01/2000,01:11:15.65,23.18,-56.85,-993.69,175.0,-682.50,-376.25,1,94.256,
01/01/2000,01:11:15.67,24.77,-56.97,-993.69,297.50,-708.75,-87.50,1,94.257,
01/01/2000,01:11:15.68,25.01,-57.10,-992.35,210.0,-682.50,-61.25,1,94.258,
01/01/2000,01:11:15.69,23.42,-57.71,-991.86,236.25,-735.0,-61.25,1,94.259,
01/01/2000,01:11:15.70,21.96,-57.71,-991.74,113.75,-735.0,-542.50,1,94.260,
01/01/2000,01:11:15.71,20.37,-57.34,-992.10,175.0,-612.50,-612.50,1,94.262,
01/01/2000,01:11:15.72,18.42,-56.61,-992.10,297.50,-647.50,-358.75,1,94.263,
01/01/2000,01:11:15.73,17.93,-56.36,-991.86,157.50,-551.25,-358.75,1,94.264,
01/01/2000,01:11:15.74,18.06,-56.61,-991.37,131.25,-638.75,-297.50,1,94.265,
01/01/2000,01:11:15.75,18.67,-57.10,-990.52,175.0,-621.25,-385.0,1,94.266,
01/01/2000,01:11:15.76,19.40,-57.46,-989.54,280.0,-717.50,-525.0,1,94.268,
01/01/2000,01:11:15.77,20.25,-57.22,-990.27,140.0,-778.75,-595.0,1,94.249,
01/01/2000,01:11:15.78,21.72,-57.10,-991.86,262.50,-761.25,-673.75,1,94.251,
01/01/2000,01:11:15.79,22.69,-56.85,-993.81,113.75,-638.75,-201.25,1,94.252,
01/01/2000,01:11:15.80,23.67,-56.73,-995.03,227.50,-595.0,-253.75,1,94.253,
01/01/2000,01:11:15.81,23.30,-56.85,-994.06,262.50,-743.75,-61.25,1,94.254,
01/01/2000,01:11:15.82,22.33,-57.10,-992.47,183.75,-752.50,148.75,1,94.255,
01/01/2000,01:11:15.83,20.98,-57.58,-991.01,280.0,-700.0,-140.0,1,94.256,
01/01/2000,01:11:15.84,19.40,-57.58,-990.64,140.0,-735.0,-621.25,1,94.258,
01/01/2000,01:11:15.85,18.91,-57.22,-991.62,210.0,-647.50,-577.50,1,94.259,
01/01/2000,01:11:15.86,19.03,-56.85,-992.59,262.50,-752.50,-490.0,1,94.260,
01/01/2000,01:11:15.87,19.64,-56.49,-993.32,166.25,-682.50,-568.75,1,94.261,
01/01/2000,01:11:15.88,21.23,-56.61,-993.32,210.0,-682.50,-385.0,1,94.262,
01/01/2000,01:11:15.89,22.20,-57.46,-992.47,192.50,-665.0,-271.25,1,94.263,
01/01/2000,01:11:15.90,22.69,-57.58,-991.13,140.0,-700.0,-402.50,1,94.265,
01/01/2000,01:11:15.92,23.18,-57.58,-990.40,218.75,-796.25,-367.50,1,94.266,
01/01/2000,01:11:15.93,23.30,-57.58,-991.37,183.75,-700.0,-385.0,1,94.267,
01/01/2000,01:11:15.94,23.55,-57.22,-994.06,166.25,-638.75,-420.0,1,94.268,
01/01/2000,01:11:15.95,23.30,-56.85,-995.15,201.25,-568.75,-166.25,1,94.269,
01/01/2000,01:11:15.96,22.57,-56.85,-994.67,192.50,-612.50,87.50,1,94.271,
01/01/2000,01:11:15.97,21.59,-56.73,-993.45,105.0,-805.0,-96.25,1,94.272,
01/01/2000,01:11:15.98,20.74,-57.34,-991.62,218.75,-656.25,-437.50,1,94.254,
01/01/2000,01:11:15.99,20.37,-57.58,-991.62,280.0,-603.75,-516.25,1,94.255,
01/01/2000,01:11:16.00,20.25,-57.58,-992.35,43.75,-673.75,-551.25,1,94.256,
01/01/2000,01:11:16.01,20.74,-56.85,-992.84,166.25,-805.0,-428.75,1,94.257,
01/01/2000,01:11:16.02,21.23,-56.49,-993.20,43.75,-647.50,-306.25,1,94.258,
01/01/2000,01:11:16.03,21.47,-56.61,-993.08,358.75,-778.75,-245.0,1,94.259,
01/01/2000,01:11:16.04,21.72,-57.10,-991.62,148.75,-586.25,-236.25,1,94.261,
01/01/2000,01:11:16.06,20.98,-57.83,-990.03,140.0,-726.25,-341.25,1,94.262,
01/01/2000,01:11:16.07,20.13,-57.58,-989.91,262.50,-778.75,-455.0,1,94.263,
01/01/2000,01:11:16.08,20.25,-57.22,-990.88,183.75,-708.75,-586.25,1,94.264,
01/01/2000,01:11:16.09,20.50,-56.85,-992.59,341.25,-778.75,-358.75,1,94.265,
01/01/2000,01:11:16.10,20.86,-56.73,-993.69,332.50,-691.25,-280.0,1,94.266,
01/01/2000,01:11:16.11,21.72,-57.10,-994.18,210.0,-673.75,-131.25,1,94.268,
01/01/2000,01:11:16.12,22.20,-57.58,-993.81,148.75,-717.50,-148.75,1,94.269,
01/01/2000,01:11:16.13,22.20,-57.83,-993.20,70.0,-743.75,-472.50,1,94.270,
01/01/2000,01:11:16.14,21.96,-57.71,-992.84,52.50,-761.25,-385.0,1,94.271,
01/01/2000,01:11:16.15,21.47,-57.22,-992.47,166.25,-691.25,-227.50,1,94.272,
01/01/2000,01:11:16.16,20.74,-57.10,-991.62,262.50,-796.25,-315.0,1,94.273,
01/01/2000,01:11:16.17,20.01,-57.34,-991.37,236.25,-621.25,-323.75,1,94.255,
01/01/2000,01:11:16.19,20.50,-57.71,-991.37,166.25,-586.25,-490.0,1,94.257,
01/01/2000,01:11:16.20,21.23,-57.58,-991.01,-105.0,-840.0,-393.75,1,94.258,
01/01/2000,01:11:16.21,21.59,-57.34,-990.64,245.0,-603.75,-323.75,1,94.259,
01/01/2000,01:11:16.22,21.84,-57.22,-990.88,218.75,-822.50,-323.75,1,94.260,
01/01/2000,01:11:16.23,21.72,-57.34,-991.37,227.50,-656.25,-367.50,1,94.261,
01/01/2000,01:11:16.24,21.47,-57.58,-992.59,262.50,-682.50,-376.25,1,94.262,
01/01/2000,01:11:16.25,21.23,-57.46,-993.45,175.0,-647.50,-280.0,1,94.264,
01/01/2000,01:11:16.26,20.98,-57.58,-993.69,166.25,-638.75,-271.25,1,94.265,
01/01/2000,01:11:16.27,21.23,-57.10,-993.32,78.75,-682.50,-332.50,1,94.266,
01/01/2000,01:11:16.28,21.35,-57.22,-992.84,78.75,-743.75,-297.50,1,94.267,
01/01/2000,01:11:16.29,21.84,-57.34,-992.35,183.75,-638.75,-350.0,1,94.268,
01/01/2000,01:11:16.30,21.96,-57.58,-991.98,148.75,-682.50,-428.75,1,94.269,
01/01/2000,01:11:16.31,21.84,-57.58,-991.62,52.50,-805.0,-411.25,1,94.271,
01/01/2000,01:11:16.32,21.47,-57.58,-991.49,323.75,-665.0,-350.0,1,94.272,
01/01/2000,01:11:16.33,21.11,-57.34,-991.49,175.0,-770.0,-420.0,1,94.273,
01/01/2000,01:11:16.34,20.74,-57.34,-991.37,87.50,-813.75,-332.50,1,94.255,
01/01/2000,01:11:16.35,20.62,-57.46,-991.13,253.75,-551.25,-253.75,1,94.256,
01/01/2000,01:11:16.36,20.37,-57.58,-990.76,315.0,-621.25,-385.0,1,94.257,
01/01/2000,01:11:16.37,20.50,-57.58,-990.88,87.50,-743.75,-428.75,1,94.258,
01/01/2000,01:11:16.38,21.35,-57.71,-991.86,131.25,-665.0,-411.25,1,94.260,
01/01/2000,01:11:16.39,21.96,-57.58,-992.84,122.50,-778.75,-358.75,1,94.261,
01/01/2000,01:11:16.41,22.33,-57.34,-993.81,157.50,-612.50,-350.0,1,94.262,
01/01/2000,01:11:16.42,22.33,-57.58,-993.81,157.50,-691.25,-315.0,1,94.263,
01/01/2000,01:11:16.43,22.20,-57.58,-993.45,96.25,-682.50,-271.25,1,94.264,
01/01/2000,01:11:16.44,21.72,-57.58,-992.84,262.50,-638.75,-376.25,1,94.265,
01/01/2000,01:11:16.45,21.47,-57.71,-992.35,140.0,-691.25,-402.50,1,94.267,
01/01/2000,01:11:16.46,20.98,-57.34,-991.86,105.0,-770.0,-341.25,1,94.268,
01/01/2000,01:11:16.47,20.62,-57.58,-991.62,323.75,-656.25,-385.0,1,94.269,
01/01/2000,01:11:16.48,20.98,-57.58,-992.10,236.25,-577.50,-437.50,1,94.270,
01/01/2000,01:11:16.49,21.72,-57.46,-992.71,166.25,-638.75,-402.50,1,94.271,
01/01/2000,01:11:16.50,22.08,-57.58,-992.10,245.0,-638.75,-201.25,1,94.272,
01/01/2000,01:11:16.51,21.72,-57.34,-991.25,166.25,-735.0,-210.0,1,94.274,
01/01/2000,01:11:16.52,21.47,-57.58,-991.13,183.75,-805.0,-262.50,1,94.275,
01/01/2000,01:11:16.53,21.23,-57.71,-991.74,245.0,-665.0,-446.25,1,94.257,
01/01/2000,01:11:16.54,20.86,-57.46,-993.45,175.0,-586.25,-358.75,1,94.277,
01/01/2000,01:11:16.56,21.23,-56.97,-993.81,288.75,-603.75,-376.25,1,94.259,
01/01/2000,01:11:16.57,21.59,-56.97,-993.32,227.50,-638.75,-323.75,1,94.260,
01/01/2000,01:11:16.58,21.72,-57.10,-992.71,183.75,-743.75,-393.75,1,94.261,
01/01/2000,01:11:16.59,22.20,-57.58,-992.59,122.50,-735.0,-481.25,1,94.263,
01/01/2000,01:11:16.60,22.20,-58.07,-993.32,175.0,-866.25,-586.25,1,94.264,
01/01/2000,01:11:16.61,22.33,-58.07,-993.57,113.75,-691.25,-402.50,1,94.265,
01/01/2000,01:11:16.62,21.96,-57.34,-993.45,140.0,-603.75,-385.0,1,94.266,
01/01/2000,01:11:16.63,21.72,-57.10,-992.84,236.25,-621.25,-35.0,1,94.267,
01/01/2000,01:11:16.64,20.98,-57.10,-991.98,183.75,-726.25,43.75,1,94.268,
01/01/2000,01:11:16.65,20.50,-57.46,-990.88,183.75,-630.0,-341.25,1,94.270,
01/01/2000,01:11:16.66,19.89,-57.83,-989.66,183.75,-761.25,-385.0,1,94.271,
01/01/2000,01:11:16.67,19.64,-57.83,-989.91,140.0,-682.50,-595.0,1,94.272,
01/01/2000,01:11:16.69,20.25,-57.58,-993.08,192.50,-656.25,-682.50,1,94.254,
01/01/2000,01:11:16.70,21.72,-57.10,-994.54,201.25,-612.50,-271.25,1,94.255,
01/01/2000,01:11:16.71,22.57,-57.10,-994.67,105.0,-638.75,-157.50,1,94.256,
01/01/2000,01:11:16.72,23.06,-57.58,-993.81,253.75,-612.50,-201.25,1,94.258,
01/01/2000,01:11:16.73,23.18,-58.07,-992.96,122.50,-805.0,-376.25,1,94.259,
01/01/2000,01:11:16.74,22.69,-58.32,-992.71,218.75,-647.50,-385.0,1,94.260,
01/01/2000,01:11:16.75,22.08,-58.07,-992.71,201.25,-638.75,-350.0,1,94.261,
01/01/2000,01:11:16.76,20.62,-57.34,-993.08,315.0,-630.0,-183.75,1,94.262,
01/01/2000,01:11:16.77,20.01,-56.85,-992.71,113.75,-638.75,-350.0,1,94.263,
01/01/2000,01:11:16.78,19.76,-56.97,-992.10,297.50,-656.25,-402.50,1,94.264,
01/01/2000,01:11:16.79,19.89,-57.58,-990.76,218.75,-656.25,-315.0,1,94.266,
01/01/2000,01:11:16.80,20.37,-57.95,-989.91,218.75,-726.25,-393.75,1,94.267,
01/01/2000,01:11:16.81,20.74,-57.95,-989.42,227.50,-743.75,-603.75,1,94.268,
01/01/2000,01:11:16.82,21.47,-57.58,-989.66,70.0,-831.25,-612.50,1,94.269,
01/01/2000,01:11:16.83,22.20,-57.34,-992.10,236.25,-770.0,-262.50,1,94.251,
01/01/2000,01:11:16.84,22.69,-57.46,-994.06,166.25,-752.50,-271.25,1,94.252,
01/01/2000,01:11:16.85,22.69,-57.34,-995.52,192.50,-638.75,-288.75,1,94.254,
01/01/2000,01:11:16.86,22.57,-57.34,-995.76,175.0,-621.25,-297.50,1,94.255,
01/01/2000,01:11:16.87,21.96,-57.46,-994.06,148.75,-630.0,-245.0,1,94.256,
01/01/2000,01:11:16.88,21.35,-57.58,-992.23,280.0,-787.50,-253.75,1,94.257,
01/01/2000,01:11:16.89,20.86,-57.46,-991.13,113.75,-813.75,-358.75,1,94.258,
01/01/2000,01:11:16.91,20.37,-57.71,-991.01,253.75,-708.75,-437.50,1,94.259,
01/01/2000,01:11:16.92,20.37,-57.58,-991.86,35.0,-700.0,-393.75,1,94.260,
01/01/2000,01:11:16.93,20.62,-57.34,-993.32,-43.75,-726.25,-402.50,1,94.262,
01/01/2000,01:11:16.94,21.35,-57.22,-993.69,350.0,-595.0,-376.25,1,94.263,
01/01/2000,01:11:16.95,21.47,-57.34,-993.08,131.25,-656.25,-262.50,1,94.264,
01/01/2000,01:11:16.96,21.35,-57.34,-991.62,175.0,-638.75,-367.50,1,94.265,
01/01/2000,01:11:16.97,20.25,-57.58,-989.18,288.75,-708.75,-271.25,1,94.266,
01/01/2000,01:11:16.98,19.76,-57.58,-988.69,61.25,-770.0,-402.50,1,94.267,
01/01/2000,01:11:16.99,19.89,-57.71,-990.88,201.25,-708.75,-516.25,1,94.269,
01/01/2000,01:11:17.00,20.37,-57.58,-993.20,218.75,-708.75,-533.75,1,94.270,
01/01/2000,01:11:17.01,21.35,-57.34,-995.03,148.75,-743.75,-393.75,1,94.271,
01/01/2000,01:11:17.02,22.45,-57.22,-995.64,148.75,-673.75,-148.75,1,94.272,
01/01/2000,01:11:17.03,23.18,-57.71,-994.18,262.50,-621.25,-227.50,1,94.273,
01/01/2000,01:11:17.04,23.30,-58.32,-991.98,148.75,-682.50,-341.25,1,94.255,
01/01/2000,01:11:17.06,22.08,-58.32,-991.37,227.50,-752.50,-262.50,1,94.257,
01/01/2000,01:11:17.07,21.11,-58.19,-991.25,183.75,-691.25,-306.25,1,94.258,
01/01/2000,01:11:17.08,20.25,-57.71,-991.86,183.75,-682.50,-490.0,1,94.259,
01/01/2000,01:11:17.09,19.76,-57.10,-992.84,288.75,-533.75,-323.75,1,94.260,
01/01/2000,01:11:17.10,20.13,-57.10,-993.32,297.50,-586.25,-288.75,1,94.261,
01/01/2000,01:11:17.11,20.74,-57.34,-993.57,131.25,-691.25,-341.25,1,94.262,
01/01/2000,01:11:17.12,21.47,-58.07,-991.86,192.50,-586.25,-332.50,1,94.263,
01/01/2000,01:11:17.13,21.47,-58.19,-990.27,175.0,-813.75,-525.0,1,94.265,
01/01/2000,01:11:17.14,21.11,-58.07,-989.54,157.50,-822.50,-341.25,1,94.266,
01/01/2000,01:11:17.15,20.98,-57.83,-991.62,201.25,-630.0,-341.25,1,94.267,
01/01/2000,01:11:17.16,21.11,-57.71,-994.06,236.25,-673.75,-367.50,1,94.268,
01/01/2000,01:11:17.17,21.59,-57.46,-995.89,227.50,-656.25,-350.0,1,94.269,
01/01/2000,01:11:17.18,22.20,-57.71,-996.01,376.25,-507.50,-271.25,1,94.251,
01/01/2000,01:11:17.20,22.57,-58.07,-992.59,61.25,-735.0,-315.0,1,94.253,
01/01/2000,01:11:17.21,22.45,-58.56,-991.37,157.50,-726.25,-411.25,1,94.254,
01/01/2000,01:11:17.22,22.20,-58.44,-991.13,70.0,-813.75,-393.75,1,94.255,
01/01/2000,01:11:17.23,21.59,-57.95,-992.10,280.0,-761.25,-341.25,1,94.256,
01/01/2000,01:11:17.24,21.23,-57.58,-993.08,297.50,-551.25,-288.75,1,94.257,
01/01/2000,01:11:17.25,20.98,-57.10,-993.57,26.25,-612.50,-297.50,1,94.258,
01/01/2000,01:11:17.26,20.98,-57.34,-992.84,166.25,-621.25,-280.0,1,94.241,
01/01/2000,01:11:17.27,20.86,-57.83,-991.37,183.75,-743.75,-332.50,1,94.242,
01/01/2000,01:11:17.28,20.37,-57.95,-989.54,183.75,-787.50,-385.0,1,94.243,
01/01/2000,01:11:17.29,20.13,-57.95,-988.44,78.75,-796.25,-420.0,1,94.244,
01/01/2000,01:11:17.30,19.89,-57.58,-989.79,253.75,-831.25,-393.75,1,94.245,
01/01/2000,01:11:17.31,20.13,-57.71,-992.10,157.50,-621.25,-315.0,1,94.246,
01/01/2000,01:11:17.32,20.74,-57.46,-994.54,210.0,-735.0,-367.50,1,94.248,
01/01/2000,01:11:17.33,21.72,-57.34,-995.76,262.50,-612.50,-271.25,1,94.249,
01/01/2000,01:11:17.34,22.57,-57.58,-995.03,183.75,-691.25,-306.25,1,94.250,
01/01/2000,01:11:17.35,22.81,-57.71,-994.06,52.50,-761.25,-280.0,1,94.251,
01/01/2000,01:11:17.37,23.06,-58.32,-993.32,183.75,-700.0,-210.0,1,94.252,
01/01/2000,01:11:17.37,22.69,-58.44,-993.08,183.75,-612.50,-358.75,1,94.253,
01/01/2000,01:11:17.39,21.96,-57.83,-993.32,131.25,-708.75,-376.25,1,94.254,
01/01/2000,01:11:17.40,20.98,-57.46,-993.32,227.50,-743.75,-385.0,1,94.256,
01/01/2000,01:11:17.41,20.50,-57.22,-993.08,105.0,-717.50,-166.25,1,94.257,
01/01/2000,01:11:17.42,20.01,-57.46,-992.10,70.0,-595.0,-280.0,1,94.258,
01/01/2000,01:11:17.43,20.13,-58.19,-991.37,367.50,-743.75,-358.75,1,94.259,
01/01/2000,01:11:17.44,20.25,-58.32,-990.76,-8.75,-656.25,-315.0,1,94.260,
01/01/2000,01:11:17.45,20.50,-58.32,-990.15,218.75,-700.0,-411.25,1,94.261,
01/01/2000,01:11:17.46,20.62,-57.95,-989.91,210.0,-752.50,-245.0,1,94.262,
01/01/2000,01:11:17.47,20.98,-57.83,-991.13,-26.25,-647.50,-332.50,1,94.264,
01/01/2000,01:11:17.48,21.35,-57.95,-993.32,113.75,-586.25,-201.25,1,94.265,
01/01/2000,01:11:17.49,21.47,-58.19,-994.54,122.50,-682.50,-323.75,1,94.266,
01/01/2000,01:11:17.50,21.84,-58.19,-995.03,166.25,-682.50,-332.50,1,94.267,
01/01/2000,01:11:17.51,22.08,-58.19,-994.67,332.50,-568.75,-332.50,1,94.268,
01/01/2000,01:11:17.52,21.96,-58.07,-993.57,245.0,-673.75,-288.75,1,94.269,
01/01/2000,01:11:17.53,21.59,-57.95,-992.35,227.50,-813.75,-288.75,1,94.252,
01/01/2000,01:11:17.54,20.86,-57.95,-991.98,175.0,-665.0,-288.75,1,94.253,
01/01/2000,01:11:17.55,20.62,-57.95,-991.62,227.50,-673.75,-288.75,1,94.254,
01/01/2000,01:11:17.56,20.25,-58.07,-991.62,61.25,-717.50,-393.75,1,94.255,
01/01/2000,01:11:17.58,20.37,-57.83,-991.62,122.50,-682.50,-385.0,1,94.256,
01/01/2000,01:11:17.58,20.74,-57.83,-992.10,288.75,-717.50,-411.25,1,94.257,
01/01/2000,01:11:17.60,20.98,-57.71,-992.35,105.0,-577.50,-437.50,1,94.259,
01/01/2000,01:11:17.61,21.35,-57.83,-991.74,140.0,-717.50,-218.75,1,94.260,
01/01/2000,01:11:17.62,21.23,-57.83,-991.01,227.50,-665.0,-323.75,1,94.261,
01/01/2000,01:11:17.63,21.23,-58.07,-991.01,140.0,-796.25,-341.25,1,94.262,
01/01/2000,01:11:17.64,21.23,-58.07,-992.59,148.75,-691.25,-516.25,1,94.263,
01/01/2000,01:11:17.65,21.23,-58.19,-993.57,113.75,-630.0,-323.75,1,94.264,
01/01/2000,01:11:17.66,21.35,-57.83,-994.18,113.75,-630.0,-446.25,1,94.265,
01/01/2000,01:11:17.67,21.72,-57.71,-994.18,253.75,-717.50,-350.0,1,94.267,
01/01/2000,01:11:17.68,21.96,-57.83,-993.08,245.0,-691.25,-315.0,1,94.249,
01/01/2000,01:11:17.69,21.96,-57.95,-992.47,201.25,-778.75,-402.50,1,94.250,
01/01/2000,01:11:17.71,21.96,-58.32,-992.35,411.25,-770.0,-376.25,1,94.251,
01/01/2000,01:11:17.72,21.72,-58.07,-992.47,148.75,-831.25,-341.25,1,94.252,
01/01/2000,01:11:17.73,21.47,-58.07,-992.35,148.75,-656.25,-306.25,1,94.254,
01/01/2000,01:11:17.74,21.23,-57.71,-992.35,122.50,-673.75,-323.75,1,94.255,
01/01/2000,01:11:17.75,21.11,-57.95,-992.23,245.0,-612.50,-332.50,1,94.256,
01/01/2000,01:11:17.76,21.11,-58.19,-992.23,236.25,-735.0,-402.50,1,94.257,
01/01/2000,01:11:17.77,20.98,-58.56,-991.49,262.50,-717.50,-393.75,1,94.258,
01/01/2000,01:11:17.78,20.62,-58.07,-990.52,227.50,-612.50,-385.0,1,94.259,
01/01/2000,01:11:17.79,20.62,-57.95,-990.88,87.50,-778.75,-280.0,1,94.260,
01/01/2000,01:11:17.80,20.86,-58.07,-992.10,61.25,-866.25,-367.50,1,94.261,
01/01/2000,01:11:17.81,21.11,-58.07,-993.32,288.75,-638.75,-411.25,1,94.263,
01/01/2000,01:11:17.82,21.47,-58.07,-994.42,157.50,-647.50,-341.25,1,94.264,
01/01/2000,01:11:17.83,21.72,-58.19,-994.06,201.25,-647.50,-358.75,1,94.265,
01/01/2000,01:11:17.84,21.72,-58.19,-993.32,192.50,-647.50,-323.75,1,94.247,
01/01/2000,01:11:17.85,21.72,-58.19,-992.96,183.75,-743.75,-323.75,1,94.267,
01/01/2000,01:11:17.86,21.72,-58.32,-993.45,113.75,-691.25,-367.50,1,94.250,
01/01/2000,01:11:17.87,21.59,-58.44,-993.81,280.0,-691.25,-385.0,1,94.269,
01/01/2000,01:11:17.89,21.47,-58.07,-993.69,113.75,-621.25,-297.50,1,94.252,
01/01/2000,01:11:17.90,21.23,-58.07,-993.08,253.75,-743.75,-245.0,1,94.253,
01/01/2000,01:11:17.91,21.11,-57.95,-992.35,148.75,-630.0,-306.25,1,94.254,
01/01/2000,01:11:17.92,21.11,-58.19,-991.62,236.25,-665.0,-332.50,1,94.255,
01/01/2000,01:11:17.93,20.98,-58.32,-991.37,148.75,-717.50,-315.0,1,94.256,
01/01/2000,01:11:17.94,20.98,-58.32,-991.37,26.25,-787.50,-367.50,1,94.258,
01/01/2000,01:11:17.95,20.86,-58.32,-991.37,131.25,-708.75,-297.50,1,94.259,
01/01/2000,01:11:17.96,20.98,-57.83,-991.86,87.50,-743.75,-358.75,1,94.260,
01/01/2000,01:11:17.97,21.11,-57.95,-993.08,280.0,-673.75,-297.50,1,94.261,
01/01/2000,01:11:17.98,21.47,-58.19,-993.69,148.75,-665.0,-455.0,1,94.262,
01/01/2000,01:11:17.99,21.59,-58.32,-993.81,315.0,-726.25,-376.25,1,94.263,
01/01/2000,01:11:18.00,21.84,-58.07,-993.57,148.75,-761.25,-280.0,1,94.264,
01/01/2000,01:11:18.01,21.84,-58.07,-992.96,262.50,-831.25,-315.0,1,94.266,
01/01/2000,01:11:18.02,21.47,-57.83,-992.35,113.75,-656.25,-288.75,1,94.267,
01/01/2000,01:11:18.03,21.35,-57.95,-992.23,157.50,-752.50,-350.0,1,94.249,
01/01/2000,01:11:18.04,21.11,-58.07,-992.47,131.25,-603.75,-341.25,1,94.250,
01/01/2000,01:11:18.05,21.23,-58.07,-992.59,113.75,-691.25,-341.25,1,94.252,
01/01/2000,01:11:18.06,21.23,-57.71,-992.59,96.25,-770.0,-218.75,1,94.253,
01/01/2000,01:11:18.07,21.47,-57.71,-992.10,236.25,-673.75,-350.0,1,94.254,
01/01/2000,01:11:18.08,21.59,-58.07,-991.98,201.25,-577.50,-288.75,1,94.255,
01/01/2000,01:11:18.10,21.47,-58.07,-991.74,306.25,-700.0,-472.50,1,94.256,
01/01/2000,01:11:18.11,21.35,-58.07,-991.49,105.0,-665.0,-402.50,1,94.257,
01/01/2000,01:11:18.12,21.23,-57.95,-991.25,218.75,-735.0,-376.25,1,94.258,
01/01/2000,01:11:18.13,21.11,-57.83,-991.62,175.0,-665.0,-227.50,1,94.259,
01/01/2000,01:11:18.14,21.11,-57.95,-992.59,218.75,-901.25,-446.25,1,94.261,
01/01/2000,01:11:18.15,21.23,-58.07,-993.69,253.75,-700.0,-218.75,1,94.262,
01/01/2000,01:11:18.16,21.35,-58.07,-994.06,61.25,-717.50,-323.75,1,94.263,
01/01/2000,01:11:18.17,21.47,-58.07,-993.57,218.75,-551.25,-341.25,1,94.245,
01/01/2000,01:11:18.18,21.47,-57.71,-992.59,131.25,-717.50,-280.0,1,94.247,
01/01/2000,01:11:18.19,21.11,-57.83,-991.74,148.75,-638.75,-306.25,1,94.248,
01/01/2000,01:11:18.20,21.23,-57.95,-991.98,245.0,-717.50,-306.25,1,94.249,
01/01/2000,01:11:18.22,21.11,-58.19,-992.84,262.50,-691.25,-428.75,1,94.250,
01/01/2000,01:11:18.23,21.23,-57.95,-993.32,192.50,-665.0,-402.50,1,94.251,
01/01/2000,01:11:18.24,21.11,-57.83,-993.08,210.0,-673.75,-306.25,1,94.252,
01/01/2000,01:11:18.25,21.23,-57.71,-992.47,192.50,-700.0,-315.0,1,94.253,
01/01/2000,01:11:18.26,21.35,-57.95,-991.86,192.50,-726.25,-332.50,1,94.254,
01/01/2000,01:11:18.27,21.35,-58.44,-990.88,96.25,-691.25,-385.0,1,94.256,
01/01/2000,01:11:18.28,20.98,-58.56,-990.52,271.25,-752.50,-376.25,1,94.257,
01/01/2000,01:11:18.29,20.86,-58.19,-991.01,78.75,-901.25,-463.75,1,94.258,
01/01/2000,01:11:18.30,20.98,-58.07,-992.10,192.50,-630.0,-385.0,1,94.259,
01/01/2000,01:11:18.31,21.47,-57.83,-994.06,148.75,-735.0,-428.75,1,94.260,
01/01/2000,01:11:18.32,21.59,-57.83,-994.91,218.75,-752.50,-262.50,1,94.261,
01/01/2000,01:11:18.33,21.96,-58.32,-994.67,210.0,-656.25,-280.0,1,94.262,
01/01/2000,01:11:18.34,22.08,-58.32,-993.57,262.50,-656.25,-376.25,1,94.263,
01/01/2000,01:11:18.35,21.84,-58.32,-991.98,140.0,-743.75,-280.0,1,94.265,
01/01/2000,01:11:18.36,21.47,-58.32,-991.62,210.0,-726.25,-428.75,1,94.266,
01/01/2000,01:11:18.37,20.98,-58.32,-991.98,113.75,-717.50,-358.75,1,94.267,
01/01/2000,01:11:18.38,20.74,-58.07,-993.08,175.0,-682.50,-297.50,1,94.250,
01/01/2000,01:11:18.39,20.74,-57.95,-994.06,175.0,-665.0,-323.75,1,94.251,
01/01/2000,01:11:18.40,20.98,-58.07,-994.30,236.25,-691.25,-306.25,1,94.252,
01/01/2000,01:11:18.41,21.23,-58.19,-994.06,253.75,-743.75,-332.50,1,94.253,
01/01/2000,01:11:18.42,21.59,-58.44,-993.57,105.0,-761.25,-455.0,1,94.254,
01/01/2000,01:11:18.43,21.47,-58.56,-992.84,113.75,-743.75,-288.75,1,94.255,
01/01/2000,01:11:18.44,21.35,-58.32,-992.10,280.0,-726.25,-463.75,1,94.256,
01/01/2000,01:11:18.46,20.62,-58.07,-991.01,262.50,-665.0,-385.0,1,94.257,
01/01/2000,01:11:18.47,20.13,-57.83,-991.01,157.50,-831.25,-323.75,1,94.258,
01/01/2000,01:11:18.48,20.01,-58.07,-991.62,227.50,-726.25,-385.0,1,94.260,
01/01/2000,01:11:18.49,20.25,-58.07,-993.32,35.0,-743.75,-367.50,1,94.261,
01/01/2000,01:11:18.50,21.23,-58.32,-994.30,253.75,-708.75,-280.0,1,94.262,
01/01/2000,01:11:18.51,21.84,-58.07,-994.54,297.50,-761.25,-490.0,1,94.263,
01/01/2000,01:11:18.52,22.20,-58.07,-993.93,367.50,-630.0,-262.50,1,94.264,
01/01/2000,01:11:18.53,21.96,-58.07,-993.32,131.25,-691.25,-350.0,1,94.265,
01/01/2000,01:11:18.54,21.72,-58.32,-992.59,280.0,-638.75,-350.0,1,94.266,
01/01/2000,01:11:18.55,21.11,-58.32,-992.10,218.75,-700.0,-402.50,1,94.267,
01/01/2000,01:11:18.56,20.86,-58.19,-991.86,227.50,-665.0,-297.50,1,94.269,
01/01/2000,01:11:18.57,20.86,-58.07,-991.86,105.0,-638.75,-393.75,1,94.270,
01/01/2000,01:11:18.58,20.86,-58.07,-992.10,210.0,-568.75,-376.25,1,94.271,
01/01/2000,01:11:18.60,21.23,-57.95,-992.35,262.50,-708.75,-350.0,1,94.254,
01/01/2000,01:11:18.60,21.47,-58.19,-992.23,271.25,-743.75,-428.75,1,94.255,
01/01/2000,01:11:18.62,21.59,-58.19,-992.10,218.75,-691.25,-358.75,1,94.256,
01/01/2000,01:11:18.63,21.59,-58.32,-991.86,131.25,-630.0,-411.25,1,94.257,
01/01/2000,01:11:18.64,21.47,-58.07,-991.37,148.75,-682.50,-393.75,1,94.258,
01/01/2000,01:11:18.65,21.23,-57.95,-991.25,87.50,-647.50,-367.50,1,94.259,
01/01/2000,01:11:18.66,21.23,-58.19,-992.23,140.0,-700.0,-411.25,1,94.260,
01/01/2000,01:11:18.67,21.47,-58.44,-993.57,43.75,-735.0,-367.50,1,94.261,
01/01/2000,01:11:18.68,21.47,-58.56,-994.30,271.25,-621.25,-332.50,1,94.262,
01/01/2000,01:11:18.69,21.84,-58.44,-994.54,253.75,-603.75,-525.0,1,94.264,
01/01/2000,01:11:18.70,21.96,-58.56,-994.54,262.50,-673.75,-288.75,1,94.265,
01/01/2000,01:11:18.71,21.72,-58.44,-994.18,78.75,-621.25,-332.50,1,94.266,
01/01/2000,01:11:18.72,21.47,-58.56,-993.08,271.25,-665.0,-385.0,1,94.249,
01/01/2000,01:11:18.74,21.11,-58.44,-992.47,175.0,-743.75,-323.75,1,94.250,
01/01/2000,01:11:18.75,20.74,-58.32,-991.86,148.75,-700.0,-446.25,1,94.251,
01/01/2000,01:11:18.76,20.86,-58.56,-991.86,253.75,-726.25,-455.0,1,94.252,
01/01/2000,01:11:18.77,20.74,-58.19,-992.23,96.25,-691.25,-210.0,1,94.253,
01/01/2000,01:11:18.78,20.86,-58.32,-992.35,148.75,-656.25,-341.25,1,94.254,
01/01/2000,01:11:18.79,21.23,-58.19,-992.35,227.50,-726.25,-323.75,1,94.255,
01/01/2000,01:11:18.80,21.35,-58.19,-992.10,210.0,-796.25,-288.75,1,94.256,
01/01/2000,01:11:18.81,21.23,-58.32,-991.49,253.75,-787.50,-297.50,1,94.258,
01/01/2000,01:11:18.82,21.23,-58.44,-991.01,236.25,-778.75,-148.75,1,94.259,
01/01/2000,01:11:18.83,21.11,-58.32,-990.76,192.50,-586.25,-297.50,1,94.260,
01/01/2000,01:11:18.84,20.98,-58.44,-991.37,306.25,-778.75,-341.25,1,94.261,
01/01/2000,01:11:18.85,20.86,-58.32,-992.71,218.75,-691.25,-367.50,1,94.262,
01/01/2000,01:11:18.86,21.35,-58.44,-993.81,201.25,-498.75,-507.50,1,94.263,
01/01/2000,01:11:18.87,21.23,-58.32,-994.06,253.75,-717.50,-297.50,1,94.264,
01/01/2000,01:11:18.88,21.59,-58.32,-993.32,0.0,-700.0,-315.0,1,94.247,
01/01/2000,01:11:18.89,21.72,-58.68,-992.96,402.50,-621.25,-280.0,1,94.248,
01/01/2000,01:11:18.90,21.59,-58.56,-992.59,183.75,-752.50,-463.75,1,94.249,
01/01/2000,01:11:18.91,21.47,-58.56,-992.23,113.75,-638.75,-385.0,1,94.250,
01/01/2000,01:11:18.92,21.47,-58.56,-991.74,245.0,-761.25,-385.0,1,94.252,
01/01/2000,01:11:18.93,20.98,-58.19,-991.25,96.25,-726.25,-341.25,1,94.253,
01/01/2000,01:11:18.95,21.23,-58.07,-991.13,140.0,-665.0,-323.75,1,94.254,
01/01/2000,01:11:18.96,21.47,-58.32,-991.25,227.50,-778.75,-481.25,1,94.255,
01/01/2000,01:11:18.97,21.47,-58.44,-991.62,113.75,-612.50,-402.50,1,94.256,
01/01/2000,01:11:18.98,21.47,-58.56,-991.01,271.25,-665.0,-411.25,1,94.257,
01/01/2000,01:11:18.99,21.47,-58.07,-988.69,0.0,-735.0,-490.0,1,94.258,
01/01/2000,01:11:19.00,20.98,-58.07,-987.10,385.0,-796.25,-350.0,1,94.259,
01/01/2000,01:11:19.01,20.86,-57.58,-985.88,26.25,-682.50,-315.0,1,94.260,
01/01/2000,01:11:19.02,21.11,-58.07,-985.03,210.0,-577.50,-323.75,1,94.262,
01/01/2000,01:11:19.03,20.86,-58.32,-984.78,218.75,-673.75,-428.75,1,94.263,
01/01/2000,01:11:19.04,20.98,-58.07,-984.78,96.25,-647.50,-350.0,1,94.264,
01/01/2000,01:11:19.05,21.11,-58.32,-985.52,271.25,-691.25,-350.0,1,94.265,
01/01/2000,01:11:19.06,20.86,-57.83,-986.49,201.25,-682.50,-271.25,1,94.266,
01/01/2000,01:11:19.07,20.86,-57.83,-987.47,122.50,-691.25,-288.75,1,94.267,
01/01/2000,01:11:19.09,21.59,-57.95,-987.96,428.75,-656.25,-306.25,1,94.250,
01/01/2000,01:11:19.10,21.96,-57.71,-986.49,0.0,-691.25,-332.50,1,94.251,
01/01/2000,01:11:19.11,21.59,-58.07,-984.05,280.0,-761.25,-52.50,1,94.252,
01/01/2000,01:11:19.12,21.47,-57.58,-981.12,113.75,-787.50,-210.0,1,94.253,
01/01/2000,01:11:19.13,20.50,-58.07,-977.95,297.50,-700.0,-376.25,1,94.254,
01/01/2000,01:11:19.14,20.25,-57.71,-977.59,-96.25,-708.75,-175.0,1,94.256,
01/01/2000,01:11:19.15,20.01,-57.83,-978.56,245.0,-892.50,-201.25,1,94.257,
01/01/2000,01:11:19.16,20.01,-57.95,-981.73,271.25,-630.0,-341.25,1,94.258,
01/01/2000,01:11:19.17,20.25,-57.71,-983.81,131.25,-638.75,-385.0,1,94.259,
01/01/2000,01:11:19.18,20.86,-57.83,-985.76,166.25,-638.75,-350.0,1,94.260,
01/01/2000,01:11:19.19,21.59,-57.83,-986.00,17.50,-603.75,-341.25,1,94.261,
01/01/2000,01:11:19.20,21.59,-58.07,-985.76,70.0,-691.25,-227.50,1,94.262,
01/01/2000,01:11:19.21,21.72,-58.32,-985.03,122.50,-700.0,-376.25,1,94.263,
01/01/2000,01:11:19.22,21.23,-58.32,-984.05,236.25,-682.50,-306.25,1,94.264,
01/01/2000,01:11:19.24,20.62,-58.07,-983.81,183.75,-717.50,-376.25,1,94.247,
01/01/2000,01:11:19.25,20.86,-57.83,-986.61,96.25,-691.25,-341.25,1,94.248,
01/01/2000,01:11:19.26,21.11,-58.07,-988.44,227.50,-665.0,-166.25,1,94.250,
01/01/2000,01:11:19.27,20.98,-57.95,-989.42,148.75,-691.25,-280.0,1,94.251,
01/01/2000,01:11:19.28,20.98,-57.95,-989.18,87.50,-682.50,-306.25,1,94.252,
01/01/2000,01:11:19.29,20.98,-57.95,-988.81,245.0,-665.0,-323.75,1,94.253,
01/01/2000,01:11:19.30,21.11,-58.07,-988.93,105.0,-700.0,-297.50,1,94.236,
01/01/2000,01:11:19.31,21.11,-58.19,-989.54,253.75,-717.50,-350.0,1,94.237,
01/01/2000,01:11:19.32,21.11,-58.07,-990.27,140.0,-752.50,-385.0,1,94.238,
01/01/2000,01:11:19.33,21.23,-57.83,-990.76,8.75,-682.50,-341.25,1,94.239,
01/01/2000,01:11:19.34,21.23,-57.83,-990.88,271.25,-743.75,-306.25,1,94.240,
01/01/2000,01:11:19.35,21.11,-57.58,-990.88,35.0,-621.25,-245.0,1,94.241,
01/01/2000,01:11:19.36,21.11,-58.07,-990.88,43.75,-656.25,-376.25,1,94.243,
01/01/2000,01:11:19.37,21.11,-58.32,-990.88,245.0,-665.0,-280.0,1,94.244,
01/01/2000,01:11:19.38,21.11,-58.32,-991.13,271.25,-682.50,-288.75,1,94.245,
01/01/2000,01:11:19.39,21.11,-58.32,-991.37,70.0,-603.75,-385.0,1,94.246,
01/01/2000,01:11:19.40,21.11,-57.95,-991.49,70.0,-691.25,-245.0,1,94.247,
01/01/2000,01:11:19.41,21.23,-58.07,-991.49,245.0,-708.75,-332.50,1,94.248,
01/01/2000,01:11:19.42,21.11,-58.07,-991.49,183.75,-656.25,-358.75,1,94.249,
01/01/2000,01:11:19.43,21.23,-58.19,-991.49,96.25,-726.25,-297.50,1,94.250,
01/01/2000,01:11:19.45,21.47,-58.56,-991.62,157.50,-682.50,-332.50,1,94.251,
01/01/2000,01:11:19.46,21.23,-58.44,-991.74,175.0,-656.25,-280.0,1,94.252,
01/01/2000,01:11:19.47,21.23,-58.32,-991.62,140.0,-673.75,-376.25,1,94.254,
01/01/2000,01:11:19.48,21.23,-57.95,-991.74,113.75,-761.25,-175.0,1,94.255,
01/01/2000,01:11:19.49,21.23,-58.07,-991.74,227.50,-708.75,-227.50,1,94.256,
01/01/2000,01:11:19.50,21.35,-58.32,-991.86,306.25,-787.50,-323.75,1,94.257,
01/01/2000,01:11:19.51,21.23,-58.56,-991.98,157.50,-708.75,-385.0,1,94.240,
01/01/2000,01:11:19.52,21.23,-58.44,-991.86,17.50,-638.75,-428.75,1,94.241,
01/01/2000,01:11:19.53,21.35,-58.32,-991.62,227.50,-726.25,-315.0,1,94.242,
01/01/2000,01:11:19.54,21.23,-58.07,-991.86,52.50,-717.50,-323.75,1,94.243,
01/01/2000,01:11:19.55,21.23,-58.19,-992.10,113.75,-735.0,-323.75,1,94.244,
01/01/2000,01:11:19.56,21.23,-58.32,-991.86,166.25,-630.0,-332.50,1,94.245,
01/01/2000,01:11:19.57,21.23,-58.32,-991.98,166.25,-682.50,-262.50,1,94.247,
01/01/2000,01:11:19.59,21.47,-58.19,-991.98,297.50,-735.0,-332.50,1,94.248,
01/01/2000,01:11:19.60,21.72,-58.19,-992.10,157.50,-700.0,-376.25,1,94.249,
01/01/2000,01:11:19.61,21.59,-58.07,-992.10,148.75,-735.0,-332.50,1,94.250,
01/01/2000,01:11:19.62,22.69,-58.07,-992.10,192.50,-621.25,-568.75,1,94.251,
01/01/2000,01:11:19.63,23.79,-58.32,-992.23,236.25,-700.0,-507.50,1,94.252,
01/01/2000,01:11:19.64,25.13,-58.19,-992.35,-35.0,-673.75,-315.0,1,94.253,
01/01/2000,01:11:19.65,26.11,-58.80,-991.74,341.25,-726.25,-341.25,1,94.254,
01/01/2000,01:11:19.66,26.84,-58.56,-990.88,131.25,-656.25,-490.0,1,94.255,
01/01/2000,01:11:19.67,27.69,-58.56,-991.62,210.0,-770.0,-481.25,1,94.256,
01/01/2000,01:11:19.68,29.04,-58.32,-992.59,210.0,-586.25,-455.0,1,94.257,
01/01/2000,01:11:19.69,29.52,-58.32,-993.57,218.75,-717.50,-262.50,1,94.259,
01/01/2000,01:11:19.70,29.52,-58.32,-993.57,315.0,-673.75,-253.75,1,94.260,
01/01/2000,01:11:19.71,29.28,-58.56,-992.84,218.75,-752.50,-210.0,1,94.261,
01/01/2000,01:11:19.73,28.30,-58.56,-991.37,210.0,-726.25,-612.50,1,94.244,
01/01/2000,01:11:19.73,28.67,-58.19,-990.64,218.75,-682.50,-647.50,1,94.245,
01/01/2000,01:11:19.75,30.13,-57.95,-991.01,113.75,-717.50,-595.0,1,94.246,
01/01/2000,01:11:19.76,33.31,-57.83,-992.23,210.0,-717.50,-446.25,1,94.247,
01/01/2000,01:11:19.77,34.89,-58.07,-992.96,113.75,-743.75,-166.25,1,94.248,
01/01/2000,01:11:19.78,35.87,-58.80,-993.32,105.0,-822.50,-323.75,1,94.249,
01/01/2000,01:11:19.79,35.01,-58.93,-993.08,113.75,-796.25,-201.25,1,94.250,
01/01/2000,01:11:19.80,33.06,-58.68,-992.71,87.50,-752.50,-297.50,1,94.234,
01/01/2000,01:11:19.81,29.40,-58.07,-991.74,175.0,-761.25,-341.25,1,94.253,
01/01/2000,01:11:19.82,27.21,-57.71,-991.37,43.75,-761.25,-358.75,1,94.236,
01/01/2000,01:11:19.83,25.86,-57.71,-991.37,446.25,-665.0,-262.50,1,94.237,
01/01/2000,01:11:19.84,25.74,-57.83,-991.74,192.50,-586.25,-682.50,1,94.238,
01/01/2000,01:11:19.85,26.60,-58.32,-991.74,122.50,-621.25,-612.50,1,94.239,
01/01/2000,01:11:19.86,28.43,-58.56,-991.86,96.25,-805.0,-481.25,1,94.240,
01/01/2000,01:11:19.87,29.04,-58.80,-992.10,43.75,-778.75,-306.25,1,94.241,
01/01/2000,01:11:19.88,28.91,-58.80,-992.35,-61.25,-708.75,-332.50,1,94.242,
01/01/2000,01:11:19.89,27.45,-58.68,-992.59,262.50,-752.50,-105.0,1,94.244,
01/01/2000,01:11:19.90,25.86,-58.07,-992.84,35.0,-656.25,-218.75,1,94.245,
01/01/2000,01:11:19.91,24.52,-58.32,-992.71,245.0,-621.25,-376.25,1,94.246,
01/01/2000,01:11:19.92,23.91,-57.95,-992.35,166.25,-647.50,-472.50,1,94.247,
01/01/2000,01:11:19.94,23.67,-57.95,-992.10,157.50,-726.25,-455.0,1,94.248,
01/01/2000,01:11:19.95,24.16,-58.56,-991.74,113.75,-735.0,-402.50,1,94.249,
01/01/2000,01:11:19.96,24.16,-58.93,-991.74,218.75,-577.50,-315.0,1,94.250,
01/01/2000,01:11:19.97,23.67,-59.17,-991.86,96.25,-735.0,-376.25,1,94.251,
01/01/2000,01:11:19.98,22.57,-59.17,-992.10,297.50,-673.75,-376.25,1,94.252,
01/01/2000,01:11:19.99,21.47,-58.44,-992.23,157.50,-673.75,-323.75,1,94.253,
01/01/2000,01:11:20.00,20.01,-58.07,-992.23,280.0,-796.25,-411.25,1,94.254,
01/01/2000,01:11:20.01,19.40,-57.95,-992.47,183.75,-656.25,-297.50,1,94.255,
01/01/2000,01:11:20.02,20.01,-57.95,-992.35,183.75,-621.25,-376.25,1,94.257,
01/01/2000,01:11:20.03,21.23,-58.32,-992.35,131.25,-682.50,-551.25,1,94.240,
01/01/2000,01:11:20.04,22.33,-58.32,-992.35,148.75,-752.50,-490.0,1,94.259,
01/01/2000,01:11:20.05,23.42,-58.44,-992.35,96.25,-796.25,-306.25,1,94.242,
01/01/2000,01:11:20.06,23.67,-58.32,-992.47,236.25,-691.25,-376.25,1,94.243,
01/01/2000,01:11:20.08,22.57,-58.07,-992.84,157.50,-656.25,-262.50,1,94.244,
01/01/2000,01:11:20.09,22.08,-57.71,-992.71,52.50,-665.0,-376.25,1,94.245,
01/01/2000,01:11:20.10,21.47,-57.95,-992.59,306.25,-726.25,-437.50,1,94.246,
01/01/2000,01:11:20.11,21.23,-57.58,-992.59,35.0,-682.50,-385.0,1,94.247,
01/01/2000,01:11:20.12,21.72,-58.07,-992.59,280.0,-735.0,-332.50,1,94.249,
01/01/2000,01:11:20.13,22.08,-58.19,-992.59,122.50,-708.75,-402.50,1,94.250,
01/01/2000,01:11:20.14,22.20,-58.32,-992.59,8.75,-717.50,-323.75,1,94.251,
01/01/2000,01:11:20.15,22.08,-58.32,-992.84,-17.50,-743.75,-306.25,1,94.252,
01/01/2000,01:11:20.16,21.35,-58.32,-992.96,0.0,-717.50,-280.0,1,94.253,
01/01/2000,01:11:20.17,20.01,-58.32,-992.35,236.25,-656.25,-315.0,1,94.254,
01/01/2000,01:11:20.18,19.15,-57.95,-992.35,140.0,-761.25,-323.75,1,94.255,
01/01/2000,01:11:20.19,19.28,-57.71,-992.10,87.50,-726.25,-341.25,1,94.256,
01/01/2000,01:11:20.20,19.76,-57.95,-992.23,227.50,-717.50,-420.0,1,94.257,
01/01/2000,01:11:20.21,20.62,-58.32,-992.23,166.25,-708.75,-385.0,1,94.258,
01/01/2000,01:11:20.22,22.33,-58.56,-992.23,166.25,-700.0,-288.75,1,94.242,
01/01/2000,01:11:20.23,23.18,-58.80,-992.47,183.75,-673.75,-507.50,1,94.243,
01/01/2000,01:11:20.24,22.94,-58.80,-992.71,192.50,-665.0,-376.25,1,94.244,
01/01/2000,01:11:20.25,22.45,-58.19,-992.47,87.50,-717.50,-227.50,1,94.245,
01/01/2000,01:11:20.27,21.35,-58.07,-992.10,253.75,-726.25,-253.75,1,94.246,
01/01/2000,01:11:20.28,20.50,-58.19,-991.86,157.50,-682.50,-393.75,1,94.247,
01/01/2000,01:11:20.29,20.98,-58.44,-991.86,262.50,-612.50,-516.25,1,94.248,
01/01/2000,01:11:20.30,21.72,-58.44,-992.10,148.75,-726.25,-402.50,1,94.249,
01/01/2000,01:11:20.31,22.45,-58.32,-992.35,140.0,-691.25,-280.0,1,94.250,
01/01/2000,01:11:20.32,23.06,-58.56,-992.35,166.25,-752.50,-332.50,1,94.251,
01/01/2000,01:11:20.33,22.69,-58.56,-992.10,262.50,-726.25,-376.25,1,94.252,
01/01/2000,01:11:20.34,21.84,-58.56,-992.10,140.0,-752.50,-183.75,1,94.254,
01/01/2000,01:11:20.35,20.25,-58.44,-991.86,175.0,-673.75,-218.75,1,94.255,
01/01/2000,01:11:20.36,19.64,-58.32,-991.74,306.25,-691.25,-507.50,1,94.238,
01/01/2000,01:11:20.37,19.03,-58.07,-992.10,122.50,-752.50,-350.0,1,94.239,
01/01/2000,01:11:20.38,19.52,-57.58,-992.23,70.0,-691.25,-463.75,1,94.240,
01/01/2000,01:11:20.39,20.98,-58.19,-992.10,306.25,-665.0,-253.75,1,94.241,
01/01/2000,01:11:20.40,21.72,-58.44,-992.10,-43.75,-577.50,-393.75,1,94.242,
01/01/2000,01:11:20.41,22.33,-58.93,-991.98,271.25,-691.25,-472.50,1,94.243,
01/01/2000,01:11:20.42,23.18,-59.05,-991.74,218.75,-700.0,-367.50,1,94.244,
01/01/2000,01:11:20.44,22.81,-58.56,-991.98,148.75,-822.50,-262.50,1,94.246,
01/01/2000,01:11:20.45,21.96,-58.32,-992.10,70.0,-770.0,-210.0,1,94.247,
01/01/2000,01:11:20.46,21.23,-58.32,-992.10,262.50,-638.75,-236.25,1,94.248,
01/01/2000,01:11:20.47,20.74,-58.07,-992.10,157.50,-717.50,-367.50,1,94.249,
01/01/2000,01:11:20.48,20.62,-58.32,-992.23,201.25,-656.25,-551.25,1,94.250,
01/01/2000,01:11:20.49,21.23,-58.07,-992.10,105.0,-691.25,-323.75,1,94.251,
01/01/2000,01:11:20.50,21.72,-58.32,-991.62,113.75,-700.0,-367.50,1,94.252,
01/01/2000,01:11:20.51,21.72,-58.56,-991.49,113.75,-866.25,-227.50,1,94.253,
01/01/2000,01:11:20.52,21.47,-58.32,-991.62,78.75,-717.50,-341.25,1,94.254,
01/01/2000,01:11:20.53,20.86,-58.19,-991.86,131.25,-586.25,-236.25,1,94.255,
01/01/2000,01:11:20.54,20.01,-58.19,-992.10,218.75,-630.0,-358.75,1,94.256,
01/01/2000,01:11:20.55,19.52,-57.95,-992.47,253.75,-630.0,-420.0,1,94.257,
01/01/2000,01:11:20.56,19.52,-57.83,-992.35,218.75,-726.25,-437.50,1,94.258,
01/01/2000,01:11:20.57,20.01,-57.71,-992.10,122.50,-630.0,-280.0,1,94.242,
01/01/2000,01:11:20.58,20.98,-58.07,-991.98,157.50,-700.0,-297.50,1,94.243,
01/01/2000,01:11:20.60,21.72,-58.19,-991.98,201.25,-673.75,-323.75,1,94.244,
01/01/2000,01:11:20.60,22.45,-58.44,-992.35,192.50,-787.50,-402.50,1,94.245,
01/01/2000,01:11:20.62,22.94,-58.44,-992.59,376.25,-656.25,-411.25,1,94.246,
01/01/2000,01:11:20.63,22.94,-58.19,-992.59,96.25,-761.25,-245.0,1,94.247,
01/01/2000,01:11:20.64,22.45,-58.07,-992.35,70.0,-761.25,-376.25,1,94.248,
01/01/2000,01:11:20.65,21.47,-57.95,-991.74,140.0,-638.75,-262.50,1,94.249,
01/01/2000,01:11:20.66,21.47,-58.07,-991.86,78.75,-647.50,-481.25,1,94.251,
01/01/2000,01:11:20.67,21.72,-58.19,-992.84,157.50,-630.0,-297.50,1,94.252,
01/01/2000,01:11:20.68,22.08,-58.19,-993.20,140.0,-673.75,-350.0,1,94.253,
01/01/2000,01:11:20.69,22.33,-58.19,-992.96,140.0,-743.75,-446.25,1,94.254,
01/01/2000,01:11:20.70,22.33,-58.07,-992.23,236.25,-691.25,-393.75,1,94.255,
01/01/2000,01:11:20.71,21.47,-58.07,-991.37,140.0,-770.0,-105.0,1,94.238,
01/01/2000,01:11:20.72,20.50,-58.19,-991.37,183.75,-621.25,-341.25,1,94.239,
01/01/2000,01:11:20.73,19.03,-58.32,-992.23,210.0,-735.0,-376.25,1,94.240,
01/01/2000,01:11:20.74,18.54,-58.19,-992.84,105.0,-682.50,-402.50,1,94.242,
01/01/2000,01:11:20.75,18.67,-58.07,-992.84,157.50,-603.75,-297.50,1,94.243,
01/01/2000,01:11:20.76,19.15,-57.58,-992.47,8.75,-647.50,-568.75,1,94.244,
01/01/2000,01:11:20.78,21.47,-57.95,-991.13,253.75,-673.75,-210.0,1,94.245,
01/01/2000,01:11:20.79,22.69,-58.80,-991.25,192.50,-656.25,-332.50,1,94.228,
01/01/2000,01:11:20.80,22.94,-58.80,-991.62,236.25,-682.50,-306.25,1,94.229,
01/01/2000,01:11:20.81,22.57,-58.80,-992.10,227.50,-840.0,-420.0,1,94.230,
01/01/2000,01:11:20.82,21.96,-58.32,-992.47,157.50,-761.25,-402.50,1,94.231,
01/01/2000,01:11:20.83,20.98,-57.34,-992.59,122.50,-647.50,-341.25,1,94.233,
01/01/2000,01:11:20.84,20.86,-57.34,-992.71,288.75,-586.25,-288.75,1,94.234,
01/01/2000,01:11:20.85,20.98,-57.46,-992.35,140.0,-752.50,-201.25,1,94.235,
01/01/2000,01:11:20.86,21.47,-58.07,-992.23,78.75,-638.75,-428.75,1,94.236,
01/01/2000,01:11:20.87,21.96,-58.68,-991.86,113.75,-770.0,-341.25,1,94.237,
01/01/2000,01:11:20.88,22.08,-58.68,-991.74,157.50,-708.75,-367.50,1,94.238,
01/01/2000,01:11:20.89,21.47,-58.56,-991.86,52.50,-708.75,-323.75,1,94.239,
01/01/2000,01:11:20.90,20.98,-58.07,-991.86,201.25,-700.0,-271.25,1,94.240,
01/01/2000,01:11:20.91,20.25,-57.83,-991.98,271.25,-708.75,-227.50,1,94.241,
01/01/2000,01:11:20.93,20.13,-57.58,-992.23,183.75,-708.75,-262.50,1,94.242,
01/01/2000,01:11:20.94,20.25,-57.95,-992.10,183.75,-735.0,-385.0,1,94.243,
01/01/2000,01:11:20.95,20.98,-58.56,-991.98,192.50,-717.50,-393.75,1,94.244,
01/01/2000,01:11:20.96,21.47,-58.68,-992.10,315.0,-682.50,-350.0,1,94.245,
01/01/2000,01:11:20.97,21.84,-58.68,-991.98,105.0,-752.50,-420.0,1,94.246,
01/01/2000,01:11:20.98,21.96,-58.44,-991.98,218.75,-700.0,-323.75,1,94.248,
01/01/2000,01:11:20.99,21.72,-57.83,-991.98,148.75,-656.25,-288.75,1,94.249,
01/01/2000,01:11:21.00,21.59,-58.07,-992.23,43.75,-691.25,-227.50,1,94.250,
01/01/2000,01:11:21.01,21.35,-58.07,-992.35,280.0,-647.50,-411.25,1,94.251,
01/01/2000,01:11:21.02,21.47,-58.32,-992.47,131.25,-560.0,-280.0,1,94.252,
01/01/2000,01:11:21.03,21.72,-58.56,-992.35,122.50,-822.50,-437.50,1,94.253,
01/01/2000,01:11:21.04,21.84,-58.44,-992.10,131.25,-717.50,-280.0,1,94.254,
01/01/2000,01:11:21.05,21.96,-58.56,-991.86,236.25,-700.0,-341.25,1,94.255,
01/01/2000,01:11:21.06,21.23,-58.32,-992.10,105.0,-647.50,-166.25,1,94.239,
01/01/2000,01:11:21.07,20.01,-58.32,-992.23,113.75,-726.25,-192.50,1,94.240,
01/01/2000,01:11:21.08,19.28,-58.19,-992.10,17.50,-691.25,-262.50,1,94.241,
01/01/2000,01:11:21.09,18.67,-58.32,-992.35,297.50,-630.0,-481.25,1,94.242,
01/01/2000,01:11:21.10,18.91,-57.83,-992.35,17.50,-586.25,-350.0,1,94.243,
01/01/2000,01:11:21.11,19.89,-58.07,-992.10,175.0,-726.25,-542.50,1,94.244,
01/01/2000,01:11:21.12,20.98,-57.95,-992.10,0.0,-726.25,-455.0,1,94.245,
01/01/2000,01:11:21.14,21.96,-58.32,-991.49,166.25,-770.0,-227.50,1,94.246,
01/01/2000,01:11:21.15,22.20,-58.80,-991.49,131.25,-787.50,-332.50,1,94.247,
01/01/2000,01:11:21.16,22.08,-58.80,-991.62,148.75,-708.75,-367.50,1,94.248,
01/01/2000,01:11:21.17,21.35,-58.44,-992.10,61.25,-656.25,-288.75,1,94.249,
01/01/2000,01:11:21.18,20.98,-58.07,-992.35,262.50,-603.75,-358.75,1,94.250,
01/01/2000,01:11:21.19,20.62,-57.95,-992.59,201.25,-700.0,-297.50,1,94.251,
01/01/2000,01:11:21.20,20.74,-57.71,-992.59,175.0,-647.50,-210.0,1,94.252,
01/01/2000,01:11:21.21,21.23,-58.19,-992.35,218.75,-735.0,-463.75,1,94.254,
01/01/2000,01:11:21.22,22.08,-58.56,-992.10,271.25,-691.25,-516.25,1,94.237,
01/01/2000,01:11:21.23,22.81,-58.32,-992.10,35.0,-726.25,-411.25,1,94.238,
01/01/2000,01:11:21.24,22.81,-58.44,-992.35,148.75,-761.25,-385.0,1,94.239,
01/01/2000,01:11:21.25,22.20,-58.07,-992.10,218.75,-691.25,-280.0,1,94.240,
01/01/2000,01:11:21.26,20.86,-58.07,-991.98,280.0,-638.75,-52.50,1,94.241,
01/01/2000,01:11:21.28,18.54,-57.95,-992.59,280.0,-700.0,-358.75,1,94.225,
01/01/2000,01:11:21.29,18.67,-57.58,-993.08,96.25,-708.75,-507.50,1,94.226,
01/01/2000,01:11:21.30,19.89,-57.71,-992.84,341.25,-708.75,-420.0,1,94.227,
01/01/2000,01:11:21.31,20.98,-57.95,-992.35,253.75,-595.0,-428.75,1,94.228,
01/01/2000,01:11:21.32,21.59,-58.07,-991.74,157.50,-656.25,-297.50,1,94.229,
01/01/2000,01:11:21.33,21.96,-58.32,-991.49,262.50,-796.25,-402.50,1,94.230,
01/01/2000,01:11:21.34,21.96,-58.19,-991.74,122.50,-673.75,-323.75,1,94.231,
01/01/2000,01:11:21.36,21.47,-57.95,-992.23,122.50,-595.0,-367.50,1,94.233,
01/01/2000,01:11:21.37,21.11,-57.83,-992.84,17.50,-638.75,-332.50,1,94.234,
01/01/2000,01:11:21.38,20.86,-57.34,-992.84,131.25,-621.25,-218.75,1,94.235,
01/01/2000,01:11:21.39,20.74,-57.46,-992.59,227.50,-673.75,-236.25,1,94.236,
01/01/2000,01:11:21.40,21.23,-57.83,-992.23,122.50,-682.50,-306.25,1,94.237,
01/01/2000,01:11:21.41,21.59,-58.07,-992.10,271.25,-761.25,-376.25,1,94.238,
01/01/2000,01:11:21.42,22.45,-58.07,-991.86,157.50,-822.50,-420.0,1,94.239,
01/01/2000,01:11:21.43,22.69,-58.44,-991.49,358.75,-735.0,-323.75,1,94.240,
01/01/2000,01:11:21.44,21.96,-58.19,-991.49,183.75,-761.25,-245.0,1,94.241,
01/01/2000,01:11:21.45,20.98,-58.19,-991.74,-43.75,-735.0,-166.25,1,94.242,
01/01/2000,01:11:21.46,20.01,-58.07,-992.10,210.0,-691.25,-306.25,1,94.243,
01/01/2000,01:11:21.47,18.06,-57.83,-992.35,218.75,-743.75,-367.50,1,94.244,
01/01/2000,01:11:21.48,18.06,-57.58,-992.59,-8.75,-752.50,-411.25,1,94.245,
01/01/2000,01:11:21.49,19.15,-57.71,-992.35,332.50,-726.25,-385.0,1,94.246,
01/01/2000,01:11:21.50,20.13,-57.95,-992.10,-61.25,-586.25,-446.25,1,94.247,
01/01/2000,01:11:21.51,21.23,-58.44,-991.86,52.50,-726.25,-350.0,1,94.231,
01/01/2000,01:11:21.52,22.69,-58.56,-991.37,17.50,-726.25,-472.50,1,94.249,
01/01/2000,01:11:21.53,23.30,-58.32,-991.37,122.50,-875.0,-297.50,1,94.233,
01/01/2000,01:11:21.54,23.06,-58.19,-991.49,61.25,-647.50,-306.25,1,94.234,
01/01/2000,01:11:21.55,22.69,-58.07,-991.49,87.50,-673.75,-288.75,1,94.235,
01/01/2000,01:11:21.57,21.47,-58.07,-992.10,157.50,-805.0,-210.0,1,94.236,
01/01/2000,01:11:21.58,20.25,-57.83,-992.47,201.25,-665.0,-402.50,1,94.237,
01/01/2000,01:11:21.59,20.25,-58.07,-992.35,253.75,-770.0,-262.50,1,94.239,
01/01/2000,01:11:21.60,20.74,-57.95,-992.23,35.0,-586.25,-376.25,1,94.240,
01/01/2000,01:11:21.61,21.35,-58.07,-991.98,280.0,-647.50,-376.25,1,94.241,
01/01/2000,01:11:21.62,21.96,-58.19,-991.62,122.50,-691.25,-393.75,1,94.242,
01/01/2000,01:11:21.63,22.20,-58.44,-991.37,210.0,-831.25,-218.75,1,94.243,
01/01/2000,01:11:21.64,20.50,-58.32,-991.49,78.75,-805.0,-131.25,1,94.244,
01/01/2000,01:11:21.65,19.52,-58.56,-991.98,253.75,-813.75,-271.25,1,94.245,
01/01/2000,01:11:21.66,19.28,-57.95,-992.59,148.75,-708.75,-507.50,1,94.246,
01/01/2000,01:11:21.67,19.03,-57.71,-992.84,166.25,-708.75,-332.50,1,94.247,
01/01/2000,01:11:21.68,20.01,-57.34,-992.96,131.25,-638.75,-262.50,1,94.248,
01/01/2000,01:11:21.69,21.35,-57.58,-992.59,8.75,-682.50,-323.75,1,94.249,
01/01/2000,01:11:21.70,22.94,-58.32,-991.86,87.50,-752.50,-393.75,1,94.233,
01/01/2000,01:11:21.71,23.18,-58.68,-991.49,262.50,-708.75,-218.75,1,94.234,
01/01/2000,01:11:21.72,23.42,-58.56,-991.25,201.25,-665.0,-428.75,1,94.235,
01/01/2000,01:11:21.73,22.81,-58.44,-991.25,175.0,-796.25,-148.75,1,94.236,
01/01/2000,01:11:21.74,20.74,-57.58,-991.74,35.0,-735.0,-297.50,1,94.237,
01/01/2000,01:11:21.75,19.52,-57.46,-992.35,210.0,-743.75,-148.75,1,94.238,
01/01/2000,01:11:21.76,19.28,-57.10,-992.84,262.50,-656.25,-218.75,1,94.239,
01/01/2000,01:11:21.78,19.40,-57.58,-993.32,148.75,-551.25,-376.25,1,94.240,
01/01/2000,01:11:21.79,20.86,-58.07,-992.84,253.75,-770.0,-332.50,1,94.224,
01/01/2000,01:11:21.80,22.45,-58.32,-992.10,201.25,-743.75,-341.25,1,94.225,
01/01/2000,01:11:21.81,22.69,-58.56,-991.62,280.0,-726.25,-350.0,1,94.226,
01/01/2000,01:11:21.82,22.33,-58.32,-991.25,87.50,-901.25,-183.75,1,94.227,
01/01/2000,01:11:21.83,21.23,-58.19,-991.37,315.0,-717.50,-70.0,1,94.228,
01/01/2000,01:11:21.85,19.28,-57.95,-992.59,227.50,-726.25,-341.25,1,94.229,
01/01/2000,01:11:21.85,18.67,-57.83,-993.45,262.50,-568.75,-411.25,1,94.230,
01/01/2000,01:11:21.87,18.91,-57.34,-993.81,218.75,-682.50,-411.25,1,94.231,
01/01/2000,01:11:21.88,20.13,-57.58,-993.45,183.75,-673.75,-157.50,1,94.233,
01/01/2000,01:11:21.89,21.11,-57.71,-992.59,78.75,-560.0,-350.0,1,94.234,
01/01/2000,01:11:21.90,21.96,-58.19,-991.62,227.50,-708.75,-332.50,1,94.235,
01/01/2000,01:11:21.91,22.94,-58.56,-991.13,105.0,-770.0,-367.50,1,94.236,
01/01/2000,01:11:21.92,22.81,-58.56,-991.25,192.50,-761.25,-376.25,1,94.237,
01/01/2000,01:11:21.93,22.20,-58.19,-991.49,140.0,-743.75,-131.25,1,94.238,
01/01/2000,01:11:21.94,21.23,-58.07,-991.86,192.50,-805.0,-218.75,1,94.239,
01/01/2000,01:11:21.95,20.13,-57.58,-992.35,35.0,-647.50,-376.25,1,94.240,
01/01/2000,01:11:21.96,19.40,-57.46,-992.84,157.50,-551.25,-306.25,1,94.241,
01/01/2000,01:11:21.97,19.76,-57.46,-992.59,271.25,-630.0,-297.50,1,94.242,
01/01/2000,01:11:21.98,20.37,-57.58,-992.35,78.75,-700.0,-367.50,1,94.243,
01/01/2000,01:11:21.99,21.72,-58.07,-991.74,280.0,-682.50,-341.25,1,94.244,
01/01/2000,01:11:22.00,22.08,-58.32,-991.13,175.0,-787.50,-315.0,1,94.245,
01/01/2000,01:11:22.01,21.47,-58.32,-990.88,-17.50,-813.75,-236.25,1,94.246,
01/01/2000,01:11:22.02,20.01,-58.56,-991.25,140.0,-770.0,-218.75,1,94.247,
01/01/2000,01:11:22.03,19.28,-57.83,-992.10,166.25,-708.75,-463.75,1,94.248,
01/01/2000,01:11:22.04,19.03,-57.46,-992.71,271.25,-647.50,-446.25,1,94.249,
01/01/2000,01:11:22.05,19.40,-57.22,-993.20,157.50,-682.50,-183.75,1,94.233,
01/01/2000,01:11:22.06,20.01,-57.22,-993.08,157.50,-595.0,-350.0,1,94.234,
01/01/2000,01:11:22.08,21.35,-58.19,-991.98,192.50,-647.50,-358.75,1,94.235,
01/01/2000,01:11:22.08,22.08,-58.44,-991.49,148.75,-656.25,-463.75,1,94.236,
01/01/2000,01:11:22.10,22.33,-58.44,-991.13,148.75,-770.0,-385.0,1,94.237,
01/01/2000,01:11:22.11,22.45,-58.32,-991.25,227.50,-752.50,-638.75,1,94.238,
01/01/2000,01:11:22.12,22.20,-58.07,-991.74,183.75,-691.25,-253.75,1,94.240,
01/01/2000,01:11:22.13,21.59,-57.34,-992.35,-26.25,-656.25,-157.50,1,94.241,
01/01/2000,01:11:22.14,20.74,-57.58,-992.35,183.75,-665.0,-105.0,1,94.242,
01/01/2000,01:11:22.15,20.62,-57.71,-992.35,148.75,-813.75,-481.25,1,94.243,
01/01/2000,01:11:22.16,20.74,-58.32,-992.23,245.0,-743.75,-350.0,1,94.244,
01/01/2000,01:11:22.17,21.35,-58.07,-991.98,148.75,-796.25,-472.50,1,94.245,
01/01/2000,01:11:22.18,22.45,-58.44,-991.62,385.0,-770.0,-341.25,1,94.246,
01/01/2000,01:11:22.19,22.45,-58.32,-991.37,148.75,-840.0,-245.0,1,94.247,
01/01/2000,01:11:22.20,21.47,-58.19,-991.49,43.75,-735.0,-376.25,1,94.231,
01/01/2000,01:11:22.21,20.37,-58.32,-991.74,113.75,-621.25,-262.50,1,94.232,
01/01/2000,01:11:22.22,19.03,-58.07,-992.35,140.0,-700.0,-385.0,1,94.233,
01/01/2000,01:11:22.23,18.54,-57.83,-993.08,17.50,-621.25,-402.50,1,94.234,
01/01/2000,01:11:22.24,18.79,-57.71,-993.32,367.50,-647.50,-463.75,1,94.235,
01/01/2000,01:11:22.25,19.52,-57.58,-993.32,17.50,-656.25,-411.25,1,94.236,
01/01/2000,01:11:22.27,21.23,-58.07,-992.59,227.50,-813.75,-516.25,1,94.237,
01/01/2000,01:11:22.28,22.20,-58.07,-991.86,17.50,-665.0,-341.25,1,94.238,
01/01/2000,01:11:22.29,22.81,-58.56,-991.25,43.75,-673.75,-463.75,1,94.239,
01/01/2000,01:11:22.30,22.81,-58.44,-991.13,210.0,-822.50,-253.75,1,94.240,
01/01/2000,01:11:22.31,21.72,-58.32,-991.62,157.50,-752.50,-315.0,1,94.224,
01/01/2000,01:11:22.32,20.62,-58.07,-992.23,148.75,-630.0,-306.25,1,94.225,
01/01/2000,01:11:22.33,19.89,-57.71,-992.84,201.25,-752.50,-245.0,1,94.226,
01/01/2000,01:11:22.34,19.52,-57.46,-993.08,288.75,-612.50,-437.50,1,94.227,
01/01/2000,01:11:22.35,20.01,-57.34,-992.96,166.25,-682.50,-332.50,1,94.228,
01/01/2000,01:11:22.36,20.86,-57.58,-992.71,17.50,-770.0,-253.75,1,94.229,
01/01/2000,01:11:22.37,21.96,-58.07,-991.86,183.75,-752.50,-253.75,1,94.230,
01/01/2000,01:11:22.38,21.72,-58.32,-991.25,227.50,-752.50,-218.75,1,94.231,
01/01/2000,01:11:22.39,21.23,-58.56,-991.13,35.0,-813.75,-341.25,1,94.233,
01/01/2000,01:11:22.40,20.50,-58.32,-991.37,105.0,-770.0,-463.75,1,94.234,
01/01/2000,01:11:22.42,20.13,-57.58,-992.35,96.25,-726.25,-297.50,1,94.235,
01/01/2000,01:11:22.43,20.13,-57.34,-992.96,157.50,-656.25,-315.0,1,94.236,
01/01/2000,01:11:22.44,20.50,-57.34,-993.08,236.25,-638.75,-288.75,1,94.237,
01/01/2000,01:11:22.45,21.23,-57.46,-992.96,271.25,-708.75,-306.25,1,94.238,
01/01/2000,01:11:22.46,22.08,-58.07,-992.10,35.0,-656.25,-262.50,1,94.239,
01/01/2000,01:11:22.47,22.69,-58.32,-991.62,411.25,-752.50,-568.75,1,94.240,
01/01/2000,01:11:22.48,22.69,-58.44,-991.13,131.25,-691.25,-280.0,1,94.241,
01/01/2000,01:11:22.49,22.08,-58.07,-991.13,87.50,-822.50,-385.0,1,94.242,
01/01/2000,01:11:22.50,21.11,-58.07,-991.49,87.50,-778.75,-315.0,1,94.243,
01/01/2000,01:11:22.51,19.64,-57.46,-992.47,122.50,-708.75,-411.25,1,94.244,
01/01/2000,01:11:22.52,19.40,-57.58,-993.20,315.0,-612.50,-332.50,1,94.245,
01/01/2000,01:11:22.53,19.52,-57.34,-993.57,113.75,-752.50,-245.0,1,94.246,
01/01/2000,01:11:22.54,20.01,-57.58,-993.32,113.75,-673.75,-280.0,1,94.247,
01/01/2000,01:11:22.55,20.98,-57.83,-992.47,131.25,-708.75,-332.50,1,94.231,
01/01/2000,01:11:22.56,21.47,-58.32,-991.86,262.50,-787.50,-271.25,1,94.232,
01/01/2000,01:11:22.57,21.11,-58.32,-991.13,148.75,-770.0,-376.25,1,94.233,
01/01/2000,01:11:22.58,20.25,-58.19,-991.25,218.75,-752.50,-533.75,1,94.234,
01/01/2000,01:11:22.59,19.52,-58.07,-991.86,227.50,-647.50,-385.0,1,94.235,
01/01/2000,01:11:22.60,19.03,-57.58,-992.47,227.50,-673.75,-393.75,1,94.236,
01/01/2000,01:11:22.62,19.40,-57.10,-993.20,140.0,-647.50,-192.50,1,94.237,
01/01/2000,01:11:22.63,20.25,-57.46,-992.84,122.50,-717.50,-341.25,1,94.238,
01/01/2000,01:11:22.64,21.23,-57.83,-992.10,148.75,-752.50,-411.25,1,94.239,
01/01/2000,01:11:22.65,21.84,-58.19,-991.25,35.0,-778.75,-376.25,1,94.240,
01/01/2000,01:11:22.66,22.45,-58.32,-990.52,201.25,-691.25,-428.75,1,94.242,
01/01/2000,01:11:22.67,22.45,-58.44,-990.52,166.25,-778.75,-385.0,1,94.243,
01/01/2000,01:11:22.68,21.72,-58.32,-991.01,105.0,-796.25,-358.75,1,94.244,
01/01/2000,01:11:22.69,20.37,-57.83,-992.23,218.75,-673.75,-463.75,1,94.228,
01/01/2000,01:11:22.70,20.01,-57.71,-993.08,227.50,-708.75,-315.0,1,94.229,
01/01/2000,01:11:22.71,20.13,-57.46,-993.57,70.0,-726.25,-288.75,1,94.230,
01/01/2000,01:11:22.72,20.74,-57.58,-993.57,131.25,-673.75,-341.25,1,94.231,
01/01/2000,01:11:22.73,21.72,-57.83,-992.59,245.0,-717.50,-420.0,1,94.232,
01/01/2000,01:11:22.74,22.08,-58.19,-991.49,245.0,-831.25,-227.50,1,94.233,
01/01/2000,01:11:22.75,21.72,-58.32,-990.64,131.25,-796.25,-288.75,1,94.234,
01/01/2000,01:11:22.77,20.74,-58.80,-990.52,175.0,-787.50,-367.50,1,94.235,
01/01/2000,01:11:22.78,19.76,-58.44,-991.37,87.50,-673.75,-358.75,1,94.236,
01/01/2000,01:11:22.79,19.28,-57.71,-993.08,245.0,-708.75,-358.75,1,94.237,
01/01/2000,01:11:22.80,19.03,-57.22,-993.57,-35.0,-595.0,-253.75,1,94.238,
01/01/2000,01:11:22.81,19.89,-57.10,-993.20,148.75,-673.75,-420.0,1,94.239,
01/01/2000,01:11:22.82,20.62,-57.46,-992.35,183.75,-778.75,-245.0,1,94.223,
01/01/2000,01:11:22.83,21.59,-58.07,-990.88,166.25,-761.25,-253.75,1,94.224,
01/01/2000,01:11:22.84,21.84,-58.56,-990.27,131.25,-682.50,-367.50,1,94.225,
01/01/2000,01:11:22.85,21.96,-58.56,-990.27,105.0,-726.25,-577.50,1,94.226,
01/01/2000,01:11:22.86,21.59,-58.32,-991.13,148.75,-682.50,-411.25,1,94.227,
01/01/2000,01:11:22.87,20.62,-57.83,-991.98,17.50,-708.75,-341.25,1,94.228,
01/01/2000,01:11:22.88,19.76,-57.46,-992.59,227.50,-752.50,-332.50,1,94.229,
01/01/2000,01:11:22.89,19.76,-57.10,-993.08,87.50,-647.50,-271.25,1,94.230,
01/01/2000,01:11:22.91,20.37,-57.34,-992.84,201.25,-673.75,-262.50,1,94.231,
01/01/2000,01:11:22.92,20.86,-57.58,-992.35,26.25,-708.75,-411.25,1,94.232,
01/01/2000,01:11:22.93,21.72,-58.07,-991.62,87.50,-708.75,-183.75,1,94.234,
01/01/2000,01:11:22.94,21.96,-58.56,-991.01,52.50,-813.75,-262.50,1,94.235,
01/01/2000,01:11:22.95,20.98,-58.80,-990.64,113.75,-752.50,-210.0,1,94.236,
01/01/2000,01:11:22.96,20.01,-58.56,-991.25,218.75,-743.75,-411.25,1,94.237,
01/01/2000,01:11:22.97,19.15,-58.07,-992.35,140.0,-735.0,-358.75,1,94.238,
01/01/2000,01:11:22.98,18.79,-57.34,-993.57,218.75,-708.75,-148.75,1,94.239,
01/01/2000,01:11:22.99,19.15,-57.10,-993.81,175.0,-621.25,-411.25,1,94.240,
01/01/2000,01:11:23.00,19.89,-57.10,-993.32,140.0,-682.50,-271.25,1,94.241,
01/01/2000,01:11:23.01,20.98,-57.83,-992.23,262.50,-630.0,-288.75,1,94.242,
01/01/2000,01:11:23.02,21.96,-58.07,-991.37,122.50,-691.25,-332.50,1,94.243,
01/01/2000,01:11:23.03,22.33,-58.56,-990.64,175.0,-726.25,-498.75,1,94.244,
01/01/2000,01:11:23.04,22.20,-58.44,-990.64,43.75,-796.25,-385.0,1,94.228,
01/01/2000,01:11:23.05,21.84,-58.32,-991.13,87.50,-770.0,-525.0,1,94.229,
01/01/2000,01:11:23.06,21.11,-57.58,-992.23,78.75,-691.25,-341.25,1,94.230,
01/01/2000,01:11:23.07,20.50,-57.34,-992.84,113.75,-735.0,-323.75,1,94.231,
01/01/2000,01:11:23.08,20.37,-57.34,-993.08,140.0,-682.50,-315.0,1,94.232,
01/01/2000,01:11:23.09,20.37,-57.71,-992.96,131.25,-621.25,-393.75,1,94.233,
01/01/2000,01:11:23.10,20.62,-57.95,-992.84,148.75,-673.75,-428.75,1,94.234,
01/01/2000,01:11:23.12,20.74,-58.32,-991.98,210.0,-726.25,-385.0,1,94.235,
01/01/2000,01:11:23.13,20.25,-58.56,-991.37,87.50,-743.75,-350.0,1,94.236,
01/01/2000,01:11:23.14,20.01,-58.44,-991.62,0.0,-761.25,-367.50,1,94.237,
01/01/2000,01:11:23.15,19.76,-58.44,-992.23,227.50,-682.50,-455.0,1,94.238,
01/01/2000,01:11:23.16,19.76,-57.71,-992.96,52.50,-735.0,-245.0,1,94.239,
01/01/2000,01:11:23.17,20.37,-57.58,-993.20,148.75,-708.75,-297.50,1,94.240,
01/01/2000,01:11:23.18,20.62,-57.58,-992.84,140.0,-752.50,-306.25,1,94.241,
01/01/2000,01:11:23.19,20.86,-58.07,-991.98,140.0,-647.50,-236.25,1,94.242,
01/01/2000,01:11:23.20,21.23,-58.32,-991.49,70.0,-700.0,-385.0,1,94.243,
01/01/2000,01:11:23.21,21.59,-58.56,-991.37,210.0,-761.25,-402.50,1,94.244,
01/01/2000,01:11:23.22,21.47,-58.32,-991.37,166.25,-761.25,-446.25,1,94.229,
01/01/2000,01:11:23.23,20.98,-58.07,-991.74,78.75,-647.50,-367.50,1,94.247,
01/01/2000,01:11:23.24,20.50,-57.71,-992.10,183.75,-770.0,-341.25,1,94.231,
01/01/2000,01:11:23.26,20.01,-57.34,-992.59,148.75,-708.75,-218.75,1,94.232,
01/01/2000,01:11:23.27,20.25,-57.46,-992.71,218.75,-612.50,-315.0,1,94.233,
01/01/2000,01:11:23.28,20.62,-57.58,-992.59,140.0,-647.50,-481.25,1,94.234,
01/01/2000,01:11:23.29,21.35,-57.83,-991.98,131.25,-665.0,-385.0,1,94.235,
01/01/2000,01:11:23.30,21.35,-58.07,-991.37,148.75,-875.0,-280.0,1,94.236,
01/01/2000,01:11:23.31,20.98,-58.07,-991.13,87.50,-682.50,-245.0,1,94.237,
01/01/2000,01:11:23.32,19.40,-58.19,-991.62,306.25,-735.0,-358.75,1,94.221,
01/01/2000,01:11:23.34,19.03,-57.58,-992.71,17.50,-691.25,-350.0,1,94.222,
01/01/2000,01:11:23.35,19.76,-57.58,-993.45,201.25,-726.25,-376.25,1,94.223,
01/01/2000,01:11:23.36,20.62,-57.34,-993.69,-17.50,-682.50,-297.50,1,94.224,
01/01/2000,01:11:23.37,20.74,-57.58,-993.32,113.75,-708.75,-175.0,1,94.225,
01/01/2000,01:11:23.38,21.23,-58.07,-992.35,218.75,-621.25,-192.50,1,94.226,
01/01/2000,01:11:23.39,21.47,-58.32,-991.25,236.25,-726.25,-446.25,1,94.227,
01/01/2000,01:11:23.40,21.72,-58.07,-991.13,52.50,-673.75,-463.75,1,94.228,
01/01/2000,01:11:23.41,21.84,-58.32,-991.49,122.50,-691.25,-323.75,1,94.229,
01/01/2000,01:11:23.42,21.47,-57.83,-992.59,0.0,-656.25,-113.75,1,94.230,
01/01/2000,01:11:23.43,20.25,-57.58,-993.08,148.75,-621.25,148.75,1,94.231,
01/01/2000,01:11:23.44,20.01,-57.46,-993.57,157.50,-621.25,122.50,1,94.232,
01/01/2000,01:11:23.45,20.25,-57.34,-993.57,96.25,-673.75,-78.75,1,94.233,
01/01/2000,01:11:23.46,20.62,-57.46,-993.32,78.75,-630.0,-236.25,1,94.235,
01/01/2000,01:11:23.47,21.11,-57.95,-992.10,140.0,-621.25,96.25,1,94.236,
01/01/2000,01:11:23.48,20.86,-58.32,-991.13,113.75,-805.0,210.0,1,94.237,
01/01/2000,01:11:23.49,20.37,-58.68,-990.88,271.25,-700.0,192.50,1,94.238,
01/01/2000,01:11:23.50,19.89,-58.93,-991.37,253.75,-673.75,-341.25,1,94.239,
01/01/2000,01:11:23.51,19.64,-58.68,-992.35,43.75,-840.0,-1268.75,1,94.240,
01/01/2000,01:11:23.52,19.64,-57.83,-993.69,183.75,-735.0,-1417.50,1,94.241,
01/01/2000,01:11:23.53,19.89,-57.22,-994.18,262.50,-743.75,-638.75,1,94.242,
01/01/2000,01:11:23.55,20.50,-56.97,-993.45,227.50,-665.0,-148.75,1,94.226,
01/01/2000,01:11:23.56,20.86,-57.10,-992.35,175.0,-665.0,-341.25,1,94.227,
01/01/2000,01:11:23.57,21.23,-57.83,-991.25,227.50,-647.50,-350.0,1,94.228,
01/01/2000,01:11:23.58,21.47,-58.56,-990.40,105.0,-787.50,-481.25,1,94.229,
01/01/2000,01:11:23.59,21.59,-58.93,-990.52,35.0,-813.75,-542.50,1,94.230,
01/01/2000,01:11:23.60,21.59,-58.80,-991.01,218.75,-743.75,-455.0,1,94.231,
01/01/2000,01:11:23.61,20.98,-58.07,-991.49,227.50,-778.75,-341.25,1,94.232,
01/01/2000,01:11:23.62,19.15,-57.46,-991.98,122.50,-735.0,-175.0,1,94.233,
01/01/2000,01:11:23.63,18.06,-57.34,-992.23,236.25,-717.50,-218.75,1,94.234,
01/01/2000,01:11:23.64,16.10,-57.83,-992.35,148.75,-787.50,-148.75,1,94.235,
01/01/2000,01:11:23.65,14.88,-58.32,-991.98,253.75,-647.50,-113.75,1,94.236,
01/01/2000,01:11:23.66,13.42,-58.80,-991.62,253.75,-735.0,-271.25,1,94.237,
01/01/2000,01:11:23.67,12.20,-58.80,-991.62,227.50,-743.75,-428.75,1,94.238,
01/01/2000,01:11:23.68,11.35,-58.56,-992.59,157.50,-770.0,-621.25,1,94.223,
01/01/2000,01:11:23.69,11.71,-57.46,-993.93,227.50,-595.0,-568.75,1,94.224,
01/01/2000,01:11:23.70,13.30,-56.85,-994.18,43.75,-796.25,-358.75,1,94.225,
01/01/2000,01:11:23.71,14.40,-57.10,-993.57,157.50,-656.25,-61.25,1,94.226,
01/01/2000,01:11:23.72,14.40,-57.10,-992.10,-8.75,-743.75,157.50,1,94.227,
01/01/2000,01:11:23.73,14.15,-57.83,-990.64,113.75,-700.0,-148.75,1,94.228,
01/01/2000,01:11:23.74,12.20,-58.56,-989.05,70.0,-840.0,-288.75,1,94.229,
01/01/2000,01:11:23.76,9.64,-58.80,-989.66,192.50,-726.25,-472.50,1,94.230,
01/01/2000,01:11:23.77,8.30,-58.44,-991.37,113.75,-726.25,-603.75,1,94.231,
01/01/2000,01:11:23.78,7.44,-57.58,-993.32,70.0,-665.0,-350.0,1,94.232,
01/01/2000,01:11:23.79,7.32,-57.10,-994.79,122.50,-630.0,-341.25,1,94.233,
01/01/2000,01:11:23.80,7.81,-56.61,-995.03,175.0,-612.50,-227.50,1,94.234,
01/01/2000,01:11:23.81,9.52,-56.73,-994.42,131.25,-621.25,-280.0,1,94.235,
01/01/2000,01:11:23.82,11.71,-57.46,-993.32,43.75,-542.50,-350.0,1,94.236,
01/01/2000,01:11:23.84,14.40,-58.80,-989.66,297.50,-848.75,-183.75,1,94.220,
01/01/2000,01:11:23.85,15.13,-59.05,-989.18,78.75,-813.75,-385.0,1,94.221,
01/01/2000,01:11:23.86,15.13,-59.05,-991.01,183.75,-743.75,-385.0,1,94.222,
01/01/2000,01:11:23.87,14.40,-58.32,-992.71,61.25,-656.25,-78.75,1,94.223,
01/01/2000,01:11:23.88,13.79,-57.71,-994.30,61.25,-621.25,-166.25,1,94.224,
01/01/2000,01:11:23.89,13.54,-57.10,-995.15,420.0,-621.25,-402.50,1,94.225,
01/01/2000,01:11:23.90,14.88,-56.36,-995.03,17.50,-612.50,-288.75,1,94.226,
01/01/2000,01:11:23.91,16.35,-56.85,-993.69,315.0,-638.75,0.0,1,94.227,
01/01/2000,01:11:23.92,17.69,-57.58,-992.10,87.50,-612.50,-245.0,1,94.228,
01/01/2000,01:11:23.93,18.54,-58.56,-990.40,245.0,-875.0,-306.25,1,94.229,
01/01/2000,01:11:23.94,19.15,-59.41,-990.27,210.0,-630.0,-411.25,1,94.230,
01/01/2000,01:11:23.95,19.03,-59.17,-991.13,227.50,-778.75,-568.75,1,94.231,
01/01/2000,01:11:23.96,18.91,-58.32,-992.23,61.25,-682.50,-507.50,1,94.232,
01/01/2000,01:11:23.97,18.42,-57.22,-992.71,201.25,-603.75,-78.75,1,94.233,
01/01/2000,01:11:23.98,18.30,-56.36,-992.71,166.25,-560.0,26.25,1,94.234,
01/01/2000,01:11:23.99,18.54,-56.36,-992.47,61.25,-577.50,-227.50,1,94.236,
01/01/2000,01:11:24.00,19.40,-56.85,-992.23,148.75,-665.0,-157.50,1,94.237,
01/01/2000,01:11:24.01,20.01,-57.58,-991.74,96.25,-638.75,-122.50,1,94.238,
01/01/2000,01:11:24.02,20.37,-58.56,-991.37,271.25,-708.75,-332.50,1,94.239,
01/01/2000,01:11:24.03,20.25,-59.05,-991.37,192.50,-726.25,-525.0,1,94.240,
01/01/2000,01:11:24.04,20.13,-58.32,-992.10,96.25,-708.75,-472.50,1,94.224,
01/01/2000,01:11:24.06,20.01,-57.83,-992.59,183.75,-761.25,-323.75,1,94.225,
01/01/2000,01:11:24.07,19.76,-56.97,-992.59,61.25,-551.25,-227.50,1,94.226,
01/01/2000,01:11:24.08,19.76,-56.85,-992.35,210.0,-586.25,-140.0,1,94.227,
01/01/2000,01:11:24.09,20.25,-57.10,-992.23,157.50,-682.50,-122.50,1,94.228,
01/01/2000,01:11:24.10,20.50,-57.95,-991.86,113.75,-735.0,-166.25,1,94.229,
01/01/2000,01:11:24.11,20.74,-58.56,-991.74,35.0,-682.50,-341.25,1,94.230,
01/01/2000,01:11:24.12,20.50,-59.05,-991.62,245.0,-831.25,-516.25,1,94.231,
01/01/2000,01:11:24.13,20.50,-58.19,-991.98,183.75,-796.25,-455.0,1,94.232,
01/01/2000,01:11:24.14,20.62,-57.95,-992.35,201.25,-708.75,-402.50,1,94.233,
01/01/2000,01:11:24.15,20.50,-57.10,-992.47,166.25,-770.0,-218.75,1,94.234,
01/01/2000,01:11:24.16,20.25,-56.97,-992.47,341.25,-656.25,-175.0,1,94.235,
01/01/2000,01:11:24.17,20.50,-57.34,-992.35,271.25,-673.75,-192.50,1,94.236,
01/01/2000,01:11:24.18,20.62,-57.95,-992.23,192.50,-665.0,-376.25,1,94.221,
01/01/2000,01:11:24.19,20.74,-58.32,-992.23,70.0,-752.50,-262.50,1,94.222,
01/01/2000,01:11:24.20,20.74,-58.44,-992.10,192.50,-612.50,-455.0,1,94.223,
01/01/2000,01:11:24.21,20.62,-58.19,-992.10,288.75,-691.25,-350.0,1,94.224,
01/01/2000,01:11:24.22,20.62,-57.95,-992.23,70.0,-708.75,-350.0,1,94.225,
01/01/2000,01:11:24.23,20.50,-57.34,-992.59,218.75,-656.25,-332.50,1,94.226,
01/01/2000,01:11:24.24,20.50,-57.34,-992.47,140.0,-682.50,-210.0,1,94.227,
01/01/2000,01:11:24.26,20.50,-57.71,-992.35,122.50,-656.25,-262.50,1,94.228,
01/01/2000,01:11:24.27,20.74,-57.83,-992.10,131.25,-717.50,-262.50,1,94.229,
01/01/2000,01:11:24.28,20.74,-58.19,-991.74,183.75,-796.25,-315.0,1,94.230,
01/01/2000,01:11:24.29,20.74,-58.19,-990.64,227.50,-700.0,-350.0,1,94.231,
01/01/2000,01:11:24.30,20.37,-57.71,-988.44,166.25,-682.50,-323.75,1,94.232,
01/01/2000,01:11:24.31,20.74,-57.46,-987.83,210.0,-638.75,-603.75,1,94.233,
01/01/2000,01:11:24.32,21.23,-57.46,-987.10,140.0,-708.75,-201.25,1,94.234,
01/01/2000,01:11:24.33,20.74,-57.34,-986.25,-8.75,-630.0,-105.0,1,94.235,
01/01/2000,01:11:24.35,20.01,-57.83,-984.78,175.0,-708.75,-218.75,1,94.219,
01/01/2000,01:11:24.36,20.13,-57.83,-984.30,122.50,-735.0,-411.25,1,94.220,
01/01/2000,01:11:24.37,20.74,-57.83,-984.66,175.0,-647.50,-271.25,1,94.221,
01/01/2000,01:11:24.38,21.23,-57.58,-985.27,166.25,-761.25,-376.25,1,94.222,
01/01/2000,01:11:24.39,21.23,-57.58,-985.52,166.25,-630.0,-113.75,1,94.223,
01/01/2000,01:11:24.40,20.62,-57.34,-984.66,131.25,-717.50,-105.0,1,94.224,
01/01/2000,01:11:24.41,20.13,-57.10,-983.56,87.50,-656.25,-175.0,1,94.225,
01/01/2000,01:11:24.42,19.76,-57.22,-981.86,201.25,-621.25,-358.75,1,94.226,
01/01/2000,01:11:24.43,19.89,-56.73,-979.05,26.25,-717.50,-315.0,1,94.227,
01/01/2000,01:11:24.44,20.50,-56.85,-977.46,61.25,-630.0,-271.25,1,94.228,
01/01/2000,01:11:24.45,20.98,-57.22,-976.98,236.25,-848.75,-210.0,1,94.229,
01/01/2000,01:11:24.46,21.47,-57.46,-977.71,105.0,-682.50,-306.25,1,94.230,
01/01/2000,01:11:24.47,21.72,-57.95,-980.88,105.0,-840.0,-175.0,1,94.231,
01/01/2000,01:11:24.48,21.23,-57.83,-983.56,157.50,-638.75,-236.25,1,94.232,
01/01/2000,01:11:24.49,20.62,-57.58,-985.76,122.50,-665.0,-227.50,1,94.233,
01/01/2000,01:11:24.50,19.64,-57.22,-986.98,175.0,-595.0,-166.25,1,94.234,
01/01/2000,01:11:24.51,18.79,-56.49,-987.22,52.50,-586.25,-271.25,1,94.235,
01/01/2000,01:11:24.52,18.79,-56.49,-986.49,78.75,-656.25,-227.50,1,94.236,
01/01/2000,01:11:24.53,20.50,-56.85,-985.39,192.50,-700.0,-463.75,1,94.221,
01/01/2000,01:11:24.54,21.59,-57.58,-985.27,131.25,-778.75,-323.75,1,94.222,
01/01/2000,01:11:24.55,22.08,-57.83,-985.15,78.75,-787.50,-210.0,1,94.223,
01/01/2000,01:11:24.56,21.59,-58.68,-985.15,271.25,-656.25,61.25,1,94.224,
01/01/2000,01:11:24.57,20.01,-58.32,-986.49,43.75,-726.25,-472.50,1,94.225,
01/01/2000,01:11:24.58,19.28,-58.07,-988.20,166.25,-752.50,-638.75,1,94.226,
01/01/2000,01:11:24.59,19.89,-56.97,-990.15,-8.75,-682.50,-638.75,1,94.227,
01/01/2000,01:11:24.61,20.98,-56.36,-992.47,262.50,-621.25,-43.75,1,94.228,
01/01/2000,01:11:24.62,21.23,-56.24,-992.47,-8.75,-743.75,166.25,1,94.229,
01/01/2000,01:11:24.63,20.50,-57.71,-990.64,201.25,-586.25,183.75,1,94.230,
01/01/2000,01:11:24.64,20.01,-58.07,-989.79,8.75,-708.75,-472.50,1,94.231,
01/01/2000,01:11:24.65,20.01,-58.68,-989.54,52.50,-638.75,-603.75,1,94.232,
01/01/2000,01:11:24.66,20.86,-58.56,-989.91,183.75,-761.25,-673.75,1,94.233,
01/01/2000,01:11:24.67,21.35,-58.07,-990.15,201.25,-796.25,-183.75,1,94.234,
01/01/2000,01:11:24.68,20.50,-56.97,-990.15,-61.25,-481.25,-122.50,1,94.219,
01/01/2000,01:11:24.69,20.01,-56.85,-990.76,210.0,-630.0,-61.25,1,94.220,
01/01/2000,01:11:24.70,20.13,-57.22,-991.86,113.75,-630.0,-306.25,1,94.221,
01/01/2000,01:11:24.71,20.50,-57.46,-992.84,52.50,-778.75,-350.0,1,94.222,
01/01/2000,01:11:24.72,20.86,-57.95,-993.08,148.75,-665.0,-262.50,1,94.223,
01/01/2000,01:11:24.73,20.98,-58.07,-992.47,140.0,-656.25,-350.0,1,94.224,
01/01/2000,01:11:24.75,20.62,-57.83,-991.37,122.50,-691.25,-411.25,1,94.225,
01/01/2000,01:11:24.76,20.74,-57.58,-991.01,78.75,-735.0,-367.50,1,94.226,
01/01/2000,01:11:24.77,20.74,-57.34,-991.13,131.25,-726.25,-315.0,1,94.227,
01/01/2000,01:11:24.78,20.74,-57.58,-991.74,148.75,-586.25,-341.25,1,94.228,
01/01/2000,01:11:24.79,20.74,-57.58,-993.81,175.0,-612.50,-332.50,1,94.229,
01/01/2000,01:11:24.80,21.23,-57.83,-994.67,87.50,-656.25,-218.75,1,94.230,
01/01/2000,01:11:24.81,20.62,-58.19,-994.67,183.75,-630.0,-297.50,1,94.231,
01/01/2000,01:11:24.82,19.76,-57.71,-993.08,70.0,-612.50,-227.50,1,94.232,
01/01/2000,01:11:24.83,20.01,-57.34,-991.86,175.0,-700.0,-297.50,1,94.233,
01/01/2000,01:11:24.84,20.50,-57.10,-990.88,52.50,-717.50,-306.25,1,94.234,
01/01/2000,01:11:24.85,20.98,-57.58,-990.27,183.75,-577.50,-288.75,1,94.218,
01/01/2000,01:11:24.87,21.47,-57.95,-990.64,43.75,-805.0,-358.75,1,94.219,
01/01/2000,01:11:24.88,21.47,-58.32,-991.13,157.50,-717.50,-315.0,1,94.220,
01/01/2000,01:11:24.89,20.98,-58.32,-991.74,201.25,-761.25,-350.0,1,94.221,
01/01/2000,01:11:24.90,20.86,-57.83,-992.47,148.75,-665.0,-262.50,1,94.222,
01/01/2000,01:11:24.91,20.74,-57.46,-992.84,78.75,-691.25,-393.75,1,94.223,
01/01/2000,01:11:24.92,20.50,-57.10,-993.08,17.50,-700.0,-315.0,1,94.224,
01/01/2000,01:11:24.93,20.50,-57.34,-992.84,175.0,-525.0,-315.0,1,94.225,
01/01/2000,01:11:24.94,20.86,-57.46,-992.84,70.0,-647.50,-393.75,1,94.226,
01/01/2000,01:11:24.95,20.98,-57.95,-993.08,78.75,-717.50,-323.75,1,94.227,
01/01/2000,01:11:24.96,21.23,-58.07,-993.20,210.0,-717.50,-428.75,1,94.228,
01/01/2000,01:11:24.97,21.47,-58.07,-993.32,192.50,-656.25,-350.0,1,94.229,
01/01/2000,01:11:24.98,20.98,-57.83,-993.08,192.50,-665.0,-271.25,1,94.230,
01/01/2000,01:11:24.99,20.86,-57.34,-992.96,26.25,-673.75,-385.0,1,94.231,
01/01/2000,01:11:25.00,20.74,-57.34,-992.71,61.25,-568.75,-236.25,1,94.232,
01/01/2000,01:11:25.01,20.74,-57.34,-992.10,35.0,-586.25,-306.25,1,94.233,
01/01/2000,01:11:25.02,20.25,-57.46,-991.49,210.0,-717.50,-192.50,1,94.234,
01/01/2000,01:11:25.03,20.25,-57.71,-990.88,70.0,-735.0,-542.50,1,94.235,
01/01/2000,01:11:25.04,20.74,-58.07,-990.88,183.75,-586.25,-393.75,1,94.236,
01/01/2000,01:11:25.05,20.74,-58.07,-991.13,140.0,-735.0,-402.50,1,94.237,
01/01/2000,01:11:25.06,20.86,-57.83,-991.62,105.0,-621.25,-437.50,1,94.238,
01/01/2000,01:11:25.07,20.98,-57.58,-991.86,236.25,-673.75,-420.0,1,94.239,
01/01/2000,01:11:25.08,20.50,-57.34,-991.86,43.75,-770.0,-218.75,1,94.240,
01/01/2000,01:11:25.09,20.01,-57.34,-992.10,183.75,-752.50,-385.0,1,94.241,
01/01/2000,01:11:25.11,20.50,-57.22,-992.59,35.0,-700.0,-280.0,1,94.226,
01/01/2000,01:11:25.12,20.86,-57.46,-992.96,131.25,-665.0,-376.25,1,94.227,
01/01/2000,01:11:25.13,20.98,-57.83,-993.08,78.75,-603.75,-455.0,1,94.228,
01/01/2000,01:11:25.14,21.11,-57.71,-993.08,43.75,-621.25,-376.25,1,94.229,
01/01/2000,01:11:25.15,21.11,-57.58,-992.23,271.25,-726.25,-253.75,1,94.230,
01/01/2000,01:11:25.16,20.98,-57.34,-991.86,35.0,-726.25,-446.25,1,94.231,
01/01/2000,01:11:25.17,20.86,-57.34,-991.98,131.25,-682.50,-192.50,1,94.232,
01/01/2000,01:11:25.18,21.11,-57.34,-992.10,70.0,-691.25,-323.75,1,94.233,
01/01/2000,01:11:25.19,20.98,-57.58,-992.35,26.25,-708.75,-323.75,1,94.234,
01/01/2000,01:11:25.20,20.98,-57.58,-992.59,43.75,-638.75,-367.50,1,94.235,
01/01/2000,01:11:25.21,20.98,-57.46,-992.47,105.0,-743.75,-297.50,1,94.236,
01/01/2000,01:11:25.22,20.74,-57.71,-992.47,280.0,-691.25,-393.75,1,94.237,
01/01/2000,01:11:25.23,20.74,-57.46,-992.47,157.50,-813.75,-358.75,1,94.238,
01/01/2000,01:11:25.24,20.74,-57.58,-992.35,157.50,-656.25,-280.0,1,94.223,
01/01/2000,01:11:25.25,20.74,-57.58,-992.35,122.50,-735.0,-385.0,1,94.224,
01/01/2000,01:11:25.26,20.62,-57.58,-992.10,140.0,-726.25,-297.50,1,94.225,
01/01/2000,01:11:25.27,20.62,-57.71,-991.74,192.50,-743.75,-367.50,1,94.226,
01/01/2000,01:11:25.28,20.62,-57.58,-991.74,70.0,-743.75,-385.0,1,94.227,
01/01/2000,01:11:25.29,20.62,-57.58,-991.86,96.25,-656.25,-437.50,1,94.228,
01/01/2000,01:11:25.30,20.62,-57.46,-992.47,35.0,-673.75,-437.50,1,94.229,
01/01/2000,01:11:25.32,20.74,-57.46,-993.20,218.75,-630.0,-315.0,1,94.230,
01/01/2000,01:11:25.33,20.62,-57.46,-993.45,183.75,-638.75,-315.0,1,94.231,
01/01/2000,01:11:25.34,20.25,-57.58,-993.32,17.50,-726.25,-306.25,1,94.232,
01/01/2000,01:11:25.35,20.25,-57.34,-992.84,131.25,-656.25,-367.50,1,94.233,
01/01/2000,01:11:25.36,20.25,-57.34,-991.86,157.50,-708.75,-306.25,1,94.218,
01/01/2000,01:11:25.37,20.74,-57.34,-991.86,105.0,-796.25,-367.50,1,94.219,
01/01/2000,01:11:25.38,21.23,-57.46,-992.35,96.25,-752.50,-323.75,1,94.220,
01/01/2000,01:11:25.39,21.35,-57.46,-992.59,166.25,-621.25,-288.75,1,94.221,
01/01/2000,01:11:25.40,21.23,-57.46,-992.59,61.25,-717.50,-271.25,1,94.222,
01/01/2000,01:11:25.41,20.98,-57.46,-992.47,87.50,-787.50,-332.50,1,94.223,
01/01/2000,01:11:25.42,20.62,-57.46,-992.23,157.50,-700.0,-236.25,1,94.224,
01/01/2000,01:11:25.44,20.50,-57.10,-991.86,236.25,-665.0,-358.75,1,94.225,
01/01/2000,01:11:25.44,20.50,-57.34,-991.62,236.25,-682.50,-306.25,1,94.225,
01/01/2000,01:11:25.46,20.86,-57.46,-991.74,113.75,-656.25,-420.0,1,94.226,
01/01/2000,01:11:25.47,20.98,-57.71,-992.10,43.75,-682.50,-218.75,1,94.227,
01/01/2000,01:11:25.48,21.23,-57.83,-992.59,140.0,-647.50,-402.50,1,94.228,
01/01/2000,01:11:25.49,20.86,-57.83,-992.59,140.0,-717.50,-385.0,1,94.229,
01/01/2000,01:11:25.50,20.62,-57.58,-992.59,236.25,-700.0,-236.25,1,94.230,
01/01/2000,01:11:25.51,20.74,-57.58,-992.59,113.75,-682.50,-420.0,1,94.231,
01/01/2000,01:11:25.52,20.50,-57.22,-992.47,70.0,-726.25,-455.0,1,94.232,
01/01/2000,01:11:25.53,20.50,-57.34,-992.59,113.75,-673.75,-306.25,1,94.233,
01/01/2000,01:11:25.54,20.98,-57.58,-993.08,52.50,-770.0,-332.50,1,94.234,
01/01/2000,01:11:25.55,21.47,-57.58,-993.57,297.50,-638.75,-420.0,1,94.235,
01/01/2000,01:11:25.56,21.47,-57.83,-993.93,-43.75,-743.75,-280.0,1,94.236,
01/01/2000,01:11:25.57,21.23,-57.83,-993.69,227.50,-603.75,-323.75,1,94.237,
01/01/2000,01:11:25.58,20.86,-57.34,-992.96,-26.25,-665.0,-332.50,1,94.238,
01/01/2000,01:11:25.59,20.50,-57.10,-992.10,105.0,-656.25,-297.50,1,94.223,
01/01/2000,01:11:25.60,20.50,-57.34,-991.62,157.50,-533.75,-367.50,1,94.224,
01/01/2000,01:11:25.61,20.86,-57.34,-991.37,227.50,-595.0,-455.0,1,94.225,
01/01/2000,01:11:25.62,20.86,-57.46,-991.62,148.75,-787.50,-437.50,1,94.226,
01/01/2000,01:11:25.63,21.11,-57.58,-991.86,131.25,-752.50,-490.0,1,94.227,
01/01/2000,01:11:25.64,21.11,-57.34,-992.47,175.0,-717.50,-262.50,1,94.228,
01/01/2000,01:11:25.65,20.98,-57.34,-992.96,271.25,-761.25,-393.75,1,94.229,
01/01/2000,01:11:25.67,20.74,-56.85,-992.84,61.25,-638.75,-227.50,1,94.230,
01/01/2000,01:11:25.68,20.62,-56.85,-992.47,122.50,-682.50,-358.75,1,94.231,
01/01/2000,01:11:25.69,20.37,-56.85,-992.35,288.75,-638.75,-236.25,1,94.232,
01/01/2000,01:11:25.70,20.62,-57.10,-992.35,61.25,-726.25,-367.50,1,94.233,
01/01/2000,01:11:25.71,20.74,-57.34,-992.47,148.75,-630.0,-323.75,1,94.234,
01/01/2000,01:11:25.72,21.23,-57.46,-992.84,113.75,-665.0,-472.50,1,94.235,
01/01/2000,01:11:25.73,21.35,-57.58,-993.20,148.75,-752.50,-350.0,1,94.236,
01/01/2000,01:11:25.74,21.47,-57.10,-993.69,236.25,-708.75,-350.0,1,94.221,
01/01/2000,01:11:25.75,21.23,-57.10,-993.93,297.50,-700.0,-446.25,1,94.222,
01/01/2000,01:11:25.76,20.98,-56.61,-994.06,35.0,-717.50,-271.25,1,94.223,
01/01/2000,01:11:25.77,20.62,-56.85,-993.32,148.75,-621.25,-297.50,1,94.224,
01/01/2000,01:11:25.78,20.50,-57.10,-992.59,175.0,-568.75,-367.50,1,94.225,
01/01/2000,01:11:25.79,20.25,-57.10,-991.62,87.50,-796.25,-428.75,1,94.226,
01/01/2000,01:11:25.81,20.50,-57.46,-990.88,26.25,-787.50,-192.50,1,94.227,
01/01/2000,01:11:25.82,20.98,-57.46,-991.49,26.25,-787.50,-463.75,1,94.228,
01/01/2000,01:11:25.83,21.23,-57.34,-992.35,201.25,-656.25,-481.25,1,94.229,
01/01/2000,01:11:25.84,21.47,-57.46,-993.32,140.0,-612.50,-350.0,1,94.230,
01/01/2000,01:11:25.85,21.23,-57.10,-993.81,227.50,-595.0,-323.75,1,94.231,
01/01/2000,01:11:25.86,20.74,-57.10,-993.69,26.25,-708.75,-227.50,1,94.232,
01/01/2000,01:11:25.88,19.89,-56.85,-992.23,157.50,-682.50,-253.75,1,94.217,
01/01/2000,01:11:25.89,20.25,-56.97,-991.98,70.0,-743.75,-376.25,1,94.218,
01/01/2000,01:11:25.90,21.11,-57.34,-992.10,122.50,-726.25,-376.25,1,94.219,
01/01/2000,01:11:25.91,21.47,-57.58,-992.35,201.25,-673.75,-332.50,1,94.220,
01/01/2000,01:11:25.92,21.72,-57.46,-992.84,210.0,-603.75,-437.50,1,94.221,
01/01/2000,01:11:25.93,21.47,-57.46,-993.08,262.50,-691.25,-253.75,1,94.222,
01/01/2000,01:11:25.94,20.98,-56.85,-993.45,262.50,-673.75,-315.0,1,94.223,
01/01/2000,01:11:25.95,20.50,-57.10,-993.32,271.25,-568.75,-175.0,1,94.224,
01/01/2000,01:11:25.96,20.50,-56.73,-993.08,35.0,-603.75,-402.50,1,94.225,
01/01/2000,01:11:25.97,20.25,-56.97,-992.10,218.75,-682.50,-367.50,1,94.226,
01/01/2000,01:11:25.98,20.50,-56.85,-991.62,-87.50,-647.50,-350.0,1,94.227,
01/01/2000,01:11:25.99,20.74,-57.46,-991.37,271.25,-708.75,-341.25,1,94.228,
01/01/2000,01:11:26.00,21.11,-57.34,-991.37,183.75,-630.0,-367.50,1,94.228,
01/01/2000,01:11:26.01,21.23,-57.46,-991.74,192.50,-568.75,-411.25,1,94.229,
01/01/2000,01:11:26.02,21.23,-57.22,-992.10,253.75,-770.0,-402.50,1,94.214,
01/01/2000,01:11:26.03,20.98,-57.10,-992.59,43.75,-665.0,-245.0,1,94.215,
01/01/2000,01:11:26.04,20.98,-56.97,-992.71,157.50,-770.0,-227.50,1,94.216,
01/01/2000,01:11:26.05,20.50,-57.10,-992.35,148.75,-708.75,-227.50,1,94.217,
01/01/2000,01:11:26.06,20.50,-56.97,-992.10,-8.75,-673.75,-350.0,1,94.218,
01/01/2000,01:11:26.07,20.74,-57.34,-991.98,183.75,-752.50,-297.50,1,94.219,
01/01/2000,01:11:26.08,20.98,-57.46,-992.23,157.50,-603.75,-376.25,1,94.220,
01/01/2000,01:11:26.10,21.35,-57.71,-992.71,166.25,-743.75,-262.50,1,94.221,
01/01/2000,01:11:26.11,21.11,-57.34,-992.84,35.0,-621.25,-332.50,1,94.222,
01/01/2000,01:11:26.12,20.74,-57.34,-992.84,210.0,-656.25,-218.75,1,94.223,
01/01/2000,01:11:26.13,20.50,-57.10,-992.84,148.75,-708.75,-376.25,1,94.224,
01/01/2000,01:11:26.14,20.50,-57.10,-992.84,201.25,-700.0,-271.25,1,94.225,
01/01/2000,01:11:26.15,20.62,-57.10,-993.32,271.25,-717.50,-376.25,1,94.226,
01/01/2000,01:11:26.16,20.98,-57.58,-994.06,78.75,-691.25,-227.50,1,94.227,
01/01/2000,01:11:26.17,20.86,-57.58,-993.57,-122.50,-638.75,-393.75,1,94.228,
01/01/2000,01:11:26.18,20.98,-57.46,-992.84,131.25,-665.0,-428.75,1,94.229,
01/01/2000,01:11:26.19,20.86,-57.58,-992.10,210.0,-691.25,-245.0,1,94.230,
01/01/2000,01:11:26.20,20.74,-57.34,-991.37,218.75,-761.25,-367.50,1,94.231,
01/01/2000,01:11:26.21,20.62,-57.34,-991.01,280.0,-735.0,-420.0,1,94.232,
01/01/2000,01:11:26.22,20.50,-57.22,-990.88,113.75,-647.50,-315.0,1,94.233,
01/01/2000,01:11:26.23,20.50,-57.34,-991.25,113.75,-822.50,-323.75,1,94.218,
01/01/2000,01:11:26.25,20.74,-57.34,-991.86,183.75,-743.75,-402.50,1,94.219,
01/01/2000,01:11:26.26,20.98,-57.46,-992.71,183.75,-673.75,-350.0,1,94.220,
01/01/2000,01:11:26.27,21.11,-57.34,-993.32,122.50,-673.75,-402.50,1,94.221,
01/01/2000,01:11:26.28,20.98,-57.22,-993.08,43.75,-665.0,-280.0,1,94.222,
01/01/2000,01:11:26.29,20.74,-56.97,-992.47,210.0,-708.75,-297.50,1,94.223,
01/01/2000,01:11:26.30,20.74,-56.97,-992.10,218.75,-630.0,-350.0,1,94.224,
01/01/2000,01:11:26.31,20.98,-57.10,-991.62,183.75,-726.25,-323.75,1,94.225,
01/01/2000,01:11:26.32,21.11,-57.22,-991.74,17.50,-743.75,-288.75,1,94.226,
01/01/2000,01:11:26.33,21.47,-57.22,-992.59,122.50,-735.0,-463.75,1,94.227,
01/01/2000,01:11:26.34,21.59,-57.10,-993.57,131.25,-708.75,-385.0,1,94.228,
01/01/2000,01:11:26.35,22.20,-57.10,-994.30,113.75,-673.75,-411.25,1,94.229,
01/01/2000,01:11:26.36,21.35,-56.97,-994.18,113.75,-638.75,-192.50,1,94.230,
01/01/2000,01:11:26.37,20.37,-56.61,-992.71,8.75,-621.25,-280.0,1,94.215,
01/01/2000,01:11:26.39,19.76,-56.49,-990.76,113.75,-700.0,-350.0,1,94.216,
01/01/2000,01:11:26.40,20.25,-57.10,-990.40,218.75,-682.50,-358.75,1,94.217,
01/01/2000,01:11:26.41,20.62,-57.34,-990.52,157.50,-761.25,-341.25,1,94.218,
01/01/2000,01:11:26.42,20.98,-57.58,-991.25,157.50,-805.0,-332.50,1,94.219,
01/01/2000,01:11:26.43,21.23,-57.58,-991.98,78.75,-752.50,-420.0,1,94.220,
01/01/2000,01:11:26.44,20.98,-57.22,-992.59,245.0,-630.0,-175.0,1,94.221,
01/01/2000,01:11:26.45,20.62,-56.73,-992.71,52.50,-708.75,-201.25,1,94.222,
01/01/2000,01:11:26.46,20.37,-56.61,-992.59,113.75,-708.75,-218.75,1,94.223,
01/01/2000,01:11:26.47,20.50,-56.61,-992.84,35.0,-700.0,-350.0,1,94.224,
01/01/2000,01:11:26.48,20.62,-56.85,-993.20,140.0,-673.75,-280.0,1,94.225,
01/01/2000,01:11:26.49,20.86,-57.22,-993.32,87.50,-621.25,-280.0,1,94.226,
01/01/2000,01:11:26.50,21.11,-57.34,-993.20,227.50,-630.0,-455.0,1,94.227,
01/01/2000,01:11:26.51,21.23,-57.34,-993.08,17.50,-717.50,-376.25,1,94.228,
01/01/2000,01:11:26.52,21.35,-57.22,-993.08,131.25,-735.0,-332.50,1,94.229,
01/01/2000,01:11:26.53,21.35,-56.97,-993.20,183.75,-656.25,-288.75,1,94.229,
01/01/2000,01:11:26.54,21.47,-56.85,-993.57,78.75,-700.0,-227.50,1,94.230,
01/01/2000,01:11:26.55,21.47,-57.10,-993.93,131.25,-673.75,-385.0,1,94.231,
01/01/2000,01:11:26.56,20.86,-57.10,-993.45,78.75,-735.0,-140.0,1,94.232,
01/01/2000,01:11:26.57,20.25,-57.34,-992.35,113.75,-595.0,-253.75,1,94.233,
01/01/2000,01:11:26.58,19.52,-57.10,-990.40,271.25,-700.0,-315.0,1,94.218,
01/01/2000,01:11:26.60,19.64,-56.85,-989.79,-17.50,-621.25,-490.0,1,94.219,
01/01/2000,01:11:26.61,20.25,-57.10,-990.52,201.25,-717.50,-481.25,1,94.220,
01/01/2000,01:11:26.62,21.35,-57.10,-991.37,148.75,-638.75,-315.0,1,94.221,
01/01/2000,01:11:26.63,21.47,-57.34,-992.10,297.50,-726.25,-385.0,1,94.222,
01/01/2000,01:11:26.64,21.47,-57.10,-992.35,70.0,-673.75,-157.50,1,94.223,
01/01/2000,01:11:26.65,20.98,-56.97,-992.23,35.0,-752.50,-323.75,1,94.224,
01/01/2000,01:11:26.66,20.37,-56.61,-991.86,148.75,-673.75,-210.0,1,94.225,
01/01/2000,01:11:26.67,20.13,-56.85,-991.62,157.50,-691.25,-341.25,1,94.226,
01/01/2000,01:11:26.68,20.74,-57.10,-992.10,96.25,-743.75,-376.25,1,94.227,
01/01/2000,01:11:26.69,21.23,-56.97,-992.84,70.0,-691.25,-411.25,1,94.228,
01/01/2000,01:11:26.70,21.59,-57.22,-993.32,113.75,-787.50,-376.25,1,94.229,
01/01/2000,01:11:26.71,21.35,-57.10,-993.45,70.0,-647.50,-367.50,1,94.230,
01/01/2000,01:11:26.72,20.74,-56.97,-993.32,227.50,-717.50,-253.75,1,94.231,
01/01/2000,01:11:26.73,20.74,-56.73,-993.81,148.75,-691.25,-350.0,1,94.216,
01/01/2000,01:11:26.74,20.98,-56.97,-993.93,201.25,-813.75,-236.25,1,94.217,
01/01/2000,01:11:26.75,20.98,-56.97,-993.69,227.50,-630.0,-367.50,1,94.218,
01/01/2000,01:11:26.76,20.50,-57.10,-992.71,166.25,-813.75,-367.50,1,94.219,
01/01/2000,01:11:26.77,20.25,-56.85,-990.88,183.75,-665.0,-297.50,1,94.220,
01/01/2000,01:11:26.78,20.13,-57.10,-990.27,35.0,-787.50,-297.50,1,94.221,
01/01/2000,01:11:26.80,21.11,-57.10,-990.64,17.50,-665.0,-472.50,1,94.222,
01/01/2000,01:11:26.81,21.47,-57.58,-991.49,341.25,-708.75,-455.0,1,94.223,
01/01/2000,01:11:26.82,21.59,-57.10,-992.35,157.50,-726.25,-140.0,1,94.224,
01/01/2000,01:11:26.83,21.47,-57.22,-993.08,157.50,-665.0,-43.75,1,94.225,
01/01/2000,01:11:26.84,20.98,-56.97,-993.08,61.25,-595.0,61.25,1,94.226,
01/01/2000,01:11:26.85,20.62,-56.61,-992.59,105.0,-708.75,122.50,1,94.227,
01/01/2000,01:11:26.86,20.50,-56.36,-992.23,96.25,-673.75,-778.75,1,94.228,
01/01/2000,01:11:26.87,20.86,-56.85,-992.23,183.75,-708.75,-910.0,1,94.229,
01/01/2000,01:11:26.88,21.11,-56.85,-992.59,35.0,-805.0,-52.50,1,94.230,
01/01/2000,01:11:26.90,21.23,-57.22,-992.59,288.75,-673.75,-175.0,1,94.215,
01/01/2000,01:11:26.91,21.23,-56.73,-992.47,43.75,-682.50,-428.75,1,94.216,
01/01/2000,01:11:26.92,20.98,-56.73,-992.10,148.75,-682.50,-350.0,1,94.217,
01/01/2000,01:11:26.93,20.98,-56.49,-992.35,61.25,-726.25,-358.75,1,94.218,
01/01/2000,01:11:26.94,21.23,-56.61,-993.45,87.50,-822.50,-393.75,1,94.219,
01/01/2000,01:11:26.95,21.35,-56.73,-994.06,113.75,-542.50,-350.0,1,94.220,
01/01/2000,01:11:26.96,21.23,-57.10,-993.93,306.25,-665.0,-428.75,1,94.221,
01/01/2000,01:11:26.97,20.62,-56.97,-992.47,113.75,-708.75,-253.75,1,94.222,
01/01/2000,01:11:26.98,20.01,-56.73,-991.25,78.75,-778.75,-288.75,1,94.223,
01/01/2000,01:11:26.99,20.13,-56.61,-990.52,70.0,-708.75,-315.0,1,94.224,
01/01/2000,01:11:27.00,20.25,-56.73,-990.27,78.75,-717.50,-551.25,1,94.225,
01/01/2000,01:11:27.01,20.74,-56.85,-990.88,113.75,-717.50,-253.75,1,94.226,
01/01/2000,01:11:27.02,21.23,-56.85,-991.49,280.0,-603.75,-70.0,1,94.227,
01/01/2000,01:11:27.03,21.23,-57.22,-991.98,183.75,-682.50,-26.25,1,94.228,
01/01/2000,01:11:27.04,20.98,-56.97,-992.47,210.0,-761.25,70.0,1,94.229,
01/01/2000,01:11:27.05,20.98,-56.61,-992.84,157.50,-656.25,-245.0,1,94.229,
01/01/2000,01:11:27.06,21.11,-56.36,-993.20,61.25,-735.0,-551.25,1,94.230,
01/01/2000,01:11:27.07,20.98,-56.24,-993.08,-17.50,-708.75,-218.75,1,94.231,
01/01/2000,01:11:27.08,20.86,-56.24,-992.23,-113.75,-682.50,-341.25,1,94.232,
01/01/2000,01:11:27.09,20.74,-56.49,-991.86,288.75,-700.0,-621.25,1,94.233,
01/01/2000,01:11:27.10,20.98,-56.61,-991.86,157.50,-778.75,-866.25,1,94.234,
01/01/2000,01:11:27.11,21.35,-56.85,-992.10,96.25,-577.50,-612.50,1,94.220,
01/01/2000,01:11:27.12,21.59,-56.85,-992.47,61.25,-673.75,-78.75,1,94.236,
01/01/2000,01:11:27.13,21.84,-56.85,-993.57,157.50,-726.25,-341.25,1,94.221,
01/01/2000,01:11:27.14,22.08,-56.73,-994.54,122.50,-595.0,-385.0,1,94.222,
01/01/2000,01:11:27.16,21.96,-56.24,-994.79,148.75,-665.0,-288.75,1,94.223,
01/01/2000,01:11:27.17,21.47,-56.36,-993.93,87.50,-656.25,-192.50,1,94.224,
01/01/2000,01:11:27.18,20.62,-56.24,-992.59,175.0,-743.75,-315.0,1,94.225,
01/01/2000,01:11:27.19,19.89,-56.36,-990.40,201.25,-665.0,-367.50,1,94.226,
01/01/2000,01:11:27.20,19.52,-56.61,-989.79,140.0,-743.75,-595.0,1,94.227,
01/01/2000,01:11:27.21,19.76,-56.97,-990.03,87.50,-743.75,-682.50,1,94.228,
01/01/2000,01:11:27.22,20.50,-57.22,-991.74,253.75,-665.0,-192.50,1,94.229,
01/01/2000,01:11:27.23,20.74,-56.97,-993.20,227.50,-796.25,-70.0,1,94.230,
01/01/2000,01:11:27.24,20.98,-56.61,-993.93,140.0,-673.75,-323.75,1,94.231,
01/01/2000,01:11:27.25,20.86,-56.36,-993.81,87.50,-551.25,-297.50,1,94.232,
01/01/2000,01:11:27.26,20.50,-56.24,-993.20,201.25,-682.50,-227.50,1,94.233,
01/01/2000,01:11:27.27,20.25,-56.36,-992.10,-26.25,-778.75,-210.0,1,94.234,
01/01/2000,01:11:27.28,20.37,-56.73,-991.25,122.50,-700.0,-306.25,1,94.235,
01/01/2000,01:11:27.29,20.74,-57.10,-991.01,175.0,-752.50,-490.0,1,94.220,
01/01/2000,01:11:27.30,21.59,-57.34,-992.10,78.75,-743.75,-332.50,1,94.221,
01/01/2000,01:11:27.31,21.96,-56.97,-993.08,87.50,-778.75,-402.50,1,94.222,
01/01/2000,01:11:27.32,21.96,-56.73,-993.81,122.50,-778.75,-332.50,1,94.223,
01/01/2000,01:11:27.33,21.72,-56.61,-994.18,43.75,-752.50,-183.75,1,94.224,
01/01/2000,01:11:27.34,21.47,-56.49,-994.67,140.0,-656.25,-358.75,1,94.225,
01/01/2000,01:11:27.35,20.98,-56.73,-994.54,245.0,-577.50,-315.0,1,94.226,
01/01/2000,01:11:27.37,20.74,-56.73,-993.32,-61.25,-656.25,-262.50,1,94.227,
01/01/2000,01:11:27.38,20.37,-56.85,-992.35,166.25,-691.25,-350.0,1,94.228,
01/01/2000,01:11:27.39,20.01,-56.73,-991.13,183.75,-726.25,-358.75,1,94.229,
01/01/2000,01:11:27.40,19.64,-56.61,-989.79,43.75,-743.75,-525.0,1,94.214,
01/01/2000,01:11:27.41,19.76,-56.49,-990.03,183.75,-761.25,-358.75,1,94.215,
01/01/2000,01:11:27.42,20.50,-56.49,-991.37,61.25,-743.75,-455.0,1,94.216,
01/01/2000,01:11:27.44,21.23,-56.61,-992.84,192.50,-647.50,-262.50,1,94.217,
01/01/2000,01:11:27.44,21.72,-56.73,-994.18,122.50,-647.50,-367.50,1,94.218,
01/01/2000,01:11:27.46,21.35,-56.85,-994.18,131.25,-673.75,-315.0,1,94.219,
01/01/2000,01:11:27.47,20.74,-56.61,-993.32,148.75,-682.50,-245.0,1,94.220,
01/01/2000,01:11:27.48,20.25,-56.61,-992.23,87.50,-743.75,-271.25,1,94.221,
01/01/2000,01:11:27.49,19.89,-56.61,-991.37,166.25,-778.75,-306.25,1,94.222,
01/01/2000,01:11:27.50,20.62,-56.85,-991.74,131.25,-708.75,-271.25,1,94.223,
01/01/2000,01:11:27.51,21.35,-56.97,-992.59,183.75,-735.0,-428.75,1,94.224,
01/01/2000,01:11:27.52,21.59,-57.10,-993.20,148.75,-761.25,-253.75,1,94.225,
01/01/2000,01:11:27.53,21.72,-56.85,-993.32,70.0,-743.75,-288.75,1,94.226,
01/01/2000,01:11:27.54,21.35,-56.73,-993.20,280.0,-630.0,-236.25,1,94.227,
01/01/2000,01:11:27.55,21.23,-56.61,-993.20,-17.50,-770.0,-297.50,1,94.228,
01/01/2000,01:11:27.56,21.47,-56.61,-993.45,96.25,-621.25,-262.50,1,94.229,
01/01/2000,01:11:27.57,21.59,-56.61,-993.57,-43.75,-586.25,-288.75,1,94.229,
01/01/2000,01:11:27.58,20.86,-56.85,-992.35,288.75,-621.25,-245.0,1,94.230,
01/01/2000,01:11:27.59,20.37,-56.73,-990.88,-8.75,-787.50,-315.0,1,94.231,
01/01/2000,01:11:27.60,20.01,-56.61,-989.79,183.75,-708.75,-350.0,1,94.232,
01/01/2000,01:11:27.61,20.13,-56.36,-989.54,0.0,-735.0,-367.50,1,94.233,
01/01/2000,01:11:27.62,20.37,-56.61,-990.76,148.75,-630.0,-402.50,1,94.234,
01/01/2000,01:11:27.63,20.74,-56.73,-991.98,210.0,-665.0,-358.75,1,94.235,
01/01/2000,01:11:27.65,20.50,-56.97,-993.32,183.75,-787.50,-455.0,1,94.221,
01/01/2000,01:11:27.66,20.01,-56.61,-993.45,122.50,-612.50,-297.50,1,94.222,
01/01/2000,01:11:27.67,19.28,-56.36,-992.84,157.50,-691.25,-350.0,1,94.223,
01/01/2000,01:11:27.68,19.28,-56.24,-991.86,122.50,-726.25,-411.25,1,94.223,
01/01/2000,01:11:27.69,20.25,-56.24,-991.37,140.0,-691.25,-402.50,1,94.224,
01/01/2000,01:11:27.70,21.47,-56.49,-991.86,96.25,-761.25,-516.25,1,94.225,
01/01/2000,01:11:27.71,22.57,-57.10,-992.35,288.75,-735.0,-236.25,1,94.226,
01/01/2000,01:11:27.72,22.81,-57.10,-992.84,201.25,-708.75,-192.50,1,94.227,
01/01/2000,01:11:27.73,21.96,-57.10,-992.59,148.75,-813.75,-306.25,1,94.228,
01/01/2000,01:11:27.74,21.23,-56.85,-992.10,105.0,-638.75,-245.0,1,94.229,
01/01/2000,01:11:27.75,20.25,-56.49,-992.23,192.50,-752.50,-341.25,1,94.230,
01/01/2000,01:11:27.76,20.62,-56.36,-992.96,17.50,-673.75,-446.25,1,94.231,
01/01/2000,01:11:27.77,21.23,-56.49,-993.81,26.25,-691.25,-498.75,1,94.232,
01/01/2000,01:11:27.78,21.47,-56.85,-994.06,96.25,-630.0,-227.50,1,94.233,
01/01/2000,01:11:27.79,21.35,-56.85,-993.20,87.50,-612.50,17.50,1,94.218,
01/01/2000,01:11:27.80,20.62,-56.61,-991.49,210.0,-761.25,-420.0,1,94.219,
01/01/2000,01:11:27.81,20.25,-56.36,-990.88,61.25,-735.0,-498.75,1,94.220,
01/01/2000,01:11:27.82,20.25,-56.49,-990.76,210.0,-796.25,-472.50,1,94.221,
01/01/2000,01:11:27.83,20.50,-56.36,-991.25,122.50,-717.50,-358.75,1,94.222,
01/01/2000,01:11:27.84,20.74,-56.73,-991.86,245.0,-665.0,-306.25,1,94.223,
01/01/2000,01:11:27.86,20.74,-56.97,-991.86,245.0,-770.0,-262.50,1,94.224,
01/01/2000,01:11:27.87,20.37,-56.85,-991.86,245.0,-717.50,-420.0,1,94.225,
01/01/2000,01:11:27.88,20.37,-56.85,-991.98,175.0,-726.25,61.25,1,94.226,
01/01/2000,01:11:27.89,20.74,-56.85,-992.47,192.50,-673.75,113.75,1,94.227,
01/01/2000,01:11:27.90,20.86,-56.49,-992.71,166.25,-700.0,-288.75,1,94.228,
01/01/2000,01:11:27.91,20.86,-56.49,-992.59,-17.50,-630.0,-70.0,1,94.229,
01/01/2000,01:11:27.92,20.37,-56.73,-992.35,78.75,-726.25,-358.75,1,94.214,
01/01/2000,01:11:27.93,20.50,-56.85,-992.23,43.75,-691.25,-236.25,1,94.215,
01/01/2000,01:11:27.94,20.74,-56.97,-992.47,210.0,-682.50,-201.25,1,94.216,
01/01/2000,01:11:27.95,20.98,-56.61,-992.71,218.75,-638.75,-175.0,1,94.217,
01/01/2000,01:11:27.96,21.35,-56.49,-993.32,70.0,-708.75,-402.50,1,94.218,
01/01/2000,01:11:27.97,21.96,-56.12,-994.18,105.0,-682.50,-376.25,1,94.219,
01/01/2000,01:11:27.98,22.33,-56.12,-994.79,131.25,-761.25,-490.0,1,94.220,
01/01/2000,01:11:27.99,21.96,-56.24,-994.30,131.25,-560.0,-140.0,1,94.221,
01/01/2000,01:11:28.01,21.23,-56.36,-993.32,148.75,-787.50,-113.75,1,94.222,
01/01/2000,01:11:28.02,20.37,-56.49,-991.62,183.75,-647.50,-332.50,1,94.223,
01/01/2000,01:11:28.03,19.52,-56.73,-991.01,96.25,-752.50,-560.0,1,94.224,
01/01/2000,01:11:28.04,19.52,-56.73,-991.13,122.50,-726.25,-621.25,1,94.225,
01/01/2000,01:11:28.05,20.01,-56.85,-991.74,26.25,-708.75,-402.50,1,94.226,
01/01/2000,01:11:28.06,20.50,-56.61,-992.59,61.25,-603.75,-376.25,1,94.227,
01/01/2000,01:11:28.07,21.35,-56.61,-993.81,183.75,-708.75,-393.75,1,94.228,
01/01/2000,01:11:28.08,21.72,-56.36,-993.57,131.25,-752.50,-192.50,1,94.229,
01/01/2000,01:11:28.09,21.35,-56.49,-993.08,192.50,-647.50,-183.75,1,94.230,
01/01/2000,01:11:28.10,20.98,-56.36,-992.35,-61.25,-761.25,-341.25,1,94.230,
01/01/2000,01:11:28.11,20.86,-56.73,-991.74,157.50,-778.75,-315.0,1,94.231,
01/01/2000,01:11:28.12,21.23,-56.73,-991.98,78.75,-761.25,-498.75,1,94.232,
01/01/2000,01:11:28.13,21.96,-56.73,-992.59,218.75,-796.25,-341.25,1,94.233,
01/01/2000,01:11:28.14,22.20,-56.49,-993.32,227.50,-621.25,-192.50,1,94.219,
01/01/2000,01:11:28.15,22.20,-56.36,-993.57,218.75,-822.50,-315.0,1,94.220,
01/01/2000,01:11:28.16,21.96,-56.12,-993.69,87.50,-612.50,-341.25,1,94.221,
01/01/2000,01:11:28.17,21.84,-56.36,-993.57,218.75,-577.50,-157.50,1,94.222,
01/01/2000,01:11:28.18,21.96,-56.36,-993.57,35.0,-761.25,-376.25,1,94.223,
01/01/2000,01:11:28.19,21.96,-56.61,-993.20,175.0,-682.50,-271.25,1,94.224,
01/01/2000,01:11:28.20,21.96,-56.73,-992.84,157.50,-638.75,-385.0,1,94.224,
01/01/2000,01:11:28.22,21.23,-56.61,-991.49,201.25,-638.75,-122.50,1,94.225,
01/01/2000,01:11:28.23,20.50,-56.49,-990.64,-17.50,-726.25,-218.75,1,94.226,
01/01/2000,01:11:28.24,19.76,-56.49,-990.27,332.50,-700.0,-210.0,1,94.227,
01/01/2000,01:11:28.25,19.28,-56.49,-990.64,78.75,-647.50,-271.25,1,94.228,
01/01/2000,01:11:28.26,19.52,-56.61,-991.49,210.0,-743.75,-402.50,1,94.229,
01/01/2000,01:11:28.27,20.01,-56.49,-992.59,105.0,-673.75,-367.50,1,94.230,
01/01/2000,01:11:28.28,20.86,-56.49,-994.18,245.0,-735.0,-367.50,1,94.216,
01/01/2000,01:11:28.29,20.98,-56.61,-994.79,113.75,-682.50,-332.50,1,94.217,
01/01/2000,01:11:28.30,20.74,-56.61,-995.76,157.50,-787.50,-402.50,1,94.218,
01/01/2000,01:11:28.31,20.50,-56.85,-996.86,262.50,-796.25,-271.25,1,94.219,
01/01/2000,01:11:28.32,20.74,-56.97,-998.45,105.0,-708.75,-411.25,1,94.219,
01/01/2000,01:11:28.33,20.86,-57.10,-999.91,236.25,-761.25,-306.25,1,94.220,
01/01/2000,01:11:28.34,21.23,-56.73,-1001.62,105.0,-638.75,-446.25,1,94.221,
01/01/2000,01:11:28.36,20.98,-56.49,-1001.25,218.75,-647.50,-262.50,1,94.222,
01/01/2000,01:11:28.37,20.98,-56.24,-999.79,183.75,-682.50,-315.0,1,94.223,
01/01/2000,01:11:28.38,20.86,-56.24,-998.33,166.25,-770.0,-280.0,1,94.224,
01/01/2000,01:11:28.39,20.74,-56.36,-997.35,105.0,-735.0,-323.75,1,94.225,
01/01/2000,01:11:28.40,20.98,-56.85,-997.23,306.25,-787.50,-367.50,1,94.226,
01/01/2000,01:11:28.41,21.23,-57.22,-999.79,140.0,-726.25,-533.75,1,94.227,
01/01/2000,01:11:28.42,21.11,-57.34,-1005.16,105.0,-691.25,-332.50,1,94.213,
01/01/2000,01:11:28.44,20.74,-56.61,-1007.23,78.75,-656.25,-323.75,1,94.214,
01/01/2000,01:11:28.45,20.25,-56.24,-1007.72,253.75,-621.25,-402.50,1,94.214,
01/01/2000,01:11:28.46,20.86,-55.51,-1005.77,122.50,-595.0,-367.50,1,94.215,
01/01/2000,01:11:28.47,20.25,-56.00,-1003.33,148.75,-700.0,-140.0,1,94.216,
01/01/2000,01:11:28.48,20.50,-56.24,-1000.28,175.0,-682.50,-245.0,1,94.217,
01/01/2000,01:11:28.49,20.98,-56.97,-997.96,183.75,-770.0,-498.75,1,94.218,
01/01/2000,01:11:28.50,20.98,-57.83,-997.23,148.75,-735.0,-516.25,1,94.219,
01/01/2000,01:11:28.51,21.47,-57.95,-998.20,271.25,-717.50,-463.75,1,94.220,
01/01/2000,01:11:28.52,21.59,-57.10,-999.91,52.50,-761.25,-411.25,1,94.221,
01/01/2000,01:11:28.53,21.23,-56.73,-1001.62,271.25,-603.75,-376.25,1,94.222,
01/01/2000,01:11:28.54,20.74,-55.88,-1001.86,113.75,-498.75,-253.75,1,94.223,
01/01/2000,01:11:28.55,20.25,-55.27,-999.91,131.25,-638.75,-166.25,1,94.224,
01/01/2000,01:11:28.56,20.25,-55.51,-997.23,201.25,-700.0,-280.0,1,94.225,
01/01/2000,01:11:28.57,21.23,-56.61,-994.91,201.25,-761.25,-323.75,1,94.226,
01/01/2000,01:11:28.58,21.59,-57.46,-994.54,140.0,-848.75,-385.0,1,94.227,
01/01/2000,01:11:28.59,21.59,-58.07,-994.67,236.25,-621.25,-490.0,1,94.228,
01/01/2000,01:11:28.60,21.11,-57.83,-995.03,227.50,-822.50,-446.25,1,94.229,
01/01/2000,01:11:28.61,20.98,-56.97,-995.52,236.25,-673.75,-428.75,1,94.230,
01/01/2000,01:11:28.62,20.86,-55.88,-995.40,280.0,-700.0,-288.75,1,94.230,
01/01/2000,01:11:28.63,20.98,-55.27,-994.79,201.25,-717.50,-183.75,1,94.216,
01/01/2000,01:11:28.64,21.11,-55.63,-994.30,297.50,-621.25,-288.75,1,94.217,
01/01/2000,01:11:28.65,21.11,-56.49,-993.69,157.50,-726.25,-218.75,1,94.218,
01/01/2000,01:11:28.66,20.98,-57.34,-993.45,297.50,-752.50,-516.25,1,94.219,
01/01/2000,01:11:28.67,20.98,-57.58,-993.32,122.50,-656.25,-472.50,1,94.220,
01/01/2000,01:11:28.68,20.86,-57.22,-993.32,201.25,-673.75,-437.50,1,94.221,
01/01/2000,01:11:28.69,20.74,-56.36,-993.20,201.25,-717.50,-490.0,1,94.222,
01/01/2000,01:11:28.71,20.86,-55.39,-993.20,175.0,-726.25,-262.50,1,94.223,
01/01/2000,01:11:28.72,20.98,-55.27,-993.32,78.75,-638.75,-227.50,1,94.224,
01/01/2000,01:11:28.73,21.11,-55.51,-993.08,253.75,-577.50,-140.0,1,94.225,
01/01/2000,01:11:28.74,20.98,-56.61,-992.84,315.0,-673.75,-376.25,1,94.225,
01/01/2000,01:11:28.75,20.98,-57.10,-992.47,113.75,-647.50,-376.25,1,94.226,
01/01/2000,01:11:28.76,20.98,-57.22,-992.35,183.75,-840.0,-533.75,1,94.227,
01/01/2000,01:11:28.77,21.11,-56.73,-992.47,96.25,-630.0,-428.75,1,94.228,
01/01/2000,01:11:28.78,21.11,-56.12,-992.47,105.0,-726.25,-323.75,1,94.229,
01/01/2000,01:11:28.79,20.86,-55.63,-992.59,131.25,-691.25,-175.0,1,94.230,
01/01/2000,01:11:28.80,20.98,-55.75,-992.59,183.75,-673.75,-253.75,1,94.216,
01/01/2000,01:11:28.81,20.86,-56.24,-992.47,166.25,-743.75,-376.25,1,94.232,
01/01/2000,01:11:28.82,20.98,-56.61,-992.35,140.0,-682.50,-306.25,1,94.218,
01/01/2000,01:11:28.83,20.98,-56.73,-992.10,245.0,-708.75,-341.25,1,94.219,
01/01/2000,01:11:28.85,21.11,-56.73,-992.10,166.25,-691.25,-402.50,1,94.220,
01/01/2000,01:11:28.86,20.98,-56.36,-992.35,192.50,-717.50,-350.0,1,94.220,
01/01/2000,01:11:28.87,20.86,-56.00,-992.59,78.75,-630.0,-341.25,1,94.221,
01/01/2000,01:11:28.88,20.13,-55.88,-992.96,183.75,-647.50,-78.75,1,94.222,
01/01/2000,01:11:28.89,18.18,-55.88,-992.35,166.25,-673.75,227.50,1,94.223,
01/01/2000,01:11:28.90,14.52,-56.49,-989.66,236.25,-647.50,-8.75,1,94.224,
01/01/2000,01:11:28.91,13.91,-56.00,-989.18,122.50,-743.75,-752.50,1,94.225,
01/01/2000,01:11:28.92,15.13,-56.73,-990.88,201.25,-945.0,-700.0,1,94.226,
01/01/2000,01:11:28.93,15.86,-56.73,-993.57,87.50,-638.75,131.25,1,94.212,
01/01/2000,01:11:28.95,15.49,-56.73,-994.91,183.75,-612.50,96.25,1,94.213,
01/01/2000,01:11:28.96,13.79,-56.49,-995.15,306.25,-595.0,-262.50,1,94.214,
01/01/2000,01:11:28.97,12.57,-56.12,-994.54,70.0,-630.0,-262.50,1,94.215,
01/01/2000,01:11:28.98,11.83,-56.00,-993.45,183.75,-691.25,-253.75,1,94.216,
01/01/2000,01:11:28.99,11.10,-56.12,-992.10,96.25,-717.50,-131.25,1,94.216,
01/01/2000,01:11:29.00,10.86,-56.24,-991.74,43.75,-752.50,-210.0,1,94.217,
01/01/2000,01:11:29.01,10.13,-56.61,-991.62,131.25,-796.25,-96.25,1,94.218,
01/01/2000,01:11:29.02,9.03,-56.73,-991.86,122.50,-708.75,-262.50,1,94.219,
01/01/2000,01:11:29.03,7.81,-56.73,-992.47,70.0,-673.75,-288.75,1,94.220,
01/01/2000,01:11:29.04,7.08,-56.12,-992.96,280.0,-533.75,-437.50,1,94.221,
01/01/2000,01:11:29.05,7.56,-55.88,-993.32,166.25,-621.25,-525.0,1,94.222,
01/01/2000,01:11:29.06,9.27,-55.63,-993.57,166.25,-665.0,-341.25,1,94.223,
01/01/2000,01:11:29.07,12.44,-55.75,-993.32,96.25,-621.25,-70.0,1,94.224,
01/01/2000,01:11:29.08,14.03,-56.24,-992.71,253.75,-682.50,-113.75,1,94.225,
01/01/2000,01:11:29.09,15.13,-56.73,-992.10,140.0,-630.0,-236.25,1,94.226,
01/01/2000,01:11:29.10,15.37,-57.22,-991.62,122.50,-665.0,-105.0,1,94.227,
01/01/2000,01:11:29.11,14.64,-56.85,-991.37,131.25,-761.25,-350.0,1,94.228,
01/01/2000,01:11:29.12,14.03,-56.61,-991.86,271.25,-717.50,-358.75,1,94.229,
01/01/2000,01:11:29.13,13.54,-55.88,-992.71,166.25,-761.25,-323.75,1,94.214,
01/01/2000,01:11:29.14,14.03,-55.75,-993.45,70.0,-700.0,-358.75,1,94.215,
01/01/2000,01:11:29.15,14.76,-55.75,-993.81,148.75,-638.75,-218.75,1,94.216,
01/01/2000,01:11:29.16,15.62,-56.12,-993.45,218.75,-673.75,-341.25,1,94.217,
01/01/2000,01:11:29.17,16.84,-56.61,-992.59,61.25,-612.50,-253.75,1,94.218,
01/01/2000,01:11:29.18,17.69,-56.85,-991.62,271.25,-621.25,-420.0,1,94.219,
01/01/2000,01:11:29.20,19.28,-56.85,-991.01,236.25,-805.0,-428.75,1,94.220,
01/01/2000,01:11:29.21,19.76,-56.61,-991.37,245.0,-761.25,-428.75,1,94.221,
01/01/2000,01:11:29.22,20.01,-56.49,-991.98,262.50,-778.75,-218.75,1,94.222,
01/01/2000,01:11:29.23,19.64,-55.88,-992.84,61.25,-735.0,-210.0,1,94.223,
01/01/2000,01:11:29.24,19.15,-55.88,-993.08,148.75,-603.75,-17.50,1,94.224,
01/01/2000,01:11:29.25,18.79,-55.88,-992.96,140.0,-665.0,-306.25,1,94.225,
01/01/2000,01:11:29.26,18.79,-55.88,-992.71,122.50,-621.25,-358.75,1,94.226,
01/01/2000,01:11:29.27,19.76,-56.36,-992.23,297.50,-673.75,-472.50,1,94.226,
01/01/2000,01:11:29.28,20.62,-56.36,-991.86,113.75,-708.75,-341.25,1,94.227,
01/01/2000,01:11:29.29,21.72,-56.36,-991.74,87.50,-717.50,-446.25,1,94.228,
01/01/2000,01:11:29.30,21.72,-56.36,-991.74,192.50,-726.25,-271.25,1,94.229,
01/01/2000,01:11:29.31,21.47,-56.12,-991.98,166.25,-778.75,-297.50,1,94.230,
01/01/2000,01:11:29.32,20.74,-55.88,-992.35,122.50,-665.0,-245.0,1,94.231,
01/01/2000,01:11:29.33,20.74,-55.88,-992.59,306.25,-691.25,-463.75,1,94.232,
01/01/2000,01:11:29.35,21.11,-55.75,-992.71,96.25,-542.50,-175.0,1,94.218,
01/01/2000,01:11:29.36,20.98,-56.00,-992.59,201.25,-735.0,-306.25,1,94.219,
01/01/2000,01:11:29.37,20.74,-56.12,-992.35,105.0,-761.25,-280.0,1,94.220,
01/01/2000,01:11:29.38,20.37,-56.36,-992.23,166.25,-726.25,-288.75,1,94.221,
01/01/2000,01:11:29.39,19.89,-56.36,-992.10,175.0,-700.0,-350.0,1,94.222,
01/01/2000,01:11:29.40,19.89,-56.00,-991.98,201.25,-726.25,-428.75,1,94.222,
01/01/2000,01:11:29.41,20.25,-55.88,-991.86,43.75,-647.50,-367.50,1,94.223,
01/01/2000,01:11:29.42,20.98,-55.88,-991.86,236.25,-743.75,-262.50,1,94.224,
01/01/2000,01:11:29.43,21.59,-56.12,-992.10,297.50,-700.0,-376.25,1,94.225,
01/01/2000,01:11:29.44,21.72,-56.61,-992.23,105.0,-665.0,-306.25,1,94.211,
01/01/2000,01:11:29.46,21.23,-56.73,-992.35,218.75,-726.25,-315.0,1,94.212,
01/01/2000,01:11:29.47,20.37,-56.61,-992.23,113.75,-691.25,-315.0,1,94.213,
01/01/2000,01:11:29.48,19.76,-56.36,-992.35,122.50,-726.25,-315.0,1,94.214,
01/01/2000,01:11:29.49,19.76,-55.88,-992.10,175.0,-630.0,-490.0,1,94.215,
01/01/2000,01:11:29.50,20.50,-55.88,-991.86,148.75,-630.0,-358.75,1,94.216,
01/01/2000,01:11:29.51,21.11,-55.88,-991.62,140.0,-638.75,-323.75,1,94.217,
01/01/2000,01:11:29.52,21.96,-56.12,-991.37,0.0,-647.50,-393.75,1,94.218,
01/01/2000,01:11:29.53,22.57,-56.61,-991.49,175.0,-700.0,-297.50,1,94.218,
01/01/2000,01:11:29.54,22.57,-56.85,-991.86,183.75,-638.75,-420.0,1,94.219,
01/01/2000,01:11:29.55,22.57,-56.73,-992.10,166.25,-638.75,-402.50,1,94.220,
01/01/2000,01:11:29.56,22.08,-56.12,-992.35,140.0,-630.0,-420.0,1,94.221,
01/01/2000,01:11:29.57,21.47,-56.00,-992.10,70.0,-743.75,-288.75,1,94.222,
01/01/2000,01:11:29.58,20.86,-56.00,-992.10,192.50,-691.25,-253.75,1,94.223,
01/01/2000,01:11:29.59,20.25,-56.12,-992.23,245.0,-665.0,-280.0,1,94.224,
01/01/2000,01:11:29.60,19.89,-56.36,-992.47,253.75,-743.75,-376.25,1,94.225,
01/01/2000,01:11:29.61,19.52,-56.85,-992.71,315.0,-726.25,-446.25,1,94.226,
01/01/2000,01:11:29.62,20.13,-56.24,-992.84,183.75,-603.75,-595.0,1,94.212,
01/01/2000,01:11:29.63,20.74,-56.00,-992.84,210.0,-743.75,-437.50,1,94.213,
01/01/2000,01:11:29.64,21.23,-55.75,-992.71,96.25,-682.50,-87.50,1,94.214,
01/01/2000,01:11:29.65,21.47,-55.75,-992.47,183.75,-743.75,-113.75,1,94.214,
01/01/2000,01:11:29.66,21.47,-56.12,-992.10,122.50,-630.0,-210.0,1,94.215,
01/01/2000,01:11:29.67,21.23,-56.61,-992.10,113.75,-735.0,-131.25,1,94.216,
01/01/2000,01:11:29.68,20.86,-56.85,-992.35,183.75,-726.25,-358.75,1,94.217,
01/01/2000,01:11:29.70,20.86,-56.85,-992.71,140.0,-656.25,-560.0,1,94.218,
01/01/2000,01:11:29.71,21.11,-56.49,-993.20,166.25,-673.75,-393.75,1,94.219,
01/01/2000,01:11:29.72,21.72,-56.00,-993.32,105.0,-673.75,-323.75,1,94.220,
01/01/2000,01:11:29.73,21.84,-56.00,-992.96,218.75,-612.50,-236.25,1,94.221,
01/01/2000,01:11:29.74,21.72,-56.12,-992.35,201.25,-726.25,-210.0,1,94.222,
01/01/2000,01:11:29.75,21.11,-56.49,-991.74,271.25,-700.0,-183.75,1,94.223,
01/01/2000,01:11:29.76,20.86,-56.61,-991.62,-8.75,-778.75,-411.25,1,94.224,
01/01/2000,01:11:29.77,20.62,-56.85,-991.62,236.25,-665.0,-446.25,1,94.225,
01/01/2000,01:11:29.78,21.23,-56.24,-991.62,253.75,-630.0,-551.25,1,94.226,
01/01/2000,01:11:29.79,21.72,-55.88,-991.86,61.25,-761.25,-350.0,1,94.226,
01/01/2000,01:11:29.80,21.59,-55.63,-991.86,78.75,-700.0,-157.50,1,94.227,
01/01/2000,01:11:29.81,21.47,-56.00,-991.98,201.25,-717.50,-218.75,1,94.228,
01/01/2000,01:11:29.82,20.62,-56.36,-992.10,218.75,-647.50,-385.0,1,94.229,
01/01/2000,01:11:29.84,19.89,-56.49,-992.35,262.50,-770.0,-358.75,1,94.215,
01/01/2000,01:11:29.85,19.76,-56.49,-992.47,358.75,-708.75,-455.0,1,94.216,
01/01/2000,01:11:29.86,19.89,-56.24,-992.59,183.75,-735.0,-385.0,1,94.217,
01/01/2000,01:11:29.87,20.25,-56.00,-992.59,78.75,-682.50,-411.25,1,94.218,
01/01/2000,01:11:29.88,20.86,-56.00,-992.71,70.0,-603.75,-315.0,1,94.219,
01/01/2000,01:11:29.89,21.72,-56.36,-992.59,183.75,-673.75,-306.25,1,94.220,
01/01/2000,01:11:29.90,21.96,-56.49,-992.35,122.50,-647.50,-428.75,1,94.221,
01/01/2000,01:11:29.91,22.45,-56.61,-991.62,227.50,-630.0,-393.75,1,94.222,
01/01/2000,01:11:29.92,22.57,-56.36,-991.62,122.50,-761.25,-385.0,1,94.223,
01/01/2000,01:11:29.93,22.57,-56.36,-991.62,201.25,-647.50,-315.0,1,94.223,
01/01/2000,01:11:29.94,21.84,-56.24,-992.10,148.75,-673.75,-323.75,1,94.224,
01/01/2000,01:11:29.95,21.23,-56.24,-992.35,323.75,-700.0,-297.50,1,94.210,
01/01/2000,01:11:29.97,20.62,-56.24,-992.35,218.75,-612.50,-280.0,1,94.211,
01/01/2000,01:11:29.98,20.13,-56.24,-992.10,140.0,-647.50,-315.0,1,94.212,
01/01/2000,01:11:29.99,20.25,-56.36,-992.10,315.0,-595.0,-490.0,1,94.213,
01/01/2000,01:11:30.00,20.74,-56.49,-992.10,245.0,-673.75,-358.75,1,94.214,
01/01/2000,01:11:30.01,21.23,-56.36,-992.10,122.50,-516.25,-385.0,1,94.215,
01/01/2000,01:11:30.02,22.08,-56.49,-991.98,315.0,-682.50,-367.50,1,94.216,
01/01/2000,01:11:30.03,22.20,-56.24,-991.86,131.25,-656.25,-183.75,1,94.217,
01/01/2000,01:11:30.04,22.20,-56.36,-991.86,218.75,-691.25,-288.75,1,94.218,
01/01/2000,01:11:30.05,21.47,-56.36,-991.98,253.75,-752.50,-350.0,1,94.219,
01/01/2000,01:11:30.06,20.62,-56.49,-992.35,175.0,-743.75,-428.75,1,94.219,
01/01/2000,01:11:30.07,20.25,-56.36,-992.59,157.50,-665.0,-428.75,1,94.220,
01/01/2000,01:11:30.08,19.76,-56.12,-992.84,183.75,-638.75,-332.50,1,94.221,
01/01/2000,01:11:30.09,19.76,-55.75,-993.08,61.25,-726.25,-367.50,1,94.222,
01/01/2000,01:11:30.10,19.76,-55.88,-993.08,218.75,-612.50,-411.25,1,94.223,
01/01/2000,01:11:30.11,20.01,-56.12,-993.08,297.50,-612.50,-358.75,1,94.224,
01/01/2000,01:11:30.12,20.62,-56.00,-992.96,96.25,-700.0,-507.50,1,94.225,
01/01/2000,01:11:30.13,21.47,-56.24,-992.47,113.75,-717.50,-341.25,1,94.226,
01/01/2000,01:11:30.14,21.72,-56.36,-991.86,218.75,-647.50,-341.25,1,94.227,
01/01/2000,01:11:30.15,21.84,-56.24,-991.37,35.0,-656.25,-367.50,1,94.228,
01/01/2000,01:11:30.16,21.72,-56.24,-991.25,288.75,-735.0,-332.50,1,94.229,
01/01/2000,01:11:30.17,21.47,-56.00,-991.74,175.0,-700.0,-253.75,1,94.230,
01/01/2000,01:11:30.18,21.23,-56.24,-992.35,192.50,-586.25,-323.75,1,94.230,
01/01/2000,01:11:30.19,20.37,-56.12,-992.59,148.75,-735.0,-350.0,1,94.216,
01/01/2000,01:11:30.20,19.76,-56.00,-992.35,0.0,-682.50,-166.25,1,94.217,
01/01/2000,01:11:30.21,19.28,-56.12,-991.98,87.50,-743.75,-297.50,1,94.218,
01/01/2000,01:11:30.22,19.52,-56.24,-991.74,-17.50,-682.50,-533.75,1,94.219,
01/01/2000,01:11:30.23,20.74,-56.24,-991.62,175.0,-673.75,-455.0,1,94.220,
01/01/2000,01:11:30.24,21.96,-56.12,-991.49,113.75,-656.25,-603.75,1,94.221,
01/01/2000,01:11:30.26,23.55,-56.36,-991.62,280.0,-673.75,-148.75,1,94.222,
01/01/2000,01:11:30.27,23.91,-56.36,-991.62,87.50,-752.50,-350.0,1,94.223,
01/01/2000,01:11:30.28,23.55,-56.61,-991.74,262.50,-682.50,-52.50,1,94.224,
01/01/2000,01:11:30.29,22.20,-56.49,-992.59,131.25,-682.50,-376.25,1,94.225,
01/01/2000,01:11:30.30,20.98,-56.49,-992.96,17.50,-595.0,-253.75,1,94.226,
01/01/2000,01:11:30.31,19.76,-56.24,-993.20,122.50,-726.25,-420.0,1,94.227,
01/01/2000,01:11:30.32,19.15,-56.12,-993.20,166.25,-673.75,-358.75,1,94.227,
01/01/2000,01:11:30.33,19.28,-56.12,-992.71,297.50,-665.0,-481.25,1,94.213,
01/01/2000,01:11:30.34,20.13,-56.36,-992.47,166.25,-647.50,-586.25,1,94.214,
01/01/2000,01:11:30.35,21.72,-56.61,-992.35,280.0,-840.0,-227.50,1,94.215,
01/01/2000,01:11:30.36,22.57,-56.73,-992.10,8.75,-656.25,-428.75,1,94.216,
01/01/2000,01:11:30.37,22.94,-56.85,-991.98,245.0,-673.75,-297.50,1,94.217,
01/01/2000,01:11:30.38,22.69,-56.61,-991.86,96.25,-752.50,-385.0,1,94.218,
01/01/2000,01:11:30.39,22.08,-56.49,-991.86,105.0,-691.25,-332.50,1,94.219,
01/01/2000,01:11:30.41,20.98,-56.12,-991.98,-43.75,-743.75,-350.0,1,94.220,
01/01/2000,01:11:30.42,20.37,-56.36,-992.10,175.0,-691.25,-367.50,1,94.221,
01/01/2000,01:11:30.43,20.01,-56.36,-992.23,148.75,-647.50,-306.25,1,94.222,
01/01/2000,01:11:30.44,20.01,-56.49,-992.59,166.25,-743.75,-367.50,1,94.223,
01/01/2000,01:11:30.45,20.50,-56.36,-992.84,113.75,-700.0,-428.75,1,94.223,
01/01/2000,01:11:30.46,21.35,-56.24,-992.71,271.25,-682.50,-455.0,1,94.210,
01/01/2000,01:11:30.48,22.45,-56.12,-992.35,192.50,-656.25,-455.0,1,94.210,
01/01/2000,01:11:30.49,22.94,-56.24,-992.10,122.50,-647.50,-297.50,1,94.211,
01/01/2000,01:11:30.50,22.45,-56.61,-991.86,210.0,-787.50,-218.75,1,94.212,
01/01/2000,01:11:30.51,22.08,-56.85,-991.86,262.50,-568.75,-446.25,1,94.213,
01/01/2000,01:11:30.52,21.47,-56.73,-992.23,218.75,-603.75,-376.25,1,94.214,
01/01/2000,01:11:30.53,20.98,-56.49,-992.59,192.50,-691.25,-280.0,1,94.215,
01/01/2000,01:11:30.54,20.50,-56.36,-993.08,8.75,-638.75,-350.0,1,94.216,
01/01/2000,01:11:30.55,19.76,-56.36,-993.32,218.75,-700.0,-437.50,1,94.217,
01/01/2000,01:11:30.56,19.52,-56.36,-993.32,262.50,-586.25,-402.50,1,94.218,
01/01/2000,01:11:30.57,19.76,-56.36,-993.20,105.0,-621.25,-297.50,1,94.219,
01/01/2000,01:11:30.58,20.86,-56.61,-992.35,201.25,-787.50,-472.50,1,94.220,
01/01/2000,01:11:30.59,21.47,-56.49,-991.98,218.75,-708.75,-376.25,1,94.220,
01/01/2000,01:11:30.60,22.20,-56.49,-991.62,183.75,-630.0,-358.75,1,94.221,
01/01/2000,01:11:30.61,22.45,-56.49,-991.25,61.25,-665.0,-306.25,1,94.207,
01/01/2000,01:11:30.62,22.20,-56.49,-991.13,210.0,-691.25,-306.25,1,94.208,
01/01/2000,01:11:30.63,22.08,-56.61,-991.25,218.75,-743.75,-253.75,1,94.209,
01/01/2000,01:11:30.64,21.47,-56.36,-991.37,122.50,-796.25,-420.0,1,94.210,
01/01/2000,01:11:30.65,21.11,-56.36,-991.49,192.50,-743.75,-341.25,1,94.211,
01/01/2000,01:11:30.66,20.74,-56.36,-991.86,166.25,-778.75,-323.75,1,94.212,
01/01/2000,01:11:30.67,20.25,-56.49,-992.10,192.50,-560.0,-411.25,1,94.213,
01/01/2000,01:11:30.69,20.50,-56.61,-992.47,271.25,-761.25,-516.25,1,94.214,
01/01/2000,01:11:30.70,21.35,-56.36,-992.47,183.75,-638.75,-481.25,1,94.215,
01/01/2000,01:11:30.71,21.96,-56.36,-992.10,192.50,-691.25,-367.50,1,94.216,
01/01/2000,01:11:30.72,22.57,-56.36,-991.74,131.25,-691.25,-402.50,1,94.217,
01/01/2000,01:11:30.73,23.18,-56.61,-991.74,140.0,-752.50,-157.50,1,94.217,
01/01/2000,01:11:30.74,23.18,-56.73,-991.62,218.75,-761.25,-341.25,1,94.218,
01/01/2000,01:11:30.75,22.20,-56.85,-992.23,105.0,-717.50,-332.50,1,94.219,
01/01/2000,01:11:30.76,20.98,-56.85,-992.71,245.0,-603.75,-236.25,1,94.220,
01/01/2000,01:11:30.77,20.13,-56.49,-992.96,131.25,-778.75,-341.25,1,94.221,
01/01/2000,01:11:30.78,19.76,-56.24,-993.08,148.75,-813.75,-315.0,1,94.222,
01/01/2000,01:11:30.79,19.64,-56.36,-992.84,131.25,-595.0,-385.0,1,94.223,
01/01/2000,01:11:30.80,20.13,-56.36,-992.35,78.75,-840.0,-358.75,1,94.224,
01/01/2000,01:11:30.81,20.74,-56.61,-992.10,61.25,-682.50,-463.75,1,94.225,
01/01/2000,01:11:30.82,21.72,-56.73,-991.74,183.75,-656.25,-367.50,1,94.211,
01/01/2000,01:11:30.83,21.96,-56.61,-991.62,192.50,-735.0,-367.50,1,94.212,
01/01/2000,01:11:30.84,21.84,-56.36,-991.86,175.0,-682.50,-358.75,1,94.213,
01/01/2000,01:11:30.85,21.47,-56.36,-992.23,210.0,-813.75,-236.25,1,94.214,
01/01/2000,01:11:30.87,20.98,-55.88,-992.35,87.50,-665.0,-341.25,1,94.214,
01/01/2000,01:11:30.87,21.23,-56.12,-992.35,131.25,-682.50,-332.50,1,94.215,
01/01/2000,01:11:30.89,21.35,-56.24,-992.35,227.50,-726.25,-376.25,1,94.216,
01/01/2000,01:11:30.90,21.47,-56.73,-992.59,140.0,-647.50,-367.50,1,94.217,
01/01/2000,01:11:30.91,21.47,-56.85,-992.84,140.0,-647.50,-358.75,1,94.218,
01/01/2000,01:11:30.92,21.35,-56.61,-992.96,271.25,-682.50,-428.75,1,94.219,
01/01/2000,01:11:30.93,21.72,-56.49,-992.84,201.25,-630.0,-525.0,1,94.220,
01/01/2000,01:11:30.94,21.96,-56.12,-992.35,17.50,-612.50,-253.75,1,94.221,
01/01/2000,01:11:30.95,22.20,-56.00,-992.10,140.0,-647.50,-210.0,1,94.222,
01/01/2000,01:11:30.96,22.08,-56.49,-992.23,236.25,-735.0,-280.0,1,94.223,
01/01/2000,01:11:30.98,20.98,-56.73,-992.84,166.25,-568.75,-455.0,1,94.209,
01/01/2000,01:11:30.99,20.74,-56.61,-992.71,227.50,-752.50,-367.50,1,94.210,
01/01/2000,01:11:31.00,20.50,-56.12,-992.59,166.25,-708.75,-481.25,1,94.211,
01/01/2000,01:11:31.01,20.50,-55.75,-992.59,140.0,-708.75,-183.75,1,94.212,
01/01/2000,01:11:31.02,20.98,-55.88,-992.35,236.25,-673.75,-201.25,1,94.212,
01/01/2000,01:11:31.03,21.11,-56.36,-992.35,157.50,-691.25,-402.50,1,94.213,
01/01/2000,01:11:31.04,21.23,-56.73,-992.47,192.50,-630.0,-446.25,1,94.214,
01/01/2000,01:11:31.05,21.23,-56.97,-992.84,288.75,-612.50,-393.75,1,94.215,
01/01/2000,01:11:31.06,21.23,-56.73,-992.84,210.0,-595.0,-367.50,1,94.216,
01/01/2000,01:11:31.07,21.23,-56.24,-992.59,210.0,-656.25,-332.50,1,94.217,
01/01/2000,01:11:31.08,21.23,-56.12,-992.59,70.0,-665.0,-210.0,1,94.218,
01/01/2000,01:11:31.09,21.35,-56.12,-992.35,105.0,-708.75,-323.75,1,94.219,
01/01/2000,01:11:31.10,21.23,-56.61,-991.98,183.75,-682.50,-306.25,1,94.220,
01/01/2000,01:11:31.11,21.23,-56.97,-992.10,157.50,-770.0,-525.0,1,94.206,
01/01/2000,01:11:31.12,21.11,-56.97,-992.23,227.50,-735.0,-420.0,1,94.207,
01/01/2000,01:11:31.13,20.50,-56.61,-992.47,201.25,-726.25,-376.25,1,94.208,
01/01/2000,01:11:31.14,20.13,-56.12,-992.59,122.50,-673.75,-227.50,1,94.209,
01/01/2000,01:11:31.15,20.37,-56.12,-992.47,166.25,-603.75,-402.50,1,94.209,
01/01/2000,01:11:31.16,20.86,-56.12,-992.23,201.25,-813.75,-350.0,1,94.210,
01/01/2000,01:11:31.17,21.35,-56.36,-991.74,78.75,-630.0,-332.50,1,94.211,
01/01/2000,01:11:31.19,21.96,-56.97,-991.74,192.50,-647.50,-341.25,1,94.212,
01/01/2000,01:11:31.20,22.20,-57.10,-991.98,288.75,-752.50,-402.50,1,94.213,
01/01/2000,01:11:31.21,21.96,-57.10,-992.23,183.75,-673.75,-332.50,1,94.214,
01/01/2000,01:11:31.22,21.59,-56.61,-992.71,306.25,-525.0,-516.25,1,94.215,
01/01/2000,01:11:31.23,20.98,-56.24,-993.08,140.0,-577.50,-157.50,1,94.216,
01/01/2000,01:11:31.24,20.37,-56.36,-992.84,113.75,-586.25,-253.75,1,94.217,
01/01/2000,01:11:31.25,20.50,-56.61,-992.47,253.75,-647.50,-385.0,1,94.218,
01/01/2000,01:11:31.26,20.62,-56.85,-992.10,140.0,-638.75,-245.0,1,94.218,
01/01/2000,01:11:31.27,20.98,-56.97,-992.10,297.50,-700.0,-472.50,1,94.219,
01/01/2000,01:11:31.28,21.23,-56.85,-992.10,105.0,-708.75,-341.25,1,94.220,
01/01/2000,01:11:31.29,21.96,-56.36,-992.35,262.50,-586.25,-262.50,1,94.221,
01/01/2000,01:11:31.30,21.96,-56.24,-992.35,210.0,-700.0,-280.0,1,94.222,
01/01/2000,01:11:31.31,21.72,-56.24,-992.35,157.50,-612.50,-262.50,1,94.223,
01/01/2000,01:11:31.32,21.72,-56.61,-992.35,175.0,-770.0,-315.0,1,94.209,
01/01/2000,01:11:31.33,21.23,-56.85,-992.23,183.75,-647.50,-437.50,1,94.210,
01/01/2000,01:11:31.34,20.74,-56.85,-992.10,157.50,-700.0,-358.75,1,94.211,
01/01/2000,01:11:31.35,20.50,-56.49,-992.23,210.0,-700.0,-350.0,1,94.212,
01/01/2000,01:11:31.37,20.50,-56.49,-992.35,183.75,-656.25,-428.75,1,94.213,
01/01/2000,01:11:31.37,20.98,-56.24,-992.47,175.0,-682.50,-411.25,1,94.214,
01/01/2000,01:11:31.39,22.08,-56.36,-992.47,87.50,-691.25,-437.50,1,94.215,
01/01/2000,01:11:31.40,22.94,-56.49,-992.23,183.75,-778.75,-280.0,1,94.216,
01/01/2000,01:11:31.41,22.94,-56.73,-992.10,148.75,-778.75,-323.75,1,94.216,
01/01/2000,01:11:31.42,22.57,-56.73,-991.98,288.75,-735.0,-315.0,1,94.217,
01/01/2000,01:11:31.43,21.84,-56.61,-992.10,131.25,-717.50,-341.25,1,94.218,
01/01/2000,01:11:31.44,20.98,-56.24,-992.35,280.0,-673.75,-323.75,1,94.219,
01/01/2000,01:11:31.45,20.13,-56.12,-992.71,175.0,-656.25,-315.0,1,94.220,
01/01/2000,01:11:31.46,19.15,-56.36,-992.59,262.50,-612.50,-481.25,1,94.206,
01/01/2000,01:11:31.47,19.28,-56.36,-992.10,323.75,-735.0,-376.25,1,94.207,
01/01/2000,01:11:31.49,20.50,-56.36,-991.86,78.75,-682.50,-490.0,1,94.208,
01/01/2000,01:11:31.50,21.59,-56.49,-991.98,245.0,-682.50,-315.0,1,94.209,
01/01/2000,01:11:31.51,22.45,-56.49,-992.59,87.50,-717.50,-420.0,1,94.210,
01/01/2000,01:11:31.52,22.69,-56.61,-992.84,78.75,-761.25,-271.25,1,94.211,
01/01/2000,01:11:31.53,22.45,-56.61,-993.08,148.75,-708.75,-323.75,1,94.212,
01/01/2000,01:11:31.54,21.72,-56.36,-992.84,113.75,-717.50,-227.50,1,94.213,
01/01/2000,01:11:31.55,20.37,-56.36,-991.98,148.75,-717.50,-323.75,1,94.213,
01/01/2000,01:11:31.56,19.89,-56.61,-991.74,175.0,-700.0,-463.75,1,94.214,
01/01/2000,01:11:31.57,19.89,-56.85,-992.10,113.75,-752.50,-323.75,1,94.215,
01/01/2000,01:11:31.58,19.89,-56.97,-992.47,201.25,-603.75,-341.25,1,94.216,
01/01/2000,01:11:31.59,20.25,-56.73,-992.59,140.0,-700.0,-385.0,1,94.217,
01/01/2000,01:11:31.60,21.23,-56.61,-992.59,227.50,-621.25,-498.75,1,94.218,
01/01/2000,01:11:31.61,22.20,-56.24,-992.35,70.0,-665.0,-271.25,1,94.219,
01/01/2000,01:11:31.62,23.06,-56.36,-992.23,218.75,-691.25,-288.75,1,94.220,
01/01/2000,01:11:31.63,23.30,-56.97,-992.35,113.75,-743.75,-332.50,1,94.221,
01/01/2000,01:11:31.64,22.69,-57.34,-992.71,140.0,-673.75,-341.25,1,94.222,
01/01/2000,01:11:31.65,21.84,-57.10,-993.08,253.75,-752.50,-253.75,1,94.222,
01/01/2000,01:11:31.66,20.50,-56.97,-993.08,131.25,-665.0,-297.50,1,94.223,
01/01/2000,01:11:31.67,19.15,-56.24,-992.84,157.50,-717.50,-332.50,1,94.210,
01/01/2000,01:11:31.68,19.03,-56.24,-992.47,122.50,-647.50,-332.50,1,94.211,
01/01/2000,01:11:31.69,19.52,-56.36,-992.23,148.75,-586.25,-315.0,1,94.211,
01/01/2000,01:11:31.70,20.50,-56.85,-991.98,358.75,-770.0,-533.75,1,94.212,
01/01/2000,01:11:31.71,22.20,-57.22,-992.10,131.25,-656.25,-586.25,1,94.213,
01/01/2000,01:11:31.72,23.18,-57.10,-992.35,262.50,-831.25,-367.50,1,94.214,
01/01/2000,01:11:31.73,23.67,-56.85,-992.47,166.25,-665.0,-367.50,1,94.215,
01/01/2000,01:11:31.75,22.69,-56.61,-992.47,131.25,-735.0,-210.0,1,94.216,
01/01/2000,01:11:31.76,21.84,-56.36,-992.35,183.75,-603.75,-218.75,1,94.217,
01/01/2000,01:11:31.77,20.25,-56.61,-992.10,148.75,-595.0,-253.75,1,94.218,
01/01/2000,01:11:31.78,19.89,-56.85,-991.86,245.0,-595.0,-437.50,1,94.219,
01/01/2000,01:11:31.79,19.52,-56.73,-991.86,210.0,-726.25,-393.75,1,94.219,
01/01/2000,01:11:31.80,19.76,-56.61,-991.98,245.0,-761.25,-402.50,1,94.220,
01/01/2000,01:11:31.81,20.74,-56.49,-992.35,271.25,-717.50,-516.25,1,94.221,
01/01/2000,01:11:31.82,21.59,-56.49,-992.35,61.25,-778.75,-463.75,1,94.222,
01/01/2000,01:11:31.83,22.81,-56.36,-992.23,96.25,-595.0,-393.75,1,94.223,
01/01/2000,01:11:31.84,23.30,-56.73,-992.10,253.75,-708.75,-227.50,1,94.224,
01/01/2000,01:11:31.85,23.42,-56.97,-992.10,131.25,-822.50,-358.75,1,94.225,
01/01/2000,01:11:31.86,22.57,-57.34,-992.59,140.0,-656.25,-210.0,1,94.226,
01/01/2000,01:11:31.87,20.74,-57.10,-992.84,175.0,-516.25,-376.25,1,94.227,
01/01/2000,01:11:31.89,19.28,-56.36,-992.59,157.50,-560.0,-376.25,1,94.213,
01/01/2000,01:11:31.90,18.79,-56.12,-992.47,201.25,-726.25,-341.25,1,94.214,
01/01/2000,01:11:31.91,18.79,-56.61,-992.23,166.25,-726.25,-297.50,1,94.215,
01/01/2000,01:11:31.92,19.64,-56.73,-992.23,140.0,-735.0,-490.0,1,94.216,
01/01/2000,01:11:31.93,20.62,-57.22,-992.59,288.75,-647.50,-358.75,1,94.217,
01/01/2000,01:11:31.94,21.96,-57.22,-992.84,253.75,-656.25,-603.75,1,94.217,
01/01/2000,01:11:31.95,22.57,-56.85,-992.84,140.0,-813.75,-446.25,1,94.218,
01/01/2000,01:11:31.96,22.57,-56.49,-992.71,105.0,-700.0,-201.25,1,94.219,
01/01/2000,01:11:31.97,22.08,-56.49,-992.84,122.50,-682.50,-227.50,1,94.220,
01/01/2000,01:11:31.98,21.35,-56.73,-992.84,227.50,-691.25,-218.75,1,94.221,
01/01/2000,01:11:31.99,19.76,-57.10,-992.71,157.50,-630.0,-490.0,1,94.207,
01/01/2000,01:11:32.00,19.52,-57.10,-992.47,271.25,-621.25,-463.75,1,94.208,
01/01/2000,01:11:32.02,19.52,-56.73,-992.71,183.75,-682.50,-402.50,1,94.209,
01/01/2000,01:11:32.03,20.13,-56.49,-992.59,183.75,-577.50,-385.0,1,94.210,
01/01/2000,01:11:32.04,21.11,-56.49,-992.35,175.0,-542.50,-428.75,1,94.211,
01/01/2000,01:11:32.05,22.20,-56.61,-992.10,280.0,-726.25,-332.50,1,94.212,
01/01/2000,01:11:32.06,23.55,-56.85,-992.10,210.0,-770.0,-350.0,1,94.213,
01/01/2000,01:11:32.07,24.52,-57.46,-992.35,306.25,-665.0,-288.75,1,94.214,
01/01/2000,01:11:32.08,24.40,-57.34,-992.59,192.50,-708.75,-358.75,1,94.214,
01/01/2000,01:11:32.09,23.30,-56.97,-992.71,140.0,-752.50,-236.25,1,94.215,
01/01/2000,01:11:32.10,21.11,-56.49,-992.71,245.0,-665.0,-183.75,1,94.216,
01/01/2000,01:11:32.11,19.64,-56.36,-992.59,218.75,-551.25,-463.75,1,94.217,
01/01/2000,01:11:32.12,19.03,-56.36,-992.35,183.75,-682.50,-437.50,1,94.218,
01/01/2000,01:11:32.13,19.28,-56.61,-992.23,253.75,-770.0,-490.0,1,94.219,
01/01/2000,01:11:32.14,20.37,-56.61,-992.35,157.50,-638.75,-586.25,1,94.220,
01/01/2000,01:11:32.15,21.23,-56.85,-992.47,113.75,-656.25,-490.0,1,94.221,
01/01/2000,01:11:32.17,22.20,-56.61,-992.84,236.25,-778.75,-428.75,1,94.207,
01/01/2000,01:11:32.18,22.69,-56.36,-992.71,166.25,-612.50,-201.25,1,94.208,
01/01/2000,01:11:32.19,22.81,-56.49,-992.59,122.50,-638.75,-297.50,1,94.209,
01/01/2000,01:11:32.20,22.20,-56.73,-992.47,227.50,-691.25,-175.0,1,94.210,
01/01/2000,01:11:32.21,21.59,-56.85,-992.47,148.75,-665.0,-288.75,1,94.211,
01/01/2000,01:11:32.22,20.98,-56.85,-992.59,210.0,-717.50,-481.25,1,94.212,
01/01/2000,01:11:32.23,19.89,-56.73,-992.84,183.75,-595.0,-402.50,1,94.212,
01/01/2000,01:11:32.24,19.28,-56.36,-992.47,218.75,-682.50,-428.75,1,94.213,
01/01/2000,01:11:32.25,19.52,-56.24,-991.86,210.0,-647.50,-481.25,1,94.214,
01/01/2000,01:11:32.26,20.50,-56.36,-991.62,52.50,-708.75,-428.75,1,94.215,
01/01/2000,01:11:32.27,22.08,-56.49,-991.74,122.50,-796.25,-367.50,1,94.216,
01/01/2000,01:11:32.28,23.79,-57.10,-992.10,87.50,-735.0,-323.75,1,94.217,
01/01/2000,01:11:32.29,23.91,-57.22,-992.71,227.50,-805.0,-358.75,1,94.218,
01/01/2000,01:11:32.30,23.42,-56.97,-992.84,210.0,-770.0,-262.50,1,94.219,
01/01/2000,01:11:32.31,21.35,-56.36,-992.59,105.0,-568.75,-192.50,1,94.205,
01/01/2000,01:11:32.32,20.25,-56.24,-992.35,131.25,-717.50,-253.75,1,94.206,
01/01/2000,01:11:32.33,18.91,-56.49,-991.98,227.50,-691.25,-323.75,1,94.207,
01/01/2000,01:11:32.34,18.42,-56.73,-991.98,175.0,-586.25,-507.50,1,94.208,
01/01/2000,01:11:32.35,19.03,-56.85,-992.23,227.50,-656.25,-551.25,1,94.209,
01/01/2000,01:11:32.36,20.13,-56.61,-992.23,253.75,-612.50,-586.25,1,94.210,
01/01/2000,01:11:32.38,22.33,-56.36,-992.47,218.75,-735.0,-358.75,1,94.210,
01/01/2000,01:11:32.39,23.42,-56.36,-992.71,236.25,-717.50,-262.50,1,94.211,
01/01/2000,01:11:32.40,24.40,-56.61,-992.84,105.0,-673.75,-262.50,1,94.212,
01/01/2000,01:11:32.41,23.91,-56.85,-992.71,166.25,-875.0,-218.75,1,94.213,
01/01/2000,01:11:32.42,23.06,-56.73,-992.59,87.50,-735.0,-183.75,1,94.214,
01/01/2000,01:11:32.43,21.96,-56.85,-992.59,245.0,-717.50,-280.0,1,94.215,
01/01/2000,01:11:32.44,20.37,-56.49,-992.35,26.25,-708.75,-411.25,1,94.216,
01/01/2000,01:11:32.45,19.40,-56.61,-992.23,96.25,-612.50,-463.75,1,94.202,
01/01/2000,01:11:32.46,19.76,-56.73,-992.10,306.25,-560.0,-516.25,1,94.218,
01/01/2000,01:11:32.47,20.62,-56.61,-991.98,323.75,-752.50,-647.50,1,94.204,
01/01/2000,01:11:32.48,21.84,-56.61,-992.23,113.75,-717.50,-288.75,1,94.205,
01/01/2000,01:11:32.49,22.94,-56.97,-992.59,183.75,-717.50,-227.50,1,94.206,
01/01/2000,01:11:32.51,23.18,-57.10,-993.20,96.25,-735.0,-253.75,1,94.207,
01/01/2000,01:11:32.52,22.57,-56.97,-993.08,271.25,-770.0,-87.50,1,94.208,
01/01/2000,01:11:32.53,20.86,-56.49,-992.59,236.25,-647.50,-393.75,1,94.208,
01/01/2000,01:11:32.54,19.76,-56.36,-992.35,148.75,-735.0,-288.75,1,94.209,
01/01/2000,01:11:32.55,19.28,-56.49,-992.23,245.0,-726.25,-411.25,1,94.210,
01/01/2000,01:11:32.56,18.91,-56.61,-992.35,148.75,-717.50,-376.25,1,94.211,
01/01/2000,01:11:32.57,19.15,-56.85,-992.35,201.25,-752.50,-455.0,1,94.212,
01/01/2000,01:11:32.58,20.62,-56.73,-992.35,210.0,-656.25,-603.75,1,94.213,
01/01/2000,01:11:32.59,21.59,-56.61,-992.59,358.75,-700.0,-323.75,1,94.214,
01/01/2000,01:11:32.60,22.69,-56.61,-992.59,140.0,-665.0,-411.25,1,94.215,
01/01/2000,01:11:32.61,23.67,-56.97,-992.84,192.50,-700.0,-245.0,1,94.216,
01/01/2000,01:11:32.62,23.67,-57.34,-992.84,183.75,-621.25,-288.75,1,94.216,
01/01/2000,01:11:32.63,23.18,-57.10,-992.84,131.25,-787.50,-358.75,1,94.217,
01/01/2000,01:11:32.64,22.20,-57.10,-992.59,271.25,-682.50,-280.0,1,94.218,
01/01/2000,01:11:32.65,21.11,-56.73,-992.35,210.0,-761.25,-218.75,1,94.219,
01/01/2000,01:11:32.66,19.89,-56.61,-992.35,157.50,-647.50,-315.0,1,94.206,
01/01/2000,01:11:32.67,19.76,-56.61,-992.23,271.25,-735.0,-621.25,1,94.206,
01/01/2000,01:11:32.68,20.25,-56.61,-992.10,280.0,-682.50,-428.75,1,94.207,
01/01/2000,01:11:32.69,21.96,-56.73,-992.10,122.50,-638.75,-490.0,1,94.208,
01/01/2000,01:11:32.70,22.94,-56.97,-992.23,166.25,-735.0,-332.50,1,94.209,
01/01/2000,01:11:32.71,23.67,-57.10,-992.59,227.50,-743.75,-332.50,1,94.210,
01/01/2000,01:11:32.72,23.67,-57.10,-993.08,61.25,-586.25,-306.25,1,94.211,
01/01/2000,01:11:32.74,22.69,-56.73,-992.96,262.50,-805.0,-70.0,1,94.212,
01/01/2000,01:11:32.75,20.98,-56.61,-992.71,210.0,-700.0,-113.75,1,94.213,
01/01/2000,01:11:32.76,20.01,-56.85,-992.59,192.50,-647.50,-323.75,1,94.213,
01/01/2000,01:11:32.77,19.52,-56.85,-992.47,78.75,-770.0,-437.50,1,94.214,
01/01/2000,01:11:32.78,19.52,-57.10,-992.35,166.25,-735.0,-481.25,1,94.215,
01/01/2000,01:11:32.79,19.76,-56.85,-992.59,148.75,-717.50,-525.0,1,94.216,
01/01/2000,01:11:32.80,20.86,-56.61,-992.84,201.25,-551.25,-516.25,1,94.217,
01/01/2000,01:11:32.81,22.20,-56.61,-992.84,183.75,-647.50,-262.50,1,94.218,
01/01/2000,01:11:32.82,22.57,-56.73,-992.84,183.75,-621.25,-280.0,1,94.219,
01/01/2000,01:11:32.83,22.81,-56.85,-992.71,78.75,-656.25,-262.50,1,94.220,
01/01/2000,01:11:32.84,22.69,-57.10,-992.71,280.0,-761.25,-332.50,1,94.221,
01/01/2000,01:11:32.85,21.72,-56.85,-992.59,122.50,-717.50,-280.0,1,94.221,
01/01/2000,01:11:32.86,21.23,-56.73,-992.59,105.0,-682.50,-358.75,1,94.222,
01/01/2000,01:11:32.87,21.59,-56.49,-992.23,78.75,-638.75,-472.50,1,94.209,
01/01/2000,01:11:32.88,22.81,-56.36,-991.86,210.0,-743.75,-481.25,1,94.210,
01/01/2000,01:11:32.90,24.89,-56.36,-991.49,96.25,-682.50,-682.50,1,94.211,
01/01/2000,01:11:32.91,27.33,-57.10,-991.86,210.0,-735.0,-472.50,1,94.211,
01/01/2000,01:11:32.92,30.74,-57.34,-992.84,61.25,-743.75,-472.50,1,94.212,
01/01/2000,01:11:32.93,32.09,-57.34,-993.57,262.50,-708.75,-323.75,1,94.213,
01/01/2000,01:11:32.94,32.21,-56.85,-993.45,70.0,-586.25,-306.25,1,94.214,
01/01/2000,01:11:32.95,29.89,-56.61,-992.71,192.50,-708.75,8.75,1,94.215,
01/01/2000,01:11:32.96,27.82,-56.61,-992.23,210.0,-665.0,17.50,1,94.216,
01/01/2000,01:11:32.97,25.13,-57.22,-991.74,315.0,-682.50,-393.75,1,94.217,
01/01/2000,01:11:32.98,24.52,-56.97,-991.86,26.25,-568.75,-918.75,1,94.218,
01/01/2000,01:11:32.99,25.62,-56.85,-992.10,201.25,-621.25,-971.25,1,94.219,
01/01/2000,01:11:33.00,28.06,-56.36,-992.35,148.75,-638.75,-857.50,1,94.219,
01/01/2000,01:11:33.02,34.16,-56.61,-992.59,157.50,-682.50,-393.75,1,94.206,
01/01/2000,01:11:33.03,36.60,-57.34,-992.35,218.75,-796.25,-122.50,1,94.207,
01/01/2000,01:11:33.04,36.84,-57.71,-992.35,113.75,-805.0,0.0,1,94.208,
01/01/2000,01:11:33.05,35.99,-57.58,-992.59,175.0,-700.0,-210.0,1,94.209,
01/01/2000,01:11:33.06,33.79,-56.97,-992.71,8.75,-735.0,-210.0,1,94.209,
01/01/2000,01:11:33.07,28.91,-56.61,-992.47,227.50,-726.25,-560.0,1,94.210,
01/01/2000,01:11:33.08,27.21,-56.61,-991.98,271.25,-726.25,-866.25,1,94.211,
01/01/2000,01:11:33.09,25.13,-56.85,-991.74,166.25,-682.50,-778.75,1,94.212,
01/01/2000,01:11:33.10,25.38,-57.10,-991.62,175.0,-708.75,-813.75,1,94.213,
01/01/2000,01:11:33.11,27.08,-57.34,-991.62,280.0,-717.50,-971.25,1,94.214,
01/01/2000,01:11:33.12,28.91,-57.10,-991.98,131.25,-743.75,-717.50,1,94.215,
01/01/2000,01:11:33.13,30.62,-56.85,-992.84,-17.50,-770.0,315.0,1,94.216,
01/01/2000,01:11:33.14,30.26,-57.46,-993.57,140.0,-647.50,446.25,1,94.216,
01/01/2000,01:11:33.15,28.06,-57.46,-993.32,218.75,-673.75,-192.50,1,94.217,
01/01/2000,01:11:33.16,25.01,-57.22,-992.59,253.75,-595.0,-393.75,1,94.204,
01/01/2000,01:11:33.17,23.06,-56.97,-991.49,245.0,-638.75,-507.50,1,94.205,
01/01/2000,01:11:33.18,22.69,-56.61,-992.10,87.50,-752.50,-665.0,1,94.206,
01/01/2000,01:11:33.19,23.67,-56.85,-993.08,175.0,-726.25,-595.0,1,94.207,
01/01/2000,01:11:33.20,24.77,-57.34,-993.57,201.25,-568.75,-166.25,1,94.208,
01/01/2000,01:11:33.21,25.13,-57.58,-993.32,210.0,-665.0,-183.75,1,94.208,
01/01/2000,01:11:33.23,24.16,-57.22,-992.10,61.25,-761.25,-271.25,1,94.209,
01/01/2000,01:11:33.24,22.45,-57.10,-991.86,61.25,-726.25,-315.0,1,94.210,
01/01/2000,01:11:33.25,21.84,-56.85,-992.47,70.0,-612.50,-350.0,1,94.211,
01/01/2000,01:11:33.26,21.96,-56.97,-992.96,192.50,-726.25,-525.0,1,94.212,
01/01/2000,01:11:33.27,22.08,-56.85,-993.08,157.50,-525.0,-280.0,1,94.213,
01/01/2000,01:11:33.28,22.45,-57.10,-992.35,78.75,-717.50,-376.25,1,94.214,
01/01/2000,01:11:33.29,22.69,-57.34,-991.98,183.75,-761.25,-297.50,1,94.215,
01/01/2000,01:11:33.30,22.45,-57.58,-992.47,183.75,-700.0,-323.75,1,94.215,
01/01/2000,01:11:33.31,21.96,-57.34,-992.71,262.50,-656.25,-341.25,1,94.216,
01/01/2000,01:11:33.32,21.47,-56.97,-992.84,192.50,-638.75,-411.25,1,94.217,
01/01/2000,01:11:33.33,21.23,-56.61,-992.47,166.25,-700.0,-271.25,1,94.218,
01/01/2000,01:11:33.34,21.35,-56.85,-992.10,175.0,-673.75,-315.0,1,94.219,
01/01/2000,01:11:33.35,21.72,-57.34,-992.23,166.25,-656.25,-350.0,1,94.220,
01/01/2000,01:11:33.36,21.96,-57.71,-992.47,122.50,-630.0,-428.75,1,94.221,
01/01/2000,01:11:33.37,22.08,-57.58,-992.59,113.75,-682.50,-297.50,1,94.207,
01/01/2000,01:11:33.39,21.84,-56.85,-992.35,70.0,-638.75,-358.75,1,94.208,
01/01/2000,01:11:33.40,21.35,-56.49,-992.10,166.25,-726.25,-183.75,1,94.209,
01/01/2000,01:11:33.41,21.35,-56.85,-992.10,140.0,-665.0,-183.75,1,94.210,
01/01/2000,01:11:33.42,21.35,-57.10,-992.23,17.50,-743.75,-358.75,1,94.211,
01/01/2000,01:11:33.43,21.47,-57.46,-992.35,271.25,-656.25,-472.50,1,94.212,
01/01/2000,01:11:33.44,21.72,-57.22,-992.35,183.75,-682.50,-262.50,1,94.213,
01/01/2000,01:11:33.45,21.59,-56.85,-992.35,105.0,-778.75,-341.25,1,94.213,
01/01/2000,01:11:33.46,21.35,-56.61,-992.35,166.25,-568.75,-245.0,1,94.214,
01/01/2000,01:11:33.47,21.11,-56.73,-992.59,280.0,-717.50,-271.25,1,94.215,
01/01/2000,01:11:33.48,21.23,-56.85,-993.32,166.25,-805.0,-481.25,1,94.216,
01/01/2000,01:11:33.49,21.96,-57.10,-994.91,192.50,-761.25,-131.25,1,94.217,
01/01/2000,01:11:33.50,20.01,-57.22,-996.50,113.75,-700.0,78.75,1,94.218,
01/01/2000,01:11:33.51,18.30,-56.85,-996.74,192.50,-700.0,-481.25,1,94.204,
01/01/2000,01:11:33.53,18.30,-56.24,-997.59,166.25,-638.75,-341.25,1,94.205,
01/01/2000,01:11:33.54,19.76,-56.73,-998.45,210.0,-770.0,-507.50,1,94.206,
01/01/2000,01:11:33.55,21.72,-57.10,-999.91,192.50,-743.75,-437.50,1,94.207,
01/01/2000,01:11:33.56,24.52,-57.46,-1000.52,192.50,-761.25,-385.0,1,94.208,
01/01/2000,01:11:33.57,25.13,-57.34,-999.91,140.0,-743.75,-245.0,1,94.209,
01/01/2000,01:11:33.58,25.25,-56.97,-999.67,210.0,-796.25,-253.75,1,94.210,
01/01/2000,01:11:33.59,24.64,-57.10,-1000.40,96.25,-883.75,-236.25,1,94.211,
01/01/2000,01:11:33.60,23.79,-57.34,-1001.86,201.25,-656.25,-402.50,1,94.211,
01/01/2000,01:11:33.61,22.69,-57.34,-1003.45,192.50,-673.75,-332.50,1,94.212,
01/01/2000,01:11:33.62,21.72,-57.34,-1004.43,210.0,-647.50,-315.0,1,94.213,
01/01/2000,01:11:33.63,20.74,-56.85,-1004.91,105.0,-743.75,-288.75,1,94.214,
01/01/2000,01:11:33.64,20.13,-56.85,-1004.30,52.50,-708.75,-253.75,1,94.215,
01/01/2000,01:11:33.65,20.01,-56.97,-1003.33,245.0,-621.25,-253.75,1,94.202,
01/01/2000,01:11:33.66,20.01,-57.10,-1001.25,113.75,-700.0,-393.75,1,94.202,
01/01/2000,01:11:33.67,20.37,-57.34,-999.91,175.0,-752.50,-393.75,1,94.203,
01/01/2000,01:11:33.68,20.74,-57.22,-999.06,175.0,-822.50,-393.75,1,94.204,
01/01/2000,01:11:33.69,21.47,-57.10,-998.94,192.50,-700.0,-358.75,1,94.205,
01/01/2000,01:11:33.70,22.57,-57.10,-999.55,52.50,-787.50,-393.75,1,94.206,
01/01/2000,01:11:33.71,24.28,-57.22,-1001.25,131.25,-743.75,-280.0,1,94.207,
01/01/2000,01:11:33.72,24.40,-57.58,-1001.62,358.75,-691.25,-280.0,1,94.208,
01/01/2000,01:11:33.73,23.91,-57.46,-1001.50,131.25,-682.50,-113.75,1,94.209,
01/01/2000,01:11:33.74,22.94,-57.34,-999.91,61.25,-735.0,-166.25,1,94.209,
01/01/2000,01:11:33.75,21.11,-57.46,-998.45,210.0,-638.75,-262.50,1,94.210,
01/01/2000,01:11:33.76,20.25,-57.10,-997.23,52.50,-691.25,-481.25,1,94.211,
01/01/2000,01:11:33.77,19.52,-56.97,-996.25,253.75,-595.0,-507.50,1,94.212,
01/01/2000,01:11:33.79,19.28,-56.85,-995.03,323.75,-647.50,-323.75,1,94.213,
01/01/2000,01:11:33.80,19.52,-56.97,-994.54,183.75,-630.0,-586.25,1,94.214,
01/01/2000,01:11:33.81,20.50,-56.97,-994.30,253.75,-735.0,-752.50,1,94.215,
01/01/2000,01:11:33.82,21.23,-57.10,-994.06,227.50,-726.25,-735.0,1,94.215,
01/01/2000,01:11:33.83,21.35,-56.85,-993.57,122.50,-665.0,-402.50,1,94.216,
01/01/2000,01:11:33.84,21.47,-56.85,-993.08,140.0,-866.25,-245.0,1,94.217,
01/01/2000,01:11:33.85,21.72,-57.22,-993.32,166.25,-743.75,-481.25,1,94.218,
01/01/2000,01:11:33.86,22.33,-57.22,-994.54,192.50,-691.25,-385.0,1,94.205,
01/01/2000,01:11:33.87,22.57,-57.10,-995.03,218.75,-743.75,-253.75,1,94.206,
01/01/2000,01:11:33.88,22.45,-56.97,-994.79,105.0,-595.0,-367.50,1,94.207,
01/01/2000,01:11:33.89,22.08,-56.85,-994.30,262.50,-673.75,-271.25,1,94.207,
01/01/2000,01:11:33.90,21.96,-57.10,-993.69,61.25,-638.75,-288.75,1,94.208,
01/01/2000,01:11:33.91,21.84,-57.46,-993.32,236.25,-700.0,-411.25,1,94.209,
01/01/2000,01:11:33.92,22.45,-57.22,-993.08,148.75,-735.0,-516.25,1,94.210,
01/01/2000,01:11:33.94,22.94,-56.85,-992.96,323.75,-805.0,-341.25,1,94.211,
01/01/2000,01:11:33.95,22.94,-56.85,-992.84,105.0,-761.25,-393.75,1,94.212,
01/01/2000,01:11:33.96,22.57,-56.97,-992.71,113.75,-735.0,-280.0,1,94.213,
01/01/2000,01:11:33.97,21.47,-57.10,-992.10,402.50,-621.25,-245.0,1,94.214,
01/01/2000,01:11:33.98,20.25,-57.10,-991.25,253.75,-726.25,-350.0,1,94.214,
01/01/2000,01:11:33.99,19.76,-56.73,-991.13,35.0,-770.0,-393.75,1,94.215,
01/01/2000,01:11:34.00,20.01,-56.85,-992.35,87.50,-726.25,-770.0,1,94.216,
01/01/2000,01:11:34.01,20.74,-56.97,-993.57,227.50,-717.50,-822.50,1,94.217,
01/01/2000,01:11:34.02,21.72,-56.97,-993.93,175.0,-726.25,-498.75,1,94.218,
01/01/2000,01:11:34.03,23.18,-56.85,-993.20,148.75,-700.0,-157.50,1,94.205,
01/01/2000,01:11:34.05,23.42,-56.73,-992.59,113.75,-691.25,-218.75,1,94.205,
01/01/2000,01:11:34.06,23.42,-57.34,-992.35,262.50,-761.25,-516.25,1,94.206,
01/01/2000,01:11:34.07,22.81,-57.22,-992.59,201.25,-770.0,-315.0,1,94.207,
01/01/2000,01:11:34.08,21.72,-56.85,-992.35,218.75,-665.0,-315.0,1,94.208,
01/01/2000,01:11:34.09,20.74,-56.49,-991.86,175.0,-700.0,-35.0,1,94.209,
01/01/2000,01:11:34.10,20.01,-56.24,-991.37,201.25,-656.25,-201.25,1,94.210,
01/01/2000,01:11:34.11,19.15,-56.73,-990.64,87.50,-612.50,-271.25,1,94.211,
01/01/2000,01:11:34.12,18.79,-57.46,-990.15,271.25,-761.25,-472.50,1,94.212,
01/01/2000,01:11:34.13,18.67,-57.34,-990.40,140.0,-700.0,-560.0,1,94.212,
01/01/2000,01:11:34.14,19.40,-56.97,-991.25,227.50,-857.50,-647.50,1,94.213,
01/01/2000,01:11:34.15,21.47,-56.49,-992.96,17.50,-717.50,-656.25,1,94.214,
01/01/2000,01:11:34.16,23.18,-56.36,-993.69,315.0,-603.75,-498.75,1,94.215,
01/01/2000,01:11:34.17,24.40,-56.73,-993.93,131.25,-656.25,-105.0,1,94.216,
01/01/2000,01:11:34.18,24.89,-57.34,-992.71,166.25,-787.50,43.75,1,94.217,
01/01/2000,01:11:34.19,24.16,-57.34,-991.86,26.25,-770.0,157.50,1,94.218,
01/01/2000,01:11:34.20,22.94,-57.34,-991.49,175.0,-691.25,-253.75,1,94.218,
01/01/2000,01:11:34.21,20.74,-56.61,-991.86,210.0,-708.75,-350.0,1,94.205,
01/01/2000,01:11:34.22,19.52,-56.36,-992.10,157.50,-638.75,-297.50,1,94.206,
01/01/2000,01:11:34.23,18.54,-56.36,-992.23,148.75,-656.25,-367.50,1,94.207,
01/01/2000,01:11:34.24,18.30,-56.61,-991.49,175.0,-612.50,-341.25,1,94.208,
01/01/2000,01:11:34.25,18.67,-56.85,-990.40,218.75,-682.50,-586.25,1,94.209,
01/01/2000,01:11:34.26,18.91,-57.10,-989.42,218.75,-726.25,-533.75,1,94.210,
01/01/2000,01:11:34.27,19.52,-56.97,-989.42,201.25,-813.75,-428.75,1,94.210,
01/01/2000,01:11:34.29,22.69,-56.97,-993.93,157.50,-673.75,-533.75,1,94.197,
01/01/2000,01:11:34.30,23.55,-56.85,-995.03,148.75,-568.75,-218.75,1,94.198,
01/01/2000,01:11:34.31,23.79,-56.49,-994.79,218.75,-577.50,-245.0,1,94.199,
01/01/2000,01:11:34.33,22.45,-56.73,-992.47,166.25,-647.50,-70.0,1,94.200,
01/01/2000,01:11:34.33,21.23,-57.22,-991.13,17.50,-796.25,-236.25,1,94.201,
01/01/2000,01:11:34.35,20.01,-57.58,-990.76,166.25,-673.75,-288.75,1,94.202,
01/01/2000,01:11:34.36,19.28,-57.46,-991.25,315.0,-778.75,-542.50,1,94.202,
01/01/2000,01:11:34.37,19.28,-56.85,-992.84,201.25,-621.25,-446.25,1,94.203,
01/01/2000,01:11:34.38,20.01,-56.36,-993.57,245.0,-726.25,-463.75,1,94.204,
01/01/2000,01:11:34.39,21.47,-56.49,-993.69,245.0,-743.75,-166.25,1,94.205,
01/01/2000,01:11:34.40,22.45,-56.85,-992.59,140.0,-665.0,-315.0,1,94.206,
01/01/2000,01:11:34.41,22.81,-57.46,-990.88,280.0,-708.75,-376.25,1,94.207,
01/01/2000,01:11:34.42,23.18,-57.58,-990.03,105.0,-787.50,-411.25,1,94.208,
01/01/2000,01:11:34.43,23.42,-57.34,-991.37,35.0,-778.75,-376.25,1,94.195,
01/01/2000,01:11:34.44,23.30,-57.10,-994.18,122.50,-708.75,-227.50,1,94.195,
01/01/2000,01:11:34.45,22.94,-56.61,-995.15,201.25,-708.75,-245.0,1,94.196,
01/01/2000,01:11:34.46,22.33,-56.49,-994.79,236.25,-568.75,-166.25,1,94.197,
01/01/2000,01:11:34.47,21.59,-56.85,-993.32,227.50,-638.75,-148.75,1,94.198,
01/01/2000,01:11:34.48,21.11,-57.10,-992.23,183.75,-787.50,-341.25,1,94.199,
01/01/2000,01:11:34.49,20.50,-57.58,-991.49,236.25,-778.75,-437.50,1,94.200,
01/01/2000,01:11:34.51,20.62,-57.10,-992.10,288.75,-630.0,-595.0,1,94.201,
01/01/2000,01:11:34.52,20.62,-56.49,-992.71,175.0,-647.50,-323.75,1,94.201,
01/01/2000,01:11:34.53,20.98,-56.24,-993.08,157.50,-682.50,-306.25,1,94.202,
01/01/2000,01:11:34.54,21.35,-56.61,-992.59,192.50,-761.25,-140.0,1,94.203,
01/01/2000,01:11:34.55,21.23,-57.46,-991.01,183.75,-682.50,-236.25,1,94.190,
01/01/2000,01:11:34.56,20.50,-57.58,-990.15,236.25,-778.75,-218.75,1,94.205,
01/01/2000,01:11:34.57,20.13,-57.34,-990.03,105.0,-787.50,-735.0,1,94.192,
01/01/2000,01:11:34.58,20.50,-56.85,-991.86,122.50,-778.75,-446.25,1,94.193,
01/01/2000,01:11:34.59,21.11,-56.36,-993.45,148.75,-770.0,-218.75,1,94.193,
01/01/2000,01:11:34.60,21.59,-56.73,-994.30,271.25,-647.50,-236.25,1,94.194,
01/01/2000,01:11:34.61,22.08,-56.73,-994.30,105.0,-630.0,-201.25,1,94.195,
01/01/2000,01:11:34.62,22.33,-57.34,-993.57,148.75,-656.25,-288.75,1,94.196,
01/01/2000,01:11:34.63,22.33,-57.83,-993.32,271.25,-778.75,-455.0,1,94.197,
01/01/2000,01:11:34.65,22.08,-57.58,-992.96,166.25,-621.25,-428.75,1,94.198,
01/01/2000,01:11:34.66,21.72,-57.10,-992.47,271.25,-717.50,-253.75,1,94.199,
01/01/2000,01:11:34.67,20.62,-56.61,-991.86,131.25,-691.25,-297.50,1,94.199,
01/01/2000,01:11:34.68,20.50,-56.85,-991.62,192.50,-638.75,-402.50,1,94.200,
01/01/2000,01:11:34.69,20.62,-57.22,-991.25,227.50,-691.25,-341.25,1,94.201,
01/01/2000,01:11:34.70,20.86,-57.58,-991.01,245.0,-673.75,-332.50,1,94.202,
01/01/2000,01:11:34.71,21.23,-57.34,-990.27,201.25,-673.75,-323.75,1,94.203,
01/01/2000,01:11:34.72,21.72,-56.97,-990.27,236.25,-787.50,-385.0,1,94.204,
01/01/2000,01:11:34.73,21.72,-56.85,-990.88,210.0,-700.0,-262.50,1,94.205,
01/01/2000,01:11:34.74,21.47,-56.85,-991.62,140.0,-805.0,-297.50,1,94.205,
01/01/2000,01:11:34.75,21.23,-57.10,-993.08,175.0,-778.75,-472.50,1,94.206,
01/01/2000,01:11:34.76,21.11,-57.10,-993.57,183.75,-603.75,-288.75,1,94.207,
01/01/2000,01:11:34.77,20.86,-57.10,-993.32,218.75,-638.75,-463.75,1,94.208,
01/01/2000,01:11:34.78,20.98,-56.73,-992.84,166.25,-761.25,-411.25,1,94.209,
01/01/2000,01:11:34.79,21.23,-57.10,-992.23,306.25,-595.0,-358.75,1,94.210,
01/01/2000,01:11:34.80,21.47,-57.34,-991.86,113.75,-700.0,-350.0,1,94.211,
01/01/2000,01:11:34.81,21.47,-57.34,-991.74,52.50,-647.50,-393.75,1,94.211,
01/01/2000,01:11:34.82,21.35,-57.34,-991.49,227.50,-770.0,-341.25,1,94.212,
01/01/2000,01:11:34.83,21.23,-57.34,-991.49,175.0,-656.25,-507.50,1,94.213,
01/01/2000,01:11:34.84,20.74,-56.85,-991.37,280.0,-708.75,-271.25,1,94.214,
01/01/2000,01:11:34.85,20.50,-56.85,-991.01,148.75,-691.25,-341.25,1,94.201,
01/01/2000,01:11:34.86,20.01,-57.22,-990.40,306.25,-735.0,-253.75,1,94.202,
01/01/2000,01:11:34.87,20.01,-57.10,-990.40,8.75,-752.50,-463.75,1,94.203,
01/01/2000,01:11:34.89,20.37,-57.22,-991.25,218.75,-708.75,-446.25,1,94.204,
01/01/2000,01:11:34.90,21.11,-56.97,-992.23,113.75,-708.75,-420.0,1,94.204,
01/01/2000,01:11:34.91,21.47,-57.10,-993.32,350.0,-840.0,-315.0,1,94.205,
01/01/2000,01:11:34.92,22.08,-57.10,-993.57,96.25,-647.50,-253.75,1,94.206,
01/01/2000,01:11:34.93,22.45,-57.34,-993.45,271.25,-638.75,-332.50,1,94.207,
01/01/2000,01:11:34.94,22.20,-57.34,-992.96,227.50,-717.50,-358.75,1,94.208,
01/01/2000,01:11:34.95,21.96,-57.22,-992.35,78.75,-682.50,-306.25,1,94.209,
01/01/2000,01:11:34.96,21.72,-57.10,-991.86,245.0,-726.25,-227.50,1,94.210,
01/01/2000,01:11:34.97,21.11,-57.10,-991.13,210.0,-630.0,-367.50,1,94.210,
01/01/2000,01:11:34.98,20.74,-57.10,-991.25,262.50,-630.0,-420.0,1,94.211,
01/01/2000,01:11:34.99,21.47,-57.10,-992.23,96.25,-577.50,-472.50,1,94.198,
01/01/2000,01:11:35.00,21.59,-57.34,-992.35,140.0,-595.0,-288.75,1,94.199,
01/01/2000,01:11:35.01,21.47,-56.97,-991.62,166.25,-691.25,-297.50,1,94.200,
01/01/2000,01:11:35.02,21.35,-57.22,-991.01,227.50,-857.50,-236.25,1,94.201,
01/01/2000,01:11:35.03,21.11,-57.34,-991.86,52.50,-647.50,-446.25,1,94.202,
01/01/2000,01:11:35.04,21.23,-57.58,-993.20,245.0,-612.50,-533.75,1,94.202,
01/01/2000,01:11:35.06,21.11,-56.61,-994.18,227.50,-630.0,-218.75,1,94.189,
01/01/2000,01:11:35.07,21.72,-56.73,-993.20,271.25,-726.25,-271.25,1,94.190,
01/01/2000,01:11:35.08,21.72,-57.34,-992.84,157.50,-717.50,-245.0,1,94.191,
01/01/2000,01:11:35.09,21.84,-57.95,-992.96,297.50,-673.75,-393.75,1,94.192,
01/01/2000,01:11:35.10,22.20,-58.07,-993.57,-61.25,-717.50,-420.0,1,94.193,
01/01/2000,01:11:35.12,22.08,-57.34,-993.81,105.0,-647.50,-358.75,1,94.194,
01/01/2000,01:11:35.12,21.72,-56.97,-993.20,262.50,-665.0,-323.75,1,94.195,
01/01/2000,01:11:35.14,21.47,-56.85,-992.23,105.0,-630.0,-218.75,1,94.195,
01/01/2000,01:11:35.15,20.50,-57.46,-991.37,166.25,-726.25,-140.0,1,94.196,
01/01/2000,01:11:35.16,20.01,-57.71,-990.52,61.25,-761.25,-376.25,1,94.197,
01/01/2000,01:11:35.17,19.76,-57.71,-989.91,175.0,-717.50,-455.0,1,94.198,
01/01/2000,01:11:35.18,19.76,-57.34,-989.91,210.0,-752.50,-446.25,1,94.199,
01/01/2000,01:11:35.19,20.62,-57.10,-992.10,166.25,-743.75,-280.0,1,94.200,
01/01/2000,01:11:35.20,21.59,-56.97,-994.06,201.25,-700.0,-358.75,1,94.201,
01/01/2000,01:11:35.21,22.45,-56.85,-994.79,183.75,-691.25,-297.50,1,94.201,
01/01/2000,01:11:35.22,23.18,-57.10,-994.06,122.50,-752.50,-341.25,1,94.202,
01/01/2000,01:11:35.23,23.42,-57.34,-993.32,201.25,-735.0,-306.25,1,94.203,
01/01/2000,01:11:35.24,22.94,-57.71,-992.71,166.25,-813.75,-288.75,1,94.204,
01/01/2000,01:11:35.25,22.08,-57.58,-992.59,218.75,-743.75,-393.75,1,94.205,
01/01/2000,01:11:35.26,21.23,-57.34,-992.47,280.0,-700.0,-341.25,1,94.206,
01/01/2000,01:11:35.27,20.13,-56.73,-992.23,17.50,-822.50,-341.25,1,94.207,
01/01/2000,01:11:35.28,19.76,-56.85,-991.49,201.25,-708.75,-446.25,1,94.194,
01/01/2000,01:11:35.29,20.01,-57.10,-990.76,227.50,-682.50,-577.50,1,94.208,
01/01/2000,01:11:35.30,20.50,-57.46,-989.91,96.25,-735.0,-367.50,1,94.195,
01/01/2000,01:11:35.31,21.11,-57.58,-989.30,122.50,-647.50,-367.50,1,94.196,
01/01/2000,01:11:35.32,21.59,-57.58,-989.66,8.75,-752.50,-490.0,1,94.197,
01/01/2000,01:11:35.33,22.45,-57.58,-991.01,140.0,-647.50,-350.0,1,94.198,
01/01/2000,01:11:35.35,22.94,-57.46,-993.93,35.0,-700.0,-218.75,1,94.199,
01/01/2000,01:11:35.36,22.94,-57.58,-995.15,297.50,-621.25,-306.25,1,94.200,
01/01/2000,01:11:35.37,22.81,-57.34,-995.40,288.75,-673.75,-262.50,1,94.200,
01/01/2000,01:11:35.38,22.45,-57.34,-994.54,183.75,-630.0,-17.50,1,94.201,
01/01/2000,01:11:35.39,21.35,-57.34,-992.10,166.25,-700.0,-218.75,1,94.202,
01/01/2000,01:11:35.40,20.98,-57.46,-990.76,218.75,-612.50,-376.25,1,94.203,
01/01/2000,01:11:35.41,20.50,-57.58,-990.40,245.0,-682.50,-463.75,1,94.204,
01/01/2000,01:11:35.42,20.50,-57.46,-991.37,262.50,-665.0,-358.75,1,94.205,
01/01/2000,01:11:35.43,20.98,-57.22,-992.47,218.75,-752.50,-498.75,1,94.205,
01/01/2000,01:11:35.44,21.23,-56.85,-993.20,262.50,-743.75,-157.50,1,94.206,
01/01/2000,01:11:35.45,21.47,-57.10,-992.71,140.0,-630.0,-227.50,1,94.207,
01/01/2000,01:11:35.46,21.47,-57.58,-991.37,201.25,-682.50,-323.75,1,94.208,
01/01/2000,01:11:35.47,20.98,-57.58,-989.66,105.0,-682.50,-157.50,1,94.209,
01/01/2000,01:11:35.48,20.25,-57.58,-988.20,113.75,-822.50,-385.0,1,94.210,
01/01/2000,01:11:35.49,19.76,-57.58,-989.42,52.50,-682.50,-621.25,1,94.197,
01/01/2000,01:11:35.50,20.37,-57.58,-993.08,175.0,-682.50,-490.0,1,94.198,
01/01/2000,01:11:35.51,21.47,-57.10,-995.15,131.25,-717.50,-428.75,1,94.198,
01/01/2000,01:11:35.52,22.57,-56.97,-995.76,218.75,-735.0,-350.0,1,94.199,
01/01/2000,01:11:35.53,23.06,-57.10,-995.03,236.25,-630.0,-210.0,1,94.200,
01/01/2000,01:11:35.54,23.18,-57.58,-993.45,78.75,-621.25,-315.0,1,94.201,
01/01/2000,01:11:35.56,21.96,-58.07,-990.88,26.25,-743.75,-288.75,1,94.202,
01/01/2000,01:11:35.57,20.74,-57.71,-991.25,122.50,-743.75,-385.0,1,94.189,
01/01/2000,01:11:35.58,20.25,-57.34,-992.35,297.50,-595.0,-446.25,1,94.190,
01/01/2000,01:11:35.59,20.01,-56.85,-993.08,166.25,-542.50,-428.75,1,94.191,
01/01/2000,01:11:35.60,20.37,-56.97,-993.57,262.50,-621.25,-201.25,1,94.191,
01/01/2000,01:11:35.61,21.35,-57.58,-993.08,341.25,-665.0,-288.75,1,94.192,
01/01/2000,01:11:35.62,21.72,-57.95,-991.62,175.0,-700.0,-341.25,1,94.193,
01/01/2000,01:11:35.63,21.47,-58.32,-989.66,358.75,-656.25,-411.25,1,94.194,
01/01/2000,01:11:35.64,21.11,-57.83,-989.18,70.0,-813.75,-437.50,1,94.195,
01/01/2000,01:11:35.65,21.11,-57.71,-991.13,148.75,-857.50,-446.25,1,94.196,
01/01/2000,01:11:35.66,21.23,-57.58,-993.81,262.50,-700.0,-411.25,1,94.197,
01/01/2000,01:11:35.67,21.59,-57.22,-995.76,131.25,-630.0,-446.25,1,94.197,
01/01/2000,01:11:35.68,22.33,-57.22,-996.25,175.0,-586.25,-166.25,1,94.198,
01/01/2000,01:11:35.69,22.81,-57.34,-994.18,227.50,-691.25,-376.25,1,94.199,
01/01/2000,01:11:35.71,22.94,-57.71,-992.10,201.25,-735.0,-341.25,1,94.200,
01/01/2000,01:11:35.72,22.81,-57.95,-990.88,17.50,-770.0,-420.0,1,94.201,
01/01/2000,01:11:35.73,22.45,-57.95,-990.64,175.0,-726.25,-402.50,1,94.202,
01/01/2000,01:11:35.74,21.47,-57.71,-991.74,175.0,-735.0,-490.0,1,94.202,
01/01/2000,01:11:35.75,20.86,-56.97,-992.59,192.50,-630.0,-262.50,1,94.203,
01/01/2000,01:11:35.76,20.74,-56.73,-993.20,297.50,-638.75,-288.75,1,94.204,
01/01/2000,01:11:35.77,20.98,-56.85,-992.59,113.75,-682.50,-236.25,1,94.205,
01/01/2000,01:11:35.78,20.98,-57.46,-991.01,113.75,-647.50,-306.25,1,94.206,
01/01/2000,01:11:35.79,20.74,-57.83,-988.20,140.0,-752.50,-437.50,1,94.207,
01/01/2000,01:11:35.80,20.37,-57.71,-987.96,166.25,-682.50,-463.75,1,94.208,
01/01/2000,01:11:35.81,20.01,-57.58,-989.18,280.0,-761.25,-428.75,1,94.208,
01/01/2000,01:11:35.82,20.25,-57.22,-991.49,166.25,-630.0,-446.25,1,94.209,
01/01/2000,01:11:35.83,20.74,-57.10,-994.79,271.25,-621.25,-323.75,1,94.210,
01/01/2000,01:11:35.84,21.96,-57.22,-995.28,96.25,-603.75,-148.75,1,94.197,
01/01/2000,01:11:35.85,22.94,-57.46,-994.18,183.75,-778.75,-350.0,1,94.198,
01/01/2000,01:11:35.86,23.30,-57.71,-993.08,78.75,-770.0,-332.50,1,94.199,
01/01/2000,01:11:35.87,23.18,-57.83,-992.35,245.0,-840.0,-402.50,1,94.200,
01/01/2000,01:11:35.88,22.69,-57.83,-992.23,245.0,-743.75,-376.25,1,94.201,
01/01/2000,01:11:35.89,21.47,-57.10,-992.59,105.0,-612.50,-420.0,1,94.201,
01/01/2000,01:11:35.90,20.62,-57.10,-992.47,166.25,-603.75,-288.75,1,94.202,
01/01/2000,01:11:35.92,20.01,-56.97,-991.98,245.0,-673.75,-236.25,1,94.203,
01/01/2000,01:11:35.93,20.01,-57.46,-991.25,131.25,-770.0,-271.25,1,94.204,
01/01/2000,01:11:35.94,20.50,-57.83,-990.52,140.0,-665.0,-385.0,1,94.205,
01/01/2000,01:11:35.95,20.62,-57.71,-989.42,262.50,-612.50,-455.0,1,94.206,
01/01/2000,01:11:35.96,20.98,-57.58,-989.18,157.50,-761.25,-428.75,1,94.206,
01/01/2000,01:11:35.97,21.23,-57.10,-989.91,87.50,-805.0,-367.50,1,94.207,
01/01/2000,01:11:35.98,21.59,-57.10,-992.23,227.50,-813.75,-245.0,1,94.208,
01/01/2000,01:11:35.99,21.96,-57.58,-993.57,323.75,-708.75,-227.50,1,94.195,
01/01/2000,01:11:36.00,22.08,-57.58,-994.54,192.50,-708.75,-533.75,1,94.210,
01/01/2000,01:11:36.01,22.45,-57.58,-994.30,253.75,-612.50,-446.25,1,94.197,
01/01/2000,01:11:36.02,22.45,-57.46,-993.57,218.75,-770.0,-271.25,1,94.198,
01/01/2000,01:11:36.03,22.20,-57.58,-992.84,253.75,-682.50,-280.0,1,94.199,
01/01/2000,01:11:36.04,22.08,-57.71,-992.10,148.75,-691.25,-253.75,1,94.200,
01/01/2000,01:11:36.06,21.47,-57.83,-991.37,245.0,-743.75,-17.50,1,94.200,
01/01/2000,01:11:36.07,20.74,-57.58,-991.25,166.25,-726.25,-385.0,1,94.201,
01/01/2000,01:11:36.08,20.74,-57.58,-991.74,157.50,-726.25,-350.0,1,94.202,
01/01/2000,01:11:36.09,21.11,-57.46,-991.98,166.25,-568.75,-367.50,1,94.203,
01/01/2000,01:11:36.10,21.47,-57.83,-991.98,113.75,-673.75,-350.0,1,94.204,
01/01/2000,01:11:36.11,21.72,-57.95,-991.49,201.25,-700.0,-341.25,1,94.205,
01/01/2000,01:11:36.12,21.59,-57.83,-990.64,192.50,-796.25,-420.0,1,94.205,
01/01/2000,01:11:36.13,21.72,-57.83,-990.64,323.75,-752.50,-288.75,1,94.193,
01/01/2000,01:11:36.14,21.47,-57.83,-991.49,210.0,-717.50,-393.75,1,94.193,
01/01/2000,01:11:36.15,21.47,-58.07,-993.20,210.0,-612.50,-297.50,1,94.194,
01/01/2000,01:11:36.16,21.47,-57.95,-993.81,218.75,-743.75,-525.0,1,94.195,
01/01/2000,01:11:36.17,21.72,-57.58,-993.69,297.50,-638.75,-446.25,1,94.196,
01/01/2000,01:11:36.18,21.96,-57.58,-993.20,175.0,-700.0,-140.0,1,94.197,
01/01/2000,01:11:36.19,22.20,-57.83,-992.23,210.0,-735.0,-385.0,1,94.198,
01/01/2000,01:11:36.20,22.20,-57.95,-991.86,148.75,-682.50,-315.0,1,94.198,
01/01/2000,01:11:36.21,22.20,-58.07,-991.86,210.0,-752.50,-420.0,1,94.199,
01/01/2000,01:11:36.22,21.96,-57.83,-992.23,96.25,-726.25,-358.75,1,94.200,
01/01/2000,01:11:36.23,21.47,-57.58,-992.10,113.75,-603.75,-297.50,1,94.201,
01/01/2000,01:11:36.24,20.74,-57.34,-992.10,210.0,-761.25,-341.25,1,94.202,
01/01/2000,01:11:36.25,20.62,-57.34,-991.98,201.25,-752.50,-306.25,1,94.203,
01/01/2000,01:11:36.27,20.74,-57.58,-991.86,210.0,-665.0,-350.0,1,94.204,
01/01/2000,01:11:36.28,20.50,-57.71,-991.13,70.0,-665.0,-385.0,1,94.204,
01/01/2000,01:11:36.29,20.50,-57.58,-990.64,218.75,-708.75,-271.25,1,94.205,
01/01/2000,01:11:36.30,20.74,-57.34,-990.88,183.75,-813.75,-385.0,1,94.206,
01/01/2000,01:11:36.31,21.11,-57.83,-991.98,306.25,-700.0,-376.25,1,94.207,
01/01/2000,01:11:36.32,21.72,-57.71,-993.81,0.0,-726.25,-446.25,1,94.208,
01/01/2000,01:11:36.33,21.72,-57.71,-994.18,113.75,-761.25,-306.25,1,94.209,
01/01/2000,01:11:36.34,21.72,-57.58,-993.20,192.50,-656.25,-288.75,1,94.209,
01/01/2000,01:11:36.35,21.47,-57.71,-992.59,131.25,-665.0,-367.50,1,94.210,
01/01/2000,01:11:36.36,21.59,-57.95,-992.47,148.75,-647.50,-315.0,1,94.211,
01/01/2000,01:11:36.37,21.72,-58.32,-993.08,236.25,-682.50,-402.50,1,94.212,
01/01/2000,01:11:36.38,21.72,-58.07,-993.45,166.25,-726.25,-341.25,1,94.213,
01/01/2000,01:11:36.39,21.84,-57.83,-993.20,271.25,-673.75,-385.0,1,94.214,
01/01/2000,01:11:36.40,21.59,-57.46,-992.10,297.50,-656.25,-367.50,1,94.201,
01/01/2000,01:11:36.41,21.35,-57.46,-991.37,140.0,-708.75,-297.50,1,94.202,
01/01/2000,01:11:36.42,21.23,-57.95,-991.01,236.25,-770.0,-446.25,1,94.202,
01/01/2000,01:11:36.43,20.98,-58.07,-991.01,210.0,-735.0,-463.75,1,94.203,
01/01/2000,01:11:36.44,20.98,-57.83,-991.13,122.50,-673.75,-402.50,1,94.204,
01/01/2000,01:11:36.45,20.74,-57.58,-991.01,157.50,-673.75,-271.25,1,94.205,
01/01/2000,01:11:36.46,20.98,-57.10,-991.49,113.75,-735.0,-236.25,1,94.206,
01/01/2000,01:11:36.48,21.35,-57.58,-992.47,192.50,-735.0,-288.75,1,94.207,
01/01/2000,01:11:36.49,21.59,-57.83,-993.08,245.0,-743.75,-393.75,1,94.207,
01/01/2000,01:11:36.50,21.96,-57.83,-993.20,183.75,-603.75,-253.75,1,94.208,
01/01/2000,01:11:36.51,21.72,-57.83,-992.84,166.25,-630.0,-455.0,1,94.209,
01/01/2000,01:11:36.52,21.59,-57.83,-992.47,253.75,-577.50,-245.0,1,94.210,
01/01/2000,01:11:36.53,21.35,-57.58,-992.23,131.25,-770.0,-376.25,1,94.211,
01/01/2000,01:11:36.54,21.11,-57.83,-992.10,175.0,-778.75,-323.75,1,94.212,
01/01/2000,01:11:36.55,20.98,-57.83,-992.23,87.50,-621.25,-376.25,1,94.212,
01/01/2000,01:11:36.56,21.23,-57.83,-992.35,306.25,-621.25,-253.75,1,94.213,
01/01/2000,01:11:36.57,21.35,-57.58,-992.10,113.75,-726.25,-376.25,1,94.214,
01/01/2000,01:11:36.59,21.47,-57.58,-991.86,262.50,-630.0,-315.0,1,94.201,
01/01/2000,01:11:36.60,21.47,-58.07,-991.62,227.50,-647.50,-323.75,1,94.202,
01/01/2000,01:11:36.61,21.23,-57.83,-991.37,175.0,-717.50,-446.25,1,94.203,
01/01/2000,01:11:36.62,20.98,-57.83,-991.13,218.75,-717.50,-341.25,1,94.204,
01/01/2000,01:11:36.63,20.86,-57.83,-991.13,0.0,-630.0,-358.75,1,94.205,
01/01/2000,01:11:36.64,20.74,-57.83,-991.98,253.75,-656.25,-297.50,1,94.206,
01/01/2000,01:11:36.65,20.98,-57.71,-992.96,113.75,-621.25,-315.0,1,94.206,
01/01/2000,01:11:36.66,21.11,-57.83,-993.69,192.50,-700.0,-341.25,1,94.207,
01/01/2000,01:11:36.67,21.47,-57.83,-993.93,105.0,-673.75,-367.50,1,94.208,
01/01/2000,01:11:36.68,21.47,-57.71,-992.96,210.0,-630.0,-271.25,1,94.209,
01/01/2000,01:11:36.69,21.47,-57.71,-991.98,175.0,-551.25,-323.75,1,94.210,
01/01/2000,01:11:36.70,21.23,-57.83,-991.37,175.0,-787.50,-297.50,1,94.211,
01/01/2000,01:11:36.71,20.98,-57.83,-991.62,35.0,-603.75,-323.75,1,94.211,
01/01/2000,01:11:36.72,21.11,-58.07,-992.35,245.0,-691.25,-332.50,1,94.212,
01/01/2000,01:11:36.73,21.23,-57.83,-992.47,253.75,-525.0,-507.50,1,94.213,
01/01/2000,01:11:36.74,21.35,-57.71,-992.47,192.50,-743.75,-236.25,1,94.214,
01/01/2000,01:11:36.75,21.59,-57.58,-991.86,61.25,-691.25,-271.25,1,94.201,
01/01/2000,01:11:36.76,21.59,-58.19,-991.37,131.25,-612.50,-428.75,1,94.202,
01/01/2000,01:11:36.77,21.35,-58.19,-990.64,245.0,-691.25,-297.50,1,94.203,
01/01/2000,01:11:36.78,20.98,-58.07,-990.15,140.0,-752.50,-350.0,1,94.204,
01/01/2000,01:11:36.79,20.74,-57.95,-990.64,175.0,-726.25,-376.25,1,94.205,
01/01/2000,01:11:36.80,20.86,-57.58,-991.74,297.50,-708.75,-315.0,1,94.205,
01/01/2000,01:11:36.81,21.11,-57.71,-993.08,113.75,-682.50,-367.50,1,94.206,
01/01/2000,01:11:36.83,21.72,-57.71,-994.30,227.50,-717.50,-323.75,1,94.207,
01/01/2000,01:11:36.84,22.20,-57.95,-993.93,122.50,-770.0,-332.50,1,94.208,
01/01/2000,01:11:36.85,21.96,-58.07,-992.84,253.75,-717.50,-332.50,1,94.209,
01/01/2000,01:11:36.86,21.72,-58.07,-991.86,113.75,-752.50,-306.25,1,94.210,
01/01/2000,01:11:36.87,21.23,-58.19,-991.37,236.25,-612.50,-367.50,1,94.210,
01/01/2000,01:11:36.88,20.62,-57.83,-991.86,236.25,-717.50,-288.75,1,94.211,
01/01/2000,01:11:36.89,20.50,-57.71,-992.84,297.50,-612.50,-411.25,1,94.212,
01/01/2000,01:11:36.90,20.74,-57.71,-993.69,227.50,-673.75,-288.75,1,94.213,
01/01/2000,01:11:36.91,21.11,-57.83,-993.81,140.0,-577.50,-315.0,1,94.200,
01/01/2000,01:11:36.92,21.47,-58.07,-993.57,201.25,-638.75,-280.0,1,94.215,
01/01/2000,01:11:36.93,21.72,-58.07,-993.08,175.0,-665.0,-367.50,1,94.202,
01/01/2000,01:11:36.94,21.59,-58.07,-992.10,192.50,-647.50,-428.75,1,94.203,
01/01/2000,01:11:36.95,20.98,-57.83,-991.13,122.50,-787.50,-157.50,1,94.204,
01/01/2000,01:11:36.97,20.37,-57.46,-990.52,227.50,-743.75,-350.0,1,94.204,
01/01/2000,01:11:36.98,20.25,-57.58,-991.01,166.25,-691.25,-280.0,1,94.205,
01/01/2000,01:11:36.99,20.25,-57.95,-992.23,148.75,-603.75,-385.0,1,94.206,
01/01/2000,01:11:37.00,20.86,-58.19,-993.81,105.0,-586.25,-490.0,1,94.207,
01/01/2000,01:11:37.01,21.72,-58.19,-994.18,131.25,-568.75,-420.0,1,94.208,
01/01/2000,01:11:37.02,22.20,-57.83,-994.06,245.0,-805.0,-306.25,1,94.208,
01/01/2000,01:11:37.03,22.33,-57.95,-993.45,218.75,-656.25,-411.25,1,94.209,
01/01/2000,01:11:37.04,22.08,-57.83,-992.59,113.75,-682.50,-297.50,1,94.210,
01/01/2000,01:11:37.05,21.47,-58.32,-992.10,358.75,-595.0,-393.75,1,94.211,
01/01/2000,01:11:37.06,20.98,-58.19,-991.86,43.75,-595.0,-385.0,1,94.212,
01/01/2000,01:11:37.07,20.86,-58.19,-991.86,358.75,-726.25,-323.75,1,94.213,
01/01/2000,01:11:37.08,20.74,-57.83,-991.86,105.0,-735.0,-271.25,1,94.213,
01/01/2000,01:11:37.09,21.11,-57.71,-991.98,140.0,-551.25,-385.0,1,94.201,
01/01/2000,01:11:37.10,21.47,-57.95,-991.86,175.0,-691.25,-358.75,1,94.202,
01/01/2000,01:11:37.12,21.72,-57.95,-991.86,131.25,-673.75,-280.0,1,94.202,
01/01/2000,01:11:37.13,21.72,-58.07,-991.98,52.50,-700.0,-446.25,1,94.203,
01/01/2000,01:11:37.14,21.72,-58.07,-991.13,61.25,-665.0,-288.75,1,94.204,
01/01/2000,01:11:37.15,21.23,-57.71,-990.88,131.25,-778.75,-367.50,1,94.205,
01/01/2000,01:11:37.16,21.23,-57.71,-991.37,175.0,-805.0,-376.25,1,94.206,
01/01/2000,01:11:37.17,21.23,-57.83,-992.10,140.0,-682.50,-323.75,1,94.207,
01/01/2000,01:11:37.18,21.23,-57.95,-993.32,78.75,-717.50,-507.50,1,94.207,
01/01/2000,01:11:37.19,21.47,-57.95,-993.69,323.75,-752.50,-262.50,1,94.208,
01/01/2000,01:11:37.20,21.72,-57.83,-993.93,122.50,-691.25,-402.50,1,94.209,
01/01/2000,01:11:37.21,21.72,-57.83,-993.81,323.75,-708.75,-323.75,1,94.210,
01/01/2000,01:11:37.22,21.96,-57.58,-993.08,26.25,-638.75,-358.75,1,94.211,
01/01/2000,01:11:37.23,21.72,-58.07,-992.47,280.0,-735.0,-157.50,1,94.212,
01/01/2000,01:11:37.24,21.47,-57.83,-991.86,35.0,-621.25,-376.25,1,94.212,
01/01/2000,01:11:37.25,21.23,-57.95,-991.49,227.50,-778.75,-306.25,1,94.213,
01/01/2000,01:11:37.26,21.11,-57.71,-991.49,245.0,-638.75,-560.0,1,94.214,
01/01/2000,01:11:37.27,20.74,-57.83,-991.86,245.0,-796.25,-192.50,1,94.215,
01/01/2000,01:11:37.28,20.86,-57.95,-991.74,262.50,-708.75,-341.25,1,94.216,
01/01/2000,01:11:37.29,20.98,-58.07,-991.86,113.75,-665.0,-350.0,1,94.217,
01/01/2000,01:11:37.30,21.23,-58.07,-991.62,96.25,-770.0,-350.0,1,94.217,
01/01/2000,01:11:37.31,21.23,-58.32,-990.88,218.75,-691.25,-332.50,1,94.218,
01/01/2000,01:11:37.32,21.35,-58.07,-990.40,210.0,-700.0,-385.0,1,94.206,
01/01/2000,01:11:37.33,21.23,-58.07,-990.88,227.50,-621.25,-358.75,1,94.206,
01/01/2000,01:11:37.34,21.23,-58.07,-991.62,218.75,-726.25,-411.25,1,94.207,
01/01/2000,01:11:37.35,21.35,-58.07,-992.84,157.50,-682.50,-332.50,1,94.208,
01/01/2000,01:11:37.36,21.35,-57.95,-993.81,253.75,-647.50,-323.75,1,94.209,
01/01/2000,01:11:37.37,21.35,-57.83,-993.57,306.25,-708.75,-262.50,1,94.210,
01/01/2000,01:11:37.39,21.84,-57.71,-992.84,26.25,-761.25,-192.50,1,94.211,
01/01/2000,01:11:37.40,21.72,-58.07,-992.35,140.0,-770.0,-332.50,1,94.211,
01/01/2000,01:11:37.41,21.59,-58.19,-992.23,192.50,-682.50,-358.75,1,94.212,
01/01/2000,01:11:37.42,21.47,-58.19,-991.86,245.0,-638.75,-393.75,1,94.213,
01/01/2000,01:11:37.43,21.47,-58.07,-991.37,96.25,-700.0,-402.50,1,94.214,
01/01/2000,01:11:37.44,21.11,-57.83,-991.13,245.0,-796.25,-332.50,1,94.215,
01/01/2000,01:11:37.45,21.11,-57.83,-990.88,306.25,-638.75,-332.50,1,94.215,
01/01/2000,01:11:37.46,20.98,-58.32,-991.01,148.75,-743.75,-341.25,1,94.216,
01/01/2000,01:11:37.47,20.86,-58.32,-991.01,175.0,-586.25,-463.75,1,94.217,
01/01/2000,01:11:37.48,21.23,-58.19,-990.15,183.75,-656.25,-411.25,1,94.218,
01/01/2000,01:11:37.49,21.47,-57.95,-988.69,157.50,-621.25,-350.0,1,94.205,
01/01/2000,01:11:37.50,21.23,-57.58,-987.22,201.25,-752.50,-350.0,1,94.220,
01/01/2000,01:11:37.51,21.47,-57.58,-986.00,175.0,-735.0,-297.50,1,94.207,
01/01/2000,01:11:37.53,21.47,-57.95,-984.78,218.75,-577.50,-437.50,1,94.208,
01/01/2000,01:11:37.54,20.98,-57.95,-984.30,70.0,-787.50,-376.25,1,94.209,
01/01/2000,01:11:37.55,21.11,-57.95,-984.54,122.50,-621.25,-350.0,1,94.209,
01/01/2000,01:11:37.56,20.98,-57.58,-985.27,175.0,-691.25,-385.0,1,94.210,
01/01/2000,01:11:37.57,20.86,-57.58,-986.49,148.75,-647.50,-288.75,1,94.211,
01/01/2000,01:11:37.58,21.23,-57.58,-987.59,297.50,-647.50,-420.0,1,94.212,
01/01/2000,01:11:37.59,21.96,-57.71,-988.20,306.25,-691.25,-306.25,1,94.213,
01/01/2000,01:11:37.60,21.72,-57.71,-985.03,131.25,-647.50,-105.0,1,94.200,
01/01/2000,01:11:37.61,21.72,-57.22,-982.10,122.50,-726.25,-350.0,1,94.201,
01/01/2000,01:11:37.62,20.86,-57.71,-979.54,227.50,-700.0,-192.50,1,94.202,
01/01/2000,01:11:37.64,20.50,-57.10,-977.83,-26.25,-691.25,-245.0,1,94.203,
01/01/2000,01:11:37.65,20.01,-57.58,-978.07,140.0,-770.0,-157.50,1,94.204,
01/01/2000,01:11:37.66,20.01,-57.83,-979.78,105.0,-708.75,-437.50,1,94.204,
01/01/2000,01:11:37.67,20.25,-57.83,-981.98,236.25,-656.25,-385.0,1,94.205,
01/01/2000,01:11:37.68,20.50,-57.58,-984.54,210.0,-525.0,-358.75,1,94.206,
01/01/2000,01:11:37.69,20.98,-57.58,-985.39,175.0,-691.25,-358.75,1,94.207,
01/01/2000,01:11:37.70,21.35,-57.71,-985.64,122.50,-708.75,-201.25,1,94.208,
01/01/2000,01:11:37.71,21.23,-58.07,-985.76,113.75,-752.50,-341.25,1,94.208,
01/01/2000,01:11:37.72,21.23,-58.32,-985.03,262.50,-673.75,-210.0,1,94.209,
01/01/2000,01:11:37.73,20.98,-58.32,-983.69,113.75,-770.0,-350.0,1,94.210,
01/01/2000,01:11:37.74,20.74,-58.07,-983.32,183.75,-770.0,-402.50,1,94.211,
01/01/2000,01:11:37.75,20.74,-57.71,-984.30,61.25,-831.25,-218.75,1,94.212,
01/01/2000,01:11:37.76,21.23,-57.83,-987.71,236.25,-700.0,-288.75,1,94.213,
01/01/2000,01:11:37.77,21.47,-58.07,-989.18,271.25,-700.0,-323.75,1,94.213,
01/01/2000,01:11:37.78,21.47,-58.07,-989.79,113.75,-647.50,-358.75,1,94.214,
01/01/2000,01:11:37.79,21.72,-58.07,-989.54,8.75,-560.0,-341.25,1,94.215,
01/01/2000,01:11:37.80,21.84,-58.07,-988.93,236.25,-682.50,-288.75,1,94.216,
01/01/2000,01:11:37.81,21.72,-58.07,-988.81,8.75,-630.0,-376.25,1,94.217,
01/01/2000,01:11:37.82,21.59,-58.32,-989.18,140.0,-770.0,-218.75,1,94.217,
01/01/2000,01:11:37.83,21.47,-58.07,-989.91,78.75,-656.25,-446.25,1,94.218,
01/01/2000,01:11:37.84,21.47,-57.95,-990.88,131.25,-630.0,-288.75,1,94.219,
01/01/2000,01:11:37.85,21.72,-57.83,-991.13,157.50,-743.75,-288.75,1,94.220,
01/01/2000,01:11:37.86,21.72,-57.83,-991.13,201.25,-568.75,-280.0,1,94.221,
01/01/2000,01:11:37.87,21.72,-58.32,-990.88,96.25,-577.50,-306.25,1,94.222,
01/01/2000,01:11:37.88,21.47,-58.56,-990.88,236.25,-691.25,-411.25,1,94.209,
01/01/2000,01:11:37.89,21.23,-58.07,-991.25,245.0,-761.25,-262.50,1,94.210,
01/01/2000,01:11:37.90,21.47,-57.71,-991.49,262.50,-752.50,-393.75,1,94.211,
01/01/2000,01:11:37.91,21.47,-57.58,-991.86,297.50,-656.25,-280.0,1,94.211,
01/01/2000,01:11:37.92,21.47,-57.83,-991.86,201.25,-665.0,-271.25,1,94.212,
01/01/2000,01:11:37.93,21.47,-58.07,-991.86,166.25,-638.75,-288.75,1,94.213,
01/01/2000,01:11:37.95,21.72,-58.32,-991.74,306.25,-656.25,-463.75,1,94.214,
01/01/2000,01:11:37.96,21.59,-58.32,-991.86,157.50,-708.75,-358.75,1,94.215,
01/01/2000,01:11:37.97,21.47,-57.95,-991.86,140.0,-691.25,-332.50,1,94.216,
01/01/2000,01:11:37.98,21.47,-57.71,-991.98,245.0,-647.50,-245.0,1,94.216,
01/01/2000,01:11:37.99,21.47,-57.58,-992.23,218.75,-691.25,-288.75,1,94.217,
01/01/2000,01:11:38.00,21.59,-57.83,-992.35,157.50,-665.0,-358.75,1,94.218,
01/01/2000,01:11:38.01,21.59,-58.19,-992.10,113.75,-682.50,-315.0,1,94.219,
01/01/2000,01:11:38.02,21.59,-58.44,-991.98,122.50,-665.0,-306.25,1,94.220,
01/01/2000,01:11:38.03,21.72,-58.19,-991.86,122.50,-735.0,-437.50,1,94.207,
01/01/2000,01:11:38.04,22.81,-57.83,-992.10,245.0,-568.75,-595.0,1,94.221,
01/01/2000,01:11:38.05,23.91,-57.58,-992.47,78.75,-717.50,-393.75,1,94.209,
01/01/2000,01:11:38.06,25.25,-57.83,-992.59,236.25,-568.75,-113.75,1,94.223,
01/01/2000,01:11:38.07,26.11,-58.32,-991.86,113.75,-647.50,-437.50,1,94.210,
01/01/2000,01:11:38.08,26.60,-58.56,-991.25,183.75,-612.50,-420.0,1,94.211,
01/01/2000,01:11:38.10,28.06,-58.32,-991.37,96.25,-665.0,-525.0,1,94.212,
01/01/2000,01:11:38.11,29.52,-57.95,-992.59,166.25,-700.0,-297.50,1,94.213,
01/01/2000,01:11:38.12,30.01,-57.83,-993.45,245.0,-700.0,-210.0,1,94.214,
01/01/2000,01:11:38.13,29.28,-58.44,-993.08,87.50,-665.0,-166.25,1,94.215,
01/01/2000,01:11:38.14,28.79,-58.32,-992.35,148.75,-682.50,-297.50,1,94.215,
01/01/2000,01:11:38.15,28.43,-58.32,-991.25,210.0,-717.50,-516.25,1,94.216,
01/01/2000,01:11:38.16,29.04,-58.07,-990.64,227.50,-603.75,-656.25,1,94.204,
01/01/2000,01:11:38.17,30.74,-57.58,-991.01,148.75,-708.75,-743.75,1,94.205,
01/01/2000,01:11:38.18,32.82,-57.83,-991.62,253.75,-717.50,-446.25,1,94.205,
01/01/2000,01:11:38.19,34.53,-57.95,-992.23,105.0,-586.25,-113.75,1,94.206,
01/01/2000,01:11:38.20,35.75,-58.68,-992.96,227.50,-647.50,-227.50,1,94.207,
01/01/2000,01:11:38.21,35.14,-58.80,-992.96,157.50,-752.50,-166.25,1,94.208,
01/01/2000,01:11:38.22,33.55,-58.56,-992.47,105.0,-770.0,-183.75,1,94.209,
01/01/2000,01:11:38.23,31.23,-58.07,-992.10,131.25,-743.75,-183.75,1,94.209,
01/01/2000,01:11:38.24,27.57,-57.58,-991.37,157.50,-682.50,-210.0,1,94.210,
01/01/2000,01:11:38.25,26.35,-57.34,-991.25,140.0,-656.25,-402.50,1,94.211,
01/01/2000,01:11:38.26,25.99,-57.46,-991.13,175.0,-638.75,-393.75,1,94.212,
01/01/2000,01:11:38.27,26.60,-57.83,-991.13,96.25,-665.0,-673.75,1,94.213,
01/01/2000,01:11:38.28,27.57,-58.19,-991.49,253.75,-630.0,-525.0,1,94.213,
01/01/2000,01:11:38.29,29.04,-58.32,-991.62,122.50,-761.25,-262.50,1,94.214,
01/01/2000,01:11:38.31,28.67,-58.56,-992.10,227.50,-735.0,-262.50,1,94.215,
01/01/2000,01:11:38.32,27.57,-58.32,-992.35,166.25,-726.25,-262.50,1,94.216,
01/01/2000,01:11:38.33,26.11,-58.07,-992.47,227.50,-831.25,-210.0,1,94.217,
01/01/2000,01:11:38.34,24.89,-57.83,-992.47,96.25,-778.75,-122.50,1,94.218,
01/01/2000,01:11:38.35,23.79,-57.83,-991.86,157.50,-621.25,-472.50,1,94.218,
01/01/2000,01:11:38.36,24.03,-57.83,-991.49,210.0,-577.50,-393.75,1,94.219,
01/01/2000,01:11:38.37,24.28,-58.19,-991.13,52.50,-673.75,-350.0,1,94.220,
01/01/2000,01:11:38.38,24.16,-58.56,-991.01,61.25,-700.0,-332.50,1,94.221,
01/01/2000,01:11:38.39,23.79,-58.44,-991.37,96.25,-761.25,-253.75,1,94.208,
01/01/2000,01:11:38.40,22.94,-58.19,-992.10,43.75,-691.25,-315.0,1,94.222,
01/01/2000,01:11:38.41,21.23,-57.83,-992.47,61.25,-761.25,-306.25,1,94.210,
01/01/2000,01:11:38.42,20.25,-57.95,-992.59,210.0,-743.75,-210.0,1,94.211,
01/01/2000,01:11:38.43,19.76,-57.83,-992.35,140.0,-673.75,-420.0,1,94.212,
01/01/2000,01:11:38.45,20.01,-58.07,-991.74,288.75,-612.50,-332.50,1,94.212,
01/01/2000,01:11:38.46,20.98,-58.07,-991.74,210.0,-691.25,-700.0,1,94.213,
01/01/2000,01:11:38.47,22.69,-58.07,-991.98,140.0,-673.75,-341.25,1,94.214,
01/01/2000,01:11:38.48,23.42,-58.32,-992.47,78.75,-778.75,-323.75,1,94.215,
01/01/2000,01:11:38.49,23.67,-58.32,-992.84,183.75,-743.75,-210.0,1,94.216,
01/01/2000,01:11:38.50,23.42,-58.32,-992.96,157.50,-717.50,-323.75,1,94.216,
01/01/2000,01:11:38.51,22.33,-57.95,-992.84,-8.75,-691.25,-358.75,1,94.217,
01/01/2000,01:11:38.52,21.84,-57.83,-992.59,52.50,-700.0,-428.75,1,94.218,
01/01/2000,01:11:38.53,21.59,-57.83,-992.10,218.75,-682.50,-315.0,1,94.219,
01/01/2000,01:11:38.54,21.47,-57.83,-991.86,43.75,-665.0,-341.25,1,94.220,
01/01/2000,01:11:38.55,21.72,-58.07,-991.86,61.25,-665.0,-402.50,1,94.221,
01/01/2000,01:11:38.56,21.96,-58.32,-992.23,157.50,-831.25,-227.50,1,94.221,
01/01/2000,01:11:38.57,21.72,-58.32,-992.84,26.25,-656.25,-385.0,1,94.222,
01/01/2000,01:11:38.58,20.98,-58.56,-992.59,210.0,-708.75,-245.0,1,94.210,
01/01/2000,01:11:38.59,20.13,-58.32,-992.35,175.0,-717.50,-332.50,1,94.211,
01/01/2000,01:11:38.60,19.28,-58.07,-992.10,105.0,-743.75,-358.75,1,94.211,
01/01/2000,01:11:38.61,19.28,-57.95,-991.86,192.50,-735.0,-341.25,1,94.212,
01/01/2000,01:11:38.63,20.13,-58.07,-991.98,192.50,-656.25,-481.25,1,94.213,
01/01/2000,01:11:38.64,21.23,-58.19,-992.35,-17.50,-805.0,-350.0,1,94.214,
01/01/2000,01:11:38.65,22.08,-58.56,-992.47,157.50,-586.25,-288.75,1,94.215,
01/01/2000,01:11:38.66,22.69,-58.56,-992.59,105.0,-708.75,-420.0,1,94.215,
01/01/2000,01:11:38.67,22.33,-58.32,-992.84,183.75,-682.50,-280.0,1,94.216,
01/01/2000,01:11:38.68,21.96,-58.32,-992.84,17.50,-638.75,-323.75,1,94.217,
01/01/2000,01:11:38.69,21.47,-58.07,-992.35,148.75,-682.50,-341.25,1,94.218,
01/01/2000,01:11:38.70,20.98,-57.83,-991.98,245.0,-595.0,-306.25,1,94.219,
01/01/2000,01:11:38.71,20.86,-57.83,-991.86,70.0,-761.25,-420.0,1,94.219,
01/01/2000,01:11:38.72,21.35,-57.95,-991.98,376.25,-691.25,-306.25,1,94.220,
01/01/2000,01:11:38.73,21.96,-57.83,-992.23,253.75,-673.75,-358.75,1,94.221,
01/01/2000,01:11:38.74,22.20,-58.19,-992.47,218.75,-603.75,-218.75,1,94.209,
01/01/2000,01:11:38.75,22.57,-58.19,-992.71,280.0,-647.50,-358.75,1,94.210,
01/01/2000,01:11:38.76,21.96,-58.07,-992.59,96.25,-673.75,-236.25,1,94.210,
01/01/2000,01:11:38.77,20.98,-58.07,-992.23,175.0,-726.25,-113.75,1,94.211,
01/01/2000,01:11:38.78,19.89,-58.07,-991.86,210.0,-691.25,-341.25,1,94.212,
01/01/2000,01:11:38.80,19.76,-57.71,-991.86,280.0,-630.0,-411.25,1,94.213,
01/01/2000,01:11:38.81,19.89,-57.46,-992.35,166.25,-665.0,-376.25,1,94.214,
01/01/2000,01:11:38.82,20.74,-57.71,-992.71,271.25,-638.75,-306.25,1,94.214,
01/01/2000,01:11:38.83,21.72,-58.07,-992.84,113.75,-691.25,-271.25,1,94.215,
01/01/2000,01:11:38.84,22.33,-58.32,-992.84,192.50,-770.0,-463.75,1,94.216,
01/01/2000,01:11:38.85,22.69,-58.56,-992.35,218.75,-787.50,-341.25,1,94.217,
01/01/2000,01:11:38.86,22.81,-57.83,-992.23,87.50,-735.0,-323.75,1,94.218,
01/01/2000,01:11:38.87,21.96,-57.83,-991.98,78.75,-778.75,-140.0,1,94.218,
01/01/2000,01:11:38.88,20.98,-57.71,-991.98,105.0,-665.0,-367.50,1,94.219,
01/01/2000,01:11:38.89,20.86,-57.83,-992.23,306.25,-743.75,-367.50,1,94.220,
01/01/2000,01:11:38.90,20.74,-58.07,-992.59,271.25,-586.25,-358.75,1,94.221,
01/01/2000,01:11:38.91,21.23,-57.83,-992.84,192.50,-717.50,-463.75,1,94.222,
01/01/2000,01:11:38.92,21.72,-57.83,-992.47,43.75,-630.0,-393.75,1,94.222,
01/01/2000,01:11:38.93,21.96,-58.32,-991.74,113.75,-717.50,-323.75,1,94.210,
01/01/2000,01:11:38.94,21.47,-58.44,-991.62,201.25,-612.50,-332.50,1,94.211,
01/01/2000,01:11:38.95,20.98,-58.32,-991.62,236.25,-831.25,-393.75,1,94.212,
01/01/2000,01:11:38.96,20.37,-58.07,-991.86,78.75,-682.50,-210.0,1,94.213,
01/01/2000,01:11:38.97,19.28,-58.07,-992.47,236.25,-630.0,-297.50,1,94.213,
01/01/2000,01:11:38.98,19.15,-57.58,-992.59,-26.25,-586.25,-262.50,1,94.214,
01/01/2000,01:11:38.99,19.64,-58.07,-992.35,236.25,-665.0,-437.50,1,94.215,
01/01/2000,01:11:39.01,20.50,-58.19,-992.10,105.0,-778.75,-288.75,1,94.216,
01/01/2000,01:11:39.02,21.35,-58.32,-992.10,105.0,-656.25,-428.75,1,94.217,
01/01/2000,01:11:39.03,22.20,-58.68,-991.86,140.0,-682.50,-393.75,1,94.217,
01/01/2000,01:11:39.04,22.45,-58.32,-991.86,183.75,-726.25,-411.25,1,94.218,
01/01/2000,01:11:39.05,22.33,-58.19,-991.86,96.25,-831.25,-323.75,1,94.219,
01/01/2000,01:11:39.06,22.20,-57.95,-992.10,157.50,-630.0,-210.0,1,94.220,
01/01/2000,01:11:39.07,21.72,-58.07,-992.23,140.0,-761.25,-262.50,1,94.221,
01/01/2000,01:11:39.08,20.98,-57.95,-992.23,192.50,-752.50,-402.50,1,94.221,
01/01/2000,01:11:39.09,21.47,-58.07,-992.47,140.0,-708.75,-350.0,1,94.222,
01/01/2000,01:11:39.10,21.84,-57.95,-992.47,113.75,-717.50,-385.0,1,94.223,
01/01/2000,01:11:39.11,22.08,-58.07,-992.35,183.75,-656.25,-271.25,1,94.224,
01/01/2000,01:11:39.12,22.20,-58.07,-991.74,192.50,-717.50,-306.25,1,94.225,
01/01/2000,01:11:39.14,21.47,-58.07,-991.74,131.25,-717.50,-315.0,1,94.212,
01/01/2000,01:11:39.15,20.01,-58.07,-992.35,140.0,-630.0,-306.25,1,94.213,
01/01/2000,01:11:39.16,19.15,-58.32,-992.84,271.25,-612.50,-393.75,1,94.214,
01/01/2000,01:11:39.17,18.42,-57.95,-992.35,-43.75,-700.0,-358.75,1,94.215,
01/01/2000,01:11:39.18,18.54,-57.71,-991.86,157.50,-717.50,-402.50,1,94.216,
01/01/2000,01:11:39.19,19.52,-57.46,-991.74,192.50,-612.50,-472.50,1,94.216,
01/01/2000,01:11:39.20,20.50,-57.83,-991.62,245.0,-700.0,-297.50,1,94.217,
01/01/2000,01:11:39.21,21.72,-57.83,-991.74,236.25,-682.50,-245.0,1,94.218,
01/01/2000,01:11:39.22,22.45,-58.32,-992.23,26.25,-726.25,-280.0,1,94.219,
01/01/2000,01:11:39.23,22.33,-58.56,-992.47,227.50,-691.25,-297.50,1,94.220,
01/01/2000,01:11:39.24,21.96,-58.32,-992.59,262.50,-665.0,-341.25,1,94.220,
01/01/2000,01:11:39.25,21.11,-57.83,-992.35,26.25,-603.75,-341.25,1,94.221,
01/01/2000,01:11:39.26,20.86,-57.58,-992.23,113.75,-726.25,-367.50,1,94.222,
01/01/2000,01:11:39.27,20.86,-57.58,-991.98,166.25,-603.75,-192.50,1,94.223,
01/01/2000,01:11:39.28,20.86,-57.58,-991.86,131.25,-778.75,-341.25,1,94.224,
01/01/2000,01:11:39.29,21.47,-58.32,-991.98,183.75,-647.50,-358.75,1,94.211,
01/01/2000,01:11:39.30,21.84,-58.44,-992.35,227.50,-673.75,-428.75,1,94.212,
01/01/2000,01:11:39.31,21.47,-58.32,-992.47,70.0,-805.0,-236.25,1,94.213,
01/01/2000,01:11:39.32,20.98,-58.32,-992.47,61.25,-752.50,-358.75,1,94.214,
01/01/2000,01:11:39.33,20.25,-58.07,-992.35,122.50,-603.75,-472.50,1,94.215,
01/01/2000,01:11:39.34,20.25,-57.58,-992.23,113.75,-638.75,-332.50,1,94.215,
01/01/2000,01:11:39.36,20.62,-57.71,-992.35,183.75,-752.50,-385.0,1,94.216,
01/01/2000,01:11:39.37,21.23,-58.19,-992.35,131.25,-656.25,-271.25,1,94.217,
01/01/2000,01:11:39.38,21.35,-58.68,-992.10,96.25,-630.0,-411.25,1,94.218,
01/01/2000,01:11:39.39,21.72,-58.68,-992.10,157.50,-717.50,-481.25,1,94.219,
01/01/2000,01:11:39.40,21.84,-58.56,-992.10,131.25,-595.0,-385.0,1,94.219,
01/01/2000,01:11:39.41,21.72,-58.07,-992.10,140.0,-621.25,-271.25,1,94.220,
01/01/2000,01:11:39.42,21.35,-57.83,-992.10,70.0,-743.75,-385.0,1,94.221,
01/01/2000,01:11:39.43,21.23,-57.83,-992.10,61.25,-656.25,-306.25,1,94.209,
01/01/2000,01:11:39.44,21.47,-57.83,-992.10,140.0,-761.25,-428.75,1,94.223,
01/01/2000,01:11:39.45,21.59,-58.19,-992.10,253.75,-708.75,-385.0,1,94.210,
01/01/2000,01:11:39.46,21.72,-58.19,-992.10,78.75,-752.50,-411.25,1,94.211,
01/01/2000,01:11:39.47,21.72,-58.19,-991.98,262.50,-665.0,-280.0,1,94.212,
01/01/2000,01:11:39.48,21.47,-58.07,-992.10,61.25,-665.0,-315.0,1,94.213,
01/01/2000,01:11:39.49,20.74,-57.95,-992.10,148.75,-796.25,-262.50,1,94.214,
01/01/2000,01:11:39.51,19.52,-58.19,-991.86,218.75,-691.25,-245.0,1,94.214,
01/01/2000,01:11:39.52,18.91,-58.07,-991.86,332.50,-682.50,-472.50,1,94.215,
01/01/2000,01:11:39.53,18.54,-57.95,-991.74,157.50,-665.0,-437.50,1,94.216,
01/01/2000,01:11:39.54,19.52,-57.95,-991.98,148.75,-796.25,-393.75,1,94.217,
01/01/2000,01:11:39.55,20.74,-57.58,-992.10,157.50,-691.25,-560.0,1,94.217,
01/01/2000,01:11:39.56,21.59,-58.07,-992.10,70.0,-708.75,-218.75,1,94.218,
01/01/2000,01:11:39.57,22.20,-58.56,-991.86,122.50,-735.0,-315.0,1,94.219,
01/01/2000,01:11:39.58,22.20,-58.68,-991.62,201.25,-761.25,-288.75,1,94.220,
01/01/2000,01:11:39.59,21.72,-58.44,-991.49,148.75,-656.25,-428.75,1,94.221,
01/01/2000,01:11:39.60,21.11,-58.07,-991.74,192.50,-691.25,-280.0,1,94.221,
01/01/2000,01:11:39.61,20.86,-57.71,-991.86,253.75,-691.25,-245.0,1,94.222,
01/01/2000,01:11:39.62,20.74,-57.58,-992.10,61.25,-638.75,-210.0,1,94.223,
01/01/2000,01:11:39.63,20.98,-57.95,-992.10,113.75,-787.50,-411.25,1,94.224,
01/01/2000,01:11:39.65,22.69,-58.56,-992.23,175.0,-673.75,-411.25,1,94.212,
01/01/2000,01:11:39.66,22.69,-58.32,-991.86,175.0,-770.0,-358.75,1,94.200,
01/01/2000,01:11:39.67,21.96,-58.07,-991.49,43.75,-831.25,-367.50,1,94.200,
01/01/2000,01:11:39.68,20.86,-58.32,-991.49,218.75,-840.0,-113.75,1,94.201,
01/01/2000,01:11:39.69,19.76,-57.83,-991.86,-87.50,-621.25,-288.75,1,94.202,
01/01/2000,01:11:39.70,18.91,-57.95,-992.47,262.50,-603.75,-411.25,1,94.203,
01/01/2000,01:11:39.71,18.79,-57.58,-993.08,201.25,-507.50,-402.50,1,94.203,
01/01/2000,01:11:39.72,19.52,-57.71,-993.08,183.75,-752.50,-463.75,1,94.204,
01/01/2000,01:11:39.73,20.25,-57.58,-992.59,236.25,-770.0,-393.75,1,94.205,
01/01/2000,01:11:39.74,21.23,-57.83,-991.98,210.0,-682.50,-271.25,1,94.206,
01/01/2000,01:11:39.75,22.20,-58.32,-991.37,157.50,-717.50,-315.0,1,94.207,
01/01/2000,01:11:39.76,21.96,-58.32,-991.37,61.25,-700.0,-402.50,1,94.207,
01/01/2000,01:11:39.77,21.72,-58.32,-991.86,183.75,-708.75,-271.25,1,94.208,
01/01/2000,01:11:39.79,21.23,-57.58,-992.71,52.50,-656.25,-332.50,1,94.209,
01/01/2000,01:11:39.80,20.74,-57.46,-992.96,96.25,-831.25,-341.25,1,94.210,
01/01/2000,01:11:39.81,20.50,-57.22,-992.84,113.75,-682.50,-201.25,1,94.211,
01/01/2000,01:11:39.82,20.74,-57.46,-992.59,175.0,-568.75,-350.0,1,94.211,
01/01/2000,01:11:39.83,21.35,-57.83,-991.98,201.25,-691.25,-446.25,1,94.212,
01/01/2000,01:11:39.84,22.20,-58.19,-991.62,183.75,-682.50,-376.25,1,94.213,
01/01/2000,01:11:39.85,22.81,-58.19,-991.62,61.25,-682.50,-437.50,1,94.214,
01/01/2000,01:11:39.86,22.57,-57.95,-991.62,271.25,-735.0,-297.50,1,94.215,
01/01/2000,01:11:39.87,21.35,-57.83,-991.98,43.75,-796.25,-61.25,1,94.215,
01/01/2000,01:11:39.88,20.01,-57.71,-992.47,61.25,-638.75,-192.50,1,94.216,
01/01/2000,01:11:39.89,18.91,-57.58,-992.84,210.0,-577.50,-463.75,1,94.217,
01/01/2000,01:11:39.90,18.67,-57.46,-993.20,280.0,-805.0,-437.50,1,94.218,
01/01/2000,01:11:39.91,18.91,-57.34,-993.08,140.0,-901.25,-455.0,1,94.219,
01/01/2000,01:11:39.92,20.50,-57.58,-992.10,210.0,-498.75,-341.25,1,94.206,
01/01/2000,01:11:39.93,21.47,-57.71,-991.62,105.0,-691.25,-376.25,1,94.207,
01/01/2000,01:11:39.94,22.33,-57.83,-991.25,8.75,-761.25,-490.0,1,94.208,
01/01/2000,01:11:39.95,23.18,-58.07,-991.25,157.50,-647.50,-271.25,1,94.209,
01/01/2000,01:11:39.96,23.18,-58.07,-991.49,-8.75,-822.50,-140.0,1,94.210,
01/01/2000,01:11:39.97,22.20,-58.07,-991.74,227.50,-743.75,-210.0,1,94.210,
01/01/2000,01:11:39.98,21.59,-57.58,-992.10,17.50,-726.25,-297.50,1,94.211,
01/01/2000,01:11:40.00,20.62,-57.22,-992.59,17.50,-603.75,-376.25,1,94.212,
01/01/2000,01:11:40.01,20.13,-57.46,-992.59,227.50,-630.0,-288.75,1,94.213,
01/01/2000,01:11:40.02,20.74,-57.58,-992.47,288.75,-621.25,-367.50,1,94.214,
01/01/2000,01:11:40.03,21.72,-57.83,-992.35,201.25,-761.25,-367.50,1,94.214,
01/01/2000,01:11:40.04,22.08,-57.95,-992.10,78.75,-831.25,-341.25,1,94.215,
01/01/2000,01:11:40.05,22.20,-58.32,-991.74,148.75,-752.50,-210.0,1,94.216,
01/01/2000,01:11:40.06,21.59,-58.56,-991.37,166.25,-691.25,-166.25,1,94.217,
01/01/2000,01:11:40.07,19.52,-58.56,-992.10,113.75,-717.50,-341.25,1,94.218,
01/01/2000,01:11:40.08,19.03,-57.95,-992.71,122.50,-735.0,-533.75,1,94.218,
01/01/2000,01:11:40.09,18.91,-57.58,-993.08,218.75,-761.25,-385.0,1,94.219,
01/01/2000,01:11:40.10,19.52,-57.10,-993.08,78.75,-568.75,-385.0,1,94.220,
01/01/2000,01:11:40.11,20.25,-57.58,-992.47,297.50,-743.75,-332.50,1,94.221,
01/01/2000,01:11:40.12,22.20,-57.83,-991.86,-8.75,-805.0,-306.25,1,94.222,
01/01/2000,01:11:40.13,23.42,-58.56,-991.37,245.0,-717.50,-253.75,1,94.209,
01/01/2000,01:11:40.15,23.42,-58.56,-991.25,35.0,-866.25,-367.50,1,94.210,
01/01/2000,01:11:40.16,22.69,-58.32,-991.49,61.25,-708.75,-358.75,1,94.211,
01/01/2000,01:11:40.17,21.72,-58.07,-991.74,157.50,-708.75,-227.50,1,94.212,
01/01/2000,01:11:40.18,19.89,-57.58,-992.47,280.0,-656.25,-297.50,1,94.213,
01/01/2000,01:11:40.19,19.52,-57.58,-992.84,157.50,-735.0,-367.50,1,94.213,
01/01/2000,01:11:40.20,19.52,-57.58,-992.84,218.75,-603.75,-288.75,1,94.214,
01/01/2000,01:11:40.21,20.74,-57.95,-992.59,218.75,-621.25,-420.0,1,94.215,
01/01/2000,01:11:40.22,21.96,-57.95,-992.10,166.25,-586.25,-472.50,1,94.216,
01/01/2000,01:11:40.23,23.18,-58.07,-991.49,140.0,-726.25,-227.50,1,94.217,
01/01/2000,01:11:40.24,23.18,-58.32,-991.25,218.75,-735.0,-183.75,1,94.204,
01/01/2000,01:11:40.25,22.20,-58.19,-991.13,78.75,-770.0,-271.25,1,94.218,
01/01/2000,01:11:40.26,20.50,-57.83,-991.62,122.50,-577.50,-148.75,1,94.206,
01/01/2000,01:11:40.27,19.40,-57.58,-992.23,61.25,-647.50,-253.75,1,94.207,
01/01/2000,01:11:40.28,18.91,-57.46,-992.84,332.50,-726.25,-498.75,1,94.208,
01/01/2000,01:11:40.29,19.76,-57.10,-993.32,-61.25,-612.50,-358.75,1,94.208,
01/01/2000,01:11:40.30,20.74,-57.46,-992.96,148.75,-665.0,-315.0,1,94.209,
01/01/2000,01:11:40.31,21.72,-57.83,-992.23,78.75,-735.0,-323.75,1,94.210,
01/01/2000,01:11:40.32,22.45,-58.07,-991.37,166.25,-752.50,-455.0,1,94.211,
01/01/2000,01:11:40.33,23.42,-58.44,-991.01,210.0,-831.25,-332.50,1,94.212,
01/01/2000,01:11:40.35,23.18,-58.56,-991.37,148.75,-673.75,-402.50,1,94.212,
01/01/2000,01:11:40.36,21.72,-58.07,-991.98,78.75,-656.25,-218.75,1,94.213,
01/01/2000,01:11:40.37,20.74,-57.83,-992.59,175.0,-752.50,-288.75,1,94.214,
01/01/2000,01:11:40.38,20.01,-57.34,-993.08,26.25,-577.50,-288.75,1,94.215,
01/01/2000,01:11:40.39,19.76,-57.34,-993.57,166.25,-665.0,-332.50,1,94.216,
01/01/2000,01:11:40.40,20.86,-57.46,-993.08,87.50,-630.0,-341.25,1,94.216,
01/01/2000,01:11:40.41,21.72,-57.83,-992.59,227.50,-647.50,-367.50,1,94.217,
01/01/2000,01:11:40.42,22.20,-58.32,-991.37,35.0,-717.50,-297.50,1,94.218,
01/01/2000,01:11:40.43,21.96,-58.32,-991.01,61.25,-822.50,-192.50,1,94.219,
01/01/2000,01:11:40.44,21.23,-58.56,-991.25,192.50,-796.25,-323.75,1,94.219,
01/01/2000,01:11:40.45,20.13,-58.32,-992.10,253.75,-656.25,-358.75,1,94.220,
01/01/2000,01:11:40.46,19.28,-57.71,-993.32,140.0,-638.75,-402.50,1,94.221,
01/01/2000,01:11:40.47,19.64,-57.34,-993.69,227.50,-778.75,-332.50,1,94.222,
01/01/2000,01:11:40.49,20.13,-57.46,-993.32,166.25,-612.50,-192.50,1,94.210,
01/01/2000,01:11:40.50,20.74,-57.95,-992.71,166.25,-691.25,-280.0,1,94.211,
01/01/2000,01:11:40.51,21.59,-58.44,-991.98,218.75,-752.50,-393.75,1,94.211,
01/01/2000,01:11:40.52,22.33,-58.80,-991.37,157.50,-708.75,-332.50,1,94.212,
01/01/2000,01:11:40.53,22.33,-58.80,-991.37,218.75,-778.75,-586.25,1,94.213,
01/01/2000,01:11:40.54,22.08,-58.19,-991.62,122.50,-735.0,-437.50,1,94.214,
01/01/2000,01:11:40.55,21.84,-57.83,-992.10,192.50,-673.75,-341.25,1,94.215,
01/01/2000,01:11:40.56,20.98,-57.34,-992.59,70.0,-647.50,-280.0,1,94.215,
01/01/2000,01:11:40.57,20.50,-57.46,-992.84,87.50,-700.0,-113.75,1,94.216,
01/01/2000,01:11:40.58,20.74,-57.95,-992.59,175.0,-665.0,-402.50,1,94.217,
01/01/2000,01:11:40.59,21.11,-57.95,-992.35,17.50,-656.25,-332.50,1,94.218,
01/01/2000,01:11:40.60,21.72,-58.32,-991.86,227.50,-525.0,-367.50,1,94.218,
01/01/2000,01:11:40.61,22.20,-58.19,-991.25,122.50,-805.0,-306.25,1,94.219,
01/01/2000,01:11:40.62,21.84,-58.07,-991.25,131.25,-796.25,-315.0,1,94.220,
01/01/2000,01:11:40.63,20.98,-58.19,-991.86,262.50,-673.75,-297.50,1,94.208,
01/01/2000,01:11:40.64,19.52,-57.83,-992.59,140.0,-743.75,-306.25,1,94.209,
01/01/2000,01:11:40.65,18.54,-57.58,-992.84,122.50,-551.25,-280.0,1,94.210,
01/01/2000,01:11:40.67,18.42,-57.46,-992.96,236.25,-612.50,-420.0,1,94.210,
01/01/2000,01:11:40.68,19.03,-57.34,-992.47,78.75,-717.50,-385.0,1,94.211,
01/01/2000,01:11:40.69,20.74,-57.83,-991.98,183.75,-665.0,-271.25,1,94.212,
01/01/2000,01:11:40.70,21.84,-57.83,-991.49,105.0,-726.25,-341.25,1,94.213,
01/01/2000,01:11:40.71,22.69,-58.07,-991.13,35.0,-805.0,-323.75,1,94.214,
01/01/2000,01:11:40.72,22.94,-58.56,-991.01,131.25,-752.50,-306.25,1,94.214,
01/01/2000,01:11:40.73,22.33,-58.19,-991.37,131.25,-735.0,-297.50,1,94.215,
01/01/2000,01:11:40.74,21.23,-58.07,-991.86,210.0,-682.50,-323.75,1,94.216,
01/01/2000,01:11:40.75,20.37,-57.83,-992.23,140.0,-743.75,-306.25,1,94.217,
01/01/2000,01:11:40.76,19.40,-57.34,-992.84,78.75,-708.75,-280.0,1,94.217,
01/01/2000,01:11:40.77,19.52,-57.46,-993.08,166.25,-708.75,-367.50,1,94.218,
01/01/2000,01:11:40.78,20.25,-57.83,-993.08,201.25,-752.50,-341.25,1,94.219,
01/01/2000,01:11:40.79,21.23,-57.83,-992.96,52.50,-691.25,-498.75,1,94.220,
01/01/2000,01:11:40.80,21.96,-58.56,-991.86,253.75,-752.50,-236.25,1,94.221,
01/01/2000,01:11:40.81,21.72,-58.44,-991.25,122.50,-647.50,-271.25,1,94.221,
01/01/2000,01:11:40.82,20.98,-58.44,-991.13,210.0,-595.0,-297.50,1,94.209,
01/01/2000,01:11:40.83,20.37,-58.07,-991.62,61.25,-603.75,-376.25,1,94.223,
01/01/2000,01:11:40.85,20.13,-57.34,-992.84,210.0,-682.50,-402.50,1,94.211,
01/01/2000,01:11:40.86,20.25,-56.85,-993.45,175.0,-752.50,-253.75,1,94.212,
01/01/2000,01:11:40.87,20.98,-57.34,-993.20,297.50,-630.0,-315.0,1,94.213,
01/01/2000,01:11:40.88,21.72,-57.71,-992.59,61.25,-630.0,-288.75,1,94.213,
01/01/2000,01:11:40.89,22.33,-58.07,-991.98,96.25,-700.0,-367.50,1,94.214,
01/01/2000,01:11:40.90,22.81,-58.32,-991.62,96.25,-866.25,-323.75,1,94.215,
01/01/2000,01:11:40.91,22.57,-58.32,-991.49,140.0,-761.25,-288.75,1,94.216,
01/01/2000,01:11:40.92,21.35,-57.83,-991.86,175.0,-752.50,-192.50,1,94.216,
01/01/2000,01:11:40.93,20.50,-57.83,-992.47,52.50,-691.25,-175.0,1,94.217,
01/01/2000,01:11:40.94,19.76,-57.58,-993.08,52.50,-673.75,-341.25,1,94.218,
01/01/2000,01:11:40.95,19.52,-57.34,-993.45,52.50,-656.25,-341.25,1,94.219,
01/01/2000,01:11:40.96,19.76,-57.46,-993.32,8.75,-700.0,-280.0,1,94.220,
01/01/2000,01:11:40.97,20.74,-57.83,-992.84,253.75,-568.75,-385.0,1,94.220,
01/01/2000,01:11:40.98,21.72,-57.83,-991.74,78.75,-752.50,-297.50,1,94.208,
01/01/2000,01:11:40.99,21.72,-58.07,-991.25,175.0,-700.0,-262.50,1,94.209,
01/01/2000,01:11:41.00,21.23,-58.07,-991.01,262.50,-805.0,-227.50,1,94.210,
01/01/2000,01:11:41.01,20.25,-58.19,-991.25,201.25,-726.25,-455.0,1,94.211,
01/01/2000,01:11:41.02,19.52,-57.83,-992.35,131.25,-700.0,-385.0,1,94.212,
01/01/2000,01:11:41.03,19.52,-57.46,-992.84,140.0,-778.75,-358.75,1,94.212,
01/01/2000,01:11:41.04,19.89,-57.34,-993.20,113.75,-700.0,-262.50,1,94.213,
01/01/2000,01:11:41.06,20.74,-57.34,-992.71,122.50,-726.25,-280.0,1,94.214,
01/01/2000,01:11:41.07,21.47,-57.58,-991.74,131.25,-735.0,-428.75,1,94.215,
01/01/2000,01:11:41.08,22.20,-58.07,-990.88,157.50,-787.50,-455.0,1,94.215,
01/01/2000,01:11:41.09,22.69,-58.44,-990.40,218.75,-787.50,-367.50,1,94.216,
01/01/2000,01:11:41.10,22.45,-58.44,-990.64,140.0,-735.0,-420.0,1,94.217,
01/01/2000,01:11:41.11,21.59,-58.32,-991.25,96.25,-647.50,-323.75,1,94.218,
01/01/2000,01:11:41.12,20.25,-57.34,-992.71,245.0,-665.0,-271.25,1,94.219,
01/01/2000,01:11:41.13,20.01,-57.10,-993.57,262.50,-621.25,-192.50,1,94.219,
01/01/2000,01:11:41.14,20.50,-56.97,-993.81,148.75,-551.25,-350.0,1,94.220,
01/01/2000,01:11:41.15,21.23,-57.34,-993.32,131.25,-700.0,-288.75,1,94.221,
01/01/2000,01:11:41.16,21.96,-57.83,-992.47,113.75,-595.0,-350.0,1,94.222,
01/01/2000,01:11:41.18,21.96,-58.44,-991.13,61.25,-822.50,-393.75,1,94.210,
01/01/2000,01:11:41.19,21.35,-58.56,-990.64,218.75,-866.25,-297.50,1,94.211,
01/01/2000,01:11:41.20,20.01,-58.32,-991.49,183.75,-805.0,-446.25,1,94.211,
01/01/2000,01:11:41.21,19.52,-57.71,-992.71,96.25,-603.75,-385.0,1,94.212,
01/01/2000,01:11:41.22,19.28,-57.10,-993.81,78.75,-700.0,-253.75,1,94.213,
01/01/2000,01:11:41.23,19.64,-56.97,-994.18,157.50,-673.75,-227.50,1,94.214,
01/01/2000,01:11:41.24,20.25,-57.34,-993.45,157.50,-603.75,-245.0,1,94.214,
01/01/2000,01:11:41.25,21.23,-57.83,-992.47,131.25,-761.25,-341.25,1,94.215,
01/01/2000,01:11:41.26,21.72,-58.07,-991.49,87.50,-682.50,-446.25,1,94.216,
01/01/2000,01:11:41.27,22.20,-58.56,-990.64,122.50,-901.25,-437.50,1,94.217,
01/01/2000,01:11:41.28,22.08,-58.56,-990.52,175.0,-700.0,-393.75,1,94.218,
01/01/2000,01:11:41.29,21.59,-58.07,-991.25,61.25,-805.0,-262.50,1,94.218,
01/01/2000,01:11:41.30,20.86,-57.83,-992.71,148.75,-787.50,-341.25,1,94.219,
01/01/2000,01:11:41.31,19.89,-57.46,-993.32,306.25,-656.25,-315.0,1,94.220,
01/01/2000,01:11:41.32,19.76,-57.34,-993.57,175.0,-612.50,-393.75,1,94.221,
01/01/2000,01:11:41.33,20.62,-57.58,-993.08,192.50,-770.0,-376.25,1,94.209,
01/01/2000,01:11:41.34,21.47,-57.83,-992.35,70.0,-700.0,-385.0,1,94.210,
01/01/2000,01:11:41.35,21.96,-58.07,-991.49,166.25,-805.0,-411.25,1,94.210,
01/01/2000,01:11:41.36,21.59,-58.19,-990.64,140.0,-831.25,-402.50,1,94.211,
01/01/2000,01:11:41.37,20.86,-58.19,-990.88,8.75,-778.75,-385.0,1,94.212,
01/01/2000,01:11:41.38,20.13,-58.32,-992.10,131.25,-595.0,-376.25,1,94.213,
01/01/2000,01:11:41.39,19.15,-57.83,-993.32,140.0,-717.50,-341.25,1,94.213,
01/01/2000,01:11:41.41,19.03,-57.22,-994.30,253.75,-638.75,-245.0,1,94.214,
01/01/2000,01:11:41.42,19.52,-57.22,-994.06,210.0,-621.25,-271.25,1,94.215,
01/01/2000,01:11:41.43,20.74,-57.58,-993.08,253.75,-700.0,-358.75,1,94.216,
01/01/2000,01:11:41.44,21.72,-58.07,-992.10,148.75,-735.0,-210.0,1,94.217,
01/01/2000,01:11:41.45,22.45,-58.32,-991.13,43.75,-805.0,-411.25,1,94.217,
01/01/2000,01:11:41.46,22.81,-58.80,-990.64,78.75,-726.25,-236.25,1,94.218,
01/01/2000,01:11:41.47,22.81,-58.56,-991.01,52.50,-778.75,-288.75,1,94.219,
01/01/2000,01:11:41.48,22.08,-58.44,-991.86,122.50,-647.50,-420.0,1,94.220,
01/01/2000,01:11:41.49,21.35,-57.71,-992.59,192.50,-603.75,-306.25,1,94.220,
01/01/2000,01:11:41.50,20.74,-57.46,-992.96,183.75,-647.50,-183.75,1,94.221,
01/01/2000,01:11:41.51,20.50,-57.46,-993.08,140.0,-726.25,-192.50,1,94.222,
01/01/2000,01:11:41.52,20.62,-57.58,-992.84,87.50,-770.0,-358.75,1,94.223,
01/01/2000,01:11:41.53,21.11,-58.07,-992.35,201.25,-700.0,-306.25,1,94.224,
01/01/2000,01:11:41.55,21.23,-58.80,-991.74,122.50,-682.50,-288.75,1,94.212,
01/01/2000,01:11:41.56,20.62,-58.68,-991.62,35.0,-778.75,-472.50,1,94.212,
01/01/2000,01:11:41.57,20.25,-58.56,-991.86,157.50,-673.75,-420.0,1,94.213,
01/01/2000,01:11:41.58,20.01,-58.07,-992.47,315.0,-770.0,-498.75,1,94.214,
01/01/2000,01:11:41.59,20.13,-57.46,-993.20,192.50,-560.0,-201.25,1,94.215,
01/01/2000,01:11:41.60,20.62,-57.34,-993.32,78.75,-630.0,-227.50,1,94.216,
01/01/2000,01:11:41.61,20.86,-57.58,-993.08,183.75,-700.0,-140.0,1,94.216,
01/01/2000,01:11:41.62,21.11,-58.19,-992.10,271.25,-717.50,-437.50,1,94.217,
01/01/2000,01:11:41.63,21.35,-58.44,-991.74,245.0,-682.50,-306.25,1,94.218,
01/01/2000,01:11:41.64,21.47,-58.56,-991.62,148.75,-735.0,-332.50,1,94.219,
01/01/2000,01:11:41.65,21.35,-58.19,-991.86,122.50,-752.50,-402.50,1,94.219,
01/01/2000,01:11:41.66,20.86,-57.83,-992.23,227.50,-542.50,-157.50,1,94.220,
01/01/2000,01:11:41.67,20.50,-57.71,-992.59,131.25,-682.50,-253.75,1,94.221,
01/01/2000,01:11:41.69,20.50,-57.34,-993.08,87.50,-586.25,-341.25,1,94.209,
01/01/2000,01:11:41.70,20.98,-57.83,-993.08,288.75,-708.75,-192.50,1,94.210,
01/01/2000,01:11:41.71,21.59,-57.71,-992.59,78.75,-761.25,-271.25,1,94.211,
01/01/2000,01:11:41.72,21.59,-58.19,-991.74,183.75,-735.0,35.0,1,94.211,
01/01/2000,01:11:41.73,20.98,-58.07,-991.13,61.25,-796.25,70.0,1,94.212,
01/01/2000,01:11:41.74,20.50,-58.32,-990.76,105.0,-691.25,-17.50,1,94.213,
01/01/2000,01:11:41.75,19.64,-58.44,-991.62,122.50,-770.0,-507.50,1,94.214,
01/01/2000,01:11:41.76,19.64,-58.07,-992.59,113.75,-831.25,-621.25,1,94.215,
01/01/2000,01:11:41.77,20.37,-57.95,-993.57,236.25,-682.50,-551.25,1,94.215,
01/01/2000,01:11:41.78,20.98,-57.58,-994.06,166.25,-743.75,-280.0,1,94.216,
01/01/2000,01:11:41.79,21.59,-57.71,-993.20,201.25,-822.50,-315.0,1,94.217,
01/01/2000,01:11:41.80,21.72,-57.95,-992.35,157.50,-656.25,-507.50,1,94.218,
01/01/2000,01:11:41.81,21.72,-58.32,-991.74,315.0,-673.75,-586.25,1,94.218,
01/01/2000,01:11:41.82,21.72,-58.44,-991.62,166.25,-752.50,-507.50,1,94.219,
01/01/2000,01:11:41.83,21.59,-58.56,-991.86,210.0,-665.0,-297.50,1,94.220,
01/01/2000,01:11:41.84,21.23,-58.32,-992.23,140.0,-778.75,-437.50,1,94.208,
01/01/2000,01:11:41.85,20.74,-57.95,-992.84,175.0,-691.25,-385.0,1,94.222,
01/01/2000,01:11:41.86,20.50,-58.07,-993.32,323.75,-822.50,-411.25,1,94.210,
01/01/2000,01:11:41.87,20.50,-57.46,-993.45,157.50,-735.0,-210.0,1,94.223,
01/01/2000,01:11:41.88,20.86,-57.83,-992.96,183.75,-586.25,-218.75,1,94.211,
01/01/2000,01:11:41.89,21.11,-58.19,-992.10,166.25,-726.25,-376.25,1,94.212,
01/01/2000,01:11:41.91,20.74,-58.56,-991.13,262.50,-822.50,-315.0,1,94.213,
01/01/2000,01:11:41.92,20.25,-58.44,-990.88,78.75,-638.75,-385.0,1,94.214,
01/01/2000,01:11:41.93,19.64,-58.56,-991.86,157.50,-805.0,-481.25,1,94.214,
01/01/2000,01:11:41.94,19.52,-57.83,-992.84,-105.0,-673.75,-603.75,1,94.215,
01/01/2000,01:11:41.95,19.52,-57.58,-993.57,96.25,-673.75,-306.25,1,94.216,
01/01/2000,01:11:41.96,20.13,-57.22,-993.93,122.50,-665.0,-393.75,1,94.217,
01/01/2000,01:11:41.97,20.62,-57.22,-993.32,236.25,-717.50,-245.0,1,94.217,
01/01/2000,01:11:41.98,21.11,-57.58,-992.35,210.0,-673.75,-253.75,1,94.218,
01/01/2000,01:11:41.99,21.47,-58.32,-991.37,87.50,-787.50,-437.50,1,94.219,
01/01/2000,01:11:42.00,21.35,-58.44,-990.88,131.25,-778.75,-481.25,1,94.220,
01/01/2000,01:11:42.01,21.35,-58.56,-990.88,236.25,-805.0,-498.75,1,94.221,
01/01/2000,01:11:42.02,21.11,-58.07,-991.37,157.50,-796.25,-455.0,1,94.221,
01/01/2000,01:11:42.03,20.50,-57.58,-991.86,288.75,-770.0,-350.0,1,94.222,
01/01/2000,01:11:42.04,19.28,-57.34,-992.10,122.50,-700.0,-210.0,1,94.210,
01/01/2000,01:11:42.05,17.57,-57.34,-991.98,227.50,-673.75,-306.25,1,94.211,
01/01/2000,01:11:42.06,16.59,-57.46,-991.86,113.75,-761.25,-183.75,1,94.212,
01/01/2000,01:11:42.07,15.37,-57.83,-991.74,183.75,-840.0,-157.50,1,94.213,
01/01/2000,01:11:42.08,14.03,-57.95,-991.62,166.25,-708.75,-341.25,1,94.213,
01/01/2000,01:11:42.09,11.96,-58.07,-991.86,175.0,-735.0,-315.0,1,94.214,
01/01/2000,01:11:42.10,11.35,-57.83,-992.71,253.75,-743.75,-507.50,1,94.215,
01/01/2000,01:11:42.12,11.96,-57.22,-994.18,131.25,-560.0,-638.75,1,94.216,
01/01/2000,01:11:42.13,13.05,-56.97,-994.54,166.25,-568.75,-533.75,1,94.216,
01/01/2000,01:11:42.14,14.15,-56.85,-993.93,96.25,-673.75,-52.50,1,94.217,
01/01/2000,01:11:42.15,14.76,-57.10,-991.86,140.0,-621.25,-35.0,1,94.218,
01/01/2000,01:11:42.16,14.15,-58.19,-990.40,157.50,-796.25,-43.75,1,94.219,
01/01/2000,01:11:42.17,12.69,-58.56,-988.93,131.25,-700.0,-43.75,1,94.219,
01/01/2000,01:11:42.18,10.00,-58.56,-989.18,183.75,-848.75,-656.25,1,94.220,
01/01/2000,01:11:42.20,8.17,-58.07,-991.86,332.50,-638.75,-358.75,1,94.208,
01/01/2000,01:11:42.21,7.44,-57.34,-994.06,157.50,-560.0,-271.25,1,94.209,
01/01/2000,01:11:42.22,8.05,-56.97,-996.01,166.25,-560.0,-245.0,1,94.210,
01/01/2000,01:11:42.23,9.03,-56.85,-995.76,236.25,-577.50,-376.25,1,94.211,
01/01/2000,01:11:42.24,10.37,-56.97,-994.54,-8.75,-525.0,-280.0,1,94.212,
01/01/2000,01:11:42.25,12.20,-57.71,-992.59,61.25,-568.75,-175.0,1,94.212,
01/01/2000,01:11:42.26,14.03,-58.32,-989.18,288.75,-796.25,-385.0,1,94.213,
01/01/2000,01:11:42.27,14.88,-58.80,-988.93,87.50,-875.0,-490.0,1,94.214,
01/01/2000,01:11:42.28,15.86,-59.05,-990.40,166.25,-875.0,-446.25,1,94.215,
01/01/2000,01:11:42.29,15.49,-59.05,-992.10,245.0,-778.75,-17.50,1,94.215,
01/01/2000,01:11:42.30,13.91,-57.95,-994.42,96.25,-603.75,-183.75,1,94.216,
01/01/2000,01:11:42.31,13.42,-57.71,-995.03,131.25,-577.50,-411.25,1,94.217,
01/01/2000,01:11:42.32,13.91,-56.49,-995.15,52.50,-682.50,-516.25,1,94.218,
01/01/2000,01:11:42.33,16.10,-56.49,-993.69,61.25,-595.0,-157.50,1,94.218,
01/01/2000,01:11:42.34,17.69,-56.97,-992.10,166.25,-621.25,-288.75,1,94.219,
01/01/2000,01:11:42.35,18.54,-57.83,-990.52,0.0,-770.0,-210.0,1,94.220,
01/01/2000,01:11:42.36,19.28,-58.80,-989.79,52.50,-700.0,-507.50,1,94.221,
01/01/2000,01:11:42.37,19.52,-59.41,-991.01,105.0,-875.0,-551.25,1,94.222,
01/01/2000,01:11:42.38,19.15,-59.05,-992.35,201.25,-673.75,-420.0,1,94.222,
01/01/2000,01:11:42.39,18.54,-57.58,-993.08,166.25,-682.50,-201.25,1,94.211,
01/01/2000,01:11:42.40,18.18,-56.61,-992.71,210.0,-691.25,-218.75,1,94.211,
01/01/2000,01:11:42.41,18.54,-56.24,-992.35,140.0,-682.50,-140.0,1,94.212,
01/01/2000,01:11:42.42,19.28,-56.61,-992.10,236.25,-647.50,-87.50,1,94.213,
01/01/2000,01:11:42.43,20.01,-57.95,-991.74,175.0,-700.0,-262.50,1,94.214,
01/01/2000,01:11:42.44,20.13,-58.80,-991.37,210.0,-717.50,-323.75,1,94.214,
01/01/2000,01:11:42.45,20.01,-59.29,-991.37,87.50,-656.25,-420.0,1,94.215,
01/01/2000,01:11:42.47,19.76,-58.80,-992.10,96.25,-700.0,-542.50,1,94.216,
01/01/2000,01:11:42.48,19.89,-57.95,-992.59,236.25,-691.25,-463.75,1,94.217,
01/01/2000,01:11:42.49,19.89,-56.85,-992.59,201.25,-603.75,-105.0,1,94.218,
01/01/2000,01:11:42.50,19.76,-56.24,-991.86,17.50,-673.75,-113.75,1,94.218,
01/01/2000,01:11:42.51,20.01,-56.61,-991.62,105.0,-577.50,-210.0,1,94.219,
01/01/2000,01:11:42.52,20.25,-57.58,-991.62,113.75,-700.0,-175.0,1,94.220,
01/01/2000,01:11:42.53,20.62,-58.44,-991.74,26.25,-735.0,-315.0,1,94.221,
01/01/2000,01:11:42.54,20.50,-58.93,-991.98,105.0,-603.75,-420.0,1,94.221,
01/01/2000,01:11:42.55,20.50,-58.56,-991.98,122.50,-673.75,-446.25,1,94.222,
01/01/2000,01:11:42.56,20.25,-57.34,-992.10,43.75,-761.25,-516.25,1,94.223,
01/01/2000,01:11:42.57,20.25,-56.97,-992.10,271.25,-682.50,-253.75,1,94.224,
01/01/2000,01:11:42.58,20.50,-56.61,-992.10,166.25,-787.50,-236.25,1,94.224,
01/01/2000,01:11:42.59,20.50,-56.85,-991.86,61.25,-647.50,-262.50,1,94.225,
01/01/2000,01:11:42.61,20.74,-57.58,-992.10,166.25,-770.0,-227.50,1,94.213,
01/01/2000,01:11:42.62,20.98,-58.32,-992.35,227.50,-761.25,-288.75,1,94.214,
01/01/2000,01:11:42.63,20.74,-58.44,-992.23,131.25,-656.25,-446.25,1,94.215,
01/01/2000,01:11:42.64,20.74,-57.95,-992.10,175.0,-673.75,-481.25,1,94.216,
01/01/2000,01:11:42.65,20.62,-57.34,-991.98,210.0,-630.0,-323.75,1,94.217,
01/01/2000,01:11:42.66,20.74,-56.73,-991.98,157.50,-735.0,-218.75,1,94.217,
01/01/2000,01:11:42.67,20.86,-56.61,-991.86,175.0,-691.25,-157.50,1,94.218,
01/01/2000,01:11:42.68,20.86,-57.22,-990.88,140.0,-708.75,-201.25,1,94.219,
01/01/2000,01:11:42.69,20.25,-57.46,-989.30,140.0,-665.0,-236.25,1,94.220,
01/01/2000,01:11:42.70,20.74,-57.83,-988.08,210.0,-647.50,-455.0,1,94.208,
01/01/2000,01:11:42.71,21.11,-57.95,-987.47,113.75,-717.50,-332.50,1,94.209,
01/01/2000,01:11:42.72,20.74,-57.58,-986.13,201.25,-630.0,-323.75,1,94.209,
01/01/2000,01:11:42.73,20.37,-57.10,-984.78,183.75,-612.50,-113.75,1,94.210,
01/01/2000,01:11:42.74,20.25,-56.85,-983.81,175.0,-647.50,-262.50,1,94.211,
01/01/2000,01:11:42.76,20.50,-56.73,-984.17,-8.75,-708.75,-315.0,1,94.212,
01/01/2000,01:11:42.77,20.98,-57.10,-984.91,210.0,-726.25,-227.50,1,94.212,
01/01/2000,01:11:42.78,21.23,-57.58,-985.64,131.25,-682.50,-96.25,1,94.213,
01/01/2000,01:11:42.79,20.74,-57.95,-985.76,166.25,-665.0,-201.25,1,94.214,
01/01/2000,01:11:42.80,20.50,-57.95,-985.27,87.50,-682.50,-262.50,1,94.215,
01/01/2000,01:11:42.81,19.76,-57.34,-983.08,175.0,-568.75,-271.25,1,94.216,
01/01/2000,01:11:42.82,19.76,-56.73,-981.00,52.50,-630.0,-481.25,1,94.216,
01/01/2000,01:11:42.83,20.01,-56.73,-978.93,122.50,-787.50,-236.25,1,94.217,
01/01/2000,01:11:42.84,20.62,-56.85,-976.73,61.25,-787.50,-175.0,1,94.218,
01/01/2000,01:11:42.85,21.11,-57.46,-976.98,192.50,-708.75,-183.75,1,94.219,
01/01/2000,01:11:42.86,21.47,-57.83,-978.44,87.50,-778.75,-253.75,1,94.219,
01/01/2000,01:11:42.87,21.47,-58.32,-980.64,122.50,-787.50,-297.50,1,94.220,
01/01/2000,01:11:42.88,21.11,-58.32,-983.08,210.0,-770.0,-157.50,1,94.221,
01/01/2000,01:11:42.89,20.13,-57.71,-986.37,253.75,-665.0,-332.50,1,94.222,
01/01/2000,01:11:42.90,19.28,-56.97,-986.98,140.0,-673.75,-131.25,1,94.222,
01/01/2000,01:11:42.91,18.79,-56.36,-986.74,148.75,-630.0,-210.0,1,94.223,
01/01/2000,01:11:42.92,19.15,-56.12,-985.27,131.25,-612.50,-218.75,1,94.224,
01/01/2000,01:11:42.93,20.74,-56.61,-984.78,105.0,-691.25,-533.75,1,94.225,
01/01/2000,01:11:42.94,22.08,-57.46,-984.78,288.75,-673.75,-341.25,1,94.225,
01/01/2000,01:11:42.95,22.57,-57.83,-984.78,0.0,-770.0,-131.25,1,94.226,
01/01/2000,01:11:42.96,21.23,-59.05,-985.03,402.50,-822.50,113.75,1,94.215,
01/01/2000,01:11:42.97,20.01,-58.56,-986.37,113.75,-586.25,-647.50,1,94.215,
01/01/2000,01:11:42.98,19.52,-57.34,-989.18,210.0,-612.50,-665.0,1,94.216,
01/01/2000,01:11:42.99,20.50,-56.49,-991.01,35.0,-542.50,-595.0,1,94.217,
01/01/2000,01:11:43.00,21.47,-55.88,-992.10,227.50,-577.50,26.25,1,94.218,
01/01/2000,01:11:43.01,21.47,-55.88,-991.86,0.0,-708.75,332.50,1,94.218,
01/01/2000,01:11:43.03,20.86,-57.58,-989.79,140.0,-586.25,245.0,1,94.219,
01/01/2000,01:11:43.04,20.37,-58.44,-988.93,157.50,-726.25,-586.25,1,94.220,
01/01/2000,01:11:43.05,20.62,-58.80,-989.18,70.0,-787.50,-980.0,1,94.221,
01/01/2000,01:11:43.06,21.35,-58.56,-990.03,236.25,-743.75,-638.75,1,94.221,
01/01/2000,01:11:43.07,21.47,-57.58,-990.64,105.0,-778.75,-157.50,1,94.222,
01/01/2000,01:11:43.08,20.86,-56.97,-990.88,148.75,-630.0,-8.75,1,94.223,
01/01/2000,01:11:43.09,20.13,-56.73,-991.13,122.50,-673.75,-280.0,1,94.224,
01/01/2000,01:11:43.10,20.25,-56.36,-991.74,122.50,-647.50,-341.25,1,94.224,
01/01/2000,01:11:43.11,20.74,-57.58,-991.98,131.25,-708.75,-376.25,1,94.225,
01/01/2000,01:11:43.12,21.11,-57.83,-991.86,113.75,-621.25,-428.75,1,94.226,
01/01/2000,01:11:43.13,21.11,-57.95,-991.74,-43.75,-778.75,-288.75,1,94.227,
01/01/2000,01:11:43.14,20.98,-58.19,-991.49,122.50,-551.25,-525.0,1,94.227,
01/01/2000,01:11:43.15,20.37,-57.58,-991.37,105.0,-647.50,-393.75,1,94.228,
01/01/2000,01:11:43.16,20.50,-57.22,-991.62,122.50,-621.25,-358.75,1,94.229,
01/01/2000,01:11:43.17,20.86,-57.34,-992.47,192.50,-735.0,-385.0,1,94.217,
01/01/2000,01:11:43.18,20.86,-57.10,-993.57,61.25,-507.50,-297.50,1,94.218,
01/01/2000,01:11:43.19,20.98,-57.58,-994.06,113.75,-621.25,-288.75,1,94.219,
01/01/2000,01:11:43.20,20.98,-57.71,-993.69,183.75,-603.75,-323.75,1,94.220,
01/01/2000,01:11:43.22,20.13,-57.58,-992.10,157.50,-612.50,-446.25,1,94.220,
01/01/2000,01:11:43.23,20.50,-57.83,-991.13,157.50,-577.50,-507.50,1,94.221,
01/01/2000,01:11:43.24,20.86,-57.71,-990.40,52.50,-656.25,-428.75,1,94.222,
01/01/2000,01:11:43.25,20.98,-57.71,-990.40,35.0,-708.75,-332.50,1,94.223,
01/01/2000,01:11:43.26,21.23,-57.58,-990.76,61.25,-787.50,-271.25,1,94.223,
01/01/2000,01:11:43.27,21.47,-57.58,-991.01,166.25,-586.25,-306.25,1,94.224,
01/01/2000,01:11:43.28,20.98,-57.58,-991.62,87.50,-752.50,-411.25,1,94.225,
01/01/2000,01:11:43.29,20.74,-57.58,-992.10,157.50,-708.75,-341.25,1,94.226,
01/01/2000,01:11:43.30,20.62,-57.34,-992.59,70.0,-708.75,-280.0,1,94.214,
01/01/2000,01:11:43.31,20.50,-57.46,-992.71,113.75,-673.75,-367.50,1,94.215,
01/01/2000,01:11:43.32,20.37,-57.34,-992.84,166.25,-612.50,-306.25,1,94.216,
01/01/2000,01:11:43.33,20.86,-57.22,-992.84,175.0,-647.50,-385.0,1,94.216,
01/01/2000,01:11:43.34,21.11,-57.34,-992.96,105.0,-805.0,-227.50,1,94.217,
01/01/2000,01:11:43.35,20.98,-57.34,-992.84,35.0,-673.75,-271.25,1,94.218,
01/01/2000,01:11:43.36,20.86,-57.46,-992.59,122.50,-735.0,-411.25,1,94.219,
01/01/2000,01:11:43.37,20.98,-57.71,-992.47,210.0,-735.0,-350.0,1,94.219,
01/01/2000,01:11:43.39,20.98,-57.58,-992.59,166.25,-673.75,-183.75,1,94.220,
01/01/2000,01:11:43.40,20.74,-57.58,-992.59,245.0,-813.75,-271.25,1,94.221,
01/01/2000,01:11:43.41,20.50,-57.34,-992.10,192.50,-708.75,-297.50,1,94.222,
01/01/2000,01:11:43.42,20.25,-57.58,-991.37,140.0,-621.25,-297.50,1,94.222,
01/01/2000,01:11:43.43,19.76,-57.10,-990.52,96.25,-778.75,-367.50,1,94.223,
01/01/2000,01:11:43.44,20.62,-57.46,-990.40,52.50,-656.25,-323.75,1,94.224,
01/01/2000,01:11:43.45,20.86,-57.58,-991.13,140.0,-743.75,-227.50,1,94.225,
01/01/2000,01:11:43.46,20.86,-58.07,-991.62,105.0,-813.75,-175.0,1,94.225,
01/01/2000,01:11:43.47,20.98,-58.07,-992.10,-70.0,-752.50,-332.50,1,94.226,
01/01/2000,01:11:43.48,20.74,-58.07,-992.35,78.75,-743.75,-341.25,1,94.227,
01/01/2000,01:11:43.49,20.25,-57.46,-992.59,-8.75,-647.50,-393.75,1,94.228,
01/01/2000,01:11:43.50,20.25,-57.58,-992.59,253.75,-647.50,-297.50,1,94.229,
01/01/2000,01:11:43.51,20.50,-57.22,-992.84,157.50,-708.75,-341.25,1,94.229,
01/01/2000,01:11:43.52,20.37,-57.71,-993.08,306.25,-752.50,-306.25,1,94.218,
01/01/2000,01:11:43.53,20.62,-58.07,-992.84,245.0,-612.50,-262.50,1,94.218,
01/01/2000,01:11:43.54,20.62,-58.07,-992.35,166.25,-840.0,-402.50,1,94.219,
01/01/2000,01:11:43.56,20.98,-58.19,-992.10,148.75,-717.50,-358.75,1,94.220,
01/01/2000,01:11:43.56,20.98,-58.07,-992.10,201.25,-761.25,-402.50,1,94.221,
01/01/2000,01:11:43.58,21.11,-57.58,-991.98,157.50,-656.25,-402.50,1,94.221,
01/01/2000,01:11:43.59,20.98,-57.46,-992.10,227.50,-673.75,-332.50,1,94.222,
01/01/2000,01:11:43.60,20.62,-57.22,-992.35,-8.75,-735.0,-218.75,1,94.223,
01/01/2000,01:11:43.61,20.98,-57.58,-992.59,175.0,-805.0,-358.75,1,94.224,
01/01/2000,01:11:43.62,21.11,-57.83,-992.71,17.50,-656.25,-306.25,1,94.224,
01/01/2000,01:11:43.63,20.74,-57.83,-992.59,87.50,-665.0,-463.75,1,94.225,
01/01/2000,01:11:43.64,20.86,-58.07,-992.59,148.75,-656.25,-411.25,1,94.226,
01/01/2000,01:11:43.65,20.86,-57.83,-992.59,218.75,-647.50,-332.50,1,94.227,
01/01/2000,01:11:43.66,20.86,-57.46,-991.86,175.0,-726.25,-315.0,1,94.215,
01/01/2000,01:11:43.67,20.86,-57.10,-991.49,140.0,-612.50,-288.75,1,94.216,
01/01/2000,01:11:43.68,20.74,-57.22,-991.49,315.0,-656.25,-218.75,1,94.217,
01/01/2000,01:11:43.69,20.74,-57.34,-991.86,183.75,-673.75,-323.75,1,94.217,
01/01/2000,01:11:43.70,20.74,-57.58,-992.35,175.0,-770.0,-376.25,1,94.218,
01/01/2000,01:11:43.71,20.74,-57.71,-993.08,61.25,-621.25,-288.75,1,94.219,
01/01/2000,01:11:43.73,20.50,-57.58,-993.45,218.75,-778.75,-393.75,1,94.220,
01/01/2000,01:11:43.74,20.25,-57.10,-992.84,148.75,-691.25,-323.75,1,94.208,
01/01/2000,01:11:43.75,20.25,-56.97,-992.10,61.25,-603.75,-315.0,1,94.209,
01/01/2000,01:11:43.76,20.25,-56.97,-991.62,210.0,-700.0,-297.50,1,94.210,
01/01/2000,01:11:43.77,20.98,-57.46,-991.86,245.0,-673.75,-306.25,1,94.210,
01/01/2000,01:11:43.78,21.23,-57.83,-992.10,131.25,-691.25,-288.75,1,94.211,
01/01/2000,01:11:43.79,21.11,-57.83,-992.35,157.50,-682.50,-385.0,1,94.212,
01/01/2000,01:11:43.80,20.74,-57.71,-992.35,157.50,-647.50,-315.0,1,94.213,
01/01/2000,01:11:43.81,20.50,-57.34,-992.23,175.0,-551.25,-428.75,1,94.213,
01/01/2000,01:11:43.82,20.25,-57.10,-992.10,175.0,-726.25,-288.75,1,94.214,
01/01/2000,01:11:43.83,20.25,-56.85,-991.86,-8.75,-708.75,-280.0,1,94.215,
01/01/2000,01:11:43.84,20.25,-57.34,-991.62,122.50,-700.0,-280.0,1,94.216,
01/01/2000,01:11:43.85,20.62,-57.46,-991.74,61.25,-717.50,-358.75,1,94.216,
01/01/2000,01:11:43.86,20.86,-57.83,-992.10,192.50,-612.50,-367.50,1,94.217,
01/01/2000,01:11:43.88,21.11,-57.83,-992.35,52.50,-691.25,-350.0,1,94.218,
01/01/2000,01:11:43.89,20.86,-57.58,-992.35,183.75,-717.50,-288.75,1,94.219,
01/01/2000,01:11:43.90,20.98,-57.22,-992.47,131.25,-621.25,-297.50,1,94.220,
01/01/2000,01:11:43.91,20.74,-57.10,-992.47,201.25,-743.75,-323.75,1,94.220,
01/01/2000,01:11:43.92,20.74,-56.73,-992.47,96.25,-700.0,-245.0,1,94.221,
01/01/2000,01:11:43.93,20.98,-57.22,-992.71,78.75,-805.0,-297.50,1,94.222,
01/01/2000,01:11:43.94,21.11,-57.46,-993.08,87.50,-691.25,-463.75,1,94.223,
01/01/2000,01:11:43.95,21.23,-57.83,-993.57,236.25,-726.25,-350.0,1,94.223,
01/01/2000,01:11:43.96,21.23,-57.71,-993.45,192.50,-700.0,-315.0,1,94.224,
01/01/2000,01:11:43.97,20.98,-57.58,-992.84,227.50,-717.50,-315.0,1,94.225,
01/01/2000,01:11:43.98,20.74,-57.10,-992.35,17.50,-656.25,-323.75,1,94.226,
01/01/2000,01:11:43.99,20.50,-56.85,-991.74,96.25,-691.25,-393.75,1,94.226,
01/01/2000,01:11:44.00,20.50,-56.73,-991.49,87.50,-638.75,-245.0,1,94.227,
01/01/2000,01:11:44.01,20.98,-57.10,-991.37,201.25,-682.50,-315.0,1,94.216,
01/01/2000,01:11:44.02,21.11,-57.46,-991.62,157.50,-726.25,-332.50,1,94.216,
01/01/2000,01:11:44.03,21.11,-57.46,-991.98,218.75,-743.75,-446.25,1,94.217,
01/01/2000,01:11:44.04,21.23,-57.58,-992.35,52.50,-735.0,-376.25,1,94.218,
01/01/2000,01:11:44.05,20.98,-57.34,-992.47,-70.0,-743.75,-271.25,1,94.219,
01/01/2000,01:11:44.06,20.98,-57.10,-992.35,122.50,-726.25,-288.75,1,94.219,
01/01/2000,01:11:44.07,20.50,-56.97,-992.10,201.25,-708.75,-315.0,1,94.220,
01/01/2000,01:11:44.09,20.50,-57.10,-991.98,52.50,-726.25,-315.0,1,94.221,
01/01/2000,01:11:44.10,20.74,-56.97,-991.98,35.0,-708.75,-297.50,1,94.222,
01/01/2000,01:11:44.11,20.98,-57.34,-992.23,148.75,-638.75,-463.75,1,94.222,
01/01/2000,01:11:44.12,21.23,-57.22,-992.71,105.0,-778.75,-420.0,1,94.223,
01/01/2000,01:11:44.13,21.35,-57.34,-993.20,148.75,-630.0,-358.75,1,94.224,
01/01/2000,01:11:44.14,21.47,-57.10,-993.45,113.75,-726.25,-446.25,1,94.225,
01/01/2000,01:11:44.15,21.35,-56.85,-993.69,332.50,-665.0,-245.0,1,94.225,
01/01/2000,01:11:44.16,20.98,-56.36,-993.81,96.25,-603.75,-367.50,1,94.226,
01/01/2000,01:11:44.17,20.62,-56.85,-993.08,271.25,-691.25,-236.25,1,94.227,
01/01/2000,01:11:44.18,20.25,-56.85,-992.10,148.75,-700.0,-367.50,1,94.228,
01/01/2000,01:11:44.19,20.25,-57.10,-991.37,236.25,-647.50,-280.0,1,94.228,
01/01/2000,01:11:44.20,20.50,-57.22,-990.76,61.25,-577.50,-577.50,1,94.217,
01/01/2000,01:11:44.21,20.98,-57.34,-991.37,113.75,-682.50,-288.75,1,94.230,
01/01/2000,01:11:44.23,21.23,-57.34,-993.08,157.50,-726.25,-315.0,1,94.206,
01/01/2000,01:11:44.24,20.86,-57.10,-993.81,192.50,-638.75,-341.25,1,94.207,
01/01/2000,01:11:44.25,20.50,-57.10,-993.57,166.25,-708.75,-341.25,1,94.208,
01/01/2000,01:11:44.26,20.01,-57.10,-993.08,210.0,-700.0,-315.0,1,94.208,
01/01/2000,01:11:44.27,20.25,-56.85,-992.47,78.75,-656.25,-210.0,1,94.209,
01/01/2000,01:11:44.28,20.37,-57.22,-991.62,306.25,-673.75,-358.75,1,94.210,
01/01/2000,01:11:44.29,20.98,-57.34,-991.62,70.0,-691.25,-358.75,1,94.211,
01/01/2000,01:11:44.31,21.11,-57.71,-991.86,175.0,-673.75,-358.75,1,94.211,
01/01/2000,01:11:44.32,21.35,-57.71,-992.23,148.75,-743.75,-367.50,1,94.212,
01/01/2000,01:11:44.33,21.23,-57.34,-992.84,105.0,-735.0,-455.0,1,94.213,
01/01/2000,01:11:44.34,20.98,-57.22,-992.96,297.50,-752.50,-323.75,1,94.214,
01/01/2000,01:11:44.35,20.74,-57.10,-992.96,140.0,-778.75,-218.75,1,94.214,
01/01/2000,01:11:44.36,20.50,-56.73,-992.71,8.75,-691.25,-350.0,1,94.215,
01/01/2000,01:11:44.37,20.13,-56.85,-991.86,227.50,-612.50,-218.75,1,94.216,
01/01/2000,01:11:44.38,20.50,-56.85,-991.37,52.50,-673.75,-358.75,1,94.217,
01/01/2000,01:11:44.39,20.74,-57.22,-991.13,113.75,-673.75,-481.25,1,94.217,
01/01/2000,01:11:44.40,21.11,-57.22,-991.13,87.50,-621.25,-288.75,1,94.218,
01/01/2000,01:11:44.41,21.35,-57.46,-991.37,175.0,-656.25,-376.25,1,94.219,
01/01/2000,01:11:44.42,21.23,-57.10,-991.74,43.75,-673.75,-411.25,1,94.220,
01/01/2000,01:11:44.43,21.11,-57.22,-992.35,253.75,-682.50,-358.75,1,94.220,
01/01/2000,01:11:44.44,20.62,-56.85,-992.71,140.0,-595.0,-323.75,1,94.221,
01/01/2000,01:11:44.45,20.37,-56.73,-992.59,192.50,-735.0,-297.50,1,94.222,
01/01/2000,01:11:44.46,20.50,-56.85,-992.35,61.25,-638.75,-288.75,1,94.223,
01/01/2000,01:11:44.47,20.86,-57.34,-992.47,306.25,-761.25,-358.75,1,94.223,
01/01/2000,01:11:44.48,21.11,-57.34,-992.71,183.75,-700.0,-437.50,1,94.224,
01/01/2000,01:11:44.49,21.47,-57.46,-992.84,175.0,-630.0,-297.50,1,94.225,
01/01/2000,01:11:44.50,21.11,-57.46,-992.59,-52.50,-770.0,-437.50,1,94.226,
01/01/2000,01:11:44.52,20.74,-57.10,-992.35,183.75,-752.50,-323.75,1,94.214,
01/01/2000,01:11:44.53,20.62,-56.97,-992.47,245.0,-577.50,-358.75,1,94.215,
01/01/2000,01:11:44.54,20.74,-57.10,-992.96,140.0,-735.0,-280.0,1,94.216,
01/01/2000,01:11:44.55,21.11,-57.10,-993.69,0.0,-665.0,-262.50,1,94.216,
01/01/2000,01:11:44.56,21.47,-57.34,-993.81,358.75,-700.0,-341.25,1,94.217,
01/01/2000,01:11:44.57,21.23,-57.10,-993.32,166.25,-813.75,-385.0,1,94.218,
01/01/2000,01:11:44.58,21.11,-57.22,-992.59,183.75,-621.25,-183.75,1,94.219,
01/01/2000,01:11:44.59,20.98,-56.97,-991.62,78.75,-673.75,-393.75,1,94.219,
01/01/2000,01:11:44.60,20.74,-57.10,-991.01,148.75,-708.75,-315.0,1,94.220,
01/01/2000,01:11:44.61,20.86,-57.10,-990.64,183.75,-787.50,-332.50,1,94.221,
01/01/2000,01:11:44.62,20.74,-57.10,-990.52,61.25,-778.75,-297.50,1,94.222,
01/01/2000,01:11:44.63,20.86,-57.10,-991.01,175.0,-770.0,-437.50,1,94.222,
01/01/2000,01:11:44.64,20.98,-57.34,-991.62,280.0,-717.50,-341.25,1,94.223,
01/01/2000,01:11:44.65,21.23,-57.22,-992.84,201.25,-656.25,-323.75,1,94.212,
01/01/2000,01:11:44.66,21.23,-57.22,-993.08,175.0,-612.50,-332.50,1,94.212,
01/01/2000,01:11:44.67,21.11,-56.85,-992.96,140.0,-603.75,-393.75,1,94.213,
01/01/2000,01:11:44.68,20.74,-56.73,-992.35,192.50,-630.0,-332.50,1,94.214,
01/01/2000,01:11:44.69,20.62,-56.85,-991.86,122.50,-682.50,-358.75,1,94.215,
01/01/2000,01:11:44.70,20.74,-57.10,-991.62,166.25,-560.0,-297.50,1,94.215,
01/01/2000,01:11:44.71,20.98,-57.10,-991.37,175.0,-770.0,-350.0,1,94.216,
01/01/2000,01:11:44.73,21.35,-57.46,-991.98,78.75,-743.75,-420.0,1,94.217,
01/01/2000,01:11:44.74,21.72,-57.58,-993.57,87.50,-673.75,-341.25,1,94.218,
01/01/2000,01:11:44.75,21.35,-57.22,-994.30,122.50,-595.0,-323.75,1,94.206,
01/01/2000,01:11:44.76,20.74,-56.97,-993.57,122.50,-743.75,-236.25,1,94.207,
01/01/2000,01:11:44.77,20.01,-56.61,-992.35,105.0,-691.25,-201.25,1,94.208,
01/01/2000,01:11:44.78,19.64,-56.61,-991.01,113.75,-647.50,-323.75,1,94.208,
01/01/2000,01:11:44.79,20.01,-56.85,-989.91,122.50,-638.75,-332.50,1,94.209,
01/01/2000,01:11:44.80,20.50,-57.34,-989.91,122.50,-778.75,-358.75,1,94.210,
01/01/2000,01:11:44.81,21.23,-57.46,-990.64,201.25,-700.0,-385.0,1,94.211,
01/01/2000,01:11:44.82,21.47,-57.58,-991.74,105.0,-612.50,-411.25,1,94.211,
01/01/2000,01:11:44.83,21.35,-57.34,-992.23,122.50,-700.0,-358.75,1,94.212,
01/01/2000,01:11:44.84,20.98,-56.85,-992.35,52.50,-638.75,-297.50,1,94.213,
01/01/2000,01:11:44.85,20.98,-56.61,-992.59,341.25,-708.75,-332.50,1,94.214,
01/01/2000,01:11:44.87,20.74,-56.36,-992.84,-26.25,-647.50,-402.50,1,94.214,
01/01/2000,01:11:44.88,20.74,-56.61,-992.96,105.0,-752.50,-166.25,1,94.215,
01/01/2000,01:11:44.89,20.98,-56.85,-992.96,122.50,-638.75,-350.0,1,94.216,
01/01/2000,01:11:44.90,21.11,-57.34,-992.84,140.0,-665.0,-507.50,1,94.217,
01/01/2000,01:11:44.91,21.47,-57.34,-992.59,245.0,-787.50,-402.50,1,94.217,
01/01/2000,01:11:44.92,21.47,-57.10,-992.47,175.0,-778.75,-428.75,1,94.218,
01/01/2000,01:11:44.93,21.47,-56.97,-992.71,140.0,-630.0,-253.75,1,94.219,
01/01/2000,01:11:44.94,21.72,-56.73,-993.69,52.50,-770.0,-341.25,1,94.220,
01/01/2000,01:11:44.95,21.84,-56.61,-994.06,192.50,-708.75,-157.50,1,94.220,
01/01/2000,01:11:44.96,21.23,-56.61,-993.69,70.0,-603.75,-253.75,1,94.221,
01/01/2000,01:11:44.97,20.50,-56.85,-992.59,262.50,-630.0,-236.25,1,94.222,
01/01/2000,01:11:44.98,19.89,-56.85,-991.13,87.50,-673.75,-393.75,1,94.223,
01/01/2000,01:11:44.99,19.64,-57.10,-990.03,78.75,-700.0,-358.75,1,94.223,
01/01/2000,01:11:45.00,20.25,-57.10,-990.27,166.25,-691.25,-446.25,1,94.224,
01/01/2000,01:11:45.01,21.23,-57.10,-991.74,105.0,-691.25,-245.0,1,94.225,
01/01/2000,01:11:45.02,21.59,-56.85,-992.71,105.0,-761.25,-218.75,1,94.226,
01/01/2000,01:11:45.03,21.23,-56.61,-993.08,140.0,-656.25,-367.50,1,94.226,
01/01/2000,01:11:45.04,20.98,-56.36,-992.84,245.0,-498.75,-131.25,1,94.227,
01/01/2000,01:11:45.05,20.25,-56.36,-992.47,70.0,-743.75,-332.50,1,94.228,
01/01/2000,01:11:45.06,20.13,-56.49,-991.98,43.75,-735.0,-341.25,1,94.229,
01/01/2000,01:11:45.08,20.25,-57.10,-992.35,262.50,-656.25,-411.25,1,94.217,
01/01/2000,01:11:45.09,21.11,-57.10,-993.08,253.75,-778.75,-402.50,1,94.218,
01/01/2000,01:11:45.10,21.35,-57.22,-993.45,35.0,-717.50,-358.75,1,94.219,
01/01/2000,01:11:45.11,21.23,-56.97,-993.57,113.75,-595.0,-315.0,1,94.219,
01/01/2000,01:11:45.12,20.86,-56.61,-993.57,157.50,-577.50,-210.0,1,94.220,
01/01/2000,01:11:45.13,20.74,-56.49,-994.18,113.75,-673.75,-341.25,1,94.221,
01/01/2000,01:11:45.14,20.86,-56.61,-994.54,192.50,-726.25,-245.0,1,94.222,
01/01/2000,01:11:45.15,20.50,-56.85,-993.93,113.75,-682.50,-245.0,1,94.222,
01/01/2000,01:11:45.16,20.25,-57.10,-992.59,227.50,-665.0,-358.75,1,94.211,
01/01/2000,01:11:45.17,20.13,-57.10,-991.25,52.50,-813.75,-376.25,1,94.212,
01/01/2000,01:11:45.18,20.25,-57.10,-990.40,52.50,-743.75,-376.25,1,94.213,
01/01/2000,01:11:45.19,20.98,-57.34,-990.76,227.50,-770.0,-350.0,1,94.213,
01/01/2000,01:11:45.20,21.47,-57.34,-991.62,131.25,-682.50,-402.50,1,94.214,
01/01/2000,01:11:45.21,21.59,-57.22,-992.23,113.75,-682.50,-227.50,1,94.215,
01/01/2000,01:11:45.23,21.23,-57.22,-992.71,-35.0,-761.25,-332.50,1,94.216,
01/01/2000,01:11:45.24,20.74,-57.10,-992.59,201.25,-805.0,-323.75,1,94.216,
01/01/2000,01:11:45.25,20.25,-56.97,-991.86,78.75,-691.25,-271.25,1,94.217,
01/01/2000,01:11:45.26,20.50,-57.22,-991.86,262.50,-822.50,-411.25,1,94.218,
01/01/2000,01:11:45.27,20.98,-57.22,-992.23,70.0,-577.50,-262.50,1,94.218,
01/01/2000,01:11:45.28,21.23,-57.34,-992.59,113.75,-682.50,-236.25,1,94.219,
01/01/2000,01:11:45.29,21.11,-57.10,-992.35,227.50,-735.0,-341.25,1,94.208,
01/01/2000,01:11:45.30,20.98,-56.73,-992.35,61.25,-717.50,-350.0,1,94.209,
01/01/2000,01:11:45.31,20.74,-56.85,-991.98,166.25,-708.75,-420.0,1,94.209,
01/01/2000,01:11:45.32,20.86,-56.85,-992.35,-8.75,-717.50,-376.25,1,94.210,
01/01/2000,01:11:45.33,21.23,-57.10,-993.08,157.50,-831.25,-306.25,1,94.211,
01/01/2000,01:11:45.34,21.47,-57.10,-993.81,166.25,-665.0,-411.25,1,94.212,
01/01/2000,01:11:45.35,21.23,-57.10,-994.06,140.0,-708.75,-332.50,1,94.212,
01/01/2000,01:11:45.36,20.50,-56.97,-992.59,96.25,-700.0,-183.75,1,94.213,
01/01/2000,01:11:45.37,20.01,-56.85,-991.25,218.75,-656.25,-210.0,1,94.214,
01/01/2000,01:11:45.38,19.89,-56.73,-990.64,-87.50,-743.75,-350.0,1,94.215,
01/01/2000,01:11:45.39,20.25,-56.97,-990.40,87.50,-805.0,-481.25,1,94.215,
01/01/2000,01:11:45.40,20.86,-57.10,-990.88,131.25,-735.0,-446.25,1,94.216,
01/01/2000,01:11:45.42,20.98,-57.22,-991.37,175.0,-656.25,-332.50,1,94.217,
01/01/2000,01:11:45.43,21.11,-57.10,-991.98,175.0,-735.0,-306.25,1,94.218,
01/01/2000,01:11:45.44,20.74,-56.97,-992.23,113.75,-673.75,-140.0,1,94.218,
01/01/2000,01:11:45.45,20.74,-56.97,-992.59,183.75,-568.75,-227.50,1,94.219,
01/01/2000,01:11:45.46,20.74,-57.10,-992.84,210.0,-682.50,-96.25,1,94.220,
01/01/2000,01:11:45.47,20.62,-56.73,-992.71,35.0,-568.75,140.0,1,94.220,
01/01/2000,01:11:45.48,20.62,-56.73,-992.35,183.75,-630.0,271.25,1,94.221,
01/01/2000,01:11:45.49,20.62,-56.73,-991.86,122.50,-691.25,-411.25,1,94.222,
01/01/2000,01:11:45.50,20.98,-56.73,-991.86,192.50,-691.25,-533.75,1,94.211,
01/01/2000,01:11:45.51,21.23,-56.61,-992.35,166.25,-700.0,-131.25,1,94.211,
01/01/2000,01:11:45.52,21.47,-56.49,-993.32,131.25,-647.50,-385.0,1,94.212,
01/01/2000,01:11:45.53,21.96,-56.61,-994.06,218.75,-673.75,-656.25,1,94.213,
01/01/2000,01:11:45.54,22.08,-56.49,-994.67,140.0,-638.75,-428.75,1,94.214,
01/01/2000,01:11:45.55,21.96,-56.61,-994.79,105.0,-708.75,-210.0,1,94.214,
01/01/2000,01:11:45.56,21.47,-56.73,-994.06,210.0,-630.0,-236.25,1,94.215,
01/01/2000,01:11:45.58,20.25,-56.73,-991.49,70.0,-647.50,-350.0,1,94.216,
01/01/2000,01:11:45.59,19.64,-56.85,-989.42,271.25,-656.25,-411.25,1,94.217,
01/01/2000,01:11:45.60,19.64,-56.85,-989.18,140.0,-726.25,-437.50,1,94.217,
01/01/2000,01:11:45.61,19.89,-56.97,-989.79,236.25,-752.50,-577.50,1,94.218,
01/01/2000,01:11:45.62,20.13,-56.85,-991.13,227.50,-691.25,-516.25,1,94.219,
01/01/2000,01:11:45.63,20.50,-56.85,-993.32,70.0,-665.0,-236.25,1,94.220,
01/01/2000,01:11:45.64,20.74,-56.73,-994.06,218.75,-498.75,-297.50,1,94.220,
01/01/2000,01:11:45.65,20.62,-56.36,-993.57,245.0,-682.50,-253.75,1,94.221,
01/01/2000,01:11:45.66,20.62,-56.24,-992.47,166.25,-656.25,-131.25,1,94.222,
01/01/2000,01:11:45.67,20.37,-56.36,-991.37,105.0,-717.50,-280.0,1,94.222,
01/01/2000,01:11:45.68,20.62,-56.49,-990.64,113.75,-717.50,-271.25,1,94.223,
01/01/2000,01:11:45.69,21.23,-57.10,-990.52,157.50,-778.75,-288.75,1,94.224,
01/01/2000,01:11:45.70,21.72,-57.10,-991.37,52.50,-726.25,-323.75,1,94.225,
01/01/2000,01:11:45.71,21.96,-57.10,-993.08,183.75,-673.75,-402.50,1,94.213,
01/01/2000,01:11:45.72,21.72,-56.73,-993.93,35.0,-743.75,-227.50,1,94.214,
01/01/2000,01:11:45.73,21.47,-56.61,-994.54,166.25,-691.25,-341.25,1,94.215,
01/01/2000,01:11:45.74,21.23,-56.24,-994.54,113.75,-682.50,-166.25,1,94.216,
01/01/2000,01:11:45.75,20.74,-56.49,-993.93,218.75,-630.0,-271.25,1,94.216,
01/01/2000,01:11:45.77,20.25,-56.73,-992.59,236.25,-726.25,-323.75,1,94.217,
01/01/2000,01:11:45.78,20.13,-56.85,-991.62,166.25,-717.50,-350.0,1,94.218,
01/01/2000,01:11:45.79,19.64,-57.10,-989.91,17.50,-682.50,-315.0,1,94.219,
01/01/2000,01:11:45.80,19.76,-56.97,-989.66,227.50,-682.50,-323.75,1,94.219,
01/01/2000,01:11:45.81,20.25,-56.73,-990.03,157.50,-726.25,-507.50,1,94.220,
01/01/2000,01:11:45.82,20.86,-56.61,-991.25,17.50,-682.50,-428.75,1,94.221,
01/01/2000,01:11:45.83,21.47,-56.61,-993.45,87.50,-700.0,-262.50,1,94.221,
01/01/2000,01:11:45.84,21.59,-56.73,-994.30,166.25,-691.25,-280.0,1,94.222,
01/01/2000,01:11:45.85,21.35,-56.73,-994.18,113.75,-691.25,-192.50,1,94.211,
01/01/2000,01:11:45.86,20.74,-56.61,-992.71,227.50,-735.0,-183.75,1,94.212,
01/01/2000,01:11:45.87,20.25,-56.61,-991.62,131.25,-743.75,-350.0,1,94.212,
01/01/2000,01:11:45.88,20.25,-56.61,-991.13,96.25,-796.25,-341.25,1,94.213,
01/01/2000,01:11:45.89,20.98,-56.61,-991.49,157.50,-813.75,-472.50,1,94.214,
01/01/2000,01:11:45.90,21.59,-56.73,-992.23,122.50,-735.0,-350.0,1,94.215,
01/01/2000,01:11:45.91,21.96,-56.61,-993.20,87.50,-700.0,-253.75,1,94.215,
01/01/2000,01:11:45.92,21.72,-56.61,-993.32,131.25,-717.50,-306.25,1,94.216,
01/01/2000,01:11:45.93,21.35,-56.36,-993.08,-8.75,-743.75,-210.0,1,94.217,
01/01/2000,01:11:45.94,21.23,-56.36,-993.32,210.0,-612.50,-306.25,1,94.218,
01/01/2000,01:11:45.95,21.47,-56.36,-993.57,192.50,-665.0,-437.50,1,94.218,
01/01/2000,01:11:45.96,21.35,-56.49,-993.45,140.0,-638.75,-315.0,1,94.219,
01/01/2000,01:11:45.97,21.23,-56.49,-992.96,105.0,-656.25,-262.50,1,94.220,
01/01/2000,01:11:45.98,20.62,-56.61,-991.62,52.50,-761.25,-280.0,1,94.221,
01/01/2000,01:11:46.00,19.76,-56.49,-989.66,113.75,-691.25,-376.25,1,94.221,
01/01/2000,01:11:46.01,20.01,-56.49,-989.66,140.0,-743.75,-315.0,1,94.222,
01/01/2000,01:11:46.02,20.25,-56.61,-990.64,96.25,-673.75,-402.50,1,94.223,
01/01/2000,01:11:46.03,20.37,-56.73,-991.98,210.0,-735.0,-533.75,1,94.223,
01/01/2000,01:11:46.04,20.25,-56.85,-993.08,131.25,-595.0,-288.75,1,94.224,
01/01/2000,01:11:46.05,20.01,-56.49,-993.81,227.50,-647.50,-367.50,1,94.225,
01/01/2000,01:11:46.06,19.40,-56.12,-992.71,175.0,-621.25,-306.25,1,94.226,
01/01/2000,01:11:46.07,19.52,-56.00,-991.74,210.0,-700.0,-507.50,1,94.214,
01/01/2000,01:11:46.08,20.37,-56.00,-991.25,166.25,-787.50,-656.25,1,94.215,
01/01/2000,01:11:46.09,21.47,-56.49,-991.62,140.0,-682.50,-472.50,1,94.216,
01/01/2000,01:11:46.10,22.45,-56.85,-992.35,175.0,-743.75,-87.50,1,94.217,
01/01/2000,01:11:46.11,22.69,-56.97,-992.96,140.0,-787.50,-17.50,1,94.217,
01/01/2000,01:11:46.12,22.20,-56.73,-992.84,70.0,-603.75,-218.75,1,94.218,
01/01/2000,01:11:46.14,20.98,-55.88,-992.23,61.25,-726.25,-341.25,1,94.219,
01/01/2000,01:11:46.15,20.74,-56.00,-992.35,26.25,-717.50,-306.25,1,94.220,
01/01/2000,01:11:46.16,20.98,-56.00,-993.20,183.75,-717.50,-411.25,1,94.220,
01/01/2000,01:11:46.17,21.47,-56.36,-994.06,157.50,-708.75,-306.25,1,94.221,
01/01/2000,01:11:46.18,21.96,-56.85,-994.30,105.0,-533.75,-385.0,1,94.222,
01/01/2000,01:11:46.19,21.47,-56.97,-993.32,166.25,-735.0,-262.50,1,94.223,
01/01/2000,01:11:46.20,20.98,-56.85,-991.98,271.25,-665.0,-297.50,1,94.223,
01/01/2000,01:11:46.21,20.50,-56.36,-990.64,148.75,-665.0,-350.0,1,94.224,
01/01/2000,01:11:46.22,20.50,-56.12,-990.76,140.0,-726.25,-472.50,1,94.225,
01/01/2000,01:11:46.23,20.98,-56.36,-991.62,96.25,-647.50,-332.50,1,94.225,
01/01/2000,01:11:46.24,20.62,-56.24,-992.23,236.25,-708.75,-315.0,1,94.226,
01/01/2000,01:11:46.25,20.74,-56.61,-992.35,157.50,-682.50,-455.0,1,94.227,
01/01/2000,01:11:46.26,20.25,-56.97,-992.10,157.50,-761.25,-420.0,1,94.228,
01/01/2000,01:11:46.28,20.37,-56.97,-992.35,87.50,-770.0,-288.75,1,94.216,
01/01/2000,01:11:46.29,20.74,-56.49,-992.84,61.25,-717.50,-315.0,1,94.217,
01/01/2000,01:11:46.30,20.74,-56.49,-992.59,245.0,-743.75,-262.50,1,94.218,
01/01/2000,01:11:46.31,20.74,-56.12,-992.47,210.0,-717.50,-175.0,1,94.219,
01/01/2000,01:11:46.32,20.74,-56.24,-992.35,271.25,-700.0,35.0,1,94.219,
01/01/2000,01:11:46.33,20.74,-56.24,-992.35,78.75,-595.0,253.75,1,94.220,
01/01/2000,01:11:46.34,20.98,-56.49,-992.47,105.0,-778.75,-96.25,1,94.221,
01/01/2000,01:11:46.35,20.98,-56.36,-992.47,175.0,-708.75,-717.50,1,94.222,
01/01/2000,01:11:46.36,21.35,-56.49,-992.84,288.75,-813.75,-717.50,1,94.222,
01/01/2000,01:11:46.37,22.08,-56.24,-994.06,148.75,-743.75,-603.75,1,94.223,
01/01/2000,01:11:46.38,22.20,-56.12,-994.30,43.75,-595.0,-218.75,1,94.224,
01/01/2000,01:11:46.39,21.96,-56.24,-993.69,341.25,-656.25,-61.25,1,94.224,
01/01/2000,01:11:46.40,20.98,-56.00,-992.59,140.0,-691.25,-70.0,1,94.225,
01/01/2000,01:11:46.41,20.25,-56.36,-991.01,148.75,-752.50,-332.50,1,94.226,
01/01/2000,01:11:46.42,19.28,-56.61,-990.76,70.0,-630.0,-525.0,1,94.215,
01/01/2000,01:11:46.43,19.03,-56.97,-990.76,105.0,-717.50,-551.25,1,94.215,
01/01/2000,01:11:46.44,19.40,-56.85,-991.37,253.75,-708.75,-358.75,1,94.216,
01/01/2000,01:11:46.45,20.37,-56.36,-992.96,183.75,-673.75,-210.0,1,94.217,
01/01/2000,01:11:46.46,20.98,-56.24,-993.45,157.50,-735.0,-341.25,1,94.218,
01/01/2000,01:11:46.47,21.23,-56.00,-993.32,52.50,-726.25,-288.75,1,94.218,
01/01/2000,01:11:46.49,21.11,-56.00,-992.23,122.50,-656.25,-297.50,1,94.219,
01/01/2000,01:11:46.50,20.98,-56.24,-991.74,105.0,-752.50,-463.75,1,94.220,
01/01/2000,01:11:46.51,20.74,-56.85,-991.13,183.75,-700.0,-402.50,1,94.221,
01/01/2000,01:11:46.52,21.23,-56.73,-991.62,87.50,-656.25,-420.0,1,94.221,
01/01/2000,01:11:46.53,21.59,-56.85,-992.10,105.0,-743.75,-402.50,1,94.222,
01/01/2000,01:11:46.54,21.72,-56.36,-992.84,245.0,-630.0,-472.50,1,94.223,
01/01/2000,01:11:46.55,21.59,-56.12,-993.08,288.75,-630.0,-210.0,1,94.224,
01/01/2000,01:11:46.56,21.35,-56.00,-993.45,315.0,-735.0,-271.25,1,94.224,
01/01/2000,01:11:46.57,21.23,-56.12,-993.57,113.75,-717.50,-376.25,1,94.225,
01/01/2000,01:11:46.58,21.47,-56.36,-993.57,105.0,-717.50,-288.75,1,94.226,
01/01/2000,01:11:46.59,21.47,-56.61,-993.45,236.25,-708.75,-245.0,1,94.226,
01/01/2000,01:11:46.60,21.47,-56.49,-992.84,166.25,-778.75,-420.0,1,94.227,
01/01/2000,01:11:46.61,21.23,-56.36,-991.86,210.0,-857.50,-183.75,1,94.228,
01/01/2000,01:11:46.62,20.37,-56.12,-991.01,192.50,-752.50,-323.75,1,94.229,
01/01/2000,01:11:46.63,19.40,-56.12,-990.40,192.50,-682.50,-122.50,1,94.217,
01/01/2000,01:11:46.64,19.03,-56.36,-990.64,131.25,-708.75,-271.25,1,94.218,
01/01/2000,01:11:46.65,19.40,-56.61,-991.49,140.0,-717.50,-297.50,1,94.219,
01/01/2000,01:11:46.66,20.13,-56.61,-992.35,70.0,-805.0,-376.25,1,94.220,
01/01/2000,01:11:46.67,20.98,-56.85,-993.81,236.25,-647.50,-280.0,1,94.220,
01/01/2000,01:11:46.69,21.11,-56.73,-994.54,183.75,-665.0,-236.25,1,94.221,
01/01/2000,01:11:46.70,20.74,-56.61,-995.52,210.0,-621.25,-288.75,1,94.222,
01/01/2000,01:11:46.71,20.74,-56.85,-996.86,113.75,-708.75,-323.75,1,94.223,
01/01/2000,01:11:46.72,20.62,-56.85,-998.45,183.75,-700.0,-376.25,1,94.223,
01/01/2000,01:11:46.73,20.62,-56.97,-1000.77,122.50,-673.75,-271.25,1,94.224,
01/01/2000,01:11:46.74,20.74,-56.85,-1001.50,52.50,-665.0,-393.75,1,94.225,
01/01/2000,01:11:46.75,20.86,-56.61,-1001.38,201.25,-560.0,-288.75,1,94.225,
01/01/2000,01:11:46.76,20.98,-56.61,-1000.52,245.0,-630.0,-367.50,1,94.226,
01/01/2000,01:11:46.77,20.98,-56.49,-998.20,157.50,-691.25,-210.0,1,94.215,
01/01/2000,01:11:46.79,20.98,-56.85,-996.98,183.75,-761.25,-332.50,1,94.216,
01/01/2000,01:11:46.80,21.23,-57.22,-998.20,113.75,-796.25,-350.0,1,94.217,
01/01/2000,01:11:46.81,21.72,-57.46,-1000.64,96.25,-796.25,-428.75,1,94.217,
01/01/2000,01:11:46.82,21.72,-57.46,-1003.57,52.50,-708.75,-420.0,1,94.218,
01/01/2000,01:11:46.83,21.47,-57.22,-1005.89,262.50,-656.25,-420.0,1,94.219,
01/01/2000,01:11:46.84,20.25,-56.49,-1007.48,157.50,-525.0,-306.25,1,94.219,
01/01/2000,01:11:46.85,20.50,-56.12,-1006.62,105.0,-568.75,-367.50,1,94.220,
01/01/2000,01:11:46.86,20.98,-55.88,-1004.55,210.0,-595.0,-323.75,1,94.221,
01/01/2000,01:11:46.87,20.50,-56.61,-1000.16,105.0,-761.25,-192.50,1,94.222,
01/01/2000,01:11:46.88,21.47,-57.10,-997.72,236.25,-796.25,-341.25,1,94.222,
01/01/2000,01:11:46.89,22.08,-57.34,-996.74,201.25,-866.25,-437.50,1,94.223,
01/01/2000,01:11:46.90,21.96,-57.83,-997.23,183.75,-805.0,-402.50,1,94.224,
01/01/2000,01:11:46.91,21.72,-57.34,-999.30,148.75,-813.75,-463.75,1,94.225,
01/01/2000,01:11:46.92,21.47,-56.73,-1001.13,262.50,-647.50,-463.75,1,94.225,
01/01/2000,01:11:46.93,21.35,-56.24,-1001.86,227.50,-647.50,-218.75,1,94.226,
01/01/2000,01:11:46.94,20.98,-55.51,-1000.89,131.25,-673.75,-288.75,1,94.227,
01/01/2000,01:11:46.95,20.50,-55.14,-997.11,26.25,-787.50,-253.75,1,94.227,
01/01/2000,01:11:46.96,21.11,-56.12,-995.03,306.25,-796.25,-245.0,1,94.228,
01/01/2000,01:11:46.97,21.59,-56.85,-994.18,87.50,-910.0,-393.75,1,94.229,
01/01/2000,01:11:46.98,21.72,-57.83,-994.06,131.25,-682.50,-507.50,1,94.218,
01/01/2000,01:11:46.99,21.23,-57.83,-994.54,157.50,-700.0,-560.0,1,94.218,
01/01/2000,01:11:47.00,20.98,-57.10,-995.03,297.50,-717.50,-498.75,1,94.219,
01/01/2000,01:11:47.01,20.86,-56.12,-995.15,297.50,-603.75,-411.25,1,94.220,
01/01/2000,01:11:47.02,20.98,-55.39,-995.03,61.25,-665.0,-218.75,1,94.221,
01/01/2000,01:11:47.03,21.11,-55.27,-994.06,131.25,-700.0,-43.75,1,94.221,
01/01/2000,01:11:47.05,20.98,-56.36,-993.20,245.0,-787.50,-420.0,1,94.222,
01/01/2000,01:11:47.06,21.11,-57.22,-992.96,192.50,-682.50,-271.25,1,94.223,
01/01/2000,01:11:47.07,21.11,-57.71,-992.96,227.50,-708.75,-455.0,1,94.224,
01/01/2000,01:11:47.08,20.98,-57.58,-993.08,183.75,-717.50,-411.25,1,94.224,
01/01/2000,01:11:47.09,20.98,-56.97,-993.08,236.25,-735.0,-516.25,1,94.225,
01/01/2000,01:11:47.10,20.86,-55.88,-992.71,122.50,-682.50,-402.50,1,94.226,
01/01/2000,01:11:47.11,20.98,-55.27,-992.59,122.50,-761.25,-253.75,1,94.226,
01/01/2000,01:11:47.12,20.98,-55.75,-992.47,-8.75,-673.75,-218.75,1,94.227,
01/01/2000,01:11:47.13,21.35,-56.24,-992.47,192.50,-665.0,-323.75,1,94.228,
01/01/2000,01:11:47.14,21.35,-56.97,-992.47,227.50,-735.0,-376.25,1,94.229,
01/01/2000,01:11:47.15,21.47,-57.34,-992.35,122.50,-691.25,-446.25,1,94.229,
01/01/2000,01:11:47.16,21.23,-57.10,-992.23,201.25,-726.25,-437.50,1,94.230,
01/01/2000,01:11:47.17,21.23,-56.36,-992.23,192.50,-717.50,-437.50,1,94.231,
01/01/2000,01:11:47.18,21.23,-55.88,-992.35,87.50,-656.25,-306.25,1,94.231,
01/01/2000,01:11:47.19,21.35,-55.39,-992.59,70.0,-717.50,-201.25,1,94.220,
01/01/2000,01:11:47.20,21.23,-55.75,-992.59,201.25,-656.25,-192.50,1,94.221,
01/01/2000,01:11:47.21,20.98,-56.36,-992.23,105.0,-796.25,-437.50,1,94.222,
01/01/2000,01:11:47.22,20.74,-56.73,-992.10,175.0,-743.75,-341.25,1,94.223,
01/01/2000,01:11:47.23,20.74,-56.73,-991.98,122.50,-673.75,-455.0,1,94.223,
01/01/2000,01:11:47.24,20.74,-56.61,-992.10,78.75,-735.0,-297.50,1,94.224,
01/01/2000,01:11:47.26,18.79,-56.12,-992.23,122.50,-656.25,43.75,1,94.225,
01/01/2000,01:11:47.27,16.35,-55.88,-990.15,96.25,-717.50,157.50,1,94.225,
01/01/2000,01:11:47.28,14.15,-55.51,-989.18,0.0,-700.0,-656.25,1,94.226,
01/01/2000,01:11:47.29,14.64,-56.12,-990.27,245.0,-656.25,-656.25,1,94.215,
01/01/2000,01:11:47.30,15.62,-56.61,-991.86,87.50,-761.25,-183.75,1,94.216,
01/01/2000,01:11:47.31,15.74,-56.97,-993.45,245.0,-673.75,-8.75,1,94.217,
01/01/2000,01:11:47.32,15.13,-56.85,-994.67,210.0,-656.25,-131.25,1,94.217,
01/01/2000,01:11:47.33,13.91,-56.49,-994.54,131.25,-673.75,-253.75,1,94.218,
01/01/2000,01:11:47.34,12.93,-56.00,-993.93,183.75,-560.0,-245.0,1,94.219,
01/01/2000,01:11:47.35,11.47,-55.63,-992.59,122.50,-673.75,-332.50,1,94.220,
01/01/2000,01:11:47.36,10.98,-55.75,-991.98,96.25,-665.0,-78.75,1,94.220,
01/01/2000,01:11:47.37,10.49,-56.12,-991.74,183.75,-656.25,-122.50,1,94.221,
01/01/2000,01:11:47.39,9.76,-56.73,-991.74,140.0,-647.50,-245.0,1,94.222,
01/01/2000,01:11:47.40,8.78,-56.97,-992.10,140.0,-805.0,-201.25,1,94.222,
01/01/2000,01:11:47.41,7.20,-56.73,-992.47,332.50,-717.50,-411.25,1,94.223,
01/01/2000,01:11:47.42,6.95,-56.12,-992.84,192.50,-603.75,-533.75,1,94.224,
01/01/2000,01:11:47.43,7.81,-55.63,-993.08,280.0,-665.0,-498.75,1,94.225,
01/01/2000,01:11:47.44,10.25,-55.39,-993.32,35.0,-612.50,-358.75,1,94.225,
01/01/2000,01:11:47.45,12.44,-55.51,-992.96,122.50,-630.0,-227.50,1,94.226,
01/01/2000,01:11:47.46,14.03,-56.12,-992.35,358.75,-603.75,-105.0,1,94.227,
01/01/2000,01:11:47.47,15.37,-56.85,-991.62,61.25,-638.75,-52.50,1,94.227,
01/01/2000,01:11:47.48,15.25,-57.34,-991.25,306.25,-673.75,-227.50,1,94.228,
01/01/2000,01:11:47.49,14.64,-56.97,-991.13,210.0,-770.0,-437.50,1,94.229,
01/01/2000,01:11:47.50,13.66,-56.49,-991.62,253.75,-717.50,-280.0,1,94.230,
01/01/2000,01:11:47.51,13.54,-55.63,-992.35,166.25,-647.50,-411.25,1,94.230,
01/01/2000,01:11:47.52,13.91,-55.39,-993.08,175.0,-647.50,-227.50,1,94.231,
01/01/2000,01:11:47.53,14.64,-55.51,-993.45,157.50,-568.75,-201.25,1,94.232,
01/01/2000,01:11:47.54,16.10,-56.12,-993.08,201.25,-787.50,-210.0,1,94.221,
01/01/2000,01:11:47.55,17.08,-56.49,-991.62,280.0,-577.50,-411.25,1,94.221,
01/01/2000,01:11:47.56,18.18,-56.73,-990.76,262.50,-656.25,-341.25,1,94.222,
01/01/2000,01:11:47.57,19.03,-56.61,-990.64,166.25,-805.0,-516.25,1,94.223,
01/01/2000,01:11:47.58,19.76,-56.36,-990.88,157.50,-682.50,-385.0,1,94.224,
01/01/2000,01:11:47.59,20.01,-56.12,-991.49,113.75,-717.50,-341.25,1,94.224,
01/01/2000,01:11:47.60,19.64,-55.88,-992.71,131.25,-612.50,-52.50,1,94.225,
01/01/2000,01:11:47.62,19.03,-55.63,-993.08,122.50,-586.25,-96.25,1,94.226,
01/01/2000,01:11:47.63,18.79,-55.75,-992.96,175.0,-735.0,-385.0,1,94.226,
01/01/2000,01:11:47.64,18.91,-56.00,-992.59,52.50,-700.0,-358.75,1,94.227,
01/01/2000,01:11:47.65,19.64,-56.24,-992.23,122.50,-638.75,-358.75,1,94.228,
01/01/2000,01:11:47.66,20.50,-56.36,-991.86,35.0,-638.75,-315.0,1,94.229,
01/01/2000,01:11:47.67,21.35,-56.36,-991.62,297.50,-708.75,-420.0,1,94.229,
01/01/2000,01:11:47.68,21.35,-56.12,-991.86,166.25,-665.0,-227.50,1,94.218,
01/01/2000,01:11:47.69,20.98,-55.88,-992.23,210.0,-770.0,-192.50,1,94.219,
01/01/2000,01:11:47.70,20.74,-56.00,-992.35,166.25,-743.75,-297.50,1,94.220,
01/01/2000,01:11:47.71,20.74,-55.88,-992.59,236.25,-665.0,-358.75,1,94.221,
01/01/2000,01:11:47.72,21.23,-55.88,-992.71,35.0,-665.0,-192.50,1,94.221,
01/01/2000,01:11:47.73,21.11,-56.24,-992.47,297.50,-647.50,-280.0,1,94.222,
01/01/2000,01:11:47.74,20.74,-56.36,-992.35,192.50,-805.0,-341.25,1,94.223,
01/01/2000,01:11:47.76,20.13,-56.36,-992.10,148.75,-743.75,-376.25,1,94.223,
01/01/2000,01:11:47.77,19.89,-56.36,-991.98,271.25,-533.75,-367.50,1,94.224,
01/01/2000,01:11:47.78,19.76,-56.00,-991.86,288.75,-708.75,-297.50,1,94.225,
01/01/2000,01:11:47.79,20.62,-55.75,-991.86,70.0,-691.25,-367.50,1,94.226,
01/01/2000,01:11:47.80,21.35,-55.88,-991.98,245.0,-778.75,-271.25,1,94.226,
01/01/2000,01:11:47.81,21.72,-56.00,-992.10,-26.25,-682.50,-166.25,1,94.227,
01/01/2000,01:11:47.82,21.96,-56.36,-992.10,218.75,-726.25,-297.50,1,94.228,
01/01/2000,01:11:47.83,20.98,-56.49,-992.10,218.75,-630.0,-306.25,1,94.217,
01/01/2000,01:11:47.84,20.13,-56.36,-991.98,122.50,-630.0,-262.50,1,94.217,
01/01/2000,01:11:47.85,19.76,-55.88,-992.10,253.75,-656.25,-367.50,1,94.218,
01/01/2000,01:11:47.86,20.01,-55.75,-992.10,210.0,-612.50,-367.50,1,94.219,
01/01/2000,01:11:47.87,20.50,-55.63,-992.10,96.25,-630.0,-323.75,1,94.220,
01/01/2000,01:11:47.88,21.23,-55.75,-992.10,26.25,-533.75,-376.25,1,94.220,
01/01/2000,01:11:47.89,22.20,-56.36,-991.98,61.25,-612.50,-315.0,1,94.221,
01/01/2000,01:11:47.90,22.45,-56.73,-992.10,157.50,-726.25,-402.50,1,94.222,
01/01/2000,01:11:47.92,22.45,-56.97,-992.10,131.25,-752.50,-201.25,1,94.222,
01/01/2000,01:11:47.92,22.45,-56.85,-992.23,201.25,-647.50,-306.25,1,94.223,
01/01/2000,01:11:47.94,22.08,-56.61,-992.35,-61.25,-638.75,-245.0,1,94.224,
01/01/2000,01:11:47.95,21.47,-56.36,-992.35,122.50,-612.50,-297.50,1,94.225,
01/01/2000,01:11:47.96,20.74,-56.36,-992.47,105.0,-682.50,-236.25,1,94.225,
01/01/2000,01:11:47.97,20.25,-56.49,-992.71,183.75,-682.50,-245.0,1,94.226,
01/01/2000,01:11:47.98,19.40,-56.85,-993.08,131.25,-630.0,-367.50,1,94.227,
01/01/2000,01:11:47.99,19.40,-57.10,-993.45,262.50,-700.0,-490.0,1,94.227,
01/01/2000,01:11:48.00,19.76,-56.73,-993.57,210.0,-691.25,-402.50,1,94.228,
01/01/2000,01:11:48.01,20.25,-56.61,-993.32,122.50,-691.25,-446.25,1,94.229,
01/01/2000,01:11:48.02,20.86,-56.36,-992.84,227.50,-603.75,-271.25,1,94.230,
01/01/2000,01:11:48.03,21.23,-56.12,-992.47,210.0,-735.0,-210.0,1,94.230,
01/01/2000,01:11:48.04,21.23,-56.61,-991.98,140.0,-743.75,-306.25,1,94.231,
01/01/2000,01:11:48.05,20.98,-57.10,-992.23,140.0,-708.75,-323.75,1,94.232,
01/01/2000,01:11:48.06,20.62,-56.97,-992.71,175.0,-665.0,-446.25,1,94.232,
01/01/2000,01:11:48.07,20.62,-57.10,-993.20,306.25,-673.75,-420.0,1,94.233,
01/01/2000,01:11:48.08,20.98,-56.36,-993.57,131.25,-647.50,-437.50,1,94.234,
01/01/2000,01:11:48.09,21.47,-56.12,-993.57,131.25,-752.50,-262.50,1,94.235,
01/01/2000,01:11:48.10,21.59,-56.24,-992.96,280.0,-708.75,-210.0,1,94.224,
01/01/2000,01:11:48.11,21.47,-56.24,-992.35,157.50,-682.50,-245.0,1,94.224,
01/01/2000,01:11:48.12,20.98,-56.61,-991.86,122.50,-778.75,-376.25,1,94.225,
01/01/2000,01:11:48.13,20.74,-56.85,-991.86,131.25,-656.25,-411.25,1,94.226,
01/01/2000,01:11:48.14,20.62,-56.85,-991.98,253.75,-726.25,-428.75,1,94.227,
01/01/2000,01:11:48.15,20.98,-56.36,-991.86,218.75,-735.0,-385.0,1,94.227,
01/01/2000,01:11:48.16,21.47,-55.75,-991.98,175.0,-647.50,-463.75,1,94.228,
01/01/2000,01:11:48.18,21.59,-55.88,-992.10,122.50,-743.75,-166.25,1,94.229,
01/01/2000,01:11:48.19,21.35,-56.24,-992.35,262.50,-638.75,-306.25,1,94.229,
01/01/2000,01:11:48.20,20.86,-56.61,-992.35,183.75,-603.75,-367.50,1,94.230,
01/01/2000,01:11:48.21,20.13,-56.97,-992.47,210.0,-691.25,-481.25,1,94.231,
01/01/2000,01:11:48.22,20.01,-56.73,-992.59,175.0,-805.0,-411.25,1,94.231,
01/01/2000,01:11:48.23,19.76,-56.61,-992.47,166.25,-813.75,-385.0,1,94.232,
01/01/2000,01:11:48.24,20.25,-56.12,-992.47,236.25,-638.75,-393.75,1,94.221,
01/01/2000,01:11:48.25,20.86,-56.36,-992.71,280.0,-673.75,-288.75,1,94.222,
01/01/2000,01:11:48.26,21.84,-56.12,-992.84,96.25,-612.50,-350.0,1,94.223,
01/01/2000,01:11:48.27,22.20,-56.61,-992.59,201.25,-708.75,-288.75,1,94.223,
01/01/2000,01:11:48.28,22.33,-56.61,-992.35,105.0,-726.25,-393.75,1,94.224,
01/01/2000,01:11:48.29,22.81,-56.49,-991.98,175.0,-735.0,-262.50,1,94.225,
01/01/2000,01:11:48.30,22.69,-56.49,-991.86,183.75,-700.0,-280.0,1,94.226,
01/01/2000,01:11:48.32,21.72,-56.36,-991.98,245.0,-691.25,-245.0,1,94.226,
01/01/2000,01:11:48.33,21.11,-56.49,-992.35,175.0,-656.25,-306.25,1,94.227,
01/01/2000,01:11:48.34,20.50,-56.49,-992.59,227.50,-612.50,-385.0,1,94.228,
01/01/2000,01:11:48.35,20.25,-56.36,-992.35,140.0,-612.50,-288.75,1,94.228,
01/01/2000,01:11:48.36,20.13,-56.36,-992.10,175.0,-612.50,-490.0,1,94.229,
01/01/2000,01:11:48.37,20.62,-56.61,-992.10,393.75,-656.25,-315.0,1,94.230,
01/01/2000,01:11:48.38,21.35,-56.49,-992.10,140.0,-691.25,-315.0,1,94.231,
01/01/2000,01:11:48.39,21.72,-56.73,-991.86,105.0,-717.50,-297.50,1,94.220,
01/01/2000,01:11:48.40,22.20,-56.61,-991.98,122.50,-603.75,-271.25,1,94.220,
01/01/2000,01:11:48.41,22.20,-56.61,-992.23,70.0,-708.75,-262.50,1,94.221,
01/01/2000,01:11:48.42,21.72,-56.73,-992.47,236.25,-717.50,-315.0,1,94.222,
01/01/2000,01:11:48.43,21.11,-56.85,-992.71,131.25,-603.75,-315.0,1,94.222,
01/01/2000,01:11:48.44,20.01,-56.49,-993.32,332.50,-691.25,-367.50,1,94.223,
01/01/2000,01:11:48.45,19.76,-56.61,-993.57,236.25,-682.50,-393.75,1,94.224,
01/01/2000,01:11:48.46,19.52,-56.36,-993.81,262.50,-551.25,-253.75,1,94.225,
01/01/2000,01:11:48.48,19.52,-56.73,-993.93,148.75,-638.75,-402.50,1,94.225,
01/01/2000,01:11:48.48,20.01,-56.73,-993.81,201.25,-691.25,-428.75,1,94.226,
01/01/2000,01:11:48.50,20.62,-56.61,-993.69,183.75,-700.0,-358.75,1,94.227,
01/01/2000,01:11:48.51,21.23,-56.73,-993.20,227.50,-743.75,-533.75,1,94.227,
01/01/2000,01:11:48.52,21.72,-56.61,-992.71,78.75,-673.75,-393.75,1,94.228,
01/01/2000,01:11:48.53,21.96,-56.24,-991.86,-78.75,-638.75,-175.0,1,94.229,
01/01/2000,01:11:48.54,21.96,-56.36,-991.62,253.75,-848.75,-315.0,1,94.230,
01/01/2000,01:11:48.55,21.72,-56.24,-992.10,201.25,-700.0,-306.25,1,94.230,
01/01/2000,01:11:48.56,21.35,-56.49,-992.47,271.25,-726.25,-376.25,1,94.231,
01/01/2000,01:11:48.57,20.62,-56.61,-992.59,175.0,-595.0,-306.25,1,94.232,
01/01/2000,01:11:48.58,19.76,-56.36,-992.59,227.50,-700.0,-271.25,1,94.232,
01/01/2000,01:11:48.59,19.52,-56.36,-992.35,87.50,-717.50,-358.75,1,94.233,
01/01/2000,01:11:48.60,19.40,-56.12,-992.35,78.75,-551.25,-472.50,1,94.234,
01/01/2000,01:11:48.61,20.25,-56.12,-992.10,253.75,-630.0,-428.75,1,94.235,
01/01/2000,01:11:48.62,21.96,-56.12,-991.86,8.75,-726.25,-446.25,1,94.235,
01/01/2000,01:11:48.63,22.94,-56.49,-991.74,78.75,-761.25,-306.25,1,94.236,
01/01/2000,01:11:48.64,23.55,-56.49,-991.49,227.50,-603.75,-323.75,1,94.237,
01/01/2000,01:11:48.65,23.55,-56.73,-991.62,131.25,-735.0,-227.50,1,94.237,
01/01/2000,01:11:48.66,22.45,-56.49,-992.35,148.75,-682.50,-262.50,1,94.227,
01/01/2000,01:11:48.67,21.23,-56.61,-992.96,323.75,-700.0,-280.0,1,94.227,
01/01/2000,01:11:48.68,19.40,-56.12,-993.32,96.25,-673.75,-472.50,1,94.228,
01/01/2000,01:11:48.69,18.67,-56.12,-993.32,113.75,-595.0,-253.75,1,94.229,
01/01/2000,01:11:48.70,18.54,-56.12,-992.96,183.75,-726.25,-350.0,1,94.229,
01/01/2000,01:11:48.71,19.15,-56.61,-992.47,175.0,-656.25,-455.0,1,94.230,
01/01/2000,01:11:48.72,20.74,-56.61,-992.10,210.0,-700.0,-533.75,1,94.231,
01/01/2000,01:11:48.74,22.20,-56.97,-991.86,210.0,-682.50,-271.25,1,94.231,
01/01/2000,01:11:48.75,22.45,-56.85,-991.62,131.25,-708.75,-306.25,1,94.232,
01/01/2000,01:11:48.76,22.45,-56.73,-991.62,148.75,-700.0,-271.25,1,94.233,
01/01/2000,01:11:48.77,21.72,-56.36,-991.62,157.50,-700.0,-288.75,1,94.234,
01/01/2000,01:11:48.78,21.23,-56.36,-991.62,148.75,-656.25,-315.0,1,94.234,
01/01/2000,01:11:48.79,20.13,-56.12,-991.86,113.75,-673.75,-350.0,1,94.235,
01/01/2000,01:11:48.80,20.13,-56.49,-992.10,288.75,-708.75,-350.0,1,94.236,
01/01/2000,01:11:48.81,20.13,-56.73,-992.59,227.50,-673.75,-533.75,1,94.225,
01/01/2000,01:11:48.82,20.25,-56.61,-992.59,131.25,-735.0,-315.0,1,94.226,
01/01/2000,01:11:48.84,21.35,-56.49,-992.23,218.75,-647.50,-437.50,1,94.226,
01/01/2000,01:11:48.85,22.08,-56.24,-991.98,271.25,-647.50,-315.0,1,94.227,
01/01/2000,01:11:48.86,22.45,-56.24,-991.74,105.0,-647.50,-236.25,1,94.228,
01/01/2000,01:11:48.87,22.45,-56.73,-991.62,166.25,-752.50,-332.50,1,94.228,
01/01/2000,01:11:48.88,22.33,-56.73,-991.62,52.50,-612.50,-315.0,1,94.218,
01/01/2000,01:11:48.89,21.47,-56.85,-991.74,166.25,-752.50,-446.25,1,94.218,
01/01/2000,01:11:48.90,20.74,-56.49,-991.98,131.25,-673.75,-280.0,1,94.219,
01/01/2000,01:11:48.91,20.25,-56.24,-992.35,17.50,-726.25,-341.25,1,94.220,
01/01/2000,01:11:48.92,19.52,-56.12,-992.47,35.0,-752.50,-297.50,1,94.220,
01/01/2000,01:11:48.93,19.28,-56.24,-992.59,175.0,-708.75,-490.0,1,94.221,
01/01/2000,01:11:48.94,19.52,-56.36,-992.84,166.25,-752.50,-297.50,1,94.222,
01/01/2000,01:11:48.95,20.25,-56.24,-992.59,140.0,-665.0,-420.0,1,94.223,
01/01/2000,01:11:48.96,20.98,-56.36,-992.10,201.25,-656.25,-315.0,1,94.223,
01/01/2000,01:11:48.97,21.84,-56.24,-991.62,245.0,-682.50,-367.50,1,94.224,
01/01/2000,01:11:48.98,22.08,-56.49,-991.37,96.25,-708.75,-367.50,1,94.225,
01/01/2000,01:11:48.99,22.08,-56.36,-991.37,131.25,-682.50,-262.50,1,94.225,
01/01/2000,01:11:49.00,21.96,-56.36,-991.37,183.75,-682.50,-358.75,1,94.226,
01/01/2000,01:11:49.01,21.59,-56.36,-991.49,201.25,-665.0,-280.0,1,94.227,
01/01/2000,01:11:49.03,20.98,-56.12,-991.49,166.25,-621.25,-402.50,1,94.227,
01/01/2000,01:11:49.04,20.50,-56.49,-991.86,236.25,-700.0,-323.75,1,94.228,
01/01/2000,01:11:49.05,20.01,-56.49,-991.98,-35.0,-656.25,-385.0,1,94.229,
01/01/2000,01:11:49.06,20.01,-56.49,-992.35,201.25,-647.50,-332.50,1,94.230,
01/01/2000,01:11:49.07,20.25,-56.49,-992.35,113.75,-673.75,-577.50,1,94.230,
01/01/2000,01:11:49.08,21.11,-56.49,-992.10,122.50,-717.50,-437.50,1,94.231,
01/01/2000,01:11:49.09,21.96,-56.36,-991.62,61.25,-708.75,-271.25,1,94.232,
01/01/2000,01:11:49.10,22.69,-56.49,-991.62,122.50,-708.75,-166.25,1,94.232,
01/01/2000,01:11:49.11,22.57,-56.61,-991.62,70.0,-770.0,-358.75,1,94.233,
01/01/2000,01:11:49.12,22.20,-56.61,-991.98,166.25,-743.75,-297.50,1,94.234,
01/01/2000,01:11:49.13,21.47,-56.73,-992.35,175.0,-708.75,-245.0,1,94.223,
01/01/2000,01:11:49.14,20.37,-56.61,-992.84,323.75,-603.75,-428.75,1,94.224,
01/01/2000,01:11:49.15,19.89,-56.00,-992.84,87.50,-665.0,-332.50,1,94.224,
01/01/2000,01:11:49.17,19.64,-56.12,-992.47,245.0,-735.0,-376.25,1,94.225,
01/01/2000,01:11:49.18,19.76,-56.12,-992.23,183.75,-647.50,-367.50,1,94.226,
01/01/2000,01:11:49.19,20.37,-56.36,-992.10,166.25,-708.75,-437.50,1,94.227,
01/01/2000,01:11:49.20,20.98,-56.73,-991.86,122.50,-708.75,-376.25,1,94.227,
01/01/2000,01:11:49.21,21.72,-56.85,-991.86,122.50,-726.25,-341.25,1,94.228,
01/01/2000,01:11:49.22,21.84,-56.61,-991.98,96.25,-691.25,-271.25,1,94.229,
01/01/2000,01:11:49.23,21.47,-56.61,-991.98,175.0,-682.50,-341.25,1,94.229,
01/01/2000,01:11:49.24,20.98,-56.24,-992.23,166.25,-647.50,-323.75,1,94.230,
01/01/2000,01:11:49.25,21.11,-56.24,-992.23,201.25,-665.0,-192.50,1,94.231,
01/01/2000,01:11:49.26,20.98,-56.12,-992.10,218.75,-603.75,-350.0,1,94.231,
01/01/2000,01:11:49.27,20.98,-56.36,-992.23,192.50,-665.0,-306.25,1,94.232,
01/01/2000,01:11:49.28,21.11,-56.85,-992.47,70.0,-735.0,-245.0,1,94.233,
01/01/2000,01:11:49.29,20.98,-56.85,-992.59,192.50,-717.50,-446.25,1,94.234,
01/01/2000,01:11:49.30,21.11,-56.73,-992.59,122.50,-665.0,-385.0,1,94.223,
01/01/2000,01:11:49.31,21.47,-56.36,-992.23,210.0,-735.0,-341.25,1,94.224,
01/01/2000,01:11:49.32,21.84,-56.36,-991.86,288.75,-621.25,-192.50,1,94.224,
01/01/2000,01:11:49.33,21.96,-56.61,-991.86,87.50,-638.75,-315.0,1,94.225,
01/01/2000,01:11:49.35,21.23,-57.34,-992.23,122.50,-708.75,-411.25,1,94.226,
01/01/2000,01:11:49.36,20.98,-57.10,-992.35,96.25,-612.50,-367.50,1,94.226,
01/01/2000,01:11:49.37,20.62,-56.73,-992.35,288.75,-708.75,-402.50,1,94.227,
01/01/2000,01:11:49.38,20.74,-56.36,-992.23,122.50,-691.25,-323.75,1,94.228,
01/01/2000,01:11:49.39,20.98,-56.36,-992.10,175.0,-682.50,-297.50,1,94.228,
01/01/2000,01:11:49.40,21.23,-56.61,-991.98,236.25,-726.25,-288.75,1,94.229,
01/01/2000,01:11:49.41,21.47,-56.73,-992.23,17.50,-735.0,-411.25,1,94.230,
01/01/2000,01:11:49.42,21.47,-56.97,-992.59,87.50,-577.50,-533.75,1,94.231,
01/01/2000,01:11:49.43,21.35,-56.85,-992.84,140.0,-717.50,-393.75,1,94.231,
01/01/2000,01:11:49.44,21.23,-56.36,-992.84,175.0,-673.75,-402.50,1,94.220,
01/01/2000,01:11:49.45,21.23,-56.12,-992.59,183.75,-735.0,-280.0,1,94.221,
01/01/2000,01:11:49.46,21.23,-56.12,-992.35,323.75,-700.0,-341.25,1,94.222,
01/01/2000,01:11:49.47,21.23,-56.24,-992.10,227.50,-682.50,-245.0,1,94.223,
01/01/2000,01:11:49.48,21.23,-56.61,-992.23,367.50,-743.75,-428.75,1,94.223,
01/01/2000,01:11:49.49,20.98,-56.61,-992.23,148.75,-796.25,-271.25,1,94.224,
01/01/2000,01:11:49.50,20.86,-56.61,-992.23,131.25,-700.0,-402.50,1,94.225,
01/01/2000,01:11:49.51,20.37,-56.49,-992.23,288.75,-673.75,-367.50,1,94.225,
01/01/2000,01:11:49.52,20.25,-56.12,-992.10,227.50,-647.50,-323.75,1,94.226,
01/01/2000,01:11:49.53,20.62,-56.12,-991.98,218.75,-726.25,-192.50,1,94.227,
01/01/2000,01:11:49.54,20.98,-56.12,-991.74,253.75,-656.25,-297.50,1,94.228,
01/01/2000,01:11:49.55,21.23,-56.49,-991.62,253.75,-700.0,-297.50,1,94.228,
01/01/2000,01:11:49.56,21.96,-56.85,-991.62,17.50,-717.50,-455.0,1,94.229,
01/01/2000,01:11:49.57,22.20,-57.10,-991.86,157.50,-717.50,-192.50,1,94.230,
01/01/2000,01:11:49.59,21.47,-56.73,-992.10,35.0,-796.25,-297.50,1,94.230,
01/01/2000,01:11:49.60,21.23,-56.49,-992.23,306.25,-498.75,-280.0,1,94.231,
01/01/2000,01:11:49.61,20.74,-56.12,-992.47,61.25,-708.75,-332.50,1,94.232,
01/01/2000,01:11:49.62,20.62,-56.24,-992.59,192.50,-630.0,-332.50,1,94.232,
01/01/2000,01:11:49.63,20.74,-56.24,-992.47,35.0,-682.50,-358.75,1,94.233,
01/01/2000,01:11:49.64,20.86,-56.61,-992.35,52.50,-700.0,-306.25,1,94.234,
01/01/2000,01:11:49.65,21.47,-56.85,-992.10,140.0,-700.0,-367.50,1,94.234,
01/01/2000,01:11:49.66,21.72,-56.97,-992.23,166.25,-708.75,-358.75,1,94.224,
01/01/2000,01:11:49.67,21.84,-56.61,-992.23,113.75,-665.0,-358.75,1,94.224,
01/01/2000,01:11:49.68,21.84,-56.24,-992.10,166.25,-691.25,-253.75,1,94.225,
01/01/2000,01:11:49.69,21.59,-56.36,-992.10,70.0,-726.25,-297.50,1,94.226,
01/01/2000,01:11:49.70,21.23,-56.73,-992.23,306.25,-796.25,-385.0,1,94.227,
01/01/2000,01:11:49.71,21.35,-56.97,-992.35,245.0,-612.50,-393.75,1,94.227,
01/01/2000,01:11:49.73,20.74,-56.85,-992.35,43.75,-770.0,-297.50,1,94.228,
01/01/2000,01:11:49.74,20.74,-56.61,-992.10,122.50,-673.75,-332.50,1,94.229,
01/01/2000,01:11:49.75,20.62,-56.49,-991.98,183.75,-656.25,-323.75,1,94.229,
01/01/2000,01:11:49.76,21.23,-56.36,-991.98,218.75,-682.50,-428.75,1,94.230,
01/01/2000,01:11:49.77,22.20,-56.36,-991.98,166.25,-673.75,-315.0,1,94.231,
01/01/2000,01:11:49.78,22.69,-56.61,-991.86,131.25,-813.75,-323.75,1,94.231,
01/01/2000,01:11:49.79,23.18,-56.85,-991.86,210.0,-717.50,-192.50,1,94.232,
01/01/2000,01:11:49.80,22.45,-56.97,-991.98,183.75,-752.50,-332.50,1,94.233,
01/01/2000,01:11:49.81,21.35,-56.36,-992.23,96.25,-735.0,-288.75,1,94.234,
01/01/2000,01:11:49.82,20.62,-56.36,-992.59,148.75,-743.75,-280.0,1,94.234,
01/01/2000,01:11:49.83,19.89,-56.24,-992.71,26.25,-560.0,-446.25,1,94.235,
01/01/2000,01:11:49.84,19.28,-56.61,-992.59,201.25,-717.50,-245.0,1,94.236,
01/01/2000,01:11:49.85,19.89,-56.85,-992.10,122.50,-665.0,-481.25,1,94.225,
01/01/2000,01:11:49.87,20.98,-56.85,-991.98,166.25,-708.75,-490.0,1,94.226,
01/01/2000,01:11:49.88,22.33,-56.85,-992.10,61.25,-761.25,-297.50,1,94.226,
01/01/2000,01:11:49.89,22.45,-56.97,-992.23,166.25,-630.0,-253.75,1,94.227,
01/01/2000,01:11:49.90,22.57,-56.85,-992.47,105.0,-647.50,-446.25,1,94.228,
01/01/2000,01:11:49.91,22.33,-56.97,-992.59,166.25,-568.75,-367.50,1,94.228,
01/01/2000,01:11:49.92,21.11,-56.61,-992.10,131.25,-682.50,-271.25,1,94.229,
01/01/2000,01:11:49.93,20.50,-56.49,-991.74,183.75,-682.50,-227.50,1,94.230,
01/01/2000,01:11:49.94,20.13,-56.73,-991.74,166.25,-630.0,-218.75,1,94.231,
01/01/2000,01:11:49.95,20.01,-56.85,-992.23,43.75,-595.0,-455.0,1,94.231,
01/01/2000,01:11:49.96,20.01,-57.10,-992.59,236.25,-700.0,-428.75,1,94.232,
01/01/2000,01:11:49.97,20.50,-56.73,-992.47,122.50,-586.25,-551.25,1,94.233,
01/01/2000,01:11:49.98,21.59,-56.49,-992.35,376.25,-568.75,-560.0,1,94.233,
01/01/2000,01:11:49.99,22.45,-56.12,-992.23,148.75,-743.75,-210.0,1,94.234,
01/01/2000,01:11:50.00,23.42,-56.85,-992.10,227.50,-735.0,-271.25,1,94.235,
01/01/2000,01:11:50.01,22.81,-57.10,-992.35,210.0,-647.50,-341.25,1,94.224,
01/01/2000,01:11:50.02,22.08,-57.34,-992.84,192.50,-752.50,-218.75,1,94.225,
01/01/2000,01:11:50.03,20.98,-56.85,-993.08,140.0,-708.75,-402.50,1,94.225,
01/01/2000,01:11:50.04,19.64,-56.36,-993.08,87.50,-717.50,-306.25,1,94.226,
01/01/2000,01:11:50.05,19.28,-56.00,-992.59,78.75,-630.0,-280.0,1,94.227,
01/01/2000,01:11:50.06,19.64,-56.12,-992.35,288.75,-682.50,-341.25,1,94.228,
01/01/2000,01:11:50.08,20.74,-56.73,-991.86,96.25,-621.25,-481.25,1,94.228,
01/01/2000,01:11:50.09,21.72,-56.97,-991.86,78.75,-770.0,-621.25,1,94.229,
01/01/2000,01:11:50.10,22.94,-57.34,-991.98,131.25,-656.25,-568.75,1,94.230,
01/01/2000,01:11:50.11,23.42,-56.85,-992.35,8.75,-761.25,-385.0,1,94.230,
01/01/2000,01:11:50.12,23.18,-56.61,-992.59,87.50,-665.0,-122.50,1,94.231,
01/01/2000,01:11:50.13,22.08,-56.61,-992.59,105.0,-612.50,-175.0,1,94.232,
01/01/2000,01:11:50.14,21.11,-56.61,-992.35,175.0,-630.0,-297.50,1,94.232,
01/01/2000,01:11:50.15,19.89,-56.61,-991.98,262.50,-630.0,-420.0,1,94.233,
01/01/2000,01:11:50.16,19.52,-56.85,-991.74,218.75,-551.25,-245.0,1,94.234,
01/01/2000,01:11:50.17,19.76,-56.85,-991.86,201.25,-507.50,-437.50,1,94.234,
01/01/2000,01:11:50.18,20.50,-56.73,-992.35,245.0,-612.50,-323.75,1,94.235,
01/01/2000,01:11:50.19,21.23,-56.49,-992.35,201.25,-647.50,-516.25,1,94.236,
01/01/2000,01:11:50.20,22.20,-56.49,-992.10,236.25,-691.25,-376.25,1,94.237,
01/01/2000,01:11:50.21,22.94,-56.24,-991.86,175.0,-761.25,-201.25,1,94.237,
01/01/2000,01:11:50.22,23.42,-57.10,-992.10,253.75,-831.25,-236.25,1,94.227,
01/01/2000,01:11:50.23,22.94,-57.34,-992.71,78.75,-752.50,-332.50,1,94.227,
01/01/2000,01:11:50.24,21.23,-57.34,-992.84,227.50,-752.50,-376.25,1,94.228,
01/01/2000,01:11:50.25,20.01,-56.85,-992.71,140.0,-630.0,-280.0,1,94.229,
01/01/2000,01:11:50.27,19.03,-56.36,-992.47,166.25,-647.50,-332.50,1,94.229,
01/01/2000,01:11:50.27,18.54,-56.12,-992.10,122.50,-665.0,-288.75,1,94.230,
01/01/2000,01:11:50.29,19.03,-56.85,-991.86,140.0,-665.0,-350.0,1,94.231,
01/01/2000,01:11:50.30,20.74,-57.22,-992.35,157.50,-638.75,-507.50,1,94.231,
01/01/2000,01:11:50.31,21.72,-57.34,-992.47,166.25,-752.50,-428.75,1,94.232,
01/01/2000,01:11:50.32,22.20,-56.97,-992.59,166.25,-656.25,-542.50,1,94.233,
01/01/2000,01:11:50.33,22.69,-56.61,-992.59,122.50,-630.0,-358.75,1,94.234,
01/01/2000,01:11:50.34,22.69,-56.24,-992.47,166.25,-691.25,-140.0,1,94.234,
01/01/2000,01:11:50.35,22.08,-56.49,-992.59,183.75,-787.50,-306.25,1,94.235,
01/01/2000,01:11:50.37,20.25,-57.10,-992.47,472.50,-568.75,-367.50,1,94.224,
01/01/2000,01:11:50.38,19.64,-56.97,-992.35,210.0,-673.75,-455.0,1,94.225,
01/01/2000,01:11:50.39,19.28,-56.73,-992.23,253.75,-595.0,-411.25,1,94.226,
01/01/2000,01:11:50.40,19.76,-56.49,-992.35,8.75,-673.75,-376.25,1,94.226,
01/01/2000,01:11:50.41,20.50,-56.36,-992.10,192.50,-682.50,-542.50,1,94.227,
01/01/2000,01:11:50.42,21.96,-56.36,-991.98,271.25,-647.50,-472.50,1,94.228,
01/01/2000,01:11:50.43,23.91,-56.85,-991.86,201.25,-787.50,-280.0,1,94.228,
01/01/2000,01:11:50.44,24.64,-57.22,-991.86,323.75,-752.50,-288.75,1,94.229,
01/01/2000,01:11:50.45,24.52,-57.22,-992.10,131.25,-805.0,-376.25,1,94.230,
01/01/2000,01:11:50.46,23.67,-57.10,-992.47,140.0,-770.0,-17.50,1,94.231,
01/01/2000,01:11:50.47,22.33,-56.61,-992.47,122.50,-735.0,-166.25,1,94.231,
01/01/2000,01:11:50.48,20.01,-56.24,-992.47,183.75,-691.25,-201.25,1,94.232,
01/01/2000,01:11:50.49,19.28,-56.24,-992.10,61.25,-787.50,-376.25,1,94.233,
01/01/2000,01:11:50.50,18.79,-56.61,-991.74,227.50,-621.25,-288.75,1,94.233,
01/01/2000,01:11:50.51,19.64,-56.97,-991.74,70.0,-612.50,-551.25,1,94.234,
01/01/2000,01:11:50.52,20.50,-57.10,-991.98,183.75,-612.50,-568.75,1,94.235,
01/01/2000,01:11:50.53,21.59,-56.73,-992.23,253.75,-743.75,-525.0,1,94.235,
01/01/2000,01:11:50.54,22.20,-56.85,-992.59,227.50,-717.50,-210.0,1,94.236,
01/01/2000,01:11:50.55,22.69,-56.61,-992.59,140.0,-638.75,-297.50,1,94.225,
01/01/2000,01:11:50.56,22.45,-56.61,-992.47,8.75,-656.25,-262.50,1,94.237,
01/01/2000,01:11:50.58,21.47,-56.85,-992.23,113.75,-665.0,-148.75,1,94.227,
01/01/2000,01:11:50.59,20.74,-57.10,-992.35,201.25,-647.50,-341.25,1,94.228,
01/01/2000,01:11:50.60,20.13,-56.85,-992.59,271.25,-787.50,-402.50,1,94.228,
01/01/2000,01:11:50.61,19.52,-56.73,-992.59,271.25,-656.25,-350.0,1,94.229,
01/01/2000,01:11:50.62,19.28,-56.49,-992.35,113.75,-656.25,-446.25,1,94.230,
01/01/2000,01:11:50.63,19.76,-56.73,-991.98,350.0,-691.25,-595.0,1,94.230,
01/01/2000,01:11:50.64,21.72,-56.61,-991.74,70.0,-726.25,-411.25,1,94.231,
01/01/2000,01:11:50.65,22.94,-57.46,-991.86,341.25,-647.50,-332.50,1,94.232,
01/01/2000,01:11:50.66,23.91,-57.22,-992.35,-70.0,-708.75,-315.0,1,94.232,
01/01/2000,01:11:50.67,23.79,-57.58,-992.84,201.25,-805.0,-192.50,1,94.233,
01/01/2000,01:11:50.68,22.81,-56.97,-992.96,122.50,-708.75,-376.25,1,94.234,
01/01/2000,01:11:50.69,21.11,-56.61,-992.84,341.25,-682.50,-87.50,1,94.234,
01/01/2000,01:11:50.70,19.76,-56.49,-992.59,131.25,-656.25,-183.75,1,94.235,
01/01/2000,01:11:50.71,18.42,-56.97,-992.10,253.75,-726.25,-437.50,1,94.225,
01/01/2000,01:11:50.72,18.30,-57.10,-991.86,175.0,-708.75,-446.25,1,94.225,
01/01/2000,01:11:50.73,19.64,-57.22,-991.86,183.75,-691.25,-796.25,1,94.226,
01/01/2000,01:11:50.74,21.11,-57.10,-992.10,218.75,-726.25,-568.75,1,94.227,
01/01/2000,01:11:50.75,22.45,-56.85,-992.35,175.0,-665.0,-341.25,1,94.227,
01/01/2000,01:11:50.76,23.55,-56.85,-992.59,271.25,-743.75,-140.0,1,94.228,
01/01/2000,01:11:50.77,24.16,-57.10,-992.59,157.50,-682.50,-253.75,1,94.229,
01/01/2000,01:11:50.79,23.67,-57.22,-992.47,271.25,-621.25,-341.25,1,94.229,
01/01/2000,01:11:50.80,22.20,-57.10,-992.23,332.50,-708.75,-306.25,1,94.230,
01/01/2000,01:11:50.81,20.98,-56.97,-992.23,210.0,-822.50,-393.75,1,94.231,
01/01/2000,01:11:50.82,19.76,-56.61,-992.23,183.75,-682.50,-323.75,1,94.231,
01/01/2000,01:11:50.83,19.03,-56.73,-992.23,218.75,-595.0,-472.50,1,94.232,
01/01/2000,01:11:50.84,19.40,-56.85,-991.86,183.75,-638.75,-560.0,1,94.233,
01/01/2000,01:11:50.85,20.37,-56.73,-991.74,122.50,-700.0,-455.0,1,94.234,
01/01/2000,01:11:50.86,22.20,-57.10,-991.86,262.50,-770.0,-306.25,1,94.234,
01/01/2000,01:11:50.88,23.06,-57.22,-992.35,183.75,-630.0,-367.50,1,94.224,
01/01/2000,01:11:50.89,22.94,-57.10,-992.84,297.50,-682.50,-280.0,1,94.224,
01/01/2000,01:11:50.90,22.20,-56.97,-992.71,280.0,-743.75,-210.0,1,94.225,
01/01/2000,01:11:50.91,20.62,-56.73,-992.47,236.25,-770.0,-236.25,1,94.226,
01/01/2000,01:11:50.92,19.64,-56.97,-992.23,245.0,-638.75,-358.75,1,94.226,
01/01/2000,01:11:50.93,19.03,-57.10,-991.86,306.25,-708.75,-332.50,1,94.227,
01/01/2000,01:11:50.94,18.91,-57.10,-992.10,201.25,-717.50,-455.0,1,94.228,
01/01/2000,01:11:50.95,19.76,-57.10,-992.10,315.0,-621.25,-612.50,1,94.228,
01/01/2000,01:11:50.96,20.74,-56.85,-992.23,78.75,-761.25,-428.75,1,94.229,
01/01/2000,01:11:50.97,21.72,-56.73,-992.23,105.0,-673.75,-350.0,1,94.230,
01/01/2000,01:11:50.98,23.18,-57.10,-992.10,175.0,-700.0,-332.50,1,94.231,
01/01/2000,01:11:50.99,23.67,-57.22,-992.10,96.25,-682.50,-323.75,1,94.231,
01/01/2000,01:11:51.00,23.67,-57.22,-992.23,210.0,-743.75,-280.0,1,94.232,
01/01/2000,01:11:51.01,22.94,-57.10,-992.10,192.50,-805.0,-332.50,1,94.233,
01/01/2000,01:11:51.02,21.47,-56.85,-992.10,113.75,-682.50,-253.75,1,94.233,
01/01/2000,01:11:51.03,20.62,-56.61,-992.10,113.75,-673.75,-297.50,1,94.234,
01/01/2000,01:11:51.04,20.01,-56.61,-992.10,166.25,-638.75,-262.50,1,94.235,
01/01/2000,01:11:51.05,19.76,-56.73,-991.86,122.50,-778.75,-376.25,1,94.235,
01/01/2000,01:11:51.06,20.74,-56.73,-991.25,131.25,-700.0,-437.50,1,94.225,
01/01/2000,01:11:51.07,22.45,-56.97,-991.37,166.25,-717.50,-542.50,1,94.226,
01/01/2000,01:11:51.08,22.94,-57.10,-991.74,183.75,-805.0,-533.75,1,94.226,
01/01/2000,01:11:51.09,23.42,-57.10,-992.23,280.0,-770.0,-262.50,1,94.227,
01/01/2000,01:11:51.10,23.18,-57.10,-992.59,183.75,-595.0,-175.0,1,94.228,
01/01/2000,01:11:51.11,22.45,-56.85,-992.47,192.50,-665.0,-236.25,1,94.228,
01/01/2000,01:11:51.12,21.11,-56.73,-992.35,166.25,-787.50,-192.50,1,94.229,
01/01/2000,01:11:51.14,19.76,-56.85,-991.86,245.0,-673.75,-306.25,1,94.230,
01/01/2000,01:11:51.15,19.15,-57.10,-991.74,148.75,-831.25,-428.75,1,94.230,
01/01/2000,01:11:51.16,19.28,-56.97,-991.98,113.75,-586.25,-358.75,1,94.231,
01/01/2000,01:11:51.17,20.01,-56.85,-991.98,131.25,-612.50,-586.25,1,94.232,
01/01/2000,01:11:51.18,21.47,-56.85,-992.47,227.50,-612.50,-367.50,1,94.232,
01/01/2000,01:11:51.19,22.20,-56.73,-992.59,105.0,-787.50,-323.75,1,94.233,
01/01/2000,01:11:51.20,23.06,-56.85,-992.59,175.0,-726.25,-245.0,1,94.223,
01/01/2000,01:11:51.21,22.94,-57.22,-992.59,192.50,-752.50,-288.75,1,94.234,
01/01/2000,01:11:51.22,22.33,-57.22,-992.35,201.25,-691.25,-315.0,1,94.224,
01/01/2000,01:11:51.23,21.59,-57.10,-992.47,87.50,-638.75,-350.0,1,94.225,
01/01/2000,01:11:51.24,20.98,-56.85,-992.35,315.0,-673.75,-323.75,1,94.225,
01/01/2000,01:11:51.25,21.47,-56.61,-992.10,175.0,-638.75,-551.25,1,94.226,
01/01/2000,01:11:51.26,22.94,-56.24,-992.10,280.0,-647.50,-525.0,1,94.227,
01/01/2000,01:11:51.28,26.35,-56.61,-992.10,376.25,-708.75,-428.75,1,94.227,
01/01/2000,01:11:51.29,29.04,-57.22,-992.59,245.0,-647.50,-411.25,1,94.228,
01/01/2000,01:11:51.30,32.09,-57.34,-993.32,96.25,-866.25,-245.0,1,94.229,
01/01/2000,01:11:51.31,32.57,-57.22,-993.32,175.0,-831.25,-288.75,1,94.229,
01/01/2000,01:11:51.32,31.72,-56.73,-992.84,87.50,-743.75,-105.0,1,94.230,
01/01/2000,01:11:51.33,29.77,-56.49,-992.35,157.50,-796.25,236.25,1,94.231,
01/01/2000,01:11:51.34,27.57,-56.49,-992.10,35.0,-682.50,-288.75,1,94.231,
01/01/2000,01:11:51.35,25.13,-57.10,-991.86,96.25,-656.25,-796.25,1,94.232,
01/01/2000,01:11:51.36,25.13,-56.73,-991.74,253.75,-656.25,-656.25,1,94.233,
01/01/2000,01:11:51.37,26.96,-56.61,-991.98,131.25,-735.0,-778.75,1,94.234,
01/01/2000,01:11:51.38,31.48,-56.61,-992.23,245.0,-752.50,-516.25,1,94.223,
01/01/2000,01:11:51.40,34.40,-56.85,-992.10,166.25,-621.25,-122.50,1,94.224,
01/01/2000,01:11:51.41,36.72,-57.71,-992.10,140.0,-761.25,-131.25,1,94.224,
01/01/2000,01:11:51.42,36.84,-57.95,-992.23,148.75,-831.25,-367.50,1,94.225,
01/01/2000,01:11:51.43,35.75,-57.58,-992.35,131.25,-805.0,-122.50,1,94.226,
01/01/2000,01:11:51.44,31.48,-56.73,-992.59,122.50,-691.25,17.50,1,94.226,
01/01/2000,01:11:51.45,29.28,-56.36,-992.23,17.50,-665.0,-218.75,1,94.227,
01/01/2000,01:11:51.46,26.84,-56.61,-991.74,210.0,-603.75,-446.25,1,94.228,
01/01/2000,01:11:51.47,25.01,-56.85,-991.62,210.0,-700.0,-822.50,1,94.228,
01/01/2000,01:11:51.48,25.86,-56.85,-991.37,210.0,-682.50,-735.0,1,94.229,
01/01/2000,01:11:51.49,27.45,-57.34,-991.49,87.50,-787.50,-700.0,1,94.230,
01/01/2000,01:11:51.50,29.40,-57.10,-992.10,70.0,-805.0,-507.50,1,94.231,
01/01/2000,01:11:51.51,30.74,-56.73,-992.71,26.25,-787.50,-87.50,1,94.231,
01/01/2000,01:11:51.52,29.77,-57.46,-993.20,323.75,-752.50,166.25,1,94.232,
01/01/2000,01:11:51.53,27.57,-57.22,-992.84,8.75,-612.50,-52.50,1,94.233,
01/01/2000,01:11:51.54,24.89,-57.22,-992.35,306.25,-691.25,-463.75,1,94.233,
01/01/2000,01:11:51.55,23.18,-56.61,-991.62,157.50,-717.50,-717.50,1,94.234,
01/01/2000,01:11:51.56,22.94,-56.36,-992.10,148.75,-700.0,-682.50,1,94.223,
01/01/2000,01:11:51.57,23.91,-56.61,-993.08,140.0,-638.75,-420.0,1,94.224,
01/01/2000,01:11:51.58,25.01,-57.10,-993.20,78.75,-638.75,-96.25,1,94.225,
01/01/2000,01:11:51.59,24.89,-57.58,-992.71,271.25,-665.0,-70.0,1,94.226,
01/01/2000,01:11:51.60,23.91,-57.22,-992.23,131.25,-778.75,-332.50,1,94.226,
01/01/2000,01:11:51.61,22.94,-56.97,-991.98,262.50,-700.0,-516.25,1,94.227,
01/01/2000,01:11:51.63,22.08,-56.85,-992.59,210.0,-612.50,-420.0,1,94.228,
01/01/2000,01:11:51.64,22.20,-56.61,-993.08,183.75,-761.25,-665.0,1,94.228,
01/01/2000,01:11:51.65,22.45,-56.61,-992.71,262.50,-673.75,-656.25,1,94.229,
01/01/2000,01:11:51.66,22.57,-56.97,-992.23,131.25,-726.25,-175.0,1,94.230,
01/01/2000,01:11:51.67,22.57,-57.10,-991.98,183.75,-708.75,-105.0,1,94.230,
01/01/2000,01:11:51.68,22.57,-57.34,-992.23,78.75,-831.25,-455.0,1,94.231,
01/01/2000,01:11:51.69,22.20,-57.10,-992.71,157.50,-673.75,-323.75,1,94.232,
01/01/2000,01:11:51.70,21.72,-56.49,-992.59,96.25,-612.50,-306.25,1,94.232,
01/01/2000,01:11:51.71,21.47,-56.49,-992.10,271.25,-665.0,-350.0,1,94.233,
01/01/2000,01:11:51.72,21.47,-56.85,-991.98,148.75,-577.50,-376.25,1,94.234,
01/01/2000,01:11:51.73,21.84,-57.22,-992.10,131.25,-682.50,-472.50,1,94.234,
01/01/2000,01:11:51.74,22.08,-57.58,-992.35,157.50,-778.75,-586.25,1,94.235,
01/01/2000,01:11:51.75,22.08,-57.22,-992.59,157.50,-778.75,-253.75,1,94.236,
01/01/2000,01:11:51.76,21.84,-56.85,-992.35,192.50,-630.0,-262.50,1,94.236,
01/01/2000,01:11:51.77,21.47,-56.61,-992.10,35.0,-621.25,-227.50,1,94.226,
01/01/2000,01:11:51.78,21.23,-56.97,-992.23,175.0,-656.25,-227.50,1,94.227,
01/01/2000,01:11:51.79,21.47,-57.34,-992.35,218.75,-735.0,-385.0,1,94.227,
01/01/2000,01:11:51.80,21.84,-57.46,-992.59,201.25,-656.25,-533.75,1,94.228,
01/01/2000,01:11:51.81,21.96,-57.10,-992.59,35.0,-735.0,-341.25,1,94.229,
01/01/2000,01:11:51.82,21.96,-56.85,-992.59,140.0,-743.75,-297.50,1,94.229,
01/01/2000,01:11:51.84,21.47,-57.10,-992.35,61.25,-761.25,-306.25,1,94.230,
01/01/2000,01:11:51.85,21.23,-57.10,-992.35,227.50,-700.0,-350.0,1,94.231,
01/01/2000,01:11:51.86,21.47,-57.34,-993.45,175.0,-630.0,-446.25,1,94.231,
01/01/2000,01:11:51.87,20.98,-57.46,-995.28,227.50,-778.75,-306.25,1,94.232,
01/01/2000,01:11:51.88,20.37,-57.10,-996.25,78.75,-822.50,-43.75,1,94.233,
01/01/2000,01:11:51.89,19.03,-57.46,-996.50,376.25,-630.0,-367.50,1,94.222,
01/01/2000,01:11:51.90,18.30,-56.36,-996.98,-8.75,-551.25,-498.75,1,94.223,
01/01/2000,01:11:51.92,19.52,-56.85,-997.72,192.50,-691.25,-323.75,1,94.224,
01/01/2000,01:11:51.92,21.47,-57.10,-998.94,96.25,-656.25,-542.50,1,94.224,
01/01/2000,01:11:51.94,23.30,-57.71,-1000.03,166.25,-735.0,-306.25,1,94.225,
01/01/2000,01:11:51.95,25.13,-57.83,-999.91,306.25,-691.25,-411.25,1,94.226,
01/01/2000,01:11:51.96,25.25,-57.34,-999.42,166.25,-691.25,-262.50,1,94.226,
01/01/2000,01:11:51.97,25.13,-57.22,-999.42,131.25,-656.25,-183.75,1,94.227,
01/01/2000,01:11:51.98,24.64,-57.58,-1000.28,166.25,-805.0,-245.0,1,94.228,
01/01/2000,01:11:51.99,23.30,-57.71,-1002.60,113.75,-638.75,-481.25,1,94.229,
01/01/2000,01:11:52.00,22.33,-57.58,-1003.82,236.25,-717.50,-507.50,1,94.229,
01/01/2000,01:11:52.01,21.23,-57.10,-1004.55,157.50,-726.25,-245.0,1,94.230,
01/01/2000,01:11:52.02,20.50,-56.85,-1004.30,210.0,-656.25,-288.75,1,94.231,
01/01/2000,01:11:52.03,20.37,-57.10,-1003.57,192.50,-700.0,-323.75,1,94.231,
01/01/2000,01:11:52.04,20.25,-57.22,-1002.35,131.25,-691.25,-455.0,1,94.232,
01/01/2000,01:11:52.05,20.50,-57.71,-1000.03,122.50,-778.75,-446.25,1,94.233,
01/01/2000,01:11:52.06,20.86,-57.34,-999.06,245.0,-700.0,-612.50,1,94.233,
01/01/2000,01:11:52.07,21.35,-56.97,-998.69,218.75,-743.75,-420.0,1,94.234,
01/01/2000,01:11:52.08,22.94,-56.85,-999.42,140.0,-743.75,-385.0,1,94.235,
01/01/2000,01:11:52.09,23.91,-57.22,-1000.64,262.50,-691.25,-341.25,1,94.235,
01/01/2000,01:11:52.10,24.52,-57.46,-1001.38,175.0,-857.50,-420.0,1,94.236,
01/01/2000,01:11:52.11,24.16,-57.58,-1001.25,175.0,-735.0,-218.75,1,94.237,
01/01/2000,01:11:52.12,22.69,-57.10,-999.91,122.50,-708.75,-201.25,1,94.226,
01/01/2000,01:11:52.13,21.23,-56.97,-998.69,367.50,-708.75,-306.25,1,94.227,
01/01/2000,01:11:52.15,19.76,-57.10,-996.98,288.75,-630.0,-385.0,1,94.228,
01/01/2000,01:11:52.15,19.28,-57.22,-996.13,131.25,-656.25,-350.0,1,94.228,
01/01/2000,01:11:52.17,19.28,-57.34,-995.15,78.75,-700.0,-455.0,1,94.229,
01/01/2000,01:11:52.17,19.15,-57.34,-994.30,113.75,-901.25,-542.50,1,94.230,
01/01/2000,01:11:52.19,20.01,-57.22,-994.06,157.50,-717.50,-603.75,1,94.230,
01/01/2000,01:11:52.20,20.86,-57.34,-993.81,113.75,-621.25,-472.50,1,94.231,
01/01/2000,01:11:52.21,20.98,-57.10,-993.32,166.25,-647.50,-140.0,1,94.232,
01/01/2000,01:11:52.22,20.98,-56.97,-993.08,131.25,-840.0,-288.75,1,94.232,
01/01/2000,01:11:52.23,21.47,-57.10,-993.32,183.75,-822.50,-420.0,1,94.233,
01/01/2000,01:11:52.24,21.72,-57.34,-993.93,201.25,-735.0,-560.0,1,94.234,
01/01/2000,01:11:52.25,22.20,-57.10,-995.03,87.50,-621.25,-577.50,1,94.234,
01/01/2000,01:11:52.26,22.20,-56.61,-994.79,332.50,-787.50,-411.25,1,94.224,
01/01/2000,01:11:52.27,21.96,-56.61,-994.18,52.50,-586.25,-236.25,1,94.225,
01/01/2000,01:11:52.28,21.59,-56.85,-993.81,192.50,-673.75,-271.25,1,94.225,
01/01/2000,01:11:52.29,21.47,-57.10,-993.45,113.75,-691.25,-446.25,1,94.226,
01/01/2000,01:11:52.30,21.84,-56.97,-992.84,210.0,-700.0,-542.50,1,94.227,
01/01/2000,01:11:52.31,22.08,-56.73,-992.84,227.50,-778.75,-490.0,1,94.227,
01/01/2000,01:11:52.32,22.45,-56.73,-992.59,35.0,-787.50,-481.25,1,94.228,
01/01/2000,01:11:52.34,22.20,-56.97,-992.47,148.75,-700.0,-323.75,1,94.229,
01/01/2000,01:11:52.35,21.35,-57.10,-991.86,183.75,-708.75,-236.25,1,94.229,
01/01/2000,01:11:52.36,20.37,-57.34,-991.01,157.50,-726.25,-393.75,1,94.230,
01/01/2000,01:11:52.37,19.28,-57.10,-990.76,166.25,-778.75,-428.75,1,94.231,
01/01/2000,01:11:52.38,19.52,-57.10,-991.49,148.75,-752.50,-463.75,1,94.231,
01/01/2000,01:11:52.39,20.37,-57.22,-992.96,61.25,-665.0,-787.50,1,94.232,
01/01/2000,01:11:52.40,22.20,-56.85,-993.81,341.25,-630.0,-700.0,1,94.222,
01/01/2000,01:11:52.42,22.81,-56.97,-993.20,236.25,-735.0,-428.75,1,94.222,
01/01/2000,01:11:52.43,23.30,-57.34,-992.35,87.50,-770.0,-236.25,1,94.223,
01/01/2000,01:11:52.44,23.06,-57.83,-992.10,201.25,-813.75,-210.0,1,94.224,
01/01/2000,01:11:52.45,22.57,-57.71,-992.35,192.50,-691.25,-148.75,1,94.224,
01/01/2000,01:11:52.46,21.96,-57.46,-992.35,262.50,-612.50,61.25,1,94.225,
01/01/2000,01:11:52.47,20.86,-56.61,-991.62,332.50,-752.50,-481.25,1,94.226,
01/01/2000,01:11:52.48,19.76,-56.49,-991.13,157.50,-665.0,-612.50,1,94.226,
01/01/2000,01:11:52.49,19.28,-56.73,-990.64,17.50,-735.0,-218.75,1,94.227,
01/01/2000,01:11:52.50,18.79,-57.34,-990.15,262.50,-682.50,-385.0,1,94.228,
01/01/2000,01:11:52.51,18.79,-57.34,-990.40,113.75,-691.25,-647.50,1,94.229,
01/01/2000,01:11:52.52,19.64,-56.97,-991.25,183.75,-673.75,-638.75,1,94.229,
01/01/2000,01:11:52.53,20.98,-56.73,-992.35,210.0,-761.25,-595.0,1,94.230,
01/01/2000,01:11:52.54,22.69,-56.73,-993.57,288.75,-638.75,-323.75,1,94.231,
01/01/2000,01:11:52.55,24.64,-56.85,-994.06,157.50,-743.75,-183.75,1,94.231,
01/01/2000,01:11:52.56,24.89,-57.34,-993.32,96.25,-717.50,-78.75,1,94.232,
01/01/2000,01:11:52.57,24.40,-57.83,-992.35,122.50,-735.0,-26.25,1,94.233,
01/01/2000,01:11:52.58,23.42,-57.83,-991.86,236.25,-647.50,-385.0,1,94.233,
01/01/2000,01:11:52.59,21.11,-57.34,-992.10,52.50,-743.75,-367.50,1,94.234,
01/01/2000,01:11:52.60,19.76,-56.97,-992.23,140.0,-630.0,-350.0,1,94.235,
01/01/2000,01:11:52.61,18.54,-56.73,-992.10,236.25,-752.50,-210.0,1,94.224,
01/01/2000,01:11:52.62,18.30,-57.10,-991.74,157.50,-682.50,-210.0,1,94.225,
01/01/2000,01:11:52.63,18.54,-57.46,-991.01,140.0,-656.25,-420.0,1,94.226,
01/01/2000,01:11:52.64,19.03,-57.58,-989.79,245.0,-673.75,-498.75,1,94.226,
01/01/2000,01:11:52.65,20.13,-57.58,-990.15,166.25,-700.0,-420.0,1,94.227,
01/01/2000,01:11:52.66,21.23,-57.34,-991.62,245.0,-700.0,-472.50,1,94.228,
01/01/2000,01:11:52.67,22.57,-57.34,-993.57,166.25,-726.25,-446.25,1,94.228,
01/01/2000,01:11:52.69,23.67,-57.10,-995.03,253.75,-673.75,-358.75,1,94.229,
01/01/2000,01:11:52.70,23.42,-57.10,-994.42,183.75,-656.25,-166.25,1,94.230,
01/01/2000,01:11:52.71,22.33,-57.34,-992.35,218.75,-752.50,-166.25,1,94.230,
01/01/2000,01:11:52.72,20.98,-57.83,-991.13,192.50,-726.25,-315.0,1,94.231,
01/01/2000,01:11:52.73,19.76,-57.95,-990.88,175.0,-673.75,-358.75,1,94.232,
01/01/2000,01:11:52.74,19.28,-57.58,-991.62,43.75,-603.75,-420.0,1,94.232,
01/01/2000,01:11:52.75,19.40,-56.85,-993.08,253.75,-700.0,-376.25,1,94.233,
01/01/2000,01:11:52.76,20.01,-56.36,-993.93,236.25,-586.25,-402.50,1,94.234,
01/01/2000,01:11:52.77,21.47,-56.97,-993.57,218.75,-717.50,-192.50,1,94.234,
01/01/2000,01:11:52.78,22.45,-57.22,-992.35,140.0,-708.75,-402.50,1,94.235,
01/01/2000,01:11:52.79,22.69,-57.71,-990.88,245.0,-708.75,-420.0,1,94.236,
01/01/2000,01:11:52.80,22.81,-57.46,-990.03,201.25,-796.25,-341.25,1,94.236,
01/01/2000,01:11:52.81,23.30,-57.46,-991.98,131.25,-770.0,-288.75,1,94.237,
01/01/2000,01:11:52.82,23.18,-56.97,-994.79,218.75,-708.75,-385.0,1,94.227,
01/01/2000,01:11:52.83,22.94,-56.73,-995.52,218.75,-630.0,-192.50,1,94.227,
01/01/2000,01:11:52.85,22.33,-56.61,-994.54,148.75,-595.0,8.75,1,94.228,
01/01/2000,01:11:52.85,21.59,-56.85,-993.08,183.75,-778.75,-306.25,1,94.229,
01/01/2000,01:11:52.87,20.86,-57.58,-991.49,131.25,-726.25,-498.75,1,94.229,
01/01/2000,01:11:52.88,20.37,-57.83,-991.37,183.75,-665.0,-525.0,1,94.230,
01/01/2000,01:11:52.89,20.13,-57.58,-991.86,157.50,-647.50,-455.0,1,94.231,
01/01/2000,01:11:52.90,20.50,-56.85,-992.84,43.75,-682.50,-385.0,1,94.231,
01/01/2000,01:11:52.92,21.47,-56.85,-992.84,183.75,-665.0,-183.75,1,94.221,
01/01/2000,01:11:52.93,21.47,-57.34,-991.86,175.0,-682.50,-271.25,1,94.222,
01/01/2000,01:11:52.94,21.23,-57.83,-990.64,175.0,-691.25,-218.75,1,94.222,
01/01/2000,01:11:52.95,20.37,-57.71,-989.79,70.0,-840.0,-245.0,1,94.223,
01/01/2000,01:11:52.96,20.01,-57.34,-990.40,131.25,-665.0,-568.75,1,94.224,
01/01/2000,01:11:52.97,20.37,-56.97,-992.10,183.75,-770.0,-420.0,1,94.225,
01/01/2000,01:11:52.98,20.86,-56.73,-994.06,166.25,-665.0,-253.75,1,94.225,
01/01/2000,01:11:52.99,21.59,-56.97,-994.42,253.75,-630.0,-245.0,1,94.226,
01/01/2000,01:11:53.00,21.84,-57.34,-994.06,131.25,-638.75,-306.25,1,94.227,
01/01/2000,01:11:53.01,21.96,-57.58,-993.45,218.75,-726.25,-498.75,1,94.227,
01/01/2000,01:11:53.02,22.20,-57.83,-993.08,148.75,-568.75,-472.50,1,94.228,
01/01/2000,01:11:53.03,21.72,-57.22,-992.59,297.50,-656.25,-332.50,1,94.229,
01/01/2000,01:11:53.04,21.23,-56.73,-992.23,280.0,-717.50,-280.0,1,94.229,
01/01/2000,01:11:53.05,20.74,-56.61,-991.74,210.0,-673.75,-253.75,1,94.230,
01/01/2000,01:11:53.06,20.25,-56.85,-991.37,245.0,-717.50,-385.0,1,94.231,
01/01/2000,01:11:53.07,20.62,-57.46,-991.13,192.50,-577.50,-385.0,1,94.231,
01/01/2000,01:11:53.08,21.11,-57.22,-990.76,0.0,-665.0,-341.25,1,94.232,
01/01/2000,01:11:53.09,21.35,-57.22,-990.40,183.75,-700.0,-402.50,1,94.233,
01/01/2000,01:11:53.10,21.59,-57.34,-990.76,157.50,-796.25,-253.75,1,94.233,
01/01/2000,01:11:53.11,21.72,-57.10,-991.62,43.75,-743.75,-402.50,1,94.223,
01/01/2000,01:11:53.12,21.59,-57.22,-992.35,122.50,-700.0,-262.50,1,94.235,
01/01/2000,01:11:53.13,21.47,-57.22,-993.08,218.75,-612.50,-376.25,1,94.224,
01/01/2000,01:11:53.14,21.23,-57.34,-993.32,131.25,-586.25,-411.25,1,94.225,
01/01/2000,01:11:53.15,21.23,-57.34,-993.08,297.50,-761.25,-428.75,1,94.226,
01/01/2000,01:11:53.16,21.35,-57.10,-992.84,70.0,-673.75,-341.25,1,94.226,
01/01/2000,01:11:53.17,21.47,-57.34,-992.23,210.0,-691.25,-385.0,1,94.227,
01/01/2000,01:11:53.19,21.96,-57.34,-991.86,148.75,-743.75,-306.25,1,94.228,
01/01/2000,01:11:53.20,21.72,-57.46,-991.37,78.75,-708.75,-393.75,1,94.228,
01/01/2000,01:11:53.21,21.23,-57.46,-991.13,253.75,-577.50,-376.25,1,94.229,
01/01/2000,01:11:53.22,20.98,-57.10,-991.25,70.0,-656.25,-306.25,1,94.230,
01/01/2000,01:11:53.23,20.74,-57.10,-991.13,280.0,-708.75,-402.50,1,94.230,
01/01/2000,01:11:53.24,20.62,-57.10,-991.01,166.25,-682.50,-402.50,1,94.231,
01/01/2000,01:11:53.25,20.37,-57.22,-990.40,140.0,-673.75,-288.75,1,94.232,
01/01/2000,01:11:53.26,20.86,-57.34,-990.76,236.25,-743.75,-253.75,1,94.232,
01/01/2000,01:11:53.27,21.35,-57.46,-991.86,210.0,-770.0,-455.0,1,94.233,
01/01/2000,01:11:53.28,22.20,-57.34,-992.71,201.25,-665.0,-262.50,1,94.234,
01/01/2000,01:11:53.29,22.57,-57.46,-993.57,280.0,-691.25,-376.25,1,94.234,
01/01/2000,01:11:53.30,22.57,-57.34,-993.57,201.25,-568.75,-210.0,1,94.235,
01/01/2000,01:11:53.31,22.45,-57.58,-993.32,201.25,-682.50,-271.25,1,94.236,
01/01/2000,01:11:53.32,21.96,-57.71,-992.47,402.50,-638.75,-428.75,1,94.225,
01/01/2000,01:11:53.33,21.72,-57.58,-991.74,131.25,-787.50,-437.50,1,94.226,
01/01/2000,01:11:53.34,20.98,-57.58,-991.37,87.50,-638.75,-341.25,1,94.227,
01/01/2000,01:11:53.35,20.98,-57.58,-991.25,306.25,-577.50,-498.75,1,94.227,
01/01/2000,01:11:53.36,21.23,-57.58,-991.86,140.0,-691.25,-350.0,1,94.228,
01/01/2000,01:11:53.37,21.84,-57.10,-992.35,253.75,-577.50,-385.0,1,94.229,
01/01/2000,01:11:53.39,22.20,-57.10,-991.62,315.0,-787.50,-175.0,1,94.229,
01/01/2000,01:11:53.40,21.96,-57.34,-991.01,70.0,-708.75,-262.50,1,94.230,
01/01/2000,01:11:53.41,21.59,-57.58,-991.01,8.75,-787.50,-376.25,1,94.231,
01/01/2000,01:11:53.42,21.47,-58.07,-992.35,183.75,-656.25,-402.50,1,94.221,
01/01/2000,01:11:53.43,21.35,-57.46,-993.57,105.0,-691.25,-481.25,1,94.221,
01/01/2000,01:11:53.44,21.35,-57.34,-993.57,358.75,-656.25,-192.50,1,94.222,
01/01/2000,01:11:53.45,21.72,-57.10,-993.20,148.75,-796.25,-192.50,1,94.223,
01/01/2000,01:11:53.46,22.20,-57.71,-992.59,113.75,-682.50,-157.50,1,94.223,
01/01/2000,01:11:53.48,22.33,-58.32,-992.71,218.75,-691.25,-385.0,1,94.224,
01/01/2000,01:11:53.49,22.45,-58.32,-993.32,105.0,-726.25,-595.0,1,94.225,
01/01/2000,01:11:53.50,22.33,-57.83,-993.69,113.75,-630.0,-253.75,1,94.225,
01/01/2000,01:11:53.51,21.72,-57.10,-993.08,70.0,-770.0,-358.75,1,94.226,
01/01/2000,01:11:53.52,21.23,-56.97,-992.47,96.25,-647.50,-61.25,1,94.227,
01/01/2000,01:11:53.53,20.50,-57.22,-991.49,140.0,-700.0,-201.25,1,94.227,
01/01/2000,01:11:53.54,19.76,-57.95,-990.15,140.0,-796.25,-411.25,1,94.228,
01/01/2000,01:11:53.55,19.52,-58.07,-989.79,253.75,-787.50,-516.25,1,94.229,
01/01/2000,01:11:53.56,19.52,-57.83,-990.27,122.50,-796.25,-463.75,1,94.229,
01/01/2000,01:11:53.57,20.13,-57.83,-991.86,157.50,-647.50,-525.0,1,94.230,
01/01/2000,01:11:53.58,20.98,-57.46,-994.54,157.50,-691.25,-420.0,1,94.231,
01/01/2000,01:11:53.59,22.33,-57.46,-995.03,218.75,-673.75,-367.50,1,94.231,
01/01/2000,01:11:53.60,22.94,-57.71,-993.93,70.0,-752.50,-253.75,1,94.232,
01/01/2000,01:11:53.61,23.06,-58.07,-993.08,175.0,-691.25,-148.75,1,94.233,
01/01/2000,01:11:53.62,22.69,-58.19,-992.71,236.25,-787.50,-271.25,1,94.233,
01/01/2000,01:11:53.63,21.84,-58.07,-992.59,166.25,-691.25,-455.0,1,94.234,
01/01/2000,01:11:53.64,20.50,-57.34,-992.59,78.75,-612.50,-560.0,1,94.235,
01/01/2000,01:11:53.65,19.52,-56.97,-992.35,297.50,-682.50,-78.75,1,94.235,
01/01/2000,01:11:53.66,19.52,-56.73,-991.86,280.0,-621.25,-420.0,1,94.236,
01/01/2000,01:11:53.67,19.52,-57.34,-990.76,183.75,-647.50,-420.0,1,94.226,
01/01/2000,01:11:53.68,20.13,-57.83,-990.03,70.0,-761.25,-612.50,1,94.226,
01/01/2000,01:11:53.69,20.86,-57.83,-989.42,131.25,-735.0,-551.25,1,94.227,
01/01/2000,01:11:53.71,21.47,-57.58,-989.79,-26.25,-682.50,-306.25,1,94.228,
01/01/2000,01:11:53.71,22.08,-57.58,-991.13,201.25,-857.50,-358.75,1,94.228,
01/01/2000,01:11:53.73,22.20,-57.10,-993.08,148.75,-752.50,-367.50,1,94.229,
01/01/2000,01:11:53.74,22.45,-57.22,-994.91,262.50,-630.0,-166.25,1,94.230,
01/01/2000,01:11:53.75,22.20,-57.34,-995.28,131.25,-770.0,-385.0,1,94.230,
01/01/2000,01:11:53.76,21.47,-57.10,-993.57,175.0,-630.0,-315.0,1,94.231,
01/01/2000,01:11:53.77,21.11,-57.22,-991.86,131.25,-761.25,-393.75,1,94.232,
01/01/2000,01:11:53.78,20.74,-57.58,-990.88,262.50,-743.75,-271.25,1,94.232,
01/01/2000,01:11:53.79,20.50,-57.58,-990.76,26.25,-700.0,-341.25,1,94.233,
01/01/2000,01:11:53.80,20.37,-57.71,-991.37,166.25,-708.75,-437.50,1,94.234,
01/01/2000,01:11:53.81,20.86,-57.34,-992.71,218.75,-665.0,-236.25,1,94.223,
01/01/2000,01:11:53.82,21.35,-57.22,-993.45,148.75,-638.75,-113.75,1,94.224,
01/01/2000,01:11:53.83,21.35,-57.46,-992.96,218.75,-743.75,-183.75,1,94.225,
01/01/2000,01:11:53.84,20.86,-57.46,-991.49,245.0,-630.0,-218.75,1,94.225,
01/01/2000,01:11:53.85,20.37,-57.83,-989.66,210.0,-656.25,-315.0,1,94.226,
01/01/2000,01:11:53.86,19.40,-57.83,-988.69,166.25,-840.0,-376.25,1,94.227,
01/01/2000,01:11:53.87,19.40,-57.83,-990.03,245.0,-805.0,-507.50,1,94.227,
01/01/2000,01:11:53.89,20.50,-57.83,-993.69,262.50,-673.75,-568.75,1,94.228,
01/01/2000,01:11:53.90,21.47,-57.34,-995.40,210.0,-638.75,-358.75,1,94.229,
01/01/2000,01:11:53.91,22.45,-57.22,-995.52,157.50,-682.50,-262.50,1,94.229,
01/01/2000,01:11:53.92,22.94,-57.34,-994.42,262.50,-726.25,-122.50,1,94.230,
01/01/2000,01:11:53.93,22.57,-58.32,-991.37,52.50,-717.50,-70.0,1,94.231,
01/01/2000,01:11:53.94,21.72,-58.44,-990.76,96.25,-752.50,-428.75,1,94.221,
01/01/2000,01:11:53.95,20.74,-58.19,-991.13,245.0,-717.50,-516.25,1,94.221,
01/01/2000,01:11:53.96,19.89,-57.34,-992.59,140.0,-647.50,-358.75,1,94.222,
01/01/2000,01:11:53.97,19.76,-57.10,-993.57,43.75,-577.50,-280.0,1,94.223,
01/01/2000,01:11:53.98,20.01,-56.97,-993.81,262.50,-752.50,-297.50,1,94.223,
01/01/2000,01:11:53.99,20.74,-57.34,-993.57,131.25,-682.50,-280.0,1,94.224,
01/01/2000,01:11:54.00,21.47,-58.07,-991.13,218.75,-700.0,-367.50,1,94.225,
01/01/2000,01:11:54.01,21.11,-58.07,-989.54,61.25,-691.25,-376.25,1,94.225,
01/01/2000,01:11:54.03,20.74,-57.71,-989.18,96.25,-866.25,-350.0,1,94.226,
01/01/2000,01:11:54.04,20.74,-57.58,-991.74,288.75,-726.25,-376.25,1,94.227,
01/01/2000,01:11:54.05,21.23,-57.34,-994.30,140.0,-647.50,-367.50,1,94.227,
01/01/2000,01:11:54.06,21.72,-57.10,-996.01,236.25,-612.50,-306.25,1,94.228,
01/01/2000,01:11:54.07,22.20,-57.22,-996.13,332.50,-568.75,-376.25,1,94.229,
01/01/2000,01:11:54.08,22.69,-57.22,-994.79,236.25,-665.0,-175.0,1,94.229,
01/01/2000,01:11:54.09,22.81,-57.58,-991.98,166.25,-857.50,-323.75,1,94.230,
01/01/2000,01:11:54.10,22.57,-57.95,-991.01,210.0,-778.75,-367.50,1,94.231,
01/01/2000,01:11:54.11,22.08,-57.95,-990.76,280.0,-761.25,-490.0,1,94.231,
01/01/2000,01:11:54.12,20.98,-57.34,-992.23,175.0,-691.25,-332.50,1,94.232,
01/01/2000,01:11:54.13,20.74,-57.22,-993.08,140.0,-717.50,-306.25,1,94.233,
01/01/2000,01:11:54.14,20.62,-56.61,-993.57,323.75,-516.25,-306.25,1,94.233,
01/01/2000,01:11:54.15,20.74,-57.10,-992.96,253.75,-612.50,-341.25,1,94.234,
01/01/2000,01:11:54.16,20.98,-57.34,-990.76,210.0,-612.50,-341.25,1,94.235,
01/01/2000,01:11:54.17,20.50,-57.83,-988.57,140.0,-866.25,-472.50,1,94.235,
01/01/2000,01:11:54.18,20.25,-58.07,-988.57,140.0,-796.25,-411.25,1,94.236,
01/01/2000,01:11:54.19,20.25,-57.83,-990.15,148.75,-691.25,-332.50,1,94.237,
01/01/2000,01:11:54.20,20.37,-57.58,-992.59,332.50,-717.50,-358.75,1,94.237,
01/01/2000,01:11:54.21,20.98,-57.10,-995.03,166.25,-700.0,-288.75,1,94.238,
01/01/2000,01:11:54.22,22.08,-57.10,-995.76,96.25,-621.25,-192.50,1,94.238,
01/01/2000,01:11:54.23,23.18,-57.58,-994.54,61.25,-700.0,-253.75,1,94.228,
01/01/2000,01:11:54.25,23.30,-58.56,-993.69,122.50,-778.75,-271.25,1,94.229,
01/01/2000,01:11:54.26,23.42,-58.68,-993.08,78.75,-717.50,-411.25,1,94.230,
01/01/2000,01:11:54.27,22.69,-58.56,-993.20,271.25,-805.0,-516.25,1,94.230,
01/01/2000,01:11:54.28,21.96,-57.71,-993.32,105.0,-691.25,-183.75,1,94.231,
01/01/2000,01:11:54.29,20.86,-57.22,-992.96,245.0,-630.0,-332.50,1,94.232,
01/01/2000,01:11:54.30,20.37,-57.10,-992.47,61.25,-595.0,-280.0,1,94.232,
01/01/2000,01:11:54.31,20.37,-57.83,-991.74,192.50,-673.75,-262.50,1,94.233,
01/01/2000,01:11:54.32,20.62,-58.32,-991.13,70.0,-717.50,-525.0,1,94.234,
01/01/2000,01:11:54.33,20.74,-58.32,-990.40,315.0,-656.25,-428.75,1,94.234,
01/01/2000,01:11:54.34,20.98,-57.58,-990.15,306.25,-752.50,-358.75,1,94.235,
01/01/2000,01:11:54.35,21.35,-57.34,-991.01,236.25,-796.25,-192.50,1,94.236,
01/01/2000,01:11:54.36,21.47,-57.46,-992.47,253.75,-761.25,-245.0,1,94.236,
01/01/2000,01:11:54.37,21.84,-57.83,-993.93,192.50,-673.75,-428.75,1,94.237,
01/01/2000,01:11:54.38,21.96,-57.83,-995.15,113.75,-691.25,-271.25,1,94.227,
01/01/2000,01:11:54.39,22.20,-58.07,-995.03,157.50,-638.75,-253.75,1,94.227,
01/01/2000,01:11:54.40,22.08,-57.83,-993.69,227.50,-630.0,-341.25,1,94.228,
01/01/2000,01:11:54.41,21.84,-57.83,-992.96,131.25,-700.0,-192.50,1,94.229,
01/01/2000,01:11:54.42,21.47,-58.07,-992.35,61.25,-717.50,-297.50,1,94.229,
01/01/2000,01:11:54.43,21.11,-57.95,-991.98,280.0,-717.50,-367.50,1,94.230,
01/01/2000,01:11:54.45,20.74,-57.83,-991.98,218.75,-717.50,-402.50,1,94.231,
01/01/2000,01:11:54.46,20.74,-57.71,-992.23,210.0,-665.0,-411.25,1,94.221,
01/01/2000,01:11:54.47,20.98,-57.83,-992.10,192.50,-673.75,-306.25,1,94.221,
01/01/2000,01:11:54.48,21.23,-58.07,-991.98,280.0,-761.25,-323.75,1,94.222,
01/01/2000,01:11:54.49,21.47,-58.07,-991.49,192.50,-656.25,-350.0,1,94.223,
01/01/2000,01:11:54.50,21.35,-57.95,-990.64,236.25,-691.25,-218.75,1,94.223,
01/01/2000,01:11:54.51,21.23,-57.95,-990.88,227.50,-805.0,-323.75,1,94.224,
01/01/2000,01:11:54.52,21.35,-58.07,-991.98,183.75,-717.50,-376.25,1,94.225,
01/01/2000,01:11:54.53,21.59,-58.07,-993.57,131.25,-638.75,-350.0,1,94.225,
01/01/2000,01:11:54.54,21.72,-57.83,-994.06,236.25,-542.50,-280.0,1,94.226,
01/01/2000,01:11:54.55,21.96,-57.83,-993.81,78.75,-586.25,-332.50,1,94.227,
01/01/2000,01:11:54.56,21.96,-57.95,-993.20,236.25,-717.50,-323.75,1,94.227,
01/01/2000,01:11:54.57,21.96,-58.32,-992.47,87.50,-726.25,-358.75,1,94.228,
01/01/2000,01:11:54.59,21.84,-58.56,-992.10,236.25,-805.0,-420.0,1,94.229,
01/01/2000,01:11:54.60,21.72,-58.07,-992.35,122.50,-673.75,-358.75,1,94.229,
01/01/2000,01:11:54.61,21.47,-57.83,-992.59,227.50,-682.50,-280.0,1,94.230,
01/01/2000,01:11:54.62,21.23,-57.58,-992.47,201.25,-638.75,-253.75,1,94.231,
01/01/2000,01:11:54.63,20.98,-57.58,-992.23,148.75,-700.0,-297.50,1,94.231,
01/01/2000,01:11:54.64,20.86,-57.83,-992.23,192.50,-621.25,-385.0,1,94.232,
01/01/2000,01:11:54.65,20.98,-58.07,-992.23,96.25,-796.25,-323.75,1,94.233,
01/01/2000,01:11:54.66,20.86,-58.07,-991.01,157.50,-682.50,-411.25,1,94.233,
01/01/2000,01:11:54.67,20.50,-57.95,-990.52,192.50,-551.25,-411.25,1,94.234,
01/01/2000,01:11:54.68,20.62,-57.83,-991.13,140.0,-691.25,-323.75,1,94.235,
01/01/2000,01:11:54.69,20.74,-58.07,-992.35,0.0,-761.25,-376.25,1,94.235,
01/01/2000,01:11:54.70,21.11,-58.07,-994.06,140.0,-595.0,-490.0,1,94.236,
01/01/2000,01:11:54.71,21.47,-58.19,-994.42,157.50,-630.0,-376.25,1,94.236,
01/01/2000,01:11:54.72,21.47,-57.83,-994.06,236.25,-638.75,-385.0,1,94.237,
01/01/2000,01:11:54.73,21.84,-57.83,-992.96,140.0,-787.50,-280.0,1,94.238,
01/01/2000,01:11:54.74,21.96,-58.19,-992.84,280.0,-700.0,-376.25,1,94.238,
01/01/2000,01:11:54.75,21.84,-58.32,-993.69,140.0,-673.75,-428.75,1,94.239,
01/01/2000,01:11:54.76,21.72,-58.07,-993.81,148.75,-568.75,-227.50,1,94.229,
01/01/2000,01:11:54.77,21.72,-57.95,-993.57,323.75,-726.25,-385.0,1,94.240,
01/01/2000,01:11:54.78,21.35,-57.71,-992.84,245.0,-691.25,-315.0,1,94.230,
01/01/2000,01:11:54.80,21.11,-57.83,-991.86,218.75,-796.25,-218.75,1,94.231,
01/01/2000,01:11:54.81,21.23,-58.07,-991.37,218.75,-691.25,-341.25,1,94.232,
01/01/2000,01:11:54.82,20.98,-57.95,-991.37,0.0,-647.50,-428.75,1,94.232,
01/01/2000,01:11:54.83,20.98,-58.19,-991.37,210.0,-717.50,-323.75,1,94.233,
01/01/2000,01:11:54.84,20.86,-57.71,-991.37,157.50,-630.0,-385.0,1,94.234,
01/01/2000,01:11:54.85,20.86,-57.58,-991.98,105.0,-840.0,-323.75,1,94.234,
01/01/2000,01:11:54.86,21.11,-58.07,-993.32,227.50,-665.0,-376.25,1,94.235,
01/01/2000,01:11:54.87,21.72,-58.32,-994.06,350.0,-682.50,-315.0,1,94.236,
01/01/2000,01:11:54.88,22.08,-58.19,-993.81,131.25,-656.25,-402.50,1,94.236,
01/01/2000,01:11:54.89,21.96,-58.19,-993.32,280.0,-726.25,-306.25,1,94.237,
01/01/2000,01:11:54.90,21.84,-57.83,-992.96,262.50,-735.0,-367.50,1,94.238,
01/01/2000,01:11:54.91,21.59,-57.83,-992.59,227.50,-752.50,-367.50,1,94.238,
01/01/2000,01:11:54.92,21.35,-57.83,-992.59,96.25,-612.50,-306.25,1,94.239,
01/01/2000,01:11:54.93,21.23,-58.07,-992.59,245.0,-743.75,-297.50,1,94.240,
01/01/2000,01:11:54.94,21.23,-58.07,-992.59,113.75,-700.0,-280.0,1,94.229,
01/01/2000,01:11:54.95,21.47,-58.19,-992.35,166.25,-752.50,-350.0,1,94.230,
01/01/2000,01:11:54.97,21.47,-58.07,-992.10,201.25,-682.50,-245.0,1,94.231,
01/01/2000,01:11:54.98,21.47,-58.07,-991.98,105.0,-857.50,-367.50,1,94.231,
01/01/2000,01:11:54.99,21.47,-58.07,-991.62,157.50,-656.25,-393.75,1,94.232,
01/01/2000,01:11:55.00,21.23,-58.07,-991.13,192.50,-612.50,-367.50,1,94.233,
01/01/2000,01:11:55.01,20.98,-57.95,-991.49,113.75,-647.50,-218.75,1,94.233,
01/01/2000,01:11:55.02,20.98,-58.07,-992.35,183.75,-726.25,-393.75,1,94.234,
01/01/2000,01:11:55.03,20.98,-58.32,-993.45,245.0,-595.0,-236.25,1,94.235,
01/01/2000,01:11:55.04,21.11,-58.32,-994.18,253.75,-621.25,-402.50,1,94.235,
01/01/2000,01:11:55.05,21.47,-58.07,-994.18,175.0,-665.0,-315.0,1,94.236,
01/01/2000,01:11:55.06,21.47,-58.07,-992.84,166.25,-682.50,-341.25,1,94.237,
01/01/2000,01:11:55.07,21.47,-58.32,-991.98,52.50,-682.50,-210.0,1,94.237,
01/01/2000,01:11:55.08,21.23,-58.32,-991.62,175.0,-813.75,-367.50,1,94.238,
01/01/2000,01:11:55.09,21.11,-58.68,-992.23,122.50,-735.0,-376.25,1,94.228,
01/01/2000,01:11:55.10,21.23,-58.32,-992.71,315.0,-691.25,-455.0,1,94.229,
01/01/2000,01:11:55.11,20.98,-58.07,-992.96,183.75,-796.25,-262.50,1,94.229,
01/01/2000,01:11:55.12,20.98,-57.95,-992.84,253.75,-603.75,-262.50,1,94.230,
01/01/2000,01:11:55.13,21.23,-57.83,-992.59,245.0,-647.50,-385.0,1,94.231,
01/01/2000,01:11:55.14,21.47,-58.07,-991.86,105.0,-665.0,-288.75,1,94.231,
01/01/2000,01:11:55.16,21.23,-58.32,-991.13,140.0,-752.50,-393.75,1,94.232,
01/01/2000,01:11:55.17,20.98,-58.07,-990.64,35.0,-735.0,-358.75,1,94.233,
01/01/2000,01:11:55.18,20.98,-57.83,-991.13,227.50,-647.50,-367.50,1,94.233,
01/01/2000,01:11:55.19,20.98,-57.71,-992.35,358.75,-621.25,-227.50,1,94.234,
01/01/2000,01:11:55.20,21.59,-57.95,-994.18,253.75,-726.25,-481.25,1,94.234,
01/01/2000,01:11:55.21,21.84,-58.07,-994.67,341.25,-656.25,-332.50,1,94.235,
01/01/2000,01:11:55.22,22.20,-58.07,-993.57,183.75,-551.25,-350.0,1,94.236,
01/01/2000,01:11:55.23,22.08,-58.19,-992.35,175.0,-647.50,-262.50,1,94.236,
01/01/2000,01:11:55.24,21.47,-58.19,-991.37,192.50,-796.25,-411.25,1,94.237,
01/01/2000,01:11:55.25,20.98,-57.83,-991.25,87.50,-700.0,-323.75,1,94.238,
01/01/2000,01:11:55.26,20.50,-58.19,-991.86,332.50,-726.25,-262.50,1,94.238,
01/01/2000,01:11:55.27,20.37,-57.95,-992.96,236.25,-560.0,-402.50,1,94.239,
01/01/2000,01:11:55.28,20.50,-57.83,-993.81,218.75,-621.25,-402.50,1,94.240,
01/01/2000,01:11:55.29,21.23,-57.83,-994.06,271.25,-682.50,-245.0,1,94.230,
01/01/2000,01:11:55.30,21.59,-57.95,-993.81,70.0,-577.50,-323.75,1,94.230,
01/01/2000,01:11:55.31,21.72,-58.44,-993.08,227.50,-752.50,-411.25,1,94.231,
01/01/2000,01:11:55.32,21.72,-58.32,-992.10,131.25,-743.75,-376.25,1,94.232,
01/01/2000,01:11:55.33,21.35,-58.32,-991.37,140.0,-647.50,-253.75,1,94.232,
01/01/2000,01:11:55.34,20.74,-57.83,-990.88,70.0,-787.50,-385.0,1,94.233,
01/01/2000,01:11:55.35,20.37,-57.83,-991.37,262.50,-621.25,-323.75,1,94.234,
01/01/2000,01:11:55.37,20.25,-57.95,-993.08,192.50,-647.50,-341.25,1,94.234,
01/01/2000,01:11:55.38,20.98,-58.19,-994.42,323.75,-656.25,-420.0,1,94.235,
01/01/2000,01:11:55.39,21.47,-58.07,-994.79,96.25,-656.25,-341.25,1,94.236,
01/01/2000,01:11:55.40,21.84,-58.07,-994.54,192.50,-630.0,-341.25,1,94.236,
01/01/2000,01:11:55.41,21.96,-58.07,-993.81,140.0,-761.25,-262.50,1,94.237,
01/01/2000,01:11:55.42,21.72,-58.07,-992.84,245.0,-700.0,-297.50,1,94.238,
01/01/2000,01:11:55.43,20.98,-58.07,-992.35,105.0,-717.50,-297.50,1,94.228,
01/01/2000,01:11:55.44,20.62,-58.19,-992.10,350.0,-805.0,-385.0,1,94.228,
01/01/2000,01:11:55.45,20.37,-57.95,-992.35,35.0,-665.0,-350.0,1,94.229,
01/01/2000,01:11:55.46,20.37,-57.95,-992.47,262.50,-735.0,-192.50,1,94.229,
01/01/2000,01:11:55.48,20.74,-57.95,-992.71,148.75,-630.0,-323.75,1,94.230,
01/01/2000,01:11:55.49,21.35,-58.07,-992.59,157.50,-761.25,-385.0,1,94.231,
01/01/2000,01:11:55.50,21.47,-57.95,-992.35,175.0,-665.0,-385.0,1,94.231,
01/01/2000,01:11:55.51,21.35,-58.07,-992.10,157.50,-665.0,-393.75,1,94.232,
01/01/2000,01:11:55.52,20.98,-58.07,-991.25,140.0,-682.50,-437.50,1,94.233,
01/01/2000,01:11:55.53,20.74,-57.83,-991.13,227.50,-682.50,-350.0,1,94.233,
01/01/2000,01:11:55.54,20.62,-58.07,-991.62,192.50,-778.75,-341.25,1,94.234,
01/01/2000,01:11:55.55,20.74,-58.32,-992.47,70.0,-691.25,-341.25,1,94.235,
01/01/2000,01:11:55.56,21.23,-58.56,-993.81,201.25,-743.75,-393.75,1,94.235,
01/01/2000,01:11:55.57,21.23,-58.56,-994.18,183.75,-700.0,-210.0,1,94.236,
01/01/2000,01:11:55.58,21.47,-58.32,-994.42,26.25,-691.25,-323.75,1,94.237,
01/01/2000,01:11:55.59,21.72,-58.32,-994.06,183.75,-700.0,-428.75,1,94.237,
01/01/2000,01:11:55.60,21.59,-58.32,-993.69,166.25,-778.75,-271.25,1,94.238,
01/01/2000,01:11:55.61,21.35,-58.32,-992.96,201.25,-708.75,-358.75,1,94.239,
01/01/2000,01:11:55.62,20.98,-58.32,-992.23,166.25,-656.25,-341.25,1,94.239,
01/01/2000,01:11:55.63,20.74,-58.32,-991.62,236.25,-673.75,-420.0,1,94.240,
01/01/2000,01:11:55.64,20.50,-57.95,-991.86,131.25,-848.75,-245.0,1,94.230,
01/01/2000,01:11:55.65,20.86,-58.07,-992.35,87.50,-673.75,-280.0,1,94.231,
01/01/2000,01:11:55.66,20.98,-58.19,-992.47,140.0,-761.25,-358.75,1,94.231,
01/01/2000,01:11:55.67,21.11,-58.07,-992.47,70.0,-560.0,-350.0,1,94.232,
01/01/2000,01:11:55.69,21.23,-58.32,-991.86,262.50,-717.50,-315.0,1,94.233,
01/01/2000,01:11:55.69,21.35,-58.19,-991.25,175.0,-621.25,-455.0,1,94.233,
01/01/2000,01:11:55.71,21.11,-58.19,-990.64,175.0,-743.75,-297.50,1,94.234,
01/01/2000,01:11:55.72,20.98,-58.68,-991.37,175.0,-752.50,-420.0,1,94.234,
01/01/2000,01:11:55.73,20.86,-58.44,-992.71,227.50,-673.75,-393.75,1,94.235,
01/01/2000,01:11:55.74,20.74,-58.44,-993.81,140.0,-638.75,-323.75,1,94.236,
01/01/2000,01:11:55.75,21.35,-58.32,-994.30,183.75,-752.50,-385.0,1,94.236,
01/01/2000,01:11:55.76,21.59,-58.07,-993.57,166.25,-761.25,-262.50,1,94.237,
01/01/2000,01:11:55.77,21.47,-58.19,-993.08,166.25,-813.75,-280.0,1,94.238,
01/01/2000,01:11:55.78,21.47,-58.56,-992.71,227.50,-612.50,-297.50,1,94.238,
01/01/2000,01:11:55.79,21.47,-58.68,-992.35,183.75,-717.50,-490.0,1,94.228,
01/01/2000,01:11:55.80,20.98,-58.68,-992.10,236.25,-673.75,-393.75,1,94.229,
01/01/2000,01:11:55.81,20.74,-58.07,-991.74,140.0,-770.0,-262.50,1,94.230,
01/01/2000,01:11:55.82,20.86,-58.07,-991.62,183.75,-752.50,-315.0,1,94.230,
01/01/2000,01:11:55.83,20.74,-58.07,-991.74,201.25,-638.75,-323.75,1,94.231,
01/01/2000,01:11:55.84,20.62,-58.32,-991.86,306.25,-743.75,-455.0,1,94.232,
01/01/2000,01:11:55.86,21.23,-58.32,-991.37,157.50,-665.0,-472.50,1,94.232,
01/01/2000,01:11:55.87,20.98,-58.32,-990.15,253.75,-700.0,-323.75,1,94.233,
01/01/2000,01:11:55.88,21.23,-58.07,-987.83,113.75,-691.25,-297.50,1,94.234,
01/01/2000,01:11:55.89,21.47,-57.95,-986.74,122.50,-743.75,-315.0,1,94.234,
01/01/2000,01:11:55.90,21.47,-57.83,-986.00,122.50,-735.0,-288.75,1,94.235,
01/01/2000,01:11:55.91,21.35,-58.32,-985.52,253.75,-778.75,-332.50,1,94.236,
01/01/2000,01:11:55.92,21.47,-58.32,-985.03,236.25,-717.50,-393.75,1,94.236,
01/01/2000,01:11:55.93,21.11,-58.19,-985.27,175.0,-735.0,-393.75,1,94.237,
01/01/2000,01:11:55.94,21.11,-58.07,-986.37,323.75,-726.25,-358.75,1,94.237,
01/01/2000,01:11:55.95,21.35,-58.07,-987.47,175.0,-743.75,-393.75,1,94.238,
01/01/2000,01:11:55.96,21.35,-58.07,-988.20,227.50,-621.25,-280.0,1,94.239,
01/01/2000,01:11:55.97,21.59,-58.07,-988.20,253.75,-647.50,-455.0,1,94.239,
01/01/2000,01:11:55.99,22.20,-57.95,-985.15,280.0,-735.0,-131.25,1,94.229,
01/01/2000,01:11:56.00,21.47,-57.46,-982.10,-253.75,-630.0,-350.0,1,94.230,
01/01/2000,01:11:56.01,20.98,-58.32,-979.42,446.25,-805.0,-297.50,1,94.231,
01/01/2000,01:11:56.02,20.13,-57.22,-977.71,-70.0,-691.25,-306.25,1,94.231,
01/01/2000,01:11:56.03,20.01,-58.07,-978.32,393.75,-743.75,-183.75,1,94.232,
01/01/2000,01:11:56.04,20.13,-57.58,-980.03,0.0,-682.50,-490.0,1,94.233,
01/01/2000,01:11:56.05,20.01,-57.83,-982.34,245.0,-752.50,-253.75,1,94.233,
01/01/2000,01:11:56.06,20.86,-57.83,-984.78,175.0,-621.25,-306.25,1,94.234,
01/01/2000,01:11:56.07,21.23,-57.83,-985.76,271.25,-770.0,-271.25,1,94.235,
01/01/2000,01:11:56.08,21.23,-57.83,-986.13,-35.0,-708.75,-306.25,1,94.235,
01/01/2000,01:11:56.09,21.59,-58.07,-985.15,210.0,-656.25,-218.75,1,94.236,
01/01/2000,01:11:56.10,21.23,-58.19,-984.05,148.75,-638.75,-393.75,1,94.237,
01/01/2000,01:11:56.11,20.98,-58.19,-983.32,166.25,-770.0,-245.0,1,94.237,
01/01/2000,01:11:56.12,20.86,-58.07,-983.44,148.75,-752.50,-323.75,1,94.238,
01/01/2000,01:11:56.13,20.98,-58.07,-985.03,183.75,-901.25,-288.75,1,94.239,
01/01/2000,01:11:56.14,21.35,-58.32,-988.20,210.0,-630.0,-332.50,1,94.229,
01/01/2000,01:11:56.15,21.23,-58.19,-989.66,280.0,-665.0,-402.50,1,94.229,
01/01/2000,01:11:56.16,21.11,-58.07,-989.42,105.0,-726.25,-323.75,1,94.230,
01/01/2000,01:11:56.17,21.23,-58.07,-989.18,166.25,-805.0,-306.25,1,94.231,
01/01/2000,01:11:56.18,21.23,-58.07,-989.18,192.50,-673.75,-358.75,1,94.231,
01/01/2000,01:11:56.19,21.23,-58.44,-989.79,105.0,-700.0,-376.25,1,94.232,
01/01/2000,01:11:56.21,20.98,-58.68,-990.40,201.25,-656.25,-393.75,1,94.232,
01/01/2000,01:11:56.22,21.23,-58.32,-991.01,183.75,-743.75,-376.25,1,94.233,
01/01/2000,01:11:56.23,21.11,-58.19,-991.01,148.75,-805.0,-280.0,1,94.234,
01/01/2000,01:11:56.24,21.11,-57.95,-990.76,131.25,-682.50,-218.75,1,94.234,
01/01/2000,01:11:56.25,21.23,-58.07,-990.88,70.0,-542.50,-253.75,1,94.235,
01/01/2000,01:11:56.26,21.23,-58.68,-991.13,201.25,-726.25,-315.0,1,94.236,
01/01/2000,01:11:56.27,21.23,-58.80,-991.37,148.75,-761.25,-411.25,1,94.236,
01/01/2000,01:11:56.28,21.23,-58.32,-991.62,131.25,-691.25,-350.0,1,94.237,
01/01/2000,01:11:56.29,21.23,-58.32,-991.74,253.75,-586.25,-358.75,1,94.238,
01/01/2000,01:11:56.30,20.98,-58.19,-991.86,105.0,-691.25,-157.50,1,94.238,
01/01/2000,01:11:56.31,20.86,-58.32,-991.86,78.75,-717.50,-323.75,1,94.239,
01/01/2000,01:11:56.32,20.98,-58.80,-991.86,70.0,-647.50,-376.25,1,94.240,
01/01/2000,01:11:56.33,21.11,-58.56,-991.86,288.75,-752.50,-323.75,1,94.240,
01/01/2000,01:11:56.34,21.23,-58.56,-991.98,87.50,-656.25,-297.50,1,94.230,
01/01/2000,01:11:56.36,21.23,-58.44,-992.23,236.25,-603.75,-280.0,1,94.231,
01/01/2000,01:11:56.37,21.11,-58.44,-992.35,157.50,-630.0,-201.25,1,94.232,
01/01/2000,01:11:56.38,21.11,-58.32,-992.35,210.0,-630.0,-323.75,1,94.232,
01/01/2000,01:11:56.39,21.11,-58.44,-992.35,201.25,-525.0,-323.75,1,94.233,
01/01/2000,01:11:56.40,21.35,-58.44,-992.35,148.75,-735.0,-437.50,1,94.234,
01/01/2000,01:11:56.41,21.23,-58.44,-992.35,166.25,-595.0,-385.0,1,94.234,
01/01/2000,01:11:56.42,21.11,-58.32,-992.35,131.25,-682.50,-376.25,1,94.235,
01/01/2000,01:11:56.43,20.98,-58.32,-992.35,245.0,-787.50,-358.75,1,94.236,
01/01/2000,01:11:56.44,20.98,-58.32,-992.23,253.75,-682.50,-332.50,1,94.236,
01/01/2000,01:11:56.45,20.98,-58.44,-992.23,122.50,-691.25,-306.25,1,94.237,
01/01/2000,01:11:56.46,20.98,-58.32,-992.35,96.25,-752.50,-332.50,1,94.237,
01/01/2000,01:11:56.47,20.98,-58.56,-992.35,96.25,-700.0,-323.75,1,94.238,
01/01/2000,01:11:56.48,21.11,-58.32,-992.47,105.0,-796.25,-455.0,1,94.239,
01/01/2000,01:11:56.50,20.86,-58.44,-992.47,35.0,-717.50,-332.50,1,94.229,
01/01/2000,01:11:56.51,20.86,-58.32,-992.47,192.50,-691.25,-323.75,1,94.229,
01/01/2000,01:11:56.52,20.86,-58.32,-992.35,210.0,-691.25,-367.50,1,94.230,
01/01/2000,01:11:56.53,20.98,-58.44,-992.35,157.50,-778.75,-297.50,1,94.231,
01/01/2000,01:11:56.54,20.98,-58.32,-992.35,183.75,-603.75,-455.0,1,94.231,
01/01/2000,01:11:56.55,20.86,-58.56,-992.47,105.0,-647.50,-253.75,1,94.232,
01/01/2000,01:11:56.56,20.98,-58.56,-992.35,166.25,-665.0,-411.25,1,94.233,
01/01/2000,01:11:56.57,20.86,-58.56,-992.71,140.0,-708.75,-455.0,1,94.233,
01/01/2000,01:11:56.58,20.98,-58.32,-992.59,122.50,-691.25,-253.75,1,94.234,
01/01/2000,01:11:56.59,20.98,-58.56,-992.47,131.25,-708.75,-350.0,1,94.235,
01/01/2000,01:11:56.60,20.86,-58.56,-992.59,87.50,-770.0,-323.75,1,94.235,
01/01/2000,01:11:56.61,20.86,-58.56,-992.59,210.0,-708.75,-271.25,1,94.236,
01/01/2000,01:11:56.62,21.11,-58.44,-992.59,245.0,-673.75,-402.50,1,94.237,
01/01/2000,01:11:56.63,21.23,-58.44,-992.71,113.75,-656.25,-245.0,1,94.227,
01/01/2000,01:11:56.64,21.23,-58.44,-992.59,131.25,-735.0,-315.0,1,94.227,
01/01/2000,01:11:56.65,21.23,-58.44,-992.47,140.0,-638.75,-455.0,1,94.228,
01/01/2000,01:11:56.66,20.98,-58.44,-992.47,131.25,-700.0,-306.25,1,94.229,
01/01/2000,01:11:56.67,21.11,-58.56,-992.47,166.25,-770.0,-437.50,1,94.229,
01/01/2000,01:11:56.68,21.11,-58.56,-992.47,140.0,-673.75,-332.50,1,94.230,
01/01/2000,01:11:56.69,21.23,-58.44,-992.59,131.25,-595.0,-306.25,1,94.231,
01/01/2000,01:11:56.70,21.23,-58.44,-992.59,131.25,-560.0,-420.0,1,94.231,
01/01/2000,01:11:56.71,21.11,-58.56,-992.47,175.0,-638.75,-306.25,1,94.232,
01/01/2000,01:11:56.72,21.11,-58.56,-992.59,70.0,-595.0,-385.0,1,94.232,
01/01/2000,01:11:56.73,21.23,-58.56,-992.71,192.50,-621.25,-297.50,1,94.233,
01/01/2000,01:11:56.74,21.23,-58.68,-992.71,113.75,-638.75,-393.75,1,94.234,
01/01/2000,01:11:56.75,21.23,-58.80,-992.59,350.0,-770.0,-393.75,1,94.234,
01/01/2000,01:11:56.76,21.23,-58.80,-992.59,166.25,-673.75,-367.50,1,94.235,
01/01/2000,01:11:56.78,21.23,-58.80,-992.84,175.0,-700.0,-490.0,1,94.236,
01/01/2000,01:11:56.79,21.35,-58.80,-992.84,78.75,-743.75,-323.75,1,94.236,
01/01/2000,01:11:56.80,21.23,-58.80,-992.71,262.50,-673.75,-262.50,1,94.237,
01/01/2000,01:11:56.81,21.11,-58.56,-992.59,122.50,-796.25,-227.50,1,94.238,
01/01/2000,01:11:56.82,21.11,-58.80,-992.71,78.75,-682.50,-323.75,1,94.238,
01/01/2000,01:11:56.83,21.23,-58.56,-992.84,78.75,-638.75,-253.75,1,94.239,
01/01/2000,01:11:56.84,21.47,-58.56,-992.96,131.25,-735.0,-210.0,1,94.240,
01/01/2000,01:11:56.85,21.47,-58.56,-992.84,218.75,-673.75,-262.50,1,94.240,
01/01/2000,01:11:56.86,21.23,-58.44,-992.84,166.25,-770.0,-280.0,1,94.230,
01/01/2000,01:11:56.87,21.23,-58.56,-992.84,166.25,-656.25,-332.50,1,94.241,
01/01/2000,01:11:56.88,21.23,-58.68,-992.71,-35.0,-735.0,-306.25,1,94.232,
01/01/2000,01:11:56.89,21.23,-58.68,-992.71,52.50,-656.25,-376.25,1,94.232,
01/01/2000,01:11:56.90,21.23,-58.56,-992.59,105.0,-752.50,-306.25,1,94.233,
01/01/2000,01:11:56.92,21.23,-58.56,-992.47,113.75,-673.75,-323.75,1,94.234,
01/01/2000,01:11:56.93,21.23,-58.56,-992.59,166.25,-621.25,-253.75,1,94.234,
01/01/2000,01:11:56.94,21.23,-58.56,-992.59,78.75,-682.50,-463.75,1,94.235,
01/01/2000,01:11:56.95,21.35,-58.56,-992.47,192.50,-770.0,-288.75,1,94.235,
01/01/2000,01:11:56.96,21.35,-58.56,-992.59,245.0,-630.0,-288.75,1,94.236,
01/01/2000,01:11:56.97,21.23,-58.32,-992.59,148.75,-603.75,-367.50,1,94.237,
01/01/2000,01:11:56.98,21.23,-58.44,-992.59,166.25,-682.50,-315.0,1,94.237,
01/01/2000,01:11:56.99,21.23,-58.44,-992.59,122.50,-708.75,-306.25,1,94.238,
01/01/2000,01:11:57.00,21.11,-58.44,-992.47,140.0,-726.25,-306.25,1,94.228,
01/01/2000,01:11:57.02,21.11,-58.56,-992.35,262.50,-691.25,-323.75,1,94.229,
01/01/2000,01:11:57.03,21.11,-58.44,-992.47,218.75,-603.75,-358.75,1,94.229,
01/01/2000,01:11:57.04,21.11,-58.56,-992.47,96.25,-752.50,-315.0,1,94.230,
01/01/2000,01:11:57.05,21.11,-58.32,-992.47,78.75,-726.25,-297.50,1,94.231,
01/01/2000,01:11:57.06,20.98,-58.56,-992.35,210.0,-673.75,-437.50,1,94.231,
01/01/2000,01:11:57.07,21.11,-58.32,-992.35,183.75,-638.75,-297.50,1,94.232,
01/01/2000,01:11:57.08,21.11,-58.32,-992.59,113.75,-630.0,-288.75,1,94.233,
01/01/2000,01:11:57.09,21.23,-58.32,-992.59,96.25,-761.25,-297.50,1,94.233,
01/01/2000,01:11:57.10,21.23,-58.44,-992.59,315.0,-805.0,-245.0,1,94.234,
01/01/2000,01:11:57.11,21.11,-58.32,-992.59,35.0,-700.0,-306.25,1,94.235,
01/01/2000,01:11:57.12,21.23,-58.56,-992.47,183.75,-735.0,-323.75,1,94.235,
01/01/2000,01:11:57.13,21.11,-58.44,-992.47,131.25,-682.50,-367.50,1,94.236,
01/01/2000,01:11:57.14,20.98,-58.44,-992.47,166.25,-700.0,-288.75,1,94.237,
01/01/2000,01:11:57.15,21.11,-58.44,-992.59,183.75,-656.25,-420.0,1,94.237,
01/01/2000,01:11:57.16,20.98,-58.44,-992.59,175.0,-673.75,-236.25,1,94.238,
01/01/2000,01:11:57.17,20.98,-58.44,-992.35,131.25,-586.25,-245.0,1,94.238,
01/01/2000,01:11:57.18,20.98,-58.44,-992.47,218.75,-796.25,-236.25,1,94.239,
01/01/2000,01:11:57.19,21.23,-58.32,-992.59,175.0,-682.50,-385.0,1,94.240,
01/01/2000,01:11:57.20,21.23,-58.56,-992.59,210.0,-691.25,-245.0,1,94.230,
01/01/2000,01:11:57.21,21.23,-58.44,-992.47,113.75,-673.75,-332.50,1,94.231,
01/01/2000,01:11:57.22,21.35,-58.56,-992.47,236.25,-708.75,-393.75,1,94.231,
01/01/2000,01:11:57.23,21.35,-58.56,-992.47,113.75,-700.0,-332.50,1,94.232,
01/01/2000,01:11:57.24,21.35,-58.44,-992.59,140.0,-700.0,-385.0,1,94.232,
01/01/2000,01:11:57.25,21.23,-58.44,-992.47,131.25,-691.25,-323.75,1,94.233,
01/01/2000,01:11:57.27,21.23,-58.56,-992.47,61.25,-743.75,-323.75,1,94.234,
01/01/2000,01:11:57.28,21.23,-58.56,-992.59,201.25,-743.75,-350.0,1,94.234,
01/01/2000,01:11:57.29,21.23,-58.56,-992.59,280.0,-770.0,-280.0,1,94.235,
01/01/2000,01:11:57.30,21.23,-58.56,-992.47,218.75,-708.75,-402.50,1,94.236,
01/01/2000,01:11:57.31,21.11,-58.44,-992.47,166.25,-735.0,-323.75,1,94.236,
01/01/2000,01:11:57.32,20.98,-58.19,-992.47,183.75,-638.75,-393.75,1,94.237,
01/01/2000,01:11:57.33,21.11,-58.32,-992.59,201.25,-700.0,-472.50,1,94.238,
01/01/2000,01:11:57.34,21.23,-58.32,-992.59,140.0,-647.50,-288.75,1,94.238,
01/01/2000,01:11:57.35,21.23,-58.32,-992.59,227.50,-682.50,-332.50,1,94.239,
01/01/2000,01:11:57.36,21.23,-58.32,-992.59,227.50,-708.75,-306.25,1,94.240,
01/01/2000,01:11:57.37,21.23,-58.32,-992.59,-8.75,-673.75,-341.25,1,94.240,
01/01/2000,01:11:57.38,21.23,-58.32,-992.47,306.25,-630.0,-393.75,1,94.241,
01/01/2000,01:11:57.39,21.11,-58.19,-992.35,210.0,-647.50,-262.50,1,94.241,
01/01/2000,01:11:57.40,21.23,-58.32,-992.35,166.25,-682.50,-437.50,1,94.232,
01/01/2000,01:11:57.41,21.11,-58.19,-992.35,157.50,-708.75,-332.50,1,94.232,
01/01/2000,01:11:57.42,21.35,-58.32,-992.35,253.75,-673.75,-350.0,1,94.233,
01/01/2000,01:11:57.43,21.23,-58.32,-992.35,236.25,-717.50,-411.25,1,94.234,
01/01/2000,01:11:57.44,21.23,-58.32,-992.35,175.0,-673.75,-280.0,1,94.234,
01/01/2000,01:11:57.46,20.74,-58.44,-992.35,113.75,-665.0,-332.50,1,94.235,
01/01/2000,01:11:57.46,20.50,-58.44,-992.35,280.0,-691.25,-507.50,1,94.235,
01/01/2000,01:11:57.48,22.20,-57.95,-991.62,17.50,-840.0,-761.25,1,94.236,
01/01/2000,01:11:57.49,22.45,-58.56,-991.37,148.75,-735.0,87.50,1,94.237,
01/01/2000,01:11:57.50,21.35,-59.05,-991.86,52.50,-805.0,166.25,1,94.237,
01/01/2000,01:11:57.52,20.50,-58.68,-992.84,113.75,-665.0,-1163.75,1,94.228,
01/01/2000,01:11:57.53,21.35,-57.71,-992.84,122.50,-542.50,-341.25,1,94.228,
01/01/2000,01:11:57.54,21.35,-57.46,-992.35,262.50,-726.25,498.75,1,94.229,
01/01/2000,01:11:57.55,21.23,-58.19,-992.10,148.75,-726.25,78.75,1,94.229,
01/01/2000,01:11:57.56,21.23,-58.93,-992.10,17.50,-700.0,-700.0,1,94.230,
01/01/2000,01:11:57.57,20.98,-59.17,-992.71,183.75,-621.25,-420.0,1,94.231,
01/01/2000,01:11:57.58,20.98,-58.56,-992.96,131.25,-586.25,-490.0,1,94.231,
01/01/2000,01:11:57.59,21.23,-57.83,-992.71,131.25,-682.50,-481.25,1,94.232,
01/01/2000,01:11:57.60,21.72,-57.58,-992.10,131.25,-735.0,-245.0,1,94.233,
01/01/2000,01:11:57.61,21.47,-57.95,-991.74,192.50,-647.50,-61.25,1,94.233,
01/01/2000,01:11:57.62,21.11,-58.93,-992.10,78.75,-682.50,-376.25,1,94.234,
01/01/2000,01:11:57.63,21.23,-59.17,-992.47,113.75,-665.0,-533.75,1,94.235,
01/01/2000,01:11:57.64,21.35,-58.56,-992.84,157.50,-735.0,-437.50,1,94.235,
01/01/2000,01:11:57.65,21.47,-57.83,-992.23,218.75,-735.0,-332.50,1,94.236,
01/01/2000,01:11:57.66,21.11,-57.46,-991.86,131.25,-691.25,-96.25,1,94.237,
01/01/2000,01:11:57.67,21.11,-57.83,-991.74,157.50,-700.0,-227.50,1,94.237,
01/01/2000,01:11:57.68,21.11,-58.32,-992.23,183.75,-743.75,-245.0,1,94.238,
01/01/2000,01:11:57.69,21.23,-58.68,-992.71,105.0,-568.75,-428.75,1,94.238,
01/01/2000,01:11:57.70,21.47,-58.32,-992.59,201.25,-612.50,-507.50,1,94.239,
01/01/2000,01:11:57.71,21.35,-58.32,-992.10,175.0,-665.0,-367.50,1,94.240,
01/01/2000,01:11:57.72,21.11,-57.95,-991.86,43.75,-665.0,-227.50,1,94.240,
01/01/2000,01:11:57.73,20.98,-58.32,-991.86,262.50,-647.50,-455.0,1,94.241,
01/01/2000,01:11:57.74,21.35,-58.19,-992.10,26.25,-735.0,-271.25,1,94.242,
01/01/2000,01:11:57.75,21.35,-58.44,-992.35,70.0,-761.25,-341.25,1,94.242,
01/01/2000,01:11:57.77,21.23,-58.56,-991.98,236.25,-708.75,-315.0,1,94.232,
01/01/2000,01:11:57.78,21.11,-58.32,-991.74,52.50,-787.50,-306.25,1,94.233,
01/01/2000,01:11:57.79,21.23,-58.44,-991.62,96.25,-700.0,-271.25,1,94.234,
01/01/2000,01:11:57.80,20.98,-58.32,-992.10,175.0,-621.25,-236.25,1,94.234,
01/01/2000,01:11:57.81,21.23,-58.56,-992.35,175.0,-621.25,-437.50,1,94.235,
01/01/2000,01:11:57.82,21.23,-58.80,-992.35,218.75,-726.25,-201.25,1,94.236,
01/01/2000,01:11:57.83,21.11,-58.68,-991.98,96.25,-752.50,-420.0,1,94.236,
01/01/2000,01:11:57.84,21.23,-58.68,-991.86,148.75,-542.50,-507.50,1,94.237,
01/01/2000,01:11:57.85,21.35,-58.32,-991.74,35.0,-743.75,-315.0,1,94.238,
01/01/2000,01:11:57.86,21.35,-58.44,-991.98,210.0,-770.0,-297.50,1,94.238,
01/01/2000,01:11:57.87,21.35,-58.68,-992.35,52.50,-595.0,-385.0,1,94.239,
01/01/2000,01:11:57.88,21.47,-58.56,-992.35,175.0,-708.75,-481.25,1,94.239,
01/01/2000,01:11:57.89,21.47,-58.56,-992.10,271.25,-630.0,-183.75,1,94.240,
01/01/2000,01:11:57.90,21.47,-58.44,-991.86,192.50,-752.50,-306.25,1,94.230,
01/01/2000,01:11:57.91,21.47,-58.44,-992.23,105.0,-682.50,-148.75,1,94.231,
01/01/2000,01:11:57.92,21.59,-58.56,-992.23,210.0,-656.25,-393.75,1,94.232,
01/01/2000,01:11:57.93,21.59,-58.56,-992.23,26.25,-621.25,-201.25,1,94.232,
01/01/2000,01:11:57.94,21.23,-58.56,-992.35,183.75,-673.75,-358.75,1,94.233,
01/01/2000,01:11:57.95,21.23,-58.56,-992.10,218.75,-735.0,-350.0,1,94.234,
01/01/2000,01:11:57.96,21.47,-58.44,-991.98,78.75,-656.25,-280.0,1,94.234,
01/01/2000,01:11:57.98,21.35,-58.56,-991.98,105.0,-647.50,-332.50,1,94.235,
01/01/2000,01:11:57.99,21.23,-58.56,-992.10,140.0,-708.75,-350.0,1,94.235,
01/01/2000,01:11:58.00,21.23,-58.32,-992.10,201.25,-813.75,-385.0,1,94.236,
01/01/2000,01:11:58.01,21.47,-58.44,-991.98,175.0,-761.25,-306.25,1,94.237,
01/01/2000,01:11:58.02,21.35,-58.19,-991.86,96.25,-735.0,-253.75,1,94.227,
01/01/2000,01:11:58.04,21.11,-58.32,-991.86,192.50,-691.25,-332.50,1,94.228,
01/01/2000,01:11:58.05,21.23,-58.44,-992.10,113.75,-630.0,-306.25,1,94.228,
01/01/2000,01:11:58.06,21.23,-58.32,-992.10,201.25,-752.50,-332.50,1,94.229,
01/01/2000,01:11:58.07,21.35,-58.44,-991.98,17.50,-770.0,-315.0,1,94.229,
01/01/2000,01:11:58.08,21.23,-58.32,-991.98,140.0,-735.0,-288.75,1,94.230,
01/01/2000,01:11:58.09,21.23,-58.32,-992.10,262.50,-665.0,-332.50,1,94.231,
01/01/2000,01:11:58.10,21.23,-58.19,-992.10,78.75,-735.0,-428.75,1,94.231,
01/01/2000,01:11:58.11,21.35,-58.32,-992.35,210.0,-717.50,-262.50,1,94.232,
01/01/2000,01:11:58.12,21.23,-58.56,-992.35,175.0,-700.0,-253.75,1,94.233,
01/01/2000,01:11:58.13,21.23,-58.56,-992.35,157.50,-691.25,-315.0,1,94.233,
01/01/2000,01:11:58.14,21.23,-58.32,-992.35,157.50,-673.75,-358.75,1,94.234,
01/01/2000,01:11:58.15,21.35,-58.32,-992.35,288.75,-778.75,-420.0,1,94.235,
01/01/2000,01:11:58.16,21.23,-58.32,-992.47,78.75,-621.25,-350.0,1,94.235,
01/01/2000,01:11:58.17,21.23,-58.19,-992.47,122.50,-595.0,-297.50,1,94.236,
01/01/2000,01:11:58.18,21.23,-58.19,-992.35,175.0,-586.25,-288.75,1,94.236,
01/01/2000,01:11:58.19,21.47,-58.32,-992.35,227.50,-761.25,-315.0,1,94.227,
01/01/2000,01:11:58.20,21.35,-58.32,-992.23,236.25,-603.75,-271.25,1,94.227,
01/01/2000,01:11:58.21,21.47,-58.07,-992.10,8.75,-708.75,-385.0,1,94.228,
01/01/2000,01:11:58.22,21.47,-58.07,-992.10,192.50,-735.0,-367.50,1,94.229,
01/01/2000,01:11:58.23,21.47,-57.95,-992.10,87.50,-630.0,-280.0,1,94.229,
01/01/2000,01:11:58.24,21.35,-57.95,-992.10,96.25,-700.0,-420.0,1,94.230,
01/01/2000,01:11:58.25,21.47,-58.07,-991.86,43.75,-682.50,-288.75,1,94.231,
01/01/2000,01:11:58.27,21.47,-58.07,-991.86,105.0,-630.0,-376.25,1,94.231,
01/01/2000,01:11:58.28,21.35,-58.19,-991.86,131.25,-726.25,-341.25,1,94.232,
01/01/2000,01:11:58.29,21.23,-58.07,-991.86,52.50,-717.50,-385.0,1,94.232,
01/01/2000,01:11:58.30,21.23,-58.07,-991.86,113.75,-752.50,-157.50,1,94.233,
01/01/2000,01:11:58.31,21.11,-58.07,-991.86,192.50,-743.75,-341.25,1,94.234,
01/01/2000,01:11:58.32,21.23,-58.19,-991.86,253.75,-805.0,-323.75,1,94.234,
01/01/2000,01:11:58.33,21.11,-58.19,-991.86,175.0,-778.75,-350.0,1,94.235,
01/01/2000,01:11:58.34,20.98,-58.32,-991.74,192.50,-735.0,-341.25,1,94.236,
01/01/2000,01:11:58.35,20.98,-58.19,-991.74,43.75,-656.25,-446.25,1,94.236,
01/01/2000,01:11:58.36,20.86,-57.95,-991.86,131.25,-761.25,-288.75,1,94.237,
01/01/2000,01:11:58.37,20.98,-57.83,-991.98,105.0,-778.75,-280.0,1,94.238,
01/01/2000,01:11:58.38,20.86,-58.07,-991.98,218.75,-796.25,-402.50,1,94.238,
01/01/2000,01:11:58.39,20.98,-58.19,-991.86,140.0,-708.75,-411.25,1,94.239,
01/01/2000,01:11:58.40,21.11,-58.32,-991.86,105.0,-770.0,-262.50,1,94.229,
01/01/2000,01:11:58.42,21.11,-58.32,-991.62,131.25,-586.25,-306.25,1,94.230,
01/01/2000,01:11:58.42,20.98,-58.32,-991.62,131.25,-691.25,-262.50,1,94.230,
01/01/2000,01:11:58.44,20.74,-57.95,-991.74,236.25,-647.50,-350.0,1,94.231,
01/01/2000,01:11:58.45,21.47,-57.95,-991.49,218.75,-691.25,-367.50,1,94.232,
01/01/2000,01:11:58.46,21.84,-57.95,-991.37,175.0,-752.50,-280.0,1,94.232,
01/01/2000,01:11:58.47,20.98,-58.56,-991.62,140.0,-603.75,-288.75,1,94.233,
01/01/2000,01:11:58.48,20.74,-58.56,-992.10,236.25,-525.0,-463.75,1,94.234,
01/01/2000,01:11:58.49,21.23,-58.32,-992.10,306.25,-673.75,-568.75,1,94.234,
01/01/2000,01:11:58.50,21.72,-57.71,-991.86,0.0,-708.75,-148.75,1,94.235,
01/01/2000,01:11:58.51,21.35,-57.95,-991.74,96.25,-691.25,-166.25,1,94.235,
01/01/2000,01:11:58.52,20.98,-58.44,-991.74,122.50,-717.50,-315.0,1,94.236,
01/01/2000,01:11:58.54,21.23,-58.68,-991.98,192.50,-665.0,-507.50,1,94.226,
01/01/2000,01:11:58.55,21.23,-58.32,-992.23,262.50,-708.75,-306.25,1,94.227,
01/01/2000,01:11:58.56,21.35,-58.19,-991.98,148.75,-726.25,-183.75,1,94.228,
01/01/2000,01:11:58.57,21.23,-58.19,-991.74,157.50,-708.75,-131.25,1,94.228,
01/01/2000,01:11:58.58,21.23,-58.44,-991.62,148.75,-761.25,-306.25,1,94.229,
01/01/2000,01:11:58.59,21.23,-58.56,-991.74,183.75,-770.0,-402.50,1,94.230,
01/01/2000,01:11:58.60,21.72,-58.44,-992.10,96.25,-805.0,-341.25,1,94.230,
01/01/2000,01:11:58.61,21.72,-58.32,-992.10,105.0,-586.25,-323.75,1,94.231,
01/01/2000,01:11:58.62,21.47,-58.19,-991.86,87.50,-700.0,-358.75,1,94.231,
01/01/2000,01:11:58.63,21.23,-58.07,-991.86,157.50,-673.75,-271.25,1,94.232,
01/01/2000,01:11:58.64,21.23,-58.32,-991.98,122.50,-735.0,-253.75,1,94.233,
01/01/2000,01:11:58.65,21.35,-58.44,-992.23,218.75,-813.75,-376.25,1,94.233,
01/01/2000,01:11:58.66,21.47,-58.44,-992.35,52.50,-743.75,-236.25,1,94.234,
01/01/2000,01:11:58.67,21.47,-58.56,-992.10,218.75,-743.75,-455.0,1,94.235,
01/01/2000,01:11:58.68,21.23,-58.19,-991.86,96.25,-612.50,-332.50,1,94.225,
01/01/2000,01:11:58.69,21.23,-58.32,-991.86,218.75,-665.0,-411.25,1,94.226,
01/01/2000,01:11:58.70,21.11,-58.32,-992.10,315.0,-708.75,-253.75,1,94.226,
01/01/2000,01:11:58.71,21.23,-58.19,-992.10,105.0,-682.50,-323.75,1,94.227,
01/01/2000,01:11:58.72,21.23,-58.44,-991.86,236.25,-726.25,-420.0,1,94.227,
01/01/2000,01:11:58.73,21.11,-58.32,-991.74,87.50,-700.0,-385.0,1,94.228,
01/01/2000,01:11:58.74,21.23,-58.19,-991.86,87.50,-743.75,-280.0,1,94.229,
01/01/2000,01:11:58.76,21.35,-58.32,-992.10,157.50,-612.50,-280.0,1,94.229,
01/01/2000,01:11:58.77,21.23,-58.32,-992.35,70.0,-743.75,-253.75,1,94.230,
01/01/2000,01:11:58.78,21.23,-58.44,-992.23,175.0,-743.75,-472.50,1,94.231,
01/01/2000,01:11:58.79,21.23,-58.32,-991.86,192.50,-717.50,-332.50,1,94.231,
01/01/2000,01:11:58.80,21.11,-58.44,-991.86,96.25,-691.25,-411.25,1,94.232,
01/01/2000,01:11:58.81,21.11,-58.44,-991.98,140.0,-778.75,-341.25,1,94.232,
01/01/2000,01:11:58.82,21.35,-58.32,-991.98,70.0,-831.25,-358.75,1,94.233,
01/01/2000,01:11:58.83,21.23,-58.44,-992.10,245.0,-682.50,-288.75,1,94.234,
01/01/2000,01:11:58.84,21.11,-58.32,-992.10,78.75,-542.50,-358.75,1,94.234,
01/01/2000,01:11:58.85,20.98,-58.19,-991.86,201.25,-735.0,-507.50,1,94.235,
01/01/2000,01:11:58.86,21.23,-58.07,-991.98,148.75,-682.50,-253.75,1,94.225,
01/01/2000,01:11:58.87,21.23,-58.32,-992.10,157.50,-770.0,-271.25,1,94.236,
01/01/2000,01:11:58.88,20.98,-58.32,-992.23,157.50,-673.75,-341.25,1,94.227,
01/01/2000,01:11:58.90,20.98,-58.32,-992.10,131.25,-673.75,-420.0,1,94.227,
01/01/2000,01:11:58.91,20.98,-58.32,-992.10,70.0,-700.0,-332.50,1,94.228,
01/01/2000,01:11:58.92,20.98,-58.32,-992.10,122.50,-743.75,-516.25,1,94.228,
01/01/2000,01:11:58.93,20.98,-58.19,-992.10,-8.75,-708.75,-332.50,1,94.229,
01/01/2000,01:11:58.94,21.11,-58.07,-991.98,245.0,-647.50,-297.50,1,94.230,
01/01/2000,01:11:58.95,21.23,-58.32,-992.10,192.50,-673.75,-280.0,1,94.230,
01/01/2000,01:11:58.96,21.23,-58.32,-992.23,227.50,-682.50,-350.0,1,94.231,
01/01/2000,01:11:58.97,21.11,-58.32,-992.10,175.0,-743.75,-332.50,1,94.232,
01/01/2000,01:11:58.98,21.23,-58.07,-992.10,87.50,-638.75,-253.75,1,94.232,
01/01/2000,01:11:58.99,21.23,-58.07,-992.23,218.75,-621.25,-245.0,1,94.233,
01/01/2000,01:11:59.00,21.11,-58.07,-992.35,166.25,-586.25,-297.50,1,94.233,
01/01/2000,01:11:59.01,21.23,-58.07,-992.23,113.75,-761.25,-420.0,1,94.234,
01/01/2000,01:11:59.02,21.11,-58.19,-992.10,166.25,-638.75,-463.75,1,94.235,
01/01/2000,01:11:59.03,21.11,-58.32,-992.10,288.75,-726.25,-376.25,1,94.235,
01/01/2000,01:11:59.05,21.11,-58.32,-992.23,140.0,-673.75,-306.25,1,94.226,
01/01/2000,01:11:59.06,20.98,-58.19,-992.23,157.50,-805.0,-376.25,1,94.226,
01/01/2000,01:11:59.07,20.86,-58.32,-992.10,113.75,-673.75,-315.0,1,94.227,
01/01/2000,01:11:59.08,20.86,-58.44,-992.10,236.25,-656.25,-446.25,1,94.228,
01/01/2000,01:11:59.09,20.74,-58.44,-992.10,61.25,-735.0,-367.50,1,94.228,
01/01/2000,01:11:59.10,20.86,-58.44,-992.10,201.25,-761.25,-315.0,1,94.229,
01/01/2000,01:11:59.11,20.98,-58.32,-992.10,271.25,-647.50,-402.50,1,94.230,
01/01/2000,01:11:59.12,20.86,-58.32,-992.23,236.25,-743.75,-455.0,1,94.230,
01/01/2000,01:11:59.13,20.74,-58.19,-992.10,166.25,-717.50,-358.75,1,94.231,
01/01/2000,01:11:59.14,20.74,-58.32,-992.35,227.50,-796.25,-306.25,1,94.231,
01/01/2000,01:11:59.15,20.86,-58.19,-992.23,105.0,-630.0,-262.50,1,94.232,
01/01/2000,01:11:59.16,20.98,-58.44,-992.10,201.25,-743.75,-428.75,1,94.233,
01/01/2000,01:11:59.17,20.98,-58.56,-992.23,96.25,-708.75,-350.0,1,94.233,
01/01/2000,01:11:59.18,21.11,-58.68,-992.35,201.25,-656.25,-376.25,1,94.224,
01/01/2000,01:11:59.19,21.23,-58.80,-992.23,245.0,-682.50,-358.75,1,94.224,
01/01/2000,01:11:59.20,20.98,-58.68,-992.23,183.75,-682.50,-297.50,1,94.225,
01/01/2000,01:11:59.21,20.98,-58.68,-992.35,288.75,-778.75,-288.75,1,94.226,
01/01/2000,01:11:59.22,20.98,-58.68,-992.23,122.50,-638.75,-288.75,1,94.226,
01/01/2000,01:11:59.23,20.98,-58.68,-992.23,175.0,-533.75,-306.25,1,94.227,
01/01/2000,01:11:59.25,20.98,-58.93,-992.35,175.0,-717.50,-271.25,1,94.227,
01/01/2000,01:11:59.26,20.86,-58.80,-992.35,192.50,-726.25,-428.75,1,94.228,
01/01/2000,01:11:59.27,20.98,-58.68,-992.23,227.50,-638.75,-288.75,1,94.229,
01/01/2000,01:11:59.28,21.11,-58.44,-992.10,210.0,-682.50,-218.75,1,94.229,
01/01/2000,01:11:59.29,21.11,-58.56,-991.98,227.50,-726.25,-341.25,1,94.230,
01/01/2000,01:11:59.30,21.23,-58.56,-992.10,201.25,-708.75,-297.50,1,94.231,
01/01/2000,01:11:59.31,21.23,-58.56,-992.23,166.25,-586.25,-341.25,1,94.231,
01/01/2000,01:11:59.32,21.11,-58.56,-992.10,113.75,-743.75,-341.25,1,94.232,
01/01/2000,01:11:59.33,21.23,-58.56,-992.10,227.50,-621.25,-385.0,1,94.232,
01/01/2000,01:11:59.34,21.11,-58.44,-992.10,175.0,-752.50,-341.25,1,94.233,
01/01/2000,01:11:59.35,21.23,-58.32,-992.10,262.50,-630.0,-306.25,1,94.234,
01/01/2000,01:11:59.36,21.23,-58.44,-991.98,218.75,-717.50,-358.75,1,94.234,
01/01/2000,01:11:59.37,21.23,-58.56,-991.98,105.0,-673.75,-280.0,1,94.235,
01/01/2000,01:11:59.38,21.11,-58.56,-991.86,113.75,-717.50,-350.0,1,94.236,
01/01/2000,01:11:59.40,20.98,-58.56,-991.98,210.0,-621.25,-280.0,1,94.226,
01/01/2000,01:11:59.40,20.98,-58.56,-992.10,148.75,-595.0,-411.25,1,94.227,
01/01/2000,01:11:59.42,20.98,-58.56,-992.10,262.50,-796.25,-341.25,1,94.227,
01/01/2000,01:11:59.43,21.11,-58.32,-992.10,157.50,-726.25,-385.0,1,94.228,
01/01/2000,01:11:59.44,21.11,-58.44,-992.10,52.50,-761.25,-262.50,1,94.228,
01/01/2000,01:11:59.45,21.11,-58.32,-992.10,87.50,-717.50,-385.0,1,94.229,
01/01/2000,01:11:59.46,21.23,-58.56,-992.23,113.75,-735.0,-315.0,1,94.230,
01/01/2000,01:11:59.47,21.47,-58.44,-992.35,192.50,-700.0,-358.75,1,94.230,
01/01/2000,01:11:59.48,21.47,-58.44,-992.35,166.25,-717.50,-315.0,1,94.231,
01/01/2000,01:11:59.49,21.35,-58.32,-992.35,236.25,-743.75,-271.25,1,94.232,
01/01/2000,01:11:59.50,21.35,-58.68,-992.35,236.25,-665.0,-280.0,1,94.232,
01/01/2000,01:11:59.51,21.23,-58.32,-992.35,131.25,-717.50,-437.50,1,94.233,
01/01/2000,01:11:59.52,21.23,-58.56,-992.35,245.0,-682.50,-332.50,1,94.233,
01/01/2000,01:11:59.53,21.23,-58.32,-992.23,70.0,-761.25,-315.0,1,94.224,
01/01/2000,01:11:59.54,21.23,-58.07,-992.23,148.75,-752.50,-341.25,1,94.225,
01/01/2000,01:11:59.56,21.11,-58.19,-992.35,280.0,-708.75,-420.0,1,94.225,
01/01/2000,01:11:59.57,21.23,-58.32,-992.23,122.50,-708.75,-323.75,1,94.226,
01/01/2000,01:11:59.58,21.23,-58.32,-992.23,201.25,-621.25,-332.50,1,94.226,
01/01/2000,01:11:59.59,21.23,-58.07,-992.23,131.25,-717.50,-341.25,1,94.227,
01/01/2000,01:11:59.60,21.23,-58.19,-992.23,0.0,-761.25,-332.50,1,94.228,
01/01/2000,01:11:59.61,21.11,-58.19,-992.23,218.75,-682.50,-393.75,1,94.228,
01/01/2000,01:11:59.62,21.23,-58.07,-992.35,113.75,-743.75,-332.50,1,94.229,
01/01/2000,01:11:59.63,21.35,-58.19,-992.23,52.50,-700.0,-306.25,1,94.230,
01/01/2000,01:11:59.64,21.23,-58.32,-992.10,70.0,-560.0,-323.75,1,94.230,
01/01/2000,01:11:59.65,21.23,-58.44,-991.86,70.0,-752.50,-428.75,1,94.231,
01/01/2000,01:11:59.66,21.23,-58.32,-991.86,122.50,-778.75,-376.25,1,94.231,
01/01/2000,01:11:59.67,21.11,-58.19,-991.86,105.0,-743.75,-332.50,1,94.232,
01/01/2000,01:11:59.68,21.23,-57.95,-992.23,113.75,-673.75,-253.75,1,94.233,
01/01/2000,01:11:59.69,21.23,-57.83,-992.23,280.0,-612.50,-332.50,1,94.233,
01/01/2000,01:11:59.70,21.23,-57.83,-992.23,131.25,-630.0,-385.0,1,94.234,
01/01/2000,01:11:59.71,21.35,-57.83,-992.23,210.0,-708.75,-323.75,1,94.235,
01/01/2000,01:11:59.72,21.47,-58.07,-992.35,175.0,-761.25,-376.25,1,94.235,
01/01/2000,01:11:59.73,21.35,-57.83,-992.35,78.75,-586.25,-297.50,1,94.236,
01/01/2000,01:11:59.74,21.23,-57.95,-992.47,227.50,-665.0,-367.50,1,94.226,
01/01/2000,01:11:59.75,21.23,-57.95,-992.47,-43.75,-691.25,-288.75,1,94.227,
01/01/2000,01:11:59.76,21.35,-57.95,-992.47,157.50,-621.25,-376.25,1,94.227,
01/01/2000,01:11:59.77,21.23,-58.07,-992.23,175.0,-691.25,-253.75,1,94.228,
01/01/2000,01:11:59.78,21.35,-58.32,-992.10,96.25,-778.75,-288.75,1,94.229,
01/01/2000,01:11:59.79,21.35,-58.32,-992.23,166.25,-621.25,-297.50,1,94.229,
01/01/2000,01:11:59.80,21.23,-58.56,-992.23,140.0,-700.0,-288.75,1,94.230,
01/01/2000,01:11:59.82,20.98,-58.32,-992.35,218.75,-708.75,-315.0,1,94.231,
01/01/2000,01:11:59.83,21.23,-58.19,-992.23,61.25,-735.0,-411.25,1,94.231,
01/01/2000,01:11:59.84,21.23,-58.19,-992.10,183.75,-778.75,-315.0,1,94.232,
01/01/2000,01:11:59.85,21.23,-58.19,-992.10,201.25,-638.75,-315.0,1,94.232,
01/01/2000,01:11:59.86,21.23,-58.56,-992.10,157.50,-700.0,-437.50,1,94.233,
01/01/2000,01:11:59.87,21.11,-58.56,-992.23,96.25,-647.50,-376.25,1,94.234,
01/01/2000,01:11:59.88,21.11,-58.44,-992.10,183.75,-726.25,-306.25,1,94.234,
01/01/2000,01:11:59.89,20.98,-58.19,-991.98,210.0,-717.50,-236.25,1,94.235,
01/01/2000,01:11:59.90,20.98,-58.44,-992.10,253.75,-682.50,-332.50,1,94.236,
01/01/2000,01:11:59.91,20.86,-58.32,-992.10,122.50,-752.50,-332.50,1,94.236,
01/01/2000,01:11:59.92,20.86,-58.44,-991.98,87.50,-831.25,-402.50,1,94.237,
01/01/2000,01:11:59.93,20.86,-58.56,-991.86,183.75,-691.25,-411.25,1,94.237,
01/01/2000,01:11:59.94,20.98,-58.56,-991.86,253.75,-743.75,-271.25,1,94.238,
01/01/2000,01:11:59.96,21.11,-58.32,-991.86,140.0,-708.75,-350.0,1,94.228,
01/01/2000,01:11:59.97,20.98,-58.32,-992.10,17.50,-700.0,-183.75,1,94.229,
01/01/2000,01:11:59.98,20.86,-58.32,-992.10,271.25,-691.25,-367.50,1,94.230,
01/01/2000,01:11:59.99,20.74,-58.32,-992.23,166.25,-542.50,-367.50,1,94.230,
01/01/2000,01:12:00.00,20.98,-58.19,-992.10,61.25,-717.50,-288.75,1,94.231,
01/01/2000,01:12:00.01,20.98,-58.32,-992.10,183.75,-726.25,-323.75,1,94.232,
01/01/2000,01:12:00.02,21.11,-58.19,-992.10,157.50,-717.50,-262.50,1,94.232,
01/01/2000,01:12:00.03,20.98,-58.32,-992.10,131.25,-796.25,-288.75,1,94.233,
01/01/2000,01:12:00.04,21.23,-58.32,-992.10,192.50,-682.50,-341.25,1,94.233,
01/01/2000,01:12:00.05,21.23,-58.07,-992.35,113.75,-717.50,-315.0,1,94.234,
01/01/2000,01:12:00.06,21.35,-58.19,-992.35,157.50,-770.0,-262.50,1,94.225,
01/01/2000,01:12:00.07,21.23,-58.19,-992.35,87.50,-778.75,-402.50,1,94.225,
01/01/2000,01:12:00.08,21.23,-58.19,-992.23,105.0,-621.25,-402.50,1,94.226,
01/01/2000,01:12:00.10,21.35,-58.32,-992.35,166.25,-638.75,-297.50,1,94.226,
01/01/2000,01:12:00.11,21.47,-58.32,-992.35,113.75,-743.75,-306.25,1,94.227,
01/01/2000,01:12:00.12,21.47,-58.19,-992.35,78.75,-770.0,-271.25,1,94.228,
01/01/2000,01:12:00.13,21.59,-58.19,-992.23,157.50,-673.75,-385.0,1,94.228,
01/01/2000,01:12:00.14,21.59,-58.19,-992.35,157.50,-603.75,-367.50,1,94.229,
01/01/2000,01:12:00.15,21.47,-58.44,-992.35,201.25,-717.50,-297.50,1,94.230,
01/01/2000,01:12:00.16,21.47,-58.19,-992.35,113.75,-787.50,-428.75,1,94.230,
01/01/2000,01:12:00.17,21.35,-58.19,-992.47,271.25,-630.0,-376.25,1,94.231,
01/01/2000,01:12:00.18,21.23,-58.07,-992.35,96.25,-691.25,-227.50,1,94.231,
01/01/2000,01:12:00.19,21.11,-58.07,-992.35,227.50,-743.75,-358.75,1,94.232,
01/01/2000,01:12:00.20,21.11,-58.19,-992.35,140.0,-656.25,-288.75,1,94.233,
01/01/2000,01:12:00.21,21.11,-58.19,-992.35,78.75,-647.50,-288.75,1,94.233,
01/01/2000,01:12:00.22,21.23,-57.95,-992.35,35.0,-761.25,-358.75,1,94.234,
01/01/2000,01:12:00.23,21.23,-58.07,-992.59,201.25,-673.75,-367.50,1,94.234,
01/01/2000,01:12:00.24,21.23,-58.07,-992.47,140.0,-787.50,-341.25,1,94.225,
01/01/2000,01:12:00.25,21.23,-58.07,-992.35,218.75,-638.75,-376.25,1,94.236,
01/01/2000,01:12:00.26,21.23,-58.07,-992.35,245.0,-700.0,-271.25,1,94.226,
01/01/2000,01:12:00.27,21.23,-58.19,-992.35,122.50,-673.75,-306.25,1,94.237,
01/01/2000,01:12:00.28,20.98,-58.19,-992.23,192.50,-673.75,-315.0,1,94.227,
01/01/2000,01:12:00.29,20.98,-58.32,-992.23,183.75,-630.0,-393.75,1,94.228,
01/01/2000,01:12:00.31,21.11,-58.32,-992.10,271.25,-673.75,-332.50,1,94.229,
01/01/2000,01:12:00.32,21.11,-58.19,-992.23,175.0,-743.75,-350.0,1,94.229,
01/01/2000,01:12:00.33,21.23,-58.32,-992.35,43.75,-682.50,-210.0,1,94.230,
01/01/2000,01:12:00.34,21.23,-58.19,-992.35,131.25,-700.0,-253.75,1,94.231,
01/01/2000,01:12:00.35,21.23,-58.32,-992.35,262.50,-682.50,-350.0,1,94.231,
01/01/2000,01:12:00.36,21.23,-58.32,-992.35,166.25,-726.25,-323.75,1,94.232,
01/01/2000,01:12:00.37,21.35,-58.19,-992.23,105.0,-673.75,-271.25,1,94.232,
01/01/2000,01:12:00.38,21.35,-58.32,-992.23,192.50,-638.75,-437.50,1,94.233,
01/01/2000,01:12:00.39,21.23,-58.19,-992.23,201.25,-717.50,-332.50,1,94.234,
01/01/2000,01:12:00.40,21.23,-58.19,-992.10,192.50,-726.25,-262.50,1,94.234,
01/01/2000,01:12:00.41,21.23,-58.44,-992.10,315.0,-673.75,-367.50,1,94.235,
01/01/2000,01:12:00.42,21.23,-58.32,-992.10,175.0,-638.75,-306.25,1,94.236,
01/01/2000,01:12:00.43,21.35,-58.44,-992.23,113.75,-752.50,-376.25,1,94.236,
01/01/2000,01:12:00.44,21.47,-58.44,-992.23,253.75,-682.50,-306.25,1,94.227,
01/01/2000,01:12:00.45,21.35,-58.56,-992.23,113.75,-778.75,-376.25,1,94.227,
01/01/2000,01:12:00.46,21.35,-58.44,-992.23,297.50,-700.0,-350.0,1,94.228,
01/01/2000,01:12:00.47,21.47,-58.44,-992.10,341.25,-691.25,-385.0,1,94.229,
01/01/2000,01:12:00.48,21.59,-58.32,-992.10,175.0,-752.50,-315.0,1,94.229,
01/01/2000,01:12:00.49,21.47,-58.56,-992.35,288.75,-656.25,-323.75,1,94.230,
01/01/2000,01:12:00.50,21.35,-58.32,-992.35,253.75,-761.25,-393.75,1,94.230,
01/01/2000,01:12:00.52,21.23,-58.32,-992.47,210.0,-717.50,-332.50,1,94.231,
01/01/2000,01:12:00.53,21.23,-58.32,-992.47,350.0,-735.0,-411.25,1,94.232,
01/01/2000,01:12:00.54,21.23,-58.07,-992.47,210.0,-691.25,-411.25,1,94.232,
01/01/2000,01:12:00.55,21.23,-58.19,-992.59,87.50,-735.0,-306.25,1,94.233,
01/01/2000,01:12:00.56,21.23,-58.32,-992.59,306.25,-586.25,-280.0,1,94.233,
01/01/2000,01:12:00.57,21.11,-58.44,-992.47,148.75,-735.0,-341.25,1,94.224,
01/01/2000,01:12:00.58,20.98,-58.44,-992.59,175.0,-647.50,-376.25,1,94.225,
01/01/2000,01:12:00.60,21.23,-58.44,-992.35,148.75,-700.0,-315.0,1,94.225,
01/01/2000,01:12:00.60,21.35,-58.32,-992.10,227.50,-586.25,-350.0,1,94.226,
01/01/2000,01:12:00.62,21.11,-58.44,-992.10,175.0,-665.0,-253.75,1,94.226,
01/01/2000,01:12:00.62,20.98,-58.44,-992.59,122.50,-717.50,-350.0,1,94.227,
01/01/2000,01:12:00.64,20.98,-58.19,-992.71,175.0,-647.50,-280.0,1,94.228,
01/01/2000,01:12:00.65,21.47,-58.07,-992.47,122.50,-708.75,-262.50,1,94.228,
01/01/2000,01:12:00.66,21.35,-58.07,-992.35,288.75,-743.75,-358.75,1,94.229,
01/01/2000,01:12:00.67,21.23,-58.32,-992.23,113.75,-700.0,-315.0,1,94.230,
01/01/2000,01:12:00.68,21.23,-58.56,-992.23,253.75,-752.50,-428.75,1,94.230,
01/01/2000,01:12:00.69,21.23,-58.44,-992.47,131.25,-682.50,-288.75,1,94.231,
01/01/2000,01:12:00.70,21.23,-58.44,-992.59,175.0,-682.50,-420.0,1,94.231,
01/01/2000,01:12:00.71,21.23,-58.19,-992.59,288.75,-743.75,-262.50,1,94.232,
01/01/2000,01:12:00.72,21.23,-58.07,-992.84,-87.50,-743.75,-236.25,1,94.233,
01/01/2000,01:12:00.73,21.35,-58.56,-992.84,332.50,-717.50,-297.50,1,94.233,
01/01/2000,01:12:00.74,21.11,-58.32,-992.71,183.75,-630.0,-341.25,1,94.234,
01/01/2000,01:12:00.75,21.23,-58.32,-992.59,166.25,-708.75,-411.25,1,94.234,
01/01/2000,01:12:00.76,21.23,-58.19,-992.59,140.0,-735.0,-262.50,1,94.235,
01/01/2000,01:12:00.77,21.11,-57.95,-992.59,157.50,-752.50,-288.75,1,94.236,
01/01/2000,01:12:00.78,21.23,-58.44,-992.59,315.0,-603.75,-402.50,1,94.236,
01/01/2000,01:12:00.79,20.98,-58.32,-992.59,96.25,-665.0,-428.75,1,94.227,
01/01/2000,01:12:00.80,21.23,-58.44,-992.59,96.25,-612.50,-262.50,1,94.227,
01/01/2000,01:12:00.81,21.47,-58.32,-992.59,236.25,-673.75,-376.25,1,94.228,
01/01/2000,01:12:00.82,21.23,-58.44,-992.59,245.0,-752.50,-332.50,1,94.229,
01/01/2000,01:12:00.83,21.23,-58.44,-992.59,227.50,-813.75,-332.50,1,94.229,
01/01/2000,01:12:00.84,21.11,-58.56,-992.59,35.0,-770.0,-341.25,1,94.230,
01/01/2000,01:12:00.85,21.11,-58.44,-992.47,78.75,-717.50,-367.50,1,94.231,
01/01/2000,01:12:00.87,21.11,-58.32,-992.47,105.0,-586.25,-358.75,1,94.231,
01/01/2000,01:12:00.88,21.23,-58.56,-992.35,105.0,-612.50,-315.0,1,94.232,
01/01/2000,01:12:00.89,21.23,-58.56,-992.35,43.75,-717.50,-350.0,1,94.232,
01/01/2000,01:12:00.90,21.23,-58.68,-992.35,166.25,-586.25,-315.0,1,94.233,
01/01/2000,01:12:00.91,21.35,-58.56,-992.84,253.75,-682.50,-297.50,1,94.234,
01/01/2000,01:12:00.92,21.35,-58.56,-992.84,201.25,-770.0,-297.50,1,94.234,
01/01/2000,01:12:00.93,21.47,-58.44,-992.84,140.0,-603.75,-358.75,1,94.235,
01/01/2000,01:12:00.94,21.47,-58.44,-992.84,148.75,-621.25,-350.0,1,94.235,
01/01/2000,01:12:00.95,20.37,-59.54,-990.40,166.25,-892.50,-2450.0,1,94.236,
01/01/2000,01:12:00.96,19.89,-66.73,-990.15,1347.50,-630.0,-2852.50,1,94.237,
01/01/2000,01:12:00.97,22.20,-63.20,-993.81,-822.50,-892.50,-3211.25,1,94.237,
01/01/2000,01:12:00.98,24.52,-64.29,-995.76,761.25,-787.50,-1636.25,1,94.238,
01/01/2000,01:12:00.99,22.69,-59.78,-995.52,490.0,-638.75,437.50,1,94.239,
01/01/2000,01:12:01.00,19.89,-57.58,-990.88,638.75,-507.50,183.75,1,94.229,
01/01/2000,01:12:01.01,19.76,-53.44,-990.52,227.50,-770.0,-2082.50,1,94.230,
01/01/2000,01:12:01.02,21.84,-53.31,-994.30,-78.75,-778.75,-297.50,1,94.230,
01/01/2000,01:12:01.03,23.30,-55.27,-996.01,332.50,-551.25,1863.75,1,94.231,
01/01/2000,01:12:01.04,22.33,-57.95,-994.91,201.25,-621.25,2117.50,1,94.232,
01/01/2000,01:12:01.05,20.50,-60.02,-992.35,52.50,-647.50,-1776.25,1,94.232,
01/01/2000,01:12:01.06,20.25,-61.24,-990.52,402.50,-761.25,-3578.75,1,94.233,
01/01/2000,01:12:01.08,22.57,-58.44,-994.79,-87.50,-778.75,638.75,1,94.223,
01/01/2000,01:12:01.09,22.69,-56.61,-995.15,288.75,-507.50,1688.75,1,94.224,
01/01/2000,01:12:01.10,20.86,-56.24,-994.06,271.25,-533.75,656.25,1,94.225,
01/01/2000,01:12:01.11,19.64,-56.36,-992.35,245.0,-673.75,-1365.0,1,94.225,
01/01/2000,01:12:01.12,21.23,-57.95,-992.35,280.0,-708.75,-1085.0,1,94.226,
01/01/2000,01:12:01.13,22.69,-58.93,-993.69,253.75,-752.50,-87.50,1,94.226,
01/01/2000,01:12:01.14,23.06,-60.02,-994.42,0.0,-630.0,420.0,1,94.227,
01/01/2000,01:12:01.16,22.08,-60.27,-993.57,218.75,-866.25,-551.25,1,94.228,
01/01/2000,01:12:01.17,20.01,-58.68,-991.98,262.50,-700.0,-1006.25,1,94.228,
01/01/2000,01:12:01.18,20.37,-57.58,-992.35,262.50,-717.50,-918.75,1,94.229,
01/01/2000,01:12:01.19,21.59,-56.85,-993.57,192.50,-630.0,-175.0,1,94.230,
01/01/2000,01:12:01.20,22.45,-57.10,-994.42,175.0,-586.25,393.75,1,94.230,
01/01/2000,01:12:01.21,21.72,-58.80,-993.20,96.25,-717.50,271.25,1,94.231,
01/01/2000,01:12:01.22,20.74,-59.78,-991.98,157.50,-735.0,-551.25,1,94.231,
01/01/2000,01:12:01.23,20.50,-60.02,-991.74,61.25,-735.0,-1023.75,1,94.232,
01/01/2000,01:12:01.24,21.47,-59.54,-992.59,253.75,-735.0,-691.25,1,94.233,
01/01/2000,01:12:01.25,22.20,-58.07,-994.06,113.75,-691.25,17.50,1,94.233,
01/01/2000,01:12:01.26,21.72,-57.95,-993.81,70.0,-761.25,78.75,1,94.234,
01/01/2000,01:12:01.27,20.74,-58.19,-992.59,105.0,-656.25,-245.0,1,94.234,
01/01/2000,01:12:01.28,20.25,-58.44,-992.10,183.75,-603.75,-516.25,1,94.235,
01/01/2000,01:12:01.29,21.23,-59.05,-993.08,122.50,-656.25,-525.0,1,94.236,
01/01/2000,01:12:01.30,21.96,-59.29,-993.81,-8.75,-770.0,-376.25,1,94.236,
01/01/2000,01:12:01.31,21.96,-59.29,-993.57,131.25,-647.50,-210.0,1,94.237,
01/01/2000,01:12:01.32,21.11,-59.17,-992.47,131.25,-700.0,-402.50,1,94.238,
01/01/2000,01:12:01.33,20.37,-58.56,-992.35,140.0,-743.75,-446.25,1,94.238,
01/01/2000,01:12:01.34,20.86,-58.07,-992.96,87.50,-682.50,-271.25,1,94.239,
01/01/2000,01:12:01.35,21.72,-58.19,-993.57,122.50,-708.75,-175.0,1,94.239,
01/01/2000,01:12:01.36,21.72,-58.80,-993.32,280.0,-787.50,-297.50,1,94.230,
01/01/2000,01:12:01.37,21.23,-59.29,-992.59,105.0,-647.50,-595.0,1,94.231,
01/01/2000,01:12:01.38,20.74,-59.17,-992.35,166.25,-647.50,-455.0,1,94.231,
01/01/2000,01:12:01.39,21.23,-58.56,-993.08,61.25,-805.0,-332.50,1,94.232,
01/01/2000,01:12:01.40,21.72,-58.07,-993.81,131.25,-656.25,-350.0,1,94.232,
01/01/2000,01:12:01.41,21.72,-57.83,-994.06,157.50,-638.75,-236.25,1,94.233,
01/01/2000,01:12:01.43,21.11,-58.44,-992.96,192.50,-656.25,-350.0,1,94.234,
01/01/2000,01:12:01.44,20.74,-58.80,-992.59,105.0,-577.50,-437.50,1,94.234,
01/01/2000,01:12:01.45,21.59,-58.80,-993.20,140.0,-752.50,-402.50,1,94.235,
01/01/2000,01:12:01.46,22.20,-58.80,-993.69,201.25,-726.25,-271.25,1,94.235,
01/01/2000,01:12:01.47,21.96,-58.68,-993.81,43.75,-700.0,-166.25,1,94.236,
01/01/2000,01:12:01.48,21.11,-58.68,-993.32,262.50,-656.25,-402.50,1,94.237,
01/01/2000,01:12:01.49,20.74,-58.32,-992.59,315.0,-665.0,-446.25,1,94.237,
01/01/2000,01:12:01.50,21.47,-58.32,-993.20,52.50,-656.25,-245.0,1,94.238,
01/01/2000,01:12:01.51,21.96,-58.68,-993.45,131.25,-621.25,-297.50,1,94.239,
01/01/2000,01:12:01.52,21.59,-58.93,-993.20,105.0,-551.25,-183.75,1,94.239,
01/01/2000,01:12:01.53,20.98,-59.05,-992.59,52.50,-778.75,-463.75,1,94.240,
01/01/2000,01:12:01.54,20.74,-58.80,-992.71,78.75,-778.75,-525.0,1,94.240,
01/01/2000,01:12:01.55,21.23,-58.32,-993.32,140.0,-656.25,-463.75,1,94.241,
01/01/2000,01:12:01.56,21.59,-58.19,-993.69,105.0,-665.0,-227.50,1,94.242,
01/01/2000,01:12:01.57,21.47,-58.56,-993.32,17.50,-770.0,-271.25,1,94.232,
01/01/2000,01:12:01.58,20.86,-58.80,-992.84,253.75,-700.0,-315.0,1,94.233,
01/01/2000,01:12:01.60,20.98,-59.05,-992.84,157.50,-735.0,-428.75,1,94.233,
01/01/2000,01:12:01.61,21.47,-58.32,-993.57,157.50,-656.25,-385.0,1,94.234,
01/01/2000,01:12:01.62,21.47,-58.19,-993.57,78.75,-665.0,-218.75,1,94.235,
01/01/2000,01:12:01.63,20.98,-58.32,-993.20,201.25,-708.75,-175.0,1,94.235,
01/01/2000,01:12:01.64,20.74,-58.68,-992.71,131.25,-673.75,-446.25,1,94.236,
01/01/2000,01:12:01.65,20.98,-58.80,-993.08,183.75,-691.25,-367.50,1,94.236,
01/01/2000,01:12:01.66,21.23,-58.80,-993.57,87.50,-691.25,-393.75,1,94.237,
01/01/2000,01:12:01.67,21.47,-58.93,-993.69,192.50,-735.0,-367.50,1,94.238,
01/01/2000,01:12:01.68,21.23,-58.80,-993.08,157.50,-735.0,-271.25,1,94.238,
01/01/2000,01:12:01.69,20.74,-58.80,-992.71,157.50,-717.50,-385.0,1,94.239,
01/01/2000,01:12:01.70,20.74,-58.80,-992.71,113.75,-708.75,-350.0,1,94.230,
01/01/2000,01:12:01.71,20.86,-58.80,-993.08,96.25,-717.50,-332.50,1,94.230,
01/01/2000,01:12:01.72,21.11,-59.05,-993.45,262.50,-630.0,-341.25,1,94.231,
01/01/2000,01:12:01.73,21.11,-59.05,-993.08,210.0,-708.75,-376.25,1,94.231,
01/01/2000,01:12:01.74,20.86,-59.05,-992.84,52.50,-630.0,-306.25,1,94.232,
01/01/2000,01:12:01.75,20.74,-58.93,-992.71,166.25,-603.75,-367.50,1,94.233,
01/01/2000,01:12:01.76,20.98,-58.68,-993.08,113.75,-691.25,-411.25,1,94.233,
01/01/2000,01:12:01.77,21.23,-58.68,-993.32,96.25,-700.0,-341.25,1,94.234,
01/01/2000,01:12:01.79,20.98,-58.80,-992.96,105.0,-700.0,-183.75,1,94.234,
01/01/2000,01:12:01.80,20.98,-58.80,-992.71,227.50,-673.75,-323.75,1,94.235,
01/01/2000,01:12:01.81,21.11,-58.80,-992.59,175.0,-673.75,-323.75,1,94.236,
01/01/2000,01:12:01.82,21.23,-58.56,-992.71,175.0,-647.50,-218.75,1,94.236,
01/01/2000,01:12:01.83,21.35,-58.44,-993.20,105.0,-647.50,-428.75,1,94.237,
01/01/2000,01:12:01.84,21.23,-58.56,-993.08,157.50,-726.25,-271.25,1,94.237,
01/01/2000,01:12:01.85,20.98,-58.56,-992.84,271.25,-717.50,-306.25,1,94.238,
01/01/2000,01:12:01.86,21.11,-58.68,-992.71,332.50,-743.75,-455.0,1,94.239,
01/01/2000,01:12:01.87,21.23,-58.56,-992.96,122.50,-761.25,-341.25,1,94.239,
01/01/2000,01:12:01.88,21.35,-58.56,-993.20,87.50,-691.25,-376.25,1,94.240,
01/01/2000,01:12:01.89,21.47,-58.56,-992.96,210.0,-770.0,-358.75,1,94.241,
01/01/2000,01:12:01.90,21.23,-58.32,-992.84,157.50,-682.50,-236.25,1,94.241,
01/01/2000,01:12:01.91,20.98,-58.32,-992.84,140.0,-700.0,-332.50,1,94.242,
01/01/2000,01:12:01.92,21.47,-58.07,-992.84,140.0,-691.25,-393.75,1,94.232,
01/01/2000,01:12:01.94,21.47,-58.07,-992.84,140.0,-665.0,-253.75,1,94.233,
01/01/2000,01:12:01.95,21.11,-58.32,-992.84,105.0,-700.0,-271.25,1,94.234,
01/01/2000,01:12:01.96,20.74,-58.44,-992.71,157.50,-647.50,-420.0,1,94.234,
01/01/2000,01:12:01.97,20.98,-58.19,-992.84,52.50,-656.25,-402.50,1,94.235,
01/01/2000,01:12:01.98,21.23,-58.07,-992.96,131.25,-752.50,-218.75,1,94.235,
01/01/2000,01:12:01.99,21.35,-58.07,-992.96,271.25,-638.75,-323.75,1,94.236,
01/01/2000,01:12:02.00,21.23,-58.19,-992.71,175.0,-735.0,-367.50,1,94.237,
01/01/2000,01:12:02.01,21.11,-58.44,-992.71,148.75,-743.75,-358.75,1,94.237,
01/01/2000,01:12:02.02,21.23,-58.44,-992.59,70.0,-787.50,-358.75,1,94.238,
01/01/2000,01:12:02.03,21.23,-58.32,-992.84,96.25,-708.75,-358.75,1,94.238,
01/01/2000,01:12:02.04,21.11,-58.32,-992.84,288.75,-752.50,-315.0,1,94.239,
01/01/2000,01:12:02.05,21.11,-58.32,-992.71,131.25,-691.25,-315.0,1,94.240,
01/01/2000,01:12:02.06,20.98,-58.44,-992.71,78.75,-700.0,-315.0,1,94.230,
01/01/2000,01:12:02.07,20.98,-58.56,-992.96,70.0,-691.25,-315.0,1,94.231,
01/01/2000,01:12:02.08,21.11,-58.68,-993.08,227.50,-717.50,-271.25,1,94.232,
01/01/2000,01:12:02.09,21.23,-58.56,-993.08,61.25,-673.75,-367.50,1,94.232,
01/01/2000,01:12:02.11,21.11,-58.68,-992.96,210.0,-612.50,-288.75,1,94.233,
01/01/2000,01:12:02.12,20.98,-58.56,-992.84,78.75,-682.50,-306.25,1,94.233,
01/01/2000,01:12:02.13,21.11,-58.56,-992.84,218.75,-700.0,-402.50,1,94.234,
01/01/2000,01:12:02.14,21.23,-58.56,-992.96,253.75,-770.0,-271.25,1,94.225,
01/01/2000,01:12:02.15,21.11,-58.68,-992.84,218.75,-665.0,-428.75,1,94.225,
01/01/2000,01:12:02.16,20.98,-58.56,-992.71,157.50,-647.50,-323.75,1,94.226,
01/01/2000,01:12:02.17,21.11,-58.44,-992.84,175.0,-691.25,-332.50,1,94.227,
01/01/2000,01:12:02.18,21.23,-58.32,-992.96,113.75,-630.0,-376.25,1,94.227,
01/01/2000,01:12:02.19,21.35,-58.44,-993.20,262.50,-761.25,-306.25,1,94.228,
01/01/2000,01:12:02.20,21.35,-58.44,-993.08,140.0,-743.75,-262.50,1,94.228,
01/01/2000,01:12:02.21,21.35,-58.56,-992.84,227.50,-673.75,-420.0,1,94.229,
01/01/2000,01:12:02.23,21.47,-58.56,-992.71,157.50,-656.25,-201.25,1,94.230,
01/01/2000,01:12:02.23,21.47,-58.56,-992.96,227.50,-778.75,-358.75,1,94.230,
01/01/2000,01:12:02.25,21.35,-58.44,-992.96,157.50,-735.0,-253.75,1,94.231,
01/01/2000,01:12:02.26,21.23,-58.56,-992.71,148.75,-630.0,-271.25,1,94.231,
01/01/2000,01:12:02.27,21.23,-58.44,-992.59,262.50,-673.75,-367.50,1,94.232,
01/01/2000,01:12:02.28,21.35,-58.44,-992.84,157.50,-638.75,-280.0,1,94.233,
01/01/2000,01:12:02.29,21.47,-58.56,-992.84,148.75,-735.0,-262.50,1,94.233,
01/01/2000,01:12:02.30,21.47,-58.68,-992.84,201.25,-647.50,-385.0,1,94.234,
01/01/2000,01:12:02.31,21.35,-58.68,-992.84,78.75,-752.50,-411.25,1,94.234,
01/01/2000,01:12:02.32,21.35,-58.56,-992.84,210.0,-726.25,-341.25,1,94.235,
01/01/2000,01:12:02.33,21.35,-58.44,-992.96,236.25,-726.25,-280.0,1,94.236,
01/01/2000,01:12:02.34,21.47,-58.32,-992.96,43.75,-761.25,-332.50,1,94.236,
01/01/2000,01:12:02.35,21.35,-58.44,-992.84,166.25,-665.0,-315.0,1,94.237,
01/01/2000,01:12:02.36,21.35,-58.80,-992.84,253.75,-700.0,-341.25,1,94.237,
01/01/2000,01:12:02.37,21.35,-58.68,-992.96,166.25,-691.25,-420.0,1,94.238,
01/01/2000,01:12:02.38,21.35,-58.56,-993.20,140.0,-691.25,-428.75,1,94.239,
01/01/2000,01:12:02.39,21.23,-58.44,-993.20,61.25,-621.25,-271.25,1,94.239,
01/01/2000,01:12:02.40,21.23,-58.56,-993.08,192.50,-708.75,-315.0,1,94.240,
01/01/2000,01:12:02.41,21.11,-58.68,-993.08,192.50,-743.75,-393.75,1,94.231,
01/01/2000,01:12:02.42,20.98,-58.80,-992.96,157.50,-700.0,-297.50,1,94.231,
01/01/2000,01:12:02.43,21.11,-58.80,-993.08,210.0,-735.0,-385.0,1,94.232,
01/01/2000,01:12:02.44,21.23,-58.68,-992.96,96.25,-700.0,-472.50,1,94.232,
01/01/2000,01:12:02.45,21.23,-58.56,-992.84,192.50,-568.75,-315.0,1,94.233,
01/01/2000,01:12:02.46,21.23,-58.56,-992.96,175.0,-735.0,-192.50,1,94.234,
01/01/2000,01:12:02.48,21.11,-58.56,-993.08,175.0,-630.0,-288.75,1,94.234,
01/01/2000,01:12:02.49,21.23,-58.68,-993.08,96.25,-717.50,-306.25,1,94.235,
01/01/2000,01:12:02.50,21.47,-58.44,-993.08,113.75,-665.0,-288.75,1,94.235,
01/01/2000,01:12:02.51,21.23,-58.56,-992.96,236.25,-752.50,-411.25,1,94.236,
01/01/2000,01:12:02.52,21.23,-58.56,-992.84,280.0,-682.50,-402.50,1,94.237,
01/01/2000,01:12:02.53,20.98,-58.68,-992.96,218.75,-630.0,-323.75,1,94.237,
01/01/2000,01:12:02.54,21.23,-58.68,-992.96,201.25,-743.75,-402.50,1,94.238,
01/01/2000,01:12:02.55,21.35,-58.68,-992.84,52.50,-717.50,-105.0,1,94.238,
01/01/2000,01:12:02.56,20.98,-58.93,-992.84,201.25,-813.75,-463.75,1,94.229,
01/01/2000,01:12:02.57,20.98,-58.68,-992.59,271.25,-691.25,-437.50,1,94.230,
01/01/2000,01:12:02.58,21.47,-58.80,-992.59,166.25,-726.25,-341.25,1,94.230,
01/01/2000,01:12:02.59,21.72,-58.68,-992.71,-17.50,-735.0,-402.50,1,94.231,
01/01/2000,01:12:02.60,21.23,-59.05,-992.96,148.75,-700.0,-253.75,1,94.232,
01/01/2000,01:12:02.62,20.98,-58.80,-992.84,288.75,-621.25,-446.25,1,94.232,
01/01/2000,01:12:02.63,21.23,-58.56,-992.96,61.25,-796.25,-201.25,1,94.233,
01/01/2000,01:12:02.64,21.47,-58.44,-992.84,166.25,-630.0,-245.0,1,94.233,
01/01/2000,01:12:02.65,21.35,-58.68,-992.71,113.75,-551.25,-323.75,1,94.234,
01/01/2000,01:12:02.66,21.23,-58.93,-992.71,157.50,-735.0,-385.0,1,94.235,
01/01/2000,01:12:02.67,21.23,-59.05,-992.84,166.25,-691.25,-463.75,1,94.235,
01/01/2000,01:12:02.68,21.23,-58.80,-993.20,131.25,-717.50,-306.25,1,94.236,
01/01/2000,01:12:02.69,21.59,-58.56,-993.08,105.0,-691.25,-323.75,1,94.236,
01/01/2000,01:12:02.70,21.47,-58.44,-992.96,175.0,-682.50,-262.50,1,94.237,
01/01/2000,01:12:02.71,21.23,-58.56,-992.84,175.0,-752.50,-253.75,1,94.238,
01/01/2000,01:12:02.72,21.23,-58.80,-993.08,236.25,-726.25,-376.25,1,94.238,
01/01/2000,01:12:02.73,21.35,-58.80,-993.32,210.0,-700.0,-315.0,1,94.239,
01/01/2000,01:12:02.74,21.47,-58.68,-993.32,253.75,-761.25,-437.50,1,94.239,
01/01/2000,01:12:02.75,21.35,-58.56,-993.08,192.50,-682.50,-280.0,1,94.240,
01/01/2000,01:12:02.76,21.23,-58.44,-992.59,166.25,-761.25,-341.25,1,94.241,
01/01/2000,01:12:02.78,21.23,-58.80,-992.84,201.25,-743.75,-332.50,1,94.231,
01/01/2000,01:12:02.79,21.23,-58.80,-993.08,61.25,-735.0,-306.25,1,94.232,
01/01/2000,01:12:02.80,21.23,-58.93,-993.08,166.25,-726.25,-350.0,1,94.233,
01/01/2000,01:12:02.81,21.11,-58.80,-992.84,122.50,-726.25,-262.50,1,94.233,
01/01/2000,01:12:02.82,21.11,-58.56,-992.59,192.50,-691.25,-350.0,1,94.234,
01/01/2000,01:12:02.83,21.11,-58.44,-992.59,157.50,-682.50,-227.50,1,94.234,
01/01/2000,01:12:02.84,21.11,-58.56,-993.08,148.75,-875.0,-358.75,1,94.235,
01/01/2000,01:12:02.85,21.11,-58.68,-993.08,201.25,-612.50,-332.50,1,94.236,
01/01/2000,01:12:02.86,20.98,-58.56,-993.08,192.50,-673.75,-455.0,1,94.236,
01/01/2000,01:12:02.87,21.11,-58.32,-992.96,131.25,-595.0,-332.50,1,94.237,
01/01/2000,01:12:02.88,20.98,-58.32,-993.08,122.50,-743.75,-350.0,1,94.237,
01/01/2000,01:12:02.89,20.98,-58.19,-993.20,227.50,-770.0,-288.75,1,94.238,
01/01/2000,01:12:02.90,21.11,-58.32,-993.20,52.50,-735.0,-411.25,1,94.239,
01/01/2000,01:12:02.91,21.11,-58.56,-993.08,122.50,-708.75,-350.0,1,94.229,
01/01/2000,01:12:02.92,20.98,-58.44,-993.08,-35.0,-708.75,-490.0,1,94.230,
01/01/2000,01:12:02.93,20.98,-58.44,-993.20,166.25,-682.50,-350.0,1,94.231,
01/01/2000,01:12:02.94,20.98,-58.32,-993.20,218.75,-656.25,-306.25,1,94.231,
01/01/2000,01:12:02.95,20.98,-58.32,-993.45,166.25,-700.0,-288.75,1,94.232,
01/01/2000,01:12:02.96,20.98,-58.32,-993.32,236.25,-647.50,-393.75,1,94.232,
01/01/2000,01:12:02.98,20.98,-58.32,-993.08,43.75,-700.0,-262.50,1,94.233,
01/01/2000,01:12:02.99,21.11,-58.32,-992.96,122.50,-656.25,-323.75,1,94.234,
01/01/2000,01:12:03.00,21.23,-58.32,-993.08,148.75,-717.50,-297.50,1,94.234,
01/01/2000,01:12:03.01,21.11,-58.44,-993.45,201.25,-717.50,-358.75,1,94.235,
01/01/2000,01:12:03.02,20.86,-58.32,-993.81,253.75,-638.75,-367.50,1,94.235,
01/01/2000,01:12:03.03,20.86,-58.19,-994.06,113.75,-647.50,-420.0,1,94.236,
01/01/2000,01:12:03.04,21.11,-58.07,-993.32,218.75,-673.75,-350.0,1,94.237,
01/01/2000,01:12:03.05,21.47,-58.07,-992.96,148.75,-700.0,-262.50,1,94.237,
01/01/2000,01:12:03.06,21.35,-58.80,-992.96,175.0,-787.50,-402.50,1,94.238,
01/01/2000,01:12:03.07,21.11,-59.05,-993.08,105.0,-726.25,-367.50,1,94.238,
01/01/2000,01:12:03.08,21.11,-59.05,-993.20,43.75,-717.50,-455.0,1,94.239,
01/01/2000,01:12:03.09,21.23,-58.56,-993.45,105.0,-735.0,-253.75,1,94.240,
01/01/2000,01:12:03.10,21.23,-58.19,-993.32,122.50,-848.75,-280.0,1,94.240,
01/01/2000,01:12:03.11,21.23,-58.56,-993.20,122.50,-822.50,-262.50,1,94.241,
01/01/2000,01:12:03.13,21.11,-59.17,-993.45,78.75,-778.75,-393.75,1,94.232,
01/01/2000,01:12:03.14,20.98,-59.29,-993.57,131.25,-778.75,-446.25,1,94.232,
01/01/2000,01:12:03.15,20.86,-58.93,-993.57,78.75,-752.50,-393.75,1,94.233,
01/01/2000,01:12:03.16,20.98,-58.32,-993.32,78.75,-761.25,-245.0,1,94.233,
01/01/2000,01:12:03.17,20.98,-58.32,-993.32,131.25,-717.50,-323.75,1,94.234,
01/01/2000,01:12:03.18,20.98,-58.56,-993.57,140.0,-761.25,-166.25,1,94.235,
01/01/2000,01:12:03.19,21.11,-59.05,-993.81,192.50,-691.25,-341.25,1,94.225,
01/01/2000,01:12:03.20,21.11,-59.17,-993.81,157.50,-743.75,-498.75,1,94.226,
01/01/2000,01:12:03.21,21.11,-58.93,-993.57,78.75,-577.50,-411.25,1,94.227,
01/01/2000,01:12:03.22,21.23,-58.80,-993.32,192.50,-761.25,-271.25,1,94.227,
01/01/2000,01:12:03.23,20.98,-58.56,-993.32,43.75,-577.50,-306.25,1,94.228,
01/01/2000,01:12:03.24,20.98,-58.68,-993.45,166.25,-708.75,-367.50,1,94.228,
01/01/2000,01:12:03.25,20.98,-58.93,-993.57,245.0,-778.75,-323.75,1,94.229,
01/01/2000,01:12:03.26,20.98,-58.93,-993.45,183.75,-752.50,-332.50,1,94.230,
01/01/2000,01:12:03.27,21.11,-58.80,-993.20,210.0,-726.25,-420.0,1,94.230,
01/01/2000,01:12:03.28,21.11,-58.93,-993.08,113.75,-743.75,-262.50,1,94.231,
01/01/2000,01:12:03.29,21.11,-58.93,-993.08,210.0,-691.25,-288.75,1,94.231,
01/01/2000,01:12:03.30,20.98,-59.17,-993.32,131.25,-743.75,-297.50,1,94.232,
01/01/2000,01:12:03.31,20.86,-59.05,-993.81,175.0,-735.0,-323.75,1,94.233,
01/01/2000,01:12:03.32,21.11,-58.93,-993.57,105.0,-717.50,-350.0,1,94.233,
01/01/2000,01:12:03.34,20.98,-58.80,-993.32,17.50,-761.25,-393.75,1,94.234,
01/01/2000,01:12:03.35,20.98,-59.17,-993.08,175.0,-778.75,-323.75,1,94.234,
01/01/2000,01:12:03.36,20.98,-59.29,-993.32,26.25,-665.0,-271.25,1,94.235,
01/01/2000,01:12:03.37,20.98,-59.17,-993.57,131.25,-656.25,-463.75,1,94.236,
01/01/2000,01:12:03.38,20.98,-59.05,-993.57,122.50,-656.25,-385.0,1,94.236,
01/01/2000,01:12:03.39,20.86,-58.80,-993.45,43.75,-717.50,-402.50,1,94.237,
01/01/2000,01:12:03.40,20.98,-58.56,-993.45,157.50,-735.0,-393.75,1,94.228,
01/01/2000,01:12:03.41,20.98,-58.80,-993.57,175.0,-752.50,-420.0,1,94.228,
01/01/2000,01:12:03.42,20.86,-58.93,-993.81,201.25,-735.0,-332.50,1,94.229,
01/01/2000,01:12:03.43,20.74,-59.05,-993.81,183.75,-700.0,-455.0,1,94.229,
01/01/2000,01:12:03.44,20.62,-58.80,-993.69,271.25,-656.25,-315.0,1,94.230,
01/01/2000,01:12:03.45,20.62,-58.56,-993.57,245.0,-630.0,-402.50,1,94.231,
01/01/2000,01:12:03.46,20.74,-58.56,-993.57,175.0,-656.25,-385.0,1,94.231,
01/01/2000,01:12:03.48,20.74,-58.68,-993.57,113.75,-665.0,-393.75,1,94.232,
01/01/2000,01:12:03.49,20.74,-58.93,-993.57,332.50,-726.25,-376.25,1,94.232,
01/01/2000,01:12:03.50,20.74,-59.17,-993.45,201.25,-638.75,-446.25,1,94.233,
01/01/2000,01:12:03.51,20.86,-59.17,-993.32,52.50,-717.50,-280.0,1,94.234,
01/01/2000,01:12:03.52,20.86,-59.41,-993.57,280.0,-656.25,813.75,1,94.234,
01/01/2000,01:12:03.53,20.98,-59.41,-993.93,140.0,-612.50,1960.0,1,94.235,
01/01/2000,01:12:03.54,20.86,-59.66,-993.93,192.50,-647.50,-52.50,1,94.235,
01/01/2000,01:12:03.55,20.74,-59.05,-993.32,192.50,-743.75,-1435.0,1,94.236,
01/01/2000,01:12:03.56,20.86,-58.32,-992.84,288.75,-647.50,-192.50,1,94.237,
01/01/2000,01:12:03.57,21.23,-57.83,-992.96,61.25,-665.0,280.0,1,94.237,
01/01/2000,01:12:03.58,21.47,-57.95,-993.20,113.75,-822.50,-280.0,1,94.238,
01/01/2000,01:12:03.59,21.23,-58.19,-993.32,253.75,-813.75,-656.25,1,94.238,
01/01/2000,01:12:03.60,20.98,-58.80,-993.08,140.0,-612.50,-341.25,1,94.239,
01/01/2000,01:12:03.61,20.74,-58.80,-993.32,210.0,-577.50,-988.75,1,94.230,
01/01/2000,01:12:03.62,21.23,-58.32,-993.57,175.0,-682.50,-1601.25,1,94.230,
01/01/2000,01:12:03.63,21.47,-58.07,-993.45,192.50,-743.75,-1548.75,1,94.231,
01/01/2000,01:12:03.65,20.98,-58.56,-992.96,61.25,-752.50,-1583.75,1,94.232,
01/01/2000,01:12:03.66,20.86,-59.54,-993.81,227.50,-953.75,-6632.50,1,94.232,
01/01/2000,01:12:03.67,20.98,-59.66,-994.42,463.75,-883.75,-7612.50,1,94.233,
01/01/2000,01:12:03.68,21.23,-59.29,-994.18,218.75,-945.0,-6352.50,1,94.233,
01/01/2000,01:12:03.69,21.35,-58.44,-993.20,341.25,-901.25,-5853.75,1,94.234,
01/01/2000,01:12:03.70,21.11,-58.19,-992.84,148.75,-901.25,-6921.25,1,94.235,
01/01/2000,01:12:03.71,21.23,-58.32,-992.84,253.75,-901.25,-7183.75,1,94.235,
01/01/2000,01:12:03.72,21.11,-58.56,-993.08,245.0,-1023.75,-6011.25,1,94.236,
01/01/2000,01:12:03.73,21.35,-58.68,-993.08,-131.25,-673.75,-2817.50,1,94.236,
01/01/2000,01:12:03.74,21.23,-58.93,-992.84,245.0,-726.25,-183.75,1,94.237,
01/01/2000,01:12:03.75,21.11,-58.19,-992.47,-87.50,-603.75,1233.75,1,94.228,
01/01/2000,01:12:03.76,20.98,-57.95,-992.59,78.75,-647.50,1172.50,1,94.228,
01/01/2000,01:12:03.77,20.98,-57.46,-992.84,148.75,-743.75,910.0,1,94.229,
01/01/2000,01:12:03.78,20.86,-57.58,-993.20,70.0,-726.25,1286.25,1,94.230,
01/01/2000,01:12:03.79,20.86,-58.32,-993.45,113.75,-551.25,1557.50,1,94.230,
01/01/2000,01:12:03.80,20.98,-58.93,-993.32,140.0,-708.75,-227.50,1,94.231,
01/01/2000,01:12:03.81,20.98,-59.29,-993.08,262.50,-665.0,-901.25,1,94.231,
01/01/2000,01:12:03.82,20.98,-58.80,-992.84,61.25,-796.25,-122.50,1,94.232,
01/01/2000,01:12:03.83,21.23,-58.32,-992.96,166.25,-752.50,1190.0,1,94.233,
01/01/2000,01:12:03.84,21.23,-58.19,-993.20,183.75,-516.25,2091.25,1,94.233,
01/01/2000,01:12:03.85,21.35,-58.19,-993.32,17.50,-647.50,1041.25,1,94.234,
01/01/2000,01:12:03.86,21.35,-58.80,-993.20,253.75,-778.75,-315.0,1,94.234,
01/01/2000,01:12:03.87,21.23,-59.05,-993.08,61.25,-735.0,-533.75,1,94.235,
01/01/2000,01:12:03.88,21.35,-59.29,-993.08,157.50,-717.50,-122.50,1,94.236,
01/01/2000,01:12:03.90,21.47,-59.05,-993.57,131.25,-726.25,-551.25,1,94.236,
01/01/2000,01:12:03.91,21.23,-58.80,-993.81,131.25,-603.75,-682.50,1,94.237,
01/01/2000,01:12:03.92,20.86,-58.32,-993.45,148.75,-778.75,-428.75,1,94.237,
01/01/2000,01:12:03.93,20.98,-58.32,-993.45,52.50,-595.0,-341.25,1,94.238,
01/01/2000,01:12:03.94,21.11,-58.56,-993.32,245.0,-621.25,-463.75,1,94.239,
01/01/2000,01:12:03.95,21.23,-58.93,-993.32,306.25,-761.25,-1207.50,1,94.239,
01/01/2000,01:12:03.96,20.98,-59.29,-993.20,201.25,-743.75,-1575.0,1,94.230,
01/01/2000,01:12:03.97,20.86,-58.80,-993.08,210.0,-735.0,-1120.0,1,94.231,
01/01/2000,01:12:03.98,20.86,-58.32,-993.08,157.50,-708.75,-516.25,1,94.231,
01/01/2000,01:12:03.99,21.11,-57.95,-993.08,61.25,-761.25,-262.50,1,94.232,
01/01/2000,01:12:04.00,21.23,-58.07,-993.08,271.25,-682.50,-253.75,1,94.232,
01/01/2000,01:12:04.01,21.23,-58.93,-992.84,122.50,-708.75,-192.50,1,94.233,
01/01/2000,01:12:04.02,21.23,-59.29,-992.96,87.50,-717.50,-630.0,1,94.234,
01/01/2000,01:12:04.04,20.98,-59.17,-992.96,148.75,-717.50,-1181.25,1,94.234,
01/01/2000,01:12:04.05,20.98,-58.68,-992.96,131.25,-708.75,-752.50,1,94.235,
01/01/2000,01:12:04.06,20.86,-58.07,-992.96,87.50,-700.0,315.0,1,94.235,
01/01/2000,01:12:04.07,20.98,-57.83,-992.96,201.25,-568.75,402.50,1,94.236,
01/01/2000,01:12:04.08,20.98,-58.32,-992.96,131.25,-761.25,-612.50,1,94.237,
01/01/2000,01:12:04.09,20.98,-59.05,-993.08,271.25,-770.0,-621.25,1,94.237,
01/01/2000,01:12:04.10,20.86,-59.54,-993.32,175.0,-647.50,621.25,1,94.238,
01/01/2000,01:12:04.11,20.86,-59.05,-993.32,253.75,-577.50,945.0,1,94.238,
01/01/2000,01:12:04.12,20.98,-58.19,-993.08,70.0,-560.0,1023.75,1,94.239,
01/01/2000,01:12:04.13,20.86,-57.46,-992.96,78.75,-700.0,673.75,1,94.239,
01/01/2000,01:12:04.14,20.62,-57.34,-992.96,192.50,-665.0,-673.75,1,94.240,
01/01/2000,01:12:04.16,20.62,-58.07,-992.96,183.75,-665.0,-2213.75,1,94.231,
01/01/2000,01:12:04.17,20.74,-58.68,-992.59,70.0,-665.0,-761.25,1,94.232,
01/01/2000,01:12:04.18,21.23,-58.68,-992.23,-43.75,-700.0,-183.75,1,94.232,
01/01/2000,01:12:04.19,21.11,-58.56,-992.35,227.50,-761.25,-743.75,1,94.233,
01/01/2000,01:12:04.20,20.98,-58.07,-992.84,61.25,-892.50,-481.25,1,94.233,
01/01/2000,01:12:04.21,20.62,-58.19,-993.32,192.50,-612.50,350.0,1,94.234,
01/01/2000,01:12:04.22,20.50,-58.32,-993.81,78.75,-761.25,-227.50,1,94.235,
01/01/2000,01:12:04.23,20.98,-58.56,-993.57,122.50,-735.0,-498.75,1,94.235,
01/01/2000,01:12:04.24,21.23,-58.93,-992.96,105.0,-743.75,-105.0,1,94.236,
01/01/2000,01:12:04.25,21.23,-59.05,-992.59,52.50,-813.75,-665.0,1,94.236,
01/01/2000,01:12:04.26,20.98,-59.17,-992.84,192.50,-700.0,-1872.50,1,94.237,
01/01/2000,01:12:04.27,20.74,-58.93,-992.96,157.50,-682.50,-805.0,1,94.237,
01/01/2000,01:12:04.28,20.62,-58.32,-993.08,148.75,-682.50,-551.25,1,94.238,
01/01/2000,01:12:04.29,20.86,-57.71,-992.84,192.50,-866.25,-2441.25,1,94.239,
01/01/2000,01:12:04.30,21.11,-57.58,-992.59,157.50,-761.25,-3508.75,1,94.239,
01/01/2000,01:12:04.31,20.74,-57.95,-992.47,262.50,-875.0,-6072.50,1,94.230,
01/01/2000,01:12:04.32,20.86,-58.19,-992.59,96.25,-297.50,-8750.0,1,94.231,
01/01/2000,01:12:04.33,21.11,-58.56,-993.32,385.0,-857.50,-9511.25,1,94.231,
01/01/2000,01:12:04.34,21.35,-59.05,-993.81,-8.75,-752.50,-8128.75,1,94.232,
01/01/2000,01:12:04.35,21.23,-59.41,-993.57,210.0,-840.0,-5328.75,1,94.233,
01/01/2000,01:12:04.36,21.11,-59.29,-993.08,218.75,-551.25,-2896.25,1,94.233,
01/01/2000,01:12:04.37,20.98,-59.05,-992.71,166.25,-568.75,-1163.75,1,94.234,
01/01/2000,01:12:04.39,21.23,-58.56,-992.59,122.50,-498.75,-437.50,1,94.234,
01/01/2000,01:12:04.40,21.23,-58.19,-992.10,78.75,-551.25,140.0,1,94.235,
01/01/2000,01:12:04.41,21.23,-57.34,-991.49,-26.25,-525.0,1365.0,1,94.236,
01/01/2000,01:12:04.42,21.23,-56.85,-991.37,113.75,-787.50,1198.75,1,94.236,
01/01/2000,01:12:04.43,20.98,-57.10,-991.86,140.0,-805.0,-17.50,1,94.237,
01/01/2000,01:12:04.44,20.74,-57.58,-992.47,192.50,-778.75,-1111.25,1,94.237,
01/01/2000,01:12:04.45,20.62,-58.19,-992.84,376.25,-708.75,761.25,1,94.238,
01/01/2000,01:12:04.46,21.23,-58.56,-993.32,227.50,-595.0,2502.50,1,94.238,
01/01/2000,01:12:04.47,21.96,-58.68,-993.45,280.0,-525.0,2275.0,1,94.239,
01/01/2000,01:12:04.48,21.84,-59.05,-993.32,280.0,-568.75,253.75,1,94.240,
01/01/2000,01:12:04.49,21.23,-59.41,-992.84,157.50,-542.50,-1863.75,1,94.231,
01/01/2000,01:12:04.50,20.98,-59.54,-992.71,280.0,-525.0,-3535.0,1,94.241,
01/01/2000,01:12:04.51,20.98,-59.29,-993.08,218.75,-665.0,-3771.25,1,94.232,
01/01/2000,01:12:04.53,21.72,-58.80,-992.96,262.50,-560.0,-4331.25,1,94.232,
01/01/2000,01:12:04.54,21.59,-58.32,-992.35,87.50,-656.25,-3797.50,1,94.233,
01/01/2000,01:12:04.55,21.23,-57.95,-991.86,113.75,-603.75,-3115.0,1,94.234,
01/01/2000,01:12:04.56,20.98,-57.83,-992.10,175.0,-630.0,-2546.25,1,94.234,
01/01/2000,01:12:04.57,20.98,-57.83,-992.59,122.50,-533.75,-892.50,1,94.235,
01/01/2000,01:12:04.58,21.35,-57.71,-993.08,175.0,-603.75,463.75,1,94.235,
01/01/2000,01:12:04.59,21.35,-57.95,-992.59,122.50,-603.75,1688.75,1,94.236,
01/01/2000,01:12:04.60,21.23,-58.19,-991.86,-8.75,-498.75,1802.50,1,94.236,
01/01/2000,01:12:04.61,21.23,-58.07,-991.86,210.0,-595.0,3832.50,1,94.237,
01/01/2000,01:12:04.62,21.35,-57.58,-992.10,-96.25,-306.25,9668.75,1,94.238,
01/01/2000,01:12:04.63,21.35,-57.34,-992.59,-131.25,-350.0,11760.0,1,94.238,
01/01/2000,01:12:04.64,21.23,-57.58,-993.08,122.50,-271.25,11068.75,1,94.239,
01/01/2000,01:12:04.65,21.11,-58.19,-993.08,96.25,-262.50,8706.25,1,94.239,
01/01/2000,01:12:04.67,21.47,-59.66,-992.47,210.0,-603.75,3885.0,1,94.230,
01/01/2000,01:12:04.68,21.72,-60.02,-992.35,350.0,-962.50,498.75,1,94.231,
01/01/2000,01:12:04.69,21.72,-60.02,-992.47,385.0,-945.0,323.75,1,94.232,
01/01/2000,01:12:04.70,21.47,-59.29,-992.71,183.75,-875.0,1216.25,1,94.232,
01/01/2000,01:12:04.71,21.11,-58.80,-993.08,323.75,-682.50,1277.50,1,94.233,
01/01/2000,01:12:04.72,20.98,-57.58,-992.71,183.75,-621.25,-271.25,1,94.233,
01/01/2000,01:12:04.73,21.11,-56.85,-991.62,8.75,-857.50,-1522.50,1,94.234,
01/01/2000,01:12:04.74,21.47,-57.10,-991.37,35.0,-927.50,-1321.25,1,94.235,
01/01/2000,01:12:04.75,21.72,-57.71,-992.47,280.0,-910.0,-997.50,1,94.235,
01/01/2000,01:12:04.76,21.47,-58.32,-993.69,253.75,-822.50,17.50,1,94.236,
01/01/2000,01:12:04.77,21.23,-58.80,-993.69,175.0,-665.0,70.0,1,94.236,
01/01/2000,01:12:04.78,20.98,-58.93,-992.84,350.0,-638.75,113.75,1,94.237,
01/01/2000,01:12:04.79,21.23,-58.93,-992.23,420.0,-761.25,-490.0,1,94.237,
01/01/2000,01:12:04.80,21.59,-59.05,-992.35,306.25,-665.0,-166.25,1,94.238,
01/01/2000,01:12:04.81,21.47,-59.05,-992.84,245.0,-700.0,586.25,1,94.229,
01/01/2000,01:12:04.82,21.23,-58.44,-992.47,61.25,-595.0,647.50,1,94.230,
01/01/2000,01:12:04.83,20.98,-57.83,-991.98,52.50,-490.0,-2012.50,1,94.230,
01/01/2000,01:12:04.84,20.86,-57.95,-992.35,280.0,-516.25,-3115.0,1,94.231,
01/01/2000,01:12:04.85,21.11,-58.56,-992.96,96.25,-463.75,-1872.50,1,94.231,
01/01/2000,01:12:04.86,21.59,-58.80,-993.20,157.50,-542.50,-2117.50,1,94.232,
01/01/2000,01:12:04.87,21.84,-58.56,-993.45,175.0,-831.25,-2310.0,1,94.233,
01/01/2000,01:12:04.89,21.47,-58.93,-993.69,516.25,-1522.50,-13273.75,1,94.233,
01/01/2000,01:12:04.90,20.74,-60.88,-992.71,735.0,-1513.75,-30222.50,1,94.234,
01/01/2000,01:12:04.91,20.98,-62.71,-991.13,586.25,-1750.0,-35192.50,1,94.234,
01/01/2000,01:12:04.92,22.20,-62.22,-991.01,332.50,-1898.75,-35253.75,1,94.235,
01/01/2000,01:12:04.93,23.18,-61.49,-991.49,376.25,-1758.75,-29461.25,1,94.235,
01/01/2000,01:12:04.94,22.81,-61.12,-992.10,533.75,-945.0,-7358.75,1,94.236,
01/01/2000,01:12:04.95,20.98,-60.51,-992.84,96.25,428.75,24298.75,1,94.237,
01/01/2000,01:12:04.96,20.13,-59.29,-993.32,-201.25,455.0,29907.50,1,94.237,
01/01/2000,01:12:04.97,20.50,-58.44,-992.84,-35.0,568.75,27037.50,1,94.238,
01/01/2000,01:12:04.98,21.11,-56.97,-992.59,-43.75,262.50,21210.0,1,94.238,
01/01/2000,01:12:04.99,21.84,-55.75,-992.59,-61.25,-122.50,12958.75,1,94.239,
01/01/2000,01:12:05.00,22.08,-56.12,-992.84,183.75,-665.0,3508.75,1,94.240,
01/01/2000,01:12:05.01,21.47,-58.44,-992.10,0.0,-306.25,10290.0,1,94.240,
01/01/2000,01:12:05.02,21.11,-59.54,-991.98,-280.0,525.0,33950.0,1,94.231,
01/01/2000,01:12:05.04,21.23,-59.41,-992.47,-577.50,1067.50,49131.25,1,94.232,
01/01/2000,01:12:05.04,21.11,-58.93,-993.08,-691.25,1251.25,58563.75,1,94.232,
01/01/2000,01:12:05.06,20.25,-57.22,-993.08,-953.75,1592.50,61801.25,1,94.233,
01/01/2000,01:12:05.07,20.01,-54.90,-992.35,-525.0,1522.50,58922.50,1,94.234,
01/01/2000,01:12:05.08,20.50,-52.70,-992.84,-533.75,1408.75,54381.25,1,94.234,
01/01/2000,01:12:05.09,21.72,-53.44,-993.32,-551.25,988.75,53348.75,1,94.235,
01/01/2000,01:12:05.10,21.72,-56.12,-993.69,-262.50,1111.25,50802.50,1,94.235,
01/01/2000,01:12:05.11,20.98,-59.29,-993.32,-420.0,910.0,47136.25,1,94.236,
01/01/2000,01:12:05.12,20.50,-61.73,-992.10,-122.50,1058.75,45036.25,1,94.236,
01/01/2000,01:12:05.13,20.98,-62.34,-992.84,61.25,1006.25,48098.75,1,94.237,
01/01/2000,01:12:05.14,21.47,-61.73,-994.18,-437.50,1233.75,54941.25,1,94.238,
01/01/2000,01:12:05.15,21.35,-61.24,-994.42,-533.75,1347.50,58082.50,1,94.238,
01/01/2000,01:12:05.16,20.37,-60.51,-992.35,-253.75,822.50,43723.75,1,94.229,
