timestamp,X,Y,Z,R
0.012919,249.986788,0.300682,99.974739,1.008246
0.020003,249.986788,0.300682,99.974739,1.008246
0.030814,249.986788,0.300682,99.974739,1.008246
0.063303,249.986788,0.300682,99.974739,1.008246
0.076323,249.986788,0.300682,99.974739,1.008246
0.083837,249.986788,0.300682,99.974739,1.008246
0.100787,249.986788,0.300682,99.974739,1.008246
0.124869,249.986758,0.300571,99.974747,1.007874
0.128076,249.986866,0.299247,99.974854,1.003437
0.148074,249.987024,0.29487,99.97522,0.98876
0.167943,249.988042,0.272073,99.977142,0.912316
0.178844,249.988746,0.255684,99.978516,0.85736
0.195537,249.989526,0.238397,99.97998,0.799392
0.197599,249.990024,0.227275,99.980896,0.762097
0.211645,249.99043,0.217105,99.98175,0.727995
0.218484,249.99099,0.204815,99.982788,0.686785
0.228615,249.991269,0.198942,99.983284,0.667092
0.245127,249.991673,0.189077,99.984116,0.634012
0.253911,249.991984,0.182547,99.984673,0.612117
0.261864,249.992356,0.173423,99.98542,0.581524
0.269728,249.992929,0.16165,99.986427,0.542043
0.278121,249.993487,0.147869,99.987572,0.495833
0.286195,249.994151,0.132815,99.988831,0.445354
0.294418,249.994815,0.117221,99.990143,0.393065
0.311705,249.996155,0.087341,99.992661,0.292872
0.318435,249.996724,0.074513,99.993744,0.249857
0.326519,249.99723,0.064029,99.994629,0.214703
0.334177,249.997522,0.05634,99.99527,0.188919
0.342968,249.997782,0.051059,99.995712,0.171211
0.350556,249.99792,0.047222,99.996033,0.158344
0.35996,249.998058,0.043855,99.9963,0.147056
0.371495,249.998319,0.038099,99.996796,0.127752
0.391314,249.998854,0.025729,99.997833,0.086275
0.398841,249.999084,0.020462,99.998291,0.068614
0.410952,249.999435,0.012992,99.998901,0.043564
0.416994,249.999634,0.008658,99.999275,0.029031
0.428699,249.999863,0.003741,99.999695,0.012545
0.437764,249.999924,0.00176,99.999847,0.005902
0.445862,249.999969,0.000641,99.999939,0.002151
0.453605,249.999969,0.000139,99.999985,0.000465
0.462756,249.999969,0.0,100.0,0.0
0.4694,249.999969,0.0,100.0,0.0
0.47819,249.999969,0.0,100.0,0.0
0.486235,249.999969,0.0,100.0,0.0
0.495053,249.999969,0.0,100.0,0.0
0.503259,249.999969,0.0,100.0,0.0
0.511371,249.999969,0.0,100.0,0.0
0.517833,249.999969,0.0,100.0,0.0
0.527598,249.999969,0.0,100.0,0.0
0.534146,249.999969,0.0,100.0,0.0
0.544052,249.999969,0.0,100.0,0.0
0.550873,249.999969,0.0,100.0,0.0
0.560763,249.999969,0.0,100.0,0.0
0.565733,249.999969,0.0,100.0,0.0
0.5798,249.999969,0.0,100.0,0.0
0.586197,249.999969,0.0,100.0,0.0
0.59615,249.999969,0.0,100.0,0.0
0.602062,249.999969,0.0,100.0,0.0
0.611878,249.999969,0.0,100.0,0.0
0.617597,249.999969,0.0,100.0,0.0
0.627102,249.999969,0.0,100.0,0.0
0.631627,249.999969,0.0,100.0,0.0
0.643713,249.999969,0.0,100.0,0.0
0.646066,249.999969,0.0,100.0,0.0
0.658199,249.999969,0.0,100.0,0.0
0.667264,249.999969,0.0,100.0,0.0
0.667264,249.999969,0.0,100.0,0.0
0.683838,249.999969,0.0,100.0,0.0
0.691012,249.999969,0.0,100.0,0.0
0.694449,249.999969,0.0,100.0,0.0
0.705327,249.999969,0.0,100.0,0.0
0.714982,249.999969,0.0,100.0,0.0
0.722045,249.999969,0.0,100.0,0.0
0.73185,249.999969,0.0,100.0,0.0
0.739832,249.999969,0.0,100.0,0.0
0.745646,249.999969,0.0,100.0,0.0
0.753517,249.999969,0.0,100.0,0.0
0.761853,249.999969,0.0,100.0,0.0
0.769232,249.999969,0.0,100.0,0.0
0.778088,249.999969,0.0,100.0,0.0
0.786808,249.999969,0.0,100.0,0.0
0.795659,249.999969,0.0,100.0,0.0
0.800706,249.999969,0.0,100.0,0.0
0.811023,249.999969,0.0,100.0,0.0
0.816506,249.999969,0.0,100.0,0.0
0.827484,249.999969,0.0,100.0,0.0
0.832161,249.999969,0.0,100.0,0.0
0.843231,249.999969,0.0,100.0,0.0
0.851065,249.999969,0.0,100.0,0.0
0.858463,249.999969,0.0,100.0,0.0
0.866778,249.999969,0.0,100.0,0.0
0.874027,249.999969,0.0,100.0,0.0
0.8837,249.999969,0.0,100.0,0.0
0.889869,249.999969,0.0,100.0,0.0
0.897738,249.999969,0.0,100.0,0.0
0.907324,249.999969,0.0,100.0,0.0
0.913568,249.999969,0.0,100.0,0.0
0.921898,249.999969,0.0,100.0,0.0
0.929274,249.999969,0.0,100.0,0.0
0.93798,249.999969,0.0,100.0,0.0
0.945171,249.999969,0.0,100.0,0.0
0.953987,249.999969,0.0,100.0,0.0
0.967771,249.999969,0.0,100.0,0.0
0.967771,249.999969,0.0,100.0,0.0
0.983738,249.999969,0.0,100.0,0.0
0.990992,249.999969,0.0,100.0,0.0
0.998559,249.999969,0.0,100.0,0.0
1.005753,249.999969,0.0,100.0,0.0
1.014329,249.999969,0.0,100.0,0.0
1.027695,249.999969,0.0,100.0,0.0
1.033893,249.999969,0.0,100.0,0.0
1.043753,249.999969,0.0,100.0,0.0
1.048447,249.999969,0.0,100.0,0.0
1.059289,249.999969,0.0,100.0,0.0
1.064191,249.999969,0.0,100.0,0.0
1.074225,249.999969,0.0,100.0,0.0
1.077765,249.999969,0.0,100.0,0.0
1.091451,249.999969,0.0,100.0,0.0
1.098399,249.999969,0.0,100.0,0.0
1.10585,249.999969,0.0,100.0,0.0
1.115233,249.999969,0.0,100.0,0.0
1.121066,249.999969,0.0,100.0,0.0
1.138246,249.999969,0.0,100.0,0.0
1.144126,249.999969,0.0,100.0,0.0
1.157186,249.999969,0.0,100.0,0.0
1.168744,249.999969,0.0,100.0,0.0
1.179845,249.999969,0.0,100.0,0.0
1.187731,249.999969,0.0,100.0,0.0
1.195061,249.999969,0.0,100.0,0.0
1.204474,249.999969,0.0,100.0,0.0
1.215704,249.999969,0.0,100.0,0.0
1.227874,249.999969,0.0,100.0,0.0
1.234876,249.999969,0.0,100.0,0.0
1.243134,249.999969,0.0,100.0,0.0
1.251077,249.999969,0.0,100.0,0.0
1.259167,249.999969,0.0,100.0,0.0
1.264126,249.999969,0.0,100.0,0.0
1.279689,249.999969,0.0,100.0,0.0
1.284857,249.999969,0.0,100.0,0.0
1.295688,249.999969,0.0,100.0,0.0
1.301621,249.999969,0.0,100.0,0.0
1.311907,249.999969,0.0,100.0,0.0
1.311907,249.999969,0.0,100.0,0.0
1.326926,249.999969,0.0,100.0,0.0
1.328849,249.999969,0.0,100.0,0.0
1.34427,249.999969,0.0,100.0,0.0
1.350809,249.999969,0.0,100.0,0.0
1.359271,249.999969,0.0,100.0,0.0
1.369928,249.999969,0.0,100.0,0.0
1.37946,249.999969,0.0,100.0,0.0
1.391765,249.999969,0.0,100.0,0.0
1.398542,249.999969,0.0,100.0,0.0
1.405781,249.999969,0.0,100.0,0.0
1.414912,249.999969,0.0,100.0,0.0
1.423037,249.999969,0.0,100.0,0.0
1.430541,249.999969,0.0,100.0,0.0
1.438015,249.999969,0.0,100.0,0.0
1.447287,249.999969,0.0,100.0,0.0
1.454077,249.999969,0.0,100.0,0.0
1.462753,249.999969,0.0,100.0,0.0
1.475905,249.999969,0.0,100.0,0.0
1.483079,249.999969,0.0,100.0,0.0
1.493064,249.999969,0.0,100.0,0.0
1.501376,249.999969,0.0,100.0,0.0
1.511739,249.999969,0.0,100.0,0.0
1.516532,249.999969,0.0,100.0,0.0
1.527516,249.999969,0.0,100.0,0.0
1.531847,249.999969,0.0,100.0,0.0
1.544235,249.999969,0.0,100.0,0.0
1.547293,249.999969,0.0,100.0,0.0
1.559728,249.999969,0.0,100.0,0.0
1.566896,249.999969,0.0,100.0,0.0
1.578283,249.999969,0.0,100.0,0.0
1.587883,249.999969,0.0,100.0,0.0
1.594532,249.999969,0.0,100.0,0.0
1.601345,249.999969,0.0,100.0,0.0
1.611803,249.999969,0.0,100.0,0.0
1.618417,249.999969,0.0,100.0,0.0
1.627994,249.999969,0.0,100.0,0.0
1.63444,249.999969,0.0,100.0,0.0
1.643285,249.999969,0.0,100.0,0.0
1.651093,249.999969,0.0,100.0,0.0
1.657826,249.999969,0.0,100.0,0.0
1.667518,249.999969,0.0,100.0,0.0
1.673672,249.999969,0.0,100.0,0.0
1.679369,249.999969,0.0,100.0,0.0
1.690965,249.999969,0.0,100.0,0.0
1.698709,249.999969,0.0,100.0,0.0
1.706228,249.999969,0.0,100.0,0.0
1.714755,249.999969,0.0,100.0,0.0
1.724146,249.999969,0.0,100.0,0.0
1.728332,249.999969,0.0,100.0,0.0
1.73764,249.999969,0.0,100.0,0.0
1.747121,249.999969,0.0,100.0,0.0
1.752915,249.999969,0.0,100.0,0.0
1.761959,249.999969,0.0,100.0,0.0
1.769309,249.999969,0.0,100.0,0.0
1.77868,249.999969,0.0,100.0,0.0
1.787562,249.999969,0.0,100.0,0.0
1.795814,249.999969,0.0,100.0,0.0
1.800861,249.999969,0.0,100.0,0.0
1.812132,249.999969,0.0,100.0,0.0
1.817134,249.999969,0.0,100.0,0.0
1.827991,249.999969,0.0,100.0,0.0
1.827991,249.999969,0.0,100.0,0.0
1.844949,249.999969,0.0,100.0,0.0
1.851305,249.999969,0.0,100.0,0.0
1.86355,249.999969,0.0,100.0,0.0
1.870057,249.999969,0.0,100.0,0.0
1.877904,249.999969,0.0,100.0,0.0
1.886227,249.999969,0.0,100.0,0.0
1.896144,249.999969,0.0,100.0,0.0
1.900326,249.999969,0.0,100.0,0.0
1.910771,249.999969,0.0,100.0,0.0
1.916387,249.999969,0.0,100.0,0.0
1.928645,249.999969,0.0,100.0,0.0
1.938592,249.999969,0.0,100.0,0.0
1.947524,249.999969,0.0,100.0,0.0
1.951661,249.999969,0.0,100.0,0.0
1.963928,249.999969,0.0,100.0,0.0
1.968997,249.999969,0.0,100.0,0.0
1.978216,249.999969,0.0,100.0,0.0
1.987828,249.999969,0.0,100.0,0.0
1.99575,249.999969,0.0,100.0,0.0
2.00218,249.999969,0.0,100.0,0.0
2.011179,249.999969,0.0,100.0,0.0
2.01701,249.999969,0.0,100.0,0.0
2.027633,249.999969,0.0,100.0,0.0
2.028589,249.999969,0.0,100.0,0.0
2.044315,249.999969,0.0,100.0,0.0
2.051071,249.999969,0.0,100.0,0.0
2.062991,249.999969,0.0,100.0,0.0
2.069772,249.999969,0.0,100.0,0.0
2.078157,249.999969,0.0,100.0,0.0
2.085839,249.999969,0.0,100.0,0.0
2.09555,249.999969,0.0,100.0,0.0
2.100702,249.999969,0.0,100.0,0.0
2.111819,249.999969,0.0,100.0,0.0
2.117701,249.999969,0.0,100.0,0.0
2.128056,249.999969,0.0,100.0,0.0
2.135817,249.999969,0.0,100.0,0.0
2.143471,249.999969,0.0,100.0,0.0
2.150886,249.999969,0.0,100.0,0.0
2.159987,249.999969,0.0,100.0,0.0
2.172602,249.999969,0.0,100.0,0.0
2.178429,249.999969,0.0,100.0,0.0
2.196116,249.999969,0.0,100.0,0.0
2.201313,249.999969,0.0,100.0,0.0
2.211658,249.999969,0.0,100.0,0.0
2.217459,249.999969,0.0,100.0,0.0
2.227813,249.999969,0.0,100.0,0.0
2.23253,249.999969,0.0,100.0,0.0
2.243659,249.999969,0.0,100.0,0.0
2.251821,249.999969,0.0,100.0,0.0
2.257773,249.999969,0.0,100.0,0.0
2.267038,249.999969,0.0,100.0,0.0
2.273793,249.999969,0.0,100.0,0.0
2.282977,249.999969,0.0,100.0,0.0
2.291384,249.999969,0.0,100.0,0.0
2.298374,249.999969,0.0,100.0,0.0
2.305444,249.999969,0.0,100.0,0.0
2.315825,249.999969,0.0,100.0,0.0
2.322443,249.999969,0.0,100.0,0.0
2.330541,249.999969,0.0,100.0,0.0
2.330541,249.999969,0.0,100.0,0.0
2.347068,249.999969,0.0,100.0,0.0
2.35407,249.999969,0.0,100.0,0.0
2.362619,249.999969,0.0,100.0,0.0
2.369686,249.999969,0.0,100.0,0.0
2.377957,249.999969,0.0,100.0,0.0
2.385619,249.999969,0.0,100.0,0.0
2.396131,249.999969,0.0,100.0,0.0
2.403741,249.999969,0.0,100.0,0.0
2.411365,249.999969,0.0,100.0,0.0
2.416501,249.999969,0.0,100.0,0.0
2.427427,249.999969,0.0,100.0,0.0
2.432115,249.999969,0.0,100.0,0.0
2.443209,249.999969,0.0,100.0,0.0
2.444217,249.999969,0.0,100.0,0.0
2.459667,249.999969,0.0,100.0,0.0
2.463419,249.999969,0.0,100.0,0.0
2.473729,249.999969,0.0,100.0,0.0
2.483782,249.999969,0.0,100.0,0.0
2.489531,249.999969,0.0,100.0,0.0
2.498416,249.999969,0.0,100.0,0.0
2.505835,249.999969,0.0,100.0,0.0
2.514905,249.999969,0.0,100.0,0.0
2.522079,249.999969,0.0,100.0,0.0
2.530469,249.999969,0.0,100.0,0.0
2.537964,249.999969,0.0,100.0,0.0
2.546288,249.999969,0.0,100.0,0.0
2.552986,249.999969,0.0,100.0,0.0
2.561907,249.999969,0.0,100.0,0.0
2.571643,249.999969,0.0,100.0,0.0
2.578348,249.999969,0.0,100.0,0.0
2.585621,249.999969,0.0,100.0,0.0
2.595337,249.999969,0.0,100.0,0.0
2.602221,249.999969,0.0,100.0,0.0
2.611298,249.999969,0.0,100.0,0.0
2.618043,249.999969,0.0,100.0,0.0
2.628303,249.999969,0.0,100.0,0.0
2.638706,249.999969,0.0,100.0,0.0
2.647542,249.999969,0.0,100.0,0.0
2.653645,249.999969,0.0,100.0,0.0
2.661252,249.999969,0.0,100.0,0.0
2.678374,249.999969,0.0,100.0,0.0
2.687792,249.999969,0.0,100.0,0.0
2.695287,249.999969,0.0,100.0,0.0
2.701828,249.999969,0.0,100.0,0.0
2.71116,249.999969,0.0,100.0,0.0
2.717855,249.999969,0.0,100.0,0.0
2.728535,249.999969,0.0,100.0,0.0
2.733582,249.999969,0.0,100.0,0.0
2.743447,249.999969,0.0,100.0,0.0
2.751734,249.999969,0.0,100.0,0.0
2.760061,249.999969,0.0,100.0,0.0
2.771939,249.999969,0.0,100.0,0.0
2.784205,249.999969,0.0,100.0,0.0
2.785403,249.999969,0.0,100.0,0.0
2.801801,249.999969,0.0,100.0,0.0
2.812021,249.999969,0.0,100.0,0.0
2.817636,249.999969,0.0,100.0,0.0
2.828419,249.999969,0.0,100.0,0.0
2.834319,249.999969,0.0,100.0,0.0
2.84325,249.999969,0.0,100.0,0.0
2.849829,249.999969,0.0,100.0,0.0
2.859958,249.999969,0.0,100.0,0.0
2.86683,249.999969,0.0,100.0,0.0
2.86683,249.999969,0.0,100.0,0.0
2.883595,249.999969,0.0,100.0,0.0
2.890014,249.999969,0.0,100.0,0.0
2.898762,249.999969,0.0,100.0,0.0
2.9063,249.999969,0.0,100.0,0.0
2.913555,249.999969,0.0,100.0,0.0
2.921267,249.999969,0.0,100.0,0.0
2.930412,249.999969,0.0,100.0,0.0
2.938033,249.999969,0.0,100.0,0.0
2.947346,249.999969,0.0,100.0,0.0
2.953305,249.999969,0.0,100.0,0.0
2.961714,249.999969,0.0,100.0,0.0
2.974581,249.999969,0.0,100.0,0.0
2.987719,249.999969,0.0,100.0,0.0
2.994885,249.999969,0.0,100.0,0.0
3.00267,249.999969,0.0,100.0,0.0
3.01164,249.999969,0.0,100.0,0.0
3.018064,249.999969,0.0,100.0,0.0
3.028335,249.999969,0.0,100.0,0.0
3.034556,249.999969,0.0,100.0,0.0
3.059898,249.999969,0.0,100.0,0.0
3.065387,249.999969,0.0,100.0,0.0
3.07483,249.999969,0.0,100.0,0.0
3.08375,249.999969,0.0,100.0,0.0
3.08375,249.999969,0.0,100.0,0.0
3.099642,249.999969,0.0,100.0,0.0
3.107474,249.999969,0.0,100.0,0.0
3.114723,249.999969,0.0,100.0,0.0
3.121977,249.999969,0.0,100.0,0.0
3.129486,249.999969,0.0,100.0,0.0
3.144314,249.999969,0.0,100.0,0.0
3.15189,249.999969,0.0,100.0,0.0
3.159914,249.999969,0.0,100.0,0.0
3.17122,249.999969,0.0,100.0,0.0
3.179811,249.999969,0.0,100.0,0.0
3.184956,249.999969,0.0,100.0,0.0
3.199485,249.999969,0.0,100.0,0.0
3.206771,249.999969,0.0,100.0,0.0
3.214605,249.999969,0.0,100.0,0.0
3.221813,249.999969,0.0,100.0,0.0
3.235989,249.999969,0.0,100.0,0.0
3.243243,249.999969,0.0,100.0,0.0
3.248387,249.999969,0.0,100.0,0.0
3.259889,249.999969,0.0,100.0,0.0
3.264246,249.999969,0.0,100.0,0.0
3.276499,249.999969,0.0,100.0,0.0
3.277897,249.999969,0.0,100.0,0.0
3.291287,249.999969,0.0,100.0,0.0
3.29979,249.999969,0.0,100.0,0.0
3.29979,249.999969,0.0,100.0,0.0
3.316,249.999969,0.0,100.0,0.0
3.323482,249.999969,0.0,100.0,0.0
3.331671,249.999969,0.0,100.0,0.0
3.338043,249.999969,0.0,100.0,0.0
3.346018,249.999969,0.0,100.0,0.0
3.353405,249.999969,0.0,100.0,0.0
3.363804,249.999969,0.0,100.0,0.0
3.36983,249.999969,0.0,100.0,0.0
3.377829,249.999969,0.0,100.0,0.0
3.38621,249.999969,0.0,100.0,0.0
3.396265,249.999969,0.0,100.0,0.0
3.4014,249.999969,0.0,100.0,0.0
3.41228,249.999969,0.0,100.0,0.0
3.417628,249.999969,0.0,100.0,0.0
3.427872,249.999969,0.0,100.0,0.0
3.43505,249.999969,0.0,100.0,0.0
3.44671,249.999969,0.0,100.0,0.0
3.459684,249.999969,0.0,100.0,0.0
3.46424,249.999969,0.0,100.0,0.0
3.474274,249.999969,0.0,100.0,0.0
3.483383,249.999969,0.0,100.0,0.0
3.489336,249.999969,0.0,100.0,0.0
3.498167,249.999969,0.0,100.0,0.0
3.507733,249.999969,0.0,100.0,0.0
3.515551,249.999969,0.0,100.0,0.0
3.521612,249.999969,0.0,100.0,0.0
3.529356,249.999969,0.0,100.0,0.0
3.53803,249.999969,0.0,100.0,0.0
3.546373,249.999969,0.0,100.0,0.0
3.560088,249.999969,0.0,100.0,0.0
3.569288,249.999969,0.0,100.0,0.0
3.57935,249.999969,0.0,100.0,0.0
3.587609,249.999969,0.0,100.0,0.0
3.595811,249.999969,0.0,100.0,0.0
3.600987,249.999969,0.0,100.0,0.0
3.611906,249.999969,0.0,100.0,0.0
3.618205,249.999969,0.0,100.0,0.0
3.628401,249.999969,0.0,100.0,0.0
3.635638,249.999969,0.0,100.0,0.0
3.643327,249.999969,0.0,100.0,0.0
3.650529,249.999969,0.0,100.0,0.0
3.650529,249.999969,0.0,100.0,0.0
3.667382,249.999969,0.0,100.0,0.0
3.674146,249.999969,0.0,100.0,0.0
3.678346,249.999969,0.0,100.0,0.0
3.691058,249.999969,0.0,100.0,0.0
3.698918,249.999969,0.0,100.0,0.0
3.705905,249.999969,0.0,100.0,0.0
3.714456,249.999969,0.0,100.0,0.0
3.723185,249.999969,0.0,100.0,0.0
3.72959,249.999969,0.0,100.0,0.0
3.743336,249.999969,0.0,100.0,0.0
3.751646,249.999969,0.0,100.0,0.0
3.76012,249.999969,0.0,100.0,0.0
3.772592,249.999969,0.0,100.0,0.0
3.784012,249.999969,0.0,100.0,0.0
3.786094,249.999969,0.0,100.0,0.0
3.799818,249.999969,0.0,100.0,0.0
3.811175,249.999969,0.0,100.0,0.0
3.818068,249.999969,0.0,100.0,0.0
3.827961,249.999969,0.0,100.0,0.0
3.835316,249.999969,0.0,100.0,0.0
3.841881,249.999969,0.0,100.0,0.0
3.845524,249.999969,0.0,100.0,0.0
3.859921,249.999969,0.0,100.0,0.0
3.865553,249.999969,0.0,100.0,0.0
3.875824,249.999969,0.0,100.0,0.0
3.879872,249.999969,0.0,100.0,0.0
3.892244,249.999969,0.0,100.0,0.0
3.895392,249.999969,0.0,100.0,0.0
3.906599,249.999969,0.0,100.0,0.0
3.911987,249.999969,0.0,100.0,0.0
3.924293,249.999969,0.0,100.0,0.0
3.930852,249.999969,0.0,100.0,0.0
3.937778,249.999969,0.0,100.0,0.0
3.946335,249.999969,0.0,100.0,0.0
3.953422,249.999969,0.0,100.0,0.0
3.964247,249.999969,0.0,100.0,0.0
3.971129,249.999969,0.0,100.0,0.0
3.978555,249.999969,0.0,100.0,0.0
3.986598,249.999969,0.0,100.0,0.0
3.994786,249.999969,0.0,100.0,0.0
4.003751,249.999969,0.0,100.0,0.0
4.012381,249.999969,0.0,100.0,0.0
4.017428,249.999969,0.0,100.0,0.0
4.026776,249.999969,0.0,100.0,0.0
4.033686,249.999969,0.0,100.0,0.0
4.04359,249.999969,0.0,100.0,0.0
4.044602,249.999969,0.0,100.0,0.0
4.060408,249.999969,0.0,100.0,0.0
4.06687,249.999969,0.0,100.0,0.0
4.073958,249.999969,0.0,100.0,0.0
4.083748,249.999969,0.0,100.0,0.0
4.085066,249.999969,0.0,100.0,0.0
4.09903,249.999969,0.0,100.0,0.0
4.107497,249.999969,0.0,100.0,0.0
4.11485,249.999969,0.0,100.0,0.0
4.121653,249.999969,0.0,100.0,0.0
4.129286,249.999969,0.0,100.0,0.0
4.138119,249.999969,0.0,100.0,0.0
4.147583,249.999969,0.0,100.0,0.0
4.154005,249.999969,0.0,100.0,0.0
4.16169,249.999969,0.0,100.0,0.0
4.171465,249.999969,0.0,100.0,0.0
4.182253,249.999969,0.0,100.0,0.0
4.189141,249.999969,0.0,100.0,0.0
4.199657,249.999969,0.0,100.0,0.0
4.211113,249.999969,0.0,100.0,0.0
4.211113,249.999969,0.0,100.0,0.0
4.228034,249.999969,0.0,100.0,0.0
4.234659,249.999969,0.0,100.0,0.0
4.243624,249.999969,0.0,100.0,0.0
4.250761,249.999969,0.0,100.0,0.0
4.260052,249.999969,0.0,100.0,0.0
4.262044,249.999969,0.0,100.0,0.0
4.276124,249.999969,0.0,100.0,0.0
4.283944,249.999969,0.0,100.0,0.0
4.295316,249.999969,0.0,100.0,0.0
4.300392,249.999969,0.0,100.0,0.0
4.311142,249.999969,0.0,100.0,0.0
4.317763,249.999969,0.0,100.0,0.0
4.327742,249.999969,0.0,100.0,0.0
4.333528,249.999969,0.0,100.0,0.0
4.347384,249.999969,0.0,100.0,0.0
4.350372,249.999969,0.0,100.0,0.0
4.363265,249.999969,0.0,100.0,0.0
4.370434,249.999969,0.0,100.0,0.0
4.378846,249.999969,0.0,100.0,0.0
4.386202,249.999969,0.0,100.0,0.0
4.396134,249.999969,0.0,100.0,0.0
4.403356,249.999969,0.0,100.0,0.0
4.414187,249.999969,0.0,100.0,0.0
4.422565,249.999969,0.0,100.0,0.0
4.43073,249.999969,0.0,100.0,0.0
4.443134,249.999969,0.0,100.0,0.0
4.448335,249.999969,0.0,100.0,0.0
4.460177,249.999969,0.0,100.0,0.0
4.467662,249.999969,0.0,100.0,0.0
4.474865,249.999969,0.0,100.0,0.0
4.481793,249.999969,0.0,100.0,0.0
4.489134,249.999969,0.0,100.0,0.0
4.497995,249.999969,0.0,100.0,0.0
4.505944,249.999969,0.0,100.0,0.0
4.514042,249.999969,0.0,100.0,0.0
4.522305,249.999969,0.0,100.0,0.0
4.530505,249.999969,0.0,100.0,0.0
4.538042,249.999969,0.0,100.0,0.0
4.54635,249.999969,0.0,100.0,0.0
4.553653,249.999969,0.0,100.0,0.0
4.561495,249.999969,0.0,100.0,0.0
4.571741,249.999969,0.0,100.0,0.0
4.580076,249.999969,0.0,100.0,0.0
4.584965,249.999969,0.0,100.0,0.0
4.595937,249.999969,0.0,100.0,0.0
4.601962,249.999969,0.0,100.0,0.0
4.611748,249.999969,0.0,100.0,0.0
4.618557,249.999969,0.0,100.0,0.0
4.628011,249.999969,0.0,100.0,0.0
4.634722,249.999969,0.0,100.0,0.0
4.648011,249.999969,0.0,100.0,0.0
4.655774,249.999969,0.0,100.0,0.0
4.663145,249.999969,0.0,100.0,0.0
4.668202,249.999969,0.0,100.0,0.0
4.680067,249.999969,0.0,100.0,0.0
4.684568,249.999969,0.0,100.0,0.0
4.695692,249.999969,0.0,100.0,0.0
4.695692,249.999969,0.0,100.0,0.0
4.715754,249.999969,0.0,100.0,0.0
4.718665,249.999969,0.0,100.0,0.0
4.731046,249.999969,0.0,100.0,0.0
4.743615,249.999969,0.0,100.0,0.0
4.751145,249.999969,0.0,100.0,0.0
4.760274,249.999969,0.0,100.0,0.0
4.765063,249.999969,0.0,100.0,0.0
4.779708,249.999969,0.0,100.0,0.0
4.791482,249.999969,0.0,100.0,0.0
4.795692,249.999969,0.0,100.0,0.0
4.80602,249.999969,0.0,100.0,0.0
4.814666,249.999969,0.0,100.0,0.0
4.821318,249.999969,0.0,100.0,0.0
4.831666,249.999969,0.0,100.0,0.0
4.837907,249.999969,0.0,100.0,0.0
4.846296,249.999969,0.0,100.0,0.0
4.856069,249.999969,0.0,100.0,0.0
4.863481,249.999969,0.0,100.0,0.0
4.869541,249.999969,0.0,100.0,0.0
4.878497,249.999969,0.0,100.0,0.0
4.886001,249.999969,0.0,100.0,0.0
4.896163,249.999969,0.0,100.0,0.0
4.901306,249.999969,0.0,100.0,0.0
4.911306,249.999969,0.0,100.0,0.0
4.917696,249.999969,0.0,100.0,0.0
4.928322,249.999969,0.0,100.0,0.0
4.931667,249.999969,0.0,100.0,0.0
4.943526,249.999969,0.0,100.0,0.0
4.945366,249.999969,0.0,100.0,0.0
4.961907,249.999969,0.0,100.0,0.0
4.975605,249.999969,0.0,100.0,0.0
4.983778,249.999969,0.0,100.0,0.0
4.99172,249.999969,0.0,100.0,0.0
4.99906,249.999969,0.0,100.0,0.0
5.005908,249.999969,0.0,100.0,0.0
5.015349,249.999969,0.0,100.0,0.0
5.021742,249.999969,0.0,100.0,0.0
5.029613,249.999969,0.0,100.0,0.0
5.038234,249.999969,0.0,100.0,0.0
5.045726,249.999969,0.0,100.0,0.0
5.053853,249.999969,0.0,100.0,0.0
5.061772,249.999969,0.0,100.0,0.0
5.069546,249.999969,0.0,100.0,0.0
5.079391,249.999969,0.0,100.0,0.0
5.085282,249.999969,0.0,100.0,0.0
5.096034,249.999969,0.0,100.0,0.0
5.100259,249.999969,0.0,100.0,0.0
5.111732,249.999969,0.0,100.0,0.0
5.120419,249.999969,0.0,100.0,0.0
5.131544,249.999969,0.0,100.0,0.0
5.134862,249.999969,0.0,100.0,0.0
5.147264,249.999969,0.0,100.0,0.0
5.154629,249.999969,0.0,100.0,0.0
5.161849,249.999969,0.0,100.0,0.0
5.169463,249.999969,0.0,100.0,0.0
5.178068,249.999969,0.0,100.0,0.0
5.187774,249.999969,0.0,100.0,0.0
5.196112,249.999969,0.0,100.0,0.0
5.201122,249.999969,0.0,100.0,0.0
5.211916,249.999969,0.0,100.0,0.0
5.21799,249.999969,0.0,100.0,0.0
5.22748,249.999969,0.0,100.0,0.0
5.231738,249.999969,0.0,100.0,0.0
5.243512,249.999969,0.0,100.0,0.0
5.250905,249.999969,0.0,100.0,0.0
5.258405,249.999969,0.0,100.0,0.0
5.267236,249.999969,0.0,100.0,0.0
5.273371,249.999969,0.0,100.0,0.0
5.283474,249.999969,0.0,100.0,0.0
5.289779,249.999969,0.0,100.0,0.0
5.298381,249.999969,0.0,100.0,0.0
5.30613,249.999969,0.0,100.0,0.0
5.314265,249.999969,0.0,100.0,0.0
5.321636,249.999969,0.0,100.0,0.0
5.331056,249.999969,0.0,100.0,0.0
5.337681,249.999969,0.0,100.0,0.0
5.345099,249.999969,0.0,100.0,0.0
5.360265,249.999969,0.0,100.0,0.0
5.367679,249.999969,0.0,100.0,0.0
5.378521,249.999969,0.0,100.0,0.0
5.386418,249.999969,0.0,100.0,0.0
5.395272,249.999969,0.0,100.0,0.0
5.407828,249.999969,0.0,100.0,0.0
5.415999,249.999969,0.0,100.0,0.0
5.417992,249.999969,0.0,100.0,0.0
5.432338,249.999969,0.0,100.0,0.0
5.439964,249.999969,0.0,100.0,0.0
5.445547,249.999969,0.0,100.0,0.0
5.453899,249.999969,0.0,100.0,0.0
5.464651,249.999969,0.0,100.0,0.0
5.470479,249.999969,0.0,100.0,0.0
5.478592,249.999969,0.0,100.0,0.0
5.48732,249.999969,0.0,100.0,0.0
5.49535,249.999969,0.0,100.0,0.0
5.501829,249.999969,0.0,100.0,0.0
5.511179,249.999969,0.0,100.0,0.0
5.518009,249.999969,0.0,100.0,0.0
5.528024,249.999969,0.0,100.0,0.0
5.532483,249.999969,0.0,100.0,0.0
5.544547,249.999969,0.0,100.0,0.0
5.550993,249.999969,0.0,100.0,0.0
5.562209,249.999969,0.0,100.0,0.0
5.576105,249.999969,0.0,100.0,0.0
5.578562,249.999969,0.0,100.0,0.0
5.596228,249.999969,0.0,100.0,0.0
5.602875,249.999969,0.0,100.0,0.0
5.611574,249.999969,0.0,100.0,0.0
5.617334,249.999969,0.0,100.0,0.0
5.627886,249.999969,0.0,100.0,0.0
5.632276,249.999969,0.0,100.0,0.0
5.64463,249.999969,0.0,100.0,0.0
5.656051,249.999969,0.0,100.0,0.0
5.664295,249.999969,0.0,100.0,0.0
5.668313,249.999969,0.0,100.0,0.0
5.679434,249.999969,0.0,100.0,0.0
5.685447,249.999969,0.0,100.0,0.0
5.695303,249.999969,0.0,100.0,0.0
5.695303,249.999969,0.0,100.0,0.0
5.711847,249.999969,0.0,100.0,0.0
5.718538,249.999969,0.0,100.0,0.0
5.727061,249.999969,0.0,100.0,0.0
5.734425,249.999969,0.0,100.0,0.0
5.742867,249.999969,0.0,100.0,0.0
5.748832,249.999969,0.0,100.0,0.0
5.760415,249.999969,0.0,100.0,0.0
5.771867,249.999969,0.0,100.0,0.0
5.784062,249.999969,0.0,100.0,0.0
5.795511,249.999969,0.0,100.0,0.0
5.801767,249.999969,0.0,100.0,0.0
5.811373,249.999969,0.0,100.0,0.0
5.811373,249.999969,0.0,100.0,0.0
5.827042,249.999969,0.0,100.0,0.0
5.834532,249.999969,0.0,100.0,0.0
5.843673,249.999969,0.0,100.0,0.0
5.845019,249.999969,0.0,100.0,0.0
5.860304,249.999969,0.0,100.0,0.0
5.867445,249.999969,0.0,100.0,0.0
5.876212,249.999969,0.0,100.0,0.0
5.883551,249.999969,0.0,100.0,0.0
5.890232,249.999969,0.0,100.0,0.0
5.89837,249.999969,0.0,100.0,0.0
5.90728,249.999969,0.0,100.0,0.0
5.914077,249.999969,0.0,100.0,0.0
5.921466,249.999969,0.0,100.0,0.0
5.931345,249.999969,0.0,100.0,0.0
5.938167,249.999969,0.0,100.0,0.0
5.946741,249.999969,0.0,100.0,0.0
5.956096,249.999969,0.0,100.0,0.0
5.963732,249.999969,0.0,100.0,0.0
5.968868,249.999969,0.0,100.0,0.0
5.979827,249.999969,0.0,100.0,0.0
5.985169,249.999969,0.0,100.0,0.0
5.996099,249.999969,0.0,100.0,0.0
6.000443,249.999969,0.0,100.0,0.0
6.012034,249.999969,0.0,100.0,0.0
6.018585,249.999969,0.0,100.0,0.0
6.028153,249.999969,0.0,100.0,0.0
6.035676,249.999969,0.0,100.0,0.0
6.044552,249.999969,0.0,100.0,0.0
6.048952,249.999969,0.0,100.0,0.0
6.060389,249.999969,0.0,100.0,0.0
6.064845,249.999969,0.0,100.0,0.0
6.073863,249.999969,0.0,100.0,0.0
6.083371,249.999969,0.0,100.0,0.0
6.090184,249.999969,0.0,100.0,0.0
6.099844,249.999969,0.0,100.0,0.0
6.107526,249.999969,0.0,100.0,0.0
6.115269,249.999969,0.0,100.0,0.0
6.121853,249.999969,0.0,100.0,0.0
6.131788,249.999969,0.0,100.0,0.0
6.137559,249.999969,0.0,100.0,0.0
6.146333,249.999969,0.0,100.0,0.0
6.15414,249.999969,0.0,100.0,0.0
6.1612,249.999969,0.0,100.0,0.0
6.169508,249.999969,0.0,100.0,0.0
6.178116,249.999969,0.0,100.0,0.0
6.186563,249.999969,0.0,100.0,0.0
6.196023,249.999969,0.0,100.0,0.0
6.202102,249.999969,0.0,100.0,0.0
6.211422,249.999969,0.0,100.0,0.0
6.217718,249.999969,0.0,100.0,0.0
6.22897,249.999969,0.0,100.0,0.0
6.232411,249.999969,0.0,100.0,0.0
6.246359,249.999969,0.0,100.0,0.0
6.255423,249.999969,0.0,100.0,0.0
6.262289,249.999969,0.0,100.0,0.0
6.269744,249.999969,0.0,100.0,0.0
6.278563,249.999969,0.0,100.0,0.0
6.286752,249.999969,0.0,100.0,0.0
6.295137,249.999969,0.0,100.0,0.0
6.301246,249.999969,0.0,100.0,0.0
6.312861,249.999969,0.0,100.0,0.0
6.317905,249.999969,0.0,100.0,0.0
6.331425,249.999969,0.0,100.0,0.0
6.338075,249.999969,0.0,100.0,0.0
6.345619,249.999969,0.0,100.0,0.0
6.353989,249.999969,0.0,100.0,0.0
6.363284,249.999969,0.0,100.0,0.0
6.369743,249.999969,0.0,100.0,0.0
6.378246,249.999969,0.0,100.0,0.0
6.38578,249.999969,0.0,100.0,0.0
6.395886,249.999969,0.0,100.0,0.0
6.431861,249.999969,0.0,100.0,0.0
6.439768,249.999969,0.0,100.0,0.0
6.446383,249.999969,0.0,100.0,0.0
6.454273,249.999969,0.0,100.0,0.0
6.464383,249.999969,0.0,100.0,0.0
6.488488,249.999969,0.0,100.0,0.0
6.501432,249.999969,0.0,100.0,0.0
6.515514,249.999969,0.0,100.0,0.0
6.521483,249.999969,0.0,100.0,0.0
6.528604,249.999969,0.0,100.0,0.0
6.537911,249.999969,0.0,100.0,0.0
6.547919,249.999969,0.0,100.0,0.0
6.553722,249.999969,0.0,100.0,0.0
6.561911,249.999969,0.0,100.0,0.0
6.572538,249.999969,0.0,100.0,0.0
6.578168,249.999969,0.0,100.0,0.0
6.586114,249.999969,0.0,100.0,0.0
6.595994,249.999969,0.0,100.0,0.0
6.601044,249.999969,0.0,100.0,0.0
6.612248,249.999969,0.0,100.0,0.0
6.617402,249.999969,0.0,100.0,0.0
6.627817,249.999969,0.0,100.0,0.0
6.628247,249.999969,0.0,100.0,0.0
6.643706,249.999969,0.0,100.0,0.0
6.651891,249.999969,0.0,100.0,0.0
6.660599,249.999969,0.0,100.0,0.0
6.667967,249.999969,0.0,100.0,0.0
6.678311,249.999969,0.0,100.0,0.0
6.686394,249.999969,0.0,100.0,0.0
6.694829,249.999969,0.0,100.0,0.0
6.703659,249.999969,0.0,100.0,0.0
6.712575,249.999969,0.0,100.0,0.0
6.729803,249.999969,0.0,100.0,0.0
6.763433,249.999969,0.0,100.0,0.0
6.768893,249.999969,0.0,100.0,0.0
6.778575,249.999969,0.0,100.0,0.0
6.787134,249.999969,0.0,100.0,0.0
6.795362,249.999969,0.0,100.0,0.0
6.812674,250.000168,0.0,99.999802,0.0
6.828113,250.004349,0.0,99.995605,0.0
6.835178,250.01033,0.0,99.989655,0.0
6.843802,250.020142,0.0,99.979828,0.0
6.851734,250.034805,0.0,99.965172,0.0
6.85774,250.055283,0.0,99.94471,0.0
6.867609,250.082321,0.0,99.917633,0.0
6.867609,250.115631,0.0,99.884338,0.0
6.883818,250.154144,0.0,99.845795,0.0
6.896858,250.243118,0.0,99.756828,0.0
6.906243,250.291595,0.0,99.708344,0.0
6.915677,250.341705,0.0,99.658264,0.0
6.922167,250.3936,0.0,99.606415,0.0
6.930683,250.448044,0.0,99.551933,0.0
6.937171,250.506454,0.0,99.49353,0.0
6.946825,250.570068,0.0,99.429901,0.0
6.953683,250.640228,0.0,99.359741,0.0
6.961756,250.760605,0.0,99.23941,0.0
6.983543,250.950928,0.0,99.04908,0.0
6.989411,251.056412,0.0,98.943581,0.0
6.998316,251.166992,0.0,98.832947,0.0
7.011637,251.339737,0.0,98.660217,0.0
7.018378,251.457718,0.0,98.542206,0.0
7.028086,251.577026,0.0,98.422943,0.0
7.035971,251.697433,0.0,98.302551,0.0
7.052113,251.943283,0.0,98.056709,0.0
7.064171,252.133835,0.0,97.866119,0.0
7.071192,252.264587,0.0,97.735382,0.0
7.080433,252.398148,0.0,97.601791,0.0
7.085483,252.534149,0.0,97.465813,0.0
7.095581,252.672119,0.0,97.327858,0.0
7.1008,252.811554,0.0,97.188416,0.0
7.11154,252.952072,0.0,97.047874,0.0
7.118582,253.093246,0.0,96.9067,0.0
7.12796,253.234619,0.0,96.765335,0.0
7.145672,253.517365,0.0,96.48259,0.0
7.151489,253.729477,0.0,96.270531,0.0
7.168036,253.941544,0.0,96.058472,0.0
7.179436,254.153549,0.0,95.846405,0.0
7.182597,254.294968,0.0,95.705017,0.0
7.195528,254.436325,0.0,95.563644,0.0
7.202619,254.577698,0.0,95.422272,0.0
7.212862,254.719101,0.0,95.280899,0.0
7.228292,255.001846,0.0,94.998138,0.0
7.240458,255.213882,0.0,94.786072,0.0
7.248297,255.355225,0.0,94.644714,0.0
7.252264,255.496643,0.0,94.503326,0.0
7.263057,255.708725,0.0,94.29126,0.0
7.275768,255.850082,0.0,94.149902,0.0
7.284856,256.062134,0.0,93.937836,0.0
7.295141,256.203491,0.0,93.796448,0.0
7.31551,256.627625,0.0,93.372322,0.0
7.328202,256.769012,0.0,93.230965,0.0
7.332625,256.9104,0.0,93.089569,0.0
7.343683,257.051758,0.0,92.948204,0.0
7.35063,257.193146,0.0,92.806824,0.0
7.363828,257.405212,0.0,92.594757,0.0
7.367994,257.617279,0.0,92.38269,0.0
7.38922,257.758636,0.0,92.241341,0.0
7.400109,258.041443,0.0,91.958572,0.0
7.420657,258.394836,0.0,91.605133,0.0
7.432068,258.606903,0.0,91.393066,0.0
7.439442,258.74823,0.0,91.251701,0.0
7.446448,258.889679,0.0,91.110321,0.0
7.446448,259.031036,0.0,90.968948,0.0
7.467837,259.243103,0.0,90.756882,0.0
7.487884,259.596497,0.0,90.403435,0.0
7.495365,259.737915,0.0,90.26207,0.0
7.500664,259.879242,0.0,90.120697,0.0
7.511878,260.02066,0.0,89.979309,0.0
7.519088,260.162018,0.0,89.837952,0.0
7.529036,260.303406,0.0,89.696564,0.0
7.543871,260.586121,0.0,89.413818,0.0
7.551422,260.727509,0.0,89.27243,0.0
7.560462,260.868866,0.0,89.131073,0.0
7.570688,261.080933,0.0,88.919006,0.0
7.579346,261.222321,0.0,88.777626,0.0
7.587714,261.363708,0.0,88.636261,0.0
7.594762,261.505096,0.0,88.494873,0.0
7.615927,261.858521,0.0,88.141449,0.0
7.618124,261.999878,0.0,88.000061,0.0
7.629537,262.141266,0.0,87.858688,0.0
7.639707,262.282623,0.0,87.717316,0.0
7.646182,262.424042,0.0,87.575928,0.0
7.66005,262.636108,0.0,87.363876,0.0
7.667797,262.918884,0.0,87.081116,0.0
7.683838,263.06015,0.0,86.939766,0.0
7.690147,263.201569,0.0,86.79837,0.0
7.699301,263.342987,0.0,86.656998,0.0
7.706431,263.484344,0.0,86.515625,0.0
7.715146,263.625763,0.0,86.374237,0.0
7.721769,263.767059,0.0,86.23288,0.0
7.729544,263.908447,0.0,86.091499,0.0
7.747955,264.191193,0.0,85.808754,0.0
7.753915,264.332581,0.0,85.667366,0.0
7.762679,264.473969,0.0,85.526001,0.0
7.769825,264.615356,0.0,85.384613,0.0
7.779548,264.756744,0.0,85.24324,0.0
7.786027,264.898132,0.0,85.10186,0.0
7.79571,265.039459,0.0,84.960503,0.0
7.811821,265.322235,0.0,84.677727,0.0
7.817844,265.463593,0.0,84.536369,0.0
7.828788,265.60498,0.0,84.394997,0.0
7.832505,265.746368,0.0,84.253616,0.0
7.843797,265.887756,0.0,84.112251,0.0
7.84523,266.029144,0.0,83.970856,0.0
7.859959,266.170471,0.0,83.829498,0.0
7.874056,266.453278,0.0,83.546738,0.0
7.883166,266.594635,0.0,83.405365,0.0
7.89052,266.736023,0.0,83.263977,0.0
7.898507,266.87735,0.0,83.12262,0.0
7.907861,267.018707,0.0,82.981232,0.0
7.914183,267.160126,0.0,82.839859,0.0
7.921898,267.301514,0.0,82.698486,0.0
7.929679,267.442871,0.0,82.557106,0.0
7.945284,267.725616,0.0,82.274353,0.0
7.956551,267.867004,0.0,82.13298,0.0
7.961686,268.008362,0.0,81.991608,0.0
7.970058,268.14975,0.0,81.850235,0.0
7.980048,268.291077,0.0,81.708862,0.0
7.986684,268.432495,0.0,81.567474,0.0
7.99579,268.573853,0.0,81.426117,0.0
8.012315,268.856628,0.0,81.143364,0.0
8.017331,268.997986,0.0,81.001991,0.0
8.028217,269.139374,0.0,80.860596,0.0
8.034795,269.280731,0.0,80.719231,0.0
8.043917,269.422119,0.0,80.57785,0.0
8.050979,269.563507,0.0,80.436478,0.0
8.057821,269.704865,0.0,80.295105,0.0
8.062545,269.846252,0.0,80.153717,0.0
8.082428,270.128998,0.0,79.870972,0.0
8.089586,270.270386,0.0,79.729599,0.0
8.098566,270.411713,0.0,79.588234,0.0
8.106504,270.553131,0.0,79.446854,0.0
8.114236,270.694519,0.0,79.305473,0.0
8.122737,270.835876,0.0,79.164093,0.0
8.130852,270.977234,0.0,79.02272,0.0
8.13846,271.118622,0.0,78.881348,0.0
8.147875,271.26001,0.0,78.739975,0.0
8.162074,271.542755,0.0,78.457214,0.0
8.169529,271.684143,0.0,78.315857,0.0
8.180367,271.8255,0.0,78.174469,0.0
8.188255,271.966919,0.0,78.033096,0.0
8.200118,272.178986,0.0,77.82103,0.0
8.202154,272.320312,0.0,77.679657,0.0
8.21594,272.46167,0.0,77.538292,0.0
8.230163,272.744476,0.0,77.255524,0.0
8.237804,272.885803,0.0,77.114166,0.0
8.247295,273.027161,0.0,76.972778,0.0
8.254075,273.168579,0.0,76.831406,0.0
8.2632,273.309937,0.0,76.690033,0.0
8.270881,273.451294,0.0,76.548653,0.0
8.278739,273.592712,0.0,76.407288,0.0
8.296395,273.875458,0.0,76.124527,0.0
8.303947,274.016846,0.0,75.983147,0.0
8.312311,274.158203,0.0,75.841766,0.0
8.31789,274.29953,0.0,75.700417,0.0
8.328265,274.440918,0.0,75.559029,0.0
8.334185,274.582336,0.0,75.417648,0.0
8.344571,274.723694,0.0,75.276276,0.0
8.348631,274.865082,0.0,75.134903,0.0
8.366817,275.218506,0.0,74.781464,0.0
8.380623,275.359894,0.0,74.640091,0.0
8.385006,275.501251,0.0,74.498718,0.0
8.39562,275.64267,0.0,74.35733,0.0
8.402914,275.784027,0.0,74.215958,0.0
8.411699,275.925385,0.0,74.074585,0.0
8.417957,276.066742,0.0,73.933212,0.0
8.432676,276.349518,0.0,73.650459,0.0
8.443486,276.490906,0.0,73.509087,0.0
8.450861,276.632263,0.0,73.367706,0.0
8.4605,276.773651,0.0,73.226341,0.0
8.468167,276.914978,0.0,73.084961,0.0
8.468167,277.056366,0.0,72.943581,0.0
8.484334,277.197784,0.0,72.8022,0.0
8.49924,277.48053,0.0,72.519463,0.0
8.507033,277.621887,0.0,72.37809,0.0
8.515363,277.833954,0.0,72.166016,0.0
8.528004,277.975342,0.0,72.024635,0.0
8.533995,278.116699,0.0,71.88327,0.0
8.543334,278.258057,0.0,71.741898,0.0
8.560538,278.540833,0.0,71.459129,0.0
8.567826,278.752899,0.0,71.247078,0.0
8.580019,278.894257,0.0,71.105698,0.0
8.588029,279.035645,0.0,70.964317,0.0
8.59553,279.177032,0.0,70.82296,0.0
8.604461,279.31839,0.0,70.68158,0.0
8.612381,279.459778,0.0,70.540199,0.0
8.627101,279.742493,0.0,70.257454,0.0
8.635778,279.883881,0.0,70.116081,0.0
8.643822,280.025269,0.0,69.974701,0.0
8.650204,280.166656,0.0,69.833321,0.0
8.657777,280.308044,0.0,69.691948,0.0
8.667784,280.449402,0.0,69.550568,0.0
8.674177,280.590759,0.0,69.409203,0.0
8.684548,280.802856,0.0,69.197144,0.0
8.696056,280.944214,0.0,69.055756,0.0
8.703145,281.15625,0.0,68.843697,0.0
8.714367,281.297638,0.0,68.702316,0.0
8.732187,281.580383,0.0,68.419579,0.0
8.743818,281.79248,0.0,68.207497,0.0
8.751996,281.933838,0.0,68.066132,0.0
8.758053,282.075226,0.0,67.924759,0.0
8.765955,282.287292,0.0,67.712692,0.0
8.78422,282.499359,0.0,67.500626,0.0
8.792477,282.640717,0.0,67.359253,0.0
8.797375,282.782104,0.0,67.21788,0.0
8.816357,283.06485,0.0,66.935135,0.0
8.824173,283.206238,0.0,66.793747,0.0
8.831089,283.347595,0.0,66.652382,0.0
8.835081,283.488953,0.0,66.511009,0.0
8.847571,283.63031,0.0,66.369621,0.0
8.855891,283.771729,0.0,66.228249,0.0
8.863307,283.913116,0.0,66.086876,0.0
8.87596,284.125183,0.0,65.874809,0.0
8.88397,284.266571,0.0,65.733437,0.0
8.890499,284.407928,0.0,65.592056,0.0
8.907146,284.690674,0.0,65.309311,0.0
8.914563,284.832062,0.0,65.167931,0.0
8.923263,284.973389,0.0,65.026558,0.0
8.929862,285.114807,0.0,64.885185,0.0
8.937914,285.256165,0.0,64.743797,0.0
8.94527,285.397522,0.0,64.602432,0.0
8.960445,285.609619,0.0,64.390366,0.0
8.961454,285.750977,0.0,64.248993,0.0
8.97944,285.963013,0.0,64.036926,0.0
8.98509,286.104431,0.0,63.89555,0.0
8.995732,286.387146,0.0,63.612816,0.0
9.01631,286.599243,0.0,63.400749,0.0
9.018354,286.740601,0.0,63.259369,0.0
9.030746,286.881989,0.0,63.117989,0.0
9.040142,287.023376,0.0,62.976612,0.0
9.046986,287.164734,0.0,62.835247,0.0
9.055404,287.306122,0.0,62.693859,0.0
9.063718,287.447479,0.0,62.552494,0.0
9.079182,287.730255,0.0,62.269737,0.0
9.08667,287.871613,0.0,62.128361,0.0
9.095353,288.013,0.0,61.986988,0.0
9.101784,288.154327,0.0,61.845619,0.0
9.11222,288.295746,0.0,61.704239,0.0
9.118349,288.437134,0.0,61.562866,0.0
9.128276,288.578491,0.0,61.421486,0.0
9.134646,288.719879,0.0,61.280106,0.0
9.149021,289.002625,0.0,60.997356,0.0
9.162524,289.214691,0.0,60.785294,0.0
9.171412,289.356018,0.0,60.643925,0.0
9.1789,289.497467,0.0,60.502544,0.0
9.186327,289.638824,0.0,60.361176,0.0
9.195861,289.780182,0.0,60.219791,0.0
9.212102,290.062927,0.0,59.937042,0.0
9.217824,290.204285,0.0,59.795681,0.0
9.228236,290.345703,0.0,59.654293,0.0
9.235776,290.487091,0.0,59.512909,0.0
9.244454,290.628448,0.0,59.371529,0.0
9.249903,290.769775,0.0,59.230171,0.0
9.260552,290.911194,0.0,59.088795,0.0
9.264569,291.052582,0.0,58.947418,0.0
9.274903,291.193939,0.0,58.806042,0.0
9.291146,291.476685,0.0,58.523285,0.0
9.298205,291.618073,0.0,58.381912,0.0
9.307914,291.75943,0.0,58.240532,0.0
9.314439,291.900848,0.0,58.099171,0.0
9.321944,292.042236,0.0,57.957775,0.0
9.332223,292.183563,0.0,57.816406,0.0
9.33843,292.324951,0.0,57.675041,0.0
9.346799,292.466309,0.0,57.533649,0.0
9.361814,292.749084,0.0,57.250923,0.0
9.370324,292.961121,0.0,57.038857,0.0
9.382868,293.102539,0.0,56.897472,0.0
9.389448,293.243896,0.0,56.7561,0.0
9.399345,293.455963,0.0,56.544037,0.0
9.411278,293.597321,0.0,56.40266,0.0
9.428434,293.880066,0.0,56.119907,0.0
9.434803,294.021484,0.0,55.978523,0.0
9.44404,294.162842,0.0,55.837154,0.0
9.452256,294.304169,0.0,55.695793,0.0
9.460647,294.445587,0.0,55.554405,0.0
9.46215,294.586945,0.0,55.413021,0.0
9.476772,294.728333,0.0,55.271656,0.0
9.492203,295.011078,0.0,54.988907,0.0
9.495734,295.152466,0.0,54.847523,0.0
9.50638,295.293793,0.0,54.706158,0.0
9.515304,295.435181,0.0,54.564785,0.0
9.521652,295.576569,0.0,54.423401,0.0
9.532314,295.717957,0.0,54.282032,0.0
9.53824,295.859344,0.0,54.140659,0.0
9.54663,296.000702,0.0,53.999271,0.0
9.564424,296.283417,0.0,53.71653,0.0
9.570425,296.424835,0.0,53.575153,0.0
9.58021,296.566223,0.0,53.433777,0.0
9.584371,296.707581,0.0,53.2924,0.0
9.596275,296.848938,0.0,53.151028,0.0
9.603988,296.990326,0.0,53.009644,0.0
9.611886,297.131744,0.0,52.868271,0.0
9.615959,297.273102,0.0,52.726898,0.0
9.635332,297.626495,0.0,52.37347,0.0
9.647572,297.767914,0.0,52.23209,0.0
9.653558,297.909271,0.0,52.09071,0.0
9.662148,298.050659,0.0,51.949337,0.0
9.669546,298.191986,0.0,51.807961,0.0
9.678463,298.333374,0.0,51.66658,0.0
9.687886,298.474823,0.0,51.525204,0.0
9.696728,298.61615,0.0,51.383839,0.0
9.712597,298.898895,0.0,51.101074,0.0
9.718507,299.040283,0.0,50.959705,0.0
9.731982,299.25235,0.0,50.747646,0.0
9.735014,299.393707,0.0,50.606255,0.0
9.747869,299.535095,0.0,50.464893,0.0
9.755324,299.676514,0.0,50.323513,0.0
9.764483,299.817841,0.0,50.182156,0.0
9.779007,300.171265,0.0,49.828712,0.0
9.791465,300.312653,0.0,49.687332,0.0
9.800354,300.454041,0.0,49.545956,0.0
9.802409,300.595398,0.0,49.404564,0.0
9.814261,300.736786,0.0,49.263191,0.0
9.822028,300.878143,0.0,49.12183,0.0
9.829759,301.019531,0.0,48.980457,0.0
9.847115,301.302277,0.0,48.697697,0.0
9.853743,301.443695,0.0,48.556313,0.0
9.864317,301.585083,0.0,48.414944,0.0
9.87081,301.72641,0.0,48.273579,0.0
9.87828,301.867798,0.0,48.132195,0.0
9.887038,302.009155,0.0,47.990822,0.0
9.900556,302.221222,0.0,47.778759,0.0
9.918669,302.574707,0.0,47.425316,0.0
9.928259,302.716003,0.0,47.283958,0.0
9.932733,302.857422,0.0,47.142555,0.0
9.944961,302.998779,0.0,47.001194,0.0
9.951438,303.210876,0.0,46.789127,0.0
9.964208,303.352203,0.0,46.647766,0.0
9.968358,303.493622,0.0,46.50639,0.0
9.979404,303.705627,0.0,46.294323,0.0
9.991192,303.847076,0.0,46.152924,0.0
9.998163,303.988434,0.0,46.011566,0.0
10.015982,304.271149,0.0,45.728825,0.0
10.02217,304.412537,0.0,45.587433,0.0
10.030841,304.553925,0.0,45.44606,0.0
10.037595,304.695312,0.0,45.304688,0.0
10.047808,304.83667,0.0,45.163315,0.0
10.054938,304.978027,0.0,45.021954,0.0
10.062314,305.119415,0.0,44.880562,0.0
10.079778,305.402161,0.0,44.597813,0.0
10.08491,305.543549,0.0,44.456436,0.0
10.096677,305.684906,0.0,44.315071,0.0
10.10187,305.897003,0.0,44.102997,0.0
10.114327,306.038361,0.0,43.961632,0.0
10.124252,306.179749,0.0,43.820263,0.0
10.130477,306.321106,0.0,43.678875,0.0
10.145705,306.603882,0.0,43.396122,0.0
10.156016,306.745239,0.0,43.254742,0.0
10.162237,306.886597,0.0,43.113384,0.0
10.169755,307.027985,0.0,42.971996,0.0
10.178824,307.169342,0.0,42.830635,0.0
10.18815,307.31073,0.0,42.68924,0.0
10.19554,307.452087,0.0,42.547874,0.0
10.202098,307.593506,0.0,42.406502,0.0
10.211748,307.734863,0.0,42.265118,0.0
10.218394,307.876251,0.0,42.123741,0.0
10.239033,308.229675,0.0,41.770306,0.0
10.247749,308.371063,0.0,41.628933,0.0
10.254331,308.512421,0.0,41.487553,0.0
10.262171,308.653809,0.0,41.34618,0.0
10.271439,308.795166,0.0,41.204819,0.0
10.279397,308.936584,0.0,41.063427,0.0
10.284442,309.077942,0.0,40.922047,0.0
10.295106,309.219299,0.0,40.780674,0.0
10.316532,309.572754,0.0,40.427235,0.0
10.317979,309.714142,0.0,40.285862,0.0
10.330925,309.855499,0.0,40.144493,0.0
10.33861,309.996887,0.0,40.003109,0.0
10.347973,310.138214,0.0,39.861744,0.0
10.354328,310.279633,0.0,39.72036,0.0
10.364478,310.42099,0.0,39.578983,0.0
10.379373,310.703766,0.0,39.296234,0.0
10.387962,310.845123,0.0,39.154869,0.0
10.395793,310.986511,0.0,39.013485,0.0
10.402607,311.127869,0.0,38.872097,0.0
10.411831,311.269257,0.0,38.730717,0.0
10.418305,311.410645,0.0,38.589355,0.0
10.42871,311.552002,0.0,38.447983,0.0
10.435244,311.69342,0.0,38.306602,0.0
10.44384,311.834747,0.0,38.165226,0.0
10.449478,311.976135,0.0,38.023849,0.0
10.465842,312.329559,0.0,37.670406,0.0
10.488952,312.470947,0.0,37.529049,0.0
10.495229,312.824402,0.0,37.175594,0.0
10.508993,312.965759,0.0,37.034222,0.0
10.511871,313.177826,0.0,36.822159,0.0
10.528357,313.319183,0.0,36.680801,0.0
10.52871,313.460571,0.0,36.53941,0.0
10.5435,313.601959,0.0,36.398048,0.0
10.548923,313.743317,0.0,36.256672,0.0
10.571971,314.096771,0.0,35.903217,0.0
10.579132,314.238129,0.0,35.761856,0.0
10.588096,314.379517,0.0,35.620468,0.0
10.595844,314.520905,0.0,35.479099,0.0
10.60185,314.662292,0.0,35.337715,0.0
10.611836,314.80365,0.0,35.196354,0.0
10.627887,315.086365,0.0,34.913601,0.0
10.632732,315.227783,0.0,34.772217,0.0
10.643877,315.36911,0.0,34.630859,0.0
10.650212,315.510529,0.0,34.489479,0.0
10.660737,315.651886,0.0,34.348095,0.0
10.667846,315.793274,0.0,34.206722,0.0
10.675937,315.934692,0.0,34.065338,0.0
10.684102,316.07605,0.0,33.92395,0.0
10.69661,316.358765,0.0,33.641224,0.0
10.706805,316.500153,0.0,33.499836,0.0
10.715114,316.64151,0.0,33.358452,0.0
10.724422,316.782898,0.0,33.217091,0.0
10.731965,316.924316,0.0,33.07571,0.0
10.738145,317.065643,0.0,32.934349,0.0
10.745598,317.207031,0.0,32.792965,0.0
10.753825,317.348389,0.0,32.651596,0.0
10.762242,317.489777,0.0,32.510208,0.0
10.778642,317.772491,0.0,32.227467,0.0
10.786302,317.91391,0.0,32.086086,0.0
10.799824,318.125977,0.0,31.874023,0.0
10.806667,318.267334,0.0,31.732653,0.0
10.814628,318.408722,0.0,31.59127,0.0
10.82831,318.620758,0.0,31.379213,0.0
10.835323,318.762146,0.0,31.237835,0.0
10.844032,318.903503,0.0,31.096476,0.0
10.851367,319.044891,0.0,30.955097,0.0
10.860838,319.186279,0.0,30.813707,0.0
10.879059,319.539734,0.0,30.46027,0.0
10.886891,319.681091,0.0,30.318893,0.0
10.895776,319.822479,0.0,30.177523,0.0
10.902086,319.963837,0.0,30.03614,0.0
10.912376,320.105225,0.0,29.894773,0.0
10.918307,320.246613,0.0,29.75338,0.0
10.932223,320.458649,0.0,29.541332,0.0
10.934296,320.600037,0.0,29.39995,0.0
10.94583,320.741455,0.0,29.25857,0.0
10.968257,321.094818,0.0,28.905142,0.0
10.974738,321.236237,0.0,28.763767,0.0
10.983772,321.448303,0.0,28.551695,0.0
10.999797,321.660339,0.0,28.33964,0.0
11.003495,321.801727,0.0,28.198271,0.0
11.015242,322.013763,0.0,27.986206,0.0
11.035316,322.296539,0.0,27.703444,0.0
11.045999,322.508606,0.0,27.491386,0.0
11.056028,322.649994,0.0,27.350006,0.0
11.063651,322.791351,0.0,27.20863,0.0
11.069769,322.932739,0.0,27.067257,0.0
11.079602,323.074097,0.0,26.92589,0.0
11.087298,323.215485,0.0,26.784512,0.0
11.095718,323.356873,0.0,26.643139,0.0
11.111939,323.639618,0.0,26.360388,0.0
11.118294,323.780945,0.0,26.219013,0.0
11.12842,323.922394,0.0,26.077614,0.0
11.134863,324.13443,0.0,25.865568,0.0
11.148108,324.346497,0.0,25.6535,0.0
11.160884,324.487854,0.0,25.512131,0.0
11.18031,324.841309,0.0,25.158689,0.0
11.185748,324.982697,0.0,25.0173,0.0
11.195759,325.124054,0.0,24.87595,0.0
11.208025,325.336121,0.0,24.663895,0.0
11.214181,325.477448,0.0,24.522511,0.0
11.222466,325.618835,0.0,24.381138,0.0
11.232299,325.760223,0.0,24.239758,0.0
11.245892,326.042999,0.0,23.95701,0.0
11.259987,326.255066,0.0,23.744928,0.0
11.268156,326.396423,0.0,23.603571,0.0
11.279833,326.608521,0.0,23.391481,0.0
11.281202,326.749847,0.0,23.250137,0.0
11.296463,326.891235,0.0,23.108746,0.0
11.316554,327.24472,0.0,22.755301,0.0
11.318551,327.386047,0.0,22.613937,0.0
11.331303,327.527435,0.0,22.472559,0.0
11.337694,327.668823,0.0,22.331196,0.0
11.347131,327.810181,0.0,22.189816,0.0
11.354196,327.951599,0.0,22.048426,0.0
11.364593,328.092926,0.0,21.907066,0.0
11.37933,328.375702,0.0,21.624308,0.0
11.386521,328.51709,0.0,21.482922,0.0
11.395511,328.658447,0.0,21.341558,0.0
11.404502,328.799805,0.0,21.200186,0.0
11.41193,328.941193,0.0,21.058805,0.0
11.419094,329.153229,0.0,20.846746,0.0
11.431515,329.294617,0.0,20.705395,0.0
11.438308,329.436005,0.0,20.563982,0.0
11.455346,329.71875,0.0,20.281227,0.0
11.462806,329.860168,0.0,20.139854,0.0
11.470325,330.001526,0.0,19.998476,0.0
11.480205,330.142883,0.0,19.857122,0.0
11.489825,330.35495,0.0,19.64505,0.0
11.499844,330.496338,0.0,19.503677,0.0
11.506055,330.637695,0.0,19.362307,0.0
11.515424,330.779083,0.0,19.220928,0.0
11.530244,331.061829,0.0,18.938164,0.0
11.544137,331.273895,0.0,18.726107,0.0
11.552172,331.415253,0.0,18.584743,0.0
11.564187,331.62735,0.0,18.37266,0.0
11.566866,331.768707,0.0,18.231291,0.0
11.580137,331.910034,0.0,18.089928,0.0
11.595471,332.19281,0.0,17.807167,0.0
11.603721,332.404846,0.0,17.595116,0.0
11.615093,332.546265,0.0,17.453733,0.0
11.627586,332.758331,0.0,17.241671,0.0
11.635128,332.899689,0.0,17.10029,0.0
11.648241,333.111755,0.0,16.888235,0.0
11.664741,333.394531,0.0,16.605482,0.0
11.668803,333.535889,0.0,16.464106,0.0
11.684279,333.747955,0.0,16.252048,0.0
11.691804,333.889343,0.0,16.110672,0.0
11.698643,334.030701,0.0,15.969295,0.0
11.711888,334.242767,0.0,15.75722,0.0
11.728875,334.525513,0.0,15.474481,0.0
11.735008,334.73761,0.0,15.262399,0.0
11.747303,334.878967,0.0,15.121037,0.0
11.754782,335.020325,0.0,14.979653,0.0
11.762356,335.161713,0.0,14.838284,0.0
11.769597,335.30307,0.0,14.696912,0.0
11.778852,335.444458,0.0,14.555536,0.0
11.795958,335.797943,0.0,14.20209,0.0
11.808104,335.93927,0.0,14.060729,0.0
11.815216,336.151337,0.0,13.848658,0.0
11.828495,336.292725,0.0,13.707278,0.0
11.835111,336.504791,0.0,13.495212,0.0
11.847386,336.646118,0.0,13.353859,0.0
11.856565,336.787506,0.0,13.212484,0.0
11.862612,336.928894,0.0,13.071089,0.0
11.870495,337.070282,0.0,12.929715,0.0
11.886889,337.353027,0.0,12.646967,0.0
11.895781,337.494415,0.0,12.505601,0.0
11.902966,337.635773,0.0,12.364212,0.0
11.912735,337.777161,0.0,12.222847,0.0
11.918741,337.918518,0.0,12.081477,0.0
11.928535,338.059906,0.0,11.940095,0.0
11.936535,338.201294,0.0,11.798717,0.0
11.944021,338.342651,0.0,11.657336,0.0
11.960558,338.625397,0.0,11.374588,0.0
11.965366,338.837463,0.0,11.162533,0.0
11.979614,338.978851,0.0,11.021151,0.0
11.985932,339.120209,0.0,10.879774,0.0
11.996842,339.261597,0.0,10.738402,0.0
12.003194,339.403015,0.0,10.597015,0.0
12.011838,339.544342,0.0,10.455654,0.0
12.027145,339.827057,0.0,10.172909,0.0
12.036559,339.968506,0.0,10.031505,0.0
12.045047,340.109863,0.0,9.890143,0.0
12.045693,340.251221,0.0,9.74877,0.0
12.060927,340.392609,0.0,9.60739,0.0
12.067828,340.533966,0.0,9.466026,0.0
12.080281,340.746033,0.0,9.253957,0.0
12.094034,340.958099,0.0,9.041896,0.0
12.105156,341.170166,0.0,8.829834,0.0
12.116026,341.382233,0.0,8.617762,0.0
12.118374,341.523621,0.0,8.476375,0.0
12.130265,341.664978,0.0,8.335011,0.0
12.148125,341.947754,0.0,8.05227,0.0
12.153187,342.089111,0.0,7.910903,0.0
12.163588,342.230469,0.0,7.769521,0.0
12.168712,342.371857,0.0,7.628133,0.0
12.179018,342.513214,0.0,7.486771,0.0
12.179018,342.654602,0.0,7.345384,0.0
12.19597,342.79599,0.0,7.20403,0.0
12.203338,342.937347,0.0,7.062634,0.0
12.21204,343.078735,0.0,6.921261,0.0
12.219249,343.290802,0.0,6.709199,0.0
12.230246,343.432159,0.0,6.567816,0.0
12.246141,343.714935,0.0,6.285079,0.0
12.254489,343.856293,0.0,6.1437,0.0
12.262083,343.997681,0.0,6.002324,0.0
12.271916,344.139038,0.0,5.860946,0.0
12.279069,344.280426,0.0,5.71958,0.0
12.286427,344.421814,0.0,5.578199,0.0
12.296025,344.563171,0.0,5.436815,0.0
12.302675,344.704529,0.0,5.295455,0.0
12.311742,344.845917,0.0,5.15407,0.0
12.328743,345.128693,0.0,4.871331,0.0
12.339461,345.340729,0.0,4.659262,0.0
12.346222,345.482086,0.0,4.517893,0.0
12.355334,345.623474,0.0,4.376519,0.0
12.363604,345.764862,0.0,4.235122,0.0
12.368009,345.90625,0.0,4.093758,0.0
12.379088,346.118317,0.0,3.881683,0.0
12.392477,346.259674,0.0,3.740308,0.0
12.412488,346.613129,0.0,3.386874,0.0
12.419355,346.754486,0.0,3.245502,0.0
12.429224,346.895874,0.0,3.104123,0.0
12.436825,347.107941,0.0,2.892063,0.0
12.448833,347.319977,0.0,2.680015,0.0
12.464834,347.532043,0.0,2.467945,0.0
12.468257,347.673035,0.0,2.326972,0.0
12.480434,347.812744,0.0,2.187264,0.0
12.486562,348.017944,0.0,1.982061,0.0
12.506494,348.278687,0.0,1.721322,0.0
12.514427,348.401428,0.0,1.598565,0.0
12.523393,348.518005,0.0,1.481997,0.0
12.529326,348.628235,0.0,1.371746,0.0
12.538524,348.783691,0.0,1.216315,0.0
12.55164,348.882019,0.0,1.117986,0.0
12.558334,348.977173,0.0,1.022848,0.0
12.567822,349.115753,0.0,0.884224,0.0
12.579359,349.205688,0.0,0.794294,0.0
12.596442,349.377106,0.0,0.6229,0.0
12.602927,349.456238,0.0,0.543762,0.0
12.612439,349.563293,0.0,0.436679,0.0
12.624443,349.625122,0.0,0.374869,0.0
12.628971,349.678192,0.0,0.32178,0.0
12.638089,349.723328,0.0,0.276636,0.0
12.654176,349.794586,0.0,0.205395,0.0
12.663967,349.823151,0.0,0.176839,0.0
12.667778,349.848602,0.0,0.151408,0.0
12.680575,349.871826,0.0,0.128174,0.0
12.685312,349.893646,0.0,0.10636,0.0
12.695491,349.914246,0.0,0.085765,0.0
12.702556,349.933197,0.0,0.066784,0.0
12.712378,349.950134,0.0,0.049872,0.0
12.718586,349.964661,0.0,0.035353,0.0
12.728505,349.976288,0.0,0.023707,0.0
12.744183,349.991394,0.0,0.008641,0.0
12.746211,349.995575,0.0,0.004412,0.0
12.764549,349.998932,0.0,0.001089,0.0
12.766247,349.999756,0.0,0.000231,0.0
12.779006,350.0,0.0,-8e-06,0.0
12.78618,350.0,0.0,-8e-06,0.0
12.796582,350.0,0.0,-8e-06,0.0
12.804187,350.0,0.0,-8e-06,0.0
12.812064,350.0,0.0,-8e-06,0.0
12.818494,350.0,0.0,-8e-06,0.0
12.828656,350.0,0.0,-8e-06,0.0
12.835383,350.0,0.0,-8e-06,0.0
12.84419,350.0,0.0,-8e-06,0.0
12.846055,350.0,0.0,-8e-06,0.0
12.859436,350.0,0.0,-8e-06,0.0
12.864141,350.0,0.0,-8e-06,0.0
12.874715,350.0,0.0,-8e-06,0.0
12.884318,350.0,0.0,-8e-06,0.0
12.892093,350.0,0.0,-8e-06,0.0
12.89891,350.0,0.0,-8e-06,0.0
12.905791,350.0,0.0,-8e-06,0.0
12.91521,350.0,0.0,-8e-06,0.0
12.922512,350.0,0.0,-8e-06,0.0
12.930562,350.0,0.0,-8e-06,0.0
12.938299,350.0,0.0,-8e-06,0.0
12.945641,350.0,0.0,-8e-06,0.0
12.979238,350.0,0.0,-8e-06,0.0
12.986155,350.0,0.0,-8e-06,0.0
12.997099,350.0,0.0,-8e-06,0.0
13.004387,350.0,0.0,-8e-06,0.0
13.012456,350.0,0.0,-8e-06,0.0
13.018668,350.0,0.0,-8e-06,0.0
13.027565,350.0,0.0,-8e-06,0.0
13.044891,350.0,0.0,0.000283,0.0
13.047533,350.0,0.0,0.001861,0.0
13.06777,350.0,0.0,0.014632,0.0
13.076067,350.0,0.0,0.028532,0.0
13.080511,350.0,0.0,0.049276,0.0
13.090106,349.999969,0.0,0.078211,0.0
13.099768,350.0,0.0,0.116501,0.0
13.106233,349.999969,0.0,0.1636,0.0
13.115148,349.999969,0.0,0.218122,0.0
13.130736,350.0,0.0,0.343969,0.0
13.138195,350.0,0.0,0.412585,0.0
13.145873,350.0,0.0,0.483418,0.0
13.15487,350.0,0.0,0.556756,0.0
13.162308,349.999969,0.0,0.633852,0.0
13.16984,350.0,0.0,0.716441,0.0
13.179255,350.0,0.0,0.806453,0.0
13.191979,350.0,0.0,0.959364,0.0
13.21599,350.0,0.0,1.34517,0.0
13.223608,350.0,0.0,1.494399,0.0
13.232101,350.0,0.0,1.650879,0.0
13.235142,350.0,0.0,1.812803,0.0
13.245927,349.999969,0.0,2.062155,0.0
13.258197,350.0,0.0,2.23088,0.0
13.267711,350.0,0.0,2.401169,0.0
13.275972,350.0,0.0,2.573651,0.0
13.290278,350.0,0.0,2.927688,0.0
13.299052,350.0,0.0,3.110467,0.0
13.306379,350.000031,0.0,3.2975,0.0
13.314718,350.0,0.0,3.488249,0.0
13.321798,350.0,0.0,3.682076,0.0
13.331866,350.0,0.0,3.878364,0.0
13.338435,350.0,0.0,4.076465,0.0
13.347087,350.0,0.0,4.275795,0.0
13.362058,350.0,0.0,4.675667,0.0
13.370447,350.0,0.0,4.875652,0.0
13.380108,350.0,0.0,5.075656,0.0
13.388095,350.000031,0.0,5.275611,0.0
13.395564,350.0,0.0,5.475628,0.0
13.401574,350.0,0.0,5.675596,0.0
13.411772,350.0,0.0,5.875594,0.0
13.428782,349.999969,0.0,6.275578,0.0
13.435135,350.0,0.0,6.475552,0.0
13.444366,350.0,0.0,6.675546,0.0
13.451739,350.0,0.0,6.875526,0.0
13.461233,350.0,0.0,7.075517,0.0
13.467586,350.0,0.0,7.27549,0.0
13.475719,349.999969,0.0,7.475497,0.0
13.482873,350.0,0.0,7.675467,0.0
13.498848,350.0,0.0,8.075445,0.0
13.507508,350.0,0.0,8.275435,0.0
13.514699,350.0,0.0,8.47542,0.0
13.522202,350.0,0.0,8.675406,0.0
13.531074,350.0,0.0,8.875388,0.0
13.538133,350.0,0.0,9.075385,0.0
13.546567,350.0,0.0,9.275375,0.0
13.562605,350.0,0.0,9.675342,0.0
13.570729,350.0,0.0,9.975315,0.0
13.582305,350.0,0.0,10.17531,0.0
13.590878,350.0,0.0,10.375288,0.0
13.599353,350.0,0.0,10.675266,0.0
13.611903,350.000031,0.0,10.87525,0.0
13.619929,350.0,0.0,11.07525,0.0
13.628619,350.0,0.0,11.275248,0.0
13.635029,350.0,0.0,11.475221,0.0
13.652214,350.0,0.0,11.975197,0.0
13.673048,350.0,0.0,12.175165,0.0
13.68122,350.0,0.0,12.67515,0.0
13.692446,350.0,0.0,12.875134,0.0
13.699749,349.999969,0.0,13.175119,0.0
13.712422,350.0,0.0,13.375094,0.0
13.718292,350.0,0.0,13.575078,0.0
13.729152,349.999969,0.0,13.975061,0.0
13.74206,350.0,0.0,14.175031,0.0
13.751602,350.0,0.0,14.375039,0.0
13.758111,350.0,0.0,14.575007,0.0
13.766436,349.999969,0.0,14.87501,0.0
13.780202,350.0,0.0,15.074972,0.0
13.78184,350.0,0.0,15.274979,0.0
13.79649,350.0,0.0,15.474965,0.0
13.802517,350.0,0.0,15.674949,0.0
13.812983,350.0,0.0,15.874927,0.0
13.813577,349.999969,0.0,16.074926,0.0
13.832501,350.0,0.0,16.374889,0.0
13.835694,350.0,0.0,16.574879,0.0
13.847423,350.0,0.0,16.774876,0.0
13.862522,350.0,0.0,17.174833,0.0
13.869977,350.0,0.0,17.374844,0.0
13.883947,350.000031,0.0,17.674797,0.0
13.886503,350.0,0.0,17.874807,0.0
13.900452,350.0,0.0,18.074785,0.0
13.908046,350.0,0.0,18.274773,0.0
13.912851,350.0,0.0,18.47476,0.0
13.930784,350.0,0.0,18.874743,0.0
13.937893,350.0,0.0,19.074724,0.0
13.949919,350.0,0.0,19.374699,0.0
13.959475,349.999969,0.0,19.574699,0.0
13.966018,350.0,0.0,19.874668,0.0
13.979729,350.0,0.0,20.074661,0.0
13.987686,350.0,0.0,20.274639,0.0
14.002063,350.0,0.0,20.774599,0.0
14.015938,350.0,0.0,20.974596,0.0
14.022306,350.0,0.0,21.17458,0.0
14.030351,350.0,0.0,21.374571,0.0
14.038465,350.0,0.0,21.574562,0.0
14.046361,350.0,0.0,21.774534,0.0
14.054799,350.0,0.0,21.97452,0.0
14.062739,349.999969,0.0,22.174528,0.0
14.07919,350.0,0.0,22.574488,0.0
14.087731,350.0,0.0,22.774481,0.0
14.096382,350.000031,0.0,22.974447,0.0
14.10376,350.0,0.0,23.174433,0.0
14.112146,350.0,0.0,23.374445,0.0
14.112566,350.0,0.0,23.574417,0.0
14.130331,350.0,0.0,23.874401,0.0
14.147543,350.0,0.0,24.274378,0.0
14.154742,349.999969,0.0,24.474375,0.0
14.16254,350.000031,0.0,24.674341,0.0
14.17193,350.0,0.0,24.874334,0.0
14.180416,350.0,0.0,25.074329,0.0
14.185463,350.0,0.0,25.274313,0.0
14.196362,350.0,0.0,25.474289,0.0
14.212163,349.999969,0.0,25.874277,0.0
14.219006,349.999969,0.0,26.174255,0.0
14.230403,350.0,0.0,26.374241,0.0
14.238199,350.0,0.0,26.574226,0.0
14.245949,350.0,0.0,26.774214,0.0
14.254476,350.0,0.0,26.974192,0.0
14.262433,349.999969,0.0,27.174192,0.0
14.279362,350.0,0.0,27.57415,0.0
14.286753,350.000031,0.0,27.774134,0.0
14.295899,350.0,0.0,27.974121,0.0
14.302369,350.0,0.0,28.174116,0.0
14.313115,350.0,0.0,28.374104,0.0
14.318843,350.000031,0.0,28.574078,0.0
14.328519,349.999969,0.0,28.774084,0.0
14.334799,349.999969,0.0,28.974064,0.0
14.350609,350.0,0.0,29.374035,0.0
14.358483,350.0,0.0,29.57402,0.0
14.371385,350.0,0.0,29.873995,0.0
14.379807,350.000031,0.0,30.073982,0.0
14.386852,349.999969,0.0,30.273985,0.0
14.396696,350.0,0.0,30.473969,0.0
14.402646,349.999969,0.0,30.673958,0.0
14.41309,350.0,0.0,30.873938,0.0
14.418682,350.0,0.0,31.173922,0.0
14.431145,350.0,0.0,31.373909,0.0
14.446026,350.0,0.0,31.773876,0.0
14.455156,350.0,0.0,31.973866,0.0
14.462659,350.0,0.0,32.173851,0.0
14.47011,350.0,0.0,32.373837,0.0
14.479156,350.0,0.0,32.57383,0.0
14.487979,350.0,0.0,32.773811,0.0
14.496466,350.0,0.0,32.973801,0.0
14.51181,350.0,0.0,33.373775,0.0
14.519616,349.999969,0.0,33.573769,0.0
14.527843,350.0,0.0,33.773743,0.0
14.535931,350.0,0.0,33.973736,0.0
14.54432,350.0,0.0,34.173733,0.0
14.545795,350.0,0.0,34.373703,0.0
14.560924,350.0,0.0,34.573696,0.0
14.569921,350.0,0.0,34.873672,0.0
14.579444,350.0,0.0,35.073643,0.0
14.58728,350.0,0.0,35.27364,0.0
14.602463,350.0,0.0,35.673618,0.0
14.61184,350.0,0.0,35.873611,0.0
14.618947,350.0,0.0,36.073589,0.0
14.627723,350.0,0.0,36.273575,0.0
14.635244,350.0,0.0,36.473568,0.0
14.644072,350.0,0.0,36.673553,0.0
14.649549,350.000031,0.0,36.873528,0.0
14.660151,350.0,0.0,37.073528,0.0
14.665305,349.999969,0.0,37.273529,0.0
14.684159,350.0,0.0,37.673489,0.0
14.690944,350.0,0.0,37.873478,0.0
14.698169,350.0,0.0,38.073452,0.0
14.706805,350.0,0.0,38.273457,0.0
14.714612,350.0,0.0,38.473438,0.0
14.722356,350.0,0.0,38.673409,0.0
14.731056,350.0,0.0,38.873409,0.0
14.748665,349.999969,0.0,39.273384,0.0
14.755047,350.0,0.0,39.57336,0.0
14.768923,349.999969,0.0,39.873348,0.0
14.779527,350.0,0.0,40.073334,0.0
14.786373,350.0,0.0,40.273304,0.0
14.795297,350.0,0.0,40.473301,0.0
14.804694,350.0,0.0,40.67329,0.0
14.811888,350.0,0.0,40.873276,0.0
14.816944,350.000031,0.0,41.07325,0.0
14.82886,349.999969,0.0,41.273251,0.0
14.835907,350.0,0.0,41.473232,0.0
14.844378,350.0,0.0,41.673218,0.0
14.85808,350.0,0.0,42.073193,0.0
14.862444,350.000031,0.0,42.27317,0.0
14.874642,349.999969,0.0,42.473171,0.0
14.879519,349.999969,0.0,42.673164,0.0
14.891193,349.999969,0.0,42.873146,0.0
14.898859,350.0,0.0,43.073132,0.0
14.906761,350.0,0.0,43.273117,0.0
14.91504,350.0,0.0,43.473091,0.0
14.932244,350.000031,0.0,43.873066,0.0
14.938119,349.999969,0.0,44.073071,0.0
14.948312,350.0,0.0,44.273048,0.0
14.954918,350.000031,0.0,44.47303,0.0
14.968569,350.0,0.0,44.773014,0.0
14.976668,350.0,0.0,44.973007,0.0
14.984808,350.000031,0.0,45.172981,0.0
15.002236,350.0,0.0,45.672966,0.0
15.012355,350.0,0.0,45.872936,0.0
15.019062,350.000031,0.0,46.072922,0.0
15.028832,350.0,0.0,46.272919,0.0
15.035614,350.0,0.0,46.472897,0.0
15.044323,350.000031,0.0,46.672886,0.0
15.050956,350.000031,0.0,46.872868,0.0
15.05825,350.0,0.0,47.072865,0.0
15.068115,350.0,0.0,47.27285,0.0
15.075893,349.999969,0.0,47.472847,0.0
15.096452,350.0,0.0,47.972816,0.0
15.101658,350.0,0.0,48.172791,0.0
15.112008,349.999969,0.0,48.372791,0.0
15.11684,350.0,0.0,48.572769,0.0
15.128296,350.0,0.0,48.772751,0.0
15.13163,350.0,0.0,48.972736,0.0
15.143278,350.0,0.0,49.172733,0.0
15.158919,349.999969,0.0,49.572708,0.0
15.167968,350.0,0.0,49.872681,0.0
15.179589,350.000031,0.0,50.072647,0.0
15.179589,350.0,0.0,50.272655,0.0
15.196274,350.0,0.0,50.472641,0.0
15.202638,350.0,0.0,50.672626,0.0
15.212517,349.999969,0.0,50.87262,0.0
15.218061,350.0,0.0,51.172592,0.0
15.231541,350.0,0.0,51.472569,0.0
15.244426,350.0,0.0,51.672565,0.0
15.253215,350.0,0.0,51.872547,0.0
15.268151,350.0,0.0,52.372517,0.0
15.28096,350.0,0.0,52.572498,0.0
15.286546,350.0,0.0,52.772488,0.0
15.296776,350.0,0.0,52.972477,0.0
15.301288,350.0,0.0,53.172462,0.0
15.312015,350.000031,0.0,53.372444,0.0
15.317543,350.000031,0.0,53.572426,0.0
15.328929,350.0,0.0,53.772427,0.0
15.329643,349.999969,0.0,53.972416,0.0
15.3445,350.000031,0.0,54.17239,0.0
15.346288,350.0,0.0,54.372387,0.0
15.364195,350.0,0.0,54.672363,0.0
15.369689,350.000031,0.0,54.872334,0.0
15.379748,349.999969,0.0,55.172344,0.0
15.39817,350.0,0.0,55.572304,0.0
15.405741,350.000031,0.0,55.772289,0.0
15.416176,350.000031,0.0,55.972263,0.0
15.421911,350.0,0.0,56.17226,0.0
15.431004,349.999969,0.0,56.372261,0.0
15.438591,349.999969,0.0,56.572239,0.0
15.446563,350.0,0.0,56.772232,0.0
15.462621,350.0,0.0,57.172195,0.0
15.471739,350.000031,0.0,57.372173,0.0
15.481024,350.0,0.0,57.572178,0.0
15.485062,350.0,0.0,57.872143,0.0
15.498971,349.999969,0.0,58.072147,0.0
15.506916,350.0,0.0,58.272125,0.0
15.515265,350.000031,0.0,58.472099,0.0
15.530337,350.0,0.0,58.872086,0.0
15.538609,350.0,0.0,59.072067,0.0
15.546123,350.0,0.0,59.272057,0.0
15.555083,350.0,0.0,59.472046,0.0
15.563838,350.000031,0.0,59.67202,0.0
15.568946,350.0,0.0,59.872013,0.0
15.581092,350.000031,0.0,60.071995,0.0
15.59581,350.0,0.0,60.471981,0.0
15.604717,350.000031,0.0,60.671963,0.0
15.612983,350.000031,0.0,60.971935,0.0
15.624353,349.999969,0.0,61.17194,0.0
15.630015,350.000031,0.0,61.371906,0.0
15.639172,350.0,0.0,61.571907,0.0
15.653951,350.0,0.0,61.971886,0.0
15.665002,350.0,0.0,62.17186,0.0
15.669271,350.0,0.0,62.371857,0.0
15.68011,350.0,0.0,62.571842,0.0
15.687921,350.000031,0.0,62.771816,0.0
15.695954,350.000031,0.0,62.971813,0.0
15.707903,350.0,0.0,63.27179,0.0
15.714437,350.0,0.0,63.471771,0.0
15.722139,350.000031,0.0,63.671764,0.0
15.735436,350.0,0.0,64.071739,0.0
15.746563,349.999969,0.0,64.271736,0.0
15.754164,350.0,0.0,64.471718,0.0
15.763217,350.0,0.0,64.671692,0.0
15.771366,350.0,0.0,64.871696,0.0
15.779114,350.0,0.0,65.071671,0.0
15.786043,349.999969,0.0,65.271667,0.0
15.7961,350.000031,0.0,65.471634,0.0
15.815615,350.0,0.0,65.971603,0.0
15.818615,349.999969,0.0,66.171608,0.0
15.830396,350.0,0.0,66.37159,0.0
15.838031,350.0,0.0,66.571579,0.0
15.847646,350.0,0.0,66.771561,0.0
15.85447,350.000031,0.0,66.971542,0.0
15.862375,350.0,0.0,67.171539,0.0
15.879149,350.000031,0.0,67.571503,0.0
15.88842,350.0,0.0,67.771492,0.0
15.897391,350.000031,0.0,67.971481,0.0
15.902437,350.000031,0.0,68.171463,0.0
15.916065,350.0,0.0,68.471451,0.0
15.918295,349.999969,0.0,68.671432,0.0
15.931108,350.0,0.0,68.871422,0.0
15.946135,350.0,0.0,69.271393,0.0
15.955662,350.000031,0.0,69.471375,0.0
15.963706,350.0,0.0,69.671371,0.0
15.97067,350.0,0.0,69.871346,0.0
15.97957,350.0,0.0,70.07135,0.0
15.987959,350.000031,0.0,70.271332,0.0
15.996022,350.0,0.0,70.471321,0.0
16.01251,350.000031,0.0,70.871284,0.0
16.018538,350.0,0.0,71.071274,0.0
16.028948,350.0,0.0,71.271263,0.0
16.035364,350.0,0.0,71.471252,0.0
16.04439,350.0,0.0,71.671227,0.0
16.048334,350.000031,0.0,71.871223,0.0
16.05795,350.000031,0.0,72.071213,0.0
16.073826,350.0,0.0,72.471184,0.0
16.084212,349.999969,0.0,72.671181,0.0
16.091127,350.0,0.0,72.871155,0.0
16.098674,350.0,0.0,73.071152,0.0
16.112754,350.000031,0.0,73.371117,0.0
16.117857,350.0,0.0,73.671104,0.0
16.132106,350.000031,0.0,73.871086,0.0
16.147427,349.999969,0.0,74.271072,0.0
16.156547,350.000031,0.0,74.471054,0.0
16.163944,350.0,0.0,74.671028,0.0
16.170392,350.0,0.0,74.871025,0.0
16.179296,350.0,0.0,75.071014,0.0
16.188755,350.0,0.0,75.270996,0.0
16.196232,350.0,0.0,75.47097,0.0
16.2044,350.000031,0.0,75.670975,0.0
16.218704,349.999969,0.0,76.170929,0.0
16.232856,350.0,0.0,76.470909,0.0
16.244405,350.0,0.0,76.670898,0.0
16.256416,349.999969,0.0,76.970894,0.0
16.26404,350.0,0.0,77.170868,0.0
16.269201,350.000031,0.0,77.37085,0.0
16.280473,350.0,0.0,77.570847,0.0
16.288074,350.0,0.0,77.770851,0.0
16.300723,349.999969,0.0,78.170815,0.0
16.316498,350.000031,0.0,78.470787,0.0
16.322531,350.0,0.0,78.670776,0.0
16.330663,350.000031,0.0,78.87075,0.0
16.338404,350.000031,0.0,79.070732,0.0
16.348076,349.999969,0.0,79.270737,0.0
16.354556,350.0,0.0,79.470718,0.0
16.36253,350.0,0.0,79.670715,0.0
16.379198,350.0,0.0,80.070671,0.0
16.394449,350.0,0.0,80.370659,0.0
16.405356,350.0,0.0,80.670647,0.0
16.412946,350.0,0.0,80.970604,0.0
16.423993,350.0,0.0,81.170609,0.0
16.431407,350.0,0.0,81.37059,0.0
16.44647,350.0,0.0,81.87056,0.0
16.458558,350.000031,0.0,82.070549,0.0
16.468029,350.000031,0.0,82.270531,0.0
16.475303,350.0,0.0,82.47052,0.0
16.483811,350.000031,0.0,82.7705,0.0
16.496329,350.0,0.0,82.97049,0.0
16.513272,350.000031,0.0,83.470451,0.0
16.522674,350.0,0.0,83.670441,0.0
16.530966,350.000031,0.0,83.870422,0.0
16.538655,349.999969,0.0,84.070412,0.0
16.547795,349.999939,0.0,84.270409,0.0
16.554585,350.000031,0.0,84.470398,0.0
16.562919,350.0,0.0,84.670387,0.0
16.578931,350.0,0.0,85.070343,0.0
16.58857,350.0,0.0,85.270325,0.0
16.595839,350.000031,0.0,85.470314,0.0
16.604098,350.0,0.0,85.670319,0.0
16.61281,350.0,0.0,85.8703,0.0
16.624493,350.0,0.0,86.170273,0.0
16.629454,350.0,0.0,86.37027,0.0
16.6467,350.000031,0.0,86.770226,0.0
16.654728,350.000031,0.0,86.970215,0.0
16.662822,350.000031,0.0,87.270195,0.0
16.676197,350.0,0.0,87.470184,0.0
16.680674,350.0,0.0,87.670166,0.0
16.689689,350.0,0.0,87.870163,0.0
16.698446,350.0,0.0,88.07016,0.0
16.715312,350.0,0.0,88.470123,0.0
16.724056,349.999969,0.0,88.670105,0.0
16.730746,350.0,0.0,88.870087,0.0
16.738597,349.999969,0.0,89.070084,0.0
16.746411,349.999969,0.0,89.270088,0.0
16.754902,350.0,0.0,89.470062,0.0
16.772452,349.999969,0.0,89.870026,0.0
16.780585,349.999969,0.0,90.170021,0.0
16.80296,350.000031,0.0,90.669983,0.0
16.812715,350.0,0.0,90.869965,0.0
16.818761,350.0,0.0,91.069939,0.0
16.832312,350.000031,0.0,91.369934,0.0
16.834825,350.0,0.0,91.569916,0.0
16.84787,349.999969,0.0,91.769905,0.0
16.854234,349.999969,0.0,91.969902,0.0
16.86389,350.000031,0.0,92.169868,0.0
16.870984,350.0,0.0,92.369873,0.0
16.888652,349.999969,0.0,92.769844,0.0
16.896963,350.0,0.0,92.969818,0.0
16.902181,350.0,0.0,93.269806,0.0
16.915703,350.0,0.0,93.469788,0.0
16.922874,350.0,0.0,93.669769,0.0
16.930892,350.000031,0.0,93.869759,0.0
16.938732,350.0,0.0,94.069763,0.0
16.948341,350.0,0.0,94.269745,0.0
16.962797,350.0,0.0,94.769714,0.0
16.975448,350.0,0.0,94.969696,0.0
16.983435,350.000031,0.0,95.169678,0.0
16.992573,350.0,0.0,95.369667,0.0
16.999515,350.0,0.0,95.569649,0.0
17.006388,350.0,0.0,95.769646,0.0
17.016262,350.0,0.0,95.969635,0.0
17.030812,350.000031,0.0,96.369598,0.0
17.038095,349.999969,0.0,96.569557,0.0
17.046063,350.000031,0.0,96.768814,0.0
17.055552,350.000031,0.0,96.966034,0.0
17.062856,350.0,0.0,97.159874,0.0
17.070536,350.0,0.0,97.348969,0.0
17.079549,350.000031,0.0,97.531944,0.0
17.097381,350.0,0.0,97.874237,0.0
17.10252,350.000031,0.0,98.107269,0.0
17.116623,349.999969,0.0,98.253044,0.0
17.122975,350.0,0.0,98.3927,0.0
17.130793,350.000031,0.0,98.527618,0.0
17.138398,350.000031,0.0,98.659149,0.0
17.146503,350.0,0.0,98.788361,0.0
17.162621,349.999969,0.0,99.037994,0.0
17.172498,350.0,0.0,99.155464,0.0
17.179381,350.0,0.0,99.265625,0.0
17.186526,350.0,0.0,99.366608,0.0
17.196288,350.0,0.0,99.456635,0.0
17.204178,350.000031,0.0,99.534088,0.0
17.21271,350.000031,0.0,99.59964,0.0
17.23617,350.000031,0.0,99.743195,0.0
17.242605,350.0,0.0,99.779449,0.0
17.251147,350.0,0.0,99.812622,0.0
17.258522,350.0,0.0,99.843918,0.0
17.268205,350.000031,0.0,99.887711,0.0
17.279497,350.000031,0.0,99.91394,0.0
17.299754,350.0,0.0,99.96463,0.0
17.307019,350.0,0.0,99.977715,0.0
17.315509,350.000031,0.0,99.990601,0.0
17.328033,350.0,0.0,99.995575,0.0
17.329366,350.000031,0.0,99.998383,0.0
17.344569,350.000031,0.0,99.999649,0.0
17.352098,350.0,0.0,100.0,0.0
17.368157,350.0,0.0,100.0,0.0
17.380543,350.0,0.0,100.0,0.0
17.385502,350.0,0.0,100.0,0.0
17.396878,350.0,0.0,100.0,0.0
17.400911,350.0,0.0,100.0,0.0
17.412114,350.0,0.0,100.0,0.0
17.418534,350.0,0.0,100.0,0.0
17.428844,350.0,0.0,100.0,0.0
17.436419,350.0,0.0,100.0,0.0
17.442567,350.0,0.0,100.0,0.0
17.45221,350.0,0.0,100.0,0.0
17.458769,350.0,0.0,100.0,0.0
17.463214,350.0,0.0,100.0,0.0
17.47608,350.0,0.0,100.0,0.0
17.482816,350.0,0.0,100.0,0.0
17.490807,350.0,0.0,100.0,0.0
17.498684,350.0,0.0,100.0,0.0
17.507527,350.0,0.0,100.0,0.0
17.51527,350.0,0.0,100.0,0.0
17.528321,350.0,0.0,100.0,0.0
17.539913,350.0,0.0,100.0,0.0
17.547128,350.0,0.0,100.0,0.0
17.560591,350.0,0.0,100.0,0.0
17.565684,350.0,0.0,100.0,0.0
17.57927,350.0,0.0,100.0,0.0
17.613345,350.0,0.0,100.0,0.0
17.628098,350.0,0.0,100.0,0.0
17.636163,350.0,0.0,100.0,0.0
17.64814,350.0,0.0,100.0,0.0
17.651122,350.0,0.0,100.0,0.0
17.6733,349.999817,0.0,99.999802,0.0
17.679572,349.997437,0.0,99.997437,0.0
17.695716,349.98526,0.0,99.985291,0.0
17.706712,349.973145,0.0,99.97316,0.0
17.715528,349.944702,0.0,99.944702,0.0
17.728698,349.917633,0.0,99.917633,0.0
17.734424,349.884338,0.0,99.884338,0.0
17.744578,349.845795,0.0,99.845795,0.0
17.748613,349.802948,0.0,99.802979,0.0
17.758362,349.756866,0.0,99.756836,0.0
17.766443,349.683533,0.0,99.683495,0.0
17.780376,349.632599,0.0,99.632584,0.0
17.786518,349.57959,0.0,99.579567,0.0
17.807588,349.429901,0.0,99.429901,0.0
17.815152,349.359741,0.0,99.359741,0.0
17.822221,349.281738,0.0,99.281731,0.0
17.832086,349.194794,0.0,99.194794,0.0
17.837959,349.099457,0.0,99.099472,0.0
17.846432,348.997009,0.0,98.997047,0.0
17.85592,348.888824,0.0,98.888824,0.0
17.863324,348.776062,0.0,98.776108,0.0
17.879934,348.542206,0.0,98.542206,0.0
17.885225,348.422974,0.0,98.422935,0.0
17.895892,348.302551,0.0,98.302551,0.0
17.904342,348.180603,0.0,98.180618,0.0
17.912283,348.056702,0.0,98.056702,0.0
17.918495,347.930359,0.0,97.930344,0.0
17.932047,347.735382,0.0,97.735382,0.0
17.947894,347.46579,0.0,97.465813,0.0
17.954937,347.32785,0.0,97.32785,0.0
17.962876,347.188416,0.0,97.1884,0.0
17.976391,347.047852,0.0,97.047882,0.0
17.989326,346.836029,0.0,96.836029,0.0
18.000615,346.553314,0.0,96.553284,0.0
18.011676,346.341217,0.0,96.341217,0.0
18.018173,346.199829,0.0,96.199829,0.0
18.027749,346.058441,0.0,96.058472,0.0
18.044319,345.775696,0.0,95.775711,0.0
18.048663,345.634338,0.0,95.634338,0.0
18.058956,345.49295,0.0,95.49295,0.0
18.062811,345.351593,0.0,95.351593,0.0
18.075444,345.210205,0.0,95.210205,0.0
18.07955,345.068878,0.0,95.068832,0.0
18.092851,344.92746,0.0,94.927467,0.0
18.096399,344.715363,0.0,94.715401,0.0
18.124581,344.361969,0.0,94.361946,0.0
18.129244,344.220581,0.0,94.220581,0.0
18.138094,344.079193,0.0,94.079208,0.0
18.148224,343.937866,0.0,93.937828,0.0
18.15696,343.796448,0.0,93.796448,0.0
18.164895,343.65509,0.0,93.655075,0.0
18.168892,343.513702,0.0,93.513702,0.0
18.180306,343.372345,0.0,93.372322,0.0
18.196516,343.089569,0.0,93.089569,0.0
18.202338,342.948181,0.0,92.948212,0.0
18.213615,342.736145,0.0,92.736145,0.0
18.224252,342.594757,0.0,92.594757,0.0
18.230051,342.4534,0.0,92.453377,0.0
18.238891,342.312012,0.0,92.312012,0.0
18.248121,342.099945,0.0,92.099945,0.0
18.26801,341.8172,0.0,91.8172,0.0
18.281275,341.605133,0.0,91.605133,0.0
18.297265,341.393066,0.0,91.393066,0.0
18.30299,341.110321,0.0,91.110329,0.0
18.316631,340.898224,0.0,90.898262,0.0
18.330013,340.686188,0.0,90.686188,0.0
18.346483,340.403412,0.0,90.403442,0.0
18.355162,340.262054,0.0,90.26207,0.0
18.363117,340.120697,0.0,90.120697,0.0
18.370677,339.979309,0.0,89.979309,0.0
18.379317,339.837952,0.0,89.837944,0.0
18.386983,339.696533,0.0,89.696571,0.0
18.400165,339.484497,0.0,89.484497,0.0
18.415221,339.201752,0.0,89.201752,0.0
18.425282,339.060364,0.0,89.060379,0.0
18.432369,338.848328,0.0,88.848312,0.0
18.444574,338.70694,0.0,88.70694,0.0
18.452668,338.494873,0.0,88.494865,0.0
18.462726,338.353516,0.0,88.3535,0.0
18.489569,337.929382,0.0,87.929382,0.0
18.500535,337.717285,0.0,87.717316,0.0
18.503746,337.575928,0.0,87.575935,0.0
18.515512,337.363861,0.0,87.363861,0.0
18.532556,337.151825,0.0,87.151802,0.0
18.547881,336.869049,0.0,86.869049,0.0
18.555857,336.657013,0.0,86.65699,0.0
18.570243,336.444916,0.0,86.444939,0.0
18.579434,336.23288,0.0,86.23288,0.0
18.591057,336.091492,0.0,86.091492,0.0
18.598561,335.950073,0.0,85.950127,0.0
18.615673,335.667328,0.0,85.667366,0.0
18.622482,335.526001,0.0,85.526001,0.0
18.631297,335.384613,0.0,85.384613,0.0
18.638484,335.243286,0.0,85.243233,0.0
18.646245,335.101837,0.0,85.101875,0.0
18.656659,334.960449,0.0,84.960487,0.0
18.663125,334.819122,0.0,84.819122,0.0
18.670772,334.677765,0.0,84.677734,0.0
18.679759,334.465668,0.0,84.465668,0.0
18.696639,334.182922,0.0,84.182922,0.0
18.711711,333.970856,0.0,83.970856,0.0
18.719235,333.829498,0.0,83.829475,0.0
18.728899,333.688049,0.0,83.688118,0.0
18.734334,333.546692,0.0,83.546745,0.0
18.744746,333.405396,0.0,83.405357,0.0
18.752247,333.263977,0.0,83.263977,0.0
18.761475,333.12262,0.0,83.12262,0.0
18.768639,332.910553,0.0,82.910553,0.0
18.779351,332.698486,0.0,82.698486,0.0
18.799399,332.415771,0.0,82.415741,0.0
18.80884,332.274353,0.0,82.274353,0.0
18.815989,332.062347,0.0,82.062271,0.0
18.82794,331.920959,0.0,81.920921,0.0
18.836149,331.779572,0.0,81.779533,0.0
18.848378,331.567474,0.0,81.567474,0.0
18.864268,331.284729,0.0,81.284729,0.0
18.868349,331.143341,0.0,81.143356,0.0
18.881372,331.002014,0.0,81.001976,0.0
18.885161,330.789917,0.0,80.789917,0.0
18.899251,330.648529,0.0,80.648529,0.0
18.907306,330.507172,0.0,80.507172,0.0
18.916212,330.295105,0.0,80.295105,0.0
18.937279,330.01239,0.0,80.01236,0.0
18.944809,329.870972,0.0,79.870972,0.0
18.952114,329.729614,0.0,79.729599,0.0
18.958851,329.588226,0.0,79.588226,0.0
18.967864,329.446838,0.0,79.446831,0.0
18.973866,329.305481,0.0,79.305481,0.0
18.982934,329.164093,0.0,79.164093,0.0
18.999561,328.881317,0.0,78.881355,0.0
19.006936,328.73996,0.0,78.739975,0.0
19.015495,328.598602,0.0,78.59861,0.0
19.02301,328.457214,0.0,78.457214,0.0
19.030912,328.245148,0.0,78.245155,0.0
19.043263,328.10379,0.0,78.10379,0.0
19.051393,327.962372,0.0,77.96241,0.0
19.068255,327.679657,0.0,77.679657,0.0
19.080915,327.46759,0.0,77.46759,0.0
19.085762,327.326202,0.0,77.326225,0.0
19.095554,327.184875,0.0,77.184837,0.0
19.095554,327.043488,0.0,77.043449,0.0
19.113518,326.9021,0.0,76.9021,0.0
19.119611,326.690033,0.0,76.690041,0.0
19.132798,326.477966,0.0,76.477966,0.0
19.144773,326.336578,0.0,76.336578,0.0
19.153189,326.124512,0.0,76.124527,0.0
19.163414,325.983124,0.0,75.983154,0.0
19.171189,325.841766,0.0,75.841766,0.0
19.179147,325.629669,0.0,75.629723,0.0
19.190581,325.488373,0.0,75.488335,0.0
19.208357,325.205597,0.0,75.205597,0.0
19.215531,325.064209,0.0,75.064209,0.0
19.222205,324.922821,0.0,74.922836,0.0
19.232609,324.781433,0.0,74.781464,0.0
19.238657,324.640106,0.0,74.640076,0.0
19.246215,324.498718,0.0,74.498718,0.0
19.256261,324.35733,0.0,74.35733,0.0
19.262806,324.215942,0.0,74.215965,0.0
19.284135,323.862518,0.0,73.862518,0.0
19.286116,323.72113,0.0,73.721146,0.0
19.299496,323.509064,0.0,73.509079,0.0
19.312313,323.367706,0.0,73.367706,0.0
19.314585,323.226318,0.0,73.226334,0.0
19.328579,323.084961,0.0,73.084953,0.0
19.332743,322.943573,0.0,72.943581,0.0
19.345637,322.660828,0.0,72.660828,0.0
19.358525,322.519409,0.0,72.519463,0.0
19.367542,322.307404,0.0,72.307388,0.0
19.380479,322.166046,0.0,72.166008,0.0
19.38559,322.024658,0.0,72.024628,0.0
19.396135,321.88327,0.0,71.883263,0.0
19.403858,321.741913,0.0,71.741882,0.0
19.418894,321.459167,0.0,71.459137,0.0
19.428467,321.317749,0.0,71.317764,0.0
19.435928,321.105743,0.0,71.10569,0.0
19.446691,320.964325,0.0,70.964325,0.0
19.455578,320.822937,0.0,70.822952,0.0
19.463251,320.68158,0.0,70.681572,0.0
19.470684,320.540192,0.0,70.540199,0.0
19.4808,320.398834,0.0,70.398819,0.0
19.485526,320.257416,0.0,70.257454,0.0
19.504034,319.97467,0.0,69.974701,0.0
19.512582,319.833313,0.0,69.833321,0.0
19.52024,319.691956,0.0,69.691948,0.0
19.529099,319.550598,0.0,69.55056,0.0
19.535723,319.40918,0.0,69.409195,0.0
19.548239,319.197113,0.0,69.197136,0.0
19.553429,319.055756,0.0,69.055763,0.0
19.563384,318.914398,0.0,68.914375,0.0
19.579449,318.631592,0.0,68.631638,0.0
19.586575,318.490265,0.0,68.49025,0.0
19.596322,318.348877,0.0,68.348877,0.0
19.606269,318.136841,0.0,68.13681,0.0
19.615077,317.995453,0.0,67.995438,0.0
19.624739,317.854065,0.0,67.854065,0.0
19.633299,317.712646,0.0,67.712692,0.0
19.636579,317.57132,0.0,67.571304,0.0
19.647894,317.359253,0.0,67.359253,0.0
19.667676,317.076508,0.0,67.0765,0.0
19.674792,316.93512,0.0,66.935127,0.0
19.684571,316.793762,0.0,66.793739,0.0
19.690766,316.652344,0.0,66.652382,0.0
19.698984,316.510986,0.0,66.510994,0.0
19.708524,316.369629,0.0,66.369629,0.0
19.716145,316.22821,0.0,66.228256,0.0
19.722493,316.086884,0.0,66.086868,0.0
19.738631,315.804077,0.0,65.804131,0.0
19.746372,315.66272,0.0,65.66275,0.0
19.754318,315.521362,0.0,65.52137,0.0
19.762906,315.379974,0.0,65.380005,0.0
19.77202,315.238617,0.0,65.238617,0.0
19.784704,315.02655,0.0,65.026558,0.0
19.7857,314.885193,0.0,64.885185,0.0
19.799024,314.743805,0.0,64.743805,0.0
19.807407,314.602417,0.0,64.60244,0.0
19.822223,314.319672,0.0,64.319679,0.0
19.829831,314.178284,0.0,64.178299,0.0
19.838838,314.036896,0.0,64.036942,0.0
19.846419,313.895538,0.0,63.895557,0.0
19.854655,313.754181,0.0,63.754181,0.0
19.863265,313.612823,0.0,63.612782,0.0
19.871823,313.471436,0.0,63.47142,0.0
19.879784,313.330048,0.0,63.330048,0.0
19.885989,313.18866,0.0,63.188683,0.0
19.902512,312.905914,0.0,62.90593,0.0
19.912776,312.764557,0.0,62.764545,0.0
19.917759,312.623169,0.0,62.623173,0.0
19.93279,312.411102,0.0,62.41111,0.0
19.938649,312.269714,0.0,62.269733,0.0
19.947428,312.128326,0.0,62.128361,0.0
19.956198,311.986969,0.0,61.986984,0.0
19.962288,311.845581,0.0,61.845615,0.0
19.979734,311.562836,0.0,61.562862,0.0
19.9871,311.421478,0.0,61.421482,0.0
19.996278,311.280121,0.0,61.280102,0.0
20.002638,311.138733,0.0,61.138741,0.0
20.012547,310.997345,0.0,60.99736,0.0
20.017946,310.855988,0.0,60.855972,0.0
20.027941,310.71463,0.0,60.714592,0.0
20.033062,310.573212,0.0,60.573235,0.0
20.048538,310.290436,0.0,60.290489,0.0
20.058657,310.149109,0.0,60.149101,0.0
20.068296,310.007721,0.0,60.007732,0.0
20.068296,309.866333,0.0,59.866364,0.0
20.084049,309.724976,0.0,59.724979,0.0
20.091311,309.583557,0.0,59.583611,0.0
20.098748,309.44223,0.0,59.44223,0.0
20.106659,309.300812,0.0,59.300858,0.0
20.116153,309.159454,0.0,59.159477,0.0
20.131181,308.87677,0.0,58.876717,0.0
20.138168,308.735352,0.0,58.735352,0.0
20.148345,308.593933,0.0,58.593983,0.0
20.154162,308.452576,0.0,58.45261,0.0
20.164612,308.311218,0.0,58.311218,0.0
20.168649,308.169861,0.0,58.169846,0.0
20.180518,308.028473,0.0,58.028477,0.0
20.196855,307.674988,0.0,57.675045,0.0
20.208729,307.533661,0.0,57.533657,0.0
20.215345,307.392273,0.0,57.392284,0.0
20.223563,307.250916,0.0,57.250912,0.0
20.231252,307.109528,0.0,57.109528,0.0
20.238398,306.96814,0.0,56.968159,0.0
20.246908,306.826782,0.0,56.826782,0.0
20.263302,306.544037,0.0,56.544029,0.0
20.270871,306.402588,0.0,56.402664,0.0
20.280123,306.261292,0.0,56.261269,0.0
20.287338,306.119873,0.0,56.119911,0.0
20.300651,305.907837,0.0,55.907837,0.0
20.30442,305.766479,0.0,55.766464,0.0
20.31535,305.625061,0.0,55.625092,0.0
20.322873,305.483704,0.0,55.483711,0.0
20.330352,305.342346,0.0,55.342339,0.0
20.352967,304.988861,0.0,54.988899,0.0
20.365128,304.776794,0.0,54.776848,0.0
20.369248,304.635468,0.0,54.63546,0.0
20.379521,304.49411,0.0,54.49408,0.0
20.379521,304.352722,0.0,54.352707,0.0
20.400993,304.140625,0.0,54.140648,0.0
20.414644,303.85791,0.0,53.857899,0.0
20.41904,303.716553,0.0,53.716515,0.0
20.432509,303.575104,0.0,53.575165,0.0
20.44483,303.363068,0.0,53.363083,0.0
20.452077,303.22168,0.0,53.221718,0.0
20.458361,303.080292,0.0,53.080345,0.0
20.467464,302.938965,0.0,52.938957,0.0
20.474658,302.797577,0.0,52.797581,0.0
20.49643,302.444153,0.0,52.444134,0.0
20.502602,302.302765,0.0,52.302765,0.0
20.512465,302.161346,0.0,52.161404,0.0
20.519282,301.94931,0.0,51.949337,0.0
20.531735,301.807922,0.0,51.807953,0.0
20.538806,301.666534,0.0,51.666588,0.0
20.547632,301.525208,0.0,51.525208,0.0
20.566598,301.101074,0.0,51.10107,0.0
20.57936,300.959686,0.0,50.959702,0.0
20.587572,300.818329,0.0,50.818329,0.0
20.596843,300.67691,0.0,50.67696,0.0
20.602787,300.535583,0.0,50.535576,0.0
20.612589,300.394196,0.0,50.394196,0.0
20.619123,300.252838,0.0,50.252834,0.0
20.628032,300.11145,0.0,50.11145,0.0
20.635057,299.970062,0.0,49.970089,0.0
20.643131,299.828705,0.0,49.828705,0.0
20.646639,299.687317,0.0,49.687321,0.0
20.65905,299.545959,0.0,49.545952,0.0
20.674382,299.263184,0.0,49.263199,0.0
20.679727,299.121826,0.0,49.121819,0.0
20.691739,298.980408,0.0,48.980453,0.0
20.700442,298.768402,0.0,48.768375,0.0
20.712626,298.627014,0.0,48.62701,0.0
20.719252,298.485626,0.0,48.485626,0.0
20.727837,298.344238,0.0,48.344265,0.0
20.743448,298.061493,0.0,48.061504,0.0
20.751709,297.920105,0.0,47.920135,0.0
20.753295,297.778717,0.0,47.77877,0.0
20.768278,297.566681,0.0,47.566685,0.0
20.780282,297.425323,0.0,47.425323,0.0
20.787157,297.213226,0.0,47.213268,0.0
20.798923,297.071869,0.0,47.071873,0.0
20.814973,296.789093,0.0,46.789135,0.0
20.822614,296.647736,0.0,46.647751,0.0
20.832166,296.506378,0.0,46.506378,0.0
20.838227,296.365021,0.0,46.364986,0.0
20.846591,296.223633,0.0,46.223629,0.0
20.860304,296.011536,0.0,46.011574,0.0
20.863515,295.870178,0.0,45.870178,0.0
20.880342,295.658112,0.0,45.658134,0.0
20.896471,295.375366,0.0,45.375366,0.0
20.902468,295.234009,0.0,45.234001,0.0
20.912478,295.09259,0.0,45.092632,0.0
20.91971,294.951233,0.0,44.951248,0.0
20.930247,294.739197,0.0,44.739178,0.0
20.939203,294.597809,0.0,44.597813,0.0
20.946786,294.456421,0.0,44.456432,0.0
20.963309,294.102966,0.0,44.102997,0.0
20.976366,293.961609,0.0,43.96162,0.0
20.981241,293.820251,0.0,43.820232,0.0
20.997088,293.608185,0.0,43.608181,0.0
21.003501,293.466797,0.0,43.466805,0.0
21.012497,293.325409,0.0,43.325436,0.0
21.03242,292.971985,0.0,42.971989,0.0
21.044993,292.759918,0.0,42.759922,0.0
21.052816,292.61853,0.0,42.618565,0.0
21.059177,292.477173,0.0,42.47718,0.0
21.068401,292.265106,0.0,42.265106,0.0
21.079354,292.123779,0.0,42.123734,0.0
21.087976,291.982361,0.0,41.982361,0.0
21.095933,291.840973,0.0,41.840984,0.0
21.106148,291.699646,0.0,41.699615,0.0
21.117064,291.487549,0.0,41.487545,0.0
21.122246,291.346161,0.0,41.346172,0.0
21.133091,291.204803,0.0,41.204788,0.0
21.145153,290.992737,0.0,40.992733,0.0
21.152261,290.851349,0.0,40.851353,0.0
21.167303,290.497925,0.0,40.497921,0.0
21.179629,290.356567,0.0,40.356541,0.0
21.18681,290.215149,0.0,40.215164,0.0
21.197227,290.073761,0.0,40.073807,0.0
21.204831,289.932434,0.0,39.932411,0.0
21.212565,289.791046,0.0,39.791039,0.0
21.228287,289.508301,0.0,39.508286,0.0
21.236067,289.366913,0.0,39.36692,0.0
21.236067,289.225555,0.0,39.225552,0.0
21.252744,289.084167,0.0,39.084167,0.0
21.263735,288.872101,0.0,38.872105,0.0
21.263735,288.730682,0.0,38.730732,0.0
21.280948,288.518646,0.0,38.518673,0.0
21.303997,288.094543,0.0,38.094536,0.0
21.320565,287.882446,0.0,37.882484,0.0
21.328281,287.741089,0.0,37.741096,0.0
21.336283,287.599701,0.0,37.599728,0.0
21.348948,287.387665,0.0,37.387661,0.0
21.356034,287.246307,0.0,37.246281,0.0
21.370283,286.963531,0.0,36.963539,0.0
21.379892,286.822144,0.0,36.822155,0.0
21.389017,286.680817,0.0,36.680779,0.0
21.401154,286.468719,0.0,36.468719,0.0
21.403247,286.327332,0.0,36.327347,0.0
21.420685,286.115295,0.0,36.115276,0.0
21.428299,285.973907,0.0,35.973907,0.0
21.436756,285.83252,0.0,35.832539,0.0
21.444757,285.691162,0.0,35.691147,0.0
21.450539,285.549774,0.0,35.549759,0.0
21.470741,285.19632,0.0,35.196354,0.0
21.480632,285.054932,0.0,35.054974,0.0
21.488125,284.913605,0.0,34.913593,0.0
21.496554,284.772217,0.0,34.772209,0.0
21.504042,284.630829,0.0,34.630836,0.0
21.512924,284.489471,0.0,34.489464,0.0
21.521084,284.348053,0.0,34.348095,0.0
21.529257,284.206726,0.0,34.206715,0.0
21.54862,283.782623,0.0,33.782581,0.0
21.561081,283.641205,0.0,33.641212,0.0
21.565794,283.429169,0.0,33.429153,0.0
21.580123,283.217072,0.0,33.217087,0.0
21.593162,283.075745,0.0,33.07571,0.0
21.603305,282.863647,0.0,32.863651,0.0
21.621467,282.510193,0.0,32.510216,0.0
21.632935,282.368866,0.0,32.368832,0.0
21.639091,282.227448,0.0,32.227455,0.0
21.649147,282.08609,0.0,32.086082,0.0
21.652586,281.873993,0.0,31.874023,0.0
21.668859,281.732605,0.0,31.732651,0.0
21.675849,281.591309,0.0,31.591259,0.0
21.68548,281.379211,0.0,31.379208,0.0
21.700632,281.167114,0.0,31.167162,0.0
21.716643,280.884399,0.0,30.884399,0.0
21.721624,280.743011,0.0,30.743011,0.0
21.733061,280.601624,0.0,30.601635,0.0
21.737075,280.460266,0.0,30.460272,0.0
21.746969,280.318878,0.0,30.318886,0.0
21.756981,280.177521,0.0,30.177523,0.0
21.763083,280.036163,0.0,30.036142,0.0
21.779847,279.682709,0.0,29.682701,0.0
21.791489,279.541321,0.0,29.541323,0.0
21.798921,279.399963,0.0,29.399946,0.0
21.806605,279.258545,0.0,29.258585,0.0
21.816968,279.117157,0.0,29.11721,0.0
21.823673,278.97583,0.0,28.975817,0.0
21.830264,278.834442,0.0,28.834448,0.0
21.847252,278.481018,0.0,28.481016,0.0
21.864807,278.268951,0.0,28.268942,0.0
21.869059,278.127563,0.0,28.127573,0.0
21.880381,277.986206,0.0,27.986193,0.0
21.886516,277.844818,0.0,27.844816,0.0
21.896653,277.70343,0.0,27.703453,0.0
21.904065,277.491425,0.0,27.491383,0.0
21.922655,277.208618,0.0,27.208626,0.0
21.931234,277.06723,0.0,27.067266,0.0
21.937835,276.925873,0.0,26.925879,0.0
21.946372,276.784485,0.0,26.7845,0.0
21.955736,276.643127,0.0,26.643133,0.0
21.963298,276.50174,0.0,26.501753,0.0
21.970857,276.360382,0.0,26.360371,0.0
21.980028,276.218994,0.0,26.219002,0.0
21.9994,275.79483,0.0,25.794888,0.0
22.013952,275.653473,0.0,25.653517,0.0
22.025023,275.441437,0.0,25.441416,0.0
22.030415,275.300079,0.0,25.30007,0.0
22.038529,275.158691,0.0,25.158688,0.0
22.048863,275.017303,0.0,25.017303,0.0
22.053127,274.875946,0.0,24.875929,0.0
22.073228,274.59317,0.0,24.593197,0.0
22.080184,274.381134,0.0,24.381119,0.0
22.092093,274.239777,0.0,24.239746,0.0
22.098202,274.098358,0.0,24.098373,0.0
22.106984,273.957001,0.0,23.956999,0.0
22.116179,273.815613,0.0,23.81562,0.0
22.122543,273.674255,0.0,23.674244,0.0
22.139238,273.39151,0.0,23.391497,0.0
22.147894,273.250122,0.0,23.250118,0.0
22.152941,273.108704,0.0,23.10874,0.0
22.164893,272.967377,0.0,22.967369,0.0
22.169282,272.825989,0.0,22.825991,0.0
22.179839,272.613953,0.0,22.61393,0.0
22.19058,272.472534,0.0,22.472549,0.0
22.198924,272.260498,0.0,22.260492,0.0
22.219107,271.977753,0.0,21.977737,0.0
22.228385,271.836365,0.0,21.836361,0.0
22.235559,271.694977,0.0,21.694984,0.0
22.24323,271.553619,0.0,21.553608,0.0
22.252395,271.412201,0.0,21.412237,0.0
22.261062,271.270874,0.0,21.27087,0.0
22.266742,271.129486,0.0,21.129484,0.0
22.28054,270.917419,0.0,20.917427,0.0
22.297054,270.634674,0.0,20.634687,0.0
22.303094,270.493286,0.0,20.493288,0.0
22.312585,270.351929,0.0,20.351929,0.0
22.317511,270.210541,0.0,20.210543,0.0
22.32842,270.069153,0.0,20.069176,0.0
22.336881,269.927795,0.0,19.927795,0.0
22.345101,269.786377,0.0,19.786428,0.0
22.351815,269.64505,0.0,19.645041,0.0
22.368747,269.291595,0.0,19.291603,0.0
22.385365,269.079529,0.0,19.079552,0.0
22.385365,268.938171,0.0,18.938169,0.0
22.401858,268.726105,0.0,18.726097,0.0
22.412928,268.584717,0.0,18.584734,0.0
22.431436,268.231293,0.0,18.231298,0.0
22.439027,268.089905,0.0,18.089911,0.0
22.448,267.877869,0.0,17.877853,0.0
22.458811,267.736511,0.0,17.736467,0.0
22.467371,267.595093,0.0,17.595098,0.0
22.48019,267.383026,0.0,17.383039,0.0
22.486528,267.241669,0.0,17.241657,0.0
22.504312,266.958923,0.0,16.95891,0.0
22.511525,266.817535,0.0,16.817539,0.0
22.513963,266.676147,0.0,16.676165,0.0
22.528523,266.53479,0.0,16.534788,0.0
22.53605,266.393402,0.0,16.393419,0.0
22.543042,266.252014,0.0,16.252024,0.0
22.550843,266.110657,0.0,16.110655,0.0
22.564527,265.89859,0.0,15.898592,0.0
22.569113,265.757263,0.0,15.757221,0.0
22.579856,265.615814,0.0,15.615851,0.0
22.579856,265.474457,0.0,15.474468,0.0
22.597152,265.26239,0.0,15.26241,0.0
22.607564,265.121033,0.0,15.121025,0.0
22.620677,264.838287,0.0,14.838276,0.0
22.63157,264.696899,0.0,14.696915,0.0
22.638789,264.555542,0.0,14.555527,0.0
22.646768,264.414154,0.0,14.414158,0.0
22.654941,264.272766,0.0,14.272783,0.0
22.663359,264.131409,0.0,14.131407,0.0
22.672726,263.990021,0.0,13.990028,0.0
22.681876,263.848694,0.0,13.848645,0.0
22.694937,263.636597,0.0,13.63658,0.0
22.695947,263.42453,0.0,13.424511,0.0
22.719995,263.071075,0.0,13.07109,0.0
22.730559,262.929718,0.0,12.929714,0.0
22.73912,262.717682,0.0,12.717646,0.0
22.751265,262.576263,0.0,12.576275,0.0
22.763992,262.364197,0.0,12.364203,0.0
22.763992,262.222839,0.0,12.222834,0.0
22.780661,262.081451,0.0,12.081452,0.0
22.780661,261.940094,0.0,11.940082,0.0
22.812996,261.515961,0.0,11.515965,0.0
22.819406,261.374573,0.0,11.374578,0.0
22.832983,261.162506,0.0,11.162519,0.0
22.835421,261.021149,0.0,11.021145,0.0
22.847013,260.809082,0.0,10.809083,0.0
22.859245,260.667694,0.0,10.667703,0.0
22.868471,260.526337,0.0,10.526328,0.0
22.874978,260.384949,0.0,10.384958,0.0
22.891863,260.102203,0.0,10.102195,0.0
22.899366,259.960815,0.0,9.960808,0.0
22.906612,259.819427,0.0,9.819456,0.0
22.916694,259.67807,0.0,9.678074,0.0
22.922862,259.536713,0.0,9.536703,0.0
22.930078,259.395294,0.0,9.395325,0.0
22.945097,259.183258,0.0,9.183261,0.0
22.965053,258.759125,0.0,8.759124,0.0
22.980815,258.547028,0.0,8.547076,0.0
22.988224,258.405701,0.0,8.405699,0.0
22.99701,258.264282,0.0,8.264326,0.0
23.004815,258.122955,0.0,8.12294,0.0
23.012781,257.981537,0.0,7.981572,0.0
23.018796,257.84021,0.0,7.84018,0.0
23.029123,257.698822,0.0,7.698823,0.0
23.048597,257.345367,0.0,7.345397,0.0
23.053805,257.20401,0.0,7.20401,0.0
23.06344,257.062622,0.0,7.062623,0.0
23.071708,256.921265,0.0,6.921256,0.0
23.079711,256.779877,0.0,6.779889,0.0
23.086279,256.638519,0.0,6.638499,0.0
23.096011,256.497162,0.0,6.497127,0.0
23.102285,256.355743,0.0,6.355756,0.0
23.11266,256.214386,0.0,6.214372,0.0
23.117002,256.073029,0.0,6.073008,0.0
23.128305,255.931625,0.0,5.931619,0.0
23.130472,255.790237,0.0,5.790266,0.0
23.145115,255.64888,0.0,5.648869,0.0
23.158818,255.366135,0.0,5.366137,0.0
23.168583,255.154068,0.0,5.154069,0.0
23.181503,255.012665,0.0,5.012681,0.0
23.188835,254.871307,0.0,4.871305,0.0
23.196644,254.729935,0.0,4.729933,0.0
23.203204,254.588547,0.0,4.588552,0.0
23.211941,254.447189,0.0,4.447184,0.0
23.228438,254.164444,0.0,4.164429,0.0
23.23572,254.023056,0.0,4.023076,0.0
23.23572,253.881668,0.0,3.881682,0.0
23.252628,253.740311,0.0,3.740304,0.0
23.259624,253.598953,0.0,3.598926,0.0
23.268399,253.457565,0.0,3.457552,0.0
23.275626,253.316177,0.0,3.316173,0.0
23.283478,253.174805,0.0,3.174804,0.0
23.298611,252.892075,0.0,2.892051,0.0
23.307416,252.750702,0.0,2.750669,0.0
23.315531,252.609299,0.0,2.609303,0.0
23.322408,252.467941,0.0,2.46793,0.0
23.331835,252.32695,0.0,2.326973,0.0
23.338417,252.187256,0.0,2.187254,0.0
23.348019,252.049744,0.0,2.049706,0.0
23.354535,251.915253,0.0,1.915251,0.0
23.370417,251.659256,0.0,1.65921,0.0
23.380851,251.539444,0.0,1.539454,0.0
23.386329,251.426147,0.0,1.426129,0.0
23.396707,251.31871,0.0,1.318728,0.0
23.409176,251.166687,0.0,1.166698,0.0
23.415667,251.022827,0.0,1.022834,0.0
23.432732,250.884201,0.0,0.88422,0.0
23.449025,250.706833,0.0,0.7068,0.0
23.45692,250.622894,0.0,0.622895,0.0
23.463292,250.543777,0.0,0.543764,0.0
23.47101,250.470627,0.0,0.47062,0.0
23.479702,250.374893,0.0,0.374867,0.0
23.493296,250.321777,0.0,0.32176,0.0
23.500452,250.276642,0.0,0.27664,0.0
23.515328,250.205383,0.0,0.20541,0.0
23.522906,250.176804,0.0,0.176838,0.0
23.531587,250.151398,0.0,0.151391,0.0
23.538866,250.128159,0.0,0.12816,0.0
23.5466,250.106384,0.0,0.106347,0.0
23.556775,250.085785,0.0,0.085762,0.0
23.563277,250.066788,0.0,0.066801,0.0
23.57071,250.04985,0.0,0.049859,0.0
23.588861,250.023697,0.0,0.023697,0.0
23.597411,250.014923,0.0,0.014927,0.0
23.603676,250.006317,0.0,0.006291,0.0
23.619955,250.001877,0.0,0.001879,0.0
23.628578,250.000549,0.0,0.000536,0.0
23.634301,250.000061,0.0,7.8e-05,0.0
23.644797,250.000015,0.0,-6e-06,0.0
23.649903,250.000015,0.0,-6e-06,0.0
23.6647,250.000015,0.0,-6e-06,0.0
23.6647,250.000015,0.0,-6e-06,0.0
23.680803,250.000015,0.0,-6e-06,0.0
23.68771,250.000015,0.0,-6e-06,0.0
23.700387,250.000015,0.0,-6e-06,0.0
23.703557,250.000015,0.0,-6e-06,0.0
23.719959,250.000015,0.0,-6e-06,0.0
23.728415,250.000015,0.0,-6e-06,0.0
23.730565,250.000015,0.0,-6e-06,0.0
23.748358,250.000015,0.0,-6e-06,0.0
23.750343,250.000015,0.0,-6e-06,0.0
23.76351,250.000015,0.0,-6e-06,0.0
23.773055,250.000015,0.0,-6e-06,0.0
23.78002,250.000015,0.0,-6e-06,0.0
23.786669,250.000015,0.0,-6e-06,0.0
23.796674,250.000015,0.0,-6e-06,0.0
23.803429,250.000015,0.0,-6e-06,0.0
23.836467,250.000015,0.0,-6e-06,0.0
23.847399,250.000015,0.0,-6e-06,0.0
23.855968,250.000015,0.0,-6e-06,0.0
23.863229,250.000015,0.0,-6e-06,0.0
23.870934,250.000015,0.0,-6e-06,0.0
23.879904,250.000015,0.0,-6e-06,0.0
23.897375,250.000015,0.0,0.000278,0.0
23.915412,250.000031,0.0,0.009809,0.0
23.922967,250.000015,0.0,0.020813,0.0
23.932743,250.000015,0.0,0.03795,0.0
23.938443,250.000015,0.0,0.062631,0.0
23.947055,250.000031,0.0,0.096186,0.0
23.954692,250.000015,0.0,0.139034,0.0
23.963286,250.000046,0.0,0.19001,0.0
23.980346,250.000015,0.0,0.31084,0.0
23.987059,250.000015,0.0,0.377953,0.0
23.99701,250.000015,0.0,0.483411,0.0
24.008916,250.000015,0.0,0.556761,0.0
24.013682,250.000031,0.0,0.674341,0.0
24.028547,250.000015,0.0,0.760404,0.0
24.044223,250.000031,0.0,0.959369,0.0
24.047087,250.000015,0.0,1.075921,0.0
24.065326,250.0,0.0,1.273867,0.0
24.072073,250.000015,0.0,1.4944,0.0
24.084364,250.000031,0.0,1.650889,0.0
24.090597,249.999985,0.0,1.812805,0.0
24.101038,250.000015,0.0,1.978391,0.0
24.114609,250.000015,0.0,2.315765,0.0
24.123858,250.000015,0.0,2.487091,0.0
24.132113,250.000031,0.0,2.660909,0.0
24.138493,250.000015,0.0,2.837843,0.0
24.146937,250.000031,0.0,3.018531,0.0
24.155025,250.000046,0.0,3.203483,0.0
24.16305,250.000015,0.0,3.392452,0.0
24.180163,250.000031,0.0,3.779949,0.0
24.187822,250.000015,0.0,3.977209,0.0
24.196787,250.000031,0.0,4.17602,0.0
24.204023,250.0,0.0,4.375699,0.0
24.212882,250.000015,0.0,4.57567,0.0
24.219115,250.000015,0.0,4.775657,0.0
24.22878,250.000015,0.0,4.975646,0.0
24.236272,250.000015,0.0,5.175644,0.0
24.245382,250.000015,0.0,5.375619,0.0
24.256593,250.000015,0.0,5.675613,0.0
24.267159,250.000015,0.0,5.875593,0.0
24.278358,250.000015,0.0,6.175571,0.0
24.280212,250.0,0.0,6.475548,0.0
24.297233,250.000031,0.0,6.675539,0.0
24.302278,250.0,0.0,6.875527,0.0
24.316472,250.000031,0.0,7.275506,0.0
24.328562,250.0,0.0,7.475474,0.0
24.332647,250.000046,0.0,7.675478,0.0
24.343793,250.000015,0.0,7.875467,0.0
24.351604,250.000031,0.0,8.075451,0.0
24.358842,250.000031,0.0,8.275433,0.0
24.368208,250.0,0.0,8.575415,0.0
24.380048,249.999985,0.0,8.77539,0.0
24.386962,250.000031,0.0,8.975377,0.0
24.396655,250.000015,0.0,9.175375,0.0
24.412864,250.000015,0.0,9.575335,0.0
24.419438,250.000015,0.0,9.775339,0.0
24.428987,250.000031,0.0,9.975327,0.0
24.43691,250.000015,0.0,10.275304,0.0
24.447375,250.000031,0.0,10.475274,0.0
24.457063,250.000015,0.0,10.675271,0.0
24.46319,250.0,0.0,10.875253,0.0
24.479916,250.0,0.0,11.375237,0.0
24.492679,250.000031,0.0,11.575222,0.0
24.497975,250.000046,0.0,11.775194,0.0
24.506837,250.000015,0.0,11.975186,0.0
24.515965,250.000031,0.0,12.175174,0.0
24.515965,250.000031,0.0,12.375156,0.0
24.532768,250.000015,0.0,12.575135,0.0
24.546796,250.000015,0.0,12.975115,0.0
24.555326,250.000015,0.0,13.175091,0.0
24.562985,250.000015,0.0,13.375096,0.0
24.571628,250.000015,0.0,13.575083,0.0
24.579609,250.000031,0.0,13.875067,0.0
24.592125,250.000015,0.0,14.075055,0.0
24.600038,250.000031,0.0,14.375028,0.0
24.620058,250.0,0.0,14.875007,0.0
24.631408,250.000031,0.0,15.074986,0.0
24.639091,250.0,0.0,15.274983,0.0
24.646819,250.000046,0.0,15.474953,0.0
24.654478,250.000015,0.0,15.674948,0.0
24.663547,250.000015,0.0,15.974917,0.0
24.675878,250.000031,0.0,16.174904,0.0
24.692455,250.000046,0.0,16.574886,0.0
24.700117,250.000031,0.0,16.874863,0.0
24.712036,250.000031,0.0,17.074844,0.0
24.718727,250.000046,0.0,17.274853,0.0
24.729212,250.0,0.0,17.474819,0.0
24.734192,250.0,0.0,17.674814,0.0
24.745151,250.000031,0.0,17.874802,0.0
24.748394,250.000015,0.0,18.074783,0.0
24.768815,250.000031,0.0,18.574747,0.0
24.780289,250.000031,0.0,18.774738,0.0
24.786885,250.000015,0.0,18.974731,0.0
24.796557,250.000046,0.0,19.174704,0.0
24.804422,250.000031,0.0,19.374697,0.0
24.811868,250.000031,0.0,19.574684,0.0
24.818595,249.999985,0.0,19.774675,0.0
24.829667,250.0,0.0,19.974646,0.0
24.843554,250.000015,0.0,20.37464,0.0
24.846936,250.0,0.0,20.574606,0.0
24.860646,250.000015,0.0,20.774612,0.0
24.868962,250.000015,0.0,20.974596,0.0
24.876641,250.000031,0.0,21.174578,0.0
24.884045,250.000015,0.0,21.374563,0.0
24.892545,250.000046,0.0,21.574549,0.0
24.896665,250.000015,0.0,21.774519,0.0
24.914541,250.000015,0.0,22.174507,0.0
24.922865,250.000031,0.0,22.374498,0.0
24.933753,250.0,0.0,22.574476,0.0
24.939558,250.000015,0.0,22.774479,0.0
24.946548,250.0,0.0,22.974472,0.0
24.956574,250.000031,0.0,23.174437,0.0
24.963042,250.0,0.0,23.474434,0.0
24.976529,250.000015,0.0,23.674416,0.0
24.990166,249.999985,0.0,24.074394,0.0
24.999256,250.0,0.0,24.274374,0.0
25.008034,250.000015,0.0,24.474363,0.0
25.01448,250.000046,0.0,24.674351,0.0
25.023188,250.000031,0.0,24.874327,0.0
25.034213,250.000015,0.0,25.174314,0.0
25.045071,250.000015,0.0,25.374296,0.0
25.048525,250.000015,0.0,25.574278,0.0
25.066834,250.0,0.0,25.974257,0.0
25.081282,250.000031,0.0,26.274252,0.0
25.084717,250.000015,0.0,26.47422,0.0
25.096898,250.000015,0.0,26.674208,0.0
25.096898,250.000015,0.0,26.874205,0.0
25.113185,250.000031,0.0,27.074186,0.0
25.121258,250.000015,0.0,27.274176,0.0
25.128702,250.000015,0.0,27.474167,0.0
25.136803,250.000015,0.0,27.674158,0.0
25.157199,250.000015,0.0,28.174114,0.0
25.164876,250.000046,0.0,28.574087,0.0
25.184952,250.000031,0.0,28.874065,0.0
25.193048,250.000015,0.0,29.074059,0.0
25.20048,250.000046,0.0,29.274048,0.0
25.207406,250.000031,0.0,29.47402,0.0
25.222796,250.000031,0.0,29.874008,0.0
25.231115,250.000046,0.0,30.073997,0.0
25.239631,250.000031,0.0,30.273979,0.0
25.246993,250.0,0.0,30.473963,0.0
25.254851,250.000031,0.0,30.673943,0.0
25.263592,250.000015,0.0,30.873941,0.0
25.272112,250.000046,0.0,31.073919,0.0
25.280254,250.000046,0.0,31.273914,0.0
25.286572,250.000031,0.0,31.473896,0.0
25.296848,250.000031,0.0,31.673889,0.0
25.303175,250.000031,0.0,31.873867,0.0
25.318477,250.0,0.0,32.37384,0.0
25.332718,250.000015,0.0,32.57383,0.0
25.339667,250.000031,0.0,32.773811,0.0
25.347197,250.000015,0.0,32.973801,0.0
25.356393,250.000031,0.0,33.173782,0.0
25.364307,250.000015,0.0,33.373772,0.0
25.369354,250.000015,0.0,33.573757,0.0
25.381668,250.000015,0.0,33.773739,0.0
25.387463,249.999985,0.0,33.973732,0.0
25.412416,250.000031,0.0,34.573689,0.0
25.421985,250.000015,0.0,34.873672,0.0
25.434653,250.000015,0.0,35.173649,0.0
25.44524,250.000031,0.0,35.373634,0.0
25.449622,249.999985,0.0,35.573624,0.0
25.459143,250.0,0.0,35.773609,0.0
25.485812,250.000031,0.0,36.373577,0.0
25.497306,250.000015,0.0,36.673546,0.0
25.504254,250.0,0.0,36.873547,0.0
25.513055,250.000031,0.0,37.073528,0.0
25.518852,250.0,0.0,37.27351,0.0
25.530432,250.0,0.0,37.573486,0.0
25.54027,250.000015,0.0,37.773487,0.0
25.547339,250.0,0.0,37.973476,0.0
25.564999,250.000031,0.0,38.373447,0.0
25.570763,250.0,0.0,38.573425,0.0
25.579675,250.0,0.0,38.773418,0.0
25.588346,250.000015,0.0,38.973404,0.0
25.596703,250.000031,0.0,39.173393,0.0
25.602098,250.000015,0.0,39.373375,0.0
25.612961,250.000015,0.0,39.573364,0.0
25.632268,250.000046,0.0,40.073338,0.0
25.639086,250.000015,0.0,40.273312,0.0
25.647123,250.000015,0.0,40.473297,0.0
25.655537,250.0,0.0,40.673294,0.0
25.663259,250.000031,0.0,40.873268,0.0
25.670763,250.000015,0.0,41.073254,0.0
25.680331,250.000031,0.0,41.273262,0.0
25.696804,250.000015,0.0,41.673222,0.0
25.703221,250.000015,0.0,41.873207,0.0
25.712925,250.000015,0.0,42.073193,0.0
25.718805,250.000015,0.0,42.273178,0.0
25.727965,250.000015,0.0,42.473183,0.0
25.735427,250.000031,0.0,42.673157,0.0
25.745008,250.000015,0.0,42.873142,0.0
25.75878,250.000031,0.0,43.273117,0.0
25.767241,250.000046,0.0,43.573105,0.0
25.780903,250.000015,0.0,43.77309,0.0
25.785829,250.000015,0.0,43.973061,0.0
25.797458,250.0,0.0,44.173054,0.0
25.801081,250.000015,0.0,44.373039,0.0
25.813035,250.000031,0.0,44.573029,0.0
25.813611,249.999985,0.0,44.773022,0.0
25.828704,249.999985,0.0,44.973007,0.0
25.836937,250.0,0.0,45.172981,0.0
25.845375,250.000015,0.0,45.372982,0.0
25.857493,250.000015,0.0,45.672962,0.0
25.862899,250.000015,0.0,45.872948,0.0
25.873225,249.999985,0.0,46.072933,0.0
25.879958,250.000015,0.0,46.37291,0.0
25.900402,250.000015,0.0,46.772888,0.0
25.907436,250.0,0.0,46.972866,0.0
25.913073,250.0,0.0,47.172867,0.0
25.922641,250.000031,0.0,47.372856,0.0
25.933342,250.000031,0.0,47.572834,0.0
25.945582,250.0,0.0,47.872822,0.0
25.953193,249.999985,0.0,48.172794,0.0
25.963992,250.0,0.0,48.372768,0.0
25.980148,249.999985,0.0,48.872738,0.0
25.992292,250.000015,0.0,49.072742,0.0
26.001063,250.000015,0.0,49.27272,0.0
26.003127,249.999985,0.0,49.472702,0.0
26.016075,250.000031,0.0,49.672703,0.0
26.023416,250.000015,0.0,49.872681,0.0
26.031274,249.999985,0.0,50.07267,0.0
26.047152,250.0,0.0,50.472637,0.0
26.055061,250.000031,0.0,50.672619,0.0
26.063524,249.999985,0.0,50.872616,0.0
26.072855,249.999985,0.0,51.072605,0.0
26.080132,250.000015,0.0,51.272594,0.0
26.088272,250.000031,0.0,51.47258,0.0
26.096794,250.000015,0.0,51.672558,0.0
26.112958,250.000015,0.0,52.072544,0.0
26.117995,249.999985,0.0,52.272514,0.0
26.128474,250.0,0.0,52.4725,0.0
26.133041,249.999985,0.0,52.672493,0.0
26.143534,249.999969,0.0,52.87249,0.0
26.152137,250.000015,0.0,53.072472,0.0
26.158874,250.0,0.0,53.272453,0.0
26.173412,250.0,0.0,53.57243,0.0
26.185233,249.999985,0.0,53.87241,0.0
26.188394,250.0,0.0,54.072407,0.0
26.199353,250.0,0.0,54.372383,0.0
26.224221,249.999985,0.0,54.872337,0.0
26.230226,249.999969,0.0,55.072334,0.0
26.2403,250.0,0.0,55.272324,0.0
26.246569,250.0,0.0,55.472301,0.0
26.257051,250.0,0.0,55.672295,0.0
26.263832,250.0,0.0,55.872284,0.0
26.271839,250.000015,0.0,56.072262,0.0
26.280373,250.0,0.0,56.372257,0.0
26.299889,249.999969,0.0,56.872215,0.0
26.312905,250.000015,0.0,57.072212,0.0
26.319129,250.0,0.0,57.272182,0.0
26.328743,250.000031,0.0,57.472176,0.0
26.336448,249.999985,0.0,57.672165,0.0
26.34494,250.000015,0.0,57.872147,0.0
26.360908,250.0,0.0,58.272125,0.0
26.365262,250.0,0.0,58.572102,0.0
26.381574,250.000031,0.0,58.772099,0.0
26.386519,250.0,0.0,58.972076,0.0
26.397276,250.0,0.0,59.172062,0.0
26.402747,249.999985,0.0,59.372059,0.0
26.411959,249.999985,0.0,59.572041,0.0
26.431558,250.0,0.0,60.072014,0.0
26.441478,250.0,0.0,60.271984,0.0
26.449143,250.0,0.0,60.47197,0.0
26.453589,249.999985,0.0,60.67197,0.0
26.464011,250.000015,0.0,60.871944,0.0
26.472016,249.999985,0.0,61.071938,0.0
26.479674,250.0,0.0,61.271927,0.0
26.499943,249.999985,0.0,61.7719,0.0
26.508916,250.0,0.0,61.971882,0.0
26.517369,249.999985,0.0,62.171867,0.0
26.520451,249.999985,0.0,62.371853,0.0
26.533005,250.0,0.0,62.671829,0.0
26.543987,250.0,0.0,62.871819,0.0
26.552419,249.999985,0.0,63.071804,0.0
26.573199,250.0,0.0,63.571777,0.0
26.579968,250.0,0.0,63.87175,0.0
26.592279,249.999985,0.0,64.071739,0.0
26.599806,249.999954,0.0,64.371719,0.0
26.613019,249.999985,0.0,64.571716,0.0
26.619335,250.0,0.0,64.871689,0.0
26.638666,250.000015,0.0,65.27166,0.0
26.647159,250.0,0.0,65.471657,0.0
26.65619,249.999985,0.0,65.671623,0.0
26.664644,250.0,0.0,65.871613,0.0
26.668855,250.000015,0.0,66.071609,0.0
26.681401,249.999969,0.0,66.271591,0.0
26.687235,250.000031,0.0,66.471581,0.0
26.696466,249.999969,0.0,66.671577,0.0
26.713025,249.999985,0.0,67.071548,0.0
26.720072,250.0,0.0,67.371521,0.0
26.732569,250.0,0.0,67.571503,0.0
26.738905,250.0,0.0,67.771492,0.0
26.748122,249.999969,0.0,67.971481,0.0
26.754635,250.0,0.0,68.171463,0.0
26.765373,250.000015,0.0,68.371452,0.0
26.781301,250.0,0.0,68.771431,0.0
26.786598,249.999985,0.0,69.071411,0.0
26.799619,249.999969,0.0,69.2714,0.0
26.807838,250.0,0.0,69.471382,0.0
26.816176,250.0,0.0,69.771362,0.0
26.829693,250.0,0.0,69.971352,0.0
26.836519,249.999985,0.0,70.271332,0.0
26.849452,250.000015,0.0,70.471313,0.0
26.856367,249.999969,0.0,70.671303,0.0
26.873857,250.0,0.0,71.071266,0.0
26.885296,250.000031,0.0,71.371254,0.0
26.887951,249.999985,0.0,71.571243,0.0
26.900544,249.999985,0.0,71.771233,0.0
26.907729,249.999985,0.0,71.971222,0.0
26.917155,250.0,0.0,72.171204,0.0
26.924061,249.999985,0.0,72.371185,0.0
26.932121,250.000015,0.0,72.571175,0.0
26.947902,250.0,0.0,72.971153,0.0
26.955077,250.0,0.0,73.171143,0.0
26.96411,250.000015,0.0,73.471115,0.0
26.980451,249.999985,0.0,73.771103,0.0
26.980451,250.0,0.0,73.971085,0.0
26.998719,249.999969,0.0,74.171074,0.0
27.009469,249.999985,0.0,74.471054,0.0
27.019825,250.0,0.0,74.771034,0.0
27.033111,249.999985,0.0,75.071014,0.0
27.048655,249.999969,0.0,75.570992,0.0
27.058662,249.999985,0.0,75.770973,0.0
27.069123,250.000031,0.0,76.070961,0.0
27.081217,249.999954,0.0,76.370926,0.0
27.093609,250.000015,0.0,76.570923,0.0
27.10063,250.0,0.0,76.770905,0.0
27.115531,249.999969,0.0,77.270874,0.0
27.132569,249.999969,0.0,77.570847,0.0
27.13941,249.999985,0.0,77.770851,0.0
27.148332,250.0,0.0,77.970825,0.0
27.154284,250.000015,0.0,78.170799,0.0
27.163986,250.0,0.0,78.370789,0.0
27.180524,249.999985,0.0,78.770767,0.0
27.187181,250.0,0.0,78.970757,0.0
27.196875,250.000015,0.0,79.270737,0.0
27.209008,250.000015,0.0,79.470718,0.0
27.213727,249.999985,0.0,79.670723,0.0
27.228609,249.999985,0.0,79.970695,0.0
27.238063,249.999985,0.0,80.170692,0.0
27.248339,249.999985,0.0,80.470665,0.0
27.253397,249.999969,0.0,80.670639,0.0
27.26525,249.999985,0.0,80.870636,0.0
27.270447,250.0,0.0,81.070618,0.0
27.280758,250.000015,0.0,81.270599,0.0
27.289301,249.999969,0.0,81.470581,0.0
27.303803,249.999985,0.0,81.970551,0.0
27.315844,250.0,0.0,82.170532,0.0
27.322748,250.000031,0.0,82.370537,0.0
27.332129,250.0,0.0,82.570526,0.0
27.338687,249.999969,0.0,82.770508,0.0
27.347699,250.000031,0.0,82.97049,0.0
27.355613,249.999969,0.0,83.170479,0.0
27.36365,250.000015,0.0,83.370461,0.0
27.371001,249.999985,0.0,83.570457,0.0
27.380369,249.999985,0.0,83.770454,0.0
27.397089,249.999985,0.0,84.270401,0.0
27.407592,250.0,0.0,84.470398,0.0
27.420074,249.999985,0.0,84.77037,0.0
27.428988,249.999985,0.0,84.970367,0.0
27.436459,250.0,0.0,85.170349,0.0
27.445477,249.999985,0.0,85.370331,0.0
27.462064,250.000031,0.0,85.770294,0.0
27.47334,249.999969,0.0,86.070274,0.0
27.485241,249.999969,0.0,86.37027,0.0
27.492263,249.999985,0.0,86.570251,0.0
27.498805,250.0,0.0,86.770233,0.0
27.509109,249.999969,0.0,86.970215,0.0
27.516091,250.000031,0.0,87.170212,0.0
27.523049,249.999985,0.0,87.370201,0.0
27.538411,250.000015,0.0,87.770172,0.0
27.54719,250.000015,0.0,87.970154,0.0
27.555498,250.0,0.0,88.170135,0.0
27.565127,250.000015,0.0,88.370132,0.0
27.570136,250.000015,0.0,88.570129,0.0
27.5812,250.0,0.0,88.770111,0.0
27.586283,250.0,0.0,89.070091,0.0
27.599266,249.999969,0.0,89.270081,0.0
27.607521,249.999969,0.0,89.470062,0.0
27.622731,249.999954,0.0,89.870026,0.0
27.630436,249.999985,0.0,90.070007,0.0
27.63854,249.999985,0.0,90.270004,0.0
27.647277,250.000015,0.0,90.470001,0.0
27.656327,250.000015,0.0,90.669991,0.0
27.663341,250.000015,0.0,90.869965,0.0
27.670826,250.000015,0.0,91.069954,0.0
27.68062,249.999969,0.0,91.26992,0.0
27.696787,249.999985,0.0,91.669922,0.0
27.705181,249.999985,0.0,91.869896,0.0
27.713157,249.999985,0.0,92.069893,0.0
27.717281,249.999985,0.0,92.369873,0.0
27.731399,250.000015,0.0,92.569855,0.0
27.745266,250.0,0.0,92.869843,0.0
27.763985,249.999985,0.0,93.369797,0.0
27.771994,250.0,0.0,93.569794,0.0
27.781791,250.0,0.0,93.769768,0.0
27.785986,250.0,0.0,94.069771,0.0
27.800647,250.000015,0.0,94.369743,0.0
27.812805,249.999985,0.0,94.569717,0.0
27.829948,249.999985,0.0,94.969688,0.0
27.836233,250.0,0.0,95.269691,0.0
27.847558,250.000015,0.0,95.469666,0.0
27.856608,250.000015,0.0,95.669655,0.0
27.863852,250.0,0.0,95.869637,0.0
27.870995,250.0,0.0,96.069611,0.0
27.880717,249.999985,0.0,96.269608,0.0
27.888136,249.999985,0.0,96.469604,0.0
27.908113,249.999969,0.0,96.966034,0.0
27.9172,249.999985,0.0,97.159866,0.0
27.923186,250.0,0.0,97.348969,0.0
27.933256,250.000015,0.0,97.53196,0.0
27.945439,249.999939,0.0,97.792053,0.0
27.953308,250.000031,0.0,98.031677,0.0
27.964329,250.0,0.0,98.253036,0.0
27.981284,250.0,0.0,98.460663,0.0
27.996588,250.0,0.0,98.788361,0.0
28.008721,249.999985,0.0,98.915024,0.0
28.017772,250.000031,0.0,99.037994,0.0
28.02092,250.000031,0.0,99.155479,0.0
28.032527,249.999985,0.0,99.265617,0.0
28.039391,250.0,0.0,99.366608,0.0
28.047156,250.0,0.0,99.456635,0.0
28.065349,250.0,0.0,99.59964,0.0
28.071373,249.999985,0.0,99.655121,0.0
28.080738,249.999985,0.0,99.702354,0.0
28.088025,250.000015,0.0,99.743195,0.0
28.096923,250.000015,0.0,99.779449,0.0
28.103488,249.999969,0.0,99.828445,0.0
28.11502,250.0,0.0,99.859009,0.0
28.132353,250.000015,0.0,99.913948,0.0
28.138909,249.999969,0.0,99.937073,0.0
28.147174,250.000015,0.0,99.956512,0.0
28.156523,250.000031,0.0,99.97168,0.0
28.163665,250.0,0.0,99.982849,0.0
28.171159,250.0,0.0,99.993408,0.0
28.184626,249.999985,0.0,99.997223,0.0
28.199416,250.0,0.0,99.999893,0.0
28.20662,249.999969,0.0,100.0,0.0
28.216504,249.999969,0.0,100.0,0.0
28.222679,249.999969,0.0,100.0,0.0
28.230401,249.999969,0.0,100.0,0.0
28.238911,249.999969,0.0,100.0,0.0
28.247105,249.999969,0.0,100.0,0.0
28.254881,249.999969,0.0,100.0,0.0
28.26383,249.999969,0.0,100.0,0.0
28.273342,249.999969,0.0,100.0,0.0
28.280385,249.999969,0.0,100.0,0.0
28.292706,249.999969,0.0,100.0,0.0
28.299942,249.999969,0.0,100.0,0.0
28.299942,249.999969,0.0,100.0,0.0
28.316918,249.999969,0.0,100.0,0.0
28.32741,249.999969,0.0,100.0,0.0
28.331042,249.999969,0.0,100.0,0.0
28.345592,249.999969,0.0,100.0,0.0
28.352422,249.999969,0.0,100.0,0.0
28.359101,249.999969,0.0,100.0,0.0
28.368516,249.999969,0.0,100.0,0.0
28.381182,249.999969,0.0,100.0,0.0
28.389307,249.999969,0.0,100.0,0.0
28.397461,249.999969,0.0,100.0,0.0
28.432603,249.999969,0.0,100.0,0.0
28.449152,249.999969,0.0,100.0,0.0
28.460588,249.999969,0.0,100.0,0.0
28.468243,249.999969,0.0,100.0,0.0
28.497645,250.000534,0.0,99.99942,0.0
28.515886,250.014664,0.0,99.985291,0.0
28.528577,250.02681,0.0,99.97316,0.0
28.533715,250.044235,0.0,99.955719,0.0
28.543863,250.067978,0.0,99.932007,0.0
28.547016,250.098267,0.0,99.901703,0.0
28.559263,250.134293,0.0,99.865662,0.0
28.58069,250.243118,0.0,99.756828,0.0
28.588381,250.291595,0.0,99.708344,0.0
28.597671,250.341705,0.0,99.658264,0.0
28.602305,250.3936,0.0,99.606415,0.0
28.613546,250.448044,0.0,99.551933,0.0
28.623794,250.537552,0.0,99.462433,0.0
28.637292,250.678177,0.0,99.321808,0.0
28.648081,250.805191,0.0,99.194801,0.0
28.661083,250.900482,0.0,99.099472,0.0
28.669137,251.002945,0.0,98.997047,0.0
28.675881,251.111176,0.0,98.888824,0.0
28.684657,251.223831,0.0,98.776108,0.0
28.690583,251.339737,0.0,98.660217,0.0
28.699181,251.457718,0.0,98.542206,0.0
28.715592,251.697433,0.0,98.302551,0.0
28.723132,251.819351,0.0,98.180618,0.0
28.732043,251.943283,0.0,98.056709,0.0
28.738486,252.069626,0.0,97.930344,0.0
28.748857,252.198853,0.0,97.801132,0.0
28.755193,252.331085,0.0,97.668915,0.0
28.764882,252.465897,0.0,97.534058,0.0
28.780307,252.741684,0.0,97.258308,0.0
28.786857,252.881729,0.0,97.118256,0.0
28.797193,253.022598,0.0,96.977341,0.0
28.804076,253.16394,0.0,96.836029,0.0
28.814435,253.305298,0.0,96.694649,0.0
28.819521,253.517365,0.0,96.48259,0.0
28.831084,253.658752,0.0,96.341217,0.0
28.839916,253.870804,0.0,96.129143,0.0
28.853618,254.082886,0.0,95.917084,0.0
28.864118,254.224243,0.0,95.775711,0.0
28.88034,254.577698,0.0,95.422272,0.0
28.893152,254.719101,0.0,95.280899,0.0
28.900733,254.860443,0.0,95.139526,0.0
28.902736,255.001846,0.0,94.998138,0.0
28.916069,255.143204,0.0,94.856781,0.0
28.922864,255.284592,0.0,94.715401,0.0
28.931187,255.425964,0.0,94.574028,0.0
28.947967,255.708725,0.0,94.29126,0.0
28.956736,255.850082,0.0,94.149902,0.0
28.963508,256.062134,0.0,93.937836,0.0
28.975875,256.203491,0.0,93.796448,0.0
28.9834,256.344879,0.0,93.65509,0.0
28.991825,256.486267,0.0,93.513702,0.0
29.006564,256.769012,0.0,93.230965,0.0
29.016631,256.9104,0.0,93.089569,0.0
29.022984,257.051758,0.0,92.948204,0.0
29.031955,257.193146,0.0,92.806824,0.0
29.045674,257.405212,0.0,92.594757,0.0
29.055762,257.617279,0.0,92.38269,0.0
29.063698,257.758636,0.0,92.241341,0.0
29.082433,258.041443,0.0,91.958572,0.0
29.094896,258.253418,0.0,91.746529,0.0
29.102193,258.465515,0.0,91.534454,0.0
29.113501,258.606903,0.0,91.393066,0.0
29.118587,258.74823,0.0,91.251701,0.0
29.127219,258.889679,0.0,91.110321,0.0
29.13026,259.031036,0.0,90.968948,0.0
29.153398,259.313751,0.0,90.686188,0.0
29.154399,259.455139,0.0,90.544838,0.0
29.167048,259.667206,0.0,90.332764,0.0
29.179939,259.879242,0.0,90.120697,0.0
29.193195,260.02066,0.0,89.979309,0.0
29.199236,260.162018,0.0,89.837952,0.0
29.207071,260.303406,0.0,89.696564,0.0
29.217424,260.444794,0.0,89.555191,0.0
29.230938,260.727509,0.0,89.27243,0.0
29.239411,260.939575,0.0,89.060379,0.0
29.252345,261.080933,0.0,88.919006,0.0
29.265028,261.292999,0.0,88.70694,0.0
29.269111,261.434448,0.0,88.565567,0.0
29.284611,261.646454,0.0,88.353493,0.0
29.290999,261.787842,0.0,88.212128,0.0
29.308412,262.070587,0.0,87.929382,0.0
29.315176,262.212006,0.0,87.787994,0.0
29.323443,262.353394,0.0,87.646622,0.0
29.331007,262.49472,0.0,87.505249,0.0
29.338861,262.636108,0.0,87.363876,0.0
29.349062,262.777496,0.0,87.222504,0.0
29.357038,262.918884,0.0,87.081116,0.0
29.37183,263.201569,0.0,86.79837,0.0
29.381353,263.342987,0.0,86.656998,0.0
29.389907,263.555023,0.0,86.444931,0.0
29.401073,263.696411,0.0,86.303558,0.0
29.407397,263.837769,0.0,86.162186,0.0
29.413942,263.979126,0.0,86.020813,0.0
29.424262,264.120544,0.0,85.879425,0.0
29.432056,264.261963,0.0,85.738045,0.0
29.452478,264.615356,0.0,85.384613,0.0
29.459019,264.756744,0.0,85.24324,0.0
29.467954,264.898132,0.0,85.10186,0.0
29.475407,265.039459,0.0,84.960503,0.0
29.484228,265.180817,0.0,84.819122,0.0
29.49193,265.322235,0.0,84.677727,0.0
29.499085,265.463593,0.0,84.536369,0.0
29.506439,265.60498,0.0,84.394997,0.0
29.523702,265.887756,0.0,84.112251,0.0
29.532392,266.029144,0.0,83.970856,0.0
29.538964,266.170471,0.0,83.829498,0.0
29.54719,266.311829,0.0,83.68811,0.0
29.555212,266.453278,0.0,83.546738,0.0
29.564192,266.594635,0.0,83.405365,0.0
29.572606,266.736023,0.0,83.263977,0.0
29.580472,266.87735,0.0,83.12262,0.0
29.596753,267.160126,0.0,82.839859,0.0
29.601579,267.301514,0.0,82.698486,0.0
29.61688,267.51358,0.0,82.48642,0.0
29.624135,267.654938,0.0,82.345047,0.0
29.63308,267.796295,0.0,82.203674,0.0
29.637807,267.937683,0.0,82.062294,0.0
29.649371,268.079071,0.0,81.920929,0.0
29.654523,268.220428,0.0,81.779549,0.0
29.671896,268.503143,0.0,81.496796,0.0
29.680931,268.644562,0.0,81.355408,0.0
29.687556,268.785919,0.0,81.21405,0.0
29.697293,268.927307,0.0,81.072662,0.0
29.703744,269.068665,0.0,80.931297,0.0
29.712776,269.210022,0.0,80.789917,0.0
29.720362,269.35141,0.0,80.648552,0.0
29.728731,269.492798,0.0,80.507172,0.0
29.747085,269.846252,0.0,80.153717,0.0
29.756968,269.987579,0.0,80.01236,0.0
29.764506,270.128998,0.0,79.870972,0.0
29.770808,270.270386,0.0,79.729599,0.0
29.780162,270.411713,0.0,79.588234,0.0
29.787099,270.553131,0.0,79.446854,0.0
29.797519,270.765167,0.0,79.234787,0.0
29.807916,270.906555,0.0,79.093422,0.0
29.818265,271.189301,0.0,78.810669,0.0
29.830473,271.330688,0.0,78.669289,0.0
29.839242,271.542755,0.0,78.457214,0.0
29.853302,271.684143,0.0,78.315857,0.0
29.864459,271.896179,0.0,78.10379,0.0
29.87089,272.037567,0.0,77.962402,0.0
29.881197,272.178986,0.0,77.82103,0.0
29.887917,272.320312,0.0,77.679657,0.0
29.908164,272.673767,0.0,77.32621,0.0
29.91673,272.815125,0.0,77.184845,0.0
29.921225,272.956512,0.0,77.043457,0.0
29.930425,273.09787,0.0,76.9021,0.0
29.941494,273.239258,0.0,76.760712,0.0
29.950447,273.451294,0.0,76.548653,0.0
29.965426,273.663391,0.0,76.336594,0.0
29.981645,273.946106,0.0,76.053841,0.0
29.986005,274.158203,0.0,75.841766,0.0
30.000679,274.370239,0.0,75.629723,0.0
30.01237,274.511627,0.0,75.488342,0.0
30.014007,274.652985,0.0,75.346954,0.0
30.033256,274.865082,0.0,75.134903,0.0
30.037681,275.00647,0.0,74.993523,0.0
30.047509,275.147827,0.0,74.85215,0.0
30.06652,275.501251,0.0,74.498718,0.0
30.080635,275.713318,0.0,74.286644,0.0
30.087749,275.854706,0.0,74.145271,0.0
30.098636,275.996094,0.0,74.003899,0.0
30.105243,276.208099,0.0,73.791832,0.0
30.116313,276.349518,0.0,73.650459,0.0
30.124296,276.490906,0.0,73.509087,0.0
30.130865,276.632263,0.0,73.367706,0.0
30.139742,276.773651,0.0,73.226341,0.0
30.155737,277.056366,0.0,72.943581,0.0
30.163512,277.197784,0.0,72.8022,0.0
30.176854,277.40979,0.0,72.590149,0.0
30.183885,277.551208,0.0,72.448769,0.0
30.191455,277.692627,0.0,72.307388,0.0
30.199202,277.833954,0.0,72.166016,0.0
30.207137,277.975342,0.0,72.024635,0.0
30.215526,278.116699,0.0,71.88327,0.0
30.233101,278.399475,0.0,71.600517,0.0
30.239296,278.540833,0.0,71.459129,0.0
30.246726,278.68222,0.0,71.317772,0.0
30.256633,278.823578,0.0,71.176392,0.0
30.264962,278.964966,0.0,71.035011,0.0
30.272228,279.106354,0.0,70.893646,0.0
30.280232,279.247711,0.0,70.752266,0.0
30.286156,279.389099,0.0,70.610886,0.0
30.301294,279.671844,0.0,70.328133,0.0
30.312334,279.813232,0.0,70.186768,0.0
30.319077,279.954559,0.0,70.045387,0.0
30.327498,280.095978,0.0,69.904015,0.0
30.33635,280.237305,0.0,69.762627,0.0
30.346387,280.378754,0.0,69.621262,0.0
30.355612,280.590759,0.0,69.409203,0.0
30.36439,280.873505,0.0,69.12645,0.0
30.386171,281.085602,0.0,68.914383,0.0
30.397357,281.297638,0.0,68.702316,0.0
30.416284,281.721802,0.0,68.278191,0.0
30.430021,281.863159,0.0,68.136818,0.0
30.435138,282.075226,0.0,67.924759,0.0
30.453044,282.287292,0.0,67.712692,0.0
30.458133,282.42865,0.0,67.57132,0.0
30.469122,282.640717,0.0,67.359253,0.0
30.493154,282.994141,0.0,67.005814,0.0
30.497572,283.135529,0.0,66.864441,0.0
30.513534,283.347595,0.0,66.652382,0.0
30.519307,283.488953,0.0,66.511009,0.0
30.533618,283.70105,0.0,66.298943,0.0
30.545872,283.913116,0.0,66.086876,0.0
30.552604,284.125183,0.0,65.874809,0.0
30.571389,284.407928,0.0,65.592056,0.0
30.580878,284.619995,0.0,65.379997,0.0
30.59342,284.761353,0.0,65.238625,0.0
30.60545,284.973389,0.0,65.026558,0.0
30.613961,285.114807,0.0,64.885185,0.0
30.625028,285.326874,0.0,64.673119,0.0
30.632924,285.468231,0.0,64.531746,0.0
30.652373,285.821686,0.0,64.178307,0.0
30.658692,285.963013,0.0,64.036926,0.0
30.664064,286.104431,0.0,63.89555,0.0
30.67656,286.245789,0.0,63.754181,0.0
30.683258,286.387146,0.0,63.612816,0.0
30.691467,286.528564,0.0,63.471432,0.0
30.697468,286.669891,0.0,63.330059,0.0
30.715832,286.952667,0.0,63.047295,0.0
30.72392,287.094025,0.0,62.905937,0.0
30.730758,287.235443,0.0,62.764553,0.0
30.739138,287.376801,0.0,62.623173,0.0
30.753309,287.588867,0.0,62.411121,0.0
30.762406,287.730255,0.0,62.269737,0.0
30.769548,287.942322,0.0,62.057674,0.0
30.79274,288.295746,0.0,61.704239,0.0
30.805736,288.507782,0.0,61.49218,0.0
30.813863,288.649139,0.0,61.350803,0.0
30.824163,288.861237,0.0,61.138737,0.0
30.831431,289.002625,0.0,60.997356,0.0
30.841152,289.144012,0.0,60.855984,0.0
30.853784,289.426788,0.0,60.573227,0.0
30.865777,289.568115,0.0,60.431854,0.0
30.870703,289.709503,0.0,60.290485,0.0
30.881218,289.850861,0.0,60.149101,0.0
30.885903,289.992249,0.0,60.007729,0.0
30.896825,290.133636,0.0,59.866356,0.0
30.904671,290.274963,0.0,59.724991,0.0
30.913398,290.416382,0.0,59.583591,0.0
30.929176,290.699158,0.0,59.300846,0.0
30.936623,290.840515,0.0,59.159473,0.0
30.942901,290.981873,0.0,59.018105,0.0
30.953052,291.12326,0.0,58.876728,0.0
30.959193,291.264618,0.0,58.735352,0.0
30.964143,291.406036,0.0,58.593983,0.0
30.981285,291.618073,0.0,58.381912,0.0
30.986272,291.75943,0.0,58.240532,0.0
30.996227,291.900848,0.0,58.099171,0.0
31.014459,292.183563,0.0,57.816406,0.0
31.022028,292.39563,0.0,57.604351,0.0
31.031256,292.537018,0.0,57.462978,0.0
31.045576,292.749084,0.0,57.250923,0.0
31.058144,292.961121,0.0,57.038857,0.0
31.06475,293.173187,0.0,56.826786,0.0
31.080487,293.385223,0.0,56.614723,0.0
31.087906,293.526642,0.0,56.473343,0.0
31.097409,293.667999,0.0,56.33197,0.0
31.113363,293.950775,0.0,56.049229,0.0
31.119505,294.092133,0.0,55.907841,0.0
31.12906,294.23349,0.0,55.766476,0.0
31.133595,294.374878,0.0,55.625099,0.0
31.143295,294.516235,0.0,55.483727,0.0
31.147467,294.657654,0.0,55.342335,0.0
31.159435,294.798981,0.0,55.200977,0.0
31.169724,295.011078,0.0,54.988907,0.0
31.1921,295.364532,0.0,54.635471,0.0
31.200851,295.50589,0.0,54.494099,0.0
31.203849,295.647278,0.0,54.352715,0.0
31.216467,295.788635,0.0,54.21133,0.0
31.223083,295.930054,0.0,54.06995,0.0
31.231255,296.07135,0.0,53.9286,0.0
31.239124,296.212769,0.0,53.78722,0.0
31.248784,296.354156,0.0,53.645836,0.0
31.268709,296.707581,0.0,53.2924,0.0
31.276672,296.848938,0.0,53.151028,0.0
31.282993,296.990326,0.0,53.009644,0.0
31.291541,297.131744,0.0,52.868271,0.0
31.299476,297.273102,0.0,52.726898,0.0
31.313602,297.485138,0.0,52.514839,0.0
31.328907,297.767914,0.0,52.23209,0.0
31.335139,297.909271,0.0,52.09071,0.0
31.344526,298.050659,0.0,51.949337,0.0
31.349347,298.191986,0.0,51.807961,0.0
31.365357,298.404083,0.0,51.59589,0.0
31.3711,298.545502,0.0,51.454506,0.0
31.385107,298.757507,0.0,51.242458,0.0
31.38587,298.898895,0.0,51.101074,0.0
31.399998,299.040283,0.0,50.959705,0.0
31.416469,299.322998,0.0,50.676964,0.0
31.42346,299.464447,0.0,50.535572,0.0
31.43352,299.605774,0.0,50.394203,0.0
31.439734,299.817841,0.0,50.182156,0.0
31.452842,299.959229,0.0,50.04076,0.0
31.464945,300.171265,0.0,49.828712,0.0
31.48193,300.454041,0.0,49.545956,0.0
31.493478,300.666077,0.0,49.3339,0.0
31.498498,300.807465,0.0,49.192524,0.0
31.512502,301.019531,0.0,48.980457,0.0
31.52086,301.231598,0.0,48.768391,0.0
31.531439,301.372986,0.0,48.627014,0.0
31.538661,301.514343,0.0,48.485634,0.0
31.55905,301.867798,0.0,48.132195,0.0
31.572987,302.079834,0.0,47.920147,0.0
31.580701,302.221222,0.0,47.778759,0.0
31.585975,302.36261,0.0,47.637379,0.0
31.597295,302.503967,0.0,47.496002,0.0
31.597295,302.645355,0.0,47.354622,0.0
31.612663,302.786743,0.0,47.213268,0.0
31.619733,302.928101,0.0,47.07188,0.0
31.62743,303.069489,0.0,46.930508,0.0
31.648519,303.422913,0.0,46.577068,0.0
31.65413,303.564331,0.0,46.435688,0.0
31.665004,303.705627,0.0,46.294323,0.0
31.672602,303.847076,0.0,46.152924,0.0
31.681206,303.988434,0.0,46.011566,0.0
31.687647,304.129791,0.0,45.870193,0.0
31.697124,304.271149,0.0,45.728825,0.0
31.703837,304.412537,0.0,45.587433,0.0
31.714172,304.695312,0.0,45.304688,0.0
31.73025,304.83667,0.0,45.163315,0.0
31.737537,305.048737,0.0,44.951241,0.0
31.748956,305.190125,0.0,44.809883,0.0
31.757618,305.331482,0.0,44.668495,0.0
31.764309,305.47287,0.0,44.527119,0.0
31.771497,305.614227,0.0,44.385738,0.0
31.780691,305.755615,0.0,44.244381,0.0
31.797049,306.038361,0.0,43.961632,0.0
31.805204,306.179749,0.0,43.820263,0.0
31.81241,306.321106,0.0,43.678875,0.0
31.819343,306.462494,0.0,43.537491,0.0
31.829217,306.603882,0.0,43.396122,0.0
31.837508,306.745239,0.0,43.254742,0.0
31.843571,306.886597,0.0,43.113384,0.0
31.85149,307.027985,0.0,42.971996,0.0
31.867715,307.31073,0.0,42.68924,0.0
31.875313,307.452087,0.0,42.547874,0.0
31.883953,307.664185,0.0,42.335796,0.0
31.896877,307.805573,0.0,42.194435,0.0
31.905898,307.946899,0.0,42.053059,0.0
31.913808,308.088287,0.0,41.911686,0.0
31.920192,308.229675,0.0,41.770306,0.0
31.929373,308.371063,0.0,41.628933,0.0
31.93693,308.512421,0.0,41.487553,0.0
31.944319,308.653809,0.0,41.34618,0.0
31.95953,308.936584,0.0,41.063427,0.0
31.968891,309.148651,0.0,40.85136,0.0
31.980828,309.290009,0.0,40.709995,0.0
31.987735,309.431366,0.0,40.568607,0.0
31.997393,309.572754,0.0,40.427235,0.0
32.005259,309.714142,0.0,40.285862,0.0
32.012745,309.855499,0.0,40.144493,0.0
32.02026,309.996887,0.0,40.003109,0.0
32.029344,310.138214,0.0,39.861744,0.0
32.045902,310.42099,0.0,39.578983,0.0
32.052536,310.562378,0.0,39.437611,0.0
32.064913,310.774445,0.0,39.225544,0.0
32.068084,310.915802,0.0,39.084175,0.0
32.080336,311.05719,0.0,38.942802,0.0
32.087239,311.198547,0.0,38.801426,0.0
32.096761,311.339935,0.0,38.660038,0.0
32.117125,311.69342,0.0,38.306602,0.0
32.119575,311.834747,0.0,38.165226,0.0
32.133121,311.976135,0.0,38.023849,0.0
32.138942,312.117493,0.0,37.882481,0.0
32.147226,312.25885,0.0,37.741108,0.0
32.155005,312.400269,0.0,37.599728,0.0
32.163653,312.541626,0.0,37.458355,0.0
32.180676,312.824402,0.0,37.175594,0.0
32.187456,312.965759,0.0,37.034222,0.0
32.196821,313.107147,0.0,36.892841,0.0
32.20522,313.248535,0.0,36.751472,0.0
32.213734,313.389862,0.0,36.610111,0.0
32.220487,313.531219,0.0,36.468723,0.0
32.229171,313.672638,0.0,36.327343,0.0
32.248124,314.096771,0.0,35.903217,0.0
32.265349,314.308838,0.0,35.691162,0.0
32.271712,314.450165,0.0,35.549801,0.0
32.285551,314.662292,0.0,35.337715,0.0
32.292114,314.80365,0.0,35.196354,0.0
32.299122,314.945007,0.0,35.05497,0.0
32.315496,315.298462,0.0,34.701519,0.0
32.329509,315.439819,0.0,34.56015,0.0
32.336771,315.651886,0.0,34.348095,0.0
32.347765,315.793274,0.0,34.206722,0.0
32.356306,316.00531,0.0,33.994663,0.0
32.374816,316.217407,0.0,33.782589,0.0
32.393952,316.570831,0.0,33.429169,0.0
32.400201,316.782898,0.0,33.217091,0.0
32.412702,316.924316,0.0,33.07571,0.0
32.421058,317.065643,0.0,32.934349,0.0
32.429248,317.207031,0.0,32.792965,0.0
32.436447,317.348389,0.0,32.651596,0.0
32.443868,317.489777,0.0,32.510208,0.0
32.45089,317.631165,0.0,32.368835,0.0
32.468952,317.91391,0.0,32.086086,0.0
32.475965,318.055267,0.0,31.944704,0.0
32.484269,318.196655,0.0,31.803335,0.0
32.492637,318.338043,0.0,31.661963,0.0
32.499685,318.479401,0.0,31.520592,0.0
32.507547,318.620758,0.0,31.379213,0.0
32.517065,318.762146,0.0,31.237835,0.0
32.531044,319.044891,0.0,30.955097,0.0
32.53865,319.186279,0.0,30.813707,0.0
32.547625,319.327667,0.0,30.672338,0.0
32.561104,319.539734,0.0,30.46027,0.0
32.566423,319.75177,0.0,30.248203,0.0
32.580602,319.893158,0.0,30.106813,0.0
32.587766,320.034546,0.0,29.96545,0.0
32.603859,320.388,0.0,29.611996,0.0
32.617723,320.529358,0.0,29.470642,0.0
32.623686,320.670715,0.0,29.329269,0.0
32.632033,320.812073,0.0,29.187902,0.0
32.640004,320.953461,0.0,29.046522,0.0
32.648229,321.094818,0.0,28.905142,0.0
32.657313,321.236237,0.0,28.763767,0.0
32.66413,321.377594,0.0,28.622387,0.0
32.680716,321.660339,0.0,28.33964,0.0
32.687224,321.801727,0.0,28.198271,0.0
32.702054,322.013763,0.0,27.986206,0.0
32.714298,322.225861,0.0,27.774141,0.0
32.721102,322.437897,0.0,27.562096,0.0
32.732483,322.649994,0.0,27.350006,0.0
32.750575,323.003418,0.0,26.996567,0.0
32.764384,323.286163,0.0,26.71382,0.0
32.781225,323.427551,0.0,26.572451,0.0
32.787906,323.568878,0.0,26.431063,0.0
32.79771,323.710297,0.0,26.289694,0.0
32.804481,323.851685,0.0,26.148323,0.0
32.812572,323.993042,0.0,26.006935,0.0
32.819571,324.13443,0.0,25.865568,0.0
32.829338,324.275787,0.0,25.724199,0.0
32.846141,324.558563,0.0,25.441448,0.0
32.847688,324.699921,0.0,25.300072,0.0
32.865468,324.911987,0.0,25.088007,0.0
32.872584,325.053345,0.0,24.946632,0.0
32.881314,325.194733,0.0,24.805252,0.0
32.888464,325.336121,0.0,24.663895,0.0
32.898034,325.548218,0.0,24.451817,0.0
32.909485,325.689514,0.0,24.310448,0.0
32.921153,325.901581,0.0,24.098383,0.0
32.936847,326.255066,0.0,23.744928,0.0
32.948024,326.467133,0.0,23.532881,0.0
32.960663,326.608521,0.0,23.391481,0.0
32.966988,326.749847,0.0,23.250137,0.0
32.977541,326.891235,0.0,23.108746,0.0
32.985309,327.032623,0.0,22.967379,0.0
32.998577,327.315369,0.0,22.684624,0.0
33.007241,327.456787,0.0,22.543238,0.0
33.016835,327.598083,0.0,22.40188,0.0
33.023762,327.739502,0.0,22.260492,0.0
33.032264,327.951599,0.0,22.048426,0.0
33.044929,328.092926,0.0,21.907066,0.0
33.06147,328.375702,0.0,21.624308,0.0
33.064122,328.587738,0.0,21.412247,0.0
33.085481,328.799805,0.0,21.200186,0.0
33.088797,328.941193,0.0,21.058805,0.0
33.100808,329.08252,0.0,20.917446,0.0
33.112694,329.294617,0.0,20.705395,0.0
33.129242,329.577362,0.0,20.422628,0.0
33.135539,329.71875,0.0,20.281227,0.0
33.145253,329.860168,0.0,20.139854,0.0
33.149292,330.001526,0.0,19.998476,0.0
33.160772,330.142883,0.0,19.857122,0.0
33.173898,330.35495,0.0,19.64505,0.0
33.181117,330.567017,0.0,19.432983,0.0
33.192468,330.708374,0.0,19.291622,0.0
33.200476,330.849762,0.0,19.150225,0.0
33.217158,331.203156,0.0,18.796812,0.0
33.227956,331.344574,0.0,18.655424,0.0
33.236897,331.485962,0.0,18.514044,0.0
33.244375,331.62735,0.0,18.37266,0.0
33.253071,331.768707,0.0,18.231291,0.0
33.259578,331.910034,0.0,18.089928,0.0
33.263732,332.051453,0.0,17.948545,0.0
33.276074,332.19281,0.0,17.807167,0.0
33.291108,332.475586,0.0,17.524416,0.0
33.299518,332.616943,0.0,17.383049,0.0
33.307255,332.758331,0.0,17.241671,0.0
33.315331,332.899689,0.0,17.10029,0.0
33.324427,333.041077,0.0,16.958914,0.0
33.330796,333.182465,0.0,16.817545,0.0
33.339468,333.323822,0.0,16.676165,0.0
33.347493,333.46521,0.0,16.534798,0.0
33.364314,333.747955,0.0,16.252048,0.0
33.37197,333.889343,0.0,16.110672,0.0
33.381042,334.030701,0.0,15.969295,0.0
33.387772,334.172089,0.0,15.827904,0.0
33.397274,334.313446,0.0,15.686546,0.0
33.404456,334.525513,0.0,15.474481,0.0
33.416485,334.73761,0.0,15.262399,0.0
33.429434,334.878967,0.0,15.121037,0.0
33.443284,335.161713,0.0,14.838284,0.0
33.452733,335.30307,0.0,14.696912,0.0
33.458968,335.444458,0.0,14.555536,0.0
33.467723,335.656525,0.0,14.343475,0.0
33.485557,335.868591,0.0,14.131406,0.0
33.489515,336.009949,0.0,13.990034,0.0
33.500342,336.151337,0.0,13.848658,0.0
33.516385,336.504791,0.0,13.495212,0.0
33.529382,336.646118,0.0,13.353859,0.0
33.539938,336.858215,0.0,13.141778,0.0
33.547715,336.999603,0.0,13.000407,0.0
33.55592,337.211639,0.0,12.788357,0.0
33.568093,337.423706,0.0,12.57628,0.0
33.587855,337.706482,0.0,12.29353,0.0
33.601456,337.918518,0.0,12.081477,0.0
33.603792,338.059906,0.0,11.940095,0.0
33.616329,338.271973,0.0,11.728036,0.0
33.630459,338.41333,0.0,11.586653,0.0
33.63594,338.625397,0.0,11.374588,0.0
33.647847,338.766754,0.0,11.233222,0.0
33.655801,338.908142,0.0,11.091851,0.0
33.664495,339.04953,0.0,10.950467,0.0
33.681102,339.332275,0.0,10.667715,0.0
33.687598,339.473663,0.0,10.526326,0.0
33.697184,339.615051,0.0,10.384962,0.0
33.703672,339.756409,0.0,10.243575,0.0
33.713637,339.897797,0.0,10.10223,0.0
33.72075,340.109863,0.0,9.890143,0.0
33.732894,340.251221,0.0,9.74877,0.0
33.739763,340.463287,0.0,9.536704,0.0
33.760437,340.746033,0.0,9.253957,0.0
33.769163,340.958099,0.0,9.041896,0.0
33.781473,341.099487,0.0,8.900522,0.0
33.788042,341.240845,0.0,8.759145,0.0
33.797158,341.382233,0.0,8.617762,0.0
33.804028,341.523621,0.0,8.476375,0.0
33.813605,341.664978,0.0,8.335011,0.0
33.833295,342.018433,0.0,7.981586,0.0
33.839496,342.15979,0.0,7.840207,0.0
33.847839,342.301178,0.0,7.698832,0.0
33.856087,342.442535,0.0,7.557453,0.0
33.864333,342.583923,0.0,7.416087,0.0
33.871581,342.79599,0.0,7.20403,0.0
33.885224,342.937347,0.0,7.062634,0.0
33.900146,343.220123,0.0,6.779893,0.0
33.906732,343.361481,0.0,6.638522,0.0
33.916989,343.502869,0.0,6.497144,0.0
33.923163,343.644226,0.0,6.355763,0.0
33.932856,343.785614,0.0,6.214395,0.0
33.945887,343.927002,0.0,6.073012,0.0
33.95043,344.139038,0.0,5.860946,0.0
33.959201,344.280426,0.0,5.71958,0.0
33.968388,344.492493,0.0,5.507503,0.0
33.980858,344.704529,0.0,5.295455,0.0
34.00094,344.987305,0.0,5.012689,0.0
34.003937,345.128693,0.0,4.871331,0.0
34.017021,345.27005,0.0,4.729944,0.0
34.023188,345.411438,0.0,4.588567,0.0
34.031261,345.552795,0.0,4.447198,0.0
34.039131,345.694183,0.0,4.305811,0.0
34.049131,345.835571,0.0,4.16443,0.0
34.064567,346.188995,0.0,3.811005,0.0
34.075458,346.330353,0.0,3.669637,0.0
34.085061,346.47171,0.0,3.528265,0.0
34.09105,346.613129,0.0,3.386874,0.0
34.098817,346.754486,0.0,3.245502,0.0
34.108371,346.895874,0.0,3.104123,0.0
34.11632,347.037231,0.0,2.962759,0.0
34.133298,347.319977,0.0,2.680015,0.0
34.139289,347.461365,0.0,2.538626,0.0
34.147105,347.602631,0.0,2.397365,0.0
34.154991,347.743103,0.0,2.256896,0.0
34.164251,347.881836,0.0,2.118162,0.0
34.172222,348.084747,0.0,1.915278,0.0
34.184247,348.21524,0.0,1.784794,0.0
34.200184,348.460541,0.0,1.539467,0.0
34.207685,348.573853,0.0,1.426142,0.0
34.216878,348.681274,0.0,1.318738,0.0
34.222965,348.783691,0.0,1.216315,0.0
34.231038,348.882019,0.0,1.117986,0.0
34.239476,349.023834,0.0,0.976152,0.0
34.253035,349.115753,0.0,0.884224,0.0
34.267653,349.293182,0.0,0.706824,0.0
34.276449,349.377106,0.0,0.6229,0.0
34.284516,349.456238,0.0,0.543762,0.0
34.291693,349.529358,0.0,0.470639,0.0
34.300045,349.595276,0.0,0.40472,0.0
34.307528,349.652771,0.0,0.347241,0.0
34.316364,349.701721,0.0,0.298273,0.0
34.331709,349.778778,0.0,0.221211,0.0
34.338697,349.809326,0.0,0.190662,0.0
34.349642,349.836212,0.0,0.163778,0.0
34.355538,349.860443,0.0,0.139559,0.0
34.365149,349.882874,0.0,0.117127,0.0
34.373452,349.904114,0.0,0.095882,0.0
34.386728,349.941956,0.0,0.058053,0.0
34.39779,349.957733,0.0,0.042281,0.0
34.39779,349.970856,0.0,0.029152,0.0
34.413159,349.981018,0.0,0.018967,0.0
34.425939,349.991394,0.0,0.008641,0.0
34.437648,349.99704,0.0,0.002968,0.0
34.446413,349.998932,0.0,0.001089,0.0
34.465774,350.0,0.0,-8e-06,0.0
34.47129,350.0,0.0,-8e-06,0.0
34.484872,350.0,0.0,-8e-06,0.0
34.492441,350.0,0.0,-8e-06,0.0
34.498182,350.0,0.0,-8e-06,0.0
34.508033,350.0,0.0,-8e-06,0.0
34.517734,350.0,0.0,-8e-06,0.0
34.524508,350.0,0.0,-8e-06,0.0
34.531155,350.0,0.0,-8e-06,0.0
34.539681,350.0,0.0,-8e-06,0.0
34.553137,350.0,0.0,-8e-06,0.0
34.559771,350.0,0.0,-8e-06,0.0
34.567634,350.0,0.0,-8e-06,0.0
34.580888,350.0,0.0,-8e-06,0.0
34.587703,350.0,0.0,-8e-06,0.0
34.59711,350.0,0.0,-8e-06,0.0
34.604114,350.0,0.0,-8e-06,0.0
34.613789,350.0,0.0,-8e-06,0.0
34.620179,350.0,0.0,-8e-06,0.0
34.627598,350.0,0.0,-8e-06,0.0
34.635983,350.0,0.0,-8e-06,0.0
34.646051,350.0,0.0,-8e-06,0.0
34.652291,350.0,0.0,-8e-06,0.0
34.659895,350.0,0.0,-8e-06,0.0
34.663802,350.0,0.0,-8e-06,0.0
34.684932,350.0,0.0,-8e-06,0.0
34.702878,350.0,0.0,-8e-06,0.0
34.715925,350.0,0.0,-8e-06,0.0
34.73138,350.0,0.0,-8e-06,0.0
34.745103,350.0,0.0,-8e-06,0.0
34.761876,350.0,0.0,0.000283,0.0
34.774096,350.0,0.0,0.003599,0.0
34.785944,350.0,0.0,0.014632,0.0
34.801796,350.0,0.0,0.062625,0.0
34.813627,350.0,0.0,0.096177,0.0
34.813627,350.0,0.0,0.139029,0.0
34.829538,350.0,0.0,0.190019,0.0
34.837818,350.0,0.0,0.247748,0.0
34.844608,350.0,0.0,0.310834,0.0
34.865298,350.0,0.0,0.483418,0.0
34.87071,350.0,0.0,0.556756,0.0
34.881881,349.999969,0.0,0.633852,0.0
34.887993,350.0,0.0,0.716441,0.0
34.896683,350.0,0.0,0.806453,0.0
34.901785,350.0,0.0,0.905677,0.0
34.914714,349.999969,0.0,1.016046,0.0
34.933834,350.0,0.0,1.34517,0.0
34.938056,350.0,0.0,1.494399,0.0
34.947844,350.0,0.0,1.650879,0.0
34.957716,350.0,0.0,1.812803,0.0
34.969826,349.999969,0.0,2.062155,0.0
34.980774,350.0,0.0,2.315779,0.0
34.989503,350.0,0.0,2.487094,0.0
34.997354,350.0,0.0,2.660913,0.0
35.013638,350.0,0.0,3.018537,0.0
35.017956,350.000031,0.0,3.2975,0.0
35.03265,350.0,0.0,3.488249,0.0
35.039407,350.0,0.0,3.682076,0.0
35.053244,350.0,0.0,3.97722,0.0
35.059529,350.0,0.0,4.176015,0.0
35.067908,350.0,0.0,4.375709,0.0
35.077191,350.0,0.0,4.575684,0.0
35.090741,350.0,0.0,4.975653,0.0
35.100749,350.0,0.0,5.175647,0.0
35.107037,350.0,0.0,5.375633,0.0
35.117454,349.999969,0.0,5.57563,0.0
35.124021,350.0,0.0,5.775599,0.0
35.131155,350.0,0.0,5.975586,0.0
35.13926,349.999969,0.0,6.275578,0.0
35.15308,350.0,0.0,6.475552,0.0
35.159373,350.0,0.0,6.675546,0.0
35.167735,350.0,0.0,6.975523,0.0
35.193608,349.999969,0.0,7.475497,0.0
35.202171,350.0,0.0,7.675467,0.0
35.205502,350.0,0.0,7.875468,0.0
35.216091,350.0,0.0,8.175443,0.0
35.233003,350.0,0.0,8.47542,0.0
35.237032,350.0,0.0,8.675406,0.0
35.247751,350.0,0.0,8.875388,0.0
35.255063,350.0,0.0,9.075385,0.0
35.271769,350.0,0.0,9.475362,0.0
35.280576,349.999969,0.0,9.775348,0.0
35.293305,350.0,0.0,9.975315,0.0
35.297904,350.0,0.0,10.17531,0.0
35.308068,350.0,0.0,10.375288,0.0
35.316512,349.999969,0.0,10.575285,0.0
35.316512,350.000031,0.0,10.775264,0.0
35.333033,350.0,0.0,10.975252,0.0
35.348486,350.0,0.0,11.375226,0.0
35.356611,350.0,0.0,11.575203,0.0
35.364946,350.000031,0.0,11.775186,0.0
35.371212,350.0,0.0,11.975197,0.0
35.381128,350.0,0.0,12.175165,0.0
35.389378,349.999969,0.0,12.375171,0.0
35.397342,350.0,0.0,12.575143,0.0
35.403562,350.0,0.0,12.775135,0.0
35.413817,350.0,0.0,12.975122,0.0
35.421942,350.0,0.0,13.275108,0.0
35.432725,350.0,0.0,13.475087,0.0
35.445354,350.0,0.0,13.775079,0.0
35.450426,349.999969,0.0,13.975061,0.0
35.472872,350.0,0.0,14.475019,0.0
35.481282,349.999969,0.0,14.675017,0.0
35.487544,349.999969,0.0,14.87501,0.0
35.497238,350.0,0.0,15.074972,0.0
35.504418,350.0,0.0,15.274979,0.0
35.512785,350.0,0.0,15.474965,0.0
35.521086,350.0,0.0,15.674949,0.0
35.532818,350.0,0.0,15.974925,0.0
35.544983,350.000031,0.0,16.174902,0.0
35.551372,350.0,0.0,16.474899,0.0
35.565451,350.0,0.0,16.774876,0.0
35.570528,349.999969,0.0,16.974869,0.0
35.585109,350.0,0.0,17.274836,0.0
35.591734,349.999969,0.0,17.474825,0.0
35.612941,350.0,0.0,17.974798,0.0
35.62125,350.0,0.0,18.174778,0.0
35.629728,349.999969,0.0,18.374779,0.0
35.637262,350.0,0.0,18.674746,0.0
35.64833,350.0,0.0,18.874743,0.0
35.65645,350.0,0.0,19.174717,0.0
35.668933,350.0,0.0,19.374699,0.0
35.683822,350.0,0.0,19.774675,0.0
35.692295,350.0,0.0,19.974659,0.0
35.699873,350.0,0.0,20.174648,0.0
35.70791,350.0,0.0,20.374628,0.0
35.714935,350.0,0.0,20.574617,0.0
35.724519,350.0,0.0,20.774599,0.0
35.73143,350.0,0.0,20.974596,0.0
35.740917,350.0,0.0,21.17458,0.0
35.753517,350.0,0.0,21.574562,0.0
35.765569,350.0,0.0,21.774534,0.0
35.769586,350.0,0.0,21.97452,0.0
35.78104,350.0,0.0,22.274502,0.0
35.791796,350.0,0.0,22.474491,0.0
35.797889,350.0,0.0,22.674488,0.0
35.807817,350.0,0.0,22.87447,0.0
35.816189,350.0,0.0,23.074457,0.0
35.83055,350.0,0.0,23.474426,0.0
35.839569,350.0,0.0,23.674417,0.0
35.847912,350.0,0.0,23.874401,0.0
35.855407,350.0,0.0,24.074381,0.0
35.864387,350.0,0.0,24.274378,0.0
35.870629,349.999969,0.0,24.474375,0.0
35.885548,350.0,0.0,24.774347,0.0
35.887548,349.999969,0.0,24.974331,0.0
35.907722,350.0,0.0,25.37431,0.0
35.915833,350.0,0.0,25.574286,0.0
35.929692,349.999969,0.0,25.874277,0.0
35.936925,349.999969,0.0,26.174255,0.0
35.948563,350.0,0.0,26.374241,0.0
35.95598,350.0,0.0,26.574226,0.0
35.964301,350.0,0.0,26.774214,0.0
35.971573,350.0,0.0,26.974192,0.0
35.981302,349.999969,0.0,27.174192,0.0
35.997293,350.0,0.0,27.57415,0.0
36.004839,350.000031,0.0,27.774134,0.0
36.013448,350.0,0.0,27.974121,0.0
36.021235,350.0,0.0,28.174116,0.0
36.02952,350.0,0.0,28.374104,0.0
36.036312,350.000031,0.0,28.574078,0.0
36.043672,349.999969,0.0,28.774084,0.0
36.051269,349.999969,0.0,28.974064,0.0
36.070023,349.999969,0.0,29.474033,0.0
36.085145,350.0,0.0,29.774008,0.0
36.091971,350.0,0.0,29.973999,0.0
36.100197,349.999969,0.0,30.174,0.0
36.107984,350.0,0.0,30.373968,0.0
36.116747,350.0,0.0,30.573954,0.0
36.122841,350.0,0.0,30.773943,0.0
36.131468,350.0,0.0,30.973925,0.0
36.147866,350.0,0.0,31.373909,0.0
36.155323,350.0,0.0,31.5739,0.0
36.164818,350.0,0.0,31.773876,0.0
36.173691,350.0,0.0,31.973866,0.0
36.185329,350.0,0.0,32.273846,0.0
36.18716,350.0,0.0,32.473827,0.0
36.201346,350.0,0.0,32.773811,0.0
36.217251,350.0,0.0,33.173782,0.0
36.229566,350.0,0.0,33.373775,0.0
36.236527,350.0,0.0,33.673763,0.0
36.249889,350.0,0.0,33.87373,0.0
36.255772,350.0,0.0,34.07373,0.0
36.26504,349.999969,0.0,34.273727,0.0
36.273777,350.0,0.0,34.473698,0.0
36.281751,350.0,0.0,34.673695,0.0
36.286923,350.0,0.0,34.873672,0.0
36.302856,350.0,0.0,35.27364,0.0
36.312934,350.0,0.0,35.473633,0.0
36.314473,350.0,0.0,35.673618,0.0
36.329783,350.0,0.0,35.873611,0.0
36.338122,350.000031,0.0,36.17358,0.0
36.349219,350.000031,0.0,36.373562,0.0
36.36528,350.0,0.0,36.773548,0.0
36.369927,349.999969,0.0,36.973537,0.0
36.38097,350.0,0.0,37.173519,0.0
36.387274,350.0,0.0,37.373505,0.0
36.397206,350.0,0.0,37.573498,0.0
36.404899,350.0,0.0,37.773479,0.0
36.413841,350.0,0.0,37.973465,0.0
36.420328,350.0,0.0,38.273457,0.0
36.445554,350.0,0.0,38.773407,0.0
36.448784,350.000031,0.0,38.973396,0.0
36.465175,349.999969,0.0,39.273384,0.0
36.472276,350.0,0.0,39.473377,0.0
36.481633,349.999969,0.0,39.673363,0.0
36.481633,349.999969,0.0,39.873348,0.0
36.501419,350.0,0.0,40.173317,0.0
36.504317,350.0,0.0,40.373302,0.0
36.517034,349.999969,0.0,40.573303,0.0
36.523413,350.0,0.0,40.773277,0.0
36.530952,350.0,0.0,40.973259,0.0
36.547997,350.0,0.0,41.473232,0.0
36.562575,350.0,0.0,41.673218,0.0
36.571434,350.0,0.0,41.973198,0.0
36.585546,350.000031,0.0,42.27317,0.0
36.586279,349.999969,0.0,42.473171,0.0
36.599805,349.999969,0.0,42.673164,0.0
36.615573,350.0,0.0,43.073132,0.0
36.62482,350.0,0.0,43.273117,0.0
36.630903,350.0,0.0,43.473091,0.0
36.639737,350.0,0.0,43.673092,0.0
36.647869,350.0,0.0,43.973057,0.0
36.660021,350.000031,0.0,44.173058,0.0
36.668756,350.0,0.0,44.373043,0.0
36.677388,350.0,0.0,44.573021,0.0
36.691401,350.0,0.0,44.973007,0.0
36.699291,350.000031,0.0,45.172981,0.0
36.707725,350.0,0.0,45.372978,0.0
36.71617,350.0,0.0,45.672966,0.0
36.729455,350.0,0.0,45.872936,0.0
36.736658,349.999969,0.0,46.172928,0.0
36.749378,350.0,0.0,46.372902,0.0
36.764895,349.999969,0.0,46.772911,0.0
36.768992,350.0,0.0,46.972878,0.0
36.78591,350.0,0.0,47.27285,0.0
36.78813,349.999969,0.0,47.472847,0.0
36.800409,350.0,0.0,47.772823,0.0
36.812989,350.0,0.0,47.972816,0.0
36.82933,349.999969,0.0,48.372791,0.0
36.834795,350.0,0.0,48.572769,0.0
36.847644,350.0,0.0,48.872746,0.0
36.857648,350.0,0.0,49.072731,0.0
36.86498,350.0,0.0,49.272724,0.0
36.871909,349.999969,0.0,49.472706,0.0
36.885654,350.0,0.0,49.77269,0.0
36.88803,350.000031,0.0,49.97266,0.0
36.90073,349.999969,0.0,50.172672,0.0
36.90758,350.000031,0.0,50.372646,0.0
36.917015,350.000031,0.0,50.572624,0.0
36.931524,350.0,0.0,50.97261,0.0
36.940047,350.0,0.0,51.172592,0.0
36.949097,350.0,0.0,51.372581,0.0
36.954344,350.0,0.0,51.572567,0.0
36.968964,350.0,0.0,51.872547,0.0
36.976312,350.0,0.0,52.072525,0.0
36.983419,350.000031,0.0,52.272514,0.0
36.994018,350.000031,0.0,52.472496,0.0
37.001658,350.0,0.0,52.672485,0.0
37.007984,350.0,0.0,52.87249,0.0
37.025191,350.0,0.0,53.272457,0.0
37.031467,350.0,0.0,53.472446,0.0
37.041202,350.0,0.0,53.772427,0.0
37.0531,349.999969,0.0,53.972416,0.0
37.06204,350.000031,0.0,54.17239,0.0
37.068832,350.0,0.0,54.372387,0.0
37.070356,350.0,0.0,54.57238,0.0
37.085329,350.0,0.0,54.772362,0.0
37.105108,350.0,0.0,55.27232,0.0
37.114036,350.0,0.0,55.472309,0.0
37.121308,350.0,0.0,55.672295,0.0
37.129848,350.0,0.0,55.872288,0.0
37.1362,350.0,0.0,56.17226,0.0
37.147376,349.999969,0.0,56.372261,0.0
37.15993,350.0,0.0,56.672222,0.0
37.181758,350.0,0.0,57.172195,0.0
37.189949,350.0,0.0,57.472176,0.0
37.201132,350.0,0.0,57.672169,0.0
37.207781,350.0,0.0,57.872143,0.0
37.215826,349.999969,0.0,58.072147,0.0
37.22325,350.0,0.0,58.272125,0.0
37.231867,350.000031,0.0,58.472099,0.0
37.252885,350.0,0.0,58.972073,0.0
37.259476,350.000031,0.0,59.17205,0.0
37.26607,349.999969,0.0,59.372063,0.0
37.275253,349.999969,0.0,59.572048,0.0
37.285191,350.0,0.0,59.772022,0.0
37.292342,350.0,0.0,59.972012,0.0
37.3006,350.0,0.0,60.172001,0.0
37.314806,350.0,0.0,60.571976,0.0
37.324562,350.0,0.0,60.771957,0.0
37.332575,350.000031,0.0,60.971935,0.0
37.339396,349.999969,0.0,61.17194,0.0
37.34777,350.000031,0.0,61.371906,0.0
37.355494,350.0,0.0,61.571907,0.0
37.36477,350.0,0.0,61.771904,0.0
37.372052,350.0,0.0,61.971886,0.0
37.392682,349.999969,0.0,62.471851,0.0
37.400753,350.0,0.0,62.671833,0.0
37.407557,350.0,0.0,62.871822,0.0
37.416551,350.0,0.0,63.071808,0.0
37.423081,350.0,0.0,63.27179,0.0
37.431045,350.0,0.0,63.471771,0.0
37.439148,350.000031,0.0,63.671764,0.0
37.447933,350.000031,0.0,63.871742,0.0
37.464355,349.999969,0.0,64.271736,0.0
37.472701,350.0,0.0,64.471718,0.0
37.481335,350.0,0.0,64.671692,0.0
37.48778,350.0,0.0,64.97168,0.0
37.500556,349.999969,0.0,65.171677,0.0
37.507051,349.999969,0.0,65.371666,0.0
37.517781,349.999969,0.0,65.571648,0.0
37.531178,350.0,0.0,65.971603,0.0
37.539787,350.000031,0.0,66.271584,0.0
37.553644,350.0,0.0,66.471581,0.0
37.561278,350.0,0.0,66.67157,0.0
37.573488,350.000031,0.0,66.971542,0.0
37.581517,350.0,0.0,67.171539,0.0
37.589665,350.0,0.0,67.371521,0.0
37.597819,350.000031,0.0,67.571503,0.0
37.613084,350.000031,0.0,67.971481,0.0
37.619878,350.000031,0.0,68.171463,0.0
37.627189,350.0,0.0,68.371452,0.0
37.636168,350.0,0.0,68.571449,0.0
37.643317,350.0,0.0,68.771431,0.0
37.653329,350.0,0.0,68.971413,0.0
37.659628,350.000031,0.0,69.171394,0.0
37.668414,350.0,0.0,69.371391,0.0
37.683729,349.999969,0.0,69.77137,0.0
37.691349,350.0,0.0,69.971359,0.0
37.70174,350.0,0.0,70.171341,0.0
37.707832,350.000031,0.0,70.371315,0.0
37.717605,350.000031,0.0,70.571304,0.0
37.725147,350.0,0.0,70.771286,0.0
37.730761,349.999969,0.0,70.971291,0.0
37.738764,350.0,0.0,71.17128,0.0
37.747641,349.999969,0.0,71.371262,0.0
37.764464,349.999969,0.0,71.771233,0.0
37.77077,350.0,0.0,71.971207,0.0
37.781891,349.999969,0.0,72.171204,0.0
37.787049,350.0,0.0,72.371201,0.0
37.797158,350.0,0.0,72.571182,0.0
37.802032,350.0,0.0,72.771164,0.0
37.813125,350.0,0.0,72.971146,0.0
37.819657,350.0,0.0,73.171135,0.0
37.829797,350.000031,0.0,73.371117,0.0
37.836193,350.0,0.0,73.571114,0.0
37.851099,350.0,0.0,73.971085,0.0
37.858927,350.000031,0.0,74.171066,0.0
37.867575,349.999969,0.0,74.371063,0.0
37.881208,350.0,0.0,74.671028,0.0
37.887845,350.0,0.0,74.871025,0.0
37.898399,350.0,0.0,75.171005,0.0
37.916569,350.000031,0.0,75.670975,0.0
37.931483,350.000031,0.0,75.97094,0.0
37.939734,350.000031,0.0,76.270935,0.0
37.953188,350.0,0.0,76.470909,0.0
37.960295,350.0,0.0,76.670898,0.0
37.96952,349.999969,0.0,76.970894,0.0
37.98905,350.000031,0.0,77.37085,0.0
37.99829,350.000031,0.0,77.670837,0.0
38.008024,350.0,0.0,77.870819,0.0
38.01565,349.999969,0.0,78.170815,0.0
38.028786,350.0,0.0,78.370789,0.0
38.033745,350.0,0.0,78.57077,0.0
38.043167,350.0,0.0,78.770775,0.0
38.065337,349.999969,0.0,79.270737,0.0
38.069383,350.0,0.0,79.470718,0.0
38.081542,350.0,0.0,79.770691,0.0
38.092893,350.000031,0.0,79.97068,0.0
38.100612,350.0,0.0,80.27066,0.0
38.114436,350.0,0.0,80.470657,0.0
38.133333,350.0,0.0,80.970604,0.0
38.136338,350.0,0.0,81.270599,0.0
38.152883,350.0,0.0,81.470581,0.0
38.159193,350.0,0.0,81.670563,0.0
38.16874,350.0,0.0,81.970551,0.0
38.181331,350.0,0.0,82.170532,0.0
38.188652,350.0,0.0,82.47052,0.0
38.200884,350.000031,0.0,82.7705,0.0
38.217075,350.000031,0.0,83.27047,0.0
38.232111,350.000031,0.0,83.470451,0.0
38.239294,350.0,0.0,83.670441,0.0
38.247656,350.000031,0.0,83.870422,0.0
38.257006,349.999969,0.0,84.070412,0.0
38.264657,349.999939,0.0,84.270409,0.0
38.270806,350.000031,0.0,84.470398,0.0
38.289175,350.0,0.0,84.870361,0.0
38.297945,350.0,0.0,85.070343,0.0
38.305407,350.0,0.0,85.270325,0.0
38.313064,350.000031,0.0,85.470314,0.0
38.319723,350.0,0.0,85.670319,0.0
38.329804,350.0,0.0,85.8703,0.0
38.336586,350.0,0.0,86.170273,0.0
38.348751,350.0,0.0,86.470245,0.0
38.371672,350.0,0.0,87.070221,0.0
38.387113,350.000031,0.0,87.370193,0.0
38.397576,350.0,0.0,87.670166,0.0
38.407818,350.0,0.0,87.870163,0.0
38.415495,350.0,0.0,88.07016,0.0
38.423973,349.999969,0.0,88.270149,0.0
38.431319,350.0,0.0,88.470123,0.0
38.449871,350.0,0.0,88.870087,0.0
38.453912,349.999969,0.0,89.070084,0.0
38.464617,349.999969,0.0,89.270088,0.0
38.471549,350.0,0.0,89.470062,0.0
38.481235,350.0,0.0,89.670044,0.0
38.487565,349.999969,0.0,89.870026,0.0
38.497336,349.999969,0.0,90.070015,0.0
38.504405,349.999969,0.0,90.270004,0.0
38.512954,350.0,0.0,90.470001,0.0
38.530881,350.0,0.0,90.869965,0.0
38.537583,349.999969,0.0,91.16996,0.0
38.553211,350.0,0.0,91.469917,0.0
38.559961,350.0,0.0,91.669922,0.0
38.568926,349.999969,0.0,91.969902,0.0
38.581501,350.000031,0.0,92.269859,0.0
38.592696,349.999969,0.0,92.469849,0.0
38.608076,350.0,0.0,92.869843,0.0
38.619908,350.0,0.0,93.169815,0.0
38.629767,350.0,0.0,93.369797,0.0
38.646311,350.000031,0.0,93.569794,0.0
38.657458,350.0,0.0,94.069763,0.0
38.667793,350.000031,0.0,94.469719,0.0
38.681828,350.0,0.0,94.669701,0.0
38.687067,349.999969,0.0,94.86969,0.0
38.701756,350.000031,0.0,95.169678,0.0
38.709518,350.0,0.0,95.369667,0.0
38.716661,350.0,0.0,95.569649,0.0
38.723809,350.0,0.0,95.769646,0.0
38.731555,350.0,0.0,95.969635,0.0
38.753164,350.0,0.0,96.469604,0.0
38.759513,350.0,0.0,96.669357,0.0
38.768095,350.000031,0.0,96.966034,0.0
38.782417,350.0,0.0,97.159874,0.0
38.788346,350.0,0.0,97.348969,0.0
38.797548,350.000031,0.0,97.531944,0.0
38.804199,350.000031,0.0,97.707489,0.0
38.822035,350.000031,0.0,98.107269,0.0
38.832354,349.999969,0.0,98.253044,0.0
38.839539,350.0,0.0,98.460663,0.0
38.853715,350.0,0.0,98.593727,0.0
38.859908,350.000031,0.0,98.724045,0.0
38.868604,350.0,0.0,98.915001,0.0
38.881762,349.999969,0.0,99.037994,0.0
38.886323,350.0,0.0,99.155464,0.0
38.904206,350.0,0.0,99.366608,0.0
38.913123,350.0,0.0,99.456635,0.0
38.920984,350.000031,0.0,99.534088,0.0
38.930018,350.000031,0.0,99.59964,0.0
38.936728,350.0,0.0,99.679657,0.0
38.947984,350.000031,0.0,99.743195,0.0
38.95978,350.0,0.0,99.779449,0.0
38.968684,350.0,0.0,99.812622,0.0
38.983629,350.0,0.0,99.873627,0.0
38.993608,350.0,0.0,99.901184,0.0
38.999604,350.000031,0.0,99.925934,0.0
39.007878,349.999969,0.0,99.947304,0.0
39.016393,350.0,0.0,99.96463,0.0
39.023002,350.0,0.0,99.977715,0.0
39.032133,350.0,0.0,99.987122,0.0
39.049291,350.0,0.0,99.997223,0.0
39.056704,350.000031,0.0,99.999176,0.0
39.064019,350.0,0.0,99.999893,0.0
39.071312,350.0,0.0,100.0,0.0
39.08119,350.0,0.0,100.0,0.0
39.087775,350.0,0.0,100.0,0.0
39.097769,350.0,0.0,100.0,0.0
39.104691,350.0,0.0,100.0,0.0
39.116246,350.0,0.0,100.0,0.0
39.130005,350.0,0.0,100.0,0.0
39.137243,350.0,0.0,100.0,0.0
39.148646,350.0,0.0,100.0,0.0
39.165376,350.0,0.0,100.0,0.0
39.172077,350.0,0.0,100.0,0.0
39.181145,350.0,0.0,100.0,0.0
39.189523,350.0,0.0,100.0,0.0
39.197788,350.0,0.0,100.0,0.0
39.204742,350.0,0.0,100.0,0.0
39.218035,350.0,0.0,100.0,0.0
39.233482,350.0,0.0,100.0,0.0
39.237753,350.0,0.0,100.0,0.0
39.247801,350.0,0.0,100.0,0.0
39.281419,350.0,0.0,100.0,0.0
39.302465,350.0,0.0,100.0,0.0
39.313254,350.0,0.0,100.0,0.0
39.321205,350.0,0.0,100.0,0.0
39.329878,350.0,0.0,100.0,0.0
39.346244,349.999817,0.0,99.999802,0.0
39.365202,349.993073,0.0,99.993057,0.0
39.371362,349.98526,0.0,99.985291,0.0
39.386138,349.96521,0.0,99.965164,0.0
39.397618,349.932007,0.0,99.932007,0.0
39.404729,349.884338,0.0,99.884338,0.0
39.416558,349.82489,0.0,99.82486,0.0
39.437081,349.708344,0.0,99.708336,0.0
39.448334,349.658264,0.0,99.658264,0.0
39.462626,349.57959,0.0,99.579567,0.0
39.471904,349.493561,0.0,99.49353,0.0
39.485636,349.395721,0.0,99.395721,0.0
39.493275,349.321838,0.0,99.3218,0.0
39.5134,349.099457,0.0,99.099472,0.0
39.517935,348.943604,0.0,98.943573,0.0
39.533766,348.776062,0.0,98.776108,0.0
39.544723,348.660217,0.0,98.660217,0.0
39.553267,348.542206,0.0,98.542206,0.0
39.560867,348.422974,0.0,98.422935,0.0
39.586032,348.056702,0.0,98.056702,0.0
39.59234,347.930359,0.0,97.930344,0.0
39.599358,347.801117,0.0,97.801132,0.0
39.607718,347.668945,0.0,97.668915,0.0
39.618125,347.534027,0.0,97.534058,0.0
39.622012,347.397064,0.0,97.397041,0.0
39.631322,347.25827,0.0,97.258301,0.0
39.650447,346.977356,0.0,96.977348,0.0
39.653486,346.76535,0.0,96.765327,0.0
39.668577,346.623962,0.0,96.62397,0.0
39.676166,346.482605,0.0,96.48259,0.0
39.681382,346.341217,0.0,96.341217,0.0
39.693799,346.199829,0.0,96.199829,0.0
39.700624,346.058441,0.0,96.058472,0.0
39.715423,345.705017,0.0,95.705017,0.0
39.729826,345.56366,0.0,95.563644,0.0
39.735247,345.351593,0.0,95.351593,0.0
39.747894,345.210205,0.0,95.210205,0.0
39.756533,344.998169,0.0,94.998138,0.0
39.767858,344.786041,0.0,94.786072,0.0
39.782288,344.644684,0.0,94.644714,0.0
39.788331,344.503296,0.0,94.503326,0.0
39.804167,344.220581,0.0,94.220581,0.0
39.813073,344.079193,0.0,94.079208,0.0
39.819708,343.937866,0.0,93.937828,0.0
39.827225,343.796448,0.0,93.796448,0.0
39.837898,343.65509,0.0,93.655075,0.0
39.844137,343.513702,0.0,93.513702,0.0
39.852319,343.372345,0.0,93.372322,0.0
39.859056,343.230988,0.0,93.230949,0.0
39.867956,343.089569,0.0,93.089569,0.0
39.883945,342.806824,0.0,92.806824,0.0
39.892426,342.665436,0.0,92.665451,0.0
39.900409,342.524078,0.0,92.524078,0.0
39.907815,342.382721,0.0,92.382683,0.0
39.917139,342.241302,0.0,92.241341,0.0
39.923963,342.099945,0.0,92.099945,0.0
39.931938,341.887848,0.0,91.887878,0.0
39.944728,341.746552,0.0,91.746513,0.0
39.964824,341.393066,0.0,91.393066,0.0
39.971231,341.251709,0.0,91.251694,0.0
39.981651,341.110321,0.0,91.110329,0.0
39.986699,340.898224,0.0,90.898262,0.0
40.008193,340.756927,0.0,90.756882,0.0
40.014079,340.474152,0.0,90.474121,0.0
40.028775,340.332764,0.0,90.332764,0.0
40.03168,340.120697,0.0,90.120697,0.0
40.054226,339.837952,0.0,89.837944,0.0
40.054226,339.696533,0.0,89.696571,0.0
40.06898,339.555237,0.0,89.555183,0.0
40.076471,339.413849,0.0,89.413818,0.0
40.081702,339.27243,0.0,89.27243,0.0
40.09207,339.131104,0.0,89.131073,0.0
40.100375,338.989685,0.0,88.989685,0.0
40.11353,338.777618,0.0,88.777618,0.0
40.138195,338.353516,0.0,88.3535,0.0
40.139419,338.212128,0.0,88.212128,0.0
40.154054,338.000061,0.0,88.000061,0.0
40.165893,337.858643,0.0,87.858696,0.0
40.171515,337.717285,0.0,87.717316,0.0
40.181684,337.575928,0.0,87.575935,0.0
40.181684,337.43454,0.0,87.43457,0.0
40.198584,337.293182,0.0,87.293182,0.0
40.22131,336.869049,0.0,86.869049,0.0
40.223459,336.727722,0.0,86.727692,0.0
40.237069,336.586304,0.0,86.586311,0.0
40.246727,336.444916,0.0,86.444939,0.0
40.258085,336.23288,0.0,86.23288,0.0
40.269642,336.020844,0.0,86.020805,0.0
40.284309,335.667328,0.0,85.667366,0.0
40.296653,335.526001,0.0,85.526001,0.0
40.305181,335.384613,0.0,85.384613,0.0
40.317455,335.172546,0.0,85.172546,0.0
40.32199,335.031158,0.0,85.031189,0.0
40.331918,334.889862,0.0,84.889793,0.0
40.340587,334.748413,0.0,84.748421,0.0
40.355494,334.465668,0.0,84.465668,0.0
40.365876,334.32428,0.0,84.324318,0.0
40.372006,334.182922,0.0,84.182922,0.0
40.381267,334.041565,0.0,84.04155,0.0
40.388842,333.900146,0.0,83.900177,0.0
40.397215,333.758789,0.0,83.758781,0.0
40.40418,333.617432,0.0,83.617432,0.0
40.413325,333.476074,0.0,83.476044,0.0
40.433773,333.12262,0.0,83.12262,0.0
40.446797,332.910553,0.0,82.910553,0.0
40.453823,332.698486,0.0,82.698486,0.0
40.466063,332.557068,0.0,82.557106,0.0
40.472031,332.345001,0.0,82.345047,0.0
40.483931,332.203674,0.0,82.203674,0.0
40.500297,331.920959,0.0,81.920921,0.0
40.507167,331.779572,0.0,81.779533,0.0
40.516248,331.638153,0.0,81.638168,0.0
40.523893,331.496796,0.0,81.496796,0.0
40.531027,331.355408,0.0,81.355408,0.0
40.538904,331.214081,0.0,81.214043,0.0
40.549283,331.072662,0.0,81.072662,0.0
40.565418,330.789917,0.0,80.789917,0.0
40.570815,330.648529,0.0,80.648529,0.0
40.581392,330.507172,0.0,80.507172,0.0
40.589424,330.365784,0.0,80.365784,0.0
40.597495,330.224396,0.0,80.224411,0.0
40.604488,330.083038,0.0,80.083038,0.0
40.614105,329.94162,0.0,79.941673,0.0
40.621744,329.800293,0.0,79.800293,0.0
40.63734,329.517548,0.0,79.517548,0.0
40.645398,329.37616,0.0,79.37616,0.0
40.648546,329.234772,0.0,79.234787,0.0
40.659415,329.093445,0.0,79.093407,0.0
40.668953,328.952057,0.0,78.952019,0.0
40.677416,328.810669,0.0,78.810669,0.0
40.684433,328.669281,0.0,78.669281,0.0
40.69972,328.386505,0.0,78.386536,0.0
40.707861,328.245148,0.0,78.245155,0.0
40.716512,328.033081,0.0,78.033096,0.0
40.730121,327.891724,0.0,77.891724,0.0
40.737336,327.750366,0.0,77.750336,0.0
40.744702,327.608978,0.0,77.608978,0.0
40.753424,327.46759,0.0,77.46759,0.0
40.76782,327.114166,0.0,77.114151,0.0
40.781556,326.972748,0.0,76.972786,0.0
40.787801,326.83139,0.0,76.831406,0.0
40.797501,326.690033,0.0,76.690041,0.0
40.805564,326.548645,0.0,76.548645,0.0
40.813381,326.407288,0.0,76.407288,0.0
40.828261,326.124512,0.0,76.124527,0.0
40.837083,325.983124,0.0,75.983154,0.0
40.843948,325.841766,0.0,75.841766,0.0
40.848187,325.700409,0.0,75.700409,0.0
40.865642,325.488373,0.0,75.488335,0.0
40.869061,325.346954,0.0,75.346947,0.0
40.882487,325.205597,0.0,75.205597,0.0
40.888374,324.99353,0.0,74.99353,0.0
40.913352,324.640106,0.0,74.640076,0.0
40.921851,324.498718,0.0,74.498718,0.0
40.930124,324.35733,0.0,74.35733,0.0
40.937245,324.145264,0.0,74.145271,0.0
40.949176,324.003906,0.0,74.003891,0.0
40.954749,323.862518,0.0,73.862518,0.0
40.965666,323.650452,0.0,73.650459,0.0
40.984586,323.367706,0.0,73.367706,0.0
40.992509,323.226318,0.0,73.226334,0.0
40.999685,323.084961,0.0,73.084953,0.0
41.007954,322.943573,0.0,72.943581,0.0
41.0164,322.802216,0.0,72.8022,0.0
41.023491,322.660828,0.0,72.660828,0.0
41.031663,322.519409,0.0,72.519463,0.0
41.05305,322.166046,0.0,72.166008,0.0
41.060162,322.024658,0.0,72.024628,0.0
41.068535,321.88327,0.0,71.883263,0.0
41.077116,321.741913,0.0,71.741882,0.0
41.082178,321.600525,0.0,71.60051,0.0
41.092621,321.459167,0.0,71.459137,0.0
41.101063,321.24704,0.0,71.247086,0.0
41.120816,320.964325,0.0,70.964325,0.0
41.127613,320.822937,0.0,70.822952,0.0
41.132171,320.68158,0.0,70.681572,0.0
41.144084,320.540192,0.0,70.540199,0.0
41.153688,320.398834,0.0,70.398819,0.0
41.153688,320.257416,0.0,70.257454,0.0
41.168447,320.04541,0.0,70.045372,0.0
41.181879,319.904022,0.0,69.904007,0.0
41.197764,319.621216,0.0,69.621262,0.0
41.204526,319.479858,0.0,69.479889,0.0
41.213376,319.338501,0.0,69.338509,0.0
41.215468,319.197113,0.0,69.197136,0.0
41.227669,319.055756,0.0,69.055763,0.0
41.236309,318.914398,0.0,68.914375,0.0
41.2437,318.77301,0.0,68.773003,0.0
41.253191,318.631592,0.0,68.631638,0.0
41.269825,318.348877,0.0,68.348877,0.0
41.277645,318.207489,0.0,68.207504,0.0
41.284893,318.066132,0.0,68.066124,0.0
41.292347,317.924744,0.0,67.924751,0.0
41.301295,317.783386,0.0,67.783379,0.0
41.304971,317.641998,0.0,67.641991,0.0
41.316768,317.50061,0.0,67.500626,0.0
41.331503,317.217865,0.0,67.217873,0.0
41.339003,317.076508,0.0,67.0765,0.0
41.348498,316.864441,0.0,66.864433,0.0
41.360875,316.723053,0.0,66.723061,0.0
41.364305,316.510986,0.0,66.510994,0.0
41.380907,316.369629,0.0,66.369629,0.0
41.38883,316.22821,0.0,66.228256,0.0
41.399167,315.945496,0.0,65.945496,0.0
41.418472,315.733429,0.0,65.733421,0.0
41.421295,315.521362,0.0,65.52137,0.0
41.437436,315.379974,0.0,65.380005,0.0
41.444559,315.238617,0.0,65.238617,0.0
41.448623,315.097229,0.0,65.097237,0.0
41.4604,314.955872,0.0,64.955864,0.0
41.468228,314.743805,0.0,64.743805,0.0
41.482558,314.46106,0.0,64.461052,0.0
41.498061,314.319672,0.0,64.319679,0.0
41.504895,314.107605,0.0,64.107613,0.0
41.516229,313.895538,0.0,63.895557,0.0
41.528623,313.754181,0.0,63.754181,0.0
41.532124,313.612823,0.0,63.612782,0.0
41.544551,313.471436,0.0,63.47142,0.0
41.554351,313.330048,0.0,63.330048,0.0
41.565323,312.976624,0.0,62.976608,0.0
41.582268,312.835236,0.0,62.835239,0.0
41.587971,312.693817,0.0,62.693871,0.0
41.597693,312.55249,0.0,62.552486,0.0
41.605239,312.411102,0.0,62.41111,0.0
41.614732,312.269714,0.0,62.269733,0.0
41.622324,312.057678,0.0,62.057667,0.0
41.633319,311.91629,0.0,61.916294,0.0
41.640361,311.774963,0.0,61.774914,0.0
41.649786,311.633545,0.0,61.633549,0.0
41.661907,311.492157,0.0,61.492172,0.0
41.666631,311.280121,0.0,61.280102,0.0
41.686478,310.855988,0.0,60.855972,0.0
41.700962,310.643921,0.0,60.643925,0.0
41.713374,310.502563,0.0,60.502533,0.0
41.717707,310.290436,0.0,60.290489,0.0
41.731622,310.149109,0.0,60.149101,0.0
41.739556,310.007721,0.0,60.007732,0.0
41.748952,309.866333,0.0,59.866364,0.0
41.76422,309.583557,0.0,59.583611,0.0
41.76422,309.44223,0.0,59.44223,0.0
41.781229,309.300812,0.0,59.300858,0.0
41.788788,309.159454,0.0,59.159477,0.0
41.798306,309.018127,0.0,59.018089,0.0
41.805065,308.87677,0.0,58.876717,0.0
41.817889,308.664673,0.0,58.664654,0.0
41.825472,308.523285,0.0,58.523289,0.0
41.833724,308.381866,0.0,58.38192,0.0
41.849758,308.099152,0.0,58.099163,0.0
41.854321,307.887085,0.0,57.8871,0.0
41.869292,307.745697,0.0,57.745728,0.0
41.876908,307.60434,0.0,57.604351,0.0
41.884192,307.462982,0.0,57.462971,0.0
41.891541,307.321594,0.0,57.321587,0.0
41.899529,307.180206,0.0,57.180222,0.0
41.916347,306.897461,0.0,56.897469,0.0
41.925322,306.756134,0.0,56.756084,0.0
41.933428,306.614716,0.0,56.614716,0.0
41.939771,306.473328,0.0,56.473339,0.0
41.949068,306.33197,0.0,56.33197,0.0
41.961895,306.119873,0.0,56.119911,0.0
41.98614,305.69574,0.0,55.695786,0.0
41.993387,305.554382,0.0,55.554409,0.0
42.001869,305.413025,0.0,55.413033,0.0
42.009303,305.271667,0.0,55.271645,0.0
42.017679,305.13028,0.0,55.130276,0.0
42.023733,304.988861,0.0,54.988899,0.0
42.031483,304.847534,0.0,54.84753,0.0
42.048284,304.564789,0.0,54.564774,0.0
42.055713,304.423401,0.0,54.423405,0.0
42.06472,304.282013,0.0,54.282032,0.0
42.072514,304.140625,0.0,54.140648,0.0
42.081582,303.999268,0.0,53.99926,0.0
42.08777,303.85791,0.0,53.857899,0.0
42.096409,303.716553,0.0,53.716515,0.0
42.106165,303.575104,0.0,53.575165,0.0
42.123546,303.22168,0.0,53.221718,0.0
42.131968,303.080292,0.0,53.080345,0.0
42.139321,302.938965,0.0,52.938957,0.0
42.148546,302.797577,0.0,52.797581,0.0
42.156447,302.656219,0.0,52.656204,0.0
42.166222,302.514832,0.0,52.514835,0.0
42.181856,302.232086,0.0,52.232079,0.0
42.187665,302.090698,0.0,52.090702,0.0
42.197973,301.94931,0.0,51.949337,0.0
42.209479,301.737274,0.0,51.73727,0.0
42.221823,301.525208,0.0,51.525208,0.0
42.233479,301.313141,0.0,51.313141,0.0
42.24906,300.959686,0.0,50.959702,0.0
42.265684,300.74762,0.0,50.747646,0.0
42.270464,300.606293,0.0,50.606255,0.0
42.282233,300.464874,0.0,50.464893,0.0
42.285961,300.323517,0.0,50.323509,0.0
42.297893,300.182129,0.0,50.182144,0.0
42.314356,299.899414,0.0,49.899376,0.0
42.320588,299.687317,0.0,49.687321,0.0
42.331841,299.545959,0.0,49.545952,0.0
42.339604,299.333923,0.0,49.333878,0.0
42.353279,299.192505,0.0,49.192505,0.0
42.359644,299.051117,0.0,49.051147,0.0
42.368717,298.83905,0.0,48.839069,0.0
42.381919,298.697693,0.0,48.697689,0.0
42.400045,298.344238,0.0,48.344265,0.0
42.407999,298.202881,0.0,48.202888,0.0
42.418043,297.990814,0.0,47.990818,0.0
42.430039,297.849457,0.0,47.84943,0.0
42.437768,297.63739,0.0,47.637383,0.0
42.449657,297.496002,0.0,47.496002,0.0
42.454752,297.283936,0.0,47.283936,0.0
42.482174,296.930542,0.0,46.930492,0.0
42.489101,296.789093,0.0,46.789135,0.0
42.498088,296.647736,0.0,46.647751,0.0
42.50594,296.506378,0.0,46.506378,0.0
42.51465,296.365021,0.0,46.364986,0.0
42.520793,296.152893,0.0,46.152939,0.0
42.534442,296.011536,0.0,46.011574,0.0
42.538607,295.7995,0.0,45.7995,0.0
42.554785,295.587402,0.0,45.587433,0.0
42.565182,295.446045,0.0,45.446068,0.0
42.573337,295.234009,0.0,45.234001,0.0
42.585411,295.09259,0.0,45.092632,0.0
42.598594,294.809875,0.0,44.809875,0.0
42.608144,294.668488,0.0,44.668495,0.0
42.615032,294.52713,0.0,44.527115,0.0
42.624184,294.385742,0.0,44.385746,0.0
42.631836,294.244354,0.0,44.244377,0.0
42.639412,294.032318,0.0,44.032299,0.0
42.653781,293.8909,0.0,43.890926,0.0
42.666002,293.678864,0.0,43.678867,0.0
42.669903,293.537476,0.0,43.537498,0.0
42.693808,293.184052,0.0,43.184048,0.0
42.699873,292.971985,0.0,42.971989,0.0
42.713422,292.830597,0.0,42.830627,0.0
42.721476,292.61853,0.0,42.618565,0.0
42.731897,292.477173,0.0,42.47718,0.0
42.739719,292.335785,0.0,42.3358,0.0
42.748514,292.194397,0.0,42.194439,0.0
42.765073,291.911713,0.0,41.911667,0.0
42.771614,291.770264,0.0,41.770306,0.0
42.782032,291.628937,0.0,41.628933,0.0
42.790445,291.487549,0.0,41.487545,0.0
42.797809,291.346161,0.0,41.346172,0.0
42.805075,291.204803,0.0,41.204788,0.0
42.81367,291.063416,0.0,41.063416,0.0
42.827722,290.78064,0.0,40.780674,0.0
42.837217,290.639282,0.0,40.639294,0.0
42.843606,290.497925,0.0,40.497921,0.0
42.85409,290.356567,0.0,40.356541,0.0
42.861824,290.215149,0.0,40.215164,0.0
42.867999,290.073761,0.0,40.073807,0.0
42.881338,289.861694,0.0,39.861736,0.0
42.898132,289.578979,0.0,39.578987,0.0
42.902503,289.437561,0.0,39.437614,0.0
42.914191,289.296234,0.0,39.296223,0.0
42.919954,289.154846,0.0,39.154858,0.0
42.92826,289.013489,0.0,39.013485,0.0
42.937684,288.872101,0.0,38.872105,0.0
42.946111,288.730682,0.0,38.730732,0.0
42.954736,288.518646,0.0,38.518673,0.0
42.969325,288.306641,0.0,38.306583,0.0
42.984367,288.023834,0.0,38.023849,0.0
42.991702,287.882446,0.0,37.882484,0.0
42.999519,287.741089,0.0,37.741096,0.0
43.00791,287.599701,0.0,37.599728,0.0
43.016703,287.458313,0.0,37.458351,0.0
43.023451,287.316956,0.0,37.316978,0.0
43.031644,287.175598,0.0,37.175598,0.0
43.041693,287.03421,0.0,37.034222,0.0
43.058245,286.751465,0.0,36.751465,0.0
43.065608,286.610107,0.0,36.610096,0.0
43.073361,286.468719,0.0,36.468719,0.0
43.081767,286.327332,0.0,36.327347,0.0
43.090724,286.186005,0.0,36.185963,0.0
43.098488,285.973907,0.0,35.973907,0.0
43.108456,285.83252,0.0,35.832539,0.0
43.116014,285.691162,0.0,35.691147,0.0
43.133832,285.408417,0.0,35.408401,0.0
43.139214,285.266998,0.0,35.267044,0.0
43.149306,285.125641,0.0,35.12566,0.0
43.155164,284.984283,0.0,34.984272,0.0
43.165665,284.842896,0.0,34.842899,0.0
43.169109,284.701569,0.0,34.701515,0.0
43.181634,284.56015,0.0,34.56015,0.0
43.189209,284.418793,0.0,34.41877,0.0
43.196919,284.277374,0.0,34.277409,0.0
43.214542,283.994659,0.0,33.994648,0.0
43.22618,283.782623,0.0,33.782581,0.0
43.233494,283.641205,0.0,33.641212,0.0
43.239096,283.499847,0.0,33.49984,0.0
43.249645,283.358459,0.0,33.358459,0.0
43.255401,283.146393,0.0,33.146381,0.0
43.270413,283.005035,0.0,33.005016,0.0
43.282294,282.65155,0.0,32.651585,0.0
43.30221,282.439514,0.0,32.439514,0.0
43.305421,282.298157,0.0,32.298145,0.0
43.317267,282.08609,0.0,32.086082,0.0
43.333655,281.873993,0.0,31.874023,0.0
43.337411,281.732605,0.0,31.732651,0.0
43.349069,281.591309,0.0,31.591259,0.0
43.365283,281.308502,0.0,31.308523,0.0
43.372071,281.167114,0.0,31.167162,0.0
43.391553,280.955078,0.0,30.955082,0.0
43.402515,280.672363,0.0,30.672318,0.0
43.406445,280.460266,0.0,30.460272,0.0
43.420163,280.318878,0.0,30.318886,0.0
43.436803,280.036163,0.0,30.036142,0.0
43.443846,279.894775,0.0,29.894764,0.0
43.452151,279.753387,0.0,29.753401,0.0
43.459157,279.612,0.0,29.612011,0.0
43.474709,279.399963,0.0,29.399946,0.0
43.486416,279.187897,0.0,29.187895,0.0
43.491742,279.046509,0.0,29.046509,0.0
43.518375,278.622345,0.0,28.622391,0.0
43.529809,278.410309,0.0,28.410324,0.0
43.535365,278.198212,0.0,28.198269,0.0
43.553841,277.986206,0.0,27.986193,0.0
43.556612,277.844818,0.0,27.844816,0.0
43.57072,277.632751,0.0,27.632748,0.0
43.58632,277.420654,0.0,27.420694,0.0
43.604766,277.06723,0.0,27.067266,0.0
43.61518,276.855194,0.0,26.855188,0.0
43.62438,276.713806,0.0,26.713814,0.0
43.63236,276.50174,0.0,26.501753,0.0
43.644586,276.360382,0.0,26.360371,0.0
43.651861,276.218994,0.0,26.219002,0.0
43.668362,275.936218,0.0,25.936251,0.0
43.681318,275.724152,0.0,25.724203,0.0
43.688066,275.582825,0.0,25.582817,0.0
43.69804,275.441437,0.0,25.441416,0.0
43.7049,275.300079,0.0,25.30007,0.0
43.713227,275.158691,0.0,25.158688,0.0
43.717928,275.017303,0.0,25.017303,0.0
43.732352,274.805237,0.0,24.805237,0.0
43.741495,274.663879,0.0,24.663877,0.0
43.759621,274.310425,0.0,24.310423,0.0
43.771354,274.098358,0.0,24.098373,0.0
43.786755,273.886322,0.0,23.886301,0.0
43.798245,273.674255,0.0,23.674244,0.0
43.805854,273.532867,0.0,23.532864,0.0
43.817475,273.32077,0.0,23.320803,0.0
43.825131,273.179443,0.0,23.179438,0.0
43.837273,272.825989,0.0,22.825991,0.0
43.852851,272.684631,0.0,22.684608,0.0
43.861805,272.543243,0.0,22.543253,0.0
43.867827,272.401855,0.0,22.401861,0.0
43.875769,272.260498,0.0,22.260492,0.0
43.882167,272.11911,0.0,22.119125,0.0
43.89391,271.977753,0.0,21.977737,0.0
43.898299,271.836365,0.0,21.836361,0.0
43.917288,271.553619,0.0,21.553608,0.0
43.925558,271.412201,0.0,21.412237,0.0
43.933519,271.270874,0.0,21.27087,0.0
43.941514,271.129486,0.0,21.129484,0.0
43.953936,270.917419,0.0,20.917427,0.0
43.961126,270.776062,0.0,20.776043,0.0
43.973349,270.564026,0.0,20.563961,0.0
43.981935,270.422607,0.0,20.422604,0.0
43.998172,270.139862,0.0,20.13986,0.0
44.004303,269.998474,0.0,19.99848,0.0
44.013442,269.857147,0.0,19.8571,0.0
44.019191,269.715759,0.0,19.715715,0.0
44.030441,269.574371,0.0,19.574354,0.0
44.037867,269.432983,0.0,19.432983,0.0
44.038972,269.291595,0.0,19.291603,0.0
44.055043,269.079529,0.0,19.079552,0.0
44.073272,268.796783,0.0,18.796791,0.0
44.082031,268.584717,0.0,18.584734,0.0
44.092762,268.443359,0.0,18.443352,0.0
44.100687,268.301971,0.0,18.301983,0.0
44.107312,268.160614,0.0,18.160597,0.0
44.116863,268.019226,0.0,18.019224,0.0
44.12406,267.877869,0.0,17.877853,0.0
44.138089,267.595093,0.0,17.595098,0.0
44.148727,267.453735,0.0,17.453712,0.0
44.157706,267.312347,0.0,17.312349,0.0
44.164796,267.170959,0.0,17.170969,0.0
44.164796,267.029602,0.0,17.029608,0.0
44.185776,266.817535,0.0,16.817539,0.0
44.188804,266.676147,0.0,16.676165,0.0
44.202374,266.464111,0.0,16.46409,0.0
44.221896,266.181335,0.0,16.181356,0.0
44.228182,266.040009,0.0,16.039974,0.0
44.237175,265.89859,0.0,15.898592,0.0
44.244686,265.757263,0.0,15.757221,0.0
44.252765,265.615814,0.0,15.615851,0.0
44.259053,265.474457,0.0,15.474468,0.0
44.268576,265.33313,0.0,15.333076,0.0
44.282222,265.121033,0.0,15.121025,0.0
44.287136,264.908936,0.0,14.90897,0.0
44.300478,264.696899,0.0,14.696915,0.0
44.313352,264.555542,0.0,14.555527,0.0
44.327867,264.272766,0.0,14.272783,0.0
44.337522,264.131409,0.0,14.131407,0.0
44.343905,263.990021,0.0,13.990028,0.0
44.348685,263.848694,0.0,13.848645,0.0
44.361653,263.707275,0.0,13.707275,0.0
44.369735,263.495209,0.0,13.495203,0.0
44.381815,263.353851,0.0,13.353825,0.0
44.388213,263.212433,0.0,13.21246,0.0
44.40525,262.929718,0.0,12.929714,0.0
44.413853,262.78833,0.0,12.788333,0.0
44.422303,262.576263,0.0,12.576275,0.0
44.433663,262.364197,0.0,12.364203,0.0
44.44573,262.222839,0.0,12.222834,0.0
44.449782,262.081451,0.0,12.081452,0.0
44.45933,261.940094,0.0,11.940082,0.0
44.477928,261.657318,0.0,11.657345,0.0
44.484487,261.515961,0.0,11.515965,0.0
44.484487,261.374573,0.0,11.374578,0.0
44.500838,261.233215,0.0,11.233212,0.0
44.508155,261.091827,0.0,11.091824,0.0
44.517672,260.95047,0.0,10.950446,0.0
44.523943,260.809082,0.0,10.809083,0.0
44.531912,260.667694,0.0,10.667703,0.0
44.548707,260.384949,0.0,10.384958,0.0
44.557798,260.243591,0.0,10.243579,0.0
44.56597,260.102203,0.0,10.102195,0.0
44.572252,259.960815,0.0,9.960808,0.0
44.585874,259.748779,0.0,9.748767,0.0
44.588298,259.607391,0.0,9.607388,0.0
44.600101,259.466003,0.0,9.466004,0.0
44.607988,259.324646,0.0,9.32465,0.0
44.625256,259.041901,0.0,9.041885,0.0
44.631606,258.900513,0.0,8.900511,0.0
44.640097,258.759125,0.0,8.759124,0.0
44.648279,258.617798,0.0,8.617749,0.0
44.657289,258.476379,0.0,8.476381,0.0
44.665272,258.334991,0.0,8.335011,0.0
44.67162,258.193634,0.0,8.193647,0.0
44.681692,258.052246,0.0,8.052263,0.0
44.687825,257.910889,0.0,7.910879,0.0
44.704484,257.628143,0.0,7.628126,0.0
44.713808,257.486755,0.0,7.486759,0.0
44.719817,257.345367,0.0,7.345397,0.0
44.730323,257.20401,0.0,7.20401,0.0
44.737317,256.991943,0.0,6.991938,0.0
44.749118,256.850555,0.0,6.850572,0.0
44.754219,256.709198,0.0,6.709183,0.0
44.765344,256.56781,0.0,6.567822,0.0
44.782163,256.285034,0.0,6.285069,0.0
44.78893,256.073029,0.0,6.073008,0.0
44.80022,255.860931,0.0,5.860948,0.0
44.813653,255.719574,0.0,5.719552,0.0
44.820065,255.578171,0.0,5.578185,0.0
44.830218,255.436813,0.0,5.436809,0.0
44.849704,255.083389,0.0,5.083384,0.0
44.853973,254.942001,0.0,4.942014,0.0
44.864856,254.800629,0.0,4.800624,0.0
44.872287,254.659256,0.0,4.659256,0.0
44.881955,254.447189,0.0,4.447184,0.0
44.892051,254.305817,0.0,4.305815,0.0
44.899628,254.164444,0.0,4.164429,0.0
44.918238,253.881668,0.0,3.881682,0.0
44.92478,253.740311,0.0,3.740304,0.0
44.931799,253.598953,0.0,3.598926,0.0
44.939325,253.457565,0.0,3.457552,0.0
44.949511,253.316177,0.0,3.316173,0.0
44.954818,253.174805,0.0,3.174804,0.0
44.965422,252.962738,0.0,2.962742,0.0
44.984216,252.679962,0.0,2.679997,0.0
44.993808,252.538589,0.0,2.538619,0.0
45.001574,252.397369,0.0,2.397343,0.0
45.007661,252.256897,0.0,2.256896,0.0
45.016613,252.118149,0.0,2.118154,0.0
45.026973,251.982025,0.0,1.98204,0.0
45.035861,251.78479,0.0,1.78479,0.0
45.045889,251.659256,0.0,1.65921,0.0
45.053632,251.539444,0.0,1.539454,0.0
45.065658,251.371735,0.0,1.371752,0.0
45.081543,251.166687,0.0,1.166698,0.0
45.081543,251.070068,0.0,1.07007,0.0
45.098103,250.976166,0.0,0.976146,0.0
45.098966,250.884201,0.0,0.88422,0.0
45.113853,250.794296,0.0,0.794273,0.0
45.121187,250.706833,0.0,0.7068,0.0
45.128372,250.622894,0.0,0.622895,0.0
45.132269,250.543777,0.0,0.543764,0.0
45.146255,250.470627,0.0,0.47062,0.0
45.154122,250.374893,0.0,0.374867,0.0
45.165083,250.298279,0.0,0.298278,0.0
45.182156,250.238266,0.0,0.238253,0.0
45.19205,250.190674,0.0,0.190652,0.0
45.207658,250.139542,0.0,0.139545,0.0
45.215159,250.106384,0.0,0.106347,0.0
45.229485,250.085785,0.0,0.085762,0.0
45.234786,250.058044,0.0,0.058027,0.0
45.248788,250.035355,0.0,0.035353,0.0
45.262498,250.023697,0.0,0.023697,0.0
45.265731,250.014923,0.0,0.014927,0.0
45.281542,250.006317,0.0,0.006291,0.0
45.29697,250.001114,0.0,0.001077,0.0
45.304507,250.000229,0.0,0.000228,0.0
45.313876,250.000015,0.0,-6e-06,0.0
45.320588,250.000015,0.0,-6e-06,0.0
45.327971,250.000015,0.0,-6e-06,0.0
45.332199,250.000015,0.0,-6e-06,0.0
45.344225,250.000015,0.0,-6e-06,0.0
45.352638,250.000015,0.0,-6e-06,0.0
45.359526,250.000015,0.0,-6e-06,0.0
45.365177,250.000015,0.0,-6e-06,0.0
45.381886,250.000015,0.0,-6e-06,0.0
45.387953,250.000015,0.0,-6e-06,0.0
45.397926,250.000015,0.0,-6e-06,0.0
45.402553,250.000015,0.0,-6e-06,0.0
45.413652,250.000015,0.0,-6e-06,0.0
45.415117,250.000015,0.0,-6e-06,0.0
45.428972,250.000015,0.0,-6e-06,0.0
45.437981,250.000015,0.0,-6e-06,0.0
45.437981,250.000015,0.0,-6e-06,0.0
45.45305,250.000015,0.0,-6e-06,0.0
45.460249,250.000015,0.0,-6e-06,0.0
45.468467,250.000015,0.0,-6e-06,0.0
45.477571,250.000015,0.0,-6e-06,0.0
45.484358,250.000015,0.0,-6e-06,0.0
45.491278,250.000015,0.0,-6e-06,0.0
45.500038,250.000015,0.0,-6e-06,0.0
45.533846,250.000015,0.0,-6e-06,0.0
45.538892,250.000015,0.0,-6e-06,0.0
45.5504,250.000015,0.0,-6e-06,0.0
45.554596,250.000015,0.0,-6e-06,0.0
45.565633,250.000015,0.0,-6e-06,0.0
45.569197,250.000015,0.0,-6e-06,0.0
45.590305,250.000015,0.0,0.000278,0.0
45.597476,250.0,0.0,0.001872,0.0
45.604139,250.000015,0.0,0.006201,0.0
45.620516,250.000015,0.0,0.02854,0.0
45.620516,250.000015,0.0,0.049271,0.0
45.638278,250.000031,0.0,0.078217,0.0
45.645026,250.000031,0.0,0.116512,0.0
45.652178,250.000031,0.0,0.163595,0.0
45.659494,250.000015,0.0,0.218111,0.0
45.668816,250.000015,0.0,0.31084,0.0
45.681869,250.0,0.0,0.412581,0.0
45.699121,250.000015,0.0,0.594717,0.0
45.713822,250.000031,0.0,0.674341,0.0
45.721215,250.000015,0.0,0.760404,0.0
45.721215,250.0,0.0,0.8548,0.0
45.737985,250.000031,0.0,0.959369,0.0
45.745694,250.000015,0.0,1.075921,0.0
45.752802,250.000015,0.0,1.205061,0.0
45.759876,250.000015,0.0,1.345176,0.0
45.769472,250.000015,0.0,1.571851,0.0
45.789946,250.000015,0.0,1.895221,0.0
45.799256,250.0,0.0,2.146335,0.0
45.807825,250.000015,0.0,2.315765,0.0
45.816717,250.000015,0.0,2.487091,0.0
45.824512,250.000031,0.0,2.660909,0.0
45.832307,250.000015,0.0,2.837843,0.0
45.839772,250.000031,0.0,3.018531,0.0
45.85021,250.000046,0.0,3.203483,0.0
45.866346,250.000015,0.0,3.58481,0.0
45.871209,250.000031,0.0,3.779949,0.0
45.882771,250.000015,0.0,3.977209,0.0
45.887977,250.000031,0.0,4.17602,0.0
45.899339,250.000015,0.0,4.475688,0.0
45.908654,250.0,0.0,4.675676,0.0
45.919935,250.000015,0.0,4.975646,0.0
45.93728,250.000015,0.0,5.375619,0.0
45.944938,250.000015,0.0,5.57562,0.0
45.953122,250.000015,0.0,5.77559,0.0
45.959522,250.000046,0.0,5.975578,0.0
45.965539,250.000015,0.0,6.175571,0.0
45.976831,250.000031,0.0,6.375556,0.0
45.985008,250.000015,0.0,6.575539,0.0
45.992865,250.000015,0.0,6.775533,0.0
46.001173,250.000015,0.0,6.975506,0.0
46.015432,250.000015,0.0,7.375497,0.0
46.024685,250.000031,0.0,7.575492,0.0
46.031972,250.000015,0.0,7.775468,0.0
46.039765,250.000046,0.0,7.975457,0.0
46.048137,249.999985,0.0,8.175447,0.0
46.056705,250.000015,0.0,8.475422,0.0
46.068675,249.999985,0.0,8.77539,0.0
46.097981,250.000046,0.0,9.375371,0.0
46.105077,250.000015,0.0,9.575335,0.0
46.113892,250.000015,0.0,9.775339,0.0
46.125972,250.000031,0.0,10.07531,0.0
46.132281,250.000015,0.0,10.275304,0.0
46.141243,250.000031,0.0,10.475274,0.0
46.148958,250.000015,0.0,10.675271,0.0
46.156814,250.000015,0.0,10.975255,0.0
46.169094,250.000015,0.0,11.275223,0.0
46.198092,250.000015,0.0,11.875214,0.0
46.205558,250.000031,0.0,12.175174,0.0
46.21683,250.0,0.0,12.475154,0.0
46.233911,250.0,0.0,12.775135,0.0
46.237948,250.000015,0.0,12.975115,0.0
46.248622,250.000015,0.0,13.175091,0.0
46.255925,250.000015,0.0,13.375096,0.0
46.273912,250.000015,0.0,13.775066,0.0
46.285823,250.000015,0.0,14.075055,0.0
46.288822,250.000015,0.0,14.275042,0.0
46.299896,250.0,0.0,14.475018,0.0
46.308217,250.000015,0.0,14.675009,0.0
46.316885,250.000015,0.0,14.974991,0.0
46.329254,250.000015,0.0,15.174979,0.0
46.335001,250.0,0.0,15.374966,0.0
46.349415,250.000031,0.0,15.77494,0.0
46.360812,250.000015,0.0,15.974917,0.0
46.369923,250.000031,0.0,16.174904,0.0
46.370923,250.000015,0.0,16.374907,0.0
46.383656,250.000046,0.0,16.574886,0.0
46.39258,250.000031,0.0,16.774858,0.0
46.401254,250.000031,0.0,17.074844,0.0
46.418068,250.0,0.0,17.474819,0.0
46.427452,250.0,0.0,17.674814,0.0
46.431863,250.000031,0.0,17.874802,0.0
46.445511,250.000015,0.0,18.074783,0.0
46.455006,250.000015,0.0,18.374758,0.0
46.465274,250.000031,0.0,18.574747,0.0
46.471417,250.000031,0.0,18.774738,0.0
46.488098,250.000046,0.0,19.174704,0.0
46.498325,250.000031,0.0,19.374697,0.0
46.50343,250.000015,0.0,19.674688,0.0
46.517607,250.0,0.0,19.974646,0.0
46.527875,250.000015,0.0,20.174637,0.0
46.537281,250.000015,0.0,20.37464,0.0
46.55189,250.000015,0.0,20.774612,0.0
46.562469,250.000015,0.0,20.974596,0.0
46.573877,250.000015,0.0,21.274586,0.0
46.581627,250.000015,0.0,21.474566,0.0
46.588382,250.000046,0.0,21.674536,0.0
46.601929,250.000015,0.0,21.974524,0.0
46.621615,250.000031,0.0,22.474489,0.0
46.629677,250.000031,0.0,22.67448,0.0
46.637354,250.000015,0.0,22.874468,0.0
46.644012,250.000031,0.0,23.074448,0.0
46.654485,250.000015,0.0,23.27445,0.0
46.663832,250.0,0.0,23.474434,0.0
46.681377,250.000015,0.0,23.974386,0.0
46.693776,250.0,0.0,24.274374,0.0
46.700881,250.000015,0.0,24.474363,0.0
46.707912,250.000046,0.0,24.674351,0.0
46.716511,250.000031,0.0,24.874327,0.0
46.723331,250.000015,0.0,25.074329,0.0
46.732117,250.0,0.0,25.274305,0.0
46.749253,250.0,0.0,25.674284,0.0
46.755333,250.000031,0.0,25.874271,0.0
46.769923,250.0,0.0,26.174246,0.0
46.781921,250.000015,0.0,26.47422,0.0
46.787906,250.000015,0.0,26.674208,0.0
46.799562,250.000031,0.0,26.974215,0.0
46.809002,250.000015,0.0,27.174181,0.0
46.827904,250.000015,0.0,27.674158,0.0
46.837677,250.0,0.0,27.874142,0.0
46.837677,250.0,0.0,28.074129,0.0
46.85357,250.000031,0.0,28.274099,0.0
46.860323,250.000015,0.0,28.474098,0.0
46.865354,250.000046,0.0,28.674082,0.0
46.876791,250.000031,0.0,28.874065,0.0
46.883883,250.000015,0.0,29.074059,0.0
46.900814,250.000031,0.0,29.47402,0.0
46.900814,250.000015,0.0,29.674021,0.0
46.917257,250.000031,0.0,29.874008,0.0
46.923366,250.000046,0.0,30.073997,0.0
46.934328,250.000031,0.0,30.273979,0.0
46.937803,250.000015,0.0,30.573963,0.0
46.953244,250.000046,0.0,30.773939,0.0
46.967594,250.0,0.0,31.173914,0.0
46.976741,250.000015,0.0,31.373909,0.0
46.983657,249.999985,0.0,31.573887,0.0
46.991682,250.000031,0.0,31.773888,0.0
47.001994,250.000031,0.0,31.973846,0.0
47.008513,250.000031,0.0,32.173843,0.0
47.017014,250.0,0.0,32.37384,0.0
47.025848,250.000015,0.0,32.57383,0.0
47.0419,250.000015,0.0,32.973801,0.0
47.048272,250.000015,0.0,33.273785,0.0
47.06233,250.000015,0.0,33.473766,0.0
47.066094,250.000015,0.0,33.773739,0.0
47.082125,249.999985,0.0,33.973732,0.0
47.087867,250.000015,0.0,34.173721,0.0
47.098105,250.0,0.0,34.373707,0.0
47.102505,250.000031,0.0,34.573689,0.0
47.114877,250.000015,0.0,34.773678,0.0
47.134047,250.000015,0.0,35.273647,0.0
47.139266,249.999985,0.0,35.573624,0.0
47.153965,250.0,0.0,35.773609,0.0
47.166073,250.000015,0.0,36.073589,0.0
47.173804,250.000015,0.0,36.273582,0.0
47.18182,250.000015,0.0,36.473572,0.0
47.188848,250.000015,0.0,36.673546,0.0
47.198041,250.0,0.0,36.873547,0.0
47.205468,250.000015,0.0,37.173515,0.0
47.230668,250.000061,0.0,37.673485,0.0
47.237954,250.0,0.0,37.973476,0.0
47.249475,249.999985,0.0,38.273453,0.0
47.26118,250.000031,0.0,38.473423,0.0
47.267721,250.000015,0.0,38.673416,0.0
47.27813,250.000015,0.0,38.873413,0.0
47.286039,250.000015,0.0,39.073399,0.0
47.289093,250.000015,0.0,39.273373,0.0
47.300468,250.000015,0.0,39.573364,0.0
47.313859,250.000015,0.0,39.773346,0.0
47.319527,250.0,0.0,39.973335,0.0
47.333616,250.000015,0.0,40.373302,0.0
47.344416,249.999985,0.0,40.573299,0.0
47.351986,250.0,0.0,40.773285,0.0
47.359412,250.000015,0.0,40.973263,0.0
47.368884,250.000031,0.0,41.273262,0.0
47.382452,250.000015,0.0,41.473244,0.0
47.386339,250.000015,0.0,41.773212,0.0
47.401394,250.000015,0.0,42.073193,0.0
47.422507,250.000015,0.0,42.473183,0.0
47.428564,250.000031,0.0,42.673157,0.0
47.437743,250.000015,0.0,42.873142,0.0
47.445318,250.0,0.0,43.073135,0.0
47.454006,250.000031,0.0,43.373108,0.0
47.466046,250.000046,0.0,43.573105,0.0
47.472134,250.000015,0.0,43.77309,0.0
47.486325,250.0,0.0,44.173054,0.0
47.498265,250.000015,0.0,44.373039,0.0
47.509912,250.000015,0.0,44.673012,0.0
47.518564,250.000031,0.0,44.873009,0.0
47.522581,250.000031,0.0,45.073002,0.0
47.533615,250.0,0.0,45.272987,0.0
47.53866,250.000015,0.0,45.472973,0.0
47.548318,250.000015,0.0,45.672962,0.0
47.565273,249.999985,0.0,46.072933,0.0
47.572006,250.000015,0.0,46.272915,0.0
47.58219,250.000015,0.0,46.472893,0.0
47.587621,250.0,0.0,46.672901,0.0
47.602017,250.0,0.0,46.972866,0.0
47.608155,250.0,0.0,47.172867,0.0
47.615746,249.999985,0.0,47.472836,0.0
47.637368,250.0,0.0,47.872822,0.0
47.643593,250.000015,0.0,48.072803,0.0
47.652335,250.000046,0.0,48.272778,0.0
47.659579,250.0,0.0,48.472775,0.0
47.668616,250.000031,0.0,48.67276,0.0
47.677687,249.999985,0.0,48.872738,0.0
47.68465,250.000015,0.0,49.072742,0.0
47.699801,249.999985,0.0,49.472702,0.0
47.708412,250.000031,0.0,49.672703,0.0
47.716001,250.000015,0.0,49.872681,0.0
47.725832,249.999985,0.0,50.07267,0.0
47.732188,250.0,0.0,50.272659,0.0
47.739536,250.0,0.0,50.472637,0.0
47.74856,250.000031,0.0,50.672619,0.0
47.766261,249.999985,0.0,51.072605,0.0
47.771885,250.000015,0.0,51.272594,0.0
47.782447,250.000031,0.0,51.47258,0.0
47.788272,249.999985,0.0,51.772541,0.0
47.801345,250.0,0.0,51.972538,0.0
47.808766,249.999985,0.0,52.272514,0.0
47.8215,250.0,0.0,52.4725,0.0
47.830796,249.999985,0.0,52.672493,0.0
47.850398,250.0,0.0,53.17247,0.0
47.855648,249.999969,0.0,53.472446,0.0
47.869025,249.999985,0.0,53.672421,0.0
47.877528,249.999985,0.0,53.87241,0.0
47.882479,250.0,0.0,54.072407,0.0
47.89382,250.000031,0.0,54.272388,0.0
47.900789,250.000031,0.0,54.472378,0.0
47.92162,249.999969,0.0,55.072334,0.0
47.932105,250.0,0.0,55.272324,0.0
47.941588,250.0,0.0,55.472301,0.0
47.948541,250.0,0.0,55.672295,0.0
47.956599,250.000015,0.0,55.972279,0.0
47.969298,249.999985,0.0,56.272259,0.0
47.986317,250.0,0.0,56.572235,0.0
47.998609,249.999969,0.0,56.872215,0.0
48.007646,250.000015,0.0,57.172195,0.0
48.017293,250.000031,0.0,57.472176,0.0
48.030271,249.999985,0.0,57.672165,0.0
48.044259,250.0,0.0,58.072136,0.0
48.048269,250.0,0.0,58.272125,0.0
48.066347,250.0,0.0,58.572102,0.0
48.072526,250.000031,0.0,58.772099,0.0
48.086242,249.999985,0.0,59.072071,0.0
48.088572,250.000015,0.0,59.272064,0.0
48.101282,250.0,0.0,59.47205,0.0
48.11708,250.0,0.0,59.972015,0.0
48.130476,250.000015,0.0,60.171993,0.0
48.139911,250.0,0.0,60.47197,0.0
48.148769,250.0,0.0,60.771954,0.0
48.166169,249.999985,0.0,61.071938,0.0
48.172555,250.0,0.0,61.271927,0.0
48.186114,249.999985,0.0,61.571903,0.0
48.201714,250.0,0.0,62.071869,0.0
48.213644,249.999985,0.0,62.271866,0.0
48.218777,249.999985,0.0,62.471851,0.0
48.23395,250.0,0.0,62.771832,0.0
48.238908,249.999985,0.0,63.071804,0.0
48.254044,249.999985,0.0,63.271793,0.0
48.27304,249.999985,0.0,63.771763,0.0
48.286835,249.999985,0.0,64.071739,0.0
48.298572,249.999954,0.0,64.371719,0.0
48.310355,250.000015,0.0,64.6717,0.0
48.319997,249.999985,0.0,64.971672,0.0
48.334591,250.000015,0.0,65.27166,0.0
48.355803,250.0,0.0,65.871613,0.0
48.365992,250.000015,0.0,66.071609,0.0
48.366318,249.999969,0.0,66.271591,0.0
48.382752,250.0,0.0,66.571571,0.0
48.392368,249.999985,0.0,66.771553,0.0
48.401989,249.999985,0.0,67.071548,0.0
48.421287,250.000015,0.0,67.471519,0.0
48.4286,249.999985,0.0,67.671501,0.0
48.436781,250.0,0.0,67.871483,0.0
48.436781,249.999969,0.0,68.07148,0.0
48.453928,250.000015,0.0,68.271469,0.0
48.465999,250.0,0.0,68.571434,0.0
48.480601,249.999969,0.0,68.871422,0.0
48.481608,250.000015,0.0,69.171402,0.0
48.49737,250.000015,0.0,69.371391,0.0
48.505915,250.0,0.0,69.571365,0.0
48.513981,250.0,0.0,69.771362,0.0
48.527355,249.999985,0.0,70.171333,0.0
48.537502,250.0,0.0,70.371323,0.0
48.5451,250.0,0.0,70.571312,0.0
48.551697,250.0,0.0,70.771294,0.0
48.561828,249.999969,0.0,70.971283,0.0
48.573997,249.999985,0.0,71.271263,0.0
48.581964,250.000015,0.0,71.471252,0.0
48.598503,250.0,0.0,71.871223,0.0
48.606279,250.0,0.0,72.071213,0.0
48.617818,249.999985,0.0,72.371185,0.0
48.625046,250.000015,0.0,72.571175,0.0
48.632289,249.999985,0.0,72.771164,0.0
48.639613,250.0,0.0,72.971153,0.0
48.648694,250.0,0.0,73.171143,0.0
48.656124,249.999969,0.0,73.371132,0.0
48.671588,249.999985,0.0,73.771103,0.0
48.686011,249.999985,0.0,74.071083,0.0
48.687174,250.0,0.0,74.271072,0.0
48.702263,249.999985,0.0,74.471054,0.0
48.71411,250.0,0.0,74.771034,0.0
48.725949,249.999985,0.0,75.071014,0.0
48.732993,250.0,0.0,75.270996,0.0
48.749271,249.999985,0.0,75.770973,0.0
48.765874,250.000031,0.0,76.070961,0.0
48.772275,249.999954,0.0,76.370926,0.0
48.783101,250.0,0.0,76.670898,0.0
48.802082,250.0,0.0,76.970886,0.0
48.821245,249.999969,0.0,77.570847,0.0
48.833413,249.999985,0.0,77.870811,0.0
48.845661,249.999985,0.0,78.070824,0.0
48.850322,250.0,0.0,78.270798,0.0
48.862644,250.000015,0.0,78.470795,0.0
48.869839,249.999969,0.0,78.670784,0.0
48.887883,250.0,0.0,79.170746,0.0
48.8984,250.0,0.0,79.370728,0.0
48.909939,249.999985,0.0,79.670723,0.0
48.915987,250.000015,0.0,79.870689,0.0
48.923748,250.0,0.0,80.070679,0.0
48.932306,250.0,0.0,80.27066,0.0
48.94074,249.999985,0.0,80.470665,0.0
48.949327,249.999969,0.0,80.670639,0.0
48.969083,249.999985,0.0,81.170609,0.0
48.981905,249.999969,0.0,81.470581,0.0
48.988234,250.000015,0.0,81.670578,0.0
48.998043,250.000015,0.0,81.870567,0.0
49.003429,250.000015,0.0,82.070557,0.0
49.011329,249.999985,0.0,82.270538,0.0
49.015404,250.000015,0.0,82.470528,0.0
49.033898,249.999969,0.0,82.770508,0.0
49.039767,250.000031,0.0,82.97049,0.0
49.056206,250.000015,0.0,83.370461,0.0
49.066054,249.999985,0.0,83.570457,0.0
49.071423,249.999985,0.0,83.770454,0.0
49.082405,250.0,0.0,83.970428,0.0
49.088457,249.999985,0.0,84.170403,0.0
49.097435,249.999969,0.0,84.370392,0.0
49.105008,249.999985,0.0,84.570374,0.0
49.114041,249.999985,0.0,84.77037,0.0
49.121279,250.0,0.0,85.170349,0.0
49.138112,249.999985,0.0,85.370331,0.0
49.145168,250.000015,0.0,85.570312,0.0
49.153184,250.000031,0.0,85.770294,0.0
49.160384,249.999969,0.0,85.970291,0.0
49.16897,250.000031,0.0,86.270264,0.0
49.182497,250.0,0.0,86.470261,0.0
49.198525,250.0,0.0,86.870239,0.0
49.19931,250.000015,0.0,87.070229,0.0
49.217334,249.999985,0.0,87.370201,0.0
49.222379,250.000015,0.0,87.570198,0.0
49.234359,250.000015,0.0,87.770172,0.0
49.238405,250.000015,0.0,87.970154,0.0
49.249137,250.0,0.0,88.170135,0.0
49.26592,250.000015,0.0,88.570129,0.0
49.272531,250.0,0.0,88.770111,0.0
49.282154,250.000015,0.0,88.970093,0.0
49.288212,250.000015,0.0,89.170074,0.0
49.301507,249.999969,0.0,89.470062,0.0
49.310118,250.000015,0.0,89.670044,0.0
49.315943,249.999954,0.0,89.870026,0.0
49.332404,249.999985,0.0,90.270004,0.0
49.339801,250.000015,0.0,90.470001,0.0
49.348633,250.000015,0.0,90.669991,0.0
49.356073,250.000015,0.0,90.869965,0.0
49.365006,250.000015,0.0,91.069954,0.0
49.371593,249.999969,0.0,91.26992,0.0
49.381469,250.0,0.0,91.469925,0.0
49.398641,249.999985,0.0,91.869896,0.0
49.404554,249.999985,0.0,92.069893,0.0
49.413322,249.999985,0.0,92.269859,0.0
49.41924,250.000015,0.0,92.469856,0.0
49.4299,250.0,0.0,92.669846,0.0
49.437541,250.0,0.0,92.869843,0.0
49.444546,249.999985,0.0,93.069824,0.0
49.45495,250.000015,0.0,93.469795,0.0
49.468681,249.999969,0.0,93.669769,0.0
49.477593,250.0,0.0,93.869766,0.0
49.484588,250.0,0.0,94.069771,0.0
49.491596,249.999969,0.0,94.269745,0.0
49.501612,250.0,0.0,94.469727,0.0
49.510246,249.999985,0.0,94.669701,0.0
49.516767,250.0,0.0,94.86969,0.0
49.53214,250.0,0.0,95.269691,0.0
49.539779,250.000015,0.0,95.469666,0.0
49.548748,250.000015,0.0,95.669655,0.0
49.557531,250.0,0.0,95.869637,0.0
49.565506,250.0,0.0,96.069611,0.0
49.571797,249.999985,0.0,96.269608,0.0
49.58603,250.0,0.0,96.56955,0.0
49.587984,249.999969,0.0,96.768814,0.0
49.617336,250.0,0.0,97.348969,0.0
49.624382,250.000015,0.0,97.53196,0.0
49.632331,250.000015,0.0,97.707497,0.0
49.641752,249.999985,0.0,97.874237,0.0
49.649087,250.000031,0.0,98.031677,0.0
49.656086,250.0,0.0,98.181,0.0
49.665556,250.0,0.0,98.323547,0.0
49.672274,250.0,0.0,98.460663,0.0
49.688456,249.999985,0.0,98.724045,0.0
49.699759,249.999985,0.0,98.915024,0.0
49.708435,250.000031,0.0,99.037994,0.0
49.7163,250.000031,0.0,99.155479,0.0
49.723731,249.999985,0.0,99.265617,0.0
49.732333,250.0,0.0,99.366608,0.0
49.739729,250.0,0.0,99.456635,0.0
49.748698,249.999985,0.0,99.534081,0.0
49.765755,249.999985,0.0,99.655121,0.0
49.772083,249.999985,0.0,99.702354,0.0
49.78184,250.000015,0.0,99.743195,0.0
49.789129,250.000015,0.0,99.779449,0.0
49.797333,250.0,0.0,99.812622,0.0
49.803216,250.0,0.0,99.843925,0.0
49.813799,250.000015,0.0,99.873627,0.0
49.828059,250.0,0.0,99.925934,0.0
49.832959,250.000015,0.0,99.947296,0.0
49.843899,249.999985,0.0,99.96463,0.0
49.852866,250.0,0.0,99.977722,0.0
49.860001,249.999969,0.0,99.987122,0.0
49.868614,250.0,0.0,99.993408,0.0
49.877479,249.999985,0.0,99.997223,0.0
49.884543,250.000031,0.0,99.999184,0.0
49.902234,249.999969,0.0,100.0,0.0
49.908254,249.999969,0.0,100.0,0.0
49.915891,249.999969,0.0,100.0,0.0
49.923554,249.999969,0.0,100.0,0.0
49.931674,249.999969,0.0,100.0,0.0
49.939174,249.999969,0.0,100.0,0.0
49.949863,249.999969,0.0,100.0,0.0
49.955808,249.999969,0.0,100.0,0.0
49.966109,249.999969,0.0,100.0,0.0
49.982278,249.999969,0.0,100.0,0.0
49.982278,249.999969,0.0,100.0,0.0
49.998297,249.999969,0.0,100.0,0.0
50.005615,249.999969,0.0,100.0,0.0
50.013154,249.999969,0.0,100.0,0.0
50.020446,249.999969,0.0,100.0,0.0
50.028743,249.999969,0.0,100.0,0.0
50.03229,249.999969,0.0,100.0,0.0
50.044598,249.999969,0.0,100.0,0.0
50.053339,249.999969,0.0,100.0,0.0
50.060208,249.999969,0.0,100.0,0.0
50.06822,249.999969,0.0,100.0,0.0
50.076768,249.999969,0.0,100.0,0.0
50.085586,249.999969,0.0,100.0,0.0
50.091706,249.999969,0.0,100.0,0.0
50.100462,249.999969,0.0,100.0,0.0
50.135159,249.999969,0.0,100.0,0.0
50.149963,249.999969,0.0,100.0,0.0
50.166122,249.999969,0.0,100.0,0.0
50.172085,249.999969,0.0,100.0,0.0
50.194419,250.000168,0.0,99.999802,0.0
50.214076,250.006927,0.0,99.993057,0.0
50.219012,250.020142,0.0,99.979828,0.0
50.232956,250.034805,0.0,99.965172,0.0
50.240313,250.055283,0.0,99.94471,0.0
50.249067,250.082321,0.0,99.917633,0.0
50.257466,250.115631,0.0,99.884338,0.0
50.265585,250.154144,0.0,99.845795,0.0
50.271495,250.196991,0.0,99.802979,0.0
50.286087,250.267181,0.0,99.732826,0.0
50.302606,250.367386,0.0,99.632584,0.0
50.305645,250.42041,0.0,99.579575,0.0
50.316001,250.476654,0.0,99.523285,0.0
50.324751,250.537552,0.0,99.462433,0.0
50.332463,250.604248,0.0,99.395721,0.0
50.341007,250.678177,0.0,99.321808,0.0
50.349049,250.760605,0.0,99.23941,0.0
50.365518,250.950928,0.0,99.04908,0.0
50.374782,251.056412,0.0,98.943581,0.0
50.385994,251.223831,0.0,98.776108,0.0
50.388973,251.339737,0.0,98.660217,0.0
50.401693,251.457718,0.0,98.542206,0.0
50.407823,251.577026,0.0,98.422943,0.0
50.418024,251.697433,0.0,98.302551,0.0
50.424314,251.819351,0.0,98.180618,0.0
50.431674,251.943283,0.0,98.056709,0.0
50.449188,252.264587,0.0,97.735382,0.0
50.462247,252.398148,0.0,97.601791,0.0
50.470256,252.534149,0.0,97.465813,0.0
50.473323,252.672119,0.0,97.327858,0.0
50.485408,252.881729,0.0,97.118256,0.0
50.498922,253.022598,0.0,96.977341,0.0
50.502241,253.234619,0.0,96.765335,0.0
50.51769,253.376007,0.0,96.623955,0.0
50.526091,253.517365,0.0,96.48259,0.0
50.540171,253.800125,0.0,96.199829,0.0
50.548818,253.941544,0.0,96.058472,0.0
50.55649,254.082886,0.0,95.917084,0.0
50.565942,254.224243,0.0,95.775711,0.0
50.574452,254.365662,0.0,95.634338,0.0
50.581842,254.507004,0.0,95.492943,0.0
50.588981,254.648361,0.0,95.351593,0.0
50.598882,254.789749,0.0,95.210197,0.0
50.614217,255.072479,0.0,94.92746,0.0
50.619828,255.213882,0.0,94.786072,0.0
50.629617,255.355225,0.0,94.644714,0.0
50.637656,255.496643,0.0,94.503326,0.0
50.644125,255.638031,0.0,94.361954,0.0
50.64938,255.779404,0.0,94.220581,0.0
50.665555,255.99144,0.0,94.008514,0.0
50.671805,256.132812,0.0,93.867142,0.0
50.682658,256.274231,0.0,93.725769,0.0
50.688928,256.415588,0.0,93.584381,0.0
50.697385,256.556976,0.0,93.443024,0.0
50.699176,256.698334,0.0,93.301636,0.0
50.721556,257.051758,0.0,92.948204,0.0
50.733806,257.193146,0.0,92.806824,0.0
50.738474,257.334503,0.0,92.665451,0.0
50.749925,257.475891,0.0,92.524078,0.0
50.754389,257.617279,0.0,92.38269,0.0
50.765408,257.758636,0.0,92.241341,0.0
50.772455,257.900024,0.0,92.099945,0.0
50.782326,258.041443,0.0,91.958572,0.0
50.801178,258.394836,0.0,91.605133,0.0
50.808046,258.536224,0.0,91.46376,0.0
50.81694,258.677582,0.0,91.322388,0.0
50.825663,258.818939,0.0,91.181,0.0
50.833234,258.960297,0.0,91.03965,0.0
50.838429,259.101715,0.0,90.898254,0.0
50.849221,259.313751,0.0,90.686188,0.0
50.867701,259.596497,0.0,90.403435,0.0
50.87775,259.737915,0.0,90.26207,0.0
50.88227,259.879242,0.0,90.120697,0.0
50.894565,260.02066,0.0,89.979309,0.0
50.89917,260.162018,0.0,89.837952,0.0
50.914165,260.374084,0.0,89.625885,0.0
50.928694,260.65686,0.0,89.343132,0.0
50.937292,260.798187,0.0,89.201752,0.0
50.94483,260.939575,0.0,89.060379,0.0
50.95311,261.080933,0.0,88.919006,0.0
50.959692,261.222321,0.0,88.777626,0.0
50.967921,261.363708,0.0,88.636261,0.0
50.976098,261.505096,0.0,88.494873,0.0
50.984503,261.646454,0.0,88.353493,0.0
51.000625,261.92923,0.0,88.070732,0.0
51.008661,262.070587,0.0,87.929382,0.0
51.016287,262.212006,0.0,87.787994,0.0
51.025153,262.353394,0.0,87.646622,0.0
51.032528,262.49472,0.0,87.505249,0.0
51.04017,262.636108,0.0,87.363876,0.0
51.048862,262.777496,0.0,87.222504,0.0
51.056024,262.918884,0.0,87.081116,0.0
51.065856,263.06015,0.0,86.939766,0.0
51.073788,263.201569,0.0,86.79837,0.0
51.08847,263.484344,0.0,86.515625,0.0
51.100719,263.625763,0.0,86.374237,0.0
51.103104,263.837769,0.0,86.162186,0.0
51.11626,263.979126,0.0,86.020813,0.0
51.124414,264.120544,0.0,85.879425,0.0
51.131974,264.261963,0.0,85.738045,0.0
51.145973,264.473969,0.0,85.526001,0.0
51.155265,264.756744,0.0,85.24324,0.0
51.168698,264.96875,0.0,85.031189,0.0
51.181852,265.110168,0.0,84.889801,0.0
51.189047,265.251556,0.0,84.748428,0.0
51.198405,265.392914,0.0,84.607056,0.0
51.203108,265.534332,0.0,84.465668,0.0
51.214243,265.675659,0.0,84.32431,0.0
51.232533,266.029144,0.0,83.970856,0.0
51.23944,266.170471,0.0,83.829498,0.0
51.248557,266.311829,0.0,83.68811,0.0
51.257552,266.453278,0.0,83.546738,0.0
51.266203,266.594635,0.0,83.405365,0.0
51.2726,266.806641,0.0,83.193298,0.0
51.286269,267.018707,0.0,82.981232,0.0
51.302599,267.230804,0.0,82.769157,0.0
51.317134,267.584229,0.0,82.415741,0.0
51.327977,267.725616,0.0,82.274353,0.0
51.337968,267.867004,0.0,82.13298,0.0
51.345283,268.008362,0.0,81.991608,0.0
51.353906,268.14975,0.0,81.850235,0.0
51.360518,268.291077,0.0,81.708862,0.0
51.369268,268.503143,0.0,81.496796,0.0
51.388876,268.785919,0.0,81.21405,0.0
51.398695,268.927307,0.0,81.072662,0.0
51.405579,269.139374,0.0,80.860596,0.0
51.417601,269.280731,0.0,80.719231,0.0
51.423692,269.422119,0.0,80.57785,0.0
51.433239,269.634186,0.0,80.365784,0.0
51.446119,269.775574,0.0,80.224426,0.0
51.452579,269.916931,0.0,80.083046,0.0
51.460507,270.058319,0.0,79.941658,0.0
51.478109,270.341064,0.0,79.658905,0.0
51.484993,270.482422,0.0,79.517548,0.0
51.491832,270.62381,0.0,79.37616,0.0
51.501539,270.835876,0.0,79.164093,0.0
51.514231,270.977234,0.0,79.02272,0.0
51.521844,271.118622,0.0,78.881348,0.0
51.533188,271.330688,0.0,78.669289,0.0
51.550597,271.613403,0.0,78.386536,0.0
51.55456,271.754822,0.0,78.245163,0.0
51.566126,271.896179,0.0,78.10379,0.0
51.573031,272.037567,0.0,77.962402,0.0
51.581802,272.249603,0.0,77.750336,0.0
51.593617,272.390991,0.0,77.608986,0.0
51.599179,272.532379,0.0,77.467598,0.0
51.626594,272.956512,0.0,77.043457,0.0
51.634486,273.09787,0.0,76.9021,0.0
51.639624,273.239258,0.0,76.760712,0.0
51.659147,273.380615,0.0,76.619347,0.0
51.667697,273.73407,0.0,76.2659,0.0
51.681492,273.946106,0.0,76.053841,0.0
51.697692,274.228882,0.0,75.771088,0.0
51.704741,274.370239,0.0,75.629723,0.0
51.714395,274.511627,0.0,75.488342,0.0
51.71588,274.652985,0.0,75.346954,0.0
51.728999,274.794373,0.0,75.205597,0.0
51.738774,275.00647,0.0,74.993523,0.0
51.749477,275.218506,0.0,74.781464,0.0
51.768318,275.57193,0.0,74.428024,0.0
51.782599,275.784027,0.0,74.215958,0.0
51.794552,275.925385,0.0,74.074585,0.0
51.800083,276.066742,0.0,73.933212,0.0
51.809816,276.208099,0.0,73.791832,0.0
51.816833,276.349518,0.0,73.650459,0.0
51.825969,276.490906,0.0,73.509087,0.0
51.838662,276.773651,0.0,73.226341,0.0
51.850314,276.914978,0.0,73.084961,0.0
51.855264,277.056366,0.0,72.943581,0.0
51.866013,277.197784,0.0,72.8022,0.0
51.873749,277.339142,0.0,72.660828,0.0
51.881913,277.48053,0.0,72.519463,0.0
51.887492,277.621887,0.0,72.37809,0.0
51.897839,277.763275,0.0,72.236702,0.0
51.914265,278.046021,0.0,71.953957,0.0
51.916232,278.187408,0.0,71.812569,0.0
51.934265,278.399475,0.0,71.600517,0.0
51.940322,278.540833,0.0,71.459129,0.0
51.948575,278.68222,0.0,71.317772,0.0
51.957884,278.823578,0.0,71.176392,0.0
51.971423,279.106354,0.0,70.893646,0.0
51.985803,279.31839,0.0,70.68158,0.0
51.988024,279.459778,0.0,70.540199,0.0
52.002878,279.601166,0.0,70.398827,0.0
52.005919,279.742493,0.0,70.257454,0.0
52.018186,279.883881,0.0,70.116081,0.0
52.022332,280.025269,0.0,69.974701,0.0
52.032569,280.166656,0.0,69.833321,0.0
52.049175,280.449402,0.0,69.550568,0.0
52.05648,280.590759,0.0,69.409203,0.0
52.065243,280.732117,0.0,69.26783,0.0
52.072749,280.873505,0.0,69.12645,0.0
52.086714,281.085602,0.0,68.914383,0.0
52.088836,281.226959,0.0,68.773003,0.0
52.100219,281.368317,0.0,68.631638,0.0
52.108052,281.509735,0.0,68.490257,0.0
52.124297,281.79248,0.0,68.207497,0.0
52.131716,281.933838,0.0,68.066132,0.0
52.139653,282.075226,0.0,67.924759,0.0
52.148999,282.216583,0.0,67.783379,0.0
52.157179,282.42865,0.0,67.57132,0.0
52.169616,282.640717,0.0,67.359253,0.0
52.182574,282.782104,0.0,67.21788,0.0
52.186398,282.923462,0.0,67.076508,0.0
52.208681,283.276886,0.0,66.723068,0.0
52.217963,283.418304,0.0,66.581696,0.0
52.224053,283.559662,0.0,66.440315,0.0
52.231997,283.70105,0.0,66.298943,0.0
52.239516,283.842407,0.0,66.15757,0.0
52.249168,283.983795,0.0,66.016197,0.0
52.257754,284.125183,0.0,65.874809,0.0
52.266207,284.266571,0.0,65.733437,0.0
52.272453,284.407928,0.0,65.592056,0.0
52.288595,284.690674,0.0,65.309311,0.0
52.297956,284.832062,0.0,65.167931,0.0
52.30619,284.973389,0.0,65.026558,0.0
52.312571,285.114807,0.0,64.885185,0.0
52.317568,285.256165,0.0,64.743797,0.0
52.330174,285.397522,0.0,64.602432,0.0
52.336004,285.538879,0.0,64.46106,0.0
52.343595,285.680328,0.0,64.319679,0.0
52.360917,285.963013,0.0,64.036926,0.0
52.368394,286.17511,0.0,63.824871,0.0
52.38625,286.387146,0.0,63.612816,0.0
52.388808,286.528564,0.0,63.471432,0.0
52.400117,286.669891,0.0,63.330059,0.0
52.418002,286.952667,0.0,63.047295,0.0
52.42256,287.094025,0.0,62.905937,0.0
52.433054,287.235443,0.0,62.764553,0.0
52.442344,287.376801,0.0,62.623173,0.0
52.450001,287.518188,0.0,62.4818,0.0
52.456624,287.659576,0.0,62.34042,0.0
52.46606,287.800964,0.0,62.199051,0.0
52.47351,287.942322,0.0,62.057674,0.0
52.486467,288.154327,0.0,61.845619,0.0
52.501002,288.437134,0.0,61.562866,0.0
52.507981,288.578491,0.0,61.421486,0.0
52.517935,288.719879,0.0,61.280106,0.0
52.525121,288.861237,0.0,61.138737,0.0
52.532134,289.002625,0.0,60.997356,0.0
52.540556,289.144012,0.0,60.855984,0.0
52.549329,289.2854,0.0,60.714607,0.0
52.558675,289.426788,0.0,60.573227,0.0
52.569838,289.638824,0.0,60.361176,0.0
52.573219,289.780182,0.0,60.219791,0.0
52.585341,289.92157,0.0,60.078415,0.0
52.600361,290.204285,0.0,59.795681,0.0
52.607898,290.345703,0.0,59.654293,0.0
52.617868,290.487091,0.0,59.512909,0.0
52.623989,290.628448,0.0,59.371529,0.0
52.632573,290.840515,0.0,59.159473,0.0
52.64428,290.981873,0.0,59.018105,0.0
52.652578,291.12326,0.0,58.876728,0.0
52.662802,291.264618,0.0,58.735352,0.0
52.676296,291.547394,0.0,58.452606,0.0
52.685555,291.688721,0.0,58.311226,0.0
52.691915,291.830109,0.0,58.169846,0.0
52.70061,291.971527,0.0,58.028465,0.0
52.708091,292.112885,0.0,57.887112,0.0
52.718003,292.254242,0.0,57.745731,0.0
52.723972,292.39563,0.0,57.604351,0.0
52.732457,292.607697,0.0,57.392292,0.0
52.745672,292.749084,0.0,57.250923,0.0
52.766419,293.102539,0.0,56.897472,0.0
52.778311,293.314606,0.0,56.685413,0.0
52.785666,293.526642,0.0,56.473343,0.0
52.797655,293.667999,0.0,56.33197,0.0
52.802347,293.809387,0.0,56.190605,0.0
52.814359,293.950775,0.0,56.049229,0.0
52.822444,294.092133,0.0,55.907841,0.0
52.837999,294.374878,0.0,55.625099,0.0
52.844374,294.516235,0.0,55.483727,0.0
52.849462,294.657654,0.0,55.342335,0.0
52.861077,294.798981,0.0,55.200977,0.0
52.869216,294.940399,0.0,55.059582,0.0
52.883203,295.152466,0.0,54.847523,0.0
52.8887,295.364532,0.0,54.635471,0.0
52.901662,295.576569,0.0,54.423401,0.0
52.919969,295.859344,0.0,54.140659,0.0
52.928887,296.000702,0.0,53.999271,0.0
52.938055,296.212769,0.0,53.78722,0.0
52.949434,296.354156,0.0,53.645836,0.0
52.957702,296.495483,0.0,53.504475,0.0
52.970289,296.707581,0.0,53.2924,0.0
52.983913,296.990326,0.0,53.009644,0.0
52.992769,297.131744,0.0,52.868271,0.0
53.000752,297.273102,0.0,52.726898,0.0
53.008384,297.414459,0.0,52.585526,0.0
53.016088,297.555847,0.0,52.444153,0.0
53.023973,297.697205,0.0,52.302773,0.0
53.032624,297.909271,0.0,52.09071,0.0
53.052635,298.191986,0.0,51.807961,0.0
53.062124,298.333374,0.0,51.66658,0.0
53.0683,298.474823,0.0,51.525204,0.0
53.076722,298.61615,0.0,51.383839,0.0
53.085941,298.757507,0.0,51.242458,0.0
53.091946,298.898895,0.0,51.101074,0.0
53.099739,299.040283,0.0,50.959705,0.0
53.108484,299.18161,0.0,50.81834,0.0
53.117854,299.322998,0.0,50.676964,0.0
53.132722,299.605774,0.0,50.394203,0.0
53.141103,299.747162,0.0,50.252831,0.0
53.148889,299.888519,0.0,50.111454,0.0
53.156187,300.029877,0.0,49.970089,0.0
53.166443,300.171265,0.0,49.828712,0.0
53.173061,300.312653,0.0,49.687332,0.0
53.181986,300.454041,0.0,49.545956,0.0
53.197989,300.736786,0.0,49.263191,0.0
53.204589,300.878143,0.0,49.12183,0.0
53.212002,301.019531,0.0,48.980457,0.0
53.221674,301.160919,0.0,48.839073,0.0
53.228172,301.302277,0.0,48.697697,0.0
53.237334,301.514343,0.0,48.485634,0.0
53.249782,301.72641,0.0,48.273579,0.0
53.260416,301.867798,0.0,48.132195,0.0
53.268343,302.009155,0.0,47.990822,0.0
53.276405,302.150543,0.0,47.849442,0.0
53.291829,302.433289,0.0,47.566696,0.0
53.301329,302.645355,0.0,47.354622,0.0
53.314424,302.786743,0.0,47.213268,0.0
53.321776,302.998779,0.0,47.001194,0.0
53.335151,303.140137,0.0,46.859821,0.0
53.343148,303.352203,0.0,46.647766,0.0
53.353099,303.493622,0.0,46.50639,0.0
53.362843,303.634979,0.0,46.364998,0.0
53.369487,303.847076,0.0,46.152924,0.0
53.38654,304.059113,0.0,45.94088,0.0
53.399246,304.341827,0.0,45.658146,0.0
53.408071,304.483246,0.0,45.516754,0.0
53.416576,304.624603,0.0,45.375385,0.0
53.425373,304.765991,0.0,45.234005,0.0
53.433205,304.907349,0.0,45.092628,0.0
53.446393,305.119415,0.0,44.880562,0.0
53.453664,305.331482,0.0,44.668495,0.0
53.473498,305.614227,0.0,44.385738,0.0
53.482563,305.755615,0.0,44.244381,0.0
53.488478,305.967682,0.0,44.03231,0.0
53.501997,306.179749,0.0,43.820263,0.0
53.514255,306.321106,0.0,43.678875,0.0
53.521059,306.533173,0.0,43.466808,0.0
53.534305,306.674561,0.0,43.325436,0.0
53.539446,306.815918,0.0,43.184059,0.0
53.550016,306.957306,0.0,43.042686,0.0
53.556166,307.098694,0.0,42.901299,0.0
53.572404,307.381439,0.0,42.618549,0.0
53.582614,307.522766,0.0,42.477188,0.0
53.585933,307.664185,0.0,42.335796,0.0
53.597827,307.805573,0.0,42.194435,0.0
53.605675,307.946899,0.0,42.053059,0.0
53.612287,308.088287,0.0,41.911686,0.0
53.621874,308.229675,0.0,41.770306,0.0
53.631073,308.371063,0.0,41.628933,0.0
53.649757,308.795166,0.0,41.204819,0.0
53.661652,308.936584,0.0,41.063427,0.0
53.669533,309.077942,0.0,40.922047,0.0
53.677096,309.219299,0.0,40.780674,0.0
53.685196,309.360687,0.0,40.639297,0.0
53.691691,309.502075,0.0,40.497925,0.0
53.700596,309.643433,0.0,40.356552,0.0
53.715853,309.926178,0.0,40.073811,0.0
53.724686,310.138214,0.0,39.861744,0.0
53.73653,310.279633,0.0,39.72036,0.0
53.744231,310.42099,0.0,39.578983,0.0
53.753485,310.562378,0.0,39.437611,0.0
53.759592,310.703766,0.0,39.296234,0.0
53.769164,310.915802,0.0,39.084175,0.0
53.78617,311.269257,0.0,38.730717,0.0
53.80187,311.410645,0.0,38.589355,0.0
53.807174,311.552002,0.0,38.447983,0.0
53.818379,311.69342,0.0,38.306602,0.0
53.822906,311.834747,0.0,38.165226,0.0
53.832681,311.976135,0.0,38.023849,0.0
53.84233,312.117493,0.0,37.882481,0.0
53.849587,312.25885,0.0,37.741108,0.0
53.865589,312.541626,0.0,37.458355,0.0
53.872538,312.683014,0.0,37.31699,0.0
53.88649,312.89505,0.0,37.104919,0.0
53.89806,313.107147,0.0,36.892841,0.0
53.906102,313.248535,0.0,36.751472,0.0
53.914721,313.389862,0.0,36.610111,0.0
53.922924,313.601959,0.0,36.398048,0.0
53.933595,313.743317,0.0,36.256672,0.0
53.953572,314.16745,0.0,35.832542,0.0
53.966259,314.308838,0.0,35.691162,0.0
53.97336,314.450165,0.0,35.549801,0.0
53.986105,314.662292,0.0,35.337715,0.0
53.986899,314.80365,0.0,35.196354,0.0
54.000298,314.945007,0.0,35.05497,0.0
54.008156,315.086365,0.0,34.913601,0.0
54.017743,315.227783,0.0,34.772217,0.0
54.032944,315.510529,0.0,34.489479,0.0
54.04073,315.651886,0.0,34.348095,0.0
54.050283,315.793274,0.0,34.206722,0.0
54.050283,315.934692,0.0,34.065338,0.0
54.065487,316.07605,0.0,33.92395,0.0
54.073278,316.217407,0.0,33.782589,0.0
54.082214,316.358765,0.0,33.641224,0.0
54.098795,316.64151,0.0,33.358452,0.0
54.10455,316.782898,0.0,33.217091,0.0
54.11353,316.924316,0.0,33.07571,0.0
54.118968,317.065643,0.0,32.934349,0.0
54.13081,317.207031,0.0,32.792965,0.0
54.134713,317.348389,0.0,32.651596,0.0
54.145108,317.489777,0.0,32.510208,0.0
54.161182,317.772491,0.0,32.227467,0.0
54.168878,317.984558,0.0,32.0154,0.0
54.182438,318.125977,0.0,31.874023,0.0
54.194606,318.338043,0.0,31.661963,0.0
54.201656,318.479401,0.0,31.520592,0.0
54.201656,318.620758,0.0,31.379213,0.0
54.217453,318.762146,0.0,31.237835,0.0
54.233083,319.044891,0.0,30.955097,0.0
54.24198,319.186279,0.0,30.813707,0.0
54.250346,319.327667,0.0,30.672338,0.0
54.255392,319.469025,0.0,30.530949,0.0
54.266115,319.610382,0.0,30.389595,0.0
54.271301,319.75177,0.0,30.248203,0.0
54.285998,319.963837,0.0,30.03614,0.0
54.300368,320.246613,0.0,29.75338,0.0
54.308329,320.388,0.0,29.611996,0.0
54.3176,320.529358,0.0,29.470642,0.0
54.322129,320.670715,0.0,29.329269,0.0
54.333022,320.812073,0.0,29.187902,0.0
54.342474,320.953461,0.0,29.046522,0.0
54.349176,321.165497,0.0,28.834463,0.0
54.362222,321.306885,0.0,28.693079,0.0
54.38638,321.731018,0.0,28.268965,0.0
54.388045,321.872406,0.0,28.127583,0.0
54.400531,322.013763,0.0,27.986206,0.0
54.408094,322.155182,0.0,27.844826,0.0
54.418041,322.296539,0.0,27.703444,0.0
54.424493,322.437897,0.0,27.562096,0.0
54.432746,322.579285,0.0,27.420712,0.0
54.442537,322.720673,0.0,27.279331,0.0
54.456185,323.074097,0.0,26.92589,0.0
54.468997,323.215485,0.0,26.784512,0.0
54.478328,323.356873,0.0,26.643139,0.0
54.485138,323.49823,0.0,26.501759,0.0
54.492161,323.639618,0.0,26.360388,0.0
54.501921,323.780945,0.0,26.219013,0.0
54.508076,323.922394,0.0,26.077614,0.0
54.516162,324.063751,0.0,25.936253,0.0
54.532586,324.346497,0.0,25.6535,0.0
54.539608,324.487854,0.0,25.512131,0.0
54.549277,324.629211,0.0,25.370773,0.0
54.557921,324.770599,0.0,25.229389,0.0
54.566372,324.911987,0.0,25.088007,0.0
54.57447,325.053345,0.0,24.946632,0.0
54.582188,325.194733,0.0,24.805252,0.0
54.588881,325.336121,0.0,24.663895,0.0
54.605301,325.618835,0.0,24.381138,0.0
54.614558,325.760223,0.0,24.239758,0.0
54.616176,325.901581,0.0,24.098383,0.0
54.633832,326.113678,0.0,23.886311,0.0
54.641227,326.325745,0.0,23.674255,0.0
54.653195,326.467133,0.0,23.532881,0.0
54.669705,326.749847,0.0,23.250137,0.0
54.682285,326.961914,0.0,23.038069,0.0
54.687823,327.103333,0.0,22.896669,0.0
54.697839,327.24472,0.0,22.755301,0.0
54.699746,327.386047,0.0,22.613937,0.0
54.714558,327.527435,0.0,22.472559,0.0
54.716341,327.668823,0.0,22.331196,0.0
54.737682,327.951599,0.0,22.048426,0.0
54.746283,328.092926,0.0,21.907066,0.0
54.752996,328.234344,0.0,21.765676,0.0
54.759998,328.375702,0.0,21.624308,0.0
54.766148,328.587738,0.0,21.412247,0.0
54.786374,328.799805,0.0,21.200186,0.0
54.790152,328.941193,0.0,21.058805,0.0
54.808669,329.223907,0.0,20.776062,0.0
54.817832,329.365326,0.0,20.634676,0.0
54.829192,329.577362,0.0,20.422628,0.0
54.83869,329.71875,0.0,20.281227,0.0
54.850286,329.930847,0.0,20.069164,0.0
54.850286,330.072205,0.0,19.927795,0.0
54.86765,330.213562,0.0,19.786415,0.0
54.873351,330.425659,0.0,19.57436,0.0
54.892936,330.708374,0.0,19.291622,0.0
54.901582,330.920441,0.0,19.079546,0.0
54.912581,331.061829,0.0,18.938164,0.0
54.921891,331.203156,0.0,18.796812,0.0
54.929802,331.344574,0.0,18.655424,0.0
54.936582,331.485962,0.0,18.514044,0.0
54.943762,331.62735,0.0,18.37266,0.0
54.953465,331.768707,0.0,18.231291,0.0
54.96817,332.051453,0.0,17.948545,0.0
54.982162,332.263519,0.0,17.736488,0.0
54.988928,332.404846,0.0,17.595116,0.0
54.997938,332.546265,0.0,17.453733,0.0
54.999058,332.687653,0.0,17.312365,0.0
55.014603,332.82901,0.0,17.170984,0.0
55.033877,333.182465,0.0,16.817545,0.0
55.0385,333.323822,0.0,16.676165,0.0
55.049975,333.46521,0.0,16.534798,0.0
55.057866,333.606567,0.0,16.393429,0.0
55.066231,333.747955,0.0,16.252048,0.0
55.069736,333.889343,0.0,16.110672,0.0
55.082358,334.030701,0.0,15.969295,0.0
55.08889,334.172089,0.0,15.827904,0.0
55.105318,334.454865,0.0,15.545149,0.0
55.114413,334.596222,0.0,15.403776,0.0
55.119724,334.73761,0.0,15.262399,0.0
55.130109,334.878967,0.0,15.121037,0.0
55.138977,335.020325,0.0,14.979653,0.0
55.150901,335.232361,0.0,14.767616,0.0
55.161807,335.444458,0.0,14.555536,0.0
55.169974,335.656525,0.0,14.343475,0.0
55.182413,335.797943,0.0,14.20209,0.0
55.188276,335.93927,0.0,14.060729,0.0
55.198168,336.080627,0.0,13.919355,0.0
55.213443,336.363403,0.0,13.636597,0.0
55.221149,336.504791,0.0,13.495212,0.0
55.230508,336.646118,0.0,13.353859,0.0
55.233141,336.787506,0.0,13.212484,0.0
55.246436,336.928894,0.0,13.071089,0.0
55.254026,337.140961,0.0,12.859032,0.0
55.26575,337.282318,0.0,12.717663,0.0
55.28301,337.565094,0.0,12.434894,0.0
55.288866,337.706482,0.0,12.29353,0.0
55.302067,337.918518,0.0,12.081477,0.0
55.304291,338.059906,0.0,11.940095,0.0
55.317716,338.201294,0.0,11.798717,0.0
55.321589,338.342651,0.0,11.657336,0.0
55.332821,338.484039,0.0,11.51595,0.0
55.349292,338.766754,0.0,11.233222,0.0
55.356475,338.908142,0.0,11.091851,0.0
55.366438,339.04953,0.0,10.950467,0.0
55.372736,339.190918,0.0,10.809088,0.0
55.386168,339.403015,0.0,10.597015,0.0
55.388184,339.544342,0.0,10.455654,0.0
55.400693,339.68573,0.0,10.314279,0.0
55.415754,339.968506,0.0,10.031505,0.0
55.423976,340.109863,0.0,9.890143,0.0
55.432952,340.251221,0.0,9.74877,0.0
55.442699,340.392609,0.0,9.60739,0.0
55.450433,340.533966,0.0,9.466026,0.0
55.455566,340.675354,0.0,9.324638,0.0
55.467454,340.816742,0.0,9.183273,0.0
55.471908,341.028778,0.0,8.97121,0.0
55.485545,341.170166,0.0,8.829834,0.0
55.493343,341.311554,0.0,8.688453,0.0
55.501064,341.452881,0.0,8.547079,0.0
55.515898,341.735657,0.0,8.264342,0.0
55.524465,341.877045,0.0,8.122962,0.0
55.532983,342.018433,0.0,7.981586,0.0
55.541904,342.15979,0.0,7.840207,0.0
55.549382,342.301178,0.0,7.698832,0.0
55.556253,342.442535,0.0,7.557453,0.0
55.566487,342.583923,0.0,7.416087,0.0
55.573622,342.725311,0.0,7.274697,0.0
55.586019,342.937347,0.0,7.062634,0.0
55.600162,343.290802,0.0,6.709199,0.0
55.614824,343.432159,0.0,6.567816,0.0
55.622126,343.644226,0.0,6.355763,0.0
55.632644,343.785614,0.0,6.214395,0.0
55.641895,343.927002,0.0,6.073012,0.0
55.649773,344.139038,0.0,5.860946,0.0
55.666319,344.351105,0.0,5.648886,0.0
55.67288,344.492493,0.0,5.507503,0.0
55.686162,344.704529,0.0,5.295455,0.0
55.688984,344.845917,0.0,5.15407,0.0
55.700696,345.057983,0.0,4.942012,0.0
55.714573,345.199371,0.0,4.800633,0.0
55.733572,345.552795,0.0,4.447198,0.0
55.740239,345.694183,0.0,4.305811,0.0
55.750612,345.835571,0.0,4.16443,0.0
55.757375,345.976929,0.0,4.023074,0.0
55.765606,346.118317,0.0,3.881683,0.0
55.772105,346.259674,0.0,3.740308,0.0
55.782281,346.401062,0.0,3.598935,0.0
55.787954,346.542419,0.0,3.457561,0.0
55.809371,346.895874,0.0,3.104123,0.0
55.816737,347.037231,0.0,2.962759,0.0
55.824959,347.178619,0.0,2.821369,0.0
55.834518,347.319977,0.0,2.680015,0.0
55.840465,347.461365,0.0,2.538626,0.0
55.850447,347.602631,0.0,2.397365,0.0
55.856579,347.743103,0.0,2.256896,0.0
55.8665,347.881836,0.0,2.118162,0.0
55.871051,348.017944,0.0,1.982061,0.0
55.885422,348.278687,0.0,1.721322,0.0
55.898974,348.401428,0.0,1.598565,0.0
55.905737,348.518005,0.0,1.481997,0.0
55.909822,348.628235,0.0,1.371746,0.0
55.922231,348.783691,0.0,1.216315,0.0
55.933391,348.882019,0.0,1.117986,0.0
55.941733,348.977173,0.0,1.022848,0.0
55.949732,349.070007,0.0,0.929982,0.0
55.956239,349.161011,0.0,0.838968,0.0
55.965863,349.249817,0.0,0.750188,0.0
55.981306,349.417328,0.0,0.582656,0.0
55.989047,349.493591,0.0,0.506383,0.0
56.003013,349.595276,0.0,0.40472,0.0
56.01,349.652771,0.0,0.347241,0.0
56.01659,349.701721,0.0,0.298273,0.0
56.023912,349.743286,0.0,0.256689,0.0
56.033777,349.778778,0.0,0.221211,0.0
56.049301,349.836212,0.0,0.163778,0.0
56.05801,349.860443,0.0,0.139559,0.0
56.065881,349.882874,0.0,0.117127,0.0
56.072323,349.914246,0.0,0.085765,0.0
56.089917,349.941956,0.0,0.058053,0.0
56.097376,349.957733,0.0,0.042281,0.0
56.114758,349.981018,0.0,0.018967,0.0
56.122111,349.991394,0.0,0.008641,0.0
56.133893,349.995575,0.0,0.004412,0.0
56.137909,349.998138,0.0,0.001868,0.0
56.149504,349.99942,0.0,0.000563,0.0
56.156904,349.999939,0.0,7.4e-05,0.0
56.166741,350.0,0.0,-8e-06,0.0
56.173808,350.0,0.0,-8e-06,0.0
56.182449,350.0,0.0,-8e-06,0.0
56.189067,350.0,0.0,-8e-06,0.0
56.197991,350.0,0.0,-8e-06,0.0
56.20576,350.0,0.0,-8e-06,0.0
56.213841,350.0,0.0,-8e-06,0.0
56.221253,350.0,0.0,-8e-06,0.0
56.228372,350.0,0.0,-8e-06,0.0
56.238484,350.0,0.0,-8e-06,0.0
56.244789,350.0,0.0,-8e-06,0.0
56.251919,350.0,0.0,-8e-06,0.0
56.260696,350.0,0.0,-8e-06,0.0
56.268725,350.0,0.0,-8e-06,0.0
56.27777,350.0,0.0,-8e-06,0.0
56.28401,350.0,0.0,-8e-06,0.0
56.292242,350.0,0.0,-8e-06,0.0
56.302094,350.0,0.0,-8e-06,0.0
56.308064,350.0,0.0,-8e-06,0.0
56.316106,350.0,0.0,-8e-06,0.0
56.3382,350.0,0.0,-8e-06,0.0
56.366501,350.0,0.0,-8e-06,0.0
56.374237,350.0,0.0,-8e-06,0.0
56.383001,350.0,0.0,-8e-06,0.0
56.398052,350.0,0.0,-8e-06,0.0
56.414469,350.0,0.0,0.000283,0.0
56.433254,350.0,0.0,0.014632,0.0
56.444818,350.0,0.0,0.028532,0.0
56.458139,350.0,0.0,0.062625,0.0
56.46701,350.0,0.0,0.096177,0.0
56.471595,349.999969,0.0,0.1636,0.0
56.486069,350.0,0.0,0.247748,0.0
56.498441,350.0,0.0,0.310834,0.0
56.506541,350.0,0.0,0.377934,0.0
56.520457,350.0,0.0,0.519732,0.0
56.528831,349.999969,0.0,0.59473,0.0
56.538101,350.0,0.0,0.716441,0.0
56.550638,350.0,0.0,0.806453,0.0
56.557392,350.0,0.0,0.905677,0.0
56.565752,349.999969,0.0,1.016046,0.0
56.572318,350.000031,0.0,1.139011,0.0
56.582189,350.0,0.0,1.273865,0.0
56.587331,350.0,0.0,1.41876,0.0
56.59805,350.0,0.0,1.571866,0.0
56.613395,350.0,0.0,1.895217,0.0
56.621099,349.999969,0.0,2.062155,0.0
56.627952,350.0,0.0,2.23088,0.0
56.638009,350.0,0.0,2.401169,0.0
56.644449,350.0,0.0,2.573651,0.0
56.652792,350.0,0.0,2.748955,0.0
56.659632,350.0,0.0,2.927688,0.0
56.669026,350.0,0.0,3.110467,0.0
56.6782,350.000031,0.0,3.2975,0.0
56.691899,350.0,0.0,3.682076,0.0
56.700253,350.0,0.0,3.878364,0.0
56.714774,350.0,0.0,4.176015,0.0
56.722599,350.0,0.0,4.475694,0.0
56.733034,350.0,0.0,4.675667,0.0
56.74131,350.0,0.0,4.975653,0.0
56.752987,350.0,0.0,5.175647,0.0
56.768877,350.0,0.0,5.675596,0.0
56.782272,350.0,0.0,5.875594,0.0
56.788673,350.0,0.0,6.075575,0.0
56.797889,349.999969,0.0,6.275578,0.0
56.806838,350.0,0.0,6.475552,0.0
56.812865,350.0,0.0,6.675546,0.0
56.821919,350.0,0.0,6.875526,0.0
56.837923,350.0,0.0,7.37549,0.0
56.850084,350.0,0.0,7.675467,0.0
56.866809,350.0,0.0,7.975455,0.0
56.880281,350.0,0.0,8.175443,0.0
56.897903,350.0,0.0,8.775399,0.0
56.905469,350.0,0.0,8.975394,0.0
56.915152,350.0,0.0,9.175383,0.0
56.922577,349.999969,0.0,9.375377,0.0
56.928767,350.0,0.0,9.575343,0.0
56.937032,349.999969,0.0,9.775348,0.0
56.946527,350.0,0.0,9.975315,0.0
56.952992,350.0,0.0,10.17531,0.0
56.96872,349.999969,0.0,10.575285,0.0
56.976952,350.000031,0.0,10.775264,0.0
56.98325,350.0,0.0,10.975252,0.0
56.992851,350.0,0.0,11.175236,0.0
57.006254,350.0,0.0,11.475221,0.0
57.014842,349.999969,0.0,11.675221,0.0
57.019206,350.0,0.0,11.975197,0.0
57.040132,349.999969,0.0,12.375171,0.0
57.050491,350.0,0.0,12.575143,0.0
57.058013,350.0,0.0,12.775135,0.0
57.066051,350.0,0.0,12.975122,0.0
57.071556,349.999969,0.0,13.175119,0.0
57.082556,350.0,0.0,13.375094,0.0
57.087572,350.0,0.0,13.575078,0.0
57.097525,350.0,0.0,13.775079,0.0
57.113314,350.0,0.0,14.175031,0.0
57.116174,350.0,0.0,14.375039,0.0
57.129622,350.0,0.0,14.575007,0.0
57.134825,350.0,0.0,14.774995,0.0
57.144832,350.0,0.0,14.974992,0.0
57.153417,350.0,0.0,15.17498,0.0
57.159991,350.0,0.0,15.374966,0.0
57.169498,350.0,0.0,15.674949,0.0
57.188215,350.000031,0.0,16.174902,0.0
57.20615,350.0,0.0,16.474899,0.0
57.2124,350.0,0.0,16.674875,0.0
57.222195,349.999969,0.0,16.974869,0.0
57.233048,350.0,0.0,17.174833,0.0
57.240612,350.0,0.0,17.374844,0.0
57.249968,350.000031,0.0,17.674797,0.0
57.262305,350.0,0.0,17.874807,0.0
57.272207,350.0,0.0,18.174778,0.0
57.282429,349.999969,0.0,18.374779,0.0
57.298053,350.0,0.0,18.774731,0.0
57.305547,350.0,0.0,18.97472,0.0
57.314668,350.0,0.0,19.174717,0.0
57.325817,350.0,0.0,19.474688,0.0
57.335118,350.0,0.0,19.674667,0.0
57.346574,350.0,0.0,19.974659,0.0
57.354626,350.0,0.0,20.174648,0.0
57.36658,350.0,0.0,20.47463,0.0
57.381444,350.0,0.0,20.874596,0.0
57.38675,350.0,0.0,21.074581,0.0
57.398068,350.000031,0.0,21.274565,0.0
57.406106,350.0,0.0,21.474554,0.0
57.412217,350.0,0.0,21.674553,0.0
57.421308,350.0,0.0,21.874537,0.0
57.428144,350.0,0.0,22.074526,0.0
57.433692,350.0,0.0,22.274502,0.0
57.454097,350.0,0.0,22.774481,0.0
57.466259,350.000031,0.0,22.974447,0.0
57.469744,350.0,0.0,23.174433,0.0
57.482548,350.0,0.0,23.374445,0.0
57.488547,350.0,0.0,23.574417,0.0
57.498165,350.0,0.0,23.774408,0.0
57.504972,350.0,0.0,23.974388,0.0
57.514779,349.999969,0.0,24.174397,0.0
57.521108,349.999969,0.0,24.474375,0.0
57.541461,350.0,0.0,24.874334,0.0
57.549317,350.0,0.0,25.074329,0.0
57.556666,350.0,0.0,25.274313,0.0
57.566238,350.0,0.0,25.474289,0.0
57.572902,349.999969,0.0,25.674295,0.0
57.585763,350.0,0.0,25.974257,0.0
57.588022,349.999969,0.0,26.174255,0.0
57.606179,350.0,0.0,26.474224,0.0
57.617954,350.0,0.0,26.87421,0.0
57.629466,350.000031,0.0,27.074186,0.0
57.638595,349.999969,0.0,27.274187,0.0
57.646534,350.0,0.0,27.474176,0.0
57.654022,350.000031,0.0,27.774134,0.0
57.665919,350.0,0.0,27.974121,0.0
57.671179,350.0,0.0,28.174116,0.0
57.682622,350.0,0.0,28.374104,0.0
57.698634,349.999969,0.0,28.774084,0.0
57.706501,349.999969,0.0,28.974064,0.0
57.718298,350.0,0.0,29.274042,0.0
57.72995,350.0,0.0,29.57402,0.0
57.737191,350.0,0.0,29.774008,0.0
57.744028,350.0,0.0,29.973999,0.0
57.75414,349.999969,0.0,30.174,0.0
57.768552,349.999969,0.0,30.673958,0.0
57.782837,350.0,0.0,30.973925,0.0
57.792963,350.0,0.0,31.173922,0.0
57.80047,350.0,0.0,31.473898,0.0
57.814819,350.0,0.0,31.673878,0.0
57.822275,350.0,0.0,32.073849,0.0
57.838042,350.0,0.0,32.273846,0.0
57.846164,350.0,0.0,32.473827,0.0
57.849849,350.0,0.0,32.773811,0.0
57.869992,350.0,0.0,33.073799,0.0
57.874429,350.0,0.0,33.273777,0.0
57.886004,350.0,0.0,33.473778,0.0
57.900655,350.0,0.0,33.87373,0.0
57.908732,350.0,0.0,34.07373,0.0
57.916306,350.0,0.0,34.373703,0.0
57.928036,350.0,0.0,34.573696,0.0
57.938415,350.0,0.0,34.773685,0.0
57.939379,350.0,0.0,34.97366,0.0
57.95435,350.0,0.0,35.173649,0.0
57.961382,350.0,0.0,35.373646,0.0
57.982607,350.0,0.0,35.873611,0.0
57.990453,350.0,0.0,36.073589,0.0
57.999456,350.0,0.0,36.273575,0.0
58.00751,350.0,0.0,36.573563,0.0
58.017943,350.000031,0.0,36.873528,0.0
58.029129,350.0,0.0,37.073528,0.0
58.035743,349.999969,0.0,37.273529,0.0
58.047353,350.000031,0.0,37.473484,0.0
58.061688,350.0,0.0,37.873478,0.0
58.065846,350.0,0.0,38.073452,0.0
58.076248,350.0,0.0,38.273457,0.0
58.08326,350.0,0.0,38.473438,0.0
58.094699,350.0,0.0,38.673409,0.0
58.101208,350.000031,0.0,38.973396,0.0
58.114214,350.0,0.0,39.173382,0.0
58.118444,350.0,0.0,39.373375,0.0
58.139156,349.999969,0.0,39.873348,0.0
58.154229,350.0,0.0,40.173317,0.0
58.15623,350.0,0.0,40.373302,0.0
58.169796,350.0,0.0,40.67329,0.0
58.186686,350.0,0.0,40.973259,0.0
58.189718,350.000031,0.0,41.173248,0.0
58.214924,350.0,0.0,41.673218,0.0
58.222261,350.0,0.0,41.973198,0.0
58.233584,350.000031,0.0,42.27317,0.0
58.250372,350.0,0.0,42.573166,0.0
58.257573,350.0,0.0,42.773144,0.0
58.266346,350.0,0.0,42.973137,0.0
58.27352,350.0,0.0,43.17313,0.0
58.28373,350.0,0.0,43.473091,0.0
58.294257,350.0,0.0,43.673092,0.0
58.301126,350.0,0.0,43.973057,0.0
58.323572,350.000031,0.0,44.47303,0.0
58.333703,350.0,0.0,44.773014,0.0
58.346151,350.0,0.0,44.973007,0.0
58.353707,350.000031,0.0,45.172981,0.0
58.365964,350.0,0.0,45.472965,0.0
58.371326,350.0,0.0,45.672966,0.0
58.382565,350.0,0.0,45.872936,0.0
58.400242,350.0,0.0,46.372902,0.0
58.408594,350.0,0.0,46.572899,0.0
58.416555,349.999969,0.0,46.772911,0.0
58.42548,350.0,0.0,46.972878,0.0
58.433625,350.0,0.0,47.172852,0.0
58.440124,350.0,0.0,47.372837,0.0
58.451074,350.0,0.0,47.572823,0.0
58.466091,350.0,0.0,47.972816,0.0
58.466091,350.0,0.0,48.172791,0.0
58.48261,349.999969,0.0,48.372791,0.0
58.489079,350.0,0.0,48.572769,0.0
58.503099,350.0,0.0,48.872746,0.0
58.51515,350.0,0.0,49.172733,0.0
58.523196,349.999969,0.0,49.472706,0.0
58.534481,350.0,0.0,49.672688,0.0
58.539001,350.000031,0.0,49.97266,0.0
58.554167,349.999969,0.0,50.172672,0.0
58.569253,350.0,0.0,50.672626,0.0
58.582523,349.999969,0.0,50.87262,0.0
58.589166,350.0,0.0,51.072601,0.0
58.598084,349.999969,0.0,51.272594,0.0
58.599534,350.0,0.0,51.472569,0.0
58.613144,350.0,0.0,51.672565,0.0
58.621496,350.0,0.0,51.872547,0.0
58.621496,350.0,0.0,52.072525,0.0
58.648054,350.0,0.0,52.372517,0.0
58.658058,350.0,0.0,52.772488,0.0
58.66673,350.0,0.0,52.972477,0.0
58.682693,350.000031,0.0,53.372444,0.0
58.687649,350.000031,0.0,53.572426,0.0
58.69834,350.0,0.0,53.772427,0.0
58.699348,349.999969,0.0,53.972416,0.0
58.713829,350.000031,0.0,54.17239,0.0
58.716672,350.0,0.0,54.372387,0.0
58.729326,350.0,0.0,54.57238,0.0
58.737609,350.0,0.0,54.772362,0.0
58.74452,350.000031,0.0,54.972336,0.0
58.761569,350.0,0.0,55.372318,0.0
58.767013,350.0,0.0,55.672295,0.0
58.782533,350.0,0.0,55.872288,0.0
58.789988,350.0,0.0,56.072262,0.0
58.798275,350.0,0.0,56.272255,0.0
58.805394,349.999969,0.0,56.472252,0.0
58.811906,350.0,0.0,56.672222,0.0
58.821819,350.0,0.0,56.872211,0.0
58.83833,349.999969,0.0,57.27219,0.0
58.844916,350.0,0.0,57.472176,0.0
58.853021,350.0,0.0,57.672169,0.0
58.861227,350.0,0.0,57.872143,0.0
58.868804,349.999969,0.0,58.072147,0.0
58.876309,350.0,0.0,58.272125,0.0
58.885947,350.000031,0.0,58.472099,0.0
58.90041,350.0,0.0,58.872086,0.0
58.908369,350.0,0.0,59.072067,0.0
58.916361,350.0,0.0,59.272057,0.0
58.92548,350.0,0.0,59.472046,0.0
58.934277,350.0,0.0,59.772022,0.0
58.946402,350.0,0.0,59.972012,0.0
58.960447,350.0,0.0,60.371979,0.0
58.968949,350.0,0.0,60.571976,0.0
58.977577,350.0,0.0,60.771957,0.0
58.985676,350.000031,0.0,60.971935,0.0
58.992389,349.999969,0.0,61.17194,0.0
59.000213,350.000031,0.0,61.371906,0.0
59.008243,350.0,0.0,61.571907,0.0
59.016436,350.0,0.0,61.771904,0.0
59.032754,350.0,0.0,62.17186,0.0
59.03964,350.0,0.0,62.371857,0.0
59.050165,350.0,0.0,62.571842,0.0
59.05666,350.000031,0.0,62.771816,0.0
59.06617,350.000031,0.0,62.971813,0.0
59.071237,350.000031,0.0,63.171791,0.0
59.08199,350.0,0.0,63.37178,0.0
59.099014,350.0,0.0,63.771755,0.0
59.099014,350.0,0.0,63.971741,0.0
59.114801,350.0,0.0,64.17173,0.0
59.121738,350.0,0.0,64.471718,0.0
59.134371,350.0,0.0,64.671692,0.0
59.140769,350.0,0.0,64.871696,0.0
59.150031,350.0,0.0,65.071671,0.0
59.166712,350.000031,0.0,65.471634,0.0
59.17503,350.000031,0.0,65.671623,0.0
59.182656,349.999969,0.0,65.871628,0.0
59.189267,350.0,0.0,66.071609,0.0
59.197932,350.000031,0.0,66.271584,0.0
59.205907,350.0,0.0,66.471581,0.0
59.213155,350.0,0.0,66.67157,0.0
59.22607,350.000031,0.0,66.971542,0.0
59.239291,350.0,0.0,67.371521,0.0
59.251194,350.000031,0.0,67.571503,0.0
59.258322,350.0,0.0,67.771492,0.0
59.266865,350.000031,0.0,67.971481,0.0
59.270569,350.000031,0.0,68.171463,0.0
59.283585,350.0,0.0,68.471451,0.0
59.298615,350.0,0.0,68.771431,0.0
59.317014,350.0,0.0,69.271393,0.0
59.325163,350.000031,0.0,69.471375,0.0
59.334549,350.0,0.0,69.671371,0.0
59.345617,350.0,0.0,69.971359,0.0
59.352175,350.0,0.0,70.171341,0.0
59.359968,350.000031,0.0,70.371315,0.0
59.368929,350.000031,0.0,70.671295,0.0
59.393158,350.0,0.0,71.17128,0.0
59.401109,349.999969,0.0,71.371262,0.0
59.408313,349.999969,0.0,71.571243,0.0
59.416323,349.999969,0.0,71.771233,0.0
59.424043,350.0,0.0,71.971207,0.0
59.434437,349.999969,0.0,72.171204,0.0
59.440543,350.0,0.0,72.471184,0.0
59.454154,349.999969,0.0,72.671181,0.0
59.468655,350.0,0.0,73.071152,0.0
59.478187,349.999969,0.0,73.271149,0.0
59.484605,350.0,0.0,73.471115,0.0
59.491755,350.0,0.0,73.671104,0.0
59.500304,350.0,0.0,73.971085,0.0
59.514987,350.000031,0.0,74.171066,0.0
59.521928,350.000031,0.0,74.471054,0.0
59.538919,350.0,0.0,74.871025,0.0
59.550373,350.0,0.0,75.071014,0.0
59.550373,350.0,0.0,75.270996,0.0
59.566478,350.0,0.0,75.47097,0.0
59.574036,350.0,0.0,75.770966,0.0
59.583892,350.000031,0.0,75.97094,0.0
59.592738,349.999969,0.0,76.170929,0.0
59.601363,349.999969,0.0,76.370934,0.0
59.608793,350.0,0.0,76.570923,0.0
59.625195,349.999969,0.0,76.970894,0.0
59.633242,350.0,0.0,77.170868,0.0
59.639996,350.000031,0.0,77.37085,0.0
59.649807,350.000031,0.0,77.670837,0.0
59.661583,350.0,0.0,77.870819,0.0
59.669306,350.0,0.0,78.070816,0.0
59.676259,350.0,0.0,78.270798,0.0
59.692736,350.0,0.0,78.670776,0.0
59.699883,350.000031,0.0,78.87075,0.0
59.708541,350.000031,0.0,79.070732,0.0
59.716695,349.999969,0.0,79.270737,0.0
59.725436,350.0,0.0,79.470718,0.0
59.734627,350.0,0.0,79.670715,0.0
59.739952,350.0,0.0,79.870697,0.0
59.750881,350.0,0.0,80.070671,0.0
59.758514,350.0,0.0,80.27066,0.0
59.772436,350.0,0.0,80.670647,0.0
59.78266,350.0,0.0,80.870636,0.0
59.787435,350.0,0.0,81.070618,0.0
59.800055,350.0,0.0,81.37059,0.0
59.808323,350.0,0.0,81.570587,0.0
59.817842,349.999969,0.0,81.770576,0.0
59.824397,350.0,0.0,81.970551,0.0
59.834496,350.0,0.0,82.170532,0.0
59.849408,349.999969,0.0,82.570518,0.0
59.849408,350.000031,0.0,82.7705,0.0
59.866172,350.0,0.0,82.97049,0.0
59.873448,350.0,0.0,83.170471,0.0
59.882777,350.0,0.0,83.370453,0.0
59.894442,350.0,0.0,83.670441,0.0
59.907236,350.000031,0.0,83.970428,0.0
59.918658,349.999939,0.0,84.270409,0.0
59.933215,350.0,0.0,84.670387,0.0
59.940765,350.0,0.0,84.870361,0.0
59.950864,350.0,0.0,85.070343,0.0
59.958296,350.0,0.0,85.270325,0.0
59.96682,350.000031,0.0,85.470314,0.0
59.973232,350.0,0.0,85.670319,0.0
59.986404,350.0,0.0,85.970291,0.0
60.000259,350.0,0.0,86.37027,0.0
60.008451,350.000031,0.0,86.570244,0.0
60.016258,350.000031,0.0,86.770226,0.0
60.02482,350.000031,0.0,86.970215,0.0
60.033192,350.000031,0.0,87.170212,0.0
60.04244,350.000031,0.0,87.370193,0.0
60.049549,350.0,0.0,87.57019,0.0
60.057292,350.000031,0.0,87.770164,0.0
60.077644,349.999969,0.0,88.270149,0.0
60.086206,350.0,0.0,88.470123,0.0
60.088207,349.999969,0.0,88.670105,0.0
60.100822,350.0,0.0,88.870087,0.0
60.108231,349.999969,0.0,89.070084,0.0
60.118024,349.999969,0.0,89.270088,0.0
60.125493,350.0,0.0,89.470062,0.0
60.132465,350.0,0.0,89.670044,0.0
60.150607,349.999969,0.0,90.070015,0.0
60.157557,349.999969,0.0,90.370003,0.0
60.169741,350.000031,0.0,90.669983,0.0
60.182844,350.0,0.0,90.869965,0.0
60.18336,350.0,0.0,91.069939,0.0
60.202312,350.000031,0.0,91.369934,0.0
60.208858,350.0,0.0,91.569916,0.0
60.218671,349.999969,0.0,91.769905,0.0
60.222831,349.999969,0.0,91.969902,0.0
60.241411,350.0,0.0,92.369873,0.0
60.249451,350.0,0.0,92.569855,0.0
60.256266,349.999969,0.0,92.769844,0.0
60.266434,350.0,0.0,92.969818,0.0
60.274431,350.0,0.0,93.169815,0.0
60.286059,350.0,0.0,93.469788,0.0
60.28879,350.0,0.0,93.669769,0.0
60.308538,350.0,0.0,94.069763,0.0
60.316725,350.0,0.0,94.269745,0.0
60.325422,350.000031,0.0,94.469719,0.0
60.334594,350.0,0.0,94.669701,0.0
60.340193,350.0,0.0,94.969696,0.0
60.35372,350.000031,0.0,95.169678,0.0
60.360815,350.0,0.0,95.369667,0.0
60.378971,350.0,0.0,95.66964,0.0
60.388833,350.0,0.0,96.069611,0.0
60.39832,350.0,0.0,96.2696,0.0
60.405241,350.0,0.0,96.469604,0.0
60.414814,350.0,0.0,96.669357,0.0
60.43305,350.0,0.0,97.159874,0.0
60.44146,350.0,0.0,97.348969,0.0
60.450766,350.000031,0.0,97.531944,0.0
60.455774,350.000031,0.0,97.707489,0.0
60.46626,350.0,0.0,97.874237,0.0
60.471624,350.0,0.0,98.031677,0.0
60.483545,349.999969,0.0,98.253044,0.0
60.494126,350.0,0.0,98.3927,0.0
60.508437,350.000031,0.0,98.659149,0.0
60.518502,350.0,0.0,98.788361,0.0
60.523689,350.0,0.0,98.915001,0.0
60.533839,349.999969,0.0,99.037994,0.0
60.540558,350.0,0.0,99.155464,0.0
60.550357,350.0,0.0,99.265625,0.0
60.55157,350.0,0.0,99.366608,0.0
60.566527,350.0,0.0,99.456635,0.0
60.573378,350.000031,0.0,99.534088,0.0
60.58292,350.000031,0.0,99.59964,0.0
60.588916,350.0,0.0,99.655121,0.0
60.598328,350.0,0.0,99.702362,0.0
60.612665,350.0,0.0,99.779449,0.0
60.622461,350.0,0.0,99.812622,0.0
60.628993,350.0,0.0,99.843918,0.0
60.633198,350.0,0.0,99.873627,0.0
60.645568,350.0,0.0,99.901184,0.0
60.653493,350.000031,0.0,99.925934,0.0
60.660546,349.999969,0.0,99.947304,0.0
60.668902,350.0,0.0,99.96463,0.0
60.685518,350.0,0.0,99.987122,0.0
60.693613,350.000031,0.0,99.993401,0.0
60.699995,350.0,0.0,99.997223,0.0
60.708958,350.000031,0.0,99.999176,0.0
60.718137,350.0,0.0,99.999893,0.0
60.729823,350.0,0.0,100.0,0.0
60.736587,350.0,0.0,100.0,0.0
60.746356,350.0,0.0,100.0,0.0
60.753936,350.0,0.0,100.0,0.0
60.762876,350.0,0.0,100.0,0.0
60.76654,350.0,0.0,100.0,0.0
60.786686,350.0,0.0,100.0,0.0
60.789855,350.0,0.0,100.0,0.0
60.801425,350.0,0.0,100.0,0.0
60.814655,350.0,0.0,100.0,0.0
60.819367,350.0,0.0,100.0,0.0
60.829192,350.0,0.0,100.0,0.0
60.838861,350.0,0.0,100.0,0.0
60.850561,350.0,0.0,100.0,0.0
60.855206,350.0,0.0,100.0,0.0
60.866331,350.0,0.0,100.0,0.0
60.866331,350.0,0.0,100.0,0.0
60.882858,350.0,0.0,100.0,0.0
60.916954,350.0,0.0,100.0,0.0
60.926662,350.0,0.0,100.0,0.0
60.934495,350.0,0.0,100.0,0.0
60.939653,350.0,0.0,100.0,0.0
60.950954,350.0,0.0,100.0,0.0
60.956239,350.0,0.0,100.0,0.0
60.977758,349.99942,0.0,99.99942,0.0
60.983177,349.997437,0.0,99.997437,0.0
61.000037,349.98526,0.0,99.985291,0.0
61.010742,349.973145,0.0,99.97316,0.0
61.018626,349.955719,0.0,99.955719,0.0
61.022617,349.932007,0.0,99.932007,0.0
61.033444,349.901764,0.0,99.901695,0.0
61.042895,349.865662,0.0,99.865662,0.0
61.05022,349.82489,0.0,99.82486,0.0
61.056882,349.780273,0.0,99.780258,0.0
61.069662,349.708344,0.0,99.708336,0.0
61.085225,349.606415,0.0,99.606407,0.0
61.092597,349.55191,0.0,99.551926,0.0
61.100077,349.493561,0.0,99.49353,0.0
61.108544,349.429901,0.0,99.429901,0.0
61.116817,349.359741,0.0,99.359741,0.0
61.124537,349.281738,0.0,99.281731,0.0
61.133109,349.194794,0.0,99.194794,0.0
61.142189,349.099457,0.0,99.099472,0.0
61.15041,348.997009,0.0,98.997047,0.0
61.157074,348.888824,0.0,98.888824,0.0
61.172585,348.60141,0.0,98.601433,0.0
61.185621,348.482697,0.0,98.482704,0.0
61.192922,348.362915,0.0,98.362915,0.0
61.200235,348.241852,0.0,98.241806,0.0
61.208344,348.118927,0.0,98.118927,0.0
61.216802,347.993866,0.0,97.993851,0.0
61.225586,347.866089,0.0,97.866119,0.0
61.233449,347.735382,0.0,97.735382,0.0
61.251254,347.46579,0.0,97.465813,0.0
61.258633,347.32785,0.0,97.32785,0.0
61.266864,347.188416,0.0,97.1884,0.0
61.266864,347.047852,0.0,97.047882,0.0
61.283591,346.836029,0.0,96.836029,0.0
61.294435,346.694672,0.0,96.694641,0.0
61.308536,346.411865,0.0,96.411903,0.0
61.31846,346.270538,0.0,96.270523,0.0
61.323098,346.12915,0.0,96.12915,0.0
61.33322,345.917084,0.0,95.917084,0.0
61.345976,345.775696,0.0,95.775711,0.0
61.353217,345.634338,0.0,95.634338,0.0
61.366707,345.422241,0.0,95.422279,0.0
61.372603,345.280884,0.0,95.280899,0.0
61.387365,344.998169,0.0,94.998138,0.0
61.398658,344.856781,0.0,94.856781,0.0
61.405571,344.715363,0.0,94.715401,0.0
61.405571,344.574005,0.0,94.57402,0.0
61.422261,344.361969,0.0,94.361946,0.0
61.43346,344.149872,0.0,94.149902,0.0
61.446476,344.008514,0.0,94.008514,0.0
61.46263,343.7258,0.0,93.725761,0.0
61.470304,343.584351,0.0,93.584389,0.0
61.472304,343.443054,0.0,93.443024,0.0
61.486729,343.301636,0.0,93.301628,0.0
61.493222,343.160278,0.0,93.160263,0.0
61.500506,342.948181,0.0,92.948212,0.0
61.515063,342.806824,0.0,92.806824,0.0
61.522127,342.594757,0.0,92.594757,0.0
61.545553,342.241302,0.0,92.241341,0.0
61.554097,342.099945,0.0,92.099945,0.0
61.560755,341.958557,0.0,91.958572,0.0
61.569435,341.746552,0.0,91.746513,0.0
61.583474,341.605133,0.0,91.605133,0.0
61.595358,341.393066,0.0,91.393066,0.0
61.618278,340.968933,0.0,90.968948,0.0
61.623485,340.827576,0.0,90.827576,0.0
61.634164,340.686188,0.0,90.686188,0.0
61.63936,340.474152,0.0,90.474121,0.0
61.653719,340.262054,0.0,90.26207,0.0
61.666812,340.120697,0.0,90.120697,0.0
61.689936,339.696533,0.0,89.696571,0.0
61.689936,339.555237,0.0,89.555183,0.0
61.706478,339.413849,0.0,89.413818,0.0
61.715376,339.27243,0.0,89.27243,0.0
61.722856,339.060364,0.0,89.060379,0.0
61.738445,338.848328,0.0,88.848312,0.0
61.756943,338.494873,0.0,88.494865,0.0
61.766972,338.282806,0.0,88.282806,0.0
61.782073,338.07077,0.0,88.07074,0.0
61.788944,337.929382,0.0,87.929382,0.0
61.801983,337.717285,0.0,87.717316,0.0
61.804207,337.575928,0.0,87.575935,0.0
61.816641,337.363861,0.0,87.363861,0.0
61.828968,337.222534,0.0,87.222504,0.0
61.838806,337.010437,0.0,87.010437,0.0
61.850172,336.727722,0.0,86.727692,0.0
61.866457,336.586304,0.0,86.586311,0.0
61.874202,336.444916,0.0,86.444939,0.0
61.883937,336.23288,0.0,86.23288,0.0
61.894126,336.091492,0.0,86.091492,0.0
61.903044,335.950073,0.0,85.950127,0.0
61.910764,335.808746,0.0,85.808746,0.0
61.918974,335.667328,0.0,85.667366,0.0
61.923922,335.526001,0.0,85.526001,0.0
61.934256,335.384613,0.0,85.384613,0.0
61.939624,335.243286,0.0,85.243233,0.0
61.949767,334.960449,0.0,84.960487,0.0
61.967488,334.819122,0.0,84.819122,0.0
61.973862,334.607056,0.0,84.607056,0.0
61.986311,334.465668,0.0,84.465668,0.0
61.993068,334.32428,0.0,84.324318,0.0
62.000521,334.182922,0.0,84.182922,0.0
62.008721,334.041565,0.0,84.04155,0.0
62.016974,333.900146,0.0,83.900177,0.0
62.025313,333.688049,0.0,83.688118,0.0
62.037272,333.546692,0.0,83.546745,0.0
62.053197,333.263977,0.0,83.263977,0.0
62.060268,333.12262,0.0,83.12262,0.0
62.068933,332.981232,0.0,82.981232,0.0
62.077171,332.839874,0.0,82.839851,0.0
62.084826,332.698486,0.0,82.698486,0.0
62.092717,332.557068,0.0,82.557106,0.0
62.100021,332.415771,0.0,82.415741,0.0
62.107852,332.274353,0.0,82.274353,0.0
62.118663,332.132965,0.0,82.132988,0.0
62.134594,331.85022,0.0,81.85022,0.0
62.13864,331.638153,0.0,81.638168,0.0
62.15371,331.496796,0.0,81.496796,0.0
62.163284,331.355408,0.0,81.355408,0.0
62.166697,331.143341,0.0,81.143356,0.0
62.183685,331.002014,0.0,81.001976,0.0
62.189698,330.789917,0.0,80.789917,0.0
62.202644,330.577881,0.0,80.57785,0.0
62.213112,330.436432,0.0,80.436485,0.0
62.221242,330.295105,0.0,80.295105,0.0
62.236429,330.01239,0.0,80.01236,0.0
62.245847,329.870972,0.0,79.870972,0.0
62.250033,329.729614,0.0,79.729599,0.0
62.260437,329.588226,0.0,79.588226,0.0
62.268726,329.446838,0.0,79.446831,0.0
62.278319,329.305481,0.0,79.305481,0.0
62.284645,329.164093,0.0,79.164093,0.0
62.300524,328.881317,0.0,78.881355,0.0
62.308288,328.73996,0.0,78.739975,0.0
62.316779,328.598602,0.0,78.59861,0.0
62.326739,328.457214,0.0,78.457214,0.0
62.333248,328.245148,0.0,78.245155,0.0
62.344757,328.10379,0.0,78.10379,0.0
62.362058,327.821045,0.0,77.82103,0.0
62.369266,327.608978,0.0,77.608978,0.0
62.386347,327.396881,0.0,77.396919,0.0
62.392418,327.255493,0.0,77.255531,0.0
62.402976,327.114166,0.0,77.114151,0.0
62.406984,326.972748,0.0,76.972786,0.0
62.417833,326.83139,0.0,76.831406,0.0
62.433245,326.548645,0.0,76.548645,0.0
62.442266,326.336578,0.0,76.336578,0.0
62.453177,326.195221,0.0,76.195221,0.0
62.462591,326.053802,0.0,76.053841,0.0
62.468993,325.912476,0.0,75.91246,0.0
62.476524,325.771057,0.0,75.771095,0.0
62.484576,325.629669,0.0,75.629723,0.0
62.502521,325.346954,0.0,75.346947,0.0
62.508497,325.205597,0.0,75.205597,0.0
62.516913,325.064209,0.0,75.064209,0.0
62.524409,324.922821,0.0,74.922836,0.0
62.533745,324.781433,0.0,74.781464,0.0
62.542686,324.640106,0.0,74.640076,0.0
62.550286,324.498718,0.0,74.498718,0.0
62.556956,324.35733,0.0,74.35733,0.0
62.570505,324.145264,0.0,74.145271,0.0
62.58513,323.862518,0.0,73.862518,0.0
62.598475,323.650452,0.0,73.650459,0.0
62.606835,323.509064,0.0,73.509079,0.0
62.615086,323.367706,0.0,73.367706,0.0
62.616759,323.226318,0.0,73.226334,0.0
62.634195,323.014191,0.0,73.014282,0.0
62.645976,322.802216,0.0,72.8022,0.0
62.666739,322.448761,0.0,72.448776,0.0
62.674403,322.307404,0.0,72.307388,0.0
62.682062,322.166046,0.0,72.166008,0.0
62.688874,322.024658,0.0,72.024628,0.0
62.698762,321.88327,0.0,71.883263,0.0
62.700673,321.741913,0.0,71.741882,0.0
62.715397,321.600525,0.0,71.60051,0.0
62.733603,321.24704,0.0,71.247086,0.0
62.740633,321.035004,0.0,71.035004,0.0
62.7536,320.893616,0.0,70.893646,0.0
62.766574,320.68158,0.0,70.681572,0.0
62.773331,320.469513,0.0,70.469513,0.0
62.786294,320.328125,0.0,70.328133,0.0
62.798369,320.116058,0.0,70.116074,0.0
62.812825,319.833313,0.0,69.833321,0.0
62.821468,319.691956,0.0,69.691948,0.0
62.828465,319.550598,0.0,69.55056,0.0
62.833522,319.40918,0.0,69.409195,0.0
62.846838,319.267822,0.0,69.267815,0.0
62.854393,319.126434,0.0,69.126442,0.0
62.86084,318.985046,0.0,68.985077,0.0
62.868933,318.843658,0.0,68.843697,0.0
62.884797,318.560913,0.0,68.560951,0.0
62.894306,318.419525,0.0,68.419571,0.0
62.902493,318.278168,0.0,68.278198,0.0
62.906478,318.136841,0.0,68.13681,0.0
62.918793,317.995453,0.0,67.995438,0.0
62.921942,317.854065,0.0,67.854065,0.0
62.933614,317.712646,0.0,67.712692,0.0
62.941477,317.50061,0.0,67.500626,0.0
62.954636,317.288574,0.0,67.288567,0.0
62.966796,317.076508,0.0,67.0765,0.0
62.977441,316.93512,0.0,66.935127,0.0
63.000537,316.510986,0.0,66.510994,0.0
63.008888,316.369629,0.0,66.369629,0.0
63.018365,316.22821,0.0,66.228256,0.0
63.022618,316.086884,0.0,66.086868,0.0
63.033708,315.945496,0.0,65.945496,0.0
63.046707,315.733429,0.0,65.733421,0.0
63.067333,315.379974,0.0,65.380005,0.0
63.0733,315.238617,0.0,65.238617,0.0
63.086289,315.02655,0.0,65.026558,0.0
63.098784,314.814484,0.0,64.814491,0.0
63.105639,314.673126,0.0,64.673119,0.0
63.114183,314.531738,0.0,64.531738,0.0
63.121118,314.390381,0.0,64.390373,0.0
63.137417,314.107605,0.0,64.107613,0.0
63.144801,313.966217,0.0,63.966244,0.0
63.152927,313.754181,0.0,63.754181,0.0
63.166286,313.612823,0.0,63.612782,0.0
63.172889,313.471436,0.0,63.47142,0.0
63.182838,313.330048,0.0,63.330048,0.0
63.189068,313.18866,0.0,63.188683,0.0
63.206551,312.905914,0.0,62.90593,0.0
63.213863,312.764557,0.0,62.764545,0.0
63.221862,312.623169,0.0,62.623173,0.0
63.228964,312.481781,0.0,62.4818,0.0
63.237227,312.340424,0.0,62.34042,0.0
63.244607,312.199036,0.0,62.199051,0.0
63.25487,312.057678,0.0,62.057667,0.0
63.274088,311.704224,0.0,61.704231,0.0
63.282711,311.562836,0.0,61.562862,0.0
63.287317,311.3508,0.0,61.350803,0.0
63.30285,311.209381,0.0,61.209423,0.0
63.308979,311.068024,0.0,61.06805,0.0
63.317069,310.926636,0.0,60.926674,0.0
63.325454,310.785278,0.0,60.785294,0.0
63.333136,310.643921,0.0,60.643925,0.0
63.350244,310.361176,0.0,60.361172,0.0
63.35796,310.219757,0.0,60.219795,0.0
63.367681,310.0784,0.0,60.078419,0.0
63.372818,309.866333,0.0,59.866364,0.0
63.389817,309.654297,0.0,59.654289,0.0
63.398423,309.512909,0.0,59.512901,0.0
63.399578,309.371552,0.0,59.371536,0.0
63.414415,309.230133,0.0,59.230171,0.0
63.428706,308.947418,0.0,58.947411,0.0
63.437304,308.806,0.0,58.806038,0.0
63.444584,308.664673,0.0,58.664654,0.0
63.454384,308.523285,0.0,58.523289,0.0
63.460894,308.381866,0.0,58.38192,0.0
63.466987,308.24057,0.0,58.240536,0.0
63.477509,308.099152,0.0,58.099163,0.0
63.486093,307.957794,0.0,57.957779,0.0
63.492693,307.816406,0.0,57.816402,0.0
63.509192,307.533661,0.0,57.533657,0.0
63.517133,307.392273,0.0,57.392284,0.0
63.526788,307.250916,0.0,57.250912,0.0
63.534339,307.109528,0.0,57.109528,0.0
63.541301,306.96814,0.0,56.968159,0.0
63.550747,306.826782,0.0,56.826782,0.0
63.562878,306.614716,0.0,56.614716,0.0
63.573649,306.402588,0.0,56.402664,0.0
63.589313,306.119873,0.0,56.119911,0.0
63.599782,305.978516,0.0,55.978527,0.0
63.606238,305.766479,0.0,55.766464,0.0
63.617736,305.625061,0.0,55.625092,0.0
63.625243,305.413025,0.0,55.413033,0.0
63.637652,305.271667,0.0,55.271645,0.0
63.652683,304.988861,0.0,54.988899,0.0
63.662128,304.847534,0.0,54.84753,0.0
63.668906,304.706146,0.0,54.706154,0.0
63.67684,304.564789,0.0,54.564774,0.0
63.685995,304.423401,0.0,54.423405,0.0
63.694299,304.282013,0.0,54.282032,0.0
63.700505,304.069916,0.0,54.069973,0.0
63.71313,303.928558,0.0,53.928596,0.0
63.729242,303.645813,0.0,53.645844,0.0
63.737558,303.504456,0.0,53.504459,0.0
63.745506,303.363068,0.0,53.363083,0.0
63.75299,303.22168,0.0,53.221718,0.0
63.763309,303.080292,0.0,53.080345,0.0
63.773266,302.868256,0.0,52.868271,0.0
63.781874,302.726898,0.0,52.726906,0.0
63.787612,302.58551,0.0,52.585522,0.0
63.79885,302.444153,0.0,52.444134,0.0
63.800268,302.302765,0.0,52.302765,0.0
63.814114,302.161346,0.0,52.161404,0.0
63.82073,301.878632,0.0,51.878639,0.0
63.837313,301.737274,0.0,51.73727,0.0
63.844909,301.595886,0.0,51.595894,0.0
63.853156,301.454529,0.0,51.454517,0.0
63.861075,301.313141,0.0,51.313141,0.0
63.867537,301.171753,0.0,51.171772,0.0
63.877127,301.030365,0.0,51.030396,0.0
63.886325,300.889008,0.0,50.889,0.0
63.900268,300.606293,0.0,50.606255,0.0
63.90858,300.464874,0.0,50.464893,0.0
63.91845,300.323517,0.0,50.323509,0.0
63.923494,300.182129,0.0,50.182144,0.0
63.933813,300.040771,0.0,50.04076,0.0
63.94213,299.828705,0.0,49.828705,0.0
63.953228,299.687317,0.0,49.687321,0.0
63.969413,299.333923,0.0,49.333878,0.0
63.986483,299.121826,0.0,49.121819,0.0
63.992949,298.980408,0.0,48.980453,0.0
64.001849,298.768402,0.0,48.768375,0.0
64.017057,298.556305,0.0,48.556316,0.0
64.034462,298.273529,0.0,48.273579,0.0
64.040267,298.132202,0.0,48.132183,0.0
64.051346,297.990814,0.0,47.990818,0.0
64.059819,297.778717,0.0,47.77877,0.0
64.069228,297.566681,0.0,47.566685,0.0
64.082148,297.425323,0.0,47.425323,0.0
64.087299,297.283936,0.0,47.283936,0.0
64.099672,297.142578,0.0,47.142563,0.0
64.116881,296.789093,0.0,46.789135,0.0
64.126012,296.647736,0.0,46.647751,0.0
64.13406,296.506378,0.0,46.506378,0.0
64.139107,296.365021,0.0,46.364986,0.0
64.150401,296.223633,0.0,46.223629,0.0
64.156635,296.082245,0.0,46.082241,0.0
64.166741,295.870178,0.0,45.870178,0.0
64.185247,295.516754,0.0,45.51675,0.0
64.19869,295.375366,0.0,45.375366,0.0
64.206836,295.234009,0.0,45.234001,0.0
64.213253,295.09259,0.0,45.092632,0.0
64.222964,294.880554,0.0,44.880558,0.0
64.235106,294.739197,0.0,44.739178,0.0
64.254943,294.385742,0.0,44.385746,0.0
64.257102,294.244354,0.0,44.244377,0.0
64.269364,294.102966,0.0,44.102997,0.0
64.2768,293.961609,0.0,43.96162,0.0
64.286425,293.820251,0.0,43.820232,0.0
64.292619,293.678864,0.0,43.678867,0.0
64.300796,293.537476,0.0,43.537498,0.0
64.317086,293.25473,0.0,43.254757,0.0
64.324409,293.113373,0.0,43.113373,0.0
64.333739,292.971985,0.0,42.971989,0.0
64.342222,292.830597,0.0,42.830627,0.0
64.350142,292.68924,0.0,42.68924,0.0
64.357755,292.547821,0.0,42.547871,0.0
64.367369,292.406494,0.0,42.406487,0.0
64.378283,292.194397,0.0,42.194439,0.0
64.385122,292.05304,0.0,42.053047,0.0
64.400562,291.699646,0.0,41.699615,0.0
64.412777,291.558228,0.0,41.558235,0.0
64.422893,291.41687,0.0,41.416847,0.0
64.43025,291.275482,0.0,41.275482,0.0
64.437299,291.063416,0.0,41.063416,0.0
64.451296,290.922028,0.0,40.922047,0.0
64.458856,290.78064,0.0,40.780674,0.0
64.47377,290.497925,0.0,40.497921,0.0
64.484137,290.285889,0.0,40.285847,0.0
64.494005,290.14447,0.0,40.144482,0.0
64.50047,290.003113,0.0,40.003101,0.0
64.514397,289.791046,0.0,39.791039,0.0
64.522445,289.649658,0.0,39.649673,0.0
64.528951,289.508301,0.0,39.508286,0.0
64.547054,289.225555,0.0,39.225552,0.0
64.554296,289.084167,0.0,39.084167,0.0
64.561828,288.94281,0.0,38.942791,0.0
64.567043,288.730682,0.0,38.730732,0.0
64.581774,288.589355,0.0,38.589348,0.0
64.58998,288.447968,0.0,38.447979,0.0
64.598684,288.306641,0.0,38.306583,0.0
64.613093,288.023834,0.0,38.023849,0.0
64.62681,287.811798,0.0,37.811779,0.0
64.639007,287.599701,0.0,37.599728,0.0
64.641185,287.458313,0.0,37.458351,0.0
64.653785,287.316956,0.0,37.316978,0.0
64.669107,287.03421,0.0,37.034222,0.0
64.676848,286.892853,0.0,36.892845,0.0
64.684758,286.751465,0.0,36.751465,0.0
64.692613,286.610107,0.0,36.610096,0.0
64.701822,286.398071,0.0,36.398033,0.0
64.714194,286.256653,0.0,36.256653,0.0
64.721732,286.115295,0.0,36.115276,0.0
64.739284,285.761871,0.0,35.761837,0.0
64.750654,285.620483,0.0,35.620468,0.0
64.757167,285.479095,0.0,35.479084,0.0
64.770316,285.266998,0.0,35.267044,0.0
64.771086,285.125641,0.0,35.12566,0.0
64.785235,284.984283,0.0,34.984272,0.0
64.792354,284.842896,0.0,34.842899,0.0
64.800405,284.701569,0.0,34.701515,0.0
64.817994,284.418793,0.0,34.41877,0.0
64.824866,284.277374,0.0,34.277409,0.0
64.834747,284.136017,0.0,34.136028,0.0
64.838761,283.994659,0.0,33.994648,0.0
64.850818,283.853271,0.0,33.853268,0.0
64.858461,283.711853,0.0,33.711906,0.0
64.866807,283.570526,0.0,33.570518,0.0
64.883156,283.287781,0.0,33.287777,0.0
64.889416,283.146393,0.0,33.146381,0.0
64.897802,283.005035,0.0,33.005016,0.0
64.905784,282.863647,0.0,32.863651,0.0
64.905784,282.72226,0.0,32.722267,0.0
64.922578,282.580902,0.0,32.580906,0.0
64.929195,282.439514,0.0,32.439514,0.0
64.934063,282.298157,0.0,32.298145,0.0
64.945505,282.156769,0.0,32.156773,0.0
64.953825,282.015381,0.0,32.015396,0.0
64.960774,281.873993,0.0,31.874023,0.0
64.968545,281.732605,0.0,31.732651,0.0
64.986281,281.44989,0.0,31.449869,0.0
64.992689,281.308502,0.0,31.308523,0.0
65.002024,281.167114,0.0,31.167162,0.0
65.008789,281.025757,0.0,31.025774,0.0
65.017215,280.884399,0.0,30.884399,0.0
65.025768,280.743011,0.0,30.743011,0.0
65.033378,280.601624,0.0,30.601635,0.0
65.050136,280.318878,0.0,30.318886,0.0
65.056774,280.177521,0.0,30.177523,0.0
65.066489,280.036163,0.0,30.036142,0.0
65.074193,279.894775,0.0,29.894764,0.0
65.082081,279.753387,0.0,29.753401,0.0
65.089061,279.612,0.0,29.612011,0.0
65.096878,279.470642,0.0,29.470638,0.0
65.105702,279.329254,0.0,29.329266,0.0
65.122528,279.046509,0.0,29.046509,0.0
65.12823,278.905121,0.0,28.90513,0.0
65.136786,278.763763,0.0,28.763748,0.0
65.145071,278.622345,0.0,28.622391,0.0
65.154445,278.481018,0.0,28.481016,0.0
65.161394,278.33963,0.0,28.339626,0.0
65.169042,278.198212,0.0,28.198269,0.0
65.185284,277.844818,0.0,27.844816,0.0
65.19874,277.70343,0.0,27.703453,0.0
65.206503,277.562073,0.0,27.562078,0.0
65.215325,277.420654,0.0,27.420694,0.0
65.221813,277.208618,0.0,27.208626,0.0
65.233847,276.996552,0.0,26.996576,0.0
65.253641,276.713806,0.0,26.713814,0.0
65.261953,276.572449,0.0,26.572447,0.0
65.269424,276.431061,0.0,26.431063,0.0
65.278492,276.289703,0.0,26.289679,0.0
65.285195,276.148315,0.0,26.148317,0.0
65.293006,276.006897,0.0,26.006947,0.0
65.300184,275.86557,0.0,25.865562,0.0
65.317138,275.582825,0.0,25.582817,0.0
65.325304,275.441437,0.0,25.441416,0.0
65.333453,275.300079,0.0,25.30007,0.0
65.340317,275.158691,0.0,25.158688,0.0
65.350453,275.017303,0.0,25.017303,0.0
65.357369,274.875946,0.0,24.875929,0.0
65.371231,274.663879,0.0,24.663877,0.0
65.382034,274.451813,0.0,24.451807,0.0
65.389077,274.310425,0.0,24.310423,0.0
65.403038,273.957001,0.0,23.956999,0.0
65.41633,273.815613,0.0,23.81562,0.0
65.426622,273.674255,0.0,23.674244,0.0
65.433651,273.462189,0.0,23.462168,0.0
65.446941,273.32077,0.0,23.320803,0.0
65.453756,273.179443,0.0,23.179438,0.0
65.462282,273.038055,0.0,23.038054,0.0
65.477872,272.75528,0.0,22.755297,0.0
65.484048,272.613953,0.0,22.61393,0.0
65.494092,272.472534,0.0,22.472549,0.0
65.502535,272.331177,0.0,22.331181,0.0
65.507586,272.189789,0.0,22.189806,0.0
65.518267,272.048401,0.0,22.048418,0.0
65.522501,271.907043,0.0,21.907061,0.0
65.533181,271.765686,0.0,21.765671,0.0
65.550556,271.48291,0.0,21.482924,0.0
65.556912,271.341553,0.0,21.341539,0.0
65.566388,271.129486,0.0,21.129484,0.0
65.578238,270.988098,0.0,20.98811,0.0
65.585471,270.846741,0.0,20.846735,0.0
65.593506,270.705353,0.0,20.705368,0.0
65.60258,270.564026,0.0,20.563961,0.0
65.616601,270.281219,0.0,20.28124,0.0
65.624983,270.139862,0.0,20.13986,0.0
65.633705,269.998474,0.0,19.99848,0.0
65.640803,269.857147,0.0,19.8571,0.0
65.649965,269.715759,0.0,19.715715,0.0
65.656013,269.574371,0.0,19.574354,0.0
65.666346,269.432983,0.0,19.432983,0.0
65.683386,269.150238,0.0,19.150236,0.0
65.688442,269.00885,0.0,19.008863,0.0
65.699787,268.867462,0.0,18.867462,0.0
65.700686,268.726105,0.0,18.726097,0.0
65.713114,268.584717,0.0,18.584734,0.0
65.722066,268.443359,0.0,18.443352,0.0
65.728401,268.301971,0.0,18.301983,0.0
65.737802,268.160614,0.0,18.160597,0.0
65.754446,267.877869,0.0,17.877853,0.0
65.761088,267.736511,0.0,17.736467,0.0
65.76899,267.595093,0.0,17.595098,0.0
65.7834,267.383026,0.0,17.383039,0.0
65.789319,267.170959,0.0,17.170969,0.0
65.801738,267.029602,0.0,17.029608,0.0
65.818856,266.746857,0.0,16.746855,0.0
65.825069,266.605469,0.0,16.605461,0.0
65.833692,266.464111,0.0,16.46409,0.0
65.840612,266.322723,0.0,16.322725,0.0
65.853156,266.110657,0.0,16.110655,0.0
65.866786,265.89859,0.0,15.898592,0.0
65.883198,265.615814,0.0,15.615851,0.0
65.889226,265.474457,0.0,15.474468,0.0
65.899762,265.33313,0.0,15.333076,0.0
65.906553,265.121033,0.0,15.121025,0.0
65.917192,264.979645,0.0,14.979655,0.0
65.924729,264.838287,0.0,14.838276,0.0
65.933196,264.696899,0.0,14.696915,0.0
65.949934,264.414154,0.0,14.414158,0.0
65.957023,264.272766,0.0,14.272783,0.0
65.969623,264.06073,0.0,14.0607,0.0
65.976616,263.919342,0.0,13.919344,0.0
65.986112,263.777954,0.0,13.777968,0.0
65.993768,263.636597,0.0,13.63658,0.0
66.001181,263.495209,0.0,13.495203,0.0
66.016967,263.212433,0.0,13.21246,0.0
66.026849,263.071075,0.0,13.07109,0.0
66.033029,262.929718,0.0,12.929714,0.0
66.040612,262.78833,0.0,12.788333,0.0
66.050031,262.646973,0.0,12.64696,0.0
66.058127,262.505615,0.0,12.505584,0.0
66.067298,262.364197,0.0,12.364203,0.0
66.086731,262.010803,0.0,12.01077,0.0
66.093485,261.869385,0.0,11.869384,0.0
66.101976,261.657318,0.0,11.657345,0.0
66.115139,261.515961,0.0,11.515965,0.0
66.119067,261.303894,0.0,11.303901,0.0
66.133486,261.162506,0.0,11.162519,0.0
66.14274,260.95047,0.0,10.950446,0.0
66.151134,260.809082,0.0,10.809083,0.0
66.169607,260.526337,0.0,10.526328,0.0
66.176616,260.384949,0.0,10.384958,0.0
66.185261,260.243591,0.0,10.243579,0.0
66.192568,260.102203,0.0,10.102195,0.0
66.206793,259.890137,0.0,9.890144,0.0
66.212499,259.748779,0.0,9.748767,0.0
66.217053,259.607391,0.0,9.607388,0.0
66.22859,259.466003,0.0,9.466004,0.0
66.24642,259.183258,0.0,9.183261,0.0
66.252844,259.041901,0.0,9.041885,0.0
66.267475,258.829834,0.0,8.829832,0.0
66.272364,258.688446,0.0,8.688448,0.0
66.28708,258.476379,0.0,8.476381,0.0
66.294638,258.334991,0.0,8.335011,0.0
66.318972,257.910889,0.0,7.910879,0.0
66.327219,257.769501,0.0,7.769507,0.0
66.335068,257.628143,0.0,7.628126,0.0
66.339785,257.486755,0.0,7.486759,0.0
66.350676,257.345367,0.0,7.345397,0.0
66.35708,257.20401,0.0,7.20401,0.0
66.367026,256.991943,0.0,6.991938,0.0
66.385563,256.709198,0.0,6.709183,0.0
66.392872,256.56781,0.0,6.567822,0.0
66.402732,256.426453,0.0,6.426439,0.0
66.405756,256.285034,0.0,6.285069,0.0
66.417149,256.143707,0.0,6.143693,0.0
66.427262,256.002289,0.0,6.002305,0.0
66.434677,255.860931,0.0,5.860948,0.0
66.438918,255.719574,0.0,5.719552,0.0
66.45122,255.578171,0.0,5.578185,0.0
66.457551,255.366135,0.0,5.366137,0.0
66.478585,255.083389,0.0,5.083384,0.0
66.485173,254.942001,0.0,4.942014,0.0
66.493186,254.800629,0.0,4.800624,0.0
66.500542,254.588547,0.0,4.588552,0.0
66.51469,254.447189,0.0,4.447184,0.0
66.522018,254.305817,0.0,4.305815,0.0
66.5292,254.164444,0.0,4.164429,0.0
66.544481,253.881668,0.0,3.881682,0.0
66.55475,253.740311,0.0,3.740304,0.0
66.566897,253.528229,0.0,3.528234,0.0
66.572213,253.316177,0.0,3.316173,0.0
66.586331,253.174805,0.0,3.174804,0.0
66.593013,253.033432,0.0,3.03343,0.0
66.600392,252.892075,0.0,2.892051,0.0
66.61791,252.609299,0.0,2.609303,0.0
66.625577,252.397369,0.0,2.397343,0.0
66.637792,252.256897,0.0,2.256896,0.0
66.645308,252.118149,0.0,2.118154,0.0
66.653198,251.982025,0.0,1.98204,0.0
66.660886,251.849472,0.0,1.849466,0.0
66.668133,251.721329,0.0,1.721335,0.0
66.683716,251.481979,0.0,1.482004,0.0
66.693029,251.371735,0.0,1.371752,0.0
66.701334,251.266937,0.0,1.266952,0.0
66.708706,251.166687,0.0,1.166698,0.0
66.71644,251.070068,0.0,1.07007,0.0
66.725236,250.976166,0.0,0.976146,0.0
66.733339,250.884201,0.0,0.88422,0.0
66.749802,250.706833,0.0,0.7068,0.0
66.756019,250.622894,0.0,0.622895,0.0
66.766493,250.543777,0.0,0.543764,0.0
66.772697,250.470627,0.0,0.47062,0.0
66.782268,250.404724,0.0,0.404714,0.0
66.788693,250.34726,0.0,0.347239,0.0
66.788693,250.298279,0.0,0.298278,0.0
66.805917,250.256683,0.0,0.256679,0.0
66.812812,250.221222,0.0,0.221203,0.0
66.817278,250.190674,0.0,0.190652,0.0
66.839077,250.139542,0.0,0.139545,0.0
66.846824,250.117126,0.0,0.117123,0.0
66.853539,250.095886,0.0,0.095887,0.0
66.861445,250.07605,0.0,0.076056,0.0
66.869308,250.058044,0.0,0.058027,0.0
66.876789,250.042236,0.0,0.042272,0.0
66.8848,250.029129,0.0,0.029154,0.0
66.892823,250.018982,0.0,0.01898,0.0
66.906687,250.008636,0.0,0.008636,0.0
66.916471,250.001877,0.0,0.001879,0.0
66.9288,250.000549,0.0,0.000536,0.0
66.936743,250.000061,0.0,7.8e-05,0.0
66.946093,250.000015,0.0,-6e-06,0.0
66.954365,250.000015,0.0,-6e-06,0.0
66.96707,250.000015,0.0,-6e-06,0.0
66.970121,250.000015,0.0,-6e-06,0.0
66.983076,250.000015,0.0,-6e-06,0.0
66.986223,250.000015,0.0,-6e-06,0.0
66.998871,250.000015,0.0,-6e-06,0.0
67.005954,250.000015,0.0,-6e-06,0.0
67.014073,250.000015,0.0,-6e-06,0.0
67.021718,250.000015,0.0,-6e-06,0.0
67.043443,250.000015,0.0,-6e-06,0.0
67.052147,250.000015,0.0,-6e-06,0.0
67.063405,250.000015,0.0,-6e-06,0.0
67.074064,250.000015,0.0,-6e-06,0.0
67.082465,250.000015,0.0,-6e-06,0.0
67.089118,250.000015,0.0,-6e-06,0.0
67.098994,250.000015,0.0,-6e-06,0.0
67.100769,250.000015,0.0,-6e-06,0.0
67.114828,250.000015,0.0,-6e-06,0.0
67.126798,250.000015,0.0,-6e-06,0.0
67.135102,250.000015,0.0,-6e-06,0.0
67.142402,250.000015,0.0,-6e-06,0.0
67.1513,250.000015,0.0,-6e-06,0.0
67.156305,250.000015,0.0,-6e-06,0.0
67.177323,250.000015,0.0,-6e-06,0.0
67.198939,250.000015,0.0,-6e-06,0.0
67.205883,250.000015,0.0,-6e-06,0.0
67.217231,250.000015,0.0,-6e-06,0.0
67.224733,250.000015,0.0,-6e-06,0.0
67.233846,250.000015,0.0,-6e-06,0.0
67.251518,250.000015,0.0,0.000278,0.0
67.267826,250.000031,0.0,0.009809,0.0
67.287096,250.000015,0.0,0.02854,0.0
67.291317,250.000015,0.0,0.049271,0.0
67.303436,250.000031,0.0,0.078217,0.0
67.307218,250.000031,0.0,0.116512,0.0
67.319171,250.000031,0.0,0.163595,0.0
67.324373,250.000015,0.0,0.218111,0.0
67.334197,250.000015,0.0,0.278704,0.0
67.353201,250.000015,0.0,0.447698,0.0
67.36171,250.000015,0.0,0.519727,0.0
67.369634,250.000015,0.0,0.633837,0.0
67.386846,250.000015,0.0,0.760404,0.0
67.390885,250.0,0.0,0.8548,0.0
67.402817,250.000031,0.0,0.959369,0.0
67.419042,250.000015,0.0,1.205061,0.0
67.423696,250.000015,0.0,1.345176,0.0
67.433935,250.000015,0.0,1.4944,0.0
67.442871,250.000031,0.0,1.650889,0.0
67.450667,249.999985,0.0,1.812805,0.0
67.457779,250.000015,0.0,1.978391,0.0
67.467213,250.0,0.0,2.146335,0.0
67.474036,250.000015,0.0,2.315765,0.0
67.48948,250.000015,0.0,2.74895,0.0
67.500622,250.000031,0.0,3.018531,0.0
67.514374,250.000046,0.0,3.203483,0.0
67.520984,250.000015,0.0,3.488257,0.0
67.534309,250.000015,0.0,3.682065,0.0
67.54688,250.000015,0.0,3.977209,0.0
67.567561,250.000015,0.0,4.475688,0.0
67.574452,250.000015,0.0,4.775657,0.0
67.586715,250.000015,0.0,4.975646,0.0
67.586715,250.000015,0.0,5.175644,0.0
67.601099,250.000015,0.0,5.375619,0.0
67.611376,250.000015,0.0,5.57562,0.0
67.618168,250.000015,0.0,5.875593,0.0
67.635296,250.000015,0.0,6.175571,0.0
67.640498,250.0,0.0,6.475548,0.0
67.653922,250.000031,0.0,6.675539,0.0
67.665764,250.000015,0.0,6.975506,0.0
67.667479,250.000015,0.0,7.175515,0.0
67.684619,250.0,0.0,7.475474,0.0
67.694692,250.000046,0.0,7.675478,0.0
67.701982,250.000015,0.0,7.875467,0.0
67.722182,250.000015,0.0,8.475422,0.0
67.734256,250.0,0.0,8.675418,0.0
67.741372,250.000031,0.0,8.975377,0.0
67.751005,250.000015,0.0,9.175375,0.0
67.767383,250.000031,0.0,9.475355,0.0
67.786957,250.000031,0.0,10.07531,0.0
67.799105,250.000015,0.0,10.275304,0.0
67.806487,250.000031,0.0,10.475274,0.0
67.812727,250.000015,0.0,10.675271,0.0
67.82206,250.0,0.0,10.875253,0.0
67.829279,250.000015,0.0,11.075245,0.0
67.837672,250.000015,0.0,11.275223,0.0
67.845065,250.0,0.0,11.475211,0.0
67.867628,250.000015,0.0,11.975186,0.0
67.872701,250.000031,0.0,12.275172,0.0
67.886484,250.0,0.0,12.475154,0.0
67.893282,250.000015,0.0,12.675138,0.0
67.900187,250.000031,0.0,12.875127,0.0
67.908818,250.000015,0.0,13.075113,0.0
67.917387,250.000031,0.0,13.275096,0.0
67.924848,250.000015,0.0,13.475083,0.0
67.939553,250.000031,0.0,13.875067,0.0
67.951197,250.000015,0.0,14.075055,0.0
67.956731,250.000015,0.0,14.275042,0.0
67.966522,250.0,0.0,14.475018,0.0
67.971014,250.000015,0.0,14.675009,0.0
67.983437,250.0,0.0,14.875007,0.0
67.989827,250.000031,0.0,15.074986,0.0
67.998467,250.0,0.0,15.274983,0.0
68.006106,250.000046,0.0,15.474953,0.0
68.016633,250.000031,0.0,15.874943,0.0
68.028496,250.000015,0.0,16.074921,0.0
68.037911,250.000015,0.0,16.274908,0.0
68.044833,250.000046,0.0,16.474886,0.0
68.052791,250.000015,0.0,16.674873,0.0
68.0625,250.000031,0.0,16.874863,0.0
68.068238,250.000031,0.0,17.074844,0.0
68.076956,250.000046,0.0,17.274853,0.0
68.086705,250.0,0.0,17.474819,0.0
68.100316,250.000031,0.0,17.874802,0.0
68.108218,250.000015,0.0,18.074783,0.0
68.117182,250.000031,0.0,18.274767,0.0
68.126627,250.0,0.0,18.474762,0.0
68.133924,250.000015,0.0,18.674736,0.0
68.140938,250.000015,0.0,18.874737,0.0
68.150925,249.999985,0.0,19.074732,0.0
68.167964,250.000031,0.0,19.574684,0.0
68.182496,250.000015,0.0,19.874657,0.0
68.184767,250.000015,0.0,20.074656,0.0
68.202629,250.000015,0.0,20.37464,0.0
68.206611,250.0,0.0,20.574606,0.0
68.217485,250.000015,0.0,20.774612,0.0
68.225603,250.000015,0.0,20.974596,0.0
68.251536,250.000046,0.0,21.574549,0.0
68.257837,250.000015,0.0,21.774519,0.0
68.271395,250.000046,0.0,22.074526,0.0
68.28289,250.000031,0.0,22.374498,0.0
68.292289,250.000031,0.0,22.67448,0.0
68.302234,250.000015,0.0,22.874468,0.0
68.317218,250.000015,0.0,23.27445,0.0
68.327179,250.0,0.0,23.474434,0.0
68.33384,250.000015,0.0,23.674416,0.0
68.341176,250.000015,0.0,23.874414,0.0
68.350423,249.999985,0.0,24.074394,0.0
68.357746,250.0,0.0,24.274374,0.0
68.366806,250.000015,0.0,24.474363,0.0
68.378021,250.000046,0.0,24.774343,0.0
68.391045,250.000015,0.0,25.174314,0.0
68.401068,250.000015,0.0,25.374296,0.0
68.408916,250.000015,0.0,25.574278,0.0
68.417435,250.000015,0.0,25.774267,0.0
68.427245,250.0,0.0,25.974257,0.0
68.434098,250.0,0.0,26.174246,0.0
68.440895,250.000015,0.0,26.374237,0.0
68.451098,250.000046,0.0,26.574213,0.0
68.468712,250.000031,0.0,27.074186,0.0
68.482503,249.999985,0.0,27.374174,0.0
68.489409,250.000015,0.0,27.574171,0.0
68.499057,250.000015,0.0,27.774143,0.0
68.51073,250.0,0.0,28.074129,0.0
68.523028,250.000046,0.0,28.3741,0.0
68.541627,250.000015,0.0,28.974054,0.0
68.554287,250.000046,0.0,29.274048,0.0
68.566741,250.000031,0.0,29.47402,0.0
68.573494,250.000015,0.0,29.774015,0.0
68.585539,250.000046,0.0,30.073997,0.0
68.599218,250.000031,0.0,30.273979,0.0
68.601824,250.0,0.0,30.473963,0.0
68.618768,250.000046,0.0,30.773939,0.0
68.637691,250.000015,0.0,31.373909,0.0
68.651358,249.999985,0.0,31.573887,0.0
68.656199,250.000031,0.0,31.773888,0.0
68.670888,250.000015,0.0,32.073864,0.0
68.676127,250.000015,0.0,32.273853,0.0
68.685864,250.000015,0.0,32.473839,0.0
68.700987,250.000031,0.0,32.873802,0.0
68.708932,250.0,0.0,33.073792,0.0
68.717219,250.000015,0.0,33.273785,0.0
68.724806,250.000015,0.0,33.473766,0.0
68.737616,250.000031,0.0,33.673759,0.0
68.74894,249.999985,0.0,33.973732,0.0
68.759195,250.000015,0.0,34.273705,0.0
68.766612,250.000015,0.0,34.473705,0.0
68.769473,250.000015,0.0,34.673691,0.0
68.783487,250.000015,0.0,34.873672,0.0
68.799391,250.000015,0.0,35.273647,0.0
68.805603,250.000015,0.0,35.473629,0.0
68.815572,250.000015,0.0,35.673618,0.0
68.821563,250.000015,0.0,35.8736,0.0
68.830914,250.000015,0.0,36.073589,0.0
68.836001,250.000015,0.0,36.273582,0.0
68.845749,250.000015,0.0,36.473572,0.0
68.860306,250.0,0.0,36.873547,0.0
68.869897,250.000031,0.0,37.073528,0.0
68.877759,250.0,0.0,37.27351,0.0
68.886315,250.000015,0.0,37.473495,0.0
68.891358,250.000061,0.0,37.673485,0.0
68.902841,250.000015,0.0,37.873478,0.0
68.906831,250.000015,0.0,38.07346,0.0
68.917474,249.999985,0.0,38.273453,0.0
68.934108,250.000015,0.0,38.673416,0.0
68.940666,250.000015,0.0,38.873413,0.0
68.951186,250.000015,0.0,39.073399,0.0
68.957769,250.000015,0.0,39.373375,0.0
68.972256,250.000015,0.0,39.673347,0.0
68.986843,250.0,0.0,39.973335,0.0
68.999401,250.000015,0.0,40.273312,0.0
69.006616,249.999985,0.0,40.573299,0.0
69.025563,250.000015,0.0,40.973263,0.0
69.033734,250.0,0.0,41.173256,0.0
69.040784,250.000031,0.0,41.373241,0.0
69.050589,250.000015,0.0,41.573231,0.0
69.057654,250.000015,0.0,41.873207,0.0
69.070071,250.000031,0.0,42.173187,0.0
69.083333,250.000015,0.0,42.473183,0.0
69.092421,250.000031,0.0,42.673157,0.0
69.102114,249.999985,0.0,42.973141,0.0
69.117252,250.000031,0.0,43.373108,0.0
69.129314,250.000046,0.0,43.573105,0.0
69.138791,250.000015,0.0,43.77309,0.0
69.145551,250.000015,0.0,43.973061,0.0
69.153458,250.0,0.0,44.173054,0.0
69.163093,250.000015,0.0,44.373039,0.0
69.170133,250.000015,0.0,44.673012,0.0
69.19117,250.000031,0.0,45.073002,0.0
69.199197,250.0,0.0,45.272987,0.0
69.206229,250.000015,0.0,45.472973,0.0
69.212501,250.000015,0.0,45.672962,0.0
69.227313,250.000015,0.0,45.972939,0.0
69.234537,250.000015,0.0,46.172924,0.0
69.254854,250.0,0.0,46.672901,0.0
69.267127,250.0,0.0,46.972866,0.0
69.274802,250.0,0.0,47.172867,0.0
69.286225,249.999985,0.0,47.472836,0.0
69.291551,250.000015,0.0,47.672813,0.0
69.30124,250.0,0.0,47.872822,0.0
69.308868,250.000015,0.0,48.072803,0.0
69.317447,250.000046,0.0,48.272778,0.0
69.325122,250.0,0.0,48.472775,0.0
69.341744,249.999985,0.0,48.872738,0.0
69.350752,250.000015,0.0,49.072742,0.0
69.357602,250.000015,0.0,49.27272,0.0
69.367188,249.999985,0.0,49.472702,0.0
69.373934,250.000031,0.0,49.672703,0.0
69.383651,250.000015,0.0,49.872681,0.0
69.390518,250.0,0.0,50.172665,0.0
69.407737,250.000015,0.0,50.572632,0.0
69.417636,249.999985,0.0,50.772621,0.0
69.426059,250.000031,0.0,50.972603,0.0
69.433791,249.999985,0.0,51.172585,0.0
69.440378,250.000015,0.0,51.372578,0.0
69.45077,250.000015,0.0,51.572567,0.0
69.457559,249.999985,0.0,51.772541,0.0
69.467183,250.0,0.0,51.972538,0.0
69.475052,250.0,0.0,52.172531,0.0
69.493615,249.999985,0.0,52.672493,0.0
69.50072,249.999969,0.0,52.87249,0.0
69.509512,250.000015,0.0,53.072472,0.0
69.517636,250.0,0.0,53.372456,0.0
69.530137,250.0,0.0,53.57243,0.0
69.53485,250.0,0.0,53.772427,0.0
69.545158,250.000015,0.0,53.972416,0.0
69.554736,249.999985,0.0,54.17239,0.0
69.571009,250.0,0.0,54.672356,0.0
69.582362,249.999985,0.0,54.872337,0.0
69.585763,249.999969,0.0,55.072334,0.0
69.59619,250.0,0.0,55.272324,0.0
69.60111,250.0,0.0,55.472301,0.0
69.614254,250.0,0.0,55.672295,0.0
69.622138,250.0,0.0,55.872284,0.0
69.637708,249.999985,0.0,56.272259,0.0
69.645786,250.0,0.0,56.472244,0.0
69.653151,250.0,0.0,56.672226,0.0
69.66045,249.999969,0.0,56.872215,0.0
69.669781,250.000015,0.0,57.072212,0.0
69.676641,250.0,0.0,57.272182,0.0
69.683976,250.000031,0.0,57.472176,0.0
69.700477,250.000015,0.0,57.872147,0.0
69.709477,250.0,0.0,58.072136,0.0
69.717477,250.0,0.0,58.272125,0.0
69.726354,250.000015,0.0,58.472103,0.0
69.735038,250.000031,0.0,58.6721,0.0
69.740169,249.999985,0.0,58.872089,0.0
69.750989,249.999985,0.0,59.072071,0.0
69.757404,250.000015,0.0,59.272064,0.0
69.766942,250.0,0.0,59.47205,0.0
69.774762,249.999985,0.0,59.672031,0.0
69.784284,249.999985,0.0,59.872013,0.0
69.786751,250.000015,0.0,60.171993,0.0
69.804028,250.0,0.0,60.47197,0.0
69.814451,249.999985,0.0,60.67197,0.0
69.818823,250.000015,0.0,60.871944,0.0
69.838626,250.0,0.0,61.271927,0.0
69.839623,249.999969,0.0,61.471912,0.0
69.855353,250.000015,0.0,61.671902,0.0
69.86137,250.000031,0.0,61.871887,0.0
69.869715,250.0,0.0,62.071869,0.0
69.878752,249.999985,0.0,62.271866,0.0
69.885315,249.999985,0.0,62.471851,0.0
69.902608,250.0,0.0,62.871819,0.0
69.908508,249.999985,0.0,63.071804,0.0
69.917603,249.999985,0.0,63.271793,0.0
69.925515,250.0,0.0,63.471779,0.0
69.934412,249.999985,0.0,63.671776,0.0
69.941897,250.0,0.0,63.87175,0.0
69.950072,249.999985,0.0,64.071739,0.0
69.958463,249.999985,0.0,64.271729,0.0
69.973937,250.000031,0.0,64.77169,0.0
69.985858,249.999985,0.0,64.971672,0.0
69.993132,250.0,0.0,65.171669,0.0
70.000774,249.999985,0.0,65.371651,0.0
70.008708,250.0,0.0,65.57164,0.0
70.017628,250.0,0.0,65.771629,0.0
70.026441,250.0,0.0,65.971611,0.0
70.035055,250.0,0.0,66.171608,0.0
70.050602,250.0,0.0,66.571571,0.0
70.056996,249.999985,0.0,66.771553,0.0
70.066999,249.999969,0.0,66.97155,0.0
70.072667,250.000015,0.0,67.171524,0.0
70.083094,250.0,0.0,67.371521,0.0
70.086891,250.0,0.0,67.571503,0.0
70.099243,250.0,0.0,67.771492,0.0
70.10568,249.999969,0.0,67.971481,0.0
70.122065,250.000015,0.0,68.371452,0.0
70.12945,250.0,0.0,68.571434,0.0
70.137815,250.0,0.0,68.771431,0.0
70.147255,250.0,0.0,68.971413,0.0
70.153458,250.000015,0.0,69.171402,0.0
70.161386,250.000015,0.0,69.371391,0.0
70.172741,249.999985,0.0,69.671379,0.0
70.190728,249.999985,0.0,70.171333,0.0
70.201413,250.0,0.0,70.371323,0.0
70.208916,250.0,0.0,70.571312,0.0
70.218196,250.0,0.0,70.771294,0.0
70.225429,249.999969,0.0,70.971283,0.0
70.233916,250.000031,0.0,71.171272,0.0
70.240719,250.000031,0.0,71.371254,0.0
70.251583,249.999985,0.0,71.571243,0.0
70.267474,249.999985,0.0,71.971222,0.0
70.274385,249.999985,0.0,72.271202,0.0
70.285863,249.999985,0.0,72.471184,0.0
70.293775,249.999985,0.0,72.771164,0.0
70.306397,250.0,0.0,73.071144,0.0
70.317698,250.000015,0.0,73.271126,0.0
70.325411,250.000015,0.0,73.471115,0.0
70.340732,250.0,0.0,73.871094,0.0
70.354945,249.999969,0.0,74.171074,0.0
70.363557,250.000015,0.0,74.371056,0.0
70.373932,249.999985,0.0,74.671036,0.0
70.382851,250.000015,0.0,74.871033,0.0
70.390675,249.999985,0.0,75.171013,0.0
70.401608,250.000015,0.0,75.47097,0.0
70.420041,250.000015,0.0,75.970947,0.0
70.434376,249.999985,0.0,76.170929,0.0
70.441012,250.0,0.0,76.470924,0.0
70.453842,250.0,0.0,76.670898,0.0
70.462621,250.0,0.0,76.870895,0.0
70.468965,250.000015,0.0,77.070885,0.0
70.477905,249.999969,0.0,77.270874,0.0
70.486547,249.999969,0.0,77.470856,0.0
70.502081,249.999985,0.0,77.870811,0.0
70.509089,249.999985,0.0,78.070824,0.0
70.52089,250.0,0.0,78.270798,0.0
70.529975,249.999985,0.0,78.570763,0.0
70.537867,249.999985,0.0,78.770767,0.0
70.543624,250.0,0.0,78.970757,0.0
70.555386,250.0,0.0,79.170746,0.0
70.57431,249.999985,0.0,79.670723,0.0
70.583778,250.000015,0.0,79.870689,0.0
70.589906,249.999985,0.0,80.170692,0.0
70.603025,249.999985,0.0,80.370659,0.0
70.607087,250.000031,0.0,80.570648,0.0
70.617706,249.999969,0.0,80.77063,0.0
70.627391,249.999954,0.0,80.970612,0.0
70.635003,249.999985,0.0,81.170609,0.0
70.640437,250.000015,0.0,81.370605,0.0
70.657245,249.999969,0.0,81.770569,0.0
70.66718,249.999985,0.0,81.970551,0.0
70.674661,250.0,0.0,82.170532,0.0
70.682612,250.000031,0.0,82.370537,0.0
70.690952,250.0,0.0,82.570526,0.0
70.701834,249.999985,0.0,82.870499,0.0
70.710025,249.999969,0.0,83.170479,0.0
70.72305,250.000015,0.0,83.470459,0.0
70.734895,250.0,0.0,83.670448,0.0
70.739591,249.999969,0.0,83.870422,0.0
70.757803,249.999985,0.0,84.270401,0.0
70.766076,250.0,0.0,84.470398,0.0
70.775388,250.0,0.0,84.670387,0.0
70.786868,249.999985,0.0,84.970367,0.0
70.790247,250.0,0.0,85.170349,0.0
70.802322,249.999985,0.0,85.370331,0.0
70.807615,250.000015,0.0,85.570312,0.0
70.817382,250.000031,0.0,85.770294,0.0
70.834347,250.0,0.0,86.170288,0.0
70.840729,249.999969,0.0,86.37027,0.0
70.850857,249.999985,0.0,86.570251,0.0
70.857911,250.0,0.0,86.770233,0.0
70.867096,249.999969,0.0,86.970215,0.0
70.874458,250.000031,0.0,87.170212,0.0
70.882705,249.999985,0.0,87.370201,0.0
70.897583,250.000015,0.0,87.770172,0.0
70.906386,250.000015,0.0,87.970154,0.0
70.913288,250.0,0.0,88.170135,0.0
70.922961,250.000015,0.0,88.370132,0.0
70.929646,250.000015,0.0,88.570129,0.0
70.938181,250.0,0.0,88.770111,0.0
70.9449,250.000015,0.0,88.970093,0.0
70.954341,250.000015,0.0,89.170074,0.0
70.970838,250.0,0.0,89.570053,0.0
70.977547,249.999985,0.0,89.770035,0.0
70.984608,249.999985,0.0,89.970032,0.0
70.995245,250.000015,0.0,90.170021,0.0
71.002056,250.000015,0.0,90.369995,0.0
71.009377,250.0,0.0,90.569977,0.0
71.018552,250.000015,0.0,90.769974,0.0
71.033599,250.000015,0.0,91.16996,0.0
71.04225,250.0,0.0,91.369934,0.0
71.050421,249.999985,0.0,91.569908,0.0
71.05664,250.000015,0.0,91.769905,0.0
71.067173,250.0,0.0,91.969894,0.0
71.075092,249.999985,0.0,92.169876,0.0
71.082187,249.999985,0.0,92.369873,0.0
71.088048,250.000015,0.0,92.569855,0.0
71.099473,249.999969,0.0,92.769836,0.0
71.113132,250.0,0.0,93.169815,0.0
71.117565,249.999985,0.0,93.369797,0.0
71.133696,249.999969,0.0,93.669769,0.0
71.133696,250.0,0.0,93.869766,0.0
71.151332,250.0,0.0,94.069771,0.0
71.157951,249.999969,0.0,94.269745,0.0
71.167355,250.0,0.0,94.469727,0.0
71.186882,249.999985,0.0,94.969688,0.0
71.193655,250.0,0.0,95.169678,0.0
71.203001,250.000031,0.0,95.369659,0.0
71.207326,250.0,0.0,95.569656,0.0
71.218966,249.999985,0.0,95.769646,0.0
71.222992,250.000031,0.0,95.969635,0.0
71.233718,249.999985,0.0,96.169617,0.0
71.250339,250.0,0.0,96.56955,0.0
71.25774,249.999969,0.0,96.768814,0.0
71.267268,249.999969,0.0,96.966034,0.0
71.275454,249.999985,0.0,97.159866,0.0
71.282643,250.0,0.0,97.348969,0.0
71.287791,250.000015,0.0,97.53196,0.0
71.296773,250.000015,0.0,97.707497,0.0
71.30728,249.999985,0.0,97.874237,0.0
71.315927,250.000031,0.0,98.031677,0.0
71.322323,250.0,0.0,98.181,0.0
71.338114,250.0,0.0,98.460663,0.0
71.344573,249.999985,0.0,98.593727,0.0
71.354504,249.999985,0.0,98.724045,0.0
71.36281,250.0,0.0,98.852051,0.0
71.369778,250.000031,0.0,99.037994,0.0
71.384116,250.000031,0.0,99.155479,0.0
71.401006,250.000031,0.0,99.413116,0.0
71.408441,250.000031,0.0,99.496948,0.0
71.417694,250.0,0.0,99.568237,0.0
71.425404,249.999985,0.0,99.628525,0.0
71.434546,250.0,0.0,99.679657,0.0
71.440686,250.0,0.0,99.72348,0.0
71.451478,250.000031,0.0,99.76178,0.0
71.457592,250.0,0.0,99.812622,0.0
71.470547,250.0,0.0,99.859009,0.0
71.484504,250.000015,0.0,99.913948,0.0
71.501534,250.000015,0.0,99.947296,0.0
71.509671,249.999985,0.0,99.96463,0.0
71.518304,250.0,0.0,99.977722,0.0
71.525758,249.999969,0.0,99.987122,0.0
71.534777,250.0,0.0,99.993408,0.0
71.541632,249.999985,0.0,99.997223,0.0
71.566552,249.999969,0.0,100.0,0.0
71.574572,249.999969,0.0,100.0,0.0
71.582837,249.999969,0.0,100.0,0.0
71.584213,249.999969,0.0,100.0,0.0
71.603312,249.999969,0.0,100.0,0.0
71.609923,249.999969,0.0,100.0,0.0
71.618363,249.999969,0.0,100.0,0.0
71.625814,249.999969,0.0,100.0,0.0
71.63508,249.999969,0.0,100.0,0.0
71.643301,249.999969,0.0,100.0,0.0
71.651458,249.999969,0.0,100.0,0.0
71.655548,249.999969,0.0,100.0,0.0
71.666137,249.999969,0.0,100.0,0.0
71.667145,249.999969,0.0,100.0,0.0
71.682702,249.999969,0.0,100.0,0.0
71.690026,249.999969,0.0,100.0,0.0
71.699625,249.999969,0.0,100.0,0.0
71.701394,249.999969,0.0,100.0,0.0
71.714849,249.999969,0.0,100.0,0.0
71.720387,249.999969,0.0,100.0,0.0
71.735266,249.999969,0.0,100.0,0.0
71.742523,249.999969,0.0,100.0,0.0
71.750309,249.999969,0.0,100.0,0.0
71.758022,249.999969,0.0,100.0,0.0
71.767114,249.999969,0.0,100.0,0.0
71.771391,249.999969,0.0,100.0,0.0
71.807422,249.999969,0.0,100.0,0.0
71.817922,249.999969,0.0,100.0,0.0
71.826769,249.999969,0.0,100.0,0.0
71.834655,249.999969,0.0,100.0,0.0
71.840909,249.999969,0.0,100.0,0.0
71.850483,249.999969,0.0,100.0,0.0
71.867496,250.000168,0.0,99.999802,0.0
71.875712,250.001297,0.0,99.998672,0.0
71.884913,250.006927,0.0,99.993057,0.0
71.90097,250.02681,0.0,99.97316,0.0
71.909056,250.044235,0.0,99.955719,0.0
71.917416,250.067978,0.0,99.932007,0.0
71.925271,250.098267,0.0,99.901703,0.0
71.934979,250.134293,0.0,99.865662,0.0
71.947226,250.196991,0.0,99.802979,0.0
71.953538,250.243118,0.0,99.756828,0.0
71.976242,250.3936,0.0,99.606415,0.0
71.987013,250.448044,0.0,99.551933,0.0
71.993384,250.506454,0.0,99.49353,0.0
72.001218,250.570068,0.0,99.429901,0.0
72.009509,250.640228,0.0,99.359741,0.0
72.017141,250.718262,0.0,99.281738,0.0
72.025934,250.805191,0.0,99.194801,0.0
72.035373,250.900482,0.0,99.099472,0.0
72.055369,251.166992,0.0,98.832947,0.0
72.061514,251.281509,0.0,98.718475,0.0
72.070273,251.398529,0.0,98.601425,0.0
72.077692,251.517273,0.0,98.482697,0.0
72.085863,251.63707,0.0,98.362923,0.0
72.093036,251.758148,0.0,98.241806,0.0
72.107144,251.943283,0.0,98.056709,0.0
72.124578,252.264587,0.0,97.735382,0.0
72.138768,252.465897,0.0,97.534058,0.0
72.14706,252.602921,0.0,97.397049,0.0
72.153437,252.741684,0.0,97.258308,0.0
72.160729,252.881729,0.0,97.118256,0.0
72.174548,253.093246,0.0,96.9067,0.0
72.182403,253.234619,0.0,96.765335,0.0
72.18779,253.376007,0.0,96.623955,0.0
72.206387,253.658752,0.0,96.341217,0.0
72.214048,253.800125,0.0,96.199829,0.0
72.223377,253.941544,0.0,96.058472,0.0
72.22933,254.082886,0.0,95.917084,0.0
72.238967,254.224243,0.0,95.775711,0.0
72.238967,254.365662,0.0,95.634338,0.0
72.252642,254.507004,0.0,95.492943,0.0
72.263138,254.648361,0.0,95.351593,0.0
72.267335,254.789749,0.0,95.210197,0.0
72.280191,254.931137,0.0,95.068832,0.0
72.291791,255.284592,0.0,94.715401,0.0
72.306059,255.425964,0.0,94.574028,0.0
72.306059,255.567307,0.0,94.432648,0.0
72.321602,255.708725,0.0,94.29126,0.0
72.329279,255.850082,0.0,94.149902,0.0
72.33474,255.99144,0.0,94.008514,0.0
72.346481,256.132812,0.0,93.867142,0.0
72.353587,256.274231,0.0,93.725769,0.0
72.375736,256.627625,0.0,93.372322,0.0
72.383821,256.769012,0.0,93.230965,0.0
72.390352,256.9104,0.0,93.089569,0.0
72.399462,257.051758,0.0,92.948204,0.0
72.40714,257.193146,0.0,92.806824,0.0
72.414124,257.334503,0.0,92.665451,0.0
72.41786,257.475891,0.0,92.524078,0.0
72.437851,257.758636,0.0,92.241341,0.0
72.445261,257.900024,0.0,92.099945,0.0
72.453264,258.041443,0.0,91.958572,0.0
72.46766,258.253418,0.0,91.746529,0.0
72.474878,258.465515,0.0,91.534454,0.0
72.487199,258.606903,0.0,91.393066,0.0
72.501016,258.960297,0.0,91.03965,0.0
72.514004,259.101715,0.0,90.898254,0.0
72.521133,259.243103,0.0,90.756882,0.0
72.529838,259.38446,0.0,90.615509,0.0
72.537746,259.525879,0.0,90.474129,0.0
72.545631,259.667206,0.0,90.332764,0.0
72.554387,259.879242,0.0,90.120697,0.0
72.573876,260.162018,0.0,89.837952,0.0
72.582203,260.303406,0.0,89.696564,0.0
72.588095,260.444794,0.0,89.555191,0.0
72.596429,260.586121,0.0,89.413818,0.0
72.607495,260.727509,0.0,89.27243,0.0
72.613665,260.868866,0.0,89.131073,0.0
72.623248,261.010254,0.0,88.989685,0.0
72.629409,261.151642,0.0,88.848312,0.0
72.645608,261.434448,0.0,88.565567,0.0
72.653235,261.575775,0.0,88.424194,0.0
72.660571,261.717163,0.0,88.282806,0.0
72.669003,261.858521,0.0,88.141449,0.0
72.676413,261.999878,0.0,88.000061,0.0
72.686179,262.141266,0.0,87.858688,0.0
72.692648,262.282623,0.0,87.717316,0.0
72.700905,262.424042,0.0,87.575928,0.0
72.717349,262.706818,0.0,87.293182,0.0
72.726714,262.848175,0.0,87.15181,0.0
72.734732,262.989532,0.0,87.010437,0.0
72.741004,263.13092,0.0,86.869049,0.0
72.751395,263.272278,0.0,86.727692,0.0
72.756424,263.484344,0.0,86.515625,0.0
72.770785,263.696411,0.0,86.303558,0.0
72.795857,264.049866,0.0,85.950119,0.0
72.806356,264.261963,0.0,85.738045,0.0
72.807216,264.40329,0.0,85.59668,0.0
72.822585,264.544678,0.0,85.455307,0.0
72.828911,264.686035,0.0,85.313942,0.0
72.837444,264.827423,0.0,85.172546,0.0
72.847504,264.96875,0.0,85.031189,0.0
72.867378,265.322235,0.0,84.677727,0.0
72.879938,265.534332,0.0,84.465668,0.0
72.886354,265.746368,0.0,84.253616,0.0
72.902884,265.958466,0.0,84.04155,0.0
72.903622,266.099823,0.0,83.900169,0.0
72.917795,266.241211,0.0,83.758789,0.0
72.933972,266.523926,0.0,83.476044,0.0
72.940439,266.665314,0.0,83.334671,0.0
72.951432,266.806641,0.0,83.193298,0.0
72.955054,267.018707,0.0,82.981232,0.0
72.97118,267.160126,0.0,82.839859,0.0
72.978199,267.301514,0.0,82.698486,0.0
72.984508,267.442871,0.0,82.557106,0.0
73.001482,267.725616,0.0,82.274353,0.0
73.010755,267.867004,0.0,82.13298,0.0
73.019441,268.008362,0.0,81.991608,0.0
73.023505,268.14975,0.0,81.850235,0.0
73.034676,268.291077,0.0,81.708862,0.0
73.041118,268.432495,0.0,81.567474,0.0
73.050966,268.573853,0.0,81.426117,0.0
73.057033,268.71521,0.0,81.284729,0.0
73.074226,268.997986,0.0,81.001991,0.0
73.082611,269.139374,0.0,80.860596,0.0
73.088068,269.280731,0.0,80.719231,0.0
73.097829,269.422119,0.0,80.57785,0.0
73.106555,269.563507,0.0,80.436478,0.0
73.113979,269.704865,0.0,80.295105,0.0
73.123559,269.916931,0.0,80.083046,0.0
73.140112,270.270386,0.0,79.729599,0.0
73.15432,270.411713,0.0,79.588234,0.0
73.162608,270.553131,0.0,79.446854,0.0
73.168318,270.765167,0.0,79.234787,0.0
73.182856,270.906555,0.0,79.093422,0.0
73.188096,271.047913,0.0,78.952026,0.0
73.198954,271.189301,0.0,78.810669,0.0
73.203534,271.330688,0.0,78.669289,0.0
73.217703,271.613403,0.0,78.386536,0.0
73.230222,271.754822,0.0,78.245163,0.0
73.239032,271.896179,0.0,78.10379,0.0
73.24667,272.037567,0.0,77.962402,0.0
73.252831,272.178986,0.0,77.82103,0.0
73.266231,272.390991,0.0,77.608986,0.0
73.284448,272.744476,0.0,77.255524,0.0
73.294751,272.885803,0.0,77.114166,0.0
73.300776,273.027161,0.0,76.972778,0.0
73.308394,273.168579,0.0,76.831406,0.0
73.317843,273.309937,0.0,76.690033,0.0
73.325571,273.451294,0.0,76.548653,0.0
73.335761,273.592712,0.0,76.407288,0.0
73.342441,273.804718,0.0,76.195213,0.0
73.366337,274.158203,0.0,75.841766,0.0
73.375367,274.29953,0.0,75.700417,0.0
73.38674,274.511627,0.0,75.488342,0.0
73.3892,274.652985,0.0,75.346954,0.0
73.401829,274.794373,0.0,75.205597,0.0
73.409479,275.00647,0.0,74.993523,0.0
73.422675,275.147827,0.0,74.85215,0.0
73.437578,275.430573,0.0,74.569397,0.0
73.446728,275.57193,0.0,74.428024,0.0
73.453425,275.713318,0.0,74.286644,0.0
73.461256,275.854706,0.0,74.145271,0.0
73.47116,275.996094,0.0,74.003899,0.0
73.477574,276.137421,0.0,73.862518,0.0
73.487156,276.278839,0.0,73.721146,0.0
73.501435,276.632263,0.0,73.367706,0.0
73.515838,276.773651,0.0,73.226341,0.0
73.521919,276.914978,0.0,73.084961,0.0
73.530934,277.056366,0.0,72.943581,0.0
73.535685,277.197784,0.0,72.8022,0.0
73.54683,277.339142,0.0,72.660828,0.0
73.555557,277.48053,0.0,72.519463,0.0
73.574889,277.833954,0.0,72.166016,0.0
73.582695,277.975342,0.0,72.024635,0.0
73.584616,278.116699,0.0,71.88327,0.0
73.599544,278.258057,0.0,71.741898,0.0
73.602588,278.399475,0.0,71.600517,0.0
73.616041,278.540833,0.0,71.459129,0.0
73.627286,278.752899,0.0,71.247078,0.0
73.641465,279.106354,0.0,70.893646,0.0
73.654003,279.247711,0.0,70.752266,0.0
73.661857,279.389099,0.0,70.610886,0.0
73.669343,279.530487,0.0,70.469513,0.0
73.677397,279.671844,0.0,70.328133,0.0
73.686013,279.813232,0.0,70.186768,0.0
73.693113,279.954559,0.0,70.045387,0.0
73.702887,280.095978,0.0,69.904015,0.0
73.717962,280.378754,0.0,69.621262,0.0
73.72523,280.520081,0.0,69.479889,0.0
73.734963,280.661469,0.0,69.338509,0.0
73.740742,280.802856,0.0,69.197144,0.0
73.750834,280.944214,0.0,69.055756,0.0
73.757846,281.15625,0.0,68.843697,0.0
73.769667,281.368317,0.0,68.631638,0.0
73.782815,281.509735,0.0,68.490257,0.0
73.790977,281.651093,0.0,68.348877,0.0
73.807967,282.004547,0.0,67.995445,0.0
73.819004,282.216583,0.0,67.783379,0.0
73.829648,282.357971,0.0,67.642006,0.0
73.838059,282.499359,0.0,67.500626,0.0
73.84542,282.640717,0.0,67.359253,0.0
73.853299,282.782104,0.0,67.21788,0.0
73.867456,282.994141,0.0,67.005814,0.0
73.868304,283.135529,0.0,66.864441,0.0
73.891086,283.488953,0.0,66.511009,0.0
73.906373,283.63031,0.0,66.369621,0.0
73.916058,283.842407,0.0,66.15757,0.0
73.927182,284.054474,0.0,65.945503,0.0
73.934927,284.195831,0.0,65.804131,0.0
73.950806,284.478607,0.0,65.52137,0.0
73.951385,284.619995,0.0,65.379997,0.0
73.966751,284.761353,0.0,65.238625,0.0
73.972558,284.90274,0.0,65.097244,0.0
73.98294,285.044098,0.0,64.955864,0.0
73.990809,285.185486,0.0,64.814491,0.0
73.997645,285.326874,0.0,64.673119,0.0
74.013735,285.609619,0.0,64.390366,0.0
74.020836,285.750977,0.0,64.248993,0.0
74.02887,285.892395,0.0,64.10762,0.0
74.038052,286.033752,0.0,63.966251,0.0
74.044688,286.17511,0.0,63.824871,0.0
74.052207,286.316467,0.0,63.683495,0.0
74.063244,286.457855,0.0,63.54211,0.0
74.076734,286.740601,0.0,63.259369,0.0
74.086221,286.881989,0.0,63.117989,0.0
74.095755,287.023376,0.0,62.976612,0.0
74.102488,287.164734,0.0,62.835247,0.0
74.10756,287.306122,0.0,62.693859,0.0
74.118295,287.447479,0.0,62.552494,0.0
74.123647,287.588867,0.0,62.411121,0.0
74.134941,287.730255,0.0,62.269737,0.0
74.139697,287.871613,0.0,62.128361,0.0
74.149865,288.013,0.0,61.986988,0.0
74.157417,288.154327,0.0,61.845619,0.0
74.166937,288.295746,0.0,61.704239,0.0
74.175144,288.437134,0.0,61.562866,0.0
74.189355,288.719879,0.0,61.280106,0.0
74.19962,288.861237,0.0,61.138737,0.0
74.207581,289.073303,0.0,60.926666,0.0
74.217944,289.214691,0.0,60.785294,0.0
74.226867,289.356018,0.0,60.643925,0.0
74.234523,289.497467,0.0,60.502544,0.0
74.241018,289.638824,0.0,60.361176,0.0
74.250985,289.780182,0.0,60.219791,0.0
74.267076,290.062927,0.0,59.937042,0.0
74.272766,290.204285,0.0,59.795681,0.0
74.282802,290.345703,0.0,59.654293,0.0
74.289748,290.487091,0.0,59.512909,0.0
74.289748,290.628448,0.0,59.371529,0.0
74.307425,290.769775,0.0,59.230171,0.0
74.313956,290.911194,0.0,59.088795,0.0
74.324092,291.12326,0.0,58.876728,0.0
74.341389,291.476685,0.0,58.523285,0.0
74.353922,291.618073,0.0,58.381912,0.0
74.36334,291.75943,0.0,58.240532,0.0
74.368834,291.971527,0.0,58.028465,0.0
74.386184,292.183563,0.0,57.816406,0.0
74.393878,292.324951,0.0,57.675041,0.0
74.400952,292.466309,0.0,57.533649,0.0
74.418874,292.749084,0.0,57.250923,0.0
74.424246,292.890442,0.0,57.109539,0.0
74.434351,293.03186,0.0,56.968155,0.0
74.439827,293.173187,0.0,56.826786,0.0
74.451423,293.314606,0.0,56.685413,0.0
74.451423,293.455963,0.0,56.544037,0.0
74.467242,293.597321,0.0,56.40266,0.0
74.475029,293.809387,0.0,56.190605,0.0
74.486307,293.950775,0.0,56.049229,0.0
74.486307,294.092133,0.0,55.907841,0.0
74.50869,294.374878,0.0,55.625099,0.0
74.517475,294.516235,0.0,55.483727,0.0
74.524988,294.657654,0.0,55.342335,0.0
74.534566,294.798981,0.0,55.200977,0.0
74.541358,294.940399,0.0,55.059582,0.0
74.551398,295.081757,0.0,54.918213,0.0
74.557073,295.223114,0.0,54.776848,0.0
74.567749,295.364532,0.0,54.635471,0.0
74.583683,295.647278,0.0,54.352715,0.0
74.589477,295.788635,0.0,54.21133,0.0
74.599658,295.930054,0.0,54.06995,0.0
74.606559,296.14209,0.0,53.857903,0.0
74.619613,296.283417,0.0,53.71653,0.0
74.622562,296.424835,0.0,53.575153,0.0
74.63471,296.566223,0.0,53.433777,0.0
74.653845,296.919617,0.0,53.080341,0.0
74.667393,297.131744,0.0,52.868271,0.0
74.673253,297.273102,0.0,52.726898,0.0
74.68306,297.414459,0.0,52.585526,0.0
74.690871,297.555847,0.0,52.444153,0.0
74.697122,297.697205,0.0,52.302773,0.0
74.705359,297.838593,0.0,52.161392,0.0
74.721646,298.121307,0.0,51.878654,0.0
74.72906,298.262726,0.0,51.737274,0.0
74.736963,298.404083,0.0,51.59589,0.0
74.745643,298.545502,0.0,51.454506,0.0
74.753724,298.686829,0.0,51.313137,0.0
74.761091,298.828217,0.0,51.171772,0.0
74.774873,299.040283,0.0,50.959705,0.0
74.789345,299.322998,0.0,50.676964,0.0
74.796811,299.464447,0.0,50.535572,0.0
74.805501,299.605774,0.0,50.394203,0.0
74.81314,299.747162,0.0,50.252831,0.0
74.82168,299.888519,0.0,50.111454,0.0
74.829479,300.029877,0.0,49.970089,0.0
74.837162,300.171265,0.0,49.828712,0.0
74.845419,300.312653,0.0,49.687332,0.0
74.85385,300.454041,0.0,49.545956,0.0
74.868864,300.736786,0.0,49.263191,0.0
74.876494,300.878143,0.0,49.12183,0.0
74.885744,301.019531,0.0,48.980457,0.0
74.8934,301.160919,0.0,48.839073,0.0
74.90199,301.302277,0.0,48.697697,0.0
74.908501,301.443695,0.0,48.556313,0.0
74.917267,301.585083,0.0,48.414944,0.0
74.93384,301.867798,0.0,48.132195,0.0
74.940647,302.009155,0.0,47.990822,0.0
74.95067,302.150543,0.0,47.849442,0.0
74.957082,302.291931,0.0,47.708061,0.0
74.970927,302.503967,0.0,47.496002,0.0
74.97292,302.645355,0.0,47.354622,0.0
74.986778,302.786743,0.0,47.213268,0.0
75.000642,303.069489,0.0,46.930508,0.0
75.009632,303.210876,0.0,46.789127,0.0
75.019138,303.352203,0.0,46.647766,0.0
75.023986,303.493622,0.0,46.50639,0.0
75.03459,303.634979,0.0,46.364998,0.0
75.041655,303.776337,0.0,46.223637,0.0
75.051231,303.917725,0.0,46.082256,0.0
75.056627,304.059113,0.0,45.94088,0.0
75.067251,304.20047,0.0,45.799503,0.0
75.082961,304.483246,0.0,45.516754,0.0
75.089707,304.624603,0.0,45.375385,0.0
75.0995,304.765991,0.0,45.234005,0.0
75.106228,304.907349,0.0,45.092628,0.0
75.113269,305.048737,0.0,44.951241,0.0
75.120613,305.190125,0.0,44.809883,0.0
75.129242,305.331482,0.0,44.668495,0.0
75.145458,305.614227,0.0,44.385738,0.0
75.152982,305.755615,0.0,44.244381,0.0
75.161501,305.897003,0.0,44.102997,0.0
75.169836,306.109009,0.0,43.890945,0.0
75.18141,306.250397,0.0,43.749557,0.0
75.189653,306.391815,0.0,43.608189,0.0
75.189653,306.533173,0.0,43.466808,0.0
75.206615,306.674561,0.0,43.325436,0.0
75.213423,306.815918,0.0,43.184059,0.0
75.217688,306.957306,0.0,43.042686,0.0
75.22965,307.098694,0.0,42.901299,0.0
75.234761,307.240051,0.0,42.75993,0.0
75.254032,307.522766,0.0,42.477188,0.0
75.260539,307.664185,0.0,42.335796,0.0
75.269711,307.876251,0.0,42.123741,0.0
75.282871,308.017609,0.0,41.982368,0.0
75.284399,308.158997,0.0,41.840996,0.0
75.297188,308.300385,0.0,41.699612,0.0
75.306597,308.441742,0.0,41.558243,0.0
75.313371,308.583099,0.0,41.416874,0.0
75.328943,308.865845,0.0,41.134117,0.0
75.336907,309.007263,0.0,40.992737,0.0
75.345023,309.148651,0.0,40.85136,0.0
75.355315,309.290009,0.0,40.709995,0.0
75.361082,309.431366,0.0,40.568607,0.0
75.369678,309.643433,0.0,40.356552,0.0
75.382997,309.784821,0.0,40.215168,0.0
75.399981,310.067535,0.0,39.932434,0.0
75.407425,310.208954,0.0,39.791039,0.0
75.413578,310.350311,0.0,39.649673,0.0
75.420753,310.491699,0.0,39.508305,0.0
75.429623,310.633057,0.0,39.36692,0.0
75.437657,310.774445,0.0,39.225544,0.0
75.444511,310.915802,0.0,39.084175,0.0
75.454102,311.05719,0.0,38.942802,0.0
75.469626,311.339935,0.0,38.660038,0.0
75.478178,311.481323,0.0,38.518677,0.0
75.485945,311.622681,0.0,38.377296,0.0
75.493801,311.764069,0.0,38.235928,0.0
75.501731,311.905426,0.0,38.094543,0.0
75.508547,312.046814,0.0,37.953178,0.0
75.517636,312.25885,0.0,37.741108,0.0
75.529073,312.400269,0.0,37.599728,0.0
75.551044,312.753662,0.0,37.2463,0.0
75.557981,312.89505,0.0,37.104919,0.0
75.566711,313.036469,0.0,36.963528,0.0
75.569658,313.177826,0.0,36.822159,0.0
75.58312,313.319183,0.0,36.680801,0.0
75.589695,313.460571,0.0,36.53941,0.0
75.601594,313.601959,0.0,36.398048,0.0
75.611896,313.814026,0.0,36.185974,0.0
75.631635,314.16745,0.0,35.832542,0.0
75.638473,314.308838,0.0,35.691162,0.0
75.638473,314.450165,0.0,35.549801,0.0
75.652757,314.591553,0.0,35.408417,0.0
75.662963,314.732971,0.0,35.267029,0.0
75.668022,314.874329,0.0,35.125648,0.0
75.67663,315.015717,0.0,34.984283,0.0
75.686269,315.157074,0.0,34.842918,0.0
75.70158,315.439819,0.0,34.56015,0.0
75.709264,315.581238,0.0,34.418774,0.0
75.719092,315.722565,0.0,34.27742,0.0
75.727307,315.863953,0.0,34.136044,0.0
75.734555,316.00531,0.0,33.994663,0.0
75.741371,316.146698,0.0,33.853271,0.0
75.750649,316.288086,0.0,33.711903,0.0
75.766222,316.570831,0.0,33.429169,0.0
75.773325,316.71225,0.0,33.287769,0.0
75.784199,316.853577,0.0,33.146408,0.0
75.795587,317.065643,0.0,32.934349,0.0
75.802763,317.207031,0.0,32.792965,0.0
75.80902,317.348389,0.0,32.651596,0.0
75.817868,317.489777,0.0,32.510208,0.0
75.838161,317.843231,0.0,32.156773,0.0
75.845943,317.984558,0.0,32.0154,0.0
75.854314,318.125977,0.0,31.874023,0.0
75.86102,318.267334,0.0,31.732653,0.0
75.869561,318.408722,0.0,31.59127,0.0
75.878059,318.550079,0.0,31.4499,0.0
75.886652,318.691437,0.0,31.308525,0.0
75.903253,318.974182,0.0,31.025778,0.0
75.907948,319.115631,0.0,30.884398,0.0
75.919649,319.256927,0.0,30.743029,0.0
75.923686,319.398376,0.0,30.601637,0.0
75.935542,319.539734,0.0,30.46027,0.0
75.941161,319.75177,0.0,30.248203,0.0
75.953581,319.893158,0.0,30.106813,0.0
75.96149,320.034546,0.0,29.96545,0.0
75.969151,320.246613,0.0,29.75338,0.0
75.991009,320.600037,0.0,29.39995,0.0
76.00209,320.812073,0.0,29.187902,0.0
76.01493,320.953461,0.0,29.046522,0.0
76.021746,321.165497,0.0,28.834463,0.0
76.039422,321.377594,0.0,28.622387,0.0
76.050833,321.58963,0.0,28.410332,0.0
76.057805,321.731018,0.0,28.268965,0.0
76.07881,322.084473,0.0,27.915504,0.0
76.087018,322.225861,0.0,27.774141,0.0
76.094589,322.367218,0.0,27.632759,0.0
76.102862,322.508606,0.0,27.491386,0.0
76.107131,322.649994,0.0,27.350006,0.0
76.118442,322.791351,0.0,27.20863,0.0
76.126283,322.932739,0.0,27.067257,0.0
76.134387,323.074097,0.0,26.92589,0.0
76.151983,323.356873,0.0,26.643139,0.0
76.159923,323.568878,0.0,26.431063,0.0
76.171625,323.780945,0.0,26.219013,0.0
76.182656,323.922394,0.0,26.077614,0.0
76.18714,324.063751,0.0,25.936253,0.0
76.199806,324.205109,0.0,25.794874,0.0
76.214525,324.487854,0.0,25.512131,0.0
76.217986,324.629211,0.0,25.370773,0.0
76.230345,324.770599,0.0,25.229389,0.0
76.237952,324.911987,0.0,25.088007,0.0
76.245492,325.053345,0.0,24.946632,0.0
76.254611,325.194733,0.0,24.805252,0.0
76.266593,325.40683,0.0,24.59318,0.0
76.287527,325.760223,0.0,24.239758,0.0
76.295095,325.901581,0.0,24.098383,0.0
76.302584,326.042999,0.0,23.95701,0.0
76.312061,326.184357,0.0,23.815628,0.0
76.317668,326.325745,0.0,23.674255,0.0
76.32613,326.467133,0.0,23.532881,0.0
76.335563,326.608521,0.0,23.391481,0.0
76.353754,327.032623,0.0,22.967379,0.0
76.367226,327.174011,0.0,22.825993,0.0
76.375595,327.315369,0.0,22.684624,0.0
76.386974,327.527435,0.0,22.472559,0.0
76.394693,327.668823,0.0,22.331196,0.0
76.402699,327.880859,0.0,22.11912,0.0
76.414839,328.022247,0.0,21.977755,0.0
76.423235,328.163635,0.0,21.836363,0.0
76.437897,328.446381,0.0,21.553627,0.0
76.445851,328.587738,0.0,21.412247,0.0
76.454271,328.729126,0.0,21.270868,0.0
76.460841,328.870483,0.0,21.129486,0.0
76.469799,329.011841,0.0,20.988129,0.0
76.477596,329.153229,0.0,20.846746,0.0
76.486925,329.294617,0.0,20.705395,0.0
76.503419,329.577362,0.0,20.422628,0.0
76.508512,329.71875,0.0,20.281227,0.0
76.518831,329.860168,0.0,20.139854,0.0
76.523877,330.001526,0.0,19.998476,0.0
76.53565,330.142883,0.0,19.857122,0.0
76.543509,330.284241,0.0,19.71575,0.0
76.551166,330.425659,0.0,19.57436,0.0
76.557923,330.567017,0.0,19.432983,0.0
76.574097,330.849762,0.0,19.150225,0.0
76.584212,330.991119,0.0,19.00886,0.0
76.590268,331.203156,0.0,18.796812,0.0
76.601963,331.415253,0.0,18.584743,0.0
76.615254,331.556641,0.0,18.443369,0.0
76.619432,331.697998,0.0,18.301983,0.0
76.630166,331.839386,0.0,18.160614,0.0
76.640235,332.122131,0.0,17.877865,0.0
76.654245,332.263519,0.0,17.736488,0.0
76.661879,332.404846,0.0,17.595116,0.0
76.66854,332.546265,0.0,17.453733,0.0
76.676924,332.687653,0.0,17.312365,0.0
76.687231,332.82901,0.0,17.170984,0.0
76.693201,332.970398,0.0,17.029594,0.0
76.701085,333.111755,0.0,16.888235,0.0
76.718065,333.394531,0.0,16.605482,0.0
76.726142,333.606567,0.0,16.393429,0.0
76.738303,333.747955,0.0,16.252048,0.0
76.747703,333.889343,0.0,16.110672,0.0
76.753837,334.030701,0.0,15.969295,0.0
76.761104,334.172089,0.0,15.827904,0.0
76.769644,334.384155,0.0,15.615861,0.0
76.790682,334.666901,0.0,15.333097,0.0
76.803161,334.878967,0.0,15.121037,0.0
76.807704,335.020325,0.0,14.979653,0.0
76.818772,335.161713,0.0,14.838284,0.0
76.827142,335.30307,0.0,14.696912,0.0
76.835058,335.444458,0.0,14.555536,0.0
76.840246,335.656525,0.0,14.343475,0.0
76.854098,335.797943,0.0,14.20209,0.0
76.860882,335.93927,0.0,14.060729,0.0
76.877282,336.222015,0.0,13.777978,0.0
76.887925,336.363403,0.0,13.636597,0.0
76.895072,336.504791,0.0,13.495212,0.0
76.902991,336.646118,0.0,13.353859,0.0
76.908874,336.787506,0.0,13.212484,0.0
76.919134,336.928894,0.0,13.071089,0.0
76.925773,337.140961,0.0,12.859032,0.0
76.937965,337.282318,0.0,12.717663,0.0
76.947245,337.423706,0.0,12.57628,0.0
76.961044,337.706482,0.0,12.29353,0.0
76.969904,337.84787,0.0,12.152144,0.0
76.97777,337.989227,0.0,12.010782,0.0
76.986662,338.130585,0.0,11.869389,0.0
76.993203,338.271973,0.0,11.728036,0.0
77.003531,338.41333,0.0,11.586653,0.0
77.008013,338.554718,0.0,11.445266,0.0
77.018103,338.696106,0.0,11.303891,0.0
77.028054,338.837463,0.0,11.162533,0.0
77.041594,339.190918,0.0,10.809088,0.0
77.059958,339.403015,0.0,10.597015,0.0
77.068395,339.544342,0.0,10.455654,0.0
77.07335,339.756409,0.0,10.243575,0.0
77.086893,339.897797,0.0,10.10223,0.0
77.093563,340.039154,0.0,9.960844,0.0
77.101581,340.180542,0.0,9.819453,0.0
77.110195,340.321899,0.0,9.678086,0.0
77.126389,340.675354,0.0,9.324638,0.0
77.139264,340.887421,0.0,9.11258,0.0
77.154953,341.099487,0.0,8.900522,0.0
77.16835,341.311554,0.0,8.688453,0.0
77.179089,341.523621,0.0,8.476375,0.0
77.188149,341.664978,0.0,8.335011,0.0
77.206981,342.018433,0.0,7.981586,0.0
77.214681,342.15979,0.0,7.840207,0.0
77.22177,342.301178,0.0,7.698832,0.0
77.229121,342.442535,0.0,7.557453,0.0
77.238083,342.583923,0.0,7.416087,0.0
77.245667,342.725311,0.0,7.274697,0.0
77.254032,342.866669,0.0,7.133333,0.0
77.270227,343.149384,0.0,6.85058,0.0
77.276994,343.290802,0.0,6.709199,0.0
77.285248,343.432159,0.0,6.567816,0.0
77.295507,343.573547,0.0,6.426454,0.0
77.303203,343.785614,0.0,6.214395,0.0
77.313768,343.927002,0.0,6.073012,0.0
77.32132,344.068359,0.0,5.931626,0.0
77.346745,344.351105,0.0,5.648886,0.0
77.356922,344.63385,0.0,5.366136,0.0
77.367694,344.845917,0.0,5.15407,0.0
77.375054,344.987305,0.0,5.012689,0.0
77.387063,345.199371,0.0,4.800633,0.0
77.401637,345.552795,0.0,4.447198,0.0
77.415086,345.694183,0.0,4.305811,0.0
77.417949,345.835571,0.0,4.16443,0.0
77.431809,345.976929,0.0,4.023074,0.0
77.43877,346.118317,0.0,3.881683,0.0
77.44181,346.259674,0.0,3.740308,0.0
77.454758,346.401062,0.0,3.598935,0.0
77.470145,346.683807,0.0,3.316199,0.0
77.477589,346.825165,0.0,3.174822,0.0
77.487764,346.966553,0.0,3.033442,0.0
77.492466,347.107941,0.0,2.892063,0.0
77.502858,347.249298,0.0,2.750684,0.0
77.511568,347.390686,0.0,2.609326,0.0
77.519431,347.532043,0.0,2.467945,0.0
77.525555,347.673035,0.0,2.326972,0.0
77.535091,347.812744,0.0,2.187264,0.0
77.552048,348.084747,0.0,1.915278,0.0
77.557392,348.278687,0.0,1.721322,0.0
77.57121,348.460541,0.0,1.539467,0.0
77.584262,348.573853,0.0,1.426142,0.0
77.588371,348.733002,0.0,1.266975,0.0
77.602221,348.882019,0.0,1.117986,0.0
77.615211,348.977173,0.0,1.022848,0.0
77.618146,349.070007,0.0,0.929982,0.0
77.629364,349.161011,0.0,0.838968,0.0
77.645607,349.335663,0.0,0.664354,0.0
77.653587,349.417328,0.0,0.582656,0.0
77.661929,349.493591,0.0,0.506383,0.0
77.670389,349.563293,0.0,0.436679,0.0
77.677531,349.625122,0.0,0.374869,0.0
77.684862,349.678192,0.0,0.32178,0.0
77.69432,349.723328,0.0,0.276636,0.0
77.701548,349.761749,0.0,0.238267,0.0
77.71817,349.823151,0.0,0.176839,0.0
77.727038,349.848602,0.0,0.151408,0.0
77.734328,349.871826,0.0,0.128174,0.0
77.741073,349.893646,0.0,0.10636,0.0
77.751005,349.914246,0.0,0.085765,0.0
77.759944,349.941956,0.0,0.058053,0.0
77.770889,349.964661,0.0,0.035353,0.0
77.786913,349.981018,0.0,0.018967,0.0
77.791213,349.988495,0.0,0.011497,0.0
77.807812,349.99704,0.0,0.002968,0.0
77.818068,349.998932,0.0,0.001089,0.0
77.825666,349.999756,0.0,0.000231,0.0
77.834251,350.0,0.0,-8e-06,0.0
77.84348,350.0,0.0,-8e-06,0.0
77.8515,350.0,0.0,-8e-06,0.0
77.857631,350.0,0.0,-8e-06,0.0
77.866436,350.0,0.0,-8e-06,0.0
77.874615,350.0,0.0,-8e-06,0.0
77.887061,350.0,0.0,-8e-06,0.0
77.8901,350.0,0.0,-8e-06,0.0
77.901555,350.0,0.0,-8e-06,0.0
77.909135,350.0,0.0,-8e-06,0.0
77.918215,350.0,0.0,-8e-06,0.0
77.927358,350.0,0.0,-8e-06,0.0
77.934655,350.0,0.0,-8e-06,0.0
77.940951,350.0,0.0,-8e-06,0.0
77.950888,350.0,0.0,-8e-06,0.0
77.95687,350.0,0.0,-8e-06,0.0
77.967557,350.0,0.0,-8e-06,0.0
77.968184,350.0,0.0,-8e-06,0.0
77.983409,350.0,0.0,-8e-06,0.0
77.990569,350.0,0.0,-8e-06,0.0
77.996977,350.0,0.0,-8e-06,0.0
78.008087,350.0,0.0,-8e-06,0.0
78.018478,350.0,0.0,-8e-06,0.0
78.028454,350.0,0.0,-8e-06,0.0
78.036839,350.0,0.0,-8e-06,0.0
78.090941,350.0,0.0,-8e-06,0.0
78.099887,350.0,0.0,-8e-06,0.0
78.107355,350.0,0.0,-8e-06,0.0
78.11387,350.0,0.0,-8e-06,0.0
78.118072,350.0,0.0,-8e-06,0.0
78.140321,350.0,0.0,0.000283,0.0
78.151377,350.0,0.0,0.003599,0.0
78.167457,350.0,0.0,0.020811,0.0
78.175127,350.0,0.0,0.037965,0.0
78.181049,350.0,0.0,0.062625,0.0
78.191014,350.0,0.0,0.096177,0.0
78.197972,350.0,0.0,0.139029,0.0
78.207169,350.0,0.0,0.190019,0.0
78.213299,350.0,0.0,0.247748,0.0
78.218524,350.0,0.0,0.343969,0.0
78.235437,350.0,0.0,0.412585,0.0
78.240151,350.0,0.0,0.483418,0.0
78.263176,349.999969,0.0,0.674339,0.0
78.268411,349.999969,0.0,0.760421,0.0
78.277278,350.0,0.0,0.854806,0.0
78.284711,350.0,0.0,0.959364,0.0
78.293194,349.999969,0.0,1.075935,0.0
78.301325,350.0,0.0,1.205076,0.0
78.309248,350.0,0.0,1.34517,0.0
78.31809,350.0,0.0,1.494399,0.0
78.334319,350.0,0.0,1.812803,0.0
78.342194,350.0,0.0,1.978394,0.0
78.351186,350.000031,0.0,2.146326,0.0
78.357239,350.0,0.0,2.315779,0.0
78.368145,350.0,0.0,2.487094,0.0
78.373717,350.0,0.0,2.748955,0.0
78.385728,350.0,0.0,2.927688,0.0
78.40155,350.000031,0.0,3.2975,0.0
78.409691,350.0,0.0,3.488249,0.0
78.418096,350.0,0.0,3.682076,0.0
78.425369,350.0,0.0,3.878364,0.0
78.435794,350.0,0.0,4.076465,0.0
78.440842,350.0,0.0,4.375709,0.0
78.454531,350.0,0.0,4.575684,0.0
78.46946,350.0,0.0,4.975653,0.0
78.477941,350.0,0.0,5.175647,0.0
78.486281,350.0,0.0,5.375633,0.0
78.494194,349.999969,0.0,5.57563,0.0
78.501594,350.0,0.0,5.775599,0.0
78.509569,350.0,0.0,5.975586,0.0
78.518446,350.0,0.0,6.175569,0.0
78.526306,350.0,0.0,6.375562,0.0
78.545517,350.0,0.0,6.875526,0.0
78.555095,350.0,0.0,7.075517,0.0
78.557677,350.0,0.0,7.27549,0.0
78.569059,350.0,0.0,7.57548,0.0
78.583443,350.0,0.0,7.775459,0.0
78.591377,350.0,0.0,7.975455,0.0
78.597317,350.0,0.0,8.175443,0.0
78.607518,350.0,0.0,8.375424,0.0
78.622446,350.0,0.0,8.775399,0.0
78.628901,350.0,0.0,8.975394,0.0
78.63819,350.0,0.0,9.175383,0.0
78.647177,349.999969,0.0,9.375377,0.0
78.653769,350.0,0.0,9.575343,0.0
78.660997,349.999969,0.0,9.775348,0.0
78.671186,350.0,0.0,9.975315,0.0
78.67795,350.0,0.0,10.17531,0.0
78.694443,349.999969,0.0,10.575285,0.0
78.701627,350.000031,0.0,10.775264,0.0
78.709202,350.0,0.0,10.975252,0.0
78.718041,350.0,0.0,11.175236,0.0
78.726791,350.0,0.0,11.375226,0.0
78.73585,350.0,0.0,11.575203,0.0
78.754565,350.0,0.0,12.075183,0.0
78.762137,350.0,0.0,12.275174,0.0
78.770568,350.0,0.0,12.575143,0.0
78.783312,350.0,0.0,12.775135,0.0
78.790674,350.0,0.0,12.975122,0.0
78.797689,349.999969,0.0,13.175119,0.0
78.813501,350.0,0.0,13.575078,0.0
78.817537,350.0,0.0,13.775079,0.0
78.829739,349.999969,0.0,13.975061,0.0
78.837544,350.0,0.0,14.175031,0.0
78.84578,350.0,0.0,14.375039,0.0
78.853475,350.0,0.0,14.575007,0.0
78.867844,349.999969,0.0,14.87501,0.0
78.883379,350.0,0.0,15.274979,0.0
78.894942,350.0,0.0,15.574954,0.0
78.907414,350.0,0.0,15.874927,0.0
78.914011,349.999969,0.0,16.074926,0.0
78.922006,350.0,0.0,16.274904,0.0
78.92954,350.0,0.0,16.474899,0.0
78.938122,350.0,0.0,16.674875,0.0
78.956582,349.999969,0.0,17.074867,0.0
78.96993,349.999969,0.0,17.474825,0.0
78.979342,350.000031,0.0,17.674797,0.0
78.991225,350.0,0.0,17.974798,0.0
78.994327,350.0,0.0,18.174778,0.0
79.007712,349.999969,0.0,18.374779,0.0
79.013634,350.000031,0.0,18.574753,0.0
79.035339,350.0,0.0,19.074724,0.0
79.041987,350.0,0.0,19.374699,0.0
79.053737,349.999969,0.0,19.574699,0.0
79.061992,350.0,0.0,19.774675,0.0
79.068772,350.0,0.0,19.974659,0.0
79.07833,350.0,0.0,20.174648,0.0
79.084954,350.0,0.0,20.374628,0.0
79.101795,350.0,0.0,20.774599,0.0
79.109729,350.0,0.0,20.974596,0.0
79.118428,350.0,0.0,21.17458,0.0
79.126851,350.0,0.0,21.374571,0.0
79.135263,350.0,0.0,21.574562,0.0
79.141238,350.0,0.0,21.874537,0.0
79.15428,350.0,0.0,22.074526,0.0
79.169843,350.0,0.0,22.574488,0.0
79.183527,350.0,0.0,22.774481,0.0
79.195801,350.0,0.0,23.074457,0.0
79.204135,350.0,0.0,23.274446,0.0
79.208224,350.0,0.0,23.474426,0.0
79.219897,350.0,0.0,23.774408,0.0
79.231156,350.0,0.0,23.974388,0.0
79.237919,349.999969,0.0,24.174397,0.0
79.252879,350.0,0.0,24.574354,0.0
79.261007,350.0,0.0,24.774347,0.0
79.271633,349.999969,0.0,24.974331,0.0
79.277635,350.0,0.0,25.174309,0.0
79.286403,350.0,0.0,25.37431,0.0
79.294995,350.0,0.0,25.574286,0.0
79.301758,350.0,0.0,25.774286,0.0
79.318611,349.999969,0.0,26.174255,0.0
79.326871,350.0,0.0,26.374241,0.0
79.335777,350.0,0.0,26.574226,0.0
79.339816,350.0,0.0,26.774214,0.0
79.351369,350.0,0.0,26.974192,0.0
79.356589,349.999969,0.0,27.174192,0.0
79.366678,350.0,0.0,27.374172,0.0
79.368038,350.0,0.0,27.57415,0.0
79.39539,350.0,0.0,28.074114,0.0
79.401365,350.0,0.0,28.274115,0.0
79.410324,350.0,0.0,28.474106,0.0
79.419895,350.0,0.0,28.674095,0.0
79.423895,350.0,0.0,28.874067,0.0
79.435008,350.000031,0.0,29.074047,0.0
79.440135,350.0,0.0,29.274042,0.0
79.451051,349.999969,0.0,29.474033,0.0
79.467796,350.0,0.0,29.873995,0.0
79.475961,349.999969,0.0,30.174,0.0
79.486304,350.0,0.0,30.473969,0.0
79.500046,349.999969,0.0,30.673958,0.0
79.507897,350.0,0.0,30.973925,0.0
79.518192,350.0,0.0,31.173922,0.0
79.534731,350.0,0.0,31.5739,0.0
79.543179,350.0,0.0,31.773876,0.0
79.551112,350.0,0.0,31.973866,0.0
79.557377,350.0,0.0,32.173851,0.0
79.568125,350.0,0.0,32.373837,0.0
79.57233,350.0,0.0,32.57383,0.0
79.584785,349.999969,0.0,32.873817,0.0
79.595278,350.0,0.0,33.073799,0.0
79.607785,349.999969,0.0,33.573769,0.0
79.623151,350.0,0.0,33.773743,0.0
79.629973,350.0,0.0,33.973736,0.0
79.635052,350.0,0.0,34.173733,0.0
79.646501,350.0,0.0,34.373703,0.0
79.654036,350.0,0.0,34.573696,0.0
79.667659,350.0,0.0,34.873672,0.0
79.68591,350.0,0.0,35.373646,0.0
79.693253,350.0,0.0,35.573627,0.0
79.703593,350.000031,0.0,35.773605,0.0
79.709746,350.000031,0.0,35.973591,0.0
79.718532,350.000031,0.0,36.17358,0.0
79.726563,350.000031,0.0,36.373562,0.0
79.735171,350.0,0.0,36.573563,0.0
79.75479,350.0,0.0,37.073528,0.0
79.761706,349.999969,0.0,37.273529,0.0
79.77091,350.0,0.0,37.573498,0.0
79.787579,350.0,0.0,37.873478,0.0
79.7947,350.0,0.0,38.073452,0.0
79.801808,350.0,0.0,38.273457,0.0
79.801808,350.0,0.0,38.473438,0.0
79.818513,350.0,0.0,38.673409,0.0
79.838737,350.0,0.0,39.173382,0.0
79.846487,350.0,0.0,39.373375,0.0
79.851032,350.0,0.0,39.57336,0.0
79.860912,350.0,0.0,39.773335,0.0
79.870388,350.0,0.0,39.973331,0.0
79.877212,350.0,0.0,40.173317,0.0
79.887266,350.0,0.0,40.373302,0.0
79.901772,350.0,0.0,40.773277,0.0
79.910663,350.0,0.0,40.973259,0.0
79.918725,350.000031,0.0,41.173248,0.0
79.927095,350.0,0.0,41.373241,0.0
79.936162,350.0,0.0,41.573227,0.0
79.941387,350.0,0.0,41.773216,0.0
79.951766,350.0,0.0,41.973198,0.0
79.957252,350.000031,0.0,42.17318,0.0
79.967853,349.999969,0.0,42.373188,0.0
79.968757,350.0,0.0,42.573166,0.0
79.985017,349.999969,0.0,42.873146,0.0
80.003995,350.0,0.0,43.273117,0.0
80.009967,350.0,0.0,43.473091,0.0
80.018667,350.0,0.0,43.673092,0.0
80.02712,350.000031,0.0,43.873066,0.0
80.03565,349.999969,0.0,44.073071,0.0
80.042319,350.0,0.0,44.273048,0.0
80.051245,350.000031,0.0,44.47303,0.0
80.068038,350.0,0.0,44.873016,0.0
80.074866,350.000031,0.0,45.172981,0.0
80.087957,350.0,0.0,45.472965,0.0
80.098307,350.0,0.0,45.672966,0.0
80.107092,350.0,0.0,45.872936,0.0
80.113023,350.000031,0.0,46.072922,0.0
80.122943,350.0,0.0,46.272919,0.0
80.137738,350.000031,0.0,46.672886,0.0
80.145438,350.000031,0.0,46.872868,0.0
80.155611,350.0,0.0,47.072865,0.0
80.16787,350.0,0.0,47.372837,0.0
80.173896,350.0,0.0,47.572823,0.0
80.18355,350.0,0.0,47.772823,0.0
80.18802,350.0,0.0,47.972816,0.0
80.199365,350.0,0.0,48.172791,0.0
80.213788,350.0,0.0,48.572769,0.0
80.222269,350.0,0.0,48.872746,0.0
80.235396,350.0,0.0,49.072731,0.0
80.242421,350.0,0.0,49.272724,0.0
80.255182,349.999969,0.0,49.572708,0.0
80.263188,350.0,0.0,49.77269,0.0
80.27507,349.999969,0.0,50.172672,0.0
80.285477,350.000031,0.0,50.372646,0.0
80.295253,350.000031,0.0,50.572624,0.0
80.302049,350.000031,0.0,50.77261,0.0
80.311305,350.0,0.0,50.97261,0.0
80.319209,350.0,0.0,51.172592,0.0
80.325398,350.0,0.0,51.372581,0.0
80.335674,350.0,0.0,51.572567,0.0
80.35113,350.0,0.0,51.972542,0.0
80.35716,350.0,0.0,52.172531,0.0
80.367134,350.0,0.0,52.372517,0.0
80.368651,350.0,0.0,52.572498,0.0
80.38383,350.0,0.0,52.772488,0.0
80.389825,350.0,0.0,52.972477,0.0
80.397855,350.0,0.0,53.172462,0.0
80.406776,350.000031,0.0,53.372444,0.0
80.423584,350.0,0.0,53.772427,0.0
80.430424,349.999969,0.0,53.972416,0.0
80.438062,350.000031,0.0,54.17239,0.0
80.445022,350.0,0.0,54.372387,0.0
80.455063,350.0,0.0,54.57238,0.0
80.461356,350.0,0.0,54.772362,0.0
80.469634,350.000031,0.0,54.972336,0.0
80.485439,350.0,0.0,55.372318,0.0
80.495187,350.0,0.0,55.572304,0.0
80.501309,350.0,0.0,55.872288,0.0
80.513858,350.0,0.0,56.072262,0.0
80.52168,350.0,0.0,56.272255,0.0
80.53331,349.999969,0.0,56.472252,0.0
80.544481,350.0,0.0,56.772232,0.0
80.556021,349.999969,0.0,57.072212,0.0
80.574375,350.0,0.0,57.572178,0.0
80.587619,350.0,0.0,57.872143,0.0
80.590764,349.999969,0.0,58.072147,0.0
80.602654,350.0,0.0,58.272125,0.0
80.607433,350.000031,0.0,58.472099,0.0
80.618964,350.000031,0.0,58.672089,0.0
80.627403,350.0,0.0,58.872086,0.0
80.63488,350.0,0.0,59.072067,0.0
80.641576,350.0,0.0,59.272057,0.0
80.658092,350.000031,0.0,59.67202,0.0
80.667715,350.0,0.0,59.872013,0.0
80.675283,350.000031,0.0,60.071995,0.0
80.68138,350.0,0.0,60.271992,0.0
80.690568,350.0,0.0,60.471981,0.0
80.69832,350.000031,0.0,60.671963,0.0
80.701467,350.0,0.0,60.871952,0.0
80.71573,349.999969,0.0,61.071949,0.0
80.720489,350.000031,0.0,61.271923,0.0
80.739269,349.999969,0.0,61.671902,0.0
80.74041,349.999969,0.0,61.871891,0.0
80.75584,350.0,0.0,62.071865,0.0
80.767897,350.0,0.0,62.371857,0.0
80.779472,350.0,0.0,62.671833,0.0
80.786233,350.0,0.0,62.871822,0.0
80.803448,350.0,0.0,63.27179,0.0
80.809571,350.0,0.0,63.471771,0.0
80.818918,350.000031,0.0,63.671764,0.0
80.826266,350.000031,0.0,63.871742,0.0
80.836125,350.0,0.0,64.071739,0.0
80.840389,349.999969,0.0,64.271736,0.0
80.855757,350.000031,0.0,64.571701,0.0
80.867228,350.0,0.0,64.871696,0.0
80.875495,350.0,0.0,65.071671,0.0
80.886841,349.999969,0.0,65.371666,0.0
80.894837,349.999969,0.0,65.571648,0.0
80.901738,349.999969,0.0,65.871628,0.0
80.914115,350.0,0.0,66.071609,0.0
80.928829,350.0,0.0,66.471581,0.0
80.937932,350.0,0.0,66.67157,0.0
80.947008,350.0,0.0,66.871552,0.0
80.953814,349.999969,0.0,67.071541,0.0
80.961003,350.000031,0.0,67.27153,0.0
80.971117,349.999969,0.0,67.471519,0.0
80.977102,349.999969,0.0,67.671501,0.0
80.985189,350.0,0.0,67.87149,0.0
81.002047,350.0,0.0,68.371452,0.0
81.015042,350.0,0.0,68.571449,0.0
81.021998,350.0,0.0,68.771431,0.0
81.029454,350.0,0.0,68.971413,0.0
81.037435,350.000031,0.0,69.171394,0.0
81.046467,350.0,0.0,69.371391,0.0
81.054428,350.0,0.0,69.571373,0.0
81.069459,350.0,0.0,69.971359,0.0
81.079435,350.0,0.0,70.171341,0.0
81.086443,350.000031,0.0,70.371315,0.0
81.092822,350.000031,0.0,70.571304,0.0
81.10251,350.0,0.0,70.771286,0.0
81.11131,349.999969,0.0,70.971291,0.0
81.11909,350.0,0.0,71.17128,0.0
81.135663,349.999969,0.0,71.571243,0.0
81.140572,350.000031,0.0,71.871223,0.0
81.155123,350.000031,0.0,72.071213,0.0
81.161317,350.0,0.0,72.271194,0.0
81.170127,350.0,0.0,72.571182,0.0
81.184775,350.0,0.0,72.871155,0.0
81.202442,349.999969,0.0,73.271149,0.0
81.209551,350.0,0.0,73.471115,0.0
81.218486,350.0,0.0,73.671104,0.0
81.225561,350.000031,0.0,73.871086,0.0
81.235183,350.000031,0.0,74.071075,0.0
81.243388,349.999969,0.0,74.271072,0.0
81.252495,350.000031,0.0,74.471054,0.0
81.270716,350.0,0.0,74.971016,0.0
81.277581,350.0,0.0,75.171005,0.0
81.28555,350.0,0.0,75.370995,0.0
81.295858,350.000031,0.0,75.570976,0.0
81.302537,350.000031,0.0,75.870949,0.0
81.319319,349.999969,0.0,76.170929,0.0
81.324363,349.999969,0.0,76.370934,0.0
81.335581,350.0,0.0,76.570923,0.0
81.344088,350.000031,0.0,76.770897,0.0
81.359007,350.0,0.0,77.170868,0.0
81.366783,350.000031,0.0,77.37085,0.0
81.367785,350.0,0.0,77.570847,0.0
81.382547,350.0,0.0,77.770851,0.0
81.391084,350.0,0.0,77.970825,0.0
81.397093,349.999969,0.0,78.170815,0.0
81.405202,350.0,0.0,78.370789,0.0
81.414743,350.0,0.0,78.57077,0.0
81.423182,350.0,0.0,78.770775,0.0
81.437527,349.999969,0.0,79.170753,0.0
81.44517,350.0,0.0,79.370728,0.0
81.453065,350.0,0.0,79.570709,0.0
81.461803,350.0,0.0,79.770691,0.0
81.469857,350.000031,0.0,79.97068,0.0
81.477426,350.000061,0.0,80.17067,0.0
81.48515,350.0,0.0,80.370659,0.0
81.501973,350.0,0.0,80.77063,0.0
81.509438,350.0,0.0,80.970604,0.0
81.519817,350.0,0.0,81.170609,0.0
81.524822,350.0,0.0,81.37059,0.0
81.535987,350.0,0.0,81.570587,0.0
81.54184,350.0,0.0,81.87056,0.0
81.554565,350.000031,0.0,82.070549,0.0
81.570829,349.999969,0.0,82.570518,0.0
81.581696,350.000031,0.0,82.7705,0.0
81.591019,350.0,0.0,82.97049,0.0
81.597988,350.0,0.0,83.170471,0.0
81.606174,350.0,0.0,83.370453,0.0
81.615372,349.999969,0.0,83.57045,0.0
81.621645,350.0,0.0,83.770424,0.0
81.629027,350.000031,0.0,83.970428,0.0
81.637745,349.999969,0.0,84.17041,0.0
81.654,350.0,0.0,84.570374,0.0
81.661611,350.0,0.0,84.77037,0.0
81.669411,350.0,0.0,84.970352,0.0
81.67795,350.000031,0.0,85.170349,0.0
81.685275,349.999969,0.0,85.370338,0.0
81.694939,350.000031,0.0,85.570305,0.0
81.703831,350.0,0.0,85.770294,0.0
81.719571,350.0,0.0,86.170273,0.0
81.723668,350.0,0.0,86.37027,0.0
81.735608,350.000031,0.0,86.570244,0.0
81.742774,350.000031,0.0,86.770226,0.0
81.751677,350.000031,0.0,86.970215,0.0
81.757965,350.000031,0.0,87.170212,0.0
81.767017,350.000031,0.0,87.370193,0.0
81.78366,350.000031,0.0,87.770164,0.0
81.790695,350.000031,0.0,87.970146,0.0
81.800116,350.0,0.0,88.170135,0.0
81.807435,349.999969,0.0,88.37014,0.0
81.815253,350.0,0.0,88.570122,0.0
81.818613,350.0,0.0,88.770119,0.0
81.829713,349.999969,0.0,88.9701,0.0
81.837849,350.0,0.0,89.170067,0.0
81.854938,350.0,0.0,89.570053,0.0
81.861036,349.999969,0.0,89.770042,0.0
81.86972,349.999969,0.0,89.970032,0.0
81.877588,349.999969,0.0,90.170021,0.0
81.885447,349.999969,0.0,90.370003,0.0
81.893147,350.000031,0.0,90.569977,0.0
81.903178,350.0,0.0,90.769974,0.0
81.918338,349.999969,0.0,91.16996,0.0
81.925793,350.000031,0.0,91.369934,0.0
81.935729,350.0,0.0,91.569916,0.0
81.940591,349.999969,0.0,91.769905,0.0
81.951391,349.999969,0.0,91.969902,0.0
81.951857,350.000031,0.0,92.169868,0.0
81.967018,350.0,0.0,92.369873,0.0
81.975003,350.0,0.0,92.569855,0.0
81.983553,349.999969,0.0,92.769844,0.0
82.000135,350.0,0.0,93.169815,0.0
82.007283,350.0,0.0,93.369797,0.0
82.014783,350.000031,0.0,93.569794,0.0
82.02233,350.0,0.0,93.769775,0.0
82.029483,349.999969,0.0,93.969757,0.0
82.038066,350.0,0.0,94.169739,0.0
82.047979,350.0,0.0,94.369736,0.0
82.05766,350.0,0.0,94.669701,0.0
82.067882,349.999969,0.0,94.86969,0.0
82.079649,350.000031,0.0,95.169678,0.0
82.086748,350.0,0.0,95.369667,0.0
82.086748,350.0,0.0,95.569649,0.0
82.103227,350.0,0.0,95.769646,0.0
82.118989,350.000031,0.0,96.169617,0.0
82.125654,350.000031,0.0,96.369598,0.0
82.135349,349.999969,0.0,96.569557,0.0
82.135349,350.000031,0.0,96.768814,0.0
82.151562,350.000031,0.0,96.966034,0.0
82.159072,350.0,0.0,97.159874,0.0
82.166774,350.0,0.0,97.348969,0.0
82.169846,350.000031,0.0,97.531944,0.0
82.18759,350.0,0.0,97.792053,0.0
82.190585,349.999969,0.0,97.954079,0.0
82.209655,349.999969,0.0,98.253044,0.0
82.219013,350.0,0.0,98.3927,0.0
82.226717,350.000031,0.0,98.527618,0.0
82.234929,350.000031,0.0,98.659149,0.0
82.241573,350.0,0.0,98.788361,0.0
82.255046,350.000031,0.0,98.977081,0.0
82.257597,350.000031,0.0,99.097527,0.0
82.271217,350.0,0.0,99.211578,0.0
82.277824,349.999969,0.0,99.31739,0.0
82.286856,350.0,0.0,99.496948,0.0
82.303514,349.999969,0.0,99.568237,0.0
82.309709,350.0,0.0,99.628525,0.0
82.318602,350.0,0.0,99.702362,0.0
82.331729,350.000031,0.0,99.743195,0.0
82.33965,350.0,0.0,99.779449,0.0
82.347281,350.0,0.0,99.812622,0.0
82.353847,350.0,0.0,99.843918,0.0
82.375929,350.000031,0.0,99.91394,0.0
82.38361,350.0,0.0,99.937073,0.0
82.390167,350.0,0.0,99.956512,0.0
82.400188,350.0,0.0,99.97168,0.0
82.407172,350.0,0.0,99.987122,0.0
82.41862,350.000031,0.0,99.993401,0.0
82.435315,350.000031,0.0,99.999176,0.0
82.441909,350.0,0.0,100.0,0.0
82.455393,350.0,0.0,100.0,0.0
82.461749,350.0,0.0,100.0,0.0
82.470086,350.0,0.0,100.0,0.0
82.483226,350.0,0.0,100.0,0.0
82.487298,350.0,0.0,100.0,0.0
82.4975,350.0,0.0,100.0,0.0
82.502023,350.0,0.0,100.0,0.0
82.515014,350.0,0.0,100.0,0.0
82.523371,350.0,0.0,100.0,0.0
82.524337,350.0,0.0,100.0,0.0
82.53801,350.0,0.0,100.0,0.0
82.546921,350.0,0.0,100.0,0.0
82.553342,350.0,0.0,100.0,0.0
82.561068,350.0,0.0,100.0,0.0
82.569076,350.0,0.0,100.0,0.0
82.583671,350.0,0.0,100.0,0.0
82.590728,350.0,0.0,100.0,0.0
82.597908,350.0,0.0,100.0,0.0
82.607471,350.0,0.0,100.0,0.0
82.618598,350.0,0.0,100.0,0.0
82.626397,350.0,0.0,100.0,0.0
82.635377,350.0,0.0,100.0,0.0
82.641428,350.0,0.0,100.0,0.0
82.668511,350.0,0.0,100.0,0.0
82.68769,350.0,0.0,100.0,0.0
82.694877,350.0,0.0,100.0,0.0
82.707625,350.0,0.0,100.0,0.0
82.725117,349.999817,0.0,99.999802,0.0
82.741358,349.995605,0.0,99.995605,0.0
82.751404,349.989655,0.0,99.989655,0.0
82.751957,349.979797,0.0,99.979836,0.0
82.768222,349.96521,0.0,99.965164,0.0
82.779338,349.932007,0.0,99.932007,0.0
82.787622,349.901764,0.0,99.901695,0.0
82.792913,349.865662,0.0,99.865662,0.0
82.803847,349.82489,0.0,99.82486,0.0
82.819537,349.732788,0.0,99.732826,0.0
82.824032,349.683533,0.0,99.683495,0.0
82.835394,349.632599,0.0,99.632584,0.0
82.837038,349.57959,0.0,99.579567,0.0
82.851596,349.523315,0.0,99.523285,0.0
82.858467,349.462433,0.0,99.462433,0.0
82.871425,349.359741,0.0,99.359741,0.0
82.874746,349.281738,0.0,99.281731,0.0
82.885689,349.194794,0.0,99.194794,0.0
82.902421,348.997009,0.0,98.997047,0.0
82.91075,348.888824,0.0,98.888824,0.0
82.918406,348.776062,0.0,98.776108,0.0
82.92603,348.660217,0.0,98.660217,0.0
82.936303,348.542206,0.0,98.542206,0.0
82.943042,348.362915,0.0,98.362915,0.0
82.954212,348.241852,0.0,98.241806,0.0
82.969913,347.993866,0.0,97.993851,0.0
82.977214,347.866089,0.0,97.866119,0.0
82.987305,347.735382,0.0,97.735382,0.0
82.99421,347.601807,0.0,97.601791,0.0
83.00294,347.46579,0.0,97.465813,0.0
83.009731,347.32785,0.0,97.32785,0.0
83.020045,347.188416,0.0,97.1884,0.0
83.035794,346.906708,0.0,96.906708,0.0
83.041369,346.76535,0.0,96.765327,0.0
83.051352,346.623962,0.0,96.62397,0.0
83.057703,346.482605,0.0,96.48259,0.0
83.066962,346.341217,0.0,96.341217,0.0
83.074476,346.199829,0.0,96.199829,0.0
83.082774,346.058441,0.0,96.058472,0.0
83.097539,345.775696,0.0,95.775711,0.0
83.108037,345.634338,0.0,95.634338,0.0
83.119626,345.422241,0.0,95.422279,0.0
83.125341,345.280884,0.0,95.280899,0.0
83.135684,345.139526,0.0,95.139526,0.0
83.143641,344.998169,0.0,94.998138,0.0
83.15208,344.856781,0.0,94.856781,0.0
83.171337,344.432648,0.0,94.432648,0.0
83.183658,344.29126,0.0,94.29126,0.0
83.191589,344.149872,0.0,94.149902,0.0
83.197934,344.008514,0.0,94.008514,0.0
83.207131,343.867157,0.0,93.867142,0.0
83.213962,343.7258,0.0,93.725761,0.0
83.218609,343.584351,0.0,93.584389,0.0
83.238496,343.301636,0.0,93.301628,0.0
83.245548,343.160278,0.0,93.160263,0.0
83.2527,342.948181,0.0,92.948212,0.0
83.268301,342.806824,0.0,92.806824,0.0
83.272238,342.594757,0.0,92.594757,0.0
83.285823,342.4534,0.0,92.453377,0.0
83.302062,342.099945,0.0,92.099945,0.0
83.315466,341.958557,0.0,91.958572,0.0
83.328401,341.746552,0.0,91.746513,0.0
83.339727,341.534454,0.0,91.534454,0.0
83.351482,341.322357,0.0,91.322388,0.0
83.372021,340.968933,0.0,90.968948,0.0
83.373675,340.827576,0.0,90.827576,0.0
83.386262,340.686188,0.0,90.686188,0.0
83.394071,340.54483,0.0,90.54483,0.0
83.407827,340.332764,0.0,90.332764,0.0
83.414465,340.191345,0.0,90.191376,0.0
83.422025,340.050018,0.0,90.050011,0.0
83.438408,339.767242,0.0,89.767258,0.0
83.445699,339.625885,0.0,89.625885,0.0
83.453817,339.484497,0.0,89.484497,0.0
83.461239,339.34314,0.0,89.343132,0.0
83.470848,339.131104,0.0,89.131073,0.0
83.484719,338.919006,0.0,88.919006,0.0
83.502454,338.636261,0.0,88.636261,0.0
83.509752,338.494873,0.0,88.494865,0.0
83.519963,338.353516,0.0,88.3535,0.0
83.524065,338.212128,0.0,88.212128,0.0
83.535589,338.07077,0.0,88.07074,0.0
83.540765,337.929382,0.0,87.929382,0.0
83.551442,337.788025,0.0,87.787987,0.0
83.557869,337.646637,0.0,87.646622,0.0
83.574349,337.293182,0.0,87.293182,0.0
83.586491,337.151825,0.0,87.151802,0.0
83.59338,337.010437,0.0,87.010437,0.0
83.602001,336.869049,0.0,86.869049,0.0
83.60983,336.727722,0.0,86.727692,0.0
83.619311,336.586304,0.0,86.586311,0.0
83.625265,336.444916,0.0,86.444939,0.0
83.634935,336.303589,0.0,86.303551,0.0
83.641496,336.16214,0.0,86.162178,0.0
83.657745,335.879456,0.0,85.879417,0.0
83.66828,335.738037,0.0,85.738052,0.0
83.679941,335.526001,0.0,85.526001,0.0
83.686781,335.384613,0.0,85.384613,0.0
83.694562,335.243286,0.0,85.243233,0.0
83.702328,335.031158,0.0,85.031189,0.0
83.715392,334.889862,0.0,84.889793,0.0
83.735734,334.536407,0.0,84.536362,0.0
83.742696,334.394989,0.0,84.394989,0.0
83.752417,334.253601,0.0,84.253616,0.0
83.758288,334.041565,0.0,84.04155,0.0
83.770806,333.829498,0.0,83.829475,0.0
83.783758,333.688049,0.0,83.688118,0.0
83.789342,333.546692,0.0,83.546745,0.0
83.798733,333.405396,0.0,83.405357,0.0
83.804557,333.263977,0.0,83.263977,0.0
83.81852,332.981232,0.0,82.981232,0.0
83.83115,332.839874,0.0,82.839851,0.0
83.839258,332.698486,0.0,82.698486,0.0
83.850093,332.557068,0.0,82.557106,0.0
83.853701,332.345001,0.0,82.345047,0.0
83.867156,332.203674,0.0,82.203674,0.0
83.874755,332.062347,0.0,82.062271,0.0
83.885123,331.779572,0.0,81.779533,0.0
83.898575,331.638153,0.0,81.638168,0.0
83.907607,331.496796,0.0,81.496796,0.0
83.913672,331.355408,0.0,81.355408,0.0
83.922634,331.143341,0.0,81.143356,0.0
83.935495,331.002014,0.0,81.001976,0.0
83.94384,330.860565,0.0,80.860603,0.0
83.951498,330.719269,0.0,80.719223,0.0
83.95863,330.577881,0.0,80.57785,0.0
83.967077,330.436432,0.0,80.436485,0.0
83.971891,330.224396,0.0,80.224411,0.0
83.986373,330.083038,0.0,80.083038,0.0
84.002782,329.800293,0.0,79.800293,0.0
84.009663,329.658875,0.0,79.658913,0.0
84.018944,329.517548,0.0,79.517548,0.0
84.026818,329.37616,0.0,79.37616,0.0
84.035955,329.234772,0.0,79.234787,0.0
84.041281,329.093445,0.0,79.093407,0.0
84.052426,328.952057,0.0,78.952019,0.0
84.075101,328.527924,0.0,78.527908,0.0
84.08267,328.386505,0.0,78.386536,0.0
84.087654,328.245148,0.0,78.245155,0.0
84.097848,328.10379,0.0,78.10379,0.0
84.107799,327.962372,0.0,77.96241,0.0
84.116346,327.821045,0.0,77.82103,0.0
84.123023,327.608978,0.0,77.608978,0.0
84.135309,327.46759,0.0,77.46759,0.0
84.143596,327.326202,0.0,77.326225,0.0
84.158835,327.043488,0.0,77.043449,0.0
84.167985,326.9021,0.0,76.9021,0.0
84.174124,326.690033,0.0,76.690041,0.0
84.186543,326.548645,0.0,76.548645,0.0
84.194909,326.407288,0.0,76.407288,0.0
84.203966,326.265869,0.0,76.265907,0.0
84.219564,325.983124,0.0,75.983154,0.0
84.225651,325.841766,0.0,75.841766,0.0
84.236074,325.700409,0.0,75.700409,0.0
84.240791,325.55899,0.0,75.559029,0.0
84.25179,325.417664,0.0,75.417648,0.0
84.258009,325.276306,0.0,75.276268,0.0
84.267263,325.134888,0.0,75.134888,0.0
84.287811,324.781433,0.0,74.781464,0.0
84.294687,324.640106,0.0,74.640076,0.0
84.303428,324.498718,0.0,74.498718,0.0
84.311495,324.35733,0.0,74.35733,0.0
84.319102,324.215942,0.0,74.215965,0.0
84.327003,324.074554,0.0,74.074593,0.0
84.335997,323.933167,0.0,73.933212,0.0
84.340746,323.79184,0.0,73.791832,0.0
84.363189,323.438385,0.0,73.438393,0.0
84.371246,323.226318,0.0,73.226334,0.0
84.387159,323.014191,0.0,73.014282,0.0
84.391164,322.872894,0.0,72.872894,0.0
84.403723,322.731506,0.0,72.731514,0.0
84.409778,322.590149,0.0,72.590141,0.0
84.418488,322.448761,0.0,72.448776,0.0
84.434658,322.166046,0.0,72.166008,0.0
84.442779,322.024658,0.0,72.024628,0.0
84.45131,321.88327,0.0,71.883263,0.0
84.457583,321.741913,0.0,71.741882,0.0
84.467057,321.600525,0.0,71.60051,0.0
84.475403,321.459167,0.0,71.459137,0.0
84.483662,321.317749,0.0,71.317764,0.0
84.488574,321.176361,0.0,71.176392,0.0
84.507135,320.893616,0.0,70.893646,0.0
84.514021,320.752228,0.0,70.752266,0.0
84.52324,320.540192,0.0,70.540199,0.0
84.535619,320.398834,0.0,70.398819,0.0
84.542697,320.257416,0.0,70.257454,0.0
84.551867,320.116058,0.0,70.116074,0.0
84.552787,319.97467,0.0,69.974701,0.0
84.567168,319.833313,0.0,69.833321,0.0
84.573482,319.691956,0.0,69.691948,0.0
84.585252,319.40918,0.0,69.409195,0.0
84.597596,319.267822,0.0,69.267815,0.0
84.60696,319.126434,0.0,69.126442,0.0
84.613926,318.985046,0.0,68.985077,0.0
84.623667,318.843658,0.0,68.843697,0.0
84.634794,318.631592,0.0,68.631638,0.0
84.635795,318.490265,0.0,68.49025,0.0
84.651835,318.348877,0.0,68.348877,0.0
84.657639,318.207489,0.0,68.207504,0.0
84.671257,317.924744,0.0,67.924751,0.0
84.683735,317.783386,0.0,67.783379,0.0
84.69108,317.641998,0.0,67.641991,0.0
84.69811,317.50061,0.0,67.500626,0.0
84.707204,317.359253,0.0,67.359253,0.0
84.715419,317.217865,0.0,67.217873,0.0
84.722178,317.076508,0.0,67.0765,0.0
84.737952,316.793762,0.0,66.793739,0.0
84.745298,316.652344,0.0,66.652382,0.0
84.755193,316.510986,0.0,66.510994,0.0
84.761368,316.369629,0.0,66.369629,0.0
84.775227,316.157532,0.0,66.157578,0.0
84.783709,316.016205,0.0,66.016182,0.0
84.791404,315.874817,0.0,65.874817,0.0
84.791404,315.733429,0.0,65.733421,0.0
84.819341,315.309326,0.0,65.309296,0.0
84.829705,315.167969,0.0,65.167931,0.0
84.838816,315.02655,0.0,65.026558,0.0
84.845896,314.885193,0.0,64.885185,0.0
84.853751,314.743805,0.0,64.743805,0.0
84.863816,314.602417,0.0,64.60244,0.0
84.87725,314.319672,0.0,64.319679,0.0
84.885176,314.178284,0.0,64.178299,0.0
84.895035,314.036896,0.0,64.036942,0.0
84.903301,313.895538,0.0,63.895557,0.0
84.908952,313.754181,0.0,63.754181,0.0
84.919194,313.612823,0.0,63.612782,0.0
84.924958,313.471436,0.0,63.47142,0.0
84.935725,313.330048,0.0,63.330048,0.0
84.942075,313.18866,0.0,63.188683,0.0
84.952503,312.905914,0.0,62.90593,0.0
84.969383,312.693817,0.0,62.693871,0.0
84.977814,312.55249,0.0,62.552486,0.0
84.986995,312.340424,0.0,62.34042,0.0
84.997579,312.199036,0.0,62.199051,0.0
85.00183,312.057678,0.0,62.057667,0.0
85.015448,311.91629,0.0,61.916294,0.0
85.029139,311.633545,0.0,61.633549,0.0
85.038735,311.492157,0.0,61.492172,0.0
85.046791,311.3508,0.0,61.350803,0.0
85.054303,311.209381,0.0,61.209423,0.0
85.061763,311.068024,0.0,61.06805,0.0
85.071785,310.926636,0.0,60.926674,0.0
85.077906,310.785278,0.0,60.785294,0.0
85.087661,310.643921,0.0,60.643925,0.0
85.102007,310.361176,0.0,60.361172,0.0
85.109422,310.219757,0.0,60.219795,0.0
85.119863,310.0784,0.0,60.078419,0.0
85.125574,309.937012,0.0,59.937057,0.0
85.135484,309.795654,0.0,59.795677,0.0
85.148621,309.583557,0.0,59.583611,0.0
85.159693,309.371552,0.0,59.371536,0.0
85.171581,309.159454,0.0,59.159477,0.0
85.176844,309.018127,0.0,59.018089,0.0
85.185279,308.87677,0.0,58.876717,0.0
85.207862,308.523285,0.0,58.523289,0.0
85.215086,308.381866,0.0,58.38192,0.0
85.223908,308.24057,0.0,58.240536,0.0
85.235457,308.028473,0.0,58.028477,0.0
85.242122,307.816406,0.0,57.816402,0.0
85.254967,307.674988,0.0,57.675045,0.0
85.270182,307.392273,0.0,57.392284,0.0
85.277521,307.250916,0.0,57.250912,0.0
85.285781,307.109528,0.0,57.109528,0.0
85.294702,306.96814,0.0,56.968159,0.0
85.303933,306.826782,0.0,56.826782,0.0
85.310155,306.685394,0.0,56.685402,0.0
85.319798,306.544037,0.0,56.544029,0.0
85.334859,306.261292,0.0,56.261269,0.0
85.341178,306.119873,0.0,56.119911,0.0
85.351654,305.978516,0.0,55.978527,0.0
85.358038,305.837158,0.0,55.837158,0.0
85.367244,305.69574,0.0,55.695786,0.0
85.374399,305.483704,0.0,55.483711,0.0
85.385709,305.342346,0.0,55.342339,0.0
85.402255,305.059631,0.0,55.059574,0.0
85.410433,304.918213,0.0,54.918221,0.0
85.419426,304.776794,0.0,54.776848,0.0
85.427722,304.635468,0.0,54.63546,0.0
85.435248,304.49411,0.0,54.49408,0.0
85.440279,304.352722,0.0,54.352707,0.0
85.451339,304.211334,0.0,54.211334,0.0
85.455483,304.069916,0.0,54.069973,0.0
85.475061,303.787201,0.0,53.787209,0.0
85.487345,303.575104,0.0,53.575165,0.0
85.491456,303.433777,0.0,53.433773,0.0
85.507433,303.22168,0.0,53.221718,0.0
85.513927,303.080292,0.0,53.080345,0.0
85.522789,302.868256,0.0,52.868271,0.0
85.535713,302.726898,0.0,52.726906,0.0
85.55621,302.373444,0.0,52.373459,0.0
85.568168,302.161346,0.0,52.161404,0.0
85.575342,302.02002,0.0,52.020031,0.0
85.583896,301.878632,0.0,51.878639,0.0
85.590497,301.737274,0.0,51.73727,0.0
85.597481,301.595886,0.0,51.595894,0.0
85.607508,301.454529,0.0,51.454517,0.0
85.614052,301.313141,0.0,51.313141,0.0
85.6285,301.030365,0.0,51.030396,0.0
85.639566,300.889008,0.0,50.889,0.0
85.646192,300.74762,0.0,50.747646,0.0
85.655306,300.606293,0.0,50.606255,0.0
85.662462,300.464874,0.0,50.464893,0.0
85.670371,300.323517,0.0,50.323509,0.0
85.677717,300.182129,0.0,50.182144,0.0
85.687258,300.040771,0.0,50.04076,0.0
85.702435,299.757965,0.0,49.758015,0.0
85.711645,299.616638,0.0,49.616638,0.0
85.720132,299.47525,0.0,49.475266,0.0
85.725181,299.333923,0.0,49.333878,0.0
85.736134,299.192505,0.0,49.192505,0.0
85.741767,299.051117,0.0,49.051147,0.0
85.751624,298.90976,0.0,48.909756,0.0
85.768361,298.627014,0.0,48.62701,0.0
85.774959,298.414948,0.0,48.414951,0.0
85.786436,298.273529,0.0,48.273579,0.0
85.795996,298.132202,0.0,48.132183,0.0
85.80229,297.990814,0.0,47.990818,0.0
85.809987,297.849457,0.0,47.84943,0.0
85.819194,297.708069,0.0,47.708065,0.0
85.836396,297.425323,0.0,47.425323,0.0
85.84162,297.283936,0.0,47.283936,0.0
85.851698,297.142578,0.0,47.142563,0.0
85.857791,297.00116,0.0,47.001198,0.0
85.867042,296.859772,0.0,46.859825,0.0
85.872284,296.718414,0.0,46.718449,0.0
85.884,296.577057,0.0,46.577061,0.0
85.892022,296.435699,0.0,46.435684,0.0
85.907254,296.082245,0.0,46.082241,0.0
85.919305,295.940887,0.0,45.940876,0.0
85.925992,295.7995,0.0,45.7995,0.0
85.936075,295.658112,0.0,45.658134,0.0
85.941552,295.516754,0.0,45.51675,0.0
85.955845,295.304688,0.0,45.304676,0.0
85.962546,295.1633,0.0,45.163315,0.0
85.987347,294.739197,0.0,44.739178,0.0
85.990514,294.597809,0.0,44.597813,0.0
86.001994,294.456421,0.0,44.456432,0.0
86.009676,294.315063,0.0,44.315052,0.0
86.018577,294.173676,0.0,44.173676,0.0
86.027472,294.032318,0.0,44.032299,0.0
86.035789,293.8909,0.0,43.890926,0.0
86.05483,293.537476,0.0,43.537498,0.0
86.06184,293.396088,0.0,43.396126,0.0
86.070229,293.25473,0.0,43.254757,0.0
86.077868,293.113373,0.0,43.113373,0.0
86.085273,292.971985,0.0,42.971989,0.0
86.095504,292.830597,0.0,42.830627,0.0
86.104031,292.68924,0.0,42.68924,0.0
86.119261,292.406494,0.0,42.406487,0.0
86.124729,292.265106,0.0,42.265106,0.0
86.134899,292.123779,0.0,42.123734,0.0
86.139522,291.982361,0.0,41.982361,0.0
86.151695,291.840973,0.0,41.840984,0.0
86.158207,291.699646,0.0,41.699615,0.0
86.167569,291.558228,0.0,41.558235,0.0
86.174897,291.41687,0.0,41.416847,0.0
86.190509,291.134125,0.0,41.134098,0.0
86.19801,290.992737,0.0,40.992733,0.0
86.207148,290.851349,0.0,40.851353,0.0
86.216155,290.709991,0.0,40.70998,0.0
86.223511,290.497925,0.0,40.497921,0.0
86.235418,290.356567,0.0,40.356541,0.0
86.252095,290.073761,0.0,40.073807,0.0
86.257911,289.932434,0.0,39.932411,0.0
86.268481,289.791046,0.0,39.791039,0.0
86.274925,289.578979,0.0,39.578987,0.0
86.286012,289.437561,0.0,39.437614,0.0
86.295439,289.296234,0.0,39.296223,0.0
86.301822,289.154846,0.0,39.154858,0.0
86.31846,288.872101,0.0,38.872105,0.0
86.325721,288.730682,0.0,38.730732,0.0
86.33493,288.589355,0.0,38.589348,0.0
86.341204,288.447968,0.0,38.447979,0.0
86.351697,288.306641,0.0,38.306583,0.0
86.357875,288.165222,0.0,38.165226,0.0
86.366861,288.023834,0.0,38.023849,0.0
86.372236,287.882446,0.0,37.882484,0.0
86.385627,287.599701,0.0,37.599728,0.0
86.398302,287.458313,0.0,37.458351,0.0
86.407351,287.316956,0.0,37.316978,0.0
86.415536,287.175598,0.0,37.175598,0.0
86.423504,287.03421,0.0,37.034222,0.0
86.429359,286.892853,0.0,36.892845,0.0
86.43834,286.751465,0.0,36.751465,0.0
86.447269,286.610107,0.0,36.610096,0.0
86.453907,286.468719,0.0,36.468719,0.0
86.469936,286.186005,0.0,36.185963,0.0
86.477478,286.044586,0.0,36.044598,0.0
86.487347,285.903198,0.0,35.903229,0.0
86.494023,285.761871,0.0,35.761837,0.0
86.502839,285.620483,0.0,35.620468,0.0
86.507857,285.479095,0.0,35.479084,0.0
86.518452,285.337708,0.0,35.337715,0.0
86.526079,285.19632,0.0,35.196354,0.0
86.542195,284.913605,0.0,34.913593,0.0
86.551638,284.772217,0.0,34.772209,0.0
86.557998,284.630829,0.0,34.630836,0.0
86.567315,284.489471,0.0,34.489464,0.0
86.574083,284.348053,0.0,34.348095,0.0
86.584145,284.206726,0.0,34.206715,0.0
86.591043,284.065338,0.0,34.06535,0.0
86.597888,283.92395,0.0,33.923965,0.0
86.607432,283.782623,0.0,33.782581,0.0
86.622002,283.499847,0.0,33.49984,0.0
86.635271,283.287781,0.0,33.287777,0.0
86.637699,283.146393,0.0,33.146381,0.0
86.65175,283.005035,0.0,33.005016,0.0
86.658494,282.863647,0.0,32.863651,0.0
86.668463,282.72226,0.0,32.722267,0.0
86.686317,282.368866,0.0,32.368832,0.0
86.693719,282.156769,0.0,32.156773,0.0
86.707299,282.015381,0.0,32.015396,0.0
86.715276,281.873993,0.0,31.874023,0.0
86.718364,281.732605,0.0,31.732651,0.0
86.729621,281.591309,0.0,31.591259,0.0
86.738703,281.379211,0.0,31.379208,0.0
86.758118,281.096497,0.0,31.096457,0.0
86.768547,280.955078,0.0,30.955082,0.0
86.775893,280.81369,0.0,30.813704,0.0
86.788066,280.601624,0.0,30.601635,0.0
86.795795,280.460266,0.0,30.460272,0.0
86.802196,280.248199,0.0,30.248198,0.0
86.815737,280.106812,0.0,30.106823,0.0
86.829882,279.824066,0.0,29.824081,0.0
86.839353,279.682709,0.0,29.682701,0.0
86.846034,279.541321,0.0,29.541323,0.0
86.853789,279.399963,0.0,29.399946,0.0
86.864363,279.258545,0.0,29.258585,0.0
86.870508,279.117157,0.0,29.11721,0.0
86.878345,278.97583,0.0,28.975817,0.0
86.885556,278.834442,0.0,28.834448,0.0
86.903087,278.551697,0.0,28.551693,0.0
86.908133,278.410309,0.0,28.410324,0.0
86.919437,278.268951,0.0,28.268942,0.0
86.92759,278.127563,0.0,28.127573,0.0
86.935397,277.986206,0.0,27.986193,0.0
86.94128,277.844818,0.0,27.844816,0.0
86.951802,277.70343,0.0,27.703453,0.0
86.971794,277.350006,0.0,27.350008,0.0
86.972898,277.208618,0.0,27.208626,0.0
86.985676,277.06723,0.0,27.067266,0.0
86.994712,276.925873,0.0,26.925879,0.0
87.002516,276.784485,0.0,26.7845,0.0
87.009792,276.643127,0.0,26.643133,0.0
87.020167,276.50174,0.0,26.501753,0.0
87.035234,276.218994,0.0,26.219002,0.0
87.041439,276.077637,0.0,26.077631,0.0
87.051994,275.936218,0.0,25.936251,0.0
87.057569,275.79483,0.0,25.794888,0.0
87.067291,275.653473,0.0,25.653517,0.0
87.075686,275.512115,0.0,25.512131,0.0
87.075686,275.370758,0.0,25.370749,0.0
87.096218,275.158691,0.0,25.158688,0.0
87.103088,274.946625,0.0,24.946623,0.0
87.119545,274.734528,0.0,24.73456,0.0
87.121931,274.59317,0.0,24.593197,0.0
87.13563,274.451813,0.0,24.451807,0.0
87.143181,274.239777,0.0,24.239746,0.0
87.165433,274.098358,0.0,24.098373,0.0
87.187753,273.532867,0.0,23.532864,0.0
87.187753,273.39151,0.0,23.391497,0.0
87.203779,273.250122,0.0,23.250118,0.0
87.211315,273.108704,0.0,23.10874,0.0
87.218583,272.967377,0.0,22.967369,0.0
87.227131,272.825989,0.0,22.825991,0.0
87.235271,272.684631,0.0,22.684608,0.0
87.241452,272.543243,0.0,22.543253,0.0
87.251842,272.401855,0.0,22.401861,0.0
87.258066,272.260498,0.0,22.260492,0.0
87.272799,271.977753,0.0,21.977737,0.0
87.282582,271.836365,0.0,21.836361,0.0
87.287016,271.694977,0.0,21.694984,0.0
87.298256,271.553619,0.0,21.553608,0.0
87.307633,271.412201,0.0,21.412237,0.0
87.308709,271.270874,0.0,21.27087,0.0
87.323648,271.129486,0.0,21.129484,0.0
87.330156,270.988098,0.0,20.98811,0.0
87.335877,270.846741,0.0,20.846735,0.0
87.354927,270.564026,0.0,20.563961,0.0
87.361802,270.422607,0.0,20.422604,0.0
87.375452,270.210541,0.0,20.210543,0.0
87.387599,269.998474,0.0,19.99848,0.0
87.392639,269.857147,0.0,19.8571,0.0
87.403379,269.715759,0.0,19.715715,0.0
87.419207,269.432983,0.0,19.432983,0.0
87.425503,269.291595,0.0,19.291603,0.0
87.435514,269.150238,0.0,19.150236,0.0
87.442046,269.00885,0.0,19.008863,0.0
87.451897,268.867462,0.0,18.867462,0.0
87.458087,268.726105,0.0,18.726097,0.0
87.468482,268.584717,0.0,18.584734,0.0
87.473951,268.37265,0.0,18.372663,0.0
87.485709,268.231293,0.0,18.231298,0.0
87.507052,267.877869,0.0,17.877853,0.0
87.515061,267.736511,0.0,17.736467,0.0
87.521534,267.595093,0.0,17.595098,0.0
87.529631,267.453735,0.0,17.453712,0.0
87.537919,267.312347,0.0,17.312349,0.0
87.546814,267.170959,0.0,17.170969,0.0
87.553685,267.029602,0.0,17.029608,0.0
87.568993,266.676147,0.0,16.676165,0.0
87.584137,266.53479,0.0,16.534788,0.0
87.591174,266.393402,0.0,16.393419,0.0
87.591174,266.252014,0.0,16.252024,0.0
87.608408,266.110657,0.0,16.110655,0.0
87.619426,265.89859,0.0,15.898592,0.0
87.62434,265.757263,0.0,15.757221,0.0
87.635669,265.615814,0.0,15.615851,0.0
87.643606,265.474457,0.0,15.474468,0.0
87.656193,265.26239,0.0,15.26241,0.0
87.658496,265.121033,0.0,15.121025,0.0
87.678474,264.838287,0.0,14.838276,0.0
87.686303,264.696899,0.0,14.696915,0.0
87.695073,264.555542,0.0,14.555527,0.0
87.702155,264.414154,0.0,14.414158,0.0
87.709619,264.272766,0.0,14.272783,0.0
87.719306,264.131409,0.0,14.131407,0.0
87.726827,263.990021,0.0,13.990028,0.0
87.741729,263.636597,0.0,13.63658,0.0
87.755369,263.495209,0.0,13.495203,0.0
87.761641,263.353851,0.0,13.353825,0.0
87.770176,263.141815,0.0,13.141788,0.0
87.783608,263.000366,0.0,13.000404,0.0
87.787971,262.859009,0.0,12.859035,0.0
87.798032,262.717682,0.0,12.717646,0.0
87.807583,262.576263,0.0,12.576275,0.0
87.823979,262.293518,0.0,12.293519,0.0
87.830323,262.152161,0.0,12.152138,0.0
87.839211,262.010803,0.0,12.01077,0.0
87.848024,261.869385,0.0,11.869384,0.0
87.854884,261.728027,0.0,11.728018,0.0
87.867623,261.515961,0.0,11.515965,0.0
87.87558,261.374573,0.0,11.374578,0.0
87.891196,261.021149,0.0,11.021145,0.0
87.90432,260.879761,0.0,10.879771,0.0
87.909342,260.738403,0.0,10.738387,0.0
87.924271,260.526337,0.0,10.526328,0.0
87.935478,260.31427,0.0,10.314274,0.0
87.943221,260.102203,0.0,10.102195,0.0
87.953504,259.960815,0.0,9.960808,0.0
87.96776,259.748779,0.0,9.748767,0.0
87.974864,259.607391,0.0,9.607388,0.0
87.991824,259.324646,0.0,9.32465,0.0
87.998965,259.183258,0.0,9.183261,0.0
88.002826,259.041901,0.0,9.041885,0.0
88.016193,258.900513,0.0,8.900511,0.0
88.020344,258.688446,0.0,8.688448,0.0
88.035554,258.547028,0.0,8.547076,0.0
88.043281,258.405701,0.0,8.405699,0.0
88.052161,258.264282,0.0,8.264326,0.0
88.071072,257.910889,0.0,7.910879,0.0
88.078605,257.769501,0.0,7.769507,0.0
88.087223,257.628143,0.0,7.628126,0.0
88.092314,257.486755,0.0,7.486759,0.0
88.102561,257.345367,0.0,7.345397,0.0
88.112387,257.20401,0.0,7.20401,0.0
88.118978,257.062622,0.0,7.062623,0.0
88.135438,256.779877,0.0,6.779889,0.0
88.142755,256.638519,0.0,6.638499,0.0
88.152028,256.497162,0.0,6.497127,0.0
88.158633,256.285034,0.0,6.285069,0.0
88.17113,256.073029,0.0,6.073008,0.0
88.184296,255.931625,0.0,5.931619,0.0
88.204422,255.578171,0.0,5.578185,0.0
88.208865,255.436813,0.0,5.436809,0.0
88.219898,255.295425,0.0,5.295438,0.0
88.219898,255.154068,0.0,5.154069,0.0
88.236031,255.012665,0.0,5.012681,0.0
88.242767,254.800629,0.0,4.800624,0.0
88.255792,254.659256,0.0,4.659256,0.0
88.2705,254.376511,0.0,4.376488,0.0
88.277888,254.235107,0.0,4.235132,0.0
88.287495,254.09375,0.0,4.093741,0.0
88.291859,253.952362,0.0,3.952367,0.0
88.302521,253.810989,0.0,3.810994,0.0
88.309543,253.669617,0.0,3.66963,0.0
88.318972,253.528229,0.0,3.528234,0.0
88.327286,253.386871,0.0,3.386872,0.0
88.336447,253.245514,0.0,3.245504,0.0
88.356059,252.82135,0.0,2.821363,0.0
88.367538,252.679962,0.0,2.679997,0.0
88.374546,252.538589,0.0,2.538619,0.0
88.381924,252.397369,0.0,2.397343,0.0
88.390687,252.256897,0.0,2.256896,0.0
88.403754,252.049744,0.0,2.049706,0.0
88.41929,251.78479,0.0,1.78479,0.0
88.428111,251.659256,0.0,1.65921,0.0
88.436456,251.539444,0.0,1.539454,0.0
88.442171,251.371735,0.0,1.371752,0.0
88.455337,251.266937,0.0,1.266952,0.0
88.462826,251.166687,0.0,1.166698,0.0
88.469547,251.070068,0.0,1.07007,0.0
88.478312,250.976166,0.0,0.976146,0.0
88.491328,250.794296,0.0,0.794273,0.0
88.502271,250.706833,0.0,0.7068,0.0
88.5093,250.622894,0.0,0.622895,0.0
88.519192,250.543777,0.0,0.543764,0.0
88.526232,250.470627,0.0,0.47062,0.0
88.535103,250.404724,0.0,0.404714,0.0
88.543653,250.34726,0.0,0.347239,0.0
88.551993,250.298279,0.0,0.298278,0.0
88.558565,250.238266,0.0,0.238253,0.0
88.571306,250.190674,0.0,0.190652,0.0
88.595537,250.128159,0.0,0.12816,0.0
88.604794,250.106384,0.0,0.106347,0.0
88.610658,250.07605,0.0,0.076056,0.0
88.623886,250.058044,0.0,0.058027,0.0
88.623886,250.042236,0.0,0.042272,0.0
88.638391,250.029129,0.0,0.029154,0.0
88.655906,250.008636,0.0,0.008636,0.0
88.667618,250.004425,0.0,0.004424,0.0
88.675125,250.001877,0.0,0.001879,0.0
88.684698,250.000549,0.0,0.000536,0.0
88.69605,250.000015,0.0,-6e-06,0.0
88.70262,250.000015,0.0,-6e-06,0.0
88.710252,250.000015,0.0,-6e-06,0.0
88.719362,250.000015,0.0,-6e-06,0.0
88.726597,250.000015,0.0,-6e-06,0.0
88.736327,250.000015,0.0,-6e-06,0.0
88.741381,250.000015,0.0,-6e-06,0.0
88.751894,250.000015,0.0,-6e-06,0.0
88.758002,250.000015,0.0,-6e-06,0.0
88.76695,250.000015,0.0,-6e-06,0.0
88.772609,250.000015,0.0,-6e-06,0.0
88.782119,250.000015,0.0,-6e-06,0.0
88.791359,250.000015,0.0,-6e-06,0.0
88.797511,250.000015,0.0,-6e-06,0.0
88.807372,250.000015,0.0,-6e-06,0.0
88.809398,250.000015,0.0,-6e-06,0.0
88.827961,250.000015,0.0,-6e-06,0.0
88.8373,250.000015,0.0,-6e-06,0.0
88.855564,250.000015,0.0,-6e-06,0.0
88.857024,250.000015,0.0,-6e-06,0.0
88.870293,250.000015,0.0,-6e-06,0.0
88.877762,250.000015,0.0,-6e-06,0.0
88.89312,250.000015,0.0,-6e-06,0.0
88.909678,250.000015,0.0,-6e-06,0.0
88.925634,250.000015,0.0,-6e-06,0.0
88.936024,250.000015,0.0,-6e-06,0.0
88.948497,250.000015,0.0,-6e-06,0.0
88.968843,250.000015,0.0,0.000278,0.0
88.979297,250.000015,0.0,0.003601,0.0
88.993457,250.000015,0.0,0.020813,0.0
89.00316,250.000015,0.0,0.049271,0.0
89.014593,250.000031,0.0,0.078217,0.0
89.02349,250.000015,0.0,0.139034,0.0
89.035484,250.000046,0.0,0.19001,0.0
89.035484,250.000031,0.0,0.247731,0.0
89.05617,250.000015,0.0,0.343976,0.0
89.068179,250.000015,0.0,0.447698,0.0
89.084716,250.000015,0.0,0.594717,0.0
89.092139,250.000015,0.0,0.716452,0.0
89.102286,250.0,0.0,0.8548,0.0
89.115946,250.000031,0.0,0.959369,0.0
89.121855,250.000015,0.0,1.075921,0.0
89.135347,250.0,0.0,1.273867,0.0
89.142008,250.000015,0.0,1.41875,0.0
89.156248,250.000031,0.0,1.650889,0.0
89.170303,250.000015,0.0,1.978391,0.0
89.178082,250.0,0.0,2.146335,0.0
89.187115,250.000015,0.0,2.315765,0.0
89.193508,250.000015,0.0,2.487091,0.0
89.202501,250.000031,0.0,2.660909,0.0
89.211007,250.000015,0.0,2.837843,0.0
89.219349,250.000031,0.0,3.018531,0.0
89.235138,250.000015,0.0,3.392452,0.0
89.242167,250.000015,0.0,3.58481,0.0
89.251893,250.000031,0.0,3.779949,0.0
89.257644,250.000015,0.0,3.977209,0.0
89.267629,250.000031,0.0,4.17602,0.0
89.269696,250.0,0.0,4.375699,0.0
89.28419,250.000015,0.0,4.57567,0.0
89.288706,250.000015,0.0,4.775657,0.0
89.30736,250.000015,0.0,5.175644,0.0
89.308439,250.000015,0.0,5.375619,0.0
89.323122,250.000015,0.0,5.57562,0.0
89.329269,250.000015,0.0,5.77559,0.0
89.338284,250.000046,0.0,5.975578,0.0
89.347327,250.000015,0.0,6.175571,0.0
89.353912,250.000031,0.0,6.375556,0.0
89.370718,250.0,0.0,6.875527,0.0
89.386116,250.000015,0.0,7.175515,0.0
89.394645,250.000015,0.0,7.375497,0.0
89.402982,250.000031,0.0,7.575492,0.0
89.408504,250.000015,0.0,7.775468,0.0
89.423431,250.000031,0.0,8.075451,0.0
89.424457,250.000031,0.0,8.275433,0.0
89.453274,250.000046,0.0,8.875394,0.0
89.463262,250.000015,0.0,9.175375,0.0
89.47561,250.000046,0.0,9.375371,0.0
89.482878,250.000015,0.0,9.575335,0.0
89.486184,250.000015,0.0,9.775339,0.0
89.49818,250.000031,0.0,9.975327,0.0
89.505354,250.000015,0.0,10.175302,0.0
89.523499,250.000015,0.0,10.575283,0.0
89.529475,250.000015,0.0,10.775277,0.0
89.539197,250.000015,0.0,10.975255,0.0
89.546552,250.000015,0.0,11.175228,0.0
89.555104,250.0,0.0,11.475211,0.0
89.567598,250.0,0.0,11.675195,0.0
89.582094,250.000031,0.0,12.075179,0.0
89.591681,250.000031,0.0,12.275172,0.0
89.59823,250.0,0.0,12.475154,0.0
89.607987,250.000015,0.0,12.675138,0.0
89.615591,250.000031,0.0,12.875127,0.0
89.624088,250.000015,0.0,13.075113,0.0
89.637856,250.000015,0.0,13.475083,0.0
89.646314,250.000015,0.0,13.675085,0.0
89.655489,250.000031,0.0,13.875067,0.0
89.661916,250.000015,0.0,14.075055,0.0
89.670432,250.000015,0.0,14.275042,0.0
89.678352,250.0,0.0,14.475018,0.0
89.68587,250.000015,0.0,14.675009,0.0
89.693975,250.0,0.0,14.875007,0.0
89.709538,250.0,0.0,15.274983,0.0
89.718987,250.000046,0.0,15.474953,0.0
89.727251,250.000015,0.0,15.674948,0.0
89.735343,250.000031,0.0,15.874943,0.0
89.742476,250.000015,0.0,16.074921,0.0
89.751793,250.000015,0.0,16.274908,0.0
89.758201,250.000046,0.0,16.474886,0.0
89.767828,250.000015,0.0,16.674873,0.0
89.775341,250.000031,0.0,16.874863,0.0
89.784447,250.000031,0.0,17.074844,0.0
89.798594,250.0,0.0,17.474819,0.0
89.80793,250.0,0.0,17.674814,0.0
89.814962,250.000031,0.0,17.874802,0.0
89.82193,250.000015,0.0,18.074783,0.0
89.829604,250.000031,0.0,18.274767,0.0
89.839181,250.0,0.0,18.474762,0.0
89.846613,250.000015,0.0,18.674736,0.0
89.854198,250.000015,0.0,18.874737,0.0
89.868647,250.000015,0.0,19.274706,0.0
89.877989,250.000015,0.0,19.474691,0.0
89.885966,250.000015,0.0,19.674688,0.0
89.893771,250.000015,0.0,19.874657,0.0
89.904035,250.000015,0.0,20.074656,0.0
89.911001,250.000046,0.0,20.274641,0.0
89.918925,250.000015,0.0,20.474628,0.0
89.936147,250.000046,0.0,20.87459,0.0
89.942235,249.999985,0.0,21.074583,0.0
89.952107,250.000015,0.0,21.274586,0.0
89.95847,250.000015,0.0,21.474566,0.0
89.967669,250.000046,0.0,21.674536,0.0
89.9756,250.000015,0.0,21.874519,0.0
89.981834,250.000046,0.0,22.074526,0.0
89.991104,250.0,0.0,22.274511,0.0
90.007725,250.000015,0.0,22.774479,0.0
90.019525,250.0,0.0,22.974472,0.0
90.026501,250.000031,0.0,23.174437,0.0
90.036287,250.000015,0.0,23.374435,0.0
90.043482,250.000031,0.0,23.574423,0.0
90.052193,250.000015,0.0,23.774408,0.0
90.070854,250.0,0.0,24.274374,0.0
90.077256,250.000015,0.0,24.474363,0.0
90.088003,250.000046,0.0,24.674351,0.0
90.094266,250.000031,0.0,24.874327,0.0
90.103481,250.000015,0.0,25.074329,0.0
90.10761,250.0,0.0,25.274305,0.0
90.119818,250.000015,0.0,25.4743,0.0
90.135569,250.000031,0.0,25.874271,0.0
90.1423,250.0,0.0,26.074257,0.0
90.152048,250.000031,0.0,26.274252,0.0
90.159233,250.000015,0.0,26.47422,0.0
90.167752,250.000015,0.0,26.674208,0.0
90.175875,250.000015,0.0,26.874205,0.0
90.187935,250.000015,0.0,27.174181,0.0
90.195572,249.999985,0.0,27.374174,0.0
90.204293,250.000015,0.0,27.574171,0.0
90.208404,250.000015,0.0,27.774143,0.0
90.228302,250.000015,0.0,28.174114,0.0
90.236085,250.000046,0.0,28.3741,0.0
90.24232,250.000046,0.0,28.574087,0.0
90.252257,249.999985,0.0,28.77408,0.0
90.25815,250.000015,0.0,29.074059,0.0
90.270463,250.000046,0.0,29.274048,0.0
90.277854,250.000031,0.0,29.47402,0.0
90.286022,250.000015,0.0,29.674021,0.0
90.302068,250.000046,0.0,30.073997,0.0
90.311799,250.000031,0.0,30.273979,0.0
90.319288,250.0,0.0,30.473963,0.0
90.328338,250.000031,0.0,30.673943,0.0
90.339597,250.000015,0.0,30.973927,0.0
90.347471,250.0,0.0,31.173914,0.0
90.354395,250.000015,0.0,31.373909,0.0
90.372326,250.000031,0.0,31.873867,0.0
90.382141,250.000015,0.0,32.073864,0.0
90.392002,250.000015,0.0,32.273853,0.0
90.398315,250.000015,0.0,32.473839,0.0
90.407219,250.000015,0.0,32.673817,0.0
90.414588,250.000031,0.0,32.873802,0.0
90.423878,250.000031,0.0,33.173782,0.0
90.43668,250.000015,0.0,33.373772,0.0
90.443904,250.000031,0.0,33.673759,0.0
90.454519,250.000015,0.0,33.873737,0.0
90.4746,250.0,0.0,34.373707,0.0
90.484513,250.000031,0.0,34.573689,0.0
90.492334,250.000015,0.0,34.873672,0.0
90.503069,250.000015,0.0,35.173649,0.0
90.514733,250.000031,0.0,35.373634,0.0
90.518671,249.999985,0.0,35.573624,0.0
90.530308,250.0,0.0,35.773609,0.0
90.538968,250.000031,0.0,35.973595,0.0
90.556356,250.000031,0.0,36.373577,0.0
90.564617,250.000031,0.0,36.573555,0.0
90.575692,250.0,0.0,36.873547,0.0
90.575692,250.000031,0.0,37.073528,0.0
90.596532,250.000015,0.0,37.373501,0.0
90.603068,250.000061,0.0,37.673485,0.0
90.616485,250.000015,0.0,37.873478,0.0
90.639498,250.000031,0.0,38.473423,0.0
90.647852,250.000015,0.0,38.673416,0.0
90.653025,250.000015,0.0,38.873413,0.0
90.662628,250.000015,0.0,39.073399,0.0
90.670723,250.000015,0.0,39.273373,0.0
90.670723,250.0,0.0,39.47337,0.0
90.686181,250.000015,0.0,39.673347,0.0
90.693785,250.0,0.0,39.873337,0.0
90.710297,250.000015,0.0,40.373302,0.0
90.723344,249.999985,0.0,40.573299,0.0
90.731825,250.0,0.0,40.773285,0.0
90.736445,250.000015,0.0,40.973263,0.0
90.746162,250.0,0.0,41.173256,0.0
90.755477,250.000031,0.0,41.373241,0.0
90.761991,250.000015,0.0,41.573231,0.0
90.769889,250.000015,0.0,41.873207,0.0
90.784237,250.000015,0.0,42.073193,0.0
90.790818,250.000015,0.0,42.273178,0.0
90.79801,250.000015,0.0,42.473183,0.0
90.807914,250.000031,0.0,42.673157,0.0
90.814502,250.000015,0.0,42.873142,0.0
90.822295,250.0,0.0,43.073135,0.0
90.838787,250.000046,0.0,43.573105,0.0
90.852014,250.000015,0.0,43.77309,0.0
90.858158,250.000015,0.0,43.973061,0.0
90.867742,250.0,0.0,44.173054,0.0
90.875327,250.000015,0.0,44.373039,0.0
90.884393,250.000031,0.0,44.573029,0.0
90.891305,249.999985,0.0,44.773022,0.0
90.898342,249.999985,0.0,44.973007,0.0
90.916363,250.000015,0.0,45.372982,0.0
90.92295,250.000031,0.0,45.572975,0.0
90.931116,250.000031,0.0,45.772957,0.0
90.938176,250.000015,0.0,45.972939,0.0
90.946504,250.000015,0.0,46.172924,0.0
90.955083,250.000015,0.0,46.37291,0.0
90.964091,250.000015,0.0,46.572895,0.0
90.971867,250.000015,0.0,46.772888,0.0
90.985375,250.0,0.0,47.172867,0.0
90.995676,250.000031,0.0,47.372856,0.0
91.002719,250.000031,0.0,47.572834,0.0
91.009717,250.000015,0.0,47.772812,0.0
91.019521,250.000031,0.0,47.972805,0.0
91.027673,249.999985,0.0,48.172794,0.0
91.035372,250.0,0.0,48.372768,0.0
91.041414,250.000031,0.0,48.572769,0.0
91.057851,250.000031,0.0,48.972733,0.0
91.067927,250.0,0.0,49.172733,0.0
91.071643,250.000015,0.0,49.372711,0.0
91.083878,250.000015,0.0,49.572704,0.0
91.08608,250.000015,0.0,49.772686,0.0
91.098397,250.000015,0.0,49.972672,0.0
91.102389,250.0,0.0,50.172665,0.0
91.113767,250.0,0.0,50.372658,0.0
91.131495,249.999985,0.0,50.772621,0.0
91.138717,250.000031,0.0,50.972603,0.0
91.146512,249.999985,0.0,51.172585,0.0
91.15415,250.000015,0.0,51.372578,0.0
91.162599,250.000015,0.0,51.572567,0.0
91.169183,250.0,0.0,51.872543,0.0
91.183757,250.000015,0.0,52.072544,0.0
91.187778,249.999985,0.0,52.272514,0.0
91.202576,249.999985,0.0,52.672493,0.0
91.21594,249.999969,0.0,52.87249,0.0
91.222944,250.0,0.0,53.17247,0.0
91.235907,250.0,0.0,53.372456,0.0
91.241931,250.0,0.0,53.57243,0.0
91.251886,250.0,0.0,53.772427,0.0
91.25635,250.000015,0.0,53.972416,0.0
91.275767,250.0,0.0,54.372383,0.0
91.284306,250.000015,0.0,54.572369,0.0
91.291512,249.999985,0.0,54.772358,0.0
91.297882,250.000031,0.0,54.972347,0.0
91.306381,249.999969,0.0,55.172333,0.0
91.314297,250.000015,0.0,55.372314,0.0
91.323554,249.999985,0.0,55.572304,0.0
91.330695,250.000015,0.0,55.772301,0.0
91.339355,250.000015,0.0,55.972279,0.0
91.353707,250.0,0.0,56.372257,0.0
91.361375,250.0,0.0,56.572235,0.0
91.375513,249.999969,0.0,56.872215,0.0
91.383766,250.000015,0.0,57.072212,0.0
91.391144,250.0,0.0,57.272182,0.0
91.391144,250.000031,0.0,57.472176,0.0
91.408004,249.999985,0.0,57.672165,0.0
91.414407,250.000015,0.0,57.872147,0.0
91.435649,250.000015,0.0,58.372116,0.0
91.444125,250.0,0.0,58.572102,0.0
91.451246,250.000031,0.0,58.772099,0.0
91.458949,250.0,0.0,58.972076,0.0
91.467792,250.0,0.0,59.172062,0.0
91.475151,249.999985,0.0,59.372059,0.0
91.482019,249.999985,0.0,59.572041,0.0
91.498884,250.0,0.0,59.972015,0.0
91.507284,250.000015,0.0,60.171993,0.0
91.5152,250.000015,0.0,60.371994,0.0
91.523202,250.000015,0.0,60.57198,0.0
91.535846,250.000015,0.0,60.871944,0.0
91.539918,249.999985,0.0,61.071938,0.0
91.551975,250.0,0.0,61.271927,0.0
91.559828,249.999969,0.0,61.471912,0.0
91.567675,250.000015,0.0,61.671902,0.0
91.575258,250.000031,0.0,61.871887,0.0
91.584359,250.0,0.0,62.071869,0.0
91.599042,249.999985,0.0,62.471851,0.0
91.607553,250.0,0.0,62.671829,0.0
91.619869,249.999985,0.0,62.971821,0.0
91.624247,250.0,0.0,63.171803,0.0
91.635952,249.999985,0.0,63.371788,0.0
91.635952,250.0,0.0,63.571777,0.0
91.653221,250.0,0.0,63.87175,0.0
91.669865,249.999985,0.0,64.271729,0.0
91.680051,250.0,0.0,64.47171,0.0
91.687618,250.000015,0.0,64.6717,0.0
91.693837,250.0,0.0,64.871689,0.0
91.703187,250.0,0.0,65.071671,0.0
91.715472,249.999985,0.0,65.371651,0.0
91.720042,250.0,0.0,65.57164,0.0
91.73096,250.0,0.0,65.771629,0.0
91.73857,250.0,0.0,65.971611,0.0
91.753191,250.0,0.0,66.37159,0.0
91.767506,249.999969,0.0,66.671577,0.0
91.775459,250.000015,0.0,66.871559,0.0
91.78507,249.999985,0.0,67.071548,0.0
91.793801,250.0,0.0,67.371521,0.0
91.80296,250.0,0.0,67.571503,0.0
91.811995,250.0,0.0,67.771492,0.0
91.819423,249.999969,0.0,67.971481,0.0
91.826468,250.000015,0.0,68.271469,0.0
91.837893,249.999985,0.0,68.471458,0.0
91.857992,249.999985,0.0,69.071411,0.0
91.871606,250.000015,0.0,69.371391,0.0
91.887424,249.999985,0.0,69.671379,0.0
91.888419,249.999985,0.0,69.871353,0.0
91.90309,249.999985,0.0,70.171333,0.0
91.919311,250.000015,0.0,70.471313,0.0
91.927261,249.999969,0.0,70.671303,0.0
91.935551,249.999985,0.0,70.8713,0.0
91.942343,250.000031,0.0,71.171272,0.0
91.954677,250.000031,0.0,71.371254,0.0
91.975657,250.0,0.0,71.871223,0.0
91.984501,250.0,0.0,72.071213,0.0
91.991672,249.999985,0.0,72.271202,0.0
91.998462,249.999985,0.0,72.471184,0.0
92.007886,250.0,0.0,72.671173,0.0
92.008906,249.999985,0.0,72.871162,0.0
92.022707,250.0,0.0,73.171143,0.0
92.036405,250.0,0.0,73.571114,0.0
92.05153,249.999985,0.0,73.771103,0.0
92.059667,250.0,0.0,73.971085,0.0
92.069497,250.0,0.0,74.271072,0.0
92.077976,249.999985,0.0,74.471054,0.0
92.087637,249.999985,0.0,74.671036,0.0
92.091256,250.000015,0.0,74.871033,0.0
92.102568,249.999985,0.0,75.071014,0.0
92.119212,250.000015,0.0,75.47097,0.0
92.126363,250.0,0.0,75.670975,0.0
92.136055,249.999985,0.0,75.870956,0.0
92.143054,250.000031,0.0,76.070961,0.0
92.152077,249.999985,0.0,76.270935,0.0
92.158757,250.0,0.0,76.470924,0.0
92.171992,250.0,0.0,76.770905,0.0
92.186021,249.999985,0.0,77.17086,0.0
92.195477,250.0,0.0,77.37085,0.0
92.202633,249.999969,0.0,77.570847,0.0
92.20995,249.999985,0.0,77.770851,0.0
92.228923,250.0,0.0,77.970825,0.0
92.246139,249.999969,0.0,78.670784,0.0
92.255176,250.000031,0.0,78.870758,0.0
92.264274,249.999969,0.0,79.070747,0.0
92.269152,250.0,0.0,79.370728,0.0
92.284671,249.999985,0.0,79.570702,0.0
92.296195,250.000015,0.0,79.870689,0.0
92.315273,249.999985,0.0,80.370659,0.0
92.323107,250.000031,0.0,80.570648,0.0
92.330042,249.999969,0.0,80.77063,0.0
92.338254,249.999954,0.0,80.970612,0.0
92.346513,249.999985,0.0,81.170609,0.0
92.354538,250.000015,0.0,81.370605,0.0
92.361534,249.999985,0.0,81.570595,0.0
92.37975,249.999985,0.0,81.970551,0.0
92.388979,249.999985,0.0,82.270538,0.0
92.400196,250.000015,0.0,82.470528,0.0
92.419515,250.000031,0.0,82.97049,0.0
92.4276,249.999969,0.0,83.170479,0.0
92.436247,250.000015,0.0,83.370461,0.0
92.441707,250.0,0.0,83.670448,0.0
92.455727,249.999969,0.0,83.870422,0.0
92.46191,249.999985,0.0,84.070419,0.0
92.469743,249.999985,0.0,84.270401,0.0
92.486259,250.0,0.0,84.670387,0.0
92.49367,249.999985,0.0,84.870361,0.0
92.502919,250.000015,0.0,85.070351,0.0
92.509793,250.0,0.0,85.27034,0.0
92.523965,250.000015,0.0,85.570312,0.0
92.525995,250.000031,0.0,85.770294,0.0
92.539274,249.999969,0.0,85.970291,0.0
92.547917,250.0,0.0,86.170288,0.0
92.562522,249.999985,0.0,86.570251,0.0
92.570756,250.0,0.0,86.870239,0.0
92.581837,250.000015,0.0,87.070229,0.0
92.592587,249.999985,0.0,87.270195,0.0
92.598479,250.000031,0.0,87.470184,0.0
92.60763,250.000015,0.0,87.670189,0.0
92.616066,249.999985,0.0,87.870171,0.0
92.636405,250.000015,0.0,88.370132,0.0
92.648031,249.999969,0.0,88.670113,0.0
92.654055,250.0,0.0,88.870102,0.0
92.662058,250.0,0.0,89.070091,0.0
92.670089,250.000015,0.0,89.370056,0.0
92.682659,250.0,0.0,89.570053,0.0
92.69808,249.999985,0.0,89.970032,0.0
92.708156,250.000015,0.0,90.170021,0.0
92.714337,250.000015,0.0,90.369995,0.0
92.722506,250.0,0.0,90.569977,0.0
92.732246,250.000015,0.0,90.769974,0.0
92.738983,250.000015,0.0,90.969955,0.0
92.745718,250.000015,0.0,91.16996,0.0
92.753941,250.0,0.0,91.369934,0.0
92.776183,249.999985,0.0,91.869896,0.0
92.787595,249.999985,0.0,92.169876,0.0
92.792645,249.999985,0.0,92.369873,0.0
92.803185,250.000015,0.0,92.569855,0.0
92.808203,249.999969,0.0,92.769836,0.0
92.819257,249.999985,0.0,93.069824,0.0
92.830106,249.999954,0.0,93.269806,0.0
92.846171,249.999969,0.0,93.669769,0.0
92.856053,250.0,0.0,93.869766,0.0
92.862861,250.0,0.0,94.069771,0.0
92.869834,249.999969,0.0,94.269745,0.0
92.878125,250.0,0.0,94.469727,0.0
92.886497,249.999985,0.0,94.669701,0.0
92.895159,250.0,0.0,94.86969,0.0
92.903796,250.000015,0.0,95.069687,0.0
92.919585,250.000015,0.0,95.469666,0.0
92.925442,250.000015,0.0,95.669655,0.0
92.93611,250.0,0.0,95.869637,0.0
92.943849,250.0,0.0,96.069611,0.0
92.952273,249.999985,0.0,96.269608,0.0
92.958617,249.999985,0.0,96.469604,0.0
92.969407,249.999969,0.0,96.768814,0.0
92.98616,249.999985,0.0,97.159866,0.0
92.994269,250.0,0.0,97.348969,0.0
93.002695,250.000015,0.0,97.53196,0.0
93.012388,250.000015,0.0,97.707497,0.0
93.019726,249.999985,0.0,97.874237,0.0
93.026193,250.000031,0.0,98.031677,0.0
93.037729,250.0,0.0,98.181,0.0
93.045533,249.999985,0.0,98.3927,0.0
93.056193,249.999985,0.0,98.527626,0.0
93.071683,250.0,0.0,98.788361,0.0
93.075928,249.999985,0.0,98.915024,0.0
93.085835,250.000031,0.0,99.037994,0.0
93.095037,250.000031,0.0,99.155479,0.0
93.102561,249.999985,0.0,99.265617,0.0
93.110301,250.0,0.0,99.366608,0.0
93.119405,250.0,0.0,99.456635,0.0
93.12785,249.999985,0.0,99.534081,0.0
93.147072,250.0,0.0,99.679657,0.0
93.154616,250.0,0.0,99.72348,0.0
93.163002,250.000031,0.0,99.76178,0.0
93.170254,250.0,0.0,99.812622,0.0
93.18456,250.0,0.0,99.843925,0.0
93.190802,250.000015,0.0,99.873627,0.0
93.198272,249.999954,0.0,99.901184,0.0
93.208478,250.0,0.0,99.925934,0.0
93.223142,250.000031,0.0,99.97168,0.0
93.236279,250.0,0.0,99.982849,0.0
93.243803,250.0,0.0,99.990601,0.0
93.252274,250.000031,0.0,99.995575,0.0
93.259186,250.0,0.0,99.998383,0.0
93.267871,250.0,0.0,99.999641,0.0
93.269881,249.999969,0.0,100.0,0.0
93.284617,249.999969,0.0,100.0,0.0
93.29136,249.999969,0.0,100.0,0.0
93.303503,249.999969,0.0,100.0,0.0
93.311299,249.999969,0.0,100.0,0.0
93.319146,249.999969,0.0,100.0,0.0
93.325006,249.999969,0.0,100.0,0.0
93.335502,249.999969,0.0,100.0,0.0
93.337999,249.999969,0.0,100.0,0.0
93.352097,249.999969,0.0,100.0,0.0
93.356817,249.999969,0.0,100.0,0.0
93.36787,249.999969,0.0,100.0,0.0
93.380563,249.999969,0.0,100.0,0.0
93.386457,249.999969,0.0,100.0,0.0
93.396369,249.999969,0.0,100.0,0.0
93.404177,249.999969,0.0,100.0,0.0
93.409338,249.999969,0.0,100.0,0.0
93.424235,249.999969,0.0,100.0,0.0
93.430263,249.999969,0.0,100.0,0.0
93.438703,249.999969,0.0,100.0,0.0
93.447002,249.999969,0.0,100.0,0.0
93.453227,249.999969,0.0,100.0,0.0
93.463621,249.999969,0.0,100.0,0.0
93.470788,249.999969,0.0,100.0,0.0
93.478461,249.999969,0.0,100.0,0.0
93.488323,249.999969,0.0,100.0,0.0
93.495898,249.999969,0.0,100.0,0.0
93.502864,249.999969,0.0,100.0,0.0
93.50976,249.999969,0.0,100.0,0.0
93.519867,249.999969,0.0,100.0,0.0
93.525846,249.999969,0.0,100.0,0.0
93.536635,249.999969,0.0,100.0,0.0
93.541801,249.999969,0.0,100.0,0.0
93.555565,249.999969,0.0,100.0,0.0
93.567626,249.999969,0.0,100.0,0.0
93.574945,249.999969,0.0,100.0,0.0
93.58632,249.999969,0.0,100.0,0.0
93.594145,249.999969,0.0,100.0,0.0
93.603766,249.999969,0.0,100.0,0.0
93.608904,249.999969,0.0,100.0,0.0
93.620241,249.999969,0.0,100.0,0.0
93.629946,249.999969,0.0,100.0,0.0
93.64132,249.999969,0.0,100.0,0.0
93.655594,249.999969,0.0,100.0,0.0
93.656416,249.999969,0.0,100.0,0.0
93.670151,249.999969,0.0,100.0,0.0
93.684664,249.999969,0.0,100.0,0.0
93.696185,249.999969,0.0,100.0,0.0
93.702887,249.999969,0.0,100.0,0.0
93.710715,249.999969,0.0,100.0,0.0
93.723439,249.999969,0.0,100.0,0.0
93.735724,249.999969,0.0,100.0,0.0
93.747822,249.999969,0.0,100.0,0.0
93.754683,249.999969,0.0,100.0,0.0
93.762259,249.999969,0.0,100.0,0.0
93.770033,249.999969,0.0,100.0,0.0
93.78693,249.999969,0.0,100.0,0.0
93.794406,249.999969,0.0,100.0,0.0
93.802818,249.999969,0.0,100.0,0.0
93.810365,249.999969,0.0,100.0,0.0
93.819858,249.999969,0.0,100.0,0.0
93.826974,249.999969,0.0,100.0,0.0
93.83917,249.999969,0.0,100.0,0.0
93.847257,249.999969,0.0,100.0,0.0
93.854649,249.999969,0.0,100.0,0.0
93.861959,249.999969,0.0,100.0,0.0
93.869626,249.999969,0.0,100.0,0.0
93.878344,249.999969,0.0,100.0,0.0
93.8875,249.999969,0.0,100.0,0.0
93.896113,249.999969,0.0,100.0,0.0
93.903332,249.999969,0.0,100.0,0.0
93.910365,249.999969,0.0,100.0,0.0
93.919524,249.999969,0.0,100.0,0.0
93.929909,249.999969,0.0,100.0,0.0
93.938908,249.999969,0.0,100.0,0.0
93.947875,249.999969,0.0,100.0,0.0
93.955333,249.999969,0.0,100.0,0.0
93.962146,249.999969,0.0,100.0,0.0
93.971447,249.999969,0.0,100.0,0.0
93.98613,249.999969,0.0,100.0,0.0
93.995595,249.999969,0.0,100.0,0.0
94.003193,249.999969,0.0,100.0,0.0
94.01784,249.999969,0.0,100.0,0.0
94.029397,249.999969,0.0,100.0,0.0
94.036985,249.999969,0.0,100.0,0.0
94.047007,249.999969,0.0,100.0,0.0
94.054038,249.999969,0.0,100.0,0.0
94.061843,249.999969,0.0,100.0,0.0
94.069426,249.999969,0.0,100.0,0.0
94.078575,249.999969,0.0,100.0,0.0
94.091972,249.999969,0.0,100.0,0.0
94.099243,249.999969,0.0,100.0,0.0
94.106912,249.999969,0.0,100.0,0.0
94.114012,249.999969,0.0,100.0,0.0
94.119925,249.999969,0.0,100.0,0.0
94.135846,249.999969,0.0,100.0,0.0
94.143151,249.999969,0.0,100.0,0.0
94.155234,249.999969,0.0,100.0,0.0
94.162756,249.999969,0.0,100.0,0.0
94.171056,249.999969,0.0,100.0,0.0
94.185998,249.999969,0.0,100.0,0.0
94.194304,249.999969,0.0,100.0,0.0
94.20432,249.999969,0.0,100.0,0.0
94.209426,249.999969,0.0,100.0,0.0
94.219817,249.999969,0.0,100.0,0.0
94.224881,249.999969,0.0,100.0,0.0
94.235704,249.999969,0.0,100.0,0.0
94.244091,249.999969,0.0,100.0,0.0
94.251256,249.999969,0.0,100.0,0.0
94.258049,249.999969,0.0,100.0,0.0
94.268019,249.999969,0.0,100.0,0.0
94.275408,249.999969,0.0,100.0,0.0
94.282042,249.999969,0.0,100.0,0.0
94.291139,249.999969,0.0,100.0,0.0
94.29768,249.999969,0.0,100.0,0.0
94.306551,249.999969,0.0,100.0,0.0
94.316316,249.999969,0.0,100.0,0.0
94.323075,249.999969,0.0,100.0,0.0
94.329742,249.999969,0.0,100.0,0.0
94.339926,249.999969,0.0,100.0,0.0
94.348374,249.999969,0.0,100.0,0.0
94.356233,249.999969,0.0,100.0,0.0
94.362527,249.999969,0.0,100.0,0.0
94.37632,249.999969,0.0,100.0,0.0
94.384529,249.999969,0.0,100.0,0.0
94.391744,249.999969,0.0,100.0,0.0
94.399624,249.999969,0.0,100.0,0.0
94.406643,249.999969,0.0,100.0,0.0
94.414647,249.999969,0.0,100.0,0.0
94.423468,249.999969,0.0,100.0,0.0
94.429994,249.999969,0.0,100.0,0.0
94.438454,249.999969,0.0,100.0,0.0
94.446012,249.999969,0.0,100.0,0.0
94.456851,249.999969,0.0,100.0,0.0
94.463005,249.999969,0.0,100.0,0.0
94.471079,249.999969,0.0,100.0,0.0
94.478494,249.999969,0.0,100.0,0.0
94.488076,249.999969,0.0,100.0,0.0
94.495835,249.999969,0.0,100.0,0.0
94.503159,249.999969,0.0,100.0,0.0
94.514286,249.999969,0.0,100.0,0.0
94.524212,249.999969,0.0,100.0,0.0
94.535856,249.999969,0.0,100.0,0.0
94.544667,249.999969,0.0,100.0,0.0
94.552462,249.999969,0.0,100.0,0.0
94.55339,249.999969,0.0,100.0,0.0
94.569032,249.999969,0.0,100.0,0.0
94.575628,249.999969,0.0,100.0,0.0
94.587769,249.999969,0.0,100.0,0.0
94.587769,249.999969,0.0,100.0,0.0
94.603445,249.999969,0.0,100.0,0.0
94.608958,249.999969,0.0,100.0,0.0
94.620663,249.999969,0.0,100.0,0.0
94.627077,249.999969,0.0,100.0,0.0
94.637572,249.999969,0.0,100.0,0.0
94.645991,249.999969,0.0,100.0,0.0
94.656235,249.999969,0.0,100.0,0.0
94.659252,249.999969,0.0,100.0,0.0
94.669971,249.999969,0.0,100.0,0.0
94.678099,249.999969,0.0,100.0,0.0
94.686566,249.999969,0.0,100.0,0.0
94.695035,249.999969,0.0,100.0,0.0
94.702706,249.999969,0.0,100.0,0.0
94.711209,249.999969,0.0,100.0,0.0
94.720824,249.999969,0.0,100.0,0.0
94.725453,249.999969,0.0,100.0,0.0
94.735932,249.999969,0.0,100.0,0.0
94.737632,249.999969,0.0,100.0,0.0
94.75272,249.999969,0.0,100.0,0.0
94.764202,249.999969,0.0,100.0,0.0
94.776279,249.999969,0.0,100.0,0.0
94.7886,249.999969,0.0,100.0,0.0
94.793109,249.999969,0.0,100.0,0.0
94.808473,249.999969,0.0,100.0,0.0
94.819634,249.999969,0.0,100.0,0.0
94.827038,249.999969,0.0,100.0,0.0
94.839922,249.999969,0.0,100.0,0.0
94.847149,249.999969,0.0,100.0,0.0
94.852328,249.999969,0.0,100.0,0.0
94.862335,249.999969,0.0,100.0,0.0
94.87019,249.999969,0.0,100.0,0.0
94.877593,249.999969,0.0,100.0,0.0
94.887418,249.999969,0.0,100.0,0.0
94.898314,249.999969,0.0,100.0,0.0
94.909262,249.999969,0.0,100.0,0.0
94.920006,249.999969,0.0,100.0,0.0
94.927665,249.999969,0.0,100.0,0.0
94.93847,249.999969,0.0,100.0,0.0
94.947866,249.999969,0.0,100.0,0.0
94.95539,249.999969,0.0,100.0,0.0
94.961857,249.999969,0.0,100.0,0.0
94.972335,249.999969,0.0,100.0,0.0
94.975514,249.999969,0.0,100.0,0.0
94.986984,249.999969,0.0,100.0,0.0
94.99584,249.999969,0.0,100.0,0.0
95.002925,249.999969,0.0,100.0,0.0
95.010457,249.999969,0.0,100.0,0.0
95.019626,249.999969,0.0,100.0,0.0
95.028413,249.999969,0.0,100.0,0.0
95.039565,249.999969,0.0,100.0,0.0
95.047576,249.999969,0.0,100.0,0.0
95.053457,249.999969,0.0,100.0,0.0
95.064286,249.999969,0.0,100.0,0.0
95.070253,249.999969,0.0,100.0,0.0
95.078931,249.999969,0.0,100.0,0.0
95.088238,249.999969,0.0,100.0,0.0
95.096025,249.999969,0.0,100.0,0.0
95.103537,249.999969,0.0,100.0,0.0
95.108837,249.999969,0.0,100.0,0.0
95.120408,249.999969,0.0,100.0,0.0
95.128575,249.999969,0.0,100.0,0.0
95.136253,249.999969,0.0,100.0,0.0
95.142749,249.999969,0.0,100.0,0.0
95.151088,249.999969,0.0,100.0,0.0
95.158835,249.999969,0.0,100.0,0.0
95.166869,249.999969,0.0,100.0,0.0
95.175184,249.999969,0.0,100.0,0.0
95.182456,249.999969,0.0,100.0,0.0
95.191876,249.999969,0.0,100.0,0.0
95.198134,249.999969,0.0,100.0,0.0
95.206459,249.999969,0.0,100.0,0.0
95.214633,249.999969,0.0,100.0,0.0
95.223991,249.999969,0.0,100.0,0.0
95.230248,249.999969,0.0,100.0,0.0
95.23891,249.999969,0.0,100.0,0.0
95.246937,249.999969,0.0,100.0,0.0
95.255284,249.999969,0.0,100.0,0.0
95.262228,249.999969,0.0,100.0,0.0
95.271343,249.999969,0.0,100.0,0.0
95.287467,249.999969,0.0,100.0,0.0
95.294495,249.999969,0.0,100.0,0.0
95.302943,249.999969,0.0,100.0,0.0
95.310102,249.999969,0.0,100.0,0.0
95.319605,249.999969,0.0,100.0,0.0
95.326216,249.999969,0.0,100.0,0.0
95.336354,249.999969,0.0,100.0,0.0
95.344002,249.999969,0.0,100.0,0.0
95.352371,249.999969,0.0,100.0,0.0
95.357851,249.999969,0.0,100.0,0.0
95.371651,249.999969,0.0,100.0,0.0
95.382648,249.999969,0.0,100.0,0.0
95.391625,249.999969,0.0,100.0,0.0
95.398367,249.999969,0.0,100.0,0.0
95.406498,249.999969,0.0,100.0,0.0
95.413703,249.999969,0.0,100.0,0.0
95.422661,249.999969,0.0,100.0,0.0
95.431774,249.999969,0.0,100.0,0.0
95.439307,249.999969,0.0,100.0,0.0
95.445119,249.999969,0.0,100.0,0.0
95.455838,249.999969,0.0,100.0,0.0
95.455838,249.999969,0.0,100.0,0.0
95.47234,249.999969,0.0,100.0,0.0
95.479792,249.999969,0.0,100.0,0.0
95.488035,249.999969,0.0,100.0,0.0
95.494075,249.999969,0.0,100.0,0.0
95.502717,249.999969,0.0,100.0,0.0
95.509452,249.999969,0.0,100.0,0.0
95.519814,249.999969,0.0,100.0,0.0
95.527706,249.999969,0.0,100.0,0.0
95.535967,249.999969,0.0,100.0,0.0
95.543498,249.999969,0.0,100.0,0.0
95.551679,249.999969,0.0,100.0,0.0
95.559091,249.999969,0.0,100.0,0.0
95.568051,249.999969,0.0,100.0,0.0
95.574742,249.999969,0.0,100.0,0.0
95.582434,249.999969,0.0,100.0,0.0
95.595903,249.999969,0.0,100.0,0.0
95.602346,249.999969,0.0,100.0,0.0
95.616187,249.999969,0.0,100.0,0.0
95.624596,249.999969,0.0,100.0,0.0
95.626105,249.999969,0.0,100.0,0.0
95.639599,249.999969,0.0,100.0,0.0
95.652139,249.999969,0.0,100.0,0.0
95.657152,249.999969,0.0,100.0,0.0
95.668197,249.999969,0.0,100.0,0.0
95.676473,249.999969,0.0,100.0,0.0
95.683241,249.999969,0.0,100.0,0.0
95.692093,249.999969,0.0,100.0,0.0
95.692968,249.999969,0.0,100.0,0.0
95.708036,249.999969,0.0,100.0,0.0
95.715196,249.999969,0.0,100.0,0.0
95.720064,249.999969,0.0,100.0,0.0
95.736501,249.999969,0.0,100.0,0.0
95.743304,249.999969,0.0,100.0,0.0
95.755379,249.999969,0.0,100.0,0.0
95.762939,249.999969,0.0,100.0,0.0
95.770061,249.999969,0.0,100.0,0.0
95.78442,249.999969,0.0,100.0,0.0
95.788785,249.999969,0.0,100.0,0.0
95.804013,249.999969,0.0,100.0,0.0
95.814112,249.999969,0.0,100.0,0.0
95.819162,249.999969,0.0,100.0,0.0
95.83588,249.999969,0.0,100.0,0.0
95.84167,249.999969,0.0,100.0,0.0
95.852799,249.999969,0.0,100.0,0.0
95.863363,249.999969,0.0,100.0,0.0
95.870314,249.999969,0.0,100.0,0.0
95.878084,249.999969,0.0,100.0,0.0
95.886568,249.999969,0.0,100.0,0.0
95.895922,249.999969,0.0,100.0,0.0
95.902838,249.999969,0.0,100.0,0.0
95.909997,249.999969,0.0,100.0,0.0
95.920706,249.999969,0.0,100.0,0.0
95.925805,249.999969,0.0,100.0,0.0
95.93614,249.999969,0.0,100.0,0.0
95.941646,249.999969,0.0,100.0,0.0
95.952398,249.999969,0.0,100.0,0.0
95.957897,249.999969,0.0,100.0,0.0
95.967813,249.999969,0.0,100.0,0.0
95.972389,249.999969,0.0,100.0,0.0
95.983412,249.999969,0.0,100.0,0.0
95.991437,249.999969,0.0,100.0,0.0
95.998244,249.999969,0.0,100.0,0.0
96.007572,249.999969,0.0,100.0,0.0
96.01351,249.999969,0.0,100.0,0.0
96.022026,249.999969,0.0,100.0,0.0
96.029514,249.999969,0.0,100.0,0.0
96.040813,249.999969,0.0,100.0,0.0
96.046686,249.999969,0.0,100.0,0.0
96.056099,249.999969,0.0,100.0,0.0
96.062157,249.999969,0.0,100.0,0.0
96.069654,249.999969,0.0,100.0,0.0
96.077761,249.999969,0.0,100.0,0.0
96.086531,249.999969,0.0,100.0,0.0
96.093837,249.999969,0.0,100.0,0.0
96.103179,249.999969,0.0,100.0,0.0
96.111435,249.999969,0.0,100.0,0.0
96.119701,249.999969,0.0,100.0,0.0
96.125816,249.999969,0.0,100.0,0.0
96.136725,249.999969,0.0,100.0,0.0
96.142453,249.999969,0.0,100.0,0.0
96.155688,249.999969,0.0,100.0,0.0
96.168612,249.999969,0.0,100.0,0.0
96.176727,249.999969,0.0,100.0,0.0
96.187799,249.999969,0.0,100.0,0.0
96.192845,249.999969,0.0,100.0,0.0
96.204048,249.999969,0.0,100.0,0.0
96.208494,249.999969,0.0,100.0,0.0
96.219974,249.999969,0.0,100.0,0.0
96.226439,249.999969,0.0,100.0,0.0
96.236392,249.999969,0.0,100.0,0.0
96.247819,249.999969,0.0,100.0,0.0
96.253801,249.999969,0.0,100.0,0.0
96.262492,249.999969,0.0,100.0,0.0
96.270557,249.999969,0.0,100.0,0.0
96.284575,249.999969,0.0,100.0,0.0
96.288486,249.999969,0.0,100.0,0.0
96.29878,249.999969,0.0,100.0,0.0
96.307012,249.999969,0.0,100.0,0.0
96.320865,249.999969,0.0,100.0,0.0
96.326194,249.999969,0.0,100.0,0.0
96.336368,249.999969,0.0,100.0,0.0
96.34757,249.999969,0.0,100.0,0.0
96.355431,249.999969,0.0,100.0,0.0
96.368275,249.999969,0.0,100.0,0.0
96.37603,249.999969,0.0,100.0,0.0
96.382636,249.999969,0.0,100.0,0.0
96.391874,249.999969,0.0,100.0,0.0
96.39852,249.999969,0.0,100.0,0.0
96.407989,249.999969,0.0,100.0,0.0
96.414853,249.999969,0.0,100.0,0.0
96.419364,249.999969,0.0,100.0,0.0
96.431834,249.999969,0.0,100.0,0.0
96.438224,249.999969,0.0,100.0,0.0
96.44694,249.999969,0.0,100.0,0.0
96.455955,249.999969,0.0,100.0,0.0
96.461974,249.999969,0.0,100.0,0.0
96.470345,249.999969,0.0,100.0,0.0
96.483955,249.999969,0.0,100.0,0.0
96.492045,249.999969,0.0,100.0,0.0
96.497951,249.999969,0.0,100.0,0.0
96.507767,249.999969,0.0,100.0,0.0
96.514165,249.999969,0.0,100.0,0.0
96.522591,249.999969,0.0,100.0,0.0
96.532624,249.999969,0.0,100.0,0.0
96.544028,249.999969,0.0,100.0,0.0
96.552567,249.999969,0.0,100.0,0.0
96.559387,249.999969,0.0,100.0,0.0
96.571225,249.999969,0.0,100.0,0.0
96.575788,249.999969,0.0,100.0,0.0
96.588119,249.999969,0.0,100.0,0.0
96.59876,249.999969,0.0,100.0,0.0
96.607304,249.999969,0.0,100.0,0.0
96.619642,249.999969,0.0,100.0,0.0
96.62741,249.999969,0.0,100.0,0.0
96.637442,249.999969,0.0,100.0,0.0
96.643988,249.999969,0.0,100.0,0.0
96.655642,249.999969,0.0,100.0,0.0
96.668525,249.999969,0.0,100.0,0.0
96.675448,249.999969,0.0,100.0,0.0
96.688256,249.999969,0.0,100.0,0.0
96.695174,249.999969,0.0,100.0,0.0
96.703242,249.999969,0.0,100.0,0.0
96.712188,249.999969,0.0,100.0,0.0
96.719796,249.999969,0.0,100.0,0.0
96.726621,249.999969,0.0,100.0,0.0
96.736678,249.999969,0.0,100.0,0.0
96.744235,249.999969,0.0,100.0,0.0
96.754485,249.999969,0.0,100.0,0.0
96.762742,249.999969,0.0,100.0,0.0
96.77091,249.999969,0.0,100.0,0.0
96.786542,249.999969,0.0,100.0,0.0
96.795144,249.999969,0.0,100.0,0.0
96.804188,249.999969,0.0,100.0,0.0
96.809314,249.999969,0.0,100.0,0.0
96.819614,249.999969,0.0,100.0,0.0
96.826482,249.999969,0.0,100.0,0.0
96.835975,249.999969,0.0,100.0,0.0
96.844437,249.999969,0.0,100.0,0.0
96.852921,249.999969,0.0,100.0,0.0
96.859022,249.999969,0.0,100.0,0.0
96.868202,249.999969,0.0,100.0,0.0
96.875778,249.999969,0.0,100.0,0.0
96.875778,249.999969,0.0,100.0,0.0
96.892235,249.999969,0.0,100.0,0.0
96.899047,249.999969,0.0,100.0,0.0
96.908268,249.999969,0.0,100.0,0.0
96.915188,249.999969,0.0,100.0,0.0
96.923522,249.999969,0.0,100.0,0.0
96.930388,249.999969,0.0,100.0,0.0
96.939033,249.999969,0.0,100.0,0.0
96.946532,249.999969,0.0,100.0,0.0
96.954349,249.999969,0.0,100.0,0.0
96.963518,249.999969,0.0,100.0,0.0
96.969756,249.999969,0.0,100.0,0.0
96.977663,249.999969,0.0,100.0,0.0
96.986605,249.999969,0.0,100.0,0.0
96.994683,249.999969,0.0,100.0,0.0
97.002808,249.999969,0.0,100.0,0.0
97.016491,249.999969,0.0,100.0,0.0
97.023108,249.999969,0.0,100.0,0.0
97.036883,249.999969,0.0,100.0,0.0
97.044664,249.999969,0.0,100.0,0.0
97.052653,249.999969,0.0,100.0,0.0
97.064305,249.999969,0.0,100.0,0.0
97.072252,249.999969,0.0,100.0,0.0
97.078554,249.999969,0.0,100.0,0.0
97.088285,249.999969,0.0,100.0,0.0
97.096057,249.999969,0.0,100.0,0.0
97.103231,249.999969,0.0,100.0,0.0
97.110612,249.999969,0.0,100.0,0.0
97.119897,249.999969,0.0,100.0,0.0
97.126983,249.999969,0.0,100.0,0.0
97.136614,249.999969,0.0,100.0,0.0
97.146408,249.999969,0.0,100.0,0.0
97.155193,249.999969,0.0,100.0,0.0
97.164428,249.999969,0.0,100.0,0.0
97.176336,249.999969,0.0,100.0,0.0
97.185157,249.999969,0.0,100.0,0.0
97.191319,249.999969,0.0,100.0,0.0
97.203994,249.999969,0.0,100.0,0.0
97.208192,249.999969,0.0,100.0,0.0
97.220159,249.999969,0.0,100.0,0.0
97.227511,249.999969,0.0,100.0,0.0
97.236306,249.999969,0.0,100.0,0.0
