timestamp,X,Y,Z,R
0.009726,249.981164,1.293872,99.982918,6.68785
0.017491,249.981164,1.293872,99.982918,6.68785
0.026135,249.981164,1.293872,99.982918,6.68785
0.033813,249.981164,1.293872,99.982918,6.68785
0.049266,249.981164,1.293872,99.982918,6.68785
0.069106,249.981164,1.293872,99.982918,6.68785
0.077473,249.981164,1.293872,99.982918,6.68785
0.085811,249.981164,1.293872,99.982918,6.68785
0.093601,249.981164,1.293872,99.982918,6.68785
0.097448,249.981164,1.293872,99.982918,6.68785
0.127088,249.981134,1.2938,99.98291,6.687477
0.141445,249.981187,1.292273,99.982941,6.679583
0.150103,249.981214,1.290099,99.982971,6.668347
0.157606,249.981293,1.286516,99.983017,6.649827
0.166833,249.98135,1.281353,99.983093,6.623137
0.173039,249.981414,1.274891,99.98317,6.589739
0.181332,249.981558,1.267484,99.983276,6.551453
0.189217,249.981675,1.259484,99.983368,6.510102
0.197499,249.981762,1.251242,99.98349,6.467498
0.217891,249.982124,1.230589,99.983772,6.360746
0.224999,249.98218,1.222328,99.983849,6.318046
0.233403,249.982298,1.213808,99.983971,6.274012
0.241238,249.982434,1.204575,99.9841,6.226284
0.249503,249.982576,1.19415,99.984238,6.1724
0.256829,249.982801,1.182059,99.984398,6.109899
0.2654,249.983036,1.167869,99.984589,6.036552
0.281151,249.983497,1.134,99.985031,5.861491
0.289382,249.983734,1.115268,99.985275,5.764669
0.297859,249.984017,1.095973,99.985535,5.664935
0.30562,249.984346,1.076548,99.985779,5.564528
0.314813,249.984566,1.057121,99.986053,5.464118
0.321884,249.984892,1.037696,99.986305,5.363708
0.332332,249.985139,1.018246,99.986557,5.263177
0.335386,249.985609,0.988715,99.986938,5.110535
0.35102,249.985901,0.968558,99.987213,5.006347
0.3572,249.98621,0.947838,99.987488,4.899247
0.367709,249.986488,0.926409,99.987762,4.788482
0.38095,249.987154,0.881696,99.988358,4.557369
0.389037,249.987523,0.858733,99.988663,4.438673
0.39783,249.987861,0.835579,99.988968,4.318994
0.405291,249.988151,0.812381,99.989273,4.199087
0.413961,249.988516,0.789183,99.989586,4.079178
0.421427,249.988847,0.765985,99.989883,3.95927
0.431159,249.989177,0.742786,99.990204,3.839362
0.43776,249.989519,0.719588,99.990509,3.719454
0.453947,249.990182,0.673192,99.991119,3.479638
0.462456,249.990534,0.649994,99.991425,3.35973
0.469258,249.990852,0.626796,99.99173,3.239822
0.477282,249.991199,0.603598,99.992035,3.119914
0.485518,249.991544,0.580399,99.99234,3.000006
0.492512,249.991872,0.557201,99.992645,2.880098
0.502672,249.992228,0.534003,99.99295,2.76019
0.52341,249.993077,0.476008,99.993713,2.46042
0.531201,249.993395,0.45281,99.994019,2.340512
0.535829,249.993756,0.429612,99.994324,2.220603
0.546054,249.994054,0.406413,99.994629,2.100695
0.547833,249.994411,0.383215,99.994934,1.980787
0.562299,249.994736,0.360017,99.995239,1.860879
0.564598,249.995089,0.336845,99.995544,1.741106
0.577533,249.995393,0.31394,99.99585,1.622712
0.585236,249.995756,0.291647,99.996162,1.507482
0.602568,249.996335,0.250283,99.996696,1.293678
0.60928,249.996612,0.231825,99.996956,1.198272
0.617202,249.996871,0.214752,99.997162,1.110025
0.627082,249.997129,0.198718,99.997375,1.027149
0.633602,249.997323,0.183377,99.997589,0.947853
0.640862,249.997578,0.168383,99.99778,0.870347
0.648447,249.997756,0.153446,99.997971,0.793139
0.664555,249.998199,0.123572,99.998367,0.638725
0.673784,249.998405,0.10867,99.998566,0.5617
0.681224,249.998655,0.094129,99.998749,0.486538
0.691537,249.998858,0.080415,99.998932,0.415653
0.697651,249.998999,0.067997,99.9991,0.351465
0.705903,249.999262,0.052813,99.999298,0.272986
0.715057,249.999371,0.042153,99.999451,0.217881
0.736698,249.999525,0.03258,99.999573,0.168401
0.746443,249.999571,0.02873,99.999619,0.148499
0.751466,249.999617,0.024957,99.999664,0.129001
0.763114,249.999679,0.021185,99.999725,0.109503
0.77015,249.999755,0.017413,99.999771,0.090007
0.777165,249.999801,0.013694,99.999817,0.070784
0.784758,249.999832,0.010176,99.999863,0.052597
0.792537,249.999924,0.007016,99.999916,0.036265
0.802374,249.999924,0.004373,99.999939,0.022603
0.808702,249.999969,0.002402,99.999969,0.012415
0.814494,249.999969,0.00113,99.999985,0.005841
0.827195,249.999969,0.000412,100.0,0.002129
0.831179,249.999969,8.9e-05,100.0,0.00046
0.84103,249.999969,0.0,100.0,0.0
0.847864,249.999969,0.0,100.0,0.0
0.857285,249.999969,0.0,100.0,0.0
0.864278,249.999969,0.0,100.0,0.0
0.875378,249.999969,0.0,100.0,0.0
0.881058,249.999969,0.0,100.0,0.0
0.888956,249.999969,0.0,100.0,0.0
0.898154,249.999969,0.0,100.0,0.0
0.905951,249.999969,0.0,100.0,0.0
0.914638,249.999969,0.0,100.0,0.0
0.914638,249.999969,0.0,100.0,0.0
0.930874,249.999969,0.0,100.0,0.0
0.938121,249.999969,0.0,100.0,0.0
0.947623,249.999969,0.0,100.0,0.0
0.954086,249.999969,0.0,100.0,0.0
0.966656,249.999969,0.0,100.0,0.0
0.974031,249.999969,0.0,100.0,0.0
0.983858,249.999969,0.0,100.0,0.0
0.988076,249.999969,0.0,100.0,0.0
1.003417,249.999969,0.0,100.0,0.0
1.014872,249.999969,0.0,100.0,0.0
1.014872,249.999969,0.0,100.0,0.0
1.031395,249.999969,0.0,100.0,0.0
1.037868,249.999969,0.0,100.0,0.0
1.048006,249.999969,0.0,100.0,0.0
1.05918,249.999969,0.0,100.0,0.0
1.066381,249.999969,0.0,100.0,0.0
1.074518,249.999969,0.0,100.0,0.0
1.084049,249.999969,0.0,100.0,0.0
1.088095,249.999969,0.0,100.0,0.0
1.102212,249.999969,0.0,100.0,0.0
1.11465,249.999969,0.0,100.0,0.0
1.127445,249.999969,0.0,100.0,0.0
1.134774,249.999969,0.0,100.0,0.0
1.143193,249.999969,0.0,100.0,0.0
1.152145,249.999969,0.0,100.0,0.0
1.164722,249.999969,0.0,100.0,0.0
1.175665,249.999969,0.0,100.0,0.0
1.181549,249.999969,0.0,100.0,0.0
1.191224,249.999969,0.0,100.0,0.0
1.199871,249.999969,0.0,100.0,0.0
1.203938,249.999969,0.0,100.0,0.0
1.21848,249.999969,0.0,100.0,0.0
1.225855,249.999969,0.0,100.0,0.0
1.231306,249.999969,0.0,100.0,0.0
1.243279,249.999969,0.0,100.0,0.0
1.249943,249.999969,0.0,100.0,0.0
1.256718,249.999969,0.0,100.0,0.0
1.264643,249.999969,0.0,100.0,0.0
1.27395,249.999969,0.0,100.0,0.0
1.283185,249.999969,0.0,100.0,0.0
1.2884,249.999969,0.0,100.0,0.0
1.298064,249.999969,0.0,100.0,0.0
1.298064,249.999969,0.0,100.0,0.0
1.315179,249.999969,0.0,100.0,0.0
1.322816,249.999969,0.0,100.0,0.0
1.331079,249.999969,0.0,100.0,0.0
1.33787,249.999969,0.0,100.0,0.0
1.347894,249.999969,0.0,100.0,0.0
1.348628,249.999969,0.0,100.0,0.0
1.367318,249.999969,0.0,100.0,0.0
1.375432,249.999969,0.0,100.0,0.0
1.381629,249.999969,0.0,100.0,0.0
1.394778,249.999969,0.0,100.0,0.0
1.399234,249.999969,0.0,100.0,0.0
1.40994,249.999969,0.0,100.0,0.0
1.419054,249.999969,0.0,100.0,0.0
1.425251,249.999969,0.0,100.0,0.0
1.432802,249.999969,0.0,100.0,0.0
1.432802,249.999969,0.0,100.0,0.0
1.451208,249.999969,0.0,100.0,0.0
1.45731,249.999969,0.0,100.0,0.0
1.464486,249.999969,0.0,100.0,0.0
1.473975,249.999969,0.0,100.0,0.0
1.481288,249.999969,0.0,100.0,0.0
1.489511,249.999969,0.0,100.0,0.0
1.497967,249.999969,0.0,100.0,0.0
1.505145,249.999969,0.0,100.0,0.0
1.515312,249.999969,0.0,100.0,0.0
1.521253,249.999969,0.0,100.0,0.0
1.530969,249.999969,0.0,100.0,0.0
1.537442,249.999969,0.0,100.0,0.0
1.547697,249.999969,0.0,100.0,0.0
1.554562,249.999969,0.0,100.0,0.0
1.563354,249.999969,0.0,100.0,0.0
1.569456,249.999969,0.0,100.0,0.0
1.577924,249.999969,0.0,100.0,0.0
1.580713,249.999969,0.0,100.0,0.0
1.592879,249.999969,0.0,100.0,0.0
1.601758,249.999969,0.0,100.0,0.0
1.608473,249.999969,0.0,100.0,0.0
1.617747,249.999969,0.0,100.0,0.0
1.624696,249.999969,0.0,100.0,0.0
1.634152,249.999969,0.0,100.0,0.0
1.641257,249.999969,0.0,100.0,0.0
1.649232,249.999969,0.0,100.0,0.0
1.656503,249.999969,0.0,100.0,0.0
1.666348,249.999969,0.0,100.0,0.0
1.675876,249.999969,0.0,100.0,0.0
1.681334,249.999969,0.0,100.0,0.0
1.694946,249.999969,0.0,100.0,0.0
1.697864,249.999969,0.0,100.0,0.0
1.714518,249.999969,0.0,100.0,0.0
1.726547,249.999969,0.0,100.0,0.0
1.734004,249.999969,0.0,100.0,0.0
1.742398,249.999969,0.0,100.0,0.0
1.749792,249.999969,0.0,100.0,0.0
1.757231,249.999969,0.0,100.0,0.0
1.766941,249.999969,0.0,100.0,0.0
1.775825,249.999969,0.0,100.0,0.0
1.781327,249.999969,0.0,100.0,0.0
1.789421,249.999969,0.0,100.0,0.0
1.797889,249.999969,0.0,100.0,0.0
1.805732,249.999969,0.0,100.0,0.0
1.817883,249.999969,0.0,100.0,0.0
1.825607,249.999969,0.0,100.0,0.0
1.833578,249.999969,0.0,100.0,0.0
1.841097,249.999969,0.0,100.0,0.0
1.849149,249.999969,0.0,100.0,0.0
1.857232,249.999969,0.0,100.0,0.0
1.864557,249.999969,0.0,100.0,0.0
1.874933,249.999969,0.0,100.0,0.0
1.881156,249.999969,0.0,100.0,0.0
1.889462,249.999969,0.0,100.0,0.0
1.897892,249.999969,0.0,100.0,0.0
1.9056,249.999969,0.0,100.0,0.0
1.914699,249.999969,0.0,100.0,0.0
1.914699,249.999969,0.0,100.0,0.0
1.935772,249.999969,0.0,100.0,0.0
1.942331,249.999969,0.0,100.0,0.0
1.950785,249.999969,0.0,100.0,0.0
1.954818,249.999969,0.0,100.0,0.0
1.964724,249.999969,0.0,100.0,0.0
1.973984,249.999969,0.0,100.0,0.0
1.982675,249.999969,0.0,100.0,0.0
1.987811,249.999969,0.0,100.0,0.0
1.999522,249.999969,0.0,100.0,0.0
2.007076,249.999969,0.0,100.0,0.0
2.014812,249.999969,0.0,100.0,0.0
2.014812,249.999969,0.0,100.0,0.0
2.031075,249.999969,0.0,100.0,0.0
2.038158,249.999969,0.0,100.0,0.0
2.047487,249.999969,0.0,100.0,0.0
2.054505,249.999969,0.0,100.0,0.0
2.064744,249.999969,0.0,100.0,0.0
2.074934,249.999969,0.0,100.0,0.0
2.083564,249.999969,0.0,100.0,0.0
2.091122,249.999969,0.0,100.0,0.0
2.10291,249.999969,0.0,100.0,0.0
2.115187,249.999969,0.0,100.0,0.0
2.122427,249.999969,0.0,100.0,0.0
2.13547,249.999969,0.0,100.0,0.0
2.141607,249.999969,0.0,100.0,0.0
2.149984,249.999969,0.0,100.0,0.0
2.163617,249.999969,0.0,100.0,0.0
2.171312,249.999969,0.0,100.0,0.0
2.183677,249.999969,0.0,100.0,0.0
2.189687,249.999969,0.0,100.0,0.0
2.19767,249.999969,0.0,100.0,0.0
2.20617,249.999969,0.0,100.0,0.0
2.215181,249.999969,0.0,100.0,0.0
2.221066,249.999969,0.0,100.0,0.0
2.230528,249.999969,0.0,100.0,0.0
2.235838,249.999969,0.0,100.0,0.0
2.247557,249.999969,0.0,100.0,0.0
2.247969,249.999969,0.0,100.0,0.0
2.267857,249.999969,0.0,100.0,0.0
2.273466,249.999969,0.0,100.0,0.0
2.282999,249.999969,0.0,100.0,0.0
2.288022,249.999969,0.0,100.0,0.0
2.29875,249.999969,0.0,100.0,0.0
2.315937,249.999969,0.0,100.0,0.0
2.32242,249.999969,0.0,100.0,0.0
2.331157,249.999969,0.0,100.0,0.0
2.338968,249.999969,0.0,100.0,0.0
2.347288,249.999969,0.0,100.0,0.0
2.351871,249.999969,0.0,100.0,0.0
2.360711,249.999969,0.0,100.0,0.0
2.364763,249.999969,0.0,100.0,0.0
2.382953,249.999969,0.0,100.0,0.0
2.38905,249.999969,0.0,100.0,0.0
2.398659,249.999969,0.0,100.0,0.0
2.40485,249.999969,0.0,100.0,0.0
2.414762,249.999969,0.0,100.0,0.0
2.423064,249.999969,0.0,100.0,0.0
2.43444,249.999969,0.0,100.0,0.0
2.441963,249.999969,0.0,100.0,0.0
2.449474,249.999969,0.0,100.0,0.0
2.45696,249.999969,0.0,100.0,0.0
2.465389,249.999969,0.0,100.0,0.0
2.472793,249.999969,0.0,100.0,0.0
2.481583,249.999969,0.0,100.0,0.0
2.489245,249.999969,0.0,100.0,0.0
2.498127,249.999969,0.0,100.0,0.0
2.507507,249.999969,0.0,100.0,0.0
2.514829,249.999969,0.0,100.0,0.0
2.522155,249.999969,0.0,100.0,0.0
2.533847,249.999969,0.0,100.0,0.0
2.543514,249.999969,0.0,100.0,0.0
2.548321,249.999969,0.0,100.0,0.0
2.55733,249.999969,0.0,100.0,0.0
2.566867,249.999969,0.0,100.0,0.0
2.570875,249.999969,0.0,100.0,0.0
2.581574,249.999969,0.0,100.0,0.0
2.590967,249.999969,0.0,100.0,0.0
2.598171,249.999969,0.0,100.0,0.0
2.607025,249.999969,0.0,100.0,0.0
2.614987,249.999969,0.0,100.0,0.0
2.623644,249.999969,0.0,100.0,0.0
2.631366,249.999969,0.0,100.0,0.0
2.639087,249.999969,0.0,100.0,0.0
2.644861,249.999969,0.0,100.0,0.0
2.653783,249.999969,0.0,100.0,0.0
2.667405,249.999969,0.0,100.0,0.0
2.67526,249.999969,0.0,100.0,0.0
2.68177,249.999969,0.0,100.0,0.0
2.689627,249.999969,0.0,100.0,0.0
2.698509,249.999969,0.0,100.0,0.0
2.70566,249.999969,0.0,100.0,0.0
2.722078,249.999969,0.0,100.0,0.0
2.731341,249.999969,0.0,100.0,0.0
2.73897,249.999969,0.0,100.0,0.0
2.748141,249.999969,0.0,100.0,0.0
2.754609,249.999969,0.0,100.0,0.0
2.765819,249.999969,0.0,100.0,0.0
2.774646,249.999969,0.0,100.0,0.0
2.783198,249.999969,0.0,100.0,0.0
2.787235,249.999969,0.0,100.0,0.0
2.798221,249.999969,0.0,100.0,0.0
2.807461,249.999969,0.0,100.0,0.0
2.81473,249.999969,0.0,100.0,0.0
2.821693,249.999969,0.0,100.0,0.0
2.831075,249.999969,0.0,100.0,0.0
2.838622,249.999969,0.0,100.0,0.0
2.847658,249.999969,0.0,100.0,0.0
2.854706,249.999969,0.0,100.0,0.0
2.862696,249.999969,0.0,100.0,0.0
2.868606,249.999969,0.0,100.0,0.0
2.878054,249.999969,0.0,100.0,0.0
2.886962,249.999969,0.0,100.0,0.0
2.894204,249.999969,0.0,100.0,0.0
2.903454,249.999969,0.0,100.0,0.0
2.916173,249.999969,0.0,100.0,0.0
2.922031,249.999969,0.0,100.0,0.0
2.934801,249.999969,0.0,100.0,0.0
2.94709,249.999969,0.0,100.0,0.0
2.9517,249.999969,0.0,100.0,0.0
2.961821,249.999969,0.0,100.0,0.0
2.964618,249.999969,0.0,100.0,0.0
2.978757,249.999969,0.0,100.0,0.0
2.986549,249.999969,0.0,100.0,0.0
2.993155,249.999969,0.0,100.0,0.0
2.998474,249.999969,0.0,100.0,0.0
3.015176,249.999969,0.0,100.0,0.0
3.022483,249.999969,0.0,100.0,0.0
3.031325,249.999969,0.0,100.0,0.0
3.035903,249.999969,0.0,100.0,0.0
3.047842,249.999969,0.0,100.0,0.0
3.060009,249.999969,0.0,100.0,0.0
3.066365,249.999969,0.0,100.0,0.0
3.077997,249.999969,0.0,100.0,0.0
3.08646,249.999969,0.0,100.0,0.0
3.093376,249.999969,0.0,100.0,0.0
3.098193,249.999969,0.0,100.0,0.0
3.116903,249.999969,0.0,100.0,0.0
3.123289,249.999969,0.0,100.0,0.0
3.135267,249.999969,0.0,100.0,0.0
3.145971,249.999969,0.0,100.0,0.0
3.154412,249.999969,0.0,100.0,0.0
3.164566,249.999969,0.0,100.0,0.0
3.171684,249.999969,0.0,100.0,0.0
3.181519,249.999969,0.0,100.0,0.0
3.189403,249.999969,0.0,100.0,0.0
3.200608,249.999969,0.0,100.0,0.0
3.206378,249.999969,0.0,100.0,0.0
3.219277,249.999969,0.0,100.0,0.0
3.231481,249.999969,0.0,100.0,0.0
3.23603,249.999969,0.0,100.0,0.0
3.247644,249.999969,0.0,100.0,0.0
3.252194,249.999969,0.0,100.0,0.0
3.262976,249.999969,0.0,100.0,0.0
3.266558,249.999969,0.0,100.0,0.0
3.277014,249.999969,0.0,100.0,0.0
3.285405,249.999969,0.0,100.0,0.0
3.293561,249.999969,0.0,100.0,0.0
3.303663,249.999969,0.0,100.0,0.0
3.314797,249.999969,0.0,100.0,0.0
3.327493,249.999969,0.0,100.0,0.0
3.33341,249.999969,0.0,100.0,0.0
3.341139,249.999969,0.0,100.0,0.0
3.351556,249.999969,0.0,100.0,0.0
3.357552,249.999969,0.0,100.0,0.0
3.364989,249.999969,0.0,100.0,0.0
3.372873,249.999969,0.0,100.0,0.0
3.381522,249.999969,0.0,100.0,0.0
3.389384,249.999969,0.0,100.0,0.0
3.398486,249.999969,0.0,100.0,0.0
3.406302,249.999969,0.0,100.0,0.0
3.414836,249.999969,0.0,100.0,0.0
3.422616,249.999969,0.0,100.0,0.0
3.43134,249.999969,0.0,100.0,0.0
3.439294,249.999969,0.0,100.0,0.0
3.447899,249.999969,0.0,100.0,0.0
3.459241,249.999969,0.0,100.0,0.0
3.466594,249.999969,0.0,100.0,0.0
3.479075,249.999969,0.0,100.0,0.0
3.486814,249.999969,0.0,100.0,0.0
3.494374,249.999969,0.0,100.0,0.0
3.503399,249.999969,0.0,100.0,0.0
3.516068,249.999969,0.0,100.0,0.0
3.52763,249.999969,0.0,100.0,0.0
3.535555,249.999969,0.0,100.0,0.0
3.547453,249.999969,0.0,100.0,0.0
3.552568,249.999969,0.0,100.0,0.0
3.563374,249.999969,0.0,100.0,0.0
3.566585,249.999969,0.0,100.0,0.0
3.577381,249.999969,0.0,100.0,0.0
3.585952,249.999969,0.0,100.0,0.0
3.592981,249.999969,0.0,100.0,0.0
3.603381,249.999969,0.0,100.0,0.0
3.609715,249.999969,0.0,100.0,0.0
3.617419,249.999969,0.0,100.0,0.0
3.626014,249.999969,0.0,100.0,0.0
3.633521,249.999969,0.0,100.0,0.0
3.641582,249.999969,0.0,100.0,0.0
3.648198,249.999969,0.0,100.0,0.0
3.657756,249.999969,0.0,100.0,0.0
3.66709,249.999969,0.0,100.0,0.0
3.673265,249.999969,0.0,100.0,0.0
3.682516,249.999969,0.0,100.0,0.0
3.687708,249.999969,0.0,100.0,0.0
3.698262,249.999969,0.0,100.0,0.0
3.715203,249.999969,0.0,100.0,0.0
3.721853,249.999969,0.0,100.0,0.0
3.734426,249.999969,0.0,100.0,0.0
3.741309,249.999969,0.0,100.0,0.0
3.751142,249.999969,0.0,100.0,0.0
3.755303,249.999969,0.0,100.0,0.0
3.767156,249.999969,0.0,100.0,0.0
3.77764,249.999969,0.0,100.0,0.0
3.786916,249.999969,0.0,100.0,0.0
3.792998,249.999969,0.0,100.0,0.0
3.802025,249.999969,0.0,100.0,0.0
3.809039,249.999969,0.0,100.0,0.0
3.817674,249.999969,0.0,100.0,0.0
3.825709,249.999969,0.0,100.0,0.0
3.833402,249.999969,0.0,100.0,0.0
3.840743,249.999969,0.0,100.0,0.0
3.849145,249.999969,0.0,100.0,0.0
3.857667,249.999969,0.0,100.0,0.0
3.867592,249.999969,0.0,100.0,0.0
3.873584,249.999969,0.0,100.0,0.0
3.883189,249.999969,0.0,100.0,0.0
3.889385,249.999969,0.0,100.0,0.0
3.898167,249.999969,0.0,100.0,0.0
3.905595,249.999969,0.0,100.0,0.0
3.916644,249.999969,0.0,100.0,0.0
3.922873,249.999969,0.0,100.0,0.0
3.934631,249.999969,0.0,100.0,0.0
3.942391,249.999969,0.0,100.0,0.0
3.949119,249.999969,0.0,100.0,0.0
3.957439,249.999969,0.0,100.0,0.0
3.96634,249.999969,0.0,100.0,0.0
3.973728,249.999969,0.0,100.0,0.0
3.982907,249.999969,0.0,100.0,0.0
3.988727,249.999969,0.0,100.0,0.0
4.000073,249.999969,0.0,100.0,0.0
4.004139,249.999969,0.0,100.0,0.0
4.015052,249.999969,0.0,100.0,0.0
4.026986,249.999969,0.0,100.0,0.0
4.032206,249.999969,0.0,100.0,0.0
4.041544,249.999969,0.0,100.0,0.0
4.048578,249.999969,0.0,100.0,0.0
4.057692,249.999969,0.0,100.0,0.0
4.067677,249.999969,0.0,100.0,0.0
4.071726,249.999969,0.0,100.0,0.0
4.086068,249.999969,0.0,100.0,0.0
4.092905,249.999969,0.0,100.0,0.0
4.102972,249.999969,0.0,100.0,0.0
4.115332,249.999969,0.0,100.0,0.0
4.121918,249.999969,0.0,100.0,0.0
4.131699,249.999969,0.0,100.0,0.0
4.131699,249.999969,0.0,100.0,0.0
4.145726,249.999969,0.0,100.0,0.0
4.155269,249.999969,0.0,100.0,0.0
4.161782,249.999969,0.0,100.0,0.0
4.169259,249.999969,0.0,100.0,0.0
4.177769,249.999969,0.0,100.0,0.0
4.186688,249.999969,0.0,100.0,0.0
4.192958,249.999969,0.0,100.0,0.0
4.202913,249.999969,0.0,100.0,0.0
4.20936,249.999969,0.0,100.0,0.0
4.217347,249.999969,0.0,100.0,0.0
4.227242,249.999969,0.0,100.0,0.0
4.231596,249.999969,0.0,100.0,0.0
4.242654,249.999969,0.0,100.0,0.0
4.251212,249.999969,0.0,100.0,0.0
4.254403,249.999969,0.0,100.0,0.0
4.264941,249.999969,0.0,100.0,0.0
4.272671,249.999969,0.0,100.0,0.0
4.284128,249.999969,0.0,100.0,0.0
4.290699,249.999969,0.0,100.0,0.0
4.301723,249.999969,0.0,100.0,0.0
4.315134,249.999969,0.0,100.0,0.0
4.31938,249.999969,0.0,100.0,0.0
4.331192,249.999969,0.0,100.0,0.0
4.337632,249.999969,0.0,100.0,0.0
4.347869,249.999969,0.0,100.0,0.0
4.357771,249.999969,0.0,100.0,0.0
4.368761,249.999969,0.0,100.0,0.0
4.379615,249.999969,0.0,100.0,0.0
4.386825,249.999969,0.0,100.0,0.0
4.394153,249.999969,0.0,100.0,0.0
4.398426,249.999969,0.0,100.0,0.0
4.410108,249.999969,0.0,100.0,0.0
4.415152,249.999969,0.0,100.0,0.0
4.431411,249.999969,0.0,100.0,0.0
4.438277,249.999969,0.0,100.0,0.0
4.450553,249.999969,0.0,100.0,0.0
4.453588,249.999969,0.0,100.0,0.0
4.46738,249.999969,0.0,100.0,0.0
4.473883,249.999969,0.0,100.0,0.0
4.481616,249.999969,0.0,100.0,0.0
4.490582,249.999969,0.0,100.0,0.0
4.498252,249.999969,0.0,100.0,0.0
4.505887,249.999969,0.0,100.0,0.0
4.5151,249.999969,0.0,100.0,0.0
4.52113,249.999969,0.0,100.0,0.0
4.531147,249.999969,0.0,100.0,0.0
4.537373,249.999969,0.0,100.0,0.0
4.545853,249.999969,0.0,100.0,0.0
4.548314,249.999969,0.0,100.0,0.0
4.561331,249.999969,0.0,100.0,0.0
4.569575,249.999969,0.0,100.0,0.0
4.578105,249.999969,0.0,100.0,0.0
4.586854,249.999969,0.0,100.0,0.0
4.593312,249.999969,0.0,100.0,0.0
4.602584,249.999969,0.0,100.0,0.0
4.60964,249.999969,0.0,100.0,0.0
4.618144,249.999969,0.0,100.0,0.0
4.625277,249.999969,0.0,100.0,0.0
4.63533,249.999969,0.0,100.0,0.0
4.641176,249.999969,0.0,100.0,0.0
4.64945,249.999969,0.0,100.0,0.0
4.657128,249.999969,0.0,100.0,0.0
4.665481,249.999969,0.0,100.0,0.0
4.675135,249.999969,0.0,100.0,0.0
4.683105,249.999969,0.0,100.0,0.0
4.690146,249.999969,0.0,100.0,0.0
4.699327,249.999969,0.0,100.0,0.0
4.705615,249.999969,0.0,100.0,0.0
4.718254,249.999969,0.0,100.0,0.0
4.731841,249.999969,0.0,100.0,0.0
4.743252,249.999969,0.0,100.0,0.0
4.748675,249.999969,0.0,100.0,0.0
4.75911,249.999969,0.0,100.0,0.0
4.766744,249.999969,0.0,100.0,0.0
4.775083,249.999969,0.0,100.0,0.0
4.781824,249.999969,0.0,100.0,0.0
4.791408,249.999969,0.0,100.0,0.0
4.798614,249.999969,0.0,100.0,0.0
4.806093,249.999969,0.0,100.0,0.0
4.815014,249.999969,0.0,100.0,0.0
4.821888,249.999969,0.0,100.0,0.0
4.832042,249.999969,0.0,100.0,0.0
4.839241,249.999969,0.0,100.0,0.0
4.851801,249.999969,0.0,100.0,0.0
4.863901,249.999969,0.0,100.0,0.0
4.868042,249.999969,0.0,100.0,0.0
4.877213,249.999969,0.0,100.0,0.0
4.881725,249.999969,0.0,100.0,0.0
4.893919,249.999969,0.0,100.0,0.0
4.897924,249.999969,0.0,100.0,0.0
4.915148,249.999969,0.0,100.0,0.0
4.921436,249.999969,0.0,100.0,0.0
4.935054,249.999969,0.0,100.0,0.0
4.941025,249.999969,0.0,100.0,0.0
4.948608,249.999969,0.0,100.0,0.0
4.958232,249.999969,0.0,100.0,0.0
4.966949,249.999969,0.0,100.0,0.0
4.973764,249.999969,0.0,100.0,0.0
4.981548,249.999969,0.0,100.0,0.0
4.991203,249.999969,0.0,100.0,0.0
4.999418,249.999969,0.0,100.0,0.0
5.004465,249.999969,0.0,100.0,0.0
5.018011,249.999969,0.0,100.0,0.0
5.027773,249.999969,0.0,100.0,0.0
5.03469,249.999969,0.0,100.0,0.0
5.041226,249.999969,0.0,100.0,0.0
5.051195,249.999969,0.0,100.0,0.0
5.057299,249.999969,0.0,100.0,0.0
5.064826,249.999969,0.0,100.0,0.0
5.074913,249.999969,0.0,100.0,0.0
5.083848,249.999969,0.0,100.0,0.0
5.090641,249.999969,0.0,100.0,0.0
5.102315,249.999969,0.0,100.0,0.0
5.115268,249.999969,0.0,100.0,0.0
5.127262,249.999969,0.0,100.0,0.0
5.135144,249.999969,0.0,100.0,0.0
5.141759,249.999969,0.0,100.0,0.0
5.150465,249.999969,0.0,100.0,0.0
5.15734,249.999969,0.0,100.0,0.0
5.165136,249.999969,0.0,100.0,0.0
5.174304,249.999969,0.0,100.0,0.0
5.181848,249.999969,0.0,100.0,0.0
5.191126,249.999969,0.0,100.0,0.0
5.198723,249.999969,0.0,100.0,0.0
5.205623,249.999969,0.0,100.0,0.0
5.215386,249.999969,0.0,100.0,0.0
5.222234,249.999969,0.0,100.0,0.0
5.231663,249.999969,0.0,100.0,0.0
5.236491,249.999969,0.0,100.0,0.0
5.246929,249.999969,0.0,100.0,0.0
5.248476,249.999969,0.0,100.0,0.0
5.267491,249.999969,0.0,100.0,0.0
5.275029,249.999969,0.0,100.0,0.0
5.282993,249.999969,0.0,100.0,0.0
5.290926,249.999969,0.0,100.0,0.0
5.298505,249.999969,0.0,100.0,0.0
5.307081,249.999969,0.0,100.0,0.0
5.31564,249.999969,0.0,100.0,0.0
5.322371,249.999969,0.0,100.0,0.0
5.334858,249.999969,0.0,100.0,0.0
5.341668,249.999969,0.0,100.0,0.0
5.349997,249.999969,0.0,100.0,0.0
5.357697,249.999969,0.0,100.0,0.0
5.365134,249.999969,0.0,100.0,0.0
5.37551,249.999969,0.0,100.0,0.0
5.387318,249.999969,0.0,100.0,0.0
5.391143,249.999969,0.0,100.0,0.0
5.402509,249.999969,0.0,100.0,0.0
5.409126,249.999969,0.0,100.0,0.0
5.417488,249.999969,0.0,100.0,0.0
5.426085,249.999969,0.0,100.0,0.0
5.433052,249.999969,0.0,100.0,0.0
5.441386,249.999969,0.0,100.0,0.0
5.448286,249.999969,0.0,100.0,0.0
5.457631,249.999969,0.0,100.0,0.0
5.465075,249.999969,0.0,100.0,0.0
5.475457,249.999969,0.0,100.0,0.0
5.481697,249.999969,0.0,100.0,0.0
5.490059,249.999969,0.0,100.0,0.0
5.497945,249.999969,0.0,100.0,0.0
5.505224,249.999969,0.0,100.0,0.0
5.515709,249.999969,0.0,100.0,0.0
5.520226,249.999969,0.0,100.0,0.0
5.531364,249.999969,0.0,100.0,0.0
5.531674,249.999969,0.0,100.0,0.0
5.546886,249.999969,0.0,100.0,0.0
5.555464,249.999969,0.0,100.0,0.0
5.562347,249.999969,0.0,100.0,0.0
5.570162,249.999969,0.0,100.0,0.0
5.577577,249.999969,0.0,100.0,0.0
5.58704,249.999969,0.0,100.0,0.0
5.594459,249.999969,0.0,100.0,0.0
5.60239,249.999969,0.0,100.0,0.0
5.609026,249.999969,0.0,100.0,0.0
5.616774,249.999969,0.0,100.0,0.0
5.626945,249.999969,0.0,100.0,0.0
5.635262,249.999969,0.0,100.0,0.0
5.642956,249.999969,0.0,100.0,0.0
5.648607,249.999969,0.0,100.0,0.0
5.658762,249.999969,0.0,100.0,0.0
5.666386,249.999969,0.0,100.0,0.0
5.672829,249.999969,0.0,100.0,0.0
5.681715,249.999969,0.0,100.0,0.0
5.690755,249.999969,0.0,100.0,0.0
5.698322,249.999969,0.0,100.0,0.0
5.705865,249.999969,0.0,100.0,0.0
5.715085,249.999969,0.0,100.0,0.0
5.722493,249.999969,0.0,100.0,0.0
5.731915,249.999969,0.0,100.0,0.0
5.739347,249.999969,0.0,100.0,0.0
5.750427,249.999969,0.0,100.0,0.0
5.758531,249.999969,0.0,100.0,0.0
5.767065,249.999969,0.0,100.0,0.0
5.773956,249.999969,0.0,100.0,0.0
5.783649,249.999969,0.0,100.0,0.0
5.791802,249.999969,0.0,100.0,0.0
5.798407,249.999969,0.0,100.0,0.0
5.806921,249.999969,0.0,100.0,0.0
5.815148,249.999969,0.0,100.0,0.0
5.821622,249.999969,0.0,100.0,0.0
5.831983,249.999969,0.0,100.0,0.0
5.838337,249.999969,0.0,100.0,0.0
5.84809,249.999969,0.0,100.0,0.0
5.85915,249.999969,0.0,100.0,0.0
5.867181,249.999969,0.0,100.0,0.0
5.872879,249.999969,0.0,100.0,0.0
5.882169,249.999969,0.0,100.0,0.0
5.89542,249.999969,0.0,100.0,0.0
5.902853,249.999969,0.0,100.0,0.0
5.915399,249.999969,0.0,100.0,0.0
5.922936,249.999969,0.0,100.0,0.0
5.931212,249.999969,0.0,100.0,0.0
5.937556,249.999969,0.0,100.0,0.0
5.94754,249.999969,0.0,100.0,0.0
5.959509,249.999969,0.0,100.0,0.0
5.96724,249.999969,0.0,100.0,0.0
5.979095,249.999969,0.0,100.0,0.0
5.987421,249.999969,0.0,100.0,0.0
5.993719,249.999969,0.0,100.0,0.0
6.003208,249.999969,0.0,100.0,0.0
6.008978,249.999969,0.0,100.0,0.0
6.015017,249.999969,0.0,100.0,0.0
6.026664,249.999969,0.0,100.0,0.0
6.033463,249.999969,0.0,100.0,0.0
6.041812,249.999969,0.0,100.0,0.0
6.050792,249.999969,0.0,100.0,0.0
6.055973,249.999969,0.0,100.0,0.0
6.065124,249.999969,0.0,100.0,0.0
6.074863,249.999969,0.0,100.0,0.0
6.081807,249.999969,0.0,100.0,0.0
6.089299,249.999969,0.0,100.0,0.0
6.100343,249.999969,0.0,100.0,0.0
6.116067,249.999969,0.0,100.0,0.0
6.123647,249.999969,0.0,100.0,0.0
6.134746,249.999969,0.0,100.0,0.0
6.14725,249.999969,0.0,100.0,0.0
6.148553,249.999969,0.0,100.0,0.0
6.162524,249.999969,0.0,100.0,0.0
6.170375,249.999969,0.0,100.0,0.0
6.177645,249.999969,0.0,100.0,0.0
6.186643,249.999969,0.0,100.0,0.0
6.194191,249.999969,0.0,100.0,0.0
6.203496,249.999969,0.0,100.0,0.0
6.209871,249.999969,0.0,100.0,0.0
6.21804,249.999969,0.0,100.0,0.0
6.227421,249.999969,0.0,100.0,0.0
6.23379,249.999969,0.0,100.0,0.0
6.241416,249.999969,0.0,100.0,0.0
6.249104,249.999969,0.0,100.0,0.0
6.257491,249.999969,0.0,100.0,0.0
6.265403,249.999969,0.0,100.0,0.0
6.273446,249.999969,0.0,100.0,0.0
6.282086,249.999969,0.0,100.0,0.0
6.289075,249.999969,0.0,100.0,0.0
6.298763,249.999969,0.0,100.0,0.0
6.307159,249.999969,0.0,100.0,0.0
6.31522,249.999969,0.0,100.0,0.0
6.32296,249.999969,0.0,100.0,0.0
6.332574,249.999969,0.0,100.0,0.0
6.3373,249.999969,0.0,100.0,0.0
6.350919,249.999969,0.0,100.0,0.0
6.363068,249.999969,0.0,100.0,0.0
6.369618,249.999969,0.0,100.0,0.0
6.378067,249.999969,0.0,100.0,0.0
6.385629,249.999969,0.0,100.0,0.0
6.393218,249.999969,0.0,100.0,0.0
6.40329,249.999969,0.0,100.0,0.0
6.409515,249.999969,0.0,100.0,0.0
6.41721,249.999969,0.0,100.0,0.0
6.426279,249.999969,0.0,100.0,0.0
6.433444,249.999969,0.0,100.0,0.0
6.442271,249.999969,0.0,100.0,0.0
6.45,249.999969,0.0,100.0,0.0
6.457259,249.999969,0.0,100.0,0.0
6.465245,249.999969,0.0,100.0,0.0
6.473884,249.999969,0.0,100.0,0.0
6.484022,249.999969,0.0,100.0,0.0
6.490839,249.999969,0.0,100.0,0.0
6.498576,249.999969,0.0,100.0,0.0
6.506397,249.999969,0.0,100.0,0.0
6.514931,249.999969,0.0,100.0,0.0
6.521521,249.999969,0.0,100.0,0.0
6.531328,249.999969,0.0,100.0,0.0
6.535444,249.999969,0.0,100.0,0.0
6.545166,249.999969,0.0,100.0,0.0
6.555727,249.999969,0.0,100.0,0.0
6.562023,249.999969,0.0,100.0,0.0
6.571005,249.999969,0.0,100.0,0.0
6.577661,249.999969,0.0,100.0,0.0
6.582206,249.999969,0.0,100.0,0.0
6.593911,249.999969,0.0,100.0,0.0
6.601284,249.999969,0.0,100.0,0.0
6.609488,249.999969,0.0,100.0,0.0
6.615261,249.999969,0.0,100.0,0.0
6.626554,249.999969,0.0,100.0,0.0
6.634197,249.999969,0.0,100.0,0.0
6.641391,249.999969,0.0,100.0,0.0
6.650104,249.999969,0.0,100.0,0.0
6.656768,249.999969,0.0,100.0,0.0
6.664707,249.999969,0.0,100.0,0.0
6.674221,249.999969,0.0,100.0,0.0
6.682842,249.999969,0.0,100.0,0.0
6.689614,249.999969,0.0,100.0,0.0
6.698308,249.999969,0.0,100.0,0.0
6.705523,249.999969,0.0,100.0,0.0
6.715339,249.999969,0.0,100.0,0.0
6.727657,249.999969,0.0,100.0,0.0
6.735349,249.999969,0.0,100.0,0.0
6.741524,249.999969,0.0,100.0,0.0
6.748589,249.999969,0.0,100.0,0.0
6.765428,249.999969,0.0,100.0,0.0
6.786624,249.999969,0.0,100.0,0.0
6.798804,249.999969,0.0,100.0,0.0
6.814992,249.999969,0.0,100.0,0.0
6.821795,249.999969,0.0,100.0,0.0
6.835369,249.999969,0.0,100.0,0.0
6.851044,249.999969,0.0,100.0,0.0
6.855219,249.999969,0.0,100.0,0.0
6.874311,249.999969,0.0,100.0,0.0
6.882185,249.999969,0.0,100.0,0.0
6.889661,249.999969,0.0,100.0,0.0
6.898315,249.999969,0.0,100.0,0.0
6.905925,249.999969,0.0,100.0,0.0
6.91531,249.999969,0.0,100.0,0.0
6.921933,249.999969,0.0,100.0,0.0
6.931964,249.999969,0.0,100.0,0.0
6.938499,249.999969,0.0,100.0,0.0
6.950822,249.999969,0.0,100.0,0.0
6.957212,249.999969,0.0,100.0,0.0
6.966958,249.999969,0.0,100.0,0.0
6.973698,249.999969,0.0,100.0,0.0
6.981538,249.999969,0.0,100.0,0.0
6.990625,249.999969,0.0,100.0,0.0
6.998891,249.999969,0.0,100.0,0.0
7.011206,249.999969,0.0,100.0,0.0
7.018484,249.999969,0.0,100.0,0.0
7.0254,249.999969,0.0,100.0,0.0
7.035889,249.999969,0.0,100.0,0.0
7.041827,249.999969,0.0,100.0,0.0
7.049688,249.999969,0.0,100.0,0.0
7.057565,249.999969,0.0,100.0,0.0
7.065628,249.999969,0.0,100.0,0.0
7.075705,249.999969,0.0,100.0,0.0
7.081879,249.999969,0.0,100.0,0.0
7.09855,249.999969,0.0,100.0,0.0
7.106607,249.999969,0.0,100.0,0.0
7.131634,249.999969,0.0,100.0,0.0
7.139128,249.999969,0.0,100.0,0.0
7.150846,249.999969,0.0,100.0,0.0
7.166878,249.999969,0.0,100.0,0.0
7.188543,250.000275,0.0,100.0,0.000279
7.199379,250.003571,0.0,100.0,0.003608
7.207118,250.00975,0.0,99.999992,0.009812
7.215174,250.020782,0.0,100.0,0.020796
7.231773,250.06218,0.0,100.0,0.062226
7.238543,250.110199,0.0,100.0,0.110234
7.250578,250.167999,0.0,100.0,0.168017
7.267178,250.230927,0.0,100.000008,0.230963
7.270223,250.27359,0.0,100.0,0.273646
7.281857,250.316269,0.0,100.0,0.316329
7.291149,250.359268,0.0,100.0,0.359282
7.307411,250.452606,0.0,100.0,0.452648
7.316468,250.506683,0.0,100.0,0.506715
7.321522,250.602234,0.0,100.0,0.602237
7.334078,250.67775,0.0,100.0,0.677761
7.341356,250.761887,0.0,100.0,0.761925
7.350455,250.852859,0.0,100.0,0.852882
7.357238,250.948776,0.0,100.0,0.948787
7.367358,251.047729,0.0,100.0,1.047794
7.381784,251.248428,0.0,100.0,1.248436
7.391383,251.348877,0.0,100.0,1.348897
7.399226,251.449936,0.0,100.0,1.449994
7.406731,251.552338,0.0,100.0,1.552338
7.415556,251.656525,0.0,100.0,1.656554
7.421898,251.76326,0.0,100.0,1.763265
7.431497,251.873032,0.0,99.999992,1.87308
7.435984,251.986038,0.0,100.0,1.986082
7.446066,252.101654,0.0,100.0,2.101693
7.45434,252.219238,0.0,100.0,2.219286
7.469837,252.457916,0.0,100.0,2.45793
7.479568,252.577744,0.0,100.0,2.577789
7.483667,252.697647,0.0,100.0,2.697649
7.49369,252.817474,0.0,100.0,2.817509
7.502246,252.937363,0.0,100.0,2.93737
7.514966,253.117142,0.0,100.000008,3.11716
7.532069,253.416763,0.0,99.999992,3.41681
7.547966,253.536652,0.0,100.0,3.53667
7.552756,253.716431,0.0,100.0,3.71646
7.564472,253.836258,0.0,100.0,3.83632
7.571367,254.016098,0.0,100.0,4.01611
7.583515,254.135956,0.0,100.0,4.135971
7.587804,254.255829,0.0,100.0,4.255831
7.59867,254.375687,0.0,100.0,4.375691
7.60575,254.495514,0.0,100.0,4.495551
7.622277,254.735214,0.0,100.0,4.735271
7.629388,254.855103,0.0,100.0,4.855131
7.637895,254.974945,0.0,99.999992,4.974991
7.651231,255.154755,0.0,100.0,5.154781
7.655256,255.274643,0.0,100.0,5.274642
7.667171,255.394485,0.0,100.0,5.394502
7.672309,255.514313,0.0,100.0,5.514362
7.681965,255.634201,0.0,100.000008,5.634222
7.698499,255.873886,0.0,100.0,5.873942
7.707449,255.993774,0.0,100.0,5.993802
7.715411,256.113647,0.0,100.0,6.113662
7.722151,256.23349,0.0,100.0,6.233522
7.730833,256.353363,0.0,100.0,6.353383
7.737944,256.473206,0.0,100.0,6.473243
7.748267,256.593079,0.0,100.0,6.593102
7.766269,256.892731,0.0,100.0,6.892753
7.775607,257.012604,0.0,100.0,7.012613
7.782696,257.132446,0.0,99.999992,7.132473
7.795574,257.312256,0.0,100.0,7.312263
7.798429,257.432068,0.0,99.999992,7.432123
7.81107,257.551971,0.0,100.0,7.551983
7.815274,257.671844,0.0,100.0,7.671844
7.834503,257.911499,0.0,100.0,7.911564
7.842022,258.031403,0.0,100.0,8.031424
7.851393,258.151276,0.0,100.0,8.151284
7.859002,258.271088,0.0,100.0,8.271144
7.866878,258.390961,0.0,100.0,8.391005
7.873165,258.510834,0.0,100.0,8.510864
7.882374,258.690643,0.0,100.0,8.690655
7.901857,258.930389,0.0,100.0,8.930375
7.915223,259.110107,0.0,100.0,9.110165
7.928137,259.289948,0.0,100.0,9.289955
7.932168,259.40979,0.0,100.0,9.409815
7.947338,259.58963,0.0,100.0,9.589605
7.948806,259.709412,0.0,100.0,9.709465
7.962757,259.829315,0.0,100.0,9.829326
7.971709,260.009094,0.0,100.0,10.009115
7.984511,260.128937,0.0,100.0,10.128976
7.988707,260.308716,0.0,100.0,10.308765
8.002328,260.428619,0.0,100.0,10.428626
8.01849,260.668335,0.0,100.0,10.668346
8.025707,260.788147,0.0,100.0,10.788206
8.032197,260.908051,0.0,100.0,10.908067
8.043784,261.027924,0.0,100.0,11.027926
8.050551,261.147766,0.0,100.0,11.147786
8.057364,261.267609,0.0,100.0,11.267647
8.066929,261.387451,0.0,100.0,11.387506
8.082023,261.627197,0.0,100.0,11.627227
8.091438,261.74707,0.0,100.0,11.747087
8.09945,261.866943,0.0,100.0,11.866947
8.104614,261.986786,0.0,100.0,11.986807
8.116077,262.106628,0.0,100.0,12.106668
8.121236,262.226501,0.0,100.0,12.226527
8.129463,262.346375,0.0,100.0,12.346388
8.138302,262.466278,0.0,100.0,12.466248
8.148505,262.705963,0.0,100.0,12.705968
8.1631,262.825806,0.0,100.0,12.825828
8.170819,262.945679,0.0,99.999992,12.945688
8.177144,263.065521,0.0,100.000008,13.065548
8.185816,263.185364,0.0,100.0,13.185409
8.194086,263.305267,0.0,100.0,13.305268
8.201756,263.425079,0.0,100.0,13.425129
8.219296,263.664825,0.0,100.000008,13.664848
8.226883,263.784668,0.0,100.0,13.784709
8.23155,263.904541,0.0,100.0,13.904569
8.241028,264.024414,0.0,100.0,14.024429
8.251672,264.144287,0.0,100.0,14.144289
8.257812,264.26416,0.0,100.0,14.26415
8.265327,264.384003,0.0,100.0,14.384009
8.281879,264.623718,0.0,100.0,14.62373
8.289898,264.743591,0.0,100.000008,14.743589
8.299794,264.863464,0.0,100.0,14.86345
8.30494,264.983307,0.0,100.0,14.98331
8.316174,265.103149,0.0,100.0,15.10317
8.320737,265.282928,0.0,100.0,15.28296
8.336502,265.462738,0.0,100.0,15.46275
8.346039,265.582611,0.0,100.0,15.58261
8.361735,265.822327,0.0,100.0,15.82233
8.370009,265.942139,0.0,100.0,15.942191
8.377809,266.062042,0.0,100.0,16.06205
8.38579,266.181915,0.0,100.0,16.181911
8.393329,266.301727,0.0,100.000008,16.301771
8.40299,266.4216,0.0,100.0,16.421631
8.409108,266.541443,0.0,100.0,16.541491
8.418245,266.661377,0.0,100.0,16.661352
8.434221,266.901031,0.0,100.0,16.901072
8.44125,267.020935,0.0,100.0,17.020931
8.448714,267.140808,0.0,100.0,17.140791
8.458026,267.26062,0.0,100.0,17.260653
8.465986,267.380493,0.0,100.0,17.380512
8.465986,267.500336,0.0,100.0,17.500372
8.48432,267.620178,0.0,100.0,17.620232
8.489505,267.740112,0.0,100.0,17.740091
8.503819,267.919861,0.0,100.0,17.919882
8.515153,268.09967,0.0,100.0,18.099672
8.515543,268.219513,0.0,100.0,18.219532
8.531614,268.339386,0.0,100.0,18.339394
8.538559,268.459259,0.0,99.999992,18.459253
8.548403,268.579102,0.0,100.0,18.579113
8.549104,268.698975,0.0,100.0,18.698973
8.563407,268.818817,0.0,100.0,18.818832
8.567756,268.938721,0.0,100.0,18.938694
8.586939,269.178406,0.0,100.0,19.178413
8.599442,269.358185,0.0,100.0,19.358204
8.599442,269.478027,0.0,100.0,19.478064
8.61641,269.657867,0.0,100.0,19.657854
8.626802,269.77771,0.0,100.0,19.777714
8.634438,269.897583,0.0,100.0,19.897573
8.649837,270.197205,0.0,100.0,20.197224
8.66339,270.317047,0.0,100.0,20.317085
8.667181,270.43692,0.0,100.0,20.436945
8.679872,270.556793,0.0,100.0,20.556805
8.685449,270.736572,0.0,100.0,20.736595
8.699088,270.856476,0.0,100.0,20.856455
8.71907,271.216003,0.0,100.0,21.216036
8.731447,271.335846,0.0,100.000008,21.335896
8.731447,271.45575,0.0,100.0,21.455755
8.746777,271.575653,0.0,100.0,21.575615
8.75513,271.695435,0.0,100.0,21.695477
8.763338,271.815338,0.0,100.0,21.815336
8.777991,272.055054,0.0,100.0,22.055056
8.786802,272.174927,0.0,100.0,22.174915
8.793596,272.294769,0.0,100.0,22.294777
8.801593,272.414642,0.0,100.0,22.414637
8.809304,272.534454,0.0,100.0,22.534496
8.815498,272.654358,0.0,100.0,22.654356
8.82802,272.7742,0.0,100.0,22.774216
8.832225,272.95401,0.0,100.0,22.954006
8.84657,273.073853,0.0,100.0,23.073866
8.863503,273.311432,0.0,100.0,23.31146
8.86915,273.426849,0.0,100.0,23.426809
8.878153,273.538177,0.0,100.0,23.538183
8.886344,273.644318,0.0,100.0,23.644333
8.894142,273.743988,0.0,100.0,23.744017
8.903891,273.836914,0.0,100.0,23.836926
8.916053,273.966095,0.0,100.0,23.966097
8.935134,274.203247,0.0,100.0,24.20327
8.947605,274.280487,0.0,99.999992,24.280447
8.951851,274.357513,0.0,100.0,24.35754
8.962329,274.433533,0.0,100.0,24.433493
8.965421,274.506622,0.0,100.0,24.506618
8.977068,274.575226,0.0,100.0,24.575226
8.994279,274.692108,0.0,100.0,24.692095
9.001427,274.737305,0.0,100.0,24.737293
9.009447,274.774017,0.0,100.0,24.774019
9.018179,274.803986,0.0,100.0,24.803963
9.025987,274.828796,0.0,100.000008,24.828823
9.03374,274.85025,0.0,100.0,24.85029
9.041427,274.870026,0.0,100.0,24.870064
9.05021,274.899261,0.0,100.0,24.899271
9.065283,274.936493,0.0,100.0,24.93647
9.077551,274.953064,0.0,100.0,24.953064
9.086745,274.96759,0.0,100.0,24.96756
9.093951,274.97937,0.0,100.0,24.979382
9.099289,274.988037,0.0,100.0,24.988068
9.116657,274.995911,0.0,100.0,24.995907
9.142085,274.999969,0.0,100.0,25.0
9.153386,274.999969,0.0,100.0,25.0
9.160324,274.999969,0.0,100.0,25.0
9.171736,274.999969,0.0,100.0,25.0
9.183825,274.999969,0.0,100.0,25.0
9.188149,274.999969,0.0,100.0,25.0
9.204257,274.999969,0.0,100.0,25.0
9.209728,274.999969,0.0,100.0,25.0
9.218595,274.999969,0.0,100.0,25.0
9.226138,274.999969,0.0,100.0,25.0
9.232104,274.999969,0.0,100.0,25.0
9.242273,274.999969,0.0,100.0,25.0
9.250654,274.999969,0.0,100.0,25.0
9.257265,274.999969,0.0,100.0,25.0
9.267315,274.999969,0.0,100.0,25.0
9.273754,274.999969,0.0,100.0,25.0
9.281943,274.999969,0.0,100.0,25.0
9.291131,274.999969,0.0,100.0,25.0
9.300588,274.999969,0.0,100.0,25.0
9.315642,274.999969,0.0,100.0,25.0
9.323652,274.999969,0.0,100.0,25.0
9.331511,274.999969,0.0,100.0,25.0
9.338595,274.999969,0.0,100.0,25.0
9.347947,274.999969,0.0,100.0,25.0
9.3786,274.999969,0.0,100.0,25.0
9.39151,274.999969,0.0,100.0,25.0
9.403478,274.999969,0.0,100.0,25.0
9.4057,274.999969,0.0,100.0,25.0
9.419292,274.999969,0.0,100.0,25.0
9.432405,274.999664,0.0,100.0,24.999722
9.448811,274.990112,0.0,100.0,24.990179
9.462291,274.979187,0.0,100.0,24.979183
9.47051,274.962006,0.0,100.0,24.962036
9.477247,274.937653,0.0,100.0,24.937714
9.487459,274.906982,0.0,100.0,24.90699
9.493974,274.871185,0.0,100.0,24.871237
9.499876,274.831787,0.0,100.0,24.831818
9.523739,274.704651,0.0,100.0,24.704721
9.534857,274.661926,0.0,100.0,24.661997
9.542061,274.618225,0.0,100.0,24.618271
9.551262,274.571716,0.0,100.0,24.571772
9.555402,274.520599,0.0,100.0,24.520655
9.567696,274.463043,0.0,100.0,24.46307
9.573764,274.397125,0.0,100.0,24.397171
9.582248,274.321503,0.0,100.0,24.321571
9.599805,274.146271,0.0,100.0,24.146278
9.606055,274.000977,0.0,100.0,24.000999
9.619216,273.901001,0.0,100.0,23.901037
9.627505,273.800537,0.0,100.0,23.80057
9.633609,273.700073,0.0,100.0,23.700102
9.641611,273.599274,0.0,100.0,23.599295
9.648821,273.497528,0.0,100.0,23.497553
9.665675,273.288696,0.0,100.0,23.288759
9.674129,273.180389,0.0,100.0,23.180462
9.682358,273.068848,0.0,100.0,23.068886
9.690793,272.954376,0.0,100.0,22.95439
9.69908,272.837555,0.0,100.0,22.837595
9.705255,272.719086,0.0,100.0,22.719126
9.715494,272.599579,0.0,100.0,22.599609
9.722901,272.479645,0.0,100.0,22.479664
9.732497,272.299683,0.0,100.0,22.299698
9.743261,272.179688,0.0,100.0,22.17972
9.750346,272.059723,0.0,100.0,22.059742
9.767732,271.819763,0.0,100.0,21.819786
9.773795,271.699768,0.0,100.0,21.699808
9.784443,271.579773,0.0,100.0,21.57983
9.788947,271.399841,0.0,100.0,21.399862
9.803225,271.279846,0.0,100.0,21.279884
9.810477,271.159851,0.0,100.0,21.159906
9.815737,271.039886,0.0,100.0,21.039928
9.827451,270.919891,0.0,100.0,20.91995
9.834282,270.799927,0.0,100.0,20.799973
9.841858,270.679962,0.0,100.0,20.679995
9.849418,270.559998,0.0,100.000008,20.560017
9.857631,270.439972,0.0,100.0,20.440039
9.867266,270.320038,0.0,100.0,20.320061
9.872474,270.200043,0.0,100.0,20.200083
9.889996,269.960114,0.0,100.0,19.960127
9.898304,269.840118,0.0,100.0,19.840149
9.905521,269.720184,0.0,100.0,19.720171
9.915552,269.600159,0.0,100.0,19.600193
9.921509,269.480164,0.0,100.000008,19.480215
9.929543,269.360168,0.0,100.0,19.360237
9.938267,269.240204,0.0,100.0,19.240259
9.946393,269.12027,0.0,100.0,19.120281
9.954882,269.000305,0.0,100.0,19.000303
9.971498,268.760315,0.0,100.0,18.760347
9.978095,268.64032,0.0,100.0,18.640369
9.985736,268.520325,0.0,100.0,18.520391
9.993216,268.400391,0.0,100.0,18.400414
10.002361,268.280426,0.0,100.0,18.280436
10.009376,268.160431,0.0,100.000008,18.160458
10.017398,268.040466,0.0,100.0,18.04048
10.025651,267.920471,0.0,100.0,17.920502
10.042577,267.680481,0.0,100.0,17.680546
10.04925,267.560516,0.0,100.0,17.560568
10.058552,267.440552,0.0,100.0,17.44059
10.065561,267.320618,0.0,100.0,17.320612
10.07372,267.200592,0.0,100.000008,17.200634
10.08212,267.080627,0.0,100.0,17.080656
10.090703,266.960693,0.0,100.0,16.960678
10.099847,266.840698,0.0,100.0,16.8407
10.115046,266.600708,0.0,100.0,16.600744
10.123683,266.480713,0.0,100.0,16.480766
10.12664,266.360748,0.0,100.000008,16.360788
10.139832,266.180786,0.0,100.0,16.18082
10.150753,266.000793,0.0,99.999992,16.000854
10.160902,265.880859,0.0,100.0,15.880876
10.171923,265.760864,0.0,100.0,15.760898
10.182865,265.580872,0.0,100.0,15.580931
10.199639,265.340942,0.0,100.0,15.340975
10.211261,265.16098,0.0,100.000008,15.161008
10.218547,265.041016,0.0,100.0,15.04103
10.218547,264.921021,0.0,100.0,14.921052
10.235273,264.801056,0.0,100.0,14.801074
10.241509,264.681091,0.0,100.0,14.681096
10.248822,264.561066,0.0,100.0,14.561118
10.26737,264.321136,0.0,100.0,14.321162
10.273947,264.201172,0.0,100.0,14.201184
10.281716,264.081177,0.0,100.0,14.081206
10.291082,263.961212,0.0,100.0,13.961228
10.299251,263.841217,0.0,99.999992,13.84125
10.305437,263.721252,0.0,100.0,13.721272
10.315677,263.601257,0.0,100.0,13.601295
10.323071,263.481262,0.0,100.0,13.481317
10.332086,263.361328,0.0,100.0,13.361339
10.336874,263.241333,0.0,100.0,13.241361
10.351608,263.001404,0.0,100.0,13.001405
10.361684,262.881409,0.0,100.0,12.881427
10.365633,262.761414,0.0,100.0,12.761449
10.377925,262.641418,0.0,100.0,12.641471
10.386095,262.521454,0.0,100.0,12.521493
10.386095,262.401489,0.0,100.0,12.401515
10.403027,262.281494,0.0,100.0,12.281536
10.415891,262.101532,0.0,100.0,12.101569
10.431578,261.861603,0.0,100.000008,11.861613
10.431578,261.741608,0.0,100.0,11.741635
10.446758,261.621643,0.0,100.0,11.621657
10.448868,261.501648,0.0,100.0,11.501679
10.462368,261.381653,0.0,100.0,11.381701
10.470001,261.261688,0.0,100.000008,11.261724
10.47753,261.141724,0.0,100.000008,11.141746
10.482191,261.021729,0.0,100.0,11.021768
10.501084,260.781799,0.0,100.0,10.781812
10.515549,260.601837,0.0,100.0,10.601845
10.522209,260.421875,0.0,100.0,10.421878
10.535029,260.301849,0.0,100.0,10.3019
10.541766,260.181915,0.0,100.0,10.181922
10.548887,260.06192,0.0,100.0,10.061944
10.567856,259.82196,0.0,100.0,9.821988
10.573065,259.701996,0.0,100.0,9.70201
10.582167,259.522034,0.0,100.0,9.522043
10.595324,259.402039,0.0,100.0,9.402065
10.601588,259.282074,0.0,100.0,9.282087
10.610332,259.162079,0.0,100.0,9.162109
10.618552,259.042114,0.0,100.0,9.042131
10.633878,258.802155,0.0,100.0,8.802176
10.642133,258.68222,0.0,100.0,8.682198
10.650231,258.562195,0.0,99.999992,8.56222
10.658018,258.44223,0.0,100.0,8.442242
10.665516,258.322235,0.0,100.0,8.322264
10.673648,258.202271,0.0,100.0,8.202286
10.682311,258.082275,0.0,100.0,8.082308
10.699284,257.842346,0.0,100.0,7.842351
10.707287,257.662354,0.0,100.0,7.662385
10.719688,257.542389,0.0,100.0,7.542407
10.732156,257.422394,0.0,100.0,7.422429
10.742162,257.182465,0.0,100.0,7.182473
10.755749,256.942535,0.0,100.0,6.942517
10.765529,256.82254,0.0,100.0,6.822539
10.775362,256.702545,0.0,100.0,6.702561
10.7842,256.58255,0.0,100.0,6.582583
10.788289,256.462585,0.0,100.0,6.462605
10.801893,256.282593,0.0,100.0,6.282638
10.811253,256.162598,0.0,100.0,6.16266
10.826309,255.862686,0.0,100.0,5.862715
10.839242,255.742691,0.0,100.0,5.742737
10.839242,255.622742,0.0,100.0,5.622759
10.856902,255.442764,0.0,100.0,5.442792
10.866221,255.3228,0.0,100.0,5.322814
10.875352,255.20282,0.0,100.000008,5.202836
10.882282,255.082809,0.0,100.0,5.082858
10.890177,254.962845,0.0,100.0,4.96288
10.906245,254.722916,0.0,100.000008,4.722924
10.92038,254.542938,0.0,100.0,4.542957
10.932216,254.362991,0.0,100.0,4.36299
10.939076,254.243011,0.0,100.0,4.243012
10.946824,254.123001,0.0,100.0,4.123034
10.95531,254.003052,0.0,100.000008,4.003057
10.96239,253.883057,0.0,100.0,3.883079
10.973338,253.703079,0.0,100.0,3.703111
10.982403,253.523148,0.0,100.0,3.523144
11.001759,253.283173,0.0,100.0,3.283189
11.011491,253.163193,0.0,100.0,3.163211
11.017266,253.043213,0.0,100.000008,3.043233
11.026056,252.923203,0.0,100.0,2.923255
11.034085,252.803238,0.0,99.999992,2.803277
11.042004,252.683304,0.0,100.0,2.683299
11.048924,252.563324,0.0,100.000008,2.563321
11.067096,252.323349,0.0,100.0,2.323365
11.073993,252.203369,0.0,100.0,2.203387
11.082302,252.083374,0.0,100.0,2.083409
11.090659,251.963409,0.0,100.0,1.963431
11.099086,251.84343,0.0,99.999992,1.843453
11.107005,251.723465,0.0,99.999992,1.723475
11.115542,251.6035,0.0,100.0,1.603497
11.139755,251.24353,0.0,100.0,1.243563
11.139755,251.123581,0.0,100.0,1.123585
11.156063,250.943619,0.0,100.0,0.943618
11.16611,250.823608,0.0,100.0,0.82364
11.174797,250.703629,0.0,100.0,0.703662
11.18228,250.583664,0.0,100.0,0.583684
11.189683,250.463684,0.0,100.0,0.463706
11.207606,250.22374,0.0,100.0,0.22375
11.216086,250.103775,0.0,100.000008,0.103772
11.223207,249.923782,0.0,99.999992,-0.076195
11.233953,249.803787,0.0,100.0,-0.196173
11.24388,249.683823,0.0,100.0,-0.316151
11.250973,249.563889,0.0,100.0,-0.436129
11.257778,249.443893,0.0,100.000008,-0.556107
11.26734,249.323883,0.0,100.0,-0.676084
11.274402,249.203934,0.0,100.0,-0.796062
11.284298,249.083939,0.0,100.000008,-0.91604
11.300239,248.844025,0.0,100.0,-1.155996
11.306836,248.724014,0.0,100.0,-1.275974
11.315547,248.544022,0.0,100.0,-1.455941
11.325679,248.424057,0.0,100.0,-1.575919
11.334918,248.304077,0.0,100.0,-1.695897
11.34246,248.184097,0.0,100.0,-1.815875
11.351343,248.064133,0.0,100.0,-1.935853
11.365569,247.824188,0.0,100.0,-2.175809
11.374537,247.704208,0.0,100.0,-2.295787
11.382131,247.584244,0.0,100.0,-2.415765
11.389546,247.464249,0.0,100.0,-2.535743
11.398672,247.344299,0.0,100.000008,-2.655721
11.406843,247.224289,0.0,99.999992,-2.775699
11.415641,247.104324,0.0,100.000008,-2.895677
11.421928,246.984344,0.0,100.0,-3.015655
11.443195,246.684387,0.0,100.0,-3.3156
11.451648,246.564407,0.0,100.0,-3.435578
11.455685,246.444427,0.0,100.0,-3.555556
11.465535,246.324478,0.0,100.0,-3.675534
11.475178,246.204437,0.0,99.999992,-3.795512
11.48405,246.084518,0.0,100.000008,-3.91549
11.489292,245.904526,0.0,100.0,-4.095457
11.502806,245.784576,0.0,100.0,-4.215435
11.522955,245.484604,0.0,100.0,-4.515379
11.531331,245.364639,0.0,100.0,-4.635357
11.536226,245.244675,0.0,100.0,-4.755335
11.547987,245.124664,0.0,100.0,-4.875313
11.556005,245.004684,0.0,99.999992,-4.995292
11.562559,244.88475,0.0,100.000008,-5.11527
11.570492,244.764755,0.0,100.0,-5.235248
11.578908,244.64476,0.0,100.0,-5.355226
11.593038,244.4048,0.0,100.0,-5.595181
11.602631,244.284851,0.0,100.000008,-5.715159
11.609491,244.164871,0.0,100.000008,-5.835137
11.618473,243.984879,0.0,100.0,-6.015104
11.629437,243.864883,0.0,100.0,-6.135082
11.639501,243.744949,0.0,100.000008,-6.25506
11.647509,243.624954,0.0,100.0,-6.375038
11.661479,243.38501,0.0,100.000008,-6.614994
11.676028,243.205032,0.0,100.0,-6.794961
11.682185,243.085083,0.0,100.0,-6.914939
11.690164,242.965088,0.0,100.0,-7.034917
11.698802,242.845093,0.0,100.0,-7.154895
11.707541,242.725113,0.0,100.0,-7.274873
11.715531,242.605148,0.0,100.000008,-7.394851
11.731752,242.365189,0.0,100.0,-7.634807
11.738578,242.245178,0.0,100.0,-7.754785
11.746353,242.125244,0.0,100.0,-7.874763
11.755289,242.005264,0.0,100.0,-7.994741
11.761671,241.885254,0.0,99.999992,-8.114718
11.775406,241.705307,0.0,100.000008,-8.294685
11.789533,241.465347,0.0,100.0,-8.534641
11.799763,241.345367,0.0,100.0,-8.654619
11.807771,241.225372,0.0,100.0,-8.774597
11.815538,241.105408,0.0,100.0,-8.894575
11.815538,240.985443,0.0,100.0,-9.014554
11.832299,240.865463,0.0,100.0,-9.134532
11.839742,240.685486,0.0,100.0,-9.314499
11.852192,240.565536,0.0,100.000008,-9.434477
11.86602,240.265564,0.0,100.0,-9.734422
11.884315,240.085571,0.0,99.999992,-9.914389
11.892493,239.90567,0.0,100.000008,-10.094356
11.907753,239.725647,0.0,100.0,-10.274323
11.915808,239.605667,0.0,100.0,-10.3943
11.941656,239.305725,0.0,99.999992,-10.694245
11.948316,239.065811,0.0,100.000008,-10.934201
11.959029,238.945831,0.0,100.000008,-11.054179
11.967562,238.825836,0.0,99.999992,-11.174157
11.97176,238.645905,0.0,100.000008,-11.354124
11.987059,238.525879,0.0,100.0,-11.474102
11.999011,238.285919,0.0,100.0,-11.714058
12.011206,238.16597,0.0,100.0,-11.834036
12.015899,238.045975,0.0,100.000008,-11.954014
12.026533,237.925995,0.0,100.0,-12.073992
12.033925,237.80603,0.0,100.000008,-12.19397
12.041527,237.686066,0.0,100.000008,-12.313948
12.049299,237.566055,0.0,100.0,-12.433926
12.065538,237.326141,0.0,100.000008,-12.673882
12.074988,237.206131,0.0,99.999992,-12.793859
12.08225,237.086151,0.0,100.0,-12.913837
12.08987,236.966187,0.0,100.0,-13.033815
12.09995,236.846207,0.0,100.0,-13.153793
12.110095,236.666229,0.0,100.0,-13.33376
12.120022,236.486267,0.0,100.0,-13.513727
12.132169,236.366318,0.0,100.000008,-13.633705
12.151157,236.06633,0.0,100.0,-13.93365
12.157751,235.946335,0.0,99.999992,-14.053628
12.167509,235.826385,0.0,100.0,-14.173606
12.173894,235.70639,0.0,99.999992,-14.293584
12.184193,235.586456,0.0,100.000008,-14.413563
12.189385,235.406464,0.0,100.0,-14.59353
12.203252,235.226486,0.0,100.0,-14.773497
12.21571,235.106537,0.0,100.0,-14.893475
12.223033,234.926544,0.0,99.999992,-15.073442
12.234996,234.80658,0.0,100.0,-15.193419
12.252168,234.566605,0.0,100.0,-15.433375
12.255212,234.446655,0.0,100.0,-15.553353
12.265601,234.32666,0.0,100.000008,-15.673331
12.273557,234.206696,0.0,100.0,-15.793309
12.282795,234.0867,0.0,100.0,-15.913287
12.291183,233.966766,0.0,100.000008,-16.033264
12.303599,233.786774,0.0,100.0,-16.213232
12.310893,233.666763,0.0,100.0,-16.33321
12.326148,233.426849,0.0,100.000008,-16.573166
12.335157,233.306854,0.0,100.0,-16.693144
12.341837,233.18689,0.0,100.000008,-16.813122
12.348895,233.066879,0.0,99.999992,-16.9331
12.357174,232.946899,0.0,100.0,-17.053078
12.367618,232.82692,0.0,100.0,-17.173056
12.373954,232.70694,0.0,100.0,-17.293034
12.383846,232.587006,0.0,100.0,-17.413012
12.38895,232.467026,0.0,100.000008,-17.53299
12.399085,232.227066,0.0,100.000008,-17.772945
12.415181,232.107056,0.0,100.0,-17.892923
12.422828,231.987106,0.0,100.000008,-18.012901
12.422828,231.867081,0.0,100.0,-18.132879
12.439759,231.747147,0.0,100.0,-18.252857
12.451711,231.567154,0.0,100.0,-18.432825
12.455753,231.447174,0.0,100.0,-18.552803
12.479484,231.147263,0.0,100.0,-18.852747
12.482899,231.027267,0.0,100.0,-18.972725
12.499653,230.847336,0.0,100.000008,-19.152693
12.506339,230.72731,0.0,99.999992,-19.272671
12.515825,230.60733,0.0,100.0,-19.392649
12.523223,230.487381,0.0,100.0,-19.512627
12.532464,230.307388,0.0,99.999992,-19.692593
12.543024,230.187424,0.0,100.0,-19.812571
12.548947,230.067474,0.0,100.000008,-19.932549
12.565635,229.82753,0.0,100.000008,-20.172504
12.573897,229.707489,0.0,100.0,-20.292482
12.582243,229.58754,0.0,100.0,-20.41246
12.590908,229.46756,0.0,100.0,-20.532438
12.598928,229.347549,0.0,100.0,-20.652416
12.605871,229.2276,0.0,100.0,-20.772394
12.615015,229.10762,0.0,100.0,-20.892372
12.623199,228.98764,0.0,100.0,-21.01235
12.638393,228.747696,0.0,99.999992,-21.252306
12.648093,228.627701,0.0,99.999992,-21.372284
12.655241,228.507721,0.0,100.0,-21.492262
12.662583,228.387741,0.0,100.0,-21.61224
12.671488,228.267792,0.0,100.000008,-21.732218
12.678164,228.147797,0.0,100.0,-21.852196
12.682439,228.027802,0.0,100.0,-21.972174
12.702075,227.787872,0.0,100.000008,-22.21213
12.709708,227.667892,0.0,100.0,-22.332109
12.715565,227.547913,0.0,100.0,-22.452087
12.726527,227.427963,0.0,100.000008,-22.572065
12.734373,227.307953,0.0,100.0,-22.692043
12.743321,227.187988,0.0,100.0,-22.812021
12.752,227.067993,0.0,100.0,-22.931999
12.765687,226.828186,0.0,100.0,-23.171825
12.774139,226.709412,0.0,100.0,-23.290565
12.78235,226.593155,0.0,100.0,-23.406866
12.789729,226.480606,0.0,100.0,-23.519398
12.798823,226.373138,0.0,99.999992,-23.626827
12.806339,226.272202,0.0,100.000008,-23.727829
12.816682,226.178238,0.0,99.999992,-23.821768
12.836765,225.927002,0.0,100.0,-24.072985
12.845779,225.849075,0.0,100.000008,-24.150957
12.849052,225.771744,0.0,99.999992,-24.228237
12.863646,225.694504,0.0,100.0,-24.30549
12.870661,225.617432,0.0,100.0,-24.38257
12.877941,225.54187,0.0,100.000008,-24.458149
12.887407,225.469543,0.0,99.999992,-24.530432
12.902591,225.342072,0.0,99.999992,-24.657913
12.915704,225.268311,0.0,100.0,-24.731674
12.928088,225.214478,0.0,100.000008,-24.785551
12.932891,225.174728,0.0,100.0,-24.825268
12.947811,225.153107,0.0,99.999992,-24.846874
12.955446,225.133301,0.0,100.0,-24.866684
12.972871,225.084763,0.0,100.0,-24.915218
12.982656,225.057571,0.0,99.999992,-24.942419
12.994958,225.041504,0.0,100.000008,-24.958529
13.002775,225.027664,0.0,99.999992,-24.972309
13.010134,225.016861,0.0,100.000008,-24.983152
13.018799,225.009247,0.0,100.0,-24.990772
13.026042,225.004333,0.0,100.0,-24.995659
13.034275,225.001587,0.0,100.0,-24.998417
13.042243,225.00032,0.0,100.0,-24.999659
13.0572,224.999985,0.0,99.999992,-25.0
13.065914,224.999985,0.0,99.999992,-25.0
13.074526,224.999985,0.0,99.999992,-25.0
13.082683,224.999985,0.0,99.999992,-25.0
13.091758,224.999985,0.0,99.999992,-25.0
13.099766,224.999985,0.0,99.999992,-25.0
13.103941,224.999985,0.0,99.999992,-25.0
13.1152,224.999985,0.0,99.999992,-25.0
13.115692,224.999985,0.0,99.999992,-25.0
13.131951,224.999985,0.0,99.999992,-25.0
13.132522,224.999985,0.0,99.999992,-25.0
13.149238,224.999985,0.0,99.999992,-25.0
13.158086,224.999985,0.0,99.999992,-25.0
13.166023,224.999985,0.0,99.999992,-25.0
13.173932,224.999985,0.0,99.999992,-25.0
13.182832,224.999985,0.0,99.999992,-25.0
13.191219,224.999985,0.0,99.999992,-25.0
13.19964,224.999985,0.0,99.999992,-25.0
13.210953,224.999985,0.0,99.999992,-25.0
13.215867,224.999985,0.0,99.999992,-25.0
13.227037,224.999985,0.0,99.999992,-25.0
13.234728,224.999985,0.0,99.999992,-25.0
13.241929,224.999985,0.0,99.999992,-25.0
13.251228,224.999985,0.0,99.999992,-25.0
13.25823,224.999985,0.0,99.999992,-25.0
13.26739,224.999985,0.0,99.999992,-25.0
13.273453,224.999985,0.0,99.999992,-25.0
13.307374,224.999985,0.0,99.999992,-25.0
13.315365,224.999985,0.0,99.999992,-25.0
13.321457,224.999985,0.0,99.999992,-25.0
13.335433,224.999985,0.0,99.999992,-25.0
13.338434,224.999985,0.0,99.999992,-25.0
13.351568,224.999985,0.0,99.999992,-25.0
13.37148,225.000244,0.0,100.0,-24.999722
13.379068,225.001877,0.0,100.0,-24.998127
13.386497,225.006165,0.0,100.0,-24.993803
13.399498,225.028473,0.0,100.0,-24.971493
13.409921,225.049179,0.0,100.0,-24.950808
13.418699,225.076874,0.0,100.000008,-24.923141
13.426124,225.110214,0.0,100.0,-24.889765
13.434125,225.147934,0.0,100.0,-24.852045
13.44358,225.188629,0.0,99.999992,-24.811348
13.449387,225.230972,0.0,100.000008,-24.769037
13.465796,225.316299,0.0,100.0,-24.68367
13.47493,225.359238,0.0,99.999992,-24.640718
13.483633,225.404068,0.0,99.999992,-24.595881
13.48868,225.478851,0.0,100.0,-24.521126
13.502821,225.536407,0.0,100.000008,-24.463598
13.516989,225.638824,0.0,100.000008,-24.361197
13.536489,225.90033,0.0,100.000008,-24.099669
13.548655,225.998032,0.0,100.000008,-24.001982
13.549281,226.097855,0.0,100.0,-23.902117
13.566132,226.248444,0.0,100.000008,-23.751564
13.574066,226.348877,0.0,100.0,-23.651104
13.584321,226.449982,0.0,100.0,-23.550007
13.595764,226.604141,0.0,100.0,-23.395826
13.603988,226.709579,0.0,100.000008,-23.290442
13.611559,226.817719,0.0,100.0,-23.182249
13.619646,226.929214,0.0,100.000008,-23.070784
13.622824,227.04361,0.0,100.000008,-22.9564
13.636416,227.160233,0.0,99.999992,-22.83972
13.650898,227.457916,0.0,100.0,-22.54207
13.662946,227.577789,0.0,100.000008,-22.422211
13.671988,227.757538,0.0,99.999992,-22.24242
13.682488,227.937363,0.0,100.0,-22.06263
13.696392,228.057205,0.0,99.999992,-21.94277
13.702931,228.237,0.0,100.0,-21.76298
13.715426,228.356873,0.0,100.0,-21.64312
13.732059,228.596573,0.0,100.0,-21.4034
13.738529,228.716461,0.0,100.0,-21.283539
13.749221,228.896194,0.0,99.999992,-21.10375
13.757633,229.016098,0.0,100.0,-20.983889
13.768215,229.135986,0.0,100.000008,-20.864029
13.775896,229.255814,0.0,100.0,-20.744169
13.782305,229.375656,0.0,100.0,-20.62431
13.790034,229.495514,0.0,99.999992,-20.50445
13.805108,229.73526,0.0,100.0,-20.264729
13.815224,229.855103,0.0,100.0,-20.144869
13.8241,229.974991,0.0,100.0,-20.025009
13.835668,230.15477,0.0,100.0,-19.845219
13.838668,230.274597,0.0,99.999992,-19.725359
13.849474,230.394485,0.0,100.0,-19.605497
13.85833,230.514313,0.0,99.999992,-19.485638
13.865947,230.634201,0.0,100.0,-19.365778
13.882535,230.873962,0.0,100.000008,-19.126059
13.89124,230.99379,0.0,100.0,-19.006197
13.900611,231.113647,0.0,100.0,-18.886337
13.905826,231.23349,0.0,99.999992,-18.766478
13.91954,231.4133,0.0,100.0,-18.586687
13.921079,231.533173,0.0,100.0,-18.466827
13.934835,231.712952,0.0,100.0,-18.287037
13.953892,231.952637,0.0,99.999992,-18.047318
13.966974,232.132492,0.0,100.000008,-17.867527
13.973205,232.252289,0.0,99.999992,-17.747667
13.982891,232.372177,0.0,100.0,-17.627806
13.991925,232.551941,0.0,99.999992,-17.448017
14.00339,232.671844,0.0,100.000008,-17.328156
14.011753,232.791702,0.0,100.000008,-17.208296
14.02584,233.031433,0.0,100.000008,-16.968576
14.035383,233.151276,0.0,99.999992,-16.848717
14.038543,233.271149,0.0,100.0,-16.728855
14.051985,233.390991,0.0,100.0,-16.608995
14.058105,233.510849,0.0,100.0,-16.489136
14.065953,233.630692,0.0,99.999992,-16.369276
14.073628,233.75061,0.0,100.000008,-16.249414
14.084332,233.870438,0.0,100.0,-16.129555
14.091167,234.050262,0.0,100.0,-15.949765
14.116838,234.40979,0.0,100.0,-15.590185
14.12754,234.529648,0.0,99.999992,-15.470325
14.132509,234.649475,0.0,99.999992,-15.350465
14.14162,234.769379,0.0,100.0,-15.230604
14.149494,234.889236,0.0,99.999992,-15.110744
14.157409,235.009125,0.0,100.000008,-14.990885
14.16837,235.128952,0.0,100.0,-14.871024
14.173131,235.24884,0.0,100.0,-14.751164
14.196096,235.548477,0.0,100.0,-14.451514
14.199677,235.668335,0.0,100.0,-14.331654
14.210758,235.788193,0.0,100.0,-14.211794
14.219361,235.908035,0.0,100.0,-14.091933
14.219361,236.027939,0.0,100.000008,-13.972074
14.235969,236.207718,0.0,100.0,-13.792283
14.248575,236.327576,0.0,100.0,-13.672423
14.248965,236.447403,0.0,99.999992,-13.552563
14.263369,236.567276,0.0,100.0,-13.432703
14.271267,236.74707,0.0,100.0,-13.252913
14.282708,236.926895,0.0,100.000008,-13.073123
14.303562,237.226501,0.0,99.999992,-12.773473
14.316236,237.346375,0.0,100.0,-12.653612
14.322939,237.466263,0.0,100.000008,-12.533752
14.331977,237.586105,0.0,100.000008,-12.413892
14.336223,237.705933,0.0,99.999992,-12.294032
14.34733,237.825836,0.0,100.000008,-12.174171
14.35185,237.945694,0.0,100.000008,-12.054312
14.362427,238.065506,0.0,100.0,-11.934452
14.378395,238.305283,0.0,100.0,-11.694732
14.386413,238.425125,0.0,100.0,-11.574871
14.393995,238.545013,0.0,100.000008,-11.455011
14.399088,238.66481,0.0,100.0,-11.335151
14.411698,238.784698,0.0,100.0,-11.215291
14.418852,238.964462,0.0,99.999992,-11.035501
14.431973,239.084335,0.0,99.999992,-10.915641
14.434048,239.204208,0.0,100.000008,-10.795781
14.452359,239.443924,0.0,100.0,-10.556061
14.461894,239.563812,0.0,100.000008,-10.4362
14.471854,239.683655,0.0,100.0,-10.31634
14.478154,239.803543,0.0,100.000008,-10.19648
14.486298,239.923355,0.0,99.999992,-10.07662
14.493351,240.043213,0.0,100.0,-9.95676
14.5028,240.163071,0.0,99.999992,-9.8369
14.516093,240.342865,0.0,99.999992,-9.65711
14.535127,240.702469,0.0,100.0,-9.297529
14.548283,240.822311,0.0,99.999992,-9.17767
14.552768,240.942184,0.0,100.0,-9.057809
14.563264,241.062012,0.0,99.999992,-8.937949
14.565784,241.181946,0.0,100.0,-8.818089
14.578147,241.301773,0.0,100.0,-8.698229
14.593378,241.541458,0.0,100.0,-8.458508
14.603863,241.661346,0.0,100.0,-8.338649
14.610754,241.781204,0.0,100.000008,-8.218788
14.61819,241.901062,0.0,100.0,-8.098928
14.626746,242.020935,0.0,100.000008,-7.979068
14.634773,242.140793,0.0,100.0,-7.859208
14.643286,242.260651,0.0,100.0,-7.739348
14.651785,242.380508,0.0,100.0,-7.619488
14.666097,242.620224,0.0,100.0,-7.379768
14.674233,242.740067,0.0,100.0,-7.259908
14.682695,242.85994,0.0,100.000008,-7.140048
14.689829,242.979797,0.0,100.0,-7.020187
14.699595,243.099625,0.0,100.0,-6.900327
14.706844,243.279495,0.0,100.000008,-6.720537
14.71945,243.459213,0.0,99.999992,-6.540747
14.738942,243.69899,0.0,100.0,-6.301027
14.738942,243.818832,0.0,99.999992,-6.181167
14.755986,243.938705,0.0,100.000008,-6.061306
14.763138,244.058548,0.0,100.0,-5.941447
14.772039,244.178421,0.0,100.0,-5.821587
14.772039,244.298279,0.0,100.0,-5.701726
14.787446,244.478058,0.0,100.0,-5.521936
14.799532,244.657837,0.0,100.0,-5.342146
14.810471,244.77771,0.0,100.0,-5.222286
14.818521,244.897598,0.0,100.0,-5.102426
14.825798,245.01741,0.0,100.0,-4.982566
14.843682,245.257156,0.0,100.0,-4.742846
14.849124,245.377045,0.0,100.0,-4.622985
14.857302,245.496887,0.0,100.0,-4.503125
14.866088,245.61673,0.0,100.0,-4.383265
14.874602,245.736588,0.0,100.0,-4.263405
14.88328,245.85643,0.0,99.999992,-4.143545
14.889589,245.976318,0.0,100.000008,-4.023685
14.903714,246.156113,0.0,100.0,-3.843895
14.917297,246.335876,0.0,99.999992,-3.664105
14.923707,246.515671,0.0,100.0,-3.484314
14.943308,246.755417,0.0,100.0,-3.244594
14.950813,246.875275,0.0,100.0,-3.124734
14.956017,246.995102,0.0,99.999992,-3.004874
14.966144,247.174881,0.0,99.999992,-2.825084
14.978467,247.2948,0.0,100.0,-2.705224
14.986921,247.474548,0.0,100.0,-2.525434
14.999196,247.594406,0.0,100.0,-2.405574
15.006278,247.714294,0.0,100.0,-2.285713
15.015754,247.834122,0.0,100.0,-2.165853
15.022804,247.95401,0.0,100.0,-2.045993
15.032017,248.073837,0.0,100.0,-1.926134
15.048059,248.311478,0.0,100.0,-1.688539
15.053186,248.426804,0.0,100.000008,-1.573192
15.064372,248.538162,0.0,99.999992,-1.461816
15.068401,248.644348,0.0,100.0,-1.355667
15.077857,248.744034,0.0,100.0,-1.255983
15.08567,248.83696,0.0,100.0,-1.163075
15.094158,248.924194,0.0,100.0,-1.075811
15.104165,249.00708,0.0,100.000008,-0.992937
15.123188,249.203278,0.0,100.0,-0.796729
15.13274,249.280441,0.0,100.0,-0.719553
15.144762,249.395767,0.0,100.0,-0.604237
15.149842,249.506607,0.0,100.0,-0.493381
15.163773,249.575226,0.0,100.0,-0.424775
15.171361,249.637634,0.0,100.0,-0.362385
15.1783,249.692093,0.0,100.000008,-0.307906
15.18766,249.737274,0.0,99.999992,-0.262707
15.1943,249.773987,0.0,100.0,-0.225981
15.212109,249.828827,0.0,100.000008,-0.171178
15.219424,249.850311,0.0,100.0,-0.149709
15.226132,249.87001,0.0,100.0,-0.129936
15.232703,249.889587,0.0,100.0,-0.110446
15.243915,249.90889,0.0,100.0,-0.091107
15.250012,249.927567,0.0,100.0,-0.072436
15.258322,249.953079,0.0,100.000008,-0.046935
15.271538,249.96756,0.0,99.999992,-0.032441
15.278117,249.97937,0.0,99.999992,-0.020619
15.304974,249.997421,0.0,100.0,-0.002578
15.316209,249.999649,0.0,100.0,-0.000322
15.320358,249.999969,0.0,100.0,-1.2e-05
15.332091,249.999969,0.0,100.0,0.0
15.33254,249.999969,0.0,100.0,0.0
15.34818,249.999969,0.0,100.0,0.0
15.353077,249.999969,0.0,100.0,0.0
15.362524,249.999969,0.0,100.0,0.0
15.365355,249.999969,0.0,100.0,0.0
15.378775,249.999969,0.0,100.0,0.0
15.38787,249.999969,0.0,100.0,0.0
15.395027,249.999969,0.0,100.0,0.0
15.399881,249.999969,0.0,100.0,0.0
15.410788,249.999969,0.0,100.0,0.0
15.415743,249.999969,0.0,100.0,0.0
15.426679,249.999969,0.0,100.0,0.0
15.435722,249.999969,0.0,100.0,0.0
15.438739,249.999969,0.0,100.0,0.0
15.449157,249.999969,0.0,100.0,0.0
15.4599,249.999969,0.0,100.0,0.0
15.467511,249.999969,0.0,100.0,0.0
15.472769,249.999969,0.0,100.0,0.0
15.483076,249.999969,0.0,100.0,0.0
15.496569,249.999969,0.0,100.0,0.0
15.503339,249.999969,0.0,100.0,0.0
15.515742,249.999969,0.0,100.0,0.0
15.522975,249.999969,0.0,100.0,0.0
15.540123,249.999969,0.0,100.0,0.0
15.567725,249.999969,0.0,100.0,0.0
15.572931,249.999969,0.0,100.0,0.0
15.587775,249.999969,0.0,100.0,0.0
15.599337,249.999969,0.0,100.0,0.0
15.599337,249.999969,0.0,100.0,0.0
15.623516,250.000275,0.0,100.0,0.000279
15.639715,250.006195,0.0,100.0,0.006198
15.64677,250.014603,0.0,100.000008,0.014621
15.656584,250.028442,0.0,100.000008,0.028507
15.667826,250.06218,0.0,100.0,0.062226
15.670765,250.092865,0.0,100.0,0.092918
15.682642,250.128586,0.0,99.999992,0.128637
15.690852,250.167999,0.0,100.0,0.168017
15.706121,250.252258,0.0,100.0,0.252304
15.719747,250.316269,0.0,100.0,0.316329
15.723769,250.359268,0.0,100.0,0.359282
15.732573,250.404099,0.0,100.0,0.404119
15.744327,250.452606,0.0,100.0,0.452648
15.749526,250.506683,0.0,100.0,0.506715
15.758364,250.568146,0.0,100.0,0.568166
15.76598,250.638779,0.0,100.0,0.638804
15.774093,250.718842,0.0,100.0,0.718878
15.788689,250.900299,0.0,100.0,0.900331
15.801087,250.998001,0.0,100.0,0.998018
15.804263,251.148041,0.0,100.0,1.148066
15.818802,251.248428,0.0,100.0,1.248436
15.826961,251.348877,0.0,100.0,1.348897
15.833334,251.449936,0.0,100.0,1.449994
15.842089,251.552338,0.0,100.0,1.552338
15.85164,251.656525,0.0,100.0,1.656554
15.857665,251.76326,0.0,100.0,1.763265
15.865964,251.873032,0.0,99.999992,1.87308
15.874065,251.986038,0.0,100.0,1.986082
15.888544,252.219238,0.0,100.0,2.219286
15.899472,252.338211,0.0,100.0,2.33824
15.899472,252.457916,0.0,100.0,2.45793
15.915986,252.577744,0.0,100.0,2.577789
15.92333,252.697647,0.0,100.0,2.697649
15.932016,252.817474,0.0,100.0,2.817509
15.938173,252.937363,0.0,100.0,2.93737
15.947924,253.05719,0.0,100.0,3.05723
15.954852,253.177078,0.0,100.0,3.17709
15.961391,253.296936,0.0,100.000008,3.29695
15.978214,253.536652,0.0,100.0,3.53667
15.986437,253.656525,0.0,100.0,3.65653
15.993715,253.776398,0.0,100.0,3.77639
16.003865,253.89621,0.0,100.0,3.89625
16.00976,254.016098,0.0,100.0,4.01611
16.017669,254.135956,0.0,100.0,4.135971
16.02741,254.255829,0.0,100.0,4.255831
16.03649,254.375687,0.0,100.0,4.375691
16.051718,254.615356,0.0,100.0,4.615411
16.057843,254.735214,0.0,100.0,4.735271
16.066114,254.855103,0.0,100.0,4.855131
16.074022,254.974945,0.0,99.999992,4.974991
16.082702,255.094833,0.0,100.0,5.094851
16.090909,255.214691,0.0,100.0,5.214712
16.099723,255.334518,0.0,100.0,5.334571
16.102942,255.454391,0.0,99.999992,5.454432
16.12625,255.754044,0.0,100.0,5.754082
16.134065,255.933853,0.0,100.0,5.933872
16.151917,256.113647,0.0,100.0,6.113662
16.156126,256.23349,0.0,100.0,6.233522
16.166355,256.4133,0.0,100.0,6.413312
16.180675,256.533142,0.0,100.0,6.533173
16.184972,256.653015,0.0,100.0,6.653033
16.199354,256.892731,0.0,100.0,6.892753
16.211972,257.012604,0.0,100.0,7.012613
16.220284,257.132446,0.0,99.999992,7.132473
16.226625,257.252319,0.0,99.999992,7.252333
16.235009,257.372131,0.0,100.0,7.372193
16.242601,257.492035,0.0,100.0,7.492054
16.250006,257.611877,0.0,100.0,7.611914
16.267732,257.851624,0.0,100.0,7.851634
16.274198,257.971466,0.0,100.0,7.971494
16.282481,258.091339,0.0,100.0,8.091354
16.290745,258.211151,0.0,100.0,8.211214
16.29952,258.331024,0.0,100.0,8.331074
16.306019,258.450928,0.0,100.000008,8.450934
16.315595,258.57077,0.0,100.000008,8.570794
16.322528,258.690643,0.0,100.0,8.690655
16.331136,258.810486,0.0,100.0,8.810514
16.336329,258.930389,0.0,100.0,8.930375
16.354184,259.170074,0.0,100.0,9.170094
16.361926,259.289948,0.0,100.0,9.289955
16.365855,259.40979,0.0,100.0,9.409815
16.379459,259.529633,0.0,100.0,9.529675
16.3863,259.649506,0.0,100.0,9.649535
16.3863,259.769348,0.0,99.999992,9.769396
16.402541,259.889252,0.0,100.0,9.889256
16.409315,260.009094,0.0,100.0,10.009115
16.416042,260.128937,0.0,100.0,10.128976
16.433195,260.368683,0.0,100.0,10.368696
16.444032,260.488525,0.0,100.0,10.488556
16.449317,260.608398,0.0,100.0,10.608417
16.457572,260.728302,0.0,100.0,10.728276
16.465775,260.848145,0.0,100.0,10.848136
16.475456,260.967987,0.0,100.000008,10.967997
16.484775,261.087799,0.0,100.0,11.087856
16.490474,261.207672,0.0,100.0,11.207717
16.504372,261.507324,0.0,100.0,11.507367
16.518006,261.627197,0.0,100.0,11.627227
16.527487,261.74707,0.0,100.0,11.747087
16.534357,261.866943,0.0,100.0,11.866947
16.541737,261.986786,0.0,100.0,11.986807
16.550857,262.106628,0.0,100.0,12.106668
16.558526,262.226501,0.0,100.0,12.226527
16.568821,262.346375,0.0,100.0,12.346388
16.586851,262.646027,0.0,100.0,12.646038
16.594855,262.765869,0.0,100.0,12.765898
16.60244,262.885712,0.0,100.0,12.885758
16.609909,263.005615,0.0,100.0,13.005618
16.615992,263.125488,0.0,100.000008,13.125478
16.627424,263.245331,0.0,100.0,13.245338
16.632358,263.365173,0.0,100.0,13.365198
16.64135,263.485046,0.0,100.0,13.485059
16.658087,263.724762,0.0,100.0,13.724779
16.666157,263.844666,0.0,100.0,13.844639
16.674851,263.964478,0.0,100.0,13.964499
16.684587,264.084351,0.0,100.0,14.084359
16.688636,264.204163,0.0,100.0,14.204219
16.70379,264.384003,0.0,100.0,14.384009
16.710713,264.503845,0.0,100.0,14.503869
16.728626,264.743591,0.0,100.000008,14.743589
16.732993,264.863464,0.0,100.0,14.86345
16.742575,264.983307,0.0,100.0,14.98331
16.751984,265.103149,0.0,100.0,15.10317
16.758112,265.223022,0.0,100.0,15.22303
16.766274,265.342834,0.0,100.0,15.34289
16.774269,265.462738,0.0,100.0,15.46275
16.78293,265.582611,0.0,100.0,15.58261
16.792285,265.702454,0.0,100.0,15.702471
16.799198,265.882263,0.0,100.0,15.88226
16.819275,266.121979,0.0,100.0,16.121981
16.824988,266.241821,0.0,100.0,16.24184
16.833622,266.361694,0.0,100.0,16.361702
16.843984,266.481506,0.0,100.0,16.481562
16.852071,266.60141,0.0,100.000008,16.601421
16.856206,266.721283,0.0,100.0,16.721281
16.866133,266.841125,0.0,100.0,16.841141
16.88265,267.080872,0.0,100.0,17.080862
16.89017,267.200714,0.0,100.0,17.200722
16.899508,267.320618,0.0,100.0,17.320581
16.906425,267.44043,0.0,100.0,17.440441
16.915889,267.620178,0.0,100.0,17.620232
16.927444,267.740112,0.0,100.0,17.740091
16.932535,267.859955,0.0,100.0,17.859953
16.942008,267.979828,0.0,100.0,17.979813
16.956872,268.219513,0.0,100.0,18.219532
16.966494,268.339386,0.0,100.0,18.339394
16.975731,268.459259,0.0,99.999992,18.459253
16.982768,268.579102,0.0,100.0,18.579113
16.99049,268.698975,0.0,100.0,18.698973
16.999344,268.818817,0.0,100.0,18.818832
17.007343,268.938721,0.0,100.0,18.938694
17.016704,269.058533,0.0,100.0,19.058554
17.033151,269.358185,0.0,100.0,19.358204
17.048805,269.537964,0.0,100.0,19.537994
17.05944,269.717743,0.0,100.0,19.717783
17.068465,269.837646,0.0,100.000008,19.837645
17.072683,269.957489,0.0,100.0,19.957504
17.08257,270.077362,0.0,100.0,20.077364
17.08257,270.197205,0.0,100.0,20.197224
17.099711,270.317047,0.0,100.0,20.317085
17.107396,270.43692,0.0,100.0,20.436945
17.11933,270.61676,0.0,100.0,20.616735
17.122325,270.736572,0.0,100.0,20.736595
17.141666,270.976288,0.0,100.0,20.976315
17.151165,271.156097,0.0,100.0,21.156105
17.16352,271.276001,0.0,100.0,21.275965
17.168947,271.395813,0.0,100.0,21.395824
17.179208,271.515686,0.0,100.0,21.515686
17.184157,271.635529,0.0,100.0,21.635546
17.193823,271.755432,0.0,100.0,21.755405
17.21231,271.995117,0.0,100.0,21.995127
17.218673,272.11499,0.0,100.0,22.114986
17.225978,272.234833,0.0,100.0,22.234846
17.232903,272.354736,0.0,100.0,22.354706
17.241997,272.474548,0.0,100.0,22.474566
17.249552,272.594452,0.0,100.0,22.594427
17.258512,272.714264,0.0,100.0,22.714287
17.268475,272.834137,0.0,100.0,22.834146
17.284966,273.073853,0.0,100.0,23.073866
17.289005,273.252686,0.0,100.0,23.252689
17.302734,273.369507,0.0,100.0,23.369553
17.316614,273.538177,0.0,100.0,23.538183
17.323299,273.644318,0.0,100.0,23.644333
17.335935,273.791229,0.0,100.0,23.791256
17.350235,273.966095,0.0,100.0,23.966097
17.360009,274.047241,0.0,100.0,24.047245
17.367289,274.125885,0.0,100.0,24.125885
17.37306,274.203247,0.0,100.0,24.20327
17.382752,274.319031,0.0,100.0,24.319035
17.39526,274.395782,0.0,100.0,24.395763
17.403014,274.506622,0.0,100.0,24.506618
17.427491,274.665985,0.0,100.0,24.665949
17.432831,274.715851,0.0,100.0,24.715858
17.441929,274.756622,0.0,100.0,24.756609
17.452916,274.789703,0.0,100.0,24.789734
17.456591,274.828796,0.0,100.000008,24.828823
17.471541,274.85025,0.0,100.0,24.85029
17.478657,274.870026,0.0,100.0,24.870064
17.486497,274.889557,0.0,100.0,24.889553
17.493374,274.908905,0.0,100.0,24.908894
17.516289,274.953064,0.0,100.0,24.953064
17.523926,274.973846,0.0,100.0,24.973841
17.533706,274.984131,0.0,100.0,24.984118
17.542711,274.991272,0.0,100.0,24.991301
17.551692,274.995911,0.0,100.0,24.995907
17.555845,274.998505,0.0,100.0,24.998508
17.566231,274.999664,0.0,100.000008,24.999678
17.582609,274.999969,0.0,100.0,25.0
17.590832,274.999969,0.0,100.0,25.0
17.599718,274.999969,0.0,100.0,25.0
17.607592,274.999969,0.0,100.0,25.0
17.6204,274.999969,0.0,100.0,25.0
17.631936,274.999969,0.0,100.0,25.0
17.636797,274.999969,0.0,100.0,25.0
17.647413,274.999969,0.0,100.0,25.0
17.65572,274.999969,0.0,100.0,25.0
17.663342,274.999969,0.0,100.0,25.0
17.67017,274.999969,0.0,100.0,25.0
17.678272,274.999969,0.0,100.0,25.0
17.685729,274.999969,0.0,100.0,25.0
17.695635,274.999969,0.0,100.0,25.0
17.701793,274.999969,0.0,100.0,25.0
17.715747,274.999969,0.0,100.0,25.0
17.723113,274.999969,0.0,100.0,25.0
17.730752,274.999969,0.0,100.0,25.0
17.732776,274.999969,0.0,100.0,25.0
17.746779,274.999969,0.0,100.0,25.0
17.755949,274.999969,0.0,100.0,25.0
17.762926,274.999969,0.0,100.0,25.0
17.766433,274.999969,0.0,100.0,25.0
17.778948,274.999969,0.0,100.0,25.0
17.787186,274.999969,0.0,100.0,25.0
17.823712,274.999969,0.0,100.0,25.0
17.830962,274.999969,0.0,100.0,25.0
17.839103,274.999969,0.0,100.0,25.0
17.846943,274.999969,0.0,100.0,25.0
17.856371,274.999969,0.0,100.0,25.0
17.862834,274.999969,0.0,100.0,25.0
17.883099,274.999664,0.0,100.0,24.999722
17.891247,274.996368,0.0,100.0,24.996387
17.915831,274.971436,0.0,100.0,24.971464
17.923325,274.950714,0.0,100.0,24.95076
17.931206,274.923035,0.0,100.0,24.923067
17.932559,274.889618,0.0,100.0,24.889658
17.948296,274.851837,0.0,100.000008,24.8519
17.954524,274.811157,0.0,100.0,24.811161
17.964036,274.768799,0.0,100.0,24.768808
17.96863,274.726044,0.0,100.0,24.726086
17.978518,274.683319,0.0,100.0,24.683359
17.993776,274.595428,0.0,100.0,24.595484
17.99954,274.546906,0.0,100.0,24.546907
18.010213,274.492767,0.0,100.0,24.492786
18.020175,274.431244,0.0,100.000008,24.431274
18.027679,274.360535,0.0,100.0,24.360567
18.034763,274.280365,0.0,100.0,24.280415
18.041557,274.192505,0.0,100.0,24.192537
18.051316,274.098755,0.0,100.0,24.098783
18.066253,273.901001,0.0,100.0,23.901037
18.074073,273.800537,0.0,100.0,23.80057
18.084387,273.700073,0.0,100.0,23.700102
18.089512,273.599274,0.0,100.0,23.599295
18.100868,273.497528,0.0,100.0,23.497553
18.106572,273.341766,0.0,100.0,23.341816
18.119408,273.234985,0.0,100.0,23.235001
18.133057,273.011902,0.0,100.0,23.011965
18.143651,272.89621,0.0,100.0,22.89624
18.151601,272.719086,0.0,100.0,22.719126
18.163822,272.599579,0.0,100.0,22.599609
18.166265,272.479645,0.0,100.0,22.479664
18.177866,272.359619,0.0,100.0,22.359686
18.187649,272.239655,0.0,100.0,22.239708
18.194172,272.11969,0.0,100.0,22.11973
18.212149,271.879761,0.0,100.0,21.879774
18.218604,271.759766,0.0,100.0,21.759796
18.226899,271.639801,0.0,100.0,21.639818
18.232805,271.519806,0.0,100.0,21.51984
18.244034,271.399841,0.0,100.0,21.399862
18.249289,271.279846,0.0,100.0,21.279884
18.259639,271.159851,0.0,100.0,21.159906
18.268477,271.039886,0.0,100.0,21.039928
18.274849,270.919891,0.0,100.0,20.91995
18.296428,270.619965,0.0,100.0,20.620007
18.303406,270.439972,0.0,100.0,20.440039
18.316257,270.26001,0.0,100.0,20.260071
18.32712,270.140106,0.0,100.0,20.140093
18.3352,270.020081,0.0,100.0,20.020115
18.344431,269.900116,0.0,100.0,19.900137
18.35539,269.660126,0.0,100.0,19.660181
18.366263,269.540192,0.0,100.0,19.540203
18.376244,269.420166,0.0,100.0,19.420225
18.383075,269.300232,0.0,100.0,19.300247
18.391247,269.180206,0.0,100.0,19.180269
18.400088,269.060272,0.0,100.0,19.060291
18.407647,268.940308,0.0,100.0,18.940313
18.415589,268.820312,0.0,100.0,18.820335
18.432047,268.580353,0.0,100.0,18.580379
18.437239,268.460388,0.0,100.0,18.460402
18.447197,268.340363,0.0,100.0,18.340424
18.455701,268.220428,0.0,100.0,18.220446
18.462427,268.100433,0.0,100.0,18.100468
18.471135,267.980469,0.0,100.0,17.98049
18.478028,267.860474,0.0,100.000008,17.860512
18.486548,267.740509,0.0,100.000008,17.740534
18.494458,267.620544,0.0,100.000008,17.620556
18.515822,267.320618,0.0,100.0,17.320612
18.522972,267.200592,0.0,100.000008,17.200634
18.532946,267.080627,0.0,100.0,17.080656
18.53973,266.960693,0.0,100.0,16.960678
18.547833,266.840698,0.0,100.0,16.8407
18.555869,266.720673,0.0,100.0,16.720722
18.563682,266.600708,0.0,100.0,16.600744
18.571047,266.420715,0.0,100.0,16.420776
18.591973,266.180786,0.0,100.0,16.18082
18.600137,266.060791,0.0,100.0,16.060843
18.606986,265.880859,0.0,100.0,15.880876
18.624383,265.700867,0.0,100.0,15.700909
18.632493,265.580872,0.0,100.0,15.580931
18.636989,265.460938,0.0,100.0,15.460953
18.647137,265.340942,0.0,100.0,15.340975
18.66373,265.100983,0.0,100.000008,15.101019
18.671232,264.981018,0.0,100.0,14.981041
18.678412,264.861023,0.0,100.0,14.861063
18.683248,264.741058,0.0,100.000008,14.741085
18.695085,264.621094,0.0,100.0,14.621107
18.703255,264.501129,0.0,100.0,14.501129
18.71083,264.381104,0.0,100.0,14.381151
18.716212,264.261108,0.0,100.0,14.261173
18.734384,264.021179,0.0,100.0,14.021217
18.741269,263.901245,0.0,100.0,13.901239
18.749496,263.781281,0.0,100.0,13.781261
18.758071,263.661255,0.0,100.0,13.661283
18.76626,263.54129,0.0,100.0,13.541306
18.774441,263.421295,0.0,100.0,13.421328
18.784681,263.3013,0.0,100.0,13.30135
18.790663,263.181335,0.0,100.0,13.181372
18.80439,263.001404,0.0,100.0,13.001405
18.823632,262.701447,0.0,100.0,12.70146
18.832325,262.581451,0.0,100.0,12.581482
18.834829,262.461517,0.0,100.0,12.461504
18.84859,262.341461,0.0,100.0,12.341525
18.857869,262.221527,0.0,100.0,12.221547
18.868939,262.041504,0.0,100.0,12.04158
18.879705,261.861603,0.0,100.000008,11.861613
18.88838,261.741608,0.0,100.0,11.741635
18.899999,261.561646,0.0,100.0,11.561668
18.905513,261.441681,0.0,100.0,11.44169
18.920874,261.201721,0.0,100.0,11.201735
18.93121,261.081726,0.0,100.0,11.081757
18.934524,260.961761,0.0,100.0,10.961779
18.945703,260.841736,0.0,100.000008,10.841801
18.95657,260.721771,0.0,100.0,10.721823
18.96265,260.601837,0.0,100.0,10.601845
18.971328,260.481842,0.0,100.000008,10.481867
18.971328,260.361847,0.0,100.0,10.361889
18.987041,260.241882,0.0,100.0,10.241911
18.993647,260.121948,0.0,100.0,10.121933
19.01211,259.881989,0.0,100.0,9.881977
19.016257,259.761993,0.0,100.0,9.761999
19.026573,259.642029,0.0,100.0,9.642021
19.033326,259.522034,0.0,100.0,9.522043
19.043292,259.402039,0.0,100.0,9.402065
19.049485,259.282074,0.0,100.0,9.282087
19.057706,259.162079,0.0,100.0,9.162109
19.066273,259.042114,0.0,100.0,9.042131
19.074489,258.92215,0.0,100.0,8.922153
19.091423,258.622192,0.0,100.0,8.622209
19.104025,258.44223,0.0,100.0,8.442242
19.116284,258.322235,0.0,100.0,8.322264
19.116284,258.202271,0.0,100.0,8.202286
19.132395,258.082275,0.0,100.0,8.082308
19.142846,257.902344,0.0,100.0,7.90234
19.152809,257.782349,0.0,100.0,7.782362
19.16087,257.662354,0.0,100.0,7.662385
19.168433,257.542389,0.0,100.0,7.542407
19.183842,257.302429,0.0,99.999992,7.302451
19.189004,257.182465,0.0,100.0,7.182473
19.199972,257.062469,0.0,100.0,7.062495
19.203172,256.882477,0.0,100.0,6.882528
19.218852,256.762543,0.0,100.0,6.76255
19.228416,256.642548,0.0,100.0,6.642572
19.24225,256.402557,0.0,100.0,6.402616
19.251915,256.282593,0.0,100.0,6.282638
19.256049,256.162598,0.0,100.0,6.16266
19.266219,256.042664,0.0,100.0,6.042682
19.274047,255.922699,0.0,100.000008,5.922704
19.28458,255.802704,0.0,100.0,5.802726
19.291003,255.622742,0.0,100.0,5.622759
19.303628,255.502762,0.0,100.000008,5.502781
19.31021,255.382767,0.0,99.999992,5.382803
19.326367,255.142792,0.0,100.0,5.142847
19.334703,255.022873,0.0,100.0,5.022869
19.343741,254.902878,0.0,99.999992,4.902891
19.349974,254.782883,0.0,100.0,4.782913
19.358084,254.662903,0.0,99.999992,4.662935
19.366633,254.542938,0.0,100.0,4.542957
19.374883,254.422989,0.0,100.0,4.422979
19.383232,254.302994,0.0,100.0,4.303001
19.399516,254.003052,0.0,100.000008,4.003057
19.409778,253.883057,0.0,100.0,3.883079
19.416428,253.763077,0.0,100.0,3.763101
19.427213,253.643097,0.0,99.999992,3.643122
19.434902,253.523148,0.0,100.0,3.523144
19.441902,253.403168,0.0,100.0,3.403167
19.450938,253.283173,0.0,100.0,3.283189
19.469359,253.043213,0.0,100.000008,3.043233
19.473624,252.863251,0.0,100.0,2.863266
19.486939,252.743271,0.0,100.0,2.743288
19.495622,252.623291,0.0,100.0,2.62331
19.502396,252.503311,0.0,100.0,2.503332
19.510468,252.323349,0.0,100.0,2.323365
19.523126,252.203369,0.0,100.0,2.203387
19.538941,251.963409,0.0,100.0,1.963431
19.547534,251.84343,0.0,99.999992,1.843453
19.556014,251.723465,0.0,99.999992,1.723475
19.562434,251.6035,0.0,100.0,1.603497
19.570995,251.48349,0.0,99.999992,1.483519
19.577801,251.36351,0.0,100.0,1.363541
19.586573,251.24353,0.0,100.0,1.243563
19.5943,251.123581,0.0,100.0,1.123585
19.602097,251.003586,0.0,100.0,1.003607
19.619471,250.703629,0.0,100.0,0.703662
19.630351,250.583664,0.0,100.0,0.583684
19.639659,250.463684,0.0,100.0,0.463706
19.647844,250.343704,0.0,99.999992,0.343728
19.656834,250.163712,0.0,100.0,0.163761
19.666549,249.98381,0.0,100.0,-0.016206
19.67913,249.8638,0.0,99.999992,-0.136184
19.687723,249.74382,0.0,100.0,-0.256162
19.694223,249.623856,0.0,100.0,-0.37614
19.716495,249.323883,0.0,100.0,-0.676084
19.725395,249.143921,0.0,99.999992,-0.856051
19.734403,249.023941,0.0,100.0,-0.976029
19.743477,248.903976,0.0,100.0,-1.096007
19.752515,248.783966,0.0,100.0,-1.215985
19.755553,248.664017,0.0,100.0,-1.335963
19.766273,248.544022,0.0,100.0,-1.455941
19.776128,248.424057,0.0,100.0,-1.575919
19.790952,248.184097,0.0,100.0,-1.815875
19.799847,248.064133,0.0,100.0,-1.935853
19.807775,247.944122,0.0,100.0,-2.055831
19.816236,247.824188,0.0,100.0,-2.175809
19.823607,247.704208,0.0,100.0,-2.295787
19.830715,247.584244,0.0,100.0,-2.415765
19.839179,247.464249,0.0,100.0,-2.535743
19.846343,247.344299,0.0,100.000008,-2.655721
19.854442,247.224289,0.0,99.999992,-2.775699
19.870178,246.984344,0.0,100.0,-3.015655
19.878486,246.864365,0.0,100.000008,-3.135633
19.884821,246.74437,0.0,100.0,-3.255611
19.894234,246.62442,0.0,100.000008,-3.375589
19.902961,246.50441,0.0,99.999992,-3.495567
19.916222,246.324478,0.0,100.0,-3.675534
19.916222,246.204437,0.0,99.999992,-3.795512
19.932364,246.084518,0.0,100.000008,-3.91549
19.938537,245.964523,0.0,100.0,-4.035468
19.946861,245.844528,0.0,99.999992,-4.155446
19.963139,245.604599,0.0,100.000008,-4.395401
19.970264,245.484604,0.0,100.0,-4.515379
19.978497,245.364639,0.0,100.0,-4.635357
19.983164,245.244675,0.0,100.0,-4.755335
19.994909,245.124664,0.0,100.0,-4.875313
20.002949,245.004684,0.0,99.999992,-4.995292
20.009946,244.88475,0.0,100.000008,-5.11527
20.017836,244.764755,0.0,100.0,-5.235248
20.036542,244.464813,0.0,100.0,-5.535192
20.045875,244.344803,0.0,100.0,-5.65517
20.054386,244.224854,0.0,100.0,-5.775148
20.061701,244.104874,0.0,100.0,-5.895126
20.066107,243.984879,0.0,100.0,-6.015104
20.078833,243.864883,0.0,100.0,-6.135082
20.085956,243.744949,0.0,100.000008,-6.25506
20.103266,243.504974,0.0,100.0,-6.495016
20.116451,243.324982,0.0,100.0,-6.674983
20.123458,243.14502,0.0,100.0,-6.85495
20.135744,243.02507,0.0,100.000008,-6.974928
20.142153,242.905075,0.0,100.0,-7.094906
20.149495,242.785141,0.0,100.000008,-7.214884
20.166518,242.545151,0.0,100.000008,-7.45484
20.174767,242.425156,0.0,99.999992,-7.574818
20.182995,242.305191,0.0,100.000008,-7.694796
20.189741,242.185196,0.0,100.0,-7.814774
20.200925,242.065201,0.0,100.0,-7.934752
20.209767,241.885254,0.0,99.999992,-8.114718
20.22144,241.705307,0.0,100.000008,-8.294685
20.231881,241.585327,0.0,100.0,-8.414663
20.246057,241.345367,0.0,100.0,-8.654619
20.256202,241.225372,0.0,100.0,-8.774597
20.259707,241.105408,0.0,100.0,-8.894575
20.271729,240.985443,0.0,100.0,-9.014554
20.278807,240.865463,0.0,100.0,-9.134532
20.287735,240.745499,0.0,100.0,-9.25451
20.293631,240.625488,0.0,100.0,-9.374488
20.302198,240.505524,0.0,100.0,-9.494466
20.324328,240.205566,0.0,100.0,-9.794411
20.333157,240.085571,0.0,99.999992,-9.914389
20.344555,239.90567,0.0,100.000008,-10.094356
20.350091,239.785645,0.0,100.0,-10.214334
20.360724,239.66568,0.0,100.000008,-10.334311
20.366546,239.545685,0.0,100.0,-10.454289
20.374183,239.42572,0.0,100.0,-10.574267
20.391148,239.185791,0.0,100.0,-10.814223
20.399988,239.065811,0.0,100.000008,-10.934201
20.406435,238.945831,0.0,100.000008,-11.054179
20.422693,238.765854,0.0,100.0,-11.234146
20.432673,238.585861,0.0,99.999992,-11.414113
20.436512,238.465912,0.0,100.000008,-11.534091
20.446411,238.345886,0.0,99.999992,-11.654069
20.454401,238.225922,0.0,100.0,-11.774047
20.462311,238.105957,0.0,100.0,-11.894025
20.478072,237.865997,0.0,100.0,-12.133981
20.486948,237.746017,0.0,100.0,-12.253959
20.496208,237.626038,0.0,100.0,-12.373937
20.502574,237.506058,0.0,99.999992,-12.493915
20.516122,237.326141,0.0,100.000008,-12.673882
20.523893,237.206131,0.0,99.999992,-12.793859
20.53252,237.086151,0.0,100.0,-12.913837
20.536787,236.966187,0.0,100.0,-13.033815
20.563524,236.606247,0.0,100.0,-13.393749
20.576093,236.426285,0.0,100.000008,-13.573716
20.583372,236.306274,0.0,100.0,-13.693694
20.591158,236.18634,0.0,100.000008,-13.813672
20.60025,236.06633,0.0,100.0,-13.93365
20.607456,235.946335,0.0,99.999992,-14.053628
20.623064,235.646423,0.0,100.0,-14.353574
20.636219,235.526428,0.0,100.0,-14.473552
20.642941,235.406464,0.0,100.0,-14.59353
20.650276,235.286484,0.0,100.0,-14.713508
20.65858,235.166504,0.0,100.0,-14.833486
20.666575,235.046509,0.0,100.0,-14.953464
20.673932,234.926544,0.0,99.999992,-15.073442
20.683307,234.80658,0.0,100.0,-15.193419
20.691706,234.6866,0.0,100.000008,-15.313397
20.700105,234.566605,0.0,100.0,-15.433375
20.706448,234.446655,0.0,100.0,-15.553353
20.720474,234.206696,0.0,100.0,-15.793309
20.732827,234.0867,0.0,100.0,-15.913287
20.740396,233.966766,0.0,100.000008,-16.033264
20.743448,233.846725,0.0,99.999992,-16.153242
20.754314,233.726746,0.0,100.0,-16.27322
20.76289,233.606766,0.0,99.999992,-16.393198
20.766701,233.486816,0.0,100.0,-16.513176
20.787871,233.246872,0.0,100.000008,-16.753132
20.794092,233.126846,0.0,99.999992,-16.87311
20.802591,233.006912,0.0,100.0,-16.99309
20.811073,232.886932,0.0,100.0,-17.113068
20.81656,232.766937,0.0,99.999992,-17.233046
20.826998,232.646973,0.0,100.0,-17.353024
20.83696,232.526962,0.0,99.999992,-17.473001
20.843977,232.406998,0.0,99.999992,-17.592979
20.85129,232.287033,0.0,99.999992,-17.712957
20.866361,232.047089,0.0,100.0,-17.952913
20.874023,231.927124,0.0,100.0,-18.072891
20.884595,231.807144,0.0,100.0,-18.192869
20.892296,231.687164,0.0,100.0,-18.312847
20.899558,231.567154,0.0,100.0,-18.432825
20.9067,231.447174,0.0,100.0,-18.552803
20.920398,231.267212,0.0,100.0,-18.732769
20.935804,231.027267,0.0,100.0,-18.972725
20.94198,230.907257,0.0,100.0,-19.092703
20.949825,230.787292,0.0,100.000008,-19.212681
20.958109,230.667343,0.0,100.0,-19.332659
20.968734,230.547333,0.0,99.999992,-19.452637
20.973389,230.427383,0.0,100.0,-19.572615
20.983429,230.307388,0.0,99.999992,-19.692593
20.991719,230.187424,0.0,100.0,-19.812571
21.000245,230.067474,0.0,100.000008,-19.932549
21.016478,229.82753,0.0,100.000008,-20.172504
21.021526,229.707489,0.0,100.0,-20.292482
21.035977,229.527527,0.0,99.999992,-20.47245
21.038498,229.407562,0.0,100.000008,-20.592428
21.049583,229.287598,0.0,100.0,-20.712406
21.058266,229.167603,0.0,100.0,-20.832384
21.066298,229.047638,0.0,100.0,-20.952362
21.074224,228.927643,0.0,100.0,-21.07234
21.091759,228.687683,0.0,99.999992,-21.312296
21.099781,228.567703,0.0,99.999992,-21.432274
21.105108,228.447739,0.0,100.000008,-21.552252
21.115771,228.327774,0.0,100.0,-21.67223
21.120565,228.207779,0.0,99.999992,-21.792208
21.132792,228.087799,0.0,99.999992,-21.912186
21.139458,227.96785,0.0,100.000008,-22.032164
21.146914,227.847885,0.0,100.000008,-22.152142
21.162515,227.60791,0.0,100.0,-22.392097
21.171612,227.487946,0.0,100.000008,-22.512075
21.178563,227.36792,0.0,99.999992,-22.632053
21.187067,227.187988,0.0,100.0,-22.812021
21.199828,227.067993,0.0,100.0,-22.931999
21.20694,226.948013,0.0,100.0,-23.051977
21.21545,226.828186,0.0,100.0,-23.171825
21.221121,226.709412,0.0,100.0,-23.290565
21.233291,226.536316,0.0,100.0,-23.463686
21.243812,226.426147,0.0,99.999992,-23.573833
21.258433,226.224365,0.0,100.0,-23.775629
21.268556,226.133591,0.0,100.0,-23.866409
21.2734,226.048111,0.0,99.999992,-23.951866
21.283206,225.96666,0.0,100.0,-24.033333
21.292557,225.887833,0.0,99.999992,-24.112137
21.299698,225.81041,0.0,100.0,-24.189611
21.307274,225.694504,0.0,100.0,-24.30549
21.319546,225.617432,0.0,100.0,-24.38257
21.327187,225.54187,0.0,100.000008,-24.458149
21.339995,225.402374,0.0,100.0,-24.597618
21.352311,225.342072,0.0,99.999992,-24.657913
21.356964,225.290451,0.0,99.999992,-24.709518
21.366699,225.248413,0.0,100.0,-24.751581
21.376575,225.214478,0.0,100.000008,-24.785551
21.383613,225.186752,0.0,100.0,-24.813227
21.391896,225.163574,0.0,99.999992,-24.836409
21.399865,225.143097,0.0,100.0,-24.856892
21.40688,225.123566,0.0,100.0,-24.876438
21.416111,225.10405,0.0,100.000008,-24.895945
21.416552,225.084763,0.0,100.0,-24.915218
21.436335,225.057571,0.0,99.999992,-24.942419
21.450156,225.027664,0.0,99.999992,-24.972309
21.458093,225.016861,0.0,100.000008,-24.983152
21.4668,225.009247,0.0,100.0,-24.990772
21.473502,225.004333,0.0,100.0,-24.995659
21.483051,225.001587,0.0,100.0,-24.998417
21.483051,225.00032,0.0,100.0,-24.999659
21.500016,224.999985,0.0,99.999992,-25.0
21.507328,224.999985,0.0,99.999992,-25.0
21.519826,224.999985,0.0,99.999992,-25.0
21.52331,224.999985,0.0,99.999992,-25.0
21.53518,224.999985,0.0,99.999992,-25.0
21.547732,224.999985,0.0,99.999992,-25.0
21.55374,224.999985,0.0,99.999992,-25.0
21.563894,224.999985,0.0,99.999992,-25.0
21.568009,224.999985,0.0,99.999992,-25.0
21.578599,224.999985,0.0,99.999992,-25.0
21.585213,224.999985,0.0,99.999992,-25.0
21.594559,224.999985,0.0,99.999992,-25.0
21.604038,224.999985,0.0,99.999992,-25.0
21.606406,224.999985,0.0,99.999992,-25.0
21.618778,224.999985,0.0,99.999992,-25.0
21.627586,224.999985,0.0,99.999992,-25.0
21.633177,224.999985,0.0,99.999992,-25.0
21.642192,224.999985,0.0,99.999992,-25.0
21.651963,224.999985,0.0,99.999992,-25.0
21.672329,224.999985,0.0,99.999992,-25.0
21.692259,224.999985,0.0,99.999992,-25.0
21.703777,224.999985,0.0,99.999992,-25.0
21.715373,224.999985,0.0,99.999992,-25.0
21.720688,224.999985,0.0,99.999992,-25.0
21.730348,224.999985,0.0,99.999992,-25.0
21.752607,225.000244,0.0,100.0,-24.999722
21.756608,225.001877,0.0,100.0,-24.998127
21.766345,225.006165,0.0,100.0,-24.993803
21.78385,225.028473,0.0,100.0,-24.971493
21.791668,225.049179,0.0,100.0,-24.950808
21.799685,225.076874,0.0,100.000008,-24.923141
21.806655,225.110214,0.0,100.0,-24.889765
21.81652,225.147934,0.0,100.0,-24.852045
21.824201,225.188629,0.0,99.999992,-24.811348
21.830671,225.230972,0.0,100.000008,-24.769037
21.83803,225.273621,0.0,99.999992,-24.726355
21.846622,225.316299,0.0,100.0,-24.68367
21.866696,225.42778,0.0,100.0,-24.572193
21.876719,225.478851,0.0,100.0,-24.521126
21.888341,225.568176,0.0,100.000008,-24.431833
21.899896,225.677719,0.0,99.999992,-24.322239
21.907031,225.761902,0.0,99.999992,-24.238075
21.916615,225.852875,0.0,100.0,-24.147118
21.940539,226.148041,0.0,100.0,-23.851934
21.948154,226.248444,0.0,100.000008,-23.751564
21.956062,226.348877,0.0,100.0,-23.651104
21.962559,226.449982,0.0,100.0,-23.550007
21.966476,226.552292,0.0,99.999992,-23.44766
21.978484,226.65654,0.0,100.0,-23.343445
21.987157,226.763214,0.0,100.0,-23.236734
21.994906,226.873062,0.0,100.0,-23.126921
22.00247,226.986053,0.0,100.0,-23.013918
22.018083,227.219284,0.0,100.000008,-22.780714
22.025944,227.338181,0.0,99.999992,-22.66176
22.033049,227.457916,0.0,100.0,-22.54207
22.043867,227.577789,0.0,100.000008,-22.422211
22.049608,227.697632,0.0,100.0,-22.302351
22.057836,227.817474,0.0,100.0,-22.182491
22.06657,227.937363,0.0,100.0,-22.06263
22.074598,228.057205,0.0,99.999992,-21.94277
22.083099,228.177063,0.0,99.999992,-21.82291
22.099915,228.416779,0.0,100.0,-21.583189
22.10679,228.536636,0.0,100.0,-21.463329
22.116135,228.656555,0.0,100.0,-21.34347
22.122016,228.776382,0.0,100.0,-21.22361
22.132341,228.896194,0.0,99.999992,-21.10375
22.137221,229.016098,0.0,100.0,-20.983889
22.148332,229.135986,0.0,100.000008,-20.864029
22.162201,229.375656,0.0,100.0,-20.62431
22.171066,229.495514,0.0,99.999992,-20.50445
22.182618,229.615387,0.0,100.0,-20.384588
22.19207,229.795212,0.0,100.0,-20.2048
22.199817,229.91507,0.0,100.000008,-20.084938
22.210588,230.094849,0.0,100.000008,-19.905148
22.218497,230.214706,0.0,100.0,-19.785288
22.234499,230.454407,0.0,100.0,-19.545568
22.243034,230.57428,0.0,100.0,-19.425709
22.251308,230.694153,0.0,100.0,-19.305847
22.255374,230.813995,0.0,100.0,-19.185987
22.26679,230.933853,0.0,100.0,-19.066128
22.27591,231.053711,0.0,100.0,-18.946268
22.285201,231.173599,0.0,100.0,-18.826408
22.304069,231.473236,0.0,100.0,-18.526758
22.316056,231.653015,0.0,100.0,-18.346968
22.323926,231.772919,0.0,100.0,-18.227108
22.332703,231.892776,0.0,100.000008,-18.107246
22.339143,232.012619,0.0,100.000008,-17.987387
22.346842,232.132492,0.0,100.000008,-17.867527
22.35146,232.252289,0.0,99.999992,-17.747667
22.371192,232.49205,0.0,99.999992,-17.507946
22.378063,232.611923,0.0,100.000008,-17.388086
22.383172,232.731781,0.0,100.0,-17.268227
22.401143,232.911575,0.0,100.000008,-17.088436
22.407455,233.091309,0.0,99.999992,-16.908646
22.419133,233.271149,0.0,100.0,-16.728855
22.432562,233.390991,0.0,100.0,-16.608995
22.451918,233.690628,0.0,100.0,-16.309345
22.459017,233.870438,0.0,100.0,-16.129555
22.47175,233.990326,0.0,100.000008,-16.009695
22.478637,234.110123,0.0,99.999992,-15.889835
22.48684,234.230042,0.0,100.0,-15.769975
22.495368,234.349854,0.0,100.0,-15.650115
22.500112,234.469757,0.0,100.0,-15.530254
22.523985,234.769379,0.0,100.0,-15.230604
22.531314,234.889236,0.0,99.999992,-15.110744
22.533439,235.009125,0.0,100.000008,-14.990885
22.551992,235.188873,0.0,100.0,-14.811094
22.559673,235.308746,0.0,100.0,-14.691234
22.566675,235.428604,0.0,100.0,-14.571374
22.575002,235.548477,0.0,100.0,-14.451514
22.583839,235.668335,0.0,100.0,-14.331654
22.596777,235.848129,0.0,100.0,-14.151864
22.603434,235.967941,0.0,99.999992,-14.032003
22.616343,236.147781,0.0,100.0,-13.852213
22.623598,236.267654,0.0,100.0,-13.732353
22.632067,236.387466,0.0,99.999992,-13.612494
22.637997,236.507355,0.0,100.0,-13.492633
22.648074,236.627213,0.0,100.000008,-13.372773
22.662414,236.866913,0.0,99.999992,-13.133053
22.670223,236.986832,0.0,100.000008,-13.013192
22.67868,237.106689,0.0,100.000008,-12.893332
22.687424,237.226501,0.0,99.999992,-12.773473
22.694155,237.346375,0.0,100.0,-12.653612
22.702427,237.466263,0.0,100.000008,-12.533752
22.712,237.586105,0.0,100.000008,-12.413892
22.718272,237.705933,0.0,99.999992,-12.294032
22.736022,237.945694,0.0,100.000008,-12.054312
22.742054,238.065506,0.0,100.0,-11.934452
22.750335,238.185379,0.0,100.0,-11.814591
22.758554,238.305283,0.0,100.0,-11.694732
22.766373,238.425125,0.0,100.0,-11.574871
22.775579,238.545013,0.0,100.000008,-11.455011
22.784723,238.66481,0.0,100.0,-11.335151
22.788839,238.784698,0.0,100.0,-11.215291
22.800021,239.024445,0.0,100.000008,-10.975571
22.814448,239.144272,0.0,100.0,-10.855711
22.823142,239.264114,0.0,99.999992,-10.73585
22.823142,239.383987,0.0,100.0,-10.615991
22.839921,239.50383,0.0,99.999992,-10.496131
22.847552,239.623749,0.0,100.000008,-10.37627
22.856887,239.743591,0.0,100.000008,-10.256411
22.864156,239.86348,0.0,100.000008,-10.13655
22.871627,239.983292,0.0,100.0,-10.01669
22.878381,240.103165,0.0,100.0,-9.89683
22.886193,240.223022,0.0,100.0,-9.77697
22.90283,240.462738,0.0,100.0,-9.53725
22.916226,240.642502,0.0,99.999992,-9.357459
22.924301,240.76239,0.0,100.000008,-9.237599
22.931638,240.882278,0.0,100.0,-9.11774
22.932699,241.002121,0.0,100.0,-8.997879
22.949001,241.121964,0.0,100.0,-8.878019
22.966959,241.4216,0.0,100.0,-8.578369
22.976409,241.541458,0.0,100.0,-8.458508
22.983427,241.661346,0.0,100.0,-8.338649
22.9912,241.841125,0.0,99.999992,-8.158858
23.00381,242.020935,0.0,100.000008,-7.979068
23.014554,242.140793,0.0,100.0,-7.859208
23.03164,242.380508,0.0,100.0,-7.619488
23.033423,242.500351,0.0,100.0,-7.499628
23.046832,242.620224,0.0,100.0,-7.379768
23.055229,242.740067,0.0,100.0,-7.259908
23.06453,242.85994,0.0,100.000008,-7.140048
23.071949,242.979797,0.0,100.0,-7.020187
23.078569,243.099625,0.0,100.0,-6.900327
23.086789,243.219513,0.0,100.0,-6.780468
23.104018,243.459213,0.0,99.999992,-6.540747
23.110778,243.579102,0.0,100.0,-6.420887
23.11862,243.69899,0.0,100.0,-6.301027
23.126358,243.818832,0.0,99.999992,-6.181167
23.136683,243.938705,0.0,100.000008,-6.061306
23.141525,244.058548,0.0,100.0,-5.941447
23.152296,244.178421,0.0,100.0,-5.821587
23.166647,244.418091,0.0,100.0,-5.581866
23.174047,244.537994,0.0,100.0,-5.462006
23.183211,244.657837,0.0,100.0,-5.342146
23.191525,244.77771,0.0,100.0,-5.222286
23.199775,244.897598,0.0,100.0,-5.102426
23.207517,245.01741,0.0,100.0,-4.982566
23.216295,245.137299,0.0,100.0,-4.862706
23.224302,245.257156,0.0,100.0,-4.742846
23.239549,245.556793,0.0,100.0,-4.443195
23.252179,245.676651,0.0,99.999992,-4.323335
23.258328,245.796524,0.0,100.000008,-4.203475
23.266655,245.916397,0.0,100.0,-4.083615
23.274575,246.03624,0.0,100.0,-3.963755
23.285105,246.156113,0.0,100.0,-3.843895
23.290378,246.335876,0.0,99.999992,-3.664105
23.30508,246.515671,0.0,100.0,-3.484314
23.319634,246.695496,0.0,100.0,-3.304524
23.335634,246.995102,0.0,99.999992,-3.004874
23.347754,247.11499,0.0,100.0,-2.885014
23.351912,247.234863,0.0,100.0,-2.765154
23.363016,247.354691,0.0,100.0,-2.645294
23.370529,247.474548,0.0,100.0,-2.525434
23.37856,247.594406,0.0,100.0,-2.405574
23.383658,247.714294,0.0,100.0,-2.285713
23.402853,247.95401,0.0,100.0,-2.045993
23.41018,248.073837,0.0,100.0,-1.926134
23.418617,248.19342,0.0,100.000008,-1.806605
23.426219,248.311478,0.0,100.0,-1.688539
23.435333,248.426804,0.0,100.000008,-1.573192
23.444179,248.538162,0.0,99.999992,-1.461816
23.452003,248.644348,0.0,100.0,-1.355667
23.458188,248.744034,0.0,100.0,-1.255983
23.466419,248.83696,0.0,100.0,-1.163075
23.484515,249.00708,0.0,100.000008,-0.992937
23.490059,249.125885,0.0,100.0,-0.874115
23.503535,249.203278,0.0,100.0,-0.796729
23.516893,249.319046,0.0,100.000008,-0.680966
23.523269,249.395767,0.0,100.0,-0.604237
23.532134,249.47052,0.0,100.0,-0.529485
23.538517,249.541611,0.0,100.0,-0.458407
23.548077,249.607315,0.0,100.0,-0.392697
23.56242,249.715866,0.0,100.000008,-0.284142
23.570421,249.756607,0.0,100.000008,-0.24339
23.57785,249.789734,0.0,100.0,-0.210267
23.58809,249.816895,0.0,100.0,-0.183077
23.594652,249.839874,0.0,100.0,-0.160126
23.602655,249.860306,0.0,100.000008,-0.139717
23.611717,249.879791,0.0,99.999992,-0.120191
23.61845,249.899307,0.0,100.0,-0.100729
23.635762,249.936447,0.0,100.0,-0.06353
23.642157,249.953079,0.0,100.000008,-0.046935
23.652391,249.96756,0.0,99.999992,-0.032441
23.658402,249.97937,0.0,99.999992,-0.020619
23.666522,249.988083,0.0,100.0,-0.011933
23.675198,249.993912,0.0,100.000008,-0.00611
23.683414,249.997421,0.0,100.0,-0.002578
23.700547,249.999969,0.0,100.0,-1.2e-05
23.71685,249.999969,0.0,100.0,0.0
23.71685,249.999969,0.0,100.0,0.0
23.736555,249.999969,0.0,100.0,0.0
23.744192,249.999969,0.0,100.0,0.0
23.756254,249.999969,0.0,100.0,0.0
23.766609,249.999969,0.0,100.0,0.0
23.779914,249.999969,0.0,100.0,0.0
23.787493,249.999969,0.0,100.0,0.0
23.795913,249.999969,0.0,100.0,0.0
23.800032,249.999969,0.0,100.0,0.0
23.810457,249.999969,0.0,100.0,0.0
23.816844,249.999969,0.0,100.0,0.0
23.828419,249.999969,0.0,100.0,0.0
23.834564,249.999969,0.0,100.0,0.0
23.842764,249.999969,0.0,100.0,0.0
23.852504,249.999969,0.0,100.0,0.0
23.857046,249.999969,0.0,100.0,0.0
23.868071,249.999969,0.0,100.0,0.0
23.873813,249.999969,0.0,100.0,0.0
23.883456,249.999969,0.0,100.0,0.0
23.891089,249.999969,0.0,100.0,0.0
23.900051,249.999969,0.0,100.0,0.0
23.907595,249.999969,0.0,100.0,0.0
23.916518,249.999969,0.0,100.0,0.0
23.923181,249.999969,0.0,100.0,0.0
23.953024,249.999969,0.0,100.0,0.0
23.966899,249.999969,0.0,100.0,0.0
23.974452,249.999969,0.0,100.0,0.0
23.987311,249.999969,0.0,100.0,0.0
23.996338,249.999969,0.0,100.0,0.0
24.012493,250.000275,0.0,100.0,0.000279
24.027996,250.006195,0.0,100.0,0.006198
24.033495,250.014603,0.0,100.000008,0.014621
24.042353,250.028442,0.0,100.000008,0.028507
24.052263,250.049149,0.0,99.999992,0.049191
24.058296,250.076782,0.0,100.0,0.076858
24.066633,250.110199,0.0,100.0,0.110234
24.075521,250.147919,0.0,100.0,0.147955
24.084107,250.188629,0.0,100.0,0.188653
24.100628,250.27359,0.0,100.0,0.273646
24.104833,250.316269,0.0,100.0,0.316329
24.116076,250.359268,0.0,100.0,0.359282
24.116476,250.404099,0.0,100.0,0.404119
24.131764,250.452606,0.0,100.0,0.452648
24.139798,250.506683,0.0,100.0,0.506715
24.146259,250.568146,0.0,100.0,0.568166
24.153794,250.638779,0.0,100.0,0.638804
24.172148,250.806641,0.0,100.0,0.806669
24.178186,250.900299,0.0,100.0,0.900331
24.186093,250.998001,0.0,100.0,0.998018
24.195076,251.097855,0.0,100.0,1.097883
24.203444,251.198242,0.0,100.0,1.198251
24.210194,251.298584,0.0,100.0,1.298621
24.218892,251.399307,0.0,100.000008,1.399328
24.234986,251.604126,0.0,100.0,1.604174
24.242491,251.709503,0.0,100.0,1.709559
24.249946,251.817734,0.0,100.0,1.817751
24.258808,251.929199,0.0,100.0,1.929216
24.266725,252.043564,0.0,100.0,2.043601
24.274638,252.160202,0.0,100.0,2.16028
24.28332,252.27858,0.0,100.0,2.278632
24.292192,252.398041,0.0,100.0,2.398032
24.309597,252.697647,0.0,100.0,2.697649
24.319823,252.817474,0.0,100.0,2.817509
24.326172,252.937363,0.0,100.0,2.93737
24.335679,253.05719,0.0,100.0,3.05723
24.340789,253.177078,0.0,100.0,3.17709
24.350157,253.296936,0.0,100.000008,3.29695
24.358395,253.416763,0.0,99.999992,3.41681
24.368349,253.536652,0.0,100.0,3.53667
24.37556,253.716431,0.0,100.0,3.71646
24.38783,253.836258,0.0,100.0,3.83632
24.40672,254.135956,0.0,100.0,4.135971
24.420479,254.315735,0.0,100.0,4.315761
24.426965,254.435593,0.0,100.0,4.435621
24.43626,254.555466,0.0,100.0,4.555481
24.441229,254.675308,0.0,100.0,4.675341
24.450436,254.795166,0.0,99.999992,4.795201
24.458522,254.915009,0.0,100.0,4.915061
24.46924,255.034866,0.0,100.0,5.034921
24.474368,255.214691,0.0,100.0,5.214712
24.487117,255.334518,0.0,100.0,5.334571
24.503673,255.634201,0.0,100.000008,5.634222
24.516886,255.81398,0.0,100.0,5.814012
24.527374,255.933853,0.0,100.0,5.933872
24.535296,256.05368,0.0,100.0,6.053732
24.542049,256.173584,0.0,100.0,6.173592
24.550078,256.293427,0.0,100.0,6.293452
24.558831,256.4133,0.0,100.0,6.413312
24.566777,256.533142,0.0,100.0,6.533173
24.575248,256.653015,0.0,100.0,6.653033
24.590614,256.892731,0.0,100.0,6.892753
24.599635,257.012604,0.0,100.0,7.012613
24.607259,257.132446,0.0,99.999992,7.132473
24.62032,257.312256,0.0,100.0,7.312263
24.627269,257.432068,0.0,99.999992,7.432123
24.635774,257.551971,0.0,100.0,7.551983
24.640087,257.671844,0.0,100.0,7.671844
24.652997,257.851624,0.0,100.0,7.851634
24.663231,257.971466,0.0,100.0,7.971494
24.671654,258.091339,0.0,100.0,8.091354
24.686986,258.331024,0.0,100.0,8.331074
24.696702,258.450928,0.0,100.000008,8.450934
24.699964,258.57077,0.0,100.000008,8.570794
24.71053,258.690643,0.0,100.0,8.690655
24.718299,258.810486,0.0,100.0,8.810514
24.726801,258.930389,0.0,100.0,8.930375
24.735174,259.050171,0.0,100.0,9.050235
24.751892,259.289948,0.0,100.0,9.289955
24.759476,259.40979,0.0,100.0,9.409815
24.766956,259.529633,0.0,100.0,9.529675
24.775063,259.649506,0.0,100.0,9.649535
24.783244,259.769348,0.0,99.999992,9.769396
24.791596,259.949158,0.0,100.000008,9.949185
24.803461,260.069031,0.0,100.0,10.069046
24.818691,260.308716,0.0,100.0,10.308765
24.825871,260.428619,0.0,100.0,10.428626
24.835817,260.548462,0.0,99.999992,10.548486
24.841654,260.668335,0.0,100.0,10.668346
24.850403,260.788147,0.0,100.0,10.788206
24.859918,260.908051,0.0,100.0,10.908067
24.86701,261.027924,0.0,100.0,11.027926
24.87581,261.147766,0.0,100.0,11.147786
24.883871,261.267609,0.0,100.0,11.267647
24.891006,261.387451,0.0,100.0,11.387506
24.906533,261.627197,0.0,100.0,11.627227
24.916342,261.74707,0.0,100.0,11.747087
24.922681,261.866943,0.0,100.0,11.866947
24.929767,261.986786,0.0,100.0,11.986807
24.939066,262.106628,0.0,100.0,12.106668
24.946373,262.226501,0.0,100.0,12.226527
24.96014,262.406281,0.0,100.0,12.406318
24.966575,262.526123,0.0,100.0,12.526177
24.983432,262.765869,0.0,100.0,12.765898
24.990615,262.885712,0.0,100.0,12.885758
24.999866,263.005615,0.0,100.0,13.005618
25.007597,263.125488,0.0,100.000008,13.125478
25.016864,263.245331,0.0,100.0,13.245338
25.027986,263.425079,0.0,100.0,13.425129
25.033824,263.544952,0.0,100.0,13.544989
25.051629,263.784668,0.0,100.0,13.784709
25.060369,263.904541,0.0,100.0,13.904569
25.066942,264.024414,0.0,100.0,14.024429
25.076634,264.144287,0.0,100.0,14.144289
25.083636,264.26416,0.0,100.0,14.26415
25.091496,264.384003,0.0,100.0,14.384009
25.103958,264.563782,0.0,100.0,14.5638
25.128489,264.92337,0.0,100.0,14.92338
25.139738,265.103149,0.0,100.0,15.10317
25.150628,265.282928,0.0,100.0,15.28296
25.160681,265.402802,0.0,100.0,15.402821
25.166886,265.522675,0.0,100.0,15.52268
25.176215,265.642548,0.0,100.0,15.64254
25.189851,265.882263,0.0,100.0,15.88226
25.199843,266.002045,0.0,100.0,16.002121
25.206849,266.181915,0.0,100.0,16.181911
25.220053,266.301727,0.0,100.000008,16.301771
25.226815,266.4216,0.0,100.0,16.421631
25.235055,266.541443,0.0,100.0,16.541491
25.241654,266.661377,0.0,100.0,16.661352
25.250413,266.781189,0.0,100.0,16.781212
25.266976,267.020935,0.0,100.0,17.020931
25.275175,267.140808,0.0,100.0,17.140791
25.283677,267.26062,0.0,100.0,17.260653
25.291885,267.44043,0.0,100.0,17.440441
25.303183,267.560272,0.0,100.0,17.560303
25.315782,267.740112,0.0,100.0,17.740091
25.323301,267.859955,0.0,100.0,17.859953
25.332839,267.979828,0.0,100.0,17.979813
25.343259,268.09967,0.0,100.0,18.099672
25.362544,268.459259,0.0,99.999992,18.459253
25.371308,268.639038,0.0,100.0,18.639044
25.384587,268.758911,0.0,100.0,18.758904
25.387807,268.878754,0.0,100.0,18.878763
25.400325,268.998596,0.0,100.0,18.998623
25.400325,269.118469,0.0,100.0,19.118483
25.414424,269.238342,0.0,100.0,19.238344
25.431079,269.478027,0.0,100.0,19.478064
25.437959,269.5979,0.0,100.0,19.597923
25.448957,269.717743,0.0,100.0,19.717783
25.45562,269.837646,0.0,100.000008,19.837645
25.464537,269.957489,0.0,100.0,19.957504
25.469545,270.077362,0.0,100.0,20.077364
25.480748,270.197205,0.0,100.0,20.197224
25.484173,270.317047,0.0,100.0,20.317085
25.49631,270.43692,0.0,100.0,20.436945
25.516518,270.736572,0.0,100.0,20.736595
25.517152,270.856476,0.0,100.0,20.856455
25.532619,270.976288,0.0,100.0,20.976315
25.53973,271.096161,0.0,100.0,21.096174
25.54712,271.216003,0.0,100.0,21.216036
25.560165,271.395813,0.0,100.0,21.395824
25.567402,271.515686,0.0,100.0,21.515686
25.585875,271.815338,0.0,100.0,21.815336
25.595161,271.93515,0.0,100.0,21.935196
25.604356,272.055054,0.0,100.0,22.055056
25.604356,272.174927,0.0,100.0,22.174915
25.619021,272.294769,0.0,100.0,22.294777
25.628089,272.414642,0.0,100.0,22.414637
25.635805,272.534454,0.0,100.0,22.534496
25.649921,272.7742,0.0,100.0,22.774216
25.658125,272.894073,0.0,100.0,22.894077
25.668411,273.013947,0.0,100.0,23.013937
25.674905,273.133728,0.0,100.0,23.133736
25.683795,273.252686,0.0,100.0,23.252689
25.696694,273.426849,0.0,100.0,23.426809
25.70458,273.538177,0.0,100.0,23.538183
25.707817,273.695068,0.0,100.0,23.695055
25.731308,273.881226,0.0,100.0,23.881184
25.735289,273.966095,0.0,100.0,23.966097
25.748699,274.047241,0.0,100.0,24.047245
25.754336,274.164673,0.0,100.0,24.164656
25.767531,274.241821,0.0,100.000008,24.241859
25.776812,274.319031,0.0,100.0,24.319035
25.784159,274.395782,0.0,100.0,24.395763
25.800358,274.541565,0.0,100.0,24.541594
25.80626,274.60733,0.0,100.0,24.607304
25.820035,274.692108,0.0,100.0,24.692095
25.827703,274.737305,0.0,100.0,24.737293
25.83603,274.774017,0.0,100.0,24.774019
25.841356,274.803986,0.0,100.0,24.803963
25.850211,274.828796,0.0,100.000008,24.828823
25.858404,274.85025,0.0,100.0,24.85029
25.875089,274.889557,0.0,100.0,24.889553
25.883682,274.908905,0.0,100.0,24.908894
25.883682,274.927582,0.0,100.0,24.927565
25.900797,274.945007,0.0,100.0,24.944994
25.908843,274.96759,0.0,100.0,24.96756
25.920291,274.984131,0.0,100.0,24.984118
25.933131,274.991272,0.0,100.0,24.991301
25.939701,274.997437,0.0,100.0,24.997423
25.952385,274.999237,0.0,100.0,24.999237
25.96704,274.999969,0.0,100.0,25.0
25.974328,274.999969,0.0,100.0,25.0
25.983873,274.999969,0.0,100.0,25.0
25.991503,274.999969,0.0,100.0,25.0
26.000105,274.999969,0.0,100.0,25.0
26.00759,274.999969,0.0,100.0,25.0
26.016668,274.999969,0.0,100.0,25.0
26.023759,274.999969,0.0,100.0,25.0
26.033198,274.999969,0.0,100.0,25.0
26.043777,274.999969,0.0,100.0,25.0
26.050707,274.999969,0.0,100.0,25.0
26.059112,274.999969,0.0,100.0,25.0
26.067729,274.999969,0.0,100.0,25.0
26.076326,274.999969,0.0,100.0,25.0
26.085377,274.999969,0.0,100.0,25.0
26.090424,274.999969,0.0,100.0,25.0
26.103684,274.999969,0.0,100.0,25.0
26.109963,274.999969,0.0,100.0,25.0
26.11886,274.999969,0.0,100.0,25.0
26.127974,274.999969,0.0,100.0,25.0
26.133582,274.999969,0.0,100.0,25.0
26.142841,274.999969,0.0,100.0,25.0
26.150287,274.999969,0.0,100.0,25.0
26.158256,274.999969,0.0,100.0,25.0
26.166838,274.999969,0.0,100.0,25.0
26.174587,274.999969,0.0,100.0,25.0
26.183541,274.999969,0.0,100.0,25.0
26.190962,274.999969,0.0,100.0,25.0
26.199751,274.999969,0.0,100.0,25.0
26.216994,274.999969,0.0,100.0,25.0
26.233662,274.999969,0.0,100.0,25.0
26.242284,274.999969,0.0,100.0,25.0
26.25192,274.999969,0.0,100.0,25.0
26.257065,274.999969,0.0,100.0,25.0
26.267006,274.999969,0.0,100.0,25.0
26.288538,274.999664,0.0,100.0,24.999722
26.300345,274.996368,0.0,100.0,24.996387
26.318183,274.979187,0.0,100.0,24.979183
26.32393,274.950714,0.0,100.0,24.95076
26.335591,274.906982,0.0,100.0,24.90699
26.348466,274.871185,0.0,100.0,24.871237
26.35324,274.831787,0.0,100.0,24.831818
26.368659,274.768799,0.0,100.0,24.768808
26.376333,274.726044,0.0,100.0,24.726086
26.389719,274.618225,0.0,100.0,24.618271
26.404226,274.571716,0.0,100.0,24.571772
26.411132,274.492767,0.0,100.0,24.492786
26.417086,274.431244,0.0,100.000008,24.431274
26.436762,274.321503,0.0,100.0,24.321571
26.439799,274.237274,0.0,100.0,24.237326
26.450377,274.146271,0.0,100.0,24.146278
26.467546,273.951172,0.0,100.0,23.951176
26.474698,273.850739,0.0,100.0,23.850803
26.483932,273.750275,0.0,100.0,23.750336
26.491713,273.649719,0.0,100.0,23.649776
26.500356,273.548553,0.0,100.0,23.54858
26.507473,273.394226,0.0,100.0,23.394249
26.520156,273.234985,0.0,100.0,23.235001
26.539576,273.011902,0.0,100.0,23.011965
26.547527,272.89621,0.0,100.0,22.89624
26.554933,272.778503,0.0,100.0,22.77853
26.562708,272.659424,0.0,100.0,22.65946
26.567869,272.539642,0.0,100.0,22.539652
26.579,272.419647,0.0,100.0,22.419676
26.58853,272.299683,0.0,100.0,22.299698
26.594697,272.179688,0.0,100.0,22.17972
26.611731,271.939697,0.0,100.000008,21.939764
26.619848,271.819763,0.0,100.0,21.819786
26.619848,271.699768,0.0,100.0,21.699808
26.634458,271.579773,0.0,100.0,21.57983
26.643425,271.459808,0.0,100.0,21.459852
26.651917,271.339844,0.0,100.0,21.339874
26.657117,271.21991,0.0,100.0,21.219896
26.668109,271.099884,0.0,100.0,21.099918
26.675502,270.979919,0.0,100.0,20.97994
26.683666,270.859894,0.0,100.0,20.859962
26.692443,270.679962,0.0,100.0,20.679995
26.703645,270.559998,0.0,100.000008,20.560017
26.723392,270.26001,0.0,100.0,20.260071
26.731805,270.140106,0.0,100.0,20.140093
26.743606,269.960114,0.0,100.0,19.960127
26.750383,269.840118,0.0,100.0,19.840149
26.760568,269.720184,0.0,100.0,19.720171
26.768212,269.600159,0.0,100.0,19.600193
26.773416,269.480164,0.0,100.000008,19.480215
26.789467,269.240204,0.0,100.0,19.240259
26.801086,269.12027,0.0,100.0,19.120281
26.805504,269.000305,0.0,100.0,19.000303
26.817177,268.820312,0.0,100.0,18.820335
26.833549,268.64032,0.0,100.0,18.640369
26.841045,268.460388,0.0,100.0,18.460402
26.850843,268.340363,0.0,100.0,18.340424
26.868278,268.100433,0.0,100.0,18.100468
26.873113,267.980469,0.0,100.0,17.98049
26.885656,267.860474,0.0,100.000008,17.860512
26.888709,267.680481,0.0,100.0,17.680546
26.90473,267.560516,0.0,100.0,17.560568
26.910803,267.380585,0.0,100.0,17.3806
26.916981,267.26059,0.0,100.0,17.260622
26.937058,267.080627,0.0,100.0,17.080656
26.944559,266.960693,0.0,100.0,16.960678
26.950544,266.840698,0.0,100.0,16.8407
26.958942,266.720673,0.0,100.0,16.720722
26.976355,266.480713,0.0,100.0,16.480766
26.988251,266.300812,0.0,100.0,16.300798
26.999685,266.180786,0.0,100.0,16.18082
27.009851,266.000793,0.0,99.999992,16.000854
27.023948,265.820862,0.0,100.0,15.820887
27.026931,265.640869,0.0,100.0,15.64092
27.039401,265.520874,0.0,100.0,15.520942
27.047326,265.40094,0.0,100.0,15.400964
27.061958,265.16098,0.0,100.000008,15.161008
27.071177,265.041016,0.0,100.0,15.04103
27.078338,264.921021,0.0,100.0,14.921052
27.083853,264.801056,0.0,100.0,14.801074
27.096483,264.681091,0.0,100.0,14.681096
27.100525,264.561066,0.0,100.0,14.561118
27.117677,264.381104,0.0,100.0,14.381151
27.127239,264.201172,0.0,100.0,14.201184
27.136411,264.081177,0.0,100.0,14.081206
27.142302,263.961212,0.0,100.0,13.961228
27.152329,263.841217,0.0,99.999992,13.84125
27.168511,263.601257,0.0,100.0,13.601295
27.175149,263.481262,0.0,100.0,13.481317
27.183602,263.361328,0.0,100.0,13.361339
27.191471,263.241333,0.0,100.0,13.241361
27.200207,263.121338,0.0,100.0,13.121383
27.207503,263.001404,0.0,100.0,13.001405
27.216482,262.881409,0.0,100.0,12.881427
27.22267,262.761414,0.0,100.0,12.761449
27.240446,262.521454,0.0,100.0,12.521493
27.246798,262.401489,0.0,100.0,12.401515
27.255022,262.281494,0.0,100.0,12.281536
27.262118,262.161499,0.0,100.0,12.161558
27.271906,262.041504,0.0,100.0,12.04158
27.278241,261.92157,0.0,99.999992,11.921602
27.287659,261.801605,0.0,100.0,11.801624
27.293575,261.68161,0.0,100.0,11.681646
27.317221,261.381653,0.0,100.0,11.381701
27.324038,261.201721,0.0,100.0,11.201735
27.33588,261.081726,0.0,100.0,11.081757
27.342788,260.961761,0.0,100.0,10.961779
27.351719,260.841736,0.0,100.000008,10.841801
27.3597,260.721771,0.0,100.0,10.721823
27.368753,260.601837,0.0,100.0,10.601845
27.374431,260.481842,0.0,100.000008,10.481867
27.383426,260.361847,0.0,100.0,10.361889
27.390773,260.241882,0.0,100.0,10.241911
27.400217,260.121948,0.0,100.0,10.121933
27.407034,260.001923,0.0,100.0,10.001955
27.419816,259.82196,0.0,100.0,9.821988
27.421002,259.701996,0.0,100.0,9.70201
27.436084,259.522034,0.0,100.0,9.522043
27.448783,259.402039,0.0,100.0,9.402065
27.454401,259.282074,0.0,100.0,9.282087
27.464985,259.162079,0.0,100.0,9.162109
27.47927,258.92215,0.0,100.0,8.922153
27.485684,258.802155,0.0,100.0,8.802176
27.494775,258.68222,0.0,100.0,8.682198
27.508019,258.502197,0.0,100.0,8.502231
27.516537,258.382233,0.0,100.0,8.382253
27.523214,258.262268,0.0,100.000008,8.262275
27.5313,258.142273,0.0,100.0,8.142297
27.539713,257.962341,0.0,99.999992,7.962329
27.552488,257.842346,0.0,100.0,7.842351
27.55872,257.722321,0.0,100.0,7.722373
27.569145,257.602386,0.0,100.0,7.602396
27.574475,257.482391,0.0,100.0,7.482418
27.584211,257.302429,0.0,99.999992,7.302451
27.596306,257.182465,0.0,100.0,7.182473
27.602945,257.062469,0.0,100.0,7.062495
27.618655,256.82254,0.0,100.0,6.822539
27.627602,256.702545,0.0,100.0,6.702561
27.63609,256.58255,0.0,100.0,6.582583
27.640249,256.462585,0.0,100.0,6.462605
27.652673,256.342621,0.0,100.0,6.342627
27.657249,256.222595,0.0,99.999992,6.222649
27.667033,256.102661,0.0,100.0,6.102671
27.684433,255.862686,0.0,100.0,5.862715
27.690851,255.682755,0.0,100.000008,5.682748
27.703858,255.562775,0.0,100.0,5.56277
27.716666,255.382767,0.0,99.999992,5.382803
27.717205,255.262802,0.0,100.0,5.262825
27.73162,255.142792,0.0,100.0,5.142847
27.748806,254.902878,0.0,99.999992,4.902891
27.756603,254.782883,0.0,100.0,4.782913
27.76301,254.662903,0.0,99.999992,4.662935
27.771231,254.542938,0.0,100.0,4.542957
27.778126,254.422989,0.0,100.0,4.422979
27.787517,254.302994,0.0,100.0,4.303001
27.79443,254.182999,0.0,100.0,4.183023
27.804377,254.063034,0.0,100.0,4.063046
27.817783,253.823059,0.0,99.999992,3.82309
27.82617,253.703079,0.0,100.0,3.703111
27.836605,253.58313,0.0,100.0,3.583133
27.844642,253.463104,0.0,100.0,3.463156
27.850673,253.34314,0.0,100.0,3.343178
27.858092,253.22316,0.0,100.0,3.2232
27.867867,253.103195,0.0,100.0,3.103222
27.883577,252.863251,0.0,100.0,2.863266
27.883577,252.743271,0.0,100.0,2.743288
27.900195,252.623291,0.0,100.0,2.62331
27.907939,252.503311,0.0,100.0,2.503332
27.916597,252.383331,0.0,100.0,2.383354
27.923208,252.263382,0.0,100.0,2.263376
27.931642,252.143387,0.0,100.0,2.143398
27.939454,252.023392,0.0,100.0,2.02342
27.955062,251.783432,0.0,99.999992,1.783464
27.962534,251.663498,0.0,100.0,1.663486
27.969727,251.543472,0.0,99.999992,1.543508
27.97854,251.423508,0.0,100.0,1.42353
27.986917,251.303528,0.0,100.0,1.303552
27.995055,251.183578,0.0,100.0,1.183574
28.003974,251.063614,0.0,100.000008,1.063596
28.018993,250.763641,0.0,100.000008,0.763651
28.031894,250.643677,0.0,100.0,0.643673
28.038369,250.523666,0.0,100.000008,0.523695
28.047044,250.403702,0.0,100.0,0.403717
28.055039,250.283691,0.0,100.0,0.283739
28.062212,250.163712,0.0,100.0,0.163761
28.072312,250.043777,0.0,100.000008,0.043783
28.086558,249.803787,0.0,100.0,-0.196173
28.096726,249.683823,0.0,100.0,-0.316151
28.103198,249.563889,0.0,100.0,-0.436129
28.117191,249.383896,0.0,100.0,-0.616095
28.125262,249.203934,0.0,100.0,-0.796062
28.135656,249.083939,0.0,100.000008,-0.91604
28.150409,248.844025,0.0,100.0,-1.155996
28.158266,248.724014,0.0,100.0,-1.275974
28.168492,248.604019,0.0,100.0,-1.395952
28.175112,248.484055,0.0,100.0,-1.51593
28.183665,248.36409,0.0,100.0,-1.635908
28.183665,248.24408,0.0,100.0,-1.755886
28.200254,248.12413,0.0,100.000008,-1.875864
28.20837,248.004135,0.0,100.0,-1.995842
28.217238,247.884171,0.0,100.0,-2.11582
28.226092,247.704208,0.0,100.0,-2.295787
28.235811,247.524216,0.0,100.0,-2.475754
28.247548,247.404251,0.0,100.0,-2.595732
28.256293,247.284286,0.0,100.0,-2.71571
28.263282,247.164307,0.0,100.000008,-2.835688
28.285102,246.864365,0.0,100.000008,-3.135633
28.291751,246.684387,0.0,100.0,-3.3156
28.30428,246.564407,0.0,100.0,-3.435578
28.316714,246.384415,0.0,100.0,-3.615545
28.323801,246.204437,0.0,99.999992,-3.795512
28.336924,246.024521,0.0,100.0,-3.975479
28.354969,245.724533,0.0,99.999992,-4.275424
28.367424,245.604599,0.0,100.000008,-4.395401
28.375792,245.484604,0.0,100.0,-4.515379
28.383737,245.364639,0.0,100.0,-4.635357
28.39111,245.244675,0.0,100.0,-4.755335
28.400167,245.124664,0.0,100.0,-4.875313
28.407675,245.004684,0.0,99.999992,-4.995292
28.416673,244.88475,0.0,100.000008,-5.11527
28.428098,244.704742,0.0,100.0,-5.295237
28.43489,244.584763,0.0,100.0,-5.415215
28.450358,244.344803,0.0,100.0,-5.65517
28.458489,244.224854,0.0,100.0,-5.775148
28.467079,244.104874,0.0,100.0,-5.895126
28.477605,243.924911,0.0,100.0,-6.075093
28.487433,243.804932,0.0,100.0,-6.195071
28.493891,243.684906,0.0,99.999992,-6.315049
28.503114,243.564941,0.0,99.999992,-6.435027
28.518419,243.26503,0.0,100.0,-6.734972
28.531627,243.14502,0.0,100.0,-6.85495
28.538167,243.02507,0.0,100.000008,-6.974928
28.54691,242.905075,0.0,100.0,-7.094906
28.550633,242.785141,0.0,100.000008,-7.214884
28.564138,242.665115,0.0,100.0,-7.334862
28.571595,242.545151,0.0,100.000008,-7.45484
28.587625,242.305191,0.0,100.000008,-7.694796
28.594785,242.185196,0.0,100.0,-7.814774
28.603092,242.065201,0.0,100.0,-7.934752
28.612493,241.945267,0.0,100.0,-8.054729
28.618206,241.825256,0.0,100.0,-8.174707
28.627631,241.705307,0.0,100.000008,-8.294685
28.63654,241.585327,0.0,100.0,-8.414663
28.644229,241.465347,0.0,100.0,-8.534641
28.65048,241.345367,0.0,100.0,-8.654619
28.667465,241.105408,0.0,100.0,-8.894575
28.676953,240.985443,0.0,100.0,-9.014554
28.693445,240.745499,0.0,100.0,-9.25451
28.700776,240.565536,0.0,100.000008,-9.434477
28.712379,240.445541,0.0,100.000008,-9.554455
28.719048,240.325562,0.0,100.0,-9.674433
28.719048,240.205566,0.0,100.0,-9.794411
28.737023,240.085571,0.0,99.999992,-9.914389
28.742968,239.965637,0.0,100.0,-10.034367
28.758524,239.725647,0.0,100.0,-10.274323
28.767274,239.605667,0.0,100.0,-10.3943
28.774902,239.485718,0.0,100.0,-10.514278
28.784537,239.365738,0.0,100.000008,-10.634256
28.792326,239.245743,0.0,100.0,-10.754234
28.80012,239.125763,0.0,99.999992,-10.874212
28.804972,239.005783,0.0,100.0,-10.99419
28.81743,238.825836,0.0,99.999992,-11.174157
28.833575,238.585861,0.0,99.999992,-11.414113
28.842049,238.465912,0.0,100.000008,-11.534091
28.851231,238.345886,0.0,99.999992,-11.654069
28.859376,238.225922,0.0,100.0,-11.774047
28.867044,238.105957,0.0,100.0,-11.894025
28.876775,237.986008,0.0,100.000008,-12.014003
28.883862,237.865997,0.0,100.0,-12.133981
28.890321,237.746017,0.0,100.0,-12.253959
28.908495,237.446106,0.0,100.0,-12.553904
28.919399,237.326141,0.0,100.000008,-12.673882
28.927062,237.206131,0.0,99.999992,-12.793859
28.935422,237.086151,0.0,100.0,-12.913837
28.942527,236.966187,0.0,100.0,-13.033815
28.952994,236.846207,0.0,100.0,-13.153793
28.957148,236.726212,0.0,100.0,-13.273771
28.966957,236.606247,0.0,100.0,-13.393749
28.983827,236.366318,0.0,100.000008,-13.633705
28.99082,236.246323,0.0,100.0,-13.753683
29.000167,236.126343,0.0,100.0,-13.873661
29.007499,236.006363,0.0,100.0,-13.993639
29.017385,235.886398,0.0,100.000008,-14.113617
29.022985,235.70639,0.0,99.999992,-14.293584
29.035845,235.586456,0.0,100.000008,-14.413563
29.050261,235.346451,0.0,100.0,-14.653519
29.058436,235.226486,0.0,100.0,-14.773497
29.067886,235.106537,0.0,100.0,-14.893475
29.07624,234.986557,0.0,100.0,-15.013453
29.083981,234.866531,0.0,99.999992,-15.13343
29.083981,234.746582,0.0,100.0,-15.253408
29.104689,234.566605,0.0,100.0,-15.433375
29.110918,234.446655,0.0,100.0,-15.553353
29.124305,234.206696,0.0,100.0,-15.793309
29.133751,234.0867,0.0,100.0,-15.913287
29.14272,233.966766,0.0,100.000008,-16.033264
29.150537,233.846725,0.0,99.999992,-16.153242
29.15841,233.726746,0.0,100.0,-16.27322
29.167342,233.606766,0.0,99.999992,-16.393198
29.175962,233.486816,0.0,100.0,-16.513176
29.185706,233.366837,0.0,100.0,-16.633154
29.204022,233.006912,0.0,100.0,-16.99309
29.214856,232.886932,0.0,100.0,-17.113068
29.216909,232.766937,0.0,99.999992,-17.233046
29.234025,232.587006,0.0,100.0,-17.413012
29.243971,232.467026,0.0,100.000008,-17.53299
29.25079,232.347046,0.0,100.0,-17.652967
29.268355,232.107056,0.0,100.0,-17.892923
29.276479,231.927124,0.0,100.0,-18.072891
29.288776,231.747147,0.0,100.0,-18.252857
29.299331,231.627136,0.0,99.999992,-18.372835
29.304692,231.507217,0.0,100.000008,-18.492813
29.316796,231.387207,0.0,100.0,-18.612791
29.336628,231.087234,0.0,100.0,-18.912737
29.344776,230.96727,0.0,100.0,-19.032715
29.351213,230.787292,0.0,100.000008,-19.212681
29.364329,230.667343,0.0,100.0,-19.332659
29.371253,230.547333,0.0,99.999992,-19.452637
29.383806,230.367371,0.0,100.0,-19.632605
29.402776,230.067474,0.0,100.000008,-19.932549
29.411171,229.947479,0.0,100.000008,-20.052526
29.42066,229.767487,0.0,99.999992,-20.232494
29.430604,229.647507,0.0,100.0,-20.352472
29.44074,229.527527,0.0,99.999992,-20.47245
29.447491,229.407562,0.0,100.000008,-20.592428
29.455249,229.287598,0.0,100.0,-20.712406
29.466777,229.047638,0.0,100.0,-20.952362
29.478127,228.927643,0.0,100.0,-21.07234
29.486628,228.807663,0.0,100.0,-21.192318
29.494839,228.687683,0.0,99.999992,-21.312296
29.504502,228.567703,0.0,99.999992,-21.432274
29.517017,228.387741,0.0,100.0,-21.61224
29.525388,228.207779,0.0,99.999992,-21.792208
29.535825,228.087799,0.0,99.999992,-21.912186
29.542388,227.96785,0.0,100.000008,-22.032164
29.55744,227.727875,0.0,100.0,-22.27212
29.567128,227.547913,0.0,100.0,-22.452087
29.578732,227.427963,0.0,100.000008,-22.572065
29.588638,227.248001,0.0,100.000008,-22.752031
29.600762,227.127991,0.0,100.0,-22.872009
29.606922,226.948013,0.0,100.0,-23.051977
29.620454,226.828186,0.0,100.0,-23.171825
29.626973,226.709412,0.0,100.0,-23.290565
29.641182,226.480606,0.0,100.0,-23.519398
29.650657,226.373138,0.0,99.999992,-23.626827
29.658745,226.272202,0.0,100.000008,-23.727829
29.667597,226.178238,0.0,99.999992,-23.821768
29.675414,226.090317,0.0,100.000008,-23.909719
29.684771,226.006973,0.0,100.0,-23.993015
29.692713,225.887833,0.0,99.999992,-24.112137
29.704225,225.771744,0.0,99.999992,-24.228237
29.717171,225.617432,0.0,100.0,-24.38257
29.734061,225.505203,0.0,100.000008,-24.494814
29.742435,225.435211,0.0,100.0,-24.564774
29.750569,225.371246,0.0,100.0,-24.62874
29.757771,225.315063,0.0,99.999992,-24.684914
29.767313,225.268311,0.0,100.0,-24.731674
29.784296,225.199951,0.0,100.000008,-24.800064
29.796771,225.163574,0.0,99.999992,-24.836409
29.804481,225.133301,0.0,100.0,-24.866684
29.815689,225.1138,0.0,100.0,-24.886194
29.823147,225.09436,0.0,100.0,-24.905645
29.836399,225.066315,0.0,100.000008,-24.933681
29.84134,225.049255,0.0,100.0,-24.950727
29.850646,225.034241,0.0,100.0,-24.965748
29.868204,225.012634,0.0,99.999992,-24.987343
29.876166,225.006516,0.0,100.000008,-24.993519
29.879815,225.002716,0.0,99.999992,-24.997267
29.892469,225.000839,0.0,100.000008,-24.999189
29.900498,225.000122,0.0,100.0,-24.999899
29.907073,224.999985,0.0,99.999992,-25.0
29.907073,224.999985,0.0,99.999992,-25.0
29.924442,224.999985,0.0,99.999992,-25.0
29.929313,224.999985,0.0,99.999992,-25.0
29.940668,224.999985,0.0,99.999992,-25.0
29.947132,224.999985,0.0,99.999992,-25.0
29.950712,224.999985,0.0,99.999992,-25.0
29.963653,224.999985,0.0,99.999992,-25.0
29.97083,224.999985,0.0,99.999992,-25.0
29.979812,224.999985,0.0,99.999992,-25.0
29.984128,224.999985,0.0,99.999992,-25.0
29.996672,224.999985,0.0,99.999992,-25.0
30.003447,224.999985,0.0,99.999992,-25.0
30.010556,224.999985,0.0,99.999992,-25.0
30.017192,224.999985,0.0,99.999992,-25.0
30.026879,224.999985,0.0,99.999992,-25.0
30.033867,224.999985,0.0,99.999992,-25.0
30.042989,224.999985,0.0,99.999992,-25.0
30.050538,224.999985,0.0,99.999992,-25.0
30.058892,224.999985,0.0,99.999992,-25.0
30.067154,224.999985,0.0,99.999992,-25.0
30.075585,224.999985,0.0,99.999992,-25.0
30.100549,224.999985,0.0,99.999992,-25.0
30.108118,224.999985,0.0,99.999992,-25.0
30.117207,224.999985,0.0,99.999992,-25.0
30.123755,224.999985,0.0,99.999992,-25.0
30.135833,224.999985,0.0,99.999992,-25.0
30.152456,225.000244,0.0,100.0,-24.999722
30.15562,225.001877,0.0,100.0,-24.998127
30.176969,225.014587,0.0,99.999992,-24.98538
30.18425,225.028473,0.0,100.0,-24.971493
30.191417,225.049179,0.0,100.0,-24.950808
30.200297,225.076874,0.0,100.000008,-24.923141
30.208269,225.128601,0.0,100.0,-24.871363
30.220634,225.188629,0.0,99.999992,-24.811348
30.23266,225.230972,0.0,100.000008,-24.769037
30.248045,225.316299,0.0,100.0,-24.68367
30.252353,225.359238,0.0,99.999992,-24.640718
30.263002,225.404068,0.0,99.999992,-24.595881
30.266851,225.452667,0.0,100.000008,-24.547352
30.280802,225.506714,0.0,100.0,-24.493284
30.287793,225.568176,0.0,100.000008,-24.431833
30.294513,225.638824,0.0,100.000008,-24.361197
30.303968,225.718872,0.0,100.000008,-24.281122
30.319246,225.948761,0.0,100.0,-24.051212
30.332184,226.047775,0.0,100.0,-23.952206
30.340303,226.198227,0.0,100.0,-23.801748
30.352537,226.298584,0.0,100.0,-23.70138
30.358559,226.399307,0.0,100.0,-23.600672
30.367306,226.500977,0.0,100.000008,-23.499029
30.37538,226.604141,0.0,100.0,-23.395826
30.383789,226.709579,0.0,100.000008,-23.290442
30.400773,226.929214,0.0,100.000008,-23.070784
30.412709,227.101669,0.0,100.0,-22.898308
30.417151,227.219284,0.0,100.000008,-22.780714
30.42653,227.338181,0.0,99.999992,-22.66176
30.443365,227.457916,0.0,100.0,-22.54207
30.452523,227.697632,0.0,100.0,-22.302351
30.46425,227.87738,0.0,99.999992,-22.122561
30.471072,227.997269,0.0,99.999992,-22.002701
30.486759,228.237,0.0,100.0,-21.76298
30.494288,228.356873,0.0,100.0,-21.64312
30.500712,228.476746,0.0,100.000008,-21.52326
30.512625,228.596573,0.0,100.0,-21.4034
30.520377,228.716461,0.0,100.0,-21.283539
30.5243,228.836304,0.0,100.0,-21.163679
30.534269,228.956131,0.0,99.999992,-21.043819
30.550745,229.195892,0.0,100.0,-20.8041
30.558761,229.315781,0.0,100.000008,-20.684238
30.568954,229.435577,0.0,99.999992,-20.564379
30.576883,229.55545,0.0,100.0,-20.444519
30.585453,229.675293,0.0,99.999992,-20.324659
30.590661,229.855103,0.0,100.0,-20.144869
30.603827,230.034897,0.0,100.0,-19.965078
30.616002,230.15477,0.0,100.0,-19.845219
30.624425,230.274597,0.0,99.999992,-19.725359
30.638802,230.514313,0.0,99.999992,-19.485638
30.64658,230.634201,0.0,100.0,-19.365778
30.65433,230.754044,0.0,99.999992,-19.245918
30.664252,230.873962,0.0,100.000008,-19.126059
30.670971,230.99379,0.0,100.0,-19.006197
30.678053,231.113647,0.0,100.0,-18.886337
30.686414,231.23349,0.0,99.999992,-18.766478
30.704344,231.473236,0.0,100.0,-18.526758
30.710375,231.593094,0.0,100.0,-18.406897
30.717232,231.712952,0.0,100.0,-18.287037
30.728431,231.832794,0.0,100.0,-18.167177
30.734188,231.952637,0.0,99.999992,-18.047318
30.743284,232.072525,0.0,100.0,-17.927456
30.750824,232.192398,0.0,100.000008,-17.807596
30.758677,232.312256,0.0,100.0,-17.687737
30.777147,232.551941,0.0,99.999992,-17.448017
30.783957,232.731781,0.0,100.0,-17.268227
30.796838,232.851639,0.0,100.000008,-17.148367
30.804409,232.971481,0.0,100.000008,-17.028505
30.810691,233.091309,0.0,99.999992,-16.908646
30.82068,233.211212,0.0,100.0,-16.788786
30.828184,233.33107,0.0,100.000008,-16.668926
30.834175,233.450943,0.0,100.0,-16.549067
30.850708,233.690628,0.0,100.0,-16.309345
30.858145,233.810516,0.0,100.0,-16.189486
30.867294,233.930374,0.0,100.0,-16.069626
30.875598,234.050262,0.0,100.0,-15.949765
30.88474,234.17012,0.0,100.000008,-15.829905
30.891927,234.289948,0.0,100.0,-15.710045
30.901554,234.40979,0.0,100.0,-15.590185
30.90626,234.5896,0.0,100.0,-15.410395
30.932644,234.889236,0.0,99.999992,-15.110744
30.935527,235.009125,0.0,100.000008,-14.990885
30.947464,235.128952,0.0,100.0,-14.871024
30.95049,235.24884,0.0,100.0,-14.751164
30.96487,235.368668,0.0,99.999992,-14.631304
30.971707,235.488525,0.0,99.999992,-14.511444
30.978145,235.608398,0.0,100.0,-14.391583
30.983859,235.728287,0.0,100.0,-14.271724
31.000549,235.967941,0.0,99.999992,-14.032003
31.01064,236.08786,0.0,100.0,-13.912144
31.018878,236.207718,0.0,100.0,-13.792283
31.026665,236.327576,0.0,100.0,-13.672423
31.034472,236.447403,0.0,99.999992,-13.552563
31.044408,236.567276,0.0,100.0,-13.432703
31.050844,236.687149,0.0,99.999992,-13.312843
31.059101,236.866913,0.0,99.999992,-13.133053
31.071696,236.986832,0.0,100.000008,-13.013192
31.087764,237.226501,0.0,99.999992,-12.773473
31.095871,237.346375,0.0,100.0,-12.653612
31.104771,237.466263,0.0,100.000008,-12.533752
31.110899,237.645996,0.0,99.999992,-12.353962
31.124372,237.7659,0.0,100.000008,-12.234102
31.132157,237.885757,0.0,100.0,-12.114242
31.143918,238.065506,0.0,100.0,-11.934452
31.169144,238.425125,0.0,100.0,-11.574871
31.174346,238.604889,0.0,100.0,-11.395082
31.187386,238.724762,0.0,100.0,-11.275221
31.19586,238.844604,0.0,100.0,-11.155361
31.203315,238.964462,0.0,99.999992,-11.035501
31.210638,239.084335,0.0,99.999992,-10.915641
31.21885,239.204208,0.0,100.000008,-10.795781
31.23405,239.443924,0.0,100.0,-10.556061
31.243496,239.563812,0.0,100.000008,-10.4362
31.250733,239.683655,0.0,100.0,-10.31634
31.258603,239.803543,0.0,100.000008,-10.19648
31.267243,239.923355,0.0,99.999992,-10.07662
31.275836,240.043213,0.0,100.0,-9.95676
31.283958,240.163071,0.0,99.999992,-9.8369
31.291948,240.282944,0.0,100.0,-9.71704
31.308245,240.522659,0.0,100.0,-9.47732
31.320939,240.702469,0.0,100.0,-9.297529
31.320939,240.822311,0.0,99.999992,-9.17767
31.334156,240.942184,0.0,100.0,-9.057809
31.343871,241.062012,0.0,99.999992,-8.937949
31.351262,241.181946,0.0,100.0,-8.818089
31.359339,241.301773,0.0,100.0,-8.698229
31.367968,241.4216,0.0,100.0,-8.578369
31.374939,241.541458,0.0,100.0,-8.458508
31.389012,241.721298,0.0,100.000008,-8.278719
31.400852,241.901062,0.0,100.0,-8.098928
31.407857,242.020935,0.0,100.000008,-7.979068
31.425164,242.320572,0.0,100.0,-7.679418
31.436304,242.440445,0.0,100.0,-7.559558
31.44253,242.560333,0.0,100.0,-7.439698
31.450634,242.740067,0.0,100.0,-7.259908
31.462967,242.85994,0.0,100.000008,-7.140048
31.472133,242.979797,0.0,100.0,-7.020187
31.478458,243.099625,0.0,100.0,-6.900327
31.488477,243.219513,0.0,100.0,-6.780468
31.503324,243.459213,0.0,99.999992,-6.540747
31.517012,243.639053,0.0,100.000008,-6.360957
31.524168,243.758881,0.0,99.999992,-6.241097
31.532536,243.878738,0.0,100.0,-6.121237
31.539385,243.998611,0.0,100.0,-6.001377
31.546364,244.118484,0.0,100.0,-5.881516
31.556719,244.238312,0.0,100.0,-5.761656
31.570817,244.478058,0.0,100.0,-5.521936
31.578687,244.597931,0.0,100.000008,-5.402076
31.584565,244.717773,0.0,100.0,-5.282216
31.595464,244.837677,0.0,100.0,-5.162356
31.604229,244.95752,0.0,100.000008,-5.042496
31.608167,245.077347,0.0,100.0,-4.922636
31.619041,245.197205,0.0,100.0,-4.802776
31.634116,245.436935,0.0,99.999992,-4.563056
31.642205,245.556793,0.0,100.0,-4.443195
31.650599,245.676651,0.0,99.999992,-4.323335
31.658881,245.796524,0.0,100.000008,-4.203475
31.670221,245.916397,0.0,100.0,-4.083615
31.67554,246.096207,0.0,100.000008,-3.903825
31.687579,246.216003,0.0,99.999992,-3.783965
31.69649,246.335876,0.0,99.999992,-3.664105
31.716974,246.635559,0.0,100.0,-3.364455
31.724332,246.755417,0.0,100.0,-3.244594
31.731964,246.875275,0.0,100.0,-3.124734
31.734129,246.995102,0.0,99.999992,-3.004874
31.74713,247.11499,0.0,100.0,-2.885014
31.755699,247.234863,0.0,100.0,-2.765154
31.763103,247.354691,0.0,100.0,-2.645294
31.767761,247.474548,0.0,100.0,-2.525434
31.778766,247.594406,0.0,100.0,-2.405574
31.785318,247.714294,0.0,100.0,-2.285713
31.807959,248.073837,0.0,100.0,-1.926134
31.819399,248.19342,0.0,100.000008,-1.806605
31.826401,248.311478,0.0,100.0,-1.688539
31.837119,248.426804,0.0,100.000008,-1.573192
31.84074,248.538162,0.0,99.999992,-1.461816
31.850803,248.644348,0.0,100.0,-1.355667
31.861479,248.744034,0.0,100.0,-1.255983
31.867866,248.83696,0.0,100.0,-1.163075
31.877119,248.924194,0.0,100.0,-1.075811
31.88847,249.047241,0.0,100.0,-0.952755
31.901045,249.241867,0.0,100.0,-0.758141
31.916891,249.319046,0.0,100.000008,-0.680966
31.922448,249.395767,0.0,100.0,-0.604237
31.930509,249.47052,0.0,100.0,-0.529485
31.933909,249.541611,0.0,100.0,-0.458407
31.947284,249.607315,0.0,100.0,-0.392697
31.952292,249.665924,0.0,100.0,-0.334051
31.962931,249.715866,0.0,100.000008,-0.284142
31.979702,249.789734,0.0,100.0,-0.210267
31.988165,249.816895,0.0,100.0,-0.183077
31.995015,249.839874,0.0,100.0,-0.160126
32.000984,249.87001,0.0,100.0,-0.129936
32.015448,249.889587,0.0,100.0,-0.110446
32.02467,249.90889,0.0,100.0,-0.091107
32.031935,249.927567,0.0,100.0,-0.072436
32.052775,249.96756,0.0,99.999992,-0.032441
32.054365,249.97937,0.0,99.999992,-0.020619
32.067897,249.988083,0.0,100.0,-0.011933
32.076549,249.995926,0.0,100.0,-0.004093
32.088568,249.998489,0.0,100.0,-0.001492
32.095423,249.999649,0.0,100.0,-0.000322
32.101013,249.999969,0.0,100.0,-1.2e-05
32.124241,249.999969,0.0,100.0,0.0
32.130626,249.999969,0.0,100.0,0.0
32.139652,249.999969,0.0,100.0,0.0
32.147543,249.999969,0.0,100.0,0.0
32.156674,249.999969,0.0,100.0,0.0
32.163202,249.999969,0.0,100.0,0.0
32.170865,249.999969,0.0,100.0,0.0
32.178075,249.999969,0.0,100.0,0.0
32.188088,249.999969,0.0,100.0,0.0
32.194633,249.999969,0.0,100.0,0.0
32.20325,249.999969,0.0,100.0,0.0
32.210441,249.999969,0.0,100.0,0.0
32.218711,249.999969,0.0,100.0,0.0
32.228294,249.999969,0.0,100.0,0.0
32.23793,249.999969,0.0,100.0,0.0
32.250221,249.999969,0.0,100.0,0.0
32.260474,249.999969,0.0,100.0,0.0
32.267988,249.999969,0.0,100.0,0.0
32.276584,249.999969,0.0,100.0,0.0
32.284542,249.999969,0.0,100.0,0.0
32.290093,249.999969,0.0,100.0,0.0
32.300385,249.999969,0.0,100.0,0.0
32.300773,249.999969,0.0,100.0,0.0
32.316996,249.999969,0.0,100.0,0.0
32.328389,249.999969,0.0,100.0,0.0
32.335948,249.999969,0.0,100.0,0.0
32.342637,249.999969,0.0,100.0,0.0
32.375898,249.999969,0.0,100.0,0.0
32.385616,249.999969,0.0,100.0,0.0
32.391133,249.999969,0.0,100.0,0.0
32.404814,249.999969,0.0,100.0,0.0
32.416548,249.999969,0.0,100.0,0.0
32.432628,250.000275,0.0,100.0,0.000279
32.448369,250.006195,0.0,100.0,0.006198
32.452255,250.014603,0.0,100.000008,0.014621
32.462766,250.028442,0.0,100.000008,0.028507
32.472416,250.06218,0.0,100.0,0.062226
32.484094,250.092865,0.0,100.0,0.092918
32.49237,250.128586,0.0,99.999992,0.128637
32.500749,250.167999,0.0,100.0,0.168017
32.520694,250.27359,0.0,100.0,0.273646
32.527641,250.316269,0.0,100.0,0.316329
32.535625,250.359268,0.0,100.0,0.359282
32.544935,250.404099,0.0,100.0,0.404119
32.550868,250.452606,0.0,100.0,0.452648
32.55899,250.506683,0.0,100.0,0.506715
32.568623,250.568146,0.0,100.0,0.568166
32.584193,250.718842,0.0,100.0,0.718878
32.596897,250.852859,0.0,100.0,0.852882
32.604933,250.948776,0.0,100.0,0.948787
32.607936,251.097855,0.0,100.0,1.097883
32.624538,251.198242,0.0,100.0,1.198251
32.636309,251.348877,0.0,100.0,1.348897
32.64364,251.500931,0.0,100.0,1.500971
32.667472,251.817734,0.0,100.0,1.817751
32.684571,251.986038,0.0,100.0,1.986082
32.686907,252.101654,0.0,100.0,2.101693
32.704891,252.27858,0.0,100.0,2.278632
32.717194,252.457916,0.0,100.0,2.45793
32.725087,252.637665,0.0,100.0,2.637719
32.736162,252.817474,0.0,100.0,2.817509
32.747113,252.937363,0.0,100.0,2.93737
32.755319,253.05719,0.0,100.0,3.05723
32.772873,253.296936,0.0,100.000008,3.29695
32.784409,253.4767,0.0,99.999992,3.47674
32.791063,253.656525,0.0,100.0,3.65653
32.804844,253.836258,0.0,100.0,3.83632
32.81663,253.956146,0.0,100.0,3.95618
32.831023,254.195877,0.0,99.999992,4.1959
32.834008,254.315735,0.0,100.0,4.315761
32.846985,254.435593,0.0,100.0,4.435621
32.855423,254.555466,0.0,100.0,4.555481
32.863016,254.675308,0.0,100.0,4.675341
32.872549,254.795166,0.0,99.999992,4.795201
32.878739,254.915009,0.0,100.0,4.915061
32.887256,255.034866,0.0,100.0,5.034921
32.902714,255.274643,0.0,100.0,5.274642
32.911024,255.454391,0.0,99.999992,5.454432
32.92504,255.574265,0.0,100.0,5.574292
32.931814,255.694138,0.0,100.0,5.694152
32.938546,255.81398,0.0,100.0,5.814012
32.948165,255.933853,0.0,100.0,5.933872
32.95499,256.05368,0.0,100.0,6.053732
32.962467,256.173584,0.0,100.0,6.173592
32.97796,256.4133,0.0,100.0,6.413312
32.987354,256.533142,0.0,100.0,6.533173
32.995373,256.653015,0.0,100.0,6.653033
33.003651,256.832794,0.0,100.0,6.832823
33.015405,256.952667,0.0,100.000008,6.952683
33.024719,257.07251,0.0,100.0,7.072543
33.031946,257.192383,0.0,100.0,7.192403
33.051128,257.492035,0.0,100.0,7.492054
33.059239,257.611877,0.0,100.0,7.611914
33.069079,257.73175,0.0,100.000008,7.731773
33.075002,257.851624,0.0,100.0,7.851634
33.087536,258.031403,0.0,100.0,8.031424
33.09651,258.151276,0.0,100.0,8.151284
33.100888,258.271088,0.0,100.0,8.271144
33.117312,258.450928,0.0,100.000008,8.450934
33.126459,258.630707,0.0,100.0,8.630724
33.135245,258.810486,0.0,100.0,8.810514
33.147427,258.930389,0.0,100.0,8.930375
33.155762,259.050171,0.0,100.0,9.050235
33.163026,259.170074,0.0,100.0,9.170094
33.17092,259.289948,0.0,100.0,9.289955
33.187827,259.529633,0.0,100.0,9.529675
33.196408,259.649506,0.0,100.0,9.649535
33.204386,259.769348,0.0,99.999992,9.769396
33.207374,259.889252,0.0,100.0,9.889256
33.219144,260.009094,0.0,100.0,10.009115
33.227739,260.128937,0.0,100.0,10.128976
33.235939,260.24881,0.0,100.0,10.248836
33.253071,260.488525,0.0,100.0,10.488556
33.2577,260.608398,0.0,100.0,10.608417
33.26765,260.728302,0.0,100.0,10.728276
33.275389,260.848145,0.0,100.0,10.848136
33.284161,260.967987,0.0,100.000008,10.967997
33.29167,261.087799,0.0,100.0,11.087856
33.300949,261.207672,0.0,100.0,11.207717
33.317144,261.447418,0.0,100.0,11.447436
33.324122,261.567291,0.0,100.0,11.567297
33.335921,261.74707,0.0,100.0,11.747087
33.342839,261.866943,0.0,100.0,11.866947
33.352078,261.986786,0.0,100.0,11.986807
33.357536,262.106628,0.0,100.0,12.106668
33.367553,262.226501,0.0,100.0,12.226527
33.376988,262.346375,0.0,100.0,12.346388
33.39312,262.646027,0.0,100.0,12.646038
33.408443,262.825806,0.0,100.0,12.825828
33.415071,262.945679,0.0,99.999992,12.945688
33.424013,263.065521,0.0,100.000008,13.065548
33.430717,263.185364,0.0,100.0,13.185409
33.434265,263.305267,0.0,100.0,13.305268
33.447661,263.425079,0.0,100.0,13.425129
33.456398,263.60495,0.0,100.0,13.604918
33.46821,263.724762,0.0,100.0,13.724779
33.484748,263.964478,0.0,100.0,13.964499
33.49164,264.084351,0.0,100.0,14.084359
33.500848,264.204163,0.0,100.0,14.204219
33.505662,264.324066,0.0,100.0,14.32408
33.520831,264.503845,0.0,100.0,14.503869
33.520831,264.623718,0.0,100.0,14.62373
33.535083,264.743591,0.0,100.000008,14.743589
33.550785,264.983307,0.0,100.0,14.98331
33.558857,265.103149,0.0,100.0,15.10317
33.569858,265.223022,0.0,100.0,15.22303
33.574338,265.402802,0.0,100.0,15.402821
33.587671,265.522675,0.0,100.0,15.52268
33.59471,265.642548,0.0,100.0,15.64254
33.604408,265.762421,0.0,100.0,15.762401
33.610897,265.882263,0.0,100.0,15.88226
33.626799,266.121979,0.0,100.0,16.121981
33.634362,266.241821,0.0,100.0,16.24184
33.64279,266.361694,0.0,100.0,16.361702
33.651087,266.481506,0.0,100.0,16.481562
33.658833,266.60141,0.0,100.000008,16.601421
33.66785,266.721283,0.0,100.0,16.721281
33.675891,266.841125,0.0,100.0,16.841141
33.684183,266.961029,0.0,100.0,16.961002
33.692898,267.080872,0.0,100.0,17.080862
33.700814,267.200714,0.0,100.0,17.200722
33.704915,267.320618,0.0,100.0,17.320581
33.726772,267.620178,0.0,100.0,17.620232
33.734639,267.740112,0.0,100.0,17.740091
33.744292,267.859955,0.0,100.0,17.859953
33.750483,267.979828,0.0,100.0,17.979813
33.758243,268.09967,0.0,100.0,18.099672
33.767604,268.219513,0.0,100.0,18.219532
33.776783,268.339386,0.0,100.0,18.339394
33.784917,268.459259,0.0,99.999992,18.459253
33.792897,268.639038,0.0,100.0,18.639044
33.816429,268.938721,0.0,100.0,18.938694
33.821818,269.058533,0.0,100.0,19.058554
33.832825,269.178406,0.0,100.0,19.178413
33.836382,269.298279,0.0,100.0,19.298273
33.847078,269.418091,0.0,100.0,19.418133
33.850883,269.537964,0.0,100.0,19.537994
33.867522,269.657867,0.0,100.0,19.657854
33.877547,269.837646,0.0,100.000008,19.837645
33.883624,269.957489,0.0,100.0,19.957504
33.893948,270.077362,0.0,100.0,20.077364
33.901184,270.257141,0.0,100.0,20.257154
33.911043,270.43692,0.0,100.0,20.436945
33.923939,270.556793,0.0,100.0,20.556805
33.939674,270.796509,0.0,100.0,20.796524
33.952521,270.976288,0.0,100.0,20.976315
33.959696,271.096161,0.0,100.0,21.096174
33.967703,271.216003,0.0,100.0,21.216036
33.977406,271.335846,0.0,100.000008,21.335896
33.988664,271.515686,0.0,100.0,21.515686
33.996609,271.635529,0.0,100.0,21.635546
34.003008,271.875305,0.0,100.0,21.875265
34.020205,271.995117,0.0,100.0,21.995127
34.027511,272.11499,0.0,100.0,22.114986
34.03494,272.234833,0.0,100.0,22.234846
34.043284,272.354736,0.0,100.0,22.354706
34.050858,272.474548,0.0,100.0,22.474566
34.059032,272.594452,0.0,100.0,22.594427
34.069046,272.714264,0.0,100.0,22.714287
34.074158,272.894073,0.0,100.0,22.894077
34.089082,273.013947,0.0,100.0,23.013937
34.103374,273.252686,0.0,100.0,23.252689
34.11038,273.426849,0.0,100.0,23.426809
34.122993,273.538177,0.0,100.0,23.538183
34.130035,273.644318,0.0,100.0,23.644333
34.138341,273.743988,0.0,100.0,23.744017
34.146519,273.836914,0.0,100.0,23.836926
34.156669,273.924225,0.0,100.0,23.924189
34.162758,274.00708,0.0,100.0,24.007063
34.178026,274.164673,0.0,100.0,24.164656
34.184443,274.241821,0.0,100.000008,24.241859
34.19675,274.319031,0.0,100.0,24.319035
34.203708,274.395782,0.0,100.0,24.395763
34.21265,274.470551,0.0,100.0,24.470514
34.220958,274.541565,0.0,100.0,24.541594
34.22383,274.60733,0.0,100.0,24.607304
34.234254,274.665985,0.0,100.0,24.665949
34.250699,274.756622,0.0,100.0,24.756609
34.258803,274.789703,0.0,100.0,24.789734
34.26743,274.816956,0.0,100.0,24.816923
34.27613,274.839874,0.0,100.0,24.839874
34.284255,274.860291,0.0,100.0,24.860283
34.290652,274.879822,0.0,100.0,24.879808
34.300962,274.899261,0.0,100.0,24.899271
34.306994,274.918335,0.0,100.0,24.918348
34.321812,274.953064,0.0,100.0,24.953064
34.333475,274.96759,0.0,100.0,24.96756
34.336801,274.97937,0.0,100.0,24.979382
34.347474,274.988037,0.0,100.0,24.988068
34.355649,274.993927,0.0,100.0,24.993891
34.362788,274.997437,0.0,100.0,24.997423
34.371516,274.999237,0.0,100.0,24.999237
34.379257,274.999908,0.0,100.0,24.999905
34.387804,274.999969,0.0,100.0,25.0
34.403453,274.999969,0.0,100.0,25.0
34.415386,274.999969,0.0,100.0,25.0
34.423259,274.999969,0.0,100.0,25.0
34.430736,274.999969,0.0,100.0,25.0
34.440342,274.999969,0.0,100.0,25.0
34.446811,274.999969,0.0,100.0,25.0
34.454392,274.999969,0.0,100.0,25.0
34.46405,274.999969,0.0,100.0,25.0
34.471176,274.999969,0.0,100.0,25.0
34.479311,274.999969,0.0,100.0,25.0
34.487184,274.999969,0.0,100.0,25.0
34.496532,274.999969,0.0,100.0,25.0
34.503623,274.999969,0.0,100.0,25.0
34.51733,274.999969,0.0,100.0,25.0
34.525763,274.999969,0.0,100.0,25.0
34.537778,274.999969,0.0,100.0,25.0
34.542744,274.999969,0.0,100.0,25.0
34.556434,274.999969,0.0,100.0,25.0
34.567689,274.999969,0.0,100.0,25.0
34.585,274.999969,0.0,100.0,25.0
34.593177,274.999969,0.0,100.0,25.0
34.60113,274.999969,0.0,100.0,25.0
34.613179,274.999969,0.0,100.0,25.0
34.618343,274.999969,0.0,100.0,25.0
34.628567,274.999969,0.0,100.0,25.0
34.635129,274.999969,0.0,100.0,25.0
34.6437,274.999969,0.0,100.0,25.0
34.668493,274.999969,0.0,100.0,25.0
34.674502,274.999969,0.0,100.0,25.0
34.700187,274.999969,0.0,100.0,25.0
34.703912,274.999969,0.0,100.0,25.0
34.720731,274.999969,0.0,100.0,25.0
34.734381,274.999969,0.0,100.0,25.0
34.757127,274.999664,0.0,100.0,24.999722
34.772143,274.993774,0.0,100.0,24.993795
34.778995,274.985321,0.0,100.0,24.985365
34.786973,274.971436,0.0,100.0,24.971464
34.796453,274.950714,0.0,100.0,24.95076
34.803251,274.923035,0.0,100.0,24.923067
34.810441,274.889618,0.0,100.0,24.889658
34.820631,274.851837,0.0,100.000008,24.8519
34.834238,274.768799,0.0,100.0,24.768808
34.842113,274.726044,0.0,100.0,24.726086
34.852591,274.683319,0.0,100.0,24.683359
34.858524,274.640289,0.0,100.0,24.640364
34.868024,274.595428,0.0,100.0,24.595484
34.874691,274.546906,0.0,100.0,24.546907
34.884544,274.492767,0.0,100.0,24.492786
34.902731,274.321503,0.0,100.0,24.321571
34.913877,274.192505,0.0,100.0,24.192537
34.923893,274.098755,0.0,100.0,24.098783
34.932676,274.000977,0.0,100.0,24.000999
34.934172,273.901001,0.0,100.0,23.901037
34.947435,273.800537,0.0,100.0,23.80057
34.956807,273.700073,0.0,100.0,23.700102
34.971285,273.497528,0.0,100.0,23.497553
34.978297,273.394226,0.0,100.0,23.394249
34.988701,273.288696,0.0,100.0,23.288759
34.996744,273.180389,0.0,100.0,23.180462
35.001086,273.068848,0.0,100.0,23.068886
35.010954,272.954376,0.0,100.0,22.95439
35.017646,272.837555,0.0,100.0,22.837595
35.027038,272.719086,0.0,100.0,22.719126
35.045281,272.479645,0.0,100.0,22.479664
35.051019,272.359619,0.0,100.0,22.359686
35.058866,272.239655,0.0,100.0,22.239708
35.068101,272.11969,0.0,100.0,22.11973
35.074867,271.939697,0.0,100.000008,21.939764
35.088391,271.819763,0.0,100.0,21.819786
35.095535,271.699768,0.0,100.0,21.699808
35.103447,271.519806,0.0,100.0,21.51984
35.120659,271.279846,0.0,100.0,21.279884
35.130747,271.159851,0.0,100.0,21.159906
35.138676,271.039886,0.0,100.0,21.039928
35.147983,270.919891,0.0,100.0,20.91995
35.156034,270.799927,0.0,100.0,20.799973
35.156034,270.679962,0.0,100.0,20.679995
35.172771,270.559998,0.0,100.000008,20.560017
35.179532,270.439972,0.0,100.0,20.440039
35.187165,270.320038,0.0,100.0,20.320061
35.202984,270.080078,0.0,100.0,20.080105
35.21093,269.960114,0.0,100.0,19.960127
35.22073,269.840118,0.0,100.0,19.840149
35.226871,269.720184,0.0,100.0,19.720171
35.234194,269.600159,0.0,100.0,19.600193
35.244838,269.480164,0.0,100.000008,19.480215
35.258976,269.240204,0.0,100.0,19.240259
35.267696,269.12027,0.0,100.0,19.120281
35.275114,269.000305,0.0,100.0,19.000303
35.285017,268.880341,0.0,100.0,18.880325
35.29162,268.700287,0.0,100.0,18.700357
35.303764,268.580353,0.0,100.0,18.580379
35.3163,268.400391,0.0,100.0,18.400414
35.317831,268.280426,0.0,100.0,18.280436
35.339425,267.980469,0.0,100.0,17.98049
35.351283,267.860474,0.0,100.000008,17.860512
35.359329,267.740509,0.0,100.000008,17.740534
35.367883,267.620544,0.0,100.000008,17.620556
35.374974,267.500488,0.0,100.0,17.500578
35.384722,267.320618,0.0,100.0,17.320612
35.401211,267.140625,0.0,100.0,17.140644
35.408143,267.02063,0.0,100.0,17.020666
35.420515,266.840698,0.0,100.0,16.8407
35.434182,266.600708,0.0,100.0,16.600744
35.444856,266.480713,0.0,100.0,16.480766
35.450659,266.360748,0.0,100.000008,16.360788
35.458731,266.240784,0.0,100.0,16.24081
35.467619,266.120789,0.0,100.0,16.120832
35.475048,266.000793,0.0,99.999992,16.000854
35.484241,265.880859,0.0,100.0,15.880876
35.505133,265.580872,0.0,100.0,15.580931
35.517864,265.40094,0.0,100.0,15.400964
35.529724,265.220978,0.0,100.0,15.220997
35.543262,265.041016,0.0,100.0,15.04103
35.551119,264.861023,0.0,100.0,14.861063
35.56154,264.741058,0.0,100.000008,14.741085
35.572678,264.561066,0.0,100.0,14.561118
35.575169,264.441071,0.0,100.0,14.44114
35.5845,264.321136,0.0,100.0,14.321162
35.596854,264.201172,0.0,100.0,14.201184
35.601082,264.081177,0.0,100.0,14.081206
35.619715,263.841217,0.0,99.999992,13.84125
35.626365,263.721252,0.0,100.0,13.721272
35.636962,263.601257,0.0,100.0,13.601295
35.640871,263.481262,0.0,100.0,13.481317
35.650932,263.361328,0.0,100.0,13.361339
35.658658,263.241333,0.0,100.0,13.241361
35.669826,263.121338,0.0,100.0,13.121383
35.675323,262.941406,0.0,100.0,12.941416
35.696256,262.701447,0.0,100.0,12.70146
35.703853,262.581451,0.0,100.0,12.581482
35.717475,262.401489,0.0,100.0,12.401515
35.725173,262.221527,0.0,100.0,12.221547
35.736628,262.041504,0.0,100.0,12.04158
35.74759,261.92157,0.0,99.999992,11.921602
35.754812,261.801605,0.0,100.0,11.801624
35.772472,261.561646,0.0,100.0,11.561668
35.778871,261.441681,0.0,100.0,11.44169
35.787367,261.321655,0.0,100.0,11.321712
35.795155,261.201721,0.0,100.0,11.201735
35.804935,261.081726,0.0,100.0,11.081757
35.811552,260.961761,0.0,100.0,10.961779
35.819559,260.841736,0.0,100.000008,10.841801
35.834303,260.601837,0.0,100.0,10.601845
35.843378,260.481842,0.0,100.000008,10.481867
35.851212,260.361847,0.0,100.0,10.361889
35.859027,260.241882,0.0,100.0,10.241911
35.869233,260.121948,0.0,100.0,10.121933
35.875355,260.001923,0.0,100.0,10.001955
35.88886,259.82196,0.0,100.0,9.821988
35.890814,259.701996,0.0,100.0,9.70201
35.904591,259.582001,0.0,100.0,9.582032
35.917648,259.402039,0.0,100.0,9.402065
35.925372,259.222076,0.0,100.0,9.222098
35.934533,259.102112,0.0,100.0,9.10212
35.944212,258.982086,0.0,100.0,8.982142
35.957788,258.68222,0.0,100.0,8.682198
35.972321,258.562195,0.0,99.999992,8.56222
35.980147,258.44223,0.0,100.0,8.442242
35.983958,258.322235,0.0,100.0,8.322264
35.995454,258.202271,0.0,100.0,8.202286
36.001199,258.082275,0.0,100.0,8.082308
36.010443,257.962341,0.0,99.999992,7.962329
36.021079,257.842346,0.0,100.0,7.842351
36.03447,257.602386,0.0,100.0,7.602396
36.044103,257.482391,0.0,100.0,7.482418
36.051111,257.362427,0.0,100.000008,7.36244
36.058404,257.242432,0.0,100.0,7.242462
36.068002,257.122467,0.0,100.0,7.122484
36.076064,257.002472,0.0,100.0,7.002506
36.084326,256.882477,0.0,100.0,6.882528
36.101089,256.58255,0.0,100.0,6.582583
36.117229,256.402557,0.0,100.0,6.402616
36.124626,256.282593,0.0,100.0,6.282638
36.1319,256.162598,0.0,100.0,6.16266
36.141027,256.042664,0.0,100.0,6.042682
36.147887,255.922699,0.0,100.000008,5.922704
36.151736,255.802704,0.0,100.0,5.802726
36.168255,255.622742,0.0,100.0,5.622759
36.189209,255.3228,0.0,100.0,5.322814
36.201075,255.142792,0.0,100.0,5.142847
36.208124,255.022873,0.0,100.0,5.022869
36.215579,254.902878,0.0,99.999992,4.902891
36.223735,254.782883,0.0,100.0,4.782913
36.230557,254.662903,0.0,99.999992,4.662935
36.239135,254.542938,0.0,100.0,4.542957
36.246984,254.422989,0.0,100.0,4.422979
36.256039,254.302994,0.0,100.0,4.303001
36.273283,254.063034,0.0,100.0,4.063046
36.279447,253.943039,0.0,100.0,3.943068
36.287295,253.823059,0.0,99.999992,3.82309
36.295023,253.703079,0.0,100.0,3.703111
36.301149,253.58313,0.0,100.0,3.583133
36.311676,253.403168,0.0,100.0,3.403167
36.324853,253.283173,0.0,100.0,3.283189
36.332766,253.163193,0.0,100.0,3.163211
36.339767,252.9832,0.0,100.0,2.983244
36.363368,252.683304,0.0,100.0,2.683299
36.372856,252.503311,0.0,100.0,2.503332
36.384315,252.383331,0.0,100.0,2.383354
36.392589,252.263382,0.0,100.0,2.263376
36.40083,252.143387,0.0,100.0,2.143398
36.407794,252.023392,0.0,100.0,2.02342
36.415968,251.903427,0.0,100.0,1.903442
36.431162,251.663498,0.0,100.0,1.663486
36.440904,251.48349,0.0,99.999992,1.483519
36.451508,251.36351,0.0,100.0,1.363541
36.459326,251.24353,0.0,100.0,1.243563
36.469136,251.123581,0.0,100.0,1.123585
36.475279,250.943619,0.0,100.0,0.943618
36.488968,250.823608,0.0,100.0,0.82364
36.503824,250.583664,0.0,100.0,0.583684
36.510638,250.403702,0.0,100.0,0.403717
36.524369,250.283691,0.0,100.0,0.283739
36.534984,250.103775,0.0,100.000008,0.103772
36.543421,249.98381,0.0,100.0,-0.016206
36.552814,249.8638,0.0,99.999992,-0.136184
36.557985,249.74382,0.0,100.0,-0.256162
36.573898,249.503845,0.0,100.0,-0.496118
36.58477,249.383896,0.0,100.0,-0.616095
36.592058,249.263901,0.0,100.0,-0.736073
36.601656,249.083939,0.0,100.000008,-0.91604
36.612161,248.963943,0.0,99.999992,-1.036018
36.620349,248.844025,0.0,100.0,-1.155996
36.624383,248.724014,0.0,100.0,-1.275974
36.634649,248.604019,0.0,100.0,-1.395952
36.651087,248.36409,0.0,100.0,-1.635908
36.658338,248.24408,0.0,100.0,-1.755886
36.667966,248.12413,0.0,100.000008,-1.875864
36.676884,248.004135,0.0,100.0,-1.995842
36.684563,247.884171,0.0,100.0,-2.11582
36.690543,247.764191,0.0,100.0,-2.235798
36.701156,247.644226,0.0,100.0,-2.355776
36.725,247.284286,0.0,100.0,-2.71571
36.725,247.164307,0.0,100.000008,-2.835688
36.740893,247.044342,0.0,100.0,-2.955666
36.747714,246.924362,0.0,100.0,-3.075644
36.751758,246.804337,0.0,99.999992,-3.195622
36.764107,246.684387,0.0,100.0,-3.3156
36.771832,246.564407,0.0,100.0,-3.435578
36.787165,246.324478,0.0,100.0,-3.675534
36.794289,246.204437,0.0,99.999992,-3.795512
36.804548,246.084518,0.0,100.000008,-3.91549
36.808012,245.964523,0.0,100.0,-4.035468
36.820617,245.784576,0.0,100.0,-4.215435
36.833227,245.664581,0.0,100.0,-4.335413
36.838301,245.544617,0.0,100.0,-4.45539
36.852715,245.304657,0.0,100.0,-4.695346
36.867976,245.124664,0.0,100.0,-4.875313
36.874929,245.004684,0.0,99.999992,-4.995292
36.884855,244.88475,0.0,100.000008,-5.11527
36.89165,244.764755,0.0,100.0,-5.235248
36.901077,244.64476,0.0,100.0,-5.355226
36.902082,244.52478,0.0,99.999992,-5.475204
36.917864,244.284851,0.0,100.000008,-5.715159
36.933004,244.164871,0.0,100.000008,-5.835137
36.940843,244.044876,0.0,100.0,-5.955115
36.947284,243.924911,0.0,100.0,-6.075093
36.95601,243.804932,0.0,100.0,-6.195071
36.968869,243.624954,0.0,100.0,-6.375038
36.984642,243.38501,0.0,100.000008,-6.614994
36.992126,243.26503,0.0,100.0,-6.734972
37.000668,243.14502,0.0,100.0,-6.85495
37.007324,243.02507,0.0,100.000008,-6.974928
37.015384,242.905075,0.0,100.0,-7.094906
37.023792,242.785141,0.0,100.000008,-7.214884
37.032427,242.665115,0.0,100.0,-7.334862
37.047255,242.425156,0.0,99.999992,-7.574818
37.056886,242.305191,0.0,100.000008,-7.694796
37.064763,242.185196,0.0,100.0,-7.814774
37.070013,242.065201,0.0,100.0,-7.934752
37.078918,241.945267,0.0,100.0,-8.054729
37.08747,241.825256,0.0,100.0,-8.174707
37.095312,241.705307,0.0,100.000008,-8.294685
37.108518,241.525314,0.0,99.999992,-8.474652
37.12087,241.225372,0.0,100.0,-8.774597
37.13667,241.105408,0.0,100.0,-8.894575
37.142975,240.985443,0.0,100.0,-9.014554
37.153285,240.865463,0.0,100.0,-9.134532
37.167301,240.685486,0.0,100.0,-9.314499
37.177516,240.505524,0.0,100.0,-9.494466
37.19324,240.265564,0.0,100.0,-9.734422
37.201045,240.145584,0.0,100.0,-9.8544
37.208595,240.025635,0.0,100.0,-9.974378
37.217429,239.90567,0.0,100.000008,-10.094356
37.22405,239.725647,0.0,100.0,-10.274323
37.234494,239.605667,0.0,100.0,-10.3943
37.242939,239.485718,0.0,100.0,-10.514278
37.252698,239.365738,0.0,100.000008,-10.634256
37.257831,239.245743,0.0,100.0,-10.754234
37.267937,239.125763,0.0,99.999992,-10.874212
37.281961,238.945831,0.0,100.000008,-11.054179
37.289743,238.765854,0.0,100.0,-11.234146
37.303703,238.585861,0.0,99.999992,-11.414113
37.324604,238.285919,0.0,100.0,-11.714058
37.331544,238.16597,0.0,100.0,-11.834036
37.33926,238.045975,0.0,100.000008,-11.954014
37.3473,237.925995,0.0,100.0,-12.073992
37.351516,237.80603,0.0,100.000008,-12.19397
37.36375,237.686066,0.0,100.000008,-12.313948
37.367824,237.566055,0.0,100.0,-12.433926
37.387272,237.326141,0.0,100.000008,-12.673882
37.394333,237.206131,0.0,99.999992,-12.793859
37.404789,237.086151,0.0,100.0,-12.913837
37.407789,236.966187,0.0,100.0,-13.033815
37.420371,236.846207,0.0,100.0,-13.153793
37.427379,236.726212,0.0,100.0,-13.273771
37.43452,236.606247,0.0,100.0,-13.393749
37.451385,236.366318,0.0,100.000008,-13.633705
37.459368,236.246323,0.0,100.0,-13.753683
37.468139,236.126343,0.0,100.0,-13.873661
37.475181,236.006363,0.0,100.0,-13.993639
37.485701,235.886398,0.0,100.000008,-14.113617
37.493438,235.70639,0.0,99.999992,-14.293584
37.504729,235.586456,0.0,100.000008,-14.413563
37.520286,235.346451,0.0,100.0,-14.653519
37.520286,235.226486,0.0,100.0,-14.773497
37.534665,235.106537,0.0,100.0,-14.893475
37.544215,234.986557,0.0,100.0,-15.013453
37.553503,234.866531,0.0,99.999992,-15.13343
37.558701,234.746582,0.0,100.0,-15.253408
37.567885,234.626617,0.0,100.0,-15.373386
37.581078,234.446655,0.0,100.0,-15.553353
37.587259,234.32666,0.0,100.000008,-15.673331
37.596758,234.206696,0.0,100.0,-15.793309
37.60508,234.0867,0.0,100.0,-15.913287
37.617961,233.846725,0.0,99.999992,-16.153242
37.627827,233.726746,0.0,100.0,-16.27322
37.636431,233.546783,0.0,99.999992,-16.453188
37.646843,233.426849,0.0,100.000008,-16.573166
37.655891,233.306854,0.0,100.0,-16.693144
37.662492,233.18689,0.0,100.000008,-16.813122
37.672658,233.066879,0.0,99.999992,-16.9331
37.686949,232.82692,0.0,100.0,-17.173056
37.696471,232.70694,0.0,100.0,-17.293034
37.703047,232.587006,0.0,100.0,-17.413012
37.711197,232.467026,0.0,100.000008,-17.53299
37.717975,232.347046,0.0,100.0,-17.652967
37.726516,232.227066,0.0,100.000008,-17.772945
37.734697,232.107056,0.0,100.0,-17.892923
37.751252,231.867081,0.0,100.0,-18.132879
37.759201,231.747147,0.0,100.0,-18.252857
37.767517,231.567154,0.0,100.0,-18.432825
37.779412,231.447174,0.0,100.0,-18.552803
37.787806,231.327209,0.0,100.0,-18.672781
37.794595,231.20723,0.0,100.0,-18.792759
37.808789,231.027267,0.0,100.0,-18.972725
37.82226,230.787292,0.0,100.000008,-19.212681
37.831909,230.667343,0.0,100.0,-19.332659
37.834447,230.547333,0.0,99.999992,-19.452637
37.847501,230.427383,0.0,100.0,-19.572615
37.85586,230.307388,0.0,99.999992,-19.692593
37.862606,230.187424,0.0,100.0,-19.812571
37.867949,230.067474,0.0,100.000008,-19.932549
37.887675,229.82753,0.0,100.000008,-20.172504
37.894361,229.707489,0.0,100.0,-20.292482
37.904359,229.58754,0.0,100.0,-20.41246
37.910511,229.46756,0.0,100.0,-20.532438
37.919604,229.347549,0.0,100.0,-20.652416
37.927163,229.2276,0.0,100.0,-20.772394
37.935137,229.10762,0.0,100.0,-20.892372
37.95286,228.867691,0.0,100.000008,-21.132328
37.958045,228.747696,0.0,99.999992,-21.252306
37.967917,228.567703,0.0,99.999992,-21.432274
37.98515,228.387741,0.0,100.0,-21.61224
37.992952,228.207779,0.0,99.999992,-21.792208
38.004725,228.027802,0.0,100.0,-21.972174
38.017857,227.847885,0.0,100.000008,-22.152142
38.034738,227.60791,0.0,100.0,-22.392097
38.043966,227.487946,0.0,100.000008,-22.512075
38.05116,227.307953,0.0,100.0,-22.692043
38.063693,227.187988,0.0,100.0,-22.812021
38.071388,227.067993,0.0,100.0,-22.931999
38.084285,226.888062,0.0,100.0,-23.111958
38.092046,226.768585,0.0,100.0,-23.231417
38.108503,226.536316,0.0,100.0,-23.463686
38.120243,226.373138,0.0,99.999992,-23.626827
38.124279,226.272202,0.0,100.000008,-23.727829
38.134567,226.133591,0.0,100.0,-23.866409
38.148605,226.048111,0.0,99.999992,-23.951866
38.15545,225.96666,0.0,100.0,-24.033333
38.172639,225.81041,0.0,100.0,-24.189611
38.17909,225.733139,0.0,100.0,-24.266865
38.187286,225.655914,0.0,100.000008,-24.344105
38.194927,225.579346,0.0,100.0,-24.420658
38.204792,225.469543,0.0,99.999992,-24.530432
38.215163,225.402374,0.0,100.0,-24.597618
38.232885,225.290451,0.0,99.999992,-24.709518
38.234446,225.248413,0.0,100.0,-24.751581
38.247839,225.214478,0.0,100.000008,-24.785551
38.255904,225.186752,0.0,100.0,-24.813227
38.262783,225.163574,0.0,99.999992,-24.836409
38.271176,225.143097,0.0,100.0,-24.856892
38.278213,225.123566,0.0,100.0,-24.876438
38.287436,225.10405,0.0,100.000008,-24.895945
38.303622,225.066315,0.0,100.000008,-24.933681
38.311115,225.041504,0.0,100.000008,-24.958529
38.328109,225.021866,0.0,100.0,-24.978136
38.339746,225.009247,0.0,100.0,-24.990772
38.347794,225.004333,0.0,100.0,-24.995659
38.356391,225.001587,0.0,100.0,-24.998417
38.356391,225.00032,0.0,100.0,-24.999659
38.372063,224.999985,0.0,99.999992,-25.0
38.385677,224.999985,0.0,99.999992,-25.0
38.395355,224.999985,0.0,99.999992,-25.0
38.40487,224.999985,0.0,99.999992,-25.0
38.410694,224.999985,0.0,99.999992,-25.0
38.421405,224.999985,0.0,99.999992,-25.0
38.424783,224.999985,0.0,99.999992,-25.0
38.434526,224.999985,0.0,99.999992,-25.0
38.443767,224.999985,0.0,99.999992,-25.0
38.451024,224.999985,0.0,99.999992,-25.0
38.459076,224.999985,0.0,99.999992,-25.0
38.468066,224.999985,0.0,99.999992,-25.0
38.475051,224.999985,0.0,99.999992,-25.0
38.484701,224.999985,0.0,99.999992,-25.0
38.496576,224.999985,0.0,99.999992,-25.0
38.504289,224.999985,0.0,99.999992,-25.0
38.510828,224.999985,0.0,99.999992,-25.0
38.524299,224.999985,0.0,99.999992,-25.0
38.531549,224.999985,0.0,99.999992,-25.0
38.534675,224.999985,0.0,99.999992,-25.0
38.547535,224.999985,0.0,99.999992,-25.0
38.556566,224.999985,0.0,99.999992,-25.0
38.564574,224.999985,0.0,99.999992,-25.0
38.571826,224.999985,0.0,99.999992,-25.0
38.578967,224.999985,0.0,99.999992,-25.0
38.587849,224.999985,0.0,99.999992,-25.0
38.595179,224.999985,0.0,99.999992,-25.0
38.615179,224.999985,0.0,99.999992,-25.0
38.634839,224.999985,0.0,99.999992,-25.0
38.651519,224.999985,0.0,99.999992,-25.0
38.659284,224.999985,0.0,99.999992,-25.0
38.667831,224.999985,0.0,99.999992,-25.0
38.67643,224.999985,0.0,99.999992,-25.0
38.69728,225.000244,0.0,100.0,-24.999722
38.71296,225.006165,0.0,100.0,-24.993803
38.717796,225.014587,0.0,99.999992,-24.98538
38.727973,225.028473,0.0,100.0,-24.971493
38.734981,225.049179,0.0,100.0,-24.950808
38.745026,225.076874,0.0,100.000008,-24.923141
38.753044,225.110214,0.0,100.0,-24.889765
38.758276,225.168015,0.0,100.0,-24.831984
38.772252,225.230972,0.0,100.000008,-24.769037
38.784902,225.294952,0.0,100.0,-24.705013
38.797223,225.337646,0.0,100.0,-24.662329
38.807394,225.42778,0.0,100.0,-24.572193
38.820414,225.506714,0.0,100.0,-24.493284
38.842478,225.602234,0.0,100.0,-24.397762
38.85124,225.761902,0.0,99.999992,-24.238075
38.862213,225.852875,0.0,100.0,-24.147118
38.872887,225.998032,0.0,100.000008,-24.001982
38.874282,226.097855,0.0,100.0,-23.902117
38.884744,226.248444,0.0,100.000008,-23.751564
38.901302,226.348877,0.0,100.0,-23.651104
38.90835,226.449982,0.0,100.0,-23.550007
38.915478,226.552292,0.0,99.999992,-23.44766
38.931081,226.763214,0.0,100.0,-23.236734
38.940435,226.873062,0.0,100.0,-23.126921
38.947163,226.986053,0.0,100.0,-23.013918
38.956635,227.101669,0.0,100.0,-22.898308
38.963914,227.219284,0.0,100.000008,-22.780714
38.970865,227.338181,0.0,99.999992,-22.66176
38.978348,227.457916,0.0,100.0,-22.54207
38.987761,227.577789,0.0,100.000008,-22.422211
39.00512,227.817474,0.0,100.0,-22.182491
39.011507,227.937363,0.0,100.0,-22.06263
39.017692,228.057205,0.0,99.999992,-21.94277
39.026565,228.177063,0.0,99.999992,-21.82291
39.037158,228.296936,0.0,100.0,-21.703051
39.048026,228.476746,0.0,100.000008,-21.52326
39.050757,228.596573,0.0,100.0,-21.4034
39.071755,228.836304,0.0,100.0,-21.163679
39.078524,228.956131,0.0,99.999992,-21.043819
39.08764,229.076035,0.0,100.0,-20.92396
39.096626,229.195892,0.0,100.0,-20.8041
39.103042,229.315781,0.0,100.000008,-20.684238
39.110191,229.435577,0.0,99.999992,-20.564379
39.118616,229.55545,0.0,100.0,-20.444519
39.126314,229.675293,0.0,99.999992,-20.324659
39.13476,229.855103,0.0,100.0,-20.144869
39.151328,230.094849,0.0,100.000008,-19.905148
39.163265,230.214706,0.0,100.0,-19.785288
39.170985,230.334564,0.0,100.0,-19.665428
39.17937,230.454407,0.0,100.0,-19.545568
39.188157,230.57428,0.0,100.0,-19.425709
39.195108,230.694153,0.0,100.0,-19.305847
39.205201,230.813995,0.0,100.0,-19.185987
39.217951,231.053711,0.0,100.0,-18.946268
39.228877,231.173599,0.0,100.0,-18.826408
39.236652,231.293396,0.0,99.999992,-18.706547
39.240661,231.4133,0.0,100.0,-18.586687
39.251516,231.533173,0.0,100.0,-18.466827
39.258909,231.653015,0.0,100.0,-18.346968
39.268062,231.772919,0.0,100.0,-18.227108
39.274695,231.892776,0.0,100.000008,-18.107246
39.291489,232.132492,0.0,100.000008,-17.867527
39.301462,232.252289,0.0,99.999992,-17.747667
39.308137,232.432098,0.0,99.999992,-17.567877
39.321318,232.551941,0.0,99.999992,-17.448017
39.32573,232.671844,0.0,100.000008,-17.328156
39.336518,232.851639,0.0,100.000008,-17.148367
39.347041,232.971481,0.0,100.000008,-17.028505
39.35516,233.091309,0.0,99.999992,-16.908646
39.372036,233.390991,0.0,100.0,-16.608995
39.384763,233.510849,0.0,100.0,-16.489136
39.392885,233.630692,0.0,99.999992,-16.369276
39.401397,233.75061,0.0,100.000008,-16.249414
39.408318,233.930374,0.0,100.0,-16.069626
39.418773,234.050262,0.0,100.0,-15.949765
39.436929,234.289948,0.0,100.0,-15.710045
39.441975,234.40979,0.0,100.0,-15.590185
39.451504,234.529648,0.0,99.999992,-15.470325
39.459478,234.649475,0.0,99.999992,-15.350465
39.468215,234.769379,0.0,100.0,-15.230604
39.475818,234.889236,0.0,99.999992,-15.110744
39.484951,235.009125,0.0,100.000008,-14.990885
39.491705,235.128952,0.0,100.0,-14.871024
39.508929,235.368668,0.0,99.999992,-14.631304
39.515756,235.488525,0.0,99.999992,-14.511444
39.524395,235.608398,0.0,100.0,-14.391583
39.532829,235.728287,0.0,100.0,-14.271724
39.534942,235.848129,0.0,100.0,-14.151864
39.546408,235.967941,0.0,99.999992,-14.032003
39.556609,236.08786,0.0,100.0,-13.912144
39.568183,236.327576,0.0,100.0,-13.672423
39.579504,236.447403,0.0,99.999992,-13.552563
39.585147,236.567276,0.0,100.0,-13.432703
39.596723,236.687149,0.0,99.999992,-13.312843
39.60325,236.807037,0.0,100.000008,-13.192983
39.61025,236.926895,0.0,100.000008,-13.073123
39.6182,237.046677,0.0,100.0,-12.953262
39.62745,237.166595,0.0,100.0,-12.833403
39.643477,237.406296,0.0,100.0,-12.593682
39.651567,237.526184,0.0,100.000008,-12.473823
39.660726,237.645996,0.0,99.999992,-12.353962
39.66809,237.7659,0.0,100.000008,-12.234102
39.66809,237.885757,0.0,100.0,-12.114242
39.685217,238.005646,0.0,100.000008,-11.994382
39.709181,238.365189,0.0,100.0,-11.634802
39.721065,238.545013,0.0,100.000008,-11.455011
39.725276,238.66481,0.0,100.0,-11.335151
39.734951,238.844604,0.0,100.0,-11.155361
39.747049,238.964462,0.0,99.999992,-11.035501
39.756135,239.144272,0.0,100.0,-10.855711
39.781541,239.443924,0.0,100.0,-10.556061
39.792047,239.623749,0.0,100.000008,-10.37627
39.801293,239.743591,0.0,100.000008,-10.256411
39.808401,239.86348,0.0,100.000008,-10.13655
39.809482,239.983292,0.0,100.0,-10.01669
39.825291,240.103165,0.0,100.0,-9.89683
39.835319,240.282944,0.0,100.0,-9.71704
39.84506,240.402817,0.0,100.0,-9.597179
39.863466,240.702469,0.0,100.0,-9.297529
39.877378,240.882278,0.0,100.0,-9.11774
39.884832,241.002121,0.0,100.0,-8.997879
39.89146,241.181946,0.0,100.0,-8.818089
39.905578,241.361694,0.0,100.0,-8.638299
39.916821,241.481552,0.0,100.0,-8.518438
39.918545,241.60141,0.0,100.0,-8.398579
39.934204,241.841125,0.0,99.999992,-8.158858
39.946754,241.960999,0.0,100.000008,-8.038999
39.955285,242.080826,0.0,99.999992,-7.919138
39.962878,242.200729,0.0,100.000008,-7.799278
39.971312,242.320572,0.0,100.0,-7.679418
39.979371,242.440445,0.0,100.0,-7.559558
39.988236,242.560333,0.0,100.0,-7.439698
40.00424,242.800018,0.0,100.0,-7.199978
40.011759,242.919861,0.0,100.0,-7.080118
40.020211,243.039719,0.0,99.999992,-6.960258
40.027164,243.159592,0.0,100.000008,-6.840397
40.034796,243.279495,0.0,100.000008,-6.720537
40.045226,243.399323,0.0,100.0,-6.600677
40.057543,243.639053,0.0,100.000008,-6.360957
40.070106,243.758881,0.0,99.999992,-6.241097
40.073385,243.938705,0.0,100.000008,-6.061306
40.087771,244.058548,0.0,100.0,-5.941447
40.095355,244.178421,0.0,100.0,-5.821587
40.103309,244.298279,0.0,100.0,-5.701726
40.112427,244.478058,0.0,100.0,-5.521936
40.125,244.657837,0.0,100.0,-5.342146
40.135204,244.77771,0.0,100.0,-5.222286
40.155169,245.077347,0.0,100.0,-4.922636
40.16294,245.197205,0.0,100.0,-4.802776
40.171669,245.317093,0.0,100.0,-4.682916
40.179452,245.436935,0.0,99.999992,-4.563056
40.187501,245.556793,0.0,100.0,-4.443195
40.20106,245.736588,0.0,100.0,-4.263405
40.208445,245.85643,0.0,99.999992,-4.143545
40.215558,245.976318,0.0,100.000008,-4.023685
40.218348,246.096207,0.0,100.000008,-3.903825
40.233706,246.216003,0.0,99.999992,-3.783965
40.253341,246.515671,0.0,100.0,-3.484314
40.260229,246.635559,0.0,100.0,-3.364455
40.267639,246.755417,0.0,100.0,-3.244594
40.267639,246.875275,0.0,100.0,-3.124734
40.285758,246.995102,0.0,99.999992,-3.004874
40.289823,247.11499,0.0,100.0,-2.885014
40.301119,247.234863,0.0,100.0,-2.765154
40.30159,247.354691,0.0,100.0,-2.645294
40.325727,247.654343,0.0,99.999992,-2.345644
40.336624,247.774246,0.0,100.000008,-2.225783
40.342388,247.95401,0.0,100.0,-2.045993
40.356161,248.133698,0.0,100.0,-1.866265
40.367952,248.252701,0.0,100.000008,-1.747311
40.375479,248.369537,0.0,100.0,-1.630447
40.388568,248.538162,0.0,99.999992,-1.461816
40.404596,248.744034,0.0,100.0,-1.255983
40.411569,248.83696,0.0,100.0,-1.163075
40.42482,248.924194,0.0,100.0,-1.075811
40.42579,249.047241,0.0,100.0,-0.952755
40.438993,249.125885,0.0,100.0,-0.874115
40.447183,249.203278,0.0,100.0,-0.796729
40.451424,249.280441,0.0,100.0,-0.719553
40.461373,249.357529,0.0,100.0,-0.64246
40.467993,249.433472,0.0,100.0,-0.566508
40.482543,249.506607,0.0,100.0,-0.493381
40.489457,249.607315,0.0,100.0,-0.392697
40.50531,249.692093,0.0,100.000008,-0.307906
40.525493,249.789734,0.0,100.0,-0.210267
40.531647,249.816895,0.0,100.0,-0.183077
40.534384,249.839874,0.0,100.0,-0.160126
40.547627,249.860306,0.0,100.000008,-0.139717
40.556145,249.889587,0.0,100.0,-0.110446
40.568969,249.90889,0.0,100.0,-0.091107
40.576996,249.927567,0.0,100.0,-0.072436
40.591478,249.960648,0.0,100.000008,-0.03939
40.60141,249.973846,0.0,100.0,-0.02616
40.611979,249.988083,0.0,100.0,-0.011933
40.618292,249.993912,0.0,100.000008,-0.00611
40.627437,249.997421,0.0,100.0,-0.002578
40.635122,249.999252,0.0,100.0,-0.000764
40.644645,249.999939,0.0,100.0,-9.5e-05
40.651335,249.999969,0.0,100.0,0.0
40.669397,249.999969,0.0,100.0,0.0
40.674882,249.999969,0.0,100.0,0.0
40.684904,249.999969,0.0,100.0,0.0
40.689147,249.999969,0.0,100.0,0.0
40.703943,249.999969,0.0,100.0,0.0
40.712563,249.999969,0.0,100.0,0.0
40.720553,249.999969,0.0,100.0,0.0
40.724657,249.999969,0.0,100.0,0.0
40.734777,249.999969,0.0,100.0,0.0
40.743542,249.999969,0.0,100.0,0.0
40.751645,249.999969,0.0,100.0,0.0
40.763451,249.999969,0.0,100.0,0.0
40.771189,249.999969,0.0,100.0,0.0
40.779399,249.999969,0.0,100.0,0.0
40.787679,249.999969,0.0,100.0,0.0
40.796766,249.999969,0.0,100.0,0.0
40.80515,249.999969,0.0,100.0,0.0
40.812329,249.999969,0.0,100.0,0.0
40.818324,249.999969,0.0,100.0,0.0
40.827224,249.999969,0.0,100.0,0.0
40.836445,249.999969,0.0,100.0,0.0
40.843537,249.999969,0.0,100.0,0.0
40.856779,249.999969,0.0,100.0,0.0
40.857586,249.999969,0.0,100.0,0.0
40.874262,249.999969,0.0,100.0,0.0
40.917606,249.999969,0.0,100.0,0.0
40.925998,249.999969,0.0,100.0,0.0
40.935611,249.999969,0.0,100.0,0.0
40.952326,249.999969,0.0,100.0,0.0
40.968951,250.000275,0.0,100.0,0.000279
40.983886,250.006195,0.0,100.0,0.006198
40.988718,250.014603,0.0,100.000008,0.014621
41.001664,250.028442,0.0,100.000008,0.028507
41.003457,250.049149,0.0,99.999992,0.049191
41.016397,250.076782,0.0,100.0,0.076858
41.024676,250.110199,0.0,100.0,0.110234
41.025743,250.147919,0.0,100.0,0.147955
41.045198,250.209686,0.0,100.0,0.209692
41.051715,250.252258,0.0,100.0,0.252304
41.059496,250.294937,0.0,100.0,0.294987
41.067641,250.337646,0.0,100.0,0.337671
41.085612,250.42775,0.0,100.0,0.427807
41.091305,250.478851,0.0,100.0,0.478874
41.101009,250.536407,0.0,100.0,0.536402
41.106732,250.602234,0.0,100.0,0.602237
41.117054,250.67775,0.0,100.0,0.677761
41.122443,250.761887,0.0,100.0,0.761925
41.135202,250.900299,0.0,100.0,0.900331
41.143319,250.998001,0.0,100.0,0.998018
41.15942,251.248428,0.0,100.0,1.248436
41.171861,251.348877,0.0,100.0,1.348897
41.178809,251.449936,0.0,100.0,1.449994
41.184834,251.604126,0.0,100.0,1.604174
41.200851,251.709503,0.0,100.0,1.709559
41.20641,251.817734,0.0,100.0,1.817751
41.216991,251.929199,0.0,100.0,1.929216
41.217987,252.043564,0.0,100.0,2.043601
41.233707,252.160202,0.0,100.0,2.16028
41.241019,252.27858,0.0,100.0,2.278632
41.259149,252.577744,0.0,100.0,2.577789
41.268894,252.697647,0.0,100.0,2.697649
41.273344,252.817474,0.0,100.0,2.817509
41.285037,252.997284,0.0,100.0,2.997299
41.297205,253.117142,0.0,100.000008,3.11716
41.301781,253.237015,0.0,100.0,3.23702
41.317136,253.416763,0.0,99.999992,3.41681
41.336084,253.716431,0.0,100.0,3.71646
41.336084,253.836258,0.0,100.0,3.83632
41.353935,254.016098,0.0,100.0,4.01611
41.363899,254.135956,0.0,100.0,4.135971
41.372698,254.255829,0.0,100.0,4.255831
41.379794,254.375687,0.0,100.0,4.375691
41.387958,254.555466,0.0,100.0,4.555481
41.401422,254.675308,0.0,100.0,4.675341
41.413906,254.855103,0.0,100.0,4.855131
41.418398,255.034866,0.0,100.0,5.034921
41.436231,255.214691,0.0,100.0,5.214712
41.441403,255.334518,0.0,100.0,5.334571
41.452929,255.454391,0.0,99.999992,5.454432
41.458122,255.574265,0.0,100.0,5.574292
41.468555,255.694138,0.0,100.0,5.694152
41.476626,255.873886,0.0,100.0,5.873942
41.503681,256.23349,0.0,100.0,6.233522
41.511196,256.4133,0.0,100.0,6.413312
41.518597,256.533142,0.0,100.0,6.533173
41.537141,256.712952,0.0,100.0,6.712963
41.54031,256.832794,0.0,100.0,6.832823
41.554115,257.012604,0.0,100.0,7.012613
41.565005,257.132446,0.0,99.999992,7.132473
41.572958,257.252319,0.0,99.999992,7.252333
41.581286,257.372131,0.0,100.0,7.372193
41.584912,257.492035,0.0,100.0,7.492054
41.604075,257.73175,0.0,100.000008,7.731773
41.611082,257.851624,0.0,100.0,7.851634
41.619673,257.971466,0.0,100.0,7.971494
41.627274,258.091339,0.0,100.0,8.091354
41.637384,258.211151,0.0,100.0,8.211214
41.641564,258.331024,0.0,100.0,8.331074
41.657087,258.510834,0.0,100.0,8.510864
41.663341,258.630707,0.0,100.0,8.630724
41.671273,258.750549,0.0,100.0,8.750585
41.687685,258.990295,0.0,100.0,8.990305
41.694682,259.110107,0.0,100.0,9.110165
41.704809,259.230011,0.0,100.0,9.230025
41.71778,259.40979,0.0,100.0,9.409815
41.72891,259.58963,0.0,100.0,9.589605
41.735069,259.709412,0.0,100.0,9.709465
41.752857,259.949158,0.0,100.000008,9.949185
41.758833,260.069031,0.0,100.0,10.069046
41.767822,260.188873,0.0,100.0,10.188906
41.775975,260.308716,0.0,100.0,10.308765
41.784788,260.428619,0.0,100.0,10.428626
41.790984,260.548462,0.0,99.999992,10.548486
41.800984,260.668335,0.0,100.0,10.668346
41.806231,260.788147,0.0,100.0,10.788206
41.820944,261.027924,0.0,100.0,11.027926
41.832527,261.147766,0.0,100.0,11.147786
41.835017,261.267609,0.0,100.0,11.267647
41.847658,261.387451,0.0,100.0,11.387506
41.856766,261.567291,0.0,100.0,11.567297
41.86938,261.687134,0.0,100.0,11.687157
41.885111,261.986786,0.0,100.0,11.986807
41.896759,262.106628,0.0,100.0,12.106668
41.903805,262.226501,0.0,100.0,12.226527
41.910747,262.346375,0.0,100.0,12.346388
41.920319,262.466278,0.0,100.0,12.466248
41.928356,262.58609,0.0,100.0,12.586108
41.934696,262.705963,0.0,100.0,12.705968
41.953347,262.945679,0.0,99.999992,12.945688
41.959233,263.065521,0.0,100.000008,13.065548
41.96852,263.185364,0.0,100.0,13.185409
41.975562,263.305267,0.0,100.0,13.305268
41.985062,263.425079,0.0,100.0,13.425129
41.992713,263.544952,0.0,100.0,13.544989
42.001849,263.724762,0.0,100.0,13.724779
42.012617,263.904541,0.0,100.0,13.904569
42.037941,264.26416,0.0,100.0,14.26415
42.052191,264.443939,0.0,100.0,14.443939
42.060131,264.563782,0.0,100.0,14.5638
42.068982,264.683685,0.0,100.0,14.68366
42.075393,264.803528,0.0,100.0,14.803519
42.085449,264.92337,0.0,100.0,14.92338
42.104224,265.223022,0.0,100.0,15.22303
42.111205,265.342834,0.0,100.0,15.34289
42.118257,265.522675,0.0,100.0,15.52268
42.13352,265.642548,0.0,100.0,15.64254
42.14006,265.822327,0.0,100.0,15.82233
42.156616,266.002045,0.0,100.0,16.002121
42.169974,266.181915,0.0,100.0,16.181911
42.184355,266.361694,0.0,100.0,16.361702
42.189749,266.541443,0.0,100.0,16.541491
42.207678,266.781189,0.0,100.0,16.781212
42.21531,266.901031,0.0,100.0,16.901072
42.223631,267.020935,0.0,100.0,17.020931
42.232676,267.140808,0.0,100.0,17.140791
42.235021,267.26062,0.0,100.0,17.260653
42.247457,267.380493,0.0,100.0,17.380512
42.251666,267.500336,0.0,100.0,17.500372
42.268274,267.740112,0.0,100.0,17.740091
42.278934,267.859955,0.0,100.0,17.859953
42.288212,268.039734,0.0,100.0,18.039743
42.301104,268.159576,0.0,100.0,18.159603
42.308045,268.27948,0.0,100.0,18.279463
42.317826,268.399323,0.0,100.0,18.399323
42.336085,268.758911,0.0,100.0,18.758904
42.353549,268.938721,0.0,100.0,18.938694
42.360226,269.118469,0.0,100.0,19.118483
42.368929,269.298279,0.0,100.0,19.298273
42.389149,269.478027,0.0,100.0,19.478064
42.4017,269.657867,0.0,100.0,19.657854
42.42115,270.017426,0.0,100.0,20.017435
42.431866,270.137329,0.0,100.0,20.137295
42.441924,270.317047,0.0,100.0,20.317085
42.451858,270.496857,0.0,100.0,20.496874
42.469449,270.676636,0.0,100.0,20.676664
42.472893,270.796509,0.0,100.0,20.796524
42.485134,270.976288,0.0,100.0,20.976315
42.503256,271.276001,0.0,100.0,21.275965
42.516572,271.395813,0.0,100.0,21.395824
42.524638,271.515686,0.0,100.0,21.515686
42.524638,271.635529,0.0,100.0,21.635546
42.539913,271.755432,0.0,100.0,21.755405
42.547168,271.875305,0.0,100.0,21.875265
42.555228,271.995117,0.0,100.0,21.995127
42.571922,272.234833,0.0,100.0,22.234846
42.579242,272.354736,0.0,100.0,22.354706
42.588087,272.474548,0.0,100.0,22.474566
42.594972,272.594452,0.0,100.0,22.594427
42.604844,272.714264,0.0,100.0,22.714287
42.611619,272.834137,0.0,100.0,22.834146
42.619773,272.95401,0.0,100.0,22.954006
42.634908,273.19339,0.0,100.0,23.193396
42.642867,273.311432,0.0,100.0,23.31146
42.6514,273.426849,0.0,100.0,23.426809
42.659239,273.538177,0.0,100.0,23.538183
42.668283,273.644318,0.0,100.0,23.644333
42.675636,273.743988,0.0,100.0,23.744017
42.685841,273.836914,0.0,100.0,23.836926
42.704285,274.086761,0.0,100.0,24.0868
42.720392,274.203247,0.0,100.0,24.20327
42.727067,274.280487,0.0,99.999992,24.280447
42.737181,274.357513,0.0,100.0,24.35754
42.741518,274.433533,0.0,100.0,24.433493
42.751862,274.506622,0.0,100.0,24.506618
42.761688,274.60733,0.0,100.0,24.607304
42.768871,274.665985,0.0,100.0,24.665949
42.779506,274.715851,0.0,100.0,24.715858
42.78704,274.756622,0.0,100.0,24.756609
42.801863,274.816956,0.0,100.0,24.816923
42.813627,274.839874,0.0,100.0,24.839874
42.820226,274.860291,0.0,100.0,24.860283
42.826663,274.879822,0.0,100.0,24.879808
42.836968,274.899261,0.0,100.0,24.899271
42.844804,274.927582,0.0,100.0,24.927565
42.851762,274.953064,0.0,100.0,24.953064
42.88217,274.984131,0.0,100.0,24.984118
42.888829,274.993927,0.0,100.0,24.993891
42.903363,274.998505,0.0,100.0,24.998508
42.9109,274.999664,0.0,100.000008,24.999678
42.920817,274.999969,0.0,100.0,25.0
42.928917,274.999969,0.0,100.0,25.0
42.935135,274.999969,0.0,100.0,25.0
42.942945,274.999969,0.0,100.0,25.0
42.95231,274.999969,0.0,100.0,25.0
42.958866,274.999969,0.0,100.0,25.0
42.96888,274.999969,0.0,100.0,25.0
42.975934,274.999969,0.0,100.0,25.0
42.988048,274.999969,0.0,100.0,25.0
42.99506,274.999969,0.0,100.0,25.0
43.00357,274.999969,0.0,100.0,25.0
43.012805,274.999969,0.0,100.0,25.0
43.02118,274.999969,0.0,100.0,25.0
43.026336,274.999969,0.0,100.0,25.0
43.036586,274.999969,0.0,100.0,25.0
43.042651,274.999969,0.0,100.0,25.0
43.051957,274.999969,0.0,100.0,25.0
43.065355,274.999969,0.0,100.0,25.0
43.068582,274.999969,0.0,100.0,25.0
43.081353,274.999969,0.0,100.0,25.0
43.107849,274.999969,0.0,100.0,25.0
43.124737,274.999969,0.0,100.0,25.0
43.131641,274.999969,0.0,100.0,25.0
43.139518,274.999969,0.0,100.0,25.0
43.147662,274.999969,0.0,100.0,25.0
43.165247,274.999664,0.0,100.0,24.999722
43.168915,274.998077,0.0,100.0,24.998125
43.179751,274.993774,0.0,100.0,24.993795
43.188063,274.985321,0.0,100.0,24.985365
43.195595,274.971436,0.0,100.0,24.971464
43.2036,274.950714,0.0,100.0,24.95076
43.224396,274.871185,0.0,100.0,24.871237
43.230885,274.831787,0.0,100.0,24.831818
43.23875,274.790039,0.0,100.0,24.790102
43.24744,274.747406,0.0,100.0,24.747448
43.256566,274.683319,0.0,100.0,24.683359
43.26811,274.640289,0.0,100.0,24.640364
43.280574,274.571716,0.0,100.0,24.571772
43.284846,274.520599,0.0,100.0,24.520655
43.295459,274.463043,0.0,100.0,24.46307
43.310886,274.280365,0.0,100.0,24.280415
43.324784,274.192505,0.0,100.0,24.192537
43.331945,274.098755,0.0,100.0,24.098783
43.339838,274.000977,0.0,100.0,24.000999
43.347464,273.901001,0.0,100.0,23.901037
43.355435,273.800537,0.0,100.0,23.80057
43.368767,273.649719,0.0,100.0,23.649776
43.377018,273.548553,0.0,100.0,23.54858
43.390032,273.288696,0.0,100.0,23.288759
43.404269,273.180389,0.0,100.0,23.180462
43.411186,273.068848,0.0,100.0,23.068886
43.420845,272.954376,0.0,100.0,22.95439
43.428582,272.837555,0.0,100.0,22.837595
43.43512,272.719086,0.0,100.0,22.719126
43.443525,272.599579,0.0,100.0,22.599609
43.451718,272.479645,0.0,100.0,22.479664
43.472254,272.179688,0.0,100.0,22.17972
43.480998,272.059723,0.0,100.0,22.059742
43.487169,271.939697,0.0,100.000008,21.939764
43.494895,271.819763,0.0,100.0,21.819786
43.505391,271.699768,0.0,100.0,21.699808
43.511192,271.519806,0.0,100.0,21.51984
43.525035,271.399841,0.0,100.0,21.399862
43.532613,271.279846,0.0,100.0,21.279884
43.540331,271.159851,0.0,100.0,21.159906
43.561466,270.859894,0.0,100.0,20.859962
43.568567,270.739929,0.0,100.0,20.739985
43.576681,270.559998,0.0,100.000008,20.560017
43.588216,270.439972,0.0,100.0,20.440039
43.596859,270.320038,0.0,100.0,20.320061
43.603759,270.200043,0.0,100.0,20.200083
43.621033,269.960114,0.0,100.0,19.960127
43.62753,269.840118,0.0,100.0,19.840149
43.635104,269.720184,0.0,100.0,19.720171
43.642824,269.600159,0.0,100.0,19.600193
43.652282,269.480164,0.0,100.000008,19.480215
43.660295,269.300232,0.0,100.0,19.300247
43.672357,269.12027,0.0,100.0,19.120281
43.685221,268.940308,0.0,100.0,18.940313
43.697684,268.820312,0.0,100.0,18.820335
43.705476,268.700287,0.0,100.0,18.700357
43.718407,268.520325,0.0,100.0,18.520391
43.729693,268.340363,0.0,100.0,18.340424
43.737204,268.160431,0.0,100.000008,18.160458
43.747773,268.040466,0.0,100.0,18.04048
43.755624,267.920471,0.0,100.0,17.920502
43.772706,267.680481,0.0,100.0,17.680546
43.778635,267.560516,0.0,100.0,17.560568
43.787393,267.440552,0.0,100.0,17.44059
43.795063,267.320618,0.0,100.0,17.320612
43.804326,267.200592,0.0,100.000008,17.200634
43.812938,267.080627,0.0,100.0,17.080656
43.821107,266.960693,0.0,100.0,16.960678
43.836582,266.720673,0.0,100.0,16.720722
43.841673,266.600708,0.0,100.0,16.600744
43.85304,266.480713,0.0,100.0,16.480766
43.858088,266.360748,0.0,100.000008,16.360788
43.86842,266.240784,0.0,100.0,16.24081
43.876517,266.060791,0.0,100.0,16.060843
43.888369,265.940826,0.0,100.0,15.940865
43.896961,265.820862,0.0,100.0,15.820887
43.903726,265.700867,0.0,100.0,15.700909
43.930106,265.340942,0.0,100.0,15.340975
43.936308,265.16098,0.0,100.000008,15.161008
43.952533,264.981018,0.0,100.0,14.981041
43.961698,264.861023,0.0,100.0,14.861063
43.968193,264.621094,0.0,100.0,14.621107
43.984625,264.501129,0.0,100.0,14.501129
43.992228,264.381104,0.0,100.0,14.381151
44.005726,264.201172,0.0,100.0,14.201184
44.007888,264.021179,0.0,100.0,14.021217
44.024672,263.901245,0.0,100.0,13.901239
44.032751,263.781281,0.0,100.0,13.781261
44.040308,263.661255,0.0,100.0,13.661283
44.047547,263.54129,0.0,100.0,13.541306
44.068376,263.241333,0.0,100.0,13.241361
44.080423,263.061371,0.0,100.0,13.061394
44.089072,262.941406,0.0,100.0,12.941416
44.096238,262.821411,0.0,100.0,12.821438
44.102164,262.701447,0.0,100.0,12.70146
44.111919,262.521454,0.0,100.0,12.521493
44.13249,262.281494,0.0,100.0,12.281536
44.140273,262.161499,0.0,100.0,12.161558
44.146915,262.041504,0.0,100.0,12.04158
44.15588,261.92157,0.0,99.999992,11.921602
44.162838,261.801605,0.0,100.0,11.801624
44.172673,261.68161,0.0,100.0,11.681646
44.178673,261.561646,0.0,100.0,11.561668
44.18859,261.441681,0.0,100.0,11.44169
44.202181,261.201721,0.0,100.0,11.201735
44.211509,261.081726,0.0,100.0,11.081757
44.219257,260.961761,0.0,100.0,10.961779
44.227619,260.841736,0.0,100.000008,10.841801
44.23503,260.721771,0.0,100.0,10.721823
44.243542,260.601837,0.0,100.0,10.601845
44.251957,260.481842,0.0,100.000008,10.481867
44.268759,260.241882,0.0,100.0,10.241911
44.275484,260.06192,0.0,100.0,10.061944
44.28871,259.941986,0.0,100.0,9.941966
44.297423,259.82196,0.0,100.0,9.821988
44.305825,259.701996,0.0,100.0,9.70201
44.309024,259.522034,0.0,100.0,9.522043
44.325406,259.402039,0.0,100.0,9.402065
44.336232,259.222076,0.0,100.0,9.222098
44.353521,258.982086,0.0,100.0,8.982142
44.357584,258.862152,0.0,100.000008,8.862164
44.368322,258.742157,0.0,100.0,8.742187
44.376888,258.622192,0.0,100.0,8.622209
44.385274,258.502197,0.0,100.0,8.502231
44.392483,258.322235,0.0,100.0,8.322264
44.40449,258.202271,0.0,100.0,8.202286
44.418711,257.962341,0.0,99.999992,7.962329
44.428418,257.842346,0.0,100.0,7.842351
44.435374,257.722321,0.0,100.0,7.722373
44.447515,257.542389,0.0,100.0,7.542407
44.454116,257.422394,0.0,100.0,7.422429
44.466152,257.302429,0.0,99.999992,7.302451
44.485218,257.002472,0.0,100.0,7.002506
44.491545,256.882477,0.0,100.0,6.882528
44.504786,256.702545,0.0,100.0,6.702561
44.517882,256.522583,0.0,100.0,6.522594
44.529671,256.342621,0.0,100.0,6.342627
44.535272,256.162598,0.0,100.0,6.16266
44.553394,255.922699,0.0,100.000008,5.922704
44.563747,255.802704,0.0,100.0,5.802726
44.568654,255.682755,0.0,100.000008,5.682748
44.579392,255.562775,0.0,100.0,5.56277
44.58753,255.442764,0.0,100.0,5.442792
44.595227,255.3228,0.0,100.0,5.322814
44.605204,255.20282,0.0,100.000008,5.202836
44.620205,254.962845,0.0,100.0,4.96288
44.627527,254.842896,0.0,100.0,4.842902
44.635425,254.722916,0.0,100.000008,4.722924
44.644051,254.602951,0.0,100.0,4.602946
44.651981,254.482925,0.0,100.0,4.482968
44.661598,254.362991,0.0,100.0,4.36299
44.669173,254.243011,0.0,100.0,4.243012
44.677389,254.123001,0.0,100.0,4.123034
44.693412,253.883057,0.0,100.0,3.883079
44.701522,253.763077,0.0,100.0,3.763101
44.71289,253.58313,0.0,100.0,3.583133
44.719204,253.463104,0.0,100.0,3.463156
44.729841,253.34314,0.0,100.0,3.343178
44.735771,253.22316,0.0,100.0,3.2232
44.74544,253.103195,0.0,100.0,3.103222
44.757222,252.923203,0.0,100.0,2.923255
44.75816,252.803238,0.0,99.999992,2.803277
44.785285,252.503311,0.0,100.0,2.503332
44.7928,252.323349,0.0,100.0,2.323365
44.802116,252.203369,0.0,100.0,2.203387
44.813264,252.083374,0.0,100.0,2.083409
44.819171,251.903427,0.0,100.0,1.903442
44.831568,251.783432,0.0,99.999992,1.783464
44.840679,251.663498,0.0,100.0,1.663486
44.856561,251.423508,0.0,100.0,1.42353
44.863113,251.303528,0.0,100.0,1.303552
44.871245,251.183578,0.0,100.0,1.183574
44.879291,251.063614,0.0,100.000008,1.063596
44.885245,250.943619,0.0,100.0,0.943618
44.895355,250.823608,0.0,100.0,0.82364
44.903737,250.703629,0.0,100.0,0.703662
44.923533,250.403702,0.0,100.0,0.403717
44.933001,250.283691,0.0,100.0,0.283739
44.937697,250.163712,0.0,100.0,0.163761
44.947764,250.043777,0.0,100.000008,0.043783
44.95319,249.923782,0.0,99.999992,-0.076195
44.965032,249.803787,0.0,100.0,-0.196173
44.973503,249.683823,0.0,100.0,-0.316151
44.987907,249.443893,0.0,100.000008,-0.556107
44.995259,249.323883,0.0,100.0,-0.676084
45.003787,249.203934,0.0,100.0,-0.796062
45.01357,249.083939,0.0,100.000008,-0.91604
45.020699,248.903976,0.0,100.0,-1.096007
45.031958,248.783966,0.0,100.0,-1.215985
45.048815,248.544022,0.0,100.0,-1.455941
45.055775,248.424057,0.0,100.0,-1.575919
45.063303,248.304077,0.0,100.0,-1.695897
45.071256,248.184097,0.0,100.0,-1.815875
45.078675,248.064133,0.0,100.0,-1.935853
45.085079,247.944122,0.0,100.0,-2.055831
45.101545,247.764191,0.0,100.0,-2.235798
45.120451,247.404251,0.0,100.0,-2.595732
45.131137,247.284286,0.0,100.0,-2.71571
45.135134,247.164307,0.0,100.000008,-2.835688
45.148049,247.044342,0.0,100.0,-2.955666
45.156311,246.924362,0.0,100.0,-3.075644
45.162893,246.804337,0.0,99.999992,-3.195622
45.172768,246.684387,0.0,100.0,-3.3156
45.188146,246.444427,0.0,100.0,-3.555556
45.197215,246.324478,0.0,100.0,-3.675534
45.203958,246.204437,0.0,99.999992,-3.795512
45.213505,246.084518,0.0,100.000008,-3.91549
45.217966,245.964523,0.0,100.0,-4.035468
45.227435,245.844528,0.0,99.999992,-4.155446
45.237134,245.724533,0.0,99.999992,-4.275424
45.253144,245.484604,0.0,100.0,-4.515379
45.258265,245.364639,0.0,100.0,-4.635357
45.268801,245.244675,0.0,100.0,-4.755335
45.276311,245.124664,0.0,100.0,-4.875313
45.285489,244.944733,0.0,100.000008,-5.055281
45.298013,244.824722,0.0,100.0,-5.175259
45.32168,244.464813,0.0,100.0,-5.535192
45.326491,244.344803,0.0,100.0,-5.65517
45.335611,244.164871,0.0,100.000008,-5.835137
45.34759,244.044876,0.0,100.0,-5.955115
45.355327,243.924911,0.0,100.0,-6.075093
45.362863,243.804932,0.0,100.0,-6.195071
45.372295,243.684906,0.0,99.999992,-6.315049
45.388172,243.444977,0.0,99.999992,-6.555005
45.396811,243.324982,0.0,100.0,-6.674983
45.403716,243.205032,0.0,100.0,-6.794961
45.411352,243.085083,0.0,100.0,-6.914939
45.418486,242.965088,0.0,100.0,-7.034917
45.427846,242.845093,0.0,100.0,-7.154895
45.436433,242.725113,0.0,100.0,-7.274873
45.451247,242.485153,0.0,100.0,-7.514829
45.458706,242.365189,0.0,100.0,-7.634807
45.468618,242.245178,0.0,100.0,-7.754785
45.474908,242.125244,0.0,100.0,-7.874763
45.485228,242.005264,0.0,100.0,-7.994741
45.489995,241.885254,0.0,99.999992,-8.114718
45.498763,241.765305,0.0,100.0,-8.234696
45.51544,241.525314,0.0,99.999992,-8.474652
45.524481,241.40538,0.0,100.000008,-8.59463
45.533098,241.28537,0.0,100.0,-8.714608
45.551353,241.16539,0.0,99.999992,-8.834586
45.561582,240.865463,0.0,100.0,-9.134532
45.576887,240.625488,0.0,100.0,-9.374488
45.584973,240.505524,0.0,100.0,-9.494466
45.590928,240.385544,0.0,100.0,-9.614444
45.598747,240.265564,0.0,100.0,-9.734422
45.608515,240.145584,0.0,100.0,-9.8544
45.614733,240.025635,0.0,100.0,-9.974378
45.624627,239.90567,0.0,100.000008,-10.094356
45.636503,239.725647,0.0,100.0,-10.274323
45.6519,239.485718,0.0,100.0,-10.514278
45.659906,239.365738,0.0,100.000008,-10.634256
45.668914,239.245743,0.0,100.0,-10.754234
45.677219,239.125763,0.0,99.999992,-10.874212
45.684665,239.005783,0.0,100.0,-10.99419
45.690623,238.885818,0.0,100.0,-11.114168
45.701512,238.765854,0.0,100.0,-11.234146
45.708721,238.645905,0.0,100.000008,-11.354124
45.708721,238.525879,0.0,100.0,-11.474102
45.725668,238.345886,0.0,99.999992,-11.654069
45.735527,238.225922,0.0,100.0,-11.774047
45.753631,237.986008,0.0,100.000008,-12.014003
45.758814,237.80603,0.0,100.000008,-12.19397
45.772833,237.626038,0.0,100.0,-12.373937
45.784899,237.506058,0.0,99.999992,-12.493915
45.787214,237.386078,0.0,99.999992,-12.613893
45.79952,237.266159,0.0,100.000008,-12.733871
45.818172,237.026169,0.0,100.0,-12.973826
45.827012,236.846207,0.0,100.0,-13.153793
45.835763,236.726212,0.0,100.0,-13.273771
45.844944,236.606247,0.0,100.0,-13.393749
45.851946,236.486267,0.0,100.0,-13.513727
45.859214,236.366318,0.0,100.000008,-13.633705
45.868752,236.246323,0.0,100.0,-13.753683
45.886004,235.946335,0.0,99.999992,-14.053628
45.89516,235.826385,0.0,100.0,-14.173606
45.904241,235.70639,0.0,99.999992,-14.293584
45.911116,235.586456,0.0,100.000008,-14.413563
45.918838,235.466431,0.0,100.0,-14.533541
45.927485,235.346451,0.0,100.0,-14.653519
45.937465,235.226486,0.0,100.0,-14.773497
45.943931,235.106537,0.0,100.0,-14.893475
45.952162,234.986557,0.0,100.0,-15.013453
45.960387,234.866531,0.0,99.999992,-15.13343
45.969477,234.746582,0.0,100.0,-15.253408
45.985397,234.506653,0.0,100.0,-15.493364
45.993124,234.32666,0.0,100.000008,-15.673331
46.005494,234.206696,0.0,100.0,-15.793309
46.008671,234.0867,0.0,100.0,-15.913287
46.020745,233.906723,0.0,100.0,-16.093254
46.031785,233.786774,0.0,100.0,-16.213232
46.040541,233.666763,0.0,100.0,-16.33321
46.04792,233.546783,0.0,99.999992,-16.453188
46.056459,233.426849,0.0,100.000008,-16.573166
46.068568,233.18689,0.0,100.000008,-16.813122
46.08111,233.066879,0.0,99.999992,-16.9331
46.087315,232.946899,0.0,100.0,-17.053078
46.095014,232.82692,0.0,100.0,-17.173056
46.105782,232.70694,0.0,100.0,-17.293034
46.108937,232.587006,0.0,100.0,-17.413012
46.120356,232.467026,0.0,100.000008,-17.53299
46.127575,232.347046,0.0,100.0,-17.652967
46.142901,232.107056,0.0,100.0,-17.892923
46.153287,231.987106,0.0,100.000008,-18.012901
46.158312,231.867081,0.0,100.0,-18.132879
46.168547,231.747147,0.0,100.0,-18.252857
46.168547,231.627136,0.0,99.999992,-18.372835
46.18508,231.507217,0.0,100.000008,-18.492813
46.192002,231.387207,0.0,100.0,-18.612791
46.213377,231.087234,0.0,100.0,-18.912737
46.220301,230.96727,0.0,100.0,-19.032715
46.220301,230.847336,0.0,100.000008,-19.152693
46.235578,230.72731,0.0,99.999992,-19.272671
46.243654,230.60733,0.0,100.0,-19.392649
46.252596,230.487381,0.0,100.0,-19.512627
46.259371,230.367371,0.0,100.0,-19.632605
46.268797,230.247437,0.0,100.000008,-19.752583
46.285576,229.947479,0.0,100.000008,-20.052526
46.296264,229.82753,0.0,100.000008,-20.172504
46.305563,229.707489,0.0,100.0,-20.292482
46.305563,229.58754,0.0,100.0,-20.41246
46.319232,229.46756,0.0,100.0,-20.532438
46.328039,229.347549,0.0,100.0,-20.652416
46.33574,229.2276,0.0,100.0,-20.772394
46.343341,229.10762,0.0,100.0,-20.892372
46.353394,228.98764,0.0,100.0,-21.01235
46.358518,228.867691,0.0,100.000008,-21.132328
46.36998,228.747696,0.0,99.999992,-21.252306
46.374907,228.567703,0.0,99.999992,-21.432274
46.388997,228.447739,0.0,100.000008,-21.552252
46.396601,228.327774,0.0,100.0,-21.67223
46.403626,228.207779,0.0,99.999992,-21.792208
46.418622,227.96785,0.0,100.000008,-22.032164
46.429278,227.847885,0.0,100.000008,-22.152142
46.437313,227.727875,0.0,100.0,-22.27212
46.445759,227.60791,0.0,100.0,-22.392097
46.452089,227.487946,0.0,100.000008,-22.512075
46.45924,227.36792,0.0,99.999992,-22.632053
46.469632,227.248001,0.0,100.000008,-22.752031
46.474592,227.127991,0.0,100.0,-22.872009
46.492663,226.888062,0.0,100.0,-23.111958
46.501583,226.768585,0.0,100.0,-23.231417
46.503879,226.650909,0.0,100.000008,-23.349104
46.52151,226.480606,0.0,100.0,-23.519398
46.525728,226.321793,0.0,100.0,-23.678213
46.540793,226.224365,0.0,100.0,-23.775629
46.548151,226.133591,0.0,100.0,-23.866409
46.555796,226.048111,0.0,99.999992,-23.951866
46.563492,225.96666,0.0,100.0,-24.033333
46.585015,225.771744,0.0,99.999992,-24.228237
46.59235,225.694504,0.0,100.0,-24.30549
46.601673,225.617432,0.0,100.0,-24.38257
46.602131,225.54187,0.0,100.000008,-24.458149
46.621844,225.435211,0.0,100.0,-24.564774
46.629172,225.342072,0.0,99.999992,-24.657913
46.641792,225.268311,0.0,100.0,-24.731674
46.652207,225.214478,0.0,100.000008,-24.785551
46.669296,225.174728,0.0,100.0,-24.825268
46.676123,225.143097,0.0,100.0,-24.856892
46.688816,225.1138,0.0,100.0,-24.886194
46.701156,225.09436,0.0,100.0,-24.905645
46.706673,225.075409,0.0,100.0,-24.924589
46.723457,225.041504,0.0,100.000008,-24.958529
46.736196,225.021866,0.0,100.0,-24.978136
46.745916,225.012634,0.0,99.999992,-24.987343
46.757043,225.004333,0.0,100.0,-24.995659
46.759045,225.001587,0.0,100.0,-24.998417
46.77257,225.000122,0.0,100.0,-24.999899
46.796721,224.999985,0.0,99.999992,-25.0
46.802178,224.999985,0.0,99.999992,-25.0
46.81122,224.999985,0.0,99.999992,-25.0
46.821805,224.999985,0.0,99.999992,-25.0
46.825986,224.999985,0.0,99.999992,-25.0
46.84116,224.999985,0.0,99.999992,-25.0
46.848411,224.999985,0.0,99.999992,-25.0
46.856593,224.999985,0.0,99.999992,-25.0
46.863816,224.999985,0.0,99.999992,-25.0
46.868841,224.999985,0.0,99.999992,-25.0
46.885503,224.999985,0.0,99.999992,-25.0
46.892609,224.999985,0.0,99.999992,-25.0
46.905002,224.999985,0.0,99.999992,-25.0
46.911521,224.999985,0.0,99.999992,-25.0
46.919457,224.999985,0.0,99.999992,-25.0
46.927296,224.999985,0.0,99.999992,-25.0
46.936429,224.999985,0.0,99.999992,-25.0
46.944743,224.999985,0.0,99.999992,-25.0
46.954141,224.999985,0.0,99.999992,-25.0
46.959317,224.999985,0.0,99.999992,-25.0
46.972443,224.999985,0.0,99.999992,-25.0
46.985161,224.999985,0.0,99.999992,-25.0
46.985161,224.999985,0.0,99.999992,-25.0
47.002041,224.999985,0.0,99.999992,-25.0
47.037143,224.999985,0.0,99.999992,-25.0
47.042609,224.999985,0.0,99.999992,-25.0
47.053344,224.999985,0.0,99.999992,-25.0
47.060208,224.999985,0.0,99.999992,-25.0
47.071041,224.999985,0.0,99.999992,-25.0
47.084683,225.000244,0.0,100.0,-24.999722
47.087995,225.001877,0.0,100.0,-24.998127
47.102089,225.009796,0.0,100.0,-24.990189
47.112084,225.028473,0.0,100.0,-24.971493
47.12398,225.049179,0.0,100.0,-24.950808
47.131549,225.076874,0.0,100.000008,-24.923141
47.14547,225.128601,0.0,100.0,-24.871363
47.152035,225.168015,0.0,100.0,-24.831984
47.159558,225.209656,0.0,99.999992,-24.790308
47.169661,225.252289,0.0,100.0,-24.747696
47.17592,225.294952,0.0,100.0,-24.705013
47.190534,225.381332,0.0,100.0,-24.618645
47.201725,225.42778,0.0,100.0,-24.572193
47.205483,225.478851,0.0,100.0,-24.521126
47.215706,225.536407,0.0,100.000008,-24.463598
47.218138,225.602234,0.0,100.0,-24.397762
47.231895,225.677719,0.0,99.999992,-24.322239
47.239867,225.761902,0.0,99.999992,-24.238075
47.246954,225.852875,0.0,100.0,-24.147118
47.263803,226.047775,0.0,100.0,-23.952206
47.273124,226.148041,0.0,100.0,-23.851934
47.279078,226.248444,0.0,100.000008,-23.751564
47.288334,226.348877,0.0,100.0,-23.651104
47.295373,226.449982,0.0,100.0,-23.550007
47.304806,226.552292,0.0,99.999992,-23.44766
47.310836,226.709579,0.0,100.000008,-23.290442
47.325148,226.817719,0.0,100.0,-23.182249
47.344939,227.04361,0.0,100.000008,-22.9564
47.355994,227.219284,0.0,100.000008,-22.780714
47.366193,227.39801,0.0,100.0,-22.601969
47.374949,227.577789,0.0,100.000008,-22.422211
47.385853,227.697632,0.0,100.0,-22.302351
47.392213,227.817474,0.0,100.0,-22.182491
47.401538,227.937363,0.0,100.0,-22.06263
47.417271,228.177063,0.0,99.999992,-21.82291
47.421349,228.296936,0.0,100.0,-21.703051
47.43124,228.416779,0.0,100.0,-21.583189
47.441956,228.536636,0.0,100.0,-21.463329
47.453851,228.716461,0.0,100.0,-21.283539
47.460419,228.896194,0.0,99.999992,-21.10375
47.472508,229.016098,0.0,100.0,-20.983889
47.488451,229.255814,0.0,100.0,-20.744169
47.495121,229.375656,0.0,100.0,-20.62431
47.505319,229.55545,0.0,100.0,-20.444519
47.51552,229.675293,0.0,99.999992,-20.324659
47.518722,229.795212,0.0,100.0,-20.2048
47.533004,229.91507,0.0,100.000008,-20.084938
47.537198,230.034897,0.0,100.0,-19.965078
47.547388,230.15477,0.0,100.0,-19.845219
47.555974,230.274597,0.0,99.999992,-19.725359
47.562867,230.394485,0.0,100.0,-19.605497
47.578804,230.634201,0.0,100.0,-19.365778
47.588167,230.754044,0.0,99.999992,-19.245918
47.595649,230.873962,0.0,100.000008,-19.126059
47.604694,230.99379,0.0,100.0,-19.006197
47.611021,231.113647,0.0,100.0,-18.886337
47.619026,231.23349,0.0,99.999992,-18.766478
47.628226,231.353378,0.0,100.0,-18.646618
47.6374,231.473236,0.0,100.0,-18.526758
47.643454,231.593094,0.0,100.0,-18.406897
47.654242,231.712952,0.0,100.0,-18.287037
47.658334,231.832794,0.0,100.0,-18.167177
47.668931,231.952637,0.0,99.999992,-18.047318
47.668931,232.072525,0.0,100.0,-17.927456
47.685657,232.192398,0.0,100.000008,-17.807596
47.701572,232.432098,0.0,99.999992,-17.567877
47.708767,232.551941,0.0,99.999992,-17.448017
47.716257,232.671844,0.0,100.000008,-17.328156
47.725082,232.791702,0.0,100.000008,-17.208296
47.732442,232.911575,0.0,100.000008,-17.088436
47.739586,233.031433,0.0,100.000008,-16.968576
47.747548,233.151276,0.0,99.999992,-16.848717
47.755638,233.271149,0.0,100.0,-16.728855
47.762586,233.390991,0.0,100.0,-16.608995
47.779112,233.630692,0.0,99.999992,-16.369276
47.788361,233.75061,0.0,100.000008,-16.249414
47.796226,233.870438,0.0,100.0,-16.129555
47.802701,233.990326,0.0,100.000008,-16.009695
47.811551,234.110123,0.0,99.999992,-15.889835
47.821295,234.230042,0.0,100.0,-15.769975
47.827427,234.349854,0.0,100.0,-15.650115
47.841248,234.529648,0.0,99.999992,-15.470325
47.855027,234.769379,0.0,100.0,-15.230604
47.862986,234.889236,0.0,99.999992,-15.110744
47.871405,235.009125,0.0,100.000008,-14.990885
47.879452,235.128952,0.0,100.0,-14.871024
47.887433,235.24884,0.0,100.0,-14.751164
47.895209,235.368668,0.0,99.999992,-14.631304
47.902581,235.488525,0.0,99.999992,-14.511444
47.917143,235.668335,0.0,100.0,-14.331654
47.925997,235.848129,0.0,100.0,-14.151864
47.954176,236.207718,0.0,100.0,-13.792283
47.959372,236.327576,0.0,100.0,-13.672423
47.9688,236.447403,0.0,99.999992,-13.552563
47.9688,236.567276,0.0,100.0,-13.432703
47.989335,236.74707,0.0,100.0,-13.252913
47.995074,236.866913,0.0,99.999992,-13.133053
48.0047,236.986832,0.0,100.000008,-13.013192
48.021126,237.226501,0.0,99.999992,-12.773473
48.025225,237.346375,0.0,100.0,-12.653612
48.037709,237.526184,0.0,100.000008,-12.473823
48.047753,237.645996,0.0,99.999992,-12.353962
48.052424,237.7659,0.0,100.000008,-12.234102
48.063599,237.885757,0.0,100.0,-12.114242
48.071821,238.005646,0.0,100.000008,-11.994382
48.08841,238.245331,0.0,100.0,-11.754662
48.095611,238.365189,0.0,100.0,-11.634802
48.103148,238.485031,0.0,100.0,-11.514941
48.116888,238.66481,0.0,100.0,-11.335151
48.118854,238.784698,0.0,100.0,-11.215291
48.131751,238.904556,0.0,99.999992,-11.095431
48.140093,239.024445,0.0,100.000008,-10.975571
48.154825,239.264114,0.0,99.999992,-10.73585
48.165591,239.383987,0.0,100.0,-10.615991
48.171448,239.50383,0.0,99.999992,-10.496131
48.17872,239.623749,0.0,100.000008,-10.37627
48.185512,239.743591,0.0,100.000008,-10.256411
48.19732,239.86348,0.0,100.000008,-10.13655
48.204021,239.983292,0.0,100.0,-10.01669
48.22125,240.223022,0.0,100.0,-9.77697
48.225313,240.342865,0.0,99.999992,-9.65711
48.235526,240.462738,0.0,100.0,-9.53725
48.24544,240.582626,0.0,100.0,-9.41739
48.252764,240.702469,0.0,100.0,-9.297529
48.266064,240.882278,0.0,100.0,-9.11774
48.273346,241.062012,0.0,99.999992,-8.937949
48.285357,241.181946,0.0,100.0,-8.818089
48.303988,241.481552,0.0,100.0,-8.518438
48.311817,241.661346,0.0,100.0,-8.338649
48.318953,241.781204,0.0,100.000008,-8.218788
48.331962,241.901062,0.0,100.0,-8.098928
48.341231,242.020935,0.0,100.000008,-7.979068
48.347965,242.140793,0.0,100.0,-7.859208
48.355924,242.260651,0.0,100.0,-7.739348
48.372959,242.500351,0.0,100.0,-7.499628
48.379469,242.620224,0.0,100.0,-7.379768
48.387388,242.740067,0.0,100.0,-7.259908
48.395443,242.85994,0.0,100.000008,-7.140048
48.404109,242.979797,0.0,100.0,-7.020187
48.411023,243.099625,0.0,100.0,-6.900327
48.418938,243.219513,0.0,100.0,-6.780468
48.427531,243.339417,0.0,100.000008,-6.660607
48.445564,243.579102,0.0,100.0,-6.420887
48.454171,243.69899,0.0,100.0,-6.301027
48.459321,243.878738,0.0,100.0,-6.121237
48.472983,244.058548,0.0,100.0,-5.941447
48.485834,244.238312,0.0,100.0,-5.761656
48.50175,244.418091,0.0,100.0,-5.581866
48.50913,244.657837,0.0,100.0,-5.342146
48.540364,245.01741,0.0,100.0,-4.982566
48.552741,245.197205,0.0,100.0,-4.802776
48.559127,245.317093,0.0,100.0,-4.682916
48.568953,245.436935,0.0,99.999992,-4.563056
48.568953,245.556793,0.0,100.0,-4.443195
48.585712,245.676651,0.0,99.999992,-4.323335
48.592512,245.85643,0.0,99.999992,-4.143545
48.605061,245.976318,0.0,100.000008,-4.023685
48.621315,246.216003,0.0,99.999992,-3.783965
48.628739,246.335876,0.0,99.999992,-3.664105
48.635783,246.45575,0.0,100.0,-3.544245
48.645011,246.635559,0.0,100.0,-3.364455
48.656592,246.755417,0.0,100.0,-3.244594
48.663449,246.875275,0.0,100.0,-3.124734
48.671619,246.995102,0.0,99.999992,-3.004874
48.689404,247.234863,0.0,100.0,-2.765154
48.696383,247.354691,0.0,100.0,-2.645294
48.704806,247.474548,0.0,100.0,-2.525434
48.708934,247.594406,0.0,100.0,-2.405574
48.720575,247.774246,0.0,100.000008,-2.225783
48.732013,247.894073,0.0,100.0,-2.105923
48.740918,248.013931,0.0,100.0,-1.986063
48.756001,248.252701,0.0,100.000008,-1.747311
48.76343,248.369537,0.0,100.0,-1.630447
48.773533,248.483032,0.0,100.0,-1.516929
48.785219,248.644348,0.0,100.0,-1.355667
48.792494,248.744034,0.0,100.0,-1.255983
48.800553,248.83696,0.0,100.0,-1.163075
48.818982,249.047241,0.0,100.0,-0.952755
48.827865,249.125885,0.0,100.0,-0.874115
48.835507,249.203278,0.0,100.0,-0.796729
48.843342,249.280441,0.0,100.0,-0.719553
48.853488,249.357529,0.0,100.0,-0.64246
48.858609,249.433472,0.0,100.0,-0.566508
48.879579,249.607315,0.0,100.0,-0.392697
48.888315,249.665924,0.0,100.0,-0.334051
48.895231,249.715866,0.0,100.000008,-0.284142
48.905776,249.756607,0.0,100.000008,-0.24339
48.911934,249.80394,0.0,100.0,-0.196036
48.924881,249.828827,0.0,100.000008,-0.171178
48.932575,249.850311,0.0,100.0,-0.149709
48.940956,249.87001,0.0,100.0,-0.129936
48.946763,249.889587,0.0,100.0,-0.110446
48.96366,249.927567,0.0,100.0,-0.072436
48.978523,249.944977,0.0,100.0,-0.055006
48.985411,249.973846,0.0,100.0,-0.02616
49.001757,249.988083,0.0,100.0,-0.011933
49.008116,249.993912,0.0,100.000008,-0.00611
49.008116,249.997421,0.0,100.0,-0.002578
49.024982,249.999252,0.0,100.0,-0.000764
49.045075,249.999969,0.0,100.0,0.0
49.052497,249.999969,0.0,100.0,0.0
49.052497,249.999969,0.0,100.0,0.0
49.06953,249.999969,0.0,100.0,0.0
49.08096,249.999969,0.0,100.0,0.0
49.089085,249.999969,0.0,100.0,0.0
49.093314,249.999969,0.0,100.0,0.0
49.105308,249.999969,0.0,100.0,0.0
49.111854,249.999969,0.0,100.0,0.0
49.124797,249.999969,0.0,100.0,0.0
49.133723,249.999969,0.0,100.0,0.0
49.140997,249.999969,0.0,100.0,0.0
49.148644,249.999969,0.0,100.0,0.0
49.155262,249.999969,0.0,100.0,0.0
49.163883,249.999969,0.0,100.0,0.0
49.171819,249.999969,0.0,100.0,0.0
49.18099,249.999969,0.0,100.0,0.0
49.188879,249.999969,0.0,100.0,0.0
49.191878,249.999969,0.0,100.0,0.0
49.202192,249.999969,0.0,100.0,0.0
49.211829,249.999969,0.0,100.0,0.0
49.220822,249.999969,0.0,100.0,0.0
49.225866,249.999969,0.0,100.0,0.0
49.235672,249.999969,0.0,100.0,0.0
49.244127,249.999969,0.0,100.0,0.0
49.25211,249.999969,0.0,100.0,0.0
49.258908,249.999969,0.0,100.0,0.0
49.26911,249.999969,0.0,100.0,0.0
49.276314,249.999969,0.0,100.0,0.0
49.286514,249.999969,0.0,100.0,0.0
49.29186,249.999969,0.0,100.0,0.0
49.30249,249.999969,0.0,100.0,0.0
49.31167,249.999969,0.0,100.0,0.0
49.323727,249.999969,0.0,100.0,0.0
49.332787,249.999969,0.0,100.0,0.0
49.340083,249.999969,0.0,100.0,0.0
49.346925,249.999969,0.0,100.0,0.0
49.357136,249.999969,0.0,100.0,0.0
49.363374,249.999969,0.0,100.0,0.0
49.371765,249.999969,0.0,100.0,0.0
49.379214,249.999969,0.0,100.0,0.0
49.387854,249.999969,0.0,100.0,0.0
49.39591,249.999969,0.0,100.0,0.0
49.405411,249.999969,0.0,100.0,0.0
49.411579,249.999969,0.0,100.0,0.0
49.418844,249.999969,0.0,100.0,0.0
49.427788,249.999969,0.0,100.0,0.0
49.435815,249.999969,0.0,100.0,0.0
49.445253,249.999969,0.0,100.0,0.0
49.454134,249.999969,0.0,100.0,0.0
49.459196,249.999969,0.0,100.0,0.0
49.469984,249.999969,0.0,100.0,0.0
49.474997,249.999969,0.0,100.0,0.0
49.488484,249.999969,0.0,100.0,0.0
49.496853,249.999969,0.0,100.0,0.0
49.503898,249.999969,0.0,100.0,0.0
49.511229,249.999969,0.0,100.0,0.0
49.519664,249.999969,0.0,100.0,0.0
49.528222,249.999969,0.0,100.0,0.0
49.537473,249.999969,0.0,100.0,0.0
49.544379,249.999969,0.0,100.0,0.0
49.552169,249.999969,0.0,100.0,0.0
49.56108,249.999969,0.0,100.0,0.0
49.571895,249.999969,0.0,100.0,0.0
49.579485,249.999969,0.0,100.0,0.0
49.587427,249.999969,0.0,100.0,0.0
49.599688,249.999969,0.0,100.0,0.0
49.602517,249.999969,0.0,100.0,0.0
49.616546,249.999969,0.0,100.0,0.0
49.61898,249.999969,0.0,100.0,0.0
49.63301,249.999969,0.0,100.0,0.0
49.640221,249.999969,0.0,100.0,0.0
49.644609,249.999969,0.0,100.0,0.0
49.657375,249.999969,0.0,100.0,0.0
49.663751,249.999969,0.0,100.0,0.0
49.672912,249.999969,0.0,100.0,0.0
49.678777,249.999969,0.0,100.0,0.0
49.68847,249.999969,0.0,100.0,0.0
49.695618,249.999969,0.0,100.0,0.0
49.702391,249.999969,0.0,100.0,0.0
49.711208,249.999969,0.0,100.0,0.0
49.721518,249.999969,0.0,100.0,0.0
49.727918,249.999969,0.0,100.0,0.0
49.735467,249.999969,0.0,100.0,0.0
49.74478,249.999969,0.0,100.0,0.0
49.753584,249.999969,0.0,100.0,0.0
49.758641,249.999969,0.0,100.0,0.0
49.769732,249.999969,0.0,100.0,0.0
49.777827,249.999969,0.0,100.0,0.0
49.785107,249.999969,0.0,100.0,0.0
49.790224,249.999969,0.0,100.0,0.0
49.80239,249.999969,0.0,100.0,0.0
49.812486,249.999969,0.0,100.0,0.0
49.819237,249.999969,0.0,100.0,0.0
49.827204,249.999969,0.0,100.0,0.0
49.835479,249.999969,0.0,100.0,0.0
49.84566,249.999969,0.0,100.0,0.0
49.852467,249.999969,0.0,100.0,0.0
49.860874,249.999969,0.0,100.0,0.0
49.869724,249.999969,0.0,100.0,0.0
49.877337,249.999969,0.0,100.0,0.0
49.889246,249.999969,0.0,100.0,0.0
49.893624,249.999969,0.0,100.0,0.0
49.903945,249.999969,0.0,100.0,0.0
49.916793,249.999969,0.0,100.0,0.0
49.923558,249.999969,0.0,100.0,0.0
49.933241,249.999969,0.0,100.0,0.0
49.939103,249.999969,0.0,100.0,0.0
49.947876,249.999969,0.0,100.0,0.0
49.954516,249.999969,0.0,100.0,0.0
49.963535,249.999969,0.0,100.0,0.0
49.973031,249.999969,0.0,100.0,0.0
49.979696,249.999969,0.0,100.0,0.0
49.989019,249.999969,0.0,100.0,0.0
50.005219,249.999969,0.0,100.0,0.0
50.012759,249.999969,0.0,100.0,0.0
50.020576,249.999969,0.0,100.0,0.0
50.029509,249.999969,0.0,100.0,0.0
50.037607,249.999969,0.0,100.0,0.0
50.041836,249.999969,0.0,100.0,0.0
50.053272,249.999969,0.0,100.0,0.0
50.058297,249.999969,0.0,100.0,0.0
50.068864,249.999969,0.0,100.0,0.0
50.068864,249.999969,0.0,100.0,0.0
50.085911,249.999969,0.0,100.0,0.0
50.093399,249.999969,0.0,100.0,0.0
50.105226,249.999969,0.0,100.0,0.0
50.117402,249.999969,0.0,100.0,0.0
50.123355,249.999969,0.0,100.0,0.0
50.131865,249.999969,0.0,100.0,0.0
50.135886,249.999969,0.0,100.0,0.0
50.149455,249.999969,0.0,100.0,0.0
50.154925,249.999969,0.0,100.0,0.0
50.162988,249.999969,0.0,100.0,0.0
50.172996,249.999969,0.0,100.0,0.0
50.175485,249.999969,0.0,100.0,0.0
50.188859,249.999969,0.0,100.0,0.0
50.201528,249.999969,0.0,100.0,0.0
50.206276,249.999969,0.0,100.0,0.0
50.216777,249.999969,0.0,100.0,0.0
50.22614,249.999969,0.0,100.0,0.0
50.232173,249.999969,0.0,100.0,0.0
50.240011,249.999969,0.0,100.0,0.0
50.248714,249.999969,0.0,100.0,0.0
50.25567,249.999969,0.0,100.0,0.0
50.262772,249.999969,0.0,100.0,0.0
50.272837,249.999969,0.0,100.0,0.0
50.279271,249.999969,0.0,100.0,0.0
50.288854,249.999969,0.0,100.0,0.0
50.295848,249.999969,0.0,100.0,0.0
50.305073,249.999969,0.0,100.0,0.0
50.311674,249.999969,0.0,100.0,0.0
50.320915,249.999969,0.0,100.0,0.0
50.326693,249.999969,0.0,100.0,0.0
50.337421,249.999969,0.0,100.0,0.0
50.345118,249.999969,0.0,100.0,0.0
50.352532,249.999969,0.0,100.0,0.0
50.360437,249.999969,0.0,100.0,0.0
50.368885,249.999969,0.0,100.0,0.0
50.375882,249.999969,0.0,100.0,0.0
50.385738,249.999969,0.0,100.0,0.0
50.392458,249.999969,0.0,100.0,0.0
50.404604,249.999969,0.0,100.0,0.0
50.412382,249.999969,0.0,100.0,0.0
50.419117,249.999969,0.0,100.0,0.0
50.427633,249.999969,0.0,100.0,0.0
50.435355,249.999969,0.0,100.0,0.0
50.443587,249.999969,0.0,100.0,0.0
50.453136,249.999969,0.0,100.0,0.0
50.458322,249.999969,0.0,100.0,0.0
50.468995,249.999969,0.0,100.0,0.0
50.47598,249.999969,0.0,100.0,0.0
50.48582,249.999969,0.0,100.0,0.0
50.492993,249.999969,0.0,100.0,0.0
50.505826,249.999969,0.0,100.0,0.0
50.521,249.999969,0.0,100.0,0.0
50.523219,249.999969,0.0,100.0,0.0
50.535474,249.999969,0.0,100.0,0.0
50.543604,249.999969,0.0,100.0,0.0
50.552927,249.999969,0.0,100.0,0.0
50.556365,249.999969,0.0,100.0,0.0
50.569408,249.999969,0.0,100.0,0.0
50.57586,249.999969,0.0,100.0,0.0
50.585254,249.999969,0.0,100.0,0.0
50.59317,249.999969,0.0,100.0,0.0
50.599953,249.999969,0.0,100.0,0.0
50.607834,249.999969,0.0,100.0,0.0
50.617049,249.999969,0.0,100.0,0.0
50.623847,249.999969,0.0,100.0,0.0
50.631464,249.999969,0.0,100.0,0.0
50.639091,249.999969,0.0,100.0,0.0
50.647517,249.999969,0.0,100.0,0.0
50.655142,249.999969,0.0,100.0,0.0
50.663136,249.999969,0.0,100.0,0.0
50.67276,249.999969,0.0,100.0,0.0
50.679678,249.999969,0.0,100.0,0.0
50.687505,249.999969,0.0,100.0,0.0
50.698013,249.999969,0.0,100.0,0.0
50.711938,249.999969,0.0,100.0,0.0
50.71873,249.999969,0.0,100.0,0.0
50.729096,249.999969,0.0,100.0,0.0
50.736736,249.999969,0.0,100.0,0.0
50.742007,249.999969,0.0,100.0,0.0
50.752655,249.999969,0.0,100.0,0.0
50.757916,249.999969,0.0,100.0,0.0
50.769231,249.999969,0.0,100.0,0.0
50.769231,249.999969,0.0,100.0,0.0
50.786184,249.999969,0.0,100.0,0.0
50.796042,249.999969,0.0,100.0,0.0
50.804071,249.999969,0.0,100.0,0.0
50.816411,249.999969,0.0,100.0,0.0
50.824115,249.999969,0.0,100.0,0.0
50.830826,249.999969,0.0,100.0,0.0
50.840299,249.999969,0.0,100.0,0.0
50.847342,249.999969,0.0,100.0,0.0
50.855619,249.999969,0.0,100.0,0.0
50.862853,249.999969,0.0,100.0,0.0
50.872937,249.999969,0.0,100.0,0.0
50.878931,249.999969,0.0,100.0,0.0
50.888116,249.999969,0.0,100.0,0.0
50.896135,249.999969,0.0,100.0,0.0
50.90397,249.999969,0.0,100.0,0.0
50.910865,249.999969,0.0,100.0,0.0
50.921415,249.999969,0.0,100.0,0.0
50.927701,249.999969,0.0,100.0,0.0
50.935762,249.999969,0.0,100.0,0.0
50.945851,249.999969,0.0,100.0,0.0
50.957618,249.999969,0.0,100.0,0.0
50.958623,249.999969,0.0,100.0,0.0
50.972542,249.999969,0.0,100.0,0.0
50.979848,249.999969,0.0,100.0,0.0
50.988052,249.999969,0.0,100.0,0.0
50.996449,249.999969,0.0,100.0,0.0
51.005003,249.999969,0.0,100.0,0.0
51.009037,249.999969,0.0,100.0,0.0
51.019141,249.999969,0.0,100.0,0.0
51.033113,249.999969,0.0,100.0,0.0
51.038848,249.999969,0.0,100.0,0.0
51.04869,249.999969,0.0,100.0,0.0
51.057484,249.999969,0.0,100.0,0.0
51.065056,249.999969,0.0,100.0,0.0
51.073327,249.999969,0.0,100.0,0.0
51.075285,249.999969,0.0,100.0,0.0
51.085929,249.999969,0.0,100.0,0.0
51.095978,249.999969,0.0,100.0,0.0
51.102377,249.999969,0.0,100.0,0.0
51.111985,249.999969,0.0,100.0,0.0
51.120522,249.999969,0.0,100.0,0.0
51.12691,249.999969,0.0,100.0,0.0
51.137995,249.999969,0.0,100.0,0.0
51.145204,249.999969,0.0,100.0,0.0
51.153281,249.999969,0.0,100.0,0.0
51.157617,249.999969,0.0,100.0,0.0
51.170684,249.999969,0.0,100.0,0.0
51.172917,249.999969,0.0,100.0,0.0
51.189599,249.999969,0.0,100.0,0.0
51.195812,249.999969,0.0,100.0,0.0
51.20502,249.999969,0.0,100.0,0.0
51.216489,249.999969,0.0,100.0,0.0
51.218946,249.999969,0.0,100.0,0.0
51.23212,249.999969,0.0,100.0,0.0
51.241939,249.999969,0.0,100.0,0.0
51.241939,249.999969,0.0,100.0,0.0
51.256745,249.999969,0.0,100.0,0.0
51.268971,249.999969,0.0,100.0,0.0
51.268971,249.999969,0.0,100.0,0.0
51.285663,249.999969,0.0,100.0,0.0
51.293021,249.999969,0.0,100.0,0.0
51.302328,249.999969,0.0,100.0,0.0
51.310153,249.999969,0.0,100.0,0.0
51.321432,249.999969,0.0,100.0,0.0
51.333205,249.999969,0.0,100.0,0.0
51.339562,249.999969,0.0,100.0,0.0
51.346977,249.999969,0.0,100.0,0.0
51.356108,249.999969,0.0,100.0,0.0
51.36915,249.999969,0.0,100.0,0.0
51.36915,249.999969,0.0,100.0,0.0
51.386098,249.999969,0.0,100.0,0.0
51.396179,249.999969,0.0,100.0,0.0
51.404712,249.999969,0.0,100.0,0.0
51.404712,249.999969,0.0,100.0,0.0
51.419336,249.999969,0.0,100.0,0.0
51.429914,249.999969,0.0,100.0,0.0
51.435938,249.999969,0.0,100.0,0.0
51.443753,249.999969,0.0,100.0,0.0
51.453321,249.999969,0.0,100.0,0.0
51.461423,249.999969,0.0,100.0,0.0
51.469734,249.999969,0.0,100.0,0.0
51.477371,249.999969,0.0,100.0,0.0
51.485467,249.999969,0.0,100.0,0.0
51.493338,249.999969,0.0,100.0,0.0
51.500389,249.999969,0.0,100.0,0.0
51.508916,249.999969,0.0,100.0,0.0
51.521785,249.999969,0.0,100.0,0.0
51.523832,249.999969,0.0,100.0,0.0
51.535854,249.999969,0.0,100.0,0.0
51.543998,249.999969,0.0,100.0,0.0
51.55398,249.999969,0.0,100.0,0.0
51.559171,249.999969,0.0,100.0,0.0
51.569251,249.999969,0.0,100.0,0.0
51.581495,249.999969,0.0,100.0,0.0
51.586231,249.999969,0.0,100.0,0.0
51.597136,249.999969,0.0,100.0,0.0
51.604596,249.999969,0.0,100.0,0.0
51.60858,249.999969,0.0,100.0,0.0
51.619036,249.999969,0.0,100.0,0.0
51.627181,249.999969,0.0,100.0,0.0
51.637716,249.999969,0.0,100.0,0.0
51.643908,249.999969,0.0,100.0,0.0
51.652621,249.999969,0.0,100.0,0.0
51.660892,249.999969,0.0,100.0,0.0
51.669415,249.999969,0.0,100.0,0.0
51.676052,249.999969,0.0,100.0,0.0
51.686338,249.999969,0.0,100.0,0.0
51.690722,249.999969,0.0,100.0,0.0
51.701835,249.999969,0.0,100.0,0.0
51.701835,249.999969,0.0,100.0,0.0
51.717647,249.999969,0.0,100.0,0.0
51.719042,249.999969,0.0,100.0,0.0
51.731712,249.999969,0.0,100.0,0.0
51.740304,249.999969,0.0,100.0,0.0
51.74731,249.999969,0.0,100.0,0.0
51.757742,249.999969,0.0,100.0,0.0
51.763979,249.999969,0.0,100.0,0.0
51.769608,249.999969,0.0,100.0,0.0
51.781521,249.999969,0.0,100.0,0.0
51.785654,249.999969,0.0,100.0,0.0
51.796084,249.999969,0.0,100.0,0.0
51.802698,249.999969,0.0,100.0,0.0
51.812913,249.999969,0.0,100.0,0.0
51.824608,249.999969,0.0,100.0,0.0
51.833236,249.999969,0.0,100.0,0.0
51.83622,249.999969,0.0,100.0,0.0
51.848188,249.999969,0.0,100.0,0.0
51.856989,249.999969,0.0,100.0,0.0
51.864004,249.999969,0.0,100.0,0.0
51.869491,249.999969,0.0,100.0,0.0
51.880746,249.999969,0.0,100.0,0.0
51.887559,249.999969,0.0,100.0,0.0
51.895923,249.999969,0.0,100.0,0.0
51.90304,249.999969,0.0,100.0,0.0
51.911711,249.999969,0.0,100.0,0.0
51.919294,249.999969,0.0,100.0,0.0
51.927683,249.999969,0.0,100.0,0.0
51.935916,249.999969,0.0,100.0,0.0
51.944597,249.999969,0.0,100.0,0.0
51.952433,249.999969,0.0,100.0,0.0
51.959839,249.999969,0.0,100.0,0.0
51.969464,249.999969,0.0,100.0,0.0
51.976303,249.999969,0.0,100.0,0.0
51.988567,249.999969,0.0,100.0,0.0
51.99554,249.999969,0.0,100.0,0.0
52.005591,249.999969,0.0,100.0,0.0
52.009646,249.999969,0.0,100.0,0.0
52.019205,249.999969,0.0,100.0,0.0
52.027524,249.999969,0.0,100.0,0.0
52.036078,249.999969,0.0,100.0,0.0
52.045016,249.999969,0.0,100.0,0.0
52.052438,249.999969,0.0,100.0,0.0
52.060362,249.999969,0.0,100.0,0.0
52.06911,249.999969,0.0,100.0,0.0
52.077536,249.999969,0.0,100.0,0.0
52.086048,249.999969,0.0,100.0,0.0
52.09095,249.999969,0.0,100.0,0.0
52.101457,249.999969,0.0,100.0,0.0
52.106427,249.999969,0.0,100.0,0.0
52.119329,249.999969,0.0,100.0,0.0
52.127669,249.999969,0.0,100.0,0.0
52.137242,249.999969,0.0,100.0,0.0
52.142301,249.999969,0.0,100.0,0.0
52.152549,249.999969,0.0,100.0,0.0
52.161055,249.999969,0.0,100.0,0.0
52.169168,249.999969,0.0,100.0,0.0
52.175927,249.999969,0.0,100.0,0.0
52.185464,249.999969,0.0,100.0,0.0
52.192035,249.999969,0.0,100.0,0.0
52.199535,249.999969,0.0,100.0,0.0
52.208503,249.999969,0.0,100.0,0.0
52.215479,249.999969,0.0,100.0,0.0
52.224653,249.999969,0.0,100.0,0.0
52.224653,249.999969,0.0,100.0,0.0
52.240241,249.999969,0.0,100.0,0.0
52.247975,249.999969,0.0,100.0,0.0
52.255884,249.999969,0.0,100.0,0.0
52.263404,249.999969,0.0,100.0,0.0
52.272593,249.999969,0.0,100.0,0.0
52.279431,249.999969,0.0,100.0,0.0
52.288568,249.999969,0.0,100.0,0.0
52.296323,249.999969,0.0,100.0,0.0
52.304666,249.999969,0.0,100.0,0.0
52.308695,249.999969,0.0,100.0,0.0
52.326367,249.999969,0.0,100.0,0.0
52.33609,249.999969,0.0,100.0,0.0
52.344394,249.999969,0.0,100.0,0.0
52.352397,249.999969,0.0,100.0,0.0
52.359434,249.999969,0.0,100.0,0.0
52.370318,249.999969,0.0,100.0,0.0
52.375472,249.999969,0.0,100.0,0.0
52.389182,249.999969,0.0,100.0,0.0
52.396329,249.999969,0.0,100.0,0.0
52.404267,249.999969,0.0,100.0,0.0
52.41148,249.999969,0.0,100.0,0.0
52.421914,249.999969,0.0,100.0,0.0
52.429765,249.999969,0.0,100.0,0.0
52.44535,249.999969,0.0,100.0,0.0
52.452575,249.999969,0.0,100.0,0.0
52.461282,249.999969,0.0,100.0,0.0
52.469539,249.999969,0.0,100.0,0.0
52.475477,249.999969,0.0,100.0,0.0
52.485896,249.999969,0.0,100.0,0.0
52.491576,249.999969,0.0,100.0,0.0
52.499954,249.999969,0.0,100.0,0.0
52.502628,249.999969,0.0,100.0,0.0
52.516902,249.999969,0.0,100.0,0.0
52.519567,249.999969,0.0,100.0,0.0
52.531827,249.999969,0.0,100.0,0.0
52.536036,249.999969,0.0,100.0,0.0
52.548106,249.999969,0.0,100.0,0.0
52.552936,249.999969,0.0,100.0,0.0
52.564246,249.999969,0.0,100.0,0.0
52.57304,249.999969,0.0,100.0,0.0
52.585727,249.999969,0.0,100.0,0.0
52.590498,249.999969,0.0,100.0,0.0
52.602195,249.999969,0.0,100.0,0.0
52.609537,249.999969,0.0,100.0,0.0
52.616537,249.999969,0.0,100.0,0.0
52.62381,249.999969,0.0,100.0,0.0
52.631267,249.999969,0.0,100.0,0.0
52.639359,249.999969,0.0,100.0,0.0
52.647218,249.999969,0.0,100.0,0.0
52.656436,249.999969,0.0,100.0,0.0
52.663908,249.999969,0.0,100.0,0.0
52.673147,249.999969,0.0,100.0,0.0
52.684532,249.999969,0.0,100.0,0.0
52.689275,249.999969,0.0,100.0,0.0
52.700353,249.999969,0.0,100.0,0.0
52.708551,249.999969,0.0,100.0,0.0
52.717832,249.999969,0.0,100.0,0.0
52.725333,249.999969,0.0,100.0,0.0
52.731822,249.999969,0.0,100.0,0.0
52.736046,249.999969,0.0,100.0,0.0
52.74811,249.999969,0.0,100.0,0.0
52.756895,249.999969,0.0,100.0,0.0
52.764211,249.999969,0.0,100.0,0.0
52.773269,249.999969,0.0,100.0,0.0
52.779076,249.999969,0.0,100.0,0.0
52.785551,249.999969,0.0,100.0,0.0
52.796417,249.999969,0.0,100.0,0.0
52.803845,249.999969,0.0,100.0,0.0
52.811276,249.999969,0.0,100.0,0.0
52.819308,249.999969,0.0,100.0,0.0
52.827895,249.999969,0.0,100.0,0.0
52.836854,249.999969,0.0,100.0,0.0
52.843261,249.999969,0.0,100.0,0.0
52.853836,249.999969,0.0,100.0,0.0
52.858887,249.999969,0.0,100.0,0.0
52.868973,249.999969,0.0,100.0,0.0
52.868973,249.999969,0.0,100.0,0.0
52.885751,249.999969,0.0,100.0,0.0
52.891639,249.999969,0.0,100.0,0.0
52.904818,249.999969,0.0,100.0,0.0
52.912414,249.999969,0.0,100.0,0.0
52.919782,249.999969,0.0,100.0,0.0
52.928483,249.999969,0.0,100.0,0.0
52.936043,249.999969,0.0,100.0,0.0
52.94375,249.999969,0.0,100.0,0.0
52.953287,249.999969,0.0,100.0,0.0
52.959234,249.999969,0.0,100.0,0.0
52.970294,249.999969,0.0,100.0,0.0
52.976012,249.999969,0.0,100.0,0.0
52.988233,249.999969,0.0,100.0,0.0
52.996456,249.999969,0.0,100.0,0.0
53.0026,249.999969,0.0,100.0,0.0
53.010869,249.999969,0.0,100.0,0.0
53.02549,249.999969,0.0,100.0,0.0
53.031981,249.999969,0.0,100.0,0.0
53.040289,249.999969,0.0,100.0,0.0
