timestamp,X,Y,Z,R
0.014387,249.980933,1.468204,99.973862,2.761741
0.021259,249.980933,1.468204,99.973862,2.761741
0.035975,249.980933,1.468204,99.973862,2.761741
0.044167,249.980933,1.468204,99.973862,2.761741
0.059473,249.980933,1.468204,99.973862,2.761741
0.073272,249.980933,1.468204,99.973862,2.761741
0.079258,249.980933,1.468204,99.973862,2.761741
0.104163,249.980933,1.468204,99.973862,2.761741
0.11154,249.980933,1.468204,99.973862,2.761741
0.119479,249.980933,1.468204,99.973862,2.761741
0.127995,249.980933,1.468204,99.973862,2.761741
0.136277,249.980933,1.468204,99.973862,2.761741
0.14468,249.980933,1.468204,99.973862,2.761741
0.159371,249.980934,1.468008,99.973854,2.761373
0.177361,249.980959,1.463861,99.97393,2.753572
0.185972,249.981054,1.457959,99.974045,2.742471
0.190095,249.981271,1.441629,99.974335,2.711754
0.206712,249.981644,1.413671,99.974815,2.659164
0.217745,249.981968,1.388607,99.975281,2.612017
0.225594,249.982326,1.359478,99.9758,2.557224
0.231359,249.982774,1.327241,99.976387,2.496585
0.24783,249.98367,1.257271,99.977615,2.364969
0.257106,249.984153,1.221384,99.978256,2.297465
0.268985,249.984871,1.16685,99.979218,2.194885
0.275873,249.985322,1.128528,99.979919,2.122801
0.287606,249.986158,1.066749,99.981026,2.006591
0.302773,249.987019,0.998637,99.982224,1.87847
0.309216,249.988011,0.923162,99.983566,1.736499
0.321293,249.988674,0.870296,99.984497,1.637057
0.337081,249.990042,0.764511,99.986382,1.438071
0.343561,249.99076,0.712474,99.987305,1.340188
0.354113,249.991404,0.661529,99.98822,1.24436
0.360304,249.992049,0.611977,99.989105,1.15115
0.36984,249.992652,0.563086,99.989975,1.059185
0.376102,249.993338,0.513738,99.990845,0.966359
0.385616,249.993939,0.464059,99.99173,0.872912
0.392829,249.99462,0.414821,99.992615,0.780293
0.408774,249.995781,0.320801,99.994293,0.603437
0.417699,249.996382,0.277947,99.995056,0.522828
0.425656,249.996879,0.239852,99.995728,0.451171
0.431695,249.997335,0.207299,99.996307,0.389937
0.439752,249.997647,0.17964,99.996796,0.337909
0.448088,249.997937,0.156093,99.997215,0.293617
0.456135,249.998208,0.135876,99.997589,0.255587
0.469535,249.998572,0.109694,99.998047,0.206338
0.471305,249.998762,0.093297,99.998344,0.175494
0.486254,249.999027,0.077182,99.998627,0.145183
0.49295,249.999214,0.061734,99.998901,0.116123
0.50928,249.999663,0.028726,99.999481,0.054035
0.52009,249.999755,0.01885,99.999664,0.035458
0.528109,249.999878,0.01142,99.999786,0.021482
0.537906,249.999924,0.006255,99.999878,0.011766
0.544138,249.999954,0.002943,99.999939,0.005536
0.554153,249.999969,0.001073,99.999962,0.002017
0.559225,249.999969,0.000232,100.0,0.000436
0.569312,249.999969,0.0,100.0,0.0
0.575904,249.999969,0.0,100.0,0.0
0.586107,249.999969,0.0,100.0,0.0
0.59559,249.999969,0.0,100.0,0.0
0.604581,249.999969,0.0,100.0,0.0
0.613112,249.999969,0.0,100.0,0.0
0.620894,249.999969,0.0,100.0,0.0
0.62803,249.999969,0.0,100.0,0.0
0.636416,249.999969,0.0,100.0,0.0
0.643011,249.999969,0.0,100.0,0.0
0.652591,249.999969,0.0,100.0,0.0
0.659638,249.999969,0.0,100.0,0.0
0.669891,249.999969,0.0,100.0,0.0
0.676202,249.999969,0.0,100.0,0.0
0.686598,249.999969,0.0,100.0,0.0
0.695984,249.999969,0.0,100.0,0.0
0.704626,249.999969,0.0,100.0,0.0
0.717976,249.999969,0.0,100.0,0.0
0.722844,249.999969,0.0,100.0,0.0
0.737104,249.999969,0.0,100.0,0.0
0.738246,249.999969,0.0,100.0,0.0
0.757458,249.999969,0.0,100.0,0.0
0.759596,249.999969,0.0,100.0,0.0
0.773911,249.999969,0.0,100.0,0.0
0.780455,249.999969,0.0,100.0,0.0
0.788354,249.999969,0.0,100.0,0.0
0.796204,249.999969,0.0,100.0,0.0
0.804562,249.999969,0.0,100.0,0.0
0.811255,249.999969,0.0,100.0,0.0
0.820302,249.999969,0.0,100.0,0.0
0.827574,249.999969,0.0,100.0,0.0
0.837515,249.999969,0.0,100.0,0.0
0.842574,249.999969,0.0,100.0,0.0
0.856553,249.999969,0.0,100.0,0.0
0.870048,249.999969,0.0,100.0,0.0
0.87658,249.999969,0.0,100.0,0.0
0.886714,249.999969,0.0,100.0,0.0
0.897278,249.999969,0.0,100.0,0.0
0.904406,249.999969,0.0,100.0,0.0
0.911695,249.999969,0.0,100.0,0.0
0.921984,249.999969,0.0,100.0,0.0
0.934448,249.999969,0.0,100.0,0.0
0.945872,249.999969,0.0,100.0,0.0
0.953299,249.999969,0.0,100.0,0.0
0.960891,249.999969,0.0,100.0,0.0
0.970053,249.999969,0.0,100.0,0.0
0.975602,249.999969,0.0,100.0,0.0
0.984986,249.999969,0.0,100.0,0.0
0.986018,249.999969,0.0,100.0,0.0
1.001186,249.999969,0.0,100.0,0.0
1.010183,249.999969,0.0,100.0,0.0
1.018167,249.999969,0.0,100.0,0.0
1.025169,249.999969,0.0,100.0,0.0
1.037925,249.999969,0.0,100.0,0.0
1.04297,249.999969,0.0,100.0,0.0
1.052763,249.999969,0.0,100.0,0.0
1.052763,249.999969,0.0,100.0,0.0
1.069205,249.999969,0.0,100.0,0.0
1.077351,249.999969,0.0,100.0,0.0
1.086024,249.999969,0.0,100.0,0.0
1.086419,249.999969,0.0,100.0,0.0
1.105234,249.999969,0.0,100.0,0.0
1.108075,249.999969,0.0,100.0,0.0
1.120272,249.999969,0.0,100.0,0.0
1.129133,249.999969,0.0,100.0,0.0
1.137105,249.999969,0.0,100.0,0.0
1.142112,249.999969,0.0,100.0,0.0
1.153737,249.999969,0.0,100.0,0.0
1.157756,249.999969,0.0,100.0,0.0
1.169796,249.999969,0.0,100.0,0.0
1.176372,249.999969,0.0,100.0,0.0
1.186454,249.999969,0.0,100.0,0.0
1.193398,249.999969,0.0,100.0,0.0
1.205787,249.999969,0.0,100.0,0.0
1.219176,249.999969,0.0,100.0,0.0
1.222653,249.999969,0.0,100.0,0.0
1.236409,249.999969,0.0,100.0,0.0
1.249682,249.999969,0.0,100.0,0.0
1.253817,249.999969,0.0,100.0,0.0
1.264438,249.999969,0.0,100.0,0.0
1.270064,249.999969,0.0,100.0,0.0
1.280299,249.999969,0.0,100.0,0.0
1.288864,249.999969,0.0,100.0,0.0
1.295884,249.999969,0.0,100.0,0.0
1.313881,249.999969,0.0,100.0,0.0
1.321597,249.999969,0.0,100.0,0.0
1.32676,249.999969,0.0,100.0,0.0
1.336009,249.999969,0.0,100.0,0.0
1.345931,249.999969,0.0,100.0,0.0
1.354434,249.999969,0.0,100.0,0.0
1.358607,249.999969,0.0,100.0,0.0
1.369726,249.999969,0.0,100.0,0.0
1.375439,249.999969,0.0,100.0,0.0
1.385978,249.999969,0.0,100.0,0.0
1.39591,249.999969,0.0,100.0,0.0
1.406668,249.999969,0.0,100.0,0.0
1.416249,249.999969,0.0,100.0,0.0
1.425507,249.999969,0.0,100.0,0.0
1.431682,249.999969,0.0,100.0,0.0
1.436065,249.999969,0.0,100.0,0.0
1.448789,249.999969,0.0,100.0,0.0
1.453212,249.999969,0.0,100.0,0.0
1.463808,249.999969,0.0,100.0,0.0
1.469545,249.999969,0.0,100.0,0.0
1.47978,249.999969,0.0,100.0,0.0
1.489738,249.999969,0.0,100.0,0.0
1.496777,249.999969,0.0,100.0,0.0
1.503271,249.999969,0.0,100.0,0.0
1.513326,249.999969,0.0,100.0,0.0
1.521923,249.999969,0.0,100.0,0.0
1.525963,249.999969,0.0,100.0,0.0
1.537695,249.999969,0.0,100.0,0.0
1.543663,249.999969,0.0,100.0,0.0
1.55292,249.999969,0.0,100.0,0.0
1.559026,249.999969,0.0,100.0,0.0
1.569716,249.999969,0.0,100.0,0.0
1.576575,249.999969,0.0,100.0,0.0
1.585834,249.999969,0.0,100.0,0.0
1.593581,249.999969,0.0,100.0,0.0
1.606972,249.999969,0.0,100.0,0.0
1.617347,249.999969,0.0,100.0,0.0
1.619968,249.999969,0.0,100.0,0.0
1.632438,249.999969,0.0,100.0,0.0
1.641267,249.999969,0.0,100.0,0.0
1.641267,249.999969,0.0,100.0,0.0
1.659301,249.999969,0.0,100.0,0.0
1.669875,249.999969,0.0,100.0,0.0
1.676903,249.999969,0.0,100.0,0.0
1.686192,249.999969,0.0,100.0,0.0
1.692503,249.999969,0.0,100.0,0.0
1.701061,249.999969,0.0,100.0,0.0
1.706955,249.999969,0.0,100.0,0.0
1.721472,249.999969,0.0,100.0,0.0
1.729196,249.999969,0.0,100.0,0.0
1.737722,249.999969,0.0,100.0,0.0
1.741874,249.999969,0.0,100.0,0.0
1.752699,249.999969,0.0,100.0,0.0
1.76234,249.999969,0.0,100.0,0.0
1.769909,249.999969,0.0,100.0,0.0
1.776658,249.999969,0.0,100.0,0.0
1.786558,249.999969,0.0,100.0,0.0
1.793275,249.999969,0.0,100.0,0.0
1.802347,249.999969,0.0,100.0,0.0
1.809083,249.999969,0.0,100.0,0.0
1.816899,249.999969,0.0,100.0,0.0
1.819588,249.999969,0.0,100.0,0.0
1.833695,249.999969,0.0,100.0,0.0
1.837595,249.999969,0.0,100.0,0.0
1.850137,249.999969,0.0,100.0,0.0
1.858014,249.999969,0.0,100.0,0.0
1.870204,249.999969,0.0,100.0,0.0
1.875175,249.999969,0.0,100.0,0.0
1.886177,249.999969,0.0,100.0,0.0
1.901303,249.999969,0.0,100.0,0.0
1.909317,249.999969,0.0,100.0,0.0
1.920475,249.999969,0.0,100.0,0.0
1.938077,249.999969,0.0,100.0,0.0
1.950356,249.999969,0.0,100.0,0.0
1.958489,249.999969,0.0,100.0,0.0
1.97017,249.999969,0.0,100.0,0.0
1.986021,249.999969,0.0,100.0,0.0
1.992635,249.999969,0.0,100.0,0.0
2.002642,249.999969,0.0,100.0,0.0
2.009494,249.999969,0.0,100.0,0.0
2.019811,249.999969,0.0,100.0,0.0
2.027879,249.999969,0.0,100.0,0.0
2.036442,249.999969,0.0,100.0,0.0
2.04499,249.999969,0.0,100.0,0.0
2.055804,249.999969,0.0,100.0,0.0
2.070122,249.999969,0.0,100.0,0.0
2.074547,249.999969,0.0,100.0,0.0
2.087524,249.999969,0.0,100.0,0.0
2.09589,249.999969,0.0,100.0,0.0
2.102844,249.999969,0.0,100.0,0.0
2.112342,249.999969,0.0,100.0,0.0
2.119972,249.999969,0.0,100.0,0.0
2.128448,249.999969,0.0,100.0,0.0
2.137323,249.999969,0.0,100.0,0.0
2.14238,249.999969,0.0,100.0,0.0
2.152969,249.999969,0.0,100.0,0.0
2.169141,249.999969,0.0,100.0,0.0
2.174567,249.999969,0.0,100.0,0.0
2.186964,249.999969,0.0,100.0,0.0
2.195926,249.999969,0.0,100.0,0.0
2.205822,249.999969,0.0,100.0,0.0
2.212279,249.999969,0.0,100.0,0.0
2.219253,249.999969,0.0,100.0,0.0
2.228327,249.999969,0.0,100.0,0.0
2.236392,249.999969,0.0,100.0,0.0
2.244142,249.999969,0.0,100.0,0.0
2.254068,249.999969,0.0,100.0,0.0
2.259453,249.999969,0.0,100.0,0.0
2.269145,249.999969,0.0,100.0,0.0
2.276614,249.999969,0.0,100.0,0.0
2.285799,249.999969,0.0,100.0,0.0
2.29156,249.999969,0.0,100.0,0.0
2.305651,249.999969,0.0,100.0,0.0
2.312796,249.999969,0.0,100.0,0.0
2.321402,249.999969,0.0,100.0,0.0
2.329957,249.999969,0.0,100.0,0.0
2.336173,249.999969,0.0,100.0,0.0
2.344117,249.999969,0.0,100.0,0.0
2.352864,249.999969,0.0,100.0,0.0
2.360172,249.999969,0.0,100.0,0.0
2.36902,249.999969,0.0,100.0,0.0
2.377584,249.999969,0.0,100.0,0.0
2.384708,249.999969,0.0,100.0,0.0
2.391866,249.999969,0.0,100.0,0.0
2.404682,249.999969,0.0,100.0,0.0
2.411817,249.999969,0.0,100.0,0.0
2.421871,249.999969,0.0,100.0,0.0
2.429459,249.999969,0.0,100.0,0.0
2.43595,249.999969,0.0,100.0,0.0
2.443541,249.999969,0.0,100.0,0.0
2.453377,249.999969,0.0,100.0,0.0
2.45985,249.999969,0.0,100.0,0.0
2.470145,249.999969,0.0,100.0,0.0
2.475234,249.999969,0.0,100.0,0.0
2.484623,249.999969,0.0,100.0,0.0
2.491302,249.999969,0.0,100.0,0.0
2.501677,249.999969,0.0,100.0,0.0
2.511908,249.999969,0.0,100.0,0.0
2.520531,249.999969,0.0,100.0,0.0
2.528731,249.999969,0.0,100.0,0.0
2.535584,249.999969,0.0,100.0,0.0
2.543255,249.999969,0.0,100.0,0.0
2.552502,249.999969,0.0,100.0,0.0
2.565784,249.999969,0.0,100.0,0.0
2.571383,249.999969,0.0,100.0,0.0
2.579324,249.999969,0.0,100.0,0.0
2.589536,249.999969,0.0,100.0,0.0
2.595609,249.999969,0.0,100.0,0.0
2.604106,249.999969,0.0,100.0,0.0
2.6141,249.999969,0.0,100.0,0.0
2.620713,249.999969,0.0,100.0,0.0
2.627806,249.999969,0.0,100.0,0.0
2.635844,249.999969,0.0,100.0,0.0
2.643092,249.999969,0.0,100.0,0.0
2.651939,249.999969,0.0,100.0,0.0
2.660589,249.999969,0.0,100.0,0.0
2.669767,249.999969,0.0,100.0,0.0
2.676035,249.999969,0.0,100.0,0.0
2.687778,249.999969,0.0,100.0,0.0
2.701899,249.999969,0.0,100.0,0.0
2.704734,249.999969,0.0,100.0,0.0
2.717808,249.999969,0.0,100.0,0.0
2.724771,249.999969,0.0,100.0,0.0
2.731932,249.999969,0.0,100.0,0.0
2.736262,249.999969,0.0,100.0,0.0
2.748744,249.999969,0.0,100.0,0.0
2.752831,249.999969,0.0,100.0,0.0
2.763802,249.999969,0.0,100.0,0.0
2.771123,249.999969,0.0,100.0,0.0
2.779688,249.999969,0.0,100.0,0.0
2.787813,249.999969,0.0,100.0,0.0
2.796142,249.999969,0.0,100.0,0.0
2.804543,249.999969,0.0,100.0,0.0
2.817999,249.999969,0.0,100.0,0.0
2.821691,249.999969,0.0,100.0,0.0
2.833424,249.999969,0.0,100.0,0.0
2.839955,249.999969,0.0,100.0,0.0
2.847874,249.999969,0.0,100.0,0.0
2.855306,249.999969,0.0,100.0,0.0
2.863484,249.999969,0.0,100.0,0.0
2.872116,249.999969,0.0,100.0,0.0
2.880105,249.999969,0.0,100.0,0.0
2.889011,249.999969,0.0,100.0,0.0
2.89564,249.999969,0.0,100.0,0.0
2.906178,249.999969,0.0,100.0,0.0
2.912521,249.999969,0.0,100.0,0.0
2.919667,249.999969,0.0,100.0,0.0
2.928572,249.999969,0.0,100.0,0.0
2.940482,249.999969,0.0,100.0,0.0
2.947665,249.999969,0.0,100.0,0.0
2.955737,249.999969,0.0,100.0,0.0
2.964416,249.999969,0.0,100.0,0.0
2.971433,249.999969,0.0,100.0,0.0
2.979714,249.999969,0.0,100.0,0.0
2.988162,249.999969,0.0,100.0,0.0
2.995085,249.999969,0.0,100.0,0.0
3.005628,249.999969,0.0,100.0,0.0
3.013281,249.999969,0.0,100.0,0.0
3.025466,249.999969,0.0,100.0,0.0
3.03185,249.999969,0.0,100.0,0.0
3.040459,249.999969,0.0,100.0,0.0
3.0489,249.999969,0.0,100.0,0.0
3.053872,249.999969,0.0,100.0,0.0
3.063587,249.999969,0.0,100.0,0.0
3.078081,249.999969,0.0,100.0,0.0
3.085741,249.999969,0.0,100.0,0.0
3.086395,249.999969,0.0,100.0,0.0
3.10189,249.999969,0.0,100.0,0.0
3.11288,249.999969,0.0,100.0,0.0
3.121475,249.999969,0.0,100.0,0.0
3.126718,249.999969,0.0,100.0,0.0
3.137393,249.999969,0.0,100.0,0.0
3.138993,249.999969,0.0,100.0,0.0
3.152926,249.999969,0.0,100.0,0.0
3.159723,249.999969,0.0,100.0,0.0
3.169833,249.999969,0.0,100.0,0.0
3.175885,249.999969,0.0,100.0,0.0
3.186261,249.999969,0.0,100.0,0.0
3.19131,249.999969,0.0,100.0,0.0
3.201213,249.999969,0.0,100.0,0.0
3.207999,249.999969,0.0,100.0,0.0
3.217981,249.999969,0.0,100.0,0.0
3.225666,249.999969,0.0,100.0,0.0
3.232042,249.999969,0.0,100.0,0.0
3.23603,249.999969,0.0,100.0,0.0
3.247892,249.999969,0.0,100.0,0.0
3.255452,249.999969,0.0,100.0,0.0
3.270208,249.999969,0.0,100.0,0.0
3.277126,249.999969,0.0,100.0,0.0
3.286683,249.999969,0.0,100.0,0.0
3.290065,249.999969,0.0,100.0,0.0
3.305437,249.999969,0.0,100.0,0.0
3.314141,249.999969,0.0,100.0,0.0
3.321146,249.999969,0.0,100.0,0.0
3.328454,249.999969,0.0,100.0,0.0
3.337979,249.999969,0.0,100.0,0.0
3.344086,249.999969,0.0,100.0,0.0
3.353529,249.999969,0.0,100.0,0.0
3.361336,249.999969,0.0,100.0,0.0
3.370495,249.999969,0.0,100.0,0.0
3.381622,249.999969,0.0,100.0,0.0
3.38973,249.999969,0.0,100.0,0.0
3.395894,249.999969,0.0,100.0,0.0
3.406222,249.999969,0.0,100.0,0.0
3.414026,249.999969,0.0,100.0,0.0
3.421923,249.999969,0.0,100.0,0.0
3.427922,249.999969,0.0,100.0,0.0
3.437917,249.999969,0.0,100.0,0.0
3.444056,249.999969,0.0,100.0,0.0
3.452854,249.999969,0.0,100.0,0.0
3.454792,249.999969,0.0,100.0,0.0
3.469951,249.999969,0.0,100.0,0.0
3.477887,249.999969,0.0,100.0,0.0
3.487715,249.999969,0.0,100.0,0.0
3.493979,249.999969,0.0,100.0,0.0
3.506564,249.999969,0.0,100.0,0.0
3.517813,249.999969,0.0,100.0,0.0
3.526209,249.999969,0.0,100.0,0.0
3.532647,249.999969,0.0,100.0,0.0
3.540949,249.999969,0.0,100.0,0.0
3.543358,249.999969,0.0,100.0,0.0
3.55777,249.999969,0.0,100.0,0.0
3.564114,249.999969,0.0,100.0,0.0
3.572419,249.999969,0.0,100.0,0.0
3.579958,249.999969,0.0,100.0,0.0
3.588041,249.999969,0.0,100.0,0.0
3.595793,249.999969,0.0,100.0,0.0
3.605764,249.999969,0.0,100.0,0.0
3.60981,249.999969,0.0,100.0,0.0
3.624525,249.999969,0.0,100.0,0.0
3.631272,249.999969,0.0,100.0,0.0
3.640045,249.999969,0.0,100.0,0.0
3.648594,249.999969,0.0,100.0,0.0
3.655804,249.999969,0.0,100.0,0.0
3.664209,249.999969,0.0,100.0,0.0
3.671716,249.999969,0.0,100.0,0.0
3.67925,249.999969,0.0,100.0,0.0
3.687147,249.999969,0.0,100.0,0.0
3.695787,249.999969,0.0,100.0,0.0
3.705278,249.999969,0.0,100.0,0.0
3.711076,249.999969,0.0,100.0,0.0
3.720677,249.999969,0.0,100.0,0.0
3.72916,249.999969,0.0,100.0,0.0
3.737578,249.999969,0.0,100.0,0.0
3.743205,249.999969,0.0,100.0,0.0
3.754483,249.999969,0.0,100.0,0.0
3.759507,249.999969,0.0,100.0,0.0
3.770016,249.999969,0.0,100.0,0.0
3.775063,249.999969,0.0,100.0,0.0
3.787755,249.999969,0.0,100.0,0.0
3.787755,249.999969,0.0,100.0,0.0
3.805819,249.999969,0.0,100.0,0.0
3.810998,249.999969,0.0,100.0,0.0
3.821979,249.999969,0.0,100.0,0.0
3.827256,249.999969,0.0,100.0,0.0
3.83714,249.999969,0.0,100.0,0.0
3.845594,249.999969,0.0,100.0,0.0
3.854558,249.999969,0.0,100.0,0.0
3.861421,249.999969,0.0,100.0,0.0
3.868699,249.999969,0.0,100.0,0.0
3.878675,249.999969,0.0,100.0,0.0
3.886009,249.999969,0.0,100.0,0.0
3.894016,249.999969,0.0,100.0,0.0
3.901358,249.999969,0.0,100.0,0.0
3.912282,249.999969,0.0,100.0,0.0
3.921271,249.999969,0.0,100.0,0.0
3.927589,249.999969,0.0,100.0,0.0
3.937494,249.999969,0.0,100.0,0.0
3.94897,249.999969,0.0,100.0,0.0
3.955486,249.999969,0.0,100.0,0.0
3.965799,249.999969,0.0,100.0,0.0
3.977146,249.999969,0.0,100.0,0.0
3.988373,249.999969,0.0,100.0,0.0
3.994698,249.999969,0.0,100.0,0.0
4.005249,249.999969,0.0,100.0,0.0
4.009238,249.999969,0.0,100.0,0.0
4.019578,249.999969,0.0,100.0,0.0
4.029741,249.999969,0.0,100.0,0.0
4.037568,249.999969,0.0,100.0,0.0
4.044179,249.999969,0.0,100.0,0.0
4.052954,249.999969,0.0,100.0,0.0
4.058737,249.999969,0.0,100.0,0.0
4.069778,249.999969,0.0,100.0,0.0
4.07506,249.999969,0.0,100.0,0.0
4.086008,249.999969,0.0,100.0,0.0
4.08659,249.999969,0.0,100.0,0.0
4.101493,249.999969,0.0,100.0,0.0
4.112939,249.999969,0.0,100.0,0.0
4.121952,249.999969,0.0,100.0,0.0
4.129589,249.999969,0.0,100.0,0.0
4.136894,249.999969,0.0,100.0,0.0
4.14345,249.999969,0.0,100.0,0.0
4.154676,249.999969,0.0,100.0,0.0
4.161601,249.999969,0.0,100.0,0.0
4.170111,249.999969,0.0,100.0,0.0
4.170111,249.999969,0.0,100.0,0.0
4.190167,249.999969,0.0,100.0,0.0
4.192347,249.999969,0.0,100.0,0.0
4.205779,249.999969,0.0,100.0,0.0
4.218161,249.999969,0.0,100.0,0.0
4.222587,249.999969,0.0,100.0,0.0
4.233272,249.999969,0.0,100.0,0.0
4.236624,249.999969,0.0,100.0,0.0
4.248672,249.999969,0.0,100.0,0.0
4.256573,249.999969,0.0,100.0,0.0
4.265154,249.999969,0.0,100.0,0.0
4.27179,249.999969,0.0,100.0,0.0
4.279958,249.999969,0.0,100.0,0.0
4.288658,249.999969,0.0,100.0,0.0
4.295524,249.999969,0.0,100.0,0.0
4.304533,249.999969,0.0,100.0,0.0
4.313623,249.999969,0.0,100.0,0.0
4.319762,249.999969,0.0,100.0,0.0
4.328182,249.999969,0.0,100.0,0.0
4.337744,249.999969,0.0,100.0,0.0
4.344559,249.999969,0.0,100.0,0.0
4.352736,249.999969,0.0,100.0,0.0
4.35978,249.999969,0.0,100.0,0.0
4.370003,249.999969,0.0,100.0,0.0
4.378143,249.999969,0.0,100.0,0.0
4.386053,249.999969,0.0,100.0,0.0
4.39318,249.999969,0.0,100.0,0.0
4.40168,249.999969,0.0,100.0,0.0
4.409756,249.999969,0.0,100.0,0.0
4.417618,249.999969,0.0,100.0,0.0
4.424703,249.999969,0.0,100.0,0.0
4.432228,249.999969,0.0,100.0,0.0
4.442029,249.999969,0.0,100.0,0.0
4.448158,249.999969,0.0,100.0,0.0
4.453533,249.999969,0.0,100.0,0.0
4.463696,249.999969,0.0,100.0,0.0
4.473373,249.999969,0.0,100.0,0.0
4.485919,249.999969,0.0,100.0,0.0
4.48797,249.999969,0.0,100.0,0.0
4.501641,249.999969,0.0,100.0,0.0
4.509939,249.999969,0.0,100.0,0.0
4.518291,249.999969,0.0,100.0,0.0
4.520283,249.999969,0.0,100.0,0.0
4.532719,249.999969,0.0,100.0,0.0
4.543793,249.999969,0.0,100.0,0.0
4.553391,249.999969,0.0,100.0,0.0
4.560696,249.999969,0.0,100.0,0.0
4.569559,249.999969,0.0,100.0,0.0
4.576688,249.999969,0.0,100.0,0.0
4.585067,249.999969,0.0,100.0,0.0
4.592854,249.999969,0.0,100.0,0.0
4.602635,249.999969,0.0,100.0,0.0
4.608271,249.999969,0.0,100.0,0.0
4.620102,249.999969,0.0,100.0,0.0
4.629421,249.999969,0.0,100.0,0.0
4.636539,249.999969,0.0,100.0,0.0
4.643957,249.999969,0.0,100.0,0.0
4.654354,249.999969,0.0,100.0,0.0
4.659439,249.999969,0.0,100.0,0.0
4.670325,249.999969,0.0,100.0,0.0
4.67602,249.999969,0.0,100.0,0.0
4.686137,249.999969,0.0,100.0,0.0
4.692472,249.999969,0.0,100.0,0.0
4.702692,249.999969,0.0,100.0,0.0
4.713196,249.999969,0.0,100.0,0.0
4.722397,249.999969,0.0,100.0,0.0
4.730272,249.999969,0.0,100.0,0.0
4.741878,249.999969,0.0,100.0,0.0
4.743222,249.999969,0.0,100.0,0.0
4.758125,249.999969,0.0,100.0,0.0
4.765475,249.999969,0.0,100.0,0.0
4.770083,249.999969,0.0,100.0,0.0
4.786255,249.999969,0.0,100.0,0.0
4.791656,249.999969,0.0,100.0,0.0
4.800668,249.999969,0.0,100.0,0.0
4.806337,249.999969,0.0,100.0,0.0
4.816995,249.999969,0.0,100.0,0.0
4.821716,249.999969,0.0,100.0,0.0
4.833788,249.999969,0.0,100.0,0.0
4.840273,249.999969,0.0,100.0,0.0
4.847897,249.999969,0.0,100.0,0.0
4.855298,249.999969,0.0,100.0,0.0
4.865409,249.999969,0.0,100.0,0.0
4.871743,249.999969,0.0,100.0,0.0
4.881983,249.999969,0.0,100.0,0.0
4.890377,249.999969,0.0,100.0,0.0
4.893415,249.999969,0.0,100.0,0.0
4.904384,249.999969,0.0,100.0,0.0
4.911703,249.999969,0.0,100.0,0.0
4.91968,249.999969,0.0,100.0,0.0
4.929012,249.999969,0.0,100.0,0.0
4.938082,249.999969,0.0,100.0,0.0
4.945854,249.999969,0.0,100.0,0.0
4.953427,249.999969,0.0,100.0,0.0
4.960001,249.999969,0.0,100.0,0.0
4.970966,249.999969,0.0,100.0,0.0
4.975661,249.999969,0.0,100.0,0.0
4.988392,249.999969,0.0,100.0,0.0
4.996121,249.999969,0.0,100.0,0.0
5.003521,249.999969,0.0,100.0,0.0
5.012399,249.999969,0.0,100.0,0.0
5.021185,249.999969,0.0,100.0,0.0
5.027847,249.999969,0.0,100.0,0.0
5.037477,249.999969,0.0,100.0,0.0
5.045598,249.999969,0.0,100.0,0.0
5.053685,249.999969,0.0,100.0,0.0
5.057974,249.999969,0.0,100.0,0.0
5.070347,249.999969,0.0,100.0,0.0
5.076722,249.999969,0.0,100.0,0.0
5.086101,249.999969,0.0,100.0,0.0
5.093424,249.999969,0.0,100.0,0.0
5.093424,249.999969,0.0,100.0,0.0
5.10929,249.999969,0.0,100.0,0.0
5.121563,249.999969,0.0,100.0,0.0
5.131733,249.999969,0.0,100.0,0.0
5.139864,249.999969,0.0,100.0,0.0
5.148727,249.999969,0.0,100.0,0.0
5.15672,249.999969,0.0,100.0,0.0
5.163481,249.999969,0.0,100.0,0.0
5.172482,249.999969,0.0,100.0,0.0
5.179739,249.999969,0.0,100.0,0.0
5.189174,249.999969,0.0,100.0,0.0
5.196311,249.999969,0.0,100.0,0.0
5.204462,249.999969,0.0,100.0,0.0
5.211822,249.999969,0.0,100.0,0.0
5.219492,249.999969,0.0,100.0,0.0
5.229078,249.999969,0.0,100.0,0.0
5.237234,249.999969,0.0,100.0,0.0
5.242282,249.999969,0.0,100.0,0.0
5.25438,249.999969,0.0,100.0,0.0
5.259517,249.999969,0.0,100.0,0.0
5.269954,249.999969,0.0,100.0,0.0
5.282228,249.999969,0.0,100.0,0.0
5.290107,249.999969,0.0,100.0,0.0
5.297231,249.999969,0.0,100.0,0.0
5.304298,249.999969,0.0,100.0,0.0
5.318191,249.999969,0.0,100.0,0.0
5.32984,249.999969,0.0,100.0,0.0
5.33823,249.999969,0.0,100.0,0.0
5.343583,249.999969,0.0,100.0,0.0
5.358171,249.999969,0.0,100.0,0.0
5.370412,249.999969,0.0,100.0,0.0
5.376005,249.999969,0.0,100.0,0.0
5.390218,249.999969,0.0,100.0,0.0
5.402601,249.999969,0.0,100.0,0.0
5.414525,249.999969,0.0,100.0,0.0
5.420423,249.999969,0.0,100.0,0.0
5.434231,249.999969,0.0,100.0,0.0
5.442498,249.999969,0.0,100.0,0.0
5.453857,249.999969,0.0,100.0,0.0
5.459143,249.999969,0.0,100.0,0.0
5.469872,249.999969,0.0,100.0,0.0
5.481097,249.999969,0.0,100.0,0.0
5.48715,249.999969,0.0,100.0,0.0
5.501667,249.999969,0.0,100.0,0.0
5.509172,249.999969,0.0,100.0,0.0
5.521762,249.999969,0.0,100.0,0.0
5.528538,249.999969,0.0,100.0,0.0
5.53775,249.999969,0.0,100.0,0.0
5.54365,249.999969,0.0,100.0,0.0
5.553074,249.999969,0.0,100.0,0.0
5.56037,249.999969,0.0,100.0,0.0
5.575422,249.999969,0.0,100.0,0.0
5.586122,249.999969,0.0,100.0,0.0
5.594354,249.999969,0.0,100.0,0.0
5.601773,249.999969,0.0,100.0,0.0
5.609095,249.999969,0.0,100.0,0.0
5.618494,249.999969,0.0,100.0,0.0
5.62995,249.999969,0.0,100.0,0.0
5.638121,249.999969,0.0,100.0,0.0
5.64325,249.999969,0.0,100.0,0.0
5.65783,249.999969,0.0,100.0,0.0
5.664716,249.999969,0.0,100.0,0.0
5.672534,249.999969,0.0,100.0,0.0
5.680694,249.999969,0.0,100.0,0.0
5.689916,249.999969,0.0,100.0,0.0
5.696175,249.999969,0.0,100.0,0.0
5.704364,249.999969,0.0,100.0,0.0
5.713859,249.999969,0.0,100.0,0.0
5.720971,249.999969,0.0,100.0,0.0
5.725018,249.999969,0.0,100.0,0.0
5.737065,249.999969,0.0,100.0,0.0
5.744089,249.999969,0.0,100.0,0.0
5.753677,249.999969,0.0,100.0,0.0
5.760268,249.999969,0.0,100.0,0.0
5.770126,249.999969,0.0,100.0,0.0
5.777227,249.999969,0.0,100.0,0.0
5.789966,249.999969,0.0,100.0,0.0
5.806407,249.999969,0.0,100.0,0.0
5.808634,249.999969,0.0,100.0,0.0
5.821461,249.999969,0.0,100.0,0.0
5.828336,249.999969,0.0,100.0,0.0
5.838089,249.999969,0.0,100.0,0.0
5.842093,249.999969,0.0,100.0,0.0
5.854167,249.999969,0.0,100.0,0.0
5.860279,249.999969,0.0,100.0,0.0
5.87019,249.999969,0.0,100.0,0.0
5.877329,249.999969,0.0,100.0,0.0
5.886621,249.999969,0.0,100.0,0.0
5.892321,249.999969,0.0,100.0,0.0
5.902597,249.999969,0.0,100.0,0.0
5.909092,249.999969,0.0,100.0,0.0
5.921667,249.999969,0.0,100.0,0.0
5.929413,249.999969,0.0,100.0,0.0
5.936736,249.999969,0.0,100.0,0.0
5.944095,249.999969,0.0,100.0,0.0
5.953268,249.999969,0.0,100.0,0.0
5.959896,249.999969,0.0,100.0,0.0
5.970463,249.999969,0.0,100.0,0.0
5.976362,249.999969,0.0,100.0,0.0
5.990733,249.999969,0.0,100.0,0.0
6.006527,249.999969,0.0,100.0,0.0
6.018605,249.999969,0.0,100.0,0.0
6.025966,249.999969,0.0,100.0,0.0
6.037119,249.999969,0.0,100.0,0.0
6.037119,249.999969,0.0,100.0,0.0
6.053353,249.999969,0.0,100.0,0.0
6.060799,249.999969,0.0,100.0,0.0
6.070412,249.999969,0.0,100.0,0.0
6.076369,249.999969,0.0,100.0,0.0
6.086129,249.999969,0.0,100.0,0.0
6.093415,249.999969,0.0,100.0,0.0
6.102623,249.999969,0.0,100.0,0.0
6.109071,249.999969,0.0,100.0,0.0
6.121795,249.999969,0.0,100.0,0.0
6.128418,249.999969,0.0,100.0,0.0
6.136572,249.999969,0.0,100.0,0.0
6.148339,249.999969,0.0,100.0,0.0
6.157043,249.999969,0.0,100.0,0.0
6.170182,249.999969,0.0,100.0,0.0
6.177739,249.999969,0.0,100.0,0.0
6.18606,249.999969,0.0,100.0,0.0
6.191851,249.999969,0.0,100.0,0.0
6.202047,249.999969,0.0,100.0,0.0
6.206066,249.999969,0.0,100.0,0.0
6.216203,249.999969,0.0,100.0,0.0
6.225111,249.999969,0.0,100.0,0.0
6.228106,249.999969,0.0,100.0,0.0
6.241546,249.999969,0.0,100.0,0.0
6.24815,249.999969,0.0,100.0,0.0
6.256167,249.999969,0.0,100.0,0.0
6.269801,249.999969,0.0,100.0,0.0
6.275534,249.999969,0.0,100.0,0.0
6.286182,249.999969,0.0,100.0,0.0
6.298181,249.999969,0.0,100.0,0.0
6.302905,249.999969,0.0,100.0,0.0
6.316094,249.999969,0.0,100.0,0.0
6.325109,249.999969,0.0,100.0,0.0
6.33232,249.999969,0.0,100.0,0.0
6.34117,249.999969,0.0,100.0,0.0
6.348485,249.999969,0.0,100.0,0.0
6.356051,249.999969,0.0,100.0,0.0
6.363667,249.999969,0.0,100.0,0.0
6.372627,249.999969,0.0,100.0,0.0
6.379875,249.999969,0.0,100.0,0.0
6.389293,249.999969,0.0,100.0,0.0
6.395948,249.999969,0.0,100.0,0.0
6.406631,249.999969,0.0,100.0,0.0
6.412201,249.999969,0.0,100.0,0.0
6.421082,249.999969,0.0,100.0,0.0
6.427732,249.999969,0.0,100.0,0.0
6.436365,249.999969,0.0,100.0,0.0
6.443982,249.999969,0.0,100.0,0.0
6.456084,249.999969,0.0,100.0,0.0
6.463841,249.999969,0.0,100.0,0.0
6.472824,249.999969,0.0,100.0,0.0
6.479887,249.999969,0.0,100.0,0.0
6.488463,249.999969,0.0,100.0,0.0
6.495655,249.999969,0.0,100.0,0.0
6.504334,249.999969,0.0,100.0,0.0
6.511951,249.999969,0.0,100.0,0.0
6.525383,249.999969,0.0,100.0,0.0
6.540586,249.999969,0.0,100.0,0.0
6.558936,249.999969,0.0,100.0,0.0
6.56975,249.999969,0.0,100.0,0.0
6.579685,249.999969,0.0,100.0,0.0
6.588943,249.999969,0.0,100.0,0.0
6.596121,249.999969,0.0,100.0,0.0
6.614123,249.999969,0.0,100.0,0.0
6.629555,249.999969,0.0,100.0,0.0
6.636354,249.999969,0.0,100.0,0.0
6.644062,249.999969,0.0,100.0,0.0
6.652947,249.999969,0.0,100.0,0.0
6.660159,249.999969,0.0,100.0,0.0
6.669355,249.999969,0.0,100.0,0.0
6.678355,249.999969,0.0,100.0,0.0
6.685893,249.999969,0.0,100.0,0.0
6.692887,249.999969,0.0,100.0,0.0
6.70185,249.999969,0.0,100.0,0.0
6.70852,249.999969,0.0,100.0,0.0
6.716399,249.999969,0.0,100.0,0.0
6.725652,249.999969,0.0,100.0,0.0
6.732578,249.999969,0.0,100.0,0.0
6.741971,249.999969,0.0,100.0,0.0
6.749001,249.999969,0.0,100.0,0.0
6.756384,249.999969,0.0,100.0,0.0
6.769767,249.999969,0.0,100.0,0.0
6.774912,249.999969,0.0,100.0,0.0
6.785157,249.999969,0.0,100.0,0.0
6.789586,249.999969,0.0,100.0,0.0
6.802674,249.999969,0.0,100.0,0.0
6.809042,249.999969,0.0,100.0,0.0
6.809042,249.999969,0.0,100.0,0.0
6.826368,249.999969,0.0,100.0,0.0
6.832932,249.999969,0.0,100.0,0.0
6.842007,249.999969,0.0,100.0,0.0
6.878574,249.999969,0.0,100.0,0.0
6.886883,249.999969,0.0,100.0,0.0
6.901846,249.999969,0.0,100.0,0.0
6.909184,249.999969,0.0,100.0,0.0
6.930206,250.000275,0.0,100.0,0.0
6.936296,250.001877,0.0,100.0,0.0
6.957187,250.020798,0.0,100.0,0.0
6.963587,250.037903,0.0,100.0,0.0
6.972261,250.062561,0.0,100.0,0.0
6.980823,250.096146,0.0,100.000008,0.0
6.98936,250.139908,0.0,100.0,0.0
6.996827,250.195297,0.0,99.999992,0.0
7.008482,250.300232,0.0,99.999992,0.0
7.023799,250.474091,0.0,99.999992,0.0
7.032098,250.572769,0.0,100.0,0.0
7.039662,250.679123,0.0,100.0,0.0
7.048188,250.793625,0.0,100.0,0.0
7.056275,250.916763,0.0,99.999992,0.0
7.064212,251.048996,0.0,99.999992,0.0
7.072884,251.190964,0.0,100.0,0.0
7.088721,251.509933,0.0,100.0,0.0
7.095721,251.690628,0.0,100.0,0.0
7.105363,251.887558,0.0,100.0,0.0
7.113222,252.099777,0.0,100.0,0.0
7.119819,252.325363,0.0,100.0,0.0
7.128942,252.562561,0.0,100.0,0.0
7.135721,252.809738,0.0,99.999992,0.0
7.155952,253.463638,0.0,100.000008,0.0
7.16844,253.736313,0.0,100.000008,0.0
7.175321,254.153519,0.0,100.0,0.0
7.189615,254.580017,0.0,100.0,0.0
7.203134,254.870453,0.0,100.0,0.0
7.214882,255.467392,0.0,100.0,0.0
7.226651,255.927338,0.0,100.0,0.0
7.23818,256.395294,0.0,100.0,0.0
7.25652,257.187531,0.0,100.0,0.0
7.263509,257.506866,0.0,100.0,0.0
7.273219,257.986633,0.0,100.0,0.0
7.289599,258.466492,0.0,100.0,0.0
7.297467,258.786346,0.0,100.0,0.0
7.305997,259.106201,0.0,100.0,0.0
7.31943,259.745972,0.0,100.0,0.0
7.329726,260.065857,0.0,100.0,0.0
7.338286,260.385773,0.0,100.000008,0.0
7.347239,260.865509,0.0,100.0,0.0
7.357566,261.185425,0.0,100.0,0.0
7.363962,261.50531,0.0,100.0,0.0
7.372578,261.825165,0.0,100.0,0.0
7.389316,262.624847,0.0,100.0,0.0
7.401855,262.944733,0.0,100.0,0.0
7.409192,263.264587,0.0,100.0,0.0
7.418594,263.584534,0.0,100.000008,0.0
7.425663,264.064301,0.0,100.0,0.0
7.43679,264.384186,0.0,100.0,0.0
7.457963,265.183868,0.0,100.0,0.0
7.465411,265.503784,0.0,100.0,0.0
7.470423,265.823608,0.0,100.0,0.0
7.482002,266.143494,0.0,100.0,0.0
7.486377,266.623322,0.0,99.999992,0.0
7.503098,266.943207,0.0,100.0,0.0
7.510579,267.423004,0.0,100.0,0.0
7.537624,268.382629,0.0,100.0,0.0
7.541813,268.702484,0.0,100.0,0.0
7.553273,269.02243,0.0,100.0,0.0
7.5599,269.342224,0.0,100.0,0.0
7.569815,269.66214,0.0,100.0,0.0
7.577178,269.982025,0.0,100.0,0.0
7.586011,270.30188,0.0,100.0,0.0
7.592267,270.621735,0.0,100.0,0.0
7.602767,270.94165,0.0,100.0,0.0
7.60627,271.421448,0.0,100.0,0.0
7.628873,272.061188,0.0,100.0,0.0
7.637165,272.381073,0.0,100.0,0.0
7.644652,272.700928,0.0,100.0,0.0
7.653844,273.020844,0.0,100.0,0.0
7.658955,273.340729,0.0,100.0,0.0
7.669839,273.660583,0.0,100.000008,0.0
7.675156,273.980469,0.0,100.000008,0.0
7.686969,274.460266,0.0,100.0,0.0
7.704133,275.100006,0.0,100.000008,0.0
7.71213,275.419891,0.0,100.0,0.0
7.720206,275.739777,0.0,100.0,0.0
7.728847,276.059662,0.0,100.0,0.0
7.736544,276.379517,0.0,100.0,0.0
7.746053,276.859344,0.0,100.0,0.0
7.756638,277.17923,0.0,100.0,0.0
7.772989,277.818939,0.0,100.0,0.0
7.779793,278.138824,0.0,100.0,0.0
7.787683,278.45871,0.0,100.0,0.0
7.797967,278.778625,0.0,100.0,0.0
7.809787,279.258453,0.0,100.0,0.0
7.810786,279.578278,0.0,100.0,0.0
7.825826,279.898132,0.0,100.0,0.0
7.840664,280.537872,0.0,100.0,0.0
7.848744,280.857788,0.0,100.0,0.0
7.856939,281.177643,0.0,100.0,0.0
7.863806,281.497559,0.0,100.0,0.0
7.870576,281.817413,0.0,100.0,0.0
7.88083,282.137329,0.0,100.0,0.0
7.888564,282.457184,0.0,100.0,0.0
7.90648,283.096924,0.0,100.0,0.0
7.912626,283.416809,0.0,100.0,0.0
7.921786,283.736664,0.0,100.0,0.0
7.930307,284.056549,0.0,100.0,0.0
7.936858,284.536346,0.0,100.0,0.0
7.950488,284.856232,0.0,100.0,0.0
7.970536,285.655945,0.0,100.0,0.0
7.976568,285.97583,0.0,100.0,0.0
7.99019,286.455627,0.0,100.0,0.0
7.993215,286.775543,0.0,100.0,0.0
8.004795,287.25531,0.0,100.0,0.0
8.017661,287.575165,0.0,100.0,0.0
8.0327,288.214905,0.0,100.000008,0.0
8.042265,288.53479,0.0,100.0,0.0
8.048418,288.854706,0.0,100.0,0.0
8.057158,289.174561,0.0,100.0,0.0
8.064031,289.494415,0.0,100.000008,0.0
8.072207,289.814331,0.0,100.0,0.0
8.079986,290.134216,0.0,100.0,0.0
8.086885,290.454071,0.0,100.0,0.0
8.104825,291.093811,0.0,100.0,0.0
8.112353,291.413696,0.0,100.0,0.0
8.120155,291.733582,0.0,100.0,0.0
8.127855,292.053436,0.0,100.0,0.0
8.136965,292.373352,0.0,99.999992,0.0
8.145128,292.85318,0.0,100.0,0.0
8.158006,293.173004,0.0,100.0,0.0
8.176154,293.972687,0.0,100.0,0.0
8.189961,294.452545,0.0,100.0,0.0
8.189961,294.7724,0.0,100.0,0.0
8.204509,295.092285,0.0,100.0,0.0
8.213323,295.41214,0.0,100.0,0.0
8.219767,295.732025,0.0,100.0,0.0
8.228542,296.05191,0.0,100.0,0.0
8.238134,296.371765,0.0,100.0,0.0
8.253978,297.011505,0.0,100.0,0.0
8.258707,297.33139,0.0,100.0,0.0
8.269835,297.651276,0.0,100.0,0.0
8.270246,297.971161,0.0,100.0,0.0
8.286334,298.291016,0.0,100.0,0.0
8.294146,298.770844,0.0,100.0,0.0
8.305278,299.410583,0.0,100.0,0.0
8.321001,299.890411,0.0,100.0,0.0
8.341265,300.530151,0.0,100.0,0.0
8.348541,300.850037,0.0,100.0,0.0
8.35821,301.169922,0.0,100.0,0.0
8.364612,301.489777,0.0,100.0,0.0
8.372467,301.809662,0.0,100.0,0.0
8.379568,302.129517,0.0,100.0,0.0
8.389023,302.449402,0.0,100.0,0.0
8.395489,302.769318,0.0,100.0,0.0
8.404517,303.089172,0.0,100.0,0.0
8.421668,303.728912,0.0,100.0,0.0
8.426797,304.048798,0.0,100.0,0.0
8.437068,304.368683,0.0,100.0,0.0
8.441029,304.688538,0.0,100.0,0.0
8.454944,305.008423,0.0,100.0,0.0
8.459968,305.328308,0.0,100.0,0.0
8.470664,305.648163,0.0,100.0,0.0
8.477531,305.968079,0.0,100.0,0.0
8.493378,306.767731,0.0,100.0,0.0
8.505622,307.087616,0.0,100.0,0.0
8.513635,307.407501,0.0,100.0,0.0
8.520442,307.727356,0.0,100.0,0.0
8.528219,308.047241,0.0,100.0,0.0
8.53835,308.367126,0.0,100.0,0.0
8.546185,308.686981,0.0,100.0,0.0
8.554046,309.006866,0.0,100.0,0.0
8.560352,309.326752,0.0,100.0,0.0
8.57843,309.966492,0.0,100.0,0.0
8.587362,310.286377,0.0,100.0,0.0
8.591949,310.766205,0.0,100.0,0.0
8.609871,311.246002,0.0,100.0,0.0
8.617767,311.565887,0.0,100.0,0.0
8.620492,311.885712,0.0,100.000008,0.0
8.633254,312.205597,0.0,100.0,0.0
8.647679,312.845398,0.0,100.0,0.0
8.658458,313.165253,0.0,100.0,0.0
8.670328,313.645081,0.0,100.0,0.0
8.676138,313.964905,0.0,100.0,0.0
8.686401,314.284821,0.0,100.0,0.0
8.697886,314.764648,0.0,100.0,0.0
8.711192,315.564331,0.0,100.0,0.0
8.726637,316.044128,0.0,100.0,0.0
8.737314,316.523956,0.0,100.0,0.0
8.748534,316.843872,0.0,100.0,0.0
8.756902,317.163727,0.0,100.0,0.0
8.763901,317.483582,0.0,100.000008,0.0
8.770642,317.803467,0.0,100.0,0.0
8.796288,318.443207,0.0,100.0,0.0
8.807151,319.082977,0.0,100.0,0.0
8.818316,319.562805,0.0,100.0,0.0
8.826468,319.88266,0.0,100.0,0.0
8.83291,320.202515,0.0,100.0,0.0
8.836642,320.682343,0.0,100.0,0.0
8.854083,321.002197,0.0,100.000008,0.0
8.860202,321.322052,0.0,100.000008,0.0
8.870828,321.641968,0.0,100.0,0.0
8.875907,321.961853,0.0,100.0,0.0
8.898776,322.761536,0.0,100.0,0.0
8.906689,323.241394,0.0,100.0,0.0
8.916433,323.561249,0.0,99.999992,0.0
8.926149,323.881104,0.0,100.0,0.0
8.9331,324.200958,0.0,100.0,0.0
8.942312,324.520874,0.0,99.999992,0.0
8.954212,325.000641,0.0,100.0,0.0
8.970429,325.640411,0.0,100.0,0.0
8.970429,325.960297,0.0,100.000008,0.0
8.98992,326.440094,0.0,100.000008,0.0
8.995173,326.76001,0.0,99.999992,0.0
9.005543,327.079865,0.0,100.0,0.0
9.009502,327.399719,0.0,100.0,0.0
9.020325,327.719574,0.0,100.0,0.0
9.030417,328.03949,0.0,100.0,0.0
9.038863,328.359375,0.0,100.0,0.0
9.0518,328.839172,0.0,100.0,0.0
9.058386,329.319,0.0,100.0,0.0
9.075825,329.95874,0.0,100.0,0.0
9.087296,330.438568,0.0,100.0,0.0
9.096479,330.758392,0.0,100.0,0.0
9.104127,331.238251,0.0,100.0,0.0
9.117586,331.558136,0.0,100.0,0.0
9.12452,332.037933,0.0,100.000008,0.0
9.137015,332.357849,0.0,99.999992,0.0
9.157024,333.317444,0.0,100.0,0.0
9.169582,333.637329,0.0,100.0,0.0
9.177265,333.957153,0.0,100.000008,0.0
9.187366,334.436981,0.0,100.0,0.0
9.198457,334.756897,0.0,100.0,0.0
9.206064,335.076752,0.0,100.0,0.0
9.220589,335.716522,0.0,100.000008,0.0
9.220589,336.036407,0.0,100.0,0.0
9.23855,336.356262,0.0,100.0,0.0
9.243693,336.676178,0.0,99.999992,0.0
9.254637,336.996002,0.0,100.0,0.0
9.258826,337.315857,0.0,100.0,0.0
9.270425,337.635773,0.0,100.0,0.0
9.286642,338.435425,0.0,100.0,0.0
9.296287,338.755371,0.0,99.999992,0.0
9.306083,339.075195,0.0,100.0,0.0
9.309159,339.395081,0.0,100.0,0.0
9.320549,339.714966,0.0,99.999992,0.0
9.328423,340.034821,0.0,100.0,0.0
9.336797,340.354706,0.0,100.0,0.0
9.353549,340.994476,0.0,99.999992,0.0
9.359593,341.314331,0.0,100.0,0.0
9.37088,341.634247,0.0,100.0,0.0
9.375873,341.954102,0.0,100.0,0.0
9.385579,342.273926,0.0,100.000008,0.0
9.390629,342.593872,0.0,99.999992,0.0
9.402321,342.913727,0.0,100.0,0.0
9.420525,343.713409,0.0,100.0,0.0
9.430238,344.033051,0.0,100.0,0.0
9.437505,344.351379,0.0,100.0,0.0
9.443952,344.667053,0.0,99.999992,0.0
9.454492,344.978699,0.0,100.000008,0.0
9.458696,345.285065,0.0,100.0,0.0
9.469547,345.584747,0.0,100.0,0.0
9.476443,345.876465,0.0,99.999992,0.0
9.494339,346.430542,0.0,100.0,0.0
9.502103,346.69046,0.0,100.0,0.0
9.50902,347.05957,0.0,100.0,0.0
9.522285,347.293732,0.0,100.0,0.0
9.528789,347.519836,0.0,100.0,0.0
9.53778,347.738373,0.0,100.0,0.0
9.543214,347.948853,0.0,100.0,0.0
9.569953,348.527557,0.0,100.0,0.0
9.572854,348.70105,0.0,100.0,0.0
9.586401,348.938843,0.0,100.0,0.0
9.596491,349.079712,0.0,100.0,0.0
9.60979,349.261292,0.0,100.0,0.0
9.610813,349.364014,0.0,100.0,0.0
9.637477,349.569214,0.0,100.0,0.0
9.64563,349.63446,0.0,100.000008,0.0
9.653633,349.718018,0.0,100.000008,0.0
9.669446,349.788055,0.0,100.0,0.0
9.676529,349.829132,0.0,100.000008,0.0
9.685477,349.866272,0.0,100.0,0.0
9.692975,349.898773,0.0,100.0,0.0
9.712589,349.957275,0.0,99.999992,0.0
9.722106,349.972137,0.0,100.0,0.0
9.725067,349.983124,0.0,100.0,0.0
9.738893,349.990723,0.0,100.000008,0.0
9.744592,349.995667,0.0,100.0,0.0
9.754078,349.998413,0.0,100.0,0.0
9.75897,349.999695,0.0,100.0,0.0
9.769861,350.0,0.0,100.0,0.0
9.778028,350.0,0.0,100.0,0.0
9.793165,350.0,0.0,100.0,0.0
9.801958,350.0,0.0,100.0,0.0
9.808936,350.0,0.0,100.0,0.0
9.808936,350.0,0.0,100.0,0.0
9.823937,350.0,0.0,100.0,0.0
9.837977,350.0,0.0,100.0,0.0
9.844054,350.0,0.0,100.0,0.0
9.853548,350.0,0.0,100.0,0.0
9.85966,350.0,0.0,100.0,0.0
9.870575,350.0,0.0,100.0,0.0
9.877944,350.0,0.0,100.0,0.0
9.887449,350.0,0.0,100.0,0.0
9.902594,350.0,0.0,100.0,0.0
9.910571,350.0,0.0,100.0,0.0
9.920881,350.0,0.0,100.0,0.0
9.929262,350.0,0.0,100.0,0.0
9.938154,350.0,0.0,100.0,0.0
9.942264,350.0,0.0,100.0,0.0
9.953589,350.0,0.0,100.0,0.0
9.965577,350.0,0.0,100.0,0.0
9.972636,350.0,0.0,100.0,0.0
9.980184,350.0,0.0,100.0,0.0
9.988651,350.0,0.0,100.0,0.0
9.996254,350.0,0.0,100.0,0.0
10.003338,350.0,0.0,100.0,0.0
10.026719,350.0,0.0,100.0,0.0
10.03255,350.0,0.0,100.0,0.0
10.066313,350.0,0.0,100.0,0.0
10.070898,350.0,0.0,100.0,0.0
10.087649,350.0,0.0,100.0,0.0
10.093513,350.0,0.0,100.0,0.0
10.117822,350.000031,0.0,99.999176,0.0
10.122983,350.000031,0.0,99.996399,0.0
10.146381,350.0,0.0,99.971466,0.0
10.153779,350.0,0.0,99.950752,0.0
10.160141,350.0,0.0,99.921814,0.0
10.170359,350.0,0.0,99.883301,0.0
10.176059,350.0,0.0,99.833862,0.0
10.185852,350.0,0.0,99.77243,0.0
10.190172,350.0,0.0,99.699707,0.0
10.202953,350.000031,0.0,99.617065,0.0
10.206728,349.999969,0.0,99.477486,0.0
10.220692,350.0,0.0,99.375008,0.0
10.237843,350.0,0.0,99.083191,0.0
10.253703,350.000031,0.0,98.881248,0.0
10.26043,350.0,0.0,98.734024,0.0
10.269887,350.0,0.0,98.574768,0.0
10.277738,350.0,0.0,98.40168,0.0
10.285493,350.0,0.0,98.212891,0.0
10.291974,350.000031,0.0,98.00808,0.0
10.302795,350.0,0.0,97.788956,0.0
10.30736,350.0,0.0,97.437439,0.0
10.320567,350.000031,0.0,97.190216,0.0
10.328527,350.000031,0.0,96.934196,0.0
10.343845,350.000031,0.0,96.40065,0.0
10.353891,350.0,0.0,96.125572,0.0
10.359974,350.0,0.0,95.846451,0.0
10.370561,349.999969,0.0,95.563263,0.0
10.377001,350.0,0.0,95.275421,0.0
10.385389,350.0,0.0,94.982254,0.0
10.387304,349.999969,0.0,94.683685,0.0
10.403111,350.0,0.0,94.38028,0.0
10.407812,350.0,0.0,94.072632,0.0
10.416817,349.999969,0.0,93.761421,0.0
10.430293,350.0,0.0,93.447235,0.0
10.438793,350.0,0.0,92.971741,0.0
10.449302,350.0,0.0,92.493073,0.0
10.4582,350.0,0.0,92.173248,0.0
10.474016,350.0,0.0,91.533493,0.0
10.480314,350.0,0.0,91.213623,0.0
10.487505,350.0,0.0,90.893738,0.0
10.498044,349.999969,0.0,90.57386,0.0
10.514404,349.999969,0.0,89.934113,0.0
10.526248,349.999969,0.0,89.4543,0.0
10.528154,350.0,0.0,89.13443,0.0
10.558178,350.000031,0.0,88.174805,0.0
10.569912,350.0,0.0,87.694984,0.0
10.576239,350.000031,0.0,87.375107,0.0
10.587557,350.0,0.0,86.895287,0.0
10.597953,350.0,0.0,86.575417,0.0
10.603958,350.0,0.0,86.095604,0.0
10.626591,350.000031,0.0,85.295906,0.0
10.637569,350.000031,0.0,84.976044,0.0
10.645609,350.0,0.0,84.656158,0.0
10.654243,349.999969,0.0,84.336281,0.0
10.659274,349.999969,0.0,83.856476,0.0
10.674189,350.000031,0.0,83.536591,0.0
10.680458,349.999969,0.0,83.216728,0.0
10.689157,350.0,0.0,82.896851,0.0
10.704372,350.000031,0.0,82.097153,0.0
10.719925,350.0,0.0,81.777283,0.0
10.726866,350.0,0.0,81.297447,0.0
10.738121,349.999969,0.0,80.977592,0.0
10.746619,350.0,0.0,80.657707,0.0
10.753026,349.999969,0.0,80.33783,0.0
10.770282,349.999969,0.0,79.698097,0.0
10.777656,350.000031,0.0,79.378204,0.0
10.785674,350.000031,0.0,79.058334,0.0
10.789291,350.000031,0.0,78.738464,0.0
10.802163,350.000031,0.0,78.418571,0.0
10.809191,350.000031,0.0,78.098694,0.0
10.818466,350.0,0.0,77.778839,0.0
10.826244,350.0,0.0,77.299011,0.0
10.83721,350.000031,0.0,76.979141,0.0
10.854162,350.000031,0.0,76.339378,0.0
10.860227,350.0,0.0,76.019501,0.0
10.870503,350.0,0.0,75.699646,0.0
10.876493,350.0,0.0,75.379761,0.0
10.890924,350.0,0.0,74.899948,0.0
10.902589,349.999969,0.0,74.420135,0.0
10.921257,350.000031,0.0,73.460495,0.0
10.933269,350.0,0.0,73.140625,0.0
10.937138,350.0,0.0,72.820755,0.0
10.948321,350.0,0.0,72.500877,0.0
10.958664,350.000031,0.0,72.180992,0.0
10.960845,350.0,0.0,71.861122,0.0
10.973586,350.0,0.0,71.541252,0.0
10.980746,350.000061,0.0,71.221359,0.0
10.997106,350.0,0.0,70.581619,0.0
11.006421,350.0,0.0,70.261749,0.0
11.009554,350.0,0.0,69.941879,0.0
11.020595,350.0,0.0,69.621994,0.0
11.029308,350.0,0.0,69.302116,0.0
11.037177,350.0,0.0,68.982246,0.0
11.043776,350.0,0.0,68.662369,0.0
11.053676,350.0,0.0,68.342491,0.0
11.059765,350.0,0.0,68.022606,0.0
11.069752,349.999969,0.0,67.702744,0.0
11.077447,350.000031,0.0,67.382858,0.0
11.086159,350.0,0.0,67.062988,0.0
11.090755,350.000031,0.0,66.743103,0.0
11.108451,350.0,0.0,65.943428,0.0
11.123175,350.0,0.0,65.623543,0.0
11.127428,350.0,0.0,65.14373,0.0
11.143918,350.0,0.0,64.663918,0.0
11.154177,350.0,0.0,64.34404,0.0
11.160561,350.0,0.0,64.02417,0.0
11.169949,350.0,0.0,63.704288,0.0
11.186534,349.999969,0.0,63.064556,0.0
11.19277,350.0,0.0,62.744663,0.0
11.202164,350.0,0.0,62.424793,0.0
11.206134,350.0,0.0,62.104908,0.0
11.217548,350.000031,0.0,61.785023,0.0
11.224012,350.0,0.0,61.46516,0.0
11.232459,349.999969,0.0,61.145287,0.0
11.247622,350.0,0.0,60.505535,0.0
11.258394,350.0,0.0,60.185654,0.0
11.269886,350.0,0.0,59.705841,0.0
11.275742,350.0,0.0,59.385979,0.0
11.286306,350.0,0.0,59.06609,0.0
11.292207,350.0,0.0,58.586273,0.0
11.305171,350.0,0.0,57.946526,0.0
11.321238,350.0,0.0,57.626648,0.0
11.342065,350.0,0.0,56.826969,0.0
11.348927,349.999969,0.0,56.507088,0.0
11.353705,350.0,0.0,56.187214,0.0
11.365914,350.000031,0.0,55.867317,0.0
11.372734,350.0,0.0,55.547455,0.0
11.379892,349.999969,0.0,55.227596,0.0
11.389102,349.999969,0.0,54.907711,0.0
11.406582,350.0,0.0,54.267952,0.0
11.410667,350.0,0.0,53.948071,0.0
11.420842,350.0,0.0,53.628212,0.0
11.430947,350.0,0.0,53.308334,0.0
11.438716,350.0,0.0,52.988445,0.0
11.445432,350.000031,0.0,52.668575,0.0
11.454796,350.0,0.0,52.348694,0.0
11.47058,350.0,0.0,51.708946,0.0
11.476488,350.0,0.0,51.389072,0.0
11.48677,350.0,0.0,51.069206,0.0
11.490202,349.999969,0.0,50.589397,0.0
11.506467,350.0,0.0,50.109577,0.0
11.516463,350.0,0.0,49.789692,0.0
11.533263,350.000031,0.0,49.149925,0.0
11.540458,350.000031,0.0,48.830059,0.0
11.548244,350.0,0.0,48.510204,0.0
11.557723,350.0,0.0,48.190304,0.0
11.56093,349.999969,0.0,47.870445,0.0
11.57255,350.0,0.0,47.550552,0.0
11.579497,350.0,0.0,47.230682,0.0
11.589028,350.0,0.0,46.910812,0.0
11.605083,350.0,0.0,46.111122,0.0
11.618834,350.0,0.0,45.791241,0.0
11.620848,350.0,0.0,45.311432,0.0
11.638261,350.0,0.0,44.99155,0.0
11.644657,350.0,0.0,44.511745,0.0
11.658914,350.0,0.0,44.031933,0.0
11.670524,350.000031,0.0,43.712036,0.0
11.686578,350.000031,0.0,43.072289,0.0
11.690613,350.000031,0.0,42.752426,0.0
11.702339,350.000031,0.0,42.432541,0.0
11.709538,350.0,0.0,42.112663,0.0
11.710499,350.0,0.0,41.792797,0.0
11.726813,350.0,0.0,41.472912,0.0
11.733166,350.0,0.0,41.153049,0.0
11.737759,350.0,0.0,40.83316,0.0
11.754727,350.0,0.0,40.353352,0.0
11.760035,350.0,0.0,40.033478,0.0
11.78047,350.0,0.0,39.233799,0.0
11.789673,350.0,0.0,38.913906,0.0
11.79588,350.000031,0.0,38.594036,0.0
11.803716,350.0,0.0,38.274166,0.0
11.812901,350.0,0.0,37.794338,0.0
11.820875,350.000031,0.0,37.474468,0.0
11.834237,350.0,0.0,37.154602,0.0
11.857803,350.0,0.0,36.194962,0.0
11.864763,350.0,0.0,35.875084,0.0
11.872916,350.0,0.0,35.555214,0.0
11.879952,350.000031,0.0,35.235325,0.0
11.88703,350.000031,0.0,34.915455,0.0
11.898063,349.999969,0.0,34.595596,0.0
11.905093,349.999969,0.0,34.115784,0.0
11.929846,350.0,0.0,33.316082,0.0
11.937558,349.999969,0.0,32.996212,0.0
11.944532,350.0,0.0,32.676334,0.0
11.953507,350.0,0.0,32.196522,0.0
11.965713,350.0,0.0,31.876644,0.0
11.97383,350.0,0.0,31.55678,0.0
11.988872,350.0,0.0,30.917019,0.0
11.998267,349.999969,0.0,30.597149,0.0
12.005486,350.0,0.0,30.117331,0.0
12.018493,350.0,0.0,29.797451,0.0
12.023375,349.999969,0.0,29.477591,0.0
12.032852,350.0,0.0,29.157709,0.0
12.054485,350.0,0.0,28.358013,0.0
12.0599,349.999969,0.0,28.038134,0.0
12.070208,350.0,0.0,27.718264,0.0
12.070208,350.0,0.0,27.398392,0.0
12.08676,350.0,0.0,27.078508,0.0
12.091294,350.0,0.0,26.758629,0.0
12.102593,350.000031,0.0,26.43874,0.0
12.121187,350.0,0.0,25.639059,0.0
12.132544,350.0,0.0,25.319195,0.0
12.141984,350.0,0.0,24.839386,0.0
12.152333,350.0,0.0,24.519503,0.0
12.163395,350.0,0.0,24.03969,0.0
12.181165,350.0,0.0,23.240002,0.0
12.193694,350.0,0.0,22.600248,0.0
12.204659,350.0,0.0,22.280369,0.0
12.218021,350.0,0.0,21.800558,0.0
12.221493,350.0,0.0,21.480688,0.0
12.237922,350.0,0.0,21.000877,0.0
12.24018,350.0,0.0,20.681005,0.0
12.260597,349.999969,0.0,20.041248,0.0
12.270315,350.0,0.0,19.721359,0.0
12.276965,350.0,0.0,19.401484,0.0
12.285636,350.0,0.0,19.081615,0.0
12.293571,350.0,0.0,18.761742,0.0
12.302377,350.0,0.0,18.441862,0.0
12.31011,349.999969,0.0,18.12199,0.0
12.322029,350.0,0.0,17.642164,0.0
12.337937,350.0,0.0,17.00242,0.0
12.346539,350.0,0.0,16.682541,0.0
12.354322,350.000031,0.0,16.362652,0.0
12.359092,350.0,0.0,16.042784,0.0
12.371066,349.999969,0.0,15.722927,0.0
12.374461,350.0,0.0,15.2431,0.0
12.389114,349.999969,0.0,14.923248,0.0
12.405401,350.0,0.0,14.283456,0.0
12.412406,350.0,0.0,13.963599,0.0
12.420596,350.0,0.0,13.643732,0.0
12.428583,350.0,0.0,13.323849,0.0
12.43794,350.0,0.0,13.003957,0.0
12.444661,350.0,0.0,12.684088,0.0
12.454419,350.0,0.0,12.364221,0.0
12.459404,349.999969,0.0,12.044353,0.0
12.481942,349.999969,0.0,11.244669,0.0
12.487319,350.0,0.0,10.924781,0.0
12.496114,350.0,0.0,10.604894,0.0
12.506348,350.0,0.0,10.285039,0.0
12.510355,350.0,0.0,9.965153,0.0
12.521981,350.0,0.0,9.645281,0.0
12.527106,350.0,0.0,9.325393,0.0
12.537672,350.0,0.0,9.005528,0.0
12.554849,350.0,0.0,8.365757,0.0
12.561403,349.999969,0.0,8.0459,0.0
12.57093,349.999969,0.0,7.726041,0.0
12.576631,350.0,0.0,7.406153,0.0
12.590543,350.0,0.0,6.926331,0.0
12.602671,350.0,0.0,6.446517,0.0
12.610052,350.0,0.0,6.126658,0.0
12.625633,350.0,0.0,5.490358,0.0
12.634927,350.0,0.0,5.176528,0.0
12.638987,350.0,0.0,4.714943,0.0
12.654142,350.0,0.0,4.415248,0.0
12.660651,350.0,0.0,4.123547,0.0
12.670268,350.0,0.0,3.841184,0.0
12.677759,350.0,0.0,3.569451,0.0
12.686626,349.999969,0.0,3.309532,0.0
12.68741,349.999969,0.0,3.060908,0.0
12.702249,350.0,0.0,2.822249,0.0
12.707291,350.0,0.0,2.592263,0.0
12.720971,350.0,0.0,2.261634,0.0
12.728831,350.0,0.0,2.051124,0.0
12.744822,350.0,0.0,1.65606,0.0
12.753865,350.0,0.0,1.472447,0.0
12.760025,350.0,0.0,1.298939,0.0
12.771564,350.0,0.0,1.137132,0.0
12.779723,350.0,0.0,0.920275,0.0
12.788904,350.0,0.0,0.795334,0.0
12.796802,350.0,0.0,0.685688,0.0
12.804188,350.0,0.0,0.589492,0.0
12.820354,350.0,0.0,0.430798,0.0
12.828748,350.0,0.0,0.365538,0.0
12.837649,350.0,0.0,0.308134,0.0
12.844359,349.999969,0.0,0.257322,0.0
12.854585,350.0,0.0,0.21196,0.0
12.859233,350.0,0.0,0.170873,0.0
12.869943,350.0,0.0,0.133767,0.0
12.886898,350.0,0.0,0.073852,0.0
12.891036,350.0,0.0,0.051885,0.0
12.902394,350.0,0.0,0.034748,0.0
12.909065,350.0,0.0,0.016875,0.0
12.921045,350.0,0.0,0.00649,0.0
12.934694,350.0,0.0,0.00274,0.0
12.942845,350.0,0.0,0.000105,0.0
12.958436,350.0,0.0,-8e-06,0.0
12.964408,350.0,0.0,-8e-06,0.0
12.972884,350.0,0.0,-8e-06,0.0
12.980468,350.0,0.0,-8e-06,0.0
12.989395,350.0,0.0,-8e-06,0.0
12.998083,350.0,0.0,-8e-06,0.0
13.006161,350.0,0.0,-8e-06,0.0
13.011654,350.0,0.0,-8e-06,0.0
13.022022,350.0,0.0,-8e-06,0.0
13.026392,350.0,0.0,-8e-06,0.0
13.03791,350.0,0.0,-8e-06,0.0
13.044679,350.0,0.0,-8e-06,0.0
13.05359,350.0,0.0,-8e-06,0.0
13.060087,350.0,0.0,-8e-06,0.0
13.070161,350.0,0.0,-8e-06,0.0
13.076747,350.0,0.0,-8e-06,0.0
13.085866,350.0,0.0,-8e-06,0.0
13.093218,350.0,0.0,-8e-06,0.0
13.1004,350.0,0.0,-8e-06,0.0
13.114168,350.0,0.0,-8e-06,0.0
13.123856,350.0,0.0,-8e-06,0.0
13.13279,350.0,0.0,-8e-06,0.0
13.142122,350.0,0.0,-8e-06,0.0
13.148519,350.0,0.0,-8e-06,0.0
13.154234,350.0,0.0,-8e-06,0.0
13.18696,350.0,0.0,-8e-06,0.0
13.202281,350.0,0.0,-8e-06,0.0
13.20801,350.0,0.0,-8e-06,0.0
13.218975,350.0,0.0,-8e-06,0.0
13.223515,350.0,0.0,-8e-06,0.0
13.234688,350.0,0.0,-8e-06,0.0
13.250202,349.999756,0.0,-2e-05,0.0
13.260314,349.993805,0.0,-1.2e-05,0.0
13.272666,349.985382,0.0,-1e-05,0.0
13.279799,349.971466,0.0,-2.6e-05,0.0
13.287457,349.950745,0.0,3e-06,0.0
13.298433,349.921814,0.0,-2.7e-05,0.0
13.305142,349.883301,0.0,-2.1e-05,0.0
13.312491,349.833862,0.0,-7e-06,0.0
13.320267,349.77243,0.0,1e-06,0.0
13.336972,349.617035,0.0,7e-06,0.0
13.346524,349.525848,0.0,-5e-06,0.0
13.353734,349.427216,0.0,-1e-06,0.0
13.360716,349.320801,0.0,-2e-06,0.0
13.370637,349.206299,0.0,-0.0,0.0
13.378459,349.083191,0.0,-2e-05,0.0
13.390523,348.881256,0.0,-6e-06,0.0
13.404585,348.490112,0.0,-1.8e-05,0.0
13.419088,348.309357,0.0,-1e-06,0.0
13.426637,348.008087,0.0,0.0,0.0
13.437195,347.788971,0.0,-4e-06,0.0
13.445214,347.557343,0.0,-8e-06,0.0
13.454077,347.315002,0.0,-6e-06,0.0
13.470115,346.803223,0.0,-4e-06,0.0
13.477072,346.536377,0.0,-1.8e-05,0.0
13.4871,346.263672,0.0,-1e-05,0.0
13.497605,345.846436,0.0,-1.9e-05,0.0
13.505896,345.563263,0.0,5e-06,0.0
13.511093,345.275421,0.0,-5e-06,0.0
13.52509,344.833618,0.0,-1.2e-05,0.0
13.535585,344.532532,0.0,-5e-06,0.0
13.546805,344.072632,0.0,0.0,0.0
13.560487,343.289215,0.0,-1e-05,0.0
13.572906,342.971741,0.0,-1.8e-05,0.0
13.580476,342.652863,0.0,-8e-06,0.0
13.587098,342.333191,0.0,-1.2e-05,0.0
13.598846,342.013306,0.0,-1e-06,0.0
13.604441,341.69342,0.0,8e-06,0.0
13.612833,341.373566,0.0,-1.8e-05,0.0
13.621116,341.05368,0.0,-5e-06,0.0
13.638453,340.413879,0.0,1e-06,0.0
13.645671,339.934113,0.0,-5e-06,0.0
13.658051,339.614227,0.0,-8e-06,0.0
13.670135,339.13443,0.0,-1e-06,0.0
13.677116,338.654602,0.0,-1.8e-05,0.0
13.689225,338.334717,0.0,-2.1e-05,0.0
13.704064,337.694977,0.0,1e-06,0.0
13.712495,337.375092,0.0,-2e-06,0.0
13.722561,337.055237,0.0,-0.0,0.0
13.725879,336.735352,0.0,-1.4e-05,0.0
13.737151,336.415466,0.0,-1.6e-05,0.0
13.746091,336.095612,0.0,1e-06,0.0
13.753852,335.775726,0.0,4e-06,0.0
13.770685,335.135986,0.0,-8e-06,0.0
13.777171,334.656158,0.0,-2e-06,0.0
13.789012,334.336273,0.0,-1.9e-05,0.0
13.797286,334.016449,0.0,-2e-05,0.0
13.804216,333.536591,0.0,-2.6e-05,0.0
13.818982,333.216705,0.0,5e-06,0.0
13.830588,332.736908,0.0,-5e-06,0.0
13.850596,331.937225,0.0,0.0,0.0
13.859843,331.457397,0.0,-6e-06,0.0
13.870045,331.137482,0.0,4e-06,0.0
13.871007,330.817657,0.0,-1e-06,0.0
13.890388,330.33783,0.0,-4e-06,0.0
13.894531,330.017944,0.0,3e-06,0.0
13.90442,329.69809,0.0,-1.5e-05,0.0
13.922511,329.058289,0.0,5e-06,0.0
13.928084,328.578522,0.0,-1.7e-05,0.0
13.942558,328.258636,0.0,-7e-06,0.0
13.949175,327.938751,0.0,-1.4e-05,0.0
13.954338,327.618927,0.0,-5e-06,0.0
13.970528,327.139069,0.0,-1.8e-05,0.0
13.976749,326.819214,0.0,-1e-06,0.0
13.987498,326.499329,0.0,-1.2e-05,0.0
14.004258,325.539703,0.0,-1.5e-05,0.0
14.018231,325.219818,0.0,-2e-06,0.0
14.025915,324.73999,0.0,1e-05,0.0
14.037831,324.420135,0.0,-6e-06,0.0
14.043597,324.10025,0.0,6e-06,0.0
14.05419,323.780396,0.0,-5e-06,0.0
14.061164,323.46051,0.0,1.1e-05,0.0
14.076916,322.82074,0.0,5e-06,0.0
14.08684,322.500916,0.0,-2.9e-05,0.0
14.094913,322.021057,0.0,1e-05,0.0
14.106326,321.54129,0.0,-1.3e-05,0.0
14.117631,321.221375,0.0,1.7e-05,0.0
14.121015,320.901489,0.0,1.8e-05,0.0
14.132467,320.581635,0.0,-1e-06,0.0
14.151028,319.941864,0.0,7e-06,0.0
14.158285,319.462067,0.0,-1.3e-05,0.0
14.170637,319.142181,0.0,7e-06,0.0
14.182154,318.662354,0.0,-7e-06,0.0
14.189398,318.342468,0.0,7e-06,0.0
14.202621,317.862671,0.0,2e-06,0.0
14.222265,317.062988,0.0,2e-06,0.0
14.227442,316.743134,0.0,-9e-06,0.0
14.238542,316.423248,0.0,9e-06,0.0
14.243974,316.103363,0.0,6e-06,0.0
14.254663,315.783478,0.0,-2e-06,0.0
14.259928,315.463654,0.0,0.0,0.0
14.269466,315.143707,0.0,4e-06,0.0
14.274866,314.823853,0.0,9e-06,0.0
14.286698,314.184113,0.0,3e-06,0.0
14.30056,313.864227,0.0,6e-06,0.0
14.30948,313.544342,0.0,-2e-06,0.0
14.316314,313.224487,0.0,-3e-06,0.0
14.320671,312.904602,0.0,0.0,0.0
14.333707,312.584717,0.0,-2e-06,0.0
14.342088,312.104919,0.0,-4e-06,0.0
14.35372,311.785034,0.0,-0.0,0.0
14.35372,311.465118,0.0,5e-06,0.0
14.369514,311.145294,0.0,3e-06,0.0
14.371504,310.825409,0.0,-8e-06,0.0
14.386801,310.505524,0.0,-1.3e-05,0.0
14.39333,310.185669,0.0,4e-06,0.0
14.400498,309.865784,0.0,-5e-06,0.0
14.418979,309.226044,0.0,3e-06,0.0
14.426183,308.906158,0.0,-6e-06,0.0
14.432422,308.586273,0.0,-1.2e-05,0.0
14.441253,308.266388,0.0,-2e-06,0.0
14.448876,307.946503,0.0,0.0,0.0
14.456861,307.626648,0.0,-7e-06,0.0
14.464251,307.306763,0.0,-8e-06,0.0
14.472503,306.986908,0.0,5e-06,0.0
14.488105,306.347168,0.0,-1.4e-05,0.0
14.496572,306.027283,0.0,-1.5e-05,0.0
14.505009,305.707397,0.0,0.0,0.0
14.512099,305.387482,0.0,-0.0,0.0
14.522021,305.067657,0.0,-1.3e-05,0.0
14.526027,304.747772,0.0,-2.3e-05,0.0
14.53703,304.427887,0.0,5e-06,0.0
14.553477,303.788147,0.0,5e-06,0.0
14.559976,303.468262,0.0,-2e-06,0.0
14.570092,303.148376,0.0,7e-06,0.0
14.578169,302.828522,0.0,4e-06,0.0
14.587013,302.508606,0.0,6e-06,0.0
14.593747,302.028778,0.0,8e-06,0.0
14.605406,301.708954,0.0,-1e-05,0.0
14.623069,301.069183,0.0,-2e-06,0.0
14.626227,300.589386,0.0,8e-06,0.0
14.642293,300.269501,0.0,-1.8e-05,0.0
14.648942,299.949615,0.0,1.7e-05,0.0
14.65781,299.629761,0.0,1.4e-05,0.0
14.664047,299.309845,0.0,1.3e-05,0.0
14.672835,298.98996,0.0,1e-05,0.0
14.680165,298.670135,0.0,6e-06,0.0
14.69689,298.030365,0.0,-3e-06,0.0
14.709626,297.550537,0.0,-4e-06,0.0
14.715484,297.230682,0.0,9e-06,0.0
14.726648,296.910797,0.0,-4e-06,0.0
14.737919,296.431,0.0,-0.0,0.0
14.744841,296.111115,0.0,1.5e-05,0.0
14.754382,295.791229,0.0,-5e-06,0.0
14.760012,295.471405,0.0,-1.4e-05,0.0
14.770858,295.151489,0.0,6e-06,0.0
14.791013,294.351807,0.0,-8e-06,0.0
14.802239,293.871948,0.0,1.5e-05,0.0
14.809697,293.552124,0.0,1e-05,0.0
14.818619,293.232239,0.0,-1.4e-05,0.0
14.821768,292.912354,0.0,-1.3e-05,0.0
14.831908,292.592499,0.0,6e-06,0.0
14.844169,291.952759,0.0,-9e-06,0.0
14.857354,291.632812,0.0,1.5e-05,0.0
14.865944,291.313019,0.0,-5e-06,0.0
14.873077,290.993103,0.0,-4e-06,0.0
14.888388,290.513306,0.0,4e-06,0.0
14.893004,290.033447,0.0,1e-05,0.0
14.905242,289.713593,0.0,-0.0,0.0
14.920826,289.073853,0.0,1e-06,0.0
14.927992,288.753967,0.0,-2e-06,0.0
14.938397,288.434113,0.0,-1.1e-05,0.0
14.944285,287.954254,0.0,1.6e-05,0.0
14.957664,287.634399,0.0,-1.6e-05,0.0
14.965174,287.314545,0.0,-1.4e-05,0.0
14.972988,286.99469,0.0,-1.5e-05,0.0
14.980548,286.674774,0.0,-1e-05,0.0
14.988985,286.354919,0.0,1e-06,0.0
14.998356,286.035034,0.0,-5e-06,0.0
15.013043,285.395233,0.0,2e-06,0.0
15.020566,285.075409,0.0,2e-06,0.0
15.028744,284.755524,0.0,-1.3e-05,0.0
15.038375,284.435638,0.0,-2e-06,0.0
15.046107,284.115784,0.0,-6e-06,0.0
15.05502,283.795898,0.0,-1e-06,0.0
15.059732,283.476013,0.0,7e-06,0.0
15.070072,283.156128,0.0,5e-06,0.0
15.086786,282.516388,0.0,-0.0,0.0
15.093317,282.036591,0.0,-1e-05,0.0
15.106036,281.556763,0.0,-2.2e-05,0.0
15.11657,281.236908,0.0,-1e-06,0.0
15.120912,280.917023,0.0,-1.8e-05,0.0
15.134215,280.597137,0.0,1.2e-05,0.0
15.148173,279.957397,0.0,-4e-06,0.0
15.157011,279.637512,0.0,-8e-06,0.0
15.165658,279.317627,0.0,-1e-05,0.0
15.172816,278.997803,0.0,3e-06,0.0
15.180623,278.677887,0.0,2e-06,0.0
15.188873,278.358002,0.0,-1.1e-05,0.0
15.197952,278.038147,0.0,4e-06,0.0
15.203817,277.718262,0.0,-1e-06,0.0
15.220866,277.078522,0.0,-6e-06,0.0
15.228894,276.758636,0.0,-3e-06,0.0
15.238065,276.438751,0.0,-1.6e-05,0.0
15.243109,276.118866,0.0,-9e-06,0.0
15.254467,275.799011,0.0,-5e-06,0.0
15.259885,275.479095,0.0,-3e-06,0.0
15.270481,275.159241,0.0,-1.1e-05,0.0
15.274354,274.839386,0.0,1.4e-05,0.0
15.292801,274.199615,0.0,1.1e-05,0.0
15.300438,273.879761,0.0,-1e-06,0.0
15.308923,273.559875,0.0,-2e-06,0.0
15.308923,273.23999,0.0,3e-06,0.0
15.331462,272.760193,0.0,1e-06,0.0
15.341621,272.280365,0.0,-3e-06,0.0
15.35068,271.960449,0.0,-8e-06,0.0
15.370451,271.160797,0.0,1e-06,0.0
15.378167,270.840942,0.0,9e-06,0.0
15.385718,270.521057,0.0,2e-06,0.0
15.387317,270.201172,0.0,-1e-06,0.0
15.402668,269.881287,0.0,-1.2e-05,0.0
15.41395,269.401489,0.0,-6e-06,0.0
15.430281,268.761749,0.0,-7e-06,0.0
15.438999,268.441833,0.0,-8e-06,0.0
15.444755,267.962036,0.0,-0.0,0.0
15.45672,267.642181,0.0,1.2e-05,0.0
15.464557,267.322296,0.0,-5e-06,0.0
15.472855,267.00238,0.0,7e-06,0.0
15.479957,266.682556,0.0,3e-06,0.0
15.489628,266.362701,0.0,-1e-05,0.0
15.505584,265.7229,0.0,-4e-06,0.0
15.512564,265.403046,0.0,1e-06,0.0
15.520645,265.08316,0.0,1e-06,0.0
15.528886,264.763275,0.0,-5e-06,0.0
15.538367,264.44342,0.0,-2e-06,0.0
15.543414,264.123535,0.0,-6e-06,0.0
15.555029,263.80365,0.0,-1.5e-05,0.0
15.573671,263.003998,0.0,-6e-06,0.0
15.580328,262.684082,0.0,-2e-06,0.0
15.58922,262.364227,0.0,-1e-06,0.0
15.596931,262.044342,0.0,6e-06,0.0
15.604838,261.724457,0.0,-1e-05,0.0
15.612533,261.404602,0.0,0.0,0.0
15.622642,261.084686,0.0,2e-06,0.0
15.637794,260.444977,0.0,-4e-06,0.0
15.643865,260.125092,0.0,6e-06,0.0
15.655271,259.805206,0.0,7e-06,0.0
15.660424,259.325409,0.0,4e-06,0.0
15.673042,259.005524,0.0,-1e-06,0.0
15.680422,258.685608,0.0,4e-06,0.0
15.690074,258.205872,0.0,-2e-06,0.0
15.70248,257.885956,0.0,-3e-06,0.0
15.708779,257.406158,0.0,-5e-06,0.0
15.721665,256.926361,0.0,5e-06,0.0
15.735079,256.606445,0.0,-3e-06,0.0
15.738313,256.126678,0.0,-6e-06,0.0
15.762061,255.490356,0.0,-5e-06,0.0
15.770814,255.176529,0.0,-7e-06,0.0
15.777417,254.71492,0.0,-2e-06,0.0
15.788169,254.415253,0.0,9e-06,0.0
15.802858,253.981094,0.0,1.6e-05,0.0
15.804686,253.703903,0.0,-7e-06,0.0
15.82215,253.309525,0.0,-1.4e-05,0.0
15.837259,252.706299,0.0,-2e-06,0.0
15.850862,252.480148,0.0,5e-06,0.0
15.855563,252.261627,0.0,-0.0,0.0
15.864466,252.051117,0.0,-4e-06,0.0
15.870684,251.849136,0.0,-1e-05,0.0
15.880682,251.656082,0.0,1e-06,0.0
15.890011,251.472443,0.0,7e-06,0.0
15.904902,251.137131,0.0,-8e-06,0.0
15.914496,250.988846,0.0,1.1e-05,0.0
15.921908,250.855789,0.0,8e-06,0.0
15.927036,250.738708,0.0,1e-06,0.0
15.938648,250.636017,0.0,1e-05,0.0
15.946767,250.545914,0.0,8e-06,0.0
15.970375,250.335907,0.0,2e-06,0.0
15.977201,250.281952,0.0,-2e-06,0.0
15.98603,250.234024,0.0,1e-06,0.0
15.99377,250.190933,0.0,7e-06,0.0
16.00268,250.151779,0.0,0.0,0.0
16.014406,250.101227,0.0,3e-06,0.0
16.021653,250.073868,0.0,5e-06,0.0
16.038442,250.03476,0.0,4e-06,0.0
16.043493,250.021881,0.0,-6e-06,0.0
16.054756,250.01268,0.0,-1.3e-05,0.0
16.060101,250.006454,0.0,7e-06,0.0
16.069977,250.002762,0.0,5e-06,0.0
16.078105,250.000824,0.0,3e-06,0.0
16.086735,250.000107,0.0,2e-06,0.0
16.090113,250.000015,0.0,-6e-06,0.0
16.112503,250.000015,0.0,-6e-06,0.0
16.120425,250.000015,0.0,-6e-06,0.0
16.128328,250.000015,0.0,-6e-06,0.0
16.137403,250.000015,0.0,-6e-06,0.0
16.149126,250.000015,0.0,-6e-06,0.0
16.158684,250.000015,0.0,-6e-06,0.0
16.164925,250.000015,0.0,-6e-06,0.0
16.173216,250.000015,0.0,-6e-06,0.0
16.180124,250.000015,0.0,-6e-06,0.0
16.18852,250.000015,0.0,-6e-06,0.0
16.196662,250.000015,0.0,-6e-06,0.0
16.205112,250.000015,0.0,-6e-06,0.0
16.21218,250.000015,0.0,-6e-06,0.0
16.220564,250.000015,0.0,-6e-06,0.0
16.228672,250.000015,0.0,-6e-06,0.0
16.238783,250.000015,0.0,-6e-06,0.0
16.24477,250.000015,0.0,-6e-06,0.0
16.254611,250.000015,0.0,-6e-06,0.0
16.259497,250.000015,0.0,-6e-06,0.0
16.270365,250.000015,0.0,-6e-06,0.0
16.276451,250.000015,0.0,-6e-06,0.0
16.286135,250.000015,0.0,-6e-06,0.0
16.293744,250.000015,0.0,-6e-06,0.0
16.302454,250.000015,0.0,-6e-06,0.0
16.303978,250.000015,0.0,-6e-06,0.0
16.317633,250.000015,0.0,-6e-06,0.0
16.320672,250.000015,0.0,-6e-06,0.0
16.334834,250.000015,0.0,-6e-06,0.0
16.337848,250.000015,0.0,-6e-06,0.0
16.348703,250.000015,0.0,-6e-06,0.0
16.356628,250.000015,0.0,-6e-06,0.0
16.370782,250.000015,0.0,-6e-06,0.0
16.398895,250.000015,0.0,-6e-06,0.0
16.406582,250.000015,0.0,-6e-06,0.0
16.416806,250.000015,0.0,-6e-06,0.0
16.426203,250.000015,0.0,-6e-06,0.0
16.445296,250.000015,0.0,0.000278,0.0
16.459929,250.000015,0.0,0.006194,0.0
16.469295,250.0,0.0,0.014622,0.0
16.475565,250.000015,0.0,0.028516,0.0
16.485949,250.000015,0.0,0.049263,0.0
16.487594,250.000015,0.0,0.078194,0.0
16.502547,250.000046,0.0,0.11669,0.0
16.504555,250.000015,0.0,0.166124,0.0
16.51659,250.000031,0.0,0.227564,0.0
16.52682,250.000015,0.0,0.300287,0.0
16.533194,250.000015,0.0,0.382936,0.0
16.551184,250.000015,0.0,0.572791,0.0
16.560194,250.000031,0.0,0.735348,0.0
16.570292,250.000015,0.0,0.854124,0.0
16.57782,250.000015,0.0,0.98174,0.0
16.587237,250.000015,0.0,1.118741,0.0
16.593255,250.000031,0.0,1.343986,0.0
16.604489,250.000015,0.0,1.509922,0.0
16.620761,250.000015,0.0,1.887595,0.0
16.628685,250.000015,0.0,2.09979,0.0
16.637491,250.0,0.0,2.325403,0.0
16.646809,250.000031,0.0,2.562553,0.0
16.654772,250.000015,0.0,2.809772,0.0
16.660436,250.000015,0.0,3.196731,0.0
16.673253,250.000015,0.0,3.463645,0.0
16.68804,250.0,0.0,4.013525,0.0
16.697785,250.000015,0.0,4.294586,0.0
16.705556,250.0,0.0,4.724589,0.0
16.718974,250.000015,0.0,5.017737,0.0
16.722518,250.000015,0.0,5.316314,0.0
16.732946,250.0,0.0,5.619721,0.0
16.740116,250.000015,0.0,5.927351,0.0
16.748118,250.000015,0.0,6.238574,0.0
16.766422,250.000015,0.0,6.869308,0.0
16.773503,250.000031,0.0,7.187557,0.0
16.781032,250.000031,0.0,7.506914,0.0
16.788875,250.000015,0.0,7.82674,0.0
16.799082,250.000046,0.0,8.146617,0.0
16.810305,250.000015,0.0,8.626439,0.0
16.811309,249.999985,0.0,8.946321,0.0
16.825935,250.000031,0.0,9.266197,0.0
16.839405,250.000015,0.0,9.746016,0.0
16.847025,250.0,0.0,10.065874,0.0
16.853748,250.000015,0.0,10.385758,0.0
16.860954,250.000015,0.0,10.705631,0.0
16.876045,250.000015,0.0,11.345391,0.0
16.885895,250.000015,0.0,11.665257,0.0
16.893952,250.000031,0.0,11.985147,0.0
16.902828,250.000015,0.0,12.305005,0.0
16.90955,250.000015,0.0,12.784821,0.0
16.922111,250.000015,0.0,13.104711,0.0
16.92928,250.0,0.0,13.424563,0.0
16.938285,250.000031,0.0,13.744447,0.0
16.943406,250.0,0.0,14.064329,0.0
16.961011,250.000031,0.0,14.704084,0.0
16.970681,250.000015,0.0,15.023969,0.0
16.977051,250.000015,0.0,15.343846,0.0
16.986031,250.000015,0.0,15.663702,0.0
16.993397,250.000015,0.0,15.983579,0.0
17.002801,250.000031,0.0,16.303469,0.0
17.007191,250.000015,0.0,16.623341,0.0
17.018485,249.999985,0.0,16.943203,0.0
17.030213,250.000015,0.0,17.423031,0.0
17.044412,250.000015,0.0,18.062782,0.0
17.054174,250.0,0.0,18.382675,0.0
17.061097,250.000031,0.0,18.702528,0.0
17.071031,250.0,0.0,19.022402,0.0
17.076205,250.000031,0.0,19.502213,0.0
17.089386,250.000015,0.0,19.822092,0.0
17.098153,250.000015,0.0,20.141979,0.0
17.104469,250.000015,0.0,20.461847,0.0
17.121133,250.000015,0.0,21.101603,0.0
17.130493,250.000031,0.0,21.421482,0.0
17.147117,250.000015,0.0,21.901299,0.0
17.158597,250.000015,0.0,22.54104,0.0
17.164333,250.0,0.0,22.860922,0.0
17.173512,250.000015,0.0,23.18079,0.0
17.189913,249.999985,0.0,23.82053,0.0
17.202824,250.000031,0.0,24.300358,0.0
17.209329,250.000046,0.0,24.620237,0.0
17.218756,250.000031,0.0,24.940105,0.0
17.221237,250.000015,0.0,25.259975,0.0
17.233231,249.999985,0.0,25.57987,0.0
17.238209,250.0,0.0,25.899734,0.0
17.25757,250.000015,0.0,26.539486,0.0
17.264555,250.000015,0.0,26.859373,0.0
17.272478,249.999985,0.0,27.179247,0.0
17.280736,250.000015,0.0,27.499117,0.0
17.287693,250.0,0.0,27.818991,0.0
17.302717,250.000015,0.0,28.298798,0.0
17.31526,250.000031,0.0,28.778618,0.0
17.32215,250.000031,0.0,29.258432,0.0
17.341249,250.000015,0.0,30.058119,0.0
17.355153,250.000031,0.0,30.378008,0.0
17.36135,249.999985,0.0,30.697876,0.0
17.370263,249.999985,0.0,31.017756,0.0
17.375733,250.000031,0.0,31.337627,0.0
17.38728,250.000031,0.0,31.657497,0.0
17.391248,250.000015,0.0,31.977385,0.0
17.413865,249.999985,0.0,32.777065,0.0
17.421924,250.0,0.0,33.096947,0.0
17.4271,250.000015,0.0,33.416828,0.0
17.437776,250.0,0.0,33.736691,0.0
17.437776,250.000015,0.0,34.056568,0.0
17.455032,250.000015,0.0,34.376438,0.0
17.462291,250.0,0.0,34.696316,0.0
17.470698,250.0,0.0,35.016209,0.0
17.48608,250.000031,0.0,35.655952,0.0
17.493074,250.000046,0.0,35.975826,0.0
17.502737,250.000031,0.0,36.295696,0.0
17.509109,250.000015,0.0,36.775513,0.0
17.522483,250.000015,0.0,37.095402,0.0
17.528674,249.999985,0.0,37.415276,0.0
17.537922,250.000015,0.0,37.735149,0.0
17.555193,250.0,0.0,38.374893,0.0
17.563523,249.999985,0.0,38.85471,0.0
17.574362,250.0,0.0,39.334518,0.0
17.587221,250.000046,0.0,39.6544,0.0
17.593492,250.000015,0.0,40.134216,0.0
17.610312,250.000015,0.0,40.614033,0.0
17.622838,250.000015,0.0,41.093842,0.0
17.638896,249.999985,0.0,41.733597,0.0
17.644195,250.000015,0.0,42.213409,0.0
17.662289,250.000015,0.0,42.693222,0.0
17.670498,250.000015,0.0,43.013088,0.0
17.670836,250.000015,0.0,43.332977,0.0
17.686062,250.000015,0.0,43.652859,0.0
17.702864,250.000015,0.0,44.292603,0.0
17.7095,250.000015,0.0,44.772419,0.0
17.721859,250.000046,0.0,45.252228,0.0
17.738178,250.000015,0.0,45.732037,0.0
17.743853,250.000015,0.0,46.051926,0.0
17.7537,250.000015,0.0,46.371792,0.0
17.770966,250.000015,0.0,47.011543,0.0
17.777298,249.999985,0.0,47.331421,0.0
17.786156,250.000015,0.0,47.651291,0.0
17.793711,250.000015,0.0,47.971176,0.0
17.802001,250.000015,0.0,48.291046,0.0
17.809274,250.000031,0.0,48.610931,0.0
17.817933,250.000031,0.0,48.930805,0.0
17.820323,250.000015,0.0,49.250671,0.0
17.838317,250.0,0.0,49.730488,0.0
17.854783,250.000031,0.0,50.370239,0.0
17.862637,250.000015,0.0,50.690125,0.0
17.870352,250.000015,0.0,51.009987,0.0
17.876338,250.0,0.0,51.329865,0.0
17.886159,249.999969,0.0,51.649742,0.0
17.893058,250.0,0.0,51.96962,0.0
17.90273,250.0,0.0,52.289497,0.0
17.92125,250.0,0.0,53.089191,0.0
17.928886,249.999985,0.0,53.409054,0.0
17.937554,249.999985,0.0,53.728939,0.0
17.945795,250.000015,0.0,54.048809,0.0
17.955232,250.0,0.0,54.36869,0.0
17.962947,250.0,0.0,54.848503,0.0
17.974476,250.000031,0.0,55.168381,0.0
17.980642,249.999985,0.0,55.488258,0.0
17.997217,250.000031,0.0,56.128006,0.0
18.004411,250.000015,0.0,56.447887,0.0
18.01179,249.999985,0.0,56.767757,0.0
18.020933,249.999985,0.0,57.087627,0.0
18.028763,250.0,0.0,57.407513,0.0
18.037705,249.999985,0.0,57.727386,0.0
18.045039,249.999985,0.0,58.047253,0.0
18.054133,250.0,0.0,58.367142,0.0
18.060106,250.0,0.0,58.687,0.0
18.077099,250.000015,0.0,59.326778,0.0
18.086332,250.000015,0.0,59.646633,0.0
18.090595,250.000015,0.0,59.966515,0.0
18.102736,250.0,0.0,60.286392,0.0
18.115208,250.0,0.0,60.766197,0.0
18.12199,250.0,0.0,61.08609,0.0
18.129286,250.0,0.0,61.405964,0.0
18.139123,250.000015,0.0,61.72583,0.0
18.144346,249.999969,0.0,62.045712,0.0
18.154678,249.999985,0.0,62.365585,0.0
18.170184,249.999969,0.0,63.005348,0.0
18.174433,250.000015,0.0,63.325211,0.0
18.187065,249.999985,0.0,63.645088,0.0
18.194461,250.0,0.0,63.964966,0.0
18.202794,249.999985,0.0,64.284851,0.0
18.208795,250.0,0.0,64.604713,0.0
18.208795,249.999985,0.0,64.924583,0.0
18.225644,250.000015,0.0,65.244476,0.0
18.234891,249.999985,0.0,65.564339,0.0
18.248803,250.0,0.0,66.204094,0.0
18.257474,250.000015,0.0,66.523972,0.0
18.265393,249.999969,0.0,66.843842,0.0
18.272978,249.999969,0.0,67.163734,0.0
18.280397,250.0,0.0,67.483604,0.0
18.288177,250.0,0.0,67.803467,0.0
18.296744,250.000015,0.0,68.123352,0.0
18.304384,250.0,0.0,68.44323,0.0
18.322215,250.000015,0.0,69.082985,0.0
18.327351,250.000015,0.0,69.402863,0.0
18.339383,250.0,0.0,69.72274,0.0
18.343322,250.000015,0.0,70.04261,0.0
18.354222,250.0,0.0,70.36248,0.0
18.354222,249.999969,0.0,70.682358,0.0
18.370553,249.999985,0.0,71.002235,0.0
18.377914,249.999985,0.0,71.322113,0.0
18.391273,250.000015,0.0,71.801933,0.0
18.402898,250.000015,0.0,72.281731,0.0
18.409851,250.0,0.0,72.601616,0.0
18.427143,250.000015,0.0,73.401306,0.0
18.437533,250.000015,0.0,73.721176,0.0
18.445828,250.0,0.0,74.041054,0.0
18.458496,250.000031,0.0,74.520866,0.0
18.463511,250.000015,0.0,74.840752,0.0
18.474759,249.999969,0.0,75.160622,0.0
18.490453,250.000015,0.0,75.800362,0.0
18.498505,250.0,0.0,76.120247,0.0
18.504299,249.999985,0.0,76.440125,0.0
18.512268,250.000031,0.0,76.76001,0.0
18.520867,250.000015,0.0,77.079857,0.0
18.528657,250.000015,0.0,77.399757,0.0
18.537793,250.000015,0.0,77.719635,0.0
18.554472,249.999969,0.0,78.359375,0.0
18.560378,250.000046,0.0,78.67926,0.0
18.570542,250.0,0.0,78.999123,0.0
18.572731,250.000031,0.0,79.319,0.0
18.587759,249.999985,0.0,79.638885,0.0
18.598726,249.999985,0.0,80.118698,0.0
18.607214,249.999969,0.0,80.438576,0.0
18.622225,250.000015,0.0,81.078331,0.0
18.630853,250.0,0.0,81.398193,0.0
18.637799,249.999985,0.0,81.718079,0.0
18.637799,250.0,0.0,82.037949,0.0
18.655099,250.0,0.0,82.357826,0.0
18.661578,250.000031,0.0,82.677711,0.0
18.670762,250.0,0.0,82.997589,0.0
18.686452,250.0,0.0,83.637329,0.0
18.694051,249.999969,0.0,83.957222,0.0
18.702897,250.000015,0.0,84.277084,0.0
18.708995,249.999985,0.0,84.596947,0.0
18.719225,250.000015,0.0,84.916847,0.0
18.727823,250.000015,0.0,85.396629,0.0
18.738187,250.0,0.0,85.716522,0.0
18.74537,250.000015,0.0,86.036407,0.0
18.770321,250.0,0.0,86.996033,0.0
18.780695,250.0,0.0,87.315903,0.0
18.790803,249.999969,0.0,87.795715,0.0
18.794338,249.999985,0.0,88.115601,0.0
18.805059,250.000015,0.0,88.595398,0.0
18.82281,249.999985,0.0,89.075226,0.0
18.837527,250.000015,0.0,89.714966,0.0
18.845896,250.0,0.0,90.034851,0.0
18.85391,250.000015,0.0,90.354721,0.0
18.859542,250.000015,0.0,90.674583,0.0
18.871571,249.999985,0.0,90.994484,0.0
18.87826,249.999985,0.0,91.314362,0.0
18.887081,249.999985,0.0,91.634216,0.0
18.893471,249.999985,0.0,92.114052,0.0
18.904448,250.0,0.0,92.433914,0.0
18.920999,249.999969,0.0,93.073669,0.0
18.92861,249.999969,0.0,93.393562,0.0
18.93939,250.000015,0.0,93.713417,0.0
18.942564,250.000031,0.0,94.033081,0.0
18.954318,249.999985,0.0,94.509644,0.0
18.965903,249.999985,0.0,94.823471,0.0
18.973663,250.000031,0.0,95.132645,0.0
18.980297,250.000015,0.0,95.435822,0.0
18.997884,249.999985,0.0,96.01889,0.0
19.006296,250.0,0.0,96.296104,0.0
19.009337,249.999985,0.0,96.562004,0.0
19.02111,250.0,0.0,96.816132,0.0
19.028364,250.0,0.0,97.059586,0.0
19.037658,249.999954,0.0,97.293732,0.0
19.046474,249.999985,0.0,97.519844,0.0
19.055291,250.0,0.0,97.738373,0.0
19.070616,249.999985,0.0,98.150879,0.0
19.075755,249.999985,0.0,98.343925,0.0
19.086094,250.0,0.0,98.527557,0.0
19.087989,250.000015,0.0,98.70105,0.0
19.10308,249.999969,0.0,98.862854,0.0
19.110265,250.0,0.0,99.079712,0.0
19.121245,250.0,0.0,99.204651,0.0
19.129212,250.000015,0.0,99.314339,0.0
19.145256,250.0,0.0,99.494965,0.0
19.154031,250.000031,0.0,99.569214,0.0
19.16062,249.999985,0.0,99.63446,0.0
19.170799,249.999969,0.0,99.691895,0.0
19.17446,250.0,0.0,99.742676,0.0
19.186071,250.0,0.0,99.788055,0.0
19.187821,250.0,0.0,99.82914,0.0
19.203019,250.000031,0.0,99.866234,0.0
19.210449,249.999985,0.0,99.898773,0.0
19.210449,250.000015,0.0,99.926155,0.0
19.228961,250.0,0.0,99.957245,0.0
19.248968,249.999985,0.0,99.987328,0.0
19.257499,249.999985,0.0,99.993515,0.0
19.264229,249.999985,0.0,99.997253,0.0
19.270769,250.000031,0.0,99.999199,0.0
19.280059,250.0,0.0,99.999908,0.0
19.28996,249.999969,0.0,100.0,0.0
19.301486,249.999969,0.0,100.0,0.0
19.306483,249.999969,0.0,100.0,0.0
19.322907,249.999969,0.0,100.0,0.0
19.32884,249.999969,0.0,100.0,0.0
19.33877,249.999969,0.0,100.0,0.0
19.343816,249.999969,0.0,100.0,0.0
19.35457,249.999969,0.0,100.0,0.0
19.358931,249.999969,0.0,100.0,0.0
19.369524,249.999969,0.0,100.0,0.0
19.370739,249.999969,0.0,100.0,0.0
19.38643,249.999969,0.0,100.0,0.0
19.398248,249.999969,0.0,100.0,0.0
19.405305,249.999969,0.0,100.0,0.0
19.417425,249.999969,0.0,100.0,0.0
19.425994,249.999969,0.0,100.0,0.0
19.433308,249.999969,0.0,100.0,0.0
19.441024,249.999969,0.0,100.0,0.0
19.448364,249.999969,0.0,100.0,0.0
19.45805,249.999969,0.0,100.0,0.0
19.472966,249.999969,0.0,100.0,0.0
19.498447,249.999969,0.0,100.0,0.0
19.510601,249.999969,0.0,100.0,0.0
19.512568,249.999969,0.0,100.0,0.0
19.527055,249.999969,0.0,100.0,0.0
19.550654,250.000275,0.0,100.0,0.0
19.555514,250.003571,0.0,100.0,0.0
19.571031,250.009811,0.0,100.0,0.0
19.587353,250.037903,0.0,100.0,0.0
19.594811,250.078156,0.0,100.0,0.0
19.605752,250.139908,0.0,100.0,0.0
19.617951,250.195297,0.0,99.999992,0.0
19.62546,250.262589,0.0,100.000008,0.0
19.634331,250.340393,0.0,100.0,0.0
19.63927,250.427551,0.0,100.000008,0.0
19.658615,250.624954,0.0,100.0,0.0
19.660657,250.735367,0.0,100.0,0.0
19.673131,250.85408,0.0,100.0,0.0
19.680059,250.98172,0.0,100.000008,0.0
19.689642,251.118698,0.0,100.0,0.0
19.69651,251.265945,0.0,100.0,0.0
19.704199,251.425217,0.0,100.0,0.0
19.726341,251.887558,0.0,100.0,0.0
19.734124,252.099777,0.0,100.0,0.0
19.737983,252.325363,0.0,100.0,0.0
19.748924,252.562561,0.0,100.0,0.0
19.758184,252.809738,0.0,99.999992,0.0
19.761358,253.065781,0.0,100.0,0.0
19.772846,253.329391,0.0,100.0,0.0
19.789056,253.874435,0.0,100.0,0.0
19.799785,254.153519,0.0,100.0,0.0
19.810298,254.580017,0.0,100.0,0.0
19.816746,254.870453,0.0,100.0,0.0
19.826472,255.166351,0.0,100.0,0.0
19.826472,255.467392,0.0,100.0,0.0
19.842334,255.773041,0.0,100.0,0.0
19.84896,256.08252,0.0,99.999992,0.0
19.857601,256.395294,0.0,100.0,0.0
19.872379,257.028229,0.0,100.0,0.0
19.880714,257.347076,0.0,100.000008,0.0
19.889144,257.666779,0.0,100.000008,0.0
19.898613,257.986633,0.0,100.0,0.0
19.90456,258.306519,0.0,100.0,0.0
19.913907,258.626404,0.0,100.0,0.0
19.921413,258.946289,0.0,100.0,0.0
19.937722,259.586029,0.0,100.0,0.0
19.946228,259.905914,0.0,100.0,0.0
19.954005,260.2258,0.0,100.000008,0.0
19.959957,260.545685,0.0,100.000008,0.0
19.970643,260.865509,0.0,100.0,0.0
19.975149,261.185425,0.0,100.0,0.0
19.98813,261.665222,0.0,100.0,0.0
20.004324,262.305023,0.0,100.0,0.0
20.012268,262.624847,0.0,100.0,0.0
20.021287,262.944733,0.0,100.0,0.0
20.02828,263.264587,0.0,100.0,0.0
20.037949,263.584534,0.0,100.000008,0.0
20.045976,263.904358,0.0,100.0,0.0
20.054159,264.224274,0.0,100.0,0.0
20.075065,265.023926,0.0,100.0,0.0
20.082113,265.343781,0.0,100.0,0.0
20.091005,265.663696,0.0,100.0,0.0
20.095026,265.983551,0.0,100.0,0.0
20.105471,266.463379,0.0,100.0,0.0
20.118002,266.783295,0.0,100.0,0.0
20.126762,267.103149,0.0,100.0,0.0
20.137638,267.582947,0.0,100.0,0.0
20.143764,267.902802,0.0,100.0,0.0
20.155091,268.222656,0.0,100.0,0.0
20.173538,269.182281,0.0,100.0,0.0
20.187849,269.66214,0.0,100.0,0.0
20.198601,269.982025,0.0,100.0,0.0
20.206778,270.30188,0.0,100.0,0.0
20.20982,270.781677,0.0,100.0,0.0
20.228455,271.261475,0.0,100.0,0.0
20.238398,271.58139,0.0,100.0,0.0
20.257649,272.541046,0.0,100.0,0.0
20.269628,272.860901,0.0,100.0,0.0
20.277395,273.180786,0.0,100.0,0.0
20.287132,273.50061,0.0,100.0,0.0
20.298314,273.980469,0.0,100.000008,0.0
20.311244,274.780151,0.0,100.0,0.0
20.327361,275.259979,0.0,100.0,0.0
20.338473,275.739777,0.0,100.0,0.0
20.354821,276.219574,0.0,100.000008,0.0
20.362824,276.539429,0.0,100.0,0.0
20.371678,276.859344,0.0,100.0,0.0
20.389682,277.659027,0.0,100.0,0.0
20.396457,277.978912,0.0,100.0,0.0
20.404014,278.298798,0.0,100.0,0.0
20.41327,278.778625,0.0,100.0,0.0
20.426087,279.098511,0.0,100.0,0.0
20.434082,279.418365,0.0,100.0,0.0
20.438131,279.73822,0.0,100.0,0.0
20.46502,280.378021,0.0,100.0,0.0
20.473969,281.017731,0.0,100.0,0.0
20.482932,281.337585,0.0,100.0,0.0
20.490089,281.657471,0.0,100.000008,0.0
20.497012,281.977325,0.0,100.0,0.0
20.504164,282.297241,0.0,100.0,0.0
20.513278,282.617096,0.0,100.0,0.0
20.529167,283.256866,0.0,100.0,0.0
20.538943,283.576752,0.0,100.0,0.0
20.54324,283.896637,0.0,100.0,0.0
20.554863,284.216461,0.0,100.0,0.0
20.554863,284.536346,0.0,100.0,0.0
20.571796,284.856232,0.0,100.0,0.0
20.578794,285.33606,0.0,100.0,0.0
20.590018,285.815857,0.0,100.0,0.0
20.603016,286.135712,0.0,100.0,0.0
20.614594,286.61554,0.0,100.0,0.0
20.62165,286.935425,0.0,100.0,0.0
20.631033,287.25531,0.0,100.0,0.0
20.638684,287.575165,0.0,100.0,0.0
20.645058,287.89505,0.0,100.0,0.0
20.655107,288.214905,0.0,100.000008,0.0
20.670679,288.854706,0.0,100.0,0.0
20.67712,289.174561,0.0,100.0,0.0
20.685923,289.494415,0.0,100.000008,0.0
20.691726,289.814331,0.0,100.0,0.0
20.70064,290.134216,0.0,100.0,0.0
20.70477,290.454071,0.0,100.0,0.0
20.718771,290.773956,0.0,100.0,0.0
20.739087,291.573639,0.0,100.0,0.0
20.745832,292.053436,0.0,100.0,0.0
20.757638,292.373352,0.0,99.999992,0.0
20.764663,292.693237,0.0,100.0,0.0
20.771843,293.013092,0.0,100.0,0.0
20.78259,293.332947,0.0,100.0,0.0
20.787834,293.652802,0.0,100.000008,0.0
20.805408,294.292572,0.0,100.0,0.0
20.812083,294.612457,0.0,100.0,0.0
20.821399,294.932343,0.0,100.0,0.0
20.828699,295.252197,0.0,100.0,0.0
20.83854,295.572052,0.0,100.0,0.0
20.845229,295.891968,0.0,100.0,0.0
20.855214,296.211823,0.0,100.0,0.0
20.8602,296.531738,0.0,100.0,0.0
20.870939,296.851562,0.0,100.0,0.0
20.881616,297.33139,0.0,100.0,0.0
20.894793,297.971161,0.0,100.0,0.0
20.90664,298.291016,0.0,100.0,0.0
20.919121,298.770844,0.0,100.0,0.0
20.926004,299.250671,0.0,100.0,0.0
20.938181,299.570526,0.0,100.0,0.0
20.94514,299.890411,0.0,100.0,0.0
20.954,300.210297,0.0,100.0,0.0
20.970651,300.850037,0.0,100.0,0.0
20.978747,301.169922,0.0,100.0,0.0
20.986236,301.489777,0.0,100.0,0.0
20.993603,301.809662,0.0,100.0,0.0
21.003984,302.129517,0.0,100.0,0.0
21.010398,302.609344,0.0,100.0,0.0
21.021398,302.92923,0.0,100.0,0.0
21.040376,303.56897,0.0,100.0,0.0
21.044792,304.048798,0.0,100.0,0.0
21.057344,304.368683,0.0,100.0,0.0
21.064863,304.688538,0.0,100.0,0.0
21.074254,305.008423,0.0,100.0,0.0
21.080629,305.328308,0.0,100.0,0.0
21.08793,305.648163,0.0,100.0,0.0
21.104567,306.287933,0.0,100.0,0.0
21.112439,306.607819,0.0,100.0,0.0
21.120891,306.927673,0.0,100.0,0.0
21.128811,307.247559,0.0,100.0,0.0
21.13764,307.567413,0.0,100.0,0.0
21.145287,307.887268,0.0,100.0,0.0
21.154774,308.207184,0.0,100.0,0.0
21.160803,308.5271,0.0,99.999992,0.0
21.177433,309.326752,0.0,100.0,0.0
21.18926,309.646606,0.0,100.0,0.0
21.196271,309.966492,0.0,100.0,0.0
21.20473,310.286377,0.0,100.0,0.0
21.212985,310.606262,0.0,100.0,0.0
21.221461,310.926117,0.0,100.0,0.0
21.2288,311.246002,0.0,100.0,0.0
21.237802,311.565887,0.0,100.0,0.0
21.255012,312.205597,0.0,100.0,0.0
21.261213,312.685455,0.0,100.0,0.0
21.274766,313.00531,0.0,100.0,0.0
21.281115,313.325226,0.0,100.0,0.0
21.289443,313.645081,0.0,100.0,0.0
21.299064,313.964905,0.0,100.0,0.0
21.305825,314.284821,0.0,100.0,0.0
21.321517,314.924622,0.0,100.0,0.0
21.328956,315.244446,0.0,100.0,0.0
21.337893,315.564331,0.0,100.0,0.0
21.344668,315.884216,0.0,100.0,0.0
21.354259,316.204071,0.0,100.0,0.0
21.360353,316.523956,0.0,100.0,0.0
21.374802,317.003784,0.0,100.0,0.0
21.389714,317.643494,0.0,100.0,0.0
21.398261,317.963409,0.0,100.0,0.0
21.404539,318.283264,0.0,100.0,0.0
21.413043,318.603149,0.0,100.0,0.0
21.421413,318.923035,0.0,100.0,0.0
21.428681,319.24292,0.0,100.0,0.0
21.438764,319.562805,0.0,100.0,0.0
21.445244,319.88266,0.0,100.0,0.0
21.460331,320.52243,0.0,99.999992,0.0
21.470861,320.842285,0.0,100.0,0.0
21.479087,321.16217,0.0,100.0,0.0
21.486521,321.481995,0.0,100.0,0.0
21.488059,321.80191,0.0,100.0,0.0
21.503056,322.121765,0.0,100.000008,0.0
21.510454,322.601593,0.0,100.0,0.0
21.521203,322.921478,0.0,100.0,0.0
21.539507,323.561249,0.0,99.999992,0.0
21.550455,324.041046,0.0,100.0,0.0
21.557599,324.360901,0.0,100.0,0.0
21.564852,324.680786,0.0,100.0,0.0
21.574159,325.000641,0.0,100.0,0.0
21.5804,325.320618,0.0,99.999992,0.0
21.588093,325.640411,0.0,100.0,0.0
21.604984,326.280182,0.0,100.0,0.0
21.613024,326.600037,0.0,99.999992,0.0
21.621277,326.919922,0.0,100.0,0.0
21.628729,327.239807,0.0,100.0,0.0
21.637832,327.719574,0.0,100.0,0.0
21.649497,328.03949,0.0,100.0,0.0
21.657408,328.359375,0.0,100.0,0.0
21.674534,328.999115,0.0,100.0,0.0
21.681779,329.319,0.0,100.0,0.0
21.688535,329.638855,0.0,100.0,0.0
21.698187,329.95874,0.0,100.0,0.0
21.706202,330.438568,0.0,100.0,0.0
21.719225,330.758392,0.0,100.0,0.0
21.733198,331.398193,0.0,100.0,0.0
21.741706,331.718048,0.0,100.0,0.0
21.74832,332.037933,0.0,100.000008,0.0
21.758688,332.357849,0.0,99.999992,0.0
21.764524,332.677673,0.0,100.0,0.0
21.77142,332.997589,0.0,99.999992,0.0
21.780465,333.317444,0.0,100.0,0.0
21.788425,333.637329,0.0,100.0,0.0
21.806516,334.277069,0.0,100.0,0.0
21.81275,334.596954,0.0,100.000008,0.0
21.821073,334.91684,0.0,99.999992,0.0
21.828446,335.236725,0.0,100.0,0.0
21.838221,335.55658,0.0,100.0,0.0
21.844435,335.876404,0.0,100.000008,0.0
21.855415,336.19632,0.0,99.999992,0.0
21.859684,336.676178,0.0,99.999992,0.0
21.888268,337.635773,0.0,100.0,0.0
21.89858,337.955627,0.0,100.0,0.0
21.906536,338.275543,0.0,99.999992,0.0
21.912524,338.755371,0.0,99.999992,0.0
21.927756,339.075195,0.0,100.0,0.0
21.937826,339.555023,0.0,100.0,0.0
21.954142,340.194763,0.0,100.0,0.0
21.960929,340.514618,0.0,100.0,0.0
21.970736,340.834503,0.0,100.000008,0.0
21.977595,341.154327,0.0,100.000008,0.0
21.986475,341.474274,0.0,100.0,0.0
21.988513,341.794159,0.0,100.0,0.0
22.002258,342.114014,0.0,100.0,0.0
22.017167,342.753784,0.0,100.0,0.0
22.026145,343.073639,0.0,100.0,0.0
22.026145,343.393524,0.0,100.0,0.0
22.041875,343.713409,0.0,100.0,0.0
22.049378,344.033051,0.0,100.0,0.0
22.057061,344.351379,0.0,100.0,0.0
22.068003,344.667053,0.0,99.999992,0.0
22.081313,345.132629,0.0,100.0,0.0
22.091659,345.584747,0.0,100.0,0.0
22.103379,346.01886,0.0,100.000008,0.0
22.123069,346.69046,0.0,100.0,0.0
22.127127,346.939087,0.0,100.0,0.0
22.137805,347.177734,0.0,100.0,0.0
22.137805,347.407715,0.0,99.999992,0.0
22.154888,347.630066,0.0,100.0,0.0
22.166411,347.948853,0.0,100.0,0.0
22.181759,348.343903,0.0,100.0,0.0
22.190527,348.527557,0.0,100.0,0.0
22.194482,348.70105,0.0,100.0,0.0
22.205062,348.862823,0.0,100.0,0.0
22.213683,349.0112,0.0,100.0,0.0
22.221852,349.144196,0.0,100.0,0.0
22.229083,349.261292,0.0,100.0,0.0
22.237874,349.364014,0.0,100.0,0.0
22.244786,349.454071,0.0,100.0,0.0
22.262303,349.602875,0.0,100.0,0.0
22.27201,349.664062,0.0,100.0,0.0
22.282221,349.742676,0.0,100.0,0.0
22.289937,349.809052,0.0,100.0,0.0
22.306279,349.866272,0.0,100.0,0.0
22.314443,349.898773,0.0,100.0,0.0
22.321031,349.926147,0.0,100.0,0.0
22.338304,349.96524,0.0,100.0,0.0
22.346653,349.978119,0.0,100.0,0.0
22.355267,349.987335,0.0,100.0,0.0
22.360435,349.995667,0.0,100.0,0.0
22.374223,349.998413,0.0,100.0,0.0
22.382393,349.999695,0.0,100.0,0.0
22.389353,350.0,0.0,100.0,0.0
22.40448,350.0,0.0,100.0,0.0
22.412966,350.0,0.0,100.0,0.0
22.421503,350.0,0.0,100.0,0.0
22.429106,350.0,0.0,100.0,0.0
22.438272,350.0,0.0,100.0,0.0
22.444779,350.0,0.0,100.0,0.0
22.455019,350.0,0.0,100.0,0.0
22.462841,350.0,0.0,100.0,0.0
22.47202,350.0,0.0,100.0,0.0
22.482667,350.0,0.0,100.0,0.0
22.488935,350.0,0.0,100.0,0.0
22.496452,350.0,0.0,100.0,0.0
22.510346,350.0,0.0,100.0,0.0
22.517249,350.0,0.0,100.0,0.0
22.521761,350.0,0.0,100.0,0.0
22.532819,350.0,0.0,100.0,0.0
22.541274,350.0,0.0,100.0,0.0
22.549,350.0,0.0,100.0,0.0
22.558039,350.0,0.0,100.0,0.0
22.564138,350.0,0.0,100.0,0.0
22.572855,350.0,0.0,100.0,0.0
22.582769,350.0,0.0,100.0,0.0
22.589392,350.0,0.0,100.0,0.0
22.597142,350.0,0.0,100.0,0.0
22.606178,350.0,0.0,100.0,0.0
22.613648,350.0,0.0,100.0,0.0
22.627282,350.0,0.0,100.0,0.0
22.660394,350.0,0.0,100.0,0.0
22.671254,350.0,0.0,100.0,0.0
22.682839,350.0,0.0,100.0,0.0
22.702703,350.0,0.0,99.999725,0.0
22.717241,349.999969,0.0,99.993813,0.0
22.728093,350.0,0.0,99.979187,0.0
22.738575,350.000031,0.0,99.962036,0.0
22.743564,350.0,0.0,99.937378,0.0
22.755005,350.000031,0.0,99.903831,0.0
22.758589,350.0,0.0,99.860046,0.0
22.770962,350.0,0.0,99.804642,0.0
22.778418,349.999969,0.0,99.737396,0.0
22.793459,349.999969,0.0,99.525848,0.0
22.806769,350.0,0.0,99.4272,0.0
22.812279,350.0,0.0,99.320831,0.0
22.821557,350.000031,0.0,99.206329,0.0
22.828999,350.0,0.0,99.01825,0.0
22.842629,350.000031,0.0,98.881248,0.0
22.848984,350.0,0.0,98.734024,0.0
22.854181,350.0,0.0,98.574768,0.0
22.87102,349.999969,0.0,98.309349,0.0
22.887304,350.0,0.0,97.900208,0.0
22.893335,350.0,0.0,97.674591,0.0
22.903012,350.0,0.0,97.437439,0.0
22.914647,350.0,0.0,97.063232,0.0
22.922446,350.0,0.0,96.803268,0.0
22.928799,350.0,0.0,96.536354,0.0
22.938587,350.0,0.0,96.263672,0.0
22.954244,350.0,0.0,95.705414,0.0
22.963047,350.0,0.0,95.419968,0.0
22.969985,350.0,0.0,95.129532,0.0
22.978156,350.0,0.0,94.833618,0.0
22.986633,350.0,0.0,94.532555,0.0
22.994279,350.0,0.0,94.226952,0.0
23.003293,350.0,0.0,93.91745,0.0
23.009934,350.0,0.0,93.604645,0.0
23.025346,350.0,0.0,92.971741,0.0
23.032058,350.0,0.0,92.652847,0.0
23.042169,350.0,0.0,92.333176,0.0
23.048946,350.0,0.0,92.013306,0.0
23.057637,350.0,0.0,91.69342,0.0
23.064226,350.0,0.0,91.37355,0.0
23.073097,350.0,0.0,91.05368,0.0
23.089404,350.000031,0.0,90.413925,0.0
23.097056,350.000031,0.0,90.094048,0.0
23.104595,350.0,0.0,89.774162,0.0
23.1143,349.999969,0.0,89.4543,0.0
23.121702,350.0,0.0,89.13443,0.0
23.129072,350.000031,0.0,88.814537,0.0
23.1381,350.0,0.0,88.494659,0.0
23.155054,350.0,0.0,87.854927,0.0
23.160072,350.000031,0.0,87.535027,0.0
23.17057,350.0,0.0,87.215157,0.0
23.178931,350.0,0.0,86.895287,0.0
23.186234,350.0,0.0,86.575417,0.0
23.187687,350.0,0.0,86.255539,0.0
23.203197,349.999969,0.0,85.935677,0.0
23.211237,349.999969,0.0,85.615791,0.0
23.226968,350.000031,0.0,84.976044,0.0
23.233644,350.0,0.0,84.656158,0.0
23.238209,349.999969,0.0,84.336281,0.0
23.24973,350.000031,0.0,84.016418,0.0
23.257408,350.0,0.0,83.696526,0.0
23.264344,350.0,0.0,83.376656,0.0
23.274017,350.000031,0.0,83.056778,0.0
23.280407,349.999969,0.0,82.736916,0.0
23.289519,350.000031,0.0,82.417023,0.0
23.304895,350.0,0.0,81.777283,0.0
23.312904,349.999969,0.0,81.457397,0.0
23.321317,350.0,0.0,81.137527,0.0
23.328919,350.0,0.0,80.817657,0.0
23.337943,350.0,0.0,80.497772,0.0
23.344378,350.0,0.0,80.177887,0.0
23.354459,350.0,0.0,79.858032,0.0
23.359628,350.0,0.0,79.538147,0.0
23.371902,350.000031,0.0,79.058334,0.0
23.381433,350.000031,0.0,78.738464,0.0
23.387937,350.000031,0.0,78.418571,0.0
23.404912,350.0,0.0,77.778839,0.0
23.413156,350.0,0.0,77.458954,0.0
23.422556,350.0,0.0,77.139069,0.0
23.430131,349.999969,0.0,76.819199,0.0
23.439615,350.0,0.0,76.499329,0.0
23.444124,350.0,0.0,76.019501,0.0
23.459158,350.0,0.0,75.539703,0.0
23.471389,350.0,0.0,74.899948,0.0
23.486383,350.0,0.0,74.58007,0.0
23.494308,350.0,0.0,74.260193,0.0
23.503198,350.0,0.0,73.940315,0.0
23.510206,350.000031,0.0,73.460495,0.0
23.526754,350.000031,0.0,72.98069,0.0
23.5394,350.0,0.0,72.500877,0.0
23.544581,349.999969,0.0,72.021065,0.0
23.558789,350.0,0.0,71.541252,0.0
23.575112,350.000031,0.0,70.901489,0.0
23.587175,350.0,0.0,70.581619,0.0
23.59897,350.000031,0.0,70.101807,0.0
23.606693,350.0,0.0,69.781929,0.0
23.612857,350.0,0.0,69.462059,0.0
23.621577,350.0,0.0,69.142181,0.0
23.631723,350.0,0.0,68.822304,0.0
23.652694,350.0,0.0,68.022606,0.0
23.655112,350.000031,0.0,67.542786,0.0
23.674639,350.0,0.0,67.062988,0.0
23.686774,350.0,0.0,66.583176,0.0
23.694503,350.0,0.0,66.263298,0.0
23.701113,350.0,0.0,65.943428,0.0
23.714659,350.000031,0.0,65.4636,0.0
23.722647,350.0,0.0,65.14373,0.0
23.730806,350.0,0.0,64.823853,0.0
23.73851,349.999939,0.0,64.503998,0.0
23.744909,350.0,0.0,64.184105,0.0
23.754584,350.0,0.0,63.864227,0.0
23.771096,350.0,0.0,63.224472,0.0
23.776506,350.0,0.0,62.904606,0.0
23.788737,350.0,0.0,62.424793,0.0
23.79797,350.0,0.0,62.104908,0.0
23.807082,350.000031,0.0,61.785023,0.0
23.810196,350.0,0.0,61.46516,0.0
23.8216,349.999969,0.0,61.145287,0.0
23.838296,350.0,0.0,60.345596,0.0
23.849588,350.0,0.0,60.025719,0.0
23.859182,350.0,0.0,59.705841,0.0
23.871112,350.000031,0.0,59.226017,0.0
23.876881,350.0,0.0,58.746227,0.0
23.890222,350.0,0.0,58.426334,0.0
23.897415,350.0,0.0,58.106464,0.0
23.915097,350.0,0.0,57.466709,0.0
23.92155,350.0,0.0,57.146832,0.0
23.928942,350.0,0.0,56.826969,0.0
23.938038,349.999969,0.0,56.507088,0.0
23.944814,350.0,0.0,56.187214,0.0
23.954487,350.000031,0.0,55.867317,0.0
23.962474,350.0,0.0,55.547455,0.0
23.970511,349.999969,0.0,55.227596,0.0
23.985908,350.0,0.0,54.587822,0.0
23.99005,350.0,0.0,54.267952,0.0
24.002922,350.0,0.0,53.948071,0.0
24.010601,350.0,0.0,53.628212,0.0
24.011846,350.0,0.0,53.308334,0.0
24.025675,350.0,0.0,52.988445,0.0
24.033551,350.000031,0.0,52.668575,0.0
24.038815,350.0,0.0,52.348694,0.0
24.058442,350.0,0.0,51.708946,0.0
24.064601,350.0,0.0,51.389072,0.0
24.07386,350.0,0.0,51.069206,0.0
24.082572,350.0,0.0,50.749321,0.0
24.089658,350.0,0.0,50.429455,0.0
24.096415,350.0,0.0,50.109577,0.0
24.106543,350.0,0.0,49.789692,0.0
24.121287,350.000031,0.0,49.149925,0.0
24.129258,350.000031,0.0,48.830059,0.0
24.138352,350.0,0.0,48.350246,0.0
24.14902,350.0,0.0,48.030373,0.0
24.157274,350.000031,0.0,47.710484,0.0
24.16502,350.0,0.0,47.390621,0.0
24.172199,350.0,0.0,47.070744,0.0
24.188798,350.0,0.0,46.431,0.0
24.197078,350.0,0.0,46.111122,0.0
24.204731,350.0,0.0,45.791241,0.0
24.212371,350.0,0.0,45.471363,0.0
24.221321,350.0,0.0,45.151493,0.0
24.228848,350.0,0.0,44.831623,0.0
24.23904,350.0,0.0,44.511745,0.0
24.244594,350.0,0.0,44.191864,0.0
24.254816,350.000031,0.0,43.712036,0.0
24.271872,350.000031,0.0,43.072289,0.0
24.280823,350.000031,0.0,42.752426,0.0
24.288225,350.000031,0.0,42.432541,0.0
24.297617,350.0,0.0,42.112663,0.0
24.306679,350.0,0.0,41.792797,0.0
24.310152,350.0,0.0,41.472912,0.0
24.32278,350.0,0.0,41.153049,0.0
24.342111,350.0,0.0,40.353352,0.0
24.348769,350.0,0.0,40.033478,0.0
24.355051,350.000031,0.0,39.713604,0.0
24.365786,350.0,0.0,39.393719,0.0
24.37394,350.0,0.0,39.073853,0.0
24.380988,350.0,0.0,38.753975,0.0
24.388275,350.0,0.0,38.434101,0.0
24.405002,350.0,0.0,37.794338,0.0
24.413691,350.000031,0.0,37.474468,0.0
24.422897,350.0,0.0,37.154602,0.0
24.430444,350.0,0.0,36.834717,0.0
24.43811,350.000031,0.0,36.514835,0.0
24.43811,350.0,0.0,36.194962,0.0
24.455117,350.0,0.0,35.875084,0.0
24.474529,350.0,0.0,35.075397,0.0
24.481384,350.0,0.0,34.755527,0.0
24.490125,350.0,0.0,34.435661,0.0
24.498747,349.999969,0.0,34.115784,0.0
24.50465,350.0,0.0,33.795895,0.0
24.512647,350.0,0.0,33.476017,0.0
24.522401,349.999969,0.0,33.156155,0.0
24.538509,350.0,0.0,32.356464,0.0
24.550556,350.0,0.0,32.036587,0.0
24.558778,350.0,0.0,31.716711,0.0
24.565224,349.999969,0.0,31.396841,0.0
24.57204,350.0,0.0,31.076948,0.0
24.582693,350.0,0.0,30.757076,0.0
24.589864,350.0,0.0,30.277264,0.0
24.605773,349.999969,0.0,29.637516,0.0
24.617027,350.0,0.0,29.317642,0.0
24.621586,350.0,0.0,28.997753,0.0
24.633623,350.0,0.0,28.677885,0.0
24.641558,350.0,0.0,28.358013,0.0
24.649005,349.999969,0.0,28.038134,0.0
24.657886,350.0,0.0,27.718264,0.0
24.664453,350.0,0.0,27.398392,0.0
24.672568,350.0,0.0,27.078508,0.0
24.691222,350.000031,0.0,26.43874,0.0
24.695386,350.0,0.0,26.118881,0.0
24.706216,350.0,0.0,25.639059,0.0
24.717898,350.0,0.0,25.319195,0.0
24.721564,350.0,0.0,24.999317,0.0
24.733674,349.999969,0.0,24.679447,0.0
24.743553,350.0,0.0,24.359556,0.0
24.758995,350.0,0.0,23.559883,0.0
24.769814,350.0,0.0,23.240002,0.0
24.779133,350.0,0.0,22.920126,0.0
24.787174,350.0,0.0,22.600248,0.0
24.793364,350.0,0.0,22.280369,0.0
24.800973,350.0,0.0,21.960493,0.0
24.804219,350.0,0.0,21.640619,0.0
24.824465,350.0,0.0,21.000877,0.0
24.833049,350.0,0.0,20.681005,0.0
24.83836,350.0,0.0,20.36112,0.0
24.848884,349.999969,0.0,20.041248,0.0
24.857737,350.0,0.0,19.721359,0.0
24.864698,350.0,0.0,19.401484,0.0
24.87487,350.0,0.0,19.081615,0.0
24.889975,350.0,0.0,18.281933,0.0
24.902457,350.0,0.0,17.962048,0.0
24.910934,349.999969,0.0,17.482235,0.0
24.921447,350.0,0.0,17.16235,0.0
24.928484,350.0,0.0,16.842482,0.0
24.93914,350.0,0.0,16.522598,0.0
24.954326,349.999969,0.0,15.882854,0.0
24.960583,350.0,0.0,15.562976,0.0
24.971009,350.0,0.0,15.2431,0.0
24.979092,349.999969,0.0,14.923248,0.0
24.986569,350.0,0.0,14.603347,0.0
24.993285,350.0,0.0,14.283456,0.0
25.001337,350.0,0.0,13.963599,0.0
25.009979,350.0,0.0,13.643732,0.0
25.016016,350.0,0.0,13.323849,0.0
25.034938,350.0,0.0,12.684088,0.0
25.040953,350.0,0.0,12.364221,0.0
25.051123,349.999969,0.0,12.044353,0.0
25.059365,350.0,0.0,11.724475,0.0
25.063647,350.0,0.0,11.404596,0.0
25.074178,349.999969,0.0,11.084726,0.0
25.081174,350.0,0.0,10.764843,0.0
25.088265,350.0,0.0,10.444958,0.0
25.110863,350.0,0.0,9.485344,0.0
25.122642,350.0,0.0,9.165467,0.0
25.127824,349.999969,0.0,8.845595,0.0
25.138282,350.0,0.0,8.525704,0.0
25.146909,350.0,0.0,8.205835,0.0
25.154984,350.000031,0.0,7.885947,0.0
25.161884,349.999969,0.0,7.566091,0.0
25.170314,350.0,0.0,7.246201,0.0
25.187948,350.0,0.0,6.606447,0.0
25.196118,350.0,0.0,6.126658,0.0
25.20536,350.0,0.0,5.807508,0.0
25.213819,350.0,0.0,5.490358,0.0
25.221589,350.0,0.0,5.176528,0.0
25.229031,349.999969,0.0,4.867363,0.0
25.238575,350.0,0.0,4.564182,0.0
25.254321,350.0,0.0,3.981115,0.0
25.264705,350.000031,0.0,3.703889,0.0
25.274987,349.999969,0.0,3.309532,0.0
25.277991,349.999969,0.0,3.060908,0.0
25.288918,350.0,0.0,2.822249,0.0
25.299136,350.0,0.0,2.592263,0.0
25.306886,350.0,0.0,2.369917,0.0
25.322911,350.0,0.0,1.949029,0.0
25.327984,350.0,0.0,1.751447,0.0
25.33843,349.999969,0.0,1.563047,0.0
25.33843,350.0,0.0,1.38435,0.0
25.355134,350.0,0.0,1.216477,0.0
25.362792,350.0,0.0,1.061174,0.0
25.374889,349.999969,0.0,0.85581,0.0
25.377927,350.0,0.0,0.738698,0.0
25.390314,350.0,0.0,0.63601,0.0
25.410114,350.0,0.0,0.430798,0.0
25.418702,350.0,0.0,0.365538,0.0
25.424771,350.0,0.0,0.308134,0.0
25.433392,349.999969,0.0,0.257322,0.0
25.438175,350.0,0.0,0.21196,0.0
25.449736,350.0,0.0,0.170873,0.0
25.461854,350.0,0.0,0.101234,0.0
25.473616,350.0,0.0,0.073852,0.0
25.480079,350.0,0.0,0.051885,0.0
25.4898,350.0,0.0,0.034748,0.0
25.496974,349.999969,0.0,0.021897,0.0
25.504867,349.999969,0.0,0.01268,0.0
25.515012,350.0,0.0,0.00649,0.0
25.521703,350.0,0.0,0.00274,0.0
25.539367,350.0,0.0,0.000105,0.0
25.544563,350.0,0.0,-8e-06,0.0
25.554569,350.0,0.0,-8e-06,0.0
25.559776,350.0,0.0,-8e-06,0.0
25.570982,350.0,0.0,-8e-06,0.0
25.575705,350.0,0.0,-8e-06,0.0
25.586761,350.0,0.0,-8e-06,0.0
25.595265,350.0,0.0,-8e-06,0.0
25.601191,350.0,0.0,-8e-06,0.0
25.610275,350.0,0.0,-8e-06,0.0
25.618138,350.0,0.0,-8e-06,0.0
25.625826,350.0,0.0,-8e-06,0.0
25.632545,350.0,0.0,-8e-06,0.0
25.640997,350.0,0.0,-8e-06,0.0
25.648794,350.0,0.0,-8e-06,0.0
25.658917,350.0,0.0,-8e-06,0.0
25.667333,350.0,0.0,-8e-06,0.0
25.673033,350.0,0.0,-8e-06,0.0
25.681058,350.0,0.0,-8e-06,0.0
25.688903,350.0,0.0,-8e-06,0.0
25.697407,350.0,0.0,-8e-06,0.0
25.707357,350.0,0.0,-8e-06,0.0
25.714899,350.0,0.0,-8e-06,0.0
25.72148,350.0,0.0,-8e-06,0.0
25.728306,350.0,0.0,-8e-06,0.0
25.738004,350.0,0.0,-8e-06,0.0
25.744983,350.0,0.0,-8e-06,0.0
25.76198,350.0,0.0,-8e-06,0.0
25.786663,350.0,0.0,-8e-06,0.0
25.798967,350.0,0.0,-8e-06,0.0
25.805422,350.0,0.0,-8e-06,0.0
25.822622,350.0,0.0,-8e-06,0.0
25.838603,349.999756,0.0,-2e-05,0.0
25.848003,349.998138,0.0,-2e-05,0.0
25.859253,349.990173,0.0,2e-06,0.0
25.870728,349.971466,0.0,-2.6e-05,0.0
25.878025,349.950745,0.0,3e-06,0.0
25.886898,349.921814,0.0,-2.7e-05,0.0
25.888953,349.883301,0.0,-2.1e-05,0.0
25.910386,349.737396,0.0,-6e-06,0.0
25.921911,349.659546,0.0,-4e-06,0.0
25.931162,349.572449,0.0,-5e-06,0.0
25.939173,349.477448,0.0,1.3e-05,0.0
25.94667,349.375,0.0,-1e-05,0.0
25.954636,349.264679,0.0,-0.0,0.0
25.961617,349.145874,0.0,-5e-06,0.0
25.970213,349.01825,0.0,4e-06,0.0
25.985852,348.734009,0.0,-1.2e-05,0.0
25.995543,348.574768,0.0,2e-06,0.0
26.003902,348.401672,0.0,6e-06,0.0
26.01018,348.112396,0.0,-4e-06,0.0
26.023424,347.900238,0.0,-7e-06,0.0
26.02792,347.674561,0.0,9e-06,0.0
26.039187,347.437469,0.0,-2e-05,0.0
26.047306,347.190216,0.0,-1.2e-05,0.0
26.056285,346.670593,0.0,-8e-06,0.0
26.07022,346.400635,0.0,-1.3e-05,0.0
26.078043,346.12558,0.0,-8e-06,0.0
26.090232,345.705414,0.0,1e-06,0.0
26.095131,345.419922,0.0,3e-06,0.0
26.105235,345.129517,0.0,-2e-06,0.0
26.114115,344.833618,0.0,-1.2e-05,0.0
26.121768,344.532532,0.0,-5e-06,0.0
26.143092,343.761414,0.0,-6e-06,0.0
26.150474,343.447235,0.0,4e-06,0.0
26.158727,343.130676,0.0,-2e-06,0.0
26.16549,342.812439,0.0,-1.4e-05,0.0
26.173333,342.493073,0.0,-1.4e-05,0.0
26.180305,342.173248,0.0,-7e-06,0.0
26.189814,341.853363,0.0,-5e-06,0.0
26.206161,341.213593,0.0,4e-06,0.0
26.214981,340.893738,0.0,-1.4e-05,0.0
26.221449,340.573853,0.0,-1.5e-05,0.0
26.229496,340.254028,0.0,-1.6e-05,0.0
26.2382,339.934113,0.0,-5e-06,0.0
26.245592,339.614227,0.0,-8e-06,0.0
26.254751,339.294373,0.0,-0.0,0.0
26.260837,338.974487,0.0,7e-06,0.0
26.278626,338.334717,0.0,-2.1e-05,0.0
26.286833,338.014862,0.0,-4e-06,0.0
26.290133,337.694977,0.0,1e-06,0.0
26.303442,337.375092,0.0,-2e-06,0.0
26.315012,336.895294,0.0,-2e-06,0.0
26.323118,336.575409,0.0,9e-06,0.0
26.339189,335.935669,0.0,-1e-06,0.0
26.345523,335.455841,0.0,-3e-06,0.0
26.357955,335.135986,0.0,-8e-06,0.0
26.365919,334.816101,0.0,7e-06,0.0
26.372982,334.496216,0.0,-5e-06,0.0
26.38057,334.176331,0.0,-1.7e-05,0.0
26.390331,333.856445,0.0,1.5e-05,0.0
26.404989,333.216705,0.0,5e-06,0.0
26.412523,332.89682,0.0,-2e-06,0.0
26.421704,332.576965,0.0,-2e-06,0.0
26.429047,332.25708,0.0,-3e-06,0.0
26.438884,331.937225,0.0,0.0,0.0
26.450733,331.457397,0.0,-6e-06,0.0
26.457972,331.137482,0.0,4e-06,0.0
26.465518,330.817657,0.0,-1e-06,0.0
26.472824,330.497772,0.0,0.0,0.0
26.48284,330.177887,0.0,5e-06,0.0
26.503398,329.378204,0.0,-2e-06,0.0
26.510461,328.898407,0.0,-1.7e-05,0.0
26.522179,328.418579,0.0,-1.5e-05,0.0
26.533635,328.098694,0.0,-4e-06,0.0
26.543051,327.618927,0.0,-5e-06,0.0
26.554528,327.299011,0.0,-1.2e-05,0.0
26.555229,326.979126,0.0,-1.9e-05,0.0
26.578356,326.179443,0.0,-7e-06,0.0
26.590999,325.699646,0.0,-3e-06,0.0
26.603396,325.379761,0.0,-1.5e-05,0.0
26.610933,325.059875,0.0,-4e-06,0.0
26.618619,324.73999,0.0,1e-05,0.0
26.624841,324.420135,0.0,-6e-06,0.0
26.632574,324.10025,0.0,6e-06,0.0
26.642854,323.780396,0.0,-5e-06,0.0
26.657408,323.140594,0.0,1.2e-05,0.0
26.665076,322.82074,0.0,5e-06,0.0
26.674845,322.500916,0.0,-2.9e-05,0.0
26.682444,322.181,0.0,-2e-06,0.0
26.691298,321.861115,0.0,-1e-05,0.0
26.697416,321.381317,0.0,-3e-06,0.0
26.710618,321.061432,0.0,-4e-06,0.0
26.722089,320.421692,0.0,8e-06,0.0
26.735283,320.101776,0.0,1.2e-05,0.0
26.74196,319.781921,0.0,-6e-06,0.0
26.748935,319.462067,0.0,-1.3e-05,0.0
26.75804,319.142181,0.0,7e-06,0.0
26.76437,318.822296,0.0,-5e-06,0.0
26.774677,318.502441,0.0,-8e-06,0.0
26.79026,317.862671,0.0,2e-06,0.0
26.797579,317.542786,0.0,5e-06,0.0
26.804919,317.222931,0.0,6e-06,0.0
26.812781,316.903046,0.0,-3e-06,0.0
26.821613,316.58313,0.0,8e-06,0.0
26.828889,316.263306,0.0,-0.0,0.0
26.839322,315.94342,0.0,-6e-06,0.0
26.84708,315.623535,0.0,-0.0,0.0
26.863392,314.823853,0.0,9e-06,0.0
26.874017,314.344055,0.0,1e-06,0.0
26.890462,313.864227,0.0,6e-06,0.0
26.898227,313.544342,0.0,-2e-06,0.0
26.90731,313.224487,0.0,-3e-06,0.0
26.915193,312.904602,0.0,0.0,0.0
26.922684,312.584717,0.0,-2e-06,0.0
26.939403,311.945007,0.0,-1.2e-05,0.0
26.953403,311.465118,0.0,5e-06,0.0
26.957208,310.985352,0.0,-5e-06,0.0
26.970457,310.665436,0.0,7e-06,0.0
26.977663,310.345581,0.0,-6e-06,0.0
26.987061,310.025726,0.0,2e-06,0.0
26.993076,309.705841,0.0,6e-06,0.0
27.005069,309.066132,0.0,-1.4e-05,0.0
27.019051,308.746216,0.0,-2e-06,0.0
27.023937,308.266388,0.0,-2e-06,0.0
27.038569,307.946503,0.0,0.0,0.0
27.045792,307.626648,0.0,-7e-06,0.0
27.05501,307.306763,0.0,-8e-06,0.0
27.060923,306.986908,0.0,5e-06,0.0
27.077572,306.347168,0.0,-1.4e-05,0.0
27.087332,306.027283,0.0,-1.5e-05,0.0
27.095104,305.707397,0.0,0.0,0.0
27.103557,305.387482,0.0,-0.0,0.0
27.110835,304.907684,0.0,1.2e-05,0.0
27.12745,304.427887,0.0,5e-06,0.0
27.131064,304.107971,0.0,6e-06,0.0
27.142494,303.788147,0.0,5e-06,0.0
27.148876,303.468262,0.0,-2e-06,0.0
27.166947,302.828522,0.0,4e-06,0.0
27.17318,302.508606,0.0,6e-06,0.0
27.180822,302.188751,0.0,-1.5e-05,0.0
27.189716,301.868896,0.0,-7e-06,0.0
27.196847,301.548981,0.0,-3e-06,0.0
27.205211,301.229095,0.0,5e-06,0.0
27.212586,300.909271,0.0,3e-06,0.0
27.223025,300.429413,0.0,7e-06,0.0
27.242358,299.789703,0.0,-5e-06,0.0
27.244405,299.469788,0.0,4e-06,0.0
27.25788,299.149902,0.0,3e-06,0.0
27.264609,298.830078,0.0,9e-06,0.0
27.271703,298.510193,0.0,-1e-06,0.0
27.281091,298.190308,0.0,5e-06,0.0
27.289217,297.870422,0.0,-3e-06,0.0
27.30729,297.230682,0.0,9e-06,0.0
27.313557,296.910797,0.0,-4e-06,0.0
27.321267,296.590942,0.0,-4e-06,0.0
27.330967,296.271057,0.0,-1.2e-05,0.0
27.339432,295.951172,0.0,-9e-06,0.0
27.346058,295.471405,0.0,-1.4e-05,0.0
27.358188,294.991547,0.0,-6e-06,0.0
27.375602,294.351807,0.0,-8e-06,0.0
27.386145,294.031921,0.0,-0.0,0.0
27.395394,293.712006,0.0,1e-06,0.0
27.403504,293.392181,0.0,-1e-06,0.0
27.410408,293.072296,0.0,-8e-06,0.0
27.41774,292.752411,0.0,-3e-06,0.0
27.422276,292.432556,0.0,-7e-06,0.0
27.432837,292.112671,0.0,1e-05,0.0
27.442526,291.792786,0.0,1e-06,0.0
27.457417,291.153015,0.0,3e-06,0.0
27.465331,290.83316,0.0,5e-06,0.0
27.473156,290.513306,0.0,4e-06,0.0
27.480283,290.19342,0.0,-3e-06,0.0
27.489771,289.873505,0.0,1e-05,0.0
27.498981,289.55365,0.0,-1.7e-05,0.0
27.505379,289.233795,0.0,-8e-06,0.0
27.521567,288.594025,0.0,3e-06,0.0
27.529139,288.27417,0.0,7e-06,0.0
27.538449,287.954254,0.0,1.6e-05,0.0
27.545281,287.634399,0.0,-1.6e-05,0.0
27.554871,287.314545,0.0,-1.4e-05,0.0
27.561617,286.99469,0.0,-1.5e-05,0.0
27.571491,286.674774,0.0,-1e-05,0.0
27.578064,286.194977,0.0,-5e-06,0.0
27.590929,285.715118,0.0,6e-06,0.0
27.600892,285.395233,0.0,2e-06,0.0
27.609847,284.755524,0.0,-1.3e-05,0.0
27.626107,284.435638,0.0,-2e-06,0.0
27.633344,284.115784,0.0,-6e-06,0.0
27.638433,283.635956,0.0,-8e-06,0.0
27.654581,283.316101,0.0,-1.3e-05,0.0
27.659798,282.996216,0.0,1e-05,0.0
27.671211,282.676331,0.0,-4e-06,0.0
27.67805,282.356445,0.0,-7e-06,0.0
27.695599,281.556763,0.0,-2.2e-05,0.0
27.705872,281.236908,0.0,-1e-06,0.0
27.713716,280.917023,0.0,-1.8e-05,0.0
27.722367,280.597137,0.0,1.2e-05,0.0
27.727415,280.277252,0.0,0.0,0.0
27.738817,279.957397,0.0,-4e-06,0.0
27.738817,279.637512,0.0,-8e-06,0.0
27.755001,279.317627,0.0,-1e-05,0.0
27.762343,278.997803,0.0,3e-06,0.0
27.771384,278.677887,0.0,2e-06,0.0
27.787125,278.038147,0.0,4e-06,0.0
27.794036,277.718262,0.0,-1e-06,0.0
27.803682,277.398376,0.0,-5e-06,0.0
27.810757,277.078522,0.0,-6e-06,0.0
27.817088,276.758636,0.0,-3e-06,0.0
27.827035,276.278809,0.0,-1.6e-05,0.0
27.838968,275.958984,0.0,-5e-06,0.0
27.845022,275.639069,0.0,-3e-06,0.0
27.871348,274.679443,0.0,-8e-06,0.0
27.878604,274.359528,0.0,7e-06,0.0
27.886856,274.039673,0.0,-5e-06,0.0
27.893306,273.559875,0.0,-2e-06,0.0
27.90592,273.23999,0.0,3e-06,0.0
27.913214,272.920166,0.0,-1.6e-05,0.0
27.922808,272.60025,0.0,-2e-06,0.0
27.938901,271.960449,0.0,-8e-06,0.0
27.947429,271.640594,0.0,6e-06,0.0
27.955744,271.32074,0.0,-3e-06,0.0
27.960852,271.000854,0.0,1e-06,0.0
27.971213,270.680969,0.0,-6e-06,0.0
27.97612,270.361115,0.0,1e-06,0.0
27.986894,270.041229,0.0,-1.5e-05,0.0
27.994478,269.721405,0.0,-9e-06,0.0
28.011244,268.921661,0.0,-8e-06,0.0
28.02178,268.601807,0.0,5e-06,0.0
28.029618,268.281921,0.0,2e-06,0.0
28.038652,267.962036,0.0,-0.0,0.0
28.044218,267.642181,0.0,1.2e-05,0.0
28.055207,267.322296,0.0,-5e-06,0.0
28.055207,267.00238,0.0,7e-06,0.0
28.071842,266.682556,0.0,3e-06,0.0
28.082858,266.202728,0.0,-4e-06,0.0
28.088808,265.882843,0.0,1.2e-05,0.0
28.103075,265.403046,0.0,1e-06,0.0
28.122677,264.603363,0.0,-8e-06,0.0
28.128476,264.283478,0.0,-1e-06,0.0
28.139398,263.963593,0.0,-2e-06,0.0
28.147281,263.643677,0.0,7e-06,0.0
28.154806,263.323853,0.0,3e-06,0.0
28.160277,263.003998,0.0,-6e-06,0.0
28.170238,262.684082,0.0,-2e-06,0.0
28.189054,261.884369,0.0,7e-06,0.0
28.197078,261.564514,0.0,-9e-06,0.0
28.207585,261.244659,0.0,1e-06,0.0
28.210743,260.924774,0.0,-1e-06,0.0
28.221834,260.604889,0.0,-5e-06,0.0
28.22918,260.285034,0.0,4e-06,0.0
28.238747,259.965179,0.0,-1.9e-05,0.0
28.246293,259.645264,0.0,-0.0,0.0
28.254644,259.325409,0.0,4e-06,0.0
28.261762,259.005524,0.0,-1e-06,0.0
28.277774,258.365753,0.0,3e-06,0.0
28.288002,258.045929,0.0,-7e-06,0.0
28.296001,257.566101,0.0,-4e-06,0.0
28.306355,257.246185,0.0,2e-06,0.0
28.31322,256.926361,0.0,5e-06,0.0
28.322302,256.606445,0.0,-3e-06,0.0
28.329569,256.286621,0.0,-4e-06,0.0
28.338751,255.966919,0.0,2e-06,0.0
28.345357,255.648605,0.0,1e-06,0.0
28.362508,254.867371,0.0,-7e-06,0.0
28.373653,254.564194,0.0,-5e-06,0.0
28.382895,254.268326,0.0,3e-06,0.0
28.388881,253.981094,0.0,1.6e-05,0.0
28.397172,253.703903,0.0,-7e-06,0.0
28.406531,253.437988,0.0,5e-06,0.0
28.413046,253.183899,0.0,5e-06,0.0
28.421525,252.940414,0.0,5e-06,0.0
28.438511,252.480148,0.0,5e-06,0.0
28.444043,252.261627,0.0,-0.0,0.0
28.454646,252.051117,0.0,-4e-06,0.0
28.462779,251.849136,0.0,-1e-05,0.0
28.471351,251.656082,0.0,1e-06,0.0
28.477872,251.384354,0.0,-1e-05,0.0
28.48918,251.216476,0.0,-6e-06,0.0
28.496741,251.061188,0.0,-1e-06,0.0
28.507591,250.920288,0.0,6e-06,0.0
28.523681,250.685669,0.0,5e-06,0.0
28.527721,250.589478,0.0,9e-06,0.0
28.538723,250.505035,0.0,-3e-06,0.0
28.545521,250.430786,0.0,1.3e-05,0.0
28.554809,250.36554,0.0,-1.6e-05,0.0
28.563074,250.308121,0.0,-3e-06,0.0
28.571342,250.257309,0.0,3e-06,0.0
28.587811,250.170868,0.0,3e-06,0.0
28.593906,250.133774,0.0,-0.0,0.0
28.593906,250.101227,0.0,3e-06,0.0
28.610787,250.073868,0.0,5e-06,0.0
28.618423,250.051865,0.0,-5e-06,0.0
28.627138,250.03476,0.0,4e-06,0.0
28.639295,250.016861,0.0,-0.0,0.0
28.65519,250.004333,0.0,-5e-06,0.0
28.667416,250.000824,0.0,3e-06,0.0
28.675275,250.000107,0.0,2e-06,0.0
28.687161,250.000015,0.0,-6e-06,0.0
28.695155,250.000015,0.0,-6e-06,0.0
28.701305,250.000015,0.0,-6e-06,0.0
28.710543,250.000015,0.0,-6e-06,0.0
28.723203,250.000015,0.0,-6e-06,0.0
28.72843,250.000015,0.0,-6e-06,0.0
28.739109,250.000015,0.0,-6e-06,0.0
28.755086,250.000015,0.0,-6e-06,0.0
28.772037,250.000015,0.0,-6e-06,0.0
28.785543,250.000015,0.0,-6e-06,0.0
28.794912,250.000015,0.0,-6e-06,0.0
28.80429,250.000015,0.0,-6e-06,0.0
28.810217,250.000015,0.0,-6e-06,0.0
28.827148,250.000015,0.0,-6e-06,0.0
28.833292,250.000015,0.0,-6e-06,0.0
28.841094,250.000015,0.0,-6e-06,0.0
28.848856,250.000015,0.0,-6e-06,0.0
28.855613,250.000015,0.0,-6e-06,0.0
28.890012,250.000015,0.0,-6e-06,0.0
28.899411,250.000015,0.0,-6e-06,0.0
28.906389,250.000015,0.0,-6e-06,0.0
28.913698,250.000015,0.0,-6e-06,0.0
28.923128,250.000015,0.0,-6e-06,0.0
28.943745,250.000015,0.0,0.000278,0.0
28.954927,250.000015,0.0,0.003601,0.0
28.961767,250.000031,0.0,0.009809,0.0
28.97143,250.000015,0.0,0.020803,0.0
28.978891,250.000015,0.0,0.049263,0.0
28.997086,250.000046,0.0,0.11669,0.0
29.007563,250.000015,0.0,0.166124,0.0
29.013794,250.000031,0.0,0.227564,0.0
29.023147,250.000015,0.0,0.300287,0.0
29.030457,250.000015,0.0,0.382936,0.0
29.038715,250.000015,0.0,0.474133,0.0
29.046626,250.000015,0.0,0.572791,0.0
29.053624,250.0,0.0,0.679142,0.0
29.054722,250.000031,0.0,0.793667,0.0
29.073191,250.000031,0.0,0.916797,0.0
29.08895,250.0,0.0,1.265978,0.0
29.097523,250.0,0.0,1.425216,0.0
29.105938,250.0,0.0,1.598322,0.0
29.114332,250.0,0.0,1.787108,0.0
29.12148,250.000015,0.0,1.991911,0.0
29.129605,250.000015,0.0,2.211038,0.0
29.139029,250.000015,0.0,2.442651,0.0
29.144191,250.000015,0.0,2.685001,0.0
29.163107,250.000015,0.0,3.196731,0.0
29.171394,250.000015,0.0,3.463645,0.0
29.177476,250.000015,0.0,3.73631,0.0
29.187043,250.0,0.0,4.013525,0.0
29.194215,250.000015,0.0,4.294586,0.0
29.194215,250.000015,0.0,4.580023,0.0
29.211171,250.000015,0.0,4.870465,0.0
29.218638,250.000015,0.0,5.166372,0.0
29.222195,250.000015,0.0,5.467449,0.0
29.233922,250.0,0.0,5.773049,0.0
29.249628,250.000015,0.0,6.395347,0.0
29.255158,250.000015,0.0,6.710788,0.0
29.265879,250.000015,0.0,7.028258,0.0
29.272031,250.000031,0.0,7.347147,0.0
29.281401,250.000015,0.0,7.666809,0.0
29.291531,250.000015,0.0,7.986685,0.0
29.299312,250.000015,0.0,8.306564,0.0
29.307364,250.000015,0.0,8.786385,0.0
29.326435,250.000031,0.0,9.426133,0.0
29.332436,250.000015,0.0,9.746016,0.0
29.342264,250.0,0.0,10.065874,0.0
29.349004,250.000015,0.0,10.385758,0.0
29.356606,250.000015,0.0,10.705631,0.0
29.371573,250.000015,0.0,11.185454,0.0
29.377316,250.000015,0.0,11.505328,0.0
29.393228,250.000031,0.0,12.145067,0.0
29.402327,250.000015,0.0,12.464943,0.0
29.406348,250.000015,0.0,12.784821,0.0
29.418445,250.000015,0.0,13.104711,0.0
29.42242,250.000015,0.0,13.584534,0.0
29.443495,250.0,0.0,14.064329,0.0
29.458724,250.000015,0.0,14.864029,0.0
29.470369,250.000031,0.0,15.183902,0.0
29.477847,250.000015,0.0,15.503777,0.0
29.487025,250.000015,0.0,15.823647,0.0
29.488986,250.000046,0.0,16.143522,0.0
29.503799,250.000015,0.0,16.463404,0.0
29.506273,250.000015,0.0,16.783274,0.0
29.527185,250.000015,0.0,17.423031,0.0
29.533762,250.000015,0.0,17.742903,0.0
29.538838,250.000015,0.0,18.062782,0.0
29.54917,250.0,0.0,18.382675,0.0
29.555852,250.000031,0.0,18.702528,0.0
29.565579,250.0,0.0,19.022402,0.0
29.573945,250.000031,0.0,19.342281,0.0
29.589016,250.000015,0.0,19.982023,0.0
29.599063,250.000015,0.0,20.301907,0.0
29.606462,250.000015,0.0,20.621778,0.0
29.613017,250.000015,0.0,20.941669,0.0
29.622909,249.999985,0.0,21.261534,0.0
29.628986,250.0,0.0,21.581411,0.0
29.638677,250.000031,0.0,22.061232,0.0
29.649561,250.000015,0.0,22.381102,0.0
29.657986,250.000015,0.0,23.020864,0.0
29.67359,250.000015,0.0,23.340733,0.0
29.68259,250.000015,0.0,23.660606,0.0
29.688508,250.000015,0.0,23.980488,0.0
29.697171,250.000031,0.0,24.300358,0.0
29.706546,250.000046,0.0,24.620237,0.0
29.71336,250.000031,0.0,24.940105,0.0
29.721671,250.000015,0.0,25.259975,0.0
29.739786,250.000031,0.0,26.059668,0.0
29.749643,250.000015,0.0,26.379526,0.0
29.75527,250.000015,0.0,26.699438,0.0
29.765409,250.000015,0.0,27.019293,0.0
29.773846,250.000015,0.0,27.339178,0.0
29.780491,250.000031,0.0,27.65906,0.0
29.790194,250.000031,0.0,27.978935,0.0
29.809993,250.000031,0.0,28.778618,0.0
29.813024,250.000015,0.0,29.098488,0.0
29.827303,250.000031,0.0,29.418381,0.0
29.838709,250.000015,0.0,29.89819,0.0
29.844357,250.0,0.0,30.218056,0.0
29.855495,250.000031,0.0,30.537941,0.0
29.858826,250.000015,0.0,30.857824,0.0
29.877601,250.000015,0.0,31.497574,0.0
29.887671,249.999985,0.0,31.817446,0.0
29.896314,249.999985,0.0,32.297256,0.0
29.907125,250.000015,0.0,32.617119,0.0
29.914301,250.000031,0.0,32.937012,0.0
29.922089,250.000046,0.0,33.256878,0.0
29.928904,250.000015,0.0,33.576756,0.0
29.938442,250.000015,0.0,33.896633,0.0
29.954694,250.000015,0.0,34.536388,0.0
29.96299,250.000046,0.0,34.856262,0.0
29.971563,250.000031,0.0,35.176147,0.0
29.97842,250.000015,0.0,35.496014,0.0
29.986964,250.000031,0.0,35.815884,0.0
29.991128,250.000015,0.0,36.135765,0.0
30.001321,250.0,0.0,36.455639,0.0
30.023578,250.000031,0.0,37.255329,0.0
30.029861,250.000015,0.0,37.735149,0.0
30.039403,250.0,0.0,38.055035,0.0
30.049749,250.0,0.0,38.374893,0.0
30.056438,250.0,0.0,38.694771,0.0
30.070489,250.000015,0.0,39.174591,0.0
30.077353,250.000015,0.0,39.494457,0.0
30.09203,250.000015,0.0,40.134216,0.0
30.102207,250.000015,0.0,40.45409,0.0
30.111325,250.0,0.0,40.933895,0.0
30.127339,250.000015,0.0,41.413715,0.0
30.128665,249.999985,0.0,41.733597,0.0
30.142524,250.000015,0.0,42.213409,0.0
30.155467,250.000015,0.0,42.693222,0.0
30.17889,250.0,0.0,43.492897,0.0
30.190959,250.000031,0.0,43.972717,0.0
30.193996,250.000015,0.0,44.292603,0.0
30.205319,250.000015,0.0,44.612469,0.0
30.213767,250.000046,0.0,44.932354,0.0
30.222113,250.000046,0.0,45.252228,0.0
30.229277,250.000015,0.0,45.572102,0.0
30.238638,250.000031,0.0,45.891991,0.0
30.254764,250.0,0.0,46.531731,0.0
30.262804,250.000015,0.0,46.851601,0.0
30.270307,250.000015,0.0,47.171482,0.0
30.278108,250.000015,0.0,47.49136,0.0
30.287175,250.000015,0.0,47.81123,0.0
30.295205,250.000031,0.0,48.131123,0.0
30.302012,250.000015,0.0,48.450985,0.0
30.327767,250.000031,0.0,49.410625,0.0
30.339488,250.000046,0.0,49.890423,0.0
30.34503,250.0,0.0,50.210304,0.0
30.354709,250.000015,0.0,50.530186,0.0
30.36081,250.0,0.0,50.850052,0.0
30.37119,249.999985,0.0,51.169926,0.0
30.376057,249.999985,0.0,51.489811,0.0
30.395471,250.000031,0.0,52.12957,0.0
30.403691,249.999969,0.0,52.449436,0.0
30.414109,249.999985,0.0,52.929253,0.0
30.42273,250.000015,0.0,53.249119,0.0
30.430673,250.0,0.0,53.569,0.0
30.438336,249.999985,0.0,53.888874,0.0
30.438336,250.0,0.0,54.208755,0.0
30.45944,249.999985,0.0,54.688564,0.0
30.473952,249.999985,0.0,55.488258,0.0
30.48777,249.999969,0.0,55.808136,0.0
30.49352,250.000031,0.0,56.128006,0.0
30.502478,250.000015,0.0,56.447887,0.0
30.514353,250.0,0.0,56.927704,0.0
30.527222,250.0,0.0,57.407513,0.0
30.548103,249.999985,0.0,58.047253,0.0
30.559389,250.0,0.0,58.687,0.0
30.571485,250.000031,0.0,59.166821,0.0
30.578342,250.000015,0.0,59.646633,0.0
30.589308,250.000015,0.0,59.966515,0.0
30.597956,250.0,0.0,60.286392,0.0
30.614461,250.0,0.0,60.926147,0.0
30.622165,249.999985,0.0,61.246021,0.0
30.622165,249.999985,0.0,61.565899,0.0
30.639133,250.000031,0.0,61.885773,0.0
30.646711,249.999985,0.0,62.205647,0.0
30.655044,250.0,0.0,62.525532,0.0
30.671681,249.999985,0.0,63.165276,0.0
30.67768,249.999985,0.0,63.645088,0.0
30.69032,249.999985,0.0,64.124893,0.0
30.703043,250.0,0.0,64.444786,0.0
30.705864,250.0,0.0,64.764648,0.0
30.718537,249.999985,0.0,65.084541,0.0
30.726963,249.999969,0.0,65.404404,0.0
30.743337,250.0,0.0,66.044159,0.0
30.745317,249.999985,0.0,66.364044,0.0
30.757793,250.0,0.0,66.683914,0.0
30.764881,249.999969,0.0,67.003784,0.0
30.772411,250.0,0.0,67.483604,0.0
30.786702,250.0,0.0,67.803467,0.0
30.793976,250.000015,0.0,68.123352,0.0
30.810186,249.999985,0.0,68.763092,0.0
30.817554,250.000015,0.0,69.082985,0.0
30.821521,250.000015,0.0,69.402863,0.0
30.832457,250.0,0.0,69.72274,0.0
30.838862,250.000015,0.0,70.04261,0.0
30.849324,250.0,0.0,70.36248,0.0
30.858637,249.999969,0.0,70.682358,0.0
30.864657,249.999985,0.0,71.002235,0.0
30.873501,249.999985,0.0,71.322113,0.0
30.889442,250.000015,0.0,71.961868,0.0
30.897015,250.000015,0.0,72.281731,0.0
30.90724,250.0,0.0,72.601616,0.0
30.913331,249.999969,0.0,72.921486,0.0
30.922115,250.0,0.0,73.241364,0.0
30.929152,250.000015,0.0,73.561241,0.0
30.938867,250.000031,0.0,73.881126,0.0
30.945532,250.000031,0.0,74.200989,0.0
30.954047,250.000031,0.0,74.520866,0.0
30.962133,250.000015,0.0,74.840752,0.0
30.970556,249.999969,0.0,75.160622,0.0
30.991127,250.000015,0.0,75.96032,0.0
30.993169,250.000031,0.0,76.280182,0.0
31.005144,249.999985,0.0,76.60006,0.0
31.015207,250.000015,0.0,76.919945,0.0
31.022356,249.999969,0.0,77.239807,0.0
31.029876,250.000015,0.0,77.559692,0.0
31.037926,250.0,0.0,77.879562,0.0
31.045869,250.0,0.0,78.199432,0.0
31.05603,250.000015,0.0,78.519318,0.0
31.062488,250.0,0.0,78.999123,0.0
31.084965,250.000015,0.0,79.798828,0.0
31.088818,249.999985,0.0,80.118698,0.0
31.101314,249.999969,0.0,80.438576,0.0
31.115502,250.000015,0.0,80.918404,0.0
31.122928,249.999985,0.0,81.238251,0.0
31.129748,250.000031,0.0,81.558136,0.0
31.143794,250.0,0.0,82.037949,0.0
31.14596,250.0,0.0,82.357826,0.0
31.158718,250.000031,0.0,82.677711,0.0
31.165283,250.0,0.0,82.997589,0.0
31.181301,250.0,0.0,83.637329,0.0
31.188824,249.999969,0.0,83.957222,0.0
31.198968,250.000015,0.0,84.277084,0.0
31.205609,249.999985,0.0,84.596947,0.0
31.216017,250.000015,0.0,84.916847,0.0
31.223071,250.000015,0.0,85.23671,0.0
31.229771,249.999985,0.0,85.55658,0.0
31.245625,250.0,0.0,86.196335,0.0
31.255033,249.999969,0.0,86.516212,0.0
31.260758,250.000015,0.0,86.83609,0.0
31.271327,249.999985,0.0,87.155968,0.0
31.28104,250.0,0.0,87.635773,0.0
31.289723,249.999985,0.0,88.115601,0.0
31.30131,249.999969,0.0,88.435471,0.0
31.323486,250.0,0.0,89.235168,0.0
31.328538,250.000015,0.0,89.714966,0.0
31.342825,250.0,0.0,90.034851,0.0
31.349094,250.000015,0.0,90.354721,0.0
31.355635,250.000015,0.0,90.674583,0.0
31.365302,249.999985,0.0,90.994484,0.0
31.373359,249.999985,0.0,91.314362,0.0
31.389695,250.0,0.0,91.954102,0.0
31.396296,250.000031,0.0,92.273994,0.0
31.406773,250.000015,0.0,92.593864,0.0
31.413039,250.000015,0.0,92.913727,0.0
31.422088,249.999985,0.0,93.233612,0.0
31.428751,249.999985,0.0,93.553482,0.0
31.438153,250.000031,0.0,93.873322,0.0
31.445023,249.999969,0.0,94.192474,0.0
31.462961,249.999985,0.0,94.823471,0.0
31.471495,250.000031,0.0,95.132645,0.0
31.476066,250.000015,0.0,95.435822,0.0
31.48722,250.0,0.0,95.731682,0.0
31.488972,249.999985,0.0,96.01889,0.0
31.50142,250.0,0.0,96.296104,0.0
31.515368,250.0,0.0,96.690475,0.0
31.539913,249.999985,0.0,97.407715,0.0
31.546032,250.0,0.0,97.738373,0.0
31.558793,250.0,0.0,97.948891,0.0
31.565503,249.999985,0.0,98.150879,0.0
31.573492,249.999985,0.0,98.343925,0.0
31.583367,250.0,0.0,98.527557,0.0
31.589103,250.000015,0.0,98.70105,0.0
31.605428,250.000015,0.0,99.011177,0.0
31.612806,249.999985,0.0,99.144196,0.0
31.622059,249.999985,0.0,99.261292,0.0
31.629163,249.999985,0.0,99.363983,0.0
31.638771,250.000031,0.0,99.454086,0.0
31.645673,250.000031,0.0,99.533302,0.0
31.655005,249.999985,0.0,99.602882,0.0
31.671914,250.000015,0.0,99.718056,0.0
31.675325,250.0,0.0,99.788055,0.0
31.689772,250.0,0.0,99.82914,0.0
31.69833,250.000031,0.0,99.866234,0.0
31.705886,249.999985,0.0,99.898773,0.0
31.713069,250.000015,0.0,99.926155,0.0
31.722952,250.0,0.0,99.94812,0.0
31.738878,250.000015,0.0,99.978119,0.0
31.745743,249.999985,0.0,99.987328,0.0
31.756081,249.999985,0.0,99.993515,0.0
31.761243,250.000015,0.0,99.998413,0.0
31.773859,250.0,0.0,99.999664,0.0
31.781206,249.999969,0.0,99.999985,0.0
31.791513,249.999969,0.0,100.0,0.0
31.799088,249.999969,0.0,100.0,0.0
31.805867,249.999969,0.0,100.0,0.0
31.813173,249.999969,0.0,100.0,0.0
31.823195,249.999969,0.0,100.0,0.0
31.830992,249.999969,0.0,100.0,0.0
31.838189,249.999969,0.0,100.0,0.0
31.845546,249.999969,0.0,100.0,0.0
31.855195,249.999969,0.0,100.0,0.0
31.861536,249.999969,0.0,100.0,0.0
31.87066,249.999969,0.0,100.0,0.0
31.872097,249.999969,0.0,100.0,0.0
31.886971,249.999969,0.0,100.0,0.0
31.891495,249.999969,0.0,100.0,0.0
31.903606,249.999969,0.0,100.0,0.0
31.907848,249.999969,0.0,100.0,0.0
31.922191,249.999969,0.0,100.0,0.0
31.929728,249.999969,0.0,100.0,0.0
31.938687,249.999969,0.0,100.0,0.0
31.945863,249.999969,0.0,100.0,0.0
31.962091,249.999969,0.0,100.0,0.0
31.992397,249.999969,0.0,100.0,0.0
32.005876,249.999969,0.0,100.0,0.0
32.012933,249.999969,0.0,100.0,0.0
32.022606,249.999969,0.0,100.0,0.0
32.038891,250.000275,0.0,100.0,0.0
32.04227,250.001877,0.0,100.0,0.0
32.066623,250.020798,0.0,100.0,0.0
32.073905,250.037903,0.0,100.0,0.0
32.081787,250.062561,0.0,100.0,0.0
32.090283,250.096146,0.0,100.000008,0.0
32.090283,250.139908,0.0,100.0,0.0
32.106502,250.195297,0.0,99.999992,0.0
32.114664,250.262589,0.0,100.000008,0.0
32.135274,250.474091,0.0,99.999992,0.0
32.143152,250.624954,0.0,100.0,0.0
32.155093,250.735367,0.0,100.0,0.0
32.159505,250.916763,0.0,99.999992,0.0
32.174024,251.118698,0.0,100.0,0.0
32.187008,251.265945,0.0,100.0,0.0
32.194433,251.425217,0.0,100.0,0.0
32.194433,251.598282,0.0,100.0,0.0
32.218436,251.991867,0.0,100.0,0.0
32.225037,252.211014,0.0,100.0,0.0
32.233252,252.442642,0.0,100.000008,0.0
32.242036,252.684937,0.0,100.0,0.0
32.249057,252.936752,0.0,100.0,0.0
32.259518,253.196716,0.0,100.0,0.0
32.267011,253.463638,0.0,100.000008,0.0
32.273758,253.736313,0.0,100.000008,0.0
32.288746,254.294586,0.0,100.0,0.0
32.298942,254.580017,0.0,100.0,0.0
32.305421,254.870453,0.0,100.0,0.0
32.313102,255.166351,0.0,100.0,0.0
32.322545,255.467392,0.0,100.0,0.0
32.329258,255.773041,0.0,100.0,0.0
32.339357,256.08252,0.0,99.999992,0.0
32.345244,256.552734,0.0,100.0,0.0
32.372093,257.506866,0.0,100.0,0.0
32.382837,257.826691,0.0,100.0,0.0
32.390993,258.146637,0.0,100.000008,0.0
32.394889,258.466492,0.0,100.0,0.0
32.405712,258.786346,0.0,100.0,0.0
32.414046,259.106201,0.0,100.0,0.0
32.422937,259.426147,0.0,100.0,0.0
32.439523,260.065857,0.0,100.0,0.0
32.455475,260.705597,0.0,100.0,0.0
32.457795,261.025421,0.0,100.0,0.0
32.471657,261.345367,0.0,100.0,0.0
32.478063,261.825165,0.0,100.0,0.0
32.490585,262.14505,0.0,100.0,0.0
32.506085,262.784821,0.0,100.0,0.0
32.511405,263.104706,0.0,100.0,0.0
32.523867,263.42453,0.0,100.0,0.0
32.529984,263.744446,0.0,99.999992,0.0
32.538352,264.064301,0.0,100.0,0.0
32.546062,264.384186,0.0,100.0,0.0
32.555948,264.704071,0.0,100.0,0.0
32.57406,265.663696,0.0,100.0,0.0
32.587356,265.983551,0.0,100.0,0.0
32.58878,266.303406,0.0,100.0,0.0
32.603297,266.623322,0.0,99.999992,0.0
32.605391,266.943207,0.0,100.0,0.0
32.617618,267.263031,0.0,100.0,0.0
32.625704,267.582947,0.0,100.0,0.0
32.635182,267.902802,0.0,100.0,0.0
32.648897,268.542603,0.0,100.0,0.0
32.659461,268.862457,0.0,100.0,0.0
32.665707,269.182281,0.0,100.0,0.0
32.674137,269.502167,0.0,100.0,0.0
32.680978,269.822083,0.0,100.0,0.0
32.690254,270.141937,0.0,100.0,0.0
32.698856,270.461823,0.0,100.0,0.0
32.710864,270.94165,0.0,100.0,0.0
32.719171,271.261475,0.0,100.0,0.0
32.732636,271.901276,0.0,100.0,0.0
32.742626,272.2211,0.0,100.0,0.0
32.74924,272.541046,0.0,100.0,0.0
32.757013,272.860901,0.0,100.0,0.0
32.767045,273.180786,0.0,100.0,0.0
32.775017,273.50061,0.0,100.0,0.0
32.779143,273.820526,0.0,100.0,0.0
32.790234,274.140411,0.0,100.0,0.0
32.806374,274.780151,0.0,100.0,0.0
32.81412,275.100006,0.0,100.000008,0.0
32.822116,275.419891,0.0,100.0,0.0
32.829851,275.739777,0.0,100.0,0.0
32.838954,276.219574,0.0,100.000008,0.0
32.851085,276.539429,0.0,100.0,0.0
32.859438,276.859344,0.0,100.0,0.0
32.862416,277.17923,0.0,100.0,0.0
32.874851,277.499054,0.0,100.0,0.0
32.881214,277.818939,0.0,100.0,0.0
32.898744,278.45871,0.0,100.0,0.0
32.905635,278.778625,0.0,100.0,0.0
32.913612,279.098511,0.0,100.0,0.0
32.922128,279.418365,0.0,100.0,0.0
32.929057,279.73822,0.0,100.0,0.0
32.940142,280.058105,0.0,100.0,0.0
32.946348,280.537872,0.0,100.0,0.0
32.957716,280.857788,0.0,100.0,0.0
32.971862,281.497559,0.0,100.0,0.0
32.981617,281.817413,0.0,100.0,0.0
32.991059,282.137329,0.0,100.0,0.0
32.999292,282.457184,0.0,100.0,0.0
33.005692,282.777008,0.0,100.0,0.0
33.013513,283.096924,0.0,100.0,0.0
33.02334,283.416809,0.0,100.0,0.0
33.027523,283.736664,0.0,100.0,0.0
33.045093,284.536346,0.0,100.0,0.0
33.059161,284.856232,0.0,100.0,0.0
33.065967,285.176117,0.0,100.0,0.0
33.072178,285.495972,0.0,100.0,0.0
33.082079,285.815857,0.0,100.0,0.0
33.08992,286.135712,0.0,100.0,0.0
33.09886,286.455627,0.0,100.0,0.0
33.10532,286.775543,0.0,100.0,0.0
33.115409,287.095367,0.0,100.0,0.0
33.127678,287.735138,0.0,100.0,0.0
33.138748,288.054993,0.0,100.0,0.0
33.145575,288.374878,0.0,100.0,0.0
33.155204,288.694763,0.0,100.0,0.0
33.167532,289.174561,0.0,100.0,0.0
33.175065,289.654358,0.0,100.0,0.0
33.188578,290.134216,0.0,100.0,0.0
33.198886,290.454071,0.0,100.0,0.0
33.207523,290.773956,0.0,100.0,0.0
33.212742,291.093811,0.0,100.0,0.0
33.223156,291.413696,0.0,100.0,0.0
33.227525,291.733582,0.0,100.0,0.0
33.249971,292.533264,0.0,100.0,0.0
33.259024,292.85318,0.0,100.0,0.0
33.265898,293.173004,0.0,100.0,0.0
33.274566,293.492889,0.0,100.0,0.0
33.282241,293.812775,0.0,100.0,0.0
33.289254,294.132629,0.0,100.0,0.0
33.296866,294.452545,0.0,100.0,0.0
33.305723,294.7724,0.0,100.0,0.0
33.322767,295.41214,0.0,100.0,0.0
33.329079,295.732025,0.0,100.0,0.0
33.338917,296.05191,0.0,100.0,0.0
33.345472,296.371765,0.0,100.0,0.0
33.355929,296.69165,0.0,100.0,0.0
33.363597,297.011505,0.0,100.0,0.0
33.371715,297.33139,0.0,100.0,0.0
33.387078,297.971161,0.0,100.0,0.0
33.395038,298.291016,0.0,100.0,0.0
33.404084,298.610901,0.0,100.0,0.0
33.40576,298.930817,0.0,100.0,0.0
33.41895,299.250671,0.0,100.0,0.0
33.426531,299.570526,0.0,100.0,0.0
33.433862,299.890411,0.0,100.0,0.0
33.449259,300.530151,0.0,100.0,0.0
33.457292,300.850037,0.0,100.0,0.0
33.465917,301.169922,0.0,100.0,0.0
33.47266,301.489777,0.0,100.0,0.0
33.482707,301.809662,0.0,100.0,0.0
33.492069,302.129517,0.0,100.0,0.0
33.495286,302.449402,0.0,100.0,0.0
33.50623,302.769318,0.0,100.0,0.0
33.523263,303.409058,0.0,100.0,0.0
33.531031,303.728912,0.0,100.0,0.0
33.538599,304.048798,0.0,100.0,0.0
33.545263,304.368683,0.0,100.0,0.0
33.55588,304.688538,0.0,100.0,0.0
33.562343,305.008423,0.0,100.0,0.0
33.571863,305.328308,0.0,100.0,0.0
33.57831,305.808105,0.0,100.0,0.0
33.598817,306.447845,0.0,100.0,0.0
33.605823,306.767731,0.0,100.0,0.0
33.613788,307.087616,0.0,100.0,0.0
33.623099,307.407501,0.0,100.0,0.0
33.629116,307.727356,0.0,100.0,0.0
33.639579,308.047241,0.0,100.0,0.0
33.645756,308.367126,0.0,100.0,0.0
33.655194,308.686981,0.0,100.0,0.0
33.671085,309.326752,0.0,100.0,0.0
33.676556,309.646606,0.0,100.0,0.0
33.686978,309.966492,0.0,100.0,0.0
33.691286,310.286377,0.0,100.0,0.0
33.702927,310.606262,0.0,100.0,0.0
33.711118,311.08606,0.0,100.0,0.0
33.723248,311.405945,0.0,100.0,0.0
33.72954,311.72583,0.0,100.0,0.0
33.7394,312.045685,0.0,100.0,0.0
33.759474,312.845398,0.0,100.0,0.0
33.762533,313.165253,0.0,100.0,0.0
33.774761,313.485107,0.0,100.000008,0.0
33.781717,313.805023,0.0,100.0,0.0
33.789395,314.124878,0.0,100.0,0.0
33.799529,314.444733,0.0,100.0,0.0
33.807276,314.764648,0.0,100.0,0.0
33.822291,315.404388,0.0,100.0,0.0
33.829237,315.724274,0.0,100.0,0.0
33.839916,316.204071,0.0,100.0,0.0
33.850259,316.523956,0.0,100.0,0.0
33.859002,316.843872,0.0,100.0,0.0
33.862982,317.163727,0.0,100.0,0.0
33.875013,317.483582,0.0,100.000008,0.0
33.891777,318.283264,0.0,100.0,0.0
33.902538,318.603149,0.0,100.0,0.0
33.910547,319.082977,0.0,100.0,0.0
33.923596,319.402863,0.0,100.0,0.0
33.927983,319.722748,0.0,100.0,0.0
33.939188,320.202515,0.0,100.0,0.0
33.955337,320.682343,0.0,100.0,0.0
33.962799,321.16217,0.0,100.0,0.0
33.982799,321.80191,0.0,100.0,0.0
33.989635,322.121765,0.0,100.000008,0.0
33.997878,322.44162,0.0,100.000008,0.0
34.006965,322.761536,0.0,100.0,0.0
34.015709,323.081421,0.0,100.0,0.0
34.027124,323.561249,0.0,99.999992,0.0
34.033485,323.881104,0.0,100.0,0.0
34.051451,324.520874,0.0,99.999992,0.0
34.059164,324.840729,0.0,100.0,0.0
34.065649,325.160583,0.0,100.0,0.0
34.073505,325.480469,0.0,100.0,0.0
34.08262,325.800323,0.0,100.0,0.0
34.089081,326.120239,0.0,100.0,0.0
34.09763,326.440094,0.0,100.000008,0.0
34.107742,326.76001,0.0,99.999992,0.0
34.122719,327.399719,0.0,100.0,0.0
34.130475,327.719574,0.0,100.0,0.0
34.139131,328.03949,0.0,100.0,0.0
34.155047,328.519257,0.0,100.000008,0.0
34.159092,328.999115,0.0,100.0,0.0
34.170804,329.319,0.0,100.0,0.0
34.178745,329.638855,0.0,100.0,0.0
34.185344,329.95874,0.0,100.0,0.0
34.195447,330.278625,0.0,100.0,0.0
34.201789,330.59848,0.0,100.0,0.0
34.219347,331.238251,0.0,100.0,0.0
34.226461,331.558136,0.0,100.0,0.0
34.233638,331.877991,0.0,100.0,0.0
34.239352,332.197876,0.0,100.0,0.0
34.249088,332.517731,0.0,100.0,0.0
34.256292,332.837616,0.0,100.0,0.0
34.266631,333.157501,0.0,100.0,0.0
34.273684,333.477386,0.0,100.0,0.0
34.289344,334.117126,0.0,100.0,0.0
34.298472,334.436981,0.0,100.0,0.0
34.305771,334.756897,0.0,100.0,0.0
34.313237,335.076752,0.0,100.0,0.0
34.322433,335.396637,0.0,100.0,0.0
34.330559,335.716522,0.0,100.000008,0.0
34.339269,336.036407,0.0,100.0,0.0
34.346088,336.356262,0.0,100.0,0.0
34.355168,336.676178,0.0,99.999992,0.0
34.363459,337.155945,0.0,100.0,0.0
34.374446,337.47583,0.0,100.0,0.0
34.383101,337.795715,0.0,100.0,0.0
34.396948,338.435425,0.0,100.0,0.0
34.405579,338.755371,0.0,99.999992,0.0
34.412887,339.075195,0.0,100.0,0.0
34.422106,339.395081,0.0,100.0,0.0
34.429045,339.714966,0.0,99.999992,0.0
34.439828,340.034821,0.0,100.0,0.0
34.445459,340.514618,0.0,100.0,0.0
34.457977,340.834503,0.0,100.000008,0.0
34.473703,341.474274,0.0,100.0,0.0
34.481483,341.794159,0.0,100.0,0.0
34.490316,342.114014,0.0,100.0,0.0
34.498059,342.433868,0.0,100.0,0.0
34.507652,342.753784,0.0,100.0,0.0
34.51271,343.073639,0.0,100.0,0.0
34.522699,343.393524,0.0,100.0,0.0
34.529299,343.713409,0.0,100.0,0.0
34.547216,344.351379,0.0,100.0,0.0
34.555225,344.667053,0.0,99.999992,0.0
34.561624,344.978699,0.0,100.000008,0.0
34.571815,345.285065,0.0,100.0,0.0
34.57831,345.584747,0.0,100.0,0.0
34.58766,345.876465,0.0,99.999992,0.0
34.595763,346.296082,0.0,100.0,0.0
34.606556,346.562012,0.0,100.0,0.0
34.622159,347.05957,0.0,100.0,0.0
34.629021,347.293732,0.0,100.0,0.0
34.639475,347.519836,0.0,100.0,0.0
34.647269,347.844635,0.0,100.0,0.0
34.65739,348.050964,0.0,100.0,0.0
34.66677,348.248535,0.0,100.0,0.0
34.672812,348.436951,0.0,99.999992,0.0
34.681815,348.615631,0.0,100.0,0.0
34.695898,348.938843,0.0,100.0,0.0
34.705974,349.144196,0.0,100.0,0.0
34.719506,349.261292,0.0,100.0,0.0
34.724807,349.364014,0.0,100.0,0.0
34.733233,349.454071,0.0,100.0,0.0
34.738935,349.533264,0.0,100.0,0.0
34.749007,349.602875,0.0,100.0,0.0
34.757065,349.664062,0.0,100.0,0.0
34.781056,349.809052,0.0,100.0,0.0
34.790809,349.848206,0.0,100.0,0.0
34.79743,349.883118,0.0,100.0,0.0
34.805685,349.913147,0.0,100.0,0.0
34.813834,349.937744,0.0,100.000008,0.0
34.82256,349.957275,0.0,99.999992,0.0
34.828877,349.972137,0.0,100.0,0.0
34.83877,349.983124,0.0,100.0,0.0
34.847532,349.990723,0.0,100.000008,0.0
34.861867,349.998413,0.0,100.0,0.0
34.870909,349.999695,0.0,100.0,0.0
34.876492,350.0,0.0,100.0,0.0
34.885762,350.0,0.0,100.0,0.0
34.895872,350.0,0.0,100.0,0.0
34.903806,350.0,0.0,100.0,0.0
34.911431,350.0,0.0,100.0,0.0
34.923968,350.0,0.0,100.0,0.0
34.929738,350.0,0.0,100.0,0.0
34.938749,350.0,0.0,100.0,0.0
34.945374,350.0,0.0,100.0,0.0
34.955064,350.0,0.0,100.0,0.0
34.962425,350.0,0.0,100.0,0.0
34.971035,350.0,0.0,100.0,0.0
34.978067,350.0,0.0,100.0,0.0
34.985208,350.0,0.0,100.0,0.0
34.992662,350.0,0.0,100.0,0.0
35.000959,350.0,0.0,100.0,0.0
35.008435,350.0,0.0,100.0,0.0
35.017135,350.0,0.0,100.0,0.0
35.026694,350.0,0.0,100.0,0.0
35.033679,350.0,0.0,100.0,0.0
35.042554,350.0,0.0,100.0,0.0
35.049452,350.0,0.0,100.0,0.0
35.05773,350.0,0.0,100.0,0.0
35.06528,350.0,0.0,100.0,0.0
35.074388,350.0,0.0,100.0,0.0
35.090011,350.0,0.0,100.0,0.0
35.113186,350.0,0.0,100.0,0.0
35.128607,350.0,0.0,100.0,0.0
35.139474,350.0,0.0,100.0,0.0
35.147112,350.0,0.0,100.0,0.0
35.162468,350.0,0.0,99.999725,0.0
35.178152,349.999969,0.0,99.993813,0.0
35.187643,350.000031,0.0,99.985367,0.0
35.193921,350.0,0.0,99.971466,0.0
35.20362,350.0,0.0,99.950752,0.0
35.211303,350.0,0.0,99.921814,0.0
35.217697,350.0,0.0,99.883301,0.0
35.226238,350.0,0.0,99.833862,0.0
35.241975,350.0,0.0,99.699707,0.0
35.249737,350.000031,0.0,99.617065,0.0
35.258759,349.999969,0.0,99.525848,0.0
35.26539,350.0,0.0,99.4272,0.0
35.272392,350.0,0.0,99.320831,0.0
35.283131,350.000031,0.0,99.206329,0.0
35.289467,350.0,0.0,99.083191,0.0
35.305688,350.0,0.0,98.809021,0.0
35.314683,349.999969,0.0,98.656006,0.0
35.322666,350.000031,0.0,98.490059,0.0
35.329832,349.999969,0.0,98.309349,0.0
35.338684,350.000031,0.0,98.112396,0.0
35.346398,350.0,0.0,97.900208,0.0
35.355559,350.0,0.0,97.674591,0.0
35.372094,350.000031,0.0,97.190216,0.0
35.380933,350.0,0.0,96.803268,0.0
35.390732,350.000031,0.0,96.40065,0.0
35.40304,350.0,0.0,96.125572,0.0
35.411285,350.0,0.0,95.846451,0.0
35.413345,349.999969,0.0,95.563263,0.0
35.426051,350.0,0.0,95.275421,0.0
35.442256,349.999969,0.0,94.683685,0.0
35.449532,350.0,0.0,94.38028,0.0
35.455862,350.0,0.0,94.072632,0.0
35.466431,349.999969,0.0,93.761421,0.0
35.47467,350.0,0.0,93.447235,0.0
35.481311,349.999939,0.0,93.130699,0.0
35.488952,349.999969,0.0,92.812439,0.0
35.505768,350.0,0.0,92.173248,0.0
35.512655,350.000031,0.0,91.853355,0.0
35.522472,350.0,0.0,91.533493,0.0
35.52912,350.0,0.0,91.213623,0.0
35.539775,350.0,0.0,90.893738,0.0
35.546494,349.999969,0.0,90.57386,0.0
35.556245,349.999969,0.0,90.253998,0.0
35.574788,350.000031,0.0,89.294357,0.0
35.586617,350.0,0.0,88.974487,0.0
35.595034,349.999969,0.0,88.654602,0.0
35.603847,350.000031,0.0,88.334732,0.0
35.607805,350.0,0.0,88.01487,0.0
35.618195,350.0,0.0,87.694984,0.0
35.629098,350.000031,0.0,87.055237,0.0
35.642515,349.999969,0.0,86.735359,0.0
35.649038,349.999969,0.0,86.415466,0.0
35.659458,349.999969,0.0,85.935677,0.0
35.671909,349.999969,0.0,85.615791,0.0
35.683744,350.0,0.0,85.135963,0.0
35.698615,350.0,0.0,84.496216,0.0
35.712754,350.0,0.0,84.176346,0.0
35.724019,350.000031,0.0,83.536591,0.0
35.735359,350.000031,0.0,83.056778,0.0
35.743084,349.999969,0.0,82.736916,0.0
35.745016,350.000031,0.0,82.417023,0.0
35.757058,350.000031,0.0,82.097153,0.0
35.773676,349.999969,0.0,81.457397,0.0
35.780916,350.0,0.0,81.137527,0.0
35.790418,350.0,0.0,80.817657,0.0
35.797517,350.0,0.0,80.497772,0.0
35.807956,350.0,0.0,80.177887,0.0
35.813368,350.0,0.0,79.858032,0.0
35.82278,350.000031,0.0,79.378204,0.0
35.841895,350.000031,0.0,78.738464,0.0
35.849703,350.000031,0.0,78.418571,0.0
35.858585,350.000031,0.0,78.098694,0.0
35.86489,350.0,0.0,77.778839,0.0
35.87398,350.0,0.0,77.458954,0.0
35.882824,350.0,0.0,77.139069,0.0
35.890347,349.999969,0.0,76.819199,0.0
35.907501,350.0,0.0,76.179436,0.0
35.915108,350.0,0.0,75.859573,0.0
35.924037,350.0,0.0,75.539703,0.0
35.930563,350.0,0.0,75.219818,0.0
35.939308,350.0,0.0,74.899948,0.0
35.939308,350.0,0.0,74.58007,0.0
35.955379,350.0,0.0,74.260193,0.0
35.972063,350.000031,0.0,73.460495,0.0
35.982888,350.0,0.0,73.140625,0.0
35.989395,350.0,0.0,72.820755,0.0
35.999558,350.0,0.0,72.500877,0.0
36.007475,350.000031,0.0,72.180992,0.0
36.011554,350.0,0.0,71.861122,0.0
36.022873,350.0,0.0,71.541252,0.0
36.030805,350.000061,0.0,71.221359,0.0
36.039821,350.000031,0.0,70.901489,0.0
36.046468,350.0,0.0,70.581619,0.0
36.062682,350.0,0.0,69.941879,0.0
36.07087,350.0,0.0,69.621994,0.0
36.077792,350.0,0.0,69.302116,0.0
36.087005,350.0,0.0,68.982246,0.0
36.092928,350.0,0.0,68.662369,0.0
36.102873,350.0,0.0,68.342491,0.0
36.110943,350.000061,0.0,67.862663,0.0
36.12274,350.000031,0.0,67.542786,0.0
36.131264,350.0,0.0,67.222923,0.0
36.139045,350.000031,0.0,66.903038,0.0
36.155827,350.0,0.0,66.263298,0.0
36.167732,350.0,0.0,65.783485,0.0
36.175264,350.000031,0.0,65.4636,0.0
36.181049,350.0,0.0,65.14373,0.0
36.190374,350.0,0.0,64.823853,0.0
36.198032,349.999939,0.0,64.503998,0.0
36.205869,350.0,0.0,64.184105,0.0
36.222757,350.0,0.0,63.544353,0.0
36.231577,350.0,0.0,63.224472,0.0
36.239443,350.0,0.0,62.904606,0.0
36.245919,350.000031,0.0,62.584717,0.0
36.256749,349.999969,0.0,62.264854,0.0
36.267593,350.000031,0.0,61.785023,0.0
36.274747,350.0,0.0,61.305222,0.0
36.294376,350.000031,0.0,60.665459,0.0
36.301667,350.0,0.0,60.345596,0.0
36.315098,349.999969,0.0,59.865791,0.0
36.322761,349.999969,0.0,59.54591,0.0
36.329854,350.000031,0.0,59.226017,0.0
36.338816,350.0,0.0,58.906158,0.0
36.346854,350.0,0.0,58.586273,0.0
36.355511,349.999969,0.0,58.266407,0.0
36.362499,350.0,0.0,57.946526,0.0
36.378589,349.999969,0.0,57.306786,0.0
36.385507,350.0,0.0,56.986904,0.0
36.394984,350.000031,0.0,56.667023,0.0
36.404373,350.0,0.0,56.347145,0.0
36.409761,350.000031,0.0,55.867317,0.0
36.422843,350.0,0.0,55.547455,0.0
36.4303,349.999969,0.0,55.227596,0.0
36.43998,349.999969,0.0,54.907711,0.0
36.455976,350.0,0.0,54.108021,0.0
36.467658,350.0,0.0,53.788139,0.0
36.47374,350.0,0.0,53.468266,0.0
36.483802,350.0,0.0,53.148388,0.0
36.488853,350.0,0.0,52.828514,0.0
36.49748,349.999969,0.0,52.508644,0.0
36.506997,350.0,0.0,52.188774,0.0
36.5152,350.000031,0.0,51.868874,0.0
36.531933,350.0,0.0,51.229137,0.0
36.540106,350.000031,0.0,50.909245,0.0
36.551684,350.0,0.0,50.429455,0.0
36.562687,349.999969,0.0,49.949646,0.0
36.571502,350.0,0.0,49.629761,0.0
36.578927,350.0,0.0,49.309883,0.0
36.585368,350.000031,0.0,48.989994,0.0
36.594406,350.0,0.0,48.670128,0.0
36.60569,350.0,0.0,48.030373,0.0
36.619487,350.000031,0.0,47.710484,0.0
36.627081,350.0,0.0,47.390621,0.0
36.634754,350.0,0.0,47.070744,0.0
36.643853,350.0,0.0,46.75087,0.0
36.645805,350.0,0.0,46.431,0.0
36.658269,350.0,0.0,46.111122,0.0
36.67368,350.0,0.0,45.471363,0.0
36.682739,350.0,0.0,45.151493,0.0
36.68917,350.0,0.0,44.831623,0.0
36.697603,350.0,0.0,44.511745,0.0
36.707811,350.0,0.0,44.191864,0.0
36.712386,350.000031,0.0,43.712036,0.0
36.726475,350.0,0.0,43.39217,0.0
36.734653,350.000031,0.0,43.072289,0.0
36.748991,350.000031,0.0,42.432541,0.0
36.756832,350.0,0.0,41.952724,0.0
36.772097,350.0,0.0,41.632862,0.0
36.77886,350.0,0.0,41.312981,0.0
36.788402,350.0,0.0,40.993103,0.0
36.793202,350.0,0.0,40.51329,0.0
36.80667,350.0,0.0,40.193417,0.0
36.814239,350.000031,0.0,39.713604,0.0
36.839106,350.0,0.0,38.913906,0.0
36.839106,350.000031,0.0,38.594036,0.0
36.856024,350.0,0.0,38.274166,0.0
36.862442,350.0,0.0,37.794338,0.0
36.873987,350.000031,0.0,37.474468,0.0
36.883902,350.0,0.0,37.154602,0.0
36.903162,350.0,0.0,36.354904,0.0
36.909589,350.0,0.0,36.03503,0.0
36.923325,350.0,0.0,35.555214,0.0
36.928775,350.000031,0.0,35.235325,0.0
36.938761,350.000031,0.0,34.915455,0.0
36.943432,349.999969,0.0,34.595596,0.0
36.955719,349.999969,0.0,34.115784,0.0
36.973536,350.0,0.0,33.476017,0.0
36.983377,349.999969,0.0,33.156155,0.0
36.989334,350.0,0.0,32.836273,0.0
36.997629,349.999969,0.0,32.516407,0.0
37.006453,350.0,0.0,32.196522,0.0
37.013475,350.0,0.0,31.876644,0.0
37.022952,350.0,0.0,31.55678,0.0
37.039012,350.0,0.0,30.917019,0.0
37.045478,349.999969,0.0,30.597149,0.0
37.055818,350.0,0.0,30.277264,0.0
37.062343,350.0,0.0,29.957392,0.0
37.072644,349.999969,0.0,29.477591,0.0
37.083297,350.0,0.0,29.157709,0.0
37.090579,350.0,0.0,28.677885,0.0
37.112123,350.0,0.0,27.878208,0.0
37.123369,350.0,0.0,27.558315,0.0
37.128851,349.999969,0.0,27.238462,0.0
37.13889,350.000031,0.0,26.918558,0.0
37.144562,350.0,0.0,26.598688,0.0
37.155726,350.0,0.0,26.278809,0.0
37.162565,350.0,0.0,25.958944,0.0
37.171258,350.0,0.0,25.639059,0.0
37.179056,350.0,0.0,25.319195,0.0
37.195841,349.999969,0.0,24.679447,0.0
37.202265,350.0,0.0,24.359556,0.0
37.205297,350.0,0.0,24.03969,0.0
37.217831,350.0,0.0,23.719807,0.0
37.227013,350.0,0.0,23.399939,0.0
37.235264,350.0,0.0,23.080057,0.0
37.242421,350.000031,0.0,22.76018,0.0
37.249107,349.999969,0.0,22.440317,0.0
37.266382,350.0,0.0,21.800558,0.0
37.275206,350.0,0.0,21.480688,0.0
37.288632,350.0,0.0,21.160807,0.0
37.299115,349.999969,0.0,20.521057,0.0
37.308487,350.0,0.0,20.201172,0.0
37.313432,350.0,0.0,19.721359,0.0
37.325907,350.0,0.0,19.401484,0.0
37.338948,350.0,0.0,18.761742,0.0
37.34928,350.0,0.0,18.441862,0.0
37.356335,349.999969,0.0,18.12199,0.0
37.371339,350.0,0.0,17.642164,0.0
37.375659,349.999969,0.0,17.322309,0.0
37.391349,350.0,0.0,16.842482,0.0
37.406291,350.0,0.0,16.042784,0.0
37.42322,350.0,0.0,15.562976,0.0
37.429345,350.0,0.0,15.2431,0.0
37.440054,349.999969,0.0,14.923248,0.0
37.445953,350.0,0.0,14.443409,0.0
37.458921,350.0,0.0,13.963599,0.0
37.471135,350.0,0.0,13.643732,0.0
37.476217,350.0,0.0,13.323849,0.0
37.49903,350.0,0.0,12.52416,0.0
37.506827,350.0,0.0,12.204278,0.0
37.512803,349.999969,0.0,11.884416,0.0
37.522637,350.0,0.0,11.564522,0.0
37.536435,349.999969,0.0,11.084726,0.0
37.546438,350.0,0.0,10.604894,0.0
37.556832,350.0,0.0,9.965153,0.0
37.577886,350.0,0.0,9.165467,0.0
37.589595,349.999969,0.0,8.845595,0.0
37.599079,350.0,0.0,8.525704,0.0
37.60568,350.0,0.0,8.205835,0.0
37.613029,350.000031,0.0,7.885947,0.0
37.622537,349.999969,0.0,7.566091,0.0
37.629249,350.0,0.0,7.246201,0.0
37.638971,350.0,0.0,6.926331,0.0
37.646645,350.0,0.0,6.606447,0.0
37.661837,350.0,0.0,5.807508,0.0
37.675791,350.0,0.0,5.332945,0.0
37.686615,350.0,0.0,5.021274,0.0
37.690694,350.0,0.0,4.714943,0.0
37.703076,350.0,0.0,4.415248,0.0
37.711609,350.0,0.0,3.981115,0.0
37.723887,350.000031,0.0,3.703889,0.0
37.739529,350.0,0.0,3.183876,0.0
37.739529,350.0,0.0,2.940425,0.0
37.756807,350.0,0.0,2.592263,0.0
37.765781,350.0,0.0,2.369917,0.0
37.779446,350.0,0.0,2.051124,0.0
37.786974,349.999969,0.0,1.849138,0.0
37.801127,350.0,0.0,1.472447,0.0
37.81044,350.0,0.0,1.298939,0.0
37.822895,350.0,0.0,1.061174,0.0
37.82812,350.0,0.0,0.920275,0.0
37.83838,350.0,0.0,0.795334,0.0
37.847733,350.0,0.0,0.685688,0.0
37.855956,350.0,0.0,0.589492,0.0
37.861957,350.0,0.0,0.505044,0.0
37.879597,350.0,0.0,0.365538,0.0
37.880619,350.0,0.0,0.308134,0.0
37.8949,349.999969,0.0,0.257322,0.0
37.902195,350.0,0.0,0.21196,0.0
37.911083,350.0,0.0,0.151782,0.0
37.923646,350.0,0.0,0.116882,0.0
37.929518,350.0,0.0,0.086855,0.0
37.939989,350.0,0.0,0.062224,0.0
37.950839,350.0,0.0,0.034748,0.0
37.959747,349.999969,0.0,0.021897,0.0
37.963893,349.999969,0.0,0.01268,0.0
37.974288,350.0,0.0,0.00649,0.0
37.984066,350.0,0.0,0.00274,0.0
37.998631,350.0,0.0,0.000105,0.0
38.006567,350.0,0.0,-8e-06,0.0
38.014659,350.0,0.0,-8e-06,0.0
38.023229,350.0,0.0,-8e-06,0.0
38.028137,350.0,0.0,-8e-06,0.0
38.040149,350.0,0.0,-8e-06,0.0
38.049942,350.0,0.0,-8e-06,0.0
38.058752,350.0,0.0,-8e-06,0.0
38.065333,350.0,0.0,-8e-06,0.0
38.073168,350.0,0.0,-8e-06,0.0
38.081555,350.0,0.0,-8e-06,0.0
38.08958,350.0,0.0,-8e-06,0.0
38.097967,350.0,0.0,-8e-06,0.0
38.107052,350.0,0.0,-8e-06,0.0
38.11206,350.0,0.0,-8e-06,0.0
38.123825,350.0,0.0,-8e-06,0.0
38.129228,350.0,0.0,-8e-06,0.0
38.139462,350.0,0.0,-8e-06,0.0
38.156191,350.0,0.0,-8e-06,0.0
38.162961,350.0,0.0,-8e-06,0.0
38.175365,350.0,0.0,-8e-06,0.0
38.18705,350.0,0.0,-8e-06,0.0
38.195387,350.0,0.0,-8e-06,0.0
38.20142,350.0,0.0,-8e-06,0.0
38.240523,350.0,0.0,-8e-06,0.0
38.255188,350.0,0.0,-8e-06,0.0
38.263238,350.0,0.0,-8e-06,0.0
38.276058,350.0,0.0,-8e-06,0.0
38.287285,350.0,0.0,-8e-06,0.0
38.303768,349.999756,0.0,-2e-05,0.0
38.32326,349.990173,0.0,2e-06,0.0
38.329478,349.971466,0.0,-2.6e-05,0.0
38.343098,349.937378,0.0,-1.3e-05,0.0
38.359499,349.883301,0.0,-2.1e-05,0.0
38.366939,349.833862,0.0,-7e-06,0.0
38.373538,349.77243,0.0,1e-06,0.0
38.389606,349.617035,0.0,7e-06,0.0
38.397501,349.525848,0.0,-5e-06,0.0
38.407756,349.427216,0.0,-1e-06,0.0
38.414178,349.320801,0.0,-2e-06,0.0
38.423248,349.206299,0.0,-0.0,0.0
38.429338,349.083191,0.0,-2e-05,0.0
38.439637,348.950958,0.0,-2e-06,0.0
38.446351,348.809021,0.0,1e-06,0.0
38.459729,348.490112,0.0,-1.8e-05,0.0
38.4711,348.309357,0.0,-1e-06,0.0
38.478944,348.112396,0.0,-4e-06,0.0
38.485404,347.900238,0.0,-7e-06,0.0
38.494967,347.674561,0.0,9e-06,0.0
38.504025,347.437469,0.0,-2e-05,0.0
38.515793,347.063232,0.0,-1.4e-05,0.0
38.528041,346.670593,0.0,-8e-06,0.0
38.53941,346.263672,0.0,-1e-05,0.0
38.547048,345.986481,0.0,-2e-06,0.0
38.555619,345.705414,0.0,1e-06,0.0
38.561827,345.419922,0.0,3e-06,0.0
38.57877,344.833618,0.0,-1.2e-05,0.0
38.587873,344.532532,0.0,-5e-06,0.0
38.592096,344.226959,0.0,3e-06,0.0
38.603011,343.91748,0.0,-1.3e-05,0.0
38.61093,343.604645,0.0,5e-06,0.0
38.614012,343.289215,0.0,-1e-05,0.0
38.626999,342.971741,0.0,-1.8e-05,0.0
38.641776,342.333191,0.0,-1.2e-05,0.0
38.650048,342.013306,0.0,-1e-06,0.0
38.659042,341.69342,0.0,8e-06,0.0
38.665126,341.373566,0.0,-1.8e-05,0.0
38.674313,341.05368,0.0,-5e-06,0.0
38.683751,340.733795,0.0,4e-06,0.0
38.689628,340.413879,0.0,1e-06,0.0
38.711094,339.614227,0.0,-8e-06,0.0
38.719085,339.294373,0.0,-0.0,0.0
38.726205,338.974487,0.0,7e-06,0.0
38.733775,338.654602,0.0,-1.8e-05,0.0
38.742132,338.334717,0.0,-2.1e-05,0.0
38.749377,338.014862,0.0,-4e-06,0.0
38.758769,337.694977,0.0,1e-06,0.0
38.773377,337.055237,0.0,-0.0,0.0
38.781121,336.735352,0.0,-1.4e-05,0.0
38.791302,336.415466,0.0,-1.6e-05,0.0
38.798442,336.095612,0.0,1e-06,0.0
38.807044,335.775726,0.0,4e-06,0.0
38.812093,335.455841,0.0,-3e-06,0.0
38.823486,335.135986,0.0,-8e-06,0.0
38.828028,334.816101,0.0,7e-06,0.0
38.847715,334.176331,0.0,-1.7e-05,0.0
38.854479,333.856445,0.0,1.5e-05,0.0
38.861598,333.536591,0.0,-2.6e-05,0.0
38.875557,333.056793,0.0,-1.2e-05,0.0
38.882807,332.736908,0.0,-5e-06,0.0
38.891451,332.417023,0.0,-1e-06,0.0
38.907499,331.777283,0.0,-1.9e-05,0.0
38.912547,331.457397,0.0,-6e-06,0.0
38.923322,331.137482,0.0,4e-06,0.0
38.923322,330.817657,0.0,-1e-06,0.0
38.938812,330.497772,0.0,0.0,0.0
38.947893,330.177887,0.0,5e-06,0.0
38.959626,329.69809,0.0,-1.5e-05,0.0
38.965014,329.378204,0.0,-2e-06,0.0
38.979898,328.898407,0.0,-1.7e-05,0.0
38.996105,328.098694,0.0,-4e-06,0.0
39.006657,327.778839,0.0,-3e-06,0.0
39.014989,327.458954,0.0,-2e-06,0.0
39.022924,327.139069,0.0,-1.8e-05,0.0
39.029967,326.819214,0.0,-1e-06,0.0
39.039621,326.499329,0.0,-1.2e-05,0.0
39.046014,326.179443,0.0,-7e-06,0.0
39.068793,325.539703,0.0,-1.5e-05,0.0
39.080187,324.899963,0.0,-1.2e-05,0.0
39.092068,324.420135,0.0,-6e-06,0.0
39.103287,323.940277,0.0,-0.0,0.0
39.109631,323.46051,0.0,1.1e-05,0.0
39.12276,323.140594,0.0,1.2e-05,0.0
39.140011,322.500916,0.0,-2.9e-05,0.0
39.147253,322.021057,0.0,1e-05,0.0
39.158368,321.701202,0.0,-4e-06,0.0
39.166526,321.381317,0.0,-3e-06,0.0
39.173142,321.061432,0.0,-4e-06,0.0
39.181976,320.741547,0.0,8e-06,0.0
39.190037,320.421692,0.0,8e-06,0.0
39.206192,319.781921,0.0,-6e-06,0.0
39.219124,319.302094,0.0,-8e-06,0.0
39.223859,318.982208,0.0,5e-06,0.0
39.239777,318.502441,0.0,-8e-06,0.0
39.247376,318.182556,0.0,5e-06,0.0
39.255896,317.702728,0.0,-9e-06,0.0
39.267252,317.382874,0.0,-2.3e-05,0.0
39.281181,316.743134,0.0,-9e-06,0.0
39.291607,316.423248,0.0,9e-06,0.0
39.296338,316.103363,0.0,6e-06,0.0
39.307628,315.783478,0.0,-2e-06,0.0
39.315316,315.463654,0.0,0.0,0.0
39.324023,315.143707,0.0,4e-06,0.0
39.33002,314.823853,0.0,9e-06,0.0
39.339482,314.503967,0.0,-2e-06,0.0
39.347239,314.184113,0.0,3e-06,0.0
39.362528,313.544342,0.0,-2e-06,0.0
39.372277,313.224487,0.0,-3e-06,0.0
39.378493,312.744629,0.0,9e-06,0.0
39.391498,312.264862,0.0,-1.6e-05,0.0
39.403288,311.945007,0.0,-1.2e-05,0.0
39.408977,311.625092,0.0,-8e-06,0.0
39.419526,311.305237,0.0,-2e-06,0.0
39.435033,310.665436,0.0,7e-06,0.0
39.44059,310.345581,0.0,-6e-06,0.0
39.450488,310.025726,0.0,2e-06,0.0
39.456113,309.705841,0.0,6e-06,0.0
39.465793,309.385925,0.0,-3e-06,0.0
39.474671,309.066132,0.0,-1.4e-05,0.0
39.474671,308.746216,0.0,-2e-06,0.0
39.49217,308.426331,0.0,-1.2e-05,0.0
39.496752,308.106476,0.0,2e-06,0.0
39.507774,307.786591,0.0,-8e-06,0.0
39.513889,307.466705,0.0,4e-06,0.0
39.52268,306.826965,0.0,5e-06,0.0
39.54393,306.347168,0.0,-1.4e-05,0.0
39.547145,306.027283,0.0,-1.5e-05,0.0
39.55899,305.707397,0.0,0.0,0.0
39.566028,305.387482,0.0,-0.0,0.0
39.574569,305.067657,0.0,-1.3e-05,0.0
39.581251,304.747772,0.0,-2.3e-05,0.0
39.5901,304.427887,0.0,5e-06,0.0
39.607705,303.788147,0.0,5e-06,0.0
39.61288,303.468262,0.0,-2e-06,0.0
39.623432,303.148376,0.0,7e-06,0.0
39.629603,302.668579,0.0,6e-06,0.0
39.643895,302.348694,0.0,-1.1e-05,0.0
39.650044,302.028778,0.0,8e-06,0.0
39.65782,301.708954,0.0,-1e-05,0.0
39.675217,301.069183,0.0,-2e-06,0.0
39.683959,300.749329,0.0,1e-05,0.0
39.689814,300.269501,0.0,-1.8e-05,0.0
39.702946,299.949615,0.0,1.7e-05,0.0
39.709752,299.469788,0.0,4e-06,0.0
39.723298,299.149902,0.0,3e-06,0.0
39.739097,298.510193,0.0,-1e-06,0.0
39.747176,298.190308,0.0,5e-06,0.0
39.755772,297.870422,0.0,-3e-06,0.0
39.761964,297.390625,0.0,-5e-06,0.0
39.775238,297.07074,0.0,-1.2e-05,0.0
39.782005,296.750885,0.0,1e-06,0.0
39.789885,296.431,0.0,-0.0,0.0
39.806069,295.791229,0.0,-5e-06,0.0
39.812895,295.471405,0.0,-1.4e-05,0.0
39.82384,295.151489,0.0,6e-06,0.0
39.828709,294.831604,0.0,-1.7e-05,0.0
39.840185,294.511749,0.0,1e-06,0.0
39.841843,294.191833,0.0,3e-06,0.0
39.854716,293.871948,0.0,1.5e-05,0.0
39.862806,293.552124,0.0,1e-05,0.0
39.871818,293.232239,0.0,-1.4e-05,0.0
39.879407,292.752411,0.0,-3e-06,0.0
39.889831,292.432556,0.0,-7e-06,0.0
39.897754,292.112671,0.0,1e-05,0.0
39.914834,291.472931,0.0,-1.3e-05,0.0
39.922946,291.153015,0.0,3e-06,0.0
39.929381,290.83316,0.0,5e-06,0.0
39.940356,290.513306,0.0,4e-06,0.0
39.945861,290.033447,0.0,1e-05,0.0
39.957968,289.713593,0.0,-0.0,0.0
39.967211,289.393738,0.0,-1.5e-05,0.0
39.973288,289.073853,0.0,1e-06,0.0
39.989599,288.434113,0.0,-1.1e-05,0.0
39.997694,288.114227,0.0,-3e-06,0.0
40.0078,287.794342,0.0,-6e-06,0.0
40.012963,287.474457,0.0,-6e-06,0.0
40.022938,287.154602,0.0,9e-06,0.0
40.03025,286.834717,0.0,-9e-06,0.0
40.03897,286.514801,0.0,7e-06,0.0
40.05569,285.875092,0.0,-1e-06,0.0
40.062225,285.555176,0.0,-1e-06,0.0
40.071267,285.235382,0.0,-1e-05,0.0
40.07813,284.915466,0.0,9e-06,0.0
40.086485,284.595581,0.0,-3e-06,0.0
40.094311,284.275726,0.0,2.3e-05,0.0
40.101117,283.955841,0.0,-4e-06,0.0
40.110407,283.476013,0.0,7e-06,0.0
40.130147,282.836273,0.0,-2e-06,0.0
40.13939,282.516388,0.0,-0.0,0.0
40.145402,282.036591,0.0,-1e-05,0.0
40.158868,281.556763,0.0,-2.2e-05,0.0
40.171191,281.236908,0.0,-1e-06,0.0
40.179427,280.917023,0.0,-1.8e-05,0.0
40.186293,280.597137,0.0,1.2e-05,0.0
40.20171,279.957397,0.0,-4e-06,0.0
40.209312,279.637512,0.0,-8e-06,0.0
40.217042,279.317627,0.0,-1e-05,0.0
40.226228,278.997803,0.0,3e-06,0.0
40.235075,278.677887,0.0,2e-06,0.0
40.238966,278.358002,0.0,-1.1e-05,0.0
40.249272,278.038147,0.0,4e-06,0.0
40.258734,277.718262,0.0,-1e-06,0.0
40.274224,277.078522,0.0,-6e-06,0.0
40.282955,276.758636,0.0,-3e-06,0.0
40.289555,276.438751,0.0,-1.6e-05,0.0
40.297152,276.118866,0.0,-9e-06,0.0
40.306417,275.799011,0.0,-5e-06,0.0
40.315278,275.479095,0.0,-3e-06,0.0
40.323041,275.159241,0.0,-1.1e-05,0.0
40.329473,274.839386,0.0,1.4e-05,0.0
40.345953,274.199615,0.0,1.1e-05,0.0
40.358763,273.719849,0.0,-9e-06,0.0
40.360762,273.399933,0.0,5e-06,0.0
40.373802,273.080048,0.0,-8e-06,0.0
40.382419,272.760193,0.0,1e-06,0.0
40.389304,272.440308,0.0,-3e-06,0.0
40.397768,272.120422,0.0,-4e-06,0.0
40.412899,271.800568,0.0,0.0,0.0
40.435081,270.680969,0.0,-6e-06,0.0
40.440129,270.361115,0.0,1e-06,0.0
40.449811,270.041229,0.0,-1.5e-05,0.0
40.458509,269.721405,0.0,-9e-06,0.0
40.458509,269.401489,0.0,-6e-06,0.0
40.475742,269.081604,0.0,-8e-06,0.0
40.482976,268.761749,0.0,-7e-06,0.0
40.490545,268.441833,0.0,-8e-06,0.0
40.507109,267.802124,0.0,-1e-06,0.0
40.514368,267.482239,0.0,1.4e-05,0.0
40.523537,267.162354,0.0,6e-06,0.0
40.529078,266.842468,0.0,4e-06,0.0
40.540094,266.522614,0.0,-1e-06,0.0
40.546654,266.202728,0.0,-4e-06,0.0
40.554572,265.882843,0.0,1.2e-05,0.0
40.571554,265.243103,0.0,-8e-06,0.0
40.574233,264.923218,0.0,2e-06,0.0
40.58817,264.603363,0.0,-8e-06,0.0
40.596224,264.123535,0.0,-6e-06,0.0
40.608182,263.80365,0.0,-1.5e-05,0.0
40.614544,263.483795,0.0,-1.7e-05,0.0
40.623682,263.16391,0.0,1e-06,0.0
40.628948,262.844025,0.0,3e-06,0.0
40.646627,262.204285,0.0,1.4e-05,0.0
40.654937,261.884369,0.0,7e-06,0.0
40.662609,261.564514,0.0,-9e-06,0.0
40.671384,261.244659,0.0,1e-06,0.0
40.679159,260.924774,0.0,-1e-06,0.0
40.686187,260.604889,0.0,-5e-06,0.0
40.695615,260.285034,0.0,4e-06,0.0
40.702251,259.965179,0.0,-1.9e-05,0.0
40.705949,259.645264,0.0,-0.0,0.0
40.718687,259.325409,0.0,4e-06,0.0
40.726653,259.005524,0.0,-1e-06,0.0
40.743564,258.365753,0.0,3e-06,0.0
40.749553,258.045929,0.0,-7e-06,0.0
40.758293,257.726013,0.0,-2e-06,0.0
40.76507,257.406158,0.0,-5e-06,0.0
40.772751,257.086273,0.0,-1.2e-05,0.0
40.782309,256.766418,0.0,6e-06,0.0
40.789649,256.446503,0.0,8e-06,0.0
40.807513,255.80748,0.0,1.2e-05,0.0
40.813633,255.490356,0.0,-5e-06,0.0
40.823276,255.176529,0.0,-7e-06,0.0
40.828292,254.867371,0.0,-7e-06,0.0
40.840034,254.564194,0.0,-5e-06,0.0
40.851265,254.12355,0.0,-6e-06,0.0
40.859893,253.841171,0.0,-3e-06,0.0
40.871311,253.437988,0.0,5e-06,0.0
40.878546,253.060898,0.0,-5e-06,0.0
40.890719,252.706299,0.0,-2e-06,0.0
40.911186,252.15535,0.0,2e-06,0.0
40.923161,251.94902,0.0,1e-06,0.0
40.929905,251.751434,0.0,7e-06,0.0
40.939694,251.563034,0.0,1.3e-05,0.0
40.946754,251.384354,0.0,-1e-05,0.0
40.955605,251.216476,0.0,-6e-06,0.0
40.961888,251.061188,0.0,-1e-06,0.0
40.971359,250.920288,0.0,6e-06,0.0
40.978728,250.795303,0.0,-1e-06,0.0
40.994683,250.589478,0.0,9e-06,0.0
41.000965,250.505035,0.0,-3e-06,0.0
41.010206,250.430786,0.0,1.3e-05,0.0
41.01804,250.36554,0.0,-1.6e-05,0.0
41.026447,250.308121,0.0,-3e-06,0.0
41.035333,250.257309,0.0,3e-06,0.0
41.041855,250.211945,0.0,8e-06,0.0
41.059128,250.133774,0.0,-0.0,0.0
41.065477,250.101227,0.0,3e-06,0.0
41.073873,250.073868,0.0,5e-06,0.0
41.082882,250.051865,0.0,-5e-06,0.0
41.089643,250.03476,0.0,4e-06,0.0
41.098055,250.021881,0.0,-6e-06,0.0
41.107222,250.01268,0.0,-1.3e-05,0.0
41.123082,250.002762,0.0,5e-06,0.0
41.131412,250.000824,0.0,3e-06,0.0
41.139039,250.000107,0.0,2e-06,0.0
41.145675,250.000015,0.0,-6e-06,0.0
41.154931,250.000015,0.0,-6e-06,0.0
41.163189,250.000015,0.0,-6e-06,0.0
41.171366,250.000015,0.0,-6e-06,0.0
41.176231,250.000015,0.0,-6e-06,0.0
41.18801,250.000015,0.0,-6e-06,0.0
41.194938,250.000015,0.0,-6e-06,0.0
41.201445,250.000015,0.0,-6e-06,0.0
41.209689,250.000015,0.0,-6e-06,0.0
41.217184,250.000015,0.0,-6e-06,0.0
41.226505,250.000015,0.0,-6e-06,0.0
41.235239,250.000015,0.0,-6e-06,0.0
41.242457,250.000015,0.0,-6e-06,0.0
41.251454,250.000015,0.0,-6e-06,0.0
41.257252,250.000015,0.0,-6e-06,0.0
41.265924,250.000015,0.0,-6e-06,0.0
41.275022,250.000015,0.0,-6e-06,0.0
41.280852,250.000015,0.0,-6e-06,0.0
41.28946,250.000015,0.0,-6e-06,0.0
41.298634,250.000015,0.0,-6e-06,0.0
41.306635,250.000015,0.0,-6e-06,0.0
41.311682,250.000015,0.0,-6e-06,0.0
41.322652,250.000015,0.0,-6e-06,0.0
41.354796,250.000015,0.0,-6e-06,0.0
41.361403,250.000015,0.0,-6e-06,0.0
41.375335,250.000015,0.0,-6e-06,0.0
41.387688,250.000015,0.0,-6e-06,0.0
41.41207,250.000015,0.0,0.000278,0.0
41.428045,250.000031,0.0,0.009809,0.0
41.439217,250.000015,0.0,0.020803,0.0
41.446951,250.000015,0.0,0.03795,0.0
41.456788,249.999985,0.0,0.062608,0.0
41.458606,250.000046,0.0,0.11669,0.0
41.475315,250.000015,0.0,0.166124,0.0
41.482044,250.000031,0.0,0.227564,0.0
41.49001,250.000015,0.0,0.300287,0.0
41.506536,250.000015,0.0,0.474133,0.0
41.513801,250.000015,0.0,0.572791,0.0
41.523201,250.0,0.0,0.679142,0.0
41.530102,250.000031,0.0,0.793667,0.0
41.539943,250.000031,0.0,0.916797,0.0
41.547502,250.000015,0.0,1.118741,0.0
41.557815,250.0,0.0,1.265978,0.0
41.565378,250.0,0.0,1.425216,0.0
41.574057,250.0,0.0,1.598322,0.0
41.589275,250.000015,0.0,1.991911,0.0
41.59719,250.000015,0.0,2.211038,0.0
41.607731,250.000015,0.0,2.442651,0.0
41.613723,250.000015,0.0,2.685001,0.0
41.623455,250.000015,0.0,2.936763,0.0
41.629513,250.000015,0.0,3.196731,0.0
41.639541,250.000015,0.0,3.463645,0.0
41.645671,250.000015,0.0,3.73631,0.0
41.665995,250.0,0.0,4.43672,0.0
41.674639,250.0,0.0,4.724589,0.0
41.682595,250.000015,0.0,5.017737,0.0
41.691237,250.000015,0.0,5.316314,0.0
41.696354,250.0,0.0,5.619721,0.0
41.707704,250.000015,0.0,5.927351,0.0
41.71377,250.000015,0.0,6.238574,0.0
41.722929,250.0,0.0,6.55278,0.0
41.729677,250.000015,0.0,6.869308,0.0
41.746395,250.000031,0.0,7.506914,0.0
41.755801,250.000015,0.0,7.82674,0.0
41.762813,250.000046,0.0,8.146617,0.0
41.771899,250.000015,0.0,8.466499,0.0
41.773961,250.000015,0.0,8.786385,0.0
41.788334,250.0,0.0,9.106243,0.0
41.790422,249.999985,0.0,9.586068,0.0
41.807445,250.000031,0.0,9.905936,0.0
41.823981,249.999985,0.0,10.545709,0.0
41.829479,250.000015,0.0,10.86557,0.0
41.840322,250.000015,0.0,11.185454,0.0
41.845914,250.000015,0.0,11.505328,0.0
41.856002,250.000015,0.0,11.825202,0.0
41.863768,250.000031,0.0,12.145067,0.0
41.8716,250.000015,0.0,12.464943,0.0
41.880093,250.000015,0.0,12.784821,0.0
41.890903,250.0,0.0,13.264645,0.0
41.907025,250.0,0.0,13.904387,0.0
41.914695,250.000015,0.0,14.224265,0.0
41.923596,250.0,0.0,14.544143,0.0
41.92864,250.000015,0.0,14.864029,0.0
41.940251,250.000031,0.0,15.183902,0.0
41.945529,250.000015,0.0,15.503777,0.0
41.955904,250.000015,0.0,15.823647,0.0
41.956863,250.000046,0.0,16.143522,0.0
41.97147,250.000015,0.0,16.463404,0.0
41.979398,250.000015,0.0,16.783274,0.0
41.986313,250.000015,0.0,17.103153,0.0
42.002272,250.000015,0.0,17.742903,0.0
42.009696,250.000015,0.0,18.062782,0.0
42.01822,250.0,0.0,18.382675,0.0
42.027914,250.000031,0.0,18.702528,0.0
42.03388,250.0,0.0,19.022402,0.0
42.041615,250.000031,0.0,19.342281,0.0
42.050064,250.000015,0.0,19.662142,0.0
42.057756,250.000015,0.0,19.982023,0.0
42.079581,250.000015,0.0,20.941669,0.0
42.090641,249.999985,0.0,21.261534,0.0
42.098367,250.0,0.0,21.581411,0.0
42.106536,250.000015,0.0,21.901299,0.0
42.116583,250.0,0.0,22.221163,0.0
42.132653,250.000015,0.0,22.700985,0.0
42.155048,249.999985,0.0,23.82053,0.0
42.162951,250.000031,0.0,24.140409,0.0
42.172632,250.000031,0.0,24.460289,0.0
42.183893,250.000031,0.0,24.940105,0.0
42.190172,250.000015,0.0,25.259975,0.0
42.197651,249.999985,0.0,25.57987,0.0
42.207787,250.0,0.0,25.899734,0.0
42.215769,250.000015,0.0,26.219601,0.0
42.230298,250.000015,0.0,26.859373,0.0
42.240563,249.999985,0.0,27.179247,0.0
42.245288,250.000031,0.0,27.65906,0.0
42.261805,250.000046,0.0,28.13888,0.0
42.271355,250.0,0.0,28.458736,0.0
42.278993,250.000031,0.0,28.778618,0.0
42.28521,250.000015,0.0,29.098488,0.0
42.301478,249.999985,0.0,29.73826,0.0
42.309918,250.000015,0.0,30.058119,0.0
42.319581,250.000031,0.0,30.378008,0.0
42.32698,249.999985,0.0,30.697876,0.0
42.333752,249.999985,0.0,31.017756,0.0
42.343878,250.000031,0.0,31.337627,0.0
42.349757,250.000031,0.0,31.657497,0.0
42.357872,250.000015,0.0,31.977385,0.0
42.379426,249.999985,0.0,32.777065,0.0
42.390814,250.000046,0.0,33.256878,0.0
42.393806,250.000015,0.0,33.576756,0.0
42.407198,250.000015,0.0,33.896633,0.0
42.414345,250.000015,0.0,34.216507,0.0
42.423735,250.000015,0.0,34.536388,0.0
42.440127,250.000031,0.0,35.176147,0.0
42.440127,250.000015,0.0,35.496014,0.0
42.459387,250.000046,0.0,35.975826,0.0
42.461378,250.000031,0.0,36.295696,0.0
42.475309,250.0,0.0,36.615578,0.0
42.481428,250.000046,0.0,36.935452,0.0
42.489774,250.000031,0.0,37.255329,0.0
42.497012,250.000031,0.0,37.575203,0.0
42.506548,250.000015,0.0,37.895081,0.0
42.528063,249.999985,0.0,38.85471,0.0
42.539654,250.000015,0.0,39.174591,0.0
42.546693,250.000015,0.0,39.494457,0.0
42.559529,250.000015,0.0,39.97427,0.0
42.563705,250.0,0.0,40.294159,0.0
42.575513,250.000015,0.0,40.614033,0.0
42.583215,250.0,0.0,40.933895,0.0
42.591968,250.000015,0.0,41.253788,0.0
42.595142,250.000031,0.0,41.573658,0.0
42.606534,250.000015,0.0,41.893532,0.0
42.623004,250.000015,0.0,42.533283,0.0
42.63034,250.000015,0.0,42.853165,0.0
42.639757,250.000015,0.0,43.173035,0.0
42.646378,250.0,0.0,43.492897,0.0
42.655627,250.000031,0.0,43.812778,0.0
42.656581,250.000015,0.0,44.132656,0.0
42.67158,250.000015,0.0,44.45253,0.0
42.673547,250.000015,0.0,44.772419,0.0
42.699457,250.000015,0.0,45.572102,0.0
42.707058,250.000031,0.0,45.891991,0.0
42.714425,250.000015,0.0,46.211853,0.0
42.724195,250.0,0.0,46.531731,0.0
42.728527,250.000015,0.0,46.851601,0.0
42.740245,250.000015,0.0,47.171482,0.0
42.74619,250.000015,0.0,47.651291,0.0
42.758628,250.000015,0.0,47.971176,0.0
42.774066,250.000031,0.0,48.610931,0.0
42.782094,250.000031,0.0,48.930805,0.0
42.791003,250.000015,0.0,49.250671,0.0
42.795192,250.000015,0.0,49.570557,0.0
42.806406,250.000046,0.0,49.890423,0.0
42.814301,250.0,0.0,50.210304,0.0
42.82368,250.000015,0.0,50.530186,0.0
42.82879,250.000015,0.0,51.009987,0.0
42.843781,250.0,0.0,51.329865,0.0
42.863076,250.000031,0.0,52.12957,0.0
42.87506,250.0,0.0,52.609375,0.0
42.883024,249.999985,0.0,52.929253,0.0
42.891344,250.000015,0.0,53.249119,0.0
42.896517,250.0,0.0,53.569,0.0
42.910929,250.000015,0.0,54.048809,0.0
42.918799,250.0,0.0,54.36869,0.0
42.927891,250.0,0.0,54.848503,0.0
42.940147,249.999985,0.0,55.488258,0.0
42.95502,249.999969,0.0,55.808136,0.0
42.963392,250.000031,0.0,56.128006,0.0
42.97149,250.000015,0.0,56.447887,0.0
42.979179,249.999985,0.0,56.767757,0.0
42.990923,250.000015,0.0,57.247578,0.0
42.996727,250.000015,0.0,57.567444,0.0
43.006802,250.0,0.0,57.887333,0.0
43.02417,250.000015,0.0,58.527077,0.0
43.028722,250.0,0.0,58.846951,0.0
43.040015,250.000031,0.0,59.166821,0.0
43.046231,250.000015,0.0,59.646633,0.0
43.05917,250.000015,0.0,59.966515,0.0
43.06599,250.0,0.0,60.286392,0.0
43.073318,249.999985,0.0,60.606266,0.0
43.084196,250.0,0.0,60.926147,0.0
43.097908,250.000015,0.0,61.72583,0.0
43.106484,249.999969,0.0,62.045712,0.0
43.119087,249.999985,0.0,62.365585,0.0
43.125661,249.999969,0.0,62.685478,0.0
43.13408,249.999969,0.0,63.005348,0.0
43.142221,250.000015,0.0,63.325211,0.0
43.150065,249.999985,0.0,63.645088,0.0
43.158089,250.0,0.0,63.964966,0.0
43.172611,250.0,0.0,64.604713,0.0
43.182317,249.999985,0.0,64.924583,0.0
43.190905,250.000015,0.0,65.244476,0.0
43.195131,249.999985,0.0,65.564339,0.0
43.206504,250.000031,0.0,65.884224,0.0
43.213792,250.0,0.0,66.204094,0.0
43.22322,250.000015,0.0,66.523972,0.0
43.229698,249.999969,0.0,66.843842,0.0
43.247954,250.0,0.0,67.483604,0.0
43.254883,250.0,0.0,67.803467,0.0
43.263004,250.000015,0.0,68.123352,0.0
43.271683,250.0,0.0,68.44323,0.0
43.273593,249.999985,0.0,68.763092,0.0
43.285601,250.000015,0.0,69.082985,0.0
43.289724,250.000015,0.0,69.402863,0.0
43.302334,250.0,0.0,69.72274,0.0
43.317886,250.0,0.0,70.36248,0.0
43.325522,249.999969,0.0,70.682358,0.0
43.333248,249.999985,0.0,71.002235,0.0
43.343751,249.999985,0.0,71.322113,0.0
43.349772,250.0,0.0,71.641975,0.0
43.357885,250.000015,0.0,71.961868,0.0
43.365121,250.000015,0.0,72.281731,0.0
43.375584,250.0,0.0,72.601616,0.0
43.391163,250.0,0.0,73.241364,0.0
43.39621,250.000015,0.0,73.561241,0.0
43.407531,250.000031,0.0,73.881126,0.0
43.412728,250.000031,0.0,74.200989,0.0
43.423842,250.000031,0.0,74.520866,0.0
43.428028,250.000015,0.0,74.840752,0.0
43.43953,249.999969,0.0,75.160622,0.0
43.457252,250.000015,0.0,75.96032,0.0
43.468702,249.999985,0.0,76.440125,0.0
43.478869,250.000031,0.0,76.76001,0.0
43.488482,250.000015,0.0,77.079857,0.0
43.494756,250.000015,0.0,77.559692,0.0
43.508313,250.0,0.0,77.879562,0.0
43.512323,249.999969,0.0,78.359375,0.0
43.540143,249.999985,0.0,79.159058,0.0
43.547614,250.000015,0.0,79.478951,0.0
43.556512,250.000015,0.0,79.798828,0.0
43.563018,249.999985,0.0,80.118698,0.0
43.572563,249.999969,0.0,80.438576,0.0
43.578902,250.000015,0.0,80.758461,0.0
43.578902,250.000015,0.0,81.078331,0.0
43.595454,250.0,0.0,81.398193,0.0
43.610162,250.0,0.0,82.037949,0.0
43.617302,250.0,0.0,82.357826,0.0
43.626369,250.000031,0.0,82.677711,0.0
43.633279,250.0,0.0,82.997589,0.0
43.643267,249.999985,0.0,83.317451,0.0
43.649251,250.0,0.0,83.637329,0.0
43.656551,249.999969,0.0,83.957222,0.0
43.674648,249.999985,0.0,84.596947,0.0
43.681644,250.000015,0.0,84.916847,0.0
43.69181,250.000015,0.0,85.23671,0.0
43.697873,249.999985,0.0,85.55658,0.0
43.706206,250.000031,0.0,85.876457,0.0
43.713327,250.0,0.0,86.196335,0.0
43.723409,249.999969,0.0,86.516212,0.0
43.739431,249.999985,0.0,87.155968,0.0
43.746044,250.0,0.0,87.47583,0.0
43.755857,249.999969,0.0,87.795715,0.0
43.759971,249.999985,0.0,88.115601,0.0
43.771541,249.999969,0.0,88.435471,0.0
43.788217,249.999985,0.0,88.915283,0.0
43.794725,250.000031,0.0,89.395088,0.0
43.812245,249.999969,0.0,90.194794,0.0
43.823046,250.000031,0.0,90.514664,0.0
43.829122,250.000015,0.0,90.834541,0.0
43.839343,249.999954,0.0,91.154419,0.0
43.840188,250.0,0.0,91.474289,0.0
43.856838,250.0,0.0,91.954102,0.0
43.866625,250.000031,0.0,92.273994,0.0
43.882447,250.000015,0.0,92.913727,0.0
43.890062,249.999985,0.0,93.233612,0.0
43.897927,249.999985,0.0,93.553482,0.0
43.906857,250.000031,0.0,93.873322,0.0
43.915192,249.999985,0.0,94.351395,0.0
43.925742,250.0,0.0,94.667053,0.0
43.93385,250.0,0.0,94.978722,0.0
43.942141,250.0,0.0,95.285065,0.0
43.958116,250.000015,0.0,95.876434,0.0
43.965325,249.999985,0.0,96.158813,0.0
43.976164,250.0,0.0,96.43055,0.0
43.983195,250.0,0.0,96.690475,0.0
43.990062,249.999985,0.0,96.939095,0.0
43.998133,249.999969,0.0,97.177734,0.0
44.011382,249.999985,0.0,97.519844,0.0
44.026276,250.0,0.0,97.948891,0.0
44.035921,249.999985,0.0,98.150879,0.0
44.042754,249.999985,0.0,98.343925,0.0
44.049765,250.0,0.0,98.527557,0.0
44.059483,250.000015,0.0,98.70105,0.0
44.066047,249.999969,0.0,98.862854,0.0
44.073688,250.000015,0.0,99.011177,0.0
44.090211,249.999985,0.0,99.261292,0.0
44.099211,249.999985,0.0,99.363983,0.0
44.10748,250.000031,0.0,99.454086,0.0
44.112489,250.000031,0.0,99.533302,0.0
44.124218,249.999985,0.0,99.602882,0.0
44.128942,249.999985,0.0,99.664062,0.0
44.140435,250.000015,0.0,99.718056,0.0
44.146771,249.999985,0.0,99.765953,0.0
44.155475,249.999969,0.0,99.809067,0.0
44.16352,249.999985,0.0,99.848206,0.0
44.178565,249.999985,0.0,99.913132,0.0
44.186292,250.0,0.0,99.937775,0.0
44.195101,250.0,0.0,99.957245,0.0
44.20402,250.0,0.0,99.972168,0.0
44.211028,250.0,0.0,99.983154,0.0
44.217735,249.999985,0.0,99.990768,0.0
44.226866,249.999969,0.0,99.995667,0.0
44.233986,250.000015,0.0,99.998413,0.0
44.244077,250.0,0.0,99.999664,0.0
44.258152,249.999969,0.0,100.0,0.0
44.265834,249.999969,0.0,100.0,0.0
44.273628,249.999969,0.0,100.0,0.0
44.283295,249.999969,0.0,100.0,0.0
44.289334,249.999969,0.0,100.0,0.0
44.298248,249.999969,0.0,100.0,0.0
44.306159,249.999969,0.0,100.0,0.0
44.314802,249.999969,0.0,100.0,0.0
44.323159,249.999969,0.0,100.0,0.0
44.329515,249.999969,0.0,100.0,0.0
44.339821,249.999969,0.0,100.0,0.0
44.346076,249.999969,0.0,100.0,0.0
44.357074,249.999969,0.0,100.0,0.0
44.367519,249.999969,0.0,100.0,0.0
44.373915,249.999969,0.0,100.0,0.0
44.381335,249.999969,0.0,100.0,0.0
44.390354,249.999969,0.0,100.0,0.0
44.398165,249.999969,0.0,100.0,0.0
44.407951,249.999969,0.0,100.0,0.0
44.412997,249.999969,0.0,100.0,0.0
44.423959,249.999969,0.0,100.0,0.0
44.429054,249.999969,0.0,100.0,0.0
44.440688,249.999969,0.0,100.0,0.0
44.444776,249.999969,0.0,100.0,0.0
44.459487,249.999969,0.0,100.0,0.0
44.479155,249.999969,0.0,100.0,0.0
44.494792,249.999969,0.0,100.0,0.0
44.510812,249.999969,0.0,100.0,0.0
44.523483,249.999969,0.0,100.0,0.0
44.530497,249.999969,0.0,100.0,0.0
44.539762,249.999969,0.0,100.0,0.0
44.554976,250.000275,0.0,100.0,0.0
44.5595,250.001877,0.0,100.0,0.0
44.579343,250.020798,0.0,100.0,0.0
44.591156,250.037903,0.0,100.0,0.0
44.599433,250.062561,0.0,100.0,0.0
44.606612,250.096146,0.0,100.000008,0.0
44.614053,250.139908,0.0,100.0,0.0
44.623392,250.195297,0.0,99.999992,0.0
44.62965,250.262589,0.0,100.000008,0.0
44.639395,250.340393,0.0,100.0,0.0
44.655978,250.522461,0.0,100.0,0.0
44.662655,250.624954,0.0,100.0,0.0
44.669829,250.735367,0.0,100.0,0.0
44.679072,250.85408,0.0,100.0,0.0
44.679072,250.98172,0.0,100.000008,0.0
44.695043,251.118698,0.0,100.0,0.0
44.704023,251.265945,0.0,100.0,0.0
44.723558,251.690628,0.0,100.0,0.0
44.73099,251.887558,0.0,100.0,0.0
44.739574,252.099777,0.0,100.0,0.0
44.747223,252.325363,0.0,100.0,0.0
44.755688,252.562561,0.0,100.0,0.0
44.764025,252.809738,0.0,99.999992,0.0
44.772765,253.065781,0.0,100.0,0.0
44.77807,253.463638,0.0,100.000008,0.0
44.791654,253.736313,0.0,100.000008,0.0
44.806211,254.294586,0.0,100.0,0.0
44.815968,254.580017,0.0,100.0,0.0
44.823327,254.870453,0.0,100.0,0.0
44.830022,255.166351,0.0,100.0,0.0
44.839954,255.61969,0.0,100.0,0.0
44.851915,255.927338,0.0,100.0,0.0
44.859553,256.238556,0.0,100.0,0.0
44.865684,256.552734,0.0,100.0,0.0
44.882978,257.187531,0.0,100.0,0.0
44.892104,257.506866,0.0,100.0,0.0
44.896111,257.826691,0.0,100.0,0.0
44.908206,258.146637,0.0,100.000008,0.0
44.912339,258.466492,0.0,100.0,0.0
44.922999,258.786346,0.0,100.0,0.0
44.930088,259.106201,0.0,100.0,0.0
44.93938,259.426147,0.0,100.0,0.0
44.946672,259.745972,0.0,100.0,0.0
44.963779,260.385773,0.0,100.000008,0.0
44.971602,260.705597,0.0,100.0,0.0
44.976596,261.025421,0.0,100.0,0.0
44.986557,261.345367,0.0,100.0,0.0
44.989946,261.665222,0.0,100.0,0.0
45.003305,261.985107,0.0,100.000008,0.0
45.010067,262.305023,0.0,100.0,0.0
45.027467,262.944733,0.0,100.0,0.0
45.033382,263.264587,0.0,100.0,0.0
45.042243,263.584534,0.0,100.000008,0.0
45.049071,263.904358,0.0,100.0,0.0
45.058831,264.224274,0.0,100.0,0.0
45.065358,264.544159,0.0,100.0,0.0
45.073492,264.864014,0.0,100.0,0.0
45.090182,265.503784,0.0,100.0,0.0
45.098187,265.823608,0.0,100.0,0.0
45.107987,266.143494,0.0,100.0,0.0
45.115837,266.463379,0.0,100.0,0.0
45.123641,266.783295,0.0,100.0,0.0
45.129203,267.103149,0.0,100.0,0.0
45.141173,267.423004,0.0,100.0,0.0
45.143525,267.902802,0.0,100.0,0.0
45.160487,268.222656,0.0,100.0,0.0
45.166801,268.702484,0.0,100.0,0.0
45.187241,269.342224,0.0,100.0,0.0
45.190387,269.66214,0.0,100.0,0.0
45.20306,269.982025,0.0,100.0,0.0
45.207038,270.30188,0.0,100.0,0.0
45.218457,270.621735,0.0,100.0,0.0
45.22603,270.94165,0.0,100.0,0.0
45.235715,271.261475,0.0,100.0,0.0
45.249308,271.901276,0.0,100.0,0.0
45.257933,272.2211,0.0,100.0,0.0
45.268054,272.541046,0.0,100.0,0.0
45.274819,272.860901,0.0,100.0,0.0
45.281858,273.180786,0.0,100.0,0.0
45.289923,273.50061,0.0,100.0,0.0
45.299309,273.820526,0.0,100.0,0.0
45.306713,274.140411,0.0,100.0,0.0
45.316263,274.460266,0.0,100.0,0.0
45.328602,275.100006,0.0,100.000008,0.0
45.340099,275.419891,0.0,100.0,0.0
45.345642,275.739777,0.0,100.0,0.0
45.356279,276.059662,0.0,100.0,0.0
45.367989,276.539429,0.0,100.0,0.0
45.376003,276.859344,0.0,100.0,0.0
45.380183,277.17923,0.0,100.0,0.0
45.391105,277.499054,0.0,100.0,0.0
45.396483,277.818939,0.0,100.0,0.0
45.419396,278.618652,0.0,100.0,0.0
45.42378,278.938507,0.0,100.0,0.0
45.433986,279.258453,0.0,100.0,0.0
45.442805,279.578278,0.0,100.0,0.0
45.449436,279.898132,0.0,100.0,0.0
45.459635,280.218048,0.0,100.0,0.0
45.462196,280.537872,0.0,100.0,0.0
45.477409,280.857788,0.0,100.0,0.0
45.499846,281.817413,0.0,100.0,0.0
45.50718,282.137329,0.0,100.0,0.0
45.514644,282.457184,0.0,100.0,0.0
45.523855,282.777008,0.0,100.0,0.0
45.52985,283.096924,0.0,100.0,0.0
45.539542,283.416809,0.0,100.0,0.0
45.545723,283.736664,0.0,100.0,0.0
45.56172,284.376434,0.0,100.0,0.0
45.57001,284.696289,0.0,100.0,0.0
45.573738,285.016174,0.0,100.0,0.0
45.587487,285.33606,0.0,100.0,0.0
45.595706,285.655945,0.0,100.0,0.0
45.602089,285.97583,0.0,100.0,0.0
45.610113,286.295654,0.0,100.0,0.0
45.618535,286.61554,0.0,100.0,0.0
45.626741,286.935425,0.0,100.0,0.0
45.643079,287.575165,0.0,100.0,0.0
45.649868,287.89505,0.0,100.0,0.0
45.657719,288.214905,0.0,100.000008,0.0
45.671825,288.694763,0.0,100.0,0.0
45.67906,289.014618,0.0,100.0,0.0
45.687798,289.334503,0.0,100.0,0.0
45.694289,289.654358,0.0,100.0,0.0
45.708746,290.454071,0.0,100.0,0.0
45.72349,290.773956,0.0,100.0,0.0
45.7306,291.093811,0.0,100.0,0.0
45.740666,291.413696,0.0,100.0,0.0
45.747037,291.893524,0.0,100.0,0.0
45.761743,292.373352,0.0,99.999992,0.0
45.779231,293.013092,0.0,100.0,0.0
45.786242,293.332947,0.0,100.0,0.0
45.795375,293.652802,0.0,100.000008,0.0
45.80457,293.972687,0.0,100.0,0.0
45.812199,294.292572,0.0,100.0,0.0
45.818016,294.612457,0.0,100.0,0.0
45.827615,294.932343,0.0,100.0,0.0
45.841395,295.572052,0.0,100.0,0.0
45.850022,295.891968,0.0,100.0,0.0
45.857178,296.211823,0.0,100.0,0.0
45.866347,296.531738,0.0,100.0,0.0
45.873914,296.851562,0.0,100.0,0.0
45.88186,297.171509,0.0,100.0,0.0
45.889967,297.491333,0.0,100.0,0.0
45.906772,298.131104,0.0,100.0,0.0
45.913261,298.450958,0.0,100.0,0.0
45.923044,298.770844,0.0,100.0,0.0
45.929139,299.090729,0.0,100.0,0.0
45.940294,299.410583,0.0,100.0,0.0
45.940294,299.730469,0.0,100.0,0.0
45.958002,300.210297,0.0,100.0,0.0
45.979444,301.169922,0.0,100.0,0.0
45.990476,301.649719,0.0,100.0,0.0
46.00271,301.969604,0.0,100.0,0.0
46.011791,302.449402,0.0,100.0,0.0
46.023416,302.92923,0.0,100.0,0.0
46.035563,303.249115,0.0,100.0,0.0
46.043332,303.728912,0.0,100.0,0.0
46.056802,304.368683,0.0,100.0,0.0
46.071916,304.688538,0.0,100.0,0.0
46.078762,305.008423,0.0,100.0,0.0
46.08771,305.328308,0.0,100.0,0.0
46.095073,305.648163,0.0,100.0,0.0
46.101854,305.968079,0.0,100.0,0.0
46.106972,306.447845,0.0,100.0,0.0
46.130349,307.087616,0.0,100.0,0.0
46.139552,307.407501,0.0,100.0,0.0
46.147201,307.727356,0.0,100.0,0.0
46.156171,308.047241,0.0,100.0,0.0
46.1607,308.367126,0.0,100.0,0.0
46.171676,308.686981,0.0,100.0,0.0
46.179595,309.006866,0.0,100.0,0.0
46.185902,309.326752,0.0,100.0,0.0
46.202951,309.966492,0.0,100.0,0.0
46.211336,310.286377,0.0,100.0,0.0
46.217593,310.606262,0.0,100.0,0.0
46.228175,310.926117,0.0,100.0,0.0
46.234404,311.246002,0.0,100.0,0.0
46.242849,311.565887,0.0,100.0,0.0
46.249584,311.885712,0.0,100.000008,0.0
46.257149,312.205597,0.0,100.0,0.0
46.273561,312.845398,0.0,100.0,0.0
46.281368,313.165253,0.0,100.0,0.0
46.290081,313.485107,0.0,100.000008,0.0
46.300186,313.805023,0.0,100.0,0.0
46.30653,314.124878,0.0,100.0,0.0
46.313933,314.444733,0.0,100.0,0.0
46.324205,314.764648,0.0,100.0,0.0
46.340208,315.404388,0.0,100.0,0.0
46.346321,315.724274,0.0,100.0,0.0
46.356601,316.044128,0.0,100.0,0.0
46.359597,316.363983,0.0,100.0,0.0
46.372887,316.683868,0.0,100.000008,0.0
46.379196,317.163727,0.0,100.0,0.0
46.390521,317.483582,0.0,100.000008,0.0
46.408153,318.123322,0.0,100.0,0.0
46.414021,318.443207,0.0,100.0,0.0
46.423281,318.763092,0.0,100.0,0.0
46.42943,319.082977,0.0,100.0,0.0
46.439905,319.402863,0.0,100.0,0.0
46.445176,319.722748,0.0,100.0,0.0
46.456285,320.042603,0.0,100.0,0.0
46.459922,320.362488,0.0,99.999992,0.0
46.479847,321.002197,0.0,100.000008,0.0
46.480803,321.322052,0.0,100.000008,0.0
46.496137,321.641968,0.0,100.0,0.0
46.501841,321.961853,0.0,100.0,0.0
46.510514,322.44162,0.0,100.000008,0.0
46.52381,322.761536,0.0,100.0,0.0
46.529594,323.081421,0.0,100.0,0.0
46.539511,323.401245,0.0,100.0,0.0
46.546235,323.721161,0.0,100.0,0.0
46.563907,324.520874,0.0,99.999992,0.0
46.573841,324.840729,0.0,100.0,0.0
46.584463,325.160583,0.0,100.0,0.0
46.590449,325.480469,0.0,100.0,0.0
46.599241,325.800323,0.0,100.0,0.0
46.607347,326.120239,0.0,100.0,0.0
46.613546,326.440094,0.0,100.000008,0.0
46.623948,326.76001,0.0,99.999992,0.0
46.639616,327.399719,0.0,100.0,0.0
46.646492,327.719574,0.0,100.0,0.0
46.655159,328.03949,0.0,100.0,0.0
46.66036,328.359375,0.0,100.0,0.0
46.673919,328.839172,0.0,100.0,0.0
46.68213,329.159027,0.0,100.0,0.0
46.691425,329.478943,0.0,100.0,0.0
46.695513,329.798798,0.0,100.0,0.0
46.71345,330.59848,0.0,100.0,0.0
46.72742,330.918365,0.0,100.0,0.0
46.735565,331.238251,0.0,100.0,0.0
46.740323,331.558136,0.0,100.0,0.0
46.750013,331.877991,0.0,100.0,0.0
46.757829,332.197876,0.0,100.0,0.0
46.767463,332.517731,0.0,100.0,0.0
46.773605,332.837616,0.0,100.0,0.0
46.781458,333.157501,0.0,100.0,0.0
46.799381,333.797241,0.0,100.0,0.0
46.80794,334.117126,0.0,100.0,0.0
46.813078,334.436981,0.0,100.0,0.0
46.823947,334.756897,0.0,100.0,0.0
46.829068,335.076752,0.0,100.0,0.0
46.839733,335.396637,0.0,100.0,0.0
46.84017,335.716522,0.0,100.000008,0.0
46.857457,336.036407,0.0,100.0,0.0
46.863863,336.516205,0.0,100.0,0.0
46.875451,336.996002,0.0,100.0,0.0
46.891448,337.47583,0.0,100.0,0.0
46.895559,337.795715,0.0,100.0,0.0
46.916371,338.435425,0.0,100.0,0.0
46.92778,338.915283,0.0,100.0,0.0
46.940165,339.395081,0.0,100.0,0.0
46.947265,339.874908,0.0,100.0,0.0
46.959825,340.354706,0.0,100.0,0.0
46.971578,340.674591,0.0,100.0,0.0
46.985605,341.314331,0.0,100.0,0.0
46.990333,341.634247,0.0,100.0,0.0
47.002465,341.954102,0.0,100.0,0.0
47.012407,342.273926,0.0,100.000008,0.0
47.01335,342.593872,0.0,99.999992,0.0
47.027507,343.073639,0.0,100.0,0.0
47.039923,343.393524,0.0,100.0,0.0
47.058494,344.351379,0.0,100.0,0.0
47.07193,344.667053,0.0,99.999992,0.0
47.07968,344.978699,0.0,100.000008,0.0
47.07968,345.285065,0.0,100.0,0.0
47.096795,345.731628,0.0,100.000008,0.0
47.107377,346.01886,0.0,100.000008,0.0
47.124226,346.562012,0.0,100.0,0.0
47.12949,346.816132,0.0,100.0,0.0
47.140668,347.05957,0.0,100.0,0.0
47.145485,347.407715,0.0,99.999992,0.0
47.157816,347.630066,0.0,100.0,0.0
47.166569,347.844635,0.0,100.0,0.0
47.174385,348.050964,0.0,100.0,0.0
47.184201,348.248535,0.0,100.0,0.0
47.199574,348.527557,0.0,100.0,0.0
47.210245,348.783539,0.0,100.0,0.0
47.226984,349.204651,0.0,100.0,0.0
47.23874,349.314331,0.0,100.0,0.0
47.240212,349.410461,0.0,100.0,0.0
47.255445,349.494934,0.0,100.000008,0.0
47.260333,349.569214,0.0,100.0,0.0
47.272056,349.63446,0.0,100.000008,0.0
47.28737,349.742676,0.0,100.0,0.0
47.295475,349.788055,0.0,100.0,0.0
47.302164,349.829132,0.0,100.000008,0.0
47.309858,349.883118,0.0,100.0,0.0
47.324209,349.913147,0.0,100.0,0.0
47.328245,349.937744,0.0,100.000008,0.0
47.339591,349.957275,0.0,99.999992,0.0
47.347785,349.972137,0.0,100.0,0.0
47.362495,349.990723,0.0,100.000008,0.0
47.370385,349.995667,0.0,100.0,0.0
47.379531,349.998413,0.0,100.0,0.0
47.379531,349.999695,0.0,100.0,0.0
47.395385,350.0,0.0,100.0,0.0
47.402459,350.0,0.0,100.0,0.0
47.410633,350.0,0.0,100.0,0.0
47.417375,350.0,0.0,100.0,0.0
47.427185,350.0,0.0,100.0,0.0
47.434203,350.0,0.0,100.0,0.0
47.44238,350.0,0.0,100.0,0.0
47.450699,350.0,0.0,100.0,0.0
47.459653,350.0,0.0,100.0,0.0
47.466105,350.0,0.0,100.0,0.0
47.473473,350.0,0.0,100.0,0.0
47.483379,350.0,0.0,100.0,0.0
47.492291,350.0,0.0,100.0,0.0
47.496294,350.0,0.0,100.0,0.0
47.507856,350.0,0.0,100.0,0.0
47.51352,350.0,0.0,100.0,0.0
47.523289,350.0,0.0,100.0,0.0
47.530554,350.0,0.0,100.0,0.0
47.542228,350.0,0.0,100.0,0.0
47.550174,350.0,0.0,100.0,0.0
47.559496,350.0,0.0,100.0,0.0
47.56638,350.0,0.0,100.0,0.0
47.575623,350.0,0.0,100.0,0.0
47.590507,350.0,0.0,100.0,0.0
47.607169,350.0,0.0,100.0,0.0
47.623789,350.0,0.0,100.0,0.0
47.635059,350.0,0.0,100.0,0.0
47.647854,350.0,0.0,100.0,0.0
47.66379,350.0,0.0,99.999725,0.0
47.678537,350.000031,0.0,99.985367,0.0
47.695661,350.0,0.0,99.971466,0.0
47.702824,350.0,0.0,99.950752,0.0
47.710469,350.000031,0.0,99.903831,0.0
47.723357,350.0,0.0,99.860046,0.0
47.729759,350.0,0.0,99.804642,0.0
47.740565,349.999969,0.0,99.737396,0.0
47.747012,350.0,0.0,99.659531,0.0
47.755673,350.0,0.0,99.572449,0.0
47.763663,349.999969,0.0,99.477486,0.0
47.770333,350.0,0.0,99.375008,0.0
47.778282,350.0,0.0,99.145874,0.0
47.795773,350.0,0.0,99.01825,0.0
47.803439,350.000031,0.0,98.881248,0.0
47.811055,350.0,0.0,98.734024,0.0
47.811055,350.0,0.0,98.574768,0.0
47.827004,349.999969,0.0,98.309349,0.0
47.843889,350.000031,0.0,98.00808,0.0
47.858402,350.0,0.0,97.557343,0.0
47.865889,350.0,0.0,97.31501,0.0
47.876563,350.0,0.0,97.063232,0.0
47.879528,350.0,0.0,96.670593,0.0
47.89601,350.000031,0.0,96.40065,0.0
47.903989,350.0,0.0,96.125572,0.0
47.91297,350.0,0.0,95.705414,0.0
47.923841,350.0,0.0,95.419968,0.0
47.943545,349.999969,0.0,94.683685,0.0
47.9505,350.0,0.0,94.38028,0.0
47.958153,350.0,0.0,94.072632,0.0
47.965672,349.999969,0.0,93.761421,0.0
47.973394,350.0,0.0,93.447235,0.0
47.98362,349.999939,0.0,93.130699,0.0
47.990448,349.999969,0.0,92.812439,0.0
48.008004,350.0,0.0,92.173248,0.0
48.014027,350.000031,0.0,91.853355,0.0
48.023925,350.0,0.0,91.533493,0.0
48.028347,350.0,0.0,91.213623,0.0
48.039914,350.0,0.0,90.893738,0.0
48.040597,349.999969,0.0,90.57386,0.0
48.05553,349.999969,0.0,90.253998,0.0
48.058096,349.999969,0.0,89.934113,0.0
48.07561,349.999969,0.0,89.4543,0.0
48.080628,350.0,0.0,89.13443,0.0
48.097326,350.0,0.0,88.494659,0.0
48.10688,350.000031,0.0,88.174805,0.0
48.115697,350.0,0.0,87.854927,0.0
48.124115,350.000031,0.0,87.535027,0.0
48.128966,350.000031,0.0,87.055237,0.0
48.143661,349.999969,0.0,86.735359,0.0
48.149502,349.999969,0.0,86.415466,0.0
48.157908,350.0,0.0,86.095604,0.0
48.17374,349.999969,0.0,85.455841,0.0
48.181973,350.0,0.0,85.135963,0.0
48.189782,350.000031,0.0,84.816101,0.0
48.198698,350.0,0.0,84.496216,0.0
48.207275,350.0,0.0,84.176346,0.0
48.215053,349.999969,0.0,83.856476,0.0
48.224326,350.000031,0.0,83.536591,0.0
48.230062,349.999969,0.0,83.216728,0.0
48.244606,349.999969,0.0,82.736916,0.0
48.247099,350.000031,0.0,82.417023,0.0
48.259459,350.000031,0.0,81.937218,0.0
48.275943,350.0,0.0,81.297447,0.0
48.28652,349.999969,0.0,80.977592,0.0
48.290234,350.0,0.0,80.657707,0.0
48.303051,349.999969,0.0,80.33783,0.0
48.310954,350.0,0.0,79.858032,0.0
48.324483,350.0,0.0,79.538147,0.0
48.328936,350.0,0.0,79.218262,0.0
48.344944,349.999969,0.0,78.578537,0.0
48.356329,350.0,0.0,78.258636,0.0
48.36283,350.000031,0.0,77.938766,0.0
48.36283,349.999969,0.0,77.618896,0.0
48.379426,350.0,0.0,77.299011,0.0
48.387021,350.000031,0.0,76.979141,0.0
48.400538,350.0,0.0,76.499329,0.0
48.407995,350.0,0.0,76.019501,0.0
48.419102,350.0,0.0,75.699646,0.0
48.434152,350.0,0.0,75.059875,0.0
48.44357,350.0,0.0,74.740005,0.0
48.450052,349.999969,0.0,74.420135,0.0
48.458181,349.999969,0.0,74.100266,0.0
48.46643,350.000031,0.0,73.780373,0.0
48.474203,350.000031,0.0,73.460495,0.0
48.48382,350.0,0.0,73.140625,0.0
48.489863,350.0,0.0,72.820755,0.0
48.506743,350.000031,0.0,72.180992,0.0
48.513423,350.0,0.0,71.861122,0.0
48.527736,350.000031,0.0,71.381302,0.0
48.529788,350.0,0.0,71.06144,0.0
48.542854,350.0,0.0,70.74157,0.0
48.549624,350.000031,0.0,70.421677,0.0
48.559126,350.000031,0.0,70.101807,0.0
48.567729,350.0,0.0,69.781929,0.0
48.582292,350.0,0.0,69.142181,0.0
48.590461,350.0,0.0,68.822304,0.0
48.600349,350.000031,0.0,68.502419,0.0
48.610062,350.0,0.0,68.022606,0.0
48.624002,350.000031,0.0,67.542786,0.0
48.630098,350.0,0.0,67.222923,0.0
48.640614,350.000031,0.0,66.903038,0.0
48.663781,350.0,0.0,65.943428,0.0
48.672389,350.0,0.0,65.623543,0.0
48.679564,350.0,0.0,65.303673,0.0
48.691998,350.0,0.0,64.823853,0.0
48.696198,350.0,0.0,64.34404,0.0
48.713474,350.0,0.0,63.864227,0.0
48.724242,350.0,0.0,63.544353,0.0
48.730824,350.0,0.0,63.224472,0.0
48.746583,350.000031,0.0,62.584717,0.0
48.756056,349.999969,0.0,62.264854,0.0
48.760586,350.0,0.0,61.944981,0.0
48.7717,350.000031,0.0,61.625092,0.0
48.773976,350.0,0.0,61.305222,0.0
48.786034,350.000031,0.0,60.985344,0.0
48.795873,350.000031,0.0,60.665459,0.0
48.802726,350.0,0.0,60.345596,0.0
48.819478,350.0,0.0,59.705841,0.0
48.827303,350.0,0.0,59.385979,0.0
48.834271,350.0,0.0,59.06609,0.0
48.852943,350.0,0.0,58.746227,0.0
48.862601,350.0,0.0,57.946526,0.0
48.873114,350.0,0.0,57.626648,0.0
48.87974,350.0,0.0,57.146832,0.0
48.890612,350.0,0.0,56.826969,0.0
48.898701,349.999969,0.0,56.507088,0.0
48.919874,349.999969,0.0,55.707405,0.0
48.927997,350.0,0.0,55.387524,0.0
48.930033,350.0,0.0,55.067638,0.0
48.943902,350.0,0.0,54.747776,0.0
48.950382,349.999969,0.0,54.427898,0.0
48.958278,350.0,0.0,54.108021,0.0
48.967661,350.0,0.0,53.788139,0.0
48.976491,350.0,0.0,53.468266,0.0
48.990876,350.0,0.0,52.828514,0.0
49.000093,349.999969,0.0,52.508644,0.0
49.008053,350.0,0.0,52.188774,0.0
49.013617,350.000031,0.0,51.868874,0.0
49.024465,350.000031,0.0,51.549004,0.0
49.028541,350.0,0.0,51.229137,0.0
49.039845,350.000031,0.0,50.909245,0.0
49.055537,350.000031,0.0,50.269493,0.0
49.063247,349.999969,0.0,49.949646,0.0
49.072239,350.0,0.0,49.629761,0.0
49.079539,350.0,0.0,49.309883,0.0
49.086368,350.000031,0.0,48.989994,0.0
49.095346,350.0,0.0,48.670128,0.0
49.103343,350.0,0.0,48.350246,0.0
49.110484,350.0,0.0,48.030373,0.0
49.126919,350.0,0.0,47.390621,0.0
49.133537,350.0,0.0,47.070744,0.0
49.14034,350.0,0.0,46.75087,0.0
49.149855,350.0,0.0,46.431,0.0
49.159022,350.0,0.0,46.111122,0.0
49.166094,350.0,0.0,45.791241,0.0
49.176414,350.0,0.0,45.471363,0.0
49.190444,350.0,0.0,44.831623,0.0
49.197952,350.0,0.0,44.511745,0.0
49.207179,350.0,0.0,44.191864,0.0
49.215766,350.0,0.0,43.871998,0.0
49.223947,350.000031,0.0,43.55209,0.0
49.230008,350.0,0.0,43.232243,0.0
49.239944,349.999969,0.0,42.912376,0.0
49.240333,350.000031,0.0,42.592476,0.0
49.260957,350.0,0.0,41.952724,0.0
49.27076,350.0,0.0,41.632862,0.0
49.278737,350.0,0.0,41.312981,0.0
49.286064,350.0,0.0,40.993103,0.0
49.295981,350.0,0.0,40.673233,0.0
49.302712,350.0,0.0,40.353352,0.0
49.30741,350.0,0.0,40.033478,0.0
49.318866,350.000031,0.0,39.713604,0.0
49.327483,350.0,0.0,39.393719,0.0
49.342595,350.0,0.0,38.753975,0.0
49.350338,350.0,0.0,38.434101,0.0
49.3585,350.0,0.0,38.114227,0.0
49.365659,350.0,0.0,37.794338,0.0
49.373817,350.000031,0.0,37.474468,0.0
49.383786,350.0,0.0,37.154602,0.0
49.391439,350.0,0.0,36.834717,0.0
49.39543,350.000031,0.0,36.514835,0.0
49.413643,350.0,0.0,35.875084,0.0
49.423594,350.0,0.0,35.555214,0.0
49.430151,350.000031,0.0,35.235325,0.0
49.439995,350.000031,0.0,34.915455,0.0
49.446069,349.999969,0.0,34.595596,0.0
49.456877,350.0,0.0,34.275711,0.0
49.462298,350.0,0.0,33.795895,0.0
49.476276,350.0,0.0,33.476017,0.0
49.491732,350.0,0.0,32.836273,0.0
49.497386,349.999969,0.0,32.516407,0.0
49.507133,350.0,0.0,32.196522,0.0
49.516071,350.0,0.0,31.876644,0.0
49.523884,350.0,0.0,31.55678,0.0
49.530374,349.999969,0.0,31.236898,0.0
49.540115,350.0,0.0,30.917019,0.0
49.546434,349.999969,0.0,30.597149,0.0
49.563481,350.0,0.0,29.957392,0.0
49.572091,349.999969,0.0,29.637516,0.0
49.581761,350.0,0.0,29.157709,0.0
49.590651,350.0,0.0,28.83782,0.0
49.598767,350.0,0.0,28.517948,0.0
49.607517,350.0,0.0,28.198072,0.0
49.614148,350.0,0.0,27.878208,0.0
49.624313,350.0,0.0,27.558315,0.0
49.629827,349.999969,0.0,27.238462,0.0
49.640437,350.0,0.0,26.598688,0.0
49.655609,350.0,0.0,26.278809,0.0
49.662842,350.0,0.0,25.958944,0.0
49.669757,350.0,0.0,25.639059,0.0
49.679183,350.0,0.0,25.319195,0.0
49.688959,350.0,0.0,24.999317,0.0
49.69528,350.0,0.0,24.519503,0.0
49.707125,350.0,0.0,24.199623,0.0
49.72399,350.0,0.0,23.559883,0.0
49.730465,350.0,0.0,23.240002,0.0
49.74031,350.0,0.0,22.920126,0.0
49.746372,349.999969,0.0,22.440317,0.0
49.759012,350.0,0.0,22.120432,0.0
49.76647,350.0,0.0,21.800558,0.0
49.774025,350.0,0.0,21.480688,0.0
49.790605,350.0,0.0,20.840931,0.0
49.798341,349.999969,0.0,20.521057,0.0
49.808013,350.0,0.0,20.201172,0.0
49.815737,350.000031,0.0,19.881289,0.0
49.823574,350.0,0.0,19.561426,0.0
49.82864,350.0,0.0,19.241554,0.0
49.839616,349.999969,0.0,18.921688,0.0
49.844861,350.0,0.0,18.601801,0.0
49.863126,350.0,0.0,17.962048,0.0
49.863126,350.0,0.0,17.642164,0.0
49.879744,349.999969,0.0,17.322309,0.0
49.887288,350.0,0.0,17.00242,0.0
49.890408,350.0,0.0,16.682541,0.0
49.902975,350.000031,0.0,16.362652,0.0
49.912335,349.999969,0.0,15.882854,0.0
49.923556,350.0,0.0,15.562976,0.0
49.939911,349.999969,0.0,14.923248,0.0
49.947203,350.0,0.0,14.443409,0.0
49.959123,350.0,0.0,14.123535,0.0
49.965954,349.999969,0.0,13.803677,0.0
49.975325,350.0,0.0,13.483776,0.0
49.98384,350.000031,0.0,13.163898,0.0
49.990896,350.0,0.0,12.844024,0.0
50.007004,350.0,0.0,12.204278,0.0
50.016411,349.999969,0.0,11.884416,0.0
50.023545,350.0,0.0,11.564522,0.0
50.024486,349.999969,0.0,11.244669,0.0
50.039933,350.0,0.0,10.924781,0.0
50.044974,350.0,0.0,10.604894,0.0
50.057415,349.999969,0.0,10.125089,0.0
50.066911,350.0,0.0,9.805213,0.0
50.074003,350.0,0.0,9.485344,0.0
50.090565,349.999969,0.0,8.845595,0.0
50.097686,350.0,0.0,8.525704,0.0
50.107411,350.0,0.0,8.205835,0.0
50.115815,350.000031,0.0,7.885947,0.0
50.123612,349.999969,0.0,7.566091,0.0
50.129713,350.0,0.0,7.246201,0.0
50.140419,350.0,0.0,6.926331,0.0
50.146029,350.0,0.0,6.606447,0.0
50.160583,350.0,0.0,5.966918,0.0
50.170553,350.0,0.0,5.648609,0.0
50.180041,350.0,0.0,5.332945,0.0
50.187924,350.0,0.0,5.021274,0.0
50.195168,350.0,0.0,4.714943,0.0
50.202381,350.0,0.0,4.415248,0.0
50.210653,350.0,0.0,4.123547,0.0
50.219823,350.0,0.0,3.841184,0.0
50.226559,350.0,0.0,3.569451,0.0
50.234623,349.999969,0.0,3.309532,0.0
50.249896,350.0,0.0,2.822249,0.0
50.257577,350.0,0.0,2.592263,0.0
50.266481,350.0,0.0,2.369917,0.0
50.273943,350.0,0.0,2.155347,0.0
50.282412,350.0,0.0,1.949029,0.0
50.290074,350.0,0.0,1.751447,0.0
50.298742,349.999969,0.0,1.563047,0.0
50.308184,350.0,0.0,1.38435,0.0
50.312459,350.0,0.0,1.216477,0.0
50.324048,350.0,0.0,1.061174,0.0
50.330433,350.0,0.0,0.920275,0.0
50.339827,350.0,0.0,0.795334,0.0
50.346262,350.0,0.0,0.685688,0.0
50.355982,350.0,0.0,0.589492,0.0
50.363231,350.0,0.0,0.505044,0.0
50.373475,350.0,0.0,0.430798,0.0
50.395322,350.0,0.0,0.281964,0.0
50.401792,350.0,0.0,0.21196,0.0
50.411637,350.0,0.0,0.151782,0.0
50.423918,350.0,0.0,0.116882,0.0
50.429115,350.0,0.0,0.086855,0.0
50.440608,350.0,0.0,0.062224,0.0
50.440608,350.0,0.0,0.042751,0.0
50.455842,350.0,0.0,0.02784,0.0
50.463119,350.0,0.0,0.016875,0.0
50.472398,350.0,0.0,0.009227,0.0
50.479405,350.0,0.0,0.004349,0.0
50.487114,350.0,0.0,0.001592,0.0
50.502432,350.0,0.0,-8e-06,0.0
50.509571,350.0,0.0,-8e-06,0.0
50.523896,350.0,0.0,-8e-06,0.0
50.530404,350.0,0.0,-8e-06,0.0
50.540337,350.0,0.0,-8e-06,0.0
50.547033,350.0,0.0,-8e-06,0.0
50.560034,350.0,0.0,-8e-06,0.0
50.573421,350.0,0.0,-8e-06,0.0
50.579748,350.0,0.0,-8e-06,0.0
50.59078,350.0,0.0,-8e-06,0.0
50.597743,350.0,0.0,-8e-06,0.0
50.607696,350.0,0.0,-8e-06,0.0
50.612911,350.0,0.0,-8e-06,0.0
50.62377,350.0,0.0,-8e-06,0.0
50.630102,350.0,0.0,-8e-06,0.0
50.640229,350.0,0.0,-8e-06,0.0
50.646565,350.0,0.0,-8e-06,0.0
50.655648,350.0,0.0,-8e-06,0.0
50.663604,350.0,0.0,-8e-06,0.0
50.672307,350.0,0.0,-8e-06,0.0
50.673783,350.0,0.0,-8e-06,0.0
50.688417,350.0,0.0,-8e-06,0.0
50.692175,350.0,0.0,-8e-06,0.0
50.702697,350.0,0.0,-8e-06,0.0
50.72882,350.0,0.0,-8e-06,0.0
50.743429,350.0,0.0,-8e-06,0.0
50.749958,350.0,0.0,-8e-06,0.0
50.757923,350.0,0.0,-8e-06,0.0
50.767569,350.0,0.0,-8e-06,0.0
50.788635,349.999756,0.0,-2e-05,0.0
50.795896,349.996399,0.0,-7e-06,0.0
50.812092,349.985382,0.0,-1e-05,0.0
50.818927,349.971466,0.0,-2.6e-05,0.0
50.823543,349.950745,0.0,3e-06,0.0
50.833819,349.921814,0.0,-2.7e-05,0.0
50.850303,349.833862,0.0,-7e-06,0.0
50.858076,349.77243,0.0,1e-06,0.0
50.866839,349.699707,0.0,-8e-06,0.0
50.87516,349.617035,0.0,7e-06,0.0
50.881709,349.525848,0.0,-5e-06,0.0
50.890614,349.427216,0.0,-1e-06,0.0
50.898586,349.320801,0.0,-2e-06,0.0
50.906797,349.206299,0.0,-0.0,0.0
50.923806,348.950958,0.0,-2e-06,0.0
50.930222,348.809021,0.0,1e-06,0.0
50.939993,348.655975,0.0,4e-06,0.0
50.945497,348.490112,0.0,-1.8e-05,0.0
50.955309,348.309357,0.0,-1e-06,0.0
50.959928,348.112396,0.0,-4e-06,0.0
50.972207,347.900238,0.0,-7e-06,0.0
50.987143,347.437469,0.0,-2e-05,0.0
50.996335,347.063232,0.0,-1.4e-05,0.0
51.007481,346.670593,0.0,-8e-06,0.0
51.020526,346.400635,0.0,-1.3e-05,0.0
51.025587,346.12558,0.0,-8e-06,0.0
51.03452,345.846436,0.0,-1.9e-05,0.0
51.050048,345.275421,0.0,-5e-06,0.0
51.058059,344.982239,0.0,5e-06,0.0
51.068212,344.683716,0.0,-1.3e-05,0.0
51.075185,344.38031,0.0,-1.3e-05,0.0
51.081894,344.072632,0.0,0.0,0.0
51.090705,343.761414,0.0,-6e-06,0.0
51.099422,343.447235,0.0,4e-06,0.0
51.107075,343.130676,0.0,-2e-06,0.0
51.124395,342.493073,0.0,-1.4e-05,0.0
51.130409,342.173248,0.0,-7e-06,0.0
51.139925,341.853363,0.0,-5e-06,0.0
51.144182,341.533478,0.0,-8e-06,0.0
51.156495,341.213593,0.0,4e-06,0.0
51.168077,340.733795,0.0,4e-06,0.0
51.175377,340.413879,0.0,1e-06,0.0
51.183083,340.094055,0.0,-1e-05,0.0
51.197867,339.454285,0.0,-7e-06,0.0
51.207933,339.13443,0.0,-1e-06,0.0
51.212059,338.814545,0.0,3e-06,0.0
51.224531,338.494659,0.0,-1.6e-05,0.0
51.230361,338.174805,0.0,-2.2e-05,0.0
51.240239,337.854919,0.0,-1.6e-05,0.0
51.250932,337.375092,0.0,-2e-06,0.0
51.258932,337.055237,0.0,-0.0,0.0
51.27637,336.415466,0.0,-1.6e-05,0.0
51.282594,336.095612,0.0,1e-06,0.0
51.291284,335.775726,0.0,4e-06,0.0
51.299094,335.295898,0.0,-1.3e-05,0.0
51.310931,334.816101,0.0,7e-06,0.0
51.324867,334.496216,0.0,-5e-06,0.0
51.344038,333.696533,0.0,-9e-06,0.0
51.350333,333.376648,0.0,-1e-06,0.0
51.35867,333.056793,0.0,-1.2e-05,0.0
51.367716,332.736908,0.0,-5e-06,0.0
51.375963,332.417023,0.0,-1e-06,0.0
51.379009,332.097137,0.0,-1.7e-05,0.0
51.391322,331.777283,0.0,-1.9e-05,0.0
51.407047,331.137482,0.0,4e-06,0.0
51.414895,330.817657,0.0,-1e-06,0.0
51.424532,330.497772,0.0,0.0,0.0
51.430535,330.177887,0.0,5e-06,0.0
51.439963,329.858032,0.0,-5e-06,0.0
51.447955,329.538147,0.0,-1.1e-05,0.0
51.455693,329.218262,0.0,3e-06,0.0
51.463301,328.898407,0.0,-1.7e-05,0.0
51.472468,328.578522,0.0,-1.7e-05,0.0
51.486525,327.938751,0.0,-1.4e-05,0.0
51.496013,327.618927,0.0,-5e-06,0.0
51.504278,327.299011,0.0,-1.2e-05,0.0
51.511344,326.819214,0.0,-1e-06,0.0
51.523841,326.499329,0.0,-1.2e-05,0.0
51.530544,326.179443,0.0,-7e-06,0.0
51.540211,325.859589,0.0,-1.4e-05,0.0
51.556622,325.219818,0.0,-2e-06,0.0
51.563707,324.899963,0.0,-1.2e-05,0.0
51.572532,324.580078,0.0,0.0,0.0
51.579454,324.260193,0.0,-2e-06,0.0
51.586856,323.940277,0.0,-0.0,0.0
51.595173,323.620422,0.0,2e-06,0.0
51.601858,323.300568,0.0,-1.1e-05,0.0
51.610926,322.980682,0.0,-5e-06,0.0
51.62777,322.340973,0.0,-2e-05,0.0
51.634142,322.021057,0.0,1e-05,0.0
51.642166,321.701202,0.0,-4e-06,0.0
51.650572,321.381317,0.0,-3e-06,0.0
51.65764,321.061432,0.0,-4e-06,0.0
51.666359,320.741547,0.0,8e-06,0.0
51.673777,320.421692,0.0,8e-06,0.0
51.690621,319.781921,0.0,-6e-06,0.0
51.700498,319.462067,0.0,-1.3e-05,0.0
51.707402,319.142181,0.0,7e-06,0.0
51.714426,318.822296,0.0,-5e-06,0.0
51.723927,318.502441,0.0,-8e-06,0.0
51.730058,318.182556,0.0,5e-06,0.0
51.74038,317.862671,0.0,2e-06,0.0
51.747094,317.542786,0.0,5e-06,0.0
51.755189,317.222931,0.0,6e-06,0.0
51.77196,316.58313,0.0,8e-06,0.0
51.776298,316.263306,0.0,-0.0,0.0
51.786564,315.94342,0.0,-6e-06,0.0
51.795982,315.623535,0.0,-0.0,0.0
51.802979,315.30368,0.0,-1e-06,0.0
51.8105,314.983795,0.0,-1e-06,0.0
51.81745,314.66391,0.0,0.0,0.0
51.827066,314.344055,0.0,1e-06,0.0
51.834594,314.02417,0.0,-7e-06,0.0
51.856632,313.224487,0.0,-3e-06,0.0
51.863,312.744629,0.0,9e-06,0.0
51.874983,312.424774,0.0,9e-06,0.0
51.882756,312.104919,0.0,-4e-06,0.0
51.892108,311.785034,0.0,-0.0,0.0
51.897924,311.465118,0.0,5e-06,0.0
51.908263,311.145294,0.0,3e-06,0.0
51.919683,310.665436,0.0,7e-06,0.0
51.926647,310.345581,0.0,-6e-06,0.0
51.950003,309.545898,0.0,4e-06,0.0
51.959513,309.066132,0.0,-1.4e-05,0.0
51.967282,308.746216,0.0,-2e-06,0.0
51.976064,308.426331,0.0,-1.2e-05,0.0
51.980366,308.106476,0.0,2e-06,0.0
51.992017,307.626648,0.0,-7e-06,0.0
52.007181,306.986908,0.0,5e-06,0.0
52.018498,306.667023,0.0,-1e-05,0.0
52.027996,306.347168,0.0,-1.4e-05,0.0
52.034625,306.027283,0.0,-1.5e-05,0.0
52.040978,305.707397,0.0,0.0,0.0
52.050001,305.387482,0.0,-0.0,0.0
52.057416,305.067657,0.0,-1.3e-05,0.0
52.073616,304.427887,0.0,5e-06,0.0
52.083587,304.107971,0.0,6e-06,0.0
52.092075,303.788147,0.0,5e-06,0.0
52.097907,303.468262,0.0,-2e-06,0.0
52.107628,303.148376,0.0,7e-06,0.0
52.11601,302.828522,0.0,4e-06,0.0
52.124187,302.508606,0.0,6e-06,0.0
52.1302,302.028778,0.0,8e-06,0.0
52.157728,301.069183,0.0,-2e-06,0.0
52.168084,300.749329,0.0,1e-05,0.0
52.175768,300.429413,0.0,7e-06,0.0
52.178715,300.109558,0.0,5e-06,0.0
52.192195,299.789703,0.0,-5e-06,0.0
52.198027,299.469788,0.0,4e-06,0.0
52.207118,299.149902,0.0,3e-06,0.0
52.224797,298.510193,0.0,-1e-06,0.0
52.229959,298.190308,0.0,5e-06,0.0
52.240744,297.870422,0.0,-3e-06,0.0
52.246339,297.390625,0.0,-5e-06,0.0
52.259316,297.07074,0.0,-1.2e-05,0.0
52.267956,296.750885,0.0,1e-06,0.0
52.276319,296.431,0.0,-0.0,0.0
52.292255,295.791229,0.0,-5e-06,0.0
52.297995,295.471405,0.0,-1.4e-05,0.0
52.307346,295.151489,0.0,6e-06,0.0
52.313853,294.831604,0.0,-1.7e-05,0.0
52.32424,294.511749,0.0,1e-06,0.0
52.330065,294.031921,0.0,-0.0,0.0
52.343605,293.712006,0.0,1e-06,0.0
52.349753,293.392181,0.0,-1e-06,0.0
52.367086,292.752411,0.0,-3e-06,0.0
52.373504,292.432556,0.0,-7e-06,0.0
52.382041,292.112671,0.0,1e-05,0.0
52.39214,291.792786,0.0,1e-06,0.0
52.398703,291.472931,0.0,-1.3e-05,0.0
52.408833,291.153015,0.0,3e-06,0.0
52.414963,290.83316,0.0,5e-06,0.0
52.423472,290.513306,0.0,4e-06,0.0
52.431155,290.19342,0.0,-3e-06,0.0
52.440873,289.55365,0.0,-1.7e-05,0.0
52.455565,289.233795,0.0,-8e-06,0.0
52.460353,288.91391,0.0,-1.2e-05,0.0
52.470065,288.594025,0.0,3e-06,0.0
52.479697,288.27417,0.0,7e-06,0.0
52.48774,287.954254,0.0,1.6e-05,0.0
52.495398,287.634399,0.0,-1.6e-05,0.0
52.510639,286.834717,0.0,-9e-06,0.0
52.524586,286.514801,0.0,7e-06,0.0
52.529608,286.194977,0.0,-5e-06,0.0
52.538997,285.875092,0.0,-1e-06,0.0
52.540622,285.555176,0.0,-1e-06,0.0
52.55589,285.235382,0.0,-1e-05,0.0
52.564074,284.915466,0.0,9e-06,0.0
52.572599,284.595581,0.0,-3e-06,0.0
52.586977,283.955841,0.0,-4e-06,0.0
52.59456,283.635956,0.0,-8e-06,0.0
52.604413,283.316101,0.0,-1.3e-05,0.0
52.611959,282.996216,0.0,1e-05,0.0
52.618773,282.676331,0.0,-4e-06,0.0
52.626468,282.356445,0.0,-7e-06,0.0
52.635493,282.036591,0.0,-1e-05,0.0
52.642399,281.716705,0.0,-4e-06,0.0
52.65904,280.917023,0.0,-1.8e-05,0.0
52.670844,280.597137,0.0,1.2e-05,0.0
52.679819,280.277252,0.0,0.0,0.0
52.688995,279.957397,0.0,-4e-06,0.0
52.692834,279.637512,0.0,-8e-06,0.0
52.703775,279.317627,0.0,-1e-05,0.0
52.710873,278.997803,0.0,3e-06,0.0
52.72825,278.358002,0.0,-1.1e-05,0.0
52.734719,278.038147,0.0,4e-06,0.0
52.741991,277.718262,0.0,-1e-06,0.0
52.750047,277.398376,0.0,-5e-06,0.0
52.761074,276.918579,0.0,-2e-06,0.0
52.772471,276.598694,0.0,3e-06,0.0
52.779878,276.118866,0.0,-9e-06,0.0
52.800934,275.319183,0.0,-1.8e-05,0.0
52.81217,274.999329,0.0,8e-06,0.0
52.818495,274.679443,0.0,-8e-06,0.0
52.82656,274.359528,0.0,7e-06,0.0
52.83446,274.039673,0.0,-5e-06,0.0
52.842045,273.719849,0.0,-9e-06,0.0
52.856052,273.23999,0.0,3e-06,0.0
52.857637,272.920166,0.0,-1.6e-05,0.0
52.87262,272.60025,0.0,-2e-06,0.0
52.879613,272.120422,0.0,-4e-06,0.0
52.891007,271.800568,0.0,0.0,0.0
52.898739,271.32074,0.0,-3e-06,0.0
52.907815,270.840942,0.0,9e-06,0.0
52.940668,269.881287,0.0,-1.2e-05,0.0
52.947245,269.401489,0.0,-6e-06,0.0
52.958969,269.081604,0.0,-8e-06,0.0
52.967628,268.761749,0.0,-7e-06,0.0
52.974115,268.441833,0.0,-8e-06,0.0
52.981539,268.122009,0.0,-2e-06,0.0
52.990847,267.802124,0.0,-1e-06,0.0
53.007504,267.00238,0.0,7e-06,0.0
53.019583,266.682556,0.0,3e-06,0.0
53.023606,266.202728,0.0,-4e-06,0.0
53.041094,265.882843,0.0,1.2e-05,0.0
53.04745,265.403046,0.0,1e-06,0.0
53.059804,264.923218,0.0,2e-06,0.0
53.070586,264.603363,0.0,-8e-06,0.0
53.078951,264.283478,0.0,-1e-06,0.0
53.078951,263.963593,0.0,-2e-06,0.0
53.09626,263.643677,0.0,7e-06,0.0
53.102928,263.323853,0.0,3e-06,0.0
53.107685,262.844025,0.0,3e-06,0.0
53.124103,262.52417,0.0,9e-06,0.0
53.130819,262.204285,0.0,1.4e-05,0.0
53.140412,261.884369,0.0,7e-06,0.0
53.159479,260.924774,0.0,-1e-06,0.0
53.176375,260.444977,0.0,-4e-06,0.0
53.178777,260.125092,0.0,6e-06,0.0
53.191079,259.805206,0.0,7e-06,0.0
53.197362,259.485321,0.0,2e-06,0.0
53.207418,259.165466,0.0,-8e-06,0.0
53.215173,258.845581,0.0,-0.0,0.0
53.23236,258.205872,0.0,-2e-06,0.0
53.240831,257.885956,0.0,-3e-06,0.0
53.251027,257.406158,0.0,-5e-06,0.0
53.259593,256.926361,0.0,5e-06,0.0
53.270226,256.606445,0.0,-3e-06,0.0
53.27913,256.286621,0.0,-4e-06,0.0
53.287171,255.966919,0.0,2e-06,0.0
53.290865,255.648605,0.0,1e-06,0.0
53.302145,255.332947,0.0,1.4e-05,0.0
53.310533,254.867371,0.0,-7e-06,0.0
53.324163,254.564194,0.0,-5e-06,0.0
53.340459,253.981094,0.0,1.6e-05,0.0
53.346319,253.703903,0.0,-7e-06,0.0
53.356888,253.437988,0.0,5e-06,0.0
53.36094,253.060898,0.0,-5e-06,0.0
53.374693,252.706299,0.0,-2e-06,0.0
53.386717,252.480148,0.0,5e-06,0.0
53.39603,252.261627,0.0,-0.0,0.0
53.403861,252.051117,0.0,-4e-06,0.0
53.418001,251.656082,0.0,1e-06,0.0
53.426605,251.472443,0.0,7e-06,0.0
53.43372,251.29895,0.0,8e-06,0.0
53.442996,251.137131,0.0,-8e-06,0.0
53.450084,250.988846,0.0,1.1e-05,0.0
53.458804,250.855789,0.0,8e-06,0.0
53.465671,250.738708,0.0,1e-06,0.0
53.476019,250.636017,0.0,1e-05,0.0
53.490419,250.466705,0.0,-8e-06,0.0
53.499397,250.39711,0.0,-7e-06,0.0
53.507754,250.335907,0.0,2e-06,0.0
53.515832,250.281952,0.0,-2e-06,0.0
53.524095,250.234024,0.0,1e-06,0.0
53.529421,250.190933,0.0,7e-06,0.0
53.540199,250.133774,0.0,-0.0,0.0
53.557299,250.073868,0.0,5e-06,0.0
53.566384,250.051865,0.0,-5e-06,0.0
53.576084,250.03476,0.0,4e-06,0.0
53.581904,250.021881,0.0,-6e-06,0.0
53.591294,250.01268,0.0,-1.3e-05,0.0
53.600451,250.006454,0.0,7e-06,0.0
53.607578,250.002762,0.0,5e-06,0.0
53.626592,250.000015,0.0,-6e-06,0.0
53.634327,250.000015,0.0,-6e-06,0.0
53.642125,250.000015,0.0,-6e-06,0.0
53.649691,250.000015,0.0,-6e-06,0.0
53.659154,250.000015,0.0,-6e-06,0.0
53.666669,250.000015,0.0,-6e-06,0.0
53.674416,250.000015,0.0,-6e-06,0.0
53.681808,250.000015,0.0,-6e-06,0.0
53.701985,250.000015,0.0,-6e-06,0.0
53.71329,250.000015,0.0,-6e-06,0.0
53.724525,250.000015,0.0,-6e-06,0.0
53.730778,250.000015,0.0,-6e-06,0.0
53.740292,250.000015,0.0,-6e-06,0.0
53.746581,250.000015,0.0,-6e-06,0.0
53.756836,250.000015,0.0,-6e-06,0.0
53.756836,250.000015,0.0,-6e-06,0.0
53.772641,250.000015,0.0,-6e-06,0.0
53.777448,250.000015,0.0,-6e-06,0.0
53.790925,250.000015,0.0,-6e-06,0.0
53.799962,250.000015,0.0,-6e-06,0.0
53.808015,250.000015,0.0,-6e-06,0.0
53.814786,250.000015,0.0,-6e-06,0.0
53.823668,250.000015,0.0,-6e-06,0.0
53.842584,250.000015,0.0,-6e-06,0.0
53.857486,250.000015,0.0,-6e-06,0.0
53.876167,250.000015,0.0,-6e-06,0.0
53.882614,250.000015,0.0,-6e-06,0.0
53.900015,250.000015,0.0,-6e-06,0.0
53.924582,250.000031,0.0,0.000805,0.0
53.932283,250.000015,0.0,0.003601,0.0
53.9395,250.000031,0.0,0.009809,0.0
53.947716,250.000015,0.0,0.020803,0.0
53.956411,250.000015,0.0,0.03795,0.0
53.965007,249.999985,0.0,0.062608,0.0
53.97261,250.0,0.0,0.096156,0.0
53.993156,250.0,0.0,0.262602,0.0
54.004068,250.000031,0.0,0.340464,0.0
54.007766,250.000015,0.0,0.427549,0.0
54.019276,250.000046,0.0,0.522506,0.0
54.02759,250.0,0.0,0.679142,0.0
54.040375,250.000031,0.0,0.793667,0.0
54.047014,250.000031,0.0,0.916797,0.0
54.056686,250.000015,0.0,1.049032,0.0
54.061094,250.000015,0.0,1.190954,0.0
54.080513,250.0,0.0,1.598322,0.0
54.092816,250.0,0.0,1.787108,0.0
54.097355,250.000015,0.0,1.991911,0.0
54.107825,250.0,0.0,2.325403,0.0
54.118661,250.000031,0.0,2.562553,0.0
54.128361,250.000015,0.0,2.809772,0.0
54.134334,250.000031,0.0,3.065803,0.0
54.142672,250.000015,0.0,3.329402,0.0
54.15913,250.000031,0.0,3.874414,0.0
54.166368,250.000015,0.0,4.15354,0.0
54.174028,250.0,0.0,4.43672,0.0
54.183212,250.0,0.0,4.724589,0.0
54.190577,250.000015,0.0,5.017737,0.0
54.197662,250.000015,0.0,5.316314,0.0
54.208167,250.0,0.0,5.619721,0.0
54.224058,250.000015,0.0,6.238574,0.0
54.230182,250.0,0.0,6.55278,0.0
54.24026,250.000015,0.0,6.869308,0.0
54.245813,250.000031,0.0,7.347147,0.0
54.260288,250.000015,0.0,7.82674,0.0
54.272493,250.000046,0.0,8.146617,0.0
54.288334,250.000015,0.0,8.786385,0.0
54.296159,250.000031,0.0,9.266197,0.0
54.308152,249.999985,0.0,9.586068,0.0
54.316921,250.000031,0.0,9.905936,0.0
54.324216,250.000015,0.0,10.225817,0.0
54.329257,249.999985,0.0,10.545709,0.0
54.33923,250.000015,0.0,10.86557,0.0
54.355589,250.000015,0.0,11.505328,0.0
54.363727,250.000015,0.0,11.825202,0.0
54.370392,250.000031,0.0,12.145067,0.0
54.380703,250.000015,0.0,12.464943,0.0
54.387827,250.000015,0.0,12.784821,0.0
54.395584,250.000015,0.0,13.104711,0.0
54.402833,250.0,0.0,13.424563,0.0
54.418783,250.0,0.0,14.064329,0.0
54.426938,250.0,0.0,14.544143,0.0
54.440309,250.000015,0.0,14.864029,0.0
54.449447,250.000015,0.0,15.343846,0.0
54.458357,250.000015,0.0,15.663702,0.0
54.465995,250.000015,0.0,15.983579,0.0
54.473415,250.000031,0.0,16.303469,0.0
54.490747,250.000015,0.0,17.103153,0.0
54.503069,250.000015,0.0,17.423031,0.0
54.511081,250.000015,0.0,17.902832,0.0
54.525004,250.000046,0.0,18.222713,0.0
54.530555,250.000015,0.0,18.542599,0.0
54.540311,250.000031,0.0,18.862471,0.0
54.542171,250.000015,0.0,19.182339,0.0
54.564684,250.000015,0.0,19.982023,0.0
54.575197,250.000015,0.0,20.461847,0.0
54.588788,250.0,0.0,20.781725,0.0
54.596215,250.000015,0.0,21.101603,0.0
54.604074,250.000031,0.0,21.421482,0.0
54.610272,250.000031,0.0,21.741339,0.0
54.623955,250.0,0.0,22.221163,0.0
54.630775,250.000015,0.0,22.54104,0.0
54.640279,250.0,0.0,22.860922,0.0
54.655949,249.999985,0.0,23.500666,0.0
54.662314,249.999985,0.0,23.82053,0.0
54.677007,250.000031,0.0,24.300358,0.0
54.679333,250.000015,0.0,24.780167,0.0
54.696362,250.000031,0.0,25.100061,0.0
54.70808,249.999985,0.0,25.57987,0.0
54.728293,250.000015,0.0,26.379526,0.0
54.735944,250.000015,0.0,26.699438,0.0
54.743715,250.000015,0.0,27.019293,0.0
54.747755,250.000015,0.0,27.339178,0.0
54.758641,250.000031,0.0,27.65906,0.0
54.766963,250.000046,0.0,28.13888,0.0
54.780387,250.0,0.0,28.458736,0.0
54.792892,250.000015,0.0,28.93856,0.0
54.795928,250.000031,0.0,29.258432,0.0
54.815264,250.000015,0.0,29.89819,0.0
54.823938,250.0,0.0,30.218056,0.0
54.829435,250.000031,0.0,30.537941,0.0
54.840382,250.000015,0.0,30.857824,0.0
54.848479,250.000015,0.0,31.177681,0.0
54.856037,250.000015,0.0,31.497574,0.0
54.862773,249.999985,0.0,31.817446,0.0
54.880347,250.000015,0.0,32.617119,0.0
54.891761,250.000031,0.0,32.937012,0.0
54.895939,250.000046,0.0,33.256878,0.0
54.907574,250.0,0.0,33.736691,0.0
54.919002,250.000015,0.0,34.056568,0.0
54.927669,250.000015,0.0,34.376438,0.0
54.934753,250.0,0.0,34.696316,0.0
54.941248,250.0,0.0,35.016209,0.0
54.959915,250.000031,0.0,35.815884,0.0
54.972723,250.000015,0.0,36.135765,0.0
54.977704,250.0,0.0,36.455639,0.0
54.987227,250.000015,0.0,36.775513,0.0
54.990611,250.000015,0.0,37.095402,0.0
55.003509,249.999985,0.0,37.415276,0.0
55.011177,250.000015,0.0,37.735149,0.0
55.029016,250.000031,0.0,38.534847,0.0
55.040864,250.000015,0.0,39.014652,0.0
55.050374,250.0,0.0,39.334518,0.0
55.058523,250.000046,0.0,39.6544,0.0
55.06673,250.000015,0.0,39.97427,0.0
55.075129,250.0,0.0,40.294159,0.0
55.081635,250.000015,0.0,40.614033,0.0
55.090271,250.0,0.0,40.933895,0.0
55.107034,250.000031,0.0,41.573658,0.0
55.116256,250.000015,0.0,41.893532,0.0
55.123785,250.000015,0.0,42.213409,0.0
55.131123,250.000015,0.0,42.533283,0.0
55.140414,250.000015,0.0,42.853165,0.0
55.14627,250.000015,0.0,43.332977,0.0
55.158964,250.000015,0.0,43.652859,0.0
55.172653,250.000015,0.0,44.132656,0.0
55.192152,250.000046,0.0,44.932354,0.0
55.196923,250.000046,0.0,45.252228,0.0
55.207498,250.000015,0.0,45.572102,0.0
55.215015,250.000031,0.0,45.891991,0.0
55.223484,250.000015,0.0,46.211853,0.0
55.230699,250.0,0.0,46.531731,0.0
55.240218,250.000015,0.0,46.851601,0.0
55.246542,250.000015,0.0,47.171482,0.0
55.26353,250.000015,0.0,47.81123,0.0
55.272603,250.000031,0.0,48.131123,0.0
55.280014,250.000015,0.0,48.450985,0.0
55.288787,250.000031,0.0,48.770851,0.0
55.294376,250.000015,0.0,49.250671,0.0
55.307982,250.0,0.0,49.730488,0.0
55.319168,250.0,0.0,50.050369,0.0
55.340554,250.0,0.0,50.850052,0.0
55.347219,250.0,0.0,51.329865,0.0
55.359406,250.0,0.0,51.809669,0.0
55.376647,250.0,0.0,52.289497,0.0
55.381021,250.0,0.0,52.609375,0.0
55.391287,249.999985,0.0,52.929253,0.0
55.408115,250.0,0.0,53.569,0.0
55.414639,249.999985,0.0,53.888874,0.0
55.423836,250.0,0.0,54.208755,0.0
55.433002,250.0,0.0,54.528618,0.0
55.450501,250.0,0.0,55.008434,0.0
55.459401,250.0,0.0,55.648193,0.0
55.478958,250.000015,0.0,56.447887,0.0
55.488344,249.999985,0.0,56.767757,0.0
55.490411,249.999985,0.0,57.087627,0.0
55.501866,250.0,0.0,57.407513,0.0
55.507492,249.999985,0.0,57.727386,0.0
55.518887,249.999985,0.0,58.047253,0.0
55.524632,250.000015,0.0,58.527077,0.0
55.540677,250.0,0.0,58.846951,0.0
55.556967,250.0,0.0,59.486698,0.0
55.563319,250.000015,0.0,59.966515,0.0
55.574661,250.0,0.0,60.446331,0.0
55.588163,250.0,0.0,60.766197,0.0
55.591999,249.999985,0.0,61.246021,0.0
55.608501,249.999985,0.0,61.565899,0.0
55.628931,250.0,0.0,62.525532,0.0
55.64058,249.999985,0.0,62.84539,0.0
55.641404,249.999985,0.0,63.165276,0.0
55.660192,249.999985,0.0,63.645088,0.0
55.661222,250.0,0.0,63.964966,0.0
55.674714,250.0,0.0,64.444786,0.0
55.696591,250.000015,0.0,65.244476,0.0
55.708138,249.999985,0.0,65.564339,0.0
55.716177,250.000031,0.0,65.884224,0.0
55.725247,250.0,0.0,66.204094,0.0
55.729433,250.0,0.0,66.683914,0.0
55.744425,249.999969,0.0,67.003784,0.0
55.759075,250.000015,0.0,67.643532,0.0
55.766978,249.999985,0.0,67.963409,0.0
55.774343,249.999985,0.0,68.283295,0.0
55.781842,249.999985,0.0,68.603165,0.0
55.79136,249.999969,0.0,68.92305,0.0
55.798637,250.000015,0.0,69.24292,0.0
55.807937,250.0,0.0,69.56279,0.0
55.824278,250.0,0.0,70.202553,0.0
55.830198,250.0,0.0,70.52243,0.0
55.840625,250.000015,0.0,70.8423,0.0
55.846493,250.0,0.0,71.16217,0.0
55.859813,250.0,0.0,71.641975,0.0
55.860762,250.000015,0.0,71.961868,0.0
55.874588,250.000015,0.0,72.281731,0.0
55.892292,249.999969,0.0,72.921486,0.0
55.898554,250.0,0.0,73.241364,0.0
55.907942,250.000015,0.0,73.561241,0.0
55.914334,250.000031,0.0,73.881126,0.0
55.923692,250.000031,0.0,74.200989,0.0
55.924634,250.000031,0.0,74.520866,0.0
55.940706,250.000015,0.0,74.840752,0.0
55.948264,250.000031,0.0,75.320564,0.0
55.958297,249.999985,0.0,75.64045,0.0
55.974856,250.000031,0.0,76.280182,0.0
55.982934,249.999985,0.0,76.60006,0.0
55.991159,250.000015,0.0,76.919945,0.0
55.998078,249.999969,0.0,77.239807,0.0
56.008441,250.000015,0.0,77.559692,0.0
56.01516,250.0,0.0,77.879562,0.0
56.023711,250.0,0.0,78.199432,0.0
56.03048,250.000015,0.0,78.519318,0.0
56.046019,250.000031,0.0,79.319,0.0
56.059767,249.999985,0.0,79.638885,0.0
56.066631,249.999985,0.0,79.958763,0.0
56.074529,249.999985,0.0,80.278625,0.0
56.084372,249.999985,0.0,80.598503,0.0
56.091323,250.000015,0.0,80.918404,0.0
56.098543,249.999985,0.0,81.238251,0.0
56.108148,250.000031,0.0,81.558136,0.0
56.113602,249.999985,0.0,81.878014,0.0
56.124472,250.000015,0.0,82.517769,0.0
56.140792,250.000015,0.0,82.837646,0.0
56.141523,249.999985,0.0,83.157509,0.0
56.160099,250.0,0.0,83.637329,0.0
56.166181,249.999969,0.0,83.957222,0.0
56.175691,250.000015,0.0,84.277084,0.0
56.182909,249.999985,0.0,84.596947,0.0
56.191083,250.000015,0.0,84.916847,0.0
56.20804,249.999985,0.0,85.55658,0.0
56.216244,250.000031,0.0,85.876457,0.0
56.223882,250.0,0.0,86.196335,0.0
56.229569,249.999969,0.0,86.516212,0.0
56.240414,250.000015,0.0,86.83609,0.0
56.244591,249.999985,0.0,87.155968,0.0
56.256204,250.0,0.0,87.47583,0.0
56.272919,249.999985,0.0,88.115601,0.0
56.279651,249.999969,0.0,88.435471,0.0
56.291918,249.999985,0.0,88.915283,0.0
56.297506,250.0,0.0,89.235168,0.0
56.308365,250.000015,0.0,89.714966,0.0
56.320696,250.0,0.0,90.034851,0.0
56.345345,249.999985,0.0,90.994484,0.0
56.356596,250.0,0.0,91.474289,0.0
56.364671,250.0,0.0,91.954102,0.0
56.376527,250.0,0.0,92.433914,0.0
56.392469,250.000015,0.0,92.913727,0.0
56.407712,249.999985,0.0,93.553482,0.0
56.414877,250.000031,0.0,94.033081,0.0
56.428656,249.999985,0.0,94.351395,0.0
56.434842,250.0,0.0,94.667053,0.0
56.442309,250.0,0.0,94.978722,0.0
56.450676,250.0,0.0,95.285065,0.0
56.46093,250.0,0.0,95.731682,0.0
56.480038,250.0,0.0,96.296104,0.0
56.486876,249.999985,0.0,96.562004,0.0
56.495726,250.0,0.0,96.816132,0.0
56.502556,250.0,0.0,97.059586,0.0
56.510625,249.999954,0.0,97.293732,0.0
56.518007,249.999985,0.0,97.519844,0.0
56.526919,250.0,0.0,97.738373,0.0
56.540819,249.999985,0.0,98.150879,0.0
56.552167,249.999985,0.0,98.343925,0.0
56.558451,250.0,0.0,98.527557,0.0
56.566247,250.000015,0.0,98.70105,0.0
56.574896,249.999969,0.0,98.862854,0.0
56.58416,250.000015,0.0,99.011177,0.0
56.592171,249.999985,0.0,99.144196,0.0
56.607577,249.999985,0.0,99.363983,0.0
56.607577,250.000031,0.0,99.454086,0.0
56.624744,250.000031,0.0,99.533302,0.0
56.631655,249.999985,0.0,99.63446,0.0
56.643951,250.000015,0.0,99.718056,0.0
56.655921,249.999985,0.0,99.765953,0.0
56.663574,249.999969,0.0,99.809067,0.0
56.672859,249.999985,0.0,99.848206,0.0
56.691818,250.000015,0.0,99.926155,0.0
56.698722,250.0,0.0,99.94812,0.0
56.712742,250.0,0.0,99.972168,0.0
56.719529,250.0,0.0,99.983154,0.0
56.727121,249.999985,0.0,99.990768,0.0
56.727121,249.999969,0.0,99.995667,0.0
56.742687,250.000015,0.0,99.998413,0.0
56.750447,250.0,0.0,99.999664,0.0
56.766534,249.999969,0.0,100.0,0.0
56.780178,249.999969,0.0,100.0,0.0
56.791273,249.999969,0.0,100.0,0.0
56.799049,249.999969,0.0,100.0,0.0
56.808379,249.999969,0.0,100.0,0.0
56.814659,249.999969,0.0,100.0,0.0
56.824171,249.999969,0.0,100.0,0.0
56.830101,249.999969,0.0,100.0,0.0
56.839602,249.999969,0.0,100.0,0.0
56.847296,249.999969,0.0,100.0,0.0
56.856103,249.999969,0.0,100.0,0.0
56.86348,249.999969,0.0,100.0,0.0
56.870719,249.999969,0.0,100.0,0.0
56.87915,249.999969,0.0,100.0,0.0
56.886716,249.999969,0.0,100.0,0.0
56.895646,249.999969,0.0,100.0,0.0
56.903634,249.999969,0.0,100.0,0.0
56.911418,249.999969,0.0,100.0,0.0
56.924597,249.999969,0.0,100.0,0.0
56.936023,249.999969,0.0,100.0,0.0
56.943032,249.999969,0.0,100.0,0.0
56.950941,249.999969,0.0,100.0,0.0
56.95938,249.999969,0.0,100.0,0.0
56.971879,249.999969,0.0,100.0,0.0
56.980078,249.999969,0.0,100.0,0.0
56.987943,249.999969,0.0,100.0,0.0
56.992882,249.999969,0.0,100.0,0.0
57.002929,249.999969,0.0,100.0,0.0
57.010559,249.999969,0.0,100.0,0.0
57.018103,249.999969,0.0,100.0,0.0
57.026581,249.999969,0.0,100.0,0.0
57.035687,249.999969,0.0,100.0,0.0
57.042115,249.999969,0.0,100.0,0.0
57.05004,249.999969,0.0,100.0,0.0
57.05907,249.999969,0.0,100.0,0.0
57.066592,249.999969,0.0,100.0,0.0
57.074716,249.999969,0.0,100.0,0.0
57.083414,249.999969,0.0,100.0,0.0
57.091021,249.999969,0.0,100.0,0.0
57.100759,249.999969,0.0,100.0,0.0
57.108725,249.999969,0.0,100.0,0.0
57.108725,249.999969,0.0,100.0,0.0
57.125082,249.999969,0.0,100.0,0.0
57.136672,249.999969,0.0,100.0,0.0
57.141467,249.999969,0.0,100.0,0.0
57.152243,249.999969,0.0,100.0,0.0
57.159582,249.999969,0.0,100.0,0.0
57.169411,249.999969,0.0,100.0,0.0
57.17767,249.999969,0.0,100.0,0.0
57.189002,249.999969,0.0,100.0,0.0
57.197604,249.999969,0.0,100.0,0.0
57.207549,249.999969,0.0,100.0,0.0
57.20906,249.999969,0.0,100.0,0.0
57.224111,249.999969,0.0,100.0,0.0
57.23072,249.999969,0.0,100.0,0.0
57.239755,249.999969,0.0,100.0,0.0
57.247002,249.999969,0.0,100.0,0.0
57.25628,249.999969,0.0,100.0,0.0
57.258288,249.999969,0.0,100.0,0.0
57.272008,249.999969,0.0,100.0,0.0
57.274453,249.999969,0.0,100.0,0.0
57.28899,249.999969,0.0,100.0,0.0
57.292687,249.999969,0.0,100.0,0.0
57.303446,249.999969,0.0,100.0,0.0
57.314098,249.999969,0.0,100.0,0.0
57.324862,249.999969,0.0,100.0,0.0
57.330503,249.999969,0.0,100.0,0.0
57.340854,249.999969,0.0,100.0,0.0
57.340854,249.999969,0.0,100.0,0.0
57.359948,249.999969,0.0,100.0,0.0
57.364559,249.999969,0.0,100.0,0.0
57.375838,249.999969,0.0,100.0,0.0
57.384558,249.999969,0.0,100.0,0.0
57.390633,249.999969,0.0,100.0,0.0
57.398203,249.999969,0.0,100.0,0.0
57.408219,249.999969,0.0,100.0,0.0
57.414484,249.999969,0.0,100.0,0.0
57.424505,249.999969,0.0,100.0,0.0
57.430864,249.999969,0.0,100.0,0.0
57.439503,249.999969,0.0,100.0,0.0
57.448518,249.999969,0.0,100.0,0.0
57.456226,249.999969,0.0,100.0,0.0
57.462851,249.999969,0.0,100.0,0.0
57.472448,249.999969,0.0,100.0,0.0
57.478044,249.999969,0.0,100.0,0.0
57.487279,249.999969,0.0,100.0,0.0
57.490707,249.999969,0.0,100.0,0.0
57.504388,249.999969,0.0,100.0,0.0
57.511584,249.999969,0.0,100.0,0.0
57.524209,249.999969,0.0,100.0,0.0
57.536616,249.999969,0.0,100.0,0.0
57.541626,249.999969,0.0,100.0,0.0
57.55266,249.999969,0.0,100.0,0.0
57.559104,249.999969,0.0,100.0,0.0
57.566564,249.999969,0.0,100.0,0.0
57.576219,249.999969,0.0,100.0,0.0
57.581381,249.999969,0.0,100.0,0.0
57.592214,249.999969,0.0,100.0,0.0
57.600433,249.999969,0.0,100.0,0.0
57.609199,249.999969,0.0,100.0,0.0
57.6139,249.999969,0.0,100.0,0.0
57.624384,249.999969,0.0,100.0,0.0
57.634774,249.999969,0.0,100.0,0.0
57.64344,249.999969,0.0,100.0,0.0
57.650162,249.999969,0.0,100.0,0.0
57.657965,249.999969,0.0,100.0,0.0
57.668079,249.999969,0.0,100.0,0.0
57.67587,249.999969,0.0,100.0,0.0
57.680064,249.999969,0.0,100.0,0.0
57.690944,249.999969,0.0,100.0,0.0
57.698721,249.999969,0.0,100.0,0.0
57.707749,249.999969,0.0,100.0,0.0
57.715608,249.999969,0.0,100.0,0.0
57.725382,249.999969,0.0,100.0,0.0
57.730429,249.999969,0.0,100.0,0.0
57.739515,249.999969,0.0,100.0,0.0
57.747439,249.999969,0.0,100.0,0.0
57.755746,249.999969,0.0,100.0,0.0
57.76137,249.999969,0.0,100.0,0.0
57.772295,249.999969,0.0,100.0,0.0
57.777208,249.999969,0.0,100.0,0.0
57.786114,249.999969,0.0,100.0,0.0
57.795128,249.999969,0.0,100.0,0.0
57.802504,249.999969,0.0,100.0,0.0
57.807983,249.999969,0.0,100.0,0.0
57.818737,249.999969,0.0,100.0,0.0
57.827055,249.999969,0.0,100.0,0.0
57.839843,249.999969,0.0,100.0,0.0
57.851031,249.999969,0.0,100.0,0.0
57.859262,249.999969,0.0,100.0,0.0
57.866198,249.999969,0.0,100.0,0.0
57.875768,249.999969,0.0,100.0,0.0
57.882013,249.999969,0.0,100.0,0.0
57.891209,249.999969,0.0,100.0,0.0
57.898674,249.999969,0.0,100.0,0.0
57.907808,249.999969,0.0,100.0,0.0
57.914809,249.999969,0.0,100.0,0.0
57.924575,249.999969,0.0,100.0,0.0
57.930397,249.999969,0.0,100.0,0.0
57.940486,249.999969,0.0,100.0,0.0
57.946301,249.999969,0.0,100.0,0.0
57.955924,249.999969,0.0,100.0,0.0
57.961968,249.999969,0.0,100.0,0.0
57.971573,249.999969,0.0,100.0,0.0
57.974319,249.999969,0.0,100.0,0.0
57.988109,249.999969,0.0,100.0,0.0
57.996682,249.999969,0.0,100.0,0.0
57.996682,249.999969,0.0,100.0,0.0
58.010531,249.999969,0.0,100.0,0.0
58.018781,249.999969,0.0,100.0,0.0
58.024809,249.999969,0.0,100.0,0.0
58.041208,249.999969,0.0,100.0,0.0
58.045463,249.999969,0.0,100.0,0.0
58.059778,249.999969,0.0,100.0,0.0
58.067995,249.999969,0.0,100.0,0.0
58.077276,249.999969,0.0,100.0,0.0
58.081418,249.999969,0.0,100.0,0.0
58.095851,249.999969,0.0,100.0,0.0
58.104599,249.999969,0.0,100.0,0.0
58.111169,249.999969,0.0,100.0,0.0
58.124252,249.999969,0.0,100.0,0.0
58.132824,249.999969,0.0,100.0,0.0
58.140745,249.999969,0.0,100.0,0.0
58.147509,249.999969,0.0,100.0,0.0
58.156836,249.999969,0.0,100.0,0.0
58.158037,249.999969,0.0,100.0,0.0
58.1729,249.999969,0.0,100.0,0.0
58.180104,249.999969,0.0,100.0,0.0
58.188382,249.999969,0.0,100.0,0.0
58.194011,249.999969,0.0,100.0,0.0
58.204213,249.999969,0.0,100.0,0.0
58.207959,249.999969,0.0,100.0,0.0
58.220754,249.999969,0.0,100.0,0.0
58.224089,249.999969,0.0,100.0,0.0
58.235104,249.999969,0.0,100.0,0.0
58.244209,249.999969,0.0,100.0,0.0
58.250136,249.999969,0.0,100.0,0.0
58.258025,249.999969,0.0,100.0,0.0
58.268024,249.999969,0.0,100.0,0.0
58.274276,249.999969,0.0,100.0,0.0
58.282105,249.999969,0.0,100.0,0.0
58.292431,249.999969,0.0,100.0,0.0
58.299026,249.999969,0.0,100.0,0.0
58.30792,249.999969,0.0,100.0,0.0
58.31491,249.999969,0.0,100.0,0.0
58.323975,249.999969,0.0,100.0,0.0
58.33035,249.999969,0.0,100.0,0.0
58.339535,249.999969,0.0,100.0,0.0
58.347065,249.999969,0.0,100.0,0.0
58.357103,249.999969,0.0,100.0,0.0
58.360384,249.999969,0.0,100.0,0.0
58.371924,249.999969,0.0,100.0,0.0
58.37457,249.999969,0.0,100.0,0.0
58.386721,249.999969,0.0,100.0,0.0
58.400025,249.999969,0.0,100.0,0.0
58.408702,249.999969,0.0,100.0,0.0
58.414042,249.999969,0.0,100.0,0.0
58.42397,249.999969,0.0,100.0,0.0
58.430159,249.999969,0.0,100.0,0.0
58.44031,249.999969,0.0,100.0,0.0
58.443656,249.999969,0.0,100.0,0.0
58.456218,249.999969,0.0,100.0,0.0
58.463938,249.999969,0.0,100.0,0.0
58.465374,249.999969,0.0,100.0,0.0
58.480383,249.999969,0.0,100.0,0.0
58.491768,249.999969,0.0,100.0,0.0
58.491768,249.999969,0.0,100.0,0.0
58.508264,249.999969,0.0,100.0,0.0
58.51309,249.999969,0.0,100.0,0.0
58.5246,249.999969,0.0,100.0,0.0
58.530434,249.999969,0.0,100.0,0.0
58.540557,249.999969,0.0,100.0,0.0
58.540557,249.999969,0.0,100.0,0.0
58.556493,249.999969,0.0,100.0,0.0
58.56372,249.999969,0.0,100.0,0.0
58.573059,249.999969,0.0,100.0,0.0
58.57475,249.999969,0.0,100.0,0.0
58.591799,249.999969,0.0,100.0,0.0
58.597399,249.999969,0.0,100.0,0.0
58.607448,249.999969,0.0,100.0,0.0
58.615284,249.999969,0.0,100.0,0.0
58.624037,249.999969,0.0,100.0,0.0
58.630357,249.999969,0.0,100.0,0.0
58.640819,249.999969,0.0,100.0,0.0
58.647808,249.999969,0.0,100.0,0.0
58.658462,249.999969,0.0,100.0,0.0
58.667187,249.999969,0.0,100.0,0.0
58.679671,249.999969,0.0,100.0,0.0
58.679671,249.999969,0.0,100.0,0.0
58.69723,249.999969,0.0,100.0,0.0
58.708096,249.999969,0.0,100.0,0.0
58.72399,249.999969,0.0,100.0,0.0
58.729216,249.999969,0.0,100.0,0.0
58.740981,249.999969,0.0,100.0,0.0
58.751468,249.999969,0.0,100.0,0.0
58.758547,249.999969,0.0,100.0,0.0
58.768374,249.999969,0.0,100.0,0.0
58.776175,249.999969,0.0,100.0,0.0
58.78122,249.999969,0.0,100.0,0.0
58.792631,249.999969,0.0,100.0,0.0
58.797352,249.999969,0.0,100.0,0.0
58.807976,249.999969,0.0,100.0,0.0
58.807976,249.999969,0.0,100.0,0.0
58.824914,249.999969,0.0,100.0,0.0
58.831568,249.999969,0.0,100.0,0.0
58.841104,249.999969,0.0,100.0,0.0
58.841104,249.999969,0.0,100.0,0.0
58.856338,249.999969,0.0,100.0,0.0
58.86454,249.999969,0.0,100.0,0.0
58.87079,249.999969,0.0,100.0,0.0
58.875701,249.999969,0.0,100.0,0.0
58.888275,249.999969,0.0,100.0,0.0
58.893106,249.999969,0.0,100.0,0.0
58.904781,249.999969,0.0,100.0,0.0
58.917509,249.999969,0.0,100.0,0.0
58.92392,249.999969,0.0,100.0,0.0
58.929145,249.999969,0.0,100.0,0.0
58.940118,249.999969,0.0,100.0,0.0
58.948272,249.999969,0.0,100.0,0.0
58.959627,249.999969,0.0,100.0,0.0
58.959627,249.999969,0.0,100.0,0.0
58.975269,249.999969,0.0,100.0,0.0
58.984432,249.999969,0.0,100.0,0.0
58.991441,249.999969,0.0,100.0,0.0
58.998383,249.999969,0.0,100.0,0.0
59.012492,249.999969,0.0,100.0,0.0
59.01976,249.999969,0.0,100.0,0.0
59.027878,249.999969,0.0,100.0,0.0
59.034774,249.999969,0.0,100.0,0.0
59.04225,249.999969,0.0,100.0,0.0
59.051029,249.999969,0.0,100.0,0.0
59.060298,249.999969,0.0,100.0,0.0
59.063297,249.999969,0.0,100.0,0.0
59.075332,249.999969,0.0,100.0,0.0
59.082987,249.999969,0.0,100.0,0.0
59.092858,249.999969,0.0,100.0,0.0
59.097047,249.999969,0.0,100.0,0.0
59.107334,249.999969,0.0,100.0,0.0
59.115806,249.999969,0.0,100.0,0.0
59.125067,249.999969,0.0,100.0,0.0
59.130576,249.999969,0.0,100.0,0.0
59.140731,249.999969,0.0,100.0,0.0
59.15133,249.999969,0.0,100.0,0.0
59.159583,249.999969,0.0,100.0,0.0
59.164875,249.999969,0.0,100.0,0.0
59.175767,249.999969,0.0,100.0,0.0
59.184593,249.999969,0.0,100.0,0.0
59.19203,249.999969,0.0,100.0,0.0
59.199508,249.999969,0.0,100.0,0.0
59.207773,249.999969,0.0,100.0,0.0
59.213964,249.999969,0.0,100.0,0.0
59.225093,249.999969,0.0,100.0,0.0
59.229895,249.999969,0.0,100.0,0.0
59.2407,249.999969,0.0,100.0,0.0
59.244313,249.999969,0.0,100.0,0.0
59.256436,249.999969,0.0,100.0,0.0
59.26378,249.999969,0.0,100.0,0.0
59.270425,249.999969,0.0,100.0,0.0
59.280087,249.999969,0.0,100.0,0.0
59.287372,249.999969,0.0,100.0,0.0
59.295976,249.999969,0.0,100.0,0.0
59.302847,249.999969,0.0,100.0,0.0
59.316475,249.999969,0.0,100.0,0.0
59.324182,249.999969,0.0,100.0,0.0
59.330894,249.999969,0.0,100.0,0.0
59.34093,249.999969,0.0,100.0,0.0
59.347193,249.999969,0.0,100.0,0.0
59.356431,249.999969,0.0,100.0,0.0
59.36427,249.999969,0.0,100.0,0.0
59.370272,249.999969,0.0,100.0,0.0
59.379208,249.999969,0.0,100.0,0.0
59.387554,249.999969,0.0,100.0,0.0
59.397045,249.999969,0.0,100.0,0.0
59.403065,249.999969,0.0,100.0,0.0
59.412241,249.999969,0.0,100.0,0.0
59.419055,249.999969,0.0,100.0,0.0
59.42751,249.999969,0.0,100.0,0.0
59.434112,249.999969,0.0,100.0,0.0
59.444266,249.999969,0.0,100.0,0.0
59.450312,249.999969,0.0,100.0,0.0
59.458112,249.999969,0.0,100.0,0.0
59.472067,249.999969,0.0,100.0,0.0
59.477846,249.999969,0.0,100.0,0.0
59.487292,249.999969,0.0,100.0,0.0
59.496152,249.999969,0.0,100.0,0.0
59.502118,249.999969,0.0,100.0,0.0
59.511353,249.999969,0.0,100.0,0.0
59.525035,249.999969,0.0,100.0,0.0
59.530979,249.999969,0.0,100.0,0.0
59.540021,249.999969,0.0,100.0,0.0
59.541557,249.999969,0.0,100.0,0.0
59.556312,249.999969,0.0,100.0,0.0
59.56305,249.999969,0.0,100.0,0.0
59.570447,249.999969,0.0,100.0,0.0
59.579637,249.999969,0.0,100.0,0.0
59.587214,249.999969,0.0,100.0,0.0
59.595471,249.999969,0.0,100.0,0.0
59.604202,249.999969,0.0,100.0,0.0
59.612026,249.999969,0.0,100.0,0.0
59.61843,249.999969,0.0,100.0,0.0
59.627253,249.999969,0.0,100.0,0.0
59.635598,249.999969,0.0,100.0,0.0
59.643532,249.999969,0.0,100.0,0.0
59.650113,249.999969,0.0,100.0,0.0
59.660309,249.999969,0.0,100.0,0.0
59.668767,249.999969,0.0,100.0,0.0
59.674769,249.999969,0.0,100.0,0.0
59.682356,249.999969,0.0,100.0,0.0
59.691301,249.999969,0.0,100.0,0.0
59.698906,249.999969,0.0,100.0,0.0
59.708637,249.999969,0.0,100.0,0.0
59.713685,249.999969,0.0,100.0,0.0
59.725142,249.999969,0.0,100.0,0.0
59.728606,249.999969,0.0,100.0,0.0
59.740827,249.999969,0.0,100.0,0.0
59.749239,249.999969,0.0,100.0,0.0
59.759675,249.999969,0.0,100.0,0.0
59.773061,249.999969,0.0,100.0,0.0
59.780143,249.999969,0.0,100.0,0.0
59.791595,249.999969,0.0,100.0,0.0
59.798873,249.999969,0.0,100.0,0.0
59.807708,249.999969,0.0,100.0,0.0
59.81566,249.999969,0.0,100.0,0.0
59.824529,249.999969,0.0,100.0,0.0
59.830009,249.999969,0.0,100.0,0.0
59.840491,249.999969,0.0,100.0,0.0
59.844682,249.999969,0.0,100.0,0.0
59.856594,249.999969,0.0,100.0,0.0
59.858535,249.999969,0.0,100.0,0.0
59.87225,249.999969,0.0,100.0,0.0
59.87464,249.999969,0.0,100.0,0.0
59.886644,249.999969,0.0,100.0,0.0
59.896381,249.999969,0.0,100.0,0.0
59.912793,249.999969,0.0,100.0,0.0
59.919554,249.999969,0.0,100.0,0.0
59.927936,249.999969,0.0,100.0,0.0
59.934345,249.999969,0.0,100.0,0.0
59.944231,249.999969,0.0,100.0,0.0
59.950624,249.999969,0.0,100.0,0.0
59.960988,249.999969,0.0,100.0,0.0
59.969116,249.999969,0.0,100.0,0.0
59.975243,249.999969,0.0,100.0,0.0
59.982806,249.999969,0.0,100.0,0.0
59.991642,249.999969,0.0,100.0,0.0
60.000072,249.999969,0.0,100.0,0.0
60.012299,249.999969,0.0,100.0,0.0
60.018639,249.999969,0.0,100.0,0.0
60.026548,249.999969,0.0,100.0,0.0
60.034476,249.999969,0.0,100.0,0.0
60.042619,249.999969,0.0,100.0,0.0
60.050722,249.999969,0.0,100.0,0.0
60.05918,249.999969,0.0,100.0,0.0
60.067751,249.999969,0.0,100.0,0.0
60.074778,249.999969,0.0,100.0,0.0
60.082772,249.999969,0.0,100.0,0.0
60.091304,249.999969,0.0,100.0,0.0
60.098003,249.999969,0.0,100.0,0.0
60.108364,249.999969,0.0,100.0,0.0
60.115264,249.999969,0.0,100.0,0.0
60.128124,249.999969,0.0,100.0,0.0
60.140559,249.999969,0.0,100.0,0.0
60.145628,249.999969,0.0,100.0,0.0
60.159034,249.999969,0.0,100.0,0.0
60.167557,249.999969,0.0,100.0,0.0
60.174885,249.999969,0.0,100.0,0.0
60.182673,249.999969,0.0,100.0,0.0
60.19147,249.999969,0.0,100.0,0.0
60.198906,249.999969,0.0,100.0,0.0
60.212381,249.999969,0.0,100.0,0.0
60.214599,249.999969,0.0,100.0,0.0
60.22676,249.999969,0.0,100.0,0.0
60.240832,249.999969,0.0,100.0,0.0
60.248204,249.999969,0.0,100.0,0.0
60.259737,249.999969,0.0,100.0,0.0
60.267419,249.999969,0.0,100.0,0.0
60.27693,249.999969,0.0,100.0,0.0
60.279936,249.999969,0.0,100.0,0.0
60.292912,249.999969,0.0,100.0,0.0
60.298823,249.999969,0.0,100.0,0.0
60.307943,249.999969,0.0,100.0,0.0
60.314502,249.999969,0.0,100.0,0.0
60.325261,249.999969,0.0,100.0,0.0
60.330702,249.999969,0.0,100.0,0.0
60.339562,249.999969,0.0,100.0,0.0
60.348886,249.999969,0.0,100.0,0.0
60.356485,249.999969,0.0,100.0,0.0
60.364032,249.999969,0.0,100.0,0.0
60.373041,249.999969,0.0,100.0,0.0
60.380147,249.999969,0.0,100.0,0.0
60.388339,249.999969,0.0,100.0,0.0
60.394639,249.999969,0.0,100.0,0.0
60.40244,249.999969,0.0,100.0,0.0
60.410213,249.999969,0.0,100.0,0.0
60.418959,249.999969,0.0,100.0,0.0
60.426965,249.999969,0.0,100.0,0.0
60.434471,249.999969,0.0,100.0,0.0
60.443861,249.999969,0.0,100.0,0.0
60.45048,249.999969,0.0,100.0,0.0
60.458124,249.999969,0.0,100.0,0.0
60.472792,249.999969,0.0,100.0,0.0
60.484287,249.999969,0.0,100.0,0.0
60.494429,249.999969,0.0,100.0,0.0
60.501932,249.999969,0.0,100.0,0.0
60.511867,249.999969,0.0,100.0,0.0
60.525007,249.999969,0.0,100.0,0.0
60.530029,249.999969,0.0,100.0,0.0
60.539661,249.999969,0.0,100.0,0.0
60.541326,249.999969,0.0,100.0,0.0
60.555696,249.999969,0.0,100.0,0.0
60.564408,249.999969,0.0,100.0,0.0
60.571623,249.999969,0.0,100.0,0.0
60.574652,249.999969,0.0,100.0,0.0
60.586951,249.999969,0.0,100.0,0.0
60.591309,249.999969,0.0,100.0,0.0
60.60377,249.999969,0.0,100.0,0.0
60.613224,249.999969,0.0,100.0,0.0
60.61423,249.999969,0.0,100.0,0.0
60.62854,249.999969,0.0,100.0,0.0
60.634876,249.999969,0.0,100.0,0.0
60.643316,249.999969,0.0,100.0,0.0
60.653059,249.999969,0.0,100.0,0.0
60.659273,249.999969,0.0,100.0,0.0
60.672992,249.999969,0.0,100.0,0.0
60.67602,249.999969,0.0,100.0,0.0
60.686848,249.999969,0.0,100.0,0.0
60.696121,249.999969,0.0,100.0,0.0
60.703187,249.999969,0.0,100.0,0.0
60.70822,249.999969,0.0,100.0,0.0
60.724829,249.999969,0.0,100.0,0.0
60.730463,249.999969,0.0,100.0,0.0
60.741452,249.999969,0.0,100.0,0.0
60.751045,249.999969,0.0,100.0,0.0
60.75915,249.999969,0.0,100.0,0.0
60.772519,249.999969,0.0,100.0,0.0
