frame,time_s,timestamp,x_mm,y_mm,z_mm,roll_deg,pitch_deg,yaw_deg,matches,inliers,pnp_inlier_ratio,new_features,nearby_associations,new_landmarks,landmarks,keyframe_added,keyframes,tracked
0,0.0,1784217385.162,0.0,0.0,0.0,0.0,0.0,0.0,0,0,nan,582,0,579,579,1,1,1
1,0.03333333333333333,1784217385.1953332,-0.5559719714164437,-0.43775905845556906,0.08368293880053557,0.323275512465544,-0.1992552356208657,-0.040570487375785266,487,320,0.6570841889117043,264,0,0,579,0,1,1
2,0.06666666666666667,1784217385.2286665,0.025628697193004868,-0.9578038411959682,0.2710643564725075,0.021021134965507435,-0.5613999392471611,-0.014665649889699239,450,167,0.3711111111111111,365,0,0,579,0,1,1
3,0.1,1784217385.2619998,0.6521174388435753,0.21431248943051173,0.01342545987611743,-0.41218817237480215,0.08828863159459291,-0.015065347834631608,464,234,0.5043103448275862,400,10,390,969,1,2,1
4,0.13333333333333333,1784217385.2953334,-0.12879654784026684,-1.5127751874910729,0.5361938166038698,0.16988197651171594,-0.9035522587823145,0.051214899044670414,684,206,0.30116959064327486,256,0,0,969,0,2,1
5,0.16666666666666666,1784217385.3286667,0.3406439186436625,-1.1509818314016798,0.07031197287743396,-0.13823059237817967,-0.674207406485807,0.017273595938723622,596,218,0.36577181208053694,268,0,0,969,0,2,1
6,0.2,1784217385.362,0.08626082972968874,-0.6654117519632905,-0.2716938956043151,0.002851520478487198,-0.3924804794297374,-0.004171761576115301,543,198,0.36464088397790057,275,0,0,969,0,2,1
7,0.23333333333333334,1784217385.3953333,0.08066355387344615,-1.11470585101479,0.009546224191069541,0.009418443517020111,-0.6480291285725139,-0.025154997253884637,485,166,0.3422680412371134,272,0,0,969,0,2,1
8,0.26666666666666666,1784217385.4286666,0.39532687735072436,-0.9835518528581417,-0.04388260092845542,-0.22045158294474174,-0.591832831263633,-0.0056751151754496736,408,157,0.38480392156862747,341,0,0,969,0,2,1
9,0.3,1784217385.462,0.6548541358668274,-0.46323546569325913,0.3716770301867882,-0.3317980618397225,-0.27986310300590256,0.07733756009087486,315,140,0.4444444444444444,300,0,0,969,0,2,1
10,0.3333333333333333,1784217385.4953332,0.16154486014937675,-0.20755060894998678,0.5670569467333877,-0.24220335399429296,-0.22924713295900268,-0.1816984988843377,112,64,0.5714285714285714,38,0,0,969,0,2,1
11,0.36666666666666664,1784217385.5286665,0.45467646649155036,-0.39233885673534985,0.31793128706343055,-0.2502140103022094,-0.2698287538614218,0.037359591848702224,126,44,0.3492063492063492,56,0,0,969,0,2,1
12,0.4,1784217385.562,4.4040632367248485,-0.45771269634343525,0.6072512735836426,-2.597727983007303,-0.49513953661436655,-0.14337281428427376,158,52,0.3291139240506329,138,0,0,969,0,2,1
13,0.43333333333333335,1784217385.5953333,4.414333411961229,0.12131496516639118,0.6223840965048737,-2.5854357157453025,-0.1318106287593628,-0.05813062295396879,158,53,0.33544303797468356,116,0,0,969,0,2,1
14,0.4666666666666667,1784217385.6286666,2.5006259509705195,-0.9674325991707775,1.3077570820763924,-1.4322477146619446,-0.7666222638537449,-0.04647804474238314,164,67,0.40853658536585363,123,0,0,969,0,2,1
15,0.5,1784217385.662,-0.8673658991669306,0.09244791370204553,-0.06369734053228626,0.6054944202699545,0.024628875711182,0.17958399743686354,151,79,0.5231788079470199,85,0,0,969,0,2,1
16,0.5333333333333333,1784217385.6953332,-0.3060101650242544,-1.4106922078602935,0.8864279809465785,0.1509173959294431,-0.7342451190121801,-0.13875196175424404,121,44,0.36363636363636365,82,0,0,969,0,2,1
17,0.5666666666666667,1784217385.7286665,0.385792928696862,-1.4396576669147265,0.48044808537889594,-0.16299162087825975,-0.9029909189127531,-0.23350796408388136,144,45,0.3125,64,0,0,969,0,2,1
18,0.6,1784217385.7619998,-3.8288136809383353,-0.8172635769640664,0.29775223870866796,2.1890420396405115,-0.33626726724601985,-0.0594645152527113,127,61,0.48031496062992124,56,0,0,969,0,2,1
19,0.6333333333333333,1784217385.7953334,0.7982555025250377,-0.9525315689110698,0.6536430784815366,-0.4055044747328813,-0.502782911670316,-0.014212811956140967,120,63,0.525,59,0,0,969,0,2,1
20,0.6666666666666666,1784217385.8286667,0.19995585680081618,-0.3460836166573955,2.583840668223047,-0.3598515891820696,-0.8522447628102819,-0.2625985319524148,116,53,0.45689655172413796,30,0,0,969,0,2,1
21,0.7,1784217385.862,-0.09442100545011556,0.05240032296066488,0.9953483443104716,-0.0755583166343957,-0.24480313659721029,-0.2702617330604536,105,70,0.6666666666666666,40,0,0,969,0,2,1
22,0.7333333333333333,1784217385.8953333,3.953853828225128,-2.6287894703154393,2.2382328577061656,-2.025944445586185,-1.690906343573902,-0.3064405882444735,101,44,0.43564356435643564,58,0,0,969,0,2,1
23,0.7666666666666667,1784217385.9286666,1.1855260414813173,-1.0280404701293406,-0.4323838453403539,-0.6241359128615651,-0.19678456150198717,-0.978071201916389,104,45,0.4326923076923077,43,0,0,969,0,2,1
24,0.8,1784217385.962,3.695927488510325,-1.5917718309877387,0.7114557429606378,-1.4893630521794214,-0.8298356144215338,-0.675486472840371,92,32,0.34782608695652173,49,0,0,969,0,2,1
25,0.8333333333333334,1784217385.9953332,4.366443285017457,-1.9569860972611082,2.109030794235437,-0.925799818856382,-1.4357669721437654,-0.34414204213826105,69,32,0.463768115942029,34,0,0,969,0,2,1
26,0.8666666666666667,1784217386.0286665,-1.1663829248901987,0.5790970332116387,-0.7759178581159745,2.328869750373829,0.4427964988703559,-0.710494075254057,81,33,0.4074074074074074,45,0,0,969,0,2,1
27,0.9,1784217386.062,6.569920090673136,-1.8546677262414448,3.057319129599108,-1.0710100471449868,-1.7063143220034276,-0.24316637816693373,86,41,0.47674418604651164,38,0,0,969,0,2,1
28,0.9333333333333333,1784217386.0953333,-0.9468604435919517,3.645940389724089,-4.108044316747794,2.5720284406333844,2.5304900066337455,-1.221680208451281,83,31,0.37349397590361444,55,0,0,969,0,2,1
29,0.9666666666666667,1784217386.1286666,6.563006261460217,-2.6035154229350326,4.057979463166745,0.2950872975736469,-2.214525440318656,-0.04395479345721851,75,40,0.5333333333333333,39,0,0,969,0,2,1
30,1.0,1784217386.162,9.096892808307828,1.616691487607497,-0.42829003112278485,-0.8493239735236765,0.35260211760335,-0.24471607420303693,88,42,0.4772727272727273,46,0,0,969,0,2,1
31,1.0333333333333334,1784217386.1953332,9.378962593238299,0.5157783673094656,0.05312137311325671,-0.85764113672226,-0.18688083050074383,-0.6660093461650701,78,42,0.5384615384615384,29,0,0,969,0,2,1
32,1.0666666666666667,1784217386.2286665,8.333863692853003,0.9924060896804008,1.662810107277238,0.779353351240065,-0.4188525814985625,-0.12812060582277054,77,42,0.5454545454545454,32,0,0,969,0,2,1
33,1.1,1784217386.2619998,4.114431160300503,2.154068572374385,-1.609046814914663,2.3115275485967133,1.119882159935488,-1.9893228202905542,68,33,0.4852941176470588,59,0,0,969,0,2,1
34,1.1333333333333333,1784217386.2953334,10.190357186212413,0.7709126627578939,0.40074740404126885,0.6318684949306899,-0.18766340146314506,-0.4153237895078962,71,42,0.5915492957746479,39,0,0,969,0,2,1
35,1.1666666666666667,1784217386.3286667,12.484108175053002,-1.6592664992745796,3.8280532299177708,-0.015149624555467584,-2.07248052790378,-0.5593392592429888,74,41,0.5540540540540541,27,0,0,969,0,2,1
36,1.2,1784217386.362,12.922454878159142,-1.2501851392438397,4.688349192047298,0.7043433551255526,-2.123577880639618,-0.03757921289974651,73,40,0.547945205479452,40,0,0,969,0,2,1
37,1.2333333333333334,1784217386.3953333,13.52809987135384,0.5767817935659565,1.1031068743091197,0.7855281074490883,-0.561494695834649,-0.15484992702372005,75,37,0.49333333333333335,34,0,0,969,0,2,1
38,1.2666666666666666,1784217386.4286666,13.599290686086501,1.3128591211192884,0.25841066189006767,1.1098987616284166,-0.07843726810961289,-0.2916455473124103,68,34,0.5,50,0,0,969,0,2,1
39,1.3,1784217386.462,17.8523466855415,-0.6265735839562865,2.670973483285877,-0.6702445538199089,-1.6432261424862749,-0.29973631810288714,75,41,0.5466666666666666,48,0,0,969,0,2,1
40,1.3333333333333333,1784217386.4953332,14.544884002369566,2.0853434227781094,0.183516424960402,1.3226633617039851,0.16729646421403904,-0.730242968896171,64,46,0.71875,50,0,0,969,0,2,1
41,1.3666666666666667,1784217386.5286665,16.963859627208237,1.1913444835321343,-0.4315932203362536,0.6103841694899189,-0.07099557426312816,-0.7402433688474533,68,34,0.5,42,0,0,969,0,2,1
42,1.4,1784217386.562,20.451002170732398,-0.1404455254692465,1.8501175349836956,-0.6931991550154473,-1.375658528887896,-0.6630460120738776,66,44,0.6666666666666666,46,0,0,969,0,2,1
43,1.4333333333333333,1784217386.5953333,17.21735407765934,-0.6623823285125354,2.7654676608466247,1.6602348828705225,-1.5588915970513164,-0.7665465178606969,73,47,0.6438356164383562,42,0,0,969,0,2,1
44,1.4666666666666666,1784217386.6286666,22.363506334533984,0.39580626305959754,0.9280625254884285,-0.5153112202726778,-0.9858139791839207,-0.5175846266444724,61,35,0.5737704918032787,41,0,0,969,0,2,1
45,1.5,1784217386.662,19.62417145005787,0.13364965843481968,1.2477394699572102,1.2266856573652438,-0.936434797944977,-0.901027414533219,71,36,0.5070422535211268,48,0,0,969,0,2,1
46,1.5333333333333334,1784217386.6953332,20.021904659661086,0.23790964530655856,1.89213637381188,1.1609975046201906,-1.2658481802422803,-1.5888376370356876,61,34,0.5573770491803278,38,0,0,969,0,2,1
47,1.5666666666666667,1784217386.7286665,20.453060122537607,1.2058475137235263,1.0611075880187002,2.0855234255257917,-0.46794093523676666,-0.6474011437711585,76,31,0.40789473684210525,43,0,0,969,0,2,1
48,1.6,1784217386.7619998,24.06700960928721,1.0773702754910488,0.48841187779434847,0.20779144666338567,-0.714582917704444,-1.1900374406851661,72,39,0.5416666666666666,48,0,0,969,0,2,1
49,1.6333333333333333,1784217386.7953334,28.674835293176123,0.922940977406256,3.0123078793262295,-0.6120673323977033,-1.5267669113255085,0.2248722939864033,68,33,0.4852941176470588,55,0,0,969,0,2,1
50,1.6666666666666667,1784217386.8286667,26.147460292929438,1.5500426194000028,1.5272217073628838,0.7210697324602432,-0.7729855717279215,-0.5301730350260774,61,31,0.5081967213114754,45,0,0,969,0,2,1
51,1.7,1784217386.862,27.277572308274472,2.4691438370901295,0.10894136991935,0.5175032675103164,-0.16633980774106294,-0.5901270089114685,62,37,0.5967741935483871,56,0,0,969,0,2,1
52,1.7333333333333334,1784217386.8953333,28.7017758175606,2.380932423513684,0.5415133607297662,0.4108610425202074,-0.3829845092745065,-0.5538859411375131,73,32,0.4383561643835616,43,0,0,969,0,2,1
53,1.7666666666666666,1784217386.9286666,28.04948829886831,2.1154161213519416,1.3423687731665837,1.1794720098529734,-0.5976800993499436,-0.7012854487889202,69,44,0.6376811594202898,41,0,0,969,0,2,1
54,1.8,1784217386.962,29.71267766730137,2.3432855691955297,3.9831718787632155,0.8928724414497577,-1.3489132067126652,-0.9185164978668536,72,24,0.3333333333333333,52,0,0,969,0,2,1
55,1.8333333333333333,1784217386.9953332,29.224769318047535,2.95516010312312,-0.20974707497744305,1.4925572085245329,0.11500719013785404,-0.8140511773472398,65,30,0.46153846153846156,41,0,0,969,0,2,1
56,1.8666666666666667,1784217387.0286665,29.148418234333278,4.129580469651572,1.7499104661358444,2.317816921605895,0.04317075802559233,-0.7982363317100268,67,26,0.3880597014925373,47,0,0,969,0,2,1
57,1.9,1784217387.062,33.36945099023484,1.7502181472082015,1.5167140165160617,0.5950612313248449,-1.0528746033298764,-0.6176314062847247,74,34,0.4594594594594595,56,0,0,969,0,2,1
58,1.9333333333333333,1784217387.0953333,34.194223260337935,3.5990439791859075,-0.25397591574753164,0.1874403440796837,-0.04663647416699286,-1.1113723425775575,58,38,0.6551724137931034,48,0,0,969,0,2,1
59,1.9666666666666666,1784217387.1286666,33.47414706155868,3.6892304902160618,1.9726437123672298,1.546734421091958,-0.43167679849162116,-0.9512172200418054,67,35,0.5223880597014925,41,0,0,969,0,2,1
60,2.0,1784217387.162,32.95890020240627,3.5422036269741,0.770061505460788,2.068824255475179,-0.06438587114197528,-1.0900422608647227,67,37,0.5522388059701493,63,0,0,969,0,2,1
61,2.033333333333333,1784217387.1953332,34.74270881311136,3.332326242453405,1.6227480970285058,1.8870076533479885,-0.42695176094383086,-0.8743709285986222,67,43,0.6417910447761194,49,0,0,969,0,2,1
62,2.066666666666667,1784217387.2286665,36.744136653738025,3.4678115500384905,1.0515215756587537,1.5655253924978676,-0.24315098952504852,-0.5401692624212835,61,32,0.5245901639344263,43,0,0,969,0,2,1
63,2.1,1784217387.2619998,37.995294467224014,4.172986552062483,-1.1573093582689324,1.00599693892694,0.45037944396986973,-0.9165810881395103,57,26,0.45614035087719296,48,0,0,969,0,2,1
64,2.1333333333333333,1784217387.2953334,35.17594702808932,2.9161233607872674,2.1611689727240986,2.884624256847972,-0.6686630742395938,-1.4881957915933575,61,32,0.5245901639344263,48,0,0,969,0,2,1
65,2.1666666666666665,1784217387.3286667,41.173445974701195,1.2199647639611726,2.8886573644329587,0.5842792859788069,-2.0378647028440646,-0.9852715517262908,65,25,0.38461538461538464,44,0,0,969,0,2,1
66,2.2,1784217387.362,37.59673015203815,1.2269613773590464,4.118562629089453,2.807513674818733,-1.9667330254556457,-1.5066371600374222,62,23,0.3709677419354839,58,0,0,969,0,2,1
67,2.2333333333333334,1784217387.3953333,42.3643920359401,2.6128954746713475,3.0255557296103603,1.338914877985717,-1.3986505570766152,-0.7258874386631817,60,29,0.48333333333333334,51,0,0,969,0,2,1
68,2.2666666666666666,1784217387.4286666,46.34170789475501,-0.3472330511095265,4.109771838368616,0.18368004515394448,-2.9658719043204615,-0.03317548688939917,63,24,0.38095238095238093,50,0,0,969,0,2,1
69,2.3,1784217387.462,38.321491824175055,4.345271281093147,4.3120894181549545,3.684696836289705,-0.8705529643919934,-2.0790481558606393,61,25,0.4098360655737705,52,0,0,969,0,2,1
70,2.3333333333333335,1784217387.4953332,48.31407668735622,3.634171537468987,3.191000407301104,-0.10335557738274812,-1.440439022023667,-0.6333902819545352,55,29,0.5272727272727272,57,0,0,969,0,2,1
71,2.3666666666666667,1784217387.5286665,46.5994337682673,4.712950107039958,0.7380024281652595,0.8841286526903815,-0.20143881124652524,-0.8404329587914197,53,35,0.660377358490566,47,0,0,969,0,2,1
72,2.4,1784217387.562,44.61868816740018,5.484263110908145,1.9076341757487967,2.101912946886552,-0.15628369965385144,-1.5833966585886992,48,36,0.75,69,0,0,969,0,2,1
73,2.433333333333333,1784217387.5953333,47.58514085032496,3.8473888055804792,2.2530015934342202,1.8297039638262766,-0.7887561666407162,-0.5573994577974635,56,28,0.5,47,0,0,969,0,2,1
74,2.466666666666667,1784217387.6286666,46.189962731473585,7.476891252743755,0.23564100303831026,2.0664193284163352,0.8753077653149289,-1.7680189914533337,41,32,0.7804878048780488,71,0,0,969,0,2,1
75,2.5,1784217387.662,47.788740134217434,2.9247289540411714,3.5329989083977296,1.8353621378125096,-1.8264258074568944,-1.9624692611060224,53,28,0.5283018867924528,62,0,0,969,0,2,1
76,2.533333333333333,1784217387.6953332,46.630556156346245,7.709268799275449,6.923688502479763,3.3984690799400865,-0.6960725281658591,-2.09542472460329,50,36,0.72,58,0,0,969,0,2,1
77,2.566666666666667,1784217387.7286665,nan,nan,nan,nan,nan,nan,52,16,0.3076923076923077,53,0,0,969,0,2,0
78,2.6,1784217387.7619998,52.52547963164078,6.411887515344176,2.721787994687972,0.9441219767953418,-0.6821216937620378,-2.0304522731830263,49,31,0.6326530612244898,63,0,0,969,0,2,1
79,2.6333333333333333,1784217387.7953334,51.7082968707801,8.030135029950884,-0.34721511065097843,1.7292399099489604,0.9773411753343846,-1.736284924313218,52,22,0.4230769230769231,65,0,0,969,0,2,1
80,2.6666666666666665,1784217387.8286667,nan,nan,nan,nan,nan,nan,52,12,0.23076923076923078,71,0,0,969,0,2,0
81,2.7,1784217387.862,55.51726517684807,5.831733441802115,1.8988264473716185,1.2744976539475372,-0.530052132720254,-1.3637709078041114,43,20,0.46511627906976744,56,0,0,969,0,2,1
82,2.7333333333333334,1784217387.8953333,nan,nan,nan,nan,nan,nan,49,19,0.3877551020408163,70,0,0,969,0,2,0
83,2.7666666666666666,1784217387.9286666,nan,nan,nan,nan,nan,nan,41,17,0.4146341463414634,60,0,0,969,0,2,0
84,2.8,1784217387.962,61.573002423411296,4.602936390328367,3.3799420124847046,-0.5330680137639494,-2.2500763044178047,-1.8952380846772632,42,23,0.5476190476190477,82,0,0,969,0,2,1
85,2.8333333333333335,1784217387.9953332,nan,nan,nan,nan,nan,nan,29,0,nan,69,0,0,969,0,2,0
86,2.8666666666666667,1784217388.0286665,nan,nan,nan,nan,nan,nan,36,10,0.2777777777777778,77,0,0,969,0,2,0
87,2.9,1784217388.062,nan,nan,nan,nan,nan,nan,45,5,0.1111111111111111,75,0,0,969,0,2,0
88,2.933333333333333,1784217388.0953333,nan,nan,nan,nan,nan,nan,38,12,0.3157894736842105,65,0,0,969,0,2,0
89,2.966666666666667,1784217388.1286666,nan,nan,nan,nan,nan,nan,30,0,0.0,59,0,0,969,0,2,0
90,3.0,1784217388.162,nan,nan,nan,nan,nan,nan,35,0,0.0,52,0,0,969,0,2,0
91,3.033333333333333,1784217388.1953332,nan,nan,nan,nan,nan,nan,19,0,nan,68,0,0,969,0,2,0
92,3.066666666666667,1784217388.2286665,nan,nan,nan,nan,nan,nan,30,0,0.0,71,0,0,969,0,2,0
93,3.1,1784217388.2619998,nan,nan,nan,nan,nan,nan,32,0,0.0,50,0,0,969,0,2,0
94,3.1333333333333333,1784217388.2953334,nan,nan,nan,nan,nan,nan,28,0,nan,61,0,0,969,0,2,0
95,3.1666666666666665,1784217388.3286667,nan,nan,nan,nan,nan,nan,30,0,0.0,54,0,0,969,0,2,0
96,3.2,1784217388.362,nan,nan,nan,nan,nan,nan,13,0,nan,54,0,0,969,0,2,0
97,3.2333333333333334,1784217388.3953333,nan,nan,nan,nan,nan,nan,26,0,nan,57,0,0,969,0,2,0
98,3.2666666666666666,1784217388.4286666,nan,nan,nan,nan,nan,nan,26,0,nan,46,0,0,969,0,2,0
99,3.3,1784217388.462,nan,nan,nan,nan,nan,nan,35,0,0.0,35,0,0,969,0,2,0
100,3.3333333333333335,1784217388.4953332,nan,nan,nan,nan,nan,nan,26,0,nan,51,0,0,969,0,2,0
101,3.3666666666666667,1784217388.5286665,nan,nan,nan,nan,nan,nan,51,9,0.17647058823529413,515,0,0,969,0,2,0
102,3.4,1784217388.562,nan,nan,nan,nan,nan,nan,38,0,0.0,68,0,0,969,0,2,0
103,3.433333333333333,1784217388.5953333,nan,nan,nan,nan,nan,nan,26,0,nan,63,0,0,969,0,2,0
104,3.466666666666667,1784217388.6286666,nan,nan,nan,nan,nan,nan,18,0,nan,67,0,0,969,0,2,0
105,3.5,1784217388.662,nan,nan,nan,nan,nan,nan,24,0,nan,67,0,0,969,0,2,0
106,3.533333333333333,1784217388.6953332,nan,nan,nan,nan,nan,nan,33,0,0.0,61,0,0,969,0,2,0
107,3.566666666666667,1784217388.7286665,nan,nan,nan,nan,nan,nan,25,0,nan,68,0,0,969,0,2,0
108,3.6,1784217388.7619998,nan,nan,nan,nan,nan,nan,24,0,nan,77,0,0,969,0,2,0
109,3.6333333333333333,1784217388.7953334,nan,nan,nan,nan,nan,nan,17,0,nan,85,0,0,969,0,2,0
110,3.6666666666666665,1784217388.8286667,nan,nan,nan,nan,nan,nan,23,0,nan,52,0,0,969,0,2,0
111,3.7,1784217388.862,nan,nan,nan,nan,nan,nan,20,0,nan,62,0,0,969,0,2,0
112,3.7333333333333334,1784217388.8953333,nan,nan,nan,nan,nan,nan,26,0,nan,72,0,0,969,0,2,0
113,3.7666666666666666,1784217388.9286666,nan,nan,nan,nan,nan,nan,25,0,nan,72,0,0,969,0,2,0
114,3.8,1784217388.962,nan,nan,nan,nan,nan,nan,23,0,nan,93,0,0,969,0,2,0
115,3.8333333333333335,1784217388.9953332,nan,nan,nan,nan,nan,nan,25,0,nan,86,0,0,969,0,2,0
116,3.8666666666666667,1784217389.0286665,nan,nan,nan,nan,nan,nan,21,0,nan,88,0,0,969,0,2,0
117,3.9,1784217389.062,nan,nan,nan,nan,nan,nan,21,0,nan,99,0,0,969,0,2,0
118,3.933333333333333,1784217389.0953333,nan,nan,nan,nan,nan,nan,31,5,0.16129032258064516,85,0,0,969,0,2,0
119,3.966666666666667,1784217389.1286666,nan,nan,nan,nan,nan,nan,27,0,nan,87,0,0,969,0,2,0
120,4.0,1784217389.162,nan,nan,nan,nan,nan,nan,38,0,0.0,83,0,0,969,0,2,0
121,4.033333333333333,1784217389.1953332,nan,nan,nan,nan,nan,nan,17,0,nan,83,0,0,969,0,2,0
122,4.066666666666666,1784217389.2286665,nan,nan,nan,nan,nan,nan,20,0,nan,109,0,0,969,0,2,0
123,4.1,1784217389.2619998,nan,nan,nan,nan,nan,nan,19,0,nan,105,0,0,969,0,2,0
124,4.133333333333334,1784217389.2953334,nan,nan,nan,nan,nan,nan,31,0,0.0,89,0,0,969,0,2,0
125,4.166666666666667,1784217389.3286667,nan,nan,nan,nan,nan,nan,35,5,0.14285714285714285,85,0,0,969,0,2,0
126,4.2,1784217389.362,nan,nan,nan,nan,nan,nan,40,7,0.175,93,0,0,969,0,2,0
127,4.233333333333333,1784217389.3953333,nan,nan,nan,nan,nan,nan,49,5,0.10204081632653061,71,0,0,969,0,2,0
128,4.266666666666667,1784217389.4286666,nan,nan,nan,nan,nan,nan,20,0,nan,96,0,0,969,0,2,0
129,4.3,1784217389.462,nan,nan,nan,nan,nan,nan,18,0,nan,92,0,0,969,0,2,0
130,4.333333333333333,1784217389.4953332,nan,nan,nan,nan,nan,nan,35,0,0.0,110,0,0,969,0,2,0
131,4.366666666666666,1784217389.5286665,nan,nan,nan,nan,nan,nan,27,0,nan,112,0,0,969,0,2,0
132,4.4,1784217389.562,nan,nan,nan,nan,nan,nan,36,0,0.0,97,0,0,969,0,2,0
133,4.433333333333334,1784217389.5953333,nan,nan,nan,nan,nan,nan,35,6,0.17142857142857143,125,0,0,969,0,2,0
134,4.466666666666667,1784217389.6286666,nan,nan,nan,nan,nan,nan,44,5,0.11363636363636363,106,0,0,969,0,2,0
135,4.5,1784217389.662,nan,nan,nan,nan,nan,nan,24,0,nan,115,0,0,969,0,2,0
136,4.533333333333333,1784217389.6953332,nan,nan,nan,nan,nan,nan,27,0,nan,130,0,0,969,0,2,0
137,4.566666666666666,1784217389.7286665,nan,nan,nan,nan,nan,nan,30,5,0.16666666666666666,134,0,0,969,0,2,0
138,4.6,1784217389.7619998,nan,nan,nan,nan,nan,nan,45,5,0.1111111111111111,137,0,0,969,0,2,0
139,4.633333333333334,1784217389.7953334,nan,nan,nan,nan,nan,nan,51,5,0.09803921568627451,107,0,0,969,0,2,0
140,4.666666666666667,1784217389.8286667,nan,nan,nan,nan,nan,nan,45,0,0.0,131,0,0,969,0,2,0
141,4.7,1784217389.862,nan,nan,nan,nan,nan,nan,29,0,nan,147,0,0,969,0,2,0
142,4.733333333333333,1784217389.8953333,nan,nan,nan,nan,nan,nan,17,0,nan,154,0,0,969,0,2,0
143,4.766666666666667,1784217389.9286666,nan,nan,nan,nan,nan,nan,25,0,nan,138,0,0,969,0,2,0
144,4.8,1784217389.962,nan,nan,nan,nan,nan,nan,35,0,0.0,127,0,0,969,0,2,0
145,4.833333333333333,1784217389.9953332,nan,nan,nan,nan,nan,nan,29,0,nan,147,0,0,969,0,2,0
146,4.866666666666666,1784217390.0286665,nan,nan,nan,nan,nan,nan,29,0,nan,168,0,0,969,0,2,0
147,4.9,1784217390.062,nan,nan,nan,nan,nan,nan,22,0,nan,152,0,0,969,0,2,0
148,4.933333333333334,1784217390.0953333,nan,nan,nan,nan,nan,nan,31,5,0.16129032258064516,129,0,0,969,0,2,0
149,4.966666666666667,1784217390.1286666,nan,nan,nan,nan,nan,nan,36,5,0.1388888888888889,143,0,0,969,0,2,0
150,5.0,1784217390.162,nan,nan,nan,nan,nan,nan,29,0,nan,137,0,0,969,0,2,0
151,5.033333333333333,1784217390.1953332,nan,nan,nan,nan,nan,nan,26,0,nan,155,0,0,969,0,2,0
152,5.066666666666666,1784217390.2286665,nan,nan,nan,nan,nan,nan,22,0,nan,151,0,0,969,0,2,0
153,5.1,1784217390.2619998,nan,nan,nan,nan,nan,nan,34,0,0.0,113,0,0,969,0,2,0
154,5.133333333333334,1784217390.2953334,nan,nan,nan,nan,nan,nan,20,0,nan,169,0,0,969,0,2,0
155,5.166666666666667,1784217390.3286667,nan,nan,nan,nan,nan,nan,25,0,nan,140,0,0,969,0,2,0
156,5.2,1784217390.362,nan,nan,nan,nan,nan,nan,34,0,0.0,140,0,0,969,0,2,0
157,5.233333333333333,1784217390.3953333,nan,nan,nan,nan,nan,nan,33,0,0.0,122,0,0,969,0,2,0
158,5.266666666666667,1784217390.4286666,nan,nan,nan,nan,nan,nan,33,0,0.0,143,0,0,969,0,2,0
159,5.3,1784217390.462,nan,nan,nan,nan,nan,nan,45,5,0.1111111111111111,157,0,0,969,0,2,0
160,5.333333333333333,1784217390.4953332,nan,nan,nan,nan,nan,nan,43,9,0.20930232558139536,153,0,0,969,0,2,0
161,5.366666666666666,1784217390.5286665,nan,nan,nan,nan,nan,nan,39,5,0.1282051282051282,133,0,0,969,0,2,0
162,5.4,1784217390.562,nan,nan,nan,nan,nan,nan,30,0,0.0,160,0,0,969,0,2,0
163,5.433333333333334,1784217390.5953333,nan,nan,nan,nan,nan,nan,48,5,0.10416666666666667,134,0,0,969,0,2,0
164,5.466666666666667,1784217390.6286666,nan,nan,nan,nan,nan,nan,41,6,0.14634146341463414,165,0,0,969,0,2,0
165,5.5,1784217390.662,nan,nan,nan,nan,nan,nan,27,0,nan,150,0,0,969,0,2,0
166,5.533333333333333,1784217390.6953332,nan,nan,nan,nan,nan,nan,29,0,nan,138,0,0,969,0,2,0
167,5.566666666666666,1784217390.7286665,nan,nan,nan,nan,nan,nan,36,5,0.1388888888888889,133,0,0,969,0,2,0
168,5.6,1784217390.7619998,nan,nan,nan,nan,nan,nan,34,0,0.0,146,0,0,969,0,2,0
169,5.633333333333334,1784217390.7953334,nan,nan,nan,nan,nan,nan,28,0,nan,203,0,0,969,0,2,0
170,5.666666666666667,1784217390.8286667,nan,nan,nan,nan,nan,nan,25,0,nan,199,0,0,969,0,2,0
171,5.7,1784217390.862,nan,nan,nan,nan,nan,nan,37,0,0.0,201,0,0,969,0,2,0
172,5.733333333333333,1784217390.8953333,nan,nan,nan,nan,nan,nan,32,0,0.0,257,0,0,969,0,2,0
173,5.766666666666667,1784217390.9286666,nan,nan,nan,nan,nan,nan,37,0,0.0,264,0,0,969,0,2,0
174,5.8,1784217390.962,nan,nan,nan,nan,nan,nan,26,0,nan,235,0,0,969,0,2,0
175,5.833333333333333,1784217390.9953332,nan,nan,nan,nan,nan,nan,40,0,0.0,286,0,0,969,0,2,0
176,5.866666666666666,1784217391.0286665,nan,nan,nan,nan,nan,nan,52,0,0.0,271,0,0,969,0,2,0
177,5.9,1784217391.062,nan,nan,nan,nan,nan,nan,41,0,0.0,278,0,0,969,0,2,0
178,5.933333333333334,1784217391.0953333,nan,nan,nan,nan,nan,nan,44,0,0.0,276,0,0,969,0,2,0
179,5.966666666666667,1784217391.1286666,nan,nan,nan,nan,nan,nan,33,0,0.0,251,0,0,969,0,2,0
180,6.0,1784217391.162,nan,nan,nan,nan,nan,nan,51,0,0.0,217,0,0,969,0,2,0
181,6.033333333333333,1784217391.1953332,nan,nan,nan,nan,nan,nan,55,0,0.0,175,0,0,969,0,2,0
182,6.066666666666666,1784217391.2286665,nan,nan,nan,nan,nan,nan,40,0,0.0,196,0,0,969,0,2,0
183,6.1,1784217391.2619998,nan,nan,nan,nan,nan,nan,44,10,0.22727272727272727,227,0,0,969,0,2,0
184,6.133333333333334,1784217391.2953334,nan,nan,nan,nan,nan,nan,48,13,0.2708333333333333,189,0,0,969,0,2,0
185,6.166666666666667,1784217391.3286667,nan,nan,nan,nan,nan,nan,33,15,0.45454545454545453,184,0,0,969,0,2,0
186,6.2,1784217391.362,nan,nan,nan,nan,nan,nan,40,15,0.375,211,0,0,969,0,2,0
187,6.233333333333333,1784217391.3953333,nan,nan,nan,nan,nan,nan,47,10,0.2127659574468085,192,0,0,969,0,2,0
188,6.266666666666667,1784217391.4286666,nan,nan,nan,nan,nan,nan,44,14,0.3181818181818182,182,0,0,969,0,2,0
189,6.3,1784217391.462,nan,nan,nan,nan,nan,nan,49,14,0.2857142857142857,165,0,0,969,0,2,0
190,6.333333333333333,1784217391.4953332,57.969362469921805,5.654801511274144,5.901989855593229,1.1693980518026186,-1.6665999047750468,-0.7971976618905984,57,27,0.47368421052631576,203,0,0,969,0,2,1
191,6.366666666666666,1784217391.5286665,56.085806981348824,6.041826226474541,8.389319670738601,1.7583252106176306,-2.1860628316536057,-1.1815697802856688,51,26,0.5098039215686274,167,1,166,1135,1,3,1
192,6.4,1784217391.562,57.832184131248255,5.473817494403079,9.116670342766724,0.7921263614921226,-2.7300365657500674,-0.7653139527616495,107,68,0.6355140186915887,159,1,158,1293,1,4,1
193,6.433333333333334,1784217391.5953333,57.401635550829894,5.006528144585005,10.620796276760387,0.8813502716634214,-3.085749283368399,-0.39971740204003425,136,70,0.5147058823529411,108,1,107,1400,1,5,1
194,6.466666666666667,1784217391.6286666,56.47587252930725,3.840304268890577,8.185204019601997,-0.14099259555750868,-3.394696185048665,-1.3611824544205808,136,57,0.41911764705882354,103,0,0,1400,0,5,1
195,6.5,1784217391.662,53.52607976818524,5.532463171431132,9.771924478287502,1.2671901596071424,-2.6428477741213476,-0.9606710617138903,139,61,0.43884892086330934,102,0,0,1400,0,5,1
196,6.533333333333333,1784217391.6953332,52.66034189644935,3.648222068293805,9.927022666435334,1.2988478650721627,-3.310244438078567,-0.8078952660439016,120,54,0.45,98,0,0,1400,0,5,1
197,6.566666666666666,1784217391.7286665,50.514253721506876,6.938145242853693,9.768585871305305,2.2237770275072357,-1.800365550095909,-0.40267635724722484,116,45,0.3879310344827586,89,0,0,1400,0,5,1
198,6.6,1784217391.7619998,50.64814447410724,2.814903672389903,9.389950815051051,0.9823949032423188,-3.519344468011776,-1.0566979366862912,106,46,0.4339622641509434,120,0,0,1400,0,5,1
199,6.633333333333334,1784217391.7953334,48.93881443794193,4.806159613162492,9.115990216499299,1.5950727633500692,-2.449626371207394,-0.6145962152041949,106,46,0.4339622641509434,100,0,0,1400,0,5,1
200,6.666666666666667,1784217391.8286667,50.03726347938435,3.3246157617494276,9.675098878992799,0.5271016542132014,-3.3484778815112035,-0.6220597929535636,93,41,0.44086021505376344,86,0,0,1400,0,5,1
201,6.7,1784217391.862,46.25717100645185,4.296160157878575,4.665082582388493,1.2317792416243871,-1.4548632329585867,-0.8246972804810885,69,28,0.4057971014492754,115,0,0,1400,0,5,1
202,6.733333333333333,1784217391.8953333,53.75071365092123,-1.3239932409698838,7.582730161235077,-3.0752818222032063,-5.37648172732268,-0.9225726844028576,193,34,0.17616580310880828,414,0,0,1400,0,5,1
203,6.766666666666667,1784217391.9286666,47.99982558716286,2.704290736573583,9.325030709143775,0.2069981178824586,-3.334771112047004,-0.2219429802320123,128,42,0.328125,109,0,0,1400,0,5,1
204,6.8,1784217391.962,43.815685154268635,4.276438923157201,8.34069236128019,1.2655172973760944,-2.398716585462336,-1.0398503099198197,97,47,0.4845360824742268,93,0,0,1400,0,5,1
205,6.833333333333333,1784217391.9953332,43.730460966996475,4.745311692525775,8.033724393262261,1.2919676499859518,-2.046805280625721,-0.3119194586951921,106,50,0.4716981132075472,82,0,0,1400,0,5,1
206,6.866666666666666,1784217392.0286665,47.111879933184056,4.723405255976871,2.9253791527732744,-0.7370018877061174,-0.7796256233377478,0.8014521930929549,97,39,0.4020618556701031,83,0,0,1400,0,5,1
207,6.9,1784217392.062,41.564565419152814,2.7161582421513373,10.114980969462039,1.3135072779412027,-3.3034521246996733,-0.6604874991573323,107,41,0.38317757009345793,84,0,0,1400,0,5,1
208,6.933333333333334,1784217392.0953333,40.39710753762338,3.2275853524089086,9.073510071517404,1.0444441228646342,-2.781237376002323,-0.739609823715586,102,42,0.4117647058823529,73,0,0,1400,0,5,1
209,6.966666666666667,1784217392.1286666,43.062072824514274,4.380341918868737,3.0297440997649687,-0.7445318143919084,-0.9658521707458909,0.07972618961237843,98,39,0.3979591836734694,60,0,0,1400,0,5,1
210,7.0,1784217392.162,36.98721727684902,3.835114496813631,7.426482220638562,1.3345882857278892,-2.0912935718522645,-1.1385711569386594,84,39,0.4642857142857143,65,0,0,1400,0,5,1
211,7.033333333333333,1784217392.1953332,36.11183466278094,2.8972054022141407,1.9807958597058644,0.7705461577557209,-1.0172657360758843,-1.2241699314887176,103,31,0.30097087378640774,72,0,0,1400,0,5,1
212,7.066666666666666,1784217392.2286665,31.638862039120095,3.315581231734953,7.024774717099902,3.148890939887734,-1.753854264530044,-1.1593763961575452,104,47,0.4519230769230769,72,0,0,1400,0,5,1
213,7.1,1784217392.2619998,32.4698319356252,2.5177788645567034,2.094142995383052,1.9868844369345486,-0.7376149174011875,-0.667868809044913,110,53,0.4818181818181818,82,0,0,1400,0,5,1
214,7.133333333333334,1784217392.2953334,33.4332597890112,2.701797738023714,2.0478852402763437,0.7942317390435556,-0.82606773014431,-0.8083316713991017,105,42,0.4,67,0,0,1400,0,5,1
215,7.166666666666667,1784217392.3286667,32.46670200475834,0.032572568814543956,10.256440184139578,1.3383830103744425,-4.0185188837233365,-1.168151987785906,103,32,0.3106796116504854,65,0,0,1400,0,5,1
216,7.2,1784217392.362,34.28300286445973,-0.09808183561705164,9.36852548836626,0.237818649521669,-3.892404499108558,-0.4847464778282873,92,45,0.4891304347826087,94,0,0,1400,0,5,1
217,7.233333333333333,1784217392.3953333,29.285027078692472,2.2759495664620744,7.895978547198425,2.1039103669432997,-2.316567308253249,-0.5540036586072409,89,45,0.5056179775280899,75,0,0,1400,0,5,1
218,7.266666666666667,1784217392.4286666,31.587342270076157,-0.5238161688009058,9.425576638597676,0.15118492541367465,-4.0523318803536394,-0.9849951963457947,96,39,0.40625,77,0,0,1400,0,5,1
219,7.3,1784217392.462,29.647705341327026,3.067515701372841,1.5608096910870728,0.4185367422786501,-0.4676150371877,-0.41575155101907185,98,42,0.42857142857142855,71,0,0,1400,0,5,1
220,7.333333333333333,1784217392.4953332,25.900500431172418,2.1828649858820057,7.5803587819465434,1.8012118536690798,-2.2317088354510424,-1.0554516371313538,100,48,0.48,72,0,0,1400,0,5,1
221,7.366666666666666,1784217392.5286665,24.715604172567424,2.6569804257790395,1.4600557072379274,1.7070120591886742,-0.3076764875075363,-0.7935487196784295,95,49,0.5157894736842106,55,0,0,1400,0,5,1
222,7.4,1784217392.562,24.440770129617285,0.4447658628557605,2.234147335007151,1.4849646685773292,-1.3063562214158289,-0.6589611527337547,99,48,0.48484848484848486,54,0,0,1400,0,5,1
223,7.433333333333334,1784217392.5953333,22.24961549187368,2.0343616037373238,5.139833964433038,2.176395098313026,-1.4518623926463787,-0.8328001011946073,105,45,0.42857142857142855,52,0,0,1400,0,5,1
224,7.466666666666667,1784217392.6286666,21.94833862000222,1.9992293354274437,4.212754641908745,1.6991618268362618,-1.252657816756362,-0.8153274831084206,91,40,0.43956043956043955,58,0,0,1400,0,5,1
225,7.5,1784217392.662,23.366854097453583,1.0819103923365248,1.9200557336806128,0.36363873744243796,-1.0696382095898802,-0.7018120535538825,98,36,0.3673469387755102,50,0,0,1400,0,5,1
226,7.533333333333333,1784217392.6953332,25.97075990233219,-1.1316112419881676,3.1293997743310342,-1.6030537839360801,-2.467106555232045,-0.7026673306052411,100,53,0.53,60,0,0,1400,0,5,1
227,7.566666666666666,1784217392.7286665,20.478843985477404,0.5283350331825432,1.7513583925431817,0.8338711031277958,-1.01599368086785,-0.6646240021561293,100,58,0.58,41,0,0,1400,0,5,1
228,7.6,1784217392.7619998,20.462813687492098,-0.34146409106165265,2.8197207885021243,1.0095649868707903,-1.5111312493816837,0.1588321299095434,94,43,0.4574468085106383,39,0,0,1400,0,5,1
229,7.633333333333334,1784217392.7953334,20.202509766448777,-2.9994702147905343,6.578704098650192,0.26801782840623517,-3.6527585090845354,-0.5995339182244385,91,46,0.5054945054945055,45,0,0,1400,0,5,1
230,7.666666666666667,1784217392.8286667,13.948973397707508,-0.29544985889528164,1.538612669335933,2.999927644827542,-0.917706569898512,-0.433580367799235,89,51,0.5730337078651685,58,0,0,1400,0,5,1
231,7.7,1784217392.862,17.968668347871414,1.555912976300533,1.3043036278797473,0.3387376145022464,-0.4530591329337831,-0.07147983978617899,87,50,0.5747126436781609,59,0,0,1400,0,5,1
232,7.733333333333333,1784217392.8953333,21.271738124769772,-2.0290053170541142,3.363427043343137,-2.4336241820827498,-2.73165767358756,-0.9007545660931461,92,37,0.40217391304347827,52,0,0,1400,0,5,1
233,7.766666666666667,1784217392.9286666,16.424479483184438,0.0012508627175975562,1.5470158147807496,-0.20336987024291603,-1.069332956770352,-0.6137232494875383,92,56,0.6086956521739131,49,0,0,1400,0,5,1
234,7.8,1784217392.962,12.504429212739334,-1.8777221212154558,3.2918486882847873,1.5764970019436997,-2.0459046853282765,-0.6820336749645183,83,41,0.4939759036144578,56,0,0,1400,0,5,1
235,7.833333333333333,1784217392.9953332,15.335111761332206,-0.7182485342729876,2.564742617085898,-0.5890358256062054,-1.6017592188112575,-0.471507855137183,98,45,0.45918367346938777,55,0,0,1400,0,5,1
236,7.866666666666666,1784217393.0286665,12.654205397474046,-0.689721148873673,2.77441990338383,0.2958501622074383,-1.4410667877692014,-0.5331352164214669,88,46,0.5227272727272727,53,0,0,1400,0,5,1
237,7.9,1784217393.062,12.851967374616864,-0.4301499025857254,5.599925248042041,-0.08080157725978011,-2.2014142118032467,-0.19541277389086623,86,33,0.38372093023255816,53,0,0,1400,0,5,1
238,7.933333333333334,1784217393.0953333,13.029443251029138,-1.8905935423840532,4.191414163976219,-0.6020265527188977,-2.32389772597911,-0.10544529782557427,94,44,0.46808510638297873,53,0,0,1400,0,5,1
239,7.966666666666667,1784217393.1286666,7.581390879746922,-2.9421072097942584,6.8593320915476,1.7065668433062753,-3.251937606210276,-0.5267074278866857,77,41,0.5324675324675324,44,0,0,1400,0,5,1
240,8.0,1784217393.162,13.672422392399827,-2.96079553627132,4.137411762812974,-2.173330359868603,-2.7626662120965495,-0.25160253492473605,94,43,0.4574468085106383,30,0,0,1400,0,5,1
241,8.033333333333333,1784217393.1953332,3.773988833358988,0.23281208072296522,4.778856910604958,1.9058853049184588,-1.4109255468678108,-1.2687775614388725,90,41,0.45555555555555555,44,0,0,1400,0,5,1
242,8.066666666666666,1784217393.2286665,6.297029175202221,-1.056460060317093,2.0175343937078623,0.49647015705633785,-1.1694093509086974,-0.5007461638048486,83,50,0.6024096385542169,36,0,0,1400,0,5,1
243,8.1,1784217393.2619998,4.478771837437229,-0.9157315900164491,0.8250722936412558,1.2724914046577243,-0.690432695646224,0.011312258443117292,83,38,0.4578313253012048,39,0,0,1400,0,5,1
244,8.133333333333333,1784217393.2953334,2.911408441608028,-0.4937480924184001,0.6370720760474171,1.6223216142825199,-0.5169590426212817,-0.1269685918389286,92,35,0.3804347826086957,47,0,0,1400,0,5,1
245,8.166666666666666,1784217393.3286667,5.348557383731185,-1.362366946378657,1.6478441641381636,-0.5287071667726818,-1.1391805676129787,-0.3464183782403655,91,46,0.5054945054945055,44,0,0,1400,0,5,1
246,8.2,1784217393.362,-3.8889427810258397,-3.003459317443884,1.8662251454218506,4.476644047380822,-1.6721079074084426,-0.010737749820985139,96,46,0.4791666666666667,46,0,0,1400,0,5,1
247,8.233333333333333,1784217393.3953333,3.1468963034117152,-1.553968203058261,1.8735635213216142,-0.22311797343756187,-1.1725288203384847,-0.11601723038104032,88,41,0.4659090909090909,33,0,0,1400,0,5,1
248,8.266666666666667,1784217393.4286666,1.9431865146761158,-1.373163153748365,1.742921494584536,-0.16322664908773873,-1.0095326078665117,-0.22087780265428048,97,52,0.5360824742268041,50,0,0,1400,0,5,1
249,8.3,1784217393.462,2.4624938166758064,-0.8852065600636081,1.4134982269812042,-0.6288378874600419,-0.7757780137320959,-0.11300944992163588,103,48,0.46601941747572817,38,0,0,1400,0,5,1
250,8.333333333333334,1784217393.4953332,-1.0858269523161947,-1.558839209531456,0.43443569158468165,1.3543833091739592,-0.6971903946906437,0.1763771870332271,101,51,0.504950495049505,48,0,0,1400,0,5,1
251,8.366666666666667,1784217393.5286665,-2.2824017678381665,-1.9187198131155725,2.435479419339174,1.5458346762333492,-1.3179671279721583,0.005111305562850448,107,54,0.5046728971962616,50,0,0,1400,0,5,1
252,8.4,1784217393.562,2.215234056719284,-0.8579598059703528,1.1720297348671238,-1.0087765115654412,-0.6744241670133904,0.127744479841446,105,50,0.47619047619047616,61,0,0,1400,0,5,1
253,8.433333333333334,1784217393.5953333,1.7922938806658983,-1.0171976762611052,2.5396066889062467,-0.9680874795532624,-1.101446183943322,-0.22455000584349272,115,53,0.4608695652173913,53,0,0,1400,0,5,1
254,8.466666666666667,1784217393.6286666,0.026931033588425635,-0.4335364289112107,1.0018159473812602,-0.05629332716471326,-0.43565808173126547,-0.12644722885416473,112,65,0.5803571428571429,49,0,0,1400,0,5,1
255,8.5,1784217393.662,-0.7321417563694155,-1.326022753115737,1.391495810027621,0.27274594771804717,-0.8149488999222333,-0.264041756991697,119,62,0.5210084033613446,55,0,0,1400,0,5,1
256,8.533333333333333,1784217393.6953332,1.980718347799268,-2.230221406130923,3.4884340693903795,-1.0762074858612862,-1.8157888066908907,-0.24204722318178995,113,38,0.336283185840708,57,0,0,1400,0,5,1
257,8.566666666666666,1784217393.7286665,2.7543516723655035,-1.3095854814280443,1.922248098071492,-1.4692822294462444,-1.0796147331401784,-0.06791761460065432,124,62,0.5,55,0,0,1400,0,5,1
258,8.6,1784217393.7619998,2.128611621746259,-0.959612797777396,1.7800848177426616,-1.240664292156877,-0.8663752202756643,-0.1223717746797727,119,67,0.5630252100840336,53,0,0,1400,0,5,1
259,8.633333333333333,1784217393.7953334,1.000619287220534,-2.1149875620786247,2.1618793689815448,-0.665800008670689,-1.3565168729240908,-0.34725251206686597,118,63,0.5338983050847458,49,0,0,1400,0,5,1
260,8.666666666666666,1784217393.8286667,2.1747817014738686,-2.4274108310977454,3.4020951986537824,-1.2098364541133733,-1.8761836036695139,-0.22996605153895827,113,58,0.5132743362831859,46,0,0,1400,0,5,1
261,8.7,1784217393.862,-0.37841386841389735,-1.3613901595898739,1.273938911713401,0.2582001305779909,-0.8110107045897027,-0.053289140325686775,111,62,0.5585585585585585,53,0,0,1400,0,5,1
262,8.733333333333333,1784217393.8953333,-0.5925564177838574,-1.1818813193036988,1.0441277070568162,0.3589734567763425,-0.6996890494386045,-0.07760087431933615,119,60,0.5042016806722689,53,0,0,1400,0,5,1
263,8.766666666666667,1784217393.9286666,2.1858483636951895,-0.8959512674494619,1.7449022015995155,-1.154536163119452,-0.8406802960927106,-0.015373326700772886,110,58,0.5272727272727272,47,0,0,1400,0,5,1
264,8.8,1784217393.962,0.9026372175223436,-0.36846762435361313,1.25345132874466,-0.5819997076813956,-0.4924847833533873,-0.10494056589206065,105,53,0.5047619047619047,56,0,0,1400,0,5,1
265,8.833333333333334,1784217393.9953332,1.9227444176389774,-1.704719768506635,2.0992159485888493,-1.1272948843088537,-1.2165797195421502,-0.17024143758019475,114,57,0.5,34,0,0,1400,0,5,1
266,8.866666666666667,1784217394.0286665,1.363307817689698,-2.0360045741850854,2.401944651709357,-0.8667674621540858,-1.3977966050580635,-0.3707417994975921,114,57,0.5,41,0,0,1400,0,5,1
267,8.9,1784217394.062,0.6167541013743723,-2.619934524753816,2.9103079398364713,-0.49396864356801684,-1.736878067998353,-0.398089188864738,117,58,0.49572649572649574,34,0,0,1400,0,5,1
268,8.933333333333334,1784217394.0953333,0.8020872730904216,-0.7407914377216969,1.1838484165315464,-0.47581151455466786,-0.628635893784524,-0.11815826451456558,109,67,0.6146788990825688,38,0,0,1400,0,5,1
269,8.966666666666667,1784217394.1286666,-0.3845342115555894,-0.7077620697234863,1.2573722465168657,-0.053895181470556906,-0.5778725598223653,-0.43520794576039834,105,55,0.5238095238095238,29,0,0,1400,0,5,1
270,9.0,1784217394.162,0.7762114413080283,-0.13812173175240616,0.9414118739484252,-0.5144941095469884,-0.31957566968357826,-0.16534224190183897,109,61,0.5596330275229358,44,0,0,1400,0,5,1
271,9.033333333333333,1784217394.1953332,0.8634181314352585,-1.5325307368559749,2.140765716658052,-0.4657671890110656,-1.1532754071733282,-0.09698174423349984,117,62,0.5299145299145299,40,0,0,1400,0,5,1
272,9.066666666666666,1784217394.2286665,-1.3511156501023045,-0.4040612927929885,0.2495330557733837,0.5610080558934759,-0.17783777084161,-0.29890899643930985,126,62,0.49206349206349204,37,0,0,1400,0,5,1
273,9.1,1784217394.2619998,2.405716921942929,-1.382461040779944,2.1266433244665848,-1.2880126390455573,-1.143905875729436,-0.06909560073538608,110,50,0.45454545454545453,42,0,0,1400,0,5,1
274,9.133333333333333,1784217394.2953334,-1.9789864643187407,0.4910675932196824,1.2894854686849442,0.6685950586861714,-0.13879825076922755,-0.5201983111124822,109,58,0.5321100917431193,33,0,0,1400,0,5,1
275,9.166666666666666,1784217394.3286667,0.5744451994576032,-0.53318983752024,0.690348168586155,-0.2564846145735351,-0.43159276516307077,-0.02007180980646751,115,49,0.4260869565217391,33,0,0,1400,0,5,1
276,9.2,1784217394.362,-0.2056624502280684,-0.8283346427612628,0.17449372378524686,0.08992155753247114,-0.3104938733815077,-0.17446559081638044,106,54,0.5094339622641509,40,0,0,1400,0,5,1
277,9.233333333333333,1784217394.3953333,3.198624885026639,-2.3297298128862423,2.0236931405893017,-1.6416619815792983,-1.4593763466364023,0.009533046061537112,109,43,0.3944954128440367,30,0,0,1400,0,5,1
278,9.266666666666667,1784217394.4286666,1.3000268756971618,-0.602951305353912,1.011238679063979,-0.6545853327568975,-0.5483580202266737,0.049733751230933085,124,63,0.5080645161290323,37,0,0,1400,0,5,1
279,9.3,1784217394.462,-0.17983189565407187,-2.0752804306438293,1.947881675258344,0.11197165450545819,-1.3072872539954634,-0.2766478051750934,119,50,0.42016806722689076,32,0,0,1400,0,5,1
280,9.333333333333334,1784217394.4953332,-0.5560226449136731,-1.5376095952677815,2.0452933740436237,0.20177544581765464,-1.0849866060464168,-0.2741842826907182,118,57,0.4830508474576271,37,0,0,1400,0,5,1
281,9.366666666666667,1784217394.5286665,-1.1690551123162152,-1.256878151298963,1.1035330428005352,0.48707047952103266,-0.7284433438194308,-0.32635196049850773,116,57,0.49137931034482757,31,0,0,1400,0,5,1
282,9.4,1784217394.562,1.792045178370877,-1.352453940951719,2.135624542190726,-0.8828477374273586,-1.0776786378331946,0.0047660554852918605,113,52,0.46017699115044247,35,0,0,1400,0,5,1
283,9.433333333333334,1784217394.5953333,-0.7007187554897012,-0.8555959522912531,-0.33636640956832764,0.42247216757863304,-0.16538953111263432,-0.11750729865297832,113,61,0.5398230088495575,28,0,0,1400,0,5,1
284,9.466666666666667,1784217394.6286666,-0.18723361396859417,-0.8027831633566223,1.4413640808375305,0.2267744913624758,-0.7021058321602989,0.05609813210374226,110,57,0.5181818181818182,25,0,0,1400,0,5,1
285,9.5,1784217394.662,2.0490466934139597,-0.34905537518221763,2.5996201276293505,-0.9145304854537335,-0.9126805226671216,0.1949098622001525,105,49,0.4666666666666667,27,0,0,1400,0,5,1
286,9.533333333333333,1784217394.6953332,-0.8644454163016277,0.13473804414766732,0.2200139260296936,0.48819142586472963,0.016291341520483105,-0.01980124135832582,108,62,0.5740740740740741,18,0,0,1400,0,5,1
287,9.566666666666666,1784217394.7286665,-0.18536348019244642,-0.3887346804528704,0.1774187020902218,0.19237956783392615,-0.1861614303304851,0.0013807665784998974,98,59,0.6020408163265306,36,0,0,1400,0,5,1
288,9.6,1784217394.7619998,1.3651930396156278,-1.8758883515185971,2.7933654644331654,-0.6605698139206895,-1.4692127783813824,-0.05479307679841687,100,45,0.45,26,0,0,1400,0,5,1
289,9.633333333333333,1784217394.7953334,1.4001088323104103,-0.5228965003636716,1.1183041465832986,-0.6763660434253993,-0.5356673671382801,0.03997195794027155,100,54,0.54,31,0,0,1400,0,5,1
290,9.666666666666666,1784217394.8286667,0.5398639333184434,-0.8194628315912951,2.8699405026699907,-0.2258423195177426,-1.1364751967839317,-0.00916594235214258,111,43,0.38738738738738737,23,0,0,1400,0,5,1
291,9.7,1784217394.862,-0.010396337040399217,-1.0284229035822676,1.3767685354955006,0.15895334657680577,-0.7889190323180508,0.10244227406170062,114,49,0.4298245614035088,34,0,0,1400,0,5,1
292,9.733333333333333,1784217394.8953333,1.3824136353984677,-0.7307400829360517,0.8389966311095378,-0.803496840060956,-0.5044572589984679,-0.13329566656470945,112,42,0.375,41,0,0,1400,0,5,1
293,9.766666666666667,1784217394.9286666,-0.021197474087545132,-0.9526998787801375,1.329906218863627,0.17286835630892802,-0.7260389217055624,0.05626311211737702,108,43,0.39814814814814814,44,0,0,1400,0,5,1
294,9.8,1784217394.962,1.403665304398979,0.04172447588739203,0.11454743996968375,-0.7548209032785623,-0.04854709372850596,0.0008802698472278387,113,61,0.5398230088495575,34,0,0,1400,0,5,1
295,9.833333333333334,1784217394.9953332,-0.6559910848801227,-1.1807678398490538,0.5125474714271689,0.486193785881662,-0.556891552277278,-0.0071447719325022025,108,47,0.4351851851851852,27,0,0,1400,0,5,1
296,9.866666666666667,1784217395.0286665,3.1366614063369997,-2.190143267182677,2.2996980792118933,-1.6357216907120966,-1.5015698026307507,-0.008196125040757058,100,48,0.48,28,0,0,1400,0,5,1
297,9.9,1784217395.062,-0.8046971560841492,-0.6090367972398667,0.6068902349145304,0.5353243787671841,-0.36410899515272394,-0.004036415661550624,102,37,0.3627450980392157,23,0,0,1400,0,5,1
298,9.933333333333334,1784217395.0953333,0.22234682098900826,-0.764523059339993,0.699659880284969,-0.042524352174843176,-0.45570967906061405,-0.003397072672183297,113,46,0.40707964601769914,27,0,0,1400,0,5,1
299,9.966666666666667,1784217395.1286666,2.4193647148322164,-0.6180473945679381,0.4307813175945796,-1.4124082312496453,-0.39350672385415447,-0.12625329129260096,109,46,0.42201834862385323,28,0,0,1400,0,5,1
300,10.0,1784217395.162,0.174669896509144,-1.3264926543916857,1.1766966121080458,0.025697589542532432,-0.7956196997957106,0.011823627679886319,115,53,0.4608695652173913,28,0,0,1400,0,5,1
301,10.033333333333333,1784217395.1953332,-0.25969411360039096,-0.7027626214562446,2.212688843075412,-0.16876960381867775,-0.8436147504362047,-0.4777132281955706,122,58,0.47540983606557374,36,0,0,1400,0,5,1
302,10.066666666666666,1784217395.2286665,0.6644594260901364,0.03332777681055177,0.4632533527896783,-0.36643567769947416,-0.1511081756245125,-0.05122147027581134,119,47,0.3949579831932773,34,0,0,1400,0,5,1
303,10.1,1784217395.2619998,-0.3975998491613293,-1.1135768000339112,1.1972560770909553,0.2246319640715333,-0.7647756655018356,-0.13688597588634896,122,47,0.38524590163934425,62,0,0,1400,0,5,1
304,10.133333333333333,1784217395.2953334,0.5110330608717053,-1.8171883781345883,2.4654180250546176,-0.4185919142703667,-1.3200823834659166,-0.3100198188334278,115,56,0.48695652173913045,35,0,0,1400,0,5,1
305,10.166666666666666,1784217395.3286667,-1.1383159141906702,-0.659849260537257,0.8731299682516607,0.7316247059810035,-0.45650935670630355,0.03318571317752734,108,41,0.37962962962962965,29,0,0,1400,0,5,1
306,10.2,1784217395.362,1.3458762939415454,-1.4146603463825898,1.956531413302585,-0.73724458106594,-1.0964862962810027,-0.11057011304575778,108,42,0.3888888888888889,33,0,0,1400,0,5,1
307,10.233333333333333,1784217395.3953333,0.05673449195939817,-0.9417577998382569,1.5600208119244172,-0.3350514898948575,-0.7347941953854101,-0.44758388386825515,108,52,0.48148148148148145,34,0,0,1400,0,5,1
308,10.266666666666667,1784217395.4286666,1.418121550130774,-2.0450812931276943,3.2522854126369936,-0.9402071437814731,-1.6623940559342514,-0.2997426852224417,115,51,0.4434782608695652,38,0,0,1400,0,5,1
309,10.3,1784217395.462,-0.0964649253321106,0.2631976536373628,0.2411902682670899,-0.017207235206300204,-0.0036204798667992285,-0.100248065276105,106,54,0.5094339622641509,35,0,0,1400,0,5,1
310,10.333333333333334,1784217395.4953332,-0.11089275395165643,-0.5035012219626083,0.5470839907721086,-0.05761785708147013,-0.3277962199851433,-0.2761275817804656,109,51,0.46788990825688076,34,0,0,1400,0,5,1
311,10.366666666666667,1784217395.5286665,0.45685855685108834,-0.7089335522923221,1.8800420100814677,-0.174704943244743,-0.8083058676011744,0.017537299375484556,108,54,0.5,41,0,0,1400,0,5,1
312,10.4,1784217395.562,-0.7010296235920581,-0.8870224095932144,0.9288132092878243,0.26215198169432424,-0.5148471875633008,-0.28571353267963967,112,50,0.44642857142857145,31,0,0,1400,0,5,1
313,10.433333333333334,1784217395.5953333,2.226606692281724,-1.8846480255589455,2.7885286238600315,-1.332860766686058,-1.4995723535240935,-0.26808836210185605,106,50,0.4716981132075472,28,0,0,1400,0,5,1
314,10.466666666666667,1784217395.6286666,1.2184000343862298,0.21490749233838358,0.4143676535368854,-0.47765492461384396,-0.09768906556926273,0.26476134568453313,109,49,0.44954128440366975,38,0,0,1400,0,5,1
315,10.5,1784217395.662,0.17956455794736215,-0.6473398000420758,0.654844962377382,-0.03159587648048716,-0.4244766906828053,-0.08918676239905275,107,37,0.34579439252336447,26,0,0,1400,0,5,1
316,10.533333333333333,1784217395.6953332,1.2721054469747042,-0.7759446768879741,0.4782055870719688,-0.6906310099288633,-0.4203914524798366,-0.45242418240448234,101,42,0.4158415841584158,42,0,0,1400,0,5,1
317,10.566666666666666,1784217395.7286665,3.7116909062061403,-0.05173569581256743,0.3276726451063894,-1.6906426540568638,-0.2928747771281791,-0.2517515125661875,101,30,0.297029702970297,40,0,0,1400,0,5,1
318,10.6,1784217395.7619998,-0.6749830959578276,-1.5289760829341077,0.8170996834682285,1.065556347675576,-0.7866340028596749,-0.4965853154622083,97,33,0.3402061855670103,25,0,0,1400,0,5,1
319,10.633333333333333,1784217395.7953334,4.945564048515475,-3.9130592867502116,5.826909453234023,-1.4158892086139518,-3.1830171729559824,-0.3676169168008716,80,34,0.425,42,0,0,1400,0,5,1
320,10.666666666666666,1784217395.8286667,6.654661572419295,-0.36612771460360705,1.27161053687378,-1.7628734875305752,-0.7208781642179458,-0.00704918706858332,81,37,0.4567901234567901,40,0,0,1400,0,5,1
321,10.7,1784217395.862,2.936371721124191,-0.7942162520297842,0.44915178764806285,0.7788808004856944,-0.520857443376521,-0.0979449672699697,94,39,0.4148936170212766,22,0,0,1400,0,5,1
322,10.733333333333333,1784217395.8953333,2.550122128451866,-1.0510203867202108,2.492327954225374,1.5549315599449627,-1.190942538735277,-0.08790944264815438,84,48,0.5714285714285714,33,0,0,1400,0,5,1
323,10.766666666666667,1784217395.9286666,6.628012146966565,0.658581402312052,1.4330085787850493,0.02281215060494903,-0.4164918603010651,0.09524474854625883,88,40,0.45454545454545453,26,0,0,1400,0,5,1
324,10.8,1784217395.962,5.148317920408257,-1.5952389190219378,3.4454675407920803,1.3231546290710248,-1.7154194580357105,-0.29895252134002603,78,38,0.48717948717948717,35,0,0,1400,0,5,1
325,10.833333333333334,1784217395.9953332,8.501260283739379,-0.16632567533270048,1.0243239837868714,-0.14080955962165423,-0.6635524852871723,-0.27616885800663893,72,33,0.4583333333333333,36,0,0,1400,0,5,1
326,10.866666666666667,1784217396.0286665,8.459190747977612,-0.43393806933866585,1.2706605197746654,0.4443051976082921,-0.8059428334302693,-0.23527851830611823,78,44,0.5641025641025641,32,0,0,1400,0,5,1
327,10.9,1784217396.062,9.314418898036955,-0.9323948794709338,11.756575214455353,0.3731664410779026,-3.873186927161883,-0.5357137516818724,75,33,0.44,22,0,0,1400,0,5,1
328,10.933333333333334,1784217396.0953333,11.170409318964703,0.3988033518654106,1.7327945788758257,0.11424544989331067,-0.741273924390001,-0.20028795422937612,76,47,0.618421052631579,36,0,0,1400,0,5,1
329,10.966666666666667,1784217396.1286666,15.253828243303644,2.334125865776187,-0.31818183586153737,-1.971986195498224,0.2398591064547428,-0.40723925189870935,69,27,0.391304347826087,31,0,0,1400,0,5,1
330,11.0,1784217396.162,13.517436468106276,-0.32305961234551717,2.175021490095176,-0.3808133496154178,-1.2306415973278404,-0.6323877544591046,81,38,0.4691358024691358,28,0,0,1400,0,5,1
331,11.033333333333333,1784217396.1953332,12.986848179698313,3.425275358907527,-0.3102667587642287,0.31532790288510953,0.7539426741246903,-0.6304241240338326,69,35,0.5072463768115942,29,0,0,1400,0,5,1
332,11.066666666666666,1784217396.2286665,16.043153477060073,0.39865001375318343,3.4345744318618756,-0.19309540019421764,-1.4377276933873004,-0.06954182678923553,77,37,0.4805194805194805,31,0,0,1400,0,5,1
333,11.1,1784217396.2619998,16.43691738392316,-1.6470699099820791,3.865308752843461,0.02868346167274523,-2.283811271247109,-0.21911080163403468,79,37,0.46835443037974683,27,0,0,1400,0,5,1
334,11.133333333333333,1784217396.2953334,15.661746316843107,0.8667017717400256,-0.3222921144785573,0.6758881177688967,-0.15643196704889756,-0.5526116150615561,71,36,0.5070422535211268,36,0,0,1400,0,5,1
335,11.166666666666666,1784217396.3286667,16.256476902149164,-2.643459778094865,4.390813290370033,1.4805467849077198,-2.8177960170974305,-0.19190862717200352,83,31,0.37349397590361444,34,0,0,1400,0,5,1
336,11.2,1784217396.362,17.720270250180743,0.9646621732787679,3.4624383890132577,0.7837330983316241,-1.2808400395567343,-0.5308904336953865,77,47,0.6103896103896104,36,0,0,1400,0,5,1
337,11.233333333333333,1784217396.3953333,19.633984614150357,-4.111945562739535,7.661440532284317,0.8382561337676311,-4.249638242310911,-0.2090131054133103,77,42,0.5454545454545454,40,0,0,1400,0,5,1
338,11.266666666666667,1784217396.4286666,18.577378789765298,0.22349584675546907,1.985573092313217,1.570421961908359,-1.0466397047143976,-0.35629403472321985,68,42,0.6176470588235294,25,0,0,1400,0,5,1
339,11.3,1784217396.462,21.558612275825297,0.8301042990326266,3.3895047424485796,0.8168688383754796,-1.3779598095760848,0.026961894479483293,73,38,0.5205479452054794,45,0,0,1400,0,5,1
340,11.333333333333334,1784217396.4953332,15.28388492239695,2.8080164118726003,-0.7391598538660986,3.5964109148236254,0.7664757574128732,-1.2520817848975883,81,35,0.43209876543209874,37,0,0,1400,0,5,1
341,11.366666666666667,1784217396.5286665,25.359761187755566,2.5056025997224936,3.1393834556546523,-0.606234924165718,-1.0866101370726713,-0.5612024321468276,76,36,0.47368421052631576,38,0,0,1400,0,5,1
342,11.4,1784217396.562,23.089232664955148,-1.25687516463654,11.685115278273855,1.000050027628271,-4.5627653851626535,-1.4987471354726423,74,24,0.32432432432432434,37,0,0,1400,0,5,1
343,11.433333333333334,1784217396.5953333,26.072710771067474,0.6949320844438915,2.9455673631012758,0.13531743854688,-1.5798163153075337,-0.5449701541450953,89,43,0.48314606741573035,45,0,0,1400,0,5,1
344,11.466666666666667,1784217396.6286666,22.55866998866807,0.9195301074411617,5.351836769776753,2.312481513146695,-1.915592642523108,-1.0296157549073937,82,41,0.5,41,0,0,1400,0,5,1
345,11.5,1784217396.662,28.343934224312946,1.2708213832386548,0.02666486174356919,-0.3692988547956146,-0.7233835891716093,-0.7638212208654098,81,39,0.48148148148148145,32,0,0,1400,0,5,1
346,11.533333333333333,1784217396.6953332,22.252343187117027,3.995784431690865,0.32070112858320954,3.31123487074839,0.6407488934637416,-1.1501198139419975,78,32,0.41025641025641024,31,0,0,1400,0,5,1
347,11.566666666666666,1784217396.7286665,29.05519438686553,1.7663283605522508,1.3659505359591009,0.6539767907698827,-0.8002650047184604,-0.41006952597965823,77,47,0.6103896103896104,26,0,0,1400,0,5,1
348,11.6,1784217396.7619998,30.033025755194448,3.214228772148246,0.4072872938351253,0.36506052567728925,-0.11297113979266597,-0.7915845748343528,73,37,0.5068493150684932,35,0,0,1400,0,5,1
349,11.633333333333333,1784217396.7953334,30.772569720081353,1.978942190152111,1.521600662037926,0.6542634544978428,-0.8721626757254406,-0.6866916125679607,71,38,0.5352112676056338,36,0,0,1400,0,5,1
350,11.666666666666666,1784217396.8286667,29.315505763060884,2.9237609792910177,3.8606882267259124,1.3256126257687346,-1.284590965581597,-1.905055315481893,73,41,0.5616438356164384,45,0,0,1400,0,5,1
351,11.7,1784217396.862,28.959738181879988,1.7119515487242012,3.3790074734840942,2.348129109736652,-1.3545736171673703,-1.5220515238161032,82,45,0.5487804878048781,39,0,0,1400,0,5,1
352,11.733333333333333,1784217396.8953333,31.805777896674115,0.9349657916033038,2.456295363677441,0.8276331563467753,-1.7804582956557966,-2.1027533819234328,80,34,0.425,30,0,0,1400,0,5,1
353,11.766666666666667,1784217396.9286666,31.824464048168913,5.242776794713976,2.152556754610643,1.5929251209259092,-0.028993929679935842,-1.7655963443584057,76,33,0.4342105263157895,33,0,0,1400,0,5,1
354,11.8,1784217396.962,31.743339782358003,4.948365235251714,4.62541928629301,2.5567086800980148,-0.7113145680215188,-1.5559480841424844,82,47,0.573170731707317,23,0,0,1400,0,5,1
355,11.833333333333334,1784217396.9953332,29.59226254429568,0.8939419742379897,8.588405983802886,4.4496523408958195,-2.83457819573935,-1.72458174449648,83,34,0.40963855421686746,29,0,0,1400,0,5,1
356,11.866666666666667,1784217397.0286665,31.75636778642006,4.526903861747343,2.2957391169904895,3.2585327358598133,-0.07306803926608713,-1.7795703580512388,83,43,0.5180722891566265,31,0,0,1400,0,5,1
357,11.9,1784217397.062,37.70102815794489,3.179271595525506,4.436613221331527,1.7335758786463056,-1.3688090781856819,-0.6164730497029532,76,40,0.5263157894736842,31,0,0,1400,0,5,1
358,11.933333333333334,1784217397.0953333,36.40193141571211,3.6349336792588502,6.545735244749849,2.31050591091146,-1.7872874376597951,-1.6268720399283043,86,45,0.5232558139534884,32,0,0,1400,0,5,1
359,11.966666666666667,1784217397.1286666,32.42263095578062,7.233691431784791,6.156561750725018,4.966747239635367,0.01519733850599142,-1.7527253890019219,86,32,0.37209302325581395,32,0,0,1400,0,5,1
360,12.0,1784217397.162,39.02700236926442,4.899238850793566,2.2511038637738636,1.8253340411891115,-0.314103962016709,-1.4211042599587744,72,36,0.5,40,0,0,1400,0,5,1
361,12.033333333333333,1784217397.1953332,39.02931925274477,0.89773339315839,12.851364095353432,3.3981393471111017,-4.319778649815041,-1.3982445790659146,86,36,0.4186046511627907,37,0,0,1400,0,5,1
362,12.066666666666666,1784217397.2286665,43.28089580616609,4.208604899090119,6.094511131186195,0.26373934161706347,-2.2660253643221764,-2.425832097982459,82,36,0.43902439024390244,51,0,0,1400,0,5,1
363,12.1,1784217397.2619998,40.94887029841382,3.542476093238321,2.4221094797282348,2.210924069139684,-0.8746461439821926,-1.6556089515422616,76,28,0.3684210526315789,37,0,0,1400,0,5,1
364,12.133333333333333,1784217397.2953334,41.91691279752706,4.9592812189568605,8.081263652051376,2.856092288168866,-1.8727271241272962,-1.6744343177473118,77,43,0.5584415584415584,40,0,0,1400,0,5,1
365,12.166666666666666,1784217397.3286667,43.27587257154032,5.425975304099708,4.827856334818108,2.715256132312307,-0.7518902813786186,-1.1508206696243997,61,37,0.6065573770491803,46,0,0,1400,0,5,1
366,12.2,1784217397.362,47.43676984696343,3.060158766715986,8.377570740206565,1.400209958353945,-2.8859917909984136,-1.150803596795174,82,35,0.4268292682926829,45,0,0,1400,0,5,1
367,12.233333333333333,1784217397.3953333,44.048248143372554,5.927748596163454,8.23355863284317,3.4702479000531667,-1.5523088926788875,-1.6185614361188263,81,38,0.4691358024691358,38,0,0,1400,0,5,1
368,12.266666666666667,1784217397.4286666,45.44038011424261,3.6649284738777936,8.063387151317542,3.149633628582694,-2.425237656425353,-1.744903491449342,82,37,0.45121951219512196,38,0,0,1400,0,5,1
369,12.3,1784217397.462,50.70701254855604,6.108337746037549,5.228535967135329,1.269147169913125,-1.097560908572139,-0.9315909414027734,88,44,0.5,43,0,0,1400,0,5,1
370,12.333333333333334,1784217397.4953332,52.55338980709878,2.0846128331697855,8.864203360618447,0.5005361480029417,-3.955401166765964,-1.8482639516929305,77,34,0.44155844155844154,36,0,0,1400,0,5,1
371,12.366666666666667,1784217397.5286665,50.136509915602105,6.8558814692778185,5.211978356368064,2.3348585564862163,-0.6726552661364228,-1.258791918139138,72,40,0.5555555555555556,36,0,0,1400,0,5,1
372,12.4,1784217397.562,49.769735733685295,5.3834024524727795,7.534318395623018,2.7812319761480437,-1.8948505282442705,-2.039394919627883,67,34,0.5074626865671642,37,0,0,1400,0,5,1
373,12.433333333333334,1784217397.5953333,51.40406014877978,5.016709618271989,9.416925201789041,3.0048148354778283,-2.3962575038193132,-1.5369424475765525,76,36,0.47368421052631576,33,0,0,1400,0,5,1
374,12.466666666666667,1784217397.6286666,54.51897479100323,4.313518179576931,8.174094385272724,1.5403750988450675,-2.7699456675934324,-1.7519023439352908,87,34,0.39080459770114945,41,0,0,1400,0,5,1
375,12.5,1784217397.662,61.110977683209,2.298082305941392,8.695132074169933,-0.6722185175543026,-4.189121746730797,-1.0161637972018358,71,33,0.4647887323943662,45,0,0,1400,0,5,1
376,12.533333333333333,1784217397.6953332,57.14910326104223,7.538337520716908,3.372685779005053,1.1092000701900915,-0.4901759495910874,-1.4958589201973695,59,22,0.3728813559322034,35,0,0,1400,0,5,1
377,12.566666666666666,1784217397.7286665,58.44241353771619,5.381425108064846,6.60300967655958,1.461067597650506,-1.9653942854756197,-1.1671718415427854,71,32,0.4507042253521127,48,0,0,1400,0,5,1
378,12.6,1784217397.7619998,58.43181798221835,7.604378996042271,3.629391593737793,1.5553291324542844,-0.4104424558921634,-1.2966972721238377,79,37,0.46835443037974683,37,0,0,1400,0,5,1
379,12.633333333333333,1784217397.7953334,55.52499772894252,9.322676767331785,0.9014380032524087,2.7874975893517284,1.1534467210497656,-1.9590081771532275,53,20,0.37735849056603776,33,0,0,1400,0,5,1
380,12.666666666666666,1784217397.8286667,59.56244666574378,10.375678327063682,0.5740143029470204,1.19253836045244,1.12365789295658,-1.8274012598733125,49,23,0.46938775510204084,48,0,0,1400,0,5,1
381,12.7,1784217397.862,59.50515798543249,7.453902585068761,8.715585161076362,2.784061899970324,-1.7989117326152213,-1.9130768254820631,52,22,0.4230769230769231,46,0,0,1400,0,5,1
382,12.733333333333333,1784217397.8953333,nan,nan,nan,nan,nan,nan,58,18,0.3103448275862069,40,0,0,1400,0,5,0
383,12.766666666666667,1784217397.9286666,nan,nan,nan,nan,nan,nan,45,10,0.2222222222222222,37,0,0,1400,0,5,0
384,12.8,1784217397.962,nan,nan,nan,nan,nan,nan,49,12,0.24489795918367346,43,0,0,1400,0,5,0
385,12.833333333333334,1784217397.9953332,nan,nan,nan,nan,nan,nan,45,14,0.3111111111111111,36,0,0,1400,0,5,0
386,12.866666666666667,1784217398.0286665,nan,nan,nan,nan,nan,nan,31,9,0.2903225806451613,45,0,0,1400,0,5,0
387,12.9,1784217398.062,nan,nan,nan,nan,nan,nan,55,5,0.09090909090909091,27,0,0,1400,0,5,0
388,12.933333333333334,1784217398.0953333,nan,nan,nan,nan,nan,nan,41,0,0.0,39,0,0,1400,0,5,0
389,12.966666666666667,1784217398.1286666,nan,nan,nan,nan,nan,nan,35,8,0.22857142857142856,54,0,0,1400,0,5,0
390,13.0,1784217398.162,nan,nan,nan,nan,nan,nan,30,0,0.0,53,0,0,1400,0,5,0
391,13.033333333333333,1784217398.1953332,nan,nan,nan,nan,nan,nan,43,0,0.0,37,0,0,1400,0,5,0
392,13.066666666666666,1784217398.2286665,nan,nan,nan,nan,nan,nan,30,0,0.0,52,0,0,1400,0,5,0
393,13.1,1784217398.2619998,nan,nan,nan,nan,nan,nan,47,0,0.0,22,0,0,1400,0,5,0
394,13.133333333333333,1784217398.2953334,nan,nan,nan,nan,nan,nan,47,5,0.10638297872340426,23,0,0,1400,0,5,0
395,13.166666666666666,1784217398.3286667,nan,nan,nan,nan,nan,nan,43,0,0.0,37,0,0,1400,0,5,0
396,13.2,1784217398.362,nan,nan,nan,nan,nan,nan,40,0,0.0,47,0,0,1400,0,5,0
397,13.233333333333333,1784217398.3953333,nan,nan,nan,nan,nan,nan,59,0,0.0,28,0,0,1400,0,5,0
398,13.266666666666667,1784217398.4286666,nan,nan,nan,nan,nan,nan,50,0,0.0,41,0,0,1400,0,5,0
399,13.3,1784217398.462,nan,nan,nan,nan,nan,nan,60,0,0.0,37,0,0,1400,0,5,0
400,13.333333333333334,1784217398.4953332,nan,nan,nan,nan,nan,nan,49,0,0.0,50,0,0,1400,0,5,0
401,13.366666666666667,1784217398.5286665,nan,nan,nan,nan,nan,nan,54,0,0.0,49,0,0,1400,0,5,0
402,13.4,1784217398.562,nan,nan,nan,nan,nan,nan,52,0,0.0,40,0,0,1400,0,5,0
403,13.433333333333334,1784217398.5953333,nan,nan,nan,nan,nan,nan,67,0,0.0,30,0,0,1400,0,5,0
404,13.466666666666667,1784217398.6286666,nan,nan,nan,nan,nan,nan,37,0,0.0,58,0,0,1400,0,5,0
405,13.5,1784217398.662,nan,nan,nan,nan,nan,nan,54,0,0.0,33,0,0,1400,0,5,0
406,13.533333333333333,1784217398.6953332,nan,nan,nan,nan,nan,nan,61,0,0.0,39,0,0,1400,0,5,0
407,13.566666666666666,1784217398.7286665,nan,nan,nan,nan,nan,nan,69,0,0.0,41,0,0,1400,0,5,0
408,13.6,1784217398.7619998,nan,nan,nan,nan,nan,nan,70,0,0.0,36,0,0,1400,0,5,0
409,13.633333333333333,1784217398.7953334,nan,nan,nan,nan,nan,nan,72,6,0.08333333333333333,57,0,0,1400,0,5,0
410,13.666666666666666,1784217398.8286667,nan,nan,nan,nan,nan,nan,49,0,0.0,83,0,0,1400,0,5,0
411,13.7,1784217398.862,nan,nan,nan,nan,nan,nan,61,0,0.0,68,0,0,1400,0,5,0
412,13.733333333333333,1784217398.8953333,nan,nan,nan,nan,nan,nan,67,0,0.0,75,0,0,1400,0,5,0
413,13.766666666666667,1784217398.9286666,nan,nan,nan,nan,nan,nan,71,5,0.07042253521126761,52,0,0,1400,0,5,0
414,13.8,1784217398.962,nan,nan,nan,nan,nan,nan,74,0,0.0,41,0,0,1400,0,5,0
415,13.833333333333334,1784217398.9953332,nan,nan,nan,nan,nan,nan,61,0,0.0,64,0,0,1400,0,5,0
416,13.866666666666667,1784217399.0286665,nan,nan,nan,nan,nan,nan,53,0,0.0,78,0,0,1400,0,5,0
417,13.9,1784217399.062,nan,nan,nan,nan,nan,nan,43,0,0.0,62,0,0,1400,0,5,0
418,13.933333333333334,1784217399.0953333,nan,nan,nan,nan,nan,nan,82,0,0.0,45,0,0,1400,0,5,0
419,13.966666666666667,1784217399.1286666,nan,nan,nan,nan,nan,nan,68,5,0.07352941176470588,40,0,0,1400,0,5,0
420,14.0,1784217399.162,nan,nan,nan,nan,nan,nan,62,0,0.0,47,0,0,1400,0,5,0
421,14.033333333333333,1784217399.1953332,nan,nan,nan,nan,nan,nan,65,0,0.0,54,0,0,1400,0,5,0
422,14.066666666666666,1784217399.2286665,nan,nan,nan,nan,nan,nan,77,5,0.06493506493506493,37,0,0,1400,0,5,0
423,14.1,1784217399.2619998,nan,nan,nan,nan,nan,nan,74,0,0.0,69,0,0,1400,0,5,0
424,14.133333333333333,1784217399.2953334,nan,nan,nan,nan,nan,nan,75,0,0.0,62,0,0,1400,0,5,0
425,14.166666666666666,1784217399.3286667,nan,nan,nan,nan,nan,nan,63,0,0.0,72,0,0,1400,0,5,0
426,14.2,1784217399.362,nan,nan,nan,nan,nan,nan,67,0,0.0,73,0,0,1400,0,5,0
427,14.233333333333333,1784217399.3953333,nan,nan,nan,nan,nan,nan,86,0,0.0,50,0,0,1400,0,5,0
428,14.266666666666667,1784217399.4286666,nan,nan,nan,nan,nan,nan,71,0,0.0,78,0,0,1400,0,5,0
429,14.3,1784217399.462,nan,nan,nan,nan,nan,nan,72,0,0.0,64,0,0,1400,0,5,0
430,14.333333333333334,1784217399.4953332,nan,nan,nan,nan,nan,nan,63,5,0.07936507936507936,67,0,0,1400,0,5,0
431,14.366666666666667,1784217399.5286665,nan,nan,nan,nan,nan,nan,82,0,0.0,57,0,0,1400,0,5,0
432,14.4,1784217399.562,nan,nan,nan,nan,nan,nan,73,0,0.0,88,0,0,1400,0,5,0
433,14.433333333333334,1784217399.5953333,nan,nan,nan,nan,nan,nan,86,5,0.05813953488372093,66,0,0,1400,0,5,0
434,14.466666666666667,1784217399.6286666,nan,nan,nan,nan,nan,nan,84,0,0.0,70,0,0,1400,0,5,0
435,14.5,1784217399.662,nan,nan,nan,nan,nan,nan,86,0,0.0,65,0,0,1400,0,5,0
436,14.533333333333333,1784217399.6953332,nan,nan,nan,nan,nan,nan,77,5,0.06493506493506493,78,0,0,1400,0,5,0
437,14.566666666666666,1784217399.7286665,nan,nan,nan,nan,nan,nan,75,0,0.0,85,0,0,1400,0,5,0
438,14.6,1784217399.7619998,nan,nan,nan,nan,nan,nan,87,0,0.0,80,0,0,1400,0,5,0
439,14.633333333333333,1784217399.7953334,nan,nan,nan,nan,nan,nan,87,0,0.0,72,0,0,1400,0,5,0
440,14.666666666666666,1784217399.8286667,nan,nan,nan,nan,nan,nan,85,0,0.0,93,0,0,1400,0,5,0
441,14.7,1784217399.862,nan,nan,nan,nan,nan,nan,81,5,0.06172839506172839,67,0,0,1400,0,5,0
442,14.733333333333333,1784217399.8953333,nan,nan,nan,nan,nan,nan,87,0,0.0,78,0,0,1400,0,5,0
443,14.766666666666667,1784217399.9286666,nan,nan,nan,nan,nan,nan,80,0,0.0,94,0,0,1400,0,5,0
444,14.8,1784217399.962,nan,nan,nan,nan,nan,nan,87,0,0.0,86,0,0,1400,0,5,0
445,14.833333333333334,1784217399.9953332,nan,nan,nan,nan,nan,nan,71,0,0.0,83,0,0,1400,0,5,0
446,14.866666666666667,1784217400.0286665,nan,nan,nan,nan,nan,nan,58,0,0.0,110,0,0,1400,0,5,0
447,14.9,1784217400.062,nan,nan,nan,nan,nan,nan,88,6,0.06818181818181818,84,0,0,1400,0,5,0
448,14.933333333333334,1784217400.0953333,nan,nan,nan,nan,nan,nan,71,0,0.0,78,0,0,1400,0,5,0
449,14.966666666666667,1784217400.1286666,nan,nan,nan,nan,nan,nan,80,0,0.0,72,0,0,1400,0,5,0
450,15.0,1784217400.162,nan,nan,nan,nan,nan,nan,86,0,0.0,80,0,0,1400,0,5,0
451,15.033333333333333,1784217400.1953332,nan,nan,nan,nan,nan,nan,71,0,0.0,85,0,0,1400,0,5,0
452,15.066666666666666,1784217400.2286665,nan,nan,nan,nan,nan,nan,65,0,0.0,87,0,0,1400,0,5,0
453,15.1,1784217400.2619998,nan,nan,nan,nan,nan,nan,96,7,0.07291666666666667,73,0,0,1400,0,5,0
454,15.133333333333333,1784217400.2953334,nan,nan,nan,nan,nan,nan,66,5,0.07575757575757576,72,0,0,1400,0,5,0
455,15.166666666666666,1784217400.3286667,nan,nan,nan,nan,nan,nan,71,0,0.0,82,0,0,1400,0,5,0
456,15.2,1784217400.362,nan,nan,nan,nan,nan,nan,74,8,0.10810810810810811,99,0,0,1400,0,5,0
457,15.233333333333333,1784217400.3953333,nan,nan,nan,nan,nan,nan,87,6,0.06896551724137931,86,0,0,1400,0,5,0
458,15.266666666666667,1784217400.4286666,nan,nan,nan,nan,nan,nan,82,6,0.07317073170731707,106,0,0,1400,0,5,0
459,15.3,1784217400.462,nan,nan,nan,nan,nan,nan,97,0,0.0,76,0,0,1400,0,5,0
460,15.333333333333334,1784217400.4953332,nan,nan,nan,nan,nan,nan,71,0,0.0,93,0,0,1400,0,5,0
461,15.366666666666667,1784217400.5286665,nan,nan,nan,nan,nan,nan,100,0,0.0,90,0,0,1400,0,5,0
462,15.4,1784217400.562,nan,nan,nan,nan,nan,nan,127,6,0.047244094488188976,68,0,0,1400,0,5,0
463,15.433333333333334,1784217400.5953333,nan,nan,nan,nan,nan,nan,91,5,0.054945054945054944,77,0,0,1400,0,5,0
464,15.466666666666667,1784217400.6286666,nan,nan,nan,nan,nan,nan,103,0,0.0,75,0,0,1400,0,5,0
465,15.5,1784217400.662,nan,nan,nan,nan,nan,nan,115,0,0.0,87,0,0,1400,0,5,0
466,15.533333333333333,1784217400.6953332,nan,nan,nan,nan,nan,nan,110,6,0.05454545454545454,121,0,0,1400,0,5,0
467,15.566666666666666,1784217400.7286665,nan,nan,nan,nan,nan,nan,126,9,0.07142857142857142,125,0,0,1400,0,5,0
468,15.6,1784217400.7619998,nan,nan,nan,nan,nan,nan,120,14,0.11666666666666667,128,0,0,1400,0,5,0
469,15.633333333333333,1784217400.7953334,nan,nan,nan,nan,nan,nan,120,0,0.0,138,0,0,1400,0,5,0
470,15.666666666666666,1784217400.8286667,nan,nan,nan,nan,nan,nan,113,0,0.0,176,0,0,1400,0,5,0
471,15.7,1784217400.862,nan,nan,nan,nan,nan,nan,146,11,0.07534246575342465,185,0,0,1400,0,5,0
472,15.733333333333333,1784217400.8953333,nan,nan,nan,nan,nan,nan,122,13,0.10655737704918032,225,0,0,1400,0,5,0
473,15.766666666666667,1784217400.9286666,nan,nan,nan,nan,nan,nan,129,10,0.07751937984496124,199,0,0,1400,0,5,0
474,15.8,1784217400.962,nan,nan,nan,nan,nan,nan,126,9,0.07142857142857142,186,0,0,1400,0,5,0
475,15.833333333333334,1784217400.9953332,70.55753248280519,6.017278231300978,9.92268639881685,1.5661633172342473,-3.0359486658055337,-0.6646269045620673,137,25,0.18248175182481752,166,0,0,1400,0,5,1
476,15.866666666666667,1784217401.0286665,nan,nan,nan,nan,nan,nan,111,9,0.08108108108108109,180,0,0,1400,0,5,0
477,15.9,1784217401.062,68.6801392705646,4.277496455780565,10.011416366199455,1.2417257127250412,-3.6819326324838504,-0.7573398961955853,119,23,0.19327731092436976,175,0,0,1400,0,5,1
478,15.933333333333334,1784217401.0953333,nan,nan,nan,nan,nan,nan,125,14,0.112,147,0,0,1400,0,5,0
479,15.966666666666667,1784217401.1286666,nan,nan,nan,nan,nan,nan,99,14,0.1414141414141414,131,0,0,1400,0,5,0
480,16.0,1784217401.162,61.541484732585744,6.174489258945812,9.568956950835783,3.0702819270434922,-2.121860195190383,-0.8940307200680998,107,37,0.34579439252336447,150,0,0,1400,0,5,1
481,16.033333333333335,1784217401.1953332,65.63119392210375,10.53409334572001,4.871697781063176,0.17630708086807945,-0.2727453595069352,-0.9416232839651371,109,35,0.3211009174311927,142,0,0,1400,0,5,1
482,16.066666666666666,1784217401.2286665,nan,nan,nan,nan,nan,nan,108,19,0.17592592592592593,130,0,0,1400,0,5,0
483,16.1,1784217401.2619998,59.59886814824711,8.142941590139756,6.953960848198122,2.536573324119197,-0.82759451412084,-0.6617273785688118,111,29,0.26126126126126126,141,0,0,1400,0,5,1
484,16.133333333333333,1784217401.2953334,60.78257483920781,7.446038621470777,2.7433874207731463,0.5180969297376332,-0.5688416312465833,-1.121052595518317,99,38,0.3838383838383838,128,0,0,1400,0,5,1
485,16.166666666666668,1784217401.3286667,29.438267334114432,24.10999223274625,1.4707137188400168,18.172339173206886,8.944670356672932,1.7338562315914272,133,25,0.18796992481203006,112,0,0,1400,0,5,1
486,16.2,1784217401.362,63.951752719715074,0.47738251085168315,9.283712378203973,-1.1775525825654645,-5.282404110051038,-0.7327771938508251,144,60,0.4166666666666667,125,0,0,1400,0,5,1
487,16.233333333333334,1784217401.3953333,58.564069980776324,5.227014098886201,8.270523778806279,0.8030909541931152,-2.6438820247676613,-1.0379642931902724,124,61,0.49193548387096775,128,0,0,1400,0,5,1
488,16.266666666666666,1784217401.4286666,58.73653830623367,3.937400605447152,9.476773613419837,0.5385468311278246,-3.4445637652281533,-0.903927033210568,142,78,0.5492957746478874,126,1,125,1525,1,6,1
489,16.3,1784217401.462,56.99709739188779,5.103881569710637,9.725690685428901,1.1806854451205435,-2.840529893934835,-0.590584100380842,177,115,0.6497175141242938,89,0,0,1525,0,6,1
490,16.333333333333332,1784217401.4953332,58.14679337148374,4.855734203452812,10.972785120256901,0.4583064907439532,-3.332483531436228,-0.27254546786518347,175,81,0.46285714285714286,120,0,0,1525,0,6,1
491,16.366666666666667,1784217401.5286665,55.336099081616666,4.712355877040409,9.779849971741086,1.048823890557256,-2.9208499911547996,-0.4821404840070522,166,84,0.5060240963855421,105,1,104,1629,1,7,1
492,16.4,1784217401.562,53.98512627799141,4.521349501812736,9.339914612244257,1.1042103462904782,-2.8941725652196486,-0.5703714221839489,151,77,0.5099337748344371,89,0,0,1629,0,7,1
493,16.433333333333334,1784217401.5953333,53.09282227908254,3.9396418208148845,7.943388975364286,1.115929125549162,-2.487389536513983,-0.14926579365286038,125,49,0.392,91,0,0,1629,0,7,1
494,16.466666666666665,1784217401.6286666,52.93462438157388,2.880650773001136,10.609289495426168,0.6862585626843691,-3.7679468353369145,-0.4740655098322553,118,52,0.4406779661016949,84,0,0,1629,0,7,1
495,16.5,1784217401.662,51.33890167446073,6.451983252514836,10.413085696845343,1.3786818326378498,-2.26738456837587,-0.180895951390258,95,44,0.4631578947368421,101,0,0,1629,0,7,1
496,16.533333333333335,1784217401.6953332,49.81479744869969,3.205987928794272,9.75143534217429,0.8555158762727145,-3.40897395190806,-0.8778550425813482,111,39,0.35135135135135137,76,0,0,1629,0,7,1
497,16.566666666666666,1784217401.7286665,46.350320186353,3.765416293796747,9.363618081881768,2.174425911592569,-2.678139639790539,-0.5825442676113061,93,49,0.5268817204301075,72,0,0,1629,0,7,1
498,16.6,1784217401.7619998,47.041348337439075,4.275998863855307,10.034039305375686,1.407554468505889,-2.8585799581730047,-0.6039739827243653,89,44,0.4943820224719101,76,0,0,1629,0,7,1
499,16.633333333333333,1784217401.7953334,48.931930045040886,1.5956974832966324,8.163564307958111,-0.605362924672729,-3.8320159020351734,-1.0093052901697799,99,43,0.43434343434343436,86,0,0,1629,0,7,1
500,16.666666666666668,1784217401.8286667,45.91554508884238,2.8873407147075056,9.205196597774105,0.9454884996095034,-3.1031787349095183,-0.4753922954916423,74,31,0.4189189189189189,81,0,0,1629,0,7,1
501,16.7,1784217401.862,40.10915172236665,4.670007726301748,9.388479241555487,2.9530538164761766,-2.1904773534655697,-1.086019223276155,84,32,0.38095238095238093,83,0,0,1629,0,7,1
502,16.733333333333334,1784217401.8953333,40.03588173674905,3.899686430643456,7.046145190936144,2.121018732524893,-1.974198172719756,-1.2046145250163809,90,40,0.4444444444444444,76,0,0,1629,0,7,1
503,16.766666666666666,1784217401.9286666,39.82207125890566,3.662631658109717,8.90524023362643,2.0471333062158736,-2.5074281046108906,-1.031569084671754,73,35,0.4794520547945205,79,0,0,1629,0,7,1
504,16.8,1784217401.962,41.05951384880499,2.83417380344585,9.711760997781596,1.4088357785714294,-3.0409104767193718,-0.42038168688501176,97,40,0.41237113402061853,94,0,0,1629,0,7,1
505,16.833333333333332,1784217401.9953332,41.00284385994547,1.784404113979619,9.28832609183253,0.8787293626787342,-3.3557319598676476,-0.36098743176533277,59,35,0.5932203389830508,70,0,0,1629,0,7,1
506,16.866666666666667,1784217402.0286665,36.85678263523751,1.508202712689112,9.880109497304119,1.9521533788590975,-3.4275469455478715,-1.066773297168681,70,36,0.5142857142857142,78,0,0,1629,0,7,1
507,16.9,1784217402.062,38.098158175187294,2.373897746486591,7.828760025496763,0.28834198631065655,-2.9628132422778086,-1.5116564994467299,73,30,0.410958904109589,77,0,0,1629,0,7,1
508,16.933333333333334,1784217402.0953333,37.35272747258719,1.0663920311499027,9.032585867721053,0.7234127425856602,-3.543751468894489,-0.9317299116419612,90,45,0.5,78,0,0,1629,0,7,1
509,16.966666666666665,1784217402.1286666,34.61687428191421,2.3936747567744447,8.32639124085172,1.7779625182105843,-2.5850955563041897,-0.6917803431331413,84,38,0.4523809523809524,73,0,0,1629,0,7,1
510,17.0,1784217402.162,33.64636486372124,0.8574106169966456,10.05699866102104,1.9552152931141997,-3.5156423058605517,-0.5238499512687571,82,41,0.5,96,0,0,1629,0,7,1
511,17.033333333333335,1784217402.1953332,33.4167284571658,0.862464899821731,11.439197305522669,1.3283124840504854,-3.9613436071901655,-0.7878901178162248,64,35,0.546875,92,0,0,1629,0,7,1
512,17.066666666666666,1784217402.2286665,33.323654224119906,0.8161907382113327,9.303082241460302,0.7816774917744272,-3.520632318998251,-0.7916748510202695,88,45,0.5113636363636364,101,8,93,1722,1,8,1
513,17.1,1784217402.2619998,33.35342777755892,0.24321930960658733,10.340184019410216,0.5378702884763524,-3.930133548273559,-0.4270967308010361,113,66,0.584070796460177,75,0,0,1722,0,8,1
514,17.133333333333333,1784217402.2953334,29.748736421426287,-0.7157496410365098,10.708996660107672,1.8116632667829076,-4.192306814296032,-0.7836411246268651,101,51,0.504950495049505,63,0,0,1722,0,8,1
515,17.166666666666668,1784217402.3286667,31.01332934378805,-0.2839019309689661,10.32065993145467,0.49381913281975925,-4.099654674622001,-0.7241707138619098,93,48,0.5161290322580645,66,0,0,1722,0,8,1
516,17.2,1784217402.362,27.693549667077317,0.6128497683208849,9.644532799922416,1.4613053381273107,-3.4113176268598813,-1.007523281427433,104,53,0.5096153846153846,70,0,0,1722,0,8,1
517,17.233333333333334,1784217402.3953333,29.474156692694237,-0.515591613098195,9.402357456412446,0.12589191827179905,-3.992401635193088,-0.8702414207822179,102,49,0.4803921568627451,59,0,0,1722,0,8,1
518,17.266666666666666,1784217402.4286666,25.306685254594182,1.7964144852175963,1.0132318478347884,1.3121706062109713,-0.5350284210446032,-0.5846095504596838,106,47,0.44339622641509435,68,0,0,1722,0,8,1
519,17.3,1784217402.462,27.042991819497587,-0.4946173839647088,6.967708127761014,0.294909860711817,-3.1583443541327783,-0.5576314393915409,105,50,0.47619047619047616,55,0,0,1722,0,8,1
520,17.333333333333332,1784217402.4953332,21.934098488690616,1.2044507437329344,8.513283962429384,2.067440588863538,-2.718556633912561,-1.314740235167762,99,52,0.5252525252525253,65,0,0,1722,0,8,1
521,17.366666666666667,1784217402.5286665,23.159184080527947,-0.3290787452725539,9.14595519467997,0.9536934798390077,-3.5352035738571863,-1.169424601104095,100,53,0.53,62,0,0,1722,0,8,1
522,17.4,1784217402.562,20.389251163783953,0.31010380773754775,9.229385944236427,1.8972284373731891,-3.132069703036877,-0.9826195175378102,88,51,0.5795454545454546,50,0,0,1722,0,8,1
523,17.433333333333334,1784217402.5953333,19.325140065913104,-0.42559549851006295,9.32805110456782,1.9984257128685574,-3.3402637054515627,-0.8966517349762484,101,55,0.5445544554455446,42,0,0,1722,0,8,1
524,17.466666666666665,1784217402.6286666,21.637122042007846,-1.4797980051182833,9.40533660735214,-0.015877224231587786,-4.078122267590553,-1.4062638073037228,86,37,0.43023255813953487,59,0,0,1722,0,8,1
525,17.5,1784217402.662,19.081276103523898,0.09429351227808525,8.232031499841455,1.15845943994175,-2.9328841977572213,-0.7453790860863894,79,52,0.6582278481012658,57,0,0,1722,0,8,1
526,17.533333333333335,1784217402.6953332,16.11355598412955,1.5165350362592562,1.1148224715138753,1.8921339184753656,-0.3265854226390018,-0.8351360415910208,75,47,0.6266666666666667,55,0,0,1722,0,8,1
527,17.566666666666666,1784217402.7286665,17.607650337005158,0.9106243012016648,-0.3102089140654414,0.7486285041009242,-0.1826483083833518,-0.2797962973761793,90,40,0.4444444444444444,47,0,0,1722,0,8,1
528,17.6,1784217402.7619998,14.029141520029258,1.7852532375455041,4.270745445065387,1.7277341929889685,-1.1130131773183916,-1.05261857942083,96,55,0.5729166666666666,59,0,0,1722,0,8,1
529,17.633333333333333,1784217402.7953334,16.406918603568524,-1.4040704124314516,9.37878682889992,0.18184882011433828,-3.739093568925228,-1.0121850717184884,84,47,0.5595238095238095,51,0,0,1722,0,8,1
530,17.666666666666668,1784217402.8286667,13.063462293434005,-0.15598637927654124,2.6020593083886325,1.528986068336615,-1.179181793377746,-0.6200300754297607,90,51,0.5666666666666667,41,0,0,1722,0,8,1
531,17.7,1784217402.862,16.09877469049659,-0.9969135270238212,2.0161575034193504,-0.5782506754254331,-1.592089125049162,-0.4489029895547264,86,43,0.5,53,0,0,1722,0,8,1
532,17.733333333333334,1784217402.8953333,10.547461793530967,-1.4309081215088213,8.52000385795337,1.269227207574712,-3.2603136617579414,-1.5753223354331785,82,40,0.4878048780487805,34,0,0,1722,0,8,1
533,17.766666666666666,1784217402.9286666,12.07708317469033,0.0007235866581396522,3.0875321867198267,0.21665817882654118,-1.3200794060846737,-0.7519476670519449,87,55,0.632183908045977,69,0,0,1722,0,8,1
534,17.8,1784217402.962,13.813493885967986,0.38815069577667316,3.2181880684454995,-0.5507257063012931,-1.2792428917016865,0.2026641239316608,83,50,0.6024096385542169,46,0,0,1722,0,8,1
535,17.833333333333332,1784217402.9953332,7.673182070440293,-2.7869651325652,7.907849638210138,1.807336146058993,-3.4213601731830847,-0.7319974027208876,100,52,0.52,68,0,0,1722,0,8,1
536,17.866666666666667,1784217403.0286665,7.539356663379447,-1.320126857955728,3.7349124775035136,1.8099027539928856,-1.7493642349655862,0.1804609947381101,88,39,0.4431818181818182,53,0,0,1722,0,8,1
537,17.9,1784217403.062,8.34814793734191,-0.43820967211502193,2.437365578037472,0.5509516729533956,-1.1450167144937902,-0.15571331584129794,87,54,0.6206896551724138,42,0,0,1722,0,8,1
538,17.933333333333334,1784217403.0953333,6.522205075786765,-0.414251945935348,5.585871181139609,0.49385673667630486,-1.9602772415491274,-0.8372302136584816,88,52,0.5909090909090909,42,0,0,1722,0,8,1
539,17.966666666666665,1784217403.1286666,6.285644749379765,-2.9677893090910885,9.05092695492948,0.019376624889714318,-3.772721790654053,-1.116802790980919,85,52,0.611764705882353,43,0,0,1722,0,8,1
540,18.0,1784217403.162,5.427847633332606,-2.216756561847575,9.1871049689899,-0.03036762415671638,-3.5019696410187464,-0.9348178861190655,91,49,0.5384615384615384,38,0,0,1722,0,8,1
541,18.033333333333335,1784217403.1953332,5.287322078392361,-1.8651057317062936,2.6569455872748193,0.11201828742975821,-1.5623567486231549,-0.03184373960655482,93,49,0.5268817204301075,42,0,0,1722,0,8,1
542,18.066666666666666,1784217403.2286665,2.1770387951907324,-0.9903023322454061,7.606112380734373,0.6580291052028644,-2.5551554906052756,-0.648457851463047,77,40,0.5194805194805194,59,0,0,1722,0,8,1
543,18.1,1784217403.2619998,2.294408171829968,-0.5658663846425753,4.967726171091485,0.06131187886816861,-1.6771171194759433,-0.6975423022381366,105,57,0.5428571428571428,48,0,0,1722,0,8,1
544,18.133333333333333,1784217403.2953334,-0.02937539504750397,-2.518651671023264,8.456215882899983,0.48042365661356656,-3.2062403192552718,-1.2632179963334336,96,49,0.5104166666666666,55,0,0,1722,0,8,1
545,18.166666666666668,1784217403.3286667,-1.5393181795288413,-3.142028044673424,9.355119944271323,1.0489398565270165,-3.6236007051068384,-0.9474981358468361,103,57,0.5533980582524272,41,0,0,1722,0,8,1
546,18.2,1784217403.362,3.775435722785806,0.2142476589288691,2.6098034749940098,-0.9770905690716813,-0.7826909731798141,0.5533900844013669,86,39,0.45348837209302323,51,0,0,1722,0,8,1
547,18.233333333333334,1784217403.3953333,-0.8587111076040888,-1.6512624049048412,3.339536801179804,0.7358367067963807,-1.5251370579525068,-0.3215739178487019,105,48,0.45714285714285713,41,0,0,1722,0,8,1
548,18.266666666666666,1784217403.4286666,2.5007708800541373,-1.8474188852675582,3.1385431955723675,-1.3444737884644828,-1.5835905195880973,-0.16372894250782674,105,58,0.5523809523809524,59,0,0,1722,0,8,1
549,18.3,1784217403.462,-0.7326758451757538,-1.1593527970633772,1.0003608222097142,0.5035480456761431,-0.6418490498341716,-0.13468316188888507,105,55,0.5238095238095238,67,0,0,1722,0,8,1
550,18.333333333333332,1784217403.4953332,-0.5996930459402332,-1.9590389306197125,8.415601557796748,0.09117042314309676,-2.9865225033273,-0.4257108863897994,99,41,0.41414141414141414,61,0,0,1722,0,8,1
551,18.366666666666667,1784217403.5286665,-0.07781812870423899,-0.36446878740180466,0.02270150855812858,0.12587688800027846,-0.13704120312838514,0.04919295871796264,102,56,0.5490196078431373,67,0,0,1722,0,8,1
552,18.4,1784217403.562,-1.0045838849160358,-1.5040794374114057,3.001733538984155,0.4432155533714967,-1.3416704279839424,-0.28561409087475714,106,61,0.5754716981132075,60,0,0,1722,0,8,1
553,18.433333333333334,1784217403.5953333,0.046762535582127285,-0.13401463755350562,0.2689703980503566,-0.021108896473250996,-0.12861004027447795,-0.2416115694668289,103,56,0.5436893203883495,51,0,0,1722,0,8,1
554,18.466666666666665,1784217403.6286666,2.1259034878152576,-1.3410968528029628,3.138134488009456,-1.2008703435643622,-1.4109544725270526,-0.13066523917102696,104,58,0.5576923076923077,64,0,0,1722,0,8,1
555,18.5,1784217403.662,1.3425269085997389,-0.5419420181428336,1.5562955641854899,-0.7783952411482715,-0.6631442340130245,-0.09284345593258846,101,55,0.5445544554455446,48,0,0,1722,0,8,1
556,18.533333333333335,1784217403.6953332,-1.783662256744325,-2.0451468655386265,6.287654651387058,0.28722087525241524,-2.392645939934979,-1.119523841250593,105,53,0.5047619047619047,42,0,0,1722,0,8,1
557,18.566666666666666,1784217403.7286665,1.2039973340909036,-2.0671958324073074,3.8341292916358753,-0.7727262475480859,-1.8516690340049726,-0.311433415078729,107,62,0.5794392523364486,35,0,0,1722,0,8,1
558,18.6,1784217403.7619998,-1.1002473144482092,-2.2005556598671348,6.437898163317342,0.24103375417280198,-2.5226795584513875,-0.41285025420804267,106,52,0.49056603773584906,40,0,0,1722,0,8,1
559,18.633333333333333,1784217403.7953334,-0.4421930567002228,-0.5382953497048533,1.8497863058871786,0.20803049902759618,-0.7196552712316762,-0.13200421484640237,115,60,0.5217391304347826,31,0,0,1722,0,8,1
560,18.666666666666668,1784217403.8286667,1.4935026925247108,-0.853020226366354,2.030193981075925,-0.7944799770932998,-0.9264582922342446,-0.13577241725538575,110,55,0.5,39,0,0,1722,0,8,1
561,18.7,1784217403.862,-1.4756980057490505,-1.0729589152524284,0.9506923189585308,0.5956528510296891,-0.608708107683855,-0.3902876642305101,103,60,0.5825242718446602,47,0,0,1722,0,8,1
562,18.733333333333334,1784217403.8953333,-0.13718669403020378,-0.47002857299868595,1.168563273788621,0.08658341644815876,-0.5016345042328164,-0.05406126295844815,109,59,0.5412844036697247,32,0,0,1722,0,8,1
563,18.766666666666666,1784217403.9286666,-0.8218022213578458,-0.3005431885369916,0.34932936048406305,0.4552332819049678,-0.20212254615719785,-0.1144308987911875,106,62,0.5849056603773585,49,0,0,1722,0,8,1
564,18.8,1784217403.962,-0.8529571936716245,-0.4662832228978715,0.9626415493431182,0.2160507857536598,-0.429332737648825,-0.4107414136132916,116,60,0.5172413793103449,35,0,0,1722,0,8,1
565,18.833333333333332,1784217403.9953332,0.350748626908592,-1.0702110181440219,1.1677941742836424,-0.13765305240365058,-0.7073859190995143,-0.04850588149249597,106,61,0.5754716981132075,38,0,0,1722,0,8,1
566,18.866666666666667,1784217404.0286665,-0.24744017507827465,-1.1320547745992116,1.8599597952156017,-0.16541074542990752,-0.8906298288861002,-0.5965775324881333,111,51,0.4594594594594595,52,0,0,1722,0,8,1
567,18.9,1784217404.062,0.5210094416313762,0.09683823333799069,0.16072300776255588,-0.2998628694008425,-0.03538102724664459,-0.07113632447792828,113,64,0.5663716814159292,42,0,0,1722,0,8,1
568,18.933333333333334,1784217404.0953333,-1.0045312026856763,0.7191763977850769,0.12261202193052156,0.33710044660302935,0.24085630964749205,-0.3048452195590456,106,43,0.4056603773584906,47,0,0,1722,0,8,1
569,18.966666666666665,1784217404.1286666,0.4077425337210929,-2.5453111665462274,3.48348372578387,-0.5167803826981645,-1.85910077206469,-0.604173319501562,102,48,0.47058823529411764,37,0,0,1722,0,8,1
570,19.0,1784217404.162,-1.0717398185320892,-0.5369584396285063,0.8374212075911203,0.54488190861383,-0.4123033253449274,-0.16772245194830138,102,53,0.5196078431372549,41,0,0,1722,0,8,1
571,19.033333333333335,1784217404.1953332,5.601392638712756,-2.8977278998036837,3.8930602819551723,-3.139344619785814,-2.298648411515082,-0.1669069291880863,115,56,0.48695652173913045,50,0,0,1722,0,8,1
572,19.066666666666666,1784217404.2286665,-0.89043465189018,-1.5345773768812307,1.2915103542724466,0.5570739588967938,-0.957680406321309,-0.025059158572669552,107,51,0.4766355140186916,52,0,0,1722,0,8,1
573,19.1,1784217404.2619998,-0.8358142303950729,-1.2717882276209593,2.385985880667576,0.25263413841390375,-1.0761121470014252,-0.3972779128724582,102,63,0.6176470588235294,53,0,0,1722,0,8,1
574,19.133333333333333,1784217404.2953334,-0.31811747878759,-0.563130024882355,0.8761093003151643,0.17414349032808235,-0.4408426309718792,-0.08380286849841172,111,59,0.5315315315315315,40,0,0,1722,0,8,1
575,19.166666666666668,1784217404.3286667,0.8036022335491655,-0.8354415786297409,0.723557066508647,-0.4003383308471496,-0.5307659749261542,0.010659276496883505,103,68,0.6601941747572816,45,0,0,1722,0,8,1
576,19.2,1784217404.362,-1.163138675133517,-1.438329053205237,1.6326204536909898,0.6130233210447456,-0.9405942348059126,-0.18849742194592886,110,52,0.4727272727272727,44,0,0,1722,0,8,1
577,19.233333333333334,1784217404.3953333,-0.20756485174110217,-1.2110176543035038,1.5090343102038162,0.0633479096025313,-0.8524333147587851,-0.2593976410202925,112,53,0.4732142857142857,28,0,0,1722,0,8,1
578,19.266666666666666,1784217404.4286666,0.3605091047883633,0.0564787058372076,-0.034591164888553294,-0.19577606972685294,0.015570462681104583,-0.035688690012439454,93,61,0.6559139784946236,42,0,0,1722,0,8,1
579,19.3,1784217404.462,1.24126900774918,-1.1237896745241045,1.257522490636802,-0.6597216925704344,-0.7791798158592846,-0.10060322783836026,99,53,0.5353535353535354,34,0,0,1722,0,8,1
580,19.333333333333332,1784217404.4953332,-0.029390937857696642,-1.2709530181964084,1.6024044330479228,-0.06185429005572549,-0.926383520479254,-0.28980641820232805,100,62,0.62,38,0,0,1722,0,8,1
581,19.366666666666667,1784217404.5286665,-0.5572587085023635,0.05006013681149568,1.812104398080109,0.06555645649227825,-0.5018465509249734,-0.32637503839661763,98,48,0.4897959183673469,37,0,0,1722,0,8,1
582,19.4,1784217404.562,0.11765307224216315,-1.6869870389233625,1.7840254801231055,-0.13473938328006121,-1.0889714986776655,-0.2974994457807788,90,41,0.45555555555555555,32,0,0,1722,0,8,1
583,19.433333333333334,1784217404.5953333,-0.2785006897939404,-0.37816548795007066,0.8212307670150096,0.12278430428983693,-0.345752689123786,-0.16253466066229416,98,57,0.5816326530612245,43,0,0,1722,0,8,1
584,19.466666666666665,1784217404.6286666,1.0835109778900982,-0.17938033626116123,0.7608375839618731,-0.6462279890383315,-0.29704101859018806,-0.1013958635659461,95,52,0.5473684210526316,52,0,0,1722,0,8,1
585,19.5,1784217404.662,-0.31300879368891543,-0.10024572882291238,0.27472560910943855,0.008034634040567172,-0.09658506488909324,-0.26564748491318235,98,41,0.41836734693877553,41,0,0,1722,0,8,1
586,19.533333333333335,1784217404.6953332,-0.5454639450577989,-0.22299845267272644,0.4278982460013907,0.3045032522363204,-0.18805138256626858,-0.071205872855139,108,60,0.5555555555555556,38,0,0,1722,0,8,1
587,19.566666666666666,1784217404.7286665,-0.28986256855710124,-1.9948646402586832,7.114339415029747,0.11153994872979563,-2.7066029347173846,-0.12879284500450677,103,57,0.5533980582524272,43,0,0,1722,0,8,1
588,19.6,1784217404.7619998,1.848354464429102,-1.218508122176246,1.5038253610904349,-1.0631404150569832,-0.9031582929490739,-0.15740265759183347,103,49,0.47572815533980584,40,0,0,1722,0,8,1
589,19.633333333333333,1784217404.7953334,-1.888397437503098,-3.0179871374549947,9.14703381139141,0.48748846252505396,-3.511445223899777,-0.7665473673259037,100,47,0.47,33,0,0,1722,0,8,1
590,19.666666666666668,1784217404.8286667,1.9555151938160442,-1.2577749003239802,2.483863503504665,-1.1535202755629252,-1.1921889826187586,-0.2509957184286319,96,54,0.5625,42,0,0,1722,0,8,1
591,19.7,1784217404.862,0.5069856527188055,-0.5188908264012895,0.7954293471738652,-0.2874168229281494,-0.418159396990395,-0.07974334151582015,101,55,0.5445544554455446,52,0,0,1722,0,8,1
592,19.733333333333334,1784217404.8953333,-0.12132142374170662,0.017024905486977104,0.39329822954775295,0.0936949277426029,-0.12296806993563747,-0.003526115211977577,93,45,0.4838709677419355,42,0,0,1722,0,8,1
593,19.766666666666666,1784217404.9286666,0.1450805937306754,-0.3331272652871746,0.8794391247916309,-0.18154393447590067,-0.3697255860734033,-0.22155764578614437,98,55,0.5612244897959183,48,0,0,1722,0,8,1
594,19.8,1784217404.962,1.2830903879427265,-0.3584576770778227,1.669268955801499,-0.7456783611787795,-0.6410127120043067,-0.11950576800689637,95,50,0.5263157894736842,37,0,0,1722,0,8,1
595,19.833333333333332,1784217404.9953332,0.28391205199196357,0.08188924149699517,0.5612540236435137,-0.1343849380977929,-0.14457175228321453,0.026547327319282395,101,56,0.5544554455445545,45,0,0,1722,0,8,1
596,19.866666666666667,1784217405.0286665,0.3915327638609156,-0.8937218915533549,1.4380371340272688,-0.17929445079601528,-0.7127914347616088,-0.10246083078092523,105,59,0.5619047619047619,34,0,0,1722,0,8,1
597,19.9,1784217405.062,-2.4214545882907466,0.07625970701161577,0.19775280693366426,1.3540207392608181,0.0005464655816001557,-0.06882276010124568,106,40,0.37735849056603776,40,0,0,1722,0,8,1
598,19.933333333333334,1784217405.0953333,1.795555285354439,0.7276511644054438,1.0853719464186895,-0.8405015546209994,-0.13219580301836176,0.2523382873110788,107,46,0.42990654205607476,37,0,0,1722,0,8,1
599,19.966666666666665,1784217405.1286666,-1.440583006805781,0.15271353248704145,-0.042431432627111576,0.7019181089073091,0.09183771778651809,-0.167935059036036,100,47,0.47,44,0,0,1722,0,8,1
600,20.0,1784217405.162,-0.4453715262231004,-1.4634067383520488,2.565628758382715,0.25837992189073533,-1.2514449942919348,-0.12887205704263474,101,45,0.44554455445544555,43,0,0,1722,0,8,1
601,20.033333333333335,1784217405.1953332,1.4423402594427852,-0.528137669546112,0.9690798338839102,-0.8062806391239967,-0.4982368652924616,-0.06176823938958312,99,60,0.6060606060606061,39,0,0,1722,0,8,1
602,20.066666666666666,1784217405.2286665,0.17313715224570814,-0.277280150165538,0.6904001970925293,-0.12292086729014318,-0.30948214106461636,-0.09379438549677405,104,57,0.5480769230769231,45,0,0,1722,0,8,1
603,20.1,1784217405.2619998,-0.8523012153255056,-0.4048502853307525,1.7414409901964945,0.3638436822665549,-0.6324152086771149,-0.20511006113471358,107,60,0.5607476635514018,44,0,0,1722,0,8,1
604,20.133333333333333,1784217405.2953334,1.4052215065943567,-1.1857734679096268,1.5541444509552917,-0.8167797393527857,-0.8588383684235165,-0.14642244719953254,112,57,0.5089285714285714,46,0,0,1722,0,8,1
605,20.166666666666668,1784217405.3286667,0.26238225565147744,-0.6587494702916956,0.6493208027476385,-0.10277555779738802,-0.4320788520250756,-0.01171264432189606,119,61,0.5126050420168067,36,0,0,1722,0,8,1
606,20.2,1784217405.362,0.959478362242077,-1.0179682193084005,1.3897272881469007,-0.5153376687012251,-0.7984374827280547,-0.11977948742939981,93,49,0.5268817204301075,24,0,0,1722,0,8,1
607,20.233333333333334,1784217405.3953333,0.6856246399259156,-1.0939473995916558,1.6279323996694188,-0.4778393425333856,-0.8735304738398997,-0.2480259772285561,101,56,0.5544554455445545,30,0,0,1722,0,8,1
608,20.266666666666666,1784217405.4286666,0.811950336473009,-0.8500560847557779,1.5066556107398554,-0.40127884767432537,-0.7630216365522217,-0.04713507010797875,111,56,0.5045045045045045,34,0,0,1722,0,8,1
609,20.3,1784217405.462,-1.5128640362986232,-2.0170656806471357,1.1694946374529422,0.5779250802036983,-0.9765167351499282,-0.5868286307211746,104,49,0.47115384615384615,44,0,0,1722,0,8,1
610,20.333333333333332,1784217405.4953332,0.10598296106996585,-1.8609497694364165,2.1191673979438406,0.30306517860607973,-1.2509225954924597,0.260531995531423,100,38,0.38,39,0,0,1722,0,8,1
611,20.366666666666667,1784217405.5286665,-1.3427659191134662,0.04144514551619238,1.3818974792064864,0.5697476923519825,-0.3856001918176574,-0.20562134975957103,105,49,0.4666666666666667,33,0,0,1722,0,8,1
612,20.4,1784217405.562,1.0554797531081181,-1.0914681848085621,1.9008517699070353,-0.6308091286381556,-0.9436318653610545,-0.31729457219603757,106,39,0.36792452830188677,42,0,0,1722,0,8,1
613,20.433333333333334,1784217405.5953333,3.041556767213093,-3.491279654833903,4.887962279970807,-1.4550261641701057,-2.6822336932951836,-0.4711991367757012,97,39,0.4020618556701031,43,0,0,1722,0,8,1
614,20.466666666666665,1784217405.6286666,1.0984511987335335,-0.6664196314530955,1.248138379653156,0.0705921208278122,-0.6095410482503931,-0.09657666282995675,93,43,0.46236559139784944,47,0,0,1722,0,8,1
615,20.5,1784217405.662,2.6271600663420553,-1.768979380718747,2.1121527056596534,-0.5273461396569589,-1.2323473475385538,-0.19541698880230038,89,45,0.5056179775280899,32,0,0,1722,0,8,1
616,20.533333333333335,1784217405.6953332,3.1230698659339975,-1.7034932705194876,3.088612252125202,-0.07114699980363427,-1.600591686654859,-0.05846651924340605,87,31,0.3563218390804598,28,0,0,1722,0,8,1
617,20.566666666666666,1784217405.7286665,3.2337002380213598,-0.915529800364439,1.6840906545931063,0.41187631219456455,-0.955496096426091,-0.03957838049197384,82,38,0.4634146341463415,31,0,0,1722,0,8,1
618,20.6,1784217405.7619998,6.767934342723152,-2.1145582590103515,5.435573874171794,-0.9609690066702083,-2.4796071104181814,0.04098378893154462,90,46,0.5111111111111111,44,0,0,1722,0,8,1
619,20.633333333333333,1784217405.7953334,5.240181078367105,-3.177254044686549,5.493842139505148,-0.4961153438782442,-2.837770751252983,-1.2932010133723477,71,35,0.49295774647887325,35,0,0,1722,0,8,1
620,20.666666666666668,1784217405.8286667,5.77058921524565,-0.4277235783631852,-0.7891478420933282,-0.0879449338794703,-0.11898380896619971,-1.0032179682522924,70,34,0.4857142857142857,32,0,0,1722,0,8,1
621,20.7,1784217405.862,4.137428351290373,0.34729819883524726,7.320227805639874,1.303555740340765,-2.091748786279427,-1.2387965447760365,89,39,0.43820224719101125,34,0,0,1722,0,8,1
622,20.733333333333334,1784217405.8953333,7.077701573757655,-0.9108408617576345,2.0499650674971406,0.2654867393056468,-1.158000481003856,-1.0395885320456533,75,42,0.56,35,0,0,1722,0,8,1
623,20.766666666666666,1784217405.9286666,8.685140211982581,0.5932541754623912,1.0318824192087703,0.3155725293497644,-0.3999615139311231,-0.4582954102776581,75,34,0.4533333333333333,32,0,0,1722,0,8,1
624,20.8,1784217405.962,12.622739352168335,-2.1991170631101795,4.31841969841409,-0.8426048387216052,-2.513908300713816,-0.15560507011758481,76,28,0.3684210526315789,32,0,0,1722,0,8,1
625,20.833333333333332,1784217405.9953332,14.280611882589406,-0.5784654361969217,4.110932164216138,-1.1744053289864957,-1.8440602540351623,0.13247309810488014,75,44,0.5866666666666667,40,0,0,1722,0,8,1
626,20.866666666666667,1784217406.0286665,10.142730677460463,-0.9150025400188753,3.70377491309452,0.8442554598493464,-1.7962983047892427,-1.1814124895947538,76,40,0.5263157894736842,24,0,0,1722,0,8,1
627,20.9,1784217406.062,12.26351748425307,-1.1263225790700773,4.130358872085978,0.28982709560634007,-2.069543867592798,-1.1327552418757256,74,33,0.44594594594594594,43,0,0,1722,0,8,1
628,20.933333333333334,1784217406.0953333,14.034777615062625,1.0673525155651191,0.4991366951007876,0.3491789411571608,-0.2868322281507033,-0.2803095897200518,71,36,0.5070422535211268,26,0,0,1722,0,8,1
629,20.966666666666665,1784217406.1286666,15.142730602492886,1.325841084776684,0.5998474145496573,0.4175377947584416,-0.222360374967161,-0.09285398683792404,69,37,0.5362318840579711,38,0,0,1722,0,8,1
630,21.0,1784217406.162,17.012429034758743,-0.9303443701488447,2.195803933992238,-0.4074185230340057,-1.5948938990957993,-0.5823254668341001,72,44,0.6111111111111112,24,0,0,1722,0,8,1
631,21.033333333333335,1784217406.1953332,15.613028850453565,-1.9868617029364088,8.367712811880324,0.8166687005475906,-3.656134581704108,-1.2126945058173753,64,34,0.53125,40,0,0,1722,0,8,1
632,21.066666666666666,1784217406.2286665,18.397108337000397,0.5761352315010555,1.4423749679821327,0.2603562044828064,-0.8365133886503111,-0.24430623790419292,78,36,0.46153846153846156,45,0,0,1722,0,8,1
633,21.1,1784217406.2619998,17.827715467106795,-0.32827533940127296,3.931885014913661,0.6692291343286006,-1.876672262097762,-0.9908670718630676,74,48,0.6486486486486487,38,0,0,1722,0,8,1
634,21.133333333333333,1784217406.2953334,18.996002219148757,1.4330733089954322,1.474559367089654,0.23003093860811277,-0.6981044715102255,-1.241522718097142,74,38,0.5135135135135135,40,0,0,1722,0,8,1
635,21.166666666666668,1784217406.3286667,20.664202569033712,1.2890239728854027,1.0447629825237499,0.4795539874978847,-0.5583827685026876,-0.4672489063689653,80,44,0.55,34,0,0,1722,0,8,1
636,21.2,1784217406.362,21.52185355181466,0.8266384334908281,4.056334382806412,0.3074299624069356,-1.7222712073448558,-0.9941672452938856,72,43,0.5972222222222222,36,0,0,1722,0,8,1
637,21.233333333333334,1784217406.3953333,21.546907386775263,2.0543293428266622,1.2670614227857868,0.6191464598665954,-0.4861725694775636,-1.0308296016405862,65,39,0.6,31,0,0,1722,0,8,1
638,21.266666666666666,1784217406.4286666,18.15280946775438,1.9095455189827248,6.468111587131119,3.0292694695736446,-1.7443745537556115,-1.4602137660643173,78,44,0.5641025641025641,36,0,0,1722,0,8,1
639,21.3,1784217406.462,24.35851632487948,1.236389079379336,1.3116510696450518,0.7346750728255377,-0.7870781261353154,-0.38692476697409933,71,38,0.5352112676056338,30,0,0,1722,0,8,1
640,21.333333333333332,1784217406.4953332,22.543565871214057,0.16952756527624047,7.8176954716935825,1.902834021984476,-2.9246050319410757,-1.5106400378483136,79,49,0.620253164556962,32,0,0,1722,0,8,1
641,21.366666666666667,1784217406.5286665,28.02947832234182,0.7408347677889111,1.540693887069125,-0.30632489415844805,-1.288623533706461,-0.46897985940719544,75,43,0.5733333333333334,25,0,0,1722,0,8,1
642,21.4,1784217406.562,26.301013537720912,1.9680027169479644,2.6276063038116746,0.811436599443543,-1.0631212951466937,-1.1957616013018098,77,39,0.5064935064935064,50,0,0,1722,0,8,1
643,21.433333333333334,1784217406.5953333,26.426469309991255,1.5587067752239676,8.405009366549493,1.8357473674231959,-2.730949047045271,-1.0991455749581167,84,45,0.5357142857142857,41,0,0,1722,0,8,1
644,21.466666666666665,1784217406.6286666,26.785324735213756,1.1034061644655822,2.134832885505503,1.2573932429247192,-1.2623281437374894,-1.6327476462970734,82,43,0.524390243902439,35,0,0,1722,0,8,1
645,21.5,1784217406.662,30.02299489788777,2.1065337938313036,1.8864973329830974,0.9729055861335707,-0.8018444273200299,-0.36700138961774653,71,45,0.6338028169014085,39,0,0,1722,0,8,1
646,21.533333333333335,1784217406.6953332,30.68655837885876,1.815693209884472,4.587131662048691,0.9836222311725491,-1.8131849280714256,-1.0068435618892049,74,34,0.4594594594594595,31,0,0,1722,0,8,1
647,21.566666666666666,1784217406.7286665,32.66871055473032,2.416167525493975,2.6518845819673516,0.673180967013093,-1.0649653996429667,-0.47850162833132726,83,46,0.5542168674698795,40,0,0,1722,0,8,1
648,21.6,1784217406.7619998,33.39137789785721,3.5179385266403926,-0.0012152359252439737,0.26976029438615545,-0.02718635498688945,-0.9115861436804065,82,38,0.4634146341463415,44,0,0,1722,0,8,1
649,21.633333333333333,1784217406.7953334,28.526192734507685,2.94608905729703,4.7741949863399356,2.861679062537745,-1.334851122452426,-2.25264574362852,89,43,0.48314606741573035,28,0,0,1722,0,8,1
650,21.666666666666668,1784217406.8286667,32.17311058090862,1.9569897696907503,7.161699325520388,2.336563164160487,-2.394277961569382,-1.3498338926227822,82,43,0.524390243902439,25,0,0,1722,0,8,1
651,21.7,1784217406.862,33.74323418424822,3.602189030725384,2.6500552809373517,1.4873032538354334,-0.7717457100420593,-1.5495176762239955,81,44,0.5432098765432098,42,0,0,1722,0,8,1
652,21.733333333333334,1784217406.8953333,39.03030786296398,4.18659478556269,1.980664537428268,-1.3714705595659969e-05,-0.5893808381466578,-0.547450920337606,85,40,0.47058823529411764,33,0,0,1722,0,8,1
653,21.766666666666666,1784217406.9286666,37.86433917178016,1.142545100905778,4.578081487064125,1.6145427491324997,-2.003388609483513,-0.11524791370272067,73,43,0.589041095890411,39,0,0,1722,0,8,1
654,21.8,1784217406.962,38.559337641529375,1.520688750998886,8.738057891383562,0.9668097530551372,-3.478696495374683,-1.8786784734784505,87,39,0.4482758620689655,39,0,0,1722,0,8,1
655,21.833333333333332,1784217406.9953332,35.27514523106095,3.431214765104471,7.046794777635029,3.106258291048941,-1.889929701863048,-1.8471606590959389,79,42,0.5316455696202531,41,0,0,1722,0,8,1
656,21.866666666666667,1784217407.0286665,38.00517647058135,4.722947669444892,1.828279329576489,1.275119993162993,-0.4664650823021326,-2.2975552454730503,90,46,0.5111111111111111,41,0,0,1722,0,8,1
657,21.9,1784217407.062,41.90789959561152,3.2319882514154727,8.36253140983365,0.923065228648705,-2.8645720673162485,-1.6895629049007002,77,40,0.5194805194805194,32,0,0,1722,0,8,1
658,21.933333333333334,1784217407.0953333,37.60377558806114,4.90823574887267,7.11990920641324,3.378030786111844,-1.4933651183148218,-1.9670985329001034,79,47,0.5949367088607594,26,0,0,1722,0,8,1
659,21.966666666666665,1784217407.1286666,48.44029640392792,0.37860753925761514,8.709541712216634,-1.0049838776700306,-4.483600683997392,-1.1448524762654826,74,28,0.3783783783783784,37,0,0,1722,0,8,1
660,22.0,1784217407.162,41.3344730470649,3.713705076736076,3.85154600630716,2.954465939731568,-0.9080723927241969,-0.8922036881434207,67,30,0.44776119402985076,35,0,0,1722,0,8,1
661,22.033333333333335,1784217407.1953332,43.462858139517934,4.788359279952616,1.8932826168488077,1.9945257338374176,-0.2813274959664741,-1.1766170792329815,65,35,0.5384615384615384,27,0,0,1722,0,8,1
662,22.066666666666666,1784217407.2286665,44.46978720457887,4.18255960309925,8.964554960528517,2.620311870409894,-2.4557931880581383,-1.3614038626809646,78,42,0.5384615384615384,40,0,0,1722,0,8,1
663,22.1,1784217407.2619998,42.99399204790682,5.86605983085002,7.076123449322125,3.34518396327928,-1.287583213601606,-1.8962290572737177,65,39,0.6,39,0,0,1722,0,8,1
664,22.133333333333333,1784217407.2953334,48.05053584922868,4.485596044354452,8.57573442387283,2.0270090039630744,-2.355909327919602,-1.2136904243466042,82,36,0.43902439024390244,32,0,0,1722,0,8,1
665,22.166666666666668,1784217407.3286667,44.925249056278645,6.732700173898223,2.184793117915987,2.5462425999073197,0.08776182193749855,-2.2413403304232884,79,39,0.4936708860759494,34,0,0,1722,0,8,1
666,22.2,1784217407.362,51.88525617089361,5.079815651247372,5.296855041301669,1.1372150924852729,-1.4155441603417376,-0.5560796997905592,73,38,0.5205479452054794,42,0,0,1722,0,8,1
667,22.233333333333334,1784217407.3953333,51.77931109938602,6.37427803566375,5.130092778990601,0.8839073041943497,-1.26402066199353,-1.6321001501608265,76,34,0.4473684210526316,39,0,0,1722,0,8,1
668,22.266666666666666,1784217407.4286666,51.10032873073621,6.100112109479724,4.313137735504938,2.0525144756937843,-0.7905713784088036,-1.0577016689238414,71,36,0.5070422535211268,43,0,0,1722,0,8,1
669,22.3,1784217407.462,52.34882780402421,5.826862377889142,7.86994290448348,2.065358573824799,-1.9680077685867632,-1.4985893067566256,74,36,0.4864864864864865,35,0,0,1722,0,8,1
670,22.333333333333332,1784217407.4953332,54.66851268120166,5.273610828652721,6.876842104277813,1.364022733193403,-2.076353036964818,-1.489639210750842,80,36,0.45,28,0,0,1722,0,8,1
671,22.366666666666667,1784217407.5286665,58.987347366528184,4.117325616671707,8.580593150950463,-0.16390896862707918,-3.5097878604981996,-1.5597864818797051,81,37,0.4567901234567901,32,0,0,1722,0,8,1
672,22.4,1784217407.562,56.277990916304546,5.451836341513896,8.018954795369936,1.8222182372803197,-2.299698171444707,-1.2761831400857238,70,35,0.5,38,0,0,1722,0,8,1
673,22.433333333333334,1784217407.5953333,56.32478359162876,8.172272315933043,6.13370438007351,1.5915753965841284,-1.1327168693089842,-2.1896987204671388,72,33,0.4583333333333333,36,0,0,1722,0,8,1
674,22.466666666666665,1784217407.6286666,55.612821525274626,6.691088811312156,8.651817653087733,3.1080373195450273,-1.778328885609073,-1.5516153149847807,84,33,0.39285714285714285,45,0,0,1722,0,8,1
675,22.5,1784217407.662,59.62241855689253,9.338712536430421,1.5140906010528,1.097995296428312,0.6412857068574038,-1.1177573878601657,78,32,0.41025641025641024,32,0,0,1722,0,8,1
676,22.533333333333335,1784217407.6953332,nan,nan,nan,nan,nan,nan,62,19,0.3064516129032258,54,0,0,1722,0,8,0
677,22.566666666666666,1784217407.7286665,55.66880009770816,9.523567032101198,6.740746698895194,4.135550971528046,-0.1439879502700272,-1.9013923808173676,66,34,0.5151515151515151,45,0,0,1722,0,8,1
678,22.6,1784217407.7619998,60.65407703941811,5.454000677751097,8.569683059774604,2.2617269907455566,-2.7066124178796422,-2.0072140747425387,62,21,0.3387096774193548,46,0,0,1722,0,8,1
679,22.633333333333333,1784217407.7953334,nan,nan,nan,nan,nan,nan,60,16,0.26666666666666666,52,0,0,1722,0,8,0
680,22.666666666666668,1784217407.8286667,nan,nan,nan,nan,nan,nan,43,0,0.0,59,0,0,1722,0,8,0
681,22.7,1784217407.862,nan,nan,nan,nan,nan,nan,37,9,0.24324324324324326,53,0,0,1722,0,8,0
682,22.733333333333334,1784217407.8953333,nan,nan,nan,nan,nan,nan,36,10,0.2777777777777778,58,0,0,1722,0,8,0
683,22.766666666666666,1784217407.9286666,nan,nan,nan,nan,nan,nan,37,5,0.13513513513513514,38,0,0,1722,0,8,0
684,22.8,1784217407.962,nan,nan,nan,nan,nan,nan,42,0,0.0,43,0,0,1722,0,8,0
685,22.833333333333332,1784217407.9953332,nan,nan,nan,nan,nan,nan,49,5,0.10204081632653061,31,0,0,1722,0,8,0
686,22.866666666666667,1784217408.0286665,nan,nan,nan,nan,nan,nan,26,0,nan,39,0,0,1722,0,8,0
687,22.9,1784217408.062,nan,nan,nan,nan,nan,nan,41,0,0.0,40,0,0,1722,0,8,0
688,22.933333333333334,1784217408.0953333,nan,nan,nan,nan,nan,nan,45,7,0.15555555555555556,38,0,0,1722,0,8,0
689,22.966666666666665,1784217408.1286666,nan,nan,nan,nan,nan,nan,43,0,0.0,30,0,0,1722,0,8,0
690,23.0,1784217408.162,nan,nan,nan,nan,nan,nan,55,0,0.0,35,0,0,1722,0,8,0
691,23.033333333333335,1784217408.1953332,nan,nan,nan,nan,nan,nan,33,0,0.0,61,0,0,1722,0,8,0
692,23.066666666666666,1784217408.2286665,nan,nan,nan,nan,nan,nan,43,0,0.0,58,0,0,1722,0,8,0
693,23.1,1784217408.2619998,nan,nan,nan,nan,nan,nan,67,0,0.0,41,0,0,1722,0,8,0
694,23.133333333333333,1784217408.2953334,nan,nan,nan,nan,nan,nan,45,0,0.0,45,0,0,1722,0,8,0
695,23.166666666666668,1784217408.3286667,nan,nan,nan,nan,nan,nan,33,5,0.15151515151515152,57,0,0,1722,0,8,0
696,23.2,1784217408.362,nan,nan,nan,nan,nan,nan,41,0,0.0,59,0,0,1722,0,8,0
697,23.233333333333334,1784217408.3953333,nan,nan,nan,nan,nan,nan,57,0,0.0,49,0,0,1722,0,8,0
698,23.266666666666666,1784217408.4286666,nan,nan,nan,nan,nan,nan,61,0,0.0,35,0,0,1722,0,8,0
699,23.3,1784217408.462,nan,nan,nan,nan,nan,nan,57,0,0.0,41,0,0,1722,0,8,0
700,23.333333333333332,1784217408.4953332,nan,nan,nan,nan,nan,nan,46,0,0.0,46,0,0,1722,0,8,0
701,23.366666666666667,1784217408.5286665,nan,nan,nan,nan,nan,nan,43,0,0.0,51,0,0,1722,0,8,0
702,23.4,1784217408.562,nan,nan,nan,nan,nan,nan,51,0,0.0,50,0,0,1722,0,8,0
703,23.433333333333334,1784217408.5953333,nan,nan,nan,nan,nan,nan,56,5,0.08928571428571429,42,0,0,1722,0,8,0
704,23.466666666666665,1784217408.6286666,nan,nan,nan,nan,nan,nan,51,0,0.0,53,0,0,1722,0,8,0
705,23.5,1784217408.662,nan,nan,nan,nan,nan,nan,36,0,0.0,67,0,0,1722,0,8,0
706,23.533333333333335,1784217408.6953332,nan,nan,nan,nan,nan,nan,66,0,0.0,45,0,0,1722,0,8,0
707,23.566666666666666,1784217408.7286665,nan,nan,nan,nan,nan,nan,50,0,0.0,56,0,0,1722,0,8,0
708,23.6,1784217408.7619998,nan,nan,nan,nan,nan,nan,55,0,0.0,59,0,0,1722,0,8,0
709,23.633333333333333,1784217408.7953334,nan,nan,nan,nan,nan,nan,54,0,0.0,73,0,0,1722,0,8,0
710,23.666666666666668,1784217408.8286667,nan,nan,nan,nan,nan,nan,57,0,0.0,60,0,0,1722,0,8,0
711,23.7,1784217408.862,nan,nan,nan,nan,nan,nan,65,0,0.0,49,0,0,1722,0,8,0
712,23.733333333333334,1784217408.8953333,nan,nan,nan,nan,nan,nan,68,0,0.0,68,0,0,1722,0,8,0
713,23.766666666666666,1784217408.9286666,nan,nan,nan,nan,nan,nan,58,0,0.0,52,0,0,1722,0,8,0
714,23.8,1784217408.962,nan,nan,nan,nan,nan,nan,53,0,0.0,59,0,0,1722,0,8,0
715,23.833333333333332,1784217408.9953332,nan,nan,nan,nan,nan,nan,65,0,0.0,47,0,0,1722,0,8,0
716,23.866666666666667,1784217409.0286665,nan,nan,nan,nan,nan,nan,72,0,0.0,58,0,0,1722,0,8,0
717,23.9,1784217409.062,nan,nan,nan,nan,nan,nan,81,0,0.0,61,0,0,1722,0,8,0
718,23.933333333333334,1784217409.0953333,nan,nan,nan,nan,nan,nan,68,5,0.07352941176470588,67,0,0,1722,0,8,0
719,23.966666666666665,1784217409.1286666,nan,nan,nan,nan,nan,nan,78,0,0.0,52,0,0,1722,0,8,0
720,24.0,1784217409.162,nan,nan,nan,nan,nan,nan,54,0,0.0,79,0,0,1722,0,8,0
721,24.033333333333335,1784217409.1953332,nan,nan,nan,nan,nan,nan,77,0,0.0,49,0,0,1722,0,8,0
722,24.066666666666666,1784217409.2286665,nan,nan,nan,nan,nan,nan,74,0,0.0,56,0,0,1722,0,8,0
723,24.1,1784217409.2619998,nan,nan,nan,nan,nan,nan,75,0,0.0,59,0,0,1722,0,8,0
724,24.133333333333333,1784217409.2953334,nan,nan,nan,nan,nan,nan,74,0,0.0,69,0,0,1722,0,8,0
725,24.166666666666668,1784217409.3286667,nan,nan,nan,nan,nan,nan,87,0,0.0,52,0,0,1722,0,8,0
726,24.2,1784217409.362,nan,nan,nan,nan,nan,nan,81,6,0.07407407407407407,92,0,0,1722,0,8,0
727,24.233333333333334,1784217409.3953333,nan,nan,nan,nan,nan,nan,60,0,0.0,93,0,0,1722,0,8,0
728,24.266666666666666,1784217409.4286666,nan,nan,nan,nan,nan,nan,63,0,0.0,82,0,0,1722,0,8,0
729,24.3,1784217409.462,nan,nan,nan,nan,nan,nan,72,0,0.0,73,0,0,1722,0,8,0
730,24.333333333333332,1784217409.4953332,nan,nan,nan,nan,nan,nan,80,0,0.0,69,0,0,1722,0,8,0
731,24.366666666666667,1784217409.5286665,nan,nan,nan,nan,nan,nan,77,6,0.07792207792207792,77,0,0,1722,0,8,0
732,24.4,1784217409.562,nan,nan,nan,nan,nan,nan,85,0,0.0,52,0,0,1722,0,8,0
733,24.433333333333334,1784217409.5953333,nan,nan,nan,nan,nan,nan,78,0,0.0,87,0,0,1722,0,8,0
734,24.466666666666665,1784217409.6286666,nan,nan,nan,nan,nan,nan,66,0,0.0,93,0,0,1722,0,8,0
735,24.5,1784217409.662,nan,nan,nan,nan,nan,nan,88,0,0.0,75,0,0,1722,0,8,0
736,24.533333333333335,1784217409.6953332,nan,nan,nan,nan,nan,nan,84,0,0.0,69,0,0,1722,0,8,0
737,24.566666666666666,1784217409.7286665,nan,nan,nan,nan,nan,nan,67,0,0.0,83,0,0,1722,0,8,0
738,24.6,1784217409.7619998,nan,nan,nan,nan,nan,nan,78,0,0.0,86,0,0,1722,0,8,0
739,24.633333333333333,1784217409.7953334,nan,nan,nan,nan,nan,nan,77,0,0.0,91,0,0,1722,0,8,0
740,24.666666666666668,1784217409.8286667,nan,nan,nan,nan,nan,nan,76,0,0.0,116,0,0,1722,0,8,0
741,24.7,1784217409.862,nan,nan,nan,nan,nan,nan,63,0,0.0,113,0,0,1722,0,8,0
742,24.733333333333334,1784217409.8953333,nan,nan,nan,nan,nan,nan,61,0,0.0,119,0,0,1722,0,8,0
743,24.766666666666666,1784217409.9286666,nan,nan,nan,nan,nan,nan,88,0,0.0,69,0,0,1722,0,8,0
744,24.8,1784217409.962,nan,nan,nan,nan,nan,nan,95,0,0.0,80,0,0,1722,0,8,0
745,24.833333333333332,1784217409.9953332,nan,nan,nan,nan,nan,nan,85,5,0.058823529411764705,77,0,0,1722,0,8,0
746,24.866666666666667,1784217410.0286665,nan,nan,nan,nan,nan,nan,79,0,0.0,79,0,0,1722,0,8,0
747,24.9,1784217410.062,nan,nan,nan,nan,nan,nan,90,0,0.0,84,0,0,1722,0,8,0
748,24.933333333333334,1784217410.0953333,nan,nan,nan,nan,nan,nan,70,0,0.0,96,0,0,1722,0,8,0
749,24.966666666666665,1784217410.1286666,nan,nan,nan,nan,nan,nan,70,0,0.0,112,0,0,1722,0,8,0
750,25.0,1784217410.162,nan,nan,nan,nan,nan,nan,88,5,0.056818181818181816,78,0,0,1722,0,8,0
751,25.033333333333335,1784217410.1953332,nan,nan,nan,nan,nan,nan,94,5,0.05319148936170213,93,0,0,1722,0,8,0
752,25.066666666666666,1784217410.2286665,nan,nan,nan,nan,nan,nan,100,0,0.0,68,0,0,1722,0,8,0
753,25.1,1784217410.2619998,nan,nan,nan,nan,nan,nan,83,0,0.0,111,0,0,1722,0,8,0
754,25.133333333333333,1784217410.2953334,nan,nan,nan,nan,nan,nan,88,0,0.0,102,0,0,1722,0,8,0
755,25.166666666666668,1784217410.3286667,nan,nan,nan,nan,nan,nan,95,0,0.0,98,0,0,1722,0,8,0
756,25.2,1784217410.362,nan,nan,nan,nan,nan,nan,80,0,0.0,151,0,0,1722,0,8,0
757,25.233333333333334,1784217410.3953333,nan,nan,nan,nan,nan,nan,76,0,0.0,129,0,0,1722,0,8,0
758,25.266666666666666,1784217410.4286666,nan,nan,nan,nan,nan,nan,99,0,0.0,103,0,0,1722,0,8,0
759,25.3,1784217410.462,nan,nan,nan,nan,nan,nan,108,10,0.09259259259259259,87,0,0,1722,0,8,0
760,25.333333333333332,1784217410.4953332,nan,nan,nan,nan,nan,nan,107,0,0.0,100,0,0,1722,0,8,0
761,25.366666666666667,1784217410.5286665,nan,nan,nan,nan,nan,nan,105,0,0.0,131,0,0,1722,0,8,0
762,25.4,1784217410.562,nan,nan,nan,nan,nan,nan,135,5,0.037037037037037035,98,0,0,1722,0,8,0
763,25.433333333333334,1784217410.5953333,nan,nan,nan,nan,nan,nan,128,14,0.109375,162,0,0,1722,0,8,0
764,25.466666666666665,1784217410.6286666,nan,nan,nan,nan,nan,nan,136,9,0.0661764705882353,173,0,0,1722,0,8,0
765,25.5,1784217410.662,nan,nan,nan,nan,nan,nan,121,7,0.05785123966942149,185,0,0,1722,0,8,0
766,25.533333333333335,1784217410.6953332,nan,nan,nan,nan,nan,nan,113,6,0.05309734513274336,176,0,0,1722,0,8,0
767,25.566666666666666,1784217410.7286665,nan,nan,nan,nan,nan,nan,106,0,0.0,199,0,0,1722,0,8,0
768,25.6,1784217410.7619998,nan,nan,nan,nan,nan,nan,115,0,0.0,188,0,0,1722,0,8,0
769,25.633333333333333,1784217410.7953334,nan,nan,nan,nan,nan,nan,115,15,0.13043478260869565,190,0,0,1722,0,8,0
770,25.666666666666668,1784217410.8286667,nan,nan,nan,nan,nan,nan,113,18,0.1592920353982301,177,0,0,1722,0,8,0
771,25.7,1784217410.862,nan,nan,nan,nan,nan,nan,123,9,0.07317073170731707,200,0,0,1722,0,8,0
772,25.733333333333334,1784217410.8953333,69.31067176963303,5.758414625126889,10.43522539507417,0.8218385906954829,-3.417315062067237,-0.9660041000936194,125,20,0.16,188,0,0,1722,0,8,1
773,25.766666666666666,1784217410.9286666,58.29317392642791,10.158830880431495,7.950318319536365,5.061481217029009,-0.01925195989025935,-1.3649962182366306,99,25,0.25252525252525254,160,0,0,1722,0,8,1
774,25.8,1784217410.962,61.521779725827486,6.895797562826402,12.131240989624928,3.1932732959406938,-2.8077805527461592,-1.7060012998318668,107,22,0.205607476635514,114,0,0,1722,0,8,1
775,25.833333333333332,1784217410.9953332,65.43333985151563,5.755021760312033,8.85254149722418,0.6367679486840717,-2.9352304070714474,-1.2778657213685012,116,29,0.25,145,0,0,1722,0,8,1
776,25.866666666666667,1784217411.0286665,63.380326507885684,-1.4939827930729592,5.406724951361966,-0.38989298740535483,-5.276694779139433,-2.231136159439286,106,20,0.18867924528301888,126,0,0,1722,0,8,1
777,25.9,1784217411.062,65.3983175116351,5.03340622199903,6.967142023714743,-0.5436617921748722,-3.0025280046546783,-1.247085648593687,99,32,0.32323232323232326,154,0,0,1722,0,8,1
778,25.933333333333334,1784217411.0953333,61.98852638782938,7.979765686184052,7.788010713997664,1.2309251953929643,-1.4730962923846138,-0.7505599151782003,107,45,0.4205607476635514,125,0,0,1722,0,8,1
779,25.966666666666665,1784217411.1286666,57.25139945793791,9.239724226320192,7.776623229577027,2.814516970723985,-0.6872146387343436,-1.134470488276288,114,37,0.32456140350877194,140,0,0,1722,0,8,1
780,26.0,1784217411.162,60.90385652153914,5.320541090281694,9.941444791944377,0.9704790630566031,-2.9609285410127195,-0.5943622851852877,109,46,0.42201834862385323,149,0,0,1722,0,8,1
781,26.033333333333335,1784217411.1953332,62.04748890607853,2.0869296078240183,8.49848228099468,-0.3531277393660602,-4.148578815660344,-0.494900728084569,111,34,0.3063063063063063,120,0,0,1722,0,8,1
782,26.066666666666666,1784217411.2286665,58.34926516768145,3.9051586436857377,9.50021468777561,0.9334295937433941,-3.4708616596236146,-1.0265761524312416,138,56,0.4057971014492754,138,0,0,1722,0,8,1
783,26.1,1784217411.2619998,57.46882984945327,5.61382958684284,9.462358535409592,1.0914883163793763,-2.726666924325874,-0.8643143810067385,143,70,0.48951048951048953,139,0,0,1722,0,8,1
784,26.133333333333333,1784217411.2953334,57.137597626896905,4.562607308617174,10.458713497644979,0.9613815301242712,-3.25676383343031,-0.6601695672771807,156,75,0.4807692307692308,137,0,0,1722,0,8,1
785,26.166666666666668,1784217411.3286667,55.5657871479097,4.236618582301645,9.177165197776134,0.6870266891112288,-3.098614744802768,-0.8062670700583718,141,73,0.5177304964539007,134,3,131,1853,1,9,1
786,26.2,1784217411.362,56.80813029844755,4.089167509915413,9.656120486944786,-0.033161373102616035,-3.345856804993704,-0.6141391588883275,166,73,0.4397590361445783,101,0,0,1853,0,9,1
787,26.233333333333334,1784217411.3953333,53.638534729687436,4.9875355532934265,8.824798769432263,0.8493404070233581,-2.653256677034408,-0.7639608867443438,161,80,0.4968944099378882,83,0,0,1853,0,9,1
788,26.266666666666666,1784217411.4286666,50.039329082564365,6.255690210589265,8.823718012778215,2.030723778000766,-1.8948736929933663,-0.8018680625508743,140,73,0.5214285714285715,98,0,0,1853,0,9,1
789,26.3,1784217411.462,54.58549939691855,3.535776289316132,9.323001086208691,-0.617891532480484,-3.645207149261771,-0.823624975509195,137,54,0.39416058394160586,77,0,0,1853,0,9,1
790,26.333333333333332,1784217411.4953332,49.274615444217915,5.040980721634654,8.724667814304098,1.5864105111962314,-2.2456466811088487,-0.4819474561165223,120,60,0.5,101,5,96,1949,1,10,1
791,26.366666666666667,1784217411.5286665,46.37280155213341,4.545088862631232,9.168258830315423,2.3655721197498703,-2.356723707362167,-0.7383807266433323,135,69,0.5111111111111111,100,3,97,2046,1,11,1
792,26.4,1784217411.562,46.89073364349905,4.349590426923001,9.336581564859571,1.864691708508472,-2.5350715254618774,-0.490471855252034,119,72,0.6050420168067226,84,0,0,2046,0,11,1
793,26.433333333333334,1784217411.5953333,48.59886835664558,2.3850833254212773,9.988846269426105,0.5498489157662978,-3.5725187359688158,-0.21141763765524108,106,48,0.4528301886792453,80,0,0,2046,0,11,1
794,26.466666666666665,1784217411.6286666,44.55407409516877,3.468750055610954,8.519687057184171,1.3462292578277228,-2.7999436558819077,-1.2054057792343167,91,43,0.4725274725274725,67,0,0,2046,0,11,1
795,26.5,1784217411.662,46.0246274861599,2.6661702993149703,9.513976783427779,0.7138358963861483,-3.3136654311802904,-0.3752720685600978,102,57,0.5588235294117647,67,0,0,2046,0,11,1
796,26.533333333333335,1784217411.6953332,41.18798158262135,3.4697883997078662,9.050841731593977,2.3943595003036817,-2.5157891622151958,-0.662120431004163,95,57,0.6,79,0,0,2046,0,11,1
797,26.566666666666666,1784217411.7286665,40.391917106701314,2.9610409156799875,9.579383964341659,2.3538890243194666,-2.8198557755212783,-0.6988639379588422,90,51,0.5666666666666667,90,0,0,2046,0,11,1
798,26.6,1784217411.7619998,39.439632163990595,1.617324115291865,11.103367856136401,2.7523378568459558,-3.539501632803282,-0.3005612240297614,107,48,0.4485981308411215,72,0,0,2046,0,11,1
799,26.633333333333333,1784217411.7953334,41.296671890449474,0.11454463279693528,10.50367504896235,1.330715855621395,-4.115329146065907,0.01238456386212958,100,39,0.39,69,0,0,2046,0,11,1
800,26.666666666666668,1784217411.8286667,36.454925020252375,1.366819421089403,12.154907687314505,3.239202887344542,-3.783567882815089,-0.27430795635952937,88,27,0.3068181818181818,74,0,0,2046,0,11,1
801,26.7,1784217411.862,39.95136508054567,0.46854389736213875,10.322589097823808,0.3728593361715751,-4.200914968535229,-0.8430036539849319,80,43,0.5375,93,0,0,2046,0,11,1
802,26.733333333333334,1784217411.8953333,38.60907871507487,1.7034196204977832,9.109907201033735,0.5099605781852066,-3.3598072081683292,-0.824637999057192,97,54,0.5567010309278351,61,0,0,2046,0,11,1
803,26.766666666666666,1784217411.9286666,36.83465888918431,1.9710814519499706,9.42243333223739,0.978498786908959,-3.263739303814231,-0.8086894396962107,87,54,0.6206896551724138,71,0,0,2046,0,11,1
804,26.8,1784217411.962,36.15650716104629,1.8250727047140458,4.599742936734401,0.7998120009642449,-1.8300653265525013,-0.012306944378534503,83,45,0.5421686746987951,66,0,0,2046,0,11,1
805,26.833333333333332,1784217411.9953332,34.47981684729237,2.0529919101184504,9.082910977857424,1.0696394189514387,-3.002716627781578,-0.6880916360867281,94,54,0.574468085106383,67,0,0,2046,0,11,1
806,26.866666666666667,1784217412.0286665,33.817718345618744,1.607473815221752,8.892181946067453,0.7173347696933833,-3.2359710201200484,-0.9199493909581896,94,54,0.574468085106383,71,0,0,2046,0,11,1
807,26.9,1784217412.062,28.612992619892207,1.7973090488132044,8.71145753790914,2.9292323400130442,-2.618242516079116,-0.7931435658506873,93,52,0.5591397849462365,64,0,0,2046,0,11,1
808,26.933333333333334,1784217412.0953333,29.138551044871313,1.8088636373832827,8.180142819519716,2.0145745956538703,-2.5986030751471576,-0.9143464798188942,88,56,0.6363636363636364,38,0,0,2046,0,11,1
809,26.966666666666665,1784217412.1286666,31.910990660999257,0.19528873873308328,8.938019318934863,0.18575985384235216,-3.677816128617156,-0.7681288084307689,97,52,0.5360824742268041,72,0,0,2046,0,11,1
810,27.0,1784217412.162,29.187962325489277,0.25224252436004235,9.118395370853193,0.9769531972621808,-3.44516186967057,-0.7621239681056222,92,50,0.5434782608695652,62,0,0,2046,0,11,1
811,27.033333333333335,1784217412.1953332,31.270593544483713,-0.2878734917268986,9.647213617981137,-0.4825671503318912,-4.048424030540416,-0.7173971090699997,102,44,0.43137254901960786,60,0,0,2046,0,11,1
812,27.066666666666666,1784217412.2286665,24.154913354178216,0.5957471349799732,6.342594043079615,2.4270285479570957,-2.317705852811241,-0.7719637766893607,87,48,0.5517241379310345,48,0,0,2046,0,11,1
813,27.1,1784217412.2619998,26.672528114612998,0.041313151862055975,8.974739634847637,1.0784714780999165,-3.3615822086823535,-0.18120766917317682,95,52,0.5473684210526316,69,0,0,2046,0,11,1
814,27.133333333333333,1784217412.2953334,22.92590143163904,0.9480689526115782,8.480346173176656,2.0026207424087543,-2.795128603605669,-0.9543613395818735,83,53,0.6385542168674698,46,0,0,2046,0,11,1
815,27.166666666666668,1784217412.3286667,18.605075405729515,0.9958238180755927,7.743358839550368,3.7690476992409425,-2.3276779370756255,-0.8573703229523276,85,53,0.6235294117647059,68,0,0,2046,0,11,1
816,27.2,1784217412.362,22.603652735105957,0.3747986294802246,8.2069826960997,0.8585907664551478,-3.0047867352810105,-1.1037733553628764,87,45,0.5172413793103449,57,0,0,2046,0,11,1
817,27.233333333333334,1784217412.3953333,20.571942086741466,0.2578064169659484,9.150807434670554,1.6685759394600779,-3.168684033433641,-0.843385302492432,99,58,0.5858585858585859,52,0,0,2046,0,11,1
818,27.266666666666666,1784217412.4286666,20.1464951314332,-0.1870145072848146,8.317198418845564,1.249182410764743,-3.1167332931293643,-0.927735189670921,96,56,0.5833333333333334,57,0,0,2046,0,11,1
819,27.3,1784217412.462,21.201469140774176,-1.251025187843723,9.808943061382351,0.38518465500101884,-3.956040743381897,-0.6602004896251724,95,53,0.5578947368421052,57,0,0,2046,0,11,1
820,27.333333333333332,1784217412.4953332,19.453358398168263,-1.3864597600241524,9.303526536008931,1.4489115642686032,-3.672069969084721,0.18102748933880466,80,45,0.5625,59,0,0,2046,0,11,1
821,27.366666666666667,1784217412.5286665,18.56910983553444,-0.13861730722518928,7.9071192969688155,0.5351986865116428,-2.967494313853836,-0.8495352602724059,85,48,0.5647058823529412,59,0,0,2046,0,11,1
822,27.4,1784217412.562,14.681853779136627,0.20111973031916364,7.854405341274287,1.885734840151946,-2.6084667803403954,-0.8612885393156502,94,54,0.574468085106383,60,0,0,2046,0,11,1
823,27.433333333333334,1784217412.5953333,14.057050169450338,-0.8590387520920189,8.547961429856642,1.736432760269458,-3.1517484405980527,-0.9737723238127788,86,47,0.5465116279069767,51,0,0,2046,0,11,1
824,27.466666666666665,1784217412.6286666,12.938159860148414,-0.2504362508898055,8.388664295732795,1.6064165026005688,-2.9003076791090745,-1.2303000371036015,85,44,0.5176470588235295,57,0,0,2046,0,11,1
825,27.5,1784217412.662,14.315717124783541,0.6372615026869255,6.260845328545017,0.33814926963970543,-2.1154271847830435,-0.950179368874747,79,38,0.4810126582278481,42,0,0,2046,0,11,1
826,27.533333333333335,1784217412.6953332,12.4067734895251,-0.7324419467221759,8.954280376674575,0.8558720784248799,-3.2016342943179352,-0.870399548076796,88,37,0.42045454545454547,42,0,0,2046,0,11,1
827,27.566666666666666,1784217412.7286665,11.541816872104846,-0.06882070150022912,6.8632564279565855,0.8734253599523489,-2.3945729153110724,-0.8892577184234962,80,43,0.5375,38,0,0,2046,0,11,1
828,27.6,1784217412.7619998,8.456485845068226,-1.0288793247694201,7.308631074542063,2.003001376365093,-2.677505073714424,-0.7886546799709552,81,46,0.5679012345679012,37,0,0,2046,0,11,1
829,27.633333333333333,1784217412.7953334,10.084095003791635,-0.676202474012527,7.160310791941839,0.4420350882482042,-2.6498566635681216,-1.0634439272719782,74,50,0.6756756756756757,38,0,0,2046,0,11,1
830,27.666666666666668,1784217412.8286667,8.71296162113331,-0.06439780317273858,6.139556003782843,0.7527375272937002,-2.0841346508642147,-0.7568872660937406,75,40,0.5333333333333333,34,0,0,2046,0,11,1
831,27.7,1784217412.862,7.4458580390109255,-0.3325362192290555,2.4941929863137204,1.354387139633584,-1.0996264627641337,-0.12280358260913914,80,40,0.5,40,0,0,2046,0,11,1
832,27.733333333333334,1784217412.8953333,12.57445967416093,-1.8475119273338834,1.6353184633638165,-1.8756963132913809,-1.5637002004613583,0.16338364567545954,81,43,0.5308641975308642,29,0,0,2046,0,11,1
833,27.766666666666666,1784217412.9286666,7.165099652909805,-1.5790471265558779,3.0905432314767722,0.26346266291845577,-1.6645668173324915,-0.2971611790776038,79,47,0.5949367088607594,33,0,0,2046,0,11,1
834,27.8,1784217412.962,4.234070461556552,-2.612334004717951,10.062598586756366,0.7575967590954376,-3.838048142779852,-1.0505770313767104,83,43,0.5180722891566265,33,0,0,2046,0,11,1
835,27.833333333333332,1784217412.9953332,2.43358807762114,-0.6284127547391734,7.4500652887286805,1.4137760209715775,-2.413777361240087,-0.7393105668099881,69,43,0.6231884057971014,39,0,0,2046,0,11,1
836,27.866666666666667,1784217413.0286665,2.83238612946338,-0.5251159358028303,2.562084211889683,0.9142082419825588,-1.0237739703287447,-0.23474655253210452,85,51,0.6,32,0,0,2046,0,11,1
837,27.9,1784217413.062,4.341246642687967,-2.4386220781291996,3.3747944827854894,-0.38744870546195187,-1.9712094043642483,-0.2684122617472917,79,36,0.45569620253164556,40,0,0,2046,0,11,1
838,27.933333333333334,1784217413.0953333,0.8505351727891846,-0.8208177975287612,4.496982418643626,0.8870349584725941,-1.6235928951738128,-0.2618216107335911,83,38,0.4578313253012048,37,0,0,2046,0,11,1
839,27.966666666666665,1784217413.1286666,2.520368205216503,-0.2159447831654404,2.0062840577651855,-0.24428379899387717,-0.725767774496245,0.14736222637879381,97,46,0.4742268041237113,42,0,0,2046,0,11,1
840,28.0,1784217413.162,1.0973067608541207,-1.1783913209383599,3.84977091767783,-0.18826993404364245,-1.5159470821716774,-0.5423607650300233,100,54,0.54,45,0,0,2046,0,11,1
841,28.033333333333335,1784217413.1953332,0.0988534146983131,-2.2153614909092454,9.517909393731657,-0.2950436120480519,-3.328374914146889,-0.9707636064599151,89,37,0.4157303370786517,36,0,0,2046,0,11,1
842,28.066666666666666,1784217413.2286665,-0.7767061318592994,-0.22661507947331927,0.036074906628101644,0.5327027608762838,-0.06403482591984262,-0.15124543668572402,108,68,0.6296296296296297,64,0,0,2046,0,11,1
843,28.1,1784217413.2619998,0.6408335122372524,-1.7038448797777193,2.7419254041733296,-0.19482629514182984,-1.385032544513419,-0.07557074577765163,107,48,0.4485981308411215,48,0,0,2046,0,11,1
844,28.133333333333333,1784217413.2953334,1.4839362038681934,-1.1378977637582892,2.2230313157748185,-0.7965505112710974,-1.0612097801797784,-0.3523250073456877,98,50,0.5102040816326531,51,0,0,2046,0,11,1
845,28.166666666666668,1784217413.3286667,-1.578977933546513,-2.9817005472607008,8.38477287733275,0.4363904349726491,-3.286421766209701,-0.6337669635870995,108,54,0.5,44,0,0,2046,0,11,1
846,28.2,1784217413.362,-1.2828547572218625,-0.5222934605382932,0.966669575894116,0.6370602054358242,-0.4339468963994693,-0.16358994560604678,111,68,0.6126126126126126,56,0,0,2046,0,11,1
847,28.233333333333334,1784217413.3953333,0.565471370121708,-1.2917428120614005,2.9818684850061175,-0.45260296011092205,-1.2988033960151586,-0.36231435551964264,105,49,0.4666666666666667,56,0,0,2046,0,11,1
848,28.266666666666666,1784217413.4286666,-1.1742638365060536,-0.7232662330482071,0.15381817634472839,0.8517068016394626,-0.2918610684237051,0.04337176801930042,109,55,0.5045871559633027,32,0,0,2046,0,11,1
849,28.3,1784217413.462,1.6745228539370114,-0.813386695820256,1.3317748232999094,-0.8966611820664174,-0.723066554420964,0.04080471630365809,103,55,0.5339805825242718,44,0,0,2046,0,11,1
850,28.333333333333332,1784217413.4953332,-0.4683076256472454,-0.5942634032542884,1.080068038197524,0.255167083687212,-0.5090541984770125,-0.08043505482700972,104,52,0.5,55,0,0,2046,0,11,1
851,28.366666666666667,1784217413.5286665,-2.8892153818249007,-1.7781799958325166,7.143001285493526,0.9564891010739374,-2.5379499287924245,-0.8334603791346912,109,49,0.44954128440366975,60,0,0,2046,0,11,1
852,28.4,1784217413.562,-1.2007074317502102,-0.8542186070273772,0.745204750030183,0.4470795360126085,-0.4705686208660318,-0.37306332543038256,104,56,0.5384615384615384,41,0,0,2046,0,11,1
853,28.433333333333334,1784217413.5953333,-2.000891515445172,-1.7213044664022021,5.400859171555595,0.5162151680272276,-2.0545135050463412,-0.7641314214024783,113,55,0.48672566371681414,53,0,0,2046,0,11,1
854,28.466666666666665,1784217413.6286666,4.973653809641675,-3.275200316999033,3.605114090079539,-2.7297317513895814,-2.3264101149234766,-0.23405926848810518,106,59,0.5566037735849056,52,0,0,2046,0,11,1
855,28.5,1784217413.662,0.3278615925173476,-0.5148623702263535,0.7551546637157855,-0.10442670609026605,-0.41968463958192315,-0.008295147587310286,110,63,0.5727272727272728,45,0,0,2046,0,11,1
856,28.533333333333335,1784217413.6953332,-1.2362911521695938,-0.3802008838218711,0.37703897664526664,0.5264509484982792,-0.21214228406861674,-0.24930380027424007,110,59,0.5363636363636364,54,0,0,2046,0,11,1
857,28.566666666666666,1784217413.7286665,1.0630779837011257,-0.7289176306066878,1.5494321515569425,-0.43615208685150264,-0.7360718396456257,0.08994579121803567,108,56,0.5185185185185185,45,0,0,2046,0,11,1
858,28.6,1784217413.7619998,-0.9635296161126501,-1.2070728876780947,1.4414194320501252,0.7428564587504828,-0.8415116994700728,0.11586155082002177,107,60,0.5607476635514018,35,0,0,2046,0,11,1
859,28.633333333333333,1784217413.7953334,-1.5043478194428328,-1.6804463485841694,6.179505607921868,0.42025155647497836,-2.2754700607475,-0.4891326852542968,107,60,0.5607476635514018,47,0,0,2046,0,11,1
860,28.666666666666668,1784217413.8286667,-0.7327310367710176,-0.5137846642304709,0.4947794046909735,0.3933414095795522,-0.3190040257438152,-0.16103619710742786,110,50,0.45454545454545453,44,0,0,2046,0,11,1
861,28.7,1784217413.862,-0.038053201346990306,-0.6373497318488432,1.1391220950437742,0.005299395776178496,-0.5430301202601321,-0.12705958826849492,105,63,0.6,52,0,0,2046,0,11,1
862,28.733333333333334,1784217413.8953333,-1.1309160258275046,-0.19058872577396357,0.4625530029081233,0.7053249872328042,-0.2227387039331973,0.05275069591842864,105,59,0.5619047619047619,54,0,0,2046,0,11,1
863,28.766666666666666,1784217413.9286666,-0.8895774328345762,-0.3907140865798624,-0.13269171840931904,0.20800341962412341,-0.05983379931848922,-0.49530693226409084,106,53,0.5,65,0,0,2046,0,11,1
864,28.8,1784217413.962,0.37178989225537684,-1.4238434649388552,1.1218236052717856,-0.218217979941589,-0.833413017071865,-0.1557271272137778,113,57,0.504424778761062,47,0,0,2046,0,11,1
865,28.833333333333332,1784217413.9953332,-1.045817973487507,-0.5879808344758004,0.24277431331755395,0.6574090718379803,-0.29009152848812675,-0.04121715144282469,106,54,0.5094339622641509,58,0,0,2046,0,11,1
866,28.866666666666667,1784217414.0286665,1.5063791710788497,0.3260521091741282,-0.02327512635616813,-0.7265667860005987,0.09606059193890916,0.1854657215990044,114,73,0.6403508771929824,51,0,0,2046,0,11,1
867,28.9,1784217414.062,-0.04566415260540424,-0.8738736936859937,1.3373480521660355,0.15692253040155868,-0.6823218462582759,-0.003835924854149277,103,54,0.5242718446601942,56,0,0,2046,0,11,1
868,28.933333333333334,1784217414.0953333,-0.7117540391747941,-0.8153264123372992,1.1407894023074476,0.318681872772037,-0.5823029572017809,-0.21083098275383622,104,56,0.5384615384615384,55,0,0,2046,0,11,1
869,28.966666666666665,1784217414.1286666,-1.1915366373861929,-0.6760372750414234,0.5747042962798048,0.5305619219373943,-0.37415180716978386,-0.30781065117350587,104,63,0.6057692307692307,69,0,0,2046,0,11,1
870,29.0,1784217414.162,-0.27229450012649004,-1.4417221671912301,2.4760118259132042,0.07521251239186338,-1.1766284941419447,-0.2577507344462562,101,56,0.5544554455445545,52,0,0,2046,0,11,1
871,29.033333333333335,1784217414.1953332,2.2770105610311955,-1.998862616261576,2.3045896203901464,-1.277575311047507,-1.4124160856495893,-0.24493793736321923,102,60,0.5882352941176471,57,0,0,2046,0,11,1
872,29.066666666666666,1784217414.2286665,0.41484159859471426,-1.078507779502317,2.410895973559704,-0.3653901474132098,-1.051903808760481,-0.2638025868339474,114,56,0.49122807017543857,55,0,0,2046,0,11,1
873,29.1,1784217414.2619998,-1.150633052306837,-0.3112509118102196,0.14720053484600726,0.7975669673184742,-0.16971924152481938,0.08617375615116231,105,55,0.5238095238095238,37,0,0,2046,0,11,1
874,29.133333333333333,1784217414.2953334,1.1014028873811252,-1.1266049040814607,2.494649511131115,-0.584605586978483,-1.1143204950796228,-0.1283376628917515,103,47,0.4563106796116505,47,0,0,2046,0,11,1
875,29.166666666666668,1784217414.3286667,-1.1075782078960472,0.3889169585342387,-0.9938014439632354,0.7076295450126613,0.4363664654754552,0.039944802463440454,104,57,0.5480769230769231,52,0,0,2046,0,11,1
876,29.2,1784217414.362,-0.3526108302437354,-0.2599864718464744,0.02331210619645674,0.3008439718255225,-0.11561678471162752,0.02702620081243092,106,58,0.5471698113207547,57,0,0,2046,0,11,1
877,29.233333333333334,1784217414.3953333,-0.8745155037820531,-0.9226099066023892,1.7046558948477042,0.41745503550981755,-0.8034372686028082,-0.18985453435454658,107,58,0.5420560747663551,44,0,0,2046,0,11,1
878,29.266666666666666,1784217414.4286666,1.0520132924347578,-1.7673257174721613,3.2527379427718444,-0.7358379691720017,-1.5245749051342883,-0.323897225293929,105,62,0.5904761904761905,45,0,0,2046,0,11,1
879,29.3,1784217414.462,-1.5160620582557538,-0.49908711362775193,0.7682279707378399,0.8451816859837852,-0.3824546189082426,-0.07553740743694569,102,51,0.5,42,0,0,2046,0,11,1
880,29.333333333333332,1784217414.4953332,-0.6827831745189279,-0.7947988689635963,0.7673758256056828,0.49446392446898146,-0.5011173908824698,-0.025418693805330534,109,46,0.42201834862385323,59,0,0,2046,0,11,1
881,29.366666666666667,1784217414.5286665,0.38941849260406336,-0.3538749476397669,0.4903523944103938,-0.2979556797358821,-0.2763477333376851,-0.18705594534395786,106,61,0.5754716981132075,42,0,0,2046,0,11,1
882,29.4,1784217414.562,0.6582649898441808,0.45249248086291516,-0.3182159720392832,-0.36998638669962397,0.23382790980744098,0.004351211466812571,115,54,0.46956521739130436,53,0,0,2046,0,11,1
883,29.433333333333334,1784217414.5953333,0.24216095558841566,-0.4062248461877118,0.8765887060990281,-0.26313156442236674,-0.3728602732637428,-0.24823378685126862,106,66,0.6226415094339622,52,0,0,2046,0,11,1
884,29.466666666666665,1784217414.6286666,0.30380544107334373,-2.8718614131251172,2.864748579709797,-0.21670504813615657,-1.8815049001510091,-0.33334083652472274,107,42,0.3925233644859813,53,0,0,2046,0,11,1
885,29.5,1784217414.662,1.8871723698268141,-0.5153498485639858,0.9870533177281402,-0.875068062018864,-0.49625973732095546,0.1740174644864273,115,63,0.5478260869565217,50,0,0,2046,0,11,1
886,29.533333333333335,1784217414.6953332,0.46805012539108404,-0.930462087348161,1.2936279398215333,-0.25444529330413307,-0.70788402939583,-0.12136830119307626,113,52,0.46017699115044247,67,0,0,2046,0,11,1
887,29.566666666666666,1784217414.7286665,-1.8367900473103518,-0.5361218805300467,1.7653025515507181,0.7944891124994395,-0.6650237163476912,-0.34979635833119177,112,65,0.5803571428571429,63,0,0,2046,0,11,1
888,29.6,1784217414.7619998,0.313753357587208,-0.016800466133574332,0.22205783967766024,-0.12535341676297818,-0.08695166974204448,-0.02254584108893115,113,64,0.5663716814159292,48,0,0,2046,0,11,1
889,29.633333333333333,1784217414.7953334,-1.9832970385909512,-1.3408577381973004,0.3048936659751007,0.8588250274754836,-0.4954657227849202,-0.5193814357260388,108,52,0.48148148148148145,39,0,0,2046,0,11,1
890,29.666666666666668,1784217414.8286667,-1.856198112046627,-1.053711833664451,1.6601911878309181,1.0189177241576475,-0.840029445859136,-0.14117537587448004,107,56,0.5233644859813084,54,0,0,2046,0,11,1
891,29.7,1784217414.862,-2.3278953421405397,-0.7696940085123742,3.5812995715296267,0.9454082977879255,-1.2495274937883518,-0.47083432776016165,107,54,0.5046728971962616,59,0,0,2046,0,11,1
892,29.733333333333334,1784217414.8953333,0.509091698950547,-1.516753013642841,2.049250370048483,-0.5673426505542173,-1.0820488851678358,-0.48161993586674595,108,55,0.5092592592592593,72,0,0,2046,0,11,1
893,29.766666666666666,1784217414.9286666,0.7220416439262607,-0.3090949351616814,1.1345636169322972,-0.528240506091787,-0.42824725708557165,-0.20909041835339395,110,62,0.5636363636363636,58,0,0,2046,0,11,1
894,29.8,1784217414.962,-1.8486835759943716,-1.079217300267544,0.23829555209240993,1.0749408795007878,-0.41622476536519754,-0.12484039264444192,102,48,0.47058823529411764,50,0,0,2046,0,11,1
895,29.833333333333332,1784217414.9953332,-0.7143028535215912,-0.22174797807132052,0.5171679889772918,0.3845341932154852,-0.2309225946224125,-0.04368367828314472,114,67,0.5877192982456141,57,0,0,2046,0,11,1
896,29.866666666666667,1784217415.0286665,1.1861622987966776,-0.38672837973196295,1.192550667924536,-0.5751605258985579,-0.5186348518986572,0.052366684295586906,108,45,0.4166666666666667,64,0,0,2046,0,11,1
897,29.9,1784217415.062,0.4992707788507964,-1.1806804223424905,1.4387183329486817,-0.3556330992175569,-0.8170910771240731,-0.1911620787647243,103,59,0.5728155339805825,60,0,0,2046,0,11,1
898,29.933333333333334,1784217415.0953333,0.4838411499151434,-0.3400470602431511,0.5269775338657468,-0.3309079663574811,-0.26661388370748773,-0.13911532814857253,109,54,0.4954128440366973,58,0,0,2046,0,11,1
899,29.966666666666665,1784217415.1286666,-0.00594464503259573,-1.0680417967213884,1.0032076347783487,-0.1675647713877353,-0.6542800456063556,-0.36982570585873115,108,63,0.5833333333333334,66,0,0,2046,0,11,1
900,30.0,1784217415.162,-0.7834469416751748,-1.7134641481725055,3.576821137241808,0.3296555414799281,-1.6148565352491653,-0.28664492260824187,106,54,0.5094339622641509,62,0,0,2046,0,11,1
901,30.033333333333335,1784217415.1953332,-1.4752304269852186,-1.9163470918321792,1.6440706703837549,0.8566206977257085,-1.079211407023324,-0.1588995481886642,102,41,0.4019607843137255,59,0,0,2046,0,11,1
902,30.066666666666666,1784217415.2286665,-1.3096161835355158,-1.4936877292822857,1.6968609266426853,0.7262105184083506,-1.0087796920782865,-0.16294692842963748,118,62,0.5254237288135594,57,0,0,2046,0,11,1
903,30.1,1784217415.2619998,-1.013809199646733,-0.8890012335334347,0.13477785771475226,0.7463379758177561,-0.36386646897853536,0.07965386304955836,106,50,0.4716981132075472,49,0,0,2046,0,11,1
904,30.133333333333333,1784217415.2953334,0.5675635622154527,-0.9343541102754074,2.4270141937665954,-0.4539793901812765,-1.0383795468796237,-0.21302568561324267,110,57,0.5181818181818182,51,0,0,2046,0,11,1
905,30.166666666666668,1784217415.3286667,0.9071763954936927,-0.2906681564629565,0.7283908207362657,-0.457576393681152,-0.35528823978190005,-0.007786688238681066,103,57,0.5533980582524272,41,0,0,2046,0,11,1
906,30.2,1784217415.362,-2.9207985457556553,-1.620655819019774,2.841308297594807,1.0556825553792484,-1.2734554696064508,-0.809767567045227,102,50,0.49019607843137253,27,0,0,2046,0,11,1
907,30.233333333333334,1784217415.3953333,-1.485739632998559,-0.9555191113542492,0.672050683486006,0.6498352877496484,-0.48978328223666134,-0.3423961546717192,102,58,0.5686274509803921,32,0,0,2046,0,11,1
908,30.266666666666666,1784217415.4286666,0.15431350866909987,0.10041746827316445,2.185685638365129,-0.19604238564373702,-0.5969717746978646,-0.18591276761995976,99,51,0.5151515151515151,33,0,0,2046,0,11,1
909,30.3,1784217415.462,-2.0080735944205266,-1.563479361648234,1.5381390872149865,1.2674000311888227,-0.9353932068943769,-0.2726611881688107,87,46,0.5287356321839081,27,0,0,2046,0,11,1
910,30.333333333333332,1784217415.4953332,0.011296662559825421,-1.9529154851763337,2.494852577919332,0.3618455079917348,-1.3555425807277701,-0.357188985233464,83,42,0.5060240963855421,31,0,0,2046,0,11,1
911,30.366666666666667,1784217415.5286665,0.2877825205583875,0.14680663263432336,1.5653517441673017,0.4581245429840756,-0.4282754397704331,-0.3935324601793789,89,53,0.5955056179775281,36,0,0,2046,0,11,1
912,30.4,1784217415.562,1.7411995615249243,-0.3989567339006186,1.6604094991851497,0.1235658157884338,-0.6680721726859584,-0.3588261710083574,76,46,0.6052631578947368,33,0,0,2046,0,11,1
913,30.433333333333334,1784217415.5953333,4.195839528737981,-2.5513072597435666,4.377639316545412,-0.4209683319401711,-2.237009633839161,-0.2723618794192726,74,50,0.6756756756756757,30,0,0,2046,0,11,1
914,30.466666666666665,1784217415.6286666,2.9629078552295915,-3.396099676721363,6.927474742543453,0.8569673512286021,-3.173422829046361,-0.3017206515448565,78,39,0.5,23,0,0,2046,0,11,1
915,30.5,1784217415.662,7.1942679731945836,0.8881537551382195,-0.7879008568288697,-0.8725635073064201,0.3201733848032274,0.28664659805695425,73,31,0.4246575342465753,31,0,0,2046,0,11,1
916,30.533333333333335,1784217415.6953332,7.545707912458365,1.3657257153572289,-1.3815873889247428,-0.3052018669615457,0.6142235689104659,0.45190453077886544,69,26,0.37681159420289856,29,0,0,2046,0,11,1
917,30.566666666666666,1784217415.7286665,6.422106610445501,0.4361452950246303,-0.35262414264137476,0.5942669464273289,0.0022265748732594585,-0.09410598066996852,75,49,0.6533333333333333,24,0,0,2046,0,11,1
918,30.6,1784217415.7619998,7.514115726105812,0.2581124347255894,0.6329016245742736,0.3711335752473444,-0.33266242442738575,-0.2922386499862611,80,50,0.625,20,0,0,2046,0,11,1
919,30.633333333333333,1784217415.7953334,8.579046868922124,1.4118541822136876,-0.22275534274726283,0.44554735754365665,0.24960452656322757,-0.018247459267023893,80,48,0.6,21,0,0,2046,0,11,1
920,30.666666666666668,1784217415.8286667,11.07696132443277,0.7074254408284162,1.5798663467683554,-0.14467113963883482,-0.6207158657333611,0.15568425162781105,72,38,0.5277777777777778,18,0,0,2046,0,11,1
921,30.7,1784217415.862,7.140000798027783,2.299149813406572,-0.03878290730692413,1.3724305485283919,0.568172407634545,-1.347069657441628,71,36,0.5070422535211268,32,0,0,2046,0,11,1
922,30.733333333333334,1784217415.8953333,9.41728150922867,0.9415316636314088,0.9519130783018568,1.0343746934524607,-0.2846911443729158,-0.8520649825458477,74,43,0.581081081081081,37,0,0,2046,0,11,1
923,30.766666666666666,1784217415.9286666,10.453192703096654,1.5408249841911044,-0.7848676171245188,1.545432964136087,0.4063819553433398,-0.1911741954829767,74,35,0.47297297297297297,23,0,0,2046,0,11,1
924,30.8,1784217415.962,11.352053744419287,0.8211482048371579,2.8314824478163843,1.5878009016530026,-0.9355295116464278,-0.34746896503785857,75,42,0.56,17,0,0,2046,0,11,1
925,30.833333333333332,1784217415.9953332,13.655201728026855,1.0059929796342857,2.327659592404075,0.6202497513157039,-0.8625226519307305,-0.6928072700704141,73,29,0.3972602739726027,32,0,0,2046,0,11,1
926,30.866666666666667,1784217416.0286665,13.495814908857138,0.985637481119511,-0.003114585048294316,0.9462073740692654,-0.14673517462575336,-0.9567188023426058,64,36,0.5625,32,0,0,2046,0,11,1
927,30.9,1784217416.062,8.054458516881041,6.196816442477839,-0.3712425221101796,3.937221538947955,1.9763727214199744,-1.5080514588866998,75,31,0.41333333333333333,33,0,0,2046,0,11,1
928,30.933333333333334,1784217416.0953333,14.107152388471073,2.2185324010791163,2.936312503497277,1.7781311141145046,-0.5933075672590508,-1.1785185777106824,80,45,0.5625,27,0,0,2046,0,11,1
929,30.966666666666665,1784217416.1286666,19.848890179370997,0.688367328835497,1.0956908585231986,-0.4270939824391442,-0.8506711877209732,-0.47155341424204655,72,27,0.375,23,0,0,2046,0,11,1
930,31.0,1784217416.162,16.56189973358087,2.351871632295328,4.659382660453559,1.660157748017152,-1.0860222318675294,-0.9234225215635927,79,41,0.5189873417721519,21,0,0,2046,0,11,1
931,31.033333333333335,1784217416.1953332,15.950568860155308,1.7886137546802274,3.1021485350904783,2.187518446213467,-0.8258087313552299,-1.4179858480694327,74,41,0.5540540540540541,28,0,0,2046,0,11,1
932,31.066666666666666,1784217416.2286665,15.260955018622479,2.7866114237660895,5.04278457574982,2.856011476986282,-1.0140099575424493,-1.8163484292932357,86,40,0.46511627906976744,31,0,0,2046,0,11,1
933,31.1,1784217416.2619998,22.76037414333898,3.0100902695614877,0.7230104709374814,0.4083566275097415,0.03936385812725092,-0.10873018990805905,74,44,0.5945945945945946,26,0,0,2046,0,11,1
934,31.133333333333333,1784217416.2953334,21.554512780743636,3.1671319538987603,-0.20922156697554328,0.9164845113469572,0.382176018265015,-0.9736540150139531,62,47,0.7580645161290323,28,0,0,2046,0,11,1
935,31.166666666666668,1784217416.3286667,19.36935785975852,3.303746940241865,4.095206173458024,2.780811100116445,-0.6673937236990292,-1.3040653176961792,75,41,0.5466666666666666,27,0,0,2046,0,11,1
936,31.2,1784217416.362,20.502240816588472,1.946479796410614,7.207451318859654,2.341865460338396,-2.092037876943286,-1.957623073192829,79,49,0.620253164556962,27,0,0,2046,0,11,1
937,31.233333333333334,1784217416.3953333,24.99424864817017,-0.7689046689975356,3.8294928480057706,1.7089462665829538,-2.0578556002412802,0.05633610037192685,72,26,0.3611111111111111,44,0,0,2046,0,11,1
938,31.266666666666666,1784217416.4286666,27.43035765671709,2.3209216924165617,0.9358471544289984,0.22608998486783163,-0.5210072270694476,-0.6568062285900186,68,35,0.5147058823529411,31,0,0,2046,0,11,1
939,31.3,1784217416.462,28.39462938497662,1.2875675955484809,2.693794086782276,0.8039431175749497,-1.2314649277068228,-0.21752989340388695,65,40,0.6153846153846154,27,0,0,2046,0,11,1
940,31.333333333333332,1784217416.4953332,25.784113871464978,3.833338144517583,-0.09476848098080382,1.9018912239378027,0.45406929816118036,-1.0463283524441955,72,37,0.5138888888888888,33,0,0,2046,0,11,1
941,31.366666666666667,1784217416.5286665,28.685167291715036,5.092471870429506,-2.0471933180900805,0.8938333582802251,1.3543930108045188,-0.7794689928587423,75,43,0.5733333333333334,28,0,0,2046,0,11,1
942,31.4,1784217416.562,30.90025404209464,2.876851990430282,-0.5117535579466335,0.4884222582615347,0.04410119581954301,-0.6132480986124933,72,35,0.4861111111111111,43,0,0,2046,0,11,1
943,31.433333333333334,1784217416.5953333,20.488954069944022,3.3095559896423765,5.418204089293198,5.904854852951428,-0.7784487205470785,-2.351809451621258,78,32,0.41025641025641024,37,0,0,2046,0,11,1
944,31.466666666666665,1784217416.6286666,31.88403334330722,2.4647525217677924,6.030844497310824,1.3410469222137174,-1.955861100958961,-1.0156877093860541,78,48,0.6153846153846154,38,0,0,2046,0,11,1
945,31.5,1784217416.662,29.18130970881434,1.6268982709790691,2.1655507966209484,2.55455738797175,-1.055323958026761,-1.6840901233434589,81,29,0.35802469135802467,37,0,0,2046,0,11,1
946,31.533333333333335,1784217416.6953332,32.73777232593834,2.5476691373912956,2.9022348651786842,1.4638899445279852,-1.102967041223586,-1.3409767127054444,87,45,0.5172413793103449,41,0,0,2046,0,11,1
947,31.566666666666666,1784217416.7286665,36.15604967564816,2.5355342820044626,1.8850046126625557,0.4954714525574222,-0.9743088016074245,-0.8276677144780971,75,42,0.56,39,0,0,2046,0,11,1
948,31.6,1784217416.7619998,35.67236749688122,3.325307956171102,7.801654853024573,1.4801259992807352,-2.2613392216824235,-1.2495426522491895,80,40,0.5,40,0,0,2046,0,11,1
949,31.633333333333333,1784217416.7953334,33.915828452557264,3.2259302912562333,7.6646967852024375,2.8894398960625893,-2.086085856536734,-1.3357761906969412,74,39,0.527027027027027,41,0,0,2046,0,11,1
950,31.666666666666668,1784217416.8286667,37.24990187066766,3.7421818051486184,3.3081208619359472,1.6080956110320557,-0.9161422661273082,-0.9604352193645515,70,43,0.6142857142857143,38,0,0,2046,0,11,1
951,31.7,1784217416.862,38.67269936307174,3.8553686202337047,7.7124226788254475,1.8686077266291605,-2.0539437246643906,-0.8102465530918791,79,44,0.5569620253164557,44,0,0,2046,0,11,1
952,31.733333333333334,1784217416.8953333,38.68063454655761,4.040751477932005,4.520638966904087,1.6638598228031318,-1.3062034324562735,-1.454652560497398,83,42,0.5060240963855421,36,0,0,2046,0,11,1
953,31.766666666666666,1784217416.9286666,38.98371810629064,3.984361569654908,9.39997438825047,2.8180243910699825,-2.4116856173451664,-1.054123350170681,73,31,0.4246575342465753,34,0,0,2046,0,11,1
954,31.8,1784217416.962,37.275965040711895,4.13514837667006,7.639307037577709,3.7464345079713706,-1.6863178992741918,-1.5138707759112866,76,44,0.5789473684210527,36,0,0,2046,0,11,1
955,31.833333333333332,1784217416.9953332,45.77342151502302,0.8798242212227052,10.020828763908114,0.3927766159377299,-4.260608617796897,-1.1063109240277653,69,29,0.42028985507246375,48,0,0,2046,0,11,1
956,31.866666666666667,1784217417.0286665,44.13058386835654,2.9906995570305526,9.288990959187302,1.5826940098190818,-3.0584086952409244,-1.225079839550655,73,32,0.4383561643835616,26,0,0,2046,0,11,1
957,31.9,1784217417.062,44.715497407157045,4.234282065276446,7.930570703964435,1.5718876971475881,-2.369786684563594,-1.3692027215758462,70,40,0.5714285714285714,37,0,0,2046,0,11,1
958,31.933333333333334,1784217417.0953333,40.83926111687401,6.4263060254386914,7.260258943886072,3.4396884489999286,-1.1280705060157112,-2.2589794527169516,68,45,0.6617647058823529,43,0,0,2046,0,11,1
959,31.966666666666665,1784217417.1286666,46.70742959877758,5.998229338970049,4.099445074047907,1.491774455919876,-0.667443714024374,-1.1023568005559419,64,36,0.5625,42,0,0,2046,0,11,1
960,32.0,1784217417.162,44.683615050834874,6.746305941433775,3.5008673721323618,2.7598112823449568,-0.08468081808361333,-1.4097192974229282,57,36,0.631578947368421,44,0,0,2046,0,11,1
961,32.03333333333333,1784217417.1953332,48.550174217610504,5.698003284301635,6.512620585489088,1.8018594479719077,-1.5294379859293006,-1.3025935140516414,56,33,0.5892857142857143,50,0,0,2046,0,11,1
962,32.06666666666667,1784217417.2286665,48.532159584332604,6.15945585699194,8.013100683899324,2.512214555784249,-1.61749010239722,-1.2271254883535874,62,39,0.6290322580645161,43,0,0,2046,0,11,1
963,32.1,1784217417.2619998,49.06121339461012,7.597356023412885,4.0593484627137855,1.9916294859215282,-0.27245270225129287,-1.6808567348603574,63,39,0.6190476190476191,47,0,0,2046,0,11,1
964,32.13333333333333,1784217417.2953334,52.2345902589426,6.53320440721096,3.4649985231277185,0.7478921552638289,-0.8276291975350283,-1.6932518296935821,62,24,0.3870967741935484,44,0,0,2046,0,11,1
965,32.166666666666664,1784217417.3286667,51.40126297962105,7.293443454805043,-0.715516334041709,1.5798088859657924,1.061287504590723,-1.0842679492126512,62,33,0.532258064516129,44,0,0,2046,0,11,1
966,32.2,1784217417.362,52.68230634533295,7.747609280897279,3.9565217872535925,1.8218501880555988,-0.30253772930322426,-1.5057340857888184,56,35,0.625,40,0,0,2046,0,11,1
967,32.233333333333334,1784217417.3953333,52.549200854652966,8.51906733078144,6.4409236696753,2.9570523176058847,-0.4240764316527666,-1.2505620247603708,57,31,0.543859649122807,44,0,0,2046,0,11,1
968,32.266666666666666,1784217417.4286666,53.18627190236674,6.469229846038374,7.992657336071176,3.0068287890924212,-1.6243260585768935,-1.581837267974718,61,32,0.5245901639344263,33,0,0,2046,0,11,1
969,32.3,1784217417.462,52.94429123581958,8.387726108128788,5.669185906116212,3.406868987565676,-0.22560780326107616,-1.5864739898454625,58,31,0.5344827586206896,27,0,0,2046,0,11,1
970,32.333333333333336,1784217417.4953332,53.38986894835476,6.988068959490192,5.600541933210138,3.2792030708798827,-0.9269869995183498,-2.1496893482550044,47,20,0.425531914893617,38,0,0,2046,0,11,1
971,32.36666666666667,1784217417.5286665,56.79273342303671,10.807879089071264,12.29180429790982,3.56884790122056,-1.3137307262252977,-1.531723407785917,42,21,0.5,48,0,0,2046,0,11,1
972,32.4,1784217417.562,nan,nan,nan,nan,nan,nan,40,18,0.45,34,0,0,2046,0,11,0
973,32.43333333333333,1784217417.5953333,nan,nan,nan,nan,nan,nan,37,15,0.40540540540540543,36,0,0,2046,0,11,0
974,32.46666666666667,1784217417.6286666,nan,nan,nan,nan,nan,nan,34,11,0.3235294117647059,46,0,0,2046,0,11,0
975,32.5,1784217417.662,nan,nan,nan,nan,nan,nan,36,7,0.19444444444444445,38,0,0,2046,0,11,0
976,32.53333333333333,1784217417.6953332,nan,nan,nan,nan,nan,nan,38,7,0.18421052631578946,50,0,0,2046,0,11,0
977,32.56666666666667,1784217417.7286665,nan,nan,nan,nan,nan,nan,40,6,0.15,35,0,0,2046,0,11,0
978,32.6,1784217417.7619998,nan,nan,nan,nan,nan,nan,37,11,0.2972972972972973,45,0,0,2046,0,11,0
979,32.63333333333333,1784217417.7953334,nan,nan,nan,nan,nan,nan,30,6,0.2,41,0,0,2046,0,11,0
980,32.666666666666664,1784217417.8286667,nan,nan,nan,nan,nan,nan,32,5,0.15625,41,0,0,2046,0,11,0
981,32.7,1784217417.862,nan,nan,nan,nan,nan,nan,32,0,0.0,52,0,0,2046,0,11,0
982,32.733333333333334,1784217417.8953333,nan,nan,nan,nan,nan,nan,25,0,nan,74,0,0,2046,0,11,0
983,32.766666666666666,1784217417.9286666,nan,nan,nan,nan,nan,nan,43,0,0.0,46,0,0,2046,0,11,0
984,32.8,1784217417.962,nan,nan,nan,nan,nan,nan,30,5,0.16666666666666666,62,0,0,2046,0,11,0
985,32.833333333333336,1784217417.9953332,nan,nan,nan,nan,nan,nan,29,0,nan,59,0,0,2046,0,11,0
986,32.86666666666667,1784217418.0286665,nan,nan,nan,nan,nan,nan,35,0,0.0,52,0,0,2046,0,11,0
987,32.9,1784217418.062,nan,nan,nan,nan,nan,nan,40,0,0.0,50,0,0,2046,0,11,0
988,32.93333333333333,1784217418.0953333,nan,nan,nan,nan,nan,nan,46,0,0.0,49,0,0,2046,0,11,0
989,32.96666666666667,1784217418.1286666,nan,nan,nan,nan,nan,nan,49,0,0.0,54,0,0,2046,0,11,0
990,33.0,1784217418.162,nan,nan,nan,nan,nan,nan,41,0,0.0,62,0,0,2046,0,11,0
991,33.03333333333333,1784217418.1953332,nan,nan,nan,nan,nan,nan,35,0,0.0,43,0,0,2046,0,11,0
992,33.06666666666667,1784217418.2286665,nan,nan,nan,nan,nan,nan,35,0,0.0,42,0,0,2046,0,11,0
993,33.1,1784217418.2619998,nan,nan,nan,nan,nan,nan,40,0,0.0,52,0,0,2046,0,11,0
994,33.13333333333333,1784217418.2953334,nan,nan,nan,nan,nan,nan,27,0,nan,55,0,0,2046,0,11,0
995,33.166666666666664,1784217418.3286667,nan,nan,nan,nan,nan,nan,35,0,0.0,60,0,0,2046,0,11,0
996,33.2,1784217418.362,nan,nan,nan,nan,nan,nan,35,0,0.0,52,0,0,2046,0,11,0
997,33.233333333333334,1784217418.3953333,nan,nan,nan,nan,nan,nan,53,0,0.0,46,0,0,2046,0,11,0
998,33.266666666666666,1784217418.4286666,nan,nan,nan,nan,nan,nan,36,0,0.0,68,0,0,2046,0,11,0
999,33.3,1784217418.462,nan,nan,nan,nan,nan,nan,58,0,0.0,50,0,0,2046,0,11,0
1000,33.333333333333336,1784217418.4953332,nan,nan,nan,nan,nan,nan,51,0,0.0,66,0,0,2046,0,11,0
1001,33.36666666666667,1784217418.5286665,nan,nan,nan,nan,nan,nan,68,0,0.0,61,0,0,2046,0,11,0
1002,33.4,1784217418.562,nan,nan,nan,nan,nan,nan,51,0,0.0,76,0,0,2046,0,11,0
1003,33.43333333333333,1784217418.5953333,nan,nan,nan,nan,nan,nan,57,0,0.0,64,0,0,2046,0,11,0
1004,33.46666666666667,1784217418.6286666,nan,nan,nan,nan,nan,nan,63,0,0.0,68,0,0,2046,0,11,0
1005,33.5,1784217418.662,nan,nan,nan,nan,nan,nan,53,0,0.0,72,0,0,2046,0,11,0
1006,33.53333333333333,1784217418.6953332,nan,nan,nan,nan,nan,nan,45,0,0.0,66,0,0,2046,0,11,0
1007,33.56666666666667,1784217418.7286665,nan,nan,nan,nan,nan,nan,41,0,0.0,62,0,0,2046,0,11,0
1008,33.6,1784217418.7619998,nan,nan,nan,nan,nan,nan,36,0,0.0,86,0,0,2046,0,11,0
1009,33.63333333333333,1784217418.7953334,nan,nan,nan,nan,nan,nan,62,0,0.0,55,0,0,2046,0,11,0
1010,33.666666666666664,1784217418.8286667,nan,nan,nan,nan,nan,nan,33,0,0.0,53,0,0,2046,0,11,0
1011,33.7,1784217418.862,nan,nan,nan,nan,nan,nan,43,0,0.0,63,0,0,2046,0,11,0
1012,33.733333333333334,1784217418.8953333,nan,nan,nan,nan,nan,nan,37,0,0.0,85,0,0,2046,0,11,0
1013,33.766666666666666,1784217418.9286666,nan,nan,nan,nan,nan,nan,57,0,0.0,68,0,0,2046,0,11,0
1014,33.8,1784217418.962,nan,nan,nan,nan,nan,nan,68,0,0.0,75,0,0,2046,0,11,0
1015,33.833333333333336,1784217418.9953332,nan,nan,nan,nan,nan,nan,45,0,0.0,98,0,0,2046,0,11,0
1016,33.86666666666667,1784217419.0286665,nan,nan,nan,nan,nan,nan,51,0,0.0,97,0,0,2046,0,11,0
1017,33.9,1784217419.062,nan,nan,nan,nan,nan,nan,57,0,0.0,75,0,0,2046,0,11,0
1018,33.93333333333333,1784217419.0953333,nan,nan,nan,nan,nan,nan,56,0,0.0,88,0,0,2046,0,11,0
1019,33.96666666666667,1784217419.1286666,nan,nan,nan,nan,nan,nan,48,0,0.0,92,0,0,2046,0,11,0
1020,34.0,1784217419.162,nan,nan,nan,nan,nan,nan,34,0,0.0,120,0,0,2046,0,11,0
1021,34.03333333333333,1784217419.1953332,nan,nan,nan,nan,nan,nan,55,0,0.0,73,0,0,2046,0,11,0
1022,34.06666666666667,1784217419.2286665,nan,nan,nan,nan,nan,nan,62,0,0.0,83,0,0,2046,0,11,0
1023,34.1,1784217419.2619998,nan,nan,nan,nan,nan,nan,50,0,0.0,83,0,0,2046,0,11,0
1024,34.13333333333333,1784217419.2953334,nan,nan,nan,nan,nan,nan,71,0,0.0,88,0,0,2046,0,11,0
1025,34.166666666666664,1784217419.3286667,nan,nan,nan,nan,nan,nan,64,5,0.078125,96,0,0,2046,0,11,0
1026,34.2,1784217419.362,nan,nan,nan,nan,nan,nan,62,0,0.0,103,0,0,2046,0,11,0
1027,34.233333333333334,1784217419.3953333,nan,nan,nan,nan,nan,nan,55,0,0.0,91,0,0,2046,0,11,0
1028,34.266666666666666,1784217419.4286666,nan,nan,nan,nan,nan,nan,53,0,0.0,101,0,0,2046,0,11,0
1029,34.3,1784217419.462,nan,nan,nan,nan,nan,nan,70,0,0.0,108,0,0,2046,0,11,0
1030,34.333333333333336,1784217419.4953332,nan,nan,nan,nan,nan,nan,69,0,0.0,91,0,0,2046,0,11,0
1031,34.36666666666667,1784217419.5286665,nan,nan,nan,nan,nan,nan,70,0,0.0,98,0,0,2046,0,11,0
1032,34.4,1784217419.562,nan,nan,nan,nan,nan,nan,68,0,0.0,91,0,0,2046,0,11,0
1033,34.43333333333333,1784217419.5953333,nan,nan,nan,nan,nan,nan,52,0,0.0,116,0,0,2046,0,11,0
1034,34.46666666666667,1784217419.6286666,nan,nan,nan,nan,nan,nan,68,0,0.0,109,0,0,2046,0,11,0
1035,34.5,1784217419.662,nan,nan,nan,nan,nan,nan,62,0,0.0,107,0,0,2046,0,11,0
1036,34.53333333333333,1784217419.6953332,nan,nan,nan,nan,nan,nan,72,0,0.0,125,0,0,2046,0,11,0
1037,34.56666666666667,1784217419.7286665,nan,nan,nan,nan,nan,nan,89,6,0.06741573033707865,95,0,0,2046,0,11,0
1038,34.6,1784217419.7619998,nan,nan,nan,nan,nan,nan,74,0,0.0,90,0,0,2046,0,11,0
1039,34.63333333333333,1784217419.7953334,nan,nan,nan,nan,nan,nan,55,0,0.0,129,0,0,2046,0,11,0
1040,34.666666666666664,1784217419.8286667,nan,nan,nan,nan,nan,nan,63,0,0.0,134,0,0,2046,0,11,0
1041,34.7,1784217419.862,nan,nan,nan,nan,nan,nan,78,0,0.0,100,0,0,2046,0,11,0
1042,34.733333333333334,1784217419.8953333,nan,nan,nan,nan,nan,nan,47,0,0.0,143,0,0,2046,0,11,0
1043,34.766666666666666,1784217419.9286666,nan,nan,nan,nan,nan,nan,66,0,0.0,96,0,0,2046,0,11,0
1044,34.8,1784217419.962,nan,nan,nan,nan,nan,nan,66,6,0.09090909090909091,107,0,0,2046,0,11,0
1045,34.833333333333336,1784217419.9953332,nan,nan,nan,nan,nan,nan,46,0,0.0,90,0,0,2046,0,11,0
1046,34.86666666666667,1784217420.0286665,nan,nan,nan,nan,nan,nan,69,0,0.0,95,0,0,2046,0,11,0
1047,34.9,1784217420.062,nan,nan,nan,nan,nan,nan,64,0,0.0,89,0,0,2046,0,11,0
1048,34.93333333333333,1784217420.0953333,nan,nan,nan,nan,nan,nan,79,7,0.08860759493670886,87,0,0,2046,0,11,0
1049,34.96666666666667,1784217420.1286666,nan,nan,nan,nan,nan,nan,70,6,0.08571428571428572,93,0,0,2046,0,11,0
1050,35.0,1784217420.162,nan,nan,nan,nan,nan,nan,59,0,0.0,96,0,0,2046,0,11,0
1051,35.03333333333333,1784217420.1953332,nan,nan,nan,nan,nan,nan,58,0,0.0,63,0,0,2046,0,11,0
1052,35.06666666666667,1784217420.2286665,nan,nan,nan,nan,nan,nan,64,0,0.0,86,0,0,2046,0,11,0
1053,35.1,1784217420.2619998,nan,nan,nan,nan,nan,nan,60,0,0.0,79,0,0,2046,0,11,0
1054,35.13333333333333,1784217420.2953334,nan,nan,nan,nan,nan,nan,73,0,0.0,89,0,0,2046,0,11,0
1055,35.166666666666664,1784217420.3286667,nan,nan,nan,nan,nan,nan,61,0,0.0,96,0,0,2046,0,11,0
1056,35.2,1784217420.362,nan,nan,nan,nan,nan,nan,76,0,0.0,97,0,0,2046,0,11,0
1057,35.233333333333334,1784217420.3953333,nan,nan,nan,nan,nan,nan,76,5,0.06578947368421052,84,0,0,2046,0,11,0
1058,35.266666666666666,1784217420.4286666,nan,nan,nan,nan,nan,nan,65,0,0.0,100,0,0,2046,0,11,0
1059,35.3,1784217420.462,nan,nan,nan,nan,nan,nan,75,0,0.0,117,0,0,2046,0,11,0
1060,35.333333333333336,1784217420.4953332,nan,nan,nan,nan,nan,nan,92,0,0.0,135,0,0,2046,0,11,0
1061,35.36666666666667,1784217420.5286665,nan,nan,nan,nan,nan,nan,82,0,0.0,160,0,0,2046,0,11,0
1062,35.4,1784217420.562,nan,nan,nan,nan,nan,nan,94,5,0.05319148936170213,191,0,0,2046,0,11,0
1063,35.43333333333333,1784217420.5953333,nan,nan,nan,nan,nan,nan,90,5,0.05555555555555555,218,0,0,2046,0,11,0
1064,35.46666666666667,1784217420.6286666,nan,nan,nan,nan,nan,nan,97,8,0.08247422680412371,211,0,0,2046,0,11,0
1065,35.5,1784217420.662,nan,nan,nan,nan,nan,nan,87,6,0.06896551724137931,215,0,0,2046,0,11,0
1066,35.53333333333333,1784217420.6953332,nan,nan,nan,nan,nan,nan,83,16,0.1927710843373494,226,0,0,2046,0,11,0
1067,35.56666666666667,1784217420.7286665,nan,nan,nan,nan,nan,nan,110,14,0.12727272727272726,199,0,0,2046,0,11,0
1068,35.6,1784217420.7619998,nan,nan,nan,nan,nan,nan,92,0,0.0,192,0,0,2046,0,11,0
1069,35.63333333333333,1784217420.7953334,nan,nan,nan,nan,nan,nan,99,0,0.0,193,0,0,2046,0,11,0
1070,35.666666666666664,1784217420.8286667,nan,nan,nan,nan,nan,nan,87,0,0.0,148,0,0,2046,0,11,0
1071,35.7,1784217420.862,nan,nan,nan,nan,nan,nan,84,10,0.11904761904761904,161,0,0,2046,0,11,0
1072,35.733333333333334,1784217420.8953333,nan,nan,nan,nan,nan,nan,67,5,0.07462686567164178,165,0,0,2046,0,11,0
1073,35.766666666666666,1784217420.9286666,63.028466007543955,6.486258737191932,8.467039510756052,2.383368817182472,-1.7305418977334115,-0.41978375178375193,75,29,0.38666666666666666,127,0,0,2046,0,11,1
1074,35.8,1784217420.962,65.38805501324411,6.021754170857136,9.175519283810445,0.8026267772391664,-2.671698848690136,-0.611659797168786,67,21,0.31343283582089554,93,0,0,2046,0,11,1
1075,35.833333333333336,1784217420.9953332,58.5400335280131,6.873087922548038,5.039037473944973,2.489516257751334,-0.8375956296876589,-1.4040383517921329,74,25,0.33783783783783783,126,0,0,2046,0,11,1
1076,35.86666666666667,1784217421.0286665,63.542286588710894,4.087667830705044,9.598722734809613,0.8097231240157173,-3.4340747280376993,-0.44926634154896894,94,33,0.35106382978723405,114,0,0,2046,0,11,1
1077,35.9,1784217421.062,69.0906587216223,2.5774279395331092,7.879150462627578,-2.33537841871114,-4.271673694746587,0.023321301690727995,109,34,0.3119266055045872,129,0,0,2046,0,11,1
1078,35.93333333333333,1784217421.0953333,58.20862862620635,8.060451147741034,8.910194411410373,2.829057367886018,-1.0890122326250393,0.08366645518653675,95,34,0.35789473684210527,129,0,0,2046,0,11,1
1079,35.96666666666667,1784217421.1286666,61.65309651972936,5.324522540015209,8.93388558120968,0.6813329638670131,-2.4848333455051046,0.22304723722356765,88,31,0.3522727272727273,149,0,0,2046,0,11,1
1080,36.0,1784217421.162,54.56707493205748,5.917350408385971,10.26855850401438,2.915068255074169,-2.326336916834998,-0.9292111287763039,99,47,0.47474747474747475,112,0,0,2046,0,11,1
1081,36.03333333333333,1784217421.1953332,59.46347292762343,5.441232295058981,8.268247685730316,0.5789598735388674,-2.4510802106818335,-0.04200644742435913,96,26,0.2708333333333333,130,0,0,2046,0,11,1
1082,36.06666666666667,1784217421.2286665,56.49477931103459,6.472425759566249,10.439656359850773,1.6359225901513594,-2.372036180354984,-0.2899268534814544,101,40,0.39603960396039606,132,0,0,2046,0,11,1
1083,36.1,1784217421.2619998,58.066588221836355,3.7362462750357963,10.345108554526263,0.1664103133908755,-3.578724991502388,-0.1841339622090975,93,49,0.5268817204301075,117,2,115,2161,1,12,1
1084,36.13333333333333,1784217421.2953334,57.55605455132839,3.9836795961018083,9.871337051792977,-0.17120276478791088,-3.4960580668015684,-0.428858226649619,131,61,0.46564885496183206,109,0,0,2161,0,12,1
1085,36.166666666666664,1784217421.3286667,54.70474386470535,4.408460480123225,10.128968779738543,0.8375510615557992,-3.105721525019618,-0.28146613500011985,117,71,0.6068376068376068,110,8,102,2263,1,13,1
1086,36.2,1784217421.362,55.05853191150196,2.710602859078662,12.235331152086104,0.36923222467152417,-4.268445920653584,-0.28327599158165945,136,71,0.5220588235294118,114,0,114,2377,1,14,1
1087,36.233333333333334,1784217421.3953333,51.070611302015664,3.709312762877559,10.348594628080761,1.4337724556369047,-3.160912078237981,-0.4098824322260038,134,65,0.48507462686567165,84,0,0,2377,0,14,1
1088,36.266666666666666,1784217421.4286666,51.75117426281952,3.806996126139893,10.327486288914557,0.7249858464356677,-3.247076904903357,-0.19508709060116208,145,78,0.5379310344827586,107,5,102,2479,1,15,1
1089,36.3,1784217421.462,46.19721429777863,4.907212463418432,10.436206314451624,2.9125408809482356,-2.3255296372508347,-0.4971777614343023,123,69,0.5609756097560976,96,0,0,2479,0,15,1
1090,36.333333333333336,1784217421.4953332,47.68808737205764,3.739748953487961,10.311640849410523,1.590398839091667,-3.0017985202678212,-0.41408421775849186,107,60,0.5607476635514018,87,0,0,2479,0,15,1
1091,36.36666666666667,1784217421.5286665,46.456429603882015,4.4769702098553665,9.868360803042705,1.7746026922502212,-2.582483685926324,-0.32335093896218736,102,50,0.49019607843137253,83,0,0,2479,0,15,1
1092,36.4,1784217421.562,47.9343011183542,2.314217497855779,9.902357350313125,0.2063429016483266,-3.700698810434312,-0.31070179840433954,118,65,0.5508474576271186,75,0,0,2479,0,15,1
1093,36.43333333333333,1784217421.5953333,44.33668617416207,3.053995614340309,10.242683351771731,1.5714753110881565,-3.1753132780260596,-0.4075948109134249,105,62,0.5904761904761905,97,0,0,2479,0,15,1
1094,36.46666666666667,1784217421.6286666,41.98039696362544,3.960698955982579,9.396259087282175,1.9018994411582635,-2.588246690701547,-0.8171712356867376,92,53,0.5760869565217391,80,0,0,2479,0,15,1
1095,36.5,1784217421.662,41.77833635635101,3.207499495988941,9.585135867371818,1.7926989761148,-2.8334641842658015,-0.5373771669143056,90,50,0.5555555555555556,104,9,95,2574,1,16,1
1096,36.53333333333333,1784217421.6953332,42.1361986392436,2.8674375768179488,9.30727078716481,1.1598631750549802,-3.013317905668597,-0.44977223641226766,111,74,0.6666666666666666,77,0,0,2574,0,16,1
1097,36.56666666666667,1784217421.7286665,42.68748820940763,2.2770288898564246,9.605226049528923,0.27518278109730265,-3.4310299887109816,-0.47520494900515003,97,53,0.5463917525773195,59,0,0,2574,0,16,1
1098,36.6,1784217421.7619998,38.57226871515755,2.5049796532546225,9.231355189325498,1.572880064052299,-2.980582390373105,-0.8065697172723646,98,52,0.5306122448979592,75,0,0,2574,0,16,1
1099,36.63333333333333,1784217421.7953334,40.32912146699363,1.082340818491204,10.750541365843034,0.48790217924232443,-4.038528745143083,-0.4572165584904243,110,59,0.5363636363636364,74,0,0,2574,0,16,1
1100,36.666666666666664,1784217421.8286667,39.629419867643584,0.8185620635529034,11.049173589477576,0.40085864804347254,-4.161958203783548,-0.4886891356013974,88,49,0.5568181818181818,58,0,0,2574,0,16,1
1101,36.7,1784217421.862,35.16460848497657,2.922354228379305,8.589106953936863,1.8261328483011456,-2.524991696862595,-0.6648110096405121,93,59,0.6344086021505376,81,0,0,2574,0,16,1
1102,36.733333333333334,1784217421.8953333,35.13988707243687,1.5727452799509223,9.361640871000859,1.487906790968192,-3.2060704657683012,-0.4094917491355062,89,53,0.5955056179775281,88,0,0,2574,0,16,1
1103,36.766666666666666,1784217421.9286666,32.66179826447217,2.08844789999101,9.431528744721334,1.9732953817859447,-2.9694220375416878,-0.8881132263069658,96,54,0.5625,64,0,0,2574,0,16,1
1104,36.8,1784217421.962,32.62058116707004,1.5100467898799508,8.540999008829715,1.3016413294995135,-3.0502810125333117,-0.9092940869854548,91,57,0.6263736263736264,87,0,0,2574,0,16,1
1105,36.833333333333336,1784217421.9953332,32.31940392875296,0.5855009197020706,9.480683233495554,1.143432636388596,-3.562004288835794,-0.718808715866876,96,57,0.59375,77,0,0,2574,0,16,1
1106,36.86666666666667,1784217422.0286665,30.086773633170893,1.5758464053201209,8.672722909282228,1.425135096067684,-2.972358255630026,-1.1744847577294848,93,54,0.5806451612903226,59,0,0,2574,0,16,1
1107,36.9,1784217422.062,29.662069118477703,1.0459400336311404,9.361587439456073,1.2821355658825513,-3.2576863928586013,-0.8876697338852542,87,55,0.632183908045977,79,0,0,2574,0,16,1
1108,36.93333333333333,1784217422.0953333,29.58327154227702,0.11107278838258594,9.254819113237659,0.8630064288071039,-3.6290659792635465,-0.7727254197350759,80,47,0.5875,85,0,0,2574,0,16,1
1109,36.96666666666667,1784217422.1286666,26.550546128939892,1.5488754192965501,9.489549252597271,1.8608825105169555,-2.97199952424337,-0.8433168146762876,91,56,0.6153846153846154,72,0,0,2574,0,16,1
1110,37.0,1784217422.162,24.024291486830244,1.2629681397280024,8.020504382867287,2.3947620037483373,-2.5770533825970325,-1.243678612195207,79,48,0.6075949367088608,77,0,0,2574,0,16,1
1111,37.03333333333333,1784217422.1953332,24.554775027465,0.40673214936195734,8.865329925212023,1.5812417345031944,-3.1886360490936485,-1.141964952163228,76,50,0.6578947368421053,45,0,0,2574,0,16,1
1112,37.06666666666667,1784217422.2286665,24.436833692308657,0.6438895779742495,8.547036243570119,1.3475859193318944,-3.0223561561202805,-0.7934046022268777,83,53,0.6385542168674698,69,0,0,2574,0,16,1
1113,37.1,1784217422.2619998,22.26642093632382,0.6392670505428697,7.719003356776767,1.9773694804506932,-2.688119330755375,-0.6649704606341172,76,52,0.6842105263157895,51,0,0,2574,0,16,1
1114,37.13333333333333,1784217422.2953334,23.386050353518854,0.20718012697105337,6.644318592309148,0.8672091238433551,-2.6201071862786685,-0.5322830114200083,83,42,0.5060240963855421,58,0,0,2574,0,16,1
1115,37.166666666666664,1784217422.3286667,20.352405391841305,0.3911871948145347,9.575021845119537,1.677101810311592,-3.2343569950578166,-0.9447719468072162,73,52,0.7123287671232876,56,0,0,2574,0,16,1
1116,37.2,1784217422.362,17.77792187948803,-1.7704721851338405,9.932751708544728,2.7266644618316778,-3.878444935147889,-0.8166732338240142,80,49,0.6125,66,0,0,2574,0,16,1
1117,37.233333333333334,1784217422.3953333,19.330874123249806,-0.672554388750811,9.42145286415328,1.3175097566666238,-3.509500346761468,-0.7047917177830871,80,57,0.7125,72,0,0,2574,0,16,1
1118,37.266666666666666,1784217422.4286666,18.462030071458354,0.9738159751942561,7.931555190979935,1.7237038711221937,-2.466356122075533,-0.03090808466414441,80,46,0.575,67,0,0,2574,0,16,1
1119,37.3,1784217422.462,14.400288068177952,-0.7007738009488094,7.976958169955111,2.744281972663845,-2.89734929302884,-0.9382518939289326,73,39,0.5342465753424658,74,0,0,2574,0,16,1
1120,37.333333333333336,1784217422.4953332,16.614624423249808,-0.6497534284189612,9.618634406897556,1.1845100403418694,-3.447367210523062,-0.6086378743117442,68,53,0.7794117647058824,71,0,0,2574,0,16,1
1121,37.36666666666667,1784217422.5286665,13.810158179270053,1.2408076960247456,7.145678058289462,1.6822648167193157,-2.070825130712226,-1.0447419405463572,62,45,0.7258064516129032,62,0,0,2574,0,16,1
1122,37.4,1784217422.562,15.14707117336949,-1.7127827494503123,10.038420041471412,0.7674815330107955,-3.9221912174313665,-0.9112280624930558,77,55,0.7142857142857143,63,0,0,2574,0,16,1
1123,37.43333333333333,1784217422.5953333,13.668175961000863,-0.6249511607942964,8.28477315003569,0.6694837837659336,-3.049509034337402,-1.1186784351586836,70,46,0.6571428571428571,67,0,0,2574,0,16,1
1124,37.46666666666667,1784217422.6286666,11.138213635308373,-0.048536099673782473,5.987744242277543,1.7348744290253606,-2.073736901600945,-0.669400697268498,70,41,0.5857142857142857,61,0,0,2574,0,16,1
1125,37.5,1784217422.662,10.977098862991726,-2.024691423654602,9.340009770715412,1.204413178816719,-3.6768288040442894,-0.9735821439160262,75,45,0.6,43,0,0,2574,0,16,1
1126,37.53333333333333,1784217422.6953332,8.671951741940033,-1.8876704365056867,9.380958251058956,1.991925275635562,-3.556193844992903,-0.9438639189563495,76,55,0.7236842105263158,56,0,0,2574,0,16,1
1127,37.56666666666667,1784217422.7286665,9.43855499342433,-3.045902874718834,9.992194934100766,1.048192790684641,-4.16738530392014,-0.8850861105505069,70,48,0.6857142857142857,54,0,0,2574,0,16,1
1128,37.6,1784217422.7619998,5.5147433075672545,-2.584564441087977,8.691393744324458,2.671627718090853,-3.493218848760215,-0.7135537043868339,70,40,0.5714285714285714,56,0,0,2574,0,16,1
1129,37.63333333333333,1784217422.7953334,8.36156000440868,-0.04786216467728366,7.7880209591197485,0.3000690652038037,-2.4994250902376933,-0.8642648990470935,69,49,0.7101449275362319,54,0,0,2574,0,16,1
1130,37.666666666666664,1784217422.8286667,7.73753707264066,-1.7434245041148273,10.414681443770348,0.6250424429321724,-3.7791692984433825,-0.2830430500524428,67,41,0.6119402985074627,53,0,0,2574,0,16,1
1131,37.7,1784217422.862,4.627641215941043,-2.3588807040351583,9.2274130487572,1.4137508354955772,-3.536830744650895,-0.6725205844890199,64,44,0.6875,60,0,0,2574,0,16,1
1132,37.733333333333334,1784217422.8953333,4.9016093384619825,-0.3494815478370299,6.591378580037542,0.6173385957458848,-2.148274551839342,-0.6010150929142497,62,47,0.7580645161290323,77,0,0,2574,0,16,1
1133,37.766666666666666,1784217422.9286666,5.340809705446455,1.4386694148842025,2.633272057898367,0.1563561025466626,-0.4800474938738499,-0.17361268839131874,65,44,0.676923076923077,56,0,0,2574,0,16,1
1134,37.8,1784217422.962,0.2236799415532289,-3.1275375856946397,10.170657126332685,1.8557573862642716,-3.950208672187018,-1.1489443989860433,65,44,0.676923076923077,58,0,0,2574,0,16,1
1135,37.833333333333336,1784217422.9953332,1.306355459144557,-0.7914576905607476,6.588670023229383,1.026545254676356,-2.193671692189194,-0.46661092248452857,63,43,0.6825396825396826,56,0,0,2574,0,16,1
1136,37.86666666666667,1784217423.0286665,1.0577417446943134,-2.7746328544273524,9.971964053490112,0.47396765038108446,-3.7411787889594867,-0.7276125997481134,62,43,0.6935483870967742,52,0,0,2574,0,16,1
1137,37.9,1784217423.062,-1.1560030785346047,-1.074343531975785,7.600176133240723,1.3220005841008517,-2.544158001091412,-0.44603709923255075,72,48,0.6666666666666666,61,0,0,2574,0,16,1
1138,37.93333333333333,1784217423.0953333,-0.4468735260433476,-1.6300745323741808,7.613485143336902,0.6346974464776486,-2.682132454225033,-0.501634174117559,72,43,0.5972222222222222,64,0,0,2574,0,16,1
1139,37.96666666666667,1784217423.1286666,-0.29321260273822425,-2.195467282141962,9.263473081360871,0.21090253679709145,-3.315515923699208,-0.4620222192881963,66,45,0.6818181818181818,63,0,0,2574,0,16,1
1140,38.0,1784217423.162,-1.9991910645542958,-2.1922170016254654,8.745854659074595,0.7194261150834462,-3.1335501895605504,-0.8922631046616705,73,52,0.7123287671232876,84,0,0,2574,0,16,1
1141,38.03333333333333,1784217423.1953332,-1.7689431411085046,-2.7382818445652077,9.086188050899906,0.7429907695654995,-3.4297901711813075,-0.5334125441104478,71,52,0.7323943661971831,71,0,0,2574,0,16,1
1142,38.06666666666667,1784217423.2286665,-3.771785611010543,-2.7677219679727187,8.717643054188812,1.2930636542164737,-3.2502411272167167,-1.3093906460627527,68,48,0.7058823529411765,95,0,0,2574,0,16,1
1143,38.1,1784217423.2619998,-1.221768352620085,-1.9075488884790985,8.245649916363604,0.27687231119782074,-2.9105261059826626,-0.5746783948581989,65,44,0.676923076923077,89,0,0,2574,0,16,1
1144,38.13333333333333,1784217423.2953334,-1.4443156313515146,-2.532967086166636,8.826087181559231,0.46176661062689944,-3.292837329791596,-0.4327643652681371,69,46,0.6666666666666666,91,0,0,2574,0,16,1
1145,38.166666666666664,1784217423.3286667,-2.295638332310485,-2.79108029625894,8.69894002333713,0.8521118775329322,-3.3248556648846472,-0.6142168175028182,77,51,0.6623376623376623,69,0,0,2574,0,16,1
1146,38.2,1784217423.362,-0.4553210713975204,-2.7889738041009053,9.18066230725367,-0.20907351659539372,-3.4831874030113594,-0.7137439893486588,76,51,0.6710526315789473,76,0,0,2574,0,16,1
1147,38.233333333333334,1784217423.3953333,-0.8649387968116837,-3.4811081581576104,9.219454921240242,-0.10517769537021482,-3.665929985525488,-0.762160015581946,72,44,0.6111111111111112,78,0,0,2574,0,16,1
1148,38.266666666666666,1784217423.4286666,-0.8281232158703613,-2.925457551225392,9.23630042697306,-0.07846004561814963,-3.498906893362365,-0.7586357457297248,74,50,0.6756756756756757,83,0,0,2574,0,16,1
1149,38.3,1784217423.462,0.1438494512868349,-2.4663351303714762,8.868871333059047,-0.6110388634233062,-3.271459562907919,-0.848110013603999,75,47,0.6266666666666667,94,0,0,2574,0,16,1
1150,38.333333333333336,1784217423.4953332,-0.8972492431737358,-1.4941339518843506,8.074452117336278,0.048711781752019706,-2.743961795640494,-0.6122031885011043,77,57,0.7402597402597403,82,0,0,2574,0,16,1
1151,38.36666666666667,1784217423.5286665,0.13874995197491025,-2.159483592583655,10.138084295264022,-0.399131397113026,-3.5398540335773108,-0.4395660013994071,71,52,0.7323943661971831,95,0,0,2574,0,16,1
1152,38.4,1784217423.562,-2.5043082685732827,-0.46555608022976,5.007185395616773,0.8615875414798898,-1.5227386924354114,-0.6811890119546353,80,51,0.6375,90,0,0,2574,0,16,1
1153,38.43333333333333,1784217423.5953333,-1.760935592072471,-2.209723347637393,8.649395924223,0.3604249059769749,-3.1326427742975875,-0.9253820509886131,74,49,0.6621621621621622,96,0,0,2574,0,16,1
1154,38.46666666666667,1784217423.6286666,1.120893005842765,-1.876374948396105,9.440476311514928,-0.8762762947874112,-3.282349818307841,-0.27902161009182286,73,50,0.684931506849315,85,0,0,2574,0,16,1
1155,38.5,1784217423.662,-3.859695210006862,-3.6051136029301176,9.189666386046312,1.525497306502662,-3.702146881296969,-0.9954007141516235,73,56,0.7671232876712328,77,0,0,2574,0,16,1
1156,38.53333333333333,1784217423.6953332,-2.1008069776766938,-1.4305502769310294,7.372712931449129,0.6508423517668626,-2.5045288543389717,-0.6361396981658531,75,55,0.7333333333333333,80,0,0,2574,0,16,1
1157,38.56666666666667,1784217423.7286665,-0.5421452892014766,-3.204470471264827,9.592509188246538,0.09527542133528229,-3.7787800077875926,-0.3736353766974828,74,54,0.7297297297297297,77,0,0,2574,0,16,1
1158,38.6,1784217423.7619998,-1.2874572681003063,-1.2220004466744854,7.728506356026273,0.38780985895298964,-2.5825455474136803,-0.5195691225899183,71,50,0.704225352112676,81,0,0,2574,0,16,1
1159,38.63333333333333,1784217423.7953334,-1.0747279451598608,-1.941408163711003,8.321072677479734,0.1996018314673981,-2.9617066531595713,-0.6888454479367804,71,54,0.7605633802816901,83,0,0,2574,0,16,1
1160,38.666666666666664,1784217423.8286667,-2.6197317771058692,-3.024364426057616,9.517088790357278,1.1851276151682728,-3.658536431454572,-0.4389789830209364,77,53,0.6883116883116883,78,0,0,2574,0,16,1
1161,38.7,1784217423.862,-1.2334204645076028,-1.552746144500432,7.210209409002417,0.3212997509973049,-2.521001588554542,-0.4629948543226204,76,48,0.631578947368421,80,0,0,2574,0,16,1
1162,38.733333333333334,1784217423.8953333,-1.3179609040438969,-3.4955523870049774,9.915054476465812,0.4389737148594219,-3.9108872811696793,-0.4723681380884784,69,50,0.7246376811594203,73,0,0,2574,0,16,1
1163,38.766666666666666,1784217423.9286666,-0.8585609471507354,-1.593782477190544,8.917139769306445,-0.011117472106093682,-2.9654038321349048,-0.6921098078997749,78,57,0.7307692307692307,99,0,0,2574,0,16,1
1164,38.8,1784217423.962,0.307864155597235,-0.6426239080380753,9.084999938458154,-0.6341671174896081,-2.761508727266208,-0.5571695577183023,72,44,0.6111111111111112,90,0,0,2574,0,16,1
1165,38.833333333333336,1784217423.9953332,-0.5696301880366192,-2.0900868106460138,9.762491349351265,-0.18157230245909883,-3.4093194642570896,-0.8314374159187495,71,45,0.6338028169014085,81,0,0,2574,0,16,1
1166,38.86666666666667,1784217424.0286665,-5.392388311805437,-1.4763068746001125,7.393630619375401,2.376317556597334,-2.469937564669894,-0.7495430067299477,68,51,0.75,104,2,102,2676,1,17,1
1167,38.9,1784217424.062,-2.482204253052693,-1.7583211209188505,7.79659882048071,0.9168193059728854,-2.726427951936685,-0.4696789373790816,118,72,0.6101694915254238,50,0,0,2676,0,17,1
1168,38.93333333333333,1784217424.0953333,-3.760709164778458,-2.4843247995083146,8.415993754022509,1.517717718374887,-3.117873029164741,-0.8099723016532105,109,76,0.6972477064220184,39,0,0,2676,0,17,1
1169,38.96666666666667,1784217424.1286666,-3.674363837106693,-1.9608536884767602,8.062297684641095,1.5128466492711845,-2.8535024496988104,-0.6650449400361884,107,77,0.719626168224299,52,0,0,2676,0,17,1
1170,39.0,1784217424.162,-4.068559506205641,-1.9994817522369885,7.670168846909704,1.7432598923684401,-2.7668853935301496,-0.6983931995823445,116,77,0.6637931034482759,52,0,0,2676,0,17,1
1171,39.03333333333333,1784217424.1953332,-4.618166007542431,-1.830539320281531,7.2401512605360665,2.023243377657295,-2.6049481587282672,-0.7139194384573334,111,81,0.7297297297297297,56,0,0,2676,0,17,1
1172,39.06666666666667,1784217424.2286665,-5.086504906979041,-1.8777272812137795,7.492335349051885,2.2170140170306034,-2.645639457285848,-0.8141737036228159,111,83,0.7477477477477478,53,0,0,2676,0,17,1
1173,39.1,1784217424.2619998,-4.967450309748386,-2.510886276364019,7.939896064818413,2.2355557865625157,-3.025056234398631,-0.624681709430163,111,79,0.7117117117117117,49,0,0,2676,0,17,1
1174,39.13333333333333,1784217424.2953334,-3.639450854389718,-2.090843341400415,7.960086212913836,1.4718263392124102,-2.906486881529261,-0.6521353053200417,102,67,0.6568627450980392,44,0,0,2676,0,17,1
1175,39.166666666666664,1784217424.3286667,-2.850751160310846,-2.7832945029115024,8.856784184911007,1.0210090284616995,-3.3454026755724544,-0.889548353610956,108,73,0.6759259259259259,42,0,0,2676,0,17,1
1176,39.2,1784217424.362,-5.547995640689287,-2.001772883791304,7.51352657813122,2.565581557911206,-2.658683638069823,-0.6720558341413981,99,72,0.7272727272727273,45,0,0,2676,0,17,1
1177,39.233333333333334,1784217424.3953333,-5.190267924940979,-1.647991059721008,7.29930061836933,2.348885093728738,-2.511119485718669,-0.6929748529858164,111,86,0.7747747747747747,43,0,0,2676,0,17,1
1178,39.266666666666666,1784217424.4286666,-4.59611621736823,-2.3069982004688256,7.735137959215805,2.0349148227101024,-2.8663623644502483,-0.664743048068758,108,82,0.7592592592592593,43,0,0,2676,0,17,1
1179,39.3,1784217424.462,-3.4663655144163634,-1.936908789780503,7.517085711586532,1.393541056389773,-2.6997560158409812,-0.6713432143547317,108,78,0.7222222222222222,42,0,0,2676,0,17,1
1180,39.333333333333336,1784217424.4953332,-4.462427943241671,-2.783764474689235,7.973032057628046,1.991523058576159,-3.1260686946390663,-0.6058981221825137,102,74,0.7254901960784313,43,0,0,2676,0,17,1
1181,39.36666666666667,1784217424.5286665,-4.089998928643887,-0.8015449145497939,6.330069125070381,1.6843191611222292,-1.974998230679101,-0.6852865391031565,97,67,0.6907216494845361,39,0,0,2676,0,17,1
1182,39.4,1784217424.562,-3.7883591157966663,-0.5276103251490127,6.251597727941089,1.469314552132114,-1.8519828006426704,-0.745874079176521,102,69,0.6764705882352942,49,0,0,2676,0,17,1
1183,39.43333333333333,1784217424.5953333,-3.7243855647290367,-2.4026252040125797,8.294097929110464,1.4816495613484264,-3.079189363828699,-0.7749194167023787,103,65,0.6310679611650486,37,0,0,2676,0,17,1
1184,39.46666666666667,1784217424.6286666,-4.886556627133391,-1.3892623334932352,7.347338751296377,2.11910846423706,-2.395191515339902,-0.7593215696092582,105,77,0.7333333333333333,57,0,0,2676,0,17,1
1185,39.5,1784217424.662,-3.9106932756336477,-2.044554950627486,8.01655671216703,1.634687690638053,-2.852880150887768,-0.7361779782428058,112,83,0.7410714285714286,41,0,0,2676,0,17,1
1186,39.53333333333333,1784217424.6953332,-4.705469029271253,-2.3246280394882604,7.76516241201297,2.04954506333844,-2.887958704462433,-0.7665918012847232,107,76,0.7102803738317757,51,0,0,2676,0,17,1
1187,39.56666666666667,1784217424.7286665,-3.570311263641571,-3.103486434406676,8.779841341373924,1.3948860646034265,-3.4365784550789624,-0.9243610850457333,105,70,0.6666666666666666,50,0,0,2676,0,17,1
1188,39.6,1784217424.7619998,-3.321246362661192,-1.9064113228443063,8.140038195585376,1.3010283311571704,-2.856407356690268,-0.8360001526503567,105,68,0.6476190476190476,51,0,0,2676,0,17,1
1189,39.63333333333333,1784217424.7953334,-6.1639523197351025,-2.159313412128199,7.683800942810848,2.865777062564943,-2.773224951113205,-0.7438198410528396,109,73,0.6697247706422018,49,0,0,2676,0,17,1
1190,39.666666666666664,1784217424.8286667,-3.7301103621342833,-1.615502982657219,7.458498506298923,1.517635506791494,-2.571021355908531,-0.6931644990991103,107,75,0.7009345794392523,62,0,0,2676,0,17,1
1191,39.7,1784217424.862,-0.8211825208297778,-2.5474817705015766,9.252859198340019,-0.09356479174460494,-3.412756099838577,-0.7740126347274158,103,63,0.6116504854368932,39,0,0,2676,0,17,1
1192,39.733333333333334,1784217424.8953333,-5.350509038308228,-2.032615061139964,7.468032116526615,2.4083404310883134,-2.665649583767984,-0.7438297514259885,114,70,0.6140350877192983,45,0,0,2676,0,17,1
1193,39.766666666666666,1784217424.9286666,-5.537719749135306,-1.9980527866185156,7.950803100336856,2.4722795523271244,-2.793307260596142,-0.79633842189134,111,81,0.7297297297297297,55,0,0,2676,0,17,1
1194,39.8,1784217424.962,-3.735208897850722,-2.8398618149069677,8.715481292595342,1.4809436273273666,-3.339376720556568,-0.8710895870247196,102,64,0.6274509803921569,52,0,0,2676,0,17,1
1195,39.833333333333336,1784217424.9953332,-4.626827609690814,-2.33827356371242,8.295755703722804,1.9493328442375408,-3.0434349559241367,-0.8523230496235895,108,69,0.6388888888888888,42,0,0,2676,0,17,1
1196,39.86666666666667,1784217425.0286665,-5.204708154557405,-1.3556954409594368,7.453307012054097,2.2808965704193325,-2.3866599347319677,-0.8103709826780442,110,75,0.6818181818181818,48,0,0,2676,0,17,1
1197,39.9,1784217425.062,-4.061092585731803,-2.134814074277429,7.30360874643975,1.7623121741941314,-2.7397599756262774,-0.6118464417349222,103,75,0.7281553398058253,58,0,0,2676,0,17,1
1198,39.93333333333333,1784217425.0953333,-4.007339604651644,-2.072401624570702,8.08039526451816,1.6711067869258136,-2.9031579528696794,-0.7839956955856164,117,87,0.7435897435897436,51,0,0,2676,0,17,1
1199,39.96666666666667,1784217425.1286666,-2.9107176827142816,-2.276235785704287,8.661225434448724,1.0182564689740634,-3.1239743959444644,-0.7746155341814143,105,71,0.6761904761904762,58,0,0,2676,0,17,1
1200,40.0,1784217425.162,-5.379887393628973,-1.745774455709551,7.720785226338421,2.341183920970924,-2.6462178937935774,-0.9192520248882474,102,77,0.7549019607843137,55,0,0,2676,0,17,1
1201,40.03333333333333,1784217425.1953332,-4.6366875435863335,-2.4302864049770676,8.013515490360263,2.038106161668795,-2.9956515538795356,-0.7117304115082149,118,84,0.711864406779661,57,0,0,2676,0,17,1
1202,40.06666666666667,1784217425.2286665,-4.42685207636379,-1.8119131811034492,7.594417242817443,1.9163031753374644,-2.7031973410400827,-0.6481122875131289,110,82,0.7454545454545455,45,0,0,2676,0,17,1
1203,40.1,1784217425.2619998,-0.7889587150417903,-2.339358789537158,9.208840076582817,-0.1667363607517693,-3.299085884903128,-0.8521482989147179,112,79,0.7053571428571429,46,0,0,2676,0,17,1
1204,40.13333333333333,1784217425.2953334,-4.66213839724524,-1.650476540431299,7.862273957518454,2.0350727086288076,-2.66456469246658,-0.6502946732486157,116,85,0.7327586206896551,44,0,0,2676,0,17,1
1205,40.166666666666664,1784217425.3286667,-4.268714022760033,-2.3855869208494482,8.04711029108276,1.8812352392420866,-2.989503010159632,-0.7577085119291859,104,68,0.6538461538461539,49,0,0,2676,0,17,1
1206,40.2,1784217425.362,-1.9853918764667426,-1.9935798806273084,8.156405577511649,0.7677892999441049,-2.894134069233407,-0.9625460166617559,98,57,0.5816326530612245,48,0,0,2676,0,17,1
1207,40.233333333333334,1784217425.3953333,-2.5269132866556063,-2.0239377465858013,5.654560295331606,1.3837393941481109,-2.212623140704055,-1.1493352220778303,81,43,0.5308641975308642,59,0,0,2676,0,17,1
1208,40.266666666666666,1784217425.4286666,-0.018212142812107146,-2.2218412849361044,8.895295708596208,0.8640664592760069,-3.2845138394729636,-0.29877275057364155,75,45,0.6,39,0,0,2676,0,17,1
1209,40.3,1784217425.462,-3.2706004422595463,-4.200690247932727,10.67011072009916,2.56359045986242,-4.2583959423037925,-1.5288009272951975,81,46,0.5679012345679012,42,0,0,2676,0,17,1
1210,40.333333333333336,1784217425.4953332,0.8430791621527582,-0.9791229228013236,7.52286940138373,0.962435952841307,-2.485319804837721,-0.9543004302584428,77,47,0.6103896103896104,41,0,0,2676,0,17,1
1211,40.36666666666667,1784217425.5286665,2.8101138999482895,-0.9737980204266563,7.758691447101214,0.7298490788581475,-2.619786010212312,-0.6172254624925639,76,43,0.5657894736842105,38,0,0,2676,0,17,1
1212,40.4,1784217425.562,5.9168632033641995,0.5709456582844155,0.5378788242869206,0.23555927131403584,-0.19131664034435733,0.37988839980386574,70,41,0.5857142857142857,21,0,0,2676,0,17,1
1213,40.43333333333333,1784217425.5953333,5.125586614692292,-3.1611246467833922,9.760053091106698,0.5286081336984759,-4.002079078655494,-1.0286108354812187,75,37,0.49333333333333335,42,0,0,2676,0,17,1
1214,40.46666666666667,1784217425.6286666,5.929652192693435,-1.3112329003533887,9.215799924963406,0.5865015850658988,-3.2512552971766424,-1.0867929868085857,81,42,0.5185185185185185,51,0,0,2676,0,17,1
1215,40.5,1784217425.662,7.622182473356603,-2.7711412373252813,9.977662162464071,0.31058332423310525,-3.993582568264397,-0.8326735070387378,81,47,0.5802469135802469,56,0,0,2676,0,17,1
1216,40.53333333333333,1784217425.6953332,7.135069945261705,-0.09101932688898273,3.5997851941126555,0.8406621533274263,-1.306938618647184,-1.1285658367345588,69,42,0.6086956521739131,46,0,0,2676,0,17,1
1217,40.56666666666667,1784217425.7286665,6.623208680851867,-1.2878596904150754,8.181745677392485,1.9516592263782508,-2.977817600507769,-1.0354539819910404,64,46,0.71875,43,0,0,2676,0,17,1
1218,40.6,1784217425.7619998,11.195721120496955,-0.0753512130626035,7.704461828069569,-0.017873158169924127,-2.5712728245909218,-0.8030470913514918,72,51,0.7083333333333334,47,0,0,2676,0,17,1
1219,40.63333333333333,1784217425.7953334,9.638470970598053,-1.3730304279775822,8.674555537022542,1.4773210509361194,-3.2299680124725487,-0.8811497170283875,70,45,0.6428571428571429,52,0,0,2676,0,17,1
1220,40.666666666666664,1784217425.8286667,11.166905886441038,-1.7136323058439729,9.388649026796273,1.097347333197567,-3.614345045943987,-1.2734092779055175,76,43,0.5657894736842105,54,0,0,2676,0,17,1
1221,40.7,1784217425.862,10.46385477160692,2.122647962831536,5.930344130776049,2.209879174283365,-1.3448283292697218,-0.5657693122497982,67,42,0.6268656716417911,42,0,0,2676,0,17,1
1222,40.733333333333334,1784217425.8953333,13.306590008234993,-0.18463225992327637,5.978288081315682,0.9401471522969991,-2.2439022304975427,-1.0507648638002445,75,43,0.5733333333333334,34,0,0,2676,0,17,1
1223,40.766666666666666,1784217425.9286666,13.60551289710175,-0.9119345563608761,9.573954810473793,1.327685770206114,-3.462012984628999,-1.1563834102127386,72,42,0.5833333333333334,37,0,0,2676,0,17,1
1224,40.8,1784217425.962,14.848019240627567,1.269308807538664,1.3003811515062864,1.438659410858123,-0.43247168737444075,-0.5480418184607199,62,39,0.6290322580645161,31,0,0,2676,0,17,1
1225,40.833333333333336,1784217425.9953332,13.642713393740614,0.7150689008528275,8.313517630290534,2.5118266558321327,-2.534920529865738,-1.0988950565446864,70,46,0.6571428571428571,31,0,0,2676,0,17,1
1226,40.86666666666667,1784217426.0286665,17.170012744608297,0.2372331612038181,7.3644572852939945,1.0609400404039044,-2.632941627220296,-1.1207759525210759,73,41,0.5616438356164384,49,0,0,2676,0,17,1
1227,40.9,1784217426.062,15.706057943084783,1.8558826391955279,5.1391559928339205,2.652291680867566,-1.3068876574546984,-0.6564093596731353,73,42,0.5753424657534246,45,0,0,2676,0,17,1
1228,40.93333333333333,1784217426.0953333,20.590088115854456,0.6232575070573176,9.991002571787504,0.737438681890281,-3.3214911188613,-0.8814466247300113,68,40,0.5882352941176471,46,0,0,2676,0,17,1
1229,40.96666666666667,1784217426.1286666,17.81346459583687,0.9992161432674891,3.9362873570429286,2.4073440177752685,-1.3591372612102302,-1.0095650514473644,73,42,0.5753424657534246,42,0,0,2676,0,17,1
1230,41.0,1784217426.162,23.344604816656666,1.6350373350356335,4.254060594694053,0.39820679740526094,-1.4947212158908862,-0.35347782299156066,70,40,0.5714285714285714,57,0,0,2676,0,17,1
1231,41.03333333333333,1784217426.1953332,16.6279734137674,3.2044570124753164,6.566803623243146,4.014579177736649,-1.2379573858651227,-1.2144466739111024,77,48,0.6233766233766234,51,0,0,2676,0,17,1
1232,41.06666666666667,1784217426.2286665,20.16814371763555,3.384510346033224,4.8808061068617405,2.5610832918322926,-0.8833963107969227,-1.273525174263874,75,49,0.6533333333333333,48,0,0,2676,0,17,1
1233,41.1,1784217426.2619998,25.499512070719405,-0.867180429098994,10.21444888988799,1.4222671708289156,-3.9183851029921097,-0.00907663070690209,79,45,0.569620253164557,49,0,0,2676,0,17,1
1234,41.13333333333333,1784217426.2953334,21.33040113453149,2.8924857929429066,6.077692390815514,2.807512311256905,-1.4307278520221651,-1.6830082247252414,75,41,0.5466666666666666,55,0,0,2676,0,17,1
1235,41.166666666666664,1784217426.3286667,26.948418649044672,0.5925934077509112,6.923308718397735,1.2023146839526315,-2.661940317194173,-0.7213838838947776,68,47,0.6911764705882353,34,0,0,2676,0,17,1
1236,41.2,1784217426.362,24.79619029696149,3.218351634221861,7.931960546944055,2.5671793070581046,-1.9126421843124668,-1.305954509297121,81,46,0.5679012345679012,44,0,0,2676,0,17,1
1237,41.233333333333334,1784217426.3953333,28.063246363772162,2.055963481822758,8.349300276735619,1.692912584063451,-2.5395806870381183,-0.6801983202211862,91,46,0.5054945054945055,37,0,0,2676,0,17,1
1238,41.266666666666666,1784217426.4286666,27.129567312195,1.901789727023825,7.70666208512128,2.259822244889066,-2.3948868160045578,-1.4936175455128324,79,45,0.569620253164557,58,0,0,2676,0,17,1
1239,41.3,1784217426.462,29.687612885485017,2.405011288060436,8.411283278592848,1.8244432828981147,-2.5472142033289127,-1.0006487802263946,79,42,0.5316455696202531,38,0,0,2676,0,17,1
1240,41.333333333333336,1784217426.4953332,29.21031113893856,2.1160647034017472,8.056116626130574,2.411032842111186,-2.446626056888564,-1.390163207192198,67,44,0.6567164179104478,33,0,0,2676,0,17,1
1241,41.36666666666667,1784217426.5286665,32.924876648720925,4.126433399769553,5.716480553201805,1.1053760478129109,-1.381788041098758,-0.8924254656432702,87,42,0.4827586206896552,38,0,0,2676,0,17,1
1242,41.4,1784217426.562,32.73210462091824,5.363301269816873,5.559655433512873,1.7204011228213716,-0.8337029757637512,-0.9907686526597268,73,45,0.6164383561643836,32,0,0,2676,0,17,1
1243,41.43333333333333,1784217426.5953333,34.21096452263547,4.75514525784601,3.9165437604070803,1.0893529218738918,-0.8009593813743724,-1.3362983127634516,82,41,0.5,41,0,0,2676,0,17,1
1244,41.46666666666667,1784217426.6286666,30.731699417047366,4.939639667245729,3.0792062843254797,3.0595731372378228,-0.18964507978800207,-1.7269770351626375,75,37,0.49333333333333335,47,0,0,2676,0,17,1
1245,41.5,1784217426.662,34.229097469244664,2.1185241040708007,9.906948112976622,2.661995450490723,-3.0305301021458533,-1.2136735658834998,87,50,0.5747126436781609,42,0,0,2676,0,17,1
1246,41.53333333333333,1784217426.6953332,38.30595585911284,3.897481644706488,7.896804506179677,1.2602734659893975,-2.219633471505579,-1.03566828134121,69,36,0.5217391304347826,45,0,0,2676,0,17,1
1247,41.56666666666667,1784217426.7286665,35.675065665097875,3.5034338429029503,7.377195023521651,2.7920062468599367,-1.9876506242795642,-1.3828913030687395,67,37,0.5522388059701493,46,0,0,2676,0,17,1
1248,41.6,1784217426.7619998,39.69143765077216,3.5079297748996225,8.062495271572672,1.5237431091917,-2.370809381433018,-1.0804550838093978,82,47,0.573170731707317,44,0,0,2676,0,17,1
1249,41.63333333333333,1784217426.7953334,39.73428266961998,3.850399257556333,7.891029661734223,1.2224216056007857,-2.494248272315836,-2.09892307327704,70,40,0.5714285714285714,32,0,0,2676,0,17,1
1250,41.666666666666664,1784217426.8286667,42.47769882527091,4.353663310707546,8.585232734976245,1.4342922039873474,-2.3182587521925977,-0.7731984826058547,83,42,0.5060240963855421,33,0,0,2676,0,17,1
1251,41.7,1784217426.862,40.42381060657707,3.9060474092422766,8.696489468771162,2.2158220739250463,-2.527901609896083,-1.9307818493806348,70,41,0.5857142857142857,35,0,0,2676,0,17,1
1252,41.733333333333334,1784217426.8953333,44.16291502466768,4.645063190020593,9.17638544110838,1.798977278011127,-2.2803414483750175,-0.5777928352712469,76,44,0.5789473684210527,41,0,0,2676,0,17,1
1253,41.766666666666666,1784217426.9286666,45.878339457731215,4.938350310722242,9.207374372757855,1.4382552945013145,-2.348142653551165,-0.6185503674138567,73,40,0.547945205479452,29,0,0,2676,0,17,1
1254,41.8,1784217426.962,44.008311909888306,4.838482987368536,9.404580152893828,2.739141981178301,-2.1867703904938534,-1.0032150142702325,71,43,0.6056338028169014,33,0,0,2676,0,17,1
1255,41.833333333333336,1784217426.9953332,47.71395443154725,3.1726348082173814,9.840610905521757,1.363680571605872,-3.300118604512654,-1.0400051941938964,74,42,0.5675675675675675,53,0,0,2676,0,17,1
1256,41.86666666666667,1784217427.0286665,44.59313842379048,7.116146067599118,7.698752660670195,3.1630768296414296,-1.0353202381422302,-1.3436798872372355,80,45,0.5625,44,0,0,2676,0,17,1
1257,41.9,1784217427.062,48.02659535537764,5.4726802065461015,8.79503786611501,1.9425736240404696,-2.1492585229955634,-1.3870034237931963,75,40,0.5333333333333333,44,0,0,2676,0,17,1
1258,41.93333333333333,1784217427.0953333,50.34689823568712,5.037011487846485,8.46998781923223,1.6402831210824242,-2.2808679218223937,-0.8346994239572082,74,42,0.5675675675675675,46,0,0,2676,0,17,1
1259,41.96666666666667,1784217427.1286666,49.99435353168201,5.420096706627561,9.919527825386425,2.505043808326033,-2.3105890116579766,-0.9072365695150736,76,49,0.6447368421052632,35,0,0,2676,0,17,1
1260,42.0,1784217427.162,52.735119208239865,5.747015119138894,9.586180526757474,1.5168258125387237,-2.4071377009313584,-0.9696135177318411,76,40,0.5263157894736842,43,0,0,2676,0,17,1
1261,42.03333333333333,1784217427.1953332,53.219516154689444,6.8429171693642985,6.506513787186975,1.6343963416285174,-1.1749248488700024,-0.8672031933227752,69,38,0.5507246376811594,40,0,0,2676,0,17,1
1262,42.06666666666667,1784217427.2286665,55.421545412220894,3.835694298785981,9.886347515241255,1.6133436445787968,-3.0839839982819806,-0.4239448151280439,63,35,0.5555555555555556,37,0,0,2676,0,17,1
1263,42.1,1784217427.2619998,51.05800564794896,8.451068973999597,3.9400868426362052,2.934786627890393,0.21473067431656107,-1.4851301032082482,61,30,0.4918032786885246,62,0,0,2676,0,17,1
1264,42.13333333333333,1784217427.2953334,55.26389384110112,8.048421393249711,3.3845057490700867,1.6470398872686136,-0.04706095573169557,-0.949125033488508,69,33,0.4782608695652174,45,0,0,2676,0,17,1
1265,42.166666666666664,1784217427.3286667,51.82374424625759,9.331589334017565,7.288186270536855,4.031263018450237,-0.15502352128525848,-1.4159411146349883,69,39,0.5652173913043478,44,0,0,2676,0,17,1
1266,42.2,1784217427.362,58.98251287605757,5.420299464609741,8.80286230642588,1.2709004075917556,-2.6755689069220185,-1.238837975428875,68,36,0.5294117647058824,41,0,0,2676,0,17,1
1267,42.233333333333334,1784217427.3953333,54.475480219284165,6.891067560371695,10.520351410678728,4.467873895362277,-1.6748373265174885,-0.8374218162326696,65,26,0.4,56,0,0,2676,0,17,1
1268,42.266666666666666,1784217427.4286666,53.88161504267832,9.328179772400176,8.713235495274105,4.686818460443638,-0.42412279602268704,-1.4684265956612166,80,38,0.475,53,0,0,2676,0,17,1
1269,42.3,1784217427.462,64.80244824764456,4.896170529174455,9.83473444386874,-0.5504924973680487,-4.080194449596013,-2.140479344772061,70,20,0.2857142857142857,38,0,0,2676,0,17,1
1270,42.333333333333336,1784217427.4953332,59.732315487990306,9.170853632595907,3.5325781381710613,1.7706199422396292,-0.09140468171886802,-1.9437010956079621,53,21,0.39622641509433965,55,0,0,2676,0,17,1
1271,42.36666666666667,1784217427.5286665,nan,nan,nan,nan,nan,nan,46,12,0.2608695652173913,68,0,0,2676,0,17,0
1272,42.4,1784217427.562,nan,nan,nan,nan,nan,nan,52,9,0.17307692307692307,53,0,0,2676,0,17,0
1273,42.43333333333333,1784217427.5953333,nan,nan,nan,nan,nan,nan,51,14,0.27450980392156865,51,0,0,2676,0,17,0
1274,42.46666666666667,1784217427.6286666,nan,nan,nan,nan,nan,nan,61,14,0.22950819672131148,39,0,0,2676,0,17,0
1275,42.5,1784217427.662,nan,nan,nan,nan,nan,nan,43,13,0.3023255813953488,43,0,0,2676,0,17,0
1276,42.53333333333333,1784217427.6953332,nan,nan,nan,nan,nan,nan,48,6,0.125,46,0,0,2676,0,17,0
1277,42.56666666666667,1784217427.7286665,nan,nan,nan,nan,nan,nan,53,0,0.0,48,0,0,2676,0,17,0
1278,42.6,1784217427.7619998,nan,nan,nan,nan,nan,nan,47,9,0.19148936170212766,47,0,0,2676,0,17,0
1279,42.63333333333333,1784217427.7953334,nan,nan,nan,nan,nan,nan,39,0,0.0,48,0,0,2676,0,17,0
1280,42.666666666666664,1784217427.8286667,nan,nan,nan,nan,nan,nan,41,0,0.0,57,0,0,2676,0,17,0
1281,42.7,1784217427.862,nan,nan,nan,nan,nan,nan,39,0,0.0,44,0,0,2676,0,17,0
1282,42.733333333333334,1784217427.8953333,nan,nan,nan,nan,nan,nan,54,0,0.0,40,0,0,2676,0,17,0
1283,42.766666666666666,1784217427.9286666,nan,nan,nan,nan,nan,nan,35,0,0.0,49,0,0,2676,0,17,0
1284,42.8,1784217427.962,nan,nan,nan,nan,nan,nan,43,0,0.0,35,0,0,2676,0,17,0
1285,42.833333333333336,1784217427.9953332,nan,nan,nan,nan,nan,nan,38,0,0.0,28,0,0,2676,0,17,0
1286,42.86666666666667,1784217428.0286665,nan,nan,nan,nan,nan,nan,37,0,0.0,47,0,0,2676,0,17,0
1287,42.9,1784217428.062,nan,nan,nan,nan,nan,nan,43,0,0.0,34,0,0,2676,0,17,0
1288,42.93333333333333,1784217428.0953333,nan,nan,nan,nan,nan,nan,42,0,0.0,50,0,0,2676,0,17,0
1289,42.96666666666667,1784217428.1286666,nan,nan,nan,nan,nan,nan,41,0,0.0,53,0,0,2676,0,17,0
1290,43.0,1784217428.162,nan,nan,nan,nan,nan,nan,42,0,0.0,65,0,0,2676,0,17,0
1291,43.03333333333333,1784217428.1953332,nan,nan,nan,nan,nan,nan,30,0,0.0,78,0,0,2676,0,17,0
1292,43.06666666666667,1784217428.2286665,nan,nan,nan,nan,nan,nan,42,0,0.0,74,0,0,2676,0,17,0
1293,43.1,1784217428.2619998,nan,nan,nan,nan,nan,nan,34,0,0.0,54,0,0,2676,0,17,0
1294,43.13333333333333,1784217428.2953334,nan,nan,nan,nan,nan,nan,45,0,0.0,43,0,0,2676,0,17,0
1295,43.166666666666664,1784217428.3286667,nan,nan,nan,nan,nan,nan,33,0,0.0,67,0,0,2676,0,17,0
1296,43.2,1784217428.362,nan,nan,nan,nan,nan,nan,34,0,0.0,64,0,0,2676,0,17,0
1297,43.233333333333334,1784217428.3953333,nan,nan,nan,nan,nan,nan,43,0,0.0,74,0,0,2676,0,17,0
1298,43.266666666666666,1784217428.4286666,nan,nan,nan,nan,nan,nan,43,0,0.0,72,0,0,2676,0,17,0
1299,43.3,1784217428.462,nan,nan,nan,nan,nan,nan,28,0,nan,81,0,0,2676,0,17,0
1300,43.333333333333336,1784217428.4953332,nan,nan,nan,nan,nan,nan,46,0,0.0,59,0,0,2676,0,17,0
1301,43.36666666666667,1784217428.5286665,nan,nan,nan,nan,nan,nan,38,0,0.0,86,0,0,2676,0,17,0
1302,43.4,1784217428.562,nan,nan,nan,nan,nan,nan,42,0,0.0,71,0,0,2676,0,17,0
1303,43.43333333333333,1784217428.5953333,nan,nan,nan,nan,nan,nan,39,0,0.0,79,0,0,2676,0,17,0
1304,43.46666666666667,1784217428.6286666,nan,nan,nan,nan,nan,nan,44,0,0.0,85,0,0,2676,0,17,0
1305,43.5,1784217428.662,nan,nan,nan,nan,nan,nan,55,0,0.0,80,0,0,2676,0,17,0
1306,43.53333333333333,1784217428.6953332,nan,nan,nan,nan,nan,nan,36,0,0.0,83,0,0,2676,0,17,0
1307,43.56666666666667,1784217428.7286665,nan,nan,nan,nan,nan,nan,30,0,0.0,90,0,0,2676,0,17,0
1308,43.6,1784217428.7619998,nan,nan,nan,nan,nan,nan,37,0,0.0,87,0,0,2676,0,17,0
1309,43.63333333333333,1784217428.7953334,nan,nan,nan,nan,nan,nan,42,0,0.0,83,0,0,2676,0,17,0
1310,43.666666666666664,1784217428.8286667,nan,nan,nan,nan,nan,nan,46,0,0.0,83,0,0,2676,0,17,0
1311,43.7,1784217428.862,nan,nan,nan,nan,nan,nan,45,0,0.0,79,0,0,2676,0,17,0
1312,43.733333333333334,1784217428.8953333,nan,nan,nan,nan,nan,nan,52,0,0.0,73,0,0,2676,0,17,0
1313,43.766666666666666,1784217428.9286666,nan,nan,nan,nan,nan,nan,40,0,0.0,73,0,0,2676,0,17,0
1314,43.8,1784217428.962,nan,nan,nan,nan,nan,nan,41,0,0.0,78,0,0,2676,0,17,0
1315,43.833333333333336,1784217428.9953332,nan,nan,nan,nan,nan,nan,38,0,0.0,108,0,0,2676,0,17,0
1316,43.86666666666667,1784217429.0286665,nan,nan,nan,nan,nan,nan,41,0,0.0,109,0,0,2676,0,17,0
1317,43.9,1784217429.062,nan,nan,nan,nan,nan,nan,31,0,0.0,99,0,0,2676,0,17,0
1318,43.93333333333333,1784217429.0953333,nan,nan,nan,nan,nan,nan,47,0,0.0,85,0,0,2676,0,17,0
1319,43.96666666666667,1784217429.1286666,nan,nan,nan,nan,nan,nan,73,0,0.0,80,0,0,2676,0,17,0
1320,44.0,1784217429.162,nan,nan,nan,nan,nan,nan,58,0,0.0,62,0,0,2676,0,17,0
1321,44.03333333333333,1784217429.1953332,nan,nan,nan,nan,nan,nan,46,0,0.0,87,0,0,2676,0,17,0
1322,44.06666666666667,1784217429.2286665,nan,nan,nan,nan,nan,nan,55,0,0.0,96,0,0,2676,0,17,0
1323,44.1,1784217429.2619998,nan,nan,nan,nan,nan,nan,54,0,0.0,100,0,0,2676,0,17,0
1324,44.13333333333333,1784217429.2953334,nan,nan,nan,nan,nan,nan,66,0,0.0,100,0,0,2676,0,17,0
1325,44.166666666666664,1784217429.3286667,nan,nan,nan,nan,nan,nan,36,0,0.0,84,0,0,2676,0,17,0
1326,44.2,1784217429.362,nan,nan,nan,nan,nan,nan,34,0,0.0,117,0,0,2676,0,17,0
1327,44.233333333333334,1784217429.3953333,nan,nan,nan,nan,nan,nan,42,0,0.0,111,0,0,2676,0,17,0
1328,44.266666666666666,1784217429.4286666,nan,nan,nan,nan,nan,nan,57,0,0.0,105,0,0,2676,0,17,0
1329,44.3,1784217429.462,nan,nan,nan,nan,nan,nan,43,0,0.0,97,0,0,2676,0,17,0
1330,44.333333333333336,1784217429.4953332,nan,nan,nan,nan,nan,nan,42,0,0.0,112,0,0,2676,0,17,0
1331,44.36666666666667,1784217429.5286665,nan,nan,nan,nan,nan,nan,53,0,0.0,92,0,0,2676,0,17,0
1332,44.4,1784217429.562,nan,nan,nan,nan,nan,nan,43,0,0.0,132,0,0,2676,0,17,0
1333,44.43333333333333,1784217429.5953333,nan,nan,nan,nan,nan,nan,46,0,0.0,115,0,0,2676,0,17,0
1334,44.46666666666667,1784217429.6286666,nan,nan,nan,nan,nan,nan,54,0,0.0,108,0,0,2676,0,17,0
1335,44.5,1784217429.662,nan,nan,nan,nan,nan,nan,34,0,0.0,102,0,0,2676,0,17,0
1336,44.53333333333333,1784217429.6953332,nan,nan,nan,nan,nan,nan,44,0,0.0,89,0,0,2676,0,17,0
1337,44.56666666666667,1784217429.7286665,nan,nan,nan,nan,nan,nan,55,10,0.18181818181818182,107,0,0,2676,0,17,0
1338,44.6,1784217429.7619998,nan,nan,nan,nan,nan,nan,54,0,0.0,106,0,0,2676,0,17,0
1339,44.63333333333333,1784217429.7953334,nan,nan,nan,nan,nan,nan,57,0,0.0,110,0,0,2676,0,17,0
1340,44.666666666666664,1784217429.8286667,nan,nan,nan,nan,nan,nan,39,0,0.0,121,0,0,2676,0,17,0
1341,44.7,1784217429.862,nan,nan,nan,nan,nan,nan,46,0,0.0,93,0,0,2676,0,17,0
1342,44.733333333333334,1784217429.8953333,nan,nan,nan,nan,nan,nan,77,0,0.0,103,0,0,2676,0,17,0
1343,44.766666666666666,1784217429.9286666,nan,nan,nan,nan,nan,nan,41,0,0.0,110,0,0,2676,0,17,0
1344,44.8,1784217429.962,nan,nan,nan,nan,nan,nan,45,0,0.0,113,0,0,2676,0,17,0
1345,44.833333333333336,1784217429.9953332,nan,nan,nan,nan,nan,nan,51,0,0.0,119,0,0,2676,0,17,0
1346,44.86666666666667,1784217430.0286665,nan,nan,nan,nan,nan,nan,52,0,0.0,113,0,0,2676,0,17,0
1347,44.9,1784217430.062,nan,nan,nan,nan,nan,nan,64,0,0.0,99,0,0,2676,0,17,0
1348,44.93333333333333,1784217430.0953333,nan,nan,nan,nan,nan,nan,43,0,0.0,116,0,0,2676,0,17,0
1349,44.96666666666667,1784217430.1286666,nan,nan,nan,nan,nan,nan,68,0,0.0,100,0,0,2676,0,17,0
1350,45.0,1784217430.162,nan,nan,nan,nan,nan,nan,56,0,0.0,126,0,0,2676,0,17,0
1351,45.03333333333333,1784217430.1953332,nan,nan,nan,nan,nan,nan,45,0,0.0,128,0,0,2676,0,17,0
1352,45.06666666666667,1784217430.2286665,nan,nan,nan,nan,nan,nan,47,0,0.0,142,0,0,2676,0,17,0
1353,45.1,1784217430.2619998,nan,nan,nan,nan,nan,nan,56,0,0.0,143,0,0,2676,0,17,0
1354,45.13333333333333,1784217430.2953334,nan,nan,nan,nan,nan,nan,55,0,0.0,170,0,0,2676,0,17,0
1355,45.166666666666664,1784217430.3286667,nan,nan,nan,nan,nan,nan,92,0,0.0,159,0,0,2676,0,17,0
1356,45.2,1784217430.362,nan,nan,nan,nan,nan,nan,82,0,0.0,174,0,0,2676,0,17,0
1357,45.233333333333334,1784217430.3953333,nan,nan,nan,nan,nan,nan,80,0,0.0,172,0,0,2676,0,17,0
1358,45.266666666666666,1784217430.4286666,nan,nan,nan,nan,nan,nan,75,0,0.0,207,0,0,2676,0,17,0
1359,45.3,1784217430.462,nan,nan,nan,nan,nan,nan,94,7,0.07446808510638298,197,0,0,2676,0,17,0
1360,45.333333333333336,1784217430.4953332,nan,nan,nan,nan,nan,nan,96,13,0.13541666666666666,212,0,0,2676,0,17,0
1361,45.36666666666667,1784217430.5286665,nan,nan,nan,nan,nan,nan,79,14,0.17721518987341772,225,0,0,2676,0,17,0
1362,45.4,1784217430.562,78.92118913874575,4.963222247871755,9.947016209615725,-1.5821754707589248,-3.9712057294541743,0.1095723261387035,86,31,0.36046511627906974,233,0,0,2676,0,17,1
1363,45.43333333333333,1784217430.5953333,nan,nan,nan,nan,nan,nan,83,8,0.0963855421686747,243,0,0,2676,0,17,0
1364,45.46666666666667,1784217430.6286666,nan,nan,nan,nan,nan,nan,93,15,0.16129032258064516,196,0,0,2676,0,17,0
1365,45.5,1784217430.662,nan,nan,nan,nan,nan,nan,92,9,0.09782608695652174,182,0,0,2676,0,17,0
1366,45.53333333333333,1784217430.6953332,nan,nan,nan,nan,nan,nan,85,12,0.1411764705882353,190,0,0,2676,0,17,0
1367,45.56666666666667,1784217430.7286665,nan,nan,nan,nan,nan,nan,86,14,0.16279069767441862,146,0,0,2676,0,17,0
1368,45.6,1784217430.7619998,67.65182188300196,3.6316476964802433,11.586539054944723,0.9159100803496254,-3.986185066536947,0.0801657088790816,89,23,0.25842696629213485,163,0,0,2676,0,17,1
1369,45.63333333333333,1784217430.7953334,66.9890495373873,6.175044143945357,10.265877405141765,0.27438302278831894,-3.0891895218656136,-0.7671289416346939,63,21,0.3333333333333333,175,0,0,2676,0,17,1
1370,45.666666666666664,1784217430.8286667,61.463600641649705,6.646010801512347,9.36941417415214,2.357631742607556,-2.032721340212621,-0.6127964414543129,83,22,0.26506024096385544,150,0,0,2676,0,17,1
1371,45.7,1784217430.862,67.02373079505013,3.2257757413881336,9.39145399635521,-1.1250712242429541,-4.285440381326774,-0.6460725956460867,102,31,0.30392156862745096,156,0,0,2676,0,17,1
1372,45.733333333333334,1784217430.8953333,60.5740807172068,5.8986268302209055,9.607594423189184,1.7713612438675617,-2.480899773973062,-0.6612965469616868,105,52,0.49523809523809526,171,0,0,2676,0,17,1
1373,45.766666666666666,1784217430.9286666,62.345694294265016,5.568232511142853,11.005835808477215,0.7187649401801935,-3.1247315405804206,-0.5761053999271821,112,55,0.49107142857142855,207,0,0,2676,0,17,1
1374,45.8,1784217430.962,62.103810231892695,4.1431495954093265,9.722336522614711,0.020319019766222114,-3.5222476422867994,-0.37115702132033523,117,67,0.5726495726495726,206,8,198,2874,1,18,1
1375,45.833333333333336,1784217430.9953332,58.82686572415004,4.820592066348311,10.363927678527332,1.431792724943894,-3.0477829851428537,-0.2581137371536658,148,85,0.5743243243243243,143,4,139,3013,1,19,1
1376,45.86666666666667,1784217431.0286665,59.89661003428736,4.982630362602464,11.403067134453693,0.9119421237001096,-3.2282461574067463,0.1791068831353039,170,81,0.4764705882352941,120,0,0,3013,0,19,1
1377,45.9,1784217431.062,59.82518222040328,3.6723059601175407,9.797612364829831,-0.23211411116937206,-3.700120025138789,-0.24499078675374722,176,89,0.5056818181818182,123,4,119,3132,1,20,1
1378,45.93333333333333,1784217431.0953333,57.78887256201715,3.785225324269902,9.151806960423485,0.006285896416717234,-3.387699937242524,-0.38409735177971194,171,82,0.47953216374269003,113,0,0,3132,0,20,1
1379,45.96666666666667,1784217431.1286666,56.95924167563325,3.741412185521,9.401087857534236,0.16506663095403074,-3.382799680622435,-0.3218282977009969,148,71,0.4797297297297297,127,0,0,3132,0,20,1
1380,46.0,1784217431.162,56.48380950144126,2.9734970052091967,10.528559516604702,0.021886186734479684,-3.9163410953403535,-0.26000206765651984,156,88,0.5641025641025641,120,5,115,3247,1,21,1
1381,46.03333333333333,1784217431.1953332,56.41007512238474,3.016933553386963,10.77929700884819,-0.2784574032763741,-3.910884458647952,-0.03898900395002532,143,88,0.6153846153846154,109,6,103,3350,1,22,1
1382,46.06666666666667,1784217431.2286665,54.394398103262205,3.505010645546207,11.085112622562932,0.11526385259106466,-3.75180931087782,-0.1888403231017983,141,76,0.5390070921985816,105,2,103,3453,1,23,1
1383,46.1,1784217431.2619998,54.908090040148394,2.7733505637643106,11.569431260026732,-0.3768611564869623,-4.211503298695133,-0.05945671961958736,121,65,0.5371900826446281,89,0,0,3453,0,23,1
1384,46.13333333333333,1784217431.2953334,52.99700729032652,2.190432143448703,10.998463222613438,-0.2385960284207819,-4.109168277064407,0.12907779639412023,118,65,0.5508474576271186,92,0,0,3453,0,23,1
1385,46.166666666666664,1784217431.3286667,47.93068144632335,2.8772465082582954,11.94486864913415,1.7412376249309138,-3.6697293357619065,-0.27474156640084635,112,60,0.5357142857142857,96,0,0,3453,0,23,1
1386,46.2,1784217431.362,50.047223858838336,2.7193836363718304,11.130179082555188,0.33148310489032146,-3.7909189931324074,-0.012057477812708639,103,57,0.5533980582524272,78,0,0,3453,0,23,1
1387,46.233333333333334,1784217431.3953333,47.72559010230859,3.0324482183090424,10.137761462899775,0.8178075994337233,-3.285710165602966,-0.05765451387305615,90,48,0.5333333333333333,80,0,0,3453,0,23,1
1388,46.266666666666666,1784217431.4286666,45.620425668143056,3.2593317428427753,10.896273907503556,1.3490005265768124,-3.283876608925509,-0.18746909230926004,88,54,0.6136363636363636,79,0,0,3453,0,23,1
1389,46.3,1784217431.462,46.8064696668212,2.1660780629198655,11.641195377922628,0.3316565022274621,-4.006100199012424,0.01068778964185612,98,48,0.4897959183673469,104,0,0,3453,0,23,1
1390,46.333333333333336,1784217431.4953332,41.04858772937579,2.4562630087994535,11.649816034985818,2.6043872539992003,-3.47109009412518,-0.2560414973401666,84,42,0.5,91,0,0,3453,0,23,1
1391,46.36666666666667,1784217431.5286665,42.913613879558724,2.8351893851122014,9.925745763827791,0.8071052784415006,-3.256979954388918,-0.48104516716696866,100,56,0.56,96,0,0,3453,0,23,1
1392,46.4,1784217431.562,43.64054084294979,1.5389580136432954,11.076800220644046,0.16917366486907112,-4.080347180132851,-0.3862787348067529,92,44,0.4782608695652174,93,0,0,3453,0,23,1
1393,46.43333333333333,1784217431.5953333,41.44289009609909,1.9527693207907362,9.84225763144569,0.49022872847738835,-3.5633848813944904,-0.42504486047205464,86,46,0.5348837209302325,79,0,0,3453,0,23,1
1394,46.46666666666667,1784217431.6286666,39.89859943594816,1.2240438448194197,10.75189640379746,0.7951277154584024,-3.9145719205040312,-0.39371811733113465,99,45,0.45454545454545453,78,0,0,3453,0,23,1
1395,46.5,1784217431.662,37.69866327959668,2.701103640529368,10.88881401145207,1.4861560874326707,-3.3161348986189743,-0.4626391863838409,93,47,0.5053763440860215,93,0,0,3453,0,23,1
1396,46.53333333333333,1784217431.6953332,39.403629088714126,1.4649040503451118,10.43574501185094,0.1194046003153802,-3.87493930327346,-0.3941794377167045,88,47,0.5340909090909091,89,0,0,3453,0,23,1
1397,46.56666666666667,1784217431.7286665,37.07290172007514,1.4462450258570954,9.941936813724013,0.5742350933098331,-3.536149611403978,-0.4833453216205807,85,48,0.5647058823529412,94,0,0,3453,0,23,1
1398,46.6,1784217431.7619998,33.68210091973613,2.9707662887468587,9.321942636028908,1.6681920158688104,-2.6408153962370693,-0.6095027019311124,106,60,0.5660377358490566,81,0,0,3453,0,23,1
1399,46.63333333333333,1784217431.7953334,33.45681684372637,1.7570435944750216,9.98565049187961,1.300863374279856,-3.2586426868792935,-0.5529967926586998,80,49,0.6125,81,0,0,3453,0,23,1
1400,46.666666666666664,1784217431.8286667,33.535760758559306,0.19705837308539742,11.25121665702001,0.8963471174761334,-4.16799684939748,-0.3370990754384156,90,52,0.5777777777777777,73,0,0,3453,0,23,1
1401,46.7,1784217431.862,31.881082839166197,0.1264029874881203,11.087374865336258,1.388584632961303,-3.999423265175453,-0.17586268135511526,89,59,0.6629213483146067,82,0,0,3453,0,23,1
1402,46.733333333333334,1784217431.8953333,31.022709519130128,1.055366549627081,10.17792389355941,1.114201096686605,-3.4780255497974397,-0.43152360566534576,88,49,0.5568181818181818,90,0,0,3453,0,23,1
1403,46.766666666666666,1784217431.9286666,27.86378309785969,2.192938289293224,10.361264019819146,2.176145803469744,-2.9742905375225677,-0.3874167282659492,90,49,0.5444444444444444,108,11,97,3550,1,24,1
1404,46.8,1784217431.962,29.811229181185887,0.6827178620292358,10.520189414189716,0.8278235000406777,-3.6236856443082384,-0.13743018226578915,102,60,0.5882352941176471,55,0,0,3550,0,24,1
1405,46.833333333333336,1784217431.9953332,28.325402309135583,0.40564255869402643,9.612204935675848,0.7488837896413026,-3.4922428382998882,-0.36721462348215955,100,48,0.48,73,0,0,3550,0,24,1
1406,46.86666666666667,1784217432.0286665,25.849911202016894,0.6646482551737165,10.110549811431014,1.3591721820342362,-3.457495004048853,-0.6660474092505577,102,65,0.6372549019607843,89,0,0,3550,0,24,1
1407,46.9,1784217432.062,24.38678135221869,2.3498404318319785,7.616663112091544,1.3851480675378425,-2.1837524742958205,-0.7997134911529532,90,53,0.5888888888888889,68,0,0,3550,0,24,1
1408,46.93333333333333,1784217432.0953333,24.91694260036941,-0.6629263256134976,10.377622947191654,0.8822721495903201,-4.00267014380774,-0.5555139364530536,85,49,0.5764705882352941,75,0,0,3550,0,24,1
1409,46.96666666666667,1784217432.1286666,23.248498456603684,0.4761838424189051,10.843393108743982,1.218763515348276,-3.5936593925231772,-0.5185463380196381,98,53,0.5408163265306123,57,0,0,3550,0,24,1
1410,47.0,1784217432.162,21.113108985962015,0.1646682447578769,9.113165494528815,1.4719488414195792,-3.2001466444582602,-0.7939216557874847,93,55,0.5913978494623656,67,0,0,3550,0,24,1
1411,47.03333333333333,1784217432.1953332,19.791064114609014,-1.386230482145848,9.678373341558128,1.904250511939561,-3.775759497277796,-0.5422310522601813,78,52,0.6666666666666666,55,0,0,3550,0,24,1
1412,47.06666666666667,1784217432.2286665,18.352392053932224,1.0043669040140912,7.566130560109613,1.9136515346081662,-2.3911614771582523,-0.6592630407711716,76,49,0.6447368421052632,57,0,0,3550,0,24,1
1413,47.1,1784217432.2619998,17.256840173070714,-0.0049331081700501045,9.878582521048983,1.934230530625369,-3.3117047454716553,-0.9557803702566637,83,58,0.6987951807228916,70,0,0,3550,0,24,1
1414,47.13333333333333,1784217432.2953334,14.77087256581594,-0.9190188266594674,10.286370001391944,2.8904328626897287,-3.583374548467293,-0.6296747362585706,76,51,0.6710526315789473,40,0,0,3550,0,24,1
1415,47.166666666666664,1784217432.3286667,15.388910883529665,0.776992266711801,8.982204513342467,1.8181873024513484,-2.7575414776184166,-0.5950607012704264,78,49,0.6282051282051282,51,0,0,3550,0,24,1
1416,47.2,1784217432.362,15.010631020095053,-0.6793431826178988,10.46438391222297,1.7446981535909978,-3.6211397699239107,-0.35431504828200605,84,45,0.5357142857142857,63,0,0,3550,0,24,1
1417,47.233333333333334,1784217432.3953333,13.844000017824031,-1.588785879458527,10.562840345954655,2.021924803943877,-3.872853763223964,-0.2802977679148224,76,52,0.6842105263157895,66,0,0,3550,0,24,1
1418,47.266666666666666,1784217432.4286666,9.874728983572005,-1.3841186442496678,9.185445833533706,3.158481738698705,-3.320891945197987,-0.808919377159787,66,50,0.7575757575757576,68,0,0,3550,0,24,1
1419,47.3,1784217432.462,13.41985720000793,-1.5429632699373315,10.530930544513225,0.6310000111649487,-3.943671891535999,-0.9558857839147791,77,43,0.5584415584415584,67,0,0,3550,0,24,1
1420,47.333333333333336,1784217432.4953332,10.377638149487414,-0.9712654356995643,9.43770568955081,1.6477579457168676,-3.3244492155767813,-0.8993276420330497,69,47,0.6811594202898551,67,0,0,3550,0,24,1
1421,47.36666666666667,1784217432.5286665,6.707518459940826,-2.7260269283715104,10.668659125397255,2.884061357770113,-4.137267772339403,-1.1105970779942702,77,53,0.6883116883116883,63,0,0,3550,0,24,1
1422,47.4,1784217432.562,9.408918107225565,-1.0685700407382939,11.003899595083809,1.4615031265039196,-3.73793396739431,-0.3604505145920434,77,50,0.6493506493506493,80,0,0,3550,0,24,1
1423,47.43333333333333,1784217432.5953333,7.019574888238408,-0.48834559761488094,9.73841193361909,2.0186622671121364,-3.133020183612815,-0.5138049047671195,73,49,0.6712328767123288,67,0,0,3550,0,24,1
1424,47.46666666666667,1784217432.6286666,10.686795439054283,-0.8825496792939873,9.69760953059155,-0.23232336343100946,-3.3759989961118353,-0.1575997074182853,81,55,0.6790123456790124,75,0,0,3550,0,24,1
1425,47.5,1784217432.662,4.796653564840559,-1.2732427512129618,10.27356726755147,1.8395279483527727,-3.4690954659491458,-1.1157897208909204,77,44,0.5714285714285714,58,0,0,3550,0,24,1
1426,47.53333333333333,1784217432.6953332,2.618917313482587,-0.415593641365831,9.415087988417028,2.6953551933740325,-2.935276163296082,-0.4017852778185323,67,40,0.5970149253731343,55,0,0,3550,0,24,1
1427,47.56666666666667,1784217432.7286665,5.821753941967932,-1.833546110131806,9.002960990889193,0.3295972500645852,-3.306228137035935,-0.5652206347387281,68,43,0.6323529411764706,66,0,0,3550,0,24,1
1428,47.6,1784217432.7619998,5.290414536296494,-1.6524598074823729,10.00217319387086,0.16633165113334736,-3.518294293987302,-0.5012374367493982,72,52,0.7222222222222222,62,0,0,3550,0,24,1
1429,47.63333333333333,1784217432.7953334,3.564616678420098,-1.4134742074604532,10.105829930444514,0.6718748123471494,-3.4338292343433614,-0.174912530627571,65,50,0.7692307692307693,60,0,0,3550,0,24,1
1430,47.666666666666664,1784217432.8286667,-1.220395344652779,-2.507941564615834,9.309835229412855,2.347687278695314,-3.4767742571426092,-0.7476566309630279,77,51,0.6623376623376623,71,0,0,3550,0,24,1
1431,47.7,1784217432.862,1.010311624224192,-1.836604092372582,8.502002926846899,0.6280644901054951,-3.0078488444340423,-0.7918090019083134,80,59,0.7375,72,0,0,3550,0,24,1
1432,47.733333333333334,1784217432.8953333,1.7818988805778293,-2.0415644492313163,10.112645538526351,-0.2343530912057267,-3.5444368139237437,-0.6298641680039686,69,48,0.6956521739130435,62,0,0,3550,0,24,1
1433,47.766666666666666,1784217432.9286666,-4.102238334319683,-2.8808745794771937,8.657381533447989,2.721964168921681,-3.373349371171894,-0.5405047511876577,80,55,0.6875,85,0,0,3550,0,24,1
1434,47.8,1784217432.962,-2.0455878397224865,-3.406509299449965,9.951518102098532,1.198065604582049,-3.876463783632336,-0.7775462519449723,80,53,0.6625,97,0,0,3550,0,24,1
1435,47.833333333333336,1784217432.9953332,-0.35917084989701387,-2.6583380054770345,11.474438361624081,0.0633070337215675,-4.042876011141166,-0.6786322402312887,70,46,0.6571428571428571,101,11,90,3640,1,25,1
1436,47.86666666666667,1784217433.0286665,-1.7801388953607216,-2.1227188314000642,8.861035299055132,0.6693790671541273,-3.1353834511368315,-0.5511502862855318,114,79,0.6929824561403509,33,0,0,3640,0,25,1
1437,47.9,1784217433.062,-2.0652043920796146,-2.338007310054607,8.578752966313303,0.743779193516137,-3.11148944354426,-0.7083266785735214,102,69,0.6764705882352942,41,0,0,3640,0,25,1
1438,47.93333333333333,1784217433.0953333,-4.069553082096142,-1.8382972952196752,8.060672943811312,1.8850960919199216,-2.834596897233656,-0.5515683729158354,117,85,0.7264957264957265,46,0,0,3640,0,25,1
1439,47.96666666666667,1784217433.1286666,-1.2323081771462405,-2.824672615515354,10.0550544393939,0.32160786758616566,-3.70261389621077,-0.4625614615373259,112,82,0.7321428571428571,46,0,0,3640,0,25,1
1440,48.0,1784217433.162,-0.5616674086347171,-3.358295673041326,11.239884377687716,-0.05752283001162961,-4.22584738041198,-0.5593055613504601,110,76,0.6909090909090909,50,0,0,3640,0,25,1
1441,48.03333333333333,1784217433.1953332,-0.7146942385111519,-3.9292341785779143,11.123672585508913,0.09583833055941268,-4.416405613687696,-0.6630841780018047,102,66,0.6470588235294118,66,0,0,3640,0,25,1
1442,48.06666666666667,1784217433.2286665,-6.676188233396697,-2.7539887855954106,8.777037487821303,3.1794789093871487,-3.310551751013424,-0.5821064840036729,105,70,0.6666666666666666,55,0,0,3640,0,25,1
1443,48.1,1784217433.2619998,-5.41790786291368,-2.478077549807992,8.021802731556932,2.464822886055607,-3.0354944941870254,-0.625237173008271,100,64,0.64,46,0,0,3640,0,25,1
1444,48.13333333333333,1784217433.2953334,0.3377264202481989,-3.5209902322653335,10.080566609840218,-0.5642915880360345,-4.033488192201738,-0.7867574965975536,102,69,0.6764705882352942,56,0,0,3640,0,25,1
1445,48.166666666666664,1784217433.3286667,-4.034930632644027,-2.2475463084136322,9.135997279515848,1.7128554680929986,-3.20902585246877,-0.599209920840988,99,73,0.7373737373737373,45,0,0,3640,0,25,1
1446,48.2,1784217433.362,-5.039308476324518,-2.2101785042032844,7.58512921470178,2.163928786477153,-2.780952167252894,-0.8102938306301084,106,72,0.6792452830188679,39,0,0,3640,0,25,1
1447,48.233333333333334,1784217433.3953333,-2.1912879309729334,-1.7596193403381335,8.284229075905344,0.712505376478659,-2.8363163176033352,-0.6574154960511553,103,74,0.7184466019417476,39,0,0,3640,0,25,1
1448,48.266666666666666,1784217433.4286666,-3.283541477296591,-1.8018656194424238,7.659176257155451,1.3164362934727432,-2.684019706270003,-0.7492452767707619,102,67,0.6568627450980392,54,0,0,3640,0,25,1
1449,48.3,1784217433.462,-1.9208035378547272,-1.7935634255487827,9.346346087314956,0.5999481428704244,-3.160852627818255,-0.5122788893845476,103,71,0.6893203883495146,40,0,0,3640,0,25,1
1450,48.333333333333336,1784217433.4953332,-5.11166917211256,-1.9028225212780683,7.196890862490534,2.2945727770972355,-2.6041687358660783,-0.6598739324734119,98,64,0.6530612244897959,49,0,0,3640,0,25,1
1451,48.36666666666667,1784217433.5286665,-1.2141149404764953,-3.03878348065885,11.35133184487907,0.32424971356804866,-4.15639044621019,-0.6444585717448856,99,57,0.5757575757575758,31,0,0,3640,0,25,1
1452,48.4,1784217433.562,-2.1701725513369823,-2.3263349323711537,8.673953014022075,0.6092580637854613,-3.128480127548859,-0.7696843692905975,105,69,0.6571428571428571,42,0,0,3640,0,25,1
1453,48.43333333333333,1784217433.5953333,-2.918834458277974,-1.2734365754282067,7.855990167972635,1.0551155418650238,-2.558363444459104,-0.6855889889013982,103,76,0.7378640776699029,50,0,0,3640,0,25,1
1454,48.46666666666667,1784217433.6286666,-1.2919404325319181,-3.0507359597087884,11.290284919736806,0.22026124111018894,-4.098987674579314,-0.7407976481012568,100,64,0.64,42,0,0,3640,0,25,1
1455,48.5,1784217433.662,-3.9066032722057393,-3.7387118183266352,9.574013016441512,1.5855933683639472,-3.882581813959949,-0.9339979983739028,104,68,0.6538461538461539,40,0,0,3640,0,25,1
1456,48.53333333333333,1784217433.6953332,-1.1567449825174574,-2.669288622582272,8.793888139213678,0.138263709160586,-3.2994351008946023,-0.7376031819581818,100,63,0.63,34,0,0,3640,0,25,1
1457,48.56666666666667,1784217433.7286665,-4.903143717729488,-3.0143086877107663,10.143792927136928,1.9732207179403427,-3.7192780290372993,-0.9142969164558326,101,62,0.6138613861386139,31,0,0,3640,0,25,1
1458,48.6,1784217433.7619998,-2.4962014002405404,-2.737439278596838,9.094082943941316,0.9456224755138709,-3.4059093649303285,-0.5802504992991669,102,56,0.5490196078431373,45,0,0,3640,0,25,1
1459,48.63333333333333,1784217433.7953334,-1.8606418438119547,-2.469222861971673,9.40297230359566,0.5997521401522814,-3.4090722045644974,-0.5488187400638279,100,60,0.6,29,0,0,3640,0,25,1
1460,48.666666666666664,1784217433.8286667,-3.8839003698916734,-1.2508746473299368,7.306549389173995,1.4991974923965168,-2.361249546148383,-0.6558993988734737,108,71,0.6574074074074074,41,0,0,3640,0,25,1
1461,48.7,1784217433.862,-2.7761314552213285,-2.7918024130347874,8.344433118894585,1.0249780908530488,-3.223836227370443,-0.7943597397071412,105,58,0.5523809523809524,41,0,0,3640,0,25,1
1462,48.733333333333334,1784217433.8953333,-1.3162432344801154,-2.399851513936241,8.492073743422182,0.2887880041116424,-3.154777048894022,-0.6146006594693632,92,70,0.7608695652173914,41,0,0,3640,0,25,1
1463,48.766666666666666,1784217433.9286666,-2.8945669248898156,-2.187133347255525,8.062015360519197,1.097199319447193,-2.9433423819093183,-0.8318495526867001,97,65,0.6701030927835051,33,0,0,3640,0,25,1
1464,48.8,1784217433.962,-0.44342616038744254,-3.336129060896795,10.610002302292983,-0.0652826944273813,-4.078311136286019,-0.5882093246664111,101,63,0.6237623762376238,33,0,0,3640,0,25,1
1465,48.833333333333336,1784217433.9953332,0.8905196363747869,-4.957731412212723,10.842217433080876,-0.7075869056543562,-4.754063588696532,-0.5120673266248449,104,66,0.6346153846153846,39,0,0,3640,0,25,1
1466,48.86666666666667,1784217434.0286665,-1.5101072696921065,-2.2093755551924943,9.699394130251676,0.45484423523374923,-3.4071184663599827,-0.6535405060487909,113,67,0.5929203539823009,40,0,0,3640,0,25,1
1467,48.9,1784217434.062,-1.129575319825971,-2.5041345692843464,8.723213955743972,0.15002294889907652,-3.268805795967658,-0.6847786587495556,101,65,0.6435643564356436,35,0,0,3640,0,25,1
1468,48.93333333333333,1784217434.0953333,-4.67188779605948,-2.659056734431701,8.857145184437087,2.078708613785484,-3.319800654264596,-0.6591671570620693,94,68,0.723404255319149,43,0,0,3640,0,25,1
1469,48.96666666666667,1784217434.1286666,-0.5837072737075761,-3.305718994442941,11.155730193995737,0.02618861216499408,-4.185922331142981,-0.4638582209946662,94,63,0.6702127659574468,34,0,0,3640,0,25,1
1470,49.0,1784217434.162,-5.36422609853393,-0.7788875250076615,7.39281759392415,2.3448831835087987,-2.21770800876698,-0.6898995905944139,104,83,0.7980769230769231,34,0,0,3640,0,25,1
1471,49.03333333333333,1784217434.1953332,-3.52788541646407,-2.8870184628785722,10.071069713672799,1.528411495666857,-3.7260003199350433,-0.519390558770944,89,55,0.6179775280898876,45,0,0,3640,0,25,1
1472,49.06666666666667,1784217434.2286665,-3.1055288090240936,-2.0776244361018854,8.012789388000613,1.2756887510618429,-2.877538838785648,-0.5822718548729672,97,62,0.6391752577319587,42,0,0,3640,0,25,1
1473,49.1,1784217434.2619998,-0.7732365913965378,-3.2782935853662565,10.978444204281047,0.005309886638133546,-4.147986193435722,-0.774413698943552,102,64,0.6274509803921569,48,0,0,3640,0,25,1
1474,49.13333333333333,1784217434.2953334,-3.0833482654655064,-1.8809824150023928,8.918015194142598,1.3128055189681305,-3.072066592599232,-0.435309336737852,98,66,0.673469387755102,38,0,0,3640,0,25,1
1475,49.166666666666664,1784217434.3286667,-5.840601482965791,-1.6906469035045575,7.488172053725009,2.6651696944859613,-2.5592816161389997,-0.8535983678111417,105,69,0.6571428571428571,36,0,0,3640,0,25,1
1476,49.2,1784217434.362,-5.5622731954006674,-1.8554665421560088,6.990909561642553,2.5119926741421854,-2.542638733521027,-0.7269326003806548,102,62,0.6078431372549019,31,0,0,3640,0,25,1
1477,49.233333333333334,1784217434.3953333,-5.119842215111635,-1.6967665924713486,7.566085403556656,2.261445865371354,-2.524718208160116,-0.8279516552736387,103,61,0.5922330097087378,39,0,0,3640,0,25,1
1478,49.266666666666666,1784217434.4286666,-1.7933936383751643,-2.161172354284531,9.078443596681765,0.5482541193055273,-3.196052103065586,-0.4908919444726282,94,58,0.6170212765957447,46,0,0,3640,0,25,1
1479,49.3,1784217434.462,-3.2811864255502705,-1.4120814555686962,7.680947723964465,1.1482080370992045,-2.519179578038276,-0.8265079416088396,95,59,0.6210526315789474,42,0,0,3640,0,25,1
1480,49.333333333333336,1784217434.4953332,0.05793791532885706,-3.6907116620105285,10.955213823068874,-0.3641327672494279,-4.3151229062244,-0.5817757913382844,100,66,0.66,29,0,0,3640,0,25,1
1481,49.36666666666667,1784217434.5286665,-1.4568047758569662,-2.061971225054222,8.473518695060392,0.3539132482444328,-3.027671988667781,-0.5978865659087567,98,67,0.6836734693877551,49,0,0,3640,0,25,1
1482,49.4,1784217434.562,-3.991785629841548,-2.574125852692049,7.364636899028071,1.7110388392452565,-2.8658171369614007,-0.7405648201188436,93,53,0.5698924731182796,51,0,0,3640,0,25,1
1483,49.43333333333333,1784217434.5953333,-0.9876173982024881,-2.2565719372835815,8.86078934229917,0.14650758225285243,-3.1909011880474005,-0.5439975652479818,92,63,0.6847826086956522,31,0,0,3640,0,25,1
1484,49.46666666666667,1784217434.6286666,-2.5069435910210416,-1.1304590160500112,7.983454206226014,0.8372175089423518,-2.503241741951095,-0.6975468803258447,98,72,0.7346938775510204,33,0,0,3640,0,25,1
1485,49.5,1784217434.662,-3.955998461440771,-2.1545253976326393,7.771816507140713,1.6571819307211957,-2.8464372806619376,-0.7308756260390694,95,67,0.7052631578947368,30,0,0,3640,0,25,1
1486,49.53333333333333,1784217434.6953332,-3.233124486348242,-1.440242029850495,8.33987950299543,1.1947574657663764,-2.6800987422501215,-0.763747545504961,98,69,0.7040816326530612,35,0,0,3640,0,25,1
1487,49.56666666666667,1784217434.7286665,-4.818499163667216,-3.426992914081424,10.459154015763687,2.142833877465674,-3.9405359317473745,-0.7990327396785334,94,60,0.6382978723404256,46,0,0,3640,0,25,1
1488,49.6,1784217434.7619998,-2.836684068920743,-1.1218814355278681,8.719010689468064,0.9623601335987809,-2.7244405422365547,-0.7465964241748649,95,55,0.5789473684210527,33,0,0,3640,0,25,1
1489,49.63333333333333,1784217434.7953334,-1.2556194598023556,-2.39862627282821,8.888383927639694,0.27428197647125485,-3.2715146173059773,-0.6572266988290344,94,61,0.648936170212766,39,0,0,3640,0,25,1
1490,49.666666666666664,1784217434.8286667,-1.9733100081992383,-2.0835742248589924,9.190369435055842,0.5342654269757429,-3.219894353812769,-0.819705553852877,100,66,0.66,45,0,0,3640,0,25,1
1491,49.7,1784217434.862,-2.507533909227398,-2.7717884234832013,9.029484525974837,0.9825460760374293,-3.4191899225199007,-0.5782971211925165,97,62,0.6391752577319587,38,0,0,3640,0,25,1
1492,49.733333333333334,1784217434.8953333,-4.253725150707744,-2.554009722518842,8.155177842878587,1.9834921922656297,-3.1184576436859897,-0.471068136919416,100,64,0.64,35,0,0,3640,0,25,1
1493,49.766666666666666,1784217434.9286666,-4.071567566129566,-2.8713927194295366,9.076695884215027,1.7883621876400668,-3.458269558197653,-0.7116802853785821,94,64,0.6808510638297872,30,0,0,3640,0,25,1
1494,49.8,1784217434.962,-1.1284878264356557,-2.3569743418981233,8.960379461244443,0.23137710613722792,-3.2567936784446068,-0.545803546553537,91,64,0.7032967032967034,36,0,0,3640,0,25,1
1495,49.833333333333336,1784217434.9953332,-1.4525173137214136,-3.2588570214572883,10.683958331919769,0.398318686722811,-4.04112823105012,-0.5790769929285794,93,62,0.6666666666666666,33,0,0,3640,0,25,1
1496,49.86666666666667,1784217435.0286665,-0.9439609692876392,-2.8330504016367826,8.98233920372492,-0.0028423469068842955,-3.453795455258409,-0.8959575609479415,98,60,0.6122448979591837,26,0,0,3640,0,25,1
1497,49.9,1784217435.062,-0.628558872021685,-2.797162718190876,8.877208789438058,-0.0773404447187639,-3.4225650443255136,-0.640492787958,102,63,0.6176470588235294,34,0,0,3640,0,25,1
1498,49.93333333333333,1784217435.0953333,-2.7829794181847483,-2.945931366481034,8.717160412034914,1.0094658611988458,-3.400303887305656,-0.8351038803710509,96,66,0.6875,50,0,0,3640,0,25,1
1499,49.96666666666667,1784217435.1286666,-2.411480038160441,-2.5051975520626257,8.203408658764744,0.8680533832914391,-3.0904564051455385,-0.6938499963327169,93,63,0.6774193548387096,33,0,0,3640,0,25,1
1500,50.0,1784217435.162,-3.975838395807955,-2.1448110164096477,9.011265300839327,1.751826477181847,-3.2271306514823817,-0.5131168088073063,98,60,0.6122448979591837,33,0,0,3640,0,25,1
1501,50.03333333333333,1784217435.1953332,-2.709379239065747,-2.7307688664246115,8.398702490173989,0.9739447291974277,-3.2420711671910962,-0.7755258520104037,99,66,0.6666666666666666,30,0,0,3640,0,25,1
1502,50.06666666666667,1784217435.2286665,-2.0186111834729736,-2.961786664075362,9.348929985337591,0.5739831262960179,-3.5164544765222505,-0.7984764349956248,91,60,0.6593406593406593,38,0,0,3640,0,25,1
1503,50.1,1784217435.2619998,-0.041071698977207305,-2.31075914037568,8.240337688782247,-0.26900932616062534,-3.0378893280393315,-0.9278058687335439,87,54,0.6206896551724138,49,0,0,3640,0,25,1
1504,50.13333333333333,1784217435.2953334,-2.0140356608114764,-1.7425411820818226,7.354827524145406,1.0237967878191903,-2.6063369768718436,-0.9102082861943466,85,57,0.6705882352941176,39,0,0,3640,0,25,1
1505,50.166666666666664,1784217435.3286667,-0.43061366948843904,-1.1561189460552583,8.193138922284078,0.30290226755515237,-2.6624617858892465,-1.1061414429857321,93,55,0.5913978494623656,38,0,0,3640,0,25,1
1506,50.2,1784217435.362,-1.926701085466835,-0.9423706123090483,6.125118586164945,1.3817400607355503,-2.0313491423598125,-1.5730820758722783,81,49,0.6049382716049383,43,0,0,3640,0,25,1
1507,50.233333333333334,1784217435.3953333,2.4914178142008634,-1.4029752574858492,6.487313345526516,0.2485354647313961,-2.402589807415127,-0.5901874017244599,78,47,0.6025641025641025,44,0,0,3640,0,25,1
1508,50.266666666666666,1784217435.4286666,-0.13559578221080137,-3.334558488632723,8.110584947643758,1.9810732413885652,-3.423843370756059,-0.9973367954535858,78,45,0.5769230769230769,41,0,0,3640,0,25,1
1509,50.3,1784217435.462,4.799754859708916,-0.7171279330982827,6.996221911805449,-0.18269362571424907,-2.4005252555179064,-0.7709999043022182,84,39,0.4642857142857143,34,0,0,3640,0,25,1
1510,50.333333333333336,1784217435.4953332,5.363448501311124,-2.5695088698837765,11.724666877684456,0.5456452198966479,-4.287278456956093,-0.44207667144923685,73,38,0.5205479452054794,45,0,0,3640,0,25,1
1511,50.36666666666667,1784217435.5286665,3.6840568368965307,-1.0260749786990857,9.877766285322409,1.7538637584241965,-3.245673049152436,-0.8474019300950075,77,50,0.6493506493506493,41,0,0,3640,0,25,1
1512,50.4,1784217435.562,7.2562957341101235,-2.13404526253278,11.56353544524437,0.47546003341715537,-4.178384502880609,-0.7937198493179501,71,43,0.6056338028169014,45,0,0,3640,0,25,1
1513,50.43333333333333,1784217435.5953333,4.860895728854116,0.762701863556515,5.377783377150692,1.8437941003598803,-1.4504894562180497,-1.1264844347235758,81,49,0.6049382716049383,41,0,0,3640,0,25,1
1514,50.46666666666667,1784217435.6286666,8.78481963097428,-1.1816275256572197,8.810055653968675,1.0224256898428887,-3.1855780330790036,-0.3166806830036943,80,42,0.525,38,0,0,3640,0,25,1
1515,50.5,1784217435.662,9.770307324871562,-1.153998310722784,10.560290911430343,0.918879095945286,-3.6662111380709885,-0.39762530267324536,71,42,0.5915492957746479,23,0,0,3640,0,25,1
1516,50.53333333333333,1784217435.6953332,11.842422332546233,-1.3172118189967819,11.684139599335111,0.21683345709904006,-4.101713775744568,-0.6742672602093914,70,42,0.6,25,0,0,3640,0,25,1
1517,50.56666666666667,1784217435.7286665,12.86474879154393,-1.4148463327964436,9.054983131416833,0.23151420955901506,-3.4492985595664725,-0.6085119153447602,71,43,0.6056338028169014,22,0,0,3640,0,25,1
1518,50.6,1784217435.7619998,12.705991991893338,-0.3553253671427825,9.282069397738042,0.8806313254550281,-3.1876674163501457,-0.8251898403913012,71,41,0.5774647887323944,42,0,0,3640,0,25,1
1519,50.63333333333333,1784217435.7953334,11.883509449699215,-1.4059334740732936,9.285998773948435,1.4780525325837672,-3.4925249064210675,-1.3387851028499322,85,48,0.5647058823529412,36,0,0,3640,0,25,1
1520,50.666666666666664,1784217435.8286667,17.26287957561163,-1.9291685761444342,11.20721438214106,-0.1637346925717979,-4.395317248442707,-0.41668307619390693,70,40,0.5714285714285714,49,0,0,3640,0,25,1
1521,50.7,1784217435.862,16.070880057042537,1.5859000442780768,8.181982872111547,0.5126308573159706,-2.3649212534750164,-0.9510597142609046,67,39,0.582089552238806,54,0,0,3640,0,25,1
1522,50.733333333333334,1784217435.8953333,16.743543030066235,0.5639457341732879,2.428772786756923,0.4958324376214174,-1.1542145893748235,-0.9966350810292122,78,42,0.5384615384615384,46,0,0,3640,0,25,1
1523,50.766666666666666,1784217435.9286666,15.83168064075393,-0.6779334889487671,9.966810756498717,1.9802564182013604,-3.5332207380722997,-0.8726986612673199,83,53,0.6385542168674698,43,0,0,3640,0,25,1
1524,50.8,1784217435.962,21.14910781104721,0.8014335063828923,9.845682290559452,-0.15149094467629354,-3.267231091108979,-0.4069130712065514,76,34,0.4473684210526316,55,0,0,3640,0,25,1
1525,50.833333333333336,1784217435.9953332,19.149567688315553,-1.0795564067523742,5.9809914484878135,1.1906959350226909,-2.7325296864830304,-0.7890163224690717,76,41,0.5394736842105263,40,0,0,3640,0,25,1
1526,50.86666666666667,1784217436.0286665,19.088062277543006,0.6892173252842326,8.503921874239566,1.898763881296589,-2.7668659426317683,-0.76001358468019,81,49,0.6049382716049383,48,0,0,3640,0,25,1
1527,50.9,1784217436.062,20.562675429577396,0.6953458310806013,8.498705243510983,1.4804147316129777,-2.8640960345990156,-0.9898491594702166,71,43,0.6056338028169014,43,0,0,3640,0,25,1
1528,50.93333333333333,1784217436.0953333,22.08109709915513,0.5335623393034865,9.231931963044318,1.3195309224362268,-3.109164336415894,-0.8282344859890358,75,49,0.6533333333333333,44,0,0,3640,0,25,1
1529,50.96666666666667,1784217436.1286666,22.84015652351298,0.6725084110152721,8.148134205339431,1.4415858120424248,-2.848290714136617,-0.8788346563249014,76,47,0.618421052631579,43,0,0,3640,0,25,1
1530,51.0,1784217436.162,21.015674870534173,0.45126812418226336,9.302094001584209,2.8115756595915284,-3.1160458364677717,-1.1638607227771893,66,40,0.6060606060606061,37,0,0,3640,0,25,1
1531,51.03333333333333,1784217436.1953332,25.440312852326638,1.168404332964755,5.468723213615121,0.961241505365034,-2.0495988831162992,-0.864769969811625,76,47,0.618421052631579,53,0,0,3640,0,25,1
1532,51.06666666666667,1784217436.2286665,21.029452017464777,1.5354216961090685,7.427898916321382,3.73673788942277,-2.174876761242899,-1.2873116328640883,73,40,0.547945205479452,39,0,0,3640,0,25,1
1533,51.1,1784217436.2619998,26.132236400004544,0.8489546191469373,8.856634851456391,2.103230546197185,-3.013760892176349,-0.7908676820703175,91,52,0.5714285714285714,49,0,0,3640,0,25,1
1534,51.13333333333333,1784217436.2953334,29.360823742179754,1.379120456852874,9.517786094156918,1.2219516527154477,-3.1055757171970346,-0.2671568767816829,72,39,0.5416666666666666,47,0,0,3640,0,25,1
1535,51.166666666666664,1784217436.3286667,28.668259471933716,1.8136735768866146,8.192271103972914,1.8198595011084424,-2.5636873447300093,-0.6251501179559825,71,45,0.6338028169014085,37,0,0,3640,0,25,1
1536,51.2,1784217436.362,29.45973694092404,0.4357359169459585,10.709228042687428,1.7196825602936234,-3.8048445408885376,-1.4714746359815203,78,39,0.5,36,0,0,3640,0,25,1
1537,51.233333333333334,1784217436.3953333,33.277923935984774,0.6281238284905726,9.634565267243602,0.7759010203835127,-3.600693055708354,-0.36151795501950956,78,40,0.5128205128205128,36,0,0,3640,0,25,1
1538,51.266666666666666,1784217436.4286666,32.13702801548133,1.8224719050909073,7.7149849466676415,1.608646665604212,-2.601726001518584,-0.6691112351315153,74,45,0.6081081081081081,43,0,0,3640,0,25,1
1539,51.3,1784217436.462,29.1958059577063,3.50778775698889,8.782388482569544,2.8857142086461702,-2.2319358254387267,-1.951935973048988,71,41,0.5774647887323944,46,0,0,3640,0,25,1
1540,51.333333333333336,1784217436.4953332,34.37571221624128,3.293684525776925,0.1515188849642044,1.026094551745639,-0.06232940393704163,-0.5355834449676385,60,35,0.5833333333333334,62,0,0,3640,0,25,1
1541,51.36666666666667,1784217436.5286665,32.87860908005938,4.001012125444348,2.591598456320213,1.830899236335142,-0.5592314783760247,-1.5012161397376387,74,48,0.6486486486486487,47,0,0,3640,0,25,1
1542,51.4,1784217436.562,34.53248285154679,4.664229053223437,0.7494630500954145,1.35138920760153,0.12464296151991205,-1.4218491006787555,71,43,0.6056338028169014,38,0,0,3640,0,25,1
1543,51.43333333333333,1784217436.5953333,37.76455923392332,2.385027568997401,6.1468410243031855,1.4082766939809777,-2.1238185212374976,-0.5022272986608189,78,46,0.5897435897435898,38,0,0,3640,0,25,1
1544,51.46666666666667,1784217436.6286666,37.743700299724885,2.306165022551667,9.073980606985515,2.1407406829908147,-2.906464306405221,-0.7006141029958509,75,37,0.49333333333333335,43,0,0,3640,0,25,1
1545,51.5,1784217436.662,38.28100808988155,5.618487056337955,-0.44219721102864185,1.1770374380360007,0.6928143769376012,-1.0954072011763718,59,40,0.6779661016949152,56,0,0,3640,0,25,1
1546,51.53333333333333,1784217436.6953332,39.757199767391526,3.8870758633075724,8.93757417991678,1.9263101502129394,-2.5093044627172527,-0.9928284592502375,68,35,0.5147058823529411,41,0,0,3640,0,25,1
1547,51.56666666666667,1784217436.7286665,40.32343970509497,4.77450365990299,7.165829267138392,1.9293117273519937,-1.698491468615315,-1.1472698872441753,67,44,0.6567164179104478,42,0,0,3640,0,25,1
1548,51.6,1784217436.7619998,43.12037020475938,4.051309254541849,7.811878821745793,0.964846514929946,-2.35452969145521,-1.1850203066881648,70,37,0.5285714285714286,38,0,0,3640,0,25,1
1549,51.63333333333333,1784217436.7953334,45.185118246056646,6.983656910193332,-0.38891393929090157,0.05948588464669328,0.7673125629290806,-0.7071838851286211,62,33,0.532258064516129,34,0,0,3640,0,25,1
1550,51.666666666666664,1784217436.8286667,41.239546991540166,4.793784879901182,6.807743758311119,2.9641205948545295,-1.4613934215043551,-1.1447495737065723,61,33,0.5409836065573771,51,0,0,3640,0,25,1
1551,51.7,1784217436.862,43.879995557182376,4.222285081367772,9.186422244612558,2.253125609647878,-2.541757879418658,-1.4077239452554724,64,33,0.515625,49,0,0,3640,0,25,1
1552,51.733333333333334,1784217436.8953333,45.48319759965226,4.098264976356759,8.897059705906372,2.3119767137625145,-2.4455963491913084,-0.8670263145549625,67,40,0.5970149253731343,43,0,0,3640,0,25,1
1553,51.766666666666666,1784217436.9286666,47.91741777745462,2.3890180177940152,10.79867832118704,1.1601848640229253,-3.9384408837689344,-1.7006648144886174,67,30,0.44776119402985076,50,0,0,3640,0,25,1
1554,51.8,1784217436.962,44.0842668862566,5.901705402059278,8.911681247819104,4.014669931645642,-1.5716436594126462,-1.0507333505416232,61,32,0.5245901639344263,45,0,0,3640,0,25,1
1555,51.833333333333336,1784217436.9953332,45.66195662294679,7.959384210434521,7.328687418896891,3.048220118903247,-0.8184996420075255,-1.8792592756631104,65,34,0.5230769230769231,42,0,0,3640,0,25,1
1556,51.86666666666667,1784217437.0286665,49.225801859130655,4.8616814498341085,12.649231814724615,2.451322061524668,-3.405577878024634,-1.7758069702831987,64,39,0.609375,59,0,0,3640,0,25,1
1557,51.9,1784217437.062,53.23741252670179,6.580994087557201,5.46478170517679,0.7862527350703952,-1.1686205378356054,-0.7903079973910752,62,39,0.6290322580645161,40,0,0,3640,0,25,1
1558,51.93333333333333,1784217437.0953333,49.068425053743255,6.178414845688394,9.989078013620386,3.7877106301416887,-1.856629263941399,-0.8773675696102602,67,32,0.47761194029850745,41,0,0,3640,0,25,1
1559,51.96666666666667,1784217437.1286666,55.38070169910952,5.508648947431382,8.603764660917008,0.8871042446997636,-2.482386206452965,-1.0756644206317343,62,37,0.5967741935483871,62,0,0,3640,0,25,1
1560,52.0,1784217437.162,55.34738557116836,4.393262175711357,9.980778307262739,1.2368601663243681,-3.2983211269112696,-1.5234730110149213,55,35,0.6363636363636364,58,0,0,3640,0,25,1
1561,52.03333333333333,1784217437.1953332,52.68309366661066,10.298614149396315,-0.2012594456325587,2.086269329254176,1.8381066643321298,-1.3528974989641318,50,24,0.48,68,0,0,3640,0,25,1
1562,52.06666666666667,1784217437.2286665,52.76010454146038,7.027471725894486,9.86808617056353,4.187233048591675,-1.311530596358724,-0.607904138813133,52,21,0.40384615384615385,50,0,0,3640,0,25,1
1563,52.1,1784217437.2619998,54.84638288153215,5.39032431649261,10.483860421512432,3.3891108273393886,-2.3889996500232575,-1.0948840274433156,50,20,0.4,69,0,0,3640,0,25,1
1564,52.13333333333333,1784217437.2953334,57.71383946858863,7.585637983864501,6.651524526504531,1.7971893901809395,-1.2625079193628541,-1.5310685277877407,57,26,0.45614035087719296,52,0,0,3640,0,25,1
1565,52.166666666666664,1784217437.3286667,65.68029738120093,1.4417360884063442,7.582137347414374,-1.120353351193666,-4.383421452020111,-0.5473759313032933,51,20,0.39215686274509803,54,0,0,3640,0,25,1
1566,52.2,1784217437.362,nan,nan,nan,nan,nan,nan,47,7,0.14893617021276595,61,0,0,3640,0,25,0
1567,52.233333333333334,1784217437.3953333,59.668444126713155,6.968137394796983,10.943440026052741,3.5734521181787917,-1.9446234660403332,-0.5411627718794874,42,23,0.5476190476190477,57,0,0,3640,0,25,1
1568,52.266666666666666,1784217437.4286666,62.373777290897806,6.893241675120777,8.184829846422858,1.625652269758993,-2.0871705017029885,-1.535343320079948,43,22,0.5116279069767442,54,0,0,3640,0,25,1
1569,52.3,1784217437.462,nan,nan,nan,nan,nan,nan,53,6,0.11320754716981132,49,0,0,3640,0,25,0
1570,52.333333333333336,1784217437.4953332,nan,nan,nan,nan,nan,nan,45,9,0.2,65,0,0,3640,0,25,0
1571,52.36666666666667,1784217437.5286665,nan,nan,nan,nan,nan,nan,46,15,0.32608695652173914,43,0,0,3640,0,25,0
1572,52.4,1784217437.562,nan,nan,nan,nan,nan,nan,39,12,0.3076923076923077,71,0,0,3640,0,25,0
1573,52.43333333333333,1784217437.5953333,nan,nan,nan,nan,nan,nan,51,5,0.09803921568627451,48,0,0,3640,0,25,0
1574,52.46666666666667,1784217437.6286666,nan,nan,nan,nan,nan,nan,46,0,0.0,69,0,0,3640,0,25,0
1575,52.5,1784217437.662,nan,nan,nan,nan,nan,nan,48,0,0.0,57,0,0,3640,0,25,0
1576,52.53333333333333,1784217437.6953332,nan,nan,nan,nan,nan,nan,41,6,0.14634146341463414,47,0,0,3640,0,25,0
1577,52.56666666666667,1784217437.7286665,nan,nan,nan,nan,nan,nan,35,0,0.0,44,0,0,3640,0,25,0
1578,52.6,1784217437.7619998,nan,nan,nan,nan,nan,nan,32,0,0.0,54,0,0,3640,0,25,0
1579,52.63333333333333,1784217437.7953334,nan,nan,nan,nan,nan,nan,28,0,nan,46,0,0,3640,0,25,0
1580,52.666666666666664,1784217437.8286667,nan,nan,nan,nan,nan,nan,35,0,0.0,44,0,0,3640,0,25,0
1581,52.7,1784217437.862,nan,nan,nan,nan,nan,nan,44,0,0.0,43,0,0,3640,0,25,0
1582,52.733333333333334,1784217437.8953333,nan,nan,nan,nan,nan,nan,37,0,0.0,57,0,0,3640,0,25,0
1583,52.766666666666666,1784217437.9286666,nan,nan,nan,nan,nan,nan,37,0,0.0,58,0,0,3640,0,25,0
1584,52.8,1784217437.962,nan,nan,nan,nan,nan,nan,45,0,0.0,56,0,0,3640,0,25,0
1585,52.833333333333336,1784217437.9953332,nan,nan,nan,nan,nan,nan,30,0,0.0,51,0,0,3640,0,25,0
1586,52.86666666666667,1784217438.0286665,nan,nan,nan,nan,nan,nan,21,0,nan,54,0,0,3640,0,25,0
1587,52.9,1784217438.062,nan,nan,nan,nan,nan,nan,32,0,0.0,56,0,0,3640,0,25,0
1588,52.93333333333333,1784217438.0953333,nan,nan,nan,nan,nan,nan,27,0,nan,64,0,0,3640,0,25,0
1589,52.96666666666667,1784217438.1286666,nan,nan,nan,nan,nan,nan,44,0,0.0,71,0,0,3640,0,25,0
1590,53.0,1784217438.162,nan,nan,nan,nan,nan,nan,32,0,0.0,72,0,0,3640,0,25,0
1591,53.03333333333333,1784217438.1953332,nan,nan,nan,nan,nan,nan,26,0,nan,81,0,0,3640,0,25,0
1592,53.06666666666667,1784217438.2286665,nan,nan,nan,nan,nan,nan,37,0,0.0,51,0,0,3640,0,25,0
1593,53.1,1784217438.2619998,nan,nan,nan,nan,nan,nan,38,0,0.0,67,0,0,3640,0,25,0
1594,53.13333333333333,1784217438.2953334,nan,nan,nan,nan,nan,nan,51,0,0.0,61,0,0,3640,0,25,0
1595,53.166666666666664,1784217438.3286667,nan,nan,nan,nan,nan,nan,35,0,0.0,71,0,0,3640,0,25,0
1596,53.2,1784217438.362,nan,nan,nan,nan,nan,nan,26,0,nan,70,0,0,3640,0,25,0
1597,53.233333333333334,1784217438.3953333,nan,nan,nan,nan,nan,nan,38,0,0.0,78,0,0,3640,0,25,0
1598,53.266666666666666,1784217438.4286666,nan,nan,nan,nan,nan,nan,25,0,nan,96,0,0,3640,0,25,0
1599,53.3,1784217438.462,nan,nan,nan,nan,nan,nan,28,0,nan,88,0,0,3640,0,25,0
1600,53.333333333333336,1784217438.4953332,nan,nan,nan,nan,nan,nan,34,0,0.0,86,0,0,3640,0,25,0
1601,53.36666666666667,1784217438.5286665,nan,nan,nan,nan,nan,nan,28,0,nan,89,0,0,3640,0,25,0
1602,53.4,1784217438.562,nan,nan,nan,nan,nan,nan,29,0,nan,104,0,0,3640,0,25,0
1603,53.43333333333333,1784217438.5953333,nan,nan,nan,nan,nan,nan,38,0,0.0,93,0,0,3640,0,25,0
1604,53.46666666666667,1784217438.6286666,nan,nan,nan,nan,nan,nan,30,0,0.0,101,0,0,3640,0,25,0
1605,53.5,1784217438.662,nan,nan,nan,nan,nan,nan,46,0,0.0,80,0,0,3640,0,25,0
1606,53.53333333333333,1784217438.6953332,nan,nan,nan,nan,nan,nan,28,0,nan,95,0,0,3640,0,25,0
1607,53.56666666666667,1784217438.7286665,nan,nan,nan,nan,nan,nan,29,0,nan,80,0,0,3640,0,25,0
1608,53.6,1784217438.7619998,nan,nan,nan,nan,nan,nan,31,0,0.0,77,0,0,3640,0,25,0
1609,53.63333333333333,1784217438.7953334,nan,nan,nan,nan,nan,nan,30,0,0.0,97,0,0,3640,0,25,0
1610,53.666666666666664,1784217438.8286667,nan,nan,nan,nan,nan,nan,28,0,nan,109,0,0,3640,0,25,0
1611,53.7,1784217438.862,nan,nan,nan,nan,nan,nan,44,0,0.0,83,0,0,3640,0,25,0
1612,53.733333333333334,1784217438.8953333,nan,nan,nan,nan,nan,nan,41,0,0.0,88,0,0,3640,0,25,0
1613,53.766666666666666,1784217438.9286666,nan,nan,nan,nan,nan,nan,38,0,0.0,92,0,0,3640,0,25,0
1614,53.8,1784217438.962,nan,nan,nan,nan,nan,nan,50,0,0.0,107,0,0,3640,0,25,0
1615,53.833333333333336,1784217438.9953332,nan,nan,nan,nan,nan,nan,39,0,0.0,101,0,0,3640,0,25,0
1616,53.86666666666667,1784217439.0286665,nan,nan,nan,nan,nan,nan,35,0,0.0,77,0,0,3640,0,25,0
1617,53.9,1784217439.062,nan,nan,nan,nan,nan,nan,51,0,0.0,83,0,0,3640,0,25,0
1618,53.93333333333333,1784217439.0953333,nan,nan,nan,nan,nan,nan,34,0,0.0,112,0,0,3640,0,25,0
1619,53.96666666666667,1784217439.1286666,nan,nan,nan,nan,nan,nan,37,0,0.0,116,0,0,3640,0,25,0
1620,54.0,1784217439.162,nan,nan,nan,nan,nan,nan,36,0,0.0,110,0,0,3640,0,25,0
1621,54.03333333333333,1784217439.1953332,nan,nan,nan,nan,nan,nan,54,0,0.0,87,0,0,3640,0,25,0
1622,54.06666666666667,1784217439.2286665,nan,nan,nan,nan,nan,nan,43,0,0.0,120,0,0,3640,0,25,0
1623,54.1,1784217439.2619998,nan,nan,nan,nan,nan,nan,42,0,0.0,116,0,0,3640,0,25,0
1624,54.13333333333333,1784217439.2953334,nan,nan,nan,nan,nan,nan,37,0,0.0,123,0,0,3640,0,25,0
1625,54.166666666666664,1784217439.3286667,nan,nan,nan,nan,nan,nan,40,0,0.0,105,0,0,3640,0,25,0
1626,54.2,1784217439.362,nan,nan,nan,nan,nan,nan,23,0,nan,121,0,0,3640,0,25,0
1627,54.233333333333334,1784217439.3953333,nan,nan,nan,nan,nan,nan,34,0,0.0,110,0,0,3640,0,25,0
1628,54.266666666666666,1784217439.4286666,nan,nan,nan,nan,nan,nan,43,0,0.0,102,0,0,3640,0,25,0
1629,54.3,1784217439.462,nan,nan,nan,nan,nan,nan,35,0,0.0,150,0,0,3640,0,25,0
1630,54.333333333333336,1784217439.4953332,nan,nan,nan,nan,nan,nan,41,0,0.0,108,0,0,3640,0,25,0
1631,54.36666666666667,1784217439.5286665,nan,nan,nan,nan,nan,nan,29,0,nan,123,0,0,3640,0,25,0
1632,54.4,1784217439.562,nan,nan,nan,nan,nan,nan,35,0,0.0,136,0,0,3640,0,25,0
1633,54.43333333333333,1784217439.5953333,nan,nan,nan,nan,nan,nan,36,0,0.0,127,0,0,3640,0,25,0
1634,54.46666666666667,1784217439.6286666,nan,nan,nan,nan,nan,nan,33,0,0.0,136,0,0,3640,0,25,0
1635,54.5,1784217439.662,nan,nan,nan,nan,nan,nan,43,0,0.0,133,0,0,3640,0,25,0
1636,54.53333333333333,1784217439.6953332,nan,nan,nan,nan,nan,nan,42,0,0.0,128,0,0,3640,0,25,0
1637,54.56666666666667,1784217439.7286665,nan,nan,nan,nan,nan,nan,41,0,0.0,145,0,0,3640,0,25,0
1638,54.6,1784217439.7619998,nan,nan,nan,nan,nan,nan,44,0,0.0,129,0,0,3640,0,25,0
1639,54.63333333333333,1784217439.7953334,nan,nan,nan,nan,nan,nan,42,0,0.0,145,0,0,3640,0,25,0
1640,54.666666666666664,1784217439.8286667,nan,nan,nan,nan,nan,nan,41,0,0.0,136,0,0,3640,0,25,0
1641,54.7,1784217439.862,nan,nan,nan,nan,nan,nan,41,0,0.0,131,0,0,3640,0,25,0
1642,54.733333333333334,1784217439.8953333,nan,nan,nan,nan,nan,nan,31,0,0.0,164,0,0,3640,0,25,0
1643,54.766666666666666,1784217439.9286666,nan,nan,nan,nan,nan,nan,28,0,nan,140,0,0,3640,0,25,0
1644,54.8,1784217439.962,nan,nan,nan,nan,nan,nan,27,0,nan,161,0,0,3640,0,25,0
1645,54.833333333333336,1784217439.9953332,nan,nan,nan,nan,nan,nan,41,0,0.0,135,0,0,3640,0,25,0
1646,54.86666666666667,1784217440.0286665,nan,nan,nan,nan,nan,nan,39,0,0.0,151,0,0,3640,0,25,0
1647,54.9,1784217440.062,nan,nan,nan,nan,nan,nan,38,0,0.0,155,0,0,3640,0,25,0
1648,54.93333333333333,1784217440.0953333,nan,nan,nan,nan,nan,nan,44,0,0.0,149,0,0,3640,0,25,0
1649,54.96666666666667,1784217440.1286666,nan,nan,nan,nan,nan,nan,58,0,0.0,143,0,0,3640,0,25,0
1650,55.0,1784217440.162,nan,nan,nan,nan,nan,nan,31,0,0.0,152,0,0,3640,0,25,0
1651,55.03333333333333,1784217440.1953332,nan,nan,nan,nan,nan,nan,64,0,0.0,144,0,0,3640,0,25,0
1652,55.06666666666667,1784217440.2286665,nan,nan,nan,nan,nan,nan,44,0,0.0,162,0,0,3640,0,25,0
1653,55.1,1784217440.2619998,nan,nan,nan,nan,nan,nan,37,0,0.0,187,0,0,3640,0,25,0
1654,55.13333333333333,1784217440.2953334,nan,nan,nan,nan,nan,nan,56,0,0.0,213,0,0,3640,0,25,0
1655,55.166666666666664,1784217440.3286667,nan,nan,nan,nan,nan,nan,48,0,0.0,218,0,0,3640,0,25,0
1656,55.2,1784217440.362,nan,nan,nan,nan,nan,nan,54,0,0.0,225,0,0,3640,0,25,0
1657,55.233333333333334,1784217440.3953333,nan,nan,nan,nan,nan,nan,53,0,0.0,253,0,0,3640,0,25,0
1658,55.266666666666666,1784217440.4286666,nan,nan,nan,nan,nan,nan,52,5,0.09615384615384616,265,0,0,3640,0,25,0
1659,55.3,1784217440.462,nan,nan,nan,nan,nan,nan,66,0,0.0,237,0,0,3640,0,25,0
1660,55.333333333333336,1784217440.4953332,nan,nan,nan,nan,nan,nan,76,0,0.0,264,0,0,3640,0,25,0
1661,55.36666666666667,1784217440.5286665,nan,nan,nan,nan,nan,nan,77,0,0.0,242,0,0,3640,0,25,0
1662,55.4,1784217440.562,nan,nan,nan,nan,nan,nan,45,5,0.1111111111111111,292,0,0,3640,0,25,0
1663,55.43333333333333,1784217440.5953333,nan,nan,nan,nan,nan,nan,64,5,0.078125,277,0,0,3640,0,25,0
1664,55.46666666666667,1784217440.6286666,nan,nan,nan,nan,nan,nan,52,0,0.0,285,0,0,3640,0,25,0
1665,55.5,1784217440.662,67.39399049253169,6.5256577815409145,11.29319897141957,1.723221857551434,-2.8518203149153663,-0.3746965481355295,59,20,0.3389830508474576,193,0,0,3640,0,25,1
1666,55.53333333333333,1784217440.6953332,66.51677666326202,7.79588251328741,11.34768876025565,1.85500313772894,-2.294014589418973,-0.021207424843523885,79,20,0.25316455696202533,205,0,0,3640,0,25,1
1667,55.56666666666667,1784217440.7286665,nan,nan,nan,nan,nan,nan,72,19,0.2638888888888889,204,0,0,3640,0,25,0
1668,55.6,1784217440.7619998,63.55298344599791,5.339967386132642,11.371089346396914,1.9718603239166281,-3.0745402252729757,-0.38920243490583617,78,38,0.48717948717948717,180,0,0,3640,0,25,1
1669,55.63333333333333,1784217440.7953334,61.34268590359797,8.369078943391088,7.6799015442818614,2.434243977350439,-0.8757440447643601,-0.20504754612159193,54,21,0.3888888888888889,208,0,0,3640,0,25,1
1670,55.666666666666664,1784217440.8286667,63.39580828210549,4.308698107766276,11.371733211353117,1.0041196608896465,-3.669711366478933,-0.24067160706837856,69,30,0.43478260869565216,192,0,0,3640,0,25,1
1671,55.7,1784217440.862,58.33438389947372,6.848682089552952,9.254040700781914,2.68535163200072,-1.7951332707861607,-0.6641023482106388,70,32,0.45714285714285713,220,0,0,3640,0,25,1
1672,55.733333333333334,1784217440.8953333,61.19571827972105,3.039361907518966,10.593590672780905,1.1974388831049574,-3.746050959531657,-0.03733303102256512,70,33,0.4714285714285714,226,0,0,3640,0,25,1
1673,55.766666666666666,1784217440.9286666,60.15849984854984,5.159227739984928,10.418673094442255,1.226659924974117,-2.948372206810258,-0.030875683013898154,66,27,0.4090909090909091,227,0,0,3640,0,25,1
1674,55.8,1784217440.962,53.54657673786264,4.322754410021901,10.858473673105763,3.904931506808119,-2.576493850595832,-0.1521432858939034,75,20,0.26666666666666666,207,0,0,3640,0,25,1
1675,55.833333333333336,1784217440.9953332,57.38449196102485,4.0809958425216735,8.77623361234356,0.9626147120125582,-3.0343452109625226,-0.6948583921886402,85,40,0.47058823529411764,205,0,0,3640,0,25,1
1676,55.86666666666667,1784217441.0286665,58.07958848073267,4.059586397772151,10.678813911294,0.7601513957161957,-3.4423435861366283,-0.09148060277835739,65,39,0.6,191,12,179,3819,1,26,1
1677,55.9,1784217441.062,56.12338668825805,4.926445765223406,10.791711467528643,1.4076477658778839,-2.850111080154832,0.23442576376361068,166,85,0.5120481927710844,102,4,98,3917,1,27,1
1678,55.93333333333333,1784217441.0953333,57.20120350308339,3.3197684994722323,10.454816095024796,-0.02555699615511166,-3.8105967691935194,-0.3242766554032976,149,81,0.5436241610738255,93,0,0,3917,0,27,1
1679,55.96666666666667,1784217441.1286666,56.248604078217426,3.2865751287844915,11.251878433401913,0.28188448891681855,-3.816301723953158,0.03565722071005287,147,90,0.6122448979591837,112,7,105,4022,1,28,1
1680,56.0,1784217441.162,55.9510780869971,3.5349843616186405,11.210029447000878,0.09022903824207455,-3.772912335253206,0.12364683859316573,130,76,0.5846153846153846,115,7,108,4130,1,29,1
1681,56.03333333333333,1784217441.1953332,57.44774167695668,0.9040385176960513,10.83430748564092,-1.584697581069362,-5.051721238246601,-0.052271149738495455,158,71,0.44936708860759494,95,0,0,4130,0,29,1
1682,56.06666666666667,1784217441.2286665,55.05106260030617,2.4972161225004754,10.70922722796847,-0.697502084525074,-4.112105820182169,0.15167669884876836,120,71,0.5916666666666667,106,5,101,4231,1,30,1
1683,56.1,1784217441.2619998,51.530895658529545,3.4907249775932314,11.328803054536976,0.7738502261498454,-3.4523171001546142,0.2893718850514257,111,57,0.5135135135135135,84,0,0,4231,0,30,1
1684,56.13333333333333,1784217441.2953334,50.95456557947013,2.4963226032081423,12.056745560212661,0.35304848477752543,-4.118407099776414,0.12755031527000835,117,62,0.5299145299145299,71,0,0,4231,0,30,1
1685,56.166666666666664,1784217441.3286667,49.5523881157156,2.9692618352974023,10.458717465407119,0.17855198711148623,-3.6065983298847657,-0.15576011100513767,98,54,0.5510204081632653,86,0,0,4231,0,30,1
1686,56.2,1784217441.362,49.07546793661329,2.435818345849569,10.935663682427716,-0.08592310967108695,-3.9378295313062144,-0.1794071321664558,96,57,0.59375,78,0,0,4231,0,30,1
1687,56.233333333333334,1784217441.3953333,45.09113850560718,4.080811698972468,9.771208251829151,1.272731723134755,-2.7428079826484373,-0.203648738544526,101,54,0.5346534653465347,93,0,0,4231,0,30,1
1688,56.266666666666666,1784217441.4286666,43.34043449644672,2.6327704902268323,9.876637005166259,1.5501733469743435,-3.117550735317771,-0.26987297039751823,89,47,0.5280898876404494,91,0,0,4231,0,30,1
1689,56.3,1784217441.462,48.534853610076354,-0.1852824967367468,11.186372175602415,-1.4804507902201756,-5.193213472554197,-0.3939985096423754,102,41,0.4019607843137255,84,0,0,4231,0,30,1
1690,56.333333333333336,1784217441.4953332,41.90225273804552,2.500795254168793,10.068256263129726,1.2184567739022365,-3.347133417832758,-0.4583355997196154,97,50,0.5154639175257731,104,19,85,4316,1,31,1
1691,56.36666666666667,1784217441.5286665,42.24237335901471,1.3687805121362402,10.95724193928757,0.6234594889207618,-3.955852587081305,-0.2910285002580297,108,62,0.5740740740740741,95,0,0,4316,0,31,1
1692,56.4,1784217441.562,39.328511584888844,1.7730324070085146,9.575761101527917,1.422850044351964,-3.2511019124988265,-0.3865938167262284,102,55,0.5392156862745098,88,0,0,4316,0,31,1
1693,56.43333333333333,1784217441.5953333,38.77159668539289,2.41730664864059,10.00866827035047,1.1661698845593251,-3.2358052687402727,-0.5349596866959495,100,65,0.65,76,0,0,4316,0,31,1
1694,56.46666666666667,1784217441.6286666,39.06599148006107,0.887173821282957,9.60961822512698,0.6874230426860403,-3.658528881123816,-0.16748657905814932,109,52,0.47706422018348627,71,0,0,4316,0,31,1
1695,56.5,1784217441.662,37.19449128643723,1.636778638181113,9.520787383321846,0.7923195835874598,-3.410266623639345,-0.6863309342781084,101,63,0.6237623762376238,76,0,0,4316,0,31,1
1696,56.53333333333333,1784217441.6953332,33.07036125833166,1.9587324891750484,10.015152308254102,2.475069545006491,-3.0589994059021333,-0.4987752839746088,98,61,0.6224489795918368,86,0,0,4316,0,31,1
1697,56.56666666666667,1784217441.7286665,33.86097366643265,1.1616504718141272,9.53620425855496,1.2073016125040252,-3.4535055308858147,-0.9716481120727908,95,58,0.6105263157894737,78,0,0,4316,0,31,1
1698,56.6,1784217441.7619998,34.515397343576815,1.918673375651224,8.95424152408691,0.38461740972329916,-3.1312614648273622,-0.700853532124675,108,77,0.7129629629629629,101,0,0,4316,0,31,1
1699,56.63333333333333,1784217441.7953334,30.831360377779827,1.2953394840215537,10.104959422126257,2.05695969237486,-3.292326749533089,-0.4298208354591455,110,64,0.5818181818181818,93,0,0,4316,0,31,1
1700,56.666666666666664,1784217441.8286667,31.094359255575117,1.9314137368578201,9.783399405772059,1.237571457098006,-3.1504386232842903,-0.7557027359186754,101,67,0.6633663366336634,81,0,0,4316,0,31,1
1701,56.7,1784217441.862,28.19386208481466,1.899718195759391,10.16768105663283,2.269155871044731,-2.9938623165480975,-0.5158917525087333,93,52,0.5591397849462365,69,0,0,4316,0,31,1
1702,56.733333333333334,1784217441.8953333,29.25441062331953,1.067736684089894,10.381834855403568,1.1649870957058341,-3.489122346174969,-0.698579231959532,98,54,0.5510204081632653,76,0,0,4316,0,31,1
1703,56.766666666666666,1784217441.9286666,27.56155262207014,1.4401532482898034,9.55181004129939,1.4131650487891594,-3.1054415437867604,-0.7038469352907333,89,61,0.6853932584269663,89,0,0,4316,0,31,1
1704,56.8,1784217441.962,28.172117389704702,1.2461887126993076,10.135453924163912,0.5002933322155856,-3.4727658012510907,-0.8099051695566699,74,46,0.6216216216216216,89,0,0,4316,0,31,1
1705,56.833333333333336,1784217441.9953332,25.848983615302757,1.1838020533654259,9.61316667363883,1.2033542436174867,-3.156593758611764,-0.7528421882462656,82,53,0.6463414634146342,86,0,0,4316,0,31,1
1706,56.86666666666667,1784217442.0286665,23.73891872470509,0.4673355321630055,8.938629953970292,1.810932219518744,-3.084187455768909,-0.5549933524956732,91,53,0.5824175824175825,72,0,0,4316,0,31,1
1707,56.9,1784217442.062,24.325696737110057,-0.4012406489491269,8.940307734776027,0.6296375038382028,-3.6110896803963795,-1.1210134671071856,78,45,0.5769230769230769,79,0,0,4316,0,31,1
1708,56.93333333333333,1784217442.0953333,21.6212440094506,0.1457763645188379,9.146937137663812,1.5037146991895989,-3.2825701796064153,-1.1266178631327284,79,49,0.620253164556962,70,0,0,4316,0,31,1
1709,56.96666666666667,1784217442.1286666,20.910861602511872,0.00787525923628607,8.880842425350878,1.4578242414858935,-3.1900264875676525,-0.7391302081101878,77,54,0.7012987012987013,71,0,0,4316,0,31,1
1710,57.0,1784217442.162,18.01933262213682,0.6038036523034265,8.93324340568384,2.432827464805593,-2.8570471819658083,-0.763476786450497,76,58,0.7631578947368421,50,0,0,4316,0,31,1
1711,57.03333333333333,1784217442.1953332,18.346160430425563,0.7633670823321097,9.340247134615211,1.4595134617041357,-2.996464978636999,-1.1579309011082914,71,51,0.7183098591549296,70,0,0,4316,0,31,1
1712,57.06666666666667,1784217442.2286665,17.49778746531188,-0.012413437355846213,9.730507231281521,1.698088337012364,-3.283501400444392,-0.7489229359731536,70,47,0.6714285714285714,48,0,0,4316,0,31,1
1713,57.1,1784217442.2619998,18.348722483989526,-0.7150065844392657,10.159758608894151,0.7450622090026293,-3.697691419429342,-0.7380242452040193,80,53,0.6625,66,0,0,4316,0,31,1
1714,57.13333333333333,1784217442.2953334,15.681873563991953,-0.09728687092486155,10.046144789179834,1.2664802195539815,-3.4114410367982693,-1.150473351498287,69,49,0.7101449275362319,68,0,0,4316,0,31,1
1715,57.166666666666664,1784217442.3286667,15.875855025701044,-0.5948969261106356,8.841194594382472,0.6360757761735891,-3.2242419698562377,-0.9297374151497487,72,47,0.6527777777777778,55,0,0,4316,0,31,1
1716,57.2,1784217442.362,14.4028220487099,-0.6734654902071355,8.213015693277455,1.2467772273309592,-3.004219561144341,-0.5467827796184843,76,48,0.631578947368421,55,0,0,4316,0,31,1
1717,57.233333333333334,1784217442.3953333,11.547536337081063,1.0107873751835825,7.4183472792789615,1.8223065779691434,-2.1642781209820794,-0.9426004654566246,69,44,0.6376811594202898,47,0,0,4316,0,31,1
1718,57.266666666666666,1784217442.4286666,9.58967292039184,-0.6302161588443482,8.805390880001653,2.583616871636963,-3.029615485252845,-0.6853269380403324,69,50,0.7246376811594203,71,0,0,4316,0,31,1
1719,57.3,1784217442.462,12.031364217679492,-1.4387670699720303,9.573589949772412,0.607725184714888,-3.626142994024546,-0.9120920667643763,80,56,0.7,68,0,0,4316,0,31,1
1720,57.333333333333336,1784217442.4953332,8.167152638488938,-0.46639429494859996,7.49598116808356,1.9967273930328229,-2.583036583252814,-0.9570183314117863,76,54,0.7105263157894737,64,0,0,4316,0,31,1
1721,57.36666666666667,1784217442.5286665,8.804080323109464,-2.331006872804579,11.062967940780382,1.0583620874158695,-4.188255281372899,-1.4215129057030458,70,46,0.6571428571428571,76,0,0,4316,0,31,1
1722,57.4,1784217442.562,9.040069764923391,-0.1617215413231463,7.928925481274419,0.5659876329546382,-2.628350153654064,-0.7336618355524589,70,49,0.7,70,0,0,4316,0,31,1
1723,57.43333333333333,1784217442.5953333,10.874890190039114,-0.5196151395902859,9.916506029411252,-0.671118718161115,-3.3480753301247232,-0.34221959744413966,75,48,0.64,70,0,0,4316,0,31,1
1724,57.46666666666667,1784217442.6286666,5.425219341272381,-1.9912641337015344,8.3535285369274,1.5037523253873142,-3.271565861932741,-0.6387288667222345,64,45,0.703125,70,0,0,4316,0,31,1
1725,57.5,1784217442.662,3.564650483226087,-0.9175077027988721,8.492331599673989,1.7883476758810004,-2.7889111367246273,-0.8356207863095565,66,46,0.696969696969697,68,0,0,4316,0,31,1
1726,57.53333333333333,1784217442.6953332,3.6378576407026113,-2.9888247563305015,10.468718552976142,0.9174505885900928,-4.028520783498531,-1.3070805319790093,70,49,0.7,55,0,0,4316,0,31,1
1727,57.56666666666667,1784217442.7286665,2.192586037320421,-1.8640711361507698,10.087729075030268,1.2076206943825614,-3.5111202343945767,-1.1561296331565256,67,51,0.7611940298507462,68,0,0,4316,0,31,1
1728,57.6,1784217442.7619998,3.962164364526668,-1.6397709606249862,10.338567150319037,-0.0026534024660506816,-3.550491882444556,-0.6171738035833683,66,47,0.7121212121212122,79,0,0,4316,0,31,1
1729,57.63333333333333,1784217442.7953334,0.16086922008234872,-2.760467108206072,8.346452111246151,1.5542843368017507,-3.3399501920629997,-0.6004525681021209,61,48,0.7868852459016393,75,0,0,4316,0,31,1
1730,57.666666666666664,1784217442.8286667,-2.7790631903821392,-0.5915900640579679,7.225782203588153,2.343425827106883,-2.153835228739531,-0.9607480474874179,61,47,0.7704918032786885,67,0,0,4316,0,31,1
1731,57.7,1784217442.862,-2.3533298012062644,-2.708893185236903,9.710145774980603,1.565908363649883,-3.5855887278959457,-1.1122006965793334,73,52,0.7123287671232876,74,0,0,4316,0,31,1
1732,57.733333333333334,1784217442.8953333,-2.5640121270813303,-2.7075893965450746,8.159141345896757,1.631518621685461,-3.2041085913873264,-0.7849998796832381,76,58,0.7631578947368421,95,0,0,4316,0,31,1
1733,57.766666666666666,1784217442.9286666,-0.27481600765814385,-2.3663408223840463,9.253181061133787,0.20004486465159235,-3.3810346299563574,-0.7003103794175107,75,55,0.7333333333333333,78,0,0,4316,0,31,1
1734,57.8,1784217442.962,-5.153407182936952,-3.4651523540642017,9.139589621780374,2.3840175913666917,-3.651479235423103,-0.7938566084897057,78,57,0.7307692307692307,92,0,0,4316,0,31,1
1735,57.833333333333336,1784217442.9953332,-1.0157521694125595,-3.5737160312841496,10.785270891921144,0.10233619410362413,-4.119903987741939,-0.8345387400703254,78,56,0.717948717948718,97,0,0,4316,0,31,1
1736,57.86666666666667,1784217443.0286665,-1.5340024546321622,-2.418664868135977,9.777481376681749,0.4015679603648173,-3.5093556882466825,-0.8120902757519791,73,55,0.7534246575342466,112,29,83,4399,1,32,1
1737,57.9,1784217443.062,-1.5648135732590838,-2.2949916450618844,9.407332101958644,0.4068404344118732,-3.3328134552761743,-0.7739921722650267,136,95,0.6985294117647058,40,0,0,4399,0,32,1
1738,57.93333333333333,1784217443.0953333,-1.7952494209569707,-3.0736542453103084,9.932726923705985,0.4461788641535781,-3.7178225670221376,-0.7335899830308782,122,86,0.7049180327868853,33,0,0,4399,0,32,1
1739,57.96666666666667,1784217443.1286666,-2.5795322432345564,-1.6699377356278262,9.081834058982736,0.8638698512297142,-2.983691644314472,-0.7335377271022413,117,82,0.7008547008547008,34,0,0,4399,0,32,1
1740,58.0,1784217443.162,1.456071104800177,-3.059190597575622,9.785988903198572,-1.2152078955324783,-3.8052879649381364,-0.8113129782281725,110,75,0.6818181818181818,40,0,0,4399,0,32,1
1741,58.03333333333333,1784217443.1953332,-3.830690166369621,-2.998385609198394,9.257829126288044,1.5746670867102137,-3.5543234995270816,-0.599799161453989,112,77,0.6875,52,0,0,4399,0,32,1
1742,58.06666666666667,1784217443.2286665,-2.2189607054918454,-3.683488849875218,11.355209795852971,0.645475082687276,-4.333815942116854,-0.845151189468794,108,70,0.6481481481481481,49,0,0,4399,0,32,1
1743,58.1,1784217443.2619998,-5.021929033964685,-1.1013986628588555,7.571000712353538,2.212087638749647,-2.371173550980909,-0.7258270614833605,108,65,0.6018518518518519,40,0,0,4399,0,32,1
1744,58.13333333333333,1784217443.2953334,-0.9800731727919985,-3.1693887459897496,9.46342099974082,0.05428194443602258,-3.660468376121717,-0.7031852429010483,103,68,0.6601941747572816,46,0,0,4399,0,32,1
1745,58.166666666666664,1784217443.3286667,-0.6495869604630151,-2.8245463724245923,10.266970513657327,-0.18394350138815477,-3.7602685250638657,-0.7315855545160028,95,66,0.6947368421052632,47,0,0,4399,0,32,1
1746,58.2,1784217443.362,-1.4962690552232605,-2.636899394699185,10.025884850400075,0.34897432003303624,-3.636414658663126,-0.7160744283893073,104,75,0.7211538461538461,54,0,0,4399,0,32,1
1747,58.233333333333334,1784217443.3953333,-1.2570470346956597,-2.291398903196466,9.286156578224805,0.19922588232591368,-3.315368631174794,-0.6328454359412771,101,69,0.6831683168316832,48,0,0,4399,0,32,1
1748,58.266666666666666,1784217443.4286666,-4.5162381870262145,-1.582119799347339,7.748982998755309,1.9799965231990178,-2.609087013924996,-0.624080613719854,106,72,0.6792452830188679,56,0,0,4399,0,32,1
1749,58.3,1784217443.462,-0.7314405643930524,-2.1759889988827297,9.069414150217582,-0.07237984520234703,-3.2706831554501097,-0.7387680820781928,100,67,0.67,49,0,0,4399,0,32,1
1750,58.333333333333336,1784217443.4953332,-2.9019762668794584,-4.189682132310978,9.614384448962326,1.1764724067954893,-4.067287997904806,-0.7963726825151074,102,71,0.696078431372549,38,0,0,4399,0,32,1
1751,58.36666666666667,1784217443.5286665,-2.815543723650581,-3.6892408314140113,9.828122854048658,0.9845321008672834,-3.9262922198865455,-0.8023672265706299,107,82,0.7663551401869159,39,0,0,4399,0,32,1
1752,58.4,1784217443.562,-1.3061253069505838,-2.8978764082041693,9.398299008297286,0.297224219415663,-3.5889437562508544,-0.7230253504925079,101,73,0.7227722772277227,42,0,0,4399,0,32,1
1753,58.43333333333333,1784217443.5953333,-1.5579961070278188,-2.780499500390178,9.614032974565532,0.28888648501506264,-3.592824331668142,-0.9829448481855855,102,68,0.6666666666666666,47,0,0,4399,0,32,1
1754,58.46666666666667,1784217443.6286666,-2.4447530360590015,-2.5935159660259473,9.953886669902559,0.7561686569138893,-3.5936741742360563,-0.788839807200182,106,72,0.6792452830188679,37,0,0,4399,0,32,1
1755,58.5,1784217443.662,-1.1931863291729705,-3.1920740851498124,9.481527847961829,0.21396387022789118,-3.672180818293065,-0.7506160025799097,94,68,0.723404255319149,41,0,0,4399,0,32,1
1756,58.53333333333333,1784217443.6953332,-1.3926719080230114,-2.7756291889196234,9.298442910988669,0.27968236770644495,-3.506101144682644,-0.8339082547233797,105,73,0.6952380952380952,34,0,0,4399,0,32,1
1757,58.56666666666667,1784217443.7286665,-2.7479028960110163,-2.2809332709985597,9.93872023700277,0.9853694590029021,-3.5060607872979834,-0.6591513655305845,104,68,0.6538461538461539,42,0,0,4399,0,32,1
1758,58.6,1784217443.7619998,-0.9138315980789358,-1.7598003003165417,9.233808429957719,-0.01586745483665709,-3.121826257999347,-0.6456305711639188,102,64,0.6274509803921569,36,0,0,4399,0,32,1
1759,58.63333333333333,1784217443.7953334,-1.1222068379618069,-2.439270231804386,9.881978510447922,0.19775192137908854,-3.5648304830716997,-0.6947224304457541,108,70,0.6481481481481481,40,0,0,4399,0,32,1
1760,58.666666666666664,1784217443.8286667,-1.4560045750701125,-2.550895566961046,9.67928176994485,0.2584534500053251,-3.5212303809325163,-0.8626350414665059,100,73,0.73,53,0,0,4399,0,32,1
1761,58.7,1784217443.862,0.3275730886869841,-3.131941077852588,10.348059394172623,-0.6179498991043827,-3.9336566031257605,-0.7074491073798658,103,72,0.6990291262135923,43,0,0,4399,0,32,1
1762,58.733333333333334,1784217443.8953333,-0.8705796853113412,-2.95369429475177,9.430408962145549,0.06493656711677417,-3.6043408588591017,-0.7417944714530051,101,77,0.7623762376237624,39,0,0,4399,0,32,1
1763,58.766666666666666,1784217443.9286666,-1.0455626735494263,-3.0945278770026903,9.695529520014546,0.10888839197615657,-3.733285256658928,-0.7680139341836654,106,75,0.7075471698113207,26,0,0,4399,0,32,1
1764,58.8,1784217443.962,-2.841566977661774,-2.2344653771368996,7.741505929637569,1.1971935056332612,-2.911842711124169,-0.5274767201803328,104,59,0.5673076923076923,50,0,0,4399,0,32,1
1765,58.833333333333336,1784217443.9953332,-4.217386272007111,-3.750457508535561,8.98063066652442,1.8073691339998739,-3.716879770816089,-0.8422328067572745,105,66,0.6285714285714286,40,0,0,4399,0,32,1
1766,58.86666666666667,1784217444.0286665,-0.3819277134373209,-2.9931595682607934,9.267311733677076,-0.20585556623399173,-3.5823210188462986,-0.7498499482431958,101,64,0.6336633663366337,42,0,0,4399,0,32,1
1767,58.9,1784217444.062,-3.2341961978141534,-3.454380355640197,9.623806662139216,1.2984978786073604,-3.818469827302532,-0.8605479051759971,102,70,0.6862745098039216,41,0,0,4399,0,32,1
1768,58.93333333333333,1784217444.0953333,-3.6297170284673186,-3.165209111019564,9.441534652052695,1.384075179160772,-3.6220797111154313,-0.9135743205839911,98,70,0.7142857142857143,41,0,0,4399,0,32,1
1769,58.96666666666667,1784217444.1286666,-2.055596046880229,-2.567466862638952,10.473310592143449,0.5249970490339497,-3.7085751985670665,-0.861346444119981,112,71,0.6339285714285714,47,0,0,4399,0,32,1
1770,59.0,1784217444.162,-3.5920039616813,-2.5976213036735913,8.73166904917035,1.5000687507113306,-3.2741815442757463,-0.6395090696301484,102,71,0.696078431372549,39,0,0,4399,0,32,1
1771,59.03333333333333,1784217444.1953332,-1.2608903016541522,-3.0020269394476884,9.654891472260715,0.1721157852897647,-3.646800139627478,-0.6873107643182256,114,78,0.6842105263157895,41,0,0,4399,0,32,1
1772,59.06666666666667,1784217444.2286665,-1.2750100297218818,-2.644284313052921,9.269572649487415,0.267342594786287,-3.434895140301475,-0.6228764745622949,105,83,0.7904761904761904,48,0,0,4399,0,32,1
1773,59.1,1784217444.2619998,-4.97786602668215,-0.6656742344381286,7.38824273831834,2.125403213476572,-2.179604679348545,-0.8385712333820589,106,71,0.6698113207547169,36,0,0,4399,0,32,1
1774,59.13333333333333,1784217444.2953334,-2.286288377370745,-1.709918022541359,9.22451790531585,0.7698837123714486,-3.0463988322110835,-0.7864530148326755,97,57,0.5876288659793815,41,0,0,4399,0,32,1
1775,59.166666666666664,1784217444.3286667,-2.128466133856172,-3.4394557451462333,9.713887963031581,0.7111242806106295,-3.8282397468728493,-0.7769987343027536,107,76,0.7102803738317757,32,0,0,4399,0,32,1
1776,59.2,1784217444.362,-1.7453240263642265,-3.6813086240876487,9.542512800422998,0.5020633457007565,-3.8440416643700392,-0.8614489350166091,97,61,0.6288659793814433,48,0,0,4399,0,32,1
1777,59.233333333333334,1784217444.3953333,-2.1183843563733227,-2.235589757863579,9.325852302949556,0.634283836334403,-3.2769785202301205,-0.779647882923109,96,67,0.6979166666666666,41,0,0,4399,0,32,1
1778,59.266666666666666,1784217444.4286666,-2.4233851839168743,-3.6870378862756468,9.820600936457623,0.8546345752460953,-3.933719851330085,-0.7124251079586112,94,65,0.6914893617021277,34,0,0,4399,0,32,1
1779,59.3,1784217444.462,-1.462735952647984,-2.1117484739258288,8.697908852014365,0.3437703898766448,-3.1295954252344336,-0.7132107989553493,96,60,0.625,21,0,0,4399,0,32,1
1780,59.333333333333336,1784217444.4953332,-3.7066644350092197,-2.764380903048263,8.3627488925421,1.5411400826372177,-3.1994063582614927,-0.6775946806694242,93,66,0.7096774193548387,27,0,0,4399,0,32,1
1781,59.36666666666667,1784217444.5286665,-2.8632759909934506,-2.247998184766047,8.691947221107895,1.0588052901850913,-3.1372029399364636,-0.6622458127327853,108,77,0.7129629629629629,40,0,0,4399,0,32,1
1782,59.4,1784217444.562,-0.5484139346208003,-2.90037728560371,9.412407929298368,-0.131330805064971,-3.5927802922110117,-0.719757756965973,100,75,0.75,37,0,0,4399,0,32,1
1783,59.43333333333333,1784217444.5953333,-0.8459990882165336,-2.8206543960353656,9.425310691370825,-0.0038942804694315917,-3.5941001128116246,-0.895273042631507,98,68,0.6938775510204082,20,0,0,4399,0,32,1
1784,59.46666666666667,1784217444.6286666,-1.6810312470590603,-3.246073612669491,9.760773202918955,0.49755686122723164,-3.800297491879368,-0.7495807839198756,105,81,0.7714285714285715,24,0,0,4399,0,32,1
1785,59.5,1784217444.662,-2.1671672832528373,-1.130996018556516,7.512436891974758,0.555815013159814,-2.4288701812131834,-0.869400973500044,106,69,0.6509433962264151,21,0,0,4399,0,32,1
1786,59.53333333333333,1784217444.6953332,-0.47822482154303714,-4.0483485416959155,10.762397748851328,-0.06101387392566063,-4.4207678576352185,-0.5484282620828211,94,64,0.6808510638297872,30,0,0,4399,0,32,1
1787,59.56666666666667,1784217444.7286665,-1.3412836700325013,-3.042591227720024,9.642722019889376,0.27165543316399265,-3.677716944506502,-0.7380180016062987,91,66,0.7252747252747253,34,0,0,4399,0,32,1
1788,59.6,1784217444.7619998,-0.7464478068540519,-3.0663542298948983,9.519773003823204,0.009364856682903547,-3.648812076964435,-0.6485019305336308,100,64,0.64,25,0,0,4399,0,32,1
1789,59.63333333333333,1784217444.7953334,-2.649652763785266,-3.0982337162765816,9.60346467821087,0.9770388510782567,-3.661780127367161,-0.7865312005291852,97,65,0.6701030927835051,28,0,0,4399,0,32,1
1790,59.666666666666664,1784217444.8286667,-1.289851257032577,-2.2063900416028304,9.499630956110778,0.1463232797637862,-3.365435877701096,-0.7653704983951309,98,66,0.673469387755102,47,0,0,4399,0,32,1
1791,59.7,1784217444.862,-0.6860457341837343,-1.9551048805888058,8.633696310384437,-0.14999416783957104,-3.041152232883702,-0.7139099545867641,100,61,0.61,40,0,0,4399,0,32,1
1792,59.733333333333334,1784217444.8953333,-0.8641176837899476,-2.8450406432135082,9.208900287191014,0.09853240803734271,-3.4817297721030367,-0.6570547929957802,105,68,0.6476190476190476,33,0,0,4399,0,32,1
1793,59.766666666666666,1784217444.9286666,-0.4844145927686103,-3.3627334208878494,10.26457509208413,-0.0844377000141204,-4.007351763463719,-0.6738987189222395,102,71,0.696078431372549,37,0,0,4399,0,32,1
1794,59.8,1784217444.962,-1.8843727080151496,-2.2027133862500676,9.888572684787718,0.5630769761568567,-3.419320844839633,-0.791341491475501,99,68,0.6868686868686869,31,0,0,4399,0,32,1
1795,59.833333333333336,1784217444.9953332,-1.525289207148628,-2.0875581520520115,9.7559757418977,0.2986288401681285,-3.3812933024675105,-0.7740953335815577,99,69,0.696969696969697,39,0,0,4399,0,32,1
1796,59.86666666666667,1784217445.0286665,-1.6143374127123131,-1.5872253708844113,8.69745543341432,0.35470793846217313,-2.900206522363065,-0.7008713516747235,90,67,0.7444444444444445,37,0,0,4399,0,32,1
1797,59.9,1784217445.062,-1.7683441268098008,-1.9689311695599088,9.1348288610627,0.45689074975975347,-3.174498141091371,-0.731582037352519,85,62,0.7294117647058823,35,0,0,4399,0,32,1
1798,59.93333333333333,1784217445.0953333,-0.3984564400600643,-4.031778329073063,10.615172263299499,-0.12089115803477936,-4.299606736090572,-0.6206349200109587,108,67,0.6203703703703703,50,0,0,4399,0,32,1
1799,59.96666666666667,1784217445.1286666,-0.9113593487407012,-2.8288743458099503,9.648820640352156,0.17330318315646207,-3.570407427560567,-0.8197983572296204,103,69,0.6699029126213593,46,0,0,4399,0,32,1
1800,60.0,1784217445.162,-1.747217779443524,-3.9783372827242403,9.689257163982276,0.7893745565717917,-3.9954438805708774,-0.9593650783851649,91,58,0.6373626373626373,33,0,0,4399,0,32,1
1801,60.03333333333333,1784217445.1953332,0.7644898013277555,-3.037027382370411,9.365027956494231,-0.3571806737373608,-3.6622999415032247,-0.8669840642866502,85,64,0.7529411764705882,43,0,0,4399,0,32,1
1802,60.06666666666667,1784217445.2286665,0.2780085584520826,-3.353489351111861,9.847499177713445,0.10855765930660441,-3.8842150880006687,-1.2336412583313052,81,49,0.6049382716049383,40,0,0,4399,0,32,1
1803,60.1,1784217445.2619998,-0.04330596116678542,-2.4717584871182225,10.308823760648394,1.1012290849286348,-3.679707882572423,-0.6740782368014371,80,44,0.55,45,0,0,4399,0,32,1
1804,60.13333333333333,1784217445.2953334,1.4692883560014973,-2.4406337740289104,10.026469918321908,0.6332457809950431,-3.671622141316792,-1.0034752519929278,79,47,0.5949367088607594,43,0,0,4399,0,32,1
1805,60.166666666666664,1784217445.3286667,0.35424111081751875,-1.1756845464752672,4.457903742969833,2.320868242531116,-1.7840111101475054,-0.19456522504951093,80,44,0.55,46,0,0,4399,0,32,1
1806,60.2,1784217445.362,3.8075052024537275,-2.2633551073785867,9.472418077491355,0.6409574347696279,-3.6000057851478733,-0.8702853602237899,76,42,0.5526315789473685,46,0,0,4399,0,32,1
1807,60.233333333333334,1784217445.3953333,6.170486969303376,-3.4092588019414762,11.464835649191926,0.15702950541558627,-4.563495505374032,-0.71295855018121,76,48,0.631578947368421,42,0,0,4399,0,32,1
1808,60.266666666666666,1784217445.4286666,7.774137691989769,0.682740694968544,1.9237891110956014,0.156585458451139,-0.6125147707105774,0.0753980023796413,78,38,0.48717948717948717,39,0,0,4399,0,32,1
1809,60.3,1784217445.462,8.058339975666097,-1.399476752804759,10.403266247519923,0.06528814082142172,-3.6560930818487356,-0.586098886892711,82,45,0.5487804878048781,46,0,0,4399,0,32,1
1810,60.333333333333336,1784217445.4953332,7.253982641721743,-2.2158118230606334,10.380179528386932,1.0184859888202604,-3.887135366373737,-0.7942238763094243,76,42,0.5526315789473685,43,0,0,4399,0,32,1
1811,60.36666666666667,1784217445.5286665,7.238936185734734,0.15761351500466958,8.40565876313724,1.5312125223132094,-2.576386788242136,-0.9409079952302074,71,45,0.6338028169014085,38,0,0,4399,0,32,1
1812,60.4,1784217445.562,11.446234506866775,-0.7796278651090347,9.9959391270923,0.09362634469142138,-3.4708811000449433,-0.4587009204279924,71,50,0.704225352112676,50,0,0,4399,0,32,1
1813,60.43333333333333,1784217445.5953333,8.952621929440014,-0.937910515643054,8.203417946890866,1.6339218594887746,-2.9314182929046773,-0.9519633563077072,78,43,0.5512820512820513,41,0,0,4399,0,32,1
1814,60.46666666666667,1784217445.6286666,13.04296276665129,-1.1841100987346493,7.286822348207764,0.4659322405997708,-2.9328488132099944,-0.3301979032481661,75,42,0.56,37,0,0,4399,0,32,1
1815,60.5,1784217445.662,14.189573170065183,-0.18248371744773806,7.5602086957010926,0.43696265163438797,-2.692845313180531,-0.3486726665038143,68,47,0.6911764705882353,46,0,0,4399,0,32,1
1816,60.53333333333333,1784217445.6953332,12.496930509183542,-1.1223520933334896,8.708129022988857,1.2987987356335144,-3.2926635726972986,-1.267290095308228,80,46,0.575,58,0,0,4399,0,32,1
1817,60.56666666666667,1784217445.7286665,16.450153730709815,0.1692966682121977,8.820331216050747,-0.021546381546515628,-3.0192974322141852,-0.7385685658280163,67,47,0.7014925373134329,49,0,0,4399,0,32,1
1818,60.6,1784217445.7619998,15.160044509155021,0.16619753101909396,8.31431054074973,1.395425200348508,-2.798691011630086,-0.7722659798896306,73,44,0.6027397260273972,32,0,0,4399,0,32,1
1819,60.63333333333333,1784217445.7953334,15.771877066839878,-0.45049844321472676,9.284928925155214,1.4433918745329941,-3.34272718797296,-0.9683367966467467,71,45,0.6338028169014085,60,0,0,4399,0,32,1
1820,60.666666666666664,1784217445.8286667,13.901112026582222,0.4495601887424385,6.973471567968801,2.455166805724854,-2.295928659810715,-1.602265450268105,72,40,0.5555555555555556,62,0,0,4399,0,32,1
1821,60.7,1784217445.862,17.810118652816612,0.16540210793561982,6.84723166065703,1.5081044274633608,-2.4587985050142023,-0.7194269583832306,64,38,0.59375,74,0,0,4399,0,32,1
1822,60.733333333333334,1784217445.8953333,18.941191095310025,-0.07426645188478176,10.11397576085784,1.734814786211707,-3.4617170007415234,-0.7112560241705463,82,49,0.5975609756097561,49,0,0,4399,0,32,1
1823,60.766666666666666,1784217445.9286666,18.455750499542635,0.416859150191911,4.637191888783207,2.1155509972359665,-1.7777372842238186,-0.8607614732309198,73,42,0.5753424657534246,48,0,0,4399,0,32,1
1824,60.8,1784217445.962,18.317852780368778,-0.7964167661406663,9.909624421827914,2.6317592100327842,-3.6045262869703305,-1.341672445079934,71,46,0.647887323943662,63,0,0,4399,0,32,1
1825,60.833333333333336,1784217445.9953332,21.173008812885612,-0.06919973967195858,8.678533601594381,1.6416802184699724,-3.228391088569926,-1.3043149480458933,72,46,0.6388888888888888,51,0,0,4399,0,32,1
1826,60.86666666666667,1784217446.0286665,24.978380201068077,-0.7034871694354194,11.074807864002565,0.9514807543294828,-4.145981570821968,-0.3212603457118007,71,47,0.6619718309859155,50,0,0,4399,0,32,1
1827,60.9,1784217446.062,21.700447006017114,0.4944297356300922,8.907821591242268,2.7780476426854057,-2.963725933510651,-0.908160288896759,72,38,0.5277777777777778,51,0,0,4399,0,32,1
1828,60.93333333333333,1784217446.0953333,25.00134767467192,0.9592468968292707,5.0964910297889645,1.0117921629148203,-2.0527178233391017,-1.2867415829005282,72,39,0.5416666666666666,47,0,0,4399,0,32,1
1829,60.96666666666667,1784217446.1286666,26.685915499853294,0.054019043126857014,10.509320974667475,1.7303025585360068,-3.738160499018163,-0.4312828571994886,72,41,0.5694444444444444,51,0,0,4399,0,32,1
1830,61.0,1784217446.162,27.986679540302333,1.6155529118993002,9.63063047289522,1.2210339828641399,-3.0680172845556233,-0.7937627946954695,72,42,0.5833333333333334,49,0,0,4399,0,32,1
1831,61.03333333333333,1784217446.1953332,28.877712652146176,1.5250126428136639,10.828825616416765,1.475810480651809,-3.4209358317354033,-0.5919304711810079,76,43,0.5657894736842105,59,0,0,4399,0,32,1
1832,61.06666666666667,1784217446.2286665,28.637722058772972,3.0019531722567763,8.088795972030766,1.6348994036713642,-2.2172132674208336,-1.3217420258680699,75,37,0.49333333333333335,34,0,0,4399,0,32,1
1833,61.1,1784217446.2619998,31.411421275111483,1.2870115186860147,8.364915868718015,1.0971378346287746,-3.006949660743964,-0.7195421965099823,81,44,0.5432098765432098,41,0,0,4399,0,32,1
1834,61.13333333333333,1784217446.2953334,31.196463903776394,2.6648771649032597,8.773476042691229,1.7793003801199123,-2.5668572333289976,-0.9285308844071888,68,38,0.5588235294117647,64,0,0,4399,0,32,1
1835,61.166666666666664,1784217446.3286667,31.44553647592561,2.3381344980008407,10.987145878354795,2.4142603006792758,-3.159725344522455,-0.6201203125598352,72,43,0.5972222222222222,51,0,0,4399,0,32,1
1836,61.2,1784217446.362,31.417647783603183,2.249849394079291,7.024362007856595,2.220177601857093,-2.2150656770983677,-1.2268271256194034,75,47,0.6266666666666667,38,0,0,4399,0,32,1
1837,61.233333333333334,1784217446.3953333,36.36425070307093,0.38811981211310354,9.305948223362691,0.8723964990630416,-3.6800220583163203,-0.5244842579225081,71,40,0.5633802816901409,42,0,0,4399,0,32,1
1838,61.266666666666666,1784217446.4286666,33.081279344382494,4.748207627099276,1.5515214676024982,1.791592563245832,-0.022275698167285245,-1.4624207200348711,71,44,0.6197183098591549,56,0,0,4399,0,32,1
1839,61.3,1784217446.462,37.2796983872648,2.3218242438709353,8.553483294517065,1.4147358419613993,-2.7890074926616193,-0.5648414065785797,63,41,0.6507936507936508,44,0,0,4399,0,32,1
1840,61.333333333333336,1784217446.4953332,36.54260387916759,5.425330835954199,6.1488910557872885,1.921692139252079,-1.1119905059083028,-0.9629990353513282,65,34,0.5230769230769231,57,0,0,4399,0,32,1
1841,61.36666666666667,1784217446.5286665,40.17657085057633,3.9490904719480966,8.388059062210331,0.831538383401329,-2.4652746693543244,-0.9586636637809783,81,41,0.5061728395061729,33,0,0,4399,0,32,1
1842,61.4,1784217446.562,39.609634417840255,4.549749267042472,2.220537474558782,1.1999988423444319,-0.40411996469256733,-0.6804911507937338,72,38,0.5277777777777778,48,0,0,4399,0,32,1
1843,61.43333333333333,1784217446.5953333,43.459584500651104,3.2537739457813757,8.350823484374288,0.4078837847973481,-2.7577080340881692,-0.5286906364743716,67,36,0.5373134328358209,47,0,0,4399,0,32,1
1844,61.46666666666667,1784217446.6286666,41.21120838607264,2.963938129583056,8.426511769170872,1.969309689716981,-2.59667166231425,-0.6991800659666098,72,46,0.6388888888888888,45,0,0,4399,0,32,1
1845,61.5,1784217446.662,41.83368896550661,2.1041701986313655,11.654382376264849,2.7901322944269853,-3.5971942900346834,-0.07530620424621016,59,27,0.4576271186440678,42,0,0,4399,0,32,1
1846,61.53333333333333,1784217446.6953332,42.418032499924394,3.920495698841492,9.483405000625183,1.9978043710716558,-2.7642096658745117,-1.5559436899057952,70,38,0.5428571428571428,46,0,0,4399,0,32,1
1847,61.56666666666667,1784217446.7286665,44.29202646974344,5.108166588578953,8.965225274527143,2.1151457818276493,-2.0819526946354387,-0.698054707543972,66,39,0.5909090909090909,41,0,0,4399,0,32,1
1848,61.6,1784217446.7619998,45.06531267020969,3.7003057370069143,10.275831765421842,1.2988410833320339,-3.379260903050635,-2.220251592288737,69,28,0.4057971014492754,45,0,0,4399,0,32,1
1849,61.63333333333333,1784217446.7953334,48.08027240646105,7.2657608540339425,7.371079699287989,1.0819584178374428,-1.2617354740246163,-0.7211076108874493,65,31,0.47692307692307695,52,0,0,4399,0,32,1
1850,61.666666666666664,1784217446.8286667,46.639329591191,5.221041911381306,9.549558546687152,2.4896226324458945,-2.242618632892453,-0.9084994346726017,64,42,0.65625,52,0,0,4399,0,32,1
1851,61.7,1784217446.862,49.098846142616594,4.05527748180134,10.15668289902436,2.09182812033678,-2.7976305179094347,-0.455518493883264,64,43,0.671875,53,0,0,4399,0,32,1
1852,61.733333333333334,1784217446.8953333,48.50804013879838,6.2303567407038685,8.8590904776526,2.4095487728921423,-1.8474768420024708,-1.0866068264925395,57,36,0.631578947368421,46,0,0,4399,0,32,1
1853,61.766666666666666,1784217446.9286666,52.45172650406079,2.782884968623918,10.296432340728344,0.9979487029812186,-3.7993382730977254,-1.1692418018413602,58,34,0.5862068965517241,41,0,0,4399,0,32,1
1854,61.8,1784217446.962,49.87671051243768,6.4760827292499386,8.947479153613372,2.7661883187508356,-1.7350942106725598,-1.0542534774990395,66,39,0.5909090909090909,36,0,0,4399,0,32,1
1855,61.833333333333336,1784217446.9953332,50.65454679346661,7.240082293263129,6.643974109334707,1.92217639239101,-1.2561429485573918,-2.036025829977669,69,41,0.5942028985507246,59,0,0,4399,0,32,1
1856,61.86666666666667,1784217447.0286665,53.822798300955284,7.321324427754632,0.6749694350287854,0.7507817179516186,0.3230905832286525,-1.1831360606364496,49,29,0.5918367346938775,46,0,0,4399,0,32,1
1857,61.9,1784217447.062,51.860951585249936,8.924918918023224,7.375608505968216,3.0751130745179864,-0.5687190020541559,-1.3314514266877182,54,31,0.5740740740740741,32,0,0,4399,0,32,1
1858,61.93333333333333,1784217447.0953333,57.76938127316248,2.7701389955683595,10.424114301331372,1.3090233165800063,-3.7679476490767154,-0.5595278129900778,65,35,0.5384615384615384,60,0,0,4399,0,32,1
1859,61.96666666666667,1784217447.1286666,57.92190443700079,5.573393547678634,10.103748678230147,2.0306145319234736,-2.503242847668131,-0.2538237650817674,49,30,0.6122448979591837,39,0,0,4399,0,32,1
1860,62.0,1784217447.162,52.401575797233676,7.89540363812165,9.065540465000623,4.351874912794152,-1.1330754823279263,-1.3736370447548558,65,28,0.4307692307692308,61,0,0,4399,0,32,1
1861,62.03333333333333,1784217447.1953332,53.74116850692232,8.652236726899346,7.362814243147113,3.708807517978608,-0.6258042468459635,-1.8771972799215462,55,31,0.5636363636363636,44,0,0,4399,0,32,1
1862,62.06666666666667,1784217447.2286665,65.5653075914766,7.382877223283231,6.605736292459596,-0.7512591524741831,-1.9379348418913918,-0.6392457286047659,46,23,0.5,57,0,0,4399,0,32,1
1863,62.1,1784217447.2619998,60.736249884736125,6.409801172613129,9.282865868575911,1.8421303144477001,-2.3350011283973244,-1.256418043606716,58,25,0.43103448275862066,43,0,0,4399,0,32,1
1864,62.13333333333333,1784217447.2953334,64.29763499795044,4.723504170961959,6.686430773382469,0.5698811810357401,-2.5589431581910826,-0.7040423704030174,42,20,0.47619047619047616,63,0,0,4399,0,32,1
1865,62.166666666666664,1784217447.3286667,nan,nan,nan,nan,nan,nan,44,19,0.4318181818181818,62,0,0,4399,0,32,0
1866,62.2,1784217447.362,nan,nan,nan,nan,nan,nan,48,18,0.375,76,0,0,4399,0,32,0
1867,62.233333333333334,1784217447.3953333,nan,nan,nan,nan,nan,nan,41,5,0.12195121951219512,48,0,0,4399,0,32,0
1868,62.266666666666666,1784217447.4286666,nan,nan,nan,nan,nan,nan,43,9,0.20930232558139536,73,0,0,4399,0,32,0
1869,62.3,1784217447.462,nan,nan,nan,nan,nan,nan,35,10,0.2857142857142857,55,0,0,4399,0,32,0
1870,62.333333333333336,1784217447.4953332,nan,nan,nan,nan,nan,nan,40,6,0.15,53,0,0,4399,0,32,0
1871,62.36666666666667,1784217447.5286665,nan,nan,nan,nan,nan,nan,51,0,0.0,43,0,0,4399,0,32,0
1872,62.4,1784217447.562,nan,nan,nan,nan,nan,nan,29,0,nan,65,0,0,4399,0,32,0
1873,62.43333333333333,1784217447.5953333,nan,nan,nan,nan,nan,nan,33,0,0.0,34,0,0,4399,0,32,0
1874,62.46666666666667,1784217447.6286666,nan,nan,nan,nan,nan,nan,35,0,0.0,33,0,0,4399,0,32,0
1875,62.5,1784217447.662,nan,nan,nan,nan,nan,nan,28,0,nan,53,0,0,4399,0,32,0
1876,62.53333333333333,1784217447.6953332,nan,nan,nan,nan,nan,nan,38,0,0.0,49,0,0,4399,0,32,0
1877,62.56666666666667,1784217447.7286665,nan,nan,nan,nan,nan,nan,27,0,nan,44,0,0,4399,0,32,0
1878,62.6,1784217447.7619998,nan,nan,nan,nan,nan,nan,36,0,0.0,59,0,0,4399,0,32,0
1879,62.63333333333333,1784217447.7953334,nan,nan,nan,nan,nan,nan,35,0,0.0,64,0,0,4399,0,32,0
1880,62.666666666666664,1784217447.8286667,nan,nan,nan,nan,nan,nan,32,0,0.0,56,0,0,4399,0,32,0
1881,62.7,1784217447.862,nan,nan,nan,nan,nan,nan,27,0,nan,64,0,0,4399,0,32,0
1882,62.733333333333334,1784217447.8953333,nan,nan,nan,nan,nan,nan,31,0,0.0,56,0,0,4399,0,32,0
1883,62.766666666666666,1784217447.9286666,nan,nan,nan,nan,nan,nan,35,0,0.0,57,0,0,4399,0,32,0
1884,62.8,1784217447.962,nan,nan,nan,nan,nan,nan,30,0,0.0,70,0,0,4399,0,32,0
1885,62.833333333333336,1784217447.9953332,nan,nan,nan,nan,nan,nan,37,0,0.0,67,0,0,4399,0,32,0
1886,62.86666666666667,1784217448.0286665,nan,nan,nan,nan,nan,nan,30,0,0.0,90,0,0,4399,0,32,0
1887,62.9,1784217448.062,nan,nan,nan,nan,nan,nan,28,0,nan,69,0,0,4399,0,32,0
1888,62.93333333333333,1784217448.0953333,nan,nan,nan,nan,nan,nan,29,0,nan,87,0,0,4399,0,32,0
1889,62.96666666666667,1784217448.1286666,nan,nan,nan,nan,nan,nan,35,0,0.0,56,0,0,4399,0,32,0
1890,63.0,1784217448.162,nan,nan,nan,nan,nan,nan,24,0,nan,53,0,0,4399,0,32,0
1891,63.03333333333333,1784217448.1953332,nan,nan,nan,nan,nan,nan,32,0,0.0,63,0,0,4399,0,32,0
1892,63.06666666666667,1784217448.2286665,nan,nan,nan,nan,nan,nan,40,0,0.0,85,0,0,4399,0,32,0
1893,63.1,1784217448.2619998,nan,nan,nan,nan,nan,nan,42,0,0.0,82,0,0,4399,0,32,0
1894,63.13333333333333,1784217448.2953334,nan,nan,nan,nan,nan,nan,33,0,0.0,88,0,0,4399,0,32,0
1895,63.166666666666664,1784217448.3286667,nan,nan,nan,nan,nan,nan,30,0,0.0,104,0,0,4399,0,32,0
1896,63.2,1784217448.362,nan,nan,nan,nan,nan,nan,31,0,0.0,92,0,0,4399,0,32,0
1897,63.233333333333334,1784217448.3953333,nan,nan,nan,nan,nan,nan,25,0,nan,81,0,0,4399,0,32,0
1898,63.266666666666666,1784217448.4286666,nan,nan,nan,nan,nan,nan,34,0,0.0,91,0,0,4399,0,32,0
1899,63.3,1784217448.462,nan,nan,nan,nan,nan,nan,30,0,0.0,83,0,0,4399,0,32,0
1900,63.333333333333336,1784217448.4953332,nan,nan,nan,nan,nan,nan,31,0,0.0,82,0,0,4399,0,32,0
1901,63.36666666666667,1784217448.5286665,nan,nan,nan,nan,nan,nan,24,0,nan,91,0,0,4399,0,32,0
1902,63.4,1784217448.562,nan,nan,nan,nan,nan,nan,27,0,nan,108,0,0,4399,0,32,0
1903,63.43333333333333,1784217448.5953333,nan,nan,nan,nan,nan,nan,50,0,0.0,96,0,0,4399,0,32,0
1904,63.46666666666667,1784217448.6286666,nan,nan,nan,nan,nan,nan,29,0,nan,108,0,0,4399,0,32,0
1905,63.5,1784217448.662,nan,nan,nan,nan,nan,nan,35,0,0.0,82,0,0,4399,0,32,0
1906,63.53333333333333,1784217448.6953332,nan,nan,nan,nan,nan,nan,32,0,0.0,88,0,0,4399,0,32,0
1907,63.56666666666667,1784217448.7286665,nan,nan,nan,nan,nan,nan,42,0,0.0,80,0,0,4399,0,32,0
1908,63.6,1784217448.7619998,nan,nan,nan,nan,nan,nan,45,0,0.0,90,0,0,4399,0,32,0
1909,63.63333333333333,1784217448.7953334,nan,nan,nan,nan,nan,nan,31,0,0.0,93,0,0,4399,0,32,0
1910,63.666666666666664,1784217448.8286667,nan,nan,nan,nan,nan,nan,43,0,0.0,93,0,0,4399,0,32,0
1911,63.7,1784217448.862,nan,nan,nan,nan,nan,nan,36,0,0.0,96,0,0,4399,0,32,0
1912,63.733333333333334,1784217448.8953333,nan,nan,nan,nan,nan,nan,36,0,0.0,80,0,0,4399,0,32,0
1913,63.766666666666666,1784217448.9286666,nan,nan,nan,nan,nan,nan,29,0,nan,125,0,0,4399,0,32,0
1914,63.8,1784217448.962,nan,nan,nan,nan,nan,nan,38,0,0.0,98,0,0,4399,0,32,0
1915,63.833333333333336,1784217448.9953332,nan,nan,nan,nan,nan,nan,50,0,0.0,96,0,0,4399,0,32,0
1916,63.86666666666667,1784217449.0286665,nan,nan,nan,nan,nan,nan,37,0,0.0,112,0,0,4399,0,32,0
1917,63.9,1784217449.062,nan,nan,nan,nan,nan,nan,42,0,0.0,96,0,0,4399,0,32,0
1918,63.93333333333333,1784217449.0953333,nan,nan,nan,nan,nan,nan,43,0,0.0,97,0,0,4399,0,32,0
1919,63.96666666666667,1784217449.1286666,nan,nan,nan,nan,nan,nan,34,0,0.0,79,0,0,4399,0,32,0
1920,64.0,1784217449.162,nan,nan,nan,nan,nan,nan,35,0,0.0,106,0,0,4399,0,32,0
1921,64.03333333333333,1784217449.1953332,nan,nan,nan,nan,nan,nan,36,0,0.0,99,0,0,4399,0,32,0
1922,64.06666666666666,1784217449.2286665,nan,nan,nan,nan,nan,nan,37,0,0.0,111,0,0,4399,0,32,0
1923,64.1,1784217449.2619998,nan,nan,nan,nan,nan,nan,43,0,0.0,114,0,0,4399,0,32,0
1924,64.13333333333334,1784217449.2953334,nan,nan,nan,nan,nan,nan,55,0,0.0,97,0,0,4399,0,32,0
1925,64.16666666666667,1784217449.3286667,nan,nan,nan,nan,nan,nan,30,0,0.0,131,0,0,4399,0,32,0
1926,64.2,1784217449.362,nan,nan,nan,nan,nan,nan,30,0,0.0,121,0,0,4399,0,32,0
1927,64.23333333333333,1784217449.3953333,nan,nan,nan,nan,nan,nan,32,0,0.0,109,0,0,4399,0,32,0
1928,64.26666666666667,1784217449.4286666,nan,nan,nan,nan,nan,nan,34,0,0.0,125,0,0,4399,0,32,0
1929,64.3,1784217449.462,nan,nan,nan,nan,nan,nan,45,0,0.0,110,0,0,4399,0,32,0
1930,64.33333333333333,1784217449.4953332,nan,nan,nan,nan,nan,nan,29,0,nan,128,0,0,4399,0,32,0
1931,64.36666666666666,1784217449.5286665,nan,nan,nan,nan,nan,nan,22,0,nan,127,0,0,4399,0,32,0
1932,64.4,1784217449.562,nan,nan,nan,nan,nan,nan,44,0,0.0,141,0,0,4399,0,32,0
1933,64.43333333333334,1784217449.5953333,nan,nan,nan,nan,nan,nan,41,0,0.0,119,0,0,4399,0,32,0
1934,64.46666666666667,1784217449.6286666,nan,nan,nan,nan,nan,nan,28,0,nan,149,0,0,4399,0,32,0
1935,64.5,1784217449.662,nan,nan,nan,nan,nan,nan,43,0,0.0,133,0,0,4399,0,32,0
1936,64.53333333333333,1784217449.6953332,nan,nan,nan,nan,nan,nan,37,0,0.0,126,0,0,4399,0,32,0
1937,64.56666666666666,1784217449.7286665,nan,nan,nan,nan,nan,nan,41,0,0.0,110,0,0,4399,0,32,0
1938,64.6,1784217449.7619998,nan,nan,nan,nan,nan,nan,59,0,0.0,115,0,0,4399,0,32,0
1939,64.63333333333334,1784217449.7953334,nan,nan,nan,nan,nan,nan,46,0,0.0,110,0,0,4399,0,32,0
1940,64.66666666666667,1784217449.8286667,nan,nan,nan,nan,nan,nan,35,0,0.0,152,0,0,4399,0,32,0
1941,64.7,1784217449.862,nan,nan,nan,nan,nan,nan,47,0,0.0,142,0,0,4399,0,32,0
1942,64.73333333333333,1784217449.8953333,nan,nan,nan,nan,nan,nan,51,0,0.0,133,0,0,4399,0,32,0
1943,64.76666666666667,1784217449.9286666,nan,nan,nan,nan,nan,nan,45,0,0.0,113,0,0,4399,0,32,0
1944,64.8,1784217449.962,nan,nan,nan,nan,nan,nan,25,0,nan,138,0,0,4399,0,32,0
1945,64.83333333333333,1784217449.9953332,nan,nan,nan,nan,nan,nan,31,0,0.0,159,0,0,4399,0,32,0
1946,64.86666666666666,1784217450.0286665,nan,nan,nan,nan,nan,nan,29,0,nan,179,0,0,4399,0,32,0
1947,64.9,1784217450.062,nan,nan,nan,nan,nan,nan,42,0,0.0,144,0,0,4399,0,32,0
1948,64.93333333333334,1784217450.0953333,nan,nan,nan,nan,nan,nan,65,0,0.0,164,0,0,4399,0,32,0
1949,64.96666666666667,1784217450.1286666,nan,nan,nan,nan,nan,nan,54,0,0.0,162,0,0,4399,0,32,0
1950,65.0,1784217450.162,nan,nan,nan,nan,nan,nan,39,0,0.0,219,0,0,4399,0,32,0
1951,65.03333333333333,1784217450.1953332,nan,nan,nan,nan,nan,nan,76,0,0.0,184,0,0,4399,0,32,0
1952,65.06666666666666,1784217450.2286665,nan,nan,nan,nan,nan,nan,57,0,0.0,251,0,0,4399,0,32,0
1953,65.1,1784217450.2619998,nan,nan,nan,nan,nan,nan,48,10,0.20833333333333334,233,0,0,4399,0,32,0
1954,65.13333333333334,1784217450.2953334,nan,nan,nan,nan,nan,nan,51,0,0.0,268,0,0,4399,0,32,0
1955,65.16666666666667,1784217450.3286667,71.50619456124313,10.03751410489052,10.370300525583204,2.7738583670138763,-1.1100475872416269,0.016721291146245622,60,23,0.38333333333333336,278,0,0,4399,0,32,1
1956,65.2,1784217450.362,nan,nan,nan,nan,nan,nan,73,0,0.0,299,0,0,4399,0,32,0
1957,65.23333333333333,1784217450.3953333,nan,nan,nan,nan,nan,nan,72,0,0.0,253,0,0,4399,0,32,0
1958,65.26666666666667,1784217450.4286666,nan,nan,nan,nan,nan,nan,40,0,0.0,291,0,0,4399,0,32,0
1959,65.3,1784217450.462,nan,nan,nan,nan,nan,nan,73,0,0.0,238,0,0,4399,0,32,0
1960,65.33333333333333,1784217450.4953332,nan,nan,nan,nan,nan,nan,72,0,0.0,251,0,0,4399,0,32,0
1961,65.36666666666666,1784217450.5286665,nan,nan,nan,nan,nan,nan,55,5,0.09090909090909091,206,0,0,4399,0,32,0
1962,65.4,1784217450.562,nan,nan,nan,nan,nan,nan,65,16,0.24615384615384617,176,0,0,4399,0,32,0
1963,65.43333333333334,1784217450.5953333,nan,nan,nan,nan,nan,nan,56,17,0.30357142857142855,182,0,0,4399,0,32,0
1964,65.46666666666667,1784217450.6286666,65.31892692346105,4.839905831948386,9.753289141638788,0.7253611200865753,-3.3412684591639414,-0.6871771052020389,66,26,0.3939393939393939,205,0,0,4399,0,32,1
1965,65.5,1784217450.662,65.67019941869314,3.790706637429423,11.279391772421846,0.9635186209399782,-3.663480930499753,0.26318472347750416,74,33,0.44594594594594594,154,0,0,4399,0,32,1
1966,65.53333333333333,1784217450.6953332,64.91389123180944,4.490565544370455,10.829468553330983,0.49541953211902334,-3.5817495288816277,-0.09986859555310765,71,34,0.4788732394366197,192,0,0,4399,0,32,1
1967,65.56666666666666,1784217450.7286665,57.50670907488035,5.2993238566253495,11.560633550845438,3.6413119003732723,-2.5157550854815334,-0.10434009496521063,83,37,0.4457831325301205,197,0,0,4399,0,32,1
1968,65.6,1784217450.7619998,61.05502690383142,5.2872457172574485,9.988464548289187,0.9051183155442211,-2.967400220609626,-0.6102092349491713,91,37,0.4065934065934066,174,0,0,4399,0,32,1
1969,65.63333333333334,1784217450.7953334,58.066930124144434,7.203171038950728,8.675818342720703,1.6573991679098057,-1.8543659997640778,-0.7879989695802614,97,42,0.4329896907216495,187,0,0,4399,0,32,1
1970,65.66666666666667,1784217450.8286667,58.51796361950686,4.570553565292315,10.807235543765017,1.397568428324917,-3.2112512994745672,-0.3496699727431794,89,59,0.6629213483146067,202,19,183,4582,1,33,1
1971,65.7,1784217450.862,60.07435540612519,4.162610402514744,9.863257862427545,-0.0194502016587396,-3.518304017346423,-0.410341573687725,185,101,0.5459459459459459,116,11,105,4687,1,34,1
1972,65.73333333333333,1784217450.8953333,58.89354281255048,5.0947790276501905,10.596140071799155,0.28070762446230174,-3.199787036747431,-0.2758764903292852,175,103,0.5885714285714285,93,0,0,4687,0,34,1
1973,65.76666666666667,1784217450.9286666,57.51085363326871,4.912921074523041,10.196353522352695,0.3695105738788651,-3.087465527314237,-0.27388046254476106,183,89,0.48633879781420764,125,0,0,4687,0,34,1
1974,65.8,1784217450.962,55.49910080966856,4.68038566218145,10.00182390626982,0.8903646199751664,-2.9387186942732333,-0.3278797166413531,157,87,0.554140127388535,100,7,93,4780,1,35,1
1975,65.83333333333333,1784217450.9953332,58.03794871417057,2.371196942514743,10.830823102285706,-0.6502078975349588,-4.348698713439801,-0.0805750404145687,169,96,0.5680473372781065,98,0,0,4780,0,35,1
1976,65.86666666666666,1784217451.0286665,56.83823886593147,2.4578756414540663,11.741028735325742,-0.4131755215559136,-4.324253054716121,0.17851169658480442,147,81,0.5510204081632653,102,12,90,4870,1,36,1
1977,65.9,1784217451.062,54.111637357409236,4.1686942123519515,12.368044228944143,0.6525346458671436,-3.596258086526143,0.30609644791310325,137,70,0.5109489051094891,111,5,106,4976,1,37,1
1978,65.93333333333334,1784217451.0953333,53.40774504007162,3.8560254074355953,11.634767796534206,0.37421447781520684,-3.5874365275410685,0.2403877759197034,146,71,0.4863013698630137,99,0,0,4976,0,37,1
1979,65.96666666666667,1784217451.1286666,53.886537391156565,2.47153511591992,12.468258872568981,-0.33046514183190745,-4.397417066225099,0.15933594122664793,119,62,0.5210084033613446,109,10,99,5075,1,38,1
1980,66.0,1784217451.162,50.40119836776695,3.787185131640129,10.958664881663807,0.6965561728692918,-3.2831842331777676,0.1934694179846944,131,68,0.5190839694656488,79,0,0,5075,0,38,1
1981,66.03333333333333,1784217451.1953332,51.87474353580252,1.832218317554407,11.323402155978727,-0.8094155865339351,-4.417900292191499,0.047853680083853746,115,61,0.5304347826086957,83,0,0,5075,0,38,1
1982,66.06666666666666,1784217451.2286665,45.94705697432377,3.033746390849089,11.952307505913765,1.709292319330658,-3.571235930029612,-0.1216535363774762,115,58,0.5043478260869565,80,0,0,5075,0,38,1
1983,66.1,1784217451.2619998,47.45847027337227,2.7307560924758576,9.882107456338389,0.10545777794522418,-3.424410306984096,-0.13880488362466714,112,53,0.4732142857142857,94,0,0,5075,0,38,1
1984,66.13333333333334,1784217451.2953334,43.64404961780794,3.91932262036687,10.279833072783916,1.3916617363703216,-2.8946987547247742,-0.560983652747414,115,53,0.4608695652173913,76,0,0,5075,0,38,1
1985,66.16666666666667,1784217451.3286667,43.61481018737325,1.332442646661562,11.09356524722699,0.9341351065446687,-4.029220877559105,-0.4122927410313448,114,54,0.47368421052631576,106,0,0,5075,0,38,1
1986,66.2,1784217451.362,47.155574809872746,1.6812718288956745,10.527363961054604,-1.277053987652872,-4.268562958258458,-0.25952741432772686,111,55,0.4954954954954955,93,0,0,5075,0,38,1
1987,66.23333333333333,1784217451.3953333,40.22375042516802,2.3957498761773337,10.31861480725236,1.3724990417747696,-3.3751950853969532,-0.5567381973478774,100,49,0.49,95,0,0,5075,0,38,1
1988,66.26666666666667,1784217451.4286666,42.14406119249827,2.549985132948393,10.243108662142092,0.23487646593089886,-3.415244865301263,-0.1813471584550514,100,56,0.56,97,0,0,5075,0,38,1
1989,66.3,1784217451.462,40.737047172901114,1.308305836321395,12.168528301863105,0.8359109066591268,-4.135502426666077,0.15871736574658116,93,56,0.6021505376344086,111,14,97,5172,1,39,1
1990,66.33333333333333,1784217451.4953332,40.44043985518638,1.1413672765303033,12.192335469233669,0.6436436893721076,-4.223722905880052,0.23047924281363405,119,63,0.5294117647058824,76,0,0,5172,0,39,1
1991,66.36666666666666,1784217451.5286665,36.79749149971407,3.1204658431742587,9.454660497925659,1.1056657889829233,-2.793674997871236,-0.55749439788084,113,66,0.584070796460177,79,0,0,5172,0,39,1
1992,66.4,1784217451.562,36.62925012786263,2.2639136552390937,10.098398026953632,1.1640245372669753,-3.114098782844865,0.2701118583795273,104,56,0.5384615384615384,75,0,0,5172,0,39,1
1993,66.43333333333334,1784217451.5953333,34.92805895229178,2.242161335869298,9.943880250105181,1.0924734730495644,-3.1643628620269086,-0.2879086469736995,106,68,0.6415094339622641,73,0,0,5172,0,39,1
1994,66.46666666666667,1784217451.6286666,34.222053858596,1.6417887832820952,10.124550659919464,0.8050456320991449,-3.407873644472707,-0.4638092562928793,103,62,0.6019417475728155,61,0,0,5172,0,39,1
1995,66.5,1784217451.662,32.799335935472946,1.1478247985270258,10.160210850310605,1.01841566964703,-3.552293629393876,-0.4824465324229199,93,58,0.6236559139784946,83,0,0,5172,0,39,1
1996,66.53333333333333,1784217451.6953332,31.71465460246012,2.2823834427908594,8.023082759090144,1.2596761367389804,-2.477868097963721,0.05407786770704992,111,58,0.5225225225225225,72,0,0,5172,0,39,1
1997,66.56666666666666,1784217451.7286665,29.632545471178595,2.017946482261223,10.166397939035477,1.5466468546906755,-3.110787865518778,-0.44155570591392923,114,71,0.6228070175438597,74,0,0,5172,0,39,1
1998,66.6,1784217451.7619998,30.70147363455517,0.6882723854142938,10.904830215382006,0.6125048147142831,-3.8538175182556667,-0.3536310491371487,108,65,0.6018518518518519,85,0,0,5172,0,39,1
1999,66.63333333333334,1784217451.7953334,29.138326167403335,0.055884322534183184,11.08626758858361,0.7021575433912396,-4.139312375512697,-0.6752283897960396,104,57,0.5480769230769231,71,0,0,5172,0,39,1
2000,66.66666666666667,1784217451.8286667,26.89472425989186,1.2756302106939899,10.819819368835383,1.4669168400103831,-3.4763288476287606,-0.5045877326068064,98,57,0.5816326530612245,80,0,0,5172,0,39,1
2001,66.7,1784217451.862,25.286747870964525,-0.06634461554644133,9.128976293736443,1.4035654491571354,-3.4602484328888625,-0.7313090816732879,84,46,0.5476190476190477,57,0,0,5172,0,39,1
2002,66.73333333333333,1784217451.8953333,25.348176283943413,-0.3700447773378812,12.40336951860317,1.8329243662467822,-4.245840092632463,0.6086303916124601,87,40,0.45977011494252873,59,0,0,5172,0,39,1
2003,66.76666666666667,1784217451.9286666,21.73044546762115,1.7181343892745957,9.274835126621156,2.2271432433580376,-2.714338102961768,-0.7177878643411169,85,43,0.5058823529411764,50,0,0,5172,0,39,1
2004,66.8,1784217451.962,21.490599952782897,-0.5878834811873048,9.837455149143935,2.210191493649177,-3.5239988777295124,-0.08027436622843383,89,51,0.5730337078651685,52,0,0,5172,0,39,1
2005,66.83333333333333,1784217451.9953332,18.99937147120365,-0.8043592241151032,10.986996810883113,2.823072268480737,-3.830827961937572,-0.40177178175136435,76,51,0.6710526315789473,64,0,0,5172,0,39,1
2006,66.86666666666666,1784217452.0286665,20.15656664718722,0.24792364001235967,10.66105533351373,1.4512083254922712,-3.553166635497339,-0.7153369131311393,76,51,0.6710526315789473,53,0,0,5172,0,39,1
2007,66.9,1784217452.062,18.67582342729996,1.813719006394109,9.24215098515758,1.6712063130235193,-2.5698567966587045,-0.6241578389605027,85,58,0.6823529411764706,66,0,0,5172,0,39,1
2008,66.93333333333334,1784217452.0953333,17.47811655612001,-1.130639811002112,11.879128639237251,2.1354412324261043,-4.15372755122538,-0.28625914489354737,72,45,0.625,52,0,0,5172,0,39,1
2009,66.96666666666667,1784217452.1286666,19.10311265095721,-0.546613311905233,10.555843068311319,0.5439676662134146,-3.790302904123981,-0.3743957938868316,89,55,0.6179775280898876,62,0,0,5172,0,39,1
2010,67.0,1784217452.162,18.18627484866358,-1.3794638529981853,12.176415793702532,0.4326234818127694,-4.474199999253428,-0.5697262378757927,84,40,0.47619047619047616,62,0,0,5172,0,39,1
2011,67.03333333333333,1784217452.1953332,11.669776880150595,0.45978178083399257,7.514704252448055,2.7365295723735943,-2.3445599358118874,-1.1517669648723363,74,44,0.5945945945945946,58,0,0,5172,0,39,1
2012,67.06666666666666,1784217452.2286665,17.503153042187392,-1.3138986574103484,11.488869296626504,-0.010168931852894489,-4.215775833700723,-0.07477487275900425,87,49,0.5632183908045977,70,0,0,5172,0,39,1
2013,67.1,1784217452.2619998,13.173139592760709,-1.2815576281442844,12.212475125098976,1.8630332559387524,-4.213446421397573,0.05565371578735443,77,47,0.6103896103896104,69,0,0,5172,0,39,1
2014,67.13333333333334,1784217452.2953334,11.859192432914437,-0.8405745714569974,9.187495705850168,1.6316052773875909,-3.263696411177323,-0.31524404053428656,89,57,0.6404494382022472,64,0,0,5172,0,39,1
2015,67.16666666666667,1784217452.3286667,11.597321460852083,-0.9380573315275029,10.243912224873938,1.0219421997445424,-3.5985371063241964,-0.4953334816166479,84,54,0.6428571428571429,67,0,0,5172,0,39,1
2016,67.2,1784217452.362,11.134101551055293,-0.21183724223925537,10.476969935701362,0.788174236276981,-3.3902043347904507,-0.42676396495432584,74,52,0.7027027027027027,64,0,0,5172,0,39,1
2017,67.23333333333333,1784217452.3953333,7.231876360431641,-1.055597915429317,11.609148649777708,2.2649969888123143,-3.8343278043219886,-0.668796598547196,81,48,0.5925925925925926,62,0,0,5172,0,39,1
2018,67.26666666666667,1784217452.4286666,7.196376532347751,-2.3059479673001277,10.825822757998836,1.9166861603633971,-4.019435200491032,-0.517696960715808,69,45,0.6521739130434783,53,0,0,5172,0,39,1
2019,67.3,1784217452.462,6.931431628933591,-1.2362592863392905,9.918311981222146,1.24336676106351,-3.437827402828927,-0.7164939267405558,72,47,0.6527777777777778,63,0,0,5172,0,39,1
2020,67.33333333333333,1784217452.4953332,5.929808464919596,-1.2315432058939706,9.906225162774902,1.3745274622622716,-3.4181739197510783,-0.4623205976433846,70,50,0.7142857142857143,37,0,0,5172,0,39,1
2021,67.36666666666666,1784217452.5286665,3.519693540441743,-2.5713259704109817,11.470640008418854,1.894570464372583,-4.177917440107742,-0.7795867559411557,60,47,0.7833333333333333,51,0,0,5172,0,39,1
2022,67.4,1784217452.562,4.345415749313524,-0.7289479265911041,9.057283568897418,0.7617343436176597,-2.9404239460936363,-0.7486371352089042,68,47,0.6911764705882353,53,0,0,5172,0,39,1
2023,67.43333333333334,1784217452.5953333,4.733718843138911,-2.542178889037359,10.922261365718143,0.482732738376002,-4.05326004735279,-0.2754504689234033,73,45,0.6164383561643836,59,0,0,5172,0,39,1
2024,67.46666666666667,1784217452.6286666,-0.06805931845425484,-2.8380552518487008,10.31750598222402,2.4160330740708233,-3.8850126610835667,-0.42131941560765995,71,43,0.6056338028169014,74,0,0,5172,0,39,1
2025,67.5,1784217452.662,4.271810560691687,-1.26947732939216,9.980053267274016,-0.6807248928907311,-3.357265169087899,-0.5303964610602409,73,45,0.6164383561643836,54,0,0,5172,0,39,1
2026,67.53333333333333,1784217452.6953332,-2.7133043006493374,-2.887898464291183,10.957839880842101,2.6224029414965084,-4.034521694431971,-0.4690944435065665,71,44,0.6197183098591549,64,0,0,5172,0,39,1
2027,67.56666666666666,1784217452.7286665,-1.4991692805901877,-2.236743549075115,11.289525568913717,1.4794594196422177,-3.915649973548165,-0.2862204831435378,83,55,0.6626506024096386,65,0,0,5172,0,39,1
2028,67.6,1784217452.7619998,-4.831904480384235,-3.2131273210857216,10.03530187522486,2.978027226112819,-3.898067792604432,-0.49792179690736554,79,48,0.6075949367088608,77,0,0,5172,0,39,1
2029,67.63333333333334,1784217452.7953334,-3.9162504430139613,-2.879426489019778,10.335496429594784,2.058800710193716,-3.7560004756063874,-0.7276343064468954,75,55,0.7333333333333333,82,0,0,5172,0,39,1
2030,67.66666666666667,1784217452.8286667,0.4627403849672138,-2.4651158350168885,11.741889397728315,-0.18719626392284344,-4.097178331240723,0.031846876580984874,83,55,0.6626506024096386,84,0,0,5172,0,39,1
2031,67.7,1784217452.862,-1.1144441069546893,-2.5125476218349547,10.429303196601992,0.3221552231657745,-3.7074078320824158,-0.45051151337841644,84,56,0.6666666666666666,77,0,0,5172,0,39,1
2032,67.73333333333333,1784217452.8953333,-0.9415663018735323,-2.7860056946640697,10.583369585657152,0.3375859357541558,-3.848006259800371,-0.40255177090986377,86,60,0.6976744186046512,98,0,0,5172,0,39,1
2033,67.76666666666667,1784217452.9286666,-1.424083767886863,-2.167991541810835,9.608983449685894,0.4527291817512488,-3.3844857702423745,-0.3973575513459974,74,56,0.7567567567567568,80,0,0,5172,0,39,1
2034,67.8,1784217452.962,-5.068209984451286,-3.6029738923078583,11.42036801804079,2.6086780643423415,-4.290450844116209,-0.18138759515842678,76,55,0.7236842105263158,86,0,0,5172,0,39,1
2035,67.83333333333333,1784217452.9953332,-1.4585371270168999,-3.0738462669601603,11.003637446330274,0.6450596073140193,-4.104713584801487,-0.3603863702904297,83,57,0.6867469879518072,71,0,0,5172,0,39,1
2036,67.86666666666666,1784217453.0286665,-1.7656329736608818,-1.732589551958995,8.549759502841738,0.8689288651111635,-2.99694488955927,-0.15970501620323885,77,52,0.6753246753246753,93,0,0,5172,0,39,1
2037,67.9,1784217453.062,-3.15593036878213,-2.534889328871458,8.56937000674209,1.226716663277002,-3.1815141227300865,-0.6149114517080714,86,54,0.627906976744186,84,0,0,5172,0,39,1
2038,67.93333333333334,1784217453.0953333,-6.666772996453123,-3.6516745829405863,10.091358001133031,3.040002584453369,-3.913719131493974,-0.7811809142702247,75,56,0.7466666666666667,85,0,0,5172,0,39,1
2039,67.96666666666667,1784217453.1286666,-7.340441981470125,-2.864313179543032,9.434802251206719,3.499532536560764,-3.4718960412638205,-0.7252919245728909,81,52,0.6419753086419753,88,0,0,5172,0,39,1
2040,68.0,1784217453.162,-4.590001489578878,-0.6530829353807519,7.197321171674929,1.8927945656723129,-2.2090752143365586,-0.6105007678869169,73,52,0.7123287671232876,107,34,73,5245,1,40,1
2041,68.03333333333333,1784217453.1953332,-5.064736797561682,-2.5519696868021526,8.014900381584383,2.293106728935352,-3.0675732528225548,-0.5879396846361156,146,91,0.6232876712328768,24,0,0,5245,0,40,1
2042,68.06666666666666,1784217453.2286665,-0.9026179070200726,-3.7564058494471055,9.266283727905233,0.14822224987935714,-3.8634351027349148,-0.710093992259828,126,79,0.626984126984127,32,0,0,5245,0,40,1
2043,68.1,1784217453.2619998,-1.3092581495974702,-3.2881357425267765,9.673004516035178,0.1765072474772873,-3.7538105655587373,-0.8492533153527962,126,76,0.6031746031746031,26,0,0,5245,0,40,1
2044,68.13333333333334,1784217453.2953334,-1.8051381311757382,-3.461141148384101,9.573626166232913,0.5569208570403514,-3.8192491140621705,-0.7167133280061438,122,87,0.7131147540983607,30,0,0,5245,0,40,1
2045,68.16666666666667,1784217453.3286667,-0.29602258663067893,-3.0304817546332004,9.499377343064609,-0.28199404803567113,-3.6301715910816914,-0.7148004104956754,124,77,0.6209677419354839,32,0,0,5245,0,40,1
2046,68.2,1784217453.362,-3.3943912313652262,-0.7176797295730921,6.853181470102868,1.2259600691496264,-2.124196994209737,-0.7492133842165695,132,81,0.6136363636363636,26,0,0,5245,0,40,1
2047,68.23333333333333,1784217453.3953333,-1.780807811849531,-3.1567814516528045,9.51045102737865,0.4792309898169533,-3.6333195185307376,-0.7206920822376394,127,75,0.5905511811023622,25,0,0,5245,0,40,1
2048,68.26666666666667,1784217453.4286666,-4.978959462186108,-1.234125292464583,7.350114991571587,2.2100058639524436,-2.3732209265411393,-0.6703302611346728,122,77,0.6311475409836066,28,0,0,5245,0,40,1
2049,68.3,1784217453.462,-2.9155374953743873,-3.7443509774263646,9.702858662440278,1.1810138383748188,-3.9031139030126076,-0.8098116086844118,133,84,0.631578947368421,22,0,0,5245,0,40,1
2050,68.33333333333333,1784217453.4953332,-2.7524223589204446,-3.5133777756401514,9.44081898357689,1.0111504479579088,-3.7803780419781057,-0.7303813181533194,116,76,0.6551724137931034,23,0,0,5245,0,40,1
2051,68.36666666666666,1784217453.5286665,-3.9022449223007563,-3.319552653852199,8.87124430924348,1.6135563720692858,-3.525041384626825,-0.819352936648417,120,72,0.6,23,0,0,5245,0,40,1
2052,68.4,1784217453.562,-1.3163117523535028,-2.8272161789783468,9.636022560357603,0.2260321882490869,-3.6280368532175817,-0.8084551653687183,119,74,0.6218487394957983,29,0,0,5245,0,40,1
2053,68.43333333333334,1784217453.5953333,-2.1886259628783655,-2.077053964461399,7.682924947222105,0.6652104360224562,-2.7724356174042906,-0.6636334132738525,120,74,0.6166666666666667,18,0,0,5245,0,40,1
2054,68.46666666666667,1784217453.6286666,-2.9980888459221973,-3.4989460397355288,8.977599126527906,1.2690836271076584,-3.636688717893313,-0.6069498832112626,126,68,0.5396825396825397,24,0,0,5245,0,40,1
2055,68.5,1784217453.662,-1.8481557442461884,-2.6975151008572595,8.881369382045321,0.5695428078490575,-3.3553378095368167,-0.7813057886005171,111,59,0.5315315315315315,16,0,0,5245,0,40,1
2056,68.53333333333333,1784217453.6953332,-2.648886056126347,-1.8042243897127292,6.693292433252367,1.157157745555909,-2.4559332494776833,-0.35257461985904204,111,57,0.5135135135135135,27,0,0,5245,0,40,1
2057,68.56666666666666,1784217453.7286665,-2.882828546378697,-3.4650719147429783,9.641083865293425,1.1064477025297181,-3.82344886549703,-0.5691323050446044,118,72,0.6101694915254238,27,0,0,5245,0,40,1
2058,68.6,1784217453.7619998,-1.3790073931806983,-2.739522106686607,9.69174047535094,0.30095263024801905,-3.6187385978157356,-0.7715408659051581,123,74,0.6016260162601627,25,0,0,5245,0,40,1
2059,68.63333333333334,1784217453.7953334,-2.5875348188263807,-3.9842734301304574,9.582727316952202,1.0397621690158578,-3.9872694968135276,-0.6273071136150173,121,70,0.5785123966942148,20,0,0,5245,0,40,1
2060,68.66666666666667,1784217453.8286667,-2.9246825387235162,-3.5077120229102547,9.99946497654129,1.143807199172226,-3.902195098323796,-0.7280034015656162,122,65,0.5327868852459017,16,0,0,5245,0,40,1
2061,68.7,1784217453.862,-1.5677148841862696,-2.2558647015974884,8.433902316167433,0.39990215511014726,-3.0811841946921708,-0.5959651867407704,119,74,0.6218487394957983,26,0,0,5245,0,40,1
2062,68.73333333333333,1784217453.8953333,-4.398855816625382,-2.4260635320547834,8.203352636676229,1.901590245971941,-3.060733865347632,-0.6460167418620834,118,78,0.6610169491525424,28,0,0,5245,0,40,1
2063,68.76666666666667,1784217453.9286666,-1.3396333914679737,-3.960839876987748,8.080339439491482,0.47518746257431665,-3.600228179744395,-0.6156843091395345,122,67,0.5491803278688525,21,0,0,5245,0,40,1
2064,68.8,1784217453.962,-1.8828665241313267,-2.223858113998787,8.47242887330215,0.5534847651754304,-3.0880659265234978,-0.6816025532268941,120,67,0.5583333333333333,23,0,0,5245,0,40,1
2065,68.83333333333333,1784217453.9953332,-2.978304359585472,-2.780850957254529,8.25969272451377,1.202818283026916,-3.1816739895699397,-0.7178729266037157,124,70,0.5645161290322581,20,0,0,5245,0,40,1
2066,68.86666666666666,1784217454.0286665,-3.58975323099914,-3.2786542221281536,8.994143279492704,1.4372602614946415,-3.5365180820048967,-0.8994441774279388,119,77,0.6470588235294118,12,0,0,5245,0,40,1
2067,68.9,1784217454.062,-1.913147970890197,-2.2338626002752022,8.65672865336407,0.6263574104879502,-3.126152186003593,-0.6220657089030005,109,63,0.5779816513761468,23,0,0,5245,0,40,1
2068,68.93333333333334,1784217454.0953333,-1.6182012244584811,-3.1601392280079637,9.750911323100723,0.3239505967901829,-3.7196279537509715,-0.8405930896262561,116,67,0.5775862068965517,16,0,0,5245,0,40,1
2069,68.96666666666667,1784217454.1286666,-1.9772991675236078,-2.3018120958814166,8.229329901114056,0.5102050177449198,-3.014368140259864,-0.7765432911991432,125,71,0.568,24,0,0,5245,0,40,1
2070,69.0,1784217454.162,-3.0424001651967103,-2.699440968766808,8.264927279944033,1.0923882184567923,-3.145300445773871,-0.74894978102916,118,69,0.5847457627118644,25,0,0,5245,0,40,1
2071,69.03333333333333,1784217454.1953332,-2.265342370280411,-3.531104182846974,9.753577691251905,0.7863434031910919,-3.883767409564451,-0.8057892927783635,119,70,0.5882352941176471,19,0,0,5245,0,40,1
2072,69.06666666666666,1784217454.2286665,-2.2026330465977004,-3.3702048757433687,9.540169022294677,0.7681127283882054,-3.749412696307449,-0.6951847947216812,120,72,0.6,21,0,0,5245,0,40,1
2073,69.1,1784217454.2619998,-3.4136733014026,-3.8220494358065196,9.669403999793687,1.476415411378594,-3.9261350491061813,-0.7143824775078614,120,73,0.6083333333333333,23,0,0,5245,0,40,1
2074,69.13333333333334,1784217454.2953334,-2.665269138364888,-1.7809994807576999,8.02235337644737,0.9715602051853499,-2.81550725607176,-0.7064438062200007,111,69,0.6216216216216216,27,0,0,5245,0,40,1
2075,69.16666666666667,1784217454.3286667,-0.6080920176279108,-2.989793042801125,9.325279187266204,-0.14312394072081824,-3.5834528084493344,-0.7034428483833951,117,68,0.5811965811965812,20,0,0,5245,0,40,1
2076,69.2,1784217454.362,2.5239833948992096,-3.893048911905339,5.363295602440104,-1.5461058203610623,-2.973611483668894,-0.43662195510629404,109,57,0.5229357798165137,25,0,0,5245,0,40,1
2077,69.23333333333333,1784217454.3953333,-1.9083091266604697,-3.550047597514123,9.564778156134977,0.633013478190939,-3.841387708413739,-0.6716904015790496,109,72,0.6605504587155964,24,0,0,5245,0,40,1
2078,69.26666666666667,1784217454.4286666,-1.9318609466089818,-1.9834460097808773,8.723229726904819,0.6710888111483577,-3.0736878582857576,-0.45074223258001567,112,57,0.5089285714285714,31,0,0,5245,0,40,1
2079,69.3,1784217454.462,-1.6004618245123083,-3.193169562221428,9.46499292632545,0.44325995765322795,-3.6915637965200965,-0.6308111456025072,126,77,0.6111111111111112,31,0,0,5245,0,40,1
2080,69.33333333333333,1784217454.4953332,-1.0887200220762026,-2.9495310485130233,9.602800422404925,0.14822573688729682,-3.6415616780775073,-0.7655233011354953,118,76,0.6440677966101694,24,0,0,5245,0,40,1
2081,69.36666666666666,1784217454.5286665,-1.6261811410787281,-3.3500645994777614,9.27526284783616,0.43676637019426867,-3.662615158950317,-0.7673154176876104,117,74,0.6324786324786325,21,0,0,5245,0,40,1
2082,69.4,1784217454.562,-2.8639812715916904,-3.5637158127941717,9.830061919246461,1.0426982100178037,-3.8919740561339213,-0.7719518254942784,115,77,0.6695652173913044,27,0,0,5245,0,40,1
2083,69.43333333333334,1784217454.5953333,-4.085421794896828,-2.3061617963532086,7.1570524413218095,1.7155814352241925,-2.7410159110963135,-0.7105044420452666,109,64,0.5871559633027523,22,0,0,5245,0,40,1
2084,69.46666666666667,1784217454.6286666,-2.0214136251332597,-0.7611437390937112,7.163677917697825,0.5705470870330805,-2.259967881275301,-0.5331138601530189,106,59,0.5566037735849056,24,0,0,5245,0,40,1
2085,69.5,1784217454.662,-4.627739974465051,-2.244845318956621,7.407884352339153,1.9655245093647242,-2.788249373707442,-0.6962567810848428,112,65,0.5803571428571429,18,0,0,5245,0,40,1
2086,69.53333333333333,1784217454.6953332,-0.9581972921365338,-3.5239354087332657,9.497492769125444,0.1304690862278169,-3.8206262258228922,-0.695911054452534,108,65,0.6018518518518519,25,0,0,5245,0,40,1
2087,69.56666666666666,1784217454.7286665,-4.540322164086934,-2.873282166284497,8.076271442645776,2.046947062043835,-3.1797801781884907,-0.659609852488166,113,70,0.6194690265486725,17,0,0,5245,0,40,1
2088,69.6,1784217454.7619998,-1.8657527388372763,-2.582361406470355,8.60302055360114,0.5415908170595104,-3.2251512330769394,-0.6136567544273972,115,70,0.6086956521739131,18,0,0,5245,0,40,1
2089,69.63333333333334,1784217454.7953334,-1.2470822670296382,-1.7979596412368437,9.752768217643919,0.18014248835711366,-3.2853323949227207,-0.6282494199120107,116,63,0.5431034482758621,27,0,0,5245,0,40,1
2090,69.66666666666667,1784217454.8286667,-5.261179962648015,-1.2433180534308264,7.937084440194752,2.2464619101375365,-2.530494002788674,-0.7736540385582322,117,70,0.5982905982905983,23,0,0,5245,0,40,1
2091,69.7,1784217454.862,-1.8736799137750602,-2.1529936329658454,9.563536663089337,0.5698717850282243,-3.3796491470543883,-0.6871440425354426,113,66,0.584070796460177,19,0,0,5245,0,40,1
2092,69.73333333333333,1784217454.8953333,-0.14044775428654432,-2.9537497535557407,9.328703388754931,-0.34012389345942606,-3.5744866734782144,-0.6345822667795606,111,68,0.6126126126126126,24,0,0,5245,0,40,1
2093,69.76666666666667,1784217454.9286666,-2.4843270570704803,-1.568116221287056,7.525452584498069,0.901544868840528,-2.5523595929911096,-0.7584171368505684,117,67,0.5726495726495726,22,0,0,5245,0,40,1
2094,69.8,1784217454.962,-1.092344460022014,-2.335825447592285,8.793647493274364,0.28557610667430133,-3.168200938480177,-0.8905110084904945,112,68,0.6071428571428571,43,0,0,5245,0,40,1
2095,69.83333333333333,1784217454.9953332,-2.9550695578603055,-3.4861602761874906,8.34510553848881,1.8201897089136616,-3.4621492145200037,-0.813611027689217,112,54,0.48214285714285715,34,0,0,5245,0,40,1
2096,69.86666666666666,1784217455.0286665,-0.4204305184998631,-4.569427394849129,6.743317222966155,1.098025350719639,-3.4501169037172117,-0.44344135553071495,95,50,0.5263157894736842,22,0,0,5245,0,40,1
2097,69.9,1784217455.062,-0.5066992977837952,-1.4960175617463847,7.059046088764106,1.5009092643102193,-2.529655951895583,-0.51351111739671,92,52,0.5652173913043478,37,0,0,5245,0,40,1
2098,69.93333333333334,1784217455.0953333,2.2357148107202196,-1.1160963666256833,8.398108928293865,0.4379210308822552,-2.8524989225201707,-0.6817602679275047,85,42,0.49411764705882355,36,0,0,5245,0,40,1
2099,69.96666666666667,1784217455.1286666,3.3546624255587147,-3.296726370815037,7.551720849622029,0.5039332340282359,-3.3962641174673402,-0.7003885358678184,102,52,0.5098039215686274,41,0,0,5245,0,40,1
2100,70.0,1784217455.162,2.3355249471100468,-3.793322542987738,9.168447063442557,1.2496964437146951,-3.969750374890745,-1.2276941697304125,83,35,0.42168674698795183,32,0,0,5245,0,40,1
2101,70.03333333333333,1784217455.1953332,-1.9196027351875777,-2.742097710051979,6.65563764520499,4.627444849709958,-2.925825304096753,-0.1671511515986222,94,23,0.24468085106382978,26,0,0,5245,0,40,1
2102,70.06666666666666,1784217455.2286665,4.475844352100951,-1.695475835119268,8.980323497270561,1.5174715920088222,-3.2612384049563876,-0.6871656105944363,93,50,0.5376344086021505,35,0,0,5245,0,40,1
2103,70.1,1784217455.2619998,3.219317286399246,-2.983015123281419,9.290405190720108,2.566813607523456,-3.688421946308529,-0.7452682148713291,99,41,0.41414141414141414,30,0,0,5245,0,40,1
2104,70.13333333333334,1784217455.2953334,6.576545439879708,-1.5768928264538289,6.554942229054475,0.9783214933168419,-2.610184541618545,-1.3214241417059616,79,43,0.5443037974683544,31,0,0,5245,0,40,1
2105,70.16666666666667,1784217455.3286667,5.948502834208856,-1.243071992374496,9.383421227202788,2.4749577086793906,-3.275247189140383,-0.7020135632635369,93,52,0.5591397849462365,40,0,0,5245,0,40,1
2106,70.2,1784217455.362,7.829136553727025,1.6440890132424357,6.473543928137431,1.573381774973927,-1.5550948194766516,-0.937622637916551,92,54,0.5869565217391305,33,0,0,5245,0,40,1
2107,70.23333333333333,1784217455.3953333,9.264465646831669,0.23271559136557585,8.12337701796966,1.508766377108774,-2.5330058476391906,-0.9732959572596431,89,45,0.5056179775280899,38,0,0,5245,0,40,1
2108,70.26666666666667,1784217455.4286666,10.488271547353282,-1.806945209918183,7.886662085514914,1.5525494889963227,-3.212405248243422,-0.913698579103491,75,42,0.56,44,0,0,5245,0,40,1
2109,70.3,1784217455.462,13.543082849604481,0.9618663361839452,5.480778314712282,0.34103007504140476,-1.7506776898164196,-0.8298757639395618,87,46,0.5287356321839081,41,0,0,5245,0,40,1
2110,70.33333333333333,1784217455.4953332,12.838149710925894,0.2996234982456514,9.419852647149256,1.3207372521584717,-2.9947948282927257,-0.847032603136466,95,50,0.5263157894736842,47,0,0,5245,0,40,1
2111,70.36666666666666,1784217455.5286665,14.763388793632744,2.0153549264201303,0.01746690437350651,0.743338025066948,0.19816304555741404,-0.4426627639412499,82,48,0.5853658536585366,40,0,0,5245,0,40,1
2112,70.4,1784217455.562,16.752348008797675,0.057005966074015646,8.379940396255265,0.28614395147484256,-2.9625203960839235,-1.1257882120786316,73,42,0.5753424657534246,37,0,0,5245,0,40,1
2113,70.43333333333334,1784217455.5953333,12.014183304590171,1.3026507314908429,8.13332932408656,3.326721306145253,-2.2508867801555907,-0.9779576552666653,83,40,0.4819277108433735,42,0,0,5245,0,40,1
2114,70.46666666666667,1784217455.6286666,16.81006491173047,0.9341730745182275,7.735375317522255,1.1905188376316749,-2.4731688946195574,-1.1435800569833479,88,45,0.5113636363636364,60,0,0,5245,0,40,1
2115,70.5,1784217455.662,17.150174994888726,1.4398375882378218,7.043532797417257,1.5390426163133892,-2.101076155356358,-1.2549116071141877,83,43,0.5180722891566265,51,0,0,5245,0,40,1
2116,70.53333333333333,1784217455.6953332,19.33664529602072,1.0687823514775516,6.881638223628201,1.5340001897693498,-2.1841231533139407,-0.33519895600079314,78,47,0.6025641025641025,40,0,0,5245,0,40,1
2117,70.56666666666666,1784217455.7286665,18.337270729388887,-0.21992762483760941,9.855341890846404,2.563386339712304,-3.3627599888667277,-0.6062111752805303,81,50,0.6172839506172839,57,0,0,5245,0,40,1
2118,70.6,1784217455.7619998,21.742115702229388,-0.13786640882914014,8.8530274096657,1.241838350196113,-3.247602748899395,-0.6365673969991597,79,41,0.5189873417721519,45,0,0,5245,0,40,1
2119,70.63333333333334,1784217455.7953334,23.51760434939599,1.1956256607349616,9.573295634488233,1.0841070949558502,-3.0715725572903354,-0.44022670571631733,85,42,0.49411764705882355,52,0,0,5245,0,40,1
2120,70.66666666666667,1784217455.8286667,21.802374242644657,0.7786110781276534,8.371964983204606,2.4175254581996155,-2.7464338263165784,-0.50620585602093,81,49,0.6049382716049383,57,0,0,5245,0,40,1
2121,70.7,1784217455.862,27.153064405733687,-1.7526163174869822,9.595970362869608,0.38812617514395137,-4.267518884877992,-0.20614756045770077,75,41,0.5466666666666666,23,0,0,5245,0,40,1
2122,70.73333333333333,1784217455.8953333,23.089776042420787,1.3374419628481746,7.340183614771945,2.3062622838980396,-2.3412474892064603,-1.182197588676869,76,40,0.5263157894736842,37,0,0,5245,0,40,1
2123,70.76666666666667,1784217455.9286666,26.689627268176217,-0.5209907694451061,10.334957839239365,1.190432214940744,-4.021743971349161,-1.2099786372686987,76,43,0.5657894736842105,55,0,0,5245,0,40,1
2124,70.8,1784217455.962,27.147834188821637,3.5380363067155542,6.750741062033029,1.4691905230858082,-1.6308712949537603,-0.7513649318439625,77,42,0.5454545454545454,38,0,0,5245,0,40,1
2125,70.83333333333333,1784217455.9953332,27.65590469551327,2.009735234810279,1.5415841133129788,1.4464086556344424,-0.6787070670032165,-0.7226921667562886,81,41,0.5061728395061729,38,0,0,5245,0,40,1
2126,70.86666666666666,1784217456.0286665,29.46703583644579,1.2978644840830356,8.909697560095978,1.1911442197635451,-3.135361634677522,-1.040032045389236,88,30,0.3409090909090909,47,0,0,5245,0,40,1
2127,70.9,1784217456.062,25.95699726091354,3.940544151013839,5.781755399564986,3.167098785508791,-1.0998296515478663,-1.427662882773444,82,41,0.5,44,0,0,5245,0,40,1
2128,70.93333333333334,1784217456.0953333,28.38771004236118,2.5131964705900884,5.45844272195437,3.0456663642620194,-1.4792893915057068,-0.7047531150311799,68,38,0.5588235294117647,47,0,0,5245,0,40,1
2129,70.96666666666667,1784217456.1286666,31.334912124035284,1.752579995937836,9.113489327097668,2.199449310728003,-2.8926363816026726,-0.7615334946611108,73,48,0.6575342465753424,47,0,0,5245,0,40,1
2130,71.0,1784217456.162,32.67482295292733,3.0618555474708984,8.147079485784658,2.042884617866062,-2.2777397700309665,-0.6356105312706186,73,40,0.547945205479452,51,0,0,5245,0,40,1
2131,71.03333333333333,1784217456.1953332,34.02549040250329,1.2584145394605315,9.025565551564938,1.9371518030512305,-3.1528793750010147,-0.7291734931389676,71,38,0.5352112676056338,39,0,0,5245,0,40,1
2132,71.06666666666666,1784217456.2286665,35.971238605758074,3.7311863928246396,4.587209403051986,0.31033639155250253,-1.6088951473705266,-1.7330546876600887,77,27,0.35064935064935066,36,0,0,5245,0,40,1
2133,71.1,1784217456.2619998,35.043317615917466,3.4150477421137992,7.970408323044893,2.2674370386302733,-2.148133085083759,-1.0046136070451572,66,41,0.6212121212121212,32,0,0,5245,0,40,1
2134,71.13333333333334,1784217456.2953334,35.02740021948313,5.263743032096784,7.377508550037575,2.8257740726656717,-1.2938197430432663,-0.989283290926899,80,45,0.5625,42,0,0,5245,0,40,1
2135,71.16666666666667,1784217456.3286667,38.77172088048766,1.9664331951120033,8.997981943930725,1.3097390386059296,-3.2517296625249017,-1.2536658216330803,80,38,0.475,40,0,0,5245,0,40,1
2136,71.2,1784217456.362,40.64222513199875,3.12084296101267,8.493393223746807,1.1910817688139912,-2.7125412879502138,-0.8989044486061651,72,44,0.6111111111111112,44,0,0,5245,0,40,1
2137,71.23333333333333,1784217456.3953333,40.20375022857508,6.550339126420226,-0.8504321900631027,0.8385412061001667,0.9950792556378546,-1.0821562315058817,74,41,0.5540540540540541,30,0,0,5245,0,40,1
2138,71.26666666666667,1784217456.4286666,43.12688169235014,3.610839901872197,7.105668726487394,1.1414278945275258,-2.13186959227267,-0.28631926879469194,67,42,0.6268656716417911,44,0,0,5245,0,40,1
2139,71.3,1784217456.462,44.019952878357756,3.4093274953421826,9.411533656660694,1.2542614913063757,-2.93363078294661,-0.7190396320325996,66,38,0.5757575757575758,50,0,0,5245,0,40,1
2140,71.33333333333333,1784217456.4953332,43.4540446383121,3.4342752679485358,9.010638676508705,1.4549092469897684,-2.8462665143425805,-1.3909572671134394,69,35,0.5072463768115942,38,0,0,5245,0,40,1
2141,71.36666666666666,1784217456.5286665,39.15597222090298,5.872055013161869,7.202523052859206,3.6806972487052976,-1.1253185153848835,-1.9941759084797392,65,36,0.5538461538461539,56,0,0,5245,0,40,1
2142,71.4,1784217456.562,44.75397746547577,5.460799793366306,8.060032078079061,2.2848631608110757,-1.7005681835815045,-0.7659150309682389,64,39,0.609375,57,0,0,5245,0,40,1
2143,71.43333333333334,1784217456.5953333,45.871820775790745,5.492219734618487,6.94933901554765,2.0706088802615517,-1.469143518415814,-0.854346626074028,63,32,0.5079365079365079,40,0,0,5245,0,40,1
2144,71.46666666666667,1784217456.6286666,47.5423368296365,4.769324680018158,9.077044165668795,1.9802523490200241,-2.368220397121414,-0.8991703925364686,72,40,0.5555555555555556,36,0,0,5245,0,40,1
2145,71.5,1784217456.662,50.328686955849264,4.486511201124131,7.06406743853951,0.6932071806445003,-2.341559542119364,-1.0380622114791709,66,33,0.5,56,0,0,5245,0,40,1
2146,71.53333333333333,1784217456.6953332,44.86449611439902,5.788185756869751,7.4481479828315855,3.8553195902540907,-1.3431074771830727,-1.3309591860058185,67,34,0.5074626865671642,63,0,0,5245,0,40,1
2147,71.56666666666666,1784217456.7286665,44.57195524146529,7.52549969754034,3.9681928329913916,3.554272758595584,0.025252151359457423,-2.1931624093596245,59,27,0.4576271186440678,57,0,0,5245,0,40,1
2148,71.6,1784217456.7619998,52.52572993163362,6.43658112518888,7.042253184567755,1.3702995410285592,-1.5147632226407353,-0.847255903469277,65,40,0.6153846153846154,64,0,0,5245,0,40,1
2149,71.63333333333334,1784217456.7953334,50.081709663914665,6.572484666984934,9.277119480080202,3.0406275855359115,-1.7700106438624628,-1.3301761659182263,57,28,0.49122807017543857,61,0,0,5245,0,40,1
2150,71.66666666666667,1784217456.8286667,51.14645993985816,6.61691460788353,8.072782623243768,3.056514522352683,-1.436838196253178,-1.0946647010636301,54,28,0.5185185185185185,54,0,0,5245,0,40,1
2151,71.7,1784217456.862,50.60756032191408,7.992523504334855,8.600927344014522,3.9208280109868934,-0.8746599384850706,-1.1112543768356078,60,36,0.6,49,0,0,5245,0,40,1
2152,71.73333333333333,1784217456.8953333,nan,nan,nan,nan,nan,nan,51,15,0.29411764705882354,44,0,0,5245,0,40,0
2153,71.76666666666667,1784217456.9286666,nan,nan,nan,nan,nan,nan,64,16,0.25,57,0,0,5245,0,40,0
2154,71.8,1784217456.962,nan,nan,nan,nan,nan,nan,56,14,0.25,56,0,0,5245,0,40,0
2155,71.83333333333333,1784217456.9953332,nan,nan,nan,nan,nan,nan,58,16,0.27586206896551724,63,0,0,5245,0,40,0
2156,71.86666666666666,1784217457.0286665,nan,nan,nan,nan,nan,nan,55,14,0.2545454545454545,58,0,0,5245,0,40,0
2157,71.9,1784217457.062,nan,nan,nan,nan,nan,nan,53,12,0.22641509433962265,57,0,0,5245,0,40,0
2158,71.93333333333334,1784217457.0953333,nan,nan,nan,nan,nan,nan,42,18,0.42857142857142855,52,0,0,5245,0,40,0
2159,71.96666666666667,1784217457.1286666,nan,nan,nan,nan,nan,nan,52,14,0.2692307692307692,58,0,0,5245,0,40,0
2160,72.0,1784217457.162,nan,nan,nan,nan,nan,nan,43,7,0.16279069767441862,75,0,0,5245,0,40,0
2161,72.03333333333333,1784217457.1953332,nan,nan,nan,nan,nan,nan,44,11,0.25,72,0,0,5245,0,40,0
2162,72.06666666666666,1784217457.2286665,nan,nan,nan,nan,nan,nan,41,5,0.12195121951219512,62,0,0,5245,0,40,0
2163,72.1,1784217457.2619998,nan,nan,nan,nan,nan,nan,30,12,0.4,57,0,0,5245,0,40,0
2164,72.13333333333334,1784217457.2953334,nan,nan,nan,nan,nan,nan,45,5,0.1111111111111111,48,0,0,5245,0,40,0
2165,72.16666666666667,1784217457.3286667,nan,nan,nan,nan,nan,nan,43,0,0.0,82,0,0,5245,0,40,0
2166,72.2,1784217457.362,nan,nan,nan,nan,nan,nan,41,0,0.0,67,0,0,5245,0,40,0
2167,72.23333333333333,1784217457.3953333,nan,nan,nan,nan,nan,nan,33,0,0.0,41,0,0,5245,0,40,0
2168,72.26666666666667,1784217457.4286666,nan,nan,nan,nan,nan,nan,32,0,0.0,45,0,0,5245,0,40,0
2169,72.3,1784217457.462,nan,nan,nan,nan,nan,nan,33,0,0.0,41,0,0,5245,0,40,0
2170,72.33333333333333,1784217457.4953332,nan,nan,nan,nan,nan,nan,36,0,0.0,48,0,0,5245,0,40,0
2171,72.36666666666666,1784217457.5286665,nan,nan,nan,nan,nan,nan,26,0,nan,45,0,0,5245,0,40,0
2172,72.4,1784217457.562,nan,nan,nan,nan,nan,nan,34,0,0.0,59,0,0,5245,0,40,0
2173,72.43333333333334,1784217457.5953333,nan,nan,nan,nan,nan,nan,33,0,0.0,57,0,0,5245,0,40,0
2174,72.46666666666667,1784217457.6286666,nan,nan,nan,nan,nan,nan,32,0,0.0,62,0,0,5245,0,40,0
2175,72.5,1784217457.662,nan,nan,nan,nan,nan,nan,34,0,0.0,45,0,0,5245,0,40,0
2176,72.53333333333333,1784217457.6953332,nan,nan,nan,nan,nan,nan,36,0,0.0,43,0,0,5245,0,40,0
2177,72.56666666666666,1784217457.7286665,nan,nan,nan,nan,nan,nan,27,0,nan,67,0,0,5245,0,40,0
2178,72.6,1784217457.7619998,nan,nan,nan,nan,nan,nan,33,0,0.0,71,0,0,5245,0,40,0
2179,72.63333333333334,1784217457.7953334,nan,nan,nan,nan,nan,nan,44,0,0.0,65,0,0,5245,0,40,0
2180,72.66666666666667,1784217457.8286667,nan,nan,nan,nan,nan,nan,43,0,0.0,62,0,0,5245,0,40,0
2181,72.7,1784217457.862,nan,nan,nan,nan,nan,nan,31,0,0.0,64,0,0,5245,0,40,0
2182,72.73333333333333,1784217457.8953333,nan,nan,nan,nan,nan,nan,26,0,nan,73,0,0,5245,0,40,0
2183,72.76666666666667,1784217457.9286666,nan,nan,nan,nan,nan,nan,26,0,nan,71,0,0,5245,0,40,0
2184,72.8,1784217457.962,nan,nan,nan,nan,nan,nan,39,0,0.0,56,0,0,5245,0,40,0
2185,72.83333333333333,1784217457.9953332,nan,nan,nan,nan,nan,nan,28,0,nan,53,0,0,5245,0,40,0
2186,72.86666666666666,1784217458.0286665,nan,nan,nan,nan,nan,nan,39,0,0.0,60,0,0,5245,0,40,0
2187,72.9,1784217458.062,nan,nan,nan,nan,nan,nan,28,0,nan,79,0,0,5245,0,40,0
2188,72.93333333333334,1784217458.0953333,nan,nan,nan,nan,nan,nan,41,0,0.0,86,0,0,5245,0,40,0
2189,72.96666666666667,1784217458.1286666,nan,nan,nan,nan,nan,nan,30,0,0.0,104,0,0,5245,0,40,0
2190,73.0,1784217458.162,nan,nan,nan,nan,nan,nan,45,0,0.0,85,0,0,5245,0,40,0
2191,73.03333333333333,1784217458.1953332,nan,nan,nan,nan,nan,nan,32,0,0.0,84,0,0,5245,0,40,0
2192,73.06666666666666,1784217458.2286665,nan,nan,nan,nan,nan,nan,34,0,0.0,90,0,0,5245,0,40,0
2193,73.1,1784217458.2619998,nan,nan,nan,nan,nan,nan,28,0,nan,94,0,0,5245,0,40,0
2194,73.13333333333334,1784217458.2953334,nan,nan,nan,nan,nan,nan,30,0,0.0,81,0,0,5245,0,40,0
2195,73.16666666666667,1784217458.3286667,nan,nan,nan,nan,nan,nan,34,0,0.0,91,0,0,5245,0,40,0
2196,73.2,1784217458.362,nan,nan,nan,nan,nan,nan,28,0,nan,90,0,0,5245,0,40,0
2197,73.23333333333333,1784217458.3953333,nan,nan,nan,nan,nan,nan,34,0,0.0,93,0,0,5245,0,40,0
2198,73.26666666666667,1784217458.4286666,nan,nan,nan,nan,nan,nan,29,0,nan,85,0,0,5245,0,40,0
2199,73.3,1784217458.462,nan,nan,nan,nan,nan,nan,47,0,0.0,81,0,0,5245,0,40,0
2200,73.33333333333333,1784217458.4953332,nan,nan,nan,nan,nan,nan,37,0,0.0,84,0,0,5245,0,40,0
2201,73.36666666666666,1784217458.5286665,nan,nan,nan,nan,nan,nan,40,0,0.0,87,0,0,5245,0,40,0
2202,73.4,1784217458.562,nan,nan,nan,nan,nan,nan,33,0,0.0,82,0,0,5245,0,40,0
2203,73.43333333333334,1784217458.5953333,nan,nan,nan,nan,nan,nan,33,0,0.0,75,0,0,5245,0,40,0
2204,73.46666666666667,1784217458.6286666,nan,nan,nan,nan,nan,nan,39,0,0.0,89,0,0,5245,0,40,0
2205,73.5,1784217458.662,nan,nan,nan,nan,nan,nan,51,0,0.0,96,0,0,5245,0,40,0
2206,73.53333333333333,1784217458.6953332,nan,nan,nan,nan,nan,nan,42,0,0.0,105,0,0,5245,0,40,0
2207,73.56666666666666,1784217458.7286665,nan,nan,nan,nan,nan,nan,42,0,0.0,122,0,0,5245,0,40,0
2208,73.6,1784217458.7619998,nan,nan,nan,nan,nan,nan,40,0,0.0,91,0,0,5245,0,40,0
2209,73.63333333333334,1784217458.7953334,nan,nan,nan,nan,nan,nan,30,0,0.0,99,0,0,5245,0,40,0
2210,73.66666666666667,1784217458.8286667,nan,nan,nan,nan,nan,nan,42,0,0.0,111,0,0,5245,0,40,0
2211,73.7,1784217458.862,nan,nan,nan,nan,nan,nan,25,0,nan,112,0,0,5245,0,40,0
2212,73.73333333333333,1784217458.8953333,nan,nan,nan,nan,nan,nan,50,0,0.0,85,0,0,5245,0,40,0
2213,73.76666666666667,1784217458.9286666,nan,nan,nan,nan,nan,nan,46,0,0.0,108,0,0,5245,0,40,0
2214,73.8,1784217458.962,nan,nan,nan,nan,nan,nan,32,0,0.0,126,0,0,5245,0,40,0
2215,73.83333333333333,1784217458.9953332,nan,nan,nan,nan,nan,nan,41,0,0.0,132,0,0,5245,0,40,0
2216,73.86666666666666,1784217459.0286665,nan,nan,nan,nan,nan,nan,29,0,nan,130,0,0,5245,0,40,0
2217,73.9,1784217459.062,nan,nan,nan,nan,nan,nan,33,0,0.0,129,0,0,5245,0,40,0
2218,73.93333333333334,1784217459.0953333,nan,nan,nan,nan,nan,nan,31,0,0.0,132,0,0,5245,0,40,0
2219,73.96666666666667,1784217459.1286666,nan,nan,nan,nan,nan,nan,46,0,0.0,119,0,0,5245,0,40,0
2220,74.0,1784217459.162,nan,nan,nan,nan,nan,nan,25,0,nan,124,0,0,5245,0,40,0
2221,74.03333333333333,1784217459.1953332,nan,nan,nan,nan,nan,nan,45,0,0.0,113,0,0,5245,0,40,0
2222,74.06666666666666,1784217459.2286665,nan,nan,nan,nan,nan,nan,23,0,nan,88,0,0,5245,0,40,0
2223,74.1,1784217459.2619998,nan,nan,nan,nan,nan,nan,35,0,0.0,135,0,0,5245,0,40,0
2224,74.13333333333334,1784217459.2953334,nan,nan,nan,nan,nan,nan,46,0,0.0,121,0,0,5245,0,40,0
2225,74.16666666666667,1784217459.3286667,nan,nan,nan,nan,nan,nan,42,0,0.0,154,0,0,5245,0,40,0
2226,74.2,1784217459.362,nan,nan,nan,nan,nan,nan,29,0,nan,126,0,0,5245,0,40,0
2227,74.23333333333333,1784217459.3953333,nan,nan,nan,nan,nan,nan,37,0,0.0,134,0,0,5245,0,40,0
2228,74.26666666666667,1784217459.4286666,nan,nan,nan,nan,nan,nan,32,6,0.1875,125,0,0,5245,0,40,0
2229,74.3,1784217459.462,nan,nan,nan,nan,nan,nan,33,0,0.0,134,0,0,5245,0,40,0
2230,74.33333333333333,1784217459.4953332,nan,nan,nan,nan,nan,nan,40,0,0.0,133,0,0,5245,0,40,0
2231,74.36666666666666,1784217459.5286665,nan,nan,nan,nan,nan,nan,42,0,0.0,137,0,0,5245,0,40,0
2232,74.4,1784217459.562,nan,nan,nan,nan,nan,nan,51,0,0.0,115,0,0,5245,0,40,0
2233,74.43333333333334,1784217459.5953333,nan,nan,nan,nan,nan,nan,35,0,0.0,130,0,0,5245,0,40,0
2234,74.46666666666667,1784217459.6286666,nan,nan,nan,nan,nan,nan,39,0,0.0,131,0,0,5245,0,40,0
2235,74.5,1784217459.662,nan,nan,nan,nan,nan,nan,41,0,0.0,147,0,0,5245,0,40,0
2236,74.53333333333333,1784217459.6953332,nan,nan,nan,nan,nan,nan,42,0,0.0,145,0,0,5245,0,40,0
2237,74.56666666666666,1784217459.7286665,nan,nan,nan,nan,nan,nan,48,0,0.0,136,0,0,5245,0,40,0
2238,74.6,1784217459.7619998,nan,nan,nan,nan,nan,nan,43,0,0.0,126,0,0,5245,0,40,0
2239,74.63333333333334,1784217459.7953334,nan,nan,nan,nan,nan,nan,46,0,0.0,151,0,0,5245,0,40,0
2240,74.66666666666667,1784217459.8286667,nan,nan,nan,nan,nan,nan,50,0,0.0,136,0,0,5245,0,40,0
2241,74.7,1784217459.862,nan,nan,nan,nan,nan,nan,38,0,0.0,163,0,0,5245,0,40,0
2242,74.73333333333333,1784217459.8953333,nan,nan,nan,nan,nan,nan,55,0,0.0,176,0,0,5245,0,40,0
2243,74.76666666666667,1784217459.9286666,nan,nan,nan,nan,nan,nan,50,0,0.0,210,0,0,5245,0,40,0
2244,74.8,1784217459.962,nan,nan,nan,nan,nan,nan,46,0,0.0,255,0,0,5245,0,40,0
2245,74.83333333333333,1784217459.9953332,nan,nan,nan,nan,nan,nan,50,0,0.0,296,0,0,5245,0,40,0
2246,74.86666666666666,1784217460.0286665,nan,nan,nan,nan,nan,nan,51,0,0.0,255,0,0,5245,0,40,0
2247,74.9,1784217460.062,nan,nan,nan,nan,nan,nan,64,0,0.0,292,0,0,5245,0,40,0
2248,74.93333333333334,1784217460.0953333,nan,nan,nan,nan,nan,nan,66,0,0.0,278,0,0,5245,0,40,0
2249,74.96666666666667,1784217460.1286666,nan,nan,nan,nan,nan,nan,43,0,0.0,325,0,0,5245,0,40,0
2250,75.0,1784217460.162,nan,nan,nan,nan,nan,nan,52,0,0.0,276,0,0,5245,0,40,0
2251,75.03333333333333,1784217460.1953332,nan,nan,nan,nan,nan,nan,62,0,0.0,253,0,0,5245,0,40,0
2252,75.06666666666666,1784217460.2286665,nan,nan,nan,nan,nan,nan,73,7,0.0958904109589041,294,0,0,5245,0,40,0
2253,75.1,1784217460.2619998,nan,nan,nan,nan,nan,nan,63,12,0.19047619047619047,267,0,0,5245,0,40,0
2254,75.13333333333334,1784217460.2953334,nan,nan,nan,nan,nan,nan,65,0,0.0,251,0,0,5245,0,40,0
2255,75.16666666666667,1784217460.3286667,nan,nan,nan,nan,nan,nan,68,9,0.1323529411764706,214,0,0,5245,0,40,0
2256,75.2,1784217460.362,nan,nan,nan,nan,nan,nan,55,14,0.2545454545454545,180,0,0,5245,0,40,0
2257,75.23333333333333,1784217460.3953333,66.19140606619808,6.443746737479543,6.43412937782648,0.2253437353859758,-2.0579691662215853,-0.8402606842514742,71,20,0.28169014084507044,204,0,0,5245,0,40,1
2258,75.26666666666667,1784217460.4286666,nan,nan,nan,nan,nan,nan,70,18,0.2571428571428571,193,0,0,5245,0,40,0
2259,75.3,1784217460.462,nan,nan,nan,nan,nan,nan,55,17,0.3090909090909091,188,0,0,5245,0,40,0
2260,75.33333333333333,1784217460.4953332,nan,nan,nan,nan,nan,nan,58,12,0.20689655172413793,231,0,0,5245,0,40,0
2261,75.36666666666666,1784217460.5286665,64.40399059850972,3.7958817891750414,9.675245780585684,0.11449764177635416,-3.497959902963514,-0.045140067680792054,70,23,0.32857142857142857,214,0,0,5245,0,40,1
2262,75.4,1784217460.562,55.95677857548054,6.677354309558069,12.019405751716675,3.338010981377652,-2.5635930633734194,-1.0954781776014775,72,24,0.3333333333333333,224,0,0,5245,0,40,1
2263,75.43333333333334,1784217460.5953333,58.303888351707855,7.2742029762572,10.24657997855114,1.6433885831523891,-2.2732978853114743,-0.9447338964443048,61,29,0.47540983606557374,214,0,0,5245,0,40,1
2264,75.46666666666667,1784217460.6286666,60.24511753429182,4.737033946579686,9.851747057052918,0.3387928361017771,-3.2703179680269887,-0.5390085584342653,67,35,0.5223880597014925,207,23,184,5429,1,41,1
2265,75.5,1784217460.662,55.748396789690105,4.798307163086619,10.522542827304008,2.1508373209437037,-2.856511815097257,-0.5625936838984688,164,87,0.5304878048780488,126,12,114,5543,1,42,1
2266,75.53333333333333,1784217460.6953332,55.753128226283295,5.1619764994659505,10.632872819611762,1.8386076291015863,-2.8497146661236576,-0.19006479606977805,178,88,0.4943820224719101,85,0,0,5543,0,42,1
2267,75.56666666666666,1784217460.7286665,56.15696202013103,4.137525584212781,10.15081941412818,0.8511706388130255,-3.2350460117464688,-0.37125784485152663,164,100,0.6097560975609756,108,13,95,5638,1,43,1
2268,75.6,1784217460.7619998,56.19322468643138,4.069245438867782,10.011857101414236,0.3938685011117874,-3.3528982358508683,-0.5070692533401954,178,104,0.5842696629213483,107,16,91,5729,1,44,1
2269,75.63333333333334,1784217460.7953334,51.89982469641414,4.7190793418246955,10.71061536894247,2.212615400209713,-2.75969089258555,-0.26801783638956783,151,95,0.6291390728476821,102,10,92,5821,1,45,1
2270,75.66666666666667,1784217460.8286667,53.13491896301372,4.459729596568465,11.216285863055504,1.3125156073719666,-3.154436241385491,-0.17506290854641496,141,68,0.48226950354609927,100,0,0,5821,0,45,1
2271,75.7,1784217460.862,52.67014821160521,3.040005051971235,10.705859741110345,0.8167364993623006,-3.602929711516414,-0.20374833130093925,145,84,0.5793103448275863,113,11,102,5923,1,46,1
2272,75.73333333333333,1784217460.8953333,53.53713561226557,2.977309811925764,10.570902897211752,0.05262365608137067,-3.674897786404244,0.1510257821316085,139,89,0.6402877697841727,113,13,100,6023,1,47,1
2273,75.76666666666667,1784217460.9286666,51.54301905594127,3.8622951454885737,10.998690768784783,0.5746062213065566,-3.3619087050242635,0.005021284154171932,123,66,0.5365853658536586,78,0,0,6023,0,47,1
2274,75.8,1784217460.962,49.27336506820566,2.8688999513904605,11.017733160812426,1.0718650699041958,-3.543575874741654,0.05491599258103814,120,71,0.5916666666666667,107,14,93,6116,1,48,1
2275,75.83333333333333,1784217460.9953332,45.26299106045013,3.065086425858027,11.401154170953376,2.513443758964804,-3.2095717898270038,-0.21484629730059965,110,58,0.5272727272727272,67,0,0,6116,0,48,1
2276,75.86666666666666,1784217461.0286665,48.581330966884224,2.6153326107298938,10.37862421141287,0.2974231360214153,-3.6263010390659978,-0.1161465210646329,98,47,0.47959183673469385,83,0,0,6116,0,48,1
2277,75.9,1784217461.062,43.43207013179352,3.073403148167074,9.998243879670284,2.048037372958836,-2.98717109721947,-0.42990375175332,101,48,0.4752475247524752,86,0,0,6116,0,48,1
2278,75.93333333333334,1784217461.0953333,45.460548732463536,3.1082636432197006,8.41249165167683,-0.08512773839183158,-3.071435324442416,-0.8885140966636366,89,39,0.43820224719101125,83,0,0,6116,0,48,1
2279,75.96666666666667,1784217461.1286666,45.60128502127286,2.0605849321114675,10.510528036542738,-0.04535948024867767,-3.9172598655226527,-0.44608186003403905,101,54,0.5346534653465347,102,12,90,6206,1,49,1
2280,76.0,1784217461.162,45.34781143880356,1.9541800502603905,11.389960441676394,-0.14350128454470695,-4.1002892516079275,-0.13367547627850743,103,61,0.5922330097087378,88,0,0,6206,0,49,1
2281,76.03333333333333,1784217461.1953332,42.254704890917196,2.5566718554971857,10.802840800886997,0.6300061037894495,-3.5299155312267936,-0.2514664677737195,99,58,0.5858585858585859,96,0,0,6206,0,49,1
2282,76.06666666666666,1784217461.2286665,41.27013995680942,3.615051973859252,10.112126276349386,0.7413893200118484,-2.896092903058799,-0.10064848014351231,96,52,0.5416666666666666,88,0,0,6206,0,49,1
2283,76.1,1784217461.2619998,35.7412315489493,3.801409224168708,10.630580037552491,2.706619560807988,-2.6280770030931846,-0.648714304805286,92,58,0.6304347826086957,96,0,0,6206,0,49,1
2284,76.13333333333334,1784217461.2953334,38.46021631189558,2.8299548338629137,9.433792122425587,0.5194049315618062,-3.0941273918731977,-0.9185896952874062,95,53,0.5578947368421052,85,0,0,6206,0,49,1
2285,76.16666666666667,1784217461.3286667,38.04881595827807,2.37259843437063,9.566525544797315,0.46821909345972024,-3.209162363366679,-0.44841775933416034,100,58,0.58,92,0,0,6206,0,49,1
2286,76.2,1784217461.362,34.519004899625884,3.0913107796712325,8.967403133796239,1.4918561185583559,-2.5550978548904237,-0.6584027605055305,96,51,0.53125,100,15,85,6291,1,50,1
2287,76.23333333333333,1784217461.3953333,35.617128655792854,0.9536871882599485,11.366987990127683,0.8844877507673807,-3.934295522940257,-0.36036824375978477,108,73,0.6759259259259259,83,0,0,6291,0,50,1
2288,76.26666666666667,1784217461.4286666,34.336341302888435,1.1227454075803962,10.170088678399054,0.7971961270582262,-3.597623695572152,-0.36321191649703877,100,66,0.66,91,0,0,6291,0,50,1
2289,76.3,1784217461.462,31.057668243434772,1.9919331017279518,8.782788077592144,1.641458259970693,-2.8131187623713787,-0.6824195621717376,110,63,0.5727272727272728,73,0,0,6291,0,50,1
2290,76.33333333333333,1784217461.4953332,30.884100211347143,1.1505403127693086,10.082293832378426,1.5572337888727807,-3.3972080178606165,-0.35218383029164263,100,63,0.63,71,0,0,6291,0,50,1
2291,76.36666666666666,1784217461.5286665,30.32697183579573,0.44374117784683165,10.786930523749447,1.295043997007748,-3.8318865488995346,-0.42260273275496,93,52,0.5591397849462365,87,0,0,6291,0,50,1
2292,76.4,1784217461.562,27.721595584653777,1.3497694711001884,10.290274749741073,1.9875905134525529,-3.2611140590797736,-0.6630236676026136,100,59,0.59,77,0,0,6291,0,50,1
2293,76.43333333333334,1784217461.5953333,26.04331643374085,0.30901385453104524,10.045884258448083,2.3026412219870287,-3.4545355550581207,-0.6157010268980323,110,66,0.6,77,0,0,6291,0,50,1
2294,76.46666666666667,1784217461.6286666,26.918765514336197,1.0122630021240013,10.305867817266972,1.4748426517118385,-3.3526351071595992,-0.23547919603689302,92,52,0.5652173913043478,76,0,0,6291,0,50,1
2295,76.5,1784217461.662,27.26052372250257,0.13854190581821513,9.928660716544854,0.44351945012456345,-3.715730259265061,-0.7299189578272349,86,54,0.627906976744186,71,0,0,6291,0,50,1
2296,76.53333333333333,1784217461.6953332,26.449699941514865,0.02092943887926424,11.133064788728987,0.47230717696285046,-3.9566690546154466,-0.5427393193090825,90,49,0.5444444444444444,66,0,0,6291,0,50,1
2297,76.56666666666666,1784217461.7286665,24.633990666797388,0.2889762106316738,9.499801102334473,0.6038974626964441,-3.48275134051755,-0.9592497174533741,84,54,0.6428571428571429,70,0,0,6291,0,50,1
2298,76.6,1784217461.7619998,21.153851358443834,0.6030205364232586,10.043040188913622,1.626611781004108,-3.3580292864149413,-1.0198976160656679,87,51,0.5862068965517241,59,0,0,6291,0,50,1
2299,76.63333333333334,1784217461.7953334,18.753564801288796,0.610936663226795,8.308479368507506,2.5421753565091154,-2.673289034192695,-0.6809544392143985,85,50,0.5882352941176471,61,0,0,6291,0,50,1
2300,76.66666666666667,1784217461.8286667,21.728079940032806,0.1719294972109111,9.980193272675109,0.6687012646129061,-3.500631701662995,-0.6200222746855539,86,54,0.627906976744186,59,0,0,6291,0,50,1
2301,76.7,1784217461.862,16.37229460649013,1.1016657611765481,9.080245191566078,2.773467657920769,-2.6640738106699025,-0.7812510671321574,89,60,0.6741573033707865,45,0,0,6291,0,50,1
2302,76.73333333333333,1784217461.8953333,16.419702903885252,0.0001941170999799624,10.67136463483412,2.3488596739434895,-3.482453906819667,-0.695692065275863,85,54,0.6352941176470588,53,0,0,6291,0,50,1
2303,76.76666666666667,1784217461.9286666,15.913279632793698,-0.997655987282954,11.267132228621122,2.211750356524344,-3.932139751324718,-0.5541784535764483,80,51,0.6375,71,0,0,6291,0,50,1
2304,76.8,1784217461.962,13.238494798083131,0.47892851089592625,9.389969786106192,2.688267519398689,-2.8787713490404183,-0.8250569468754306,86,49,0.5697674418604651,56,0,0,6291,0,50,1
2305,76.83333333333333,1784217461.9953332,14.592085130711144,-0.13606151533795696,8.64022267259297,1.34128183428848,-2.953991441898201,-0.9369773348136002,79,50,0.6329113924050633,45,0,0,6291,0,50,1
2306,76.86666666666666,1784217462.0286665,10.830702211144292,0.4492043266803023,8.426721479876804,3.010938698505674,-2.5439645512730444,-0.6254137477032635,87,52,0.5977011494252874,49,0,0,6291,0,50,1
2307,76.9,1784217462.062,8.775811015562216,0.817239726892808,6.884778326214686,3.2781507630888673,-1.838583430657124,-0.9608381633139221,75,41,0.5466666666666666,55,0,0,6291,0,50,1
2308,76.93333333333334,1784217462.0953333,14.805268198540762,-0.41544597927502025,9.93848515333599,-0.2550808039758551,-3.459643213846733,-0.8633427223663228,74,46,0.6216216216216216,50,0,0,6291,0,50,1
2309,76.96666666666667,1784217462.1286666,11.288558487800255,-0.17401098714249486,8.493057920067926,1.1058699373543133,-2.8368437315141795,-0.6009343416414772,74,46,0.6216216216216216,56,0,0,6291,0,50,1
2310,77.0,1784217462.162,10.798025030434593,0.03562519181268442,9.524186563743925,1.0686852178506194,-3.0256561288251627,-0.11031441704211371,80,46,0.575,60,0,0,6291,0,50,1
2311,77.03333333333333,1784217462.1953332,7.4356583801686735,-1.220297457037077,9.949766511996344,2.1678912186635437,-3.419844325436159,-0.5623331373714935,82,52,0.6341463414634146,46,0,0,6291,0,50,1
2312,77.06666666666666,1784217462.2286665,9.544934581181371,-0.8786188522947782,8.838990017579036,0.6361962608803271,-3.0969415916807517,-0.21154118107173212,79,50,0.6329113924050633,67,0,0,6291,0,50,1
2313,77.1,1784217462.2619998,6.374047337819501,-2.4768528235554186,10.508314162345783,1.3888661237482807,-3.963563381765566,-0.9934109871427595,84,60,0.7142857142857143,50,0,0,6291,0,50,1
2314,77.13333333333334,1784217462.2953334,4.293777136547309,-2.6459827563656972,8.846028520884403,1.9988504923407524,-3.526943049709457,-0.8907380127454544,85,51,0.6,58,0,0,6291,0,50,1
2315,77.16666666666667,1784217462.3286667,4.913589918688423,-2.3661874673262986,10.396845963584681,1.0836259846607315,-3.8613168919395537,-0.8474402691784101,78,56,0.717948717948718,56,0,0,6291,0,50,1
2316,77.2,1784217462.362,4.238103495043397,-1.170522665667562,9.650317026556664,0.6019402863972052,-3.2223645574267357,-1.1463855161140393,75,50,0.6666666666666666,46,0,0,6291,0,50,1
2317,77.23333333333333,1784217462.3953333,1.4280536686604801,-2.8402859423209605,10.34682432859158,1.8923653849890159,-3.8880938892689585,-0.9166477276265343,83,52,0.6265060240963856,44,0,0,6291,0,50,1
2318,77.26666666666667,1784217462.4286666,2.675992727927646,-0.22355422119493085,9.681267001194797,0.4380423212482271,-2.8112940061795433,-0.8576122983208078,89,53,0.5955056179775281,54,0,0,6291,0,50,1
2319,77.3,1784217462.462,4.031154201160213,-1.0835078106377694,9.7770104966839,-0.7461952757376014,-3.169776374047809,-0.6920538429499887,85,49,0.5764705882352941,58,0,0,6291,0,50,1
2320,77.33333333333333,1784217462.4953332,1.8612250638433565,-2.7846313140337458,11.298425265384651,-0.0040530041865365985,-4.095538825786714,-0.7444909136649477,87,60,0.6896551724137931,59,0,0,6291,0,50,1
2321,77.36666666666666,1784217462.5286665,-0.5452373640282442,-3.5894055358985923,9.884040292706231,0.8374748513625502,-3.985105726704242,-0.792042259786106,95,58,0.6105263157894737,46,0,0,6291,0,50,1
2322,77.4,1784217462.562,0.08938685785011025,-2.3186615075332213,9.53308197119027,0.13989288921310297,-3.4797051986294347,-0.7730230692428169,103,76,0.7378640776699029,71,0,0,6291,0,50,1
2323,77.43333333333334,1784217462.5953333,-0.7114125758213525,-2.88122536193589,9.715271667744574,0.3853759807812754,-3.686025488396557,-0.7881524137109749,90,70,0.7777777777777778,50,0,0,6291,0,50,1
2324,77.46666666666667,1784217462.6286666,-1.5655050465350886,-1.4192338402220486,9.020035605496332,0.675323805573424,-2.9439528174276273,-0.3935329558191287,96,63,0.65625,70,0,0,6291,0,50,1
2325,77.5,1784217462.662,-0.7112563670949932,-2.553065652766776,9.84490664228234,-0.07978969804079751,-3.5147394201381785,-0.7316042085639093,96,67,0.6979166666666666,60,0,0,6291,0,50,1
2326,77.53333333333333,1784217462.6953332,-1.609647403285372,-2.504844974894695,9.90375416297482,0.4429961560153852,-3.5553068961882985,-0.8252238735955465,104,84,0.8076923076923077,62,0,0,6291,0,50,1
2327,77.56666666666666,1784217462.7286665,-1.7041369669396431,-2.2130637601696606,9.992538614042004,0.4063693421843031,-3.492164157132715,-0.6566882751534835,108,74,0.6851851851851852,59,0,0,6291,0,50,1
2328,77.6,1784217462.7619998,-1.4144170980901283,-2.862280819017201,9.757710243692145,0.22804126394610835,-3.6022252691769445,-0.6893498409342455,107,77,0.719626168224299,55,0,0,6291,0,50,1
2329,77.63333333333334,1784217462.7953334,-3.6123084082454646,-2.732161776594026,9.520090295222317,1.47961094614526,-3.484586502114769,-0.8193581117817899,107,76,0.7102803738317757,58,0,0,6291,0,50,1
2330,77.66666666666667,1784217462.8286667,-2.720405129917147,-3.1956567323820053,9.792017238489592,1.0307009599762673,-3.7430231618037637,-0.7205863543154597,100,75,0.75,53,0,0,6291,0,50,1
2331,77.7,1784217462.862,-2.1320401351001763,-3.0100215230534815,9.910917826854828,0.6186573948171765,-3.6800080421704973,-0.7990018503190336,104,75,0.7211538461538461,70,0,0,6291,0,50,1
2332,77.73333333333333,1784217462.8953333,-3.0036290104511707,-3.3848487687712634,10.039700208661756,1.0544409948290754,-3.8972393658432365,-0.9470800376354156,99,71,0.7171717171717171,57,0,0,6291,0,50,1
2333,77.76666666666667,1784217462.9286666,-1.7846577669625674,-2.8174573635522933,9.800885410163161,0.4352583282508844,-3.6111194589456965,-0.790986479592612,93,71,0.7634408602150538,52,0,0,6291,0,50,1
2334,77.8,1784217462.962,-1.3256240787791214,-2.882270556714701,9.760619437266755,0.23649937879044972,-3.646386708571503,-0.7074966889585902,92,70,0.7608695652173914,46,0,0,6291,0,50,1
2335,77.83333333333333,1784217462.9953332,-1.7372819115943372,-3.244645390108417,10.551165502135476,0.5004491647684641,-3.9387556147627962,-0.5794380077695416,98,71,0.7244897959183674,59,0,0,6291,0,50,1
2336,77.86666666666666,1784217463.0286665,-2.351634727120036,-3.0938580129476208,10.009931313573531,0.8279055723891159,-3.779712351079969,-0.6932961492851873,92,63,0.6847826086956522,60,0,0,6291,0,50,1
2337,77.9,1784217463.062,-1.304586006829025,-2.520629436714813,9.686678305853917,0.17783039646916313,-3.4887281153758245,-0.7979660515424828,99,75,0.7575757575757576,54,0,0,6291,0,50,1
2338,77.93333333333334,1784217463.0953333,-1.9160510196939597,-2.869050302220927,9.902089994697462,0.5099153460717633,-3.641664955902076,-0.7665679908741747,99,72,0.7272727272727273,54,0,0,6291,0,50,1
2339,77.96666666666667,1784217463.1286666,-0.927056650450309,-2.5828962819874874,9.610193973590725,-0.012948571194811472,-3.536550401165785,-0.8912492280716149,101,72,0.7128712871287128,52,0,0,6291,0,50,1
2340,78.0,1784217463.162,-1.763801104792666,-2.736211580018761,9.728106959164933,0.48577682083132956,-3.599170683524641,-0.7858564401732613,88,68,0.7727272727272727,54,0,0,6291,0,50,1
2341,78.03333333333333,1784217463.1953332,-1.7937948164174173,-2.4961292345688975,9.78070243594587,0.4131310033577422,-3.512132211740014,-0.6855929860954868,96,81,0.84375,48,0,0,6291,0,50,1
2342,78.06666666666666,1784217463.2286665,-2.482491048502787,-3.3463643861202286,10.159006510871293,0.8114410467499503,-3.8954763119996527,-0.8994864146019266,88,62,0.7045454545454546,46,0,0,6291,0,50,1
2343,78.1,1784217463.2619998,-0.6542159267993224,-2.070874909135995,9.618796376591234,-0.1427502273292992,-3.390010958914623,-0.7867073821109197,94,65,0.6914893617021277,52,0,0,6291,0,50,1
2344,78.13333333333334,1784217463.2953334,-1.4519913724586733,-2.9720793499572267,9.76041878935456,0.30234488320311703,-3.6985235933392295,-0.6996829926990319,97,71,0.7319587628865979,42,0,0,6291,0,50,1
2345,78.16666666666667,1784217463.3286667,-1.1558866374544365,-2.84809920509673,9.708413460093581,0.059229347374083766,-3.55355495096369,-0.7672998483081142,103,71,0.6893203883495146,49,0,0,6291,0,50,1
2346,78.2,1784217463.362,-1.6687794345321798,-3.1901896526459694,9.720023354423603,0.43473168738592577,-3.717307552831952,-0.755987332240029,94,69,0.7340425531914894,62,0,0,6291,0,50,1
2347,78.23333333333333,1784217463.3953333,-2.4913593170973662,-3.259838487617273,9.800700424902658,0.8473319188851485,-3.814339944377432,-0.7617015421681285,98,71,0.7244897959183674,52,0,0,6291,0,50,1
2348,78.26666666666667,1784217463.4286666,-1.0710666607625559,-2.618495600417461,9.872925740539728,0.1635224000895988,-3.581666671265636,-0.5400749489714481,94,66,0.7021276595744681,57,0,0,6291,0,50,1
2349,78.3,1784217463.462,-1.9724407318089554,-2.68498919960615,9.815536351328234,0.6204809925720988,-3.591425540917766,-0.7015679095460224,92,66,0.717391304347826,48,0,0,6291,0,50,1
2350,78.33333333333333,1784217463.4953332,-1.5730636012883608,-2.756069430198295,9.65198347234589,0.2913883136051343,-3.5496289442535445,-0.8288953049634096,99,75,0.7575757575757576,54,0,0,6291,0,50,1
2351,78.36666666666666,1784217463.5286665,-2.111006990596554,-2.490103781425546,9.881361441392684,0.5874251822583167,-3.496567029009266,-0.917139862045163,96,69,0.71875,66,0,0,6291,0,50,1
2352,78.4,1784217463.562,-2.2323941846505946,-2.9565524495960176,10.329324719527278,0.6856012798590728,-3.7645110090917635,-0.7313381528829689,96,63,0.65625,66,0,0,6291,0,50,1
2353,78.43333333333334,1784217463.5953333,-2.1035781441158328,-3.0016304785314247,9.853427955392519,0.6894498344892783,-3.7275804874666907,-0.7041162970961471,92,73,0.7934782608695652,69,0,0,6291,0,50,1
2354,78.46666666666667,1784217463.6286666,-2.4320255243296067,-3.370407536492067,9.885609663192952,0.9296112206453758,-3.8645074683772593,-0.6008514960485962,91,62,0.6813186813186813,64,0,0,6291,0,50,1
2355,78.5,1784217463.662,0.11447768850158013,-2.154589834889663,9.395210425864363,-0.6251903503960987,-3.2907226024522367,-0.7490000048677281,96,61,0.6354166666666666,58,0,0,6291,0,50,1
2356,78.53333333333333,1784217463.6953332,-1.3797240541111826,-2.8519185686214996,9.673917459806688,0.25432592146562094,-3.642248571012219,-0.7715204774103139,95,70,0.7368421052631579,56,0,0,6291,0,50,1
2357,78.56666666666666,1784217463.7286665,-1.7942220381125225,-2.7595061323356873,9.725311573587703,0.40008509454199925,-3.6165755027815347,-0.8681197742652218,89,62,0.6966292134831461,51,0,0,6291,0,50,1
2358,78.6,1784217463.7619998,-2.0199943902805018,-2.7166023631364027,9.917776368316055,0.6071041942116263,-3.6699772930555055,-0.7792040018401757,93,61,0.6559139784946236,56,0,0,6291,0,50,1
2359,78.63333333333334,1784217463.7953334,-2.3665785254263767,-2.7662161535075,9.724919544506278,0.6807384412814858,-3.613546818504659,-0.8969856273491071,92,71,0.7717391304347826,44,0,0,6291,0,50,1
2360,78.66666666666667,1784217463.8286667,-3.717503083416201,-3.0724229858721372,9.872177311166752,1.516981576849432,-3.679605696811189,-0.7505748801174705,90,64,0.7111111111111111,43,0,0,6291,0,50,1
2361,78.7,1784217463.862,-0.8900157070324806,-2.820616147296505,10.680084397944043,0.028363068105195524,-3.8630525000324396,-0.6558692536922931,86,58,0.6744186046511628,30,0,0,6291,0,50,1
2362,78.73333333333333,1784217463.8953333,-2.7874011556533596,-3.3957289511331936,9.878392848335011,0.9575174350304627,-3.817222573527174,-0.8698604536523871,89,66,0.7415730337078652,50,0,0,6291,0,50,1
2363,78.76666666666667,1784217463.9286666,-4.89966431627078,-2.916511206116766,9.758104797265446,2.0897640263671646,-3.581597928682221,-0.8080007675371476,93,68,0.7311827956989247,42,0,0,6291,0,50,1
2364,78.8,1784217463.962,-1.8343371866712062,-2.964483523268939,9.865344160680351,0.5440829721826251,-3.698097540058585,-0.8690138535817483,90,63,0.7,52,0,0,6291,0,50,1
2365,78.83333333333333,1784217463.9953332,-0.07137899701643668,-2.182239004133649,10.011339496097591,-0.44320073975654556,-3.483254805048748,-0.633132682239647,84,58,0.6904761904761905,42,0,0,6291,0,50,1
2366,78.86666666666666,1784217464.0286665,-2.1298367976457655,-3.070185962925777,9.667234515632686,0.6693087273631103,-3.6768103343118246,-0.7927940045057644,84,61,0.7261904761904762,43,0,0,6291,0,50,1
2367,78.9,1784217464.062,-4.921392970617973,-2.755148305312744,9.161539210948007,2.0988113526496823,-3.4321513327404296,-0.8206580377764834,94,68,0.723404255319149,45,0,0,6291,0,50,1
2368,78.93333333333334,1784217464.0953333,-1.906280096722437,-2.677228739773625,9.811403279715734,0.4860594896033125,-3.626937163595765,-0.9109217387500236,99,67,0.6767676767676768,48,0,0,6291,0,50,1
2369,78.96666666666667,1784217464.1286666,-1.6126209547220505,-3.1174849725511393,9.939117698802434,0.3294615815964329,-3.752197564134265,-0.7960040000318571,90,65,0.7222222222222222,53,0,0,6291,0,50,1
2370,79.0,1784217464.162,-1.2717663087520847,-2.8407975258337927,9.946654962192824,0.1668481440071706,-3.6956778782758044,-0.7910707406559303,92,64,0.6956521739130435,52,0,0,6291,0,50,1
2371,79.03333333333333,1784217464.1953332,-1.700797993738366,-2.703284215832767,9.941537774419658,0.49198901966445024,-3.6335023603178347,-0.7144172460886223,87,65,0.7471264367816092,50,0,0,6291,0,50,1
2372,79.06666666666666,1784217464.2286665,-1.6449924725790446,-2.745270086442048,9.702246493118736,0.410336796972137,-3.616664445726349,-0.7710732090923695,83,60,0.7228915662650602,46,0,0,6291,0,50,1
2373,79.1,1784217464.2619998,-1.7618059088258171,-2.7049392937483105,9.744259823658453,0.3975805025062472,-3.5624678043058475,-0.7907541130866136,84,68,0.8095238095238095,41,0,0,6291,0,50,1
2374,79.13333333333334,1784217464.2953334,-1.4355770758721018,-1.4128190041740822,9.12264416524853,0.2540638833169359,-2.9885229064027303,-0.6652751140361365,92,66,0.717391304347826,50,0,0,6291,0,50,1
2375,79.16666666666667,1784217464.3286667,-1.5443192124596052,-2.652047917973249,9.920709026336496,0.38821839321130047,-3.6179101939850926,-0.6462844995235125,85,62,0.7294117647058823,54,0,0,6291,0,50,1
2376,79.2,1784217464.362,-1.8903249556732185,-3.0572556188238735,9.828519278155511,0.5194929524139826,-3.7146511803549482,-0.7673395531788879,85,69,0.8117647058823529,46,0,0,6291,0,50,1
2377,79.23333333333333,1784217464.3953333,-1.53525640968585,-2.4914861958496886,9.866988863064861,0.35872061817158546,-3.5228277111344504,-0.7076432460947453,87,69,0.7931034482758621,51,0,0,6291,0,50,1
2378,79.26666666666667,1784217464.4286666,-2.1462239285275757,-2.416244236049195,9.82552076547556,0.5964511290466168,-3.519575583786826,-0.8117262252219981,89,72,0.8089887640449438,54,0,0,6291,0,50,1
2379,79.3,1784217464.462,-3.8377412657454,-3.701029579143821,9.330076278142442,1.5903188350777133,-3.7527116499572677,-0.8404211579990777,85,59,0.6941176470588235,43,0,0,6291,0,50,1
2380,79.33333333333333,1784217464.4953332,-1.4820982486190122,-2.5431697284452213,9.675230457730166,0.25390064987963223,-3.4891913036011895,-0.9111089634800957,81,61,0.7530864197530864,46,0,0,6291,0,50,1
2381,79.36666666666666,1784217464.5286665,-1.2348144766401248,-2.5828518790621757,10.20373903189477,0.28871339882722424,-3.6663850269522054,-0.5577460132310457,84,59,0.7023809523809523,51,0,0,6291,0,50,1
2382,79.4,1784217464.562,-3.2756300033954027,-3.039011871312738,8.921458181876332,1.3373490407462545,-3.4656575367836924,-0.694479174732226,81,54,0.6666666666666666,53,0,0,6291,0,50,1
2383,79.43333333333334,1784217464.5953333,-1.436331664851867,-2.721351041041018,9.698249327477583,0.20874824889544288,-3.5693114813716766,-0.7796477879472745,91,65,0.7142857142857143,52,0,0,6291,0,50,1
2384,79.46666666666667,1784217464.6286666,-1.4862702189524786,-3.307456236338453,9.845830262241392,0.3973403881020981,-3.8081311168420715,-0.6731072374504999,90,69,0.7666666666666667,51,0,0,6291,0,50,1
2385,79.5,1784217464.662,-1.6226264676714486,-2.8419248621983257,9.77440203822718,0.3229904929108362,-3.624173502422875,-0.7707642208108376,92,70,0.7608695652173914,49,0,0,6291,0,50,1
2386,79.53333333333333,1784217464.6953332,-1.415494801021449,-2.3719050328146807,9.691323371965282,0.19787524620227662,-3.4689364389143624,-0.83226461188791,90,64,0.7111111111111111,55,0,0,6291,0,50,1
2387,79.56666666666666,1784217464.7286665,-1.4427062056973803,-3.159450287767811,9.731367949093709,0.24066539178724014,-3.697722682950315,-0.8045272454819132,92,73,0.7934782608695652,44,0,0,6291,0,50,1
2388,79.6,1784217464.7619998,-0.7313729877967727,-2.7008191738936205,9.548055242472032,-0.04010238259115381,-3.5413083194769626,-0.6299358254522521,86,62,0.7209302325581395,49,0,0,6291,0,50,1
2389,79.63333333333334,1784217464.7953334,-1.074264990071903,-3.007922874199423,9.72212645806178,0.1181087214482471,-3.675822828237717,-0.8016415594865797,86,68,0.7906976744186046,48,0,0,6291,0,50,1
2390,79.66666666666667,1784217464.8286667,-0.9600014639525636,-2.308679540708937,9.903915037931938,0.12581277499702584,-3.4948432746426157,-0.7387838096249715,85,58,0.6823529411764706,55,0,0,6291,0,50,1
2391,79.7,1784217464.862,-0.49247312434550494,-2.191228727962141,9.855468752217575,-0.05786844470123083,-3.4301145691126878,-1.1438810384549978,79,50,0.6329113924050633,55,0,0,6291,0,50,1
2392,79.73333333333333,1784217464.8953333,0.43939814586459214,-1.9153513045559407,9.743070325351653,-0.20263967757676876,-3.350710723713237,-0.9080380071901591,79,59,0.7468354430379747,47,0,0,6291,0,50,1
2393,79.76666666666667,1784217464.9286666,-4.066533935433924,-1.867423982033273,8.331566842842832,2.7780876254802642,-2.8989691410360665,-0.899761822617915,79,43,0.5443037974683544,53,0,0,6291,0,50,1
2394,79.8,1784217464.962,-0.9760879053984262,-3.1611471730902565,10.355860111887964,1.8005758554540077,-3.950878708042877,-0.8667438917926747,69,39,0.5652173913043478,51,0,0,6291,0,50,1
2395,79.83333333333333,1784217464.9953332,-2.5517210891289146,-1.8922967285437835,6.744505495053573,2.7007762272043223,-2.447288111564929,-1.4435994264281455,77,39,0.5064935064935064,49,0,0,6291,0,50,1
2396,79.86666666666666,1784217465.0286665,5.238280724928986,-1.150073528509452,9.597985518058621,-0.4470388654501413,-3.212097941562452,-0.577401065368554,78,48,0.6153846153846154,47,0,0,6291,0,50,1
2397,79.9,1784217465.062,2.0691697555754693,-2.3668828105290345,9.733694201050511,1.4903826238023556,-3.5873218043282447,-1.0515255239307069,70,38,0.5428571428571428,49,0,0,6291,0,50,1
2398,79.93333333333334,1784217465.0953333,4.932426564457167,-1.84073717418687,9.590171185123182,0.6074386449394995,-3.5021379035404223,-1.064266908713981,72,38,0.5277777777777778,52,0,0,6291,0,50,1
2399,79.96666666666667,1784217465.1286666,7.770755276947404,-1.2601529069259811,9.86753936217086,-0.20663108902532393,-3.443639220667242,-0.9913971615072312,80,50,0.625,36,0,0,6291,0,50,1
2400,80.0,1784217465.162,6.771892917715273,-2.2791259502274244,9.767842517724063,0.9204033976852692,-3.798177345400043,-0.8476045453488976,77,51,0.6623376623376623,48,0,0,6291,0,50,1
2401,80.03333333333333,1784217465.1953332,7.721916622114305,0.4329903726296749,7.703627406090021,1.2032212970426925,-2.282947801649581,-0.3165376768781842,65,40,0.6153846153846154,53,0,0,6291,0,50,1
2402,80.06666666666666,1784217465.2286665,9.45590635644788,-1.736962349949664,10.653718100798926,1.0488695138259916,-3.8777531868430546,-0.3047727784838909,72,46,0.6388888888888888,41,0,0,6291,0,50,1
2403,80.1,1784217465.2619998,8.009308197318997,0.8821774871400976,2.6411943982013497,2.1546747027283133,-0.7596566851722819,-0.2247391480312577,78,39,0.5,54,0,0,6291,0,50,1
2404,80.13333333333334,1784217465.2953334,8.532977763175019,1.2367345906330485,8.217747267037922,2.1198057431729356,-2.1812861047530445,-0.715363696503747,71,43,0.6056338028169014,50,0,0,6291,0,50,1
2405,80.16666666666667,1784217465.3286667,12.441653637590353,-0.19741742707302024,9.080613459317291,0.7423460783846628,-3.036037378830314,-0.7936319244417671,75,45,0.6,47,0,0,6291,0,50,1
2406,80.2,1784217465.362,13.597009087547043,-0.9186561653462775,7.818485553240109,0.916921263286207,-2.9638802013534034,-0.36645374112833495,77,44,0.5714285714285714,43,0,0,6291,0,50,1
2407,80.23333333333333,1784217465.3953333,13.500659162864062,0.4102173475309314,9.410767636724742,1.411693563738331,-2.933449530340377,-0.6630040752066234,72,41,0.5694444444444444,54,0,0,6291,0,50,1
2408,80.26666666666667,1784217465.4286666,16.80668358298189,0.07193008513101518,9.31499172956822,-0.16320348325430364,-3.237007268171902,-1.042274864457308,68,36,0.5294117647058824,45,0,0,6291,0,50,1
2409,80.3,1784217465.462,14.600160580941361,-2.975845631464054,12.629174830949339,1.9166275086975029,-4.9901114462754474,-1.0995091978596168,67,31,0.4626865671641791,53,0,0,6291,0,50,1
2410,80.33333333333333,1784217465.4953332,16.80718511236621,-1.3035223784490881,9.77869371780885,1.2125604567793598,-3.769507081064799,-0.9255558007964864,73,42,0.5753424657534246,54,0,0,6291,0,50,1
2411,80.36666666666666,1784217465.5286665,14.508635142217031,-0.42391292622754406,9.137476564222865,2.3741603923112886,-3.182159000238649,-1.574642016380924,75,44,0.5866666666666667,50,0,0,6291,0,50,1
2412,80.4,1784217465.562,19.650846748811627,-0.14763615061404778,9.895989688135174,1.0511785673347152,-3.4549033935213154,-0.5092527496667301,64,42,0.65625,65,0,0,6291,0,50,1
2413,80.43333333333334,1784217465.5953333,21.29461045741929,0.20509896464446342,9.34436698275222,0.47497027244561857,-3.3469317620535075,-0.8656148753285511,67,40,0.5970149253731343,52,0,0,6291,0,50,1
2414,80.46666666666667,1784217465.6286666,20.568107437219396,-0.23535214852282138,10.289837407396902,1.4095816529480965,-3.611114027787636,-0.777266204251899,76,48,0.631578947368421,36,0,0,6291,0,50,1
2415,80.5,1784217465.662,21.13494071840505,-0.3096872126316157,10.241245061508508,1.7232938557857396,-3.657022827003866,-0.9014582351672535,72,43,0.5972222222222222,53,0,0,6291,0,50,1
2416,80.53333333333333,1784217465.6953332,22.637828526325855,-0.8295520491265904,10.845981144317747,1.858912976984821,-3.9504874013176323,-0.38322571897379787,72,42,0.5833333333333334,55,0,0,6291,0,50,1
2417,80.56666666666666,1784217465.7286665,23.560592337917356,0.858253045353564,9.277968610631177,1.5391087654821256,-3.089830704790677,-0.7310056001173925,74,42,0.5675675675675675,54,0,0,6291,0,50,1
2418,80.6,1784217465.7619998,22.045395792450265,1.2705542140709554,8.425937858703676,2.3628866531566626,-2.6751456720549442,-1.3749699965977173,82,49,0.5975609756097561,75,0,0,6291,0,50,1
2419,80.63333333333334,1784217465.7953334,24.163035520756438,-0.8951302588861978,9.93347828202306,2.0332729833076097,-3.840617621426048,-1.1670797479380006,70,42,0.6,49,0,0,6291,0,50,1
2420,80.66666666666667,1784217465.8286667,30.869293789431524,0.35061838224316944,9.847707792199529,-0.0053105049160896,-3.721796301657406,-0.0633915961245138,60,36,0.6,46,0,0,6291,0,50,1
2421,80.7,1784217465.862,29.14309862544694,-0.23846251034937893,11.420009859962846,1.5095376408926227,-4.148308878853628,-0.06335499841410003,83,37,0.4457831325301205,61,0,0,6291,0,50,1
2422,80.73333333333333,1784217465.8953333,29.377298371195824,1.760792639955227,5.412078989757063,0.39665665784009135,-2.1521855566758146,-1.4994342456883154,79,40,0.5063291139240507,60,0,0,6291,0,50,1
2423,80.76666666666667,1784217465.9286666,29.47635043671382,3.3280337662036175,8.436854949046946,1.3138651870936264,-2.2839361454929743,-1.2045538455351512,76,44,0.5789473684210527,47,0,0,6291,0,50,1
2424,80.8,1784217465.962,28.74761751984908,2.8629424027176356,9.452530819791832,2.542278676369622,-2.4960026622001386,-0.9373470232524436,68,47,0.6911764705882353,30,0,0,6291,0,50,1
2425,80.83333333333333,1784217465.9953332,27.8936397557673,2.8376917030923607,7.567167052481125,2.72608679330409,-2.1235672328094686,-1.9192443580339316,60,34,0.5666666666666667,35,0,0,6291,0,50,1
2426,80.86666666666666,1784217466.0286665,32.601643634406415,2.11964183479472,9.13648009412492,1.491067679065665,-2.9938781293741967,-1.0713835486195178,67,29,0.43283582089552236,41,0,0,6291,0,50,1
2427,80.9,1784217466.062,34.1800788159469,2.9791025596392444,8.214371668977364,1.3052919257933777,-2.482821421336369,-0.8807735255226614,67,43,0.6417910447761194,41,0,0,6291,0,50,1
2428,80.93333333333334,1784217466.0953333,35.668720263640715,2.4432371816135685,7.642614003596563,1.139227397659932,-2.529228281516921,-0.8287176757180812,83,47,0.5662650602409639,45,0,0,6291,0,50,1
2429,80.96666666666667,1784217466.1286666,33.19932107562167,3.726019300145964,7.480224048114678,2.461842361633542,-1.8937827916123917,-1.4293570063780499,89,54,0.6067415730337079,40,0,0,6291,0,50,1
2430,81.0,1784217466.162,33.81959471754065,2.0185278654652024,9.206521452625168,3.1401601656021185,-2.7979969538701357,-0.9635319086852844,78,43,0.5512820512820513,47,0,0,6291,0,50,1
2431,81.03333333333333,1784217466.1953332,38.91834838527474,2.830891232833679,9.314739077833494,1.4626332769159724,-2.8506009417121096,-0.4534434006978689,76,44,0.5789473684210527,44,0,0,6291,0,50,1
2432,81.06666666666666,1784217466.2286665,38.252454294218936,5.426893109877895,7.3328714104791,1.831488480226307,-1.4563721268068106,-0.9296702552796665,76,45,0.5921052631578947,35,0,0,6291,0,50,1
2433,81.1,1784217466.2619998,36.80984359961482,6.0065878943730695,5.58154715990149,2.105150772821888,-0.9374493716807468,-2.2361621008764008,67,37,0.5522388059701493,48,0,0,6291,0,50,1
2434,81.13333333333334,1784217466.2953334,36.6202839827878,3.8363824995546736,7.35420775677683,3.273008096673016,-1.790601024411012,-1.563437105203954,81,46,0.5679012345679012,39,0,0,6291,0,50,1
2435,81.16666666666667,1784217466.3286667,44.71381956162612,1.904005035465957,8.074020880056054,-0.30396300180205055,-3.6472423338922257,-1.6470701200696722,73,31,0.4246575342465753,33,0,0,6291,0,50,1
2436,81.2,1784217466.362,42.83703106765326,5.046073728333155,9.02455795457027,1.5770922162530026,-2.269180907905759,-1.2817821443229738,74,45,0.6081081081081081,33,0,0,6291,0,50,1
2437,81.23333333333333,1784217466.3953333,45.71338953992918,3.301656109259298,9.511658764213934,1.1872291501390038,-2.9679038724291864,-0.466500073532856,73,42,0.5753424657534246,41,0,0,6291,0,50,1
2438,81.26666666666667,1784217466.4286666,45.48763961976961,4.897535252569554,9.152055577656938,1.2795929407074333,-2.5523771636766655,-1.3673255103650566,73,40,0.547945205479452,42,0,0,6291,0,50,1
2439,81.3,1784217466.462,41.572161695324766,5.453533973013492,7.246746684959248,2.727205734242545,-1.6799311183907455,-2.56599820831954,71,33,0.4647887323943662,29,0,0,6291,0,50,1
2440,81.33333333333333,1784217466.4953332,45.511860769960194,5.7114535239061155,9.380218642355217,2.6520644777758844,-1.9586953078504272,-0.9628581011133764,70,43,0.6142857142857143,41,0,0,6291,0,50,1
2441,81.36666666666666,1784217466.5286665,46.6160696739738,6.085357519078144,8.417655501654977,2.5866431086315047,-1.6454420435810075,-0.8681516387041973,62,38,0.6129032258064516,31,0,0,6291,0,50,1
2442,81.4,1784217466.562,47.7086408288348,6.396607468695578,3.7337157535712038,1.5236064777855471,-0.6045732174604818,-1.5087015829813135,71,43,0.6056338028169014,35,0,0,6291,0,50,1
2443,81.43333333333334,1784217466.5953333,50.744246658082446,5.651866777518265,7.08393233742207,1.513479852354917,-1.6682298316823585,-0.7098631560295874,73,38,0.5205479452054794,52,0,0,6291,0,50,1
2444,81.46666666666667,1784217466.6286666,50.7998598688133,6.507759704195038,8.499774637804535,1.7451962281364855,-1.8954522680928372,-1.3717997719185382,79,41,0.5189873417721519,41,0,0,6291,0,50,1
2445,81.5,1784217466.662,52.76564496996453,5.194513090658631,9.47096175887252,1.5243857602656259,-2.6164634066549954,-1.1133556425595756,79,44,0.5569620253164557,40,0,0,6291,0,50,1
2446,81.53333333333333,1784217466.6953332,48.18685612320816,6.4395979668071135,8.83756802144012,4.076067425878843,-1.4468104625280995,-1.3299746816096576,75,44,0.5866666666666667,41,0,0,6291,0,50,1
2447,81.56666666666666,1784217466.7286665,54.386641564123096,5.494651600182721,8.066313448603182,1.493338725346353,-2.2305156883140946,-1.22309911198834,72,35,0.4861111111111111,51,0,0,6291,0,50,1
2448,81.6,1784217466.7619998,47.404778957035234,8.226428910971165,8.23919950366546,5.763231368666479,-0.1255090739764397,-0.9502827882006751,68,26,0.38235294117647056,36,0,0,6291,0,50,1
2449,81.63333333333334,1784217466.7953334,56.99170763722954,6.910568843692062,9.41497828933636,1.527915220569956,-2.202480212741323,-1.1131617140003014,67,37,0.5522388059701493,39,0,0,6291,0,50,1
2450,81.66666666666667,1784217466.8286667,55.46799964025301,5.633185597368396,10.233912812931294,3.38588589570916,-2.1749635707110078,-0.30056003868399905,65,23,0.35384615384615387,47,0,0,6291,0,50,1
2451,81.7,1784217466.862,56.43172164648405,7.86975931781582,-0.733957623261432,1.4066677026138763,0.9335485931726613,-1.2494112993173652,61,25,0.4098360655737705,50,0,0,6291,0,50,1
2452,81.73333333333333,1784217466.8953333,57.82412386101909,7.637736152638084,6.8768319678810315,1.8068903826738496,-1.4313039239550276,-1.914981249379929,59,25,0.423728813559322,43,0,0,6291,0,50,1
2453,81.76666666666667,1784217466.9286666,55.775339638087885,10.0739186186089,7.69213467115145,3.5770536375288287,-0.3184824276724538,-1.6342933502828527,65,31,0.47692307692307695,57,0,0,6291,0,50,1
2454,81.8,1784217466.962,57.50154345654637,10.721726549385636,7.1297782714932225,3.4641136615301074,0.09330234777557367,-1.3833049009191674,58,25,0.43103448275862066,52,0,0,6291,0,50,1
2455,81.83333333333333,1784217466.9953332,nan,nan,nan,nan,nan,nan,50,17,0.34,60,0,0,6291,0,50,0
2456,81.86666666666666,1784217467.0286665,61.59386587572392,9.687255349243244,-0.8885282336159293,1.4608011772356042,1.5425982917871006,-1.1406808576002312,55,23,0.41818181818181815,47,0,0,6291,0,50,1
2457,81.9,1784217467.062,nan,nan,nan,nan,nan,nan,32,10,0.3125,68,0,0,6291,0,50,0
2458,81.93333333333334,1784217467.0953333,nan,nan,nan,nan,nan,nan,58,18,0.3103448275862069,52,0,0,6291,0,50,0
2459,81.96666666666667,1784217467.1286666,nan,nan,nan,nan,nan,nan,44,6,0.13636363636363635,58,0,0,6291,0,50,0
2460,82.0,1784217467.162,nan,nan,nan,nan,nan,nan,51,11,0.21568627450980393,41,0,0,6291,0,50,0
2461,82.03333333333333,1784217467.1953332,nan,nan,nan,nan,nan,nan,45,0,0.0,54,0,0,6291,0,50,0
2462,82.06666666666666,1784217467.2286665,nan,nan,nan,nan,nan,nan,42,8,0.19047619047619047,61,0,0,6291,0,50,0
2463,82.1,1784217467.2619998,nan,nan,nan,nan,nan,nan,43,0,0.0,59,0,0,6291,0,50,0
2464,82.13333333333334,1784217467.2953334,nan,nan,nan,nan,nan,nan,51,0,0.0,34,0,0,6291,0,50,0
2465,82.16666666666667,1784217467.3286667,nan,nan,nan,nan,nan,nan,49,0,0.0,44,0,0,6291,0,50,0
2466,82.2,1784217467.362,nan,nan,nan,nan,nan,nan,30,0,0.0,57,0,0,6291,0,50,0
2467,82.23333333333333,1784217467.3953333,nan,nan,nan,nan,nan,nan,26,0,nan,34,0,0,6291,0,50,0
2468,82.26666666666667,1784217467.4286666,nan,nan,nan,nan,nan,nan,40,0,0.0,54,0,0,6291,0,50,0
2469,82.3,1784217467.462,nan,nan,nan,nan,nan,nan,38,0,0.0,49,0,0,6291,0,50,0
2470,82.33333333333333,1784217467.4953332,nan,nan,nan,nan,nan,nan,39,0,0.0,55,0,0,6291,0,50,0
2471,82.36666666666666,1784217467.5286665,nan,nan,nan,nan,nan,nan,51,0,0.0,40,0,0,6291,0,50,0
2472,82.4,1784217467.562,nan,nan,nan,nan,nan,nan,48,0,0.0,50,0,0,6291,0,50,0
2473,82.43333333333334,1784217467.5953333,nan,nan,nan,nan,nan,nan,36,0,0.0,49,0,0,6291,0,50,0
2474,82.46666666666667,1784217467.6286666,nan,nan,nan,nan,nan,nan,20,0,nan,75,0,0,6291,0,50,0
2475,82.5,1784217467.662,nan,nan,nan,nan,nan,nan,35,0,0.0,62,0,0,6291,0,50,0
2476,82.53333333333333,1784217467.6953332,nan,nan,nan,nan,nan,nan,27,0,nan,72,0,0,6291,0,50,0
2477,82.56666666666666,1784217467.7286665,nan,nan,nan,nan,nan,nan,38,0,0.0,64,0,0,6291,0,50,0
2478,82.6,1784217467.7619998,nan,nan,nan,nan,nan,nan,30,0,0.0,76,0,0,6291,0,50,0
2479,82.63333333333334,1784217467.7953334,nan,nan,nan,nan,nan,nan,50,0,0.0,52,0,0,6291,0,50,0
2480,82.66666666666667,1784217467.8286667,nan,nan,nan,nan,nan,nan,53,0,0.0,61,0,0,6291,0,50,0
2481,82.7,1784217467.862,nan,nan,nan,nan,nan,nan,59,0,0.0,55,0,0,6291,0,50,0
2482,82.73333333333333,1784217467.8953333,nan,nan,nan,nan,nan,nan,56,5,0.08928571428571429,53,0,0,6291,0,50,0
2483,82.76666666666667,1784217467.9286666,nan,nan,nan,nan,nan,nan,47,0,0.0,67,0,0,6291,0,50,0
2484,82.8,1784217467.962,nan,nan,nan,nan,nan,nan,61,0,0.0,77,0,0,6291,0,50,0
2485,82.83333333333333,1784217467.9953332,nan,nan,nan,nan,nan,nan,42,0,0.0,75,0,0,6291,0,50,0
2486,82.86666666666666,1784217468.0286665,nan,nan,nan,nan,nan,nan,36,0,0.0,93,0,0,6291,0,50,0
2487,82.9,1784217468.062,nan,nan,nan,nan,nan,nan,30,0,0.0,85,0,0,6291,0,50,0
2488,82.93333333333334,1784217468.0953333,nan,nan,nan,nan,nan,nan,44,0,0.0,89,0,0,6291,0,50,0
2489,82.96666666666667,1784217468.1286666,nan,nan,nan,nan,nan,nan,45,0,0.0,77,0,0,6291,0,50,0
2490,83.0,1784217468.162,nan,nan,nan,nan,nan,nan,66,0,0.0,77,0,0,6291,0,50,0
2491,83.03333333333333,1784217468.1953332,nan,nan,nan,nan,nan,nan,31,0,0.0,91,0,0,6291,0,50,0
2492,83.06666666666666,1784217468.2286665,nan,nan,nan,nan,nan,nan,41,0,0.0,93,0,0,6291,0,50,0
2493,83.1,1784217468.2619998,nan,nan,nan,nan,nan,nan,42,0,0.0,72,0,0,6291,0,50,0
2494,83.13333333333334,1784217468.2953334,nan,nan,nan,nan,nan,nan,52,5,0.09615384615384616,56,0,0,6291,0,50,0
2495,83.16666666666667,1784217468.3286667,nan,nan,nan,nan,nan,nan,46,0,0.0,67,0,0,6291,0,50,0
2496,83.2,1784217468.362,nan,nan,nan,nan,nan,nan,47,0,0.0,77,0,0,6291,0,50,0
2497,83.23333333333333,1784217468.3953333,nan,nan,nan,nan,nan,nan,72,0,0.0,66,0,0,6291,0,50,0
2498,83.26666666666667,1784217468.4286666,nan,nan,nan,nan,nan,nan,34,0,0.0,90,0,0,6291,0,50,0
2499,83.3,1784217468.462,nan,nan,nan,nan,nan,nan,25,0,nan,92,0,0,6291,0,50,0
2500,83.33333333333333,1784217468.4953332,nan,nan,nan,nan,nan,nan,44,0,0.0,87,0,0,6291,0,50,0
2501,83.36666666666666,1784217468.5286665,nan,nan,nan,nan,nan,nan,62,0,0.0,79,0,0,6291,0,50,0
2502,83.4,1784217468.562,nan,nan,nan,nan,nan,nan,43,0,0.0,75,0,0,6291,0,50,0
2503,83.43333333333334,1784217468.5953333,nan,nan,nan,nan,nan,nan,40,0,0.0,103,0,0,6291,0,50,0
2504,83.46666666666667,1784217468.6286666,nan,nan,nan,nan,nan,nan,55,0,0.0,83,0,0,6291,0,50,0
2505,83.5,1784217468.662,nan,nan,nan,nan,nan,nan,67,0,0.0,75,0,0,6291,0,50,0
2506,83.53333333333333,1784217468.6953332,nan,nan,nan,nan,nan,nan,52,0,0.0,91,0,0,6291,0,50,0
2507,83.56666666666666,1784217468.7286665,nan,nan,nan,nan,nan,nan,47,0,0.0,96,0,0,6291,0,50,0
2508,83.6,1784217468.7619998,nan,nan,nan,nan,nan,nan,54,10,0.18518518518518517,94,0,0,6291,0,50,0
2509,83.63333333333334,1784217468.7953334,nan,nan,nan,nan,nan,nan,48,0,0.0,121,0,0,6291,0,50,0
2510,83.66666666666667,1784217468.8286667,nan,nan,nan,nan,nan,nan,61,0,0.0,77,0,0,6291,0,50,0
2511,83.7,1784217468.862,nan,nan,nan,nan,nan,nan,49,0,0.0,104,0,0,6291,0,50,0
2512,83.73333333333333,1784217468.8953333,nan,nan,nan,nan,nan,nan,71,5,0.07042253521126761,74,0,0,6291,0,50,0
2513,83.76666666666667,1784217468.9286666,nan,nan,nan,nan,nan,nan,54,14,0.25925925925925924,119,0,0,6291,0,50,0
2514,83.8,1784217468.962,nan,nan,nan,nan,nan,nan,61,0,0.0,94,0,0,6291,0,50,0
2515,83.83333333333333,1784217468.9953332,nan,nan,nan,nan,nan,nan,49,0,0.0,110,0,0,6291,0,50,0
2516,83.86666666666666,1784217469.0286665,nan,nan,nan,nan,nan,nan,63,0,0.0,110,0,0,6291,0,50,0
2517,83.9,1784217469.062,nan,nan,nan,nan,nan,nan,50,0,0.0,103,0,0,6291,0,50,0
2518,83.93333333333334,1784217469.0953333,nan,nan,nan,nan,nan,nan,56,6,0.10714285714285714,105,0,0,6291,0,50,0
2519,83.96666666666667,1784217469.1286666,nan,nan,nan,nan,nan,nan,61,7,0.11475409836065574,111,0,0,6291,0,50,0
2520,84.0,1784217469.162,nan,nan,nan,nan,nan,nan,69,0,0.0,96,0,0,6291,0,50,0
2521,84.03333333333333,1784217469.1953332,nan,nan,nan,nan,nan,nan,58,0,0.0,113,0,0,6291,0,50,0
2522,84.06666666666666,1784217469.2286665,nan,nan,nan,nan,nan,nan,56,0,0.0,105,0,0,6291,0,50,0
2523,84.1,1784217469.2619998,nan,nan,nan,nan,nan,nan,59,0,0.0,114,0,0,6291,0,50,0
2524,84.13333333333334,1784217469.2953334,nan,nan,nan,nan,nan,nan,69,0,0.0,103,0,0,6291,0,50,0
2525,84.16666666666667,1784217469.3286667,nan,nan,nan,nan,nan,nan,37,0,0.0,75,0,0,6291,0,50,0
2526,84.2,1784217469.362,nan,nan,nan,nan,nan,nan,53,0,0.0,109,0,0,6291,0,50,0
2527,84.23333333333333,1784217469.3953333,nan,nan,nan,nan,nan,nan,47,0,0.0,112,0,0,6291,0,50,0
2528,84.26666666666667,1784217469.4286666,nan,nan,nan,nan,nan,nan,42,0,0.0,109,0,0,6291,0,50,0
2529,84.3,1784217469.462,nan,nan,nan,nan,nan,nan,80,0,0.0,95,0,0,6291,0,50,0
2530,84.33333333333333,1784217469.4953332,nan,nan,nan,nan,nan,nan,44,0,0.0,147,0,0,6291,0,50,0
2531,84.36666666666666,1784217469.5286665,nan,nan,nan,nan,nan,nan,61,0,0.0,119,0,0,6291,0,50,0
2532,84.4,1784217469.562,nan,nan,nan,nan,nan,nan,40,0,0.0,172,0,0,6291,0,50,0
2533,84.43333333333334,1784217469.5953333,nan,nan,nan,nan,nan,nan,51,0,0.0,137,0,0,6291,0,50,0
2534,84.46666666666667,1784217469.6286666,nan,nan,nan,nan,nan,nan,56,0,0.0,130,0,0,6291,0,50,0
2535,84.5,1784217469.662,nan,nan,nan,nan,nan,nan,54,0,0.0,126,0,0,6291,0,50,0
2536,84.53333333333333,1784217469.6953332,nan,nan,nan,nan,nan,nan,71,0,0.0,110,0,0,6291,0,50,0
2537,84.56666666666666,1784217469.7286665,nan,nan,nan,nan,nan,nan,74,0,0.0,137,0,0,6291,0,50,0
2538,84.6,1784217469.7619998,nan,nan,nan,nan,nan,nan,64,0,0.0,173,0,0,6291,0,50,0
2539,84.63333333333334,1784217469.7953334,nan,nan,nan,nan,nan,nan,85,7,0.08235294117647059,187,0,0,6291,0,50,0
2540,84.66666666666667,1784217469.8286667,nan,nan,nan,nan,nan,nan,92,10,0.10869565217391304,205,0,0,6291,0,50,0
2541,84.7,1784217469.862,nan,nan,nan,nan,nan,nan,75,0,0.0,203,0,0,6291,0,50,0
2542,84.73333333333333,1784217469.8953333,nan,nan,nan,nan,nan,nan,74,13,0.17567567567567569,246,0,0,6291,0,50,0
2543,84.76666666666667,1784217469.9286666,nan,nan,nan,nan,nan,nan,102,9,0.08823529411764706,214,0,0,6291,0,50,0
2544,84.8,1784217469.962,nan,nan,nan,nan,nan,nan,98,17,0.17346938775510204,247,0,0,6291,0,50,0
2545,84.83333333333333,1784217469.9953332,nan,nan,nan,nan,nan,nan,102,18,0.17647058823529413,254,0,0,6291,0,50,0
2546,84.86666666666666,1784217470.0286665,77.47105358746363,5.3763064732920185,9.432347762750013,-1.3160971491875184,-3.8501279894457485,-0.6291502471895537,119,29,0.24369747899159663,237,0,0,6291,0,50,1
2547,84.9,1784217470.062,nan,nan,nan,nan,nan,nan,83,18,0.21686746987951808,240,0,0,6291,0,50,0
2548,84.93333333333334,1784217470.0953333,72.45171250242363,3.771322993993792,11.861973448257856,0.4395082155646684,-4.465769067460852,-0.48559636171244397,99,25,0.25252525252525254,210,0,0,6291,0,50,1
2549,84.96666666666667,1784217470.1286666,71.23935862388872,6.542849646392526,10.76761442126336,0.4585033925925528,-2.94625573320132,-0.3588120056727279,88,21,0.23863636363636365,212,0,0,6291,0,50,1
2550,85.0,1784217470.162,71.27537727233194,3.0044620059483265,9.74595154175104,-0.5458760969149354,-4.560325106145526,-0.7623177704635866,101,26,0.25742574257425743,188,0,0,6291,0,50,1
2551,85.03333333333333,1784217470.1953332,nan,nan,nan,nan,nan,nan,86,8,0.09302325581395349,138,0,0,6291,0,50,0
2552,85.06666666666666,1784217470.2286665,69.2135191103822,3.7606921944332043,11.781343281409391,-0.3061877017132603,-4.579955707489907,-0.6929710241869769,97,29,0.29896907216494845,152,0,0,6291,0,50,1
2553,85.1,1784217470.2619998,67.3195386057242,4.767422313394633,10.556244228878128,0.18252755924493702,-3.6406865375842403,-0.4811429694683936,74,29,0.3918918918918919,167,0,0,6291,0,50,1
2554,85.13333333333334,1784217470.2953334,64.89703594423325,5.449585278357631,9.742605480472989,0.6356485234931487,-3.174795543446427,-0.774043227805553,88,40,0.45454545454545453,151,0,0,6291,0,50,1
2555,85.16666666666667,1784217470.3286667,71.84024114850082,1.6581921939416162,7.7735012202015525,-3.6756961897879665,-5.390323358088029,-0.8000558148737497,87,27,0.3103448275862069,166,0,0,6291,0,50,1
2556,85.2,1784217470.362,58.016240614568034,6.820063507059999,10.806323979019993,3.276678094671641,-2.0178277153783326,-0.6245998975620175,100,42,0.42,164,0,0,6291,0,50,1
2557,85.23333333333333,1784217470.3953333,57.791433970826816,5.200764456238446,10.89193131709419,2.7707295482666248,-2.7330079090352903,-0.6526623509236092,111,52,0.46846846846846846,144,0,0,6291,0,50,1
2558,85.26666666666667,1784217470.4286666,59.81787492821741,4.477120033677991,10.375306687715593,1.5651264684960613,-3.0338527165687332,-0.0900550923874685,99,44,0.4444444444444444,137,0,0,6291,0,50,1
2559,85.3,1784217470.462,59.044061462303375,4.6399682484374125,11.069598889240751,1.390161441632334,-3.2459159270983258,-0.2634539603890276,100,55,0.55,168,23,145,6436,1,51,1
2560,85.33333333333333,1784217470.4953332,60.869893517826796,3.2016208463764997,10.202244000160803,-0.07734022391059274,-4.002023904631469,-0.4321166571542891,160,88,0.55,94,0,0,6436,0,51,1
2561,85.36666666666666,1784217470.5286665,58.73269243686693,2.412951011295476,10.902882786283854,0.33327399158817145,-4.303774096671763,-0.5461271067204303,136,65,0.47794117647058826,106,0,0,6436,0,51,1
2562,85.4,1784217470.562,56.87866320913909,3.999674060746642,9.851653714483845,0.5925814924641016,-3.3408460054694675,-0.45104579589854565,138,62,0.4492753623188406,107,0,0,6436,0,51,1
2563,85.43333333333334,1784217470.5953333,54.58805198378002,5.720412919726726,9.01830900792315,1.2266124761454538,-2.2834820804894327,-0.5563213470769699,149,75,0.5033557046979866,130,19,111,6547,1,52,1
2564,85.46666666666667,1784217470.6286666,56.79486829480429,1.8323466405916946,11.25720979067276,0.010126374738532977,-4.4761439702543795,-0.23382586513100342,146,74,0.5068493150684932,79,0,0,6547,0,52,1
2565,85.5,1784217470.662,53.224550049979385,3.8974987542522257,9.766912388162694,0.8166955150086891,-3.21400946793817,-0.668181162809364,153,72,0.47058823529411764,76,0,0,6547,0,52,1
2566,85.53333333333333,1784217470.6953332,53.395480131607954,2.7721393639019425,9.844931569397218,0.3716806927702995,-3.70251128875778,-0.3488334155190738,129,65,0.5038759689922481,81,0,0,6547,0,52,1
2567,85.56666666666666,1784217470.7286665,54.23355200060034,3.065093224513447,9.962780949200322,-0.563515165642845,-3.860610231686548,-0.39912075456519697,103,58,0.5631067961165048,67,0,0,6547,0,52,1
2568,85.6,1784217470.7619998,49.354994404248856,4.318571731398322,9.324017366166387,1.4034308561704454,-2.6531536558788975,-0.42647016165282053,125,65,0.52,86,0,0,6547,0,52,1
2569,85.63333333333334,1784217470.7953334,50.69529476823834,2.6780981093044858,9.978338986775299,0.19936938705391635,-3.6370853621063826,-0.23383125561637289,93,51,0.5483870967741935,84,0,0,6547,0,52,1
2570,85.66666666666667,1784217470.8286667,46.78378318954451,4.131994091023245,9.757708056426438,1.476166272309651,-2.729421111451912,-0.42893843628756184,94,57,0.6063829787234043,82,0,0,6547,0,52,1
2571,85.7,1784217470.862,45.65127072410286,3.214999038462551,9.398552105505587,1.4170394293426403,-3.0010872274594056,-0.7585376560184254,99,49,0.494949494949495,74,0,0,6547,0,52,1
2572,85.73333333333333,1784217470.8953333,48.24088063890241,2.046460615903868,9.973365880357179,-0.299480044967273,-3.895517470990883,-0.3781995150434983,103,41,0.39805825242718446,95,0,0,6547,0,52,1
2573,85.76666666666667,1784217470.9286666,44.05740657116945,3.233051197032239,9.386195482325647,1.4328659349498556,-2.8386517082478613,-0.21797195702493105,92,53,0.5760869565217391,105,14,91,6638,1,53,1
2574,85.8,1784217470.962,46.15828619260433,1.5530932340841161,10.865681363219537,0.2986647460802064,-3.9421427938335927,0.34337105176202437,104,59,0.5673076923076923,66,0,0,6638,0,53,1
2575,85.83333333333333,1784217470.9953332,41.97586007533019,2.175530273469974,9.805892920303137,1.5857554004244412,-3.234157209168227,-0.1407828825136829,86,51,0.5930232558139535,72,0,0,6638,0,53,1
2576,85.86666666666666,1784217471.0286665,41.69269699976569,1.998579115259247,10.194005473649653,1.1395934888106019,-3.4730343679454707,-0.23780613577654766,113,59,0.5221238938053098,87,0,0,6638,0,53,1
2577,85.9,1784217471.062,36.747247671047475,3.3346545574731152,10.089313520316182,3.0108241634497537,-2.5622326979876378,-0.496628130337519,95,58,0.6105263157894737,92,0,0,6638,0,53,1
2578,85.93333333333334,1784217471.0953333,40.2651318323403,2.071349054606685,10.412026358960418,0.7128374773220566,-3.5431084317863486,-0.43928839701001476,109,58,0.5321100917431193,75,0,0,6638,0,53,1
2579,85.96666666666667,1784217471.1286666,37.968397942004955,0.3690409513341848,9.994447033434142,1.206629898254927,-3.9046721091071848,-0.5215814068506499,106,65,0.6132075471698113,90,0,0,6638,0,53,1
2580,86.0,1784217471.162,34.27386523016307,3.5659341079608,7.445469092081112,2.2621511039748263,-1.943167885813343,-0.7736489667442272,103,55,0.5339805825242718,86,0,0,6638,0,53,1
2581,86.03333333333333,1784217471.1953332,38.06347620847067,2.5718359616362108,9.784386695958347,0.32942315534804534,-3.149784201112903,-0.41108781100749775,101,61,0.6039603960396039,67,0,0,6638,0,53,1
2582,86.06666666666666,1784217471.2286665,35.77133996032081,1.709980050341244,9.568430381995327,0.6395013399867328,-3.393562657049577,-0.6537243476441382,86,56,0.6511627906976745,84,0,0,6638,0,53,1
2583,86.1,1784217471.2619998,33.67674387952543,2.4454646381739025,9.370237524792529,1.3186798492084846,-2.899850356169482,-0.37086836213249386,105,62,0.5904761904761905,107,15,92,6730,1,54,1
2584,86.13333333333334,1784217471.2953334,33.01467212390692,1.6594296289780175,10.538141781143622,1.5122679714681544,-3.3496911536867633,-0.07899443754479084,112,66,0.5892857142857143,73,0,0,6730,0,54,1
2585,86.16666666666667,1784217471.3286667,29.23672810763818,1.411799938622309,9.160645533044132,2.404107132039224,-2.9616960789614892,-0.6624932133606719,108,60,0.5555555555555556,71,0,0,6730,0,54,1
2586,86.2,1784217471.362,29.53393418549855,2.7006566341860747,8.507616600221255,1.6672757264512394,-2.509266356520799,-0.5257489033992319,100,52,0.52,71,0,0,6730,0,54,1
2587,86.23333333333333,1784217471.3953333,31.420629842204995,1.0249784867173588,10.42390703046388,0.5344107100410316,-3.581011462371683,-0.12992093339769817,95,54,0.5684210526315789,81,0,0,6730,0,54,1
2588,86.26666666666667,1784217471.4286666,26.317287006055178,0.17676304201357596,9.420234185305944,2.509839427179329,-3.297214424097922,-0.34971456508459864,97,54,0.5567010309278351,75,0,0,6730,0,54,1
2589,86.3,1784217471.462,26.800917569890085,1.388901364329712,9.412924223221552,1.662009994294372,-3.0246772027397744,-0.38500561467486283,99,55,0.5555555555555556,69,0,0,6730,0,54,1
2590,86.33333333333333,1784217471.4953332,24.11245729192039,1.7491856158143406,8.339681432264967,2.181375808979115,-2.520895941238809,-0.6733342797265766,102,57,0.5588235294117647,55,0,0,6730,0,54,1
2591,86.36666666666666,1784217471.5286665,24.265244411395745,1.179292045012815,9.227640255763887,1.9550749768265585,-2.9527827599633665,-0.21950180280370182,87,51,0.5862068965517241,62,0,0,6730,0,54,1
2592,86.4,1784217471.562,20.457870350146216,0.5868025304169748,9.182379366139372,3.189303886682218,-2.9252287523890455,-0.6365155198111289,90,63,0.7,51,0,0,6730,0,54,1
2593,86.43333333333334,1784217471.5953333,24.336125421982196,0.6414048050797163,9.3029941378406,0.8136134004446212,-3.209317835000868,-0.21608038508928834,76,45,0.5921052631578947,60,0,0,6730,0,54,1
2594,86.46666666666667,1784217471.6286666,23.61701131337026,0.3591239755958071,10.421973052801903,0.7914030045905327,-3.493548737558298,-0.004316291025582046,88,59,0.6704545454545454,64,0,0,6730,0,54,1
2595,86.5,1784217471.662,20.81174097782846,0.2278146705409796,10.13911293924788,1.4460760008924756,-3.432797461135679,-0.5129154227063474,90,54,0.6,67,0,0,6730,0,54,1
2596,86.53333333333333,1784217471.6953332,18.503973870844856,1.7614247731594759,7.360748395923878,1.9748855845452598,-2.095632100934956,-0.4162475254344161,71,49,0.6901408450704225,65,0,0,6730,0,54,1
2597,86.56666666666666,1784217471.7286665,18.577097322000768,-0.3808814153706237,11.16838849831116,1.7338796902072382,-3.8119546478636286,-0.23986554042746125,70,51,0.7285714285714285,60,0,0,6730,0,54,1
2598,86.6,1784217471.7619998,17.526135871891714,0.5020040206181733,8.280692867434922,1.3822505926257918,-2.753233547130649,-0.6479887143209321,78,50,0.6410256410256411,56,0,0,6730,0,54,1
2599,86.63333333333334,1784217471.7953334,18.901926919014066,-2.3851003704274376,11.77554858082324,0.34885802982647424,-4.780888500319643,-0.2833004797629448,70,40,0.5714285714285714,58,0,0,6730,0,54,1
2600,86.66666666666667,1784217471.8286667,16.89247424257525,0.3709445816601402,10.124888468418021,0.6054580161392225,-3.2684575777941487,-0.6297330526911721,86,53,0.6162790697674418,73,0,0,6730,0,54,1
2601,86.7,1784217471.862,16.003917185003882,-0.6437218074363074,10.090949407478362,0.6922511464270327,-3.553083623970261,-0.2754180037344989,84,47,0.5595238095238095,68,0,0,6730,0,54,1
2602,86.73333333333333,1784217471.8953333,14.331775967862932,-0.6740065535412327,9.868837023844677,1.0710338863661193,-3.449496313543794,-0.39179165907853153,76,46,0.6052631578947368,56,0,0,6730,0,54,1
2603,86.76666666666667,1784217471.9286666,13.595302950554618,0.3607531074001571,9.275422698873271,0.7462519562316663,-2.9583780898303704,-0.3892451224210556,85,58,0.6823529411764706,51,0,0,6730,0,54,1
2604,86.8,1784217471.962,8.785978341515488,0.6184793066173171,8.403118271590827,2.4092727519092993,-2.4388079197936956,-1.050786319604424,79,50,0.6329113924050633,56,0,0,6730,0,54,1
2605,86.83333333333333,1784217471.9953332,10.395404508495464,-1.1544884242954652,10.138931680918375,1.5581262135879337,-3.5486640881185703,-0.2953542262910675,77,46,0.5974025974025974,82,0,0,6730,0,54,1
2606,86.86666666666666,1784217472.0286665,7.081059574014576,0.12397458633260783,8.032507831710845,2.596821336131538,-2.516237246636967,-0.4421175242970198,82,49,0.5975609756097561,67,0,0,6730,0,54,1
2607,86.9,1784217472.062,6.103851543193137,-1.3399232201084175,9.598711162904479,2.508455353265606,-3.328446420680273,-0.7194551617965937,80,50,0.625,71,0,0,6730,0,54,1
2608,86.93333333333334,1784217472.0953333,6.908209184120149,-1.8362911543690927,8.977384776123785,1.5280204128518136,-3.369867036907197,-0.6378870125333121,67,46,0.6865671641791045,65,0,0,6730,0,54,1
2609,86.96666666666667,1784217472.1286666,4.051520150464851,-2.1230283236726137,8.921501470923971,2.739148393127437,-3.38287549776037,-0.385721121030638,72,48,0.6666666666666666,62,0,0,6730,0,54,1
2610,87.0,1784217472.162,5.956512016810954,-1.0069215736817654,10.359971960034017,0.9451353395113786,-3.4250198227969415,-0.5309174264781136,68,51,0.75,63,0,0,6730,0,54,1
2611,87.03333333333333,1784217472.1953332,3.8160148080873917,-2.4297461969988774,10.27877644024045,1.5844474024369164,-3.851739059904954,-0.43709048989246774,72,52,0.7222222222222222,63,0,0,6730,0,54,1
2612,87.06666666666666,1784217472.2286665,3.2692890390607356,-1.8425367688865606,10.089115924007558,1.5239231160509963,-3.597598920756508,-0.12168049135847162,77,44,0.5714285714285714,61,0,0,6730,0,54,1
2613,87.1,1784217472.2619998,4.224739259504455,-2.544815241636556,11.327221335932265,0.20330073165226345,-4.157682972771125,-0.5523689864913391,64,43,0.671875,70,0,0,6730,0,54,1
2614,87.13333333333334,1784217472.2953334,2.053638343905151,-0.9856239199633876,8.14148711094154,0.5963269179876788,-2.723272137229925,-0.6752721909328544,70,41,0.5857142857142857,67,0,0,6730,0,54,1
2615,87.16666666666667,1784217472.3286667,-2.096031075002788,-2.353130666216529,7.015399747338336,2.464014717288468,-2.7770239467421267,-0.697960375518205,78,47,0.6025641025641025,64,0,0,6730,0,54,1
2616,87.2,1784217472.362,-0.22543499255699828,-1.0407196524234479,10.121844318365248,0.788176006773781,-3.162558820379801,-0.5562833625437907,71,45,0.6338028169014085,66,0,0,6730,0,54,1
2617,87.23333333333333,1784217472.3953333,-2.2060054219910192,-2.433149154289083,8.954454066173014,1.840076623215806,-3.297758211317224,-0.2961435245948367,87,55,0.632183908045977,65,0,0,6730,0,54,1
2618,87.26666666666667,1784217472.4286666,-1.9236736712569957,-3.4596614643900665,7.101211220568601,1.2471142169055092,-3.1953655374641223,-0.8363882940035121,77,44,0.5714285714285714,81,0,0,6730,0,54,1
2619,87.3,1784217472.462,-0.0165167730389566,-1.8231416629167256,10.091118105701455,0.16869205923512734,-3.434009133283793,-0.07672834886964007,75,57,0.76,86,0,0,6730,0,54,1
2620,87.33333333333333,1784217472.4953332,-2.845293319516326,-1.6438330165197783,8.634846643837577,1.339856071741411,-2.9575435721429324,-0.19054796774288135,75,51,0.68,81,0,0,6730,0,54,1
2621,87.36666666666666,1784217472.5286665,-6.111528041093639,-1.2774189133651817,9.023923489263908,2.8436054764377388,-2.862474694901364,-0.6991774744205048,76,53,0.6973684210526315,105,39,66,6796,1,55,1
2622,87.4,1784217472.562,-4.3652607327933985,-2.061958531722354,8.751602630148753,1.992797870294727,-3.0896612683093223,-0.6558489631720414,137,100,0.7299270072992701,31,0,0,6796,0,55,1
2623,87.43333333333334,1784217472.5953333,-4.790438446775887,-2.303466721863657,8.956634467775487,2.0812324822233483,-3.2111028572994287,-0.6338404421673527,124,96,0.7741935483870968,42,0,0,6796,0,55,1
2624,87.46666666666667,1784217472.6286666,-1.2519019701481344,-2.7301252859775644,9.457836815756835,0.29421408495255946,-3.5202469311942406,-0.5486266277663453,117,86,0.7350427350427351,46,0,0,6796,0,55,1
2625,87.5,1784217472.662,-1.279034206651934,-1.9322498837127569,8.499219316022561,0.26019710487825454,-3.0451449186788806,-0.7067242069712938,123,82,0.6666666666666666,37,0,0,6796,0,55,1
2626,87.53333333333333,1784217472.6953332,-2.262323137583504,-3.4343817610840404,11.100090889177523,0.7163288207816312,-4.181289743905916,-0.788391492464913,113,80,0.7079646017699115,17,0,0,6796,0,55,1
2627,87.56666666666666,1784217472.7286665,-4.214048986774884,-2.054875294508804,8.465611260709693,1.7904595347145682,-3.0146287079208975,-0.6495440122122044,132,107,0.8106060606060606,38,0,0,6796,0,55,1
2628,87.6,1784217472.7619998,-3.5514285818309723,-2.6001761384976163,9.616375018989118,1.490475931670585,-3.5342510841152257,-0.6992099265575167,124,77,0.6209677419354839,35,0,0,6796,0,55,1
2629,87.63333333333334,1784217472.7953334,-2.2250572319685027,-1.9353059220525068,9.777036349626101,0.71276511761103,-3.2923519372335077,-0.6580869884782228,120,85,0.7083333333333334,33,0,0,6796,0,55,1
2630,87.66666666666667,1784217472.8286667,-2.2693661584936002,-1.616869990285295,8.168006110949023,0.6617378545214319,-2.8063337635672068,-0.6763255896305345,131,91,0.6946564885496184,30,0,0,6796,0,55,1
2631,87.7,1784217472.862,-2.185393465787392,-2.2228265164491745,9.964948492569974,0.675032669230418,-3.447499838300729,-0.6768635783764656,117,76,0.6495726495726496,34,0,0,6796,0,55,1
2632,87.73333333333333,1784217472.8953333,-1.0312625872843704,-2.8043202437187347,10.2856467658129,0.1251578756915996,-3.7865404498086117,-0.6480021630654919,116,79,0.6810344827586207,33,0,0,6796,0,55,1
2633,87.76666666666667,1784217472.9286666,-3.3183954500781887,-3.133391184274828,9.51217314981426,1.3628140243331566,-3.6994332648595676,-0.5749591830137742,126,87,0.6904761904761905,36,0,0,6796,0,55,1
2634,87.8,1784217472.962,-2.8776621895516,-3.1050688650746565,10.011380756965139,1.1936060684419691,-3.8377968323293574,-0.5929416701055892,109,77,0.7064220183486238,38,0,0,6796,0,55,1
2635,87.83333333333333,1784217472.9953332,-0.6060489448328923,-2.9351044485868556,9.432666948210127,-0.15449105124311271,-3.6231727550251986,-0.7393470608183097,114,80,0.7017543859649122,35,0,0,6796,0,55,1
2636,87.86666666666666,1784217473.0286665,-3.0745826807903143,-3.7656269754026113,9.461328957050853,1.2508124797502367,-3.8893695965890824,-0.6892845558123057,110,83,0.7545454545454545,23,0,0,6796,0,55,1
2637,87.9,1784217473.062,-1.0642359670124915,-2.1660149076451347,9.473512177841457,0.26075787895621244,-3.3547755691741235,-0.45887089178828533,110,74,0.6727272727272727,37,0,0,6796,0,55,1
2638,87.93333333333334,1784217473.0953333,0.507553557782165,-3.235818699897095,10.332366104035401,-0.6780157053413658,-3.997406307725933,-0.7494160329484836,116,73,0.6293103448275862,32,0,0,6796,0,55,1
2639,87.96666666666667,1784217473.1286666,-3.3494239754344513,-3.4886437566510153,10.01210613212686,1.3000360854084456,-3.90627142575457,-0.8107992515153533,106,78,0.7358490566037735,35,0,0,6796,0,55,1
2640,88.0,1784217473.162,-3.5815404466139995,-1.9450391651777466,9.326737614355366,1.5309098666290553,-3.251166129044041,-0.33286182665262426,119,68,0.5714285714285714,32,0,0,6796,0,55,1
2641,88.03333333333333,1784217473.1953332,-0.24216488571777717,-1.9742540504039994,9.415669422300567,-0.39186295442268293,-3.301802904876355,-0.8825873131849398,108,72,0.6666666666666666,36,0,0,6796,0,55,1
2642,88.06666666666666,1784217473.2286665,-1.5239253467016063,-3.398450652171178,9.478554606114827,0.3499476656883907,-3.762611971171038,-0.7521142511157061,104,76,0.7307692307692307,43,0,0,6796,0,55,1
2643,88.1,1784217473.2619998,-4.207228052412088,-2.3774694330705444,9.235482401078613,1.7782871821423611,-3.2647330687931846,-0.6550181941724736,106,76,0.7169811320754716,31,0,0,6796,0,55,1
2644,88.13333333333334,1784217473.2953334,-2.2223398005105253,-3.0740078348162427,9.925922293085279,0.8057472619186979,-3.7679159435141996,-0.6408036311343678,98,75,0.7653061224489796,35,0,0,6796,0,55,1
2645,88.16666666666667,1784217473.3286667,-1.4072941440226892,-3.3762363276939737,9.564768619762702,0.30418916102998966,-3.774733295343974,-0.7413240680029184,105,77,0.7333333333333333,27,0,0,6796,0,55,1
2646,88.2,1784217473.362,-1.759631202094166,-3.7553369824075844,9.655558784180556,0.5761279908620103,-3.9453258822495814,-0.5637224890860982,111,73,0.6576576576576577,36,0,0,6796,0,55,1
2647,88.23333333333333,1784217473.3953333,-2.227869299881718,-2.566722942330074,9.836338187336608,0.6653859793804419,-3.5385584244711223,-0.7196839302207708,112,66,0.5892857142857143,37,0,0,6796,0,55,1
2648,88.26666666666667,1784217473.4286666,-5.306188836139814,-2.4308641354224108,8.846801405639596,2.3951904679106084,-3.2096491770002373,-0.6626476072386247,104,72,0.6923076923076923,30,0,0,6796,0,55,1
2649,88.3,1784217473.462,-4.943764284927564,-3.836609413368791,9.879476900153179,2.267168405258827,-3.963674490902795,-0.6612329681227171,103,72,0.6990291262135923,31,0,0,6796,0,55,1
2650,88.33333333333333,1784217473.4953332,-3.1461220094308793,-3.360603277545735,9.905480323527598,1.1989670370143248,-3.85209332090935,-0.7336451645191294,107,78,0.7289719626168224,30,0,0,6796,0,55,1
2651,88.36666666666666,1784217473.5286665,-2.6702094941895886,-2.3012818621874374,8.602615788741659,1.0013091468657929,-3.1536427790375514,-0.6125386136859983,113,69,0.6106194690265486,31,0,0,6796,0,55,1
2652,88.4,1784217473.562,-4.202457762891232,-1.5332279046309765,8.639584574283361,1.6609916150791433,-2.837049286152507,-0.6736074329318306,104,65,0.625,45,0,0,6796,0,55,1
2653,88.43333333333334,1784217473.5953333,-2.3654246658649285,-2.9974100758772977,9.715977176917207,0.8288184889684224,-3.694836583313766,-0.6268505361066596,118,85,0.7203389830508474,54,0,0,6796,0,55,1
2654,88.46666666666667,1784217473.6286666,-1.2524333024478942,-3.4386349756504586,9.429282740344775,0.2517944808634106,-3.762136110113328,-0.7245671020113496,110,72,0.6545454545454545,33,0,0,6796,0,55,1
2655,88.5,1784217473.662,-2.9070394339468884,-2.774486903997797,9.996583416568015,0.9963989417998396,-3.6431388120932593,-0.7972656821681536,104,70,0.6730769230769231,33,0,0,6796,0,55,1
2656,88.53333333333333,1784217473.6953332,-3.175301986270945,-0.7092911071528789,6.919047148388614,1.2156500379243727,-2.1424896796545507,-0.5614971504254622,112,76,0.6785714285714286,32,0,0,6796,0,55,1
2657,88.56666666666666,1784217473.7286665,1.0746298709416955,-3.0892269503393948,10.258971460059442,-1.088952656555778,-3.902305208146876,-0.6946048077089049,113,70,0.6194690265486725,36,0,0,6796,0,55,1
2658,88.6,1784217473.7619998,-3.5514030246076906,-3.61963031525255,9.830089035359876,1.5180786811137337,-3.9294813612184765,-0.6788189433116397,102,67,0.6568627450980392,30,0,0,6796,0,55,1
2659,88.63333333333334,1784217473.7953334,-1.5318266709759847,-2.6000443432050417,9.385075429392188,0.3218146398750667,-3.459913983596943,-0.7368407579541757,112,78,0.6964285714285714,32,0,0,6796,0,55,1
2660,88.66666666666667,1784217473.8286667,-3.755432334212152,-2.871106322458715,8.97016304063655,1.590572813793199,-3.4153478377105877,-0.6914402319831299,120,83,0.6916666666666667,33,0,0,6796,0,55,1
2661,88.7,1784217473.862,-1.647829252987762,-2.789672899290764,9.362500004655942,0.3948085576775765,-3.5132555304467457,-0.7072868154826525,112,74,0.6607142857142857,35,0,0,6796,0,55,1
2662,88.73333333333333,1784217473.8953333,-1.3904991970725273,-2.444122543731325,9.520844312253416,0.2468154773476835,-3.4080258863824424,-0.6508468259869716,112,73,0.6517857142857143,32,0,0,6796,0,55,1
2663,88.76666666666667,1784217473.9286666,-2.7741579208844804,-2.6181831882180546,9.882258688740421,0.9585171810341127,-3.588702209078826,-0.8272927736010118,105,73,0.6952380952380952,26,0,0,6796,0,55,1
2664,88.8,1784217473.962,-4.177323602896067,-1.6769874811935352,8.235786029072074,1.6609218244052717,-2.8200437491441166,-0.7494512458885108,114,76,0.6666666666666666,39,0,0,6796,0,55,1
2665,88.83333333333333,1784217473.9953332,-1.7316810580389372,-2.6538857812451084,10.012074682927064,0.42867397095095,-3.636662482382347,-0.6855132878977779,99,71,0.7171717171717171,27,0,0,6796,0,55,1
2666,88.86666666666666,1784217474.0286665,-4.887211291266315,-2.6095665466286277,9.252070955150913,2.211654381806695,-3.3958872591845086,-0.6171448538571074,99,62,0.6262626262626263,21,0,0,6796,0,55,1
2667,88.9,1784217474.062,-2.94055672315303,-3.5768474748344374,9.460479831773,1.1408894568568477,-3.8542630516171594,-0.7912913394320409,102,69,0.6764705882352942,30,0,0,6796,0,55,1
2668,88.93333333333334,1784217474.0953333,-1.0817298714957122,-3.1978037284692533,9.67535797439507,0.1352267711163095,-3.730175777381343,-0.6784414062235304,114,75,0.6578947368421053,25,0,0,6796,0,55,1
2669,88.96666666666667,1784217474.1286666,-2.6157681436928684,-3.1586240061155593,9.547325711198383,0.9524943771621781,-3.670474360643011,-0.7043943361908884,115,84,0.7304347826086957,46,0,0,6796,0,55,1
2670,89.0,1784217474.162,-1.7163111919836211,-3.2865425562672215,10.424650675772853,0.4219936056451426,-3.9281089919622048,-0.777866201775801,110,73,0.6636363636363637,26,0,0,6796,0,55,1
2671,89.03333333333333,1784217474.1953332,-1.8148175397376463,-2.927548206272135,9.986804997761013,0.47545330849361106,-3.7301087775558814,-0.8397694786386203,98,69,0.7040816326530612,28,0,0,6796,0,55,1
2672,89.06666666666666,1784217474.2286665,-3.652153276050253,0.05767473575461679,7.0553086765480515,1.2675328225092124,-1.867204877808155,-0.8478449653669411,110,79,0.7181818181818181,38,0,0,6796,0,55,1
2673,89.1,1784217474.2619998,-1.3701888212708422,-2.824045331598981,9.172869375564602,0.32688013184457987,-3.4900459089133316,-0.6015046201160534,112,76,0.6785714285714286,28,0,0,6796,0,55,1
2674,89.13333333333334,1784217474.2953334,-3.326766968752377,-1.58145939255661,8.063342451518508,1.245110080510616,-2.73471439060206,-0.7470360057095842,102,70,0.6862745098039216,16,0,0,6796,0,55,1
2675,89.16666666666667,1784217474.3286667,-2.240886201598588,-3.70879136541231,9.408017162616105,0.748051377025707,-3.869457778212386,-0.782601945416474,110,68,0.6181818181818182,37,0,0,6796,0,55,1
2676,89.2,1784217474.362,-1.2327172207529014,-2.7573546415108723,10.215090545978185,0.22766149867367713,-3.74197485473522,-0.614827203021588,100,68,0.68,25,0,0,6796,0,55,1
2677,89.23333333333333,1784217474.3953333,-3.0071529440915654,-3.5046741721790653,9.523664228320683,1.2226661598734383,-3.7786783075036046,-0.7658721976088235,106,69,0.6509433962264151,23,0,0,6796,0,55,1
2678,89.26666666666667,1784217474.4286666,-2.230739825733675,-2.173824672975897,10.107733787080463,0.65263528121083,-3.4695098079716162,-0.7334431009509869,111,78,0.7027027027027027,37,0,0,6796,0,55,1
2679,89.3,1784217474.462,-4.761099097981848,-1.9102181335634896,7.256196919424923,2.078815391319236,-2.592741311303662,-0.7184562642687656,100,72,0.72,30,0,0,6796,0,55,1
2680,89.33333333333333,1784217474.4953332,-1.3057099972066197,-3.0254880649309115,9.698060436608515,0.19660788090640166,-3.7062166425728416,-0.7217100313293495,108,78,0.7222222222222222,33,0,0,6796,0,55,1
2681,89.36666666666666,1784217474.5286665,-1.3299092548550018,-3.3998011745664343,10.608544147622212,0.22355967697613446,-4.042684732579162,-0.8616996458266806,112,71,0.6339285714285714,30,0,0,6796,0,55,1
2682,89.4,1784217474.562,-1.3335160885566868,-1.2929360901746634,8.38999250224552,0.21757991869842844,-2.800075432305491,-0.5176321003406942,100,63,0.63,34,0,0,6796,0,55,1
2683,89.43333333333334,1784217474.5953333,-0.8116395449341596,-3.281996583342078,9.490365378492356,-0.0663494333959624,-3.7663370670725436,-0.8373679413928105,113,68,0.6017699115044248,32,0,0,6796,0,55,1
2684,89.46666666666667,1784217474.6286666,-1.2100361739233811,-3.172592406648775,9.504409973608105,0.18097717616595366,-3.6725510602421343,-0.6922075037787392,106,74,0.6981132075471698,27,0,0,6796,0,55,1
2685,89.5,1784217474.662,-1.3158936656399067,-2.5889960540330463,9.834985325554996,0.2430989701463154,-3.6120474213913534,-0.784903404569901,105,74,0.7047619047619048,32,0,0,6796,0,55,1
2686,89.53333333333333,1784217474.6953332,-1.1456246358520712,-2.1945473334857013,9.57693120469989,0.35493498558914627,-3.401042804650529,-0.6541808380785755,103,69,0.6699029126213593,35,0,0,6796,0,55,1
2687,89.56666666666666,1784217474.7286665,-1.0667524493582246,-1.1356120588313274,7.264005314558673,0.525006049276586,-2.3856864663980084,-0.8674247678431034,92,57,0.6195652173913043,41,0,0,6796,0,55,1
2688,89.6,1784217474.7619998,-1.2607268100369602,-2.6127009776102312,8.023155600605136,1.0521202348283758,-3.184116242264182,-0.866049878769775,92,56,0.6086956521739131,47,0,0,6796,0,55,1
2689,89.63333333333334,1784217474.7953334,-1.9431533579862155,-0.7921759207910668,4.163824573851201,1.640533807669976,-1.4300870611885803,-1.1763920583605025,89,51,0.5730337078651685,47,0,0,6796,0,55,1
2690,89.66666666666667,1784217474.8286667,2.0878430745292675,0.17272554999277645,9.425558498847252,0.5569794764235328,-2.6884955108317383,-0.23824281965272132,75,44,0.5866666666666667,41,0,0,6796,0,55,1
2691,89.7,1784217474.862,-0.2279883808845753,-3.0433763017472586,11.939405656416369,2.039871891484821,-4.373799457282995,-0.8909433109784124,87,52,0.5977011494252874,37,0,0,6796,0,55,1
2692,89.73333333333333,1784217474.8953333,1.1812218574155864,-1.4200297377009434,8.866834758009745,1.8823373728331187,-3.0610298727672807,-0.6448221099815281,81,54,0.6666666666666666,35,0,0,6796,0,55,1
2693,89.76666666666667,1784217474.9286666,4.080311552913013,-0.9011711346284841,9.762605531026253,1.199818596634297,-3.2009589395369735,-0.4691321232880416,78,47,0.6025641025641025,49,0,0,6796,0,55,1
2694,89.8,1784217474.962,2.8287147817195404,-2.2187240332651896,9.257104328531526,2.538179289217793,-3.4847626572080643,-0.5021809701612171,80,47,0.5875,41,0,0,6796,0,55,1
2695,89.83333333333333,1784217474.9953332,6.276998476835816,-1.2324115799455342,8.742653093185197,1.0243898796862798,-3.1089361403814157,-0.5102208387347664,88,58,0.6590909090909091,43,0,0,6796,0,55,1
2696,89.86666666666666,1784217475.0286665,8.834231540492102,0.4134179827834714,7.215311991288971,-0.035997335488716864,-2.2248210169334066,-0.8570973040906134,79,47,0.5949367088607594,42,0,0,6796,0,55,1
2697,89.9,1784217475.062,7.64577790122721,-1.8460304805487056,7.730140985159693,1.0830245523719115,-3.093413303203889,-1.2584863656743963,70,39,0.5571428571428572,46,0,0,6796,0,55,1
2698,89.93333333333334,1784217475.0953333,10.014509675097182,-0.28903787477487697,8.647667315323105,0.6062573380954179,-2.8930292761305956,-0.6791238320599253,89,56,0.6292134831460674,44,0,0,6796,0,55,1
2699,89.96666666666667,1784217475.1286666,7.944835824340263,-2.2201785718172857,10.783276900929508,2.3113712404689752,-3.9834130613512495,-0.775952895196607,79,53,0.6708860759493671,43,0,0,6796,0,55,1
2700,90.0,1784217475.162,11.494687524051585,-2.4518465365595716,11.465362444677325,1.1487265861099298,-4.372900051915964,-0.7247887705286953,74,41,0.5540540540540541,48,0,0,6796,0,55,1
2701,90.03333333333333,1784217475.1953332,13.897655243052665,-0.2539748472040628,9.570680201215026,0.23673835516101024,-3.304395106537931,-0.8830352083219001,75,41,0.5466666666666666,43,0,0,6796,0,55,1
2702,90.06666666666666,1784217475.2286665,13.048565287153659,-1.1295896952342446,8.606729553861925,1.4002029073634255,-3.2397857746131815,-0.5052512445801943,73,43,0.589041095890411,53,0,0,6796,0,55,1
2703,90.1,1784217475.2619998,13.120054683346101,0.8754123516020513,3.5397699195693946,1.6911656664045527,-1.1604927411415569,-0.4835898402731755,71,44,0.6197183098591549,45,0,0,6796,0,55,1
2704,90.13333333333334,1784217475.2953334,14.207915839478384,-1.1633697259218536,8.788109699519168,1.930715335615379,-3.3579684707503366,-0.45821733988150554,71,41,0.5774647887323944,58,0,0,6796,0,55,1
2705,90.16666666666667,1784217475.3286667,16.11153321249193,0.8304999020317183,9.687407452276275,0.9547052229921341,-3.032060227061318,-1.1411447811048572,68,39,0.5735294117647058,60,0,0,6796,0,55,1
2706,90.2,1784217475.362,16.055064851576333,-1.4606569742189635,7.431137275727153,1.9251536289731348,-3.0821001528113476,-0.6653212151130838,76,45,0.5921052631578947,54,0,0,6796,0,55,1
2707,90.23333333333333,1784217475.3953333,16.08621911406297,1.4985219857859988,7.981743498687337,2.34543766296904,-2.2171813413500927,-0.7821969718482427,75,43,0.5733333333333334,54,0,0,6796,0,55,1
2708,90.26666666666667,1784217475.4286666,20.52447048393997,-0.8451032741431135,9.580436624207309,0.5246984474866359,-3.7829599175679673,-1.0393249625319858,71,42,0.5915492957746479,59,0,0,6796,0,55,1
2709,90.3,1784217475.462,19.73112890818356,-0.3180610131696966,7.021250147642533,1.7256687087955394,-2.715123985578694,-0.4779573233562497,72,44,0.6111111111111112,42,0,0,6796,0,55,1
2710,90.33333333333333,1784217475.4953332,17.389093690402007,0.6427001602792757,10.984340851752094,2.9670282413095275,-3.378244779819487,-1.3778491251746265,70,37,0.5285714285714286,53,0,0,6796,0,55,1
2711,90.36666666666666,1784217475.5286665,19.221777243675927,1.2040936276839744,8.46934226982026,2.808757388471864,-2.530230325018378,-1.050091564995214,75,47,0.6266666666666667,52,0,0,6796,0,55,1
2712,90.4,1784217475.562,22.548868792644424,0.3886366385606408,7.690652731111015,1.7953772830679742,-2.750633685510183,-0.6652720674844917,67,48,0.7164179104477612,75,0,0,6796,0,55,1
2713,90.43333333333334,1784217475.5953333,18.872641935138432,1.7821491881760778,7.6982865322912915,3.788635176583383,-2.10275972271542,-1.2560588604172247,71,48,0.676056338028169,52,0,0,6796,0,55,1
2714,90.46666666666667,1784217475.6286666,25.200203115825843,0.5099628672821552,11.244339935121417,1.7307965009257804,-3.7306175570480278,-0.5482499821280399,67,45,0.6716417910447762,59,0,0,6796,0,55,1
2715,90.5,1784217475.662,27.25803951341975,0.7834027431111252,8.668274087903626,1.2091234226779786,-3.090622245385814,-0.44317288246542685,66,41,0.6212121212121212,58,0,0,6796,0,55,1
2716,90.53333333333333,1784217475.6953332,27.10190181940789,1.4874260100582433,10.136686609455111,1.7428327804583204,-3.193913351486247,-0.7559469505669361,69,47,0.6811594202898551,52,0,0,6796,0,55,1
2717,90.56666666666666,1784217475.7286665,26.178751897668707,1.8854004521093088,5.359661329670644,2.2422606408447896,-1.705154046699862,-0.9752263501108659,73,42,0.5753424657534246,45,0,0,6796,0,55,1
2718,90.6,1784217475.7619998,27.01003098469301,1.0996797997057826,9.274490313740387,2.5034554596817746,-3.0539360523203585,-1.006336738122169,66,38,0.5757575757575758,55,0,0,6796,0,55,1
2719,90.63333333333334,1784217475.7953334,30.921759365699934,-0.14524314483564638,11.217653675943723,1.5976064495398072,-4.110950652946645,-0.5224790497770495,68,43,0.6323529411764706,38,0,0,6796,0,55,1
2720,90.66666666666667,1784217475.8286667,28.98988119800593,2.084228406579413,7.887932373755859,2.6979818525355332,-2.376505632201273,-0.8148952790388713,64,35,0.546875,50,0,0,6796,0,55,1
2721,90.7,1784217475.862,34.31013039805619,5.044863562347018,6.573568840372104,0.3963332245143176,-1.4861632010366428,-0.8178502842480289,61,39,0.639344262295082,53,0,0,6796,0,55,1
2722,90.73333333333333,1784217475.8953333,29.536731253423046,3.4088160631854976,7.474755370252751,2.971836141909309,-1.8755914090674795,-1.530565880071143,65,38,0.5846153846153846,45,0,0,6796,0,55,1
2723,90.76666666666667,1784217475.9286666,36.357301882157685,4.112981146421603,4.336679144853932,0.9840083152053611,-0.9599184598664503,0.25019116081951337,66,35,0.5303030303030303,51,0,0,6796,0,55,1
2724,90.8,1784217475.962,35.13341121470724,4.402860380824691,7.965846930607071,1.6472393534267284,-1.90361094077783,-0.8222958415388444,67,47,0.7014925373134329,48,0,0,6796,0,55,1
2725,90.83333333333333,1784217475.9953332,34.39124108187252,4.833266355383486,7.848920487719425,2.435612090944686,-1.6254460610336696,-1.0996146756994059,63,42,0.6666666666666666,50,0,0,6796,0,55,1
2726,90.86666666666666,1784217476.0286665,36.0645062853889,3.223190771650323,7.822332592396762,2.279931370814648,-2.2052593686712316,-0.7997082241500373,62,34,0.5483870967741935,40,0,0,6796,0,55,1
2727,90.9,1784217476.062,37.062485056632696,6.182131813375776,4.365470409213259,1.707871304972775,-0.4600964758768889,-1.328835076531313,56,35,0.625,37,0,0,6796,0,55,1
2728,90.93333333333334,1784217476.0953333,40.31867512703077,3.5809862642288977,6.778713993409198,1.2100717550363176,-2.036373905800979,-0.658623627727919,59,41,0.6949152542372882,56,0,0,6796,0,55,1
2729,90.96666666666667,1784217476.1286666,40.3895918183554,4.084376874818929,3.7427360339623164,1.0789078896835749,-1.1231769702062548,-1.0641399535406624,64,34,0.53125,57,0,0,6796,0,55,1
2730,91.0,1784217476.162,41.18084238198493,4.467112121886103,8.616394490372159,1.60694860996454,-2.3222768348027447,-1.329854147947625,59,39,0.6610169491525424,47,0,0,6796,0,55,1
2731,91.03333333333333,1784217476.1953332,42.517208792374205,5.141730391900893,5.736813758732566,1.2634283408809228,-1.3951083213145665,-1.126984424956256,54,35,0.6481481481481481,52,0,0,6796,0,55,1
2732,91.06666666666666,1784217476.2286665,45.45787830546634,5.771747757546009,5.446796162634854,0.1517732531063937,-1.5111665924833313,-1.3457951152746779,61,24,0.39344262295081966,59,0,0,6796,0,55,1
2733,91.1,1784217476.2619998,44.27057513594714,4.881794793304209,8.628040946783912,1.7081804856980103,-2.228073239883047,-1.133876355662342,51,28,0.5490196078431373,44,0,0,6796,0,55,1
2734,91.13333333333334,1784217476.2953334,47.47454616194352,4.375415427619913,9.054015703725824,0.9351611914028154,-2.6380286026225095,-0.702315396183192,54,39,0.7222222222222222,68,0,0,6796,0,55,1
2735,91.16666666666667,1784217476.3286667,47.18653447800379,5.706578763389956,8.394661823594745,1.3348343830529716,-2.0578299579003017,-1.1764060481559497,61,32,0.5245901639344263,55,0,0,6796,0,55,1
2736,91.2,1784217476.362,46.03791332745692,5.814872723554458,7.9412043886851365,2.301561686729768,-1.7059552422503248,-1.2139758059827517,51,36,0.7058823529411765,45,0,0,6796,0,55,1
2737,91.23333333333333,1784217476.3953333,46.68291633005195,7.318448997444548,11.651057730920456,2.4155713548928506,-2.42805582950419,-2.0255998966817668,47,25,0.5319148936170213,60,0,0,6796,0,55,1
2738,91.26666666666667,1784217476.4286666,50.5161638482672,4.244281235064463,12.713866264720792,1.4446685820169767,-3.8237364962503375,-1.4415594776029672,50,30,0.6,57,0,0,6796,0,55,1
2739,91.3,1784217476.462,49.099763048235204,6.87654817977689,6.8061732282659335,2.2545151052418952,-1.1143671312054226,-1.2350781652027285,51,31,0.6078431372549019,52,0,0,6796,0,55,1
2740,91.33333333333333,1784217476.4953332,50.862581926084886,5.286678940002034,3.9368485168801186,1.5654376037307136,-1.0252927636384916,-1.0440171600280712,48,27,0.5625,66,0,0,6796,0,55,1
2741,91.36666666666666,1784217476.5286665,54.13095707514515,9.167897770246057,6.945435086926352,0.954182100877146,-0.8733699119027971,-1.217508929392703,45,25,0.5555555555555556,74,0,0,6796,0,55,1
2742,91.4,1784217476.562,55.49662270132329,5.964548051493708,10.147898207350025,1.0891099755554927,-2.7380016978647808,-1.0812318755227355,50,34,0.68,60,0,0,6796,0,55,1
2743,91.43333333333334,1784217476.5953333,55.355884745281315,8.710979428052653,3.34166996153526,1.2408961820749005,0.23748317419691325,-0.5011710458984769,49,20,0.40816326530612246,66,0,0,6796,0,55,1
2744,91.46666666666667,1784217476.6286666,50.35234081471492,12.118646505833766,6.566046499086582,4.181750652753895,0.9883364747709389,-1.467003675444811,46,26,0.5652173913043478,71,0,0,6796,0,55,1
2745,91.5,1784217476.662,53.54065351148182,5.127423426537931,7.8352293325606865,2.3917114126629846,-2.437346264298054,-2.2685065742075734,42,20,0.47619047619047616,71,0,0,6796,0,55,1
2746,91.53333333333333,1784217476.6953332,53.27112902481383,6.073513510467933,5.003179397639826,3.5766766384022404,-0.5980439842999443,-0.9325440991384819,43,25,0.5813953488372093,95,0,0,6796,0,55,1
2747,91.56666666666666,1784217476.7286665,nan,nan,nan,nan,nan,nan,38,13,0.34210526315789475,63,0,0,6796,0,55,0
2748,91.6,1784217476.7619998,63.79166992540429,6.8338438856760035,2.999828898287319,-0.7124731115190671,-1.131878269902788,-0.8326242567194039,40,20,0.5,90,0,0,6796,0,55,1
2749,91.63333333333334,1784217476.7953334,nan,nan,nan,nan,nan,nan,41,5,0.12195121951219512,71,0,0,6796,0,55,0
2750,91.66666666666667,1784217476.8286667,nan,nan,nan,nan,nan,nan,38,12,0.3157894736842105,74,0,0,6796,0,55,0
2751,91.7,1784217476.862,nan,nan,nan,nan,nan,nan,40,16,0.4,67,0,0,6796,0,55,0
2752,91.73333333333333,1784217476.8953333,nan,nan,nan,nan,nan,nan,39,14,0.358974358974359,79,0,0,6796,0,55,0
2753,91.76666666666667,1784217476.9286666,nan,nan,nan,nan,nan,nan,26,0,nan,64,0,0,6796,0,55,0
2754,91.8,1784217476.962,nan,nan,nan,nan,nan,nan,33,7,0.21212121212121213,77,0,0,6796,0,55,0
2755,91.83333333333333,1784217476.9953332,nan,nan,nan,nan,nan,nan,31,6,0.1935483870967742,89,0,0,6796,0,55,0
2756,91.86666666666666,1784217477.0286665,nan,nan,nan,nan,nan,nan,30,0,0.0,63,0,0,6796,0,55,0
2757,91.9,1784217477.062,nan,nan,nan,nan,nan,nan,25,0,nan,59,0,0,6796,0,55,0
2758,91.93333333333334,1784217477.0953333,nan,nan,nan,nan,nan,nan,36,0,0.0,66,0,0,6796,0,55,0
2759,91.96666666666667,1784217477.1286666,nan,nan,nan,nan,nan,nan,33,0,0.0,60,0,0,6796,0,55,0
2760,92.0,1784217477.162,nan,nan,nan,nan,nan,nan,32,0,0.0,53,0,0,6796,0,55,0
2761,92.03333333333333,1784217477.1953332,nan,nan,nan,nan,nan,nan,27,0,nan,71,0,0,6796,0,55,0
2762,92.06666666666666,1784217477.2286665,nan,nan,nan,nan,nan,nan,29,0,nan,67,0,0,6796,0,55,0
2763,92.1,1784217477.2619998,nan,nan,nan,nan,nan,nan,25,0,nan,61,0,0,6796,0,55,0
2764,92.13333333333334,1784217477.2953334,nan,nan,nan,nan,nan,nan,26,0,nan,77,0,0,6796,0,55,0
2765,92.16666666666667,1784217477.3286667,nan,nan,nan,nan,nan,nan,30,0,0.0,59,0,0,6796,0,55,0
2766,92.2,1784217477.362,nan,nan,nan,nan,nan,nan,23,0,nan,73,0,0,6796,0,55,0
2767,92.23333333333333,1784217477.3953333,nan,nan,nan,nan,nan,nan,26,0,nan,58,0,0,6796,0,55,0
2768,92.26666666666667,1784217477.4286666,nan,nan,nan,nan,nan,nan,20,0,nan,61,0,0,6796,0,55,0
2769,92.3,1784217477.462,nan,nan,nan,nan,nan,nan,29,0,nan,66,0,0,6796,0,55,0
2770,92.33333333333333,1784217477.4953332,nan,nan,nan,nan,nan,nan,19,0,nan,91,0,0,6796,0,55,0
2771,92.36666666666666,1784217477.5286665,nan,nan,nan,nan,nan,nan,30,0,0.0,72,0,0,6796,0,55,0
2772,92.4,1784217477.562,nan,nan,nan,nan,nan,nan,31,0,0.0,62,0,0,6796,0,55,0
2773,92.43333333333334,1784217477.5953333,nan,nan,nan,nan,nan,nan,21,0,nan,53,0,0,6796,0,55,0
2774,92.46666666666667,1784217477.6286666,nan,nan,nan,nan,nan,nan,30,0,0.0,61,0,0,6796,0,55,0
2775,92.5,1784217477.662,nan,nan,nan,nan,nan,nan,31,0,0.0,70,0,0,6796,0,55,0
2776,92.53333333333333,1784217477.6953332,nan,nan,nan,nan,nan,nan,25,0,nan,90,0,0,6796,0,55,0
2777,92.56666666666666,1784217477.7286665,nan,nan,nan,nan,nan,nan,30,0,0.0,71,0,0,6796,0,55,0
2778,92.6,1784217477.7619998,nan,nan,nan,nan,nan,nan,21,0,nan,92,0,0,6796,0,55,0
2779,92.63333333333334,1784217477.7953334,nan,nan,nan,nan,nan,nan,15,0,nan,76,0,0,6796,0,55,0
2780,92.66666666666667,1784217477.8286667,nan,nan,nan,nan,nan,nan,23,0,nan,92,0,0,6796,0,55,0
2781,92.7,1784217477.862,nan,nan,nan,nan,nan,nan,23,0,nan,94,0,0,6796,0,55,0
2782,92.73333333333333,1784217477.8953333,nan,nan,nan,nan,nan,nan,18,0,nan,100,0,0,6796,0,55,0
2783,92.76666666666667,1784217477.9286666,nan,nan,nan,nan,nan,nan,22,0,nan,126,0,0,6796,0,55,0
2784,92.8,1784217477.962,nan,nan,nan,nan,nan,nan,29,0,nan,112,0,0,6796,0,55,0
2785,92.83333333333333,1784217477.9953332,nan,nan,nan,nan,nan,nan,23,0,nan,116,0,0,6796,0,55,0
2786,92.86666666666666,1784217478.0286665,nan,nan,nan,nan,nan,nan,26,0,nan,90,0,0,6796,0,55,0
2787,92.9,1784217478.062,nan,nan,nan,nan,nan,nan,27,0,nan,80,0,0,6796,0,55,0
2788,92.93333333333334,1784217478.0953333,nan,nan,nan,nan,nan,nan,20,0,nan,96,0,0,6796,0,55,0
2789,92.96666666666667,1784217478.1286666,nan,nan,nan,nan,nan,nan,42,0,0.0,85,0,0,6796,0,55,0
2790,93.0,1784217478.162,nan,nan,nan,nan,nan,nan,31,6,0.1935483870967742,90,0,0,6796,0,55,0
2791,93.03333333333333,1784217478.1953332,nan,nan,nan,nan,nan,nan,29,0,nan,87,0,0,6796,0,55,0
2792,93.06666666666666,1784217478.2286665,nan,nan,nan,nan,nan,nan,28,0,nan,86,0,0,6796,0,55,0
2793,93.1,1784217478.2619998,nan,nan,nan,nan,nan,nan,25,0,nan,80,0,0,6796,0,55,0
2794,93.13333333333334,1784217478.2953334,nan,nan,nan,nan,nan,nan,21,0,nan,88,0,0,6796,0,55,0
2795,93.16666666666667,1784217478.3286667,nan,nan,nan,nan,nan,nan,21,0,nan,106,0,0,6796,0,55,0
2796,93.2,1784217478.362,nan,nan,nan,nan,nan,nan,31,0,0.0,91,0,0,6796,0,55,0
2797,93.23333333333333,1784217478.3953333,nan,nan,nan,nan,nan,nan,35,0,0.0,91,0,0,6796,0,55,0
2798,93.26666666666667,1784217478.4286666,nan,nan,nan,nan,nan,nan,27,0,nan,92,0,0,6796,0,55,0
2799,93.3,1784217478.462,nan,nan,nan,nan,nan,nan,30,0,0.0,135,0,0,6796,0,55,0
2800,93.33333333333333,1784217478.4953332,nan,nan,nan,nan,nan,nan,15,0,nan,120,0,0,6796,0,55,0
2801,93.36666666666666,1784217478.5286665,nan,nan,nan,nan,nan,nan,21,0,nan,126,0,0,6796,0,55,0
2802,93.4,1784217478.562,nan,nan,nan,nan,nan,nan,27,0,nan,114,0,0,6796,0,55,0
2803,93.43333333333334,1784217478.5953333,nan,nan,nan,nan,nan,nan,23,0,nan,104,0,0,6796,0,55,0
2804,93.46666666666667,1784217478.6286666,nan,nan,nan,nan,nan,nan,24,0,nan,99,0,0,6796,0,55,0
2805,93.5,1784217478.662,nan,nan,nan,nan,nan,nan,21,0,nan,118,0,0,6796,0,55,0
2806,93.53333333333333,1784217478.6953332,nan,nan,nan,nan,nan,nan,19,0,nan,118,0,0,6796,0,55,0
2807,93.56666666666666,1784217478.7286665,nan,nan,nan,nan,nan,nan,17,0,nan,104,0,0,6796,0,55,0
2808,93.6,1784217478.7619998,nan,nan,nan,nan,nan,nan,31,0,0.0,104,0,0,6796,0,55,0
2809,93.63333333333334,1784217478.7953334,nan,nan,nan,nan,nan,nan,30,0,0.0,112,0,0,6796,0,55,0
2810,93.66666666666667,1784217478.8286667,nan,nan,nan,nan,nan,nan,22,0,nan,117,0,0,6796,0,55,0
2811,93.7,1784217478.862,nan,nan,nan,nan,nan,nan,17,0,nan,123,0,0,6796,0,55,0
2812,93.73333333333333,1784217478.8953333,nan,nan,nan,nan,nan,nan,21,0,nan,126,0,0,6796,0,55,0
2813,93.76666666666667,1784217478.9286666,nan,nan,nan,nan,nan,nan,21,0,nan,108,0,0,6796,0,55,0
2814,93.8,1784217478.962,nan,nan,nan,nan,nan,nan,20,0,nan,130,0,0,6796,0,55,0
2815,93.83333333333333,1784217478.9953332,nan,nan,nan,nan,nan,nan,10,0,nan,152,0,0,6796,0,55,0
2816,93.86666666666666,1784217479.0286665,nan,nan,nan,nan,nan,nan,25,0,nan,127,0,0,6796,0,55,0
2817,93.9,1784217479.062,nan,nan,nan,nan,nan,nan,19,0,nan,129,0,0,6796,0,55,0
2818,93.93333333333334,1784217479.0953333,nan,nan,nan,nan,nan,nan,17,0,nan,136,0,0,6796,0,55,0
2819,93.96666666666667,1784217479.1286666,nan,nan,nan,nan,nan,nan,24,0,nan,118,0,0,6796,0,55,0
2820,94.0,1784217479.162,nan,nan,nan,nan,nan,nan,22,0,nan,118,0,0,6796,0,55,0
2821,94.03333333333333,1784217479.1953332,nan,nan,nan,nan,nan,nan,16,0,nan,137,0,0,6796,0,55,0
2822,94.06666666666666,1784217479.2286665,nan,nan,nan,nan,nan,nan,28,0,nan,96,0,0,6796,0,55,0
2823,94.1,1784217479.2619998,nan,nan,nan,nan,nan,nan,20,0,nan,142,0,0,6796,0,55,0
2824,94.13333333333334,1784217479.2953334,nan,nan,nan,nan,nan,nan,30,0,0.0,131,0,0,6796,0,55,0
2825,94.16666666666667,1784217479.3286667,nan,nan,nan,nan,nan,nan,25,0,nan,121,0,0,6796,0,55,0
2826,94.2,1784217479.362,nan,nan,nan,nan,nan,nan,34,0,0.0,120,0,0,6796,0,55,0
2827,94.23333333333333,1784217479.3953333,nan,nan,nan,nan,nan,nan,25,0,nan,132,0,0,6796,0,55,0
2828,94.26666666666667,1784217479.4286666,nan,nan,nan,nan,nan,nan,42,0,0.0,76,0,0,6796,0,55,0
2829,94.3,1784217479.462,nan,nan,nan,nan,nan,nan,27,0,nan,117,0,0,6796,0,55,0
2830,94.33333333333333,1784217479.4953332,nan,nan,nan,nan,nan,nan,18,0,nan,133,0,0,6796,0,55,0
2831,94.36666666666666,1784217479.5286665,nan,nan,nan,nan,nan,nan,19,0,nan,138,0,0,6796,0,55,0
2832,94.4,1784217479.562,nan,nan,nan,nan,nan,nan,24,0,nan,121,0,0,6796,0,55,0
2833,94.43333333333334,1784217479.5953333,nan,nan,nan,nan,nan,nan,31,0,0.0,131,0,0,6796,0,55,0
2834,94.46666666666667,1784217479.6286666,nan,nan,nan,nan,nan,nan,26,0,nan,150,0,0,6796,0,55,0
2835,94.5,1784217479.662,nan,nan,nan,nan,nan,nan,13,0,nan,172,0,0,6796,0,55,0
2836,94.53333333333333,1784217479.6953332,nan,nan,nan,nan,nan,nan,22,0,nan,167,0,0,6796,0,55,0
2837,94.56666666666666,1784217479.7286665,nan,nan,nan,nan,nan,nan,29,0,nan,214,0,0,6796,0,55,0
2838,94.6,1784217479.7619998,nan,nan,nan,nan,nan,nan,16,0,nan,282,0,0,6796,0,55,0
2839,94.63333333333334,1784217479.7953334,nan,nan,nan,nan,nan,nan,19,0,nan,268,0,0,6796,0,55,0
2840,94.66666666666667,1784217479.8286667,nan,nan,nan,nan,nan,nan,23,0,nan,238,0,0,6796,0,55,0
2841,94.7,1784217479.862,nan,nan,nan,nan,nan,nan,24,0,nan,223,0,0,6796,0,55,0
2842,94.73333333333333,1784217479.8953333,nan,nan,nan,nan,nan,nan,23,0,nan,227,0,0,6796,0,55,0
2843,94.76666666666667,1784217479.9286666,nan,nan,nan,nan,nan,nan,32,7,0.21875,266,0,0,6796,0,55,0
2844,94.8,1784217479.962,nan,nan,nan,nan,nan,nan,26,0,nan,279,0,0,6796,0,55,0
2845,94.83333333333333,1784217479.9953332,nan,nan,nan,nan,nan,nan,35,5,0.14285714285714285,189,0,0,6796,0,55,0
2846,94.86666666666666,1784217480.0286665,nan,nan,nan,nan,nan,nan,34,7,0.20588235294117646,163,0,0,6796,0,55,0
2847,94.9,1784217480.062,nan,nan,nan,nan,nan,nan,32,13,0.40625,164,0,0,6796,0,55,0
2848,94.93333333333334,1784217480.0953333,nan,nan,nan,nan,nan,nan,40,13,0.325,207,0,0,6796,0,55,0
2849,94.96666666666667,1784217480.1286666,61.31894826847035,6.707835497707151,10.94951091381003,2.534387630619656,-2.5750790062981084,-1.2206333098682574,35,20,0.5714285714285714,175,11,164,6960,1,56,1
2850,95.0,1784217480.162,60.222493163381685,6.89273012806791,11.346392185432165,2.9241848968378776,-2.374678792279903,-0.806364878530907,109,62,0.5688073394495413,100,5,95,7055,1,57,1
2851,95.03333333333333,1784217480.1953332,67.51810478976279,4.634573674497645,10.476540782633933,-0.9168167228179768,-3.9802678112650307,-0.3574688201143383,116,39,0.33620689655172414,79,0,0,7055,0,57,1
2852,95.06666666666666,1784217480.2286665,62.674997535601236,5.434530402580265,10.967121513737581,0.7514929818223726,-3.378810035587743,-0.6812878467978197,115,36,0.3130434782608696,90,0,0,7055,0,57,1
2853,95.1,1784217480.2619998,53.07251663930782,7.018554859364258,9.638752070645381,4.288256624455578,-1.523738057576326,-1.250631939446284,108,38,0.35185185185185186,120,0,0,7055,0,57,1
2854,95.13333333333334,1784217480.2953334,56.0662321185778,6.874300775954893,7.160318190090138,2.7694131104395803,-1.0983409822733186,-0.28723760584686653,118,29,0.2457627118644068,118,0,0,7055,0,57,1
2855,95.16666666666667,1784217480.3286667,60.96758466782602,4.841516445527972,9.716444328714076,0.09925892205461392,-3.2308253026535,-0.3691814455693797,131,55,0.4198473282442748,144,0,0,7055,0,57,1
2856,95.2,1784217480.362,57.98224977656301,3.0235764551419066,10.15275184917941,0.8145883146113001,-3.8030848708476768,-0.8476955600896494,97,28,0.28865979381443296,129,0,0,7055,0,57,1
2857,95.23333333333333,1784217480.3953333,55.07253950334619,4.73469834352953,9.249187838373274,1.8380613391839629,-2.6189750583272335,-0.625159816370109,100,38,0.38,123,0,0,7055,0,57,1
2858,95.26666666666667,1784217480.4286666,55.41093953463562,3.6249811553413593,11.052966004677472,1.5678122463785302,-3.3870355021920138,-0.1332183292056925,114,48,0.42105263157894735,131,0,0,7055,0,57,1
2859,95.3,1784217480.462,56.193255841000976,4.691565376405521,9.742198963208011,0.42000991990767483,-3.054301467226572,-0.4625287596847328,126,59,0.46825396825396826,109,0,0,7055,0,57,1
2860,95.33333333333333,1784217480.4953332,53.0243990785515,4.225627270442075,11.112979455087242,1.7327521019035477,-3.1343145279524527,-0.3186217210773327,136,62,0.45588235294117646,109,0,0,7055,0,57,1
2861,95.36666666666666,1784217480.5286665,55.98298278022473,3.2171687858946996,10.650888883615565,-0.0018979380167981495,-3.701693296645247,0.1252554312513956,122,65,0.5327868852459017,88,0,0,7055,0,57,1
2862,95.4,1784217480.562,47.29609170309487,6.054633111560165,9.435291704157649,2.7832434261498666,-1.9595720196403372,-1.1930885492407979,100,56,0.56,78,0,0,7055,0,57,1
2863,95.43333333333334,1784217480.5953333,50.02964529076415,3.1816527329188915,10.8042398877882,1.4764677666055104,-3.4358056138216266,-0.3134458624574682,116,64,0.5517241379310345,77,0,0,7055,0,57,1
2864,95.46666666666667,1784217480.6286666,46.11585275035229,3.6637706269070662,12.228750900842897,2.910302117538702,-3.2800872459351567,-0.6612220634352451,99,47,0.47474747474747475,70,0,0,7055,0,57,1
2865,95.5,1784217480.662,47.095403113210395,3.923510240327076,10.055785965437309,1.4712731666332644,-3.030390730364364,-0.8884738495751368,118,62,0.5254237288135594,78,0,0,7055,0,57,1
2866,95.53333333333333,1784217480.6953332,44.184888909146736,4.668079924369067,9.435417206548394,2.205274759604744,-2.4701966671479063,-1.134704584326271,115,44,0.3826086956521739,85,0,0,7055,0,57,1
2867,95.56666666666666,1784217480.7286665,33.56027496420762,3.8585399741238007,12.750556386613397,7.475990413128354,-2.5061819057120633,-1.019304093444597,99,41,0.41414141414141414,65,0,0,7055,0,57,1
2868,95.6,1784217480.7619998,44.2523659829674,3.5557916024579157,9.786001749313044,1.5987397202774332,-2.8740555782613826,-0.5108287255660816,112,57,0.5089285714285714,72,0,0,7055,0,57,1
2869,95.63333333333334,1784217480.7953334,43.995837955110076,2.986321750591742,9.849840241546445,1.27101086599923,-3.1072970300745073,-0.36095439033367926,100,48,0.48,69,0,0,7055,0,57,1
2870,95.66666666666667,1784217480.8286667,44.257689124309536,2.0966119904514073,9.594368589119227,-0.15932051080913945,-3.8178354407142523,-1.4139562997980186,109,41,0.3761467889908257,78,0,0,7055,0,57,1
2871,95.7,1784217480.862,38.603288244982544,4.245155226120858,6.350254332923598,2.2752944396972357,-1.5668071832693107,-1.0705954977924939,101,49,0.48514851485148514,66,0,0,7055,0,57,1
2872,95.73333333333333,1784217480.8953333,40.51080396775508,1.6497430143181333,11.340710479668473,1.4722279483313225,-3.7898174911148628,-0.36222831855356385,111,53,0.4774774774774775,77,0,0,7055,0,57,1
2873,95.76666666666667,1784217480.9286666,40.66919682599381,2.534167722334118,10.176137259360814,0.591260891318178,-3.430098372394414,-0.6857284660247459,115,52,0.45217391304347826,100,0,0,7055,0,57,1
2874,95.8,1784217480.962,39.96998485134658,1.82591691931124,11.329890153106902,0.6483059221043227,-3.8485094202132277,-0.47727671684729295,119,54,0.453781512605042,82,0,0,7055,0,57,1
2875,95.83333333333333,1784217480.9953332,32.531565037037616,2.592567825982215,11.469505085144831,3.938799840093228,-3.0196703757549495,-0.719930560650365,106,50,0.4716981132075472,73,0,0,7055,0,57,1
2876,95.86666666666666,1784217481.0286665,33.69855399582252,3.1013853728642147,7.337306846050694,2.3867286275793638,-2.062409520139028,-0.8710688872825311,118,48,0.4067796610169492,68,0,0,7055,0,57,1
2877,95.9,1784217481.062,30.849123008515225,4.38808416568682,8.352455672657612,2.86601625558358,-1.8446340930624858,-1.6050720723521423,100,43,0.43,53,0,0,7055,0,57,1
2878,95.93333333333334,1784217481.0953333,33.03862149483126,2.9843976948707365,9.516109127179917,1.7912297478315269,-2.702423987032779,-0.9592972491592056,101,55,0.5445544554455446,73,0,0,7055,0,57,1
2879,95.96666666666667,1784217481.1286666,31.01373733166975,4.224327839030295,3.1586984932130093,1.7765240197357617,-0.49085135893549486,-0.8660896769554136,101,55,0.5445544554455446,74,0,0,7055,0,57,1
2880,96.0,1784217481.162,28.896690100653952,3.2328984669120473,8.864821850414685,2.6579883121457897,-2.261198574886751,-1.1536849816300927,113,62,0.5486725663716814,55,0,0,7055,0,57,1
2881,96.03333333333333,1784217481.1953332,28.375151356525436,2.3462120229625896,10.514356881074974,3.0812749580425653,-2.872303031575602,-0.38901880155224916,101,44,0.43564356435643564,64,0,0,7055,0,57,1
2882,96.06666666666666,1784217481.2286665,29.264864879482698,3.1408744837921176,0.4499049913064823,0.8073877666274385,-0.1387882130070984,-0.9059684864095207,106,49,0.46226415094339623,60,0,0,7055,0,57,1
2883,96.1,1784217481.2619998,23.70159838588934,3.2243126778214304,9.417117665196088,3.793666975551904,-2.0781859666908655,-1.224380115063042,104,34,0.3269230769230769,65,0,0,7055,0,57,1
2884,96.13333333333334,1784217481.2953334,26.150539551352523,2.242149756852072,9.161560575204817,1.8076155024743243,-2.6909736642292055,-1.2826991603241973,110,60,0.5454545454545454,67,0,0,7055,0,57,1
2885,96.16666666666667,1784217481.3286667,21.262777903527915,2.7683458772228846,8.878802280975776,3.9713844493733523,-2.0591745237820427,-1.0458079340179602,100,39,0.39,60,0,0,7055,0,57,1
2886,96.2,1784217481.362,23.641492788034963,1.2277676354951552,7.249115266063754,2.343733537804964,-2.354125289922273,-0.5842150007184836,93,47,0.5053763440860215,63,0,0,7055,0,57,1
2887,96.23333333333333,1784217481.3953333,23.85634052807139,1.4759900676586,7.535325742987808,1.5599712868131215,-2.376021828263762,-0.8985534504057099,89,44,0.4943820224719101,56,0,0,7055,0,57,1
2888,96.26666666666667,1784217481.4286666,22.883432880799454,-0.30581408399972076,10.559103610600104,1.4833674694788765,-3.8296177108385803,-1.1309548972247594,90,49,0.5444444444444444,54,0,0,7055,0,57,1
2889,96.3,1784217481.462,20.055358520005775,-0.21195477942885077,11.114694242300658,2.731359836509566,-3.727496790256144,-0.6906819219689918,88,49,0.5568181818181818,48,0,0,7055,0,57,1
2890,96.33333333333333,1784217481.4953332,18.019710622750754,0.89787285396541,9.565517230210617,2.8961603974864043,-2.9134779390228855,-0.8299708415293716,91,53,0.5824175824175825,64,0,0,7055,0,57,1
2891,96.36666666666666,1784217481.5286665,14.669287582537553,1.624086544268863,8.534674626751709,4.2041316738218715,-2.2101139517100408,-0.8258451116752751,96,45,0.46875,54,0,0,7055,0,57,1
2892,96.4,1784217481.562,18.675950914165824,0.7145648204259913,9.515383893410231,1.6020320874840506,-3.0125509988773422,-0.918901441393522,85,45,0.5294117647058824,49,0,0,7055,0,57,1
2893,96.43333333333334,1784217481.5953333,18.95425694207872,-1.1628955621299895,8.56742978802967,1.2974540266773773,-3.4094885294074895,-0.49604472760602253,98,52,0.5306122448979592,62,0,0,7055,0,57,1
2894,96.46666666666667,1784217481.6286666,16.811942688226228,1.9394281150492532,3.3300549694702966,1.5360346527907556,-0.8284213035612377,-0.45833396805207205,83,50,0.6024096385542169,47,0,0,7055,0,57,1
2895,96.5,1784217481.662,12.224256733303406,0.2634141846391884,9.25229387458971,2.955124313654818,-2.8861438158337016,-1.3802067037485608,103,51,0.49514563106796117,59,0,0,7055,0,57,1
2896,96.53333333333333,1784217481.6953332,14.834445026328428,-0.06867224877510125,8.705401876074376,1.7358781200190199,-2.974240497633914,-0.4038024672278743,84,42,0.5,63,0,0,7055,0,57,1
2897,96.56666666666666,1784217481.7286665,16.306406837993176,1.2016105077202042,4.248209848898284,0.5862644648301443,-1.3389508908420966,0.0822279175331691,84,47,0.5595238095238095,59,0,0,7055,0,57,1
2898,96.6,1784217481.7619998,12.853478422722162,0.7083591994078375,8.20466369258854,1.4299666003405214,-2.509896844811866,-0.6610350347800722,87,44,0.5057471264367817,52,0,0,7055,0,57,1
2899,96.63333333333334,1784217481.7953334,11.603224836669543,1.2464908817649984,2.0330451799932234,1.700292227089816,-0.5370622657135535,-0.33346742171259935,88,37,0.42045454545454547,59,0,0,7055,0,57,1
2900,96.66666666666667,1784217481.8286667,8.829901922062788,-0.3189035785942025,8.032021109939251,2.003159563245734,-2.680789313024532,-1.3720982818038896,87,41,0.47126436781609193,72,0,0,7055,0,57,1
2901,96.7,1784217481.862,11.499673969458028,1.0277789045058796,1.7890976535636867,0.7477002540577402,-0.5597471622903042,-0.10636117181001983,99,44,0.4444444444444444,44,0,0,7055,0,57,1
2902,96.73333333333333,1784217481.8953333,11.25831509465473,-0.04426443983327033,7.920118369287096,0.44859477690471944,-2.653153682012561,-0.17113182810768515,102,51,0.5,55,0,0,7055,0,57,1
2903,96.76666666666667,1784217481.9286666,10.319721893533814,-1.222520187920864,6.98217268653498,0.12186778347670862,-2.749569898882316,-0.5350484051442729,85,45,0.5294117647058824,35,0,0,7055,0,57,1
2904,96.8,1784217481.962,6.42659310572485,-1.37719237594888,10.288602403395998,1.5986991518722848,-3.523613806241092,-0.7512158979797822,93,40,0.43010752688172044,43,0,0,7055,0,57,1
2905,96.83333333333333,1784217481.9953332,6.082821018161928,-1.9934958013865014,9.902940139562702,1.0391351294635438,-3.704646838746923,-1.0224938077327193,84,46,0.5476190476190477,45,0,0,7055,0,57,1
2906,96.86666666666666,1784217482.0286665,4.164377443131388,-1.808927864085561,9.301069897806869,1.5112929260332837,-3.375149513013112,-0.9232834329461174,83,47,0.5662650602409639,50,0,0,7055,0,57,1
2907,96.9,1784217482.062,3.330044512996839,-0.781123297330538,7.621079428375268,1.4820350331737489,-2.5412942625526993,-0.6352900384836206,88,49,0.5568181818181818,57,0,0,7055,0,57,1
2908,96.93333333333334,1784217482.0953333,9.011824366468124,-0.34762487596171354,3.35565236409613,-1.2729577573395807,-1.3898424566864207,0.4275001120310115,87,40,0.45977011494252873,48,0,0,7055,0,57,1
2909,96.96666666666667,1784217482.1286666,1.9015135301867456,-1.60413225764988,10.150819495465555,1.0809996326830165,-3.4396197081210196,-0.7523571216319189,96,53,0.5520833333333334,48,0,0,7055,0,57,1
2910,97.0,1784217482.162,2.2709982289822683,-3.407926753872786,7.246682548970043,0.5753522482452555,-3.313289975086045,-0.73168048371187,89,35,0.39325842696629215,54,0,0,7055,0,57,1
2911,97.03333333333333,1784217482.1953332,-1.1947412259362302,-0.9935996012797119,7.481607277391021,1.6071805499985596,-2.4069362083413557,-0.9196886127752066,80,50,0.625,60,0,0,7055,0,57,1
2912,97.06666666666666,1784217482.2286665,3.1048756943386877,-0.7134099299160681,2.547676384144893,-0.6289500480904103,-1.075793655697558,-0.061743145689082166,93,40,0.43010752688172044,55,0,0,7055,0,57,1
2913,97.1,1784217482.2619998,0.2641647300428982,-2.613765356077508,10.332274025536591,0.18985676523922743,-3.7409318220537333,-0.5788042020640463,101,51,0.504950495049505,70,0,0,7055,0,57,1
2914,97.13333333333334,1784217482.2953334,2.653169399377189,-2.130602786381317,2.9479346941827487,-1.0551204605001647,-1.6106887326064712,-0.3678998740268373,93,45,0.4838709677419355,64,0,0,7055,0,57,1
2915,97.16666666666667,1784217482.3286667,3.062200280995164,-1.5218290264047596,2.9611095904144378,-1.4943210306479549,-1.417683658551212,-0.06122720444836467,97,54,0.5567010309278351,50,0,0,7055,0,57,1
2916,97.2,1784217482.362,0.9450813669311415,-1.3676332160221705,1.9837290684112219,-0.3355527517311399,-1.0276831991164739,-0.07242273007089978,94,49,0.5212765957446809,66,0,0,7055,0,57,1
2917,97.23333333333333,1784217482.3953333,1.8665756919029253,-0.8771128487788502,2.1080020285728835,-0.8454672085346976,-0.9259179222322548,-0.006191045479739048,96,50,0.5208333333333334,65,0,0,7055,0,57,1
2918,97.26666666666667,1784217482.4286666,-1.4750477622376756,-1.0724249443258032,2.065668992413862,0.7615982731809019,-0.9454380529399193,-0.18915019468374433,100,52,0.52,54,0,0,7055,0,57,1
2919,97.3,1784217482.462,1.2405944468728354,-0.120885265579318,1.365206425938311,-0.5470786521427359,-0.4746702200894746,0.19815487860869696,110,59,0.5363636363636364,52,0,0,7055,0,57,1
2920,97.33333333333333,1784217482.4953332,0.996337458268334,-1.9940417736768694,2.578266019930936,-0.4678229517694325,-1.4634102533252986,-0.1696349597200382,107,47,0.4392523364485981,56,0,0,7055,0,57,1
2921,97.36666666666666,1784217482.5286665,2.8409142376183425,-1.8197867173380473,2.1331557158945316,-1.5877728293261564,-1.2790129101822298,-0.2921622388878047,110,47,0.42727272727272725,47,0,0,7055,0,57,1
2922,97.4,1784217482.562,-0.06971308710756752,0.051103755108798055,0.19807028038385965,-0.00487321595995135,-0.04468928766711445,-0.05573529437393405,110,54,0.4909090909090909,69,0,0,7055,0,57,1
2923,97.43333333333334,1784217482.5953333,-1.4563714252321471,-1.3241906349615675,3.2441085227685704,0.5581152155810433,-1.352296844795169,-0.4118628286699216,108,60,0.5555555555555556,60,0,0,7055,0,57,1
2924,97.46666666666667,1784217482.6286666,-0.4938702819338445,-0.9674986265611238,1.0524453814729071,0.3306795165491114,-0.616366519254578,-0.12903817781780003,109,59,0.5412844036697247,62,0,0,7055,0,57,1
2925,97.5,1784217482.662,1.8145513649502316,-1.1137386315481876,1.9236519497638795,-1.1050575593488732,-0.9387679192941184,-0.20029029222001773,114,58,0.5087719298245614,65,0,0,7055,0,57,1
2926,97.53333333333333,1784217482.6953332,0.9909488461848,-1.357110014196678,1.2010945878057413,-0.6240146813585651,-0.825842933006068,-0.2331056701054347,114,64,0.5614035087719298,60,0,0,7055,0,57,1
2927,97.56666666666666,1784217482.7286665,0.28501845327343034,-1.5592597557968304,1.0742694118785465,-0.2330398511764438,-0.8121226174674095,-0.31975224190167667,101,57,0.5643564356435643,61,0,0,7055,0,57,1
2928,97.6,1784217482.7619998,0.4928836909357468,-0.8515430145576488,1.08919154393692,-0.1594836346642834,-0.6095412761231416,-0.008435559364792414,109,59,0.5412844036697247,53,0,0,7055,0,57,1
2929,97.63333333333334,1784217482.7953334,1.3440171753221541,-1.6826034198921604,2.0263091688035644,-0.8034791809218177,-1.1601957149112259,-0.2352824693561452,103,51,0.49514563106796117,34,0,0,7055,0,57,1
2930,97.66666666666667,1784217482.8286667,-0.22435577200669066,-1.531089400465504,1.4419447811397106,0.16230994731346474,-0.93241101593623,-0.18936386793679372,102,50,0.49019607843137253,45,0,0,7055,0,57,1
2931,97.7,1784217482.862,1.3834356237355276,-2.034110670303704,2.5408499716233024,-0.8584623662569846,-1.4618705998588601,-0.347549758419851,98,51,0.5204081632653061,43,0,0,7055,0,57,1
2932,97.73333333333333,1784217482.8953333,-0.11775214392546296,-0.2241368000453008,-0.09443790266986696,0.12345928605014503,-0.05672861838238182,-0.022584272601726175,102,56,0.5490196078431373,41,0,0,7055,0,57,1
2933,97.76666666666667,1784217482.9286666,1.7116781135973884,-0.8500824177941695,0.7544586465430427,-0.916178422909869,-0.556779462141633,-0.04084276415713413,98,50,0.5102040816326531,40,0,0,7055,0,57,1
2934,97.8,1784217482.962,1.2190224189703578,-0.6681860243777038,1.166358989013915,-0.552364710719382,-0.5738235694125976,0.0259513376950071,104,56,0.5384615384615384,49,0,0,7055,0,57,1
2935,97.83333333333333,1784217482.9953332,6.171971958749303,-2.747416018753313,3.75923296694441,-3.4811672248880874,-2.206711029566551,-0.21886642812628804,96,46,0.4791666666666667,48,0,0,7055,0,57,1
2936,97.86666666666666,1784217483.0286665,0.4070328040813749,-0.1634988215086821,-0.011849191387469205,-0.14525226617876164,-0.06977481661655434,0.01578671409997887,99,47,0.47474747474747475,42,0,0,7055,0,57,1
2937,97.9,1784217483.062,2.755385610611569,1.0319897684331352,2.933521129532437,-1.296554458282919,-0.5786319639279808,0.2899951848830077,92,46,0.5,33,0,0,7055,0,57,1
2938,97.93333333333334,1784217483.0953333,0.29841979696620946,-0.2106200435341492,0.3862250715716442,-0.18929293207894057,-0.18732875922447825,-0.09313511714173432,87,47,0.5402298850574713,40,0,0,7055,0,57,1
2939,97.96666666666667,1784217483.1286666,-0.5397237559855537,-0.008251937812914889,5.323254233990866,0.21456864144823556,-1.5501891154528649,0.05100746113419454,92,44,0.4782608695652174,35,0,0,7055,0,57,1
2940,98.0,1784217483.162,0.0823083981534829,-0.23607111338928632,0.5315192755480922,-0.08642382106698025,-0.2473647004751919,-0.15844184064897243,97,42,0.4329896907216495,45,0,0,7055,0,57,1
2941,98.03333333333333,1784217483.1953332,-1.4420287772918883,-2.3065381203457207,1.4541721229525564,0.3181031300101165,-1.1395860410777512,-0.9023948870054308,104,43,0.41346153846153844,37,0,0,7055,0,57,1
2942,98.06666666666666,1784217483.2286665,-1.086197242169483,1.0582210845119278,-1.3587744415490022,0.6827988274366191,0.7634569034382543,0.09132985516426215,95,50,0.5263157894736842,40,0,0,7055,0,57,1
2943,98.1,1784217483.2619998,0.6477445882650805,-0.06556836576068292,0.9174758427062955,-0.36817986461763497,-0.30112644079459344,-0.09301319319267724,99,52,0.5252525252525253,32,0,0,7055,0,57,1
2944,98.13333333333334,1784217483.2953334,1.3313359183997377,-0.16602760980246956,0.44758761540312264,-0.7815785003297,-0.22790288625723423,-0.12128750496455389,93,40,0.43010752688172044,38,0,0,7055,0,57,1
2945,98.16666666666667,1784217483.3286667,1.584539463484365,-1.637806299293274,2.2335892009728298,-0.8576243542770545,-1.2307374374766458,-0.12393496501868491,95,46,0.4842105263157895,48,0,0,7055,0,57,1
2946,98.2,1784217483.362,-0.40965968122616303,-0.3879960289490185,0.7335721190024884,0.13345216308971794,-0.3447673180355057,-0.26969453462909715,108,45,0.4166666666666667,36,0,0,7055,0,57,1
2947,98.23333333333333,1784217483.3953333,-0.29036133209845794,-0.8521683491801468,1.0103896317814787,0.16043261217706134,-0.5824911377185311,-0.13432125829296457,94,52,0.5531914893617021,37,0,0,7055,0,57,1
2948,98.26666666666667,1784217483.4286666,0.30362026527043184,0.019655953522700997,0.7432572420897543,-0.09116121487970794,-0.23071474437962294,0.03825975300803584,99,59,0.5959595959595959,49,0,0,7055,0,57,1
2949,98.3,1784217483.462,0.47968179243903464,-0.3855658703111118,6.132305188904496,-0.27494844976025495,-1.9140194884297514,0.058873963305986654,92,45,0.4891304347826087,40,0,0,7055,0,57,1
2950,98.33333333333333,1784217483.4953332,2.1836776712480113,0.6975148474058415,1.2188627326749923,-1.038027866902534,-0.2001215329675152,0.2477679487614695,86,39,0.45348837209302323,42,0,0,7055,0,57,1
2951,98.36666666666666,1784217483.5286665,-1.4417013482049938,-0.10205354866575078,2.400666725221484,0.37558317557275744,-0.681314590035679,-0.578298665255439,93,55,0.5913978494623656,40,0,0,7055,0,57,1
2952,98.4,1784217483.562,1.6427867269889713,-1.1437060225923972,1.6395777296287974,-0.9611063342681786,-0.9160487156734561,-0.1345235153306921,103,42,0.4077669902912621,42,0,0,7055,0,57,1
2953,98.43333333333334,1784217483.5953333,-0.5396291622631306,-0.46558725695255987,0.16504434741010243,0.1220294918683974,-0.1798922958727729,-0.34270457813953703,93,50,0.5376344086021505,41,0,0,7055,0,57,1
2954,98.46666666666667,1784217483.6286666,-0.5284933988758027,-0.9478444560387516,1.2730769443002288,0.3768887682291639,-0.6919196884709582,-0.024116786058021488,96,47,0.4895833333333333,38,0,0,7055,0,57,1
2955,98.5,1784217483.662,2.190101799577471,0.14313049102814546,2.7958151968129954,-1.0208799515759879,-0.8318255061674428,0.23733111895898462,98,46,0.46938775510204084,38,0,0,7055,0,57,1
2956,98.53333333333333,1784217483.6953332,-0.005944471563793741,0.7186775968324639,-0.16727697343826264,-0.17196654382295531,0.2883296919206031,-0.22372632249819496,95,45,0.47368421052631576,28,0,0,7055,0,57,1
2957,98.56666666666666,1784217483.7286665,-0.12762608394989883,-0.5215744754853517,0.930520134182828,0.18364492806150165,-0.46074128535002856,0.06775973562999718,86,45,0.5232558139534884,42,0,0,7055,0,57,1
2958,98.6,1784217483.7619998,1.169105091860958,-0.35680877924534116,2.5882319311003528,-0.5371304466754074,-0.9328106954714703,0.1095520375004401,94,46,0.48936170212765956,28,0,0,7055,0,57,1
2959,98.63333333333334,1784217483.7953334,-1.2470961640085534,-0.13255810170161908,-0.2716056863751817,0.531225897612174,0.05994868677416414,-0.28021500906451596,91,57,0.6263736263736264,39,0,0,7055,0,57,1
2960,98.66666666666667,1784217483.8286667,2.0158428704832883,-0.9146523057204803,1.1411766745453633,-0.711312801977725,-0.677701766789956,0.3815269151746998,98,37,0.37755102040816324,38,0,0,7055,0,57,1
2961,98.7,1784217483.862,-0.6066009677807411,0.44061617434967104,-0.021560835712435278,0.14470165505784224,0.16894045717839698,-0.3370532675527076,92,50,0.5434782608695652,35,0,0,7055,0,57,1
2962,98.73333333333333,1784217483.8953333,-1.443491526558292,-0.40013120769411614,0.06516244675127325,0.5948552714105084,-0.11589836920207652,-0.40055034884049484,91,45,0.4945054945054945,29,0,0,7055,0,57,1
2963,98.76666666666667,1784217483.9286666,1.2132147339906645,0.19607926348112414,-0.2508440030408394,-0.6395017424321919,0.1258695203228491,-0.009071165513138815,90,45,0.5,41,0,0,7055,0,57,1
2964,98.8,1784217483.962,-1.2668783729786846,0.14644773107298192,-0.34874203730949205,0.6262596517217351,0.1998764437307797,-0.1958732584370484,91,49,0.5384615384615384,31,0,0,7055,0,57,1
2965,98.83333333333333,1784217483.9953332,3.428734034659687,-1.1666514268462151,1.9066915501100254,-1.8733007856882935,-1.0394623038076862,-0.08671878580467576,94,43,0.4574468085106383,39,0,0,7055,0,57,1
2966,98.86666666666666,1784217484.0286665,0.027710330308289954,-1.479562205245898,2.9358792006596985,-0.08101853577622127,-1.3322807987566163,-0.2731395861027285,100,56,0.56,39,0,0,7055,0,57,1
2967,98.9,1784217484.062,0.026889866720562594,-0.44985692179521664,0.7817490311345523,0.03990168319950775,-0.40044817764132323,-0.05887002933674106,92,51,0.5543478260869565,28,0,0,7055,0,57,1
2968,98.93333333333334,1784217484.0953333,0.2612214920289375,-1.1712010856018509,2.1215328187153233,-0.29194102351033796,-1.0521160299017114,-0.3457837904938949,101,39,0.38613861386138615,37,0,0,7055,0,57,1
2969,98.96666666666667,1784217484.1286666,2.687186394699019,-1.854887927297355,2.563839274806554,-1.493835367010477,-1.4580303665892516,-0.1500190175276851,99,40,0.40404040404040403,31,0,0,7055,0,57,1
2970,99.0,1784217484.162,-0.12727720047641533,-1.0771917123504409,1.9229264506698343,0.1831259532649429,-0.9385378021808982,-0.0064856080246243125,100,47,0.47,31,0,0,7055,0,57,1
2971,99.03333333333333,1784217484.1953332,-0.11749337622643097,-0.5831192797245563,0.8118838425636454,0.07779818715969888,-0.43971890171757183,-0.1125293242215088,103,46,0.44660194174757284,36,0,0,7055,0,57,1
2972,99.06666666666666,1784217484.2286665,-0.4403614067026407,-0.5804369259232516,0.6463864462276234,0.18781714744556466,-0.39648277829513556,-0.21097847882722098,101,44,0.43564356435643564,32,0,0,7055,0,57,1
2973,99.1,1784217484.2619998,1.4203436404761316,0.24874314473264292,0.5451706800497647,-0.8309270835643049,-0.10691138282707514,-0.0711400643882561,93,47,0.5053763440860215,38,0,0,7055,0,57,1
2974,99.13333333333334,1784217484.2953334,0.7661316202113841,0.09318078322408496,0.5823911851417876,-0.2790034724818885,-0.17232743822330457,0.1226234104791755,95,42,0.4421052631578947,37,0,0,7055,0,57,1
2975,99.16666666666667,1784217484.3286667,0.25672220497813036,-0.5923550570155811,1.750791503910662,-0.14142315894207444,-0.7139451820353402,-0.12494808733697108,97,51,0.5257731958762887,38,0,0,7055,0,57,1
2976,99.2,1784217484.362,-2.968311464629494,-0.4693224102480258,-0.7540140845035523,1.4855757059871209,0.1450613689977541,-0.4290368967069821,98,54,0.5510204081632653,39,0,0,7055,0,57,1
2977,99.23333333333333,1784217484.3953333,-0.35879428868369523,-0.3018937453527286,0.12353571726808354,0.29218468558448035,-0.154080790248457,-0.014774019870321177,95,47,0.49473684210526314,33,0,0,7055,0,57,1
2978,99.26666666666667,1784217484.4286666,2.133516520612435,-1.5392862716717133,1.8614244577271961,-1.1694824441845717,-1.0962773209523622,-0.1182127926527055,107,52,0.48598130841121495,39,0,0,7055,0,57,1
2979,99.3,1784217484.462,1.6338640446066073,0.0904162555264918,3.0307122250139003,-0.6773776900090109,-0.9110972107946773,0.2650985065920993,100,48,0.48,33,0,0,7055,0,57,1
2980,99.33333333333333,1784217484.4953332,-0.517704608138974,-1.2289185395072195,1.535598989570147,0.0723060629962111,-0.8467807139464384,-0.42026376222163925,100,47,0.47,39,0,0,7055,0,57,1
2981,99.36666666666666,1784217484.5286665,0.3946611503978339,-1.1240631695145993,1.4793860214848138,-0.17874332137541832,-0.8356776667351529,-0.033737703351298595,107,64,0.5981308411214953,34,0,0,7055,0,57,1
2982,99.4,1784217484.562,-0.25656344170321965,-0.7598505819695305,1.3958910479228024,0.12018085056021884,-0.6601733365204906,-0.14072837921731315,102,50,0.49019607843137253,30,0,0,7055,0,57,1
2983,99.43333333333334,1784217484.5953333,0.27889068494296687,-1.4579494111287516,2.720351639277098,-0.07437114889691807,-1.2828560577974897,-0.07660570662184595,103,52,0.5048543689320388,38,0,0,7055,0,57,1
2984,99.46666666666667,1784217484.6286666,-0.8293044278240327,-0.625908246342874,1.712759789822485,0.42186480016997124,-0.7140801987078073,-0.1406599482375146,97,48,0.4948453608247423,34,0,0,7055,0,57,1
2985,99.5,1784217484.662,-0.08656530552239872,0.0907132511704134,0.38172204777670515,0.14784918062279506,-0.1062063454655686,0.09573349940740637,103,55,0.5339805825242718,37,0,0,7055,0,57,1
2986,99.53333333333333,1784217484.6953332,-2.0035870148458486,-2.5566625028988454,7.90541377050954,0.5356065779673148,-3.017504548423635,-0.8263885446596956,93,47,0.5053763440860215,29,0,0,7055,0,57,1
2987,99.56666666666666,1784217484.7286665,2.1393153925728807,0.04456456377216966,4.555544140230111,-0.8725412920090435,-1.3798577221840842,0.4789510358513244,90,38,0.4222222222222222,36,0,0,7055,0,57,1
2988,99.6,1784217484.7619998,1.0436277227203767,-0.44872544475566656,1.2123567181454291,-0.5903278315691325,-0.5426884961926843,-0.11973464362525887,90,50,0.5555555555555556,32,0,0,7055,0,57,1
2989,99.63333333333334,1784217484.7953334,0.3617260715387296,-0.8665464539584775,0.4487951505017094,-0.20054842047643892,-0.41165733048302733,-0.17396564005078868,103,53,0.5145631067961165,37,0,0,7055,0,57,1
2990,99.66666666666667,1784217484.8286667,-0.7023152465516507,-0.46685869937560653,0.9488859650516588,0.45225375139142493,-0.4366310959134021,-0.021443412975999318,108,53,0.49074074074074076,46,0,0,7055,0,57,1
2991,99.7,1784217484.862,0.387782158554403,-1.7448901527414762,1.9924823734662311,-0.2653308427939273,-1.1568337038620184,-0.26467929567252046,108,51,0.4722222222222222,36,0,0,7055,0,57,1
2992,99.73333333333333,1784217484.8953333,-0.33251486874007696,-1.044976130274918,1.5697529915056805,0.17413442192402911,-0.7671365888602358,-0.18435449899583395,103,52,0.5048543689320388,37,0,0,7055,0,57,1
2993,99.76666666666667,1784217484.9286666,-1.2212610807626465,-1.7032914785210949,2.2574374309065064,0.8205283442623121,-1.2131425674449947,-0.016947427538054043,96,48,0.5,40,0,0,7055,0,57,1
2994,99.8,1784217484.962,0.7806089983912958,-0.3879892931227147,2.171922227359147,-0.3805477512178883,-0.7896790263695129,0.05680859707188828,105,44,0.41904761904761906,45,0,0,7055,0,57,1
2995,99.83333333333333,1784217484.9953332,2.0414788868494824,-1.4126263272868584,1.485911749664055,-1.1395301162143443,-0.9529409349721271,-0.14822177465172756,95,48,0.5052631578947369,34,0,0,7055,0,57,1
2996,99.86666666666666,1784217485.0286665,2.335420017193629,-0.5945005309758358,1.1645146416149146,-1.154642679038158,-0.5642435328509458,0.12130825698971781,101,53,0.5247524752475248,36,0,0,7055,0,57,1
2997,99.9,1784217485.062,2.1038909866773814,-1.6644127697691715,2.069316111539763,-1.1085797090380582,-1.2208607106905585,-0.1078445178851784,99,36,0.36363636363636365,38,0,0,7055,0,57,1
2998,99.93333333333334,1784217485.0953333,0.3944152988874112,-0.8813140974217504,0.9561829631625614,-0.20297776947794557,-0.5718603880855228,-0.13070684026567667,96,47,0.4895833333333333,36,0,0,7055,0,57,1
2999,99.96666666666667,1784217485.1286666,-0.36336032027699616,-1.2458078713175809,2.7678296453175335,8.599496008174414e-05,-1.20305416341642,-0.3513122009163271,96,50,0.5208333333333334,31,0,0,7055,0,57,1
3000,100.0,1784217485.162,0.8495052862461883,-0.6677371715575333,1.6272619788735057,-0.5631050838563487,-0.6909478123193645,-0.21218408305741593,95,51,0.5368421052631579,37,0,0,7055,0,57,1
3001,100.03333333333333,1784217485.1953332,-0.9736497900030248,-0.2417568731104751,0.3074939390130851,0.3326089249008479,-0.15167151544240415,-0.38486301892561314,97,53,0.5463917525773195,34,0,0,7055,0,57,1
3002,100.06666666666666,1784217485.2286665,-0.3436656711148096,-1.4890294488460114,2.4435805008180864,0.20813751693985152,-1.2129803172244815,-0.17858677860983616,101,49,0.48514851485148514,44,0,0,7055,0,57,1
3003,100.1,1784217485.2619998,-0.620554274041039,0.1950066742470824,-0.2759808867847795,0.26829288312363386,0.17636517476100147,-0.1756994474138394,105,56,0.5333333333333333,46,0,0,7055,0,57,1
3004,100.13333333333334,1784217485.2953334,-0.3234554964674832,-0.09584349699348138,0.336242399126661,0.1984343280380366,-0.12969802202962225,-0.08296362377718891,99,55,0.5555555555555556,40,0,0,7055,0,57,1
3005,100.16666666666667,1784217485.3286667,-1.1665861810686131,-0.9526395895000093,0.8733500732133308,0.7368456052830495,-0.5801721305502131,-0.05103554796715627,94,47,0.5,43,0,0,7055,0,57,1
3006,100.2,1784217485.362,-0.1720476706869718,-0.9185717421082416,0.7828585800699415,0.07795723242374267,-0.5374126842917981,-0.17623123909555896,98,53,0.5408163265306123,40,0,0,7055,0,57,1
3007,100.23333333333333,1784217485.3953333,1.8598866854165816,-0.9303096330216789,2.2497710782154314,-0.9565683012597719,-0.9986623321863071,0.017723739946397872,102,49,0.4803921568627451,43,0,0,7055,0,57,1
3008,100.26666666666667,1784217485.4286666,-0.8536170576048168,-0.5635457063720679,0.4931630347826399,0.3529177725945011,-0.31741906555774924,-0.29373676196427506,97,50,0.5154639175257731,37,0,0,7055,0,57,1
