frame,time_s,x_mm,y_mm,z_mm,roll_deg,pitch_deg,yaw_deg,matches,inliers,keyframes,tracked
30,1.0,0.0,0.0,0.0,0.0,0.0,0.0,0,0,1,1
31,1.0333333333333334,0.07372597465221986,-0.2610492655495449,0.049966698871671156,0.19039256271000327,-0.07133989239371992,0.01065360427776195,437,226,1,1
32,1.0666666666666667,0.11954013221924953,-0.3658883790283127,0.06685501082920098,0.2616851648657613,-0.11085134399061365,-0.010172595798843907,439,264,1,1
33,1.1,-0.43750879500284867,0.7871958080379571,-0.08166707961792952,-0.5443880748879882,0.3500208896071048,-0.01023434012474462,440,236,1,1
34,1.1333333333333333,-0.12114156322200387,0.2579948384050539,0.013227131853227547,-0.18042471443922098,0.09604789564933729,-0.0009773384178707787,415,333,1,1
35,1.1666666666666667,-0.4765455512938175,-0.10341776691680948,0.5046822221130611,0.12755405589332755,0.3702492487164319,-0.025207594970946975,437,198,1,1
36,1.2,-0.31747577761811385,0.5814611202790161,0.008949286034578563,-0.3942233647842874,0.25950429143324044,-0.011343770257904994,424,203,1,1
37,1.2333333333333334,-0.09756068751189417,0.04182501590118903,-0.003106612262286035,-0.03733294536049226,0.0613413642156786,-0.019525929176414488,416,244,1,1
38,1.2666666666666666,-0.13584870274164018,0.4495029662421004,-0.19222310799443676,-0.32349526915203347,0.10291852080610182,-0.0110751114959591,426,227,1,1
39,1.3,-0.2687154769204554,0.304635241985725,0.34692284177188526,-0.07823498514184091,0.22284798128681302,-0.12768306041747993,438,201,1,1
40,1.3333333333333333,-0.26662972674471064,0.2547563537486539,0.06009493621183992,-0.1622816595410111,0.20094053366285494,-0.012132341479842821,418,232,1,1
41,1.3666666666666667,0.18315975546133956,0.1257144374964838,0.022539435009605313,-0.0887748049940458,-0.1338086973663441,-0.021867929000850887,414,212,1,1
42,1.4,-0.6906010077335054,0.0011893706751102684,0.07560541460851766,0.04337856726575635,0.4869320194366761,-0.0029315396366710765,426,181,1,1
43,1.4333333333333333,-0.021761902807703848,-0.3403563240377707,0.07734243725030865,0.2469356738726911,-0.008065940637337036,-0.0007845709412964158,414,199,1,1
44,1.4666666666666666,-0.5529158628152189,-0.21350669926105326,0.09292273601514012,0.18333776324539286,0.39703132326201446,0.05287091223468318,409,166,1,1
45,1.5,-0.22855673603841353,-0.05408941174416526,0.08725772162159728,0.09411030479710886,0.10988465079783975,-0.11001620663343817,424,236,1,1
46,1.5333333333333334,-0.4069766498396987,-0.0443840196500922,0.10428234622379762,0.07073513823051085,0.2822825176290897,-0.005033287936889124,423,205,1,1
47,1.5666666666666667,-0.19798848585128326,-0.22717824113800233,0.03056122389828886,0.17086800239519848,0.1122237276143795,-0.023665458230866094,416,206,1,1
48,1.6,-0.0503859828325659,0.1243176570674045,-0.017498754369142944,-0.08572705422328958,0.03015432953014249,-0.026982795277091885,415,364,1,1
49,1.6333333333333333,-0.13883986943001503,-0.42395318195675813,-0.05063452184288053,0.32369511547102947,0.0600712889955768,-0.011136861105422622,432,224,1,1
50,1.6666666666666667,-0.20289726969533461,0.021536322190449653,0.04727992559797656,-0.005191569173684478,0.13066187052268638,-0.014837857175222315,410,273,1,1
51,1.7,-0.1446163100951594,-0.014102177555738393,0.21107947607615074,0.048776189139222645,0.12339955348210786,0.04031173903015397,413,272,1,1
52,1.7333333333333334,-0.4802772653298035,0.21019486262275322,-0.06426616195444979,-0.12893184237407532,0.3568908293661799,0.02427461018672014,417,192,1,1
53,1.7666666666666666,-0.16219509590198555,0.1517457047789108,0.00828553666040932,-0.09543935573405093,0.1127038811749841,0.0065305854419817734,408,274,1,1
54,1.8,-0.2685001919716683,-0.1878326983952654,0.2537075804117279,0.1610259320792978,0.2025159195842292,-0.01131781301132066,409,191,1,1
55,1.8333333333333333,-0.2588536563213779,0.1481715809902866,0.025136537284254246,-0.08719687291251468,0.17666367647479594,-0.024037478404303796,413,216,1,1
56,1.8666666666666667,-0.17270740761601644,0.2605453629269938,0.10565105041779077,-0.1806194731397885,0.13567296734681633,0.0034375426230069893,418,252,1,1
57,1.9,-0.4611168102466223,0.12930501357354274,-0.07810952214440192,-0.06856003020945756,0.34219469143956305,0.05234785849630413,417,181,1,1
58,1.9333333333333333,-0.1589406379615923,0.49395472809006336,0.030510766102182174,-0.3235000311605664,0.12764676205105155,0.0038229213117747904,411,216,1,1
59,1.9666666666666666,-0.22162743148744113,0.18111471186779582,0.10964378365530081,-0.09087788801058805,0.1724421758881869,-0.027347604064092024,417,221,1,1
60,2.0,-0.5558869125288481,-0.16577665735582414,0.17063444981371845,0.1596932282397469,0.36803791983825923,-0.020825414810836128,419,171,1,1
61,2.033333333333333,-0.4039481386018906,0.5724061285864792,0.037437144523821075,-0.3602521919703719,0.2841502172050845,-0.0437362649193681,411,188,1,1
62,2.066666666666667,-0.2962517909220068,0.24198093415797928,0.009634702157384822,-0.17404654715384305,0.22095161556304535,0.024189359516442015,418,199,1,1
63,2.1,-0.3584488262392256,0.16585079488399757,0.14403510944572417,-0.07894104401712712,0.24718063357594944,-0.00917185445955672,412,175,1,1
64,2.1333333333333333,-0.4990039796449821,0.5042825644466227,0.06797208068226723,-0.32377037774929285,0.3588832559282824,-0.01858483059303377,414,217,1,1
65,2.1666666666666665,-0.05504243192245184,-0.24924703519336333,0.31621471219594355,0.22490065537963744,0.06896126373776118,-0.01061427435787321,428,198,1,1
66,2.2,-0.06509026854893563,0.11518427600674741,0.1299119920456917,-0.06347436825290526,0.07131299497011474,-0.02642472586151616,407,268,1,1
67,2.2333333333333334,-0.10198963300080521,0.932903215336438,-0.1469602409699604,-0.6599750922490553,0.0984661354823136,-0.021879231585763447,417,241,1,1
68,2.2666666666666666,-0.3737423638939745,0.38719596187765504,0.009786066531319193,-0.25444072926918143,0.270866984736787,-0.016665479924052963,416,184,1,1
69,2.3,-0.20055616755147554,0.24666946403792167,0.03123195542316637,-0.16052476821546408,0.1439027621657078,-0.027058552171706312,411,340,1,1
70,2.3333333333333335,-0.34593116552661485,0.4748897047413507,-0.031172408919488248,-0.33258998599659106,0.2637060819682316,-0.009565488991058,427,255,1,1
71,2.3666666666666667,-0.5593646336502047,0.6707913989017484,0.044178423938376454,-0.4348309335473435,0.43711315054783567,-0.041042949201438424,416,182,1,1
72,2.4,-0.15675180268289068,0.2562382209102694,0.17936087557347946,-0.10402888998086632,0.12554271732830638,-0.06175171797649749,407,278,1,1
73,2.433333333333333,-0.0695237295971225,-0.10308420491666581,0.08423715274942367,0.08639113603910996,0.015971251344856663,-0.03777914091828426,410,355,1,1
74,2.466666666666667,-0.43568422459262734,0.43076523216024043,-0.01737342864643665,-0.2915395768514327,0.31772796242937096,0.003517818968972043,426,250,1,1
75,2.5,-0.642557696751723,0.8307718932790458,0.14799526810141117,-0.5283398658688978,0.49229123818996706,-0.04258115362928913,413,190,1,1
76,2.533333333333333,-0.3640707794395439,0.5202899351154251,0.14705139124126276,-0.32594400928509415,0.3023354494143642,-0.017395521044338124,409,176,1,1
77,2.566666666666667,-0.21607346324617538,0.26292025751809334,0.051354766815407515,-0.16967355595711808,0.16499898463028606,0.004282612439260624,414,174,1,1
78,2.6,-0.3785603797055259,0.43630551030038234,0.013774913343638673,-0.292495501042683,0.28424929323280623,-0.030691988765181283,415,203,1,1
79,2.6333333333333333,-0.22464060124585217,0.5388603866419928,0.03744483270558874,-0.36328831275578,0.18916585625470228,0.00678002075185149,420,270,1,1
80,2.6666666666666665,-0.6484486564612766,0.06864666314100987,0.6059197671457781,0.0806026750049385,0.4945203394859616,-0.11292761773558874,411,168,1,1
81,2.7,-0.3234687138888859,0.11586954694665508,0.17346995079755345,-0.040643223197661386,0.23225497491251898,-0.03624869351312483,415,230,2,1
82,2.7333333333333334,-0.40745965298508935,-0.029572569911174185,0.2971964009746557,0.06775151926653956,0.3131686476721264,0.0012852523433680122,259,180,2,1
83,2.7666666666666666,-0.30355497136195453,-0.08408988086784319,0.21526245903555719,0.10817901378688881,0.21565635852420764,-0.029875020258600945,250,218,2,1
84,2.8,-0.8082961547381515,-0.12972568944818264,0.7106998701995764,0.253218811012983,0.5920478287290339,-0.1427347116329556,257,179,2,1
85,2.8333333333333335,-0.28356485837017686,-0.14078361045510235,0.19152497490857456,0.12974096196293652,0.22607985227320365,0.03202422970257417,256,154,3,1
86,2.8666666666666667,-0.3947303498801418,0.07951934478926503,0.24226616496552822,-0.008509206224139821,0.30292858990584215,0.009262082060859942,160,131,3,1
87,2.9,-0.20984467558697872,-0.030367326482391377,0.1789673662794229,0.05408652257151219,0.16624938425319719,0.03581478707750832,152,137,3,1
88,2.933333333333333,-0.1970276625326619,0.06280998326146658,0.10659827693297075,-0.0303589661673948,0.16465794101350795,0.03191889887500236,157,132,3,1
89,2.966666666666667,-0.19533951894415225,0.696372968537819,0.002828943974861886,-0.4794930270844788,0.17500881872043036,-0.016843602170413814,156,130,3,1
90,3.0,-0.29752610984882466,0.39722679400357563,0.19504561587319813,-0.23838783233636046,0.26012778109196943,0.03631691597890957,162,124,3,1
91,3.033333333333333,-0.5139213651521857,-0.5059970326300807,0.31365705815721867,0.40968183668776187,0.3676063557135937,-0.04174492733315894,152,138,3,1
92,3.066666666666667,-0.505757388133155,-0.4261748932582847,0.21108191056430314,0.3515533858485868,0.34597057838247935,-0.049097013163101874,155,119,3,1
93,3.1,-0.3992419851704412,-0.287267199160091,0.14836813428540552,0.23206359582746083,0.2907951144978142,0.003262511733977925,158,129,3,1
94,3.1333333333333333,-0.3349799053668008,-0.05915722385492117,0.10321874453887858,0.07570914388197841,0.26181651882769147,0.04335701695914223,155,129,3,1
95,3.1666666666666665,-1.3199230584401604,-0.8426241956563061,0.42580113994844737,0.6944678080478777,0.945567274870655,0.01852795801008424,152,115,3,1
96,3.2,-0.5350593211875179,0.2635826248592892,0.18089380538584976,-0.16891580610976298,0.4156092278725226,0.05032225915593788,161,123,3,1
97,3.2333333333333334,-0.07199514500098303,0.3573427536482754,-0.013761341599092702,-0.25810912637188466,0.08169315905460066,0.026444572281780005,162,120,3,1
98,3.2666666666666666,-0.6817638517877356,-0.03869516182120236,0.10312266011145255,0.06861879648033704,0.49410650596255895,-0.015672927517389766,153,122,3,1
99,3.3,-0.361348853503614,0.17746144956898036,0.16812185368799248,-0.10126918222162525,0.28511967349181216,-0.014147023602883153,154,127,3,1
100,3.3333333333333335,-1.1896107137832814,-0.3899323450367369,0.296688389231889,0.3446652607742068,0.8508880193986333,-0.02210881741218291,155,126,3,1
101,3.3666666666666667,-0.2982444267582025,0.1934785239161485,0.10367171623926197,-0.11420768792577514,0.2428896030048443,0.028216581319043848,148,129,3,1
102,3.4,-0.12552761890909636,-0.04932821965915579,-0.023360666467922897,0.029140595971917607,0.07895415612589161,-0.04425760033905393,152,118,3,1
103,3.433333333333333,-0.30598814174896916,0.19731431984063263,0.16106551184856244,-0.1170410575556778,0.24127177993608775,-0.018005855143873702,156,133,3,1
104,3.466666666666667,-0.3033149862205349,-0.16441432427512837,0.09240533009331386,0.13629973552868885,0.22800848566813978,0.040307241075402934,156,120,3,1
105,3.5,-0.7380305044801432,-0.33543035929642784,0.20479588229019896,0.27307211712368507,0.5417216239219342,0.05509666865017136,153,126,3,1
106,3.533333333333333,0.8793366558382161,1.656870276264062,-0.5398618808048923,-1.2389756434240449,-0.5721392012008841,0.05661164040023542,157,126,3,1
107,3.566666666666667,-0.17970397531232862,0.2292792725735211,0.024413489950532608,-0.15891224274603447,0.15657679727904442,0.05249102386505145,159,137,3,1
108,3.6,-0.4992895938214019,0.2698053349707692,0.2223444536361825,-0.15969490540415096,0.39123221226851457,0.034880374247515195,154,131,3,1
109,3.6333333333333333,-0.3543733373317792,-0.15602707949248185,0.30790062563144716,0.14920696268469752,0.26901965134706274,0.00033983683456368497,150,138,3,1
110,3.6666666666666665,-0.6958438580437871,-0.14998596531907893,0.15167399391108916,0.15117044926083412,0.5074619706250802,0.04170137039547493,163,124,3,1
111,3.7,-0.20109395882011682,-0.13679916745736875,0.13692667086918675,0.11368674848075827,0.16239128751241488,-0.013338711607360196,150,133,3,1
112,3.7333333333333334,-0.7841491052172813,-0.12096978840398265,0.25491919269447294,0.15298965457248545,0.5583333424146516,-0.01232463787973148,150,128,3,1
113,3.7666666666666666,-0.059203856278159606,-0.2893526894979743,0.05434727250469962,0.1965574236142589,0.05012892786696439,0.024228558637510948,150,120,3,1
114,3.8,0.08785835633381822,0.03881121487193795,-0.056920265236399814,-0.025002117126202247,-0.05948516720162789,0.0005411450108016312,149,137,3,1
115,3.8333333333333335,-0.7627799019411867,-0.12113845001187684,0.34176127716077076,0.15837338985442886,0.5636443848280052,-0.04037471448330188,147,116,3,1
116,3.8666666666666667,-0.6326435146197937,-0.20902453770568385,0.25358600177106894,0.18582511170367189,0.45710886503092607,0.024518054597801882,144,121,3,1
117,3.9,-0.16999632135760834,0.1554254083029214,0.08718533803146045,-0.07707561409352391,0.13498840017309768,-0.05364268301349025,155,117,3,1
118,3.933333333333333,-0.49337390067755393,-0.46756441414847316,0.23406841146625368,0.3624565796306047,0.35340246905541367,0.008451189913226631,159,133,3,1
119,3.966666666666667,-0.6338580176248669,0.039438369419592334,0.14497212542484306,0.015794606392950772,0.48252709700157487,0.0732928554370193,158,127,3,1
120,4.0,-1.192191754392816,-0.9214089259473965,0.3783338417847091,0.7261543762669387,0.8263107043895717,0.010949020912145356,153,119,3,1
121,4.033333333333333,-0.7195481267622483,-0.11384748196781658,0.23288490465391476,0.13297966353799523,0.5121434121817772,-0.007566520004982917,149,124,3,1
122,4.066666666666666,-0.33010838764960226,-0.23457389453195532,0.17297859929291803,0.18753098320519782,0.2319739137256908,0.028325275129781,158,121,3,1
123,4.1,-0.556632753265724,0.7401633220067225,0.022785424098074714,-0.4915848177717724,0.43358328641044364,0.008460746054536592,153,135,3,1
124,4.133333333333334,-1.247148364066014,-0.5198131898570075,0.3343275342634371,0.4399064525685901,0.8897660054350326,0.024495381095495226,151,113,3,1
125,4.166666666666667,-0.7101649617518504,-0.4576073356455126,0.2858299051248707,0.37869178674932835,0.5175797335395196,0.01809489959968998,149,126,3,1
126,4.2,-0.7196091679162393,-0.23419887170418363,0.3326676206333019,0.23022758944410263,0.533766348811761,-0.039076137021842504,149,122,3,1
127,4.233333333333333,-0.3072126003858173,-0.09171360328925005,0.20194693387333018,0.09469970482390767,0.2338191588944027,0.03709266508564951,157,153,3,1
128,4.266666666666667,-0.23917866603156313,0.1510117143391163,0.020322339844994985,-0.10132390184953433,0.20373514917034072,0.02075886635696984,153,124,3,1
129,4.3,-0.3194591696238973,0.6596467068170746,0.03661937232270418,-0.452411425732604,0.2711116833551496,0.057483218165227834,157,113,3,1
130,4.333333333333333,-0.1195659040147774,0.3027722295353925,0.1089844577255974,-0.18212847430121903,0.1028439626722649,-0.016076076404886456,151,143,3,1
131,4.366666666666666,-0.2130572099705148,0.02264585834460675,0.18362144667658242,0.00881010579733995,0.18774292732418058,0.09336875124096924,145,125,3,1
132,4.4,-0.3651271943823886,-0.07634677580356097,0.2421778829989023,0.10738167034266094,0.2539916646056931,-0.05034264725962533,151,117,3,1
133,4.433333333333334,-0.142880142144854,0.33257815319531403,0.13666350276703554,-0.19882899611513905,0.14156912981991107,0.025610288334910233,156,129,3,1
134,4.466666666666667,-0.7570094576411606,-0.15840101028975795,0.2623431056069734,0.17572570419983308,0.5614908286547875,-0.037450061588564315,144,113,3,1
135,4.5,-1.0876712007600204,0.1212627316312691,0.46278941629992687,-0.00306794587783388,0.8215421809136682,0.02956292527455283,154,111,3,1
136,4.533333333333333,-0.12022214810978937,0.1674225313243518,0.21812548723309533,-0.05048624907092685,0.15026220815306385,0.125568347867225,152,111,3,1
137,4.566666666666666,-0.4436722632797796,-0.17770451991320968,0.09346289417226217,0.15160708048947955,0.3329667181944778,0.03867333192028661,154,129,3,1
138,4.6,-1.2793440283035764,-0.10936082223950905,0.4150446954382119,0.15385887861140018,0.9248445931177756,-0.019711278210094142,156,112,3,1
139,4.633333333333334,-0.18951723322582836,0.06580297811292013,0.07551361635128728,-0.022775331383733336,0.14230038518977853,-0.009340023721811279,154,122,3,1
140,4.666666666666667,-0.06983311776566126,0.011823761077184969,0.1063865701081852,-0.0035532737306093005,0.06362544822364213,0.027436698596991226,151,128,3,1
141,4.7,-0.32802596881447954,-0.04456594506850564,0.12049020982853165,0.0587636013114169,0.24601534525159302,-0.032323690486295714,147,113,3,1
142,4.733333333333333,-0.641776577103137,0.5580903786841311,0.09027342667195626,-0.3620263216247291,0.5416237437686383,0.09571508398689911,153,118,3,1
143,4.766666666666667,-0.626567708657447,-0.39969702445271693,0.3405987049274728,0.32511960978416093,0.4446709112375961,0.005888386012549078,153,125,3,1
144,4.8,-1.5487295940949366,-0.41046005417158327,0.49655083971860847,0.39380215305588784,1.1111405671852488,-0.006958531490256613,154,118,3,1
145,4.833333333333333,-0.31485100682756695,1.198518822040704,-0.09769565227058763,-0.8510968380395159,0.30610794345651704,-0.0008292968158947486,153,111,3,1
146,4.866666666666666,-0.3154908177320124,-0.02793003519384385,0.21620387407222097,0.05273103896448007,0.262391289546666,0.07988512839567916,150,124,3,1
147,4.9,-0.7987612135379365,-0.2394041721001905,0.2282482245686026,0.20130300789333297,0.5761611238964215,0.02002903328776168,147,117,3,1
148,4.933333333333334,-0.2853300972676891,0.1367571602537616,0.06826526908950825,-0.06162586571308564,0.23960407756714813,0.038397577427844894,150,107,3,1
149,4.966666666666667,-0.8622947998464738,0.049354090486936286,0.31323225716543845,0.0343188965232087,0.6262599291942696,-0.0495059060564412,151,111,3,1
150,5.0,-1.1533198960588251,-0.4994536760779589,0.46960975205062994,0.43972607463573576,0.8162659462109234,0.02316586003519566,158,124,3,1
151,5.033333333333333,-0.4263320934469377,0.030939087168466273,0.20844900234452268,0.007010026651433944,0.33405504322088403,0.027256589914201487,143,112,3,1
152,5.066666666666666,-0.5905803443833264,-0.18021156076406797,0.2585409609073821,0.16927490226380318,0.4164746191976381,-0.021383358399669213,153,130,3,1
153,5.1,-1.1629242433369527,-0.5376582164194126,0.28550816157891745,0.4466686717752898,0.8429792358564083,0.023321887259574056,154,115,3,1
154,5.133333333333334,-0.6613469734128472,-0.1408421891927638,0.13589836950863798,0.16581400194977733,0.4805018566666834,-0.004010685217045671,149,114,3,1
155,5.166666666666667,-0.41220063088931624,0.2145740207654292,0.1427409133311528,-0.1401911216816401,0.33097182367745887,0.015222939958327502,154,126,3,1
156,5.2,-0.0849690318265246,0.038700049124607006,0.10594467453073264,0.020493163052612926,0.07584636900174017,-0.003382017775216125,150,132,3,1
157,5.233333333333333,0.017749046097151222,0.6702528696534458,0.038942021635634205,-0.4621089620223749,0.024909336153824194,-0.019178184452096198,155,121,3,1
158,5.266666666666667,-0.331163272367462,-0.059565561317896254,0.3383272577946883,0.08026710272457893,0.2635335724824357,0.006844444791914008,149,131,3,1
159,5.3,-0.6702968301248902,-0.20056472325378039,0.3196404564786519,0.18677831491219765,0.5082979624298827,0.048085645481199334,155,127,3,1
160,5.333333333333333,-0.6617876329378234,-0.5405670977108024,0.30935457869497895,0.4148162417279222,0.473626267709573,0.040979510950614605,150,117,3,1
161,5.366666666666666,1.0172506992809787,1.0822664355755514,-0.2735186974196324,-0.8251431324474287,-0.6695713878018059,0.06915252604382403,149,113,3,1
162,5.4,-0.21053238763467164,-0.28737565561947065,0.15166568901877042,0.22561247037411286,0.1510448469125376,0.017089932959310085,149,123,3,1
163,5.433333333333334,-1.035883610420811,-0.4498228853906703,0.4860842708776829,0.39752045011271636,0.7385700865274601,0.008387949692440196,157,118,3,1
164,5.466666666666667,-0.43516673257649074,-0.28788720417822233,0.23952038509445117,0.24930844297233223,0.33731869062130254,0.007095109444259813,154,121,3,1
165,5.5,-0.2937852175973603,0.8869306410525297,-0.049961131341675014,-0.6197441390697404,0.26843764191272484,0.07180557146217863,147,115,3,1
166,5.533333333333333,-0.9890774244356635,0.10784180439371482,0.2213436352985667,-0.007755702483926574,0.7481773546314622,0.00145375639094041,153,109,3,1
167,5.566666666666666,-0.4341303215627903,-0.20935684565171542,0.14750943084858648,0.17989928239266983,0.32927749649715127,0.04088651363324564,150,125,3,1
168,5.6,0.4834177744731605,1.060430432331053,-0.17143897261350105,-0.7756988680905578,-0.26912019651661634,0.020242471320465187,142,124,3,1
169,5.633333333333334,-0.886548185053087,-0.6077063062396633,0.31443989940379424,0.48279048591715595,0.6432751567972076,-0.030167246353197147,159,119,3,1
170,5.666666666666667,-0.33988910153649243,-0.1024809577410366,0.15399947816288773,0.10045153459866361,0.27726480645443885,0.022392508752204266,153,128,3,1
171,5.7,-0.5098473247956505,0.6481654085101667,0.10394860276582563,-0.4304544004347466,0.4055691816349878,0.009762951778771052,157,113,3,1
172,5.733333333333333,-0.24964419043305952,0.09192923959408716,0.15839844202390907,-0.03515843136226653,0.18935081653795185,-0.026273998359875973,157,142,3,1
173,5.766666666666667,-0.5719705859899591,-0.1518608999158566,0.26263095455141183,0.15966096140464747,0.4402563507981643,0.007865112122742378,151,118,3,1
174,5.8,-0.5765114365822228,-0.14149709132789923,0.11192925020178279,0.15477953602984582,0.43310434441687995,0.017706112957843606,157,129,3,1
175,5.833333333333333,-0.6190811774796927,-0.03943416441873637,0.27216885230517107,0.09257790196698742,0.4563961617068125,-0.035458228974887956,152,128,3,1
176,5.866666666666666,-1.316715284281237,-0.7927092982330706,0.3674436243897503,0.6340023920126748,0.9244524286109402,-0.01084335856145969,155,113,3,1
177,5.9,-1.1845876854674557,0.08754658937526472,0.12499217228285886,0.007385126213325721,0.8279498672813157,-0.0919474784832802,150,115,3,1
178,5.933333333333334,-1.5669835018540894,-0.8104141729997423,0.48645374366257954,0.6852704658012315,1.1319909444864238,0.038845315220791585,158,112,3,1
179,5.966666666666667,-0.8914443151150238,-0.488280984209549,0.3496434118008551,0.41806271236336634,0.651135644946779,0.01831126541871669,151,113,3,1
180,6.0,-1.017126058864271,-0.4811730239433487,0.46613550104844137,0.4134566141350808,0.7463677701207607,0.014202239629129042,152,122,3,1
181,6.033333333333333,-0.7799186566801168,-1.1087147414773781,0.48950954749403763,0.8440200999792535,0.5403932532118014,0.00867937751048436,150,116,3,1
182,6.066666666666666,-1.0471147344979101,-0.6111131387841944,0.2576271857894028,0.5128746909048433,0.7408448558361684,-0.00014963616878322576,152,121,3,1
183,6.1,0.2517532804508278,-1.0279360617654305,0.2311926122947483,0.7173882617665166,-0.20540214015706978,-0.0018598244647807744,158,124,3,1
184,6.133333333333334,-0.2113503924888107,-0.033276266854237235,0.17204034784769817,0.0707948951919142,0.1679148035374956,0.007418106724917956,158,136,3,1
185,6.166666666666667,-0.8147233961676008,0.08802596370473381,0.22400900850949768,0.004142372802134738,0.6007623644461723,-0.008301912204289998,152,118,3,1
186,6.2,-0.7661778953022065,-0.026089864691556386,0.22338387294541917,0.07018190661387466,0.5845985191344123,0.03171417181959116,143,112,3,1
187,6.233333333333333,-0.737392150084375,0.3355888615057623,0.24313371552747753,-0.18218761905784006,0.5724741468352701,-0.012681723797261622,144,114,3,1
188,6.266666666666667,-1.1612998586730896,-0.6690153653599324,0.5004218619351377,0.5436471962072448,0.8301202109075838,0.01184165946013365,150,116,3,1
189,6.3,-0.533979888747858,-0.17810271573608105,0.18351421562503845,0.16185178376519488,0.3966635523534959,0.0032450060928126646,156,128,3,1
190,6.333333333333333,-0.21021409648523814,-0.14358761671051568,0.1820832940491499,0.11516490282006404,0.17740674088480574,0.06165173382128733,152,150,3,1
191,6.366666666666666,-0.2807504174628619,-0.12585013328652295,0.20609851507883548,0.12281558692875708,0.21751708336809145,0.0015882110277741779,151,142,3,1
192,6.4,-1.0086107918642853,-0.2879717641476631,0.35534845932808423,0.2633797812812821,0.7247539402849332,-0.012806723696965127,154,128,3,1
193,6.433333333333334,-0.7550757787191031,-0.14078833652213518,0.2547407652045166,0.14215972313601719,0.5159192933916547,-0.07976556204720517,154,127,3,1
194,6.466666666666667,-1.2506108310340807,-0.12495538501181969,0.15846838947373953,0.1472934365336074,0.8882757984530695,-0.041507065773363196,152,131,3,1
195,6.5,-0.14245647130133676,-0.03995753193417073,0.1205572774310184,0.059008227757173966,0.1240860875224951,0.05799858886962024,147,125,3,1
196,6.533333333333333,-0.6393047737399371,0.14015407591444173,0.1757567220865468,-0.053286868764124536,0.4666291879869009,0.0556540191944595,145,114,3,1
197,6.566666666666666,-0.07827000532954997,0.299665479064668,0.09400979644192375,-0.201900194657793,0.09128883942249835,0.02368249190848361,146,108,3,1
198,6.6,-0.1841647611171524,-0.8792088409088201,0.19157347275422865,0.630124873349163,0.1126328625473905,0.03555189647087911,150,113,3,1
199,6.633333333333334,-0.76555263472207,-0.2423030666005026,0.29395618112043564,0.22749798696584217,0.533904600603119,-0.027122803945053196,146,121,3,1
200,6.666666666666667,-0.9653945774840267,-0.16577607584675036,0.19188576403261948,0.18701339283040863,0.6840908008072054,-0.032588681801615116,154,125,3,1
201,6.7,-0.7592874880899245,-0.6366420243863509,0.3242393192345645,0.5034463954802915,0.5126073356416933,-0.04046145872594332,143,123,3,1
202,6.733333333333333,-0.9347969725719025,0.09411424069337926,0.2662632062894943,0.019818500208685554,0.682438619180009,-0.01911929694762398,149,121,3,1
203,6.766666666666667,-1.4311613174593987,-0.5665214643476197,0.5130201457959487,0.5182671604687871,1.026660041169913,-0.019575567221287043,157,113,3,1
204,6.8,-0.37945410298436855,0.05625187815777366,0.17437186119674664,-0.0017720010896827556,0.2967611974992129,0.007510732530357058,154,117,3,1
205,6.833333333333333,-0.8353724481723432,-0.289559506193136,0.3983368478425575,0.25673533048979286,0.6062592925112419,0.0063964194430910885,154,122,3,1
206,6.866666666666666,0.02689255852487804,-0.050882712960280685,0.009784433090956668,0.03463466873571879,0.0025410829993571483,0.009919324219816898,155,118,3,1
207,6.9,-0.8461611889556266,-0.34409280963353694,0.3360912837517418,0.29978068188169466,0.6067750772173501,-0.011871851262759912,157,132,3,1
208,6.933333333333334,-2.6002291781761784,-1.4581258112740407,0.6555178849134364,1.1912343947353885,1.7888920739011407,-0.12066531278489026,156,118,3,1
209,6.966666666666667,-0.22807552564333378,-0.2901954765040564,0.14876657670890836,0.22338251177174606,0.17927117580483623,0.018861269458629665,143,120,3,1
210,7.0,-1.2798124789572682,-0.47079427051017575,0.48231432378700845,0.4161456691987436,0.927237054444528,0.0020564126585941984,147,117,3,1
211,7.033333333333333,-1.0241728225427238,-0.31542498185866563,0.3282169149871095,0.3033393189856055,0.760315923960399,0.052350501883809415,144,109,3,1
212,7.066666666666666,-0.01122452935067031,-0.03867310884159991,0.047107871104785204,0.04050354236658987,0.026877765260822632,0.02092523351065434,143,119,3,1
213,7.1,-1.0930928688484371,-0.07026828825981823,0.2014701412458919,0.11382828918625114,0.8075542989789062,0.043181444578154995,147,119,3,1
214,7.133333333333334,-0.5104099894489238,-0.1518535033856736,0.22470919515336618,0.1299640953615797,0.3801046411374018,0.026745280827076532,154,121,3,1
215,7.166666666666667,0.08625011744269528,0.633681970031315,0.0010241570882811857,-0.4574278834137556,-0.0223412250763345,0.039952786406878535,154,127,3,1
216,7.2,-0.8614126496593144,-0.02431235492609929,0.22804547669029773,0.08499754905732346,0.6284595091712203,0.035081798592605296,151,122,3,1
217,7.233333333333333,-0.6040041090271515,0.09104553135958682,0.12133783830000766,-0.0071378473694066686,0.4630139195843247,0.06456560709646512,157,112,3,1
218,7.266666666666667,0.03281236826718725,-0.5112162687175221,0.116079407202065,0.38663972469563757,-0.03399008068708366,-0.024743451218270263,155,111,3,1
219,7.3,-2.056455721062214,-0.7180152469265977,0.4498875385574763,0.6450258813278994,1.4630920970183403,-0.0256920732953214,155,112,3,1
220,7.333333333333333,-0.6110006734121072,-0.031243923046311295,0.16559603037238446,0.051348495701636236,0.46197861525462075,0.08384626306353526,148,119,3,1
221,7.366666666666666,-0.8968796318002106,-0.6264572780623929,0.4759279296359722,0.5133208534656973,0.6386769431747049,-0.04482172304660779,155,124,3,1
222,7.4,-0.43135138517740756,0.2768954889942954,0.15769772021447181,-0.14529656226466256,0.3492775655049325,0.06918029242512419,145,127,3,1
223,7.433333333333334,-0.6796072898762091,0.4955316724330707,0.06863577504446994,-0.28490622363907836,0.5453705398329677,0.06203294708435072,156,124,3,1
224,7.466666666666667,-0.8533200479473919,0.1886098547458026,0.23908503056630082,-0.06376609596326677,0.6488944764671171,0.0376871098525628,144,109,3,1
225,7.5,-0.930995511585273,0.051456952532323186,0.3524949114805196,0.03519427040591491,0.6854891380104078,-0.03671693222189375,146,116,3,1
226,7.533333333333333,-0.4107939652246486,-0.07381596261355483,0.13299916084616825,0.06986913511817493,0.31595842426679926,0.0027402975784735686,153,133,3,1
227,7.566666666666666,-0.3842115530924133,-0.25136086430250515,0.1733410411678733,0.21951504906509844,0.2834038494799008,0.030566017987061267,151,127,3,1
228,7.6,-0.0102091595189151,0.3190537975633063,-0.19887473644018883,-0.24055145615885007,-0.010622910485267768,0.01925236894222523,154,125,3,1
229,7.633333333333334,-0.18571283758856083,0.06645151562002027,-0.06066005995046453,-0.03682490614728534,0.037509324511874734,0.10009129658496893,144,133,3,1
230,7.666666666666667,-1.5705074526693323,-0.25812715132722985,0.2783457667514142,0.2758940143401925,0.8485074799874281,0.16131710999741075,145,113,3,1
231,7.7,-1.1048033316646553,0.41969882786290924,-0.012295582838234509,-0.25342481744442147,0.2624130285375228,0.20410903113778955,142,116,3,1
232,7.733333333333333,-1.4802143793004987,-0.1562933926404071,0.1355690713076001,0.16960111659626456,0.10796637280950964,0.14130350949514717,147,125,3,1
233,7.766666666666667,-2.247196711637443,-0.5806162564439141,0.2779921508855523,0.5341450198349854,0.17382545460936416,0.2980463836169681,139,116,3,1
234,7.8,-2.8332120294633114,1.3219471498033606,-0.2806287366779685,-0.8225885814434836,0.11322089428406873,0.15640231582313208,132,105,3,1
235,7.833333333333333,-4.235111750021318,0.11279854143367274,0.21450606772448566,0.12620477120575777,0.5184016605691155,0.14665698857935358,131,124,3,1
236,7.866666666666666,-4.821150193796164,0.4751703578134432,0.15404534869350073,-0.11158241542642262,0.4094755292951221,0.38184415339271793,141,115,3,1
237,7.9,-6.451237118598776,-0.2492750611015282,0.362626491994547,0.5239342737497793,0.8911145292242345,0.22788435655209707,139,113,3,1
238,7.933333333333334,-5.745924996718742,-1.4221078807158491,1.4332643631964856,1.409732803024233,-0.2586352520744986,0.3673428088824015,132,94,3,1
239,7.966666666666667,-7.250736097001209,0.17876828934629785,0.27738669918497294,0.24263924074311122,0.25553469999082135,0.2741778400987227,125,105,3,1
240,8.0,-6.640086355632043,0.5503709450199423,0.374077546066772,-0.04616651604201208,-0.687747020179963,0.3659024481021591,138,114,3,1
241,8.033333333333333,-9.388765880500351,0.35034325554014245,0.6324822456093244,0.22322631855552968,0.6758205457397058,0.4329633745315573,125,101,4,1
242,8.066666666666666,-10.821094905088074,0.6496531637300968,0.7167229022446122,0.08748279082498264,1.070203445927759,0.4261251578810236,164,109,4,1
243,8.1,-12.024668172330934,0.47839830715671994,0.6827446728655815,0.2918822728400652,1.3218030881436396,0.37860454931238785,155,113,4,1
244,8.133333333333333,-12.29841762709917,2.2743417382957887,0.447072391330849,-0.9735238910657408,0.9826102572081542,0.3667118250594563,162,99,5,1
245,8.166666666666666,-12.399191131211346,2.134663952503864,0.6391643338531594,-0.8613748874295428,0.4792826642938759,0.44730446482452446,129,81,6,1
246,8.2,-13.691338390149717,1.186393432989565,0.6783658753294048,-0.11517664556385172,0.7650990976944396,0.4345304451754697,86,78,6,1
247,8.233333333333333,-14.793570231867054,1.7695945773439838,0.8734127986647593,-0.4786187537658995,0.9528086810580907,0.52771868997092,91,71,6,1
248,8.266666666666667,-15.923685806360222,1.723466994393842,0.761260384982549,-0.37722572464529525,1.1476923257605536,0.47275157028832654,94,79,6,1
249,8.3,-16.26553267469688,1.953592452167399,0.6885089211340443,-0.5016787143768137,0.8681814937977602,0.514200012504553,93,74,6,1
250,8.333333333333334,-17.05229579927863,2.2005919945673433,0.8223237981739686,-0.6193464587354593,0.7802894210616628,0.5463754482514703,86,70,6,1
251,8.366666666666667,-18.355596389237586,1.3381817911140317,0.9651886362885165,0.05075141343709228,1.071338961561838,0.4764445621893757,90,65,6,1
252,8.4,-18.622639639294533,2.0024446157571987,0.9019771214171044,-0.42657739894243135,0.6644883214538987,0.45980506972425456,83,80,6,1
253,8.433333333333334,-19.553475019761056,1.1233625123211617,0.8447740690442487,0.2492153276301317,0.7296458810262939,0.5113011903778225,86,73,6,1
254,8.466666666666667,-21.22594599297713,1.868738210493678,0.7550236506433237,-0.1684069187197682,1.3252596728476536,0.5505855739813801,88,70,6,1
255,8.5,-21.922829585002656,1.390983143708958,0.8737506575825336,0.20258241696104068,1.1952098864958558,0.4705142042276436,91,64,6,1
256,8.533333333333333,-21.599126589865016,1.5952425187054402,0.793511678904494,0.0522089299745614,0.4046791054678326,0.6517457289710346,97,75,6,1
257,8.566666666666666,-22.862144929033864,2.0878974712476612,0.9225136844201529,-0.2173957801933167,0.7046387387569654,0.5909174232351189,86,81,7,1
258,8.6,-24.64188943935989,2.1360265213320453,0.791083901742013,-0.1573311756387651,1.3678633866229108,0.5860129046462184,103,67,7,1
259,8.633333333333333,-24.10462772173292,1.5422997216103482,0.982882360187304,0.2053322053999292,0.3739332067680449,0.5151027431186497,96,73,7,1
260,8.666666666666666,-26.322822748623047,1.594766896105245,0.7649939445997234,0.3489577382051919,1.3367581326439497,0.7300813904925803,99,65,7,1
261,8.7,-27.37169889526529,1.416824259526333,0.9836631503132054,0.5426610230594221,1.4261040466607746,0.5758977866020354,98,63,7,1
262,8.733333333333333,-27.577373127096518,1.1753417020283123,1.0989284388243732,0.703397346061823,0.9409576638867436,0.5546851827889849,92,72,7,1
263,8.766666666666667,-28.83612341746531,1.4451377285292963,1.165047860771736,0.6061562873546325,1.2461716628336241,0.5759996605327906,98,69,7,1
264,8.8,-30.298258434026046,0.3455628972253031,1.200481398359372,1.4578544591965192,1.6122956405669366,0.42985308311086207,91,58,7,1
265,8.833333333333334,-29.75940594638635,1.5953229231567256,1.1503228679023323,0.4939535913224962,0.7475724079344286,0.5040933292625294,97,61,7,1
266,8.866666666666667,-30.99300333222984,2.820158832302699,0.880965372825699,-0.2571376896465289,1.080873181563771,0.7631685079439428,101,73,7,1
267,8.9,-32.08343324032987,3.262996250751943,1.2772455753062246,-0.5279916522875381,1.1864591940762592,0.5630641836638526,87,59,7,1
268,8.933333333333334,-32.91375986629059,2.1223378767590475,0.9133122533948779,0.3559288630005686,1.2326823705364083,0.5672284868329941,92,65,7,1
269,8.966666666666667,-33.44460774892833,2.3204142542999158,1.0342098765807606,0.22836664921344962,0.9660573876095909,0.5010441953008177,104,69,7,1
270,9.0,-34.230021543133866,1.3691571322828402,1.0706148608550308,0.9281110881044007,0.9120242425400367,0.46541010190388776,96,67,7,1
271,9.033333333333333,-34.57911995984898,3.0681923111266265,1.2704772050193043,-0.215004267322462,0.599257961757538,0.6231713178193873,88,62,7,1
272,9.066666666666666,-35.97507847415244,1.9533645105516193,1.2838368534086158,0.7066823103740933,0.9017169465043328,0.7208509555128416,96,72,7,1
273,9.1,-38.22038470537136,1.1304133064494657,0.9579348022297864,1.3995064971421316,1.9147972877359725,0.7308810469755469,87,59,7,1
274,9.133333333333333,-37.08872565699988,2.7785259895525094,1.0959643205985117,0.08167885975355488,0.6202089393344171,0.5900785978780633,89,67,7,1
275,9.166666666666666,-38.68421716348332,2.6639582073689745,0.867334865434259,0.27307583973339067,1.1752199459604884,0.5658288432460229,86,57,7,1
276,9.2,-41.03450200560227,1.1438382464905494,0.9243313957016142,1.4863973678896167,2.0664858694597656,0.5731033482200817,102,63,7,1
277,9.233333333333333,-40.700316490513224,1.9622954954294656,1.201522908781584,0.9594811774861883,1.2597963091235094,0.7392215362567203,100,74,7,1
278,9.266666666666667,-41.73540762722715,-0.3177898395432308,1.6815031415504222,2.5100601497942767,1.2412209811594552,0.3219746074439852,97,58,7,1
279,9.3,-43.561812989664745,1.8192810788699916,0.5271602329094804,1.19594692033816,2.163220887590324,0.5665179866972778,96,59,7,1
280,9.333333333333334,-43.240333483032,1.569556518973723,1.1769012153631735,1.326594079330544,1.24867959804666,0.5159782296764409,91,66,7,1
281,9.366666666666667,-44.3168496796725,1.3039996484197367,1.0608181933802712,1.5960384152551779,1.4572756095057102,0.48623710261342323,90,54,7,1
282,9.4,-44.376119489105335,2.1039623046215006,1.4438416489876005,1.0758251596451454,0.8741114666283936,0.6438945903270156,90,71,7,1
283,9.433333333333334,-46.22509169988138,1.1931788440259723,1.7906885986218697,1.821996949846256,1.3499700930393803,0.4034864325339564,85,61,7,1
284,9.466666666666667,-48.34202941650894,1.826434187925802,0.26282351174646124,1.497713154098997,2.584935843827176,0.6453609082821582,84,53,7,1
285,9.5,-48.13574014297446,1.2665581706278388,1.018189799039007,1.9245739678087839,1.7516216036857188,0.7115789985095381,90,52,7,1
286,9.533333333333333,-47.612371458914986,4.247322253164256,1.4756255907149125,-0.2739013289529142,0.8870575822370469,0.5915320544353372,84,63,7,1
287,9.566666666666666,-50.42495981556521,2.9331585058289065,0.7289268957656247,0.8803489533734259,2.1969913504160097,0.7934710859256537,87,57,7,1
288,9.6,-50.07765143918344,3.087011412228893,0.564342154984601,0.6867875137673854,1.5417383294628282,0.5882360752996493,92,62,7,1
289,9.633333333333333,-51.23239322308554,3.156189844778549,0.9584814536670905,0.7142104100711623,1.6034378507968936,0.570292203117047,88,61,7,1
290,9.666666666666666,-51.92172395980249,3.7205877376035694,0.7785271459395631,0.4355851638163203,1.5994600090424487,0.8013089547794526,85,62,7,1
291,9.7,-53.01844444751639,3.4500823363709827,0.8532346956945958,0.567361148966894,1.6822054271041325,0.5794977860954994,94,63,7,1
292,9.733333333333333,-54.537637883308236,2.2462422945116955,1.4011908298530074,1.5149888991744647,1.8733089962033118,0.3904422554964127,84,50,7,1
293,9.766666666666667,-53.59282396832871,5.024327134782151,1.186298466158945,-0.48882935744829203,0.8908622046411699,0.6069230162732389,90,60,7,1
294,9.8,-53.99767221152636,3.3934798345744888,1.8574117943201713,0.7602747851395687,0.5043569606116634,0.6079755104375144,91,72,7,1
295,9.833333333333334,-55.290467731357154,3.1352452995673126,1.3692896762310625,0.8366487957327445,0.9254268610857653,0.3265841398490441,84,56,7,1
296,9.866666666666667,-56.98717332595662,3.272277689760166,0.8978516028251704,1.0290182302952753,1.5444863900986792,0.7284672192099716,83,52,7,1
297,9.9,-57.72886932628117,4.724389719002172,1.1154581096078573,0.07506919592650954,1.4211236501876525,0.7909911870038476,90,63,7,1
298,9.933333333333334,-59.48058460345323,2.4679607278057425,1.0907346068916155,1.6387824897533887,1.8634791161934887,0.47587445664201494,79,48,7,1
299,9.966666666666667,-59.07346538334738,2.865591181317324,1.1596198146113466,1.2312585650294723,1.2084977576088116,0.31080423765140475,85,57,7,1
300,10.0,-60.331786160000576,3.213857003163067,1.688173523229736,1.2252395079666363,1.2575884177311665,0.5942495528219074,77,59,7,1
301,10.033333333333333,-61.96091259698586,3.9394567902146314,0.2796732233614705,1.0056606655170772,2.1789440945514933,0.9434619056529016,82,50,7,1
302,10.066666666666666,-61.58796305809336,3.86811646401776,1.1941014934399732,0.8538425195177993,1.2330151069624233,0.6411747966689475,85,55,7,1
303,10.1,-62.304826731978714,3.616924592393609,1.402514023685896,1.0573367121994064,1.0733508086474266,0.6366588919537449,83,64,7,1
304,10.133333333333333,-64.06514594952007,3.7375434592579815,0.390237365408737,1.0611172078486215,1.8730241389634046,0.6259751607249741,84,55,7,1
305,10.166666666666666,-64.66533683995456,2.4305171024206196,1.19640799943096,1.9932244751665624,1.4684052791608095,0.5112331450537675,78,49,7,1
306,10.2,-65.78468657134655,4.195934264108651,0.8744359888445672,0.8793846481102054,1.687949006894683,0.6956946238867842,85,57,7,1
307,10.233333333333333,-66.6830227716274,4.85871553100327,1.2619871193843721,0.4960048871856168,1.617527505818375,0.6526380850613615,80,56,7,1
308,10.266666666666667,-66.91216767164657,4.9719706376957475,1.2725902689224853,0.49499482845811593,1.3730645330049687,0.8786884495212893,74,48,7,1
309,10.3,-68.88523817505094,3.0692241367502326,1.2351849527336185,1.8940126883250281,1.9028607633718446,0.6318642865415814,78,55,7,1
310,10.333333333333334,-69.13482165115302,5.075244727842545,-0.3556383784311521,0.5392467016515987,2.1943676426952003,0.7530323667264022,75,50,7,1
311,10.366666666666667,-69.29290612482515,3.6446373737784867,1.3895503422520648,1.3598072407485349,1.2274865837288373,0.4499604383232308,72,52,7,1
312,10.4,-71.22751634742585,3.6921017171109654,1.3361558857344562,1.4900401118917173,1.750309121173478,0.4873277973251639,75,54,7,1
313,10.433333333333334,-72.50780912403062,4.493991198620975,1.0551511315445907,1.0861299739411636,2.0756282980285463,0.4807974663648847,80,53,7,1
314,10.466666666666667,-72.50372235662448,7.217503964169417,1.409586492793693,-0.8920163375034319,1.5768874077380872,0.6370793152256358,80,61,7,1
315,10.5,-71.61840736444671,4.877648873156762,1.895091185404354,0.7340213022568505,0.5612975924666317,0.7344017876358762,74,53,7,1
316,10.533333333333333,-75.62503589966468,3.4187886344096086,1.1407357357349355,2.013738632344707,2.332204720589059,0.5326590783743198,73,52,7,1
317,10.566666666666666,-76.09663326877315,4.762904959652044,0.9826376197913191,1.1233510487448741,2.1785951065239475,0.5660178550263059,74,55,7,1
318,10.6,-76.37120414629456,4.689517427402716,1.131451795317929,1.0991969826529975,1.9316188190790544,0.5512298371515404,78,48,7,1
319,10.633333333333333,-78.19116480117452,5.461103916988044,0.8459985075890728,0.7444232951587456,2.4139033062671142,0.6092212644448203,75,53,7,1
320,10.666666666666666,-78.02268823180303,6.6264899220942155,0.9921387238633059,0.08076206919297596,1.9353872698862704,0.7887335595606862,67,46,7,1
321,10.7,-79.32338188541652,5.549551534874006,-1.0898370184889359,0.9495608177105193,2.9425614030781775,0.9493607120564167,72,47,7,1
322,10.733333333333333,-78.64097206545115,3.718162176470546,1.9794480041567653,1.906616012036891,1.081122798315503,0.44686449543712015,66,47,7,1
323,10.766666666666667,-81.79731877402293,6.159449291641032,0.43684564763188405,0.34594731989454863,2.604509745194861,0.4420492194664967,62,41,7,1
324,10.8,-80.59265174677353,5.70572527548757,0.9633455023117818,0.9590222816847407,1.6110702540964177,0.9250735677908286,60,39,7,1
325,10.833333333333334,-81.68970125509705,4.0302174649090645,1.6638322433811226,1.9353206442080328,1.4592045295927156,0.5627761561976514,54,46,7,1
326,10.866666666666667,-83.3905656299719,5.342733167519139,0.9606233673317348,1.0952477917397376,2.042036005980687,0.6052417235887045,58,45,7,1
327,10.9,-85.20712007679123,5.3201085310637914,0.7962424180239083,1.2400970390290638,2.502318937948377,0.5153612407245289,59,44,7,1
328,10.933333333333334,-85.72717391662496,6.030032972333949,0.8826923958244208,0.6721364233823317,2.3441969609633215,0.4873955005226956,59,45,7,1
329,10.966666666666667,-86.89783562710613,5.631199356253724,0.7426116435381971,1.0612942937520127,2.5992622121811246,0.4614363705990995,57,39,7,1
330,11.0,-87.09911077905916,6.378355752934155,0.810825918230833,0.6157736109721538,2.3045398827881094,0.5160721173357323,60,41,7,1
331,11.033333333333333,-88.74028599948147,6.364279396534599,0.44058734738423766,0.6354502686071671,2.7620598521975217,0.44206400555509234,58,44,7,1
332,11.066666666666666,-88.50572077087295,6.381596765481831,1.1269598619491603,0.7481373900054981,2.11101109883473,0.74573625574729,59,45,7,1
333,11.1,-89.06874676086753,8.778720095271986,0.893404186184199,-0.6909744123016569,2.0619124428399913,0.8547799420230963,57,35,7,1
334,11.133333333333333,-90.63763136460176,6.67022673823147,0.5993211471898121,0.6831400059702554,2.531194146163799,0.6359373785066512,58,44,7,1
335,11.166666666666666,-91.24501667061567,6.848235535678015,0.6124542369843482,0.80276560636582,2.4387554697262246,0.9014667139854795,49,34,7,1
336,11.2,-90.35292307285803,6.214961123509148,1.7797845674395347,1.043179903423908,1.1721029848778604,0.7755235627774129,49,34,7,1
337,11.233333333333333,-94.42197392488849,7.586668153819922,-0.5499448860319234,-0.039485568166153145,3.3201023585668987,0.3941042477004259,43,28,7,1
338,11.266666666666667,-92.06197846966431,5.7664905220923295,1.8620374427914186,1.506622512600566,1.176289421005327,0.868724779373376,42,31,7,1
339,11.3,-95.66244760789947,6.532412166262695,0.11840330599400772,0.9577285951588608,2.9578757490425365,0.5645465830984233,43,29,7,1
340,11.333333333333334,-95.20141687253155,4.85055404262576,1.5387864964574618,2.3263724855843737,2.041272343696303,0.6739040608908048,47,34,7,1
341,11.366666666666667,-97.16294447304648,6.400575676719846,0.07466532102918677,1.1682235525941431,2.9175894051422153,0.6067546385536415,46,31,7,1
342,11.4,-96.463087551077,6.710716936627733,1.362090839119162,1.1489080447890436,1.901173528564987,0.831838958399192,39,29,7,1
343,11.433333333333334,-97.69310695210542,8.482957941322383,0.6991881249391128,-0.1724580731698995,2.1968065625662523,0.7794999290336486,40,24,7,1
344,11.466666666666667,-98.60730706120279,7.095298537273436,1.0597730329308774,1.0315914716445267,2.239433436053536,0.8977267262753048,40,29,7,1
345,11.5,-100.24074615416201,7.829874542859081,0.22929916675659,0.5035275111727886,2.831161806235651,0.7823323998238806,36,25,7,1
346,11.533333333333333,-100.03783145542621,7.242206885027848,1.2857106756318473,1.0054164688074574,2.1530817200918038,0.8315801775922735,33,26,7,1
347,11.566666666666666,-100.87731243946126,8.051040247568906,1.2115006682205234,0.4949610166892469,2.1212930859234542,0.8919875367831701,35,23,7,1
348,11.6,-102.15919651543831,7.447253108682247,1.2588314957997966,1.0627473264736027,2.4664240956225054,0.9651341007477475,32,22,7,1
349,11.633333333333333,-103.13226314844297,7.610138617349762,1.3263697483645132,0.9542277119019321,2.6071314454273016,0.9217980290501595,34,23,7,1
350,11.666666666666666,-103.57114384999065,7.388158843876525,0.7911386927882944,1.1918754999627315,2.6073239098769037,0.934650683834973,32,24,7,1
351,11.7,-101.71241279693427,10.084127485438458,2.425000402425809,-0.7357780375695878,1.1525249072170132,1.0946867909718743,49,31,7,1
352,11.733333333333333,-103.82679608104564,7.870561065770751,1.296438604001068,0.8248097318130685,2.137233552678048,0.9227354288386118,36,27,7,1
353,11.766666666666667,-103.95059302565626,7.75998277439821,1.0217619405901956,0.8483575610632678,2.165104019453427,0.8299303949050372,30,22,7,1
354,11.8,-105.2014184031159,7.9756441032652745,0.532763179942279,1.1011422019370516,2.9411577563009326,1.1499843369148295,35,24,7,1
355,11.833333333333334,-102.19009972499252,10.018930577596926,1.8771756489897342,-0.8598549309011327,1.264621704771199,0.9011600634141155,48,32,7,1
356,11.866666666666667,-103.46530155915613,7.238258404737039,1.688058908336032,1.1851747961029673,1.8145440089629736,0.8257839719750597,49,33,7,1
357,11.9,-104.09042528292959,8.179057296511715,1.1466679664016652,0.6352465664608183,2.089306462430617,0.8924345303132531,32,23,7,1
358,11.933333333333334,-103.39543334356988,7.493850910685133,1.4770999502005964,0.9192427310553174,1.872083618425058,0.670158360024975,55,34,7,1
359,11.966666666666667,-103.19477847607266,9.419863111123881,1.1121648293353132,-0.3575352504766249,1.9225438160984998,0.8744126148166869,47,28,7,1
360,12.0,-103.93235136668932,7.328257061441867,1.223222694212808,1.1707557102274695,1.9465749517101472,0.7840292144665972,32,22,7,1
361,12.033333333333333,-104.62507906443645,9.11361848489583,0.836847273303789,-0.07270801564894713,2.541585399488001,0.7670938383510356,35,25,7,1
362,12.066666666666666,-104.28597294117233,9.175806101966998,1.0566402468612637,0.020843816374585093,2.3782286015289897,0.9176149232112406,34,27,7,1
363,12.1,-102.82041369332643,8.29703817960074,0.12296444207724733,0.24984754509629847,2.1087706389837964,0.7075632326569036,55,38,7,1
364,12.133333333333333,-105.12672520764357,8.72061840261452,0.4043051537543221,0.4925749025376273,2.863672151784266,1.037738909484252,32,24,7,1
365,12.166666666666666,-102.91329428886475,6.775251988386572,2.0025065530216892,1.5512868961867785,1.1924216731829425,0.8079466709966739,32,23,7,1
366,12.2,-104.22516327210397,9.658931795298734,1.3699659063530731,-0.4184919089032359,2.301970537049813,0.8664507851181045,30,21,7,1
367,12.233333333333333,-104.24315458336778,11.175703247592253,0.5682767584335267,-1.5437000438710522,2.4422061976810747,0.8993514191556209,30,21,7,1
368,12.266666666666667,-103.07881061892662,10.054183261839249,-0.21384961528802648,-1.04165692234681,2.4151368517037346,0.7919581982210715,51,36,7,1
369,12.3,-101.54375754136396,6.585789907019652,2.347747649333229,1.411137211789075,0.8487810266247157,0.6903525998587726,51,31,7,1
370,12.333333333333334,-102.68045415072424,6.825920846975997,-0.03821866940816676,1.1431237361789968,2.441240470884345,0.5163694613943095,47,32,7,1
371,12.366666666666667,-103.89767228367569,7.647287440656839,0.9866813651486979,0.935983109260838,2.9669792974070344,0.7818145128648524,34,24,7,1
372,12.4,-100.92187869515651,10.541202613092473,1.41820126877181,-1.2266778901322637,1.6351630827981545,0.8781180831256309,34,24,7,1
373,12.433333333333334,-101.36646355024918,7.0139918010740985,1.0845746964596543,1.3979138443728398,2.3424948314821266,0.9319231620770831,36,28,7,1
374,12.466666666666667,-100.19649274102116,7.725310157739152,1.3614737695829007,0.6474980041917423,1.9885141574677538,0.7789733034010909,31,25,7,1
375,12.5,-99.75438600231536,7.4435973106633995,1.4217487291640225,0.7690262504641058,2.266669309407154,0.7504216986767073,38,31,7,1
376,12.533333333333333,-99.47097037508345,8.122237672426685,0.735144693959839,0.38339003004812927,2.74448533695372,0.9239778095774277,39,31,7,1
377,12.566666666666666,-97.65110024783374,7.580802144776513,1.4911140088293564,0.6011332909759448,2.0350489042379296,0.8979723283811347,40,27,7,1
378,12.6,-97.42356670423395,7.567484245452604,0.639311841486986,0.4216314855379429,2.4575764801942888,0.6566385316178769,42,36,7,1
379,12.633333333333333,-96.19825906949048,7.214623247966728,0.9571167000653702,0.7553944777478409,2.1944363650460894,0.7768425343497019,41,34,7,1
380,12.666666666666666,-96.53274722338715,8.334273620096063,0.31706057399813403,0.2316059789414699,2.8982261823861535,1.0831016313315265,43,26,7,1
381,12.7,-94.23937803489297,5.9013513424033235,1.5751894110803022,1.4940683407139255,1.9101670395557642,0.6934028041231525,42,33,7,1
382,12.733333333333333,-93.63432030520956,4.601285409003388,1.4538326050027166,2.3283989694099576,1.9485395967801384,0.614164703145651,43,27,7,1
383,12.766666666666667,-92.28514280254934,7.539865295327452,1.3635457837485916,0.19652067470618234,1.8495845063147218,0.7928365699377811,46,31,7,1
384,12.8,-91.73272704087009,8.975419759561653,1.0545010945263442,-0.8409038557073255,2.0476949244114793,0.7263988866887823,45,30,7,1
385,12.833333333333334,-91.37491693415015,7.419714679809985,1.216357243568936,0.2403104294108971,2.2804852062763064,0.732824414675796,51,41,7,1
386,12.866666666666667,-90.5671819962761,7.737326378082045,1.0945887734271764,-0.06028724184257962,2.2939211957217607,0.6832858535324821,58,43,7,1
387,12.9,-89.70492652742443,7.925301034117666,0.7944618547076914,-0.27336661006815066,2.3303637565320345,0.6527940522580852,53,42,7,1
388,12.933333333333334,-88.24603633954936,6.541905215932182,1.399744149212296,0.6603855676086337,1.8748402418023071,0.7110217986531135,50,44,7,1
389,12.966666666666667,-88.95098754775437,7.60000699790551,0.2610761339872454,-0.24377667082810964,2.8078484951664677,0.42454615585581956,55,37,7,1
390,13.0,-87.248572529756,6.1237681337689835,1.007304589068056,0.8963643416148946,2.2658365949202057,0.5985098866832317,57,44,7,1
391,13.033333333333333,-86.1606165908912,7.053953024919615,1.0230048313980404,0.2885554709494043,2.1474501144092204,0.7873229850341553,57,39,7,1
392,13.066666666666666,-86.6123230597189,6.151349702280115,0.27298724056265655,0.636772515499758,2.84327016069164,0.5112062798672597,61,44,7,1
393,13.1,-83.85631584205744,6.412782944781149,1.4686338829724974,0.524324785820569,1.6863010139904344,0.7462569290824279,59,42,7,1
394,13.133333333333333,-83.10927600270311,6.663375291968613,1.3821237776297721,0.2883701838109785,1.7588003110289923,0.7098968186340894,58,41,7,1
395,13.166666666666666,-82.39532491852552,6.447962708989934,1.1620583660674413,0.5032264446993785,1.8715378015663622,0.8469725488677184,60,38,7,1
396,13.2,-81.56801168056688,6.099585219516584,0.9688668758644354,0.43444800647182497,1.8865139994870697,0.5686100705663739,61,44,7,1
397,13.233333333333333,-80.09170229695519,5.408589217496793,1.539328422969163,0.9526139392670526,1.4097771309219076,0.6198421947218571,59,35,7,1
398,13.266666666666667,-78.69037370405039,5.916790191600537,1.590645943777517,0.42436410102361083,1.1416876476818036,0.5993363479123845,66,48,7,1
399,13.3,-79.92395739763877,7.101944976203619,0.8039763708293464,-0.32306643766781235,2.439662733457156,0.625807360466294,64,39,7,1
400,13.333333333333334,-78.23350008332352,5.89431585315409,1.06197314212136,0.4365875353307571,1.9265442690351877,0.5886740234044973,69,57,7,1
401,13.366666666666667,-77.20492881720142,5.902957823227386,1.2578714965437001,0.3167505852053341,1.7122630318792336,0.5513223391896188,73,54,7,1
402,13.4,-77.68727211502285,5.604951230348096,0.8731480764987793,0.5443576758515758,2.498361812239309,0.49607155369157396,66,52,7,1
403,13.433333333333334,-76.9100167843355,5.481898681164264,0.8781296965184282,0.6786889624457244,2.532657095015896,0.5799956901256119,80,55,7,1
404,13.466666666666667,-74.91768997794728,4.371173899169854,1.4598835569094035,1.2838342851505609,1.7650594960834505,0.5990926977536657,79,52,7,1
405,13.5,-74.9541821779721,5.380407752875577,0.9240331815249903,0.5264520091983345,2.336619956379813,0.42361217857508443,68,48,7,1
406,13.533333333333333,-73.50504061993075,4.855034311667097,0.521669967183783,0.8614448650410425,2.2629631797470866,0.6076437660032665,75,46,7,1
407,13.566666666666666,-73.13454593951812,4.241455828374143,1.2414534083404476,1.2318822535005292,2.2150432249844174,0.49884350944199357,78,53,7,1
408,13.6,-70.61262163654106,4.628881160143969,1.5068804849489652,0.7838967326660515,1.3599194822985,0.5085036293573146,78,62,7,1
409,13.633333333333333,-70.20880235694543,6.121703975976359,0.12658364853574255,-0.09760289015794903,2.030978521279147,0.8398786275840741,77,57,7,1
410,13.666666666666666,-69.24308725277388,5.477904349220832,1.0696453376766755,0.056771516749538044,1.549787567477864,0.4209766353235915,72,50,7,1
411,13.7,-68.92050048093108,5.305848570179883,0.726803705359842,0.19928063796194742,1.9867059953595263,0.4627196785272508,78,54,7,1
412,13.733333333333333,-66.85378381270074,4.99416643359784,1.4574391490129557,0.40095831646168645,1.101115541709162,0.6076126531126441,79,69,7,1
413,13.766666666666667,-66.92862321148685,5.998224959434591,-0.14185770169765988,-0.24030343656500058,2.142032611506637,0.7981898110846839,75,52,7,1
414,13.8,-65.36707108225613,4.69151665350272,1.6055582285280394,0.3399217566489644,1.1734343723705836,0.35625818264115305,71,54,7,1
415,13.833333333333334,-65.70127893775593,4.603604439992129,1.316602828024699,0.6241286560890338,1.8777451810947274,0.6367648125689929,77,53,7,1
416,13.866666666666667,-64.16410393232883,3.8666566222401855,1.5169679870482184,1.0540644787602145,1.450696062032371,0.6565004414103633,82,62,7,1
417,13.9,-62.84377529467547,4.885443449242416,1.0340934057348932,0.048099407829268595,1.3465096743855967,0.37911709032503127,80,56,7,1
418,13.933333333333334,-62.21755548244917,6.015812328236198,1.3906167652999386,-0.6656694899903847,1.3571911748403875,0.634695992338485,78,59,7,1
419,13.966666666666667,-61.481813328204225,4.654120873118973,0.9598087983207648,0.20848095568218866,1.529480277460419,0.4553460817138735,82,62,7,1
420,14.0,-60.8480071141891,4.063916729246323,1.4725522086375804,0.6225099556915962,1.4622400730743639,0.4470829334212267,82,57,7,1
421,14.033333333333333,-59.429654481158245,3.7902514865945243,1.1689080949113304,0.6841348133972777,1.2535405873509606,0.4500214029241942,84,57,7,1
422,14.066666666666666,-59.92144575531502,5.024552145184451,0.25664754069474327,-0.007955839775819507,2.2874643175252394,0.7325007998809123,82,55,7,1
423,14.1,-57.660570257993626,4.164986916330655,1.436559490665715,0.40076226424120526,1.150748975885838,0.5345758211328869,82,77,7,1
424,14.133333333333333,-56.87886996814558,5.058055501674865,1.0534164429146529,-0.2815118146734441,1.2870258358395044,0.679485447887979,83,66,7,1
425,14.166666666666666,-56.76592469861675,3.6734115811386907,1.112793327944388,0.5854260872870038,1.5965279382421278,0.42589690757599147,84,55,7,1
426,14.2,-56.28299929167251,4.145378378700396,1.416198805654048,0.33450722546055467,1.7164267181929334,0.4732912660805767,90,51,7,1
427,14.233333333333333,-54.593222615690195,4.791050442286686,1.1304256050463124,-0.3200147357628051,1.3606353135984641,0.46141495946896455,83,58,7,1
428,14.266666666666667,-52.95065194142863,3.601271765944169,1.6778055607424562,0.40981442225586834,0.7589063622576756,0.3507208983227086,81,56,7,1
429,14.3,-53.32542920221224,4.114430577518142,1.1638829524614067,0.19289180194869351,1.5890483251193954,0.5987847726330215,88,56,7,1
430,14.333333333333334,-52.685657090294534,3.577972361837986,0.7023125382159492,0.4462620771545756,1.8320827612669988,0.4982783112308162,88,59,7,1
431,14.366666666666667,-50.98246478488532,3.868640380165271,0.9148568860853317,0.06717383634213811,1.2893193908229086,0.34002250856694066,84,59,7,1
432,14.4,-50.96120317669872,3.067683928829414,1.4596501845903873,0.7757182191760423,1.6003835506129729,0.4906873888190185,86,57,7,1
433,14.433333333333334,-49.96667562637822,1.9989977564817991,1.291447490092736,1.2847880517732944,1.584834817176373,0.17211555870438106,89,53,7,1
434,14.466666666666667,-47.700440271368485,3.5605089353103487,1.3668127802661303,0.1654386564880956,0.7131439297122054,0.46515806269171917,87,59,7,1
435,14.5,-47.39833864464644,4.097144896187288,1.0521240975542554,-0.210012361228505,1.132361238733748,0.4340083850883285,92,67,7,1
436,14.533333333333333,-45.959380524835865,3.571669744077596,1.6826222142933034,0.018662012117907717,0.6393761198919493,0.3335001525469866,87,54,7,1
437,14.566666666666666,-45.35784510250726,3.5871104093691137,1.4690679432706304,-0.0012766505742703683,0.8037501129760576,0.46262214750782465,91,74,7,1
438,14.6,-45.26929505920578,3.175392372838676,1.0631290629276435,0.2372946922603758,1.35995689467742,0.24687777808635744,92,64,7,1
439,14.633333333333333,-45.26045304044638,0.8003734124432356,1.459729742514014,1.873870542842123,1.7356786539676547,-0.0004452006263279125,86,53,7,1
440,14.666666666666666,-43.595503749934515,4.223009509418002,0.8973163692968598,-0.5334398559287644,1.4189182022352613,0.5135661463960567,95,72,7,1
441,14.7,-42.987401242206175,3.355974651493476,1.039477877073935,0.026022422846138527,1.5215032605737702,0.40623103568277275,94,70,7,1
442,14.733333333333333,-41.34586722683866,4.368585309134147,1.2337943162070388,-0.795471755589591,1.040656531635361,0.42312762159684364,102,69,7,1
443,14.766666666666667,-41.310695705633265,3.189914810516221,1.119127588135811,0.08983694755063114,1.5166885253774725,0.43442120728420863,93,57,7,1
444,14.8,-40.51697048573287,4.253790771555352,1.0159423329642152,-0.6968536809732144,1.5526821312637942,0.6411982413078674,98,72,7,1
445,14.833333333333334,-38.809268453353525,2.191562916359473,1.2178524159134412,0.5863052382938208,0.9044724818842683,0.39502018862472515,91,59,7,1
446,14.866666666666667,-38.45150919262093,3.488776771028167,1.0154607851957707,-0.3018857288946793,1.3357004844371794,0.4802912507459053,93,67,7,1
447,14.9,-37.56455354529393,1.5120708620674819,1.4224052477642601,1.0668638597633062,1.1897795949945764,0.3385052570242268,93,66,7,1
448,14.933333333333334,-36.92665259978461,2.8845931916712892,0.8169931455386035,-0.03373513646208126,1.4552559887995933,0.19052484116936802,94,65,7,1
449,14.966666666666667,-36.82302513213869,1.5274605656599185,1.7008525216015329,1.0585988664102086,1.6955947876905788,0.2709850135273806,95,61,7,1
450,15.0,-34.13599603014241,3.2070529745070964,1.3198474202719694,-0.45853437637722916,0.5962116277213642,0.17358500024180568,91,72,7,1
451,15.033333333333333,-34.42911264020192,3.5641248181640677,0.8541031590463746,-0.6381613282978429,1.5004897634269199,0.41203293798083007,93,65,7,1
452,15.066666666666666,-33.52568173743567,1.9993670266237906,1.1925276478408477,0.40803985689847516,1.3324845951535915,0.3511359407650293,91,55,7,1
453,15.1,-32.14230054021731,2.8037956812885376,1.0153739449798564,-0.25124820942478504,1.0516069454915051,0.20031551236225673,91,66,7,1
454,15.133333333333333,-31.739831867921364,2.4752940697597836,0.8300307020891893,-0.08925538533407829,1.3503060078658362,0.19080238183620313,94,57,7,1
455,15.166666666666666,-31.13868071005725,2.1028916360462446,1.2184889863354158,0.17967998394886994,1.448219006017767,0.3774383095276484,96,64,7,1
456,15.2,-29.91449593708746,1.521402451198231,1.2703569895072633,0.49744437745196096,1.1953331974833457,0.17653808658057057,96,65,7,1
457,15.233333333333333,-28.90368067752864,3.033023202896942,0.8943063081586473,-0.6070824289070031,1.1736272447436387,0.3368442133455605,95,68,7,1
458,15.266666666666667,-28.53408286220961,0.9197074522223829,1.2513050015333391,0.8688195224563193,1.4099642357723292,0.21303845788097486,95,64,7,1
459,15.3,-28.032230637108142,3.0438400868902846,1.110706603532023,-0.6414623960607349,1.7589830182894657,0.27213963808653896,97,61,7,1
460,15.333333333333334,-25.953534976542375,1.163206553827571,1.1890945487061657,0.5545594199791475,0.7975794775328646,0.12308348426327337,85,57,7,1
461,15.366666666666667,-25.414198484247706,2.6547247031129224,1.2364241469070265,-0.4712988710622057,1.0604020197233799,0.26213845871819386,94,61,7,1
462,15.4,-24.5323038748499,2.447431685150015,0.7726312885658757,-0.4547184211696419,1.0796673785793782,0.016359359189830128,91,69,7,1
463,15.433333333333334,-24.077284356981522,2.2514946725602556,0.9823131907197649,-0.3042801604051561,1.2944566785719596,0.16118700528430563,102,75,7,1
464,15.466666666666667,-22.663331713773637,2.0835165252968437,1.230668788193455,-0.231547294541895,0.8907416723771467,0.15155565736564736,100,69,7,1
465,15.5,-21.92081620510217,0.8868216057213019,1.1727501288304722,0.509142396393723,0.9102474118283002,-0.019365688666298758,94,65,7,1
466,15.533333333333333,-20.686231124731172,1.4586330801716265,1.033059451503462,0.07585706083557768,0.6768634043033546,0.16655535082061912,90,56,7,1
467,15.566666666666666,-20.47620197702612,3.11770297713797,1.1174424560075806,-1.0751285596033588,1.1341960871742276,0.43708110434434466,100,69,7,1
468,15.6,-19.60462928364029,2.465216858243693,0.821645387532115,-0.68009906670782,1.1587733717830389,0.26612346630594036,99,81,7,1
469,15.633333333333333,-18.192423206129106,1.0250854419210675,0.9658065492282617,0.2866159112702549,0.7066364836187715,0.3772103046836743,98,92,7,1
470,15.666666666666666,-18.348633039245982,2.317703124108302,0.7777801208948745,-0.6690642673690662,1.498615977645249,0.10234301834903155,94,66,7,1
471,15.7,-16.36600738691534,1.0106023442771672,0.973703224855285,0.17552189186593628,0.5873607530957783,0.07044662670253464,97,65,7,1
472,15.733333333333333,-16.603193480084,0.6607591264995776,1.1916929503657911,0.4375423614011511,1.329597172535502,0.085790478742586,100,72,7,1
473,15.766666666666667,-13.285424655160874,1.338042647693296,0.8298855555547959,-0.26845169716972167,-0.41939149332075665,-0.026172420292926265,95,68,7,1
474,15.8,-14.811147541910305,0.6762878545256683,1.1614677441783101,0.35568001716255093,1.2878454778292958,0.07962829555746756,94,65,7,1
475,15.833333333333334,-12.987459463352941,-0.3364076426247493,0.7988976093051292,0.9200691064545479,0.5516707712194913,0.27458656653780605,93,73,7,1
476,15.866666666666667,-13.753782646001419,0.5828687607570942,0.9573817185010114,0.3219417567791706,1.7296199235818361,-0.10030856029901548,93,70,7,1
477,15.9,-11.920297689723178,-0.1372281359817329,1.0919214551684746,0.7255576959864687,0.996634433895773,0.025277124286689386,85,61,7,1
478,15.933333333333334,-10.209765276351924,1.2659858760295712,0.7826082098823406,-0.366995475518199,0.47137573924640186,-0.01561351013717987,88,63,7,1
479,15.966666666666667,-8.260091576239049,0.8875567294705604,0.4017395254994369,-0.1890693027628971,-0.3454382921656187,-0.07891914229113675,92,64,7,1
480,16.0,-9.84758509062653,0.37122687512304964,1.2644323046917805,0.30021350893495097,1.36007064642797,-0.13424563384551097,83,55,7,1
481,16.033333333333335,-7.584914154962554,0.7541697864373198,0.9159157339551172,-0.1137162816978208,0.4109872497026096,0.22392909584673965,87,71,7,1
482,16.066666666666666,-7.272118167924461,1.4073094099134593,0.7552569828885254,-0.5783533806249568,0.7591899924481106,0.027057263381312938,79,67,7,1
483,16.1,-6.917813780578911,-0.7082129481879456,0.8293244522466665,0.8737883115546818,0.980493809298289,-0.10791870914697352,73,54,7,1
484,16.133333333333333,-6.232106416736386,-0.9523702849662676,1.1509663473484153,1.0141799683684827,1.1470852241446474,-0.011418683032116472,77,58,7,1
485,16.166666666666668,-5.621470438476763,-0.34355511912490755,0.8859238853939502,0.5909127208342794,1.2880520442454884,-0.026814734344158975,80,64,7,1
486,16.2,-3.014008517732975,1.1595479463044995,0.47566536804515636,-0.6415750223772327,0.0758828817851826,0.12853896948879784,81,66,7,1
487,16.233333333333334,-2.634893324063775,-0.1856119116409758,0.6681647593522229,0.31963430482386157,0.3328092102444912,0.06822666633262771,76,57,7,1
488,16.266666666666666,-2.4996874887958427,-1.3939063595849213,0.6303421844938271,1.143480530721427,0.5787591702968651,-0.07915443083125585,69,57,7,1
489,16.3,-1.6715571758992382,-0.8625981536280101,0.5639488656445479,0.7550852789471157,0.405784467884716,-0.08816197302458027,70,58,7,1
490,16.333333333333332,-1.6079326943019367,-1.0088882738660168,0.7239962367930985,0.8453539458360928,0.7149048353899724,-0.15434765155683872,66,57,7,1
491,16.366666666666667,-1.697403462783889,-1.1679061208465953,0.7022930721481231,0.9429857343016675,0.9582070642685531,0.01423397991643694,66,54,7,1
492,16.4,-1.0846667602494904,-0.1861435462562362,0.30593060028222396,0.23649748157660025,0.649109363505657,-0.07395364397600242,66,53,7,1
493,16.433333333333334,-0.7545275670875284,-0.7689066487300806,0.45049654424936136,0.6224602019156737,0.4629730539340492,-0.07612586838741033,63,55,7,1
494,16.466666666666665,-0.2069239782782475,-0.4763684432931079,0.2950828440112758,0.3484350246653811,0.1569307620573786,0.2820927883699435,68,58,7,1
495,16.5,-0.07069922116586014,-0.7022874312244944,0.11732982223034583,0.532135775448607,-0.006948831390510548,-0.023524019572433684,68,55,7,1
496,16.533333333333335,-0.4290914980524292,0.8503879034689774,0.45797536177421705,-0.5200684401471575,0.40141237359773485,0.13703129474140377,68,59,7,1
497,16.566666666666666,-1.4375150187698296,0.5510428092085675,0.5711988846419587,-0.26247531050903167,1.0678678467955964,-0.051850269301544384,70,58,7,1
498,16.6,-1.4702309836390555,0.34099517917196565,0.6738079404758963,-0.10425916908611339,1.1066607426068928,-0.016489410153648378,71,54,7,1
499,16.633333333333333,-0.450701331162648,-1.79420612696277,0.5219098186959883,1.3259250771822606,0.27535123428901814,0.15330648142752532,67,61,7,1
500,16.666666666666668,-1.6289153070442381,-0.5991989663569761,0.6809376510267526,0.5476394052728578,1.1673573629745035,-0.06646804065891249,63,56,7,1
501,16.7,-0.8032138015462351,0.23856591108653902,0.43133645785528074,-0.08837996775861026,0.5762736566924307,-0.027656169360560163,72,60,7,1
502,16.733333333333334,-1.0220489610668082,0.4040942482827141,0.6064209748138865,-0.19137396919340302,0.7536351181854054,0.0660927344907665,76,64,7,1
503,16.766666666666666,-1.344755138385338,0.7134080525899442,0.36347990170330036,-0.3847244771359421,1.0171679001256066,0.022187855893980767,72,56,7,1
504,16.8,-0.8536877440521877,0.3835367051719665,0.5341279734164317,-0.1932897419857673,0.6692979641090631,-0.03121786617884185,70,57,7,1
505,16.833333333333332,-0.4966775022528864,1.3112472765336065,0.13155491415071197,-0.8876137360456651,0.40610283332233,0.00934086589380772,69,60,7,1
506,16.866666666666667,-0.3150418276650697,0.24853368937353792,0.21945379873666582,-0.12223179957979968,0.24367636349863941,-0.027847512004686947,70,54,7,1
507,16.9,-0.3118119847393004,-1.1647175999240318,0.3013475538783581,0.875388991568949,0.08430752723992875,-0.0072457765148075375,69,55,7,1
508,16.933333333333334,-1.012025134517657,0.5600804778293522,0.27208329435475775,-0.3289982394925498,0.5331399263512197,0.058884858321150084,70,59,7,1
509,16.966666666666665,-1.683655657185355,0.36103416251701503,0.45217113904675443,-0.13422719251555898,0.73827049240463,0.1377635940665985,65,53,7,1
510,17.0,-1.5360500279903277,0.46023694019283923,0.24714565113031028,-0.2201681224244418,0.32617168410857694,0.16201771293190306,77,57,7,1
511,17.033333333333335,-1.637672213978881,0.7384677026046305,0.29260278053652655,-0.4572459104077056,-0.05996289442888159,0.329944315620526,80,65,7,1
512,17.066666666666666,-4.267978807538277,-0.45737169851345527,0.9979330214773654,0.5626234107872835,1.243845828227812,0.35269951687710976,75,58,7,1
513,17.1,-3.6701307670428847,0.4749597946906192,0.5631475961174885,-0.11894433267984397,0.2881634458383955,0.2212677698190255,69,61,7,1
514,17.133333333333333,-5.146446025406128,1.1404936051737984,0.6269872097712579,-0.5338041442390947,0.8187059473112469,0.24155710609889777,76,61,7,1
515,17.166666666666668,-4.908209590450923,0.7400742151063824,0.273788853273885,-0.28020920377871633,0.004587046462212194,0.4866887374578618,78,71,7,1
516,17.2,-8.158440322432781,0.09263660954106001,1.0826560282462765,0.40241749511100217,1.66795978370443,0.33888598362740835,87,62,7,1
517,17.233333333333334,-7.295818212428003,0.6536027345651014,0.6109115832414744,-0.09160118786474664,0.4677706994089696,0.4102477091588591,77,68,7,1
518,17.266666666666666,-9.048732256777022,-0.09297495052965132,1.052361141334714,0.5817042391716182,1.1483276109294598,0.3386123098719429,83,59,7,1
519,17.3,-9.110588165025362,1.360516205520831,0.7527816708128228,-0.4765223167684337,0.6633733342383222,0.2758998992286166,86,66,7,1
520,17.333333333333332,-9.122331529565635,1.7039691843247802,0.39591058156692327,-0.7139322174776701,0.09086046175670516,0.48790477158893664,80,68,7,1
521,17.366666666666667,-10.339865019412322,0.9831118480161258,0.6054165430734173,-0.1590883311059084,0.31577663244337045,0.4643449494102226,86,61,7,1
522,17.4,-11.321336390955501,1.4807734564395396,0.6753363727737138,-0.462334857829686,0.4109903326366789,0.4656859236812383,88,69,7,1
523,17.433333333333334,-13.137227985170583,0.8858950750651182,0.877205551792116,0.07277503393299868,1.0345958166171605,0.44868404554081015,93,62,7,1
524,17.466666666666665,-13.492423191711204,1.3809134432824166,0.703954879375317,-0.26618624360512433,0.789384823300379,0.48524515874637786,81,63,7,1
525,17.5,-14.537705864321257,1.7338459342478352,0.7468045343241556,-0.4578242335905494,0.9364962879817,0.44535210586104024,91,61,7,1
526,17.533333333333335,-14.986249756881964,0.33488151256674215,0.9127061884802856,0.5532735493281937,0.5563966229534925,0.32363301061592853,88,60,7,1
527,17.566666666666666,-15.318839916419488,1.466331414810245,0.7798974290503224,-0.23053066161988747,0.2832364423626562,0.5141297083912317,97,64,7,1
528,17.6,-16.75855046881412,1.3507415147651614,0.6632240389218822,-0.058054892952204534,0.6536027421503534,0.46676798450948276,87,61,7,1
529,17.633333333333333,-17.220640102793904,0.2466501829833625,1.249885931846677,0.7477359727000065,0.36612206590004887,0.3793789615300931,94,56,7,1
530,17.666666666666668,-19.53328497194449,0.6676722006627145,1.1273266205971595,0.6011808004809304,1.425193617223925,0.50185697014742,99,60,7,1
531,17.7,-20.021781249126402,0.32232482276328156,1.109024100231295,0.8689721248167376,1.0826878298132026,0.36310205663212664,93,65,7,1
532,17.733333333333334,-19.853500123497206,2.364453002689654,1.0244188014825397,-0.6134890646620773,0.5346650931729661,0.4662672897769648,94,64,7,1
533,17.766666666666666,-22.32330713410434,0.8365002178595553,1.1265464953021933,0.6183339358391033,1.5436283481621793,0.506077569954156,94,61,7,1
534,17.8,-22.071215318724104,2.240666223176895,0.8380565667834503,-0.38146086051325273,0.9106588092774325,0.4574496919430828,98,67,7,1
535,17.833333333333332,-21.420952580756612,2.1042849186473696,1.0768544775449982,-0.3364384473147236,-0.13798208082014796,0.4788166048457836,97,66,7,1
536,17.866666666666667,-23.76703811813281,2.4740476597777885,1.2156189936124946,-0.47332031162089566,0.9124182411779381,0.5986430742225614,105,77,7,1
537,17.9,-24.896609172913568,1.9731046339391085,0.9745854603345094,-0.009525054390554675,1.081251286541254,0.5747717153004073,92,65,7,1
538,17.933333333333334,-25.83589652657854,2.076407418063809,1.2149631764780224,0.028088975889487753,1.0690122024313606,0.6805831835669621,95,65,7,1
539,17.966666666666665,-26.679825426355414,3.0459369000785124,1.376189775200615,-0.6767418023670562,1.1227336652571314,0.5887581244229638,99,72,7,1
540,18.0,-27.06829890582484,0.9203079762017374,1.178149952521892,0.8626149189063743,0.7606856994428686,0.5106349931742674,92,67,7,1
541,18.033333333333335,-27.662376715854492,1.0881385953330955,1.2882483993992366,0.7504220232205873,0.5770790416287832,0.5040088055875088,91,66,7,1
542,18.066666666666666,-30.110219075711647,-0.15648487832694968,1.4543978006683886,1.8104366510059176,1.586733162175998,0.46515093767239685,95,57,7,1
543,18.1,-29.87197795128303,1.5849409915203836,1.3766071363228605,0.544669495788823,0.9486879423680641,0.5855030060410272,91,59,7,1
544,18.133333333333333,-30.63976844875339,2.2183372736973936,0.992704284528557,0.146751444637346,0.9593992421944239,0.6256794335905681,93,70,7,1
545,18.166666666666668,-32.06963182536678,0.2570383561415248,1.1921847771338179,1.578289825974158,1.2532786510219578,0.4525451977613642,87,59,7,1
546,18.2,-32.54595649385682,1.0382476147702668,1.0926177430001616,1.046309746079905,0.97979070107033,0.4515063372251308,90,57,7,1
547,18.233333333333334,-33.70819323251091,1.8319981117477937,0.7132020027908226,0.578870587438441,1.352437617029514,0.5299326112791124,97,63,7,1
548,18.266666666666666,-34.13110050981764,4.221322381047241,1.2139333141224995,-1.087271413083176,1.096110147541436,0.6483587136261179,99,66,7,1
549,18.3,-35.26613843953422,2.2616521671837475,1.388307667461234,0.38824625960927106,1.142597349209581,0.5900207859588233,97,66,7,1
550,18.333333333333332,-37.56662472315013,2.1627756445827124,0.32890399188075037,0.6266144349030797,2.299481424329065,0.6335921192223917,90,57,7,1
551,18.366666666666667,-37.15582605587896,0.6776318287775318,1.3227101198594653,1.5003615316447947,1.2211887096694216,0.2166120750785349,96,58,7,1
552,18.4,-37.02185447694966,3.20561970474942,1.3405253776201107,-0.21437590815456026,0.7185576957351792,0.5790301677453762,91,61,7,1
553,18.433333333333334,-38.30758896325383,3.832410912155165,1.2561525268411913,-0.5734428285846539,1.020340223640762,0.6810045632801429,95,67,7,1
554,18.466666666666665,-40.190844657265494,1.8835042930202093,0.9940992244112437,0.9605638864002688,1.634056326918206,0.5489676840672941,93,63,7,1
555,18.5,-40.51187701254584,1.7798675847344008,1.037970253080445,0.9893811434490647,1.2742092988821168,0.5103933706253397,88,62,7,1
556,18.533333333333335,-41.64290181205692,2.9708063587109272,1.5553593012997737,0.21777145935460687,1.417834394721821,0.6641969275355204,90,65,7,1
557,18.566666666666666,-41.77045747838307,3.2469903729600915,1.0724781533437238,0.0880884395216654,1.1121104370492596,0.6835411951799969,94,62,7,1
558,18.6,-42.74664162831903,2.5338804404800506,1.1089854451308838,0.5827042468497857,1.1562352702498508,0.6544813469383336,93,59,7,1
559,18.633333333333333,-44.118022948648125,3.3326951798376854,1.066292344741484,0.16683921633975315,1.519602001138319,0.7256817177889973,95,60,7,1
560,18.666666666666668,-44.969247445157016,2.7970906091360845,1.0667553153250964,0.6089619277716662,1.4870067266338887,0.7227209605070779,94,61,7,1
561,18.7,-45.62797323172651,3.7943948268940986,1.5658196472855934,-0.13109465930580258,1.242697598074354,0.5710578188680697,93,58,7,1
562,18.733333333333334,-47.13084896963334,1.9900479949466288,1.0295269096533701,1.262213092657998,1.7656621311728067,0.530761024676872,96,61,7,1
563,18.766666666666666,-47.681270056140825,2.400472695132443,0.3614953270309371,1.0046876041481088,1.7697563527194624,0.5273413351901836,85,54,7,1
564,18.8,-48.32106184958069,3.282753191912512,0.7575284565862148,0.44016906853905857,1.5653126015454226,0.7482621341265305,85,59,7,1
565,18.833333333333332,-48.870392996613475,3.4536104134450945,1.0882428698268853,0.4138945151014736,1.3355022484694035,0.841750737376124,88,61,7,1
566,18.866666666666667,-50.508639533587335,4.260371051279826,1.550409266479548,-0.07488991108852613,1.6217456350733683,0.5437209538898332,90,54,7,1
567,18.9,-49.99242770998606,2.8644121823583397,1.036520919615512,0.8350799859060772,0.9550894167153073,0.6064804847211195,96,67,7,1
568,18.933333333333334,-51.050448848368035,3.239220383501003,1.243953998088216,0.7099766237151098,1.0454369510379395,0.7330808774184254,83,64,7,1
569,18.966666666666665,-52.54858118643098,2.293786360560972,0.9260701854830558,1.3557249470793848,1.4955778102525648,0.5658603759679768,91,65,7,1
570,19.0,-53.054206681395506,2.5828857566670322,1.3481169997070168,1.1763477338230943,1.1698557576338267,0.49458948044300105,83,48,7,1
571,19.033333333333335,-54.00902805113269,2.202786946445599,0.8516893795720364,1.5036956562993378,1.3769055743798984,0.386024675798784,83,51,7,1
572,19.066666666666666,-55.642694823444494,3.014237225397377,0.630355113572179,1.119622998374754,1.9158911571342807,0.7247561149290461,92,59,7,1
573,19.1,-57.13412074787129,3.73647993338831,0.14586713562670184,0.7515917954184066,2.4708624126769676,0.869034402188628,88,57,7,1
574,19.133333333333333,-57.253346924484745,3.9038763546948125,1.351057334796323,0.5935943969364872,1.6247849490114241,0.5928766986258047,89,55,7,1
575,19.166666666666668,-56.14631665356501,5.705417446408116,1.4129729666386481,-0.788810346642385,0.6153054290982982,0.6979344455586237,86,58,7,1
576,19.2,-59.43235460616674,3.875570124369599,1.2226481836771654,0.7607874576850059,1.8742797866587868,0.6426402974267037,78,50,7,1
577,19.233333333333334,-59.7203653680311,3.9025403487322805,-0.06976254536013471,0.7961545795291188,2.062390271739846,0.8923075638721831,89,57,7,1
578,19.266666666666666,-60.71475367743019,3.1415947614597144,1.441380077295804,1.3015602572558582,1.610715859131333,0.543926304582292,85,64,7,1
579,19.3,-61.12332729752054,5.188575416746417,1.2958831125627768,-0.053603599958313285,1.5326919760566213,0.6892994615738229,80,46,7,1
580,19.333333333333332,-62.927469302207484,4.489163822549109,0.7293487037889861,0.45542901813212194,2.1848844974567068,0.5737525768611048,82,51,7,1
581,19.366666666666667,-62.90498283208164,3.303332836383081,1.5304446197506394,1.310317532761874,1.4320392466175984,0.5384413357956648,79,63,7,1
582,19.4,-63.49524804350626,2.8728072388463453,1.3310583630354245,1.6412963778523348,1.3805033603059003,0.5355360658816868,77,59,7,1
583,19.433333333333334,-63.68317911376876,4.005180814196699,1.5040249254556954,0.929280661769101,0.9903404831909846,0.6784543620004113,79,70,7,1
584,19.466666666666665,-65.62602287057122,3.823818526843084,0.7313955343125969,1.0436105974406347,1.7707225501767092,0.5776158893842781,81,55,7,1
585,19.5,-67.84427309034083,7.288576835204665,0.7281269388148246,-1.2154021441873237,2.4483554974665727,0.5633080968685577,74,50,7,1
586,19.533333333333335,-66.92934603853577,4.484605127951369,1.30986946244019,0.7653786566567512,1.4533196234579449,0.6831883071261823,72,45,7,1
587,19.566666666666666,-68.12025805483798,4.883069800753571,0.9151728065986191,0.5699623274222287,1.7339181130300465,0.6763506965277591,70,51,7,1
588,19.6,-69.83949938490022,5.1388876902975404,1.079714376088944,0.4678813431211439,2.0667784383058097,0.5991427606805558,74,52,7,1
589,19.633333333333333,-70.69730428953906,4.29493033267665,1.10169903853442,1.0264055399537582,2.061708404735389,0.47896201597241633,72,50,7,1
590,19.666666666666668,-70.04756893799308,4.451218029558763,1.7110210790972644,1.0061284114617408,1.199392419537314,0.7695702396847534,76,59,7,1
591,19.7,-71.98809318063485,6.156704051722784,1.0705670083314658,-0.1278872236792076,1.8667088269713374,0.5489302794789511,79,53,7,1
592,19.733333333333334,-73.54089463433914,4.89610556585,-0.8139851225596715,1.1188080184009679,3.0173387833903362,1.0855932919442408,71,44,7,1
593,19.766666666666666,-73.88729928479557,4.388791347116687,0.6771587071553142,1.2528836695095324,2.161338172488481,0.6421883863154704,80,57,7,1
594,19.8,-74.16275085319776,4.2617929954214055,1.4005337355603444,1.3423424740051264,1.6998280342468035,0.6715644564014613,77,53,7,1
595,19.833333333333332,-74.02650071251881,2.946824264616499,1.8561214988482817,2.1435762654556823,0.9749328850041882,0.46675831725383027,72,51,7,1
596,19.866666666666667,-76.13869206788237,3.6125458942334454,0.659567203908253,1.9732186659588558,2.0460123122948035,0.6553312599233279,75,46,7,1
597,19.9,-77.0055962784924,3.716796745590255,1.3925841998773905,1.9000655908396809,1.8104131251535738,0.5215865056091937,67,46,7,1
598,19.933333333333334,-79.1893572758566,4.6020576725165725,0.7524991140357002,1.3209437945127847,2.5940122272872497,0.47591923607799874,67,47,7,1
599,19.966666666666665,-76.1806596477756,5.437441560659298,2.024333181285897,0.8506193448521653,0.4170635714631872,0.9371767598458809,74,53,7,1
600,20.0,-80.42443220956892,5.828037839158668,0.6184935848426392,0.7009458684671869,2.483494538294603,0.6662884681817665,63,43,7,1
601,20.033333333333335,-81.60808468233459,5.681106072961008,-0.20270467905017142,0.9347235975645735,2.976155247172907,0.8610533813977128,66,41,7,1
602,20.066666666666666,-81.78419103538485,6.898308011259324,0.8942647607518524,-0.09960364627804832,2.3041071007706995,0.5968478822919543,61,35,7,1
603,20.1,-81.94995750388206,5.201252466668745,1.4208871359612658,1.1993191908274987,1.74825757205834,0.7552753539165419,61,41,7,1
604,20.133333333333333,-82.37324957177253,4.1225658554156475,1.7269308734564248,1.977421112667201,1.4315693574730957,0.6464122296633297,55,38,7,1
605,20.166666666666668,-84.05957034389019,6.22237907917458,1.1188781768686198,0.5925110610042277,2.055360337929302,0.6175781108487752,61,41,7,1
606,20.2,-84.6686625492373,4.048499230516086,1.4797908430174118,2.087895746225872,1.8734582499538077,0.570895719620025,60,42,7,1
607,20.233333333333334,-85.9002759371058,5.735316060509689,1.0228082031069334,1.0825595461287745,2.2478561515455384,0.7574041665944419,63,45,7,1
608,20.266666666666666,-86.3708923554518,6.510979012857213,1.0173302699502642,0.7237579545774708,2.047836367287483,0.8329604005823574,56,38,7,1
609,20.3,-86.54814484288949,9.132801392487202,-1.4289601911315657,-0.8211173182860161,2.72186086523565,1.4926372563006007,56,33,7,1
610,20.333333333333332,-87.60492172592996,7.398698367777229,0.4260433155699701,0.1589189551684595,2.0873755665351315,0.9360210345875197,54,34,7,1
611,20.366666666666667,-88.4605191113291,5.829398677523514,1.3476385520022518,1.1371642828508222,1.7120220735861282,0.6535535283140252,52,35,7,1
612,20.4,-91.59498764687001,6.321826722835631,-0.1053473685074664,0.728748809418841,3.169010284256894,0.3557390586856379,49,39,7,1
613,20.433333333333334,-90.14682519205353,8.750301544683957,0.951533863689292,-0.7174183269148934,1.8961315168699853,0.7892055796874962,54,41,7,1
614,20.466666666666665,-91.45595340985932,5.828012354536003,1.3995887469601485,1.3662882297506749,2.0530444887643116,0.7240803767535151,46,32,7,1
615,20.5,-93.73526063431942,5.857864385840752,0.5944694817223564,1.3284429684814496,2.802865252370802,0.4995659915495403,45,31,7,1
616,20.533333333333335,-94.26507962061604,6.447578685945835,0.1390006365294454,1.0185958877665142,2.7941910531503624,0.6587255311224486,52,34,7,1
617,20.566666666666666,-94.42022110185962,8.334335749565632,0.6454673467479211,-0.21395589803938364,2.4606788716284496,0.7163567739009585,50,35,7,1
618,20.6,-96.59137920391245,7.8145453343784155,-0.39749713243296014,0.037276125279502415,3.2966351920123005,0.523411643974482,45,29,7,1
619,20.633333333333333,-94.83113083883742,5.613698180000025,1.4069740868606146,1.8360580895041256,1.5244648214647951,0.8390735408549308,44,26,7,1
620,20.666666666666668,-96.02073017010497,6.254203610518651,1.870822851637513,1.4040578876609688,1.6947822103715933,0.8176049559158219,42,30,7,1
621,20.7,-97.25887843509383,7.603131482261205,1.156654378700992,0.5790320248383657,2.0933012368706487,0.9383377038801649,40,28,7,1
622,20.733333333333334,-98.28234736967184,7.298953957193497,1.4635243266559144,0.8658807549977192,2.1918704915826446,0.9562165924238754,40,28,7,1
623,20.766666666666666,-99.01444346867949,6.7468169809039225,1.5392361943893746,1.3476522820042143,2.1279119368019668,0.9199683533469851,37,29,7,1
624,20.8,-99.27145512022578,7.983536162639105,1.5420002626387799,0.4201409414105373,1.759722135939973,0.8775374834493034,37,27,7,1
625,20.833333333333332,-99.93963444566756,6.75162229329117,1.6535840829490382,1.3637232463673368,1.5762765043186848,0.8079718361882885,33,26,7,1
626,20.866666666666667,-101.12491022343482,8.622081831800962,1.2063068030833932,0.17696711602252652,1.9991543670258742,1.0175208087219916,36,29,7,1
627,20.9,-102.86292192625379,9.046480613597886,0.3153606894627927,-0.2687036403432512,2.6753466639201218,0.7741461750993108,36,25,7,1
628,20.933333333333334,-102.47835428332556,7.17792315437503,-0.08832583011647444,1.2236918723532466,2.6135496759691037,0.8471447540981466,52,29,7,1
629,20.966666666666665,-101.90187078996715,6.849925334825727,1.9467028033081135,1.4338963370344044,1.1100245535243611,0.7553905862003282,30,21,7,1
630,21.0,-103.36347836889622,8.912780086699051,1.153138930940358,0.007609175258727904,2.042967688119521,0.7841504960892126,32,21,7,1
631,21.033333333333335,-103.64200574244515,7.185244039247728,1.4325843745034916,1.349795908312745,1.8453966056243025,0.89668681624601,32,23,7,1
632,21.066666666666666,-103.72148875523997,8.921235872278096,1.224731997745792,0.0821210616809312,1.9618616564683031,0.8984249429877845,31,24,7,1
633,21.1,-104.68363409320364,8.960056593473332,0.9391370265149419,0.05665415827752781,2.486039376389764,0.8561694293992234,30,23,7,1
634,21.133333333333333,-105.11779065710328,8.452258152391906,0.49697262525502595,0.5801578589109122,2.85912447524218,0.9896536956990111,31,25,7,1
635,21.166666666666668,-106.1687327556028,7.765436920086252,0.39507789252685654,1.1125566868673469,3.5049964016678694,1.0174780138475397,31,22,7,1
636,21.2,-103.34065660666536,9.782281522102991,1.442565900789262,-0.5366402481434064,1.6935497500873187,0.9338859797967388,31,22,7,1
637,21.233333333333334,-102.53949602046455,4.852360153250114,0.18968733524199877,2.6599734284257717,1.692868139805824,0.47772946148240053,46,28,7,1
638,21.266666666666666,-104.82304426744525,9.007945365617282,0.6288773199617879,0.076971244429824,2.7092396716661438,0.8300913922554151,35,25,7,1
639,21.3,-103.73488918981847,10.220172111000181,1.4497524162298134,-0.8316511582648348,1.9805664971480141,0.9298557274420071,31,23,7,1
640,21.333333333333332,-103.22543705754904,8.696798091194971,-0.23311835560453176,-0.08886179057586592,2.37331725076309,0.7137572462960475,53,36,7,1
641,21.366666666666667,-104.66594774463503,8.574884057460743,0.8492717015399478,0.4093532410101361,2.5742469893395614,0.9043422349351381,35,26,7,1
642,21.4,-105.49840697153482,6.687386587557604,0.6990553596236708,1.767233086488482,3.0570430232005816,0.8550000190288504,34,23,7,1
643,21.433333333333334,-104.48341849074933,8.874176998843147,1.0539733984897168,0.24259181502861127,2.428666970707102,0.9591401983787603,33,27,7,1
644,21.466666666666665,-102.8681793440492,12.245721415765445,1.5623934289679084,-2.2614153610962653,1.5442673631963126,1.0358770594366293,30,23,7,1
645,21.5,-104.7267419888624,9.064542353380716,0.6722200950567299,-0.0811125928025948,2.6272031638830144,0.6853972351379533,32,22,7,1
646,21.533333333333335,-103.38454119740601,8.975256094226694,1.1598181592305252,-0.004832482024069928,2.0789453967923883,0.9451128368586268,49,30,7,1
647,21.566666666666666,-104.0302625211377,9.13725621508214,1.2144756513362012,-0.045505247117315455,2.243003507159919,0.832147208572557,33,24,7,1
648,21.6,-105.00621173762941,6.952223620350516,0.5371398687795761,1.5048203932393203,2.9827446357001772,0.849485300033876,33,24,7,1
649,21.633333333333333,-102.89960336656759,8.832580875438573,1.423644402574908,0.06312870730647473,1.8733218910214784,0.7935986568048512,31,22,7,1
650,21.666666666666668,-102.13686582301179,7.987450674981524,1.5156481166573172,0.6576904704604353,1.6501221016622938,0.9019552233140898,33,21,7,1
651,21.7,-101.643731255312,5.9247870921172066,1.249317353764667,2.0696203079870186,1.6824960697776743,0.7471636189680478,33,23,7,1
652,21.733333333333334,-101.14447324214107,8.2938247594439,1.6322860536721606,0.38800379750894104,2.0158217753847962,0.8477126486472695,32,24,7,1
653,21.766666666666666,-100.72522359101401,7.401223369966139,1.4692281687676711,0.8364702008169288,2.205862073558776,0.700528778255586,34,24,7,1
654,21.8,-99.86317656888416,7.8063019934898605,1.2349362333176401,0.5630745544045597,2.2091767295526443,0.8661941513574034,37,26,7,1
655,21.833333333333332,-98.82378230089378,9.776928650333438,1.2160616163528033,-0.8573324639252871,2.2272839992772506,0.8677591778489344,37,28,7,1
656,21.866666666666667,-98.5279307262901,8.754133325611285,0.8216832536509315,-0.36169130301384084,2.4241973105879273,0.7204868258860097,39,29,7,1
657,21.9,-97.10633334560873,6.279567612393805,1.4979462320785757,1.4063788869877598,1.8918318385514457,0.730983843150556,36,29,7,1
658,21.933333333333334,-96.37420603977256,8.368836774951028,1.0999555144274211,-0.036252814790999524,2.1680906649202325,0.8350057022624259,45,37,7,1
659,21.966666666666665,-95.47497093372729,6.405864092542345,1.2618540434309153,1.216486385887745,2.019503959863015,0.7681374129973267,43,34,7,1
660,22.0,-95.16189513962532,6.42889732612732,1.2212809008105978,1.1313171379802986,2.318633114173641,0.7038119491751491,44,31,7,1
661,22.033333333333335,-93.99523977801395,7.1313395687030905,0.9955666914523675,0.4744148078191427,2.172683149907675,0.5393237096907681,46,31,7,1
662,22.066666666666666,-93.31389867244398,7.692148561328693,0.9182814635629342,0.18128624882540795,2.264492953587493,0.7870720019413957,46,34,7,1
663,22.1,-93.69980021066357,8.705854312906325,-0.22027406572425434,-0.7726428914616555,3.092632017926076,0.5265040799123338,42,29,7,1
664,22.133333333333333,-92.05081224643128,7.447218924466,0.7415405811112805,0.2355586954948621,2.5019156122691033,0.7230802155148585,49,40,7,1
665,22.166666666666668,-90.21351671150056,9.074502855186388,1.1856326587352584,-0.9865359779168126,1.9777370451474519,0.7362837852704066,51,40,7,1
666,22.2,-90.51736717543078,7.19873976015441,0.4864175807535531,0.16003944458141797,2.63723981822035,0.5150840557725584,54,42,7,1
667,22.233333333333334,-89.33332999473116,6.809611150643001,0.7585083729798612,0.39601024980853716,2.3588766273486623,0.5060043914132252,54,45,7,1
668,22.266666666666666,-88.4129021498059,5.647106028086899,1.281941554485627,1.2605094442928615,2.2458952891240638,0.5598850674573963,59,42,7,1
669,22.3,-87.31983662491143,7.371891195581746,1.0011307107015028,-0.05266847229965394,2.1654896039416665,0.6183449512950507,60,46,7,1
670,22.333333333333332,-86.77792423974668,6.116921713931724,1.0539857161735995,0.7188112368885676,2.289420864475889,0.5155007851554151,62,46,7,1
671,22.366666666666667,-85.49063965719604,5.60620823543308,1.1928711887134682,1.049865107728087,2.0289089913759257,0.5736101490356008,67,55,7,1
672,22.4,-84.72938624267968,6.288423375402445,1.1358880610074777,0.5982127513773952,2.065998342658281,0.7021587438157325,56,37,7,1
673,22.433333333333334,-84.07545992379801,6.685590680658194,0.896343363202007,0.1317207729223562,2.1671706229395067,0.5174657211314734,58,39,7,1
674,22.466666666666665,-82.62983086032236,6.254574565153042,1.2167506868459697,0.49851976242972756,1.773221054455427,0.6841370384794522,58,45,7,1
675,22.5,-82.11904671780768,6.83249765238962,1.0989089006778272,-0.013957332810915265,1.9834867099491893,0.5507363642458841,61,43,7,1
676,22.533333333333335,-81.71599465585001,5.953172767480481,0.8413173347321674,0.4468968759632267,2.26420341049627,0.4129314646355445,64,42,7,1
677,22.566666666666666,-79.48860151286115,6.106849189084578,1.582224235585798,0.40586071218887365,1.352150468031364,0.6956728541165842,66,47,7,1
678,22.6,-80.8422217240462,5.62740811308014,0.7947748558412684,0.7758547470405949,2.738430548311071,0.5566531497550035,62,37,7,1
679,22.633333333333333,-79.07221784692807,4.253869941865592,1.0319435657097813,1.5155748728309089,2.1349994790157614,0.398361915549755,68,46,7,1
680,22.666666666666668,-78.39736362466721,4.8292424655528166,0.87101931139604,1.1945461434842686,2.184419545523049,0.5376965696736872,69,50,7,1
681,22.7,-77.29125396595025,6.0080093357800415,1.0943351980770615,0.2749263274899187,2.0819025020863435,0.5350568893644041,67,55,7,1
682,22.733333333333334,-75.58917461667252,6.3630899079843175,1.3749344239164998,-0.07262306258886503,1.5935485766894337,0.6258013664049498,68,48,7,1
683,22.766666666666666,-74.31507706615356,4.896439971301621,1.4385210405035878,0.8843090620782917,1.3138141788544082,0.6573480095607249,73,50,7,1
684,22.8,-74.30654018448362,4.650872572810201,1.293210150108294,1.0387353200714842,1.7986224138625906,0.5723524610185511,74,49,7,1
685,22.833333333333332,-73.76169931344327,4.75091170502067,1.1754326736284497,0.9704544713031236,2.02551553706559,0.6640801483514706,83,59,7,1
686,22.866666666666667,-72.8376074017996,4.933471932835484,0.9641450505200311,0.6417995215100365,1.976921882068629,0.42269583311906045,67,51,7,1
687,22.9,-72.12372771867489,5.715508003718476,0.4933094925437729,0.224728995520787,2.24603133264062,0.6255218342014143,76,53,7,1
688,22.933333333333334,-71.06955436646281,4.807819553803956,1.2263153074203785,0.7972886531176236,1.9088727800634275,0.5436783195348679,74,52,7,1
689,22.966666666666665,-70.21818546652437,4.666987041465692,1.320080860341804,0.8309965532000287,1.8654735361313817,0.6106923501689145,81,57,7,1
690,23.0,-69.46400092473843,5.516915820267318,1.2662062673998378,0.17090182527853517,1.9545600810679966,0.5469893342579004,73,46,7,1
691,23.033333333333335,-67.15519636701666,7.184251103930478,0.9081617063131091,-1.0614332105600892,1.3253904738623274,0.8634971754800619,83,58,7,1
692,23.066666666666666,-67.26878212831785,5.287636119081689,0.6854288286682362,0.14319470288962394,1.8203817550203178,0.6352764137159381,75,53,7,1
693,23.1,-65.42159292733223,4.405623541494833,2.002521788004529,0.7148218068563383,0.9095591576892993,0.5389261317904823,79,52,7,1
694,23.133333333333333,-65.1126723748764,4.589962973217215,1.525904051266366,0.5851662486405054,1.3371296884374622,0.547997531569589,78,63,7,1
695,23.166666666666668,-65.69117841483362,6.562625465626972,0.5702030518387176,-0.7596464059011403,2.396617181190562,0.671091211008654,77,52,7,1
696,23.2,-63.84708181029612,3.644114165964954,0.9496574418614472,1.0743997910926693,1.7589273145539817,0.4883355224223045,76,44,7,1
697,23.233333333333334,-62.69823349613729,3.4886613720649535,0.9023015098380114,1.052943305075335,1.5638874608902278,0.3091815094105337,91,55,7,1
698,23.266666666666666,-62.335152271977776,3.9283218950288266,1.6431213563703295,0.8613441458038996,1.639351588690587,0.5727612021019166,80,52,7,1
699,23.3,-60.749904235505845,4.994764031326255,0.8189876461921699,-0.09300005068125652,1.4557148644139857,0.4591966568483632,79,58,7,1
700,23.333333333333332,-60.49902700290321,5.915693112878444,1.4021278751149424,-0.6893930339529354,1.6051348844744693,0.5945683610039004,81,52,7,1
701,23.366666666666667,-59.34696806519321,3.0175393557423966,1.5649037206659102,1.2746304396276196,1.3891788771422087,0.42097790805599455,82,54,7,1
702,23.4,-57.40437721736116,5.125367411860552,1.3893024348131462,-0.30609253515153234,0.8166713480814864,0.5278491092506253,85,78,7,1
703,23.433333333333334,-57.62099970259274,3.5152687270970695,1.0763256889209316,0.7322732142785143,1.484299164767883,0.4037298971491808,86,56,7,1
704,23.466666666666665,-57.38765704833019,3.8003246901045173,1.4527344248365779,0.6359992648313514,1.6976746173873134,0.5152601289409426,84,57,7,1
705,23.5,-56.45577281639988,4.604983928888803,1.3808098058004248,-0.0036723503009438354,1.6678401809152748,0.4973434852859451,89,63,7,1
706,23.533333333333335,-55.16256278779117,3.3679490267301375,0.9235612114127463,0.6553758764841446,1.5672413135371193,0.34865077654402266,86,53,7,1
707,23.566666666666666,-54.28033171035267,5.043629016584809,0.9455776106214842,-0.4656973362358189,1.5524395389846644,0.5634352117788638,95,70,7,1
708,23.6,-53.45544562987166,3.2692093011765984,0.8951688023858253,0.642755973303917,1.5420050970828774,0.4005328295904292,87,60,7,1
709,23.633333333333333,-52.44790098781179,3.209192750399694,0.873939243106733,0.591099319444035,1.462042998371999,0.2543239841492526,82,52,7,1
710,23.666666666666668,-52.085238271692276,3.991482821035383,1.379216800782828,0.14172184971344612,1.6153628817730818,0.4131530641262655,87,55,7,1
711,23.7,-51.10723242689703,3.188757685212998,0.5683234008784979,0.49062842287706226,1.7515340553082202,0.19818610660447455,86,53,7,1
712,23.733333333333334,-49.82224705085074,4.218184520458731,1.073001391063059,-0.11955824139740738,1.4184560134097808,0.531379216900051,90,68,7,1
713,23.766666666666666,-49.31424212101338,3.893620417158189,0.5863496891773821,-0.03742795218764744,1.7134545909605088,0.41732482966598045,89,56,7,1
714,23.8,-47.84795037587433,4.507888538200596,1.120865823656473,-0.41134785190480916,1.225420556280522,0.6341157710856132,82,66,7,1
715,23.833333333333332,-45.886875889247115,2.323968725266951,1.8479198429113382,0.8491475327213345,0.3240823801115263,0.16278212085954083,84,53,7,1
716,23.866666666666667,-47.13202820352101,2.9880438136505774,0.5235255231676206,0.32866114912701927,1.87741422505717,0.051893749007214274,83,51,7,1
717,23.9,-45.58262541749229,3.4142341441807105,1.2414431851865402,0.16990063574735376,1.3422014899425094,0.4515073641867578,92,56,7,1
718,23.933333333333334,-44.699769921332525,2.5073407790925017,1.2902485353745448,0.7152129441381118,1.2770759401466805,0.2566150179737371,93,58,7,1
719,23.966666666666665,-43.722304394738906,5.047895579695002,1.2219049664954156,-1.075910319252399,1.3042398149424845,0.562897588340422,92,61,7,1
720,24.0,-41.923318088607395,3.0669411424137607,1.2680704382869266,0.14622279763074011,0.5996308251064045,0.43534265843490416,92,63,7,1
721,24.033333333333335,-41.19122064478895,3.1212229088111165,1.1598137151807038,0.128200356052136,0.6903895397083688,0.46909573975516156,87,65,7,1
722,24.066666666666666,-41.03432173702742,3.3412615844098177,0.8697497885582521,-0.08381264418334974,1.1971701496796587,0.3902735248437646,98,69,7,1
723,24.1,-40.27275625623721,2.553369247502996,1.1429292175845518,0.3919770000542597,1.1650904101043118,0.2534673167568728,95,56,7,1
724,24.133333333333333,-39.32082372383567,2.4654314468614125,1.0839878830284846,0.41761463905203083,1.0976950406723893,0.2657214868765756,92,59,7,1
725,24.166666666666668,-38.85851718857068,3.03050709578109,1.160856209629884,0.0070159871899553436,1.3400661727949044,0.27968216714791433,89,61,7,1
726,24.2,-38.53592537467172,2.6158756447222338,0.6451089946599353,0.15442808820323708,1.7539882254911605,0.1250890967628427,97,64,7,1
727,24.233333333333334,-36.53802241873292,2.245752577691853,1.106740243161596,0.46862812435972556,0.8929110542243656,0.48714217052988773,98,75,7,1
728,24.266666666666666,-36.13683967516298,3.3104275629682114,1.0681862244428117,-0.332558318716094,1.2328082350856193,0.3199595282636732,89,62,7,1
729,24.3,-35.287743906166945,2.196086148329492,1.336699927154001,0.41575571067802664,1.1419784076157173,0.2673267365546005,96,57,7,1
730,24.333333333333332,-33.395070415576754,3.225246451352188,1.143576936515771,-0.4554141796039875,0.5299314607554426,0.27868493307210623,94,71,7,1
731,24.366666666666667,-33.44356034209849,2.766074683921037,1.035913698722581,-0.14832884076872466,1.1337042340001973,0.2258958191724063,95,64,7,1
732,24.4,-32.70584792211325,2.4982792629502804,1.0659028809084674,0.0066498033343077925,1.2131966757036945,0.34751482561881974,91,59,7,1
733,24.433333333333334,-32.043154827513305,3.044616220993948,0.9394814526635571,-0.42951776508221035,1.3730210086191788,0.3428936383808503,104,70,7,1
734,24.466666666666665,-31.25356269423033,1.682735884824865,1.3914254057317237,0.49373472981800487,1.2776128795507005,0.23710064550840607,92,58,7,1
735,24.5,-30.453357029179074,1.7940522288884182,1.3250586395511874,0.37174916149848686,1.355866450439257,0.2960987937563104,100,69,7,1
736,24.533333333333335,-28.587398963042364,2.1969976615194398,1.1113526235404407,-0.02873371338761914,0.6884027182006961,0.2335892850267272,90,59,7,1
737,24.566666666666666,-28.118185319323054,1.1111545299521595,1.133582822257452,0.7390392579035114,0.8838957538204184,0.2750608945402519,96,71,7,1
738,24.6,-27.354194798652404,0.6919376028266271,1.4252057614478275,0.9774042609256002,0.9575404120965664,0.2903625259650773,89,56,7,1
739,24.633333333333333,-26.627848715480983,2.790396100582207,0.7844110599642846,-0.5606278493264363,1.1536054697620461,0.2351305278590018,88,65,7,1
740,24.666666666666668,-26.302925646719792,3.420847644859844,1.0148934664288731,-1.0415421540478835,1.5155831489787688,0.30564248118897946,84,55,7,1
741,24.7,-24.750721442464904,1.028542249294052,1.287233324622619,0.6199685510900512,0.9393491711388929,0.24296899922951082,96,57,7,1
742,24.733333333333334,-22.332248162772398,2.2684818794713557,1.1260306730531653,-0.4488424674555005,-0.13299542264316416,0.1534228468703273,84,63,7,1
743,24.766666666666666,-22.153310690099453,1.899283911640346,0.9966145219645455,-0.1978011853758304,0.3406021539573884,0.10205954902057233,84,60,7,1
744,24.8,-21.329519702604102,2.602661311943102,1.1173698576985345,-0.6823311882696632,0.36416282626192165,0.19652791107765072,92,63,7,1
745,24.833333333333332,-22.067492544329724,2.8814693309674446,0.997623500033427,-0.8739275711335166,1.4722697776641305,0.17177706379263644,96,65,7,1
746,24.866666666666667,-19.834261766332627,1.6992104111705686,0.8303496480197765,-0.12479108090206788,0.48677432488770644,0.2008942354870322,104,73,7,1
747,24.9,-20.27800752171085,1.1929601892991997,1.1618513220042388,0.23095427487066886,1.3398029703855274,0.21034903715455242,94,64,7,1
748,24.933333333333334,-18.630373381115714,1.4163756025610184,1.0034315164752883,-0.05035987063381592,0.784754261902657,-0.0014199525136536892,96,68,7,1
749,24.966666666666665,-15.965571609811331,1.7398975916165504,0.8692948235076585,-0.3716683641652676,-0.45418939039920364,0.07519652495010543,86,66,7,1
750,25.0,-17.299172140754735,2.1300201722384458,0.5915854101489231,-0.642217704790604,1.119503039412073,0.16959047189116572,91,63,7,1
751,25.033333333333335,-16.979977235963304,1.3225560912287868,1.0508960097632496,-0.041738891797829705,1.3752216160818125,-0.043024375627390005,92,66,7,1
752,25.066666666666666,-15.277538537401949,0.7665876286310827,1.2695035610875465,0.29946230830594883,0.7664605713267398,0.00036668443970651197,89,62,7,1
753,25.1,-15.120329996537432,0.9491237045054035,0.7258265017787835,0.08478483352900697,1.2898350522935402,-0.028439345624059306,88,63,7,1
754,25.133333333333333,-12.857746995670794,1.1293821622316216,0.782022098142491,-0.11127887666363465,0.3239378685678314,0.15218015101650292,93,67,7,1
755,25.166666666666668,-12.628577727671953,1.0071232566635828,1.0748464270386933,0.007476151990063906,0.7972447549549896,0.08154138338628018,92,58,7,1
756,25.2,-11.628542632546228,1.388025843531743,0.8455223892860744,-0.36685712873333315,0.6779206029431607,-0.00867975136467857,87,56,7,1
757,25.233333333333334,-11.235291186939726,1.677542604226197,0.523469458610208,-0.6070053432102565,0.9764587376228474,0.08362758004433782,92,61,7,1
758,25.266666666666666,-9.311215851219323,-0.057114056427121085,0.779400625679159,0.5728193269884032,0.20465923645682407,0.37087818845506665,90,65,7,1
759,25.3,-9.560572098736145,1.9967065379994935,0.46657166171679876,-0.9466500653460477,1.0177546788264977,0.047902513490793545,88,61,7,1
760,25.333333333333332,-9.248628699220234,-0.06667259929297131,0.9040350423082089,0.554013292499361,1.3235055288801367,-0.05049427418518403,82,54,7,1
761,25.366666666666667,-8.402910305555281,-1.135121893771533,1.1973727365648585,1.3056582333281903,1.218921483340418,-0.20044280065484177,78,59,7,1
762,25.4,-7.580822688631052,0.7333200418217558,0.9379207200450708,-0.07033294549738639,1.3384753514382837,-0.06463848715053776,76,60,7,1
763,25.433333333333334,-6.844172799864573,-0.14444090191924985,1.0537135832853437,0.519911825442633,1.3997781331202608,-0.12691509503515,81,63,7,1
764,25.466666666666665,-5.757196614420231,-1.2080221695991256,0.9987715996873163,1.215485785794273,1.1229169539097057,-0.016136258725472752,73,62,7,1
765,25.5,-5.021338118521392,-1.5173606692425707,1.209154117372762,1.3878193251184525,1.249529664784648,0.035131086502677,83,67,7,1
766,25.533333333333335,-4.262629536133744,-0.6685247219592867,1.1069257300325859,0.7431115870633099,1.333008776348505,-0.11175728966504667,78,58,7,1
767,25.566666666666666,-2.741382111336357,-0.523958737440374,0.7986841065498567,0.5659500922484612,0.6736434733191169,-0.03162333614985693,79,64,7,1
768,25.6,-3.2752729990611016,0.09202700945460407,0.9112584034169231,0.1528816225187731,1.47914805631228,-0.16017789213927108,75,63,7,1
769,25.633333333333333,-2.299215918292333,0.5220785458848525,0.5582852711570752,-0.22256666405051684,1.1736476928559851,-0.08727458600740644,67,56,7,1
770,25.666666666666668,-0.7956788764236222,0.39751816348378455,0.30661820883848634,-0.24867298888526412,0.36687004755848307,0.2614792749534259,72,61,7,1
771,25.7,-2.881681614267791,0.5294809293067146,0.7931252327185234,-0.190648471452486,1.9323197717930976,-0.14489522524052148,74,59,7,1
772,25.733333333333334,-0.18291011983455263,-0.04498340316731131,0.20034228519612896,0.08671595188103914,0.07159953163131316,-0.1432713437234164,68,56,7,1
773,25.766666666666666,-0.5222400800766422,-0.5533918927936661,0.33486081266410395,0.4584971905052188,0.31084723082971943,-0.06153132885295183,66,54,7,1
774,25.8,-0.24800433835152091,0.03974489440831164,-0.009258742032898226,0.0087166459459561,0.1295935704855194,-0.05940479731926843,71,53,7,1
775,25.833333333333332,-1.8665753901615005,0.8860146443392907,0.499176977555976,-0.501329817426263,1.3959821026594552,-0.01281778655832316,70,53,7,1
776,25.866666666666667,-0.3975358783886236,0.11604605826526537,0.3377771290969065,-0.029934206601592798,0.3043781876593824,0.06426931163633569,71,58,7,1
777,25.9,-0.6285594918460049,-0.5391844904276901,0.5383601409518235,0.4356779896148427,0.42496878900806184,-0.007287499603708769,66,54,7,1
778,25.933333333333334,-0.217163134022762,0.355013378372405,0.12982177207541667,-0.21491253611746927,0.16573201158390705,0.005156113697310542,67,52,7,1
779,25.966666666666665,-1.1669189979943084,0.780216328687775,0.4406478783399308,-0.44819326137435467,0.8977744088163843,0.024717932830914485,72,55,7,1
780,26.0,-1.1050542747543304,0.025786498409399172,0.673201113411551,0.10167560614024788,0.7944925991431104,0.05904738298686374,70,59,7,1
781,26.033333333333335,-0.551676060801185,-0.4820686470801654,0.35520380728625867,0.3951515144510838,0.39025211710993696,0.022082125027113295,71,53,7,1
782,26.066666666666666,-0.8849675517543716,0.28819896624084507,0.6077073184425501,-0.10600131928371591,0.6930576245139181,0.03641675052407999,68,56,7,1
783,26.1,-0.5406511128481384,-2.037081882791231,0.666353841990329,1.5197162055627746,0.33684395393229216,0.2520499924199549,69,54,7,1
784,26.133333333333333,-1.4878121838965086,0.05272868182912305,0.5227621489831051,0.06855026853055306,0.9996986633766516,0.07048209510470625,67,54,7,1
785,26.166666666666668,-1.0418543480280178,0.5264136044511751,0.28635896882811096,-0.2737679326735034,0.5171111992109201,-0.018317414711263653,74,58,7,1
786,26.2,-1.6363628248839603,0.1580405633447839,0.6324548520269815,0.001728687994485993,0.7131775348529009,0.22199847290424274,73,65,7,1
787,26.233333333333334,-2.177915721404645,1.375620801617714,0.22698799477974774,-0.8277972929469093,0.8203705440902757,0.22938471778675326,76,57,7,1
788,26.266666666666666,-2.213000440585759,1.1752535701532842,0.3118795361921656,-0.7188080535378819,0.3504014486163462,0.2942129178688061,87,63,7,1
789,26.3,-4.59416929679476,0.034225362767603684,1.1036869828453746,0.24379748046803074,1.4765056469330475,0.364768973043019,74,59,7,1
790,26.333333333333332,-4.609058536006344,-0.49207170834522174,0.9015943963182735,0.6058665113963019,0.9240493823708626,0.22726304214379303,74,64,7,1
791,26.366666666666667,-4.729703881150016,1.0974499264308442,0.4408166472834836,-0.5327195587005853,0.490210279006499,0.32940561543207203,79,65,7,1
792,26.4,-6.102338284398449,0.4224070432543243,0.7830893710801234,0.0667096563560139,0.8120784812456306,0.4601652835898223,75,61,7,1
793,26.433333333333334,-6.742862220665245,0.7149736808577671,0.8547781525900149,-0.13880343395304703,0.6928648474218717,0.30243244672259156,81,59,7,1
794,26.466666666666665,-7.847809007299702,0.9782190295047499,0.6083196452507877,-0.26111908778394605,0.8539898685592258,0.37641850996491,79,63,7,1
795,26.5,-7.566256789624411,0.5935015473917389,0.4631944810865747,-0.022741513347332147,0.09527124091941891,0.38673443064707375,80,58,7,1
796,26.533333333333335,-8.906983827868672,1.758611676176205,0.5481962653561396,-0.7899373066800296,0.5239802066657185,0.44916572168791447,95,64,7,1
797,26.566666666666666,-9.911082449594382,1.2586847316603418,0.8780217800250085,-0.33614407737159824,0.5766740976475128,0.3171557096569472,90,62,7,1
798,26.6,-12.415043234322255,0.8736720474385749,1.1331157563839582,0.06620005741404195,1.752126445185829,0.32120678463461677,86,56,7,1
799,26.633333333333333,-12.528251840458793,0.6264688353928598,0.8870725930060814,0.22830596264832217,1.209878275928629,0.42055827395167655,92,68,7,1
800,26.666666666666668,-12.200149580666682,1.276811710194874,0.7071469396944821,-0.23346363359181885,0.44028330486894957,0.39654918906665787,83,70,7,1
801,26.7,-14.018211370683204,0.2183350860987936,0.9311724111166342,0.6189520922689662,1.089088411961717,0.3310863614194771,84,60,7,1
802,26.733333333333334,-13.943770384710888,1.5166776266557065,0.8146336409155595,-0.3391479612499438,0.4827582431244347,0.49551614063190014,93,65,7,1
803,26.766666666666666,-15.269366937622191,0.2796176830386372,1.1155847260877039,0.6510076986873204,0.726580155010929,0.43930156794474995,89,62,7,1
804,26.8,-15.370138614031859,1.2110991308398127,0.6465590926238463,-0.03317824999673552,0.28844677621753284,0.3198152714441568,95,64,7,1
805,26.833333333333332,-17.41994328137689,1.2160634895249665,1.0378366094170417,0.09903887499947026,1.0798402168448493,0.3590972050994813,86,59,7,1
806,26.866666666666667,-17.102796826800393,1.917416856608721,0.7788211135261776,-0.44616192793804166,0.37420214082626124,0.5069798815271254,93,68,7,1
807,26.9,-18.760232310815258,2.0161219546578444,0.9607614936257391,-0.41201208238211795,0.9124196313863796,0.5222521342036643,92,66,7,1
808,26.933333333333334,-20.2020360239209,-0.2365528498808871,1.0860486843274373,1.280629005235326,1.1953239354799656,0.3776684361466766,89,59,7,1
809,26.966666666666665,-21.102224740763965,0.7398409966018278,1.1187833925972654,0.6042800854280824,1.270777524804528,0.42250022798485437,91,57,7,1
810,27.0,-20.43565520726365,1.0015615236848099,1.175223128544303,0.4617110288488762,0.21972327480438786,0.6772726881660663,98,63,7,1
811,27.033333333333335,-22.026398872127555,1.7014454733768325,1.1146111174001874,0.01558431350243968,0.805431870665636,0.46569082771126324,94,63,7,1
812,27.066666666666666,-21.668337043398115,1.3657833934113377,1.0204473280928994,0.22823068791093776,-0.040699264038518354,0.5383755782893016,95,63,7,1
813,27.1,-24.138104062143324,0.36391103685675574,0.9989501526256532,1.054362571924587,1.050004858909111,0.5408181971086804,94,59,7,1
814,27.133333333333333,-23.55333831172424,1.1641817740649607,1.0390899411633399,0.47910039346535804,0.09877622183629867,0.5945522042632957,100,71,7,1
815,27.166666666666668,-25.361339294910653,1.6393520524272596,1.1027140528429413,0.25635160100866383,0.7534672299764801,0.6485378067751002,94,84,7,1
816,27.2,-26.774757526044926,3.1496850372426017,1.0489272375610028,-0.7491355873533739,1.2135183798770859,0.6010572173738031,106,69,7,1
817,27.233333333333334,-27.93132546746622,0.4812566376494729,1.3100777947602182,1.2217624510991372,1.2885753953922177,0.3800697512630822,90,62,7,1
818,27.266666666666666,-28.30785686039613,2.4484429249706743,1.0269599565196899,-0.14591313344984394,1.0778358657901617,0.6530109147117549,94,67,7,1
819,27.3,-29.085472431430393,3.686137035979911,1.1982768789686276,-0.979454426156746,1.075296916727545,0.6428602780629543,91,57,7,1
820,27.333333333333332,-30.415501621863264,2.118058828256384,0.7733959325246502,0.2321024583804814,1.3784652056492865,0.6105649318254577,97,61,7,1
821,27.366666666666667,-30.93161141233182,1.908714610750902,1.0543412788458113,0.3760000912151675,1.1102622446186488,0.5872510124828615,99,64,7,1
822,27.4,-32.16210313411804,2.181808480568158,1.0650694783322052,0.18107440501604086,1.355563530781987,0.40379593115796825,98,64,7,1
823,27.433333333333334,-32.27476098933571,1.0004443655638582,1.1460041680594344,1.0851075305976614,0.8452348084367551,0.4531816083008717,95,73,7,1
824,27.466666666666665,-34.47471714806494,1.6115850920710209,1.0395870766686812,0.8140030429668417,1.808034489613877,0.6704000815593618,95,55,7,1
825,27.5,-34.232859594435176,1.8027191340606379,1.2459767025064394,0.727600712875704,0.991413813858923,0.7255987677329798,105,70,7,1
826,27.533333333333335,-35.25698248528585,2.4288365049360365,0.8406423694439553,0.3102447698449573,1.2361148884458166,0.7496471908073543,94,61,7,1
827,27.566666666666666,-35.48708001158597,3.3318529919099404,1.2448833016218686,-0.35864247288607987,0.8007732967794698,0.5781800743657148,87,60,7,1
828,27.6,-37.257983150008634,0.6354172785252032,1.343420204844378,1.6381232819316034,1.2931270120045018,0.5273016053767069,91,58,7,1
829,27.633333333333333,-38.64008791520284,1.6790942537470244,0.8454668048682947,1.0174680333681345,1.7896230489551495,0.6639428246475476,94,58,7,1
830,27.666666666666668,-39.20495420691417,2.3852245048740137,0.7802768760056153,0.5245172300781569,1.5932596626852862,0.6255883406550473,93,71,7,1
831,27.7,-40.02932276657839,2.222219003547732,0.9348387695696516,0.6586616941038405,1.5649695029837785,0.5834231882258323,90,57,7,1
832,27.733333333333334,-40.59530707432058,3.0153336454472566,1.5309865857493605,0.1671669957446228,1.203063713917292,0.5436656279776197,90,59,7,1
833,27.766666666666666,-42.088383675930494,1.502914594069395,1.0435101736453447,1.2915800205515966,1.7206848911002819,0.5376844919083466,95,66,7,1
834,27.8,-41.98590775038596,2.786015981995373,0.9101107318031012,0.38491359416171034,1.2426523530789624,0.6086338797826568,86,66,7,1
835,27.833333333333332,-43.75826711782951,1.914789760294731,0.6442650876189049,1.1097040666357492,1.8232449421111268,0.5871579871609137,89,63,7,1
836,27.866666666666667,-42.88200585675853,2.5495866423154183,1.0214986357032245,0.6121646232423179,0.644618402330538,0.6882078224950057,87,67,7,1
837,27.9,-44.81470539463408,2.3818832890447297,1.3064942406652875,0.835648352211647,1.2819669674315664,0.543638340141281,90,58,7,1
838,27.933333333333334,-43.864202683016366,2.194602813620527,1.5339621439416504,0.948386541720598,0.09260532483762164,0.6468315349916757,93,62,7,1
839,27.966666666666665,-46.14943750449641,2.860228312092019,1.1327377298231767,0.5874722649841427,1.1343686692175847,0.5661604614173313,96,59,7,1
840,28.0,-46.925497734716906,3.0052044351348215,1.213353945961515,0.5749862577568755,1.1001728320546826,0.5824002759929399,88,68,7,1
841,28.033333333333335,-47.54055966572396,2.8786806962116636,1.1193003941417317,0.7143510494857894,0.9781608913565096,0.6671365682427498,92,71,7,1
842,28.066666666666666,-49.150268439919145,2.899919822333981,1.123302635032033,0.8178837582466348,1.4075235671433721,0.6839380946331473,90,58,7,1
843,28.1,-50.277854694302086,1.6817104458910066,0.9337890807926073,1.6909107607835574,1.6086181529180235,0.513681380800937,85,57,7,1
844,28.133333333333333,-51.54609380459853,3.7126480583415855,0.5204507254040749,0.3992614512219648,2.013718150095753,0.7328606953989096,94,61,7,1
845,28.166666666666668,-52.065341370834304,2.444756938244449,0.8180435652648015,1.2070582078911969,1.6972113594332872,0.5033797022659173,81,61,7,1
846,28.2,-53.67497146331561,3.985158641309294,0.26897776003318086,0.33732650835210104,2.3574609135678966,0.8358218735342856,92,62,7,1
847,28.233333333333334,-53.69104934461688,2.377141733989596,0.6653498467396588,1.4420614026326775,1.7261854041378148,0.613589539973117,87,54,7,1
848,28.266666666666666,-54.29168060705123,3.4263597174158456,0.862568201427024,0.7297318504756329,1.5835471457742567,0.764890985970159,81,53,7,1
849,28.3,-55.95207024032214,3.808866609555004,1.2864762788452566,0.6188007264999448,1.8884874647618672,0.7169351872870655,92,56,7,1
850,28.333333333333332,-56.60374442187169,4.309538681612498,0.6153538850725795,0.31067440686540476,1.9967526237460436,0.8407981174426898,91,64,7,1
851,28.366666666666667,-55.29319051192133,5.382960158019522,1.4654577122569634,-0.5475981597970895,0.6060567213930349,0.760742593005099,81,68,7,1
852,28.4,-57.546332674162734,3.8870762805213914,0.9866724852775661,0.6217022018168419,1.4822710208754508,0.6899483644009939,87,67,7,1
853,28.433333333333334,-59.53393801035203,3.75633228543731,-0.13602984460965217,0.911790057347146,2.455993300589358,0.8505322528069089,82,56,7,1
854,28.466666666666665,-60.12754561603127,4.2437773988768015,-0.17467188125736755,0.5417750132886819,2.332388675525207,0.7876028076934632,83,57,7,1
855,28.5,-61.20133279270745,3.796326276205612,-0.3324878167097012,0.990934742271071,2.451750347409264,0.7872061025491555,80,53,7,1
856,28.533333333333335,-62.916434085049666,3.7506464891096947,1.2300849223082366,0.9334905609048265,2.481219339732968,0.5411189770181436,81,47,7,1
857,28.566666666666666,-62.27869182509306,2.5006752384772852,1.6046848873238986,1.9238803252112653,1.5282445402321074,0.6530889495760659,72,51,7,1
858,28.6,-63.163770731985046,2.7977646811181778,1.4948195620116707,1.6061246938953295,1.5802178588876947,0.40612552624434545,84,55,7,1
859,28.633333333333333,-63.32976663534577,4.339711545742812,1.1378974277348135,0.7507347741670166,1.3754625423139217,0.9295467434712061,69,51,7,1
860,28.666666666666668,-64.59196253373572,3.4581862305619353,1.2378963341794105,1.2404541925499046,1.499559567514967,0.5473990680809916,79,50,7,1
861,28.7,-65.78447950075447,4.0357392551625075,1.3867575441881428,0.9619560532449561,1.6528435348187112,0.640427580245758,85,61,7,1
862,28.733333333333334,-66.69860698392786,3.83435392986679,1.2543934734778333,1.2019736332285333,1.683572682994576,0.5563418392082803,77,53,7,1
863,28.766666666666666,-67.09340372700728,3.195290762176427,1.309211689442705,1.644864645779671,1.531189475692219,0.5755311466407261,82,54,7,1
864,28.8,-68.01753021003216,3.8513845449672424,0.9245086289458015,1.2560756234734305,1.6941028739776443,0.6363251171125128,72,50,7,1
865,28.833333333333332,-69.24822044602749,3.7949973110569317,1.339379513370119,1.3952069482544942,1.7430515129417645,0.614237644382956,76,53,7,1
866,28.866666666666667,-70.406978466812,3.958498617989118,0.7163554892344166,1.4363421755994379,2.1374290624763543,0.831561695086773,78,52,7,1
867,28.9,-72.41036626625494,4.954306046135123,0.7391270027533068,0.661791289552342,2.4964252588503673,0.4079005790181714,72,46,7,1
868,28.933333333333334,-72.59024421539601,4.636424861930141,0.40234799793221043,0.9296887371111338,2.399824887098971,0.5316805704023863,75,49,7,1
869,28.966666666666665,-72.88063425229073,4.103197653875625,0.5842784412300688,1.4165100117187008,2.1375670393596486,0.6466651730910589,80,57,7,1
870,29.0,-73.38039053679009,4.769870123964946,0.9380739099704272,0.8009579361262389,1.8730536410451435,0.5214401152945138,75,48,7,1
871,29.033333333333335,-75.14204123040986,4.989806253979424,-0.749970555362367,1.0730219766731355,2.9254870936266504,0.9339916064742072,70,46,7,1
872,29.066666666666666,-76.35865951644816,5.491684124829511,0.694128226421455,0.5120180539819554,2.471619523148678,0.5161265992282501,74,47,7,1
873,29.1,-76.37092717697212,4.129068844588524,1.4058853166566792,1.5186194229426566,1.925853478686656,0.5606437985923137,73,53,7,1
874,29.133333333333333,-77.31406250336607,4.608893591943332,1.8933212103610089,1.403257567024414,1.6926241272097229,0.6645513436870372,69,37,7,1
875,29.166666666666668,-78.35636206608163,4.0186141197960765,1.0237814772843734,1.6680398969885677,2.05810139625519,0.4626569902382412,66,45,7,1
876,29.2,-79.1857466788411,5.9799277956545644,0.875862970005926,0.39308176404661016,2.1171817909193655,0.5249648835796557,73,43,7,1
877,29.233333333333334,-79.41736638474464,4.114614361921049,1.4076040056821881,1.729608123823878,1.6977362710239197,0.5180250187995781,62,47,7,1
878,29.266666666666666,-81.30569515771899,7.086061699645974,0.5081036832436752,-0.3449228931494453,2.474861005477115,0.5220300249570877,67,44,7,1
879,29.3,-81.61396634727431,4.425828053701629,1.2048521076777234,1.5671818256017163,1.9676731725305137,0.47084339651574314,57,42,7,1
880,29.333333333333332,-81.85745722418011,4.6099944608836445,1.4161473336471175,1.662683670019553,1.7318311659843655,0.8130975267558731,64,50,7,1
881,29.366666666666667,-82.44807942857324,4.994135076214551,1.5689630623948716,1.3860596409966657,1.5375285268881973,0.7980018817907545,56,43,7,1
882,29.4,-84.47880187914795,4.556904197240211,1.236819734419143,1.8080045533903357,2.1915499896503228,0.6007176771375629,59,40,7,1
883,29.433333333333334,-85.81734799621464,5.573541453886207,0.610981384436613,1.1449382209176224,2.5416768201913587,0.6441846284296221,52,42,7,1
884,29.466666666666665,-86.02882205890529,6.254598074174638,0.7989674480277671,0.640918175310007,2.2331242461964713,0.5494884157072651,60,41,7,1
885,29.5,-86.45093885084538,4.3276339805110275,1.3792327531298838,2.0324479992668336,1.9649955521792641,0.5339660575339291,55,48,7,1
886,29.533333333333335,-87.62245268994155,6.333295228342763,0.9500498047948298,0.884479229513833,2.2573863235477205,0.7538083932117102,59,38,7,1
887,29.566666666666666,-88.05206380362006,7.537952035192987,1.0002033799594585,-0.026080704216455163,2.0249586835172697,0.8238835279352965,55,45,7,1
888,29.6,-89.79828252633925,5.127998322134886,1.191021803273216,1.6119688982378324,2.405746318560185,0.4266244478561037,61,39,7,1
889,29.633333333333333,-90.56580683438642,6.512179590961168,0.7944172052381191,0.9183590320447965,2.5197447453127255,0.7423038214009726,58,46,7,1
890,29.666666666666668,-90.57575853328541,4.846105273787941,1.4825900517672181,1.981734526661228,1.9682638065831524,0.6897164865470928,42,32,7,1
891,29.7,-92.58306330676541,7.4759290980042366,0.33378925045607843,0.17106286670171453,2.794160632373966,0.5714346106202302,53,36,7,1
892,29.733333333333334,-91.69838870868821,6.7383924894364995,1.1125420886874764,0.9218231680317146,1.787070671732037,0.9953207606242346,42,31,7,1
893,29.766666666666666,-92.61644785702418,5.720950917842952,1.498619296371686,1.5299946986157777,1.5792157158441509,0.7165307382980055,43,29,7,1
894,29.8,-95.22387200437177,7.017839413492112,0.3872246540246067,0.5549220273964744,2.7820034747222757,0.49904644927103137,46,29,7,1
895,29.833333333333332,-93.93596686782905,9.73728310804023,1.1843509307580433,-1.1566629369492285,1.6304177749159865,0.8542909363026004,44,30,7,1
896,29.866666666666667,-95.39480338537066,7.416960630474485,1.463713442952013,0.5862145459598184,1.9245130776246842,0.8657343021969399,40,30,7,1
897,29.9,-96.20445535249416,8.16650698700137,1.182655020742743,0.2116940737319067,1.9998920454486209,1.0025036403798355,43,32,7,1
898,29.933333333333334,-96.26096953792629,7.808407414393322,1.6314489035830775,0.3843422650447429,1.4222452354452777,0.9290473673993072,42,31,7,1
899,29.966666666666665,-98.2963206068288,7.761273891136426,1.1044443886001147,0.4935060833224148,2.200250197929632,0.8279184511596561,38,28,7,1
900,30.0,-99.39532004962872,6.396701863334201,1.0227223357664883,1.6334134722478846,2.3821193585359133,0.9209604743378755,40,29,7,1
901,30.033333333333335,-98.51191223889879,9.334265151810015,1.5747942193078472,-0.5447560858193932,1.3692275546478099,1.002514139112342,40,26,7,1
902,30.066666666666666,-99.78017566046375,9.168359083931861,1.3310668722393189,-0.16743207018160525,1.7731359614324795,1.107055504910621,34,23,7,1
903,30.1,-100.88465250318606,9.455306114851389,1.2628013204693929,-0.4405942304114119,1.8385716716445497,1.0055660104627477,38,30,7,1
904,30.133333333333333,-102.02701601620325,7.336911857883635,-0.6002474144508056,0.5493261515633435,2.725727632863038,0.32015735449168026,51,30,7,1
905,30.166666666666668,-102.8065175489578,8.847921279055747,1.232850426698235,0.13789530888016352,2.217850751753563,0.8855698654255132,34,26,7,1
906,30.2,-101.45431452004087,10.79396769887527,1.2093794403040334,-1.4290273594224219,1.3990435317655847,1.0892072578078675,51,29,7,1
907,30.233333333333334,-103.38161042957196,6.23737742035965,0.9584910440863155,1.6861922019966764,2.210530055303102,0.6010421534186279,47,26,7,1
908,30.266666666666666,-103.622802405774,8.678772658620112,1.4728673286884515,0.19731191511396548,1.9273317236099172,0.8458325174123429,30,25,7,1
909,30.3,-104.2137380817149,8.653493882912088,1.081358828883367,0.2581482231424437,2.283949288542404,0.8267826995708711,30,25,7,1
910,30.333333333333332,-104.23552942792531,9.382808213037166,0.9708688375007171,-0.18996050171934004,2.327724204846146,0.9567207271055574,30,24,7,1
911,30.366666666666667,-102.77347091963858,10.191862344031222,-0.7537382992078818,-1.32030260095493,2.2889899375234473,0.5865667587073261,52,31,7,1
912,30.4,-102.14960209241514,10.598330149938434,2.2807696318612045,-1.2553807870950915,1.0831553535963,0.8576726802589222,48,27,7,1
913,30.433333333333334,-102.63097566184993,11.196208936362872,0.2940018544017846,-1.647927498994256,1.955262226543924,1.120353225197664,48,34,7,1
914,30.466666666666665,-103.29006490659523,8.810956503502275,1.2708317865153163,0.11639904578466849,2.007235205769774,0.8618891404375931,44,26,7,1
915,30.5,-104.72562527579149,7.770382353612973,0.7548888356026708,0.8568887460553987,2.5455242981429618,0.7732306567472985,34,24,7,1
916,30.533333333333335,-105.3193357374737,7.1173985481486,0.7598564876691398,1.3783634938457894,2.9583383504085283,0.7067713809419359,32,22,7,1
917,30.566666666666666,-103.358586836249,6.467288219148529,1.6377993385037541,1.7416481252322824,1.4879875494206702,0.7601925831277184,31,21,7,1
918,30.6,-104.25829536306219,7.750079585529718,2.1721680041462292,0.6052861355816352,1.8915262302678975,0.5493826019799666,47,25,7,1
919,30.633333333333333,-105.19067377967849,7.08821670093235,0.8563819747165269,1.468503217980727,2.7859442755018318,0.9423976095908478,30,23,7,1
920,30.666666666666668,-103.33379409042287,10.015046712177941,-0.6014667186461509,-0.9936568110773857,2.548949528697471,0.7412037843376279,52,34,7,1
921,30.7,-103.70187567210615,7.492076523748651,1.4370373763324125,1.0283496206942584,1.7964780445406732,0.8362704103884812,33,24,7,1
922,30.733333333333334,-103.52700010383714,6.159913751084552,1.4140608830394115,1.9095933185813234,1.6909159508942004,0.6511387826915125,35,21,7,1
923,30.766666666666666,-103.68130460692078,6.908159047120364,1.2748026884094656,1.4673794398490847,1.9815037107277726,0.8290901988978127,36,24,7,1
924,30.8,-104.51569668284316,7.6758525127964745,0.5945660459999544,0.9804094783428551,2.909358071993105,0.9246582399597655,31,22,7,1
925,30.833333333333332,-103.19550751365551,8.815948759235674,1.4364443473050272,0.08002049651801993,2.297490495565096,0.8694719448057695,35,24,7,1
926,30.866666666666667,-103.26797000494172,5.444481230103861,1.001736180124297,2.490787107685011,2.607723528605498,0.8017979659943537,32,21,7,1
927,30.9,-101.87156959014575,8.123219252564631,1.0857972286847115,0.4941442899137143,2.3122913635988196,0.7621535852360769,33,26,7,1
928,30.933333333333334,-100.34303604556264,6.515916572665979,1.3219917632267055,1.547630165289515,1.713817703049551,0.7690893411535131,31,24,7,1
929,30.966666666666665,-100.87799814436022,7.325025825573661,0.7700350296193221,0.9035452276701806,2.68673183193761,0.7418329335665288,36,28,7,1
930,31.0,-99.7526024309582,7.867677767796266,0.9655588741271259,0.4464993325084377,2.4645030704043447,0.6885223390707484,43,29,7,1
931,31.033333333333335,-97.87338413263669,9.631735639044955,1.6085354721991365,-0.7677700532321337,1.8943892681453751,0.8867007728454659,40,28,7,1
932,31.066666666666666,-97.78963475405192,7.393320572680246,1.1009436980318412,0.6443716807711001,2.185042745764851,0.7723129651627801,38,30,7,1
933,31.1,-96.8251170005345,7.1778301498462795,1.2269538958592534,0.805131436944578,2.1835767448815266,0.8175435199790756,38,27,7,1
934,31.133333333333333,-95.19861177569524,7.183451797270294,1.4758147130296777,0.7120531146398451,1.6282400497763172,0.8009362915452035,43,27,7,1
935,31.166666666666668,-95.40172198632953,8.368668633628879,0.49274973822886636,-0.29945893747277713,2.4204847679607364,0.6224323706877313,40,31,7,1
936,31.2,-94.38477150680797,7.498810317898084,1.0332878470539129,0.35461251494629825,2.1916676146274647,0.7185893076612895,45,31,7,1
937,31.233333333333334,-93.66759780293717,7.93182020054325,0.9719736180724112,0.004673106997658282,2.386029831030545,0.687000625381852,43,26,7,1
938,31.266666666666666,-92.79720209910104,6.9877319186419555,1.0150478827460603,0.6419485916220468,2.20925513506239,0.7648089334475543,42,34,7,1
939,31.3,-92.04414684581187,8.146259052874086,0.7587045994016393,-0.2694839624364857,2.326222544396225,0.7266670109904093,50,43,7,1
940,31.333333333333332,-91.55230247441617,8.797574464699515,0.2994111136055153,-0.8573259000217796,2.6371802854431503,0.5790673879499384,53,40,7,1
941,31.366666666666667,-90.22633196381283,7.756462482726803,0.6894790423262549,-0.24364576233733534,2.3513741222925,0.5531181338275915,59,41,7,1
942,31.4,-89.40236104591168,4.166948149867334,1.3797312731656888,2.4078797835404,2.100340163402452,0.5797944564507951,55,39,7,1
943,31.433333333333334,-88.60758773928937,6.109468491572045,0.9670039104038182,1.060869650128454,2.2039083979368397,0.7509900912528906,61,44,7,1
944,31.466666666666665,-87.41326334975449,6.787328239186046,0.9548761448973693,0.2840441048912051,2.0245320044743744,0.5028304389187375,58,46,7,1
945,31.5,-87.15337058849815,6.096236242386091,1.0507418906504284,0.8107661503708089,2.2030035649664264,0.5230068350845571,58,35,7,1
946,31.533333333333335,-86.28131678211594,6.784936975913574,0.8471038232394505,0.2462281843187605,2.2487054790131693,0.5275677092132294,54,36,7,1
947,31.566666666666666,-85.52130699502592,5.874310008598783,0.8887477287260737,0.897448689045535,2.309898440771751,0.5736799257122687,58,39,7,1
948,31.6,-84.0909953248885,6.5017658628196955,1.2347751844603323,0.39512331536134,1.9598269964728112,0.736076996341714,61,41,7,1
949,31.633333333333333,-83.21697276565862,6.415940257175052,1.0869478648511262,0.34039852490888733,1.970654354704537,0.5215211553343166,61,43,7,1
950,31.666666666666668,-82.80949387352706,5.336463417441312,0.9981421924979941,0.9891032638069909,2.1617539265303645,0.45756454399455626,64,43,7,1
951,31.7,-80.60250626386976,6.574373850837034,1.4503223783923573,0.09229442297035295,1.4370362082206325,0.64422332890468,64,44,7,1
952,31.733333333333334,-79.267634770527,5.947221138761506,1.9351477288052052,0.5439559351097518,1.0307029583516982,0.7529915233433716,65,54,7,1
953,31.766666666666666,-79.79229885884956,6.409635985413409,1.04959273170563,0.31657881253008796,2.0118169355303586,0.7686656977481218,65,47,7,1
954,31.8,-79.89369832686282,6.210295826552397,0.8584422823387428,0.2892388338144951,2.4493707175572856,0.47404120298630675,67,47,7,1
955,31.833333333333332,-78.15874299327817,6.5560877668799264,1.296425809281942,-0.06809168575679142,1.9577518185713234,0.5320583283784421,66,49,7,1
956,31.866666666666667,-77.85208457298174,5.410970612045272,1.0748510346278266,0.6799304243821472,2.2168920055691284,0.5001260789992076,68,46,7,1
957,31.9,-76.04753721733113,5.330958150512856,0.5367747717265701,0.391922097815309,1.9393721888000328,0.21953637956517816,78,48,7,1
958,31.933333333333334,-76.56438797517764,5.99573979928142,0.6456931287003869,0.06815984409478587,2.4706201049506538,0.3038668924928736,71,50,7,1
959,31.966666666666665,-75.49691864220809,6.1195163151204,0.9157404264524445,0.08171392147007889,2.3332455751140824,0.6118204472973742,68,52,7,1
960,32.0,-73.93240508775263,5.276151389019066,1.1968235822417626,0.5231375183631302,1.9082848199606266,0.4780038232318207,75,50,7,1
961,32.03333333333333,-74.0484490567037,5.251895159319062,0.801030845319417,0.5744631939403926,2.3852027886003038,0.4595184004998637,74,46,7,1
962,32.06666666666667,-72.61006987178338,5.495830545191808,0.4065337540781684,0.3516594570028594,2.393620936083735,0.5627152566594228,76,51,7,1
963,32.1,-71.40847867970828,5.776374810204558,1.2148544449303245,0.0755155293116529,1.8924038378710841,0.46949050186032004,75,54,7,1
964,32.13333333333333,-70.16515187121095,5.828772714614157,1.0779368347155014,-0.03248779115676763,1.7602343177603523,0.5400543127070733,79,52,7,1
965,32.166666666666664,-69.8787098602616,4.747928507210162,1.247438105735739,0.7663273082624411,1.9311153114207815,0.6240145596715337,73,48,7,1
966,32.2,-69.21830450528711,4.616575907274388,0.6398655871293215,0.7373225804360503,2.2277807029451546,0.5500981632933042,75,53,7,1
967,32.233333333333334,-67.88335529864997,2.7871153470493013,1.8993080086663099,2.029589340195838,1.7122039146443653,0.49417142587617463,67,41,7,1
968,32.266666666666666,-66.84630527821336,4.9847505272871615,1.3330393237451403,0.357932772394212,1.6647420659046892,0.5455837160323196,81,60,7,1
969,32.3,-65.49268520152413,3.922772695908055,1.2531062348770377,0.9546064935561177,1.4845916219714703,0.49471104058540094,76,51,7,1
970,32.333333333333336,-64.33797393860071,4.73867672618892,1.362330279030914,0.3659447557385831,1.2531056571748327,0.568903850666057,83,64,7,1
971,32.36666666666667,-64.26776134290267,4.073353384716125,1.526484247695194,0.8276044187060411,1.621544473430818,0.5347930803149371,77,55,7,1
972,32.4,-62.50257406058762,6.4813389776423165,1.3556792039887995,-0.9250835907127825,1.2389185896053447,0.710672847334167,82,64,7,1
973,32.43333333333333,-61.943581973460084,3.823659223369276,1.3740002220789052,0.7220812057421491,1.2954853483441755,0.3181028763181836,74,43,7,1
974,32.46666666666667,-61.984540660801414,4.089458371627163,1.4000358205058205,0.7005905755007045,1.7844958052622655,0.6659488656543852,83,55,7,1
975,32.5,-60.62495416999474,4.724617203504188,1.2527802836773105,0.23926587033836497,1.5020254034344946,0.6138986675581986,80,55,7,1
976,32.53333333333333,-60.23931811503523,5.020756618788493,1.2867683808750598,0.009792874391405925,1.770478006511612,0.6013559043423324,86,53,7,1
977,32.56666666666667,-58.88270153488525,4.84330547420252,1.3752489586952237,0.015199995192656648,1.489777609118986,0.547709935276962,85,63,7,1
978,32.6,-58.02058021605928,3.436385148614164,1.0883269845100045,0.7893991716821965,1.5409908972756594,0.26943910803649873,85,56,7,1
979,32.63333333333333,-57.23743377903917,5.314299368064795,0.6556039488223178,-0.5068543713716243,1.7445347597545242,0.6191241120123614,81,58,7,1
980,32.666666666666664,-55.705715817064,3.4699717203106815,1.3145848387537171,0.6500479043294892,1.102066146747202,0.42048797885090516,82,54,7,1
981,32.7,-56.03342413885324,3.4174841222737378,1.0093303765564912,0.8525816080268421,1.8886170525539325,0.5590137634137191,78,47,7,1
982,32.733333333333334,-54.0817773725212,4.734947006195412,1.1024686214847463,-0.3561789884709042,1.2107927835140895,0.44888244529935617,87,54,7,1
983,32.766666666666666,-54.0180611223737,4.065850300706231,0.7201405030625097,0.13088522562748214,1.7877432904368897,0.45859917760426017,86,50,7,1
984,32.8,-52.133966474210425,4.330642871545706,1.1892151922818215,-0.030621475390667133,1.0049028712766792,0.6052016243809449,88,65,7,1
985,32.833333333333336,-52.44566394442893,5.732306442633302,0.6322305402680115,-1.03472233463944,1.937145659139974,0.668996479831596,82,53,7,1
986,32.86666666666667,-50.39121802230232,3.0639850853042603,1.7906623521067218,0.6333936894909349,0.8245357479617247,0.25370758884392697,91,66,7,1
987,32.9,-50.166948298265105,4.429417243161975,0.8616007848322056,-0.37988818564492094,1.434638815387169,0.35406216072563895,89,59,7,1
988,32.93333333333333,-48.650631559455206,4.300913579345938,1.189757099026977,-0.3283660168096759,0.990776114409556,0.4704421049814247,86,69,7,1
989,32.96666666666667,-48.23823631863933,3.991904844106866,0.7774291142625458,-0.1615370774138907,1.335052392063523,0.3466198682288201,88,60,7,1
990,33.0,-48.23150547618641,4.074442925274809,1.002362646863432,-0.22985301285107448,1.7464506272146973,0.3543412217484846,95,63,7,1
991,33.03333333333333,-46.95946294216312,2.023856023353531,1.4881172387004966,1.2838808918975637,1.39356592001987,0.45340979390712277,82,53,7,1
992,33.06666666666667,-46.244977188573415,2.1329471459508547,1.4727724386590069,1.045163101887027,1.4306814194095,0.16868197820122582,86,61,7,1
993,33.1,-45.20079982072956,4.516830284846815,0.8371921376584197,-0.7334624927595413,1.512070324847644,0.3077678119895838,89,51,7,1
994,33.13333333333333,-44.713880332527545,4.419225203810985,0.530817500751894,-0.6006817136797692,1.8283085156648213,0.4831862720594418,85,59,7,1
995,33.166666666666664,-43.785067632671215,3.5313150239185624,0.7812178088185675,-0.08346782636038683,1.6848357149071744,0.37863937900274147,87,62,7,1
996,33.2,-42.05425902991407,3.9393369229150146,1.0394209783736699,-0.4273252320645625,1.0692664572481392,0.415680396710498,91,73,7,1
997,33.233333333333334,-42.101355112358455,3.795563185405463,1.1036689755564595,-0.30605667904333095,1.6756824079441108,0.4318303703238558,95,61,7,1
998,33.266666666666666,-40.19195344747245,3.68825179118609,0.9489922945433307,-0.4145638158043676,0.9803624710725355,0.24089874358093935,90,64,7,1
999,33.3,-40.38684273048784,3.2402151506494334,0.8496303355493922,-0.045026000221178177,1.6429297371932299,0.4523515840758109,95,64,7,1
1000,33.333333333333336,-39.70906254506596,3.21605382196795,0.6825200936352758,-0.05646731614611818,1.7677200632221592,0.36794978691545843,96,57,7,1
1001,33.36666666666667,-38.171425568340915,3.3019164162272467,1.4459913229170525,-0.21760080022250677,1.1891438646792318,0.5411368762073687,95,73,7,1
1002,33.4,-36.8223687899717,4.071770181386402,1.015362081726991,-0.7956686162913498,0.9537446397275446,0.4502486757025262,91,75,7,1
1003,33.43333333333333,-35.882433327209476,2.3473456576579537,1.283523644356194,0.33399605731858795,0.8074845661508459,0.3391094312544731,96,64,7,1
1004,33.46666666666667,-35.15726398531904,3.215765743279647,0.9406362024189008,-0.36055365232018416,0.9100383994903694,0.28256397685678514,100,70,7,1
1005,33.5,-34.95738242100461,3.021639812191392,0.8194664832701051,-0.2256228371767475,1.3656122571737679,0.2188913494991279,99,63,7,1
1006,33.53333333333333,-33.626835326640425,2.747767381668158,0.9734834514896136,-0.11187764510236554,1.0599367164088218,0.31043346953472434,91,70,7,1
1007,33.56666666666667,-32.81722760684765,0.9548578970345432,1.479862713195672,1.1885101270171137,0.9826717261900378,0.44041909951140407,98,69,7,1
1008,33.6,-32.1074712014769,2.76583854934956,1.1098801806645326,-0.232443677302921,1.1746701962163149,0.18341944861999543,93,60,7,1
1009,33.63333333333333,-30.676984962726173,3.506949384253325,1.0966409256011787,-0.8152774204502305,0.7522372234893282,0.3216405303007164,99,68,7,1
1010,33.666666666666664,-30.903839300340792,3.790234842996451,0.8364585175437753,-1.043742880498629,1.541428194833888,0.40794675291653215,91,60,7,1
1011,33.7,-29.730557257087064,3.9366936865406608,1.1385614534460018,-1.1651784387865551,1.3164647164286896,0.5111502373796817,101,70,7,1
1012,33.733333333333334,-28.672543491368216,2.996856474153187,0.7526005384094674,-0.5515951061017116,1.1681764007234834,0.30542520538987034,91,70,7,1
1013,33.766666666666666,-27.735383783082792,3.903369515774777,1.1332796020622737,-1.2480162043605976,1.1390484700272758,0.49750497744012534,95,66,7,1
1014,33.8,-27.248772746484324,3.333635126391261,0.8646905547514905,-0.9191610797226215,1.3735587457047862,0.2885236646896742,99,67,7,1
1015,33.833333333333336,-25.207067941656742,2.1688037241317666,1.0169953207436606,-0.16255093212539282,0.46031948272083584,0.3877604781765586,94,66,7,1
1016,33.86666666666667,-25.040449156855694,2.7095480097406828,0.8865983089314255,-0.595115057832299,0.9748903330656513,0.20051576010628816,95,65,7,1
1017,33.9,-24.4343910953332,2.937615311848578,0.6417444549272062,-0.7737221084133116,1.2041431271387772,0.234580079006403,93,61,7,1
1018,33.93333333333333,-23.760366119052517,2.1654610311754503,1.087954342639165,-0.24820882696502478,1.2143289111248383,0.21822290338439157,99,69,7,1
1019,33.96666666666667,-22.07634646785231,2.615025689266023,1.0677478641520537,-0.6655254188123952,0.6585702311376304,0.16324842790088887,101,61,7,1
1020,34.0,-21.134391400073223,1.565418208755876,0.9177333094141318,0.0009219457812710736,0.5382899921338127,0.04463234539424342,95,66,7,1
1021,34.03333333333333,-20.384595763216748,1.1134677499807353,1.1723181249607961,0.31867476493669117,0.5785385606344117,0.1364141413646592,97,61,7,1
1022,34.06666666666667,-19.691947591107063,1.0502946733545144,1.1207067900451904,0.3073311936233286,0.6846306125761885,0.1341230756914619,101,67,7,1
1023,34.1,-18.742763608443855,0.5313947333888009,1.1967395493196875,0.6045987320579099,0.6178254680867868,0.10156569956202133,95,60,7,1
1024,34.13333333333333,-17.87900608975155,0.961014412143065,0.903940465061055,0.3190324136637694,0.6516054166150773,0.4251230203735404,96,69,7,1
1025,34.166666666666664,-17.395696763376172,1.5157213176440507,1.155410768373443,-0.12643263254305215,0.887280594755167,0.10122667314651375,91,70,7,1
1026,34.2,-16.958769650539445,0.9268951238121979,1.1857814058986946,0.2590581385934023,1.1309950473104802,0.1483388315390051,97,71,7,1
1027,34.233333333333334,-15.209073114761523,2.1207179673928565,0.9662076913332385,-0.6727575239280594,0.5270591652709894,0.08177438606489595,103,79,7,1
1028,34.266666666666666,-15.063822520211385,1.3189861733663406,0.9164446772790882,-0.14075018320707794,1.0159058311779465,-0.01751552058952968,97,67,7,1
1029,34.3,-13.744081097632979,0.33383965577531427,1.0944073544673074,0.5169980552185515,0.6717835024609609,0.11004367123500675,91,64,7,1
1030,34.333333333333336,-13.707123515240376,0.4317458931880793,1.1181521922449633,0.4288457958939775,1.2566921438839649,0.005572407378295606,101,68,7,1
1031,34.36666666666667,-10.861385329991286,0.6694130072791822,0.7279123855521732,0.09334610402614099,-0.1715532364709943,-0.00013347871105028245,94,68,7,1
1032,34.4,-10.855079834295168,0.6948800927548184,0.946419505535701,0.10032535633364634,0.4082131165881376,-0.0993969381846787,91,65,7,1
1033,34.43333333333333,-11.32261480561447,0.07978926658296004,1.2052386846874725,0.5700032341181563,1.3556370814127772,0.0259462242911665,87,61,7,1
1034,34.46666666666667,-10.699594753799069,-1.1585593610374367,1.3325822522941024,1.4285564732971654,1.4638912620273405,0.015195317637293494,85,61,7,1
1035,34.5,-8.525766865231574,-0.9277901907359762,0.8123202166179198,1.1330679368501344,0.531063492914105,-0.13607820066822024,82,58,7,1
1036,34.53333333333333,-8.987788270980786,-0.07766552941827598,1.1147661087336616,0.5666904424927051,1.5116099782031371,-0.11149988879842881,79,59,7,1
1037,34.56666666666667,-7.334106344091531,-0.7025025544462586,1.3191584570264325,0.9558607411707707,0.8508032415378797,-0.1743293939886999,73,54,7,1
1038,34.6,-5.626843604430313,0.09270014269059956,0.6677254662940442,0.25499676038471286,0.28263996760596316,0.12328727112343431,77,68,7,1
1039,34.63333333333333,-5.714194889614738,-0.5555629574655967,0.8606210071973948,0.7026122930882311,0.9109983993232295,0.19793610341925447,86,69,7,1
1040,34.666666666666664,-4.75265888947002,-1.2765920471690109,1.020318283471937,1.2040557592375716,0.8034683640848489,0.10483148315944929,81,70,7,1
1041,34.7,-4.617322635121695,0.3804283561504356,0.963513993151409,0.043718966344831516,1.3807574183723323,-0.2579524572656996,74,59,7,1
1042,34.733333333333334,-3.449708207608701,0.6798598431575336,0.5737470637513127,-0.28280426278112686,1.0712028082437814,-0.0390826243608147,69,59,7,1
1043,34.766666666666666,-2.2264359084019247,-0.44800876092600816,0.5095153711383773,0.4881580554961818,0.5297314116150311,-0.14757991736809842,71,56,7,1
1044,34.8,-1.9931167050907703,1.1894179603216628,0.38523836102559983,-0.6774837580947534,0.842567357856404,-0.09987604304847882,65,54,7,1
1045,34.833333333333336,-2.3283230585338544,-0.19591392196381463,0.7946848637781301,0.2968320317718785,1.3291864760652785,-0.1394343804724217,71,60,7,1
1046,34.86666666666667,-0.9189053942121035,-0.67714020785305,0.49600448977967915,0.5394054713830252,0.45578508437768256,0.016452928078829136,69,57,7,1
1047,34.9,-0.4738335363537445,-1.3791870503812618,0.6941833497392054,0.989617872238309,0.2341977422873205,0.2328967926506357,62,57,7,1
1048,34.93333333333333,-2.472087138486472,0.08639053570925981,0.8440919846561599,0.11107611453796985,1.756649418893554,-0.08071491744874269,72,51,7,1
1049,34.96666666666667,-0.7018909153406128,-0.8995821769643229,0.44934501653419545,0.6999579485358868,0.446082514520584,0.013244864098802055,66,53,7,1
1050,35.0,-0.2292012695942418,-1.3027759064698046,0.5274664151090462,0.9713953686032015,0.09895520492952124,0.05713777914433736,71,60,7,1
1051,35.03333333333333,-0.7906893179601511,1.0965377311439823,0.398373423741603,-0.6864567169262928,0.6487798233037714,-0.018850895814158043,67,57,7,1
1052,35.06666666666667,-1.4124437123459899,0.19539929813334211,0.637050156771636,-0.009918689656837393,1.034350196466793,0.0641730459456077,68,60,7,1
1053,35.1,-0.9632272429273598,-0.7463512064796731,0.6058948364321424,0.6464255320441359,0.6709809138917949,-0.13707583136486612,68,51,7,1
1054,35.13333333333333,-0.8571432415116789,0.26148802476674504,0.4891371004563325,-0.07724850997575929,0.641990866955625,0.02379186219369144,70,58,7,1
1055,35.166666666666664,-1.6330073861657723,0.04258207463916719,0.8725353324386305,0.11171911635346302,1.226026011557002,0.041819667381462707,68,55,7,1
1056,35.2,-1.1704001906564656,0.029954296479552056,0.46213327533699555,0.08327642087540801,0.8724012124120845,-0.0007679610855435988,68,57,7,1
1057,35.233333333333334,-0.28337658426304557,-0.4449817169229604,0.30307832582001026,0.3656682567198074,0.186303223994788,0.05252603477939714,65,55,7,1
1058,35.266666666666666,-0.28438585550544104,0.38744235716090003,0.2424271409925609,-0.2194048381276732,0.22795323908959386,0.06328048950904683,74,59,7,1
1059,35.3,-1.7688374572476562,-0.3223645656533414,0.6672917464399717,0.35716062991509395,1.2094645165106366,0.005795254131292033,68,57,7,1
1060,35.333333333333336,-1.7446540360604814,0.7018441524478618,0.5301516021827695,-0.37767683941667585,1.1242588466769368,-0.03944737714858953,69,57,7,1
1061,35.36666666666667,-1.0745041496530376,-0.20997599496948993,0.27115525947748154,0.24741356173123374,0.3665586471772366,-0.018617482738588546,72,58,7,1
1062,35.4,-1.8742073493025373,1.3312307341449205,0.35862299678144893,-0.788156825854998,0.7203488194557492,0.01961808733463873,72,55,7,1
1063,35.43333333333333,-2.5484748902147913,0.12506605086359457,0.5614592862806234,0.07678033013675262,0.7311791875443184,0.1813785441282597,80,67,7,1
1064,35.46666666666667,-3.6315802437805047,-0.11375482602715437,0.8365181821679357,0.32356009156465515,0.9592573955422327,0.21351591401341727,79,65,7,1
1065,35.5,-3.817443657965711,0.1428144620775882,0.5765008028278231,0.12122654776668017,0.6202655840447642,0.22700115461348822,75,63,7,1
1066,35.53333333333333,-4.1528827114218245,0.8991893071169699,0.5160512352015871,-0.42086766683488525,0.3212183500026385,0.34877241144352633,75,55,7,1
1067,35.56666666666667,-5.328081211222511,0.7784161621381109,0.8611159232179375,-0.21437507618002877,0.5309884569496992,0.26971108022420875,81,56,7,1
1068,35.6,-6.540812612031516,0.1561504173095578,0.7655431913731974,0.26090945003531035,0.7506175910204174,0.2677104425869096,70,58,7,1
1069,35.63333333333333,-6.8942159954649185,0.6505828175589414,0.5249970981714824,-0.0990140926912145,0.4117150205370707,0.3856924797854686,79,69,7,1
1070,35.666666666666664,-7.944861710690333,1.5927286173404802,0.6491000842411552,-0.6996687994584316,0.6247958941694289,0.36132026660102695,85,67,7,1
1071,35.7,-8.578559782360543,1.4141250452877756,0.4634255467497752,-0.5347715863369791,0.5017594950763538,0.4102006716579045,86,57,7,1
1072,35.733333333333334,-9.716833077469872,0.4501625658139403,0.9145432417818427,0.21085222185786257,0.6545248696244349,0.3468380141020529,88,70,7,1
1073,35.766666666666666,-10.165819152038836,0.9839907064246951,0.6310618866030069,-0.1794640275753004,0.4113510924921698,0.3136031297572868,91,66,7,1
1074,35.8,-11.30455644766787,1.5287896847103752,0.7706338589617729,-0.48290948953458107,0.6055294975169868,0.38599383889441946,84,63,7,1
1075,35.833333333333336,-12.10741274568619,0.9485440293556273,1.0519424510262212,-0.029442279299956818,0.5510785392406595,0.5407025392308185,89,69,7,1
1076,35.86666666666667,-13.131141723404646,0.6230768170001717,0.6317736002714156,0.2749010129539337,0.7005654697999378,0.3369399861330091,87,56,7,1
1077,35.9,-14.27114172954957,1.4758191187166219,1.053795710986634,-0.29683487646944456,0.9748120831799881,0.4786814571829839,92,61,7,1
1078,35.93333333333333,-14.57126584452163,0.8754879385216086,0.8463981182097768,0.17226756764832563,0.5242737860396821,0.3925346797853894,93,61,7,1
1079,35.96666666666667,-15.438012880524077,-0.1588318776894937,0.759011403614565,0.9135650473493919,0.48874697536029604,0.40831640938800356,93,65,7,1
1080,36.0,-15.43712951055673,0.5892998383991355,0.8075557748334887,0.3983786459810153,-0.07190137308545679,0.5134448194960002,100,62,7,1
1081,36.03333333333333,-17.907382168400016,0.3699334921577737,0.8761527971245187,0.7159102715620317,1.0558043484479291,0.41601850347198144,92,56,7,1
1082,36.06666666666667,-18.371321972864077,1.4277354081915803,1.1588781277024367,0.013273731188939004,0.811354079136944,0.4502647194590394,93,66,7,1
1083,36.1,-19.121401200914153,1.9843924867992975,0.8664086288866883,-0.36266756654154386,0.7877020915955466,0.4900382265118012,92,71,7,1
1084,36.13333333333333,-20.770589948250844,0.8118998377294204,1.045308125945425,0.5750968151171305,1.2931080437010585,0.5287401292583386,89,59,7,1
1085,36.166666666666664,-20.9700865550573,0.9017323429415285,1.1458863104945607,0.4915772029435969,0.8245076154978599,0.4385670031404809,94,65,7,1
1086,36.2,-21.91234143039173,2.699061326163978,1.055170736954807,-0.7283040029738436,1.009104771836573,0.4818012394299301,92,63,7,1
1087,36.233333333333334,-23.650281618005337,1.5390274987411594,1.1077615649693513,0.2270131600990552,1.6067419721366942,0.5063563107641411,97,57,7,1
1088,36.266666666666666,-23.39945619661971,1.2006857904912565,0.7985535993345962,0.43679932314678627,0.839123704534773,0.5305391051603121,99,65,7,1
1089,36.3,-24.23410280798855,2.1315399978225003,0.9768056612482496,-0.17565868124722223,0.8282681604024925,0.5201371588749552,101,85,7,1
1090,36.333333333333336,-25.9834184357156,2.2777555163623866,0.9300188535438991,-0.19276360516654775,1.4056030957946881,0.5855177578719012,97,68,7,1
1091,36.36666666666667,-26.06579188034645,2.445714661875847,1.1987293193981827,-0.31811568458255624,0.9131864467867872,0.5483456192353292,92,73,7,1
1092,36.4,-26.990524009643746,1.8805863333298305,1.1206222959018675,0.16370434150165386,0.8896966090931442,0.4873007478683382,95,64,7,1
1093,36.43333333333333,-28.035984384480674,2.800657476148647,1.2508008212602277,-0.441628658744332,1.109910691900392,0.631989983548218,92,67,7,1
1094,36.46666666666667,-29.80436574433907,2.0981599927272114,0.504884276256405,0.20920201063218735,1.8049798440084992,0.673787086996313,102,67,7,1
1095,36.5,-30.078920217822425,1.7130868670035042,1.1797386145023552,0.49059253804205,1.2933932449457652,0.6676149661625903,103,69,7,1
1096,36.53333333333333,-30.955161475791858,1.5148343147671355,1.1870566666381421,0.6379448131404343,1.3222461412142819,0.569162168263402,96,65,7,1
1097,36.56666666666667,-30.77231893116991,2.7413972379504763,1.1299540788734532,-0.22499879573811224,0.6562700068066225,0.5750772433417941,93,74,7,1
1098,36.6,-32.64026972541408,1.8888502027008158,0.7970480568665295,0.5021859364440114,1.3675064301507107,0.5438614559155678,95,66,7,1
1099,36.63333333333333,-33.990501305465976,2.425788644585321,1.078222944994792,0.2268769043598459,1.68853059690425,0.696587231519592,92,62,7,1
1100,36.666666666666664,-33.30018180195118,1.7419193722692725,1.4585068114613478,0.6625464118929186,0.5704915093714023,0.5945658968209244,93,67,7,1
1101,36.7,-35.07054385791391,2.521262151581972,0.965196390526458,0.11852483156516183,1.3059674262576733,0.4307858442589059,92,56,7,1
1102,36.733333333333334,-36.20141737940875,2.046856176904676,0.8657086085557211,0.5987554717850405,1.4713233043169984,0.5956262407913349,97,71,7,1
1103,36.766666666666666,-35.02103464403629,2.047833540776619,1.3951681366334725,0.5789411128881916,0.08987289771490196,0.786054668127278,91,67,7,1
1104,36.8,-36.22341859199897,1.5675513765402727,1.547228444144622,0.9398897856334791,0.2864897106943123,0.5661864466908553,86,66,7,1
1105,36.833333333333336,-36.180137062142705,1.8715929455724378,1.6988937434244065,0.7072880602875923,-0.3272762052119297,0.6332487296092912,91,61,7,1
1106,36.86666666666667,-38.580195145578166,2.1705250335318027,1.204033000818768,0.5979265164099768,0.8232349765762251,0.5288669123687426,94,57,7,1
1107,36.9,-40.127566952319796,3.5273735875657444,1.5015191576062819,-0.28284391771670886,1.2180521872509409,0.5711630019056154,94,62,7,1
1108,36.93333333333333,-41.07122222067329,2.5644414401499382,0.7239359849034059,0.4808692573928437,1.4254224824808603,0.6226605198243214,93,65,7,1
1109,36.96666666666667,-41.29543924830058,4.956766487236369,1.2222384667073385,-1.231049462749774,1.0362622626789344,0.6183196265576977,97,60,7,1
1110,37.0,-42.43727426348541,2.7605576872024002,1.2347648392704826,0.4820079737441705,1.1134072655660803,0.7051596742454114,97,65,7,1
1111,37.03333333333333,-43.64822283000367,2.2216900222651788,1.6146245530815264,1.0332558138304573,1.213229151127766,0.7543306360655323,94,55,7,1
1112,37.06666666666667,-44.04281844457792,2.977547094946374,1.1070331605601211,0.4237575514159472,1.1160793366336466,0.6851255236418227,88,54,7,1
1113,37.1,-43.83216942903378,1.6184227500703017,1.8650384853063997,1.3049978187456197,0.19044952342530397,0.5317560544300487,94,57,7,1
1114,37.13333333333333,-46.22504271752164,2.481303571045377,0.9106039993891244,0.854198479595392,1.4027445132847969,0.5498067022778473,84,61,7,1
1115,37.166666666666664,-47.014887643759224,2.2992944055036055,0.5577241997908118,1.1100057928347076,1.5148209696101558,0.5932005471499837,99,67,7,1
1116,37.2,-46.58733455912594,3.5344865094921545,1.1222259409782112,0.16244165493044613,0.5226889394971376,0.7210486125285539,93,68,7,1
1117,37.233333333333334,-48.58492954749989,3.1393761510753926,1.3871571441083148,0.5217696480581947,1.2160815897223176,0.5179187440227279,91,54,7,1
1118,37.266666666666666,-49.26723892815605,3.0406419611974265,1.0308104656523511,0.7515779500596876,1.2109655644422637,0.8079218337272313,94,65,7,1
1119,37.3,-50.78326920419798,4.553561056338022,1.0901153465387097,-0.2505509940735544,1.6431716067263324,0.8306647152403042,84,50,7,1
1120,37.333333333333336,-51.305278601055484,3.200584715776234,1.1734130091213189,0.6746353919648199,1.3904310202013077,0.6345703599235473,93,72,7,1
1121,37.36666666666667,-51.78349274925193,1.9811386085057272,1.5736464185481651,1.5855607192226944,1.060894933745967,0.6023030602980708,86,68,7,1
1122,37.4,-53.41098093655156,2.978855518498328,0.5595257312032658,0.974630821896688,1.7683068230567633,0.5864344822435187,88,58,7,1
1123,37.43333333333333,-54.90465239714945,2.774651887795528,1.4552391803610902,1.201741374017223,1.9183075965819905,0.6131505701930491,87,56,7,1
1124,37.46666666666667,-54.97974989644018,3.7684031762617316,0.43874571138178453,0.49906865591738936,1.775678537103463,0.6447143682081106,88,59,7,1
1125,37.5,-55.2517486160678,3.3783410627783823,1.4515750636677893,0.8028253033078439,1.120681617293403,0.6656764314316431,92,79,7,1
1126,37.53333333333333,-55.937288368513315,3.4128969318805673,1.3810072158761955,0.8118053580906209,1.0787489503436398,0.588250229174659,83,66,7,1
1127,37.56666666666667,-58.686855189579724,3.5963526766227645,-0.2629080802108348,0.95117848757866,2.673444395577409,0.9020434764922529,86,59,7,1
1128,37.6,-57.562373667372704,3.8022264665392065,1.1027932058364485,0.642175234467686,1.168537427919048,0.623286739637747,84,55,7,1
1129,37.63333333333333,-59.701028792950865,2.847566499416626,1.5188955367581656,1.4404427494789225,1.7111731419905993,0.4947745286793814,81,54,7,1
1130,37.666666666666664,-61.11310945262599,5.933762845151556,-0.4141434773702599,-0.5141911337685355,2.694771876026113,0.9665978929498452,80,53,7,1
1131,37.7,-60.333041144705845,4.038845764419019,1.5513065936295618,0.6602317660194879,1.1164461875696368,0.637826687401592,75,64,7,1
1132,37.733333333333334,-61.53817506062869,2.8754051781315617,1.7034953081419104,1.67634186549139,1.3370024058809857,0.9126319673761609,81,51,7,1
1133,37.766666666666666,-63.17085445521013,4.451220684539454,-0.39379158336221565,0.6518322963640246,2.3764294732521414,0.8300619400179544,78,52,7,1
1134,37.8,-63.15632601670854,3.735372657106442,0.8723394696414601,1.06230962745461,1.4905344477491969,0.7859328717250588,82,55,7,1
1135,37.833333333333336,-65.53060384439826,6.142007463079956,-0.20290763684647573,-0.3632719525229148,2.732232944977112,0.9795229821706682,76,49,7,1
1136,37.86666666666667,-65.78620767695847,3.68309454367229,1.3281564114570727,1.2509603458274354,1.8175890508968233,0.5340255948796491,79,53,7,1
1137,37.9,-66.85666016046,4.4550469170443385,1.202606461649978,0.7022626002491777,1.9879228727800742,0.5865236003599323,78,47,7,1
1138,37.93333333333333,-66.96688842503268,4.488865382496378,0.5760553807972428,0.8156350246394808,1.8475686718898496,0.7951480891450935,79,52,7,1
1139,37.96666666666667,-68.00418233924051,4.226470010158987,1.4254363618193366,1.014732453508802,1.6535795017833423,0.6507758335869177,78,55,7,1
1140,38.0,-69.04094708370243,5.044890638828431,-0.9017169223673562,0.674934465729291,2.5785502094575623,0.9777678251752424,72,42,7,1
1141,38.03333333333333,-69.75992081096206,3.2618197665940762,1.389021367007004,1.6784972147219688,1.6707040401970923,0.4322341822388532,80,51,7,1
1142,38.06666666666667,-71.09317399444615,4.092598322307072,1.1021243631809199,1.2790637052277583,1.9736807021935765,0.5444512302975927,76,48,7,1
1143,38.1,-71.94011634668747,4.2886520810713655,1.239827749287059,1.166062406285,2.0109041499420233,0.5738416853527333,84,64,7,1
1144,38.13333333333333,-71.7230070419609,4.981158451343351,1.157543636655717,0.673163839586254,1.5598324286933676,0.5866664712673547,73,50,7,1
1145,38.166666666666664,-74.08063334041094,4.8041317692022005,0.6866625710626977,0.7912180897628481,2.3004878197590783,0.40702871478591446,76,51,7,1
1146,38.2,-74.62839111188704,5.219521061784256,1.29272164633376,0.6565145032590691,2.04291775729121,0.5047222086703782,73,55,7,1
1147,38.233333333333334,-77.14827961564737,4.795384546295235,0.33472649744902583,1.018965484277407,2.96110624222802,0.32682130438333556,67,39,7,1
1148,38.266666666666666,-74.7520786710885,2.721549829951531,1.5181079211334065,2.292188690639241,1.2324059955413809,0.3695452481708111,68,42,7,1
1149,38.3,-77.82770467891504,3.729078657552801,1.052304937329012,1.919461031495754,2.515202107548071,0.5673745890004548,70,43,7,1
1150,38.333333333333336,-76.83104265917986,3.749178854271687,1.1559999392741105,1.877535291175476,1.5382713608490313,0.6518934091790182,69,45,7,1
1151,38.36666666666667,-79.77609597080479,5.460677147563064,0.7074025801061481,0.710104129419258,2.6115173200377644,0.4597598525650109,70,47,7,1
1152,38.4,-78.5980230368498,4.271034912113379,1.8038304353521255,1.5273430654950217,1.3375548317537278,0.4850117237257369,68,47,7,1
1153,38.43333333333333,-81.30895567010207,4.790797014763754,0.5843917154110869,1.3653657252904914,2.5188731275393574,0.4792843467860347,69,42,7,1
1154,38.46666666666667,-81.69956312435608,4.811347719316675,0.9825110469983969,1.367046417077409,2.301879253172226,0.5281659719923542,64,48,7,1
1155,38.5,-81.5726335233058,4.638071944232983,1.0588726052632609,1.6261456797291938,1.8898015151903174,0.7292747061066995,66,46,7,1
1156,38.53333333333333,-82.80224763761045,5.176469029660851,0.9285903229182537,1.3701230842942542,2.073331978028276,0.7983377059520373,60,39,7,1
1157,38.56666666666667,-83.90237777835532,5.836247077200504,1.051294985433188,0.8502415561213835,2.1139562941734105,0.5620869069950173,56,39,7,1
1158,38.6,-84.66677581474474,5.498229559572902,1.0738304768920273,1.0501482104339392,2.0450210152288206,0.517323557226769,58,42,7,1
1159,38.63333333333333,-85.84527312365725,6.343820126647863,0.6780074080238307,0.47120888282361834,2.2888687542515203,0.47419809282201963,60,39,7,1
1160,38.666666666666664,-86.42753784891973,5.741106651720202,0.9937460550238484,1.0633923215770944,2.1611336733022637,0.5771582142277092,59,45,7,1
1161,38.7,-87.0548799294155,7.215177915595945,0.9524233554510744,0.028958552244318973,2.0971163522446803,0.665374903954146,58,42,7,1
1162,38.733333333333334,-87.5747140566199,7.215463778134627,1.0512496709038288,0.1782331861696026,1.9410658515645922,0.8233534603260337,57,45,7,1
1163,38.766666666666666,-89.10475961845245,6.598021771864715,0.5795791604219573,0.779085721598465,2.4675331556524047,0.8409395411350777,61,42,7,1
1164,38.8,-90.63952973709688,6.482083177802863,0.5178205494164416,0.6632348868292128,2.7030914145908302,0.47454255877187257,56,41,7,1
1165,38.833333333333336,-91.78442613395846,6.81373341654529,0.42470699743424234,0.5364321770784464,2.9220587493107746,0.47846371886883493,54,40,7,1
1166,38.86666666666667,-90.56716546641317,8.550449368161871,1.1323008234094516,-0.46667856561173354,1.769163815993481,0.9755807370133274,46,32,7,1
1167,38.9,-93.13422259077737,6.6582427989147845,0.43807188586531254,0.7289332610337883,2.7575400686520304,0.5772101030224199,46,35,7,1
1168,38.93333333333333,-93.51028026941935,7.906370996225597,0.5232163216514891,-0.025050335277361543,2.5086211045946163,0.700485684580793,44,29,7,1
1169,38.96666666666667,-93.60261432558889,8.007809306916919,0.9668181683712191,0.004479938408353731,2.0505145981712283,0.8372934420865661,42,36,7,1
1170,39.0,-94.15976467726469,6.781847595215417,1.4297844326324025,0.9412180655501245,1.8490875165051368,0.8281092865848965,45,30,7,1
1171,39.03333333333333,-96.18592981303391,5.7412644501826655,0.7644776404974039,1.8324942996344546,2.632405006492016,0.8282937177668589,44,32,7,1
1172,39.06666666666667,-96.03837018624563,6.626846962264949,1.1645344398609438,1.2130045240020964,2.0519295967472146,0.8873313461728207,47,33,7,1
1173,39.1,-96.20035425769814,6.697551455953409,1.787768444589247,1.2114526483870602,1.530045802546634,0.9279103809249045,43,35,7,1
1174,39.13333333333333,-97.73932965784434,7.260627535237475,1.1163926597395175,0.851853199526831,1.9923114657756245,0.8358247377604182,38,26,7,1
1175,39.166666666666664,-98.97631124782754,5.152148658632427,1.5423864201889614,2.351762546978761,2.174670143401603,0.813767562937978,39,27,7,1
1176,39.2,-99.94939252681371,5.847633525711576,1.2070261846551062,1.868021010050396,2.280246268668099,0.6037252465704891,34,26,7,1
1177,39.233333333333334,-100.6172109664712,6.540439589010184,1.5171626909148301,1.5035737435539105,2.26520109488632,0.7932156992829101,42,30,7,1
1178,39.266666666666666,-100.86415686461105,5.4579560042905975,1.7873441782392945,2.3303234766551624,1.7512957411690455,0.8648317092639571,34,24,7,1
1179,39.3,-102.61362388896495,7.855757725562874,0.9289553392043501,0.7467511291227784,2.5624679082790562,0.9417833580133015,35,25,7,1
1180,39.333333333333336,-102.60844048487344,9.250517409161262,1.2412894705211102,-0.2104926407954766,2.1807736805357867,0.9780116895943675,30,20,7,1
1181,39.36666666666667,-102.34722269928189,7.567808384478816,0.42075976482151134,1.05895699245388,2.270435226717343,0.9860062304264755,47,27,7,1
1182,39.4,-102.7458319617543,10.22694790032591,-0.674338078272612,-1.229031249061336,2.4902416002947576,0.7196004880626488,50,31,7,1
1183,39.43333333333333,-103.7969564960089,6.1851278827462295,1.268873043357999,1.9176393848249946,1.9938918069355713,0.773676766943335,34,23,7,1
1184,39.46666666666667,-104.24433744856353,8.260955349585537,1.0885726298228917,0.5609974131477622,2.3453373550947485,0.8707573355290746,35,28,7,1
1185,39.5,-105.4423989224052,6.582873612122356,0.8049827169209038,1.7802246552359795,2.9600257398562575,0.7587049772633793,31,23,7,1
1186,39.53333333333333,-104.63530178518306,8.449338680391037,0.9145219683368566,0.3777122967635825,2.5376981685598965,0.7729667369599883,32,25,7,1
1187,39.56666666666667,-103.63265572462588,6.191335920875673,-0.03561431963593975,1.6576585475272099,2.437076485151383,0.4923155836121945,54,33,7,1
1188,39.6,-104.0680111500647,9.260513188618589,1.1789736011741638,-0.11652262191309305,2.176648682538238,0.9293257310036079,31,26,7,1
1189,39.63333333333333,-105.3328431448596,7.4309241317720165,0.6827700308585349,1.201754899478458,2.9903207356168267,0.7801825913280404,33,23,7,1
1190,39.666666666666664,-103.87208617218245,10.541324194738088,1.1522933022814215,-1.0572014287772622,2.1245092225259055,0.9141698110755341,34,27,7,1
1191,39.7,-103.62185994654286,9.475469961561231,-0.0919701176780734,-0.21866123997071732,2.5496693062598044,0.9858007792348454,52,32,7,1
1192,39.733333333333334,-103.58357978748121,7.618491213376245,1.5922983812072573,1.1743254038893771,1.6925878982411564,1.0983176641198598,32,23,7,1
1193,39.766666666666666,-103.8536191086213,11.237574957285467,0.9507995701152794,-1.584862531377699,2.1391615345235206,0.8220352685791269,34,22,7,1
1194,39.8,-104.07989237070157,5.726604666178677,-0.3912312271229439,2.0203783272411626,2.845247414746924,0.5896169721609469,50,31,7,1
1195,39.833333333333336,-104.99501670019087,8.111549639080145,0.7772308021282299,0.7194882350368504,2.747309175574407,0.8366575182198808,32,26,7,1
1196,39.86666666666667,-104.67734695400993,7.84317418345276,1.0665942976593499,0.845159865131652,2.5564335358486936,0.7450332154481835,30,23,7,1
1197,39.9,-104.39962609611955,8.45485188906104,1.4260496384684984,0.41547027414888893,2.3662623340248254,0.7677002159365008,30,23,7,1
1198,39.93333333333333,-104.35238749287515,8.727692005855658,1.033404438972667,0.2055687817758398,2.337295855070853,0.7561633577299449,34,27,7,1
1199,39.96666666666667,-104.28600703601029,8.282626524262,1.0369221042519285,0.4276731312501324,2.4413243434467975,0.7084423613108162,33,27,7,1
1200,40.0,-104.99159082179253,7.093853579127682,0.5053191114888449,1.369267563975065,3.1038551865504598,0.7963292930214337,32,23,7,1
1201,40.03333333333333,-103.45020285907995,8.455155079529838,1.3879597520139697,0.3493803050487078,2.3632032770680156,0.9300304924707712,32,23,7,1
1202,40.06666666666667,-102.07354882288533,9.743116862137192,1.4220960405902332,-0.5666829677845979,1.962921065531325,0.9967633072030591,33,25,7,1
1203,40.1,-101.02155348807206,10.021241887407626,1.4421557599947477,-0.8700735741504958,1.8069622119951771,0.8101784642953546,33,26,7,1
1204,40.13333333333333,-99.70803360282969,11.207143972905705,1.2412372782288514,-1.7581091915154976,1.5004400231006665,0.9977567057249732,30,20,7,1
1205,40.166666666666664,-100.42231837350883,8.56917226721049,1.0747890485624225,0.12611312954674295,2.3525454301633477,0.8869356083861506,38,32,7,1
1206,40.2,-98.07657473281115,9.366924052181695,1.7333395730436507,-0.5272351937680184,1.423816474527958,0.9320563211810353,40,30,7,1
1207,40.233333333333334,-98.32765112917465,6.974142406717185,1.443533232271676,1.049179464214321,2.013692004257702,0.8008170930902037,37,26,7,1
1208,40.266666666666666,-98.22882533536563,7.706396912558951,1.1164795458686427,0.5169147142882322,2.3975977372697046,0.7747223208952467,42,33,7,1
1209,40.3,-97.15318386383625,7.17247059763136,1.0897912758817654,0.8178246201029096,2.300989618273344,0.7531366977151522,44,30,7,1
1210,40.333333333333336,-97.14568461855893,9.583720852645556,-0.4472129391619575,-1.0848901655054195,3.102165532426224,0.675120629936318,45,32,7,1
1211,40.36666666666667,-95.26253937851263,8.204802099962137,0.7901760090251884,-0.1894608318141618,2.237539132884582,0.6382632676206202,43,33,7,1
1212,40.4,-95.26316877519108,5.992143987105351,0.8351119208956277,1.3637613380027356,2.594166100964076,0.5996782204273271,46,34,7,1
1213,40.43333333333333,-93.46607671733724,6.700523161283826,1.114387864131558,0.8815554559442953,2.0505634855062644,0.7430982753509902,48,32,7,1
1214,40.46666666666667,-93.60830377163298,8.273250733523966,0.39713819576215315,-0.2586339771980789,2.681981124245679,0.7057383942202685,43,36,7,1
1215,40.5,-91.498189617374,8.560284621696333,0.9757101667112664,-0.5166147597894135,1.903138199236904,0.8243757051690389,46,35,7,1
1216,40.53333333333333,-90.95402299738575,8.468072586993351,0.9481351862953034,-0.5109744589403127,2.119763609878026,0.7472945335597558,48,39,7,1
1217,40.56666666666667,-90.44910923599477,8.033398737852153,1.0034560910206807,-0.2657051482403497,2.274863576092041,0.7175161950497789,55,45,7,1
1218,40.6,-90.3312265487619,8.517500351704896,-0.07103300546046398,-0.8531070049794158,2.8807844916163345,0.37647017751257683,60,41,7,1
1219,40.63333333333333,-88.7801075521831,5.663574354906316,0.9702428254685458,1.193491978043708,2.211134466963156,0.5462842086740483,53,36,7,1
1220,40.666666666666664,-87.22398527731204,8.615213060920937,0.6063984522090209,-0.583186980494049,2.110958675723974,1.0715187493734162,57,39,7,1
1221,40.7,-87.51986097735724,5.694458556653963,0.8470942764944169,1.0960838618917361,2.477149060949107,0.49791339636439563,60,47,7,1
1222,40.733333333333334,-85.48899764385914,5.2578305155793785,1.4574522664287173,1.354683382829006,1.7269983896835892,0.5751467713168579,58,40,7,1
1223,40.766666666666666,-85.75553813528128,7.743714147567843,0.42224161545533434,-0.45611052889213877,2.481509366917412,0.5631824305937366,54,42,7,1
1224,40.8,-83.36306008566098,5.93898974821958,1.6017863474652358,0.7305204464563455,1.4537417010466622,0.6640637923153028,56,51,7,1
1225,40.833333333333336,-83.03592036413471,6.976559801710103,1.0934256278870293,-0.15087970742712445,1.8615478678324193,0.5103628163029766,59,34,7,1
1226,40.86666666666667,-82.36581615344363,5.20759503378558,1.1955937656659614,1.1019917435223316,1.8587088710147635,0.5200179981368573,58,39,7,1
1227,40.9,-81.82546034623542,7.505555091347873,0.7855787997717982,-0.5297337614011481,2.1605794729439696,0.6823494826696926,59,40,7,1
1228,40.93333333333333,-81.46178022363958,7.035291078667399,0.6869482822150275,-0.3213045243725804,2.388463867329751,0.4129626331775913,59,44,7,1
1229,40.96666666666667,-78.66189015279802,5.330605746308304,1.6502452482848184,0.9799598426458451,1.1443841250031772,0.8581306984652928,64,44,7,1
1230,41.0,-79.44188758459416,8.075715920080839,0.9060253698089298,-1.04444046976816,2.247836307179745,0.5418148453048847,61,42,7,1
1231,41.03333333333333,-77.93551127820675,4.5603746012819855,1.0196830465110764,1.2895442407572606,1.8208211273806967,0.47150807010706286,61,41,7,1
1232,41.06666666666667,-77.89286600242937,5.860138774840003,1.1720374028976153,0.48644090067669915,2.1898995088011173,0.6453275878130919,69,55,7,1
1233,41.1,-76.37516790692973,5.1936046664706765,1.142020434270151,0.7153803498791523,1.7881396498871762,0.45205896429464865,61,45,7,1
1234,41.13333333333333,-75.99948107840103,5.7269262283635065,0.7796737310403756,0.40337955675296866,2.2118025193287574,0.5900609091594409,72,56,7,1
1235,41.166666666666664,-74.8867304480853,5.405356458829399,0.9705449678236562,0.6138463443912756,1.976153616127024,0.7320010898338453,71,54,7,1
1236,41.2,-74.63962549227483,3.389752150724096,1.3876818460303468,1.9572670476211391,2.2260168179784867,0.5330058373838312,68,46,7,1
1237,41.233333333333334,-73.6365097600708,5.956928017810824,-0.04590993291577661,0.2616231882123651,2.5640956078083024,0.8581300127849276,70,44,7,1
1238,41.266666666666666,-72.1148875870122,5.34004638218326,0.8575546644137404,0.35169325219567765,1.9426978199447797,0.5001859024946116,74,52,7,1
1239,41.3,-71.87849737301015,4.2406563949639065,1.2546865244143106,1.2152152710933493,2.1262350493637157,0.5216882383944045,68,48,7,1
1240,41.333333333333336,-68.85470585546832,6.711297396312446,2.0112030020750495,-0.8504608495766243,0.8077142635372822,0.4168678885424187,74,53,7,1
1241,41.36666666666667,-70.12769716075154,4.728853338443852,1.3091632161631424,0.7945841278679614,2.032306298555459,0.5682208969607198,76,54,7,1
1242,41.4,-68.70737713642258,4.899844058662527,1.3419288316470386,0.5254084561409141,1.718431007339244,0.5503520367162229,79,63,7,1
1243,41.43333333333333,-67.70498732709441,4.955595586496276,0.8012750582141734,0.3960044331449532,1.823893039802263,0.5536868344387919,78,55,7,1
1244,41.46666666666667,-66.98424245598079,4.283216749407629,1.5365594151591608,0.9140595767620824,1.6377620657611922,0.546599030430511,82,56,7,1
1245,41.5,-66.44205828260475,7.8651754590201435,0.31791467763132175,-1.6676139709637197,2.2902780412443544,0.7277968389418218,77,50,7,1
1246,41.53333333333333,-65.04158923266635,4.447708427710545,1.478327685828404,0.7030891409874762,1.5412324832529996,0.6203568627796948,79,54,7,1
1247,41.56666666666667,-63.501123781669946,4.592432965631279,1.6193767956721672,0.3001380513516506,1.1031894360318562,0.3668831879725146,80,56,7,1
1248,41.6,-62.81418510235653,4.605044200932721,1.2438994511841912,0.31562170424038644,1.3202158905754293,0.44735409701291406,77,57,7,1
1249,41.63333333333333,-62.62354946923235,3.767221408177413,1.195202336108153,0.8911107703574884,1.6557901588686992,0.40357282798060107,80,60,7,1
1250,41.666666666666664,-61.85865182101169,2.783957721847287,1.5413565803846296,1.5895461270922382,1.619454662967354,0.500187865501093,80,55,7,1
1251,41.7,-60.908703718996165,3.6533368221825917,1.1833198448609181,0.8728626203406892,1.6376968629176507,0.4193676074061968,84,49,7,1
1252,41.733333333333334,-58.789888739949006,4.139601346438081,1.6854691414427663,0.3550616063679579,0.7666327157984041,0.358076947157242,77,63,7,1
1253,41.766666666666666,-58.94127957213437,4.522822490128714,1.1736369915439013,0.2074500361854667,1.5289471491822921,0.5526702455390073,82,50,7,1
1254,41.8,-58.82220388111566,4.783258276884691,1.2467257255683108,0.016616248114845997,1.8024336040136737,0.3902693869127781,85,48,7,1
1255,41.833333333333336,-56.84516399689628,3.857783708367144,0.8184794181512132,0.42405629732435796,1.3739811626694893,0.3676318085105114,83,53,7,1
1256,41.86666666666667,-57.42569140011621,3.5536193379485823,1.316977498268372,0.7848423839349673,1.9143325571781569,0.47200365269873246,79,54,7,1
1257,41.9,-55.944487576204615,3.037040556438015,1.4390129310118454,1.1175631792429155,1.5820880007737936,0.48082275457448187,81,48,7,1
1258,41.93333333333333,-52.498625770543164,3.985908093823145,1.9235699619548825,0.08209210532305367,-0.01602608897274509,0.420710194958489,88,58,7,1
1259,41.96666666666667,-54.300324302650424,3.2394538895643663,1.6920938799279668,0.8580973979707952,1.5678528579972795,0.4157273255056726,81,54,7,1
1260,42.0,-53.07632261417769,3.4740446426821983,0.9338487015355668,0.322291558507696,1.514101347665773,-0.016638410154405425,88,51,7,1
1261,42.03333333333333,-52.225269413949185,4.535536532174948,0.898473607507853,-0.2603192760316826,1.5952769547406342,0.47090598663609223,89,66,7,1
1262,42.06666666666667,-51.673215490854574,2.722157008659501,1.6089667032632633,1.0668780425333768,1.5224913077743603,0.4232146432627644,92,58,7,1
1263,42.1,-50.707760155762585,3.1721855337683884,1.187080931166875,0.48288728196913094,1.599835439786083,0.2560895662362794,90,58,7,1
1264,42.13333333333333,-48.744662452960654,4.025697782716332,1.3406684740966313,-0.06606692603021168,0.8943092283198437,0.4348053615734697,94,64,7,1
1265,42.166666666666664,-49.72464681362662,2.9023861617504387,0.9801117072566683,0.7001263579616599,2.0476177105250937,0.20930177183452578,86,53,7,1
1266,42.2,-47.87782897595471,3.324955496804588,0.838866498482048,0.27152622474198895,1.5076195612986876,0.2818160828170491,88,62,7,1
1267,42.233333333333334,-47.12178099752532,3.702902172628086,0.9071348652558271,0.058765323154158326,1.6044206528786156,0.49879451489114224,85,56,7,1
1268,42.266666666666666,-45.682240074459756,4.005018864530836,1.043640938983117,-0.28984724210993795,1.175424304642408,0.40888638648788306,89,61,7,1
1269,42.3,-45.7646935866054,3.374954308326714,0.8449864627844619,0.12601066246436338,1.7646006838707566,0.3531130512003243,90,61,7,1
1270,42.333333333333336,-43.97791363012471,2.7424848126513908,1.4914096178325167,0.5594702987037005,1.0476680640352027,0.45634924865194954,87,69,7,1
1271,42.36666666666667,-42.85222263961861,3.447466227652434,1.2019307776805022,-0.014750527562827714,0.9455099916750239,0.4058752472137968,88,73,7,1
1272,42.4,-42.911266651663624,2.635178615968016,1.0194256049321382,0.5259986702680486,1.518349017749091,0.32730146482787703,96,58,7,1
1273,42.43333333333333,-41.615554912838,2.9863635069121983,1.4593633810271882,0.19324687987230554,1.1705318123625101,0.3670267633002015,93,54,7,1
1274,42.46666666666667,-41.012844791540786,3.8048870397931545,0.8651273979654235,-0.45866919023960817,1.4415244053484073,0.2652019307991452,98,63,7,1
1275,42.5,-41.26223815409442,3.005899229047074,0.5971689289182933,0.19579452598958955,2.165613962949747,0.4269472378072802,96,58,7,1
1276,42.53333333333333,-39.10443787369758,3.071907793408016,0.7686372532855898,-0.03780834803747396,1.308514671279675,0.31660870640281613,89,61,7,1
1277,42.56666666666667,-37.85926844421703,3.221255079126543,0.9856158279145859,-0.2922535684629185,0.9890140416088397,0.15182903781122054,90,57,7,1
1278,42.6,-37.39494232412477,2.729310995496462,1.0515426234866965,0.15842738822760405,1.2145173547018313,0.3813930188219299,93,67,7,1
1279,42.63333333333333,-36.82346746116034,2.678122496227232,1.0508309088962307,0.12334962438750555,1.3992247558471662,0.38524998225292856,86,58,7,1
1280,42.666666666666664,-35.847332132747454,1.462819475360746,1.3499317277423302,0.8275034399031634,1.1704216484903947,0.00410993860732692,89,63,7,1
1281,42.7,-34.751361119867,1.613163616714921,1.2615147497610053,0.8142965668069262,1.0417200002999707,0.5741670392531677,93,66,7,1
1282,42.733333333333334,-32.89664234264708,2.6113991815866093,1.3029021983744684,-0.08048034179292406,0.42597147379347444,0.12351975442131133,85,49,7,1
1283,42.766666666666666,-31.154424090708783,3.1289396879738796,1.25875098630614,-0.5487501201717193,-0.12736105575718681,0.2777991660477283,89,60,7,1
1284,42.8,-32.25918946306765,1.9272948663309108,1.3961371896136967,0.4223367431298641,1.1799782779193158,0.2991657960834801,95,61,7,1
1285,42.833333333333336,-31.367188141742353,3.7126325038310313,0.8517471913254013,-0.9509640059278718,1.2695513187473182,0.3852347076734824,91,59,7,1
1286,42.86666666666667,-30.478503512097355,2.8488058757390284,1.016936450920653,-0.3713382690022983,1.1101134234588175,0.3774808930484244,96,81,7,1
1287,42.9,-29.849560916465713,1.8896418483262458,1.4605433250099367,0.3227490114726325,1.217409665831054,0.4897752686442143,101,74,7,1
1288,42.93333333333333,-28.995202257126163,1.8142384993088818,1.6824189441039294,0.341048961901316,1.2229548182431498,0.43944815937587517,99,63,7,1
1289,42.96666666666667,-26.55333936593246,2.559678596025318,1.3930302408974313,-0.405592041661333,0.14335416972429216,0.2797146929391645,90,58,7,1
1290,43.0,-28.07918785511027,4.389494292023478,0.6671986809767247,-1.5942760556477393,1.943058622516265,0.38613166478261024,99,61,7,1
1291,43.03333333333333,-24.804988283278185,2.029285289658848,1.134552886619801,-0.09115626596245419,0.12692591852187302,0.2717171514977169,98,69,7,1
1292,43.06666666666667,-25.853574029539093,1.7634738017097362,1.1564817967778538,0.1842031051202755,1.423194668549232,0.25095548327632927,99,67,7,1
1293,43.1,-24.01337418541397,1.7041034605969827,1.1684499241721227,0.053458382312399036,0.737137579689621,0.13368998338703708,85,63,7,1
1294,43.13333333333333,-23.587795187647036,1.3650894986688833,1.2665905910993729,0.28224904433777065,0.9869629590266732,0.1763840629301509,99,66,7,1
1295,43.166666666666664,-22.45642347477392,0.6651995430256079,1.2649444231156792,0.7126851195818218,0.7566069724972698,0.06491491382280937,93,59,7,1
1296,43.2,-20.58787786607003,2.297382480414228,1.0825897165905758,-0.5345355994161607,0.10200511570712459,0.07695516146486604,92,70,7,1
1297,43.233333333333334,-20.685922106411745,2.018699616739667,1.0148418543209061,-0.3306891836454367,0.7402380104372237,0.24031863334688935,97,77,7,1
1298,43.266666666666666,-19.875293551922127,0.5973933127331463,1.0582695820658472,0.6795991192811882,0.7466924677093725,0.2581076895004629,94,59,7,1
1299,43.3,-18.09387360971749,1.7366057712590255,0.8477210852020249,-0.2896238237074389,0.11492856624561343,0.09491072554535862,97,69,7,1
1300,43.333333333333336,-17.67269865608191,2.5467272800619085,0.6820152213368118,-0.91386833604523,0.4758361871424444,-0.003663513982990555,101,66,7,1
1301,43.36666666666667,-18.061904505384682,2.606261818603368,0.5135333611140567,-0.9102825166947861,1.3744863706708694,0.024824865071665644,98,67,7,1
1302,43.4,-16.31024485182732,2.026369228449333,0.778390057428453,-0.521660042332083,0.6550081816294335,0.07315477338591803,86,58,7,1
1303,43.43333333333333,-15.472102621018927,1.6047081960418552,0.6544224787786135,-0.3389680733705342,0.64955773717847,-0.02185227501189054,96,64,7,1
1304,43.46666666666667,-15.326635275631624,1.4774578094294952,1.0701112390497372,-0.19049714012107477,1.1397186313340075,0.11414832979171785,96,64,7,1
1305,43.5,-13.106398546032565,0.7196323372101752,0.591536763006502,0.21135094229472104,0.10000610568079135,0.021370028124934097,87,65,7,1
1306,43.53333333333333,-13.968398708398873,0.7949850220837931,0.8921497652863195,0.1629556989270215,1.3485319755743344,-0.1596788275729742,92,62,7,1
1307,43.56666666666667,-12.412301796236768,1.2086004029431585,0.9522823650165435,-0.18616654524167722,0.8677166537830382,0.033117673369620036,91,68,7,1
1308,43.6,-11.557652064573745,1.0160561165904127,0.8141899258398269,-0.0986765250886151,0.8373572551783888,-0.1122763545085252,85,60,7,1
1309,43.63333333333333,-11.154132198309995,-0.8454210335922738,1.0431886642408728,1.2217993245321084,1.0856652277679477,-0.061029977849777005,92,60,7,1
1310,43.666666666666664,-10.189891501570514,-0.23359074020499904,1.0613273891814714,0.7475154869897996,1.034253069552138,-0.16611110842412927,90,61,7,1
1311,43.7,-8.616075249147244,2.027131069349341,0.6900699512695354,-0.9770850667766722,0.6043924872055475,-0.08602861747554097,94,65,7,1
1312,43.733333333333334,-9.219562195702508,-0.18304629734993583,0.8121900522449721,0.6363667242572902,1.5721740029879274,-0.011780654794620659,75,60,7,1
1313,43.766666666666666,-7.5958518092946505,-0.6741426678607105,1.105570570476317,0.9050511833694675,0.9748727019978116,0.015992700854776734,78,59,7,1
1314,43.8,-6.860468138671209,0.8141548082294428,0.47700965722913224,-0.23695875270202116,1.086287871596262,-0.077365635974485,79,60,7,1
1315,43.833333333333336,-5.526808688298338,1.259884752965835,0.537411104544887,-0.5729272148425306,0.7780544926401778,-0.11211701052282423,76,66,7,1
1316,43.86666666666667,-4.916627724585858,-0.5968492925591491,0.8171275546553289,0.7068625830353256,0.8746682139124866,-0.04072253708984607,74,62,7,1
1317,43.9,-4.269514141770401,-1.643494679373699,0.9131640858966819,1.442935000487741,0.962062110696727,-0.007916313104610322,74,59,7,1
1318,43.93333333333333,-2.055516775459026,2.272375722501888,0.06170489999293238,-1.4958053149050814,0.09861882231360936,0.1925792609713866,74,60,7,1
1319,43.96666666666667,-2.2431577367561744,-1.438122429142016,0.6681233609704407,1.151986450721695,0.4759009123475859,0.20001870948321315,71,58,7,1
1320,44.0,-2.0963754452897305,-0.6213017090574091,0.9379153853229667,0.6079540720679081,0.8165893242481337,0.06995851739992358,65,57,7,1
1321,44.03333333333333,-3.060859694545556,-0.8273438652104801,0.943561295438144,0.7732630527747749,1.792865608417588,-0.08745213737991965,68,52,7,1
1322,44.06666666666667,-2.398774337210291,-0.4981798953452383,0.9221231883007306,0.5091054747718889,1.532860009352515,0.027483135572702416,71,54,7,1
1323,44.1,-0.8423761267762373,-2.2919917348100753,0.4685319154681338,1.6617865573616346,0.41850560959208594,0.24765078005483954,72,57,7,1
1324,44.13333333333333,-0.2050678892687543,-0.03579837924301188,0.1793623477526154,0.0712800951564805,0.10761232850023522,-0.020539828952391946,68,58,7,1
1325,44.166666666666664,-1.5168163854104506,-0.3247446857569436,0.7133204142192113,0.34516039220914185,1.0712743380278977,-0.014635744427302444,69,59,7,1
1326,44.2,-0.6696645791258504,1.4716689137450807,0.2613342531580827,-0.9796730595927413,0.5671686857462661,0.03313890782991166,72,57,7,1
1327,44.233333333333334,0.07191481538891509,-0.7344248670681566,0.2536720612504695,0.5558675531698866,-0.08996905215764811,0.014406248107708039,65,51,7,1
1328,44.266666666666666,-0.6753987068132759,0.7161532762026432,0.3739025493885322,-0.43276565980083315,0.5310346449679639,0.083798880312725,68,62,7,1
1329,44.3,-1.6413582782691662,0.7464312210650199,0.48663342595129677,-0.4148990351196691,1.2264193425327756,-0.009238518780971235,63,48,7,1
1330,44.333333333333336,-1.580176305685633,0.5707642704648705,0.5984174413159167,-0.2937207003586784,1.1952177159738069,0.014865862626520834,67,58,7,1
1331,44.36666666666667,-1.0434692822418654,0.6914047905886527,0.30565794767146315,-0.41490451163174,0.7644426921375499,-0.04051887163073774,71,59,7,1
1332,44.4,-0.1850836380493135,-0.39614221701638286,0.2178356659895826,0.30582259473795337,0.11458579528719537,-0.005325651862213365,65,56,7,1
1333,44.43333333333333,-1.9449145370027097,0.02886926595487438,0.7101867942116655,0.1414793392939075,1.4077733108838895,-0.08776669863879713,68,59,7,1
1334,44.46666666666667,-0.78797659120589,0.9478211571059312,0.1511011253429757,-0.6219765168319425,0.6071563825128962,-0.03229085909225229,68,55,7,1
1335,44.5,-1.3314190755025024,0.35471132459113264,0.5473760261879335,-0.16483517364928138,0.9933130264251274,0.06550138953043268,68,58,7,1
1336,44.53333333333333,-1.2164575818324366,0.5820231439529344,0.6520732690734974,-0.3055794796530743,0.9294049732190748,-0.030663810033073814,69,58,7,1
1337,44.56666666666667,-0.4446504908052873,-0.9936782014350207,0.24897600384842633,0.7327345441514191,0.23040500145541862,0.038043038877269675,69,52,7,1
1338,44.6,-1.496261982265878,1.1516144905086136,0.3961071843311714,-0.7060907723300424,0.9366190162888242,-0.05559524248528747,69,59,7,1
1339,44.63333333333333,-1.7071496103600126,0.7036180120948998,0.26654280095762317,-0.4234692083619345,0.8380174481086619,0.13570883498020966,68,55,7,1
1340,44.666666666666664,-2.8637314052954608,-1.4628225193424491,1.2032026225910357,1.2518548743549869,1.295268162407658,0.048528553219695285,70,52,7,1
1341,44.7,-3.1956850456671617,0.018538920786919988,0.9055326503596461,0.18049891459199013,1.179204256987353,0.23718071922912012,78,61,7,1
1342,44.733333333333334,-3.242806119443131,-0.32376750835867085,0.6907975077028965,0.4370404026184938,0.6132463268961235,0.20996496087705982,73,59,7,1
1343,44.766666666666666,-4.000008762663818,-0.014012688545342655,0.5598999773553714,0.2377711410123285,0.659363174507631,0.3378164890111514,79,70,7,1
1344,44.8,-4.916093701956484,0.6638351761240244,0.5251773314990089,-0.20407301455824545,0.8090043770007325,0.41835600006990437,82,67,7,1
1345,44.833333333333336,-5.706740450245931,0.6048422737574342,0.6440405462543595,-0.08279090160624253,0.7230866434351124,0.36398022337906955,81,61,7,1
1346,44.86666666666667,-6.912694079627975,0.8808437076609437,0.6160255112675799,-0.2604752860675841,0.996723113900493,0.4706158476758235,79,60,7,1
1347,44.9,-7.168175751419106,1.3918935237520529,0.680680800613402,-0.5884857145441822,0.5654406731572356,0.3696241056922223,76,64,7,1
1348,44.93333333333333,-8.485814226285477,-0.054628583503117056,0.9244293380092472,0.5151853730487135,0.8757941096345404,0.23818560908136366,81,61,7,1
1349,44.96666666666667,-7.032504366661968,-0.511561076751029,1.0339057936383256,0.7523580349755394,-0.780838950588861,0.3750748867028146,83,60,7,1
1350,45.0,-10.030722671061817,1.1165531427393915,0.6585718044677975,-0.272576820249267,0.8509981405750721,0.3626436896521386,83,63,7,1
1351,45.03333333333333,-11.00394264036472,1.2087744794145507,0.7260746967453287,-0.26829209309012203,0.9286942540181491,0.41252080263518115,89,66,7,1
1352,45.06666666666667,-11.77664233239048,0.6761748806117822,0.6727095767522968,0.1429136151056656,0.8678902154253039,0.4806406066706232,84,60,7,1
1353,45.1,-12.067425662207064,1.0586949805290082,0.6588436621454008,-0.12230590377172725,0.47279553444873446,0.3265817124668593,93,66,7,1
1354,45.13333333333333,-13.719944567697127,0.9779797053550112,0.900649887949541,0.06314855469617633,1.0903567396079707,0.38873775477344685,87,62,7,1
1355,45.166666666666664,-14.162680479724052,1.705505327426323,0.6560445173407459,-0.42672836353236604,0.8379266327735205,0.4335977466100357,92,66,7,1
1356,45.2,-14.7769043534777,0.8854562342117305,0.8294952302097016,0.16581582808451734,0.5405618429160177,0.5025926080299767,84,66,7,1
1357,45.233333333333334,-16.76471611926748,1.1828026408298875,1.1124588765077164,0.04604707851546032,1.438174250947933,0.47825160238813774,89,61,7,1
1358,45.266666666666666,-16.4058829858656,1.672326771597902,0.8774420463771975,-0.3114389034710966,0.5820326112549231,0.5328667439337501,99,77,7,1
1359,45.3,-17.201159621766806,0.6593053578919665,0.8890139112886004,0.46550619046529085,0.49765553219349684,0.3331089253655247,90,63,7,1
1360,45.333333333333336,-18.207984286012827,1.1062022349750151,0.878334500455523,0.21091985317345935,0.6884138441480715,0.4498948761428707,93,61,7,1
1361,45.36666666666667,-19.44193258864049,1.4243864072912409,0.8892159276444431,0.031383088061221295,0.929651562594183,0.4513982844351975,93,66,7,1
1362,45.4,-20.00722023825579,0.3876349441134437,0.9929436439535522,0.8109241584293695,0.7071382132267781,0.4842192239751478,96,63,7,1
1363,45.43333333333333,-21.07091988895413,1.0041247356139849,1.1359065309356993,0.4751558056596429,0.8546356270356863,0.4909027758978952,90,71,7,1
1364,45.46666666666667,-21.8950997719609,2.014008428289877,0.9202658316077503,-0.21034829588844972,0.9057644792401147,0.5140869762868322,101,73,7,1
1365,45.5,-21.677447859816663,1.9498462659207867,0.9134461783146008,-0.21511952382159283,0.20179612441199177,0.5330459457976721,91,62,7,1
1366,45.53333333333333,-23.20944776380294,1.8849683304951128,0.9139887372248836,-0.06687703096077695,0.6599121576218707,0.568852856639331,100,96,7,1
1367,45.56666666666667,-24.910210279205184,0.7745843473296894,1.1045515012754237,0.8063577931188645,1.164057464616703,0.5638376008806324,97,65,7,1
1368,45.6,-25.31823042142025,1.701642961653338,0.9628414520833246,0.23209836788559376,0.901373737244119,0.587180658336244,100,85,7,1
1369,45.63333333333333,-26.42494564200227,1.7964119644098382,0.8122691121235306,0.2182555559038871,1.1195350133502637,0.5898392308103422,94,64,7,1
1370,45.666666666666664,-27.31412819668635,3.055103618482228,1.1570439458749604,-0.6960476669879633,1.1687476569925355,0.5538556176641526,99,61,7,1
1371,45.7,-28.01622786648839,2.019803933485104,1.0416762045257286,0.16020644894751843,1.0385501558469283,0.6127567298104615,94,65,7,1
1372,45.733333333333334,-28.710835863571003,-0.6309744908101855,1.095875091787832,2.0592906392220525,0.8429409329021526,0.49782171078576365,89,54,7,1
1373,45.766666666666666,-30.50601900434218,1.7291227990866531,0.8596240392179908,0.48889105755208484,1.5875742363698833,0.5781389942403827,93,57,7,1
1374,45.8,-30.24112577409766,0.26563216790556154,1.1052965390134801,1.4961321440070643,0.7560966784458231,0.5006855843195233,95,64,7,1
1375,45.833333333333336,-31.359431159540186,5.108317216004721,0.9985408931232627,-1.8619602454528126,1.1769046238651775,0.7597230845623152,94,58,7,1
1376,45.86666666666667,-33.00386746394383,1.5710014601140792,1.0929794246373064,0.7441986012784001,1.5265409222426958,0.47984619423902025,99,60,7,1
1377,45.9,-33.15409645494428,1.8481486206215152,1.224215305364055,0.5514972920054695,1.0463769019417162,0.5611318117343893,99,72,7,1
1378,45.93333333333333,-34.644514399887946,1.8666715900656072,0.9917788943584327,0.6452762910501751,1.491537643534585,0.6525804038980857,100,67,7,1
1379,45.96666666666667,-35.26953098554466,3.62426432671052,0.8557386243900424,-0.5648414933122211,1.4375838978985853,0.6142474502388118,96,66,7,1
1380,46.0,-36.20590054531336,1.9030220361413654,0.9579644403402057,0.7064001575231537,1.4036133074751502,0.6781561646589348,94,67,7,1
1381,46.03333333333333,-37.34935697806604,1.5489329331897501,1.0159779023513948,0.9860471730636899,1.5459356423897717,0.43251815726036924,88,56,7,1
1382,46.06666666666667,-37.900724146264345,3.205452387257065,1.0861642882923803,-0.12729460738887888,1.4853334429520368,0.7488802565718861,97,61,7,1
1383,46.1,-39.26034170033589,1.9095396784708925,0.5800354009636237,0.8782996228979707,1.8488145487906948,0.6849086585487517,93,62,7,1
1384,46.13333333333333,-38.70811495099133,2.2143691580454785,1.4921431499157904,0.6175919012714511,0.7854240501305154,0.62733797272562,88,53,7,1
1385,46.166666666666664,-40.62254975542366,1.1751291950788492,0.9584202182947053,1.4255683185191697,1.509509279390394,0.5576968881946673,88,61,7,1
1386,46.2,-41.65558649737117,1.397949216116917,0.8935628229077821,1.3199269574262733,1.6408097396381491,0.47882897282846343,94,64,7,1
1387,46.233333333333334,-40.97194777439617,2.3746168932211162,1.2192791838238861,0.6443900746357446,0.6679718673076204,0.5656634734806878,91,75,7,1
1388,46.266666666666666,-42.447252997357914,2.594795208421047,0.8710607924183336,0.5335189456790924,1.1701146833119416,0.5797937437555811,93,60,7,1
1389,46.3,-43.231866440177356,3.846173592482124,1.2563254965152026,-0.2340063197329093,1.116000547956448,0.8701119467364664,94,62,7,1
1390,46.333333333333336,-44.66007012800202,2.6542955255981653,0.38353036168078347,0.6624334787000578,1.5985597093372579,0.5423401584097448,90,56,7,1
1391,46.36666666666667,-44.961391308358166,3.060380418968453,1.318241091177299,0.4032769252842265,1.0262125064708618,0.677002789026786,90,80,8,1
1392,46.4,-46.83302220204479,3.0044635096229335,1.1458970699254536,0.5650736232416239,1.7200367122075617,0.7773505536591647,110,66,8,1
1393,46.43333333333333,-47.66601368797571,3.222305357539561,0.8963952098057746,0.5419996667991487,1.791099667954851,0.7600160426944998,100,57,8,1
1394,46.46666666666667,-48.32883873796504,2.950007859161545,1.0298457219157058,0.736844413650324,1.6151072838237224,0.8053376602750878,98,59,8,1
1395,46.5,-49.131410335684414,3.013676721241584,0.9757504389392153,0.7415009815824531,1.606761882408364,0.6868329118872681,97,62,8,1
1396,46.53333333333333,-48.71482201222685,3.071741363534713,1.2104303955855755,0.6185067416095926,0.7520166516016739,0.7706121666317122,100,83,8,1
1397,46.56666666666667,-50.79432868523848,3.4036299766786904,1.1420572296596845,0.5055072136870743,1.5493488671222788,0.6588021722121025,91,57,8,1
1398,46.6,-51.532188975245695,2.9668921341748096,1.0625134340131552,0.8819297567836399,1.498188964072134,0.6475997868111376,97,65,8,1
1399,46.63333333333333,-52.95974300458678,3.2486446040964125,1.3572005872003672,0.7606948870030504,1.7000366185335993,0.5408656622916478,104,66,8,1
1400,46.666666666666664,-53.02395662978299,3.7332355612591996,1.0679500578652608,0.4279269659597045,1.3937002343881166,0.7176157127263136,107,72,8,1
1401,46.7,-54.30582694686893,3.23829724548289,1.0791605110803744,0.8994771484425653,1.6362859985067384,0.7334666956782393,101,73,8,1
1402,46.733333333333334,-54.67158697815664,4.13342264339434,1.242989189465817,0.30024487290053414,1.3643341613273303,0.9199993794240787,107,64,8,1
1403,46.766666666666666,-55.99180117718665,2.1532868259833577,1.336368607538617,1.7018189465405746,1.5707998678816664,0.7362878912785623,96,59,8,1
1404,46.8,-55.98188238448004,2.9751467898892443,1.4927344197476202,1.1965965947443278,1.0447726921788105,0.645139060539692,99,67,8,1
1405,46.833333333333336,-57.933004068252096,4.307960759338037,1.3309073975668042,0.23454581831118884,1.6825529111822375,0.5912339094272818,99,60,8,1
1406,46.86666666666667,-58.634519940022024,4.184319272224403,1.1538241278614976,0.45990080528485744,1.5690982959546205,0.6285526180969379,95,52,8,1
1407,46.9,-58.634540841368526,3.4693013043810836,1.54530305491312,0.978215190356413,1.0642491786792414,0.5917629709519434,95,76,8,1
1408,46.93333333333333,-60.525250207175155,3.226265920130526,1.0092958208986005,1.2222534765233517,1.7797515054971953,0.6375936993404658,107,64,8,1
1409,46.96666666666667,-60.697533672448124,3.710894025357515,1.1755307051915906,0.889541888562187,1.4022722067877609,0.6047099328132924,91,64,8,1
1410,47.0,-61.98133051587725,3.6995630199341214,1.003153185516453,1.0547159718567827,1.7090178201168273,0.82243189427499,93,56,8,1
1411,47.03333333333333,-61.998572309745136,5.864919935277928,1.0344896192960533,-0.4984621369780697,1.1802196046098614,0.8514698546716939,97,58,8,1
1412,47.06666666666667,-64.09920591581111,4.966621091556508,1.2355500983077121,0.30766411104425445,1.882205992251131,0.8544688197388466,91,68,8,1
1413,47.1,-64.27211928244955,5.583175637811738,1.3400208741921489,-0.21232719819578932,1.494011476413585,0.7008283630105405,92,57,8,1
1414,47.13333333333333,-65.93898855943723,4.0525016709175254,1.3516565746217566,0.9349750243229075,1.782807064371433,0.5435743696816571,88,53,8,1
1415,47.166666666666664,-66.46013911766843,3.914174975550644,1.2039555297581046,1.0374114189803147,1.729267970473194,0.5588531156898261,93,62,8,1
1416,47.2,-67.60832320116249,6.348174115510368,0.9764567742582386,-0.558249992495696,2.0479109565959717,0.6998350540245946,101,68,8,1
1417,47.233333333333334,-67.98264531917023,5.558262343718873,1.4281909938313646,0.074323181060299,1.7582796882668617,0.7966089251258753,97,62,8,1
1418,47.266666666666666,-67.44757411397781,5.413283120862523,1.6059328100251804,0.14235022864777538,0.9093794930982944,0.7282247952234674,94,83,9,1
1419,47.3,-68.58492151132387,5.667374610681147,1.5192618109094695,0.07260762519363571,1.0749470904371803,0.6898352372719115,106,91,9,1
1420,47.333333333333336,-70.44886451568031,5.3888158453652935,0.972759723401083,0.37090415395532517,1.7950575724825906,0.7526684606570508,96,52,9,1
1421,47.36666666666667,-70.39027538304998,6.6124902306870155,1.4112580086088684,-0.48925871897073736,1.2403671051387182,0.778338093308039,100,83,9,1
1422,47.4,-70.71911270952745,6.521749199792957,1.525413134478427,-0.2411794087381707,0.9092542538705605,0.9698054723827306,100,63,9,1
1423,47.43333333333333,-73.25444029234868,6.661991150250024,1.0408557905447537,-0.3837220939559982,1.8715565607681435,0.6943646731605185,95,64,9,1
1424,47.46666666666667,-74.38404335719105,6.244551444665419,1.1838041412194826,0.013608505174042496,2.0871390164258803,0.6656357748157326,104,57,9,1
1425,47.5,-75.52660098416757,5.489575623572623,1.143922600412992,0.4887929032105048,2.060757877018186,0.5654952941005826,96,53,9,1
1426,47.53333333333333,-74.82688932421169,5.474682124442655,1.7116723239236507,0.5528069599479659,1.2829706195925832,0.8297676551952466,101,57,9,1
1427,47.56666666666667,-76.08802073593978,4.658637764214802,1.4862687970379085,1.1804143651889367,1.507782745947859,0.6295305513494164,104,56,9,1
1428,47.6,-76.5076642593961,4.15418007936611,1.9543928605059904,1.5978542906954045,1.1452615158837622,0.7067854075381477,91,69,9,1
1429,47.63333333333333,-78.51942329549789,9.87935348832653,0.7602870330982228,-2.276550679015728,2.303146521014926,0.8179369800482034,87,52,9,1
1430,47.666666666666664,-78.59410132103957,5.987769608768279,1.5553178478680962,0.43182709342966497,1.5335262629611923,0.6575109343009121,97,78,9,1
1431,47.7,-79.02661163633408,6.680021058651647,1.5268393187709108,0.002314003551414218,1.2239336700427779,0.8253605161319606,86,66,9,1
1432,47.733333333333334,-80.71252035232017,6.626609930881344,1.2956057259381168,0.1377934174606492,1.7950986725865383,0.6976982263762121,93,53,9,1
1433,47.766666666666666,-81.02662525566427,5.27634143937879,1.532834874253581,1.1797947208296278,1.459830203570703,0.8315485197630602,89,54,9,1
1434,47.8,-82.0147292427032,5.555857324466867,1.5639671001795392,1.0008878201088731,1.5118211336594083,0.7384480877012156,83,56,9,1
1435,47.833333333333336,-82.20406375596414,5.958073210093367,1.8490432118430675,0.7002465296239528,1.123696314739183,0.7048127098245223,82,57,9,1
1436,47.86666666666667,-82.42450488073581,8.728601847975689,1.8323310687440681,-1.1880459213726866,0.8784778332413765,0.8649687482976202,80,50,9,1
1437,47.9,-84.73140069963657,6.203327829564351,1.462708494051796,0.679402189604459,1.6497635009320353,0.7721698932694148,80,58,9,1
1438,47.93333333333333,-84.74496666046828,6.179315590641679,1.8078870694132263,0.7761054822381818,1.1467033065290195,0.8568663561033592,74,61,9,1
1439,47.96666666666667,-85.49598859716724,6.495049925884437,1.6865345445655038,0.5640787689970264,1.0746514718482036,0.8536999894528562,75,47,9,1
1440,48.0,-87.1468260549372,6.552095211371153,1.6256488035696322,0.6265424032611064,1.5710121221793778,0.8904423524993145,71,62,9,1
1441,48.03333333333333,-88.23632864851896,7.749129828547126,1.4210662074471117,-0.17308936924281623,1.7507129835444213,0.7413447151100175,76,57,9,1
1442,48.06666666666667,-88.75746134628247,7.154002371718306,1.4581397277722772,0.2992100219637033,1.6628802943360996,0.8241943770542413,74,53,9,1
1443,48.1,-90.5613447474988,6.42543669982777,1.4216058427653309,0.907283518473422,2.1732832707098675,0.6487162213706511,67,46,9,1
1444,48.13333333333333,-91.58408589082904,6.79581294920844,1.2313457211561314,0.6484437008600856,2.2568042758184355,0.6810900994467849,68,46,9,1
1445,48.166666666666664,-92.79283873573564,6.002129336002486,1.2195635368175886,1.378423333639115,2.4942698603957214,0.7893456874545743,68,44,9,1
1446,48.2,-91.79726752522926,7.339059237061306,1.8225738434960732,0.3708027463227748,1.3678934382287633,0.7737071719069156,71,65,9,1
1447,48.233333333333334,-93.48544530559138,7.198942271786194,1.4535291484301496,0.6414751070104808,1.8597202186642015,0.8738786705255984,69,52,9,1
1448,48.266666666666666,-94.63747312163517,7.740135215778878,1.467472546023771,0.32697038904956016,2.117427121700566,0.8986417386375043,64,46,9,1
1449,48.3,-95.45567745133968,7.005548694023489,1.2804779962272903,0.9352368286742574,2.086122937584907,0.8872352545424129,72,51,9,1
1450,48.333333333333336,-95.72528268139243,7.414965202398214,1.6622195722750917,0.6393118105314303,1.719811231356599,0.8638727509614936,69,55,9,1
1451,48.36666666666667,-97.02383452683883,8.696047808309501,1.2566497076664973,-0.15437564623985764,2.137239868697476,0.8653608211015834,58,41,9,1
1452,48.4,-97.1908963039883,7.422780228227701,1.76287076232164,0.6964885227409179,1.631953437803174,0.869567433340906,63,41,9,1
1453,48.43333333333333,-98.26503080895452,5.655730344639835,1.9632067870511918,2.0340705181066325,1.6121070150423185,0.8037111786016367,59,38,9,1
1454,48.46666666666667,-100.10888169919923,8.059119461507208,1.3492949643438266,0.5303062064772658,2.4590677061063575,1.1354424627670505,56,38,9,1
1455,48.5,-99.05454608014261,7.492690312034213,1.6794903719826806,0.8136403262522222,1.2185145954912988,0.8174601777603286,62,50,9,1
1456,48.53333333333333,-101.23062608215214,7.972015340876588,1.536741280667087,0.6008448895043613,2.070969788635238,0.9012200840072396,54,42,9,1
1457,48.56666666666667,-102.21711706282287,8.035800902589173,1.4340677543226121,0.5672932105758461,2.2921328298198382,0.8316075338547555,59,43,9,1
1458,48.6,-102.8581085623266,8.176315354821995,1.241938157602533,0.6380083321465294,2.2340256363354203,1.0263474652108309,51,37,9,1
1459,48.63333333333333,-102.89034773930928,8.931619191422989,1.5604639769891548,0.04503726723139722,1.9525616896852225,0.9413224812353871,52,43,9,1
1460,48.666666666666664,-103.51817507119094,8.460649979876216,1.536085666412049,0.41411166551929984,2.075493912820734,0.8416514481386727,52,33,9,1
1461,48.7,-104.33220635976336,8.552899366594737,1.4173299343638064,0.3836497829920509,2.4078543024586163,0.8358538579537663,51,37,9,1
1462,48.733333333333334,-104.37335383920947,8.438428672046825,1.0758872571809093,0.5215274209291241,2.3947197381150267,0.8678444138910121,58,44,9,1
1463,48.766666666666666,-103.69712260354353,9.020461530343582,1.4245470129560118,0.092740540780425,1.9391845658544795,0.9392943400288237,52,45,9,1
1464,48.8,-104.47374903003244,7.609160638802521,1.376836189441832,1.043333711445119,2.3486243468124006,0.901529440951248,59,47,9,1
1465,48.833333333333336,-105.45839404297851,9.458453224761236,0.5605759251418192,-0.21064219990229552,3.1914310165351716,0.8291766167272305,58,41,9,1
1466,48.86666666666667,-106.36715112117335,9.806911764224239,0.9757171010048751,-0.35408945499323086,3.7959732340755914,0.9440444455305674,54,38,9,1
1467,48.9,-102.516665809007,10.816993313747439,1.9499491019456343,-1.3011799467718734,1.2782324650891557,0.9261004635977635,56,39,9,1
1468,48.93333333333333,-104.4301042895042,8.551192986753492,1.1913438349805432,0.4357722916360688,2.3802491609880847,0.8949860349925967,52,35,9,1
1469,48.96666666666667,-104.62195797719869,8.71507441540097,0.9975795298041419,0.295393593200323,2.562637340106191,0.8277389688738193,57,42,9,1
1470,49.0,-104.38818951891284,7.766710077623024,0.8918197651378108,0.950442035255501,2.3120581513857688,0.8288384527912003,51,38,9,1
1471,49.03333333333333,-103.24915522559206,7.446520037260036,1.5995693221263139,1.0900083754349112,1.4866144958767356,0.7763935364568537,54,42,9,1
1472,49.06666666666667,-103.29059632993078,7.473531734447711,1.7092934357110323,1.0811514014432553,1.498822917286137,0.7790289424442439,50,43,9,1
1473,49.1,-104.27104757924701,8.558052130243482,0.9657003223392877,0.3572945017045378,2.2822477275760327,0.8349308738389605,53,35,9,1
1474,49.13333333333333,-103.97482154108965,8.397767545542926,1.560127986102131,0.48435129775790725,2.061687271864759,0.8312662175446835,54,41,9,1
1475,49.166666666666664,-104.8365605303994,8.486167529459529,1.3439613072077066,0.5219486043529022,2.582033352327042,0.9282135084161759,55,40,9,1
1476,49.2,-104.50234756468768,8.371671566731187,1.7874585585285985,0.6084868232259403,2.416169865440627,0.8711622808175783,58,39,9,1
1477,49.233333333333334,-103.67836370947856,8.324590525191041,1.5496216382227317,0.5230612239133515,1.9386055744649415,0.8427983009243234,54,39,9,1
1478,49.266666666666666,-103.65340320384442,9.418346697997215,1.2975374428064725,-0.25781632298586804,2.1769979212005532,0.8929124567841286,48,41,9,1
1479,49.3,-102.94086473916789,8.234978577412207,1.5051701148134669,0.4070370183754113,2.0157136244518084,0.6091859942667499,48,37,9,1
1480,49.333333333333336,-102.97727734344636,9.764876013138178,1.227836324660359,-0.5660693543329727,2.5282884956004494,0.7164444503358945,54,41,9,1
1481,49.36666666666667,-102.35539046677522,7.973496532168021,1.2682975944863841,0.5445764984675048,2.449399721321447,0.5853068422942445,56,41,9,1
1482,49.4,-101.18367602447785,8.188380288896163,1.3813657542978035,0.3893317428177642,2.1915875765050075,0.4863848190113469,51,38,9,1
1483,49.43333333333333,-100.36759302707783,8.623288173407872,1.5688872760971009,-0.002049836096216945,2.201847412343842,0.7132381128602496,63,44,9,1
1484,49.46666666666667,-98.8969005598532,8.75192742808175,1.4460189615199113,-0.10053993183550283,1.720130243158316,0.7032418613833876,55,46,9,1
1485,49.5,-98.90480131006476,8.534705526285933,0.9385236635192058,-0.029919524432656074,2.368215684308879,0.7717518403724777,55,40,9,1
1486,49.53333333333333,-97.63562439039094,8.157034891829433,1.4081362529906158,0.1464239699541064,1.9400089425508025,0.7221927279538698,64,49,9,1
1487,49.56666666666667,-96.85509510712652,7.966936999328055,1.396139077439969,0.21371629270063022,2.0094801250289347,0.6614509368666524,54,41,9,1
1488,49.6,-95.70084170693971,7.319721576205303,1.566454344867111,0.6056928968131826,1.8234157230918484,0.6636929126442407,66,48,9,1
1489,49.63333333333333,-94.89077459226249,8.62346639856009,1.6527391388078598,-0.34302489878362497,1.8688040651593258,0.7362946084119698,72,56,9,1
1490,49.666666666666664,-94.15225750524247,8.083522946134437,1.5725531864556217,-0.03128473994983487,1.8546958784482641,0.7261195649166099,63,54,9,1
1491,49.7,-93.38297911677698,7.378037850320325,0.9945960833098297,0.37891077021292363,2.0002611749147743,0.6785513632021748,72,46,9,1
1492,49.733333333333334,-93.11576618330892,8.423229631574095,1.444959143563267,-0.2986805246824126,2.330567108739346,0.6332445463271329,70,45,9,1
1493,49.766666666666666,-92.710541870852,7.8411893048655585,1.0446539893325877,-0.007793926663592343,2.6392816182595977,0.5496731656038142,68,45,9,1
1494,49.8,-91.80512559619747,6.528231364539543,1.235494843598815,0.9293185104552423,2.529262769962828,0.6658517012180322,73,46,9,1
1495,49.833333333333336,-89.19173695547104,7.008775760298043,1.79695802922042,0.42205698479851694,1.4165961256172552,0.6834086080341052,71,49,9,1
1496,49.86666666666667,-88.11215947011405,6.957618820546806,1.5370423440615184,0.42450517440416136,1.2007023557849037,0.6973935721248056,67,39,9,1
1497,49.9,-87.88765328297447,7.860748059774892,1.663529225137225,-0.2650726407396793,1.613441704739693,0.7036541564836826,78,62,9,1
1498,49.93333333333333,-87.34765906188485,6.965166290936111,1.588924529487997,0.3347914828593848,1.8268685471560844,0.6628840462745572,73,45,9,1
1499,49.96666666666667,-86.98541207459928,6.322584676843135,1.3648414667422344,0.7756199241712092,2.153278950397336,0.6126638106558798,81,54,9,1
1500,50.0,-85.6781244621958,5.823575728884084,1.8007507397033464,1.0645255454179694,1.7758922790992144,0.6596279252946738,80,45,9,1
1501,50.03333333333333,-85.21532900550945,5.488891865975255,1.3221070052119046,1.1583332831606985,2.0224822393038595,0.5566496281722901,77,54,9,1
1502,50.06666666666667,-83.80937721193953,6.752468177941374,1.4453322613093462,0.18424979119486878,1.6664309693618389,0.639733516385769,78,56,9,1
1503,50.1,-82.76812380898642,6.835048790735627,1.582774818706767,0.09467496313502176,1.6078064255373805,0.601231547751905,82,48,9,1
1504,50.13333333333333,-81.97157980312859,6.587029031310308,1.3248891281096178,0.2012091960040338,1.6545971025980741,0.6769097604451403,77,57,9,1
1505,50.166666666666664,-81.27449679633051,5.580222654521393,1.5986093933338026,0.8579395022921709,1.5947360929556182,0.6050063358449838,83,60,9,1
1506,50.2,-81.33341227964885,6.779831143450835,1.6049364398955248,0.05204195808041919,2.337085214139197,0.4945056746651213,76,44,9,1
1507,50.233333333333334,-79.66983614905416,6.778207889111066,0.9692214324540771,-0.191103170526095,1.794665987358102,0.5215279899819104,88,60,9,1
1508,50.266666666666666,-79.73167701647674,6.3161331887341845,1.265032910173261,0.319987894497716,2.1756206109183487,0.6945332953259199,83,50,9,1
1509,50.3,-78.0204785769414,6.605939437377437,1.4693580764256922,-0.08175518490317725,1.8179247154316152,0.4104721072820614,98,53,9,1
1510,50.333333333333336,-77.91310718086577,5.935032790328833,1.1132367462078179,0.3648388763314396,2.1364851933916564,0.5418731255748281,94,53,9,1
1511,50.36666666666667,-76.6825100838598,8.298893267242661,0.686384143406471,-1.392689008092873,2.254225888040524,0.5812130240554161,96,52,9,1
1512,50.4,-75.34685116183937,6.513596870095242,1.0696652739091377,-0.11027663434037765,1.7659840795332709,0.7441109255371687,102,66,9,1
1513,50.43333333333333,-75.7089088268505,6.469515024204661,1.1495007460342777,-0.1815282572760744,2.513922148707848,0.43742091596321964,96,53,9,1
1514,50.46666666666667,-74.10561067198456,7.047160543911708,1.2678487133000118,-0.61898551387899,1.9204658185231278,0.5036498527241495,99,67,9,1
1515,50.5,-72.54071226708236,7.332116468099535,0.7091995511660372,-0.9947574723361131,1.774709042027759,0.6224362548915303,102,65,9,1
1516,50.53333333333333,-71.95221941542351,6.88911888841961,1.1479818478067045,-0.6648981496638834,1.6969922122958396,0.584241806506067,100,67,9,1
1517,50.56666666666667,-70.9285168694681,6.5130657124908,1.250679643973001,-0.37294808860595285,1.6094944079197235,0.6569696706592267,99,59,9,1
1518,50.6,-70.27717234158186,4.898011346428209,1.5417255480220575,0.6902179857704368,1.6699355152176283,0.6172788356020862,102,55,9,1
1519,50.63333333333333,-69.11751175653569,6.389419159042376,1.2746910828311542,-0.4751864672737308,1.5246052563779073,0.6605766753957917,96,52,9,1
1520,50.666666666666664,-68.91552579678884,5.560103968973991,1.2690083818223599,0.06682191332478538,1.8027262281246665,0.5660530107074959,95,53,9,1
1521,50.7,-67.63397825309517,5.845114463021233,1.165378831212422,-0.16950434290612743,1.695711329093961,0.5986824240657594,94,48,9,1
1522,50.733333333333334,-66.79598354360742,4.6940607141618,1.403586379946674,0.5665974168765449,1.559618744760499,0.5793332674936978,102,58,9,1
1523,50.766666666666666,-66.1098036233862,2.6164066696355093,1.6653764136607379,2.0128997962612765,1.6246885950966796,0.40217379256748587,104,56,9,1
1524,50.8,-64.31312381483639,5.945250673835115,1.3135816736810568,-0.4632364044118073,1.1590366403466936,0.6240519373139907,103,71,9,1
1525,50.833333333333336,-64.42936235578723,4.950246254383863,1.4198632930163768,0.247172302345657,1.6855280314358119,0.6146167999344925,97,53,9,1
1526,50.86666666666667,-62.59196036349846,5.332468052312187,1.5679723582566538,-0.12618104632010915,1.1060754877593537,0.616436622793011,99,66,9,1
1527,50.9,-61.83141318264778,4.120386117976405,1.4152609802650176,0.617096647965928,1.0988160464566274,0.5456313267762083,101,86,9,1
1528,50.93333333333333,-60.452461641080376,5.5272691079782135,1.73144345554266,-0.44733325225044757,0.7370474891531096,0.5022011710320347,102,66,9,1
1529,50.96666666666667,-59.43739870486279,3.001147018556537,1.8085891833811445,1.1070433103437305,0.5610461117374578,0.2159339141417612,104,72,9,1
1530,51.0,-60.28325246649045,3.6999005990927856,1.4663102627216773,0.8551586690380951,1.636306573085598,0.546786514367837,96,58,9,1
1531,51.03333333333333,-59.11484747934122,3.7293967378024426,1.6159723528487717,0.7846084313764786,1.451866741779635,0.5006087617251648,102,74,9,1
1532,51.06666666666667,-57.5580339193464,2.9903354182102646,1.21527137908555,1.2501694230402947,0.9358707967249889,0.4356855525286588,95,56,9,1
1533,51.1,-57.279057047785656,6.045908274841658,0.6384254276437815,-1.001662449826838,1.6470133571075982,0.5468266096148512,105,64,9,1
1534,51.13333333333333,-56.761538365731155,2.367727620168722,1.0332632494069003,1.587006094704736,1.564363815319727,0.4439858066925797,99,65,9,1
1535,51.166666666666664,-55.69832768512431,1.183022936486605,1.369232747777673,2.3298229733587426,1.3857154504536957,0.38577274829373503,94,62,9,1
1536,51.2,-55.14001896531371,2.973947069306419,1.4124390794955417,1.0763370827115637,1.5668379632715854,0.5821620042556473,95,69,9,1
1537,51.233333333333334,-54.0480136924819,3.4038867758090987,1.4235813522396512,0.7049286339236681,1.413594649379372,0.5178989278107163,101,75,9,1
1538,51.266666666666666,-52.95588517963222,1.3211863747712087,1.4584258874316731,2.1295716617510965,1.233905923320808,0.4584227703727508,102,78,9,1
1539,51.3,-52.36099733516025,5.054392943755161,0.7025794559838658,-0.6697382131067701,1.6976387306506926,0.4965083607813072,99,57,9,1
1540,51.333333333333336,-51.607169120775986,3.9344020226265215,1.0168783720231147,0.11085714876940127,1.6467934958834383,0.3547336292780227,104,65,9,1
1541,51.36666666666667,-51.169364117751726,3.92864466787686,0.9983083384367717,0.1303954330419902,1.9170527358996485,0.42269510937581434,105,61,9,1
1542,51.4,-49.80836125270387,1.2037504997604067,1.2059592540404651,1.9992196424114368,1.3580296081394563,0.2871469193587007,97,62,9,1
1543,51.43333333333333,-49.48372430358092,1.2658433230743285,1.6017072430589678,1.9282916315263414,1.7947786543059765,0.30206227696573984,92,52,9,1
1544,51.46666666666667,-48.07945779405568,4.099241955881126,0.8420084941429735,-0.23036453980609034,1.599068015687431,0.3300348602464268,95,55,9,1
1545,51.5,-47.16887059697696,4.129200942982639,1.454979681386959,-0.21909423897271676,1.4147792955760379,0.5518627337968465,92,52,9,1
1546,51.53333333333333,-46.22359149471201,1.7490814609710803,1.666081009004344,1.3950532422415598,1.3363799731268875,0.46776349187460187,102,71,9,1
1547,51.56666666666667,-44.923807013929284,2.541122207211579,1.3978523986319829,0.6973767890927715,1.0529635778866304,0.30700657094003625,96,68,9,1
1548,51.6,-44.836021206284165,1.8638905221761455,1.9152582782064655,1.280642565944725,1.5196660043927883,0.3976788181690054,94,50,9,1
1549,51.63333333333333,-43.65039618857868,4.456811872126444,1.3666957914576017,-0.6858466414873514,1.364511288400248,0.6569838130042164,91,57,9,1
1550,51.666666666666664,-43.89649026206893,2.285090128968811,1.6694373397987903,0.8564041093623723,2.0545992612502184,0.476917943192251,97,51,9,1
1551,51.7,-42.11639291333884,2.637398031801453,1.2621959103754392,0.5095426470137746,1.4257898797388837,0.3433841879071584,83,56,9,1
1552,51.733333333333334,-41.78673159897098,0.6936564195993782,1.2785418973139429,1.7646612736352294,1.712248967295687,0.11282203746480937,90,49,9,1
1553,51.766666666666666,-40.7161277133542,3.0670837102590056,1.740890362285441,0.19030441127568223,1.5660026150590454,0.4312588944742828,91,53,9,1
1554,51.8,-40.01579979806117,1.8447051109412307,1.2396601052213185,0.9422693257736297,1.7042734204986754,0.2537826544427793,87,58,9,1
1555,51.833333333333336,-39.159204838597965,1.2804397416559894,1.2116356916615558,1.3031026064206221,1.618448640666543,0.46737007102066924,87,49,9,1
1556,51.86666666666667,-37.626159498214975,-1.3424005388778752,1.0234722824525733,2.9667790984311697,1.1138589037975835,0.25618261118578645,88,56,9,1
1557,51.9,-37.71995243920454,2.7266893539461847,0.9855909511043563,0.17156436842647182,1.9707412831850073,0.22971034937385554,83,48,9,1
1558,51.93333333333333,-35.453529736115065,3.0502591677297914,1.4846822993974769,-0.20208850384364144,0.875885953107595,0.48187390678302516,90,52,9,1
1559,51.96666666666667,-36.133438239310394,1.6725434360778486,1.345631453652473,0.8328609449768251,1.912417046907124,0.3802227549863893,89,54,9,1
1560,52.0,-33.841030557866176,3.049855841578381,1.1161324556605905,-0.24542566028425014,1.090427642186195,0.43884587078075443,86,46,9,1
1561,52.03333333333333,-33.83201111483834,0.41460445565545356,1.3419251111159696,1.5858267774530077,1.488233030943687,0.32673592674642987,77,53,9,1
1562,52.06666666666667,-32.13143024951596,-4.029864034075384,1.310978796096947,4.65091933101238,0.7051199169638194,0.37075718090320703,85,46,9,1
1563,52.1,-32.180929348214235,0.3016424901195407,1.5384499143161605,1.553850136213573,1.4991344880849637,0.32822268028646706,79,52,9,1
1564,52.13333333333333,-32.14035553946709,0.48075869299212215,1.496469471881639,1.4040517712161802,2.0589009706373274,0.29308897722377086,85,49,9,1
1565,52.166666666666664,-30.092398685586566,-0.2632575708768137,1.3103742802754823,1.7708974294272048,1.2415361074427542,0.2573549159017599,81,54,9,1
1566,52.2,-28.457706557652774,0.8794832397985282,1.4306490623171015,0.8730018103887394,0.7308914571646904,0.19208031015931806,81,43,9,1
1567,52.233333333333334,-28.466739541012096,-0.32756030479570697,1.3405312126161846,1.6565211609999393,1.224709493468244,-0.07458066964752422,77,45,9,1
1568,52.266666666666666,-27.595007500889256,-0.8995201824338146,1.3015715948960178,2.1106160900060678,1.3123552920281816,0.3284431250338606,79,53,9,1
1569,52.3,-26.67055564772803,-2.2434897692711324,1.0244084075977469,3.002649490130083,1.1756190569779406,0.19077599435592163,76,46,9,1
1570,52.333333333333336,-25.336778116726755,-3.711411865659713,1.4655580523580625,4.026548052382252,0.7756625407721552,0.3072672972802379,81,45,9,1
1571,52.36666666666667,-25.4064524745983,-0.8436797439115153,1.6535706597404811,2.0360835334601206,1.5197804491865723,0.28926689922739934,79,41,9,1
1572,52.4,-23.975572493115266,-3.2294172906964285,1.2933723968085928,3.631774910532683,0.9605667356579496,0.4315286084200887,81,46,9,1
1573,52.43333333333333,-23.52710242756584,0.11628024630544687,1.3088945579271467,1.2115930757830997,1.4247533686593943,0.2521989659348401,79,58,9,1
1574,52.46666666666667,-22.60717612247737,-0.34744689894290914,1.465200534492908,1.516529073349108,1.3478250468299835,0.3111840433457223,82,56,9,1
1575,52.5,-22.136330178872967,0.37211606810690157,1.0727752163821407,0.9163760339890558,1.5919122955030895,0.3486268959054636,71,39,9,1
1576,52.53333333333333,-21.114058783960683,-1.4898539235842208,1.4167010308309074,2.1875900866952205,1.443635976291344,0.13847877092198232,80,44,9,1
1577,52.56666666666667,-20.229579801072077,-1.505367698933945,1.4384477663173385,2.1227837319424743,1.430075332806923,0.24367419507699442,77,47,9,1
1578,52.6,-19.782443383256282,0.9062110202883247,0.9382169443136235,0.4001464320010766,1.7683062184886347,-0.01163211916656027,79,42,9,1
1579,52.63333333333333,-18.510919444516247,-0.8244381248228017,1.1983228879737027,1.5410345526406357,1.3977388938578987,0.045250061074420304,75,49,9,1
1580,52.666666666666664,-17.727237440699845,-0.8711767703117559,1.0597367333228789,1.529392582067172,1.479010808864457,0.07993545768028545,74,44,9,1
1581,52.7,-17.42180592549956,-3.8165859315182296,1.1935445749180928,3.6153217309842747,1.6704015912497783,0.16639966364039824,78,46,9,1
1582,52.733333333333334,-14.993271236684826,-2.438635840043382,1.4296503608887576,2.5686906141117776,0.6823644614235682,0.03832960089842698,78,44,9,1
1583,52.766666666666666,-15.116501106264629,-1.8742772177792375,1.7311178082324261,2.1454555434677705,1.3982498794393734,0.317319173784858,73,44,9,1
1584,52.8,-14.388498742056406,-1.573235091464138,1.3689683391989007,1.8816468852579389,1.4873011580069144,0.1447585978944108,76,48,9,1
1585,52.833333333333336,-12.030048287384737,1.875212168846101,0.6806403165932124,-0.6665211080908781,0.5970511878824454,-0.025158892088752122,74,42,9,1
1586,52.86666666666667,-12.84497314123064,-1.7570688807479868,1.5367930111892179,1.940314043033064,1.5716246247810632,-0.06294139306116775,78,51,9,1
1587,52.9,-11.281417368425693,-2.836392186172503,1.3003614557448486,2.6152342129486006,1.0130464494776636,-0.2466021994702951,74,45,9,1
1588,52.93333333333333,-8.940910424804493,1.2834934445887392,0.5471594916136127,-0.4328957177584364,0.14445698067294638,-0.29147841180731476,72,40,9,1
1589,52.96666666666667,-12.223176595556026,-3.0386121751373985,1.6073879945454905,2.7548914021814843,2.8571503666726414,-0.29329845349753586,75,45,9,1
1590,53.0,-8.698404314547084,-1.7232817162468983,1.2749755052102927,1.6906913845849163,1.081133876962865,-0.023561212584339904,71,47,9,1
1591,53.03333333333333,-7.785007249165872,-1.3373168584418558,0.9563178871029265,1.365741089443055,0.9639144489928455,0.007221823079991157,70,40,9,1
1592,53.06666666666667,-6.898184614392818,-4.005355893404172,0.8753378814819257,3.2506481598374757,0.8347862885467959,0.14111552244904443,71,48,9,1
1593,53.1,-7.740746144561996,-2.4985544910400037,1.3869990109817252,2.227528473109169,2.112447428579377,-0.2797731864786873,63,42,9,1
1594,53.13333333333333,-6.375008207589971,-2.2170260992155484,1.2538508531844599,1.9409683557997703,1.7287059393613302,-0.20732775958867808,70,43,9,1
1595,53.166666666666664,-6.200223272838208,-3.851849492228375,1.4063124880981093,3.0473097151208615,2.1633483076351183,-0.17194266066362313,65,42,9,1
1596,53.2,-5.642591261451251,-5.31899150542888,1.613141194049362,4.06849131866053,2.243582652382467,-0.15818029182504975,63,42,9,1
1597,53.233333333333334,-4.616627714043403,-8.449161973466456,1.5118821836803846,6.195117950336921,1.7198969882338888,0.3452736420739846,69,43,9,1
1598,53.266666666666666,-3.3242716672453057,-2.5578921796125726,1.7429551826715795,2.0855570729211887,1.5822225808255534,-0.13475344680104542,69,37,9,1
1599,53.3,-3.1596769519864907,-1.5485253140737072,1.1061139230868378,1.2745442420393764,1.805798685454751,-0.17776687736245186,63,40,9,1
1600,53.333333333333336,-2.2457589915601375,-1.5550041191963402,1.0592884616606284,1.1946363889699967,1.3727861009284295,0.24491749049443026,66,39,9,1
1601,53.36666666666667,-1.8131736395798015,-1.4775687322762536,0.7579058604876678,1.1466553001761572,1.1290568281532871,-0.09951000619716144,59,37,9,1
1602,53.4,-0.8416637266826683,-2.207471158348625,0.37403054089675436,1.5698916848748887,0.45976021532542416,0.09069794157402178,63,43,9,1
1603,53.43333333333333,-1.2714831266595041,-5.56849124085689,0.6721968140010972,3.9744962195317055,0.5567959982481819,0.5262433557761325,58,38,9,1
1604,53.46666666666667,-1.6807310029808349,-1.3335022649622914,0.692054842921138,1.0271597852564778,1.145682401193302,0.04796273523542221,64,40,9,1
1605,53.5,-0.4784774392903657,-1.994652115400953,0.33675939283102707,1.4566262171354618,0.255327071747479,0.37059168587325597,60,44,9,1
1606,53.53333333333333,-1.0220159504543744,-3.9914555418993274,0.9540654923090415,2.8858212973961392,0.5777990471431879,0.30850027530882507,64,46,9,1
1607,53.56666666666667,-0.5051888741641974,-2.486824014292253,0.6946981010822384,1.803947257512316,0.2890421538520027,0.2336980271301549,65,46,9,1
1608,53.6,-1.0811526421416033,-1.3559161047198174,0.4517133162163418,1.093230970187015,0.6980316037104938,-0.17306907113680273,62,42,9,1
1609,53.63333333333333,-1.1548506266016858,-2.8435696834929765,1.208600483060522,2.0864533379745445,0.832011039587702,0.2615199915013674,67,41,9,1
1610,53.666666666666664,-0.8708783357683458,-1.020136585325865,0.5047126681579499,0.7977511016089737,0.5877314591139197,-0.006221420813098339,66,39,9,1
1611,53.7,-1.1677743084812136,-0.9893184108146578,0.5418370156515238,0.781218764493966,0.8294768622668861,0.04655113424095878,65,42,9,1
1612,53.733333333333334,-0.8187116406275408,-2.9730891856969173,0.7018591261005014,2.1626572134270385,0.49361426683101695,0.09511153146709467,59,38,9,1
1613,53.766666666666666,-1.9207350732161927,-1.901655686277568,0.9266036443450503,1.4946426778860504,1.292578784191658,-0.03376159391631549,60,38,9,1
1614,53.8,-1.7714715288554146,-0.2585702189372725,0.6894726547701282,0.36035082107040617,1.2008133017091194,-0.259970398423988,67,40,9,1
1615,53.833333333333336,-1.0015997542199386,0.9798086396649559,0.19481131900316484,-0.6212852255186957,0.5514684202728414,-0.23611640469735065,67,39,9,1
1616,53.86666666666667,-2.143003675450686,-2.4339583587099014,0.6660445251280009,1.8842209669181107,0.9626377748252675,-0.018214531047220196,69,42,9,1
1617,53.9,-2.4274415155740883,-0.6227080954660806,0.7143349476384628,0.6349806224152875,0.9897004988142775,-0.04824057605321518,65,42,9,1
1618,53.93333333333333,-3.1396350286417913,-1.7260608538960938,1.2165129910629418,1.3824785721645105,1.0392017173155301,0.3597904673419228,69,46,9,1
1619,53.96666666666667,-4.120615810554,-1.311009556327413,1.2047832935734277,1.1321830267164987,1.2089564548582827,0.4073710678427764,69,40,9,1
1620,54.0,-5.99484796434573,-1.444980585178385,1.0433418153312033,1.3374637967806526,2.018794826368884,0.19182708888498212,71,44,9,1
1621,54.03333333333333,-4.383146525193538,-2.9657922106556427,0.798540713679472,2.3301122193011476,0.23513817390911357,0.4027980846843599,62,48,9,1
1622,54.06666666666667,-7.768623003039046,-0.49604220025246093,1.3129468394925965,0.7828499950831094,2.1193208761969293,0.00820770487709298,64,41,9,1
1623,54.1,-6.097671095991927,-1.1260675757554246,0.5923813375722062,1.1118520221224681,0.32633128792851734,0.34511551882461056,65,52,9,1
1624,54.13333333333333,-8.400206134213093,-1.224590587837259,1.6451328939842256,1.3077654980776183,1.3290965509095447,0.4449409888929677,69,41,9,1
1625,54.166666666666664,-8.125049370140694,-1.749064628550773,0.9880416424251734,1.6757645325762198,0.493342814095187,-0.0030320926994407303,72,41,9,1
1626,54.2,-9.834310639390196,-4.4623393133974325,1.1930630653068164,3.636446432292623,0.9910761035765008,0.3302086821657951,76,51,9,1
1627,54.233333333333334,-10.238775845536075,-0.6179339828874717,0.752727063510207,0.9364116501926624,0.8735940533776811,0.4689741741753281,71,52,9,1
1628,54.266666666666666,-11.64206956226159,-0.9767964680495389,1.105645403300528,1.2847722433047843,1.2530134134973152,0.31258156689914396,72,42,9,1
1629,54.3,-12.202290421548348,-0.8933222050001213,1.4205359155667878,1.2547083175587193,1.0914022727836106,0.5397667841577166,72,43,9,1
1630,54.333333333333336,-13.525221980384252,-1.648181794583742,1.1489652980065301,1.8839011784194726,1.3526718991257929,0.3016670286665174,75,44,9,1
1631,54.36666666666667,-14.249791958381337,-1.0147955656977885,0.968013685292135,1.4402637280692088,1.3292954033294009,0.21883736136811402,71,46,9,1
1632,54.4,-15.830253299314602,-2.356362274375009,1.0182933215473895,2.4543710271849863,1.7555998489157127,0.20555130967050003,68,39,9,1
1633,54.43333333333333,-17.487773521515233,-0.8042874731625993,1.2284258628587423,1.4489418601761952,2.4046712108991204,0.24798656226922267,69,39,9,1
1634,54.46666666666667,-16.986193085668152,-0.9233492533662258,1.2650716464390115,1.55663703200666,1.3993102717219073,0.16094060722806663,71,46,9,1
1635,54.5,-17.227954335337323,1.2679891217669947,1.11026988154822,-0.027362460031169385,1.1185672877041746,0.43887632446569746,80,45,9,1
1636,54.53333333333333,-17.40462890863393,-0.7793174614888869,1.1618477962685603,1.4484839114459063,0.5228747333816453,0.21701366725182722,73,47,9,1
1637,54.56666666666667,-19.302300540331082,0.43708653805235187,1.2146584033626624,0.707813527053959,1.3781771186268867,0.3955860330097489,78,43,9,1
1638,54.6,-20.148085956678756,-1.0500916723050224,1.07618074534318,1.8056136421802922,1.2919481224203273,0.3819928018682508,78,45,9,1
1639,54.63333333333333,-21.233576641329343,0.19766091879087355,1.2085854170453842,0.971531066038235,1.495493986612285,0.28755455435392263,83,51,9,1
1640,54.666666666666664,-21.878388176551717,0.7362368675286568,1.313558118870091,0.6670364680821785,1.3454874257686518,0.49609251640519525,81,50,9,1
1641,54.7,-22.089062287365127,-0.24163622732248768,1.1178098484607233,1.3587911383728926,0.9025853770341093,0.44921737013714,81,59,9,1
1642,54.733333333333334,-22.9318420571246,0.5710761645686517,1.255527107448728,0.8726920138845689,0.9799797188148066,0.4543215336915426,78,53,9,1
1643,54.766666666666666,-24.39899481942759,0.566987170246815,1.5692176725845712,0.9373459174386264,1.3766388365279327,0.5059479851954131,75,42,9,1
1644,54.8,-24.459547187609353,1.2831348844965724,1.0883880625153637,0.443051755503248,0.8431731189459266,0.4420061480116345,79,63,9,1
1645,54.833333333333336,-27.168988871874976,-3.966145166087692,0.7630778459523668,4.296705204757665,1.930908992020918,0.2907302342880282,83,47,9,1
1646,54.86666666666667,-27.27939026810372,1.3107164219660845,1.2695033658459351,0.5726218516895487,1.5614979231215653,0.41947176400700387,83,47,9,1
1647,54.9,-28.39221214962337,1.5877396296674533,1.2448847351496966,0.36359677233423765,1.8023470074554064,0.2678680688048907,78,44,9,1
1648,54.93333333333333,-29.208219242048433,1.8335572302409204,1.0622817499076689,0.23262300184979998,1.8188847644635977,0.26788942961670875,86,49,9,1
1649,54.96666666666667,-30.31788538122735,-3.6762591600900407,0.6952404411838842,4.228674378820007,1.7536047937937989,0.5073356386545974,87,54,9,1
1650,55.0,-29.880439052086295,1.6650410537359868,1.115475622486727,0.47198165941900944,1.070757180052206,0.5031217925554106,79,47,9,1
1651,55.03333333333333,-30.62559582356466,2.5327451706248354,1.426089262183595,-0.12125114263613311,1.0756235204395996,0.5997244685894666,81,47,9,1
1652,55.06666666666667,-31.896679735644206,0.8022840270080422,1.08351754166533,1.2070839482243712,1.2611001111810816,0.4396683600377267,80,45,9,1
1653,55.1,-32.45670991383381,1.508431220998272,1.2932493861238044,0.7809373362883892,1.099788171488457,0.5616957096823019,79,51,9,1
1654,55.13333333333333,-33.08698081510125,0.4294864389835382,1.342066111266675,1.5508766869616193,0.9256342419163035,0.31050050141004065,89,52,9,1
1655,55.166666666666664,-33.65633540466752,-0.8723856854799088,1.4667913729175552,2.5146373738124295,0.6254309294174473,0.46005132555147826,86,47,9,1
1656,55.2,-35.59182080480849,1.97886213252621,1.2675922779173021,0.576510380387948,1.5173404272673174,0.6521082293582258,90,54,9,1
1657,55.233333333333334,-35.71860955632746,2.1796964111601405,1.1469191604619198,0.45655657308590913,1.047474692226109,0.6227784573794097,89,68,9,1
1658,55.266666666666666,-35.968309267304335,2.4096894933701876,1.1311519623279764,0.3123857768867909,0.7008855157751923,0.5605623943232132,82,74,9,1
1659,55.3,-37.809356806693366,4.496938890730991,0.9385619083330141,-1.0978100512638227,1.4771108167852656,0.5225977401658967,85,47,9,1
1660,55.333333333333336,-38.28231561218588,3.089315926521664,1.09339637735944,-0.0764468050287924,1.1363497282396047,0.5386637994078586,90,51,9,1
1661,55.36666666666667,-39.224940014100596,2.772595289541737,1.4044849759825837,0.23044746789299816,1.1054817549117792,0.5251234117203946,88,64,9,1
1662,55.4,-39.53328294322617,3.164683181427751,1.0142510202982038,-0.07155258219747261,0.8189029824702335,0.5560676784585586,90,56,9,1
1663,55.43333333333333,-40.57011465502323,2.8292681410042917,1.2974424881559372,0.24776396460432584,0.9037039737055629,0.6785144948086892,86,62,9,1
1664,55.46666666666667,-42.72527491991375,2.973531175930905,1.1952800256227505,0.2990066118609128,1.7864794030590099,0.6531001180140222,89,48,9,1
1665,55.5,-41.98801659598686,2.5437531530599635,1.211283281128388,0.5462219157777028,0.7508556405747183,0.642702500945713,93,70,9,1
1666,55.53333333333333,-43.3010346043675,0.546579167475592,1.1254081797578124,2.0396220171729333,0.9655462059625812,0.5947878183099043,90,55,9,1
1667,55.56666666666667,-44.69983353036024,3.4854971166486166,1.1348809230578354,0.021738370302220807,1.4735115705032815,0.6191199714635746,93,51,9,1
1668,55.6,-44.91038327837923,2.598630413965342,1.3382289159733034,0.6444216798322118,0.9816765684833632,0.6838149460164846,93,65,9,1
1669,55.63333333333333,-45.808177554102464,4.369529219383502,1.3130784001613023,-0.4897143333142623,1.0671521837111746,0.638959550674952,100,57,9,1
1670,55.666666666666664,-47.253015999383045,1.8391125592489033,1.0726055259641214,1.348950033530244,1.4559994474931963,0.5044677786369723,98,59,9,1
1671,55.7,-47.799236847156,1.5274431025109863,1.3149574150895518,1.5893487539217317,1.151682448926822,0.4964421488870785,103,58,9,1
1672,55.733333333333334,-48.834113368764235,2.125715142966044,1.2927876321382712,1.2602451694320587,1.325847027886388,0.5215030710861955,86,51,9,1
1673,55.766666666666666,-49.19208117515222,3.5826126827014875,1.4650281981599989,0.32817222085133085,0.987777449032278,0.6075903103219653,95,58,9,1
1674,55.8,-48.42965899691808,2.501054637940598,1.159008315857335,0.8784980375618027,0.01615774314753628,0.5078267436803677,101,58,9,1
1675,55.833333333333336,-51.341500793225244,3.2225713993634777,1.1151155780111992,0.7153370936764126,1.3686342718641167,0.6739172623188061,95,54,9,1
1676,55.86666666666667,-52.17192179285875,2.950716371507717,0.8588405805431734,0.8876938036583613,1.4202978483359583,0.5496741277669146,97,55,9,1
1677,55.9,-52.64300824356026,4.69443816476932,1.310068573977503,-0.29823975923559926,1.1481458173913557,0.7417953982910861,102,62,9,1
1678,55.93333333333333,-53.71330922139354,2.492149133588594,1.278079267013723,1.3308901502003643,1.193326530031892,0.5562941454976922,94,55,9,1
1679,55.96666666666667,-55.221829794713315,0.5670395810641615,0.6677502805922444,2.793240118538726,1.6265213932034104,0.6192701302355198,94,53,9,1
1680,56.0,-55.52244220033632,3.013730617526221,1.1302375546274561,1.0805119187566976,1.3281843656522665,0.6785513156870536,92,45,9,1
1681,56.03333333333333,-56.010159778204624,4.412765156149,1.3824027669528078,0.13355524412160058,1.1253547426537616,0.7047168094996986,101,65,9,1
1682,56.06666666666667,-57.10793011534882,3.8516406370136487,1.4068114443432194,0.597624788791309,1.253031121114516,0.6729529982908581,100,59,9,1
1683,56.1,-57.989514241325175,3.6659468919023404,1.4051704049435187,0.8027359525494645,1.2048642314711115,0.6388466417489532,103,71,9,1
1684,56.13333333333333,-59.79984423349869,4.106496179518572,1.3385737291483366,0.5901732261017663,1.795600679370598,0.763483045551022,103,59,9,1
1685,56.166666666666664,-59.93180027500286,4.3593961123363165,1.402384691972685,0.4248302484290135,1.3352209642317767,0.6985325640654666,105,59,9,1
1686,56.2,-60.74280615274712,1.555285029074497,0.9908245470239478,2.362213189276474,1.4313866558811341,0.46794504652585084,101,62,9,1
1687,56.233333333333334,-61.13735008961015,4.122929334176291,1.4778182263542305,0.6461010205472063,1.1347266696199156,0.753854254875433,102,75,9,1
1688,56.266666666666666,-62.597411075950816,4.745720326526364,1.2038158752868924,0.2699892131674337,1.4889519768217205,0.696719991600021,102,62,9,1
1689,56.3,-62.636446725518184,4.425623547911311,1.4978668267203687,0.48035107375129266,1.0533633407450627,0.6387443197038277,101,56,9,1
1690,56.333333333333336,-63.42795207536831,3.4963193412807136,1.9842438397537734,1.2140268016228195,0.7670843259206612,0.5457810574192421,102,57,9,1
1691,56.36666666666667,-64.34482956330352,5.569082836568445,1.4795380952170376,-0.12959745507333545,1.0674254475091514,0.8264902540327405,98,63,9,1
1692,56.4,-66.10498163403194,2.770391381001115,1.1773437164300447,1.8882449173309885,1.6002573415674903,0.6262866012135317,108,64,9,1
1693,56.43333333333333,-65.64777353578629,4.668306771200346,1.688157346381999,0.6192584714330168,0.7499006575475091,0.8146729078301439,108,59,9,1
1694,56.46666666666667,-67.03677771243264,4.358243716805493,1.6700605561321424,0.8746287238358724,1.0711081464109078,0.6973292381273325,104,64,9,1
1695,56.5,-67.40318469568761,5.385792864825589,1.6252450007925034,0.13292599601252564,0.8437978497125611,0.7015450426802637,105,64,9,1
1696,56.53333333333333,-69.36131613260154,4.54772927384931,1.6574390555675222,0.9106203659648521,1.4447139402142237,0.6831854405640823,103,54,9,1
1697,56.56666666666667,-69.72244914055584,6.199100097948204,1.1936938270102928,-0.31860170403468613,1.3911580515309412,0.6190740887709322,101,60,9,1
1698,56.6,-70.99982447363816,4.4910144572664805,1.3011843647327197,1.0550735822202575,1.460638924418704,0.6648892591096243,106,58,9,1
1699,56.63333333333333,-71.61995955213742,6.246795398289173,1.287053742658287,-0.22874097633817228,1.4417688967012805,0.6848517889405165,96,65,9,1
1700,56.666666666666664,-72.71825679796748,6.695265298267017,1.1794484013064448,-0.45923884084368605,1.5577362281761191,0.6912805942928743,100,74,9,1
1701,56.7,-73.80878205039477,4.3489033280988245,1.295717112973378,1.2699650174429804,1.6734667097818452,0.674656460251337,105,58,9,1
1702,56.733333333333334,-74.61812301277645,5.101686121389079,1.4526826197355263,0.8076726956271321,1.6028080542158865,0.6628419835245359,92,60,9,1
1703,56.766666666666666,-75.46022754265024,4.131877998952191,1.3188393352129282,1.529865410063118,1.5315938852888162,0.656151842521369,96,52,9,1
1704,56.8,-76.89278310631315,6.921897166946714,0.7610738101054437,-0.411132627293029,2.104081288982477,0.5686633571085392,101,63,9,1
1705,56.833333333333336,-76.44060380048434,5.358793781085293,1.699399384074681,0.7554667331070959,1.1687500199406249,0.8416191795423871,95,78,9,1
1706,56.86666666666667,-78.09832772174857,4.9856362898912465,1.794804180067672,1.0452571056878306,1.680769932072755,0.665825866305723,96,57,9,1
1707,56.9,-78.01095551054806,6.068182469301945,1.6870115032493231,0.33852016218470243,1.0717857827067923,0.8152479471025647,95,70,9,1
1708,56.93333333333333,-78.94738634739588,6.886320057150094,1.6554085118518742,-0.11936340406701075,1.1558595927565325,0.8288555575780112,83,66,9,1
1709,56.96666666666667,-81.06097092782672,6.557053204314968,1.2022291066171817,0.18953604402653068,1.9480707015918606,0.7546685104211855,87,53,9,1
1710,57.0,-81.01392268112073,5.702216293465909,1.7568079507927479,0.7929440121539606,1.3742404169959097,0.8084713844963092,90,67,9,1
1711,57.03333333333333,-81.87364847172122,7.828056717271927,1.1179627650389534,-0.5248185369467839,1.5747418333936671,0.9305041336210997,84,54,9,1
1712,57.06666666666667,-82.47335864534872,5.503937750289694,1.784709389686526,1.025949035940612,1.2418092263085792,0.6498364325506711,85,66,9,1
1713,57.1,-83.63068880066896,7.532304701988281,1.4839726255669774,-0.27953455285190815,1.4779720049897238,0.8444316719400022,77,54,9,1
1714,57.13333333333333,-84.60360158248102,6.548986267088679,1.3478658823585619,0.5477927653976692,1.6442186476236909,0.9761142622092415,76,50,9,1
1715,57.166666666666664,-84.82625648177913,6.621514984382856,1.6414598854499332,0.4863008449612944,1.2135058616917316,0.928266691141424,81,58,9,1
1716,57.2,-86.51974318260984,5.814334941856782,1.6115749052950576,1.1731226313205922,1.6262961121667243,0.9438021202810042,78,51,9,1
1717,57.233333333333334,-87.74769616016928,6.226012153927215,1.3453175828974508,0.8959547551324332,1.946685546355711,0.7620330664043355,72,52,9,1
1718,57.266666666666666,-88.675690933061,6.592921081898723,1.464042540644698,0.7099772841247782,2.0196233652268085,0.7799012901384271,75,47,9,1
1719,57.3,-88.69989724357993,6.662676412019685,1.8192059421100168,0.682268656119798,1.4597967756063301,0.7820995245184706,69,56,9,1
1720,57.333333333333336,-89.95330546317166,6.3498310420236095,1.4830674668420727,0.9783714707215252,1.729976409382705,0.8059366208863203,63,45,9,1
1721,57.36666666666667,-91.24359318196036,6.672827147592443,1.4205954635468316,0.7926060805261425,2.080975097616234,0.7652871533284961,66,48,9,1
1722,57.4,-91.33941083773047,7.036078861823725,1.6867996296555106,0.5677558050893609,1.5606845311040451,0.8790054299820639,65,51,9,1
1723,57.43333333333333,-92.49484468651096,5.9527988854887575,1.3815872879124527,1.4115854889174653,1.7865535430546102,0.790729680667196,63,39,9,1
1724,57.46666666666667,-92.76292981540537,9.134638242420571,1.6304859162980563,-0.7379490579841335,1.473599603127304,0.9999750540670941,63,41,9,1
1725,57.5,-93.90468809343965,6.687193387878338,1.6862052006949142,0.9772394273907032,1.575189882222678,0.8142000643682938,68,49,9,1
1726,57.53333333333333,-95.17134160001316,7.0419376374007,1.3574142985831656,0.861640035232943,1.912153097536732,0.8839847072862819,65,48,9,1
1727,57.56666666666667,-96.13757905048823,8.012134394610868,1.406678740609948,0.19252957166170773,1.9745654671509298,0.7642688202656905,64,45,9,1
1728,57.6,-96.81200920305231,6.993737582708491,1.4428065770401162,0.9350580478442705,1.9148733618341007,0.7699544259307388,57,41,9,1
1729,57.63333333333333,-98.00311126728751,7.205664171688696,1.128278827691517,0.9017074051089677,2.1240618149898705,0.8106788703286539,65,45,9,1
1730,57.666666666666664,-98.95881872424565,7.033118866159718,1.151058693608121,1.093102333879949,2.1868639052569074,0.8376849233359496,66,47,9,1
1731,57.7,-99.9059030324891,7.197991117799667,1.1920301665341668,1.0311285470500948,2.315940172730605,0.8635004925408066,60,46,9,1
1732,57.733333333333334,-99.98076212786188,8.063474307294712,1.788293503300082,0.5218283979766839,1.7470362825138923,1.0322593078849214,67,55,9,1
1733,57.766666666666666,-100.28476441029112,7.614561139975471,1.961512750049394,0.7585182971441,1.3539817932914382,0.9159688641477628,62,43,9,1
1734,57.8,-102.34451172910072,8.028361620597728,1.4417837262098914,0.6417650230169534,2.305200968512511,0.9465664269647971,53,43,9,1
1735,57.833333333333336,-103.00284896996031,8.909922827958674,1.39562182536703,0.08990979833432637,2.337277313526603,1.0185863385034317,58,49,9,1
1736,57.86666666666667,-103.36541103965172,7.099826727121339,1.6957255883660167,1.339778318641426,2.1672256472070384,0.9196683988105219,55,41,9,1
1737,57.9,-102.73372243661464,6.215110613346106,1.7633728531839665,1.9564256168147274,1.3800362890500872,0.8536761716541564,57,47,9,1
1738,57.93333333333333,-103.83628380297822,9.316120091060618,1.3104712526491937,-0.14322663120467852,2.1216530388807593,0.9470368977963238,58,47,9,1
1739,57.96666666666667,-103.6199696151314,9.062253053050945,1.439533896609504,-0.0009270056284205066,1.9060848140068731,0.8790148309683437,50,42,9,1
1740,58.0,-106.47604174040023,10.05044656782357,0.766591360679044,-0.49835125188819085,3.936042401338173,1.0371253707324928,58,39,9,1
1741,58.03333333333333,-104.65707719960778,8.70432020111182,1.3282959759530684,0.278223891801039,2.501154014002245,0.8742349564353343,53,37,9,1
1742,58.06666666666667,-105.97802822062633,10.277766341141884,1.0838679168052892,-0.6833540288907909,3.479024321805834,0.8026562349746569,53,39,9,1
1743,58.1,-106.30061165100237,10.852374875237366,0.46219012624453626,-0.9796990245002349,3.85777871748032,1.049810853996307,57,37,9,1
1744,58.13333333333333,-104.27662989780076,9.020537207235925,1.1755624362622967,0.0918317815879839,2.2706592843446636,0.912702640007475,55,46,9,1
1745,58.166666666666664,-103.60522467894468,9.13690519967539,1.5886673107199982,-0.008803123148374885,1.8137135033599543,0.8750782417738476,56,44,9,1
1746,58.2,-104.17580587918515,8.574474191019142,1.1169366074758784,0.3952504858874891,2.251898165313043,0.9201761380704051,54,41,9,1
1747,58.233333333333334,-105.97050542689308,10.972655860915047,0.6559336522361292,-1.1511385452953338,3.61159224999604,1.0480558416324597,57,39,9,1
1748,58.266666666666666,-103.67646797796343,5.471785041675972,1.4228678970845152,2.4078713513783474,1.6841933279538626,0.6770745207397271,50,37,9,1
1749,58.3,-103.09413884794262,8.09403826873887,1.5736734334286098,0.6173679076924073,1.4206389653836018,0.7899396359403218,54,42,9,1
1750,58.333333333333336,-104.63582350122891,8.544761967019951,1.148010843971889,0.41597109212325156,2.5143658850591133,0.8183449674165179,57,47,9,1
1751,58.36666666666667,-104.34821654109885,8.477035127679166,1.2988873735445452,0.3943388728185219,2.3129284080484194,0.7829306592028503,54,40,9,1
1752,58.4,-105.7946346004804,10.69147917853524,0.7913281274902175,-1.0023984510453041,3.4703334707657114,0.89297505873954,54,41,9,1
1753,58.43333333333333,-103.23520678369445,7.160650688641745,1.6257102437902091,1.261937469676513,1.5731769390847028,0.7376142479210984,51,37,9,1
1754,58.46666666666667,-103.7435409411386,8.823346017348307,1.4690171627275959,0.16595882934651957,2.0891742574500123,0.821693825928998,51,37,9,1
1755,58.5,-103.57551084898053,8.34965697648046,1.101777978122982,0.493495174897639,2.1771669187775373,0.8567422087516616,58,44,9,1
1756,58.53333333333333,-103.24099900050491,9.483147964362708,1.4557023806516156,-0.351437503518941,2.4145472597782587,0.7229306501119082,59,41,9,1
1757,58.56666666666667,-101.92705687321236,8.391266119661012,1.3630456652270766,0.44881597164346076,1.874325300744753,0.9395973466354057,53,39,9,1
1758,58.6,-101.59094659780348,8.870516816183574,1.0962084259576699,-0.0032765561811517576,2.30530226137476,0.760446079385497,48,34,9,1
1759,58.63333333333333,-100.20763541060062,8.48610947743385,1.601670438514887,0.19407644313273795,1.7624211037670827,0.7929210976257327,56,45,9,1
1760,58.666666666666664,-99.84654097838332,9.019505657459995,1.3505304907649958,-0.3024359486986215,2.159967507959877,0.6183906673257051,57,37,9,1
1761,58.7,-99.306257469215,8.940705729888343,1.1117994361914185,-0.2029118835076598,2.3724979588430215,0.7122927036946782,62,42,9,1
1762,58.733333333333334,-98.5057794675406,9.121829078015999,1.1895529302098424,-0.4011649246101396,2.3964989766042746,0.8013282477082313,65,45,9,1
1763,58.766666666666666,-97.6839223743027,8.900714839539624,1.1189286259832727,-0.268055807186052,2.2954135217123146,0.8848314836690667,60,40,9,1
1764,58.8,-96.60082120823574,7.76668160920422,1.3374828940797272,0.38747795044707845,2.1217979020181206,0.7403338653669816,61,46,9,1
1765,58.833333333333336,-95.6262021309233,9.285414937827227,1.1888283869400595,-0.5651661179410852,2.1265168588476078,0.9803047956986224,66,46,9,1
1766,58.86666666666667,-93.94149801618244,10.537334238267015,1.4794259078137202,-1.691744324497959,1.6357765480682107,0.8237692263889747,67,46,9,1
1767,58.9,-93.81339085408786,8.232765549803993,1.2633629631031482,-0.10071234915454912,2.015331466962067,0.7724291456414929,60,45,9,1
1768,58.93333333333333,-93.01921969794516,6.499083540535857,1.3906725832518418,0.9525723753699241,1.8988388504550244,0.6235878156536416,57,41,9,1
1769,58.96666666666667,-92.80495460448327,7.583688850126393,1.2933459340740825,0.14416814804712733,2.444392344882392,0.6282796435442323,63,41,9,1
1770,59.0,-90.7967485561046,7.634016647173951,1.479669050821812,0.09553462886680014,1.6346910065439526,0.7451342374561118,72,56,9,1
1771,59.03333333333333,-90.75957862521031,8.35941750541415,0.8171511137836518,-0.433813848272846,2.2676334475528495,0.7792495218347287,71,50,9,1
1772,59.06666666666667,-89.65132885634792,7.640024552765389,1.135011949668126,-0.03223551313708311,1.9924860469520722,0.6867663036727106,72,47,9,1
1773,59.1,-88.87352986357863,7.543896257327425,1.3750339264397127,0.01162748247568734,2.058559581772458,0.5912446401572982,74,56,9,1
1774,59.13333333333333,-87.63393080298252,7.242912678828567,1.474363476579768,0.1623929464838189,1.7736839489341758,0.7180911987354632,75,49,9,1
1775,59.166666666666664,-86.84480122300951,6.272920796610833,1.6624836577956899,0.8116410579553268,1.7679004860758858,0.7100477519824969,77,54,9,1
1776,59.2,-85.97133465857291,7.339553594337673,0.9196160403573401,-0.10916581887981368,1.9174555271032085,0.5980346052654375,88,55,9,1
1777,59.233333333333334,-85.21339388824349,7.244939097507313,1.3801941544207637,0.01898013154983856,1.8170988746279857,0.7524753899359068,76,55,9,1
1778,59.266666666666666,-83.3961972789046,7.865419034639075,1.3884934210634583,-0.5456734222275382,1.324970789166558,0.8328875078340431,84,56,9,1
1779,59.3,-82.4334643100939,7.555979307915358,1.8518068146903346,-0.40117696955171955,1.166958570347661,0.6991831651169672,81,65,9,1
1780,59.333333333333336,-82.81122645153991,7.061890067179142,0.8637077462228859,-0.12592785938530987,1.9547123335473258,0.6019848141151598,82,53,9,1
1781,59.36666666666667,-81.46393900090114,6.5338350523210025,1.3861724814623528,0.1747114033033763,1.57135400662497,0.588315179201646,82,56,9,1
1782,59.4,-81.37458318745442,7.445528341496065,1.1753571127738383,-0.459302971349326,2.149473010038361,0.5953480982244252,87,52,9,1
1783,59.43333333333333,-80.5177331154633,6.359975440626457,1.2925240730408518,0.2975557853039189,1.9784030540687423,0.585188372581694,84,64,9,1
1784,59.46666666666667,-79.25625964988733,4.904831564508367,1.3909951921902746,1.1937536494525416,1.640538127915067,0.5475497943183429,94,56,9,1
1785,59.5,-78.47964864033827,6.199289041576556,1.0985076876274888,0.2249921451149153,1.8855081047683702,0.550757503696869,93,70,9,1
1786,59.53333333333333,-77.93395937506531,6.548622970887699,1.1136137265937123,-0.03914220496839247,1.9828354800442405,0.5995964944922274,93,58,9,1
1787,59.56666666666667,-77.07809271035994,6.36270852243053,1.0825227650558276,-0.014997353212839905,1.9445891832343982,0.5908893301287804,99,55,9,1
1788,59.6,-76.00166057631392,7.83386347626687,0.5678183423260776,-1.0330553687544801,2.1435416528380467,0.7120266148001922,102,56,9,1
1789,59.63333333333333,-75.16516808793676,7.262892626007471,1.2194414485045257,-0.6852868586927477,1.7687226489358252,0.6241118283444522,100,68,9,1
1790,59.666666666666664,-74.86255609860478,7.110208942625555,0.5624454000745942,-0.7921848412193382,2.2432658831174157,0.43014288939593887,99,62,9,1
1791,59.7,-73.09621527450088,7.430246402374145,0.7639583702434294,-1.0184937874592734,1.870987221603107,0.508440910272394,100,55,9,1
1792,59.733333333333334,-71.99324518814294,7.249077527684882,1.5535858870336625,-0.8499631452529095,1.4676453431671928,0.6431853624731277,98,71,9,1
1793,59.766666666666666,-71.4715559436237,6.628229354758268,1.3054370747786663,-0.4776754425337569,1.7213538708491805,0.5798867858208534,105,68,9,1
1794,59.8,-70.62063900613316,6.1386589382761585,1.2723915097455745,-0.12132786702294787,1.621493735088018,0.680720985805239,94,57,9,1
1795,59.833333333333336,-69.56666431190982,6.45338511102841,1.1400553911418143,-0.47187789824057524,1.520817437463395,0.6592006513587686,108,59,9,1
1796,59.86666666666667,-68.28130864523948,5.552689302818774,1.5123741703427385,0.07791559015842033,1.2222066449949844,0.4476857679337918,106,87,9,1
1797,59.9,-67.32979751677148,6.063876160453546,1.0677619276308121,-0.3389751107744209,1.2909479357033102,0.6900705141387814,106,65,9,1
1798,59.93333333333333,-66.50219715745402,5.940391977556644,0.9188928542756969,-0.31547532063080747,1.3654148882405666,0.6607476822626839,106,69,9,1
1799,59.96666666666667,-65.3953070812451,4.4606733414882385,1.596824825984143,0.5320600448862408,0.937273723266504,0.3439204916497375,101,59,9,1
1800,60.0,-65.63521463838056,5.2013497095020576,1.0258855266770723,0.15807195470726385,1.7352403200616362,0.595792842645958,99,49,9,1
1801,60.03333333333333,-64.15676249229492,6.9308653875813775,1.2189272249693062,-1.161551013445906,1.4328946842786234,0.6912378500585481,106,56,9,1
1802,60.06666666666667,-62.95619851229478,3.589298542205185,1.5088572577064525,1.0947699427430515,0.9175454516482746,0.41690130513785806,106,58,9,1
1803,60.1,-62.707895885820164,5.346121216626699,1.1734795616743838,-0.1266589224670725,1.4721826266682125,0.5734186649655318,99,70,9,1
1804,60.13333333333333,-61.37855220163465,5.521133867241481,0.9780042629836032,-0.34527262245400064,1.2377653675528797,0.5547650475214934,93,50,9,1
1805,60.166666666666664,-61.32808233812596,5.28458847674807,0.95221835728168,-0.09265603256458221,1.6706241747186032,0.7752764937757295,94,54,9,1
1806,60.2,-60.42717552266811,1.8536082665101858,1.600774503290694,2.1940483783521216,1.4399811073039261,0.4384409290555873,103,62,9,1
1807,60.233333333333334,-60.47510739729193,3.816988474415165,1.672620850879042,0.8102908207519288,2.1252264719055374,0.5064302640679184,103,60,9,1
1808,60.266666666666666,-57.51323191698873,5.030589204864771,1.5912356724833927,-0.2454827201666944,0.7745250606668997,0.4998192520637097,104,66,9,1
1809,60.3,-58.14278991119397,3.7818602503921674,1.3275436255895556,0.7049716853444458,1.6204943731182564,0.5602923382503288,94,65,9,1
1810,60.333333333333336,-57.243825355644745,3.563754927788917,1.5636080451843242,0.8072397116730485,1.6467483925382858,0.44737460904761733,95,54,9,1
1811,60.36666666666667,-56.40760840851805,3.7899964667396695,1.4738832212584327,0.5513276439228894,1.6311085442104931,0.451918352707848,98,66,9,1
1812,60.4,-55.16279754315933,3.8870181248070175,1.3977678602972645,0.410323844487366,1.3873657355655995,0.5489819729197617,93,64,9,1
1813,60.43333333333333,-54.13179287322109,4.127381827162935,0.7401033260338181,0.042373417614966616,1.4525180920175498,0.26945882704554897,99,56,9,1
1814,60.46666666666667,-52.281227109472646,0.7811404302708418,1.6251646548386418,2.379559702001108,0.6113444152747799,0.3438699573304422,95,58,9,1
1815,60.5,-51.85554914347512,1.205314812161248,1.627435080850944,2.129859577898984,0.7834968082144615,0.48740760924929766,98,67,9,1
1816,60.53333333333333,-52.04363357402518,4.090029175748146,1.068540860115064,0.09315588614556715,1.6077334362125346,0.4694297296860251,100,59,9,1
1817,60.56666666666667,-50.9477808639617,3.430514612008807,1.5652505758555861,0.5132603335775694,1.412501054672824,0.4042222272589674,97,66,9,1
1818,60.6,-50.81807650508877,2.1877573617561126,1.7847293797789092,1.366795631887391,1.8167428481936243,0.5095839577617574,103,57,9,1
1819,60.63333333333333,-49.506850309194334,2.7686227802561625,1.6544510432474766,0.9191557414958248,1.544893343758487,0.4203700031348198,98,69,9,1
1820,60.666666666666664,-48.35051271042967,2.672776270336424,1.406372418806484,0.8823655141194077,1.3695574058469657,0.39484883040250346,102,58,9,1
1821,60.7,-47.859309289418086,2.0818720169738754,1.4724527439124273,1.2089294361843095,1.5809191344257734,0.26913232491961786,89,44,9,1
1822,60.733333333333334,-47.073965995292724,3.0666142829450145,1.413557397902963,0.498187872020182,1.6346472969899586,0.4343918485556305,101,72,9,1
1823,60.766666666666666,-46.16198980474759,2.6578670532257895,1.313539268096008,0.7747714870420188,1.5420358040046949,0.4967611502438247,91,59,9,1
1824,60.8,-45.55085375080436,2.84019270911433,0.6595805228326981,0.4608944849789673,1.889940792353422,0.26522750677598345,102,52,9,1
1825,60.833333333333336,-44.437839453524674,-1.0241960293987447,0.8761367423048085,3.2573455082756886,1.4105643053546277,0.2932557685986614,92,49,9,1
1826,60.86666666666667,-43.222411712109455,3.9272466802409767,1.4740295643034074,-0.3239323861438034,1.3311285029685926,0.41128051896447715,90,52,9,1
1827,60.9,-42.787081429636416,1.490511155633346,1.8051904284536562,1.3939735423408204,1.6179446250427851,0.3691845639622082,93,57,9,1
1828,60.93333333333333,-41.8665675538353,4.074449451217845,0.8831504290085661,-0.5665803107063626,1.686985568738731,0.5153506203757614,96,55,9,1
1829,60.96666666666667,-41.20719189839592,-1.5511701091500072,1.2080955922928496,3.441175288052526,1.5024870550963876,0.35349502580140485,91,56,9,1
1830,61.0,-39.496643350675,-0.5150188885973463,1.012628513994386,2.624825977863253,0.8963576885245484,0.3583907194664017,88,51,9,1
1831,61.03333333333333,-39.039435507484335,3.4706246131597283,0.9373574767790416,-0.2823494893866174,1.4555872634828917,0.4338181476159363,91,57,9,1
1832,61.06666666666667,-38.428367609813456,2.3570274223639025,1.252532446969198,0.4583591293503515,1.5871760644487314,0.17324524591534382,84,47,9,1
1833,61.1,-38.306208876989224,1.7560569844029281,1.231539900444801,0.9587191608555414,1.9486441731686333,0.41444367400992554,92,53,9,1
1834,61.13333333333333,-36.8122244059761,2.995796375494077,0.9490733281972865,-0.07118874717010396,1.6079598653712945,0.4103368426484591,91,51,9,1
1835,61.166666666666664,-36.30857229730839,0.7029058001067803,1.0992576183974023,1.509331694450846,1.7178418947267176,0.26270411848900155,83,48,9,1
1836,61.2,-34.887945108689394,2.2117261813266538,1.5344287938966374,0.360241317258284,1.3590917228812367,0.6129652234118121,86,50,9,1
1837,61.233333333333334,-34.935616333406045,1.211899510089907,1.6900271608766246,1.1038710585666602,1.976319957044899,0.30579184492029354,80,43,9,1
1838,61.266666666666666,-33.57657356561157,1.2648683718830256,1.3439246033954646,0.979025689016212,1.608732887561328,0.28417343571530174,83,48,9,1
1839,61.3,-32.55914271191957,1.9875179170476507,1.27564589684971,0.36424211550583746,1.585668671147594,0.4117246216334887,91,47,9,1
1840,61.333333333333336,-30.768924894245657,0.6180989921219435,1.4264338164611274,1.0943164085659818,0.7739235579257457,-0.1396611983875845,84,50,9,1
1841,61.36666666666667,-31.45989959923225,-2.679928112459546,1.0668904192966266,3.5593539846158695,1.6630607936161887,0.34535405720706513,78,43,9,1
1842,61.4,-29.972011129406667,0.24611700659326985,1.3235897014792926,1.4332124041285996,1.4548534052225157,0.3355477217189581,82,56,9,1
1843,61.43333333333333,-28.78105488264123,-2.6441036072287005,1.2178677138292073,3.4411680301760086,1.0797504093166124,0.4400657888519721,81,51,9,1
1844,61.46666666666667,-27.531896655048513,-2.365637602087862,1.1270413717888204,3.0997974105108677,0.8560448522204325,0.2674301144512478,84,54,9,1
1845,61.5,-26.83292360695782,1.0803440321424986,1.4975308888513865,0.6444109850860947,1.1049834850972118,0.3255692677003176,83,50,9,1
1846,61.53333333333333,-26.85327475494802,0.43997180753644116,1.1975468784124388,1.0407204879709275,1.677285295524533,-0.01417778352088208,77,44,9,1
1847,61.56666666666667,-25.750691294729343,-3.396125373757041,1.0732176075002684,3.8498874786170125,1.256567572583197,0.43884031630490394,78,47,9,1
1848,61.6,-25.178257763542657,0.23817853843859993,1.0975663663166557,1.0808594969121172,1.6863260700042615,-0.10775649021330193,77,44,9,1
1849,61.63333333333333,-23.497541293426103,0.6742858770662892,1.5386377474567894,0.797303283277448,1.1045700350134664,0.4243626054108536,74,48,9,1
1850,61.666666666666664,-23.131228581765388,-2.854415182307065,1.2307399343228127,3.30875285569957,1.2965996993173823,0.23674479724407535,76,45,9,1
1851,61.7,-22.7083704391904,-1.4310228548585329,1.6949566592268326,2.2587954046077914,1.655505822766048,0.13074873834665054,76,41,9,1
1852,61.733333333333334,-21.761055003493585,0.42388924532243877,0.6857361322592936,0.7640881459522921,1.7113676796884985,-0.07418422632401989,75,41,9,1
1853,61.766666666666666,-21.258011647529457,1.032050689892909,1.129014136908566,0.39064640021178026,1.9562263138335805,0.005935505474668395,76,42,9,1
1854,61.8,-19.586518260318385,-1.156651033317928,1.363704185168146,1.9104921500212457,1.243294241452301,0.26383946344451586,72,47,9,1
1855,61.833333333333336,-18.785921903588076,-1.4618642460125457,1.3584629376172899,2.087449792101872,1.2909812369426927,0.24707515500220262,73,45,9,1
1856,61.86666666666667,-17.689312738230413,-1.1190021907824352,1.092072578994049,1.6640082369199525,1.1568844046751892,-0.24524860638282428,82,45,9,1
1857,61.9,-17.299657135898546,-3.6089779891218043,1.2480438032391277,3.471499989097362,1.3246644163971515,0.17622384919190054,72,43,9,1
1858,61.93333333333333,-16.076893355171208,-4.620677278702846,1.173471892605221,4.107224353061297,1.03552524234178,0.3388087102907129,72,46,9,1
1859,61.96666666666667,-15.350103589810985,-1.1453407020517687,1.2416515521647682,1.620093975674294,1.2583940639948556,-0.1362011227627625,75,39,9,1
1860,62.0,-13.371151894704845,0.30986357089303596,0.6835700398077051,0.443758230326677,0.5386515378828776,-0.14806202143284278,72,41,9,1
1861,62.03333333333333,-14.083424586198994,-0.013937410264617256,1.178408631945885,0.7867132745665525,1.660505652404127,-0.05077151635272443,71,43,9,1
1862,62.06666666666667,-14.11130772521376,-0.6467347894081712,1.148533179513663,1.2048713612205166,2.203215543363525,-0.32446347518756014,67,41,9,1
1863,62.1,-10.625590959710934,0.0580827785457636,0.6916149033448988,0.46816937207611115,0.385044698811778,-0.1584487574218801,75,41,9,1
1864,62.13333333333333,-10.848408123920208,-2.077166912927723,1.4386439595456295,2.0679789714098424,1.1204055997491227,0.25870537366306684,77,48,9,1
1865,62.166666666666664,-11.074291897738192,-0.48012539619405814,1.4883728250362225,0.9278891483975413,1.872214010857039,0.1627249944230992,79,48,9,1
1866,62.2,-9.801536926256205,-3.058689503736108,1.1954604032772522,2.7242043608251696,1.4766700600228277,0.013455661398018562,74,42,9,1
1867,62.233333333333334,-9.928040727493666,-2.8791566915377658,1.3754800978333037,2.5881528376253753,2.1826642063048514,-0.2186118378743861,65,43,9,1
1868,62.266666666666666,-7.544776331277177,-2.701571790429796,1.4105786200717318,2.33474250229853,1.0777592338628936,0.39665504269994584,70,43,9,1
1869,62.3,-6.698072899234269,-1.9426230647620812,1.1137419319259294,1.7965735091872264,1.1306552425657794,-0.34365885440437766,67,45,9,1
1870,62.333333333333336,-7.827696624292102,-3.5372970268492843,1.3701519839246004,2.934455666294184,2.4377481278360364,-0.12353511254679025,64,40,9,1
1871,62.36666666666667,-4.639307348424836,-6.28621750591666,1.193732169695508,4.705220552155663,0.6241144321064388,0.25280834159561155,70,45,9,1
1872,62.4,-4.248337853807612,-2.4594571474555025,1.134255091291891,2.0089262546805675,1.1539702976496684,-0.3721126843998314,70,44,9,1
1873,62.43333333333333,-5.624663882943942,-8.319045069484169,1.6043411680286397,6.123596138470659,2.299601822490089,0.3010465481103602,68,43,9,1
1874,62.46666666666667,-3.023073961935104,-2.5747699385117713,1.0559233023402612,2.0257153474250305,1.1228417411646254,-0.16582824758544454,64,40,9,1
1875,62.5,-2.1555794119091587,-2.388166500621054,1.5942493700110987,1.797531552684449,1.0401821423376778,0.4153298488461287,67,38,9,1
1876,62.53333333333333,-2.896917821182612,-1.1101176727134572,1.4143768566089392,0.9695698317552243,1.7881150120860874,0.002559144782165679,68,41,9,1
1877,62.56666666666667,-1.7868280175889666,-0.8599199971343516,0.6959493258709273,0.7527431807579338,1.0478318452674913,-0.17518341420365838,65,39,9,1
1878,62.6,-0.9040836728719199,-1.3698586647702733,0.37420994219759507,1.020316447101158,0.4553401640679011,-0.41202101776523403,62,40,9,1
1879,62.63333333333333,-0.6401429071554929,-0.5293264823546409,0.32873163718950593,0.4370903110505685,0.42092353467137883,-0.10865572033299414,65,42,9,1
1880,62.666666666666664,-0.8976104258013677,0.19392346225267687,0.1876379045192067,-0.05997446470334803,0.6119312277166998,-0.10347168746372079,63,37,9,1
1881,62.7,-0.39351344629562846,-1.2372012212412855,0.450735871151835,0.9079309202909286,0.2607030166775975,-0.034232445846568246,60,37,9,1
1882,62.733333333333334,-1.5674634298220909,-4.225980680389441,1.2522863417307661,3.064956303423635,1.0029540463012327,0.3731801547696954,61,39,9,1
1883,62.766666666666666,-0.9418660116199575,-3.0185399959631276,0.8031451381632024,2.2172762154466157,0.561607462981675,0.23909529740670118,66,44,9,1
1884,62.8,-1.5738817030074017,-0.1936207605093756,0.4727178765027986,0.27165885706211396,1.1279616287633685,-0.0927034057515907,65,40,9,1
1885,62.833333333333336,-2.4261019951057605,-0.7737738137359962,1.2130645463548575,0.7082564217260314,1.7743951645312932,-0.06727014095067022,66,40,9,1
1886,62.86666666666667,-0.561315697408034,-1.9949279009991976,0.49148498625140746,1.4482430374250244,0.3147658856423388,0.08324643101830974,64,40,9,1
1887,62.9,-2.222626656671153,-2.894779828773345,0.9965322199004447,2.1775319883736763,1.4831599889535376,0.03482248797146928,64,40,9,1
1888,62.93333333333333,-0.8257495456791162,-0.8565637789708234,0.3454718069362315,0.6492533239422358,0.536188203897557,0.06171023580953742,64,38,9,1
1889,62.96666666666667,-1.4875774615841522,-1.676196568181318,1.1713426214051452,1.2752428770989443,1.0425634250199327,0.278428867763623,64,41,9,1
1890,63.0,-2.2948205330953186,0.5160672073569827,0.5288678372495212,-0.1869010925718141,1.4984335475898611,-0.10502353246423739,66,40,9,1
1891,63.03333333333333,-2.157582606005427,-1.7426449320859305,1.2747404098792714,1.2811584369380398,1.143740513879902,0.5594994530426969,66,43,9,1
1892,63.06666666666667,-3.115917318052304,-3.5967223625051545,1.3170384791577874,2.7324412576909882,1.452741621851642,0.08521791732840027,67,41,9,1
1893,63.1,-3.799532796850599,0.33098383100894324,0.7583869328067436,-0.005686879438438431,1.6837870858400636,-0.05486791524184195,64,43,9,1
1894,63.13333333333333,-3.7055939165762766,-1.738144458612215,1.0241815538264802,1.4264586412996405,1.0349793917920664,0.2916292184930734,66,41,9,1
1895,63.166666666666664,-6.494367672785295,-2.3867406460529565,1.2492159516430377,2.0170765303264555,2.4596134062100203,0.11254844650856516,61,38,9,1
1896,63.2,-5.843884457399547,-1.9947561814770083,1.0620641222416225,1.7240599338378138,1.4508241780880986,0.013940442396444484,67,42,9,1
1897,63.233333333333334,-5.798446899137446,-0.24516295342768046,0.8093272596113792,0.49752870014545114,0.891596874198083,0.150507981764492,61,43,9,1
1898,63.266666666666666,-6.718399808783204,-0.8550548053915072,0.9273628397203026,0.9808706726703028,0.8855827892210519,0.30554120524401274,63,41,9,1
1899,63.3,-9.303020376054853,-2.4330549070140997,1.1661917678371907,2.237628044044803,2.0282739518850095,0.07441992333391731,67,46,9,1
1900,63.333333333333336,-8.745623231097149,-2.43011901991137,1.2980049756944396,2.1996750485155503,1.0308092670601132,0.3539117587701787,67,50,9,1
1901,63.36666666666667,-10.035103116221535,-0.39594810923933466,0.8627301578206357,0.7932950492058226,1.47859071868958,0.21365502800898026,73,41,9,1
1902,63.4,-11.631914112841429,-3.120305052518013,1.553727096054459,2.8075218748920783,1.9036717076965792,0.20384649353557702,71,39,9,1
1903,63.43333333333333,-10.764492323754645,-3.061157792313381,1.6850180019261956,2.725535242817853,0.6707084825968307,0.3955717926873483,74,42,9,1
1904,63.46666666666667,-10.816873447734842,0.6688244335482132,0.7025290560884372,0.0859503138363734,0.310360339180399,0.46012244700301563,69,43,9,1
1905,63.5,-13.32427861694562,-2.0284990998447014,1.2025823696914273,2.1198852981383762,1.3046519505929515,0.05297970537835546,72,45,9,1
1906,63.53333333333333,-13.959228596031686,-1.5666048229710192,1.2014068060164647,1.8196009370081807,1.2473608786505888,0.26444307346308427,72,46,9,1
1907,63.56666666666667,-15.542864844320675,-0.14779150362287652,1.33176111288455,0.8900373214894751,1.823616905801884,0.2259483769876007,75,44,9,1
1908,63.6,-15.195575715432948,-0.14408662227682711,0.8335859795029137,0.9086558606396045,0.9822984189888114,0.3185675380017141,76,52,9,1
1909,63.63333333333333,-15.562684303221705,0.1397154033736392,0.9561908188944699,0.7155379820701012,0.671860297497009,0.3912424218727135,73,62,9,1
1910,63.666666666666664,-17.42093392702095,-0.3769966791685597,1.087974380605857,1.1476215182011233,1.3108292639636634,0.25510205346763465,80,46,9,1
1911,63.7,-18.67478702190233,-1.3403351280233728,1.0968090599040323,1.9401758524392607,1.5949178956254382,0.2650682819073894,73,42,9,1
1912,63.733333333333334,-19.178925942514315,-2.215428208200631,1.359279539085719,2.6275952223950485,1.284746002720809,0.40599181843680276,76,51,9,1
1913,63.766666666666666,-19.41241296018479,1.704286198494188,1.4086924740365845,-0.1581274853945065,1.0563084883385536,0.43356874664857925,75,45,9,1
1914,63.8,-20.06094126163151,1.8044047796873492,0.6587949554985641,-0.23192505975091454,0.9285437993792991,0.30015960580752665,80,47,9,1
1915,63.833333333333336,-21.059943008730045,-0.2803080527282056,0.9980507576604793,1.2961101034599423,0.9327859715920404,0.2268076896723961,76,42,9,1
1916,63.86666666666667,-21.512532074171357,1.006518127902826,0.8279043573770508,0.43669984264407563,0.6926980535259256,0.4383520719047912,81,49,9,1
1917,63.9,-23.050759896798205,2.2798442269729016,1.178375707458187,-0.3528258897756845,1.2929895179550812,0.5730542416920515,80,43,9,1
1918,63.93333333333333,-23.72715044163386,1.150764093529478,1.0860066802452195,0.4616940890179461,1.1619438002477889,0.5648298278948327,76,54,9,1
1919,63.96666666666667,-24.06358230736248,-0.5760772939044614,1.1543890056287154,1.7211884634124097,0.6843938074637141,0.42618824209974915,81,57,9,1
1920,64.0,-25.550381003758208,1.2834386619542606,1.2597050767968057,0.47186354037737743,1.1965654679809197,0.5629328211473186,77,50,9,1
1921,64.03333333333333,-26.227270595200295,0.043392765573258885,1.2388284738383106,1.3986464032975336,0.9999237051372574,0.49746208328988434,81,49,9,1
1922,64.06666666666666,-26.764264107866413,2.4371002052565274,1.1847976800164446,-0.30430829576679913,0.8944007473863586,0.6419334639676063,82,48,9,1
1923,64.1,-27.559083294596636,4.183602333986805,0.9673322283396288,-1.4435660743369474,0.9724538211694321,0.6235090781299403,72,39,9,1
1924,64.13333333333334,-28.442013098387584,0.8327195051634213,1.1738464629018068,0.9817752571070542,0.8214113122549064,0.5177699182171677,74,53,9,1
1925,64.16666666666667,-29.714182983761432,1.0227858116243738,1.0943081186785406,0.8961066511207313,1.083601627263077,0.3723502097763359,81,55,9,1
1926,64.2,-29.115668440260983,0.8665678312038736,1.3741713399563906,0.8941903200516437,0.10090875381332536,0.16995288204521863,78,42,9,1
1927,64.23333333333333,-31.29443412280651,2.1122272473011208,1.2515006608782357,0.21580864767562974,1.0904813689510624,0.48590224583935876,79,45,9,1
1928,64.26666666666667,-32.48978139092799,0.5891573570781112,1.1006752281431744,1.3624183289510952,1.2584045684354603,0.43155622648661646,80,52,9,1
1929,64.3,-32.913672221698654,1.234855533006197,1.0823578346290077,0.9615398009311613,1.0170568511675384,0.5769348699934251,87,64,9,1
1930,64.33333333333333,-33.96062958019055,0.8017802512113583,1.150438002694358,1.3022677286440887,1.0893051764047412,0.4277808123862019,82,44,9,1
1931,64.36666666666666,-34.94145162147137,1.8368749763030117,1.0019151832616586,0.6322350315928372,1.2375480777740766,0.48579646420098993,82,50,9,1
1932,64.4,-36.11194443229844,1.042656595621807,1.1760301896852496,1.2954304384924493,1.4140322512428694,0.7381933239545098,89,55,9,1
1933,64.43333333333334,-36.68928697039167,0.8054866947401038,1.2171524991686056,1.4331594456226096,1.221515236407473,0.4308932144216537,80,48,9,1
1934,64.46666666666667,-37.54364715161633,0.7091076081279368,1.1982776420461931,1.5735492635157846,1.2248892880750193,0.4642939068836842,84,46,9,1
1935,64.5,-37.57125772426025,2.503714240873581,1.1086316192403416,0.2819301742666816,0.8285229385278281,0.5758521821140427,84,49,9,1
1936,64.53333333333333,-38.277189105800005,2.573466880761657,0.9990507964573254,0.24954425979835962,0.7544071343202058,0.5889231341040672,84,54,9,1
1937,64.56666666666666,-39.981968451331234,3.235856954286202,1.1057678717364183,-0.047459947905648954,1.2898109598260061,0.7807465751156181,88,47,9,1
1938,64.6,-40.1104362728057,-1.9259625671446585,1.3307472447959157,3.6065721046745316,0.439842300405282,0.5626874783467946,88,49,9,1
1939,64.63333333333334,-41.750990298824185,2.8308476209039277,1.4086363857157096,0.3673743770095177,1.2352136221683025,0.6377997092262317,84,49,9,1
1940,64.66666666666667,-42.99389163670588,-2.6480428402138827,1.259400737981025,4.302574945976645,1.2739985660584479,0.4462406426033448,86,48,9,1
1941,64.7,-43.07300963849749,2.814957944629345,1.3306292183461892,0.4282744333436237,0.9976402195109129,0.6187177121269478,90,64,9,1
1942,64.73333333333333,-44.19385003246372,1.4471729260170356,1.3758008376319282,1.4680137210275206,1.177993728658926,0.5448096572983,91,61,9,1
1943,64.76666666666667,-44.63370633128266,3.4660025427572343,1.1898934259171199,0.08552999966432304,1.0039051868845812,0.694701059980841,95,70,9,1
1944,64.8,-46.38680028723409,-1.0704728785907989,0.8800714847219382,3.350418399839225,1.3991789213676427,0.6082013780180422,96,58,9,1
1945,64.83333333333333,-46.04758597681465,2.4646917485399022,1.3938000467039444,0.8040470568053295,0.784244531992657,0.3461973498186995,97,63,9,1
1946,64.86666666666666,-47.516063062125376,2.506684172335138,1.1181497453187461,0.8793012932715936,1.24380554404835,0.5002417538851669,92,50,9,1
1947,64.9,-48.64855205715867,3.7084703820149336,1.4279439281552158,0.20009875004699595,1.354721590456067,0.6620323876056355,89,56,9,1
1948,64.93333333333334,-49.593047736702324,3.7363345149184326,1.4355241445460365,0.19973394837444844,1.3807982489956296,0.6787624964369461,100,57,9,1
1949,64.96666666666667,-50.357882620687974,-0.22904519865739914,1.1981103539158937,3.03120852618379,1.2569325528203046,0.5465170387950459,97,60,9,1
1950,65.0,-50.637761981526836,3.2884815651436057,1.3055700475110399,0.5586728758661395,1.0277176963845012,0.6149091270987108,95,48,9,1
1951,65.03333333333333,-51.11734706376091,5.046000749256191,1.490552297632476,-0.6297115569771856,0.8766718160089112,0.7304502332381169,106,65,9,1
1952,65.06666666666666,-53.02093881577423,2.1951947078169844,1.1778204054157584,1.4722255560541502,1.4314621857832774,0.51899814816773,97,60,9,1
1953,65.1,-53.178018759444484,3.940577541727148,1.4096927055628186,0.2980707540610569,1.0352292171362152,0.6754865467478925,98,81,10,1
1954,65.13333333333334,-55.13073126651069,3.8625680037295815,1.5773143087091626,0.5026546086794925,1.7182042959568904,0.7195115345171127,85,51,10,1
1955,65.16666666666667,-55.49737722894205,3.245968583390386,0.8420442794766245,0.9325191719705659,1.5224737012115495,0.6126252358829612,77,51,10,1
1956,65.2,-56.26807868222717,4.088528900894673,1.109526963644882,0.41718959340265166,1.4480819158566551,0.7119621318501946,81,52,10,1
1957,65.23333333333333,-56.2630408977421,3.2006741535381167,1.0714766047367448,0.9696781853481765,0.9539959359361263,0.5542255971137668,80,42,10,1
1958,65.26666666666667,-58.127365358662644,3.3483857388428646,1.2583812832668002,1.012528765267634,1.4752254027476945,0.6678911677412949,78,52,10,1
1959,65.3,-58.836653089784775,4.110812479994802,1.1313537443322161,0.5447823435506838,1.4408903246511824,0.6911316589871592,82,58,10,1
1960,65.33333333333333,-58.732335721939045,4.8041082577341605,1.5082232577772459,0.014806712402325652,0.8515265996631679,0.66511651003619,81,47,10,1
1961,65.36666666666666,-60.868461432148294,4.157908933192015,1.5990014180839012,0.6058557504382232,1.6148849680839017,0.7338508612848867,82,44,10,1
1962,65.4,-60.14354614193948,4.783510291763143,1.374148332615377,0.11542128147793766,0.6786286163571633,0.659465222381,81,55,10,1
1963,65.43333333333334,-61.76292847842861,4.799011483349339,1.3343371057022608,0.25552628157747914,1.1364122647922874,0.7292524483364219,80,68,10,1
1964,65.46666666666667,-61.95510733004177,5.188755867898937,1.4361361355269224,-0.028244352585312656,0.783735590174834,0.7919458673555098,77,57,10,1
1965,65.5,-64.24923938186973,3.5387954059813147,1.6025077819340652,1.239528003108061,1.6223111950929001,0.7856356595442641,85,46,10,1
1966,65.53333333333333,-63.792308717705886,5.290141195821697,1.4848595927308423,-0.010339777476404991,0.8595748841468035,0.68447419389987,77,51,10,1
1967,65.56666666666666,-66.54172246724426,4.298359582276916,1.479680043191678,0.8709907979319751,1.9442525126631771,0.7447991084860046,74,45,10,1
1968,65.6,-66.3167527824876,4.808275688844642,1.3524792089219915,0.5401768668990218,1.3501010695415279,0.7229769538568771,78,61,10,1
1969,65.63333333333334,-67.03387039448798,5.628257764066955,1.2360627246799822,0.07366295404671684,1.3697876524144228,0.906397252624278,81,48,10,1
1970,65.66666666666667,-68.12021616291275,3.8064164997132863,1.5484663373836156,1.3201880729486275,1.3345032048114753,0.6990778861528094,76,57,10,1
1971,65.7,-69.35907965525365,5.756567800445598,1.352362179834671,0.055467090257100275,1.6197973335361056,0.7067958197975853,79,55,10,1
1972,65.73333333333333,-70.10663660925667,5.837117877861253,1.6083144380603613,0.026764069432831054,1.6185686587329116,0.8265221467271504,78,45,10,1
1973,65.76666666666667,-70.82417147422687,5.106087302775869,1.5737130931621266,0.555495272256178,1.4682220021930716,0.705729612101364,83,55,10,1
1974,65.8,-71.3323417735408,4.724519018288877,1.5810941914772343,0.8643288452350033,1.2874633453726443,0.7688480839196989,83,62,10,1
1975,65.83333333333333,-73.20382866019335,7.189311750254774,0.9428025555909869,-0.816012819051136,1.9718653759243374,0.6916310133762394,80,51,10,1
1976,65.86666666666666,-73.74485668325606,4.099014808301828,0.9745985746621386,1.4788696479237182,1.7922892829362624,0.6884743255825072,83,51,10,1
1977,65.9,-73.85251634734229,4.615049156147851,1.6685698870129926,1.0996226219498453,1.213288382052401,0.744427304278308,83,60,10,1
1978,65.93333333333334,-74.82098564405852,5.462251979688691,1.5136450873387446,0.5991959713435961,1.3639603779012952,0.719119570469518,83,76,10,1
1979,65.96666666666667,-76.16027772096304,5.569902991515367,1.3259113174507178,0.6864823621629516,1.6825446954068752,0.8294179633029278,78,59,10,1
1980,66.0,-75.90326333848908,8.084478679750738,1.6122502004997443,-1.157821711154982,1.1704255856832975,0.83968828432726,78,59,10,1
1981,66.03333333333333,-77.84834235455799,4.843845828421529,1.5430315137256088,1.1553978099555997,1.625984293195526,0.584422128007923,85,57,10,1
1982,66.06666666666666,-78.98877260911004,4.308145275482701,0.7653256917446498,1.6211326859872175,2.00047053629558,0.6134046064267021,80,47,10,1
1983,66.1,-79.46904138245029,4.68415070806628,1.1935857414771363,1.4298437448606578,1.6568487780071501,0.6922139471105881,70,45,10,1
1984,66.13333333333334,-80.16262257100452,5.598404716970837,1.4993016707874744,0.8467205858967052,1.4851778327097327,0.7458125684300715,73,51,10,1
1985,66.16666666666667,-81.656836405038,6.265833712615539,1.2731682602978083,0.44865784944073106,1.9503846911845664,0.7107421950921106,66,44,10,1
1986,66.2,-81.75915914949962,6.078652724611956,1.399326441300488,0.6560531838561602,1.4953105407992673,0.8348336564121109,69,45,10,1
1987,66.23333333333333,-82.22075647465631,6.411056283529561,1.703321110491956,0.3892791484936742,1.2588373515449327,0.7401029935794563,68,55,10,1
1988,66.26666666666667,-83.46716613235523,6.6241680600004,1.4158749930931123,0.3421484445770036,1.5084985204897308,0.851661786660526,72,52,10,1
1989,66.3,-84.02193755822108,5.197758570639561,1.6030087476767534,1.3377718720193446,1.2763830281816178,0.7832857222557922,76,57,10,1
1990,66.33333333333333,-85.7199650977023,5.982762463818769,1.3599975104003335,0.9604937054722121,1.9161414312504965,0.7936050632233159,71,44,10,1
1991,66.36666666666666,-86.94259626228472,5.412375674717808,1.1912462594840605,1.3152056402226464,2.033482777304095,0.6900899675658271,69,45,10,1
1992,66.4,-86.98881164479474,6.042504612987635,1.5922191647086237,0.9455175928834015,1.5699211731327023,0.795029153271385,68,54,10,1
1993,66.43333333333334,-86.88446102551579,7.923803880913972,1.7484688928978613,-0.3438491463959427,1.090762705277333,0.8481334419458983,66,52,10,1
1994,66.46666666666667,-89.08769579929529,7.347752436762775,1.349854101056124,0.322851042787104,1.8784138125775571,0.989125709206704,65,48,10,1
1995,66.5,-90.08179400778414,6.1892271945899395,1.573266450381496,1.0600205437915315,1.9854055052659212,0.716125529111256,63,46,10,1
1996,66.53333333333333,-91.29084039001438,7.6095007504295324,0.9592284427303639,0.24430137554966352,2.2813446544659626,0.8726337681531022,56,39,10,1
1997,66.56666666666666,-91.2996581417438,7.227372157072303,1.572099810687618,0.38692434480035826,1.692020725052445,0.8105702761802471,58,45,10,1
1998,66.6,-92.09558758397273,6.707958996079292,1.5145724106290572,0.8363370787251473,1.603533972976513,0.758210555802591,57,40,10,1
1999,66.63333333333334,-92.84335989122029,7.140367039847625,1.7209389443693652,0.6467276867755978,1.5626319210175703,0.8790759585804357,57,50,10,1
2000,66.66666666666667,-93.34481835090492,7.332612313762816,1.6481435571982104,0.5165651916127949,1.4273965596056921,0.8338476900933994,53,37,10,1
2001,66.7,-94.68352463758809,8.8376118159403,1.307563212230221,-0.38578794064361405,1.864838616794404,0.9384227243740068,59,38,10,1
2002,66.73333333333333,-96.22584342264062,7.460609715669875,0.8781058229150602,0.7473221578806829,2.228071546478193,0.9414576976139807,57,36,10,1
2003,66.76666666666667,-96.02731930789295,6.624829778156048,1.6888151721185523,1.207230349222615,1.4031977844628685,0.8543082357217049,52,39,10,1
2004,66.8,-97.62397051034813,7.632145638307655,1.3580369508903232,0.6431826375007356,1.9941879159487013,0.9617383024452183,56,41,10,1
2005,66.83333333333333,-98.74364253972126,7.82703270768711,1.1216991422617184,0.4469430732986439,2.1922810502196,0.7901890157862572,54,37,10,1
2006,66.86666666666666,-99.5884386248074,6.394058082525383,1.1091793158356893,1.5687792571469208,2.232597444167861,0.6996354110078337,46,33,10,1
2007,66.9,-99.19369578633348,10.596913460773152,1.262112659374452,-1.3653492222740629,1.5962132651102272,0.969403072053712,47,31,10,1
2008,66.93333333333334,-101.32923435517009,6.851694076056496,1.39134730881878,1.3918159252194535,2.317733995624083,0.8530207594395747,47,32,10,1
2009,66.96666666666667,-102.16708199267264,7.685508419927487,1.3935413647644026,0.7685197758006491,2.302386616904601,0.7768697354841158,49,33,10,1
2010,67.0,-101.76993433540872,7.075550343290345,1.6948904143446413,1.244385614096669,1.523495548942375,0.7963516421689785,45,35,10,1
2011,67.03333333333333,-102.19832426813596,9.51719480107532,1.4637666539116339,-0.42444212019931576,1.654704650370634,0.827481773467192,47,37,10,1
2012,67.06666666666666,-103.66338944338887,8.056163936863364,1.089152444355875,0.6923668966953058,2.2914503659850465,0.743053478978532,46,37,10,1
2013,67.1,-103.82909412647297,8.192485965376036,1.2221168096029373,0.6512508806742924,2.1043725166832266,0.8591735261967358,44,32,10,1
2014,67.13333333333334,-103.87684718367447,8.33206715456528,1.4406955152656877,0.49628344359379206,2.0778683812776717,0.7942053985858007,44,29,10,1
2015,67.16666666666667,-103.95369493927058,8.214824598811731,1.1646324188651533,0.5995321332923101,2.084875877132021,0.8480767296701777,45,32,10,1
2016,67.2,-104.05724153937899,7.107329123532601,1.7115146240020778,1.3431200512838537,2.0504142344704865,0.8033550438181806,44,30,10,1
2017,67.23333333333333,-104.09912343542544,10.275574974848041,0.7691447740469073,-0.9176444335241104,2.318495692980029,0.8291638520603831,46,30,10,1
2018,67.26666666666667,-103.04616955383702,7.360957600903248,1.612684303860462,1.108979699132421,1.3799774186338576,0.6624276389659941,41,27,10,1
2019,67.3,-104.41029100409983,8.149933464096705,1.4066646650806405,0.6318882238450834,2.3517519308112442,0.8071504226671252,37,25,10,1
2020,67.33333333333333,-104.55200775165245,9.176784883535689,1.2277006553194951,-0.017328035429323926,2.4927472203442558,0.7992723326108508,43,34,10,1
2021,67.36666666666666,-103.60650699092679,8.415693118678476,1.572631160387573,0.37198503887757284,1.863046909744775,0.6370409191317827,42,28,10,1
2022,67.4,-102.93055843132565,10.766842143624764,1.8758846109569731,-1.279815398156727,1.5087870485979802,0.9120563082777173,39,30,10,1
2023,67.43333333333334,-103.1364376931074,10.277315633936325,1.5726617266339105,-0.9009146690664943,1.5830314882489884,0.850719423283332,41,29,10,1
2024,67.46666666666667,-103.63295034745107,8.566679517787598,1.402945874637993,0.3140424013023879,1.8491359062269739,0.8102173717293556,50,37,10,1
2025,67.5,-103.97075919540114,9.052716712807097,1.1638829344086332,0.01485118661430563,2.074297621416142,0.8251226367951935,45,33,10,1
2026,67.53333333333333,-103.17438784296908,8.844742530985698,1.7530626635100646,0.12662668164744134,1.6030011543406508,0.8130286326799583,46,35,10,1
2027,67.56666666666666,-104.0765611288644,9.473849086304384,1.3431690833292862,-0.18160537528504206,2.1988619977857686,1.023755623145817,43,35,10,1
2028,67.6,-103.59548608147514,8.477188597091988,1.2412990131302024,0.4217835630560753,2.0267165457410528,0.8227428117048546,41,32,10,1
2029,67.63333333333334,-102.97099239729081,9.391854569351302,1.58014040844931,-0.2750396115290264,1.940341957572416,0.80936072630805,46,32,10,1
2030,67.66666666666667,-102.66688404924162,7.276478177969729,0.9455267056702894,0.9779214010334365,2.140592485085281,0.5019394820857732,44,32,10,1
2031,67.7,-102.45176506188255,8.841433447440679,1.0992575023232973,0.06484927611654007,2.4365738351748054,0.7601109266853882,49,37,10,1
2032,67.73333333333333,-100.53416802842685,10.370028559391834,1.2319493728479785,-1.1334387672782842,1.8642795666255465,0.746771429486018,48,38,10,1
2033,67.76666666666667,-101.19842921562436,8.308156281845264,1.0422543723611994,0.3535023258316802,2.5775651583050307,0.8267310507806611,49,33,10,1
2034,67.8,-99.11802635132094,8.090153627790528,1.351856897117088,0.30380185038493707,1.7551850855658255,0.6420318783050928,51,42,10,1
2035,67.83333333333333,-98.96353883385675,8.371543491810414,1.3218751996943041,0.23161449156765201,2.1931112507106474,0.9131517727388174,52,40,10,1
2036,67.86666666666666,-98.09104116762285,7.547728939905177,0.9560229901799318,0.5702770442044556,2.2034040821921,0.7110747339373393,50,40,10,1
2037,67.9,-97.17292990403718,6.740113556128833,1.3335801470788198,1.1017031192286655,2.05125576247071,0.722069989662168,50,34,10,1
2038,67.93333333333334,-96.60199666231706,7.85750242537015,1.0834070938398668,0.39369290043558075,2.281435345475613,0.8598043645313506,54,39,10,1
2039,67.96666666666667,-95.04786751371998,7.0147626797227005,1.5727244639844287,0.732914993818198,1.7811670678645892,0.6925149132182365,52,41,10,1
2040,68.0,-94.67490426018114,7.8272122006480345,1.2588419105718316,0.1820029487339758,2.159962646893139,0.7198548837718947,54,44,10,1
2041,68.03333333333333,-93.50488527796244,8.056108225708584,1.390522387033883,0.009473302917840406,1.8998475279213047,0.7797284775619864,60,43,10,1
2042,68.06666666666666,-93.49125096301555,8.678329823195682,0.5430302295424809,-0.552984746808995,2.4770005892021882,0.6433836278439722,48,31,10,1
2043,68.1,-91.86506868040783,7.302605513607666,1.3428500907575511,0.3788820766952085,1.8570792325735201,0.7099346934006238,60,50,10,1
2044,68.13333333333334,-91.48811750956895,7.818150070042229,1.2683290381252021,0.010602800901616225,2.2568957683547732,0.7198177019856616,59,43,10,1
2045,68.16666666666667,-90.46804817748713,7.292844367094723,1.2716356224807868,0.24324585623419567,2.1781375400863943,0.6011846987661448,65,42,10,1
2046,68.2,-89.94609834208674,6.883965212405975,1.028313396148775,0.5466719642940328,2.310169357361949,0.7344539240148683,62,50,10,1
2047,68.23333333333333,-88.66236066844145,7.405540922752074,1.0375869169646421,0.028344464969761698,2.111330601185724,0.6078726654665532,61,46,10,1
2048,68.26666666666667,-87.36709884602308,7.231185504109554,1.4518189628721245,0.17490599291825035,1.7322973634901553,0.7489148417851393,60,38,10,1
2049,68.3,-86.78157864477117,7.489057311927297,1.2995136943007708,0.014911177024268668,1.922279056954128,0.8195777068643632,60,42,10,1
2050,68.33333333333333,-86.26631929417704,7.1679595509478276,1.1125465626640931,0.2273405203743766,2.137788478743516,0.7894467613021199,67,49,10,1
2051,68.36666666666666,-85.15806917123382,5.940741703390852,1.4982295560296848,0.9342387541111398,1.8295432730020207,0.6697171379424224,67,47,10,1
2052,68.4,-84.44098792537399,6.248287019729325,1.402205391740253,0.6050865865136028,1.9921009008473942,0.6433809168818146,68,45,10,1
2053,68.43333333333334,-83.29516247490766,6.501596375075472,1.1703849403857305,0.36669445313295396,1.806218951588256,0.6651011337946695,73,59,10,1
2054,68.46666666666667,-83.1339217712119,6.436275746618243,1.0571156003847335,0.36258449933513237,2.2201726172508653,0.698599297990234,68,45,10,1
2055,68.5,-82.13182605723608,5.761321112992171,1.3237930777560933,0.8171193971055971,2.0748165776115113,0.6533645277160788,69,53,10,1
2056,68.53333333333333,-80.25003140192521,6.536276250003262,1.4162811608633064,0.111843470773165,1.4862526283325825,0.6126318344182824,79,56,10,1
2057,68.56666666666666,-79.7425449446737,4.733044886672115,1.533793941541873,1.3352035924678465,1.5739350893076256,0.5894056651183639,75,63,10,1
2058,68.6,-79.29888397645054,4.883866804780336,1.6520513724225623,1.244315196177708,1.8236475377153956,0.6027526909606331,77,56,10,1
2059,68.63333333333334,-77.67318094927582,4.879646729122172,1.8408061749890408,1.1183171878093456,1.3482939730943544,0.5710047266628162,79,59,10,1
2060,68.66666666666667,-77.97513689358313,5.233090771741228,1.4297404272538188,0.8981699332418706,2.058979543411464,0.6179871605531767,75,50,10,1
2061,68.7,-76.92264737657862,5.361036381407043,1.423507021860658,0.708632335310728,2.0117800380378106,0.5318991197853782,78,51,10,1
2062,68.73333333333333,-75.97163981647813,5.567148393435826,1.1213317332395007,0.4472911908544631,1.9441160667533512,0.5345381310491386,79,51,10,1
2063,68.76666666666667,-74.86676702438055,8.252924791836811,1.626329581149804,-1.3561998069743053,1.643871628754874,0.7225786980324261,81,51,10,1
2064,68.8,-73.5694103404278,6.719799084898234,1.6947211380387586,-0.37811495318589267,1.3736486127337333,0.6759937440042122,79,52,10,1
2065,68.83333333333333,-72.25591957224054,7.704535205483161,1.8220842131477184,-1.184843344208152,1.1811119403577786,0.6133944858180127,81,48,10,1
2066,68.86666666666666,-72.5003363311719,6.838168337475793,1.595634403023027,-0.5026836805528644,1.8264764867391476,0.6849739774066165,81,44,10,1
2067,68.9,-71.19238651141394,5.37729354458099,1.468900719951293,0.4071260924780299,1.551654084083338,0.558804725177669,79,61,10,1
2068,68.93333333333334,-69.94725821018433,5.515280796448966,1.4154365412050538,0.19213800302966896,1.3750548054574592,0.5924758593598057,78,67,10,1
2069,68.96666666666667,-69.0728421115993,4.9227940725106905,1.0824389791195443,0.49005193126947194,1.423930144596164,0.5881089371091088,85,49,10,1
2070,69.0,-69.56128468555978,4.879667886865853,1.522332152717496,0.6701684511549286,2.110000100836327,0.5505414595987066,77,45,10,1
2071,69.03333333333333,-68.73904093116278,5.159315317502163,1.5427019167311755,0.4271695687259209,2.1436545830572635,0.5877650248043194,80,48,10,1
2072,69.06666666666666,-66.05676064902897,5.539149355476177,1.7364732914075205,-0.05230534261873995,0.9284141115437261,0.6123919526256227,85,58,10,1
2073,69.1,-66.42107214274984,5.2583288982709675,1.4031569542040927,0.15045576879246336,1.755685975945104,0.5652576228570791,75,56,10,1
2074,69.13333333333334,-65.81080634890483,5.036310785410105,1.4658181522001001,0.29984542939540393,1.8972675843272608,0.5770697856216852,82,54,10,1
2075,69.16666666666667,-65.13449723388916,3.9726309496318777,1.719132255669848,0.9924799314938333,1.969472819986032,0.5430668339455417,81,47,10,1
2076,69.2,-62.87508348593166,4.528739023725308,1.4728752369322535,0.45115780436850367,1.1176329791077997,0.46232521120593756,82,70,10,1
2077,69.23333333333333,-63.033223366172734,4.643617334342508,1.2193045223075814,0.3860823069127588,1.7221061522267682,0.5413942232515706,83,60,10,1
2078,69.26666666666667,-61.883133121563155,3.6816963698625926,1.3564821263198041,1.0459065326759502,1.4408009120082361,0.6067029827744728,86,61,10,1
2079,69.3,-61.38564886929892,4.8058870850468445,1.1851433048301345,0.15161229999505757,1.765755460892856,0.6370817072477798,76,48,10,1
2080,69.33333333333333,-60.469204533422364,4.356287523073231,1.526746450233233,0.3832801663431586,1.7026802604111029,0.5608191737645359,83,45,10,1
2081,69.36666666666666,-56.386588822224724,4.844950992200641,2.855305881291386,-0.36337172091524345,-0.557925028208573,0.24396484872349805,78,49,10,1
2082,69.4,-58.93158663071982,3.453589747042791,1.61154854152025,0.9882242693029472,1.8234572397817568,0.5064204967604298,85,55,10,1
2083,69.43333333333334,-58.22839418993343,3.6168636236380287,1.409673329103839,0.8353859494794441,1.8087799056558804,0.5741857470270104,84,55,10,1
2084,69.46666666666667,-57.276854915902746,3.8710790867618243,1.5280470275100697,0.6063809517560014,1.7638607497888594,0.5464538719360151,84,51,10,1
2085,69.5,-56.61182092109555,4.542851961475627,1.2755715628049558,0.06319737762727216,1.9448548227848927,0.5250510023001905,82,51,10,1
2086,69.53333333333333,-55.82107938149193,3.5676671218372036,1.5714352861656096,0.7114739008536721,1.8489161488940422,0.5523246688209079,84,47,10,1
2087,69.56666666666666,-53.77842492146212,3.8998519966674117,1.317308828557728,0.34724778630792535,1.2322219066050546,0.5175403011734134,81,68,10,1
2088,69.6,-53.186164663637925,3.185992585802076,1.4145040401145934,0.8004049136514602,1.3629539194708673,0.472257710087776,84,46,10,1
2089,69.63333333333334,-52.59453042471251,1.648420091761576,1.5800889930615227,1.8232688053065618,1.4778274556154938,0.3571486507394807,83,51,10,1
2090,69.66666666666667,-51.57021776763786,4.616041621138034,0.9678778843168203,-0.335549835986195,1.5571755845233746,0.5527779497431352,80,49,10,1
2091,69.7,-51.14020869911037,4.501922903657949,0.8816205459528703,-0.23106018889557609,1.792873995223627,0.5063182954890236,83,53,10,1
2092,69.73333333333333,-48.63006997629079,4.540824702964901,1.8757447115578714,-0.4655797304101903,0.5579475350858737,0.3981158086241668,82,53,10,1
2093,69.76666666666667,-49.420265752678105,2.575888942073014,1.7031543526929482,1.0117866163734992,1.63609581446702,0.5171212644655578,83,62,10,1
2094,69.8,-49.0110021633984,3.131624924613071,1.254347794248332,0.6091897435343532,1.9367509061572856,0.576475346392535,80,47,10,1
2095,69.83333333333333,-46.99441626200509,2.9401499344958886,1.3881134886473774,0.6227409894847202,1.2063354938372322,0.457844447254922,79,69,10,1
2096,69.86666666666666,-47.31994228263414,2.282159505438223,1.7838792438859343,1.1070641201372673,1.846771905437869,0.49822264834580926,79,48,10,1
2097,69.9,-45.751253128909916,2.176589108867372,1.703551444440805,1.1243406432817695,1.4697056862013156,0.5011227193562972,78,48,10,1
2098,69.93333333333334,-45.32887885295284,0.870680744786263,1.526774857376509,1.972959511640146,1.6784093154016808,0.4143497228238736,77,45,10,1
2099,69.96666666666667,-43.698452696244395,4.720907631768046,1.4220894877377361,-0.8485622061349144,1.2614118854138472,0.5011484373295242,74,46,10,1
2100,70.0,-42.43412380948111,1.2192295803510476,1.4461385833192537,1.550365746569375,0.9011754993077706,0.4872896511456588,80,57,10,1
2101,70.03333333333333,-43.246902398750784,3.2767606527872566,1.026246895976655,0.14629699495759793,2.1123283444223326,0.4762241397884788,72,45,10,1
2102,70.06666666666666,-42.54968974704437,1.2375573557996162,1.17024929246233,1.5626955246116359,2.109917797110117,0.4456225177535386,77,52,10,1
2103,70.1,-40.147199211900215,3.2563083145904272,1.4925437088277675,-0.02708266125799024,1.1203093444539391,0.5063593125591775,76,62,10,1
2104,70.13333333333334,-40.60120279840032,1.8942867739785534,1.9443753367678482,0.9793861971275408,1.9257539268616557,0.5377114450517465,78,53,10,1
2105,70.16666666666667,-38.84499826239701,3.617581057268694,1.4608915151181208,-0.3594679153803343,1.3719899108607159,0.45706744498951984,69,45,10,1
2106,70.2,-37.33593875842771,1.3797454913938623,1.2624398511237018,1.0418153709622002,0.9158291813262108,0.19609283207893463,75,53,10,1
2107,70.23333333333333,-37.108880363902735,4.313113727220802,1.2626243992531556,-0.9779759270737169,1.4610168288543008,0.5138974081785737,71,45,10,1
2108,70.26666666666667,-35.7933089705527,0.444715551566059,1.3479061777941297,1.718899553940657,0.9022267575568728,0.4701163038179106,73,56,10,1
2109,70.3,-35.22217621325688,1.2166491383149776,1.2274700037255002,1.042729406391135,1.1606583107656219,0.16838078207349425,73,47,10,1
2110,70.33333333333333,-35.77971195777323,1.3635920606876795,1.2119048941975024,1.076954111084304,2.1163290273347775,0.5876707597011607,69,38,10,1
2111,70.36666666666666,-33.80745465446713,3.21036014999482,1.5475219339384978,-0.29379732027566047,1.3694183797878008,0.3528922224556665,74,45,10,1
2112,70.4,-33.142972693120704,2.6079058360291043,1.1961233111508847,0.041389910360125425,1.603882895344497,0.45856463694708327,77,52,10,1
2113,70.43333333333334,-31.343098713739614,1.409933442532047,1.2188300267790737,0.7225401474246993,0.87570675788425,0.3756401795743657,70,62,10,1
2114,70.46666666666667,-31.658242063106336,4.29880210625895,0.7485757080261521,-1.3276082481070233,1.8678321372085827,0.6327161797545809,66,38,10,1
2115,70.5,-29.631285791822677,1.4467399218690211,1.123948937942174,0.5801932532261777,0.8689656594311204,0.4365507067973608,68,39,10,1
2116,70.53333333333333,-29.51693771592472,0.758180415900096,1.7242969525977685,1.1622006366061293,1.3684764103993448,0.43716412606904503,69,43,10,1
2117,70.56666666666666,-28.888152423782962,1.3026191365557196,0.6235565084545982,0.47720460694296757,1.5883510618617214,-0.057510336807870335,74,42,10,1
2118,70.6,-28.531581506517934,0.5034525814720716,1.799691924393798,1.1904473858715088,1.8361746026963328,0.30945782941772054,71,44,10,1
2119,70.63333333333334,-25.600292364467748,2.7554593916031926,1.2322632819104484,-0.5784966037694962,0.49367052723657034,0.1620927843777157,69,42,10,1
2120,70.66666666666667,-26.224558829197612,-0.5313095159168277,1.380633160436929,1.8602669911153997,1.3918251662833478,0.2997509368040656,67,41,10,1
2121,70.7,-24.97142269777751,0.2823289508197533,1.314871743481973,1.1564229489927762,1.0812291203271351,0.020652083069799845,68,41,10,1
2122,70.73333333333333,-24.18723204987778,-0.4913122886629395,1.9281988248817612,1.7572088912214123,1.1494575990616678,0.30898220162236245,66,45,10,1
2123,70.76666666666667,-23.450835361928135,0.22995751234288164,1.5838947269409545,1.1427542587633877,1.2614203256547696,0.5255225598513736,69,45,10,1
2124,70.8,-22.122710622188173,-0.9092697427993244,1.0946435448389593,1.941937235613396,0.8760110554016359,0.2981596519631707,65,41,10,1
2125,70.83333333333333,-21.059335268862377,0.8583345093800681,1.0883556367809746,0.5568410961969784,0.7315948574717897,0.4129392414145233,68,39,10,1
2126,70.86666666666666,-20.366244118803987,-0.8989430789078661,1.0511344645628782,1.7927066780246501,0.8222434151886935,0.36210479485030006,72,53,10,1
2127,70.9,-22.217288683943472,0.9578321813787127,0.7252256757992797,0.40168123689510865,2.753339526043647,-0.39582858879210275,66,42,10,1
2128,70.93333333333334,-19.797428361732567,2.303779708220521,0.5957041784536301,-0.6090796004110329,1.7841902193094425,-0.06343147368519174,63,40,10,1
2129,70.96666666666667,-18.209616781456237,-2.165447237087964,1.1265929015603149,2.487694479541565,1.0446641258536895,-0.1126973491180458,65,41,10,1
2130,71.0,-18.564730065092938,0.445293122607719,1.6444192311063972,0.6955615170610914,2.017126677684207,0.1631764773838723,64,39,10,1
2131,71.03333333333333,-16.968695793221826,0.798876475638135,1.249751495208713,0.3536870889695105,1.4707259544108,-0.15844114607714765,66,43,10,1
2132,71.06666666666666,-17.01336236372588,1.246119450618501,0.8935074648946681,-0.01899805411242412,2.1379472380030373,-0.12757531454927212,60,39,10,1
2133,71.1,-15.684001748229147,-0.8233889898585041,0.9078823836512981,1.377326517978113,1.6553175752318046,-0.4441080141855099,56,34,10,1
2134,71.13333333333334,-15.586394706116884,0.584891700489063,1.2154714940985372,0.42245000927143633,2.2680597455201807,-0.08414965046618525,62,36,10,1
2135,71.16666666666667,-15.83012591500097,1.0785506221076488,0.7764251019116841,0.04035511649778396,3.136579603150828,-0.39407572796502266,61,33,10,1
2136,71.2,-11.78513424892239,-2.0035666242539243,1.0287966454696829,2.0319100787406996,0.6609920732727674,-0.1657761960568167,63,38,10,1
2137,71.23333333333333,-10.93773764449623,2.5074715239017245,0.6400801209912288,-1.2013099502287612,0.8647656288229972,-0.2822997146579378,60,36,10,1
2138,71.26666666666667,-13.385836386513162,-1.439453405716204,1.3902401284970693,1.721284374707763,3.090986151504925,-0.13754219214454036,59,36,10,1
2139,71.3,-11.256780706843948,0.5847119349745995,1.267161325267736,0.16600742437447397,2.2469211120146713,-0.3456645242857542,59,34,10,1
2140,71.33333333333333,-11.337550232225048,-3.8481402058321237,1.3600523520974406,3.3240850557457233,2.724765351209489,-0.17939840226615378,54,39,10,1
2141,71.36666666666666,-7.858130223306652,-2.4577943190991007,1.1150848227235315,2.156569811012934,0.936317063892086,0.3123279494899403,57,42,10,1
2142,71.4,-8.502418976713898,-3.8704970599442845,1.2028588464561523,3.183094594657374,1.8615067004049073,-0.07175125772923431,50,37,10,1
2143,71.43333333333334,-6.850114425360552,0.20490411695597288,1.07237872085841,0.24607619274570824,1.5321973229480306,-0.23692102368882065,48,36,10,1
2144,71.46666666666667,-5.573417706544177,-3.191615776450263,1.0028146298589888,2.585113894937405,0.9845342893029785,0.1537138272131941,50,41,10,1
2145,71.5,-7.631905917433926,-3.963807628914033,1.536815974245556,3.2194778144552965,3.0494721312797988,-0.2086648445767108,51,38,10,1
2146,71.53333333333333,-5.029289901113636,1.0077306774436252,0.7369712682482259,-0.44591455979442635,1.982014964121315,-0.540064690600394,44,31,10,1
2147,71.56666666666666,-6.2530892583168765,-4.910418935147938,1.5293646295458672,3.7614782052089426,3.019328742065039,-0.06480314070313668,46,37,10,1
2148,71.6,-5.238663595670822,-0.8206219413931493,1.2743021840153546,0.9497784613112902,2.8894687183470342,-0.3690185091848482,47,36,10,1
2149,71.63333333333334,-4.966970652410673,-1.3657193321506114,1.5077153537241799,1.2958172375984123,3.0252564809694173,-0.17028732493166704,51,37,10,1
2150,71.66666666666667,-2.6558686033594654,-1.0057096240517431,1.1716680674912539,0.8653292218112503,1.5977628319000508,-0.3063603294270973,50,35,10,1
2151,71.7,-3.7891630864439776,-4.808965001633961,1.3868156700912522,3.648748752505382,2.328384558457431,-0.17029687995053613,52,36,10,1
2152,71.73333333333333,-4.1440932293913235,-0.38338645633588797,1.127650191687863,0.47892162906410146,2.9593875497721336,-0.14599833647069296,48,33,10,1
2153,71.76666666666667,-2.246904399581851,-0.18959526165712148,0.46418207985773563,0.23073992835414134,1.5669101348518413,-0.12840356654941537,48,34,10,1
2154,71.8,-0.35937371213738345,-3.863281467634259,0.39098530795327235,2.745061113549924,0.05022605490938857,0.45897565173124383,49,39,10,1
2155,71.83333333333333,-2.9023848904834892,0.882446503946035,0.6655897646245847,-0.4610070450809963,2.1142874149997297,-0.2868216751515835,47,35,10,1
2156,71.86666666666666,-3.210787727105817,-2.0019453987350495,1.1176778652097568,1.6047563681314907,2.2130322098437047,-0.09821740310051692,46,35,10,1
2157,71.9,-3.4667521278132085,-3.111610378765029,1.0290109755621586,2.4436196905238776,2.350661998306676,-0.06851538176765017,49,33,10,1
2158,71.93333333333334,-1.8024732569395425,-2.597497132461868,0.8672893183638166,1.9571470159116031,1.1902942131170937,-0.16570195956933412,47,34,10,1
2159,71.96666666666667,-1.016211668628273,1.4337783613458335,0.2718317179408416,-0.9695855408724839,0.8080212829084558,-0.13783707988455923,47,34,10,1
2160,72.0,-3.1257966537042705,-1.207889549065353,0.8868022108464686,1.0523725698876125,2.1985299393478193,-0.11116050226749574,46,36,10,1
2161,72.03333333333333,-5.475609170459727,-0.6271465232151066,1.43935373105586,0.7849816723234723,3.934661031653038,-0.1142019817474448,50,35,10,1
2162,72.06666666666666,-1.086897361566578,-0.012048019253676046,0.3549469749314511,0.07312717569433237,0.7811060318261686,-0.05141138702186894,48,37,10,1
2163,72.1,-3.2664996957200927,-2.4245123718086212,1.1738600940914665,1.9471037913922438,2.2473772267502645,3.377657302633312e-05,48,34,10,1
2164,72.13333333333334,-4.663871267811331,-2.92058398142375,1.3938814591196405,2.3144226550492912,3.08690067387868,0.004104852699469409,48,36,10,1
2165,72.16666666666667,-4.500891881819143,-1.0876093168903758,1.2501154891864417,0.9985660957634933,2.8582102628201196,0.02310200590579075,49,33,10,1
2166,72.2,-3.8576663710416454,-0.9244869998910978,1.254110844999289,0.8813773339831377,2.1356244823099795,-0.1011733825090743,47,40,10,1
2167,72.23333333333333,-6.392277528353887,-0.8487012178319766,1.305087523044989,0.965508388956108,3.5403835803656434,0.03476479727671929,51,38,10,1
2168,72.26666666666667,-4.634779435584463,0.49645540977704883,0.8971575406273615,-0.07356885806851361,1.841074941935795,-0.04432702528753459,47,37,10,1
2169,72.3,-5.482595296976733,0.5991228710032708,0.9948079451615115,-0.09897894088889038,1.9524530346152977,0.06704751164518638,44,34,10,1
2170,72.33333333333333,-5.661788467202449,-0.4298941618102532,0.9383365695032637,0.6677033979837758,1.4557461675097485,-0.0038246460378734,46,39,10,1
2171,72.36666666666666,-6.448388993511287,-2.4478273163945445,0.9277322029426784,2.077079591772187,1.2767562500294405,0.25213216191951965,48,38,10,1
2172,72.4,-6.344436541291408,-2.8916319083504085,1.3309865023552305,2.4080126290412642,0.5826146437501144,0.37065645766352245,49,37,10,1
2173,72.43333333333334,-8.110515200504508,-3.0870539973860147,1.2163332732402523,2.6291712364846203,1.2129578642090348,0.14653599116076563,54,39,10,1
2174,72.46666666666667,-12.39568573460123,-1.9424249528460926,1.347258660853285,2.034851001097697,3.710988913630794,0.1599363782227172,57,39,10,1
2175,72.5,-12.146979923194124,-0.6928898964019474,1.3070468668539093,1.1062370493517484,3.0608145127821045,0.11974548235270442,60,35,10,1
2176,72.53333333333333,-12.269098175557936,-1.5540128637278485,1.2858010541342537,1.7355984200184598,2.4736579964034773,0.1741349940160463,61,38,10,1
2177,72.56666666666666,-12.826041790035283,-0.610689382933348,1.089107700578623,1.0910935932476675,2.3346772809655594,0.16839652055532345,62,42,10,1
2178,72.6,-13.584229284179813,0.40304566416128296,0.8250810766630536,0.443674027084267,2.287776133516131,0.1272173958135963,62,39,10,1
2179,72.63333333333334,-15.62113323582306,-0.6107938740141918,1.1460937476312125,1.225327481747448,3.075299957997394,0.12774695977817518,64,42,10,1
2180,72.66666666666667,-13.853751797801348,2.8093978728055795,0.3263495550048674,-1.305668743949143,1.437489326007867,0.1716311736923994,59,38,10,1
2181,72.7,-15.663977829324121,-0.7729851889935837,1.1706872346014876,1.3778907332612442,1.9490331122206421,0.3022100817760452,61,38,10,1
2182,72.73333333333333,-17.08285440524262,1.4717444300134233,0.8681813764644346,-0.14120552296149333,2.477054877245278,0.2716196706066113,61,40,10,1
2183,72.76666666666667,-17.64675170781936,-1.0852444870509714,0.6675683285172767,1.6868370765283267,2.139147127095225,0.26011510294855594,67,40,10,1
2184,72.8,-17.29663377498989,-2.6508995651982943,1.207992225010429,2.781007254481684,1.1905779862872525,0.39323969967599887,62,41,10,1
2185,72.83333333333333,-19.159572631154646,0.7011270833892809,0.8317883103055266,0.49862404602256594,2.0560593909772296,0.12676577556728796,67,42,10,1
2186,72.86666666666666,-18.342926313797346,1.425370662666932,1.3924290291749628,-0.018569346899330524,0.9608742789996172,0.5166268164495933,67,41,10,1
2187,72.9,-19.74588646217972,1.355140783923808,1.2306586268818336,0.16345540744987677,1.3044326697606716,0.5589716372391211,65,42,10,1
2188,72.93333333333334,-19.754442921402145,1.1830784615999974,1.0064481317782992,0.22560888902702278,0.747139324305489,0.5540673882935278,64,59,10,1
2189,72.96666666666667,-21.512281961213997,-0.2909200375693679,1.2838896417381562,1.4311541726906036,1.263812828530978,0.42694163235603333,60,50,10,1
2190,73.0,-21.896068204311046,1.1756034566747857,1.1684940017779155,0.3672306753977121,1.0042464919150669,0.599823294384136,68,49,10,1
2191,73.03333333333333,-22.690681165804513,-0.65191944773062,1.5362119742670615,1.7399590273775487,0.9161893338499763,0.5736088930758733,66,50,10,1
2192,73.06666666666666,-26.251214164798526,2.731588415557102,0.8303130591693133,-0.4566443519799882,3.019376854715247,0.7318074617819242,69,40,10,1
2193,73.1,-25.25710227961109,0.36624603241404685,1.3239821496681685,1.1439257990239835,1.6090725654037543,0.44001171193298505,69,40,10,1
2194,73.13333333333334,-25.38262144626073,0.4604501258358482,1.2394512336423844,1.0988140076216286,1.0888259051937437,0.5528132611424907,67,51,10,1
2195,73.16666666666667,-26.730184780401856,-0.30830922602190114,0.8463975243823398,1.6898485554541571,1.3918608945970488,0.34546768644327597,67,39,10,1
2196,73.2,-26.773439716687136,1.7510305147550689,1.3009508372582417,0.266106914913335,0.9046977025962641,0.5568112793193226,70,62,10,1
2197,73.23333333333333,-28.661606934015463,1.4485721531207503,1.5904590856028022,0.6342619567434641,1.481789583526683,0.5354963607259665,73,46,10,1
2198,73.26666666666667,-26.149255989620322,2.2608693115067524,1.375022831405488,-0.22182098306349904,-0.6843615067376769,0.45368443041387113,72,48,10,1
2199,73.3,-28.975797112003356,3.080838377935226,1.2351086597467003,-0.5912850137017805,0.7358839399154692,0.49725544229293434,76,48,10,1
2200,73.33333333333333,-30.296487468991472,1.7599022548690861,1.2619247418442683,0.46890273512014496,1.0051564345295378,0.5936804018208043,72,52,10,1
2201,73.36666666666666,-31.589131216379165,2.352222525322297,1.200087063772969,0.11811879662956333,1.3291928137645377,0.7033492275584259,72,44,10,1
2202,73.4,-31.614281266716688,2.425031559294876,1.0356495259563445,0.058951589748628734,0.7972230248049426,0.5534838617665758,69,38,10,1
2203,73.43333333333334,-33.48048183084287,2.735998078716367,1.446888865914758,-0.01593558501276425,1.454703704019005,0.6301506985015443,75,46,10,1
2204,73.46666666666667,-34.53577934648861,0.9742821211040891,1.2491700209989034,1.2735794723023992,1.4829956444496457,0.6872253041473165,68,42,10,1
2205,73.5,-34.6429290775347,2.4352811606230347,1.207540165964616,0.20134286775805468,1.1001982585635257,0.5965354676492464,72,47,10,1
2206,73.53333333333333,-35.99466483003942,2.5280400648770573,1.5533454762608443,0.22484163353123673,1.3590032371681549,0.6439918100358332,73,48,10,1
2207,73.56666666666666,-36.705235500085976,2.000736057235237,1.477807807614255,0.6463382174293382,1.2678470015394858,0.5697258158135668,72,50,10,1
2208,73.6,-37.96483639379157,2.213026885394367,1.684026133100602,0.5939456827560564,1.5023430925910084,0.45982608157012256,72,45,10,1
2209,73.63333333333334,-39.19147013104603,3.753912571326101,1.1472103988760267,-0.44048601579640223,1.95543536357158,0.6743139387188825,75,45,10,1
2210,73.66666666666667,-39.449602977690304,1.1648448314321982,0.9751106012571853,1.3629531009673588,1.4757228624411818,0.6048690994783652,74,45,10,1
2211,73.7,-40.395041066012894,1.8652942796448393,0.9647085194973783,0.9922801471158146,1.5207316601564227,0.6609577322477774,76,50,10,1
2212,73.73333333333333,-40.682264352083195,3.9354076852507163,0.949692064255359,-0.48515438520397247,1.287149733168827,0.727245100086494,77,48,10,1
2213,73.76666666666667,-41.55286649353741,3.0720795371164193,1.2103925131939803,0.1986659799671504,1.228109006644602,0.784965662197519,77,58,10,1
2214,73.8,-43.32773701101928,3.417823316614001,1.0597639126590224,0.06185653254364177,1.8506349856676485,0.6389828821854914,74,49,10,1
2215,73.83333333333333,-43.29545608987985,3.550991258660183,1.4187280845804366,-0.06884418581502581,1.3003741664287434,0.6919819533445183,76,46,10,1
2216,73.86666666666666,-44.327629820659844,3.1696092736064436,1.4960266039749968,0.3060393743241422,1.338424123514203,0.6323064494112417,76,47,10,1
2217,73.9,-44.73067887831281,1.536097821046848,1.5888450576790234,1.4933149553806155,0.9554907762559668,0.6882408466108811,79,47,10,1
2218,73.93333333333334,-46.763086190003925,2.77092342095586,1.4759121617648958,0.7351519554750302,1.7384389648777623,0.7435547659454645,80,45,10,1
2219,73.96666666666667,-46.779216257482524,1.8743710068734707,1.1778695406005966,1.3889155018785766,1.3016618775811524,0.5650846596345903,74,46,10,1
2220,74.0,-47.398512913467066,3.714644124260804,1.4471202417204694,0.10980682220354189,1.1486016029643986,0.6301748181216617,79,65,10,1
2221,74.03333333333333,-48.57015889479864,4.294809628140442,1.326354206824007,-0.18772397951039177,1.3508841259153501,0.678780386514127,82,57,10,1
2222,74.06666666666666,-48.99885855076392,3.8322829065181594,1.3690826804797638,0.12234758877046274,1.1481251304271385,0.7627200659217152,81,52,10,1
2223,74.1,-50.389943219400976,3.9885553533602938,0.8911356447769947,0.07290152891117069,1.5674038559089332,0.6757534894844772,80,53,10,1
2224,74.13333333333334,-50.80546630199558,3.2735897098473856,1.4523934580733453,0.62951524616483,1.1329837838922618,0.665532434907889,78,62,10,1
2225,74.16666666666667,-51.832108373866305,3.9769038451421928,1.3204417542879838,0.22388718707908287,1.2480606474629587,0.6315100612007932,78,62,10,1
2226,74.2,-52.96512209366597,4.124033000211494,1.1562700293341948,0.25595446438866676,1.5268191535876483,0.8277037598264784,86,57,10,1
2227,74.23333333333333,-53.59128151559526,4.224231965630416,1.3361834973794515,0.16497795368812324,1.3102394836115945,0.7072593922212494,85,68,10,1
2228,74.26666666666667,-54.88641029693457,2.938329483152387,1.0909689909313727,1.1789611600664396,1.6449440414163505,0.7189364677360877,78,52,10,1
2229,74.3,-55.40802895753528,2.815814909642821,1.1799555786786726,1.2512082527125694,1.392874786578887,0.7083404128731782,88,49,10,1
2230,74.33333333333333,-55.946550089246166,3.0681613589660834,1.387730405606817,1.0949487086305956,1.1891928708398292,0.7076963678348883,83,63,10,1
2231,74.36666666666666,-57.035290511659504,3.436299847967529,1.4201767141949233,0.8920093939885917,1.3889765253766801,0.7575455151036627,79,54,10,1
2232,74.4,-58.0167857010411,4.352830168989641,1.339227572611378,0.3355127583968581,1.4628423585538544,0.7545196706511923,83,48,10,1
2233,74.43333333333334,-58.737590463640004,2.6716427655612485,1.3641236435509398,1.5188620629392982,1.3583457317375949,0.6241918336032818,82,47,10,1
2234,74.46666666666667,-59.75130818018531,4.526659246474043,1.3588938759341431,0.29959044835767623,1.4399360244152108,0.6662668834826592,80,57,10,1
2235,74.5,-60.868765308360935,4.372642209606713,1.272258409290444,0.4701761379167072,1.7431567220290074,0.7100603941210789,84,49,10,1
2236,74.53333333333333,-60.95801337719208,5.051324618452174,0.9565546078460301,0.07453045231032375,1.3305928867468573,0.8590943165790906,89,58,10,1
2237,74.56666666666666,-60.99019847589055,3.3916613074138695,1.7007475856057965,1.0238903946668723,0.6426763846035185,0.4465000678744677,85,50,10,1
2238,74.6,-63.02357259913288,5.442064529251155,1.3855276598916788,-0.1700786659991369,1.4313590706503785,0.7401131936835582,79,52,10,1
2239,74.63333333333334,-63.84670945220597,5.192108460777867,1.432609843715781,0.07359820821771147,1.4017180117468457,0.7739563239601046,77,45,10,1
2240,74.66666666666667,-65.01780589607537,5.0521163904648745,1.3679987286600266,0.25571164924552614,1.5869958450963206,0.7822549324223629,78,41,10,1
2241,74.7,-64.54211798747532,4.793909486175185,1.7225760366623177,0.34232318972792136,0.7336154992890965,0.5926506297662161,80,57,10,1
2242,74.73333333333333,-66.37849829531118,4.832378031191592,1.4643038538601871,0.4777300390101021,1.4104106956119713,0.7700625537652115,78,49,10,1
2243,74.76666666666667,-66.95246038416172,4.985430170952593,1.579240533221622,0.4248838486474523,1.266000434072022,0.8250048138610868,80,60,10,1
2244,74.8,-68.47308303549634,4.69976889149169,1.074528050753429,0.7303227074866206,1.7270255754845252,0.8054380705708648,84,46,10,1
2245,74.83333333333333,-69.04753657701572,6.614611151933012,1.0033730096635907,-0.6424742942350037,1.6145209464358363,0.7059125453794639,86,57,10,1
2246,74.86666666666666,-69.73208554837845,6.979254353033177,1.102385925533241,-0.8274464387887709,1.4542139009562371,0.7063864088625051,80,45,10,1
2247,74.9,-70.64564482635977,5.044105337968691,1.073419833812295,0.6574650472552745,1.5521771596588962,0.7944655230379254,82,47,10,1
2248,74.93333333333334,-71.3424257822201,3.8965369906183263,1.8124316411248742,1.4194741651004488,1.2766041086655753,0.6478224646964601,85,54,10,1
2249,74.96666666666667,-72.31254468579183,7.462685133970702,1.3711538837234514,-1.003554871914709,1.5147080657924306,0.7465321917574856,79,58,10,1
2250,75.0,-73.1058848883229,6.73978771107587,1.498790399960555,-0.38959202473327326,1.4795121439335226,0.7471407015877026,79,65,10,1
2251,75.03333333333333,-74.10936918204561,4.639279053417077,1.8217951563556056,1.1155792489575458,1.431897297348347,0.6986906942169538,75,49,10,1
2252,75.06666666666666,-75.22650226344604,7.477484121514962,1.2184428203224655,-0.8366816622498329,1.7186486695746257,0.6962234181128052,76,44,10,1
2253,75.1,-75.95229611358565,6.7639273892304175,1.3631544434733769,-0.277645400757086,1.660609890121307,0.7357293386609197,79,51,10,1
2254,75.13333333333334,-77.28725727245971,6.205377604428207,1.186507923269403,0.23169086531189836,1.8797467004962898,0.6162929606956313,71,43,10,1
2255,75.16666666666667,-78.06675884065143,4.281287089764035,1.3197141510748907,1.576754472585204,1.8503130855164545,0.6784069428058045,79,45,10,1
2256,75.2,-79.26950117987727,6.042014709688225,1.3186182445965926,0.3744350505528802,2.1117598524928924,0.7581411063970248,78,53,10,1
2257,75.23333333333333,-79.84195966807731,6.612409098348209,1.3153922631511108,0.0794678990959441,1.9283534570784888,0.7748676117504394,65,43,10,1
2258,75.26666666666667,-80.49183248876824,6.1420219266310525,1.4233718967919486,0.4367055768422692,1.7469157092280418,0.7823946604680828,73,47,10,1
2259,75.3,-80.49029113860558,5.122750019636179,1.6034310310421063,1.1259589374828254,1.2669632870283163,0.7548416054793936,68,48,10,1
2260,75.33333333333333,-82.16346764008938,4.171588726772477,1.3494594917694087,1.9785168545060696,1.7028979949603904,0.749432569999625,77,49,10,1
2261,75.36666666666666,-82.84536825886352,6.386080907296005,1.3184369316148548,0.4538686786150805,1.6663296089319122,0.6972609124867774,69,49,10,1
2262,75.4,-83.46430744914952,5.541363310383062,1.4556612561405586,1.1187189363476886,1.532775587406097,0.7977754340497873,70,41,10,1
2263,75.43333333333334,-83.77151906866541,5.950489722340507,1.7611606179147827,0.8353547329940331,1.2309404767347423,0.766521480069683,65,42,10,1
2264,75.46666666666667,-84.91216020704954,7.165512336038368,1.6441645099047406,0.05933245709357192,1.4606416987288582,0.7680285453869524,74,53,10,1
2265,75.5,-86.96555714736775,6.367649781073332,1.0556017376475637,0.5576772002636534,2.0788469015933773,0.6487760270875249,69,45,10,1
2266,75.53333333333333,-86.93172941427518,7.093797318698023,1.3719028026193314,0.21027933136302987,1.6550443419332355,0.8117882769558196,66,47,10,1
2267,75.56666666666666,-88.21541103770306,7.83625432924925,1.2413687887366223,-0.20025693932953598,1.8879659769803743,0.7606663061057938,65,42,10,1
2268,75.6,-89.42403519503168,6.0784575929078315,1.242773310066255,1.0829693227918369,2.103973823136146,0.8419645411181887,64,47,10,1
2269,75.63333333333334,-89.97058558037702,5.874098733579672,1.5066129987750543,1.295051147137538,1.925942093161568,0.7644437108927933,60,43,10,1
2270,75.66666666666667,-91.31708803744866,6.037803822735306,1.271934730477156,1.2261981822519286,2.19577404571925,0.8300438084754456,63,42,10,1
2271,75.7,-91.6914061044202,9.106499127533425,0.9398018915677397,-0.8906930928067937,2.062438039547916,0.8579486897622118,55,36,10,1
2272,75.73333333333333,-92.44860674747318,7.244671121435083,1.6430347274418011,0.48546325271463436,2.0299588660771772,0.8714512779308912,57,35,10,1
2273,75.76666666666667,-93.5655261178128,6.965195761651202,1.1044843020067674,0.900781014393503,2.1238130886739244,0.9894857020701501,56,39,10,1
2274,75.8,-93.45591430150009,8.77276605523992,1.4592761992271193,-0.4952771729684699,1.5879665718537839,0.8820096478287136,58,41,10,1
2275,75.83333333333333,-94.81039388102135,9.289720633844915,1.1259200546165005,-0.7559027076822704,1.9742085018895974,0.7869443795921915,59,39,10,1
2276,75.86666666666666,-95.27466244441084,8.425364629383758,1.5824938867438334,-0.1184737680598719,1.6722251561440187,0.8295718964811374,58,44,10,1
2277,75.9,-95.92399842869267,6.488550393277201,1.6999504396964369,1.252116922286012,1.4047639696270868,0.7503710373764296,57,43,10,1
2278,75.93333333333334,-97.83433371991919,7.02405747142074,1.173349660485684,1.0451487459080657,2.2443517130930224,0.8248490884664466,57,37,10,1
2279,75.96666666666667,-97.53414528830677,6.82558122827264,1.5659761205607055,1.1428755289722234,1.4224673817036444,0.7051684581571521,59,45,10,1
2280,76.0,-99.50508702403982,6.915759625687606,1.5055168560869419,1.1808311878487576,2.147572912573908,0.8176053258357905,49,40,10,1
2281,76.03333333333333,-100.05494835270096,6.992986372357038,1.1812734386402042,1.2110568007061273,2.042264443681598,0.7685186279216794,48,40,10,1
2282,76.06666666666666,-100.7749919911873,6.47539278979599,1.2778191066387166,1.6371385087934613,1.9074611720145946,0.7871235602085869,50,37,10,1
2283,76.1,-101.8229479819307,7.321875954511654,1.4731103666371297,1.058979860765954,2.1177130822898276,0.7443190454472067,47,36,10,1
2284,76.13333333333334,-103.0002194050553,8.558345410074821,1.2499908607856298,0.3643867525132741,2.521555764836902,0.9549355828717067,44,32,10,1
2285,76.16666666666667,-101.71840577600571,10.233064039598474,1.9711508727751976,-0.921251284404903,1.3887553453524293,0.9634112593834144,46,35,10,1
2286,76.2,-103.00202927300572,9.867757958841963,1.599268966162569,-0.5012852713014895,1.8482541586464658,1.0383467174219516,44,37,10,1
2287,76.23333333333333,-103.74263728368697,7.129427764273551,1.3899627306111597,1.1925556975081844,2.0383802017314454,0.5797122143101427,44,33,10,1
2288,76.26666666666667,-103.84422752773376,8.110780169837646,1.461328593762886,0.6143934462543194,2.020797239739587,0.785982152314217,44,33,10,1
2289,76.3,-104.35934373365296,8.27493583228766,1.336505478213141,0.5701152266850322,2.377101633837557,0.7985034332203531,44,33,10,1
2290,76.33333333333333,-104.17836187621884,7.754231109751601,1.0908801389670941,0.8910083289921493,2.1245586951913076,0.8140889962819174,39,31,10,1
2291,76.36666666666666,-104.70506379522075,9.034326246684692,0.9913287467146574,0.15042338071825642,2.578933825856477,0.9466924078957072,44,29,10,1
2292,76.4,-103.22305642819744,8.00386170343674,1.5968457145104509,0.6798831614544546,1.558807787250508,0.6415910112131281,45,33,10,1
2293,76.43333333333334,-104.36271260998956,8.034888591924904,1.1643801691018325,0.7384321165388001,2.3079180375498276,0.7428647714351462,47,37,10,1
2294,76.46666666666667,-104.38514011595437,9.077617501474677,1.3738056250642217,0.046086290294017965,2.3448271391728897,0.8785904655950593,43,31,10,1
2295,76.5,-102.90523582562517,6.907082983019144,1.5183907305250415,1.3247370782805743,1.3073999632607325,0.5908818963094176,42,32,10,1
2296,76.53333333333333,-105.0784111869335,8.088635519150934,0.9213878375488065,0.743742301260424,2.8010495669096787,0.7621205835070305,44,32,10,1
2297,76.56666666666666,-104.28571409637681,7.323343135729061,0.9767860740533791,1.2493288986699684,2.2174884638376096,0.7901720415366672,43,32,10,1
2298,76.6,-104.17216059322871,8.26702826443514,1.3769206371076308,0.5963743984912723,2.2010882936882767,0.8249526046429313,44,34,10,1
2299,76.63333333333334,-103.47482902084485,8.8274724127658,1.453184252935813,0.13728742914110134,1.7833121078878327,0.8166662043503121,43,36,10,1
2300,76.66666666666667,-103.91160505868662,10.144550478937923,1.1777364592682176,-0.7324004197845283,2.1406773028678225,0.8972155249794393,43,33,10,1
2301,76.7,-104.04064378365356,9.360565878307291,1.1207102790690868,-0.1466481483421768,2.1298484640984903,0.9520113898154912,40,28,10,1
2302,76.73333333333333,-105.13100920820135,8.386811416303516,0.7226919489465473,0.6689867514587854,2.84877401791562,1.012594522563022,46,33,10,1
2303,76.76666666666667,-102.44718305718624,8.022390650462754,1.6903571105857509,0.6209583623841158,1.0883643902690234,0.6612316544186337,46,28,10,1
2304,76.8,-103.18455390122158,9.14760298228174,1.7106668412385915,-0.10065241224589529,1.8224977620596314,0.7700606985388126,46,31,10,1
2305,76.83333333333333,-102.5151773581128,7.771440505110689,1.5925889985218475,0.8113650326345865,1.5030417015626016,0.7964301996971277,43,26,10,1
2306,76.86666666666666,-103.65177793853687,7.920093676669573,1.291685666318486,0.808430806685758,2.6867756740806974,0.7605835543182942,43,32,10,1
2307,76.9,-100.871939599986,7.540171187598304,1.6630380601744008,0.83987217464187,1.290235861814861,0.6796075119290446,49,37,10,1
2308,76.93333333333334,-100.90106263844974,9.043720709908797,1.4550075053380453,-0.20459375504128216,2.0208837361550365,0.5727322211873508,46,30,10,1
2309,76.96666666666667,-100.11727368680835,9.441852823127775,1.332431862958515,-0.4571874586867995,1.8903449007534627,0.8227965063991803,47,34,10,1
2310,77.0,-99.88024282279522,7.469503658547055,0.9213432775077735,0.7737957675117348,2.293378126555068,0.7190540599971742,47,35,10,1
2311,77.03333333333333,-98.54745220608604,8.56002266717941,1.448735223040302,-0.04488352880206323,1.9809383680538113,0.7096609368912525,50,40,10,1
2312,77.06666666666666,-97.86806220853295,7.196395918228234,1.3450124600417013,0.8537631902149284,2.0056480876980523,0.7073012886165724,48,38,10,1
2313,77.1,-96.15755574684667,10.711815890265711,1.5151798537045522,-1.6984944559632382,1.6251585772449015,0.8642652501668829,55,41,10,1
2314,77.13333333333334,-96.11586936398555,8.068474772880705,1.3128580917592956,0.13287422144848374,1.9841810478301323,0.7496708305238102,55,43,10,1
2315,77.16666666666667,-95.21605382152538,7.5220552734289186,1.3634554741304044,0.4344788001831811,1.922718320475353,0.69403661856857,57,53,10,1
2316,77.2,-94.41214872047394,7.690813892684062,1.364289323784206,0.3411960267948415,1.9138770503558982,0.781698222929158,57,43,10,1
2317,77.23333333333333,-93.622485421859,7.74824043742268,1.2502497110528594,0.22918558803631114,2.0191436285639988,0.7426459587722495,58,47,10,1
2318,77.26666666666667,-92.53793152286661,8.5669660379872,0.9518799839331962,-0.4993128647623333,1.9897096617113206,0.7573795050551523,56,39,10,1
2319,77.3,-91.25899982447933,8.624635795108624,1.5540777598609878,-0.5706027259566282,1.5490659177333392,0.7507233684419349,62,48,10,1
2320,77.33333333333333,-91.57530293502668,7.601977536918156,1.2321778249256994,0.19285428369048238,2.2528538808100493,0.743789315858498,61,41,10,1
2321,77.36666666666666,-90.50819785593933,7.8904586019488505,1.1807064481079834,-0.04119835194618214,2.164929117277984,0.7195678759448096,67,50,10,1
2322,77.4,-89.5111407242356,7.342853893059086,1.385641105992562,0.29489817961062925,2.0116970736943753,0.7551021229627826,61,43,10,1
2323,77.43333333333334,-88.60237142180918,6.429645021969343,1.4962740434956885,0.7351629487040606,1.9466046475564678,0.6157864908951396,67,51,10,1
2324,77.46666666666667,-87.75532567625562,7.167966851715903,1.3271374830076184,0.25675381039950373,1.9838645369770447,0.721850010371023,59,45,10,1
2325,77.5,-87.13382057273833,6.878309352309614,1.3721396426758474,0.42343767309143177,2.0356470685339323,0.6642955674281962,61,42,10,1
2326,77.53333333333333,-86.12326325807294,6.354895376746946,1.1109646313578168,0.5265929424268594,1.9884611109277088,0.6022568711330537,67,40,10,1
2327,77.56666666666666,-85.04024617148492,6.324245380130073,1.2100776598264957,0.5370220090478508,1.8965170269501657,0.6463504032527467,65,49,10,1
2328,77.6,-83.72321563403611,6.6770981721774305,1.769019099436889,0.2725364164756231,1.5585951008564412,0.6432268602772262,68,48,10,1
2329,77.63333333333334,-83.2940785724484,6.516092068111313,1.49134443215749,0.3414251333191323,1.8228965230823708,0.5769085683855135,68,44,10,1
2330,77.66666666666667,-82.04152112722024,6.804083719125785,1.2155580780189439,0.06336859110011879,1.6288601638538789,0.734789307088044,70,54,10,1
2331,77.7,-80.68674521153824,7.837289417801109,1.6947939543653376,-0.6990688078936391,1.1999246057620518,0.6898842634258672,68,45,10,1
2332,77.73333333333333,-81.22334182240863,6.17684324624242,1.4397821185990836,0.4780376881961504,2.1014192118339334,0.6093036791517454,71,46,10,1
2333,77.76666666666667,-78.99749715508068,9.849424036067596,1.5062793385061468,-2.1963450525203987,1.3226304219784122,0.8109302999809368,77,54,10,1
2334,77.8,-79.56876501145354,5.379603732985654,1.3368627225887764,0.8854306238364396,2.026346591823346,0.557626547590981,82,60,10,1
2335,77.83333333333333,-78.62445364626348,5.547444177622381,1.3229930650368402,0.7549096587554653,1.9339035683145585,0.5925467259213051,85,58,10,1
2336,77.86666666666666,-77.04979117324535,6.313567833372069,1.4816007116984764,0.1332056301596953,1.5534476045465357,0.6308612952893388,77,71,10,1
2337,77.9,-76.35337428712991,5.0944765989838,1.4313749727533178,0.9173586270580031,1.5863023751740817,0.5291710164801671,80,66,10,1
2338,77.93333333333334,-75.54234098412972,6.090341398269992,1.1062010139614529,0.16697880358479042,1.778531011018176,0.6293895304499494,76,45,10,1
2339,77.96666666666667,-75.47562312505701,6.518329912348264,1.3259925433649045,-0.19819861670623815,2.2224340949156094,0.5257013261597191,76,47,10,1
2340,78.0,-74.42086974449165,6.548258808232504,1.310379116931614,-0.24937612215075347,2.0678656930004533,0.6369011431877318,84,54,10,1
2341,78.03333333333333,-73.44175803432358,4.729265120616169,1.6317900811332606,0.9836363331474145,1.8942109748584088,0.5068109687654822,78,45,10,1
2342,78.06666666666666,-72.97305870027853,4.632818737775825,1.277347669223829,1.0521422726274965,2.058556086076282,0.596490438302372,80,55,10,1
2343,78.1,-72.2883493000649,5.857782471292634,1.285473369681739,0.10201231193016812,2.3225162274194253,0.5601312724713972,77,47,10,1
2344,78.13333333333334,-70.76133957293709,5.020866463048019,1.3843708913404953,0.6224200059555703,1.806274296360919,0.6186581291777377,83,50,10,1
2345,78.16666666666667,-69.43101216628322,7.059167158389762,1.2319155730357636,-0.9070036950774588,1.593050959792235,0.7057257203520784,84,57,10,1
2346,78.2,-69.00234645968536,6.165732272606498,1.161413430174136,-0.30172931653320684,1.8884013708156897,0.6518196103527063,77,46,10,1
2347,78.23333333333333,-68.13542466255593,4.472904539024491,1.106260805146178,0.8398071972068036,1.7843904038864726,0.6130754513553797,82,48,10,1
2348,78.26666666666667,-67.95223508290253,3.9827447899164845,1.4398876038752348,1.179571935573147,2.0413597272519493,0.5844309615313018,80,53,10,1
2349,78.3,-66.37710749363696,5.554964072582436,1.452648358142298,-0.04396306706788447,1.8182087579314368,0.584551153400105,75,40,10,1
2350,78.33333333333333,-65.17515760456124,4.318529989858941,1.502079595072857,0.7614812117968935,1.4797857420439147,0.5735673739966427,85,67,10,1
2351,78.36666666666666,-64.62513745819676,4.766985855992061,1.4532362246862505,0.3938453584628582,1.6409457277541244,0.6038310193094837,85,55,10,1
2352,78.4,-63.70740586930005,3.6640831743388595,1.5815999736181396,1.1819750162913247,1.563781387326594,0.5405897066554259,79,52,10,1
2353,78.43333333333334,-61.982525357174964,4.495129434248032,1.3992541939874314,0.42758205772653823,1.0989593469738357,0.5229501104634207,88,74,10,1
2354,78.46666666666667,-61.284946116635034,6.168650492252425,1.7998736065529215,-0.794873243683873,1.0924241756625444,0.7439101053238154,82,52,10,1
2355,78.5,-62.144718749218626,4.162035990498758,1.5644917949135646,0.6692331834039625,2.1475883417219355,0.5327801521636609,85,47,10,1
2356,78.53333333333333,-60.42069479896077,5.318765964659054,1.3429879297689524,-0.2689463970581421,1.7648735862647986,0.5673335674707219,82,48,10,1
2357,78.56666666666666,-59.56120644477312,4.829300416599779,1.4742075985528516,0.051500562785988094,1.6417499836959153,0.588998503294235,80,53,10,1
2358,78.6,-58.58273530713724,3.2606836409780016,1.6839059280693647,1.0984709619471396,1.5643808187153418,0.5647568286167005,79,55,10,1
2359,78.63333333333334,-58.11657625103723,4.284639145358227,1.3120349539445328,0.34369205595388425,1.8100949875391297,0.5359673899987019,79,59,10,1
2360,78.66666666666667,-57.07837160537826,4.121318477477548,1.5018540813767487,0.41871840285760253,1.7114502276089825,0.5288191514604726,82,61,10,1
2361,78.7,-56.712960595259744,3.8060657069556285,1.595297196404033,0.6072551336065416,1.9109160397206033,0.6341522066741034,84,56,10,1
2362,78.73333333333333,-56.118911258509705,3.513919145572313,1.770555346291701,0.7609552655113276,2.0913588169380883,0.5274972249292501,84,51,10,1
2363,78.76666666666667,-54.55483743046386,2.830997348461377,1.4652944242632344,1.1163713479088953,1.670174885417696,0.43122367207406526,79,53,10,1
2364,78.8,-54.2111244865206,2.785514273066724,1.7894698359760355,1.2016597416120212,1.9348140384740853,0.5331974863234529,82,47,10,1
2365,78.83333333333333,-53.45662737967806,3.0805198653330628,1.2207782372582585,0.9014409603350704,2.1054494044049865,0.4424861280242638,76,47,10,1
2366,78.86666666666666,-52.17918710068205,5.4161268904604825,0.7928558796413938,-0.8445361211535852,1.9741221524512689,0.527209279759421,73,41,10,1
2367,78.9,-50.714501101117634,4.576717678352882,1.0630956193359395,-0.338260133326994,1.5410382075538014,0.4800530765942663,85,52,10,1
2368,78.93333333333334,-50.78207965445426,0.7945731865004291,1.5672988310322467,2.374727705326098,1.9151248773663543,0.4057071280710533,80,49,10,1
2369,78.96666666666667,-48.213126914923734,3.8291140107364683,1.5068415887844395,0.06053591480041026,0.8420309903453387,0.6161314801702128,80,50,10,1
2370,79.0,-48.52029275556074,3.9437060471425447,0.8726796081228798,0.005138686765909453,1.7284799161141569,0.4430129195831494,83,51,10,1
2371,79.03333333333333,-48.0488941388993,3.5760506351741945,1.6707133158919873,0.24759652779732633,1.9147773195656632,0.5310670487464358,77,45,10,1
2372,79.06666666666666,-47.29793342581632,2.962347664267913,1.2824595833374133,0.6316680220520647,1.9718123020094365,0.4968984401603113,78,46,10,1
2373,79.1,-45.38791927047661,4.502347375716685,0.9259827633671165,-0.691829783826624,1.4091209119337476,0.37757413477813634,82,46,10,1
2374,79.13333333333334,-45.07755037310543,3.113901601182789,1.4514735264606884,0.39365467667720044,1.5273080551521012,0.47273071741205214,71,61,10,1
2375,79.16666666666667,-44.295598983469766,3.671644983817991,1.691235655040856,-0.06014118454111742,1.624044349935261,0.5538419572066078,75,41,10,1
2376,79.2,-44.08757465890686,1.6537984850208396,1.4347624673480368,1.4019102452015344,1.9704949857687508,0.44753304465028476,72,41,10,1
2377,79.23333333333333,-41.919733992383385,0.9676259144871402,1.612291092424499,1.7720429789652727,1.1548214293744077,0.6059226479233609,75,44,10,1
2378,79.26666666666667,-41.09682285709311,2.1665080277017523,1.4646927364355236,0.7767015594289922,1.1224837324630699,0.5322069581468254,78,48,10,1
2379,79.3,-39.202390849531035,4.657154968601525,1.9659528961526433,-1.14351482478131,0.4679846610865872,0.4623359902531618,75,46,10,1
2380,79.33333333333333,-39.84008762172399,1.3332893290433212,1.7224130225883698,1.3360721012583807,1.407867875202343,0.5497989171092094,75,53,10,1
2381,79.36666666666666,-38.67728024698677,2.011992419336,1.5204747217823495,0.8053019246804298,1.2670781475715116,0.377858690064738,76,65,10,1
2382,79.4,-40.18896174081223,1.8266749665954443,1.5071657992229177,0.9971589225582816,2.849992939287777,0.33026941506336077,83,46,10,1
2383,79.43333333333334,-36.64848230444685,3.1514931059127385,1.16937980537611,-0.11568224310147747,1.1188598211677816,0.5353076170302246,70,48,10,1
2384,79.46666666666667,-36.77574143563908,2.3384539521254055,1.9438330631899134,0.4076194496213922,1.6350646070915922,0.47227724494931606,72,44,10,1
2385,79.5,-35.714467759088976,2.286507160225309,0.6332973758809572,0.20728442074793887,1.6410155496945842,0.02049343688865123,71,43,10,1
2386,79.53333333333333,-34.82871053151201,4.250650087370126,1.1188514936610119,-1.0671072542691495,1.670580433199195,0.5103022469957643,68,43,10,1
2387,79.56666666666666,-34.256996685802626,3.2300322644387336,1.0887854075000973,-0.362410679782727,1.7554595550894745,0.359525889271518,73,50,10,1
2388,79.6,-32.77308904474295,1.174893086494471,1.5995242679815647,0.9739124745536957,1.28596841654644,0.5573891969157606,75,45,10,1
2389,79.63333333333334,-33.4769603029693,1.8724425662857023,1.5678079135872736,0.5753635827668158,2.3754828296031762,0.36587500396334943,72,44,10,1
2390,79.66666666666667,-31.370637336197994,1.8108255393639325,1.2069288019929871,0.4318239492581863,1.5392681786495932,0.30626962661829465,63,37,10,1
2391,79.7,-31.11542624687253,0.5263563567740235,1.5743434447654323,1.3088209959485289,1.8554834941307723,0.227142064066049,75,44,10,1
2392,79.73333333333333,-28.78669009832138,2.757042385530685,1.3758095618673138,-0.3540369007165492,0.947666395959058,0.41802354482086085,72,36,10,1
2393,79.76666666666667,-28.24199243058607,2.3914205096647727,1.6757485374961192,-0.1521092752721468,1.0733796968977984,0.5001456276484331,73,48,10,1
2394,79.8,-27.322753231161848,1.7914012055655064,1.317014801220509,0.17784202281620257,1.059404136359623,0.18057699170012131,69,45,10,1
2395,79.83333333333333,-25.135558516393196,2.441118869975792,1.143548193857697,-0.3779616097904204,0.18340936895951582,0.3174785279298006,70,39,10,1
2396,79.86666666666666,-25.35227497371716,0.7621043952388256,0.8265340821578064,0.6649948162888099,0.8381551041849395,-0.3007695319980873,66,38,10,1
2397,79.9,-25.224992986793737,2.5321089421540464,1.0758865074040784,-0.5060632151464591,1.4468306087871305,0.023805691334067774,74,43,10,1
2398,79.93333333333334,-22.892369354278404,-1.5745648947739603,0.5320527646135105,2.3986650967537946,0.23087195678501335,0.3844360762083408,63,36,10,1
2399,79.96666666666667,-24.25913325711458,0.24900009358965747,1.2371579996739825,1.156880007106217,1.821311589644846,0.16264178890889192,64,39,10,1
2400,80.0,-21.661896364944088,2.048033635673807,1.0351321997683698,-0.3091649724713125,0.6767675723517544,0.06483032075229743,62,39,10,1
2401,80.03333333333333,-21.563378484422184,1.0161203131695835,1.5567030164105944,0.47872833269819814,1.1473231787268097,0.38048171354874993,65,55,10,1
2402,80.06666666666666,-20.678786794988433,-0.7684018521894949,1.3194550589285825,1.6668514526746554,1.0187613912484272,0.06183343652521255,68,43,10,1
2403,80.1,-21.27335621927164,1.9947323700166777,0.5092265317527449,-0.3696464772819681,2.2123344985718387,-0.08767248281267387,63,38,10,1
2404,80.13333333333334,-18.888234590421842,3.469723182234894,0.5786506467127452,-1.514779361748171,1.1911070584687375,-0.18549194405708305,62,37,10,1
2405,80.16666666666667,-18.600525700403153,1.3345416638937593,1.412587753355652,0.10946912229286611,1.4988306312716593,0.5001708935184365,63,40,10,1
2406,80.2,-18.907096807972223,1.0998981476028185,0.9412690608847356,0.22053775798495442,2.2553638283780724,-0.07658854956562494,59,38,10,1
2407,80.23333333333333,-16.659298845526713,-0.534696480799667,1.151275642254916,1.3003349703974412,1.1831679647800875,0.38682168963666325,60,38,10,1
2408,80.26666666666667,-17.15103760700969,-0.9260170527107832,1.1713206169734036,1.5522643243826189,2.135610259994457,-0.20010897000778988,68,42,10,1
2409,80.3,-14.37195500079515,-0.6208150528728744,1.4896777215223551,1.2278097672912813,0.8752307482231124,0.41526226167741714,60,41,10,1
2410,80.33333333333333,-13.716286894260087,-0.40059973433511686,1.0647866635422645,0.9898984498519345,0.9379830770774035,-0.06047449379632898,61,42,10,1
2411,80.36666666666666,-13.081498733949758,0.08409229970581933,1.0501863700238516,0.6800729537155877,1.1465308341802198,0.2619926180937142,64,39,10,1
2412,80.4,-12.22517378457433,-2.492968146755892,1.50422552542868,2.4759537233673368,1.0034307702994179,0.294595027017738,56,40,10,1
2413,80.43333333333334,-14.375847866273919,-3.8532962668074475,1.1354128555223753,3.5163753420297708,2.9922544684744703,-0.21978608892790208,63,36,10,1
2414,80.46666666666667,-13.049756962919858,0.14335256659332174,0.9001918882383109,0.5722361275629845,2.9094952915741805,-0.38069893047030856,60,37,10,1
2415,80.5,-13.088366523945012,-0.12732615023855232,1.122393184548585,0.7542690288793963,3.544510787028706,-0.131146151348283,61,37,10,1
2416,80.53333333333333,-13.45983726160766,-1.290193341384704,1.523984713220102,1.6346870193082161,4.3333909176777885,-0.42526315380671537,55,37,10,1
2417,80.56666666666666,-8.424095686754569,-2.1717407401381656,0.8323387096130119,2.0193305284816163,1.3024498753863905,-0.20317830459192865,51,36,10,1
2418,80.6,-7.3353728952656,-3.3296565044602993,1.136498754345439,2.80939078216576,1.0536651839689433,0.10711634402608926,53,39,10,1
2419,80.63333333333334,-6.154661029626631,-2.74713218692683,1.0900452760545818,2.3260541916716595,0.8985100954864538,0.2263812940766434,55,39,10,1
2420,80.66666666666667,-8.095521608599363,-2.863461447669575,1.5988155728267373,2.512131609433031,2.8970520762173826,-0.23402434614888026,52,39,10,1
2421,80.7,-5.696706750413895,-1.6792891344868117,1.5779901495841244,1.5879691569375824,1.8174621843076517,-0.2236525081505149,51,38,10,1
2422,80.73333333333333,-7.625994248853786,-0.9285142445016206,1.5541987379894806,1.1308215150039234,3.74799351167887,-0.5953310530195608,47,35,10,1
2423,80.76666666666667,-5.499899926803451,-4.428888844236759,1.4150904977361733,3.442785943895482,2.509736221105262,-0.0376134143014726,47,34,10,1
2424,80.8,-5.516365719439619,-1.1118755622482333,1.492672745427143,1.1786800726613516,3.0808126991095097,-0.35082702295879364,51,36,10,1
2425,80.83333333333333,-4.493464703172563,0.430387394000352,1.1296949830469742,-0.026528830256951134,2.7985770085977397,-0.32180514794070164,49,37,10,1
2426,80.86666666666666,-5.139200466484908,-1.5240853374227967,1.3457706060282248,1.33473710872286,3.4051840115586005,-0.18106293954743208,48,37,10,1
2427,80.9,-5.671087675580509,-3.954939236411775,1.7336802891927192,3.0935153080295508,3.6978803007487984,-0.037533601194964766,48,39,10,1
2428,80.93333333333334,-2.422763580051452,-6.065015177051997,1.2681801501985461,4.461801889525815,1.4069863330308219,0.18070208522122633,46,33,10,1
2429,80.96666666666667,-4.226995766462657,-0.9345175068920852,1.1744477370017705,0.9466306321005897,2.974881247001183,-0.14849175832193806,49,33,10,1
2430,81.0,-0.8929576223782121,0.8498599580122885,0.5176086649391038,-0.5375370320392383,0.7698007164521938,0.2595002275363404,43,36,10,1
2431,81.03333333333333,-2.3319344059774423,-2.720386419963571,0.7995354334027951,2.0379637788660747,1.5567305003021048,0.07759755766756588,50,35,10,1
2432,81.06666666666666,-1.6167259065038024,-2.1439328190950278,0.8389585831513244,1.6165561182484762,1.073294304503513,0.052720715937154584,47,35,10,1
2433,81.1,-2.7038619205471974,-3.346274773774507,0.8984088249785174,2.5741141969071064,1.788036720658996,-0.07417424502381578,48,35,10,1
2434,81.13333333333334,-3.6365985728529324,-3.417199728211571,1.1135027268499442,2.6600908299856147,2.4961720098907496,0.012498423333739279,45,33,10,1
2435,81.16666666666667,-4.484285969092021,1.1235937589481395,1.2821500486153923,-0.5050987719958825,3.3409344077591703,-0.2590098257127447,45,34,10,1
2436,81.2,-1.77997731916615,-0.009754322162972784,1.1657871068425578,0.15228830536097282,1.386247193483749,0.4322961836328435,48,36,10,1
2437,81.23333333333333,-3.2510409750406666,-0.18587176249680937,1.059526508643728,0.37213509809775275,2.3476339280758545,-0.23908055851080634,44,31,10,1
2438,81.26666666666667,-2.6983392073455335,-2.0817524074196,0.7375442394601919,1.6875528924242813,1.824621084170737,-0.1669814772245491,45,33,10,1
2439,81.3,-4.020592685547619,-0.8334981187409483,1.4834692475345435,0.8730093874326623,2.8878523990958778,-0.029645939448942032,51,37,10,1
2440,81.33333333333333,-1.7190739392056074,-2.6378360417170796,0.6909590705232631,1.9741394335143587,1.0794530420672466,-0.01385899675443494,46,34,10,1
2441,81.36666666666666,-3.153553216034652,-1.023669994228399,1.100196890488263,0.9263026910829824,2.0701649961503987,-0.013979596209777085,48,38,10,1
2442,81.4,-3.336625856218653,-0.13658249594923788,0.7831247670079478,0.304978944283559,2.003057922059396,-0.19472436694429912,48,33,10,1
2443,81.43333333333334,-6.600487545915897,-1.9153711113430383,1.7741056209708859,1.7337430677628585,3.9851207265690767,-0.1414655409344606,50,39,10,1
2444,81.46666666666667,-4.561277396642524,-1.5659609813525535,1.1425428105455921,1.3299758012521616,2.1260598341699635,0.08454682240264609,51,34,10,1
2445,81.5,-6.243738185135577,-0.1287890148630808,1.0894467112099022,0.42667936533073625,2.8821590883394728,0.1271636322204759,48,38,10,1
2446,81.53333333333333,-5.042488787384109,-1.4237364445574308,1.0549452897755742,1.3032950696293075,1.427311224928042,0.17395532409223174,52,42,10,1
2447,81.56666666666666,-5.8708128206657975,-3.6067752130301187,1.2185075165119912,2.8980467319501657,1.343529717113993,0.2954914712335002,49,40,10,1
2448,81.6,-7.189528513893379,0.3269278095306696,1.1730850243603328,0.17894888380759877,1.8899596930111107,0.04517510458592289,49,35,10,1
2449,81.63333333333334,-6.962140214433539,0.5501673226932624,1.0280143219716393,-0.022728758410080784,1.1417917071322778,0.2849796689206623,54,43,10,1
2450,81.66666666666667,-8.113044113669297,-1.2826066727343175,1.5613823183898603,1.3682728002505014,1.234704676666494,0.49712284045109995,54,42,10,1
2451,81.7,-8.265247965137867,0.457236564825493,0.7341921542339378,0.09711099175154293,0.7968802977150119,0.1559592703552503,54,38,10,1
2452,81.73333333333333,-8.365328048497524,-4.564414344062609,1.1326409127316168,3.647795686394087,0.057773844568097706,0.3993705330474905,57,43,10,1
2453,81.76666666666667,-10.917023034503686,-2.1136261534120884,1.4316944060387016,2.089247015048706,1.4496732072210161,0.35554925333100185,63,41,10,1
2454,81.8,-13.721208131349016,-0.8983604161488259,1.152096198434748,1.354202941571896,2.8011286504270188,-0.037685861083025386,59,38,10,1
2455,81.83333333333333,-11.721112959586726,-1.438116661716407,0.824977878325484,1.6615519307298288,0.808396563736149,0.349521644003512,61,42,10,1
2456,81.86666666666666,-13.28663423791157,-0.19466290295915556,1.292757958293464,0.8483005567690018,1.3696766433060965,0.4249077975331983,61,41,10,1
2457,81.9,-15.899064220240362,-0.9387318360011498,0.9544245056022618,1.533204072327657,2.5923566488119287,-0.018817954893300497,59,37,10,1
2458,81.93333333333334,-14.712020225094236,0.8405925252762465,1.1377487610716628,0.1859402801720187,1.243039691838649,0.5158837797063315,61,36,10,1
2459,81.96666666666667,-16.482524796315218,-0.9320858784403825,0.9920520099531842,1.5356867643914147,1.7891252042116264,0.04698279957255197,57,38,10,1
2460,82.0,-20.295233034002777,0.3977256404282379,0.8965482460915979,0.7721001289375324,3.9777820189593145,0.10470570932523528,63,39,10,1
2461,82.03333333333333,-18.519045960100105,-2.430696190942321,1.1144174639540552,2.7418873032118793,1.9285277072157319,0.23698433070463729,61,38,10,1
2462,82.06666666666666,-17.41937703658783,-0.550485824208053,0.8053358642532231,1.330177421182959,0.7340881449628119,0.4141276386448937,66,46,10,1
2463,82.1,-18.321983554297034,-0.614190381502187,0.800195211256991,1.4166709269361921,0.7503418369616454,0.31004144840355236,61,47,10,1
2464,82.13333333333334,-19.33922477121939,0.8135453952599683,1.110181782875955,0.4638073919722253,0.8912609080009999,0.5708104508483509,65,45,10,1
2465,82.16666666666667,-19.879971831086756,0.3006643197241843,0.8359044501447954,0.8738149746767978,0.6522557649626956,0.391037898350256,67,60,10,1
2466,82.2,-21.894151089330766,2.191681740400867,1.2855641625366445,-0.3624551161250263,1.5641210237880065,0.5883336046296183,61,38,10,1
2467,82.23333333333333,-22.65173577496955,1.5130134472867667,1.3563375537599143,0.1605767971112398,1.458756449120977,0.4345950147707842,65,41,10,1
2468,82.26666666666667,-22.615498516030236,1.3013510701495257,1.1865886632729143,0.3196821110942092,0.8895240967837155,0.6088382120203402,61,42,10,1
2469,82.3,-23.70723467459658,-0.49704033473130593,1.2002205186380337,1.6983554945733148,0.9453552390072306,0.5505970867059814,68,45,10,1
2470,82.33333333333333,-24.727309292933146,1.0486017015958993,1.5502572220716644,0.6836641103056922,1.165793845788021,0.5165892536223514,65,44,10,1
2471,82.36666666666666,-26.008409844869306,2.0689683735088877,1.0199741667994147,-0.031606942432909395,1.496512462984918,0.4550883669309967,75,47,10,1
2472,82.4,-26.60842209380916,1.7878541563324788,1.133323649380003,0.21801232914300553,1.24145917302349,0.5057435982645998,68,41,10,1
2473,82.43333333333334,-27.601614548546195,0.6086398218363485,1.722180882296641,1.1181486036535042,1.3000093656204401,0.6340091640091201,68,41,10,1
2474,82.46666666666667,-28.4773729210533,1.3946534263431865,1.5535804999162792,0.6091857966137639,1.391744293948088,0.5108484092537433,70,49,10,1
2475,82.5,-29.068799474857034,1.7346997378638171,1.2982071157109232,0.44870508607260473,1.229961867869863,0.6373477187088269,71,45,10,1
2476,82.53333333333333,-30.332157058994028,2.4244472277212914,1.3961260909226638,-0.002173143978141283,1.5402266261527813,0.433937887994325,76,50,10,1
2477,82.56666666666666,-30.51724774611843,2.306102224422098,1.321248215917393,0.0700243662572814,1.0840254571345427,0.44112703159498756,78,50,10,1
2478,82.6,-31.308609469715314,1.9224648444782702,1.2233139035439962,0.32463071993518566,1.0072071887854872,0.3926310638853403,71,48,10,1
2479,82.63333333333334,-32.759628114124524,3.0697459650824435,1.1455822176944679,-0.3449084407423796,1.5032398832999354,0.7052348785454902,70,48,10,1
2480,82.66666666666667,-32.840159028867404,2.036453032785264,1.3072424811816887,0.4162344246242192,0.9036644101347697,0.42819583799132954,76,42,10,1
2481,82.7,-33.78644485121366,3.050517853445573,0.8488521305915953,-0.30993992890700034,1.075003406635922,0.48608114797319274,75,45,10,1
2482,82.73333333333333,-34.67856134106866,1.8642661009393322,1.1233774860829584,0.6891693395637755,0.9447158966592761,0.50858732893613,74,52,10,1
2483,82.76666666666667,-36.00152811507552,2.7483195942656664,1.4088443433251001,0.08404263368951857,1.3037812125403345,0.6022341602492239,71,46,10,1
2484,82.8,-37.58186672529818,2.1735803680162142,1.0195761772721426,0.5944630263263794,1.8340044350027778,0.6518253643134521,76,46,10,1
2485,82.83333333333333,-37.34599853577567,2.743234135651406,1.3738161665707906,0.1733898949779808,1.1518497224380608,0.6061962482975245,73,62,10,1
2486,82.86666666666666,-38.503944214789115,2.442448304266346,1.6012501531345293,0.42489785185004786,1.3364677295908913,0.5801398747990889,79,49,10,1
2487,82.9,-39.46017933751186,0.867089773606267,1.4717253586179169,1.5794472242578232,1.2126014416163975,0.5676312555858471,72,43,10,1
2488,82.93333333333334,-40.51403249213134,1.6242556113040862,0.7180838025680742,1.1140974087030502,1.5668179959420623,0.5106780233726093,74,43,10,1
2489,82.96666666666667,-41.04363579328579,3.0218894164176184,1.2385512948213204,0.17043406630019992,1.3419348175338786,0.7218482067271699,76,46,10,1
2490,83.0,-41.468278354125324,3.00408063130471,1.335566460178569,0.20337963401586168,1.0621987113946267,0.6617676482205708,72,50,10,1
2491,83.03333333333333,-42.95733574327899,2.7289340933806443,1.3101127453307555,0.5400407774532939,1.4721335210544055,0.6816355028703318,79,50,10,1
2492,83.06666666666666,-42.83161397722726,3.266292179597478,1.3447906971262995,0.12137017733394362,0.8600129096602479,0.6308514327723189,77,67,10,1
2493,83.1,-44.63714728172284,1.7106504467564498,1.3467940539460272,1.3714681180443098,1.4142998707860797,0.6808223434622577,76,54,10,1
2494,83.13333333333334,-45.66049280286725,2.953384569193201,1.1124009314410301,0.521316951641639,1.6063053865448678,0.7647663799953498,80,46,10,1
2495,83.16666666666667,-46.72871018862281,1.7016073251813992,1.0967043563280185,1.5143090516725881,1.672345918325836,0.5994558378858121,86,53,10,1
2496,83.2,-47.21173469032485,1.8433754128319784,1.4104838407473181,1.4416845635642752,1.375045061163711,0.5528094747220785,78,49,10,1
2497,83.23333333333333,-47.94325903304951,3.263652889887773,1.4763024999039658,0.4548315394969524,1.3681396218011872,0.6980826754687353,77,52,10,1
2498,83.26666666666667,-48.22040756660973,3.1229315749083355,1.3025908357447094,0.5597633809502965,1.0483037328988976,0.6075699474238597,82,78,10,1
2499,83.3,-49.81202329623089,3.0737795275063853,1.4703619839218192,0.6925988532376022,1.4107781398552601,0.583503546191694,84,50,10,1
2500,83.33333333333333,-49.89760293193893,3.36532977466382,1.2805915087446778,0.5393777662247341,1.010637228994658,0.7066150167524319,79,61,10,1
2501,83.36666666666666,-51.487938694040196,3.957626184012234,1.2576507551202951,0.22368725346814575,1.5111914138281244,0.666081154033241,77,56,10,1
2502,83.4,-52.564213734662985,4.416027377111519,1.343606417842878,-0.05101988679294828,1.6317804088052201,0.766037613292177,76,54,10,1
2503,83.43333333333334,-53.00446049722528,3.893226460075393,1.5192855295867957,0.31619811713416646,1.4178827598246255,0.7624231935714685,79,49,10,1
2504,83.46666666666667,-54.147447192393564,3.897431781383176,1.3195630415797694,0.41668303449013455,1.5276316414065885,0.6199327053135358,86,55,10,1
2505,83.5,-54.544910675938176,4.283151667778949,1.4511349489726086,0.13771409836374707,1.3620652858291993,0.7790031045941727,87,58,10,1
2506,83.53333333333333,-54.30060197661074,3.6098245345032964,1.38233919239849,0.5277305599364283,0.6458354451302858,0.5391219264418545,86,58,10,1
2507,83.56666666666666,-55.93525138649957,3.5429458114429835,1.2822999920334581,0.7762287872437047,1.134198873404999,0.648892875231317,79,64,10,1
2508,83.6,-57.53619849761679,3.9356138707015482,1.3720020696299287,0.5943831792299609,1.5961196363437782,0.638297763617365,80,47,10,1
2509,83.63333333333334,-58.21333334317051,3.660606170009242,1.4624488064740007,0.7841785659903949,1.5128905623031474,0.7223252375266734,80,48,10,1
2510,83.66666666666667,-58.767642103029864,4.260018658477229,1.5963106448668611,0.40551600361396334,1.2983495333255806,0.7992921118658335,78,52,10,1
2511,83.7,-59.44693543347539,3.876671382758193,1.1567361733579133,0.7553753252517825,1.2560617829044711,0.6874703113383197,88,53,10,1
2512,83.73333333333333,-60.4841004855435,3.677956946142519,1.2262446252298531,0.876868866463241,1.3548937037865896,0.5807645404386758,77,48,10,1
2513,83.76666666666667,-61.93233300518955,4.294598171688293,1.4000112854775608,0.6378617885128225,1.7524635399681998,0.7523224362733336,88,51,10,1
2514,83.8,-62.03431520278113,4.886078325778449,1.393203197387919,0.20595628341220765,1.2877876267832842,0.7009472953374919,82,64,10,1
2515,83.83333333333333,-63.19883214398754,3.44316257704817,1.4610774633386399,1.253512115386352,1.4240753714587948,0.7402043466979877,80,50,10,1
2516,83.86666666666666,-64.01829287357918,3.3252186999883833,1.4057163700063882,1.342989265429083,1.406319531613635,0.543618069462557,87,51,10,1
2517,83.9,-64.09496646526597,5.1319920071550555,1.4679332293743812,0.1248383659132255,0.9840673741912559,0.6768226253266237,81,59,10,1
2518,83.93333333333334,-65.07600652799428,4.674207529573863,1.5678865405923688,0.5198063191446703,1.0347183649252962,0.7203838715060865,78,71,10,1
2519,83.96666666666667,-66.57168741690433,6.440634024657648,1.2054775222110976,-0.6343319270775472,1.4957458377454855,0.7119793103131246,85,54,10,1
2520,84.0,-66.78717053441332,6.772776283690376,1.3393515179123767,-0.8268333547947423,1.2264459627722617,0.7376774376193509,78,50,10,1
2521,84.03333333333333,-68.1979872080849,4.1571551848681025,1.4092774845868234,1.0798025171704417,1.4182701189889955,0.7044066465562739,81,46,10,1
2522,84.06666666666666,-68.9112467888254,6.118873601867975,1.3856846427530058,-0.22679409407028817,1.3837287326419272,0.779331460991701,82,50,10,1
2523,84.1,-69.74239008226544,6.2592517499289,1.1309195615683194,-0.13486269947621932,1.4731996702158847,0.9133660876351749,76,48,10,1
2524,84.13333333333334,-70.88972423804962,4.899157892929349,1.6913952465642268,0.6964012969120552,1.5171557557303939,0.8149695155924059,79,44,10,1
2525,84.16666666666667,-71.29698182699357,5.17953641965002,1.5343415266604694,0.5234961263153697,1.27615818015847,0.709541539012206,83,67,10,1
2526,84.2,-72.8719265921642,7.389024636228058,1.0247341743534832,-0.9321969127362627,1.7746571280906913,0.7406600088712191,85,60,10,1
2527,84.23333333333333,-73.50052526810771,5.395200663009003,1.070591403209221,0.6129586500749418,1.6517987782525552,0.8021985779759073,82,54,10,1
2528,84.26666666666667,-74.52008716947384,4.688709182981803,1.5193200127562534,1.1080693416700438,1.6492431808533956,0.7052300985381259,83,56,10,1
2529,84.3,-75.29750398098274,5.776827542302605,0.834638229115356,0.4885163536687823,1.8075267107753892,0.7964106220282076,71,43,10,1
2530,84.33333333333333,-75.09263725263594,5.542002547584168,1.6220109999220114,0.5812791161472419,1.0088924506423058,0.7696125259794504,78,57,10,1
2531,84.36666666666666,-77.26144997999933,5.033200584927204,1.39024754278023,0.9862853844924188,1.7613643086756856,0.5949974136334957,78,47,10,1
2532,84.4,-79.16613012692044,6.214098515201329,0.8178827364853873,0.11770454618860071,2.3498596277454373,0.4323044516677294,78,46,10,1
2533,84.43333333333334,-78.83573326060478,5.886622748938645,1.3489446044367526,0.5485866884456483,1.7244325732532528,0.7025260216548798,78,59,10,1
2534,84.46666666666667,-80.14184773094857,7.208448484015328,1.0295587225466676,-0.37341683152896865,2.025580052949879,0.7430376831966571,69,42,10,1
2535,84.5,-79.88513219656909,4.364475514227532,1.936109446388329,1.695392189954497,1.196234764307158,0.6529600857350084,77,44,10,1
2536,84.53333333333333,-81.14350584826195,5.4841976729231945,1.390864932361822,1.0025501173819664,1.5716667574274075,0.793861100205377,72,51,10,1
2537,84.56666666666666,-82.09118326088506,7.08389931053361,1.3031992060226827,-0.10058362957343592,1.661552332015053,0.8095587224783699,71,52,10,1
2538,84.6,-82.67792721345437,5.242030599896079,1.6081106693228264,1.1675996681637688,1.4619198565476406,0.6229422636689356,70,44,10,1
2539,84.63333333333334,-83.84934005238618,5.170424872346366,1.5556262229600577,1.3635180256756108,1.6586343358269489,0.6539078887727262,69,44,10,1
2540,84.66666666666667,-84.09608524764246,7.076616222584981,1.7603403175482697,0.05539524183444869,1.349919971968188,0.8686148497465288,67,40,10,1
2541,84.7,-85.39110835241323,6.08732127367859,1.6497891059088374,0.876265721096661,1.625710802434147,0.749939232576338,75,47,10,1
2542,84.73333333333333,-86.54099614981484,5.445790438693891,1.4924193892137652,1.3133485413818153,1.7822319420456754,0.7117315705113929,65,42,10,1
2543,84.76666666666667,-86.81974555531013,7.666599380146167,1.5925907056693234,-0.15055874110223297,1.4886897258883167,0.8487846577363027,69,47,10,1
2544,84.8,-88.41140721358258,7.88345483246367,1.0191223503151008,-0.2714290604612463,1.973057888592342,0.7111559372344834,62,44,10,1
2545,84.83333333333333,-89.36232003904908,7.00314678895262,1.1205150447015626,0.4944765864474956,2.021938747872491,0.8271521651438696,67,49,10,1
2546,84.86666666666666,-90.31872408270152,7.143504833143588,1.059793272573529,0.43447631708038753,2.1594002409581607,0.7291862690503942,67,46,10,1
2547,84.9,-90.0997114873191,6.140196115334611,1.637290838485285,1.1474460949136678,1.4212716052422674,0.8024964901153487,58,40,10,1
2548,84.93333333333334,-91.75598777724103,6.586617289984396,1.2178545708562183,0.999705664486839,1.9336642271409705,0.869209422818806,55,46,10,1
2549,84.96666666666667,-92.01042375839474,7.39191798303829,1.5611789901615793,0.3626965362692834,1.5548242828890382,0.7546924444892318,58,42,10,1
2550,85.0,-93.42630724046236,7.450346979692696,1.2432516858507086,0.4674131251048188,1.98845024624827,0.9219357520136878,55,40,10,1
2551,85.03333333333333,-94.54467590521459,7.383938250684949,1.2123765519446437,0.6514804490399635,2.148737207759149,1.0235879217901436,59,42,10,1
2552,85.06666666666666,-95.18067472261848,8.620705043195827,1.0062616325828628,-0.40613468959605686,2.084647871320933,0.735372639643861,57,42,10,1
2553,85.1,-95.62495415916413,7.36048006121505,1.3999619519475743,0.619374886727111,1.7636696091035322,0.7818075506131876,60,46,10,1
2554,85.13333333333334,-96.35421601707935,7.439674392377448,1.4200060810434394,0.6943872225762976,1.7395464583575262,0.891424280431591,59,39,10,1
2555,85.16666666666667,-97.66182122293932,7.571603934631241,1.341398778310463,0.5704215903763553,1.985726423883857,0.7379335708942597,55,38,10,1
2556,85.2,-98.74355640373545,6.713259957558819,1.557062110845635,1.3036600987614826,2.1263377094973137,0.8395037596874393,56,42,10,1
2557,85.23333333333333,-100.08525686007624,6.722932682710592,1.3306287828688568,1.35913264143824,2.48207713488911,0.7952094043045804,46,35,10,1
2558,85.26666666666667,-99.70748082958667,8.852015464848016,1.4916756774396305,-0.062348392379371606,1.7536547090027241,0.8473044448584923,50,40,10,1
2559,85.3,-101.10008766473513,7.092483288919581,1.7829403807697588,1.173444365870913,1.9949669728583421,0.7802249287236437,47,37,10,1
2560,85.33333333333333,-101.54844659982024,6.860007482319489,1.694772805365659,1.340881202595509,1.7944666557925555,0.6974046972916038,50,40,10,1
2561,85.36666666666666,-102.97482800166516,7.1411372458085935,1.741872201218925,1.267208389395184,2.3637638601689783,0.8142283641489425,43,32,10,1
2562,85.4,-103.03097702513739,7.728000197639055,1.0983825072440823,0.779239903517254,2.122465327596111,0.6485104337163848,45,34,10,1
2563,85.43333333333334,-103.93149252584092,8.565184688124482,1.3558064593090506,0.3889416299097112,2.421351161245243,0.8338225869852612,47,33,10,1
2564,85.46666666666667,-104.20544414579538,9.190571071014396,1.3659723688484888,-0.12564350249828424,2.4872105102391835,0.7396172774629612,43,28,10,1
2565,85.5,-104.25005509368647,8.486794120123285,1.1960216297100743,0.4048761564535172,2.3874553981835556,0.8167322396915355,47,38,10,1
2566,85.53333333333333,-103.91944598810792,9.518028029125183,1.4840438388923047,-0.2870169779342913,2.090951905160995,0.8620943255058637,48,36,10,1
2567,85.56666666666666,-104.01250994130947,8.493473853204293,1.0957314564977736,0.3299580924650196,2.2033221798439135,0.7022638687707029,42,32,10,1
2568,85.6,-103.77487123513644,9.366948781127519,1.3765738676150505,-0.19862335035012785,1.963050332821592,0.8746742762738743,42,32,10,1
2569,85.63333333333334,-103.67614493200554,7.840660325885416,1.3337607176965065,0.8843186614064302,1.7587536959245855,0.8147062698524808,43,31,10,1
2570,85.66666666666667,-103.34015965411479,8.17425252524778,1.2648260234557824,0.620423394584819,1.632531902772593,0.8288808428286281,41,33,10,1
2571,85.7,-103.22595788038848,9.879042701954553,1.4817719181803142,-0.6108541001408491,1.6668763879536521,0.8432927373086165,44,37,10,1
2572,85.73333333333333,-104.21403487211137,8.219601461239556,1.192622745084151,0.6474388259216398,2.1831335662179807,0.9371736135607315,43,36,10,1
2573,85.76666666666667,-103.86704171758231,9.216835417009094,1.273464511816485,-0.133461268100532,2.0150241463171894,0.8090929517829486,42,38,10,1
2574,85.8,-104.15206078684879,7.833548582380992,1.314992793650788,0.8619235516136683,2.193726404084362,0.648334558111334,44,33,10,1
2575,85.83333333333333,-103.88233677056658,8.190544838218031,1.3661381333317308,0.5663064585947756,2.0298834015404066,0.732077483857571,46,37,10,1
2576,85.86666666666666,-104.7385270369526,8.857246064176962,0.8244136743031589,0.18571156883488404,2.6787612624272463,0.8241254879288816,41,31,10,1
2577,85.9,-104.01107869969162,9.341643801056883,1.3871917586457698,-0.12238713345808976,2.1513373686552946,0.9189851545389528,50,39,10,1
2578,85.93333333333334,-103.71572378612424,8.327397927573145,1.1930973268499514,0.5623429462593338,2.0655438272281854,0.8105538012476833,41,30,10,1
2579,85.96666666666667,-105.0035266124924,6.287020673920971,0.9687659949074288,2.053895240699831,2.994986435080619,0.7076408610273524,42,28,10,1
2580,86.0,-103.50625215425372,8.719713813829351,1.2871204528242828,0.2204320508007547,2.3999475843244555,0.8609734010265163,46,35,10,1
2581,86.03333333333333,-101.68274997333151,7.6954778823894685,1.537113768168041,0.7667385903828595,1.4921561979853788,0.7091300384920896,49,39,10,1
2582,86.06666666666666,-101.58973936687437,9.251338031959087,0.9628366160100512,-0.33075797020271896,2.094076841027123,0.6815625035293307,48,34,10,1
2583,86.1,-99.9129268375389,7.954365507960084,1.5999909225657092,0.500394327194669,1.3855968691192815,0.3713783196697312,45,31,10,1
2584,86.13333333333334,-100.40027617860451,7.656627711820377,1.2224484181131885,0.6642682399030596,2.2933098482591014,0.7259709680005687,53,40,10,1
2585,86.16666666666667,-99.18728437161528,8.91464733441044,1.1336324083796114,-0.223906927518917,2.0256609780205164,0.7763100110416519,50,36,10,1
2586,86.2,-98.34650249236168,8.743507420925205,1.402830665307775,-0.15921286854726757,2.066016776628334,0.7799811590593201,50,36,10,1
2587,86.23333333333333,-97.95344387547519,8.574484495361453,0.9441735116345455,0.04364211582730397,2.3238902214909865,0.8952936373288916,55,43,10,1
2588,86.26666666666667,-96.2811944737762,9.720451483276399,1.5648852258479877,-1.0080570524780386,1.840653499423087,0.7366425281765547,60,41,10,1
2589,86.3,-95.29843950886472,7.019539163511936,1.4324701267569253,0.8428301293333701,1.5769337239569288,0.6343429518910276,50,36,10,1
2590,86.33333333333333,-95.1032298832443,7.288701753863222,1.4373042549238733,0.5705462677539872,2.0115731312886798,0.6793644820379102,56,39,10,1
2591,86.36666666666666,-94.74403128202964,7.8353034490370135,1.0004922338480071,0.17464910521227123,2.3176145829332593,0.7152081937944339,60,44,10,1
2592,86.4,-93.9244303871775,7.432769130976325,0.7221423005011474,0.24249058964186845,2.389634841360063,0.5241069382996028,57,38,10,1
2593,86.43333333333334,-92.6343364329935,8.143510119047832,1.276459858900182,-0.11352340108348566,2.087334737694497,0.7572614899489115,60,48,10,1
2594,86.46666666666667,-91.99756070622006,8.15342954621812,1.1968531844888446,-0.14338272913342304,2.1750611931462354,0.8006373262043618,53,45,10,1
2595,86.5,-90.87654785510182,7.19819951639964,1.3757452253192497,0.3323976275015724,2.0051661213580307,0.5858258897693506,57,50,10,1
2596,86.53333333333333,-89.95014306462677,7.732551149508851,1.2925845188796785,-0.029583991414425005,1.9879916551936014,0.6741819446183847,64,54,10,1
2597,86.56666666666666,-89.07736131806189,5.1569272924363645,1.5707249376722103,1.707937818575508,1.8600069136210593,0.7069776414576225,64,40,10,1
2598,86.6,-88.16405185347922,6.867650220554388,1.5842162499411927,0.43619460244804664,1.819282689059843,0.6748175182486064,64,46,10,1
2599,86.63333333333334,-87.66753024912902,6.872846887605924,1.2144723325903612,0.5103029346740474,1.9833711610793319,0.8014829915969366,62,40,10,1
2600,86.66666666666667,-86.71273178558323,7.009968912224629,1.2730685069866041,0.2859853147752756,2.026844571934037,0.6871782859740252,66,43,10,1
2601,86.7,-85.67438426271923,7.867956751816365,1.250658568758567,-0.40854283372217004,1.9281552657973409,0.7142921130567667,68,47,10,1
2602,86.73333333333333,-84.47637292384383,6.327665348741981,1.3423961544743008,0.5679900998266866,1.7009563559679575,0.6580523899250482,74,59,10,1
2603,86.76666666666667,-83.60390037290082,6.9592710583835,1.48216169449789,0.08134004427995346,1.6349731644752814,0.686526388325309,70,47,10,1
2604,86.8,-82.69936788472825,6.31485495438389,1.2358645924222742,0.362469572489129,1.662081118808496,0.5850074625919691,67,44,10,1
2605,86.83333333333333,-82.46576631634106,5.783757564924265,1.042722910060661,0.6874821084485638,2.0397513394773137,0.5866649724418622,68,39,10,1
2606,86.86666666666666,-81.43894915700052,6.121504693006727,1.439058412869585,0.5613878306804012,1.7893119714448837,0.7488496107782493,74,47,10,1
2607,86.9,-80.42077688813404,5.754410742098518,1.4303455841965018,0.7197148206938202,1.6742489753085577,0.7118352952362794,75,58,10,1
2608,86.93333333333334,-80.40355405905362,5.756755016964117,1.1687058770090033,0.6859195375857606,2.2158527282038203,0.6217619670593061,79,50,10,1
2609,86.96666666666667,-78.95758767683192,4.696386776832117,1.3823613074528254,1.2929519146613062,1.7863523531371448,0.5480543185811289,76,51,10,1
2610,87.0,-78.0686643964261,6.279539354355215,1.3415956512122875,0.20291819168731254,1.865983583617222,0.6444600280769928,79,52,10,1
2611,87.03333333333333,-77.46787384315041,6.319240241138914,1.3614104648639795,0.1201633351128374,1.9934720406211202,0.641539415453531,83,53,10,1
2612,87.06666666666666,-75.61635384204493,5.163165775278291,1.7026740817311463,0.8014730088124448,1.2786159786130928,0.5148693892951629,78,65,10,1
2613,87.1,-76.12811205925587,7.510673888195996,0.8829068859075733,-0.7813028126739368,2.2388208939204435,0.6400521169535134,75,58,10,1
2614,87.13333333333334,-75.2612940774773,5.36989011740371,1.4497401655413995,0.6899984912224306,2.136844814151195,0.5865661548563681,82,52,10,1
2615,87.16666666666667,-73.83268552589885,4.059685490889677,1.4739506995059628,1.461626664434554,1.7265084718014745,0.47849162043540666,78,52,10,1
2616,87.2,-72.18445015725706,6.738992726411851,1.439702002902436,-0.5096865228144165,1.4186598222675078,0.7373908663294334,82,54,10,1
2617,87.23333333333333,-72.85697638440907,3.7377706968073277,1.4739836039425427,1.6763076747412686,2.1240669941078907,0.5377273708561902,78,44,10,1
2618,87.26666666666667,-71.10512452604956,4.475596344727496,1.5614602912757363,1.0582215012454943,1.610922777974383,0.6047416510512389,82,65,10,1
2619,87.3,-69.8973109068737,6.666120412595895,0.9693086879514254,-0.6441273276638989,1.6288370354546173,0.6544894570296564,77,46,10,1
2620,87.33333333333333,-69.6243499714472,6.221791799276161,0.9865163432155128,-0.3661326827530649,1.8657263641754513,0.5769748374196296,78,52,10,1
2621,87.36666666666666,-68.62798980537654,4.130339789019107,1.5806875166562264,1.107376658507518,1.6683917719033288,0.5813343405163391,80,58,10,1
2622,87.4,-67.38703169626345,5.67621583461122,1.5334927661120048,-0.051762396309054576,1.4513954889971972,0.6400353686170208,83,62,10,1
2623,87.43333333333334,-67.43255832974022,3.909805515344985,1.5105488716878739,1.1853954771464836,1.90082409285292,0.5715160531410778,82,60,10,1
2624,87.46666666666667,-65.85698238925104,5.274223682370717,1.5447922441613713,0.11396448765000189,1.5826297951301764,0.6360303874712144,84,47,10,1
2625,87.5,-64.14854654972874,5.860617366437005,1.462415124287375,-0.5038459975721205,1.0714015262477101,0.46493310195998394,80,51,10,1
2626,87.53333333333333,-63.59488444732152,5.663018754927318,1.7210163706107977,-0.28668394169035655,1.143655260267199,0.5981394277361074,81,60,10,1
2627,87.56666666666666,-62.36563827016123,3.743277156421854,1.3791908658323422,0.9878671570748568,0.9045669919149791,0.5084411489247946,80,45,10,1
2628,87.6,-63.26864567307745,4.557439745149647,1.5759316386802453,0.4704464310239541,2.071986891370654,0.532536220597414,81,49,10,1
2629,87.63333333333334,-61.74760405017777,5.718805458435455,0.9573498553205724,-0.4328141958188386,1.7201466272111714,0.6417655565324512,84,56,10,1
2630,87.66666666666667,-60.38202617330551,5.583967115618986,1.2776746515474997,-0.40897559531887434,1.3359418872868065,0.5970134148829014,82,57,10,1
2631,87.7,-59.63671615418505,5.251706549421289,1.3141086977015135,-0.22835879037163506,1.348887536977544,0.6718191321770691,80,59,10,1
2632,87.73333333333333,-59.33361507125491,3.7227279103378486,1.3720794213277685,0.821669224500265,1.6355681299206022,0.5554896273160507,87,68,10,1
2633,87.76666666666667,-57.90231330258419,5.014315987212342,1.5024791168930562,-0.1516579558059899,1.2701191887524828,0.5694248870107687,80,48,10,1
2634,87.8,-57.70382291732483,2.503277276047072,1.6220206755612168,1.5837185370050628,1.6523903865697651,0.4828441972038539,80,49,10,1
2635,87.83333333333333,-57.106854079979804,3.7201839726746364,1.7071608280087531,0.660977076159672,1.8768175158907854,0.5447848551383481,83,56,10,1
2636,87.86666666666666,-55.07957948091899,2.6717804531135485,1.3507348826790349,1.2854062377966258,1.0554998112996403,0.4956668062749113,82,52,10,1
2637,87.9,-54.7911874485784,3.360310902062178,1.408785015894793,0.7988639287763414,1.4097315813986213,0.49635857775737635,80,65,10,1
2638,87.93333333333334,-53.87671191936461,4.25993587253193,1.108666014793485,0.12124616331430602,1.507499262587489,0.5387681795434258,82,60,10,1
2639,87.96666666666667,-52.88380873497006,3.37444795973936,1.4091303444041188,0.6578279469996707,1.3218736151388253,0.5333624549803805,75,68,10,1
2640,88.0,-53.04968413992854,3.2310825330124224,1.7078157709160564,0.7760511412443487,1.8676932553421288,0.5909090124575891,90,55,10,1
2641,88.03333333333333,-51.27116260087482,3.605017271548668,1.4520763215219574,0.4251038824881836,1.3553918195128245,0.5182252256172147,79,65,10,1
2642,88.06666666666666,-50.924177858994334,3.729737093728602,1.0576984704724595,0.24242951529552462,1.766113345096039,0.45388212368428815,80,50,10,1
2643,88.1,-48.798744679514684,4.011979227828579,1.6021397195709568,-0.06288284277696568,0.8865887820700538,0.48434670730978274,76,58,10,1
2644,88.13333333333334,-48.852140969942596,0.9563568472244128,1.7592790392413065,2.107694087266064,1.4042077130135893,0.7076044429159241,73,42,10,1
2645,88.16666666666667,-47.01186091324078,2.3393036010808004,1.4869437565550925,1.0893186806022666,0.8989427523961474,0.556042524800386,70,47,10,1
2646,88.2,-47.232712150396615,4.1069949426889245,1.598057197031693,-0.1689027003138223,1.4989261729458525,0.5935690235063993,81,51,10,1
2647,88.23333333333333,-46.33660327845145,3.502703898933973,1.0131176176156629,0.15411321926997526,1.5583578073526332,0.49850210535333195,76,57,10,1
2648,88.26666666666667,-46.21627323461769,3.2598770582038696,1.2092998139176672,0.28643541072724743,2.027893939400593,0.3997503419951192,76,42,10,1
2649,88.3,-44.561979824635245,1.6053820770885494,1.5307565463030528,1.4130584177243106,1.4287657015566653,0.43852524859362335,74,53,10,1
2650,88.33333333333333,-43.15431808889972,4.829480035015866,1.113235535395816,-0.9568146005898419,1.228831575676691,0.7137401338798544,72,42,10,1
2651,88.36666666666666,-42.82803419819112,5.803191194023771,0.9556579710055075,-1.6588622832172113,1.6252007772887769,0.6319932368204457,83,50,10,1
2652,88.4,-42.02304086861254,1.3502197106913272,1.2915215778691191,1.421394447459459,1.4068450657312457,0.22443456262387892,80,55,10,1
2653,88.43333333333334,-40.6808931172631,3.8004810522138044,1.2367436970419163,-0.2902693603735597,1.1499196229976518,0.5369970649709815,72,57,10,1
2654,88.46666666666667,-40.48462930964482,1.5308204073001939,1.6088984665295527,1.2194268856137938,1.435872420024293,0.47419662571081084,76,49,10,1
2655,88.5,-40.532540490947156,3.0621191387484252,1.3908237310948692,0.16144921908061563,2.1670569266533266,0.4760679220934784,74,49,10,1
2656,88.53333333333333,-38.693902376429044,1.0995949269408989,1.6806404979236191,1.3989021301152644,1.4048194910192462,0.5556884913673004,70,49,10,1
2657,88.56666666666666,-38.000694928002694,2.2390615175712725,1.0050545794394168,0.491540813623466,1.592276149196291,0.2914035386019825,76,47,10,1
2658,88.6,-35.534308109949286,6.130403196534687,1.2056221067805808,-2.244192772799248,0.6936971163587691,0.5411265750948531,72,41,10,1
2659,88.63333333333334,-36.230370460249745,0.9048231257609487,1.2975420775725581,1.407997867096315,1.4231931468749546,0.47890446708166046,71,48,10,1
2660,88.66666666666667,-35.285100795240375,1.1183045074413975,1.6682137890459074,1.181180407922254,1.3811804955909517,0.6410802087258032,73,43,10,1
2661,88.7,-33.95713379709231,2.054788256169715,1.1459379361888864,0.40457789482295414,1.130027857684582,0.5558365336120796,67,44,10,1
2662,88.73333333333333,-34.2158232948474,-0.03634221010739935,1.8519805669614868,1.932568584360993,1.751236489097386,0.48167448988493444,67,45,10,1
2663,88.76666666666667,-32.832983818194066,2.937298237097302,0.9063581535233567,-0.35808071725288926,1.6338352204014848,0.08515454116534385,76,44,10,1
2664,88.8,-31.43752061986756,0.9765843250955797,1.2101258891924687,1.0684592556927883,1.1221671210574837,0.38050542614811095,69,54,10,1
2665,88.83333333333333,-29.95770589012967,3.727806872639487,1.4235602280768092,-1.0284866400278607,0.7668185052469794,0.32210377910177834,68,41,10,1
2666,88.86666666666666,-30.176791051250596,1.3832937794505185,1.2475702287088097,0.6292253721166833,1.4152741753612847,0.25170475382882596,74,44,10,1
2667,88.9,-28.393090158401755,-1.7981556503630962,1.0196364269510383,2.7858983688984895,0.6831350789465708,0.06934999295546895,68,41,10,1
2668,88.93333333333334,-29.02626458621059,0.008968964495213783,1.4376203833109287,1.6075173614177323,1.7569035132958892,0.42840761662457355,72,42,10,1
2669,88.96666666666667,-26.6723606437004,1.070850427246281,0.6872077254393218,0.4882398360112741,0.8176369810575143,-0.3145416913991465,72,41,10,1
2670,89.0,-26.58756551090979,0.429296585076262,1.1493536822487016,1.0943035203291174,1.2658768524936392,0.14888722806577814,61,38,10,1
2671,89.03333333333333,-23.608966386939013,3.5211422552431983,1.314041544031781,-1.226876659586703,-0.08332651224759688,0.19519719960594298,70,46,10,1
2672,89.06666666666666,-25.51857560262646,-0.19601151608765477,1.783017641059601,1.6401436939246479,1.6874488375250905,0.3845333585473031,71,48,10,1
2673,89.1,-23.880047465509023,0.5413693954548648,1.6564911909158297,0.8563298452448377,1.1821741593974022,0.5916547316180474,69,40,10,1
2674,89.13333333333334,-23.407627058571798,-0.0055254544185565635,1.009509627063082,1.2678856040314268,1.40030383137565,0.268697159863613,71,43,10,1
2675,89.16666666666667,-21.29432359451469,-0.7923350573121581,1.0241383671747855,1.6456666037022971,0.4927333827682551,-0.2186115598364569,65,42,10,1
2676,89.2,-21.120761921835943,1.729267244185916,1.135563515055722,-0.03814154779168639,1.087029160948424,0.5098409039151693,58,37,10,1
2677,89.23333333333333,-20.309212641998872,-0.6889911299538447,1.125308540538981,1.5884471310444865,0.9632800649781942,0.142098539571875,66,40,10,1
2678,89.26666666666667,-18.96142432301511,-1.8399245187424285,1.319117671519578,2.3177506570691078,0.5671053321657504,-0.13767336634648192,63,38,10,1
2679,89.3,-19.01723796948617,1.1195632938927744,0.9136363697252818,0.1680755311180165,1.3735819281681212,-0.13467897106052848,62,39,10,1
2680,89.33333333333333,-18.59929415414368,0.9937272289188819,0.7811122138836168,0.2384811269110053,1.6973078548007328,-0.07763140100659886,63,39,10,1
2681,89.36666666666666,-17.76127827354304,-1.0079253378663324,1.9259327596536053,1.7073848993787206,1.6177103001529192,0.29382545401881505,66,44,10,1
2682,89.4,-16.130990761846608,-1.6980271084512566,1.006263495769815,2.0780574369027995,0.9771989539513017,0.12632316993275314,61,46,10,1
2683,89.43333333333334,-14.210714469034219,-2.741740062496177,0.8391575291043551,2.751437767464668,0.1487584247268354,0.41037714483607574,61,39,10,1
2684,89.46666666666667,-13.033512457429488,1.1348522517686561,0.9253812347213568,-0.111532325574328,0.12824721168505515,0.08703961605532419,60,39,10,1
2685,89.5,-14.943302162657133,-0.2420670774990299,1.1790725882613486,0.9149808305095745,2.0288488671401823,-0.17579707276661405,63,41,10,1
2686,89.53333333333333,-12.884211149080862,-1.732230763664326,1.4708645354298113,1.9923164973810148,1.1511054195004404,0.37540686451729227,61,40,10,1
2687,89.56666666666666,-14.392149593530672,-1.0891506172882615,1.2738958735807415,1.5380800174905365,2.7644766089802277,-0.29771003986720584,62,40,10,1
2688,89.6,-11.596874002443982,-0.44848184886734543,1.651832956215145,1.0250228718225283,1.5120035396087743,0.3330010511762512,65,40,10,1
2689,89.63333333333334,-9.306121224514499,-3.815052003283796,1.1797083833014739,3.228352533732503,0.2609074312354253,0.3395947641012271,62,43,10,1
2690,89.66666666666667,-10.19495434456389,-4.92273776425905,1.4415904273897837,4.040860197600808,1.4939134204785889,0.1923554200174042,65,45,10,1
2691,89.7,-9.006777430012015,-0.672484428424962,1.389125809342488,1.0187308788421578,1.4102405498345318,0.10127613358098912,61,41,10,1
2692,89.73333333333333,-8.281299351596758,-2.555913642466603,0.9688622432270222,2.2771093252021135,1.3701396048914576,-0.27082894852215916,47,35,10,1
2693,89.76666666666667,-10.087800310758055,-3.3932795474969453,1.6673214936436125,2.9379677178236974,3.222965005336853,-0.10009465400886539,46,38,10,1
2694,89.8,-8.472292883257595,-1.680842490348489,1.7413111228703855,1.6739169170170758,2.8011481833343868,-0.24334220183621494,54,39,10,1
2695,89.83333333333333,-7.83178609049957,0.5101666772276694,1.0845577178712347,0.0871285156265301,2.9742794589421626,-0.48417565486646175,47,36,10,1
2696,89.86666666666666,-5.243216170019622,-6.560608474363704,0.9667423350650921,4.988294199919464,1.3802953029356575,-0.08819362129423902,48,35,10,1
2697,89.9,-6.401644657246699,-1.9011943407478462,1.636488303013195,1.7318775186289628,3.0342592004811864,-0.23092571922097135,47,37,10,1
2698,89.93333333333334,-1.6009488395109486,-7.544706761437919,0.49548782423788396,5.4718183988793685,-0.32839472990349966,0.15986936095646748,50,37,10,1
2699,89.96666666666667,-4.478471913159474,-4.7494787904827405,1.539318750938591,3.6517699065855522,2.2860674775171117,-0.2667705201185636,50,35,10,1
2700,90.0,-1.4913409006162084,-1.4741771782413302,0.850506426801914,1.1347798054746947,0.695793686427045,0.35174437714204043,47,42,10,1
2701,90.03333333333333,1.1619927926058295,-0.46669066486417066,0.19199520492529132,0.2945685220809261,-1.0209233772787052,-0.08458083617634436,53,39,10,1
2702,90.06666666666666,-3.2555989664429035,-3.789296590499312,0.9876930542813227,2.9013853462768955,2.021409960301033,0.02601940243308333,46,35,10,1
2703,90.1,-2.7516702588182014,-3.0975409860012277,1.169957996858912,2.399106805219688,1.7950404841514591,-0.0291331181553427,48,35,10,1
2704,90.13333333333334,-3.758492140653942,-3.720340567499619,1.5110500582395332,2.8727290663559555,2.5134371561798137,0.06805467167308503,52,38,10,1
2705,90.16666666666667,-4.387146060550329,-0.3404109513510889,0.9626276774413327,0.5039010151545653,3.1144842785702482,-0.23089880361305168,45,32,10,1
2706,90.2,-4.036264358383342,-2.750618355869179,1.2364586835900155,2.2192034721004656,2.764755543600958,0.001956550177078995,52,33,10,1
2707,90.23333333333333,-1.8193732430965426,-4.90257530436859,1.1245162899970467,3.588989346215404,1.0990060296856523,0.2905850477498003,47,38,10,1
2708,90.26666666666667,-3.1550490565534446,-2.416150063174019,0.9260551382520816,1.9483325973829564,2.137436334130725,-0.20677034377336903,45,33,10,1
2709,90.3,-3.7935100203283483,-3.1572097331596964,1.2040325555490483,2.5016195189675905,2.573684309561955,-0.1279822635023077,44,32,10,1
2710,90.33333333333333,-5.846776574870482,-0.4608994435433935,1.5113497494660777,0.686860101350767,4.151334547338071,-0.23087344063912482,45,37,10,1
2711,90.36666666666666,-0.32806448665979104,0.3139509992411824,0.21707673725707366,-0.17300166188628519,0.23373255481143923,-0.09693459381893142,44,33,10,1
2712,90.4,-0.3675489239872718,-0.21952045078617033,0.19815665272764704,0.19059180907685958,0.26234130891888335,0.09815956075621728,50,36,10,1
2713,90.43333333333334,-3.0863660704663545,-2.9368740359040935,0.9866761140377349,2.2217768970404705,2.1177071789439093,0.5072463760180551,49,34,10,1
2714,90.46666666666667,-0.2521043472874993,-4.572887803189737,0.5224114250080873,3.3334363477343967,-0.0413676842749748,0.3037558874325157,50,36,10,1
2715,90.5,-2.1333027513659673,-3.6150567018298894,0.9344951438175713,2.675621328134182,1.2816273219535483,0.17079009572280435,50,34,10,1
2716,90.53333333333333,-1.872655400265593,-3.0778298326915206,1.2965641812050421,2.277629576624207,1.0256726629353126,0.38987700369556844,50,38,10,1
2717,90.56666666666666,-1.3170313134796245,-4.000327956204536,0.807224641612251,2.920348333278762,0.26252140723257583,0.3143019529216198,49,37,10,1
2718,90.6,-3.772855894288462,-1.8469363472368343,0.9757484279568587,1.5550156410795442,1.7804829741884682,-0.05577500516243985,51,39,10,1
2719,90.63333333333334,-6.383776723999063,-2.0835336474021062,1.479737702609853,1.8621750294276955,3.19552073862272,0.19695650819765298,51,38,10,1
2720,90.66666666666667,-3.852288991486404,-1.685676153332043,0.7557075366521246,1.3891549388050193,0.8707423040521011,0.30944850376854804,48,36,10,1
2721,90.7,-7.864362528242552,-1.3619355669782856,1.548764569077207,1.4042138195709226,3.2010465600552793,0.12440130697337524,51,37,10,1
2722,90.73333333333333,-7.290361788410934,-2.250458275705217,1.4096431073438254,2.0014487504591334,2.1548523203957646,0.2046983310343057,48,34,10,1
2723,90.76666666666667,-6.644195432378048,-0.07226815723858593,1.2182351017954147,0.4486497417554919,1.205221703012909,0.19529492352285763,51,41,10,1
2724,90.8,-9.873037286271511,-1.165095223923295,1.3133255997856708,1.3700947984696654,2.8104688507668607,0.01532050058831154,48,37,10,1
2725,90.83333333333333,-8.113248849015406,-1.1113292361057283,1.195755894559312,1.274415350043099,0.9151379991311287,0.3611129407256781,51,40,10,1
2726,90.86666666666666,-12.717939081123859,-1.954447497996476,1.4000119042492827,2.065620689663124,3.577607521490193,0.17304485963905517,58,39,10,1
2727,90.9,-13.52575873516637,-1.3559349333655355,1.1424028321531807,1.6651551553721706,3.611083372896512,0.12223155088992319,61,37,10,1
2728,90.93333333333334,-13.445843667756002,-0.8491276071908658,1.4825250335236149,1.2836721228053445,2.986125029763886,0.16138766099310367,62,37,10,1
2729,90.96666666666667,-13.230505575083129,1.2375211333713985,1.2836989129498733,-0.18083570621131592,2.3405110513221983,0.007866482088831131,59,38,10,1
2730,91.0,-12.44982159519951,1.3781355637085078,1.0062003927874343,-0.33451491735084077,1.183696774011606,0.4082747361191896,60,38,10,1
2731,91.03333333333333,-13.710832217243876,-0.8850573723412154,0.812109525515126,1.3591499385258359,1.3635960064573653,0.20529417576536,55,35,10,1
2732,91.06666666666666,-14.942970891429233,-0.34102610242371156,1.56034322936668,1.0618826921551414,1.6751741160172444,0.6215099361907265,60,43,10,1
2733,91.1,-15.96464990068888,-1.1740705269058083,1.0051107036870235,1.6806611126583848,1.7515501662492239,0.0733406731296508,59,39,10,1
2734,91.13333333333334,-15.271816320908911,0.4212388279861443,1.278335903871195,0.511427153377755,0.7615539329024874,0.5518373932173775,62,44,10,1
2735,91.16666666666667,-17.93628290732947,0.713653699784647,0.8674164084985847,0.389928538573886,2.0466866130960484,0.2126885186363359,61,41,10,1
2736,91.2,-16.20348099278915,1.467328685159245,1.2139386419879088,-0.20761606678600492,0.2534691903474693,0.36011427931390183,58,37,10,1
2737,91.23333333333333,-18.295026433435158,0.9745982687262575,1.2272146874636718,0.2970677423146188,1.099843542018931,0.4106919778485462,59,38,10,1
2738,91.26666666666667,-19.87020680658242,-1.0116638076729174,0.9841927310419578,1.7817593766991537,1.5051572075369362,0.20907410234108087,63,41,10,1
2739,91.3,-19.24810789459498,3.233203436125578,0.7235936606582101,-1.2711629312732373,0.7293356975752668,0.2411135171557213,62,37,10,1
2740,91.33333333333333,-20.76281185995472,-0.5040580129453076,1.343884297770657,1.5047122555260237,0.967700522551336,0.552984148443217,65,44,10,1
2741,91.36666666666666,-21.51195599537512,1.317048247838546,1.0667415735580477,0.23338656687883905,1.0250311067646511,0.36624124631101734,66,44,10,1
2742,91.4,-21.974067486636145,1.0718201334969244,0.8984102775837357,0.4561296752151053,0.7257350582249883,0.5130427376826446,61,51,10,1
2743,91.43333333333334,-23.59208227067299,1.4733730685979154,1.195774585556208,0.28913638005005066,1.323078695547325,0.5705040477190844,65,43,10,1
2744,91.46666666666667,-24.33636688944283,0.13641148082347598,1.1022330794341144,1.1800418387569034,1.1732517385815084,0.2626949014802081,68,45,10,1
2745,91.5,-25.015487051637432,0.3064220326620024,1.3225218944623691,1.1525172473359124,1.0540377256101872,0.5980189507624467,73,43,10,1
2746,91.53333333333333,-25.58753420621106,2.4859866517485862,0.7926182884079367,-0.35881865927318884,0.9576352480867164,0.3267206260141481,67,40,10,1
2747,91.56666666666666,-26.778038144198177,2.0941880264495616,0.8671981072105126,-0.016726417688895635,1.1752195516721116,0.5251603245867733,70,49,10,1
2748,91.6,-27.528282922738303,1.7214254804441183,1.3093765491044849,0.32723538098741495,1.0828080848301698,0.6063717102045176,69,53,10,1
2749,91.63333333333334,-27.94312236030987,0.18754191157528766,1.3017720144367786,1.4555448350103704,0.7087754249929784,0.5251657771325601,70,53,10,1
2750,91.66666666666667,-29.3548482855232,2.163646641677186,1.387919364936323,0.129763111683189,1.168562422052906,0.5502958195136578,71,47,10,1
2751,91.7,-30.47438887880605,2.1441555690884826,1.1514804756099437,0.2327523362686674,1.3821601974892603,0.6181046777066538,68,49,10,1
2752,91.73333333333333,-30.526498540816306,2.5807233418099287,1.0826505557450048,-0.11592110708971151,0.8249655126840933,0.6228838210251452,67,49,10,1
2753,91.76666666666667,-31.988877961530086,0.2604194012025225,1.2323400159494184,1.5794123768202413,1.1797331489105454,0.4378016858458766,74,44,10,1
2754,91.8,-32.26361693303174,2.234661327202023,1.0646685234307256,0.24429591830435146,0.8845405172746085,0.6355235327136743,71,62,10,1
2755,91.83333333333333,-33.442451044054444,0.7843852391910708,1.1226149806829966,1.2888331452514084,1.0353759359229526,0.5746262499576931,68,44,10,1
2756,91.86666666666666,-35.35231871272689,1.8836342641874566,1.2285480475036081,0.7180727336805938,1.7835314140941323,0.687610354055507,73,45,10,1
2757,91.9,-34.91273216911988,3.8611365579096883,1.106640254166976,-0.7940657173478691,1.0114809615198601,0.6481000595752576,71,39,10,1
2758,91.93333333333334,-36.89279927227082,1.4128899953556946,1.5808681714373591,1.0796445953794618,1.5867887522819168,0.6649816876709895,65,39,10,1
2759,91.96666666666667,-38.0432415869718,1.2658472514197676,1.5979858671485943,1.247960802059418,1.855118162221782,0.6197680404838677,71,43,10,1
2760,92.0,-37.959351856187226,2.6101381846143923,1.2671447441861403,0.2880485352307194,1.282956659975,0.7206044806485924,74,51,10,1
2761,92.03333333333333,-39.336514781982686,4.080643992907756,1.1456727728923255,-0.6420762478038248,1.6844288240983203,0.7142106946014798,70,42,10,1
2762,92.06666666666666,-40.14305644600164,2.8675237207674584,1.2185311093489588,0.2613762165852696,1.634936274383884,0.7392028219478444,73,47,10,1
2763,92.1,-40.18357825026779,2.7161188593088177,1.3734574880991204,0.3107020304177224,1.01585099952688,0.6878581870180924,75,60,10,1
2764,92.13333333333334,-40.963139472720385,2.414169797160991,1.2390377256559049,0.6177475228727868,0.9841544068011147,0.6153629964582306,70,65,10,1
2765,92.16666666666667,-41.338578548563554,3.896130356011927,1.2233982362231615,-0.4264751862165659,0.7949673767386595,0.6641490663176649,76,47,10,1
2766,92.2,-43.05514535371286,2.8722299010407433,1.4969025413717247,0.39908720696362865,1.2438480570750268,0.5782177339491889,77,50,10,1
2767,92.23333333333333,-44.65318325408766,2.7328640136062035,0.8339518569978424,0.6358956363547988,1.872270361293447,0.6422889223027162,78,47,10,1
2768,92.26666666666667,-44.93194036384271,1.8107940934960958,1.0885033035375216,1.2906528149029468,1.3849430145243784,0.5979918558972458,80,52,10,1
2769,92.3,-45.8527476415852,3.7412509489927537,1.2374108265579196,0.07260738716019853,1.4922516454700023,0.8451762058993734,76,55,10,1
2770,92.33333333333333,-46.96490084382149,1.9042529675787563,1.3626027464904098,1.3664808161928388,1.6232383517757272,0.6690180938893863,84,49,10,1
2771,92.36666666666666,-47.66302511721821,2.0537860760656343,1.4701607711821083,1.307890006214548,1.5214512397938178,0.6213461324972714,78,48,10,1
2772,92.4,-48.204565005064815,3.3322603566907283,0.8511557063484645,0.44473406669708554,1.4753042892497221,0.6939428957037385,73,44,10,1
2773,92.43333333333334,-49.508057103114034,2.322945870824796,1.0570023158494593,1.2455766325130742,1.6003164719352758,0.6651713021204401,80,52,10,1
2774,92.46666666666667,-50.05652678429318,3.778810488446748,1.4913595473831691,0.22037826354434598,1.4650462375780093,0.7889686563854,78,42,10,1
2775,92.5,-50.99523088714313,5.078279654489577,1.1466675846666732,-0.613138848268757,1.6349916397126627,0.7246252853416596,77,41,10,1
2776,92.53333333333333,-51.810355097445985,3.9832850229358847,1.3433046350377964,0.19207103035825787,1.4959363333774798,0.6805168575201371,81,49,10,1
2777,92.56666666666666,-52.32666833965281,3.669690650634088,1.4250950427278752,0.47787346933990926,1.2844015985348907,0.6574564887808907,85,62,10,1
2778,92.6,-53.92060855994569,4.146790710158996,1.6209797462121998,0.20146134364218196,1.7450467383932973,0.7595820724269952,84,48,10,1
2779,92.63333333333334,-54.651785985704684,3.372548665479343,0.786507200479079,0.8682827582404348,1.7886688497887455,0.7732457543402503,84,52,10,1
2780,92.66666666666667,-55.403022347625566,4.856396423490509,1.3168503832982879,-0.2048853747370611,1.5954664023144052,0.6289817524753134,84,55,10,1
2781,92.7,-55.93486177774381,2.7261889130734858,1.1966157638240418,1.3263872485298371,1.4151340261146277,0.6444533500732254,82,57,10,1
2782,92.73333333333333,-56.25732144409538,3.696708373643247,1.3535373761852298,0.6794774326148495,1.1044339111098793,0.6723155805332298,88,76,10,1
2783,92.76666666666667,-58.19154237858275,4.638045769420142,1.5219139805902415,0.12200883010207042,1.747137326308036,0.7062459658727127,85,45,10,1
2784,92.8,-58.786545455034094,3.560751294985888,1.4586447431706517,0.8781848863802257,1.5533128946330843,0.7291459650597594,81,47,10,1
2785,92.83333333333333,-59.77273741945737,4.50362601331539,1.447501745428312,0.304924237001313,1.6684880246955556,0.7634831368479582,75,48,10,1
2786,92.86666666666666,-59.801380424133534,3.9464744181870337,1.577471961804065,0.6922572811352244,1.1931178952389694,0.691367970356266,76,50,10,1
2787,92.9,-60.52753136613563,4.189674102302973,1.388139748104095,0.6373493456273104,1.1180793092661259,0.7573417820030443,78,53,10,1
2788,92.93333333333334,-61.67287982097374,4.577914940202216,1.5621098735108632,0.3697079364841292,1.3228403575063585,0.7744698667469899,79,56,10,1
2789,92.96666666666667,-62.3506329652346,5.239602486772434,1.2968607620706365,-0.07878127890331257,1.237004134764463,0.6676780963335255,83,60,10,1
2790,93.0,-63.452544040801556,5.4535454949380195,1.5419073629252296,-0.14403787611167365,1.3526743465757622,0.766763979088495,83,52,10,1
2791,93.03333333333333,-64.55555347360928,5.350455540365978,1.441789748997678,0.06274816834818207,1.509401539269693,0.6313477576573474,85,52,10,1
2792,93.06666666666666,-66.0607372883972,4.927222607168471,0.7124284834830235,0.5211551802950671,2.120996193592669,0.9590529070081864,84,45,10,1
2793,93.1,-65.82763872225364,5.63838875086735,1.430095605052074,-0.11640530763527879,1.3730279172133344,0.6683093144355172,83,52,10,1
2794,93.13333333333334,-66.92853037022064,5.897197418618234,1.4088905354779087,-0.19835091834312205,1.4372904351643656,0.6988917323105737,79,48,10,1
2795,93.16666666666667,-67.86707546010997,4.515896954769424,1.5003310035020263,0.822162607821507,1.4250146263130772,0.790546745226409,85,52,10,1
2796,93.2,-69.02315809797727,4.087824990171676,1.417683162298431,1.1800113205252463,1.5973310100551539,0.6460958943684862,83,46,10,1
2797,93.23333333333333,-69.74589635113044,5.438243312639134,1.5157704540773693,0.3063095308644301,1.6399871473207477,0.8529040804706788,86,55,10,1
2798,93.26666666666667,-71.10572679659592,6.714673027134161,0.912925953941027,-0.5099741507869866,1.9768021716076598,0.7412833522935849,80,54,10,1
2799,93.3,-71.25635236622028,5.8132814582126215,1.4261186678667315,0.1400868489907117,1.4744354585342734,0.8228847352271101,81,54,10,1
2800,93.33333333333333,-71.94957670125174,5.219227712689545,1.264907089150384,0.6236786817489222,1.4839235445429961,0.7341885629936494,83,56,10,1
2801,93.36666666666666,-72.89529297248095,5.321207506499491,1.4681836345954196,0.549703627541984,1.4575692949334884,0.6906057778781125,84,68,10,1
2802,93.4,-74.06216312378427,5.73983471575038,1.2858477018535552,0.4019822602883982,1.671244366355352,0.7780187510489959,82,51,10,1
2803,93.43333333333334,-74.6981983387042,5.113435667847789,1.3913299213980679,0.8209793678039357,1.5556641814821417,0.7547945470538237,81,49,10,1
2804,93.46666666666667,-75.94714060015738,5.565394427482627,1.3893508430056585,0.5925556244555789,1.7596533371019343,0.7365647327694385,75,45,10,1
2805,93.5,-77.19412851165912,6.855012298625866,1.7947058970505196,-0.2445733316553064,2.206359127226762,0.8724561210074389,74,39,10,1
2806,93.53333333333333,-77.39235303722569,4.733038423015138,1.5463398355165765,1.2199059548325235,1.597985900378402,0.7512623087370283,80,45,10,1
2807,93.56666666666666,-79.00925269812257,6.947831376342592,1.0779674944302684,-0.25132931288146027,2.128915741777873,0.6883626050525208,72,48,10,1
2808,93.6,-79.99955645738083,6.871520090904497,1.267098562667826,-0.02042692943111181,2.2858320972029214,0.8582001676023235,75,44,10,1
2809,93.63333333333334,-79.34591051641749,5.067933020104224,1.86909192875045,1.1450744817851888,1.206132784952396,0.7684815702695089,72,62,10,1
2810,93.66666666666667,-80.79051679778217,5.848177691928168,1.4900894046327693,0.7019206372249163,1.60868368761947,0.7289984947389109,68,40,10,1
2811,93.7,-81.76650921311132,6.310692218197637,1.8437323305434319,0.3913185542626876,1.8497308337782246,0.8403674326232351,73,41,10,1
2812,93.73333333333333,-82.19719343818932,5.5091285647250565,1.7255046273410102,1.0328326290251042,1.4213826488479073,0.7275261201542452,71,48,10,1
2813,93.76666666666667,-82.2331975268874,8.527133740358302,1.6978315804847028,-1.075843390655329,1.0890757374049007,0.8989054441748153,78,49,10,1
2814,93.8,-84.0149378854375,6.205231196579241,1.503819322476886,0.7107818680602539,1.5449946301772246,0.8482186570574535,70,61,10,1
2815,93.83333333333333,-85.02244518279348,5.617697183233069,1.643731625069691,1.1334366908439177,1.6055518096604393,0.675055167394159,71,57,10,1
2816,93.86666666666666,-85.60852182800649,6.516571764498359,1.528782735014218,0.6026423682598612,1.571254136040047,0.8144139738647715,67,48,10,1
2817,93.9,-87.37520815529449,6.609466670772292,1.061388654702128,0.5964779574335995,2.0937450531506907,0.7590074139617282,62,42,10,1
2818,93.93333333333334,-88.0406281356576,4.704603727247555,1.5619307459587475,1.97924117172184,1.8889636306189004,0.7283304440353348,66,45,10,1
2819,93.96666666666667,-88.33055116826239,7.608422962831341,1.363279879684825,0.08732912889846348,1.7360849144878197,0.9442365517174784,65,48,10,1
2820,94.0,-89.39068322798153,7.714891818982252,1.234456384237916,-0.08688297831306596,1.8565792469647362,0.7274295432621832,64,48,10,1
2821,94.03333333333333,-92.11673842548846,7.31392762060522,0.17983955588547929,0.1201653850209908,2.942424176164995,0.40450583942181584,65,42,10,1
2822,94.06666666666666,-90.71312284560034,7.500848571542981,1.3616063897528932,0.29302272900225734,1.663955773899487,0.8733180673253743,62,44,10,1
2823,94.1,-92.0692792694941,6.556060983662604,1.2831441174072893,0.9220271315439236,1.8890174406852684,0.6978897628408626,57,37,10,1
2824,94.13333333333334,-92.71803675837295,6.7918592265461015,1.6661267570018197,0.8650131854274848,1.8006278571463454,0.9112445080983884,61,42,10,1
2825,94.16666666666667,-93.85751886805788,7.706811947227692,1.311916248224108,0.23952851839042102,2.014010960574986,0.8144520337967092,53,36,10,1
2826,94.2,-95.0232951950839,7.775730484112991,1.0430169210352034,0.21046561015827925,2.2497964498681577,0.7517179969178339,56,38,10,1
2827,94.23333333333333,-95.28602652307723,7.343136153921201,1.6697892349136083,0.6465311817156615,1.840752085688516,0.8612372462094877,62,50,10,1
2828,94.26666666666667,-96.76850627870417,6.980464230277299,0.9405650905437568,1.093655733106506,2.3048528949248297,0.9647786951531576,60,44,10,1
2829,94.3,-96.8598119303521,7.221556039501031,1.6040661782733423,0.79691967438642,1.7657810908024838,0.8419224330988987,52,37,10,1
2830,94.33333333333333,-97.99041693363273,7.0468147624617075,1.6514626757377755,1.0248916353388413,1.8765880222845357,0.885032323000707,50,42,10,1
2831,94.36666666666666,-98.85922593088173,8.553372635190492,1.4083700705285338,0.013852284695159867,2.064703732067312,0.7677868412015231,56,40,10,1
2832,94.4,-99.42737478213729,7.646695764992145,1.786286440891402,0.6985163920348968,1.8114627024731529,0.8412734976515527,52,41,10,1
2833,94.43333333333334,-100.4290614896581,8.827352911418245,1.375543968301372,0.04262064306101642,1.9946935734995015,0.9437266232480753,50,34,10,1
2834,94.46666666666667,-101.23100785674347,8.453375553851366,1.540450862236355,0.3121894856605669,1.937770593330802,0.9751171847964438,45,35,10,1
2835,94.5,-102.18720647379095,8.324451850645573,1.462299002065805,0.39053290404184576,2.137617340121888,0.8631863991314538,50,41,10,1
2836,94.53333333333333,-102.8428222260968,8.0807660934085,1.0147364795693221,0.7435230319261048,2.119495547571618,0.9650681984086349,47,35,10,1
2837,94.56666666666666,-103.48503957220228,8.281884785620797,1.0970005579644493,0.5761461471545646,2.2487319062876776,0.7928676397424104,41,32,10,1
2838,94.6,-103.16456015284538,9.689659448189907,1.330443199146771,-0.5178394905390934,1.9228864808556272,0.8020323256170582,45,37,10,1
2839,94.63333333333334,-103.60451417205442,5.373616565464221,1.5101872396174087,2.4505291894667787,1.7681984831752149,0.617684373537441,41,30,10,1
2840,94.66666666666667,-104.44569205402146,8.873967280420167,1.0664954222827276,0.2717166198805055,2.5130083476760197,0.8824740742206872,45,32,10,1
2841,94.7,-104.22229480260253,7.963444752266248,1.5487680178316765,0.7594158276158044,2.2368421942398657,0.820439228342996,44,33,10,1
2842,94.73333333333333,-104.56947285849265,8.273740253892946,1.2267018524321003,0.6250006487241049,2.446304925675992,0.8301010245595231,38,28,10,1
2843,94.76666666666667,-103.70921068042506,7.865017569643221,1.3238687565614669,0.809622865463064,1.8937017116982306,0.7608644551888706,47,32,10,1
2844,94.8,-103.68813152967525,8.445716139305013,1.5012238589908975,0.3957237936361782,1.8934471733525589,0.7587619018907412,45,30,10,1
2845,94.83333333333333,-103.96063680233243,8.645905684700892,1.3119880229450445,0.2692855905565449,2.0803228792858537,0.7695756377612716,42,33,10,1
2846,94.86666666666666,-105.10926229576438,7.375623180029784,0.8740235107816261,1.255857454595809,2.810588193360728,0.7395398805489071,39,28,10,1
2847,94.9,-104.40695647225003,7.991018465441364,1.1788537049828705,0.8107826751996954,2.2976011144571347,0.8175292307213257,41,37,10,1
2848,94.93333333333334,-104.59228181371142,8.069503233772899,1.0336804307215601,0.7383534073059831,2.490989197703905,0.7070055043812574,41,31,10,1
2849,94.96666666666667,-104.63685931364557,8.450027998511722,1.0580031369467378,0.5133363422464476,2.5031147055541823,0.8116770576759498,44,35,10,1
2850,95.0,-103.33782614546226,8.133292122398203,1.465778002541441,0.6282577517469883,1.6134091674831703,0.8162826157829927,44,32,10,1
2851,95.03333333333333,-103.34188731822437,8.171753123335392,1.4935226271984305,0.6074483380608564,1.623612690858914,0.8050666823137218,46,36,10,1
2852,95.06666666666666,-103.86649915445074,7.885631661616266,1.2719565009927578,0.8022292369831178,1.955526675454104,0.7695838347293747,43,30,10,1
2853,95.1,-104.21819167475994,7.963922997928762,1.132405590384721,0.8313092241538399,2.2587090977383144,0.8003200265162295,44,33,10,1
2854,95.13333333333334,-103.0963769390684,9.911475587590665,1.5522946030945235,-0.6332185311245799,1.7839801190062836,0.8188726699800453,48,39,10,1
2855,95.16666666666667,-102.59817609423914,7.877037621812178,1.7539742374322742,0.6979014591631972,1.4570649050974858,0.7055618457412429,43,34,10,1
2856,95.2,-102.21636503737146,6.680809612065829,1.5374500484206948,1.4409890159791632,1.5075275994020814,0.5613607936561201,45,35,10,1
2857,95.23333333333333,-101.63109741789594,7.933091044318282,1.4071276724645827,0.5801225083542292,1.6532809017426617,0.6175602718414686,49,41,10,1
2858,95.26666666666667,-101.50023428173601,9.121200224685857,0.7297264966461796,-0.2889080162934946,2.2390491338461183,0.6815310840346486,48,36,10,1
2859,95.3,-100.88306539966871,8.994028100466707,1.0668516512838835,-0.27710530522478555,2.2783079041006276,0.5875308595412673,50,34,10,1
2860,95.33333333333333,-100.64117118726406,8.414907762745152,1.4371052518066136,0.21982558754875636,2.51769351063389,0.8504143496708463,46,34,10,1
2861,95.36666666666666,-99.2075743626641,6.908968327935241,1.1903160990167123,1.0902683514862919,2.135279514147889,0.5350318391776652,56,42,10,1
2862,95.4,-98.67654343902154,7.9399194759029115,1.1578786727015,0.5322508488715383,2.2861120604724894,0.9071849963842106,53,37,10,1
2863,95.43333333333334,-97.36506899386416,8.364249685397084,1.3980170668531287,0.046273455073548096,2.000201011572648,0.8297227994801115,48,36,10,1
2864,95.46666666666667,-96.76809250817229,7.996747679942288,1.2349561174539048,0.2965145058578741,2.170171422684376,0.8853552429732566,55,42,10,1
2865,95.5,-96.24915446037886,8.486350158827456,1.2300795426720441,-0.08886253909559959,2.397547706082896,0.8201156175589547,49,30,10,1
2866,95.53333333333333,-94.74500973166624,9.320880905731443,1.0157362575486104,-0.8679815117190579,2.020635234163777,0.8465188549189752,54,36,10,1
2867,95.56666666666666,-94.15102451355372,7.975167158162222,1.2677242710089303,0.12565715509652056,2.1252894134792766,0.8266078511923135,58,47,10,1
2868,95.6,-93.33211285493643,7.131318794846365,1.0192393423318151,0.5399140236687728,2.139640736412981,0.6818691996465747,49,33,10,1
2869,95.63333333333334,-92.44111151109128,9.051943157660801,1.1304193293197358,-0.7440322270222184,2.1995336825488296,0.8451373148755207,56,40,10,1
2870,95.66666666666667,-90.7531048484739,9.99920403282146,1.5563317937563284,-1.5400292497523589,1.6049863927698376,0.7905527513041819,62,47,10,1
2871,95.7,-90.7856536743378,7.382076239862037,1.2249995158567941,0.2517817027972956,2.091754914732322,0.6992836495469059,53,45,10,1
2872,95.73333333333333,-89.9328673649942,7.914007740476805,1.262951324790933,-0.022910907229361416,2.019776367557615,0.8903918894572733,68,47,10,1
2873,95.76666666666667,-89.20126303316675,7.490280959752219,0.9865514623771361,0.03466550008010665,2.2202240273316103,0.592911646185262,71,50,10,1
2874,95.8,-87.66693355349253,8.336667914747068,1.4207187013130351,-0.5586206031608956,1.7197453887295984,0.7974582075128444,68,51,10,1
2875,95.83333333333333,-87.51539035081925,6.910456358794001,1.279300443051767,0.37895946820762844,2.171787831948003,0.6426481161424105,68,45,10,1
2876,95.86666666666666,-86.15466611469199,7.830359835041179,1.1317243899921579,-0.3596268378617049,1.8552081298192575,0.7124074266160785,65,49,10,1
2877,95.9,-85.88865698461728,6.210730702637235,1.217161797115267,0.7596785472211737,2.110278984547204,0.7249747835961513,63,48,10,1
2878,95.93333333333334,-83.97002198373758,7.245084160810684,1.5364076182549553,-0.0561344101811023,1.4896101612453887,0.704127645564356,66,53,10,1
2879,95.96666666666667,-83.7401206702517,5.486094265618473,1.5438045302342545,1.1122157679160427,1.7473798355593964,0.6747459351769732,62,45,10,1
2880,96.0,-82.81627353412824,6.995291910259745,1.2696523015238768,0.020909818241296726,1.8185084642701645,0.6541452610587626,66,43,10,1
2881,96.03333333333333,-81.72015399899277,6.505737501674538,1.3868404656266335,0.2899929572773895,1.6694667741995506,0.6529034109390343,69,56,10,1
2882,96.06666666666666,-80.99194275652704,5.883337650665727,1.4661891376122753,0.5658543151209892,1.6787873978474401,0.5846244611200893,68,47,10,1
2883,96.1,-80.01225335393627,6.429307670109665,1.6603004200274825,0.23531088484430845,1.4759571646759313,0.7306144633330696,75,46,10,1
2884,96.13333333333334,-79.21773058646531,5.167139337849029,1.3511788964608087,1.028190077203333,1.5939879469267797,0.5385381921641921,74,51,10,1
2885,96.16666666666667,-78.95251891500138,5.486391320871384,1.228524170082764,0.7726373322550121,2.03442619975617,0.5339394641789228,80,54,10,1
2886,96.2,-77.78812660137618,6.885267578471243,1.2228475385598045,-0.30656831416846336,1.8272681170236365,0.613798782452489,77,54,10,1
2887,96.23333333333333,-77.29956187882358,4.9058165605531165,1.087707867679498,0.8885806306236452,1.9697307521720286,0.3690558257811504,82,47,10,1
2888,96.26666666666667,-75.51344301424825,8.700712292522134,1.572449407959951,-1.6519041393946898,1.4487573700893757,0.6986011365177163,79,51,10,1
2889,96.3,-74.71961360064829,6.016388401558551,1.6678399036228058,0.2029096967955226,1.377291108016577,0.6287417365006642,75,55,10,1
2890,96.33333333333333,-74.91587155022845,5.928458070885998,1.2579654047634818,0.19626495904259492,2.090935978955207,0.5957381357836269,74,49,10,1
2891,96.36666666666666,-74.17490222661793,6.668361976997524,0.8207503764454458,-0.39605278692292495,2.1984999989837117,0.5851089025935163,78,49,10,1
2892,96.4,-71.96871510958997,6.610115285167964,1.1108170427777821,-0.4935272446046988,1.486068824402937,0.6302952074589949,80,58,10,1
2893,96.43333333333334,-71.81877880548525,5.758117219660889,1.4936021615877877,0.1719499375048394,1.7745183552681045,0.5776252124842667,79,46,10,1
2894,96.46666666666667,-71.1162164920735,5.862744546648855,1.4101724862579204,0.10049753931048608,1.8507620536876586,0.5359113918115613,75,47,10,1
2895,96.5,-70.14454359085954,5.097319619713126,1.3097912119674504,0.5029593076864987,1.7180074713178513,0.551848758526527,78,45,10,1
2896,96.53333333333333,-68.92703846248712,6.072089771078069,1.4396919930155718,-0.24612371811275363,1.4836006050705626,0.6628096923112532,80,61,10,1
2897,96.56666666666666,-68.67127647791324,4.1355031272450695,1.5001836684452599,1.0689626864215094,1.7782486452080069,0.5809776195870652,78,49,10,1
2898,96.6,-67.5005899311606,5.5135402348410025,1.2984110222129601,0.06065812950797253,1.6794892757747768,0.5792928944507305,77,52,10,1
2899,96.63333333333334,-66.38742936529121,3.090444019469693,1.8529152064136838,1.7570584243051806,1.4090141654915074,0.593755515201679,82,52,10,1
2900,96.66666666666667,-65.76098950945007,4.32026852038506,1.4912439895467031,0.8202942197294699,1.5666321182301557,0.6730128482173441,86,57,10,1
2901,96.7,-65.16398721050568,5.582539328200575,1.3563772052623335,-0.14102528075648837,1.8109312513201092,0.6262047014047316,79,49,10,1
2902,96.73333333333333,-64.07033187209427,4.973913645801609,1.3820481094798822,0.2180433339572586,1.6410456875988848,0.5477115713076596,82,51,10,1
2903,96.76666666666667,-62.119925655229586,3.2199108945240695,1.361578306559963,1.3663873085864122,0.9104270321922928,0.6301166140210651,82,50,10,1
2904,96.8,-62.354071006985464,5.937009680265948,0.6497335020341382,-0.63514196503631,1.805957252764973,0.5935362043382235,78,51,10,1
2905,96.83333333333333,-61.74616519045183,3.8242276743611647,1.5108417724603385,0.9214147773818389,1.671269911919952,0.6062597753579934,82,57,10,1
2906,96.86666666666666,-61.06362267447375,3.5764661388173593,1.6278830481395516,1.0150485472390824,1.817603876704544,0.5719464848039111,80,53,10,1
2907,96.9,-59.73795194557706,3.4696662929751803,1.6360550319417513,0.9877474334878529,1.5473104905317119,0.44310176344346724,83,56,10,1
2908,96.93333333333334,-59.15258438294639,2.6510898467848563,1.6229902773711586,1.5629009603137085,1.697969826664487,0.4728954713694227,81,48,10,1
2909,96.96666666666667,-55.76564394181199,4.514885288191429,2.1208171857896616,-0.03714683020680831,0.03415079435604595,0.3968604425149579,84,53,10,1
2910,97.0,-57.27976944861578,3.198678693967164,1.6291597738865136,1.0819290582908538,1.5480031759500759,0.5197120261431102,81,56,10,1
2911,97.03333333333333,-56.666994712557404,3.7832454967282416,1.4125873974342653,0.5952963969554926,1.752674910910231,0.583461540424721,82,52,10,1
2912,97.06666666666666,-55.402390146157416,3.0984358875773594,1.4430144536506901,1.0296466135535263,1.4483412068012467,0.5499513693957345,86,60,10,1
2913,97.1,-55.15513226120661,2.477036962263327,1.7445388086756708,1.4284495795958643,1.8315897334324351,0.5222257684112154,83,48,10,1
2914,97.13333333333334,-52.87927088253723,4.797679449979029,1.7046031531731671,-0.39397558047709946,0.9116657462795112,0.4953350812517448,77,48,10,1
2915,97.16666666666667,-52.91235054685094,3.245418828736348,1.4036212390720522,0.7781870808570037,1.4399843358099984,0.5289414292741659,76,65,10,1
2916,97.2,-51.61411190183067,2.229069004003698,1.4233245603668934,1.3990465170856718,1.1220219415210997,0.5261230275579191,82,66,10,1
2917,97.23333333333333,-51.351210343480716,3.2093882900217032,1.4882322095591007,0.6474631283673112,1.5964493121155348,0.37817177902618093,87,64,10,1
2918,97.26666666666667,-49.833368049397265,4.567908242632317,1.473988533063121,-0.3060090367212759,1.2360521031132763,0.5448560230774848,77,46,10,1
2919,97.3,-49.59680661144188,2.522919685565274,1.3473028562265341,1.0625911479271455,1.5174130498797935,0.45201690823406526,75,52,10,1
2920,97.33333333333333,-49.059728306845244,2.450174229146512,1.7433868752381017,1.0575464094078704,1.7076897415752466,0.5577172898018312,75,50,10,1
2921,97.36666666666666,-48.18004486765017,2.271640186993242,1.608481661095439,1.2030022316418572,1.636545001126364,0.521510507495544,79,65,10,1
2922,97.4,-47.5609202848039,2.434637225745245,1.8781421097187518,1.0586167953662422,1.8146345855367885,0.5143047325037297,78,51,10,1
2923,97.43333333333334,-45.163357336779754,2.818214770236043,1.613123367986276,0.5491985194189091,0.8276309507268172,0.4029486003360515,74,56,10,1
2924,97.46666666666667,-45.417333890229536,2.8979787164558317,1.1143471844079187,0.5903501209422447,1.5867388609138313,0.6123384601384535,77,47,10,1
2925,97.5,-45.16159282646995,1.9307897470538293,1.9041680907997574,1.2323026290193202,1.8833569360501665,0.48672572703230876,79,52,10,1
2926,97.53333333333333,-43.901035088267406,5.567357198054001,1.376340549034822,-1.4206167528034843,1.791225091037258,0.5985005918120653,79,52,10,1
2927,97.56666666666666,-43.226170520800586,2.8421721678788003,1.1762153832398639,0.4659711043187891,1.8583790627220664,0.46718143862688527,78,44,10,1
2928,97.6,-41.315411005270256,4.0269492418763235,0.8437796399487212,-0.6900594680411992,1.258821302395071,0.10090990032639696,70,46,10,1
2929,97.63333333333334,-40.61861676126465,2.5918416168282015,1.5833809582693306,0.5460765098552381,1.15084673499623,0.4061200589353584,75,43,10,1
2930,97.66666666666667,-40.37649471860274,1.7022328871022268,1.633137659174821,1.1196015696487096,1.4976157961364793,0.4756772590697696,79,63,10,1
2931,97.7,-40.072473332720655,2.2933192968566516,1.9522621887207947,0.7077944163962994,1.9249895343462162,0.4656468799368863,73,51,10,1
2932,97.73333333333333,-38.670401629730335,1.9265151865857995,1.3229315143025246,0.8704110453052382,1.5135756034580097,0.39809770933605604,76,56,10,1
2933,97.76666666666667,-37.75785381210994,0.8487602376011907,1.4341770455176004,1.596396847865303,1.487612136544718,0.4709337834018145,74,51,10,1
2934,97.8,-37.28945728646559,2.657553932516187,1.6532064502882662,0.2974849962090501,1.8071680851464509,0.44945726125654795,72,48,10,1
2935,97.83333333333333,-36.300172817541544,1.5492518387424035,1.7899278213906058,0.9640450727388579,1.6368670564223564,0.5335511758411284,71,43,10,1
2936,97.86666666666666,-35.25518083581043,1.0754158673179148,1.2772623719885274,1.199387938446378,1.5312943514216073,0.2126028630208571,71,41,10,1
2937,97.9,-35.90233375989711,1.3383553056685003,1.7101805641364507,1.0676073345211639,2.5077213303025685,0.3649087597666428,72,39,10,1
2938,97.93333333333334,-32.81938699866349,1.8813694113233908,1.3703786593137437,0.5078527496354229,1.0728211503377656,0.4989294586421751,69,43,10,1
2939,97.96666666666667,-31.882179510363642,1.9605094143128206,1.2160655846391109,0.3173678888636953,1.0224804810285248,0.026582266630549425,70,45,10,1
2940,98.0,-31.412641729386667,3.0113767062551453,1.3084197311449657,-0.39978198698049294,1.2858160283007833,0.42528731941830566,71,48,10,1
2941,98.03333333333333,-30.754383563175686,1.2001545889280507,1.5167187721715578,0.8375229154938411,1.296002314657848,0.4629996697942067,75,43,10,1
2942,98.06666666666666,-29.280835707597372,1.543274750790161,1.5690609977418006,0.4860063778727207,0.9139525314498713,0.1887811451743425,71,45,10,1
2943,98.1,-29.3803851022709,0.6537896448766389,2.040729298020807,1.1988464686129745,1.6034420389489064,0.34979831225338076,72,41,10,1
2944,98.13333333333334,-27.541561978172933,0.26391647335038826,1.2044780153932635,1.2377545756257111,0.9176295039568869,-0.021256310965396562,70,40,10,1
2945,98.16666666666667,-27.046402159231008,3.3437240562752635,0.5569967526509032,-1.0243824227589546,1.3490718911339512,0.06882719956242514,65,38,10,1
2946,98.2,-27.185037826832712,0.01835473355733086,0.4226608763415811,1.2927512027654808,1.8719033121185722,-0.28578416323564165,64,35,10,1
2947,98.23333333333333,-26.68664499102933,1.821233671348999,0.990040985564633,0.12768545447253365,2.1291183503729503,0.19952877630113064,66,41,10,1
2948,98.26666666666667,-25.023069011155382,0.013523771865745715,1.901322145328308,1.4178852426708168,1.559241606752349,0.380786558304927,71,50,10,1
2949,98.3,-24.10159819278116,-0.15341480891513015,1.2990498051293144,1.4972968110586633,1.40568427407478,0.32500190954098795,67,43,10,1
2950,98.33333333333333,-22.901980551501154,-1.9980923532576895,1.6420923606463447,2.749668347011406,1.126480936189483,0.34390225369061167,69,49,10,1
2951,98.36666666666666,-20.84230718252399,1.7072601669801948,1.2421960018236007,-0.12661509736624169,0.39166417661976693,-0.08958211117996139,64,40,10,1
2952,98.4,-21.41495044478273,-0.9749268525284691,1.1520272599551191,1.8436810400469295,1.2826236294229927,0.019125631697367473,68,43,10,1
2953,98.43333333333334,-19.280545402794466,1.8417268628452668,0.8239989556118985,-0.2981742468860257,0.5156701734319664,0.022783750042534006,69,41,10,1
2954,98.46666666666667,-20.736239471146817,1.0457008315120966,0.9321570013049296,0.3133265462041738,2.0971145254120587,-0.24883179000667618,66,42,10,1
2955,98.5,-20.400919449480863,1.168197375005274,0.5070397118971215,0.1743547603538855,2.562508835296646,-0.12059143508423303,61,39,10,1
2956,98.53333333333333,-18.174426021359572,1.073919790316772,1.308257875676972,0.21427982220195113,1.5234764577478075,0.45933794877691964,61,37,10,1
2957,98.56666666666666,-16.540310608699833,-0.42735998134368103,1.53917651218552,1.17823269563074,0.8713788172325464,-0.15955913467916688,64,36,10,1
2958,98.6,-19.284035754598893,1.0480281791162405,0.4312587083803976,0.1820951630876625,3.4819036060172204,-0.3546173691183514,64,39,10,1
2959,98.63333333333334,-16.018089250543785,2.324164965225009,0.7667572502238897,-0.8229374458234656,1.8043828957317793,-0.3099525214065728,62,35,10,1
2960,98.66666666666667,-13.49621573058193,-2.3964040481939968,1.1556134985932545,2.4676746965471192,0.4303531159309078,0.4359283621808294,62,41,10,1
2961,98.7,-13.810073248838325,-3.171225379001797,0.8924940374891435,2.952279190772469,1.220635122455215,-0.272312189954696,65,39,10,1
2962,98.73333333333333,-12.708623695112529,1.385668729024296,0.9832215320974029,-0.279695963712731,1.2675900169955074,-0.1265512222175505,61,40,10,1
2963,98.76666666666667,-12.402621762417631,-1.3577998853376698,2.0933640782286744,1.6946538032584233,1.6459077889016134,0.5377189977021474,59,36,10,1
2964,98.8,-13.467948046043304,0.07929786954048623,1.2955732607784967,0.6415568657264757,2.927223198095945,-0.4094189522470124,57,37,10,1
2965,98.83333333333333,-10.928464233033345,1.0425530326584322,1.257295823172072,-0.12085004317031267,1.8181580422909147,-0.2695234165906166,61,36,10,1
2966,98.86666666666666,-10.31681245299125,0.6167595382731221,0.9599483260404611,0.10380436010720845,1.9504907227482757,-0.2578382418742519,57,37,10,1
2967,98.9,-8.832015827012818,0.17276750279068054,1.1021273342650204,0.3095541512370385,1.4728761875829532,0.2027724201812145,49,38,10,1
2968,98.93333333333334,-9.654620844815547,-0.7156682648432664,1.2414641524899395,1.052529951839642,2.5688892483236914,-0.40598856648959314,56,39,10,1
2969,98.96666666666667,-7.26425047282013,-2.8630067483741115,1.1331856727272225,2.4525849302883356,1.4023864485158382,-0.12575677732587298,47,38,10,1
2970,99.0,-9.0109710255158,-1.312089754255446,1.3514247074299703,1.4302782532979603,3.2962799016782625,-0.2764072312365023,48,37,10,1
2971,99.03333333333333,-5.968395351634818,-3.174782914628416,1.1543643581708238,2.56265433407764,1.648127161629171,-0.10726363317235309,51,36,10,1
2972,99.06666666666666,-4.920732512760566,-1.6899569992270713,0.9257857658171815,1.461156236801705,1.5779533958619507,-0.19098622653607367,48,38,10,1
2973,99.1,-7.048566446032304,-2.4640723442992005,1.698461926807127,2.129930594618023,3.5466363812861563,-0.22851231965994953,53,40,10,1
2974,99.13333333333334,-7.601750605859458,-1.5219726725305804,1.7318769436989783,1.527050695189779,4.376910666715063,-0.35547101536072895,46,35,10,1
2975,99.16666666666667,-5.259631001338569,-3.917382246974679,1.3377256071524073,3.1012306285940907,2.9993286615997676,-0.14022809699252445,46,35,10,1
2976,99.2,-0.5606636797089237,-1.2842606140400967,0.39591385601751483,0.887557482654463,0.1054966917383115,0.5613843031319099,43,35,10,1
2977,99.23333333333333,-2.7906727647584404,-5.382596168487094,1.1513468627564691,3.997354256113853,1.5819852009436817,0.09105881791709063,45,34,10,1
2978,99.26666666666667,-3.3702086867207868,-4.39107689434892,1.2198108713004103,3.2762560076702893,2.163840898431037,0.011083216394683378,47,33,10,1
2979,99.3,-4.00918593602745,-1.8291338714065688,1.3510956850096676,1.5839540888222452,2.794505636343098,-0.1243885543277291,49,36,10,1
2980,99.33333333333333,-3.4468382619064215,-4.205240096223292,1.2973866348573324,3.220602276535546,2.2423991440953306,-0.0039813203102589,47,33,10,1
2981,99.36666666666666,-3.534783785920112,-3.754493125187004,1.304853929210438,2.889904290485008,2.3448790142249534,-0.05397130834015795,45,32,10,1
2982,99.4,-3.163531716744714,-3.0383364613150263,1.066873991652841,2.3574109595046706,2.1248830533123715,-0.07010705785855466,50,37,10,1
2983,99.43333333333334,-1.1030831752862156,-1.636538539497213,0.6674558471871137,1.2145485343946154,0.7744507747054293,0.2615865286562201,48,39,10,1
2984,99.46666666666667,-2.461020688513514,-2.1330970247003727,1.2205151772407987,1.6945006499129343,1.6941866628155442,-0.32843026495662936,49,35,10,1
2985,99.5,-2.8272343128843147,-3.585751400853333,0.919124550849304,2.705709940127663,1.8446089838927227,0.10042384901931307,48,34,10,1
2986,99.53333333333333,-2.650871719770798,-4.015858589175359,0.9620752257479381,3.024530804249847,1.6960420026756169,0.03355193032255989,50,33,10,1
2987,99.56666666666666,-1.1558936885985105,1.003018435417168,0.4975685747567553,-0.6035128272813023,0.8525849251351784,-0.21254284785087485,45,34,10,1
2988,99.6,-6.091511936165041,-2.7671538189166895,2.201992194572668,2.3343418927175446,4.275307861787925,-0.01925186852205731,47,35,10,1
2989,99.63333333333334,-5.331632613290324,-0.6674513617863482,1.3231971618868812,0.7737413527871475,3.809606376960714,-0.14593814601423072,48,36,10,1
2990,99.66666666666667,-4.668516551786141,-2.0392146332129606,1.5550423706906713,1.7386516452605427,3.305234878281061,-0.06328426536050362,45,36,10,1
2991,99.7,-1.650676121814051,-2.923380873268254,0.6726718335198569,2.23890826441925,1.0367790644636583,-0.12571285778327398,50,36,10,1
2992,99.73333333333333,-4.529783513729754,-0.5245923456344812,1.1006267015190758,0.6106807731288241,3.231650299925391,-0.24434209669009396,44,35,10,1
2993,99.76666666666667,-5.036278497117202,-1.0578962607721252,1.4902774922231856,1.073609854595524,3.588260309950571,-0.15587095022647177,44,34,10,1
2994,99.8,-1.8909684085875043,-2.6440939120441413,0.8350368855737855,2.0071026489159873,1.2766062725324803,0.06014952874534689,49,36,10,1
2995,99.83333333333333,-3.81361475468443,-2.1359138802752184,1.4365642803649479,1.7566556778695321,2.6659041508435553,-0.047017458101411815,52,39,10,1
2996,99.86666666666666,-5.025876057352384,-1.3703348977684584,1.4801672117202997,1.2765319723584982,3.5456298418447236,-0.05512581823756198,51,38,10,1
2997,99.9,-0.9716712838638983,-0.6227708607315812,0.6106756434976859,0.5068910004219398,0.7225092986414293,0.34049838418475814,50,39,10,1
2998,99.93333333333334,-4.7591644225858545,0.32924152787161276,1.4015373591769418,0.048136389381005576,3.4965060373366073,-0.18139472126074432,44,34,10,1
2999,99.96666666666667,-2.9897346012243418,-1.2751457061244622,1.1190337060210567,1.1030819376011767,2.1125612838557606,-0.0010090616529136577,48,37,10,1
3000,100.0,-3.301685200370571,-3.8750941263455303,1.1006424361950735,2.961984636059827,2.1918540443681973,0.058722376689205144,50,36,10,1
3001,100.03333333333333,-2.6417257432309214,-3.2669835514253123,0.8871351614118055,2.479365168565889,1.7483230586634768,0.02309813711237225,44,31,10,1
3002,100.06666666666666,-1.7429005545335983,-4.557977286705686,1.2486752282573264,3.3276425642846204,1.0739795612254432,0.3129192263902638,45,32,10,1
3003,100.1,-3.136228261918724,-1.2007140155396563,1.5529587457858867,1.0404749265832496,2.257139014183846,-0.05238148239975303,48,36,10,1
3004,100.13333333333334,-3.5299942777599185,-1.99738833730515,1.0489264086568113,1.6392804264598753,2.447777287713271,-0.175190205729857,51,36,10,1
3005,100.16666666666667,-4.354647442087661,-0.3051441166211539,1.2065200905550029,0.5237993275615089,3.126824997898848,-0.26616510993252723,44,35,10,1
3006,100.2,-2.2070280008025023,-3.755828638491863,0.8459196810525924,2.8385249621239868,1.388781756367955,0.029031914213016277,43,32,10,1
3007,100.23333333333333,-6.122430970916319,-0.6825387431192667,1.9342365043993084,0.8607480313348421,4.368333711816948,-0.11260614883840164,43,30,10,1
3008,100.26666666666667,-1.5168810974173113,-2.0611700124526386,0.6384806125771121,1.5840157410784652,1.0018831824301324,-0.0962117774383093,47,36,10,1
3009,100.3,-2.38805021937047,-2.3787212220478757,0.669686689221578,1.8217202049555576,1.6051272986832392,-0.06500187353627682,44,33,10,1
3010,100.33333333333333,-5.5192576441434795,-0.8595507363052306,1.210443601616646,0.9589318139367493,3.955836468943813,-0.26372396270909926,48,34,10,1
3011,100.36666666666666,-0.6624122449244609,-1.97234753062342,0.6502145391448835,1.4234984479269697,0.4428719943418499,0.3961959038332069,47,38,10,1
3012,100.4,-5.954135826265059,1.6417768935358197,0.9877805074599593,-0.8394699231957478,4.357678549344946,-0.32953793673020665,49,34,10,1
3013,100.43333333333334,-3.861597107539488,-4.5422270918483925,1.5902680066615886,3.4712605602137714,2.5819303629537713,0.01094979225387016,46,34,10,1
3014,100.46666666666667,-1.6661044154671814,-2.3039925128604217,0.5857720243986222,1.7553863716539362,1.1013405020917904,-0.1007008137185845,47,33,10,1
3015,100.5,-1.0232848446879643,0.9863509148987113,0.47300847023525705,-0.63775344197407,0.7994767057920197,-0.06130527977197585,47,37,10,1
3016,100.53333333333333,-4.3112286113820275,-0.8033985866765434,1.417830585234313,0.8790467743798226,3.0722112583011807,-0.2414236698810404,47,32,10,1
3017,100.56666666666666,-2.7868677920802156,-2.621883959590509,0.8980175079075678,2.04460641065825,1.8682646395701117,-0.03837827647354159,51,39,10,1
3018,100.6,-1.633443620129782,-4.333032833968478,0.9718672715832497,3.158494560172953,0.9717772415831725,0.17131988407099927,45,32,10,1
3019,100.63333333333334,-0.7579831339876222,-0.2169944852850847,0.36545984506943796,0.23068741299573617,0.5293623801368056,-0.019460698391532666,48,36,10,1
3020,100.66666666666667,-3.2477850364813463,-3.384110243412323,1.1395815324104177,2.6079999396507043,2.1424016626750277,-0.05230847679287016,47,34,10,1
3021,100.7,-2.8054967399581088,-4.246566571497322,1.18529449534212,3.18726243206867,1.8232808496128892,0.05005744441185378,51,36,10,1
3022,100.73333333333333,-2.674164575165868,-0.5583316363418511,1.0984964383721803,0.6143765063804808,1.9428616093511575,-0.17457794823176404,50,35,10,1
3023,100.76666666666667,-3.2662954994955484,-0.793803475150856,1.2706868242761402,0.7727574118422029,2.369738007405285,-0.12189473220628962,45,33,10,1
3024,100.8,-0.49158578491366,1.039031758489653,0.24539282837459098,-0.6973654761468843,0.3953882536970034,-0.13207310752748422,43,32,10,1
3025,100.83333333333333,-4.8758945004405305,-1.5652470439266217,1.4639460899664698,1.3589364435049707,3.455562643533852,-0.04700431659353628,46,35,10,1
3026,100.86666666666666,-5.011241825907533,-2.3300623245876295,1.72545223017039,2.0146951944380618,3.4830751206625052,-0.22932531776205387,44,33,10,1
3027,100.9,-4.918261845721396,-2.4758004533913542,1.8273204861225594,2.0599879434291526,3.4798447620541273,-0.0834265758325734,45,35,10,1
3028,100.93333333333334,-4.945399237018236,-1.3296465356331986,1.802214864756877,1.3001159468374806,3.5355911720209536,-0.21445404770366983,47,36,10,1
3029,100.96666666666667,-4.905735703064664,-1.5799777605275054,1.8025862474430028,1.4318528783284161,3.5085492741844857,-0.0620096598074049,45,35,10,1
3030,101.0,-3.255465343019054,-3.082087405677207,1.0959601265648047,2.409136336531356,2.186300514961832,-0.000163932819000332,46,34,10,1
3031,101.03333333333333,-0.6004419690637945,-3.3973882724215727,0.3818119197724883,2.434097213952614,0.30005458791675854,0.2250537351582753,51,39,10,1
3032,101.06666666666666,-3.8556842539756246,-0.5269067427240479,1.1520090406074956,0.6322621685768048,2.748874446175076,-0.14231188607646866,42,34,10,1
3033,101.1,-2.138454707058507,-3.0526585155850228,0.6590101206002146,2.2876902361656777,1.3976044788371698,-0.023372310019909217,46,35,10,1
3034,101.13333333333334,-6.687662270518118,-1.778109821606197,1.7955557593280247,1.5843252012434534,4.744410386633525,0.0866424215929855,51,35,10,1
3035,101.16666666666667,-1.7720138360019675,-3.05199902944441,0.7837359808173971,2.2708673986387695,1.1414818224355865,-0.03751301151790763,42,32,10,1
3036,101.2,-3.5732274537079647,-2.796883797494335,1.6812090453774005,2.2348320746922665,2.5349543483356887,0.10139982981336694,47,38,10,1
3037,101.23333333333333,-4.186795096941786,-2.9784850795490527,1.564782250865619,2.366487256701896,2.9140691701492867,-0.0999178508810158,46,36,10,1
3038,101.26666666666667,-3.990928659746764,-3.669543738326123,1.1195218248222147,2.815183220433955,2.690715126449975,0.09078065999708179,48,31,10,1
3039,101.3,-2.237725201425178,0.1285302175298888,0.49346503888806126,0.08557403935823857,1.569989826027033,-0.35950141709087047,48,34,10,1
3040,101.33333333333333,-1.3824435925216392,1.55758133147922,0.4842087363922474,-1.0097614798052388,1.0552337191568761,-0.16664824727093466,48,36,10,1
3041,101.36666666666666,-4.903359348293662,0.9894684386593475,0.9219966280771246,-0.38222783421214535,3.5553617679271907,-0.2876613206780608,48,35,10,1
3042,101.4,-3.836573553319205,-2.794780154420252,1.2507444916819423,2.238613807247151,2.63269182916149,-0.17477427386830383,49,35,10,1
3043,101.43333333333334,-4.504127216710927,-1.005741544942314,1.6149798934059305,0.9698808488949726,3.2233622039650296,-0.07070222374798771,46,34,10,1
3044,101.46666666666667,-4.138617660098774,-3.443874618417585,1.6546490185559009,2.706332768960974,2.8321126523252205,-0.05485325760483144,49,36,10,1
3045,101.5,-4.020439490139324,-0.270913967818732,1.3003980849554466,0.48470670432547636,2.8808607676220785,-0.25152138886900516,41,30,10,1
3046,101.53333333333333,-4.790923190277148,-0.4067526650142277,1.1464446879659818,0.5934983958456606,3.400560519322831,-0.2216183705859651,47,36,10,1
3047,101.56666666666666,-1.9170060922000118,-2.9362221080577164,0.7674640093295864,2.1930717247704683,1.2426842164586298,0.020312308408527484,45,34,10,1
3048,101.6,-2.872556885479284,-2.7493206384382205,0.8770692538848408,2.1718939983800873,1.9284467677978283,-0.11602862420348004,49,34,10,1
3049,101.63333333333334,-1.4241424729913774,-4.279299644446407,0.7455322109550337,3.1458179268231397,0.8375979692770041,0.08711584773654649,45,33,10,1
3050,101.66666666666667,-1.6458089976990493,-2.1345681930919653,0.7693775315191544,1.6501346638832994,1.0817038146148223,-0.11648897001991863,46,34,10,1
3051,101.7,-4.798028389069252,-1.5549392587719453,1.2274963950187896,1.393222062850979,3.4019770721575218,-0.00346669379793619,51,36,10,1
3052,101.73333333333333,-3.52123527593686,-1.7897911564284072,1.4021160948707205,1.4794854354974425,2.471396282471229,-0.1297426401651777,46,34,10,1
3053,101.76666666666667,-3.0615425877228475,-3.653560505895147,1.1046182086147383,2.8367956095526634,1.993337414757134,-0.16560985977802636,46,36,10,1
3054,101.8,-5.309575042971886,0.15113065714339058,1.1674149926032555,0.20388028111179776,3.837035233070649,-0.26181027617558317,45,32,10,1
3055,101.83333333333333,-1.5175781267139996,-0.27806482760055573,0.4930276017026216,0.3026935697029448,1.0875877980433402,-0.13029235349578933,48,31,10,1
3056,101.86666666666666,-0.21606235981698063,-3.2905598845239687,0.38622813887224083,2.3663951817878575,0.015515189676856474,0.4585718188523631,45,35,10,1
3057,101.9,-4.110569655920337,0.0399258156875284,1.4563471131344414,0.2297017715551916,3.0760071780018667,-0.4818912027936697,48,36,10,1
3058,101.93333333333334,0.2515799788246369,-4.234329800361401,0.9274442062981194,3.070801105454339,1.4203946418216415,0.18479746858825002,43,36,10,1
3059,101.96666666666667,-1.0193284526975788,-1.850952760088358,0.4855334508280862,1.3814568559673615,3.402144864127824,-0.16428410532715848,49,37,10,1
3060,102.0,0.6565828890846817,-2.243825211705669,0.4536318283649905,1.5201209905954853,2.3455347149685593,0.3256720918696937,46,38,10,1
3061,102.03333333333333,-0.07288836206537042,-3.7059955038425656,0.9630815557871131,2.633746522512857,2.8080225517707493,0.2701662775679378,43,36,10,1
3062,102.06666666666666,1.4160447726969139,-2.956363737774396,0.16215596469815807,2.0029160518674387,1.7457673531160054,0.39927797752592087,42,35,10,1
3063,102.1,1.1339442717407593,-2.3361512174947734,0.25262373308861186,1.578767942805412,1.9439301741864097,0.33657234425062554,42,36,10,1
3064,102.13333333333334,0.2646259337819856,-1.3955886984679644,0.4430581437815704,0.9865318556284075,2.593584291413351,0.015563061296808215,40,37,10,1
3065,102.16666666666667,-2.8024707624513567,-1.4432255839705839,1.0676699719513465,1.1818648707616943,4.828198235891223,0.027645973148428496,42,33,10,1
3066,102.2,1.5956870945968191,-0.643931358871292,0.20168826118845118,0.3817811697364632,1.762967054443584,0.17027024781191466,43,39,10,1
3067,102.23333333333333,-1.933382290159173,-2.511422333935652,0.8159517030659771,1.887014311596179,4.125755033432254,0.1359040934250318,41,35,10,1
3068,102.26666666666667,-0.187320515362849,-0.3353873636796969,0.7910832709351041,0.3078269957130735,3.0676108234182187,-0.14554937313471253,41,34,10,1
3069,102.3,-2.896723889053092,-2.8143102152628394,1.4609694231885442,2.2104332673464815,4.860098310038991,-0.022223471586838798,41,35,10,1
3070,102.33333333333333,-0.33230148947500027,-1.2917435159275072,0.418162627428444,0.9903626454894527,3.007414116712853,-0.009167497308554338,37,30,10,1
3071,102.36666666666666,-0.3341914784273712,-0.899030692754458,0.8078068259455762,0.7134092974003219,3.126221045301317,0.07951157382787837,44,37,10,1
3072,102.4,0.4755871658813433,-2.7144589859964796,0.31657451284014826,1.9062731865636835,2.420531442067295,0.29346200633605435,42,36,10,1
3073,102.43333333333334,-2.5824402192974674,-2.697885277835667,1.4970326031739205,2.141757253157623,4.661720483495491,-0.13225825676842232,41,34,10,1
3074,102.46666666666667,-0.06455317967547103,-1.828890919486991,0.6293009411476191,1.3347708166348706,2.844358010126041,0.05902786714668208,45,36,10,1
3075,102.5,0.44840164615262523,-1.5757631572990505,0.6218873821671167,1.0847860843907382,2.5309483259380054,0.30728882031349986,44,40,10,1
3076,102.53333333333333,0.4703294928657087,-1.583279389673816,0.3108236129125004,1.099757033838273,2.4925256445623774,0.25907005558842877,39,34,10,1
3077,102.56666666666666,0.4383366886665172,-1.2770611397640153,0.5251348453803217,0.9031306420875604,2.5623263649752066,0.25520986747596835,41,36,10,1
3078,102.6,-1.7153130858446488,-3.1599072066211598,1.0218727892788309,2.387021803080821,3.959703714793385,-0.05264540017178325,40,34,10,1
3079,102.63333333333334,-1.2042371369776106,-3.9418151875775322,0.6546601704379924,2.8541346716097227,3.512208994341989,0.1489972745301708,41,33,10,1
3080,102.66666666666667,0.4995026700843326,-0.7057805764630487,0.5896070899896415,0.5076859861387772,2.564843995837455,0.2512182631204487,43,37,10,1
3081,102.7,0.6036856136598914,-2.7086413433662884,0.37923771237301196,1.8731275277846533,2.3462920881231972,0.286141227713654,46,35,10,1
3082,102.73333333333333,0.22315728339941643,-1.4247373660871006,0.32505414054301696,1.0298727245570636,2.657661872165217,0.012091754551776414,41,33,10,1
3083,102.76666666666667,0.9174957825139174,-3.962976310301375,0.2753979529177144,2.6985299798650546,2.054583926293847,0.8463292796482985,43,35,10,1
3084,102.8,1.1204793338968528,-1.5973580031649242,0.3482530562346824,1.0675801719231008,2.0234090281772925,0.16808859200920584,47,37,10,1
3085,102.83333333333333,0.6966113795012063,-1.8489764848201666,0.3370396798192701,1.2788174401069858,2.3037067416398647,0.11951968547295072,41,37,10,1
3086,102.86666666666666,-0.7691545162917066,-3.081537395669926,0.760355351395404,2.2609635823933036,3.284908626044727,0.2066434934595319,42,37,10,1
3087,102.9,-0.0073239220674707894,-3.130409268775548,0.3207178252605871,2.2300042185879296,2.7004078579459017,0.17287195670381827,44,37,10,1
3088,102.93333333333334,0.7938768421318017,-2.2805904110375828,0.28554086243885024,1.5476174130325537,2.2160960745120986,0.4274687177308001,46,41,10,1
3089,102.96666666666667,-0.22918078220880034,-2.4929758246246685,0.6255817798045058,1.7332407265795737,2.9265947592358197,0.268965509123701,40,30,10,1
3090,103.0,1.2609947540725415,-2.360400717901449,-0.018448680899467718,1.611611040861179,1.8535966003591553,0.4329194829957945,42,38,10,1
3091,103.03333333333333,0.1472316770201374,-2.6707208259037536,0.47161259295302216,1.8719808684910395,2.6321139026033644,0.14701866647508216,43,37,10,1
3092,103.06666666666666,0.6827714575463446,-1.8527555468558852,0.2904335678458523,1.2272692866319612,2.319960856324785,0.35381751244782295,44,34,10,1
3093,103.1,-1.761882732560764,-2.8120886955333546,1.032170994128677,2.1716187022391416,4.017781647534759,-0.03168440606445935,43,34,10,1
3094,103.13333333333334,-2.370056727279099,-3.405864520751809,1.2372457243512116,2.595516414741566,4.408248168966089,0.08500747807695631,38,31,10,1
3095,103.16666666666667,0.762495994887118,-1.6176292687135536,0.5507407694337729,1.1108081694878935,2.326825712407848,0.3603354897772433,42,39,10,1
3096,103.2,1.2089402839682037,-1.5294408364675505,-0.0445957387974687,1.0256818836999395,1.9121620083563553,0.06157753764646008,42,33,10,1
3097,103.23333333333333,0.04408273210376734,-1.4783562950636728,0.41507971164659807,1.0908786297200674,2.770612574321215,0.17011146431061616,43,34,10,1
3098,103.26666666666667,0.40416956226183487,-2.453254047258003,0.48915027587307236,1.7258693672375711,2.473634780475656,0.2403842227126936,41,35,10,1
3099,103.3,-0.8509595426204726,0.5940278342427696,0.6220567121619069,-0.3096528880069345,3.4974197778585734,-0.4163330144976814,43,35,10,1
3100,103.33333333333333,0.8063232257599893,-1.9209324485613415,0.3068432628029427,1.3342569286182915,2.206042682873882,0.16851089654645426,42,36,10,1
3101,103.36666666666666,0.10388793135417274,-2.460162217831815,0.40420150890030015,1.752786238788727,2.654446302402837,0.16990778287544064,42,34,10,1
3102,103.4,0.09967813098089096,-1.4653474530244956,0.9630892992745004,1.0931909867016998,2.8202775765530945,0.04249421829400292,44,35,10,1
3103,103.43333333333334,-0.6135819039341968,-4.794958274969318,0.8386543694553836,3.4525403203533025,3.0508176045633326,0.12435334072745971,43,36,10,1
3104,103.46666666666667,0.28090374311752697,-0.9484776049124228,0.32365070895798453,0.6576235941680998,2.632996182350936,0.06336727113884869,39,32,10,1
3105,103.5,0.653367585045487,-1.368494764633457,0.22565225103693365,0.9130049170421628,2.3234268581999533,0.3372974279930573,44,36,10,1
3106,103.53333333333333,0.8037277858066858,-2.6647415320869605,0.19839257492981233,1.7902529945247254,2.1235548588573967,0.4374430596859986,41,35,10,1
3107,103.56666666666666,-1.024937180112694,-2.7995496038206937,0.7108123680677778,2.0129783585928838,3.5016675420655217,0.13152013593621442,45,37,10,1
3108,103.6,0.7947908824240884,-1.227916348336251,0.10444981669560605,0.7773536714935148,2.2222025651291175,0.2600983540759323,41,34,10,1
3109,103.63333333333334,0.3488477942674919,-2.676281682049119,0.5278330009284105,1.9036583956722835,2.486717370070647,0.2223665772380875,45,37,10,1
3110,103.66666666666667,-0.30568057906501167,-0.9185689998587243,0.6797419014673522,0.6891506102650432,3.089437236951679,-0.005947311574433058,44,38,10,1
3111,103.7,0.899960402608535,-2.97587904932945,0.46404682419237986,2.077591787895985,2.13587034987478,0.4386576498344459,42,36,10,1
3112,103.73333333333333,-0.5448199059945082,-2.1410162604876675,0.9723026085397777,1.604499780503253,3.232456768333089,0.02648428204020232,43,36,10,1
3113,103.76666666666667,1.0723308173061454,-2.365267275031897,0.22410056963326497,1.6732034368194437,2.04244964978399,0.3153389182442116,40,33,10,1
3114,103.8,-0.31744057333530407,-2.0134520498112245,0.6334153656590331,1.4810030582861067,3.0087865494078447,-0.22513398721221842,39,31,10,1
3115,103.83333333333333,1.1613015951814845,-2.163320110638171,0.19459705956025175,1.4328773098557053,1.9412781798326038,0.40230349794809517,44,41,10,1
3116,103.86666666666666,0.24185102584688423,-1.7713934829853955,0.3306796783446089,1.2918897865019627,2.574040885570008,0.048240227150545975,41,34,10,1
3117,103.9,0.8892808666020287,-0.8849431308562004,0.04710649589051741,0.5705199596883495,2.1799361037065457,0.10532731851736618,42,35,10,1
3118,103.93333333333334,0.491385505300201,-1.225989953005488,0.4292501911721587,0.8663272823262324,2.495777326982971,0.15889845824421775,44,37,10,1
3119,103.96666666666667,0.8743331366351015,-2.286464297941805,0.23353133595500708,1.5452816190180954,2.1489561424806696,0.21507263202840013,46,38,10,1
3120,104.0,0.4363295156821323,-2.1278556651682194,0.3602748158750728,1.4742418323364426,2.3814281896440104,0.4294360110320374,43,34,10,1
3121,104.03333333333333,0.9618494257717813,-2.444093535845294,0.2578028047673939,1.6750924721171798,2.070001105592764,0.5330534379027576,43,36,10,1
3122,104.06666666666666,0.07968537021315569,-2.751456712836564,0.6856175758468055,1.957448743472797,2.7016147274053415,0.19906205798206839,44,36,10,1
3123,104.1,0.3367028319288181,-2.503314363317674,0.34902520189302777,1.7455983283913972,2.493349986261047,0.2072803818906598,49,39,10,1
3124,104.13333333333334,0.6099133944821631,-1.685560370738088,0.4076689814043277,1.1854881307288976,2.357094105791435,0.002223874012308233,42,34,10,1
3125,104.16666666666667,-0.4332386916099935,-5.0043117764638225,0.8812044745943837,3.5989120723625714,2.953670729727449,0.20720180952295109,42,35,10,1
3126,104.2,0.24642051015452182,-2.1607370744267165,0.46973343710070026,1.511506024805054,2.5965683054456203,0.24880955382668074,44,37,10,1
3127,104.23333333333333,0.9087137756596704,-1.9525416477799382,0.039163183203356766,1.3222828144826875,2.1268967073608427,0.19449983128727935,40,32,10,1
3128,104.26666666666667,1.226311953464446,-2.029907071057668,0.006184591740776568,1.3948746790156703,1.8977226427380256,0.32388580996334665,44,40,10,1
3129,104.3,0.12327118778944879,-1.3768303920539893,0.45499775959750366,0.9819131146934897,2.706943800297106,0.0587015614911752,41,35,10,1
3130,104.33333333333333,-0.3864393031915938,-2.8860361984536276,0.5923428245121158,2.101410704537455,3.0393417090983603,0.1070018222643796,44,32,10,1
3131,104.36666666666666,0.7257415510545684,-1.9775720392563905,0.4748323832805994,1.3603407320508232,2.2582009946694774,0.09841732522337181,41,37,10,1
3132,104.4,1.1370920812040595,-2.48189135056354,0.28811394424045034,1.6650233539148092,1.9452089644407429,0.3890849285548354,46,39,10,1
3133,104.43333333333334,0.7851436663193923,-2.404307535321614,0.3881126588393613,1.5909599420772207,2.1871767582424755,0.6014328981518563,46,36,10,1
3134,104.46666666666667,0.013989126439220456,-1.8233765408715712,0.5101636985987028,1.2725339186766722,2.7956845902533543,0.39795108253968225,40,34,10,1
3135,104.5,1.147596545573812,-2.1114816843900464,0.05191767297347383,1.4080628981482255,1.9367438722779131,0.49374879202276883,43,34,10,1
3136,104.53333333333333,0.8905884416275711,-1.5049245626535495,0.27008305744337235,1.0490135804115812,2.1784782891101218,0.11319688202847805,43,37,10,1
3137,104.56666666666666,-0.7301509783679023,-0.9373900950228773,0.912920545762276,0.732963594437158,3.400947138082798,-0.17311046770565955,44,36,10,1
3138,104.6,0.11181559598816904,-1.1966422391021574,0.8487684183067046,0.8749449757341968,2.8310014693106678,0.28842065750601537,44,37,10,1
3139,104.63333333333334,0.9265243124117077,-2.728479744430974,0.4629399412760762,1.8590113511070174,2.1314636263556697,0.405438931800153,42,38,10,1
3140,104.66666666666667,0.7863459114116367,-2.0006786190268713,0.3428449865253782,1.3854188039812478,2.2196894939717122,0.38166219670479085,44,37,10,1
3141,104.7,0.9341169070423447,-2.517325195365,0.16521694315119362,1.7284159839762974,2.087104594710314,0.4319493053116226,45,41,10,1
3142,104.73333333333333,0.8525166274614477,-2.1358813538749892,0.3084821804733622,1.4448522047287604,2.1657149115337573,0.32253272843568354,47,39,10,1
3143,104.76666666666667,-0.49796631709527617,-2.53461117061185,0.6305046225169519,1.8420521602143312,3.123302191808197,0.164951529444604,41,36,10,1
3144,104.8,1.1977626554819878,-1.9775248637763276,0.037002925268708964,1.319246521339544,1.9272741661353876,0.2891333924352856,40,33,10,1
3145,104.83333333333333,0.5669761523965988,-0.34727627416307527,0.6180034127527136,0.2653394377673366,2.5358008386477455,0.001622852133029555,40,33,10,1
3146,104.86666666666666,0.40798851609186926,-1.1321335248194515,0.13407033448265793,0.7821365316497402,2.50185520299897,-0.0741089640843322,39,32,10,1
3147,104.9,-1.4485585897571482,-3.528653823249485,0.9885435914240333,2.608411459802856,3.7760403477448365,0.09444581426093875,44,38,10,1
3148,104.93333333333334,0.656894032306333,-1.4522050206426513,0.3158380849026514,0.9754282301576095,2.3311126077581132,0.33354048652569207,43,35,10,1
3149,104.96666666666667,0.8445255991314582,-2.3463058458990105,0.4238583417927373,1.6283405203665562,2.1801313058653062,0.3868188805331616,42,34,10,1
3150,105.0,0.6005631197411034,-2.1528992521436834,0.3107786318807797,1.4760789320144763,2.324212609005737,0.553314452650884,43,35,10,1
3151,105.03333333333333,0.9157340652921064,-2.346557948782241,0.09016636445051063,1.5854946513863146,2.0917812141250467,0.3748941382911596,44,40,10,1
3152,105.06666666666666,0.5344129257973051,-2.432432654364458,0.3836564846596815,1.6829283485446198,2.350409490743807,0.4043515171435242,43,38,10,1
3153,105.1,0.8323619369320951,-2.549432034210689,0.5762733295732687,1.7456926828631485,2.209851093349011,0.2422860393160949,42,37,10,1
3154,105.13333333333334,1.1950401454992061,-2.3876180042720954,0.19239112389504953,1.6029283352189787,1.9381043595230725,0.42648321329202704,43,35,10,1
3155,105.16666666666667,1.3742126039545326,-0.5730236325170708,0.33794628816698946,0.3812397086214849,1.946440591775633,-0.04268265143235538,43,35,10,1
3156,105.2,0.6955924925522794,-1.8015033973221684,0.3898055297441516,1.1868250987184588,2.3073985599348963,0.3849494439076585,39,30,10,1
3157,105.23333333333333,0.5118143017387027,-1.5959477339908652,0.6795012551014423,1.1551345644197297,2.5230154244636185,0.06344678302705209,44,36,10,1
3158,105.26666666666667,0.10002012378249958,-2.3515125096505756,0.6340615439667658,1.686748007709999,2.669070405363207,0.24998921375254807,42,35,10,1
3159,105.3,-0.17208096232052839,-1.7683192142813269,0.4482872221080356,1.2728578388656269,2.901199644028615,-0.0266965360378361,37,31,10,1
3160,105.33333333333333,0.12537162799203827,-3.3419899106378814,0.4384517709652016,2.402121241880018,2.6437831790930115,0.14117791625160242,47,39,10,1
3161,105.36666666666666,0.5111780260967933,-2.199565003722771,0.36892334553641604,1.502465798995505,2.442559864599992,0.47375194944289345,43,36,10,1
