rtcDate,rtcTime,aX,aY,aZ,gX,gY,gZ,dataRdy,output_Hz,
01/01/2000,01:40:46.12,11.96,-63.93,-862.78,210.0,-612.50,-393.75,1,100.0,
01/01/2000,01:40:46.14,12.69,-66.12,-892.43,148.75,-638.75,-358.75,1,100.0,
01/01/2000,01:40:46.15,12.93,-66.86,-904.51,140.0,-586.25,-262.50,1,75.0,
01/01/2000,01:40:46.16,12.93,-67.59,-920.12,166.25,-778.75,-393.75,1,80.0,
01/01/2000,01:40:46.17,12.93,-68.81,-929.03,297.50,-560.0,-218.75,1,83.333,
01/01/2000,01:40:46.18,13.18,-69.30,-936.96,192.50,-726.25,-358.75,1,85.714,
01/01/2000,01:40:46.19,13.42,-69.91,-943.79,192.50,-665.0,-262.50,1,87.500,
01/01/2000,01:40:46.20,13.42,-70.76,-952.21,96.25,-673.75,-341.25,1,88.889,
01/01/2000,01:40:46.21,13.42,-71.25,-956.97,175.0,-673.75,-341.25,1,90.0,
01/01/2000,01:40:46.22,13.66,-71.49,-961.36,157.50,-778.75,-332.50,1,90.909,
01/01/2000,01:40:46.23,13.66,-71.74,-965.26,61.25,-577.50,-306.25,1,91.667,
01/01/2000,01:40:46.24,13.66,-71.86,-970.02,227.50,-743.75,-306.25,1,92.308,
01/01/2000,01:40:46.25,13.54,-72.10,-972.71,96.25,-673.75,-385.0,1,92.857,
01/01/2000,01:40:46.27,13.79,-72.22,-974.90,175.0,-778.75,-358.75,1,93.333,
01/01/2000,01:40:46.28,13.91,-72.47,-977.22,192.50,-726.25,-323.75,1,93.750,
01/01/2000,01:40:46.29,13.91,-72.96,-979.90,148.75,-673.75,-341.25,1,94.118,
01/01/2000,01:40:46.30,13.91,-72.96,-981.49,175.0,-778.75,-341.25,1,94.444,
01/01/2000,01:40:46.31,13.91,-72.83,-982.83,175.0,-577.50,-306.25,1,94.737,
01/01/2000,01:40:46.32,13.79,-72.71,-984.05,105.0,-761.25,-315.0,1,95.0,
01/01/2000,01:40:46.33,13.79,-72.96,-985.64,201.25,-603.75,-332.50,1,95.238,
01/01/2000,01:40:46.34,13.91,-73.20,-986.74,78.75,-665.0,-245.0,1,95.455,
01/01/2000,01:40:46.35,13.91,-73.32,-987.47,166.25,-726.25,-490.0,1,95.652,
01/01/2000,01:40:46.36,14.03,-73.44,-987.96,210.0,-813.75,-306.25,1,95.833,
01/01/2000,01:40:46.37,14.15,-73.32,-988.57,192.50,-656.25,-350.0,1,96.0,
01/01/2000,01:40:46.38,14.15,-73.44,-989.18,210.0,-673.75,-306.25,1,96.154,
01/01/2000,01:40:46.39,14.03,-73.44,-989.54,227.50,-752.50,-376.25,1,96.296,
01/01/2000,01:40:46.40,13.91,-73.69,-990.15,131.25,-665.0,-411.25,1,93.103,
01/01/2000,01:40:46.41,13.91,-73.69,-990.52,148.75,-708.75,-332.50,1,93.333,
01/01/2000,01:40:46.42,13.91,-73.57,-990.76,166.25,-752.50,-332.50,1,93.548,
01/01/2000,01:40:46.43,13.91,-73.81,-990.88,140.0,-796.25,-323.75,1,93.750,
01/01/2000,01:40:46.44,13.91,-73.81,-991.01,131.25,-586.25,-420.0,1,93.939,
01/01/2000,01:40:46.45,13.91,-73.69,-991.13,157.50,-691.25,-341.25,1,94.118,
01/01/2000,01:40:46.46,13.91,-73.93,-991.25,166.25,-752.50,-402.50,1,94.286,
01/01/2000,01:40:46.48,13.91,-73.93,-991.62,140.0,-787.50,-271.25,1,94.444,
01/01/2000,01:40:46.49,13.91,-73.93,-991.74,-35.0,-761.25,-472.50,1,94.595,
01/01/2000,01:40:46.50,13.91,-73.93,-991.86,157.50,-700.0,-271.25,1,94.737,
01/01/2000,01:40:46.51,13.91,-74.05,-992.10,148.75,-787.50,-323.75,1,94.872,
01/01/2000,01:40:46.52,13.66,-74.18,-991.98,411.25,-682.50,-358.75,1,95.0,
01/01/2000,01:40:46.53,13.66,-73.81,-991.98,0.0,-630.0,-402.50,1,95.122,
01/01/2000,01:40:46.54,13.79,-73.81,-991.98,105.0,-691.25,-463.75,1,95.238,
01/01/2000,01:40:46.55,13.66,-73.69,-992.10,262.50,-682.50,-175.0,1,93.182,
01/01/2000,01:40:46.56,13.66,-73.69,-992.10,175.0,-761.25,-376.25,1,93.333,
01/01/2000,01:40:46.57,13.79,-73.93,-992.23,280.0,-717.50,-376.25,1,93.478,
01/01/2000,01:40:46.58,13.79,-73.81,-992.23,297.50,-533.75,-420.0,1,93.617,
01/01/2000,01:40:46.59,13.91,-73.69,-992.23,227.50,-735.0,-350.0,1,93.750,
01/01/2000,01:40:46.60,13.79,-73.69,-991.98,131.25,-717.50,-183.75,1,93.878,
01/01/2000,01:40:46.62,14.03,-73.57,-991.74,-17.50,-743.75,-463.75,1,94.0,
01/01/2000,01:40:46.63,14.03,-73.81,-991.74,288.75,-708.75,-411.25,1,94.118,
01/01/2000,01:40:46.64,13.79,-73.93,-991.86,148.75,-743.75,-306.25,1,94.231,
01/01/2000,01:40:46.65,13.66,-73.69,-991.86,-35.0,-691.25,-288.75,1,92.593,
01/01/2000,01:40:46.66,13.66,-73.57,-991.86,201.25,-708.75,-446.25,1,92.727,
01/01/2000,01:40:46.67,13.79,-73.57,-991.98,122.50,-717.50,-175.0,1,92.857,
01/01/2000,01:40:46.68,13.79,-73.69,-991.98,227.50,-665.0,-350.0,1,92.982,
01/01/2000,01:40:46.69,13.79,-73.93,-991.86,192.50,-691.25,-227.50,1,93.103,
01/01/2000,01:40:46.70,13.91,-73.93,-991.86,157.50,-595.0,-463.75,1,93.220,
01/01/2000,01:40:46.71,13.91,-73.69,-991.86,87.50,-726.25,-358.75,1,93.333,
01/01/2000,01:40:46.72,13.91,-73.57,-991.86,262.50,-586.25,-367.50,1,93.443,
01/01/2000,01:40:46.73,13.91,-73.44,-991.98,148.75,-647.50,-437.50,1,93.548,
01/01/2000,01:40:46.74,13.91,-73.57,-991.98,183.75,-682.50,-358.75,1,93.651,
01/01/2000,01:40:46.75,13.91,-73.69,-992.10,192.50,-691.25,-280.0,1,93.750,
01/01/2000,01:40:46.77,14.03,-73.57,-991.98,96.25,-682.50,-227.50,1,93.846,
01/01/2000,01:40:46.78,14.03,-73.69,-991.86,87.50,-595.0,-358.75,1,93.939,
01/01/2000,01:40:46.79,13.91,-73.44,-991.86,87.50,-735.0,-183.75,1,94.030,
01/01/2000,01:40:46.80,13.79,-73.44,-991.98,166.25,-638.75,-341.25,1,94.118,
01/01/2000,01:40:46.81,13.91,-73.44,-992.10,227.50,-761.25,-297.50,1,94.203,
01/01/2000,01:40:46.82,13.91,-73.32,-991.86,148.75,-656.25,-367.50,1,94.286,
01/01/2000,01:40:46.83,14.03,-73.32,-991.74,271.25,-691.25,-341.25,1,94.366,
01/01/2000,01:40:46.84,13.91,-73.32,-991.74,70.0,-682.50,-350.0,1,94.444,
01/01/2000,01:40:46.85,13.91,-73.32,-991.98,210.0,-726.25,-376.25,1,94.521,
01/01/2000,01:40:46.86,13.91,-73.20,-992.10,148.75,-752.50,-341.25,1,94.595,
01/01/2000,01:40:46.87,13.91,-73.44,-992.10,201.25,-612.50,-411.25,1,94.667,
01/01/2000,01:40:46.88,13.91,-73.32,-991.86,175.0,-700.0,-341.25,1,94.737,
01/01/2000,01:40:46.89,13.91,-73.57,-991.74,157.50,-752.50,-315.0,1,94.805,
01/01/2000,01:40:46.90,13.91,-73.44,-991.86,70.0,-577.50,-306.25,1,93.671,
01/01/2000,01:40:46.91,13.91,-73.44,-991.74,87.50,-726.25,-341.25,1,93.750,
01/01/2000,01:40:46.92,13.79,-73.57,-991.86,192.50,-656.25,-437.50,1,93.827,
01/01/2000,01:40:46.93,13.91,-73.44,-991.86,96.25,-621.25,-262.50,1,93.902,
01/01/2000,01:40:46.94,13.91,-73.69,-991.86,61.25,-665.0,-306.25,1,93.976,
01/01/2000,01:40:46.95,14.15,-73.69,-991.62,52.50,-778.75,-446.25,1,94.048,
01/01/2000,01:40:46.96,13.91,-73.93,-991.49,122.50,-743.75,-428.75,1,94.118,
01/01/2000,01:40:46.98,13.91,-73.81,-991.37,96.25,-630.0,-393.75,1,94.186,
01/01/2000,01:40:46.99,13.91,-73.44,-991.62,70.0,-726.25,-376.25,1,94.253,
01/01/2000,01:40:47.00,14.03,-73.44,-991.62,-8.75,-770.0,-227.50,1,94.318,
01/01/2000,01:40:47.01,14.03,-73.57,-991.62,61.25,-708.75,-341.25,1,94.382,
01/01/2000,01:40:47.02,13.91,-73.69,-991.49,201.25,-708.75,-481.25,1,94.444,
01/01/2000,01:40:47.03,13.91,-73.69,-991.62,113.75,-603.75,-253.75,1,94.505,
01/01/2000,01:40:47.04,14.03,-73.69,-991.86,262.50,-673.75,-341.25,1,93.548,
01/01/2000,01:40:47.05,14.03,-73.32,-991.98,78.75,-743.75,-218.75,1,93.617,
01/01/2000,01:40:47.06,13.91,-73.44,-991.98,201.25,-630.0,-341.25,1,93.684,
01/01/2000,01:40:47.07,13.91,-73.44,-991.98,113.75,-603.75,-358.75,1,93.750,
01/01/2000,01:40:47.08,14.03,-73.32,-991.86,262.50,-673.75,-358.75,1,93.814,
01/01/2000,01:40:47.09,14.27,-73.44,-991.62,70.0,-743.75,-385.0,1,93.878,
01/01/2000,01:40:47.10,14.15,-73.57,-991.62,280.0,-717.50,-385.0,1,93.939,
01/01/2000,01:40:47.12,13.91,-73.44,-991.86,201.25,-717.50,-315.0,1,94.0,
01/01/2000,01:40:47.13,14.03,-73.32,-992.10,157.50,-717.50,-315.0,1,94.059,
01/01/2000,01:40:47.14,14.03,-73.32,-992.10,105.0,-700.0,-262.50,1,94.118,
01/01/2000,01:40:47.15,14.15,-73.57,-991.74,87.50,-638.75,-323.75,1,94.175,
01/01/2000,01:40:47.16,14.15,-73.81,-991.62,175.0,-761.25,-332.50,1,93.333,
01/01/2000,01:40:47.17,14.27,-73.93,-991.62,210.0,-665.0,-393.75,1,93.396,
01/01/2000,01:40:47.18,14.03,-73.69,-991.86,253.75,-796.25,-358.75,1,93.458,
01/01/2000,01:40:47.19,14.03,-73.69,-991.98,280.0,-770.0,-376.25,1,93.519,
01/01/2000,01:40:47.20,14.03,-73.57,-991.86,122.50,-665.0,-306.25,1,93.578,
01/01/2000,01:40:47.21,14.15,-73.69,-991.74,175.0,-638.75,-175.0,1,93.636,
01/01/2000,01:40:47.22,14.27,-73.81,-991.49,192.50,-708.75,-437.50,1,93.694,
01/01/2000,01:40:47.23,14.27,-73.93,-991.49,148.75,-682.50,-393.75,1,93.750,
01/01/2000,01:40:47.24,14.27,-73.81,-991.62,148.75,-665.0,-297.50,1,93.805,
01/01/2000,01:40:47.26,14.15,-73.69,-991.74,271.25,-630.0,-341.25,1,93.860,
01/01/2000,01:40:47.27,14.15,-73.32,-991.74,61.25,-638.75,-341.25,1,93.913,
01/01/2000,01:40:47.28,14.27,-73.44,-991.74,183.75,-595.0,-306.25,1,93.966,
01/01/2000,01:40:47.29,14.27,-73.69,-991.74,227.50,-726.25,-306.25,1,94.017,
01/01/2000,01:40:47.30,14.27,-73.81,-991.74,0.0,-708.75,-376.25,1,94.068,
01/01/2000,01:40:47.31,14.15,-73.69,-991.86,26.25,-743.75,-350.0,1,94.118,
01/01/2000,01:40:47.32,14.27,-73.69,-991.86,218.75,-647.50,-350.0,1,94.167,
01/01/2000,01:40:47.33,14.15,-73.57,-991.86,140.0,-638.75,-271.25,1,94.215,
01/01/2000,01:40:47.34,14.15,-73.44,-991.62,288.75,-761.25,-253.75,1,94.262,
01/01/2000,01:40:47.35,14.15,-73.57,-991.49,280.0,-656.25,-323.75,1,94.309,
01/01/2000,01:40:47.36,14.15,-73.69,-991.49,122.50,-656.25,-350.0,1,94.355,
01/01/2000,01:40:47.37,14.27,-73.69,-991.62,157.50,-691.25,-367.50,1,94.400,
01/01/2000,01:40:47.38,14.27,-73.69,-991.62,210.0,-560.0,-332.50,1,94.444,
01/01/2000,01:40:47.39,14.03,-73.44,-991.49,26.25,-822.50,-280.0,1,94.488,
01/01/2000,01:40:47.40,14.03,-73.32,-991.62,105.0,-708.75,-428.75,1,94.531,
01/01/2000,01:40:47.41,14.15,-73.32,-991.74,157.50,-700.0,-236.25,1,94.574,
01/01/2000,01:40:47.42,14.40,-73.44,-991.74,201.25,-726.25,-271.25,1,94.615,
01/01/2000,01:40:47.43,14.40,-73.57,-991.74,148.75,-673.75,-358.75,1,93.939,
01/01/2000,01:40:47.44,14.27,-73.69,-991.62,157.50,-717.50,-332.50,1,94.697,
01/01/2000,01:40:47.45,14.15,-73.69,-991.62,183.75,-621.25,-350.0,1,94.030,
01/01/2000,01:40:47.47,14.15,-73.44,-991.62,113.75,-630.0,-332.50,1,94.074,
01/01/2000,01:40:47.48,14.15,-73.57,-991.49,218.75,-770.0,-297.50,1,94.118,
01/01/2000,01:40:47.49,14.27,-73.69,-991.49,183.75,-682.50,-367.50,1,94.161,
01/01/2000,01:40:47.50,14.15,-73.93,-991.37,227.50,-708.75,-350.0,1,94.203,
01/01/2000,01:40:47.51,14.15,-73.93,-991.25,262.50,-700.0,-402.50,1,94.245,
01/01/2000,01:40:47.52,14.15,-73.69,-991.25,113.75,-682.50,-227.50,1,94.286,
01/01/2000,01:40:47.53,14.15,-73.44,-991.37,148.75,-665.0,-262.50,1,94.326,
01/01/2000,01:40:47.54,14.15,-73.44,-991.37,131.25,-700.0,-262.50,1,94.366,
01/01/2000,01:40:47.55,14.27,-73.44,-991.37,140.0,-621.25,-288.75,1,94.406,
01/01/2000,01:40:47.56,14.15,-73.69,-991.13,140.0,-577.50,-288.75,1,94.444,
01/01/2000,01:40:47.57,14.15,-73.69,-991.01,183.75,-682.50,-428.75,1,94.483,
01/01/2000,01:40:47.58,14.15,-73.44,-991.13,131.25,-752.50,-350.0,1,94.521,
01/01/2000,01:40:47.59,14.15,-73.20,-991.13,131.25,-708.75,-385.0,1,94.558,
01/01/2000,01:40:47.60,14.03,-73.08,-991.13,122.50,-743.75,-236.25,1,93.960,
01/01/2000,01:40:47.61,14.03,-73.20,-991.37,166.25,-665.0,-446.25,1,94.0,
01/01/2000,01:40:47.62,14.40,-73.32,-991.37,166.25,-673.75,-297.50,1,94.040,
01/01/2000,01:40:47.63,14.52,-73.32,-991.37,96.25,-717.50,-446.25,1,94.079,
01/01/2000,01:40:47.64,14.52,-73.20,-991.13,140.0,-787.50,-341.25,1,94.118,
01/01/2000,01:40:47.65,14.27,-73.20,-991.37,262.50,-743.75,-420.0,1,94.156,
01/01/2000,01:40:47.67,14.15,-73.08,-991.74,236.25,-612.50,-236.25,1,94.194,
01/01/2000,01:40:47.68,14.40,-73.08,-991.74,140.0,-603.75,-271.25,1,93.631,
01/01/2000,01:40:47.69,14.40,-73.20,-991.49,122.50,-743.75,-350.0,1,93.671,
01/01/2000,01:40:47.70,14.40,-73.32,-991.37,367.50,-673.75,-446.25,1,93.711,
01/01/2000,01:40:47.71,14.27,-73.20,-991.25,122.50,-656.25,-385.0,1,93.750,
01/01/2000,01:40:47.72,14.40,-73.32,-991.49,61.25,-673.75,-358.75,1,93.789,
01/01/2000,01:40:47.73,14.40,-73.08,-991.49,113.75,-778.75,-271.25,1,93.827,
01/01/2000,01:40:47.74,14.40,-72.96,-991.62,236.25,-691.25,-341.25,1,93.865,
01/01/2000,01:40:47.76,14.15,-73.08,-991.37,288.75,-778.75,-245.0,1,93.902,
01/01/2000,01:40:47.77,14.15,-73.20,-991.13,61.25,-805.0,-245.0,1,93.939,
01/01/2000,01:40:47.78,14.15,-73.32,-991.13,210.0,-656.25,-315.0,1,93.976,
01/01/2000,01:40:47.79,14.27,-73.20,-991.25,227.50,-691.25,-358.75,1,94.012,
01/01/2000,01:40:47.80,14.40,-73.08,-991.37,210.0,-673.75,-271.25,1,94.048,
01/01/2000,01:40:47.81,14.52,-72.96,-991.25,140.0,-665.0,-393.75,1,94.083,
01/01/2000,01:40:47.82,14.03,-73.20,-991.25,297.50,-656.25,-341.25,1,94.118,
01/01/2000,01:40:47.83,14.27,-73.20,-991.37,43.75,-595.0,-455.0,1,94.152,
01/01/2000,01:40:47.84,14.64,-73.08,-991.49,131.25,-735.0,-323.75,1,94.186,
01/01/2000,01:40:47.85,14.76,-73.20,-991.13,210.0,-700.0,-245.0,1,94.220,
01/01/2000,01:40:47.86,14.40,-73.20,-990.88,113.75,-673.75,-455.0,1,94.253,
01/01/2000,01:40:47.87,14.27,-73.44,-991.01,175.0,-638.75,-341.25,1,94.286,
01/01/2000,01:40:47.88,14.27,-73.20,-991.25,96.25,-638.75,-481.25,1,94.318,
01/01/2000,01:40:47.89,14.64,-73.08,-991.37,78.75,-691.25,-227.50,1,93.820,
01/01/2000,01:40:47.90,14.52,-73.32,-990.88,175.0,-726.25,-271.25,1,93.855,
01/01/2000,01:40:47.91,14.15,-73.69,-990.64,183.75,-743.75,-323.75,1,93.889,
01/01/2000,01:40:47.92,14.03,-73.81,-990.64,271.25,-665.0,-463.75,1,93.923,
01/01/2000,01:40:47.93,14.27,-73.44,-991.13,8.75,-647.50,-393.75,1,93.956,
01/01/2000,01:40:47.94,14.27,-73.32,-991.37,87.50,-656.25,-323.75,1,93.989,
01/01/2000,01:40:47.95,14.15,-73.20,-991.13,131.25,-647.50,-245.0,1,94.022,
01/01/2000,01:40:47.97,14.15,-73.32,-990.64,183.75,-735.0,-227.50,1,94.054,
01/01/2000,01:40:47.98,14.52,-73.57,-990.64,245.0,-796.25,-315.0,1,94.086,
01/01/2000,01:40:47.99,14.52,-73.93,-991.13,105.0,-665.0,-376.25,1,94.118,
01/01/2000,01:40:48.00,14.40,-73.93,-991.37,166.25,-603.75,-341.25,1,94.149,
01/01/2000,01:40:48.01,14.15,-73.69,-991.25,262.50,-638.75,-385.0,1,94.180,
01/01/2000,01:40:48.02,14.15,-73.44,-991.13,192.50,-700.0,-393.75,1,94.211,
01/01/2000,01:40:48.03,14.15,-73.44,-991.01,131.25,-630.0,-280.0,1,93.750,
01/01/2000,01:40:48.04,14.27,-73.69,-991.13,61.25,-717.50,-280.0,1,93.782,
01/01/2000,01:40:48.05,14.40,-73.81,-991.13,166.25,-735.0,-376.25,1,93.814,
01/01/2000,01:40:48.06,14.27,-73.81,-991.13,148.75,-778.75,-332.50,1,93.846,
01/01/2000,01:40:48.07,14.15,-73.69,-991.13,183.75,-682.50,-411.25,1,93.878,
01/01/2000,01:40:48.08,14.15,-73.44,-991.13,166.25,-700.0,-288.75,1,93.909,
01/01/2000,01:40:48.09,14.40,-73.32,-991.13,87.50,-787.50,-297.50,1,93.939,
01/01/2000,01:40:48.11,14.40,-73.57,-991.37,175.0,-761.25,-332.50,1,93.970,
01/01/2000,01:40:48.12,14.40,-73.69,-991.37,157.50,-691.25,-367.50,1,94.0,
01/01/2000,01:40:48.13,14.40,-73.81,-991.13,140.0,-708.75,-455.0,1,94.030,
01/01/2000,01:40:48.14,14.27,-73.57,-991.13,280.0,-787.50,-367.50,1,94.059,
01/01/2000,01:40:48.15,14.40,-73.44,-991.13,122.50,-708.75,-306.25,1,94.089,
01/01/2000,01:40:48.16,14.40,-73.44,-991.25,227.50,-752.50,-315.0,1,94.118,
01/01/2000,01:40:48.17,14.15,-73.69,-991.13,113.75,-726.25,-367.50,1,93.689,
01/01/2000,01:40:48.19,14.15,-73.44,-991.01,131.25,-586.25,-297.50,1,93.720,
01/01/2000,01:40:48.20,14.40,-73.44,-991.13,315.0,-752.50,-323.75,1,93.750,
01/01/2000,01:40:48.21,14.40,-73.44,-991.25,236.25,-813.75,-350.0,1,93.780,
01/01/2000,01:40:48.22,14.15,-73.44,-991.37,166.25,-568.75,-367.50,1,93.810,
01/01/2000,01:40:48.23,14.15,-73.69,-991.25,157.50,-743.75,-350.0,1,93.839,
01/01/2000,01:40:48.24,14.40,-73.57,-991.37,315.0,-743.75,-358.75,1,93.868,
01/01/2000,01:40:48.25,14.40,-73.44,-991.25,192.50,-612.50,-323.75,1,93.897,
01/01/2000,01:40:48.26,14.40,-73.44,-991.13,131.25,-735.0,-280.0,1,93.925,
01/01/2000,01:40:48.27,14.27,-73.57,-991.13,210.0,-735.0,-341.25,1,93.953,
01/01/2000,01:40:48.28,14.27,-73.69,-991.25,140.0,-595.0,-376.25,1,93.981,
01/01/2000,01:40:48.29,14.52,-73.44,-991.37,70.0,-682.50,-332.50,1,94.009,
01/01/2000,01:40:48.30,14.40,-73.44,-991.13,140.0,-682.50,-262.50,1,94.037,
01/01/2000,01:40:48.31,14.15,-73.57,-991.01,262.50,-735.0,-323.75,1,94.064,
01/01/2000,01:40:48.32,14.03,-73.69,-991.01,236.25,-638.75,-280.0,1,94.091,
01/01/2000,01:40:48.33,14.15,-73.69,-991.13,105.0,-638.75,-315.0,1,94.118,
01/01/2000,01:40:48.34,14.27,-73.69,-991.13,218.75,-647.50,-306.25,1,94.144,
01/01/2000,01:40:48.35,14.40,-73.69,-991.01,61.25,-673.75,-288.75,1,94.170,
01/01/2000,01:40:48.36,14.15,-73.69,-990.88,140.0,-673.75,-332.50,1,94.196,
01/01/2000,01:40:48.37,14.15,-73.69,-990.88,175.0,-778.75,-437.50,1,94.222,
01/01/2000,01:40:48.38,14.27,-73.44,-991.13,113.75,-726.25,-315.0,1,94.248,
01/01/2000,01:40:48.39,14.40,-73.20,-991.37,157.50,-638.75,-288.75,1,93.860,
01/01/2000,01:40:48.40,14.27,-73.32,-991.37,105.0,-691.25,-315.0,1,93.886,
01/01/2000,01:40:48.41,14.27,-73.32,-991.13,122.50,-691.25,-437.50,1,93.913,
01/01/2000,01:40:48.42,14.27,-73.32,-991.13,175.0,-743.75,-262.50,1,93.939,
01/01/2000,01:40:48.43,14.40,-73.32,-991.25,183.75,-787.50,-315.0,1,93.966,
01/01/2000,01:40:48.44,14.52,-73.32,-991.25,157.50,-752.50,-262.50,1,93.991,
01/01/2000,01:40:48.46,14.27,-73.44,-990.88,78.75,-743.75,-323.75,1,94.017,
01/01/2000,01:40:48.47,14.15,-73.32,-990.76,175.0,-595.0,-341.25,1,94.043,
01/01/2000,01:40:48.48,14.27,-73.20,-990.88,122.50,-673.75,-358.75,1,94.068,
01/01/2000,01:40:48.49,14.27,-73.20,-991.13,341.25,-752.50,-376.25,1,94.093,
01/01/2000,01:40:48.50,14.40,-73.20,-991.01,122.50,-682.50,-332.50,1,94.118,
01/01/2000,01:40:48.51,14.27,-73.20,-991.01,113.75,-726.25,-367.50,1,94.142,
01/01/2000,01:40:48.52,14.27,-73.20,-991.13,70.0,-770.0,-236.25,1,94.167,
01/01/2000,01:40:48.53,14.27,-73.20,-991.13,140.0,-691.25,-498.75,1,93.802,
01/01/2000,01:40:48.54,14.40,-73.20,-991.13,105.0,-708.75,-253.75,1,93.827,
01/01/2000,01:40:48.55,14.40,-73.32,-991.13,122.50,-726.25,-323.75,1,93.852,
01/01/2000,01:40:48.56,14.27,-73.57,-990.88,192.50,-647.50,-402.50,1,93.878,
01/01/2000,01:40:48.57,14.27,-73.69,-990.76,166.25,-595.0,-376.25,1,93.902,
01/01/2000,01:40:48.58,14.40,-73.57,-990.88,105.0,-682.50,-350.0,1,93.927,
01/01/2000,01:40:48.59,14.52,-73.44,-990.88,131.25,-682.50,-271.25,1,93.952,
01/01/2000,01:40:48.61,14.52,-73.44,-991.13,140.0,-595.0,-306.25,1,93.976,
01/01/2000,01:40:48.62,14.40,-73.57,-990.88,96.25,-673.75,-306.25,1,94.0,
01/01/2000,01:40:48.63,14.40,-73.57,-990.76,148.75,-752.50,-288.75,1,94.024,
01/01/2000,01:40:48.64,14.52,-73.69,-990.76,87.50,-603.75,-306.25,1,94.048,
01/01/2000,01:40:48.65,14.40,-73.57,-991.01,192.50,-700.0,-218.75,1,94.071,
01/01/2000,01:40:48.66,14.15,-73.69,-991.25,481.25,-647.50,-595.0,1,94.094,
01/01/2000,01:40:48.67,15.01,-72.96,-990.64,227.50,-813.75,-420.0,1,94.118,
01/01/2000,01:40:48.69,13.91,-74.18,-991.01,131.25,-656.25,-437.50,1,93.411,
01/01/2000,01:40:48.70,13.91,-73.81,-991.62,218.75,-778.75,-945.0,1,93.436,
01/01/2000,01:40:48.71,14.64,-73.20,-991.62,183.75,-665.0,-883.75,1,93.462,
01/01/2000,01:40:48.72,14.52,-72.83,-991.13,26.25,-691.25,131.25,1,93.487,
01/01/2000,01:40:48.73,14.40,-73.20,-990.64,192.50,-752.50,-113.75,1,93.511,
01/01/2000,01:40:48.74,14.15,-73.93,-990.52,245.0,-743.75,-603.75,1,93.536,
01/01/2000,01:40:48.75,14.03,-74.18,-991.37,192.50,-682.50,-647.50,1,93.561,
01/01/2000,01:40:48.77,14.15,-73.93,-991.98,201.25,-630.0,-402.50,1,93.585,
01/01/2000,01:40:48.77,14.15,-73.20,-991.62,175.0,-673.75,-280.0,1,93.609,
01/01/2000,01:40:48.79,14.27,-72.83,-990.64,201.25,-726.25,-131.25,1,93.633,
01/01/2000,01:40:48.80,13.91,-73.32,-990.27,385.0,-752.50,-183.75,1,93.657,
01/01/2000,01:40:48.81,13.79,-73.44,-990.64,157.50,-787.50,-481.25,1,93.680,
01/01/2000,01:40:48.82,14.15,-73.93,-991.62,288.75,-708.75,-402.50,1,93.704,
01/01/2000,01:40:48.83,14.15,-73.81,-991.74,70.0,-700.0,-402.50,1,93.727,
01/01/2000,01:40:48.84,14.15,-73.44,-991.13,122.50,-743.75,-332.50,1,93.750,
01/01/2000,01:40:48.85,13.91,-73.32,-990.64,148.75,-665.0,-245.0,1,93.773,
01/01/2000,01:40:48.86,13.91,-73.44,-990.76,227.50,-831.25,-306.25,1,93.796,
01/01/2000,01:40:48.87,13.91,-73.81,-991.49,210.0,-735.0,-253.75,1,93.818,
01/01/2000,01:40:48.88,14.15,-73.93,-991.86,8.75,-560.0,-446.25,1,93.841,
01/01/2000,01:40:48.89,14.03,-73.69,-991.62,210.0,-735.0,-490.0,1,93.863,
01/01/2000,01:40:48.90,13.66,-73.44,-990.76,183.75,-621.25,-341.25,1,93.885,
01/01/2000,01:40:48.91,13.66,-73.20,-990.76,113.75,-700.0,-420.0,1,93.907,
01/01/2000,01:40:48.92,14.15,-73.44,-991.13,288.75,-691.25,-358.75,1,93.929,
01/01/2000,01:40:48.93,14.27,-73.44,-991.62,131.25,-638.75,-350.0,1,93.950,
01/01/2000,01:40:48.94,14.15,-73.81,-991.49,61.25,-831.25,-358.75,1,93.972,
01/01/2000,01:40:48.95,13.91,-73.69,-991.01,218.75,-647.50,-560.0,1,93.993,
01/01/2000,01:40:48.96,14.15,-73.20,-990.64,122.50,-717.50,-358.75,1,93.684,
01/01/2000,01:40:48.97,14.15,-73.32,-991.01,227.50,-735.0,-175.0,1,93.706,
01/01/2000,01:40:48.98,14.03,-73.44,-991.37,183.75,-656.25,-280.0,1,93.728,
01/01/2000,01:40:48.99,13.91,-73.69,-991.37,192.50,-551.25,-402.50,1,93.750,
01/01/2000,01:40:49.00,13.91,-73.57,-991.13,210.0,-735.0,-542.50,1,93.772,
01/01/2000,01:40:49.01,13.91,-73.44,-991.01,113.75,-647.50,-183.75,1,93.793,
01/01/2000,01:40:49.03,14.27,-73.20,-991.25,236.25,-708.75,-437.50,1,93.814,
01/01/2000,01:40:49.04,14.27,-73.32,-991.49,175.0,-805.0,-192.50,1,93.836,
01/01/2000,01:40:49.05,14.15,-73.44,-991.49,140.0,-717.50,-376.25,1,93.857,
01/01/2000,01:40:49.06,14.03,-73.69,-991.49,218.75,-612.50,-446.25,1,93.878,
01/01/2000,01:40:49.07,14.15,-73.44,-991.49,-8.75,-595.0,-376.25,1,93.898,
01/01/2000,01:40:49.08,14.40,-73.32,-991.25,43.75,-638.75,-262.50,1,93.919,
01/01/2000,01:40:49.09,14.27,-73.32,-991.25,262.50,-682.50,-245.0,1,93.939,
01/01/2000,01:40:49.10,14.03,-73.69,-991.37,288.75,-778.75,-385.0,1,93.960,
01/01/2000,01:40:49.11,13.91,-73.69,-991.37,113.75,-700.0,-367.50,1,93.980,
01/01/2000,01:40:49.12,14.15,-73.44,-991.25,306.25,-726.25,-341.25,1,94.0,
01/01/2000,01:40:49.13,14.15,-73.32,-991.13,183.75,-743.75,-323.75,1,94.020,
01/01/2000,01:40:49.14,14.03,-73.44,-991.01,210.0,-691.25,-315.0,1,94.040,
01/01/2000,01:40:49.15,14.03,-73.44,-991.13,87.50,-647.50,-262.50,1,94.059,
01/01/2000,01:40:49.16,14.03,-73.81,-991.13,218.75,-805.0,-341.25,1,94.079,
01/01/2000,01:40:49.17,14.15,-73.69,-991.13,78.75,-630.0,-350.0,1,93.791,
01/01/2000,01:40:49.18,14.27,-73.69,-991.13,245.0,-691.25,-332.50,1,93.811,
01/01/2000,01:40:49.20,14.15,-73.69,-991.25,140.0,-796.25,-227.50,1,93.831,
01/01/2000,01:40:49.21,14.15,-73.69,-991.13,131.25,-691.25,-385.0,1,93.851,
01/01/2000,01:40:49.22,14.15,-73.69,-991.13,175.0,-822.50,-280.0,1,93.871,
01/01/2000,01:40:49.23,14.15,-73.57,-991.25,175.0,-787.50,-393.75,1,93.891,
01/01/2000,01:40:49.24,14.15,-73.57,-991.13,96.25,-691.25,-367.50,1,93.910,
01/01/2000,01:40:49.25,14.15,-73.57,-991.01,61.25,-778.75,-306.25,1,93.930,
01/01/2000,01:40:49.26,14.15,-73.57,-991.01,245.0,-743.75,-201.25,1,93.949,
01/01/2000,01:40:49.27,14.03,-73.57,-991.13,105.0,-638.75,-192.50,1,93.968,
01/01/2000,01:40:49.28,13.91,-73.69,-991.37,236.25,-796.25,-428.75,1,93.987,
01/01/2000,01:40:49.29,14.03,-73.57,-991.37,113.75,-717.50,-341.25,1,94.006,
01/01/2000,01:40:49.30,14.15,-73.44,-991.13,122.50,-630.0,-350.0,1,94.025,
01/01/2000,01:40:49.31,14.03,-73.32,-991.13,227.50,-761.25,-262.50,1,94.044,
01/01/2000,01:40:49.32,13.91,-73.44,-991.25,113.75,-743.75,-350.0,1,93.769,
01/01/2000,01:40:49.33,14.03,-73.44,-991.49,122.50,-673.75,-341.25,1,93.789,
01/01/2000,01:40:49.34,14.03,-73.44,-991.62,78.75,-735.0,-358.75,1,93.808,
01/01/2000,01:40:49.35,14.03,-73.20,-991.49,122.50,-551.25,-306.25,1,93.827,
01/01/2000,01:40:49.36,14.15,-73.08,-991.37,140.0,-682.50,-332.50,1,93.846,
01/01/2000,01:40:49.37,14.15,-73.20,-991.25,78.75,-761.25,-175.0,1,93.865,
01/01/2000,01:40:49.39,14.27,-73.57,-991.49,113.75,-691.25,-323.75,1,93.884,
01/01/2000,01:40:49.40,14.03,-73.69,-991.62,166.25,-805.0,-463.75,1,93.902,
01/01/2000,01:40:49.41,13.91,-73.57,-991.25,148.75,-752.50,-341.25,1,93.921,
01/01/2000,01:40:49.42,13.91,-73.44,-991.13,166.25,-638.75,-236.25,1,93.939,
01/01/2000,01:40:49.43,13.91,-73.44,-991.01,175.0,-673.75,-341.25,1,93.958,
01/01/2000,01:40:49.44,13.91,-73.44,-991.25,105.0,-656.25,-253.75,1,93.976,
01/01/2000,01:40:49.45,13.91,-73.69,-991.37,157.50,-612.50,-376.25,1,93.994,
01/01/2000,01:40:49.46,13.79,-73.57,-991.13,166.25,-595.0,-393.75,1,94.012,
01/01/2000,01:40:49.47,13.91,-73.44,-991.01,157.50,-691.25,-297.50,1,94.030,
01/01/2000,01:40:49.48,13.91,-73.32,-991.01,35.0,-656.25,-393.75,1,94.048,
01/01/2000,01:40:49.49,13.79,-73.32,-991.01,210.0,-673.75,-288.75,1,94.065,
01/01/2000,01:40:49.50,13.79,-73.57,-991.13,227.50,-691.25,-271.25,1,94.083,
01/01/2000,01:40:49.51,13.79,-73.69,-991.37,113.75,-656.25,-402.50,1,94.100,
01/01/2000,01:40:49.52,13.91,-73.57,-991.37,218.75,-805.0,-315.0,1,93.842,
01/01/2000,01:40:49.53,13.91,-73.44,-991.13,210.0,-621.25,-323.75,1,93.860,
01/01/2000,01:40:49.54,13.91,-73.44,-990.88,52.50,-708.75,-262.50,1,93.878,
01/01/2000,01:40:49.55,13.91,-73.57,-990.88,105.0,-665.0,-350.0,1,93.895,
01/01/2000,01:40:49.56,13.91,-73.69,-991.13,227.50,-726.25,-385.0,1,93.913,
01/01/2000,01:40:49.57,14.15,-73.69,-991.13,175.0,-708.75,-315.0,1,93.931,
01/01/2000,01:40:49.58,13.91,-73.69,-990.88,253.75,-726.25,-315.0,1,93.948,
01/01/2000,01:40:49.60,14.03,-73.57,-991.01,131.25,-708.75,-315.0,1,93.966,
01/01/2000,01:40:49.61,14.03,-73.69,-991.13,157.50,-735.0,-420.0,1,93.983,
01/01/2000,01:40:49.62,14.15,-73.57,-991.25,35.0,-682.50,-385.0,1,94.0,
01/01/2000,01:40:49.63,14.03,-73.69,-991.37,131.25,-621.25,-411.25,1,94.017,
01/01/2000,01:40:49.64,14.03,-73.57,-991.13,157.50,-682.50,-323.75,1,94.034,
01/01/2000,01:40:49.65,14.15,-73.44,-991.13,175.0,-883.75,-332.50,1,94.051,
01/01/2000,01:40:49.66,14.15,-73.57,-991.13,227.50,-542.50,-358.75,1,94.068,
01/01/2000,01:40:49.67,14.15,-73.57,-991.13,140.0,-700.0,-262.50,1,94.085,
01/01/2000,01:40:49.68,14.27,-73.69,-991.25,297.50,-656.25,-402.50,1,93.838,
01/01/2000,01:40:49.69,14.15,-73.57,-991.37,166.25,-691.25,-376.25,1,94.118,
01/01/2000,01:40:49.71,14.15,-73.44,-991.37,105.0,-647.50,-306.25,1,93.872,
01/01/2000,01:40:49.72,14.15,-73.44,-991.25,227.50,-577.50,-332.50,1,93.889,
01/01/2000,01:40:49.73,14.15,-73.57,-991.37,227.50,-691.25,-358.75,1,93.906,
01/01/2000,01:40:49.74,14.27,-73.81,-991.37,323.75,-656.25,-367.50,1,93.923,
01/01/2000,01:40:49.75,14.15,-73.81,-991.37,26.25,-621.25,-341.25,1,93.939,
01/01/2000,01:40:49.76,14.15,-73.69,-991.37,227.50,-735.0,-367.50,1,93.956,
01/01/2000,01:40:49.77,14.15,-73.57,-991.37,306.25,-805.0,-332.50,1,93.973,
01/01/2000,01:40:49.78,14.03,-73.69,-991.37,148.75,-726.25,-262.50,1,93.989,
01/01/2000,01:40:49.79,14.15,-73.81,-991.25,148.75,-726.25,-297.50,1,94.005,
01/01/2000,01:40:49.80,14.15,-73.81,-991.13,61.25,-691.25,-411.25,1,94.022,
01/01/2000,01:40:49.81,14.27,-73.93,-991.01,201.25,-665.0,-472.50,1,94.038,
01/01/2000,01:40:49.82,14.15,-73.69,-991.13,210.0,-735.0,-367.50,1,94.054,
01/01/2000,01:40:49.83,14.15,-73.69,-991.25,148.75,-761.25,-297.50,1,94.070,
01/01/2000,01:40:49.84,14.15,-73.57,-991.13,227.50,-682.50,-358.75,1,94.086,
01/01/2000,01:40:49.85,14.15,-73.69,-991.13,236.25,-621.25,-288.75,1,94.102,
01/01/2000,01:40:49.86,14.27,-73.81,-991.01,131.25,-717.50,-262.50,1,94.118,
01/01/2000,01:40:49.87,14.40,-73.93,-991.01,183.75,-735.0,-402.50,1,93.883,
01/01/2000,01:40:49.88,14.27,-73.69,-991.13,-78.75,-761.25,-402.50,1,93.899,
01/01/2000,01:40:49.89,14.27,-73.81,-991.13,245.0,-682.50,-332.50,1,93.915,
01/01/2000,01:40:49.90,14.27,-73.44,-991.13,166.25,-805.0,-271.25,1,93.931,
01/01/2000,01:40:49.91,14.15,-73.44,-991.13,411.25,-735.0,-210.0,1,93.947,
01/01/2000,01:40:49.92,14.15,-73.57,-991.13,8.75,-743.75,-236.25,1,93.963,
01/01/2000,01:40:49.93,14.15,-73.81,-991.13,271.25,-752.50,-350.0,1,93.979,
01/01/2000,01:40:49.95,14.15,-73.93,-991.13,131.25,-630.0,-402.50,1,93.995,
01/01/2000,01:40:49.96,14.15,-73.69,-991.25,236.25,-752.50,-341.25,1,94.010,
01/01/2000,01:40:49.97,14.15,-73.57,-991.37,236.25,-673.75,-280.0,1,94.026,
01/01/2000,01:40:49.98,14.03,-73.44,-991.37,0.0,-586.25,-297.50,1,94.041,
01/01/2000,01:40:49.99,14.03,-73.57,-991.37,148.75,-752.50,-280.0,1,94.057,
01/01/2000,01:40:50.00,14.03,-73.69,-991.37,113.75,-621.25,-323.75,1,94.072,
01/01/2000,01:40:50.01,14.27,-73.57,-991.37,131.25,-691.25,-323.75,1,93.846,
01/01/2000,01:40:50.02,14.15,-73.57,-991.13,218.75,-691.25,-306.25,1,93.862,
01/01/2000,01:40:50.03,13.91,-73.57,-991.13,210.0,-682.50,-315.0,1,93.878,
01/01/2000,01:40:50.04,13.91,-73.44,-991.25,183.75,-700.0,-393.75,1,93.893,
01/01/2000,01:40:50.05,13.91,-73.57,-991.37,113.75,-603.75,-323.75,1,93.909,
01/01/2000,01:40:50.06,14.15,-73.44,-991.62,253.75,-682.50,-288.75,1,93.924,
01/01/2000,01:40:50.07,14.03,-73.32,-991.62,140.0,-656.25,-376.25,1,93.939,
01/01/2000,01:40:50.09,14.03,-73.69,-991.13,288.75,-691.25,-288.75,1,93.955,
01/01/2000,01:40:50.10,14.03,-73.20,-991.37,87.50,-621.25,-411.25,1,93.970,
01/01/2000,01:40:50.11,14.15,-73.44,-991.49,43.75,-708.75,-175.0,1,93.985,
01/01/2000,01:40:50.12,14.15,-73.69,-991.62,201.25,-647.50,-280.0,1,94.0,
01/01/2000,01:40:50.13,14.15,-73.44,-991.62,87.50,-647.50,-455.0,1,94.015,
01/01/2000,01:40:50.14,14.27,-73.57,-991.49,288.75,-700.0,-315.0,1,94.030,
01/01/2000,01:40:50.15,14.15,-73.44,-991.37,227.50,-743.75,-420.0,1,94.045,
01/01/2000,01:40:50.16,14.15,-73.44,-991.37,157.50,-638.75,-245.0,1,94.059,
01/01/2000,01:40:50.17,14.40,-73.57,-991.37,306.25,-621.25,-481.25,1,94.074,
01/01/2000,01:40:50.18,14.27,-73.44,-991.49,183.75,-621.25,-297.50,1,94.089,
01/01/2000,01:40:50.19,14.40,-73.69,-991.25,175.0,-673.75,-323.75,1,94.103,
01/01/2000,01:40:50.20,14.27,-73.69,-991.13,227.50,-665.0,-393.75,1,94.118,
01/01/2000,01:40:50.21,14.27,-73.69,-991.13,122.50,-551.25,-341.25,1,93.902,
01/01/2000,01:40:50.23,14.27,-73.44,-991.13,52.50,-761.25,-315.0,1,93.917,
01/01/2000,01:40:50.24,14.27,-73.32,-991.01,87.50,-630.0,-227.50,1,93.932,
01/01/2000,01:40:50.25,14.27,-73.44,-991.01,157.50,-638.75,-297.50,1,93.947,
01/01/2000,01:40:50.26,14.27,-73.44,-991.13,175.0,-647.50,-358.75,1,93.961,
01/01/2000,01:40:50.27,14.27,-73.57,-991.37,70.0,-770.0,-376.25,1,93.976,
01/01/2000,01:40:50.28,14.40,-73.69,-991.37,122.50,-630.0,-437.50,1,93.990,
01/01/2000,01:40:50.29,14.15,-73.44,-991.37,105.0,-726.25,-411.25,1,94.005,
01/01/2000,01:40:50.30,14.15,-73.44,-991.13,271.25,-743.75,-288.75,1,94.019,
01/01/2000,01:40:50.31,14.03,-73.32,-991.25,218.75,-691.25,-376.25,1,94.033,
01/01/2000,01:40:50.32,13.91,-73.44,-991.37,105.0,-805.0,-262.50,1,94.048,
01/01/2000,01:40:50.33,14.03,-73.69,-991.49,96.25,-691.25,-437.50,1,94.062,
01/01/2000,01:40:50.34,14.15,-73.69,-991.62,78.75,-743.75,-350.0,1,94.076,
01/01/2000,01:40:50.35,14.40,-73.69,-991.37,192.50,-656.25,-288.75,1,94.090,
01/01/2000,01:40:50.36,14.15,-73.69,-991.37,350.0,-656.25,-385.0,1,94.104,
01/01/2000,01:40:50.37,14.15,-73.69,-991.13,218.75,-735.0,-358.75,1,93.897,
01/01/2000,01:40:50.38,14.15,-73.69,-991.13,157.50,-647.50,-332.50,1,93.911,
01/01/2000,01:40:50.39,14.15,-73.69,-991.13,148.75,-603.75,-306.25,1,93.925,
01/01/2000,01:40:50.40,14.15,-73.69,-991.13,105.0,-691.25,-245.0,1,93.939,
01/01/2000,01:40:50.41,14.15,-73.81,-991.13,201.25,-761.25,-323.75,1,93.953,
01/01/2000,01:40:50.42,14.15,-73.93,-991.25,61.25,-752.50,-393.75,1,93.968,
01/01/2000,01:40:50.44,14.15,-73.69,-991.49,166.25,-577.50,-446.25,1,93.981,
01/01/2000,01:40:50.45,14.15,-73.57,-991.49,192.50,-743.75,-358.75,1,93.995,
01/01/2000,01:40:50.46,14.15,-73.44,-991.62,157.50,-735.0,-350.0,1,94.009,
01/01/2000,01:40:50.47,14.15,-73.44,-991.49,245.0,-603.75,-323.75,1,94.023,
01/01/2000,01:40:50.48,14.15,-73.57,-991.25,157.50,-717.50,-306.25,1,94.037,
01/01/2000,01:40:50.49,14.15,-73.93,-991.13,122.50,-656.25,-297.50,1,94.050,
01/01/2000,01:40:50.50,14.15,-73.81,-991.13,245.0,-577.50,-350.0,1,94.064,
01/01/2000,01:40:50.51,14.15,-73.69,-991.37,87.50,-717.50,-402.50,1,94.077,
01/01/2000,01:40:50.52,14.15,-73.57,-991.62,175.0,-735.0,-306.25,1,94.091,
01/01/2000,01:40:50.53,14.27,-73.20,-991.49,43.75,-691.25,-245.0,1,94.104,
01/01/2000,01:40:50.54,14.52,-73.32,-991.49,262.50,-647.50,-350.0,1,94.118,
01/01/2000,01:40:50.55,14.64,-73.44,-991.49,122.50,-735.0,-245.0,1,94.131,
01/01/2000,01:40:50.56,14.52,-73.44,-991.62,52.50,-796.25,-253.75,1,94.144,
01/01/2000,01:40:50.57,14.64,-73.57,-991.62,166.25,-778.75,-341.25,1,94.157,
01/01/2000,01:40:50.58,14.40,-73.32,-991.37,70.0,-586.25,-306.25,1,93.960,
01/01/2000,01:40:50.59,14.40,-73.44,-991.37,157.50,-647.50,-306.25,1,93.973,
01/01/2000,01:40:50.60,14.40,-73.32,-991.25,140.0,-822.50,-437.50,1,93.987,
01/01/2000,01:40:50.61,14.40,-73.44,-991.13,96.25,-778.75,-236.25,1,94.0,
01/01/2000,01:40:50.62,14.64,-73.69,-991.13,105.0,-647.50,-323.75,1,94.013,
01/01/2000,01:40:50.63,14.27,-73.69,-991.25,227.50,-752.50,-323.75,1,94.027,
01/01/2000,01:40:50.65,14.40,-73.69,-991.25,183.75,-691.25,-218.75,1,94.040,
01/01/2000,01:40:50.66,14.27,-73.44,-991.25,0.0,-743.75,-402.50,1,94.053,
01/01/2000,01:40:50.67,14.27,-73.44,-991.25,236.25,-770.0,-315.0,1,94.066,
01/01/2000,01:40:50.68,14.15,-73.44,-991.37,227.50,-647.50,-306.25,1,94.079,
01/01/2000,01:40:50.69,14.15,-73.44,-991.37,157.50,-787.50,-420.0,1,94.092,
01/01/2000,01:40:50.70,14.03,-73.44,-991.01,175.0,-682.50,-341.25,1,94.105,
01/01/2000,01:40:50.71,13.91,-73.44,-990.88,122.50,-735.0,-358.75,1,94.118,
01/01/2000,01:40:50.73,13.91,-73.44,-991.37,227.50,-770.0,-402.50,1,93.926,
01/01/2000,01:40:50.74,14.03,-73.57,-991.49,227.50,-647.50,-341.25,1,93.939,
01/01/2000,01:40:50.75,14.03,-73.44,-991.49,140.0,-752.50,-350.0,1,93.952,
01/01/2000,01:40:50.76,14.03,-73.69,-991.49,96.25,-673.75,-358.75,1,93.966,
01/01/2000,01:40:50.77,14.03,-73.57,-991.37,52.50,-673.75,-323.75,1,93.978,
01/01/2000,01:40:50.78,14.15,-73.44,-991.37,140.0,-752.50,-297.50,1,93.991,
01/01/2000,01:40:50.79,14.15,-73.57,-991.25,201.25,-761.25,-288.75,1,94.004,
01/01/2000,01:40:50.80,14.15,-73.69,-991.01,210.0,-621.25,-315.0,1,93.817,
01/01/2000,01:40:50.81,14.03,-73.69,-991.01,113.75,-717.50,-315.0,1,93.830,
01/01/2000,01:40:50.82,14.15,-73.57,-991.13,78.75,-568.75,-420.0,1,93.843,
01/01/2000,01:40:50.83,14.03,-73.44,-991.13,140.0,-735.0,-253.75,1,93.856,
01/01/2000,01:40:50.84,14.03,-73.44,-991.25,70.0,-638.75,-315.0,1,93.869,
01/01/2000,01:40:50.85,14.03,-73.32,-991.25,280.0,-735.0,-297.50,1,93.882,
01/01/2000,01:40:50.86,14.03,-73.44,-991.37,78.75,-752.50,-350.0,1,93.895,
01/01/2000,01:40:50.87,14.03,-73.57,-991.25,201.25,-647.50,-350.0,1,93.908,
01/01/2000,01:40:50.88,14.03,-73.69,-991.13,148.75,-831.25,-332.50,1,93.920,
01/01/2000,01:40:50.89,14.03,-73.69,-991.13,131.25,-673.75,-402.50,1,93.933,
01/01/2000,01:40:50.90,13.91,-73.57,-991.13,140.0,-700.0,-315.0,1,93.946,
01/01/2000,01:40:50.91,13.79,-73.69,-991.01,96.25,-726.25,-341.25,1,93.958,
01/01/2000,01:40:50.92,13.91,-73.44,-991.01,183.75,-770.0,-332.50,1,93.971,
01/01/2000,01:40:50.94,13.91,-73.44,-991.13,315.0,-595.0,-245.0,1,93.983,
01/01/2000,01:40:50.95,14.15,-73.57,-991.13,70.0,-595.0,-236.25,1,93.996,
01/01/2000,01:40:50.96,14.03,-73.69,-991.25,201.25,-630.0,-428.75,1,94.008,
01/01/2000,01:40:50.97,14.03,-73.57,-991.25,148.75,-595.0,-306.25,1,94.021,
01/01/2000,01:40:50.98,14.15,-73.57,-991.37,183.75,-752.50,-376.25,1,94.033,
01/01/2000,01:40:50.99,14.40,-73.44,-991.25,113.75,-700.0,-341.25,1,94.045,
01/01/2000,01:40:51.00,14.40,-73.57,-991.25,166.25,-700.0,-437.50,1,94.057,
01/01/2000,01:40:51.01,14.27,-73.57,-991.13,140.0,-682.50,-323.75,1,94.070,
01/01/2000,01:40:51.02,14.15,-73.69,-991.13,262.50,-735.0,-411.25,1,94.082,
01/01/2000,01:40:51.03,14.15,-73.44,-991.13,183.75,-682.50,-428.75,1,94.094,
01/01/2000,01:40:51.04,14.15,-73.44,-991.37,245.0,-656.25,-140.0,1,94.106,
01/01/2000,01:40:51.05,14.40,-73.32,-991.37,61.25,-682.50,-297.50,1,94.118,
01/01/2000,01:40:51.06,14.27,-73.44,-991.37,70.0,-647.50,-437.50,1,94.130,
01/01/2000,01:40:51.07,14.27,-73.57,-991.37,157.50,-568.75,-315.0,1,93.952,
01/01/2000,01:40:51.08,14.40,-73.44,-991.49,306.25,-577.50,-463.75,1,93.964,
01/01/2000,01:40:51.09,14.27,-73.20,-991.49,26.25,-647.50,-245.0,1,93.976,
01/01/2000,01:40:51.10,14.15,-73.20,-991.37,192.50,-743.75,-358.75,1,93.988,
01/01/2000,01:40:51.11,14.03,-73.32,-991.25,192.50,-682.50,-201.25,1,94.0,
01/01/2000,01:40:51.12,13.91,-73.44,-991.37,183.75,-656.25,-315.0,1,94.012,
01/01/2000,01:40:51.13,14.15,-73.69,-991.49,192.50,-726.25,-315.0,1,94.024,
01/01/2000,01:40:51.15,14.15,-73.69,-991.62,113.75,-656.25,-393.75,1,94.036,
01/01/2000,01:40:51.16,14.03,-73.57,-991.62,96.25,-691.25,-385.0,1,94.048,
01/01/2000,01:40:51.17,14.03,-73.69,-991.37,140.0,-673.75,-245.0,1,94.059,
01/01/2000,01:40:51.18,14.03,-73.57,-991.25,122.50,-796.25,-367.50,1,94.071,
01/01/2000,01:40:51.19,14.15,-73.69,-991.37,166.25,-691.25,-280.0,1,94.083,
01/01/2000,01:40:51.20,14.27,-73.69,-991.13,105.0,-595.0,-306.25,1,94.094,
01/01/2000,01:40:51.21,14.15,-73.93,-991.13,78.75,-787.50,-253.75,1,94.106,
01/01/2000,01:40:51.22,14.15,-73.93,-990.88,148.75,-726.25,-393.75,1,94.118,
01/01/2000,01:40:51.24,14.15,-73.69,-991.13,131.25,-638.75,-411.25,1,93.945,
01/01/2000,01:40:51.25,14.15,-73.69,-991.13,192.50,-787.50,-402.50,1,93.957,
01/01/2000,01:40:51.26,14.03,-73.44,-990.88,157.50,-787.50,-262.50,1,93.969,
01/01/2000,01:40:51.27,13.91,-73.57,-990.64,61.25,-656.25,-262.50,1,93.981,
01/01/2000,01:40:51.28,14.15,-73.69,-990.64,183.75,-708.75,-420.0,1,93.992,
01/01/2000,01:40:51.29,14.15,-73.69,-991.01,96.25,-673.75,-297.50,1,94.004,
01/01/2000,01:40:51.30,14.40,-73.57,-991.13,245.0,-778.75,-420.0,1,94.015,
01/01/2000,01:40:51.31,14.15,-73.57,-991.01,201.25,-743.75,-315.0,1,94.027,
01/01/2000,01:40:51.32,14.03,-73.44,-990.88,78.75,-612.50,-341.25,1,94.038,
01/01/2000,01:40:51.33,14.15,-73.93,-990.64,253.75,-516.25,-315.0,1,94.050,
01/01/2000,01:40:51.34,14.15,-73.69,-990.64,210.0,-700.0,-367.50,1,94.061,
01/01/2000,01:40:51.35,14.27,-73.93,-990.76,131.25,-726.25,-315.0,1,94.073,
01/01/2000,01:40:51.36,14.15,-73.81,-990.88,61.25,-691.25,-385.0,1,94.084,
01/01/2000,01:40:51.37,14.03,-73.81,-991.37,52.50,-691.25,-332.50,1,94.095,
01/01/2000,01:40:51.38,14.15,-73.81,-991.37,192.50,-840.0,-341.25,1,94.106,
01/01/2000,01:40:51.39,14.15,-73.57,-991.49,131.25,-743.75,-341.25,1,94.118,
01/01/2000,01:40:51.40,14.27,-73.69,-991.37,105.0,-743.75,-437.50,1,94.129,
01/01/2000,01:40:51.41,14.40,-73.93,-991.13,218.75,-770.0,-306.25,1,94.140,
01/01/2000,01:40:51.42,14.15,-73.81,-991.13,122.50,-708.75,-332.50,1,94.151,
01/01/2000,01:40:51.43,14.03,-73.93,-991.13,201.25,-708.75,-385.0,1,93.985,
01/01/2000,01:40:51.44,14.03,-73.69,-991.37,148.75,-630.0,-376.25,1,93.996,
01/01/2000,01:40:51.45,14.03,-73.69,-991.49,105.0,-735.0,-271.25,1,94.007,
01/01/2000,01:40:51.46,14.15,-73.81,-991.49,175.0,-717.50,-262.50,1,94.019,
01/01/2000,01:40:51.47,14.15,-73.93,-991.37,148.75,-682.50,-358.75,1,94.030,
01/01/2000,01:40:51.48,14.40,-74.30,-991.37,315.0,-708.75,-323.75,1,94.041,
01/01/2000,01:40:51.50,14.40,-73.81,-991.49,61.25,-787.50,-411.25,1,94.052,
01/01/2000,01:40:51.51,14.52,-73.81,-991.37,78.75,-700.0,-367.50,1,94.063,
01/01/2000,01:40:51.52,14.27,-73.69,-991.13,271.25,-700.0,-218.75,1,94.074,
01/01/2000,01:40:51.53,14.15,-73.44,-990.88,-61.25,-638.75,-297.50,1,94.085,
01/01/2000,01:40:51.54,14.40,-73.81,-991.13,245.0,-700.0,-323.75,1,94.096,
01/01/2000,01:40:51.55,14.40,-73.69,-991.37,192.50,-805.0,-297.50,1,94.107,
01/01/2000,01:40:51.56,14.40,-73.81,-991.37,148.75,-700.0,-341.25,1,94.118,
01/01/2000,01:40:51.57,14.40,-73.81,-991.37,262.50,-691.25,-288.75,1,94.128,
01/01/2000,01:40:51.58,14.03,-73.44,-991.25,-8.75,-691.25,-315.0,1,94.139,
01/01/2000,01:40:51.59,14.15,-73.57,-991.25,227.50,-700.0,-315.0,1,94.150,
01/01/2000,01:40:51.60,13.91,-73.69,-991.37,175.0,-647.50,-288.75,1,94.161,
01/01/2000,01:40:51.61,14.03,-73.69,-991.37,157.50,-673.75,-350.0,1,94.171,
01/01/2000,01:40:51.62,14.15,-73.93,-991.13,271.25,-770.0,-472.50,1,94.182,
01/01/2000,01:40:51.63,14.15,-73.69,-991.13,70.0,-673.75,-306.25,1,94.022,
01/01/2000,01:40:51.65,14.27,-73.81,-991.01,253.75,-691.25,-481.25,1,94.033,
01/01/2000,01:40:51.66,14.15,-73.44,-991.37,131.25,-656.25,-323.75,1,94.043,
01/01/2000,01:40:51.67,14.15,-73.69,-991.49,253.75,-647.50,-280.0,1,94.054,
01/01/2000,01:40:51.68,14.03,-73.93,-991.37,306.25,-621.25,-253.75,1,94.065,
01/01/2000,01:40:51.69,14.03,-73.69,-991.37,17.50,-612.50,-315.0,1,94.075,
01/01/2000,01:40:51.70,14.15,-73.81,-991.13,175.0,-743.75,-358.75,1,94.086,
01/01/2000,01:40:51.71,14.03,-73.57,-991.37,271.25,-665.0,-332.50,1,94.097,
01/01/2000,01:40:51.72,13.91,-73.57,-991.37,113.75,-647.50,-428.75,1,94.107,
01/01/2000,01:40:51.73,14.03,-73.57,-991.37,350.0,-761.25,-323.75,1,94.118,
01/01/2000,01:40:51.74,14.15,-73.69,-991.13,175.0,-673.75,-411.25,1,93.961,
01/01/2000,01:40:51.75,14.15,-73.81,-991.37,210.0,-691.25,-323.75,1,93.972,
01/01/2000,01:40:51.76,14.15,-73.93,-991.49,148.75,-673.75,-341.25,1,93.982,
01/01/2000,01:40:51.77,14.15,-74.05,-991.62,131.25,-743.75,-463.75,1,93.993,
01/01/2000,01:40:51.79,14.03,-73.93,-991.62,131.25,-647.50,-262.50,1,94.004,
01/01/2000,01:40:51.80,14.03,-73.69,-991.37,157.50,-656.25,-323.75,1,94.014,
01/01/2000,01:40:51.81,14.15,-73.69,-991.13,35.0,-647.50,-376.25,1,94.025,
01/01/2000,01:40:51.82,14.27,-73.69,-991.13,210.0,-735.0,-341.25,1,94.035,
01/01/2000,01:40:51.83,14.27,-73.93,-991.13,341.25,-638.75,-385.0,1,94.046,
01/01/2000,01:40:51.84,14.27,-74.05,-991.25,131.25,-656.25,-297.50,1,94.056,
01/01/2000,01:40:51.85,14.15,-73.93,-991.37,140.0,-700.0,-420.0,1,94.066,
01/01/2000,01:40:51.86,14.15,-73.81,-991.37,52.50,-673.75,-271.25,1,94.077,
01/01/2000,01:40:51.87,14.15,-73.69,-991.37,236.25,-778.75,-253.75,1,94.087,
01/01/2000,01:40:51.88,14.03,-73.81,-991.37,271.25,-630.0,-350.0,1,94.097,
01/01/2000,01:40:51.89,14.15,-73.81,-991.25,87.50,-717.50,-332.50,1,94.107,
01/01/2000,01:40:51.90,14.15,-73.93,-991.13,70.0,-665.0,-350.0,1,94.118,
01/01/2000,01:40:51.91,14.15,-73.69,-991.25,201.25,-656.25,-323.75,1,94.128,
01/01/2000,01:40:51.92,14.15,-73.57,-991.25,210.0,-577.50,-341.25,1,94.138,
01/01/2000,01:40:51.93,13.91,-73.44,-991.37,245.0,-603.75,-315.0,1,94.148,
01/01/2000,01:40:51.94,13.91,-73.69,-991.37,227.50,-761.25,-411.25,1,94.158,
01/01/2000,01:40:51.95,14.15,-73.81,-991.37,87.50,-621.25,-420.0,1,94.168,
01/01/2000,01:40:51.96,14.03,-73.81,-991.49,192.50,-717.50,-332.50,1,94.178,
01/01/2000,01:40:51.97,14.15,-73.69,-991.37,-43.75,-726.25,-402.50,1,94.188,
01/01/2000,01:40:51.98,14.15,-73.69,-991.25,105.0,-638.75,-288.75,1,94.198,
01/01/2000,01:40:51.99,14.15,-73.57,-991.25,70.0,-682.50,-350.0,1,94.208,
01/01/2000,01:40:52.00,14.15,-73.69,-991.13,113.75,-542.50,-358.75,1,94.218,
01/01/2000,01:40:52.01,14.15,-73.93,-991.25,218.75,-647.50,-367.50,1,94.228,
01/01/2000,01:40:52.02,14.03,-73.93,-991.37,122.50,-700.0,-428.75,1,94.237,
01/01/2000,01:40:52.03,14.15,-73.57,-991.25,-26.25,-708.75,-271.25,1,94.247,
01/01/2000,01:40:52.04,14.03,-73.57,-991.13,175.0,-682.50,-411.25,1,94.257,
01/01/2000,01:40:52.06,14.15,-73.57,-991.13,70.0,-603.75,-376.25,1,94.108,
01/01/2000,01:40:52.07,14.03,-73.69,-991.13,271.25,-603.75,-393.75,1,94.118,
01/01/2000,01:40:52.08,14.15,-73.57,-991.01,35.0,-673.75,-315.0,1,94.128,
01/01/2000,01:40:52.09,14.15,-73.81,-990.88,297.50,-796.25,-481.25,1,94.137,
01/01/2000,01:40:52.10,14.03,-73.32,-990.76,131.25,-595.0,-183.75,1,94.147,
01/01/2000,01:40:52.11,13.91,-73.69,-990.88,210.0,-568.75,-385.0,1,94.157,
01/01/2000,01:40:52.12,13.91,-73.57,-991.01,166.25,-673.75,-437.50,1,94.167,
01/01/2000,01:40:52.13,14.15,-73.44,-991.37,227.50,-752.50,-323.75,1,94.176,
01/01/2000,01:40:52.14,14.27,-73.69,-991.25,210.0,-735.0,-332.50,1,94.186,
01/01/2000,01:40:52.15,14.15,-73.69,-991.01,35.0,-866.25,-271.25,1,94.196,
01/01/2000,01:40:52.16,14.15,-73.81,-990.88,192.50,-743.75,-323.75,1,94.205,
01/01/2000,01:40:52.17,14.15,-73.57,-990.88,210.0,-682.50,-411.25,1,94.215,
01/01/2000,01:40:52.18,14.15,-73.44,-991.01,8.75,-691.25,-253.75,1,94.224,
01/01/2000,01:40:52.19,14.15,-73.57,-991.13,166.25,-717.50,-280.0,1,94.234,
01/01/2000,01:40:52.20,13.91,-73.20,-990.88,78.75,-612.50,-315.0,1,94.089,
01/01/2000,01:40:52.21,14.15,-73.44,-990.88,367.50,-612.50,-428.75,1,94.098,
01/01/2000,01:40:52.22,14.15,-73.44,-991.01,96.25,-656.25,-385.0,1,94.108,
01/01/2000,01:40:52.23,14.27,-73.57,-991.13,157.50,-682.50,-446.25,1,94.118,
01/01/2000,01:40:52.24,14.40,-73.69,-991.13,8.75,-656.25,-367.50,1,94.127,
01/01/2000,01:40:52.26,14.27,-73.32,-991.25,-122.50,-638.75,-323.75,1,94.137,
01/01/2000,01:40:52.27,14.40,-73.69,-991.13,245.0,-665.0,-341.25,1,94.146,
01/01/2000,01:40:52.28,14.27,-73.44,-991.13,87.50,-708.75,-315.0,1,94.156,
01/01/2000,01:40:52.29,14.40,-73.93,-991.13,157.50,-787.50,-358.75,1,94.165,
01/01/2000,01:40:52.30,14.27,-73.81,-991.01,218.75,-595.0,-376.25,1,94.175,
01/01/2000,01:40:52.31,14.03,-73.57,-990.88,70.0,-673.75,-367.50,1,94.184,
01/01/2000,01:40:52.32,14.15,-73.69,-991.01,131.25,-673.75,-481.25,1,94.194,
01/01/2000,01:40:52.33,14.15,-73.32,-991.13,113.75,-700.0,-280.0,1,94.203,
01/01/2000,01:40:52.34,14.27,-73.20,-991.13,87.50,-796.25,-323.75,1,94.212,
01/01/2000,01:40:52.35,14.27,-73.57,-991.13,113.75,-770.0,-341.25,1,94.222,
01/01/2000,01:40:52.36,13.91,-73.57,-991.25,157.50,-682.50,-341.25,1,94.231,
01/01/2000,01:40:52.37,14.15,-73.69,-991.37,157.50,-673.75,-367.50,1,94.240,
01/01/2000,01:40:52.38,14.03,-73.44,-991.37,78.75,-700.0,-271.25,1,94.099,
01/01/2000,01:40:52.39,14.15,-73.20,-991.37,87.50,-770.0,-332.50,1,94.108,
01/01/2000,01:40:52.40,14.15,-73.44,-991.37,113.75,-770.0,-297.50,1,94.118,
01/01/2000,01:40:52.42,13.91,-73.44,-991.49,52.50,-630.0,-323.75,1,94.127,
01/01/2000,01:40:52.43,14.15,-73.69,-991.37,227.50,-647.50,-385.0,1,94.136,
01/01/2000,01:40:52.44,14.27,-73.44,-991.25,148.75,-603.75,-341.25,1,94.146,
01/01/2000,01:40:52.45,14.15,-73.69,-991.13,157.50,-560.0,-411.25,1,94.155,
01/01/2000,01:40:52.46,14.03,-73.57,-991.13,131.25,-735.0,-315.0,1,94.164,
01/01/2000,01:40:52.47,13.79,-73.81,-991.01,218.75,-770.0,-516.25,1,94.173,
01/01/2000,01:40:52.48,13.79,-73.69,-991.25,201.25,-717.50,-341.25,1,94.182,
01/01/2000,01:40:52.49,13.91,-73.57,-991.37,8.75,-743.75,-402.50,1,94.192,
01/01/2000,01:40:52.50,14.03,-73.69,-991.13,297.50,-682.50,-437.50,1,94.201,
01/01/2000,01:40:52.51,13.91,-73.44,-990.88,52.50,-743.75,-210.0,1,94.210,
01/01/2000,01:40:52.52,14.03,-73.44,-990.88,280.0,-700.0,-446.25,1,94.219,
01/01/2000,01:40:52.53,14.03,-73.69,-991.37,332.50,-682.50,-288.75,1,94.228,
01/01/2000,01:40:52.54,14.15,-73.57,-991.74,70.0,-656.25,-402.50,1,94.237,
01/01/2000,01:40:52.55,13.79,-73.57,-991.37,332.50,-595.0,-411.25,1,94.099,
01/01/2000,01:40:52.56,13.66,-73.57,-991.13,140.0,-595.0,-315.0,1,94.109,
01/01/2000,01:40:52.57,13.91,-73.44,-990.88,245.0,-735.0,-402.50,1,94.118,
01/01/2000,01:40:52.58,14.15,-73.44,-991.01,157.50,-542.50,-367.50,1,94.127,
01/01/2000,01:40:52.59,14.15,-73.57,-991.37,-87.50,-673.75,-315.0,1,94.136,
01/01/2000,01:40:52.60,14.15,-73.81,-991.37,315.0,-638.75,-367.50,1,94.145,
01/01/2000,01:40:52.61,14.03,-73.57,-991.37,105.0,-656.25,-350.0,1,94.154,
01/01/2000,01:40:52.63,14.15,-73.44,-991.37,131.25,-831.25,-490.0,1,94.163,
01/01/2000,01:40:52.64,14.15,-73.69,-991.37,280.0,-708.75,-236.25,1,94.172,
01/01/2000,01:40:52.65,13.91,-73.44,-991.74,140.0,-551.25,-341.25,1,94.181,
01/01/2000,01:40:52.66,14.40,-73.69,-991.49,140.0,-586.25,-280.0,1,94.190,
01/01/2000,01:40:52.67,14.15,-73.93,-991.25,175.0,-673.75,-315.0,1,94.198,
01/01/2000,01:40:52.68,14.15,-73.57,-991.13,87.50,-761.25,-385.0,1,94.207,
01/01/2000,01:40:52.69,14.15,-73.93,-991.37,472.50,-700.0,-385.0,1,94.216,
01/01/2000,01:40:52.70,14.03,-73.32,-991.74,70.0,-647.50,-288.75,1,94.225,
01/01/2000,01:40:52.71,14.15,-73.57,-991.62,236.25,-665.0,-306.25,1,94.234,
01/01/2000,01:40:52.72,13.79,-73.69,-991.37,157.50,-708.75,-271.25,1,94.242,
01/01/2000,01:40:52.73,13.91,-73.93,-991.13,61.25,-717.50,-463.75,1,94.251,
01/01/2000,01:40:52.74,14.27,-73.93,-991.13,262.50,-735.0,-332.50,1,94.260,
01/01/2000,01:40:52.75,14.27,-73.69,-991.13,175.0,-717.50,-236.25,1,94.268,
01/01/2000,01:40:52.77,14.03,-73.81,-991.49,288.75,-796.25,-411.25,1,94.135,
01/01/2000,01:40:52.78,13.91,-73.57,-991.62,78.75,-726.25,-402.50,1,94.144,
01/01/2000,01:40:52.79,14.15,-73.57,-991.37,113.75,-621.25,-253.75,1,94.153,
01/01/2000,01:40:52.80,14.15,-73.57,-991.37,140.0,-743.75,-376.25,1,94.162,
01/01/2000,01:40:52.81,14.03,-73.57,-991.49,166.25,-726.25,-271.25,1,94.170,
01/01/2000,01:40:52.82,14.15,-73.81,-991.13,315.0,-700.0,-498.75,1,94.179,
01/01/2000,01:40:52.83,13.91,-73.69,-991.25,105.0,-638.75,-271.25,1,94.188,
01/01/2000,01:40:52.84,14.03,-73.69,-991.37,131.25,-778.75,-350.0,1,94.056,
01/01/2000,01:40:52.85,14.15,-73.69,-991.62,315.0,-682.50,-332.50,1,94.205,
01/01/2000,01:40:52.86,14.27,-73.44,-991.37,0.0,-673.75,-315.0,1,94.074,
01/01/2000,01:40:52.87,14.15,-73.69,-991.25,218.75,-708.75,-323.75,1,94.083,
01/01/2000,01:40:52.88,14.27,-73.81,-991.37,140.0,-708.75,-402.50,1,94.092,
01/01/2000,01:40:52.89,14.15,-73.93,-991.37,192.50,-647.50,-481.25,1,94.100,
01/01/2000,01:40:52.90,14.27,-73.57,-991.37,148.75,-708.75,-498.75,1,94.109,
01/01/2000,01:40:52.91,14.03,-73.44,-991.37,227.50,-708.75,-280.0,1,94.118,
01/01/2000,01:40:52.92,13.91,-73.57,-991.49,105.0,-673.75,-376.25,1,94.126,
01/01/2000,01:40:52.93,13.79,-73.69,-991.49,113.75,-778.75,-350.0,1,94.135,
01/01/2000,01:40:52.94,14.03,-73.81,-991.62,183.75,-717.50,-332.50,1,94.143,
01/01/2000,01:40:52.95,14.15,-73.93,-991.62,253.75,-708.75,-332.50,1,94.152,
01/01/2000,01:40:52.96,13.91,-73.93,-991.62,61.25,-638.75,-210.0,1,94.161,
01/01/2000,01:40:52.98,13.91,-74.18,-991.62,341.25,-630.0,-446.25,1,94.169,
01/01/2000,01:40:52.99,13.91,-73.69,-991.74,148.75,-726.25,-350.0,1,94.178,
01/01/2000,01:40:53.00,14.15,-73.69,-991.74,131.25,-665.0,-271.25,1,94.186,
01/01/2000,01:40:53.01,14.27,-73.69,-991.62,175.0,-717.50,-288.75,1,94.194,
01/01/2000,01:40:53.02,14.15,-73.81,-991.37,253.75,-700.0,-385.0,1,94.203,
01/01/2000,01:40:53.03,14.27,-73.93,-991.37,166.25,-770.0,-341.25,1,94.211,
01/01/2000,01:40:53.04,14.15,-73.93,-991.37,96.25,-612.50,-385.0,1,94.220,
01/01/2000,01:40:53.05,14.03,-73.69,-991.62,-8.75,-638.75,-227.50,1,94.228,
01/01/2000,01:40:53.06,14.03,-73.57,-991.62,201.25,-682.50,-385.0,1,94.236,
01/01/2000,01:40:53.07,13.91,-73.44,-991.49,61.25,-691.25,-306.25,1,94.245,
01/01/2000,01:40:53.08,14.03,-73.69,-991.25,288.75,-743.75,-358.75,1,94.253,
01/01/2000,01:40:53.09,14.03,-73.81,-991.25,96.25,-726.25,-402.50,1,94.261,
01/01/2000,01:40:53.10,13.91,-73.81,-991.37,87.50,-708.75,-385.0,1,94.269,
01/01/2000,01:40:53.11,13.91,-73.57,-991.37,166.25,-743.75,-271.25,1,94.143,
01/01/2000,01:40:53.12,13.91,-73.44,-991.37,43.75,-708.75,-236.25,1,94.151,
01/01/2000,01:40:53.13,13.79,-73.44,-991.37,140.0,-708.75,-306.25,1,94.160,
01/01/2000,01:40:53.14,13.79,-73.69,-991.37,87.50,-638.75,-358.75,1,94.168,
01/01/2000,01:40:53.15,13.91,-73.69,-991.37,192.50,-630.0,-393.75,1,94.176,
01/01/2000,01:40:53.16,14.15,-73.93,-991.49,61.25,-761.25,-332.50,1,94.184,
01/01/2000,01:40:53.17,14.03,-73.93,-991.37,166.25,-638.75,-402.50,1,94.193,
01/01/2000,01:40:53.19,14.03,-73.93,-991.13,183.75,-577.50,-297.50,1,94.201,
01/01/2000,01:40:53.20,14.15,-73.81,-991.25,140.0,-673.75,-236.25,1,94.209,
01/01/2000,01:40:53.21,14.15,-73.69,-991.49,288.75,-656.25,-367.50,1,94.217,
01/01/2000,01:40:53.22,14.15,-73.69,-991.62,201.25,-665.0,-358.75,1,94.225,
01/01/2000,01:40:53.23,14.15,-73.57,-991.62,-17.50,-603.75,-280.0,1,94.233,
01/01/2000,01:40:53.24,14.27,-73.69,-991.62,131.25,-805.0,-315.0,1,94.242,
01/01/2000,01:40:53.25,14.40,-73.81,-991.62,183.75,-743.75,-332.50,1,94.250,
01/01/2000,01:40:53.26,14.40,-73.81,-991.74,236.25,-682.50,-271.25,1,94.258,
01/01/2000,01:40:53.27,14.27,-73.69,-991.62,43.75,-621.25,-288.75,1,94.266,
01/01/2000,01:40:53.29,14.15,-73.69,-991.49,175.0,-656.25,-350.0,1,94.142,
01/01/2000,01:40:53.30,14.40,-73.57,-991.37,157.50,-568.75,-280.0,1,94.150,
01/01/2000,01:40:53.31,14.40,-73.69,-991.49,96.25,-717.50,-367.50,1,94.159,
01/01/2000,01:40:53.32,14.27,-73.81,-991.49,140.0,-612.50,-253.75,1,94.167,
01/01/2000,01:40:53.33,14.15,-73.93,-991.74,131.25,-656.25,-315.0,1,94.175,
01/01/2000,01:40:53.34,14.27,-73.81,-991.86,61.25,-743.75,-463.75,1,94.183,
01/01/2000,01:40:53.35,14.40,-73.69,-991.86,140.0,-691.25,-280.0,1,94.191,
01/01/2000,01:40:53.36,14.40,-73.69,-991.62,140.0,-673.75,-280.0,1,94.199,
01/01/2000,01:40:53.37,14.15,-73.81,-991.74,315.0,-778.75,-210.0,1,94.207,
01/01/2000,01:40:53.38,14.15,-73.93,-991.62,78.75,-805.0,-385.0,1,94.215,
01/01/2000,01:40:53.39,14.15,-73.93,-991.74,358.75,-726.25,-367.50,1,94.223,
01/01/2000,01:40:53.40,14.15,-73.69,-991.74,183.75,-603.75,-306.25,1,94.231,
01/01/2000,01:40:53.41,14.15,-73.69,-991.62,218.75,-665.0,-446.25,1,94.239,
01/01/2000,01:40:53.42,13.91,-73.57,-991.62,210.0,-717.50,-341.25,1,94.247,
01/01/2000,01:40:53.43,14.15,-73.69,-991.62,210.0,-638.75,-420.0,1,94.254,
01/01/2000,01:40:53.44,14.27,-73.69,-991.74,148.75,-630.0,-271.25,1,94.262,
01/01/2000,01:40:53.45,14.15,-73.69,-991.74,140.0,-726.25,-411.25,1,94.270,
01/01/2000,01:40:53.46,14.15,-73.69,-991.62,166.25,-577.50,-455.0,1,94.278,
01/01/2000,01:40:53.47,13.91,-73.44,-991.74,96.25,-577.50,-350.0,1,94.158,
01/01/2000,01:40:53.48,14.15,-73.44,-991.74,175.0,-682.50,-350.0,1,94.166,
01/01/2000,01:40:53.49,14.15,-73.69,-991.86,157.50,-717.50,-271.25,1,94.173,
01/01/2000,01:40:53.50,14.15,-73.93,-991.86,192.50,-813.75,-507.50,1,94.181,
01/01/2000,01:40:53.51,14.03,-74.05,-991.74,210.0,-621.25,-420.0,1,94.189,
01/01/2000,01:40:53.52,14.15,-73.93,-991.49,26.25,-752.50,-332.50,1,94.197,
01/01/2000,01:40:53.54,14.15,-73.93,-991.62,210.0,-665.0,-385.0,1,94.205,
01/01/2000,01:40:53.55,14.03,-73.81,-991.62,-17.50,-778.75,-280.0,1,94.213,
01/01/2000,01:40:53.56,14.15,-73.93,-991.62,201.25,-708.75,-350.0,1,94.220,
01/01/2000,01:40:53.57,14.15,-73.93,-991.49,157.50,-752.50,-332.50,1,94.228,
01/01/2000,01:40:53.58,14.15,-74.18,-991.37,166.25,-621.25,-411.25,1,94.236,
01/01/2000,01:40:53.59,14.15,-74.18,-991.37,323.75,-717.50,-402.50,1,94.244,
01/01/2000,01:40:53.60,14.15,-73.93,-991.37,105.0,-770.0,-323.75,1,94.251,
01/01/2000,01:40:53.61,14.27,-73.93,-991.37,192.50,-647.50,-306.25,1,94.259,
01/01/2000,01:40:53.62,14.03,-73.93,-991.37,192.50,-647.50,-306.25,1,94.267,
01/01/2000,01:40:53.63,14.15,-74.18,-991.49,113.75,-708.75,-350.0,1,94.274,
01/01/2000,01:40:53.64,14.40,-73.93,-991.62,-17.50,-700.0,-393.75,1,94.282,
01/01/2000,01:40:53.65,14.40,-73.93,-991.49,87.50,-691.25,-201.25,1,94.290,
01/01/2000,01:40:53.66,14.40,-74.05,-991.49,280.0,-647.50,-402.50,1,94.297,
01/01/2000,01:40:53.68,13.91,-73.69,-991.37,52.50,-813.75,-376.25,1,94.180,
01/01/2000,01:40:53.69,14.15,-73.93,-991.37,157.50,-743.75,-350.0,1,94.188,
01/01/2000,01:40:53.70,14.15,-73.69,-991.62,148.75,-621.25,-332.50,1,94.195,
01/01/2000,01:40:53.71,14.15,-73.93,-991.86,175.0,-717.50,-280.0,1,94.203,
01/01/2000,01:40:53.72,14.03,-73.81,-991.62,218.75,-778.75,-428.75,1,94.211,
01/01/2000,01:40:53.73,14.03,-73.81,-991.37,96.25,-621.25,-253.75,1,94.218,
01/01/2000,01:40:53.74,14.15,-73.93,-991.37,175.0,-577.50,-332.50,1,94.226,
01/01/2000,01:40:53.75,14.03,-73.81,-991.62,166.25,-577.50,-385.0,1,94.233,
01/01/2000,01:40:53.76,14.03,-73.69,-991.86,183.75,-665.0,-315.0,1,94.241,
01/01/2000,01:40:53.77,14.03,-73.69,-991.86,122.50,-708.75,-280.0,1,94.248,
01/01/2000,01:40:53.78,13.91,-73.81,-991.62,61.25,-612.50,-218.75,1,94.256,
01/01/2000,01:40:53.79,13.91,-74.18,-991.62,148.75,-735.0,-367.50,1,94.141,
01/01/2000,01:40:53.80,14.03,-73.93,-991.49,131.25,-656.25,-402.50,1,94.148,
01/01/2000,01:40:53.81,14.15,-73.93,-991.62,157.50,-595.0,-192.50,1,94.156,
01/01/2000,01:40:53.83,14.03,-73.81,-991.62,131.25,-770.0,-332.50,1,94.163,
01/01/2000,01:40:53.84,13.79,-73.93,-991.49,157.50,-735.0,-393.75,1,94.171,
01/01/2000,01:40:53.85,13.66,-74.05,-991.49,166.25,-778.75,-367.50,1,94.179,
01/01/2000,01:40:53.86,13.91,-73.93,-991.86,113.75,-778.75,-358.75,1,94.186,
01/01/2000,01:40:53.87,14.15,-73.93,-991.86,192.50,-638.75,-315.0,1,94.194,
01/01/2000,01:40:53.88,14.27,-73.93,-991.86,166.25,-612.50,-402.50,1,94.201,
01/01/2000,01:40:53.89,14.03,-73.69,-991.49,192.50,-542.50,-271.25,1,94.208,
01/01/2000,01:40:53.90,13.91,-73.69,-991.49,218.75,-708.75,-446.25,1,94.216,
01/01/2000,01:40:53.91,14.03,-73.69,-991.74,140.0,-743.75,-253.75,1,94.223,
01/01/2000,01:40:53.92,14.15,-73.57,-991.98,183.75,-612.50,-245.0,1,94.231,
01/01/2000,01:40:53.93,14.15,-73.57,-991.86,210.0,-813.75,-376.25,1,94.238,
01/01/2000,01:40:53.94,13.91,-73.81,-991.62,78.75,-717.50,-297.50,1,94.246,
01/01/2000,01:40:53.95,13.79,-73.69,-991.49,157.50,-682.50,-358.75,1,94.253,
01/01/2000,01:40:53.96,13.91,-73.44,-991.74,306.25,-603.75,-306.25,1,94.260,
01/01/2000,01:40:53.97,13.91,-73.44,-991.74,61.25,-857.50,-288.75,1,94.268,
01/01/2000,01:40:53.98,13.91,-73.44,-991.62,297.50,-778.75,-192.50,1,94.275,
01/01/2000,01:40:53.99,13.66,-73.57,-991.49,262.50,-586.25,-350.0,1,94.282,
01/01/2000,01:40:54.00,13.79,-73.81,-991.49,192.50,-665.0,-385.0,1,94.289,
01/01/2000,01:40:54.01,14.03,-73.44,-991.62,140.0,-595.0,-376.25,1,94.297,
01/01/2000,01:40:54.02,14.15,-73.44,-991.62,157.50,-630.0,-376.25,1,94.304,
01/01/2000,01:40:54.03,14.15,-73.44,-991.49,201.25,-682.50,-280.0,1,94.192,
01/01/2000,01:40:54.04,14.03,-73.57,-991.25,227.50,-735.0,-341.25,1,94.199,
01/01/2000,01:40:54.05,14.03,-73.81,-991.49,367.50,-726.25,-481.25,1,94.207,
01/01/2000,01:40:54.06,14.15,-73.69,-991.74,183.75,-805.0,-236.25,1,94.214,
01/01/2000,01:40:54.07,14.40,-73.57,-991.74,52.50,-761.25,-350.0,1,94.221,
01/01/2000,01:40:54.08,14.40,-73.44,-991.37,157.50,-752.50,-210.0,1,94.228,
01/01/2000,01:40:54.10,14.15,-73.44,-991.13,87.50,-743.75,-341.25,1,94.236,
01/01/2000,01:40:54.11,14.15,-73.69,-991.25,288.75,-665.0,-315.0,1,94.243,
01/01/2000,01:40:54.12,14.15,-73.57,-991.37,148.75,-656.25,-350.0,1,94.250,
01/01/2000,01:40:54.13,14.15,-73.69,-991.37,122.50,-700.0,-236.25,1,94.257,
01/01/2000,01:40:54.14,14.03,-73.69,-991.37,218.75,-700.0,-297.50,1,94.264,
01/01/2000,01:40:54.15,13.91,-73.69,-991.25,183.75,-717.50,-350.0,1,94.271,
01/01/2000,01:40:54.16,13.79,-73.81,-991.25,148.75,-752.50,-350.0,1,94.279,
01/01/2000,01:40:54.17,14.03,-73.57,-991.74,17.50,-577.50,-341.25,1,94.286,
01/01/2000,01:40:54.18,13.91,-73.69,-991.86,253.75,-682.50,-367.50,1,94.293,
01/01/2000,01:40:54.19,13.54,-73.81,-991.62,148.75,-612.50,-385.0,1,94.300,
01/01/2000,01:40:54.20,13.66,-73.69,-991.37,271.25,-796.25,-367.50,1,94.307,
01/01/2000,01:40:54.21,13.79,-73.69,-991.37,166.25,-726.25,-393.75,1,94.314,
01/01/2000,01:40:54.22,13.79,-73.69,-991.62,87.50,-708.75,-271.25,1,94.321,
01/01/2000,01:40:54.23,13.66,-73.81,-991.86,122.50,-770.0,-341.25,1,94.328,
01/01/2000,01:40:54.25,13.66,-73.69,-991.62,113.75,-717.50,-358.75,1,94.219,
01/01/2000,01:40:54.25,13.79,-73.69,-991.49,183.75,-761.25,-323.75,1,94.226,
01/01/2000,01:40:54.27,14.03,-73.69,-991.62,122.50,-638.75,-376.25,1,94.233,
01/01/2000,01:40:54.28,14.15,-73.69,-991.74,218.75,-612.50,-341.25,1,94.240,
01/01/2000,01:40:54.29,14.27,-73.57,-991.37,148.75,-717.50,-315.0,1,94.247,
01/01/2000,01:40:54.30,14.15,-73.69,-991.37,157.50,-708.75,-420.0,1,94.254,
01/01/2000,01:40:54.31,14.40,-73.69,-991.62,253.75,-682.50,-341.25,1,94.146,
01/01/2000,01:40:54.32,14.64,-73.69,-991.49,78.75,-743.75,-341.25,1,94.153,
01/01/2000,01:40:54.33,14.64,-73.57,-991.25,166.25,-743.75,-280.0,1,94.161,
01/01/2000,01:40:54.34,14.27,-73.93,-991.13,96.25,-691.25,-481.25,1,94.168,
01/01/2000,01:40:54.35,14.15,-74.05,-991.01,43.75,-752.50,-411.25,1,94.175,
01/01/2000,01:40:54.36,14.40,-73.93,-991.01,183.75,-735.0,-437.50,1,94.182,
01/01/2000,01:40:54.37,14.52,-73.69,-991.13,52.50,-700.0,-315.0,1,94.189,
01/01/2000,01:40:54.39,14.15,-73.69,-991.13,105.0,-630.0,-315.0,1,94.196,
01/01/2000,01:40:54.40,14.03,-73.93,-991.01,201.25,-735.0,-437.50,1,94.203,
01/01/2000,01:40:54.41,13.91,-73.69,-991.13,236.25,-586.25,-376.25,1,94.210,
01/01/2000,01:40:54.42,14.27,-73.81,-991.13,61.25,-691.25,-376.25,1,94.217,
01/01/2000,01:40:54.43,14.40,-73.81,-991.25,227.50,-647.50,-245.0,1,94.224,
01/01/2000,01:40:54.44,14.15,-73.69,-991.25,183.75,-612.50,-358.75,1,94.231,
01/01/2000,01:40:54.45,14.15,-73.81,-991.25,350.0,-638.75,-323.75,1,94.238,
01/01/2000,01:40:54.46,14.27,-73.69,-991.25,113.75,-813.75,-271.25,1,94.245,
01/01/2000,01:40:54.47,14.40,-73.93,-991.49,253.75,-665.0,-332.50,1,94.251,
01/01/2000,01:40:54.48,14.40,-73.81,-991.62,105.0,-770.0,-271.25,1,94.258,
01/01/2000,01:40:54.49,14.40,-73.69,-991.37,192.50,-700.0,-358.75,1,94.265,
01/01/2000,01:40:54.50,14.40,-73.69,-991.25,157.50,-717.50,-376.25,1,94.272,
01/01/2000,01:40:54.51,14.27,-73.57,-991.25,113.75,-665.0,-358.75,1,94.279,
01/01/2000,01:40:54.52,14.52,-73.69,-991.37,227.50,-682.50,-332.50,1,94.286,
01/01/2000,01:40:54.53,14.52,-73.57,-991.49,192.50,-735.0,-376.25,1,94.293,
01/01/2000,01:40:54.54,14.52,-73.44,-991.62,157.50,-673.75,-306.25,1,94.299,
01/01/2000,01:40:54.55,14.40,-73.57,-991.37,236.25,-726.25,-280.0,1,94.306,
01/01/2000,01:40:54.56,14.15,-73.57,-991.37,157.50,-647.50,-437.50,1,94.313,
01/01/2000,01:40:54.57,14.27,-73.69,-991.25,210.0,-621.25,-332.50,1,94.320,
01/01/2000,01:40:54.58,14.40,-73.44,-991.37,140.0,-778.75,-262.50,1,94.326,
01/01/2000,01:40:54.59,14.40,-73.32,-991.37,218.75,-796.25,-297.50,1,94.222,
01/01/2000,01:40:54.60,14.40,-73.57,-991.13,122.50,-752.50,-341.25,1,94.229,
01/01/2000,01:40:54.61,14.40,-73.44,-991.25,227.50,-700.0,-350.0,1,94.235,
01/01/2000,01:40:54.62,14.64,-73.57,-991.37,122.50,-665.0,-288.75,1,94.242,
01/01/2000,01:40:54.63,14.52,-73.57,-991.49,183.75,-752.50,-262.50,1,94.249,
01/01/2000,01:40:54.64,14.52,-73.44,-991.49,218.75,-682.50,-262.50,1,94.256,
01/01/2000,01:40:54.66,14.27,-73.57,-991.13,245.0,-612.50,-411.25,1,94.262,
01/01/2000,01:40:54.67,14.15,-73.57,-991.13,201.25,-761.25,-393.75,1,94.269,
01/01/2000,01:40:54.68,14.15,-73.69,-991.25,192.50,-691.25,-341.25,1,94.276,
01/01/2000,01:40:54.69,14.15,-73.69,-991.37,157.50,-630.0,-367.50,1,94.282,
01/01/2000,01:40:54.70,14.15,-73.57,-991.37,210.0,-682.50,-376.25,1,94.289,
01/01/2000,01:40:54.71,14.03,-73.69,-991.13,315.0,-700.0,-367.50,1,94.296,
01/01/2000,01:40:54.72,13.91,-73.69,-991.13,245.0,-673.75,-288.75,1,94.302,
01/01/2000,01:40:54.73,14.40,-73.69,-991.13,271.25,-770.0,-446.25,1,94.309,
01/01/2000,01:40:54.74,14.27,-73.69,-991.37,236.25,-708.75,-376.25,1,94.316,
01/01/2000,01:40:54.75,14.15,-73.81,-991.25,113.75,-682.50,-393.75,1,94.322,
01/01/2000,01:40:54.76,14.03,-73.93,-991.13,288.75,-682.50,-341.25,1,94.329,
01/01/2000,01:40:54.77,13.91,-73.57,-991.13,122.50,-743.75,-315.0,1,94.335,
01/01/2000,01:40:54.78,14.03,-73.69,-991.13,297.50,-647.50,-315.0,1,94.342,
01/01/2000,01:40:54.79,14.15,-73.57,-991.37,148.75,-813.75,-280.0,1,94.348,
01/01/2000,01:40:54.81,14.03,-73.69,-991.25,26.25,-603.75,-411.25,1,94.246,
01/01/2000,01:40:54.81,14.15,-73.69,-991.13,253.75,-647.50,-341.25,1,94.253,
01/01/2000,01:40:54.83,14.15,-73.69,-991.37,87.50,-647.50,-350.0,1,94.259,
01/01/2000,01:40:54.84,14.15,-73.69,-991.37,227.50,-726.25,-297.50,1,94.266,
01/01/2000,01:40:54.85,14.15,-73.57,-991.37,175.0,-647.50,-315.0,1,94.273,
01/01/2000,01:40:54.86,14.03,-73.69,-991.37,192.50,-612.50,-341.25,1,94.279,
01/01/2000,01:40:54.87,14.03,-73.69,-991.37,166.25,-647.50,-393.75,1,94.286,
01/01/2000,01:40:54.88,14.15,-73.69,-991.37,131.25,-691.25,-315.0,1,94.292,
01/01/2000,01:40:54.89,14.15,-73.69,-991.37,192.50,-735.0,-253.75,1,94.191,
01/01/2000,01:40:54.90,14.03,-73.81,-991.37,236.25,-682.50,-367.50,1,94.198,
01/01/2000,01:40:54.91,14.03,-73.81,-991.37,192.50,-805.0,-323.75,1,94.205,
01/01/2000,01:40:54.92,14.15,-73.69,-991.37,201.25,-673.75,-271.25,1,94.211,
01/01/2000,01:40:54.93,14.15,-73.69,-991.37,0.0,-568.75,-350.0,1,94.218,
01/01/2000,01:40:54.94,14.15,-73.69,-991.49,157.50,-796.25,-402.50,1,94.224,
01/01/2000,01:40:54.95,14.15,-73.69,-991.49,78.75,-656.25,-437.50,1,94.231,
01/01/2000,01:40:54.96,14.15,-73.69,-991.37,131.25,-752.50,-332.50,1,94.237,
01/01/2000,01:40:54.97,14.27,-73.69,-991.13,280.0,-717.50,-315.0,1,94.244,
01/01/2000,01:40:54.98,14.27,-73.57,-991.13,148.75,-673.75,-315.0,1,94.250,
01/01/2000,01:40:54.99,14.27,-73.69,-991.25,148.75,-673.75,-411.25,1,94.257,
01/01/2000,01:40:55.01,14.40,-73.69,-991.25,96.25,-603.75,-271.25,1,94.263,
01/01/2000,01:40:55.02,14.15,-73.69,-991.37,245.0,-708.75,-306.25,1,94.270,
01/01/2000,01:40:55.03,14.15,-73.93,-991.37,148.75,-673.75,-323.75,1,94.276,
01/01/2000,01:40:55.04,14.15,-73.69,-991.49,140.0,-752.50,-315.0,1,94.283,
01/01/2000,01:40:55.05,14.27,-73.69,-991.49,210.0,-743.75,-411.25,1,94.289,
01/01/2000,01:40:55.06,14.15,-73.57,-991.49,131.25,-752.50,-323.75,1,94.295,
01/01/2000,01:40:55.07,14.03,-73.57,-991.49,8.75,-708.75,-332.50,1,94.302,
01/01/2000,01:40:55.08,13.91,-73.81,-991.37,210.0,-665.0,-402.50,1,94.308,
01/01/2000,01:40:55.09,13.91,-73.69,-991.37,96.25,-787.50,-341.25,1,94.314,
01/01/2000,01:40:55.10,14.15,-73.44,-991.37,87.50,-700.0,-402.50,1,94.321,
01/01/2000,01:40:55.11,14.15,-73.57,-991.01,350.0,-647.50,-306.25,1,94.327,
01/01/2000,01:40:55.12,14.15,-73.44,-990.88,140.0,-673.75,-393.75,1,94.333,
01/01/2000,01:40:55.13,14.15,-73.69,-990.88,140.0,-638.75,-376.25,1,94.340,
01/01/2000,01:40:55.14,14.15,-73.81,-991.13,140.0,-656.25,-358.75,1,94.346,
01/01/2000,01:40:55.16,14.15,-73.69,-991.13,175.0,-630.0,-393.75,1,94.248,
01/01/2000,01:40:55.17,14.03,-73.81,-991.01,78.75,-638.75,-245.0,1,94.254,
01/01/2000,01:40:55.18,13.91,-73.69,-991.01,218.75,-682.50,-306.25,1,94.260,
01/01/2000,01:40:55.19,14.03,-73.69,-991.13,105.0,-638.75,-358.75,1,94.267,
01/01/2000,01:40:55.20,14.03,-73.69,-991.37,323.75,-796.25,-393.75,1,94.273,
01/01/2000,01:40:55.21,14.03,-73.69,-991.25,253.75,-700.0,-271.25,1,94.279,
01/01/2000,01:40:55.22,13.91,-73.69,-991.01,87.50,-726.25,-446.25,1,94.286,
01/01/2000,01:40:55.23,13.91,-73.57,-991.01,-35.0,-743.75,-315.0,1,94.292,
01/01/2000,01:40:55.24,14.15,-73.69,-991.13,183.75,-691.25,-446.25,1,94.298,
01/01/2000,01:40:55.25,14.03,-73.57,-991.37,218.75,-761.25,-288.75,1,94.304,
01/01/2000,01:40:55.26,14.03,-73.44,-991.37,96.25,-761.25,-323.75,1,94.311,
01/01/2000,01:40:55.27,14.03,-73.57,-991.13,280.0,-691.25,-280.0,1,94.317,
01/01/2000,01:40:55.28,14.15,-73.44,-990.88,192.50,-770.0,-236.25,1,94.323,
01/01/2000,01:40:55.29,14.15,-73.69,-991.01,227.50,-665.0,-498.75,1,94.227,
01/01/2000,01:40:55.30,14.15,-73.69,-991.13,148.75,-717.50,-367.50,1,94.233,
01/01/2000,01:40:55.31,14.15,-73.57,-991.37,17.50,-752.50,-455.0,1,94.239,
01/01/2000,01:40:55.32,14.27,-73.69,-991.25,201.25,-656.25,-376.25,1,94.245,
01/01/2000,01:40:55.33,14.15,-73.44,-991.13,183.75,-595.0,-288.75,1,94.252,
01/01/2000,01:40:55.35,14.27,-73.81,-991.13,253.75,-647.50,-315.0,1,94.258,
01/01/2000,01:40:55.36,14.40,-73.69,-991.25,183.75,-735.0,-358.75,1,94.264,
01/01/2000,01:40:55.37,14.40,-73.81,-991.25,87.50,-568.75,-280.0,1,94.168,
01/01/2000,01:40:55.38,14.15,-73.81,-991.25,166.25,-717.50,-437.50,1,94.175,
01/01/2000,01:40:55.39,14.03,-73.69,-991.37,96.25,-673.75,-262.50,1,94.181,
01/01/2000,01:40:55.40,14.27,-73.57,-991.49,140.0,-700.0,-288.75,1,94.187,
01/01/2000,01:40:55.41,14.15,-73.57,-991.62,105.0,-647.50,-332.50,1,94.194,
01/01/2000,01:40:55.42,14.03,-73.57,-991.62,140.0,-673.75,-315.0,1,94.200,
01/01/2000,01:40:55.43,14.15,-73.69,-991.37,183.75,-717.50,-280.0,1,94.206,
01/01/2000,01:40:55.44,14.15,-73.57,-991.37,61.25,-665.0,-271.25,1,94.212,
01/01/2000,01:40:55.45,14.15,-73.44,-991.37,201.25,-630.0,-367.50,1,94.218,
01/01/2000,01:40:55.46,13.91,-73.69,-991.25,227.50,-682.50,-288.75,1,94.225,
01/01/2000,01:40:55.47,13.66,-73.69,-991.25,131.25,-656.25,-350.0,1,94.231,
01/01/2000,01:40:55.48,13.79,-73.69,-991.25,245.0,-708.75,-428.75,1,94.237,
01/01/2000,01:40:55.49,13.91,-73.69,-991.37,140.0,-708.75,-297.50,1,94.243,
01/01/2000,01:40:55.51,14.03,-73.93,-991.37,166.25,-761.25,-297.50,1,94.249,
01/01/2000,01:40:55.52,14.15,-73.93,-991.37,183.75,-603.75,-411.25,1,94.255,
01/01/2000,01:40:55.53,14.03,-73.93,-991.49,210.0,-673.75,-210.0,1,94.261,
01/01/2000,01:40:55.54,14.03,-73.93,-991.37,157.50,-647.50,-367.50,1,94.268,
01/01/2000,01:40:55.55,14.03,-73.81,-991.37,157.50,-708.75,-262.50,1,94.274,
01/01/2000,01:40:55.56,14.15,-73.69,-991.37,140.0,-796.25,-358.75,1,94.280,
01/01/2000,01:40:55.57,14.27,-73.93,-991.13,218.75,-691.25,-271.25,1,94.286,
01/01/2000,01:40:55.58,14.15,-73.93,-991.13,105.0,-621.25,-367.50,1,94.292,
01/01/2000,01:40:55.59,14.27,-73.93,-991.25,157.50,-682.50,-306.25,1,94.298,
01/01/2000,01:40:55.60,14.15,-73.93,-991.37,8.75,-761.25,-428.75,1,94.304,
01/01/2000,01:40:55.61,14.15,-73.57,-991.37,35.0,-577.50,-385.0,1,94.310,
01/01/2000,01:40:55.62,14.15,-73.69,-991.13,61.25,-647.50,-288.75,1,94.316,
01/01/2000,01:40:55.63,14.15,-73.81,-990.88,140.0,-603.75,-236.25,1,94.322,
01/01/2000,01:40:55.64,13.91,-74.18,-991.13,288.75,-735.0,-507.50,1,94.229,
01/01/2000,01:40:55.65,13.91,-73.93,-991.25,148.75,-673.75,-385.0,1,94.235,
01/01/2000,01:40:55.66,14.15,-73.81,-991.37,105.0,-647.50,-358.75,1,94.241,
01/01/2000,01:40:55.67,14.15,-73.44,-991.25,96.25,-735.0,-148.75,1,94.247,
01/01/2000,01:40:55.68,14.03,-73.81,-991.13,122.50,-682.50,-288.75,1,94.253,
01/01/2000,01:40:55.69,14.03,-74.05,-991.13,105.0,-787.50,-358.75,1,94.259,
01/01/2000,01:40:55.70,14.15,-74.18,-991.37,262.50,-673.75,-385.0,1,94.265,
01/01/2000,01:40:55.72,14.15,-73.93,-991.49,192.50,-621.25,-420.0,1,94.271,
01/01/2000,01:40:55.73,14.27,-73.69,-991.13,105.0,-647.50,-166.25,1,94.277,
01/01/2000,01:40:55.74,14.03,-73.69,-991.13,236.25,-752.50,-315.0,1,94.283,
01/01/2000,01:40:55.75,13.91,-73.69,-991.13,87.50,-691.25,-341.25,1,94.289,
01/01/2000,01:40:55.76,14.15,-73.93,-991.37,148.75,-630.0,-358.75,1,94.295,
01/01/2000,01:40:55.77,14.03,-73.81,-991.62,148.75,-691.25,-271.25,1,94.301,
01/01/2000,01:40:55.78,14.15,-73.81,-991.25,70.0,-726.25,-358.75,1,94.306,
01/01/2000,01:40:55.79,14.03,-73.69,-991.01,87.50,-595.0,-411.25,1,94.312,
01/01/2000,01:40:55.80,13.91,-73.93,-991.01,131.25,-726.25,-411.25,1,94.318,
01/01/2000,01:40:55.81,13.91,-73.81,-991.25,323.75,-647.50,-463.75,1,94.324,
01/01/2000,01:40:55.82,14.15,-73.57,-991.49,192.50,-700.0,-210.0,1,94.330,
01/01/2000,01:40:55.83,14.27,-73.69,-991.25,245.0,-708.75,-411.25,1,94.336,
01/01/2000,01:40:55.84,13.91,-73.57,-991.01,192.50,-665.0,-323.75,1,94.245,
01/01/2000,01:40:55.86,14.27,-73.81,-991.37,175.0,-630.0,-437.50,1,94.251,
01/01/2000,01:40:55.87,14.15,-73.69,-991.62,131.25,-647.50,-201.25,1,94.256,
01/01/2000,01:40:55.88,14.15,-73.57,-991.62,52.50,-717.50,-262.50,1,94.262,
01/01/2000,01:40:55.89,13.91,-73.69,-991.25,271.25,-708.75,-455.0,1,94.268,
01/01/2000,01:40:55.90,13.91,-73.69,-991.13,52.50,-638.75,-297.50,1,94.274,
01/01/2000,01:40:55.91,14.27,-73.81,-991.25,192.50,-691.25,-323.75,1,94.280,
01/01/2000,01:40:55.92,14.03,-73.93,-991.37,201.25,-726.25,-236.25,1,94.286,
01/01/2000,01:40:55.93,14.03,-73.93,-991.37,61.25,-595.0,-332.50,1,94.196,
01/01/2000,01:40:55.94,14.03,-73.93,-991.37,245.0,-656.25,-490.0,1,94.201,
01/01/2000,01:40:55.95,13.91,-73.44,-991.37,105.0,-708.75,-315.0,1,94.207,
01/01/2000,01:40:55.96,14.15,-73.44,-991.13,96.25,-647.50,-411.25,1,94.213,
01/01/2000,01:40:55.97,14.15,-73.69,-991.25,192.50,-761.25,-332.50,1,94.219,
01/01/2000,01:40:55.98,14.15,-73.81,-991.37,105.0,-673.75,-350.0,1,94.225,
01/01/2000,01:40:55.99,14.15,-73.93,-991.13,166.25,-673.75,-420.0,1,94.231,
01/01/2000,01:40:56.00,14.15,-73.93,-991.13,113.75,-638.75,-350.0,1,94.237,
01/01/2000,01:40:56.01,14.03,-73.69,-991.13,140.0,-603.75,-393.75,1,94.242,
01/01/2000,01:40:56.02,14.15,-73.57,-991.25,157.50,-700.0,-367.50,1,94.248,
01/01/2000,01:40:56.03,14.03,-73.57,-991.37,113.75,-691.25,-315.0,1,94.254,
01/01/2000,01:40:56.04,14.15,-73.69,-991.37,17.50,-743.75,-323.75,1,94.260,
01/01/2000,01:40:56.05,14.03,-73.93,-991.25,227.50,-787.50,-367.50,1,94.266,
01/01/2000,01:40:56.07,13.91,-73.69,-991.25,131.25,-700.0,-323.75,1,94.271,
01/01/2000,01:40:56.08,14.15,-73.69,-991.25,218.75,-743.75,-306.25,1,94.277,
01/01/2000,01:40:56.09,13.91,-73.57,-991.37,315.0,-770.0,-385.0,1,94.283,
01/01/2000,01:40:56.10,13.91,-73.57,-991.13,175.0,-612.50,-271.25,1,94.289,
01/01/2000,01:40:56.11,13.91,-73.81,-991.13,166.25,-612.50,-437.50,1,94.294,
01/01/2000,01:40:56.12,13.91,-73.69,-991.01,245.0,-787.50,-332.50,1,94.300,
01/01/2000,01:40:56.13,13.91,-73.69,-991.13,227.50,-586.25,-350.0,1,94.306,
01/01/2000,01:40:56.14,13.91,-73.44,-991.13,131.25,-743.75,-420.0,1,94.217,
01/01/2000,01:40:56.15,13.91,-73.57,-991.13,166.25,-656.25,-288.75,1,94.223,
01/01/2000,01:40:56.16,13.91,-73.69,-991.13,105.0,-682.50,-262.50,1,94.229,
01/01/2000,01:40:56.17,13.91,-73.69,-991.13,105.0,-647.50,-367.50,1,94.235,
01/01/2000,01:40:56.18,13.91,-73.81,-991.01,17.50,-673.75,-323.75,1,94.240,
01/01/2000,01:40:56.19,13.91,-73.69,-991.01,210.0,-708.75,-455.0,1,94.246,
01/01/2000,01:40:56.21,13.91,-73.69,-991.13,201.25,-665.0,-376.25,1,94.252,
01/01/2000,01:40:56.22,13.91,-73.57,-991.13,157.50,-682.50,-358.75,1,94.257,
01/01/2000,01:40:56.23,14.03,-73.69,-991.37,96.25,-743.75,-428.75,1,94.263,
01/01/2000,01:40:56.24,13.91,-73.69,-991.37,131.25,-647.50,-358.75,1,94.269,
01/01/2000,01:40:56.25,13.91,-73.81,-991.25,122.50,-647.50,-271.25,1,94.274,
01/01/2000,01:40:56.26,13.91,-73.81,-991.13,227.50,-682.50,-385.0,1,94.280,
01/01/2000,01:40:56.27,13.91,-73.81,-991.13,87.50,-682.50,-402.50,1,94.286,
01/01/2000,01:40:56.28,13.91,-73.69,-991.13,210.0,-752.50,-315.0,1,94.291,
01/01/2000,01:40:56.29,13.91,-73.69,-991.37,183.75,-717.50,-350.0,1,94.297,
01/01/2000,01:40:56.30,14.03,-73.69,-991.37,140.0,-717.50,-280.0,1,94.303,
01/01/2000,01:40:56.31,14.03,-73.69,-991.13,78.75,-708.75,-280.0,1,94.308,
01/01/2000,01:40:56.32,14.03,-73.81,-991.01,43.75,-682.50,-288.75,1,94.314,
01/01/2000,01:40:56.33,14.15,-73.93,-991.13,192.50,-647.50,-455.0,1,94.319,
01/01/2000,01:40:56.34,13.91,-73.57,-991.25,61.25,-691.25,-402.50,1,94.325,
01/01/2000,01:40:56.35,14.15,-73.57,-991.13,140.0,-735.0,-420.0,1,94.238,
01/01/2000,01:40:56.36,13.91,-73.57,-991.13,26.25,-761.25,-245.0,1,94.244,
01/01/2000,01:40:56.38,14.03,-73.93,-991.13,87.50,-638.75,-393.75,1,94.250,
01/01/2000,01:40:56.39,14.15,-74.05,-991.25,166.25,-787.50,-428.75,1,94.255,
01/01/2000,01:40:56.40,14.15,-73.93,-991.01,78.75,-770.0,-253.75,1,94.261,
01/01/2000,01:40:56.41,14.03,-73.69,-990.88,131.25,-796.25,-446.25,1,94.266,
01/01/2000,01:40:56.42,13.91,-73.69,-990.88,148.75,-656.25,-358.75,1,94.272,
01/01/2000,01:40:56.43,14.03,-73.81,-990.88,96.25,-630.0,-350.0,1,94.277,
01/01/2000,01:40:56.44,14.15,-73.81,-991.13,131.25,-726.25,-315.0,1,94.283,
01/01/2000,01:40:56.45,14.27,-73.93,-991.01,87.50,-656.25,-297.50,1,94.288,
01/01/2000,01:40:56.46,13.91,-73.81,-990.88,131.25,-638.75,-385.0,1,94.294,
01/01/2000,01:40:56.47,13.66,-73.93,-991.01,262.50,-595.0,-498.75,1,94.300,
01/01/2000,01:40:56.48,14.03,-73.44,-991.13,131.25,-665.0,-245.0,1,94.305,
01/01/2000,01:40:56.49,14.40,-73.44,-991.13,166.25,-665.0,-358.75,1,94.220,
01/01/2000,01:40:56.50,14.27,-73.69,-991.01,87.50,-726.25,-227.50,1,94.225,
01/01/2000,01:40:56.51,14.15,-73.93,-991.01,17.50,-700.0,-411.25,1,94.231,
01/01/2000,01:40:56.52,14.15,-74.18,-990.88,262.50,-735.0,-533.75,1,94.236,
01/01/2000,01:40:56.53,14.15,-73.69,-991.13,61.25,-743.75,-376.25,1,94.242,
01/01/2000,01:40:56.54,14.27,-73.57,-991.25,280.0,-761.25,-306.25,1,94.247,
01/01/2000,01:40:56.55,14.40,-73.44,-991.13,341.25,-612.50,-105.0,1,94.253,
01/01/2000,01:40:56.57,14.03,-73.69,-991.01,105.0,-708.75,-367.50,1,94.258,
01/01/2000,01:40:56.58,14.03,-74.05,-991.01,113.75,-717.50,-481.25,1,94.264,
01/01/2000,01:40:56.59,14.15,-74.18,-991.13,192.50,-700.0,-262.50,1,94.269,
01/01/2000,01:40:56.60,14.40,-73.69,-991.13,183.75,-761.25,-385.0,1,94.275,
01/01/2000,01:40:56.61,14.15,-73.57,-991.25,253.75,-700.0,-192.50,1,94.280,
01/01/2000,01:40:56.62,14.15,-73.57,-991.13,96.25,-726.25,-332.50,1,94.286,
01/01/2000,01:40:56.63,14.15,-73.81,-991.37,43.75,-533.75,-350.0,1,94.291,
01/01/2000,01:40:56.64,14.15,-73.93,-991.37,131.25,-665.0,-358.75,1,94.297,
01/01/2000,01:40:56.65,14.15,-73.81,-991.37,131.25,-743.75,-315.0,1,94.302,
01/01/2000,01:40:56.66,14.15,-73.69,-991.13,201.25,-743.75,-402.50,1,94.307,
01/01/2000,01:40:56.67,14.03,-73.57,-990.88,175.0,-770.0,-350.0,1,94.313,
01/01/2000,01:40:56.68,13.91,-73.57,-991.01,210.0,-665.0,-297.50,1,94.318,
01/01/2000,01:40:56.69,14.15,-73.69,-991.13,122.50,-595.0,-315.0,1,94.324,
01/01/2000,01:40:56.70,14.15,-73.44,-991.13,122.50,-560.0,-358.75,1,94.240,
01/01/2000,01:40:56.71,14.15,-73.57,-990.88,131.25,-691.25,-358.75,1,94.245,
01/01/2000,01:40:56.72,14.15,-73.44,-990.76,183.75,-752.50,-315.0,1,94.251,
01/01/2000,01:40:56.73,14.15,-73.44,-990.88,280.0,-691.25,-446.25,1,94.256,
01/01/2000,01:40:56.74,14.03,-73.69,-991.01,218.75,-577.50,-481.25,1,94.262,
01/01/2000,01:40:56.75,14.15,-73.81,-991.13,105.0,-682.50,-437.50,1,94.267,
01/01/2000,01:40:56.76,14.15,-73.69,-991.13,227.50,-612.50,-323.75,1,94.272,
01/01/2000,01:40:56.78,14.03,-73.69,-990.88,175.0,-673.75,-341.25,1,94.278,
01/01/2000,01:40:56.79,14.15,-73.81,-990.88,113.75,-682.50,-428.75,1,94.283,
01/01/2000,01:40:56.80,14.15,-73.93,-991.13,87.50,-866.25,-288.75,1,94.288,
01/01/2000,01:40:56.81,14.15,-73.81,-991.25,78.75,-673.75,-350.0,1,94.294,
01/01/2000,01:40:56.82,13.91,-73.81,-991.25,210.0,-761.25,-350.0,1,94.299,
01/01/2000,01:40:56.83,13.91,-73.69,-991.01,87.50,-586.25,-332.50,1,94.304,
01/01/2000,01:40:56.84,14.03,-73.69,-991.01,350.0,-682.50,-288.75,1,94.310,
01/01/2000,01:40:56.85,14.15,-73.69,-991.13,192.50,-787.50,-253.75,1,94.315,
01/01/2000,01:40:56.86,14.15,-73.81,-991.37,166.25,-743.75,-315.0,1,94.233,
01/01/2000,01:40:56.87,13.91,-73.69,-991.25,166.25,-595.0,-288.75,1,94.326,
01/01/2000,01:40:56.89,13.91,-73.44,-991.13,122.50,-708.75,-376.25,1,94.243,
01/01/2000,01:40:56.90,13.91,-73.44,-991.13,70.0,-735.0,-350.0,1,94.249,
01/01/2000,01:40:56.91,13.91,-73.32,-991.13,140.0,-691.25,-271.25,1,94.254,
01/01/2000,01:40:56.92,13.91,-73.57,-991.13,131.25,-560.0,-332.50,1,94.259,
01/01/2000,01:40:56.93,13.91,-73.57,-991.13,122.50,-621.25,-315.0,1,94.265,
01/01/2000,01:40:56.94,13.91,-73.44,-991.37,183.75,-603.75,-332.50,1,94.270,
01/01/2000,01:40:56.95,14.03,-73.32,-991.49,0.0,-621.25,-280.0,1,94.275,
01/01/2000,01:40:56.96,13.91,-73.44,-991.37,166.25,-542.50,-306.25,1,94.280,
01/01/2000,01:40:56.97,13.91,-73.44,-991.37,148.75,-770.0,-306.25,1,94.286,
01/01/2000,01:40:56.98,14.15,-73.57,-991.37,227.50,-691.25,-332.50,1,94.291,
01/01/2000,01:40:56.99,14.27,-73.69,-991.25,148.75,-752.50,-297.50,1,94.296,
01/01/2000,01:40:57.00,14.15,-73.69,-991.01,35.0,-875.0,-402.50,1,94.301,
01/01/2000,01:40:57.01,14.15,-73.69,-990.88,210.0,-796.25,-358.75,1,94.307,
01/01/2000,01:40:57.02,13.91,-73.44,-991.01,201.25,-691.25,-437.50,1,94.312,
01/01/2000,01:40:57.03,14.03,-73.44,-991.01,122.50,-700.0,-288.75,1,94.317,
01/01/2000,01:40:57.04,14.03,-73.44,-991.13,288.75,-682.50,-385.0,1,94.322,
01/01/2000,01:40:57.05,13.91,-73.44,-991.01,192.50,-770.0,-393.75,1,94.241,
01/01/2000,01:40:57.06,13.91,-73.57,-990.88,210.0,-647.50,-350.0,1,94.247,
01/01/2000,01:40:57.07,13.79,-73.44,-991.01,183.75,-630.0,-420.0,1,94.252,
01/01/2000,01:40:57.08,14.03,-73.32,-991.01,35.0,-708.75,-323.75,1,94.257,
01/01/2000,01:40:57.09,14.03,-73.20,-991.01,227.50,-673.75,-236.25,1,94.262,
01/01/2000,01:40:57.10,13.91,-73.44,-991.13,183.75,-717.50,-411.25,1,94.268,
01/01/2000,01:40:57.11,14.03,-73.32,-990.88,96.25,-691.25,-245.0,1,94.273,
01/01/2000,01:40:57.13,14.03,-73.93,-990.88,210.0,-761.25,-472.50,1,94.278,
01/01/2000,01:40:57.14,14.03,-73.81,-991.13,192.50,-717.50,-271.25,1,94.283,
01/01/2000,01:40:57.15,14.03,-73.57,-991.13,70.0,-638.75,-428.75,1,94.288,
01/01/2000,01:40:57.16,13.91,-73.69,-991.13,192.50,-691.25,-315.0,1,94.293,
01/01/2000,01:40:57.17,13.66,-73.44,-991.25,0.0,-673.75,-341.25,1,94.299,
01/01/2000,01:40:57.18,13.79,-73.81,-991.25,245.0,-735.0,-568.75,1,94.304,
01/01/2000,01:40:57.19,14.03,-73.81,-991.25,113.75,-665.0,-166.25,1,94.309,
01/01/2000,01:40:57.20,14.03,-73.93,-991.01,87.50,-752.50,-428.75,1,94.229,
01/01/2000,01:40:57.21,14.03,-73.69,-990.88,253.75,-630.0,-280.0,1,94.234,
01/01/2000,01:40:57.22,13.91,-73.69,-990.88,201.25,-796.25,-367.50,1,94.239,
01/01/2000,01:40:57.23,13.91,-73.57,-991.13,122.50,-743.75,-341.25,1,94.245,
01/01/2000,01:40:57.24,13.91,-73.69,-991.37,131.25,-665.0,-332.50,1,94.250,
01/01/2000,01:40:57.25,14.27,-73.69,-991.13,70.0,-700.0,-306.25,1,94.255,
01/01/2000,01:40:57.27,14.03,-73.93,-990.88,280.0,-743.75,-402.50,1,94.260,
01/01/2000,01:40:57.28,14.03,-73.93,-990.88,157.50,-682.50,-332.50,1,94.265,
01/01/2000,01:40:57.29,14.15,-73.69,-991.01,140.0,-770.0,-446.25,1,94.270,
01/01/2000,01:40:57.30,14.40,-73.69,-991.13,157.50,-708.75,-350.0,1,94.275,
01/01/2000,01:40:57.31,14.27,-73.69,-991.13,175.0,-630.0,-236.25,1,94.281,
01/01/2000,01:40:57.32,14.15,-73.69,-991.13,96.25,-647.50,-455.0,1,94.286,
01/01/2000,01:40:57.33,14.27,-73.69,-991.01,253.75,-752.50,-332.50,1,94.291,
01/01/2000,01:40:57.34,14.52,-73.57,-991.01,35.0,-717.50,-420.0,1,94.296,
01/01/2000,01:40:57.35,14.40,-73.57,-991.13,288.75,-638.75,-315.0,1,94.301,
01/01/2000,01:40:57.36,14.40,-73.69,-991.13,315.0,-673.75,-297.50,1,94.306,
01/01/2000,01:40:57.37,14.27,-73.69,-991.13,122.50,-726.25,-498.75,1,94.311,
01/01/2000,01:40:57.38,14.27,-73.57,-991.13,166.25,-691.25,-253.75,1,94.316,
01/01/2000,01:40:57.39,14.40,-73.57,-991.13,166.25,-708.75,-245.0,1,94.238,
01/01/2000,01:40:57.41,14.27,-73.69,-990.76,218.75,-630.0,-315.0,1,94.243,
01/01/2000,01:40:57.42,13.91,-73.81,-990.88,166.25,-586.25,-323.75,1,94.248,
01/01/2000,01:40:57.43,13.66,-74.05,-991.25,131.25,-743.75,-306.25,1,94.253,
01/01/2000,01:40:57.44,14.27,-73.44,-991.37,-87.50,-638.75,-481.25,1,94.258,
01/01/2000,01:40:57.45,14.88,-73.57,-990.88,218.75,-726.25,-87.50,1,94.263,
01/01/2000,01:40:57.46,14.40,-74.05,-990.64,-35.0,-647.50,-166.25,1,94.268,
01/01/2000,01:40:57.47,13.91,-74.30,-990.76,183.75,-682.50,-411.25,1,94.273,
01/01/2000,01:40:57.48,14.15,-74.18,-991.37,210.0,-691.25,-577.50,1,94.278,
01/01/2000,01:40:57.49,14.40,-73.32,-991.62,70.0,-630.0,-218.75,1,94.283,
01/01/2000,01:40:57.50,14.15,-73.69,-991.25,140.0,-700.0,-192.50,1,94.288,
01/01/2000,01:40:57.51,14.15,-73.81,-990.76,87.50,-621.25,-350.0,1,94.293,
01/01/2000,01:40:57.52,14.27,-74.05,-990.76,122.50,-761.25,-376.25,1,94.298,
01/01/2000,01:40:57.53,14.40,-74.30,-991.01,166.25,-700.0,-367.50,1,94.221,
01/01/2000,01:40:57.54,14.15,-74.18,-991.49,122.50,-638.75,-350.0,1,94.308,
01/01/2000,01:40:57.55,14.15,-73.93,-991.37,210.0,-638.75,-315.0,1,94.231,
01/01/2000,01:40:57.56,13.91,-73.69,-991.01,61.25,-665.0,-157.50,1,94.236,
01/01/2000,01:40:57.57,13.79,-73.69,-991.01,157.50,-735.0,-490.0,1,94.241,
01/01/2000,01:40:57.58,14.03,-74.05,-991.37,175.0,-761.25,-236.25,1,94.246,
01/01/2000,01:40:57.59,14.27,-73.93,-991.62,-26.25,-770.0,-393.75,1,94.251,
01/01/2000,01:40:57.60,14.27,-74.18,-991.62,157.50,-673.75,-385.0,1,94.256,
01/01/2000,01:40:57.61,13.91,-74.05,-991.37,113.75,-708.75,-376.25,1,94.261,
01/01/2000,01:40:57.63,13.91,-73.81,-991.13,280.0,-682.50,-393.75,1,94.266,
01/01/2000,01:40:57.64,13.79,-73.81,-991.62,43.75,-595.0,-393.75,1,94.271,
01/01/2000,01:40:57.65,13.91,-73.93,-991.74,140.0,-691.25,-306.25,1,94.276,
01/01/2000,01:40:57.66,14.03,-74.05,-991.62,43.75,-717.50,-297.50,1,94.281,
01/01/2000,01:40:57.67,13.91,-74.18,-991.25,306.25,-691.25,-463.75,1,94.286,
01/01/2000,01:40:57.68,13.91,-74.05,-991.13,131.25,-673.75,-358.75,1,94.291,
01/01/2000,01:40:57.69,14.03,-73.93,-991.25,262.50,-638.75,-332.50,1,94.296,
01/01/2000,01:40:57.70,13.91,-73.81,-991.37,131.25,-726.25,-148.75,1,94.301,
01/01/2000,01:40:57.71,13.79,-74.05,-991.37,210.0,-726.25,-376.25,1,94.305,
01/01/2000,01:40:57.72,13.79,-74.05,-991.25,96.25,-726.25,-455.0,1,94.310,
01/01/2000,01:40:57.73,13.91,-74.05,-991.13,157.50,-665.0,-376.25,1,94.315,
01/01/2000,01:40:57.74,14.15,-74.05,-991.25,280.0,-805.0,-323.75,1,94.320,
01/01/2000,01:40:57.75,13.91,-73.93,-991.49,183.75,-595.0,-376.25,1,94.325,
01/01/2000,01:40:57.77,13.79,-73.93,-991.49,245.0,-673.75,-402.50,1,94.249,
01/01/2000,01:40:57.78,13.66,-73.81,-991.37,192.50,-743.75,-341.25,1,94.254,
01/01/2000,01:40:57.79,13.79,-73.81,-991.37,26.25,-726.25,-288.75,1,94.259,
01/01/2000,01:40:57.80,13.91,-74.05,-991.49,157.50,-717.50,-315.0,1,94.264,
01/01/2000,01:40:57.81,13.79,-74.18,-991.62,227.50,-761.25,-271.25,1,94.269,
01/01/2000,01:40:57.82,13.66,-74.18,-991.37,140.0,-813.75,-472.50,1,94.274,
01/01/2000,01:40:57.83,13.66,-74.18,-991.37,201.25,-857.50,-306.25,1,94.278,
01/01/2000,01:40:57.84,13.79,-73.81,-991.13,201.25,-595.0,-288.75,1,94.283,
01/01/2000,01:40:57.85,14.03,-73.69,-991.13,210.0,-796.25,-297.50,1,94.288,
01/01/2000,01:40:57.86,13.91,-73.93,-991.25,87.50,-638.75,-367.50,1,94.293,
01/01/2000,01:40:57.87,13.66,-74.18,-991.25,148.75,-682.50,-455.0,1,94.298,
01/01/2000,01:40:57.88,13.79,-74.18,-991.37,122.50,-656.25,-411.25,1,94.303,
01/01/2000,01:40:57.89,13.91,-73.93,-991.49,175.0,-717.50,-341.25,1,94.308,
01/01/2000,01:40:57.91,13.91,-73.69,-991.37,131.25,-665.0,-245.0,1,94.232,
01/01/2000,01:40:57.92,13.91,-73.93,-991.25,192.50,-568.75,-341.25,1,94.237,
01/01/2000,01:40:57.93,13.91,-73.93,-991.25,280.0,-708.75,-402.50,1,94.242,
01/01/2000,01:40:57.94,14.03,-73.93,-991.37,192.50,-735.0,-437.50,1,94.247,
01/01/2000,01:40:57.95,14.03,-73.93,-991.25,245.0,-691.25,-385.0,1,94.252,
01/01/2000,01:40:57.96,14.03,-73.69,-991.25,61.25,-726.25,-323.75,1,94.257,
01/01/2000,01:40:57.97,13.79,-73.69,-991.25,218.75,-665.0,-297.50,1,94.262,
01/01/2000,01:40:57.98,13.79,-73.93,-991.01,306.25,-717.50,-262.50,1,94.266,
01/01/2000,01:40:57.99,13.91,-73.93,-991.13,96.25,-726.25,-367.50,1,94.271,
01/01/2000,01:40:58.00,14.03,-73.93,-991.25,122.50,-752.50,-323.75,1,94.276,
01/01/2000,01:40:58.01,13.91,-73.93,-991.37,140.0,-586.25,-376.25,1,94.281,
01/01/2000,01:40:58.02,13.79,-73.69,-991.25,183.75,-700.0,-437.50,1,94.286,
01/01/2000,01:40:58.03,13.79,-73.44,-991.25,227.50,-752.50,-332.50,1,94.291,
01/01/2000,01:40:58.04,13.79,-73.69,-991.37,96.25,-840.0,-367.50,1,94.295,
01/01/2000,01:40:58.05,13.79,-73.93,-991.49,175.0,-595.0,-367.50,1,94.221,
01/01/2000,01:40:58.06,13.91,-73.93,-991.37,166.25,-822.50,-306.25,1,94.226,
01/01/2000,01:40:58.07,13.91,-73.81,-991.37,157.50,-656.25,-350.0,1,94.231,
01/01/2000,01:40:58.08,13.91,-73.81,-991.25,341.25,-752.50,-367.50,1,94.236,
01/01/2000,01:40:58.09,13.91,-73.69,-991.37,175.0,-621.25,-332.50,1,94.240,
01/01/2000,01:40:58.10,13.91,-73.81,-991.62,166.25,-665.0,-350.0,1,94.245,
01/01/2000,01:40:58.11,13.91,-73.93,-991.74,96.25,-717.50,-393.75,1,94.250,
01/01/2000,01:40:58.12,13.91,-73.81,-991.74,227.50,-770.0,-367.50,1,94.255,
01/01/2000,01:40:58.13,13.91,-73.93,-991.49,175.0,-700.0,-420.0,1,94.260,
01/01/2000,01:40:58.14,13.91,-73.81,-991.62,122.50,-761.25,-341.25,1,94.264,
01/01/2000,01:40:58.15,13.91,-73.69,-991.62,52.50,-656.25,-271.25,1,94.269,
01/01/2000,01:40:58.16,13.91,-73.81,-991.62,131.25,-761.25,-306.25,1,94.274,
01/01/2000,01:40:58.17,14.03,-73.81,-991.62,183.75,-717.50,-297.50,1,94.279,
01/01/2000,01:40:58.19,14.03,-73.93,-991.37,78.75,-673.75,-315.0,1,94.283,
01/01/2000,01:40:58.20,13.91,-74.05,-991.37,113.75,-507.50,-358.75,1,94.288,
01/01/2000,01:40:58.21,14.03,-74.05,-991.37,271.25,-761.25,-315.0,1,94.293,
01/01/2000,01:40:58.22,13.91,-73.93,-991.49,262.50,-603.75,-350.0,1,94.298,
01/01/2000,01:40:58.23,13.91,-73.93,-991.49,122.50,-708.75,-376.25,1,94.302,
01/01/2000,01:40:58.24,13.91,-74.05,-991.37,210.0,-735.0,-350.0,1,94.307,
01/01/2000,01:40:58.25,14.15,-73.81,-991.37,253.75,-848.75,-288.75,1,94.312,
01/01/2000,01:40:58.26,14.15,-73.81,-991.37,140.0,-665.0,-350.0,1,94.316,
01/01/2000,01:40:58.27,14.15,-73.81,-991.37,70.0,-647.50,-411.25,1,94.321,
01/01/2000,01:40:58.28,13.91,-73.81,-991.37,201.25,-673.75,-315.0,1,94.326,
01/01/2000,01:40:58.29,14.03,-73.93,-991.49,175.0,-778.75,-323.75,1,94.330,
01/01/2000,01:40:58.30,14.03,-73.81,-991.49,78.75,-726.25,-280.0,1,94.335,
01/01/2000,01:40:58.31,14.15,-73.81,-991.62,201.25,-813.75,-297.50,1,94.340,
01/01/2000,01:40:58.33,14.15,-73.81,-991.62,43.75,-647.50,-341.25,1,94.267,
01/01/2000,01:40:58.34,14.15,-73.81,-991.49,236.25,-691.25,-376.25,1,94.272,
01/01/2000,01:40:58.35,14.15,-73.69,-991.37,0.0,-822.50,-297.50,1,94.276,
01/01/2000,01:40:58.36,14.15,-73.81,-991.37,122.50,-726.25,-341.25,1,94.281,
01/01/2000,01:40:58.37,14.15,-73.69,-991.62,306.25,-735.0,-437.50,1,94.286,
01/01/2000,01:40:58.38,14.15,-73.69,-991.74,122.50,-691.25,-297.50,1,94.290,
01/01/2000,01:40:58.39,14.15,-73.69,-991.49,148.75,-682.50,-271.25,1,94.295,
01/01/2000,01:40:58.40,13.91,-73.81,-991.37,43.75,-560.0,-402.50,1,94.300,
01/01/2000,01:40:58.41,13.91,-73.81,-991.62,70.0,-647.50,-306.25,1,94.228,
01/01/2000,01:40:58.42,13.91,-73.69,-991.62,87.50,-778.75,-236.25,1,94.232,
01/01/2000,01:40:58.43,13.91,-73.81,-991.62,157.50,-726.25,-428.75,1,94.237,
01/01/2000,01:40:58.44,13.66,-73.69,-991.62,262.50,-498.75,-262.50,1,94.242,
01/01/2000,01:40:58.45,13.91,-73.81,-991.49,122.50,-717.50,-341.25,1,94.246,
01/01/2000,01:40:58.47,14.03,-73.69,-991.37,218.75,-752.50,-350.0,1,94.251,
01/01/2000,01:40:58.48,13.91,-73.69,-991.25,122.50,-726.25,-323.75,1,94.256,
01/01/2000,01:40:58.49,14.03,-74.05,-991.13,262.50,-708.75,-481.25,1,94.260,
01/01/2000,01:40:58.50,13.91,-74.18,-991.01,157.50,-665.0,-358.75,1,94.265,
01/01/2000,01:40:58.51,13.91,-74.18,-991.01,157.50,-743.75,-306.25,1,94.270,
01/01/2000,01:40:58.52,13.91,-74.18,-991.13,201.25,-708.75,-358.75,1,94.274,
01/01/2000,01:40:58.53,13.91,-73.93,-991.13,175.0,-656.25,-341.25,1,94.279,
01/01/2000,01:40:58.54,13.91,-73.81,-991.13,157.50,-752.50,-385.0,1,94.283,
01/01/2000,01:40:58.55,14.03,-73.69,-991.13,166.25,-691.25,-262.50,1,94.288,
01/01/2000,01:40:58.56,14.03,-73.93,-991.01,122.50,-691.25,-341.25,1,94.293,
01/01/2000,01:40:58.57,14.03,-74.05,-991.01,148.75,-726.25,-341.25,1,94.297,
01/01/2000,01:40:58.58,14.03,-73.93,-991.25,192.50,-586.25,-472.50,1,94.302,
01/01/2000,01:40:58.59,14.15,-73.81,-991.13,61.25,-796.25,-341.25,1,94.306,
01/01/2000,01:40:58.60,14.15,-73.69,-991.01,148.75,-691.25,-323.75,1,94.311,
01/01/2000,01:40:58.61,13.91,-73.81,-990.88,183.75,-586.25,-367.50,1,94.315,
01/01/2000,01:40:58.62,14.03,-73.93,-991.13,236.25,-691.25,-367.50,1,94.320,
01/01/2000,01:40:58.63,14.03,-73.93,-991.25,210.0,-665.0,-411.25,1,94.249,
01/01/2000,01:40:58.64,14.03,-73.81,-991.37,140.0,-673.75,-358.75,1,94.254,
01/01/2000,01:40:58.65,14.03,-73.69,-991.37,105.0,-656.25,-280.0,1,94.258,
01/01/2000,01:40:58.66,14.03,-73.57,-991.25,175.0,-743.75,-385.0,1,94.263,
01/01/2000,01:40:58.68,14.15,-73.93,-991.25,166.25,-770.0,-280.0,1,94.268,
01/01/2000,01:40:58.69,13.66,-74.05,-991.62,140.0,-621.25,-218.75,1,94.272,
01/01/2000,01:40:58.70,13.91,-74.30,-991.62,481.25,-498.75,-507.50,1,94.277,
01/01/2000,01:40:58.71,14.27,-73.57,-991.37,-113.75,-717.50,-551.25,1,94.281,
01/01/2000,01:40:58.72,14.64,-73.69,-990.88,166.25,-638.75,-131.25,1,94.286,
01/01/2000,01:40:58.73,14.40,-74.05,-990.76,297.50,-638.75,-70.0,1,94.290,
01/01/2000,01:40:58.74,14.15,-74.18,-991.01,43.75,-735.0,-516.25,1,94.295,
01/01/2000,01:40:58.75,14.15,-74.05,-991.62,385.0,-630.0,-551.25,1,94.299,
01/01/2000,01:40:58.76,13.79,-73.69,-991.62,17.50,-708.75,-218.75,1,94.304,
01/01/2000,01:40:58.77,14.03,-73.32,-991.37,201.25,-638.75,-428.75,1,94.308,
01/01/2000,01:40:58.78,14.03,-73.32,-990.64,236.25,-743.75,-17.50,1,94.313,
01/01/2000,01:40:58.79,13.91,-73.69,-990.76,-87.50,-761.25,-376.25,1,94.317,
01/01/2000,01:40:58.80,13.91,-74.42,-991.13,402.50,-726.25,-428.75,1,94.322,
01/01/2000,01:40:58.81,14.03,-74.05,-991.62,8.75,-586.25,-262.50,1,94.252,
01/01/2000,01:40:58.82,14.27,-73.57,-991.37,157.50,-708.75,-481.25,1,94.256,
01/01/2000,01:40:58.83,14.03,-73.44,-991.13,192.50,-603.75,-192.50,1,94.261,
01/01/2000,01:40:58.84,14.03,-73.32,-990.64,140.0,-708.75,-358.75,1,94.266,
01/01/2000,01:40:58.85,14.03,-73.69,-991.13,262.50,-743.75,-227.50,1,94.270,
01/01/2000,01:40:58.86,14.27,-73.93,-991.49,201.25,-761.25,-428.75,1,94.275,
01/01/2000,01:40:58.87,14.40,-74.18,-991.62,148.75,-647.50,-481.25,1,94.279,
01/01/2000,01:40:58.89,14.15,-73.81,-991.13,236.25,-717.50,-288.75,1,94.283,
01/01/2000,01:40:58.90,14.15,-73.44,-991.01,105.0,-761.25,-271.25,1,94.288,
01/01/2000,01:40:58.91,14.15,-73.57,-991.37,245.0,-656.25,-446.25,1,94.292,
01/01/2000,01:40:58.92,14.27,-74.05,-991.86,105.0,-603.75,-288.75,1,94.223,
01/01/2000,01:40:58.93,14.15,-73.93,-991.74,26.25,-735.0,-420.0,1,94.228,
01/01/2000,01:40:58.94,13.91,-73.93,-990.88,175.0,-700.0,-385.0,1,94.232,
01/01/2000,01:40:58.95,13.79,-73.69,-990.88,236.25,-621.25,-402.50,1,94.237,
01/01/2000,01:40:58.96,13.91,-73.69,-991.13,122.50,-691.25,-332.50,1,94.241,
01/01/2000,01:40:58.97,14.03,-73.69,-991.74,87.50,-595.0,-350.0,1,94.246,
01/01/2000,01:40:58.98,13.91,-73.93,-991.86,70.0,-743.75,-385.0,1,94.250,
01/01/2000,01:40:58.99,13.91,-73.81,-991.74,245.0,-735.0,-428.75,1,94.255,
01/01/2000,01:40:59.00,13.91,-73.81,-991.49,218.75,-708.75,-271.25,1,94.259,
01/01/2000,01:40:59.02,14.15,-73.81,-991.49,175.0,-787.50,-297.50,1,94.264,
01/01/2000,01:40:59.03,14.15,-73.93,-991.74,323.75,-700.0,-402.50,1,94.268,
01/01/2000,01:40:59.04,14.03,-73.93,-991.74,236.25,-717.50,-306.25,1,94.272,
01/01/2000,01:40:59.05,13.91,-73.93,-991.62,227.50,-603.75,-358.75,1,94.277,
01/01/2000,01:40:59.06,13.91,-74.05,-991.49,183.75,-726.25,-280.0,1,94.281,
01/01/2000,01:40:59.07,14.15,-73.81,-991.37,192.50,-752.50,-367.50,1,94.286,
01/01/2000,01:40:59.08,14.15,-73.69,-991.37,192.50,-691.25,-350.0,1,94.290,
01/01/2000,01:40:59.09,14.15,-73.81,-991.62,140.0,-656.25,-341.25,1,94.295,
01/01/2000,01:40:59.10,13.91,-73.93,-991.62,96.25,-743.75,-402.50,1,94.299,
01/01/2000,01:40:59.11,14.03,-73.69,-991.62,122.50,-630.0,-411.25,1,94.303,
01/01/2000,01:40:59.12,14.15,-73.69,-991.49,323.75,-717.50,-297.50,1,94.308,
01/01/2000,01:40:59.13,14.15,-73.57,-991.49,113.75,-726.25,-332.50,1,94.312,
01/01/2000,01:40:59.14,14.15,-73.69,-991.49,131.25,-700.0,-280.0,1,94.316,
01/01/2000,01:40:59.15,14.27,-73.93,-991.49,78.75,-752.50,-446.25,1,94.321,
01/01/2000,01:40:59.16,14.27,-73.81,-991.62,78.75,-682.50,-341.25,1,94.325,
01/01/2000,01:40:59.17,14.03,-73.69,-991.37,175.0,-700.0,-350.0,1,94.329,
01/01/2000,01:40:59.18,14.15,-73.57,-991.25,148.75,-796.25,-253.75,1,94.262,
01/01/2000,01:40:59.19,14.15,-73.57,-991.37,236.25,-770.0,-350.0,1,94.338,
01/01/2000,01:40:59.20,14.15,-73.81,-991.62,96.25,-813.75,-376.25,1,94.270,
01/01/2000,01:40:59.21,14.15,-74.05,-991.62,157.50,-647.50,-402.50,1,94.275,
01/01/2000,01:40:59.22,14.15,-73.93,-991.62,175.0,-717.50,-402.50,1,94.279,
01/01/2000,01:40:59.24,14.15,-73.69,-991.37,218.75,-542.50,-306.25,1,94.284,
01/01/2000,01:40:59.25,14.15,-73.69,-991.49,148.75,-708.75,-323.75,1,94.288,
01/01/2000,01:40:59.26,14.15,-73.81,-991.49,166.25,-630.0,-358.75,1,94.292,
01/01/2000,01:40:59.27,14.03,-73.93,-991.49,35.0,-717.50,-437.50,1,94.297,
01/01/2000,01:40:59.28,14.03,-74.05,-991.49,26.25,-638.75,-131.25,1,94.301,
01/01/2000,01:40:59.29,14.15,-74.05,-991.49,192.50,-752.50,-498.75,1,94.305,
01/01/2000,01:40:59.30,14.15,-73.93,-991.62,122.50,-743.75,-385.0,1,94.310,
01/01/2000,01:40:59.31,14.03,-73.93,-991.37,245.0,-735.0,-341.25,1,94.314,
01/01/2000,01:40:59.32,13.91,-73.69,-991.49,140.0,-735.0,-411.25,1,94.318,
01/01/2000,01:40:59.33,13.91,-73.93,-991.62,105.0,-726.25,-358.75,1,94.322,
01/01/2000,01:40:59.34,14.15,-74.18,-991.37,236.25,-708.75,-542.50,1,94.327,
01/01/2000,01:40:59.35,13.91,-73.81,-991.37,166.25,-638.75,-271.25,1,94.331,
01/01/2000,01:40:59.36,13.91,-73.81,-991.37,183.75,-691.25,-306.25,1,94.335,
01/01/2000,01:40:59.37,13.79,-73.93,-991.74,183.75,-743.75,-315.0,1,94.340,
01/01/2000,01:40:59.38,13.79,-73.81,-991.86,131.25,-717.50,-358.75,1,94.273,
01/01/2000,01:40:59.39,13.91,-73.81,-991.74,113.75,-621.25,-385.0,1,94.277,
01/01/2000,01:40:59.40,13.91,-73.69,-991.62,166.25,-691.25,-262.50,1,94.281,
01/01/2000,01:40:59.41,14.03,-74.05,-991.37,43.75,-665.0,-332.50,1,94.286,
01/01/2000,01:40:59.42,14.03,-74.05,-991.49,122.50,-638.75,-455.0,1,94.290,
01/01/2000,01:40:59.44,13.91,-74.05,-991.62,157.50,-603.75,-332.50,1,94.294,
01/01/2000,01:40:59.45,13.91,-73.93,-991.62,113.75,-673.75,-323.75,1,94.299,
01/01/2000,01:40:59.46,13.66,-73.69,-991.62,0.0,-735.0,-367.50,1,94.303,
01/01/2000,01:40:59.47,13.91,-73.93,-991.62,140.0,-673.75,-332.50,1,94.307,
01/01/2000,01:40:59.48,13.91,-74.05,-991.74,175.0,-708.75,-385.0,1,94.311,
01/01/2000,01:40:59.49,13.79,-74.30,-991.86,183.75,-665.0,-367.50,1,94.316,
01/01/2000,01:40:59.50,13.91,-74.18,-991.74,280.0,-638.75,-341.25,1,94.320,
01/01/2000,01:40:59.51,13.91,-73.93,-991.74,61.25,-665.0,-262.50,1,94.324,
01/01/2000,01:40:59.52,14.03,-73.81,-991.74,157.50,-621.25,-350.0,1,94.258,
01/01/2000,01:40:59.53,14.15,-73.81,-991.62,70.0,-673.75,-297.50,1,94.262,
01/01/2000,01:40:59.54,14.15,-73.93,-991.62,96.25,-612.50,-341.25,1,94.267,
01/01/2000,01:40:59.55,14.27,-74.18,-991.49,201.25,-673.75,-323.75,1,94.271,
01/01/2000,01:40:59.56,14.27,-73.93,-991.49,122.50,-691.25,-428.75,1,94.275,
01/01/2000,01:40:59.57,14.40,-73.93,-991.37,297.50,-638.75,-306.25,1,94.279,
01/01/2000,01:40:59.58,14.40,-73.93,-991.37,218.75,-682.50,-297.50,1,94.284,
01/01/2000,01:40:59.60,14.03,-74.05,-991.62,105.0,-595.0,-315.0,1,94.288,
01/01/2000,01:40:59.61,14.15,-74.18,-991.62,201.25,-726.25,-481.25,1,94.292,
01/01/2000,01:40:59.62,14.03,-73.93,-991.74,166.25,-805.0,-393.75,1,94.296,
01/01/2000,01:40:59.63,14.15,-73.81,-991.62,131.25,-761.25,-350.0,1,94.301,
01/01/2000,01:40:59.64,14.03,-73.93,-991.62,201.25,-770.0,-297.50,1,94.305,
01/01/2000,01:40:59.65,13.91,-73.81,-991.74,61.25,-752.50,-245.0,1,94.309,
01/01/2000,01:40:59.66,14.03,-73.93,-991.86,227.50,-743.75,-376.25,1,94.313,
01/01/2000,01:40:59.67,13.91,-73.81,-991.62,17.50,-743.75,-236.25,1,94.317,
01/01/2000,01:40:59.68,14.15,-74.05,-991.49,236.25,-796.25,-411.25,1,94.322,
01/01/2000,01:40:59.69,14.03,-74.18,-991.49,131.25,-717.50,-358.75,1,94.326,
01/01/2000,01:40:59.70,14.03,-74.18,-991.49,122.50,-665.0,-332.50,1,94.330,
01/01/2000,01:40:59.71,14.15,-74.05,-991.62,358.75,-778.75,-420.0,1,94.334,
01/01/2000,01:40:59.72,14.27,-73.93,-991.74,87.50,-673.75,-341.25,1,94.338,
01/01/2000,01:40:59.73,14.15,-74.05,-991.62,315.0,-761.25,-498.75,1,94.273,
01/01/2000,01:40:59.74,14.15,-74.05,-991.62,271.25,-682.50,-411.25,1,94.277,
01/01/2000,01:40:59.75,14.15,-74.05,-991.49,227.50,-761.25,-306.25,1,94.282,
01/01/2000,01:40:59.76,14.40,-73.93,-991.49,183.75,-638.75,-463.75,1,94.286,
01/01/2000,01:40:59.77,14.40,-73.81,-991.62,236.25,-761.25,-218.75,1,94.290,
01/01/2000,01:40:59.78,14.27,-73.93,-991.37,175.0,-708.75,-376.25,1,94.294,
01/01/2000,01:40:59.80,14.03,-73.93,-991.62,70.0,-621.25,-280.0,1,94.298,
01/01/2000,01:40:59.81,14.15,-73.93,-991.86,236.25,-761.25,-385.0,1,94.302,
01/01/2000,01:40:59.82,14.27,-73.93,-991.86,122.50,-630.0,-297.50,1,94.307,
01/01/2000,01:40:59.83,14.15,-73.93,-991.86,96.25,-717.50,-367.50,1,94.311,
01/01/2000,01:40:59.84,14.27,-74.05,-991.62,192.50,-813.75,-323.75,1,94.315,
01/01/2000,01:40:59.85,14.03,-74.18,-991.62,315.0,-656.25,-385.0,1,94.319,
01/01/2000,01:40:59.86,14.03,-74.18,-991.74,70.0,-630.0,-411.25,1,94.323,
01/01/2000,01:40:59.87,14.27,-74.18,-991.98,61.25,-700.0,-280.0,1,94.327,
01/01/2000,01:40:59.88,14.15,-74.05,-991.62,122.50,-612.50,-332.50,1,94.263,
01/01/2000,01:40:59.89,14.27,-74.18,-991.37,52.50,-630.0,-315.0,1,94.267,
01/01/2000,01:40:59.90,14.40,-74.30,-991.49,245.0,-638.75,-376.25,1,94.271,
01/01/2000,01:40:59.91,14.27,-74.30,-991.62,131.25,-752.50,-350.0,1,94.275,
01/01/2000,01:40:59.92,14.40,-74.30,-991.62,140.0,-691.25,-428.75,1,94.280,
01/01/2000,01:40:59.93,14.15,-74.18,-991.62,175.0,-743.75,-376.25,1,94.284,
01/01/2000,01:40:59.95,14.27,-73.93,-991.62,131.25,-691.25,-367.50,1,94.220,
01/01/2000,01:40:59.96,14.15,-74.18,-991.74,131.25,-612.50,-271.25,1,94.224,
01/01/2000,01:40:59.97,14.27,-74.18,-991.74,96.25,-778.75,-393.75,1,94.228,
01/01/2000,01:40:59.98,14.40,-74.05,-991.62,157.50,-638.75,-227.50,1,94.232,
01/01/2000,01:40:59.99,14.27,-74.05,-991.62,306.25,-673.75,-428.75,1,94.236,
01/01/2000,01:41:00.00,13.91,-74.05,-991.74,245.0,-735.0,-315.0,1,94.240,
01/01/2000,01:41:00.02,13.91,-73.93,-991.98,87.50,-717.50,-411.25,1,94.245,
01/01/2000,01:41:00.03,14.15,-73.93,-991.86,122.50,-630.0,-297.50,1,94.249,
01/01/2000,01:41:00.04,14.15,-73.93,-991.74,210.0,-691.25,-288.75,1,94.253,
01/01/2000,01:41:00.05,13.91,-74.18,-991.62,201.25,-700.0,-428.75,1,94.257,
01/01/2000,01:41:00.06,13.91,-74.18,-991.49,210.0,-708.75,-245.0,1,94.261,
01/01/2000,01:41:00.07,13.91,-74.05,-991.62,262.50,-770.0,-402.50,1,94.265,
01/01/2000,01:41:00.08,14.03,-73.93,-991.86,26.25,-708.75,-288.75,1,94.269,
01/01/2000,01:41:00.09,14.03,-73.93,-991.86,192.50,-787.50,-402.50,1,94.273,
01/01/2000,01:41:00.10,14.03,-73.93,-991.74,166.25,-647.50,-271.25,1,94.278,
01/01/2000,01:41:00.11,13.91,-74.05,-991.62,105.0,-691.25,-437.50,1,94.282,
01/01/2000,01:41:00.12,14.03,-74.05,-991.62,236.25,-927.50,-437.50,1,94.286,
01/01/2000,01:41:00.13,14.15,-74.05,-991.62,218.75,-708.75,-288.75,1,94.290,
01/01/2000,01:41:00.14,14.03,-73.93,-991.74,148.75,-682.50,-341.25,1,94.294,
01/01/2000,01:41:00.15,13.91,-73.93,-991.74,70.0,-665.0,-358.75,1,94.298,
01/01/2000,01:41:00.16,13.91,-73.69,-991.62,183.75,-691.25,-437.50,1,94.302,
01/01/2000,01:41:00.17,14.03,-73.81,-991.62,253.75,-708.75,-271.25,1,94.306,
01/01/2000,01:41:00.18,14.03,-73.93,-991.37,236.25,-770.0,-350.0,1,94.310,
01/01/2000,01:41:00.19,13.91,-73.93,-991.49,166.25,-708.75,-210.0,1,94.314,
01/01/2000,01:41:00.20,14.15,-73.81,-991.37,192.50,-682.50,-437.50,1,94.318,
01/01/2000,01:41:00.21,14.03,-73.81,-991.37,245.0,-682.50,-463.75,1,94.322,
01/01/2000,01:41:00.23,14.15,-73.69,-991.74,210.0,-726.25,-350.0,1,94.259,
01/01/2000,01:41:00.24,14.15,-73.81,-991.62,70.0,-656.25,-262.50,1,94.263,
01/01/2000,01:41:00.25,13.91,-73.81,-991.62,105.0,-700.0,-271.25,1,94.268,
01/01/2000,01:41:00.26,13.91,-73.93,-991.62,157.50,-708.75,-411.25,1,94.272,
01/01/2000,01:41:00.27,13.91,-73.93,-991.62,341.25,-691.25,-437.50,1,94.276,
01/01/2000,01:41:00.28,13.91,-73.69,-991.49,26.25,-673.75,-280.0,1,94.280,
01/01/2000,01:41:00.29,13.91,-73.69,-991.25,201.25,-682.50,-323.75,1,94.284,
01/01/2000,01:41:00.30,13.66,-73.69,-991.25,122.50,-770.0,-280.0,1,94.288,
01/01/2000,01:41:00.31,13.91,-73.93,-991.25,166.25,-778.75,-306.25,1,94.292,
01/01/2000,01:41:00.32,13.91,-73.81,-991.37,271.25,-691.25,-437.50,1,94.296,
01/01/2000,01:41:00.33,13.79,-73.69,-991.49,35.0,-691.25,-315.0,1,94.300,
01/01/2000,01:41:00.34,13.91,-73.93,-991.37,192.50,-673.75,-490.0,1,94.304,
01/01/2000,01:41:00.35,14.03,-73.69,-991.62,227.50,-700.0,-183.75,1,94.308,
01/01/2000,01:41:00.36,14.15,-73.69,-991.49,192.50,-638.75,-280.0,1,94.312,
01/01/2000,01:41:00.37,14.15,-73.81,-991.62,148.75,-700.0,-350.0,1,94.250,
01/01/2000,01:41:00.38,14.15,-73.81,-991.62,148.75,-638.75,-341.25,1,94.254,
01/01/2000,01:41:00.39,14.27,-74.05,-991.62,245.0,-691.25,-393.75,1,94.258,
01/01/2000,01:41:00.40,14.15,-73.81,-991.49,236.25,-682.50,-297.50,1,94.262,
01/01/2000,01:41:00.41,13.91,-73.93,-991.62,245.0,-700.0,-376.25,1,94.266,
01/01/2000,01:41:00.42,13.91,-73.93,-991.74,122.50,-647.50,-481.25,1,94.270,
01/01/2000,01:41:00.44,14.03,-73.93,-991.62,122.50,-647.50,-350.0,1,94.274,
01/01/2000,01:41:00.45,14.03,-73.93,-991.62,210.0,-717.50,-376.25,1,94.278,
01/01/2000,01:41:00.46,13.91,-73.93,-991.62,192.50,-656.25,-393.75,1,94.282,
01/01/2000,01:41:00.47,13.91,-73.81,-991.62,323.75,-656.25,-385.0,1,94.220,
01/01/2000,01:41:00.48,14.03,-73.69,-991.62,70.0,-656.25,-411.25,1,94.224,
01/01/2000,01:41:00.49,14.15,-73.93,-991.62,175.0,-630.0,-306.25,1,94.228,
01/01/2000,01:41:00.50,14.27,-73.93,-991.62,183.75,-717.50,-297.50,1,94.232,
01/01/2000,01:41:00.51,14.40,-74.05,-991.37,236.25,-630.0,-315.0,1,94.236,
01/01/2000,01:41:00.52,14.27,-73.93,-991.25,113.75,-717.50,-262.50,1,94.240,
01/01/2000,01:41:00.53,14.27,-74.18,-991.37,227.50,-743.75,-358.75,1,94.244,
01/01/2000,01:41:00.54,14.03,-73.93,-991.62,17.50,-691.25,-271.25,1,94.248,
01/01/2000,01:41:00.55,13.91,-73.93,-991.62,96.25,-700.0,-420.0,1,94.252,
01/01/2000,01:41:00.56,13.66,-73.93,-991.49,148.75,-673.75,-262.50,1,94.256,
01/01/2000,01:41:00.57,13.79,-74.05,-991.25,157.50,-647.50,-402.50,1,94.260,
01/01/2000,01:41:00.59,13.91,-74.18,-991.37,157.50,-682.50,-358.75,1,94.264,
01/01/2000,01:41:00.60,13.91,-74.18,-991.49,140.0,-761.25,-420.0,1,94.268,
01/01/2000,01:41:00.61,13.91,-74.18,-991.49,61.25,-603.75,-367.50,1,94.272,
01/01/2000,01:41:00.62,13.79,-74.05,-991.62,201.25,-708.75,-306.25,1,94.276,
01/01/2000,01:41:00.63,13.79,-73.81,-991.74,192.50,-673.75,-218.75,1,94.280,
01/01/2000,01:41:00.64,13.91,-73.93,-991.62,253.75,-778.75,-271.25,1,94.284,
01/01/2000,01:41:00.65,14.03,-74.18,-991.37,175.0,-770.0,-341.25,1,94.288,
01/01/2000,01:41:00.66,13.91,-74.42,-991.37,175.0,-752.50,-411.25,1,94.292,
01/01/2000,01:41:00.67,13.91,-74.18,-991.37,236.25,-533.75,-393.75,1,94.296,
01/01/2000,01:41:00.68,13.91,-74.05,-991.49,140.0,-603.75,-428.75,1,94.299,
01/01/2000,01:41:00.69,13.91,-73.81,-991.37,140.0,-673.75,-271.25,1,94.303,
01/01/2000,01:41:00.70,13.79,-73.93,-991.49,245.0,-682.50,-385.0,1,94.307,
01/01/2000,01:41:00.71,13.91,-74.18,-991.62,253.75,-621.25,-367.50,1,94.311,
01/01/2000,01:41:00.72,13.91,-74.42,-991.62,183.75,-551.25,-385.0,1,94.251,
01/01/2000,01:41:00.73,13.91,-74.42,-991.62,271.25,-726.25,-341.25,1,94.254,
01/01/2000,01:41:00.74,14.03,-74.05,-991.62,166.25,-717.50,-323.75,1,94.258,
01/01/2000,01:41:00.75,14.03,-73.93,-991.74,96.25,-752.50,-323.75,1,94.262,
01/01/2000,01:41:00.76,13.91,-73.93,-991.74,183.75,-735.0,-201.25,1,94.266,
01/01/2000,01:41:00.77,13.91,-73.93,-991.74,157.50,-568.75,-402.50,1,94.270,
01/01/2000,01:41:00.79,14.03,-73.93,-991.74,78.75,-761.25,-306.25,1,94.274,
01/01/2000,01:41:00.80,14.03,-73.93,-991.62,192.50,-656.25,-367.50,1,94.278,
01/01/2000,01:41:00.81,14.15,-73.81,-991.62,113.75,-708.75,-271.25,1,94.282,
01/01/2000,01:41:00.82,14.03,-73.81,-991.62,43.75,-603.75,-367.50,1,94.286,
01/01/2000,01:41:00.83,13.91,-73.81,-991.74,175.0,-665.0,-262.50,1,94.290,
01/01/2000,01:41:00.84,13.91,-73.93,-991.86,227.50,-700.0,-402.50,1,94.293,
01/01/2000,01:41:00.85,14.27,-73.69,-991.74,210.0,-743.75,-350.0,1,94.297,
01/01/2000,01:41:00.86,14.15,-73.93,-991.62,166.25,-726.25,-358.75,1,94.301,
01/01/2000,01:41:00.87,14.03,-73.93,-991.62,35.0,-743.75,-323.75,1,94.305,
01/01/2000,01:41:00.88,14.15,-73.93,-991.62,210.0,-700.0,-393.75,1,94.245,
01/01/2000,01:41:00.89,14.27,-73.93,-991.49,140.0,-831.25,-376.25,1,94.249,
01/01/2000,01:41:00.90,14.15,-73.81,-991.62,122.50,-761.25,-262.50,1,94.253,
01/01/2000,01:41:00.91,14.15,-73.81,-991.74,96.25,-630.0,-271.25,1,94.257,
01/01/2000,01:41:00.92,14.15,-73.81,-991.62,166.25,-656.25,-332.50,1,94.261,
01/01/2000,01:41:00.94,14.15,-73.69,-991.37,35.0,-507.50,-271.25,1,94.265,
01/01/2000,01:41:00.95,14.40,-73.93,-991.37,262.50,-665.0,-463.75,1,94.268,
01/01/2000,01:41:00.96,14.27,-73.81,-991.37,113.75,-735.0,-350.0,1,94.272,
01/01/2000,01:41:00.97,14.15,-73.81,-991.37,122.50,-638.75,-297.50,1,94.276,
01/01/2000,01:41:00.98,13.66,-73.81,-991.37,157.50,-726.25,-393.75,1,94.280,
01/01/2000,01:41:00.99,13.79,-73.69,-991.49,96.25,-700.0,-271.25,1,94.284,
01/01/2000,01:41:01.00,14.15,-73.93,-991.62,253.75,-551.25,-402.50,1,94.224,
01/01/2000,01:41:01.01,14.15,-73.69,-991.37,140.0,-673.75,-315.0,1,94.228,
01/01/2000,01:41:01.02,14.15,-73.93,-991.25,253.75,-708.75,-341.25,1,94.232,
01/01/2000,01:41:01.03,14.27,-74.05,-991.13,192.50,-586.25,-376.25,1,94.236,
01/01/2000,01:41:01.04,13.91,-73.81,-991.37,70.0,-717.50,-428.75,1,94.240,
01/01/2000,01:41:01.05,14.15,-73.81,-991.37,280.0,-621.25,-350.0,1,94.244,
01/01/2000,01:41:01.06,14.15,-73.57,-991.37,78.75,-787.50,-306.25,1,94.247,
01/01/2000,01:41:01.07,14.27,-73.81,-991.25,210.0,-691.25,-350.0,1,94.251,
01/01/2000,01:41:01.08,14.27,-74.30,-991.37,420.0,-717.50,-437.50,1,94.255,
01/01/2000,01:41:01.09,14.15,-74.18,-991.62,96.25,-673.75,-428.75,1,94.259,
01/01/2000,01:41:01.10,14.15,-74.18,-991.74,-35.0,-700.0,-218.75,1,94.263,
01/01/2000,01:41:01.11,14.03,-73.93,-991.62,227.50,-621.25,-297.50,1,94.267,
01/01/2000,01:41:01.12,13.91,-73.57,-991.37,245.0,-638.75,-245.0,1,94.270,
01/01/2000,01:41:01.13,14.27,-73.81,-991.01,166.25,-726.25,-262.50,1,94.274,
01/01/2000,01:41:01.15,13.91,-74.18,-991.37,61.25,-717.50,-332.50,1,94.278,
01/01/2000,01:41:01.16,13.91,-74.42,-991.62,131.25,-752.50,-463.75,1,94.282,
01/01/2000,01:41:01.17,14.15,-74.18,-991.49,245.0,-673.75,-507.50,1,94.286,
01/01/2000,01:41:01.18,14.15,-73.81,-991.49,201.25,-743.75,-236.25,1,94.290,
01/01/2000,01:41:01.19,13.91,-73.81,-991.13,70.0,-735.0,-402.50,1,94.293,
01/01/2000,01:41:01.20,13.79,-73.93,-991.25,262.50,-621.25,-358.75,1,94.297,
01/01/2000,01:41:01.21,14.15,-74.18,-991.74,78.75,-743.75,-385.0,1,94.238,
01/01/2000,01:41:01.22,14.27,-74.30,-991.86,253.75,-813.75,-306.25,1,94.242,
01/01/2000,01:41:01.23,14.03,-74.18,-991.74,236.25,-691.25,-393.75,1,94.246,
01/01/2000,01:41:01.24,14.03,-74.05,-991.37,297.50,-656.25,-402.50,1,94.250,
01/01/2000,01:41:01.25,14.03,-73.69,-991.49,175.0,-647.50,-288.75,1,94.254,
01/01/2000,01:41:01.26,14.15,-73.93,-991.74,218.75,-665.0,-315.0,1,94.257,
01/01/2000,01:41:01.27,14.27,-74.05,-991.74,288.75,-822.50,-358.75,1,94.261,
01/01/2000,01:41:01.29,14.15,-74.30,-991.49,201.25,-752.50,-402.50,1,94.265,
01/01/2000,01:41:01.30,14.27,-74.18,-991.37,253.75,-717.50,-297.50,1,94.269,
01/01/2000,01:41:01.31,14.15,-73.93,-991.62,192.50,-726.25,-297.50,1,94.273,
01/01/2000,01:41:01.32,14.15,-73.93,-991.74,78.75,-665.0,-367.50,1,94.276,
01/01/2000,01:41:01.33,14.15,-73.93,-991.86,166.25,-691.25,-428.75,1,94.280,
01/01/2000,01:41:01.34,13.91,-73.93,-991.74,61.25,-752.50,-306.25,1,94.284,
01/01/2000,01:41:01.35,13.91,-73.93,-991.62,166.25,-665.0,-402.50,1,94.288,
01/01/2000,01:41:01.36,14.03,-73.81,-991.62,122.50,-568.75,-367.50,1,94.291,
01/01/2000,01:41:01.37,14.27,-73.93,-991.62,210.0,-621.25,-280.0,1,94.295,
01/01/2000,01:41:01.38,14.15,-73.93,-991.62,113.75,-708.75,-288.75,1,94.299,
01/01/2000,01:41:01.39,13.91,-73.81,-991.86,52.50,-813.75,-420.0,1,94.303,
01/01/2000,01:41:01.40,13.91,-73.69,-991.86,35.0,-796.25,-306.25,1,94.306,
01/01/2000,01:41:01.41,14.15,-73.44,-991.74,113.75,-805.0,-332.50,1,94.310,
01/01/2000,01:41:01.42,14.15,-73.69,-991.62,113.75,-743.75,-323.75,1,94.252,
01/01/2000,01:41:01.43,14.15,-73.93,-991.74,43.75,-735.0,-420.0,1,94.256,
01/01/2000,01:41:01.44,14.03,-73.93,-991.74,280.0,-665.0,-428.75,1,94.260,
01/01/2000,01:41:01.45,14.03,-73.69,-991.62,245.0,-621.25,-463.75,1,94.263,
01/01/2000,01:41:01.46,14.27,-73.57,-991.37,140.0,-612.50,-245.0,1,94.267,
01/01/2000,01:41:01.47,14.27,-73.57,-991.49,96.25,-656.25,-280.0,1,94.271,
01/01/2000,01:41:01.49,14.15,-73.93,-991.62,183.75,-805.0,-437.50,1,94.275,
01/01/2000,01:41:01.50,14.15,-73.93,-991.49,166.25,-621.25,-315.0,1,94.217,
01/01/2000,01:41:01.51,14.15,-73.93,-991.49,218.75,-665.0,-393.75,1,94.221,
01/01/2000,01:41:01.52,14.15,-73.81,-991.62,131.25,-682.50,-385.0,1,94.225,
01/01/2000,01:41:01.53,14.15,-73.57,-991.49,113.75,-682.50,-341.25,1,94.228,
01/01/2000,01:41:01.54,14.15,-73.69,-991.49,183.75,-630.0,-323.75,1,94.232,
01/01/2000,01:41:01.55,14.03,-73.69,-991.74,210.0,-612.50,-271.25,1,94.236,
01/01/2000,01:41:01.56,14.03,-73.81,-991.62,105.0,-717.50,-393.75,1,94.239,
01/01/2000,01:41:01.58,14.15,-73.69,-991.74,148.75,-673.75,-297.50,1,94.243,
01/01/2000,01:41:01.59,14.15,-73.69,-991.49,78.75,-638.75,-288.75,1,94.247,
01/01/2000,01:41:01.60,14.15,-73.69,-991.37,175.0,-682.50,-437.50,1,94.251,
01/01/2000,01:41:01.61,13.91,-73.69,-991.37,122.50,-603.75,-323.75,1,94.254,
01/01/2000,01:41:01.62,14.03,-73.69,-991.49,105.0,-568.75,-332.50,1,94.258,
01/01/2000,01:41:01.63,14.15,-73.69,-991.49,175.0,-735.0,-262.50,1,94.262,
01/01/2000,01:41:01.64,14.15,-73.81,-991.37,96.25,-647.50,-262.50,1,94.265,
01/01/2000,01:41:01.65,14.15,-73.81,-991.25,227.50,-787.50,-297.50,1,94.269,
01/01/2000,01:41:01.66,14.15,-73.69,-991.01,122.50,-796.25,-262.50,1,94.273,
01/01/2000,01:41:01.67,14.15,-73.69,-991.25,122.50,-656.25,-402.50,1,94.277,
01/01/2000,01:41:01.68,14.03,-73.69,-991.37,96.25,-691.25,-367.50,1,94.280,
01/01/2000,01:41:01.69,14.03,-73.69,-991.25,271.25,-700.0,-367.50,1,94.284,
01/01/2000,01:41:01.70,14.03,-73.69,-991.13,218.75,-761.25,-455.0,1,94.288,
01/01/2000,01:41:01.71,14.15,-73.69,-991.01,210.0,-647.50,-332.50,1,94.231,
01/01/2000,01:41:01.72,14.15,-73.81,-991.13,131.25,-761.25,-315.0,1,94.234,
01/01/2000,01:41:01.73,14.15,-73.69,-991.37,96.25,-840.0,-411.25,1,94.238,
01/01/2000,01:41:01.74,14.27,-73.69,-991.37,52.50,-665.0,-306.25,1,94.242,
01/01/2000,01:41:01.75,14.27,-73.69,-991.37,183.75,-708.75,-332.50,1,94.246,
01/01/2000,01:41:01.76,14.27,-73.69,-991.37,148.75,-568.75,-332.50,1,94.249,
01/01/2000,01:41:01.77,14.40,-73.69,-991.25,140.0,-708.75,-350.0,1,94.253,
01/01/2000,01:41:01.79,14.40,-73.57,-991.37,148.75,-691.25,-358.75,1,94.257,
01/01/2000,01:41:01.80,14.27,-73.69,-991.37,227.50,-656.25,-323.75,1,94.260,
01/01/2000,01:41:01.81,14.15,-73.57,-991.37,157.50,-796.25,-385.0,1,94.264,
01/01/2000,01:41:01.82,14.15,-73.69,-991.37,288.75,-743.75,-376.25,1,94.268,
01/01/2000,01:41:01.83,14.27,-73.57,-991.37,210.0,-665.0,-402.50,1,94.271,
01/01/2000,01:41:01.84,14.27,-73.69,-991.37,192.50,-612.50,-463.75,1,94.275,
01/01/2000,01:41:01.85,14.15,-73.69,-991.13,157.50,-568.75,-393.75,1,94.278,
01/01/2000,01:41:01.86,14.15,-73.57,-991.13,96.25,-840.0,-420.0,1,94.282,
01/01/2000,01:41:01.87,14.15,-73.44,-991.13,227.50,-682.50,-358.75,1,94.286,
01/01/2000,01:41:01.88,14.03,-73.57,-991.25,192.50,-691.25,-210.0,1,94.289,
01/01/2000,01:41:01.89,14.15,-73.69,-991.25,70.0,-691.25,-411.25,1,94.293,
01/01/2000,01:41:01.90,14.15,-73.81,-991.37,78.75,-665.0,-341.25,1,94.297,
01/01/2000,01:41:01.91,14.15,-73.93,-991.25,157.50,-621.25,-350.0,1,94.300,
01/01/2000,01:41:01.92,14.15,-73.81,-990.88,87.50,-621.25,-358.75,1,94.244,
01/01/2000,01:41:01.94,14.15,-73.81,-991.01,218.75,-717.50,-323.75,1,94.248,
01/01/2000,01:41:01.94,14.15,-73.81,-991.13,70.0,-630.0,-262.50,1,94.251,
01/01/2000,01:41:01.96,14.15,-74.05,-991.25,166.25,-691.25,-385.0,1,94.255,
01/01/2000,01:41:01.96,14.15,-73.93,-991.25,166.25,-691.25,-402.50,1,94.259,
01/01/2000,01:41:01.98,14.27,-73.81,-991.13,105.0,-717.50,-323.75,1,94.262,
01/01/2000,01:41:01.99,14.27,-73.81,-991.13,87.50,-691.25,-341.25,1,94.207,
01/01/2000,01:41:02.00,14.27,-73.81,-991.13,61.25,-813.75,-280.0,1,94.210,
01/01/2000,01:41:02.01,14.03,-73.81,-991.37,253.75,-726.25,-350.0,1,94.214,
01/01/2000,01:41:02.02,14.03,-73.69,-991.37,183.75,-761.25,-332.50,1,94.217,
01/01/2000,01:41:02.03,14.15,-73.81,-991.37,210.0,-630.0,-323.75,1,94.221,
01/01/2000,01:41:02.04,14.15,-73.69,-991.37,105.0,-603.75,-245.0,1,94.225,
01/01/2000,01:41:02.05,14.15,-73.93,-991.49,183.75,-586.25,-350.0,1,94.228,
01/01/2000,01:41:02.07,14.03,-74.05,-991.62,166.25,-735.0,-367.50,1,94.232,
01/01/2000,01:41:02.08,14.03,-73.93,-991.74,122.50,-682.50,-393.75,1,94.236,
01/01/2000,01:41:02.09,14.15,-73.93,-991.62,35.0,-700.0,-350.0,1,94.239,
01/01/2000,01:41:02.10,13.91,-73.93,-991.49,-17.50,-630.0,-350.0,1,94.243,
01/01/2000,01:41:02.11,13.91,-74.05,-991.62,175.0,-621.25,-323.75,1,94.246,
01/01/2000,01:41:02.12,13.91,-74.30,-991.62,175.0,-770.0,-516.25,1,94.250,
01/01/2000,01:41:02.13,14.03,-74.30,-991.86,105.0,-726.25,-376.25,1,94.254,
01/01/2000,01:41:02.14,14.15,-74.30,-991.74,280.0,-665.0,-323.75,1,94.257,
01/01/2000,01:41:02.15,14.03,-74.05,-991.86,131.25,-787.50,-341.25,1,94.261,
01/01/2000,01:41:02.16,14.03,-74.05,-991.74,218.75,-717.50,-332.50,1,94.264,
01/01/2000,01:41:02.17,14.15,-73.93,-991.86,35.0,-778.75,-218.75,1,94.268,
01/01/2000,01:41:02.18,14.27,-73.93,-991.74,210.0,-647.50,-428.75,1,94.271,
01/01/2000,01:41:02.19,14.27,-73.93,-991.62,148.75,-673.75,-262.50,1,94.275,
01/01/2000,01:41:02.20,14.03,-73.93,-991.62,140.0,-673.75,-472.50,1,94.279,
01/01/2000,01:41:02.21,13.91,-73.81,-991.74,262.50,-647.50,-306.25,1,94.282,
01/01/2000,01:41:02.22,14.03,-73.69,-991.74,78.75,-665.0,-297.50,1,94.286,
01/01/2000,01:41:02.23,14.03,-73.81,-991.62,52.50,-577.50,-227.50,1,94.289,
01/01/2000,01:41:02.24,14.03,-74.05,-991.74,210.0,-612.50,-393.75,1,94.293,
01/01/2000,01:41:02.25,14.03,-74.18,-991.62,105.0,-691.25,-376.25,1,94.296,
01/01/2000,01:41:02.26,14.03,-74.18,-991.49,148.75,-691.25,-323.75,1,94.241,
01/01/2000,01:41:02.28,14.03,-73.93,-991.62,140.0,-682.50,-341.25,1,94.245,
01/01/2000,01:41:02.29,13.91,-73.93,-991.62,236.25,-656.25,-376.25,1,94.249,
01/01/2000,01:41:02.30,13.91,-73.93,-991.62,192.50,-665.0,-280.0,1,94.252,
01/01/2000,01:41:02.31,14.15,-73.93,-991.49,43.75,-656.25,-376.25,1,94.256,
01/01/2000,01:41:02.32,14.03,-73.93,-991.62,192.50,-691.25,-367.50,1,94.259,
01/01/2000,01:41:02.33,14.15,-73.93,-991.49,52.50,-700.0,-420.0,1,94.263,
01/01/2000,01:41:02.34,14.15,-73.93,-991.37,288.75,-691.25,-280.0,1,94.266,
01/01/2000,01:41:02.35,13.91,-73.81,-991.37,43.75,-665.0,-341.25,1,94.270,
01/01/2000,01:41:02.36,13.91,-73.93,-991.37,175.0,-647.50,-393.75,1,94.273,
01/01/2000,01:41:02.37,13.91,-73.69,-991.37,192.50,-603.75,-350.0,1,94.277,
01/01/2000,01:41:02.38,13.91,-73.69,-991.49,183.75,-673.75,-280.0,1,94.280,
01/01/2000,01:41:02.39,14.03,-73.81,-991.49,78.75,-656.25,-341.25,1,94.284,
01/01/2000,01:41:02.40,13.91,-73.93,-991.49,402.50,-770.0,-323.75,1,94.287,
01/01/2000,01:41:02.41,13.91,-73.81,-991.37,131.25,-726.25,-341.25,1,94.233,
01/01/2000,01:41:02.42,13.91,-73.69,-991.37,166.25,-840.0,-236.25,1,94.237,
01/01/2000,01:41:02.43,14.15,-73.81,-991.37,175.0,-700.0,-341.25,1,94.240,
01/01/2000,01:41:02.44,14.15,-73.93,-991.37,148.75,-708.75,-376.25,1,94.244,
01/01/2000,01:41:02.45,14.15,-73.93,-991.49,78.75,-673.75,-393.75,1,94.247,
01/01/2000,01:41:02.46,14.15,-74.05,-991.62,262.50,-647.50,-385.0,1,94.251,
01/01/2000,01:41:02.47,14.03,-73.81,-991.62,43.75,-770.0,-297.50,1,94.254,
01/01/2000,01:41:02.49,13.91,-73.81,-991.74,157.50,-761.25,-385.0,1,94.258,
01/01/2000,01:41:02.50,13.91,-73.81,-991.49,175.0,-568.75,-420.0,1,94.261,
01/01/2000,01:41:02.51,13.91,-73.81,-991.49,192.50,-673.75,-271.25,1,94.207,
01/01/2000,01:41:02.52,13.91,-74.18,-991.62,113.75,-665.0,-297.50,1,94.211,
01/01/2000,01:41:02.53,13.91,-74.05,-991.74,245.0,-708.75,-411.25,1,94.214,
01/01/2000,01:41:02.54,13.91,-74.18,-991.86,35.0,-621.25,-385.0,1,94.218,
01/01/2000,01:41:02.55,14.15,-73.93,-991.74,52.50,-761.25,-280.0,1,94.221,
01/01/2000,01:41:02.56,14.15,-73.93,-991.62,210.0,-700.0,-341.25,1,94.225,
01/01/2000,01:41:02.57,14.15,-73.93,-991.37,157.50,-708.75,-332.50,1,94.228,
01/01/2000,01:41:02.58,14.15,-74.05,-991.49,210.0,-700.0,-411.25,1,94.232,
01/01/2000,01:41:02.59,14.27,-74.05,-991.37,210.0,-691.25,-306.25,1,94.235,
01/01/2000,01:41:02.60,14.15,-74.18,-991.37,113.75,-726.25,-437.50,1,94.239,
01/01/2000,01:41:02.61,14.03,-74.05,-991.49,113.75,-717.50,-306.25,1,94.242,
01/01/2000,01:41:02.63,13.91,-74.18,-991.49,157.50,-743.75,-437.50,1,94.246,
01/01/2000,01:41:02.64,13.91,-73.93,-991.49,35.0,-700.0,-385.0,1,94.249,
01/01/2000,01:41:02.65,14.03,-74.18,-991.49,105.0,-708.75,-271.25,1,94.253,
01/01/2000,01:41:02.66,14.15,-73.93,-991.49,96.25,-708.75,-332.50,1,94.256,
01/01/2000,01:41:02.67,14.03,-74.05,-991.62,227.50,-726.25,-393.75,1,94.260,
01/01/2000,01:41:02.68,14.15,-73.81,-991.49,96.25,-743.75,-262.50,1,94.263,
01/01/2000,01:41:02.69,14.15,-73.81,-991.62,236.25,-673.75,-358.75,1,94.267,
01/01/2000,01:41:02.70,14.15,-73.81,-991.62,201.25,-665.0,-376.25,1,94.270,
01/01/2000,01:41:02.71,14.15,-74.05,-991.62,218.75,-630.0,-323.75,1,94.274,
01/01/2000,01:41:02.72,14.03,-73.93,-991.62,122.50,-691.25,-315.0,1,94.277,
01/01/2000,01:41:02.73,13.91,-74.05,-991.74,148.75,-656.25,-323.75,1,94.281,
01/01/2000,01:41:02.74,14.03,-73.93,-991.62,113.75,-673.75,-385.0,1,94.284,
01/01/2000,01:41:02.75,14.15,-73.93,-991.62,8.75,-621.25,-350.0,1,94.287,
01/01/2000,01:41:02.76,14.03,-73.69,-991.62,148.75,-630.0,-323.75,1,94.291,
01/01/2000,01:41:02.77,14.03,-74.05,-991.74,183.75,-735.0,-210.0,1,94.294,
01/01/2000,01:41:02.78,14.15,-74.18,-991.62,157.50,-665.0,-385.0,1,94.298,
01/01/2000,01:41:02.79,14.15,-74.18,-991.62,87.50,-700.0,-332.50,1,94.301,
01/01/2000,01:41:02.80,14.03,-74.18,-991.62,218.75,-665.0,-411.25,1,94.305,
01/01/2000,01:41:02.81,14.15,-74.18,-991.62,61.25,-691.25,-376.25,1,94.308,
01/01/2000,01:41:02.82,14.15,-74.05,-991.74,70.0,-673.75,-472.50,1,94.311,
01/01/2000,01:41:02.83,14.03,-73.93,-991.74,210.0,-743.75,-358.75,1,94.258,
01/01/2000,01:41:02.85,14.15,-74.05,-991.62,183.75,-603.75,-271.25,1,94.262,
01/01/2000,01:41:02.86,13.91,-74.05,-991.49,323.75,-708.75,-367.50,1,94.265,
01/01/2000,01:41:02.87,13.91,-74.18,-991.62,175.0,-656.25,-350.0,1,94.269,
01/01/2000,01:41:02.88,13.79,-73.93,-991.74,341.25,-533.75,-350.0,1,94.272,
01/01/2000,01:41:02.89,14.03,-73.93,-991.62,70.0,-691.25,-288.75,1,94.275,
01/01/2000,01:41:02.90,14.27,-73.93,-991.37,262.50,-682.50,-393.75,1,94.279,
01/01/2000,01:41:02.91,14.03,-74.30,-991.37,175.0,-752.50,-350.0,1,94.282,
01/01/2000,01:41:02.92,13.91,-74.30,-991.49,8.75,-595.0,-367.50,1,94.286,
01/01/2000,01:41:02.93,13.79,-74.18,-991.74,140.0,-691.25,-420.0,1,94.289,
01/01/2000,01:41:02.94,14.03,-73.81,-991.62,131.25,-735.0,-210.0,1,94.293,
01/01/2000,01:41:02.95,13.91,-73.81,-991.49,245.0,-665.0,-306.25,1,94.296,
01/01/2000,01:41:02.96,13.91,-74.05,-991.37,323.75,-647.50,-288.75,1,94.299,
01/01/2000,01:41:02.97,13.79,-74.18,-991.37,192.50,-796.25,-402.50,1,94.303,
01/01/2000,01:41:02.98,14.03,-74.05,-991.62,166.25,-647.50,-376.25,1,94.250,
01/01/2000,01:41:02.99,14.15,-73.81,-991.74,201.25,-665.0,-323.75,1,94.254,
01/01/2000,01:41:03.00,13.91,-73.69,-991.62,280.0,-682.50,-341.25,1,94.257,
01/01/2000,01:41:03.02,13.91,-73.81,-991.49,218.75,-735.0,-411.25,1,94.260,
01/01/2000,01:41:03.03,13.91,-73.93,-991.49,35.0,-735.0,-385.0,1,94.264,
01/01/2000,01:41:03.04,14.03,-74.05,-991.74,131.25,-708.75,-323.75,1,94.267,
01/01/2000,01:41:03.05,13.91,-74.18,-991.86,166.25,-735.0,-376.25,1,94.271,
01/01/2000,01:41:03.06,13.91,-73.93,-991.74,148.75,-752.50,-358.75,1,94.274,
01/01/2000,01:41:03.07,14.03,-73.93,-991.86,148.75,-682.50,-280.0,1,94.277,
01/01/2000,01:41:03.08,13.91,-73.93,-991.98,227.50,-656.25,-323.75,1,94.281,
01/01/2000,01:41:03.09,14.03,-73.93,-991.98,87.50,-691.25,-341.25,1,94.284,
01/01/2000,01:41:03.10,14.03,-74.05,-991.74,17.50,-735.0,-411.25,1,94.287,
01/01/2000,01:41:03.11,14.15,-74.05,-991.62,192.50,-682.50,-350.0,1,94.291,
01/01/2000,01:41:03.12,13.91,-73.81,-991.49,183.75,-787.50,-280.0,1,94.294,
01/01/2000,01:41:03.13,14.03,-73.81,-991.62,262.50,-656.25,-385.0,1,94.297,
01/01/2000,01:41:03.14,14.15,-73.69,-991.86,87.50,-708.75,-323.75,1,94.245,
01/01/2000,01:41:03.15,14.03,-73.93,-991.86,183.75,-665.0,-271.25,1,94.249,
01/01/2000,01:41:03.16,14.03,-74.18,-991.74,166.25,-656.25,-350.0,1,94.252,
01/01/2000,01:41:03.17,14.03,-74.18,-991.74,245.0,-665.0,-367.50,1,94.256,
01/01/2000,01:41:03.18,14.03,-74.05,-991.62,236.25,-673.75,-420.0,1,94.259,
01/01/2000,01:41:03.20,13.91,-73.93,-991.74,157.50,-778.75,-350.0,1,94.262,
01/01/2000,01:41:03.21,14.03,-73.81,-991.74,78.75,-735.0,-245.0,1,94.266,
01/01/2000,01:41:03.22,13.91,-73.81,-991.37,218.75,-665.0,-341.25,1,94.269,
01/01/2000,01:41:03.23,13.91,-73.93,-991.37,175.0,-682.50,-323.75,1,94.272,
01/01/2000,01:41:03.24,14.03,-73.93,-991.25,166.25,-735.0,-323.75,1,94.276,
01/01/2000,01:41:03.25,14.03,-73.93,-991.37,131.25,-752.50,-323.75,1,94.279,
01/01/2000,01:41:03.26,14.03,-73.93,-991.49,306.25,-621.25,-341.25,1,94.282,
01/01/2000,01:41:03.27,13.79,-73.81,-991.49,192.50,-691.25,-297.50,1,94.286,
01/01/2000,01:41:03.28,13.91,-73.81,-991.62,245.0,-638.75,-385.0,1,94.289,
01/01/2000,01:41:03.29,14.03,-73.81,-991.62,227.50,-840.0,-297.50,1,94.292,
01/01/2000,01:41:03.30,14.03,-74.05,-991.49,78.75,-673.75,-358.75,1,94.296,
01/01/2000,01:41:03.31,14.03,-74.05,-991.62,148.75,-708.75,-288.75,1,94.299,
01/01/2000,01:41:03.32,14.03,-74.05,-991.62,157.50,-638.75,-481.25,1,94.302,
01/01/2000,01:41:03.33,14.03,-73.81,-991.49,280.0,-656.25,-402.50,1,94.251,
01/01/2000,01:41:03.34,14.03,-73.81,-991.49,245.0,-638.75,-428.75,1,94.254,
01/01/2000,01:41:03.35,14.03,-73.93,-991.25,210.0,-700.0,-245.0,1,94.258,
01/01/2000,01:41:03.36,13.91,-74.05,-991.13,201.25,-796.25,-306.25,1,94.261,
01/01/2000,01:41:03.37,13.91,-74.05,-991.25,210.0,-638.75,-420.0,1,94.264,
01/01/2000,01:41:03.38,14.15,-73.93,-991.37,113.75,-638.75,-306.25,1,94.268,
01/01/2000,01:41:03.39,14.15,-73.69,-991.49,183.75,-743.75,-341.25,1,94.271,
01/01/2000,01:41:03.41,14.15,-73.81,-991.49,210.0,-778.75,-341.25,1,94.274,
01/01/2000,01:41:03.42,13.91,-73.69,-991.49,70.0,-743.75,-402.50,1,94.277,
01/01/2000,01:41:03.43,14.15,-73.93,-991.49,192.50,-691.25,-297.50,1,94.281,
01/01/2000,01:41:03.44,14.03,-73.93,-991.62,201.25,-595.0,-350.0,1,94.284,
01/01/2000,01:41:03.45,14.03,-73.93,-991.49,245.0,-796.25,-420.0,1,94.287,
01/01/2000,01:41:03.46,14.15,-73.93,-991.49,131.25,-630.0,-306.25,1,94.291,
01/01/2000,01:41:03.47,14.15,-73.93,-991.62,70.0,-638.75,-306.25,1,94.294,
01/01/2000,01:41:03.48,14.15,-74.05,-991.62,140.0,-647.50,-280.0,1,94.297,
01/01/2000,01:41:03.49,14.15,-74.05,-991.49,35.0,-700.0,-341.25,1,94.246,
01/01/2000,01:41:03.50,14.27,-74.18,-991.49,166.25,-735.0,-393.75,1,94.304,
01/01/2000,01:41:03.51,14.40,-74.05,-991.49,245.0,-647.50,-350.0,1,94.253,
01/01/2000,01:41:03.53,14.27,-74.18,-991.49,262.50,-656.25,-367.50,1,94.256,
01/01/2000,01:41:03.54,14.27,-73.93,-991.37,131.25,-770.0,-271.25,1,94.259,
01/01/2000,01:41:03.55,14.27,-74.05,-991.49,210.0,-682.50,-315.0,1,94.263,
01/01/2000,01:41:03.56,14.27,-74.18,-991.37,210.0,-778.75,-402.50,1,94.266,
01/01/2000,01:41:03.57,14.27,-74.30,-991.62,253.75,-691.25,-341.25,1,94.269,
01/01/2000,01:41:03.58,14.15,-74.30,-991.37,280.0,-708.75,-446.25,1,94.273,
01/01/2000,01:41:03.59,14.15,-74.18,-991.37,61.25,-726.25,-376.25,1,94.276,
01/01/2000,01:41:03.60,14.15,-74.18,-991.25,148.75,-682.50,-393.75,1,94.279,
01/01/2000,01:41:03.61,14.15,-74.18,-991.49,61.25,-700.0,-332.50,1,94.282,
01/01/2000,01:41:03.62,14.15,-74.18,-991.49,166.25,-691.25,-306.25,1,94.286,
01/01/2000,01:41:03.63,14.27,-74.18,-991.37,201.25,-665.0,-288.75,1,94.289,
01/01/2000,01:41:03.64,14.15,-74.18,-991.37,183.75,-682.50,-323.75,1,94.292,
01/01/2000,01:41:03.65,14.15,-74.05,-991.49,131.25,-630.0,-367.50,1,94.295,
01/01/2000,01:41:03.66,14.03,-74.18,-991.62,148.75,-735.0,-367.50,1,94.299,
01/01/2000,01:41:03.67,14.15,-73.93,-991.74,35.0,-673.75,-358.75,1,94.302,
01/01/2000,01:41:03.68,14.15,-73.93,-991.62,61.25,-682.50,-341.25,1,94.252,
01/01/2000,01:41:03.69,14.15,-74.05,-991.74,192.50,-717.50,-157.50,1,94.255,
01/01/2000,01:41:03.70,14.15,-74.18,-991.62,148.75,-691.25,-402.50,1,94.258,
01/01/2000,01:41:03.71,14.27,-73.93,-991.62,70.0,-691.25,-367.50,1,94.261,
01/01/2000,01:41:03.72,14.15,-73.93,-991.86,201.25,-778.75,-315.0,1,94.265,
01/01/2000,01:41:03.73,14.15,-73.81,-991.86,227.50,-708.75,-350.0,1,94.268,
01/01/2000,01:41:03.74,14.15,-73.93,-991.86,175.0,-682.50,-315.0,1,94.271,
01/01/2000,01:41:03.76,14.27,-73.93,-991.86,131.25,-761.25,-297.50,1,94.274,
01/01/2000,01:41:03.77,14.03,-73.93,-991.74,210.0,-656.25,-341.25,1,94.278,
01/01/2000,01:41:03.78,14.27,-73.93,-991.74,393.75,-638.75,-323.75,1,94.281,
01/01/2000,01:41:03.79,14.27,-73.69,-991.62,210.0,-717.50,-367.50,1,94.284,
01/01/2000,01:41:03.80,14.15,-73.69,-991.62,8.75,-735.0,-245.0,1,94.287,
01/01/2000,01:41:03.81,14.15,-73.93,-991.62,201.25,-708.75,-385.0,1,94.291,
01/01/2000,01:41:03.82,14.03,-73.93,-991.62,210.0,-665.0,-420.0,1,94.294,
01/01/2000,01:41:03.83,13.91,-73.93,-991.62,341.25,-673.75,-367.50,1,94.297,
01/01/2000,01:41:03.84,13.79,-73.93,-991.49,87.50,-726.25,-332.50,1,94.300,
01/01/2000,01:41:03.85,13.79,-73.93,-991.49,166.25,-770.0,-323.75,1,94.303,
01/01/2000,01:41:03.86,13.79,-73.93,-991.49,288.75,-743.75,-280.0,1,94.307,
01/01/2000,01:41:03.87,13.91,-73.93,-991.62,218.75,-770.0,-393.75,1,94.310,
01/01/2000,01:41:03.88,14.15,-73.93,-991.37,96.25,-726.25,-288.75,1,94.260,
01/01/2000,01:41:03.90,14.15,-74.05,-991.13,183.75,-691.25,-402.50,1,94.263,
01/01/2000,01:41:03.91,14.03,-74.18,-991.13,210.0,-700.0,-367.50,1,94.266,
01/01/2000,01:41:03.92,14.27,-73.93,-991.37,166.25,-700.0,-332.50,1,94.270,
01/01/2000,01:41:03.93,14.64,-73.69,-991.13,87.50,-796.25,-385.0,1,94.273,
01/01/2000,01:41:03.94,14.64,-74.30,-990.88,446.25,-787.50,-131.25,1,94.276,
01/01/2000,01:41:03.95,13.42,-73.57,-991.74,-227.50,-673.75,-393.75,1,94.279,
01/01/2000,01:41:03.96,13.54,-74.42,-991.86,428.75,-621.25,-350.0,1,94.283,
01/01/2000,01:41:03.97,13.91,-72.96,-991.86,210.0,-726.25,-498.75,1,94.286,
01/01/2000,01:41:03.98,14.76,-72.96,-991.13,-122.50,-673.75,-183.75,1,94.289,
01/01/2000,01:41:03.99,14.64,-74.18,-990.52,402.50,-647.50,61.25,1,94.292,
01/01/2000,01:41:04.00,14.03,-73.93,-990.76,-288.75,-717.50,-481.25,1,94.295,
01/01/2000,01:41:04.01,13.79,-75.03,-991.86,437.50,-656.25,-665.0,1,94.298,
01/01/2000,01:41:04.02,14.27,-73.93,-992.10,-96.25,-682.50,-813.75,1,94.302,
01/01/2000,01:41:04.04,14.52,-73.32,-991.13,70.0,-612.50,-183.75,1,94.252,
01/01/2000,01:41:04.05,14.03,-73.57,-990.52,262.50,-708.75,-218.75,1,94.255,
01/01/2000,01:41:04.06,13.91,-73.81,-990.76,105.0,-717.50,-271.25,1,94.259,
01/01/2000,01:41:04.07,14.03,-74.54,-991.49,236.25,-770.0,-350.0,1,94.262,
01/01/2000,01:41:04.08,14.27,-74.54,-992.23,306.25,-621.25,-245.0,1,94.265,
01/01/2000,01:41:04.09,14.15,-73.81,-991.86,-43.75,-708.75,-455.0,1,94.268,
01/01/2000,01:41:04.10,14.15,-73.69,-991.01,297.50,-656.25,-148.75,1,94.271,
01/01/2000,01:41:04.11,14.03,-73.20,-990.76,113.75,-700.0,-227.50,1,94.275,
01/01/2000,01:41:04.12,14.15,-73.93,-991.62,236.25,-717.50,-332.50,1,94.278,
01/01/2000,01:41:04.13,14.15,-74.05,-992.35,245.0,-647.50,-446.25,1,94.281,
01/01/2000,01:41:04.14,14.15,-73.93,-992.10,148.75,-682.50,-393.75,1,94.284,
01/01/2000,01:41:04.15,13.91,-73.93,-991.37,148.75,-700.0,-297.50,1,94.287,
01/01/2000,01:41:04.16,13.79,-73.57,-990.88,105.0,-778.75,-402.50,1,94.290,
01/01/2000,01:41:04.17,13.91,-73.69,-991.25,253.75,-743.75,-192.50,1,94.294,
01/01/2000,01:41:04.18,14.15,-73.81,-992.23,26.25,-656.25,-402.50,1,94.245,
01/01/2000,01:41:04.19,13.91,-74.05,-992.23,122.50,-568.75,-323.75,1,94.248,
01/01/2000,01:41:04.20,13.79,-74.05,-991.86,140.0,-708.75,-385.0,1,94.251,
01/01/2000,01:41:04.21,13.79,-73.81,-991.25,140.0,-700.0,-411.25,1,94.254,
01/01/2000,01:41:04.22,14.27,-73.69,-991.37,192.50,-717.50,-183.75,1,94.257,
01/01/2000,01:41:04.23,14.52,-73.81,-991.98,96.25,-761.25,-245.0,1,94.260,
01/01/2000,01:41:04.25,14.15,-74.18,-992.10,166.25,-638.75,-323.75,1,94.264,
01/01/2000,01:41:04.26,13.91,-74.18,-991.74,148.75,-743.75,-428.75,1,94.267,
01/01/2000,01:41:04.27,13.91,-74.05,-991.37,245.0,-708.75,-455.0,1,94.270,
01/01/2000,01:41:04.28,14.15,-73.69,-991.62,96.25,-726.25,-122.50,1,94.273,
01/01/2000,01:41:04.29,14.27,-73.93,-991.86,157.50,-630.0,-271.25,1,94.276,
01/01/2000,01:41:04.30,14.03,-74.18,-991.86,175.0,-743.75,-341.25,1,94.279,
01/01/2000,01:41:04.31,13.91,-74.30,-991.86,157.50,-560.0,-315.0,1,94.283,
01/01/2000,01:41:04.32,13.91,-74.05,-991.74,166.25,-735.0,-472.50,1,94.286,
01/01/2000,01:41:04.33,14.15,-73.81,-991.86,87.50,-656.25,-236.25,1,94.289,
01/01/2000,01:41:04.34,14.27,-73.81,-992.10,262.50,-673.75,-323.75,1,94.292,
01/01/2000,01:41:04.35,14.03,-73.93,-992.23,61.25,-700.0,-253.75,1,94.295,
01/01/2000,01:41:04.36,13.91,-74.18,-992.10,166.25,-638.75,-463.75,1,94.298,
01/01/2000,01:41:04.37,13.91,-74.05,-992.10,210.0,-621.25,-367.50,1,94.301,
01/01/2000,01:41:04.38,14.15,-73.81,-991.98,245.0,-665.0,-332.50,1,94.304,
01/01/2000,01:41:04.39,14.27,-73.69,-991.98,236.25,-708.75,-323.75,1,94.256,
01/01/2000,01:41:04.40,13.91,-74.05,-991.86,78.75,-586.25,-297.50,1,94.259,
01/01/2000,01:41:04.41,13.79,-74.18,-991.86,332.50,-612.50,-358.75,1,94.262,
01/01/2000,01:41:04.42,13.91,-74.18,-992.10,140.0,-673.75,-402.50,1,94.265,
01/01/2000,01:41:04.43,14.03,-73.93,-992.10,148.75,-612.50,-332.50,1,94.269,
01/01/2000,01:41:04.44,14.15,-73.93,-992.10,105.0,-638.75,-376.25,1,94.272,
01/01/2000,01:41:04.46,14.15,-73.69,-991.86,175.0,-796.25,-297.50,1,94.275,
01/01/2000,01:41:04.47,14.15,-73.93,-991.74,201.25,-761.25,-288.75,1,94.278,
01/01/2000,01:41:04.48,14.03,-74.05,-991.98,210.0,-805.0,-420.0,1,94.281,
01/01/2000,01:41:04.49,14.15,-73.81,-991.86,201.25,-735.0,-420.0,1,94.284,
01/01/2000,01:41:04.50,14.15,-73.69,-991.62,122.50,-726.25,-428.75,1,94.287,
01/01/2000,01:41:04.51,14.03,-73.81,-991.13,166.25,-647.50,-157.50,1,94.290,
01/01/2000,01:41:04.52,13.91,-74.18,-991.37,288.75,-752.50,-385.0,1,94.293,
01/01/2000,01:41:04.53,14.15,-74.18,-991.86,166.25,-787.50,-420.0,1,94.297,
01/01/2000,01:41:04.55,14.27,-73.93,-991.74,192.50,-691.25,-262.50,1,94.249,
01/01/2000,01:41:04.56,14.03,-73.93,-991.62,148.75,-717.50,-446.25,1,94.252,
01/01/2000,01:41:04.57,13.91,-73.93,-991.37,192.50,-752.50,-367.50,1,94.255,
01/01/2000,01:41:04.58,14.15,-73.93,-991.62,26.25,-743.75,-341.25,1,94.258,
01/01/2000,01:41:04.59,14.27,-74.05,-991.74,183.75,-743.75,-411.25,1,94.261,
01/01/2000,01:41:04.60,14.03,-74.05,-991.86,210.0,-778.75,-393.75,1,94.264,
01/01/2000,01:41:04.61,13.91,-74.18,-991.37,262.50,-665.0,-402.50,1,94.267,
01/01/2000,01:41:04.62,14.03,-73.93,-991.37,201.25,-700.0,-306.25,1,94.270,
01/01/2000,01:41:04.63,14.15,-73.93,-991.62,271.25,-752.50,-411.25,1,94.273,
01/01/2000,01:41:04.64,14.03,-73.93,-991.86,122.50,-656.25,-315.0,1,94.226,
01/01/2000,01:41:04.65,13.91,-74.05,-991.86,192.50,-647.50,-341.25,1,94.280,
01/01/2000,01:41:04.66,13.91,-73.93,-991.62,140.0,-682.50,-402.50,1,94.232,
01/01/2000,01:41:04.67,13.91,-73.93,-991.37,175.0,-708.75,-245.0,1,94.235,
01/01/2000,01:41:04.68,14.03,-73.93,-991.74,245.0,-656.25,-402.50,1,94.238,
01/01/2000,01:41:04.69,14.15,-73.93,-991.98,87.50,-726.25,-245.0,1,94.241,
01/01/2000,01:41:04.70,14.15,-73.93,-991.98,61.25,-735.0,-385.0,1,94.244,
01/01/2000,01:41:04.71,14.03,-73.93,-991.98,192.50,-630.0,-288.75,1,94.247,
01/01/2000,01:41:04.72,14.03,-73.81,-991.86,148.75,-603.75,-507.50,1,94.250,
01/01/2000,01:41:04.73,14.15,-73.69,-991.86,148.75,-735.0,-385.0,1,94.253,
01/01/2000,01:41:04.74,14.40,-73.57,-991.62,148.75,-735.0,-236.25,1,94.257,
01/01/2000,01:41:04.75,14.27,-73.69,-991.86,201.25,-717.50,-332.50,1,94.260,
01/01/2000,01:41:04.77,14.15,-73.81,-991.86,148.75,-612.50,-332.50,1,94.263,
01/01/2000,01:41:04.77,14.15,-73.93,-991.74,236.25,-595.0,-358.75,1,94.266,
01/01/2000,01:41:04.79,14.27,-73.69,-991.74,192.50,-717.50,-341.25,1,94.269,
01/01/2000,01:41:04.80,14.40,-73.69,-991.74,201.25,-700.0,-288.75,1,94.272,
01/01/2000,01:41:04.81,14.40,-73.69,-991.86,157.50,-691.25,-332.50,1,94.275,
01/01/2000,01:41:04.82,14.27,-73.93,-991.62,113.75,-682.50,-341.25,1,94.278,
01/01/2000,01:41:04.83,14.27,-73.93,-991.62,271.25,-691.25,-350.0,1,94.281,
01/01/2000,01:41:04.84,14.40,-73.69,-991.62,61.25,-551.25,-446.25,1,94.284,
01/01/2000,01:41:04.85,14.40,-73.57,-991.74,105.0,-700.0,-201.25,1,94.287,
01/01/2000,01:41:04.86,14.15,-73.57,-991.86,131.25,-691.25,-253.75,1,94.290,
01/01/2000,01:41:04.87,14.15,-73.69,-991.74,87.50,-682.50,-288.75,1,94.293,
01/01/2000,01:41:04.88,14.15,-73.93,-991.62,271.25,-621.25,-411.25,1,94.246,
01/01/2000,01:41:04.89,14.27,-73.81,-991.62,201.25,-726.25,-350.0,1,94.249,
01/01/2000,01:41:04.90,14.27,-73.81,-991.62,201.25,-682.50,-288.75,1,94.252,
01/01/2000,01:41:04.91,14.27,-73.81,-991.74,192.50,-822.50,-323.75,1,94.255,
01/01/2000,01:41:04.92,14.40,-73.93,-991.86,96.25,-743.75,-306.25,1,94.258,
01/01/2000,01:41:04.93,14.40,-73.93,-991.86,140.0,-735.0,-411.25,1,94.261,
01/01/2000,01:41:04.94,14.15,-73.93,-991.86,148.75,-638.75,-411.25,1,94.264,
01/01/2000,01:41:04.96,14.40,-73.93,-991.74,218.75,-717.50,-218.75,1,94.268,
01/01/2000,01:41:04.97,14.27,-74.05,-991.49,157.50,-796.25,-376.25,1,94.271,
01/01/2000,01:41:04.98,14.15,-74.18,-991.62,175.0,-717.50,-367.50,1,94.274,
01/01/2000,01:41:04.99,14.15,-74.18,-991.74,166.25,-665.0,-280.0,1,94.277,
01/01/2000,01:41:05.00,14.15,-74.18,-991.86,271.25,-726.25,-315.0,1,94.280,
01/01/2000,01:41:05.01,14.15,-74.05,-991.62,262.50,-726.25,-367.50,1,94.283,
01/01/2000,01:41:05.02,14.03,-74.18,-991.37,140.0,-708.75,-341.25,1,94.286,
01/01/2000,01:41:05.03,14.15,-74.18,-991.37,201.25,-673.75,-385.0,1,94.289,
01/01/2000,01:41:05.04,14.27,-74.18,-991.74,175.0,-673.75,-367.50,1,94.292,
01/01/2000,01:41:05.06,14.27,-73.93,-991.98,96.25,-752.50,-280.0,1,94.245,
01/01/2000,01:41:05.07,14.15,-73.93,-991.86,113.75,-735.0,-385.0,1,94.248,
01/01/2000,01:41:05.08,14.15,-73.69,-991.74,227.50,-717.50,-323.75,1,94.251,
01/01/2000,01:41:05.09,14.03,-73.93,-991.74,175.0,-770.0,-288.75,1,94.254,
01/01/2000,01:41:05.10,14.03,-73.93,-991.74,140.0,-735.0,-350.0,1,94.257,
01/01/2000,01:41:05.11,13.91,-74.05,-991.74,201.25,-656.25,-262.50,1,94.260,
01/01/2000,01:41:05.12,13.91,-74.05,-991.62,96.25,-735.0,-315.0,1,94.263,
01/01/2000,01:41:05.13,13.91,-74.05,-991.62,236.25,-708.75,-393.75,1,94.266,
01/01/2000,01:41:05.14,13.91,-73.93,-991.62,201.25,-752.50,-332.50,1,94.269,
01/01/2000,01:41:05.15,13.91,-73.93,-991.86,297.50,-717.50,-350.0,1,94.272,
01/01/2000,01:41:05.16,13.91,-73.93,-991.74,8.75,-735.0,-376.25,1,94.275,
01/01/2000,01:41:05.17,14.15,-74.18,-991.74,175.0,-691.25,-385.0,1,94.278,
01/01/2000,01:41:05.18,14.03,-74.05,-991.74,87.50,-700.0,-323.75,1,94.281,
01/01/2000,01:41:05.19,13.91,-73.93,-991.49,148.75,-735.0,-315.0,1,94.284,
01/01/2000,01:41:05.20,13.91,-73.93,-991.62,227.50,-630.0,-262.50,1,94.287,
01/01/2000,01:41:05.21,13.91,-73.93,-991.62,210.0,-700.0,-332.50,1,94.290,
01/01/2000,01:41:05.22,13.91,-74.05,-991.62,148.75,-682.50,-393.75,1,94.293,
01/01/2000,01:41:05.23,13.91,-74.18,-991.62,175.0,-735.0,-358.75,1,94.247,
01/01/2000,01:41:05.24,13.91,-74.30,-991.74,175.0,-682.50,-323.75,1,94.250,
01/01/2000,01:41:05.25,13.91,-74.18,-991.62,245.0,-752.50,-297.50,1,94.253,
01/01/2000,01:41:05.26,13.91,-74.05,-991.74,96.25,-665.0,-306.25,1,94.256,
01/01/2000,01:41:05.27,14.03,-74.05,-991.86,192.50,-682.50,-350.0,1,94.259,
01/01/2000,01:41:05.28,13.91,-74.18,-991.74,183.75,-796.25,-253.75,1,94.262,
01/01/2000,01:41:05.29,14.15,-74.18,-991.74,140.0,-735.0,-350.0,1,94.265,
01/01/2000,01:41:05.31,14.27,-73.93,-991.62,8.75,-691.25,-297.50,1,94.268,
01/01/2000,01:41:05.32,14.15,-74.05,-991.62,210.0,-796.25,-323.75,1,94.271,
01/01/2000,01:41:05.33,14.03,-74.18,-991.62,166.25,-630.0,-367.50,1,94.274,
01/01/2000,01:41:05.34,14.15,-74.30,-991.49,122.50,-682.50,-297.50,1,94.277,
01/01/2000,01:41:05.35,14.15,-74.18,-991.62,227.50,-691.25,-288.75,1,94.280,
01/01/2000,01:41:05.36,14.15,-74.18,-991.62,122.50,-691.25,-323.75,1,94.283,
01/01/2000,01:41:05.37,14.27,-74.05,-991.62,87.50,-656.25,-201.25,1,94.286,
01/01/2000,01:41:05.38,14.15,-74.05,-991.62,201.25,-586.25,-358.75,1,94.289,
01/01/2000,01:41:05.39,14.15,-74.18,-991.62,227.50,-813.75,-332.50,1,94.292,
01/01/2000,01:41:05.40,14.15,-74.18,-991.62,192.50,-630.0,-358.75,1,94.295,
01/01/2000,01:41:05.41,14.15,-74.18,-991.62,166.25,-700.0,-367.50,1,94.298,
01/01/2000,01:41:05.42,14.15,-73.93,-991.62,61.25,-770.0,-288.75,1,94.301,
01/01/2000,01:41:05.43,14.15,-73.93,-991.49,236.25,-647.50,-341.25,1,94.303,
01/01/2000,01:41:05.44,14.15,-74.05,-991.49,183.75,-700.0,-437.50,1,94.258,
01/01/2000,01:41:05.45,14.15,-73.93,-991.49,157.50,-682.50,-367.50,1,94.261,
01/01/2000,01:41:05.46,14.15,-73.69,-991.62,105.0,-621.25,-411.25,1,94.264,
01/01/2000,01:41:05.47,14.27,-73.69,-991.62,96.25,-770.0,-306.25,1,94.267,
01/01/2000,01:41:05.48,14.27,-73.81,-991.62,183.75,-761.25,-341.25,1,94.269,
01/01/2000,01:41:05.49,14.40,-73.93,-991.62,148.75,-708.75,-367.50,1,94.272,
01/01/2000,01:41:05.50,14.27,-73.93,-991.74,52.50,-743.75,-376.25,1,94.275,
01/01/2000,01:41:05.52,14.27,-73.81,-991.74,131.25,-673.75,-463.75,1,94.278,
01/01/2000,01:41:05.53,14.15,-73.69,-991.74,245.0,-743.75,-393.75,1,94.281,
01/01/2000,01:41:05.54,14.15,-73.81,-991.86,113.75,-656.25,-341.25,1,94.284,
01/01/2000,01:41:05.55,14.15,-73.69,-991.86,43.75,-595.0,-271.25,1,94.287,
01/01/2000,01:41:05.56,14.03,-73.93,-991.86,70.0,-682.50,-446.25,1,94.242,
01/01/2000,01:41:05.57,14.03,-74.05,-991.86,140.0,-656.25,-411.25,1,94.245,
01/01/2000,01:41:05.58,14.03,-73.93,-991.74,227.50,-691.25,-332.50,1,94.248,
01/01/2000,01:41:05.59,14.03,-73.93,-991.74,192.50,-796.25,-367.50,1,94.251,
01/01/2000,01:41:05.60,14.03,-73.93,-991.86,192.50,-665.0,-288.75,1,94.253,
01/01/2000,01:41:05.62,13.91,-74.18,-991.86,236.25,-665.0,-393.75,1,94.256,
01/01/2000,01:41:05.62,14.03,-74.18,-991.86,131.25,-630.0,-323.75,1,94.259,
01/01/2000,01:41:05.64,14.03,-74.18,-991.74,280.0,-612.50,-341.25,1,94.262,
01/01/2000,01:41:05.65,13.91,-74.05,-991.74,192.50,-700.0,-358.75,1,94.265,
01/01/2000,01:41:05.66,13.91,-74.18,-991.86,131.25,-577.50,-315.0,1,94.268,
01/01/2000,01:41:05.67,14.03,-74.18,-991.86,113.75,-665.0,-315.0,1,94.271,
01/01/2000,01:41:05.68,14.03,-74.18,-991.86,105.0,-726.25,-323.75,1,94.274,
01/01/2000,01:41:05.69,13.91,-74.05,-991.74,192.50,-717.50,-428.75,1,94.277,
01/01/2000,01:41:05.70,13.91,-74.18,-991.62,183.75,-700.0,-323.75,1,94.280,
01/01/2000,01:41:05.71,13.91,-74.18,-991.62,140.0,-603.75,-350.0,1,94.283,
01/01/2000,01:41:05.72,14.15,-74.18,-991.86,280.0,-726.25,-358.75,1,94.286,
01/01/2000,01:41:05.73,14.15,-74.05,-991.86,35.0,-735.0,-367.50,1,94.289,
01/01/2000,01:41:05.74,14.03,-73.93,-991.74,140.0,-778.75,-288.75,1,94.292,
01/01/2000,01:41:05.75,14.15,-73.93,-991.74,183.75,-700.0,-332.50,1,94.294,
01/01/2000,01:41:05.76,14.15,-73.93,-991.74,210.0,-621.25,-411.25,1,94.297,
01/01/2000,01:41:05.77,14.15,-74.05,-991.62,157.50,-630.0,-315.0,1,94.300,
01/01/2000,01:41:05.78,14.15,-74.18,-991.62,192.50,-612.50,-367.50,1,94.303,
01/01/2000,01:41:05.79,14.15,-74.18,-991.62,210.0,-717.50,-341.25,1,94.306,
01/01/2000,01:41:05.80,14.15,-74.18,-991.62,245.0,-805.0,-323.75,1,94.261,
01/01/2000,01:41:05.81,14.15,-74.05,-991.62,105.0,-621.25,-236.25,1,94.264,
01/01/2000,01:41:05.82,14.15,-73.93,-991.62,105.0,-638.75,-350.0,1,94.267,
01/01/2000,01:41:05.83,14.15,-74.18,-991.62,122.50,-673.75,-315.0,1,94.270,
01/01/2000,01:41:05.84,14.15,-74.18,-991.62,201.25,-691.25,-341.25,1,94.273,
01/01/2000,01:41:05.85,14.27,-74.05,-991.49,122.50,-743.75,-358.75,1,94.276,
01/01/2000,01:41:05.87,14.15,-73.93,-991.49,17.50,-691.25,-385.0,1,94.278,
01/01/2000,01:41:05.88,14.15,-73.93,-991.49,175.0,-542.50,-271.25,1,94.281,
01/01/2000,01:41:05.89,14.15,-73.93,-991.37,175.0,-717.50,-411.25,1,94.284,
01/01/2000,01:41:05.90,14.15,-73.93,-991.37,183.75,-743.75,-367.50,1,94.287,
01/01/2000,01:41:05.91,14.15,-73.93,-991.49,148.75,-700.0,-227.50,1,94.290,
01/01/2000,01:41:05.92,14.15,-73.93,-991.49,105.0,-691.25,-358.75,1,94.293,
01/01/2000,01:41:05.93,14.27,-73.93,-991.49,52.50,-700.0,-236.25,1,94.296,
01/01/2000,01:41:05.94,14.27,-74.05,-991.37,113.75,-656.25,-385.0,1,94.299,
01/01/2000,01:41:05.95,14.40,-74.18,-991.25,183.75,-743.75,-455.0,1,94.302,
01/01/2000,01:41:05.96,13.91,-74.05,-991.62,201.25,-752.50,-350.0,1,94.304,
01/01/2000,01:41:05.97,13.91,-73.81,-991.86,26.25,-682.50,-455.0,1,94.307,
01/01/2000,01:41:05.98,14.15,-73.81,-991.86,323.75,-673.75,-341.25,1,94.310,
01/01/2000,01:41:05.99,14.40,-73.57,-991.62,175.0,-787.50,-306.25,1,94.313,
01/01/2000,01:41:06.00,14.64,-74.05,-991.13,253.75,-787.50,-288.75,1,94.316,
01/01/2000,01:41:06.01,14.40,-74.42,-991.37,192.50,-621.25,-446.25,1,94.271,
01/01/2000,01:41:06.02,14.40,-74.18,-992.10,61.25,-656.25,-428.75,1,94.274,
01/01/2000,01:41:06.03,14.52,-73.93,-992.35,210.0,-726.25,-341.25,1,94.277,
01/01/2000,01:41:06.04,14.52,-73.44,-991.98,201.25,-761.25,-262.50,1,94.280,
01/01/2000,01:41:06.05,14.27,-73.44,-991.62,236.25,-630.0,-315.0,1,94.283,
01/01/2000,01:41:06.06,14.15,-74.05,-991.13,323.75,-682.50,-315.0,1,94.286,
01/01/2000,01:41:06.08,14.40,-74.30,-991.62,148.75,-691.25,-376.25,1,94.241,
01/01/2000,01:41:06.09,14.52,-74.05,-991.62,78.75,-752.50,-288.75,1,94.244,
01/01/2000,01:41:06.10,14.15,-73.93,-991.37,210.0,-603.75,-271.25,1,94.247,
01/01/2000,01:41:06.11,13.91,-73.57,-990.88,140.0,-717.50,-385.0,1,94.250,
01/01/2000,01:41:06.12,14.15,-73.69,-991.13,227.50,-700.0,-175.0,1,94.253,
01/01/2000,01:41:06.13,14.27,-73.81,-991.49,148.75,-708.75,-315.0,1,94.256,
01/01/2000,01:41:06.14,14.40,-74.18,-991.62,306.25,-691.25,-376.25,1,94.259,
01/01/2000,01:41:06.16,14.03,-73.93,-991.37,183.75,-726.25,-428.75,1,94.261,
01/01/2000,01:41:06.17,13.91,-73.69,-991.13,113.75,-770.0,-376.25,1,94.264,
01/01/2000,01:41:06.18,14.03,-73.57,-991.25,122.50,-682.50,-332.50,1,94.267,
01/01/2000,01:41:06.19,14.03,-73.57,-991.49,166.25,-778.75,-297.50,1,94.270,
01/01/2000,01:41:06.20,14.03,-73.93,-991.49,122.50,-691.25,-376.25,1,94.273,
01/01/2000,01:41:06.21,13.91,-74.18,-991.37,227.50,-612.50,-323.75,1,94.276,
01/01/2000,01:41:06.22,13.91,-73.93,-991.13,61.25,-708.75,-376.25,1,94.279,
01/01/2000,01:41:06.23,14.03,-73.93,-991.13,271.25,-726.25,-350.0,1,94.281,
01/01/2000,01:41:06.24,14.15,-73.81,-991.37,105.0,-577.50,-157.50,1,94.284,
01/01/2000,01:41:06.25,14.15,-73.69,-991.62,201.25,-700.0,-323.75,1,94.287,
01/01/2000,01:41:06.26,14.03,-73.81,-991.49,157.50,-743.75,-245.0,1,94.290,
01/01/2000,01:41:06.27,13.91,-73.81,-991.25,148.75,-717.50,-297.50,1,94.293,
01/01/2000,01:41:06.28,14.03,-73.81,-991.25,288.75,-717.50,-385.0,1,94.296,
01/01/2000,01:41:06.29,14.15,-73.81,-991.37,157.50,-682.50,-385.0,1,94.298,
01/01/2000,01:41:06.30,14.15,-73.93,-991.49,210.0,-726.25,-367.50,1,94.301,
01/01/2000,01:41:06.31,13.91,-73.93,-991.49,140.0,-822.50,-332.50,1,94.304,
01/01/2000,01:41:06.32,13.66,-73.93,-991.37,157.50,-717.50,-437.50,1,94.307,
01/01/2000,01:41:06.33,13.66,-73.81,-991.37,420.0,-743.75,-341.25,1,94.310,
01/01/2000,01:41:06.34,13.91,-73.81,-991.37,87.50,-568.75,-358.75,1,94.313,
01/01/2000,01:41:06.35,14.03,-74.05,-991.37,35.0,-708.75,-323.75,1,94.315,
01/01/2000,01:41:06.36,13.91,-74.18,-991.25,175.0,-752.50,-288.75,1,94.272,
01/01/2000,01:41:06.37,13.79,-73.93,-991.25,210.0,-717.50,-306.25,1,94.274,
01/01/2000,01:41:06.38,13.91,-73.69,-991.25,218.75,-647.50,-332.50,1,94.277,
01/01/2000,01:41:06.39,14.15,-73.69,-991.13,61.25,-717.50,-280.0,1,94.280,
01/01/2000,01:41:06.40,13.91,-73.93,-991.13,236.25,-708.75,-358.75,1,94.283,
01/01/2000,01:41:06.41,13.91,-74.18,-991.37,8.75,-770.0,-358.75,1,94.286,
01/01/2000,01:41:06.43,14.15,-74.42,-991.37,122.50,-708.75,-306.25,1,94.289,
01/01/2000,01:41:06.44,14.03,-73.93,-991.62,192.50,-761.25,-236.25,1,94.291,
01/01/2000,01:41:06.45,14.15,-73.93,-991.49,227.50,-691.25,-306.25,1,94.294,
01/01/2000,01:41:06.46,13.91,-73.93,-991.37,210.0,-656.25,-253.75,1,94.297,
01/01/2000,01:41:06.47,13.91,-74.05,-991.25,297.50,-647.50,-288.75,1,94.300,
01/01/2000,01:41:06.48,13.91,-74.18,-991.37,210.0,-726.25,-297.50,1,94.303,
01/01/2000,01:41:06.49,14.03,-74.18,-991.37,175.0,-665.0,-428.75,1,94.305,
01/01/2000,01:41:06.50,14.03,-74.18,-991.13,262.50,-656.25,-315.0,1,94.308,
01/01/2000,01:41:06.51,14.03,-73.93,-991.01,201.25,-691.25,-323.75,1,94.311,
01/01/2000,01:41:06.52,13.91,-73.93,-991.01,87.50,-822.50,-306.25,1,94.314,
01/01/2000,01:41:06.53,13.91,-74.05,-991.25,183.75,-831.25,-367.50,1,94.317,
01/01/2000,01:41:06.54,14.15,-74.05,-991.37,113.75,-665.0,-280.0,1,94.319,
01/01/2000,01:41:06.55,14.15,-73.93,-991.13,227.50,-708.75,-297.50,1,94.322,
01/01/2000,01:41:06.56,14.03,-73.93,-990.88,253.75,-612.50,-385.0,1,94.325,
01/01/2000,01:41:06.57,14.15,-73.93,-990.88,183.75,-735.0,-376.25,1,94.282,
01/01/2000,01:41:06.58,14.27,-74.05,-991.13,105.0,-647.50,-306.25,1,94.284,
01/01/2000,01:41:06.60,14.15,-73.93,-991.37,131.25,-866.25,-280.0,1,94.287,
01/01/2000,01:41:06.61,14.27,-73.93,-991.25,183.75,-700.0,-332.50,1,94.290,
01/01/2000,01:41:06.62,14.15,-73.93,-991.13,105.0,-743.75,-341.25,1,94.293,
01/01/2000,01:41:06.63,14.27,-73.93,-991.25,175.0,-700.0,-393.75,1,94.295,
01/01/2000,01:41:06.64,14.15,-73.93,-991.49,113.75,-708.75,-385.0,1,94.298,
01/01/2000,01:41:06.65,14.15,-74.05,-991.62,183.75,-551.25,-280.0,1,94.301,
01/01/2000,01:41:06.66,14.03,-73.93,-991.37,148.75,-708.75,-376.25,1,94.304,
01/01/2000,01:41:06.67,13.91,-74.05,-991.37,192.50,-665.0,-253.75,1,94.307,
01/01/2000,01:41:06.68,14.03,-73.93,-991.37,78.75,-577.50,-306.25,1,94.309,
01/01/2000,01:41:06.69,14.15,-73.93,-991.37,210.0,-743.75,-350.0,1,94.312,
01/01/2000,01:41:06.70,14.03,-73.93,-991.49,175.0,-603.75,-236.25,1,94.315,
01/01/2000,01:41:06.71,14.03,-74.05,-991.62,236.25,-778.75,-428.75,1,94.272,
01/01/2000,01:41:06.72,14.03,-73.93,-991.37,157.50,-717.50,-306.25,1,94.275,
01/01/2000,01:41:06.73,14.15,-73.93,-991.37,192.50,-621.25,-358.75,1,94.277,
01/01/2000,01:41:06.74,14.40,-73.81,-991.49,175.0,-673.75,-236.25,1,94.280,
01/01/2000,01:41:06.75,14.52,-74.05,-991.37,122.50,-717.50,-341.25,1,94.283,
01/01/2000,01:41:06.76,14.27,-74.18,-991.25,192.50,-787.50,-297.50,1,94.286,
01/01/2000,01:41:06.78,14.27,-74.05,-991.37,183.75,-752.50,-341.25,1,94.288,
01/01/2000,01:41:06.79,14.15,-73.81,-991.49,210.0,-682.50,-455.0,1,94.291,
01/01/2000,01:41:06.80,14.15,-73.69,-991.62,166.25,-726.25,-271.25,1,94.294,
01/01/2000,01:41:06.81,14.15,-73.69,-991.62,131.25,-717.50,-402.50,1,94.297,
01/01/2000,01:41:06.82,14.15,-73.81,-991.62,175.0,-700.0,-393.75,1,94.300,
01/01/2000,01:41:06.83,14.15,-73.93,-991.49,148.75,-778.75,-411.25,1,94.302,
01/01/2000,01:41:06.84,14.03,-73.81,-991.62,201.25,-726.25,-367.50,1,94.305,
01/01/2000,01:41:06.85,14.15,-73.69,-991.62,175.0,-691.25,-297.50,1,94.308,
01/01/2000,01:41:06.86,14.27,-73.69,-991.49,166.25,-665.0,-376.25,1,94.311,
01/01/2000,01:41:06.87,14.15,-73.69,-991.62,61.25,-752.50,-227.50,1,94.313,
01/01/2000,01:41:06.88,14.15,-73.93,-991.62,175.0,-656.25,-393.75,1,94.316,
01/01/2000,01:41:06.89,14.15,-73.81,-991.62,140.0,-700.0,-323.75,1,94.319,
01/01/2000,01:41:06.90,14.15,-73.81,-991.62,140.0,-717.50,-385.0,1,94.321,
01/01/2000,01:41:06.91,14.15,-73.93,-991.62,218.75,-638.75,-341.25,1,94.324,
01/01/2000,01:41:06.92,13.91,-73.93,-991.37,192.50,-717.50,-288.75,1,94.282,
01/01/2000,01:41:06.93,14.03,-73.93,-991.13,148.75,-656.25,-306.25,1,94.284,
01/01/2000,01:41:06.94,14.03,-73.93,-991.25,183.75,-735.0,-350.0,1,94.287,
01/01/2000,01:41:06.95,14.15,-73.81,-991.25,157.50,-743.75,-236.25,1,94.290,
01/01/2000,01:41:06.96,14.15,-74.05,-991.25,236.25,-700.0,-358.75,1,94.293,
01/01/2000,01:41:06.97,13.91,-74.05,-991.25,148.75,-577.50,-376.25,1,94.295,
01/01/2000,01:41:06.99,13.91,-74.18,-991.37,236.25,-595.0,-341.25,1,94.298,
01/01/2000,01:41:07.00,13.91,-74.18,-991.37,96.25,-735.0,-350.0,1,94.301,
01/01/2000,01:41:07.01,13.91,-74.18,-991.37,148.75,-638.75,-288.75,1,94.303,
01/01/2000,01:41:07.02,14.03,-74.30,-991.13,201.25,-743.75,-306.25,1,94.306,
01/01/2000,01:41:07.03,13.91,-74.18,-991.25,113.75,-726.25,-350.0,1,94.309,
01/01/2000,01:41:07.04,14.03,-74.30,-991.37,280.0,-700.0,-437.50,1,94.312,
01/01/2000,01:41:07.05,14.03,-74.18,-991.62,201.25,-761.25,-315.0,1,94.314,
01/01/2000,01:41:07.06,14.15,-73.93,-991.62,87.50,-726.25,-341.25,1,94.317,
01/01/2000,01:41:07.07,14.27,-74.18,-991.37,218.75,-770.0,-315.0,1,94.275,
01/01/2000,01:41:07.08,14.15,-73.93,-991.25,61.25,-708.75,-306.25,1,94.278,
01/01/2000,01:41:07.09,14.15,-74.05,-991.37,227.50,-691.25,-411.25,1,94.280,
01/01/2000,01:41:07.11,14.27,-73.93,-991.37,131.25,-656.25,-385.0,1,94.283,
01/01/2000,01:41:07.12,14.27,-73.93,-991.13,192.50,-647.50,-297.50,1,94.286,
01/01/2000,01:41:07.13,14.15,-73.93,-990.88,113.75,-665.0,-393.75,1,94.288,
01/01/2000,01:41:07.14,14.15,-73.81,-991.01,140.0,-735.0,-341.25,1,94.291,
01/01/2000,01:41:07.15,14.40,-73.81,-991.25,113.75,-735.0,-393.75,1,94.294,
01/01/2000,01:41:07.16,14.52,-73.81,-991.49,183.75,-691.25,-385.0,1,94.297,
01/01/2000,01:41:07.17,14.40,-73.81,-991.62,140.0,-630.0,-350.0,1,94.299,
01/01/2000,01:41:07.18,14.27,-73.93,-991.37,210.0,-796.25,-350.0,1,94.302,
01/01/2000,01:41:07.19,14.15,-73.93,-991.37,183.75,-612.50,-367.50,1,94.305,
01/01/2000,01:41:07.20,14.27,-73.81,-991.49,201.25,-726.25,-385.0,1,94.307,
01/01/2000,01:41:07.21,14.27,-73.93,-991.62,148.75,-612.50,-420.0,1,94.310,
01/01/2000,01:41:07.22,14.40,-73.93,-991.49,26.25,-586.25,-271.25,1,94.313,
01/01/2000,01:41:07.23,14.40,-74.05,-991.13,131.25,-682.50,-341.25,1,94.315,
01/01/2000,01:41:07.24,14.15,-74.05,-991.01,183.75,-647.50,-315.0,1,94.318,
01/01/2000,01:41:07.25,14.15,-73.93,-991.13,297.50,-638.75,-323.75,1,94.321,
01/01/2000,01:41:07.26,14.27,-73.81,-991.37,192.50,-700.0,-323.75,1,94.324,
01/01/2000,01:41:07.27,14.27,-73.81,-991.37,35.0,-778.75,-297.50,1,94.282,
01/01/2000,01:41:07.28,14.40,-73.93,-991.25,288.75,-656.25,-411.25,1,94.284,
01/01/2000,01:41:07.29,14.40,-74.05,-991.13,201.25,-743.75,-393.75,1,94.287,
01/01/2000,01:41:07.30,14.40,-73.93,-991.25,166.25,-630.0,-393.75,1,94.290,
01/01/2000,01:41:07.31,14.40,-73.93,-991.37,148.75,-656.25,-341.25,1,94.292,
01/01/2000,01:41:07.32,14.15,-73.81,-991.37,175.0,-717.50,-315.0,1,94.295,
01/01/2000,01:41:07.33,14.15,-73.69,-991.37,183.75,-638.75,-341.25,1,94.298,
01/01/2000,01:41:07.35,14.15,-73.93,-991.13,122.50,-708.75,-306.25,1,94.301,
01/01/2000,01:41:07.36,14.15,-74.05,-991.37,166.25,-761.25,-262.50,1,94.303,
01/01/2000,01:41:07.37,14.27,-74.05,-991.37,122.50,-691.25,-201.25,1,94.306,
01/01/2000,01:41:07.38,14.15,-74.05,-991.37,227.50,-822.50,-297.50,1,94.309,
01/01/2000,01:41:07.39,14.03,-74.05,-991.37,113.75,-778.75,-262.50,1,94.311,
01/01/2000,01:41:07.40,13.91,-74.18,-991.13,297.50,-708.75,-420.0,1,94.314,
01/01/2000,01:41:07.41,13.91,-74.18,-991.25,61.25,-638.75,-402.50,1,94.317,
01/01/2000,01:41:07.42,14.15,-74.18,-991.49,192.50,-778.75,-253.75,1,94.319,
01/01/2000,01:41:07.43,14.15,-74.18,-991.37,87.50,-708.75,-315.0,1,94.322,
01/01/2000,01:41:07.44,13.91,-74.30,-991.13,148.75,-708.75,-402.50,1,94.325,
01/01/2000,01:41:07.45,13.79,-74.18,-991.13,262.50,-665.0,-341.25,1,94.327,
01/01/2000,01:41:07.46,13.91,-74.18,-991.37,183.75,-656.25,-376.25,1,94.330,
01/01/2000,01:41:07.47,14.15,-74.05,-991.62,96.25,-796.25,-350.0,1,94.333,
01/01/2000,01:41:07.48,13.91,-74.30,-991.49,271.25,-691.25,-253.75,1,94.291,
01/01/2000,01:41:07.49,13.91,-74.42,-991.37,113.75,-778.75,-306.25,1,94.294,
01/01/2000,01:41:07.50,14.03,-74.42,-991.25,236.25,-735.0,-297.50,1,94.296,
01/01/2000,01:41:07.51,14.27,-74.18,-991.49,201.25,-717.50,-288.75,1,94.299,
01/01/2000,01:41:07.52,14.27,-74.18,-991.49,166.25,-752.50,-315.0,1,94.302,
01/01/2000,01:41:07.53,14.15,-74.18,-991.37,96.25,-770.0,-323.75,1,94.304,
01/01/2000,01:41:07.55,13.91,-74.18,-991.25,122.50,-682.50,-280.0,1,94.307,
01/01/2000,01:41:07.56,14.03,-74.18,-991.49,306.25,-717.50,-358.75,1,94.310,
01/01/2000,01:41:07.57,14.15,-74.18,-991.49,148.75,-717.50,-315.0,1,94.312,
01/01/2000,01:41:07.58,14.15,-74.05,-991.37,131.25,-682.50,-376.25,1,94.315,
01/01/2000,01:41:07.59,13.91,-74.18,-991.25,227.50,-621.25,-393.75,1,94.318,
01/01/2000,01:41:07.60,13.91,-74.18,-991.25,157.50,-752.50,-402.50,1,94.320,
01/01/2000,01:41:07.61,14.15,-74.18,-991.25,175.0,-717.50,-297.50,1,94.279,
01/01/2000,01:41:07.63,14.15,-74.18,-991.37,175.0,-577.50,-315.0,1,94.282,
01/01/2000,01:41:07.64,14.03,-74.30,-991.37,236.25,-621.25,-376.25,1,94.284,
01/01/2000,01:41:07.65,13.91,-74.42,-991.62,253.75,-621.25,-446.25,1,94.287,
01/01/2000,01:41:07.66,13.91,-74.18,-991.62,157.50,-761.25,-367.50,1,94.290,
01/01/2000,01:41:07.67,14.15,-73.93,-991.37,35.0,-665.0,-341.25,1,94.292,
01/01/2000,01:41:07.68,14.15,-73.93,-991.49,140.0,-656.25,-253.75,1,94.295,
01/01/2000,01:41:07.69,13.91,-74.18,-991.37,175.0,-700.0,-420.0,1,94.298,
01/01/2000,01:41:07.70,13.66,-74.30,-991.49,192.50,-673.75,-332.50,1,94.300,
01/01/2000,01:41:07.71,13.91,-74.18,-991.62,157.50,-647.50,-306.25,1,94.303,
01/01/2000,01:41:07.72,13.91,-73.93,-991.62,227.50,-743.75,-411.25,1,94.306,
01/01/2000,01:41:07.73,13.91,-73.81,-991.62,96.25,-726.25,-236.25,1,94.308,
01/01/2000,01:41:07.74,13.91,-73.93,-991.49,210.0,-621.25,-358.75,1,94.311,
01/01/2000,01:41:07.75,13.91,-73.93,-991.62,157.50,-656.25,-271.25,1,94.313,
01/01/2000,01:41:07.76,14.03,-74.05,-991.74,166.25,-805.0,-358.75,1,94.273,
01/01/2000,01:41:07.77,14.03,-73.93,-991.74,183.75,-656.25,-306.25,1,94.275,
01/01/2000,01:41:07.78,13.91,-73.93,-991.49,280.0,-673.75,-280.0,1,94.278,
01/01/2000,01:41:07.79,13.91,-73.81,-991.37,96.25,-673.75,-288.75,1,94.280,
01/01/2000,01:41:07.80,13.79,-74.05,-991.37,280.0,-647.50,-315.0,1,94.283,
01/01/2000,01:41:07.81,13.79,-73.93,-991.37,61.25,-682.50,-367.50,1,94.286,
01/01/2000,01:41:07.82,13.91,-73.93,-991.49,148.75,-577.50,-315.0,1,94.288,
01/01/2000,01:41:07.84,14.03,-73.93,-991.37,175.0,-673.75,-306.25,1,94.291,
01/01/2000,01:41:07.85,13.91,-73.81,-991.37,166.25,-726.25,-323.75,1,94.294,
01/01/2000,01:41:07.86,13.91,-73.93,-991.49,131.25,-638.75,-350.0,1,94.296,
01/01/2000,01:41:07.87,14.03,-74.18,-991.74,218.75,-708.75,-323.75,1,94.299,
01/01/2000,01:41:07.88,14.15,-74.18,-991.74,131.25,-638.75,-367.50,1,94.301,
01/01/2000,01:41:07.89,14.03,-73.93,-991.62,271.25,-665.0,-262.50,1,94.304,
01/01/2000,01:41:07.90,14.03,-73.93,-991.62,166.25,-743.75,-393.75,1,94.307,
01/01/2000,01:41:07.91,14.03,-73.93,-991.62,183.75,-656.25,-341.25,1,94.309,
01/01/2000,01:41:07.92,14.15,-74.18,-991.86,218.75,-761.25,-332.50,1,94.312,
01/01/2000,01:41:07.93,14.15,-74.05,-991.74,218.75,-743.75,-350.0,1,94.315,
01/01/2000,01:41:07.94,14.15,-74.05,-991.49,105.0,-665.0,-306.25,1,94.317,
01/01/2000,01:41:07.95,14.15,-73.93,-991.37,210.0,-726.25,-437.50,1,94.320,
01/01/2000,01:41:07.96,14.27,-73.93,-991.49,140.0,-665.0,-323.75,1,94.322,
01/01/2000,01:41:07.97,14.15,-73.93,-991.74,183.75,-621.25,-455.0,1,94.282,
01/01/2000,01:41:07.98,14.27,-73.93,-991.62,192.50,-691.25,-297.50,1,94.284,
01/01/2000,01:41:07.99,14.15,-74.05,-991.49,280.0,-700.0,-367.50,1,94.287,
01/01/2000,01:41:08.00,14.15,-74.18,-991.49,201.25,-568.75,-271.25,1,94.290,
01/01/2000,01:41:08.02,14.15,-74.05,-991.62,131.25,-717.50,-315.0,1,94.292,
01/01/2000,01:41:08.02,14.15,-74.18,-991.62,262.50,-717.50,-341.25,1,94.295,
01/01/2000,01:41:08.04,14.15,-74.18,-991.74,218.75,-752.50,-306.25,1,94.297,
01/01/2000,01:41:08.05,14.27,-74.18,-991.62,218.75,-647.50,-367.50,1,94.300,
01/01/2000,01:41:08.06,14.15,-73.93,-991.62,113.75,-700.0,-367.50,1,94.303,
01/01/2000,01:41:08.07,14.27,-73.93,-991.37,157.50,-752.50,-411.25,1,94.305,
01/01/2000,01:41:08.08,14.27,-73.93,-991.37,236.25,-752.50,-350.0,1,94.308,
01/01/2000,01:41:08.09,14.15,-73.93,-991.62,227.50,-630.0,-218.75,1,94.310,
01/01/2000,01:41:08.10,14.15,-74.05,-991.62,227.50,-621.25,-455.0,1,94.313,
01/01/2000,01:41:08.11,13.91,-74.05,-991.62,218.75,-586.25,-411.25,1,94.273,
01/01/2000,01:41:08.13,14.15,-74.05,-991.74,105.0,-638.75,-280.0,1,94.275,
01/01/2000,01:41:08.14,14.03,-74.30,-991.62,148.75,-682.50,-463.75,1,94.278,
01/01/2000,01:41:08.15,14.15,-74.42,-991.49,175.0,-752.50,-288.75,1,94.281,
01/01/2000,01:41:08.16,14.03,-74.30,-991.37,78.75,-638.75,-350.0,1,94.283,
01/01/2000,01:41:08.17,14.03,-74.18,-991.62,262.50,-656.25,-297.50,1,94.286,
01/01/2000,01:41:08.18,14.03,-74.18,-991.86,113.75,-752.50,-306.25,1,94.288,
01/01/2000,01:41:08.19,14.15,-74.30,-991.74,192.50,-691.25,-323.75,1,94.291,
01/01/2000,01:41:08.20,14.15,-74.42,-991.37,166.25,-708.75,-332.50,1,94.293,
01/01/2000,01:41:08.21,13.79,-74.42,-991.37,210.0,-656.25,-420.0,1,94.296,
01/01/2000,01:41:08.22,13.91,-74.30,-991.49,183.75,-673.75,-306.25,1,94.299,
01/01/2000,01:41:08.23,14.03,-74.05,-991.74,148.75,-586.25,-463.75,1,94.301,
01/01/2000,01:41:08.24,14.03,-73.93,-991.86,227.50,-673.75,-367.50,1,94.304,
01/01/2000,01:41:08.25,14.03,-74.05,-991.86,166.25,-621.25,-358.75,1,94.306,
01/01/2000,01:41:08.26,13.91,-74.18,-991.62,157.50,-708.75,-306.25,1,94.309,
01/01/2000,01:41:08.27,14.03,-74.18,-991.49,148.75,-621.25,-280.0,1,94.312,
01/01/2000,01:41:08.28,14.15,-73.93,-991.74,140.0,-770.0,-385.0,1,94.314,
01/01/2000,01:41:08.29,14.27,-74.05,-991.86,105.0,-673.75,-288.75,1,94.317,
01/01/2000,01:41:08.30,14.15,-74.18,-991.86,105.0,-691.25,-455.0,1,94.319,
01/01/2000,01:41:08.31,14.03,-74.18,-991.86,166.25,-603.75,-297.50,1,94.322,
01/01/2000,01:41:08.33,14.27,-74.30,-991.86,218.75,-603.75,-280.0,1,94.282,
01/01/2000,01:41:08.34,14.27,-74.18,-991.98,218.75,-700.0,-358.75,1,94.284,
01/01/2000,01:41:08.35,14.27,-74.30,-991.74,148.75,-630.0,-323.75,1,94.287,
01/01/2000,01:41:08.36,14.15,-74.18,-991.62,122.50,-752.50,-323.75,1,94.290,
01/01/2000,01:41:08.37,14.15,-74.05,-991.86,236.25,-612.50,-332.50,1,94.292,
01/01/2000,01:41:08.38,14.15,-74.05,-991.98,157.50,-647.50,-385.0,1,94.295,
01/01/2000,01:41:08.39,14.27,-74.05,-991.86,157.50,-700.0,-332.50,1,94.297,
01/01/2000,01:41:08.40,14.15,-74.18,-991.62,201.25,-577.50,-402.50,1,94.300,
01/01/2000,01:41:08.41,14.03,-74.42,-991.37,43.75,-735.0,-385.0,1,94.302,
01/01/2000,01:41:08.42,14.03,-74.30,-991.49,210.0,-822.50,-411.25,1,94.305,
01/01/2000,01:41:08.43,14.03,-74.30,-991.62,166.25,-726.25,-315.0,1,94.307,
01/01/2000,01:41:08.44,13.91,-74.18,-991.62,122.50,-752.50,-297.50,1,94.310,
01/01/2000,01:41:08.45,13.79,-74.18,-991.49,245.0,-673.75,-402.50,1,94.313,
01/01/2000,01:41:08.46,13.79,-74.05,-991.49,183.75,-665.0,-402.50,1,94.315,
01/01/2000,01:41:08.47,13.91,-74.18,-991.62,411.25,-630.0,-393.75,1,94.275,
01/01/2000,01:41:08.48,14.03,-74.05,-991.74,70.0,-665.0,-455.0,1,94.278,
01/01/2000,01:41:08.49,14.15,-74.05,-991.86,35.0,-726.25,-376.25,1,94.281,
01/01/2000,01:41:08.50,14.03,-74.05,-991.62,122.50,-621.25,-332.50,1,94.283,
01/01/2000,01:41:08.51,13.91,-73.93,-991.62,253.75,-586.25,-227.50,1,94.286,
01/01/2000,01:41:08.52,13.91,-73.93,-991.62,43.75,-708.75,-393.75,1,94.288,
01/01/2000,01:41:08.54,13.79,-74.05,-991.74,87.50,-691.25,-420.0,1,94.291,
01/01/2000,01:41:08.55,13.79,-74.18,-991.86,70.0,-787.50,-323.75,1,94.293,
01/01/2000,01:41:08.56,13.79,-74.18,-991.62,280.0,-621.25,-376.25,1,94.296,
01/01/2000,01:41:08.57,13.66,-73.93,-991.62,78.75,-621.25,-288.75,1,94.298,
01/01/2000,01:41:08.58,13.79,-74.18,-991.62,210.0,-691.25,-402.50,1,94.301,
01/01/2000,01:41:08.59,13.79,-74.05,-991.86,96.25,-700.0,-323.75,1,94.304,
01/01/2000,01:41:08.60,13.91,-74.18,-991.86,306.25,-726.25,-385.0,1,94.306,
01/01/2000,01:41:08.61,14.03,-74.18,-991.74,131.25,-682.50,-463.75,1,94.309,
01/01/2000,01:41:08.62,13.91,-74.18,-991.62,87.50,-586.25,-350.0,1,94.311,
01/01/2000,01:41:08.64,13.79,-74.18,-991.62,148.75,-700.0,-315.0,1,94.272,
01/01/2000,01:41:08.65,13.91,-74.05,-991.74,148.75,-717.50,-411.25,1,94.274,
01/01/2000,01:41:08.66,13.91,-74.18,-991.74,148.75,-778.75,-227.50,1,94.277,
01/01/2000,01:41:08.67,14.03,-74.18,-991.86,131.25,-787.50,-288.75,1,94.279,
01/01/2000,01:41:08.68,14.03,-74.30,-991.86,183.75,-673.75,-350.0,1,94.282,
01/01/2000,01:41:08.69,14.15,-74.18,-991.74,78.75,-656.25,-367.50,1,94.284,
01/01/2000,01:41:08.70,14.15,-74.42,-991.74,78.75,-638.75,-402.50,1,94.287,
01/01/2000,01:41:08.71,14.03,-74.30,-991.62,140.0,-665.0,-271.25,1,94.290,
01/01/2000,01:41:08.72,13.91,-74.30,-991.49,192.50,-743.75,-402.50,1,94.292,
01/01/2000,01:41:08.73,13.91,-74.05,-991.37,227.50,-761.25,-297.50,1,94.295,
01/01/2000,01:41:08.74,13.91,-74.05,-991.49,341.25,-647.50,-341.25,1,94.297,
01/01/2000,01:41:08.75,13.91,-74.18,-991.37,96.25,-673.75,-315.0,1,94.300,
01/01/2000,01:41:08.76,13.91,-74.18,-991.62,105.0,-717.50,-332.50,1,94.302,
01/01/2000,01:41:08.77,14.03,-74.18,-991.49,227.50,-770.0,-411.25,1,94.305,
01/01/2000,01:41:08.78,14.03,-74.05,-991.62,183.75,-682.50,-297.50,1,94.307,
01/01/2000,01:41:08.79,13.91,-73.93,-991.62,113.75,-673.75,-446.25,1,94.310,
01/01/2000,01:41:08.80,13.91,-73.93,-991.74,61.25,-682.50,-332.50,1,94.312,
01/01/2000,01:41:08.81,13.91,-73.93,-991.62,131.25,-630.0,-376.25,1,94.315,
01/01/2000,01:41:08.82,13.91,-74.05,-991.62,96.25,-638.75,-472.50,1,94.317,
01/01/2000,01:41:08.83,14.03,-73.93,-991.62,253.75,-743.75,-350.0,1,94.320,
01/01/2000,01:41:08.84,14.03,-74.05,-991.62,192.50,-665.0,-367.50,1,94.322,
01/01/2000,01:41:08.85,14.03,-73.93,-991.62,201.25,-656.25,-306.25,1,94.325,
01/01/2000,01:41:08.86,13.91,-73.93,-991.62,166.25,-656.25,-323.75,1,94.327,
01/01/2000,01:41:08.87,13.91,-74.05,-991.49,183.75,-743.75,-218.75,1,94.330,
01/01/2000,01:41:08.89,13.91,-74.05,-991.49,227.50,-665.0,-341.25,1,94.291,
01/01/2000,01:41:08.90,14.15,-74.05,-991.49,192.50,-708.75,-367.50,1,94.293,
01/01/2000,01:41:08.91,14.03,-73.93,-991.62,131.25,-805.0,-350.0,1,94.296,
01/01/2000,01:41:08.92,14.03,-74.05,-991.62,271.25,-778.75,-367.50,1,94.298,
01/01/2000,01:41:08.93,14.03,-73.93,-991.62,183.75,-691.25,-376.25,1,94.301,
01/01/2000,01:41:08.94,13.91,-73.93,-991.74,105.0,-700.0,-323.75,1,94.303,
01/01/2000,01:41:08.95,14.15,-73.93,-991.86,253.75,-586.25,-428.75,1,94.306,
01/01/2000,01:41:08.96,14.15,-74.18,-991.62,262.50,-647.50,-332.50,1,94.308,
01/01/2000,01:41:08.97,14.03,-74.18,-991.37,236.25,-796.25,-463.75,1,94.311,
01/01/2000,01:41:08.98,14.03,-74.05,-991.37,131.25,-717.50,-323.75,1,94.313,
01/01/2000,01:41:08.99,14.15,-73.93,-991.74,113.75,-647.50,-323.75,1,94.316,
01/01/2000,01:41:09.00,14.03,-74.05,-991.86,210.0,-673.75,-227.50,1,94.318,
01/01/2000,01:41:09.01,13.91,-74.05,-991.86,-8.75,-647.50,-297.50,1,94.321,
01/01/2000,01:41:09.02,13.91,-74.18,-991.74,157.50,-761.25,-455.0,1,94.323,
01/01/2000,01:41:09.03,14.03,-74.18,-991.62,210.0,-691.25,-420.0,1,94.284,
01/01/2000,01:41:09.04,14.27,-74.18,-991.86,227.50,-673.75,-297.50,1,94.287,
01/01/2000,01:41:09.05,14.15,-74.18,-991.86,148.75,-700.0,-376.25,1,94.289,
01/01/2000,01:41:09.06,13.91,-74.18,-991.86,245.0,-673.75,-393.75,1,94.292,
01/01/2000,01:41:09.07,13.91,-74.18,-991.62,131.25,-621.25,-428.75,1,94.294,
01/01/2000,01:41:09.08,13.91,-74.18,-991.49,140.0,-691.25,-332.50,1,94.297,
01/01/2000,01:41:09.10,13.91,-74.18,-991.37,236.25,-595.0,-315.0,1,94.299,
01/01/2000,01:41:09.11,13.66,-74.42,-991.37,227.50,-770.0,-315.0,1,94.302,
01/01/2000,01:41:09.12,13.66,-74.42,-991.49,131.25,-708.75,-341.25,1,94.304,
01/01/2000,01:41:09.13,13.79,-74.30,-991.49,227.50,-787.50,-350.0,1,94.307,
01/01/2000,01:41:09.14,13.91,-74.18,-991.49,218.75,-638.75,-288.75,1,94.268,
01/01/2000,01:41:09.16,13.91,-74.30,-991.49,122.50,-805.0,-385.0,1,94.271,
01/01/2000,01:41:09.17,13.91,-74.42,-991.49,175.0,-700.0,-490.0,1,94.273,
01/01/2000,01:41:09.18,13.91,-74.18,-991.62,140.0,-656.25,-350.0,1,94.276,
01/01/2000,01:41:09.19,13.91,-74.18,-991.62,122.50,-621.25,-280.0,1,94.278,
01/01/2000,01:41:09.20,13.91,-73.93,-991.62,166.25,-735.0,-262.50,1,94.281,
01/01/2000,01:41:09.21,13.91,-73.93,-991.62,175.0,-700.0,-288.75,1,94.283,
01/01/2000,01:41:09.22,13.91,-74.18,-991.62,113.75,-638.75,-420.0,1,94.286,
01/01/2000,01:41:09.23,13.91,-74.18,-991.86,87.50,-612.50,-262.50,1,94.288,
01/01/2000,01:41:09.24,14.15,-74.05,-991.86,96.25,-665.0,-367.50,1,94.291,
01/01/2000,01:41:09.25,14.27,-73.93,-991.86,157.50,-735.0,-280.0,1,94.293,
01/01/2000,01:41:09.26,14.15,-73.93,-991.86,192.50,-630.0,-446.25,1,94.296,
01/01/2000,01:41:09.27,14.03,-74.05,-991.98,113.75,-778.75,-227.50,1,94.298,
01/01/2000,01:41:09.28,14.15,-73.93,-992.10,105.0,-656.25,-358.75,1,94.301,
01/01/2000,01:41:09.29,14.27,-73.93,-992.10,157.50,-638.75,-183.75,1,94.303,
01/01/2000,01:41:09.30,14.40,-73.81,-991.86,78.75,-586.25,-288.75,1,94.305,
01/01/2000,01:41:09.31,14.15,-73.93,-991.74,201.25,-717.50,-437.50,1,94.267,
01/01/2000,01:41:09.32,14.15,-73.93,-991.74,70.0,-708.75,-306.25,1,94.270,
01/01/2000,01:41:09.33,14.15,-73.93,-991.86,140.0,-717.50,-297.50,1,94.272,
01/01/2000,01:41:09.34,14.03,-73.93,-992.10,113.75,-726.25,-280.0,1,94.275,
01/01/2000,01:41:09.35,14.15,-73.93,-991.98,166.25,-743.75,-437.50,1,94.277,
01/01/2000,01:41:09.36,14.15,-74.05,-991.86,350.0,-770.0,-297.50,1,94.280,
01/01/2000,01:41:09.37,13.91,-73.93,-991.86,122.50,-682.50,-376.25,1,94.282,
01/01/2000,01:41:09.39,14.15,-73.93,-991.86,201.25,-700.0,-297.50,1,94.284,
01/01/2000,01:41:09.40,14.15,-74.05,-991.86,175.0,-647.50,-245.0,1,94.287,
01/01/2000,01:41:09.41,14.15,-74.05,-991.86,105.0,-656.25,-367.50,1,94.289,
01/01/2000,01:41:09.42,13.91,-74.05,-991.37,245.0,-630.0,-385.0,1,94.292,
01/01/2000,01:41:09.43,13.91,-74.05,-991.13,236.25,-673.75,-350.0,1,94.294,
01/01/2000,01:41:09.44,13.91,-74.18,-991.37,96.25,-691.25,-393.75,1,94.297,
01/01/2000,01:41:09.45,14.03,-74.18,-991.37,201.25,-761.25,-411.25,1,94.299,
01/01/2000,01:41:09.46,13.91,-74.30,-991.37,210.0,-717.50,-350.0,1,94.302,
01/01/2000,01:41:09.47,13.79,-74.18,-991.25,87.50,-717.50,-315.0,1,94.304,
01/01/2000,01:41:09.48,13.79,-74.18,-991.13,183.75,-673.75,-358.75,1,94.307,
01/01/2000,01:41:09.49,13.91,-74.18,-991.37,227.50,-735.0,-297.50,1,94.309,
01/01/2000,01:41:09.50,13.91,-74.05,-991.49,122.50,-682.50,-376.25,1,94.311,
01/01/2000,01:41:09.51,13.91,-74.30,-991.62,210.0,-700.0,-315.0,1,94.314,
01/01/2000,01:41:09.52,13.91,-74.30,-991.37,253.75,-796.25,-411.25,1,94.276,
01/01/2000,01:41:09.53,13.91,-74.18,-991.49,113.75,-682.50,-288.75,1,94.278,
01/01/2000,01:41:09.54,14.27,-73.93,-991.74,157.50,-682.50,-420.0,1,94.281,
01/01/2000,01:41:09.55,14.40,-73.93,-991.86,157.50,-647.50,-245.0,1,94.283,
01/01/2000,01:41:09.56,14.40,-74.18,-991.98,175.0,-691.25,-350.0,1,94.286,
01/01/2000,01:41:09.57,14.03,-74.42,-991.49,122.50,-761.25,-455.0,1,94.288,
01/01/2000,01:41:09.58,14.03,-74.42,-991.37,122.50,-682.50,-367.50,1,94.291,
01/01/2000,01:41:09.60,14.15,-73.93,-991.25,35.0,-752.50,-358.75,1,94.293,
01/01/2000,01:41:09.61,14.15,-73.93,-991.37,227.50,-735.0,-271.25,1,94.295,
01/01/2000,01:41:09.62,13.91,-74.05,-991.49,201.25,-638.75,-236.25,1,94.298,
01/01/2000,01:41:09.63,13.91,-74.30,-991.37,236.25,-717.50,-437.50,1,94.300,
01/01/2000,01:41:09.64,13.91,-74.42,-991.37,245.0,-743.75,-393.75,1,94.303,
01/01/2000,01:41:09.65,14.03,-74.18,-991.37,140.0,-638.75,-262.50,1,94.265,
01/01/2000,01:41:09.66,14.15,-74.05,-991.49,148.75,-673.75,-376.25,1,94.268,
01/01/2000,01:41:09.67,14.03,-74.05,-991.49,201.25,-682.50,-385.0,1,94.270,
01/01/2000,01:41:09.69,13.91,-74.05,-991.62,262.50,-700.0,-463.75,1,94.272,
01/01/2000,01:41:09.70,14.03,-74.05,-991.74,218.75,-673.75,-367.50,1,94.275,
01/01/2000,01:41:09.71,14.15,-73.93,-991.62,183.75,-796.25,-376.25,1,94.277,
01/01/2000,01:41:09.72,14.03,-73.93,-991.49,201.25,-752.50,-323.75,1,94.280,
01/01/2000,01:41:09.73,13.79,-74.05,-991.37,87.50,-752.50,-236.25,1,94.282,
01/01/2000,01:41:09.74,13.91,-74.18,-991.37,183.75,-665.0,-402.50,1,94.285,
01/01/2000,01:41:09.75,14.03,-74.05,-991.62,192.50,-673.75,-393.75,1,94.287,
01/01/2000,01:41:09.76,14.03,-73.93,-991.74,183.75,-673.75,-306.25,1,94.289,
01/01/2000,01:41:09.77,14.15,-73.81,-991.49,148.75,-700.0,-306.25,1,94.292,
01/01/2000,01:41:09.78,14.03,-73.93,-991.37,183.75,-665.0,-297.50,1,94.294,
01/01/2000,01:41:09.79,14.03,-74.05,-991.49,175.0,-638.75,-367.50,1,94.297,
01/01/2000,01:41:09.80,14.15,-74.30,-991.74,175.0,-673.75,-402.50,1,94.299,
01/01/2000,01:41:09.81,14.27,-74.18,-991.86,113.75,-595.0,-350.0,1,94.301,
01/01/2000,01:41:09.82,14.15,-74.18,-991.74,78.75,-673.75,-253.75,1,94.304,
01/01/2000,01:41:09.83,14.03,-74.05,-991.62,105.0,-691.25,-297.50,1,94.306,
01/01/2000,01:41:09.84,13.91,-73.93,-991.62,175.0,-708.75,-323.75,1,94.309,
01/01/2000,01:41:09.85,14.03,-73.93,-991.86,210.0,-752.50,-385.0,1,94.311,
01/01/2000,01:41:09.86,14.03,-73.93,-992.10,-43.75,-603.75,-358.75,1,94.313,
01/01/2000,01:41:09.87,13.91,-74.18,-991.74,210.0,-717.50,-358.75,1,94.276,
01/01/2000,01:41:09.88,13.79,-73.93,-991.62,70.0,-735.0,-332.50,1,94.279,
01/01/2000,01:41:09.89,13.79,-74.18,-991.86,113.75,-638.75,-315.0,1,94.281,
01/01/2000,01:41:09.90,13.91,-74.05,-991.74,131.25,-708.75,-262.50,1,94.283,
01/01/2000,01:41:09.91,13.91,-74.18,-991.62,166.25,-752.50,-332.50,1,94.286,
01/01/2000,01:41:09.92,13.91,-74.18,-991.49,140.0,-735.0,-420.0,1,94.288,
01/01/2000,01:41:09.93,13.79,-74.18,-991.49,87.50,-638.75,-393.75,1,94.291,
01/01/2000,01:41:09.95,14.03,-74.18,-991.62,297.50,-717.50,-420.0,1,94.293,
01/01/2000,01:41:09.96,14.03,-74.05,-991.62,35.0,-752.50,-288.75,1,94.295,
01/01/2000,01:41:09.97,13.91,-74.18,-991.62,87.50,-787.50,-376.25,1,94.298,
01/01/2000,01:41:09.98,13.66,-74.30,-991.49,131.25,-577.50,-481.25,1,94.300,
01/01/2000,01:41:09.99,13.91,-74.05,-991.37,140.0,-682.50,-420.0,1,94.302,
01/01/2000,01:41:10.00,14.15,-74.05,-991.62,122.50,-761.25,-367.50,1,94.305,
01/01/2000,01:41:10.01,14.15,-74.30,-991.62,78.75,-717.50,-350.0,1,94.307,
01/01/2000,01:41:10.02,13.79,-74.18,-991.74,157.50,-665.0,-367.50,1,94.310,
01/01/2000,01:41:10.03,13.66,-74.05,-991.62,87.50,-682.50,-411.25,1,94.312,
01/01/2000,01:41:10.04,13.91,-73.93,-991.62,183.75,-726.25,-341.25,1,94.314,
01/01/2000,01:41:10.05,14.03,-73.93,-991.98,148.75,-743.75,-227.50,1,94.317,
01/01/2000,01:41:10.06,13.91,-74.30,-991.86,96.25,-770.0,-367.50,1,94.319,
01/01/2000,01:41:10.07,13.79,-74.42,-991.74,166.25,-770.0,-341.25,1,94.322,
01/01/2000,01:41:10.08,14.03,-74.30,-991.86,218.75,-691.25,-446.25,1,94.285,
01/01/2000,01:41:10.09,14.27,-74.18,-991.98,157.50,-796.25,-332.50,1,94.287,
01/01/2000,01:41:10.10,14.15,-74.18,-991.98,105.0,-647.50,-271.25,1,94.289,
01/01/2000,01:41:10.11,13.91,-74.42,-991.62,175.0,-630.0,-420.0,1,94.292,
01/01/2000,01:41:10.12,14.15,-74.42,-991.74,183.75,-691.25,-341.25,1,94.294,
01/01/2000,01:41:10.13,14.27,-74.30,-991.86,105.0,-726.25,-498.75,1,94.296,
01/01/2000,01:41:10.14,14.40,-74.18,-991.98,166.25,-726.25,-280.0,1,94.299,
01/01/2000,01:41:10.16,14.15,-74.30,-991.62,192.50,-673.75,-455.0,1,94.262,
01/01/2000,01:41:10.17,14.03,-74.42,-991.62,131.25,-647.50,-367.50,1,94.264,
01/01/2000,01:41:10.18,14.15,-74.30,-991.86,306.25,-630.0,-341.25,1,94.267,
01/01/2000,01:41:10.19,14.40,-74.18,-992.10,140.0,-778.75,-332.50,1,94.269,
01/01/2000,01:41:10.20,14.15,-74.05,-992.10,122.50,-743.75,-350.0,1,94.271,
01/01/2000,01:41:10.21,13.91,-74.18,-991.62,96.25,-665.0,-393.75,1,94.274,
01/01/2000,01:41:10.22,13.66,-74.30,-991.62,148.75,-682.50,-437.50,1,94.276,
01/01/2000,01:41:10.24,13.91,-74.18,-991.62,280.0,-665.0,-288.75,1,94.279,
01/01/2000,01:41:10.25,14.03,-73.93,-991.86,157.50,-665.0,-358.75,1,94.281,
01/01/2000,01:41:10.26,14.15,-74.05,-991.74,43.75,-638.75,-315.0,1,94.283,
01/01/2000,01:41:10.27,13.91,-74.42,-991.62,201.25,-603.75,-533.75,1,94.286,
01/01/2000,01:41:10.28,13.54,-74.42,-991.37,280.0,-708.75,-472.50,1,94.288,
01/01/2000,01:41:10.29,13.91,-74.05,-991.62,218.75,-778.75,-472.50,1,94.290,
01/01/2000,01:41:10.30,14.88,-73.69,-992.23,245.0,-708.75,-140.0,1,94.293,
01/01/2000,01:41:10.31,14.64,-73.93,-992.35,131.25,-665.0,-96.25,1,94.295,
01/01/2000,01:41:10.32,14.03,-74.42,-991.86,253.75,-577.50,-455.0,1,94.298,
01/01/2000,01:41:10.33,13.79,-74.54,-991.49,280.0,-612.50,-603.75,1,94.300,
01/01/2000,01:41:10.34,14.40,-74.18,-991.62,140.0,-647.50,-437.50,1,94.302,
01/01/2000,01:41:10.35,14.64,-73.93,-991.86,148.75,-603.75,-236.25,1,94.305,
01/01/2000,01:41:10.36,14.40,-73.93,-991.86,43.75,-673.75,-166.25,1,94.307,
01/01/2000,01:41:10.37,13.66,-74.42,-991.25,218.75,-656.25,-306.25,1,94.309,
01/01/2000,01:41:10.38,13.79,-74.42,-991.37,227.50,-726.25,-411.25,1,94.312,
01/01/2000,01:41:10.39,14.15,-74.18,-991.86,245.0,-665.0,-437.50,1,94.314,
01/01/2000,01:41:10.40,14.40,-74.05,-992.10,61.25,-665.0,-280.0,1,94.316,
01/01/2000,01:41:10.41,14.27,-74.05,-991.62,-26.25,-717.50,-280.0,1,94.319,
01/01/2000,01:41:10.42,13.91,-74.18,-991.13,148.75,-726.25,-376.25,1,94.321,
01/01/2000,01:41:10.43,13.66,-74.42,-991.13,192.50,-673.75,-446.25,1,94.323,
01/01/2000,01:41:10.45,14.40,-73.93,-991.98,122.50,-691.25,-271.25,1,94.287,
01/01/2000,01:41:10.46,14.40,-73.93,-991.86,96.25,-743.75,-323.75,1,94.289,
01/01/2000,01:41:10.47,14.03,-74.18,-991.62,113.75,-691.25,-367.50,1,94.292,
01/01/2000,01:41:10.48,13.66,-74.42,-991.13,192.50,-735.0,-385.0,1,94.294,
01/01/2000,01:41:10.49,14.15,-74.42,-991.62,271.25,-630.0,-341.25,1,94.296,
01/01/2000,01:41:10.50,14.40,-74.18,-991.98,87.50,-717.50,-323.75,1,94.299,
01/01/2000,01:41:10.51,14.15,-74.30,-991.98,113.75,-717.50,-315.0,1,94.301,
01/01/2000,01:41:10.52,13.91,-74.42,-991.62,227.50,-656.25,-376.25,1,94.303,
01/01/2000,01:41:10.53,13.91,-74.54,-991.49,218.75,-708.75,-367.50,1,94.306,
01/01/2000,01:41:10.54,14.03,-74.30,-991.86,201.25,-813.75,-332.50,1,94.308,
01/01/2000,01:41:10.55,14.52,-74.30,-991.98,218.75,-743.75,-253.75,1,94.310,
01/01/2000,01:41:10.56,14.27,-74.30,-991.86,148.75,-682.50,-280.0,1,94.313,
01/01/2000,01:41:10.57,13.91,-74.42,-991.62,131.25,-665.0,-288.75,1,94.315,
01/01/2000,01:41:10.58,13.79,-74.42,-991.62,210.0,-612.50,-323.75,1,94.279,
01/01/2000,01:41:10.59,13.91,-74.18,-991.98,52.50,-831.25,-341.25,1,94.281,
01/01/2000,01:41:10.60,14.40,-74.18,-992.10,175.0,-656.25,-236.25,1,94.283,
01/01/2000,01:41:10.61,14.15,-74.18,-991.98,148.75,-656.25,-262.50,1,94.286,
01/01/2000,01:41:10.62,13.91,-74.42,-991.62,183.75,-682.50,-437.50,1,94.288,
01/01/2000,01:41:10.63,13.91,-74.42,-991.62,227.50,-630.0,-498.75,1,94.290,
01/01/2000,01:41:10.64,14.15,-74.05,-991.98,192.50,-735.0,-358.75,1,94.293,
01/01/2000,01:41:10.66,14.52,-73.81,-992.10,78.75,-726.25,-210.0,1,94.295,
01/01/2000,01:41:10.67,14.15,-74.30,-991.74,201.25,-700.0,-315.0,1,94.297,
01/01/2000,01:41:10.68,14.15,-74.30,-991.62,210.0,-691.25,-411.25,1,94.261,
01/01/2000,01:41:10.69,14.27,-74.18,-991.74,183.75,-673.75,-288.75,1,94.264,
01/01/2000,01:41:10.70,14.40,-74.05,-991.98,113.75,-630.0,-437.50,1,94.266,
01/01/2000,01:41:10.71,14.27,-73.93,-991.98,122.50,-691.25,-323.75,1,94.268,
01/01/2000,01:41:10.72,14.15,-73.93,-991.62,78.75,-577.50,-332.50,1,94.271,
01/01/2000,01:41:10.73,14.03,-74.05,-991.62,288.75,-691.25,-437.50,1,94.273,
01/01/2000,01:41:10.74,14.27,-73.93,-991.74,26.25,-682.50,-376.25,1,94.275,
01/01/2000,01:41:10.75,14.40,-73.93,-991.86,297.50,-700.0,-341.25,1,94.278,
01/01/2000,01:41:10.76,14.40,-73.93,-991.62,227.50,-647.50,-201.25,1,94.280,
01/01/2000,01:41:10.77,14.03,-73.93,-991.49,105.0,-735.0,-341.25,1,94.282,
01/01/2000,01:41:10.78,13.91,-73.93,-991.37,183.75,-700.0,-393.75,1,94.285,
01/01/2000,01:41:10.80,13.91,-73.93,-991.49,218.75,-682.50,-288.75,1,94.287,
01/01/2000,01:41:10.81,14.15,-73.69,-991.62,175.0,-691.25,-367.50,1,94.289,
01/01/2000,01:41:10.82,14.03,-73.69,-991.37,210.0,-761.25,-341.25,1,94.291,
01/01/2000,01:41:10.83,13.91,-73.93,-991.37,140.0,-665.0,-385.0,1,94.294,
01/01/2000,01:41:10.84,13.91,-74.05,-991.37,122.50,-656.25,-437.50,1,94.296,
01/01/2000,01:41:10.85,14.15,-74.05,-991.49,192.50,-682.50,-350.0,1,94.298,
01/01/2000,01:41:10.86,14.27,-73.93,-991.62,227.50,-726.25,-288.75,1,94.301,
01/01/2000,01:41:10.87,14.15,-74.05,-991.49,253.75,-708.75,-306.25,1,94.303,
01/01/2000,01:41:10.88,13.91,-74.18,-991.49,148.75,-691.25,-385.0,1,94.305,
01/01/2000,01:41:10.89,14.15,-74.05,-991.62,157.50,-656.25,-402.50,1,94.308,
01/01/2000,01:41:10.90,14.27,-73.93,-991.62,183.75,-708.75,-385.0,1,94.310,
01/01/2000,01:41:10.91,14.15,-73.93,-991.62,105.0,-700.0,-306.25,1,94.312,
01/01/2000,01:41:10.92,14.15,-73.93,-991.62,131.25,-647.50,-367.50,1,94.315,
01/01/2000,01:41:10.93,13.91,-73.93,-991.37,192.50,-673.75,-463.75,1,94.279,
01/01/2000,01:41:10.94,14.15,-73.69,-991.37,35.0,-708.75,-253.75,1,94.281,
01/01/2000,01:41:10.95,14.15,-73.93,-991.37,315.0,-700.0,-411.25,1,94.283,
01/01/2000,01:41:10.96,14.03,-73.93,-991.49,78.75,-656.25,-411.25,1,94.286,
01/01/2000,01:41:10.97,14.03,-74.05,-991.49,192.50,-656.25,-358.75,1,94.288,
01/01/2000,01:41:10.98,13.91,-73.93,-991.49,140.0,-743.75,-306.25,1,94.290,
01/01/2000,01:41:10.99,13.91,-73.93,-991.49,175.0,-656.25,-288.75,1,94.293,
01/01/2000,01:41:11.01,14.15,-73.81,-991.62,122.50,-647.50,-262.50,1,94.295,
01/01/2000,01:41:11.02,14.15,-74.05,-991.62,157.50,-700.0,-516.25,1,94.297,
01/01/2000,01:41:11.03,13.91,-73.93,-991.62,183.75,-787.50,-358.75,1,94.299,
01/01/2000,01:41:11.04,13.91,-73.93,-991.49,192.50,-577.50,-376.25,1,94.302,
01/01/2000,01:41:11.05,14.03,-73.81,-991.49,35.0,-691.25,-288.75,1,94.304,
01/01/2000,01:41:11.06,13.91,-73.81,-991.49,122.50,-796.25,-420.0,1,94.306,
01/01/2000,01:41:11.07,13.91,-73.93,-991.62,140.0,-577.50,-350.0,1,94.309,
01/01/2000,01:41:11.08,13.79,-73.81,-991.74,131.25,-708.75,-350.0,1,94.311,
01/01/2000,01:41:11.09,14.03,-73.81,-991.86,236.25,-787.50,-367.50,1,94.313,
01/01/2000,01:41:11.10,14.15,-73.69,-991.86,131.25,-595.0,-358.75,1,94.315,
01/01/2000,01:41:11.11,14.15,-73.69,-991.49,70.0,-726.25,-332.50,1,94.280,
01/01/2000,01:41:11.12,14.03,-73.93,-991.49,245.0,-647.50,-428.75,1,94.320,
01/01/2000,01:41:11.13,13.79,-73.81,-991.37,122.50,-603.75,-323.75,1,94.285,
01/01/2000,01:41:11.15,13.91,-73.81,-991.49,140.0,-612.50,-341.25,1,94.287,
01/01/2000,01:41:11.16,13.91,-73.81,-991.62,113.75,-621.25,-297.50,1,94.289,
01/01/2000,01:41:11.17,14.03,-73.93,-991.49,218.75,-691.25,-420.0,1,94.291,
01/01/2000,01:41:11.18,13.66,-74.05,-991.37,105.0,-691.25,-332.50,1,94.294,
01/01/2000,01:41:11.19,13.79,-74.05,-991.49,253.75,-621.25,-376.25,1,94.296,
01/01/2000,01:41:11.20,13.91,-73.93,-991.62,166.25,-770.0,-306.25,1,94.298,
01/01/2000,01:41:11.21,13.91,-73.81,-991.62,245.0,-682.50,-262.50,1,94.301,
01/01/2000,01:41:11.22,13.66,-73.93,-991.62,210.0,-770.0,-323.75,1,94.265,
01/01/2000,01:41:11.23,13.79,-73.93,-991.62,105.0,-691.25,-315.0,1,94.268,
01/01/2000,01:41:11.24,13.91,-73.93,-991.62,140.0,-752.50,-393.75,1,94.270,
01/01/2000,01:41:11.25,14.27,-73.93,-991.74,87.50,-665.0,-253.75,1,94.272,
01/01/2000,01:41:11.26,14.15,-73.93,-991.62,175.0,-700.0,-428.75,1,94.274,
01/01/2000,01:41:11.27,13.91,-73.93,-991.62,271.25,-735.0,-323.75,1,94.277,
01/01/2000,01:41:11.28,13.79,-73.93,-991.62,201.25,-656.25,-358.75,1,94.279,
01/01/2000,01:41:11.29,14.03,-73.93,-991.74,192.50,-700.0,-358.75,1,94.281,
01/01/2000,01:41:11.30,14.15,-73.93,-991.74,148.75,-743.75,-253.75,1,94.283,
01/01/2000,01:41:11.31,14.15,-74.18,-991.74,43.75,-638.75,-402.50,1,94.286,
01/01/2000,01:41:11.32,13.91,-74.18,-991.62,61.25,-752.50,-367.50,1,94.288,
01/01/2000,01:41:11.33,13.91,-74.18,-991.62,262.50,-630.0,-411.25,1,94.290,
01/01/2000,01:41:11.34,13.91,-74.05,-991.74,183.75,-665.0,-315.0,1,94.293,
01/01/2000,01:41:11.36,13.91,-73.93,-991.86,323.75,-787.50,-262.50,1,94.295,
01/01/2000,01:41:11.37,13.91,-73.93,-991.62,192.50,-778.75,-376.25,1,94.297,
01/01/2000,01:41:11.38,13.79,-74.05,-991.62,-17.50,-735.0,-271.25,1,94.299,
01/01/2000,01:41:11.39,13.79,-74.05,-991.62,297.50,-717.50,-376.25,1,94.302,
01/01/2000,01:41:11.40,14.03,-74.05,-991.62,183.75,-743.75,-367.50,1,94.304,
01/01/2000,01:41:11.41,13.91,-73.93,-991.74,87.50,-673.75,-385.0,1,94.306,
01/01/2000,01:41:11.42,13.91,-74.18,-991.62,122.50,-717.50,-358.75,1,94.308,
01/01/2000,01:41:11.43,13.91,-74.05,-991.49,-35.0,-717.50,-402.50,1,94.311,
01/01/2000,01:41:11.44,13.91,-74.05,-991.37,236.25,-638.75,-463.75,1,94.313,
01/01/2000,01:41:11.45,13.91,-73.93,-991.37,166.25,-761.25,-280.0,1,94.315,
01/01/2000,01:41:11.46,13.91,-74.18,-991.37,297.50,-638.75,-472.50,1,94.317,
01/01/2000,01:41:11.47,13.91,-74.05,-991.37,131.25,-700.0,-358.75,1,94.320,
01/01/2000,01:41:11.48,13.91,-74.18,-991.37,192.50,-735.0,-367.50,1,94.322,
01/01/2000,01:41:11.49,13.91,-73.93,-991.62,183.75,-630.0,-262.50,1,94.287,
01/01/2000,01:41:11.50,14.03,-74.05,-991.62,245.0,-735.0,-280.0,1,94.289,
01/01/2000,01:41:11.51,13.91,-74.18,-991.37,183.75,-656.25,-402.50,1,94.291,
01/01/2000,01:41:11.52,13.79,-74.30,-991.13,131.25,-761.25,-420.0,1,94.294,
01/01/2000,01:41:11.53,13.66,-74.05,-991.25,96.25,-673.75,-315.0,1,94.296,
01/01/2000,01:41:11.54,13.79,-73.81,-991.37,201.25,-656.25,-271.25,1,94.298,
01/01/2000,01:41:11.55,13.91,-73.69,-991.37,201.25,-726.25,-280.0,1,94.300,
01/01/2000,01:41:11.57,13.91,-73.93,-991.37,253.75,-673.75,-376.25,1,94.303,
01/01/2000,01:41:11.58,13.91,-74.05,-991.25,192.50,-577.50,-332.50,1,94.305,
01/01/2000,01:41:11.59,14.15,-74.18,-991.37,157.50,-656.25,-455.0,1,94.307,
01/01/2000,01:41:11.60,14.15,-73.93,-991.62,131.25,-630.0,-367.50,1,94.309,
01/01/2000,01:41:11.61,14.15,-73.93,-991.62,122.50,-700.0,-341.25,1,94.311,
01/01/2000,01:41:11.62,13.91,-74.05,-991.49,157.50,-682.50,-376.25,1,94.314,
01/01/2000,01:41:11.63,13.79,-74.30,-991.37,131.25,-691.25,-323.75,1,94.316,
01/01/2000,01:41:11.64,14.15,-74.18,-991.49,96.25,-726.25,-350.0,1,94.281,
01/01/2000,01:41:11.65,14.40,-74.05,-991.37,148.75,-630.0,-271.25,1,94.320,
01/01/2000,01:41:11.66,14.15,-74.18,-991.49,70.0,-682.50,-262.50,1,94.286,
01/01/2000,01:41:11.67,14.03,-74.18,-991.37,227.50,-647.50,-446.25,1,94.288,
01/01/2000,01:41:11.68,13.91,-74.18,-991.37,166.25,-691.25,-358.75,1,94.290,
01/01/2000,01:41:11.70,14.15,-73.69,-991.62,61.25,-752.50,-236.25,1,94.292,
01/01/2000,01:41:11.71,14.15,-73.93,-991.62,105.0,-700.0,-306.25,1,94.295,
01/01/2000,01:41:11.72,13.91,-74.18,-991.37,166.25,-805.0,-385.0,1,94.297,
01/01/2000,01:41:11.73,13.91,-74.05,-991.37,148.75,-595.0,-455.0,1,94.299,
01/01/2000,01:41:11.74,13.91,-73.93,-991.49,358.75,-673.75,-367.50,1,94.301,
01/01/2000,01:41:11.75,14.03,-73.81,-991.62,78.75,-726.25,-227.50,1,94.304,
01/01/2000,01:41:11.76,13.91,-73.93,-991.37,148.75,-647.50,-280.0,1,94.306,
01/01/2000,01:41:11.77,13.91,-73.93,-991.01,288.75,-708.75,-376.25,1,94.308,
01/01/2000,01:41:11.78,14.03,-74.05,-991.13,175.0,-691.25,-358.75,1,94.273,
01/01/2000,01:41:11.79,14.15,-74.18,-991.37,210.0,-770.0,-446.25,1,94.276,
01/01/2000,01:41:11.80,14.15,-74.05,-991.37,166.25,-682.50,-245.0,1,94.278,
01/01/2000,01:41:11.81,14.03,-73.93,-991.37,35.0,-533.75,-306.25,1,94.280,
01/01/2000,01:41:11.82,13.91,-74.18,-991.49,245.0,-673.75,-315.0,1,94.282,
01/01/2000,01:41:11.83,14.15,-74.18,-991.49,183.75,-656.25,-367.50,1,94.285,
01/01/2000,01:41:11.85,14.27,-74.18,-991.62,175.0,-813.75,-332.50,1,94.287,
01/01/2000,01:41:11.86,14.15,-74.30,-991.49,-26.25,-647.50,-385.0,1,94.289,
01/01/2000,01:41:11.87,14.15,-74.30,-991.25,227.50,-682.50,-411.25,1,94.291,
01/01/2000,01:41:11.88,14.03,-74.18,-991.25,210.0,-761.25,-332.50,1,94.293,
01/01/2000,01:41:11.89,14.03,-73.93,-991.37,183.75,-665.0,-350.0,1,94.296,
01/01/2000,01:41:11.90,14.15,-73.93,-991.37,148.75,-691.25,-227.50,1,94.298,
01/01/2000,01:41:11.91,14.15,-73.93,-991.37,280.0,-752.50,-350.0,1,94.300,
01/01/2000,01:41:11.92,14.15,-74.18,-991.25,192.50,-682.50,-315.0,1,94.302,
01/01/2000,01:41:11.93,14.15,-74.05,-991.25,358.75,-656.25,-498.75,1,94.305,
01/01/2000,01:41:11.94,14.03,-73.69,-991.37,140.0,-630.0,-210.0,1,94.307,
01/01/2000,01:41:11.95,14.03,-73.57,-991.37,236.25,-656.25,-323.75,1,94.309,
01/01/2000,01:41:11.96,14.03,-73.44,-991.25,157.50,-612.50,-210.0,1,94.311,
01/01/2000,01:41:11.97,13.91,-73.81,-991.13,236.25,-656.25,-323.75,1,94.313,
01/01/2000,01:41:11.98,13.91,-73.93,-991.01,201.25,-743.75,-262.50,1,94.316,
01/01/2000,01:41:12.00,13.91,-74.05,-991.01,175.0,-673.75,-280.0,1,94.281,
01/01/2000,01:41:12.00,13.91,-74.05,-991.13,175.0,-682.50,-437.50,1,94.284,
01/01/2000,01:41:12.02,13.79,-73.93,-991.25,113.75,-805.0,-297.50,1,94.286,
01/01/2000,01:41:12.03,13.79,-73.93,-991.13,218.75,-630.0,-437.50,1,94.288,
01/01/2000,01:41:12.04,13.66,-73.93,-990.88,61.25,-691.25,-227.50,1,94.290,
01/01/2000,01:41:12.05,13.91,-73.93,-991.01,131.25,-638.75,-280.0,1,94.292,
01/01/2000,01:41:12.06,14.03,-73.93,-991.13,323.75,-691.25,-315.0,1,94.295,
01/01/2000,01:41:12.07,13.91,-73.93,-991.13,218.75,-708.75,-376.25,1,94.297,
01/01/2000,01:41:12.08,13.79,-73.69,-991.13,96.25,-752.50,-393.75,1,94.299,
01/01/2000,01:41:12.09,13.66,-73.81,-991.25,131.25,-638.75,-350.0,1,94.301,
01/01/2000,01:41:12.10,14.03,-73.69,-991.49,96.25,-691.25,-218.75,1,94.303,
01/01/2000,01:41:12.11,14.15,-73.81,-991.49,78.75,-656.25,-262.50,1,94.306,
01/01/2000,01:41:12.12,14.15,-73.93,-991.13,131.25,-770.0,-262.50,1,94.308,
01/01/2000,01:41:12.13,13.91,-74.05,-991.01,52.50,-673.75,-446.25,1,94.274,
01/01/2000,01:41:12.14,13.91,-73.93,-991.13,227.50,-717.50,-350.0,1,94.276,
01/01/2000,01:41:12.15,14.03,-73.93,-991.25,280.0,-638.75,-472.50,1,94.278,
01/01/2000,01:41:12.16,14.15,-73.81,-991.37,201.25,-665.0,-350.0,1,94.280,
01/01/2000,01:41:12.17,14.15,-74.05,-991.13,253.75,-638.75,-385.0,1,94.282,
01/01/2000,01:41:12.18,14.03,-73.93,-991.13,43.75,-752.50,-367.50,1,94.285,
01/01/2000,01:41:12.19,14.15,-74.18,-991.13,131.25,-647.50,-428.75,1,94.287,
01/01/2000,01:41:12.21,14.27,-73.81,-991.13,113.75,-735.0,-288.75,1,94.289,
01/01/2000,01:41:12.22,14.15,-73.93,-991.13,105.0,-691.25,-166.25,1,94.255,
01/01/2000,01:41:12.23,14.15,-74.05,-991.01,166.25,-638.75,-446.25,1,94.257,
01/01/2000,01:41:12.24,14.27,-74.18,-991.13,96.25,-708.75,-262.50,1,94.259,
01/01/2000,01:41:12.25,14.40,-74.18,-991.37,175.0,-673.75,-385.0,1,94.262,
01/01/2000,01:41:12.26,14.27,-74.30,-991.25,35.0,-778.75,-428.75,1,94.264,
01/01/2000,01:41:12.27,13.79,-74.30,-991.01,183.75,-621.25,-332.50,1,94.266,
01/01/2000,01:41:12.28,13.79,-74.18,-991.01,140.0,-656.25,-446.25,1,94.268,
01/01/2000,01:41:12.29,13.79,-74.05,-991.01,131.25,-735.0,-315.0,1,94.270,
01/01/2000,01:41:12.30,13.91,-74.05,-991.13,166.25,-778.75,-367.50,1,94.273,
01/01/2000,01:41:12.31,13.91,-74.05,-991.13,192.50,-647.50,-376.25,1,94.275,
01/01/2000,01:41:12.32,14.15,-74.18,-991.13,70.0,-682.50,-376.25,1,94.277,
01/01/2000,01:41:12.33,13.91,-74.18,-991.13,262.50,-621.25,-350.0,1,94.279,
01/01/2000,01:41:12.35,14.03,-73.81,-991.13,-8.75,-735.0,-280.0,1,94.281,
01/01/2000,01:41:12.36,13.91,-74.05,-991.13,245.0,-691.25,-280.0,1,94.284,
01/01/2000,01:41:12.37,13.91,-73.93,-991.13,148.75,-673.75,-358.75,1,94.286,
01/01/2000,01:41:12.38,13.54,-74.18,-991.01,192.50,-691.25,-525.0,1,94.288,
01/01/2000,01:41:12.39,13.42,-74.05,-990.88,166.25,-673.75,-315.0,1,94.290,
01/01/2000,01:41:12.40,13.66,-73.93,-990.88,131.25,-726.25,-437.50,1,94.292,
01/01/2000,01:41:12.41,13.54,-73.93,-990.88,43.75,-700.0,-175.0,1,94.294,
01/01/2000,01:41:12.42,13.66,-73.93,-991.01,166.25,-682.50,-367.50,1,94.297,
01/01/2000,01:41:12.43,13.66,-74.18,-991.01,227.50,-778.75,-297.50,1,94.299,
01/01/2000,01:41:12.44,13.66,-74.18,-991.13,166.25,-708.75,-262.50,1,94.301,
01/01/2000,01:41:12.45,13.79,-73.93,-991.37,96.25,-770.0,-306.25,1,94.303,
01/01/2000,01:41:12.46,13.91,-74.05,-991.25,113.75,-647.50,-271.25,1,94.305,
01/01/2000,01:41:12.47,13.91,-73.93,-991.13,148.75,-717.50,-367.50,1,94.307,
01/01/2000,01:41:12.48,13.79,-74.18,-991.13,140.0,-682.50,-420.0,1,94.274,
01/01/2000,01:41:12.49,13.79,-74.42,-991.13,262.50,-612.50,-446.25,1,94.276,
01/01/2000,01:41:12.50,13.91,-74.18,-991.37,175.0,-700.0,-402.50,1,94.278,
01/01/2000,01:41:12.51,13.91,-73.93,-991.25,236.25,-673.75,-236.25,1,94.280,
01/01/2000,01:41:12.52,13.91,-73.93,-991.01,201.25,-752.50,-455.0,1,94.282,
01/01/2000,01:41:12.53,13.79,-73.93,-990.88,183.75,-735.0,-297.50,1,94.285,
01/01/2000,01:41:12.54,13.66,-74.05,-990.88,306.25,-743.75,-428.75,1,94.287,
01/01/2000,01:41:12.56,13.79,-74.05,-991.13,96.25,-665.0,-420.0,1,94.289,
01/01/2000,01:41:12.57,13.79,-73.81,-990.88,218.75,-735.0,-192.50,1,94.291,
01/01/2000,01:41:12.58,13.79,-73.93,-990.88,166.25,-673.75,-315.0,1,94.293,
01/01/2000,01:41:12.59,13.66,-73.93,-991.01,227.50,-673.75,-332.50,1,94.295,
01/01/2000,01:41:12.60,13.66,-73.93,-991.25,96.25,-595.0,-367.50,1,94.298,
01/01/2000,01:41:12.61,13.79,-74.05,-991.37,183.75,-656.25,-323.75,1,94.300,
01/01/2000,01:41:12.62,13.79,-74.05,-991.37,192.50,-542.50,-463.75,1,94.302,
01/01/2000,01:41:12.63,13.66,-74.18,-991.13,70.0,-700.0,-332.50,1,94.304,
01/01/2000,01:41:12.64,13.66,-74.05,-991.13,210.0,-656.25,-358.75,1,94.306,
01/01/2000,01:41:12.65,13.66,-73.93,-991.25,105.0,-682.50,-350.0,1,94.308,
01/01/2000,01:41:12.66,13.79,-74.05,-991.37,201.25,-761.25,-323.75,1,94.275,
01/01/2000,01:41:12.67,13.66,-74.18,-991.37,70.0,-743.75,-367.50,1,94.313,
01/01/2000,01:41:12.68,13.66,-74.18,-991.13,192.50,-665.0,-367.50,1,94.279,
01/01/2000,01:41:12.70,13.91,-74.05,-991.13,201.25,-673.75,-385.0,1,94.281,
01/01/2000,01:41:12.71,13.79,-73.93,-991.25,210.0,-673.75,-227.50,1,94.284,
01/01/2000,01:41:12.72,13.79,-74.05,-991.37,210.0,-656.25,-341.25,1,94.286,
01/01/2000,01:41:12.73,13.79,-74.05,-991.25,201.25,-717.50,-367.50,1,94.288,
01/01/2000,01:41:12.74,13.79,-73.93,-991.25,218.75,-787.50,-323.75,1,94.290,
01/01/2000,01:41:12.75,13.91,-73.93,-991.01,183.75,-761.25,-420.0,1,94.292,
01/01/2000,01:41:12.76,14.03,-74.05,-991.01,113.75,-717.50,-358.75,1,94.294,
01/01/2000,01:41:12.77,13.91,-74.18,-991.13,43.75,-778.75,-385.0,1,94.261,
01/01/2000,01:41:12.78,13.79,-74.18,-991.25,218.75,-656.25,-315.0,1,94.263,
01/01/2000,01:41:12.79,13.91,-73.93,-991.13,201.25,-630.0,-323.75,1,94.265,
01/01/2000,01:41:12.80,13.91,-73.81,-991.25,253.75,-796.25,-358.75,1,94.268,
01/01/2000,01:41:12.81,13.91,-73.81,-991.13,227.50,-665.0,-341.25,1,94.270,
01/01/2000,01:41:12.82,13.91,-74.05,-991.13,175.0,-665.0,-358.75,1,94.272,
01/01/2000,01:41:12.83,13.91,-74.18,-991.01,210.0,-708.75,-245.0,1,94.274,
01/01/2000,01:41:12.84,13.91,-74.18,-990.88,131.25,-665.0,-376.25,1,94.276,
01/01/2000,01:41:12.85,13.91,-74.18,-990.88,166.25,-665.0,-341.25,1,94.278,
01/01/2000,01:41:12.86,13.91,-74.05,-990.88,245.0,-743.75,-393.75,1,94.280,
01/01/2000,01:41:12.87,13.91,-73.93,-990.88,192.50,-630.0,-350.0,1,94.283,
01/01/2000,01:41:12.88,14.03,-73.81,-991.13,227.50,-595.0,-332.50,1,94.285,
01/01/2000,01:41:12.89,13.91,-73.93,-991.01,166.25,-647.50,-280.0,1,94.287,
01/01/2000,01:41:12.91,14.03,-74.18,-991.13,157.50,-665.0,-315.0,1,94.289,
01/01/2000,01:41:12.92,14.15,-74.18,-991.13,113.75,-708.75,-271.25,1,94.291,
01/01/2000,01:41:12.93,14.15,-73.93,-991.25,271.25,-752.50,-297.50,1,94.293,
01/01/2000,01:41:12.94,14.15,-73.93,-991.13,201.25,-717.50,-341.25,1,94.295,
01/01/2000,01:41:12.95,13.79,-73.93,-991.13,236.25,-743.75,-236.25,1,94.297,
01/01/2000,01:41:12.96,14.15,-73.81,-991.13,175.0,-805.0,-542.50,1,94.300,
01/01/2000,01:41:12.97,14.40,-73.93,-991.13,280.0,-717.50,-218.75,1,94.302,
01/01/2000,01:41:12.98,14.40,-73.81,-991.13,183.75,-700.0,-201.25,1,94.304,
01/01/2000,01:41:12.99,14.15,-73.93,-991.25,201.25,-630.0,-525.0,1,94.306,
01/01/2000,01:41:13.00,14.27,-73.81,-991.13,157.50,-673.75,-385.0,1,94.308,
01/01/2000,01:41:13.01,14.52,-73.44,-991.13,271.25,-647.50,-271.25,1,94.310,
01/01/2000,01:41:13.02,14.52,-73.69,-991.13,140.0,-586.25,-288.75,1,94.312,
01/01/2000,01:41:13.03,14.40,-73.93,-990.76,105.0,-673.75,-420.0,1,94.314,
01/01/2000,01:41:13.04,14.27,-74.05,-990.76,105.0,-761.25,-595.0,1,94.281,
01/01/2000,01:41:13.05,14.27,-73.93,-991.13,96.25,-691.25,-280.0,1,94.284,
01/01/2000,01:41:13.06,14.40,-73.69,-991.13,0.0,-726.25,-402.50,1,94.286,
01/01/2000,01:41:13.07,14.40,-73.69,-991.13,105.0,-700.0,-192.50,1,94.288,
01/01/2000,01:41:13.08,14.15,-73.93,-990.88,131.25,-743.75,-315.0,1,94.290,
01/01/2000,01:41:13.09,14.03,-74.05,-990.88,113.75,-743.75,-490.0,1,94.292,
01/01/2000,01:41:13.10,14.27,-73.93,-991.13,61.25,-673.75,-323.75,1,94.294,
01/01/2000,01:41:13.12,14.40,-73.81,-991.01,17.50,-735.0,-385.0,1,94.296,
01/01/2000,01:41:13.13,14.15,-74.05,-990.76,227.50,-691.25,-236.25,1,94.298,
01/01/2000,01:41:13.14,14.15,-74.05,-990.76,0.0,-805.0,-350.0,1,94.301,
01/01/2000,01:41:13.15,14.15,-74.18,-990.88,323.75,-735.0,-463.75,1,94.303,
01/01/2000,01:41:13.16,14.03,-73.81,-991.13,122.50,-752.50,-341.25,1,94.305,
01/01/2000,01:41:13.17,14.15,-73.93,-991.01,227.50,-752.50,-306.25,1,94.307,
01/01/2000,01:41:13.18,14.15,-73.93,-990.76,52.50,-735.0,-297.50,1,94.309,
01/01/2000,01:41:13.19,13.91,-73.93,-990.76,113.75,-647.50,-350.0,1,94.311,
01/01/2000,01:41:13.20,14.15,-73.93,-990.88,271.25,-621.25,-323.75,1,94.313,
01/01/2000,01:41:13.21,14.15,-73.81,-991.37,131.25,-691.25,-341.25,1,94.315,
01/01/2000,01:41:13.22,14.15,-73.81,-991.37,122.50,-638.75,-411.25,1,94.317,
01/01/2000,01:41:13.24,14.15,-73.93,-990.88,218.75,-761.25,-341.25,1,94.285,
01/01/2000,01:41:13.25,13.91,-74.05,-990.88,157.50,-691.25,-332.50,1,94.287,
01/01/2000,01:41:13.26,14.03,-73.93,-991.13,175.0,-656.25,-271.25,1,94.289,
01/01/2000,01:41:13.27,14.03,-73.93,-991.13,96.25,-717.50,-393.75,1,94.291,
01/01/2000,01:41:13.28,13.91,-73.81,-991.01,131.25,-743.75,-350.0,1,94.293,
01/01/2000,01:41:13.29,13.91,-73.81,-990.76,105.0,-682.50,-271.25,1,94.295,
01/01/2000,01:41:13.30,14.03,-73.81,-990.88,131.25,-700.0,-218.75,1,94.297,
01/01/2000,01:41:13.31,14.15,-73.81,-991.13,26.25,-761.25,-393.75,1,94.299,
01/01/2000,01:41:13.32,14.15,-73.93,-991.25,43.75,-770.0,-358.75,1,94.301,
01/01/2000,01:41:13.33,14.15,-73.93,-991.25,140.0,-787.50,-297.50,1,94.269,
01/01/2000,01:41:13.34,13.91,-73.93,-991.13,218.75,-647.50,-428.75,1,94.271,
01/01/2000,01:41:13.35,14.03,-73.93,-991.13,140.0,-691.25,-323.75,1,94.273,
01/01/2000,01:41:13.36,14.15,-73.81,-991.25,96.25,-586.25,-463.75,1,94.275,
01/01/2000,01:41:13.37,14.15,-74.05,-991.37,175.0,-700.0,-253.75,1,94.277,
01/01/2000,01:41:13.38,14.15,-73.93,-991.37,-8.75,-822.50,-350.0,1,94.279,
01/01/2000,01:41:13.39,14.15,-73.93,-990.88,288.75,-735.0,-358.75,1,94.282,
01/01/2000,01:41:13.41,14.27,-73.69,-991.13,262.50,-560.0,-288.75,1,94.284,
01/01/2000,01:41:13.42,14.40,-73.81,-991.13,122.50,-691.25,-402.50,1,94.286,
01/01/2000,01:41:13.43,14.27,-73.93,-991.13,166.25,-612.50,-280.0,1,94.288,
01/01/2000,01:41:13.44,14.40,-74.05,-991.01,122.50,-700.0,-446.25,1,94.290,
01/01/2000,01:41:13.45,14.27,-73.81,-990.88,122.50,-778.75,-428.75,1,94.292,
01/01/2000,01:41:13.46,14.40,-73.81,-990.88,350.0,-621.25,-332.50,1,94.294,
01/01/2000,01:41:13.47,14.40,-73.69,-990.88,35.0,-761.25,-323.75,1,94.296,
01/01/2000,01:41:13.48,14.27,-73.81,-990.88,236.25,-726.25,-306.25,1,94.298,
01/01/2000,01:41:13.49,14.15,-73.93,-990.76,122.50,-726.25,-350.0,1,94.300,
01/01/2000,01:41:13.50,14.15,-73.93,-990.64,131.25,-586.25,-385.0,1,94.302,
01/01/2000,01:41:13.51,14.15,-73.69,-990.88,210.0,-656.25,-288.75,1,94.304,
01/01/2000,01:41:13.52,14.15,-73.69,-990.88,175.0,-717.50,-262.50,1,94.307,
01/01/2000,01:41:13.53,14.15,-73.69,-990.88,131.25,-717.50,-358.75,1,94.309,
01/01/2000,01:41:13.54,14.03,-73.93,-990.88,183.75,-700.0,-472.50,1,94.276,
01/01/2000,01:41:13.55,13.91,-73.81,-991.01,148.75,-665.0,-376.25,1,94.278,
01/01/2000,01:41:13.56,14.03,-73.81,-991.01,148.75,-656.25,-315.0,1,94.281,
01/01/2000,01:41:13.58,14.15,-73.81,-990.88,183.75,-726.25,-227.50,1,94.283,
01/01/2000,01:41:13.58,14.03,-73.81,-990.88,175.0,-621.25,-341.25,1,94.285,
01/01/2000,01:41:13.60,13.91,-73.93,-990.88,245.0,-752.50,-393.75,1,94.287,
01/01/2000,01:41:13.61,14.03,-73.81,-991.01,183.75,-752.50,-315.0,1,94.289,
01/01/2000,01:41:13.62,14.15,-73.93,-991.13,166.25,-665.0,-280.0,1,94.291,
01/01/2000,01:41:13.63,14.03,-73.93,-991.13,70.0,-673.75,-323.75,1,94.293,
01/01/2000,01:41:13.64,14.15,-74.05,-991.01,122.50,-647.50,-455.0,1,94.295,
01/01/2000,01:41:13.65,14.15,-74.05,-991.01,175.0,-787.50,-350.0,1,94.297,
01/01/2000,01:41:13.66,14.15,-74.05,-991.13,131.25,-665.0,-376.25,1,94.299,
01/01/2000,01:41:13.67,14.27,-74.05,-991.25,122.50,-682.50,-446.25,1,94.301,
01/01/2000,01:41:13.68,14.15,-73.93,-991.13,96.25,-813.75,-280.0,1,94.269,
01/01/2000,01:41:13.69,13.91,-73.93,-991.01,122.50,-787.50,-358.75,1,94.271,
01/01/2000,01:41:13.70,13.54,-74.18,-991.13,35.0,-638.75,-227.50,1,94.273,
01/01/2000,01:41:13.71,13.91,-74.18,-991.37,367.50,-752.50,-437.50,1,94.275,
01/01/2000,01:41:13.72,14.64,-73.69,-991.25,157.50,-778.75,-113.75,1,94.277,
01/01/2000,01:41:13.73,14.40,-73.93,-991.01,192.50,-612.50,-52.50,1,94.280,
01/01/2000,01:41:13.75,13.42,-74.54,-991.25,288.75,-656.25,-507.50,1,94.282,
01/01/2000,01:41:13.76,14.27,-73.93,-991.25,227.50,-752.50,-516.25,1,94.250,
01/01/2000,01:41:13.77,14.40,-73.44,-991.37,-8.75,-717.50,-183.75,1,94.252,
01/01/2000,01:41:13.78,14.15,-73.81,-991.01,218.75,-822.50,-245.0,1,94.254,
01/01/2000,01:41:13.79,14.03,-73.93,-990.76,35.0,-665.0,-481.25,1,94.256,
01/01/2000,01:41:13.80,13.91,-74.18,-990.88,280.0,-743.75,-280.0,1,94.258,
01/01/2000,01:41:13.81,14.40,-73.93,-991.25,131.25,-621.25,-481.25,1,94.260,
01/01/2000,01:41:13.82,14.27,-73.93,-991.37,113.75,-691.25,-420.0,1,94.262,
01/01/2000,01:41:13.83,14.40,-73.69,-990.88,166.25,-630.0,-122.50,1,94.264,
01/01/2000,01:41:13.84,14.03,-73.69,-990.52,131.25,-743.75,-306.25,1,94.266,
01/01/2000,01:41:13.85,13.79,-73.93,-990.64,157.50,-665.0,-402.50,1,94.268,
01/01/2000,01:41:13.86,14.15,-73.93,-991.37,192.50,-778.75,-385.0,1,94.270,
01/01/2000,01:41:13.87,14.15,-73.93,-991.49,218.75,-638.75,-245.0,1,94.272,
01/01/2000,01:41:13.88,14.03,-73.93,-991.37,-52.50,-603.75,-323.75,1,94.274,
01/01/2000,01:41:13.90,13.91,-73.93,-990.88,271.25,-743.75,-428.75,1,94.276,
01/01/2000,01:41:13.91,13.91,-74.05,-990.88,148.75,-682.50,-332.50,1,94.279,
01/01/2000,01:41:13.92,14.03,-74.05,-991.37,166.25,-752.50,-358.75,1,94.281,
01/01/2000,01:41:13.93,14.03,-74.18,-991.49,148.75,-682.50,-402.50,1,94.283,
01/01/2000,01:41:13.94,14.03,-74.18,-991.13,96.25,-568.75,-253.75,1,94.285,
01/01/2000,01:41:13.95,13.91,-74.18,-991.01,262.50,-778.75,-446.25,1,94.287,
01/01/2000,01:41:13.96,14.03,-74.18,-991.01,280.0,-542.50,-323.75,1,94.289,
01/01/2000,01:41:13.97,14.15,-73.93,-991.13,166.25,-735.0,-280.0,1,94.257,
01/01/2000,01:41:13.98,14.27,-73.93,-991.13,192.50,-656.25,-341.25,1,94.259,
01/01/2000,01:41:13.99,14.15,-74.05,-991.01,113.75,-595.0,-350.0,1,94.261,
01/01/2000,01:41:14.00,14.03,-73.93,-990.88,210.0,-717.50,-437.50,1,94.263,
01/01/2000,01:41:14.01,14.15,-73.69,-990.88,122.50,-726.25,-332.50,1,94.265,
01/01/2000,01:41:14.02,14.15,-73.69,-991.13,148.75,-673.75,-315.0,1,94.267,
01/01/2000,01:41:14.04,13.91,-73.93,-991.13,271.25,-708.75,-463.75,1,94.269,
01/01/2000,01:41:14.05,13.91,-73.93,-991.13,210.0,-691.25,-367.50,1,94.271,
01/01/2000,01:41:14.06,13.91,-73.93,-991.13,131.25,-665.0,-437.50,1,94.273,
01/01/2000,01:41:14.07,13.91,-73.69,-991.13,122.50,-735.0,-315.0,1,94.275,
01/01/2000,01:41:14.08,13.91,-73.57,-991.37,148.75,-708.75,-385.0,1,94.278,
01/01/2000,01:41:14.09,14.03,-73.69,-991.37,148.75,-630.0,-323.75,1,94.280,
01/01/2000,01:41:14.10,14.15,-73.69,-991.13,175.0,-770.0,-315.0,1,94.282,
01/01/2000,01:41:14.11,13.91,-73.81,-991.25,245.0,-630.0,-411.25,1,94.284,
01/01/2000,01:41:14.12,14.03,-73.69,-991.37,183.75,-691.25,-332.50,1,94.286,
01/01/2000,01:41:14.13,14.27,-73.69,-991.49,183.75,-638.75,-393.75,1,94.288,
01/01/2000,01:41:14.14,14.40,-73.81,-991.37,26.25,-735.0,-253.75,1,94.290,
01/01/2000,01:41:14.15,14.15,-74.05,-991.25,17.50,-647.50,-323.75,1,94.292,
01/01/2000,01:41:14.16,14.27,-74.18,-991.25,201.25,-647.50,-323.75,1,94.294,
01/01/2000,01:41:14.17,14.40,-73.81,-991.37,96.25,-612.50,-280.0,1,94.296,
01/01/2000,01:41:14.18,14.27,-73.93,-991.37,271.25,-673.75,-385.0,1,94.264,
01/01/2000,01:41:14.19,14.15,-73.93,-991.25,201.25,-700.0,-332.50,1,94.266,
01/01/2000,01:41:14.20,14.03,-74.05,-991.25,140.0,-630.0,-411.25,1,94.268,
01/01/2000,01:41:14.21,14.15,-73.93,-991.37,113.75,-700.0,-367.50,1,94.270,
01/01/2000,01:41:14.22,14.15,-74.05,-991.37,105.0,-621.25,-323.75,1,94.272,
01/01/2000,01:41:14.23,14.15,-74.05,-991.37,148.75,-743.75,-341.25,1,94.275,
01/01/2000,01:41:14.25,14.15,-73.93,-991.13,87.50,-673.75,-402.50,1,94.277,
01/01/2000,01:41:14.26,14.27,-74.05,-991.01,175.0,-743.75,-393.75,1,94.245,
01/01/2000,01:41:14.27,14.40,-73.93,-991.13,148.75,-603.75,-218.75,1,94.247,
01/01/2000,01:41:14.28,14.15,-73.93,-990.88,17.50,-770.0,-420.0,1,94.249,
01/01/2000,01:41:14.29,14.03,-73.69,-990.76,140.0,-638.75,-332.50,1,94.251,
01/01/2000,01:41:14.30,14.03,-73.81,-991.01,192.50,-726.25,-411.25,1,94.253,
01/01/2000,01:41:14.31,14.15,-73.69,-991.13,96.25,-787.50,-288.75,1,94.255,
01/01/2000,01:41:14.32,14.27,-73.93,-991.13,148.75,-691.25,-393.75,1,94.257,
01/01/2000,01:41:14.33,14.03,-73.93,-991.01,157.50,-717.50,-288.75,1,94.259,
01/01/2000,01:41:14.34,13.91,-73.93,-990.88,227.50,-656.25,-393.75,1,94.261,
01/01/2000,01:41:14.35,14.03,-73.93,-991.13,437.50,-673.75,-376.25,1,94.263,
01/01/2000,01:41:14.37,14.15,-73.81,-991.25,61.25,-700.0,-306.25,1,94.265,
01/01/2000,01:41:14.37,14.03,-73.81,-991.13,113.75,-621.25,-148.75,1,94.268,
01/01/2000,01:41:14.39,14.15,-73.93,-990.88,-17.50,-700.0,-148.75,1,94.270,
01/01/2000,01:41:14.40,13.79,-73.93,-990.76,175.0,-700.0,-446.25,1,94.272,
01/01/2000,01:41:14.41,13.79,-73.93,-990.88,323.75,-673.75,-332.50,1,94.274,
01/01/2000,01:41:14.42,14.03,-73.81,-991.13,131.25,-638.75,-297.50,1,94.276,
01/01/2000,01:41:14.43,14.03,-73.81,-991.25,148.75,-612.50,-271.25,1,94.278,
01/01/2000,01:41:14.44,13.91,-73.93,-991.25,210.0,-708.75,-323.75,1,94.280,
01/01/2000,01:41:14.45,13.91,-74.18,-991.13,140.0,-630.0,-420.0,1,94.282,
01/01/2000,01:41:14.46,14.15,-74.18,-991.01,78.75,-665.0,-341.25,1,94.284,
01/01/2000,01:41:14.47,14.15,-74.18,-991.13,148.75,-673.75,-350.0,1,94.286,
01/01/2000,01:41:14.48,14.15,-74.05,-991.13,148.75,-787.50,-332.50,1,94.288,
01/01/2000,01:41:14.49,13.91,-73.93,-991.01,87.50,-735.0,-385.0,1,94.290,
01/01/2000,01:41:14.50,13.91,-73.81,-991.01,17.50,-665.0,-245.0,1,94.292,
01/01/2000,01:41:14.51,14.15,-73.81,-991.25,166.25,-621.25,-376.25,1,94.294,
01/01/2000,01:41:14.52,14.40,-73.81,-991.25,140.0,-630.0,-297.50,1,94.296,
01/01/2000,01:41:14.53,14.27,-73.93,-991.13,166.25,-665.0,-393.75,1,94.265,
01/01/2000,01:41:14.54,14.15,-74.05,-991.01,271.25,-805.0,-481.25,1,94.267,
01/01/2000,01:41:14.55,13.91,-73.69,-990.88,43.75,-761.25,-323.75,1,94.269,
01/01/2000,01:41:14.56,14.03,-73.69,-991.01,113.75,-682.50,-315.0,1,94.271,
01/01/2000,01:41:14.57,14.03,-73.57,-991.13,35.0,-708.75,-192.50,1,94.273,
01/01/2000,01:41:14.58,14.15,-73.69,-991.13,157.50,-726.25,-323.75,1,94.275,
01/01/2000,01:41:14.59,14.27,-74.18,-991.37,122.50,-647.50,-288.75,1,94.277,
01/01/2000,01:41:14.61,14.27,-74.42,-991.49,122.50,-673.75,-280.0,1,94.279,
01/01/2000,01:41:14.62,14.27,-74.18,-991.37,201.25,-796.25,-455.0,1,94.281,
01/01/2000,01:41:14.63,14.27,-74.05,-991.13,113.75,-586.25,-218.75,1,94.283,
01/01/2000,01:41:14.64,14.15,-73.93,-991.01,105.0,-682.50,-367.50,1,94.285,
01/01/2000,01:41:14.65,13.91,-73.93,-990.88,227.50,-577.50,-358.75,1,94.287,
01/01/2000,01:41:14.66,13.91,-73.93,-991.13,131.25,-743.75,-306.25,1,94.289,
01/01/2000,01:41:14.67,14.27,-73.93,-991.37,131.25,-673.75,-428.75,1,94.258,
01/01/2000,01:41:14.68,14.27,-73.93,-991.49,43.75,-621.25,-271.25,1,94.260,
01/01/2000,01:41:14.69,14.27,-73.93,-991.49,122.50,-735.0,-411.25,1,94.262,
01/01/2000,01:41:14.70,14.15,-73.93,-991.37,157.50,-726.25,-393.75,1,94.264,
01/01/2000,01:41:14.71,14.03,-73.69,-991.25,35.0,-717.50,-306.25,1,94.266,
01/01/2000,01:41:14.72,14.15,-73.69,-991.37,262.50,-638.75,-350.0,1,94.268,
01/01/2000,01:41:14.73,13.91,-73.69,-991.25,52.50,-682.50,-402.50,1,94.270,
01/01/2000,01:41:14.75,13.91,-73.93,-991.25,245.0,-682.50,-428.75,1,94.272,
01/01/2000,01:41:14.76,14.15,-73.93,-991.37,140.0,-647.50,-341.25,1,94.274,
01/01/2000,01:41:14.77,14.40,-74.18,-991.74,280.0,-630.0,-323.75,1,94.276,
01/01/2000,01:41:14.78,14.15,-74.30,-991.86,280.0,-831.25,-393.75,1,94.278,
01/01/2000,01:41:14.79,13.91,-74.18,-991.62,192.50,-673.75,-315.0,1,94.280,
01/01/2000,01:41:14.80,14.03,-74.05,-991.37,166.25,-752.50,-481.25,1,94.282,
01/01/2000,01:41:14.81,14.15,-73.93,-991.25,218.75,-621.25,-323.75,1,94.284,
01/01/2000,01:41:14.82,14.15,-74.05,-991.13,157.50,-603.75,-253.75,1,94.253,
01/01/2000,01:41:14.83,14.15,-74.30,-991.25,210.0,-691.25,-262.50,1,94.255,
01/01/2000,01:41:14.84,14.15,-74.42,-991.25,157.50,-717.50,-341.25,1,94.257,
01/01/2000,01:41:14.85,14.03,-74.30,-991.49,113.75,-708.75,-446.25,1,94.259,
01/01/2000,01:41:14.86,14.15,-74.18,-991.49,210.0,-665.0,-201.25,1,94.261,
01/01/2000,01:41:14.87,14.15,-74.18,-991.37,210.0,-682.50,-253.75,1,94.263,
01/01/2000,01:41:14.88,14.15,-74.18,-991.13,43.75,-735.0,-323.75,1,94.265,
01/01/2000,01:41:14.89,14.03,-74.18,-991.01,280.0,-691.25,-341.25,1,94.267,
01/01/2000,01:41:14.90,13.91,-74.05,-991.13,105.0,-630.0,-376.25,1,94.269,
01/01/2000,01:41:14.92,13.91,-73.93,-991.25,148.75,-700.0,-315.0,1,94.271,
01/01/2000,01:41:14.92,14.03,-73.93,-991.37,17.50,-735.0,-315.0,1,94.273,
01/01/2000,01:41:14.94,14.03,-74.18,-991.37,122.50,-647.50,-323.75,1,94.275,
01/01/2000,01:41:14.95,14.03,-74.18,-991.25,236.25,-726.25,-385.0,1,94.277,
01/01/2000,01:41:14.96,14.15,-74.05,-991.25,201.25,-682.50,-385.0,1,94.279,
01/01/2000,01:41:14.97,14.15,-73.69,-991.25,96.25,-726.25,-280.0,1,94.281,
01/01/2000,01:41:14.98,14.15,-73.57,-991.25,227.50,-691.25,-402.50,1,94.283,
01/01/2000,01:41:14.99,14.15,-73.44,-991.37,113.75,-577.50,-227.50,1,94.285,
01/01/2000,01:41:15.00,14.15,-73.69,-991.37,87.50,-708.75,-288.75,1,94.287,
01/01/2000,01:41:15.01,14.15,-73.93,-991.49,166.25,-726.25,-332.50,1,94.289,
01/01/2000,01:41:15.02,14.27,-73.93,-991.37,0.0,-700.0,-350.0,1,94.291,
01/01/2000,01:41:15.03,14.15,-73.93,-991.37,166.25,-735.0,-367.50,1,94.293,
01/01/2000,01:41:15.04,14.27,-73.93,-991.13,122.50,-682.50,-568.75,1,94.295,
01/01/2000,01:41:15.05,14.52,-73.44,-991.01,-61.25,-673.75,-297.50,1,94.297,
01/01/2000,01:41:15.06,14.52,-73.69,-990.88,332.50,-682.50,-332.50,1,94.299,
01/01/2000,01:41:15.07,14.15,-74.30,-991.13,236.25,-603.75,-376.25,1,94.301,
01/01/2000,01:41:15.08,13.91,-74.18,-991.25,245.0,-682.50,-542.50,1,94.302,
01/01/2000,01:41:15.09,14.52,-73.81,-991.37,253.75,-796.25,-437.50,1,94.272,
01/01/2000,01:41:15.10,14.27,-73.81,-991.49,61.25,-638.75,-166.25,1,94.274,
01/01/2000,01:41:15.11,14.03,-73.93,-991.37,236.25,-638.75,-393.75,1,94.276,
01/01/2000,01:41:15.12,14.03,-74.05,-991.37,280.0,-560.0,-280.0,1,94.278,
01/01/2000,01:41:15.13,14.40,-73.93,-991.62,140.0,-647.50,-446.25,1,94.280,
01/01/2000,01:41:15.15,14.40,-73.93,-991.74,175.0,-770.0,-183.75,1,94.282,
01/01/2000,01:41:15.15,14.27,-73.69,-991.49,148.75,-673.75,-367.50,1,94.284,
01/01/2000,01:41:15.17,14.03,-73.69,-991.25,70.0,-656.25,-376.25,1,94.286,
01/01/2000,01:41:15.18,14.03,-73.93,-991.37,148.75,-682.50,-428.75,1,94.288,
01/01/2000,01:41:15.19,14.03,-73.81,-991.74,192.50,-665.0,-402.50,1,94.290,
01/01/2000,01:41:15.20,14.03,-73.81,-991.86,201.25,-735.0,-411.25,1,94.292,
01/01/2000,01:41:15.21,14.27,-73.57,-991.62,140.0,-673.75,-376.25,1,94.294,
01/01/2000,01:41:15.22,14.15,-73.81,-991.49,175.0,-586.25,-306.25,1,94.296,
01/01/2000,01:41:15.23,14.40,-74.05,-991.37,113.75,-691.25,-227.50,1,94.265,
01/01/2000,01:41:15.24,14.40,-74.18,-991.62,236.25,-647.50,-428.75,1,94.267,
01/01/2000,01:41:15.25,14.27,-74.18,-991.62,96.25,-761.25,-350.0,1,94.269,
01/01/2000,01:41:15.26,14.27,-73.93,-991.37,280.0,-770.0,-297.50,1,94.271,
01/01/2000,01:41:15.28,14.03,-73.93,-990.88,262.50,-682.50,-332.50,1,94.273,
01/01/2000,01:41:15.29,13.91,-73.93,-991.13,131.25,-691.25,-315.0,1,94.275,
01/01/2000,01:41:15.30,14.15,-74.18,-991.62,122.50,-621.25,-420.0,1,94.277,
01/01/2000,01:41:15.31,14.15,-74.18,-991.62,-35.0,-665.0,-271.25,1,94.279,
01/01/2000,01:41:15.32,14.15,-74.05,-991.49,105.0,-726.25,-315.0,1,94.281,
01/01/2000,01:41:15.33,14.15,-74.05,-991.37,201.25,-665.0,-411.25,1,94.283,
01/01/2000,01:41:15.34,14.27,-73.81,-991.37,157.50,-691.25,-420.0,1,94.285,
01/01/2000,01:41:15.35,14.27,-73.93,-991.25,271.25,-700.0,-323.75,1,94.287,
01/01/2000,01:41:15.36,14.15,-73.93,-991.25,113.75,-612.50,-306.25,1,94.289,
01/01/2000,01:41:15.37,13.91,-73.93,-991.13,148.75,-708.75,-525.0,1,94.291,
01/01/2000,01:41:15.38,13.91,-73.93,-990.88,192.50,-603.75,-385.0,1,94.293,
01/01/2000,01:41:15.39,14.03,-73.69,-991.01,148.75,-630.0,-262.50,1,94.295,
01/01/2000,01:41:15.40,14.15,-73.93,-991.13,288.75,-726.25,-358.75,1,94.296,
01/01/2000,01:41:15.41,14.15,-73.93,-991.37,26.25,-778.75,-341.25,1,94.298,
01/01/2000,01:41:15.42,14.03,-74.05,-991.37,192.50,-726.25,-367.50,1,94.300,
01/01/2000,01:41:15.43,14.15,-74.18,-991.25,201.25,-691.25,-315.0,1,94.302,
01/01/2000,01:41:15.44,14.03,-73.93,-991.25,70.0,-778.75,-341.25,1,94.272,
01/01/2000,01:41:15.46,14.15,-73.93,-991.01,183.75,-735.0,-218.75,1,94.274,
01/01/2000,01:41:15.46,13.91,-74.05,-991.01,192.50,-778.75,-306.25,1,94.276,
01/01/2000,01:41:15.48,13.91,-74.30,-991.13,297.50,-665.0,-376.25,1,94.278,
01/01/2000,01:41:15.49,13.91,-74.42,-991.25,297.50,-822.50,-428.75,1,94.280,
01/01/2000,01:41:15.50,14.15,-74.18,-991.37,96.25,-778.75,-323.75,1,94.282,
01/01/2000,01:41:15.51,14.03,-74.18,-991.13,52.50,-796.25,-350.0,1,94.284,
01/01/2000,01:41:15.52,13.66,-73.93,-990.88,253.75,-708.75,-402.50,1,94.286,
01/01/2000,01:41:15.53,13.54,-74.05,-990.88,210.0,-822.50,-358.75,1,94.288,
01/01/2000,01:41:15.54,13.66,-74.05,-991.13,201.25,-708.75,-455.0,1,94.290,
01/01/2000,01:41:15.55,13.79,-73.93,-991.25,157.50,-726.25,-306.25,1,94.292,
01/01/2000,01:41:15.56,14.03,-74.05,-991.37,70.0,-778.75,-323.75,1,94.293,
01/01/2000,01:41:15.57,14.15,-74.05,-991.37,192.50,-796.25,-350.0,1,94.295,
01/01/2000,01:41:15.58,14.15,-74.30,-991.25,122.50,-787.50,-393.75,1,94.297,
01/01/2000,01:41:15.59,14.15,-74.05,-991.13,148.75,-656.25,-323.75,1,94.267,
01/01/2000,01:41:15.60,14.03,-74.05,-991.13,201.25,-700.0,-411.25,1,94.269,
01/01/2000,01:41:15.61,14.03,-73.81,-990.88,183.75,-682.50,-288.75,1,94.271,
01/01/2000,01:41:15.62,14.15,-73.93,-990.88,201.25,-691.25,-288.75,1,94.273,
01/01/2000,01:41:15.63,14.27,-74.18,-991.13,122.50,-726.25,-183.75,1,94.275,
01/01/2000,01:41:15.64,14.27,-74.42,-991.13,43.75,-665.0,-490.0,1,94.277,
01/01/2000,01:41:15.66,14.40,-74.30,-991.25,175.0,-691.25,-376.25,1,94.279,
01/01/2000,01:41:15.67,14.40,-74.18,-991.25,227.50,-700.0,-350.0,1,94.281,
01/01/2000,01:41:15.68,14.15,-73.93,-991.13,87.50,-691.25,-332.50,1,94.283,
01/01/2000,01:41:15.69,14.03,-73.81,-990.88,262.50,-743.75,-385.0,1,94.285,
01/01/2000,01:41:15.70,14.03,-74.05,-990.88,52.50,-638.75,-332.50,1,94.287,
01/01/2000,01:41:15.71,14.15,-74.18,-991.01,183.75,-770.0,-428.75,1,94.289,
01/01/2000,01:41:15.72,14.27,-74.18,-991.01,52.50,-656.25,-367.50,1,94.291,
01/01/2000,01:41:15.73,14.15,-74.18,-991.13,280.0,-682.50,-253.75,1,94.292,
01/01/2000,01:41:15.74,13.91,-73.93,-991.13,122.50,-638.75,-323.75,1,94.294,
01/01/2000,01:41:15.75,14.03,-73.93,-991.13,245.0,-577.50,-367.50,1,94.296,
01/01/2000,01:41:15.76,14.03,-73.81,-991.13,183.75,-691.25,-271.25,1,94.298,
01/01/2000,01:41:15.77,14.03,-74.05,-990.88,166.25,-656.25,-385.0,1,94.300,
01/01/2000,01:41:15.79,13.91,-74.05,-990.88,192.50,-595.0,-367.50,1,94.270,
01/01/2000,01:41:15.80,13.91,-74.05,-991.25,175.0,-787.50,-271.25,1,94.272,
01/01/2000,01:41:15.81,14.15,-73.93,-991.49,131.25,-682.50,-358.75,1,94.274,
01/01/2000,01:41:15.82,14.15,-73.93,-991.49,113.75,-630.0,-271.25,1,94.276,
01/01/2000,01:41:15.83,14.03,-73.93,-991.13,131.25,-761.25,-402.50,1,94.278,
01/01/2000,01:41:15.84,14.15,-73.93,-990.88,227.50,-700.0,-210.0,1,94.280,
01/01/2000,01:41:15.85,14.40,-74.18,-990.88,166.25,-726.25,-332.50,1,94.282,
01/01/2000,01:41:15.86,14.40,-74.18,-991.01,183.75,-638.75,-245.0,1,94.284,
01/01/2000,01:41:15.87,14.27,-74.18,-991.13,113.75,-813.75,-420.0,1,94.286,
01/01/2000,01:41:15.88,14.15,-73.93,-991.13,253.75,-630.0,-393.75,1,94.288,
01/01/2000,01:41:15.89,14.15,-73.93,-991.01,183.75,-761.25,-323.75,1,94.290,
01/01/2000,01:41:15.90,14.15,-73.93,-991.01,332.50,-700.0,-306.25,1,94.291,
01/01/2000,01:41:15.91,14.40,-73.93,-991.01,218.75,-787.50,-332.50,1,94.293,
01/01/2000,01:41:15.92,14.52,-74.05,-991.01,175.0,-848.75,-323.75,1,94.295,
01/01/2000,01:41:15.93,14.15,-74.18,-991.01,245.0,-735.0,-315.0,1,94.297,
01/01/2000,01:41:15.94,13.91,-74.05,-990.88,157.50,-717.50,-385.0,1,94.299,
01/01/2000,01:41:15.95,13.91,-73.81,-990.88,297.50,-691.25,-437.50,1,94.301,
01/01/2000,01:41:15.96,14.15,-73.81,-991.13,122.50,-647.50,-218.75,1,94.303,
01/01/2000,01:41:15.97,14.27,-74.05,-991.37,218.75,-743.75,-323.75,1,94.305,
01/01/2000,01:41:15.98,14.15,-74.18,-991.37,227.50,-700.0,-393.75,1,94.307,
01/01/2000,01:41:15.99,14.15,-74.42,-991.25,280.0,-656.25,-463.75,1,94.309,
01/01/2000,01:41:16.00,14.15,-74.18,-991.13,166.25,-778.75,-306.25,1,94.279,
01/01/2000,01:41:16.01,14.15,-73.81,-991.25,201.25,-691.25,-262.50,1,94.281,
01/01/2000,01:41:16.02,14.27,-73.81,-991.25,70.0,-682.50,-236.25,1,94.283,
01/01/2000,01:41:16.03,14.15,-74.05,-991.01,175.0,-813.75,-315.0,1,94.285,
01/01/2000,01:41:16.04,14.27,-74.18,-990.88,253.75,-770.0,-332.50,1,94.287,
01/01/2000,01:41:16.06,14.27,-74.18,-991.25,210.0,-717.50,-350.0,1,94.289,
01/01/2000,01:41:16.06,14.52,-74.05,-991.25,43.75,-682.50,-315.0,1,94.290,
01/01/2000,01:41:16.08,14.52,-73.69,-991.25,227.50,-665.0,-297.50,1,94.292,
01/01/2000,01:41:16.09,14.40,-73.93,-991.13,245.0,-717.50,-393.75,1,94.294,
01/01/2000,01:41:16.10,14.27,-73.93,-991.13,87.50,-682.50,-306.25,1,94.296,
01/01/2000,01:41:16.11,14.40,-74.05,-991.13,192.50,-673.75,-402.50,1,94.298,
01/01/2000,01:41:16.12,14.27,-74.05,-991.01,175.0,-682.50,-341.25,1,94.300,
01/01/2000,01:41:16.13,14.15,-74.18,-990.88,192.50,-568.75,-315.0,1,94.302,
01/01/2000,01:41:16.14,13.91,-74.30,-990.76,218.75,-551.25,-385.0,1,94.304,
01/01/2000,01:41:16.15,14.03,-74.18,-990.88,166.25,-612.50,-385.0,1,94.274,
01/01/2000,01:41:16.16,14.15,-74.05,-991.13,218.75,-647.50,-341.25,1,94.276,
01/01/2000,01:41:16.17,14.03,-74.18,-990.88,140.0,-708.75,-262.50,1,94.278,
01/01/2000,01:41:16.18,13.91,-74.30,-990.76,148.75,-796.25,-402.50,1,94.280,
01/01/2000,01:41:16.19,13.91,-74.42,-990.64,166.25,-726.25,-402.50,1,94.282,
01/01/2000,01:41:16.20,13.91,-74.18,-990.76,140.0,-770.0,-350.0,1,94.284,
01/01/2000,01:41:16.22,13.91,-74.18,-991.01,131.25,-717.50,-323.75,1,94.286,
01/01/2000,01:41:16.23,13.79,-73.93,-991.01,105.0,-638.75,-376.25,1,94.288,
01/01/2000,01:41:16.24,13.79,-74.05,-991.01,61.25,-691.25,-297.50,1,94.290,
01/01/2000,01:41:16.25,14.15,-74.05,-990.88,157.50,-761.25,-271.25,1,94.291,
01/01/2000,01:41:16.26,14.15,-74.18,-990.88,157.50,-761.25,-341.25,1,94.293,
01/01/2000,01:41:16.27,14.03,-74.18,-990.88,227.50,-665.0,-367.50,1,94.295,
01/01/2000,01:41:16.28,14.03,-74.05,-990.76,140.0,-743.75,-358.75,1,94.297,
01/01/2000,01:41:16.29,14.03,-73.93,-991.13,78.75,-752.50,-297.50,1,94.268,
01/01/2000,01:41:16.31,14.03,-73.81,-991.13,157.50,-752.50,-341.25,1,94.270,
01/01/2000,01:41:16.32,14.15,-73.93,-991.25,-8.75,-665.0,-323.75,1,94.272,
01/01/2000,01:41:16.33,14.03,-74.05,-991.25,236.25,-691.25,-297.50,1,94.273,
01/01/2000,01:41:16.34,14.15,-74.05,-991.13,26.25,-708.75,-376.25,1,94.275,
01/01/2000,01:41:16.35,14.15,-74.05,-991.37,26.25,-612.50,-227.50,1,94.277,
01/01/2000,01:41:16.36,13.91,-73.93,-991.25,236.25,-577.50,-367.50,1,94.279,
01/01/2000,01:41:16.37,13.66,-73.93,-991.13,131.25,-665.0,-332.50,1,94.281,
01/01/2000,01:41:16.38,13.91,-73.93,-991.01,131.25,-665.0,-323.75,1,94.283,
01/01/2000,01:41:16.39,13.91,-74.05,-991.13,210.0,-761.25,-253.75,1,94.285,
01/01/2000,01:41:16.40,14.03,-74.18,-991.25,236.25,-603.75,-367.50,1,94.287,
01/01/2000,01:41:16.41,14.15,-74.42,-991.37,245.0,-700.0,-367.50,1,94.289,
01/01/2000,01:41:16.42,14.03,-74.18,-991.37,236.25,-708.75,-402.50,1,94.290,
01/01/2000,01:41:16.43,14.15,-74.05,-991.37,122.50,-717.50,-332.50,1,94.292,
01/01/2000,01:41:16.44,14.15,-73.93,-991.13,175.0,-726.25,-288.75,1,94.294,
01/01/2000,01:41:16.45,13.91,-73.81,-990.88,210.0,-647.50,-236.25,1,94.296,
01/01/2000,01:41:16.46,13.91,-73.93,-990.76,288.75,-770.0,-350.0,1,94.298,
01/01/2000,01:41:16.47,13.91,-74.05,-990.88,131.25,-638.75,-262.50,1,94.300,
01/01/2000,01:41:16.48,14.15,-73.93,-991.13,87.50,-647.50,-428.75,1,94.302,
01/01/2000,01:41:16.49,14.15,-73.93,-991.13,218.75,-691.25,-367.50,1,94.304,
01/01/2000,01:41:16.50,14.27,-74.05,-991.25,140.0,-647.50,-350.0,1,94.305,
01/01/2000,01:41:16.51,14.40,-74.05,-991.13,210.0,-735.0,-315.0,1,94.307,
01/01/2000,01:41:16.52,14.52,-73.93,-991.13,78.75,-761.25,-166.25,1,94.309,
01/01/2000,01:41:16.53,14.52,-73.81,-990.88,306.25,-717.50,-367.50,1,94.311,
01/01/2000,01:41:16.54,14.27,-73.69,-990.64,245.0,-612.50,-297.50,1,94.313,
01/01/2000,01:41:16.55,14.15,-73.69,-990.52,350.0,-682.50,-428.75,1,94.315,
01/01/2000,01:41:16.56,14.15,-73.69,-990.76,78.75,-708.75,-341.25,1,94.317,
01/01/2000,01:41:16.57,14.15,-73.93,-991.13,245.0,-630.0,-297.50,1,94.288,
01/01/2000,01:41:16.58,14.27,-73.93,-991.37,96.25,-647.50,-402.50,1,94.289,
01/01/2000,01:41:16.60,14.40,-73.93,-991.25,43.75,-717.50,-262.50,1,94.291,
01/01/2000,01:41:16.60,14.40,-73.81,-991.13,105.0,-708.75,-341.25,1,94.293,
01/01/2000,01:41:16.62,14.15,-73.69,-990.88,122.50,-630.0,-306.25,1,94.295,
01/01/2000,01:41:16.63,14.15,-73.57,-990.88,253.75,-656.25,-393.75,1,94.297,
01/01/2000,01:41:16.64,14.15,-73.57,-990.76,175.0,-603.75,-306.25,1,94.299,
01/01/2000,01:41:16.65,14.27,-73.69,-990.64,87.50,-621.25,-350.0,1,94.301,
01/01/2000,01:41:16.66,14.15,-74.18,-990.88,236.25,-673.75,-385.0,1,94.303,
01/01/2000,01:41:16.67,14.27,-74.18,-991.01,105.0,-743.75,-288.75,1,94.304,
01/01/2000,01:41:16.68,14.27,-74.30,-991.13,140.0,-665.0,-306.25,1,94.306,
01/01/2000,01:41:16.69,14.27,-74.18,-990.88,87.50,-630.0,-402.50,1,94.308,
01/01/2000,01:41:16.70,14.27,-74.18,-990.64,288.75,-735.0,-323.75,1,94.310,
01/01/2000,01:41:16.71,14.15,-73.93,-990.52,175.0,-603.75,-280.0,1,94.281,
01/01/2000,01:41:16.72,14.15,-74.05,-990.76,166.25,-726.25,-393.75,1,94.283,
01/01/2000,01:41:16.73,14.15,-74.18,-991.01,358.75,-621.25,-367.50,1,94.285,
01/01/2000,01:41:16.74,14.15,-74.30,-991.13,297.50,-717.50,-367.50,1,94.287,
01/01/2000,01:41:16.75,14.15,-74.42,-991.37,175.0,-656.25,-402.50,1,94.289,
01/01/2000,01:41:16.76,14.27,-74.05,-991.01,175.0,-603.75,-297.50,1,94.290,
01/01/2000,01:41:16.77,14.27,-73.93,-990.64,175.0,-708.75,-350.0,1,94.292,
01/01/2000,01:41:16.79,14.15,-73.93,-990.52,306.25,-647.50,-315.0,1,94.294,
01/01/2000,01:41:16.80,14.15,-74.18,-990.64,201.25,-743.75,-393.75,1,94.296,
01/01/2000,01:41:16.81,14.15,-74.05,-991.13,113.75,-682.50,-437.50,1,94.267,
01/01/2000,01:41:16.82,14.15,-74.18,-991.37,192.50,-700.0,-306.25,1,94.269,
01/01/2000,01:41:16.83,14.15,-74.05,-991.49,122.50,-673.75,-358.75,1,94.271,
01/01/2000,01:41:16.84,14.27,-74.05,-991.49,201.25,-630.0,-367.50,1,94.273,
01/01/2000,01:41:16.85,14.40,-73.93,-991.25,-26.25,-647.50,-341.25,1,94.275,
01/01/2000,01:41:16.86,14.40,-74.05,-991.13,96.25,-700.0,-428.75,1,94.276,
01/01/2000,01:41:16.87,14.27,-74.05,-990.88,96.25,-638.75,-297.50,1,94.278,
01/01/2000,01:41:16.88,14.27,-73.93,-990.88,245.0,-612.50,-253.75,1,94.280,
01/01/2000,01:41:16.89,14.15,-73.93,-991.25,210.0,-822.50,-332.50,1,94.282,
01/01/2000,01:41:16.90,14.15,-73.93,-991.37,183.75,-787.50,-297.50,1,94.284,
01/01/2000,01:41:16.91,14.27,-74.18,-991.37,253.75,-717.50,-393.75,1,94.286,
01/01/2000,01:41:16.93,14.15,-74.18,-991.25,183.75,-665.0,-350.0,1,94.288,
01/01/2000,01:41:16.94,14.03,-74.05,-991.13,245.0,-673.75,-428.75,1,94.289,
01/01/2000,01:41:16.95,13.91,-73.93,-991.25,201.25,-700.0,-323.75,1,94.291,
01/01/2000,01:41:16.96,14.15,-73.57,-991.13,332.50,-787.50,-455.0,1,94.293,
01/01/2000,01:41:16.97,14.03,-73.69,-991.01,210.0,-735.0,-367.50,1,94.295,
01/01/2000,01:41:16.98,13.91,-73.93,-991.01,227.50,-638.75,-332.50,1,94.297,
01/01/2000,01:41:16.99,13.91,-74.18,-991.25,140.0,-665.0,-533.75,1,94.299,
01/01/2000,01:41:17.00,14.03,-74.30,-991.49,183.75,-805.0,-332.50,1,94.301,
01/01/2000,01:41:17.01,14.03,-73.81,-991.49,52.50,-621.25,-402.50,1,94.302,
01/01/2000,01:41:17.02,13.79,-73.93,-991.25,218.75,-752.50,-350.0,1,94.304,
01/01/2000,01:41:17.03,13.79,-73.69,-990.88,87.50,-726.25,-227.50,1,94.306,
01/01/2000,01:41:17.04,13.66,-73.93,-991.13,253.75,-717.50,-367.50,1,94.308,
01/01/2000,01:41:17.05,13.91,-74.05,-991.37,-70.0,-673.75,-218.75,1,94.310,
01/01/2000,01:41:17.06,14.03,-74.05,-991.62,70.0,-595.0,-341.25,1,94.281,
01/01/2000,01:41:17.07,13.91,-74.18,-991.37,122.50,-665.0,-332.50,1,94.283,
01/01/2000,01:41:17.08,13.91,-73.93,-991.25,105.0,-708.75,-341.25,1,94.285,
01/01/2000,01:41:17.09,14.15,-73.93,-991.37,210.0,-743.75,-393.75,1,94.287,
01/01/2000,01:41:17.10,14.15,-74.05,-991.49,166.25,-682.50,-288.75,1,94.288,
01/01/2000,01:41:17.11,14.15,-74.18,-991.49,166.25,-752.50,-437.50,1,94.290,
01/01/2000,01:41:17.12,14.03,-74.18,-991.13,245.0,-682.50,-376.25,1,94.292,
01/01/2000,01:41:17.14,13.91,-73.93,-991.01,183.75,-708.75,-332.50,1,94.294,
01/01/2000,01:41:17.15,13.91,-73.93,-991.13,253.75,-805.0,-288.75,1,94.296,
01/01/2000,01:41:17.16,13.91,-73.93,-991.37,96.25,-603.75,-306.25,1,94.298,
01/01/2000,01:41:17.17,13.79,-73.93,-991.37,43.75,-778.75,-341.25,1,94.300,
01/01/2000,01:41:17.18,13.79,-74.18,-991.13,157.50,-656.25,-455.0,1,94.301,
01/01/2000,01:41:17.19,13.79,-73.93,-990.88,166.25,-735.0,-288.75,1,94.303,
01/01/2000,01:41:17.20,13.91,-73.69,-990.76,35.0,-673.75,-280.0,1,94.305,
01/01/2000,01:41:17.21,13.91,-73.93,-990.88,218.75,-735.0,-393.75,1,94.307,
01/01/2000,01:41:17.22,13.91,-74.05,-990.88,70.0,-560.0,-271.25,1,94.309,
01/01/2000,01:41:17.23,13.91,-74.05,-990.76,253.75,-717.50,-385.0,1,94.311,
01/01/2000,01:41:17.24,14.03,-74.05,-990.64,96.25,-673.75,-306.25,1,94.312,
01/01/2000,01:41:17.25,14.03,-74.18,-990.76,-17.50,-848.75,-323.75,1,94.314,
01/01/2000,01:41:17.26,13.91,-74.05,-991.01,175.0,-691.25,-253.75,1,94.286,
01/01/2000,01:41:17.28,13.91,-73.93,-991.13,210.0,-673.75,-385.0,1,94.288,
01/01/2000,01:41:17.29,13.91,-74.05,-991.13,122.50,-665.0,-402.50,1,94.289,
01/01/2000,01:41:17.30,14.03,-74.05,-991.13,131.25,-700.0,-297.50,1,94.291,
01/01/2000,01:41:17.31,14.03,-74.18,-990.88,148.75,-682.50,-332.50,1,94.293,
01/01/2000,01:41:17.32,14.03,-74.05,-991.25,166.25,-752.50,-490.0,1,94.295,
01/01/2000,01:41:17.33,13.91,-73.81,-991.37,245.0,-665.0,-262.50,1,94.297,
01/01/2000,01:41:17.34,14.03,-73.57,-991.37,288.75,-682.50,-350.0,1,94.299,
01/01/2000,01:41:17.35,13.91,-73.69,-991.25,183.75,-717.50,-376.25,1,94.270,
01/01/2000,01:41:17.36,14.15,-73.93,-991.13,105.0,-796.25,-420.0,1,94.272,
01/01/2000,01:41:17.37,14.27,-74.18,-991.25,245.0,-682.50,-367.50,1,94.274,
01/01/2000,01:41:17.38,14.15,-74.18,-991.25,122.50,-691.25,-262.50,1,94.276,
01/01/2000,01:41:17.39,14.03,-74.18,-991.13,166.25,-656.25,-367.50,1,94.277,
01/01/2000,01:41:17.40,13.91,-73.93,-991.13,113.75,-665.0,-245.0,1,94.279,
01/01/2000,01:41:17.41,14.03,-73.93,-991.13,183.75,-726.25,-358.75,1,94.281,
01/01/2000,01:41:17.42,14.15,-73.93,-991.25,52.50,-673.75,-332.50,1,94.283,
01/01/2000,01:41:17.43,14.15,-74.18,-991.13,192.50,-603.75,-437.50,1,94.285,
01/01/2000,01:41:17.44,14.15,-74.18,-990.88,122.50,-743.75,-402.50,1,94.287,
01/01/2000,01:41:17.45,13.91,-74.18,-990.88,175.0,-831.25,-350.0,1,94.288,
01/01/2000,01:41:17.46,13.91,-74.05,-990.76,227.50,-647.50,-358.75,1,94.290,
01/01/2000,01:41:17.47,13.91,-73.93,-990.88,157.50,-647.50,-367.50,1,94.292,
01/01/2000,01:41:17.49,14.03,-74.18,-991.13,131.25,-708.75,-350.0,1,94.294,
01/01/2000,01:41:17.50,14.03,-74.18,-991.25,245.0,-542.50,-271.25,1,94.296,
01/01/2000,01:41:17.51,14.15,-74.05,-991.13,148.75,-787.50,-350.0,1,94.298,
01/01/2000,01:41:17.52,14.03,-74.05,-991.01,245.0,-700.0,-402.50,1,94.299,
01/01/2000,01:41:17.53,14.03,-73.93,-990.88,78.75,-717.50,-350.0,1,94.301,
01/01/2000,01:41:17.54,13.91,-74.05,-990.76,192.50,-682.50,-341.25,1,94.303,
01/01/2000,01:41:17.55,14.03,-74.18,-991.13,253.75,-743.75,-350.0,1,94.305,
01/01/2000,01:41:17.56,14.03,-74.18,-991.13,210.0,-638.75,-297.50,1,94.307,
01/01/2000,01:41:17.57,14.03,-74.05,-991.13,157.50,-708.75,-428.75,1,94.308,
01/01/2000,01:41:17.58,13.91,-74.18,-991.01,245.0,-735.0,-288.75,1,94.310,
01/01/2000,01:41:17.59,14.03,-74.05,-991.13,113.75,-743.75,-376.25,1,94.312,
01/01/2000,01:41:17.60,14.03,-74.05,-991.13,166.25,-665.0,-262.50,1,94.314,
01/01/2000,01:41:17.61,13.91,-73.93,-991.13,96.25,-612.50,-323.75,1,94.316,
01/01/2000,01:41:17.62,13.79,-74.18,-991.01,122.50,-752.50,-323.75,1,94.288,
01/01/2000,01:41:17.63,13.91,-74.05,-991.01,122.50,-708.75,-332.50,1,94.289,
01/01/2000,01:41:17.64,13.91,-74.18,-991.13,210.0,-770.0,-437.50,1,94.291,
01/01/2000,01:41:17.65,13.91,-74.18,-991.13,245.0,-691.25,-376.25,1,94.293,
01/01/2000,01:41:17.66,13.91,-74.05,-991.25,271.25,-647.50,-271.25,1,94.295,
01/01/2000,01:41:17.67,13.91,-74.18,-990.88,201.25,-630.0,-385.0,1,94.297,
01/01/2000,01:41:17.68,13.91,-74.18,-990.88,236.25,-717.50,-332.50,1,94.298,
01/01/2000,01:41:17.70,14.03,-74.05,-990.76,70.0,-700.0,-358.75,1,94.300,
01/01/2000,01:41:17.71,14.15,-73.93,-990.76,297.50,-735.0,-253.75,1,94.302,
01/01/2000,01:41:17.72,14.03,-73.93,-991.01,201.25,-717.50,-306.25,1,94.304,
01/01/2000,01:41:17.73,14.15,-73.81,-990.88,262.50,-612.50,-376.25,1,94.306,
01/01/2000,01:41:17.74,14.03,-73.69,-990.88,166.25,-735.0,-437.50,1,94.307,
01/01/2000,01:41:17.75,14.03,-73.69,-990.88,140.0,-595.0,-306.25,1,94.309,
01/01/2000,01:41:17.76,14.15,-73.81,-990.88,122.50,-638.75,-428.75,1,94.311,
01/01/2000,01:41:17.77,14.03,-73.93,-991.13,113.75,-612.50,-402.50,1,94.313,
01/01/2000,01:41:17.78,14.15,-73.81,-991.13,122.50,-673.75,-306.25,1,94.285,
01/01/2000,01:41:17.79,14.03,-73.69,-990.88,140.0,-603.75,-358.75,1,94.287,
01/01/2000,01:41:17.80,14.15,-73.69,-991.01,262.50,-665.0,-402.50,1,94.288,
01/01/2000,01:41:17.81,14.15,-73.69,-991.01,271.25,-630.0,-428.75,1,94.290,
01/01/2000,01:41:17.83,14.40,-73.69,-991.13,87.50,-735.0,-428.75,1,94.292,
01/01/2000,01:41:17.84,14.15,-73.69,-991.13,96.25,-586.25,-358.75,1,94.294,
01/01/2000,01:41:17.85,14.15,-73.69,-991.13,96.25,-673.75,-323.75,1,94.296,
01/01/2000,01:41:17.86,14.15,-73.81,-991.13,96.25,-630.0,-332.50,1,94.268,
01/01/2000,01:41:17.87,14.15,-73.81,-991.25,175.0,-691.25,-350.0,1,94.299,
01/01/2000,01:41:17.88,14.27,-73.81,-991.13,210.0,-743.75,-323.75,1,94.271,
01/01/2000,01:41:17.89,14.27,-73.81,-991.01,140.0,-743.75,-358.75,1,94.273,
01/01/2000,01:41:17.90,14.40,-74.05,-991.01,227.50,-665.0,-271.25,1,94.275,
01/01/2000,01:41:17.91,14.27,-73.93,-990.88,245.0,-673.75,-280.0,1,94.277,
01/01/2000,01:41:17.92,14.15,-74.05,-991.13,262.50,-673.75,-306.25,1,94.279,
01/01/2000,01:41:17.93,14.15,-73.93,-991.37,271.25,-708.75,-350.0,1,94.280,
01/01/2000,01:41:17.94,14.15,-73.93,-991.37,78.75,-673.75,-323.75,1,94.282,
01/01/2000,01:41:17.95,14.15,-73.93,-991.13,183.75,-761.25,-393.75,1,94.284,
01/01/2000,01:41:17.96,14.15,-74.05,-991.01,122.50,-673.75,-323.75,1,94.286,
01/01/2000,01:41:17.98,14.27,-74.18,-991.01,148.75,-533.75,-376.25,1,94.288,
01/01/2000,01:41:17.99,14.15,-73.93,-991.13,131.25,-638.75,-350.0,1,94.289,
01/01/2000,01:41:18.00,14.15,-73.81,-991.01,122.50,-787.50,-253.75,1,94.291,
01/01/2000,01:41:18.01,14.03,-73.81,-991.01,183.75,-665.0,-280.0,1,94.293,
01/01/2000,01:41:18.02,14.03,-73.81,-990.88,236.25,-717.50,-323.75,1,94.295,
01/01/2000,01:41:18.03,14.15,-74.18,-990.88,140.0,-673.75,-315.0,1,94.296,
01/01/2000,01:41:18.04,14.15,-74.18,-991.01,122.50,-612.50,-358.75,1,94.298,
01/01/2000,01:41:18.05,14.15,-73.93,-991.13,35.0,-813.75,-350.0,1,94.300,
01/01/2000,01:41:18.06,13.91,-73.93,-991.25,43.75,-647.50,-280.0,1,94.302,
01/01/2000,01:41:18.07,13.79,-73.93,-991.37,192.50,-700.0,-358.75,1,94.304,
01/01/2000,01:41:18.08,13.91,-74.18,-991.37,192.50,-656.25,-350.0,1,94.305,
01/01/2000,01:41:18.09,14.15,-74.05,-991.37,43.75,-638.75,-428.75,1,94.278,
01/01/2000,01:41:18.10,14.15,-74.05,-991.13,280.0,-665.0,-332.50,1,94.309,
01/01/2000,01:41:18.11,14.03,-73.93,-991.13,192.50,-638.75,-332.50,1,94.281,
01/01/2000,01:41:18.13,14.03,-74.05,-991.01,157.50,-700.0,-358.75,1,94.283,
01/01/2000,01:41:18.14,14.03,-74.18,-991.13,52.50,-691.25,-341.25,1,94.285,
01/01/2000,01:41:18.15,13.91,-74.05,-991.25,148.75,-735.0,-297.50,1,94.287,
01/01/2000,01:41:18.16,14.03,-73.93,-991.25,157.50,-761.25,-306.25,1,94.288,
01/01/2000,01:41:18.17,14.15,-74.05,-991.13,148.75,-665.0,-358.75,1,94.290,
01/01/2000,01:41:18.18,14.15,-74.05,-991.01,192.50,-691.25,-315.0,1,94.292,
01/01/2000,01:41:18.19,14.15,-74.05,-990.88,131.25,-673.75,-472.50,1,94.294,
01/01/2000,01:41:18.20,14.15,-73.93,-990.88,175.0,-708.75,-350.0,1,94.296,
01/01/2000,01:41:18.21,13.91,-73.93,-991.13,105.0,-717.50,-271.25,1,94.297,
01/01/2000,01:41:18.22,14.03,-73.93,-991.01,262.50,-717.50,-341.25,1,94.299,
01/01/2000,01:41:18.23,14.03,-73.93,-991.13,157.50,-708.75,-323.75,1,94.301,
01/01/2000,01:41:18.24,14.03,-73.93,-991.13,113.75,-682.50,-315.0,1,94.303,
01/01/2000,01:41:18.25,14.15,-73.81,-990.88,175.0,-603.75,-315.0,1,94.304,
01/01/2000,01:41:18.26,14.03,-73.81,-990.88,271.25,-752.50,-332.50,1,94.277,
01/01/2000,01:41:18.27,14.15,-73.69,-990.88,148.75,-735.0,-367.50,1,94.279,
01/01/2000,01:41:18.28,14.03,-73.81,-990.88,105.0,-708.75,-393.75,1,94.280,
01/01/2000,01:41:18.29,13.91,-73.81,-990.88,105.0,-822.50,-297.50,1,94.282,
01/01/2000,01:41:18.30,14.03,-73.81,-990.88,131.25,-682.50,-271.25,1,94.284,
01/01/2000,01:41:18.31,14.15,-73.93,-990.76,183.75,-630.0,-323.75,1,94.286,
01/01/2000,01:41:18.32,14.15,-73.93,-990.88,26.25,-673.75,-253.75,1,94.287,
01/01/2000,01:41:18.34,14.15,-74.05,-990.88,175.0,-708.75,-323.75,1,94.260,
01/01/2000,01:41:18.35,14.03,-73.93,-991.01,140.0,-700.0,-385.0,1,94.262,
01/01/2000,01:41:18.36,14.15,-73.81,-990.88,-35.0,-752.50,-271.25,1,94.264,
01/01/2000,01:41:18.37,14.03,-73.81,-990.88,166.25,-656.25,-402.50,1,94.265,
01/01/2000,01:41:18.38,14.03,-73.93,-990.88,157.50,-682.50,-350.0,1,94.267,
01/01/2000,01:41:18.39,14.15,-73.93,-990.88,166.25,-726.25,-393.75,1,94.269,
01/01/2000,01:41:18.40,14.27,-74.05,-991.01,157.50,-700.0,-393.75,1,94.271,
01/01/2000,01:41:18.42,14.27,-73.81,-990.88,122.50,-682.50,-306.25,1,94.272,
01/01/2000,01:41:18.42,14.15,-73.81,-991.01,210.0,-682.50,-288.75,1,94.274,
01/01/2000,01:41:18.44,14.03,-73.69,-991.01,175.0,-638.75,-253.75,1,94.276,
01/01/2000,01:41:18.45,14.15,-73.69,-991.13,271.25,-735.0,-437.50,1,94.278,
01/01/2000,01:41:18.46,14.03,-73.93,-991.13,210.0,-577.50,-271.25,1,94.280,
01/01/2000,01:41:18.47,14.27,-73.81,-991.25,105.0,-752.50,-367.50,1,94.281,
01/01/2000,01:41:18.48,14.15,-73.93,-991.13,157.50,-717.50,-402.50,1,94.283,
01/01/2000,01:41:18.49,14.40,-73.81,-991.25,245.0,-735.0,-183.75,1,94.285,
01/01/2000,01:41:18.50,14.15,-73.81,-991.25,297.50,-770.0,-411.25,1,94.287,
01/01/2000,01:41:18.51,14.03,-73.93,-991.37,192.50,-796.25,-332.50,1,94.288,
01/01/2000,01:41:18.52,14.15,-73.93,-991.25,35.0,-752.50,-376.25,1,94.290,
01/01/2000,01:41:18.53,14.15,-74.18,-991.13,201.25,-665.0,-271.25,1,94.292,
01/01/2000,01:41:18.54,14.27,-74.05,-991.13,253.75,-673.75,-350.0,1,94.294,
01/01/2000,01:41:18.55,14.40,-74.05,-991.13,192.50,-630.0,-393.75,1,94.295,
01/01/2000,01:41:18.56,14.40,-73.93,-991.25,113.75,-708.75,-227.50,1,94.297,
01/01/2000,01:41:18.57,14.52,-74.05,-991.37,315.0,-717.50,-350.0,1,94.299,
01/01/2000,01:41:18.58,14.27,-74.05,-991.37,166.25,-752.50,-376.25,1,94.301,
01/01/2000,01:41:18.59,14.15,-74.05,-991.37,70.0,-665.0,-350.0,1,94.302,
01/01/2000,01:41:18.60,14.15,-74.05,-991.49,297.50,-717.50,-428.75,1,94.304,
01/01/2000,01:41:18.61,14.15,-74.05,-991.37,183.75,-665.0,-306.25,1,94.277,
01/01/2000,01:41:18.62,14.15,-73.93,-991.37,78.75,-708.75,-446.25,1,94.279,
01/01/2000,01:41:18.63,14.03,-74.05,-991.37,166.25,-726.25,-376.25,1,94.280,
01/01/2000,01:41:18.65,13.91,-73.81,-991.25,131.25,-717.50,-315.0,1,94.282,
01/01/2000,01:41:18.65,13.91,-73.81,-991.25,297.50,-708.75,-245.0,1,94.284,
01/01/2000,01:41:18.67,14.03,-73.93,-991.13,122.50,-612.50,-367.50,1,94.286,
01/01/2000,01:41:18.68,14.03,-74.05,-991.01,131.25,-691.25,-472.50,1,94.287,
01/01/2000,01:41:18.69,14.15,-74.05,-990.76,315.0,-665.0,-350.0,1,94.289,
01/01/2000,01:41:18.70,14.03,-73.93,-990.64,157.50,-796.25,-262.50,1,94.291,
01/01/2000,01:41:18.71,13.91,-73.93,-990.64,148.75,-656.25,-376.25,1,94.293,
01/01/2000,01:41:18.72,13.91,-73.93,-990.76,131.25,-770.0,-341.25,1,94.294,
01/01/2000,01:41:18.73,14.03,-73.69,-990.88,61.25,-691.25,-376.25,1,94.296,
01/01/2000,01:41:18.74,14.15,-73.93,-990.88,166.25,-647.50,-350.0,1,94.298,
01/01/2000,01:41:18.75,14.27,-74.05,-990.88,105.0,-726.25,-411.25,1,94.300,
01/01/2000,01:41:18.76,14.15,-74.18,-990.88,192.50,-682.50,-446.25,1,94.273,
01/01/2000,01:41:18.77,14.15,-74.05,-991.01,183.75,-603.75,-385.0,1,94.274,
01/01/2000,01:41:18.78,14.15,-73.93,-990.88,140.0,-717.50,-306.25,1,94.276,
01/01/2000,01:41:18.79,14.15,-73.93,-990.88,218.75,-638.75,-332.50,1,94.278,
01/01/2000,01:41:18.80,14.15,-73.81,-990.88,140.0,-717.50,-402.50,1,94.280,
01/01/2000,01:41:18.81,14.27,-73.93,-990.88,253.75,-568.75,-306.25,1,94.281,
01/01/2000,01:41:18.83,14.15,-73.93,-990.64,122.50,-621.25,-393.75,1,94.283,
01/01/2000,01:41:18.84,14.15,-73.93,-990.76,210.0,-752.50,-350.0,1,94.285,
01/01/2000,01:41:18.85,14.15,-73.81,-990.88,175.0,-691.25,-332.50,1,94.287,
01/01/2000,01:41:18.86,14.15,-73.93,-990.88,70.0,-630.0,-393.75,1,94.260,
01/01/2000,01:41:18.87,14.15,-74.18,-991.01,166.25,-735.0,-288.75,1,94.290,
01/01/2000,01:41:18.88,14.27,-74.42,-990.88,122.50,-673.75,-367.50,1,94.263,
01/01/2000,01:41:18.89,14.27,-74.42,-990.76,280.0,-691.25,-323.75,1,94.265,
01/01/2000,01:41:18.90,14.15,-74.18,-990.64,52.50,-717.50,-428.75,1,94.267,
01/01/2000,01:41:18.91,14.15,-74.18,-990.76,131.25,-586.25,-437.50,1,94.268,
01/01/2000,01:41:18.92,14.15,-74.05,-990.88,175.0,-630.0,-323.75,1,94.270,
01/01/2000,01:41:18.93,14.15,-74.18,-990.88,61.25,-700.0,-332.50,1,94.272,
01/01/2000,01:41:18.94,14.15,-74.18,-991.01,157.50,-717.50,-297.50,1,94.274,
01/01/2000,01:41:18.95,14.40,-74.30,-990.88,140.0,-612.50,-306.25,1,94.275,
01/01/2000,01:41:18.97,14.40,-74.05,-990.76,96.25,-770.0,-411.25,1,94.277,
01/01/2000,01:41:18.98,14.27,-74.05,-990.76,253.75,-682.50,-271.25,1,94.279,
01/01/2000,01:41:18.99,14.15,-73.93,-991.01,157.50,-700.0,-315.0,1,94.281,
01/01/2000,01:41:19.00,14.15,-73.93,-991.13,262.50,-656.25,-385.0,1,94.282,
01/01/2000,01:41:19.01,14.15,-73.93,-991.13,26.25,-691.25,-376.25,1,94.284,
01/01/2000,01:41:19.02,14.27,-73.93,-991.01,227.50,-708.75,-420.0,1,94.286,
01/01/2000,01:41:19.03,14.15,-73.93,-991.01,218.75,-761.25,-367.50,1,94.287,
01/01/2000,01:41:19.04,14.15,-74.05,-991.01,87.50,-647.50,-402.50,1,94.289,
01/01/2000,01:41:19.05,14.15,-73.93,-991.13,210.0,-735.0,-437.50,1,94.291,
01/01/2000,01:41:19.06,14.27,-73.81,-991.25,245.0,-726.25,-385.0,1,94.293,
01/01/2000,01:41:19.07,14.03,-73.69,-991.37,157.50,-708.75,-411.25,1,94.294,
01/01/2000,01:41:19.08,14.15,-73.81,-991.13,183.75,-682.50,-315.0,1,94.296,
01/01/2000,01:41:19.09,14.03,-73.81,-991.13,131.25,-735.0,-350.0,1,94.298,
01/01/2000,01:41:19.10,14.15,-74.05,-991.01,218.75,-761.25,-332.50,1,94.300,
01/01/2000,01:41:19.11,14.15,-74.05,-991.13,78.75,-778.75,-332.50,1,94.301,
01/01/2000,01:41:19.12,14.15,-74.05,-991.13,183.75,-726.25,-385.0,1,94.303,
01/01/2000,01:41:19.13,14.27,-73.81,-991.13,35.0,-612.50,-315.0,1,94.305,
01/01/2000,01:41:19.14,14.27,-73.93,-991.13,43.75,-735.0,-315.0,1,94.306,
01/01/2000,01:41:19.15,14.40,-73.93,-991.01,96.25,-726.25,-288.75,1,94.308,
01/01/2000,01:41:19.16,14.40,-74.05,-991.01,61.25,-682.50,-323.75,1,94.310,
01/01/2000,01:41:19.17,14.40,-74.05,-991.01,157.50,-621.25,-402.50,1,94.283,
01/01/2000,01:41:19.19,14.27,-73.93,-991.01,61.25,-700.0,-402.50,1,94.285,
01/01/2000,01:41:19.20,14.15,-73.81,-990.88,183.75,-726.25,-271.25,1,94.287,
01/01/2000,01:41:19.21,13.91,-73.93,-991.01,192.50,-568.75,-367.50,1,94.288,
01/01/2000,01:41:19.22,14.03,-73.93,-991.01,140.0,-691.25,-341.25,1,94.290,
01/01/2000,01:41:19.23,14.03,-74.30,-991.13,157.50,-778.75,-437.50,1,94.292,
01/01/2000,01:41:19.24,13.91,-74.30,-991.01,157.50,-700.0,-385.0,1,94.293,
01/01/2000,01:41:19.25,13.91,-74.05,-991.13,96.25,-691.25,-323.75,1,94.295,
01/01/2000,01:41:19.26,14.15,-73.81,-991.13,61.25,-770.0,-350.0,1,94.297,
01/01/2000,01:41:19.27,14.03,-73.93,-991.37,148.75,-682.50,-218.75,1,94.299,
01/01/2000,01:41:19.28,14.03,-74.05,-991.13,122.50,-752.50,-341.25,1,94.300,
01/01/2000,01:41:19.29,14.03,-74.30,-991.25,210.0,-752.50,-428.75,1,94.302,
01/01/2000,01:41:19.30,14.15,-74.30,-991.13,87.50,-708.75,-367.50,1,94.304,
01/01/2000,01:41:19.31,14.15,-74.05,-990.88,140.0,-682.50,-323.75,1,94.306,
01/01/2000,01:41:19.32,14.03,-74.05,-991.01,218.75,-673.75,-341.25,1,94.279,
01/01/2000,01:41:19.33,13.91,-73.93,-991.01,52.50,-665.0,-315.0,1,94.281,
01/01/2000,01:41:19.34,13.91,-74.18,-991.13,288.75,-665.0,-306.25,1,94.282,
01/01/2000,01:41:19.35,14.15,-74.18,-991.13,122.50,-673.75,-428.75,1,94.284,
01/01/2000,01:41:19.37,14.15,-74.18,-990.88,140.0,-717.50,-358.75,1,94.286,
01/01/2000,01:41:19.38,14.15,-74.18,-990.88,113.75,-778.75,-332.50,1,94.287,
01/01/2000,01:41:19.39,14.15,-74.05,-991.01,140.0,-735.0,-332.50,1,94.289,
01/01/2000,01:41:19.40,14.15,-74.05,-991.13,-17.50,-682.50,-411.25,1,94.291,
01/01/2000,01:41:19.41,14.15,-73.93,-991.01,183.75,-700.0,-183.75,1,94.293,
01/01/2000,01:41:19.42,14.15,-74.18,-990.76,78.75,-682.50,-385.0,1,94.294,
01/01/2000,01:41:19.43,14.15,-74.18,-990.76,210.0,-700.0,-402.50,1,94.296,
01/01/2000,01:41:19.44,14.15,-74.18,-990.88,175.0,-656.25,-446.25,1,94.298,
01/01/2000,01:41:19.45,14.27,-74.05,-991.13,280.0,-647.50,-332.50,1,94.299,
01/01/2000,01:41:19.46,14.27,-73.93,-990.88,210.0,-761.25,-288.75,1,94.301,
01/01/2000,01:41:19.47,14.15,-74.18,-990.76,253.75,-630.0,-367.50,1,94.275,
01/01/2000,01:41:19.48,14.15,-74.05,-990.64,122.50,-726.25,-262.50,1,94.305,
01/01/2000,01:41:19.49,14.15,-74.05,-990.88,148.75,-770.0,-385.0,1,94.278,
01/01/2000,01:41:19.50,14.27,-74.05,-991.13,201.25,-682.50,-367.50,1,94.280,
01/01/2000,01:41:19.51,14.03,-73.69,-991.13,87.50,-708.75,-323.75,1,94.281,
01/01/2000,01:41:19.52,13.91,-73.93,-991.13,78.75,-743.75,-306.25,1,94.283,
01/01/2000,01:41:19.54,13.91,-73.69,-991.13,26.25,-586.25,-323.75,1,94.285,
01/01/2000,01:41:19.55,14.03,-73.93,-991.13,113.75,-621.25,-428.75,1,94.287,
01/01/2000,01:41:19.56,14.15,-73.93,-991.13,78.75,-638.75,-262.50,1,94.288,
01/01/2000,01:41:19.57,14.15,-74.18,-991.25,192.50,-665.0,-463.75,1,94.290,
01/01/2000,01:41:19.58,14.03,-74.05,-991.37,113.75,-630.0,-367.50,1,94.292,
01/01/2000,01:41:19.59,13.91,-73.93,-991.25,253.75,-770.0,-280.0,1,94.293,
01/01/2000,01:41:19.60,14.27,-73.69,-991.25,140.0,-717.50,-323.75,1,94.295,
01/01/2000,01:41:19.61,14.40,-73.93,-991.13,306.25,-673.75,-323.75,1,94.297,
01/01/2000,01:41:19.62,14.52,-74.18,-991.01,8.75,-726.25,-446.25,1,94.299,
01/01/2000,01:41:19.63,14.40,-74.18,-990.88,332.50,-673.75,-323.75,1,94.300,
01/01/2000,01:41:19.64,14.40,-74.05,-991.01,148.75,-796.25,-341.25,1,94.302,
01/01/2000,01:41:19.65,14.40,-73.93,-990.88,192.50,-656.25,-420.0,1,94.304,
01/01/2000,01:41:19.66,14.40,-73.69,-990.88,96.25,-761.25,-288.75,1,94.305,
01/01/2000,01:41:19.67,14.40,-73.93,-990.88,87.50,-682.50,-288.75,1,94.279,
01/01/2000,01:41:19.68,14.03,-74.18,-990.88,131.25,-708.75,-420.0,1,94.281,
01/01/2000,01:41:19.69,14.03,-74.18,-991.13,210.0,-612.50,-323.75,1,94.282,
01/01/2000,01:41:19.70,13.91,-74.18,-991.13,131.25,-638.75,-402.50,1,94.284,
01/01/2000,01:41:19.71,14.03,-73.93,-991.13,140.0,-630.0,-376.25,1,94.286,
01/01/2000,01:41:19.72,14.03,-73.69,-990.88,17.50,-638.75,-306.25,1,94.287,
01/01/2000,01:41:19.73,13.91,-73.93,-990.76,218.75,-656.25,-280.0,1,94.289,
01/01/2000,01:41:19.75,13.66,-74.30,-990.88,210.0,-778.75,-332.50,1,94.291,
01/01/2000,01:41:19.76,13.91,-74.18,-991.01,113.75,-630.0,-297.50,1,94.293,
01/01/2000,01:41:19.77,13.91,-74.18,-991.01,245.0,-673.75,-323.75,1,94.294,
01/01/2000,01:41:19.78,13.79,-73.93,-990.76,192.50,-700.0,-367.50,1,94.296,
01/01/2000,01:41:19.79,13.66,-73.93,-990.64,218.75,-708.75,-358.75,1,94.298,
01/01/2000,01:41:19.80,13.79,-73.93,-990.76,148.75,-743.75,-393.75,1,94.299,
01/01/2000,01:41:19.81,14.15,-74.18,-990.88,245.0,-770.0,-376.25,1,94.301,
01/01/2000,01:41:19.82,14.15,-74.18,-990.64,96.25,-700.0,-280.0,1,94.303,
01/01/2000,01:41:19.83,14.03,-74.18,-990.52,227.50,-726.25,-490.0,1,94.304,
01/01/2000,01:41:19.84,14.03,-74.05,-990.40,236.25,-726.25,-358.75,1,94.278,
01/01/2000,01:41:19.85,14.15,-73.81,-990.64,227.50,-717.50,-236.25,1,94.308,
01/01/2000,01:41:19.86,14.15,-73.81,-990.88,166.25,-665.0,-411.25,1,94.281,
01/01/2000,01:41:19.88,14.15,-74.05,-990.76,236.25,-708.75,-402.50,1,94.283,
01/01/2000,01:41:19.89,14.15,-74.18,-990.52,87.50,-665.0,-411.25,1,94.285,
01/01/2000,01:41:19.90,14.27,-73.93,-990.88,148.75,-673.75,-376.25,1,94.287,
01/01/2000,01:41:19.91,14.27,-73.93,-991.01,61.25,-735.0,-367.50,1,94.288,
01/01/2000,01:41:19.92,14.15,-73.81,-991.13,175.0,-682.50,-236.25,1,94.290,
01/01/2000,01:41:19.93,14.15,-73.81,-991.13,271.25,-691.25,-297.50,1,94.292,
01/01/2000,01:41:19.94,14.15,-73.81,-991.25,105.0,-612.50,-393.75,1,94.293,
01/01/2000,01:41:19.95,14.15,-73.93,-991.13,192.50,-752.50,-358.75,1,94.267,
01/01/2000,01:41:19.96,14.15,-73.93,-991.01,131.25,-638.75,-323.75,1,94.269,
01/01/2000,01:41:19.97,14.40,-73.93,-991.13,280.0,-761.25,-367.50,1,94.271,
01/01/2000,01:41:19.98,14.15,-73.93,-991.13,218.75,-805.0,-306.25,1,94.272,
01/01/2000,01:41:19.99,14.15,-73.81,-991.01,218.75,-630.0,-393.75,1,94.274,
01/01/2000,01:41:20.00,14.03,-73.81,-990.88,166.25,-726.25,-323.75,1,94.276,
01/01/2000,01:41:20.01,14.15,-73.81,-990.88,131.25,-778.75,-315.0,1,94.277,
01/01/2000,01:41:20.03,14.27,-74.05,-991.13,157.50,-708.75,-306.25,1,94.279,
01/01/2000,01:41:20.04,14.15,-74.18,-991.25,70.0,-638.75,-463.75,1,94.281,
01/01/2000,01:41:20.05,14.15,-74.18,-991.37,210.0,-691.25,-393.75,1,94.282,
01/01/2000,01:41:20.06,14.15,-73.93,-991.37,175.0,-551.25,-393.75,1,94.284,
01/01/2000,01:41:20.07,14.27,-73.69,-991.37,96.25,-577.50,-315.0,1,94.286,
01/01/2000,01:41:20.08,14.27,-73.81,-991.13,280.0,-682.50,-271.25,1,94.287,
01/01/2000,01:41:20.09,14.27,-74.05,-991.13,0.0,-612.50,-411.25,1,94.289,
01/01/2000,01:41:20.10,14.15,-74.30,-991.25,87.50,-691.25,-332.50,1,94.291,
01/01/2000,01:41:20.11,14.15,-74.18,-991.37,105.0,-708.75,-297.50,1,94.292,
01/01/2000,01:41:20.12,14.15,-74.05,-991.49,61.25,-822.50,-385.0,1,94.294,
01/01/2000,01:41:20.13,14.03,-74.05,-991.37,218.75,-682.50,-341.25,1,94.296,
01/01/2000,01:41:20.14,13.91,-74.18,-991.37,148.75,-595.0,-385.0,1,94.297,
01/01/2000,01:41:20.15,13.91,-74.42,-991.37,166.25,-656.25,-411.25,1,94.299,
01/01/2000,01:41:20.17,14.40,-74.30,-991.49,61.25,-717.50,-315.0,1,94.273,
01/01/2000,01:41:20.18,14.40,-74.42,-991.37,245.0,-708.75,-367.50,1,94.275,
01/01/2000,01:41:20.19,14.27,-74.18,-991.37,26.25,-726.25,-315.0,1,94.276,
01/01/2000,01:41:20.20,14.15,-74.30,-991.37,245.0,-735.0,-507.50,1,94.278,
01/01/2000,01:41:20.21,14.03,-73.93,-991.62,35.0,-665.0,-218.75,1,94.280,
01/01/2000,01:41:20.22,14.27,-73.93,-991.62,245.0,-691.25,-411.25,1,94.282,
01/01/2000,01:41:20.23,14.15,-74.18,-991.62,227.50,-630.0,-227.50,1,94.283,
01/01/2000,01:41:20.24,14.15,-74.30,-991.25,70.0,-691.25,-350.0,1,94.285,
01/01/2000,01:41:20.25,14.03,-74.30,-991.13,201.25,-761.25,-420.0,1,94.287,
01/01/2000,01:41:20.26,14.03,-74.18,-991.37,131.25,-638.75,-297.50,1,94.288,
01/01/2000,01:41:20.27,14.03,-74.05,-991.25,131.25,-752.50,-376.25,1,94.290,
01/01/2000,01:41:20.28,14.03,-74.18,-991.13,218.75,-638.75,-297.50,1,94.292,
01/01/2000,01:41:20.29,13.91,-74.18,-991.13,236.25,-665.0,-271.25,1,94.293,
01/01/2000,01:41:20.30,13.91,-74.54,-991.01,131.25,-831.25,-358.75,1,94.295,
01/01/2000,01:41:20.31,14.15,-74.30,-991.13,140.0,-700.0,-332.50,1,94.269,
01/01/2000,01:41:20.32,13.91,-74.18,-991.13,280.0,-831.25,-437.50,1,94.271,
01/01/2000,01:41:20.33,13.66,-74.05,-991.13,131.25,-735.0,-332.50,1,94.272,
01/01/2000,01:41:20.34,13.79,-73.93,-991.13,175.0,-656.25,-358.75,1,94.274,
01/01/2000,01:41:20.35,13.91,-74.05,-991.25,87.50,-691.25,-367.50,1,94.276,
01/01/2000,01:41:20.36,14.03,-74.18,-991.13,175.0,-700.0,-227.50,1,94.277,
01/01/2000,01:41:20.38,14.15,-74.42,-991.13,122.50,-656.25,-376.25,1,94.279,
01/01/2000,01:41:20.39,14.15,-74.30,-991.13,227.50,-577.50,-262.50,1,94.253,
01/01/2000,01:41:20.40,14.15,-74.18,-991.37,183.75,-787.50,-350.0,1,94.255,
01/01/2000,01:41:20.41,14.15,-74.05,-991.37,218.75,-726.25,-280.0,1,94.257,
01/01/2000,01:41:20.42,14.27,-74.18,-991.25,201.25,-726.25,-315.0,1,94.258,
01/01/2000,01:41:20.43,14.15,-74.18,-991.01,218.75,-586.25,-288.75,1,94.260,
01/01/2000,01:41:20.44,14.03,-74.30,-991.01,70.0,-735.0,-411.25,1,94.262,
01/01/2000,01:41:20.45,14.15,-74.18,-991.13,280.0,-805.0,-402.50,1,94.263,
01/01/2000,01:41:20.46,14.15,-74.05,-991.37,26.25,-656.25,-323.75,1,94.265,
01/01/2000,01:41:20.47,13.91,-74.18,-991.37,157.50,-743.75,-323.75,1,94.267,
01/01/2000,01:41:20.48,13.91,-74.18,-991.37,148.75,-603.75,-297.50,1,94.268,
01/01/2000,01:41:20.49,13.91,-74.30,-991.49,61.25,-630.0,-481.25,1,94.270,
01/01/2000,01:41:20.50,13.91,-74.42,-991.37,148.75,-708.75,-341.25,1,94.272,
01/01/2000,01:41:20.51,14.03,-74.42,-991.37,131.25,-708.75,-393.75,1,94.273,
01/01/2000,01:41:20.53,14.03,-74.30,-991.62,236.25,-612.50,-332.50,1,94.275,
01/01/2000,01:41:20.54,13.91,-74.30,-991.49,26.25,-691.25,-350.0,1,94.277,
01/01/2000,01:41:20.55,13.79,-74.42,-991.37,157.50,-735.0,-315.0,1,94.278,
01/01/2000,01:41:20.56,13.66,-74.42,-991.37,245.0,-673.75,-332.50,1,94.280,
01/01/2000,01:41:20.57,13.66,-74.42,-991.62,183.75,-665.0,-358.75,1,94.282,
01/01/2000,01:41:20.58,13.91,-74.54,-991.74,236.25,-735.0,-428.75,1,94.283,
01/01/2000,01:41:20.59,13.91,-74.30,-991.62,192.50,-638.75,-288.75,1,94.285,
01/01/2000,01:41:20.60,14.15,-74.42,-991.74,218.75,-761.25,-376.25,1,94.287,
01/01/2000,01:41:20.61,14.15,-74.18,-991.86,131.25,-700.0,-358.75,1,94.288,
01/01/2000,01:41:20.62,14.15,-74.18,-991.74,201.25,-603.75,-446.25,1,94.290,
01/01/2000,01:41:20.63,14.27,-74.18,-991.49,201.25,-778.75,-306.25,1,94.292,
01/01/2000,01:41:20.64,14.15,-74.30,-991.25,218.75,-787.50,-376.25,1,94.293,
01/01/2000,01:41:20.65,14.15,-74.42,-991.13,96.25,-665.0,-227.50,1,94.295,
01/01/2000,01:41:20.66,14.03,-74.30,-991.25,280.0,-673.75,-358.75,1,94.269,
01/01/2000,01:41:20.67,14.03,-74.42,-991.37,-8.75,-638.75,-288.75,1,94.271,
01/01/2000,01:41:20.68,14.03,-74.30,-991.37,87.50,-577.50,-332.50,1,94.272,
01/01/2000,01:41:20.69,14.03,-74.18,-991.37,113.75,-770.0,-358.75,1,94.274,
01/01/2000,01:41:20.70,14.03,-74.18,-991.25,131.25,-568.75,-393.75,1,94.276,
01/01/2000,01:41:20.71,14.15,-74.30,-991.01,0.0,-700.0,-385.0,1,94.277,
01/01/2000,01:41:20.72,14.27,-74.42,-991.01,175.0,-638.75,-350.0,1,94.279,
01/01/2000,01:41:20.74,14.40,-74.30,-991.37,175.0,-761.25,-323.75,1,94.281,
01/01/2000,01:41:20.75,14.27,-74.18,-991.37,218.75,-796.25,-420.0,1,94.282,
01/01/2000,01:41:20.76,14.15,-73.93,-991.37,105.0,-638.75,-332.50,1,94.284,
01/01/2000,01:41:20.77,14.15,-73.93,-991.37,218.75,-717.50,-323.75,1,94.286,
01/01/2000,01:41:20.78,14.27,-74.18,-991.25,122.50,-656.25,-323.75,1,94.287,
01/01/2000,01:41:20.79,14.40,-74.30,-991.37,131.25,-691.25,-376.25,1,94.289,
01/01/2000,01:41:20.80,14.40,-74.42,-991.37,288.75,-691.25,-446.25,1,94.291,
01/01/2000,01:41:20.81,14.15,-74.18,-991.25,175.0,-717.50,-490.0,1,94.292,
01/01/2000,01:41:20.82,14.27,-73.93,-991.25,227.50,-673.75,-271.25,1,94.267,
01/01/2000,01:41:20.83,14.27,-73.81,-991.25,43.75,-682.50,-306.25,1,94.296,
01/01/2000,01:41:20.84,14.40,-74.05,-991.37,271.25,-700.0,-332.50,1,94.270,
01/01/2000,01:41:20.85,14.40,-74.42,-991.37,210.0,-673.75,-341.25,1,94.272,
01/01/2000,01:41:20.86,14.40,-74.42,-991.01,280.0,-691.25,-411.25,1,94.273,
01/01/2000,01:41:20.88,14.15,-74.18,-991.25,192.50,-770.0,-218.75,1,94.275,
01/01/2000,01:41:20.89,14.15,-73.93,-991.13,157.50,-691.25,-323.75,1,94.277,
01/01/2000,01:41:20.90,14.03,-74.18,-991.13,122.50,-665.0,-367.50,1,94.278,
01/01/2000,01:41:20.91,14.03,-74.30,-991.01,87.50,-665.0,-358.75,1,94.280,
01/01/2000,01:41:20.92,14.03,-74.42,-991.13,175.0,-673.75,-376.25,1,94.282,
01/01/2000,01:41:20.93,14.15,-74.30,-991.13,96.25,-778.75,-376.25,1,94.283,
01/01/2000,01:41:20.94,14.15,-74.30,-991.13,157.50,-717.50,-271.25,1,94.285,
01/01/2000,01:41:20.95,14.15,-74.30,-991.25,183.75,-726.25,-341.25,1,94.259,
01/01/2000,01:41:20.96,14.15,-74.18,-991.37,131.25,-708.75,-411.25,1,94.261,
01/01/2000,01:41:20.97,14.15,-74.05,-991.49,175.0,-656.25,-350.0,1,94.263,
01/01/2000,01:41:20.98,14.27,-74.05,-991.49,122.50,-761.25,-315.0,1,94.264,
01/01/2000,01:41:20.99,14.15,-74.18,-991.13,87.50,-656.25,-262.50,1,94.266,
01/01/2000,01:41:21.00,14.15,-74.18,-990.76,192.50,-708.75,-306.25,1,94.268,
01/01/2000,01:41:21.01,14.27,-74.42,-990.88,148.75,-726.25,-393.75,1,94.269,
01/01/2000,01:41:21.02,14.15,-74.30,-991.13,227.50,-647.50,-271.25,1,94.271,
01/01/2000,01:41:21.04,14.03,-74.18,-991.25,140.0,-682.50,-367.50,1,94.273,
01/01/2000,01:41:21.04,14.03,-74.05,-991.13,148.75,-778.75,-358.75,1,94.274,
01/01/2000,01:41:21.06,14.27,-74.18,-991.13,122.50,-673.75,-402.50,1,94.276,
01/01/2000,01:41:21.06,14.40,-74.42,-991.13,227.50,-778.75,-350.0,1,94.278,
01/01/2000,01:41:21.08,14.40,-74.42,-991.13,148.75,-665.0,-315.0,1,94.279,
01/01/2000,01:41:21.09,14.27,-74.66,-991.37,306.25,-778.75,-437.50,1,94.281,
01/01/2000,01:41:21.10,14.15,-74.42,-991.37,-43.75,-603.75,-315.0,1,94.282,
01/01/2000,01:41:21.11,13.91,-74.18,-991.37,105.0,-700.0,-411.25,1,94.284,
01/01/2000,01:41:21.12,13.91,-74.05,-991.37,192.50,-778.75,-271.25,1,94.286,
01/01/2000,01:41:21.13,14.15,-74.18,-991.62,140.0,-691.25,-218.75,1,94.287,
01/01/2000,01:41:21.14,14.15,-74.66,-991.74,96.25,-735.0,-455.0,1,94.289,
01/01/2000,01:41:21.15,13.91,-74.42,-991.49,157.50,-743.75,-393.75,1,94.291,
01/01/2000,01:41:21.16,13.91,-74.05,-991.37,105.0,-717.50,-332.50,1,94.292,
01/01/2000,01:41:21.17,14.03,-73.81,-991.13,166.25,-665.0,-332.50,1,94.294,
01/01/2000,01:41:21.18,14.03,-73.81,-991.37,105.0,-708.75,-376.25,1,94.295,
01/01/2000,01:41:21.19,14.27,-74.18,-991.49,157.50,-656.25,-350.0,1,94.297,
01/01/2000,01:41:21.20,14.15,-74.42,-991.37,157.50,-647.50,-367.50,1,94.299,
01/01/2000,01:41:21.21,14.15,-74.54,-991.13,183.75,-621.25,-350.0,1,94.300,
01/01/2000,01:41:21.22,14.15,-74.42,-991.13,218.75,-787.50,-367.50,1,94.275,
01/01/2000,01:41:21.23,14.15,-73.93,-991.49,148.75,-778.75,-245.0,1,94.277,
01/01/2000,01:41:21.24,14.15,-73.93,-991.37,61.25,-621.25,-183.75,1,94.278,
01/01/2000,01:41:21.25,14.03,-74.18,-991.37,210.0,-577.50,-358.75,1,94.280,
01/01/2000,01:41:21.26,14.15,-74.18,-991.25,131.25,-717.50,-358.75,1,94.282,
01/01/2000,01:41:21.27,14.15,-74.42,-991.37,105.0,-700.0,-315.0,1,94.283,
01/01/2000,01:41:21.28,14.40,-74.18,-991.25,280.0,-717.50,-323.75,1,94.285,
01/01/2000,01:41:21.30,14.15,-73.93,-991.13,87.50,-717.50,-393.75,1,94.287,
01/01/2000,01:41:21.31,14.03,-74.05,-991.01,183.75,-717.50,-358.75,1,94.288,
01/01/2000,01:41:21.32,13.91,-73.93,-991.01,245.0,-770.0,-358.75,1,94.290,
01/01/2000,01:41:21.33,14.03,-74.05,-991.13,140.0,-665.0,-437.50,1,94.291,
01/01/2000,01:41:21.34,14.27,-74.05,-991.37,157.50,-612.50,-350.0,1,94.293,
01/01/2000,01:41:21.35,14.15,-74.18,-991.13,157.50,-682.50,-428.75,1,94.295,
01/01/2000,01:41:21.36,13.91,-74.30,-990.88,210.0,-665.0,-297.50,1,94.270,
01/01/2000,01:41:21.37,13.91,-74.18,-991.13,122.50,-612.50,-323.75,1,94.271,
01/01/2000,01:41:21.38,13.91,-74.05,-991.25,148.75,-665.0,-358.75,1,94.273,
01/01/2000,01:41:21.39,13.91,-74.05,-991.49,105.0,-708.75,-332.50,1,94.274,
01/01/2000,01:41:21.41,13.91,-74.30,-991.37,96.25,-691.25,-358.75,1,94.276,
01/01/2000,01:41:21.42,14.03,-74.42,-991.25,297.50,-673.75,-393.75,1,94.278,
01/01/2000,01:41:21.43,14.15,-74.42,-991.25,183.75,-726.25,-358.75,1,94.279,
01/01/2000,01:41:21.44,14.27,-74.18,-991.37,96.25,-577.50,-332.50,1,94.281,
01/01/2000,01:41:21.45,14.15,-74.18,-991.49,131.25,-717.50,-332.50,1,94.282,
01/01/2000,01:41:21.46,13.91,-74.18,-991.62,201.25,-612.50,-332.50,1,94.284,
01/01/2000,01:41:21.47,13.91,-74.18,-991.49,87.50,-708.75,-393.75,1,94.286,
01/01/2000,01:41:21.48,14.27,-74.18,-991.62,201.25,-726.25,-297.50,1,94.287,
01/01/2000,01:41:21.49,14.27,-74.18,-991.49,280.0,-743.75,-367.50,1,94.289,
01/01/2000,01:41:21.50,14.27,-74.18,-991.62,148.75,-700.0,-253.75,1,94.291,
01/01/2000,01:41:21.51,14.15,-74.05,-991.62,70.0,-638.75,-393.75,1,94.292,
01/01/2000,01:41:21.52,13.91,-74.05,-991.37,350.0,-778.75,-402.50,1,94.294,
01/01/2000,01:41:21.53,14.03,-74.05,-991.37,218.75,-621.25,-350.0,1,94.295,
01/01/2000,01:41:21.54,14.15,-74.18,-991.49,175.0,-603.75,-332.50,1,94.297,
01/01/2000,01:41:21.55,14.03,-74.30,-991.49,70.0,-752.50,-306.25,1,94.299,
01/01/2000,01:41:21.56,13.91,-74.42,-991.37,192.50,-691.25,-446.25,1,94.300,
01/01/2000,01:41:21.58,14.03,-74.05,-991.49,131.25,-621.25,-437.50,1,94.275,
01/01/2000,01:41:21.58,14.15,-73.93,-991.62,210.0,-700.0,-350.0,1,94.277,
01/01/2000,01:41:21.60,14.15,-73.93,-991.62,-8.75,-700.0,-323.75,1,94.278,
01/01/2000,01:41:21.61,14.27,-74.05,-991.49,140.0,-717.50,-315.0,1,94.280,
01/01/2000,01:41:21.62,14.40,-74.18,-991.37,157.50,-726.25,-376.25,1,94.282,
01/01/2000,01:41:21.63,14.40,-74.42,-991.37,140.0,-752.50,-533.75,1,94.283,
01/01/2000,01:41:21.64,14.40,-74.18,-991.37,78.75,-612.50,-507.50,1,94.285,
01/01/2000,01:41:21.65,14.40,-73.93,-991.62,61.25,-726.25,-341.25,1,94.287,
01/01/2000,01:41:21.66,14.27,-74.05,-991.62,8.75,-647.50,-262.50,1,94.288,
01/01/2000,01:41:21.67,14.15,-74.18,-991.49,166.25,-875.0,-358.75,1,94.290,
01/01/2000,01:41:21.68,14.40,-74.30,-991.37,113.75,-752.50,-393.75,1,94.291,
01/01/2000,01:41:21.69,14.52,-74.18,-991.25,113.75,-700.0,-350.0,1,94.293,
01/01/2000,01:41:21.70,14.40,-74.05,-991.37,131.25,-621.25,-411.25,1,94.295,
01/01/2000,01:41:21.71,14.15,-73.93,-991.37,227.50,-647.50,-288.75,1,94.296,
01/01/2000,01:41:21.72,14.15,-73.93,-991.62,210.0,-717.50,-376.25,1,94.271,
01/01/2000,01:41:21.73,14.40,-73.93,-991.86,157.50,-682.50,-315.0,1,94.273,
01/01/2000,01:41:21.74,14.27,-74.05,-991.74,236.25,-778.75,-253.75,1,94.274,
01/01/2000,01:41:21.75,14.15,-73.93,-991.49,210.0,-603.75,-350.0,1,94.276,
01/01/2000,01:41:21.76,14.15,-74.05,-991.13,183.75,-665.0,-297.50,1,94.278,
01/01/2000,01:41:21.77,14.15,-74.18,-991.25,227.50,-752.50,-306.25,1,94.279,
01/01/2000,01:41:21.79,14.03,-74.18,-991.62,140.0,-665.0,-280.0,1,94.281,
01/01/2000,01:41:21.80,14.15,-74.05,-991.37,166.25,-700.0,-341.25,1,94.283,
01/01/2000,01:41:21.81,14.03,-74.18,-991.13,157.50,-761.25,-201.25,1,94.284,
01/01/2000,01:41:21.82,14.03,-74.18,-991.01,87.50,-612.50,-350.0,1,94.286,
01/01/2000,01:41:21.83,13.91,-74.42,-991.25,201.25,-726.25,-385.0,1,94.287,
01/01/2000,01:41:21.84,14.15,-74.18,-991.74,131.25,-603.75,-280.0,1,94.289,
01/01/2000,01:41:21.85,14.15,-74.18,-991.62,105.0,-892.50,-385.0,1,94.291,
01/01/2000,01:41:21.86,14.15,-74.18,-991.49,140.0,-603.75,-288.75,1,94.292,
01/01/2000,01:41:21.87,14.27,-74.18,-991.49,271.25,-708.75,-358.75,1,94.294,
01/01/2000,01:41:21.88,14.52,-74.30,-991.62,236.25,-691.25,-350.0,1,94.295,
01/01/2000,01:41:21.89,14.64,-74.30,-991.74,140.0,-612.50,-288.75,1,94.297,
01/01/2000,01:41:21.90,14.27,-74.42,-991.49,183.75,-787.50,-367.50,1,94.298,
01/01/2000,01:41:21.92,14.03,-74.18,-991.37,157.50,-770.0,-332.50,1,94.274,
01/01/2000,01:41:21.93,14.15,-74.18,-991.37,192.50,-691.25,-358.75,1,94.275,
01/01/2000,01:41:21.94,14.15,-74.30,-991.74,253.75,-822.50,-332.50,1,94.277,
01/01/2000,01:41:21.95,14.15,-74.42,-991.74,157.50,-700.0,-341.25,1,94.279,
01/01/2000,01:41:21.96,14.15,-74.54,-991.62,78.75,-752.50,-332.50,1,94.280,
01/01/2000,01:41:21.97,14.15,-74.54,-991.49,140.0,-647.50,-393.75,1,94.282,
01/01/2000,01:41:21.98,14.15,-74.30,-991.37,122.50,-647.50,-253.75,1,94.283,
01/01/2000,01:41:21.99,14.03,-74.30,-991.49,192.50,-638.75,-271.25,1,94.285,
01/01/2000,01:41:22.00,14.03,-74.30,-991.62,271.25,-708.75,-288.75,1,94.287,
01/01/2000,01:41:22.01,13.91,-74.42,-991.62,166.25,-735.0,-297.50,1,94.288,
01/01/2000,01:41:22.02,14.03,-74.54,-991.49,157.50,-700.0,-367.50,1,94.290,
01/01/2000,01:41:22.03,14.03,-74.42,-991.37,192.50,-787.50,-376.25,1,94.291,
01/01/2000,01:41:22.04,13.91,-74.42,-991.37,87.50,-743.75,-376.25,1,94.293,
01/01/2000,01:41:22.05,13.91,-74.42,-991.62,227.50,-673.75,-402.50,1,94.294,
01/01/2000,01:41:22.06,13.79,-74.18,-991.62,113.75,-665.0,-402.50,1,94.296,
01/01/2000,01:41:22.07,13.66,-74.18,-991.49,253.75,-665.0,-350.0,1,94.298,
01/01/2000,01:41:22.08,13.79,-74.18,-991.37,210.0,-735.0,-341.25,1,94.299,
01/01/2000,01:41:22.09,13.91,-74.30,-991.25,245.0,-621.25,-306.25,1,94.275,
01/01/2000,01:41:22.10,14.03,-74.30,-991.25,253.75,-682.50,-350.0,1,94.302,
01/01/2000,01:41:22.11,13.79,-74.42,-991.37,253.75,-735.0,-315.0,1,94.278,
01/01/2000,01:41:22.12,13.79,-74.30,-991.37,96.25,-665.0,-376.25,1,94.306,
01/01/2000,01:41:22.14,13.91,-74.18,-991.37,245.0,-708.75,-376.25,1,94.281,
01/01/2000,01:41:22.15,14.03,-74.18,-991.25,183.75,-665.0,-332.50,1,94.283,
01/01/2000,01:41:22.16,14.03,-74.18,-991.25,148.75,-691.25,-323.75,1,94.284,
01/01/2000,01:41:22.17,14.03,-74.42,-991.13,113.75,-700.0,-297.50,1,94.286,
01/01/2000,01:41:22.18,14.03,-74.42,-991.13,236.25,-691.25,-472.50,1,94.287,
01/01/2000,01:41:22.19,14.03,-74.42,-991.13,236.25,-638.75,-437.50,1,94.289,
01/01/2000,01:41:22.20,13.91,-74.18,-991.37,8.75,-682.50,-306.25,1,94.290,
01/01/2000,01:41:22.21,13.79,-74.18,-991.37,122.50,-691.25,-323.75,1,94.292,
01/01/2000,01:41:22.22,13.91,-74.30,-991.37,35.0,-603.75,-245.0,1,94.294,
01/01/2000,01:41:22.23,13.91,-74.54,-991.37,183.75,-735.0,-297.50,1,94.295,
01/01/2000,01:41:22.24,14.03,-74.54,-991.37,61.25,-761.25,-323.75,1,94.297,
01/01/2000,01:41:22.25,14.03,-74.42,-991.37,166.25,-673.75,-323.75,1,94.298,
01/01/2000,01:41:22.26,14.03,-74.30,-991.25,157.50,-673.75,-236.25,1,94.300,
01/01/2000,01:41:22.27,14.03,-74.18,-991.37,113.75,-647.50,-332.50,1,94.302,
01/01/2000,01:41:22.28,14.03,-74.18,-991.37,253.75,-682.50,-288.75,1,94.277,
01/01/2000,01:41:22.29,14.15,-74.42,-991.37,218.75,-647.50,-385.0,1,94.279,
01/01/2000,01:41:22.30,14.15,-74.42,-991.49,157.50,-647.50,-341.25,1,94.280,
01/01/2000,01:41:22.31,14.15,-74.66,-991.37,113.75,-691.25,-472.50,1,94.282,
01/01/2000,01:41:22.32,14.03,-74.42,-991.25,122.50,-752.50,-402.50,1,94.283,
01/01/2000,01:41:22.33,13.91,-74.18,-991.13,122.50,-691.25,-367.50,1,94.285,
01/01/2000,01:41:22.35,14.03,-74.18,-991.13,236.25,-717.50,-306.25,1,94.287,
01/01/2000,01:41:22.36,14.15,-74.30,-991.37,148.75,-656.25,-341.25,1,94.288,
01/01/2000,01:41:22.37,14.40,-74.42,-991.37,218.75,-770.0,-341.25,1,94.290,
01/01/2000,01:41:22.38,14.15,-74.66,-991.25,262.50,-568.75,-446.25,1,94.291,
01/01/2000,01:41:22.39,13.91,-74.42,-991.01,271.25,-682.50,-455.0,1,94.293,
01/01/2000,01:41:22.40,13.91,-74.18,-991.13,175.0,-673.75,-350.0,1,94.294,
01/01/2000,01:41:22.41,14.27,-73.81,-991.13,192.50,-595.0,-236.25,1,94.296,
01/01/2000,01:41:22.43,14.15,-74.30,-991.25,131.25,-560.0,-385.0,1,94.272,
01/01/2000,01:41:22.44,14.03,-74.42,-990.88,183.75,-708.75,-411.25,1,94.273,
01/01/2000,01:41:22.45,14.27,-74.30,-990.88,218.75,-805.0,-393.75,1,94.275,
01/01/2000,01:41:22.46,14.40,-74.05,-991.13,183.75,-568.75,-288.75,1,94.276,
01/01/2000,01:41:22.47,14.40,-74.05,-991.49,148.75,-691.25,-288.75,1,94.278,
01/01/2000,01:41:22.48,14.03,-74.05,-991.37,105.0,-621.25,-315.0,1,94.279,
01/01/2000,01:41:22.49,14.03,-74.30,-991.01,122.50,-700.0,-341.25,1,94.281,
01/01/2000,01:41:22.50,14.15,-74.18,-991.01,236.25,-691.25,-393.75,1,94.283,
01/01/2000,01:41:22.51,14.27,-74.18,-991.01,253.75,-787.50,-341.25,1,94.258,
01/01/2000,01:41:22.52,14.27,-74.05,-991.25,192.50,-682.50,-288.75,1,94.286,
01/01/2000,01:41:22.53,14.03,-73.93,-991.25,140.0,-805.0,-341.25,1,94.261,
01/01/2000,01:41:22.54,13.91,-73.93,-991.13,113.75,-700.0,-315.0,1,94.263,
01/01/2000,01:41:22.55,13.91,-73.93,-991.13,245.0,-805.0,-253.75,1,94.265,
01/01/2000,01:41:22.56,14.15,-73.93,-991.25,166.25,-726.25,-367.50,1,94.266,
01/01/2000,01:41:22.57,14.27,-73.93,-991.25,148.75,-595.0,-332.50,1,94.268,
01/01/2000,01:41:22.58,14.15,-74.18,-991.25,8.75,-700.0,-306.25,1,94.269,
01/01/2000,01:41:22.59,13.91,-74.30,-991.37,227.50,-735.0,-376.25,1,94.271,
01/01/2000,01:41:22.60,13.91,-74.18,-991.37,157.50,-656.25,-306.25,1,94.272,
01/01/2000,01:41:22.61,13.91,-73.93,-991.25,210.0,-726.25,-245.0,1,94.274,
01/01/2000,01:41:22.62,14.15,-73.81,-991.25,175.0,-743.75,-288.75,1,94.276,
01/01/2000,01:41:22.64,13.91,-73.93,-991.37,166.25,-603.75,-393.75,1,94.277,
01/01/2000,01:41:22.65,13.91,-74.18,-991.49,122.50,-682.50,-402.50,1,94.279,
01/01/2000,01:41:22.66,14.03,-74.18,-991.37,183.75,-691.25,-402.50,1,94.280,
01/01/2000,01:41:22.67,14.15,-73.93,-991.49,122.50,-761.25,-341.25,1,94.282,
01/01/2000,01:41:22.68,14.15,-73.93,-991.49,61.25,-735.0,-306.25,1,94.283,
01/01/2000,01:41:22.69,14.15,-73.93,-991.37,113.75,-630.0,-227.50,1,94.285,
01/01/2000,01:41:22.70,13.91,-74.18,-991.37,192.50,-656.25,-358.75,1,94.286,
01/01/2000,01:41:22.71,13.91,-74.30,-991.37,210.0,-647.50,-297.50,1,94.288,
01/01/2000,01:41:22.72,14.03,-74.18,-991.49,148.75,-665.0,-341.25,1,94.290,
01/01/2000,01:41:22.73,14.03,-74.05,-991.49,-35.0,-656.25,-218.75,1,94.291,
01/01/2000,01:41:22.74,13.91,-73.93,-991.37,183.75,-752.50,-280.0,1,94.293,
01/01/2000,01:41:22.75,13.79,-74.05,-991.37,245.0,-691.25,-376.25,1,94.294,
01/01/2000,01:41:22.76,14.03,-74.05,-991.49,96.25,-700.0,-315.0,1,94.296,
01/01/2000,01:41:22.77,14.03,-74.05,-991.62,148.75,-752.50,-315.0,1,94.272,
01/01/2000,01:41:22.78,14.03,-74.05,-991.37,113.75,-656.25,-262.50,1,94.273,
01/01/2000,01:41:22.79,13.91,-73.93,-991.37,105.0,-647.50,-385.0,1,94.275,
01/01/2000,01:41:22.80,13.91,-74.18,-991.49,140.0,-656.25,-297.50,1,94.276,
01/01/2000,01:41:22.81,14.03,-73.81,-991.86,131.25,-682.50,-288.75,1,94.278,
01/01/2000,01:41:22.82,14.27,-73.81,-991.98,253.75,-630.0,-402.50,1,94.279,
01/01/2000,01:41:22.83,14.40,-73.81,-991.86,131.25,-682.50,-192.50,1,94.281,
01/01/2000,01:41:22.85,14.27,-73.93,-991.62,78.75,-726.25,-341.25,1,94.283,
01/01/2000,01:41:22.86,14.27,-74.18,-991.62,297.50,-770.0,-393.75,1,94.284,
01/01/2000,01:41:22.87,14.40,-73.93,-991.86,61.25,-682.50,-253.75,1,94.286,
01/01/2000,01:41:22.88,14.27,-73.93,-991.86,8.75,-743.75,-367.50,1,94.287,
01/01/2000,01:41:22.89,14.15,-73.93,-991.62,78.75,-752.50,-306.25,1,94.289,
01/01/2000,01:41:22.90,14.15,-73.93,-991.37,341.25,-612.50,-376.25,1,94.290,
01/01/2000,01:41:22.91,14.40,-73.93,-991.62,218.75,-673.75,-323.75,1,94.292,
01/01/2000,01:41:22.92,14.40,-73.93,-991.74,218.75,-665.0,-350.0,1,94.293,
01/01/2000,01:41:22.94,14.15,-74.05,-991.62,218.75,-656.25,-428.75,1,94.269,
01/01/2000,01:41:22.95,14.27,-74.05,-991.62,192.50,-595.0,-236.25,1,94.271,
01/01/2000,01:41:22.96,14.40,-74.05,-991.62,140.0,-612.50,-288.75,1,94.273,
01/01/2000,01:41:22.97,14.40,-74.18,-991.74,166.25,-682.50,-385.0,1,94.274,
01/01/2000,01:41:22.98,14.27,-74.30,-991.62,201.25,-630.0,-315.0,1,94.276,
01/01/2000,01:41:22.99,14.27,-74.30,-991.62,113.75,-603.75,-367.50,1,94.277,
01/01/2000,01:41:23.00,14.27,-74.18,-991.37,140.0,-673.75,-341.25,1,94.279,
01/01/2000,01:41:23.01,14.15,-74.05,-991.37,52.50,-726.25,-227.50,1,94.280,
01/01/2000,01:41:23.02,14.27,-74.18,-991.49,175.0,-735.0,-297.50,1,94.282,
01/01/2000,01:41:23.03,14.15,-74.30,-991.49,140.0,-700.0,-376.25,1,94.283,
01/01/2000,01:41:23.04,14.15,-74.30,-991.37,175.0,-813.75,-358.75,1,94.285,
01/01/2000,01:41:23.05,14.15,-74.18,-991.37,192.50,-656.25,-323.75,1,94.286,
01/01/2000,01:41:23.06,14.15,-74.05,-991.49,105.0,-656.25,-323.75,1,94.288,
01/01/2000,01:41:23.07,14.15,-73.93,-991.62,245.0,-743.75,-393.75,1,94.290,
01/01/2000,01:41:23.08,14.15,-74.05,-991.62,192.50,-603.75,-218.75,1,94.291,
01/01/2000,01:41:23.09,14.27,-74.30,-991.62,140.0,-656.25,-367.50,1,94.293,
01/01/2000,01:41:23.10,14.15,-74.42,-991.49,306.25,-726.25,-367.50,1,94.294,
01/01/2000,01:41:23.11,14.15,-74.30,-991.37,61.25,-612.50,-280.0,1,94.296,
01/01/2000,01:41:23.12,14.15,-74.18,-991.37,192.50,-691.25,-332.50,1,94.272,
01/01/2000,01:41:23.13,14.27,-74.05,-991.62,105.0,-665.0,-323.75,1,94.273,
01/01/2000,01:41:23.14,13.91,-74.18,-991.37,306.25,-752.50,-332.50,1,94.275,
01/01/2000,01:41:23.15,14.15,-74.18,-991.25,-8.75,-647.50,-288.75,1,94.276,
01/01/2000,01:41:23.16,14.03,-74.30,-991.37,236.25,-665.0,-402.50,1,94.278,
01/01/2000,01:41:23.17,14.15,-74.18,-991.37,0.0,-682.50,-350.0,1,94.280,
01/01/2000,01:41:23.18,14.15,-74.18,-991.37,236.25,-647.50,-402.50,1,94.281,
01/01/2000,01:41:23.20,14.15,-74.18,-991.37,175.0,-708.75,-376.25,1,94.283,
01/01/2000,01:41:23.21,14.15,-74.18,-991.49,183.75,-673.75,-253.75,1,94.284,
01/01/2000,01:41:23.22,14.03,-74.18,-991.62,192.50,-691.25,-463.75,1,94.286,
01/01/2000,01:41:23.23,14.03,-74.18,-991.62,306.25,-673.75,-376.25,1,94.287,
01/01/2000,01:41:23.24,14.03,-74.05,-991.62,210.0,-700.0,-323.75,1,94.289,
01/01/2000,01:41:23.25,13.91,-74.18,-991.37,192.50,-621.25,-236.25,1,94.290,
01/01/2000,01:41:23.26,13.91,-74.18,-991.13,131.25,-682.50,-376.25,1,94.292,
01/01/2000,01:41:23.27,14.03,-74.30,-991.13,148.75,-813.75,-376.25,1,94.293,
01/01/2000,01:41:23.28,14.03,-74.30,-991.37,227.50,-743.75,-385.0,1,94.295,
01/01/2000,01:41:23.29,14.15,-74.18,-991.37,227.50,-700.0,-385.0,1,94.296,
01/01/2000,01:41:23.30,14.03,-74.05,-991.37,70.0,-778.75,-350.0,1,94.273,
01/01/2000,01:41:23.31,14.03,-74.05,-991.37,157.50,-638.75,-306.25,1,94.300,
01/01/2000,01:41:23.32,14.03,-74.18,-991.37,271.25,-638.75,-385.0,1,94.276,
01/01/2000,01:41:23.34,13.91,-74.18,-991.25,201.25,-726.25,-236.25,1,94.277,
01/01/2000,01:41:23.35,13.91,-74.18,-991.25,52.50,-665.0,-411.25,1,94.279,
01/01/2000,01:41:23.36,13.91,-74.30,-991.25,262.50,-656.25,-551.25,1,94.280,
01/01/2000,01:41:23.37,13.91,-73.93,-991.49,140.0,-857.50,-402.50,1,94.282,
01/01/2000,01:41:23.38,14.03,-74.18,-991.49,140.0,-621.25,-385.0,1,94.283,
01/01/2000,01:41:23.39,13.91,-74.18,-991.62,96.25,-638.75,-367.50,1,94.285,
01/01/2000,01:41:23.40,13.91,-74.18,-991.49,271.25,-735.0,-367.50,1,94.286,
01/01/2000,01:41:23.41,13.91,-74.18,-991.25,245.0,-673.75,-297.50,1,94.263,
01/01/2000,01:41:23.42,13.91,-74.05,-991.37,-8.75,-717.50,-271.25,1,94.264,
01/01/2000,01:41:23.43,13.91,-74.18,-991.37,131.25,-682.50,-192.50,1,94.266,
01/01/2000,01:41:23.45,13.91,-74.18,-991.37,227.50,-630.0,-350.0,1,94.267,
01/01/2000,01:41:23.46,13.91,-74.18,-991.37,140.0,-708.75,-332.50,1,94.269,
01/01/2000,01:41:23.47,13.91,-74.18,-991.25,183.75,-638.75,-358.75,1,94.270,
01/01/2000,01:41:23.48,13.91,-74.18,-991.13,52.50,-682.50,-341.25,1,94.272,
01/01/2000,01:41:23.49,13.91,-74.18,-991.01,140.0,-665.0,-218.75,1,94.273,
01/01/2000,01:41:23.50,13.91,-74.18,-991.13,122.50,-787.50,-411.25,1,94.275,
01/01/2000,01:41:23.51,14.03,-73.93,-991.37,35.0,-665.0,-350.0,1,94.277,
01/01/2000,01:41:23.52,14.15,-73.93,-991.62,131.25,-682.50,-306.25,1,94.278,
01/01/2000,01:41:23.53,13.91,-74.05,-991.37,113.75,-708.75,-393.75,1,94.280,
01/01/2000,01:41:23.54,13.91,-73.81,-991.25,140.0,-761.25,-376.25,1,94.281,
01/01/2000,01:41:23.55,14.15,-73.69,-991.25,105.0,-761.25,-236.25,1,94.283,
01/01/2000,01:41:23.56,14.15,-73.69,-991.37,253.75,-752.50,-306.25,1,94.284,
01/01/2000,01:41:23.57,13.91,-73.81,-991.37,52.50,-726.25,-376.25,1,94.286,
01/01/2000,01:41:23.58,13.91,-73.93,-991.25,201.25,-735.0,-315.0,1,94.287,
01/01/2000,01:41:23.59,14.03,-73.93,-991.37,105.0,-673.75,-332.50,1,94.289,
01/01/2000,01:41:23.60,14.03,-73.81,-991.37,140.0,-717.50,-306.25,1,94.290,
01/01/2000,01:41:23.61,14.27,-73.93,-991.62,253.75,-708.75,-271.25,1,94.292,
01/01/2000,01:41:23.62,14.15,-73.93,-991.49,131.25,-595.0,-341.25,1,94.268,
01/01/2000,01:41:23.63,14.15,-73.93,-991.37,183.75,-656.25,-358.75,1,94.270,
01/01/2000,01:41:23.64,14.15,-73.93,-991.49,157.50,-673.75,-385.0,1,94.271,
01/01/2000,01:41:23.65,14.27,-73.81,-991.62,140.0,-735.0,-306.25,1,94.273,
01/01/2000,01:41:23.66,14.40,-73.93,-991.62,140.0,-726.25,-358.75,1,94.274,
01/01/2000,01:41:23.67,14.15,-73.93,-991.49,8.75,-708.75,-315.0,1,94.276,
01/01/2000,01:41:23.68,14.27,-74.18,-991.25,288.75,-717.50,-367.50,1,94.277,
01/01/2000,01:41:23.70,14.27,-74.18,-991.25,192.50,-726.25,-332.50,1,94.279,
01/01/2000,01:41:23.71,14.27,-74.05,-991.13,192.50,-638.75,-315.0,1,94.280,
01/01/2000,01:41:23.72,14.27,-73.93,-991.13,210.0,-726.25,-367.50,1,94.282,
01/01/2000,01:41:23.73,14.15,-73.93,-991.01,148.75,-735.0,-288.75,1,94.283,
01/01/2000,01:41:23.74,14.03,-74.05,-990.88,148.75,-726.25,-332.50,1,94.285,
01/01/2000,01:41:23.75,14.15,-74.18,-991.13,201.25,-700.0,-385.0,1,94.286,
01/01/2000,01:41:23.76,14.27,-73.93,-991.25,96.25,-726.25,-245.0,1,94.288,
01/01/2000,01:41:23.77,14.15,-73.93,-991.25,43.75,-673.75,-332.50,1,94.290,
01/01/2000,01:41:23.78,13.91,-73.93,-991.13,105.0,-603.75,-297.50,1,94.291,
01/01/2000,01:41:23.79,14.03,-73.93,-991.13,183.75,-691.25,-393.75,1,94.293,
01/01/2000,01:41:23.80,14.15,-73.81,-991.37,52.50,-726.25,-385.0,1,94.294,
01/01/2000,01:41:23.81,14.40,-74.05,-991.25,175.0,-708.75,-376.25,1,94.296,
01/01/2000,01:41:23.82,14.27,-74.05,-991.13,166.25,-813.75,-376.25,1,94.297,
01/01/2000,01:41:23.83,14.15,-74.18,-990.88,315.0,-691.25,-341.25,1,94.274,
01/01/2000,01:41:23.85,14.40,-74.18,-991.25,271.25,-507.50,-350.0,1,94.275,
01/01/2000,01:41:23.85,14.52,-74.18,-991.37,175.0,-673.75,-262.50,1,94.277,
01/01/2000,01:41:23.87,14.52,-74.18,-991.13,113.75,-691.25,-367.50,1,94.278,
01/01/2000,01:41:23.88,14.15,-74.30,-990.76,236.25,-726.25,-446.25,1,94.280,
01/01/2000,01:41:23.89,14.03,-74.30,-990.64,192.50,-638.75,-402.50,1,94.281,
01/01/2000,01:41:23.90,14.15,-74.18,-990.88,192.50,-542.50,-420.0,1,94.283,
01/01/2000,01:41:23.91,14.27,-74.05,-991.13,148.75,-586.25,-201.25,1,94.284,
01/01/2000,01:41:23.92,14.15,-74.18,-991.01,157.50,-761.25,-332.50,1,94.286,
01/01/2000,01:41:23.93,14.03,-74.42,-990.88,245.0,-717.50,-428.75,1,94.287,
01/01/2000,01:41:23.94,13.91,-74.42,-990.88,157.50,-682.50,-367.50,1,94.289,
01/01/2000,01:41:23.95,14.15,-74.18,-991.13,175.0,-726.25,-341.25,1,94.265,
01/01/2000,01:41:23.97,14.15,-73.93,-991.13,-26.25,-630.0,-367.50,1,94.267,
01/01/2000,01:41:23.98,14.03,-74.18,-990.88,245.0,-708.75,-306.25,1,94.268,
01/01/2000,01:41:23.99,13.79,-74.18,-990.76,183.75,-708.75,-332.50,1,94.270,
01/01/2000,01:41:24.00,13.91,-74.18,-991.13,253.75,-708.75,-367.50,1,94.271,
01/01/2000,01:41:24.01,14.15,-74.05,-991.25,157.50,-717.50,-323.75,1,94.273,
01/01/2000,01:41:24.02,14.15,-74.05,-991.37,210.0,-691.25,-323.75,1,94.274,
01/01/2000,01:41:24.03,13.91,-73.93,-991.37,157.50,-691.25,-358.75,1,94.276,
01/01/2000,01:41:24.04,13.91,-74.18,-991.13,166.25,-612.50,-323.75,1,94.277,
01/01/2000,01:41:24.05,14.03,-74.18,-991.25,122.50,-656.25,-218.75,1,94.279,
01/01/2000,01:41:24.06,14.15,-74.18,-991.37,148.75,-743.75,-297.50,1,94.280,
01/01/2000,01:41:24.07,14.15,-74.18,-991.37,201.25,-551.25,-358.75,1,94.282,
01/01/2000,01:41:24.08,13.91,-74.05,-991.13,245.0,-691.25,-288.75,1,94.283,
01/01/2000,01:41:24.09,13.91,-74.05,-991.01,52.50,-717.50,-437.50,1,94.285,
01/01/2000,01:41:24.10,13.91,-74.18,-991.13,166.25,-656.25,-262.50,1,94.286,
01/01/2000,01:41:24.11,14.15,-74.18,-991.37,78.75,-752.50,-306.25,1,94.288,
01/01/2000,01:41:24.12,14.15,-74.30,-991.37,218.75,-708.75,-341.25,1,94.289,
01/01/2000,01:41:24.13,13.91,-74.30,-991.25,166.25,-805.0,-367.50,1,94.291,
01/01/2000,01:41:24.14,14.15,-74.18,-991.25,157.50,-647.50,-341.25,1,94.292,
01/01/2000,01:41:24.15,14.03,-73.93,-991.62,175.0,-665.0,-358.75,1,94.294,
01/01/2000,01:41:24.16,14.15,-73.69,-991.62,8.75,-630.0,-306.25,1,94.295,
01/01/2000,01:41:24.17,14.15,-73.81,-991.37,183.75,-612.50,-332.50,1,94.297,
01/01/2000,01:41:24.18,14.03,-73.81,-991.13,140.0,-656.25,-245.0,1,94.274,
01/01/2000,01:41:24.19,14.15,-73.93,-991.13,218.75,-603.75,-437.50,1,94.275,
01/01/2000,01:41:24.20,14.15,-73.93,-991.13,218.75,-630.0,-358.75,1,94.277,
01/01/2000,01:41:24.21,14.27,-73.93,-991.37,70.0,-630.0,-332.50,1,94.278,
01/01/2000,01:41:24.22,14.15,-73.93,-991.25,218.75,-691.25,-367.50,1,94.280,
01/01/2000,01:41:24.23,13.91,-74.05,-990.88,166.25,-560.0,-323.75,1,94.281,
01/01/2000,01:41:24.25,13.79,-73.93,-990.76,157.50,-708.75,-376.25,1,94.283,
01/01/2000,01:41:24.26,14.03,-73.93,-990.88,175.0,-726.25,-358.75,1,94.284,
01/01/2000,01:41:24.27,14.15,-73.93,-991.13,-26.25,-726.25,-245.0,1,94.286,
01/01/2000,01:41:24.28,14.03,-74.18,-990.88,201.25,-717.50,-385.0,1,94.287,
01/01/2000,01:41:24.29,13.66,-74.05,-990.88,87.50,-726.25,-245.0,1,94.289,
01/01/2000,01:41:24.30,13.54,-74.05,-991.01,192.50,-726.25,-341.25,1,94.290,
01/01/2000,01:41:24.31,13.79,-73.93,-991.13,262.50,-691.25,-306.25,1,94.292,
01/01/2000,01:41:24.32,14.03,-73.93,-991.25,192.50,-682.50,-253.75,1,94.269,
01/01/2000,01:41:24.33,13.66,-74.18,-990.88,96.25,-638.75,-358.75,1,94.270,
01/01/2000,01:41:24.34,13.54,-74.30,-990.76,210.0,-665.0,-428.75,1,94.272,
01/01/2000,01:41:24.35,13.66,-74.18,-990.88,157.50,-831.25,-332.50,1,94.273,
01/01/2000,01:41:24.36,14.03,-73.93,-991.25,61.25,-700.0,-218.75,1,94.275,
01/01/2000,01:41:24.37,14.15,-73.69,-991.37,52.50,-700.0,-280.0,1,94.276,
01/01/2000,01:41:24.38,14.03,-73.93,-991.13,218.75,-656.25,-341.25,1,94.278,
01/01/2000,01:41:24.40,14.03,-73.93,-990.88,26.25,-761.25,-420.0,1,94.279,
01/01/2000,01:41:24.41,14.15,-73.93,-991.01,288.75,-656.25,-376.25,1,94.280,
01/01/2000,01:41:24.42,14.27,-74.05,-991.13,78.75,-682.50,-306.25,1,94.282,
01/01/2000,01:41:24.43,14.15,-73.93,-991.49,140.0,-647.50,-315.0,1,94.283,
01/01/2000,01:41:24.44,14.15,-74.18,-991.25,183.75,-621.25,-367.50,1,94.285,
01/01/2000,01:41:24.45,14.15,-74.05,-991.13,166.25,-656.25,-463.75,1,94.286,
01/01/2000,01:41:24.47,14.40,-74.18,-991.49,70.0,-726.25,-358.75,1,94.263,
01/01/2000,01:41:24.48,14.52,-74.05,-991.62,113.75,-708.75,-350.0,1,94.265,
01/01/2000,01:41:24.49,14.40,-73.93,-991.86,87.50,-621.25,-350.0,1,94.266,
01/01/2000,01:41:24.50,14.15,-74.05,-991.37,105.0,-717.50,-350.0,1,94.268,
01/01/2000,01:41:24.51,14.03,-73.93,-991.25,8.75,-647.50,-227.50,1,94.269,
01/01/2000,01:41:24.52,14.15,-74.05,-991.37,210.0,-717.50,-376.25,1,94.271,
01/01/2000,01:41:24.53,14.27,-74.18,-991.49,148.75,-560.0,-332.50,1,94.272,
01/01/2000,01:41:24.54,14.15,-74.05,-991.37,113.75,-708.75,-358.75,1,94.274,
01/01/2000,01:41:24.55,13.91,-74.05,-991.13,183.75,-726.25,-315.0,1,94.275,
01/01/2000,01:41:24.56,14.03,-73.81,-991.13,52.50,-700.0,-472.50,1,94.277,
01/01/2000,01:41:24.57,14.15,-73.81,-991.13,192.50,-700.0,-245.0,1,94.278,
01/01/2000,01:41:24.58,14.40,-73.93,-991.25,78.75,-735.0,-323.75,1,94.280,
01/01/2000,01:41:24.59,14.27,-74.18,-991.13,262.50,-735.0,-358.75,1,94.281,
01/01/2000,01:41:24.60,14.15,-74.18,-991.13,175.0,-586.25,-315.0,1,94.283,
01/01/2000,01:41:24.61,14.15,-73.93,-991.13,280.0,-665.0,-455.0,1,94.284,
01/01/2000,01:41:24.62,14.40,-73.81,-991.25,131.25,-752.50,-315.0,1,94.286,
01/01/2000,01:41:24.63,14.40,-73.93,-991.37,262.50,-665.0,-446.25,1,94.287,
01/01/2000,01:41:24.64,14.15,-74.05,-991.13,166.25,-691.25,-297.50,1,94.289,
01/01/2000,01:41:24.65,13.91,-74.42,-991.13,166.25,-717.50,-411.25,1,94.290,
01/01/2000,01:41:24.66,14.03,-74.18,-991.13,245.0,-778.75,-323.75,1,94.292,
01/01/2000,01:41:24.67,14.03,-74.05,-991.13,113.75,-612.50,-262.50,1,94.269,
01/01/2000,01:41:24.68,13.91,-74.05,-991.13,70.0,-717.50,-358.75,1,94.270,
01/01/2000,01:41:24.69,13.79,-74.18,-990.88,315.0,-726.25,-350.0,1,94.272,
01/01/2000,01:41:24.70,13.91,-74.18,-990.88,87.50,-735.0,-385.0,1,94.273,
01/01/2000,01:41:24.71,13.91,-74.18,-990.88,105.0,-621.25,-411.25,1,94.275,
01/01/2000,01:41:24.72,14.03,-74.05,-990.88,148.75,-691.25,-262.50,1,94.276,
01/01/2000,01:41:24.73,14.15,-74.05,-991.01,148.75,-647.50,-411.25,1,94.278,
01/01/2000,01:41:24.75,14.15,-73.93,-990.88,157.50,-595.0,-288.75,1,94.279,
01/01/2000,01:41:24.76,14.15,-73.93,-990.88,271.25,-638.75,-385.0,1,94.281,
01/01/2000,01:41:24.77,14.03,-73.93,-990.88,183.75,-761.25,-297.50,1,94.282,
01/01/2000,01:41:24.78,14.15,-73.93,-990.88,201.25,-577.50,-236.25,1,94.284,
01/01/2000,01:41:24.79,14.03,-74.05,-990.88,262.50,-735.0,-411.25,1,94.285,
01/01/2000,01:41:24.80,13.91,-74.18,-991.01,61.25,-630.0,-288.75,1,94.286,
01/01/2000,01:41:24.81,13.91,-74.05,-991.01,157.50,-647.50,-315.0,1,94.288,
01/01/2000,01:41:24.82,13.91,-73.93,-991.13,-26.25,-691.25,-297.50,1,94.289,
01/01/2000,01:41:24.83,14.15,-73.93,-991.37,175.0,-656.25,-323.75,1,94.291,
01/01/2000,01:41:24.84,14.27,-74.05,-991.13,105.0,-647.50,-420.0,1,94.292,
01/01/2000,01:41:24.85,14.03,-74.18,-991.13,262.50,-752.50,-332.50,1,94.294,
01/01/2000,01:41:24.86,13.91,-74.18,-991.01,96.25,-665.0,-428.75,1,94.295,
01/01/2000,01:41:24.87,14.03,-74.05,-991.37,201.25,-761.25,-358.75,1,94.297,
01/01/2000,01:41:24.89,14.40,-73.93,-991.37,140.0,-726.25,-271.25,1,94.274,
01/01/2000,01:41:24.90,14.40,-74.05,-991.25,157.50,-840.0,-245.0,1,94.275,
01/01/2000,01:41:24.91,14.15,-74.42,-991.13,166.25,-761.25,-472.50,1,94.277,
01/01/2000,01:41:24.92,13.91,-74.42,-991.13,122.50,-665.0,-455.0,1,94.278,
01/01/2000,01:41:24.93,14.27,-74.30,-991.37,183.75,-603.75,-358.75,1,94.280,
01/01/2000,01:41:24.94,14.64,-73.93,-991.37,52.50,-770.0,-262.50,1,94.281,
01/01/2000,01:41:24.95,14.40,-73.93,-991.13,96.25,-735.0,-236.25,1,94.283,
01/01/2000,01:41:24.96,14.03,-74.18,-990.88,192.50,-656.25,-437.50,1,94.284,
01/01/2000,01:41:24.97,14.15,-74.18,-991.13,253.75,-665.0,-490.0,1,94.261,
01/01/2000,01:41:24.98,14.27,-73.93,-991.49,192.50,-665.0,-218.75,1,94.263,
01/01/2000,01:41:24.99,14.15,-73.69,-991.37,113.75,-682.50,-253.75,1,94.264,
01/01/2000,01:41:25.00,13.91,-73.93,-991.25,175.0,-647.50,-227.50,1,94.266,
01/01/2000,01:41:25.02,13.91,-74.05,-991.25,201.25,-665.0,-332.50,1,94.267,
01/01/2000,01:41:25.02,14.03,-74.30,-991.49,297.50,-638.75,-472.50,1,94.269,
01/01/2000,01:41:25.04,14.40,-74.05,-991.62,148.75,-691.25,-323.75,1,94.270,
01/01/2000,01:41:25.05,14.40,-74.05,-991.37,148.75,-743.75,-332.50,1,94.272,
01/01/2000,01:41:25.06,14.15,-73.93,-991.01,87.50,-656.25,-332.50,1,94.273,
01/01/2000,01:41:25.07,14.03,-74.18,-991.01,192.50,-656.25,-376.25,1,94.275,
01/01/2000,01:41:25.08,14.15,-74.05,-991.25,70.0,-717.50,-288.75,1,94.276,
01/01/2000,01:41:25.09,14.15,-74.18,-991.37,262.50,-665.0,-402.50,1,94.278,
01/01/2000,01:41:25.10,14.15,-74.18,-991.01,105.0,-638.75,-192.50,1,94.279,
01/01/2000,01:41:25.11,14.03,-74.30,-990.88,43.75,-717.50,-411.25,1,94.281,
01/01/2000,01:41:25.12,14.15,-74.18,-990.64,131.25,-752.50,-306.25,1,94.282,
01/01/2000,01:41:25.13,14.15,-73.93,-990.88,253.75,-708.75,-341.25,1,94.284,
01/01/2000,01:41:25.14,14.27,-74.05,-991.13,201.25,-752.50,-446.25,1,94.285,
01/01/2000,01:41:25.15,14.15,-74.18,-991.13,157.50,-778.75,-420.0,1,94.286,
01/01/2000,01:41:25.16,13.91,-74.18,-991.13,210.0,-708.75,-420.0,1,94.288,
01/01/2000,01:41:25.17,13.91,-74.05,-990.88,227.50,-577.50,-402.50,1,94.289,
01/01/2000,01:41:25.18,14.15,-73.93,-991.01,43.75,-743.75,-245.0,1,94.291,
01/01/2000,01:41:25.19,14.15,-74.18,-991.25,210.0,-840.0,-288.75,1,94.292,
01/01/2000,01:41:25.20,14.15,-74.42,-991.37,105.0,-726.25,-350.0,1,94.294,
01/01/2000,01:41:25.21,14.27,-74.42,-991.37,157.50,-603.75,-472.50,1,94.295,
01/01/2000,01:41:25.22,14.15,-74.18,-991.13,26.25,-682.50,-297.50,1,94.297,
01/01/2000,01:41:25.23,14.15,-74.05,-991.13,105.0,-822.50,-341.25,1,94.298,
01/01/2000,01:41:25.24,14.15,-74.18,-991.37,192.50,-717.50,-323.75,1,94.275,
01/01/2000,01:41:25.25,14.15,-74.30,-991.37,140.0,-717.50,-376.25,1,94.277,
01/01/2000,01:41:25.26,14.15,-74.30,-991.37,148.75,-743.75,-332.50,1,94.278,
01/01/2000,01:41:25.27,14.15,-74.42,-991.37,227.50,-638.75,-385.0,1,94.280,
01/01/2000,01:41:25.28,14.15,-74.18,-991.49,105.0,-726.25,-315.0,1,94.281,
01/01/2000,01:41:25.29,14.27,-74.18,-991.37,253.75,-822.50,-236.25,1,94.283,
01/01/2000,01:41:25.31,14.15,-74.30,-991.37,52.50,-700.0,-341.25,1,94.284,
01/01/2000,01:41:25.32,13.91,-74.42,-991.37,131.25,-700.0,-376.25,1,94.286,
01/01/2000,01:41:25.33,13.91,-74.30,-991.25,227.50,-735.0,-367.50,1,94.287,
01/01/2000,01:41:25.34,13.91,-74.05,-991.25,96.25,-743.75,-367.50,1,94.289,
01/01/2000,01:41:25.35,14.15,-73.93,-991.25,52.50,-700.0,-288.75,1,94.290,
01/01/2000,01:41:25.36,14.15,-73.93,-991.25,218.75,-673.75,-358.75,1,94.292,
01/01/2000,01:41:25.37,13.91,-74.05,-991.13,166.25,-595.0,-341.25,1,94.293,
01/01/2000,01:41:25.38,13.91,-74.05,-991.13,306.25,-700.0,-428.75,1,94.294,
01/01/2000,01:41:25.39,14.15,-74.18,-991.37,297.50,-743.75,-341.25,1,94.272,
01/01/2000,01:41:25.40,14.27,-74.05,-991.62,61.25,-691.25,-253.75,1,94.273,
01/01/2000,01:41:25.41,14.27,-74.05,-991.37,113.75,-708.75,-367.50,1,94.275,
01/01/2000,01:41:25.42,14.15,-74.05,-991.25,218.75,-726.25,-288.75,1,94.276,
01/01/2000,01:41:25.43,14.15,-74.30,-991.13,175.0,-717.50,-402.50,1,94.278,
01/01/2000,01:41:25.44,14.15,-74.30,-991.25,43.75,-735.0,-385.0,1,94.279,
01/01/2000,01:41:25.46,14.40,-74.18,-991.13,253.75,-682.50,-367.50,1,94.281,
01/01/2000,01:41:25.47,14.27,-74.05,-991.01,96.25,-691.25,-306.25,1,94.282,
01/01/2000,01:41:25.48,14.15,-74.18,-991.13,166.25,-752.50,-428.75,1,94.284,
01/01/2000,01:41:25.49,14.15,-74.18,-991.25,262.50,-700.0,-350.0,1,94.285,
01/01/2000,01:41:25.50,14.27,-74.18,-991.37,131.25,-638.75,-306.25,1,94.286,
01/01/2000,01:41:25.51,14.15,-74.30,-991.25,96.25,-726.25,-420.0,1,94.288,
01/01/2000,01:41:25.52,13.91,-74.42,-991.13,175.0,-673.75,-297.50,1,94.265,
01/01/2000,01:41:25.53,14.03,-74.18,-991.01,35.0,-691.25,-253.75,1,94.267,
01/01/2000,01:41:25.54,14.27,-74.18,-991.37,201.25,-708.75,-323.75,1,94.268,
01/01/2000,01:41:25.55,14.27,-74.05,-991.49,140.0,-717.50,-306.25,1,94.270,
01/01/2000,01:41:25.56,14.15,-74.05,-991.62,113.75,-665.0,-358.75,1,94.271,
01/01/2000,01:41:25.57,14.15,-74.18,-991.62,148.75,-665.0,-253.75,1,94.273,
01/01/2000,01:41:25.58,14.15,-74.05,-991.62,0.0,-682.50,-358.75,1,94.274,
01/01/2000,01:41:25.59,14.40,-73.93,-991.62,271.25,-761.25,-367.50,1,94.276,
01/01/2000,01:41:25.60,14.27,-73.93,-991.62,122.50,-691.25,-350.0,1,94.277,
01/01/2000,01:41:25.61,14.03,-73.93,-991.62,122.50,-743.75,-385.0,1,94.278,
01/01/2000,01:41:25.62,14.03,-74.18,-991.49,140.0,-682.50,-367.50,1,94.280,
01/01/2000,01:41:25.63,14.03,-74.05,-991.62,52.50,-778.75,-358.75,1,94.281,
01/01/2000,01:41:25.64,14.15,-74.18,-991.62,262.50,-735.0,-358.75,1,94.283,
01/01/2000,01:41:25.66,14.27,-74.18,-991.49,218.75,-796.25,-288.75,1,94.284,
01/01/2000,01:41:25.67,14.15,-74.30,-991.37,192.50,-796.25,-341.25,1,94.286,
01/01/2000,01:41:25.68,14.15,-74.30,-991.37,166.25,-726.25,-402.50,1,94.287,
01/01/2000,01:41:25.69,14.03,-74.30,-991.49,210.0,-700.0,-323.75,1,94.289,
01/01/2000,01:41:25.70,14.15,-74.30,-991.37,288.75,-630.0,-411.25,1,94.290,
01/01/2000,01:41:25.71,14.03,-74.05,-991.25,183.75,-691.25,-253.75,1,94.291,
01/01/2000,01:41:25.72,14.03,-74.18,-991.25,350.0,-630.0,-420.0,1,94.293,
01/01/2000,01:41:25.73,13.91,-74.18,-991.25,78.75,-577.50,-262.50,1,94.294,
01/01/2000,01:41:25.74,14.03,-74.18,-991.25,131.25,-743.75,-262.50,1,94.272,
01/01/2000,01:41:25.75,13.91,-74.05,-991.62,148.75,-647.50,-358.75,1,94.297,
01/01/2000,01:41:25.76,13.79,-74.18,-991.49,271.25,-857.50,-306.25,1,94.275,
01/01/2000,01:41:25.77,13.91,-74.18,-991.49,157.50,-647.50,-393.75,1,94.276,
01/01/2000,01:41:25.78,13.91,-74.18,-991.62,183.75,-691.25,-350.0,1,94.278,
01/01/2000,01:41:25.79,14.03,-74.18,-991.62,78.75,-682.50,-358.75,1,94.279,
01/01/2000,01:41:25.81,14.03,-74.18,-991.49,227.50,-813.75,-367.50,1,94.281,
01/01/2000,01:41:25.82,14.03,-74.18,-991.49,105.0,-700.0,-376.25,1,94.282,
01/01/2000,01:41:25.83,13.91,-74.05,-991.37,140.0,-638.75,-367.50,1,94.284,
01/01/2000,01:41:25.84,14.03,-74.05,-991.13,271.25,-752.50,-332.50,1,94.285,
01/01/2000,01:41:25.85,14.15,-73.93,-991.37,201.25,-717.50,-315.0,1,94.286,
01/01/2000,01:41:25.86,14.03,-74.18,-991.49,288.75,-621.25,-376.25,1,94.288,
01/01/2000,01:41:25.87,14.15,-73.93,-991.49,70.0,-647.50,-227.50,1,94.289,
01/01/2000,01:41:25.88,14.27,-74.05,-991.49,218.75,-630.0,-323.75,1,94.291,
01/01/2000,01:41:25.89,14.27,-73.93,-991.49,17.50,-708.75,-280.0,1,94.292,
01/01/2000,01:41:25.90,14.03,-73.93,-991.37,166.25,-735.0,-420.0,1,94.294,
01/01/2000,01:41:25.91,14.15,-73.93,-991.37,70.0,-647.50,-288.75,1,94.295,
01/01/2000,01:41:25.92,14.15,-73.81,-991.49,157.50,-761.25,-332.50,1,94.296,
01/01/2000,01:41:25.93,14.15,-73.81,-991.49,140.0,-568.75,-376.25,1,94.298,
01/01/2000,01:41:25.94,14.15,-73.93,-991.37,306.25,-603.75,-393.75,1,94.276,
01/01/2000,01:41:25.95,13.91,-74.05,-991.37,210.0,-603.75,-402.50,1,94.277,
01/01/2000,01:41:25.96,13.91,-74.18,-991.37,236.25,-656.25,-297.50,1,94.279,
01/01/2000,01:41:25.97,13.91,-73.93,-991.37,-43.75,-735.0,-385.0,1,94.280,
01/01/2000,01:41:25.98,14.15,-73.93,-991.37,52.50,-735.0,-367.50,1,94.281,
01/01/2000,01:41:26.00,13.79,-74.18,-991.25,166.25,-665.0,-498.75,1,94.283,
01/01/2000,01:41:26.01,13.79,-74.05,-991.25,210.0,-743.75,-385.0,1,94.284,
01/01/2000,01:41:26.02,14.27,-73.81,-991.13,323.75,-822.50,-218.75,1,94.286,
01/01/2000,01:41:26.03,14.15,-73.93,-991.01,131.25,-656.25,-367.50,1,94.287,
01/01/2000,01:41:26.04,13.91,-74.18,-991.01,332.50,-647.50,-446.25,1,94.289,
01/01/2000,01:41:26.05,14.03,-74.18,-991.13,175.0,-700.0,-341.25,1,94.290,
01/01/2000,01:41:26.06,14.15,-74.18,-991.13,245.0,-708.75,-420.0,1,94.291,
01/01/2000,01:41:26.07,14.15,-74.18,-991.13,166.25,-735.0,-210.0,1,94.293,
01/01/2000,01:41:26.08,14.03,-74.18,-991.25,201.25,-682.50,-385.0,1,94.271,
01/01/2000,01:41:26.09,14.03,-74.30,-991.13,306.25,-691.25,-385.0,1,94.272,
01/01/2000,01:41:26.10,14.15,-74.30,-991.13,26.25,-691.25,-332.50,1,94.274,
01/01/2000,01:41:26.11,14.15,-74.18,-991.13,166.25,-770.0,-376.25,1,94.275,
01/01/2000,01:41:26.12,14.15,-74.42,-991.13,288.75,-682.50,-393.75,1,94.276,
01/01/2000,01:41:26.13,14.15,-74.05,-991.13,131.25,-770.0,-498.75,1,94.278,
01/01/2000,01:41:26.14,14.15,-74.18,-991.37,131.25,-647.50,-201.25,1,94.279,
01/01/2000,01:41:26.15,14.27,-74.18,-991.25,175.0,-735.0,-271.25,1,94.281,
01/01/2000,01:41:26.16,14.03,-74.66,-991.13,183.75,-778.75,-350.0,1,94.282,
01/01/2000,01:41:26.17,13.91,-74.42,-991.13,43.75,-568.75,-393.75,1,94.284,
01/01/2000,01:41:26.18,14.15,-74.54,-991.13,306.25,-638.75,-446.25,1,94.285,
01/01/2000,01:41:26.19,14.40,-74.18,-991.25,-87.50,-743.75,-332.50,1,94.286,
01/01/2000,01:41:26.20,14.15,-74.42,-991.13,131.25,-621.25,-455.0,1,94.288,
01/01/2000,01:41:26.21,13.91,-74.66,-990.88,70.0,-603.75,-227.50,1,94.289,
01/01/2000,01:41:26.23,14.15,-74.18,-991.37,78.75,-743.75,-472.50,1,94.291,
01/01/2000,01:41:26.24,14.15,-74.42,-991.49,358.75,-761.25,-236.25,1,94.292,
01/01/2000,01:41:26.25,14.40,-74.18,-991.49,70.0,-691.25,-472.50,1,94.294,
01/01/2000,01:41:26.26,14.15,-74.18,-991.37,297.50,-735.0,-463.75,1,94.295,
01/01/2000,01:41:26.27,14.15,-74.05,-991.25,166.25,-813.75,-175.0,1,94.296,
01/01/2000,01:41:26.28,14.40,-74.42,-991.25,262.50,-743.75,-525.0,1,94.298,
01/01/2000,01:41:26.29,14.40,-74.42,-991.25,183.75,-691.25,-227.50,1,94.299,
01/01/2000,01:41:26.30,14.40,-74.05,-991.13,236.25,-621.25,-420.0,1,94.277,
01/01/2000,01:41:26.31,14.15,-74.05,-991.13,271.25,-656.25,-271.25,1,94.279,
01/01/2000,01:41:26.32,14.27,-73.93,-991.25,288.75,-743.75,-201.25,1,94.280,
01/01/2000,01:41:26.33,14.64,-74.18,-991.37,87.50,-691.25,-446.25,1,94.281,
01/01/2000,01:41:26.34,14.52,-74.18,-991.37,122.50,-700.0,-280.0,1,94.283,
01/01/2000,01:41:26.35,14.52,-74.18,-991.25,26.25,-673.75,-446.25,1,94.284,
01/01/2000,01:41:26.37,14.27,-74.05,-991.13,253.75,-621.25,-411.25,1,94.286,
01/01/2000,01:41:26.38,14.27,-73.93,-991.25,148.75,-682.50,-332.50,1,94.287,
01/01/2000,01:41:26.39,14.40,-74.05,-991.13,148.75,-630.0,-428.75,1,94.289,
01/01/2000,01:41:26.40,14.15,-74.18,-991.25,245.0,-647.50,-341.25,1,94.290,
01/01/2000,01:41:26.41,14.15,-74.05,-991.13,70.0,-665.0,-393.75,1,94.291,
01/01/2000,01:41:26.42,14.15,-74.05,-991.13,218.75,-673.75,-341.25,1,94.293,
01/01/2000,01:41:26.43,14.15,-74.18,-991.25,306.25,-761.25,-341.25,1,94.294,
01/01/2000,01:41:26.44,14.03,-74.18,-991.25,166.25,-761.25,-446.25,1,94.296,
01/01/2000,01:41:26.45,14.03,-74.05,-991.13,245.0,-612.50,-131.25,1,94.297,
01/01/2000,01:41:26.46,13.91,-73.93,-991.13,17.50,-735.0,-358.75,1,94.298,
01/01/2000,01:41:26.47,13.91,-74.18,-991.01,157.50,-700.0,-358.75,1,94.300,
01/01/2000,01:41:26.48,13.79,-74.18,-991.01,201.25,-647.50,-236.25,1,94.301,
01/01/2000,01:41:26.49,13.91,-74.18,-991.13,262.50,-717.50,-420.0,1,94.303,
01/01/2000,01:41:26.51,13.91,-73.93,-991.25,35.0,-647.50,-280.0,1,94.281,
01/01/2000,01:41:26.52,14.03,-73.93,-991.13,70.0,-691.25,-262.50,1,94.282,
01/01/2000,01:41:26.53,13.91,-73.93,-991.01,245.0,-647.50,-481.25,1,94.284,
01/01/2000,01:41:26.54,13.79,-73.93,-991.13,52.50,-708.75,-315.0,1,94.285,
01/01/2000,01:41:26.55,13.91,-73.93,-991.37,183.75,-717.50,-306.25,1,94.286,
01/01/2000,01:41:26.56,13.91,-73.93,-991.25,175.0,-708.75,-455.0,1,94.288,
01/01/2000,01:41:26.57,13.79,-73.93,-991.13,70.0,-770.0,-411.25,1,94.289,
01/01/2000,01:41:26.58,13.79,-73.93,-991.01,122.50,-787.50,-341.25,1,94.291,
01/01/2000,01:41:26.59,13.91,-74.18,-991.13,175.0,-656.25,-253.75,1,94.292,
01/01/2000,01:41:26.60,13.91,-74.18,-991.25,122.50,-770.0,-472.50,1,94.293,
01/01/2000,01:41:26.61,13.79,-74.30,-991.37,61.25,-691.25,-350.0,1,94.295,
01/01/2000,01:41:26.62,13.79,-74.30,-991.37,140.0,-656.25,-402.50,1,94.296,
01/01/2000,01:41:26.63,13.79,-74.18,-991.25,157.50,-630.0,-367.50,1,94.298,
01/01/2000,01:41:26.64,13.91,-74.05,-991.37,245.0,-630.0,-332.50,1,94.299,
01/01/2000,01:41:26.65,14.03,-74.30,-991.49,323.75,-726.25,-306.25,1,94.277,
01/01/2000,01:41:26.66,13.79,-74.42,-991.49,78.75,-778.75,-350.0,1,94.279,
01/01/2000,01:41:26.67,13.66,-74.54,-991.62,306.25,-682.50,-490.0,1,94.280,
01/01/2000,01:41:26.68,13.79,-74.30,-991.62,78.75,-726.25,-315.0,1,94.281,
01/01/2000,01:41:26.69,13.91,-74.18,-991.49,113.75,-647.50,-393.75,1,94.283,
01/01/2000,01:41:26.70,13.91,-74.30,-991.49,148.75,-665.0,-350.0,1,94.284,
01/01/2000,01:41:26.72,13.66,-74.42,-991.86,26.25,-665.0,-280.0,1,94.286,
01/01/2000,01:41:26.73,13.91,-74.54,-991.86,192.50,-673.75,-533.75,1,94.287,
01/01/2000,01:41:26.74,14.03,-74.42,-991.62,70.0,-700.0,-280.0,1,94.289,
01/01/2000,01:41:26.75,14.03,-74.18,-991.62,17.50,-665.0,-367.50,1,94.290,
01/01/2000,01:41:26.76,13.91,-74.18,-991.25,192.50,-726.25,-236.25,1,94.291,
01/01/2000,01:41:26.77,13.91,-74.18,-991.37,157.50,-673.75,-455.0,1,94.293,
01/01/2000,01:41:26.78,14.03,-74.42,-991.49,245.0,-638.75,-393.75,1,94.294,
01/01/2000,01:41:26.79,14.03,-74.30,-991.37,201.25,-708.75,-402.50,1,94.296,
01/01/2000,01:41:26.80,14.15,-74.42,-991.25,140.0,-638.75,-385.0,1,94.297,
01/01/2000,01:41:26.81,14.03,-74.30,-991.13,131.25,-735.0,-297.50,1,94.298,
01/01/2000,01:41:26.82,14.03,-74.30,-991.25,227.50,-726.25,-306.25,1,94.300,
01/01/2000,01:41:26.83,13.79,-74.30,-991.37,157.50,-700.0,-385.0,1,94.301,
01/01/2000,01:41:26.84,14.03,-74.42,-991.37,105.0,-743.75,-280.0,1,94.303,
01/01/2000,01:41:26.85,14.15,-74.18,-991.13,218.75,-700.0,-393.75,1,94.304,
01/01/2000,01:41:26.86,14.03,-74.42,-991.01,253.75,-787.50,-507.50,1,94.282,
01/01/2000,01:41:26.87,13.91,-74.05,-991.13,175.0,-682.50,-323.75,1,94.284,
01/01/2000,01:41:26.88,14.15,-74.18,-991.25,183.75,-735.0,-411.25,1,94.285,
01/01/2000,01:41:26.90,14.15,-74.30,-991.37,0.0,-682.50,-210.0,1,94.286,
01/01/2000,01:41:26.90,14.15,-74.18,-991.37,52.50,-700.0,-350.0,1,94.288,
01/01/2000,01:41:26.92,14.15,-74.18,-991.13,262.50,-656.25,-498.75,1,94.289,
01/01/2000,01:41:26.93,14.40,-74.18,-991.13,210.0,-682.50,-201.25,1,94.291,
01/01/2000,01:41:26.94,14.27,-74.18,-991.37,166.25,-735.0,-350.0,1,94.292,
01/01/2000,01:41:26.95,14.15,-74.18,-991.25,218.75,-630.0,-315.0,1,94.293,
01/01/2000,01:41:26.96,14.15,-74.05,-991.25,157.50,-752.50,-350.0,1,94.295,
01/01/2000,01:41:26.97,14.03,-74.05,-991.13,201.25,-673.75,-323.75,1,94.296,
01/01/2000,01:41:26.98,13.91,-73.93,-991.13,113.75,-691.25,-262.50,1,94.298,
01/01/2000,01:41:26.99,14.03,-74.18,-991.25,210.0,-857.50,-437.50,1,94.299,
01/01/2000,01:41:27.00,13.91,-74.18,-991.37,210.0,-708.75,-376.25,1,94.277,
01/01/2000,01:41:27.02,13.91,-74.18,-991.37,175.0,-761.25,-157.50,1,94.279,
01/01/2000,01:41:27.03,13.79,-73.93,-991.13,297.50,-743.75,-568.75,1,94.280,
01/01/2000,01:41:27.04,13.79,-74.18,-991.25,131.25,-726.25,-332.50,1,94.282,
01/01/2000,01:41:27.05,13.91,-73.93,-991.25,78.75,-682.50,-402.50,1,94.283,
01/01/2000,01:41:27.06,14.15,-74.18,-991.13,148.75,-735.0,-498.75,1,94.284,
01/01/2000,01:41:27.07,13.91,-74.18,-991.01,105.0,-665.0,-175.0,1,94.286,
01/01/2000,01:41:27.08,13.91,-74.05,-991.13,61.25,-743.75,-455.0,1,94.264,
01/01/2000,01:41:27.09,13.91,-74.18,-991.37,201.25,-638.75,-210.0,1,94.265,
01/01/2000,01:41:27.10,13.91,-73.81,-991.49,105.0,-673.75,-271.25,1,94.267,
01/01/2000,01:41:27.11,13.79,-73.93,-991.37,201.25,-673.75,-420.0,1,94.268,
01/01/2000,01:41:27.12,13.66,-74.05,-991.37,17.50,-813.75,-323.75,1,94.270,
01/01/2000,01:41:27.13,13.91,-74.30,-991.37,236.25,-682.50,-402.50,1,94.271,
01/01/2000,01:41:27.14,13.91,-74.30,-991.37,201.25,-735.0,-332.50,1,94.272,
01/01/2000,01:41:27.15,13.91,-74.05,-991.37,70.0,-595.0,-393.75,1,94.274,
01/01/2000,01:41:27.16,13.66,-73.81,-991.13,105.0,-665.0,-288.75,1,94.275,
01/01/2000,01:41:27.17,13.79,-73.93,-991.13,157.50,-665.0,-323.75,1,94.277,
01/01/2000,01:41:27.18,13.91,-74.05,-991.13,166.25,-726.25,-350.0,1,94.278,
01/01/2000,01:41:27.19,14.03,-74.42,-991.13,140.0,-743.75,-350.0,1,94.279,
01/01/2000,01:41:27.20,14.15,-74.30,-991.13,113.75,-630.0,-420.0,1,94.281,
01/01/2000,01:41:27.22,14.15,-74.30,-991.01,183.75,-638.75,-306.25,1,94.282,
01/01/2000,01:41:27.23,14.03,-74.18,-991.13,78.75,-630.0,-358.75,1,94.284,
01/01/2000,01:41:27.24,14.03,-74.30,-991.25,227.50,-770.0,-297.50,1,94.285,
01/01/2000,01:41:27.25,14.03,-74.42,-991.25,140.0,-586.25,-402.50,1,94.286,
01/01/2000,01:41:27.26,14.15,-74.66,-991.25,262.50,-586.25,-288.75,1,94.288,
01/01/2000,01:41:27.27,14.15,-74.54,-991.13,8.75,-743.75,-332.50,1,94.289,
01/01/2000,01:41:27.28,14.03,-74.54,-991.01,271.25,-726.25,-288.75,1,94.291,
01/01/2000,01:41:27.29,14.03,-74.42,-991.13,297.50,-708.75,-393.75,1,94.292,
01/01/2000,01:41:27.30,14.03,-74.30,-991.37,17.50,-673.75,-402.50,1,94.293,
01/01/2000,01:41:27.31,14.15,-74.30,-991.37,192.50,-726.25,-341.25,1,94.295,
01/01/2000,01:41:27.32,14.15,-74.18,-991.25,157.50,-752.50,-341.25,1,94.296,
01/01/2000,01:41:27.33,14.03,-74.18,-991.13,157.50,-700.0,-332.50,1,94.298,
01/01/2000,01:41:27.34,14.03,-74.30,-991.25,157.50,-717.50,-315.0,1,94.299,
01/01/2000,01:41:27.35,13.91,-74.18,-991.37,218.75,-770.0,-297.50,1,94.277,
01/01/2000,01:41:27.36,13.91,-74.30,-991.37,61.25,-735.0,-323.75,1,94.279,
01/01/2000,01:41:27.37,13.79,-74.18,-991.37,227.50,-682.50,-358.75,1,94.280,
01/01/2000,01:41:27.38,13.79,-74.18,-991.13,192.50,-691.25,-516.25,1,94.282,
01/01/2000,01:41:27.39,13.91,-74.18,-991.13,87.50,-708.75,-253.75,1,94.283,
01/01/2000,01:41:27.40,13.91,-74.18,-991.37,227.50,-708.75,-385.0,1,94.284,
01/01/2000,01:41:27.41,14.03,-74.05,-991.25,175.0,-752.50,-358.75,1,94.286,
01/01/2000,01:41:27.43,13.91,-73.93,-991.37,192.50,-700.0,-358.75,1,94.287,
01/01/2000,01:41:27.44,13.91,-73.81,-991.37,78.75,-665.0,-376.25,1,94.288,
01/01/2000,01:41:27.45,13.91,-73.69,-991.37,183.75,-673.75,-350.0,1,94.290,
01/01/2000,01:41:27.46,13.91,-73.69,-991.37,227.50,-665.0,-350.0,1,94.291,
01/01/2000,01:41:27.47,13.91,-73.81,-991.37,113.75,-752.50,-323.75,1,94.293,
01/01/2000,01:41:27.48,13.91,-73.93,-991.37,70.0,-761.25,-385.0,1,94.294,
01/01/2000,01:41:27.49,13.91,-73.93,-991.49,140.0,-691.25,-367.50,1,94.295,
01/01/2000,01:41:27.50,14.03,-73.81,-991.37,175.0,-665.0,-332.50,1,94.297,
01/01/2000,01:41:27.51,14.03,-73.69,-991.37,218.75,-595.0,-341.25,1,94.298,
01/01/2000,01:41:27.53,14.15,-73.93,-991.13,166.25,-735.0,-350.0,1,94.277,
01/01/2000,01:41:27.54,14.15,-73.93,-991.01,183.75,-743.75,-367.50,1,94.278,
01/01/2000,01:41:27.55,14.15,-73.81,-991.01,78.75,-673.75,-280.0,1,94.280,
01/01/2000,01:41:27.56,14.27,-73.93,-991.01,245.0,-700.0,-402.50,1,94.281,
01/01/2000,01:41:27.57,14.15,-73.81,-991.01,87.50,-735.0,-350.0,1,94.282,
01/01/2000,01:41:27.58,14.15,-73.93,-991.01,192.50,-595.0,-323.75,1,94.284,
01/01/2000,01:41:27.59,14.15,-73.93,-990.88,218.75,-656.25,-315.0,1,94.285,
01/01/2000,01:41:27.60,14.15,-73.93,-990.88,105.0,-717.50,-236.25,1,94.286,
01/01/2000,01:41:27.61,14.27,-74.05,-990.88,288.75,-621.25,-315.0,1,94.288,
01/01/2000,01:41:27.62,14.27,-73.93,-990.88,78.75,-770.0,-245.0,1,94.289,
01/01/2000,01:41:27.63,14.15,-73.93,-990.88,210.0,-673.75,-341.25,1,94.291,
01/01/2000,01:41:27.64,14.15,-73.81,-990.88,148.75,-682.50,-315.0,1,94.292,
01/01/2000,01:41:27.65,14.15,-73.93,-990.88,105.0,-691.25,-367.50,1,94.293,
01/01/2000,01:41:27.66,14.15,-73.93,-990.88,131.25,-700.0,-393.75,1,94.295,
01/01/2000,01:41:27.67,13.91,-73.93,-990.88,70.0,-603.75,-315.0,1,94.296,
01/01/2000,01:41:27.68,13.79,-74.05,-990.88,201.25,-691.25,-420.0,1,94.297,
01/01/2000,01:41:27.69,13.66,-73.93,-990.88,70.0,-708.75,-411.25,1,94.299,
01/01/2000,01:41:27.70,13.79,-73.81,-990.88,166.25,-682.50,-350.0,1,94.300,
01/01/2000,01:41:27.71,13.79,-73.93,-990.88,140.0,-647.50,-393.75,1,94.279,
01/01/2000,01:41:27.72,13.79,-73.93,-990.88,236.25,-647.50,-376.25,1,94.280,
01/01/2000,01:41:27.73,13.79,-74.18,-991.01,253.75,-577.50,-393.75,1,94.282,
01/01/2000,01:41:27.74,13.79,-74.05,-991.01,175.0,-717.50,-411.25,1,94.283,
01/01/2000,01:41:27.75,13.79,-74.18,-991.13,227.50,-682.50,-323.75,1,94.284,
01/01/2000,01:41:27.76,13.91,-73.93,-990.88,245.0,-647.50,-323.75,1,94.286,
01/01/2000,01:41:27.78,13.79,-74.18,-991.01,131.25,-691.25,-306.25,1,94.287,
01/01/2000,01:41:27.79,13.91,-74.18,-991.13,148.75,-726.25,-306.25,1,94.288,
01/01/2000,01:41:27.80,13.91,-74.18,-991.13,201.25,-673.75,-262.50,1,94.290,
01/01/2000,01:41:27.81,13.91,-74.30,-991.13,227.50,-796.25,-350.0,1,94.291,
01/01/2000,01:41:27.82,13.79,-74.30,-991.13,131.25,-673.75,-420.0,1,94.293,
01/01/2000,01:41:27.83,13.79,-74.18,-991.25,157.50,-752.50,-315.0,1,94.294,
01/01/2000,01:41:27.84,13.79,-74.05,-991.25,175.0,-673.75,-323.75,1,94.295,
01/01/2000,01:41:27.85,13.91,-74.05,-991.25,148.75,-595.0,-411.25,1,94.297,
01/01/2000,01:41:27.86,13.91,-73.93,-991.13,-78.75,-796.25,-306.25,1,94.275,
01/01/2000,01:41:27.87,13.91,-74.18,-991.13,157.50,-700.0,-323.75,1,94.277,
01/01/2000,01:41:27.88,13.79,-74.05,-991.25,113.75,-735.0,-367.50,1,94.278,
01/01/2000,01:41:27.89,13.91,-74.05,-991.37,96.25,-743.75,-306.25,1,94.280,
01/01/2000,01:41:27.90,14.03,-73.81,-991.37,245.0,-717.50,-271.25,1,94.281,
01/01/2000,01:41:27.92,13.91,-73.93,-991.01,166.25,-586.25,-297.50,1,94.282,
01/01/2000,01:41:27.93,13.91,-74.05,-991.01,52.50,-673.75,-306.25,1,94.284,
01/01/2000,01:41:27.94,14.03,-74.18,-991.13,183.75,-542.50,-315.0,1,94.285,
01/01/2000,01:41:27.95,14.15,-74.18,-991.37,61.25,-796.25,-306.25,1,94.286,
01/01/2000,01:41:27.96,14.15,-74.18,-991.37,183.75,-726.25,-341.25,1,94.288,
01/01/2000,01:41:27.97,14.15,-74.05,-991.25,166.25,-700.0,-315.0,1,94.289,
01/01/2000,01:41:27.98,14.15,-74.18,-991.25,131.25,-647.50,-280.0,1,94.290,
01/01/2000,01:41:27.99,14.15,-74.05,-991.37,210.0,-691.25,-218.75,1,94.292,
01/01/2000,01:41:28.00,14.40,-74.18,-991.37,131.25,-647.50,-393.75,1,94.293,
01/01/2000,01:41:28.01,14.27,-74.30,-991.37,61.25,-752.50,-306.25,1,94.295,
01/01/2000,01:41:28.02,14.15,-74.30,-991.37,210.0,-708.75,-271.25,1,94.296,
01/01/2000,01:41:28.03,14.15,-74.05,-991.37,218.75,-708.75,-350.0,1,94.275,
01/01/2000,01:41:28.05,14.15,-74.05,-991.62,192.50,-665.0,-280.0,1,94.276,
01/01/2000,01:41:28.06,14.27,-74.18,-991.74,183.75,-691.25,-341.25,1,94.278,
01/01/2000,01:41:28.07,14.27,-74.18,-991.62,175.0,-656.25,-428.75,1,94.279,
01/01/2000,01:41:28.08,14.15,-74.18,-991.62,122.50,-603.75,-306.25,1,94.280,
01/01/2000,01:41:28.09,14.27,-74.18,-991.49,105.0,-778.75,-350.0,1,94.282,
01/01/2000,01:41:28.10,14.15,-74.05,-991.49,87.50,-743.75,-315.0,1,94.283,
01/01/2000,01:41:28.11,14.03,-73.93,-991.49,8.75,-761.25,-218.75,1,94.284,
01/01/2000,01:41:28.12,14.15,-74.18,-991.37,35.0,-665.0,-358.75,1,94.286,
01/01/2000,01:41:28.13,14.03,-74.18,-991.37,271.25,-700.0,-332.50,1,94.287,
01/01/2000,01:41:28.14,14.15,-74.18,-991.37,183.75,-656.25,-341.25,1,94.288,
01/01/2000,01:41:28.15,14.15,-74.05,-991.37,166.25,-743.75,-393.75,1,94.290,
01/01/2000,01:41:28.16,14.03,-73.93,-991.37,70.0,-717.50,-245.0,1,94.291,
01/01/2000,01:41:28.17,13.91,-73.93,-991.37,122.50,-673.75,-323.75,1,94.293,
01/01/2000,01:41:28.18,14.03,-74.05,-991.37,157.50,-761.25,-358.75,1,94.294,
01/01/2000,01:41:28.19,14.03,-74.18,-991.37,148.75,-612.50,-262.50,1,94.295,
01/01/2000,01:41:28.20,14.03,-74.18,-991.25,192.50,-735.0,-393.75,1,94.297,
01/01/2000,01:41:28.21,14.03,-74.18,-991.25,113.75,-638.75,-288.75,1,94.298,
01/01/2000,01:41:28.22,14.15,-74.18,-991.37,113.75,-735.0,-341.25,1,94.299,
01/01/2000,01:41:28.23,14.03,-74.18,-991.13,157.50,-778.75,-332.50,1,94.301,
01/01/2000,01:41:28.24,14.03,-74.18,-991.13,105.0,-638.75,-341.25,1,94.302,
01/01/2000,01:41:28.25,13.91,-74.18,-991.37,192.50,-735.0,-393.75,1,94.303,
01/01/2000,01:41:28.26,14.03,-74.18,-991.37,140.0,-778.75,-280.0,1,94.305,
01/01/2000,01:41:28.27,13.91,-74.30,-991.25,113.75,-638.75,-227.50,1,94.284,
01/01/2000,01:41:28.28,13.91,-74.42,-991.37,122.50,-743.75,-393.75,1,94.285,
01/01/2000,01:41:28.29,13.91,-74.30,-991.37,210.0,-630.0,-385.0,1,94.286,
01/01/2000,01:41:28.30,13.91,-74.18,-991.37,61.25,-586.25,-402.50,1,94.288,
01/01/2000,01:41:28.31,14.03,-74.05,-991.13,113.75,-612.50,-323.75,1,94.289,
01/01/2000,01:41:28.32,14.03,-74.18,-991.01,175.0,-665.0,-306.25,1,94.290,
01/01/2000,01:41:28.34,13.91,-74.42,-990.88,245.0,-752.50,-358.75,1,94.292,
01/01/2000,01:41:28.35,14.03,-74.42,-991.01,96.25,-595.0,-402.50,1,94.293,
01/01/2000,01:41:28.36,14.03,-74.30,-991.13,122.50,-770.0,-315.0,1,94.295,
01/01/2000,01:41:28.37,13.91,-74.18,-991.25,113.75,-726.25,-411.25,1,94.296,
01/01/2000,01:41:28.38,13.91,-74.05,-991.13,96.25,-673.75,-358.75,1,94.297,
01/01/2000,01:41:28.39,13.91,-74.18,-991.13,201.25,-630.0,-367.50,1,94.299,
01/01/2000,01:41:28.40,13.91,-74.18,-991.13,183.75,-735.0,-358.75,1,94.300,
01/01/2000,01:41:28.41,14.03,-74.30,-991.13,105.0,-735.0,-297.50,1,94.279,
01/01/2000,01:41:28.42,13.79,-74.18,-991.13,271.25,-726.25,-315.0,1,94.280,
01/01/2000,01:41:28.43,13.91,-74.05,-991.13,236.25,-568.75,-402.50,1,94.282,
01/01/2000,01:41:28.44,13.91,-74.05,-991.13,280.0,-726.25,-253.75,1,94.283,
01/01/2000,01:41:28.45,13.91,-73.93,-991.13,157.50,-586.25,-271.25,1,94.284,
01/01/2000,01:41:28.46,13.91,-74.18,-991.01,131.25,-638.75,-420.0,1,94.286,
01/01/2000,01:41:28.47,13.91,-74.42,-991.13,78.75,-752.50,-376.25,1,94.287,
01/01/2000,01:41:28.49,14.03,-74.42,-991.37,87.50,-726.25,-341.25,1,94.288,
01/01/2000,01:41:28.50,14.03,-74.30,-991.25,61.25,-673.75,-218.75,1,94.290,
01/01/2000,01:41:28.51,14.03,-74.30,-991.25,253.75,-656.25,-288.75,1,94.291,
01/01/2000,01:41:28.52,14.03,-74.18,-991.25,227.50,-691.25,-350.0,1,94.292,
01/01/2000,01:41:28.53,13.91,-74.30,-991.37,52.50,-787.50,-367.50,1,94.294,
01/01/2000,01:41:28.54,14.15,-74.30,-991.37,210.0,-682.50,-420.0,1,94.295,
01/01/2000,01:41:28.55,14.03,-74.05,-991.49,87.50,-735.0,-323.75,1,94.274,
01/01/2000,01:41:28.56,14.03,-74.05,-991.37,218.75,-708.75,-288.75,1,94.276,
01/01/2000,01:41:28.57,13.91,-73.93,-991.25,140.0,-638.75,-428.75,1,94.277,
01/01/2000,01:41:28.58,14.03,-73.81,-991.37,218.75,-708.75,-420.0,1,94.278,
01/01/2000,01:41:28.59,14.15,-73.81,-991.37,166.25,-708.75,-288.75,1,94.280,
01/01/2000,01:41:28.60,14.27,-74.05,-991.37,140.0,-761.25,-323.75,1,94.281,
01/01/2000,01:41:28.61,14.03,-74.18,-991.37,245.0,-752.50,-393.75,1,94.282,
01/01/2000,01:41:28.62,14.03,-74.18,-991.25,122.50,-796.25,-402.50,1,94.284,
01/01/2000,01:41:28.64,14.03,-73.93,-991.25,0.0,-673.75,-341.25,1,94.285,
01/01/2000,01:41:28.65,14.03,-73.93,-991.49,175.0,-708.75,-271.25,1,94.286,
01/01/2000,01:41:28.66,14.03,-73.93,-991.37,262.50,-752.50,-323.75,1,94.288,
01/01/2000,01:41:28.67,14.03,-73.93,-991.37,140.0,-630.0,-367.50,1,94.289,
01/01/2000,01:41:28.68,13.91,-73.93,-991.25,297.50,-700.0,-253.75,1,94.290,
01/01/2000,01:41:28.69,14.15,-73.93,-991.37,192.50,-761.25,-341.25,1,94.292,
01/01/2000,01:41:28.70,14.15,-73.93,-991.49,140.0,-656.25,-402.50,1,94.293,
01/01/2000,01:41:28.71,13.91,-73.93,-991.37,61.25,-560.0,-437.50,1,94.294,
01/01/2000,01:41:28.72,13.91,-74.05,-991.37,192.50,-595.0,-323.75,1,94.296,
01/01/2000,01:41:28.73,14.15,-74.18,-991.25,131.25,-796.25,-306.25,1,94.297,
01/01/2000,01:41:28.74,14.15,-74.05,-991.25,218.75,-673.75,-288.75,1,94.298,
01/01/2000,01:41:28.75,14.15,-74.18,-991.49,157.50,-691.25,-350.0,1,94.300,
01/01/2000,01:41:28.76,14.15,-74.30,-991.37,96.25,-700.0,-358.75,1,94.279,
01/01/2000,01:41:28.77,14.03,-74.42,-991.37,297.50,-700.0,-323.75,1,94.280,
01/01/2000,01:41:28.78,14.03,-74.30,-991.37,148.75,-665.0,-402.50,1,94.282,
01/01/2000,01:41:28.79,14.03,-74.42,-991.37,183.75,-831.25,-253.75,1,94.283,
01/01/2000,01:41:28.80,14.15,-74.42,-991.25,236.25,-805.0,-376.25,1,94.284,
01/01/2000,01:41:28.81,13.91,-74.54,-991.25,288.75,-595.0,-332.50,1,94.286,
01/01/2000,01:41:28.82,14.03,-74.54,-991.25,218.75,-708.75,-332.50,1,94.287,
01/01/2000,01:41:28.84,14.03,-74.30,-991.25,87.50,-708.75,-358.75,1,94.288,
01/01/2000,01:41:28.85,14.03,-74.30,-991.25,148.75,-717.50,-262.50,1,94.290,
01/01/2000,01:41:28.86,14.15,-74.18,-991.25,315.0,-761.25,-323.75,1,94.291,
01/01/2000,01:41:28.87,14.15,-74.18,-991.13,157.50,-726.25,-385.0,1,94.292,
01/01/2000,01:41:28.88,14.15,-74.42,-991.13,166.25,-743.75,-367.50,1,94.294,
01/01/2000,01:41:28.89,14.03,-74.30,-991.25,52.50,-638.75,-350.0,1,94.295,
01/01/2000,01:41:28.90,13.91,-74.05,-991.49,166.25,-743.75,-428.75,1,94.296,
01/01/2000,01:41:28.91,13.79,-74.05,-991.37,183.75,-542.50,-367.50,1,94.298,
01/01/2000,01:41:28.92,13.79,-74.05,-991.37,192.50,-752.50,-271.25,1,94.299,
01/01/2000,01:41:28.93,13.79,-74.42,-991.37,210.0,-717.50,-385.0,1,94.300,
01/01/2000,01:41:28.94,13.91,-74.30,-991.62,122.50,-752.50,-332.50,1,94.302,
01/01/2000,01:41:28.95,13.79,-74.42,-991.49,148.75,-770.0,-350.0,1,94.303,
01/01/2000,01:41:28.96,13.79,-74.05,-991.37,105.0,-752.50,-350.0,1,94.304,
01/01/2000,01:41:28.98,13.66,-73.93,-991.37,218.75,-647.50,-253.75,1,94.284,
01/01/2000,01:41:28.99,13.66,-73.93,-991.62,166.25,-638.75,-306.25,1,94.285,
01/01/2000,01:41:29.00,13.79,-73.93,-991.62,218.75,-621.25,-315.0,1,94.286,
01/01/2000,01:41:29.01,13.91,-73.93,-991.62,148.75,-630.0,-323.75,1,94.288,
01/01/2000,01:41:29.02,13.91,-73.93,-991.37,148.75,-665.0,-350.0,1,94.289,
01/01/2000,01:41:29.03,14.03,-73.69,-991.25,192.50,-708.75,-297.50,1,94.290,
01/01/2000,01:41:29.04,13.91,-73.69,-991.37,227.50,-665.0,-297.50,1,94.292,
01/01/2000,01:41:29.05,13.54,-74.05,-991.37,218.75,-708.75,-428.75,1,94.271,
01/01/2000,01:41:29.06,13.66,-73.81,-991.37,236.25,-630.0,-411.25,1,94.272,
01/01/2000,01:41:29.07,13.79,-73.93,-991.25,280.0,-726.25,-376.25,1,94.274,
01/01/2000,01:41:29.08,13.79,-73.93,-991.25,-43.75,-787.50,-227.50,1,94.275,
01/01/2000,01:41:29.10,13.79,-74.05,-991.13,157.50,-735.0,-306.25,1,94.276,
01/01/2000,01:41:29.10,13.66,-73.93,-991.25,148.75,-770.0,-323.75,1,94.278,
01/01/2000,01:41:29.12,13.79,-74.18,-991.25,96.25,-665.0,-341.25,1,94.279,
01/01/2000,01:41:29.13,13.91,-73.93,-991.13,131.25,-647.50,-358.75,1,94.280,
01/01/2000,01:41:29.14,13.91,-73.93,-991.13,96.25,-682.50,-332.50,1,94.282,
01/01/2000,01:41:29.15,13.79,-74.05,-991.13,288.75,-691.25,-437.50,1,94.283,
01/01/2000,01:41:29.16,13.79,-74.05,-991.13,175.0,-638.75,-245.0,1,94.284,
01/01/2000,01:41:29.17,13.91,-74.18,-991.25,227.50,-743.75,-341.25,1,94.286,
01/01/2000,01:41:29.18,13.79,-74.18,-991.13,271.25,-612.50,-218.75,1,94.287,
01/01/2000,01:41:29.19,13.91,-73.93,-991.01,96.25,-603.75,-288.75,1,94.288,
01/01/2000,01:41:29.20,13.91,-74.18,-990.88,236.25,-673.75,-367.50,1,94.290,
01/01/2000,01:41:29.21,13.91,-74.18,-991.13,43.75,-717.50,-315.0,1,94.291,
01/01/2000,01:41:29.22,14.03,-74.42,-991.13,280.0,-735.0,-367.50,1,94.292,
01/01/2000,01:41:29.23,13.91,-74.18,-991.13,96.25,-717.50,-367.50,1,94.294,
01/01/2000,01:41:29.24,14.03,-74.30,-991.13,183.75,-691.25,-332.50,1,94.295,
01/01/2000,01:41:29.25,13.91,-74.18,-991.13,253.75,-700.0,-341.25,1,94.296,
01/01/2000,01:41:29.26,13.79,-74.18,-991.01,52.50,-691.25,-236.25,1,94.276,
01/01/2000,01:41:29.27,13.91,-74.30,-991.13,131.25,-726.25,-358.75,1,94.277,
01/01/2000,01:41:29.28,13.91,-74.30,-991.25,227.50,-691.25,-323.75,1,94.278,
01/01/2000,01:41:29.29,13.79,-74.18,-991.25,218.75,-673.75,-411.25,1,94.280,
01/01/2000,01:41:29.30,13.66,-74.30,-991.25,253.75,-717.50,-332.50,1,94.281,
01/01/2000,01:41:29.31,13.66,-74.18,-991.13,192.50,-770.0,-323.75,1,94.282,
01/01/2000,01:41:29.33,13.79,-74.18,-991.25,192.50,-726.25,-288.75,1,94.284,
01/01/2000,01:41:29.34,13.66,-74.30,-991.13,157.50,-743.75,-376.25,1,94.285,
01/01/2000,01:41:29.35,13.79,-74.30,-990.88,78.75,-656.25,-367.50,1,94.286,
01/01/2000,01:41:29.36,13.91,-74.42,-990.76,367.50,-770.0,-472.50,1,94.288,
01/01/2000,01:41:29.37,13.91,-74.05,-991.01,245.0,-717.50,-140.0,1,94.289,
01/01/2000,01:41:29.38,14.03,-74.05,-991.25,271.25,-735.0,-437.50,1,94.290,
01/01/2000,01:41:29.39,13.79,-74.18,-991.49,105.0,-700.0,-280.0,1,94.292,
01/01/2000,01:41:29.40,13.91,-73.93,-991.37,105.0,-682.50,-341.25,1,94.293,
01/01/2000,01:41:29.41,13.91,-73.93,-991.13,341.25,-770.0,-350.0,1,94.294,
01/01/2000,01:41:29.42,14.03,-73.93,-991.01,245.0,-612.50,-253.75,1,94.296,
01/01/2000,01:41:29.43,14.15,-73.93,-991.01,105.0,-717.50,-437.50,1,94.297,
01/01/2000,01:41:29.44,14.03,-74.05,-991.13,253.75,-656.25,-367.50,1,94.298,
01/01/2000,01:41:29.45,13.91,-73.93,-991.37,148.75,-673.75,-323.75,1,94.300,
01/01/2000,01:41:29.46,14.15,-73.81,-991.37,192.50,-778.75,-393.75,1,94.279,
01/01/2000,01:41:29.47,14.27,-73.81,-991.13,148.75,-717.50,-262.50,1,94.280,
01/01/2000,01:41:29.48,14.15,-74.05,-990.88,227.50,-656.25,-393.75,1,94.282,
01/01/2000,01:41:29.49,13.91,-74.18,-990.88,218.75,-691.25,-236.25,1,94.283,
01/01/2000,01:41:29.50,13.91,-74.30,-991.01,122.50,-638.75,-306.25,1,94.284,
01/01/2000,01:41:29.51,13.91,-74.05,-991.37,183.75,-700.0,-350.0,1,94.286,
01/01/2000,01:41:29.52,14.27,-73.93,-991.62,140.0,-656.25,-280.0,1,94.287,
01/01/2000,01:41:29.54,14.15,-74.18,-991.37,131.25,-595.0,-463.75,1,94.288,
01/01/2000,01:41:29.55,14.03,-74.30,-991.25,140.0,-735.0,-350.0,1,94.290,
01/01/2000,01:41:29.56,14.15,-74.18,-991.37,87.50,-603.75,-376.25,1,94.269,
01/01/2000,01:41:29.57,14.27,-73.93,-991.62,61.25,-682.50,-332.50,1,94.271,
01/01/2000,01:41:29.58,14.15,-73.81,-991.62,236.25,-542.50,-245.0,1,94.272,
01/01/2000,01:41:29.59,13.91,-73.93,-991.49,201.25,-726.25,-350.0,1,94.273,
01/01/2000,01:41:29.60,13.91,-74.18,-991.49,70.0,-700.0,-376.25,1,94.275,
01/01/2000,01:41:29.61,14.15,-74.42,-991.49,323.75,-647.50,-411.25,1,94.276,
01/01/2000,01:41:29.62,14.15,-74.18,-991.37,218.75,-630.0,-210.0,1,94.277,
01/01/2000,01:41:29.63,14.15,-74.18,-990.88,148.75,-770.0,-280.0,1,94.278,
01/01/2000,01:41:29.65,13.91,-73.93,-990.88,227.50,-761.25,-385.0,1,94.280,
01/01/2000,01:41:29.66,14.15,-73.81,-990.88,166.25,-612.50,-297.50,1,94.281,
01/01/2000,01:41:29.67,14.27,-73.93,-991.13,166.25,-665.0,-175.0,1,94.282,
01/01/2000,01:41:29.68,14.03,-73.93,-991.13,201.25,-533.75,-350.0,1,94.284,
01/01/2000,01:41:29.69,14.15,-74.05,-990.88,157.50,-621.25,-393.75,1,94.285,
01/01/2000,01:41:29.70,14.15,-73.93,-990.88,236.25,-700.0,-280.0,1,94.286,
01/01/2000,01:41:29.71,14.27,-73.69,-991.13,271.25,-717.50,-315.0,1,94.288,
01/01/2000,01:41:29.72,14.15,-73.93,-991.13,43.75,-735.0,-236.25,1,94.289,
01/01/2000,01:41:29.73,14.03,-73.93,-991.37,262.50,-927.50,-437.50,1,94.290,
01/01/2000,01:41:29.74,14.03,-73.93,-991.37,148.75,-717.50,-385.0,1,94.292,
01/01/2000,01:41:29.75,14.15,-74.05,-991.13,148.75,-700.0,-315.0,1,94.293,
01/01/2000,01:41:29.76,14.15,-74.05,-991.13,105.0,-735.0,-271.25,1,94.294,
01/01/2000,01:41:29.77,14.15,-74.30,-991.01,315.0,-647.50,-288.75,1,94.296,
01/01/2000,01:41:29.78,14.15,-74.18,-991.13,96.25,-700.0,-350.0,1,94.297,
01/01/2000,01:41:29.79,14.03,-74.18,-991.13,332.50,-612.50,-297.50,1,94.298,
01/01/2000,01:41:29.80,14.03,-74.18,-991.13,245.0,-621.25,-376.25,1,94.299,
01/01/2000,01:41:29.81,14.15,-74.05,-990.88,218.75,-682.50,-280.0,1,94.301,
01/01/2000,01:41:29.82,14.15,-74.30,-990.88,122.50,-656.25,-385.0,1,94.280,
01/01/2000,01:41:29.83,14.27,-74.42,-991.01,96.25,-717.50,-490.0,1,94.303,
01/01/2000,01:41:29.84,14.15,-74.42,-991.25,306.25,-638.75,-437.50,1,94.283,
01/01/2000,01:41:29.85,14.15,-74.18,-991.25,61.25,-761.25,-385.0,1,94.284,
01/01/2000,01:41:29.86,14.15,-74.05,-991.13,236.25,-630.0,-306.25,1,94.286,
01/01/2000,01:41:29.87,14.27,-73.93,-991.01,175.0,-770.0,-297.50,1,94.287,
01/01/2000,01:41:29.89,14.27,-74.18,-990.88,157.50,-726.25,-411.25,1,94.288,
01/01/2000,01:41:29.90,14.27,-74.42,-991.01,78.75,-752.50,-385.0,1,94.290,
01/01/2000,01:41:29.91,14.15,-74.42,-991.13,271.25,-743.75,-385.0,1,94.291,
01/01/2000,01:41:29.92,14.03,-74.18,-991.13,175.0,-796.25,-306.25,1,94.292,
01/01/2000,01:41:29.93,14.03,-73.93,-991.13,175.0,-717.50,-288.75,1,94.294,
01/01/2000,01:41:29.94,14.03,-74.05,-991.01,113.75,-665.0,-393.75,1,94.295,
01/01/2000,01:41:29.95,14.15,-74.18,-990.88,227.50,-726.25,-288.75,1,94.296,
01/01/2000,01:41:29.96,14.27,-74.42,-991.13,218.75,-770.0,-306.25,1,94.297,
01/01/2000,01:41:29.97,14.40,-74.18,-991.13,306.25,-682.50,-376.25,1,94.299,
01/01/2000,01:41:29.98,14.40,-73.93,-991.13,78.75,-621.25,-297.50,1,94.300,
01/01/2000,01:41:29.99,14.15,-73.93,-991.01,148.75,-647.50,-367.50,1,94.301,
01/01/2000,01:41:30.00,14.15,-73.93,-991.13,61.25,-656.25,-280.0,1,94.303,
01/01/2000,01:41:30.01,14.27,-73.93,-991.37,210.0,-708.75,-288.75,1,94.304,
01/01/2000,01:41:30.02,14.40,-74.05,-991.49,52.50,-691.25,-367.50,1,94.305,
01/01/2000,01:41:30.03,14.27,-74.18,-991.13,96.25,-787.50,-288.75,1,94.285,
01/01/2000,01:41:30.04,14.15,-74.18,-990.88,183.75,-735.0,-350.0,1,94.286,
01/01/2000,01:41:30.05,14.27,-73.93,-990.88,157.50,-691.25,-288.75,1,94.288,
01/01/2000,01:41:30.06,14.27,-73.93,-991.37,253.75,-743.75,-288.75,1,94.289,
01/01/2000,01:41:30.08,14.15,-74.18,-991.49,157.50,-665.0,-306.25,1,94.290,
01/01/2000,01:41:30.09,14.15,-74.30,-991.37,201.25,-831.25,-402.50,1,94.292,
01/01/2000,01:41:30.10,14.15,-74.05,-991.13,96.25,-647.50,-297.50,1,94.293,
01/01/2000,01:41:30.11,14.15,-73.93,-991.25,87.50,-630.0,-280.0,1,94.294,
01/01/2000,01:41:30.12,14.03,-74.05,-991.37,192.50,-752.50,-271.25,1,94.295,
01/01/2000,01:41:30.13,14.03,-74.18,-991.37,271.25,-700.0,-350.0,1,94.297,
01/01/2000,01:41:30.14,13.91,-74.18,-991.13,140.0,-665.0,-280.0,1,94.298,
01/01/2000,01:41:30.15,13.91,-74.05,-991.13,236.25,-752.50,-385.0,1,94.299,
01/01/2000,01:41:30.16,13.91,-74.05,-991.25,157.50,-813.75,-350.0,1,94.279,
01/01/2000,01:41:30.17,14.15,-74.18,-991.37,157.50,-743.75,-253.75,1,94.281,
01/01/2000,01:41:30.18,14.03,-74.30,-991.37,105.0,-577.50,-350.0,1,94.282,
01/01/2000,01:41:30.19,13.91,-74.18,-991.37,227.50,-586.25,-455.0,1,94.283,
01/01/2000,01:41:30.20,13.79,-74.18,-991.37,350.0,-586.25,-297.50,1,94.284,
01/01/2000,01:41:30.21,13.91,-74.05,-991.25,87.50,-700.0,-358.75,1,94.286,
01/01/2000,01:41:30.22,14.15,-74.05,-991.13,148.75,-735.0,-385.0,1,94.287,
01/01/2000,01:41:30.23,13.91,-74.18,-991.13,113.75,-656.25,-341.25,1,94.288,
01/01/2000,01:41:30.25,13.91,-74.42,-991.13,218.75,-665.0,-376.25,1,94.290,
01/01/2000,01:41:30.26,14.15,-74.18,-991.13,192.50,-656.25,-367.50,1,94.291,
01/01/2000,01:41:30.27,14.15,-74.18,-991.25,166.25,-612.50,-350.0,1,94.292,
01/01/2000,01:41:30.28,14.15,-74.05,-991.25,105.0,-647.50,-253.75,1,94.293,
01/01/2000,01:41:30.29,14.15,-74.30,-991.13,96.25,-612.50,-420.0,1,94.295,
01/01/2000,01:41:30.30,14.15,-74.42,-991.13,166.25,-796.25,-306.25,1,94.296,
01/01/2000,01:41:30.31,14.15,-74.42,-991.25,201.25,-752.50,-385.0,1,94.297,
01/01/2000,01:41:30.32,14.27,-74.18,-991.25,140.0,-682.50,-358.75,1,94.299,
01/01/2000,01:41:30.33,14.40,-74.05,-991.25,105.0,-700.0,-262.50,1,94.300,
01/01/2000,01:41:30.34,14.15,-74.05,-991.13,131.25,-682.50,-306.25,1,94.301,
01/01/2000,01:41:30.35,14.27,-74.18,-991.01,113.75,-735.0,-350.0,1,94.303,
01/01/2000,01:41:30.36,14.27,-74.18,-990.88,227.50,-717.50,-280.0,1,94.304,
01/01/2000,01:41:30.37,14.27,-74.18,-991.01,253.75,-682.50,-393.75,1,94.305,
01/01/2000,01:41:30.39,14.40,-74.05,-991.13,113.75,-743.75,-341.25,1,94.285,
01/01/2000,01:41:30.40,14.27,-74.05,-991.01,210.0,-577.50,-393.75,1,94.286,
01/01/2000,01:41:30.41,14.03,-74.05,-991.01,87.50,-726.25,-472.50,1,94.288,
01/01/2000,01:41:30.42,14.15,-74.18,-991.01,236.25,-787.50,-262.50,1,94.289,
01/01/2000,01:41:30.43,14.27,-73.93,-991.01,8.75,-630.0,-271.25,1,94.290,
01/01/2000,01:41:30.44,14.15,-74.05,-991.13,245.0,-717.50,-376.25,1,94.292,
01/01/2000,01:41:30.45,14.15,-74.05,-991.01,148.75,-700.0,-315.0,1,94.293,
01/01/2000,01:41:30.46,14.15,-74.05,-991.13,87.50,-682.50,-218.75,1,94.294,
01/01/2000,01:41:30.47,14.27,-74.18,-991.25,122.50,-638.75,-358.75,1,94.295,
01/01/2000,01:41:30.48,14.15,-74.05,-991.37,113.75,-761.25,-315.0,1,94.297,
01/01/2000,01:41:30.49,14.03,-74.05,-991.13,96.25,-735.0,-420.0,1,94.298,
01/01/2000,01:41:30.50,14.03,-74.18,-991.13,201.25,-770.0,-332.50,1,94.299,
01/01/2000,01:41:30.51,14.03,-74.18,-991.25,175.0,-673.75,-332.50,1,94.301,
01/01/2000,01:41:30.52,14.15,-74.18,-991.49,157.50,-630.0,-376.25,1,94.281,
01/01/2000,01:41:30.53,14.15,-74.05,-991.49,122.50,-665.0,-411.25,1,94.282,
01/01/2000,01:41:30.54,14.15,-74.18,-991.37,297.50,-770.0,-385.0,1,94.283,
01/01/2000,01:41:30.55,14.15,-74.18,-991.49,131.25,-673.75,-306.25,1,94.284,
01/01/2000,01:41:30.56,14.27,-74.18,-991.37,183.75,-691.25,-262.50,1,94.286,
01/01/2000,01:41:30.57,14.40,-74.18,-991.37,122.50,-691.25,-367.50,1,94.287,
01/01/2000,01:41:30.59,14.15,-74.30,-991.37,218.75,-708.75,-306.25,1,94.288,
01/01/2000,01:41:30.60,14.03,-74.18,-991.37,166.25,-525.0,-271.25,1,94.268,
01/01/2000,01:41:30.61,14.15,-74.18,-991.49,113.75,-682.50,-376.25,1,94.270,
01/01/2000,01:41:30.62,14.03,-74.05,-991.49,183.75,-551.25,-262.50,1,94.271,
01/01/2000,01:41:30.63,14.03,-74.05,-991.49,26.25,-595.0,-402.50,1,94.272,
01/01/2000,01:41:30.64,14.15,-74.18,-991.37,227.50,-761.25,-367.50,1,94.274,
01/01/2000,01:41:30.65,14.15,-74.18,-991.25,157.50,-700.0,-271.25,1,94.275,
01/01/2000,01:41:30.66,14.15,-74.05,-991.49,140.0,-665.0,-323.75,1,94.276,
01/01/2000,01:41:30.67,14.03,-73.93,-991.62,105.0,-621.25,-350.0,1,94.277,
01/01/2000,01:41:30.69,14.03,-73.93,-991.62,78.75,-761.25,-271.25,1,94.279,
01/01/2000,01:41:30.70,13.79,-74.05,-991.25,157.50,-735.0,-288.75,1,94.280,
01/01/2000,01:41:30.71,13.91,-74.05,-991.37,70.0,-603.75,-367.50,1,94.281,
01/01/2000,01:41:30.72,13.79,-74.30,-991.49,315.0,-717.50,-446.25,1,94.283,
01/01/2000,01:41:30.73,13.91,-74.05,-991.49,140.0,-717.50,-262.50,1,94.284,
01/01/2000,01:41:30.74,14.03,-74.18,-991.37,113.75,-743.75,-297.50,1,94.285,
01/01/2000,01:41:30.75,13.91,-74.18,-991.25,140.0,-735.0,-315.0,1,94.286,
01/01/2000,01:41:30.76,13.66,-74.18,-991.37,210.0,-700.0,-367.50,1,94.288,
01/01/2000,01:41:30.77,13.79,-74.18,-991.37,113.75,-586.25,-385.0,1,94.289,
01/01/2000,01:41:30.78,14.27,-73.93,-991.37,78.75,-726.25,-411.25,1,94.290,
01/01/2000,01:41:30.79,13.91,-74.18,-991.13,227.50,-787.50,-288.75,1,94.291,
01/01/2000,01:41:30.80,13.79,-73.93,-990.88,236.25,-708.75,-481.25,1,94.293,
01/01/2000,01:41:30.81,14.15,-73.93,-990.88,192.50,-647.50,-446.25,1,94.273,
01/01/2000,01:41:30.82,14.15,-73.81,-991.25,113.75,-822.50,-227.50,1,94.274,
01/01/2000,01:41:30.83,14.15,-73.81,-991.37,227.50,-682.50,-315.0,1,94.275,
01/01/2000,01:41:30.84,13.91,-74.18,-991.25,175.0,-700.0,-516.25,1,94.277,
01/01/2000,01:41:30.85,13.91,-73.93,-990.88,-26.25,-717.50,-315.0,1,94.278,
01/01/2000,01:41:30.86,13.91,-73.93,-991.01,236.25,-743.75,-428.75,1,94.279,
01/01/2000,01:41:30.87,13.91,-73.69,-991.37,201.25,-682.50,-306.25,1,94.281,
01/01/2000,01:41:30.89,14.15,-73.69,-991.37,148.75,-726.25,-253.75,1,94.282,
01/01/2000,01:41:30.90,13.79,-74.05,-991.25,166.25,-735.0,-271.25,1,94.283,
01/01/2000,01:41:30.91,13.66,-73.93,-991.13,61.25,-647.50,-367.50,1,94.284,
01/01/2000,01:41:30.92,14.03,-73.81,-991.13,201.25,-560.0,-411.25,1,94.286,
01/01/2000,01:41:30.93,14.15,-73.93,-991.37,113.75,-813.75,-253.75,1,94.287,
01/01/2000,01:41:30.94,14.03,-74.18,-991.37,8.75,-717.50,-367.50,1,94.288,
01/01/2000,01:41:30.95,13.79,-74.30,-991.37,166.25,-682.50,-481.25,1,94.290,
01/01/2000,01:41:30.96,13.91,-74.54,-991.49,306.25,-752.50,-411.25,1,94.291,
01/01/2000,01:41:30.97,14.03,-74.05,-991.62,-52.50,-647.50,-280.0,1,94.292,
01/01/2000,01:41:30.98,14.03,-74.42,-991.49,350.0,-647.50,-358.75,1,94.293,
01/01/2000,01:41:30.99,13.91,-74.18,-991.37,52.50,-630.0,-306.25,1,94.295,
01/01/2000,01:41:31.00,13.91,-74.42,-991.37,192.50,-621.25,-323.75,1,94.296,
01/01/2000,01:41:31.01,13.91,-74.42,-991.62,140.0,-673.75,-385.0,1,94.297,
01/01/2000,01:41:31.03,13.91,-74.18,-991.86,280.0,-717.50,-288.75,1,94.277,
01/01/2000,01:41:31.04,13.91,-74.18,-991.62,253.75,-717.50,-393.75,1,94.279,
01/01/2000,01:41:31.05,13.66,-74.42,-991.62,236.25,-761.25,-271.25,1,94.280,
01/01/2000,01:41:31.06,13.66,-74.42,-991.62,306.25,-708.75,-455.0,1,94.281,
01/01/2000,01:41:31.07,13.91,-74.42,-991.62,113.75,-603.75,-315.0,1,94.283,
01/01/2000,01:41:31.08,14.03,-74.18,-991.74,78.75,-752.50,-376.25,1,94.284,
01/01/2000,01:41:31.09,13.91,-73.93,-991.49,175.0,-743.75,-323.75,1,94.264,
01/01/2000,01:41:31.10,13.91,-73.93,-991.49,288.75,-726.25,-376.25,1,94.265,
01/01/2000,01:41:31.11,13.91,-73.93,-991.62,175.0,-708.75,-280.0,1,94.267,
01/01/2000,01:41:31.12,14.03,-73.93,-991.49,70.0,-638.75,-490.0,1,94.268,
01/01/2000,01:41:31.14,13.91,-73.93,-991.25,148.75,-603.75,-288.75,1,94.269,
01/01/2000,01:41:31.15,13.91,-73.93,-991.25,192.50,-621.25,-420.0,1,94.270,
01/01/2000,01:41:31.16,13.91,-73.81,-991.37,210.0,-691.25,-236.25,1,94.272,
01/01/2000,01:41:31.17,13.91,-73.69,-991.74,140.0,-700.0,-280.0,1,94.273,
01/01/2000,01:41:31.18,13.91,-73.69,-991.74,175.0,-700.0,-420.0,1,94.274,
01/01/2000,01:41:31.19,13.91,-73.93,-991.62,113.75,-752.50,-341.25,1,94.276,
01/01/2000,01:41:31.20,13.91,-73.93,-991.37,175.0,-665.0,-350.0,1,94.277,
01/01/2000,01:41:31.21,13.91,-73.93,-991.13,148.75,-638.75,-350.0,1,94.278,
01/01/2000,01:41:31.22,13.91,-73.81,-991.37,105.0,-717.50,-358.75,1,94.279,
01/01/2000,01:41:31.23,14.03,-73.81,-991.37,297.50,-726.25,-402.50,1,94.281,
01/01/2000,01:41:31.24,14.03,-73.93,-991.37,122.50,-638.75,-280.0,1,94.282,
01/01/2000,01:41:31.25,13.91,-74.30,-991.49,122.50,-735.0,-306.25,1,94.283,
01/01/2000,01:41:31.26,14.03,-74.18,-991.49,35.0,-717.50,-315.0,1,94.284,
01/01/2000,01:41:31.27,14.15,-74.30,-991.62,122.50,-603.75,-367.50,1,94.286,
01/01/2000,01:41:31.28,14.15,-74.18,-991.86,157.50,-595.0,-385.0,1,94.287,
01/01/2000,01:41:31.29,13.91,-74.18,-991.49,113.75,-612.50,-341.25,1,94.288,
01/01/2000,01:41:31.30,13.79,-74.05,-991.25,192.50,-700.0,-245.0,1,94.269,
01/01/2000,01:41:31.31,14.03,-73.81,-991.62,122.50,-691.25,-315.0,1,94.270,
01/01/2000,01:41:31.32,14.15,-73.93,-991.74,105.0,-743.75,-306.25,1,94.271,
01/01/2000,01:41:31.33,14.15,-74.05,-991.74,166.25,-638.75,-455.0,1,94.272,
01/01/2000,01:41:31.34,14.03,-74.05,-991.62,122.50,-726.25,-507.50,1,94.274,
01/01/2000,01:41:31.35,14.03,-74.05,-991.37,306.25,-682.50,-463.75,1,94.275,
01/01/2000,01:41:31.36,14.15,-73.93,-991.37,218.75,-673.75,-323.75,1,94.276,
01/01/2000,01:41:31.38,14.27,-73.93,-991.49,271.25,-708.75,-288.75,1,94.278,
01/01/2000,01:41:31.39,14.15,-74.18,-991.37,78.75,-673.75,-341.25,1,94.279,
01/01/2000,01:41:31.40,14.03,-74.30,-991.25,17.50,-638.75,-280.0,1,94.280,
01/01/2000,01:41:31.41,14.03,-74.18,-991.13,210.0,-735.0,-393.75,1,94.281,
01/01/2000,01:41:31.42,14.15,-74.05,-991.13,148.75,-603.75,-315.0,1,94.283,
01/01/2000,01:41:31.43,14.27,-73.93,-991.13,218.75,-813.75,-411.25,1,94.284,
01/01/2000,01:41:31.44,14.15,-74.05,-991.25,157.50,-708.75,-253.75,1,94.285,
01/01/2000,01:41:31.45,13.79,-74.18,-991.37,192.50,-700.0,-350.0,1,94.286,
01/01/2000,01:41:31.46,13.91,-74.18,-991.49,113.75,-682.50,-358.75,1,94.288,
01/01/2000,01:41:31.47,14.15,-74.18,-991.49,175.0,-682.50,-402.50,1,94.289,
01/01/2000,01:41:31.48,14.15,-73.93,-991.37,52.50,-743.75,-332.50,1,94.290,
01/01/2000,01:41:31.49,14.15,-74.05,-991.13,271.25,-770.0,-332.50,1,94.291,
01/01/2000,01:41:31.50,14.03,-73.93,-991.25,218.75,-621.25,-315.0,1,94.293,
01/01/2000,01:41:31.52,14.15,-73.93,-991.49,61.25,-796.25,-446.25,1,94.273,
01/01/2000,01:41:31.52,14.15,-73.81,-991.25,192.50,-682.50,-323.75,1,94.274,
01/01/2000,01:41:31.54,14.15,-73.69,-991.25,26.25,-787.50,-297.50,1,94.276,
01/01/2000,01:41:31.55,14.15,-73.93,-991.13,166.25,-770.0,-315.0,1,94.277,
01/01/2000,01:41:31.56,14.03,-73.93,-991.37,192.50,-673.75,-367.50,1,94.278,
01/01/2000,01:41:31.57,14.03,-73.93,-991.37,148.75,-673.75,-323.75,1,94.279,
01/01/2000,01:41:31.58,13.91,-73.93,-991.25,175.0,-673.75,-288.75,1,94.281,
01/01/2000,01:41:31.59,14.03,-74.05,-991.37,280.0,-708.75,-402.50,1,94.282,
01/01/2000,01:41:31.61,14.15,-74.18,-991.37,175.0,-717.50,-315.0,1,94.262,
01/01/2000,01:41:31.62,14.15,-74.30,-991.37,201.25,-761.25,-350.0,1,94.264,
01/01/2000,01:41:31.63,14.15,-74.18,-991.49,166.25,-682.50,-350.0,1,94.265,
01/01/2000,01:41:31.64,14.03,-73.93,-991.37,61.25,-656.25,-315.0,1,94.266,
01/01/2000,01:41:31.65,14.15,-74.05,-991.25,157.50,-621.25,-332.50,1,94.268,
01/01/2000,01:41:31.66,14.15,-74.05,-991.37,253.75,-761.25,-367.50,1,94.269,
01/01/2000,01:41:31.67,14.03,-74.30,-991.62,35.0,-761.25,-411.25,1,94.270,
01/01/2000,01:41:31.68,14.15,-74.30,-991.49,218.75,-708.75,-350.0,1,94.271,
01/01/2000,01:41:31.69,14.15,-74.05,-991.37,113.75,-630.0,-323.75,1,94.273,
01/01/2000,01:41:31.70,14.15,-73.93,-991.25,183.75,-787.50,-306.25,1,94.274,
01/01/2000,01:41:31.71,14.15,-73.93,-991.13,113.75,-743.75,-393.75,1,94.275,
01/01/2000,01:41:31.72,14.15,-73.93,-991.25,157.50,-726.25,-271.25,1,94.276,
01/01/2000,01:41:31.73,14.15,-74.18,-991.37,70.0,-682.50,-306.25,1,94.278,
01/01/2000,01:41:31.74,14.15,-74.18,-991.37,105.0,-691.25,-437.50,1,94.279,
01/01/2000,01:41:31.75,14.15,-74.18,-991.25,201.25,-805.0,-297.50,1,94.280,
01/01/2000,01:41:31.76,14.03,-74.05,-991.37,245.0,-577.50,-385.0,1,94.281,
01/01/2000,01:41:31.77,13.91,-74.05,-991.37,87.50,-691.25,-288.75,1,94.283,
01/01/2000,01:41:31.78,13.91,-74.18,-991.37,113.75,-778.75,-358.75,1,94.284,
01/01/2000,01:41:31.79,14.03,-74.18,-991.37,175.0,-691.25,-297.50,1,94.285,
01/01/2000,01:41:31.80,13.91,-74.42,-991.37,218.75,-665.0,-262.50,1,94.266,
01/01/2000,01:41:31.81,14.03,-74.30,-991.37,70.0,-708.75,-455.0,1,94.267,
01/01/2000,01:41:31.82,14.15,-74.30,-991.37,175.0,-735.0,-271.25,1,94.268,
01/01/2000,01:41:31.83,14.15,-74.18,-991.37,140.0,-700.0,-280.0,1,94.269,
01/01/2000,01:41:31.84,14.03,-74.42,-991.49,341.25,-656.25,-385.0,1,94.271,
01/01/2000,01:41:31.85,14.03,-74.30,-991.49,157.50,-752.50,-288.75,1,94.272,
01/01/2000,01:41:31.86,14.03,-74.30,-991.37,227.50,-612.50,-358.75,1,94.273,
01/01/2000,01:41:31.88,14.03,-74.30,-991.49,70.0,-700.0,-271.25,1,94.274,
01/01/2000,01:41:31.89,13.91,-74.30,-991.37,253.75,-647.50,-437.50,1,94.276,
01/01/2000,01:41:31.90,13.79,-74.30,-991.62,253.75,-708.75,-411.25,1,94.277,
01/01/2000,01:41:31.91,13.91,-74.18,-991.62,210.0,-673.75,-323.75,1,94.278,
01/01/2000,01:41:31.92,13.91,-74.18,-991.62,26.25,-691.25,-323.75,1,94.279,
01/01/2000,01:41:31.93,14.03,-74.18,-991.49,166.25,-717.50,-297.50,1,94.281,
01/01/2000,01:41:31.94,14.03,-74.42,-991.37,175.0,-770.0,-341.25,1,94.282,
01/01/2000,01:41:31.95,14.03,-74.42,-991.49,157.50,-787.50,-332.50,1,94.283,
01/01/2000,01:41:31.96,14.03,-74.42,-991.49,140.0,-647.50,-358.75,1,94.284,
01/01/2000,01:41:31.97,14.03,-74.30,-991.37,166.25,-726.25,-306.25,1,94.286,
01/01/2000,01:41:31.98,14.03,-74.30,-991.49,140.0,-682.50,-393.75,1,94.287,
01/01/2000,01:41:31.99,14.15,-74.42,-991.62,218.75,-752.50,-315.0,1,94.288,
01/01/2000,01:41:32.00,14.15,-74.42,-991.49,-17.50,-612.50,-393.75,1,94.289,
01/01/2000,01:41:32.02,14.27,-74.30,-991.37,192.50,-735.0,-323.75,1,94.270,
01/01/2000,01:41:32.02,14.15,-74.18,-991.37,26.25,-665.0,-411.25,1,94.271,
01/01/2000,01:41:32.04,14.15,-74.18,-991.37,210.0,-665.0,-210.0,1,94.273,
01/01/2000,01:41:32.05,14.03,-73.93,-991.49,61.25,-665.0,-341.25,1,94.274,
01/01/2000,01:41:32.06,14.15,-73.93,-991.49,245.0,-595.0,-332.50,1,94.275,
01/01/2000,01:41:32.07,14.03,-74.05,-991.25,183.75,-682.50,-385.0,1,94.276,
01/01/2000,01:41:32.08,14.03,-74.18,-991.25,157.50,-691.25,-385.0,1,94.278,
01/01/2000,01:41:32.09,14.03,-74.05,-991.37,140.0,-638.75,-385.0,1,94.279,
01/01/2000,01:41:32.10,14.03,-73.93,-991.37,227.50,-770.0,-245.0,1,94.280,
01/01/2000,01:41:32.11,13.91,-73.93,-991.37,175.0,-647.50,-376.25,1,94.261,
01/01/2000,01:41:32.12,14.03,-74.18,-991.49,113.75,-682.50,-358.75,1,94.262,
01/01/2000,01:41:32.13,14.03,-74.18,-991.49,201.25,-603.75,-420.0,1,94.263,
01/01/2000,01:41:32.14,14.03,-74.05,-991.37,175.0,-717.50,-385.0,1,94.265,
01/01/2000,01:41:32.16,13.91,-74.18,-991.13,271.25,-665.0,-428.75,1,94.266,
01/01/2000,01:41:32.17,13.66,-73.93,-991.25,122.50,-770.0,-280.0,1,94.267,
01/01/2000,01:41:32.18,13.91,-73.93,-991.37,332.50,-691.25,-262.50,1,94.268,
01/01/2000,01:41:32.19,13.91,-73.93,-991.37,122.50,-700.0,-341.25,1,94.270,
01/01/2000,01:41:32.20,13.91,-74.05,-991.37,113.75,-621.25,-332.50,1,94.271,
01/01/2000,01:41:32.21,13.91,-74.05,-991.13,87.50,-743.75,-411.25,1,94.272,
01/01/2000,01:41:32.22,14.03,-73.93,-991.13,96.25,-708.75,-393.75,1,94.273,
01/01/2000,01:41:32.23,14.15,-73.93,-991.37,61.25,-682.50,-306.25,1,94.275,
01/01/2000,01:41:32.24,14.03,-73.81,-991.49,297.50,-743.75,-376.25,1,94.276,
01/01/2000,01:41:32.25,13.91,-73.93,-991.37,166.25,-735.0,-350.0,1,94.277,
01/01/2000,01:41:32.26,14.03,-73.93,-991.25,105.0,-665.0,-350.0,1,94.278,
01/01/2000,01:41:32.27,14.15,-73.93,-991.25,218.75,-638.75,-341.25,1,94.280,
01/01/2000,01:41:32.28,14.03,-73.93,-991.37,183.75,-656.25,-446.25,1,94.281,
01/01/2000,01:41:32.29,14.03,-74.05,-991.49,113.75,-621.25,-367.50,1,94.282,
01/01/2000,01:41:32.30,14.15,-73.93,-991.37,210.0,-726.25,-376.25,1,94.283,
01/01/2000,01:41:32.31,14.03,-73.93,-991.37,52.50,-700.0,-297.50,1,94.284,
01/01/2000,01:41:32.32,14.03,-73.93,-991.13,140.0,-682.50,-367.50,1,94.286,
01/01/2000,01:41:32.33,14.15,-74.05,-991.13,157.50,-700.0,-385.0,1,94.287,
01/01/2000,01:41:32.34,14.03,-74.05,-991.25,140.0,-743.75,-253.75,1,94.268,
01/01/2000,01:41:32.35,14.03,-74.18,-991.13,210.0,-717.50,-358.75,1,94.289,
01/01/2000,01:41:32.37,13.91,-74.05,-991.25,113.75,-708.75,-341.25,1,94.270,
01/01/2000,01:41:32.38,14.03,-73.93,-991.13,148.75,-577.50,-280.0,1,94.272,
01/01/2000,01:41:32.39,14.03,-73.93,-991.13,253.75,-673.75,-341.25,1,94.273,
01/01/2000,01:41:32.40,14.03,-74.05,-991.37,148.75,-700.0,-297.50,1,94.274,
01/01/2000,01:41:32.41,14.03,-74.18,-991.37,201.25,-787.50,-367.50,1,94.275,
01/01/2000,01:41:32.42,13.91,-73.93,-991.25,113.75,-822.50,-341.25,1,94.276,
01/01/2000,01:41:32.43,13.91,-73.93,-991.13,157.50,-778.75,-271.25,1,94.278,
01/01/2000,01:41:32.44,13.91,-73.93,-991.37,271.25,-761.25,-385.0,1,94.279,
01/01/2000,01:41:32.45,13.91,-73.93,-991.37,157.50,-665.0,-385.0,1,94.280,
01/01/2000,01:41:32.46,14.15,-74.18,-991.25,70.0,-708.75,-315.0,1,94.281,
01/01/2000,01:41:32.47,13.91,-74.30,-991.13,341.25,-778.75,-332.50,1,94.283,
01/01/2000,01:41:32.48,13.91,-74.30,-991.37,183.75,-700.0,-315.0,1,94.284,
01/01/2000,01:41:32.49,14.03,-74.18,-991.37,131.25,-595.0,-393.75,1,94.285,
01/01/2000,01:41:32.50,14.15,-73.93,-991.37,157.50,-805.0,-411.25,1,94.266,
01/01/2000,01:41:32.51,13.91,-74.05,-991.13,210.0,-630.0,-376.25,1,94.267,
01/01/2000,01:41:32.52,13.91,-74.18,-991.01,385.0,-630.0,-481.25,1,94.268,
01/01/2000,01:41:32.53,14.03,-74.18,-990.88,183.75,-647.50,-420.0,1,94.270,
01/01/2000,01:41:32.54,14.15,-74.18,-991.01,157.50,-682.50,-393.75,1,94.271,
01/01/2000,01:41:32.55,14.15,-74.05,-991.01,253.75,-813.75,-350.0,1,94.272,
01/01/2000,01:41:32.56,13.91,-74.05,-991.01,201.25,-743.75,-297.50,1,94.273,
01/01/2000,01:41:32.58,13.79,-74.05,-991.01,192.50,-647.50,-332.50,1,94.275,
01/01/2000,01:41:32.59,13.79,-73.93,-991.13,175.0,-630.0,-428.75,1,94.276,
01/01/2000,01:41:32.60,13.91,-73.93,-991.13,148.75,-735.0,-297.50,1,94.277,
01/01/2000,01:41:32.61,13.91,-74.05,-991.13,245.0,-612.50,-385.0,1,94.278,
01/01/2000,01:41:32.62,13.91,-74.05,-991.13,218.75,-638.75,-385.0,1,94.259,
01/01/2000,01:41:32.63,14.03,-74.05,-991.37,245.0,-691.25,-393.75,1,94.261,
01/01/2000,01:41:32.64,14.15,-74.05,-991.49,140.0,-647.50,-323.75,1,94.262,
01/01/2000,01:41:32.66,14.03,-74.05,-991.49,192.50,-796.25,-315.0,1,94.263,
01/01/2000,01:41:32.67,13.91,-74.18,-991.37,87.50,-761.25,-358.75,1,94.264,
01/01/2000,01:41:32.68,13.91,-74.18,-991.37,175.0,-603.75,-367.50,1,94.265,
01/01/2000,01:41:32.69,14.03,-74.18,-991.49,262.50,-700.0,-367.50,1,94.267,
01/01/2000,01:41:32.70,14.15,-73.93,-991.49,140.0,-726.25,-323.75,1,94.268,
01/01/2000,01:41:32.71,14.03,-74.18,-991.49,78.75,-700.0,-245.0,1,94.269,
01/01/2000,01:41:32.72,14.03,-74.18,-991.37,245.0,-577.50,-315.0,1,94.270,
01/01/2000,01:41:32.73,14.03,-74.30,-991.49,113.75,-682.50,-341.25,1,94.272,
01/01/2000,01:41:32.74,14.27,-74.18,-991.49,210.0,-595.0,-376.25,1,94.273,
01/01/2000,01:41:32.75,14.27,-74.18,-991.49,218.75,-691.25,-323.75,1,94.274,
01/01/2000,01:41:32.76,14.27,-74.05,-991.37,227.50,-595.0,-306.25,1,94.275,
01/01/2000,01:41:32.77,14.15,-74.05,-991.37,148.75,-743.75,-332.50,1,94.277,
01/01/2000,01:41:32.78,14.15,-74.05,-991.37,183.75,-673.75,-306.25,1,94.278,
01/01/2000,01:41:32.79,14.15,-74.18,-991.49,96.25,-787.50,-288.75,1,94.279,
01/01/2000,01:41:32.80,14.15,-74.18,-991.37,148.75,-603.75,-367.50,1,94.280,
01/01/2000,01:41:32.81,14.15,-74.18,-991.49,218.75,-770.0,-323.75,1,94.281,
01/01/2000,01:41:32.82,14.03,-74.05,-991.37,113.75,-717.50,-367.50,1,94.283,
01/01/2000,01:41:32.83,14.03,-73.93,-991.25,78.75,-647.50,-393.75,1,94.284,
01/01/2000,01:41:32.84,14.15,-73.93,-991.25,306.25,-586.25,-341.25,1,94.285,
01/01/2000,01:41:32.85,14.27,-73.81,-991.37,157.50,-761.25,-288.75,1,94.286,
01/01/2000,01:41:32.86,14.40,-73.93,-991.49,105.0,-656.25,-332.50,1,94.267,
01/01/2000,01:41:32.87,14.15,-73.93,-991.37,140.0,-700.0,-332.50,1,94.269,
01/01/2000,01:41:32.88,14.15,-74.18,-991.37,122.50,-603.75,-306.25,1,94.270,
01/01/2000,01:41:32.89,14.03,-74.18,-991.25,166.25,-691.25,-437.50,1,94.271,
01/01/2000,01:41:32.90,14.15,-74.18,-991.37,148.75,-560.0,-297.50,1,94.272,
01/01/2000,01:41:32.91,14.15,-74.18,-991.37,52.50,-673.75,-385.0,1,94.274,
01/01/2000,01:41:32.93,14.03,-74.18,-991.37,113.75,-647.50,-358.75,1,94.275,
01/01/2000,01:41:32.94,14.15,-74.18,-991.37,192.50,-778.75,-376.25,1,94.276,
01/01/2000,01:41:32.95,14.15,-74.05,-991.37,192.50,-726.25,-393.75,1,94.277,
01/01/2000,01:41:32.96,14.15,-74.05,-991.37,122.50,-673.75,-175.0,1,94.278,
01/01/2000,01:41:32.97,14.27,-73.93,-991.37,245.0,-726.25,-350.0,1,94.280,
01/01/2000,01:41:32.98,14.15,-74.05,-991.25,192.50,-752.50,-367.50,1,94.281,
01/01/2000,01:41:32.99,14.15,-73.93,-991.25,157.50,-726.25,-332.50,1,94.282,
01/01/2000,01:41:33.00,14.40,-73.93,-991.25,131.25,-647.50,-341.25,1,94.283,
01/01/2000,01:41:33.01,14.40,-73.93,-991.37,148.75,-717.50,-323.75,1,94.284,
01/01/2000,01:41:33.02,14.40,-73.93,-991.37,166.25,-717.50,-297.50,1,94.286,
01/01/2000,01:41:33.03,14.15,-73.93,-991.37,122.50,-717.50,-315.0,1,94.287,
01/01/2000,01:41:33.04,14.15,-74.05,-991.25,280.0,-656.25,-245.0,1,94.288,
01/01/2000,01:41:33.05,14.03,-73.93,-991.13,131.25,-691.25,-428.75,1,94.289,
01/01/2000,01:41:33.06,14.15,-73.93,-991.01,140.0,-673.75,-280.0,1,94.291,
01/01/2000,01:41:33.07,14.03,-73.93,-991.13,166.25,-735.0,-411.25,1,94.272,
01/01/2000,01:41:33.08,14.03,-74.05,-991.13,245.0,-726.25,-271.25,1,94.273,
01/01/2000,01:41:33.09,13.91,-74.18,-991.37,218.75,-770.0,-385.0,1,94.274,
01/01/2000,01:41:33.10,13.91,-74.05,-991.37,113.75,-761.25,-306.25,1,94.275,
01/01/2000,01:41:33.12,13.91,-74.18,-991.25,288.75,-691.25,-472.50,1,94.277,
01/01/2000,01:41:33.12,14.03,-74.05,-991.37,245.0,-743.75,-341.25,1,94.278,
01/01/2000,01:41:33.14,14.15,-74.18,-991.25,148.75,-735.0,-385.0,1,94.259,
01/01/2000,01:41:33.15,14.03,-74.18,-991.37,61.25,-717.50,-376.25,1,94.260,
01/01/2000,01:41:33.16,14.15,-74.05,-991.49,35.0,-665.0,-288.75,1,94.261,
01/01/2000,01:41:33.17,14.15,-74.05,-991.37,201.25,-708.75,-350.0,1,94.263,
01/01/2000,01:41:33.18,14.27,-74.05,-991.13,122.50,-630.0,-367.50,1,94.264,
01/01/2000,01:41:33.19,14.40,-74.05,-991.13,236.25,-665.0,-411.25,1,94.265,
01/01/2000,01:41:33.20,14.40,-74.05,-991.13,43.75,-752.50,-411.25,1,94.266,
01/01/2000,01:41:33.22,14.40,-74.18,-991.25,166.25,-717.50,-472.50,1,94.268,
01/01/2000,01:41:33.23,14.15,-73.93,-991.13,61.25,-743.75,-358.75,1,94.269,
01/01/2000,01:41:33.24,14.15,-73.93,-991.13,8.75,-656.25,-376.25,1,94.270,
01/01/2000,01:41:33.25,14.15,-73.81,-991.13,105.0,-805.0,-323.75,1,94.271,
01/01/2000,01:41:33.26,14.15,-73.81,-991.37,131.25,-770.0,-288.75,1,94.272,
01/01/2000,01:41:33.27,14.27,-73.93,-991.49,183.75,-735.0,-402.50,1,94.274,
01/01/2000,01:41:33.28,14.15,-73.93,-991.37,131.25,-778.75,-428.75,1,94.275,
01/01/2000,01:41:33.29,14.15,-73.93,-991.25,148.75,-691.25,-455.0,1,94.276,
01/01/2000,01:41:33.30,14.15,-73.93,-991.25,201.25,-612.50,-376.25,1,94.277,
01/01/2000,01:41:33.31,14.03,-73.81,-991.13,192.50,-743.75,-253.75,1,94.278,
01/01/2000,01:41:33.32,13.91,-73.93,-991.13,175.0,-700.0,-428.75,1,94.280,
01/01/2000,01:41:33.33,13.91,-73.93,-991.13,70.0,-778.75,-262.50,1,94.281,
01/01/2000,01:41:33.34,13.91,-73.93,-991.01,262.50,-682.50,-332.50,1,94.282,
01/01/2000,01:41:33.35,14.03,-73.93,-991.01,280.0,-761.25,-306.25,1,94.283,
01/01/2000,01:41:33.36,14.03,-73.69,-991.13,148.75,-656.25,-323.75,1,94.285,
01/01/2000,01:41:33.37,13.91,-73.81,-991.13,166.25,-761.25,-288.75,1,94.286,
01/01/2000,01:41:33.38,14.03,-73.81,-991.25,131.25,-665.0,-323.75,1,94.267,
01/01/2000,01:41:33.39,14.03,-73.93,-991.13,192.50,-603.75,-297.50,1,94.268,
01/01/2000,01:41:33.40,13.91,-73.93,-991.13,175.0,-752.50,-332.50,1,94.269,
01/01/2000,01:41:33.41,13.91,-73.93,-991.13,131.25,-770.0,-341.25,1,94.271,
01/01/2000,01:41:33.43,13.91,-74.05,-991.13,288.75,-761.25,-323.75,1,94.272,
01/01/2000,01:41:33.44,13.91,-74.05,-991.13,131.25,-682.50,-288.75,1,94.273,
01/01/2000,01:41:33.45,13.91,-74.05,-991.13,166.25,-603.75,-315.0,1,94.274,
01/01/2000,01:41:33.46,13.91,-74.18,-991.13,157.50,-691.25,-297.50,1,94.275,
01/01/2000,01:41:33.47,13.91,-74.05,-991.13,131.25,-673.75,-358.75,1,94.277,
01/01/2000,01:41:33.48,13.91,-74.18,-991.01,140.0,-691.25,-315.0,1,94.278,
01/01/2000,01:41:33.49,14.03,-74.18,-991.13,148.75,-717.50,-245.0,1,94.279,
01/01/2000,01:41:33.50,14.03,-74.18,-991.25,122.50,-665.0,-358.75,1,94.280,
01/01/2000,01:41:33.51,13.91,-74.18,-991.25,26.25,-612.50,-280.0,1,94.281,
01/01/2000,01:41:33.52,14.03,-74.18,-991.13,210.0,-673.75,-332.50,1,94.283,
01/01/2000,01:41:33.53,13.91,-74.42,-991.13,140.0,-647.50,-463.75,1,94.284,
01/01/2000,01:41:33.54,13.91,-74.42,-991.13,157.50,-717.50,-297.50,1,94.285,
01/01/2000,01:41:33.55,13.91,-74.42,-991.13,166.25,-700.0,-306.25,1,94.286,
01/01/2000,01:41:33.56,13.91,-74.42,-991.13,96.25,-743.75,-323.75,1,94.268,
01/01/2000,01:41:33.57,13.91,-74.54,-991.25,192.50,-735.0,-253.75,1,94.269,
01/01/2000,01:41:33.58,13.91,-74.54,-991.25,166.25,-647.50,-341.25,1,94.270,
01/01/2000,01:41:33.59,14.15,-74.42,-991.13,140.0,-700.0,-350.0,1,94.271,
01/01/2000,01:41:33.60,14.27,-74.42,-991.13,227.50,-638.75,-297.50,1,94.272,
01/01/2000,01:41:33.61,14.03,-74.18,-991.13,70.0,-691.25,-280.0,1,94.274,
01/01/2000,01:41:33.62,13.91,-74.30,-991.25,192.50,-700.0,-376.25,1,94.275,
01/01/2000,01:41:33.64,13.91,-74.18,-991.37,140.0,-752.50,-332.50,1,94.276,
01/01/2000,01:41:33.65,14.15,-74.30,-991.37,140.0,-586.25,-323.75,1,94.257,
01/01/2000,01:41:33.66,14.15,-74.30,-991.37,201.25,-621.25,-306.25,1,94.259,
01/01/2000,01:41:33.67,14.15,-74.42,-991.37,166.25,-770.0,-332.50,1,94.260,
01/01/2000,01:41:33.68,14.15,-74.42,-991.37,122.50,-691.25,-428.75,1,94.261,
01/01/2000,01:41:33.69,14.15,-74.18,-991.62,17.50,-708.75,-306.25,1,94.262,
01/01/2000,01:41:33.71,14.27,-74.18,-991.74,437.50,-656.25,-350.0,1,94.264,
01/01/2000,01:41:33.72,14.27,-74.05,-991.62,157.50,-630.0,-323.75,1,94.265,
01/01/2000,01:41:33.73,14.15,-74.18,-991.37,175.0,-647.50,-367.50,1,94.266,
01/01/2000,01:41:33.74,14.27,-74.18,-991.37,271.25,-735.0,-271.25,1,94.267,
01/01/2000,01:41:33.75,14.40,-74.18,-991.49,35.0,-700.0,-385.0,1,94.268,
01/01/2000,01:41:33.76,14.27,-74.30,-991.62,122.50,-638.75,-385.0,1,94.270,
01/01/2000,01:41:33.77,14.15,-74.18,-991.37,262.50,-700.0,-323.75,1,94.271,
01/01/2000,01:41:33.78,14.15,-74.18,-991.37,175.0,-595.0,-472.50,1,94.272,
01/01/2000,01:41:33.79,14.15,-73.93,-991.37,122.50,-638.75,-280.0,1,94.273,
01/01/2000,01:41:33.80,14.27,-73.93,-991.62,218.75,-638.75,-271.25,1,94.274,
01/01/2000,01:41:33.81,14.27,-74.18,-991.62,8.75,-691.25,-358.75,1,94.276,
01/01/2000,01:41:33.82,14.15,-74.18,-991.62,210.0,-726.25,-367.50,1,94.277,
01/01/2000,01:41:33.83,14.03,-74.18,-991.62,227.50,-708.75,-472.50,1,94.278,
01/01/2000,01:41:33.84,14.15,-74.05,-991.37,87.50,-673.75,-280.0,1,94.279,
01/01/2000,01:41:33.85,14.27,-73.93,-991.37,201.25,-796.25,-262.50,1,94.280,
01/01/2000,01:41:33.86,14.15,-73.93,-991.49,218.75,-726.25,-323.75,1,94.282,
01/01/2000,01:41:33.87,14.27,-74.18,-991.49,131.25,-647.50,-420.0,1,94.283,
01/01/2000,01:41:33.88,14.27,-74.05,-991.37,140.0,-665.0,-420.0,1,94.284,
01/01/2000,01:41:33.89,14.27,-73.93,-991.37,253.75,-743.75,-315.0,1,94.285,
01/01/2000,01:41:33.90,14.27,-73.93,-991.37,210.0,-656.25,-280.0,1,94.286,
01/01/2000,01:41:33.91,14.15,-73.81,-991.37,131.25,-682.50,-341.25,1,94.268,
01/01/2000,01:41:33.92,14.15,-74.05,-991.37,245.0,-787.50,-428.75,1,94.269,
01/01/2000,01:41:33.94,14.15,-74.30,-991.37,52.50,-717.50,-385.0,1,94.270,
01/01/2000,01:41:33.94,14.15,-74.30,-991.37,175.0,-691.25,-385.0,1,94.271,
01/01/2000,01:41:33.96,14.15,-74.18,-991.25,122.50,-656.25,-358.75,1,94.273,
01/01/2000,01:41:33.96,14.15,-74.05,-991.13,166.25,-647.50,-376.25,1,94.274,
01/01/2000,01:41:33.98,14.15,-74.05,-991.13,148.75,-761.25,-280.0,1,94.275,
01/01/2000,01:41:33.99,14.15,-74.18,-991.37,192.50,-726.25,-323.75,1,94.276,
01/01/2000,01:41:34.00,14.15,-74.18,-991.37,183.75,-735.0,-280.0,1,94.277,
01/01/2000,01:41:34.01,14.27,-74.05,-991.25,183.75,-665.0,-332.50,1,94.279,
01/01/2000,01:41:34.02,14.27,-74.05,-991.13,192.50,-682.50,-297.50,1,94.280,
01/01/2000,01:41:34.03,14.15,-73.93,-991.13,218.75,-665.0,-428.75,1,94.281,
01/01/2000,01:41:34.04,14.15,-74.18,-991.25,122.50,-717.50,-350.0,1,94.282,
01/01/2000,01:41:34.05,14.15,-74.05,-991.25,113.75,-673.75,-332.50,1,94.283,
01/01/2000,01:41:34.06,14.40,-73.93,-991.13,131.25,-682.50,-288.75,1,94.265,
01/01/2000,01:41:34.07,14.40,-73.93,-991.13,140.0,-647.50,-280.0,1,94.266,
01/01/2000,01:41:34.08,14.15,-73.69,-991.13,113.75,-708.75,-376.25,1,94.267,
01/01/2000,01:41:34.09,14.15,-73.93,-991.13,227.50,-630.0,-341.25,1,94.268,
01/01/2000,01:41:34.10,14.15,-73.81,-991.13,227.50,-665.0,-262.50,1,94.270,
01/01/2000,01:41:34.11,14.15,-73.93,-991.01,166.25,-647.50,-411.25,1,94.271,
01/01/2000,01:41:34.13,14.15,-73.93,-991.13,131.25,-708.75,-428.75,1,94.272,
01/01/2000,01:41:34.14,14.15,-73.93,-991.13,183.75,-533.75,-393.75,1,94.273,
01/01/2000,01:41:34.15,14.03,-73.93,-991.13,78.75,-656.25,-385.0,1,94.274,
01/01/2000,01:41:34.16,14.15,-73.93,-991.13,87.50,-682.50,-376.25,1,94.276,
01/01/2000,01:41:34.17,14.15,-74.05,-990.88,201.25,-673.75,-358.75,1,94.257,
01/01/2000,01:41:34.18,14.03,-73.93,-991.13,131.25,-752.50,-367.50,1,94.258,
01/01/2000,01:41:34.19,14.15,-74.05,-991.25,227.50,-691.25,-402.50,1,94.260,
01/01/2000,01:41:34.20,14.03,-73.93,-991.37,175.0,-665.0,-332.50,1,94.261,
01/01/2000,01:41:34.21,14.15,-73.93,-991.37,148.75,-621.25,-306.25,1,94.262,
01/01/2000,01:41:34.22,14.15,-74.18,-991.25,157.50,-673.75,-288.75,1,94.263,
01/01/2000,01:41:34.23,14.15,-74.05,-991.25,166.25,-743.75,-437.50,1,94.264,
01/01/2000,01:41:34.24,14.15,-74.18,-991.25,262.50,-761.25,-385.0,1,94.266,
01/01/2000,01:41:34.25,14.40,-74.05,-991.37,201.25,-735.0,-271.25,1,94.267,
01/01/2000,01:41:34.27,14.27,-74.05,-991.37,192.50,-656.25,-315.0,1,94.268,
01/01/2000,01:41:34.28,14.15,-74.18,-991.13,131.25,-647.50,-367.50,1,94.269,
01/01/2000,01:41:34.29,14.03,-74.18,-991.01,61.25,-726.25,-271.25,1,94.270,
01/01/2000,01:41:34.30,14.15,-74.18,-991.13,210.0,-770.0,-280.0,1,94.271,
01/01/2000,01:41:34.31,14.27,-74.05,-991.13,122.50,-647.50,-227.50,1,94.273,
01/01/2000,01:41:34.32,14.27,-74.05,-991.13,175.0,-717.50,-393.75,1,94.274,
01/01/2000,01:41:34.33,14.03,-74.18,-991.13,35.0,-638.75,-280.0,1,94.275,
01/01/2000,01:41:34.34,13.79,-74.18,-991.13,122.50,-656.25,-271.25,1,94.276,
01/01/2000,01:41:34.35,14.03,-74.05,-991.25,122.50,-612.50,-297.50,1,94.277,
01/01/2000,01:41:34.36,14.27,-73.93,-991.25,78.75,-647.50,-323.75,1,94.279,
01/01/2000,01:41:34.37,14.40,-74.05,-991.25,253.75,-752.50,-280.0,1,94.280,
01/01/2000,01:41:34.38,14.27,-74.18,-991.13,96.25,-700.0,-376.25,1,94.281,
01/01/2000,01:41:34.39,14.15,-74.05,-991.25,148.75,-682.50,-463.75,1,94.282,
01/01/2000,01:41:34.40,14.40,-74.05,-991.37,280.0,-691.25,-402.50,1,94.283,
01/01/2000,01:41:34.41,14.27,-74.05,-991.37,227.50,-542.50,-245.0,1,94.285,
01/01/2000,01:41:34.42,14.15,-74.05,-991.37,253.75,-708.75,-437.50,1,94.286,
01/01/2000,01:41:34.43,14.03,-74.18,-991.25,157.50,-665.0,-341.25,1,94.287,
01/01/2000,01:41:34.44,13.91,-74.18,-991.13,218.75,-743.75,-262.50,1,94.288,
01/01/2000,01:41:34.45,14.15,-74.42,-991.13,175.0,-691.25,-385.0,1,94.289,
01/01/2000,01:41:34.46,14.15,-74.30,-991.25,192.50,-603.75,-323.75,1,94.290,
01/01/2000,01:41:34.48,14.27,-74.30,-991.13,201.25,-796.25,-297.50,1,94.272,
01/01/2000,01:41:34.49,14.15,-74.30,-991.01,166.25,-621.25,-315.0,1,94.273,
01/01/2000,01:41:34.50,14.15,-74.42,-991.25,192.50,-735.0,-367.50,1,94.274,
01/01/2000,01:41:34.51,14.40,-74.30,-991.25,122.50,-603.75,-411.25,1,94.276,
01/01/2000,01:41:34.52,14.40,-74.30,-991.37,35.0,-656.25,-332.50,1,94.277,
01/01/2000,01:41:34.53,14.27,-74.18,-991.37,96.25,-638.75,-358.75,1,94.278,
01/01/2000,01:41:34.54,14.15,-74.30,-991.37,245.0,-603.75,-376.25,1,94.279,
01/01/2000,01:41:34.55,14.03,-74.30,-991.25,52.50,-708.75,-385.0,1,94.280,
01/01/2000,01:41:34.56,14.15,-74.30,-991.49,166.25,-778.75,-332.50,1,94.282,
01/01/2000,01:41:34.57,14.03,-74.30,-991.49,61.25,-700.0,-367.50,1,94.283,
01/01/2000,01:41:34.58,14.03,-74.42,-991.37,122.50,-647.50,-350.0,1,94.284,
01/01/2000,01:41:34.59,13.91,-74.42,-991.25,175.0,-700.0,-288.75,1,94.285,
01/01/2000,01:41:34.60,14.03,-74.42,-991.37,271.25,-691.25,-437.50,1,94.286,
01/01/2000,01:41:34.61,14.03,-74.30,-991.49,87.50,-717.50,-341.25,1,94.287,
01/01/2000,01:41:34.62,14.03,-74.30,-991.49,166.25,-682.50,-332.50,1,94.269,
01/01/2000,01:41:34.63,13.91,-74.42,-991.49,140.0,-595.0,-350.0,1,94.270,
01/01/2000,01:41:34.64,13.91,-74.30,-991.37,131.25,-743.75,-463.75,1,94.272,
01/01/2000,01:41:34.65,14.15,-74.18,-991.37,113.75,-595.0,-350.0,1,94.273,
01/01/2000,01:41:34.66,14.15,-74.18,-991.37,43.75,-700.0,-280.0,1,94.274,
01/01/2000,01:41:34.68,14.03,-74.30,-991.25,192.50,-726.25,-455.0,1,94.275,
01/01/2000,01:41:34.69,14.03,-74.18,-991.25,113.75,-735.0,-297.50,1,94.276,
01/01/2000,01:41:34.70,14.03,-74.18,-991.25,210.0,-691.25,-350.0,1,94.277,
01/01/2000,01:41:34.71,14.15,-74.18,-991.37,87.50,-691.25,-350.0,1,94.279,
01/01/2000,01:41:34.72,14.03,-74.18,-991.25,253.75,-778.75,-437.50,1,94.280,
01/01/2000,01:41:34.73,13.91,-74.30,-991.13,87.50,-735.0,-315.0,1,94.281,
01/01/2000,01:41:34.74,13.79,-74.30,-991.25,157.50,-603.75,-358.75,1,94.282,
01/01/2000,01:41:34.75,13.91,-74.05,-991.25,52.50,-743.75,-227.50,1,94.283,
01/01/2000,01:41:34.76,13.91,-74.18,-991.37,253.75,-761.25,-332.50,1,94.265,
01/01/2000,01:41:34.77,13.91,-74.18,-991.37,122.50,-682.50,-245.0,1,94.266,
01/01/2000,01:41:34.78,13.91,-74.18,-991.25,140.0,-787.50,-402.50,1,94.268,
01/01/2000,01:41:34.79,13.91,-74.18,-991.37,148.75,-761.25,-385.0,1,94.269,
01/01/2000,01:41:34.80,13.79,-74.18,-991.37,96.25,-603.75,-323.75,1,94.270,
01/01/2000,01:41:34.81,13.91,-74.05,-991.37,105.0,-682.50,-411.25,1,94.271,
01/01/2000,01:41:34.82,14.03,-73.93,-991.25,113.75,-735.0,-393.75,1,94.272,
01/01/2000,01:41:34.84,13.91,-74.18,-991.37,96.25,-603.75,-315.0,1,94.273,
01/01/2000,01:41:34.85,13.91,-74.18,-991.49,113.75,-665.0,-437.50,1,94.275,
01/01/2000,01:41:34.86,13.91,-74.30,-991.62,218.75,-700.0,-437.50,1,94.276,
01/01/2000,01:41:34.87,13.91,-74.30,-991.49,35.0,-542.50,-288.75,1,94.277,
01/01/2000,01:41:34.88,13.91,-74.18,-991.37,218.75,-586.25,-350.0,1,94.278,
01/01/2000,01:41:34.89,13.91,-74.18,-991.37,-26.25,-840.0,-297.50,1,94.279,
01/01/2000,01:41:34.90,14.03,-74.18,-991.62,227.50,-805.0,-245.0,1,94.280,
01/01/2000,01:41:34.91,14.15,-74.05,-991.62,201.25,-700.0,-271.25,1,94.282,
01/01/2000,01:41:34.92,14.27,-74.18,-991.62,148.75,-673.75,-253.75,1,94.283,
01/01/2000,01:41:34.93,14.03,-74.18,-991.25,183.75,-743.75,-262.50,1,94.284,
01/01/2000,01:41:34.94,13.91,-74.30,-991.25,192.50,-665.0,-376.25,1,94.285,
01/01/2000,01:41:34.95,14.03,-74.30,-991.49,43.75,-708.75,-288.75,1,94.286,
01/01/2000,01:41:34.96,14.15,-74.42,-991.62,131.25,-761.25,-280.0,1,94.287,
01/01/2000,01:41:34.97,14.15,-74.18,-991.62,227.50,-621.25,-350.0,1,94.269,
01/01/2000,01:41:34.98,13.91,-74.30,-991.49,61.25,-726.25,-367.50,1,94.271,
01/01/2000,01:41:34.99,13.91,-74.18,-991.37,122.50,-752.50,-323.75,1,94.272,
01/01/2000,01:41:35.00,13.91,-74.18,-991.49,210.0,-673.75,-437.50,1,94.273,
01/01/2000,01:41:35.01,14.15,-74.05,-991.62,332.50,-700.0,-288.75,1,94.274,
01/01/2000,01:41:35.02,14.15,-74.18,-991.74,113.75,-805.0,-306.25,1,94.275,
01/01/2000,01:41:35.03,13.91,-74.18,-991.62,-43.75,-665.0,-253.75,1,94.276,
01/01/2000,01:41:35.05,14.03,-74.18,-991.49,227.50,-770.0,-350.0,1,94.278,
01/01/2000,01:41:35.06,14.15,-74.05,-991.62,87.50,-743.75,-350.0,1,94.279,
01/01/2000,01:41:35.07,14.03,-74.18,-991.62,105.0,-752.50,-306.25,1,94.280,
01/01/2000,01:41:35.08,13.91,-74.18,-991.49,131.25,-595.0,-358.75,1,94.281,
01/01/2000,01:41:35.09,13.79,-74.18,-991.37,183.75,-787.50,-341.25,1,94.282,
01/01/2000,01:41:35.10,13.79,-74.05,-991.49,35.0,-796.25,-253.75,1,94.283,
01/01/2000,01:41:35.11,13.91,-74.05,-991.62,183.75,-621.25,-306.25,1,94.265,
01/01/2000,01:41:35.12,13.79,-74.18,-991.49,210.0,-691.25,-315.0,1,94.266,
01/01/2000,01:41:35.13,13.66,-74.30,-991.25,210.0,-682.50,-358.75,1,94.268,
01/01/2000,01:41:35.14,13.91,-74.18,-991.13,201.25,-743.75,-463.75,1,94.269,
01/01/2000,01:41:35.15,13.91,-74.30,-991.13,201.25,-665.0,-306.25,1,94.270,
01/01/2000,01:41:35.16,14.15,-74.18,-991.37,70.0,-708.75,-332.50,1,94.271,
01/01/2000,01:41:35.17,14.03,-74.18,-991.37,140.0,-708.75,-332.50,1,94.272,
01/01/2000,01:41:35.19,14.03,-74.30,-991.37,236.25,-665.0,-341.25,1,94.273,
01/01/2000,01:41:35.20,14.15,-74.05,-991.25,236.25,-673.75,-437.50,1,94.255,
01/01/2000,01:41:35.21,14.15,-74.18,-991.25,288.75,-717.50,-376.25,1,94.276,
01/01/2000,01:41:35.22,14.15,-74.18,-991.37,78.75,-778.75,-402.50,1,94.258,
01/01/2000,01:41:35.23,14.03,-74.30,-991.37,131.25,-752.50,-376.25,1,94.259,
01/01/2000,01:41:35.24,13.91,-74.42,-991.37,166.25,-761.25,-332.50,1,94.260,
01/01/2000,01:41:35.25,13.91,-74.30,-991.37,236.25,-682.50,-245.0,1,94.261,
01/01/2000,01:41:35.26,13.91,-74.30,-991.37,96.25,-700.0,-350.0,1,94.262,
01/01/2000,01:41:35.27,13.91,-74.30,-991.25,122.50,-656.25,-288.75,1,94.264,
01/01/2000,01:41:35.28,13.91,-74.42,-991.37,113.75,-630.0,-350.0,1,94.265,
01/01/2000,01:41:35.29,13.79,-74.54,-991.37,148.75,-805.0,-428.75,1,94.266,
01/01/2000,01:41:35.30,13.91,-74.42,-991.49,175.0,-647.50,-367.50,1,94.267,
01/01/2000,01:41:35.31,14.15,-74.30,-991.49,201.25,-761.25,-306.25,1,94.268,
01/01/2000,01:41:35.33,14.03,-74.18,-991.49,201.25,-761.25,-350.0,1,94.269,
01/01/2000,01:41:35.34,13.91,-74.30,-991.49,61.25,-770.0,-341.25,1,94.271,
01/01/2000,01:41:35.35,13.91,-74.42,-991.62,183.75,-805.0,-420.0,1,94.272,
01/01/2000,01:41:35.36,13.91,-74.42,-991.49,297.50,-700.0,-341.25,1,94.273,
01/01/2000,01:41:35.37,14.03,-74.18,-991.37,210.0,-770.0,-323.75,1,94.274,
01/01/2000,01:41:35.38,14.03,-74.18,-991.13,87.50,-621.25,-376.25,1,94.275,
01/01/2000,01:41:35.39,13.91,-74.18,-991.13,87.50,-682.50,-323.75,1,94.276,
01/01/2000,01:41:35.40,13.91,-74.18,-991.13,140.0,-708.75,-210.0,1,94.278,
01/01/2000,01:41:35.41,13.91,-74.18,-991.25,227.50,-656.25,-341.25,1,94.279,
01/01/2000,01:41:35.42,14.03,-74.18,-991.37,183.75,-778.75,-350.0,1,94.280,
01/01/2000,01:41:35.43,14.03,-74.18,-991.37,253.75,-700.0,-358.75,1,94.281,
01/01/2000,01:41:35.44,13.91,-74.18,-991.49,122.50,-638.75,-297.50,1,94.282,
01/01/2000,01:41:35.45,14.03,-74.18,-991.37,183.75,-577.50,-350.0,1,94.283,
01/01/2000,01:41:35.46,14.03,-74.18,-991.37,218.75,-665.0,-297.50,1,94.285,
01/01/2000,01:41:35.47,14.15,-74.30,-991.49,236.25,-691.25,-350.0,1,94.286,
01/01/2000,01:41:35.48,14.03,-74.42,-991.62,175.0,-665.0,-306.25,1,94.287,
01/01/2000,01:41:35.49,14.03,-74.42,-991.37,113.75,-665.0,-367.50,1,94.288,
01/01/2000,01:41:35.50,14.03,-74.18,-991.37,105.0,-665.0,-358.75,1,94.289,
01/01/2000,01:41:35.51,14.03,-74.18,-991.37,245.0,-726.25,-367.50,1,94.290,
01/01/2000,01:41:35.52,13.91,-74.18,-991.37,157.50,-848.75,-376.25,1,94.291,
01/01/2000,01:41:35.54,13.91,-74.54,-991.25,201.25,-682.50,-297.50,1,94.274,
01/01/2000,01:41:35.55,13.91,-74.42,-991.13,210.0,-656.25,-332.50,1,94.275,
01/01/2000,01:41:35.56,13.91,-74.42,-991.01,166.25,-586.25,-402.50,1,94.276,
01/01/2000,01:41:35.57,14.03,-74.18,-991.01,105.0,-743.75,-280.0,1,94.277,
01/01/2000,01:41:35.58,14.03,-74.18,-991.01,96.25,-717.50,-323.75,1,94.278,
01/01/2000,01:41:35.59,14.03,-74.30,-990.88,166.25,-691.25,-402.50,1,94.279,
01/01/2000,01:41:35.60,14.15,-74.30,-991.13,210.0,-691.25,-376.25,1,94.281,
01/01/2000,01:41:35.61,14.15,-74.42,-991.25,192.50,-735.0,-385.0,1,94.282,
01/01/2000,01:41:35.62,14.15,-74.30,-991.13,122.50,-717.50,-376.25,1,94.283,
01/01/2000,01:41:35.63,14.03,-74.18,-991.25,26.25,-630.0,-323.75,1,94.284,
01/01/2000,01:41:35.64,14.03,-74.18,-991.37,271.25,-735.0,-306.25,1,94.285,
01/01/2000,01:41:35.65,14.03,-74.30,-991.37,8.75,-673.75,-280.0,1,94.286,
01/01/2000,01:41:35.66,14.03,-74.30,-991.37,175.0,-621.25,-376.25,1,94.287,
01/01/2000,01:41:35.67,13.91,-74.30,-991.37,210.0,-761.25,-420.0,1,94.270,
01/01/2000,01:41:35.68,13.91,-74.42,-991.37,262.50,-717.50,-385.0,1,94.271,
01/01/2000,01:41:35.69,13.91,-74.42,-991.37,253.75,-673.75,-437.50,1,94.272,
01/01/2000,01:41:35.71,14.03,-74.18,-991.37,8.75,-595.0,-245.0,1,94.273,
01/01/2000,01:41:35.72,14.03,-74.18,-991.37,148.75,-665.0,-315.0,1,94.274,
01/01/2000,01:41:35.73,14.03,-73.93,-991.37,96.25,-778.75,-393.75,1,94.275,
01/01/2000,01:41:35.74,14.03,-74.30,-991.37,245.0,-761.25,-402.50,1,94.277,
01/01/2000,01:41:35.75,13.91,-74.18,-991.49,148.75,-665.0,-446.25,1,94.278,
01/01/2000,01:41:35.76,14.03,-74.18,-991.37,253.75,-778.75,-420.0,1,94.279,
01/01/2000,01:41:35.77,14.15,-73.93,-991.37,87.50,-787.50,-367.50,1,94.280,
01/01/2000,01:41:35.78,14.15,-73.93,-991.37,218.75,-691.25,-280.0,1,94.281,
01/01/2000,01:41:35.79,14.03,-73.93,-991.37,175.0,-708.75,-297.50,1,94.282,
01/01/2000,01:41:35.80,13.91,-74.18,-991.37,227.50,-586.25,-323.75,1,94.283,
01/01/2000,01:41:35.81,14.03,-74.18,-991.37,52.50,-708.75,-323.75,1,94.285,
01/01/2000,01:41:35.82,14.15,-74.18,-991.37,280.0,-682.50,-376.25,1,94.286,
01/01/2000,01:41:35.83,14.15,-74.05,-991.37,43.75,-770.0,-385.0,1,94.287,
01/01/2000,01:41:35.84,13.91,-74.18,-991.37,140.0,-656.25,-367.50,1,94.269,
01/01/2000,01:41:35.85,13.91,-74.18,-991.49,227.50,-656.25,-367.50,1,94.289,
01/01/2000,01:41:35.86,14.03,-74.18,-991.37,201.25,-621.25,-297.50,1,94.271,
01/01/2000,01:41:35.87,14.27,-74.18,-991.25,140.0,-673.75,-297.50,1,94.273,
01/01/2000,01:41:35.89,13.91,-74.30,-991.13,245.0,-796.25,-463.75,1,94.274,
01/01/2000,01:41:35.90,13.91,-74.18,-991.13,78.75,-621.25,-367.50,1,94.275,
01/01/2000,01:41:35.91,14.03,-74.05,-991.37,148.75,-708.75,-297.50,1,94.276,
01/01/2000,01:41:35.92,14.15,-74.18,-991.37,122.50,-691.25,-288.75,1,94.277,
01/01/2000,01:41:35.93,14.03,-74.30,-991.13,113.75,-717.50,-402.50,1,94.278,
01/01/2000,01:41:35.94,13.91,-74.30,-991.01,113.75,-656.25,-341.25,1,94.279,
01/01/2000,01:41:35.95,13.91,-74.30,-990.88,105.0,-665.0,-411.25,1,94.281,
01/01/2000,01:41:35.96,14.03,-74.18,-991.13,105.0,-647.50,-411.25,1,94.282,
01/01/2000,01:41:35.97,13.91,-74.18,-991.37,131.25,-717.50,-288.75,1,94.283,
01/01/2000,01:41:35.98,13.91,-74.05,-991.25,96.25,-700.0,-350.0,1,94.284,
01/01/2000,01:41:35.99,13.91,-74.05,-991.25,210.0,-735.0,-306.25,1,94.285,
01/01/2000,01:41:36.00,13.91,-74.18,-991.25,297.50,-682.50,-420.0,1,94.286,
01/01/2000,01:41:36.01,14.03,-74.05,-991.37,122.50,-708.75,-297.50,1,94.287,
01/01/2000,01:41:36.02,14.15,-73.93,-991.37,70.0,-647.50,-297.50,1,94.289,
01/01/2000,01:41:36.03,13.91,-73.93,-991.25,218.75,-673.75,-367.50,1,94.271,
01/01/2000,01:41:36.04,13.91,-73.93,-991.37,192.50,-630.0,-350.0,1,94.272,
01/01/2000,01:41:36.05,14.03,-74.05,-991.37,113.75,-665.0,-341.25,1,94.273,
01/01/2000,01:41:36.06,13.91,-74.18,-991.25,96.25,-743.75,-271.25,1,94.274,
01/01/2000,01:41:36.07,13.91,-74.18,-991.13,218.75,-726.25,-350.0,1,94.275,
01/01/2000,01:41:36.08,13.66,-74.05,-991.13,70.0,-665.0,-428.75,1,94.277,
01/01/2000,01:41:36.10,13.54,-74.05,-991.13,280.0,-638.75,-376.25,1,94.278,
01/01/2000,01:41:36.11,13.66,-73.93,-991.13,201.25,-621.25,-297.50,1,94.279,
01/01/2000,01:41:36.12,13.66,-74.05,-991.13,140.0,-726.25,-350.0,1,94.280,
01/01/2000,01:41:36.13,13.79,-74.18,-991.13,113.75,-770.0,-183.75,1,94.281,
01/01/2000,01:41:36.14,13.79,-74.18,-990.88,175.0,-682.50,-385.0,1,94.282,
01/01/2000,01:41:36.15,13.79,-74.05,-991.01,192.50,-638.75,-350.0,1,94.283,
01/01/2000,01:41:36.16,13.91,-73.93,-991.13,236.25,-805.0,-341.25,1,94.285,
01/01/2000,01:41:36.17,13.79,-74.05,-991.37,175.0,-708.75,-367.50,1,94.286,
01/01/2000,01:41:36.18,13.91,-74.18,-991.37,52.50,-726.25,-245.0,1,94.287,
01/01/2000,01:41:36.19,13.91,-74.05,-991.13,122.50,-717.50,-411.25,1,94.288,
01/01/2000,01:41:36.20,13.91,-74.18,-991.13,105.0,-708.75,-210.0,1,94.270,
01/01/2000,01:41:36.22,13.91,-74.30,-991.37,131.25,-673.75,-306.25,1,94.271,
01/01/2000,01:41:36.23,14.03,-74.18,-991.37,236.25,-717.50,-420.0,1,94.273,
01/01/2000,01:41:36.24,13.91,-74.30,-991.37,87.50,-682.50,-236.25,1,94.274,
01/01/2000,01:41:36.25,13.91,-74.30,-991.25,87.50,-700.0,-288.75,1,94.275,
01/01/2000,01:41:36.26,14.03,-74.30,-991.37,350.0,-603.75,-428.75,1,94.276,
01/01/2000,01:41:36.27,14.15,-74.42,-991.37,131.25,-665.0,-315.0,1,94.277,
01/01/2000,01:41:36.28,14.27,-74.42,-991.49,122.50,-612.50,-385.0,1,94.260,
01/01/2000,01:41:36.29,14.15,-74.42,-991.37,131.25,-656.25,-323.75,1,94.279,
01/01/2000,01:41:36.30,14.15,-74.42,-991.25,61.25,-700.0,-332.50,1,94.262,
01/01/2000,01:41:36.31,14.15,-74.18,-991.37,210.0,-656.25,-315.0,1,94.263,
01/01/2000,01:41:36.32,14.40,-74.42,-991.37,157.50,-603.75,-411.25,1,94.264,
01/01/2000,01:41:36.33,14.15,-74.30,-991.37,122.50,-673.75,-393.75,1,94.265,
01/01/2000,01:41:36.34,14.03,-74.54,-991.37,96.25,-743.75,-280.0,1,94.266,
01/01/2000,01:41:36.35,13.91,-74.42,-991.37,166.25,-586.25,-428.75,1,94.268,
01/01/2000,01:41:36.36,14.03,-74.18,-991.37,78.75,-813.75,-411.25,1,94.269,
01/01/2000,01:41:36.37,13.91,-74.05,-991.25,61.25,-621.25,-306.25,1,94.270,
01/01/2000,01:41:36.39,13.91,-74.18,-991.13,131.25,-840.0,-341.25,1,94.271,
01/01/2000,01:41:36.40,13.79,-74.18,-991.25,192.50,-630.0,-332.50,1,94.272,
01/01/2000,01:41:36.41,13.66,-74.18,-991.25,131.25,-787.50,-490.0,1,94.273,
01/01/2000,01:41:36.42,14.15,-73.93,-991.25,87.50,-638.75,-315.0,1,94.274,
01/01/2000,01:41:36.43,14.15,-73.93,-991.01,236.25,-630.0,-358.75,1,94.275,
01/01/2000,01:41:36.44,13.79,-74.18,-991.01,105.0,-752.50,-332.50,1,94.277,
01/01/2000,01:41:36.45,13.91,-74.54,-991.13,78.75,-700.0,-428.75,1,94.278,
01/01/2000,01:41:36.46,14.15,-74.18,-991.37,52.50,-673.75,-376.25,1,94.279,
01/01/2000,01:41:36.47,14.27,-73.93,-991.25,140.0,-647.50,-210.0,1,94.261,
01/01/2000,01:41:36.48,14.15,-74.18,-991.01,148.75,-717.50,-315.0,1,94.281,
01/01/2000,01:41:36.49,14.03,-74.30,-990.88,175.0,-700.0,-201.25,1,94.264,
01/01/2000,01:41:36.50,13.91,-74.42,-991.13,183.75,-691.25,-420.0,1,94.265,
01/01/2000,01:41:36.51,14.03,-74.42,-991.37,78.75,-647.50,-358.75,1,94.266,
01/01/2000,01:41:36.53,14.15,-74.05,-991.62,157.50,-673.75,-297.50,1,94.267,
01/01/2000,01:41:36.54,14.03,-73.93,-991.37,210.0,-726.25,-350.0,1,94.268,
01/01/2000,01:41:36.55,13.91,-74.05,-991.13,157.50,-682.50,-393.75,1,94.269,
01/01/2000,01:41:36.56,13.91,-74.18,-991.25,70.0,-708.75,-420.0,1,94.270,
01/01/2000,01:41:36.57,14.03,-74.18,-991.37,183.75,-647.50,-393.75,1,94.272,
01/01/2000,01:41:36.58,14.03,-74.05,-991.49,70.0,-691.25,-262.50,1,94.273,
01/01/2000,01:41:36.59,14.03,-74.18,-991.37,201.25,-621.25,-306.25,1,94.274,
01/01/2000,01:41:36.60,14.03,-74.05,-991.25,192.50,-700.0,-297.50,1,94.275,
01/01/2000,01:41:36.61,14.15,-74.05,-991.37,131.25,-691.25,-297.50,1,94.276,
01/01/2000,01:41:36.62,14.27,-74.30,-991.49,402.50,-656.25,-350.0,1,94.277,
01/01/2000,01:41:36.63,14.15,-74.18,-991.62,61.25,-682.50,-323.75,1,94.278,
01/01/2000,01:41:36.64,14.15,-74.42,-991.37,245.0,-682.50,-463.75,1,94.279,
01/01/2000,01:41:36.65,13.91,-74.18,-991.25,192.50,-700.0,-183.75,1,94.281,
01/01/2000,01:41:36.66,14.03,-74.18,-991.25,140.0,-682.50,-420.0,1,94.282,
01/01/2000,01:41:36.67,14.15,-74.30,-991.62,236.25,-682.50,-350.0,1,94.264,
01/01/2000,01:41:36.68,14.27,-74.30,-991.62,52.50,-612.50,-332.50,1,94.265,
01/01/2000,01:41:36.69,14.15,-74.42,-991.37,245.0,-735.0,-385.0,1,94.267,
01/01/2000,01:41:36.70,14.15,-74.18,-991.37,131.25,-761.25,-341.25,1,94.268,
01/01/2000,01:41:36.71,14.27,-74.05,-991.25,183.75,-717.50,-393.75,1,94.269,
01/01/2000,01:41:36.73,14.27,-74.18,-991.37,166.25,-673.75,-271.25,1,94.270,
01/01/2000,01:41:36.74,14.15,-74.18,-991.49,122.50,-813.75,-367.50,1,94.271,
01/01/2000,01:41:36.75,14.15,-74.18,-991.37,140.0,-717.50,-463.75,1,94.272,
01/01/2000,01:41:36.76,14.15,-73.93,-991.37,175.0,-682.50,-297.50,1,94.273,
01/01/2000,01:41:36.77,14.03,-74.05,-991.25,113.75,-656.25,-297.50,1,94.274,
01/01/2000,01:41:36.78,14.03,-74.18,-991.37,43.75,-735.0,-376.25,1,94.257,
01/01/2000,01:41:36.79,14.03,-74.18,-991.37,157.50,-612.50,-288.75,1,94.277,
01/01/2000,01:41:36.80,13.91,-73.93,-991.49,113.75,-691.25,-253.75,1,94.259,
01/01/2000,01:41:36.81,13.91,-73.93,-991.49,175.0,-647.50,-367.50,1,94.260,
01/01/2000,01:41:36.82,13.91,-73.93,-991.37,148.75,-586.25,-367.50,1,94.261,
01/01/2000,01:41:36.83,13.91,-74.05,-991.25,227.50,-761.25,-393.75,1,94.263,
01/01/2000,01:41:36.84,14.03,-74.05,-991.37,140.0,-621.25,-323.75,1,94.264,
01/01/2000,01:41:36.85,13.91,-74.30,-991.49,140.0,-743.75,-472.50,1,94.265,
01/01/2000,01:41:36.86,13.91,-74.18,-991.49,166.25,-638.75,-341.25,1,94.266,
01/01/2000,01:41:36.87,13.91,-74.18,-991.49,131.25,-700.0,-341.25,1,94.267,
01/01/2000,01:41:36.89,13.91,-74.05,-991.37,78.75,-691.25,-297.50,1,94.268,
01/01/2000,01:41:36.90,13.91,-74.18,-991.13,236.25,-735.0,-280.0,1,94.269,
01/01/2000,01:41:36.91,13.91,-74.18,-991.25,157.50,-577.50,-376.25,1,94.271,
01/01/2000,01:41:36.92,13.91,-74.30,-991.25,218.75,-708.75,-262.50,1,94.272,
01/01/2000,01:41:36.93,13.79,-74.18,-991.37,-35.0,-770.0,-376.25,1,94.273,
01/01/2000,01:41:36.94,13.79,-74.05,-991.37,122.50,-805.0,-323.75,1,94.274,
01/01/2000,01:41:36.95,13.79,-74.18,-991.13,0.0,-551.25,-323.75,1,94.275,
01/01/2000,01:41:36.96,13.79,-74.18,-991.13,96.25,-638.75,-245.0,1,94.276,
01/01/2000,01:41:36.97,13.91,-74.30,-991.37,122.50,-743.75,-428.75,1,94.277,
01/01/2000,01:41:36.98,13.91,-74.18,-991.25,271.25,-691.25,-393.75,1,94.278,
01/01/2000,01:41:36.99,13.91,-74.18,-991.25,236.25,-778.75,-358.75,1,94.280,
01/01/2000,01:41:37.00,13.91,-74.18,-991.25,157.50,-656.25,-367.50,1,94.281,
01/01/2000,01:41:37.01,13.66,-74.18,-991.37,122.50,-612.50,-402.50,1,94.263,
01/01/2000,01:41:37.03,13.66,-74.42,-991.62,105.0,-735.0,-245.0,1,94.264,
01/01/2000,01:41:37.04,13.79,-74.42,-991.49,105.0,-665.0,-358.75,1,94.266,
01/01/2000,01:41:37.05,13.91,-74.30,-991.25,315.0,-647.50,-236.25,1,94.267,
01/01/2000,01:41:37.06,13.79,-74.30,-991.01,192.50,-752.50,-376.25,1,94.268,
01/01/2000,01:41:37.07,13.66,-74.30,-991.01,140.0,-700.0,-323.75,1,94.269,
01/01/2000,01:41:37.08,13.54,-74.42,-991.37,175.0,-682.50,-402.50,1,94.270,
01/01/2000,01:41:37.09,13.79,-74.42,-991.49,140.0,-726.25,-262.50,1,94.271,
01/01/2000,01:41:37.10,13.66,-74.18,-991.37,148.75,-691.25,-376.25,1,94.272,
01/01/2000,01:41:37.11,13.66,-74.18,-991.01,70.0,-665.0,-411.25,1,94.273,
01/01/2000,01:41:37.12,13.79,-74.30,-990.88,210.0,-708.75,-306.25,1,94.275,
01/01/2000,01:41:37.13,13.91,-74.42,-991.01,78.75,-752.50,-358.75,1,94.276,
01/01/2000,01:41:37.14,13.91,-74.30,-991.25,253.75,-752.50,-376.25,1,94.277,
01/01/2000,01:41:37.15,13.91,-74.18,-991.25,148.75,-621.25,-271.25,1,94.278,
01/01/2000,01:41:37.16,13.91,-74.05,-991.01,157.50,-726.25,-297.50,1,94.261,
01/01/2000,01:41:37.17,13.91,-74.18,-991.01,245.0,-700.0,-393.75,1,94.262,
01/01/2000,01:41:37.18,13.91,-74.05,-991.01,210.0,-743.75,-393.75,1,94.263,
01/01/2000,01:41:37.19,14.03,-74.05,-991.37,131.25,-638.75,-306.25,1,94.264,
01/01/2000,01:41:37.20,14.15,-74.05,-991.37,148.75,-805.0,-315.0,1,94.265,
01/01/2000,01:41:37.21,13.79,-74.05,-991.25,201.25,-778.75,-376.25,1,94.266,
01/01/2000,01:41:37.22,13.66,-74.05,-991.13,245.0,-665.0,-385.0,1,94.267,
01/01/2000,01:41:37.24,13.91,-74.18,-991.25,157.50,-717.50,-376.25,1,94.250,
01/01/2000,01:41:37.25,13.91,-74.42,-991.25,113.75,-813.75,-350.0,1,94.251,
01/01/2000,01:41:37.26,13.91,-74.30,-991.13,43.75,-796.25,-393.75,1,94.252,
01/01/2000,01:41:37.27,13.91,-74.18,-991.01,271.25,-673.75,-341.25,1,94.253,
01/01/2000,01:41:37.28,13.91,-74.05,-991.13,175.0,-673.75,-297.50,1,94.254,
01/01/2000,01:41:37.29,14.15,-73.93,-991.37,148.75,-682.50,-341.25,1,94.256,
01/01/2000,01:41:37.31,14.15,-73.93,-991.37,175.0,-743.75,-358.75,1,94.257,
01/01/2000,01:41:37.31,13.91,-74.18,-991.37,87.50,-708.75,-323.75,1,94.258,
01/01/2000,01:41:37.33,13.91,-74.18,-991.25,131.25,-691.25,-376.25,1,94.259,
01/01/2000,01:41:37.34,14.03,-74.18,-991.25,131.25,-796.25,-350.0,1,94.260,
01/01/2000,01:41:37.35,14.03,-73.93,-991.37,157.50,-691.25,-253.75,1,94.261,
01/01/2000,01:41:37.36,13.91,-74.18,-991.25,192.50,-752.50,-306.25,1,94.262,
01/01/2000,01:41:37.37,13.91,-74.30,-991.13,140.0,-735.0,-350.0,1,94.263,
01/01/2000,01:41:37.38,13.91,-74.42,-991.25,113.75,-647.50,-402.50,1,94.265,
01/01/2000,01:41:37.39,14.03,-74.18,-991.37,166.25,-796.25,-350.0,1,94.266,
01/01/2000,01:41:37.40,14.15,-74.05,-991.37,192.50,-638.75,-332.50,1,94.267,
01/01/2000,01:41:37.41,14.03,-74.05,-991.25,43.75,-612.50,-262.50,1,94.268,
01/01/2000,01:41:37.42,13.91,-74.05,-991.13,227.50,-735.0,-315.0,1,94.269,
01/01/2000,01:41:37.43,13.91,-74.18,-991.13,148.75,-665.0,-402.50,1,94.270,
01/01/2000,01:41:37.44,13.91,-74.05,-991.25,192.50,-735.0,-245.0,1,94.271,
01/01/2000,01:41:37.45,14.03,-74.18,-991.37,192.50,-665.0,-297.50,1,94.272,
01/01/2000,01:41:37.46,14.03,-74.42,-991.37,70.0,-761.25,-350.0,1,94.273,
01/01/2000,01:41:37.47,13.91,-74.42,-991.25,192.50,-586.25,-323.75,1,94.275,
01/01/2000,01:41:37.48,13.91,-74.30,-991.37,105.0,-726.25,-367.50,1,94.276,
01/01/2000,01:41:37.49,14.03,-74.18,-991.37,201.25,-770.0,-297.50,1,94.277,
01/01/2000,01:41:37.50,13.91,-74.30,-991.25,201.25,-743.75,-262.50,1,94.278,
01/01/2000,01:41:37.51,13.79,-74.42,-990.88,35.0,-656.25,-385.0,1,94.261,
01/01/2000,01:41:37.52,13.91,-74.54,-991.01,210.0,-647.50,-367.50,1,94.262,
01/01/2000,01:41:37.53,13.91,-74.30,-991.13,140.0,-743.75,-262.50,1,94.263,
01/01/2000,01:41:37.54,14.03,-74.18,-991.37,140.0,-770.0,-297.50,1,94.264,
01/01/2000,01:41:37.56,14.03,-74.18,-991.37,183.75,-743.75,-262.50,1,94.265,
01/01/2000,01:41:37.56,14.03,-74.18,-991.37,113.75,-665.0,-385.0,1,94.266,
01/01/2000,01:41:37.58,13.91,-74.30,-991.37,218.75,-726.25,-376.25,1,94.267,
01/01/2000,01:41:37.59,14.03,-74.30,-991.49,131.25,-647.50,-288.75,1,94.269,
01/01/2000,01:41:37.60,14.03,-74.30,-991.49,61.25,-665.0,-358.75,1,94.270,
01/01/2000,01:41:37.61,14.15,-74.18,-991.49,166.25,-682.50,-280.0,1,94.271,
01/01/2000,01:41:37.62,14.15,-74.18,-991.49,201.25,-735.0,-288.75,1,94.272,
01/01/2000,01:41:37.63,13.91,-74.30,-991.49,245.0,-805.0,-402.50,1,94.273,
01/01/2000,01:41:37.64,13.91,-74.42,-991.37,17.50,-682.50,-315.0,1,94.274,
01/01/2000,01:41:37.65,14.03,-74.42,-991.37,113.75,-770.0,-280.0,1,94.275,
01/01/2000,01:41:37.66,14.15,-74.30,-991.25,70.0,-656.25,-297.50,1,94.258,
01/01/2000,01:41:37.67,14.03,-74.18,-991.13,122.50,-542.50,-297.50,1,94.259,
01/01/2000,01:41:37.68,13.91,-74.30,-991.01,105.0,-682.50,-306.25,1,94.260,
01/01/2000,01:41:37.69,13.79,-74.42,-991.01,245.0,-665.0,-420.0,1,94.261,
01/01/2000,01:41:37.70,13.79,-74.30,-991.13,271.25,-673.75,-393.75,1,94.262,
01/01/2000,01:41:37.71,14.03,-74.18,-991.13,157.50,-726.25,-376.25,1,94.264,
01/01/2000,01:41:37.73,14.03,-74.42,-991.25,218.75,-673.75,-280.0,1,94.265,
01/01/2000,01:41:37.74,14.03,-74.42,-991.37,175.0,-656.25,-393.75,1,94.266,
01/01/2000,01:41:37.75,13.91,-74.42,-991.37,218.75,-726.25,-306.25,1,94.267,
01/01/2000,01:41:37.76,13.91,-74.30,-991.37,192.50,-743.75,-367.50,1,94.250,
01/01/2000,01:41:37.77,13.91,-74.18,-991.37,113.75,-691.25,-280.0,1,94.251,
01/01/2000,01:41:37.78,13.91,-74.18,-991.25,227.50,-761.25,-350.0,1,94.252,
01/01/2000,01:41:37.79,13.91,-74.18,-991.25,192.50,-726.25,-332.50,1,94.253,
01/01/2000,01:41:37.80,13.91,-74.18,-991.25,166.25,-831.25,-262.50,1,94.254,
01/01/2000,01:41:37.81,13.91,-74.18,-991.25,70.0,-603.75,-358.75,1,94.255,
01/01/2000,01:41:37.82,13.91,-74.05,-991.25,218.75,-630.0,-323.75,1,94.256,
01/01/2000,01:41:37.83,13.79,-74.05,-991.13,96.25,-770.0,-306.25,1,94.258,
01/01/2000,01:41:37.84,13.91,-74.18,-991.25,297.50,-700.0,-332.50,1,94.259,
01/01/2000,01:41:37.85,13.91,-74.18,-991.37,87.50,-708.75,-358.75,1,94.260,
01/01/2000,01:41:37.86,13.79,-74.18,-991.37,253.75,-665.0,-315.0,1,94.261,
01/01/2000,01:41:37.88,13.91,-74.05,-991.37,105.0,-726.25,-192.50,1,94.262,
01/01/2000,01:41:37.89,13.91,-74.05,-991.25,253.75,-673.75,-341.25,1,94.263,
01/01/2000,01:41:37.90,13.91,-74.05,-991.13,105.0,-770.0,-262.50,1,94.264,
01/01/2000,01:41:37.91,14.03,-74.42,-991.13,253.75,-673.75,-297.50,1,94.265,
01/01/2000,01:41:37.92,13.91,-74.30,-991.13,122.50,-647.50,-297.50,1,94.266,
01/01/2000,01:41:37.93,13.91,-74.30,-991.13,157.50,-735.0,-411.25,1,94.268,
01/01/2000,01:41:37.94,13.91,-74.30,-991.13,122.50,-717.50,-315.0,1,94.269,
01/01/2000,01:41:37.95,13.91,-74.30,-990.88,166.25,-708.75,-332.50,1,94.270,
01/01/2000,01:41:37.96,13.66,-74.18,-991.01,271.25,-621.25,-297.50,1,94.271,
01/01/2000,01:41:37.97,13.66,-74.18,-991.01,183.75,-682.50,-358.75,1,94.272,
01/01/2000,01:41:37.98,13.66,-74.18,-991.01,166.25,-673.75,-288.75,1,94.273,
01/01/2000,01:41:37.99,13.66,-74.42,-991.01,236.25,-673.75,-358.75,1,94.274,
01/01/2000,01:41:38.00,13.66,-74.30,-990.88,113.75,-647.50,-332.50,1,94.275,
01/01/2000,01:41:38.01,13.66,-74.42,-990.88,253.75,-673.75,-385.0,1,94.258,
01/01/2000,01:41:38.02,13.66,-74.42,-991.01,105.0,-805.0,-420.0,1,94.259,
01/01/2000,01:41:38.03,13.79,-74.30,-991.13,245.0,-533.75,-367.50,1,94.260,
01/01/2000,01:41:38.04,13.79,-74.30,-991.13,253.75,-630.0,-315.0,1,94.262,
01/01/2000,01:41:38.05,13.79,-74.42,-991.13,175.0,-682.50,-341.25,1,94.263,
01/01/2000,01:41:38.06,13.79,-74.30,-991.13,113.75,-822.50,-332.50,1,94.264,
01/01/2000,01:41:38.07,13.91,-74.18,-991.13,210.0,-638.75,-411.25,1,94.265,
01/01/2000,01:41:38.09,13.91,-74.30,-991.13,175.0,-638.75,-253.75,1,94.266,
01/01/2000,01:41:38.10,13.91,-74.30,-991.13,166.25,-735.0,-385.0,1,94.267,
01/01/2000,01:41:38.11,13.91,-74.30,-991.13,166.25,-595.0,-385.0,1,94.268,
01/01/2000,01:41:38.12,13.91,-74.42,-990.88,183.75,-630.0,-253.75,1,94.269,
01/01/2000,01:41:38.13,13.91,-74.42,-990.88,192.50,-665.0,-437.50,1,94.270,
01/01/2000,01:41:38.14,13.79,-74.42,-991.25,332.50,-735.0,-306.25,1,94.271,
01/01/2000,01:41:38.15,13.91,-74.42,-991.49,113.75,-665.0,-297.50,1,94.254,
01/01/2000,01:41:38.16,13.91,-74.42,-991.25,70.0,-822.50,-385.0,1,94.256,
01/01/2000,01:41:38.17,13.54,-74.42,-991.25,96.25,-708.75,-402.50,1,94.257,
01/01/2000,01:41:38.18,13.54,-74.42,-991.13,271.25,-743.75,-358.75,1,94.258,
01/01/2000,01:41:38.19,13.66,-74.54,-991.13,245.0,-700.0,-332.50,1,94.259,
01/01/2000,01:41:38.20,13.79,-74.42,-991.13,175.0,-752.50,-166.25,1,94.260,
01/01/2000,01:41:38.21,13.66,-74.42,-991.13,96.25,-682.50,-463.75,1,94.261,
01/01/2000,01:41:38.23,13.66,-74.18,-991.25,35.0,-708.75,-245.0,1,94.262,
01/01/2000,01:41:38.24,13.79,-74.18,-991.13,218.75,-621.25,-393.75,1,94.263,
01/01/2000,01:41:38.25,13.91,-74.18,-991.49,288.75,-778.75,-367.50,1,94.264,
01/01/2000,01:41:38.26,14.03,-74.30,-991.37,131.25,-682.50,-280.0,1,94.265,
01/01/2000,01:41:38.27,14.03,-74.18,-991.25,96.25,-778.75,-358.75,1,94.267,
01/01/2000,01:41:38.28,14.03,-74.18,-991.01,148.75,-743.75,-402.50,1,94.250,
01/01/2000,01:41:38.29,14.03,-74.18,-991.13,122.50,-577.50,-376.25,1,94.269,
01/01/2000,01:41:38.30,14.27,-74.18,-991.13,341.25,-665.0,-367.50,1,94.252,
01/01/2000,01:41:38.31,14.15,-74.05,-991.13,218.75,-691.25,-271.25,1,94.253,
01/01/2000,01:41:38.32,14.03,-74.30,-991.01,148.75,-603.75,-402.50,1,94.254,
01/01/2000,01:41:38.33,13.91,-74.42,-991.01,105.0,-735.0,-420.0,1,94.255,
01/01/2000,01:41:38.34,13.91,-74.42,-991.13,131.25,-735.0,-341.25,1,94.256,
01/01/2000,01:41:38.35,13.91,-74.30,-991.13,157.50,-743.75,-367.50,1,94.257,
01/01/2000,01:41:38.37,13.66,-74.18,-991.13,131.25,-673.75,-376.25,1,94.258,
01/01/2000,01:41:38.38,13.66,-74.42,-991.13,96.25,-673.75,-393.75,1,94.259,
01/01/2000,01:41:38.39,13.79,-74.42,-991.25,131.25,-691.25,-332.50,1,94.261,
01/01/2000,01:41:38.40,13.79,-74.42,-991.37,236.25,-691.25,-376.25,1,94.262,
01/01/2000,01:41:38.41,13.91,-74.42,-991.37,122.50,-761.25,-323.75,1,94.263,
01/01/2000,01:41:38.42,13.91,-74.30,-991.25,253.75,-691.25,-358.75,1,94.264,
01/01/2000,01:41:38.43,13.91,-74.18,-991.25,140.0,-665.0,-358.75,1,94.265,
01/01/2000,01:41:38.44,13.91,-74.18,-991.37,192.50,-673.75,-315.0,1,94.266,
01/01/2000,01:41:38.45,13.91,-74.18,-991.25,236.25,-630.0,-358.75,1,94.267,
01/01/2000,01:41:38.46,13.79,-74.30,-991.13,148.75,-735.0,-315.0,1,94.268,
01/01/2000,01:41:38.47,13.66,-74.05,-991.13,78.75,-577.50,-323.75,1,94.269,
01/01/2000,01:41:38.48,13.54,-74.18,-991.13,166.25,-717.50,-402.50,1,94.270,
01/01/2000,01:41:38.49,13.42,-74.05,-991.37,87.50,-647.50,-358.75,1,94.272,
01/01/2000,01:41:38.50,13.54,-74.18,-991.25,183.75,-682.50,-341.25,1,94.273,
01/01/2000,01:41:38.51,13.66,-74.18,-991.25,201.25,-708.75,-341.25,1,94.274,
01/01/2000,01:41:38.52,13.66,-74.18,-991.13,122.50,-665.0,-376.25,1,94.275,
01/01/2000,01:41:38.53,13.79,-73.93,-991.13,315.0,-761.25,-315.0,1,94.276,
01/01/2000,01:41:38.54,13.91,-74.18,-991.37,96.25,-735.0,-280.0,1,94.277,
01/01/2000,01:41:38.55,13.91,-74.30,-991.25,253.75,-778.75,-446.25,1,94.278,
01/01/2000,01:41:38.56,13.79,-74.30,-991.13,122.50,-682.50,-297.50,1,94.279,
01/01/2000,01:41:38.58,13.91,-74.30,-990.88,236.25,-612.50,-367.50,1,94.262,
01/01/2000,01:41:38.58,13.91,-74.18,-990.88,113.75,-787.50,-271.25,1,94.263,
01/01/2000,01:41:38.60,13.91,-74.05,-991.01,70.0,-691.25,-227.50,1,94.264,
01/01/2000,01:41:38.61,13.91,-74.18,-991.13,105.0,-621.25,-341.25,1,94.266,
01/01/2000,01:41:38.62,13.91,-74.18,-991.25,61.25,-682.50,-358.75,1,94.267,
01/01/2000,01:41:38.63,13.91,-74.30,-991.25,0.0,-638.75,-376.25,1,94.268,
01/01/2000,01:41:38.64,13.91,-74.30,-991.13,201.25,-673.75,-420.0,1,94.269,
01/01/2000,01:41:38.65,13.91,-74.30,-991.13,183.75,-848.75,-341.25,1,94.270,
01/01/2000,01:41:38.66,13.79,-74.30,-990.88,271.25,-673.75,-332.50,1,94.271,
01/01/2000,01:41:38.67,13.79,-74.18,-990.88,262.50,-735.0,-315.0,1,94.272,
01/01/2000,01:41:38.68,13.79,-74.30,-991.01,157.50,-700.0,-428.75,1,94.273,
01/01/2000,01:41:38.69,13.79,-74.30,-991.25,140.0,-560.0,-323.75,1,94.274,
01/01/2000,01:41:38.70,13.91,-74.30,-991.13,271.25,-612.50,-315.0,1,94.275,
01/01/2000,01:41:38.71,13.79,-74.18,-991.01,253.75,-752.50,-341.25,1,94.259,
01/01/2000,01:41:38.72,13.79,-74.42,-991.25,148.75,-691.25,-332.50,1,94.260,
01/01/2000,01:41:38.73,13.91,-74.30,-991.13,105.0,-673.75,-358.75,1,94.261,
01/01/2000,01:41:38.74,14.03,-74.30,-991.13,218.75,-770.0,-402.50,1,94.262,
01/01/2000,01:41:38.75,14.15,-74.05,-991.13,166.25,-665.0,-315.0,1,94.263,
01/01/2000,01:41:38.76,13.91,-74.18,-991.25,166.25,-673.75,-358.75,1,94.264,
01/01/2000,01:41:38.78,13.91,-74.30,-991.37,113.75,-717.50,-367.50,1,94.265,
01/01/2000,01:41:38.79,14.03,-74.30,-991.37,210.0,-717.50,-376.25,1,94.248,
01/01/2000,01:41:38.80,14.03,-74.30,-991.25,201.25,-630.0,-341.25,1,94.249,
01/01/2000,01:41:38.81,13.66,-74.30,-991.13,218.75,-673.75,-315.0,1,94.250,
01/01/2000,01:41:38.82,13.66,-74.42,-991.13,175.0,-630.0,-481.25,1,94.252,
01/01/2000,01:41:38.83,13.91,-74.30,-991.25,148.75,-656.25,-446.25,1,94.253,
01/01/2000,01:41:38.84,13.91,-74.30,-991.37,175.0,-665.0,-358.75,1,94.254,
01/01/2000,01:41:38.85,13.79,-74.30,-991.13,183.75,-691.25,-446.25,1,94.255,
01/01/2000,01:41:38.87,13.91,-74.42,-991.13,323.75,-761.25,-463.75,1,94.256,
01/01/2000,01:41:38.87,13.91,-74.54,-991.13,140.0,-726.25,-306.25,1,94.257,
01/01/2000,01:41:38.89,14.03,-74.42,-991.25,245.0,-770.0,-332.50,1,94.258,
01/01/2000,01:41:38.90,13.91,-74.42,-991.25,166.25,-700.0,-402.50,1,94.259,
01/01/2000,01:41:38.91,13.91,-74.30,-991.13,61.25,-673.75,-262.50,1,94.260,
01/01/2000,01:41:38.92,13.91,-74.42,-991.01,87.50,-673.75,-288.75,1,94.261,
01/01/2000,01:41:38.93,13.79,-74.30,-991.37,280.0,-647.50,-376.25,1,94.262,
01/01/2000,01:41:38.94,13.91,-74.18,-991.37,122.50,-682.50,-297.50,1,94.264,
01/01/2000,01:41:38.95,14.03,-74.30,-991.37,87.50,-708.75,-402.50,1,94.265,
01/01/2000,01:41:38.96,13.91,-74.42,-991.37,227.50,-586.25,-323.75,1,94.266,
01/01/2000,01:41:38.97,13.91,-74.54,-991.37,183.75,-682.50,-446.25,1,94.267,
01/01/2000,01:41:38.98,13.91,-74.42,-991.49,157.50,-778.75,-315.0,1,94.268,
01/01/2000,01:41:38.99,13.79,-74.42,-991.62,210.0,-621.25,-420.0,1,94.269,
01/01/2000,01:41:39.00,13.91,-74.42,-991.74,245.0,-778.75,-315.0,1,94.252,
01/01/2000,01:41:39.01,13.91,-74.54,-991.62,192.50,-743.75,-332.50,1,94.253,
01/01/2000,01:41:39.02,14.03,-74.42,-991.62,122.50,-542.50,-341.25,1,94.254,
01/01/2000,01:41:39.03,14.27,-74.54,-991.62,148.75,-770.0,-297.50,1,94.255,
01/01/2000,01:41:39.04,14.15,-74.66,-991.74,87.50,-656.25,-420.0,1,94.257,
01/01/2000,01:41:39.05,14.15,-74.54,-991.86,113.75,-700.0,-297.50,1,94.258,
01/01/2000,01:41:39.06,14.15,-74.42,-991.86,210.0,-638.75,-446.25,1,94.259,
01/01/2000,01:41:39.08,14.15,-74.30,-991.62,210.0,-630.0,-210.0,1,94.260,
01/01/2000,01:41:39.09,14.40,-74.42,-991.62,218.75,-647.50,-376.25,1,94.261,
01/01/2000,01:41:39.10,14.40,-74.42,-991.62,157.50,-735.0,-376.25,1,94.262,
01/01/2000,01:41:39.11,14.40,-74.42,-991.62,166.25,-595.0,-323.75,1,94.263,
01/01/2000,01:41:39.12,14.15,-74.42,-991.62,78.75,-647.50,-393.75,1,94.264,
01/01/2000,01:41:39.13,14.03,-74.42,-991.49,140.0,-647.50,-271.25,1,94.265,
01/01/2000,01:41:39.14,14.40,-74.42,-991.37,113.75,-665.0,-253.75,1,94.266,
01/01/2000,01:41:39.15,14.27,-74.18,-991.37,157.50,-603.75,-306.25,1,94.267,
01/01/2000,01:41:39.16,14.15,-74.54,-991.37,201.25,-778.75,-350.0,1,94.268,
01/01/2000,01:41:39.17,14.03,-74.42,-991.37,87.50,-726.25,-367.50,1,94.270,
01/01/2000,01:41:39.18,14.03,-74.42,-991.37,236.25,-630.0,-358.75,1,94.271,
01/01/2000,01:41:39.19,13.91,-74.30,-991.37,210.0,-647.50,-402.50,1,94.272,
01/01/2000,01:41:39.20,13.91,-74.05,-991.25,96.25,-691.25,-288.75,1,94.255,
01/01/2000,01:41:39.22,13.91,-74.30,-991.25,306.25,-647.50,-402.50,1,94.256,
01/01/2000,01:41:39.23,14.03,-74.42,-991.37,218.75,-638.75,-551.25,1,94.257,
01/01/2000,01:41:39.24,14.15,-74.42,-991.49,210.0,-691.25,-271.25,1,94.258,
01/01/2000,01:41:39.25,14.15,-74.30,-991.37,245.0,-647.50,-455.0,1,94.259,
01/01/2000,01:41:39.26,14.15,-74.18,-991.37,140.0,-673.75,-280.0,1,94.260,
01/01/2000,01:41:39.27,14.27,-74.05,-991.37,122.50,-778.75,-288.75,1,94.262,
01/01/2000,01:41:39.28,14.40,-74.30,-991.49,157.50,-638.75,-323.75,1,94.245,
01/01/2000,01:41:39.30,14.15,-74.30,-991.49,201.25,-717.50,-402.50,1,94.246,
01/01/2000,01:41:39.31,14.15,-74.30,-991.49,148.75,-708.75,-367.50,1,94.247,
01/01/2000,01:41:39.32,14.15,-74.18,-991.62,192.50,-708.75,-280.0,1,94.248,
01/01/2000,01:41:39.33,14.27,-73.93,-991.37,157.50,-726.25,-332.50,1,94.249,
01/01/2000,01:41:39.34,14.40,-74.18,-991.37,96.25,-647.50,-306.25,1,94.250,
01/01/2000,01:41:39.35,14.40,-74.30,-991.25,218.75,-735.0,-288.75,1,94.251,
01/01/2000,01:41:39.36,14.27,-74.66,-991.13,245.0,-700.0,-297.50,1,94.252,
01/01/2000,01:41:39.37,14.27,-74.42,-991.13,157.50,-700.0,-376.25,1,94.254,
01/01/2000,01:41:39.38,14.15,-74.30,-991.13,192.50,-630.0,-385.0,1,94.255,
01/01/2000,01:41:39.39,14.15,-74.18,-991.13,35.0,-647.50,-262.50,1,94.256,
01/01/2000,01:41:39.40,14.15,-74.18,-991.01,166.25,-595.0,-288.75,1,94.257,
01/01/2000,01:41:39.41,14.15,-74.42,-991.13,148.75,-717.50,-507.50,1,94.258,
01/01/2000,01:41:39.42,14.15,-74.42,-991.13,157.50,-735.0,-367.50,1,94.259,
01/01/2000,01:41:39.43,14.40,-74.18,-991.01,-43.75,-638.75,-358.75,1,94.260,
01/01/2000,01:41:39.44,14.15,-74.18,-991.01,166.25,-700.0,-306.25,1,94.261,
01/01/2000,01:41:39.45,13.91,-74.18,-991.13,122.50,-700.0,-280.0,1,94.262,
01/01/2000,01:41:39.46,13.91,-74.30,-991.13,192.50,-647.50,-358.75,1,94.263,
01/01/2000,01:41:39.47,14.03,-74.18,-991.25,0.0,-656.25,-323.75,1,94.264,
01/01/2000,01:41:39.48,14.15,-74.18,-991.37,183.75,-691.25,-280.0,1,94.265,
01/01/2000,01:41:39.49,14.15,-74.18,-991.37,35.0,-630.0,-376.25,1,94.249,
01/01/2000,01:41:39.50,14.03,-74.18,-991.25,297.50,-691.25,-332.50,1,94.250,
01/01/2000,01:41:39.51,13.91,-74.18,-991.37,192.50,-700.0,-411.25,1,94.251,
01/01/2000,01:41:39.52,14.03,-74.18,-991.37,70.0,-700.0,-332.50,1,94.252,
01/01/2000,01:41:39.53,14.03,-74.18,-991.37,210.0,-665.0,-297.50,1,94.253,
01/01/2000,01:41:39.54,14.03,-74.30,-991.37,201.25,-708.75,-428.75,1,94.254,
01/01/2000,01:41:39.55,13.91,-74.42,-991.25,175.0,-761.25,-306.25,1,94.255,
01/01/2000,01:41:39.57,13.91,-74.42,-991.13,157.50,-726.25,-358.75,1,94.256,
01/01/2000,01:41:39.58,13.91,-74.42,-991.25,183.75,-708.75,-376.25,1,94.257,
01/01/2000,01:41:39.59,13.79,-74.30,-991.37,280.0,-691.25,-393.75,1,94.258,
01/01/2000,01:41:39.60,13.79,-74.18,-991.25,297.50,-665.0,-385.0,1,94.260,
01/01/2000,01:41:39.61,13.79,-74.18,-991.13,87.50,-656.25,-323.75,1,94.261,
01/01/2000,01:41:39.62,13.79,-74.18,-991.13,-17.50,-726.25,-367.50,1,94.262,
01/01/2000,01:41:39.63,13.91,-74.18,-991.13,245.0,-603.75,-420.0,1,94.263,
01/01/2000,01:41:39.64,13.66,-74.18,-991.37,236.25,-743.75,-393.75,1,94.264,
01/01/2000,01:41:39.65,13.66,-74.18,-991.37,227.50,-682.50,-385.0,1,94.265,
01/01/2000,01:41:39.66,13.66,-74.05,-990.88,61.25,-656.25,-358.75,1,94.266,
01/01/2000,01:41:39.67,13.79,-74.05,-990.88,122.50,-726.25,-315.0,1,94.267,
01/01/2000,01:41:39.68,14.03,-74.18,-990.88,201.25,-647.50,-306.25,1,94.268,
01/01/2000,01:41:39.69,14.03,-74.30,-990.88,35.0,-735.0,-297.50,1,94.269,
01/01/2000,01:41:39.70,13.91,-74.18,-990.88,140.0,-673.75,-288.75,1,94.253,
01/01/2000,01:41:39.71,13.79,-73.93,-990.88,-61.25,-612.50,-297.50,1,94.254,
01/01/2000,01:41:39.73,13.79,-73.69,-990.88,140.0,-717.50,-332.50,1,94.255,
01/01/2000,01:41:39.73,13.79,-73.69,-990.76,131.25,-682.50,-341.25,1,94.256,
01/01/2000,01:41:39.75,13.79,-73.93,-990.76,148.75,-603.75,-341.25,1,94.257,
01/01/2000,01:41:39.76,13.66,-74.18,-990.64,157.50,-656.25,-306.25,1,94.258,
01/01/2000,01:41:39.77,13.66,-74.05,-990.76,192.50,-665.0,-411.25,1,94.259,
01/01/2000,01:41:39.78,13.91,-73.93,-990.88,157.50,-682.50,-332.50,1,94.260,
01/01/2000,01:41:39.79,13.91,-73.81,-991.01,253.75,-735.0,-245.0,1,94.244,
01/01/2000,01:41:39.80,13.79,-74.05,-990.88,192.50,-682.50,-341.25,1,94.245,
01/01/2000,01:41:39.81,13.79,-74.18,-990.88,96.25,-761.25,-385.0,1,94.246,
01/01/2000,01:41:39.82,13.91,-74.18,-990.88,87.50,-603.75,-385.0,1,94.247,
01/01/2000,01:41:39.83,14.03,-73.93,-991.13,148.75,-612.50,-332.50,1,94.248,
01/01/2000,01:41:39.84,13.91,-73.93,-991.13,70.0,-621.25,-323.75,1,94.249,
01/01/2000,01:41:39.86,13.91,-74.05,-991.13,183.75,-778.75,-323.75,1,94.250,
01/01/2000,01:41:39.87,13.91,-74.18,-991.01,26.25,-682.50,-332.50,1,94.251,
01/01/2000,01:41:39.88,14.15,-74.18,-991.25,131.25,-726.25,-323.75,1,94.252,
01/01/2000,01:41:39.89,14.27,-74.18,-991.25,105.0,-656.25,-280.0,1,94.253,
01/01/2000,01:41:39.90,14.40,-74.18,-991.13,148.75,-717.50,-218.75,1,94.254,
01/01/2000,01:41:39.91,14.15,-74.05,-991.13,113.75,-665.0,-323.75,1,94.255,
01/01/2000,01:41:39.92,14.15,-73.93,-991.13,227.50,-726.25,-367.50,1,94.257,
01/01/2000,01:41:39.93,14.15,-73.93,-991.37,122.50,-735.0,-393.75,1,94.258,
01/01/2000,01:41:39.94,14.15,-73.69,-991.37,288.75,-612.50,-350.0,1,94.259,
01/01/2000,01:41:39.95,14.03,-73.93,-990.88,210.0,-595.0,-358.75,1,94.260,
01/01/2000,01:41:39.96,13.91,-74.05,-990.76,148.75,-743.75,-551.25,1,94.261,
01/01/2000,01:41:39.97,13.91,-74.18,-990.64,148.75,-726.25,-367.50,1,94.262,
01/01/2000,01:41:39.98,14.15,-74.05,-990.88,253.75,-673.75,-253.75,1,94.263,
01/01/2000,01:41:39.99,14.15,-73.93,-991.01,122.50,-560.0,-358.75,1,94.264,
01/01/2000,01:41:40.00,14.03,-73.93,-991.13,26.25,-726.25,-411.25,1,94.265,
01/01/2000,01:41:40.01,14.03,-74.18,-990.88,201.25,-682.50,-358.75,1,94.266,
01/01/2000,01:41:40.02,14.15,-74.18,-990.88,253.75,-700.0,-376.25,1,94.267,
01/01/2000,01:41:40.03,14.15,-74.18,-990.88,105.0,-752.50,-297.50,1,94.268,
01/01/2000,01:41:40.04,14.15,-74.30,-991.01,175.0,-735.0,-253.75,1,94.269,
01/01/2000,01:41:40.05,14.03,-74.30,-991.01,148.75,-647.50,-332.50,1,94.270,
01/01/2000,01:41:40.06,14.03,-74.18,-991.13,227.50,-700.0,-332.50,1,94.254,
01/01/2000,01:41:40.07,14.03,-74.18,-991.13,201.25,-708.75,-393.75,1,94.255,
01/01/2000,01:41:40.08,14.27,-74.30,-991.01,26.25,-665.0,-218.75,1,94.256,
01/01/2000,01:41:40.09,14.40,-74.42,-990.88,192.50,-568.75,-288.75,1,94.257,
01/01/2000,01:41:40.10,14.15,-74.42,-991.01,113.75,-778.75,-376.25,1,94.258,
01/01/2000,01:41:40.11,14.15,-74.18,-991.01,210.0,-700.0,-385.0,1,94.259,
01/01/2000,01:41:40.13,14.03,-74.05,-991.13,210.0,-691.25,-323.75,1,94.260,
01/01/2000,01:41:40.14,14.15,-74.05,-991.25,175.0,-761.25,-323.75,1,94.261,
01/01/2000,01:41:40.15,14.15,-74.18,-991.13,227.50,-726.25,-306.25,1,94.262,
01/01/2000,01:41:40.16,14.03,-74.18,-991.13,70.0,-656.25,-253.75,1,94.264,
01/01/2000,01:41:40.17,14.03,-74.18,-991.25,192.50,-778.75,-358.75,1,94.265,
01/01/2000,01:41:40.18,14.03,-74.18,-991.37,288.75,-770.0,-288.75,1,94.266,
01/01/2000,01:41:40.19,14.03,-74.18,-991.37,201.25,-647.50,-420.0,1,94.267,
01/01/2000,01:41:40.20,13.91,-74.18,-991.37,157.50,-700.0,-315.0,1,94.268,
01/01/2000,01:41:40.21,13.91,-74.30,-991.49,271.25,-682.50,-297.50,1,94.269,
01/01/2000,01:41:40.22,14.03,-74.30,-991.37,157.50,-621.25,-420.0,1,94.270,
01/01/2000,01:41:40.23,14.15,-74.42,-991.49,253.75,-682.50,-288.75,1,94.271,
01/01/2000,01:41:40.24,14.15,-74.42,-991.37,140.0,-726.25,-367.50,1,94.272,
01/01/2000,01:41:40.25,13.91,-74.18,-991.13,280.0,-735.0,-297.50,1,94.273,
01/01/2000,01:41:40.27,13.91,-74.18,-990.88,148.75,-630.0,-350.0,1,94.257,
01/01/2000,01:41:40.28,13.91,-74.18,-991.25,262.50,-761.25,-315.0,1,94.258,
01/01/2000,01:41:40.29,13.91,-74.42,-991.37,201.25,-691.25,-367.50,1,94.259,
01/01/2000,01:41:40.30,13.91,-74.30,-991.37,148.75,-778.75,-288.75,1,94.260,
01/01/2000,01:41:40.31,13.91,-74.18,-991.37,148.75,-761.25,-376.25,1,94.244,
01/01/2000,01:41:40.32,13.79,-74.30,-991.37,157.50,-743.75,-332.50,1,94.245,
01/01/2000,01:41:40.33,13.91,-74.18,-991.25,245.0,-647.50,-341.25,1,94.246,
01/01/2000,01:41:40.35,14.03,-74.30,-991.13,201.25,-647.50,-350.0,1,94.247,
01/01/2000,01:41:40.36,14.03,-74.42,-991.01,52.50,-603.75,-376.25,1,94.248,
01/01/2000,01:41:40.37,14.03,-74.54,-990.88,227.50,-857.50,-323.75,1,94.249,
01/01/2000,01:41:40.38,14.03,-74.42,-990.88,157.50,-761.25,-350.0,1,94.250,
01/01/2000,01:41:40.39,14.03,-74.30,-991.13,140.0,-691.25,-350.0,1,94.251,
01/01/2000,01:41:40.40,13.91,-74.18,-991.13,122.50,-700.0,-393.75,1,94.252,
01/01/2000,01:41:40.41,14.03,-74.30,-991.01,175.0,-700.0,-341.25,1,94.253,
01/01/2000,01:41:40.42,13.91,-74.30,-991.01,87.50,-717.50,-280.0,1,94.254,
01/01/2000,01:41:40.43,13.91,-74.30,-990.88,140.0,-761.25,-315.0,1,94.255,
01/01/2000,01:41:40.44,14.03,-74.18,-991.13,218.75,-717.50,-402.50,1,94.256,
01/01/2000,01:41:40.45,13.91,-74.05,-991.13,227.50,-665.0,-341.25,1,94.257,
01/01/2000,01:41:40.46,13.79,-74.05,-991.01,201.25,-647.50,-306.25,1,94.258,
01/01/2000,01:41:40.47,13.66,-74.18,-990.88,52.50,-673.75,-288.75,1,94.259,
01/01/2000,01:41:40.48,13.66,-74.30,-990.88,148.75,-743.75,-288.75,1,94.260,
01/01/2000,01:41:40.49,13.66,-74.42,-990.88,253.75,-726.25,-428.75,1,94.262,
01/01/2000,01:41:40.50,13.91,-74.18,-991.01,96.25,-778.75,-288.75,1,94.263,
01/01/2000,01:41:40.51,13.79,-74.18,-991.01,140.0,-735.0,-385.0,1,94.264,
01/01/2000,01:41:40.52,13.66,-73.93,-990.88,113.75,-796.25,-297.50,1,94.265,
01/01/2000,01:41:40.53,13.79,-73.93,-991.13,306.25,-726.25,-393.75,1,94.266,
01/01/2000,01:41:40.54,13.91,-73.93,-991.25,26.25,-647.50,-332.50,1,94.267,
01/01/2000,01:41:40.56,13.91,-74.18,-991.25,166.25,-603.75,-297.50,1,94.251,
01/01/2000,01:41:40.56,13.66,-74.30,-991.13,131.25,-735.0,-367.50,1,94.252,
01/01/2000,01:41:40.58,13.66,-74.30,-991.01,288.75,-673.75,-315.0,1,94.253,
01/01/2000,01:41:40.59,13.79,-74.30,-991.25,280.0,-726.25,-271.25,1,94.254,
01/01/2000,01:41:40.60,13.91,-74.30,-991.37,78.75,-603.75,-297.50,1,94.255,
01/01/2000,01:41:40.61,13.79,-74.30,-991.37,166.25,-691.25,-323.75,1,94.256,
01/01/2000,01:41:40.62,13.66,-74.42,-991.37,245.0,-638.75,-367.50,1,94.257,
01/01/2000,01:41:40.63,13.79,-74.42,-991.37,140.0,-647.50,-411.25,1,94.258,
01/01/2000,01:41:40.64,13.91,-74.42,-991.37,192.50,-691.25,-315.0,1,94.259,
01/01/2000,01:41:40.65,13.91,-74.30,-991.49,218.75,-682.50,-227.50,1,94.260,
01/01/2000,01:41:40.66,13.91,-74.18,-991.49,70.0,-752.50,-350.0,1,94.261,
01/01/2000,01:41:40.67,13.66,-74.30,-991.37,201.25,-778.75,-297.50,1,94.262,
01/01/2000,01:41:40.68,13.79,-74.18,-991.25,131.25,-665.0,-428.75,1,94.263,
01/01/2000,01:41:40.69,14.15,-74.18,-991.25,43.75,-770.0,-393.75,1,94.247,
01/01/2000,01:41:40.70,14.03,-74.18,-991.13,175.0,-700.0,-350.0,1,94.248,
01/01/2000,01:41:40.71,14.03,-74.42,-991.13,131.25,-726.25,-446.25,1,94.249,
01/01/2000,01:41:40.72,14.15,-74.18,-991.13,113.75,-682.50,-253.75,1,94.250,
01/01/2000,01:41:40.73,14.15,-74.18,-991.13,183.75,-612.50,-323.75,1,94.251,
01/01/2000,01:41:40.74,14.15,-74.18,-991.25,175.0,-691.25,-411.25,1,94.252,
01/01/2000,01:41:40.75,14.03,-74.18,-991.13,210.0,-603.75,-323.75,1,94.253,
01/01/2000,01:41:40.77,14.03,-74.30,-991.25,148.75,-682.50,-323.75,1,94.254,
01/01/2000,01:41:40.78,13.91,-74.30,-991.37,183.75,-673.75,-428.75,1,94.255,
01/01/2000,01:41:40.79,14.03,-74.18,-991.37,131.25,-726.25,-350.0,1,94.256,
01/01/2000,01:41:40.80,13.91,-74.18,-991.37,280.0,-708.75,-306.25,1,94.257,
01/01/2000,01:41:40.81,13.91,-74.18,-991.25,157.50,-682.50,-350.0,1,94.259,
01/01/2000,01:41:40.82,13.91,-74.05,-991.13,96.25,-630.0,-376.25,1,94.260,
01/01/2000,01:41:40.83,14.15,-73.93,-991.37,105.0,-743.75,-245.0,1,94.243,
01/01/2000,01:41:40.84,14.27,-73.93,-991.25,122.50,-682.50,-350.0,1,94.244,
01/01/2000,01:41:40.85,13.91,-74.18,-991.13,105.0,-778.75,-350.0,1,94.246,
01/01/2000,01:41:40.86,13.91,-74.18,-991.13,157.50,-717.50,-367.50,1,94.247,
01/01/2000,01:41:40.87,14.03,-74.30,-991.13,96.25,-743.75,-367.50,1,94.248,
01/01/2000,01:41:40.88,14.15,-74.18,-991.13,192.50,-647.50,-288.75,1,94.249,
01/01/2000,01:41:40.89,14.27,-74.42,-991.13,131.25,-743.75,-315.0,1,94.250,
01/01/2000,01:41:40.91,14.15,-74.42,-991.13,-8.75,-630.0,-411.25,1,94.251,
01/01/2000,01:41:40.92,14.03,-74.42,-991.13,148.75,-630.0,-350.0,1,94.252,
01/01/2000,01:41:40.93,13.91,-74.42,-991.01,245.0,-638.75,-367.50,1,94.253,
01/01/2000,01:41:40.94,13.91,-74.42,-991.25,78.75,-691.25,-358.75,1,94.254,
01/01/2000,01:41:40.95,14.03,-74.30,-991.13,113.75,-560.0,-341.25,1,94.255,
01/01/2000,01:41:40.96,13.79,-74.42,-991.01,175.0,-577.50,-315.0,1,94.256,
01/01/2000,01:41:40.97,13.91,-74.30,-991.13,201.25,-708.75,-402.50,1,94.257,
01/01/2000,01:41:40.98,13.91,-74.30,-991.13,218.75,-761.25,-463.75,1,94.258,
01/01/2000,01:41:40.99,13.91,-74.05,-991.37,105.0,-682.50,-332.50,1,94.259,
01/01/2000,01:41:41.00,13.91,-74.18,-991.37,87.50,-682.50,-367.50,1,94.260,
01/01/2000,01:41:41.01,13.91,-74.18,-991.25,105.0,-708.75,-201.25,1,94.261,
01/01/2000,01:41:41.02,13.91,-74.30,-991.25,280.0,-525.0,-306.25,1,94.262,
01/01/2000,01:41:41.03,13.91,-74.18,-991.37,245.0,-726.25,-490.0,1,94.263,
01/01/2000,01:41:41.04,14.03,-74.18,-991.37,148.75,-656.25,-367.50,1,94.264,
01/01/2000,01:41:41.05,14.15,-74.18,-991.37,113.75,-665.0,-332.50,1,94.265,
01/01/2000,01:41:41.06,13.91,-74.18,-991.13,175.0,-665.0,-437.50,1,94.266,
01/01/2000,01:41:41.07,14.03,-74.05,-991.37,140.0,-673.75,-358.75,1,94.250,
01/01/2000,01:41:41.08,14.15,-73.93,-991.62,122.50,-621.25,-350.0,1,94.269,
01/01/2000,01:41:41.09,14.27,-73.93,-991.62,210.0,-673.75,-227.50,1,94.252,
01/01/2000,01:41:41.10,14.15,-73.93,-991.49,262.50,-656.25,-420.0,1,94.254,
01/01/2000,01:41:41.12,13.91,-74.18,-991.13,70.0,-691.25,-437.50,1,94.255,
01/01/2000,01:41:41.13,14.03,-74.18,-991.13,78.75,-708.75,-411.25,1,94.256,
01/01/2000,01:41:41.14,14.15,-74.05,-991.37,201.25,-796.25,-437.50,1,94.257,
01/01/2000,01:41:41.15,14.15,-74.18,-991.37,140.0,-743.75,-218.75,1,94.258,
01/01/2000,01:41:41.16,14.03,-74.18,-991.13,175.0,-691.25,-332.50,1,94.259,
01/01/2000,01:41:41.17,13.91,-74.42,-991.13,183.75,-761.25,-306.25,1,94.260,
01/01/2000,01:41:41.18,14.03,-74.18,-991.13,157.50,-621.25,-306.25,1,94.261,
01/01/2000,01:41:41.19,14.15,-74.18,-991.25,131.25,-700.0,-288.75,1,94.262,
01/01/2000,01:41:41.20,14.03,-74.18,-991.37,175.0,-630.0,-288.75,1,94.263,
01/01/2000,01:41:41.21,14.03,-74.30,-991.13,122.50,-691.25,-315.0,1,94.264,
01/01/2000,01:41:41.22,13.91,-74.18,-991.01,175.0,-717.50,-376.25,1,94.265,
01/01/2000,01:41:41.23,13.91,-74.18,-991.13,157.50,-770.0,-236.25,1,94.266,
01/01/2000,01:41:41.24,14.15,-74.30,-991.37,113.75,-761.25,-341.25,1,94.267,
01/01/2000,01:41:41.25,14.15,-74.30,-991.13,78.75,-726.25,-315.0,1,94.251,
01/01/2000,01:41:41.26,14.15,-74.30,-991.13,245.0,-665.0,-393.75,1,94.252,
01/01/2000,01:41:41.27,14.03,-74.18,-991.13,70.0,-665.0,-280.0,1,94.253,
01/01/2000,01:41:41.28,14.15,-74.05,-991.37,175.0,-708.75,-376.25,1,94.254,
01/01/2000,01:41:41.29,14.40,-74.18,-991.13,105.0,-726.25,-271.25,1,94.255,
01/01/2000,01:41:41.30,14.15,-74.05,-991.13,113.75,-726.25,-280.0,1,94.256,
01/01/2000,01:41:41.31,14.27,-74.18,-991.13,78.75,-708.75,-376.25,1,94.257,
01/01/2000,01:41:41.33,14.27,-74.18,-991.25,78.75,-726.25,-376.25,1,94.241,
01/01/2000,01:41:41.34,14.27,-74.18,-991.49,148.75,-770.0,-402.50,1,94.242,
01/01/2000,01:41:41.35,14.27,-74.18,-991.37,61.25,-726.25,-411.25,1,94.243,
01/01/2000,01:41:41.36,14.03,-74.30,-991.37,253.75,-708.75,-350.0,1,94.244,
01/01/2000,01:41:41.37,14.03,-74.30,-991.37,236.25,-735.0,-323.75,1,94.245,
01/01/2000,01:41:41.38,14.15,-74.18,-991.25,210.0,-787.50,-402.50,1,94.246,
01/01/2000,01:41:41.39,14.27,-74.42,-991.37,297.50,-682.50,-253.75,1,94.247,
01/01/2000,01:41:41.41,13.91,-74.54,-991.37,157.50,-665.0,-385.0,1,94.249,
01/01/2000,01:41:41.42,13.79,-74.42,-991.25,183.75,-708.75,-446.25,1,94.250,
01/01/2000,01:41:41.43,13.79,-74.18,-991.37,183.75,-682.50,-358.75,1,94.251,
01/01/2000,01:41:41.44,13.91,-74.18,-991.37,175.0,-682.50,-236.25,1,94.252,
01/01/2000,01:41:41.45,13.91,-74.42,-991.13,218.75,-630.0,-262.50,1,94.253,
01/01/2000,01:41:41.46,13.91,-74.42,-990.88,140.0,-630.0,-376.25,1,94.254,
01/01/2000,01:41:41.47,13.91,-74.54,-991.01,280.0,-691.25,-385.0,1,94.255,
01/01/2000,01:41:41.48,13.91,-74.18,-991.13,131.25,-735.0,-358.75,1,94.256,
01/01/2000,01:41:41.49,13.91,-74.05,-991.13,113.75,-621.25,-358.75,1,94.257,
01/01/2000,01:41:41.50,13.91,-74.05,-991.13,113.75,-682.50,-271.25,1,94.258,
01/01/2000,01:41:41.51,13.66,-74.30,-991.01,245.0,-673.75,-393.75,1,94.259,
01/01/2000,01:41:41.52,13.79,-74.42,-991.13,157.50,-647.50,-367.50,1,94.260,
01/01/2000,01:41:41.53,13.91,-74.30,-991.25,183.75,-743.75,-463.75,1,94.261,
01/01/2000,01:41:41.54,14.15,-74.18,-991.25,262.50,-673.75,-297.50,1,94.262,
01/01/2000,01:41:41.55,13.91,-73.93,-991.13,236.25,-700.0,-393.75,1,94.263,
01/01/2000,01:41:41.56,13.79,-73.93,-990.88,218.75,-717.50,-245.0,1,94.264,
01/01/2000,01:41:41.57,13.91,-74.18,-991.01,210.0,-612.50,-341.25,1,94.265,
01/01/2000,01:41:41.58,14.27,-74.05,-991.37,43.75,-743.75,-385.0,1,94.266,
01/01/2000,01:41:41.59,14.27,-74.18,-991.37,218.75,-682.50,-332.50,1,94.267,
01/01/2000,01:41:41.60,14.15,-74.18,-990.88,236.25,-673.75,-376.25,1,94.268,
01/01/2000,01:41:41.61,13.79,-74.42,-990.88,201.25,-682.50,-455.0,1,94.252,
01/01/2000,01:41:41.62,13.91,-74.30,-991.13,157.50,-647.50,-271.25,1,94.253,
01/01/2000,01:41:41.63,14.03,-74.30,-991.25,87.50,-682.50,-315.0,1,94.254,
01/01/2000,01:41:41.64,14.03,-74.30,-991.13,157.50,-656.25,-201.25,1,94.255,
01/01/2000,01:41:41.65,13.91,-74.30,-990.88,175.0,-656.25,-367.50,1,94.256,
01/01/2000,01:41:41.66,13.91,-74.30,-990.88,87.50,-673.75,-341.25,1,94.257,
01/01/2000,01:41:41.68,14.15,-74.18,-991.13,78.75,-770.0,-323.75,1,94.258,
01/01/2000,01:41:41.69,14.03,-74.18,-991.37,122.50,-568.75,-385.0,1,94.259,
01/01/2000,01:41:41.70,13.91,-74.18,-991.13,192.50,-787.50,-332.50,1,94.261,
01/01/2000,01:41:41.71,13.91,-74.18,-990.88,166.25,-743.75,-446.25,1,94.262,
01/01/2000,01:41:41.72,13.91,-74.18,-990.88,280.0,-726.25,-253.75,1,94.263,
01/01/2000,01:41:41.73,13.91,-74.18,-990.88,131.25,-761.25,-393.75,1,94.264,
01/01/2000,01:41:41.74,14.15,-74.05,-991.01,8.75,-673.75,-402.50,1,94.265,
01/01/2000,01:41:41.75,13.91,-74.05,-991.01,78.75,-682.50,-385.0,1,94.266,
01/01/2000,01:41:41.76,13.91,-73.93,-991.01,192.50,-778.75,-350.0,1,94.250,
01/01/2000,01:41:41.77,13.91,-73.93,-991.01,157.50,-656.25,-350.0,1,94.268,
01/01/2000,01:41:41.78,13.91,-73.81,-991.13,-8.75,-726.25,-385.0,1,94.252,
01/01/2000,01:41:41.79,13.79,-73.69,-991.25,192.50,-603.75,-315.0,1,94.253,
01/01/2000,01:41:41.80,13.66,-73.81,-991.13,192.50,-743.75,-315.0,1,94.254,
01/01/2000,01:41:41.81,13.66,-73.81,-991.13,192.50,-647.50,-411.25,1,94.255,
01/01/2000,01:41:41.83,13.66,-73.69,-991.13,166.25,-717.50,-385.0,1,94.256,
01/01/2000,01:41:41.84,13.91,-73.81,-991.13,-87.50,-647.50,-288.75,1,94.257,
01/01/2000,01:41:41.85,13.66,-73.93,-991.13,87.50,-630.0,-437.50,1,94.258,
01/01/2000,01:41:41.86,13.66,-74.18,-991.01,210.0,-656.25,-323.75,1,94.259,
01/01/2000,01:41:41.87,13.66,-74.18,-991.01,183.75,-647.50,-306.25,1,94.260,
01/01/2000,01:41:41.88,13.91,-74.18,-991.01,183.75,-743.75,-341.25,1,94.261,
01/01/2000,01:41:41.89,13.91,-74.05,-991.13,52.50,-700.0,-411.25,1,94.245,
01/01/2000,01:41:41.90,13.91,-74.05,-991.13,166.25,-665.0,-288.75,1,94.246,
01/01/2000,01:41:41.91,13.79,-74.05,-990.88,157.50,-770.0,-341.25,1,94.247,
01/01/2000,01:41:41.92,13.91,-74.18,-990.88,192.50,-717.50,-402.50,1,94.248,
01/01/2000,01:41:41.93,13.91,-74.05,-991.13,245.0,-682.50,-376.25,1,94.249,
01/01/2000,01:41:41.94,13.91,-73.93,-991.01,175.0,-778.75,-271.25,1,94.250,
01/01/2000,01:41:41.95,13.79,-74.05,-991.01,183.75,-717.50,-358.75,1,94.251,
01/01/2000,01:41:41.97,13.79,-74.18,-990.88,271.25,-691.25,-306.25,1,94.252,
01/01/2000,01:41:41.98,13.66,-74.05,-990.88,166.25,-647.50,-315.0,1,94.253,
01/01/2000,01:41:41.99,13.79,-74.05,-990.88,192.50,-665.0,-332.50,1,94.255,
01/01/2000,01:41:42.00,13.54,-73.93,-991.01,253.75,-787.50,-288.75,1,94.256,
01/01/2000,01:41:42.01,13.42,-74.18,-990.88,157.50,-805.0,-341.25,1,94.257,
01/01/2000,01:41:42.02,13.42,-73.93,-990.88,105.0,-630.0,-385.0,1,94.258,
01/01/2000,01:41:42.03,13.42,-73.93,-990.88,113.75,-586.25,-411.25,1,94.259,
01/01/2000,01:41:42.04,13.66,-73.93,-990.88,175.0,-752.50,-332.50,1,94.260,
01/01/2000,01:41:42.05,13.66,-74.18,-990.76,105.0,-682.50,-350.0,1,94.261,
01/01/2000,01:41:42.06,13.54,-74.42,-990.88,236.25,-691.25,-385.0,1,94.262,
01/01/2000,01:41:42.07,13.66,-74.42,-991.13,70.0,-787.50,-402.50,1,94.263,
01/01/2000,01:41:42.08,13.66,-74.18,-991.13,253.75,-682.50,-297.50,1,94.264,
01/01/2000,01:41:42.09,13.66,-74.05,-991.13,201.25,-665.0,-280.0,1,94.265,
01/01/2000,01:41:42.10,13.79,-74.05,-990.88,61.25,-656.25,-280.0,1,94.249,
01/01/2000,01:41:42.11,13.79,-74.30,-990.88,236.25,-726.25,-393.75,1,94.250,
01/01/2000,01:41:42.12,13.91,-74.18,-991.01,245.0,-735.0,-323.75,1,94.251,
01/01/2000,01:41:42.13,14.15,-74.30,-991.37,175.0,-630.0,-306.25,1,94.252,
01/01/2000,01:41:42.14,14.15,-74.18,-991.25,218.75,-682.50,-385.0,1,94.253,
01/01/2000,01:41:42.15,13.91,-74.18,-991.13,227.50,-700.0,-367.50,1,94.254,
01/01/2000,01:41:42.16,13.91,-74.18,-991.01,-17.50,-743.75,-463.75,1,94.255,
01/01/2000,01:41:42.18,14.15,-74.30,-991.01,271.25,-691.25,-271.25,1,94.256,
01/01/2000,01:41:42.19,14.03,-74.18,-991.13,96.25,-743.75,-306.25,1,94.257,
01/01/2000,01:41:42.20,13.91,-74.18,-991.13,218.75,-630.0,-376.25,1,94.258,
01/01/2000,01:41:42.21,14.03,-74.18,-991.13,35.0,-726.25,-280.0,1,94.259,
01/01/2000,01:41:42.22,13.91,-74.05,-991.13,157.50,-673.75,-358.75,1,94.260,
01/01/2000,01:41:42.23,14.03,-74.05,-991.13,183.75,-656.25,-315.0,1,94.261,
01/01/2000,01:41:42.24,14.03,-74.18,-991.13,157.50,-708.75,-323.75,1,94.262,
01/01/2000,01:41:42.25,14.15,-74.30,-991.13,140.0,-708.75,-376.25,1,94.263,
01/01/2000,01:41:42.26,14.03,-74.42,-990.88,8.75,-761.25,-393.75,1,94.248,
01/01/2000,01:41:42.27,14.03,-74.42,-990.88,262.50,-621.25,-367.50,1,94.265,
01/01/2000,01:41:42.28,14.03,-74.30,-990.88,61.25,-638.75,-297.50,1,94.250,
01/01/2000,01:41:42.29,14.15,-74.05,-991.13,245.0,-787.50,-358.75,1,94.251,
01/01/2000,01:41:42.30,14.15,-74.18,-990.88,201.25,-796.25,-262.50,1,94.252,
01/01/2000,01:41:42.32,14.03,-74.30,-990.64,210.0,-691.25,-376.25,1,94.253,
01/01/2000,01:41:42.33,13.91,-74.30,-990.64,122.50,-717.50,-446.25,1,94.254,
01/01/2000,01:41:42.34,13.91,-74.18,-990.76,175.0,-743.75,-350.0,1,94.255,
01/01/2000,01:41:42.35,14.15,-74.05,-991.13,140.0,-665.0,-315.0,1,94.256,
01/01/2000,01:41:42.36,14.03,-74.05,-990.88,105.0,-700.0,-323.75,1,94.257,
01/01/2000,01:41:42.37,13.91,-74.30,-990.88,131.25,-595.0,-385.0,1,94.258,
01/01/2000,01:41:42.38,13.91,-74.42,-990.76,271.25,-726.25,-341.25,1,94.259,
01/01/2000,01:41:42.39,14.15,-74.18,-991.01,175.0,-665.0,-315.0,1,94.243,
01/01/2000,01:41:42.40,14.15,-74.05,-991.13,96.25,-595.0,-236.25,1,94.244,
01/01/2000,01:41:42.41,13.91,-74.05,-990.88,122.50,-612.50,-472.50,1,94.245,
01/01/2000,01:41:42.42,13.91,-74.05,-990.76,96.25,-743.75,-367.50,1,94.246,
01/01/2000,01:41:42.43,14.03,-74.30,-990.76,122.50,-726.25,-341.25,1,94.247,
01/01/2000,01:41:42.44,14.15,-74.18,-990.88,218.75,-630.0,-210.0,1,94.248,
01/01/2000,01:41:42.45,14.15,-74.18,-990.88,61.25,-665.0,-385.0,1,94.249,
01/01/2000,01:41:42.46,14.03,-74.05,-990.64,236.25,-665.0,-236.25,1,94.250,
01/01/2000,01:41:42.47,13.91,-73.93,-990.76,157.50,-647.50,-463.75,1,94.251,
01/01/2000,01:41:42.48,13.91,-73.93,-990.88,192.50,-656.25,-297.50,1,94.252,
01/01/2000,01:41:42.49,14.03,-74.05,-990.88,201.25,-691.25,-271.25,1,94.253,
01/01/2000,01:41:42.50,13.91,-74.18,-990.88,61.25,-875.0,-481.25,1,94.254,
01/01/2000,01:41:42.52,13.91,-74.18,-990.76,227.50,-665.0,-393.75,1,94.255,
01/01/2000,01:41:42.53,13.91,-74.05,-990.76,192.50,-883.75,-420.0,1,94.256,
01/01/2000,01:41:42.54,14.03,-74.05,-990.88,227.50,-673.75,-393.75,1,94.257,
01/01/2000,01:41:42.55,14.15,-73.93,-991.01,78.75,-612.50,-306.25,1,94.258,
01/01/2000,01:41:42.56,14.03,-74.05,-991.01,140.0,-647.50,-332.50,1,94.259,
01/01/2000,01:41:42.57,13.91,-74.18,-990.88,131.25,-595.0,-315.0,1,94.260,
01/01/2000,01:41:42.58,14.03,-74.18,-990.88,341.25,-673.75,-367.50,1,94.261,
01/01/2000,01:41:42.59,14.15,-74.05,-990.88,78.75,-638.75,-341.25,1,94.262,
01/01/2000,01:41:42.60,14.03,-73.93,-990.76,61.25,-630.0,-332.50,1,94.263,
01/01/2000,01:41:42.61,13.91,-74.18,-990.64,131.25,-787.50,-376.25,1,94.264,
01/01/2000,01:41:42.62,13.91,-74.18,-990.76,306.25,-647.50,-402.50,1,94.265,
01/01/2000,01:41:42.63,14.03,-74.05,-990.88,122.50,-726.25,-350.0,1,94.267,
01/01/2000,01:41:42.64,14.27,-74.18,-990.88,192.50,-735.0,-358.75,1,94.268,
01/01/2000,01:41:42.65,14.15,-74.05,-990.88,245.0,-656.25,-498.75,1,94.269,
01/01/2000,01:41:42.66,14.15,-74.30,-990.76,140.0,-665.0,-271.25,1,94.253,
01/01/2000,01:41:42.67,14.15,-74.18,-990.64,157.50,-700.0,-420.0,1,94.254,
01/01/2000,01:41:42.68,13.91,-74.42,-990.76,218.75,-673.75,-245.0,1,94.255,
01/01/2000,01:41:42.69,14.15,-74.18,-990.88,201.25,-735.0,-315.0,1,94.256,
01/01/2000,01:41:42.70,14.15,-74.18,-991.01,210.0,-761.25,-411.25,1,94.257,
01/01/2000,01:41:42.71,14.15,-74.42,-990.88,113.75,-796.25,-297.50,1,94.258,
01/01/2000,01:41:42.73,13.91,-74.42,-990.76,157.50,-805.0,-385.0,1,94.259,
01/01/2000,01:41:42.74,13.91,-74.30,-990.76,183.75,-735.0,-376.25,1,94.260,
01/01/2000,01:41:42.75,14.15,-74.30,-990.88,175.0,-752.50,-402.50,1,94.261,
01/01/2000,01:41:42.76,14.27,-74.18,-990.88,280.0,-603.75,-350.0,1,94.262,
01/01/2000,01:41:42.77,14.15,-74.30,-990.88,183.75,-700.0,-253.75,1,94.263,
01/01/2000,01:41:42.78,14.03,-74.42,-990.88,166.25,-595.0,-507.50,1,94.264,
01/01/2000,01:41:42.79,14.03,-74.18,-991.01,288.75,-603.75,-288.75,1,94.265,
01/01/2000,01:41:42.80,14.15,-73.93,-991.01,183.75,-761.25,-367.50,1,94.266,
01/01/2000,01:41:42.81,14.27,-74.18,-991.01,140.0,-577.50,-332.50,1,94.250,
01/01/2000,01:41:42.82,13.91,-74.30,-991.01,166.25,-656.25,-428.75,1,94.251,
01/01/2000,01:41:42.83,13.91,-74.30,-991.01,140.0,-717.50,-551.25,1,94.252,
01/01/2000,01:41:42.84,14.15,-74.18,-991.13,35.0,-577.50,-323.75,1,94.253,
01/01/2000,01:41:42.85,14.03,-74.05,-991.13,227.50,-735.0,-341.25,1,94.254,
01/01/2000,01:41:42.87,13.91,-74.18,-991.01,192.50,-682.50,-393.75,1,94.256,
01/01/2000,01:41:42.88,13.79,-74.42,-990.88,280.0,-621.25,-350.0,1,94.257,
01/01/2000,01:41:42.89,14.03,-74.42,-990.88,315.0,-761.25,-350.0,1,94.258,
01/01/2000,01:41:42.90,14.15,-74.30,-990.88,271.25,-796.25,-350.0,1,94.259,
01/01/2000,01:41:42.91,14.03,-74.18,-990.88,280.0,-761.25,-315.0,1,94.260,
01/01/2000,01:41:42.92,14.03,-74.18,-990.88,113.75,-787.50,-315.0,1,94.261,
01/01/2000,01:41:42.93,14.03,-74.30,-990.88,140.0,-621.25,-332.50,1,94.262,
01/01/2000,01:41:42.94,13.91,-74.30,-990.76,236.25,-708.75,-358.75,1,94.263,
01/01/2000,01:41:42.95,13.91,-74.30,-990.64,262.50,-647.50,-332.50,1,94.247,
01/01/2000,01:41:42.96,13.91,-74.18,-990.64,166.25,-726.25,-253.75,1,94.265,
01/01/2000,01:41:42.97,13.91,-74.18,-990.76,122.50,-630.0,-288.75,1,94.249,
01/01/2000,01:41:42.98,13.91,-74.30,-990.88,148.75,-717.50,-350.0,1,94.250,
01/01/2000,01:41:42.99,13.91,-74.30,-990.76,96.25,-717.50,-411.25,1,94.251,
01/01/2000,01:41:43.00,13.91,-74.30,-990.76,358.75,-612.50,-332.50,1,94.252,
01/01/2000,01:41:43.01,13.91,-74.18,-990.64,43.75,-691.25,-306.25,1,94.253,
01/01/2000,01:41:43.03,13.91,-74.18,-990.64,218.75,-700.0,-332.50,1,94.254,
01/01/2000,01:41:43.04,13.79,-74.30,-990.64,122.50,-647.50,-367.50,1,94.255,
01/01/2000,01:41:43.05,13.79,-74.30,-990.76,87.50,-735.0,-315.0,1,94.256,
01/01/2000,01:41:43.06,13.79,-74.42,-990.88,87.50,-726.25,-323.75,1,94.257,
01/01/2000,01:41:43.07,13.79,-74.42,-990.88,245.0,-647.50,-332.50,1,94.258,
01/01/2000,01:41:43.08,14.03,-74.42,-990.52,105.0,-796.25,-315.0,1,94.259,
01/01/2000,01:41:43.09,13.91,-74.30,-990.52,87.50,-708.75,-420.0,1,94.260,
01/01/2000,01:41:43.10,13.91,-74.42,-990.52,192.50,-770.0,-341.25,1,94.261,
01/01/2000,01:41:43.11,13.91,-74.42,-990.64,218.75,-682.50,-297.50,1,94.262,
01/01/2000,01:41:43.12,13.79,-74.42,-990.64,78.75,-735.0,-288.75,1,94.263,
01/01/2000,01:41:43.13,13.66,-74.54,-990.76,192.50,-577.50,-437.50,1,94.264,
01/01/2000,01:41:43.14,13.66,-74.42,-990.76,192.50,-735.0,-358.75,1,94.265,
01/01/2000,01:41:43.15,13.66,-74.30,-990.88,175.0,-735.0,-350.0,1,94.266,
01/01/2000,01:41:43.16,13.79,-74.18,-991.13,131.25,-743.75,-227.50,1,94.251,
01/01/2000,01:41:43.17,13.79,-74.18,-991.01,96.25,-630.0,-271.25,1,94.252,
01/01/2000,01:41:43.18,13.79,-74.18,-990.88,262.50,-691.25,-367.50,1,94.253,
01/01/2000,01:41:43.19,13.79,-74.05,-990.64,52.50,-673.75,-393.75,1,94.254,
01/01/2000,01:41:43.20,13.91,-74.30,-990.52,192.50,-621.25,-341.25,1,94.255,
01/01/2000,01:41:43.21,13.91,-74.18,-990.64,227.50,-813.75,-306.25,1,94.256,
01/01/2000,01:41:43.22,13.91,-74.30,-990.88,78.75,-726.25,-315.0,1,94.257,
01/01/2000,01:41:43.24,13.91,-74.18,-990.76,131.25,-673.75,-323.75,1,94.258,
01/01/2000,01:41:43.25,13.79,-74.18,-990.76,358.75,-682.50,-288.75,1,94.259,
01/01/2000,01:41:43.26,13.91,-74.05,-990.76,78.75,-682.50,-332.50,1,94.260,
01/01/2000,01:41:43.27,13.79,-74.18,-990.88,227.50,-805.0,-367.50,1,94.261,
01/01/2000,01:41:43.28,13.79,-74.30,-990.88,140.0,-726.25,-332.50,1,94.262,
01/01/2000,01:41:43.29,13.91,-74.30,-990.76,367.50,-665.0,-332.50,1,94.263,
01/01/2000,01:41:43.30,13.91,-74.30,-990.52,175.0,-638.75,-297.50,1,94.247,
01/01/2000,01:41:43.31,13.66,-74.54,-990.64,148.75,-568.75,-323.75,1,94.265,
01/01/2000,01:41:43.32,13.91,-74.18,-990.76,183.75,-560.0,-516.25,1,94.249,
01/01/2000,01:41:43.33,14.15,-74.18,-990.64,166.25,-638.75,-350.0,1,94.250,
01/01/2000,01:41:43.34,14.15,-73.93,-990.64,78.75,-735.0,-428.75,1,94.251,
01/01/2000,01:41:43.35,13.91,-74.05,-990.64,271.25,-717.50,-367.50,1,94.252,
01/01/2000,01:41:43.36,13.91,-74.18,-990.64,192.50,-682.50,-385.0,1,94.253,
01/01/2000,01:41:43.38,13.79,-74.05,-990.88,87.50,-691.25,-306.25,1,94.254,
01/01/2000,01:41:43.39,13.79,-74.18,-991.01,157.50,-621.25,-367.50,1,94.239,
01/01/2000,01:41:43.40,13.66,-74.18,-990.88,122.50,-656.25,-288.75,1,94.256,
01/01/2000,01:41:43.41,13.66,-74.18,-990.76,280.0,-630.0,-350.0,1,94.241,
01/01/2000,01:41:43.42,13.79,-74.30,-990.88,157.50,-630.0,-315.0,1,94.242,
01/01/2000,01:41:43.43,13.66,-74.42,-991.13,52.50,-761.25,-245.0,1,94.243,
01/01/2000,01:41:43.44,13.79,-74.18,-991.01,113.75,-673.75,-358.75,1,94.244,
01/01/2000,01:41:43.45,13.91,-74.42,-990.76,236.25,-717.50,-297.50,1,94.245,
01/01/2000,01:41:43.46,13.91,-74.42,-990.76,175.0,-726.25,-271.25,1,94.246,
01/01/2000,01:41:43.47,13.91,-74.42,-990.88,367.50,-761.25,-341.25,1,94.247,
01/01/2000,01:41:43.48,14.03,-74.18,-991.01,140.0,-761.25,-402.50,1,94.248,
01/01/2000,01:41:43.49,14.15,-74.18,-990.88,271.25,-787.50,-402.50,1,94.249,
01/01/2000,01:41:43.50,14.03,-74.18,-990.88,105.0,-700.0,-201.25,1,94.250,
01/01/2000,01:41:43.52,13.91,-74.18,-990.76,253.75,-603.75,-376.25,1,94.251,
01/01/2000,01:41:43.53,14.03,-74.18,-990.88,218.75,-735.0,-315.0,1,94.252,
01/01/2000,01:41:43.54,14.03,-74.18,-991.01,140.0,-673.75,-323.75,1,94.253,
01/01/2000,01:41:43.55,13.91,-74.30,-991.13,201.25,-901.25,-315.0,1,94.254,
01/01/2000,01:41:43.56,13.91,-74.18,-991.01,175.0,-787.50,-306.25,1,94.255,
01/01/2000,01:41:43.57,13.91,-74.18,-990.88,175.0,-743.75,-455.0,1,94.256,
01/01/2000,01:41:43.58,14.03,-74.18,-991.01,78.75,-708.75,-288.75,1,94.257,
01/01/2000,01:41:43.59,13.91,-74.18,-991.13,166.25,-638.75,-367.50,1,94.258,
01/01/2000,01:41:43.60,13.91,-74.30,-991.13,175.0,-586.25,-350.0,1,94.259,
01/01/2000,01:41:43.61,13.79,-74.30,-991.13,87.50,-551.25,-323.75,1,94.260,
01/01/2000,01:41:43.62,13.79,-74.18,-991.13,122.50,-708.75,-385.0,1,94.261,
01/01/2000,01:41:43.63,13.91,-74.18,-991.01,140.0,-691.25,-385.0,1,94.262,
01/01/2000,01:41:43.64,13.91,-74.18,-991.13,122.50,-700.0,-262.50,1,94.263,
01/01/2000,01:41:43.65,14.15,-74.30,-991.13,210.0,-700.0,-376.25,1,94.264,
01/01/2000,01:41:43.66,14.03,-74.42,-991.13,105.0,-708.75,-402.50,1,94.265,
01/01/2000,01:41:43.67,14.03,-74.54,-991.01,218.75,-612.50,-402.50,1,94.266,
01/01/2000,01:41:43.68,14.15,-74.30,-990.88,131.25,-577.50,-367.50,1,94.267,
01/01/2000,01:41:43.69,14.15,-74.18,-991.01,183.75,-787.50,-376.25,1,94.268,
01/01/2000,01:41:43.70,13.91,-74.18,-991.01,192.50,-682.50,-367.50,1,94.269,
01/01/2000,01:41:43.71,13.79,-74.42,-990.76,183.75,-778.75,-341.25,1,94.270,
01/01/2000,01:41:43.73,13.91,-74.30,-990.88,262.50,-621.25,-420.0,1,94.254,
01/01/2000,01:41:43.74,14.03,-74.18,-991.13,271.25,-673.75,-297.50,1,94.255,
01/01/2000,01:41:43.75,14.03,-74.18,-991.13,140.0,-656.25,-367.50,1,94.256,
01/01/2000,01:41:43.76,13.79,-74.18,-991.01,35.0,-700.0,-385.0,1,94.257,
01/01/2000,01:41:43.77,13.66,-74.18,-990.88,210.0,-726.25,-358.75,1,94.258,
01/01/2000,01:41:43.78,13.79,-74.18,-991.13,148.75,-603.75,-411.25,1,94.259,
01/01/2000,01:41:43.79,13.91,-74.18,-991.13,113.75,-630.0,-306.25,1,94.260,
01/01/2000,01:41:43.80,13.79,-74.30,-991.01,227.50,-770.0,-367.50,1,94.261,
01/01/2000,01:41:43.81,13.66,-74.42,-990.88,122.50,-822.50,-288.75,1,94.262,
01/01/2000,01:41:43.82,13.66,-74.42,-990.88,105.0,-603.75,-402.50,1,94.263,
01/01/2000,01:41:43.83,13.91,-74.18,-991.25,201.25,-743.75,-323.75,1,94.264,
01/01/2000,01:41:43.84,14.03,-74.18,-991.37,218.75,-691.25,-402.50,1,94.265,
01/01/2000,01:41:43.85,14.15,-74.18,-991.25,210.0,-665.0,-306.25,1,94.266,
01/01/2000,01:41:43.86,13.91,-74.42,-991.13,192.50,-700.0,-341.25,1,94.251,
01/01/2000,01:41:43.87,13.91,-74.42,-991.13,192.50,-717.50,-385.0,1,94.252,
01/01/2000,01:41:43.88,14.03,-74.42,-991.37,131.25,-717.50,-341.25,1,94.253,
01/01/2000,01:41:43.90,14.15,-74.18,-991.37,183.75,-682.50,-236.25,1,94.254,
01/01/2000,01:41:43.91,13.91,-74.30,-991.25,148.75,-761.25,-288.75,1,94.255,
01/01/2000,01:41:43.92,14.03,-74.42,-991.13,227.50,-708.75,-350.0,1,94.256,
01/01/2000,01:41:43.93,14.15,-74.30,-991.25,8.75,-647.50,-271.25,1,94.257,
01/01/2000,01:41:43.94,14.15,-74.42,-991.13,210.0,-700.0,-350.0,1,94.258,
01/01/2000,01:41:43.95,14.03,-74.42,-991.13,140.0,-726.25,-341.25,1,94.259,
01/01/2000,01:41:43.96,13.91,-74.42,-991.13,140.0,-691.25,-341.25,1,94.260,
01/01/2000,01:41:43.97,13.91,-74.42,-991.13,288.75,-621.25,-385.0,1,94.261,
01/01/2000,01:41:43.98,13.91,-74.54,-991.13,253.75,-612.50,-463.75,1,94.262,
01/01/2000,01:41:43.99,14.03,-74.42,-991.13,175.0,-577.50,-262.50,1,94.263,
01/01/2000,01:41:44.00,14.03,-74.54,-991.01,183.75,-647.50,-393.75,1,94.264,
01/01/2000,01:41:44.01,13.91,-74.42,-991.25,78.75,-700.0,-402.50,1,94.249,
01/01/2000,01:41:44.02,13.91,-74.42,-991.25,210.0,-682.50,-367.50,1,94.250,
01/01/2000,01:41:44.03,14.03,-74.18,-991.25,148.75,-647.50,-280.0,1,94.251,
01/01/2000,01:41:44.04,13.91,-74.54,-991.25,148.75,-761.25,-376.25,1,94.252,
01/01/2000,01:41:44.05,13.91,-74.54,-991.13,43.75,-656.25,-358.75,1,94.253,
01/01/2000,01:41:44.06,13.91,-74.66,-991.13,236.25,-691.25,-323.75,1,94.254,
01/01/2000,01:41:44.08,13.91,-74.42,-991.13,166.25,-682.50,-280.0,1,94.255,
01/01/2000,01:41:44.09,14.03,-74.42,-991.01,78.75,-743.75,-367.50,1,94.256,
01/01/2000,01:41:44.10,14.03,-74.42,-990.88,87.50,-761.25,-437.50,1,94.257,
01/01/2000,01:41:44.11,13.91,-74.54,-991.01,218.75,-708.75,-306.25,1,94.258,
01/01/2000,01:41:44.12,13.91,-74.54,-990.88,166.25,-630.0,-393.75,1,94.259,
01/01/2000,01:41:44.13,13.91,-74.54,-991.13,96.25,-770.0,-332.50,1,94.260,
01/01/2000,01:41:44.14,13.79,-74.42,-991.13,78.75,-752.50,-376.25,1,94.261,
01/01/2000,01:41:44.15,13.79,-74.42,-991.13,183.75,-665.0,-376.25,1,94.262,
01/01/2000,01:41:44.16,13.79,-74.42,-991.13,218.75,-726.25,-393.75,1,94.263,
01/01/2000,01:41:44.17,13.91,-74.42,-991.13,236.25,-577.50,-323.75,1,94.264,
01/01/2000,01:41:44.18,13.91,-74.42,-991.25,227.50,-770.0,-367.50,1,94.265,
01/01/2000,01:41:44.19,13.91,-74.66,-991.37,201.25,-656.25,-393.75,1,94.266,
01/01/2000,01:41:44.20,13.91,-74.42,-991.25,280.0,-621.25,-332.50,1,94.267,
01/01/2000,01:41:44.21,13.91,-74.42,-991.25,131.25,-638.75,-411.25,1,94.268,
01/01/2000,01:41:44.22,13.91,-74.42,-991.37,175.0,-778.75,-358.75,1,94.252,
01/01/2000,01:41:44.23,13.91,-74.42,-991.37,175.0,-612.50,-262.50,1,94.253,
01/01/2000,01:41:44.25,13.91,-74.54,-991.25,52.50,-577.50,-271.25,1,94.254,
01/01/2000,01:41:44.25,13.91,-74.54,-991.25,87.50,-717.50,-428.75,1,94.255,
01/01/2000,01:41:44.27,14.03,-74.66,-991.37,236.25,-752.50,-297.50,1,94.256,
01/01/2000,01:41:44.28,14.03,-74.42,-991.49,175.0,-595.0,-341.25,1,94.257,
01/01/2000,01:41:44.29,13.91,-74.30,-991.62,253.75,-647.50,-306.25,1,94.258,
01/01/2000,01:41:44.30,13.79,-74.42,-991.49,61.25,-612.50,-271.25,1,94.259,
01/01/2000,01:41:44.31,13.66,-74.54,-991.49,96.25,-665.0,-393.75,1,94.260,
01/01/2000,01:41:44.32,13.91,-74.66,-991.49,210.0,-586.25,-446.25,1,94.261,
01/01/2000,01:41:44.33,13.91,-74.54,-991.62,245.0,-761.25,-393.75,1,94.262,
01/01/2000,01:41:44.34,13.91,-74.54,-991.49,87.50,-647.50,-306.25,1,94.263,
01/01/2000,01:41:44.35,13.91,-74.66,-991.62,210.0,-700.0,-411.25,1,94.264,
01/01/2000,01:41:44.36,13.91,-74.42,-991.86,262.50,-673.75,-332.50,1,94.249,
01/01/2000,01:41:44.37,13.91,-74.42,-991.86,245.0,-656.25,-411.25,1,94.250,
01/01/2000,01:41:44.38,13.91,-74.42,-991.86,218.75,-673.75,-332.50,1,94.251,
01/01/2000,01:41:44.39,13.79,-74.54,-991.98,96.25,-761.25,-367.50,1,94.252,
01/01/2000,01:41:44.41,13.91,-74.54,-991.98,192.50,-656.25,-420.0,1,94.253,
01/01/2000,01:41:44.42,13.91,-74.42,-991.86,-17.50,-717.50,-323.75,1,94.254,
01/01/2000,01:41:44.43,13.91,-74.30,-991.86,332.50,-691.25,-280.0,1,94.255,
01/01/2000,01:41:44.44,13.91,-74.30,-991.86,131.25,-743.75,-288.75,1,94.256,
01/01/2000,01:41:44.45,13.91,-74.42,-991.74,122.50,-665.0,-306.25,1,94.257,
01/01/2000,01:41:44.46,13.91,-74.66,-991.86,105.0,-665.0,-245.0,1,94.258,
01/01/2000,01:41:44.47,13.91,-74.79,-991.86,245.0,-682.50,-385.0,1,94.259,
01/01/2000,01:41:44.48,13.91,-74.54,-991.86,192.50,-682.50,-367.50,1,94.260,
01/01/2000,01:41:44.49,14.03,-74.66,-991.62,122.50,-682.50,-280.0,1,94.261,
01/01/2000,01:41:44.50,13.79,-74.42,-991.62,166.25,-761.25,-315.0,1,94.262,
01/01/2000,01:41:44.51,13.79,-74.54,-991.62,175.0,-700.0,-393.75,1,94.263,
01/01/2000,01:41:44.52,13.79,-74.66,-991.86,8.75,-726.25,-385.0,1,94.264,
01/01/2000,01:41:44.53,13.91,-74.66,-991.62,105.0,-665.0,-402.50,1,94.249,
01/01/2000,01:41:44.54,14.03,-74.42,-991.37,166.25,-673.75,-227.50,1,94.266,
01/01/2000,01:41:44.55,13.91,-74.42,-991.37,341.25,-577.50,-306.25,1,94.251,
01/01/2000,01:41:44.56,13.79,-74.42,-991.37,175.0,-743.75,-288.75,1,94.251,
01/01/2000,01:41:44.58,13.91,-74.30,-991.62,183.75,-752.50,-236.25,1,94.236,
01/01/2000,01:41:44.59,13.91,-74.42,-991.62,96.25,-778.75,-280.0,1,94.237,
01/01/2000,01:41:44.60,13.91,-74.42,-991.37,218.75,-822.50,-393.75,1,94.238,
01/01/2000,01:41:44.61,13.66,-74.42,-991.25,236.25,-638.75,-402.50,1,94.239,
01/01/2000,01:41:44.62,13.91,-74.42,-991.62,105.0,-673.75,-341.25,1,94.240,
01/01/2000,01:41:44.63,14.03,-74.42,-991.74,183.75,-735.0,-332.50,1,94.241,
01/01/2000,01:41:44.65,14.03,-74.54,-991.37,192.50,-682.50,-341.25,1,94.242,
01/01/2000,01:41:44.66,13.91,-74.54,-991.37,183.75,-726.25,-341.25,1,94.243,
01/01/2000,01:41:44.67,13.79,-74.54,-991.37,271.25,-735.0,-288.75,1,94.244,
01/01/2000,01:41:44.68,13.91,-74.54,-991.49,218.75,-612.50,-306.25,1,94.245,
01/01/2000,01:41:44.69,13.91,-74.42,-991.49,43.75,-656.25,-385.0,1,94.246,
01/01/2000,01:41:44.70,13.79,-74.42,-991.37,166.25,-691.25,-306.25,1,94.247,
01/01/2000,01:41:44.71,13.79,-74.42,-991.37,96.25,-682.50,-280.0,1,94.248,
01/01/2000,01:41:44.72,13.79,-74.30,-991.37,122.50,-638.75,-376.25,1,94.249,
01/01/2000,01:41:44.73,13.91,-74.18,-991.62,192.50,-743.75,-358.75,1,94.250,
01/01/2000,01:41:44.74,14.03,-74.18,-991.62,166.25,-787.50,-376.25,1,94.251,
01/01/2000,01:41:44.75,13.91,-74.42,-991.37,78.75,-647.50,-332.50,1,94.252,
01/01/2000,01:41:44.76,13.79,-74.30,-991.37,122.50,-630.0,-411.25,1,94.253,
01/01/2000,01:41:44.77,13.79,-74.30,-991.37,183.75,-595.0,-297.50,1,94.254,
01/01/2000,01:41:44.78,13.91,-74.42,-991.49,166.25,-770.0,-280.0,1,94.255,
01/01/2000,01:41:44.79,13.79,-74.42,-991.37,236.25,-735.0,-376.25,1,94.240,
01/01/2000,01:41:44.80,13.66,-74.54,-991.37,218.75,-682.50,-218.75,1,94.241,
01/01/2000,01:41:44.81,13.79,-74.42,-991.37,122.50,-717.50,-315.0,1,94.242,
01/01/2000,01:41:44.82,13.91,-74.30,-991.49,218.75,-630.0,-280.0,1,94.243,
01/01/2000,01:41:44.83,13.91,-74.30,-991.62,105.0,-735.0,-280.0,1,94.244,
01/01/2000,01:41:44.85,13.91,-74.42,-991.74,148.75,-647.50,-306.25,1,94.245,
01/01/2000,01:41:44.86,13.91,-74.54,-991.86,253.75,-717.50,-341.25,1,94.246,
01/01/2000,01:41:44.87,13.91,-74.42,-991.74,131.25,-638.75,-245.0,1,94.247,
01/01/2000,01:41:44.88,14.03,-74.42,-991.86,280.0,-708.75,-376.25,1,94.248,
01/01/2000,01:41:44.89,13.91,-74.30,-991.86,236.25,-691.25,-367.50,1,94.249,
01/01/2000,01:41:44.90,13.91,-74.30,-991.86,43.75,-691.25,-358.75,1,94.250,
01/01/2000,01:41:44.92,13.91,-74.18,-991.49,70.0,-630.0,-297.50,1,94.235,
01/01/2000,01:41:44.93,13.91,-74.30,-991.62,52.50,-778.75,-315.0,1,94.236,
01/01/2000,01:41:44.94,13.91,-74.30,-991.49,96.25,-787.50,-367.50,1,94.237,
01/01/2000,01:41:44.95,13.91,-74.18,-991.49,113.75,-542.50,-315.0,1,94.238,
01/01/2000,01:41:44.96,13.91,-74.18,-991.62,218.75,-577.50,-306.25,1,94.239,
01/01/2000,01:41:44.97,13.91,-74.30,-991.74,210.0,-612.50,-341.25,1,94.240,
01/01/2000,01:41:44.98,13.91,-74.54,-991.74,157.50,-682.50,-376.25,1,94.241,
01/01/2000,01:41:44.99,13.91,-74.66,-991.74,166.25,-735.0,-288.75,1,94.242,
01/01/2000,01:41:45.00,13.91,-74.42,-991.62,113.75,-638.75,-323.75,1,94.243,
01/01/2000,01:41:45.01,13.79,-74.42,-991.62,166.25,-682.50,-358.75,1,94.244,
01/01/2000,01:41:45.02,13.66,-74.42,-991.62,122.50,-778.75,-271.25,1,94.244,
01/01/2000,01:41:45.03,13.66,-74.30,-991.74,70.0,-752.50,-323.75,1,94.245,
01/01/2000,01:41:45.04,13.66,-74.42,-991.62,105.0,-743.75,-428.75,1,94.246,
01/01/2000,01:41:45.05,13.66,-74.42,-991.62,262.50,-630.0,-332.50,1,94.247,
01/01/2000,01:41:45.06,13.66,-74.42,-991.62,262.50,-612.50,-358.75,1,94.248,
01/01/2000,01:41:45.07,13.79,-74.30,-991.62,183.75,-691.25,-218.75,1,94.233,
01/01/2000,01:41:45.08,13.66,-74.42,-991.62,192.50,-743.75,-367.50,1,94.234,
01/01/2000,01:41:45.09,13.66,-74.30,-991.74,183.75,-656.25,-280.0,1,94.235,
01/01/2000,01:41:45.10,13.66,-74.18,-991.62,297.50,-665.0,-376.25,1,94.236,
01/01/2000,01:41:45.11,13.66,-74.18,-991.62,253.75,-638.75,-341.25,1,94.237,
01/01/2000,01:41:45.12,13.66,-74.05,-991.62,131.25,-761.25,-297.50,1,94.238,
01/01/2000,01:41:45.13,13.79,-74.05,-991.74,148.75,-743.75,-358.75,1,94.239,
01/01/2000,01:41:45.15,13.91,-74.18,-991.74,210.0,-621.25,-358.75,1,94.240,
01/01/2000,01:41:45.16,13.91,-74.18,-991.74,131.25,-700.0,-350.0,1,94.241,
01/01/2000,01:41:45.17,13.79,-74.18,-991.74,236.25,-717.50,-507.50,1,94.242,
01/01/2000,01:41:45.18,13.91,-74.18,-991.62,148.75,-603.75,-157.50,1,94.243,
01/01/2000,01:41:45.19,14.03,-74.42,-991.74,271.25,-647.50,-507.50,1,94.244,
01/01/2000,01:41:45.20,13.91,-74.42,-991.74,201.25,-673.75,-385.0,1,94.245,
01/01/2000,01:41:45.21,13.91,-74.54,-991.62,96.25,-656.25,-385.0,1,94.246,
01/01/2000,01:41:45.22,13.91,-74.30,-991.74,87.50,-665.0,-393.75,1,94.247,
01/01/2000,01:41:45.23,14.03,-74.18,-991.86,183.75,-726.25,-280.0,1,94.248,
01/01/2000,01:41:45.24,13.91,-74.30,-991.86,315.0,-612.50,-323.75,1,94.249,
01/01/2000,01:41:45.25,13.91,-74.42,-991.62,175.0,-665.0,-253.75,1,94.250,
01/01/2000,01:41:45.26,13.91,-74.42,-991.37,192.50,-717.50,-367.50,1,94.235,
01/01/2000,01:41:45.27,13.79,-74.30,-991.37,175.0,-595.0,-376.25,1,94.252,
01/01/2000,01:41:45.29,13.79,-74.18,-991.37,148.75,-682.50,-341.25,1,94.237,
01/01/2000,01:41:45.30,13.91,-74.05,-991.49,105.0,-717.50,-393.75,1,94.238,
01/01/2000,01:41:45.31,13.79,-74.18,-991.49,201.25,-708.75,-253.75,1,94.239,
01/01/2000,01:41:45.32,13.66,-74.30,-991.49,52.50,-700.0,-297.50,1,94.240,
01/01/2000,01:41:45.33,13.66,-74.42,-991.62,253.75,-656.25,-533.75,1,94.241,
01/01/2000,01:41:45.34,13.91,-74.30,-991.62,113.75,-735.0,-280.0,1,94.242,
01/01/2000,01:41:45.35,13.66,-74.30,-991.49,131.25,-595.0,-332.50,1,94.243,
01/01/2000,01:41:45.36,13.66,-74.30,-991.49,227.50,-551.25,-385.0,1,94.244,
01/01/2000,01:41:45.37,13.66,-74.30,-991.62,140.0,-638.75,-376.25,1,94.245,
01/01/2000,01:41:45.38,13.91,-74.30,-991.74,157.50,-665.0,-315.0,1,94.246,
01/01/2000,01:41:45.39,13.79,-74.30,-991.86,96.25,-778.75,-297.50,1,94.247,
01/01/2000,01:41:45.40,13.79,-74.30,-991.62,245.0,-630.0,-358.75,1,94.248,
01/01/2000,01:41:45.41,13.66,-74.30,-991.49,271.25,-691.25,-420.0,1,94.249,
01/01/2000,01:41:45.43,13.79,-74.05,-991.62,105.0,-726.25,-455.0,1,94.234,
01/01/2000,01:41:45.44,13.91,-74.05,-991.62,131.25,-717.50,-393.75,1,94.235,
01/01/2000,01:41:45.45,13.79,-74.18,-991.49,87.50,-708.75,-288.75,1,94.236,
01/01/2000,01:41:45.46,13.66,-74.30,-991.37,166.25,-621.25,-367.50,1,94.237,
01/01/2000,01:41:45.47,13.66,-74.42,-991.37,140.0,-743.75,-376.25,1,94.238,
01/01/2000,01:41:45.48,13.91,-74.42,-991.37,210.0,-612.50,-376.25,1,94.239,
01/01/2000,01:41:45.49,13.91,-74.42,-991.37,245.0,-647.50,-332.50,1,94.240,
01/01/2000,01:41:45.50,13.91,-74.42,-991.13,96.25,-682.50,-332.50,1,94.240,
01/01/2000,01:41:45.51,13.91,-74.42,-991.13,175.0,-813.75,-376.25,1,94.241,
01/01/2000,01:41:45.52,13.91,-74.30,-991.37,43.75,-717.50,-385.0,1,94.242,
01/01/2000,01:41:45.53,14.03,-74.42,-991.49,70.0,-708.75,-367.50,1,94.243,
01/01/2000,01:41:45.54,13.91,-74.42,-991.62,183.75,-726.25,-323.75,1,94.244,
01/01/2000,01:41:45.55,13.66,-74.42,-991.49,148.75,-778.75,-358.75,1,94.245,
01/01/2000,01:41:45.56,13.66,-74.42,-991.49,87.50,-673.75,-402.50,1,94.246,
01/01/2000,01:41:45.57,13.91,-74.18,-991.25,113.75,-761.25,-358.75,1,94.247,
01/01/2000,01:41:45.58,13.91,-74.18,-991.13,70.0,-673.75,-262.50,1,94.248,
01/01/2000,01:41:45.59,13.91,-74.30,-991.13,61.25,-630.0,-341.25,1,94.233,
01/01/2000,01:41:45.60,13.79,-74.42,-991.13,201.25,-656.25,-323.75,1,94.250,
01/01/2000,01:41:45.61,13.91,-74.42,-991.13,122.50,-708.75,-463.75,1,94.235,
01/01/2000,01:41:45.62,14.15,-74.18,-991.37,183.75,-673.75,-253.75,1,94.252,
01/01/2000,01:41:45.64,13.91,-74.18,-991.37,96.25,-665.0,-315.0,1,94.237,
01/01/2000,01:41:45.65,13.79,-74.18,-991.25,43.75,-752.50,-297.50,1,94.238,
01/01/2000,01:41:45.66,13.66,-74.30,-991.13,52.50,-647.50,-358.75,1,94.239,
01/01/2000,01:41:45.67,13.91,-74.42,-991.37,148.75,-647.50,-332.50,1,94.240,
01/01/2000,01:41:45.68,14.15,-74.30,-991.37,61.25,-743.75,-385.0,1,94.241,
01/01/2000,01:41:45.69,14.03,-74.30,-991.37,192.50,-726.25,-350.0,1,94.242,
01/01/2000,01:41:45.70,13.91,-74.42,-991.25,87.50,-708.75,-315.0,1,94.243,
01/01/2000,01:41:45.71,13.91,-74.66,-991.37,87.50,-638.75,-358.75,1,94.244,
01/01/2000,01:41:45.72,14.03,-74.66,-991.62,96.25,-612.50,-350.0,1,94.245,
01/01/2000,01:41:45.73,14.03,-74.66,-991.49,105.0,-743.75,-332.50,1,94.246,
01/01/2000,01:41:45.74,14.03,-74.54,-991.37,131.25,-647.50,-297.50,1,94.247,
01/01/2000,01:41:45.75,13.91,-74.66,-991.37,201.25,-805.0,-332.50,1,94.248,
01/01/2000,01:41:45.76,13.91,-74.54,-991.37,271.25,-717.50,-350.0,1,94.249,
01/01/2000,01:41:45.77,13.91,-74.66,-991.49,306.25,-717.50,-376.25,1,94.250,
01/01/2000,01:41:45.78,14.15,-74.42,-991.37,140.0,-691.25,-245.0,1,94.235,
01/01/2000,01:41:45.79,14.03,-74.42,-991.25,262.50,-717.50,-402.50,1,94.236,
01/01/2000,01:41:45.80,13.91,-74.42,-991.13,210.0,-726.25,-288.75,1,94.237,
01/01/2000,01:41:45.81,13.91,-74.42,-991.25,210.0,-735.0,-323.75,1,94.238,
01/01/2000,01:41:45.82,13.91,-74.30,-991.37,192.50,-638.75,-297.50,1,94.239,
01/01/2000,01:41:45.83,14.03,-74.42,-991.49,148.75,-621.25,-350.0,1,94.240,
01/01/2000,01:41:45.85,14.15,-74.30,-991.37,52.50,-630.0,-280.0,1,94.241,
01/01/2000,01:41:45.86,14.03,-74.30,-991.37,140.0,-656.25,-393.75,1,94.242,
01/01/2000,01:41:45.87,13.91,-74.30,-991.37,201.25,-726.25,-297.50,1,94.243,
01/01/2000,01:41:45.88,14.03,-74.30,-991.49,218.75,-761.25,-411.25,1,94.244,
01/01/2000,01:41:45.89,14.03,-74.30,-991.49,306.25,-691.25,-306.25,1,94.245,
01/01/2000,01:41:45.90,14.15,-74.42,-991.25,96.25,-638.75,-350.0,1,94.246,
01/01/2000,01:41:45.91,14.03,-74.30,-991.13,192.50,-586.25,-411.25,1,94.247,
01/01/2000,01:41:45.92,14.03,-74.42,-991.13,210.0,-717.50,-402.50,1,94.247,
01/01/2000,01:41:45.94,14.15,-74.18,-991.37,140.0,-665.0,-288.75,1,94.233,
01/01/2000,01:41:45.95,14.27,-74.30,-991.37,227.50,-700.0,-350.0,1,94.234,
01/01/2000,01:41:45.96,14.27,-74.42,-991.13,210.0,-665.0,-262.50,1,94.235,
01/01/2000,01:41:45.97,14.15,-74.42,-991.01,140.0,-551.25,-367.50,1,94.236,
01/01/2000,01:41:45.98,14.15,-74.42,-991.01,122.50,-726.25,-323.75,1,94.237,
01/01/2000,01:41:45.99,14.15,-74.18,-991.25,70.0,-595.0,-332.50,1,94.238,
01/01/2000,01:41:46.00,14.15,-74.42,-991.25,192.50,-665.0,-402.50,1,94.238,
01/01/2000,01:41:46.01,14.15,-74.42,-991.13,52.50,-673.75,-227.50,1,94.239,
01/01/2000,01:41:46.02,14.03,-74.54,-991.13,87.50,-516.25,-437.50,1,94.240,
01/01/2000,01:41:46.03,14.03,-74.54,-991.37,166.25,-743.75,-358.75,1,94.241,
01/01/2000,01:41:46.04,14.15,-74.54,-991.37,183.75,-752.50,-402.50,1,94.242,
01/01/2000,01:41:46.05,14.15,-74.54,-991.37,210.0,-735.0,-393.75,1,94.243,
01/01/2000,01:41:46.06,14.03,-74.54,-991.49,122.50,-761.25,-376.25,1,94.244,
01/01/2000,01:41:46.07,13.91,-74.66,-991.25,122.50,-682.50,-376.25,1,94.245,
01/01/2000,01:41:46.08,14.03,-74.54,-991.25,175.0,-735.0,-323.75,1,94.246,
01/01/2000,01:41:46.09,14.03,-74.42,-991.25,78.75,-700.0,-393.75,1,94.247,
01/01/2000,01:41:46.10,14.03,-74.54,-991.13,218.75,-726.25,-411.25,1,94.248,
01/01/2000,01:41:46.11,14.15,-74.54,-991.13,131.25,-621.25,-411.25,1,94.249,
01/01/2000,01:41:46.12,14.03,-74.42,-991.13,210.0,-708.75,-376.25,1,94.250,
01/01/2000,01:41:46.13,13.91,-74.42,-991.25,201.25,-621.25,-350.0,1,94.251,
01/01/2000,01:41:46.14,13.91,-74.42,-991.25,157.50,-673.75,-428.75,1,94.252,
01/01/2000,01:41:46.15,14.03,-74.42,-991.13,192.50,-656.25,-280.0,1,94.253,
01/01/2000,01:41:46.16,14.03,-74.54,-991.13,157.50,-735.0,-367.50,1,94.254,
01/01/2000,01:41:46.17,13.91,-74.66,-991.13,140.0,-612.50,-350.0,1,94.255,
01/01/2000,01:41:46.18,14.03,-74.54,-991.25,78.75,-665.0,-332.50,1,94.256,
01/01/2000,01:41:46.19,14.15,-74.42,-991.25,288.75,-656.25,-350.0,1,94.257,
01/01/2000,01:41:46.21,14.15,-74.30,-991.25,175.0,-665.0,-332.50,1,94.242,
01/01/2000,01:41:46.22,14.15,-74.42,-991.13,262.50,-708.75,-341.25,1,94.243,
01/01/2000,01:41:46.23,14.03,-74.42,-991.25,157.50,-656.25,-288.75,1,94.244,
01/01/2000,01:41:46.24,14.03,-74.66,-991.25,148.75,-761.25,-288.75,1,94.245,
01/01/2000,01:41:46.25,14.03,-74.42,-991.37,271.25,-603.75,-367.50,1,94.246,
01/01/2000,01:41:46.26,14.15,-74.42,-991.37,192.50,-682.50,-262.50,1,94.247,
01/01/2000,01:41:46.27,14.15,-74.30,-991.37,140.0,-656.25,-271.25,1,94.248,
01/01/2000,01:41:46.28,14.15,-74.42,-991.37,157.50,-638.75,-350.0,1,94.249,
01/01/2000,01:41:46.29,14.15,-74.54,-991.13,218.75,-612.50,-350.0,1,94.250,
01/01/2000,01:41:46.30,14.15,-74.42,-991.25,192.50,-752.50,-437.50,1,94.251,
01/01/2000,01:41:46.31,14.40,-74.18,-991.25,245.0,-717.50,-341.25,1,94.252,
01/01/2000,01:41:46.32,14.27,-74.30,-991.25,262.50,-726.25,-306.25,1,94.252,
01/01/2000,01:41:46.33,14.03,-74.30,-991.25,78.75,-761.25,-385.0,1,94.253,
01/01/2000,01:41:46.34,14.15,-74.30,-991.37,245.0,-717.50,-280.0,1,94.239,
01/01/2000,01:41:46.35,14.15,-74.18,-991.37,113.75,-673.75,-341.25,1,94.240,
01/01/2000,01:41:46.36,14.15,-74.18,-991.25,131.25,-752.50,-463.75,1,94.241,
01/01/2000,01:41:46.37,14.15,-74.05,-991.13,157.50,-787.50,-323.75,1,94.242,
01/01/2000,01:41:46.38,14.15,-74.18,-991.13,175.0,-822.50,-306.25,1,94.243,
01/01/2000,01:41:46.39,14.03,-74.42,-991.37,105.0,-691.25,-323.75,1,94.244,
01/01/2000,01:41:46.41,14.15,-74.18,-991.25,131.25,-656.25,-350.0,1,94.244,
01/01/2000,01:41:46.42,14.15,-74.30,-990.88,166.25,-735.0,-262.50,1,94.245,
01/01/2000,01:41:46.43,13.79,-74.18,-990.88,113.75,-726.25,-315.0,1,94.246,
01/01/2000,01:41:46.44,13.91,-74.30,-991.13,105.0,-682.50,-367.50,1,94.247,
01/01/2000,01:41:46.45,13.91,-74.18,-991.25,78.75,-735.0,-271.25,1,94.233,
01/01/2000,01:41:46.46,14.03,-74.18,-991.13,96.25,-717.50,-280.0,1,94.234,
01/01/2000,01:41:46.47,13.91,-74.30,-991.01,245.0,-656.25,-332.50,1,94.235,
01/01/2000,01:41:46.48,13.91,-74.42,-991.01,253.75,-691.25,-393.75,1,94.236,
01/01/2000,01:41:46.49,14.03,-74.42,-991.13,140.0,-708.75,-315.0,1,94.237,
01/01/2000,01:41:46.50,14.03,-74.30,-991.37,245.0,-761.25,-297.50,1,94.237,
01/01/2000,01:41:46.51,14.03,-74.30,-991.37,166.25,-638.75,-323.75,1,94.238,
01/01/2000,01:41:46.52,13.91,-74.30,-991.25,271.25,-743.75,-455.0,1,94.239,
01/01/2000,01:41:46.53,14.03,-74.05,-991.13,271.25,-708.75,-367.50,1,94.240,
01/01/2000,01:41:46.54,14.27,-74.05,-991.25,157.50,-630.0,-437.50,1,94.241,
01/01/2000,01:41:46.56,14.27,-74.18,-991.25,341.25,-708.75,-385.0,1,94.242,
01/01/2000,01:41:46.57,14.15,-74.18,-991.25,166.25,-638.75,-332.50,1,94.243,
01/01/2000,01:41:46.58,14.03,-74.18,-991.25,236.25,-726.25,-306.25,1,94.244,
01/01/2000,01:41:46.59,14.03,-74.05,-991.25,271.25,-682.50,-175.0,1,94.245,
01/01/2000,01:41:46.60,14.03,-73.93,-991.13,271.25,-752.50,-385.0,1,94.246,
01/01/2000,01:41:46.61,14.15,-74.18,-991.13,175.0,-761.25,-315.0,1,94.247,
01/01/2000,01:41:46.62,14.03,-74.30,-991.25,245.0,-708.75,-306.25,1,94.248,
01/01/2000,01:41:46.63,13.91,-74.18,-991.25,105.0,-656.25,-393.75,1,94.249,
01/01/2000,01:41:46.64,13.91,-74.30,-991.25,148.75,-638.75,-393.75,1,94.250,
01/01/2000,01:41:46.65,13.91,-74.18,-991.13,183.75,-726.25,-315.0,1,94.251,
01/01/2000,01:41:46.66,13.79,-74.18,-991.13,175.0,-700.0,-350.0,1,94.252,
01/01/2000,01:41:46.67,13.79,-74.18,-991.13,61.25,-700.0,-332.50,1,94.253,
01/01/2000,01:41:46.68,13.66,-74.42,-991.25,96.25,-700.0,-376.25,1,94.254,
01/01/2000,01:41:46.69,13.66,-74.30,-991.25,157.50,-673.75,-367.50,1,94.239,
01/01/2000,01:41:46.70,13.79,-74.42,-991.13,140.0,-761.25,-358.75,1,94.240,
01/01/2000,01:41:46.71,13.91,-74.30,-991.01,70.0,-735.0,-280.0,1,94.241,
01/01/2000,01:41:46.72,13.79,-74.42,-991.13,26.25,-682.50,-236.25,1,94.242,
01/01/2000,01:41:46.73,13.66,-74.42,-991.37,166.25,-673.75,-376.25,1,94.243,
01/01/2000,01:41:46.74,13.66,-74.54,-991.62,297.50,-682.50,-358.75,1,94.244,
01/01/2000,01:41:46.75,13.66,-74.54,-991.62,140.0,-752.50,-332.50,1,94.245,
01/01/2000,01:41:46.77,13.66,-74.42,-991.49,288.75,-595.0,-341.25,1,94.246,
01/01/2000,01:41:46.78,13.66,-74.42,-991.37,148.75,-691.25,-402.50,1,94.247,
01/01/2000,01:41:46.79,13.54,-74.18,-991.37,192.50,-787.50,-341.25,1,94.248,
01/01/2000,01:41:46.80,13.66,-74.18,-991.37,35.0,-621.25,-358.75,1,94.249,
01/01/2000,01:41:46.81,13.79,-74.30,-991.37,131.25,-665.0,-297.50,1,94.249,
01/01/2000,01:41:46.82,13.91,-74.18,-991.25,157.50,-647.50,-183.75,1,94.250,
01/01/2000,01:41:46.83,13.66,-74.18,-991.13,78.75,-691.25,-358.75,1,94.251,
01/01/2000,01:41:46.84,13.79,-74.30,-991.37,192.50,-787.50,-358.75,1,94.252,
01/01/2000,01:41:46.85,13.91,-74.18,-991.37,61.25,-691.25,-315.0,1,94.253,
01/01/2000,01:41:46.86,13.91,-74.30,-991.62,35.0,-691.25,-323.75,1,94.254,
01/01/2000,01:41:46.87,13.91,-74.30,-991.37,306.25,-770.0,-306.25,1,94.255,
01/01/2000,01:41:46.88,13.91,-74.18,-991.13,70.0,-560.0,-297.50,1,94.256,
01/01/2000,01:41:46.89,13.91,-74.18,-991.13,218.75,-735.0,-437.50,1,94.257,
01/01/2000,01:41:46.90,13.66,-74.42,-991.13,227.50,-647.50,-341.25,1,94.242,
01/01/2000,01:41:46.92,13.66,-74.54,-991.13,218.75,-682.50,-367.50,1,94.243,
01/01/2000,01:41:46.92,13.66,-74.54,-991.13,210.0,-638.75,-402.50,1,94.244,
01/01/2000,01:41:46.94,13.66,-74.42,-991.13,210.0,-682.50,-288.75,1,94.245,
01/01/2000,01:41:46.95,13.91,-74.42,-991.13,140.0,-630.0,-411.25,1,94.246,
01/01/2000,01:41:46.96,13.79,-74.66,-991.49,87.50,-638.75,-323.75,1,94.247,
01/01/2000,01:41:46.97,13.79,-74.66,-991.49,236.25,-682.50,-420.0,1,94.248,
01/01/2000,01:41:46.98,13.91,-74.42,-991.49,105.0,-603.75,-253.75,1,94.249,
01/01/2000,01:41:46.99,14.03,-74.42,-991.25,192.50,-630.0,-341.25,1,94.250,
01/01/2000,01:41:47.00,14.03,-74.42,-991.13,166.25,-857.50,-376.25,1,94.251,
01/01/2000,01:41:47.01,13.91,-74.54,-991.13,175.0,-726.25,-288.75,1,94.252,
01/01/2000,01:41:47.02,13.91,-74.66,-991.13,105.0,-761.25,-280.0,1,94.253,
01/01/2000,01:41:47.03,13.91,-74.54,-991.13,105.0,-612.50,-358.75,1,94.254,
01/01/2000,01:41:47.04,13.91,-74.30,-991.13,105.0,-717.50,-350.0,1,94.239,
01/01/2000,01:41:47.05,13.79,-74.42,-991.25,-35.0,-621.25,-350.0,1,94.240,
01/01/2000,01:41:47.06,13.79,-74.42,-991.37,140.0,-647.50,-297.50,1,94.241,
01/01/2000,01:41:47.07,13.91,-74.54,-991.25,105.0,-717.50,-341.25,1,94.242,
01/01/2000,01:41:47.08,13.91,-74.54,-991.37,87.50,-673.75,-323.75,1,94.243,
01/01/2000,01:41:47.09,13.91,-74.54,-991.25,157.50,-752.50,-341.25,1,94.244,
01/01/2000,01:41:47.10,13.91,-74.42,-991.37,218.75,-743.75,-350.0,1,94.245,
01/01/2000,01:41:47.11,14.03,-74.42,-991.37,201.25,-726.25,-288.75,1,94.246,
01/01/2000,01:41:47.12,13.91,-74.42,-991.62,96.25,-673.75,-280.0,1,94.247,
01/01/2000,01:41:47.13,13.91,-74.30,-991.74,140.0,-656.25,-271.25,1,94.248,
01/01/2000,01:41:47.15,13.91,-74.30,-991.62,78.75,-638.75,-446.25,1,94.249,
01/01/2000,01:41:47.16,13.91,-74.18,-991.49,70.0,-708.75,-280.0,1,94.250,
01/01/2000,01:41:47.17,13.79,-74.30,-991.37,227.50,-603.75,-402.50,1,94.251,
01/01/2000,01:41:47.18,13.66,-74.42,-991.62,297.50,-612.50,-253.75,1,94.252,
01/01/2000,01:41:47.19,13.66,-74.42,-991.74,105.0,-612.50,-341.25,1,94.252,
01/01/2000,01:41:47.20,13.79,-74.42,-991.74,201.25,-726.25,-306.25,1,94.253,
01/01/2000,01:41:47.21,13.79,-74.30,-991.49,105.0,-761.25,-288.75,1,94.254,
01/01/2000,01:41:47.22,13.91,-74.30,-991.37,183.75,-603.75,-376.25,1,94.255,
01/01/2000,01:41:47.23,13.79,-74.18,-991.25,280.0,-560.0,-385.0,1,94.256,
01/01/2000,01:41:47.24,13.91,-74.30,-991.37,87.50,-717.50,-367.50,1,94.257,
01/01/2000,01:41:47.25,13.91,-74.18,-991.49,166.25,-708.75,-341.25,1,94.243,
01/01/2000,01:41:47.26,14.03,-74.18,-991.37,227.50,-770.0,-323.75,1,94.244,
01/01/2000,01:41:47.27,14.03,-74.42,-991.25,262.50,-761.25,-280.0,1,94.245,
01/01/2000,01:41:47.28,13.91,-74.54,-991.25,140.0,-612.50,-385.0,1,94.246,
01/01/2000,01:41:47.29,14.03,-74.54,-991.37,253.75,-743.75,-411.25,1,94.246,
01/01/2000,01:41:47.30,13.91,-74.42,-991.49,52.50,-647.50,-481.25,1,94.247,
01/01/2000,01:41:47.31,13.91,-74.30,-991.37,43.75,-735.0,-350.0,1,94.248,
01/01/2000,01:41:47.33,13.91,-74.30,-991.13,96.25,-656.25,-323.75,1,94.249,
01/01/2000,01:41:47.34,13.79,-74.42,-991.13,113.75,-665.0,-411.25,1,94.250,
01/01/2000,01:41:47.35,13.91,-74.42,-991.25,218.75,-735.0,-411.25,1,94.251,
01/01/2000,01:41:47.36,13.91,-74.30,-991.37,192.50,-735.0,-411.25,1,94.252,
01/01/2000,01:41:47.37,14.03,-74.30,-991.37,227.50,-656.25,-245.0,1,94.253,
01/01/2000,01:41:47.38,14.03,-74.42,-991.25,201.25,-560.0,-288.75,1,94.254,
01/01/2000,01:41:47.39,14.03,-74.42,-991.13,175.0,-717.50,-376.25,1,94.255,
01/01/2000,01:41:47.40,13.91,-74.54,-991.25,218.75,-717.50,-358.75,1,94.256,
01/01/2000,01:41:47.41,13.91,-74.54,-991.37,253.75,-770.0,-350.0,1,94.257,
01/01/2000,01:41:47.42,13.79,-74.42,-991.37,148.75,-735.0,-402.50,1,94.258,
01/01/2000,01:41:47.43,13.66,-74.42,-991.13,140.0,-665.0,-332.50,1,94.259,
01/01/2000,01:41:47.44,13.79,-74.30,-991.13,105.0,-726.25,-306.25,1,94.260,
01/01/2000,01:41:47.45,13.66,-74.42,-991.13,8.75,-638.75,-315.0,1,94.261,
01/01/2000,01:41:47.47,13.91,-74.18,-991.37,175.0,-761.25,-323.75,1,94.246,
01/01/2000,01:41:47.48,13.91,-74.18,-991.25,140.0,-560.0,-350.0,1,94.247,
01/01/2000,01:41:47.49,13.91,-74.18,-991.01,113.75,-717.50,-262.50,1,94.248,
01/01/2000,01:41:47.50,13.91,-74.18,-990.88,236.25,-735.0,-341.25,1,94.249,
01/01/2000,01:41:47.51,13.79,-74.30,-991.01,105.0,-726.25,-288.75,1,94.250,
01/01/2000,01:41:47.52,13.91,-74.42,-991.01,236.25,-840.0,-332.50,1,94.251,
01/01/2000,01:41:47.53,13.91,-74.30,-991.01,35.0,-612.50,-393.75,1,94.252,
01/01/2000,01:41:47.54,13.79,-74.42,-990.88,192.50,-778.75,-280.0,1,94.253,
01/01/2000,01:41:47.55,13.66,-74.54,-990.88,131.25,-700.0,-455.0,1,94.254,
01/01/2000,01:41:47.56,13.79,-74.54,-991.01,183.75,-761.25,-332.50,1,94.255,
01/01/2000,01:41:47.57,13.91,-74.42,-991.25,96.25,-665.0,-341.25,1,94.255,
01/01/2000,01:41:47.58,13.79,-74.42,-991.25,192.50,-717.50,-358.75,1,94.256,
01/01/2000,01:41:47.59,13.91,-74.42,-991.25,17.50,-665.0,-411.25,1,94.257,
01/01/2000,01:41:47.60,13.91,-74.42,-991.13,96.25,-638.75,-297.50,1,94.258,
01/01/2000,01:41:47.61,13.79,-74.42,-991.49,315.0,-621.25,-262.50,1,94.244,
01/01/2000,01:41:47.62,13.79,-74.42,-991.62,192.50,-656.25,-350.0,1,94.245,
01/01/2000,01:41:47.63,13.79,-74.42,-991.49,105.0,-752.50,-315.0,1,94.246,
01/01/2000,01:41:47.64,13.79,-74.54,-991.37,70.0,-787.50,-315.0,1,94.247,
01/01/2000,01:41:47.65,13.91,-74.42,-991.49,183.75,-656.25,-341.25,1,94.248,
01/01/2000,01:41:47.66,14.03,-74.18,-991.62,245.0,-822.50,-245.0,1,94.249,
01/01/2000,01:41:47.68,13.91,-74.18,-991.62,131.25,-726.25,-420.0,1,94.250,
01/01/2000,01:41:47.69,13.91,-74.42,-991.62,271.25,-638.75,-236.25,1,94.250,
01/01/2000,01:41:47.70,13.91,-74.42,-991.37,192.50,-673.75,-402.50,1,94.251,
01/01/2000,01:41:47.71,13.79,-74.30,-991.13,113.75,-630.0,-350.0,1,94.252,
01/01/2000,01:41:47.72,13.66,-74.18,-991.13,157.50,-647.50,-323.75,1,94.253,
01/01/2000,01:41:47.73,13.66,-74.42,-991.13,253.75,-726.25,-341.25,1,94.254,
01/01/2000,01:41:47.74,13.91,-74.54,-991.25,315.0,-796.25,-411.25,1,94.255,
01/01/2000,01:41:47.75,13.79,-74.66,-991.25,201.25,-840.0,-367.50,1,94.256,
01/01/2000,01:41:47.76,13.66,-74.54,-991.37,157.50,-603.75,-393.75,1,94.257,
01/01/2000,01:41:47.77,13.66,-74.30,-991.25,87.50,-630.0,-271.25,1,94.258,
01/01/2000,01:41:47.78,13.91,-74.42,-991.37,131.25,-656.25,-332.50,1,94.259,
01/01/2000,01:41:47.79,13.79,-74.30,-991.49,70.0,-752.50,-332.50,1,94.260,
01/01/2000,01:41:47.80,13.66,-74.30,-991.49,192.50,-778.75,-280.0,1,94.261,
01/01/2000,01:41:47.81,13.54,-74.42,-991.49,166.25,-691.25,-297.50,1,94.262,
01/01/2000,01:41:47.82,13.66,-74.30,-991.49,218.75,-735.0,-297.50,1,94.247,
01/01/2000,01:41:47.83,13.54,-74.18,-991.62,183.75,-612.50,-402.50,1,94.248,
01/01/2000,01:41:47.84,13.66,-74.18,-991.49,201.25,-813.75,-332.50,1,94.249,
01/01/2000,01:41:47.85,13.66,-74.30,-991.37,175.0,-726.25,-288.75,1,94.250,
01/01/2000,01:41:47.86,13.66,-74.18,-991.25,140.0,-603.75,-323.75,1,94.251,
01/01/2000,01:41:47.87,13.79,-74.30,-991.25,280.0,-682.50,-428.75,1,94.252,
01/01/2000,01:41:47.89,13.79,-74.05,-991.13,131.25,-770.0,-140.0,1,94.253,
01/01/2000,01:41:47.90,13.66,-74.18,-991.13,210.0,-761.25,-358.75,1,94.254,
01/01/2000,01:41:47.91,13.66,-74.18,-991.13,175.0,-568.75,-385.0,1,94.255,
01/01/2000,01:41:47.92,13.79,-74.18,-991.13,210.0,-630.0,-411.25,1,94.256,
01/01/2000,01:41:47.93,13.79,-74.18,-991.37,43.75,-708.75,-367.50,1,94.257,
01/01/2000,01:41:47.94,13.91,-74.18,-991.37,61.25,-656.25,-323.75,1,94.258,
01/01/2000,01:41:47.95,13.66,-74.18,-991.25,183.75,-638.75,-350.0,1,94.258,
01/01/2000,01:41:47.96,13.79,-74.18,-991.37,148.75,-691.25,-262.50,1,94.244,
01/01/2000,01:41:47.98,13.79,-74.18,-991.49,70.0,-691.25,-350.0,1,94.245,
01/01/2000,01:41:47.99,13.66,-74.42,-991.37,271.25,-656.25,-437.50,1,94.246,
01/01/2000,01:41:48.00,13.54,-74.30,-991.37,297.50,-700.0,-315.0,1,94.247,
01/01/2000,01:41:48.01,13.42,-74.30,-991.37,166.25,-717.50,-411.25,1,94.248,
01/01/2000,01:41:48.02,13.42,-74.18,-991.37,113.75,-691.25,-288.75,1,94.249,
01/01/2000,01:41:48.03,13.42,-74.05,-991.62,70.0,-761.25,-341.25,1,94.250,
01/01/2000,01:41:48.04,13.42,-74.18,-991.37,192.50,-630.0,-428.75,1,94.251,
01/01/2000,01:41:48.05,13.42,-74.18,-991.37,140.0,-752.50,-350.0,1,94.252,
01/01/2000,01:41:48.06,13.54,-74.18,-991.37,236.25,-638.75,-306.25,1,94.253,
01/01/2000,01:41:48.07,13.54,-74.18,-991.49,87.50,-682.50,-306.25,1,94.253,
01/01/2000,01:41:48.08,13.42,-74.18,-991.37,175.0,-621.25,-306.25,1,94.254,
01/01/2000,01:41:48.09,13.42,-74.18,-991.37,113.75,-700.0,-350.0,1,94.255,
01/01/2000,01:41:48.10,13.66,-74.18,-991.25,183.75,-691.25,-428.75,1,94.256,
01/01/2000,01:41:48.11,13.66,-74.18,-991.25,157.50,-665.0,-306.25,1,94.257,
01/01/2000,01:41:48.12,13.79,-74.42,-991.13,122.50,-708.75,-402.50,1,94.258,
01/01/2000,01:41:48.13,13.91,-74.42,-991.13,201.25,-805.0,-288.75,1,94.259,
01/01/2000,01:41:48.14,14.15,-74.42,-991.13,315.0,-682.50,-341.25,1,94.260,
01/01/2000,01:41:48.15,14.15,-74.42,-991.13,157.50,-770.0,-288.75,1,94.261,
01/01/2000,01:41:48.16,14.15,-74.30,-991.25,271.25,-708.75,-332.50,1,94.262,
01/01/2000,01:41:48.17,14.15,-74.30,-991.13,183.75,-638.75,-402.50,1,94.248,
01/01/2000,01:41:48.18,14.03,-74.30,-991.25,87.50,-673.75,-306.25,1,94.248,
01/01/2000,01:41:48.19,13.91,-74.30,-991.25,148.75,-665.0,-306.25,1,94.249,
01/01/2000,01:41:48.20,13.91,-74.42,-991.13,43.75,-621.25,-262.50,1,94.250,
01/01/2000,01:41:48.21,13.91,-74.42,-991.13,175.0,-708.75,-350.0,1,94.251,
01/01/2000,01:41:48.23,13.91,-74.42,-991.25,70.0,-630.0,-288.75,1,94.252,
01/01/2000,01:41:48.24,13.91,-74.42,-991.13,140.0,-761.25,-297.50,1,94.253,
01/01/2000,01:41:48.25,13.91,-74.42,-991.13,218.75,-743.75,-323.75,1,94.254,
01/01/2000,01:41:48.26,13.79,-74.42,-991.13,175.0,-726.25,-411.25,1,94.255,
01/01/2000,01:41:48.27,13.79,-74.54,-991.13,183.75,-778.75,-341.25,1,94.256,
01/01/2000,01:41:48.28,13.79,-74.30,-991.25,78.75,-778.75,-323.75,1,94.257,
01/01/2000,01:41:48.29,13.91,-74.18,-991.13,87.50,-682.50,-297.50,1,94.258,
01/01/2000,01:41:48.30,13.91,-74.18,-991.01,253.75,-770.0,-315.0,1,94.259,
01/01/2000,01:41:48.31,13.91,-74.30,-991.01,166.25,-752.50,-323.75,1,94.260,
01/01/2000,01:41:48.32,14.03,-74.42,-991.01,87.50,-700.0,-420.0,1,94.245,
01/01/2000,01:41:48.33,14.15,-74.42,-991.25,113.75,-682.50,-358.75,1,94.246,
01/01/2000,01:41:48.34,14.27,-74.54,-991.37,306.25,-682.50,-315.0,1,94.247,
01/01/2000,01:41:48.35,14.15,-74.66,-991.37,140.0,-717.50,-271.25,1,94.248,
01/01/2000,01:41:48.36,14.03,-74.66,-991.25,166.25,-743.75,-393.75,1,94.249,
01/01/2000,01:41:48.37,14.03,-74.66,-991.13,166.25,-586.25,-481.25,1,94.250,
01/01/2000,01:41:48.39,14.15,-74.54,-991.37,148.75,-770.0,-411.25,1,94.251,
01/01/2000,01:41:48.40,14.15,-74.42,-991.25,192.50,-726.25,-262.50,1,94.252,
01/01/2000,01:41:48.41,14.03,-74.42,-991.13,201.25,-743.75,-393.75,1,94.253,
01/01/2000,01:41:48.42,13.91,-74.42,-991.13,288.75,-735.0,-367.50,1,94.254,
01/01/2000,01:41:48.43,13.91,-74.30,-991.25,227.50,-612.50,-280.0,1,94.255,
01/01/2000,01:41:48.44,13.91,-74.18,-991.37,192.50,-568.75,-323.75,1,94.255,
01/01/2000,01:41:48.45,13.91,-74.30,-991.37,148.75,-673.75,-376.25,1,94.256,
01/01/2000,01:41:48.46,13.66,-74.42,-991.13,166.25,-621.25,-411.25,1,94.257,
01/01/2000,01:41:48.47,13.79,-74.42,-991.37,201.25,-691.25,-385.0,1,94.258,
01/01/2000,01:41:48.48,13.79,-74.42,-991.37,175.0,-761.25,-341.25,1,94.244,
01/01/2000,01:41:48.50,13.79,-74.18,-991.49,105.0,-700.0,-358.75,1,94.245,
01/01/2000,01:41:48.51,13.91,-74.30,-991.37,157.50,-761.25,-402.50,1,94.246,
01/01/2000,01:41:48.52,13.91,-74.30,-991.62,131.25,-717.50,-323.75,1,94.247,
01/01/2000,01:41:48.53,13.91,-74.42,-991.49,61.25,-595.0,-297.50,1,94.248,
01/01/2000,01:41:48.54,13.91,-74.42,-991.62,113.75,-656.25,-315.0,1,94.249,
01/01/2000,01:41:48.55,13.91,-74.30,-991.37,236.25,-630.0,-358.75,1,94.250,
01/01/2000,01:41:48.56,13.91,-74.30,-991.37,122.50,-682.50,-323.75,1,94.250,
01/01/2000,01:41:48.57,13.91,-74.42,-991.25,210.0,-638.75,-332.50,1,94.251,
01/01/2000,01:41:48.58,13.91,-74.54,-991.25,166.25,-682.50,-393.75,1,94.252,
01/01/2000,01:41:48.59,13.91,-74.42,-991.37,236.25,-717.50,-350.0,1,94.253,
01/01/2000,01:41:48.60,14.03,-74.30,-991.37,96.25,-700.0,-358.75,1,94.254,
01/01/2000,01:41:48.61,14.03,-74.42,-991.49,323.75,-656.25,-367.50,1,94.255,
01/01/2000,01:41:48.62,13.91,-74.30,-991.37,-8.75,-691.25,-428.75,1,94.256,
01/01/2000,01:41:48.63,13.91,-74.42,-991.49,253.75,-726.25,-367.50,1,94.257,
01/01/2000,01:41:48.64,14.03,-74.42,-991.49,218.75,-743.75,-306.25,1,94.258,
01/01/2000,01:41:48.65,14.15,-74.42,-991.37,105.0,-603.75,-367.50,1,94.259,
01/01/2000,01:41:48.66,13.79,-74.54,-991.13,17.50,-656.25,-227.50,1,94.245,
01/01/2000,01:41:48.67,13.79,-74.54,-991.25,236.25,-717.50,-350.0,1,94.246,
01/01/2000,01:41:48.68,13.91,-74.54,-991.37,43.75,-708.75,-376.25,1,94.246,
01/01/2000,01:41:48.69,13.91,-74.42,-991.37,192.50,-778.75,-315.0,1,94.247,
01/01/2000,01:41:48.70,13.91,-74.42,-991.25,105.0,-735.0,-393.75,1,94.248,
01/01/2000,01:41:48.71,13.79,-74.54,-991.13,192.50,-673.75,-385.0,1,94.249,
01/01/2000,01:41:48.72,13.66,-74.54,-991.13,253.75,-796.25,-367.50,1,94.250,
01/01/2000,01:41:48.74,13.91,-74.54,-991.25,96.25,-682.50,-271.25,1,94.251,
01/01/2000,01:41:48.75,13.91,-74.42,-991.25,87.50,-708.75,-297.50,1,94.252,
01/01/2000,01:41:48.76,13.91,-74.42,-991.13,148.75,-717.50,-332.50,1,94.253,
01/01/2000,01:41:48.77,13.91,-74.42,-991.13,166.25,-761.25,-323.75,1,94.254,
01/01/2000,01:41:48.78,13.79,-74.42,-991.13,245.0,-822.50,-297.50,1,94.255,
01/01/2000,01:41:48.79,13.91,-74.42,-991.01,140.0,-612.50,-306.25,1,94.256,
01/01/2000,01:41:48.80,14.03,-74.42,-991.13,192.50,-673.75,-350.0,1,94.257,
01/01/2000,01:41:48.81,14.03,-74.42,-991.13,105.0,-761.25,-376.25,1,94.257,
01/01/2000,01:41:48.82,13.91,-74.54,-991.01,87.50,-691.25,-350.0,1,94.258,
01/01/2000,01:41:48.83,13.79,-74.66,-991.01,183.75,-691.25,-297.50,1,94.259,
01/01/2000,01:41:48.84,13.66,-74.66,-991.01,218.75,-691.25,-341.25,1,94.260,
01/01/2000,01:41:48.85,13.91,-74.66,-991.13,148.75,-726.25,-192.50,1,94.261,
01/01/2000,01:41:48.86,13.91,-74.79,-991.13,17.50,-621.25,-271.25,1,94.262,
01/01/2000,01:41:48.87,13.79,-74.79,-991.13,166.25,-700.0,-350.0,1,94.248,
01/01/2000,01:41:48.88,13.91,-74.79,-991.13,253.75,-735.0,-323.75,1,94.249,
01/01/2000,01:41:48.89,13.79,-74.79,-991.13,78.75,-735.0,-288.75,1,94.250,
01/01/2000,01:41:48.90,14.03,-74.66,-991.13,166.25,-778.75,-367.50,1,94.251,
01/01/2000,01:41:48.91,14.03,-74.66,-991.13,70.0,-603.75,-367.50,1,94.252,
01/01/2000,01:41:48.92,14.03,-74.54,-990.88,131.25,-735.0,-341.25,1,94.253,
01/01/2000,01:41:48.93,14.03,-74.66,-991.01,297.50,-796.25,-446.25,1,94.253,
01/01/2000,01:41:48.95,13.91,-74.66,-991.37,87.50,-726.25,-376.25,1,94.254,
01/01/2000,01:41:48.96,13.91,-74.79,-991.62,131.25,-665.0,-288.75,1,94.255,
01/01/2000,01:41:48.97,13.79,-74.79,-991.37,253.75,-682.50,-428.75,1,94.256,
01/01/2000,01:41:48.98,13.79,-74.66,-991.37,70.0,-735.0,-420.0,1,94.257,
01/01/2000,01:41:48.99,13.91,-74.79,-991.62,148.75,-778.75,-332.50,1,94.243,
01/01/2000,01:41:49.00,13.91,-74.79,-991.74,262.50,-717.50,-393.75,1,94.244,
01/01/2000,01:41:49.01,14.03,-74.66,-991.62,245.0,-673.75,-350.0,1,94.245,
01/01/2000,01:41:49.02,13.79,-74.66,-991.62,96.25,-708.75,-350.0,1,94.246,
01/01/2000,01:41:49.04,13.91,-74.79,-991.37,245.0,-612.50,-358.75,1,94.247,
01/01/2000,01:41:49.04,13.91,-74.66,-991.49,105.0,-787.50,-367.50,1,94.248,
01/01/2000,01:41:49.06,14.03,-74.66,-991.49,148.75,-708.75,-341.25,1,94.248,
01/01/2000,01:41:49.07,13.91,-74.54,-991.49,105.0,-752.50,-402.50,1,94.249,
01/01/2000,01:41:49.08,13.91,-74.54,-991.49,236.25,-813.75,-385.0,1,94.250,
01/01/2000,01:41:49.09,13.66,-74.66,-991.37,140.0,-726.25,-350.0,1,94.251,
01/01/2000,01:41:49.10,13.66,-74.42,-991.49,96.25,-656.25,-280.0,1,94.252,
01/01/2000,01:41:49.11,13.91,-74.42,-991.37,140.0,-665.0,-315.0,1,94.253,
01/01/2000,01:41:49.12,13.91,-74.42,-991.37,52.50,-743.75,-288.75,1,94.254,
01/01/2000,01:41:49.13,13.79,-74.42,-991.25,148.75,-682.50,-385.0,1,94.255,
01/01/2000,01:41:49.14,13.66,-74.54,-991.25,306.25,-805.0,-402.50,1,94.256,
01/01/2000,01:41:49.15,13.66,-74.30,-991.25,175.0,-577.50,-358.75,1,94.257,
01/01/2000,01:41:49.16,13.79,-74.18,-991.37,253.75,-735.0,-306.25,1,94.258,
01/01/2000,01:41:49.17,13.79,-74.18,-991.49,140.0,-743.75,-350.0,1,94.259,
01/01/2000,01:41:49.18,13.91,-74.42,-991.62,140.0,-796.25,-376.25,1,94.259,
01/01/2000,01:41:49.19,13.79,-74.42,-991.62,157.50,-691.25,-341.25,1,94.260,
01/01/2000,01:41:49.20,13.91,-74.54,-991.37,166.25,-743.75,-332.50,1,94.261,
01/01/2000,01:41:49.21,13.91,-74.42,-991.37,201.25,-717.50,-315.0,1,94.262,
01/01/2000,01:41:49.22,13.79,-74.18,-991.37,297.50,-752.50,-315.0,1,94.248,
01/01/2000,01:41:49.23,13.66,-74.30,-991.37,201.25,-761.25,-350.0,1,94.249,
01/01/2000,01:41:49.24,13.66,-74.54,-991.37,201.25,-735.0,-350.0,1,94.250,
01/01/2000,01:41:49.25,13.91,-74.66,-991.37,166.25,-612.50,-402.50,1,94.251,
01/01/2000,01:41:49.26,14.03,-74.54,-991.37,131.25,-621.25,-280.0,1,94.252,
01/01/2000,01:41:49.27,14.03,-74.42,-991.25,218.75,-796.25,-332.50,1,94.253,
01/01/2000,01:41:49.28,13.91,-74.42,-991.13,157.50,-700.0,-306.25,1,94.254,
01/01/2000,01:41:49.30,13.91,-74.30,-991.37,122.50,-717.50,-271.25,1,94.255,
01/01/2000,01:41:49.31,14.15,-74.42,-991.49,113.75,-726.25,-315.0,1,94.255,
01/01/2000,01:41:49.32,14.15,-74.42,-991.37,192.50,-743.75,-262.50,1,94.256,
01/01/2000,01:41:49.33,14.03,-74.42,-991.37,227.50,-682.50,-376.25,1,94.257,
01/01/2000,01:41:49.34,13.91,-74.42,-991.25,157.50,-708.75,-411.25,1,94.258,
01/01/2000,01:41:49.35,13.91,-74.42,-991.49,26.25,-647.50,-288.75,1,94.259,
01/01/2000,01:41:49.36,14.15,-74.42,-991.62,166.25,-647.50,-332.50,1,94.260,
01/01/2000,01:41:49.37,14.15,-74.54,-991.37,113.75,-682.50,-323.75,1,94.246,
01/01/2000,01:41:49.39,13.91,-74.54,-991.13,17.50,-630.0,-393.75,1,94.247,
01/01/2000,01:41:49.40,13.91,-74.42,-991.13,148.75,-778.75,-315.0,1,94.248,
01/01/2000,01:41:49.41,13.91,-74.42,-991.37,201.25,-778.75,-350.0,1,94.249,
01/01/2000,01:41:49.42,14.15,-74.42,-991.37,157.50,-717.50,-332.50,1,94.250,
01/01/2000,01:41:49.43,14.03,-74.42,-991.37,96.25,-656.25,-350.0,1,94.251,
01/01/2000,01:41:49.44,14.03,-74.42,-991.25,201.25,-612.50,-385.0,1,94.251,
01/01/2000,01:41:49.45,14.15,-74.30,-991.37,175.0,-568.75,-385.0,1,94.252,
01/01/2000,01:41:49.46,14.27,-74.30,-991.37,175.0,-621.25,-306.25,1,94.253,
01/01/2000,01:41:49.47,14.15,-74.42,-991.49,297.50,-603.75,-376.25,1,94.254,
01/01/2000,01:41:49.48,14.03,-74.42,-991.37,113.75,-656.25,-341.25,1,94.255,
01/01/2000,01:41:49.49,13.91,-74.42,-991.25,175.0,-691.25,-288.75,1,94.256,
01/01/2000,01:41:49.51,14.03,-74.42,-991.37,105.0,-691.25,-166.25,1,94.242,
01/01/2000,01:41:49.52,13.91,-74.54,-991.49,105.0,-586.25,-350.0,1,94.243,
01/01/2000,01:41:49.53,13.79,-74.42,-991.62,131.25,-682.50,-402.50,1,94.244,
01/01/2000,01:41:49.54,13.79,-74.42,-991.62,262.50,-612.50,-376.25,1,94.245,
01/01/2000,01:41:49.55,13.66,-74.18,-991.62,192.50,-761.25,-376.25,1,94.246,
01/01/2000,01:41:49.56,13.66,-74.18,-991.74,227.50,-612.50,-341.25,1,94.247,
01/01/2000,01:41:49.57,13.79,-74.18,-991.74,236.25,-708.75,-358.75,1,94.247,
01/01/2000,01:41:49.58,14.03,-74.30,-991.62,350.0,-752.50,-376.25,1,94.248,
01/01/2000,01:41:49.59,14.03,-74.42,-991.62,201.25,-647.50,-358.75,1,94.234,
01/01/2000,01:41:49.60,14.03,-74.42,-991.49,140.0,-700.0,-358.75,1,94.235,
01/01/2000,01:41:49.61,14.03,-74.42,-991.37,157.50,-752.50,-376.25,1,94.236,
01/01/2000,01:41:49.62,14.15,-74.30,-991.37,96.25,-708.75,-315.0,1,94.237,
01/01/2000,01:41:49.63,14.03,-74.42,-991.49,148.75,-726.25,-280.0,1,94.238,
01/01/2000,01:41:49.64,13.91,-74.42,-991.37,175.0,-700.0,-367.50,1,94.239,
01/01/2000,01:41:49.66,13.66,-74.42,-991.37,87.50,-630.0,-332.50,1,94.240,
01/01/2000,01:41:49.67,13.79,-74.30,-991.37,96.25,-770.0,-341.25,1,94.241,
01/01/2000,01:41:49.68,13.91,-74.30,-991.62,245.0,-708.75,-350.0,1,94.242,
01/01/2000,01:41:49.69,13.91,-74.18,-991.62,105.0,-665.0,-262.50,1,94.243,
01/01/2000,01:41:49.70,14.03,-74.18,-991.37,218.75,-735.0,-280.0,1,94.243,
01/01/2000,01:41:49.71,14.03,-74.30,-991.37,140.0,-673.75,-218.75,1,94.244,
01/01/2000,01:41:49.72,14.15,-74.42,-991.37,148.75,-682.50,-341.25,1,94.245,
01/01/2000,01:41:49.73,14.15,-74.54,-991.62,78.75,-726.25,-376.25,1,94.246,
01/01/2000,01:41:49.74,14.15,-74.54,-991.62,166.25,-682.50,-323.75,1,94.247,
01/01/2000,01:41:49.75,14.03,-74.54,-991.37,105.0,-656.25,-236.25,1,94.248,
01/01/2000,01:41:49.76,13.91,-74.66,-991.37,245.0,-735.0,-428.75,1,94.249,
01/01/2000,01:41:49.77,14.03,-74.54,-991.74,175.0,-673.75,-288.75,1,94.250,
01/01/2000,01:41:49.78,14.03,-74.42,-991.74,201.25,-735.0,-367.50,1,94.251,
01/01/2000,01:41:49.79,13.91,-74.66,-991.74,166.25,-673.75,-323.75,1,94.252,
01/01/2000,01:41:49.80,13.79,-74.54,-991.49,201.25,-533.75,-323.75,1,94.238,
01/01/2000,01:41:49.81,13.79,-74.54,-991.62,148.75,-673.75,-306.25,1,94.239,
01/01/2000,01:41:49.82,13.91,-74.42,-991.74,157.50,-700.0,-306.25,1,94.240,
01/01/2000,01:41:49.83,13.91,-74.54,-991.86,227.50,-673.75,-341.25,1,94.240,
01/01/2000,01:41:49.85,13.79,-74.66,-991.49,131.25,-665.0,-236.25,1,94.241,
01/01/2000,01:41:49.85,13.66,-74.66,-991.37,131.25,-743.75,-358.75,1,94.242,
01/01/2000,01:41:49.87,13.66,-74.66,-991.25,315.0,-822.50,-350.0,1,94.243,
01/01/2000,01:41:49.88,13.66,-74.42,-991.49,175.0,-682.50,-498.75,1,94.244,
01/01/2000,01:41:49.89,13.91,-74.66,-991.74,227.50,-647.50,-411.25,1,94.245,
01/01/2000,01:41:49.90,13.66,-74.66,-991.62,262.50,-708.75,-341.25,1,94.246,
01/01/2000,01:41:49.91,13.79,-74.66,-991.49,166.25,-726.25,-428.75,1,94.247,
01/01/2000,01:41:49.92,13.79,-74.66,-991.49,201.25,-743.75,-358.75,1,94.248,
01/01/2000,01:41:49.93,13.66,-74.42,-991.62,175.0,-700.0,-297.50,1,94.249,
01/01/2000,01:41:49.94,13.66,-74.42,-991.62,218.75,-726.25,-332.50,1,94.235,
01/01/2000,01:41:49.95,13.66,-74.42,-991.49,210.0,-717.50,-472.50,1,94.236,
01/01/2000,01:41:49.96,13.79,-74.42,-991.49,218.75,-691.25,-367.50,1,94.236,
01/01/2000,01:41:49.97,13.91,-74.30,-991.37,183.75,-761.25,-306.25,1,94.237,
01/01/2000,01:41:49.98,13.79,-74.30,-991.49,192.50,-682.50,-376.25,1,94.238,
01/01/2000,01:41:49.99,13.91,-74.42,-991.49,245.0,-656.25,-315.0,1,94.239,
01/01/2000,01:41:50.01,13.91,-74.18,-991.62,166.25,-735.0,-393.75,1,94.240,
01/01/2000,01:41:50.02,13.79,-74.18,-991.62,175.0,-665.0,-376.25,1,94.241,
01/01/2000,01:41:50.03,13.79,-74.18,-991.62,218.75,-831.25,-297.50,1,94.242,
01/01/2000,01:41:50.04,13.91,-74.05,-991.49,26.25,-630.0,-315.0,1,94.243,
01/01/2000,01:41:50.05,13.91,-74.42,-991.37,70.0,-752.50,-428.75,1,94.244,
01/01/2000,01:41:50.06,13.91,-74.54,-991.37,183.75,-630.0,-280.0,1,94.245,
01/01/2000,01:41:50.07,13.91,-74.42,-991.37,201.25,-577.50,-350.0,1,94.231,
01/01/2000,01:41:50.08,14.03,-74.42,-991.37,166.25,-770.0,-332.50,1,94.232,
01/01/2000,01:41:50.09,14.03,-74.42,-991.37,192.50,-586.25,-262.50,1,94.233,
01/01/2000,01:41:50.10,14.15,-74.42,-991.37,166.25,-700.0,-437.50,1,94.233,
01/01/2000,01:41:50.11,14.15,-74.54,-991.49,175.0,-682.50,-350.0,1,94.234,
01/01/2000,01:41:50.12,14.15,-74.54,-991.49,157.50,-717.50,-402.50,1,94.235,
01/01/2000,01:41:50.13,14.15,-74.54,-991.37,131.25,-673.75,-350.0,1,94.236,
01/01/2000,01:41:50.14,14.15,-74.54,-991.13,61.25,-656.25,-323.75,1,94.237,
01/01/2000,01:41:50.16,14.15,-74.42,-991.13,131.25,-673.75,-332.50,1,94.238,
01/01/2000,01:41:50.17,14.15,-74.42,-991.49,122.50,-612.50,-341.25,1,94.239,
01/01/2000,01:41:50.18,14.15,-74.66,-991.49,201.25,-770.0,-332.50,1,94.240,
01/01/2000,01:41:50.19,14.15,-74.79,-991.37,78.75,-708.75,-297.50,1,94.241,
01/01/2000,01:41:50.20,14.15,-74.66,-991.13,157.50,-673.75,-420.0,1,94.242,
01/01/2000,01:41:50.21,14.15,-74.66,-991.01,323.75,-805.0,-341.25,1,94.242,
01/01/2000,01:41:50.22,14.03,-74.42,-991.25,131.25,-770.0,-306.25,1,94.243,
01/01/2000,01:41:50.23,14.03,-74.18,-991.37,96.25,-656.25,-367.50,1,94.244,
01/01/2000,01:41:50.24,13.91,-74.05,-991.13,35.0,-630.0,-385.0,1,94.245,
01/01/2000,01:41:50.25,13.91,-74.05,-991.25,323.75,-673.75,-402.50,1,94.246,
01/01/2000,01:41:50.26,13.91,-74.18,-991.25,218.75,-700.0,-358.75,1,94.247,
01/01/2000,01:41:50.27,13.91,-74.18,-991.25,166.25,-708.75,-350.0,1,94.248,
01/01/2000,01:41:50.28,13.91,-74.18,-991.13,122.50,-700.0,-402.50,1,94.249,
01/01/2000,01:41:50.29,13.91,-74.18,-991.13,122.50,-743.75,-288.75,1,94.235,
01/01/2000,01:41:50.30,13.91,-74.30,-991.25,271.25,-726.25,-367.50,1,94.236,
01/01/2000,01:41:50.31,14.03,-74.42,-991.37,192.50,-700.0,-341.25,1,94.237,
01/01/2000,01:41:50.32,14.03,-74.54,-991.37,253.75,-682.50,-280.0,1,94.238,
01/01/2000,01:41:50.33,13.91,-74.66,-991.25,210.0,-682.50,-428.75,1,94.239,
01/01/2000,01:41:50.34,13.79,-74.42,-991.37,157.50,-630.0,-288.75,1,94.239,
01/01/2000,01:41:50.35,13.91,-74.42,-991.37,166.25,-770.0,-262.50,1,94.240,
01/01/2000,01:41:50.37,13.91,-74.42,-991.49,148.75,-743.75,-358.75,1,94.241,
01/01/2000,01:41:50.38,13.91,-74.42,-991.62,87.50,-726.25,-428.75,1,94.242,
01/01/2000,01:41:50.39,13.91,-74.42,-991.74,192.50,-778.75,-376.25,1,94.243,
01/01/2000,01:41:50.40,13.91,-74.42,-991.62,175.0,-673.75,-271.25,1,94.244,
01/01/2000,01:41:50.41,13.91,-74.30,-991.49,280.0,-691.25,-437.50,1,94.245,
01/01/2000,01:41:50.42,13.79,-74.42,-991.49,140.0,-621.25,-245.0,1,94.246,
01/01/2000,01:41:50.43,13.79,-74.42,-991.37,96.25,-770.0,-393.75,1,94.247,
01/01/2000,01:41:50.44,13.91,-74.30,-991.37,262.50,-691.25,-402.50,1,94.248,
01/01/2000,01:41:50.45,13.91,-74.30,-991.25,122.50,-665.0,-280.0,1,94.248,
01/01/2000,01:41:50.46,13.91,-74.42,-991.25,166.25,-717.50,-323.75,1,94.249,
01/01/2000,01:41:50.47,13.91,-74.42,-991.25,175.0,-717.50,-288.75,1,94.250,
01/01/2000,01:41:50.48,14.03,-74.30,-991.25,140.0,-726.25,-393.75,1,94.251,
01/01/2000,01:41:50.49,14.15,-74.05,-991.49,61.25,-630.0,-341.25,1,94.252,
01/01/2000,01:41:50.50,14.15,-74.18,-991.49,131.25,-647.50,-455.0,1,94.238,
01/01/2000,01:41:50.51,14.03,-74.30,-991.13,122.50,-673.75,-315.0,1,94.239,
01/01/2000,01:41:50.53,14.03,-74.42,-991.13,245.0,-612.50,-402.50,1,94.240,
01/01/2000,01:41:50.54,14.03,-74.42,-991.37,-43.75,-805.0,-306.25,1,94.241,
01/01/2000,01:41:50.55,13.91,-74.42,-991.49,113.75,-708.75,-402.50,1,94.242,
01/01/2000,01:41:50.56,13.79,-74.42,-991.49,52.50,-717.50,-306.25,1,94.243,
01/01/2000,01:41:50.57,13.79,-74.18,-991.37,245.0,-717.50,-341.25,1,94.244,
01/01/2000,01:41:50.58,13.91,-74.18,-991.25,157.50,-673.75,-420.0,1,94.244,
01/01/2000,01:41:50.59,13.91,-74.30,-991.37,70.0,-717.50,-280.0,1,94.245,
01/01/2000,01:41:50.60,13.79,-74.42,-991.37,192.50,-665.0,-420.0,1,94.246,
01/01/2000,01:41:50.61,13.66,-74.30,-991.25,253.75,-805.0,-323.75,1,94.247,
01/01/2000,01:41:50.62,13.79,-74.18,-991.37,43.75,-743.75,-323.75,1,94.248,
01/01/2000,01:41:50.63,13.79,-74.18,-991.37,236.25,-752.50,-358.75,1,94.249,
01/01/2000,01:41:50.64,14.15,-74.05,-991.49,105.0,-682.50,-341.25,1,94.235,
01/01/2000,01:41:50.65,14.03,-74.30,-991.37,140.0,-805.0,-402.50,1,94.236,
01/01/2000,01:41:50.66,13.91,-74.54,-991.37,306.25,-770.0,-385.0,1,94.237,
01/01/2000,01:41:50.67,13.91,-74.42,-991.25,122.50,-568.75,-297.50,1,94.238,
01/01/2000,01:41:50.68,14.03,-74.30,-991.13,131.25,-726.25,-385.0,1,94.239,
01/01/2000,01:41:50.69,13.91,-74.30,-991.25,70.0,-673.75,-262.50,1,94.240,
01/01/2000,01:41:50.70,13.79,-74.30,-991.37,192.50,-603.75,-323.75,1,94.241,
01/01/2000,01:41:50.71,13.91,-74.42,-991.37,96.25,-708.75,-306.25,1,94.241,
01/01/2000,01:41:50.72,13.91,-74.42,-991.37,157.50,-603.75,-306.25,1,94.242,
01/01/2000,01:41:50.73,13.91,-74.42,-991.37,70.0,-787.50,-367.50,1,94.243,
01/01/2000,01:41:50.74,13.91,-74.42,-991.25,192.50,-682.50,-420.0,1,94.244,
01/01/2000,01:41:50.75,13.79,-74.30,-991.37,131.25,-630.0,-367.50,1,94.245,
01/01/2000,01:41:50.77,13.66,-74.18,-991.37,113.75,-726.25,-201.25,1,94.246,
01/01/2000,01:41:50.77,13.91,-74.30,-991.37,131.25,-472.50,-367.50,1,94.247,
01/01/2000,01:41:50.79,13.79,-74.30,-991.25,148.75,-603.75,-393.75,1,94.248,
01/01/2000,01:41:50.80,13.91,-74.30,-991.13,323.75,-743.75,-376.25,1,94.249,
01/01/2000,01:41:50.81,14.03,-74.30,-991.13,218.75,-638.75,-306.25,1,94.249,
01/01/2000,01:41:50.82,13.91,-74.42,-991.25,148.75,-630.0,-288.75,1,94.250,
01/01/2000,01:41:50.83,13.91,-74.42,-991.37,218.75,-603.75,-350.0,1,94.251,
01/01/2000,01:41:50.84,13.91,-74.42,-991.25,227.50,-708.75,-367.50,1,94.252,
01/01/2000,01:41:50.85,14.40,-74.30,-991.25,210.0,-700.0,-332.50,1,94.238,
01/01/2000,01:41:50.86,14.52,-74.42,-991.13,61.25,-691.25,-350.0,1,94.239,
01/01/2000,01:41:50.87,14.40,-74.54,-990.88,210.0,-603.75,-271.25,1,94.240,
01/01/2000,01:41:50.88,14.15,-74.66,-990.88,253.75,-665.0,-472.50,1,94.241,
01/01/2000,01:41:50.89,14.15,-74.42,-991.01,52.50,-665.0,-507.50,1,94.242,
01/01/2000,01:41:50.90,14.15,-74.18,-991.13,26.25,-647.50,-306.25,1,94.243,
01/01/2000,01:41:50.91,14.27,-74.05,-991.25,105.0,-603.75,-253.75,1,94.244,
01/01/2000,01:41:50.93,14.15,-74.18,-991.13,210.0,-691.25,-350.0,1,94.245,
01/01/2000,01:41:50.94,14.03,-74.42,-991.01,297.50,-665.0,-315.0,1,94.246,
01/01/2000,01:41:50.95,14.27,-74.42,-991.01,166.25,-822.50,-358.75,1,94.246,
01/01/2000,01:41:50.96,14.52,-74.05,-991.25,43.75,-665.0,-367.50,1,94.247,
01/01/2000,01:41:50.97,14.40,-74.05,-991.25,192.50,-778.75,-315.0,1,94.248,
01/01/2000,01:41:50.98,14.03,-74.18,-990.88,35.0,-700.0,-323.75,1,94.249,
01/01/2000,01:41:50.99,14.03,-74.42,-991.01,131.25,-630.0,-350.0,1,94.250,
01/01/2000,01:41:51.00,14.15,-74.42,-991.37,52.50,-673.75,-393.75,1,94.251,
01/01/2000,01:41:51.01,14.27,-74.30,-991.37,192.50,-691.25,-288.75,1,94.252,
01/01/2000,01:41:51.02,14.15,-74.18,-991.37,140.0,-656.25,-332.50,1,94.253,
01/01/2000,01:41:51.03,13.91,-74.18,-991.01,262.50,-673.75,-280.0,1,94.239,
01/01/2000,01:41:51.05,13.91,-74.30,-991.13,96.25,-700.0,-367.50,1,94.240,
01/01/2000,01:41:51.06,14.15,-74.42,-991.13,52.50,-647.50,-271.25,1,94.241,
01/01/2000,01:41:51.07,14.15,-74.42,-991.25,148.75,-691.25,-332.50,1,94.242,
01/01/2000,01:41:51.08,13.91,-74.42,-991.01,131.25,-665.0,-332.50,1,94.243,
01/01/2000,01:41:51.09,13.91,-74.42,-991.01,148.75,-682.50,-420.0,1,94.243,
01/01/2000,01:41:51.10,13.79,-74.30,-991.13,236.25,-708.75,-411.25,1,94.244,
01/01/2000,01:41:51.11,13.91,-74.30,-991.25,192.50,-673.75,-306.25,1,94.245,
01/01/2000,01:41:51.12,13.79,-74.42,-991.25,105.0,-752.50,-376.25,1,94.246,
01/01/2000,01:41:51.13,13.66,-74.30,-991.13,0.0,-717.50,-262.50,1,94.247,
01/01/2000,01:41:51.14,13.91,-74.42,-991.01,236.25,-665.0,-428.75,1,94.248,
01/01/2000,01:41:51.15,13.79,-74.18,-990.88,61.25,-743.75,-280.0,1,94.249,
01/01/2000,01:41:51.16,13.91,-74.30,-991.13,131.25,-638.75,-376.25,1,94.250,
01/01/2000,01:41:51.17,13.91,-74.30,-991.13,140.0,-743.75,-367.50,1,94.251,
01/01/2000,01:41:51.18,13.79,-74.18,-991.13,253.75,-726.25,-297.50,1,94.251,
01/01/2000,01:41:51.19,13.79,-74.30,-990.88,332.50,-761.25,-420.0,1,94.252,
01/01/2000,01:41:51.20,13.79,-74.18,-990.88,52.50,-656.25,-253.75,1,94.239,
01/01/2000,01:41:51.21,13.91,-74.30,-991.01,183.75,-595.0,-385.0,1,94.240,
01/01/2000,01:41:51.22,13.79,-74.18,-991.13,262.50,-630.0,-297.50,1,94.241,
01/01/2000,01:41:51.23,13.66,-74.05,-991.01,52.50,-726.25,-358.75,1,94.241,
01/01/2000,01:41:51.24,13.66,-74.05,-990.88,70.0,-691.25,-393.75,1,94.242,
01/01/2000,01:41:51.25,13.66,-74.18,-991.01,166.25,-708.75,-218.75,1,94.243,
01/01/2000,01:41:51.26,13.79,-74.18,-991.13,61.25,-708.75,-297.50,1,94.244,
01/01/2000,01:41:51.28,13.79,-74.42,-991.13,87.50,-726.25,-402.50,1,94.245,
01/01/2000,01:41:51.29,13.79,-74.42,-991.13,52.50,-682.50,-323.75,1,94.246,
01/01/2000,01:41:51.30,13.79,-74.30,-990.88,113.75,-621.25,-341.25,1,94.247,
01/01/2000,01:41:51.31,13.79,-74.18,-990.76,140.0,-708.75,-218.75,1,94.248,
01/01/2000,01:41:51.32,13.66,-74.30,-990.88,96.25,-708.75,-358.75,1,94.248,
01/01/2000,01:41:51.33,13.66,-74.42,-991.01,280.0,-612.50,-350.0,1,94.249,
01/01/2000,01:41:51.34,13.66,-74.42,-990.88,157.50,-647.50,-358.75,1,94.250,
01/01/2000,01:41:51.35,13.66,-74.42,-990.76,175.0,-735.0,-350.0,1,94.251,
01/01/2000,01:41:51.36,13.66,-74.18,-990.64,122.50,-682.50,-411.25,1,94.252,
01/01/2000,01:41:51.37,13.91,-74.18,-990.64,218.75,-673.75,-455.0,1,94.253,
01/01/2000,01:41:51.38,13.79,-74.18,-990.88,61.25,-743.75,-323.75,1,94.254,
01/01/2000,01:41:51.39,13.79,-74.30,-991.01,70.0,-717.50,-393.75,1,94.255,
01/01/2000,01:41:51.40,13.91,-74.18,-991.01,183.75,-743.75,-358.75,1,94.256,
01/01/2000,01:41:51.41,13.91,-74.30,-990.88,227.50,-682.50,-358.75,1,94.242,
01/01/2000,01:41:51.42,13.79,-74.30,-990.76,210.0,-708.75,-297.50,1,94.243,
01/01/2000,01:41:51.43,13.79,-74.42,-990.76,166.25,-630.0,-315.0,1,94.244,
01/01/2000,01:41:51.44,13.79,-74.30,-990.88,148.75,-752.50,-315.0,1,94.245,
01/01/2000,01:41:51.45,13.79,-74.18,-991.25,78.75,-717.50,-358.75,1,94.245,
01/01/2000,01:41:51.46,13.79,-74.30,-991.01,148.75,-735.0,-358.75,1,94.246,
01/01/2000,01:41:51.47,13.66,-74.42,-990.76,140.0,-743.75,-411.25,1,94.247,
01/01/2000,01:41:51.49,13.66,-74.18,-990.64,105.0,-743.75,-367.50,1,94.248,
01/01/2000,01:41:51.50,13.79,-74.30,-990.88,140.0,-665.0,-332.50,1,94.249,
01/01/2000,01:41:51.51,13.66,-74.42,-990.88,113.75,-630.0,-323.75,1,94.250,
01/01/2000,01:41:51.52,13.54,-74.54,-990.88,192.50,-717.50,-411.25,1,94.251,
01/01/2000,01:41:51.53,13.42,-74.42,-990.64,113.75,-656.25,-297.50,1,94.252,
01/01/2000,01:41:51.54,13.66,-74.30,-990.40,157.50,-638.75,-411.25,1,94.238,
01/01/2000,01:41:51.55,14.03,-74.30,-990.64,227.50,-735.0,-306.25,1,94.239,
01/01/2000,01:41:51.56,13.91,-74.30,-990.64,140.0,-735.0,-288.75,1,94.240,
01/01/2000,01:41:51.58,13.91,-74.30,-990.64,210.0,-673.75,-402.50,1,94.241,
01/01/2000,01:41:51.59,13.91,-74.18,-990.88,122.50,-691.25,-323.75,1,94.242,
01/01/2000,01:41:51.60,14.03,-74.05,-990.88,183.75,-840.0,-358.75,1,94.243,
01/01/2000,01:41:51.61,14.15,-74.05,-990.88,218.75,-665.0,-201.25,1,94.243,
01/01/2000,01:41:51.62,14.03,-74.05,-991.01,140.0,-673.75,-271.25,1,94.244,
01/01/2000,01:41:51.63,14.03,-74.30,-990.88,148.75,-752.50,-358.75,1,94.245,
01/01/2000,01:41:51.64,13.91,-74.42,-990.64,201.25,-630.0,-455.0,1,94.246,
01/01/2000,01:41:51.65,14.03,-74.30,-990.76,253.75,-752.50,-350.0,1,94.247,
01/01/2000,01:41:51.66,14.15,-74.18,-990.88,288.75,-735.0,-332.50,1,94.248,
01/01/2000,01:41:51.67,14.03,-74.30,-990.88,43.75,-708.75,-323.75,1,94.249,
01/01/2000,01:41:51.68,13.91,-74.42,-990.76,96.25,-770.0,-428.75,1,94.250,
01/01/2000,01:41:51.69,13.91,-74.42,-990.88,122.50,-673.75,-420.0,1,94.250,
01/01/2000,01:41:51.70,14.15,-74.42,-991.01,192.50,-717.50,-323.75,1,94.251,
01/01/2000,01:41:51.71,14.15,-74.30,-991.13,183.75,-656.25,-227.50,1,94.252,
01/01/2000,01:41:51.72,14.15,-74.30,-990.88,157.50,-612.50,-315.0,1,94.253,
01/01/2000,01:41:51.73,14.15,-74.54,-990.88,183.75,-743.75,-367.50,1,94.254,
01/01/2000,01:41:51.74,13.91,-74.79,-990.88,262.50,-560.0,-323.75,1,94.255,
01/01/2000,01:41:51.75,13.91,-74.54,-991.01,148.75,-726.25,-428.75,1,94.256,
01/01/2000,01:41:51.76,14.03,-74.42,-991.13,210.0,-691.25,-306.25,1,94.257,
01/01/2000,01:41:51.77,13.66,-74.42,-990.88,0.0,-726.25,-315.0,1,94.243,
01/01/2000,01:41:51.78,13.54,-74.66,-990.88,157.50,-682.50,-341.25,1,94.244,
01/01/2000,01:41:51.79,13.54,-74.66,-991.01,245.0,-805.0,-271.25,1,94.245,
01/01/2000,01:41:51.80,13.91,-74.66,-991.01,140.0,-761.25,-385.0,1,94.246,
01/01/2000,01:41:51.81,13.66,-74.54,-991.13,157.50,-735.0,-341.25,1,94.247,
01/01/2000,01:41:51.82,13.66,-74.54,-991.13,218.75,-726.25,-341.25,1,94.247,
01/01/2000,01:41:51.84,13.79,-74.54,-990.88,43.75,-612.50,-385.0,1,94.248,
01/01/2000,01:41:51.85,13.91,-74.54,-991.01,183.75,-717.50,-428.75,1,94.249,
01/01/2000,01:41:51.86,13.91,-74.66,-991.01,236.25,-682.50,-376.25,1,94.250,
01/01/2000,01:41:51.87,13.79,-74.42,-990.88,148.75,-673.75,-402.50,1,94.251,
01/01/2000,01:41:51.88,13.91,-74.42,-990.88,78.75,-708.75,-227.50,1,94.252,
01/01/2000,01:41:51.89,13.91,-74.42,-990.88,227.50,-665.0,-306.25,1,94.253,
01/01/2000,01:41:51.90,13.79,-74.54,-991.01,288.75,-708.75,-341.25,1,94.254,
01/01/2000,01:41:51.91,13.79,-74.54,-991.01,140.0,-673.75,-341.25,1,94.254,
01/01/2000,01:41:51.92,13.66,-74.54,-990.88,218.75,-743.75,-367.50,1,94.255,
01/01/2000,01:41:51.93,13.66,-74.54,-990.76,122.50,-735.0,-280.0,1,94.256,
01/01/2000,01:41:51.94,13.79,-74.66,-990.88,148.75,-735.0,-420.0,1,94.257,
01/01/2000,01:41:51.95,13.66,-74.54,-990.88,131.25,-682.50,-332.50,1,94.258,
01/01/2000,01:41:51.96,13.66,-74.54,-991.13,61.25,-691.25,-315.0,1,94.259,
01/01/2000,01:41:51.97,13.54,-74.66,-991.13,183.75,-630.0,-271.25,1,94.260,
01/01/2000,01:41:51.98,13.42,-74.66,-991.13,35.0,-621.25,-245.0,1,94.246,
01/01/2000,01:41:51.99,13.54,-74.54,-991.13,201.25,-630.0,-323.75,1,94.247,
01/01/2000,01:41:52.00,13.54,-74.54,-991.13,96.25,-778.75,-341.25,1,94.248,
01/01/2000,01:41:52.01,13.42,-74.66,-991.25,175.0,-752.50,-306.25,1,94.249,
01/01/2000,01:41:52.02,13.54,-74.79,-991.13,201.25,-691.25,-367.50,1,94.250,
01/01/2000,01:41:52.03,13.54,-74.66,-991.25,26.25,-682.50,-245.0,1,94.251,
01/01/2000,01:41:52.05,13.79,-74.42,-991.49,61.25,-796.25,-280.0,1,94.237,
01/01/2000,01:41:52.06,13.91,-74.42,-991.62,148.75,-778.75,-332.50,1,94.238,
01/01/2000,01:41:52.07,13.91,-74.42,-991.49,227.50,-805.0,-385.0,1,94.239,
01/01/2000,01:41:52.08,13.91,-74.54,-991.37,96.25,-673.75,-315.0,1,94.240,
01/01/2000,01:41:52.09,13.91,-74.54,-991.37,288.75,-656.25,-393.75,1,94.241,
01/01/2000,01:41:52.10,13.91,-74.66,-991.37,236.25,-647.50,-332.50,1,94.242,
01/01/2000,01:41:52.11,13.91,-74.66,-991.37,70.0,-708.75,-376.25,1,94.242,
01/01/2000,01:41:52.12,13.79,-74.66,-991.25,166.25,-735.0,-376.25,1,94.243,
01/01/2000,01:41:52.14,13.79,-74.66,-991.13,105.0,-603.75,-288.75,1,94.244,
01/01/2000,01:41:52.15,13.79,-74.66,-991.01,218.75,-577.50,-271.25,1,94.245,
01/01/2000,01:41:52.16,13.91,-74.54,-991.13,113.75,-761.25,-332.50,1,94.246,
01/01/2000,01:41:52.17,13.91,-74.66,-991.25,166.25,-700.0,-376.25,1,94.247,
01/01/2000,01:41:52.18,13.79,-74.54,-991.13,245.0,-735.0,-280.0,1,94.248,
01/01/2000,01:41:52.19,13.54,-74.66,-991.25,105.0,-630.0,-428.75,1,94.249,
01/01/2000,01:41:52.20,13.66,-74.54,-991.37,140.0,-638.75,-393.75,1,94.249,
01/01/2000,01:41:52.21,13.91,-74.42,-991.37,122.50,-682.50,-280.0,1,94.250,
01/01/2000,01:41:52.22,13.91,-74.54,-991.49,183.75,-682.50,-271.25,1,94.251,
01/01/2000,01:41:52.23,13.79,-74.66,-991.49,183.75,-621.25,-350.0,1,94.252,
01/01/2000,01:41:52.24,13.66,-74.66,-991.62,192.50,-665.0,-455.0,1,94.253,
01/01/2000,01:41:52.25,13.66,-74.66,-991.62,113.75,-778.75,-420.0,1,94.254,
01/01/2000,01:41:52.26,13.91,-74.42,-991.62,148.75,-638.75,-323.75,1,94.255,
01/01/2000,01:41:52.27,13.79,-74.42,-991.37,245.0,-586.25,-332.50,1,94.255,
01/01/2000,01:41:52.28,13.66,-74.54,-991.25,113.75,-673.75,-420.0,1,94.256,
01/01/2000,01:41:52.29,13.66,-74.66,-991.37,157.50,-656.25,-332.50,1,94.257,
01/01/2000,01:41:52.30,13.79,-74.66,-991.62,140.0,-691.25,-385.0,1,94.258,
01/01/2000,01:41:52.31,13.91,-74.54,-991.62,183.75,-700.0,-192.50,1,94.259,
01/01/2000,01:41:52.32,13.91,-74.66,-991.49,183.75,-691.25,-323.75,1,94.260,
01/01/2000,01:41:52.33,13.66,-74.66,-991.13,105.0,-892.50,-358.75,1,94.246,
01/01/2000,01:41:52.34,13.66,-74.79,-991.25,122.50,-673.75,-315.0,1,94.247,
01/01/2000,01:41:52.35,13.54,-74.66,-991.37,-8.75,-673.75,-297.50,1,94.248,
01/01/2000,01:41:52.37,13.54,-74.66,-991.37,218.75,-656.25,-341.25,1,94.249,
01/01/2000,01:41:52.37,13.54,-74.66,-991.25,96.25,-717.50,-306.25,1,94.250,
01/01/2000,01:41:52.39,13.42,-74.66,-991.13,183.75,-761.25,-306.25,1,94.251,
01/01/2000,01:41:52.40,13.54,-74.66,-991.25,113.75,-743.75,-332.50,1,94.252,
01/01/2000,01:41:52.41,13.66,-74.79,-991.37,87.50,-770.0,-358.75,1,94.253,
01/01/2000,01:41:52.42,13.66,-74.79,-991.37,218.75,-796.25,-297.50,1,94.253,
01/01/2000,01:41:52.43,13.66,-74.91,-991.25,297.50,-656.25,-271.25,1,94.254,
01/01/2000,01:41:52.44,13.66,-74.66,-991.37,157.50,-717.50,-262.50,1,94.255,
01/01/2000,01:41:52.45,13.79,-74.79,-991.37,157.50,-708.75,-341.25,1,94.256,
01/01/2000,01:41:52.46,13.79,-74.66,-991.49,87.50,-691.25,-428.75,1,94.257,
01/01/2000,01:41:52.47,13.66,-74.79,-991.62,166.25,-752.50,-332.50,1,94.244,
01/01/2000,01:41:52.48,13.91,-74.66,-991.49,140.0,-752.50,-332.50,1,94.244,
01/01/2000,01:41:52.49,13.91,-74.79,-991.37,148.75,-708.75,-367.50,1,94.245,
01/01/2000,01:41:52.50,13.79,-74.79,-991.37,122.50,-682.50,-350.0,1,94.246,
01/01/2000,01:41:52.51,13.91,-74.79,-991.49,358.75,-813.75,-367.50,1,94.247,
01/01/2000,01:41:52.52,13.91,-74.66,-991.62,78.75,-752.50,-332.50,1,94.248,
01/01/2000,01:41:52.53,13.91,-74.66,-991.62,218.75,-656.25,-236.25,1,94.249,
01/01/2000,01:41:52.55,13.91,-74.66,-991.37,78.75,-682.50,-367.50,1,94.250,
01/01/2000,01:41:52.56,14.03,-74.54,-991.49,26.25,-761.25,-297.50,1,94.250,
01/01/2000,01:41:52.57,14.03,-74.54,-991.62,70.0,-691.25,-332.50,1,94.251,
01/01/2000,01:41:52.58,13.91,-74.54,-991.74,183.75,-778.75,-446.25,1,94.252,
01/01/2000,01:41:52.59,13.91,-74.54,-991.62,201.25,-735.0,-393.75,1,94.239,
01/01/2000,01:41:52.60,13.91,-74.42,-991.62,140.0,-726.25,-402.50,1,94.254,
01/01/2000,01:41:52.61,13.91,-74.54,-991.62,122.50,-682.50,-420.0,1,94.241,
01/01/2000,01:41:52.62,13.91,-74.42,-991.62,192.50,-735.0,-358.75,1,94.241,
01/01/2000,01:41:52.63,13.91,-74.54,-991.62,332.50,-726.25,-323.75,1,94.242,
01/01/2000,01:41:52.64,13.91,-74.54,-991.74,113.75,-673.75,-323.75,1,94.243,
01/01/2000,01:41:52.65,13.91,-74.54,-991.74,245.0,-586.25,-350.0,1,94.244,
01/01/2000,01:41:52.66,13.91,-74.42,-991.62,105.0,-656.25,-315.0,1,94.245,
01/01/2000,01:41:52.67,13.91,-74.54,-991.49,183.75,-656.25,-332.50,1,94.246,
01/01/2000,01:41:52.69,13.91,-74.66,-991.49,70.0,-761.25,-428.75,1,94.247,
01/01/2000,01:41:52.70,13.91,-74.54,-991.62,192.50,-708.75,-306.25,1,94.248,
01/01/2000,01:41:52.71,14.03,-74.54,-991.49,78.75,-665.0,-376.25,1,94.248,
01/01/2000,01:41:52.72,14.03,-74.54,-991.49,262.50,-638.75,-341.25,1,94.249,
01/01/2000,01:41:52.73,13.91,-74.42,-991.37,113.75,-726.25,-315.0,1,94.250,
01/01/2000,01:41:52.74,13.91,-74.42,-991.37,131.25,-700.0,-227.50,1,94.251,
01/01/2000,01:41:52.75,13.91,-74.42,-991.37,140.0,-735.0,-376.25,1,94.252,
01/01/2000,01:41:52.76,13.79,-74.66,-991.62,131.25,-735.0,-367.50,1,94.253,
01/01/2000,01:41:52.77,13.66,-74.42,-991.49,332.50,-665.0,-306.25,1,94.254,
01/01/2000,01:41:52.78,13.66,-74.30,-991.62,17.50,-673.75,-323.75,1,94.254,
01/01/2000,01:41:52.79,13.66,-74.30,-991.62,201.25,-708.75,-376.25,1,94.255,
01/01/2000,01:41:52.80,13.54,-74.42,-991.49,227.50,-796.25,-315.0,1,94.256,
01/01/2000,01:41:52.81,13.66,-74.66,-991.49,157.50,-533.75,-332.50,1,94.257,
01/01/2000,01:41:52.82,13.66,-74.66,-991.37,122.50,-743.75,-385.0,1,94.244,
01/01/2000,01:41:52.83,13.66,-74.66,-991.37,280.0,-717.50,-271.25,1,94.245,
01/01/2000,01:41:52.84,13.66,-74.54,-991.25,157.50,-656.25,-437.50,1,94.245,
01/01/2000,01:41:52.85,13.66,-74.54,-991.37,140.0,-691.25,-376.25,1,94.246,
01/01/2000,01:41:52.86,13.66,-74.54,-991.37,17.50,-665.0,-446.25,1,94.247,
01/01/2000,01:41:52.87,13.79,-74.66,-991.37,227.50,-726.25,-332.50,1,94.248,
01/01/2000,01:41:52.88,13.66,-74.54,-991.49,26.25,-761.25,-245.0,1,94.249,
01/01/2000,01:41:52.90,13.79,-74.66,-991.37,218.75,-735.0,-323.75,1,94.250,
01/01/2000,01:41:52.91,13.79,-74.54,-991.49,192.50,-726.25,-402.50,1,94.251,
01/01/2000,01:41:52.92,13.79,-74.54,-991.49,201.25,-708.75,-262.50,1,94.251,
01/01/2000,01:41:52.93,13.79,-74.54,-991.62,-26.25,-700.0,-367.50,1,94.252,
01/01/2000,01:41:52.94,13.79,-74.66,-991.49,218.75,-726.25,-350.0,1,94.253,
01/01/2000,01:41:52.95,13.66,-74.66,-991.37,262.50,-726.25,-393.75,1,94.254,
01/01/2000,01:41:52.96,13.79,-74.66,-991.49,271.25,-656.25,-376.25,1,94.255,
01/01/2000,01:41:52.97,13.91,-74.54,-991.49,192.50,-673.75,-367.50,1,94.256,
01/01/2000,01:41:52.98,13.91,-74.54,-991.49,201.25,-770.0,-402.50,1,94.257,
01/01/2000,01:41:52.99,13.79,-74.66,-991.49,210.0,-630.0,-402.50,1,94.258,
01/01/2000,01:41:53.00,13.91,-74.66,-991.25,192.50,-630.0,-367.50,1,94.258,
01/01/2000,01:41:53.01,13.91,-74.54,-991.25,166.25,-708.75,-288.75,1,94.259,
01/01/2000,01:41:53.02,14.03,-74.54,-991.25,210.0,-630.0,-358.75,1,94.260,
01/01/2000,01:41:53.03,13.79,-74.42,-991.25,175.0,-708.75,-385.0,1,94.247,
01/01/2000,01:41:53.04,13.91,-74.54,-991.13,218.75,-770.0,-385.0,1,94.248,
01/01/2000,01:41:53.06,14.03,-74.42,-991.13,227.50,-796.25,-350.0,1,94.249,
01/01/2000,01:41:53.06,14.03,-74.42,-991.13,70.0,-682.50,-367.50,1,94.249,
01/01/2000,01:41:53.08,13.91,-74.66,-991.13,105.0,-796.25,-315.0,1,94.250,
01/01/2000,01:41:53.09,13.79,-74.66,-991.25,280.0,-630.0,-350.0,1,94.251,
01/01/2000,01:41:53.10,13.66,-74.66,-991.25,280.0,-691.25,-350.0,1,94.252,
01/01/2000,01:41:53.11,13.54,-74.66,-991.25,78.75,-603.75,-218.75,1,94.253,
01/01/2000,01:41:53.12,13.66,-74.54,-991.25,218.75,-700.0,-411.25,1,94.254,
01/01/2000,01:41:53.13,13.79,-74.54,-991.37,70.0,-735.0,-210.0,1,94.255,
01/01/2000,01:41:53.14,13.91,-74.66,-991.37,218.75,-691.25,-446.25,1,94.255,
01/01/2000,01:41:53.15,13.91,-74.79,-991.37,280.0,-682.50,-332.50,1,94.256,
01/01/2000,01:41:53.16,13.79,-74.66,-991.37,131.25,-691.25,-393.75,1,94.257,
01/01/2000,01:41:53.17,13.79,-74.66,-991.25,157.50,-717.50,-280.0,1,94.244,
01/01/2000,01:41:53.18,13.79,-74.66,-991.25,280.0,-761.25,-367.50,1,94.245,
01/01/2000,01:41:53.19,13.79,-74.66,-991.37,236.25,-691.25,-385.0,1,94.246,
01/01/2000,01:41:53.20,13.79,-74.91,-991.37,148.75,-612.50,-402.50,1,94.247,
01/01/2000,01:41:53.21,13.79,-74.79,-991.37,8.75,-691.25,-376.25,1,94.247,
01/01/2000,01:41:53.22,13.91,-74.66,-991.13,122.50,-708.75,-271.25,1,94.248,
01/01/2000,01:41:53.23,13.66,-74.42,-991.25,157.50,-621.25,-385.0,1,94.249,
01/01/2000,01:41:53.24,13.66,-74.42,-991.37,8.75,-717.50,-183.75,1,94.250,
01/01/2000,01:41:53.25,13.79,-74.42,-991.37,271.25,-700.0,-367.50,1,94.251,
01/01/2000,01:41:53.27,13.66,-74.54,-991.37,122.50,-647.50,-297.50,1,94.252,
01/01/2000,01:41:53.27,13.66,-74.66,-991.37,43.75,-621.25,-315.0,1,94.253,
01/01/2000,01:41:53.29,13.79,-74.54,-991.37,288.75,-735.0,-332.50,1,94.253,
01/01/2000,01:41:53.29,13.91,-74.42,-991.37,70.0,-612.50,-393.75,1,94.254,
01/01/2000,01:41:53.31,13.91,-74.42,-991.37,17.50,-743.75,-376.25,1,94.255,
01/01/2000,01:41:53.32,13.66,-74.42,-991.37,105.0,-778.75,-280.0,1,94.256,
01/01/2000,01:41:53.33,13.79,-74.42,-991.25,192.50,-813.75,-437.50,1,94.257,
01/01/2000,01:41:53.34,13.91,-74.42,-991.13,288.75,-630.0,-341.25,1,94.258,
01/01/2000,01:41:53.35,13.91,-74.42,-991.01,122.50,-735.0,-385.0,1,94.259,
01/01/2000,01:41:53.36,13.66,-74.42,-990.88,236.25,-743.75,-420.0,1,94.259,
01/01/2000,01:41:53.37,13.66,-74.30,-990.88,148.75,-726.25,-367.50,1,94.260,
01/01/2000,01:41:53.38,13.79,-74.42,-991.13,183.75,-717.50,-393.75,1,94.247,
01/01/2000,01:41:53.39,13.91,-74.30,-991.25,96.25,-673.75,-297.50,1,94.248,
01/01/2000,01:41:53.40,13.91,-74.42,-991.01,227.50,-735.0,-288.75,1,94.249,
01/01/2000,01:41:53.41,13.79,-74.42,-990.88,218.75,-700.0,-315.0,1,94.250,
01/01/2000,01:41:53.42,13.91,-74.42,-990.88,236.25,-717.50,-437.50,1,94.250,
01/01/2000,01:41:53.43,13.91,-74.30,-991.01,157.50,-752.50,-323.75,1,94.251,
01/01/2000,01:41:53.44,13.91,-74.18,-991.13,192.50,-682.50,-245.0,1,94.252,
01/01/2000,01:41:53.46,13.79,-74.30,-991.01,131.25,-708.75,-350.0,1,94.253,
01/01/2000,01:41:53.47,13.91,-74.42,-991.01,183.75,-735.0,-367.50,1,94.254,
01/01/2000,01:41:53.48,13.91,-74.42,-991.01,183.75,-656.25,-367.50,1,94.255,
01/01/2000,01:41:53.49,13.91,-74.54,-991.01,183.75,-603.75,-350.0,1,94.256,
01/01/2000,01:41:53.50,13.91,-74.42,-991.13,166.25,-612.50,-323.75,1,94.256,
01/01/2000,01:41:53.51,13.79,-74.54,-990.88,227.50,-656.25,-411.25,1,94.257,
01/01/2000,01:41:53.52,13.79,-74.42,-990.88,8.75,-691.25,-323.75,1,94.258,
01/01/2000,01:41:53.53,13.66,-74.42,-991.01,96.25,-673.75,-367.50,1,94.259,
01/01/2000,01:41:53.54,13.79,-74.54,-991.01,201.25,-717.50,-358.75,1,94.260,
01/01/2000,01:41:53.55,13.66,-74.42,-990.88,148.75,-682.50,-271.25,1,94.261,
01/01/2000,01:41:53.56,13.66,-74.42,-990.88,148.75,-752.50,-446.25,1,94.262,
01/01/2000,01:41:53.57,13.79,-74.30,-990.76,87.50,-700.0,-253.75,1,94.262,
01/01/2000,01:41:53.58,13.66,-74.18,-990.76,122.50,-647.50,-315.0,1,94.249,
01/01/2000,01:41:53.60,13.66,-74.18,-990.76,122.50,-682.50,-385.0,1,94.250,
01/01/2000,01:41:53.61,13.66,-74.42,-990.76,245.0,-726.25,-332.50,1,94.251,
01/01/2000,01:41:53.62,13.66,-74.54,-990.76,87.50,-700.0,-463.75,1,94.252,
01/01/2000,01:41:53.63,13.66,-74.54,-990.76,210.0,-665.0,-367.50,1,94.253,
01/01/2000,01:41:53.64,13.66,-74.42,-990.88,70.0,-665.0,-446.25,1,94.254,
01/01/2000,01:41:53.65,13.66,-74.42,-990.88,253.75,-595.0,-297.50,1,94.254,
01/01/2000,01:41:53.66,13.66,-74.42,-990.76,323.75,-560.0,-411.25,1,94.255,
01/01/2000,01:41:53.67,13.54,-74.54,-990.76,218.75,-708.75,-323.75,1,94.256,
01/01/2000,01:41:53.68,13.66,-74.54,-990.88,218.75,-778.75,-306.25,1,94.257,
01/01/2000,01:41:53.69,13.91,-74.54,-990.76,175.0,-603.75,-280.0,1,94.258,
01/01/2000,01:41:53.70,13.79,-74.42,-990.76,183.75,-647.50,-245.0,1,94.259,
01/01/2000,01:41:53.71,13.79,-74.54,-990.88,78.75,-735.0,-350.0,1,94.260,
01/01/2000,01:41:53.72,13.66,-74.42,-990.88,175.0,-787.50,-385.0,1,94.260,
01/01/2000,01:41:53.73,13.66,-74.42,-991.01,122.50,-682.50,-350.0,1,94.261,
01/01/2000,01:41:53.74,13.79,-74.42,-990.88,218.75,-490.0,-358.75,1,94.248,
01/01/2000,01:41:53.75,13.91,-74.42,-990.88,122.50,-665.0,-350.0,1,94.249,
01/01/2000,01:41:53.76,13.91,-74.54,-990.76,157.50,-691.25,-402.50,1,94.250,
01/01/2000,01:41:53.77,13.66,-74.42,-990.88,253.75,-647.50,-245.0,1,94.251,
01/01/2000,01:41:53.78,13.66,-74.42,-990.88,218.75,-682.50,-385.0,1,94.252,
01/01/2000,01:41:53.79,13.66,-74.05,-991.01,140.0,-761.25,-332.50,1,94.252,
01/01/2000,01:41:53.81,13.79,-74.18,-990.88,201.25,-621.25,-306.25,1,94.253,
01/01/2000,01:41:53.82,13.66,-74.30,-990.88,96.25,-638.75,-262.50,1,94.254,
01/01/2000,01:41:53.83,13.79,-74.54,-990.88,105.0,-621.25,-428.75,1,94.255,
01/01/2000,01:41:53.84,13.79,-74.30,-990.88,87.50,-568.75,-358.75,1,94.256,
01/01/2000,01:41:53.85,13.79,-74.30,-990.88,183.75,-682.50,-315.0,1,94.257,
01/01/2000,01:41:53.86,13.91,-74.42,-991.01,131.25,-647.50,-315.0,1,94.257,
01/01/2000,01:41:53.87,13.91,-74.54,-991.01,192.50,-700.0,-323.75,1,94.258,
01/01/2000,01:41:53.88,13.91,-74.66,-991.01,218.75,-787.50,-463.75,1,94.259,
01/01/2000,01:41:53.89,13.91,-74.79,-990.88,245.0,-691.25,-332.50,1,94.260,
01/01/2000,01:41:53.90,13.79,-74.54,-991.01,78.75,-656.25,-385.0,1,94.261,
01/01/2000,01:41:53.91,13.79,-74.54,-990.76,157.50,-638.75,-385.0,1,94.262,
01/01/2000,01:41:53.92,13.91,-74.18,-990.64,113.75,-551.25,-253.75,1,94.263,
01/01/2000,01:41:53.93,13.79,-74.18,-990.64,297.50,-673.75,-376.25,1,94.263,
01/01/2000,01:41:53.94,13.91,-74.18,-990.76,271.25,-708.75,-245.0,1,94.264,
01/01/2000,01:41:53.96,13.91,-74.30,-990.88,262.50,-726.25,-315.0,1,94.251,
01/01/2000,01:41:53.97,13.91,-74.30,-990.76,140.0,-656.25,-490.0,1,94.252,
01/01/2000,01:41:53.98,13.79,-74.42,-990.88,113.75,-682.50,-297.50,1,94.253,
01/01/2000,01:41:53.99,13.91,-74.42,-990.88,131.25,-708.75,-437.50,1,94.254,
01/01/2000,01:41:54.00,13.79,-74.42,-990.88,201.25,-743.75,-288.75,1,94.255,
01/01/2000,01:41:54.01,13.79,-74.42,-990.88,70.0,-638.75,-358.75,1,94.255,
01/01/2000,01:41:54.02,13.79,-74.54,-990.88,175.0,-595.0,-350.0,1,94.256,
01/01/2000,01:41:54.03,13.91,-74.54,-990.64,297.50,-770.0,-271.25,1,94.257,
01/01/2000,01:41:54.04,13.91,-74.54,-990.64,131.25,-638.75,-350.0,1,94.258,
01/01/2000,01:41:54.05,14.03,-74.54,-990.76,175.0,-708.75,-350.0,1,94.259,
01/01/2000,01:41:54.06,13.91,-74.30,-991.01,105.0,-770.0,-245.0,1,94.260,
01/01/2000,01:41:54.07,13.91,-74.42,-990.88,341.25,-586.25,-420.0,1,94.260,
01/01/2000,01:41:54.08,13.91,-74.42,-990.76,271.25,-621.25,-358.75,1,94.261,
01/01/2000,01:41:54.10,14.15,-74.42,-990.64,131.25,-656.25,-455.0,1,94.248,
01/01/2000,01:41:54.11,14.15,-74.30,-990.64,175.0,-735.0,-428.75,1,94.249,
01/01/2000,01:41:54.12,14.03,-74.54,-990.64,140.0,-621.25,-297.50,1,94.250,
01/01/2000,01:41:54.13,13.79,-74.54,-990.64,175.0,-621.25,-420.0,1,94.251,
01/01/2000,01:41:54.14,13.66,-74.42,-990.76,105.0,-743.75,-358.75,1,94.252,
01/01/2000,01:41:54.15,13.91,-74.18,-990.64,192.50,-691.25,-332.50,1,94.253,
01/01/2000,01:41:54.16,14.03,-74.42,-990.64,131.25,-717.50,-227.50,1,94.253,
01/01/2000,01:41:54.17,13.91,-74.54,-990.52,87.50,-630.0,-245.0,1,94.240,
01/01/2000,01:41:54.18,13.66,-74.79,-990.52,227.50,-700.0,-437.50,1,94.241,
01/01/2000,01:41:54.19,13.79,-74.54,-990.64,183.75,-603.75,-280.0,1,94.242,
01/01/2000,01:41:54.20,13.91,-74.42,-990.76,140.0,-778.75,-245.0,1,94.243,
01/01/2000,01:41:54.21,13.91,-74.30,-990.64,192.50,-735.0,-253.75,1,94.244,
01/01/2000,01:41:54.22,14.03,-74.42,-990.76,175.0,-673.75,-358.75,1,94.245,
01/01/2000,01:41:54.23,13.91,-74.66,-990.88,210.0,-726.25,-385.0,1,94.245,
01/01/2000,01:41:54.24,13.91,-74.66,-990.88,183.75,-682.50,-481.25,1,94.246,
01/01/2000,01:41:54.25,14.15,-74.42,-990.88,87.50,-665.0,-332.50,1,94.247,
01/01/2000,01:41:54.27,14.15,-74.42,-990.64,253.75,-778.75,-262.50,1,94.248,
01/01/2000,01:41:54.27,13.66,-74.54,-990.64,192.50,-612.50,-262.50,1,94.249,
01/01/2000,01:41:54.29,13.54,-74.54,-990.64,122.50,-822.50,-341.25,1,94.250,
01/01/2000,01:41:54.30,13.66,-74.66,-990.88,105.0,-638.75,-428.75,1,94.251,
01/01/2000,01:41:54.31,13.91,-74.54,-990.88,175.0,-752.50,-315.0,1,94.251,
01/01/2000,01:41:54.32,13.91,-74.42,-990.64,70.0,-708.75,-402.50,1,94.252,
01/01/2000,01:41:54.33,13.66,-74.66,-990.40,157.50,-717.50,-306.25,1,94.253,
01/01/2000,01:41:54.34,13.66,-74.66,-990.52,113.75,-656.25,-350.0,1,94.254,
01/01/2000,01:41:54.35,13.91,-74.66,-991.01,175.0,-778.75,-420.0,1,94.255,
01/01/2000,01:41:54.36,13.91,-74.66,-991.13,113.75,-656.25,-332.50,1,94.256,
01/01/2000,01:41:54.37,13.91,-74.66,-991.13,183.75,-638.75,-341.25,1,94.256,
01/01/2000,01:41:54.38,13.66,-74.66,-990.76,175.0,-612.50,-306.25,1,94.257,
01/01/2000,01:41:54.39,13.66,-74.66,-990.88,78.75,-726.25,-428.75,1,94.258,
01/01/2000,01:41:54.40,13.91,-74.66,-991.13,52.50,-735.0,-350.0,1,94.259,
01/01/2000,01:41:54.41,14.15,-74.54,-991.13,35.0,-551.25,-271.25,1,94.260,
01/01/2000,01:41:54.42,14.03,-74.66,-991.01,183.75,-665.0,-288.75,1,94.261,
01/01/2000,01:41:54.43,13.91,-74.66,-990.76,8.75,-717.50,-323.75,1,94.261,
01/01/2000,01:41:54.44,14.03,-74.66,-990.88,183.75,-586.25,-306.25,1,94.248,
01/01/2000,01:41:54.45,14.15,-74.54,-991.13,192.50,-708.75,-358.75,1,94.249,
01/01/2000,01:41:54.46,14.03,-74.54,-991.25,157.50,-682.50,-332.50,1,94.250,
01/01/2000,01:41:54.47,13.66,-74.66,-991.01,148.75,-586.25,-315.0,1,94.251,
01/01/2000,01:41:54.48,13.66,-74.42,-990.88,78.75,-638.75,-358.75,1,94.252,
01/01/2000,01:41:54.49,13.91,-74.42,-990.64,113.75,-787.50,-358.75,1,94.253,
01/01/2000,01:41:54.50,13.91,-74.18,-990.76,227.50,-586.25,-393.75,1,94.254,
01/01/2000,01:41:54.52,13.91,-74.18,-990.76,70.0,-647.50,-358.75,1,94.254,
01/01/2000,01:41:54.53,13.66,-74.18,-990.64,192.50,-691.25,-402.50,1,94.255,
01/01/2000,01:41:54.54,13.66,-74.42,-990.52,166.25,-586.25,-411.25,1,94.256,
01/01/2000,01:41:54.55,13.79,-74.18,-990.64,245.0,-700.0,-358.75,1,94.257,
01/01/2000,01:41:54.56,13.91,-74.30,-990.88,78.75,-621.25,-332.50,1,94.258,
01/01/2000,01:41:54.57,13.79,-74.42,-990.64,105.0,-761.25,-280.0,1,94.259,
01/01/2000,01:41:54.58,13.66,-74.54,-990.64,218.75,-638.75,-420.0,1,94.246,
01/01/2000,01:41:54.59,13.79,-74.66,-990.64,113.75,-665.0,-385.0,1,94.246,
01/01/2000,01:41:54.61,13.79,-74.42,-991.01,131.25,-630.0,-271.25,1,94.247,
01/01/2000,01:41:54.62,13.91,-74.42,-991.01,175.0,-778.75,-288.75,1,94.248,
01/01/2000,01:41:54.63,13.79,-74.42,-990.88,122.50,-682.50,-341.25,1,94.249,
01/01/2000,01:41:54.64,13.66,-74.66,-990.88,218.75,-638.75,-358.75,1,94.250,
01/01/2000,01:41:54.65,13.66,-74.66,-991.01,52.50,-673.75,-428.75,1,94.251,
01/01/2000,01:41:54.66,13.66,-74.54,-991.13,113.75,-586.25,-367.50,1,94.252,
01/01/2000,01:41:54.67,13.79,-74.42,-991.01,192.50,-726.25,-420.0,1,94.252,
01/01/2000,01:41:54.68,13.91,-74.42,-990.76,105.0,-735.0,-376.25,1,94.253,
01/01/2000,01:41:54.69,14.03,-74.66,-990.64,175.0,-647.50,-376.25,1,94.254,
01/01/2000,01:41:54.70,14.15,-74.66,-990.88,175.0,-691.25,-306.25,1,94.255,
01/01/2000,01:41:54.71,14.03,-74.66,-990.88,236.25,-700.0,-402.50,1,94.256,
01/01/2000,01:41:54.72,14.03,-74.66,-990.88,236.25,-717.50,-551.25,1,94.257,
01/01/2000,01:41:54.73,13.91,-74.54,-990.64,148.75,-708.75,-358.75,1,94.257,
01/01/2000,01:41:54.74,13.79,-74.54,-990.64,140.0,-586.25,-297.50,1,94.258,
01/01/2000,01:41:54.75,13.91,-74.54,-990.88,87.50,-708.75,-332.50,1,94.259,
01/01/2000,01:41:54.76,14.03,-74.66,-991.01,288.75,-665.0,-367.50,1,94.260,
01/01/2000,01:41:54.77,14.03,-74.66,-990.76,183.75,-612.50,-306.25,1,94.261,
01/01/2000,01:41:54.78,13.91,-74.66,-990.64,183.75,-682.50,-315.0,1,94.262,
01/01/2000,01:41:54.79,13.79,-74.54,-990.64,210.0,-752.50,-411.25,1,94.249,
01/01/2000,01:41:54.80,13.66,-74.30,-991.13,148.75,-638.75,-315.0,1,94.250,
01/01/2000,01:41:54.81,13.66,-74.30,-991.13,227.50,-551.25,-402.50,1,94.250,
01/01/2000,01:41:54.82,13.54,-74.42,-991.01,201.25,-700.0,-367.50,1,94.251,
01/01/2000,01:41:54.83,13.54,-74.54,-990.88,70.0,-778.75,-341.25,1,94.252,
01/01/2000,01:41:54.85,13.66,-74.42,-990.88,210.0,-525.0,-402.50,1,94.253,
01/01/2000,01:41:54.85,13.79,-74.54,-990.88,210.0,-743.75,-323.75,1,94.254,
01/01/2000,01:41:54.87,13.54,-74.42,-990.76,26.25,-708.75,-367.50,1,94.255,
01/01/2000,01:41:54.88,13.54,-74.66,-990.76,192.50,-647.50,-376.25,1,94.255,
01/01/2000,01:41:54.89,13.66,-74.42,-990.88,148.75,-647.50,-428.75,1,94.256,
01/01/2000,01:41:54.90,13.66,-74.42,-991.01,78.75,-700.0,-253.75,1,94.257,
01/01/2000,01:41:54.91,13.91,-74.42,-991.13,131.25,-682.50,-271.25,1,94.258,
01/01/2000,01:41:54.92,13.91,-74.54,-991.01,61.25,-665.0,-341.25,1,94.259,
01/01/2000,01:41:54.93,13.91,-74.42,-991.01,175.0,-708.75,-367.50,1,94.260,
01/01/2000,01:41:54.94,14.03,-74.30,-991.01,393.75,-647.50,-376.25,1,94.247,
01/01/2000,01:41:54.95,14.03,-74.18,-990.88,166.25,-638.75,-271.25,1,94.248,
01/01/2000,01:41:54.96,14.15,-74.18,-991.01,183.75,-717.50,-350.0,1,94.248,
01/01/2000,01:41:54.97,14.03,-74.30,-991.01,210.0,-717.50,-341.25,1,94.249,
01/01/2000,01:41:54.98,14.03,-74.42,-991.13,87.50,-673.75,-315.0,1,94.250,
01/01/2000,01:41:54.99,13.91,-74.30,-991.25,157.50,-770.0,-402.50,1,94.251,
01/01/2000,01:41:55.01,13.91,-74.30,-991.25,105.0,-682.50,-358.75,1,94.252,
01/01/2000,01:41:55.02,13.91,-74.18,-991.25,87.50,-533.75,-367.50,1,94.253,
01/01/2000,01:41:55.03,13.91,-74.42,-991.13,140.0,-673.75,-376.25,1,94.253,
01/01/2000,01:41:55.04,14.03,-74.42,-991.13,140.0,-700.0,-376.25,1,94.254,
01/01/2000,01:41:55.05,13.91,-74.42,-991.13,113.75,-630.0,-271.25,1,94.255,
01/01/2000,01:41:55.06,13.91,-74.42,-991.13,87.50,-682.50,-280.0,1,94.256,
01/01/2000,01:41:55.07,13.91,-74.42,-991.25,166.25,-735.0,-245.0,1,94.257,
01/01/2000,01:41:55.08,13.91,-74.30,-991.37,105.0,-770.0,-490.0,1,94.258,
01/01/2000,01:41:55.09,14.03,-74.30,-991.37,245.0,-647.50,-280.0,1,94.258,
01/01/2000,01:41:55.10,14.03,-74.18,-991.25,166.25,-735.0,-367.50,1,94.259,
01/01/2000,01:41:55.11,13.91,-74.42,-991.01,87.50,-700.0,-393.75,1,94.246,
01/01/2000,01:41:55.13,13.91,-74.66,-990.88,122.50,-621.25,-367.50,1,94.247,
01/01/2000,01:41:55.14,13.91,-74.42,-991.13,96.25,-848.75,-358.75,1,94.248,
01/01/2000,01:41:55.15,13.91,-74.54,-991.01,157.50,-682.50,-245.0,1,94.249,
01/01/2000,01:41:55.16,13.91,-74.54,-991.01,210.0,-656.25,-271.25,1,94.250,
01/01/2000,01:41:55.17,13.91,-74.54,-990.88,105.0,-638.75,-463.75,1,94.251,
01/01/2000,01:41:55.18,13.91,-74.66,-990.64,131.25,-796.25,-350.0,1,94.251,
01/01/2000,01:41:55.19,13.91,-74.66,-990.64,183.75,-577.50,-446.25,1,94.252,
01/01/2000,01:41:55.20,13.91,-74.66,-990.64,192.50,-621.25,-341.25,1,94.253,
01/01/2000,01:41:55.21,13.91,-74.42,-990.76,105.0,-630.0,-323.75,1,94.254,
01/01/2000,01:41:55.22,13.66,-74.42,-991.13,280.0,-717.50,-376.25,1,94.255,
01/01/2000,01:41:55.23,13.42,-74.54,-991.25,105.0,-673.75,-341.25,1,94.256,
01/01/2000,01:41:55.24,13.30,-74.54,-991.13,96.25,-726.25,-411.25,1,94.256,
01/01/2000,01:41:55.25,13.79,-74.42,-991.01,122.50,-673.75,-323.75,1,94.257,
01/01/2000,01:41:55.26,14.40,-74.18,-990.64,61.25,-647.50,-192.50,1,94.258,
01/01/2000,01:41:55.27,14.27,-74.66,-990.64,148.75,-770.0,-218.75,1,94.259,
01/01/2000,01:41:55.28,13.66,-75.03,-990.76,271.25,-717.50,-420.0,1,94.260,
01/01/2000,01:41:55.29,13.42,-74.66,-991.25,122.50,-743.75,-411.25,1,94.261,
01/01/2000,01:41:55.30,13.54,-74.18,-991.49,105.0,-682.50,-393.75,1,94.261,
01/01/2000,01:41:55.31,13.79,-73.69,-991.25,245.0,-708.75,-210.0,1,94.262,
01/01/2000,01:41:55.32,13.91,-73.93,-990.88,105.0,-691.25,-236.25,1,94.263,
01/01/2000,01:41:55.33,13.79,-74.42,-990.52,148.75,-621.25,-271.25,1,94.264,
01/01/2000,01:41:55.34,13.79,-74.91,-991.01,288.75,-708.75,-446.25,1,94.265,
01/01/2000,01:41:55.35,13.91,-74.66,-991.37,157.50,-708.75,-481.25,1,94.265,
01/01/2000,01:41:55.36,13.91,-74.18,-991.25,96.25,-638.75,-332.50,1,94.253,
01/01/2000,01:41:55.37,13.91,-73.93,-990.88,87.50,-708.75,-218.75,1,94.254,
01/01/2000,01:41:55.38,13.91,-73.93,-990.52,218.75,-673.75,-376.25,1,94.254,
01/01/2000,01:41:55.39,13.91,-74.42,-990.88,201.25,-691.25,-201.25,1,94.255,
01/01/2000,01:41:55.40,14.15,-74.66,-991.13,148.75,-603.75,-437.50,1,94.256,
01/01/2000,01:41:55.41,13.91,-74.79,-991.13,157.50,-621.25,-402.50,1,94.257,
01/01/2000,01:41:55.43,13.66,-74.18,-990.76,166.25,-700.0,-385.0,1,94.258,
01/01/2000,01:41:55.44,13.79,-73.81,-990.64,201.25,-778.75,-358.75,1,94.259,
01/01/2000,01:41:55.45,13.91,-73.93,-990.88,297.50,-656.25,-262.50,1,94.259,
01/01/2000,01:41:55.46,13.91,-74.18,-991.25,166.25,-726.25,-288.75,1,94.260,
01/01/2000,01:41:55.47,13.91,-74.66,-991.13,148.75,-673.75,-402.50,1,94.261,
01/01/2000,01:41:55.48,13.91,-74.42,-991.13,210.0,-630.0,-498.75,1,94.262,
01/01/2000,01:41:55.49,14.03,-74.18,-990.76,175.0,-700.0,-376.25,1,94.263,
01/01/2000,01:41:55.50,13.91,-73.93,-990.76,87.50,-717.50,-288.75,1,94.250,
01/01/2000,01:41:55.51,13.79,-74.05,-991.13,78.75,-647.50,-262.50,1,94.251,
01/01/2000,01:41:55.52,13.66,-74.42,-991.13,175.0,-665.0,-315.0,1,94.252,
01/01/2000,01:41:55.53,13.79,-74.42,-991.01,131.25,-717.50,-350.0,1,94.252,
01/01/2000,01:41:55.54,13.91,-74.42,-990.64,96.25,-831.25,-280.0,1,94.253,
01/01/2000,01:41:55.55,13.91,-74.42,-990.64,96.25,-691.25,-245.0,1,94.254,
01/01/2000,01:41:55.56,13.79,-74.30,-990.76,218.75,-647.50,-437.50,1,94.255,
01/01/2000,01:41:55.58,13.79,-74.54,-990.76,0.0,-665.0,-271.25,1,94.256,
01/01/2000,01:41:55.59,13.91,-74.42,-990.88,262.50,-822.50,-428.75,1,94.257,
01/01/2000,01:41:55.60,13.91,-74.54,-990.76,280.0,-630.0,-288.75,1,94.257,
01/01/2000,01:41:55.61,14.03,-74.42,-990.64,113.75,-691.25,-271.25,1,94.258,
01/01/2000,01:41:55.62,14.15,-74.30,-990.88,70.0,-726.25,-288.75,1,94.259,
01/01/2000,01:41:55.63,13.91,-74.42,-991.13,183.75,-770.0,-262.50,1,94.260,
01/01/2000,01:41:55.64,13.79,-74.30,-991.13,122.50,-560.0,-350.0,1,94.247,
01/01/2000,01:41:55.65,13.91,-73.93,-991.13,166.25,-717.50,-358.75,1,94.248,
01/01/2000,01:41:55.66,13.91,-73.93,-991.01,61.25,-682.50,-175.0,1,94.249,
01/01/2000,01:41:55.67,14.03,-74.18,-990.88,175.0,-866.25,-332.50,1,94.250,
01/01/2000,01:41:55.68,14.03,-74.30,-990.88,148.75,-612.50,-376.25,1,94.250,
01/01/2000,01:41:55.69,14.15,-74.30,-991.01,122.50,-586.25,-393.75,1,94.251,
01/01/2000,01:41:55.70,14.15,-74.18,-991.01,192.50,-700.0,-385.0,1,94.252,
01/01/2000,01:41:55.71,14.15,-74.05,-991.01,78.75,-752.50,-306.25,1,94.253,
01/01/2000,01:41:55.72,14.15,-74.05,-990.76,140.0,-638.75,-315.0,1,94.254,
01/01/2000,01:41:55.73,14.15,-74.42,-990.64,131.25,-612.50,-367.50,1,94.255,
01/01/2000,01:41:55.74,14.15,-74.54,-990.76,306.25,-726.25,-245.0,1,94.255,
01/01/2000,01:41:55.75,14.03,-74.54,-991.01,61.25,-700.0,-428.75,1,94.256,
01/01/2000,01:41:55.77,14.15,-74.30,-990.88,192.50,-700.0,-315.0,1,94.257,
01/01/2000,01:41:55.77,14.15,-74.18,-990.64,140.0,-647.50,-288.75,1,94.258,
01/01/2000,01:41:55.79,14.03,-74.18,-990.64,140.0,-621.25,-280.0,1,94.259,
01/01/2000,01:41:55.80,14.15,-74.54,-990.64,236.25,-691.25,-332.50,1,94.259,
01/01/2000,01:41:55.81,14.27,-74.42,-990.88,218.75,-752.50,-341.25,1,94.260,
01/01/2000,01:41:55.82,14.15,-74.54,-990.88,122.50,-700.0,-350.0,1,94.261,
01/01/2000,01:41:55.83,14.03,-74.54,-990.64,157.50,-577.50,-385.0,1,94.262,
01/01/2000,01:41:55.84,13.91,-74.42,-990.64,253.75,-586.25,-341.25,1,94.263,
01/01/2000,01:41:55.85,14.15,-74.42,-990.88,17.50,-673.75,-341.25,1,94.250,
01/01/2000,01:41:55.86,14.15,-74.42,-991.25,175.0,-726.25,-350.0,1,94.251,
01/01/2000,01:41:55.87,14.15,-74.54,-991.13,201.25,-770.0,-245.0,1,94.252,
01/01/2000,01:41:55.88,14.03,-74.66,-990.88,105.0,-673.75,-358.75,1,94.253,
01/01/2000,01:41:55.89,14.03,-74.54,-991.01,78.75,-813.75,-288.75,1,94.253,
01/01/2000,01:41:55.90,14.03,-74.30,-991.37,87.50,-665.0,-393.75,1,94.254,
01/01/2000,01:41:55.91,14.15,-74.30,-991.62,122.50,-665.0,-297.50,1,94.255,
01/01/2000,01:41:55.93,14.15,-74.42,-991.37,26.25,-735.0,-253.75,1,94.256,
01/01/2000,01:41:55.94,14.03,-74.54,-991.13,131.25,-761.25,-271.25,1,94.257,
01/01/2000,01:41:55.95,14.15,-74.54,-990.88,227.50,-735.0,-376.25,1,94.257,
01/01/2000,01:41:55.96,14.15,-74.42,-991.01,218.75,-665.0,-350.0,1,94.258,
01/01/2000,01:41:55.97,14.15,-74.54,-991.13,35.0,-621.25,-280.0,1,94.259,
01/01/2000,01:41:55.98,13.91,-74.42,-991.13,87.50,-770.0,-358.75,1,94.260,
01/01/2000,01:41:55.99,13.91,-74.42,-990.88,201.25,-647.50,-376.25,1,94.261,
01/01/2000,01:41:56.00,14.03,-74.66,-990.88,218.75,-647.50,-350.0,1,94.262,
01/01/2000,01:41:56.01,14.15,-74.54,-990.76,0.0,-647.50,-350.0,1,94.262,
01/01/2000,01:41:56.02,14.15,-74.42,-990.88,210.0,-778.75,-367.50,1,94.263,
01/01/2000,01:41:56.03,13.91,-74.42,-991.01,131.25,-542.50,-341.25,1,94.264,
01/01/2000,01:41:56.04,13.66,-74.30,-991.01,122.50,-700.0,-306.25,1,94.265,
01/01/2000,01:41:56.05,13.79,-74.18,-990.88,175.0,-752.50,-350.0,1,94.266,
01/01/2000,01:41:56.06,14.03,-74.18,-991.01,183.75,-647.50,-350.0,1,94.253,
01/01/2000,01:41:56.07,14.15,-74.42,-991.01,70.0,-770.0,-385.0,1,94.254,
01/01/2000,01:41:56.08,13.91,-74.66,-990.88,140.0,-700.0,-393.75,1,94.255,
01/01/2000,01:41:56.09,13.79,-74.54,-990.76,131.25,-656.25,-376.25,1,94.256,
01/01/2000,01:41:56.10,13.91,-74.54,-990.88,157.50,-665.0,-367.50,1,94.256,
01/01/2000,01:41:56.11,14.03,-74.18,-991.01,131.25,-700.0,-341.25,1,94.257,
01/01/2000,01:41:56.12,14.03,-74.42,-991.13,140.0,-595.0,-315.0,1,94.258,
01/01/2000,01:41:56.14,13.79,-74.79,-990.88,175.0,-735.0,-463.75,1,94.245,
01/01/2000,01:41:56.15,13.66,-74.66,-991.13,35.0,-752.50,-411.25,1,94.246,
01/01/2000,01:41:56.16,13.79,-74.42,-991.13,236.25,-656.25,-420.0,1,94.247,
01/01/2000,01:41:56.17,13.91,-74.05,-991.25,105.0,-700.0,-280.0,1,94.248,
01/01/2000,01:41:56.18,13.79,-74.18,-991.13,201.25,-743.75,-271.25,1,94.249,
01/01/2000,01:41:56.19,13.66,-74.30,-991.01,61.25,-700.0,-201.25,1,94.249,
01/01/2000,01:41:56.20,13.79,-74.54,-990.88,175.0,-761.25,-463.75,1,94.250,
01/01/2000,01:41:56.22,13.91,-74.18,-991.13,0.0,-665.0,-323.75,1,94.251,
01/01/2000,01:41:56.23,13.91,-74.18,-990.88,262.50,-778.75,-262.50,1,94.252,
01/01/2000,01:41:56.24,13.79,-73.93,-990.76,218.75,-708.75,-376.25,1,94.253,
01/01/2000,01:41:56.25,13.66,-74.18,-990.88,148.75,-682.50,-376.25,1,94.254,
01/01/2000,01:41:56.26,13.91,-74.18,-990.88,122.50,-621.25,-376.25,1,94.254,
01/01/2000,01:41:56.27,13.91,-74.18,-991.13,96.25,-691.25,-367.50,1,94.255,
01/01/2000,01:41:56.28,14.03,-74.18,-990.88,-35.0,-726.25,-201.25,1,94.256,
01/01/2000,01:41:56.29,13.91,-74.42,-990.64,218.75,-630.0,-428.75,1,94.257,
01/01/2000,01:41:56.30,13.91,-74.05,-990.76,96.25,-813.75,-288.75,1,94.258,
01/01/2000,01:41:56.31,14.15,-74.30,-990.88,236.25,-682.50,-350.0,1,94.258,
01/01/2000,01:41:56.32,14.03,-74.05,-991.13,52.50,-770.0,-271.25,1,94.259,
01/01/2000,01:41:56.33,14.03,-74.18,-991.13,210.0,-673.75,-350.0,1,94.260,
01/01/2000,01:41:56.34,14.03,-74.18,-990.88,105.0,-726.25,-367.50,1,94.261,
01/01/2000,01:41:56.35,14.03,-74.30,-990.88,157.50,-691.25,-306.25,1,94.262,
01/01/2000,01:41:56.36,14.03,-74.30,-991.13,262.50,-752.50,-420.0,1,94.263,
01/01/2000,01:41:56.37,14.03,-74.18,-991.25,210.0,-743.75,-358.75,1,94.263,
01/01/2000,01:41:56.38,14.27,-74.18,-991.25,26.25,-761.25,-253.75,1,94.264,
01/01/2000,01:41:56.39,14.15,-74.42,-990.88,122.50,-752.50,-402.50,1,94.265,
01/01/2000,01:41:56.40,14.15,-74.30,-990.64,105.0,-726.25,-350.0,1,94.266,
01/01/2000,01:41:56.41,14.03,-74.42,-990.76,78.75,-708.75,-428.75,1,94.267,
01/01/2000,01:41:56.42,14.15,-74.30,-991.13,166.25,-691.25,-227.50,1,94.267,
01/01/2000,01:41:56.43,14.15,-74.42,-991.01,131.25,-647.50,-402.50,1,94.268,
01/01/2000,01:41:56.44,14.03,-74.42,-990.88,227.50,-630.0,-253.75,1,94.269,
01/01/2000,01:41:56.45,14.03,-74.42,-990.76,262.50,-682.50,-350.0,1,94.270,
01/01/2000,01:41:56.46,13.91,-74.42,-990.76,166.25,-665.0,-288.75,1,94.271,
01/01/2000,01:41:56.47,13.91,-74.42,-991.01,105.0,-551.25,-376.25,1,94.271,
01/01/2000,01:41:56.48,13.79,-74.30,-991.13,113.75,-708.75,-358.75,1,94.259,
01/01/2000,01:41:56.49,13.79,-74.42,-991.01,96.25,-752.50,-350.0,1,94.260,
01/01/2000,01:41:56.50,13.79,-74.30,-990.76,70.0,-752.50,-332.50,1,94.261,
01/01/2000,01:41:56.51,13.91,-74.30,-990.88,210.0,-621.25,-332.50,1,94.261,
01/01/2000,01:41:56.52,13.79,-74.30,-991.01,96.25,-735.0,-280.0,1,94.262,
01/01/2000,01:41:56.53,13.66,-74.30,-990.88,218.75,-735.0,-455.0,1,94.263,
01/01/2000,01:41:56.54,13.54,-74.30,-991.01,253.75,-761.25,-376.25,1,94.264,
01/01/2000,01:41:56.56,13.66,-74.18,-991.01,148.75,-673.75,-323.75,1,94.265,
01/01/2000,01:41:56.57,13.66,-74.18,-990.88,166.25,-656.25,-350.0,1,94.265,
01/01/2000,01:41:56.58,13.66,-74.42,-990.64,183.75,-647.50,-323.75,1,94.266,
01/01/2000,01:41:56.59,13.79,-74.54,-990.76,105.0,-708.75,-463.75,1,94.267,
01/01/2000,01:41:56.60,13.66,-74.54,-990.76,122.50,-595.0,-358.75,1,94.268,
01/01/2000,01:41:56.61,13.42,-74.18,-990.76,140.0,-691.25,-332.50,1,94.269,
01/01/2000,01:41:56.62,13.66,-74.18,-991.13,227.50,-638.75,-358.75,1,94.270,
01/01/2000,01:41:56.63,13.66,-74.18,-991.01,113.75,-708.75,-280.0,1,94.257,
01/01/2000,01:41:56.64,13.91,-74.54,-990.88,218.75,-700.0,-393.75,1,94.258,
01/01/2000,01:41:56.66,13.91,-74.42,-990.88,8.75,-621.25,-332.50,1,94.259,
01/01/2000,01:41:56.67,14.03,-74.66,-991.01,245.0,-840.0,-481.25,1,94.259,
01/01/2000,01:41:56.68,13.79,-74.30,-991.25,175.0,-778.75,-341.25,1,94.260,
01/01/2000,01:41:56.69,13.79,-74.30,-991.13,227.50,-647.50,-288.75,1,94.261,
01/01/2000,01:41:56.70,13.91,-74.30,-991.13,140.0,-630.0,-315.0,1,94.262,
01/01/2000,01:41:56.71,13.91,-74.30,-991.01,8.75,-673.75,-297.50,1,94.263,
01/01/2000,01:41:56.72,14.03,-74.54,-991.01,245.0,-700.0,-420.0,1,94.263,
01/01/2000,01:41:56.73,13.79,-74.54,-990.88,131.25,-612.50,-332.50,1,94.264,
01/01/2000,01:41:56.74,13.79,-74.42,-991.01,140.0,-770.0,-306.25,1,94.265,
01/01/2000,01:41:56.75,13.91,-74.42,-991.01,183.75,-700.0,-280.0,1,94.266,
01/01/2000,01:41:56.76,13.91,-74.18,-991.25,113.75,-638.75,-341.25,1,94.267,
01/01/2000,01:41:56.77,13.79,-74.42,-991.13,192.50,-726.25,-358.75,1,94.268,
01/01/2000,01:41:56.78,13.79,-74.42,-991.13,236.25,-673.75,-323.75,1,94.268,
01/01/2000,01:41:56.79,13.66,-74.54,-991.01,227.50,-717.50,-315.0,1,94.269,
01/01/2000,01:41:56.80,13.91,-74.42,-990.88,227.50,-612.50,-271.25,1,94.270,
01/01/2000,01:41:56.81,13.91,-74.30,-990.76,262.50,-717.50,-358.75,1,94.271,
01/01/2000,01:41:56.82,13.91,-74.30,-990.76,201.25,-743.75,-271.25,1,94.272,
01/01/2000,01:41:56.83,13.79,-74.54,-991.01,166.25,-630.0,-350.0,1,94.259,
01/01/2000,01:41:56.84,13.79,-74.42,-991.01,43.75,-612.50,-385.0,1,94.260,
01/01/2000,01:41:56.85,13.91,-74.42,-990.88,157.50,-612.50,-271.25,1,94.261,
01/01/2000,01:41:56.87,13.79,-74.18,-990.76,148.75,-638.75,-306.25,1,94.261,
01/01/2000,01:41:56.87,13.66,-74.42,-990.88,140.0,-682.50,-332.50,1,94.262,
01/01/2000,01:41:56.89,13.66,-74.42,-990.88,175.0,-630.0,-297.50,1,94.263,
01/01/2000,01:41:56.90,13.79,-74.54,-991.01,253.75,-831.25,-341.25,1,94.264,
01/01/2000,01:41:56.91,13.66,-74.42,-990.88,236.25,-665.0,-358.75,1,94.265,
01/01/2000,01:41:56.92,13.66,-74.66,-991.01,113.75,-726.25,-341.25,1,94.266,
01/01/2000,01:41:56.93,13.54,-74.54,-991.01,175.0,-700.0,-341.25,1,94.266,
01/01/2000,01:41:56.94,13.66,-74.42,-991.01,175.0,-691.25,-525.0,1,94.267,
01/01/2000,01:41:56.95,13.54,-74.30,-991.25,253.75,-586.25,-341.25,1,94.268,
01/01/2000,01:41:56.96,13.66,-74.18,-991.25,87.50,-717.50,-297.50,1,94.269,
01/01/2000,01:41:56.97,13.66,-74.42,-991.13,227.50,-787.50,-411.25,1,94.270,
01/01/2000,01:41:56.98,13.66,-74.42,-991.01,78.75,-700.0,-105.0,1,94.257,
01/01/2000,01:41:56.99,13.91,-74.66,-991.01,262.50,-673.75,-411.25,1,94.258,
01/01/2000,01:41:57.00,13.91,-74.42,-991.37,131.25,-700.0,-253.75,1,94.259,
01/01/2000,01:41:57.01,13.91,-74.30,-991.37,175.0,-665.0,-402.50,1,94.260,
01/01/2000,01:41:57.02,14.03,-74.18,-991.13,280.0,-673.75,-227.50,1,94.260,
01/01/2000,01:41:57.03,13.91,-74.05,-991.01,61.25,-735.0,-323.75,1,94.261,
01/01/2000,01:41:57.05,14.03,-74.42,-990.88,306.25,-682.50,-455.0,1,94.262,
01/01/2000,01:41:57.06,14.15,-74.30,-991.01,148.75,-752.50,-288.75,1,94.263,
01/01/2000,01:41:57.07,14.03,-74.42,-991.01,288.75,-743.75,-411.25,1,94.264,
01/01/2000,01:41:57.08,13.79,-74.42,-991.01,131.25,-638.75,-253.75,1,94.264,
01/01/2000,01:41:57.09,13.66,-74.18,-991.01,122.50,-665.0,-455.0,1,94.265,
01/01/2000,01:41:57.10,13.91,-74.18,-991.01,192.50,-586.25,-315.0,1,94.266,
01/01/2000,01:41:57.11,13.91,-74.18,-991.01,280.0,-700.0,-393.75,1,94.267,
01/01/2000,01:41:57.12,13.91,-74.30,-991.25,96.25,-708.75,-271.25,1,94.268,
01/01/2000,01:41:57.13,13.79,-74.54,-991.25,140.0,-647.50,-385.0,1,94.268,
01/01/2000,01:41:57.14,13.79,-74.30,-991.13,78.75,-708.75,-393.75,1,94.269,
01/01/2000,01:41:57.15,14.03,-74.18,-991.25,201.25,-621.25,-297.50,1,94.270,
01/01/2000,01:41:57.17,13.91,-74.30,-991.37,245.0,-708.75,-341.25,1,94.258,
01/01/2000,01:41:57.18,13.91,-74.42,-991.37,157.50,-673.75,-376.25,1,94.258,
01/01/2000,01:41:57.19,13.91,-74.66,-991.25,192.50,-735.0,-245.0,1,94.259,
01/01/2000,01:41:57.20,13.91,-74.66,-991.13,140.0,-708.75,-288.75,1,94.247,
01/01/2000,01:41:57.21,13.79,-74.66,-991.13,341.25,-726.25,-280.0,1,94.248,
01/01/2000,01:41:57.22,13.54,-74.66,-991.13,166.25,-708.75,-253.75,1,94.248,
01/01/2000,01:41:57.23,13.79,-74.91,-991.13,166.25,-673.75,-428.75,1,94.249,
01/01/2000,01:41:57.24,13.91,-74.91,-991.25,35.0,-717.50,-367.50,1,94.250,
01/01/2000,01:41:57.25,13.79,-74.66,-991.13,140.0,-700.0,-306.25,1,94.251,
01/01/2000,01:41:57.27,13.79,-74.79,-991.13,183.75,-673.75,-280.0,1,94.252,
01/01/2000,01:41:57.28,13.66,-74.66,-991.37,61.25,-691.25,-280.0,1,94.252,
01/01/2000,01:41:57.29,13.66,-74.66,-991.49,201.25,-595.0,-341.25,1,94.253,
01/01/2000,01:41:57.30,13.66,-74.42,-991.37,245.0,-647.50,-306.25,1,94.254,
01/01/2000,01:41:57.31,13.54,-74.42,-991.37,192.50,-743.75,-411.25,1,94.255,
01/01/2000,01:41:57.32,13.66,-74.66,-991.25,201.25,-638.75,-385.0,1,94.256,
01/01/2000,01:41:57.33,13.66,-74.66,-991.13,201.25,-761.25,-271.25,1,94.256,
01/01/2000,01:41:57.34,13.66,-74.54,-991.25,105.0,-630.0,-402.50,1,94.257,
01/01/2000,01:41:57.35,13.54,-74.79,-991.37,210.0,-700.0,-306.25,1,94.258,
01/01/2000,01:41:57.36,13.30,-74.42,-991.37,-87.50,-691.25,-288.75,1,94.259,
01/01/2000,01:41:57.37,13.54,-74.66,-991.37,315.0,-638.75,-323.75,1,94.260,
01/01/2000,01:41:57.38,13.54,-74.30,-991.13,157.50,-656.25,-385.0,1,94.260,
01/01/2000,01:41:57.39,13.54,-74.66,-991.13,61.25,-621.25,-236.25,1,94.261,
01/01/2000,01:41:57.40,13.79,-75.15,-991.13,262.50,-665.0,-516.25,1,94.262,
01/01/2000,01:41:57.41,13.42,-74.54,-991.37,8.75,-805.0,-341.25,1,94.263,
01/01/2000,01:41:57.42,13.79,-74.79,-991.37,323.75,-621.25,-367.50,1,94.264,
01/01/2000,01:41:57.43,13.30,-74.18,-991.37,236.25,-612.50,-323.75,1,94.264,
01/01/2000,01:41:57.44,13.54,-74.66,-991.37,148.75,-717.50,-262.50,1,94.265,
01/01/2000,01:41:57.45,13.91,-74.91,-991.37,358.75,-656.25,-612.50,1,94.266,
01/01/2000,01:41:57.46,13.91,-74.54,-991.49,166.25,-673.75,-358.75,1,94.267,
01/01/2000,01:41:57.48,14.03,-75.03,-991.37,166.25,-673.75,-367.50,1,94.254,
01/01/2000,01:41:57.48,13.91,-74.91,-991.37,61.25,-805.0,-358.75,1,94.255,
01/01/2000,01:41:57.50,13.79,-74.54,-991.13,113.75,-665.0,-288.75,1,94.256,
01/01/2000,01:41:57.50,13.79,-74.79,-991.13,297.50,-656.25,-358.75,1,94.257,
01/01/2000,01:41:57.52,13.54,-74.42,-991.25,157.50,-726.25,-245.0,1,94.258,
01/01/2000,01:41:57.53,13.79,-74.79,-991.37,341.25,-612.50,-411.25,1,94.259,
01/01/2000,01:41:57.54,13.79,-74.79,-991.25,183.75,-761.25,-420.0,1,94.259,
01/01/2000,01:41:57.55,13.91,-74.66,-991.25,192.50,-612.50,-236.25,1,94.260,
01/01/2000,01:41:57.56,14.03,-74.66,-991.37,183.75,-673.75,-323.75,1,94.261,
01/01/2000,01:41:57.57,13.66,-74.54,-991.49,122.50,-700.0,-271.25,1,94.262,
01/01/2000,01:41:57.58,13.79,-74.66,-991.37,183.75,-735.0,-350.0,1,94.263,
01/01/2000,01:41:57.59,13.91,-74.79,-991.49,227.50,-673.75,-323.75,1,94.263,
01/01/2000,01:41:57.60,13.91,-74.54,-991.37,35.0,-726.25,-367.50,1,94.264,
01/01/2000,01:41:57.61,14.15,-74.79,-991.13,245.0,-708.75,-341.25,1,94.265,
01/01/2000,01:41:57.62,13.79,-74.42,-991.13,148.75,-656.25,-315.0,1,94.253,
01/01/2000,01:41:57.63,13.91,-74.66,-991.13,350.0,-743.75,-262.50,1,94.253,
01/01/2000,01:41:57.64,13.79,-74.54,-991.25,-35.0,-673.75,-288.75,1,94.254,
01/01/2000,01:41:57.65,13.91,-74.42,-991.49,70.0,-708.75,-323.75,1,94.255,
01/01/2000,01:41:57.66,14.03,-74.54,-991.25,157.50,-761.25,-280.0,1,94.256,
01/01/2000,01:41:57.68,13.66,-74.42,-991.25,70.0,-717.50,-411.25,1,94.257,
01/01/2000,01:41:57.69,13.79,-74.66,-991.13,192.50,-691.25,-376.25,1,94.257,
01/01/2000,01:41:57.70,13.66,-74.42,-991.13,113.75,-726.25,-280.0,1,94.258,
01/01/2000,01:41:57.71,13.91,-74.42,-991.25,201.25,-708.75,-288.75,1,94.259,
01/01/2000,01:41:57.72,13.91,-74.54,-991.25,192.50,-682.50,-323.75,1,94.260,
01/01/2000,01:41:57.73,13.91,-74.42,-991.13,131.25,-700.0,-262.50,1,94.261,
01/01/2000,01:41:57.74,13.91,-74.66,-991.13,113.75,-568.75,-350.0,1,94.261,
01/01/2000,01:41:57.75,13.91,-74.79,-991.37,306.25,-726.25,-385.0,1,94.262,
01/01/2000,01:41:57.76,13.79,-74.79,-991.37,61.25,-691.25,-411.25,1,94.263,
01/01/2000,01:41:57.77,13.79,-74.66,-991.25,341.25,-691.25,-393.75,1,94.264,
01/01/2000,01:41:57.78,13.79,-74.54,-991.13,105.0,-656.25,-341.25,1,94.265,
01/01/2000,01:41:57.79,13.91,-74.66,-991.13,183.75,-682.50,-315.0,1,94.265,
01/01/2000,01:41:57.80,13.91,-74.66,-991.13,96.25,-656.25,-367.50,1,94.266,
01/01/2000,01:41:57.81,13.91,-74.79,-991.25,78.75,-787.50,-367.50,1,94.267,
01/01/2000,01:41:57.83,13.91,-74.54,-991.25,192.50,-796.25,-376.25,1,94.255,
01/01/2000,01:41:57.83,13.91,-74.42,-991.25,122.50,-726.25,-358.75,1,94.255,
01/01/2000,01:41:57.85,14.03,-74.42,-991.13,183.75,-682.50,-236.25,1,94.256,
01/01/2000,01:41:57.86,13.79,-74.66,-991.13,61.25,-717.50,-350.0,1,94.257,
01/01/2000,01:41:57.87,13.54,-74.54,-991.62,105.0,-603.75,-323.75,1,94.258,
01/01/2000,01:41:57.88,13.66,-74.54,-991.86,35.0,-638.75,-341.25,1,94.259,
01/01/2000,01:41:57.89,13.66,-74.30,-991.62,140.0,-638.75,-210.0,1,94.259,
01/01/2000,01:41:57.90,13.91,-74.30,-991.13,183.75,-630.0,-341.25,1,94.260,
01/01/2000,01:41:57.91,13.66,-74.66,-991.25,341.25,-586.25,-315.0,1,94.261,
01/01/2000,01:41:57.92,13.54,-74.66,-991.62,131.25,-717.50,-446.25,1,94.262,
01/01/2000,01:41:57.93,13.66,-74.66,-991.86,78.75,-726.25,-420.0,1,94.263,
01/01/2000,01:41:57.94,14.03,-74.42,-991.62,183.75,-743.75,-201.25,1,94.263,
01/01/2000,01:41:57.95,13.91,-74.30,-991.25,227.50,-700.0,-323.75,1,94.264,
01/01/2000,01:41:57.96,13.91,-74.66,-991.01,280.0,-735.0,-297.50,1,94.265,
01/01/2000,01:41:57.97,13.91,-75.03,-991.25,175.0,-708.75,-446.25,1,94.253,
01/01/2000,01:41:57.98,13.91,-74.66,-991.62,105.0,-761.25,-315.0,1,94.254,
01/01/2000,01:41:57.99,14.03,-74.42,-991.49,227.50,-621.25,-227.50,1,94.254,
01/01/2000,01:41:58.00,13.91,-74.05,-991.13,113.75,-726.25,-350.0,1,94.255,
01/01/2000,01:41:58.01,13.79,-74.18,-990.88,148.75,-761.25,-227.50,1,94.256,
01/01/2000,01:41:58.02,13.91,-74.42,-990.88,175.0,-682.50,-472.50,1,94.257,
01/01/2000,01:41:58.04,14.03,-74.91,-991.49,288.75,-735.0,-315.0,1,94.258,
01/01/2000,01:41:58.05,13.91,-74.79,-991.62,148.75,-630.0,-393.75,1,94.258,
01/01/2000,01:41:58.06,13.79,-74.30,-991.37,148.75,-621.25,-358.75,1,94.259,
01/01/2000,01:41:58.07,13.66,-74.30,-991.13,70.0,-752.50,-236.25,1,94.260,
01/01/2000,01:41:58.08,13.66,-74.18,-991.13,113.75,-700.0,-323.75,1,94.261,
01/01/2000,01:41:58.09,13.79,-74.42,-991.37,192.50,-700.0,-446.25,1,94.261,
01/01/2000,01:41:58.10,13.91,-74.79,-991.37,262.50,-682.50,-297.50,1,94.262,
01/01/2000,01:41:58.11,13.91,-74.66,-991.25,26.25,-717.50,-332.50,1,94.263,
01/01/2000,01:41:58.12,13.66,-74.66,-991.13,210.0,-673.75,-420.0,1,94.264,
01/01/2000,01:41:58.13,13.79,-74.30,-991.13,131.25,-656.25,-227.50,1,94.265,
01/01/2000,01:41:58.14,14.03,-74.42,-991.37,218.75,-673.75,-297.50,1,94.265,
01/01/2000,01:41:58.15,14.03,-74.66,-991.37,183.75,-656.25,-297.50,1,94.266,
01/01/2000,01:41:58.16,14.03,-74.91,-991.25,43.75,-673.75,-420.0,1,94.267,
01/01/2000,01:41:58.17,13.91,-74.91,-991.25,245.0,-726.25,-437.50,1,94.268,
01/01/2000,01:41:58.19,14.03,-74.54,-991.25,288.75,-743.75,-271.25,1,94.256,
01/01/2000,01:41:58.20,13.91,-74.54,-991.62,280.0,-735.0,-297.50,1,94.256,
01/01/2000,01:41:58.21,13.91,-74.54,-991.62,157.50,-665.0,-411.25,1,94.257,
01/01/2000,01:41:58.22,13.91,-74.54,-991.49,122.50,-743.75,-253.75,1,94.258,
01/01/2000,01:41:58.23,13.91,-74.66,-991.37,96.25,-717.50,-411.25,1,94.259,
01/01/2000,01:41:58.24,13.91,-74.66,-991.37,210.0,-595.0,-315.0,1,94.260,
01/01/2000,01:41:58.25,13.91,-74.66,-991.62,192.50,-726.25,-323.75,1,94.260,
01/01/2000,01:41:58.26,13.79,-74.54,-991.62,183.75,-682.50,-323.75,1,94.261,
01/01/2000,01:41:58.27,13.66,-74.42,-991.62,0.0,-647.50,-367.50,1,94.262,
01/01/2000,01:41:58.28,13.79,-74.66,-991.49,183.75,-665.0,-315.0,1,94.263,
01/01/2000,01:41:58.29,13.91,-74.54,-991.49,0.0,-700.0,-332.50,1,94.264,
01/01/2000,01:41:58.30,13.91,-74.91,-991.25,157.50,-717.50,-420.0,1,94.264,
01/01/2000,01:41:58.31,13.91,-74.91,-991.37,78.75,-717.50,-315.0,1,94.265,
01/01/2000,01:41:58.32,13.91,-74.79,-991.37,315.0,-761.25,-358.75,1,94.253,
01/01/2000,01:41:58.33,13.91,-74.66,-991.37,201.25,-568.75,-341.25,1,94.254,
01/01/2000,01:41:58.34,13.79,-74.66,-991.25,131.25,-743.75,-262.50,1,94.254,
01/01/2000,01:41:58.35,13.66,-74.79,-991.13,96.25,-761.25,-358.75,1,94.255,
01/01/2000,01:41:58.36,13.66,-74.91,-991.13,262.50,-665.0,-376.25,1,94.256,
01/01/2000,01:41:58.37,13.66,-74.79,-991.37,26.25,-866.25,-358.75,1,94.257,
01/01/2000,01:41:58.38,13.66,-74.66,-991.37,210.0,-568.75,-323.75,1,94.258,
01/01/2000,01:41:58.40,13.79,-74.54,-991.13,227.50,-752.50,-358.75,1,94.258,
01/01/2000,01:41:58.41,13.66,-74.66,-991.13,218.75,-621.25,-315.0,1,94.259,
01/01/2000,01:41:58.42,13.54,-74.66,-991.13,148.75,-682.50,-323.75,1,94.260,
01/01/2000,01:41:58.43,13.54,-74.79,-991.37,166.25,-647.50,-446.25,1,94.261,
01/01/2000,01:41:58.44,13.79,-74.66,-991.49,113.75,-787.50,-385.0,1,94.262,
01/01/2000,01:41:58.45,13.91,-74.42,-991.37,140.0,-726.25,-341.25,1,94.262,
01/01/2000,01:41:58.46,13.91,-74.66,-991.13,157.50,-656.25,-393.75,1,94.263,
01/01/2000,01:41:58.47,13.91,-74.66,-991.13,236.25,-700.0,-376.25,1,94.264,
01/01/2000,01:41:58.48,13.91,-74.79,-991.13,253.75,-551.25,-411.25,1,94.265,
01/01/2000,01:41:58.49,13.91,-74.79,-991.13,87.50,-743.75,-411.25,1,94.266,
01/01/2000,01:41:58.50,14.03,-74.42,-990.88,157.50,-770.0,-376.25,1,94.266,
01/01/2000,01:41:58.51,13.91,-74.54,-991.01,113.75,-673.75,-262.50,1,94.267,
01/01/2000,01:41:58.52,13.79,-74.79,-991.01,227.50,-621.25,-350.0,1,94.268,
01/01/2000,01:41:58.53,13.79,-74.66,-991.37,148.75,-621.25,-376.25,1,94.256,
01/01/2000,01:41:58.54,13.91,-74.54,-991.49,105.0,-761.25,-253.75,1,94.257,
01/01/2000,01:41:58.56,13.91,-74.66,-991.37,236.25,-603.75,-376.25,1,94.257,
01/01/2000,01:41:58.56,13.79,-74.54,-991.37,175.0,-621.25,-271.25,1,94.258,
01/01/2000,01:41:58.58,13.91,-74.66,-991.49,271.25,-665.0,-253.75,1,94.259,
01/01/2000,01:41:58.59,13.91,-74.42,-991.62,245.0,-630.0,-332.50,1,94.260,
01/01/2000,01:41:58.60,13.91,-74.42,-991.62,210.0,-612.50,-288.75,1,94.260,
01/01/2000,01:41:58.61,13.79,-74.54,-991.37,210.0,-673.75,-315.0,1,94.261,
01/01/2000,01:41:58.62,13.79,-74.54,-991.13,315.0,-708.75,-315.0,1,94.262,
01/01/2000,01:41:58.63,13.91,-74.42,-991.13,210.0,-717.50,-332.50,1,94.263,
01/01/2000,01:41:58.64,13.79,-74.66,-991.13,236.25,-638.75,-367.50,1,94.264,
01/01/2000,01:41:58.65,13.91,-74.66,-991.13,218.75,-647.50,-385.0,1,94.264,
01/01/2000,01:41:58.66,13.79,-74.66,-991.01,210.0,-743.75,-358.75,1,94.265,
01/01/2000,01:41:58.67,13.79,-74.42,-991.01,148.75,-717.50,-411.25,1,94.253,
01/01/2000,01:41:58.68,13.79,-74.54,-991.13,306.25,-656.25,-288.75,1,94.254,
01/01/2000,01:41:58.70,13.91,-74.42,-991.01,157.50,-621.25,-385.0,1,94.255,
01/01/2000,01:41:58.71,13.91,-74.42,-990.88,70.0,-700.0,-315.0,1,94.255,
01/01/2000,01:41:58.72,13.91,-74.54,-990.88,192.50,-621.25,-420.0,1,94.256,
01/01/2000,01:41:58.73,13.79,-74.66,-990.88,262.50,-761.25,-393.75,1,94.257,
01/01/2000,01:41:58.74,13.79,-74.66,-990.88,288.75,-752.50,-393.75,1,94.258,
01/01/2000,01:41:58.75,14.03,-74.54,-990.88,227.50,-743.75,-262.50,1,94.246,
01/01/2000,01:41:58.76,13.91,-74.54,-990.88,245.0,-647.50,-350.0,1,94.246,
01/01/2000,01:41:58.77,13.66,-74.66,-991.01,183.75,-665.0,-385.0,1,94.247,
01/01/2000,01:41:58.78,13.91,-74.66,-991.25,236.25,-831.25,-367.50,1,94.248,
01/01/2000,01:41:58.79,13.91,-74.42,-991.37,26.25,-778.75,-315.0,1,94.249,
01/01/2000,01:41:58.80,13.91,-74.54,-991.37,70.0,-647.50,-271.25,1,94.250,
01/01/2000,01:41:58.81,13.79,-74.66,-991.25,262.50,-621.25,-323.75,1,94.250,
01/01/2000,01:41:58.82,13.66,-74.66,-991.13,175.0,-700.0,-280.0,1,94.251,
01/01/2000,01:41:58.83,13.91,-74.66,-991.25,271.25,-630.0,-420.0,1,94.252,
01/01/2000,01:41:58.84,13.91,-74.54,-991.25,140.0,-708.75,-402.50,1,94.253,
01/01/2000,01:41:58.85,13.91,-74.42,-991.25,113.75,-691.25,-192.50,1,94.254,
01/01/2000,01:41:58.86,13.91,-74.54,-991.01,341.25,-717.50,-428.75,1,94.254,
01/01/2000,01:41:58.87,13.91,-74.66,-991.01,78.75,-708.75,-210.0,1,94.255,
01/01/2000,01:41:58.89,14.15,-74.54,-991.25,201.25,-735.0,-446.25,1,94.256,
01/01/2000,01:41:58.90,14.15,-74.66,-991.25,210.0,-726.25,-306.25,1,94.257,
01/01/2000,01:41:58.91,13.91,-74.42,-991.25,105.0,-638.75,-262.50,1,94.257,
01/01/2000,01:41:58.92,13.91,-74.54,-991.01,192.50,-656.25,-288.75,1,94.258,
01/01/2000,01:41:58.93,13.91,-74.66,-991.01,227.50,-630.0,-288.75,1,94.259,
01/01/2000,01:41:58.94,14.15,-74.54,-991.01,131.25,-673.75,-428.75,1,94.260,
01/01/2000,01:41:58.95,14.27,-74.79,-991.01,306.25,-630.0,-306.25,1,94.261,
01/01/2000,01:41:58.96,14.03,-74.66,-990.88,148.75,-787.50,-332.50,1,94.248,
01/01/2000,01:41:58.97,13.91,-74.66,-990.88,52.50,-673.75,-297.50,1,94.249,
01/01/2000,01:41:58.98,13.79,-74.42,-990.76,157.50,-805.0,-271.25,1,94.250,
01/01/2000,01:41:58.99,13.91,-74.30,-990.88,183.75,-656.25,-367.50,1,94.251,
01/01/2000,01:41:59.00,13.79,-74.42,-991.01,245.0,-717.50,-210.0,1,94.252,
01/01/2000,01:41:59.01,13.91,-74.42,-991.01,105.0,-665.0,-201.25,1,94.252,
01/01/2000,01:41:59.03,13.91,-74.66,-990.88,183.75,-656.25,-525.0,1,94.253,
01/01/2000,01:41:59.04,13.66,-74.54,-990.88,323.75,-743.75,-323.75,1,94.254,
01/01/2000,01:41:59.05,14.03,-74.18,-991.01,122.50,-630.0,-367.50,1,94.255,
01/01/2000,01:41:59.06,13.91,-74.30,-991.13,306.25,-665.0,-306.25,1,94.256,
01/01/2000,01:41:59.07,13.91,-74.18,-991.01,192.50,-761.25,-262.50,1,94.256,
01/01/2000,01:41:59.08,13.91,-74.54,-990.88,140.0,-805.0,-490.0,1,94.257,
01/01/2000,01:41:59.09,13.91,-74.54,-991.01,227.50,-752.50,-306.25,1,94.258,
01/01/2000,01:41:59.10,13.79,-74.30,-991.37,175.0,-621.25,-437.50,1,94.259,
01/01/2000,01:41:59.11,13.91,-74.54,-991.37,271.25,-726.25,-297.50,1,94.259,
01/01/2000,01:41:59.12,14.15,-74.05,-991.13,105.0,-726.25,-472.50,1,94.260,
01/01/2000,01:41:59.13,13.91,-74.42,-991.01,288.75,-735.0,-490.0,1,94.261,
01/01/2000,01:41:59.14,13.91,-74.18,-990.88,131.25,-752.50,-218.75,1,94.262,
01/01/2000,01:41:59.15,14.03,-74.18,-990.88,140.0,-691.25,-490.0,1,94.263,
01/01/2000,01:41:59.16,13.91,-74.30,-991.01,183.75,-665.0,-218.75,1,94.263,
01/01/2000,01:41:59.17,13.91,-74.05,-990.88,8.75,-630.0,-332.50,1,94.251,
01/01/2000,01:41:59.18,13.79,-74.18,-990.76,341.25,-726.25,-236.25,1,94.252,
01/01/2000,01:41:59.19,13.79,-74.18,-990.76,218.75,-708.75,-227.50,1,94.253,
01/01/2000,01:41:59.21,13.79,-74.18,-991.13,131.25,-770.0,-323.75,1,94.254,
01/01/2000,01:41:59.22,14.15,-74.18,-991.01,61.25,-796.25,-411.25,1,94.254,
01/01/2000,01:41:59.23,14.15,-74.05,-990.88,183.75,-708.75,-411.25,1,94.255,
01/01/2000,01:41:59.24,13.91,-74.05,-990.88,280.0,-560.0,-367.50,1,94.256,
01/01/2000,01:41:59.25,13.91,-74.30,-991.13,183.75,-743.75,-297.50,1,94.257,
01/01/2000,01:41:59.26,14.03,-74.18,-991.25,157.50,-542.50,-385.0,1,94.258,
01/01/2000,01:41:59.27,14.03,-74.42,-991.13,122.50,-691.25,-315.0,1,94.258,
01/01/2000,01:41:59.28,14.15,-74.30,-990.88,183.75,-717.50,-341.25,1,94.259,
01/01/2000,01:41:59.29,14.15,-74.30,-990.64,245.0,-603.75,-481.25,1,94.260,
01/01/2000,01:41:59.30,13.91,-74.30,-990.52,140.0,-787.50,-315.0,1,94.261,
01/01/2000,01:41:59.31,14.03,-74.30,-990.64,157.50,-735.0,-367.50,1,94.249,
01/01/2000,01:41:59.32,13.91,-74.30,-991.01,157.50,-700.0,-376.25,1,94.249,
01/01/2000,01:41:59.33,13.91,-74.30,-990.88,271.25,-778.75,-323.75,1,94.250,
01/01/2000,01:41:59.34,13.79,-74.30,-990.76,175.0,-656.25,-393.75,1,94.251,
01/01/2000,01:41:59.35,13.91,-74.54,-990.76,192.50,-673.75,-376.25,1,94.252,
01/01/2000,01:41:59.36,14.03,-74.54,-990.76,43.75,-673.75,-402.50,1,94.253,
01/01/2000,01:41:59.37,14.15,-74.79,-990.88,367.50,-761.25,-393.75,1,94.253,
01/01/2000,01:41:59.39,13.91,-74.66,-991.13,96.25,-726.25,-376.25,1,94.254,
01/01/2000,01:41:59.40,14.03,-74.42,-991.01,105.0,-691.25,-385.0,1,94.255,
01/01/2000,01:41:59.41,14.03,-74.42,-991.13,227.50,-568.75,-271.25,1,94.256,
01/01/2000,01:41:59.42,14.03,-74.42,-991.37,140.0,-700.0,-341.25,1,94.256,
01/01/2000,01:41:59.43,13.91,-74.66,-991.25,140.0,-700.0,-393.75,1,94.257,
01/01/2000,01:41:59.44,13.66,-74.66,-991.13,201.25,-665.0,-253.75,1,94.258,
01/01/2000,01:41:59.45,13.79,-74.30,-991.13,148.75,-726.25,-315.0,1,94.259,
01/01/2000,01:41:59.46,13.91,-74.18,-991.13,61.25,-665.0,-271.25,1,94.260,
01/01/2000,01:41:59.47,13.91,-74.18,-990.88,131.25,-743.75,-253.75,1,94.260,
01/01/2000,01:41:59.48,13.91,-74.42,-990.88,87.50,-603.75,-393.75,1,94.261,
01/01/2000,01:41:59.49,13.79,-74.66,-990.88,280.0,-638.75,-341.25,1,94.262,
01/01/2000,01:41:59.50,13.91,-74.54,-991.13,192.50,-708.75,-490.0,1,94.263,
01/01/2000,01:41:59.51,13.91,-74.42,-991.13,192.50,-638.75,-306.25,1,94.264,
01/01/2000,01:41:59.52,13.91,-74.30,-991.25,175.0,-770.0,-350.0,1,94.251,
01/01/2000,01:41:59.53,14.03,-74.42,-991.13,236.25,-717.50,-393.75,1,94.252,
01/01/2000,01:41:59.54,13.91,-74.91,-991.13,140.0,-656.25,-358.75,1,94.253,
01/01/2000,01:41:59.55,14.15,-74.91,-991.01,157.50,-647.50,-332.50,1,94.254,
01/01/2000,01:41:59.56,14.15,-74.79,-991.13,131.25,-735.0,-271.25,1,94.255,
01/01/2000,01:41:59.57,14.15,-74.54,-991.13,148.75,-560.0,-367.50,1,94.255,
01/01/2000,01:41:59.58,13.91,-74.42,-991.13,105.0,-621.25,-332.50,1,94.256,
01/01/2000,01:41:59.60,13.91,-74.54,-991.25,218.75,-665.0,-341.25,1,94.257,
01/01/2000,01:41:59.61,13.91,-74.54,-991.13,192.50,-630.0,-297.50,1,94.258,
01/01/2000,01:41:59.62,14.03,-74.54,-991.25,157.50,-647.50,-323.75,1,94.259,
01/01/2000,01:41:59.63,14.15,-74.54,-990.88,52.50,-612.50,-402.50,1,94.259,
01/01/2000,01:41:59.64,14.15,-74.42,-990.76,262.50,-656.25,-271.25,1,94.260,
01/01/2000,01:41:59.65,13.91,-74.54,-990.88,192.50,-577.50,-411.25,1,94.261,
01/01/2000,01:41:59.66,13.91,-74.54,-991.13,201.25,-735.0,-245.0,1,94.249,
01/01/2000,01:41:59.67,14.03,-74.42,-991.25,-8.75,-595.0,-323.75,1,94.250,
01/01/2000,01:41:59.68,14.03,-74.54,-991.13,192.50,-761.25,-280.0,1,94.250,
01/01/2000,01:41:59.69,13.91,-74.54,-991.25,253.75,-726.25,-315.0,1,94.251,
01/01/2000,01:41:59.70,13.79,-74.66,-991.37,201.25,-551.25,-280.0,1,94.252,
01/01/2000,01:41:59.72,13.79,-74.54,-991.62,175.0,-691.25,-332.50,1,94.253,
01/01/2000,01:41:59.73,13.66,-74.54,-991.37,105.0,-743.75,-306.25,1,94.254,
01/01/2000,01:41:59.74,13.42,-74.66,-991.13,192.50,-568.75,-280.0,1,94.254,
01/01/2000,01:41:59.75,13.42,-74.66,-991.13,148.75,-691.25,-288.75,1,94.255,
01/01/2000,01:41:59.76,13.42,-74.79,-991.25,271.25,-761.25,-341.25,1,94.256,
01/01/2000,01:41:59.77,13.54,-74.79,-991.49,218.75,-691.25,-332.50,1,94.257,
01/01/2000,01:41:59.78,13.54,-74.79,-991.49,52.50,-638.75,-411.25,1,94.257,
01/01/2000,01:41:59.79,13.66,-74.79,-991.13,306.25,-673.75,-218.75,1,94.258,
01/01/2000,01:41:59.80,13.66,-74.79,-991.13,262.50,-726.25,-341.25,1,94.259,
01/01/2000,01:41:59.81,13.79,-74.66,-991.13,192.50,-735.0,-332.50,1,94.260,
01/01/2000,01:41:59.82,13.79,-74.66,-991.25,192.50,-700.0,-350.0,1,94.261,
01/01/2000,01:41:59.83,13.66,-74.66,-991.37,87.50,-700.0,-358.75,1,94.261,
01/01/2000,01:41:59.84,13.66,-74.66,-991.13,140.0,-700.0,-446.25,1,94.262,
01/01/2000,01:41:59.85,13.66,-74.66,-991.01,113.75,-700.0,-358.75,1,94.263,
01/01/2000,01:41:59.86,13.54,-74.66,-991.13,306.25,-673.75,-376.25,1,94.264,
01/01/2000,01:41:59.87,13.66,-74.66,-991.25,122.50,-638.75,-402.50,1,94.252,
01/01/2000,01:41:59.88,13.79,-74.66,-991.25,140.0,-770.0,-350.0,1,94.252,
01/01/2000,01:41:59.89,13.66,-74.54,-991.13,131.25,-595.0,-393.75,1,94.253,
01/01/2000,01:41:59.90,13.66,-74.42,-990.88,280.0,-673.75,-358.75,1,94.254,
01/01/2000,01:41:59.91,13.66,-74.42,-991.01,201.25,-691.25,-306.25,1,94.255,
01/01/2000,01:41:59.92,13.79,-74.42,-991.13,122.50,-735.0,-227.50,1,94.256,
01/01/2000,01:41:59.93,13.91,-74.42,-991.37,245.0,-673.75,-218.75,1,94.256,
01/01/2000,01:41:59.95,13.91,-74.42,-991.37,78.75,-656.25,-402.50,1,94.257,
01/01/2000,01:41:59.96,13.91,-74.42,-991.49,122.50,-682.50,-323.75,1,94.258,
01/01/2000,01:41:59.97,13.91,-74.42,-991.25,218.75,-630.0,-358.75,1,94.259,
01/01/2000,01:41:59.98,13.91,-74.42,-991.01,140.0,-673.75,-262.50,1,94.259,
01/01/2000,01:41:59.99,13.66,-74.42,-991.13,96.25,-717.50,-262.50,1,94.260,
01/01/2000,01:42:00.00,13.54,-74.54,-991.25,192.50,-743.75,-367.50,1,94.261,
01/01/2000,01:42:00.01,13.54,-74.54,-991.37,148.75,-673.75,-341.25,1,94.262,
01/01/2000,01:42:00.02,13.54,-74.42,-991.37,271.25,-621.25,-315.0,1,94.263,
01/01/2000,01:42:00.03,13.91,-74.30,-991.37,148.75,-726.25,-323.75,1,94.263,
01/01/2000,01:42:00.04,13.91,-74.42,-991.37,87.50,-735.0,-341.25,1,94.264,
01/01/2000,01:42:00.05,13.66,-74.54,-991.49,148.75,-726.25,-376.25,1,94.265,
01/01/2000,01:42:00.06,13.66,-74.66,-991.62,262.50,-673.75,-446.25,1,94.266,
01/01/2000,01:42:00.07,13.91,-74.18,-991.86,78.75,-735.0,-358.75,1,94.266,
01/01/2000,01:42:00.08,13.91,-74.18,-991.37,105.0,-743.75,-192.50,1,94.254,
01/01/2000,01:42:00.09,13.79,-74.42,-991.37,297.50,-831.25,-332.50,1,94.255,
01/01/2000,01:42:00.10,13.54,-74.79,-991.25,192.50,-647.50,-358.75,1,94.256,
01/01/2000,01:42:00.11,13.54,-74.54,-991.49,113.75,-586.25,-367.50,1,94.257,
01/01/2000,01:42:00.12,13.79,-74.30,-991.62,157.50,-726.25,-428.75,1,94.258,
01/01/2000,01:42:00.13,13.91,-74.05,-991.62,140.0,-673.75,-122.50,1,94.258,
01/01/2000,01:42:00.14,13.66,-74.18,-991.37,315.0,-726.25,-393.75,1,94.259,
01/01/2000,01:42:00.16,13.42,-74.54,-991.37,96.25,-708.75,-323.75,1,94.260,
01/01/2000,01:42:00.17,13.66,-74.42,-991.62,245.0,-700.0,-376.25,1,94.261,
01/01/2000,01:42:00.18,13.91,-74.42,-991.62,70.0,-700.0,-350.0,1,94.261,
01/01/2000,01:42:00.19,13.91,-74.18,-991.37,183.75,-673.75,-271.25,1,94.262,
01/01/2000,01:42:00.20,13.66,-74.18,-991.13,70.0,-595.0,-393.75,1,94.263,
01/01/2000,01:42:00.21,13.66,-74.42,-991.37,52.50,-612.50,-350.0,1,94.264,
01/01/2000,01:42:00.23,14.03,-74.18,-991.62,131.25,-700.0,-280.0,1,94.252,
01/01/2000,01:42:00.24,14.15,-74.05,-991.37,166.25,-700.0,-306.25,1,94.253,
01/01/2000,01:42:00.25,13.79,-74.42,-991.01,166.25,-752.50,-288.75,1,94.253,
01/01/2000,01:42:00.26,13.54,-74.54,-990.88,297.50,-638.75,-402.50,1,94.254,
01/01/2000,01:42:00.27,13.79,-74.54,-991.37,236.25,-708.75,-490.0,1,94.255,
01/01/2000,01:42:00.28,13.91,-74.30,-991.62,201.25,-647.50,-236.25,1,94.256,
01/01/2000,01:42:00.29,14.15,-74.18,-991.62,105.0,-726.25,-271.25,1,94.256,
01/01/2000,01:42:00.30,13.79,-74.18,-991.13,236.25,-726.25,-332.50,1,94.257,
01/01/2000,01:42:00.31,13.79,-74.42,-991.13,236.25,-752.50,-393.75,1,94.258,
01/01/2000,01:42:00.32,14.15,-74.42,-991.37,297.50,-743.75,-385.0,1,94.259,
01/01/2000,01:42:00.33,14.27,-74.18,-991.62,87.50,-691.25,-393.75,1,94.260,
01/01/2000,01:42:00.34,14.15,-74.42,-991.37,131.25,-612.50,-271.25,1,94.260,
01/01/2000,01:42:00.35,13.91,-74.30,-991.01,245.0,-595.0,-402.50,1,94.261,
01/01/2000,01:42:00.36,13.91,-74.42,-990.64,131.25,-726.25,-332.50,1,94.262,
01/01/2000,01:42:00.37,14.15,-74.30,-991.13,87.50,-778.75,-332.50,1,94.263,
01/01/2000,01:42:00.38,14.15,-74.42,-991.49,157.50,-726.25,-367.50,1,94.263,
01/01/2000,01:42:00.39,14.15,-74.42,-991.37,192.50,-638.75,-297.50,1,94.264,
01/01/2000,01:42:00.40,13.91,-74.42,-991.01,140.0,-621.25,-367.50,1,94.265,
01/01/2000,01:42:00.41,13.66,-74.42,-990.64,315.0,-691.25,-376.25,1,94.266,
01/01/2000,01:42:00.42,13.91,-74.30,-991.01,70.0,-735.0,-358.75,1,94.266,
01/01/2000,01:42:00.43,14.15,-74.42,-991.37,113.75,-647.50,-245.0,1,94.255,
01/01/2000,01:42:00.44,14.03,-74.54,-991.49,87.50,-630.0,-297.50,1,94.255,
01/01/2000,01:42:00.45,13.91,-74.54,-991.25,218.75,-778.75,-306.25,1,94.256,
01/01/2000,01:42:00.46,14.15,-74.42,-990.88,105.0,-630.0,-341.25,1,94.257,
01/01/2000,01:42:00.47,14.15,-74.42,-990.88,367.50,-717.50,-350.0,1,94.258,
01/01/2000,01:42:00.48,14.15,-74.42,-991.13,183.75,-682.50,-315.0,1,94.258,
01/01/2000,01:42:00.49,14.15,-74.54,-991.25,236.25,-665.0,-420.0,1,94.259,
01/01/2000,01:42:00.51,14.03,-74.42,-991.13,140.0,-708.75,-315.0,1,94.260,
01/01/2000,01:42:00.52,14.03,-74.42,-991.01,87.50,-621.25,-350.0,1,94.261,
01/01/2000,01:42:00.53,13.91,-74.42,-991.01,175.0,-691.25,-385.0,1,94.262,
01/01/2000,01:42:00.54,14.03,-74.30,-991.13,-35.0,-665.0,-183.75,1,94.262,
01/01/2000,01:42:00.55,13.91,-74.54,-991.13,140.0,-638.75,-367.50,1,94.263,
01/01/2000,01:42:00.56,13.91,-74.66,-991.13,113.75,-533.75,-280.0,1,94.264,
01/01/2000,01:42:00.57,13.79,-74.66,-991.01,280.0,-665.0,-446.25,1,94.265,
01/01/2000,01:42:00.58,14.15,-74.42,-991.13,87.50,-638.75,-437.50,1,94.265,
01/01/2000,01:42:00.59,14.15,-74.42,-991.25,175.0,-656.25,-297.50,1,94.266,
01/01/2000,01:42:00.60,14.03,-74.79,-991.25,131.25,-656.25,-402.50,1,94.267,
01/01/2000,01:42:00.61,13.91,-75.03,-991.25,288.75,-595.0,-271.25,1,94.255,
01/01/2000,01:42:00.62,14.15,-74.91,-991.37,113.75,-638.75,-455.0,1,94.268,
01/01/2000,01:42:00.63,14.15,-74.79,-991.37,113.75,-682.50,-385.0,1,94.257,
01/01/2000,01:42:00.65,14.15,-74.42,-991.37,183.75,-612.50,-201.25,1,94.257,
01/01/2000,01:42:00.66,14.03,-74.66,-991.13,157.50,-665.0,-385.0,1,94.258,
01/01/2000,01:42:00.67,13.91,-74.79,-990.88,87.50,-700.0,-341.25,1,94.259,
01/01/2000,01:42:00.68,13.91,-74.66,-990.88,201.25,-682.50,-420.0,1,94.260,
01/01/2000,01:42:00.69,13.91,-74.66,-991.01,105.0,-717.50,-358.75,1,94.260,
01/01/2000,01:42:00.70,13.91,-74.42,-991.13,113.75,-638.75,-323.75,1,94.261,
01/01/2000,01:42:00.71,13.91,-74.54,-991.13,306.25,-805.0,-411.25,1,94.262,
01/01/2000,01:42:00.72,13.79,-74.42,-991.13,96.25,-691.25,-350.0,1,94.263,
01/01/2000,01:42:00.73,14.03,-74.18,-991.25,236.25,-603.75,-315.0,1,94.251,
01/01/2000,01:42:00.74,14.03,-74.18,-991.25,157.50,-621.25,-358.75,1,94.252,
01/01/2000,01:42:00.75,13.91,-74.18,-991.13,210.0,-735.0,-288.75,1,94.252,
01/01/2000,01:42:00.76,13.91,-74.18,-991.13,131.25,-796.25,-332.50,1,94.253,
01/01/2000,01:42:00.77,13.79,-74.18,-991.13,105.0,-630.0,-350.0,1,94.254,
01/01/2000,01:42:00.79,13.91,-74.18,-991.13,210.0,-647.50,-358.75,1,94.255,
01/01/2000,01:42:00.80,14.03,-74.18,-991.01,70.0,-630.0,-297.50,1,94.255,
01/01/2000,01:42:00.81,13.91,-74.42,-990.88,70.0,-726.25,-315.0,1,94.256,
01/01/2000,01:42:00.82,13.79,-74.54,-991.01,140.0,-717.50,-367.50,1,94.257,
01/01/2000,01:42:00.83,13.66,-74.54,-991.13,148.75,-717.50,-332.50,1,94.258,
01/01/2000,01:42:00.84,13.66,-74.42,-991.37,192.50,-595.0,-341.25,1,94.259,
01/01/2000,01:42:00.85,13.66,-74.42,-991.25,157.50,-761.25,-306.25,1,94.259,
01/01/2000,01:42:00.86,13.66,-74.42,-991.13,113.75,-743.75,-315.0,1,94.260,
01/01/2000,01:42:00.87,13.66,-74.42,-991.01,297.50,-726.25,-402.50,1,94.261,
01/01/2000,01:42:00.88,13.91,-74.42,-991.01,140.0,-551.25,-288.75,1,94.262,
01/01/2000,01:42:00.89,13.91,-74.42,-991.25,-8.75,-682.50,-297.50,1,94.262,
01/01/2000,01:42:00.90,13.91,-74.42,-991.37,376.25,-682.50,-437.50,1,94.263,
01/01/2000,01:42:00.91,13.91,-74.42,-991.25,148.75,-796.25,-402.50,1,94.264,
01/01/2000,01:42:00.92,14.03,-74.54,-991.01,131.25,-691.25,-297.50,1,94.265,
01/01/2000,01:42:00.93,13.79,-74.66,-990.88,192.50,-691.25,-437.50,1,94.265,
01/01/2000,01:42:00.94,13.66,-74.91,-991.13,140.0,-726.25,-393.75,1,94.266,
01/01/2000,01:42:00.95,13.91,-74.66,-991.25,105.0,-708.75,-463.75,1,94.267,
01/01/2000,01:42:00.96,13.91,-74.66,-991.37,218.75,-673.75,-376.25,1,94.268,
01/01/2000,01:42:00.97,13.91,-74.54,-991.13,183.75,-682.50,-297.50,1,94.269,
01/01/2000,01:42:00.98,13.91,-74.66,-990.88,245.0,-840.0,-367.50,1,94.269,
01/01/2000,01:42:00.99,14.03,-74.79,-991.01,253.75,-708.75,-385.0,1,94.257,
01/01/2000,01:42:01.00,14.03,-74.66,-991.13,140.0,-682.50,-236.25,1,94.258,
01/01/2000,01:42:01.01,13.91,-74.54,-991.13,87.50,-796.25,-393.75,1,94.259,
01/01/2000,01:42:01.02,14.03,-74.42,-990.88,210.0,-673.75,-332.50,1,94.260,
01/01/2000,01:42:01.03,13.91,-74.42,-990.76,140.0,-656.25,-402.50,1,94.261,
01/01/2000,01:42:01.04,14.03,-74.66,-990.76,140.0,-656.25,-332.50,1,94.261,
01/01/2000,01:42:01.05,14.15,-74.66,-990.88,105.0,-787.50,-367.50,1,94.262,
01/01/2000,01:42:01.07,14.03,-74.66,-991.13,96.25,-673.75,-402.50,1,94.263,
01/01/2000,01:42:01.08,13.91,-74.54,-991.13,166.25,-647.50,-332.50,1,94.264,
01/01/2000,01:42:01.09,13.79,-74.42,-991.01,105.0,-691.25,-262.50,1,94.264,
01/01/2000,01:42:01.10,14.03,-74.54,-991.13,210.0,-743.75,-358.75,1,94.265,
01/01/2000,01:42:01.11,14.03,-74.66,-991.13,96.25,-638.75,-306.25,1,94.266,
01/01/2000,01:42:01.12,14.03,-74.54,-991.13,78.75,-673.75,-358.75,1,94.267,
01/01/2000,01:42:01.13,13.79,-74.66,-991.13,253.75,-586.25,-542.50,1,94.267,
01/01/2000,01:42:01.14,13.66,-74.42,-991.25,253.75,-630.0,-402.50,1,94.268,
01/01/2000,01:42:01.15,13.79,-73.93,-991.37,17.50,-551.25,-437.50,1,94.269,
01/01/2000,01:42:01.16,13.79,-74.42,-991.25,227.50,-726.25,-175.0,1,94.270,
01/01/2000,01:42:01.17,13.79,-74.18,-991.13,17.50,-761.25,-175.0,1,94.270,
01/01/2000,01:42:01.18,13.91,-74.66,-990.88,131.25,-752.50,-542.50,1,94.271,
01/01/2000,01:42:01.19,13.79,-74.54,-991.13,70.0,-708.75,-227.50,1,94.272,
01/01/2000,01:42:01.21,14.03,-74.18,-991.37,70.0,-761.25,-402.50,1,94.260,
01/01/2000,01:42:01.22,13.91,-74.18,-991.25,210.0,-770.0,-236.25,1,94.261,
01/01/2000,01:42:01.23,13.91,-74.18,-991.13,288.75,-656.25,-446.25,1,94.262,
01/01/2000,01:42:01.24,13.79,-74.54,-991.25,87.50,-735.0,-420.0,1,94.263,
01/01/2000,01:42:01.25,13.91,-74.66,-991.37,253.75,-656.25,-210.0,1,94.263,
01/01/2000,01:42:01.26,13.91,-74.54,-991.25,113.75,-647.50,-446.25,1,94.264,
01/01/2000,01:42:01.27,13.91,-74.66,-991.13,262.50,-743.75,-367.50,1,94.265,
01/01/2000,01:42:01.28,13.79,-74.42,-991.13,87.50,-726.25,-218.75,1,94.266,
01/01/2000,01:42:01.29,13.91,-74.42,-991.37,183.75,-752.50,-393.75,1,94.266,
01/01/2000,01:42:01.30,13.91,-74.66,-991.49,175.0,-621.25,-201.25,1,94.255,
01/01/2000,01:42:01.31,14.15,-74.66,-991.37,105.0,-700.0,-358.75,1,94.268,
01/01/2000,01:42:01.32,14.15,-74.79,-991.13,131.25,-761.25,-297.50,1,94.256,
01/01/2000,01:42:01.33,14.15,-74.54,-991.01,87.50,-673.75,-280.0,1,94.269,
01/01/2000,01:42:01.34,14.03,-74.66,-991.25,376.25,-743.75,-350.0,1,94.258,
01/01/2000,01:42:01.35,14.03,-74.42,-991.62,78.75,-630.0,-245.0,1,94.258,
01/01/2000,01:42:01.36,13.91,-74.30,-991.62,70.0,-673.75,-428.75,1,94.259,
01/01/2000,01:42:01.37,13.91,-74.42,-991.37,166.25,-621.25,-271.25,1,94.260,
01/01/2000,01:42:01.38,13.91,-74.54,-991.13,61.25,-717.50,-358.75,1,94.261,
01/01/2000,01:42:01.39,14.03,-74.66,-991.13,157.50,-647.50,-341.25,1,94.261,
01/01/2000,01:42:01.40,13.91,-74.66,-991.37,227.50,-717.50,-385.0,1,94.262,
01/01/2000,01:42:01.42,13.66,-74.79,-991.37,148.75,-691.25,-385.0,1,94.263,
01/01/2000,01:42:01.43,13.79,-74.79,-991.25,253.75,-700.0,-402.50,1,94.264,
01/01/2000,01:42:01.44,13.91,-74.79,-991.13,87.50,-752.50,-245.0,1,94.264,
01/01/2000,01:42:01.45,14.03,-74.91,-991.01,358.75,-743.75,-463.75,1,94.265,
01/01/2000,01:42:01.46,13.91,-75.03,-991.13,148.75,-778.75,-323.75,1,94.266,
01/01/2000,01:42:01.47,13.79,-75.15,-991.25,70.0,-551.25,-455.0,1,94.267,
01/01/2000,01:42:01.48,13.54,-75.03,-991.25,245.0,-708.75,-341.25,1,94.268,
01/01/2000,01:42:01.49,13.66,-74.66,-991.13,183.75,-673.75,-262.50,1,94.268,
01/01/2000,01:42:01.50,13.79,-74.66,-991.13,288.75,-673.75,-367.50,1,94.269,
01/01/2000,01:42:01.51,13.66,-74.66,-991.01,210.0,-735.0,-262.50,1,94.270,
01/01/2000,01:42:01.52,13.66,-74.91,-991.01,192.50,-673.75,-507.50,1,94.271,
01/01/2000,01:42:01.53,13.79,-74.91,-991.13,122.50,-665.0,-315.0,1,94.271,
01/01/2000,01:42:01.54,13.79,-74.79,-991.25,271.25,-595.0,-402.50,1,94.272,
01/01/2000,01:42:01.55,13.66,-74.54,-991.49,297.50,-691.25,-393.75,1,94.273,
01/01/2000,01:42:01.57,13.66,-74.42,-991.49,131.25,-735.0,-236.25,1,94.261,
01/01/2000,01:42:01.58,13.79,-74.42,-991.37,87.50,-638.75,-227.50,1,94.262,
01/01/2000,01:42:01.59,13.79,-74.66,-991.13,218.75,-682.50,-428.75,1,94.263,
01/01/2000,01:42:01.60,13.66,-74.79,-991.13,43.75,-822.50,-341.25,1,94.263,
01/01/2000,01:42:01.61,13.79,-74.91,-991.25,288.75,-717.50,-385.0,1,94.264,
01/01/2000,01:42:01.62,13.79,-74.54,-991.49,0.0,-700.0,-253.75,1,94.265,
01/01/2000,01:42:01.63,13.66,-74.30,-991.49,262.50,-708.75,-358.75,1,94.266,
01/01/2000,01:42:01.64,13.66,-74.42,-991.37,140.0,-647.50,-402.50,1,94.266,
01/01/2000,01:42:01.65,13.66,-74.66,-991.13,157.50,-848.75,-323.75,1,94.267,
01/01/2000,01:42:01.66,13.66,-74.66,-991.37,183.75,-656.25,-455.0,1,94.268,
01/01/2000,01:42:01.67,13.42,-74.79,-991.49,140.0,-796.25,-280.0,1,94.269,
01/01/2000,01:42:01.68,13.42,-74.42,-991.62,122.50,-647.50,-463.75,1,94.269,
01/01/2000,01:42:01.69,13.42,-74.42,-991.37,332.50,-682.50,-262.50,1,94.270,
01/01/2000,01:42:01.70,13.66,-74.30,-991.13,148.75,-665.0,-87.50,1,94.258,
01/01/2000,01:42:01.71,13.66,-74.54,-991.13,210.0,-691.25,-525.0,1,94.259,
01/01/2000,01:42:01.72,13.66,-74.79,-991.01,148.75,-708.75,-271.25,1,94.260,
01/01/2000,01:42:01.73,13.79,-74.66,-991.01,271.25,-708.75,-525.0,1,94.261,
01/01/2000,01:42:01.74,13.79,-74.66,-991.13,192.50,-647.50,-393.75,1,94.262,
01/01/2000,01:42:01.75,13.66,-74.18,-990.88,52.50,-717.50,-236.25,1,94.262,
01/01/2000,01:42:01.77,13.66,-74.30,-990.88,78.75,-691.25,-288.75,1,94.263,
01/01/2000,01:42:01.78,13.66,-74.66,-990.88,218.75,-726.25,-306.25,1,94.251,
01/01/2000,01:42:01.79,13.66,-74.66,-991.13,157.50,-586.25,-262.50,1,94.265,
01/01/2000,01:42:01.80,13.66,-74.79,-990.88,201.25,-822.50,-428.75,1,94.253,
01/01/2000,01:42:01.81,13.79,-74.42,-990.88,70.0,-700.0,-157.50,1,94.254,
01/01/2000,01:42:01.82,13.91,-74.42,-990.88,428.75,-726.25,-411.25,1,94.254,
01/01/2000,01:42:01.83,13.91,-74.30,-990.88,0.0,-665.0,-218.75,1,94.255,
01/01/2000,01:42:01.84,13.91,-74.66,-991.13,262.50,-726.25,-481.25,1,94.256,
01/01/2000,01:42:01.85,13.91,-74.91,-991.01,236.25,-796.25,-350.0,1,94.257,
01/01/2000,01:42:01.86,14.03,-74.42,-991.01,166.25,-700.0,-358.75,1,94.257,
01/01/2000,01:42:01.87,13.91,-74.54,-991.13,218.75,-656.25,-236.25,1,94.258,
01/01/2000,01:42:01.88,13.91,-74.18,-991.13,166.25,-717.50,-166.25,1,94.259,
01/01/2000,01:42:01.89,13.66,-74.54,-991.13,350.0,-603.75,-411.25,1,94.260,
01/01/2000,01:42:01.90,13.66,-74.79,-991.37,175.0,-700.0,-385.0,1,94.260,
01/01/2000,01:42:01.92,13.91,-74.66,-991.37,271.25,-726.25,-350.0,1,94.261,
01/01/2000,01:42:01.92,13.91,-74.91,-991.25,280.0,-717.50,-516.25,1,94.262,
01/01/2000,01:42:01.94,14.15,-74.54,-991.13,17.50,-805.0,-218.75,1,94.263,
01/01/2000,01:42:01.95,14.15,-74.79,-991.13,236.25,-708.75,-280.0,1,94.263,
01/01/2000,01:42:01.96,13.91,-74.66,-991.37,183.75,-665.0,-271.25,1,94.264,
01/01/2000,01:42:01.97,13.66,-74.79,-991.49,52.50,-726.25,-420.0,1,94.265,
01/01/2000,01:42:01.98,13.54,-74.91,-991.62,236.25,-708.75,-428.75,1,94.266,
01/01/2000,01:42:01.99,13.54,-74.54,-991.37,122.50,-673.75,-166.25,1,94.267,
01/01/2000,01:42:02.00,13.79,-74.42,-991.25,78.75,-700.0,-428.75,1,94.267,
01/01/2000,01:42:02.01,13.66,-74.54,-991.37,183.75,-612.50,-218.75,1,94.268,
01/01/2000,01:42:02.02,13.66,-74.66,-991.49,61.25,-673.75,-358.75,1,94.269,
01/01/2000,01:42:02.03,13.66,-75.03,-991.37,306.25,-700.0,-402.50,1,94.270,
01/01/2000,01:42:02.04,13.42,-74.54,-991.37,-8.75,-673.75,-385.0,1,94.270,
01/01/2000,01:42:02.05,13.66,-74.42,-991.13,17.50,-647.50,-437.50,1,94.259,
01/01/2000,01:42:02.06,13.54,-74.66,-991.13,245.0,-568.75,-236.25,1,94.259,
01/01/2000,01:42:02.07,13.66,-74.66,-991.01,105.0,-682.50,-463.75,1,94.260,
01/01/2000,01:42:02.08,13.66,-75.15,-991.01,87.50,-656.25,-446.25,1,94.261,
01/01/2000,01:42:02.09,13.66,-74.91,-991.25,253.75,-770.0,-341.25,1,94.262,
01/01/2000,01:42:02.10,13.54,-74.66,-991.25,148.75,-682.50,-385.0,1,94.262,
01/01/2000,01:42:02.11,13.42,-74.66,-991.25,96.25,-647.50,-332.50,1,94.263,
01/01/2000,01:42:02.13,13.66,-74.54,-991.13,-8.75,-726.25,-201.25,1,94.264,
01/01/2000,01:42:02.14,13.79,-74.79,-991.13,385.0,-665.0,-323.75,1,94.265,
01/01/2000,01:42:02.15,13.66,-74.91,-991.25,236.25,-638.75,-420.0,1,94.265,
01/01/2000,01:42:02.16,13.66,-74.91,-991.37,-26.25,-717.50,-306.25,1,94.266,
01/01/2000,01:42:02.17,13.66,-74.79,-991.25,218.75,-673.75,-358.75,1,94.267,
01/01/2000,01:42:02.18,13.66,-74.42,-991.37,-26.25,-638.75,-288.75,1,94.268,
01/01/2000,01:42:02.19,13.66,-74.42,-991.37,131.25,-673.75,-472.50,1,94.268,
01/01/2000,01:42:02.20,13.42,-74.42,-991.62,297.50,-673.75,-332.50,1,94.269,
01/01/2000,01:42:02.21,13.54,-74.54,-991.62,166.25,-735.0,-428.75,1,94.270,
01/01/2000,01:42:02.22,13.54,-74.66,-991.49,148.75,-735.0,-481.25,1,94.271,
01/01/2000,01:42:02.23,13.66,-74.79,-991.13,96.25,-682.50,-385.0,1,94.271,
01/01/2000,01:42:02.24,13.66,-74.66,-991.13,245.0,-700.0,-350.0,1,94.272,
01/01/2000,01:42:02.25,13.79,-74.54,-991.13,175.0,-656.25,-315.0,1,94.273,
01/01/2000,01:42:02.26,13.79,-74.79,-991.25,140.0,-682.50,-428.75,1,94.261,
01/01/2000,01:42:02.28,14.15,-74.91,-991.37,253.75,-577.50,-210.0,1,94.262,
01/01/2000,01:42:02.29,14.03,-74.79,-991.49,43.75,-612.50,-253.75,1,94.250,
01/01/2000,01:42:02.30,13.91,-74.66,-991.37,210.0,-735.0,-498.75,1,94.251,
01/01/2000,01:42:02.31,13.91,-74.66,-991.49,26.25,-525.0,-166.25,1,94.252,
01/01/2000,01:42:02.32,14.03,-74.30,-991.37,315.0,-577.50,-455.0,1,94.253,
01/01/2000,01:42:02.33,13.91,-74.54,-991.25,358.75,-621.25,-315.0,1,94.253,
01/01/2000,01:42:02.34,13.79,-74.54,-991.13,61.25,-778.75,-393.75,1,94.254,
01/01/2000,01:42:02.35,13.66,-74.91,-991.37,183.75,-708.75,-271.25,1,94.255,
01/01/2000,01:42:02.36,13.91,-74.66,-991.49,183.75,-621.25,-218.75,1,94.256,
01/01/2000,01:42:02.37,13.79,-74.42,-991.37,236.25,-743.75,-323.75,1,94.256,
01/01/2000,01:42:02.38,13.66,-74.66,-991.25,175.0,-673.75,-201.25,1,94.257,
01/01/2000,01:42:02.39,13.79,-74.66,-991.37,148.75,-761.25,-446.25,1,94.258,
01/01/2000,01:42:02.41,13.79,-74.79,-991.25,245.0,-796.25,-262.50,1,94.259,
01/01/2000,01:42:02.42,13.79,-74.66,-991.37,-43.75,-691.25,-315.0,1,94.259,
01/01/2000,01:42:02.43,13.66,-74.66,-991.25,271.25,-717.50,-315.0,1,94.260,
01/01/2000,01:42:02.44,13.66,-74.54,-991.13,131.25,-778.75,-297.50,1,94.261,
01/01/2000,01:42:02.45,13.54,-74.66,-991.01,157.50,-752.50,-463.75,1,94.262,
01/01/2000,01:42:02.46,13.66,-74.54,-991.13,122.50,-787.50,-210.0,1,94.263,
01/01/2000,01:42:02.47,13.91,-74.66,-991.13,96.25,-726.25,-411.25,1,94.263,
01/01/2000,01:42:02.48,13.91,-74.91,-991.13,227.50,-770.0,-385.0,1,94.264,
01/01/2000,01:42:02.49,13.91,-74.79,-991.13,78.75,-708.75,-315.0,1,94.265,
01/01/2000,01:42:02.50,13.66,-74.66,-991.13,183.75,-726.25,-350.0,1,94.266,
01/01/2000,01:42:02.51,13.66,-74.66,-991.25,140.0,-700.0,-341.25,1,94.266,
01/01/2000,01:42:02.52,13.66,-74.66,-991.37,218.75,-525.0,-271.25,1,94.267,
01/01/2000,01:42:02.53,13.66,-74.66,-991.37,113.75,-717.50,-306.25,1,94.268,
01/01/2000,01:42:02.54,13.66,-74.79,-991.13,175.0,-595.0,-297.50,1,94.269,
01/01/2000,01:42:02.55,13.54,-74.54,-991.13,148.75,-743.75,-385.0,1,94.269,
01/01/2000,01:42:02.56,13.54,-74.42,-991.01,218.75,-700.0,-332.50,1,94.270,
01/01/2000,01:42:02.57,13.66,-74.42,-991.01,157.50,-708.75,-420.0,1,94.271,
01/01/2000,01:42:02.58,13.66,-74.54,-991.01,201.25,-647.50,-367.50,1,94.272,
01/01/2000,01:42:02.59,13.66,-74.66,-991.01,166.25,-743.75,-297.50,1,94.272,
01/01/2000,01:42:02.60,13.66,-74.66,-990.88,78.75,-700.0,-358.75,1,94.273,
01/01/2000,01:42:02.62,13.66,-74.66,-990.88,113.75,-656.25,-420.0,1,94.261,
01/01/2000,01:42:02.62,13.91,-74.54,-990.88,192.50,-656.25,-376.25,1,94.262,
01/01/2000,01:42:02.64,13.66,-74.66,-991.01,96.25,-743.75,-288.75,1,94.263,
01/01/2000,01:42:02.65,13.66,-74.54,-991.13,192.50,-682.50,-341.25,1,94.264,
01/01/2000,01:42:02.66,13.66,-74.66,-991.13,210.0,-700.0,-402.50,1,94.264,
01/01/2000,01:42:02.67,13.66,-74.54,-991.25,175.0,-726.25,-280.0,1,94.265,
01/01/2000,01:42:02.68,13.79,-74.54,-991.13,131.25,-647.50,-288.75,1,94.266,
01/01/2000,01:42:02.69,13.79,-74.42,-991.25,87.50,-743.75,-350.0,1,94.267,
01/01/2000,01:42:02.70,13.79,-74.42,-991.37,201.25,-805.0,-350.0,1,94.267,
01/01/2000,01:42:02.71,13.91,-74.42,-991.37,271.25,-638.75,-323.75,1,94.268,
01/01/2000,01:42:02.72,13.91,-74.42,-991.25,218.75,-673.75,-253.75,1,94.269,
01/01/2000,01:42:02.73,13.91,-74.42,-991.01,113.75,-586.25,-385.0,1,94.270,
01/01/2000,01:42:02.74,13.79,-74.54,-991.01,210.0,-647.50,-411.25,1,94.270,
01/01/2000,01:42:02.75,13.91,-74.54,-991.13,175.0,-761.25,-236.25,1,94.271,
01/01/2000,01:42:02.76,13.91,-74.54,-991.37,175.0,-717.50,-288.75,1,94.260,
01/01/2000,01:42:02.77,13.91,-74.42,-991.37,192.50,-603.75,-385.0,1,94.260,
01/01/2000,01:42:02.79,13.91,-74.54,-991.25,306.25,-638.75,-288.75,1,94.261,
01/01/2000,01:42:02.80,13.91,-74.54,-991.37,122.50,-630.0,-323.75,1,94.262,
01/01/2000,01:42:02.81,14.03,-74.66,-991.37,175.0,-621.25,-332.50,1,94.263,
01/01/2000,01:42:02.82,13.91,-74.66,-991.25,157.50,-647.50,-411.25,1,94.263,
01/01/2000,01:42:02.83,13.91,-74.66,-991.13,122.50,-665.0,-253.75,1,94.264,
01/01/2000,01:42:02.84,13.91,-74.66,-991.13,271.25,-673.75,-262.50,1,94.265,
01/01/2000,01:42:02.85,13.91,-74.54,-991.01,166.25,-708.75,-350.0,1,94.266,
01/01/2000,01:42:02.86,13.91,-74.66,-991.13,166.25,-656.25,-323.75,1,94.266,
01/01/2000,01:42:02.87,13.66,-74.66,-991.25,122.50,-630.0,-385.0,1,94.267,
01/01/2000,01:42:02.88,13.66,-74.66,-991.37,140.0,-673.75,-376.25,1,94.268,
01/01/2000,01:42:02.89,13.66,-74.66,-991.25,157.50,-656.25,-253.75,1,94.269,
01/01/2000,01:42:02.90,13.79,-74.54,-991.13,35.0,-717.50,-227.50,1,94.269,
01/01/2000,01:42:02.91,13.66,-74.42,-991.25,157.50,-542.50,-376.25,1,94.270,
01/01/2000,01:42:02.92,13.91,-74.54,-991.13,43.75,-691.25,-323.75,1,94.271,
01/01/2000,01:42:02.93,13.79,-74.91,-990.88,253.75,-665.0,-472.50,1,94.272,
01/01/2000,01:42:02.94,13.66,-74.54,-990.88,78.75,-603.75,-332.50,1,94.272,
01/01/2000,01:42:02.95,13.79,-74.54,-990.88,376.25,-682.50,-560.0,1,94.261,
01/01/2000,01:42:02.96,13.66,-74.05,-991.01,131.25,-717.50,-315.0,1,94.274,
01/01/2000,01:42:02.98,13.66,-74.18,-990.88,105.0,-673.75,-253.75,1,94.262,
01/01/2000,01:42:02.99,13.66,-74.54,-990.88,131.25,-726.25,-376.25,1,94.263,
01/01/2000,01:42:03.00,13.66,-74.66,-991.01,210.0,-621.25,-323.75,1,94.264,
01/01/2000,01:42:03.01,13.91,-74.66,-990.88,271.25,-656.25,-516.25,1,94.265,
01/01/2000,01:42:03.02,13.79,-74.30,-991.01,122.50,-691.25,-288.75,1,94.265,
01/01/2000,01:42:03.03,13.79,-74.42,-991.13,157.50,-743.75,-297.50,1,94.266,
01/01/2000,01:42:03.04,13.66,-74.42,-991.13,183.75,-726.25,-411.25,1,94.267,
01/01/2000,01:42:03.05,13.79,-74.18,-991.13,166.25,-603.75,-262.50,1,94.268,
01/01/2000,01:42:03.06,14.03,-74.54,-991.13,201.25,-700.0,-507.50,1,94.268,
01/01/2000,01:42:03.07,13.91,-74.30,-991.25,61.25,-735.0,-271.25,1,94.269,
01/01/2000,01:42:03.08,13.91,-74.66,-991.13,78.75,-630.0,-490.0,1,94.270,
01/01/2000,01:42:03.09,13.79,-74.30,-991.13,43.75,-682.50,-358.75,1,94.270,
01/01/2000,01:42:03.10,13.54,-74.42,-991.13,192.50,-752.50,-376.25,1,94.271,
01/01/2000,01:42:03.11,13.66,-74.42,-991.37,175.0,-621.25,-367.50,1,94.260,
01/01/2000,01:42:03.12,13.91,-74.42,-991.25,78.75,-647.50,-262.50,1,94.260,
01/01/2000,01:42:03.13,14.03,-74.54,-991.13,262.50,-586.25,-393.75,1,94.261,
01/01/2000,01:42:03.14,13.79,-74.54,-991.01,210.0,-813.75,-332.50,1,94.262,
01/01/2000,01:42:03.15,13.66,-74.66,-991.13,210.0,-778.75,-446.25,1,94.263,
01/01/2000,01:42:03.16,13.66,-74.54,-991.37,8.75,-673.75,-402.50,1,94.263,
01/01/2000,01:42:03.18,13.79,-74.30,-991.37,113.75,-743.75,-332.50,1,94.264,
01/01/2000,01:42:03.19,13.66,-74.42,-991.13,218.75,-717.50,-341.25,1,94.265,
01/01/2000,01:42:03.20,13.66,-74.42,-991.13,70.0,-700.0,-358.75,1,94.266,
01/01/2000,01:42:03.21,13.91,-74.54,-991.13,245.0,-638.75,-358.75,1,94.266,
01/01/2000,01:42:03.22,13.79,-74.42,-991.49,70.0,-708.75,-280.0,1,94.267,
01/01/2000,01:42:03.23,13.66,-74.30,-991.49,218.75,-647.50,-385.0,1,94.268,
01/01/2000,01:42:03.24,13.79,-74.18,-991.37,87.50,-717.50,-411.25,1,94.269,
01/01/2000,01:42:03.25,13.66,-74.18,-991.13,113.75,-708.75,-332.50,1,94.269,
01/01/2000,01:42:03.26,13.66,-74.42,-991.13,166.25,-796.25,-472.50,1,94.270,
01/01/2000,01:42:03.27,13.66,-74.66,-991.25,245.0,-708.75,-341.25,1,94.271,
01/01/2000,01:42:03.28,13.79,-74.66,-991.49,183.75,-665.0,-385.0,1,94.272,
01/01/2000,01:42:03.30,13.54,-74.42,-991.37,166.25,-700.0,-358.75,1,94.260,
01/01/2000,01:42:03.31,13.54,-74.42,-991.25,183.75,-700.0,-288.75,1,94.261,
01/01/2000,01:42:03.32,13.66,-74.54,-991.25,166.25,-717.50,-306.25,1,94.262,
01/01/2000,01:42:03.33,13.66,-74.54,-991.25,201.25,-726.25,-341.25,1,94.262,
01/01/2000,01:42:03.34,13.79,-74.79,-991.37,183.75,-778.75,-420.0,1,94.263,
01/01/2000,01:42:03.35,13.66,-74.66,-991.37,236.25,-752.50,-376.25,1,94.264,
01/01/2000,01:42:03.36,13.66,-74.42,-991.37,52.50,-717.50,-245.0,1,94.265,
01/01/2000,01:42:03.37,13.91,-74.54,-991.25,183.75,-743.75,-350.0,1,94.265,
01/01/2000,01:42:03.38,13.66,-74.42,-991.37,175.0,-700.0,-262.50,1,94.266,
01/01/2000,01:42:03.39,13.66,-74.79,-991.37,218.75,-603.75,-376.25,1,94.255,
01/01/2000,01:42:03.40,13.91,-74.91,-991.25,201.25,-700.0,-411.25,1,94.255,
01/01/2000,01:42:03.41,13.91,-74.79,-991.13,227.50,-638.75,-367.50,1,94.256,
01/01/2000,01:42:03.42,14.03,-74.66,-990.88,148.75,-717.50,-332.50,1,94.257,
01/01/2000,01:42:03.43,13.91,-74.79,-991.01,288.75,-691.25,-420.0,1,94.258,
01/01/2000,01:42:03.44,13.79,-74.54,-991.25,183.75,-700.0,-393.75,1,94.258,
01/01/2000,01:42:03.45,13.91,-74.54,-991.37,201.25,-743.75,-393.75,1,94.259,
01/01/2000,01:42:03.46,14.03,-74.54,-991.25,96.25,-665.0,-227.50,1,94.260,
01/01/2000,01:42:03.47,13.91,-74.66,-991.25,157.50,-717.50,-210.0,1,94.261,
01/01/2000,01:42:03.48,13.91,-74.91,-991.13,262.50,-717.50,-437.50,1,94.261,
01/01/2000,01:42:03.49,13.66,-74.54,-991.49,192.50,-717.50,-323.75,1,94.262,
01/01/2000,01:42:03.50,13.79,-74.30,-991.74,122.50,-743.75,-350.0,1,94.263,
01/01/2000,01:42:03.51,13.79,-74.54,-991.62,218.75,-708.75,-393.75,1,94.264,
01/01/2000,01:42:03.52,13.79,-74.54,-991.25,131.25,-796.25,-332.50,1,94.264,
01/01/2000,01:42:03.54,14.03,-74.91,-990.88,253.75,-656.25,-367.50,1,94.265,
01/01/2000,01:42:03.55,13.91,-74.91,-991.01,87.50,-770.0,-280.0,1,94.266,
01/01/2000,01:42:03.56,13.91,-74.91,-991.13,227.50,-708.75,-420.0,1,94.267,
01/01/2000,01:42:03.57,13.91,-74.66,-991.13,96.25,-752.50,-358.75,1,94.267,
01/01/2000,01:42:03.58,13.91,-74.54,-991.25,183.75,-770.0,-288.75,1,94.268,
01/01/2000,01:42:03.59,13.91,-74.54,-991.25,236.25,-638.75,-341.25,1,94.269,
01/01/2000,01:42:03.60,13.91,-74.66,-991.49,210.0,-796.25,-288.75,1,94.269,
01/01/2000,01:42:03.61,13.91,-74.66,-991.62,253.75,-743.75,-332.50,1,94.258,
01/01/2000,01:42:03.62,13.91,-74.66,-991.49,262.50,-708.75,-350.0,1,94.259,
01/01/2000,01:42:03.63,13.79,-74.54,-991.37,78.75,-752.50,-236.25,1,94.260,
01/01/2000,01:42:03.64,13.66,-74.54,-991.49,175.0,-752.50,-411.25,1,94.260,
01/01/2000,01:42:03.65,13.79,-74.42,-991.49,131.25,-735.0,-376.25,1,94.261,
01/01/2000,01:42:03.66,13.91,-74.54,-991.37,131.25,-542.50,-332.50,1,94.262,
01/01/2000,01:42:03.68,13.79,-74.79,-991.37,183.75,-691.25,-446.25,1,94.263,
01/01/2000,01:42:03.69,13.66,-74.66,-991.25,183.75,-691.25,-297.50,1,94.263,
01/01/2000,01:42:03.70,13.79,-74.54,-991.25,227.50,-761.25,-385.0,1,94.264,
01/01/2000,01:42:03.71,13.91,-74.42,-991.37,210.0,-761.25,-315.0,1,94.265,
01/01/2000,01:42:03.72,13.79,-74.54,-991.13,105.0,-603.75,-420.0,1,94.265,
01/01/2000,01:42:03.73,13.54,-74.66,-991.13,96.25,-770.0,-323.75,1,94.266,
01/01/2000,01:42:03.74,13.66,-74.66,-991.13,122.50,-752.50,-306.25,1,94.267,
01/01/2000,01:42:03.75,13.66,-74.54,-991.01,140.0,-647.50,-271.25,1,94.268,
01/01/2000,01:42:03.76,13.66,-74.54,-991.13,210.0,-761.25,-376.25,1,94.268,
01/01/2000,01:42:03.77,13.66,-74.42,-991.13,236.25,-770.0,-341.25,1,94.269,
01/01/2000,01:42:03.78,13.66,-74.42,-991.37,183.75,-752.50,-411.25,1,94.270,
01/01/2000,01:42:03.79,13.79,-74.42,-991.49,8.75,-743.75,-350.0,1,94.271,
01/01/2000,01:42:03.80,13.79,-74.66,-991.37,183.75,-577.50,-411.25,1,94.259,
01/01/2000,01:42:03.82,13.79,-74.79,-991.37,148.75,-656.25,-271.25,1,94.260,
01/01/2000,01:42:03.83,13.79,-74.79,-991.37,166.25,-735.0,-341.25,1,94.261,
01/01/2000,01:42:03.84,13.79,-74.79,-991.62,113.75,-735.0,-463.75,1,94.261,
01/01/2000,01:42:03.85,13.91,-74.66,-991.62,-8.75,-708.75,-323.75,1,94.262,
01/01/2000,01:42:03.86,13.91,-74.66,-991.49,236.25,-647.50,-376.25,1,94.263,
01/01/2000,01:42:03.87,13.91,-74.79,-991.37,210.0,-735.0,-376.25,1,94.264,
01/01/2000,01:42:03.88,13.79,-74.79,-991.37,131.25,-778.75,-315.0,1,94.264,
01/01/2000,01:42:03.89,13.91,-74.66,-991.37,113.75,-665.0,-411.25,1,94.265,
01/01/2000,01:42:03.90,13.91,-74.79,-991.37,183.75,-612.50,-350.0,1,94.266,
01/01/2000,01:42:03.91,13.79,-74.66,-991.37,122.50,-735.0,-376.25,1,94.267,
01/01/2000,01:42:03.92,13.66,-74.66,-991.37,323.75,-726.25,-341.25,1,94.267,
01/01/2000,01:42:03.93,13.79,-74.42,-991.37,148.75,-787.50,-315.0,1,94.268,
01/01/2000,01:42:03.94,13.79,-74.79,-991.49,157.50,-875.0,-297.50,1,94.269,
01/01/2000,01:42:03.95,13.66,-74.79,-991.49,201.25,-778.75,-323.75,1,94.257,
01/01/2000,01:42:03.96,13.66,-74.79,-991.37,52.50,-735.0,-428.75,1,94.258,
01/01/2000,01:42:03.97,13.66,-74.66,-991.25,122.50,-787.50,-315.0,1,94.259,
01/01/2000,01:42:03.98,13.79,-74.66,-991.25,78.75,-770.0,-315.0,1,94.260,
01/01/2000,01:42:03.99,13.79,-74.79,-991.37,140.0,-840.0,-350.0,1,94.260,
01/01/2000,01:42:04.00,13.91,-75.03,-991.49,350.0,-708.75,-297.50,1,94.261,
01/01/2000,01:42:04.01,13.91,-74.79,-991.37,166.25,-638.75,-358.75,1,94.262,
01/01/2000,01:42:04.03,13.79,-74.66,-991.13,183.75,-630.0,-411.25,1,94.263,
01/01/2000,01:42:04.04,13.79,-74.66,-991.25,166.25,-743.75,-218.75,1,94.263,
01/01/2000,01:42:04.05,13.79,-74.66,-991.62,183.75,-752.50,-332.50,1,94.264,
01/01/2000,01:42:04.06,13.91,-74.79,-991.74,201.25,-630.0,-306.25,1,94.265,
01/01/2000,01:42:04.07,13.91,-74.79,-991.62,253.75,-787.50,-323.75,1,94.266,
01/01/2000,01:42:04.08,13.91,-74.79,-991.62,192.50,-813.75,-323.75,1,94.266,
01/01/2000,01:42:04.09,13.91,-74.79,-991.49,131.25,-700.0,-341.25,1,94.267,
01/01/2000,01:42:04.10,13.91,-74.66,-991.74,113.75,-647.50,-367.50,1,94.268,
01/01/2000,01:42:04.11,13.91,-74.66,-991.74,148.75,-595.0,-402.50,1,94.268,
01/01/2000,01:42:04.12,13.79,-74.42,-991.62,113.75,-813.75,-341.25,1,94.269,
01/01/2000,01:42:04.13,13.91,-74.42,-991.49,218.75,-603.75,-323.75,1,94.270,
01/01/2000,01:42:04.14,13.91,-74.42,-991.49,192.50,-647.50,-323.75,1,94.271,
01/01/2000,01:42:04.15,13.91,-74.42,-991.49,96.25,-717.50,-323.75,1,94.271,
01/01/2000,01:42:04.16,13.91,-74.66,-991.49,87.50,-630.0,-341.25,1,94.260,
01/01/2000,01:42:04.17,13.79,-74.66,-991.74,201.25,-717.50,-315.0,1,94.261,
01/01/2000,01:42:04.18,13.91,-74.66,-991.62,157.50,-656.25,-323.75,1,94.262,
01/01/2000,01:42:04.19,13.91,-74.54,-991.49,192.50,-665.0,-262.50,1,94.262,
01/01/2000,01:42:04.20,13.91,-74.66,-991.37,140.0,-743.75,-358.75,1,94.263,
01/01/2000,01:42:04.21,13.79,-74.66,-991.37,122.50,-761.25,-332.50,1,94.264,
01/01/2000,01:42:04.23,13.91,-74.66,-991.37,245.0,-848.75,-350.0,1,94.264,
01/01/2000,01:42:04.24,13.91,-74.66,-991.49,96.25,-682.50,-341.25,1,94.265,
01/01/2000,01:42:04.25,13.79,-74.54,-991.62,105.0,-700.0,-271.25,1,94.266,
01/01/2000,01:42:04.26,13.79,-74.66,-991.62,131.25,-665.0,-332.50,1,94.267,
01/01/2000,01:42:04.27,13.79,-74.66,-991.74,175.0,-647.50,-297.50,1,94.267,
01/01/2000,01:42:04.28,13.79,-74.66,-991.74,175.0,-656.25,-358.75,1,94.268,
01/01/2000,01:42:04.29,13.79,-74.66,-991.49,218.75,-778.75,-350.0,1,94.269,
01/01/2000,01:42:04.30,13.66,-74.54,-991.62,236.25,-717.50,-332.50,1,94.270,
01/01/2000,01:42:04.32,13.66,-74.54,-991.49,52.50,-603.75,-315.0,1,94.258,
01/01/2000,01:42:04.33,13.79,-74.66,-991.49,183.75,-796.25,-376.25,1,94.259,
01/01/2000,01:42:04.34,13.79,-74.66,-991.37,113.75,-761.25,-341.25,1,94.260,
01/01/2000,01:42:04.35,13.79,-74.66,-991.25,131.25,-726.25,-446.25,1,94.261,
01/01/2000,01:42:04.36,13.79,-74.54,-991.37,61.25,-665.0,-271.25,1,94.261,
01/01/2000,01:42:04.37,13.66,-74.66,-991.62,218.75,-638.75,-367.50,1,94.262,
01/01/2000,01:42:04.38,13.79,-74.54,-991.49,236.25,-717.50,-341.25,1,94.263,
01/01/2000,01:42:04.39,13.91,-74.54,-991.37,236.25,-700.0,-315.0,1,94.263,
01/01/2000,01:42:04.40,13.79,-74.42,-991.37,113.75,-691.25,-367.50,1,94.264,
01/01/2000,01:42:04.41,13.79,-74.54,-991.25,183.75,-691.25,-411.25,1,94.265,
01/01/2000,01:42:04.42,13.66,-74.54,-991.37,78.75,-595.0,-271.25,1,94.266,
01/01/2000,01:42:04.43,13.66,-74.66,-991.37,175.0,-708.75,-393.75,1,94.266,
01/01/2000,01:42:04.44,13.66,-74.42,-991.37,70.0,-682.50,-315.0,1,94.267,
01/01/2000,01:42:04.45,13.66,-74.42,-991.37,201.25,-778.75,-315.0,1,94.268,
01/01/2000,01:42:04.46,13.91,-74.42,-991.37,87.50,-752.50,-306.25,1,94.269,
01/01/2000,01:42:04.47,13.79,-74.42,-991.37,157.50,-761.25,-455.0,1,94.269,
01/01/2000,01:42:04.48,13.79,-74.66,-991.37,157.50,-595.0,-297.50,1,94.270,
01/01/2000,01:42:04.49,13.66,-74.66,-991.49,306.25,-700.0,-358.75,1,94.271,
01/01/2000,01:42:04.50,13.79,-74.42,-991.37,201.25,-708.75,-367.50,1,94.271,
01/01/2000,01:42:04.51,13.91,-74.42,-991.37,157.50,-612.50,-446.25,1,94.272,
01/01/2000,01:42:04.52,13.79,-74.54,-991.37,210.0,-612.50,-192.50,1,94.261,
01/01/2000,01:42:04.53,13.91,-74.66,-991.49,236.25,-612.50,-367.50,1,94.262,
01/01/2000,01:42:04.54,13.91,-74.79,-991.37,105.0,-638.75,-288.75,1,94.262,
01/01/2000,01:42:04.56,14.03,-74.66,-991.37,201.25,-551.25,-288.75,1,94.263,
01/01/2000,01:42:04.56,13.91,-74.42,-991.25,105.0,-682.50,-367.50,1,94.264,
01/01/2000,01:42:04.58,13.91,-74.42,-991.25,175.0,-726.25,-236.25,1,94.265,
01/01/2000,01:42:04.59,14.03,-74.42,-991.37,227.50,-700.0,-341.25,1,94.265,
01/01/2000,01:42:04.60,14.15,-74.42,-991.49,253.75,-638.75,-297.50,1,94.266,
01/01/2000,01:42:04.61,14.15,-74.42,-991.37,192.50,-665.0,-341.25,1,94.267,
01/01/2000,01:42:04.62,14.15,-74.42,-991.25,175.0,-612.50,-393.75,1,94.268,
01/01/2000,01:42:04.63,14.03,-74.42,-991.25,157.50,-621.25,-297.50,1,94.268,
01/01/2000,01:42:04.64,13.18,-74.54,-991.49,87.50,-743.75,-166.25,1,94.269,
01/01/2000,01:42:04.65,13.66,-74.54,-991.62,630.0,-630.0,-682.50,1,94.270,
01/01/2000,01:42:04.66,14.64,-74.18,-991.13,271.25,-761.25,-201.25,1,94.258,
01/01/2000,01:42:04.67,14.64,-74.18,-990.76,70.0,-761.25,-105.0,1,94.259,
01/01/2000,01:42:04.68,13.66,-74.91,-991.13,210.0,-735.0,-376.25,1,94.260,
01/01/2000,01:42:04.69,13.42,-75.03,-991.62,236.25,-726.25,-568.75,1,94.261,
01/01/2000,01:42:04.70,14.15,-74.18,-991.98,253.75,-726.25,-752.50,1,94.261,
01/01/2000,01:42:04.71,14.03,-74.05,-992.10,8.75,-647.50,-140.0,1,94.262,
01/01/2000,01:42:04.72,14.27,-73.93,-991.37,-43.75,-700.0,-332.50,1,94.263,
01/01/2000,01:42:04.74,13.91,-74.66,-990.64,175.0,-708.75,-411.25,1,94.264,
01/01/2000,01:42:04.75,14.03,-75.15,-991.37,306.25,-638.75,-376.25,1,94.264,
01/01/2000,01:42:04.76,14.27,-74.66,-991.98,35.0,-673.75,-533.75,1,94.265,
01/01/2000,01:42:04.77,14.15,-74.54,-991.86,166.25,-700.0,-280.0,1,94.266,
01/01/2000,01:42:04.78,14.40,-73.93,-991.25,166.25,-612.50,-192.50,1,94.266,
01/01/2000,01:42:04.79,13.79,-74.30,-990.88,280.0,-743.75,-271.25,1,94.267,
01/01/2000,01:42:04.80,13.79,-74.54,-991.74,280.0,-761.25,-280.0,1,94.268,
01/01/2000,01:42:04.81,14.03,-74.91,-992.23,26.25,-673.75,-350.0,1,94.269,
01/01/2000,01:42:04.82,13.79,-74.66,-991.86,96.25,-638.75,-402.50,1,94.257,
01/01/2000,01:42:04.84,13.42,-74.54,-991.25,227.50,-735.0,-297.50,1,94.258,
01/01/2000,01:42:04.85,13.42,-74.18,-991.13,131.25,-595.0,-358.75,1,94.259,
01/01/2000,01:42:04.86,13.66,-74.42,-991.62,323.75,-743.75,-306.25,1,94.260,
01/01/2000,01:42:04.87,13.91,-74.42,-991.98,201.25,-717.50,-455.0,1,94.260,
01/01/2000,01:42:04.88,13.91,-74.66,-991.74,140.0,-603.75,-411.25,1,94.261,
01/01/2000,01:42:04.89,13.66,-74.66,-990.76,105.0,-638.75,-341.25,1,94.262,
01/01/2000,01:42:04.90,13.54,-74.54,-990.76,175.0,-691.25,-455.0,1,94.263,
01/01/2000,01:42:04.91,13.66,-74.66,-991.01,17.50,-735.0,-210.0,1,94.263,
01/01/2000,01:42:04.92,13.91,-74.66,-991.62,157.50,-673.75,-131.25,1,94.264,
01/01/2000,01:42:04.93,13.66,-75.15,-991.62,148.75,-717.50,-262.50,1,94.265,
01/01/2000,01:42:04.94,13.54,-75.15,-991.25,385.0,-691.25,-577.50,1,94.265,
01/01/2000,01:42:04.95,13.54,-74.91,-991.01,157.50,-717.50,-358.75,1,94.266,
01/01/2000,01:42:04.96,13.79,-74.79,-990.88,175.0,-708.75,-227.50,1,94.267,
01/01/2000,01:42:04.97,13.91,-74.79,-991.37,122.50,-735.0,-323.75,1,94.268,
01/01/2000,01:42:04.98,13.66,-74.91,-991.37,87.50,-778.75,-297.50,1,94.268,
01/01/2000,01:42:04.99,13.79,-75.03,-991.13,218.75,-630.0,-358.75,1,94.269,
01/01/2000,01:42:05.00,13.66,-74.91,-990.88,131.25,-700.0,-455.0,1,94.270,
01/01/2000,01:42:05.01,13.66,-74.66,-990.76,131.25,-708.75,-280.0,1,94.271,
01/01/2000,01:42:05.02,13.91,-74.66,-990.88,105.0,-542.50,-463.75,1,94.271,
01/01/2000,01:42:05.03,13.79,-74.79,-991.13,306.25,-656.25,-201.25,1,94.272,
01/01/2000,01:42:05.04,13.54,-75.27,-991.13,131.25,-700.0,-463.75,1,94.273,
01/01/2000,01:42:05.05,13.42,-75.15,-991.01,253.75,-586.25,-463.75,1,94.273,
01/01/2000,01:42:05.06,13.66,-74.66,-990.88,122.50,-691.25,-350.0,1,94.274,
01/01/2000,01:42:05.07,13.79,-74.42,-990.88,131.25,-717.50,-262.50,1,94.275,
01/01/2000,01:42:05.08,13.66,-74.66,-991.13,26.25,-822.50,-306.25,1,94.264,
01/01/2000,01:42:05.09,13.54,-74.91,-991.37,43.75,-673.75,-297.50,1,94.264,
01/01/2000,01:42:05.10,13.66,-74.91,-991.37,262.50,-726.25,-350.0,1,94.265,
01/01/2000,01:42:05.11,13.91,-74.66,-991.37,175.0,-700.0,-315.0,1,94.266,
01/01/2000,01:42:05.12,14.15,-74.42,-991.13,131.25,-682.50,-350.0,1,94.267,
01/01/2000,01:42:05.13,13.79,-74.42,-991.13,297.50,-647.50,-271.25,1,94.267,
01/01/2000,01:42:05.15,13.66,-74.66,-991.01,166.25,-682.50,-376.25,1,94.268,
01/01/2000,01:42:05.16,13.66,-74.79,-991.13,210.0,-656.25,-428.75,1,94.269,
01/01/2000,01:42:05.17,13.91,-74.30,-991.25,131.25,-700.0,-297.50,1,94.269,
01/01/2000,01:42:05.18,13.79,-74.42,-991.13,306.25,-656.25,-367.50,1,94.270,
01/01/2000,01:42:05.19,13.66,-74.30,-991.13,166.25,-770.0,-245.0,1,94.271,
01/01/2000,01:42:05.20,13.54,-74.42,-991.13,201.25,-665.0,-402.50,1,94.272,
01/01/2000,01:42:05.21,13.54,-74.66,-991.49,201.25,-743.75,-428.75,1,94.272,
01/01/2000,01:42:05.22,13.42,-74.42,-991.62,61.25,-743.75,-280.0,1,94.261,
01/01/2000,01:42:05.23,13.54,-74.42,-991.37,227.50,-761.25,-288.75,1,94.262,
01/01/2000,01:42:05.24,13.54,-74.42,-991.13,271.25,-761.25,-280.0,1,94.263,
01/01/2000,01:42:05.25,13.42,-74.42,-991.13,245.0,-708.75,-262.50,1,94.263,
01/01/2000,01:42:05.26,13.42,-74.66,-991.37,306.25,-726.25,-411.25,1,94.264,
01/01/2000,01:42:05.27,13.54,-74.42,-991.74,131.25,-638.75,-288.75,1,94.265,
01/01/2000,01:42:05.28,13.66,-74.42,-991.74,166.25,-770.0,-315.0,1,94.266,
01/01/2000,01:42:05.30,13.54,-74.42,-991.49,192.50,-682.50,-358.75,1,94.266,
01/01/2000,01:42:05.31,13.66,-74.54,-991.37,183.75,-691.25,-341.25,1,94.267,
01/01/2000,01:42:05.32,13.66,-74.54,-991.62,227.50,-708.75,-26.25,1,94.268,
01/01/2000,01:42:05.33,12.93,-75.15,-992.35,-78.75,-700.0,-1120.0,1,94.268,
01/01/2000,01:42:05.34,14.88,-73.69,-991.62,-26.25,-752.50,-945.0,1,94.269,
01/01/2000,01:42:05.35,15.37,-74.18,-990.64,507.50,-682.50,271.25,1,94.270,
01/01/2000,01:42:05.36,13.66,-75.40,-990.76,630.0,-682.50,437.50,1,94.259,
01/01/2000,01:42:05.37,12.93,-75.40,-991.74,-227.50,-691.25,-1172.50,1,94.259,
01/01/2000,01:42:05.38,14.03,-75.15,-992.35,708.75,-840.0,-1863.75,1,94.260,
01/01/2000,01:42:05.39,14.27,-73.93,-992.59,-297.50,-665.0,-726.25,1,94.261,
01/01/2000,01:42:05.40,13.66,-74.30,-991.86,210.0,-542.50,813.75,1,94.262,
01/01/2000,01:42:05.41,13.66,-74.42,-990.52,306.25,-630.0,-560.0,1,94.262,
01/01/2000,01:42:05.42,13.66,-74.54,-990.76,122.50,-691.25,-848.75,1,94.263,
01/01/2000,01:42:05.43,13.66,-75.64,-991.74,437.50,-665.0,-271.25,1,94.264,
01/01/2000,01:42:05.44,13.66,-74.91,-992.71,-148.75,-595.0,-420.0,1,94.264,
01/01/2000,01:42:05.46,13.91,-74.54,-991.86,253.75,-691.25,-402.50,1,94.265,
01/01/2000,01:42:05.46,13.66,-74.18,-990.88,183.75,-638.75,-157.50,1,94.266,
01/01/2000,01:42:05.48,13.42,-74.30,-990.52,280.0,-848.75,-402.50,1,94.267,
01/01/2000,01:42:05.49,13.66,-74.66,-991.62,210.0,-691.25,-358.75,1,94.267,
01/01/2000,01:42:05.50,14.03,-75.03,-992.23,78.75,-638.75,-385.0,1,94.268,
01/01/2000,01:42:05.51,13.79,-74.91,-991.74,105.0,-630.0,-358.75,1,94.269,
01/01/2000,01:42:05.52,13.42,-74.42,-990.88,148.75,-813.75,-341.25,1,94.270,
01/01/2000,01:42:05.53,13.66,-73.93,-990.52,245.0,-708.75,-358.75,1,94.270,
01/01/2000,01:42:05.54,13.91,-74.18,-991.01,402.50,-647.50,-157.50,1,94.271,
01/01/2000,01:42:05.55,13.91,-74.42,-992.10,17.50,-778.75,-402.50,1,94.272,
01/01/2000,01:42:05.56,14.03,-74.91,-991.98,175.0,-525.0,-350.0,1,94.272,
01/01/2000,01:42:05.57,13.79,-74.66,-991.25,183.75,-603.75,-420.0,1,94.261,
01/01/2000,01:42:05.58,13.66,-74.30,-990.88,175.0,-665.0,-367.50,1,94.262,
01/01/2000,01:42:05.59,13.91,-74.05,-991.25,148.75,-682.50,-271.25,1,94.263,
01/01/2000,01:42:05.60,14.03,-74.18,-991.74,78.75,-638.75,-192.50,1,94.263,
01/01/2000,01:42:05.61,13.66,-74.79,-991.62,87.50,-638.75,-253.75,1,94.264,
01/01/2000,01:42:05.62,13.42,-74.91,-991.13,192.50,-621.25,-577.50,1,94.265,
01/01/2000,01:42:05.63,13.66,-74.54,-990.64,96.25,-700.0,-490.0,1,94.266,
01/01/2000,01:42:05.65,14.27,-74.30,-990.88,183.75,-621.25,-183.75,1,94.266,
01/01/2000,01:42:05.66,14.15,-74.42,-991.25,140.0,-682.50,-306.25,1,94.267,
01/01/2000,01:42:05.67,13.79,-74.79,-991.49,166.25,-691.25,-498.75,1,94.268,
01/01/2000,01:42:05.68,13.91,-74.91,-991.37,131.25,-533.75,-402.50,1,94.268,
01/01/2000,01:42:05.69,14.03,-74.42,-991.13,236.25,-682.50,-358.75,1,94.269,
01/01/2000,01:42:05.70,14.15,-74.30,-991.13,148.75,-656.25,-288.75,1,94.270,
01/01/2000,01:42:05.71,14.15,-74.18,-991.13,113.75,-761.25,-332.50,1,94.271,
01/01/2000,01:42:05.72,14.03,-74.54,-991.37,262.50,-682.50,-393.75,1,94.271,
01/01/2000,01:42:05.73,13.79,-74.54,-991.37,96.25,-700.0,-402.50,1,94.272,
01/01/2000,01:42:05.74,13.79,-74.42,-991.37,131.25,-691.25,-420.0,1,94.273,
01/01/2000,01:42:05.75,14.03,-74.05,-991.37,175.0,-595.0,-376.25,1,94.274,
01/01/2000,01:42:05.76,14.03,-73.93,-991.25,-26.25,-665.0,-183.75,1,94.274,
01/01/2000,01:42:05.77,13.79,-74.42,-991.37,157.50,-533.75,-271.25,1,94.275,
01/01/2000,01:42:05.78,13.66,-74.42,-991.49,175.0,-630.0,-420.0,1,94.264,
01/01/2000,01:42:05.79,13.91,-74.30,-991.62,183.75,-691.25,-490.0,1,94.265,
01/01/2000,01:42:05.80,13.91,-74.18,-991.49,227.50,-717.50,-280.0,1,94.265,
01/01/2000,01:42:05.81,13.91,-74.05,-991.25,175.0,-717.50,-297.50,1,94.266,
01/01/2000,01:42:05.82,13.91,-74.42,-991.13,201.25,-630.0,-350.0,1,94.267,
01/01/2000,01:42:05.83,13.79,-74.42,-991.37,210.0,-656.25,-341.25,1,94.267,
01/01/2000,01:42:05.85,14.03,-74.66,-991.62,192.50,-708.75,-525.0,1,94.268,
01/01/2000,01:42:05.86,13.79,-74.05,-991.37,96.25,-717.50,-280.0,1,94.257,
01/01/2000,01:42:05.87,13.91,-74.18,-991.01,166.25,-743.75,-341.25,1,94.258,
01/01/2000,01:42:05.88,13.79,-74.18,-990.88,113.75,-831.25,-402.50,1,94.258,
01/01/2000,01:42:05.89,13.79,-74.54,-991.25,245.0,-673.75,-332.50,1,94.259,
01/01/2000,01:42:05.90,13.91,-74.42,-991.37,253.75,-647.50,-385.0,1,94.260,
01/01/2000,01:42:05.91,13.66,-74.18,-991.25,-26.25,-708.75,-280.0,1,94.261,
01/01/2000,01:42:05.93,13.79,-74.18,-990.88,157.50,-656.25,-350.0,1,94.261,
01/01/2000,01:42:05.94,13.66,-74.18,-990.88,288.75,-840.0,-280.0,1,94.262,
01/01/2000,01:42:05.95,13.66,-74.18,-991.13,131.25,-717.50,-393.75,1,94.263,
01/01/2000,01:42:05.96,13.91,-74.42,-991.25,157.50,-691.25,-481.25,1,94.264,
01/01/2000,01:42:05.97,13.79,-74.42,-991.25,140.0,-708.75,-376.25,1,94.264,
01/01/2000,01:42:05.98,13.66,-74.42,-991.13,245.0,-708.75,-245.0,1,94.265,
01/01/2000,01:42:05.99,13.66,-74.42,-990.88,201.25,-656.25,-332.50,1,94.266,
01/01/2000,01:42:06.00,13.54,-74.18,-990.88,210.0,-673.75,-393.75,1,94.266,
01/01/2000,01:42:06.01,13.91,-74.54,-991.13,183.75,-682.50,-280.0,1,94.267,
01/01/2000,01:42:06.02,13.66,-74.54,-991.25,87.50,-761.25,-463.75,1,94.268,
01/01/2000,01:42:06.03,13.66,-74.54,-991.37,78.75,-787.50,-376.25,1,94.269,
01/01/2000,01:42:06.04,13.79,-74.66,-991.25,341.25,-743.75,-350.0,1,94.269,
01/01/2000,01:42:06.05,13.91,-74.54,-991.01,43.75,-778.75,-271.25,1,94.270,
01/01/2000,01:42:06.06,13.91,-74.54,-991.13,218.75,-770.0,-306.25,1,94.271,
01/01/2000,01:42:06.07,13.79,-74.66,-991.01,175.0,-778.75,-437.50,1,94.271,
01/01/2000,01:42:06.08,13.79,-74.54,-990.88,122.50,-577.50,-341.25,1,94.272,
01/01/2000,01:42:06.09,13.91,-74.42,-990.88,280.0,-656.25,-323.75,1,94.273,
01/01/2000,01:42:06.10,13.79,-74.42,-990.88,131.25,-638.75,-350.0,1,94.274,
01/01/2000,01:42:06.11,13.91,-74.42,-991.01,306.25,-612.50,-236.25,1,94.274,
01/01/2000,01:42:06.12,13.91,-74.54,-991.13,227.50,-673.75,-376.25,1,94.275,
01/01/2000,01:42:06.13,13.79,-74.54,-991.13,52.50,-682.50,-393.75,1,94.264,
01/01/2000,01:42:06.15,13.91,-74.66,-991.13,131.25,-665.0,-323.75,1,94.265,
01/01/2000,01:42:06.16,13.91,-74.54,-991.13,166.25,-656.25,-323.75,1,94.265,
01/01/2000,01:42:06.17,13.91,-74.42,-991.01,148.75,-638.75,-306.25,1,94.266,
01/01/2000,01:42:06.18,13.79,-74.66,-991.01,192.50,-726.25,-332.50,1,94.267,
01/01/2000,01:42:06.19,13.66,-74.66,-991.13,192.50,-665.0,-315.0,1,94.268,
01/01/2000,01:42:06.20,13.91,-74.66,-991.01,297.50,-743.75,-350.0,1,94.268,
01/01/2000,01:42:06.21,13.91,-74.42,-990.88,122.50,-726.25,-323.75,1,94.269,
01/01/2000,01:42:06.22,13.91,-74.42,-991.01,280.0,-717.50,-306.25,1,94.270,
01/01/2000,01:42:06.23,13.79,-74.42,-991.01,157.50,-761.25,-350.0,1,94.270,
01/01/2000,01:42:06.24,13.91,-74.42,-991.13,218.75,-621.25,-358.75,1,94.271,
01/01/2000,01:42:06.25,14.03,-74.54,-991.01,140.0,-656.25,-297.50,1,94.272,
01/01/2000,01:42:06.26,14.03,-74.54,-991.01,35.0,-673.75,-271.25,1,94.273,
01/01/2000,01:42:06.27,14.03,-74.42,-991.13,61.25,-700.0,-297.50,1,94.273,
01/01/2000,01:42:06.28,13.91,-74.42,-990.88,192.50,-691.25,-411.25,1,94.262,
01/01/2000,01:42:06.29,13.91,-74.42,-990.88,315.0,-682.50,-297.50,1,94.263,
01/01/2000,01:42:06.30,13.91,-74.42,-991.01,87.50,-778.75,-262.50,1,94.264,
01/01/2000,01:42:06.31,13.91,-74.54,-991.01,210.0,-656.25,-358.75,1,94.264,
01/01/2000,01:42:06.32,13.91,-74.42,-991.01,201.25,-708.75,-280.0,1,94.265,
01/01/2000,01:42:06.33,13.79,-74.42,-991.13,175.0,-726.25,-358.75,1,94.266,
01/01/2000,01:42:06.35,13.91,-74.54,-991.01,157.50,-586.25,-332.50,1,94.266,
01/01/2000,01:42:06.36,13.91,-74.66,-991.01,61.25,-717.50,-385.0,1,94.255,
01/01/2000,01:42:06.37,13.91,-74.66,-991.13,192.50,-708.75,-245.0,1,94.256,
01/01/2000,01:42:06.38,13.91,-74.66,-991.25,148.75,-595.0,-385.0,1,94.257,
01/01/2000,01:42:06.39,14.15,-74.66,-991.37,201.25,-551.25,-210.0,1,94.258,
01/01/2000,01:42:06.40,14.03,-74.66,-991.37,210.0,-603.75,-411.25,1,94.258,
01/01/2000,01:42:06.41,13.91,-74.66,-991.13,105.0,-656.25,-306.25,1,94.259,
01/01/2000,01:42:06.42,13.91,-74.54,-991.01,131.25,-656.25,-332.50,1,94.260,
01/01/2000,01:42:06.43,13.91,-74.42,-991.13,166.25,-656.25,-393.75,1,94.260,
01/01/2000,01:42:06.44,13.91,-74.42,-991.25,175.0,-700.0,-411.25,1,94.261,
01/01/2000,01:42:06.45,13.91,-74.30,-991.37,113.75,-717.50,-332.50,1,94.262,
01/01/2000,01:42:06.46,13.91,-74.30,-991.49,122.50,-691.25,-306.25,1,94.263,
01/01/2000,01:42:06.47,13.91,-74.42,-991.25,227.50,-708.75,-350.0,1,94.263,
01/01/2000,01:42:06.49,14.03,-74.54,-991.25,262.50,-682.50,-323.75,1,94.264,
01/01/2000,01:42:06.50,13.91,-74.42,-991.37,87.50,-691.25,-332.50,1,94.265,
01/01/2000,01:42:06.51,14.03,-74.42,-991.37,43.75,-752.50,-323.75,1,94.265,
01/01/2000,01:42:06.52,14.03,-74.42,-991.37,201.25,-656.25,-323.75,1,94.266,
01/01/2000,01:42:06.53,13.91,-74.42,-991.25,-26.25,-638.75,-341.25,1,94.267,
01/01/2000,01:42:06.54,14.15,-74.42,-991.37,166.25,-603.75,-350.0,1,94.268,
01/01/2000,01:42:06.55,14.15,-74.54,-991.37,122.50,-708.75,-341.25,1,94.268,
01/01/2000,01:42:06.56,14.03,-74.42,-991.37,131.25,-717.50,-210.0,1,94.269,
01/01/2000,01:42:06.57,14.03,-74.42,-991.13,236.25,-743.75,-402.50,1,94.270,
01/01/2000,01:42:06.58,13.91,-74.42,-991.13,192.50,-778.75,-262.50,1,94.270,
01/01/2000,01:42:06.59,13.79,-74.30,-991.37,105.0,-647.50,-350.0,1,94.271,
01/01/2000,01:42:06.60,14.03,-74.30,-991.62,201.25,-778.75,-315.0,1,94.272,
01/01/2000,01:42:06.61,14.15,-74.18,-991.62,157.50,-673.75,-280.0,1,94.273,
01/01/2000,01:42:06.62,14.03,-74.42,-991.49,280.0,-743.75,-385.0,1,94.273,
01/01/2000,01:42:06.63,13.79,-74.30,-991.37,105.0,-656.25,-306.25,1,94.274,
01/01/2000,01:42:06.64,13.91,-74.30,-991.37,166.25,-735.0,-332.50,1,94.275,
01/01/2000,01:42:06.65,14.03,-74.42,-991.49,201.25,-726.25,-288.75,1,94.275,
01/01/2000,01:42:06.66,14.03,-74.42,-991.62,87.50,-621.25,-297.50,1,94.276,
01/01/2000,01:42:06.67,13.79,-74.54,-991.37,183.75,-726.25,-341.25,1,94.277,
01/01/2000,01:42:06.68,13.79,-74.66,-991.37,148.75,-700.0,-332.50,1,94.278,
01/01/2000,01:42:06.69,13.91,-74.66,-991.37,131.25,-796.25,-402.50,1,94.267,
01/01/2000,01:42:06.71,13.91,-74.54,-991.37,96.25,-787.50,-385.0,1,94.267,
01/01/2000,01:42:06.72,13.91,-74.42,-991.37,183.75,-647.50,-323.75,1,94.268,
01/01/2000,01:42:06.73,13.79,-74.42,-991.37,52.50,-726.25,-271.25,1,94.269,
01/01/2000,01:42:06.74,13.66,-74.42,-991.25,43.75,-630.0,-323.75,1,94.269,
01/01/2000,01:42:06.75,13.66,-74.42,-991.25,122.50,-778.75,-367.50,1,94.270,
01/01/2000,01:42:06.76,13.66,-74.42,-991.25,175.0,-787.50,-271.25,1,94.271,
01/01/2000,01:42:06.77,13.66,-74.42,-991.13,122.50,-682.50,-455.0,1,94.272,
01/01/2000,01:42:06.78,13.66,-74.54,-991.25,131.25,-568.75,-420.0,1,94.272,
01/01/2000,01:42:06.79,13.66,-74.30,-991.37,166.25,-700.0,-385.0,1,94.273,
01/01/2000,01:42:06.80,13.79,-74.30,-991.25,148.75,-656.25,-262.50,1,94.274,
01/01/2000,01:42:06.81,13.66,-74.18,-991.37,61.25,-708.75,-393.75,1,94.274,
01/01/2000,01:42:06.82,13.42,-74.42,-991.37,17.50,-673.75,-385.0,1,94.275,
01/01/2000,01:42:06.83,13.42,-74.42,-991.37,175.0,-778.75,-367.50,1,94.276,
01/01/2000,01:42:06.84,13.66,-74.30,-991.37,201.25,-761.25,-428.75,1,94.265,
01/01/2000,01:42:06.85,13.66,-74.30,-991.37,140.0,-595.0,-332.50,1,94.266,
01/01/2000,01:42:06.87,13.66,-74.30,-991.25,175.0,-700.0,-376.25,1,94.266,
01/01/2000,01:42:06.88,13.54,-74.42,-991.13,210.0,-787.50,-358.75,1,94.267,
01/01/2000,01:42:06.89,13.66,-74.42,-991.13,157.50,-621.25,-420.0,1,94.268,
01/01/2000,01:42:06.90,13.79,-74.42,-991.13,96.25,-673.75,-341.25,1,94.268,
01/01/2000,01:42:06.91,13.66,-74.42,-991.13,157.50,-603.75,-332.50,1,94.269,
01/01/2000,01:42:06.92,13.66,-74.30,-991.13,17.50,-761.25,-288.75,1,94.270,
01/01/2000,01:42:06.93,13.66,-74.30,-991.01,157.50,-656.25,-297.50,1,94.271,
01/01/2000,01:42:06.94,13.79,-74.42,-991.25,183.75,-717.50,-245.0,1,94.271,
01/01/2000,01:42:06.95,13.66,-74.42,-991.13,245.0,-577.50,-402.50,1,94.272,
01/01/2000,01:42:06.96,13.79,-74.42,-991.13,157.50,-752.50,-341.25,1,94.273,
01/01/2000,01:42:06.97,13.91,-74.42,-991.25,201.25,-630.0,-498.75,1,94.273,
01/01/2000,01:42:06.98,13.91,-74.42,-991.25,227.50,-735.0,-350.0,1,94.274,
01/01/2000,01:42:06.99,13.79,-74.42,-991.13,157.50,-586.25,-402.50,1,94.275,
01/01/2000,01:42:07.00,13.66,-74.54,-991.13,35.0,-770.0,-323.75,1,94.275,
01/01/2000,01:42:07.01,13.66,-74.54,-991.13,113.75,-726.25,-420.0,1,94.276,
01/01/2000,01:42:07.02,13.66,-74.42,-991.37,122.50,-621.25,-358.75,1,94.277,
01/01/2000,01:42:07.03,13.79,-74.54,-991.37,166.25,-638.75,-332.50,1,94.278,
01/01/2000,01:42:07.04,13.91,-74.42,-991.37,61.25,-752.50,-376.25,1,94.278,
01/01/2000,01:42:07.06,13.91,-74.42,-991.49,105.0,-673.75,-376.25,1,94.267,
01/01/2000,01:42:07.06,13.91,-74.66,-991.49,271.25,-700.0,-315.0,1,94.268,
01/01/2000,01:42:07.08,13.79,-74.42,-991.49,96.25,-638.75,-367.50,1,94.269,
01/01/2000,01:42:07.09,13.79,-74.30,-991.49,157.50,-717.50,-297.50,1,94.269,
01/01/2000,01:42:07.10,13.91,-74.18,-991.37,201.25,-665.0,-297.50,1,94.270,
01/01/2000,01:42:07.11,13.66,-74.18,-991.37,-8.75,-700.0,-297.50,1,94.271,
01/01/2000,01:42:07.12,13.66,-74.42,-991.37,61.25,-761.25,-323.75,1,94.272,
01/01/2000,01:42:07.13,13.42,-74.54,-991.62,201.25,-787.50,-315.0,1,94.272,
01/01/2000,01:42:07.14,13.66,-74.42,-991.62,113.75,-638.75,-297.50,1,94.273,
01/01/2000,01:42:07.15,13.66,-74.42,-991.37,166.25,-752.50,-341.25,1,94.274,
01/01/2000,01:42:07.16,13.79,-74.42,-991.13,175.0,-726.25,-315.0,1,94.274,
01/01/2000,01:42:07.17,13.66,-74.66,-991.01,201.25,-656.25,-376.25,1,94.275,
01/01/2000,01:42:07.18,13.66,-74.66,-991.13,262.50,-735.0,-288.75,1,94.276,
01/01/2000,01:42:07.19,13.66,-74.66,-991.25,148.75,-726.25,-446.25,1,94.265,
01/01/2000,01:42:07.20,13.66,-74.42,-991.13,148.75,-752.50,-288.75,1,94.266,
01/01/2000,01:42:07.21,13.66,-74.42,-990.88,280.0,-647.50,-358.75,1,94.266,
01/01/2000,01:42:07.22,13.66,-74.54,-990.88,131.25,-656.25,-236.25,1,94.267,
01/01/2000,01:42:07.23,13.79,-74.66,-991.13,131.25,-700.0,-393.75,1,94.268,
01/01/2000,01:42:07.24,13.91,-74.79,-991.37,201.25,-638.75,-350.0,1,94.268,
01/01/2000,01:42:07.26,13.79,-74.66,-991.37,131.25,-805.0,-341.25,1,94.269,
01/01/2000,01:42:07.27,13.66,-74.79,-991.13,157.50,-647.50,-393.75,1,94.270,
01/01/2000,01:42:07.28,13.66,-74.66,-991.01,253.75,-708.75,-306.25,1,94.271,
01/01/2000,01:42:07.29,13.79,-74.66,-991.13,218.75,-717.50,-323.75,1,94.271,
01/01/2000,01:42:07.30,13.91,-74.79,-991.25,253.75,-673.75,-393.75,1,94.272,
01/01/2000,01:42:07.31,13.91,-74.54,-991.37,131.25,-630.0,-455.0,1,94.273,
01/01/2000,01:42:07.32,13.91,-74.54,-991.13,113.75,-726.25,-306.25,1,94.273,
01/01/2000,01:42:07.33,13.91,-74.42,-990.88,175.0,-700.0,-341.25,1,94.274,
01/01/2000,01:42:07.34,13.79,-74.54,-991.37,183.75,-682.50,-402.50,1,94.275,
01/01/2000,01:42:07.35,13.66,-74.54,-991.62,-26.25,-638.75,-332.50,1,94.276,
01/01/2000,01:42:07.36,13.66,-74.54,-991.74,210.0,-621.25,-341.25,1,94.276,
01/01/2000,01:42:07.38,13.91,-74.54,-991.13,236.25,-743.75,-280.0,1,94.265,
01/01/2000,01:42:07.39,13.91,-74.54,-991.01,157.50,-691.25,-332.50,1,94.266,
01/01/2000,01:42:07.40,13.91,-74.66,-991.13,87.50,-665.0,-411.25,1,94.267,
01/01/2000,01:42:07.41,13.91,-74.66,-991.49,43.75,-682.50,-402.50,1,94.267,
01/01/2000,01:42:07.42,13.91,-74.66,-991.62,166.25,-752.50,-306.25,1,94.268,
01/01/2000,01:42:07.43,13.91,-74.54,-991.49,201.25,-717.50,-262.50,1,94.269,
01/01/2000,01:42:07.44,13.91,-74.42,-991.13,78.75,-682.50,-358.75,1,94.270,
01/01/2000,01:42:07.45,13.91,-74.66,-991.25,122.50,-805.0,-323.75,1,94.270,
01/01/2000,01:42:07.46,13.91,-74.79,-991.37,201.25,-621.25,-280.0,1,94.271,
01/01/2000,01:42:07.47,13.66,-74.79,-991.37,175.0,-656.25,-402.50,1,94.260,
01/01/2000,01:42:07.48,13.66,-74.54,-991.37,192.50,-805.0,-315.0,1,94.272,
01/01/2000,01:42:07.49,13.66,-74.54,-991.13,122.50,-787.50,-271.25,1,94.261,
01/01/2000,01:42:07.50,13.66,-74.54,-990.88,183.75,-665.0,-332.50,1,94.262,
01/01/2000,01:42:07.51,13.79,-74.79,-990.88,183.75,-665.0,-367.50,1,94.263,
01/01/2000,01:42:07.52,13.79,-75.03,-991.25,105.0,-726.25,-323.75,1,94.264,
01/01/2000,01:42:07.53,13.79,-74.91,-991.25,96.25,-752.50,-341.25,1,94.264,
01/01/2000,01:42:07.54,13.66,-74.79,-991.25,183.75,-831.25,-315.0,1,94.265,
01/01/2000,01:42:07.55,13.66,-74.54,-991.01,166.25,-700.0,-358.75,1,94.266,
01/01/2000,01:42:07.56,13.66,-74.66,-991.01,175.0,-673.75,-358.75,1,94.266,
01/01/2000,01:42:07.57,13.66,-74.91,-991.13,78.75,-770.0,-288.75,1,94.267,
01/01/2000,01:42:07.58,13.66,-75.03,-991.13,201.25,-700.0,-315.0,1,94.268,
01/01/2000,01:42:07.59,13.54,-75.03,-990.88,253.75,-735.0,-306.25,1,94.269,
01/01/2000,01:42:07.60,13.54,-74.79,-991.01,227.50,-568.75,-350.0,1,94.269,
01/01/2000,01:42:07.62,13.79,-74.54,-991.13,183.75,-743.75,-358.75,1,94.270,
01/01/2000,01:42:07.63,13.91,-74.66,-991.37,148.75,-603.75,-306.25,1,94.271,
01/01/2000,01:42:07.64,13.79,-74.79,-991.49,140.0,-708.75,-393.75,1,94.271,
01/01/2000,01:42:07.65,13.79,-74.91,-991.37,183.75,-735.0,-341.25,1,94.272,
01/01/2000,01:42:07.66,13.79,-74.91,-991.13,306.25,-691.25,-385.0,1,94.273,
01/01/2000,01:42:07.67,13.91,-74.66,-991.13,87.50,-735.0,-271.25,1,94.273,
01/01/2000,01:42:07.68,13.91,-74.66,-991.13,175.0,-700.0,-376.25,1,94.274,
01/01/2000,01:42:07.69,13.91,-74.66,-991.25,105.0,-717.50,-385.0,1,94.275,
01/01/2000,01:42:07.70,13.91,-74.79,-991.25,157.50,-708.75,-358.75,1,94.276,
01/01/2000,01:42:07.71,13.91,-74.66,-991.13,140.0,-612.50,-402.50,1,94.276,
01/01/2000,01:42:07.72,13.91,-74.66,-991.13,210.0,-630.0,-367.50,1,94.265,
01/01/2000,01:42:07.73,13.91,-74.66,-991.13,113.75,-691.25,-376.25,1,94.278,
01/01/2000,01:42:07.74,13.91,-74.66,-991.13,26.25,-700.0,-332.50,1,94.267,
01/01/2000,01:42:07.76,13.91,-74.54,-991.13,87.50,-621.25,-350.0,1,94.268,
01/01/2000,01:42:07.77,13.91,-74.66,-991.13,140.0,-708.75,-393.75,1,94.268,
01/01/2000,01:42:07.78,13.91,-74.66,-991.01,201.25,-761.25,-341.25,1,94.269,
01/01/2000,01:42:07.79,13.91,-74.66,-990.88,140.0,-691.25,-262.50,1,94.270,
01/01/2000,01:42:07.80,13.91,-74.66,-991.01,70.0,-638.75,-350.0,1,94.270,
01/01/2000,01:42:07.81,13.91,-74.66,-991.13,131.25,-638.75,-262.50,1,94.271,
01/01/2000,01:42:07.82,13.91,-74.66,-991.13,148.75,-595.0,-332.50,1,94.272,
01/01/2000,01:42:07.83,13.91,-74.66,-991.01,175.0,-612.50,-271.25,1,94.272,
01/01/2000,01:42:07.84,13.91,-74.54,-990.76,131.25,-822.50,-315.0,1,94.273,
01/01/2000,01:42:07.85,13.91,-74.79,-990.64,245.0,-717.50,-376.25,1,94.274,
01/01/2000,01:42:07.86,13.91,-74.66,-990.88,122.50,-665.0,-280.0,1,94.275,
01/01/2000,01:42:07.87,13.91,-74.54,-990.88,245.0,-726.25,-332.50,1,94.275,
01/01/2000,01:42:07.88,13.79,-74.66,-991.01,183.75,-708.75,-358.75,1,94.264,
01/01/2000,01:42:07.90,13.66,-74.42,-991.01,210.0,-656.25,-385.0,1,94.265,
01/01/2000,01:42:07.91,13.79,-74.66,-991.13,192.50,-691.25,-358.75,1,94.266,
01/01/2000,01:42:07.92,13.79,-74.66,-991.25,122.50,-665.0,-341.25,1,94.267,
01/01/2000,01:42:07.93,13.79,-74.79,-991.37,87.50,-761.25,-332.50,1,94.267,
01/01/2000,01:42:07.94,13.79,-74.66,-991.37,271.25,-656.25,-358.75,1,94.268,
01/01/2000,01:42:07.95,13.79,-74.54,-991.13,35.0,-743.75,-297.50,1,94.269,
01/01/2000,01:42:07.96,13.79,-74.66,-991.13,43.75,-743.75,-358.75,1,94.269,
01/01/2000,01:42:07.97,13.79,-74.79,-991.13,131.25,-743.75,-332.50,1,94.270,
01/01/2000,01:42:07.98,13.79,-74.91,-991.25,70.0,-621.25,-315.0,1,94.271,
01/01/2000,01:42:07.99,13.91,-74.91,-991.37,140.0,-752.50,-367.50,1,94.271,
01/01/2000,01:42:08.00,13.91,-75.03,-991.49,148.75,-726.25,-315.0,1,94.272,
01/01/2000,01:42:08.01,13.79,-74.91,-991.49,297.50,-752.50,-332.50,1,94.273,
01/01/2000,01:42:08.02,13.66,-74.91,-991.37,140.0,-673.75,-341.25,1,94.274,
01/01/2000,01:42:08.03,13.79,-74.91,-991.37,78.75,-735.0,-393.75,1,94.274,
01/01/2000,01:42:08.04,13.66,-74.91,-991.37,210.0,-656.25,-376.25,1,94.275,
01/01/2000,01:42:08.05,13.66,-75.03,-991.37,297.50,-665.0,-402.50,1,94.264,
01/01/2000,01:42:08.06,13.66,-75.15,-991.13,52.50,-682.50,-341.25,1,94.265,
01/01/2000,01:42:08.07,13.79,-75.03,-991.13,166.25,-665.0,-358.75,1,94.265,
01/01/2000,01:42:08.08,13.66,-74.91,-991.13,140.0,-717.50,-253.75,1,94.266,
01/01/2000,01:42:08.09,13.66,-74.91,-991.13,122.50,-630.0,-393.75,1,94.267,
01/01/2000,01:42:08.11,13.66,-75.15,-991.01,183.75,-673.75,-367.50,1,94.268,
01/01/2000,01:42:08.12,13.42,-75.03,-991.01,0.0,-603.75,-288.75,1,94.268,
01/01/2000,01:42:08.13,13.42,-75.03,-991.13,122.50,-743.75,-358.75,1,94.269,
01/01/2000,01:42:08.14,13.54,-74.79,-991.25,166.25,-682.50,-323.75,1,94.270,
01/01/2000,01:42:08.15,13.54,-74.66,-991.13,183.75,-761.25,-262.50,1,94.270,
01/01/2000,01:42:08.16,13.54,-74.66,-991.13,245.0,-673.75,-306.25,1,94.271,
01/01/2000,01:42:08.17,13.66,-74.66,-991.13,166.25,-813.75,-350.0,1,94.272,
01/01/2000,01:42:08.18,13.79,-74.79,-991.25,113.75,-708.75,-323.75,1,94.272,
01/01/2000,01:42:08.19,13.91,-74.66,-991.25,122.50,-656.25,-245.0,1,94.273,
01/01/2000,01:42:08.20,13.66,-74.66,-991.25,175.0,-752.50,-358.75,1,94.274,
01/01/2000,01:42:08.21,13.66,-74.66,-991.37,175.0,-805.0,-271.25,1,94.275,
01/01/2000,01:42:08.22,13.91,-74.66,-991.37,148.75,-665.0,-218.75,1,94.275,
01/01/2000,01:42:08.23,13.66,-74.91,-991.49,113.75,-603.75,-341.25,1,94.276,
01/01/2000,01:42:08.24,13.54,-74.91,-991.49,140.0,-577.50,-385.0,1,94.277,
01/01/2000,01:42:08.25,14.40,-74.66,-991.13,113.75,-822.50,-350.0,1,94.266,
01/01/2000,01:42:08.26,14.64,-74.66,-990.76,113.75,-673.75,-192.50,1,94.267,
01/01/2000,01:42:08.27,14.40,-75.03,-990.76,315.0,-656.25,-341.25,1,94.267,
01/01/2000,01:42:08.28,13.79,-75.15,-991.13,78.75,-787.50,-490.0,1,94.268,
01/01/2000,01:42:08.29,13.91,-74.66,-991.25,236.25,-595.0,-367.50,1,94.269,
01/01/2000,01:42:08.30,14.15,-74.30,-991.13,87.50,-630.0,-253.75,1,94.269,
01/01/2000,01:42:08.32,13.91,-74.30,-991.01,157.50,-700.0,-332.50,1,94.270,
01/01/2000,01:42:08.33,13.66,-74.66,-990.88,87.50,-700.0,-402.50,1,94.271,
01/01/2000,01:42:08.34,13.79,-75.03,-991.25,122.50,-612.50,-350.0,1,94.271,
01/01/2000,01:42:08.35,13.79,-74.91,-991.49,78.75,-761.25,-315.0,1,94.272,
01/01/2000,01:42:08.36,13.91,-74.66,-991.49,166.25,-726.25,-385.0,1,94.273,
01/01/2000,01:42:08.37,13.79,-74.42,-991.13,175.0,-691.25,-332.50,1,94.274,
01/01/2000,01:42:08.38,13.66,-74.42,-990.88,280.0,-673.75,-280.0,1,94.274,
01/01/2000,01:42:08.40,13.66,-74.91,-991.13,201.25,-665.0,-428.75,1,94.263,
01/01/2000,01:42:08.41,13.91,-75.15,-991.37,175.0,-752.50,-385.0,1,94.264,
01/01/2000,01:42:08.42,13.91,-74.91,-991.25,166.25,-630.0,-455.0,1,94.265,
01/01/2000,01:42:08.43,13.66,-74.79,-990.88,166.25,-656.25,-288.75,1,94.266,
01/01/2000,01:42:08.44,13.66,-74.66,-990.76,192.50,-735.0,-262.50,1,94.266,
01/01/2000,01:42:08.45,13.66,-74.79,-991.13,96.25,-691.25,-367.50,1,94.267,
01/01/2000,01:42:08.46,13.66,-74.91,-991.37,280.0,-603.75,-350.0,1,94.268,
01/01/2000,01:42:08.47,13.66,-74.91,-991.13,245.0,-603.75,-367.50,1,94.268,
01/01/2000,01:42:08.48,13.66,-74.66,-990.88,61.25,-726.25,-306.25,1,94.269,
01/01/2000,01:42:08.49,13.66,-74.66,-991.01,253.75,-647.50,-280.0,1,94.270,
01/01/2000,01:42:08.50,13.66,-74.66,-991.37,122.50,-638.75,-341.25,1,94.270,
01/01/2000,01:42:08.51,13.79,-74.66,-991.49,271.25,-612.50,-350.0,1,94.271,
01/01/2000,01:42:08.52,13.91,-74.66,-991.49,245.0,-735.0,-253.75,1,94.272,
01/01/2000,01:42:08.53,13.79,-74.66,-991.25,131.25,-700.0,-402.50,1,94.273,
01/01/2000,01:42:08.54,13.79,-74.66,-991.13,236.25,-743.75,-393.75,1,94.273,
01/01/2000,01:42:08.55,13.91,-74.66,-991.13,183.75,-656.25,-350.0,1,94.274,
01/01/2000,01:42:08.56,13.91,-74.66,-991.49,192.50,-656.25,-262.50,1,94.275,
01/01/2000,01:42:08.57,13.79,-74.66,-991.49,192.50,-603.75,-332.50,1,94.275,
01/01/2000,01:42:08.58,13.91,-74.54,-991.49,35.0,-691.25,-323.75,1,94.276,
01/01/2000,01:42:08.59,13.91,-74.66,-991.25,105.0,-647.50,-323.75,1,94.277,
01/01/2000,01:42:08.60,14.15,-74.66,-991.13,175.0,-708.75,-323.75,1,94.277,
01/01/2000,01:42:08.61,13.91,-74.79,-991.25,262.50,-656.25,-315.0,1,94.278,
01/01/2000,01:42:08.62,13.91,-74.66,-991.25,218.75,-682.50,-332.50,1,94.279,
01/01/2000,01:42:08.63,13.91,-74.66,-991.25,113.75,-647.50,-376.25,1,94.268,
01/01/2000,01:42:08.64,13.91,-74.66,-991.13,87.50,-647.50,-245.0,1,94.269,
01/01/2000,01:42:08.65,13.79,-74.66,-991.25,43.75,-717.50,-385.0,1,94.269,
01/01/2000,01:42:08.67,13.91,-74.79,-991.13,122.50,-691.25,-271.25,1,94.270,
01/01/2000,01:42:08.68,13.66,-74.91,-991.01,183.75,-700.0,-315.0,1,94.271,
01/01/2000,01:42:08.69,13.66,-74.91,-991.13,183.75,-726.25,-253.75,1,94.272,
01/01/2000,01:42:08.70,13.66,-74.91,-991.13,306.25,-647.50,-411.25,1,94.272,
01/01/2000,01:42:08.71,13.79,-74.54,-991.13,271.25,-761.25,-323.75,1,94.273,
01/01/2000,01:42:08.72,13.79,-74.66,-991.01,253.75,-673.75,-332.50,1,94.274,
01/01/2000,01:42:08.73,13.79,-74.66,-991.13,61.25,-761.25,-402.50,1,94.274,
01/01/2000,01:42:08.74,13.79,-74.91,-991.25,236.25,-726.25,-428.75,1,94.275,
01/01/2000,01:42:08.75,13.79,-74.66,-991.13,26.25,-630.0,-341.25,1,94.276,
01/01/2000,01:42:08.76,13.79,-74.66,-990.76,201.25,-612.50,-341.25,1,94.276,
01/01/2000,01:42:08.77,13.91,-74.66,-990.64,210.0,-761.25,-315.0,1,94.277,
01/01/2000,01:42:08.78,13.79,-74.54,-990.76,192.50,-603.75,-385.0,1,94.278,
01/01/2000,01:42:08.79,13.66,-74.66,-990.88,183.75,-735.0,-315.0,1,94.278,
01/01/2000,01:42:08.80,13.79,-74.66,-991.01,175.0,-682.50,-358.75,1,94.279,
01/01/2000,01:42:08.81,13.79,-74.66,-990.88,315.0,-656.25,-420.0,1,94.268,
01/01/2000,01:42:08.82,13.66,-74.42,-990.88,148.75,-638.75,-367.50,1,94.269,
01/01/2000,01:42:08.83,13.66,-74.42,-991.01,175.0,-735.0,-350.0,1,94.270,
01/01/2000,01:42:08.84,13.79,-74.54,-991.13,288.75,-630.0,-227.50,1,94.271,
01/01/2000,01:42:08.85,13.79,-74.66,-991.13,262.50,-621.25,-323.75,1,94.271,
01/01/2000,01:42:08.86,13.79,-74.66,-990.88,227.50,-787.50,-358.75,1,94.272,
01/01/2000,01:42:08.88,13.66,-74.54,-990.88,280.0,-647.50,-367.50,1,94.273,
01/01/2000,01:42:08.89,13.66,-74.54,-991.13,-17.50,-831.25,-306.25,1,94.273,
01/01/2000,01:42:08.90,13.66,-74.54,-991.37,236.25,-533.75,-315.0,1,94.274,
01/01/2000,01:42:08.91,13.79,-74.54,-991.25,122.50,-700.0,-350.0,1,94.263,
01/01/2000,01:42:08.92,13.91,-74.66,-991.13,183.75,-665.0,-332.50,1,94.264,
01/01/2000,01:42:08.93,13.79,-74.66,-991.01,113.75,-796.25,-315.0,1,94.265,
01/01/2000,01:42:08.94,13.91,-74.66,-991.01,210.0,-726.25,-437.50,1,94.265,
01/01/2000,01:42:08.95,13.91,-74.66,-991.25,131.25,-682.50,-306.25,1,94.266,
01/01/2000,01:42:08.96,13.91,-74.66,-991.25,122.50,-752.50,-253.75,1,94.267,
01/01/2000,01:42:08.97,13.79,-74.91,-991.25,96.25,-752.50,-350.0,1,94.267,
01/01/2000,01:42:08.98,13.91,-74.79,-991.13,218.75,-840.0,-367.50,1,94.268,
01/01/2000,01:42:09.00,14.15,-74.91,-990.88,131.25,-726.25,-376.25,1,94.269,
01/01/2000,01:42:09.00,13.79,-75.15,-991.13,210.0,-691.25,-367.50,1,94.270,
01/01/2000,01:42:09.02,13.42,-74.91,-991.74,227.50,-682.50,-376.25,1,94.270,
01/01/2000,01:42:09.03,13.66,-74.66,-991.86,140.0,-621.25,-332.50,1,94.271,
01/01/2000,01:42:09.04,13.91,-74.42,-991.13,87.50,-682.50,-376.25,1,94.272,
01/01/2000,01:42:09.05,14.27,-74.30,-990.40,0.0,-770.0,-201.25,1,94.272,
01/01/2000,01:42:09.06,14.27,-75.27,-990.15,236.25,-787.50,-306.25,1,94.273,
01/01/2000,01:42:09.07,13.66,-75.52,-990.76,175.0,-595.0,-393.75,1,94.274,
01/01/2000,01:42:09.08,13.30,-75.40,-991.49,166.25,-612.50,-481.25,1,94.274,
01/01/2000,01:42:09.09,13.79,-74.54,-991.49,8.75,-638.75,-245.0,1,94.275,
01/01/2000,01:42:09.10,13.66,-73.93,-990.88,236.25,-752.50,-122.50,1,94.276,
01/01/2000,01:42:09.11,13.66,-74.42,-990.40,52.50,-822.50,-245.0,1,94.276,
01/01/2000,01:42:09.12,13.54,-74.91,-990.64,201.25,-805.0,-323.75,1,94.277,
01/01/2000,01:42:09.13,13.66,-75.15,-991.37,26.25,-708.75,-385.0,1,94.278,
01/01/2000,01:42:09.14,13.66,-75.27,-991.74,245.0,-595.0,-612.50,1,94.278,
01/01/2000,01:42:09.15,13.66,-74.42,-991.37,0.0,-708.75,-332.50,1,94.279,
01/01/2000,01:42:09.16,13.66,-74.05,-990.64,183.75,-743.75,-227.50,1,94.269,
01/01/2000,01:42:09.17,13.79,-74.18,-990.76,253.75,-805.0,-271.25,1,94.269,
01/01/2000,01:42:09.18,13.66,-74.42,-991.37,78.75,-717.50,-323.75,1,94.270,
01/01/2000,01:42:09.19,13.91,-74.91,-991.74,288.75,-533.75,-402.50,1,94.271,
01/01/2000,01:42:09.20,13.79,-74.79,-991.37,166.25,-735.0,-376.25,1,94.271,
01/01/2000,01:42:09.21,13.66,-74.54,-990.88,218.75,-691.25,-393.75,1,94.272,
01/01/2000,01:42:09.22,13.66,-74.30,-990.88,236.25,-700.0,-323.75,1,94.273,
01/01/2000,01:42:09.24,13.66,-74.18,-991.37,280.0,-621.25,-262.50,1,94.273,
01/01/2000,01:42:09.25,13.79,-74.54,-991.62,166.25,-700.0,-350.0,1,94.274,
01/01/2000,01:42:09.26,13.66,-74.91,-991.62,227.50,-630.0,-358.75,1,94.275,
01/01/2000,01:42:09.27,13.42,-74.66,-991.13,52.50,-682.50,-367.50,1,94.275,
01/01/2000,01:42:09.28,13.79,-74.42,-990.76,332.50,-612.50,-402.50,1,94.276,
01/01/2000,01:42:09.29,13.91,-74.30,-990.88,245.0,-770.0,-280.0,1,94.277,
01/01/2000,01:42:09.30,13.91,-74.54,-991.49,43.75,-630.0,-315.0,1,94.277,
01/01/2000,01:42:09.31,13.79,-74.79,-991.49,148.75,-656.25,-420.0,1,94.278,
01/01/2000,01:42:09.32,13.66,-74.91,-991.13,201.25,-752.50,-455.0,1,94.268,
01/01/2000,01:42:09.33,13.91,-74.42,-990.88,43.75,-700.0,-332.50,1,94.280,
01/01/2000,01:42:09.34,13.91,-74.54,-991.01,201.25,-647.50,-271.25,1,94.269,
01/01/2000,01:42:09.35,13.91,-74.42,-991.25,87.50,-638.75,-341.25,1,94.270,
01/01/2000,01:42:09.36,13.79,-74.79,-991.37,262.50,-735.0,-490.0,1,94.270,
01/01/2000,01:42:09.38,13.42,-74.66,-991.49,175.0,-752.50,-297.50,1,94.271,
01/01/2000,01:42:09.39,13.54,-74.66,-991.13,192.50,-673.75,-367.50,1,94.272,
01/01/2000,01:42:09.40,13.79,-74.42,-991.13,210.0,-752.50,-341.25,1,94.272,
01/01/2000,01:42:09.41,13.91,-74.54,-991.13,218.75,-665.0,-341.25,1,94.273,
01/01/2000,01:42:09.42,13.54,-74.91,-991.25,280.0,-656.25,-332.50,1,94.274,
01/01/2000,01:42:09.43,13.42,-74.66,-991.37,236.25,-603.75,-393.75,1,94.274,
01/01/2000,01:42:09.44,13.66,-74.42,-991.37,218.75,-647.50,-315.0,1,94.275,
01/01/2000,01:42:09.45,13.66,-74.18,-991.25,70.0,-621.25,-262.50,1,94.264,
01/01/2000,01:42:09.46,13.54,-74.42,-991.13,262.50,-717.50,-385.0,1,94.265,
01/01/2000,01:42:09.47,13.42,-74.91,-991.25,253.75,-682.50,-367.50,1,94.266,
01/01/2000,01:42:09.48,13.66,-74.91,-991.25,201.25,-700.0,-315.0,1,94.267,
01/01/2000,01:42:09.49,13.91,-74.79,-991.25,227.50,-621.25,-402.50,1,94.267,
01/01/2000,01:42:09.50,13.79,-74.54,-991.13,227.50,-656.25,-350.0,1,94.268,
01/01/2000,01:42:09.51,13.54,-74.42,-990.88,183.75,-708.75,-306.25,1,94.269,
01/01/2000,01:42:09.52,13.54,-74.42,-990.88,323.75,-761.25,-358.75,1,94.269,
01/01/2000,01:42:09.53,13.42,-74.42,-991.01,113.75,-647.50,-385.0,1,94.270,
01/01/2000,01:42:09.54,13.54,-74.79,-991.13,192.50,-708.75,-463.75,1,94.271,
01/01/2000,01:42:09.55,13.66,-74.66,-991.01,122.50,-656.25,-306.25,1,94.271,
01/01/2000,01:42:09.56,13.66,-74.66,-990.88,253.75,-656.25,-306.25,1,94.272,
01/01/2000,01:42:09.57,13.66,-74.54,-990.88,175.0,-700.0,-332.50,1,94.273,
01/01/2000,01:42:09.59,13.66,-74.66,-991.13,157.50,-682.50,-393.75,1,94.273,
01/01/2000,01:42:09.60,13.54,-74.79,-991.25,157.50,-787.50,-393.75,1,94.274,
01/01/2000,01:42:09.61,13.54,-74.66,-991.25,26.25,-743.75,-341.25,1,94.275,
01/01/2000,01:42:09.62,13.54,-74.91,-991.13,323.75,-726.25,-437.50,1,94.275,
01/01/2000,01:42:09.63,13.42,-74.66,-991.13,78.75,-656.25,-288.75,1,94.276,
01/01/2000,01:42:09.64,13.66,-74.66,-991.25,105.0,-796.25,-455.0,1,94.277,
01/01/2000,01:42:09.65,13.66,-74.91,-991.37,201.25,-761.25,-367.50,1,94.278,
01/01/2000,01:42:09.66,13.66,-74.54,-991.37,-17.50,-647.50,-245.0,1,94.278,
01/01/2000,01:42:09.67,13.79,-74.79,-991.25,437.50,-673.75,-498.75,1,94.279,
01/01/2000,01:42:09.68,13.79,-74.30,-991.13,-26.25,-770.0,-218.75,1,94.280,
01/01/2000,01:42:09.69,14.15,-74.66,-991.01,288.75,-673.75,-341.25,1,94.280,
01/01/2000,01:42:09.70,13.91,-74.66,-991.13,192.50,-673.75,-472.50,1,94.281,
01/01/2000,01:42:09.71,13.79,-74.66,-991.37,140.0,-708.75,-306.25,1,94.282,
01/01/2000,01:42:09.72,13.91,-74.66,-991.37,253.75,-796.25,-490.0,1,94.271,
01/01/2000,01:42:09.73,13.91,-74.05,-991.37,-26.25,-796.25,-105.0,1,94.272,
01/01/2000,01:42:09.74,14.15,-74.42,-991.13,175.0,-603.75,-332.50,1,94.272,
01/01/2000,01:42:09.75,13.79,-74.42,-991.13,253.75,-778.75,-323.75,1,94.273,
01/01/2000,01:42:09.76,13.66,-74.66,-991.25,96.25,-813.75,-385.0,1,94.274,
01/01/2000,01:42:09.77,13.79,-74.79,-991.25,385.0,-603.75,-498.75,1,94.274,
01/01/2000,01:42:09.78,13.54,-74.42,-991.37,35.0,-735.0,-402.50,1,94.275,
01/01/2000,01:42:09.80,13.79,-74.30,-991.25,227.50,-735.0,-350.0,1,94.276,
01/01/2000,01:42:09.81,13.42,-74.30,-991.13,218.75,-761.25,-280.0,1,94.276,
01/01/2000,01:42:09.82,13.54,-74.42,-991.13,166.25,-665.0,-402.50,1,94.277,
01/01/2000,01:42:09.83,13.91,-74.66,-991.13,297.50,-691.25,-437.50,1,94.278,
01/01/2000,01:42:09.84,14.03,-74.42,-991.25,175.0,-708.75,-393.75,1,94.279,
01/01/2000,01:42:09.85,14.15,-74.42,-991.01,157.50,-726.25,-236.25,1,94.279,
01/01/2000,01:42:09.86,13.79,-74.54,-990.88,218.75,-673.75,-393.75,1,94.280,
01/01/2000,01:42:09.87,13.91,-74.54,-991.01,166.25,-761.25,-367.50,1,94.281,
01/01/2000,01:42:09.88,14.27,-74.42,-991.13,87.50,-621.25,-341.25,1,94.281,
01/01/2000,01:42:09.89,14.15,-74.30,-991.13,148.75,-831.25,-236.25,1,94.271,
01/01/2000,01:42:09.90,13.91,-74.42,-990.88,140.0,-638.75,-367.50,1,94.283,
01/01/2000,01:42:09.91,13.91,-74.54,-990.40,227.50,-796.25,-498.75,1,94.272,
01/01/2000,01:42:09.93,13.79,-74.54,-990.88,271.25,-673.75,-350.0,1,94.273,
01/01/2000,01:42:09.94,13.79,-74.42,-991.25,157.50,-691.25,-245.0,1,94.273,
01/01/2000,01:42:09.95,13.79,-74.42,-991.13,341.25,-691.25,-481.25,1,94.274,
01/01/2000,01:42:09.96,13.66,-74.54,-990.88,87.50,-796.25,-297.50,1,94.275,
01/01/2000,01:42:09.97,13.91,-74.66,-990.88,131.25,-682.50,-358.75,1,94.275,
01/01/2000,01:42:09.98,13.91,-74.66,-991.13,262.50,-761.25,-350.0,1,94.276,
01/01/2000,01:42:09.99,14.15,-74.66,-991.37,131.25,-708.75,-367.50,1,94.277,
01/01/2000,01:42:10.00,13.91,-74.42,-991.25,-17.50,-752.50,-411.25,1,94.278,
01/01/2000,01:42:10.01,13.66,-74.42,-990.64,245.0,-673.75,-341.25,1,94.267,
01/01/2000,01:42:10.02,13.66,-74.54,-990.88,262.50,-673.75,-306.25,1,94.268,
01/01/2000,01:42:10.03,13.79,-74.54,-991.13,201.25,-796.25,-323.75,1,94.268,
01/01/2000,01:42:10.04,13.91,-74.91,-991.25,183.75,-691.25,-323.75,1,94.269,
01/01/2000,01:42:10.05,13.79,-74.79,-991.13,61.25,-700.0,-350.0,1,94.270,
01/01/2000,01:42:10.06,13.54,-74.91,-991.01,157.50,-647.50,-393.75,1,94.270,
01/01/2000,01:42:10.08,13.66,-74.42,-991.25,192.50,-665.0,-315.0,1,94.271,
01/01/2000,01:42:10.09,13.91,-74.30,-991.37,201.25,-691.25,-332.50,1,94.272,
01/01/2000,01:42:10.10,14.03,-74.42,-991.37,183.75,-647.50,-236.25,1,94.272,
01/01/2000,01:42:10.11,13.91,-74.66,-991.01,175.0,-551.25,-262.50,1,94.273,
01/01/2000,01:42:10.12,13.79,-74.79,-991.01,306.25,-673.75,-358.75,1,94.274,
01/01/2000,01:42:10.13,13.91,-74.66,-991.13,78.75,-612.50,-411.25,1,94.274,
01/01/2000,01:42:10.14,14.03,-74.42,-991.13,210.0,-752.50,-332.50,1,94.275,
01/01/2000,01:42:10.15,13.91,-74.66,-991.25,131.25,-665.0,-288.75,1,94.276,
01/01/2000,01:42:10.16,13.79,-74.66,-991.01,175.0,-735.0,-350.0,1,94.277,
01/01/2000,01:42:10.17,13.91,-74.66,-990.88,131.25,-665.0,-376.25,1,94.277,
01/01/2000,01:42:10.18,13.91,-74.54,-991.01,166.25,-717.50,-376.25,1,94.278,
01/01/2000,01:42:10.19,14.03,-74.54,-991.25,70.0,-752.50,-376.25,1,94.279,
01/01/2000,01:42:10.20,14.03,-74.42,-991.13,157.50,-603.75,-332.50,1,94.279,
01/01/2000,01:42:10.21,13.66,-74.42,-991.13,157.50,-665.0,-411.25,1,94.280,
01/01/2000,01:42:10.23,13.91,-74.42,-991.37,166.25,-673.75,-428.75,1,94.269,
01/01/2000,01:42:10.23,14.03,-74.30,-991.37,166.25,-673.75,-332.50,1,94.270,
01/01/2000,01:42:10.25,13.91,-74.30,-991.25,288.75,-595.0,-280.0,1,94.271,
01/01/2000,01:42:10.25,13.79,-74.42,-991.13,175.0,-752.50,-297.50,1,94.271,
01/01/2000,01:42:10.27,13.66,-74.42,-991.13,105.0,-691.25,-385.0,1,94.272,
01/01/2000,01:42:10.28,13.66,-74.42,-991.25,166.25,-612.50,-385.0,1,94.273,
01/01/2000,01:42:10.29,13.79,-74.42,-991.49,192.50,-717.50,-315.0,1,94.273,
01/01/2000,01:42:10.30,13.66,-74.42,-991.62,61.25,-621.25,-341.25,1,94.274,
01/01/2000,01:42:10.31,13.66,-74.66,-991.37,236.25,-691.25,-341.25,1,94.275,
01/01/2000,01:42:10.32,13.66,-74.66,-991.37,131.25,-770.0,-350.0,1,94.276,
01/01/2000,01:42:10.33,13.79,-74.66,-991.37,236.25,-656.25,-350.0,1,94.276,
01/01/2000,01:42:10.34,13.91,-74.66,-991.62,148.75,-595.0,-262.50,1,94.277,
01/01/2000,01:42:10.35,13.79,-74.66,-991.62,140.0,-647.50,-393.75,1,94.278,
01/01/2000,01:42:10.36,13.66,-74.66,-991.37,105.0,-638.75,-315.0,1,94.267,
01/01/2000,01:42:10.37,13.66,-74.91,-991.25,140.0,-743.75,-420.0,1,94.268,
01/01/2000,01:42:10.38,13.66,-74.79,-991.13,43.75,-621.25,-323.75,1,94.268,
01/01/2000,01:42:10.39,13.91,-74.66,-991.25,61.25,-603.75,-297.50,1,94.269,
01/01/2000,01:42:10.40,13.79,-74.66,-991.25,140.0,-700.0,-437.50,1,94.270,
01/01/2000,01:42:10.41,13.54,-74.54,-991.25,122.50,-647.50,-315.0,1,94.270,
01/01/2000,01:42:10.42,13.79,-74.66,-991.13,297.50,-708.75,-280.0,1,94.271,
01/01/2000,01:42:10.44,13.79,-74.42,-991.01,175.0,-673.75,-402.50,1,94.272,
01/01/2000,01:42:10.45,13.79,-74.66,-991.13,140.0,-656.25,-428.75,1,94.261,
01/01/2000,01:42:10.46,13.54,-74.42,-991.13,61.25,-787.50,-367.50,1,94.262,
01/01/2000,01:42:10.47,13.79,-74.66,-991.13,148.75,-682.50,-376.25,1,94.263,
01/01/2000,01:42:10.48,13.79,-74.54,-991.25,323.75,-770.0,-428.75,1,94.263,
01/01/2000,01:42:10.49,13.79,-74.18,-991.37,105.0,-813.75,-332.50,1,94.264,
01/01/2000,01:42:10.50,14.15,-74.42,-991.37,280.0,-673.75,-367.50,1,94.265,
01/01/2000,01:42:10.51,14.03,-74.18,-991.49,105.0,-577.50,-210.0,1,94.265,
01/01/2000,01:42:10.52,14.03,-74.54,-991.37,402.50,-586.25,-341.25,1,94.266,
01/01/2000,01:42:10.53,14.03,-74.66,-991.37,148.75,-778.75,-306.25,1,94.267,
01/01/2000,01:42:10.54,14.03,-74.42,-991.62,78.75,-621.25,-306.25,1,94.267,
01/01/2000,01:42:10.55,14.15,-74.54,-991.37,271.25,-778.75,-393.75,1,94.268,
01/01/2000,01:42:10.56,14.15,-74.42,-991.37,218.75,-708.75,-332.50,1,94.269,
01/01/2000,01:42:10.58,14.03,-74.54,-991.37,87.50,-682.50,-385.0,1,94.269,
01/01/2000,01:42:10.59,14.03,-74.66,-991.37,297.50,-656.25,-341.25,1,94.270,
01/01/2000,01:42:10.60,13.91,-74.42,-991.37,96.25,-735.0,-306.25,1,94.271,
01/01/2000,01:42:10.61,14.15,-74.54,-991.25,253.75,-656.25,-306.25,1,94.272,
01/01/2000,01:42:10.62,14.03,-74.42,-991.13,166.25,-656.25,-332.50,1,94.272,
01/01/2000,01:42:10.63,13.91,-74.66,-991.13,253.75,-691.25,-358.75,1,94.273,
01/01/2000,01:42:10.64,13.91,-74.54,-991.13,78.75,-717.50,-402.50,1,94.274,
01/01/2000,01:42:10.65,13.91,-74.42,-991.37,192.50,-647.50,-341.25,1,94.274,
01/01/2000,01:42:10.66,14.15,-74.42,-991.37,78.75,-682.50,-253.75,1,94.275,
01/01/2000,01:42:10.67,14.15,-74.66,-991.13,183.75,-700.0,-315.0,1,94.276,
01/01/2000,01:42:10.68,14.15,-74.79,-991.01,218.75,-656.25,-367.50,1,94.276,
01/01/2000,01:42:10.69,14.03,-74.91,-991.01,183.75,-708.75,-472.50,1,94.277,
01/01/2000,01:42:10.70,14.03,-74.66,-991.13,183.75,-735.0,-385.0,1,94.278,
01/01/2000,01:42:10.71,14.03,-74.54,-991.37,105.0,-603.75,-201.25,1,94.267,
01/01/2000,01:42:10.72,13.91,-74.42,-991.25,122.50,-700.0,-253.75,1,94.268,
01/01/2000,01:42:10.73,13.79,-74.54,-991.01,157.50,-735.0,-350.0,1,94.268,
01/01/2000,01:42:10.74,13.79,-74.79,-990.76,253.75,-673.75,-358.75,1,94.269,
01/01/2000,01:42:10.75,13.79,-74.66,-991.01,157.50,-595.0,-341.25,1,94.270,
01/01/2000,01:42:10.76,14.03,-74.66,-991.13,113.75,-638.75,-341.25,1,94.271,
01/01/2000,01:42:10.77,13.66,-74.66,-991.01,61.25,-708.75,-341.25,1,94.271,
01/01/2000,01:42:10.79,13.66,-74.79,-990.64,227.50,-770.0,-393.75,1,94.272,
01/01/2000,01:42:10.80,13.91,-74.66,-990.76,297.50,-787.50,-262.50,1,94.273,
01/01/2000,01:42:10.81,13.91,-74.66,-991.13,96.25,-822.50,-236.25,1,94.273,
01/01/2000,01:42:10.82,13.91,-74.79,-991.13,131.25,-647.50,-288.75,1,94.274,
01/01/2000,01:42:10.83,13.91,-74.66,-991.01,183.75,-665.0,-280.0,1,94.275,
01/01/2000,01:42:10.84,13.54,-74.66,-991.01,96.25,-665.0,-332.50,1,94.275,
01/01/2000,01:42:10.85,13.66,-74.54,-991.37,148.75,-656.25,-315.0,1,94.276,
01/01/2000,01:42:10.86,13.66,-74.42,-991.49,210.0,-735.0,-341.25,1,94.277,
01/01/2000,01:42:10.87,13.66,-74.66,-991.37,140.0,-603.75,-358.75,1,94.277,
01/01/2000,01:42:10.88,13.66,-74.66,-991.25,87.50,-656.25,-341.25,1,94.278,
01/01/2000,01:42:10.89,13.42,-74.54,-991.13,166.25,-691.25,-393.75,1,94.279,
01/01/2000,01:42:10.90,13.66,-74.42,-991.25,105.0,-726.25,-402.50,1,94.279,
01/01/2000,01:42:10.91,13.79,-74.30,-991.37,105.0,-586.25,-306.25,1,94.280,
01/01/2000,01:42:10.93,13.79,-74.42,-991.37,227.50,-743.75,-201.25,1,94.270,
01/01/2000,01:42:10.94,13.66,-74.66,-991.37,52.50,-700.0,-481.25,1,94.270,
01/01/2000,01:42:10.95,13.66,-74.66,-991.13,175.0,-691.25,-341.25,1,94.271,
01/01/2000,01:42:10.96,13.91,-74.54,-991.25,70.0,-682.50,-288.75,1,94.272,
01/01/2000,01:42:10.97,13.79,-74.42,-991.25,52.50,-717.50,-393.75,1,94.272,
01/01/2000,01:42:10.98,13.66,-74.54,-991.37,175.0,-743.75,-341.25,1,94.273,
01/01/2000,01:42:10.99,13.66,-74.66,-991.25,52.50,-717.50,-358.75,1,94.274,
01/01/2000,01:42:11.00,13.66,-74.42,-991.25,218.75,-673.75,-376.25,1,94.274,
01/01/2000,01:42:11.01,13.79,-74.42,-991.25,122.50,-743.75,-332.50,1,94.264,
01/01/2000,01:42:11.02,13.79,-74.42,-991.13,157.50,-682.50,-420.0,1,94.276,
01/01/2000,01:42:11.03,13.66,-74.66,-991.01,70.0,-691.25,-297.50,1,94.265,
01/01/2000,01:42:11.04,13.66,-74.66,-991.01,131.25,-656.25,-437.50,1,94.266,
01/01/2000,01:42:11.05,13.91,-74.66,-991.13,227.50,-656.25,-341.25,1,94.267,
01/01/2000,01:42:11.06,13.91,-74.42,-991.01,236.25,-612.50,-323.75,1,94.267,
01/01/2000,01:42:11.07,13.79,-74.42,-991.01,140.0,-595.0,-280.0,1,94.268,
01/01/2000,01:42:11.08,13.79,-74.66,-991.13,157.50,-656.25,-376.25,1,94.269,
01/01/2000,01:42:11.09,13.79,-74.66,-991.25,122.50,-595.0,-367.50,1,94.269,
01/01/2000,01:42:11.10,13.91,-74.66,-991.37,271.25,-682.50,-428.75,1,94.270,
01/01/2000,01:42:11.11,14.03,-74.66,-991.49,70.0,-805.0,-350.0,1,94.271,
01/01/2000,01:42:11.12,13.91,-74.66,-991.37,140.0,-778.75,-428.75,1,94.271,
01/01/2000,01:42:11.14,13.79,-74.66,-991.13,113.75,-708.75,-420.0,1,94.272,
01/01/2000,01:42:11.15,13.66,-74.66,-991.13,175.0,-787.50,-385.0,1,94.273,
01/01/2000,01:42:11.16,13.91,-74.66,-991.37,192.50,-673.75,-393.75,1,94.273,
01/01/2000,01:42:11.17,13.91,-74.66,-991.49,70.0,-700.0,-350.0,1,94.274,
01/01/2000,01:42:11.18,13.66,-74.66,-991.49,0.0,-638.75,-306.25,1,94.275,
01/01/2000,01:42:11.19,13.66,-74.91,-991.37,218.75,-700.0,-332.50,1,94.275,
01/01/2000,01:42:11.20,13.66,-74.66,-991.37,140.0,-708.75,-358.75,1,94.276,
01/01/2000,01:42:11.21,13.91,-74.66,-991.62,148.75,-778.75,-341.25,1,94.277,
01/01/2000,01:42:11.22,14.03,-74.66,-991.49,183.75,-656.25,-271.25,1,94.277,
01/01/2000,01:42:11.23,13.91,-74.66,-991.25,157.50,-682.50,-297.50,1,94.278,
01/01/2000,01:42:11.24,13.91,-74.91,-991.01,253.75,-778.75,-341.25,1,94.279,
01/01/2000,01:42:11.25,13.91,-74.79,-991.01,183.75,-761.25,-358.75,1,94.279,
01/01/2000,01:42:11.26,14.15,-74.79,-991.01,148.75,-796.25,-306.25,1,94.280,
01/01/2000,01:42:11.27,13.91,-74.66,-990.88,148.75,-647.50,-385.0,1,94.270,
01/01/2000,01:42:11.28,13.91,-74.91,-990.76,96.25,-586.25,-411.25,1,94.270,
01/01/2000,01:42:11.29,13.91,-75.03,-990.64,227.50,-752.50,-393.75,1,94.271,
01/01/2000,01:42:11.30,13.91,-74.79,-990.76,183.75,-630.0,-420.0,1,94.272,
01/01/2000,01:42:11.31,14.03,-74.91,-991.01,43.75,-691.25,-323.75,1,94.272,
01/01/2000,01:42:11.32,13.91,-74.91,-991.13,113.75,-621.25,-358.75,1,94.273,
01/01/2000,01:42:11.33,13.79,-74.79,-991.01,183.75,-787.50,-315.0,1,94.274,
01/01/2000,01:42:11.35,13.91,-74.66,-990.88,201.25,-691.25,-350.0,1,94.274,
01/01/2000,01:42:11.36,13.91,-74.54,-991.01,87.50,-726.25,-393.75,1,94.275,
01/01/2000,01:42:11.37,13.91,-74.66,-991.13,140.0,-796.25,-350.0,1,94.276,
01/01/2000,01:42:11.38,13.91,-74.54,-991.13,61.25,-673.75,-402.50,1,94.276,
01/01/2000,01:42:11.39,13.79,-74.66,-990.88,0.0,-691.25,-315.0,1,94.277,
01/01/2000,01:42:11.40,13.66,-74.42,-990.88,105.0,-568.75,-393.75,1,94.278,
01/01/2000,01:42:11.41,13.66,-74.42,-991.13,131.25,-630.0,-262.50,1,94.278,
01/01/2000,01:42:11.42,13.91,-74.42,-991.13,288.75,-621.25,-288.75,1,94.279,
01/01/2000,01:42:11.43,13.91,-74.66,-990.88,131.25,-603.75,-367.50,1,94.280,
01/01/2000,01:42:11.44,13.79,-74.91,-990.88,105.0,-682.50,-350.0,1,94.280,
01/01/2000,01:42:11.45,13.91,-74.79,-990.88,166.25,-708.75,-341.25,1,94.281,
01/01/2000,01:42:11.46,13.91,-74.54,-991.01,70.0,-656.25,-358.75,1,94.282,
01/01/2000,01:42:11.48,14.15,-74.42,-991.01,148.75,-708.75,-253.75,1,94.271,
01/01/2000,01:42:11.49,14.03,-74.42,-990.88,192.50,-673.75,-341.25,1,94.272,
01/01/2000,01:42:11.50,13.91,-74.30,-990.88,148.75,-735.0,-376.25,1,94.273,
01/01/2000,01:42:11.51,13.91,-74.30,-990.88,253.75,-638.75,-411.25,1,94.273,
01/01/2000,01:42:11.52,13.91,-74.18,-991.01,210.0,-656.25,-341.25,1,94.274,
01/01/2000,01:42:11.53,13.91,-74.42,-990.88,280.0,-647.50,-332.50,1,94.275,
01/01/2000,01:42:11.54,13.91,-74.42,-990.88,175.0,-647.50,-350.0,1,94.275,
01/01/2000,01:42:11.55,13.91,-74.54,-990.76,157.50,-708.75,-253.75,1,94.276,
01/01/2000,01:42:11.56,13.91,-74.66,-991.01,175.0,-630.0,-367.50,1,94.277,
01/01/2000,01:42:11.57,13.91,-74.66,-991.13,113.75,-682.50,-253.75,1,94.277,
01/01/2000,01:42:11.58,13.91,-74.79,-991.13,78.75,-568.75,-323.75,1,94.278,
01/01/2000,01:42:11.59,13.66,-74.66,-990.88,87.50,-630.0,-315.0,1,94.279,
01/01/2000,01:42:11.60,13.66,-74.54,-990.88,122.50,-700.0,-350.0,1,94.279,
01/01/2000,01:42:11.61,13.66,-74.66,-991.01,192.50,-595.0,-393.75,1,94.280,
01/01/2000,01:42:11.62,13.79,-74.42,-991.13,166.25,-822.50,-253.75,1,94.270,
01/01/2000,01:42:11.63,13.79,-74.66,-991.13,341.25,-691.25,-411.25,1,94.270,
01/01/2000,01:42:11.64,13.66,-74.54,-991.01,96.25,-630.0,-393.75,1,94.271,
01/01/2000,01:42:11.65,13.79,-74.54,-991.01,175.0,-621.25,-253.75,1,94.272,
01/01/2000,01:42:11.66,13.79,-74.42,-991.13,157.50,-743.75,-253.75,1,94.272,
01/01/2000,01:42:11.67,13.66,-74.42,-991.25,140.0,-691.25,-297.50,1,94.273,
01/01/2000,01:42:11.68,13.54,-74.54,-991.37,87.50,-700.0,-367.50,1,94.274,
01/01/2000,01:42:11.70,13.66,-74.66,-991.37,140.0,-682.50,-341.25,1,94.274,
01/01/2000,01:42:11.71,13.79,-74.66,-991.25,35.0,-656.25,-315.0,1,94.275,
01/01/2000,01:42:11.72,13.79,-74.66,-991.25,43.75,-647.50,-323.75,1,94.276,
01/01/2000,01:42:11.73,13.79,-74.66,-991.37,157.50,-665.0,-385.0,1,94.276,
01/01/2000,01:42:11.74,13.66,-74.66,-991.49,218.75,-700.0,-358.75,1,94.277,
01/01/2000,01:42:11.75,13.66,-74.54,-991.49,157.50,-673.75,-332.50,1,94.278,
01/01/2000,01:42:11.76,13.66,-74.54,-991.49,218.75,-586.25,-297.50,1,94.278,
01/01/2000,01:42:11.77,13.79,-74.54,-991.37,105.0,-673.75,-297.50,1,94.279,
01/01/2000,01:42:11.78,13.66,-74.66,-991.37,262.50,-752.50,-385.0,1,94.269,
01/01/2000,01:42:11.79,13.54,-74.54,-991.25,227.50,-752.50,-402.50,1,94.269,
01/01/2000,01:42:11.80,13.66,-74.66,-991.37,218.75,-665.0,-306.25,1,94.270,
01/01/2000,01:42:11.81,13.79,-74.66,-991.25,43.75,-638.75,-323.75,1,94.271,
01/01/2000,01:42:11.82,13.66,-74.79,-991.13,157.50,-638.75,-367.50,1,94.271,
01/01/2000,01:42:11.84,13.79,-74.79,-991.13,96.25,-708.75,-227.50,1,94.272,
01/01/2000,01:42:11.85,13.91,-74.66,-991.13,105.0,-787.50,-367.50,1,94.273,
01/01/2000,01:42:11.86,13.91,-74.79,-991.13,87.50,-647.50,-306.25,1,94.273,
01/01/2000,01:42:11.87,13.91,-74.66,-991.25,218.75,-726.25,-376.25,1,94.274,
01/01/2000,01:42:11.88,13.91,-74.54,-991.13,201.25,-647.50,-341.25,1,94.275,
01/01/2000,01:42:11.89,13.79,-74.42,-991.01,166.25,-735.0,-297.50,1,94.275,
01/01/2000,01:42:11.90,13.66,-74.42,-991.01,140.0,-682.50,-306.25,1,94.276,
01/01/2000,01:42:11.91,13.54,-74.66,-991.13,227.50,-691.25,-288.75,1,94.277,
01/01/2000,01:42:11.92,13.66,-74.66,-991.25,140.0,-761.25,-376.25,1,94.277,
01/01/2000,01:42:11.93,13.79,-74.66,-991.25,148.75,-665.0,-332.50,1,94.278,
01/01/2000,01:42:11.94,13.66,-74.66,-991.37,157.50,-638.75,-367.50,1,94.279,
01/01/2000,01:42:11.95,13.66,-74.66,-991.37,140.0,-726.25,-306.25,1,94.279,
01/01/2000,01:42:11.96,13.66,-74.91,-991.37,218.75,-673.75,-280.0,1,94.280,
01/01/2000,01:42:11.97,13.79,-74.91,-991.25,96.25,-682.50,-367.50,1,94.281,
01/01/2000,01:42:11.99,13.66,-74.79,-991.13,157.50,-761.25,-358.75,1,94.270,
01/01/2000,01:42:12.00,13.66,-74.79,-991.13,297.50,-673.75,-341.25,1,94.260,
01/01/2000,01:42:12.01,13.66,-74.79,-991.25,288.75,-630.0,-297.50,1,94.261,
01/01/2000,01:42:12.02,13.79,-74.66,-991.37,192.50,-691.25,-245.0,1,94.261,
01/01/2000,01:42:12.03,13.91,-74.66,-991.37,78.75,-700.0,-446.25,1,94.262,
01/01/2000,01:42:12.04,13.91,-74.79,-991.25,166.25,-665.0,-358.75,1,94.263,
01/01/2000,01:42:12.05,13.66,-74.79,-991.25,253.75,-603.75,-280.0,1,94.263,
01/01/2000,01:42:12.06,13.54,-74.66,-991.25,17.50,-691.25,-367.50,1,94.264,
01/01/2000,01:42:12.07,13.66,-74.66,-991.37,253.75,-638.75,-315.0,1,94.265,
01/01/2000,01:42:12.08,13.66,-74.66,-991.49,157.50,-700.0,-367.50,1,94.265,
01/01/2000,01:42:12.09,13.54,-74.91,-991.37,140.0,-568.75,-262.50,1,94.266,
01/01/2000,01:42:12.10,13.54,-75.03,-991.13,43.75,-735.0,-385.0,1,94.267,
01/01/2000,01:42:12.11,13.66,-75.03,-991.25,245.0,-822.50,-271.25,1,94.267,
01/01/2000,01:42:12.13,13.66,-74.91,-991.13,43.75,-638.75,-385.0,1,94.268,
01/01/2000,01:42:12.14,13.54,-74.91,-991.25,140.0,-568.75,-402.50,1,94.269,
01/01/2000,01:42:12.15,13.54,-74.66,-991.25,131.25,-665.0,-437.50,1,94.269,
01/01/2000,01:42:12.16,13.66,-74.66,-991.13,166.25,-717.50,-376.25,1,94.270,
01/01/2000,01:42:12.17,13.66,-74.66,-991.01,192.50,-717.50,-367.50,1,94.271,
01/01/2000,01:42:12.18,13.66,-74.66,-990.88,122.50,-638.75,-411.25,1,94.271,
01/01/2000,01:42:12.19,13.66,-74.79,-990.88,175.0,-647.50,-306.25,1,94.272,
01/01/2000,01:42:12.20,13.54,-74.66,-990.88,192.50,-665.0,-358.75,1,94.273,
01/01/2000,01:42:12.21,13.54,-74.66,-990.88,280.0,-752.50,-341.25,1,94.273,
01/01/2000,01:42:12.22,13.66,-74.66,-990.88,253.75,-708.75,-245.0,1,94.274,
01/01/2000,01:42:12.23,13.42,-74.79,-990.76,43.75,-743.75,-358.75,1,94.275,
01/01/2000,01:42:12.24,13.54,-75.03,-990.76,262.50,-770.0,-262.50,1,94.275,
01/01/2000,01:42:12.25,13.42,-74.79,-990.88,70.0,-638.75,-288.75,1,94.276,
01/01/2000,01:42:12.26,13.18,-74.79,-991.01,323.75,-586.25,-332.50,1,94.266,
01/01/2000,01:42:12.27,13.30,-74.54,-991.13,105.0,-743.75,-315.0,1,94.266,
01/01/2000,01:42:12.28,13.54,-74.54,-991.25,140.0,-665.0,-393.75,1,94.267,
01/01/2000,01:42:12.29,13.66,-74.66,-991.25,262.50,-568.75,-350.0,1,94.268,
01/01/2000,01:42:12.30,13.54,-74.79,-991.25,166.25,-691.25,-350.0,1,94.268,
01/01/2000,01:42:12.31,13.42,-74.66,-991.25,192.50,-673.75,-358.75,1,94.269,
01/01/2000,01:42:12.32,13.54,-74.54,-991.25,201.25,-647.50,-280.0,1,94.270,
01/01/2000,01:42:12.34,13.54,-74.42,-991.13,245.0,-621.25,-376.25,1,94.270,
01/01/2000,01:42:12.35,13.42,-74.66,-991.37,297.50,-717.50,-341.25,1,94.271,
01/01/2000,01:42:12.36,13.66,-74.79,-991.37,166.25,-883.75,-402.50,1,94.272,
01/01/2000,01:42:12.37,13.66,-74.79,-991.37,192.50,-726.25,-315.0,1,94.272,
01/01/2000,01:42:12.38,13.54,-74.66,-991.37,297.50,-735.0,-332.50,1,94.273,
01/01/2000,01:42:12.39,13.54,-74.79,-991.13,166.25,-682.50,-402.50,1,94.274,
01/01/2000,01:42:12.40,13.42,-74.79,-991.37,306.25,-700.0,-288.75,1,94.274,
01/01/2000,01:42:12.41,13.42,-74.91,-991.25,78.75,-647.50,-376.25,1,94.275,
01/01/2000,01:42:12.42,13.54,-75.03,-991.25,26.25,-743.75,-350.0,1,94.276,
01/01/2000,01:42:12.43,13.66,-75.03,-991.13,78.75,-700.0,-367.50,1,94.276,
01/01/2000,01:42:12.44,13.66,-74.91,-990.88,192.50,-647.50,-358.75,1,94.277,
01/01/2000,01:42:12.45,13.79,-74.91,-990.76,166.25,-708.75,-323.75,1,94.267,
01/01/2000,01:42:12.46,13.66,-75.03,-990.76,157.50,-638.75,-358.75,1,94.278,
01/01/2000,01:42:12.48,13.54,-74.91,-991.13,183.75,-682.50,-472.50,1,94.268,
01/01/2000,01:42:12.49,13.66,-74.66,-991.13,122.50,-682.50,-332.50,1,94.269,
01/01/2000,01:42:12.50,13.66,-74.54,-990.88,183.75,-700.0,-271.25,1,94.270,
01/01/2000,01:42:12.51,13.42,-74.79,-990.88,87.50,-735.0,-306.25,1,94.270,
01/01/2000,01:42:12.52,13.42,-74.79,-991.01,192.50,-743.75,-315.0,1,94.271,
01/01/2000,01:42:12.53,13.66,-74.66,-991.37,122.50,-743.75,-385.0,1,94.271,
01/01/2000,01:42:12.54,13.66,-74.54,-991.37,140.0,-647.50,-332.50,1,94.272,
01/01/2000,01:42:12.55,13.54,-74.66,-991.25,236.25,-761.25,-350.0,1,94.262,
01/01/2000,01:42:12.56,13.54,-74.66,-991.13,87.50,-700.0,-253.75,1,94.263,
01/01/2000,01:42:12.57,13.66,-74.54,-991.13,245.0,-708.75,-262.50,1,94.263,
01/01/2000,01:42:12.58,13.79,-74.54,-991.13,157.50,-700.0,-341.25,1,94.264,
01/01/2000,01:42:12.59,13.79,-74.42,-991.25,148.75,-726.25,-341.25,1,94.265,
01/01/2000,01:42:12.60,13.66,-74.54,-991.13,113.75,-743.75,-350.0,1,94.265,
01/01/2000,01:42:12.61,13.54,-74.42,-991.13,122.50,-700.0,-315.0,1,94.266,
01/01/2000,01:42:12.62,13.66,-74.54,-991.37,35.0,-665.0,-367.50,1,94.267,
01/01/2000,01:42:12.63,13.79,-74.54,-991.49,280.0,-752.50,-315.0,1,94.267,
01/01/2000,01:42:12.64,13.91,-74.54,-991.37,402.50,-691.25,-376.25,1,94.268,
01/01/2000,01:42:12.65,13.66,-74.42,-991.25,87.50,-656.25,-280.0,1,94.269,
01/01/2000,01:42:12.66,13.66,-74.30,-991.13,78.75,-647.50,-315.0,1,94.269,
01/01/2000,01:42:12.67,13.91,-74.30,-991.37,157.50,-673.75,-411.25,1,94.270,
01/01/2000,01:42:12.69,13.91,-74.42,-991.37,70.0,-656.25,-227.50,1,94.271,
01/01/2000,01:42:12.70,13.91,-74.42,-991.25,218.75,-621.25,-323.75,1,94.271,
01/01/2000,01:42:12.71,13.79,-74.54,-990.76,271.25,-752.50,-280.0,1,94.272,
01/01/2000,01:42:12.72,13.66,-74.42,-990.88,245.0,-638.75,-341.25,1,94.273,
01/01/2000,01:42:12.73,13.79,-74.54,-991.25,131.25,-735.0,-393.75,1,94.273,
01/01/2000,01:42:12.74,13.79,-74.42,-991.37,52.50,-656.25,-332.50,1,94.274,
01/01/2000,01:42:12.75,13.79,-74.66,-991.37,227.50,-726.25,-446.25,1,94.274,
01/01/2000,01:42:12.76,13.66,-74.42,-991.13,166.25,-770.0,-420.0,1,94.275,
01/01/2000,01:42:12.77,13.79,-74.42,-991.13,385.0,-542.50,-420.0,1,94.276,
01/01/2000,01:42:12.78,13.91,-74.18,-991.25,157.50,-752.50,-367.50,1,94.276,
01/01/2000,01:42:12.79,13.91,-74.18,-991.13,175.0,-708.75,-297.50,1,94.277,
01/01/2000,01:42:12.80,13.79,-74.18,-991.01,175.0,-708.75,-402.50,1,94.278,
01/01/2000,01:42:12.81,13.66,-74.42,-990.76,175.0,-743.75,-376.25,1,94.278,
01/01/2000,01:42:12.82,13.79,-74.42,-990.76,157.50,-638.75,-428.75,1,94.268,
01/01/2000,01:42:12.83,13.66,-74.42,-990.88,201.25,-647.50,-376.25,1,94.269,
01/01/2000,01:42:12.84,13.66,-74.42,-991.01,148.75,-656.25,-402.50,1,94.270,
01/01/2000,01:42:12.85,13.79,-74.54,-991.01,236.25,-752.50,-358.75,1,94.270,
01/01/2000,01:42:12.86,13.91,-74.54,-991.01,175.0,-621.25,-420.0,1,94.271,
01/01/2000,01:42:12.87,13.66,-74.66,-991.13,183.75,-647.50,-350.0,1,94.272,
01/01/2000,01:42:12.88,13.66,-74.54,-991.25,166.25,-665.0,-358.75,1,94.272,
01/01/2000,01:42:12.90,13.54,-74.54,-991.37,148.75,-551.25,-245.0,1,94.273,
01/01/2000,01:42:12.91,13.66,-74.66,-991.37,183.75,-752.50,-341.25,1,94.274,
01/01/2000,01:42:12.92,13.66,-74.66,-991.13,245.0,-673.75,-315.0,1,94.274,
01/01/2000,01:42:12.93,13.79,-74.66,-991.01,148.75,-778.75,-411.25,1,94.275,
01/01/2000,01:42:12.94,13.91,-74.66,-991.01,122.50,-665.0,-332.50,1,94.276,
01/01/2000,01:42:12.95,13.91,-74.66,-991.01,-8.75,-647.50,-367.50,1,94.276,
01/01/2000,01:42:12.96,13.79,-74.66,-990.88,297.50,-752.50,-323.75,1,94.277,
01/01/2000,01:42:12.97,13.66,-74.66,-991.01,96.25,-770.0,-367.50,1,94.267,
01/01/2000,01:42:12.98,13.66,-74.42,-991.13,148.75,-691.25,-245.0,1,94.278,
01/01/2000,01:42:12.99,13.79,-74.54,-991.25,183.75,-638.75,-393.75,1,94.268,
01/01/2000,01:42:13.01,13.66,-74.54,-991.25,35.0,-708.75,-323.75,1,94.269,
01/01/2000,01:42:13.02,13.79,-74.66,-991.13,175.0,-743.75,-385.0,1,94.269,
01/01/2000,01:42:13.03,13.66,-74.54,-991.01,122.50,-778.75,-350.0,1,94.270,
01/01/2000,01:42:13.04,13.66,-74.54,-991.01,122.50,-682.50,-341.25,1,94.271,
01/01/2000,01:42:13.05,13.66,-74.54,-991.13,236.25,-595.0,-350.0,1,94.271,
01/01/2000,01:42:13.06,13.66,-74.66,-991.25,87.50,-647.50,-245.0,1,94.272,
01/01/2000,01:42:13.07,13.66,-74.79,-991.01,148.75,-691.25,-350.0,1,94.273,
01/01/2000,01:42:13.08,13.79,-74.66,-990.88,122.50,-682.50,-367.50,1,94.273,
01/01/2000,01:42:13.09,13.91,-74.66,-990.88,113.75,-700.0,-376.25,1,94.274,
01/01/2000,01:42:13.10,13.79,-74.66,-990.88,192.50,-673.75,-323.75,1,94.275,
01/01/2000,01:42:13.11,13.66,-74.66,-991.01,122.50,-603.75,-323.75,1,94.275,
01/01/2000,01:42:13.12,13.66,-74.66,-991.01,166.25,-656.25,-332.50,1,94.276,
01/01/2000,01:42:13.13,13.66,-74.66,-990.88,148.75,-743.75,-297.50,1,94.277,
01/01/2000,01:42:13.14,13.79,-74.66,-990.88,113.75,-726.25,-376.25,1,94.277,
01/01/2000,01:42:13.15,13.54,-74.66,-991.01,210.0,-787.50,-358.75,1,94.278,
01/01/2000,01:42:13.16,13.66,-74.66,-991.01,341.25,-673.75,-262.50,1,94.278,
01/01/2000,01:42:13.17,13.79,-74.54,-991.13,183.75,-673.75,-358.75,1,94.279,
01/01/2000,01:42:13.18,13.79,-74.54,-991.13,78.75,-656.25,-420.0,1,94.269,
01/01/2000,01:42:13.19,13.66,-74.54,-991.13,157.50,-630.0,-332.50,1,94.270,
01/01/2000,01:42:13.20,13.54,-74.54,-991.13,157.50,-735.0,-210.0,1,94.270,
01/01/2000,01:42:13.21,13.66,-74.66,-991.25,131.25,-682.50,-420.0,1,94.271,
01/01/2000,01:42:13.22,13.54,-74.66,-991.25,245.0,-761.25,-323.75,1,94.272,
01/01/2000,01:42:13.23,13.42,-74.66,-991.25,122.50,-612.50,-288.75,1,94.272,
01/01/2000,01:42:13.25,13.54,-74.54,-991.25,315.0,-682.50,-341.25,1,94.273,
01/01/2000,01:42:13.26,13.54,-74.42,-991.37,113.75,-647.50,-175.0,1,94.274,
01/01/2000,01:42:13.27,13.66,-74.54,-991.37,210.0,-726.25,-262.50,1,94.274,
01/01/2000,01:42:13.28,13.54,-74.66,-991.62,122.50,-787.50,-463.75,1,94.275,
01/01/2000,01:42:13.29,13.66,-74.66,-991.62,280.0,-717.50,-393.75,1,94.276,
01/01/2000,01:42:13.30,13.66,-74.54,-991.62,201.25,-682.50,-332.50,1,94.276,
01/01/2000,01:42:13.31,13.66,-74.54,-991.62,175.0,-708.75,-323.75,1,94.277,
01/01/2000,01:42:13.32,13.66,-74.66,-991.37,218.75,-708.75,-315.0,1,94.267,
01/01/2000,01:42:13.33,13.66,-74.79,-991.37,26.25,-787.50,-297.50,1,94.267,
01/01/2000,01:42:13.34,13.66,-74.79,-991.37,105.0,-761.25,-463.75,1,94.268,
01/01/2000,01:42:13.35,13.91,-74.79,-991.37,183.75,-630.0,-376.25,1,94.269,
01/01/2000,01:42:13.36,13.79,-74.66,-991.37,183.75,-673.75,-297.50,1,94.269,
01/01/2000,01:42:13.37,13.66,-74.66,-991.37,96.25,-726.25,-306.25,1,94.270,
01/01/2000,01:42:13.39,13.54,-74.66,-991.49,52.50,-673.75,-341.25,1,94.271,
01/01/2000,01:42:13.40,13.66,-74.66,-991.49,140.0,-708.75,-332.50,1,94.271,
01/01/2000,01:42:13.41,13.79,-74.79,-991.37,288.75,-665.0,-367.50,1,94.272,
01/01/2000,01:42:13.42,13.66,-74.79,-991.37,140.0,-752.50,-271.25,1,94.273,
01/01/2000,01:42:13.43,13.54,-74.91,-991.37,210.0,-691.25,-428.75,1,94.273,
01/01/2000,01:42:13.44,13.66,-74.66,-991.62,201.25,-568.75,-280.0,1,94.274,
01/01/2000,01:42:13.45,13.79,-74.54,-991.37,140.0,-717.50,-420.0,1,94.275,
01/01/2000,01:42:13.46,13.79,-74.54,-991.25,61.25,-638.75,-323.75,1,94.275,
01/01/2000,01:42:13.47,13.66,-74.66,-991.25,183.75,-673.75,-341.25,1,94.276,
01/01/2000,01:42:13.48,13.66,-74.79,-991.37,201.25,-700.0,-411.25,1,94.277,
01/01/2000,01:42:13.49,13.66,-74.79,-991.37,192.50,-752.50,-420.0,1,94.277,
01/01/2000,01:42:13.50,13.66,-74.66,-991.37,166.25,-647.50,-420.0,1,94.278,
01/01/2000,01:42:13.51,13.66,-74.66,-991.25,148.75,-586.25,-315.0,1,94.268,
01/01/2000,01:42:13.53,13.66,-74.66,-991.13,227.50,-813.75,-428.75,1,94.268,
01/01/2000,01:42:13.54,13.66,-74.79,-991.25,113.75,-630.0,-402.50,1,94.269,
01/01/2000,01:42:13.55,13.66,-74.91,-991.37,166.25,-673.75,-411.25,1,94.270,
01/01/2000,01:42:13.56,13.79,-74.66,-991.37,70.0,-630.0,-288.75,1,94.270,
01/01/2000,01:42:13.57,13.91,-74.54,-991.25,245.0,-708.75,-358.75,1,94.271,
01/01/2000,01:42:13.58,13.79,-74.66,-991.13,78.75,-708.75,-245.0,1,94.272,
01/01/2000,01:42:13.59,13.79,-74.79,-991.13,297.50,-717.50,-350.0,1,94.272,
01/01/2000,01:42:13.60,13.66,-74.91,-991.37,43.75,-577.50,-297.50,1,94.273,
01/01/2000,01:42:13.61,13.79,-74.79,-991.37,166.25,-673.75,-455.0,1,94.274,
01/01/2000,01:42:13.62,13.91,-74.66,-991.25,192.50,-708.75,-236.25,1,94.274,
01/01/2000,01:42:13.63,13.91,-74.66,-991.13,236.25,-638.75,-393.75,1,94.275,
01/01/2000,01:42:13.64,13.66,-74.91,-991.01,122.50,-717.50,-332.50,1,94.276,
01/01/2000,01:42:13.65,13.66,-74.91,-991.37,201.25,-647.50,-437.50,1,94.276,
01/01/2000,01:42:13.66,13.66,-74.91,-991.37,96.25,-831.25,-437.50,1,94.277,
01/01/2000,01:42:13.67,13.66,-74.91,-991.25,140.0,-665.0,-376.25,1,94.278,
01/01/2000,01:42:13.68,13.66,-74.91,-990.88,227.50,-612.50,-350.0,1,94.278,
01/01/2000,01:42:13.69,13.42,-74.91,-990.88,183.75,-656.25,-367.50,1,94.279,
01/01/2000,01:42:13.70,13.54,-75.03,-991.13,122.50,-682.50,-341.25,1,94.280,
01/01/2000,01:42:13.71,13.66,-75.03,-991.37,306.25,-700.0,-323.75,1,94.280,
01/01/2000,01:42:13.72,13.66,-74.91,-991.49,140.0,-630.0,-332.50,1,94.281,
01/01/2000,01:42:13.73,13.79,-74.91,-991.13,210.0,-840.0,-262.50,1,94.281,
01/01/2000,01:42:13.74,13.66,-74.91,-991.01,332.50,-665.0,-332.50,1,94.271,
01/01/2000,01:42:13.75,13.54,-75.03,-991.13,183.75,-665.0,-358.75,1,94.272,
01/01/2000,01:42:13.76,13.66,-74.91,-991.37,166.25,-770.0,-376.25,1,94.273,
01/01/2000,01:42:13.77,13.66,-74.91,-991.37,78.75,-647.50,-428.75,1,94.273,
01/01/2000,01:42:13.78,13.54,-74.91,-991.01,183.75,-743.75,-428.75,1,94.274,
01/01/2000,01:42:13.79,13.54,-74.66,-990.76,78.75,-665.0,-288.75,1,94.275,
01/01/2000,01:42:13.81,13.66,-74.79,-991.13,96.25,-647.50,-271.25,1,94.275,
01/01/2000,01:42:13.82,13.79,-74.91,-991.37,218.75,-761.25,-402.50,1,94.276,
01/01/2000,01:42:13.83,13.66,-74.91,-991.37,87.50,-673.75,-385.0,1,94.277,
01/01/2000,01:42:13.84,13.66,-74.91,-991.25,323.75,-673.75,-341.25,1,94.277,
01/01/2000,01:42:13.85,13.66,-74.66,-991.13,122.50,-796.25,-490.0,1,94.278,
01/01/2000,01:42:13.86,13.79,-74.66,-991.37,105.0,-805.0,-288.75,1,94.279,
01/01/2000,01:42:13.87,13.91,-74.66,-991.37,175.0,-647.50,-367.50,1,94.279,
01/01/2000,01:42:13.88,13.91,-75.03,-991.37,87.50,-778.75,-411.25,1,94.269,
01/01/2000,01:42:13.89,13.91,-74.91,-991.37,131.25,-848.75,-367.50,1,94.270,
01/01/2000,01:42:13.90,13.91,-74.79,-991.37,183.75,-603.75,-306.25,1,94.270,
01/01/2000,01:42:13.91,13.79,-74.42,-991.37,140.0,-700.0,-306.25,1,94.271,
01/01/2000,01:42:13.92,13.66,-74.79,-991.62,166.25,-708.75,-437.50,1,94.272,
01/01/2000,01:42:13.93,13.79,-75.03,-991.49,271.25,-647.50,-358.75,1,94.272,
01/01/2000,01:42:13.94,13.91,-75.03,-991.37,253.75,-560.0,-358.75,1,94.273,
01/01/2000,01:42:13.96,13.91,-74.91,-991.13,166.25,-638.75,-288.75,1,94.274,
01/01/2000,01:42:13.97,13.91,-74.66,-991.13,96.25,-726.25,-236.25,1,94.274,
01/01/2000,01:42:13.98,13.91,-74.66,-991.25,140.0,-682.50,-350.0,1,94.275,
01/01/2000,01:42:13.99,13.91,-74.79,-991.25,157.50,-752.50,-358.75,1,94.276,
01/01/2000,01:42:14.00,13.79,-74.91,-991.37,210.0,-726.25,-428.75,1,94.276,
01/01/2000,01:42:14.01,13.91,-74.91,-991.25,131.25,-770.0,-472.50,1,94.277,
01/01/2000,01:42:14.02,14.03,-74.66,-991.13,52.50,-752.50,-385.0,1,94.267,
01/01/2000,01:42:14.04,13.91,-74.79,-991.13,131.25,-700.0,-332.50,1,94.268,
01/01/2000,01:42:14.05,13.79,-74.91,-991.13,192.50,-586.25,-350.0,1,94.268,
01/01/2000,01:42:14.06,13.91,-74.91,-991.13,236.25,-691.25,-297.50,1,94.269,
01/01/2000,01:42:14.07,13.91,-74.66,-991.13,148.75,-665.0,-245.0,1,94.269,
01/01/2000,01:42:14.08,13.91,-74.54,-991.13,210.0,-813.75,-323.75,1,94.270,
01/01/2000,01:42:14.09,13.79,-74.66,-991.01,87.50,-638.75,-253.75,1,94.271,
01/01/2000,01:42:14.10,13.91,-74.79,-991.13,192.50,-743.75,-402.50,1,94.271,
01/01/2000,01:42:14.11,13.91,-74.79,-991.37,245.0,-656.25,-297.50,1,94.272,
01/01/2000,01:42:14.12,13.91,-74.79,-991.49,192.50,-700.0,-420.0,1,94.273,
01/01/2000,01:42:14.13,13.79,-74.66,-991.49,0.0,-700.0,-262.50,1,94.273,
01/01/2000,01:42:14.14,13.91,-74.66,-991.37,288.75,-595.0,-376.25,1,94.274,
01/01/2000,01:42:14.15,13.79,-74.66,-991.25,157.50,-708.75,-332.50,1,94.275,
01/01/2000,01:42:14.16,13.66,-74.79,-991.37,210.0,-682.50,-332.50,1,94.275,
01/01/2000,01:42:14.17,13.79,-74.91,-991.62,131.25,-638.75,-280.0,1,94.276,
01/01/2000,01:42:14.18,13.66,-74.91,-991.49,70.0,-603.75,-253.75,1,94.277,
01/01/2000,01:42:14.19,13.66,-74.79,-991.37,113.75,-761.25,-323.75,1,94.277,
01/01/2000,01:42:14.20,13.42,-74.91,-991.37,166.25,-665.0,-236.25,1,94.278,
01/01/2000,01:42:14.21,13.42,-74.91,-991.37,122.50,-665.0,-420.0,1,94.279,
01/01/2000,01:42:14.22,13.42,-74.91,-991.37,183.75,-761.25,-393.75,1,94.279,
01/01/2000,01:42:14.23,13.54,-74.91,-991.25,192.50,-647.50,-297.50,1,94.269,
01/01/2000,01:42:14.24,13.42,-74.91,-991.13,131.25,-752.50,-402.50,1,94.270,
01/01/2000,01:42:14.25,13.30,-74.91,-991.13,210.0,-717.50,-393.75,1,94.270,
01/01/2000,01:42:14.26,13.42,-74.79,-991.25,175.0,-673.75,-463.75,1,94.271,
01/01/2000,01:42:14.27,13.54,-74.91,-991.37,280.0,-682.50,-297.50,1,94.272,
01/01/2000,01:42:14.28,13.42,-74.79,-991.13,96.25,-752.50,-288.75,1,94.272,
01/01/2000,01:42:14.29,13.42,-75.03,-991.13,183.75,-700.0,-437.50,1,94.273,
01/01/2000,01:42:14.31,13.42,-74.91,-991.25,148.75,-805.0,-428.75,1,94.274,
01/01/2000,01:42:14.32,13.42,-75.03,-991.37,236.25,-691.25,-341.25,1,94.274,
01/01/2000,01:42:14.33,13.42,-74.79,-991.62,131.25,-726.25,-420.0,1,94.275,
01/01/2000,01:42:14.34,13.42,-74.79,-991.62,157.50,-630.0,-315.0,1,94.276,
01/01/2000,01:42:14.35,13.42,-74.79,-991.25,236.25,-665.0,-315.0,1,94.276,
01/01/2000,01:42:14.36,13.42,-74.91,-991.13,183.75,-735.0,-315.0,1,94.277,
01/01/2000,01:42:14.37,13.66,-74.79,-991.37,96.25,-595.0,-297.50,1,94.278,
01/01/2000,01:42:14.38,13.66,-74.91,-991.25,280.0,-691.25,-350.0,1,94.278,
01/01/2000,01:42:14.39,13.66,-74.79,-991.13,96.25,-647.50,-350.0,1,94.279,
01/01/2000,01:42:14.40,13.54,-74.91,-991.13,105.0,-665.0,-306.25,1,94.280,
01/01/2000,01:42:14.41,13.42,-74.79,-991.25,175.0,-708.75,-385.0,1,94.280,
01/01/2000,01:42:14.42,13.66,-74.66,-991.37,280.0,-770.0,-402.50,1,94.281,
01/01/2000,01:42:14.43,13.66,-74.66,-991.25,148.75,-551.25,-385.0,1,94.282,
01/01/2000,01:42:14.44,13.66,-75.03,-991.13,140.0,-778.75,-323.75,1,94.271,
01/01/2000,01:42:14.45,13.54,-75.03,-991.13,157.50,-647.50,-481.25,1,94.272,
01/01/2000,01:42:14.46,13.66,-75.03,-991.13,157.50,-752.50,-402.50,1,94.273,
01/01/2000,01:42:14.48,13.79,-74.91,-991.25,183.75,-735.0,-358.75,1,94.273,
01/01/2000,01:42:14.48,13.79,-74.91,-991.13,218.75,-761.25,-446.25,1,94.274,
01/01/2000,01:42:14.50,13.66,-75.03,-991.13,96.25,-717.50,-306.25,1,94.275,
01/01/2000,01:42:14.51,13.54,-74.91,-991.13,218.75,-665.0,-358.75,1,94.275,
01/01/2000,01:42:14.52,13.66,-74.91,-991.25,227.50,-638.75,-341.25,1,94.276,
01/01/2000,01:42:14.53,13.79,-74.79,-991.13,280.0,-726.25,-315.0,1,94.266,
01/01/2000,01:42:14.54,13.79,-74.91,-991.13,253.75,-708.75,-376.25,1,94.267,
01/01/2000,01:42:14.55,13.66,-74.91,-991.13,8.75,-595.0,-315.0,1,94.267,
01/01/2000,01:42:14.56,13.79,-74.91,-991.13,218.75,-770.0,-315.0,1,94.268,
01/01/2000,01:42:14.57,13.91,-74.91,-991.13,52.50,-752.50,-428.75,1,94.269,
01/01/2000,01:42:14.58,14.03,-74.91,-991.13,166.25,-568.75,-262.50,1,94.269,
01/01/2000,01:42:14.60,13.79,-75.03,-991.01,157.50,-743.75,-420.0,1,94.270,
01/01/2000,01:42:14.61,13.79,-74.91,-991.13,201.25,-621.25,-411.25,1,94.271,
01/01/2000,01:42:14.62,13.91,-74.91,-991.49,218.75,-577.50,-367.50,1,94.271,
01/01/2000,01:42:14.63,13.91,-74.79,-991.49,0.0,-638.75,-306.25,1,94.272,
01/01/2000,01:42:14.64,13.66,-74.79,-991.37,297.50,-708.75,-358.75,1,94.272,
01/01/2000,01:42:14.65,13.66,-74.79,-991.25,87.50,-630.0,-315.0,1,94.273,
01/01/2000,01:42:14.66,13.66,-74.91,-991.13,218.75,-630.0,-367.50,1,94.274,
01/01/2000,01:42:14.67,13.79,-74.91,-991.13,271.25,-682.50,-420.0,1,94.274,
01/01/2000,01:42:14.68,13.66,-74.91,-991.25,192.50,-770.0,-376.25,1,94.275,
01/01/2000,01:42:14.69,13.66,-74.79,-991.13,105.0,-656.25,-358.75,1,94.276,
01/01/2000,01:42:14.70,13.66,-74.66,-991.01,122.50,-700.0,-315.0,1,94.276,
01/01/2000,01:42:14.71,13.66,-74.66,-990.88,183.75,-717.50,-297.50,1,94.277,
01/01/2000,01:42:14.72,13.66,-74.79,-991.13,148.75,-708.75,-350.0,1,94.278,
01/01/2000,01:42:14.73,13.91,-74.91,-991.13,245.0,-665.0,-393.75,1,94.278,
01/01/2000,01:42:14.74,13.91,-74.91,-991.25,140.0,-761.25,-271.25,1,94.279,
01/01/2000,01:42:14.75,13.79,-74.66,-991.25,192.50,-665.0,-271.25,1,94.280,
01/01/2000,01:42:14.76,13.91,-74.54,-991.13,87.50,-682.50,-393.75,1,94.280,
01/01/2000,01:42:14.77,13.79,-74.66,-991.25,87.50,-673.75,-332.50,1,94.281,
01/01/2000,01:42:14.78,13.91,-74.79,-991.25,157.50,-743.75,-428.75,1,94.282,
01/01/2000,01:42:14.79,13.79,-74.79,-991.13,35.0,-621.25,-323.75,1,94.272,
01/01/2000,01:42:14.80,13.66,-74.79,-991.13,61.25,-621.25,-288.75,1,94.272,
01/01/2000,01:42:14.81,13.66,-74.66,-991.01,148.75,-691.25,-341.25,1,94.273,
01/01/2000,01:42:14.82,13.79,-74.66,-991.13,148.75,-708.75,-332.50,1,94.273,
01/01/2000,01:42:14.83,13.66,-74.79,-991.25,148.75,-682.50,-341.25,1,94.274,
01/01/2000,01:42:14.84,13.66,-74.91,-991.13,87.50,-647.50,-367.50,1,94.275,
01/01/2000,01:42:14.85,13.66,-75.15,-991.13,140.0,-743.75,-455.0,1,94.275,
01/01/2000,01:42:14.87,13.66,-75.03,-991.13,341.25,-700.0,-402.50,1,94.276,
01/01/2000,01:42:14.88,13.91,-74.91,-991.01,218.75,-700.0,-437.50,1,94.277,
01/01/2000,01:42:14.89,13.66,-74.91,-990.88,157.50,-682.50,-306.25,1,94.277,
01/01/2000,01:42:14.90,13.42,-75.15,-990.88,148.75,-630.0,-428.75,1,94.278,
01/01/2000,01:42:14.91,13.66,-75.15,-990.88,175.0,-700.0,-437.50,1,94.279,
01/01/2000,01:42:14.92,13.66,-74.91,-990.88,131.25,-560.0,-376.25,1,94.279,
01/01/2000,01:42:14.93,13.91,-74.91,-990.88,122.50,-717.50,-376.25,1,94.280,
01/01/2000,01:42:14.94,13.91,-74.91,-991.01,113.75,-700.0,-288.75,1,94.281,
01/01/2000,01:42:14.95,13.91,-75.03,-991.37,96.25,-717.50,-402.50,1,94.281,
01/01/2000,01:42:14.96,13.91,-74.91,-991.37,210.0,-638.75,-393.75,1,94.282,
01/01/2000,01:42:14.97,13.79,-74.91,-991.49,288.75,-638.75,-297.50,1,94.283,
01/01/2000,01:42:14.98,13.79,-74.79,-991.25,113.75,-743.75,-358.75,1,94.283,
01/01/2000,01:42:14.99,13.79,-74.79,-991.13,140.0,-691.25,-280.0,1,94.284,
01/01/2000,01:42:15.00,13.66,-74.91,-991.25,192.50,-577.50,-393.75,1,94.274,
01/01/2000,01:42:15.01,13.79,-74.91,-991.37,78.75,-770.0,-323.75,1,94.274,
01/01/2000,01:42:15.02,13.79,-74.91,-991.37,105.0,-708.75,-332.50,1,94.275,
01/01/2000,01:42:15.03,13.66,-74.79,-991.25,218.75,-708.75,-297.50,1,94.276,
01/01/2000,01:42:15.05,13.66,-74.66,-991.13,183.75,-708.75,-332.50,1,94.276,
01/01/2000,01:42:15.06,13.66,-74.91,-991.37,253.75,-700.0,-341.25,1,94.277,
01/01/2000,01:42:15.07,13.79,-74.79,-991.37,105.0,-621.25,-341.25,1,94.278,
01/01/2000,01:42:15.08,13.79,-74.91,-991.13,157.50,-691.25,-253.75,1,94.278,
01/01/2000,01:42:15.09,13.79,-74.66,-990.88,78.75,-778.75,-420.0,1,94.279,
01/01/2000,01:42:15.10,13.79,-74.79,-990.88,52.50,-770.0,-402.50,1,94.280,
01/01/2000,01:42:15.11,13.79,-74.79,-991.01,227.50,-700.0,-376.25,1,94.280,
01/01/2000,01:42:15.12,13.91,-74.79,-991.13,140.0,-673.75,-376.25,1,94.281,
01/01/2000,01:42:15.13,14.03,-74.79,-991.01,166.25,-665.0,-376.25,1,94.271,
01/01/2000,01:42:15.14,13.91,-74.91,-990.88,78.75,-796.25,-332.50,1,94.272,
01/01/2000,01:42:15.15,13.91,-74.79,-990.76,122.50,-831.25,-367.50,1,94.272,
01/01/2000,01:42:15.16,13.79,-74.66,-990.76,113.75,-673.75,-411.25,1,94.273,
01/01/2000,01:42:15.17,13.91,-74.79,-991.13,183.75,-726.25,-350.0,1,94.274,
01/01/2000,01:42:15.18,13.79,-74.91,-991.13,166.25,-691.25,-323.75,1,94.274,
01/01/2000,01:42:15.19,13.66,-74.91,-990.88,113.75,-735.0,-437.50,1,94.275,
01/01/2000,01:42:15.20,13.79,-74.91,-990.76,140.0,-700.0,-498.75,1,94.275,
01/01/2000,01:42:15.22,13.79,-74.66,-990.76,122.50,-743.75,-420.0,1,94.276,
01/01/2000,01:42:15.23,13.91,-74.66,-991.13,236.25,-717.50,-253.75,1,94.277,
01/01/2000,01:42:15.24,13.66,-74.66,-991.25,201.25,-621.25,-306.25,1,94.277,
01/01/2000,01:42:15.25,13.66,-74.79,-991.13,227.50,-682.50,-437.50,1,94.278,
01/01/2000,01:42:15.26,13.66,-74.66,-991.01,131.25,-726.25,-306.25,1,94.279,
01/01/2000,01:42:15.27,13.91,-74.54,-991.01,227.50,-700.0,-332.50,1,94.279,
01/01/2000,01:42:15.28,13.91,-74.42,-991.13,78.75,-673.75,-227.50,1,94.280,
01/01/2000,01:42:15.29,13.66,-74.66,-991.13,166.25,-682.50,-411.25,1,94.270,
01/01/2000,01:42:15.30,13.66,-74.79,-991.25,87.50,-708.75,-376.25,1,94.271,
01/01/2000,01:42:15.31,13.79,-74.66,-991.37,262.50,-647.50,-332.50,1,94.271,
01/01/2000,01:42:15.32,13.79,-74.66,-991.37,131.25,-700.0,-358.75,1,94.272,
01/01/2000,01:42:15.33,13.79,-74.66,-991.37,218.75,-743.75,-367.50,1,94.273,
01/01/2000,01:42:15.34,13.66,-74.79,-991.37,166.25,-778.75,-341.25,1,94.273,
01/01/2000,01:42:15.36,13.91,-74.79,-991.25,122.50,-717.50,-341.25,1,94.274,
01/01/2000,01:42:15.37,13.91,-74.66,-991.13,105.0,-603.75,-402.50,1,94.275,
01/01/2000,01:42:15.38,13.91,-74.66,-991.25,210.0,-682.50,-358.75,1,94.275,
01/01/2000,01:42:15.39,13.79,-74.79,-991.13,166.25,-682.50,-350.0,1,94.276,
01/01/2000,01:42:15.40,13.66,-74.91,-991.13,140.0,-621.25,-341.25,1,94.276,
01/01/2000,01:42:15.41,13.79,-74.79,-991.13,271.25,-752.50,-411.25,1,94.277,
01/01/2000,01:42:15.42,13.91,-74.66,-991.13,148.75,-665.0,-297.50,1,94.278,
01/01/2000,01:42:15.43,13.91,-74.66,-991.13,183.75,-647.50,-253.75,1,94.268,
01/01/2000,01:42:15.44,13.79,-74.79,-991.01,157.50,-595.0,-350.0,1,94.268,
01/01/2000,01:42:15.45,13.66,-74.66,-991.01,183.75,-787.50,-507.50,1,94.269,
01/01/2000,01:42:15.46,13.66,-74.66,-991.13,236.25,-726.25,-367.50,1,94.270,
01/01/2000,01:42:15.47,13.91,-74.66,-991.13,192.50,-717.50,-385.0,1,94.270,
01/01/2000,01:42:15.48,13.79,-74.54,-990.88,87.50,-708.75,-227.50,1,94.271,
01/01/2000,01:42:15.49,13.79,-74.66,-990.88,236.25,-665.0,-358.75,1,94.272,
01/01/2000,01:42:15.51,13.66,-74.79,-991.13,-8.75,-805.0,-446.25,1,94.272,
01/01/2000,01:42:15.52,13.66,-74.91,-991.13,192.50,-560.0,-341.25,1,94.273,
01/01/2000,01:42:15.53,13.91,-74.79,-991.13,218.75,-708.75,-437.50,1,94.274,
01/01/2000,01:42:15.54,13.91,-74.79,-990.88,87.50,-577.50,-393.75,1,94.274,
01/01/2000,01:42:15.55,13.91,-74.66,-990.88,148.75,-472.50,-280.0,1,94.275,
01/01/2000,01:42:15.56,14.15,-74.79,-990.88,113.75,-735.0,-341.25,1,94.275,
01/01/2000,01:42:15.57,14.15,-74.91,-991.13,157.50,-630.0,-420.0,1,94.266,
01/01/2000,01:42:15.58,14.03,-74.79,-991.37,140.0,-735.0,-323.75,1,94.266,
01/01/2000,01:42:15.59,14.03,-74.79,-991.13,87.50,-656.25,-420.0,1,94.267,
01/01/2000,01:42:15.60,13.91,-74.66,-991.01,131.25,-778.75,-367.50,1,94.268,
01/01/2000,01:42:15.61,14.03,-74.54,-991.13,271.25,-743.75,-157.50,1,94.268,
01/01/2000,01:42:15.62,13.91,-74.66,-991.13,183.75,-831.25,-253.75,1,94.269,
01/01/2000,01:42:15.63,13.91,-74.91,-991.13,183.75,-682.50,-367.50,1,94.269,
01/01/2000,01:42:15.64,13.79,-75.03,-991.13,61.25,-638.75,-402.50,1,94.270,
01/01/2000,01:42:15.65,13.91,-74.91,-991.13,87.50,-673.75,-306.25,1,94.271,
01/01/2000,01:42:15.67,13.79,-74.79,-991.13,157.50,-665.0,-306.25,1,94.271,
01/01/2000,01:42:15.67,13.66,-74.91,-991.13,280.0,-656.25,-332.50,1,94.272,
01/01/2000,01:42:15.69,13.66,-74.91,-991.13,218.75,-735.0,-350.0,1,94.273,
01/01/2000,01:42:15.70,13.54,-75.15,-991.13,306.25,-778.75,-332.50,1,94.273,
01/01/2000,01:42:15.71,13.54,-74.91,-991.01,140.0,-630.0,-376.25,1,94.274,
01/01/2000,01:42:15.72,13.79,-74.79,-990.88,131.25,-700.0,-271.25,1,94.275,
01/01/2000,01:42:15.73,13.66,-74.66,-991.13,122.50,-743.75,-236.25,1,94.275,
01/01/2000,01:42:15.74,13.79,-74.79,-991.13,96.25,-533.75,-350.0,1,94.276,
01/01/2000,01:42:15.75,13.66,-74.79,-991.13,192.50,-630.0,-385.0,1,94.276,
01/01/2000,01:42:15.76,13.91,-74.54,-991.13,210.0,-638.75,-323.75,1,94.277,
01/01/2000,01:42:15.77,13.91,-74.54,-991.13,148.75,-708.75,-341.25,1,94.278,
01/01/2000,01:42:15.78,13.91,-74.42,-991.01,175.0,-726.25,-315.0,1,94.268,
01/01/2000,01:42:15.79,13.66,-74.66,-991.13,227.50,-735.0,-367.50,1,94.269,
01/01/2000,01:42:15.80,13.66,-74.54,-991.25,157.50,-717.50,-315.0,1,94.269,
01/01/2000,01:42:15.81,13.66,-74.66,-991.37,96.25,-726.25,-411.25,1,94.270,
01/01/2000,01:42:15.82,13.66,-74.54,-991.13,96.25,-621.25,-262.50,1,94.270,
01/01/2000,01:42:15.83,13.66,-74.66,-990.88,210.0,-752.50,-358.75,1,94.271,
01/01/2000,01:42:15.84,13.66,-74.91,-991.01,166.25,-717.50,-315.0,1,94.272,
01/01/2000,01:42:15.86,13.66,-74.79,-991.13,183.75,-630.0,-341.25,1,94.272,
01/01/2000,01:42:15.87,13.91,-74.79,-991.13,17.50,-647.50,-367.50,1,94.273,
01/01/2000,01:42:15.88,13.91,-74.66,-991.13,210.0,-665.0,-350.0,1,94.274,
01/01/2000,01:42:15.89,13.66,-74.66,-991.01,113.75,-717.50,-297.50,1,94.274,
01/01/2000,01:42:15.90,13.79,-74.91,-991.13,157.50,-647.50,-376.25,1,94.275,
01/01/2000,01:42:15.91,13.91,-74.91,-991.25,78.75,-656.25,-498.75,1,94.276,
01/01/2000,01:42:15.92,13.79,-74.66,-991.25,236.25,-656.25,-306.25,1,94.276,
01/01/2000,01:42:15.93,13.79,-74.66,-991.13,105.0,-761.25,-306.25,1,94.277,
01/01/2000,01:42:15.94,13.79,-74.66,-991.13,280.0,-787.50,-201.25,1,94.277,
01/01/2000,01:42:15.95,13.66,-74.91,-991.13,96.25,-612.50,-306.25,1,94.278,
01/01/2000,01:42:15.96,13.66,-75.03,-991.01,140.0,-787.50,-376.25,1,94.279,
01/01/2000,01:42:15.97,13.66,-75.15,-991.13,227.50,-630.0,-393.75,1,94.279,
01/01/2000,01:42:15.98,13.79,-75.03,-991.13,122.50,-735.0,-376.25,1,94.280,
01/01/2000,01:42:15.99,13.79,-74.79,-991.37,26.25,-630.0,-262.50,1,94.270,
01/01/2000,01:42:16.00,13.79,-74.79,-991.13,157.50,-682.50,-201.25,1,94.271,
01/01/2000,01:42:16.01,13.66,-75.03,-990.88,210.0,-656.25,-245.0,1,94.271,
01/01/2000,01:42:16.02,13.66,-75.15,-991.01,175.0,-708.75,-472.50,1,94.272,
01/01/2000,01:42:16.04,13.91,-75.03,-991.01,113.75,-542.50,-332.50,1,94.273,
01/01/2000,01:42:16.04,14.03,-74.66,-991.13,262.50,-726.25,-297.50,1,94.273,
01/01/2000,01:42:16.06,13.91,-74.66,-991.25,96.25,-673.75,-367.50,1,94.274,
01/01/2000,01:42:16.07,13.79,-74.91,-991.25,166.25,-691.25,-332.50,1,94.264,
01/01/2000,01:42:16.08,13.91,-74.91,-991.01,227.50,-673.75,-411.25,1,94.265,
01/01/2000,01:42:16.09,13.91,-74.79,-991.01,157.50,-586.25,-262.50,1,94.265,
01/01/2000,01:42:16.10,14.03,-74.66,-990.88,192.50,-551.25,-306.25,1,94.266,
01/01/2000,01:42:16.11,13.91,-74.66,-991.01,306.25,-831.25,-376.25,1,94.267,
01/01/2000,01:42:16.12,13.91,-74.79,-991.25,35.0,-673.75,-402.50,1,94.267,
01/01/2000,01:42:16.13,13.91,-74.66,-991.37,157.50,-647.50,-393.75,1,94.268,
01/01/2000,01:42:16.15,14.03,-74.66,-991.37,148.75,-586.25,-262.50,1,94.269,
01/01/2000,01:42:16.16,14.15,-74.66,-991.13,87.50,-700.0,-341.25,1,94.269,
01/01/2000,01:42:16.17,14.03,-74.79,-991.13,157.50,-813.75,-315.0,1,94.270,
01/01/2000,01:42:16.18,13.91,-74.91,-991.25,113.75,-735.0,-341.25,1,94.270,
01/01/2000,01:42:16.19,13.91,-74.79,-991.37,210.0,-735.0,-341.25,1,94.271,
01/01/2000,01:42:16.20,13.91,-74.54,-991.62,122.50,-682.50,-323.75,1,94.272,
01/01/2000,01:42:16.21,13.91,-74.54,-991.37,78.75,-647.50,-341.25,1,94.272,
01/01/2000,01:42:16.22,13.91,-74.79,-991.13,96.25,-752.50,-262.50,1,94.273,
01/01/2000,01:42:16.23,13.66,-75.03,-991.13,148.75,-761.25,-367.50,1,94.274,
01/01/2000,01:42:16.24,13.66,-75.03,-991.25,140.0,-682.50,-455.0,1,94.274,
01/01/2000,01:42:16.25,13.79,-75.03,-991.62,262.50,-665.0,-358.75,1,94.275,
01/01/2000,01:42:16.26,13.91,-74.91,-991.62,192.50,-638.75,-332.50,1,94.276,
01/01/2000,01:42:16.27,13.66,-74.91,-991.49,210.0,-787.50,-253.75,1,94.276,
01/01/2000,01:42:16.28,13.66,-75.03,-991.37,218.75,-656.25,-393.75,1,94.277,
01/01/2000,01:42:16.29,13.66,-75.03,-991.49,183.75,-656.25,-323.75,1,94.277,
01/01/2000,01:42:16.30,13.79,-75.15,-991.74,157.50,-708.75,-393.75,1,94.278,
01/01/2000,01:42:16.31,13.66,-75.40,-991.86,183.75,-673.75,-297.50,1,94.279,
01/01/2000,01:42:16.32,13.79,-75.40,-991.86,52.50,-752.50,-595.0,1,94.279,
01/01/2000,01:42:16.33,12.81,-75.64,-990.88,87.50,-1365.0,-12643.75,1,94.280,
01/01/2000,01:42:16.34,12.69,-76.37,-992.59,218.75,-2441.25,-39515.0,1,94.270,
01/01/2000,01:42:16.35,13.42,-76.49,-993.57,245.0,-3377.50,-59115.0,1,94.271,
01/01/2000,01:42:16.36,14.64,-76.74,-992.96,140.0,-4296.25,-76851.25,1,94.271,
01/01/2000,01:42:16.37,15.13,-76.98,-990.88,306.25,-5136.25,-88830.0,1,94.272,
01/01/2000,01:42:16.38,14.64,-78.20,-988.32,595.0,-4996.25,-88270.0,1,94.273,
01/01/2000,01:42:16.39,14.52,-78.81,-989.66,533.75,-4637.50,-81576.25,1,94.273,
01/01/2000,01:42:16.40,14.52,-78.57,-992.59,516.25,-4060.0,-69501.25,1,94.274,
01/01/2000,01:42:16.42,13.91,-76.01,-995.28,166.25,-2633.75,-43277.50,1,94.275,
01/01/2000,01:42:16.43,12.93,-73.93,-994.18,271.25,-1566.25,-21218.75,1,94.275,
01/01/2000,01:42:16.44,11.96,-71.98,-991.37,306.25,-1601.25,-17657.50,1,94.276,
01/01/2000,01:42:16.45,12.44,-72.22,-990.76,288.75,-1697.50,-20641.25,1,94.277,
01/01/2000,01:42:16.46,13.54,-73.20,-991.74,350.0,-1933.75,-26048.75,1,94.277,
01/01/2000,01:42:16.47,14.52,-74.91,-992.35,236.25,-2135.0,-32707.50,1,94.278,
01/01/2000,01:42:16.48,14.27,-76.86,-991.49,183.75,-2493.75,-38141.25,1,94.268,
01/01/2000,01:42:16.49,13.79,-76.86,-990.40,315.0,-2668.75,-42332.50,1,94.269,
01/01/2000,01:42:16.50,13.91,-76.01,-990.76,385.0,-2966.25,-47040.0,1,94.269,
01/01/2000,01:42:16.51,14.27,-75.03,-991.74,236.25,-3141.25,-50575.0,1,94.270,
01/01/2000,01:42:16.52,14.40,-74.66,-992.10,315.0,-3202.50,-51388.75,1,94.271,
01/01/2000,01:42:16.53,13.79,-74.66,-991.62,376.25,-2922.50,-49428.75,1,94.271,
01/01/2000,01:42:16.54,13.42,-75.64,-991.37,332.50,-3001.25,-48448.75,1,94.272,
01/01/2000,01:42:16.56,14.15,-75.40,-992.10,183.75,-3018.75,-51143.75,1,94.272,
01/01/2000,01:42:16.57,14.64,-74.91,-992.10,131.25,-3272.50,-53532.50,1,94.273,
01/01/2000,01:42:16.58,13.66,-75.03,-991.13,253.75,-3447.50,-56393.75,1,94.263,
01/01/2000,01:42:16.60,13.54,-75.52,-991.37,420.0,-3377.50,-54818.75,1,94.264,
01/01/2000,01:42:16.61,14.40,-76.01,-993.45,253.75,-3246.25,-55343.75,1,94.265,
01/01/2000,01:42:16.62,14.76,-76.25,-993.81,332.50,-3517.50,-59185.0,1,94.265,
01/01/2000,01:42:16.63,14.64,-76.49,-992.47,245.0,-4147.50,-73421.25,1,94.266,
01/01/2000,01:42:16.64,13.91,-75.52,-989.42,218.75,-4523.75,-80027.50,1,94.266,
01/01/2000,01:42:16.65,13.91,-74.54,-989.42,525.0,-4716.25,-81270.0,1,94.267,
01/01/2000,01:42:16.66,14.03,-74.30,-991.37,463.75,-4585.0,-77997.50,1,94.268,
01/01/2000,01:42:16.67,13.91,-74.79,-994.06,481.25,-3937.50,-63840.0,1,94.268,
01/01/2000,01:42:16.68,13.66,-75.88,-995.76,245.0,-3228.75,-55641.25,1,94.269,
01/01/2000,01:42:16.69,13.66,-77.23,-994.06,280.0,-3158.75,-54661.25,1,94.270,
01/01/2000,01:42:16.70,14.03,-76.37,-991.49,288.75,-3491.25,-57435.0,1,94.270,
01/01/2000,01:42:16.71,14.52,-74.91,-989.91,568.75,-3771.25,-61775.0,1,94.271,
01/01/2000,01:42:16.72,14.27,-72.96,-990.88,218.75,-3963.75,-63446.25,1,94.272,
01/01/2000,01:42:16.73,13.66,-72.96,-992.35,245.0,-3640.0,-61652.50,1,94.272,
01/01/2000,01:42:16.74,12.93,-73.57,-993.08,341.25,-3167.50,-54328.75,1,94.273,
01/01/2000,01:42:16.75,12.69,-74.18,-993.45,280.0,-2878.75,-47285.0,1,94.273,
01/01/2000,01:42:16.76,13.79,-74.66,-992.35,288.75,-2835.0,-47582.50,1,94.274,
01/01/2000,01:42:16.77,14.52,-74.05,-991.01,78.75,-3001.25,-48475.0,1,94.275,
01/01/2000,01:42:16.78,14.64,-73.69,-989.79,-131.25,-2598.75,-48133.75,1,94.275,
01/01/2000,01:42:16.79,14.15,-73.69,-990.64,-166.25,-2292.50,-40320.0,1,94.276,
01/01/2000,01:42:16.80,13.79,-74.05,-992.59,-105.0,-1820.0,-30948.75,1,94.266,
01/01/2000,01:42:16.81,13.91,-74.66,-994.06,227.50,-1286.25,-23117.50,1,94.267,
01/01/2000,01:42:16.83,13.91,-74.42,-993.08,997.50,-927.50,-12923.75,1,94.267,
01/01/2000,01:42:16.84,14.40,-74.18,-991.62,656.25,-1015.0,-9240.0,1,94.268,
01/01/2000,01:42:16.85,14.76,-74.30,-990.64,1146.25,-1216.25,-8942.50,1,94.269,
01/01/2000,01:42:16.86,14.52,-74.42,-990.64,918.75,-1190.0,-8443.75,1,94.269,
01/01/2000,01:42:16.87,14.40,-74.42,-990.88,997.50,-980.0,-6921.25,1,94.270,
01/01/2000,01:42:16.88,14.40,-73.93,-991.49,1102.50,-918.75,-4725.0,1,94.271,
01/01/2000,01:42:16.89,14.27,-73.69,-992.96,866.25,-726.25,-2021.25,1,94.271,
01/01/2000,01:42:16.90,14.64,-74.18,-993.20,420.0,-393.75,-1741.25,1,94.272,
01/01/2000,01:42:16.91,14.88,-75.40,-992.84,175.0,-472.50,-2301.25,1,94.272,
01/01/2000,01:42:16.92,15.37,-76.25,-991.86,542.50,-533.75,-4856.25,1,94.273,
01/01/2000,01:42:16.93,15.86,-76.74,-991.37,26.25,-498.75,-5626.25,1,94.274,
01/01/2000,01:42:16.94,15.98,-76.62,-990.88,236.25,-971.25,-4628.75,1,94.274,
01/01/2000,01:42:16.95,15.86,-75.88,-991.01,2362.50,-1163.75,-3150.0,1,94.275,
01/01/2000,01:42:16.96,14.52,-74.42,-991.98,-17.50,-630.0,883.75,1,94.265,
01/01/2000,01:42:16.97,13.54,-73.81,-992.35,-52.50,-437.50,-332.50,1,94.266,
01/01/2000,01:42:16.98,13.05,-73.20,-992.59,271.25,-595.0,-1610.0,1,94.267,
01/01/2000,01:42:17.00,12.81,-73.20,-992.71,140.0,-866.25,-4033.75,1,94.267,
01/01/2000,01:42:17.00,13.30,-73.81,-993.08,122.50,-883.75,-6737.50,1,94.268,
01/01/2000,01:42:17.02,14.52,-74.18,-993.08,612.50,-1032.50,-8758.75,1,94.268,
01/01/2000,01:42:17.03,15.13,-75.15,-991.98,3885.0,-1522.50,-7875.0,1,94.269,
01/01/2000,01:42:17.04,15.37,-75.88,-993.08,253.75,-586.25,-3281.25,1,94.270,
01/01/2000,01:42:17.05,15.37,-76.13,-993.45,743.75,-411.25,1225.0,1,94.270,
01/01/2000,01:42:17.06,15.25,-75.27,-992.47,1006.25,-227.50,5390.0,1,94.271,
01/01/2000,01:42:17.07,14.76,-74.05,-990.03,1426.25,-498.75,6090.0,1,94.272,
01/01/2000,01:42:17.08,14.64,-73.81,-989.05,5390.0,-866.25,7481.25,1,94.272,
01/01/2000,01:42:17.09,14.64,-74.54,-990.88,1023.75,-26.25,11672.50,1,94.262,
01/01/2000,01:42:17.11,14.88,-75.64,-992.47,1032.50,227.50,18698.75,1,94.263,
01/01/2000,01:42:17.12,15.01,-75.76,-992.47,1575.0,245.0,23677.50,1,94.264,
01/01/2000,01:42:17.13,14.88,-74.91,-992.59,-1767.50,-192.50,30773.75,1,94.264,
01/01/2000,01:42:17.14,14.76,-75.03,-992.47,1111.25,918.75,34020.0,1,94.265,
01/01/2000,01:42:17.15,14.15,-75.03,-992.23,1365.0,1006.25,37730.0,1,94.266,
01/01/2000,01:42:17.16,13.91,-74.30,-993.20,-848.75,1190.0,40250.0,1,94.266,
01/01/2000,01:42:17.17,13.91,-74.18,-991.86,1400.0,227.50,38710.0,1,94.267,
01/01/2000,01:42:17.18,14.40,-75.03,-991.13,1128.75,525.0,31885.0,1,94.268,
01/01/2000,01:42:17.19,14.40,-76.37,-991.25,1102.50,586.25,30038.75,1,94.268,
01/01/2000,01:42:17.20,14.64,-76.98,-992.71,612.50,638.75,30196.25,1,94.269,
01/01/2000,01:42:17.21,14.64,-78.08,-992.59,1251.25,288.75,32173.75,1,94.269,
01/01/2000,01:42:17.22,14.52,-77.84,-992.35,1155.0,332.50,32838.75,1,94.270,
01/01/2000,01:42:17.23,14.52,-77.10,-992.35,-2038.75,1601.25,33643.75,1,94.271,
01/01/2000,01:42:17.24,14.64,-76.74,-990.40,-1373.75,971.25,36120.0,1,94.261,
01/01/2000,01:42:17.25,14.64,-76.62,-990.76,-367.50,1391.25,38692.50,1,94.262,
01/01/2000,01:42:17.26,14.40,-76.62,-991.49,-306.25,1128.75,41370.0,1,94.262,
01/01/2000,01:42:17.27,13.91,-76.62,-992.71,490.0,1023.75,38088.75,1,94.263,
01/01/2000,01:42:17.28,13.54,-76.74,-992.10,428.75,857.50,31456.25,1,94.263,
01/01/2000,01:42:17.29,13.79,-77.10,-991.37,516.25,560.0,23091.25,1,94.264,
01/01/2000,01:42:17.30,14.52,-77.96,-991.01,463.75,35.0,16082.50,1,94.265,
01/01/2000,01:42:17.32,15.62,-79.79,-991.98,752.50,-87.50,13938.75,1,94.265,
01/01/2000,01:42:17.33,15.37,-80.03,-993.32,490.0,306.25,18847.50,1,94.266,
01/01/2000,01:42:17.34,14.64,-79.79,-994.18,516.25,367.50,21253.75,1,94.267,
01/01/2000,01:42:17.35,14.15,-79.30,-993.57,341.25,586.25,22006.25,1,94.267,
01/01/2000,01:42:17.36,14.03,-78.81,-991.98,245.0,542.50,22583.75,1,94.268,
01/01/2000,01:42:17.37,14.52,-77.59,-990.52,-8.75,498.75,20186.25,1,94.268,
01/01/2000,01:42:17.38,14.88,-75.88,-990.27,192.50,70.0,11882.50,1,94.269,
01/01/2000,01:42:17.39,14.15,-75.52,-991.25,-87.50,-376.25,6396.25,1,94.270,
01/01/2000,01:42:17.40,12.81,-76.49,-991.86,87.50,-350.0,3298.75,1,94.270,
01/01/2000,01:42:17.41,12.69,-77.23,-992.59,78.75,-455.0,1006.25,1,94.271,
01/01/2000,01:42:17.42,13.54,-78.08,-993.32,192.50,-402.50,-822.50,1,94.272,
01/01/2000,01:42:17.43,14.76,-79.06,-993.32,236.25,-288.75,3465.0,1,94.272,
01/01/2000,01:42:17.44,15.62,-80.28,-992.35,148.75,-175.0,9931.25,1,94.273,
01/01/2000,01:42:17.45,15.25,-79.91,-991.49,280.0,393.75,17815.0,1,94.263,
01/01/2000,01:42:17.46,14.27,-78.08,-991.25,61.25,385.0,20326.25,1,94.264,
01/01/2000,01:42:17.47,13.30,-76.01,-991.01,-61.25,358.75,19670.0,1,94.264,
01/01/2000,01:42:17.48,12.93,-74.18,-990.88,-166.25,166.25,14210.0,1,94.265,
01/01/2000,01:42:17.49,13.05,-74.05,-991.49,70.0,-43.75,11068.75,1,94.266,
01/01/2000,01:42:17.50,13.66,-76.25,-992.10,-43.75,-87.50,10657.50,1,94.266,
01/01/2000,01:42:17.51,14.40,-78.81,-992.47,166.25,78.75,11200.0,1,94.267,
01/01/2000,01:42:17.53,15.37,-81.13,-992.23,218.75,-43.75,12827.50,1,94.268,
01/01/2000,01:42:17.54,15.74,-81.25,-991.74,315.0,113.75,15260.0,1,94.268,
01/01/2000,01:42:17.55,15.62,-80.03,-991.49,288.75,306.25,17316.25,1,94.269,
01/01/2000,01:42:17.56,14.03,-76.86,-991.01,201.25,26.25,15391.25,1,94.269,
01/01/2000,01:42:17.57,13.42,-75.03,-990.52,140.0,17.50,12486.25,1,94.270,
01/01/2000,01:42:17.58,13.42,-74.66,-990.88,332.50,0.0,10071.25,1,94.271,
01/01/2000,01:42:17.59,13.54,-75.88,-992.10,131.25,-385.0,7770.0,1,94.261,
